{"potts/n_edges": 237, "potts/edge_density": 0.3983193277310924, "potts/J_mean_abs": 5.769794940948486, "potts/J_std": 12.300640106201172, "_timestamp": 1773461786.1421041, "_runtime": 498.2477822303772, "_step": 21, "gt_scores/additive/std": 0.7269377254557157, "gt_scores/additive/min": -4.199977874755859, "gt_scores/additive/pct5": -2.4397993326187133, "gt_scores/additive_pairwise/std": 26.15534938870733, "gt_scores/additive_pairwise/min": -415.690673828125, "gt_scores/additive_pairwise/pct5": -58.43454551696777, "gt_scores/nonlin_additive/std": 0.18264785264021724, "gt_scores/nonlin_additive/min": -0.6738283375162321, "gt_scores/nonlin_additive/pct5": -0.6112868549059727, "gt_scores/nonlin_additive_pairwise/std": 0.22808486568903089, "gt_scores/nonlin_additive_pairwise/min": -0.6803756476356105, "gt_scores/nonlin_additive_pairwise/pct5": -0.6803756476356105, "rho_curated/additive/additive": 0.9999967275989131, "rho_random/additive/additive": 0.9999898289495376, "rho_curated/pairwise/additive": 0.9988304331370295, "rho_random/pairwise/additive": 0.9990331990048391, "rho_curated/additive_GE/additive": 0.9999732189668926, "rho_random/additive_GE/additive": 0.9999380553320744, "rho_curated/pairwise_GE/additive": 0.9887061949471251, "rho_random/pairwise_GE/additive": 0.9864053262997733, "rho_curated/additive/additive_pairwise": 0.5568378327392792, "rho_random/additive/additive_pairwise": 0.7197185619242923, "rho_curated/pairwise/additive_pairwise": 0.6356075406245867, "rho_random/pairwise/additive_pairwise": 0.7486671545667434, "rho_curated/additive_GE/additive_pairwise": 0.5750106046580005, "rho_random/additive_GE/additive_pairwise": 0.7822402488535077, "rho_curated/pairwise_GE/additive_pairwise": 0.668801662672118, "rho_random/pairwise_GE/additive_pairwise": 0.789183717960242, "rho_curated/additive/nonlin_additive": 0.9978177097482769, "rho_random/additive/nonlin_additive": 0.9968570397293645, "rho_curated/pairwise/nonlin_additive": 0.9946931486715589, "rho_random/pairwise/nonlin_additive": 0.992176488417931, "rho_curated/additive_GE/nonlin_additive": 0.9999869871680067, "rho_random/additive_GE/nonlin_additive": 0.9999746171818913, "rho_curated/pairwise_GE/nonlin_additive": 0.9952638976339853, "rho_random/pairwise_GE/nonlin_additive": 0.9932847806439046, "rho_curated/additive/nonlin_additive_pairwise": 0.6223675032181012, "rho_random/additive/nonlin_additive_pairwise": 0.7453218678236635, "rho_curated/pairwise/nonlin_additive_pairwise": 0.6584836744490745, "rho_random/pairwise/nonlin_additive_pairwise": 0.7780831865457998, "rho_curated/additive_GE/nonlin_additive_pairwise": 0.2506807385903418, "rho_random/additive_GE/nonlin_additive_pairwise": 0.36273520478446686, "rho_curated/pairwise_GE/nonlin_additive_pairwise": 0.6777279773590952, "rho_random/pairwise_GE/nonlin_additive_pairwise": 0.757769211164843, "rho_curated_mean": 0.788799115761399, "rho_random_mean": 0.8532111555739297, "_wandb": {"runtime": 497}}