{"potts/n_edges": 90, "potts/edge_density": 0.8571428571428571, "potts/J_mean_abs": 4.242310523986816, "potts/J_std": 3.815882921218872, "_timestamp": 1773687757.8724756, "_runtime": 538.1909935474396, "_step": 21, "gt_scores/additive/std": 0.9557475539592777, "gt_scores/additive/min": -7.033940315246582, "gt_scores/additive/pct5": -5.159853672981262, "gt_scores/additive_pairwise/std": 52.80507803276965, "gt_scores/additive_pairwise/min": -469.0191650390625, "gt_scores/additive_pairwise/pct5": -366.33800354003904, "gt_scores/nonlin_additive/std": 0.1307311439252841, "gt_scores/nonlin_additive/min": -0.8613129322410867, "gt_scores/nonlin_additive/pct5": -0.8371371284084792, "gt_scores/nonlin_additive_pairwise/std": 1.1102230246251565e-16, "gt_scores/nonlin_additive_pairwise/min": -0.8653877661321029, "gt_scores/nonlin_additive_pairwise/pct5": -0.8653877661321029, "rho_curated/additive/additive": 0.9999976617279064, "rho_random/additive/additive": 0.999992732142243, "rho_curated/pairwise/additive": 0.999973257590927, "rho_random/pairwise/additive": 0.9999430472553081, "rho_curated/additive_GE/additive": NaN, "rho_random/additive_GE/additive": NaN, "rho_curated/pairwise_GE/additive": 0.9997472067418641, "rho_random/pairwise_GE/additive": 0.9995687639823333, "rho_curated/additive/additive_pairwise": 0.9371665221016129, "rho_random/additive/additive_pairwise": 0.8920601991247751, "rho_curated/pairwise/additive_pairwise": 0.9999641728945654, "rho_random/pairwise/additive_pairwise": 0.9999361386535991, "rho_curated/additive_GE/additive_pairwise": 0.9381014607210875, "rho_random/additive_GE/additive_pairwise": 0.8974245207156781, "rho_curated/pairwise_GE/additive_pairwise": 0.9996452253858006, "rho_random/pairwise_GE/additive_pairwise": 0.9994166611945021, "rho_curated/additive/nonlin_additive": 0.9966973395874973, "rho_random/additive/nonlin_additive": 0.9969112415781964, "rho_curated/pairwise/nonlin_additive": 0.9992462423137591, "rho_random/pairwise/nonlin_additive": 0.9965563223504244, "rho_curated/additive_GE/nonlin_additive": 0.9999865999354622, "rho_random/additive_GE/nonlin_additive": 0.9999860920355831, "rho_curated/pairwise_GE/nonlin_additive": 0.9996145999685287, "rho_random/pairwise_GE/nonlin_additive": 0.9995907653132798, "rho_curated/additive/nonlin_additive_pairwise": NaN, "rho_random/additive/nonlin_additive_pairwise": NaN, "rho_curated/pairwise/nonlin_additive_pairwise": NaN, "rho_random/pairwise/nonlin_additive_pairwise": NaN, "rho_curated/additive_GE/nonlin_additive_pairwise": NaN, "rho_random/additive_GE/nonlin_additive_pairwise": NaN, "rho_curated/pairwise_GE/nonlin_additive_pairwise": NaN, "rho_random/pairwise_GE/nonlin_additive_pairwise": NaN, "rho_curated_mean": 0.9881945717244558, "rho_random_mean": 0.9801260440314475, "_wandb": {"runtime": 537}}