{"potts/n_edges": 751, "potts/edge_density": 0.4242937853107345, "potts/J_mean_abs": 4.054646968841553, "potts/J_std": 3.3260984420776367, "_timestamp": 1773429118.8802156, "_runtime": 519.5699586868286, "_step": 21, "gt_scores/additive/std": 1.291376038088227, "gt_scores/additive/min": -8.626249313354492, "gt_scores/additive/pct5": -5.459906196594238, "gt_scores/additive_pairwise/std": 44.09411793543385, "gt_scores/additive_pairwise/min": -354.4416198730469, "gt_scores/additive_pairwise/pct5": -153.72272109985352, "gt_scores/nonlin_additive/std": 0.16140727750638562, "gt_scores/nonlin_additive/min": -0.7685429378776033, "gt_scores/nonlin_additive/pct5": -0.7255423153378536, "gt_scores/nonlin_additive_pairwise/std": 0.04634015793886881, "gt_scores/nonlin_additive_pairwise/min": -0.7727965687908109, "gt_scores/nonlin_additive_pairwise/pct5": -0.7727965687908109, "rho_curated/additive/additive": 0.9999962570798502, "rho_random/additive/additive": 0.9999896384268083, "rho_curated/pairwise/additive": 0.999033356329288, "rho_random/pairwise/additive": 0.9989716465787396, "rho_curated/additive_GE/additive": 0.9999823425512933, "rho_random/additive_GE/additive": 0.9999592474488413, "rho_curated/pairwise_GE/additive": 0.9889392493010393, "rho_random/pairwise_GE/additive": 0.9843010528819541, "rho_curated/additive/additive_pairwise": 0.934428590381996, "rho_random/additive/additive_pairwise": 0.9124402982753308, "rho_curated/pairwise/additive_pairwise": 0.9356796594560988, "rho_random/pairwise/additive_pairwise": 0.907748980807719, "rho_curated/additive_GE/additive_pairwise": 0.934611977531771, "rho_random/additive_GE/additive_pairwise": 0.9132437427578717, "rho_curated/pairwise_GE/additive_pairwise": 0.9218390786900595, "rho_random/pairwise_GE/additive_pairwise": 0.9066565570153945, "rho_curated/additive/nonlin_additive": 0.9965725124387362, "rho_random/additive/nonlin_additive": 0.9965243942035714, "rho_curated/pairwise/nonlin_additive": 0.9937306219970744, "rho_random/pairwise/nonlin_additive": 0.9920715163321436, "rho_curated/additive_GE/nonlin_additive": 0.9999690797187625, "rho_random/additive_GE/nonlin_additive": 0.9999565296125373, "rho_curated/pairwise_GE/nonlin_additive": 0.9943002857798746, "rho_random/pairwise_GE/nonlin_additive": 0.9936188603597311, "rho_curated/additive/nonlin_additive_pairwise": 0.12147021984774296, "rho_random/additive/nonlin_additive_pairwise": 0.4002067022535035, "rho_curated/pairwise/nonlin_additive_pairwise": 0.09655287150868581, "rho_random/pairwise/nonlin_additive_pairwise": 0.46016853799247537, "rho_curated/additive_GE/nonlin_additive_pairwise": 0.12409410981117806, "rho_random/additive_GE/nonlin_additive_pairwise": 0.453317848411778, "rho_curated/pairwise_GE/nonlin_additive_pairwise": 0.13695471656553682, "rho_random/pairwise_GE/nonlin_additive_pairwise": 0.44353363465670786, "rho_curated_mean": 0.7611346830618118, "rho_random_mean": 0.8351693242509443, "_wandb": {"runtime": 519}}