{"potts/n_edges": 164, "potts/edge_density": 0.8631578947368421, "potts/J_mean_abs": 3.8614513874053955, "potts/J_std": 3.184100389480591, "_timestamp": 1773628151.4271266, "_runtime": 599.7598407268524, "_step": 21, "gt_scores/additive/std": 1.3328169946638528, "gt_scores/additive/min": -8.54687213897705, "gt_scores/additive/pct5": -5.66396427154541, "gt_scores/additive_pairwise/std": 71.9283648882266, "gt_scores/additive_pairwise/min": -487.6650390625, "gt_scores/additive_pairwise/pct5": -283.27782287597654, "gt_scores/nonlin_additive/std": 0.16085671890946024, "gt_scores/nonlin_additive/min": -0.7713287382205405, "gt_scores/nonlin_additive/pct5": -0.7296449659409056, "gt_scores/nonlin_additive_pairwise/std": 0.008695831629191995, "gt_scores/nonlin_additive_pairwise/min": -0.7770133472475471, "gt_scores/nonlin_additive_pairwise/pct5": -0.7770133472475471, "rho_curated/additive/additive": 0.9999978413439133, "rho_random/additive/additive": 0.9999938827732695, "rho_curated/pairwise/additive": 0.9999327822133033, "rho_random/pairwise/additive": 0.9998739409478848, "rho_curated/additive_GE/additive": 0.999986929839476, "rho_random/additive_GE/additive": 0.999967507454289, "rho_curated/pairwise_GE/additive": 0.9924962725709506, "rho_random/pairwise_GE/additive": 0.9894169849863945, "rho_curated/additive/additive_pairwise": 0.9792971361628918, "rho_random/additive/additive_pairwise": 0.96442125697375, "rho_curated/pairwise/additive_pairwise": 0.9999317508372684, "rho_random/pairwise/additive_pairwise": 0.9998645621599906, "rho_curated/additive_GE/additive_pairwise": 0.9795797667747006, "rho_random/additive_GE/additive_pairwise": 0.9662076062076064, "rho_curated/pairwise_GE/additive_pairwise": 0.9978091713362618, "rho_random/pairwise_GE/additive_pairwise": 0.9973476693221159, "rho_curated/additive/nonlin_additive": 0.9975754281266679, "rho_random/additive/nonlin_additive": 0.9969177908116639, "rho_curated/pairwise/nonlin_additive": 0.9989439895896075, "rho_random/pairwise/nonlin_additive": 0.9981553276544478, "rho_curated/additive_GE/nonlin_additive": NaN, "rho_random/additive_GE/nonlin_additive": NaN, "rho_curated/pairwise_GE/nonlin_additive": 0.9992473568978221, "rho_random/pairwise_GE/nonlin_additive": 0.9991355032430894, "rho_curated/additive/nonlin_additive_pairwise": NaN, "rho_random/additive/nonlin_additive_pairwise": 0.14793657992803544, "rho_curated/pairwise/nonlin_additive_pairwise": NaN, "rho_random/pairwise/nonlin_additive_pairwise": 0.14136832735855165, "rho_curated/additive_GE/nonlin_additive_pairwise": NaN, "rho_random/additive_GE/nonlin_additive_pairwise": NaN, "rho_curated/pairwise_GE/nonlin_additive_pairwise": NaN, "rho_random/pairwise_GE/nonlin_additive_pairwise": 0.156993844714987, "rho_curated_mean": 0.9949816750629875, "rho_random_mean": 0.8112571988954339, "_wandb": {"runtime": 599}}