{"potts/n_edges": 464, "potts/edge_density": 0.7798319327731092, "potts/J_mean_abs": 4.011331558227539, "potts/J_std": 3.2342610359191895, "_timestamp": 1773627534.9785466, "_runtime": 517.8336365222931, "_step": 21, "gt_scores/additive/std": 1.2980668102345851, "gt_scores/additive/min": -10.26136302947998, "gt_scores/additive/pct5": -6.319049310684204, "gt_scores/additive_pairwise/std": 126.24007458205152, "gt_scores/additive_pairwise/min": -952.78369140625, "gt_scores/additive_pairwise/pct5": -526.0729827880859, "gt_scores/nonlin_additive/std": 0.14330294331091115, "gt_scores/nonlin_additive/min": -0.8247283449624246, "gt_scores/nonlin_additive/pct5": -0.7911553785664509, "gt_scores/nonlin_additive_pairwise/std": 0.0014636687746826986, "gt_scores/nonlin_additive_pairwise/min": -0.8264821477501916, "gt_scores/nonlin_additive_pairwise/pct5": -0.8264821477501916, "rho_curated/additive/additive": 0.9999976693839066, "rho_random/additive/additive": 0.9999937137864671, "rho_curated/pairwise/additive": 0.9989656131825998, "rho_random/pairwise/additive": 0.9986620454866089, "rho_curated/additive_GE/additive": 0.9999625612945006, "rho_random/additive_GE/additive": 0.9999072457783534, "rho_curated/pairwise_GE/additive": 0.9681857480306665, "rho_random/pairwise_GE/additive": 0.9480638463417225, "rho_curated/additive/additive_pairwise": 0.9846400698496026, "rho_random/additive/additive_pairwise": 0.975505469495383, "rho_curated/pairwise/additive_pairwise": 0.9862152067126081, "rho_random/pairwise/additive_pairwise": 0.978255526410507, "rho_curated/additive_GE/additive_pairwise": 0.9849263520843304, "rho_random/additive_GE/additive_pairwise": 0.9728410496466642, "rho_curated/pairwise_GE/additive_pairwise": 0.9456484756566346, "rho_random/pairwise_GE/additive_pairwise": 0.9285463074063345, "rho_curated/additive/nonlin_additive": 0.997219411536376, "rho_random/additive/nonlin_additive": 0.9972881732363694, "rho_curated/pairwise/nonlin_additive": 0.9871875259271935, "rho_random/pairwise/nonlin_additive": 0.9787868295180826, "rho_curated/additive_GE/nonlin_additive": 0.9999846071433839, "rho_random/additive_GE/nonlin_additive": 0.999982544401706, "rho_curated/pairwise_GE/nonlin_additive": 0.9788032118476196, "rho_random/pairwise_GE/nonlin_additive": 0.980313336794855, "rho_curated/additive/nonlin_additive_pairwise": NaN, "rho_random/additive/nonlin_additive_pairwise": NaN, "rho_curated/pairwise/nonlin_additive_pairwise": NaN, "rho_random/pairwise/nonlin_additive_pairwise": 0.053528932340383716, "rho_curated/additive_GE/nonlin_additive_pairwise": NaN, "rho_random/additive_GE/nonlin_additive_pairwise": NaN, "rho_curated/pairwise_GE/nonlin_additive_pairwise": NaN, "rho_random/pairwise_GE/nonlin_additive_pairwise": NaN, "rho_curated_mean": 0.9859780377207853, "rho_random_mean": 0.9085903862033414, "_wandb": {"runtime": 517}}