{"potts/n_edges": 265, "potts/edge_density": 0.6091954022988506, "potts/J_mean_abs": 1.7979329824447632, "potts/J_std": 1.4436696767807007, "_timestamp": 1773578193.8497324, "_runtime": 496.54032945632935, "_step": 21, "gt_scores/additive/std": 1.3026329914510024, "gt_scores/additive/min": -9.520788192749023, "gt_scores/additive/pct5": -6.589263129234314, "gt_scores/additive_pairwise/std": 35.823228638387846, "gt_scores/additive_pairwise/min": -244.01434326171875, "gt_scores/additive_pairwise/pct5": -153.3627799987793, "gt_scores/nonlin_additive/std": 0.13748413835948767, "gt_scores/nonlin_additive/min": -0.8383537187280119, "gt_scores/nonlin_additive/pct5": -0.8091688078450335, "gt_scores/nonlin_additive_pairwise/std": 0.0001902022579775757, "gt_scores/nonlin_additive_pairwise/min": -0.8419067452138076, "gt_scores/nonlin_additive_pairwise/pct5": -0.8419067452138076, "rho_curated/additive/additive": 0.9999972359918894, "rho_random/additive/additive": 0.9999913021878888, "rho_curated/pairwise/additive": 0.9992274178890965, "rho_random/pairwise/additive": 0.9986773853293571, "rho_curated/additive_GE/additive": NaN, "rho_random/additive_GE/additive": NaN, "rho_curated/pairwise_GE/additive": 0.9640126213107773, "rho_random/pairwise_GE/additive": 0.9443278027534663, "rho_curated/additive/additive_pairwise": 0.9739932331972327, "rho_random/additive/additive_pairwise": 0.9500684578338979, "rho_curated/pairwise/additive_pairwise": 0.9895896453905865, "rho_random/pairwise/additive_pairwise": 0.981423724271522, "rho_curated/additive_GE/additive_pairwise": 0.9743755500445621, "rho_random/additive_GE/additive_pairwise": 0.9597949761375411, "rho_curated/pairwise_GE/additive_pairwise": 0.9537063511038099, "rho_random/pairwise_GE/additive_pairwise": 0.9286790306530105, "rho_curated/additive/nonlin_additive": 0.9961574978939309, "rho_random/additive/nonlin_additive": 0.9953037721063015, "rho_curated/pairwise/nonlin_additive": 0.9889393414605117, "rho_random/pairwise/nonlin_additive": 0.9806900791421661, "rho_curated/additive_GE/nonlin_additive": 0.999959447606375, "rho_random/additive_GE/nonlin_additive": 0.9999554471802297, "rho_curated/pairwise_GE/nonlin_additive": 0.9801676205657528, "rho_random/pairwise_GE/nonlin_additive": 0.9752800374435412, "rho_curated/additive/nonlin_additive_pairwise": NaN, "rho_random/additive/nonlin_additive_pairwise": 0.16789308409599984, "rho_curated/pairwise/nonlin_additive_pairwise": NaN, "rho_random/pairwise/nonlin_additive_pairwise": 0.22764646183170195, "rho_curated/additive_GE/nonlin_additive_pairwise": NaN, "rho_random/additive_GE/nonlin_additive_pairwise": NaN, "rho_curated/pairwise_GE/nonlin_additive_pairwise": NaN, "rho_random/pairwise_GE/nonlin_additive_pairwise": 0.16013931736104986, "rho_curated_mean": 0.9836478147685933, "rho_random_mean": 0.8049907770234055, "_wandb": {"runtime": 496}}