{"potts/n_edges": 69, "potts/edge_density": 0.6571428571428571, "potts/J_mean_abs": 2.846283197402954, "potts/J_std": 2.418999433517456, "_timestamp": 1773436690.4445271, "_runtime": 553.9466922283173, "_step": 21, "gt_scores/additive/std": 0.9354941049529601, "gt_scores/additive/min": -6.730696678161621, "gt_scores/additive/pct5": -5.088986277580261, "gt_scores/additive_pairwise/std": 26.577583231263674, "gt_scores/additive_pairwise/min": -225.16294860839844, "gt_scores/additive_pairwise/pct5": -191.11300735473634, "gt_scores/nonlin_additive/std": 0.12695859792178035, "gt_scores/nonlin_additive/min": -0.8594803927815321, "gt_scores/nonlin_additive/pct5": -0.8373509757801759, "gt_scores/nonlin_additive_pairwise/std": 1.1102230246251565e-16, "gt_scores/nonlin_additive_pairwise/min": -0.8642349522941661, "gt_scores/nonlin_additive_pairwise/pct5": -0.8642349522941661, "rho_curated/additive/additive": 0.9999981484479253, "rho_random/additive/additive": 0.9999944228797082, "rho_curated/pairwise/additive": 0.9999761444790366, "rho_random/pairwise/additive": 0.9999494690973489, "rho_curated/additive_GE/additive": 0.9999669680546655, "rho_random/additive_GE/additive": 0.9999319390222912, "rho_curated/pairwise_GE/additive": 0.9997022808999627, "rho_random/pairwise_GE/additive": 0.9994663144647135, "rho_curated/additive/additive_pairwise": 0.9182687848970975, "rho_random/additive/additive_pairwise": 0.8496371434051162, "rho_curated/pairwise/additive_pairwise": 0.9999664007906504, "rho_random/pairwise/additive_pairwise": 0.9999356355979198, "rho_curated/additive_GE/additive_pairwise": 0.9185491469083724, "rho_random/additive_GE/additive_pairwise": 0.8464377996680417, "rho_curated/pairwise_GE/additive_pairwise": 0.9994065251921328, "rho_random/pairwise_GE/additive_pairwise": 0.9993697729095646, "rho_curated/additive/nonlin_additive": 0.9963235174671757, "rho_random/additive/nonlin_additive": 0.9957514792983456, "rho_curated/pairwise/nonlin_additive": 0.9991548560937884, "rho_random/pairwise/nonlin_additive": 0.9972022029192695, "rho_curated/additive_GE/nonlin_additive": 0.9999906075996201, "rho_random/additive_GE/nonlin_additive": 0.99998953821848, "rho_curated/pairwise_GE/nonlin_additive": 0.9994963198516109, "rho_random/pairwise_GE/nonlin_additive": 0.9996542734159676, "rho_curated/additive/nonlin_additive_pairwise": NaN, "rho_random/additive/nonlin_additive_pairwise": NaN, "rho_curated/pairwise/nonlin_additive_pairwise": NaN, "rho_random/pairwise/nonlin_additive_pairwise": NaN, "rho_curated/additive_GE/nonlin_additive_pairwise": NaN, "rho_random/additive_GE/nonlin_additive_pairwise": NaN, "rho_curated/pairwise_GE/nonlin_additive_pairwise": NaN, "rho_random/pairwise_GE/nonlin_additive_pairwise": NaN, "rho_curated_mean": 0.9858999750568366, "rho_random_mean": 0.9739433325747305, "_wandb": {"runtime": 553}}