{"potts/n_edges": 87, "potts/edge_density": 0.8285714285714286, "potts/J_mean_abs": 2.282938003540039, "potts/J_std": 1.7813105583190918, "_timestamp": 1773371979.291981, "_runtime": 520.337709903717, "_step": 21, "gt_scores/additive/std": 0.9557475539592777, "gt_scores/additive/min": -7.033940315246582, "gt_scores/additive/pct5": -5.159853672981262, "gt_scores/additive_pairwise/std": 23.919441328750626, "gt_scores/additive_pairwise/min": -209.9058837890625, "gt_scores/additive_pairwise/pct5": -163.57211608886718, "gt_scores/nonlin_additive/std": 0.1307311439252841, "gt_scores/nonlin_additive/min": -0.8613129322410867, "gt_scores/nonlin_additive/pct5": -0.8371371284084792, "gt_scores/nonlin_additive_pairwise/std": 3.228554516704227e-16, "gt_scores/nonlin_additive_pairwise/min": -0.8653877661321029, "gt_scores/nonlin_additive_pairwise/pct5": -0.8653877661321029, "rho_curated/additive/additive": 0.9999979948239195, "rho_random/additive/additive": 0.9999943059867661, "rho_curated/pairwise/additive": 0.999975156111005, "rho_random/pairwise/additive": 0.9999469703747753, "rho_curated/additive_GE/additive": 0.9999611169264426, "rho_random/additive_GE/additive": 0.9999052887370171, "rho_curated/pairwise_GE/additive": 0.9997399536055731, "rho_random/pairwise_GE/additive": 0.9995712002683422, "rho_curated/additive/additive_pairwise": 0.9244751983870079, "rho_random/additive/additive_pairwise": 0.879140742463324, "rho_curated/pairwise/additive_pairwise": 0.9999704940868192, "rho_random/pairwise/additive_pairwise": 0.9999433257413729, "rho_curated/additive_GE/additive_pairwise": 0.9246165809490446, "rho_random/additive_GE/additive_pairwise": 0.8723453606372373, "rho_curated/pairwise_GE/additive_pairwise": 0.9996814156592336, "rho_random/pairwise_GE/additive_pairwise": 0.9995471830295454, "rho_curated/additive/nonlin_additive": 0.9955237879241997, "rho_random/additive/nonlin_additive": 0.9966761673941811, "rho_curated/pairwise/nonlin_additive": 0.999256029826134, "rho_random/pairwise/nonlin_additive": 0.9947848787848789, "rho_curated/additive_GE/nonlin_additive": 0.99999052602362, "rho_random/additive_GE/nonlin_additive": 0.9999887049899998, "rho_curated/pairwise_GE/nonlin_additive": 0.9994885180994549, "rho_random/pairwise_GE/nonlin_additive": 0.9996055981377763, "rho_curated/additive/nonlin_additive_pairwise": NaN, "rho_random/additive/nonlin_additive_pairwise": NaN, "rho_curated/pairwise/nonlin_additive_pairwise": NaN, "rho_random/pairwise/nonlin_additive_pairwise": NaN, "rho_curated/additive_GE/nonlin_additive_pairwise": NaN, "rho_random/additive_GE/nonlin_additive_pairwise": NaN, "rho_curated/pairwise_GE/nonlin_additive_pairwise": NaN, "rho_random/pairwise_GE/nonlin_additive_pairwise": NaN, "rho_curated_mean": 0.9868897310352044, "rho_random_mean": 0.9784541438787681, "_wandb": {"runtime": 519}}