{"potts/n_edges": 251, "potts/edge_density": 0.8366666666666667, "potts/J_mean_abs": 3.3844006061553955, "potts/J_std": 3.169928550720215, "_timestamp": 1773417016.6778579, "_runtime": 401.01365089416504, "_step": 21, "gt_scores/additive/std": 1.1692382790629163, "gt_scores/additive/min": -8.865388870239258, "gt_scores/additive/pct5": -6.260699653625488, "gt_scores/additive_pairwise/std": 97.13911921234707, "gt_scores/additive_pairwise/min": -683.26611328125, "gt_scores/additive_pairwise/pct5": -432.2918228149414, "gt_scores/nonlin_additive/std": 0.1299774051589443, "gt_scores/nonlin_additive/min": -0.8570875160669313, "gt_scores/nonlin_additive/pct5": -0.8319475404672109, "gt_scores/nonlin_additive_pairwise/std": 3.5879933625812146e-12, "gt_scores/nonlin_additive_pairwise/min": -0.8602126915025169, "gt_scores/nonlin_additive_pairwise/pct5": -0.8602126915025169, "rho_curated/additive/additive": 0.9999976795839068, "rho_random/additive/additive": 0.9999928856099795, "rho_curated/pairwise/additive": 0.9997409848856267, "rho_random/pairwise/additive": 0.9995140650641461, "rho_curated/additive_GE/additive": 0.9999587574383502, "rho_random/additive_GE/additive": 0.9998951414895215, "rho_curated/pairwise_GE/additive": 0.9833758908230356, "rho_random/pairwise_GE/additive": 0.9726708990313956, "rho_curated/additive/additive_pairwise": 0.9808305458083019, "rho_random/additive/additive_pairwise": 0.9609526776886971, "rho_curated/pairwise/additive_pairwise": 0.999302631156072, "rho_random/pairwise/additive_pairwise": 0.9987034250540826, "rho_curated/additive_GE/additive_pairwise": 0.9809965223749488, "rho_random/additive_GE/additive_pairwise": 0.9688657139638237, "rho_curated/pairwise_GE/additive_pairwise": 0.9767048872739593, "rho_random/pairwise_GE/additive_pairwise": 0.9650065860571325, "rho_curated/additive/nonlin_additive": 0.9951946952554419, "rho_random/additive/nonlin_additive": 0.99481169761584, "rho_curated/pairwise/nonlin_additive": 0.994105933819813, "rho_random/pairwise/nonlin_additive": 0.9867610444700932, "rho_curated/additive_GE/nonlin_additive": 0.9999866523274646, "rho_random/additive_GE/nonlin_additive": 0.9999806642121828, "rho_curated/pairwise_GE/nonlin_additive": 0.9897479578934263, "rho_random/pairwise_GE/nonlin_additive": 0.9873487482018213, "rho_curated/additive/nonlin_additive_pairwise": NaN, "rho_random/additive/nonlin_additive_pairwise": NaN, "rho_curated/pairwise/nonlin_additive_pairwise": NaN, "rho_random/pairwise/nonlin_additive_pairwise": NaN, "rho_curated/additive_GE/nonlin_additive_pairwise": NaN, "rho_random/additive_GE/nonlin_additive_pairwise": NaN, "rho_curated/pairwise_GE/nonlin_additive_pairwise": NaN, "rho_random/pairwise_GE/nonlin_additive_pairwise": NaN, "rho_curated_mean": 0.991661928220029, "rho_random_mean": 0.9862086290382263, "_wandb": {"runtime": 400}}