{"potts/n_edges": 291, "potts/edge_density": 0.6689655172413793, "potts/J_mean_abs": 2.9546120166778564, "potts/J_std": 2.322489023208618, "_timestamp": 1773633681.1692674, "_runtime": 537.8742344379425, "_step": 21, "gt_scores/additive/std": 1.3145519307288893, "gt_scores/additive/min": -9.543702125549316, "gt_scores/additive/pct5": -6.543755149841308, "gt_scores/additive_pairwise/std": 70.18525282847553, "gt_scores/additive_pairwise/min": -500.9791564941406, "gt_scores/additive_pairwise/pct5": -301.27850341796875, "gt_scores/nonlin_additive/std": 0.1415948963973883, "gt_scores/nonlin_additive/min": -0.8305795334928087, "gt_scores/nonlin_additive/pct5": -0.8006284573354645, "gt_scores/nonlin_additive_pairwise/std": 5.883859574397431e-07, "gt_scores/nonlin_additive_pairwise/min": -0.8341020215334246, "gt_scores/nonlin_additive_pairwise/pct5": -0.8341020215334246, "rho_curated/additive/additive": 0.9999967071758682, "rho_random/additive/additive": 0.9999902716826807, "rho_curated/pairwise/additive": 0.9992419087296581, "rho_random/pairwise/additive": 0.9987665855697891, "rho_curated/additive_GE/additive": NaN, "rho_random/additive_GE/additive": NaN, "rho_curated/pairwise_GE/additive": 0.9670823996577158, "rho_random/pairwise_GE/additive": 0.9509199386453882, "rho_curated/additive/additive_pairwise": 0.9789748575269942, "rho_random/additive/additive_pairwise": 0.9656611874641822, "rho_curated/pairwise/additive_pairwise": 0.9911866322874652, "rho_random/pairwise/additive_pairwise": 0.9845464917364708, "rho_curated/additive_GE/additive_pairwise": 0.9790514992495571, "rho_random/additive_GE/additive_pairwise": 0.9692917824307901, "rho_curated/pairwise_GE/additive_pairwise": 0.9580806770112269, "rho_random/pairwise_GE/additive_pairwise": 0.9390045633405366, "rho_curated/additive/nonlin_additive": 0.9967383887813788, "rho_random/additive/nonlin_additive": 0.9960887479849271, "rho_curated/pairwise/nonlin_additive": 0.9885912121831006, "rho_random/pairwise/nonlin_additive": 0.9821990338991207, "rho_curated/additive_GE/nonlin_additive": 0.9999850541914013, "rho_random/additive_GE/nonlin_additive": 0.9999817040328325, "rho_curated/pairwise_GE/nonlin_additive": 0.9806130731586618, "rho_random/pairwise_GE/nonlin_additive": 0.9787050047248158, "rho_curated/additive/nonlin_additive_pairwise": NaN, "rho_random/additive/nonlin_additive_pairwise": NaN, "rho_curated/pairwise/nonlin_additive_pairwise": NaN, "rho_random/pairwise/nonlin_additive_pairwise": NaN, "rho_curated/additive_GE/nonlin_additive_pairwise": NaN, "rho_random/additive_GE/nonlin_additive_pairwise": NaN, "rho_curated/pairwise_GE/nonlin_additive_pairwise": NaN, "rho_random/pairwise_GE/nonlin_additive_pairwise": -0.0014394025585011128, "rho_curated_mean": 0.985412946359366, "rho_random_mean": 0.896976325746086, "_wandb": {"runtime": 537}}