{"potts/n_edges": 1595, "potts/edge_density": 0.9011299435028248, "potts/J_mean_abs": 4.343321800231934, "potts/J_std": 4.039170742034912, "_timestamp": 1773623361.436667, "_runtime": 631.5168149471283, "_step": 21, "gt_scores/additive/std": 1.482028523614475, "gt_scores/additive/min": -10.639902114868164, "gt_scores/additive/pct5": -6.9830321073532104, "gt_scores/additive_pairwise/std": 172.41589209770123, "gt_scores/additive_pairwise/min": -1269.5223388671875, "gt_scores/additive_pairwise/pct5": -673.3052642822265, "gt_scores/nonlin_additive/std": 0.14799074225652126, "gt_scores/nonlin_additive/min": -0.8130102544838738, "gt_scores/nonlin_additive/pct5": -0.7779583307733601, "gt_scores/nonlin_additive_pairwise/std": 0.00010772818046028307, "gt_scores/nonlin_additive_pairwise/min": -0.8163878109156041, "gt_scores/nonlin_additive_pairwise/pct5": -0.8163878109156041, "rho_curated/additive/additive": 0.999995779071831, "rho_random/additive/additive": 0.99998659723506, "rho_curated/pairwise/additive": 0.9989363697814547, "rho_random/pairwise/additive": 0.9989828455972987, "rho_curated/additive_GE/additive": 0.9999502627580092, "rho_random/additive_GE/additive": 0.9999041935655951, "rho_curated/pairwise_GE/additive": 0.9946602446582817, "rho_random/pairwise_GE/additive": 0.9929168037367202, "rho_curated/additive/additive_pairwise": 0.98357171849408, "rho_random/additive/additive_pairwise": 0.9717899964892718, "rho_curated/pairwise/additive_pairwise": 0.9756764814258917, "rho_random/pairwise/additive_pairwise": 0.96496239640764, "rho_curated/additive_GE/additive_pairwise": 0.9836041396397721, "rho_random/additive_GE/additive_pairwise": 0.9718503268518942, "rho_curated/pairwise_GE/additive_pairwise": 0.9605562414443561, "rho_random/pairwise_GE/additive_pairwise": 0.9502466073164432, "rho_curated/additive/nonlin_additive": 0.9953248370368813, "rho_random/additive/nonlin_additive": 0.9953892781163737, "rho_curated/pairwise/nonlin_additive": 0.9917464127496584, "rho_random/pairwise/nonlin_additive": 0.9892414915598127, "rho_curated/additive_GE/nonlin_additive": 0.9999685650867425, "rho_random/additive_GE/nonlin_additive": 0.9999566687042162, "rho_curated/pairwise_GE/nonlin_additive": 0.99113131893304, "rho_random/pairwise_GE/nonlin_additive": 0.9904911916012751, "rho_curated/additive/nonlin_additive_pairwise": NaN, "rho_random/additive/nonlin_additive_pairwise": 0.10064239054558129, "rho_curated/pairwise/nonlin_additive_pairwise": NaN, "rho_random/pairwise/nonlin_additive_pairwise": 0.1703025063378863, "rho_curated/additive_GE/nonlin_additive_pairwise": NaN, "rho_random/additive_GE/nonlin_additive_pairwise": 0.04662789150181238, "rho_curated/pairwise_GE/nonlin_additive_pairwise": NaN, "rho_random/pairwise_GE/nonlin_additive_pairwise": 0.00040755571862646344, "rho_curated_mean": 0.9895935309233331, "rho_random_mean": 0.7589811713303443, "_wandb": {"runtime": 631}}