{"potts/n_edges": 2315, "potts/edge_density": 0.7325949367088608, "potts/J_mean_abs": 4.037410259246826, "potts/J_std": 6.8767218589782715, "_timestamp": 1773345260.7278733, "_runtime": 559.6425874233246, "_step": 21, "gt_scores/additive/std": 1.2019256299488872, "gt_scores/additive/min": -9.41468620300293, "gt_scores/additive/pct5": -4.404988932609558, "gt_scores/additive_pairwise/std": 40.021026574089, "gt_scores/additive_pairwise/min": -405.2403564453125, "gt_scores/additive_pairwise/pct5": -115.8580379486084, "gt_scores/nonlin_additive/std": 0.17493867092221765, "gt_scores/nonlin_additive/min": -0.7106328500845505, "gt_scores/nonlin_additive/pct5": -0.6521822933213305, "gt_scores/nonlin_additive_pairwise/std": 0.13598367514937854, "gt_scores/nonlin_additive_pairwise/min": -0.7116101049898558, "gt_scores/nonlin_additive_pairwise/pct5": -0.7116101049898558, "rho_curated/additive/additive": 0.9999947550397823, "rho_random/additive/additive": 0.9999874748060512, "rho_curated/pairwise/additive": 0.9994414284887992, "rho_random/pairwise/additive": 0.9995887734957974, "rho_curated/additive_GE/additive": 0.9999653031025589, "rho_random/additive_GE/additive": 0.9999250744792555, "rho_curated/pairwise_GE/additive": 0.9930574114236327, "rho_random/pairwise_GE/additive": 0.9899883561205395, "rho_curated/additive/additive_pairwise": 0.7710087600798631, "rho_random/additive/additive_pairwise": 0.863789838418649, "rho_curated/pairwise/additive_pairwise": 0.7599647513905899, "rho_random/pairwise/additive_pairwise": 0.8533857127826706, "rho_curated/additive_GE/additive_pairwise": 0.773452152890086, "rho_random/additive_GE/additive_pairwise": 0.872012541014278, "rho_curated/pairwise_GE/additive_pairwise": 0.7812211446623442, "rho_random/pairwise_GE/additive_pairwise": 0.876380394187228, "rho_curated/additive/nonlin_additive": 0.9957644255559033, "rho_random/additive/nonlin_additive": 0.9942679704050155, "rho_curated/pairwise/nonlin_additive": 0.9966892670355454, "rho_random/pairwise/nonlin_additive": 0.9948729832430324, "rho_curated/additive_GE/nonlin_additive": 0.9999549561260879, "rho_random/additive_GE/nonlin_additive": 0.9999323049321018, "rho_curated/pairwise_GE/nonlin_additive": 0.9938691815719062, "rho_random/pairwise_GE/nonlin_additive": 0.992814809851445, "rho_curated/additive/nonlin_additive_pairwise": 0.4054936557149496, "rho_random/additive/nonlin_additive_pairwise": 0.7011380564689993, "rho_curated/pairwise/nonlin_additive_pairwise": 0.4319703897649775, "rho_random/pairwise/nonlin_additive_pairwise": 0.7206635785548792, "rho_curated/additive_GE/nonlin_additive_pairwise": 0.35547630713729106, "rho_random/additive_GE/nonlin_additive_pairwise": 0.6625781998028383, "rho_curated/pairwise_GE/nonlin_additive_pairwise": 0.38545136567305893, "rho_random/pairwise_GE/nonlin_additive_pairwise": 0.6952131875971088, "rho_curated_mean": 0.790173453478586, "rho_random_mean": 0.8885337035099932, "_wandb": {"runtime": 558}}