{"potts/n_edges": 3897, "potts/edge_density": 0.7872727272727272, "potts/J_mean_abs": 3.5458295345306396, "potts/J_std": 2.90043306350708, "_timestamp": 1773667466.9781826, "_runtime": 586.6160504817963, "_step": 21, "gt_scores/additive/std": 1.5499381677782906, "gt_scores/additive/min": -11.220993995666504, "gt_scores/additive/pct5": -7.041671586036682, "gt_scores/additive_pairwise/std": 122.33596746523949, "gt_scores/additive_pairwise/min": -860.5606079101562, "gt_scores/additive_pairwise/pct5": -464.6115493774414, "gt_scores/nonlin_additive/std": 0.1519094066091214, "gt_scores/nonlin_additive/min": -0.7986814691725639, "gt_scores/nonlin_additive/pct5": -0.7603640208912466, "gt_scores/nonlin_additive_pairwise/std": 0.0077660350809947536, "gt_scores/nonlin_additive_pairwise/min": -0.8015717919679708, "gt_scores/nonlin_additive_pairwise/pct5": -0.8015717919679708, "rho_curated/additive/additive": 0.9999946911277876, "rho_random/additive/additive": 0.9999867703689796, "rho_curated/pairwise/additive": 0.9994091974243254, "rho_random/pairwise/additive": 0.9993899601804527, "rho_curated/additive_GE/additive": 0.9999322188372872, "rho_random/additive_GE/additive": 0.999839213663307, "rho_curated/pairwise_GE/additive": 0.9981554017100832, "rho_random/pairwise_GE/additive": 0.9973225319448088, "rho_curated/additive/additive_pairwise": 0.9777750308550011, "rho_random/additive/additive_pairwise": 0.9659956049748182, "rho_curated/pairwise/additive_pairwise": 0.9731780572311222, "rho_random/pairwise/additive_pairwise": 0.9641469266268502, "rho_curated/additive_GE/additive_pairwise": 0.9798131549515571, "rho_random/additive_GE/additive_pairwise": 0.9713583990847221, "rho_curated/pairwise_GE/additive_pairwise": 0.9724682377147295, "rho_random/pairwise_GE/additive_pairwise": 0.9625142842460748, "rho_curated/additive/nonlin_additive": 0.9926319107367458, "rho_random/additive/nonlin_additive": 0.9915172522414997, "rho_curated/pairwise/nonlin_additive": 0.9914799083619696, "rho_random/pairwise/nonlin_additive": 0.991615407893483, "rho_curated/additive_GE/nonlin_additive": 0.9999390015015543, "rho_random/additive_GE/nonlin_additive": 0.999919411949074, "rho_curated/pairwise_GE/nonlin_additive": 0.9969896485112247, "rho_random/pairwise_GE/nonlin_additive": 0.9970605842140697, "rho_curated/additive/nonlin_additive_pairwise": NaN, "rho_random/additive/nonlin_additive_pairwise": 0.14310867235212013, "rho_curated/pairwise/nonlin_additive_pairwise": NaN, "rho_random/pairwise/nonlin_additive_pairwise": 0.09165361800833925, "rho_curated/additive_GE/nonlin_additive_pairwise": NaN, "rho_random/additive_GE/nonlin_additive_pairwise": 0.055943328676221274, "rho_curated/pairwise_GE/nonlin_additive_pairwise": NaN, "rho_random/pairwise_GE/nonlin_additive_pairwise": -0.08152774719088607, "rho_curated_mean": 0.9901472049136157, "rho_random_mean": 0.7531152637021208, "_wandb": {"runtime": 586}}