{"potts/n_edges": 157, "potts/edge_density": 0.8263157894736842, "potts/J_mean_abs": 3.496964931488037, "potts/J_std": 2.962904930114746, "_timestamp": 1773573736.5887392, "_runtime": 542.0793850421906, "_step": 21, "gt_scores/additive/std": 1.210202704410808, "gt_scores/additive/min": -8.911455154418945, "gt_scores/additive/pct5": -6.663809275627136, "gt_scores/additive_pairwise/std": 80.8927192779846, "gt_scores/additive_pairwise/min": -553.2362670898438, "gt_scores/additive_pairwise/pct5": -399.04246978759767, "gt_scores/nonlin_additive/std": 0.125785236402486, "gt_scores/nonlin_additive/min": -0.8664681453126024, "gt_scores/nonlin_additive/pct5": -0.8440971430509998, "gt_scores/nonlin_additive_pairwise/std": 6.481211599426712e-13, "gt_scores/nonlin_additive_pairwise/min": -0.8707194432537088, "gt_scores/nonlin_additive_pairwise/pct5": -0.8707194432537088, "rho_curated/additive/additive": 0.999998206431928, "rho_random/additive/additive": 0.9999951212567599, "rho_curated/pairwise/additive": 0.9999493267579719, "rho_random/pairwise/additive": 0.9999064673651494, "rho_curated/additive_GE/additive": 0.9999810494312416, "rho_random/additive_GE/additive": 0.9999573245657372, "rho_curated/pairwise_GE/additive": 0.9989780273270966, "rho_random/pairwise_GE/additive": 0.9983607213883128, "rho_curated/additive/additive_pairwise": 0.9793734852059491, "rho_random/additive/additive_pairwise": 0.9672364391592638, "rho_curated/pairwise/additive_pairwise": 0.9999361141094414, "rho_random/pairwise/additive_pairwise": 0.999878171221385, "rho_curated/additive_GE/additive_pairwise": 0.9793813500297693, "rho_random/additive_GE/additive_pairwise": 0.9633029108095672, "rho_curated/pairwise_GE/additive_pairwise": 0.9989169492205737, "rho_random/pairwise_GE/additive_pairwise": 0.9981463569422281, "rho_curated/additive/nonlin_additive": 0.9952128482558247, "rho_random/additive/nonlin_additive": 0.9961564151600569, "rho_curated/pairwise/nonlin_additive": 0.997762775782189, "rho_random/pairwise/nonlin_additive": 0.9933160937404165, "rho_curated/additive_GE/nonlin_additive": 0.9999848313753912, "rho_random/additive_GE/nonlin_additive": 0.9999843125608073, "rho_curated/pairwise_GE/nonlin_additive": 0.998882094187096, "rho_random/pairwise_GE/nonlin_additive": 0.9989258805385275, "rho_curated/additive/nonlin_additive_pairwise": NaN, "rho_random/additive/nonlin_additive_pairwise": NaN, "rho_curated/pairwise/nonlin_additive_pairwise": NaN, "rho_random/pairwise/nonlin_additive_pairwise": NaN, "rho_curated/additive_GE/nonlin_additive_pairwise": NaN, "rho_random/additive_GE/nonlin_additive_pairwise": NaN, "rho_curated/pairwise_GE/nonlin_additive_pairwise": NaN, "rho_random/pairwise_GE/nonlin_additive_pairwise": NaN, "rho_curated_mean": 0.9956964215095393, "rho_random_mean": 0.992930517892351, "_wandb": {"runtime": 541}}