{"potts/n_edges": 111, "potts/edge_density": 0.5842105263157895, "potts/J_mean_abs": 3.465106964111328, "potts/J_std": 2.777536153793335, "_timestamp": 1773698162.7606518, "_runtime": 405.9013497829437, "_step": 21, "gt_scores/additive/std": 0.6910123128720723, "gt_scores/additive/min": -4.968426704406738, "gt_scores/additive/pct5": -2.054575753211975, "gt_scores/additive_pairwise/std": 6.38004753966455, "gt_scores/additive_pairwise/min": -76.85745239257812, "gt_scores/additive_pairwise/pct5": -16.95366525650024, "gt_scores/nonlin_additive/std": 0.18190291330010347, "gt_scores/nonlin_additive/min": -0.6182631230180297, "gt_scores/nonlin_additive/pct5": -0.5426368338616724, "gt_scores/nonlin_additive_pairwise/std": 0.2607689096823043, "gt_scores/nonlin_additive_pairwise/min": -0.6194892244405059, "gt_scores/nonlin_additive_pairwise/pct5": -0.6194892244044746, "rho_curated/additive/additive": 0.999993755032658, "rho_random/additive/additive": 0.9999514367461669, "rho_curated/pairwise/additive": 0.9985690911724041, "rho_random/pairwise/additive": 0.9981713031273818, "rho_curated/additive_GE/additive": 0.999913095603204, "rho_random/additive_GE/additive": 0.9996961533070752, "rho_curated/pairwise_GE/additive": 0.9890093021961011, "rho_random/pairwise_GE/additive": 0.9864042212184172, "rho_curated/additive/additive_pairwise": 0.7773398746411964, "rho_random/additive/additive_pairwise": 0.7465267171626053, "rho_curated/pairwise/additive_pairwise": 0.8668085529079522, "rho_random/pairwise/additive_pairwise": 0.8611073234244462, "rho_curated/additive_GE/additive_pairwise": 0.7736193454152004, "rho_random/additive_GE/additive_pairwise": 0.7729913530939522, "rho_curated/pairwise_GE/additive_pairwise": 0.8670451981256037, "rho_random/pairwise_GE/additive_pairwise": 0.8252889625619128, "rho_curated/additive/nonlin_additive": 0.992512578084512, "rho_random/additive/nonlin_additive": 0.9918591289822624, "rho_curated/pairwise/nonlin_additive": 0.9910598545389756, "rho_random/pairwise/nonlin_additive": 0.9882419395768612, "rho_curated/additive_GE/nonlin_additive": 0.9971298529157041, "rho_random/additive_GE/nonlin_additive": 0.9966879040531551, "rho_curated/pairwise_GE/nonlin_additive": 0.9960831298499894, "rho_random/pairwise_GE/nonlin_additive": 0.9943341699857707, "rho_curated/additive/nonlin_additive_pairwise": 0.6682299760033341, "rho_random/additive/nonlin_additive_pairwise": 0.7317932479212421, "rho_curated/pairwise/nonlin_additive_pairwise": 0.6966355093615616, "rho_random/pairwise/nonlin_additive_pairwise": 0.7751538632124709, "rho_curated/additive_GE/nonlin_additive_pairwise": -0.0726234604540337, "rho_random/additive_GE/nonlin_additive_pairwise": -0.20622784607766823, "rho_curated/pairwise_GE/nonlin_additive_pairwise": 0.7658870753175184, "rho_random/pairwise_GE/nonlin_additive_pairwise": 0.8377395482036619, "rho_curated_mean": 0.8317007956694926, "rho_random_mean": 0.8312324641562321, "_wandb": {"runtime": 405}}