{"potts/n_edges": 73, "potts/edge_density": 0.6952380952380952, "potts/J_mean_abs": 1.9550342559814453, "potts/J_std": 1.5183182954788208, "_timestamp": 1773360344.5495942, "_runtime": 505.27795815467834, "_step": 21, "gt_scores/additive/std": 0.9557475539592777, "gt_scores/additive/min": -7.033940315246582, "gt_scores/additive/pct5": -5.159853672981262, "gt_scores/additive_pairwise/std": 21.09992370766888, "gt_scores/additive_pairwise/min": -173.69053649902344, "gt_scores/additive_pairwise/pct5": -153.19500045776368, "gt_scores/nonlin_additive/std": 0.1307311439252841, "gt_scores/nonlin_additive/min": -0.8613129322410867, "gt_scores/nonlin_additive/pct5": -0.8371371284084792, "gt_scores/nonlin_additive_pairwise/std": 1.1102230246251565e-16, "gt_scores/nonlin_additive_pairwise/min": -0.8653877661321029, "gt_scores/nonlin_additive_pairwise/pct5": -0.8653877661321029, "rho_curated/additive/additive": 0.9999979377519173, "rho_random/additive/additive": 0.9999938667227839, "rho_curated/pairwise/additive": 0.9999761804790451, "rho_random/pairwise/additive": 0.999953393891806, "rho_curated/additive_GE/additive": 0.9999921243516847, "rho_random/additive_GE/additive": 0.9999805800995132, "rho_curated/pairwise_GE/additive": 0.9998070564082732, "rho_random/pairwise_GE/additive": 0.9996467426729018, "rho_curated/additive/additive_pairwise": 0.9344959218185439, "rho_random/additive/additive_pairwise": 0.9010312167416533, "rho_curated/pairwise/additive_pairwise": 0.9999655730306188, "rho_random/pairwise/additive_pairwise": 0.9999386275874395, "rho_curated/additive_GE/additive_pairwise": 0.934097143376814, "rho_random/additive_GE/additive_pairwise": 0.9101701503785992, "rho_curated/pairwise_GE/additive_pairwise": 0.9978017679837017, "rho_random/pairwise_GE/additive_pairwise": 0.9965871484113585, "rho_curated/additive/nonlin_additive": 0.9967769944626159, "rho_random/additive/nonlin_additive": 0.9970188391043473, "rho_curated/pairwise/nonlin_additive": 0.9992078637922006, "rho_random/pairwise/nonlin_additive": 0.9960213045989283, "rho_curated/additive_GE/nonlin_additive": 0.9999894804635777, "rho_random/additive_GE/nonlin_additive": 0.999987675049799, "rho_curated/pairwise_GE/nonlin_additive": 0.9996527786180694, "rho_random/pairwise_GE/nonlin_additive": 0.999619129365445, "rho_curated/additive/nonlin_additive_pairwise": NaN, "rho_random/additive/nonlin_additive_pairwise": NaN, "rho_curated/pairwise/nonlin_additive_pairwise": NaN, "rho_random/pairwise/nonlin_additive_pairwise": NaN, "rho_curated/additive_GE/nonlin_additive_pairwise": NaN, "rho_random/additive_GE/nonlin_additive_pairwise": NaN, "rho_curated/pairwise_GE/nonlin_additive_pairwise": NaN, "rho_random/pairwise_GE/nonlin_additive_pairwise": NaN, "rho_curated_mean": 0.9884800685447551, "rho_random_mean": 0.9833290562187146, "_wandb": {"runtime": 504}}