{"potts/n_edges": 89, "potts/edge_density": 0.8476190476190476, "potts/J_mean_abs": 2.5501701831817627, "potts/J_std": 1.9834742546081543, "_timestamp": 1773461270.8204195, "_runtime": 527.6952245235443, "_step": 21, "gt_scores/additive/std": 0.9557475539592777, "gt_scores/additive/min": -7.033940315246582, "gt_scores/additive/pct5": -5.159853672981262, "gt_scores/additive_pairwise/std": 29.22093915054374, "gt_scores/additive_pairwise/min": -258.9490051269531, "gt_scores/additive_pairwise/pct5": -219.92511825561525, "gt_scores/nonlin_additive/std": 0.1307311439252841, "gt_scores/nonlin_additive/min": -0.8613129322410867, "gt_scores/nonlin_additive/pct5": -0.8371371284084792, "gt_scores/nonlin_additive_pairwise/std": 1.1102230246251565e-16, "gt_scores/nonlin_additive_pairwise/min": -0.8653877661321029, "gt_scores/nonlin_additive_pairwise/pct5": -0.8653877661321029, "rho_curated/additive/additive": 0.9999983136879325, "rho_random/additive/additive": 0.999994735513877, "rho_curated/pairwise/additive": 0.999974641814984, "rho_random/pairwise/additive": 0.9999471639471639, "rho_curated/additive_GE/additive": 0.9999804665672173, "rho_random/additive_GE/additive": 0.9999560900931748, "rho_curated/pairwise_GE/additive": 0.9997389377095387, "rho_random/pairwise_GE/additive": 0.999559747469481, "rho_curated/additive/additive_pairwise": 0.9337735701349955, "rho_random/additive/additive_pairwise": 0.9033364260464354, "rho_curated/pairwise/additive_pairwise": 0.9999712150228456, "rho_random/pairwise/additive_pairwise": 0.9999463454328651, "rho_curated/additive_GE/additive_pairwise": 0.9338126526965637, "rho_random/additive_GE/additive_pairwise": 0.901881821618685, "rho_curated/pairwise_GE/additive_pairwise": 0.9996418769776405, "rho_random/pairwise_GE/additive_pairwise": 0.9995148976631941, "rho_curated/additive/nonlin_additive": 0.9960410290333561, "rho_random/additive/nonlin_additive": 0.9966655503343897, "rho_curated/pairwise/nonlin_additive": 0.9991721342708458, "rho_random/pairwise/nonlin_additive": 0.997378572511054, "rho_curated/additive_GE/nonlin_additive": 0.9999870843994824, "rho_random/additive_GE/nonlin_additive": 0.9999846854569849, "rho_curated/pairwise_GE/nonlin_additive": 0.9996070598642541, "rho_random/pairwise_GE/nonlin_additive": 0.9996721555146268, "rho_curated/additive/nonlin_additive_pairwise": NaN, "rho_random/additive/nonlin_additive_pairwise": NaN, "rho_curated/pairwise/nonlin_additive_pairwise": NaN, "rho_random/pairwise/nonlin_additive_pairwise": NaN, "rho_curated/additive_GE/nonlin_additive_pairwise": NaN, "rho_random/additive_GE/nonlin_additive_pairwise": NaN, "rho_curated/pairwise_GE/nonlin_additive_pairwise": NaN, "rho_random/pairwise_GE/nonlin_additive_pairwise": NaN, "rho_curated_mean": 0.9884749151816381, "rho_random_mean": 0.9831531826334943, "_wandb": {"runtime": 527}}