{"potts/n_edges": 96, "potts/edge_density": 0.9142857142857143, "potts/J_mean_abs": 2.5011672973632812, "potts/J_std": 1.9672635793685913, "_timestamp": 1773363075.4919538, "_runtime": 544.3210089206696, "_step": 21, "gt_scores/additive/std": 0.9557475539592777, "gt_scores/additive/min": -7.033940315246582, "gt_scores/additive/pct5": -5.159853672981262, "gt_scores/additive_pairwise/std": 32.829076710563236, "gt_scores/additive_pairwise/min": -281.7184753417969, "gt_scores/additive_pairwise/pct5": -241.51334075927736, "gt_scores/nonlin_additive/std": 0.1307311439252841, "gt_scores/nonlin_additive/min": -0.8613129322410867, "gt_scores/nonlin_additive/pct5": -0.8371371284084792, "gt_scores/nonlin_additive_pairwise/std": 1.1102230246251565e-16, "gt_scores/nonlin_additive_pairwise/min": -0.8653877661321029, "gt_scores/nonlin_additive_pairwise/pct5": -0.8653877661321029, "rho_curated/additive/additive": 0.9999975438639018, "rho_random/additive/additive": 0.9999911642292176, "rho_curated/pairwise/additive": 0.999974365022971, "rho_random/pairwise/additive": 0.9999409840145791, "rho_curated/additive_GE/additive": 0.9999879459515174, "rho_random/additive_GE/additive": 0.9999771555951047, "rho_curated/pairwise_GE/additive": 0.9997770902230676, "rho_random/pairwise_GE/additive": 0.9996227730407231, "rho_curated/additive/additive_pairwise": 0.9447596757664325, "rho_random/additive/additive_pairwise": 0.9058397429341495, "rho_curated/pairwise/additive_pairwise": 0.9999691377507632, "rho_random/pairwise/additive_pairwise": 0.9999476700896227, "rho_curated/additive_GE/additive_pairwise": 0.9448546860155402, "rho_random/additive_GE/additive_pairwise": 0.8998717302911257, "rho_curated/pairwise_GE/additive_pairwise": 0.9995822077432681, "rho_random/pairwise_GE/additive_pairwise": 0.9994349304133944, "rho_curated/additive/nonlin_additive": 0.996053564977385, "rho_random/additive/nonlin_additive": 0.9966902844748867, "rho_curated/pairwise/nonlin_additive": 0.9991500298378382, "rho_random/pairwise/nonlin_additive": 0.9966329119592388, "rho_curated/additive_GE/nonlin_additive": 0.9999840922713615, "rho_random/additive_GE/nonlin_additive": 0.9999834111310925, "rho_curated/pairwise_GE/nonlin_additive": 0.9995373236134042, "rho_random/pairwise_GE/nonlin_additive": 0.9995960422137338, "rho_curated/additive/nonlin_additive_pairwise": NaN, "rho_random/additive/nonlin_additive_pairwise": NaN, "rho_curated/pairwise/nonlin_additive_pairwise": NaN, "rho_random/pairwise/nonlin_additive_pairwise": NaN, "rho_curated/additive_GE/nonlin_additive_pairwise": NaN, "rho_random/additive_GE/nonlin_additive_pairwise": NaN, "rho_curated/pairwise_GE/nonlin_additive_pairwise": NaN, "rho_random/pairwise_GE/nonlin_additive_pairwise": NaN, "rho_curated_mean": 0.9903023052531211, "rho_random_mean": 0.983127400032239, "_wandb": {"runtime": 543}}