{"potts/n_edges": 181, "potts/edge_density": 0.9526315789473684, "potts/J_mean_abs": 3.0030925273895264, "potts/J_std": 2.385205030441284, "_timestamp": 1773638868.6735294, "_runtime": 509.7685053348541, "_step": 21, "gt_scores/additive/std": 1.426379881017352, "gt_scores/additive/min": -10.008467674255371, "gt_scores/additive/pct5": -7.166622185707093, "gt_scores/additive_pairwise/std": 74.27403558271187, "gt_scores/additive_pairwise/min": -550.5322265625, "gt_scores/additive_pairwise/pct5": -369.40746307373047, "gt_scores/nonlin_additive/std": 0.13946177757028871, "gt_scores/nonlin_additive/min": -0.8313426784103302, "gt_scores/nonlin_additive/pct5": -0.8034810610065, "gt_scores/nonlin_additive_pairwise/std": 8.698863371284222e-14, "gt_scores/nonlin_additive_pairwise/min": -0.8358896588447285, "gt_scores/nonlin_additive_pairwise/pct5": -0.8358896588447285, "rho_curated/additive/additive": 0.9999977432319096, "rho_random/additive/additive": 0.9999932063174819, "rho_curated/pairwise/additive": 0.9999496822939862, "rho_random/pairwise/additive": 0.9999000383506712, "rho_curated/additive_GE/additive": 0.9999739268789569, "rho_random/additive_GE/additive": 0.999943921847456, "rho_curated/pairwise_GE/additive": 0.9989145457885559, "rho_random/pairwise_GE/additive": 0.998278453648572, "rho_curated/additive/additive_pairwise": 0.9804506108406169, "rho_random/additive/additive_pairwise": 0.9686638238100481, "rho_curated/pairwise/additive_pairwise": 0.9999349492933916, "rho_random/pairwise/additive_pairwise": 0.9998784763942237, "rho_curated/additive_GE/additive_pairwise": 0.9805458167088988, "rho_random/additive_GE/additive_pairwise": 0.9661855403155435, "rho_curated/pairwise_GE/additive_pairwise": 0.9985670119025771, "rho_random/pairwise_GE/additive_pairwise": 0.9978192870834415, "rho_curated/additive/nonlin_additive": 0.9964649933944302, "rho_random/additive/nonlin_additive": 0.9951735823914575, "rho_curated/pairwise/nonlin_additive": 0.9983665387426224, "rho_random/pairwise/nonlin_additive": 0.996050136172237, "rho_curated/additive_GE/nonlin_additive": 0.999991415463656, "rho_random/additive_GE/nonlin_additive": 0.9999874988377274, "rho_curated/pairwise_GE/nonlin_additive": 0.9978132197284764, "rho_random/pairwise_GE/nonlin_additive": 0.9976986706917668, "rho_curated/additive/nonlin_additive_pairwise": NaN, "rho_random/additive/nonlin_additive_pairwise": NaN, "rho_curated/pairwise/nonlin_additive_pairwise": NaN, "rho_random/pairwise/nonlin_additive_pairwise": NaN, "rho_curated/additive_GE/nonlin_additive_pairwise": NaN, "rho_random/additive_GE/nonlin_additive_pairwise": NaN, "rho_curated/pairwise_GE/nonlin_additive_pairwise": NaN, "rho_random/pairwise_GE/nonlin_additive_pairwise": NaN, "rho_curated_mean": 0.9959142045223398, "rho_random_mean": 0.9932977196550521, "_wandb": {"runtime": 509}}