{"potts/n_edges": 94, "potts/edge_density": 0.8952380952380953, "potts/J_mean_abs": 6.7339701652526855, "potts/J_std": 11.802026748657227, "_timestamp": 1773368636.8283987, "_runtime": 536.4945948123932, "_step": 21, "gt_scores/additive/std": 0.9354941049529601, "gt_scores/additive/min": -6.730696678161621, "gt_scores/additive/pct5": -5.088986277580261, "gt_scores/additive_pairwise/std": 116.51563724642071, "gt_scores/additive_pairwise/min": -954.3993530273438, "gt_scores/additive_pairwise/pct5": -718.4331115722656, "gt_scores/nonlin_additive/std": 0.12695859792178035, "gt_scores/nonlin_additive/min": -0.8594803927815321, "gt_scores/nonlin_additive/pct5": -0.8373509757801759, "gt_scores/nonlin_additive_pairwise/std": 1.1102230246251565e-16, "gt_scores/nonlin_additive_pairwise/min": -0.8642349522941661, "gt_scores/nonlin_additive_pairwise/pct5": -0.8642349522941661, "rho_curated/additive/additive": 0.9999983365599332, "rho_random/additive/additive": 0.9999951876340969, "rho_curated/pairwise/additive": 0.9999789513511524, "rho_random/pairwise/additive": 0.9999511068000421, "rho_curated/additive_GE/additive": NaN, "rho_random/additive_GE/additive": NaN, "rho_curated/pairwise_GE/additive": 0.9996852593553424, "rho_random/pairwise_GE/additive": 0.9994425902470816, "rho_curated/additive/additive_pairwise": 0.8547206911734474, "rho_random/additive/additive_pairwise": 0.7543314403739465, "rho_curated/pairwise/additive_pairwise": 0.9999683745027296, "rho_random/pairwise/additive_pairwise": 0.9999347394300536, "rho_curated/additive_GE/additive_pairwise": NaN, "rho_random/additive_GE/additive_pairwise": NaN, "rho_curated/pairwise_GE/additive_pairwise": 0.9996382992014801, "rho_random/pairwise_GE/additive_pairwise": 0.9993549949146622, "rho_curated/additive/nonlin_additive": 0.9953447639481148, "rho_random/additive/nonlin_additive": 0.9951564148257728, "rho_curated/pairwise/nonlin_additive": 0.9992410258413496, "rho_random/pairwise/nonlin_additive": 0.9969834180190654, "rho_curated/additive_GE/nonlin_additive": 0.9999776755350994, "rho_random/additive_GE/nonlin_additive": 0.9999798772181825, "rho_curated/pairwise_GE/nonlin_additive": 0.99956047984624, "rho_random/pairwise_GE/nonlin_additive": 0.9996645174907005, "rho_curated/additive/nonlin_additive_pairwise": NaN, "rho_random/additive/nonlin_additive_pairwise": NaN, "rho_curated/pairwise/nonlin_additive_pairwise": NaN, "rho_random/pairwise/nonlin_additive_pairwise": NaN, "rho_curated/additive_GE/nonlin_additive_pairwise": NaN, "rho_random/additive_GE/nonlin_additive_pairwise": NaN, "rho_curated/pairwise_GE/nonlin_additive_pairwise": NaN, "rho_random/pairwise_GE/nonlin_additive_pairwise": NaN, "rho_curated_mean": 0.9848113857314889, "rho_random_mean": 0.9744794286953604, "_wandb": {"runtime": 535}}