{"potts/n_edges": 2770, "potts/edge_density": 0.8765822784810127, "potts/J_mean_abs": 4.078123569488525, "potts/J_std": 3.3280136585235596, "_timestamp": 1773512136.8674092, "_runtime": 598.361738204956, "_step": 21, "gt_scores/additive/std": 1.3814914085051473, "gt_scores/additive/min": -9.466797828674316, "gt_scores/additive/pct5": -6.490896606445313, "gt_scores/additive_pairwise/std": 175.25251028463808, "gt_scores/additive_pairwise/min": -1629.292236328125, "gt_scores/additive_pairwise/pct5": -675.3007415771484, "gt_scores/nonlin_additive/std": 0.14876511773902834, "gt_scores/nonlin_additive/min": -0.8068553432424589, "gt_scores/nonlin_additive/pct5": -0.7736731425807715, "gt_scores/nonlin_additive_pairwise/std": 0.0007423040288355982, "gt_scores/nonlin_additive_pairwise/min": -0.8113804096118155, "gt_scores/nonlin_additive_pairwise/pct5": -0.8113804096118155, "rho_curated/additive/additive": 0.9999950973758038, "rho_random/additive/additive": 0.9999870816522656, "rho_curated/pairwise/additive": 0.9992749419949803, "rho_random/pairwise/additive": 0.9993410261597139, "rho_curated/additive_GE/additive": 0.9999609647904376, "rho_random/additive_GE/additive": 0.9999242583858476, "rho_curated/pairwise_GE/additive": 0.9974250785847558, "rho_random/pairwise_GE/additive": 0.9959278565745631, "rho_curated/additive/additive_pairwise": 0.9856460938731549, "rho_random/additive/additive_pairwise": 0.9788040699505919, "rho_curated/pairwise/additive_pairwise": 0.9793386397240579, "rho_random/pairwise/additive_pairwise": 0.9706500326021285, "rho_curated/additive_GE/additive_pairwise": 0.9873232527717133, "rho_random/additive_GE/additive_pairwise": 0.9776226678313504, "rho_curated/pairwise_GE/additive_pairwise": 0.9765763011259277, "rho_random/pairwise_GE/additive_pairwise": 0.9702343353556512, "rho_curated/additive/nonlin_additive": 0.993933974653068, "rho_random/additive/nonlin_additive": 0.993668849942008, "rho_curated/pairwise/nonlin_additive": 0.9916043384555691, "rho_random/pairwise/nonlin_additive": 0.9908369578384632, "rho_curated/additive_GE/nonlin_additive": 0.9998917408196619, "rho_random/additive_GE/nonlin_additive": 0.9998723886535577, "rho_curated/pairwise_GE/nonlin_additive": 0.9952143020084571, "rho_random/pairwise_GE/nonlin_additive": 0.9953253059414954, "rho_curated/additive/nonlin_additive_pairwise": NaN, "rho_random/additive/nonlin_additive_pairwise": NaN, "rho_curated/pairwise/nonlin_additive_pairwise": NaN, "rho_random/pairwise/nonlin_additive_pairwise": 0.05129066168925785, "rho_curated/additive_GE/nonlin_additive_pairwise": NaN, "rho_random/additive_GE/nonlin_additive_pairwise": NaN, "rho_curated/pairwise_GE/nonlin_additive_pairwise": NaN, "rho_random/pairwise_GE/nonlin_additive_pairwise": NaN, "rho_curated_mean": 0.992182060514799, "rho_random_mean": 0.9171911917366842, "_wandb": {"runtime": 598}}