{"potts/n_edges": 389, "potts/edge_density": 0.8942528735632184, "potts/J_mean_abs": 4.210091590881348, "potts/J_std": 3.738558769226074, "_timestamp": 1773573178.5587668, "_runtime": 391.6645288467407, "_step": 21, "gt_scores/additive/std": 1.3026329914510024, "gt_scores/additive/min": -9.520788192749023, "gt_scores/additive/pct5": -6.589263129234314, "gt_scores/additive_pairwise/std": 141.0009230407579, "gt_scores/additive_pairwise/min": -924.8212890625, "gt_scores/additive_pairwise/pct5": -608.4474426269531, "gt_scores/nonlin_additive/std": 0.13748413835948767, "gt_scores/nonlin_additive/min": -0.8383537187280119, "gt_scores/nonlin_additive/pct5": -0.8091688078450335, "gt_scores/nonlin_additive_pairwise/std": 1.6630155389316916e-09, "gt_scores/nonlin_additive_pairwise/min": -0.8419067452138076, "gt_scores/nonlin_additive_pairwise/pct5": -0.8419067452138076, "rho_curated/additive/additive": 0.9999971463278856, "rho_random/additive/additive": 0.9999898832203503, "rho_curated/pairwise/additive": 0.999312488796417, "rho_random/pairwise/additive": 0.9988259851049394, "rho_curated/additive_GE/additive": 0.9999715700548608, "rho_random/additive_GE/additive": 0.9999296688682857, "rho_curated/pairwise_GE/additive": 0.9667657980506439, "rho_random/pairwise_GE/additive": 0.9436716217099713, "rho_curated/additive/additive_pairwise": 0.9849814186221755, "rho_random/additive/additive_pairwise": 0.9739272518299921, "rho_curated/pairwise/additive_pairwise": 0.9923959241996544, "rho_random/pairwise/additive_pairwise": 0.9865082486076119, "rho_curated/additive_GE/additive_pairwise": 0.9849300417950317, "rho_random/additive_GE/additive_pairwise": 0.977210645294937, "rho_curated/pairwise_GE/additive_pairwise": 0.9639112653227185, "rho_random/pairwise_GE/additive_pairwise": 0.9523003364085527, "rho_curated/additive/nonlin_additive": 0.9959991338158694, "rho_random/additive/nonlin_additive": 0.9948125419181013, "rho_curated/pairwise/nonlin_additive": 0.9887405468136217, "rho_random/pairwise/nonlin_additive": 0.9813933918519208, "rho_curated/additive_GE/nonlin_additive": 0.9999847417353885, "rho_random/additive_GE/nonlin_additive": 0.9999789080400281, "rho_curated/pairwise_GE/nonlin_additive": 0.9824364103046132, "rho_random/pairwise_GE/nonlin_additive": 0.976139009157514, "rho_curated/additive/nonlin_additive_pairwise": NaN, "rho_random/additive/nonlin_additive_pairwise": NaN, "rho_curated/pairwise/nonlin_additive_pairwise": NaN, "rho_random/pairwise/nonlin_additive_pairwise": NaN, "rho_curated/additive_GE/nonlin_additive_pairwise": NaN, "rho_random/additive_GE/nonlin_additive_pairwise": NaN, "rho_curated/pairwise_GE/nonlin_additive_pairwise": NaN, "rho_random/pairwise_GE/nonlin_additive_pairwise": NaN, "rho_curated_mean": 0.9882855404865735, "rho_random_mean": 0.9820572910010169, "_wandb": {"runtime": 391}}