{"potts/n_edges": 229, "potts/edge_density": 0.7633333333333333, "potts/J_mean_abs": 4.258072853088379, "potts/J_std": 3.7318403720855713, "_timestamp": 1773680288.6240041, "_runtime": 426.5261311531067, "_step": 21, "gt_scores/additive/std": 1.1398200883094438, "gt_scores/additive/min": -9.020009994506836, "gt_scores/additive/pct5": -6.03385751247406, "gt_scores/additive_pairwise/std": 106.8736397959447, "gt_scores/additive_pairwise/min": -818.40771484375, "gt_scores/additive_pairwise/pct5": -475.1702377319336, "gt_scores/nonlin_additive/std": 0.13291535666614748, "gt_scores/nonlin_additive/min": -0.8512857583768847, "gt_scores/nonlin_additive/pct5": -0.8249976913530378, "gt_scores/nonlin_additive_pairwise/std": 2.5385078906054463e-15, "gt_scores/nonlin_additive_pairwise/min": -0.853410595172368, "gt_scores/nonlin_additive_pairwise/pct5": -0.853410595172368, "rho_curated/additive/additive": 0.9999976690959066, "rho_random/additive/additive": 0.9999911451369001, "rho_curated/pairwise/additive": 0.9997549966141761, "rho_random/pairwise/additive": 0.9994934522536013, "rho_curated/additive_GE/additive": 0.9999594558863761, "rho_random/additive_GE/additive": 0.999905733388699, "rho_curated/pairwise_GE/additive": 0.9858357174960688, "rho_random/pairwise_GE/additive": 0.9798098976787518, "rho_curated/additive/additive_pairwise": 0.9774959822667589, "rho_random/additive/additive_pairwise": 0.9575185436046453, "rho_curated/pairwise/additive_pairwise": 0.9991835451433221, "rho_random/pairwise/additive_pairwise": 0.9986637533703717, "rho_curated/additive_GE/additive_pairwise": 0.9777038861161554, "rho_random/additive_GE/additive_pairwise": 0.9592031081459517, "rho_curated/pairwise_GE/additive_pairwise": 0.9817187027567481, "rho_random/pairwise_GE/additive_pairwise": 0.9721659606629728, "rho_curated/additive/nonlin_additive": 0.9959116336999747, "rho_random/additive/nonlin_additive": 0.9967365946714289, "rho_curated/pairwise/nonlin_additive": 0.9951519663737296, "rho_random/pairwise/nonlin_additive": 0.9839046438879623, "rho_curated/additive_GE/nonlin_additive": 0.999988812447551, "rho_random/additive_GE/nonlin_additive": 0.9999856108321421, "rho_curated/pairwise_GE/nonlin_additive": 0.988948370932874, "rho_random/pairwise_GE/nonlin_additive": 0.9865764801174254, "rho_curated/additive/nonlin_additive_pairwise": NaN, "rho_random/additive/nonlin_additive_pairwise": NaN, "rho_curated/pairwise/nonlin_additive_pairwise": NaN, "rho_random/pairwise/nonlin_additive_pairwise": NaN, "rho_curated/additive_GE/nonlin_additive_pairwise": NaN, "rho_random/additive_GE/nonlin_additive_pairwise": NaN, "rho_curated/pairwise_GE/nonlin_additive_pairwise": NaN, "rho_random/pairwise_GE/nonlin_additive_pairwise": NaN, "rho_curated_mean": 0.9918042282358034, "rho_random_mean": 0.9861629103125712, "_wandb": {"runtime": 425}}