{"potts/n_edges": 144, "potts/edge_density": 0.7578947368421053, "potts/J_mean_abs": 0.9290136098861694, "potts/J_std": 0.7448194026947021, "_timestamp": 1773358719.2502923, "_runtime": 619.7871563434601, "_step": 21, "gt_scores/additive/std": 1.210202704410808, "gt_scores/additive/min": -8.911455154418945, "gt_scores/additive/pct5": -6.663809275627136, "gt_scores/additive_pairwise/std": 18.5668984319046, "gt_scores/additive_pairwise/min": -128.90554809570312, "gt_scores/additive_pairwise/pct5": -93.57509346008301, "gt_scores/nonlin_additive/std": 0.125785236402486, "gt_scores/nonlin_additive/min": -0.8664681453126024, "gt_scores/nonlin_additive/pct5": -0.8440971430509998, "gt_scores/nonlin_additive_pairwise/std": 1.9225377318674264e-05, "gt_scores/nonlin_additive_pairwise/min": -0.8707194432537088, "gt_scores/nonlin_additive_pairwise/pct5": -0.8707194432537088, "rho_curated/additive/additive": 0.9999974980478998, "rho_random/additive/additive": 0.9999926758783162, "rho_curated/pairwise/additive": 0.9999458845098351, "rho_random/pairwise/additive": 0.9998826380642686, "rho_curated/additive_GE/additive": 0.9999860266234409, "rho_random/additive_GE/additive": 0.999968124931498, "rho_curated/pairwise_GE/additive": 0.9990308238731631, "rho_random/pairwise_GE/additive": 0.9981850770772508, "rho_curated/additive/additive_pairwise": 0.9757634463905377, "rho_random/additive/additive_pairwise": 0.9577009184619534, "rho_curated/pairwise/additive_pairwise": 0.9999376026134996, "rho_random/pairwise/additive_pairwise": 0.9998695493562848, "rho_curated/additive_GE/additive_pairwise": 0.9753830658141409, "rho_random/additive_GE/additive_pairwise": 0.9563932865247322, "rho_curated/pairwise_GE/additive_pairwise": 0.9917009413640375, "rho_random/pairwise_GE/additive_pairwise": 0.9873444033444034, "rho_curated/additive/nonlin_additive": 0.9940733782505085, "rho_random/additive/nonlin_additive": 0.9947332036815739, "rho_curated/pairwise/nonlin_additive": 0.9979330470771731, "rho_random/pairwise/nonlin_additive": 0.9931299549706281, "rho_curated/additive_GE/nonlin_additive": 0.9999920243436804, "rho_random/additive_GE/nonlin_additive": 0.9999906444037182, "rho_curated/pairwise_GE/nonlin_additive": 0.998785939407321, "rho_random/pairwise_GE/nonlin_additive": 0.9988706268275258, "rho_curated/additive/nonlin_additive_pairwise": NaN, "rho_random/additive/nonlin_additive_pairwise": 0.17257236994387556, "rho_curated/pairwise/nonlin_additive_pairwise": NaN, "rho_random/pairwise/nonlin_additive_pairwise": 0.14480250884777376, "rho_curated/additive_GE/nonlin_additive_pairwise": NaN, "rho_random/additive_GE/nonlin_additive_pairwise": 0.07945247279017299, "rho_curated/pairwise_GE/nonlin_additive_pairwise": NaN, "rho_random/pairwise_GE/nonlin_additive_pairwise": 0.16012700329119847, "rho_curated_mean": 0.9943774731929365, "rho_random_mean": 0.7776884661496983, "_wandb": {"runtime": 619}}