{"potts/n_edges": 552, "potts/edge_density": 0.9277310924369748, "potts/J_mean_abs": 2.6632838249206543, "potts/J_std": 2.4064066410064697, "_timestamp": 1773540725.2062747, "_runtime": 487.54570174217224, "_step": 21, "gt_scores/additive/std": 1.3842610764793362, "gt_scores/additive/min": -11.451440811157227, "gt_scores/additive/pct5": -7.0325216293334964, "gt_scores/additive_pairwise/std": 90.37149365207472, "gt_scores/additive_pairwise/min": -676.702392578125, "gt_scores/additive_pairwise/pct5": -377.1727981567383, "gt_scores/nonlin_additive/std": 0.13690464032538527, "gt_scores/nonlin_additive/min": -0.8426039102770062, "gt_scores/nonlin_additive/pct5": -0.8114426650877217, "gt_scores/nonlin_additive_pairwise/std": 7.588244166824553e-06, "gt_scores/nonlin_additive_pairwise/min": -0.8439837195431337, "gt_scores/nonlin_additive_pairwise/pct5": -0.8439837195431337, "rho_curated/additive/additive": 0.9999969459518774, "rho_random/additive/additive": 0.9999912285949605, "rho_curated/pairwise/additive": 0.9990482785218853, "rho_random/pairwise/additive": 0.9985892559490289, "rho_curated/additive_GE/additive": 0.9999296559491827, "rho_random/additive_GE/additive": 0.9998651542160906, "rho_curated/pairwise_GE/additive": 0.9618418395100102, "rho_random/pairwise_GE/additive": 0.928438821504832, "rho_curated/additive/additive_pairwise": 0.9821687842054675, "rho_random/additive/additive_pairwise": 0.9717727592627952, "rho_curated/pairwise/additive_pairwise": 0.9859796988061784, "rho_random/pairwise/additive_pairwise": 0.9773310023416727, "rho_curated/additive_GE/additive_pairwise": 0.982824788423755, "rho_random/additive_GE/additive_pairwise": 0.969933750361916, "rho_curated/pairwise_GE/additive_pairwise": 0.9465535926595782, "rho_random/pairwise_GE/additive_pairwise": 0.9290536120144994, "rho_curated/additive/nonlin_additive": 0.9961389160375564, "rho_random/additive/nonlin_additive": 0.996469724352719, "rho_curated/pairwise/nonlin_additive": 0.986854801938192, "rho_random/pairwise/nonlin_additive": 0.9827162526613369, "rho_curated/additive_GE/nonlin_additive": 0.9999743918069756, "rho_random/additive_GE/nonlin_additive": 0.9999680575050028, "rho_curated/pairwise_GE/nonlin_additive": 0.9782176860311391, "rho_random/pairwise_GE/nonlin_additive": 0.9755986125050359, "rho_curated/additive/nonlin_additive_pairwise": NaN, "rho_random/additive/nonlin_additive_pairwise": NaN, "rho_curated/pairwise/nonlin_additive_pairwise": NaN, "rho_random/pairwise/nonlin_additive_pairwise": 0.07694984919957067, "rho_curated/additive_GE/nonlin_additive_pairwise": NaN, "rho_random/additive_GE/nonlin_additive_pairwise": 0.0034745304443975196, "rho_curated/pairwise_GE/nonlin_additive_pairwise": NaN, "rho_random/pairwise_GE/nonlin_additive_pairwise": NaN, "rho_curated_mean": 0.9849607816534832, "rho_random_mean": 0.8435823293509899, "_wandb": {"runtime": 487}}