{"potts/n_edges": 273, "potts/edge_density": 0.6275862068965518, "potts/J_mean_abs": 2.956939220428467, "potts/J_std": 2.3924994468688965, "_timestamp": 1773687196.3697007, "_runtime": 507.63155364990234, "_step": 21, "gt_scores/additive/std": 1.1925536417782636, "gt_scores/additive/min": -9.211626052856445, "gt_scores/additive/pct5": -6.01135892868042, "gt_scores/additive_pairwise/std": 55.21024168673439, "gt_scores/additive_pairwise/min": -409.1602783203125, "gt_scores/additive_pairwise/pct5": -230.7101173400879, "gt_scores/nonlin_additive/std": 0.1394448448352391, "gt_scores/nonlin_additive/min": -0.8371870805299297, "gt_scores/nonlin_additive/pct5": -0.8067663836145071, "gt_scores/nonlin_additive_pairwise/std": 0.00017920317447109394, "gt_scores/nonlin_additive_pairwise/min": -0.8394933305681229, "gt_scores/nonlin_additive_pairwise/pct5": -0.8394933305681229, "rho_curated/additive/additive": 0.9999974133518964, "rho_random/additive/additive": 0.9999923621606936, "rho_curated/pairwise/additive": 0.9991833879432377, "rho_random/pairwise/additive": 0.998698297570594, "rho_curated/additive_GE/additive": 0.9999757731750304, "rho_random/additive_GE/additive": 0.9999389138642688, "rho_curated/pairwise_GE/additive": 0.9672428252161408, "rho_random/pairwise_GE/additive": 0.9456688257176756, "rho_curated/additive/additive_pairwise": 0.9683278927883556, "rho_random/additive/additive_pairwise": 0.9438550531388686, "rho_curated/pairwise/additive_pairwise": 0.9868559985539245, "rho_random/pairwise/additive_pairwise": 0.9794959776120616, "rho_curated/additive_GE/additive_pairwise": 0.9684833882433355, "rho_random/additive_GE/additive_pairwise": 0.9502194020201917, "rho_curated/pairwise_GE/additive_pairwise": 0.956171872189823, "rho_random/pairwise_GE/additive_pairwise": 0.9408111912392372, "rho_curated/additive/nonlin_additive": 0.9971013504679844, "rho_random/additive/nonlin_additive": 0.9971085385516469, "rho_curated/pairwise/nonlin_additive": 0.9888564129137218, "rho_random/pairwise/nonlin_additive": 0.9829202425005907, "rho_curated/additive_GE/nonlin_additive": 0.999981265023249, "rho_random/additive_GE/nonlin_additive": 0.9999737702059938, "rho_curated/pairwise_GE/nonlin_additive": 0.9824685363219001, "rho_random/pairwise_GE/nonlin_additive": 0.9788931157339705, "rho_curated/additive/nonlin_additive_pairwise": NaN, "rho_random/additive/nonlin_additive_pairwise": 0.07173308969940459, "rho_curated/pairwise/nonlin_additive_pairwise": NaN, "rho_random/pairwise/nonlin_additive_pairwise": 0.0894807694190712, "rho_curated/additive_GE/nonlin_additive_pairwise": NaN, "rho_random/additive_GE/nonlin_additive_pairwise": 0.05465930623017794, "rho_curated/pairwise_GE/nonlin_additive_pairwise": NaN, "rho_random/pairwise_GE/nonlin_additive_pairwise": 0.01170970668254462, "rho_curated_mean": 0.9845538430157167, "rho_random_mean": 0.746572410146687, "_wandb": {"runtime": 507}}