{"potts/n_edges": 240, "potts/edge_density": 0.8, "potts/J_mean_abs": 4.669000148773193, "potts/J_std": 8.82813835144043, "_timestamp": 1773458063.8320904, "_runtime": 504.35859847068787, "_step": 21, "gt_scores/additive/std": 1.0558350651310102, "gt_scores/additive/min": -6.844762802124023, "gt_scores/additive/pct5": -4.71688940525055, "gt_scores/additive_pairwise/std": 82.92458079602392, "gt_scores/additive_pairwise/min": -634.5303955078125, "gt_scores/additive_pairwise/pct5": -292.7510955810547, "gt_scores/nonlin_additive/std": 0.15669553213052334, "gt_scores/nonlin_additive/min": -0.7903161719451305, "gt_scores/nonlin_additive/pct5": -0.7533312902383124, "gt_scores/nonlin_additive_pairwise/std": 0.010080128090619653, "gt_scores/nonlin_additive_pairwise/min": -0.796258321306294, "gt_scores/nonlin_additive_pairwise/pct5": -0.796258321306294, "rho_curated/additive/additive": 0.9999977173119086, "rho_random/additive/additive": 0.9999935047861609, "rho_curated/pairwise/additive": 0.9997244895889794, "rho_random/pairwise/additive": 0.999496495279987, "rho_curated/additive_GE/additive": 0.9999802485512084, "rho_random/additive_GE/additive": 0.999957154382399, "rho_curated/pairwise_GE/additive": 0.9790618813384752, "rho_random/pairwise_GE/additive": 0.9699501052088305, "rho_curated/additive/additive_pairwise": 0.8645781242086247, "rho_random/additive/additive_pairwise": 0.868197337396515, "rho_curated/pairwise/additive_pairwise": 0.9676707752828309, "rho_random/pairwise/additive_pairwise": 0.9496575545498105, "rho_curated/additive_GE/additive_pairwise": 0.8261469574695333, "rho_random/additive_GE/additive_pairwise": 0.8513909952020222, "rho_curated/pairwise_GE/additive_pairwise": 0.9679724718765927, "rho_random/pairwise_GE/additive_pairwise": 0.9546250346878739, "rho_curated/additive/nonlin_additive": 0.9978941934995658, "rho_random/additive/nonlin_additive": 0.9976963536791263, "rho_curated/pairwise/nonlin_additive": 0.9959154786923252, "rho_random/pairwise/nonlin_additive": 0.9918571448106297, "rho_curated/additive_GE/nonlin_additive": 0.9999824721992977, "rho_random/additive_GE/nonlin_additive": 0.9999754284887155, "rho_curated/pairwise_GE/nonlin_additive": 0.9932807020185832, "rho_random/pairwise_GE/nonlin_additive": 0.9908002571339061, "rho_curated/additive/nonlin_additive_pairwise": 0.6935946600182616, "rho_random/additive/nonlin_additive_pairwise": 0.2302188218795583, "rho_curated/pairwise/nonlin_additive_pairwise": 0.7133895192502351, "rho_random/pairwise/nonlin_additive_pairwise": 0.24167288065679535, "rho_curated/additive_GE/nonlin_additive_pairwise": 0.3154850732336401, "rho_random/additive_GE/nonlin_additive_pairwise": 0.10807871417889615, "rho_curated/pairwise_GE/nonlin_additive_pairwise": 0.719783897578706, "rho_random/pairwise_GE/nonlin_additive_pairwise": 0.20381588696525527, "rho_curated_mean": 0.877153666382423, "rho_random_mean": 0.7723364793304051, "_wandb": {"runtime": 504}}