{"potts/n_edges": 261, "potts/edge_density": 0.3182926829268293, "potts/J_mean_abs": 1.4453058242797852, "potts/J_std": 1.972554326057434, "_timestamp": 1773634200.4505703, "_runtime": 501.74361634254456, "_step": 21, "gt_scores/additive/std": 1.3716052166180124, "gt_scores/additive/min": -9.657029151916504, "gt_scores/additive/pct5": -6.695575809478759, "gt_scores/additive_pairwise/std": 19.062912974978065, "gt_scores/additive_pairwise/min": -158.84616088867188, "gt_scores/additive_pairwise/pct5": -73.15242385864258, "gt_scores/nonlin_additive/std": 0.1440377317855033, "gt_scores/nonlin_additive/min": -0.8210666984264194, "gt_scores/nonlin_additive/pct5": -0.790616199558326, "gt_scores/nonlin_additive_pairwise/std": 0.02899638812141598, "gt_scores/nonlin_additive_pairwise/min": -0.8251824253573227, "gt_scores/nonlin_additive_pairwise/pct5": -0.8251824253573227, "rho_curated/additive/additive": 0.9999968286878729, "rho_random/additive/additive": 0.9999912783805512, "rho_curated/pairwise/additive": 0.9988114604324012, "rho_random/pairwise/additive": 0.9984215153486762, "rho_curated/additive_GE/additive": 0.9999705617428208, "rho_random/additive_GE/additive": 0.9999297964695376, "rho_curated/pairwise_GE/additive": 0.9661224820352731, "rho_random/pairwise_GE/additive": 0.9495841376879153, "rho_curated/additive/additive_pairwise": 0.8895531985261758, "rho_random/additive/additive_pairwise": 0.8648187624156892, "rho_curated/pairwise/additive_pairwise": 0.9138374854293638, "rho_random/pairwise/additive_pairwise": 0.8871254774246243, "rho_curated/additive_GE/additive_pairwise": 0.8808592164235092, "rho_random/additive_GE/additive_pairwise": 0.8463489380662371, "rho_curated/pairwise_GE/additive_pairwise": 0.8822592328098922, "rho_random/pairwise_GE/additive_pairwise": 0.8496003433886786, "rho_curated/additive/nonlin_additive": 0.9962368532972032, "rho_random/additive/nonlin_additive": 0.9958680823058299, "rho_curated/pairwise/nonlin_additive": 0.9869223257725791, "rho_random/pairwise/nonlin_additive": 0.9827988273590105, "rho_curated/additive_GE/nonlin_additive": 0.9999697099587862, "rho_random/additive_GE/nonlin_additive": 0.9999601479195298, "rho_curated/pairwise_GE/nonlin_additive": 0.9825920327184279, "rho_random/pairwise_GE/nonlin_additive": 0.9828387077353004, "rho_curated/additive/nonlin_additive_pairwise": 0.19618326045251064, "rho_random/additive/nonlin_additive_pairwise": 0.5983429329959206, "rho_curated/pairwise/nonlin_additive_pairwise": 0.19369958964231315, "rho_random/pairwise/nonlin_additive_pairwise": 0.5881799384099013, "rho_curated/additive_GE/nonlin_additive_pairwise": 0.22405095905458794, "rho_random/additive_GE/nonlin_additive_pairwise": 0.6733059601586124, "rho_curated/pairwise_GE/nonlin_additive_pairwise": 0.21705226143750478, "rho_random/pairwise_GE/nonlin_additive_pairwise": 0.6707127837652642, "rho_curated_mean": 0.7705073411513264, "rho_random_mean": 0.8679892268644549, "_wandb": {"runtime": 501}}