{"potts/n_edges": 82, "potts/edge_density": 0.780952380952381, "potts/J_mean_abs": 3.950338840484619, "potts/J_std": 3.2552618980407715, "_timestamp": 1773673936.1956437, "_runtime": 465.0908386707306, "_step": 21, "gt_scores/additive/std": 0.7770162874764199, "gt_scores/additive/min": -5.525506973266602, "gt_scores/additive/pct5": -4.092422103881836, "gt_scores/additive_pairwise/std": 42.191364780871254, "gt_scores/additive_pairwise/min": -381.5376892089844, "gt_scores/additive_pairwise/pct5": -316.62202911376954, "gt_scores/nonlin_additive/std": 0.13179785214960515, "gt_scores/nonlin_additive/min": -0.851066460422529, "gt_scores/nonlin_additive/pct5": -0.8261551473383105, "gt_scores/nonlin_additive_pairwise/std": 2.220446049250313e-16, "gt_scores/nonlin_additive_pairwise/min": -0.8558889585984598, "gt_scores/nonlin_additive_pairwise/pct5": -0.8558889585984598, "rho_curated/additive/additive": 0.9999981993039275, "rho_random/additive/additive": 0.9999949188718918, "rho_curated/pairwise/additive": 0.9999770576550774, "rho_random/pairwise/additive": 0.9999525120897044, "rho_curated/additive_GE/additive": NaN, "rho_random/additive_GE/additive": NaN, "rho_curated/pairwise_GE/additive": 0.9974819888266754, "rho_random/pairwise_GE/additive": 0.9955440195985009, "rho_curated/additive/additive_pairwise": 0.9241533519570326, "rho_random/additive/additive_pairwise": 0.8786177823926504, "rho_curated/pairwise/additive_pairwise": 0.9999617125344641, "rho_random/pairwise/additive_pairwise": 0.9999422492595691, "rho_curated/additive_GE/additive_pairwise": 0.9235712742216796, "rho_random/additive_GE/additive_pairwise": 0.8874581875671547, "rho_curated/pairwise_GE/additive_pairwise": 0.99956926526275, "rho_random/pairwise_GE/additive_pairwise": 0.9994301779780285, "rho_curated/additive/nonlin_additive": 0.9974022036557142, "rho_random/additive/nonlin_additive": 0.9976945476754283, "rho_curated/pairwise/nonlin_additive": 0.9993444110536663, "rho_random/pairwise/nonlin_additive": 0.997276594126553, "rho_curated/additive_GE/nonlin_additive": 0.9999906646716248, "rho_random/additive_GE/nonlin_additive": 0.9999896510674953, "rho_curated/pairwise_GE/nonlin_additive": 0.9996105337203559, "rho_random/pairwise_GE/nonlin_additive": 0.9995957815323265, "rho_curated/additive/nonlin_additive_pairwise": NaN, "rho_random/additive/nonlin_additive_pairwise": NaN, "rho_curated/pairwise/nonlin_additive_pairwise": NaN, "rho_random/pairwise/nonlin_additive_pairwise": NaN, "rho_curated/additive_GE/nonlin_additive_pairwise": NaN, "rho_random/additive_GE/nonlin_additive_pairwise": NaN, "rho_curated/pairwise_GE/nonlin_additive_pairwise": NaN, "rho_random/pairwise_GE/nonlin_additive_pairwise": NaN, "rho_curated_mean": 0.9855509693511788, "rho_random_mean": 0.977772402014482, "_wandb": {"runtime": 464}}