{"potts/n_edges": 608, "potts/edge_density": 0.7414634146341463, "potts/J_mean_abs": 1.3832581043243408, "potts/J_std": 1.065064549446106, "_timestamp": 1773353064.538116, "_runtime": 510.5258560180664, "_step": 21, "gt_scores/additive/std": 1.1860614228345705, "gt_scores/additive/min": -9.174449920654297, "gt_scores/additive/pct5": -5.963141226768494, "gt_scores/additive_pairwise/std": 42.26311782836797, "gt_scores/additive_pairwise/min": -342.78582763671875, "gt_scores/additive_pairwise/pct5": -172.98612899780272, "gt_scores/nonlin_additive/std": 0.13932092218207864, "gt_scores/nonlin_additive/min": -0.8387769497608178, "gt_scores/nonlin_additive/pct5": -0.8075601255595296, "gt_scores/nonlin_additive_pairwise/std": 0.009052026316475052, "gt_scores/nonlin_additive_pairwise/min": -0.8410853302405211, "gt_scores/nonlin_additive_pairwise/pct5": -0.8410853302405211, "rho_curated/additive/additive": 0.9999968419838735, "rho_random/additive/additive": 0.9999911750982156, "rho_curated/pairwise/additive": 0.998933379189335, "rho_random/pairwise/additive": 0.9985442661711196, "rho_curated/additive_GE/additive": 0.9999715994788634, "rho_random/additive_GE/additive": 0.9999408590720068, "rho_curated/pairwise_GE/additive": 0.9724920064516802, "rho_random/pairwise_GE/additive": 0.9501673252229987, "rho_curated/additive/additive_pairwise": 0.9842498498012379, "rho_random/additive/additive_pairwise": 0.9725997934003697, "rho_curated/pairwise/additive_pairwise": 0.9825928583908787, "rho_random/pairwise/additive_pairwise": 0.973259590807594, "rho_curated/additive_GE/additive_pairwise": 0.9845429279958623, "rho_random/additive_GE/additive_pairwise": 0.9712197292548449, "rho_curated/pairwise_GE/additive_pairwise": 0.9503799889888177, "rho_random/pairwise_GE/additive_pairwise": 0.9374829111659034, "rho_curated/additive/nonlin_additive": 0.9965064465560064, "rho_random/additive/nonlin_additive": 0.9965846543391041, "rho_curated/pairwise/nonlin_additive": 0.9876317555763798, "rho_random/pairwise/nonlin_additive": 0.9824441554740316, "rho_curated/additive_GE/nonlin_additive": 0.9999811536392439, "rho_random/additive_GE/nonlin_additive": 0.9999715657483984, "rho_curated/pairwise_GE/nonlin_additive": 0.9810717786979625, "rho_random/pairwise_GE/nonlin_additive": 0.9778196607558309, "rho_curated/additive/nonlin_additive_pairwise": NaN, "rho_random/additive/nonlin_additive_pairwise": 0.11860935833284078, "rho_curated/pairwise/nonlin_additive_pairwise": NaN, "rho_random/pairwise/nonlin_additive_pairwise": 0.1673619081419142, "rho_curated/additive_GE/nonlin_additive_pairwise": NaN, "rho_random/additive_GE/nonlin_additive_pairwise": -0.0035149695432819157, "rho_curated/pairwise_GE/nonlin_additive_pairwise": NaN, "rho_random/pairwise_GE/nonlin_additive_pairwise": -0.0034417262372065565, "rho_curated_mean": 0.9865292155625118, "rho_random_mean": 0.7524400160752928, "_wandb": {"runtime": 510}}