{"potts/n_edges": 201, "potts/edge_density": 0.67, "potts/J_mean_abs": 4.297849655151367, "potts/J_std": 3.5652918815612793, "_timestamp": 1773686668.9679096, "_runtime": 423.66923666000366, "_step": 16, "gt_scores/additive/std": 1.4607008917297066, "gt_scores/additive/min": -10.880603790283203, "gt_scores/additive/pct5": -7.648485493659973, "gt_scores/additive_pairwise/std": 103.82973509509091, "gt_scores/additive_pairwise/min": -753.8772583007812, "gt_scores/additive_pairwise/pct5": -459.02427825927737, "gt_scores/nonlin_additive/std": 0.1329364744996366, "gt_scores/nonlin_additive/min": -0.8491222741790089, "gt_scores/nonlin_additive/pct5": -0.8226467537292117, "gt_scores/nonlin_additive_pairwise/std": 1.0556481550784676e-06, "gt_scores/nonlin_additive_pairwise/min": -0.8524745773399738, "gt_scores/nonlin_additive_pairwise/pct5": -0.8524745773399738, "rho_curated/additive/additive": 0.9999977451039095, "rho_random/additive/additive": 0.9999934576800792, "rho_curated/pairwise/additive": 0.999694582323783, "rho_random/pairwise/additive": 0.999410777009772, "rho_curated/additive_GE/additive": 0.9999741099509643, "rho_random/additive_GE/additive": 0.9999430162185523, "rho_curated/pairwise_GE/additive": 0.9880047657756148, "rho_random/pairwise_GE/additive": 0.9808188750983101, "rho_curated/additive/additive_pairwise": 0.9809639381261007, "rho_random/additive/additive_pairwise": 0.972323129363595, "rho_curated/pairwise/additive_pairwise": 0.9993905436156071, "rho_random/pairwise/additive_pairwise": 0.9990328927898434, "rho_curated/additive_GE/additive_pairwise": 0.981312634140057, "rho_random/additive_GE/additive_pairwise": 0.9707381974902799, "rho_curated/pairwise_GE/additive_pairwise": 0.9762645869545834, "rho_random/pairwise_GE/additive_pairwise": 0.963998007998008, "rho_curated/additive/nonlin_additive": 0.9974499234818748, "rho_random/additive/nonlin_additive": 0.9975078758088645, "rho_curated/pairwise/nonlin_additive": 0.9931510645975494, "rho_random/pairwise/nonlin_additive": 0.985912482726854, "rho_curated/additive_GE/nonlin_additive": 0.9999742614629675, "rho_random/additive_GE/nonlin_additive": 0.9999703005184827, "rho_curated/pairwise_GE/nonlin_additive": 0.9882529355052716, "rho_random/pairwise_GE/nonlin_additive": 0.9880440881756822, "_wandb": {"runtime": 423}}