{"potts/n_edges": 406, "potts/edge_density": 0.9333333333333333, "potts/J_mean_abs": 4.106503486633301, "potts/J_std": 3.211324691772461, "_timestamp": 1773647285.571491, "_runtime": 384.5556809902191, "_step": 16, "gt_scores/additive/std": 1.3145519307288893, "gt_scores/additive/min": -9.543702125549316, "gt_scores/additive/pct5": -6.543755149841308, "gt_scores/additive_pairwise/std": 144.76942086952718, "gt_scores/additive_pairwise/min": -1028.651123046875, "gt_scores/additive_pairwise/pct5": -629.4350067138672, "gt_scores/nonlin_additive/std": 0.1415948963973883, "gt_scores/nonlin_additive/min": -0.8305795334928087, "gt_scores/nonlin_additive/pct5": -0.8006284573354645, "gt_scores/nonlin_additive_pairwise/std": 3.217106005449993e-08, "gt_scores/nonlin_additive_pairwise/min": -0.8341020215334246, "gt_scores/nonlin_additive_pairwise/pct5": -0.8341020215334246, "rho_curated/additive/additive": 0.9999973320398932, "rho_random/additive/additive": 0.9999917196998535, "rho_curated/pairwise/additive": 0.9992302101452083, "rho_random/pairwise/additive": 0.9987674120234604, "rho_curated/additive_GE/additive": 0.9999706612468263, "rho_random/additive_GE/additive": 0.9999374393833835, "rho_curated/pairwise_GE/additive": 0.9702643891465755, "rho_random/pairwise_GE/additive": 0.9507152686490784, "rho_curated/additive/additive_pairwise": 0.9887795405029124, "rho_random/additive/additive_pairwise": 0.9803341761708114, "rho_curated/pairwise/additive_pairwise": 0.9934796035151839, "rho_random/pairwise/additive_pairwise": 0.9900387278007061, "rho_curated/additive_GE/additive_pairwise": 0.9887366797409264, "rho_random/additive_GE/additive_pairwise": 0.9798899730480696, "rho_curated/pairwise_GE/additive_pairwise": 0.9627105609955274, "rho_random/pairwise_GE/additive_pairwise": 0.9472061708135995, "rho_curated/additive/nonlin_additive": 0.9972257796728315, "rho_random/additive/nonlin_additive": 0.9970067553613986, "rho_curated/pairwise/nonlin_additive": 0.9894995151872246, "rho_random/pairwise/nonlin_additive": 0.9834690399596745, "rho_curated/additive_GE/nonlin_additive": 0.999983845743353, "rho_random/additive_GE/nonlin_additive": 0.9999796563947295, "rho_curated/pairwise_GE/nonlin_additive": 0.9810514865522403, "rho_random/pairwise_GE/nonlin_additive": 0.9748833010584981, "_wandb": {"runtime": 384}}