{"potts/n_edges": 82, "potts/edge_density": 0.780952380952381, "potts/J_mean_abs": 2.9473533630371094, "potts/J_std": 2.432203531265259, "_timestamp": 1773615249.9294949, "_runtime": 519.6040678024292, "_step": 21, "gt_scores/additive/std": 0.9354941049529601, "gt_scores/additive/min": -6.730696678161621, "gt_scores/additive/pct5": -5.088986277580261, "gt_scores/additive_pairwise/std": 34.4420886936109, "gt_scores/additive_pairwise/min": -302.06207275390625, "gt_scores/additive_pairwise/pct5": -255.21007232666017, "gt_scores/nonlin_additive/std": 0.12695859792178035, "gt_scores/nonlin_additive/min": -0.8594803927815321, "gt_scores/nonlin_additive/pct5": -0.8373509757801759, "gt_scores/nonlin_additive_pairwise/std": 1.1102230246251565e-16, "gt_scores/nonlin_additive_pairwise/min": -0.8642349522941661, "gt_scores/nonlin_additive_pairwise/pct5": -0.8642349522941661, "rho_curated/additive/additive": 0.999997688319907, "rho_random/additive/additive": 0.9999928933945278, "rho_curated/pairwise/additive": 0.9999749000549908, "rho_random/pairwise/additive": 0.9999440160497446, "rho_curated/additive_GE/additive": NaN, "rho_random/additive_GE/additive": NaN, "rho_curated/pairwise_GE/additive": 0.9997018111000081, "rho_random/pairwise_GE/additive": 0.9995118472011398, "rho_curated/additive/additive_pairwise": 0.9375541402866723, "rho_random/additive/additive_pairwise": 0.8812030184143596, "rho_curated/pairwise/additive_pairwise": 0.9999666780626624, "rho_random/pairwise/additive_pairwise": 0.9999221946682821, "rho_curated/additive_GE/additive_pairwise": 0.9379935316577885, "rho_random/additive_GE/additive_pairwise": 0.886611349820313, "rho_curated/pairwise_GE/additive_pairwise": 0.9995799159831562, "rho_random/pairwise_GE/additive_pairwise": 0.9994305754305755, "rho_curated/additive/nonlin_additive": 0.9956315185512687, "rho_random/additive/nonlin_additive": 0.9947410952826761, "rho_curated/pairwise/nonlin_additive": 0.999176708694693, "rho_random/pairwise/nonlin_additive": 0.9975190565115085, "rho_curated/additive_GE/nonlin_additive": 0.9999892709435656, "rho_random/additive_GE/nonlin_additive": 0.9999857414726827, "rho_curated/pairwise_GE/nonlin_additive": 0.9994362612892068, "rho_random/pairwise_GE/nonlin_additive": 0.9996074059261963, "rho_curated/additive/nonlin_additive_pairwise": NaN, "rho_random/additive/nonlin_additive_pairwise": NaN, "rho_curated/pairwise/nonlin_additive_pairwise": NaN, "rho_random/pairwise/nonlin_additive_pairwise": NaN, "rho_curated/additive_GE/nonlin_additive_pairwise": NaN, "rho_random/additive_GE/nonlin_additive_pairwise": NaN, "rho_curated/pairwise_GE/nonlin_additive_pairwise": NaN, "rho_random/pairwise_GE/nonlin_additive_pairwise": NaN, "rho_curated_mean": 0.9880911295403562, "rho_random_mean": 0.978042654015637, "_wandb": {"runtime": 519}}