{"potts/n_edges": 163, "potts/edge_density": 0.8578947368421053, "potts/J_mean_abs": 3.3203916549682617, "potts/J_std": 2.7142562866210938, "_timestamp": 1773653603.3688378, "_runtime": 557.082505941391, "_step": 21, "gt_scores/additive/std": 1.3328169946638528, "gt_scores/additive/min": -8.54687213897705, "gt_scores/additive/pct5": -5.66396427154541, "gt_scores/additive_pairwise/std": 62.71598283887953, "gt_scores/additive_pairwise/min": -439.57904052734375, "gt_scores/additive_pairwise/pct5": -246.28488693237304, "gt_scores/nonlin_additive/std": 0.16085671890946024, "gt_scores/nonlin_additive/min": -0.7713287382205405, "gt_scores/nonlin_additive/pct5": -0.7296449659409056, "gt_scores/nonlin_additive_pairwise/std": 0.009021608772794724, "gt_scores/nonlin_additive_pairwise/min": -0.7770133472475471, "gt_scores/nonlin_additive_pairwise/pct5": -0.7770133472475471, "rho_curated/additive/additive": 0.9999974295758971, "rho_random/additive/additive": 0.9999912038864024, "rho_curated/pairwise/additive": 0.9999421831336816, "rho_random/pairwise/additive": 0.999883288960099, "rho_curated/additive_GE/additive": NaN, "rho_random/additive_GE/additive": NaN, "rho_curated/pairwise_GE/additive": 0.9928720220825386, "rho_random/pairwise_GE/additive": 0.9896647542616438, "rho_curated/additive/additive_pairwise": 0.9797739299504717, "rho_random/additive/additive_pairwise": 0.9666117686316135, "rho_curated/pairwise/additive_pairwise": 0.9999277804211094, "rho_random/pairwise/additive_pairwise": 0.9998622517393011, "rho_curated/additive_GE/additive_pairwise": 0.9800773990421399, "rho_random/additive_GE/additive_pairwise": 0.9694162949111684, "rho_curated/pairwise_GE/additive_pairwise": 0.9936766902986124, "rho_random/pairwise_GE/additive_pairwise": 0.9896066356063133, "rho_curated/additive/nonlin_additive": 0.997861505210255, "rho_random/additive/nonlin_additive": 0.996298906472964, "rho_curated/pairwise/nonlin_additive": 0.9987866262872902, "rho_random/pairwise/nonlin_additive": 0.9980314118988015, "rho_curated/additive_GE/nonlin_additive": 0.999988716591547, "rho_random/additive_GE/nonlin_additive": 0.9999840545689341, "rho_curated/pairwise_GE/nonlin_additive": 0.9973329707809989, "rho_random/pairwise_GE/nonlin_additive": 0.9964383172542962, "rho_curated/additive/nonlin_additive_pairwise": NaN, "rho_random/additive/nonlin_additive_pairwise": 0.12287258245516681, "rho_curated/pairwise/nonlin_additive_pairwise": NaN, "rho_random/pairwise/nonlin_additive_pairwise": 0.1690589034652834, "rho_curated/additive_GE/nonlin_additive_pairwise": NaN, "rho_random/additive_GE/nonlin_additive_pairwise": -0.0034121387374666033, "rho_curated/pairwise_GE/nonlin_additive_pairwise": NaN, "rho_random/pairwise_GE/nonlin_additive_pairwise": -0.11905592675708757, "rho_curated_mean": 0.9945670230340492, "rho_random_mean": 0.7383501539078289, "_wandb": {"runtime": 556}}