{"potts/n_edges": 265, "potts/edge_density": 0.8833333333333333, "potts/J_mean_abs": 3.058966636657715, "potts/J_std": 2.4195730686187744, "_timestamp": 1773526440.6136782, "_runtime": 532.8110911846161, "_step": 21, "gt_scores/additive/std": 1.0845397655127298, "gt_scores/additive/min": -7.869518280029297, "gt_scores/additive/pct5": -4.928722500801086, "gt_scores/additive_pairwise/std": 66.20880600604511, "gt_scores/additive_pairwise/min": -473.248046875, "gt_scores/additive_pairwise/pct5": -252.67735214233397, "gt_scores/nonlin_additive/std": 0.1521633644541054, "gt_scores/nonlin_additive/min": -0.7983750201741924, "gt_scores/nonlin_additive/pct5": -0.7601459147927325, "gt_scores/nonlin_additive_pairwise/std": 0.00986469023936674, "gt_scores/nonlin_additive_pairwise/min": -0.8012119156418135, "gt_scores/nonlin_additive_pairwise/pct5": -0.8012119156418135, "rho_curated/additive/additive": 0.9999968423438735, "rho_random/additive/additive": 0.9999911665652192, "rho_curated/pairwise/additive": 0.9997217739168642, "rho_random/pairwise/additive": 0.9995349920273583, "rho_curated/additive_GE/additive": 0.9999746131349834, "rho_random/additive_GE/additive": 0.999939440562453, "rho_curated/pairwise_GE/additive": 0.9835607215496399, "rho_random/pairwise_GE/additive": 0.9733171555131873, "rho_curated/additive/additive_pairwise": 0.9832460093458403, "rho_random/additive/additive_pairwise": 0.9671296596028306, "rho_curated/pairwise/additive_pairwise": 0.998866903410676, "rho_random/pairwise/additive_pairwise": 0.9981988828670924, "rho_curated/additive_GE/additive_pairwise": 0.9833846891029888, "rho_random/additive_GE/additive_pairwise": 0.9737991587082985, "rho_curated/pairwise_GE/additive_pairwise": 0.9804410026567011, "rho_random/pairwise_GE/additive_pairwise": 0.9767376146025609, "rho_curated/additive/nonlin_additive": 0.997519840932734, "rho_random/additive/nonlin_additive": 0.9969424235948069, "rho_curated/pairwise/nonlin_additive": 0.9962303836649439, "rho_random/pairwise/nonlin_additive": 0.9933131354906218, "rho_curated/additive_GE/nonlin_additive": 0.9999790319911609, "rho_random/additive_GE/nonlin_additive": 0.9999780780946693, "rho_curated/pairwise_GE/nonlin_additive": 0.9931105172920901, "rho_random/pairwise_GE/nonlin_additive": 0.990920358920359, "rho_curated/additive/nonlin_additive_pairwise": NaN, "rho_random/additive/nonlin_additive_pairwise": 0.14822717877331873, "rho_curated/pairwise/nonlin_additive_pairwise": NaN, "rho_random/pairwise/nonlin_additive_pairwise": 0.12767363869478562, "rho_curated/additive_GE/nonlin_additive_pairwise": NaN, "rho_random/additive_GE/nonlin_additive_pairwise": 0.10169521958710337, "rho_curated/pairwise_GE/nonlin_additive_pairwise": NaN, "rho_random/pairwise_GE/nonlin_additive_pairwise": 0.1135573374549318, "rho_curated_mean": 0.9930026941118747, "rho_random_mean": 0.7725597150662248, "_wandb": {"runtime": 532}}