{"potts/n_edges": 371, "potts/edge_density": 0.4524390243902439, "potts/J_mean_abs": 3.8419485092163086, "potts/J_std": 3.056246042251587, "_timestamp": 1773694125.2891743, "_runtime": 528.7670114040375, "_step": 21, "gt_scores/additive/std": 1.4141204252484063, "gt_scores/additive/min": -10.380922317504883, "gt_scores/additive/pct5": -6.623820447921753, "gt_scores/additive_pairwise/std": 77.49523506122411, "gt_scores/additive_pairwise/min": -607.7169189453125, "gt_scores/additive_pairwise/pct5": -312.50895538330076, "gt_scores/nonlin_additive/std": 0.14875548528076443, "gt_scores/nonlin_additive/min": -0.8106068374500198, "gt_scores/nonlin_additive/pct5": -0.7746956196886492, "gt_scores/nonlin_additive_pairwise/std": 0.0006568455972025737, "gt_scores/nonlin_additive_pairwise/min": -0.8134260444472015, "gt_scores/nonlin_additive_pairwise/pct5": -0.8134260444472015, "rho_curated/additive/additive": 0.9999967805438711, "rho_random/additive/additive": 0.9999924416357431, "rho_curated/pairwise/additive": 0.9988830740592961, "rho_random/pairwise/additive": 0.998485809806339, "rho_curated/additive_GE/additive": 0.9999041683561645, "rho_random/additive_GE/additive": 0.9998280421433648, "rho_curated/pairwise_GE/additive": 0.9662432950657317, "rho_random/pairwise_GE/additive": 0.9515566068735308, "rho_curated/additive/additive_pairwise": 0.9707794739017764, "rho_random/additive/additive_pairwise": 0.9482324639834597, "rho_curated/pairwise/additive_pairwise": 0.9741575769490628, "rho_random/pairwise/additive_pairwise": 0.9654242774746826, "rho_curated/additive_GE/additive_pairwise": 0.9709520385893844, "rho_random/additive_GE/additive_pairwise": 0.9522216286851282, "rho_curated/pairwise_GE/additive_pairwise": 0.9393384714840829, "rho_random/pairwise_GE/additive_pairwise": 0.919047174085824, "rho_curated/additive/nonlin_additive": 0.9961137659081777, "rho_random/additive/nonlin_additive": 0.9960064681175284, "rho_curated/pairwise/nonlin_additive": 0.9882620105776353, "rho_random/pairwise/nonlin_additive": 0.9845573518946522, "rho_curated/additive_GE/nonlin_additive": 0.9999796692391864, "rho_random/additive_GE/nonlin_additive": 0.9999716892796934, "rho_curated/pairwise_GE/nonlin_additive": 0.9834474010567043, "rho_random/pairwise_GE/nonlin_additive": 0.9819634721887509, "rho_curated/additive/nonlin_additive_pairwise": NaN, "rho_random/additive/nonlin_additive_pairwise": 0.10164593490511223, "rho_curated/pairwise/nonlin_additive_pairwise": NaN, "rho_random/pairwise/nonlin_additive_pairwise": 0.09472640733340054, "rho_curated/additive_GE/nonlin_additive_pairwise": NaN, "rho_random/additive_GE/nonlin_additive_pairwise": 0.0212314693358328, "rho_curated/pairwise_GE/nonlin_additive_pairwise": NaN, "rho_random/pairwise_GE/nonlin_additive_pairwise": 0.07105597943484594, "rho_curated_mean": 0.9823381438109228, "rho_random_mean": 0.7491217010736181, "_wandb": {"runtime": 528}}