{"potts/n_edges": 105, "potts/edge_density": 0.5526315789473685, "potts/J_mean_abs": 4.263470649719238, "potts/J_std": 3.3538599014282227, "_timestamp": 1773669678.8487864, "_runtime": 523.6559612751007, "_step": 21, "gt_scores/additive/std": 1.2097035595556864, "gt_scores/additive/min": -8.994394302368164, "gt_scores/additive/pct5": -6.638693571090698, "gt_scores/additive_pairwise/std": 71.4249502105938, "gt_scores/additive_pairwise/min": -521.3571166992188, "gt_scores/additive_pairwise/pct5": -346.07884521484374, "gt_scores/nonlin_additive/std": 0.12780147869164835, "gt_scores/nonlin_additive/min": -0.8633649983358815, "gt_scores/nonlin_additive/pct5": -0.8409005929909275, "gt_scores/nonlin_additive_pairwise/std": 2.7348365629629866e-12, "gt_scores/nonlin_additive_pairwise/min": -0.8672038070001775, "gt_scores/nonlin_additive_pairwise/pct5": -0.8672038070001775, "rho_curated/additive/additive": 0.9999980783199228, "rho_random/additive/additive": 0.9999935719301254, "rho_curated/pairwise/additive": 0.9999484118059363, "rho_random/pairwise/additive": 0.9998854425396104, "rho_curated/additive_GE/additive": 0.9999819931832786, "rho_random/additive_GE/additive": 0.9999584597505665, "rho_curated/pairwise_GE/additive": 0.9991633435505337, "rho_random/pairwise_GE/additive": 0.998385565217315, "rho_curated/additive/additive_pairwise": 0.9761280059485474, "rho_random/additive/additive_pairwise": 0.9607550930406367, "rho_curated/pairwise/additive_pairwise": 0.9999341194213615, "rho_random/pairwise/additive_pairwise": 0.9998639131766067, "rho_curated/additive_GE/additive_pairwise": 0.97648247648217, "rho_random/additive_GE/additive_pairwise": 0.9581982788052329, "rho_curated/pairwise_GE/additive_pairwise": 0.999166424166637, "rho_random/pairwise_GE/additive_pairwise": 0.9984714698141336, "rho_curated/additive/nonlin_additive": 0.9965135485643745, "rho_random/additive/nonlin_additive": 0.996482946688266, "rho_curated/pairwise/nonlin_additive": 0.9981140466125618, "rho_random/pairwise/nonlin_additive": 0.993849348226752, "rho_curated/additive_GE/nonlin_additive": 0.9999910083276402, "rho_random/additive_GE/nonlin_additive": 0.99998867956904, "rho_curated/pairwise_GE/nonlin_additive": 0.9978347938812877, "rho_random/pairwise_GE/nonlin_additive": 0.9982793613572056, "rho_curated/additive/nonlin_additive_pairwise": NaN, "rho_random/additive/nonlin_additive_pairwise": NaN, "rho_curated/pairwise/nonlin_additive_pairwise": NaN, "rho_random/pairwise/nonlin_additive_pairwise": NaN, "rho_curated/additive_GE/nonlin_additive_pairwise": NaN, "rho_random/additive_GE/nonlin_additive_pairwise": NaN, "rho_curated/pairwise_GE/nonlin_additive_pairwise": NaN, "rho_random/pairwise_GE/nonlin_additive_pairwise": NaN, "rho_curated_mean": 0.9952713541886876, "rho_random_mean": 0.9920093441762908, "_wandb": {"runtime": 523}}