{"potts/n_edges": 2949, "potts/edge_density": 0.9332278481012658, "potts/J_mean_abs": 3.976492404937744, "potts/J_std": 3.7174837589263916, "_timestamp": 1773609085.7346098, "_runtime": 581.169380903244, "_step": 21, "gt_scores/additive/std": 1.2028734558377292, "gt_scores/additive/min": -8.19277572631836, "gt_scores/additive/pct5": -4.9937729120254515, "gt_scores/additive_pairwise/std": 111.11461397277985, "gt_scores/additive_pairwise/min": -969.5948486328125, "gt_scores/additive_pairwise/pct5": -393.43505859375, "gt_scores/nonlin_additive/std": 0.1622149856176741, "gt_scores/nonlin_additive/min": -0.764186256879924, "gt_scores/nonlin_additive/pct5": -0.7183394767041354, "gt_scores/nonlin_additive_pairwise/std": 0.021889367222386696, "gt_scores/nonlin_additive_pairwise/min": -0.7678159015419338, "gt_scores/nonlin_additive_pairwise/pct5": -0.7678159015419338, "rho_curated/additive/additive": 0.9999955636238221, "rho_random/additive/additive": 0.9999885803885361, "rho_curated/pairwise/additive": 0.9993264967089953, "rho_random/pairwise/additive": 0.9994419393471495, "rho_curated/additive_GE/additive": 0.9999763706310542, "rho_random/additive_GE/additive": 0.9999547355939676, "rho_curated/pairwise_GE/additive": 0.996584575583301, "rho_random/pairwise_GE/additive": 0.9941988380233973, "rho_curated/additive/additive_pairwise": 0.975103909395559, "rho_random/additive/additive_pairwise": 0.9645601506057717, "rho_curated/pairwise/additive_pairwise": 0.9661350154829624, "rho_random/pairwise/additive_pairwise": 0.9586554661566536, "rho_curated/additive_GE/additive_pairwise": 0.9771031820515778, "rho_random/additive_GE/additive_pairwise": 0.9663404605263156, "rho_curated/pairwise_GE/additive_pairwise": 0.9638708265210988, "rho_random/pairwise_GE/additive_pairwise": 0.9557730812439663, "rho_curated/additive/nonlin_additive": 0.9951278006289952, "rho_random/additive/nonlin_additive": 0.9944833744871397, "rho_curated/pairwise/nonlin_additive": 0.994634643617257, "rho_random/pairwise/nonlin_additive": 0.9936605817716899, "rho_curated/additive_GE/nonlin_additive": 0.9999597580703873, "rho_random/additive_GE/nonlin_additive": 0.9999496135904745, "rho_curated/pairwise_GE/nonlin_additive": 0.9954227902565821, "rho_random/pairwise_GE/nonlin_additive": 0.9947427383408864, "rho_curated/additive/nonlin_additive_pairwise": NaN, "rho_random/additive/nonlin_additive_pairwise": 0.2221996836754058, "rho_curated/pairwise/nonlin_additive_pairwise": NaN, "rho_random/pairwise/nonlin_additive_pairwise": 0.21971520142412845, "rho_curated/additive_GE/nonlin_additive_pairwise": NaN, "rho_random/additive_GE/nonlin_additive_pairwise": 0.1216948743622519, "rho_curated/pairwise_GE/nonlin_additive_pairwise": NaN, "rho_random/pairwise_GE/nonlin_additive_pairwise": 0.18846931503998088, "rho_curated_mean": 0.9886034110476327, "rho_random_mean": 0.7858642896611072, "_wandb": {"runtime": 580}}