{"potts/n_edges": 180, "potts/edge_density": 0.9473684210526315, "potts/J_mean_abs": 3.7496418952941895, "potts/J_std": 3.096529483795166, "_timestamp": 1773450338.1977172, "_runtime": 469.7156472206116, "_step": 21, "gt_scores/additive/std": 1.426379881017352, "gt_scores/additive/min": -10.008467674255371, "gt_scores/additive/pct5": -7.166622185707093, "gt_scores/additive_pairwise/std": 82.84297911752329, "gt_scores/additive_pairwise/min": -577.8383178710938, "gt_scores/additive_pairwise/pct5": -405.68863983154296, "gt_scores/nonlin_additive/std": 0.13946177757028871, "gt_scores/nonlin_additive/min": -0.8313426784103302, "gt_scores/nonlin_additive/pct5": -0.8034810610065, "gt_scores/nonlin_additive_pairwise/std": 1.3121959994665308e-12, "gt_scores/nonlin_additive_pairwise/min": -0.8358896588447285, "gt_scores/nonlin_additive_pairwise/pct5": -0.8358896588447285, "rho_curated/additive/additive": 0.9999980889999235, "rho_random/additive/additive": 0.9999925644926465, "rho_curated/pairwise/additive": 0.9999456215898236, "rho_random/pairwise/additive": 0.9998935673738502, "rho_curated/additive_GE/additive": 0.9999592591103675, "rho_random/additive_GE/additive": 0.9999126245699551, "rho_curated/pairwise_GE/additive": 0.9920858860190558, "rho_random/pairwise_GE/additive": 0.9861243618408118, "rho_curated/additive/additive_pairwise": 0.9750562707376522, "rho_random/additive/additive_pairwise": 0.9623357961705076, "rho_curated/pairwise/additive_pairwise": 0.9999381599415249, "rho_random/pairwise/additive_pairwise": 0.9998793525880245, "rho_curated/additive_GE/additive_pairwise": 0.9750729664589184, "rho_random/additive_GE/additive_pairwise": 0.9542561155505142, "rho_curated/pairwise_GE/additive_pairwise": 0.9930748610428283, "rho_random/pairwise_GE/additive_pairwise": 0.9905322653838148, "rho_curated/additive/nonlin_additive": 0.9967916987592829, "rho_random/additive/nonlin_additive": 0.9964312930635859, "rho_curated/pairwise/nonlin_additive": 0.9985282709570249, "rho_random/pairwise/nonlin_additive": 0.9956602073553921, "rho_curated/additive_GE/nonlin_additive": 0.9999884036555353, "rho_random/additive_GE/nonlin_additive": 0.999981946068327, "rho_curated/pairwise_GE/nonlin_additive": 0.9991858710793371, "rho_random/pairwise_GE/nonlin_additive": 0.9992259179472327, "rho_curated/additive/nonlin_additive_pairwise": NaN, "rho_random/additive/nonlin_additive_pairwise": NaN, "rho_curated/pairwise/nonlin_additive_pairwise": NaN, "rho_random/pairwise/nonlin_additive_pairwise": NaN, "rho_curated/additive_GE/nonlin_additive_pairwise": NaN, "rho_random/additive_GE/nonlin_additive_pairwise": NaN, "rho_curated/pairwise_GE/nonlin_additive_pairwise": NaN, "rho_random/pairwise_GE/nonlin_additive_pairwise": NaN, "rho_curated_mean": 0.9941354465292728, "rho_random_mean": 0.9903521677003885, "_wandb": {"runtime": 469}}