{"potts/n_edges": 94, "potts/edge_density": 0.8952380952380953, "potts/J_mean_abs": 1.843823790550232, "potts/J_std": 1.4510674476623535, "_timestamp": 1773602783.7917469, "_runtime": 516.2141847610474, "_step": 21, "gt_scores/additive/std": 0.9557475539592777, "gt_scores/additive/min": -7.033940315246582, "gt_scores/additive/pct5": -5.159853672981262, "gt_scores/additive_pairwise/std": 22.44575993472396, "gt_scores/additive_pairwise/min": -211.0549774169922, "gt_scores/additive_pairwise/pct5": -160.76737365722656, "gt_scores/nonlin_additive/std": 0.1307311439252841, "gt_scores/nonlin_additive/min": -0.8613129322410867, "gt_scores/nonlin_additive/pct5": -0.8371371284084792, "gt_scores/nonlin_additive_pairwise/std": 1.1102230246251565e-16, "gt_scores/nonlin_additive_pairwise/min": -0.8653877661321029, "gt_scores/nonlin_additive_pairwise/pct5": -0.8653877661321029, "rho_curated/additive/additive": 0.9999977155839085, "rho_random/additive/additive": 0.9999934319294136, "rho_curated/pairwise/additive": 0.9999791599111658, "rho_random/pairwise/additive": 0.9999438341401502, "rho_curated/additive_GE/additive": 0.9999854373994171, "rho_random/additive_GE/additive": 0.9999706856905319, "rho_curated/pairwise_GE/additive": 0.9997336161173446, "rho_random/pairwise_GE/additive": 0.9994632519543425, "rho_curated/additive/additive_pairwise": 0.9382384482821268, "rho_random/additive/additive_pairwise": 0.9040250551739158, "rho_curated/pairwise/additive_pairwise": 0.9999678849507131, "rho_random/pairwise/additive_pairwise": 0.9999327646954694, "rho_curated/additive_GE/additive_pairwise": 0.938353396939177, "rho_random/additive_GE/additive_pairwise": 0.9014744642261233, "rho_curated/pairwise_GE/additive_pairwise": 0.9996528808581068, "rho_random/pairwise_GE/additive_pairwise": 0.9994855330458924, "rho_curated/additive/nonlin_additive": 0.9958255295930211, "rho_random/additive/nonlin_additive": 0.9966791316104773, "rho_curated/pairwise/nonlin_additive": 0.9992027052800698, "rho_random/pairwise/nonlin_additive": 0.9965630730251284, "rho_curated/additive_GE/nonlin_additive": 0.999973493750939, "rho_random/additive_GE/nonlin_additive": 0.9999684818865519, "rho_curated/pairwise_GE/nonlin_additive": 0.999562488886468, "rho_random/pairwise_GE/nonlin_additive": 0.999579450646179, "rho_curated/additive/nonlin_additive_pairwise": NaN, "rho_random/additive/nonlin_additive_pairwise": NaN, "rho_curated/pairwise/nonlin_additive_pairwise": NaN, "rho_random/pairwise/nonlin_additive_pairwise": NaN, "rho_curated/additive_GE/nonlin_additive_pairwise": NaN, "rho_random/additive_GE/nonlin_additive_pairwise": NaN, "rho_curated/pairwise_GE/nonlin_additive_pairwise": NaN, "rho_random/pairwise_GE/nonlin_additive_pairwise": NaN, "rho_curated_mean": 0.9892060631293716, "rho_random_mean": 0.9830899298353479, "_wandb": {"runtime": 515}}