{"potts/n_edges": 216, "potts/edge_density": 0.72, "potts/J_mean_abs": 3.7176594734191895, "potts/J_std": 2.938608407974243, "_timestamp": 1773486327.5330572, "_runtime": 419.53898310661316, "_step": 17, "gt_scores/additive/std": 1.1692382790629163, "gt_scores/additive/min": -8.865388870239258, "gt_scores/additive/pct5": -6.260699653625488, "gt_scores/additive_pairwise/std": 91.14316831889701, "gt_scores/additive_pairwise/min": -639.8251953125, "gt_scores/additive_pairwise/pct5": -405.50498352050784, "gt_scores/nonlin_additive/std": 0.1299774051589443, "gt_scores/nonlin_additive/min": -0.8570875160669313, "gt_scores/nonlin_additive/pct5": -0.8319475404672109, "gt_scores/nonlin_additive_pairwise/std": 2.4560545402250315e-05, "gt_scores/nonlin_additive_pairwise/min": -0.8602126915025169, "gt_scores/nonlin_additive_pairwise/pct5": -0.8602126915025169, "rho_curated/additive/additive": 0.9999977543439099, "rho_random/additive/additive": 0.9999927580287532, "rho_curated/pairwise/additive": 0.999752795022094, "rho_random/pairwise/additive": 0.999578194260829, "rho_curated/additive_GE/additive": 0.9999797101831869, "rho_random/additive_GE/additive": 0.9999450765241601, "rho_curated/pairwise_GE/additive": 0.9840861223942992, "rho_random/pairwise_GE/additive": 0.9725861167456119, "rho_curated/additive/additive_pairwise": 0.9818015114951868, "rho_random/additive/additive_pairwise": 0.9656880334368825, "rho_curated/pairwise/additive_pairwise": 0.9992168715206746, "rho_random/pairwise/additive_pairwise": 0.9986523003582993, "rho_curated/additive_GE/additive_pairwise": 0.9817193923247756, "rho_random/additive_GE/additive_pairwise": 0.9654766928380951, "rho_curated/pairwise_GE/additive_pairwise": 0.9790928522827104, "rho_random/pairwise_GE/additive_pairwise": 0.967546386325295, "rho_curated/additive/nonlin_additive": 0.9965168042126721, "rho_random/additive/nonlin_additive": 0.9969606078000612, "rho_curated/pairwise/nonlin_additive": 0.9925434839093814, "rho_random/pairwise/nonlin_additive": 0.9832900377851318, "rho_curated/additive_GE/nonlin_additive": 0.9999839769753576, "rho_random/additive_GE/nonlin_additive": 0.9999807238689393, "rho_curated/pairwise_GE/nonlin_additive": 0.9898823754425665, "rho_random/pairwise_GE/nonlin_additive": 0.9880185851141835, "rho_curated/additive/nonlin_additive_pairwise": NaN, "rho_random/additive/nonlin_additive_pairwise": NaN, "_wandb": {"runtime": 419}}