{"potts/n_edges": 131, "potts/edge_density": 0.6894736842105263, "potts/J_mean_abs": 3.3458383083343506, "potts/J_std": 2.737691640853882, "_timestamp": 1773443403.624535, "_runtime": 536.3940231800079, "_step": 21, "gt_scores/additive/std": 1.2097035595556864, "gt_scores/additive/min": -8.994394302368164, "gt_scores/additive/pct5": -6.638693571090698, "gt_scores/additive_pairwise/std": 64.65975555993681, "gt_scores/additive_pairwise/min": -432.64678955078125, "gt_scores/additive_pairwise/pct5": -315.8474685668945, "gt_scores/nonlin_additive/std": 0.12780147869164835, "gt_scores/nonlin_additive/min": -0.8633649983358815, "gt_scores/nonlin_additive/pct5": -0.8409005929909275, "gt_scores/nonlin_additive_pairwise/std": 7.199853238008929e-15, "gt_scores/nonlin_additive_pairwise/min": -0.8672038070001775, "gt_scores/nonlin_additive_pairwise/pct5": -0.8672038070001775, "rho_curated/additive/additive": 0.9999983664399343, "rho_random/additive/additive": 0.9999935302633743, "rho_curated/pairwise/additive": 0.9999501980060043, "rho_random/pairwise/additive": 0.9998962077946874, "rho_curated/additive_GE/additive": 0.9999725113588966, "rho_random/additive_GE/additive": 0.9999423312290038, "rho_curated/pairwise_GE/additive": 0.9992122215204134, "rho_random/pairwise_GE/additive": 0.9986413596221501, "rho_curated/additive/additive_pairwise": 0.9747124769872855, "rho_random/additive/additive_pairwise": 0.9562805900479563, "rho_curated/pairwise/additive_pairwise": 0.9999393919815729, "rho_random/pairwise/additive_pairwise": 0.999878487863993, "rho_curated/additive_GE/additive_pairwise": 0.9745836882535175, "rho_random/additive_GE/additive_pairwise": 0.9581850061279887, "rho_curated/pairwise_GE/additive_pairwise": 0.9984943316917372, "rho_random/pairwise_GE/additive_pairwise": 0.9972114478993633, "rho_curated/additive/nonlin_additive": 0.995958296686138, "rho_random/additive/nonlin_additive": 0.9963263781288325, "rho_curated/pairwise/nonlin_additive": 0.9982321891371603, "rho_random/pairwise/nonlin_additive": 0.99375953107416, "rho_curated/additive_GE/nonlin_additive": 0.9999903966636151, "rho_random/additive_GE/nonlin_additive": 0.9999881288264859, "rho_curated/pairwise_GE/nonlin_additive": 0.9987380409014914, "rho_random/pairwise_GE/nonlin_additive": 0.9986652556366075, "rho_curated/additive/nonlin_additive_pairwise": NaN, "rho_random/additive/nonlin_additive_pairwise": NaN, "rho_curated/pairwise/nonlin_additive_pairwise": NaN, "rho_random/pairwise/nonlin_additive_pairwise": NaN, "rho_curated/additive_GE/nonlin_additive_pairwise": NaN, "rho_random/additive_GE/nonlin_additive_pairwise": NaN, "rho_curated/pairwise_GE/nonlin_additive_pairwise": NaN, "rho_random/pairwise_GE/nonlin_additive_pairwise": NaN, "rho_curated_mean": 0.9949818424689806, "rho_random_mean": 0.9915640212095501, "_wandb": {"runtime": 535}}