{"potts/n_edges": 229, "potts/edge_density": 0.7633333333333333, "potts/J_mean_abs": 2.248940944671631, "potts/J_std": 1.8800833225250244, "_timestamp": 1773396538.467111, "_runtime": 544.54873919487, "_step": 21, "gt_scores/additive/std": 1.1398200883094438, "gt_scores/additive/min": -9.020009994506836, "gt_scores/additive/pct5": -6.03385751247406, "gt_scores/additive_pairwise/std": 53.94431201377198, "gt_scores/additive_pairwise/min": -370.0828857421875, "gt_scores/additive_pairwise/pct5": -239.6265495300293, "gt_scores/nonlin_additive/std": 0.13291535666614748, "gt_scores/nonlin_additive/min": -0.8512857583768847, "gt_scores/nonlin_additive/pct5": -0.8249976913530378, "gt_scores/nonlin_additive_pairwise/std": 0.00016109072650558333, "gt_scores/nonlin_additive_pairwise/min": -0.853410595172368, "gt_scores/nonlin_additive_pairwise/pct5": -0.853410595172368, "rho_curated/additive/additive": 0.99999725079989, "rho_random/additive/additive": 0.9999911134615993, "rho_curated/pairwise/additive": 0.9997351846133948, "rho_random/pairwise/additive": 0.9994630509590446, "rho_curated/additive_GE/additive": 0.9999844546473772, "rho_random/additive_GE/additive": 0.9999630698367732, "rho_curated/pairwise_GE/additive": 0.9795802664782307, "rho_random/pairwise_GE/additive": 0.9603858278823378, "rho_curated/additive/additive_pairwise": 0.9788174234726967, "rho_random/additive/additive_pairwise": 0.9655581677232891, "rho_curated/pairwise/additive_pairwise": 0.9991497244859686, "rho_random/pairwise/additive_pairwise": 0.9985019046698226, "rho_curated/additive_GE/additive_pairwise": 0.9785869866229656, "rho_random/additive_GE/additive_pairwise": 0.9614235641729778, "rho_curated/pairwise_GE/additive_pairwise": 0.981773982246959, "rho_random/pairwise_GE/additive_pairwise": 0.9703358616544964, "rho_curated/additive/nonlin_additive": 0.9967222790926551, "rho_random/additive/nonlin_additive": 0.9968176089872898, "rho_curated/pairwise/nonlin_additive": 0.9944213346560502, "rho_random/pairwise/nonlin_additive": 0.9839832892178308, "rho_curated/additive_GE/nonlin_additive": 0.9999825480392998, "rho_random/additive_GE/nonlin_additive": 0.9999809225247857, "rho_curated/pairwise_GE/nonlin_additive": 0.9894425342166879, "rho_random/pairwise_GE/nonlin_additive": 0.986800204853955, "rho_curated/additive/nonlin_additive_pairwise": NaN, "rho_random/additive/nonlin_additive_pairwise": 0.04506261892041507, "rho_curated/pairwise/nonlin_additive_pairwise": NaN, "rho_random/pairwise/nonlin_additive_pairwise": 0.05507555188583835, "rho_curated/additive_GE/nonlin_additive_pairwise": NaN, "rho_random/additive_GE/nonlin_additive_pairwise": NaN, "rho_curated/pairwise_GE/nonlin_additive_pairwise": NaN, "rho_random/pairwise_GE/nonlin_additive_pairwise": -0.006554469192199688, "rho_curated_mean": 0.9915161641143478, "rho_random_mean": 0.7944525525038838, "_wandb": {"runtime": 544}}