{"potts/n_edges": 158, "potts/edge_density": 0.8315789473684211, "potts/J_mean_abs": 5.186142921447754, "potts/J_std": 7.277592658996582, "_timestamp": 1773499420.4284008, "_runtime": 485.0666296482086, "_step": 21, "gt_scores/additive/std": 1.2097035595556864, "gt_scores/additive/min": -8.994394302368164, "gt_scores/additive/pct5": -6.638693571090698, "gt_scores/additive_pairwise/std": 131.23332942476844, "gt_scores/additive_pairwise/min": -941.984619140625, "gt_scores/additive_pairwise/pct5": -622.8225891113282, "gt_scores/nonlin_additive/std": 0.12780147869164835, "gt_scores/nonlin_additive/min": -0.8633649983358815, "gt_scores/nonlin_additive/pct5": -0.8409005929909275, "gt_scores/nonlin_additive_pairwise/std": 1.1102230246251565e-16, "gt_scores/nonlin_additive_pairwise/min": -0.8672038070001775, "gt_scores/nonlin_additive_pairwise/pct5": -0.8672038070001775, "rho_curated/additive/additive": 0.9999979466559177, "rho_random/additive/additive": 0.9999931402116286, "rho_curated/pairwise/additive": 0.9999464218458556, "rho_random/pairwise/additive": 0.999877428544329, "rho_curated/additive_GE/additive": 0.9999799656151974, "rho_random/additive_GE/additive": 0.9999511380611849, "rho_curated/pairwise_GE/additive": 0.9992048333121171, "rho_random/pairwise_GE/additive": 0.9985667709057843, "rho_curated/additive/additive_pairwise": 0.9489458982593855, "rho_random/additive/additive_pairwise": 0.9372320700637369, "rho_curated/pairwise/additive_pairwise": 0.9999353293814116, "rho_random/pairwise/additive_pairwise": 0.99987547672125, "rho_curated/additive_GE/additive_pairwise": 0.949243866163664, "rho_random/additive_GE/additive_pairwise": 0.9150399625851987, "rho_curated/pairwise_GE/additive_pairwise": 0.9895497906292392, "rho_random/pairwise_GE/additive_pairwise": 0.9824600622955262, "rho_curated/additive/nonlin_additive": 0.9964528408977732, "rho_random/additive/nonlin_additive": 0.9961537793084897, "rho_curated/pairwise/nonlin_additive": 0.9983447248055903, "rho_random/pairwise/nonlin_additive": 0.9934744690059583, "rho_curated/additive_GE/nonlin_additive": 0.9999901391916041, "rho_random/additive_GE/nonlin_additive": 0.9999869425201038, "rho_curated/pairwise_GE/nonlin_additive": 0.9990545800580473, "rho_random/pairwise_GE/nonlin_additive": 0.9989579593908537, "rho_curated/additive/nonlin_additive_pairwise": NaN, "rho_random/additive/nonlin_additive_pairwise": NaN, "rho_curated/pairwise/nonlin_additive_pairwise": NaN, "rho_random/pairwise/nonlin_additive_pairwise": NaN, "rho_curated/additive_GE/nonlin_additive_pairwise": NaN, "rho_random/additive_GE/nonlin_additive_pairwise": NaN, "rho_curated/pairwise_GE/nonlin_additive_pairwise": NaN, "rho_random/pairwise_GE/nonlin_additive_pairwise": NaN, "rho_curated_mean": 0.9900538614013169, "rho_random_mean": 0.9851307666345037, "_wandb": {"runtime": 484}}