{"potts/n_edges": 135, "potts/edge_density": 0.7105263157894737, "potts/J_mean_abs": 3.6034536361694336, "potts/J_std": 3.1991329193115234, "_timestamp": 1773448890.9823825, "_runtime": 481.41994857788086, "_step": 21, "gt_scores/additive/std": 1.2097035595556864, "gt_scores/additive/min": -8.994394302368164, "gt_scores/additive/pct5": -6.638693571090698, "gt_scores/additive_pairwise/std": 70.96123025218431, "gt_scores/additive_pairwise/min": -482.16839599609375, "gt_scores/additive_pairwise/pct5": -347.07613677978514, "gt_scores/nonlin_additive/std": 0.12780147869164835, "gt_scores/nonlin_additive/min": -0.8633649983358815, "gt_scores/nonlin_additive/pct5": -0.8409005929909275, "gt_scores/nonlin_additive_pairwise/std": 5.808438799389785e-15, "gt_scores/nonlin_additive_pairwise/min": -0.8672038070001775, "gt_scores/nonlin_additive_pairwise/pct5": -0.8672038070001775, "rho_curated/additive/additive": 0.9999975790719032, "rho_random/additive/additive": 0.999992116153585, "rho_curated/pairwise/additive": 0.9999471046938778, "rho_random/pairwise/additive": 0.9998829831855964, "rho_curated/additive_GE/additive": 0.9999862154554475, "rho_random/additive_GE/additive": 0.999966225191657, "rho_curated/pairwise_GE/additive": 0.9991787214790503, "rho_random/pairwise_GE/additive": 0.9986012213571163, "rho_curated/additive/additive_pairwise": 0.9704101883349874, "rho_random/additive/additive_pairwise": 0.958277290333927, "rho_curated/pairwise/additive_pairwise": 0.9999333219973299, "rho_random/pairwise/additive_pairwise": 0.9998698753738796, "rho_curated/additive_GE/additive_pairwise": 0.9698799628897529, "rho_random/additive_GE/additive_pairwise": 0.9497072701585011, "rho_curated/pairwise_GE/additive_pairwise": 0.9846336733449781, "rho_random/pairwise_GE/additive_pairwise": 0.9780128892955936, "rho_curated/additive/nonlin_additive": 0.9956246349447755, "rho_random/additive/nonlin_additive": 0.9957860658169347, "rho_curated/pairwise/nonlin_additive": 0.9980697177466962, "rho_random/pairwise/nonlin_additive": 0.9920081140639437, "rho_curated/additive_GE/nonlin_additive": 0.9999795303031803, "rho_random/additive_GE/nonlin_additive": 0.9999763084233176, "rho_curated/pairwise_GE/nonlin_additive": 0.9986030732959554, "rho_random/pairwise_GE/nonlin_additive": 0.9986306704746366, "rho_curated/additive/nonlin_additive_pairwise": NaN, "rho_random/additive/nonlin_additive_pairwise": NaN, "rho_curated/pairwise/nonlin_additive_pairwise": NaN, "rho_random/pairwise/nonlin_additive_pairwise": NaN, "rho_curated/additive_GE/nonlin_additive_pairwise": NaN, "rho_random/additive_GE/nonlin_additive_pairwise": NaN, "rho_curated/pairwise_GE/nonlin_additive_pairwise": NaN, "rho_random/pairwise_GE/nonlin_additive_pairwise": NaN, "rho_curated_mean": 0.9930203102964946, "rho_random_mean": 0.9892259191523908, "_wandb": {"runtime": 481}}