{"potts/n_edges": 147, "potts/edge_density": 0.49, "potts/J_mean_abs": 3.893540143966675, "potts/J_std": 3.3856966495513916, "_timestamp": 1773552335.8015993, "_runtime": 394.03014516830444, "_step": 21, "gt_scores/additive/std": 0.6676039999817215, "gt_scores/additive/min": -4.087254047393799, "gt_scores/additive/pct5": -2.0393558144569397, "gt_scores/additive_pairwise/std": 6.376154355679927, "gt_scores/additive_pairwise/min": -83.34022521972656, "gt_scores/additive_pairwise/pct5": -16.923776626586914, "gt_scores/nonlin_additive/std": 0.18754184861222123, "gt_scores/nonlin_additive/min": -0.629496582942021, "gt_scores/nonlin_additive/pct5": -0.5580032467690561, "gt_scores/nonlin_additive_pairwise/std": 0.2553584531350122, "gt_scores/nonlin_additive_pairwise/min": -0.6332699685644312, "gt_scores/nonlin_additive_pairwise/pct5": -0.6332699685475315, "rho_curated/additive/additive": 0.9999954109026297, "rho_random/additive/additive": 0.9999834168441315, "rho_curated/pairwise/additive": 0.9984848336891966, "rho_random/pairwise/additive": 0.9989244124741583, "rho_curated/additive_GE/additive": 0.9998686519003301, "rho_random/additive_GE/additive": 0.9997324803751544, "rho_curated/pairwise_GE/additive": 0.9901908990967591, "rho_random/pairwise_GE/additive": 0.9881387544562633, "rho_curated/additive/additive_pairwise": 0.3082743396433302, "rho_random/additive/additive_pairwise": 0.24465388577982108, "rho_curated/pairwise/additive_pairwise": 0.7530745310130934, "rho_random/pairwise/additive_pairwise": 0.7623376276845534, "rho_curated/additive_GE/additive_pairwise": 0.6589820903062624, "rho_random/additive_GE/additive_pairwise": 0.6833599595727462, "rho_curated/pairwise_GE/additive_pairwise": 0.7443563058698807, "rho_random/pairwise_GE/additive_pairwise": 0.6864090473680193, "rho_curated/additive/nonlin_additive": 0.9958979588112106, "rho_random/additive/nonlin_additive": 0.9947653775080159, "rho_curated/pairwise/nonlin_additive": 0.9926808570779804, "rho_random/pairwise/nonlin_additive": 0.9894326662859086, "rho_curated/additive_GE/nonlin_additive": 0.9977519634692696, "rho_random/additive_GE/nonlin_additive": 0.9968730884932616, "rho_curated/pairwise_GE/nonlin_additive": 0.9957408145967879, "rho_random/pairwise_GE/nonlin_additive": 0.9939673297821446, "rho_curated/additive/nonlin_additive_pairwise": 0.7358673757401853, "rho_random/additive/nonlin_additive_pairwise": 0.6733077394134458, "rho_curated/pairwise/nonlin_additive_pairwise": 0.7720362181299557, "rho_random/pairwise/nonlin_additive_pairwise": 0.6911345985224784, "rho_curated/additive_GE/nonlin_additive_pairwise": 0.24940211396847026, "rho_random/additive_GE/nonlin_additive_pairwise": 0.39275333034963356, "rho_curated/pairwise_GE/nonlin_additive_pairwise": 0.8022292012452304, "rho_random/pairwise_GE/nonlin_additive_pairwise": 0.772595694252784, "rho_curated_mean": 0.8121770978412858, "rho_random_mean": 0.8042730880726576, "_wandb": {"runtime": 393}}