{"potts/n_edges": 1502, "potts/edge_density": 0.848587570621469, "potts/J_mean_abs": 3.88083553314209, "potts/J_std": 3.0448861122131348, "_timestamp": 1773439463.120355, "_runtime": 537.7142508029938, "_step": 21, "gt_scores/additive/std": 1.2076884770168312, "gt_scores/additive/min": -8.386604309082031, "gt_scores/additive/pct5": -4.6506870746612545, "gt_scores/additive_pairwise/std": 73.03897905443041, "gt_scores/additive_pairwise/min": -710.3767700195312, "gt_scores/additive_pairwise/pct5": -243.9972053527832, "gt_scores/nonlin_additive/std": 0.1686007839011196, "gt_scores/nonlin_additive/min": -0.7348754485040093, "gt_scores/nonlin_additive/pct5": -0.6811910827742155, "gt_scores/nonlin_additive_pairwise/std": 0.045882794800225016, "gt_scores/nonlin_additive_pairwise/min": -0.7375777995201224, "gt_scores/nonlin_additive_pairwise/pct5": -0.7375777995201224, "rho_curated/additive/additive": 0.9999962949278512, "rho_random/additive/additive": 0.9999894214154806, "rho_curated/pairwise/additive": 0.9990072032881451, "rho_random/pairwise/additive": 0.9991748837687154, "rho_curated/additive_GE/additive": 0.9999623613024899, "rho_random/additive_GE/additive": 0.9999151458951867, "rho_curated/pairwise_GE/additive": 0.988855986313437, "rho_random/pairwise_GE/additive": 0.9837703077987702, "rho_curated/additive/additive_pairwise": 0.9742169405920588, "rho_random/additive/additive_pairwise": 0.9656695238254539, "rho_curated/pairwise/additive_pairwise": 0.9585898963595957, "rho_random/pairwise/additive_pairwise": 0.9611088995234011, "rho_curated/additive_GE/additive_pairwise": 0.9754305328966316, "rho_random/additive_GE/additive_pairwise": 0.9637280280995636, "rho_curated/pairwise_GE/additive_pairwise": 0.9513345170042127, "rho_random/pairwise_GE/additive_pairwise": 0.9496718131273664, "rho_curated/additive/nonlin_additive": 0.9950285881509957, "rho_random/additive/nonlin_additive": 0.9930794526796675, "rho_curated/pairwise/nonlin_additive": 0.9947715942924796, "rho_random/pairwise/nonlin_additive": 0.9928486936200508, "rho_curated/additive_GE/nonlin_additive": 0.9995508861577769, "rho_random/additive_GE/nonlin_additive": 0.9994612303847685, "rho_curated/pairwise_GE/nonlin_additive": 0.9950565929600095, "rho_random/pairwise_GE/nonlin_additive": 0.9939815260710416, "rho_curated/additive/nonlin_additive_pairwise": 0.13947697606217627, "rho_random/additive/nonlin_additive_pairwise": 0.4118694864013112, "rho_curated/pairwise/nonlin_additive_pairwise": 0.15729718594464998, "rho_random/pairwise/nonlin_additive_pairwise": 0.4240280460732594, "rho_curated/additive_GE/nonlin_additive_pairwise": 0.06641795240518147, "rho_random/additive_GE/nonlin_additive_pairwise": 0.37571608814396695, "rho_curated/pairwise_GE/nonlin_additive_pairwise": 0.12965534804810494, "rho_random/pairwise_GE/nonlin_additive_pairwise": 0.3884910836982014, "rho_curated_mean": 0.7702905535441122, "rho_random_mean": 0.8376564769078878, "_wandb": {"runtime": 537}}