{"potts/n_edges": 77, "potts/edge_density": 0.7333333333333333, "potts/J_mean_abs": 3.8545608520507812, "potts/J_std": 3.299588680267334, "_timestamp": 1773616371.869732, "_runtime": 506.2486569881439, "_step": 21, "gt_scores/additive/std": 0.7770162874764199, "gt_scores/additive/min": -5.525506973266602, "gt_scores/additive/pct5": -4.092422103881836, "gt_scores/additive_pairwise/std": 41.729770421416966, "gt_scores/additive_pairwise/min": -373.5438232421875, "gt_scores/additive_pairwise/pct5": -307.681575012207, "gt_scores/nonlin_additive/std": 0.13179785214960515, "gt_scores/nonlin_additive/min": -0.851066460422529, "gt_scores/nonlin_additive/pct5": -0.8261551473383105, "gt_scores/nonlin_additive_pairwise/std": 2.220446049250313e-16, "gt_scores/nonlin_additive_pairwise/min": -0.8558889585984598, "gt_scores/nonlin_additive_pairwise/pct5": -0.8558889585984598, "rho_curated/additive/additive": 0.9999987473679498, "rho_random/additive/additive": 0.9999959940924132, "rho_curated/pairwise/additive": 0.9999766485030631, "rho_random/pairwise/additive": 0.9999522300281601, "rho_curated/additive_GE/additive": 0.9999870567994812, "rho_random/additive_GE/additive": 0.9999682043677706, "rho_curated/pairwise_GE/additive": 0.9972292536489044, "rho_random/pairwise_GE/additive": 0.9951233366638577, "rho_curated/additive/additive_pairwise": 0.9341625555682814, "rho_random/additive/additive_pairwise": 0.8763354970797014, "rho_curated/pairwise/additive_pairwise": 0.9999736725269446, "rho_random/pairwise/additive_pairwise": 0.9999408564038482, "rho_curated/additive_GE/additive_pairwise": 0.9347162959328177, "rho_random/additive_GE/additive_pairwise": 0.8974577423817568, "rho_curated/pairwise_GE/additive_pairwise": 0.9994521182579928, "rho_random/pairwise_GE/additive_pairwise": 0.9993191133425386, "rho_curated/additive/nonlin_additive": 0.9973360107652487, "rho_random/additive/nonlin_additive": 0.9976614107882535, "rho_curated/pairwise/nonlin_additive": 0.9992830538992706, "rho_random/pairwise/nonlin_additive": 0.9974606653043175, "rho_curated/additive_GE/nonlin_additive": 0.9999894627035761, "rho_random/additive_GE/nonlin_additive": 0.9999878632713445, "rho_curated/pairwise_GE/nonlin_additive": 0.9996310530732068, "rho_random/pairwise_GE/nonlin_additive": 0.9996500150314924, "rho_curated/additive/nonlin_additive_pairwise": NaN, "rho_random/additive/nonlin_additive_pairwise": NaN, "rho_curated/pairwise/nonlin_additive_pairwise": NaN, "rho_random/pairwise/nonlin_additive_pairwise": NaN, "rho_curated/additive_GE/nonlin_additive_pairwise": NaN, "rho_random/additive_GE/nonlin_additive_pairwise": NaN, "rho_curated/pairwise_GE/nonlin_additive_pairwise": NaN, "rho_random/pairwise_GE/nonlin_additive_pairwise": NaN, "rho_curated_mean": 0.9884779940872281, "rho_random_mean": 0.9802377440629545, "_wandb": {"runtime": 505}}