{"potts/n_edges": 358, "potts/edge_density": 0.8229885057471265, "potts/J_mean_abs": 3.000476598739624, "potts/J_std": 2.3403477668762207, "_timestamp": 1773409188.5272427, "_runtime": 401.58580255508423, "_step": 21, "gt_scores/additive/std": 1.1925536417782636, "gt_scores/additive/min": -9.211626052856445, "gt_scores/additive/pct5": -6.01135892868042, "gt_scores/additive_pairwise/std": 91.18735435023474, "gt_scores/additive_pairwise/min": -606.9766235351562, "gt_scores/additive_pairwise/pct5": -390.6654800415039, "gt_scores/nonlin_additive/std": 0.1394448448352391, "gt_scores/nonlin_additive/min": -0.8371870805299297, "gt_scores/nonlin_additive/pct5": -0.8067663836145071, "gt_scores/nonlin_additive_pairwise/std": 6.40433440582447e-14, "gt_scores/nonlin_additive_pairwise/min": -0.8394933305681229, "gt_scores/nonlin_additive_pairwise/pct5": -0.8394933305681229, "rho_curated/additive/additive": 0.999997725687909, "rho_random/additive/additive": 0.999993305918439, "rho_curated/pairwise/additive": 0.9992202497367538, "rho_random/pairwise/additive": 0.9986963269839311, "rho_curated/additive_GE/additive": 0.9999762879270497, "rho_random/additive_GE/additive": 0.9999381680768256, "rho_curated/pairwise_GE/additive": 0.969512465875767, "rho_random/pairwise_GE/additive": 0.9433817659188527, "rho_curated/additive/additive_pairwise": 0.9864424410256974, "rho_random/additive/additive_pairwise": 0.9769138395529188, "rho_curated/pairwise/additive_pairwise": 0.9927347825893912, "rho_random/pairwise/additive_pairwise": 0.9891527802915516, "rho_curated/additive_GE/additive_pairwise": 0.9863863151271258, "rho_random/additive_GE/additive_pairwise": 0.9765580310051224, "rho_curated/pairwise_GE/additive_pairwise": 0.9611200007718669, "rho_random/pairwise_GE/additive_pairwise": 0.9484099029170654, "rho_curated/additive/nonlin_additive": 0.9967603391341028, "rho_random/additive/nonlin_additive": 0.9964853894221309, "rho_curated/pairwise/nonlin_additive": 0.9876647767219991, "rho_random/pairwise/nonlin_additive": 0.9810973269683353, "rho_curated/additive_GE/nonlin_additive": 0.9999832182633283, "rho_random/additive_GE/nonlin_additive": 0.9999780848702429, "rho_curated/pairwise_GE/nonlin_additive": 0.9804312005038391, "rho_random/pairwise_GE/nonlin_additive": 0.9770081798741609, "rho_curated/additive/nonlin_additive_pairwise": NaN, "rho_random/additive/nonlin_additive_pairwise": NaN, "rho_curated/pairwise/nonlin_additive_pairwise": NaN, "rho_random/pairwise/nonlin_additive_pairwise": NaN, "rho_curated/additive_GE/nonlin_additive_pairwise": NaN, "rho_random/additive_GE/nonlin_additive_pairwise": NaN, "rho_curated/pairwise_GE/nonlin_additive_pairwise": NaN, "rho_random/pairwise_GE/nonlin_additive_pairwise": NaN, "rho_curated_mean": 0.9883524836137357, "rho_random_mean": 0.9823010918166314, "_wandb": {"runtime": 401}}