{"potts/n_edges": 181, "potts/edge_density": 0.9526315789473684, "potts/J_mean_abs": 3.8903610706329346, "potts/J_std": 3.111144542694092, "_timestamp": 1773445619.9713883, "_runtime": 533.1851782798767, "_step": 21, "gt_scores/additive/std": 1.426379881017352, "gt_scores/additive/min": -10.008467674255371, "gt_scores/additive/pct5": -7.166622185707093, "gt_scores/additive_pairwise/std": 104.36924207181487, "gt_scores/additive_pairwise/min": -742.1389770507812, "gt_scores/additive_pairwise/pct5": -518.8242004394531, "gt_scores/nonlin_additive/std": 0.13946177757028871, "gt_scores/nonlin_additive/min": -0.8313426784103302, "gt_scores/nonlin_additive/pct5": -0.8034810610065, "gt_scores/nonlin_additive_pairwise/std": 4.082240392577815e-17, "gt_scores/nonlin_additive_pairwise/min": -0.8358896588447285, "gt_scores/nonlin_additive_pairwise/pct5": -0.8358896588447285, "rho_curated/additive/additive": 0.9999981174639248, "rho_random/additive/additive": 0.9999934675992763, "rho_curated/pairwise/additive": 0.9999447499577887, "rho_random/pairwise/additive": 0.9998818058560572, "rho_curated/additive_GE/additive": 0.9999745104629791, "rho_random/additive_GE/additive": 0.9999388865377327, "rho_curated/pairwise_GE/additive": 0.9990642632905704, "rho_random/pairwise_GE/additive": 0.9983758304837264, "rho_curated/additive/additive_pairwise": 0.9838418127296723, "rho_random/additive/additive_pairwise": 0.9737125293826598, "rho_curated/pairwise/additive_pairwise": 0.9999433375817306, "rho_random/pairwise/additive_pairwise": 0.9998843212230789, "rho_curated/additive_GE/additive_pairwise": 0.9838149314805971, "rho_random/additive_GE/additive_pairwise": 0.9702923582380792, "rho_curated/pairwise_GE/additive_pairwise": 0.9987013451640537, "rho_random/pairwise_GE/additive_pairwise": 0.9978302995221677, "rho_curated/additive/nonlin_additive": 0.9967977372796022, "rho_random/additive/nonlin_additive": 0.9960803331898421, "rho_curated/pairwise/nonlin_additive": 0.998630521761188, "rho_random/pairwise/nonlin_additive": 0.9962716599160915, "rho_curated/additive_GE/nonlin_additive": 0.9999909611196377, "rho_random/additive_GE/nonlin_additive": 0.9999884863769729, "rho_curated/pairwise_GE/nonlin_additive": 0.9992012099360101, "rho_random/pairwise_GE/nonlin_additive": 0.9991364211669149, "rho_curated/additive/nonlin_additive_pairwise": NaN, "rho_random/additive/nonlin_additive_pairwise": NaN, "rho_curated/pairwise/nonlin_additive_pairwise": NaN, "rho_random/pairwise/nonlin_additive_pairwise": NaN, "rho_curated/additive_GE/nonlin_additive_pairwise": NaN, "rho_random/additive_GE/nonlin_additive_pairwise": NaN, "rho_curated/pairwise_GE/nonlin_additive_pairwise": NaN, "rho_random/pairwise_GE/nonlin_additive_pairwise": NaN, "rho_curated_mean": 0.9966586248523127, "rho_random_mean": 0.9942821999577167, "_wandb": {"runtime": 532}}