{"potts/n_edges": 153, "potts/edge_density": 0.8052631578947368, "potts/J_mean_abs": 2.168593406677246, "potts/J_std": 1.7292122840881348, "_timestamp": 1773441088.5945456, "_runtime": 538.2130305767059, "_step": 21, "gt_scores/additive/std": 1.210202704410808, "gt_scores/additive/min": -8.911455154418945, "gt_scores/additive/pct5": -6.663809275627136, "gt_scores/additive_pairwise/std": 41.71018383801523, "gt_scores/additive_pairwise/min": -298.84625244140625, "gt_scores/additive_pairwise/pct5": -206.2933334350586, "gt_scores/nonlin_additive/std": 0.125785236402486, "gt_scores/nonlin_additive/min": -0.8664681453126024, "gt_scores/nonlin_additive/pct5": -0.8440971430509998, "gt_scores/nonlin_additive_pairwise/std": 1.5326815852463138e-09, "gt_scores/nonlin_additive_pairwise/min": -0.8707194432537088, "gt_scores/nonlin_additive_pairwise/pct5": -0.8707194432537088, "rho_curated/additive/additive": 0.9999969004718758, "rho_random/additive/additive": 0.9999878859591148, "rho_curated/pairwise/additive": 0.9999443653577691, "rho_random/pairwise/additive": 0.9998840270061085, "rho_curated/additive_GE/additive": 0.9999847763673902, "rho_random/additive_GE/additive": 0.9999671964728245, "rho_curated/pairwise_GE/additive": 0.99884408154568, "rho_random/pairwise_GE/additive": 0.9981129898678575, "rho_curated/additive/additive_pairwise": 0.9733447079318691, "rho_random/additive/additive_pairwise": 0.9531774988855138, "rho_curated/pairwise/additive_pairwise": 0.9999342314533629, "rho_random/pairwise/additive_pairwise": 0.9998549511710282, "rho_curated/additive_GE/additive_pairwise": 0.9735051218262973, "rho_random/additive_GE/additive_pairwise": 0.950590015712015, "rho_curated/pairwise_GE/additive_pairwise": 0.9992073110242163, "rho_random/pairwise_GE/additive_pairwise": 0.9987036346529896, "rho_curated/additive/nonlin_additive": 0.9956033350158169, "rho_random/additive/nonlin_additive": 0.9964773564381839, "rho_curated/pairwise/nonlin_additive": 0.9976658327225214, "rho_random/pairwise/nonlin_additive": 0.9937394660755174, "rho_curated/additive_GE/nonlin_additive": 0.9999918789756742, "rho_random/additive_GE/nonlin_additive": 0.9999905142866476, "rho_curated/pairwise_GE/nonlin_additive": 0.9985761992950138, "rho_random/pairwise_GE/nonlin_additive": 0.9987166043799307, "rho_curated/additive/nonlin_additive_pairwise": NaN, "rho_random/additive/nonlin_additive_pairwise": NaN, "rho_curated/pairwise/nonlin_additive_pairwise": NaN, "rho_random/pairwise/nonlin_additive_pairwise": NaN, "rho_curated/additive_GE/nonlin_additive_pairwise": NaN, "rho_random/additive_GE/nonlin_additive_pairwise": NaN, "rho_curated/pairwise_GE/nonlin_additive_pairwise": NaN, "rho_random/pairwise_GE/nonlin_additive_pairwise": NaN, "rho_curated_mean": 0.9947165618322905, "rho_random_mean": 0.9907668450756443, "_wandb": {"runtime": 537}}