{"potts/n_edges": 89, "potts/edge_density": 0.8476190476190476, "potts/J_mean_abs": 3.826425075531006, "potts/J_std": 3.2625157833099365, "_timestamp": 1773633127.3661041, "_runtime": 531.0786771774292, "_step": 21, "gt_scores/additive/std": 0.9354941049529601, "gt_scores/additive/min": -6.730696678161621, "gt_scores/additive/pct5": -5.088986277580261, "gt_scores/additive_pairwise/std": 44.44093239598622, "gt_scores/additive_pairwise/min": -401.87811279296875, "gt_scores/additive_pairwise/pct5": -338.3787017822266, "gt_scores/nonlin_additive/std": 0.12695859792178035, "gt_scores/nonlin_additive/min": -0.8594803927815321, "gt_scores/nonlin_additive/pct5": -0.8373509757801759, "gt_scores/nonlin_additive_pairwise/std": 1.1102230246251565e-16, "gt_scores/nonlin_additive_pairwise/min": -0.8642349522941661, "gt_scores/nonlin_additive_pairwise/pct5": -0.8642349522941661, "rho_curated/additive/additive": 0.9999970590398818, "rho_random/additive/additive": 0.9999901680995829, "rho_curated/pairwise/additive": 0.9999735723509365, "rho_random/pairwise/additive": 0.999949859050872, "rho_curated/additive_GE/additive": 0.9999867400954672, "rho_random/additive_GE/additive": 0.9999666736666702, "rho_curated/pairwise_GE/additive": 0.9996641491944935, "rho_random/pairwise_GE/additive": 0.9993578925655453, "rho_curated/additive/additive_pairwise": 0.9276249656837876, "rho_random/additive/additive_pairwise": 0.8861199617414544, "rho_curated/pairwise/additive_pairwise": 0.9999630415585191, "rho_random/pairwise/additive_pairwise": 0.9999378467020728, "rho_curated/additive_GE/additive_pairwise": 0.9276481558544535, "rho_random/additive_GE/additive_pairwise": 0.8717693941320732, "rho_curated/pairwise_GE/additive_pairwise": 0.9996591881303513, "rho_random/pairwise_GE/additive_pairwise": 0.9995529940309527, "rho_curated/additive/nonlin_additive": 0.9956202351423917, "rho_random/additive/nonlin_additive": 0.9947059297287963, "rho_curated/pairwise/nonlin_additive": 0.9991308610127966, "rho_random/pairwise/nonlin_additive": 0.9963379142473754, "rho_curated/additive_GE/nonlin_additive": 0.9999877916315051, "rho_random/additive_GE/nonlin_additive": 0.9999843727497197, "rho_curated/pairwise_GE/nonlin_additive": 0.9996826071151443, "rho_random/pairwise_GE/nonlin_additive": 0.9996891963812763, "rho_curated/additive/nonlin_additive_pairwise": NaN, "rho_random/additive/nonlin_additive_pairwise": NaN, "rho_curated/pairwise/nonlin_additive_pairwise": NaN, "rho_random/pairwise/nonlin_additive_pairwise": NaN, "rho_curated/additive_GE/nonlin_additive_pairwise": NaN, "rho_random/additive_GE/nonlin_additive_pairwise": NaN, "rho_curated/pairwise_GE/nonlin_additive_pairwise": NaN, "rho_random/pairwise_GE/nonlin_additive_pairwise": NaN, "rho_curated_mean": 0.9874115305674772, "rho_random_mean": 0.9789468502580325, "_wandb": {"runtime": 530}}