{"potts/n_edges": 155, "potts/edge_density": 0.8157894736842105, "potts/J_mean_abs": 3.0261573791503906, "potts/J_std": 2.4119813442230225, "_timestamp": 1773492405.554233, "_runtime": 476.32058596611023, "_step": 21, "gt_scores/additive/std": 1.426379881017352, "gt_scores/additive/min": -10.008467674255371, "gt_scores/additive/pct5": -7.166622185707093, "gt_scores/additive_pairwise/std": 60.46509892755781, "gt_scores/additive_pairwise/min": -401.4181823730469, "gt_scores/additive_pairwise/pct5": -297.75709381103513, "gt_scores/nonlin_additive/std": 0.13946177757028871, "gt_scores/nonlin_additive/min": -0.8313426784103302, "gt_scores/nonlin_additive/pct5": -0.8034810610065, "gt_scores/nonlin_additive_pairwise/std": 8.437290837326269e-12, "gt_scores/nonlin_additive_pairwise/min": -0.8358896588447285, "gt_scores/nonlin_additive_pairwise/pct5": -0.8358896588447285, "rho_curated/additive/additive": 0.9999975268239011, "rho_random/additive/additive": 0.999992838528308, "rho_curated/pairwise/additive": 0.9999435018137387, "rho_random/pairwise/additive": 0.9998747598845295, "rho_curated/additive_GE/additive": 0.9999781140631233, "rho_random/additive_GE/additive": 0.9999578032364916, "rho_curated/pairwise_GE/additive": 0.9924849003393958, "rho_random/pairwise_GE/additive": 0.9871248040470386, "rho_curated/additive/additive_pairwise": 0.97412680337983, "rho_random/additive/additive_pairwise": 0.9556291714465893, "rho_curated/pairwise/additive_pairwise": 0.9999386562135418, "rho_random/pairwise/additive_pairwise": 0.9998894792448041, "rho_curated/additive_GE/additive_pairwise": 0.9741593757971345, "rho_random/additive_GE/additive_pairwise": 0.9607298770720308, "rho_curated/pairwise_GE/additive_pairwise": 0.9915357938050253, "rho_random/pairwise_GE/additive_pairwise": 0.9865375128910367, "rho_curated/additive/nonlin_additive": 0.9966384816972973, "rho_random/additive/nonlin_additive": 0.9955357561970788, "rho_curated/pairwise/nonlin_additive": 0.998635829601335, "rho_random/pairwise/nonlin_additive": 0.9961216441216443, "rho_curated/additive_GE/nonlin_additive": 0.9999921736956866, "rho_random/additive_GE/nonlin_additive": 0.999987374635262, "rho_curated/pairwise_GE/nonlin_additive": 0.9990707103867615, "rho_random/pairwise_GE/nonlin_additive": 0.9989993891401112, "rho_curated/additive/nonlin_additive_pairwise": NaN, "rho_random/additive/nonlin_additive_pairwise": NaN, "rho_curated/pairwise/nonlin_additive_pairwise": NaN, "rho_random/pairwise/nonlin_additive_pairwise": NaN, "rho_curated/additive_GE/nonlin_additive_pairwise": NaN, "rho_random/additive_GE/nonlin_additive_pairwise": NaN, "rho_curated/pairwise_GE/nonlin_additive_pairwise": NaN, "rho_random/pairwise_GE/nonlin_additive_pairwise": NaN, "rho_curated_mean": 0.993875155634731, "rho_random_mean": 0.9900317008704104, "_wandb": {"runtime": 475}}