{"potts/n_edges": 247, "potts/edge_density": 0.8233333333333334, "potts/J_mean_abs": 3.498295545578003, "potts/J_std": 2.8950107097625732, "_timestamp": 1773479318.6982899, "_runtime": 403.4516849517822, "_step": 21, "gt_scores/additive/std": 1.1692382790629163, "gt_scores/additive/min": -8.865388870239258, "gt_scores/additive/pct5": -6.260699653625488, "gt_scores/additive_pairwise/std": 93.56932803342947, "gt_scores/additive_pairwise/min": -627.7302856445312, "gt_scores/additive_pairwise/pct5": -414.56292724609375, "gt_scores/nonlin_additive/std": 0.1299774051589443, "gt_scores/nonlin_additive/min": -0.8570875160669313, "gt_scores/nonlin_additive/pct5": -0.8319475404672109, "gt_scores/nonlin_additive_pairwise/std": 1.879986044417249e-09, "gt_scores/nonlin_additive_pairwise/min": -0.8602126915025169, "gt_scores/nonlin_additive_pairwise/pct5": -0.8602126915025169, "rho_curated/additive/additive": 0.9999974462558977, "rho_random/additive/additive": 0.9999915182877298, "rho_curated/pairwise/additive": 0.9997230307729082, "rho_random/pairwise/additive": 0.9994809403568015, "rho_curated/additive_GE/additive": 0.9999718951588737, "rho_random/additive_GE/additive": 0.999941858244581, "rho_curated/pairwise_GE/additive": 0.9835167432042741, "rho_random/pairwise_GE/additive": 0.9729853439980626, "rho_curated/additive/additive_pairwise": 0.9812684571707382, "rho_random/additive/additive_pairwise": 0.9699167158863655, "rho_curated/pairwise/additive_pairwise": 0.9995958378478238, "rho_random/pairwise/additive_pairwise": 0.9992200046207799, "rho_curated/additive_GE/additive_pairwise": 0.9812658487546339, "rho_random/additive_GE/additive_pairwise": 0.9656714723500911, "rho_curated/pairwise_GE/additive_pairwise": 0.9787861524304277, "rho_random/pairwise_GE/additive_pairwise": 0.9691956606287103, "rho_curated/additive/nonlin_additive": 0.9959902675672258, "rho_random/additive/nonlin_additive": 0.9960278617728531, "rho_curated/pairwise/nonlin_additive": 0.9936739402825021, "rho_random/pairwise/nonlin_additive": 0.9820161952837285, "rho_curated/additive_GE/nonlin_additive": 0.999988673295546, "rho_random/additive_GE/nonlin_additive": 0.9999861596313367, "rho_curated/pairwise_GE/nonlin_additive": 0.9905131582042986, "rho_random/pairwise_GE/nonlin_additive": 0.9886525565526144, "rho_curated/additive/nonlin_additive_pairwise": NaN, "rho_random/additive/nonlin_additive_pairwise": NaN, "rho_curated/pairwise/nonlin_additive_pairwise": NaN, "rho_random/pairwise/nonlin_additive_pairwise": NaN, "rho_curated/additive_GE/nonlin_additive_pairwise": NaN, "rho_random/additive_GE/nonlin_additive_pairwise": NaN, "rho_curated/pairwise_GE/nonlin_additive_pairwise": NaN, "rho_random/pairwise_GE/nonlin_additive_pairwise": NaN, "rho_curated_mean": 0.9920242875787625, "rho_random_mean": 0.986923857301138, "_wandb": {"runtime": 403}}