{"potts/n_edges": 4501, "potts/edge_density": 0.9092929292929293, "potts/J_mean_abs": 3.7666728496551514, "potts/J_std": 2.9396979808807373, "_timestamp": 1773604074.731603, "_runtime": 600.4364018440247, "_step": 21, "gt_scores/additive/std": 1.5499381677782906, "gt_scores/additive/min": -11.220993995666504, "gt_scores/additive/pct5": -7.041671586036682, "gt_scores/additive_pairwise/std": 167.41512933834403, "gt_scores/additive_pairwise/min": -1241.6173095703125, "gt_scores/additive_pairwise/pct5": -636.4215057373046, "gt_scores/nonlin_additive/std": 0.1519094066091214, "gt_scores/nonlin_additive/min": -0.7986814691725639, "gt_scores/nonlin_additive/pct5": -0.7603640208912466, "gt_scores/nonlin_additive_pairwise/std": 4.9585757846525654e-05, "gt_scores/nonlin_additive_pairwise/min": -0.8015717919679708, "gt_scores/nonlin_additive_pairwise/pct5": -0.8015717919679708, "rho_curated/additive/additive": 0.9999951507758057, "rho_random/additive/additive": 0.9999875061821741, "rho_curated/pairwise/additive": 0.9994186426247038, "rho_random/pairwise/additive": 0.9994277276423438, "rho_curated/additive_GE/additive": 0.9999304913412097, "rho_random/additive_GE/additive": 0.9998617927806965, "rho_curated/pairwise_GE/additive": 0.9983023217478891, "rho_random/pairwise_GE/additive": 0.9973317887105514, "rho_curated/additive/additive_pairwise": 0.9856314627532584, "rho_random/additive/additive_pairwise": 0.9781253120096989, "rho_curated/pairwise/additive_pairwise": 0.9795591188773835, "rho_random/pairwise/additive_pairwise": 0.9733404513640734, "rho_curated/additive_GE/additive_pairwise": 0.9879155198763309, "rho_random/additive_GE/additive_pairwise": 0.9827978174479586, "rho_curated/pairwise_GE/additive_pairwise": 0.9806983362114702, "rho_random/pairwise_GE/additive_pairwise": 0.9710378889739313, "rho_curated/additive/nonlin_additive": 0.991858746073568, "rho_random/additive/nonlin_additive": 0.9910800210204063, "rho_curated/pairwise/nonlin_additive": 0.9919016343156764, "rho_random/pairwise/nonlin_additive": 0.9915750195750197, "rho_curated/additive_GE/nonlin_additive": 0.9999544644381753, "rho_random/additive_GE/nonlin_additive": 0.9999415502133703, "rho_curated/pairwise_GE/nonlin_additive": 0.9967085825319484, "rho_random/pairwise_GE/nonlin_additive": 0.9971510160557571, "rho_curated/additive/nonlin_additive_pairwise": NaN, "rho_random/additive/nonlin_additive_pairwise": 0.07580010119143908, "rho_curated/pairwise/nonlin_additive_pairwise": NaN, "rho_random/pairwise/nonlin_additive_pairwise": 0.04681208410133621, "rho_curated/additive_GE/nonlin_additive_pairwise": NaN, "rho_random/additive_GE/nonlin_additive_pairwise": -0.036097163780410786, "rho_curated/pairwise_GE/nonlin_additive_pairwise": NaN, "rho_random/pairwise_GE/nonlin_additive_pairwise": 0.02171042920221566, "rho_curated_mean": 0.9926562059639515, "rho_random_mean": 0.7493677089181601, "_wandb": {"runtime": 600}}