{"potts/n_edges": 128, "potts/edge_density": 0.6736842105263158, "potts/J_mean_abs": 3.3116087913513184, "potts/J_std": 2.956301689147949, "_timestamp": 1773683113.2557437, "_runtime": 604.4053847789764, "_step": 21, "gt_scores/additive/std": 1.1679848925803606, "gt_scores/additive/min": -7.822732448577881, "gt_scores/additive/pct5": -5.290616750717163, "gt_scores/additive_pairwise/std": 52.795894198771954, "gt_scores/additive_pairwise/min": -358.94036865234375, "gt_scores/additive_pairwise/pct5": -203.89736404418946, "gt_scores/nonlin_additive/std": 0.15481317080016796, "gt_scores/nonlin_additive/min": -0.7984893206648476, "gt_scores/nonlin_additive/pct5": -0.7612731900288069, "gt_scores/nonlin_additive_pairwise/std": 0.008977455676134592, "gt_scores/nonlin_additive_pairwise/min": -0.8035095018786592, "gt_scores/nonlin_additive_pairwise/pct5": -0.8035095018786592, "rho_curated/additive/additive": 0.9999977412879095, "rho_random/additive/additive": 0.9999926962654666, "rho_curated/pairwise/additive": 0.9999307069812267, "rho_random/pairwise/additive": 0.999853732749432, "rho_curated/additive_GE/additive": 0.9999818313752725, "rho_random/additive_GE/additive": 0.9999578178795764, "rho_curated/pairwise_GE/additive": 0.998766753134611, "rho_random/pairwise_GE/additive": 0.9981415041742017, "rho_curated/additive/additive_pairwise": 0.9701531153006921, "rho_random/additive/additive_pairwise": 0.9596838722490023, "rho_curated/pairwise/additive_pairwise": 0.9999337323013463, "rho_random/pairwise/additive_pairwise": 0.9998555769198674, "rho_curated/additive_GE/additive_pairwise": 0.9703287930997277, "rho_random/additive_GE/additive_pairwise": 0.9525452243730544, "rho_curated/pairwise_GE/additive_pairwise": 0.9945375392291083, "rho_random/pairwise_GE/additive_pairwise": 0.9928682755717169, "rho_curated/additive/nonlin_additive": 0.9972068875681414, "rho_random/additive/nonlin_additive": 0.9963912013549017, "rho_curated/pairwise/nonlin_additive": 0.9988069274561624, "rho_random/pairwise/nonlin_additive": 0.9976394611689212, "rho_curated/additive_GE/nonlin_additive": 0.9999874553914964, "rho_random/additive_GE/nonlin_additive": 0.9999842341634916, "rho_curated/pairwise_GE/nonlin_additive": 0.9977338044212433, "rho_random/pairwise_GE/nonlin_additive": 0.9973791815402522, "rho_curated/additive/nonlin_additive_pairwise": NaN, "rho_random/additive/nonlin_additive_pairwise": 0.2017473294916916, "rho_curated/pairwise/nonlin_additive_pairwise": NaN, "rho_random/pairwise/nonlin_additive_pairwise": 0.17046156858880027, "rho_curated/additive_GE/nonlin_additive_pairwise": NaN, "rho_random/additive_GE/nonlin_additive_pairwise": NaN, "rho_curated/pairwise_GE/nonlin_additive_pairwise": NaN, "rho_random/pairwise_GE/nonlin_additive_pairwise": 0.2265462252821035, "rho_curated_mean": 0.9939471072955781, "rho_random_mean": 0.8328698601181653, "_wandb": {"runtime": 604}}