{"potts/n_edges": 72, "potts/edge_density": 0.6857142857142857, "potts/J_mean_abs": 3.3061306476593018, "potts/J_std": 2.605670928955078, "_timestamp": 1773528146.7556717, "_runtime": 518.2772846221924, "_step": 21, "gt_scores/additive/std": 0.9557475539592777, "gt_scores/additive/min": -7.033940315246582, "gt_scores/additive/pct5": -5.159853672981262, "gt_scores/additive_pairwise/std": 35.21856049154438, "gt_scores/additive_pairwise/min": -305.5425109863281, "gt_scores/additive_pairwise/pct5": -249.24198226928712, "gt_scores/nonlin_additive/std": 0.1307311439252841, "gt_scores/nonlin_additive/min": -0.8613129322410867, "gt_scores/nonlin_additive/pct5": -0.8371371284084792, "gt_scores/nonlin_additive_pairwise/std": 1.1102230246251565e-16, "gt_scores/nonlin_additive_pairwise/min": -0.8653877661321029, "gt_scores/nonlin_additive_pairwise/pct5": -0.8653877661321029, "rho_curated/additive/additive": 0.9999981141519245, "rho_random/additive/additive": 0.9999940187444686, "rho_curated/pairwise/additive": 0.9999760000710383, "rho_random/pairwise/additive": 0.9999433812342922, "rho_curated/additive_GE/additive": 0.9999818025272701, "rho_random/additive_GE/additive": 0.9999555539186176, "rho_curated/pairwise_GE/additive": 0.9997579348383057, "rho_random/pairwise_GE/additive": 0.9996029010917574, "rho_curated/additive/additive_pairwise": 0.9335059695962595, "rho_random/additive/additive_pairwise": 0.8885522921222739, "rho_curated/pairwise/additive_pairwise": 0.9999688969827506, "rho_random/pairwise/additive_pairwise": 0.9999484109200193, "rho_curated/additive_GE/additive_pairwise": 0.9326652071049121, "rho_random/additive_GE/additive_pairwise": 0.8900890715496963, "rho_curated/pairwise_GE/additive_pairwise": 0.9996802547071792, "rho_random/pairwise_GE/additive_pairwise": 0.9995317784468835, "rho_curated/additive/nonlin_additive": 0.9955419060772484, "rho_random/additive/nonlin_additive": 0.9962953082953085, "rho_curated/pairwise/nonlin_additive": 0.9991232845488681, "rho_random/pairwise/nonlin_additive": 0.99719209309655, "rho_curated/additive_GE/nonlin_additive": 0.9999717423988671, "rho_random/additive_GE/nonlin_additive": 0.9999777145276607, "rho_curated/pairwise_GE/nonlin_additive": 0.9995653633425521, "rho_random/pairwise_GE/nonlin_additive": 0.9996097153702713, "rho_curated/additive/nonlin_additive_pairwise": NaN, "rho_random/additive/nonlin_additive_pairwise": NaN, "rho_curated/pairwise/nonlin_additive_pairwise": NaN, "rho_random/pairwise/nonlin_additive_pairwise": NaN, "rho_curated/additive_GE/nonlin_additive_pairwise": NaN, "rho_random/additive_GE/nonlin_additive_pairwise": NaN, "rho_curated/pairwise_GE/nonlin_additive_pairwise": NaN, "rho_random/pairwise_GE/nonlin_additive_pairwise": NaN, "rho_curated_mean": 0.9883113730289314, "rho_random_mean": 0.98089101994315, "_wandb": {"runtime": 517}}