{"potts/n_edges": 347, "potts/edge_density": 0.5831932773109244, "potts/J_mean_abs": 4.210510730743408, "potts/J_std": 3.4892568588256836, "_timestamp": 1773465966.930731, "_runtime": 533.1171691417694, "_step": 21, "gt_scores/additive/std": 1.0625598834179506, "gt_scores/additive/min": -6.710331916809082, "gt_scores/additive/pct5": -4.24800055027008, "gt_scores/additive_pairwise/std": 50.2037579248435, "gt_scores/additive_pairwise/min": -356.4557800292969, "gt_scores/additive_pairwise/pct5": -169.02740097045896, "gt_scores/nonlin_additive/std": 0.16877978672349433, "gt_scores/nonlin_additive/min": -0.742595191961088, "gt_scores/nonlin_additive/pct5": -0.6962848321044633, "gt_scores/nonlin_additive_pairwise/std": 0.058259191169179034, "gt_scores/nonlin_additive_pairwise/min": -0.7479327579209641, "gt_scores/nonlin_additive_pairwise/pct5": -0.7479327579209641, "rho_curated/additive/additive": 0.9999968917358751, "rho_random/additive/additive": 0.9999904644579429, "rho_curated/pairwise/additive": 0.9989392388373659, "rho_random/pairwise/additive": 0.9987300421894536, "rho_curated/additive_GE/additive": 0.999967694678701, "rho_random/additive_GE/additive": 0.9999291759291761, "rho_curated/pairwise_GE/additive": 0.9736698443164745, "rho_random/pairwise_GE/additive": 0.969540638235416, "rho_curated/additive/additive_pairwise": 0.9522853923611255, "rho_random/additive/additive_pairwise": 0.936598710935384, "rho_curated/pairwise/additive_pairwise": 0.9669714259340644, "rho_random/pairwise/additive_pairwise": 0.9579785719913002, "rho_curated/additive_GE/additive_pairwise": 0.9551708986526842, "rho_random/additive_GE/additive_pairwise": 0.9255516271748305, "rho_curated/pairwise_GE/additive_pairwise": 0.9448313818706074, "rho_random/pairwise_GE/additive_pairwise": 0.9377490753430872, "rho_curated/additive/nonlin_additive": 0.997555246092567, "rho_random/additive/nonlin_additive": 0.9969211849714036, "rho_curated/pairwise/nonlin_additive": 0.9925913863952102, "rho_random/pairwise/nonlin_additive": 0.9891203233392795, "rho_curated/additive_GE/nonlin_additive": NaN, "rho_random/additive_GE/nonlin_additive": NaN, "rho_curated/pairwise_GE/nonlin_additive": 0.9903026185258207, "rho_random/pairwise_GE/nonlin_additive": 0.9861691756759223, "rho_curated/additive/nonlin_additive_pairwise": 0.07218727058765272, "rho_random/additive/nonlin_additive_pairwise": 0.45544166665047014, "rho_curated/pairwise/nonlin_additive_pairwise": 0.12616388832005598, "rho_random/pairwise/nonlin_additive_pairwise": 0.47243821568237987, "rho_curated/additive_GE/nonlin_additive_pairwise": 0.1131659743623704, "rho_random/additive_GE/nonlin_additive_pairwise": 0.4496777241032509, "rho_curated/pairwise_GE/nonlin_additive_pairwise": 0.11649824803511669, "rho_random/pairwise_GE/nonlin_additive_pairwise": 0.4636163254246605, "rho_curated_mean": 0.7466864933803794, "rho_random_mean": 0.8359635281402638, "_wandb": {"runtime": 532}}