{"potts/n_edges": 284, "potts/edge_density": 0.9466666666666667, "potts/J_mean_abs": 2.5287232398986816, "potts/J_std": 2.0045974254608154, "_timestamp": 1773705362.5727828, "_runtime": 406.79873871803284, "_step": 21, "gt_scores/additive/std": 1.1692382790629163, "gt_scores/additive/min": -8.865388870239258, "gt_scores/additive/pct5": -6.260699653625488, "gt_scores/additive_pairwise/std": 78.59374804181378, "gt_scores/additive_pairwise/min": -537.8228149414062, "gt_scores/additive_pairwise/pct5": -352.87635345458983, "gt_scores/nonlin_additive/std": 0.1299774051589443, "gt_scores/nonlin_additive/min": -0.8570875160669313, "gt_scores/nonlin_additive/pct5": -0.8319475404672109, "gt_scores/nonlin_additive_pairwise/std": 3.6162379666935942e-09, "gt_scores/nonlin_additive_pairwise/min": -0.8602126915025169, "gt_scores/nonlin_additive_pairwise/pct5": -0.8602126915025169, "rho_curated/additive/additive": 0.9999976694079066, "rho_random/additive/additive": 0.9999928390868451, "rho_curated/pairwise/additive": 0.9997403961176032, "rho_random/pairwise/additive": 0.9995610434503676, "rho_curated/additive_GE/additive": 0.9999801169832042, "rho_random/additive_GE/additive": 0.9999472102142333, "rho_curated/pairwise_GE/additive": 0.9843889564948087, "rho_random/pairwise_GE/additive": 0.9737299088040221, "rho_curated/additive/additive_pairwise": 0.9856468842411865, "rho_random/additive/additive_pairwise": 0.9761794132565162, "rho_curated/pairwise/additive_pairwise": 0.9995691762227465, "rho_random/pairwise/additive_pairwise": 0.9992353714564285, "rho_curated/additive_GE/additive_pairwise": 0.9859106384200874, "rho_random/additive_GE/additive_pairwise": 0.9766671509548671, "rho_curated/pairwise_GE/additive_pairwise": 0.978380738389673, "rho_random/pairwise_GE/additive_pairwise": 0.9649449576643321, "rho_curated/additive/nonlin_additive": 0.9961308238849543, "rho_random/additive/nonlin_additive": 0.9962272543055292, "rho_curated/pairwise/nonlin_additive": 0.9931664768943311, "rho_random/pairwise/nonlin_additive": 0.9811693740976452, "rho_curated/additive_GE/nonlin_additive": 0.9999825371433002, "rho_random/additive_GE/nonlin_additive": 0.9999779888525065, "rho_curated/pairwise_GE/nonlin_additive": 0.9901641974693879, "rho_random/pairwise_GE/nonlin_additive": 0.9884357993289099, "rho_curated/additive/nonlin_additive_pairwise": NaN, "rho_random/additive/nonlin_additive_pairwise": NaN, "rho_curated/pairwise/nonlin_additive_pairwise": NaN, "rho_random/pairwise/nonlin_additive_pairwise": NaN, "rho_curated/additive_GE/nonlin_additive_pairwise": NaN, "rho_random/additive_GE/nonlin_additive_pairwise": NaN, "rho_curated/pairwise_GE/nonlin_additive_pairwise": NaN, "rho_random/pairwise_GE/nonlin_additive_pairwise": NaN, "rho_curated_mean": 0.9927548843057658, "rho_random_mean": 0.9880056926226835, "_wandb": {"runtime": 406}}