{"potts/n_edges": 488, "potts/edge_density": 0.8201680672268907, "potts/J_mean_abs": 3.2934176921844482, "potts/J_std": 2.5853826999664307, "_timestamp": 1773422837.044654, "_runtime": 534.0140008926392, "_step": 21, "gt_scores/additive/std": 1.2980668102345851, "gt_scores/additive/min": -10.26136302947998, "gt_scores/additive/pct5": -6.319049310684204, "gt_scores/additive_pairwise/std": 112.22167189947477, "gt_scores/additive_pairwise/min": -816.1105346679688, "gt_scores/additive_pairwise/pct5": -463.5651260375976, "gt_scores/nonlin_additive/std": 0.14330294331091115, "gt_scores/nonlin_additive/min": -0.8247283449624246, "gt_scores/nonlin_additive/pct5": -0.7911553785664509, "gt_scores/nonlin_additive_pairwise/std": 6.47602678367422e-06, "gt_scores/nonlin_additive_pairwise/min": -0.8264821477501916, "gt_scores/nonlin_additive_pairwise/pct5": -0.8264821477501916, "rho_curated/additive/additive": 0.9999974183438968, "rho_random/additive/additive": 0.9999919362236669, "rho_curated/pairwise/additive": 0.9989424682536734, "rho_random/pairwise/additive": 0.9985656417373969, "rho_curated/additive_GE/additive": 0.9999602320224082, "rho_random/additive_GE/additive": 0.9999258091602731, "rho_curated/pairwise_GE/additive": 0.9670305886724324, "rho_random/pairwise_GE/additive": 0.9469262562723649, "rho_curated/additive/additive_pairwise": 0.9874146175125846, "rho_random/additive/additive_pairwise": 0.9805535789220404, "rho_curated/pairwise/additive_pairwise": 0.9878881213312342, "rho_random/pairwise/additive_pairwise": 0.9834946854379305, "rho_curated/additive_GE/additive_pairwise": 0.987339331237573, "rho_random/additive_GE/additive_pairwise": 0.9789433713099078, "rho_curated/pairwise_GE/additive_pairwise": 0.95325239759073, "rho_random/pairwise_GE/additive_pairwise": 0.9425223144511191, "rho_curated/additive/nonlin_additive": 0.9971677871745076, "rho_random/additive/nonlin_additive": 0.9973963505524509, "rho_curated/pairwise/nonlin_additive": 0.9872764339544464, "rho_random/pairwise/nonlin_additive": 0.9834720310734715, "rho_curated/additive_GE/nonlin_additive": 0.9999841859433664, "rho_random/additive_GE/nonlin_additive": 0.9999786772953209, "rho_curated/pairwise_GE/nonlin_additive": 0.9789949889667912, "rho_random/pairwise_GE/nonlin_additive": 0.9771733063241653, "rho_curated/additive/nonlin_additive_pairwise": NaN, "rho_random/additive/nonlin_additive_pairwise": NaN, "rho_curated/pairwise/nonlin_additive_pairwise": NaN, "rho_random/pairwise/nonlin_additive_pairwise": NaN, "rho_curated/additive_GE/nonlin_additive_pairwise": NaN, "rho_random/additive_GE/nonlin_additive_pairwise": NaN, "rho_curated/pairwise_GE/nonlin_additive_pairwise": NaN, "rho_random/pairwise_GE/nonlin_additive_pairwise": NaN, "rho_curated_mean": 0.9871040475836371, "rho_random_mean": 0.9824119965633423, "_wandb": {"runtime": 533}}