{"potts/n_edges": 144, "potts/edge_density": 0.7578947368421053, "potts/J_mean_abs": 3.447671413421631, "potts/J_std": 2.914747953414917, "_timestamp": 1773527612.7091224, "_runtime": 625.502480506897, "_step": 21, "gt_scores/additive/std": 1.3328169946638528, "gt_scores/additive/min": -8.54687213897705, "gt_scores/additive/pct5": -5.66396427154541, "gt_scores/additive_pairwise/std": 56.52486467550522, "gt_scores/additive_pairwise/min": -418.4840393066406, "gt_scores/additive_pairwise/pct5": -219.94330673217772, "gt_scores/nonlin_additive/std": 0.16085671890946024, "gt_scores/nonlin_additive/min": -0.7713287382205405, "gt_scores/nonlin_additive/pct5": -0.7296449659409056, "gt_scores/nonlin_additive_pairwise/std": 0.010681120021733926, "gt_scores/nonlin_additive_pairwise/min": -0.7770133472475471, "gt_scores/nonlin_additive_pairwise/pct5": -0.7770133472475471, "rho_curated/additive/additive": 0.9999974062958961, "rho_random/additive/additive": 0.9999922352694195, "rho_curated/pairwise/additive": 0.9999337153813407, "rho_random/pairwise/additive": 0.9998768835727594, "rho_curated/additive_GE/additive": 0.9999775185510981, "rho_random/additive_GE/additive": 0.9999492919329194, "rho_curated/pairwise_GE/additive": 0.9983774029429404, "rho_random/pairwise_GE/additive": 0.9975411885338121, "rho_curated/additive/additive_pairwise": 0.9725494624773198, "rho_random/additive/additive_pairwise": 0.9590657630657631, "rho_curated/pairwise/additive_pairwise": 0.9999319815012792, "rho_random/pairwise/additive_pairwise": 0.9998640479544172, "rho_curated/additive_GE/additive_pairwise": NaN, "rho_random/additive_GE/additive_pairwise": NaN, "rho_curated/pairwise_GE/additive_pairwise": 0.9965442170137685, "rho_random/pairwise_GE/additive_pairwise": 0.9955406307357355, "rho_curated/additive/nonlin_additive": 0.9973480444133491, "rho_random/additive/nonlin_additive": 0.9962638337985427, "rho_curated/pairwise/nonlin_additive": 0.9988206670726001, "rho_random/pairwise/nonlin_additive": 0.9980937044454448, "rho_curated/additive_GE/nonlin_additive": 0.9999872409754865, "rho_random/additive_GE/nonlin_additive": 0.999980919020478, "rho_curated/pairwise_GE/nonlin_additive": 0.998266947306262, "rho_random/pairwise_GE/nonlin_additive": 0.9980783053679808, "rho_curated/additive/nonlin_additive_pairwise": NaN, "rho_random/additive/nonlin_additive_pairwise": 0.18981821473699848, "rho_curated/pairwise/nonlin_additive_pairwise": NaN, "rho_random/pairwise/nonlin_additive_pairwise": 0.20595139024237505, "rho_curated/additive_GE/nonlin_additive_pairwise": NaN, "rho_random/additive_GE/nonlin_additive_pairwise": NaN, "rho_curated/pairwise_GE/nonlin_additive_pairwise": NaN, "rho_random/pairwise_GE/nonlin_additive_pairwise": 0.18561412406892602, "rho_curated_mean": 0.9965213276301218, "rho_random_mean": 0.823259323767541, "_wandb": {"runtime": 625}}