{"potts/n_edges": 271, "potts/edge_density": 0.9033333333333333, "potts/J_mean_abs": 3.144137382507324, "potts/J_std": 2.501844882965088, "_timestamp": 1773469919.990565, "_runtime": 557.4730660915375, "_step": 21, "gt_scores/additive/std": 1.1692382790629163, "gt_scores/additive/min": -8.865388870239258, "gt_scores/additive/pct5": -6.260699653625488, "gt_scores/additive_pairwise/std": 93.31633614210592, "gt_scores/additive_pairwise/min": -648.82958984375, "gt_scores/additive_pairwise/pct5": -417.5779327392578, "gt_scores/nonlin_additive/std": 0.1299774051589443, "gt_scores/nonlin_additive/min": -0.8570875160669313, "gt_scores/nonlin_additive/pct5": -0.8319475404672109, "gt_scores/nonlin_additive_pairwise/std": 9.686139224218733e-07, "gt_scores/nonlin_additive_pairwise/min": -0.8602126915025169, "gt_scores/nonlin_additive_pairwise/pct5": -0.8602126915025169, "rho_curated/additive/additive": 0.9999971222078848, "rho_random/additive/additive": 0.9999914696822372, "rho_curated/pairwise/additive": 0.9997266155570517, "rho_random/pairwise/additive": 0.9994180870247603, "rho_curated/additive_GE/additive": 0.9999624242064954, "rho_random/additive_GE/additive": 0.9999178734191358, "rho_curated/pairwise_GE/additive": 0.9796642184580807, "rho_random/pairwise_GE/additive": 0.964606856428559, "rho_curated/additive/additive_pairwise": 0.9851148996202388, "rho_random/additive/additive_pairwise": 0.9728126401934244, "rho_curated/pairwise/additive_pairwise": 0.9995839524953579, "rho_random/pairwise/additive_pairwise": 0.9992356213709214, "rho_curated/additive_GE/additive_pairwise": 0.9852114362633927, "rho_random/additive_GE/additive_pairwise": 0.9746128257174692, "rho_curated/pairwise_GE/additive_pairwise": 0.9786362798634003, "rho_random/pairwise_GE/additive_pairwise": 0.9644231456977326, "rho_curated/additive/nonlin_additive": 0.996042518497131, "rho_random/additive/nonlin_additive": 0.9956529668471985, "rho_curated/pairwise/nonlin_additive": 0.9939957868952553, "rho_random/pairwise/nonlin_additive": 0.9848580908473356, "rho_curated/additive_GE/nonlin_additive": 0.9999859670794364, "rho_random/additive_GE/nonlin_additive": 0.9999827554847028, "rho_curated/pairwise_GE/nonlin_additive": 0.989917771315501, "rho_random/pairwise_GE/nonlin_additive": 0.990697721700252, "rho_curated/additive/nonlin_additive_pairwise": NaN, "rho_random/additive/nonlin_additive_pairwise": NaN, "rho_curated/pairwise/nonlin_additive_pairwise": NaN, "rho_random/pairwise/nonlin_additive_pairwise": 0.04405268127630664, "rho_curated/additive_GE/nonlin_additive_pairwise": NaN, "rho_random/additive_GE/nonlin_additive_pairwise": NaN, "rho_curated/pairwise_GE/nonlin_additive_pairwise": NaN, "rho_random/pairwise_GE/nonlin_additive_pairwise": NaN, "rho_curated_mean": 0.9923199160382686, "rho_random_mean": 0.9146355950530798, "_wandb": {"runtime": 557}}