{"potts/n_edges": 153, "potts/edge_density": 0.8052631578947368, "potts/J_mean_abs": 4.085701942443848, "potts/J_std": 3.2325804233551025, "_timestamp": 1773596105.4338827, "_runtime": 529.5491347312927, "_step": 21, "gt_scores/additive/std": 1.210202704410808, "gt_scores/additive/min": -8.911455154418945, "gt_scores/additive/pct5": -6.663809275627136, "gt_scores/additive_pairwise/std": 82.42561615305686, "gt_scores/additive_pairwise/min": -582.3574829101562, "gt_scores/additive_pairwise/pct5": -409.0479537963867, "gt_scores/nonlin_additive/std": 0.125785236402486, "gt_scores/nonlin_additive/min": -0.8664681453126024, "gt_scores/nonlin_additive/pct5": -0.8440971430509998, "gt_scores/nonlin_additive_pairwise/std": 6.578687401885018e-16, "gt_scores/nonlin_additive_pairwise/min": -0.8707194432537088, "gt_scores/nonlin_additive_pairwise/pct5": -0.8707194432537088, "rho_curated/additive/additive": 0.9999978460719137, "rho_random/additive/additive": 0.9999931640043401, "rho_curated/pairwise/additive": 0.999945366181808, "rho_random/pairwise/additive": 0.9998849301988755, "rho_curated/additive_GE/additive": 0.999981422079255, "rho_random/additive_GE/additive": 0.9999565551829622, "rho_curated/pairwise_GE/additive": 0.9991249696609567, "rho_random/pairwise_GE/additive": 0.9985858822465273, "rho_curated/additive/additive_pairwise": 0.9757764040367308, "rho_random/additive/additive_pairwise": 0.9597643741029498, "rho_curated/pairwise/additive_pairwise": 0.9999412106536458, "rho_random/pairwise/additive_pairwise": 0.9998707988657148, "rho_curated/additive_GE/additive_pairwise": 0.9761625659253585, "rho_random/additive_GE/additive_pairwise": 0.9601355826542599, "rho_curated/pairwise_GE/additive_pairwise": 0.9987170106606497, "rho_random/pairwise_GE/additive_pairwise": 0.998274230212804, "rho_curated/additive/nonlin_additive": 0.9951226740367899, "rho_random/additive/nonlin_additive": 0.9957242349957423, "rho_curated/pairwise/nonlin_additive": 0.9975025049158007, "rho_random/pairwise/nonlin_additive": 0.993274800235552, "rho_curated/additive_GE/nonlin_additive": 0.999982448631296, "rho_random/additive_GE/nonlin_additive": 0.9999807271085175, "rho_curated/pairwise_GE/nonlin_additive": 0.9990073376642221, "rho_random/pairwise_GE/nonlin_additive": 0.9991097809447603, "rho_curated/additive/nonlin_additive_pairwise": NaN, "rho_random/additive/nonlin_additive_pairwise": NaN, "rho_curated/pairwise/nonlin_additive_pairwise": NaN, "rho_random/pairwise/nonlin_additive_pairwise": NaN, "rho_curated/additive_GE/nonlin_additive_pairwise": NaN, "rho_random/additive_GE/nonlin_additive_pairwise": NaN, "rho_curated/pairwise_GE/nonlin_additive_pairwise": NaN, "rho_random/pairwise_GE/nonlin_additive_pairwise": NaN, "rho_curated_mean": 0.9951051467098689, "rho_random_mean": 0.9920462550627506, "_wandb": {"runtime": 529}}