{"potts/n_edges": 149, "potts/edge_density": 0.7842105263157895, "potts/J_mean_abs": 3.525986671447754, "potts/J_std": 3.124330759048462, "_timestamp": 1773414997.736799, "_runtime": 523.1674540042877, "_step": 21, "gt_scores/additive/std": 1.210202704410808, "gt_scores/additive/min": -8.911455154418945, "gt_scores/additive/pct5": -6.663809275627136, "gt_scores/additive_pairwise/std": 74.77933013384622, "gt_scores/additive_pairwise/min": -522.70458984375, "gt_scores/additive_pairwise/pct5": -367.09300689697267, "gt_scores/nonlin_additive/std": 0.125785236402486, "gt_scores/nonlin_additive/min": -0.8664681453126024, "gt_scores/nonlin_additive/pct5": -0.8440971430509998, "gt_scores/nonlin_additive_pairwise/std": 2.847889776975845e-17, "gt_scores/nonlin_additive_pairwise/min": -0.8707194432537088, "gt_scores/nonlin_additive_pairwise/pct5": -0.8707194432537088, "rho_curated/additive/additive": 0.9999978007839122, "rho_random/additive/additive": 0.9999924481630614, "rho_curated/pairwise/additive": 0.9999461987898467, "rho_random/pairwise/additive": 0.9998891539002538, "rho_curated/additive_GE/additive": 0.9999827483913081, "rho_random/additive_GE/additive": 0.9999595603073379, "rho_curated/pairwise_GE/additive": 0.9990928395636702, "rho_random/pairwise_GE/additive": 0.9985622392410947, "rho_curated/additive/additive_pairwise": 0.975511589873525, "rho_random/additive/additive_pairwise": 0.9526175645183427, "rho_curated/pairwise/additive_pairwise": 0.9999388589415513, "rho_random/pairwise/additive_pairwise": 0.9998751350851286, "rho_curated/additive_GE/additive_pairwise": 0.9759031498658125, "rho_random/additive_GE/additive_pairwise": 0.9580325002829707, "rho_curated/pairwise_GE/additive_pairwise": 0.9916941667631687, "rho_random/pairwise_GE/additive_pairwise": 0.9864870240769236, "rho_curated/additive/nonlin_additive": 0.9945831943351977, "rho_random/additive/nonlin_additive": 0.9954586891500717, "rho_curated/pairwise/nonlin_additive": 0.9978584248102343, "rho_random/pairwise/nonlin_additive": 0.9908419986769992, "rho_curated/additive_GE/nonlin_additive": 0.9999843709833744, "rho_random/additive_GE/nonlin_additive": 0.9999833031427866, "rho_curated/pairwise_GE/nonlin_additive": 0.9962900429874239, "rho_random/pairwise_GE/nonlin_additive": 0.9968395681547161, "rho_curated/additive/nonlin_additive_pairwise": NaN, "rho_random/additive/nonlin_additive_pairwise": NaN, "rho_curated/pairwise/nonlin_additive_pairwise": NaN, "rho_random/pairwise/nonlin_additive_pairwise": NaN, "rho_curated/additive_GE/nonlin_additive_pairwise": NaN, "rho_random/additive_GE/nonlin_additive_pairwise": NaN, "rho_curated/pairwise_GE/nonlin_additive_pairwise": NaN, "rho_random/pairwise_GE/nonlin_additive_pairwise": NaN, "rho_curated_mean": 0.9942319488407522, "rho_random_mean": 0.9898782653916404, "_wandb": {"runtime": 522}}