{"potts/n_edges": 518, "potts/edge_density": 0.8705882352941177, "potts/J_mean_abs": 3.6498653888702393, "potts/J_std": 3.0040476322174072, "_timestamp": 1773675616.1629472, "_runtime": 536.840371131897, "_step": 21, "gt_scores/additive/std": 1.2980668102345851, "gt_scores/additive/min": -10.26136302947998, "gt_scores/additive/pct5": -6.319049310684204, "gt_scores/additive_pairwise/std": 120.58634853261296, "gt_scores/additive_pairwise/min": -866.1162109375, "gt_scores/additive_pairwise/pct5": -499.4460388183594, "gt_scores/nonlin_additive/std": 0.14330294331091115, "gt_scores/nonlin_additive/min": -0.8247283449624246, "gt_scores/nonlin_additive/pct5": -0.7911553785664509, "gt_scores/nonlin_additive_pairwise/std": 6.991582999350445e-07, "gt_scores/nonlin_additive_pairwise/min": -0.8264821477501916, "gt_scores/nonlin_additive_pairwise/pct5": -0.8264821477501916, "rho_curated/additive/additive": 0.9999969307598773, "rho_random/additive/additive": 0.9999904984879421, "rho_curated/pairwise/additive": 0.9989050194442005, "rho_random/pairwise/additive": 0.9986115350179307, "rho_curated/additive_GE/additive": 0.9999704562868181, "rho_random/additive_GE/additive": 0.9999393011162813, "rho_curated/pairwise_GE/additive": 0.96338534631502, "rho_random/pairwise_GE/additive": 0.9417948037050357, "rho_curated/additive/additive_pairwise": 0.9842727202425313, "rho_random/additive/additive_pairwise": 0.975941575380317, "rho_curated/pairwise/additive_pairwise": 0.9855991188632736, "rho_random/pairwise/additive_pairwise": 0.9796184177387014, "rho_curated/additive_GE/additive_pairwise": 0.9848526307053783, "rho_random/additive_GE/additive_pairwise": 0.9749868429780288, "rho_curated/pairwise_GE/additive_pairwise": 0.9439526456434156, "rho_random/pairwise_GE/additive_pairwise": 0.9358250839610452, "rho_curated/additive/nonlin_additive": 0.9966761685628074, "rho_random/additive/nonlin_additive": 0.996876172428709, "rho_curated/pairwise/nonlin_additive": 0.9869812457026248, "rho_random/pairwise/nonlin_additive": 0.9830696887020375, "rho_curated/additive_GE/nonlin_additive": 0.9999768151590698, "rho_random/additive_GE/nonlin_additive": 0.9999704640558853, "rho_curated/pairwise_GE/nonlin_additive": 0.9798170201272276, "rho_random/pairwise_GE/nonlin_additive": 0.9757491072083553, "rho_curated/additive/nonlin_additive_pairwise": NaN, "rho_random/additive/nonlin_additive_pairwise": NaN, "rho_curated/pairwise/nonlin_additive_pairwise": NaN, "rho_random/pairwise/nonlin_additive_pairwise": 0.003380905066733221, "rho_curated/additive_GE/nonlin_additive_pairwise": NaN, "rho_random/additive_GE/nonlin_additive_pairwise": NaN, "rho_curated/pairwise_GE/nonlin_additive_pairwise": NaN, "rho_random/pairwise_GE/nonlin_additive_pairwise": NaN, "rho_curated_mean": 0.9853655098176869, "rho_random_mean": 0.9050580304497694, "_wandb": {"runtime": 536}}