{"potts/n_edges": 145, "potts/edge_density": 0.7631578947368421, "potts/J_mean_abs": 3.5067903995513916, "potts/J_std": 3.2755889892578125, "_timestamp": 1773550957.8867033, "_runtime": 519.1294162273407, "_step": 21, "gt_scores/additive/std": 1.426379881017352, "gt_scores/additive/min": -10.008467674255371, "gt_scores/additive/pct5": -7.166622185707093, "gt_scores/additive_pairwise/std": 76.11354162250586, "gt_scores/additive_pairwise/min": -528.1947021484375, "gt_scores/additive_pairwise/pct5": -373.12945861816405, "gt_scores/nonlin_additive/std": 0.13946177757028871, "gt_scores/nonlin_additive/min": -0.8313426784103302, "gt_scores/nonlin_additive/pct5": -0.8034810610065, "gt_scores/nonlin_additive_pairwise/std": 3.6673545962634725e-13, "gt_scores/nonlin_additive_pairwise/min": -0.8358896588447285, "gt_scores/nonlin_additive_pairwise/pct5": -0.8358896588447285, "rho_curated/additive/additive": 0.999997450719898, "rho_random/additive/additive": 0.9999917539323387, "rho_curated/pairwise/additive": 0.9999398302935888, "rho_random/pairwise/additive": 0.999877037367349, "rho_curated/additive_GE/additive": 0.9999747292709885, "rho_random/additive_GE/additive": 0.9999435118536233, "rho_curated/pairwise_GE/additive": 0.9987943717357459, "rho_random/pairwise_GE/additive": 0.9980350945603875, "rho_curated/additive/additive_pairwise": 0.9730735859210047, "rho_random/additive/additive_pairwise": 0.9552124878611019, "rho_curated/pairwise/additive_pairwise": 0.9999283348931302, "rho_random/pairwise/additive_pairwise": 0.9998640764892024, "rho_curated/additive_GE/additive_pairwise": 0.9730863937135179, "rho_random/additive_GE/additive_pairwise": 0.953493944030064, "rho_curated/pairwise_GE/additive_pairwise": 0.9985419446936079, "rho_random/pairwise_GE/additive_pairwise": 0.9977938848908979, "rho_curated/additive/nonlin_additive": 0.9962892362513913, "rho_random/additive/nonlin_additive": 0.9958009968145883, "rho_curated/pairwise/nonlin_additive": 0.9984387761054386, "rho_random/pairwise/nonlin_additive": 0.9965103449905707, "rho_curated/additive_GE/nonlin_additive": 0.9999883451915329, "rho_random/additive_GE/nonlin_additive": 0.9999853945260996, "rho_curated/pairwise_GE/nonlin_additive": 0.9990859093473266, "rho_random/pairwise_GE/nonlin_additive": 0.9990459234199107, "rho_curated/additive/nonlin_additive_pairwise": NaN, "rho_random/additive/nonlin_additive_pairwise": NaN, "rho_curated/pairwise/nonlin_additive_pairwise": NaN, "rho_random/pairwise/nonlin_additive_pairwise": NaN, "rho_curated/additive_GE/nonlin_additive_pairwise": NaN, "rho_random/additive_GE/nonlin_additive_pairwise": NaN, "rho_curated/pairwise_GE/nonlin_additive_pairwise": NaN, "rho_random/pairwise_GE/nonlin_additive_pairwise": NaN, "rho_curated_mean": 0.9947615756780975, "rho_random_mean": 0.9912962042280111, "_wandb": {"runtime": 518}}