{"potts/n_edges": 548, "potts/edge_density": 0.9210084033613445, "potts/J_mean_abs": 3.7431800365448, "potts/J_std": 2.9734671115875244, "_timestamp": 1773382473.5533612, "_runtime": 511.5464870929718, "_step": 21, "gt_scores/additive/std": 1.2980668102345851, "gt_scores/additive/min": -10.26136302947998, "gt_scores/additive/pct5": -6.319049310684204, "gt_scores/additive_pairwise/std": 141.28567234884252, "gt_scores/additive_pairwise/min": -1029.509521484375, "gt_scores/additive_pairwise/pct5": -591.7301788330078, "gt_scores/nonlin_additive/std": 0.14330294331091115, "gt_scores/nonlin_additive/min": -0.8247283449624246, "gt_scores/nonlin_additive/pct5": -0.7911553785664509, "gt_scores/nonlin_additive_pairwise/std": 2.764670274776964e-05, "gt_scores/nonlin_additive_pairwise/min": -0.8264821477501916, "gt_scores/nonlin_additive_pairwise/pct5": -0.8264821477501916, "rho_curated/additive/additive": 0.9999970241678808, "rho_random/additive/additive": 0.9999891712361065, "rho_curated/pairwise/additive": 0.998923298444906, "rho_random/pairwise/additive": 0.9984069117507485, "rho_curated/additive_GE/additive": 0.9999773505030934, "rho_random/additive_GE/additive": 0.9999430209428499, "rho_curated/pairwise_GE/additive": 0.9583152740676105, "rho_random/pairwise_GE/additive": 0.93654475347444, "rho_curated/additive/additive_pairwise": 0.9887180173396375, "rho_random/additive/additive_pairwise": 0.9826886244297213, "rho_curated/pairwise/additive_pairwise": 0.9890822700587666, "rho_random/pairwise/additive_pairwise": 0.9838630196912168, "rho_curated/additive_GE/additive_pairwise": 0.9887601014610552, "rho_random/additive_GE/additive_pairwise": 0.9800535132635791, "rho_curated/pairwise_GE/additive_pairwise": 0.9476696998352523, "rho_random/pairwise_GE/additive_pairwise": 0.9274348647801017, "rho_curated/additive/nonlin_additive": 0.99630361911579, "rho_random/additive/nonlin_additive": 0.9962452816850512, "rho_curated/pairwise/nonlin_additive": 0.9872240138723475, "rho_random/pairwise/nonlin_additive": 0.9819759342483981, "rho_curated/additive_GE/nonlin_additive": 0.9999845469753814, "rho_random/additive_GE/nonlin_additive": 0.9999783027667845, "rho_curated/pairwise_GE/nonlin_additive": 0.9804755816416175, "rho_random/pairwise_GE/nonlin_additive": 0.980582512551164, "rho_curated/additive/nonlin_additive_pairwise": NaN, "rho_random/additive/nonlin_additive_pairwise": 0.0552790155833468, "rho_curated/pairwise/nonlin_additive_pairwise": NaN, "rho_random/pairwise/nonlin_additive_pairwise": NaN, "rho_curated/additive_GE/nonlin_additive_pairwise": NaN, "rho_random/additive_GE/nonlin_additive_pairwise": NaN, "rho_curated/pairwise_GE/nonlin_additive_pairwise": NaN, "rho_random/pairwise_GE/nonlin_additive_pairwise": NaN, "rho_curated_mean": 0.9862858997902784, "rho_random_mean": 0.909460378954116, "_wandb": {"runtime": 510}}