{"potts/n_edges": 149, "potts/edge_density": 0.7842105263157895, "potts/J_mean_abs": 3.4704060554504395, "potts/J_std": 2.8400890827178955, "_timestamp": 1773472196.0572433, "_runtime": 505.1323273181915, "_step": 21, "gt_scores/additive/std": 1.210202704410808, "gt_scores/additive/min": -8.911455154418945, "gt_scores/additive/pct5": -6.663809275627136, "gt_scores/additive_pairwise/std": 64.1128634808424, "gt_scores/additive_pairwise/min": -434.2845458984375, "gt_scores/additive_pairwise/pct5": -312.85631103515624, "gt_scores/nonlin_additive/std": 0.125785236402486, "gt_scores/nonlin_additive/min": -0.8664681453126024, "gt_scores/nonlin_additive/pct5": -0.8440971430509998, "gt_scores/nonlin_additive_pairwise/std": 3.8403184692831135e-12, "gt_scores/nonlin_additive_pairwise/min": -0.8707194432537088, "gt_scores/nonlin_additive_pairwise/pct5": -0.8707194432537088, "rho_curated/additive/additive": 0.9999977641839104, "rho_random/additive/additive": 0.9999936277557965, "rho_curated/pairwise/additive": 0.9999455039418189, "rho_random/pairwise/additive": 0.9998846299270165, "rho_curated/additive_GE/additive": 0.9999845353833803, "rho_random/additive_GE/additive": 0.9999656539362974, "rho_curated/pairwise_GE/additive": 0.9991405087975379, "rho_random/pairwise_GE/additive": 0.9985626623071392, "rho_curated/additive/additive_pairwise": 0.9685649430028255, "rho_random/additive/additive_pairwise": 0.9537783020914884, "rho_curated/pairwise/additive_pairwise": 0.9999428511737098, "rho_random/pairwise/additive_pairwise": 0.9998712142408668, "rho_curated/additive_GE/additive_pairwise": 0.9686158013088658, "rho_random/additive_GE/additive_pairwise": 0.9477899139664842, "rho_curated/pairwise_GE/additive_pairwise": 0.998423727696798, "rho_random/pairwise_GE/additive_pairwise": 0.9975049728252314, "rho_curated/additive/nonlin_additive": 0.9957400590364778, "rho_random/additive/nonlin_additive": 0.9964849123214948, "rho_curated/pairwise/nonlin_additive": 0.9979057562678281, "rho_random/pairwise/nonlin_additive": 0.9929503924107631, "rho_curated/additive_GE/nonlin_additive": 0.9999805998872212, "rho_random/additive_GE/nonlin_additive": 0.9999786641570814, "rho_curated/pairwise_GE/nonlin_additive": 0.9983151166282409, "rho_random/pairwise_GE/nonlin_additive": 0.9984643393252888, "rho_curated/additive/nonlin_additive_pairwise": NaN, "rho_random/additive/nonlin_additive_pairwise": NaN, "rho_curated/pairwise/nonlin_additive_pairwise": NaN, "rho_random/pairwise/nonlin_additive_pairwise": NaN, "rho_curated/additive_GE/nonlin_additive_pairwise": NaN, "rho_random/additive_GE/nonlin_additive_pairwise": NaN, "rho_curated/pairwise_GE/nonlin_additive_pairwise": NaN, "rho_random/pairwise_GE/nonlin_additive_pairwise": NaN, "rho_curated_mean": 0.9938797639423846, "rho_random_mean": 0.9904357737720791, "_wandb": {"runtime": 504}}