{"potts/n_edges": 1628, "potts/edge_density": 0.919774011299435, "potts/J_mean_abs": 4.029168605804443, "potts/J_std": 3.3052186965942383, "_timestamp": 1773665128.6477814, "_runtime": 550.8061134815216, "_step": 21, "gt_scores/additive/std": 1.3340984823309705, "gt_scores/additive/min": -9.362010955810547, "gt_scores/additive/pct5": -5.5176349401474, "gt_scores/additive_pairwise/std": 104.65332647066347, "gt_scores/additive_pairwise/min": -724.7951049804688, "gt_scores/additive_pairwise/pct5": -374.1490051269531, "gt_scores/nonlin_additive/std": 0.16251816317624962, "gt_scores/nonlin_additive/min": -0.7604760693167422, "gt_scores/nonlin_additive/pct5": -0.7143106960595582, "gt_scores/nonlin_additive_pairwise/std": 0.014043656166325103, "gt_scores/nonlin_additive_pairwise/min": -0.7633583097961529, "gt_scores/nonlin_additive_pairwise/pct5": -0.7633583097961529, "rho_curated/additive/additive": 0.9999970055678802, "rho_random/additive/additive": 0.9999909989560228, "rho_curated/pairwise/additive": 0.9989864916234111, "rho_random/pairwise/additive": 0.9991482382094495, "rho_curated/additive_GE/additive": 0.9999710539108402, "rho_random/additive_GE/additive": 0.9999322375694732, "rho_curated/pairwise_GE/additive": 0.9901496276215125, "rho_random/pairwise_GE/additive": 0.9845588618059707, "rho_curated/additive/additive_pairwise": 0.9782781908751276, "rho_random/additive/additive_pairwise": 0.967208003533904, "rho_curated/pairwise/additive_pairwise": 0.9673004115152317, "rho_random/pairwise/additive_pairwise": 0.9639526956088937, "rho_curated/additive_GE/additive_pairwise": 0.9803307014852279, "rho_random/additive_GE/additive_pairwise": 0.9700619420674147, "rho_curated/pairwise_GE/additive_pairwise": 0.957827483335075, "rho_random/pairwise_GE/additive_pairwise": 0.9532929080432547, "rho_curated/additive/nonlin_additive": 0.996005121864109, "rho_random/additive/nonlin_additive": 0.9949557722264513, "rho_curated/pairwise/nonlin_additive": 0.993544217997459, "rho_random/pairwise/nonlin_additive": 0.9923816943036456, "rho_curated/additive_GE/nonlin_additive": 0.9999757902390306, "rho_random/additive_GE/nonlin_additive": 0.9999643390680193, "rho_curated/pairwise_GE/nonlin_additive": 0.9945356124610311, "rho_random/pairwise_GE/nonlin_additive": 0.9937053288856842, "rho_curated/additive/nonlin_additive_pairwise": 0.8156926999051372, "rho_random/additive/nonlin_additive_pairwise": 0.20780181908030101, "rho_curated/pairwise/nonlin_additive_pairwise": 0.729473401246074, "rho_random/pairwise/nonlin_additive_pairwise": 0.18229088423584508, "rho_curated/additive_GE/nonlin_additive_pairwise": 0.36815752302339405, "rho_random/additive_GE/nonlin_additive_pairwise": 0.08297294772368698, "rho_curated/pairwise_GE/nonlin_additive_pairwise": 0.48273595601721064, "rho_random/pairwise_GE/nonlin_additive_pairwise": 0.19605281850166875, "rho_curated_mean": 0.8908100805429844, "rho_random_mean": 0.7805169681137303, "_wandb": {"runtime": 550}}