{"potts/n_edges": 2578, "potts/edge_density": 0.8158227848101266, "potts/J_mean_abs": 2.2791459560394287, "potts/J_std": 4.975943565368652, "_timestamp": 1773696794.6698534, "_runtime": 523.0044515132904, "_step": 21, "gt_scores/additive/std": 0.9501084744265952, "gt_scores/additive/min": -8.05376148223877, "gt_scores/additive/pct5": -3.4521308541297913, "gt_scores/additive_pairwise/std": 26.68849297672556, "gt_scores/additive_pairwise/min": -425.1688537597656, "gt_scores/additive_pairwise/pct5": -71.62623100280761, "gt_scores/nonlin_additive/std": 0.1752591133885156, "gt_scores/nonlin_additive/min": -0.712086112575203, "gt_scores/nonlin_additive/pct5": -0.6511083132141297, "gt_scores/nonlin_additive_pairwise/std": 0.13670854664638257, "gt_scores/nonlin_additive_pairwise/min": -0.7126022507802691, "gt_scores/nonlin_additive_pairwise/pct5": -0.7126022507802691, "rho_curated/additive/additive": 0.9999952055437943, "rho_random/additive/additive": 0.9999882829303864, "rho_curated/pairwise/additive": 0.9994572581927402, "rho_random/pairwise/additive": 0.999583091864103, "rho_curated/additive_GE/additive": 0.9997161136118472, "rho_random/additive_GE/additive": 0.9995447532500413, "rho_curated/pairwise_GE/additive": 0.9914494402897622, "rho_random/pairwise_GE/additive": 0.9873580719894075, "rho_curated/additive/additive_pairwise": 0.7181752054999533, "rho_random/additive/additive_pairwise": 0.8274329032566416, "rho_curated/pairwise/additive_pairwise": 0.7155836429640419, "rho_random/pairwise/additive_pairwise": 0.8012099844485251, "rho_curated/additive_GE/additive_pairwise": 0.7373742836137593, "rho_random/additive_GE/additive_pairwise": 0.8564137563632908, "rho_curated/pairwise_GE/additive_pairwise": 0.7517607668625998, "rho_random/pairwise_GE/additive_pairwise": 0.861504485310763, "rho_curated/additive/nonlin_additive": 0.9952690777764736, "rho_random/additive/nonlin_additive": 0.9942385208128256, "rho_curated/pairwise/nonlin_additive": 0.9969808853933531, "rho_random/pairwise/nonlin_additive": 0.9961307617875582, "rho_curated/additive_GE/nonlin_additive": 0.9999715977506575, "rho_random/additive_GE/nonlin_additive": 0.9999514218246739, "rho_curated/pairwise_GE/nonlin_additive": 0.9975016875778399, "rho_random/pairwise_GE/nonlin_additive": 0.996752573648716, "rho_curated/additive/nonlin_additive_pairwise": 0.4773398717700035, "rho_random/additive/nonlin_additive_pairwise": 0.7674676397186144, "rho_curated/pairwise/nonlin_additive_pairwise": 0.48773128000029015, "rho_random/pairwise/nonlin_additive_pairwise": 0.772332956401851, "rho_curated/additive_GE/nonlin_additive_pairwise": 0.4801096344242902, "rho_random/additive_GE/nonlin_additive_pairwise": 0.7750048013523441, "rho_curated/pairwise_GE/nonlin_additive_pairwise": 0.46317464807805137, "rho_random/pairwise_GE/nonlin_additive_pairwise": 0.745892297442259, "rho_curated_mean": 0.8007244124593411, "rho_random_mean": 0.898800393900125, "_wandb": {"runtime": 522}}