{"potts/n_edges": 121, "potts/edge_density": 0.6368421052631579, "potts/J_mean_abs": 3.6719727516174316, "potts/J_std": 2.930420398712158, "_timestamp": 1773697321.9284637, "_runtime": 510.710976600647, "_step": 21, "gt_scores/additive/std": 1.426379881017352, "gt_scores/additive/min": -10.008467674255371, "gt_scores/additive/pct5": -7.166622185707093, "gt_scores/additive_pairwise/std": 68.74920461597127, "gt_scores/additive_pairwise/min": -493.07568359375, "gt_scores/additive_pairwise/pct5": -337.94647827148435, "gt_scores/nonlin_additive/std": 0.13946177757028871, "gt_scores/nonlin_additive/min": -0.8313426784103302, "gt_scores/nonlin_additive/pct5": -0.8034810610065, "gt_scores/nonlin_additive_pairwise/std": 3.814222529214752e-12, "gt_scores/nonlin_additive_pairwise/min": -0.8358896588447285, "gt_scores/nonlin_additive_pairwise/pct5": -0.8358896588447285, "rho_curated/additive/additive": 0.9999971842478873, "rho_random/additive/additive": 0.999991697903949, "rho_curated/pairwise/additive": 0.9999438387497509, "rho_random/pairwise/additive": 0.9998883322378543, "rho_curated/additive_GE/additive": 0.9999738905189538, "rho_random/additive_GE/additive": 0.9999469548960762, "rho_curated/pairwise_GE/additive": 0.9990707148988064, "rho_random/pairwise_GE/additive": 0.998530741688352, "rho_curated/additive/additive_pairwise": 0.9777166201550604, "rho_random/additive/additive_pairwise": 0.9571640428284504, "rho_curated/pairwise/additive_pairwise": 0.9999363219494466, "rho_random/pairwise/additive_pairwise": 0.9998667910056681, "rho_curated/additive_GE/additive_pairwise": 0.9779669453000339, "rho_random/additive_GE/additive_pairwise": 0.9632730161777258, "rho_curated/pairwise_GE/additive_pairwise": 0.9991693825747352, "rho_random/pairwise_GE/additive_pairwise": 0.9987795752166894, "rho_curated/additive/nonlin_additive": 0.9968255244810209, "rho_random/additive/nonlin_additive": 0.9955261706598091, "rho_curated/pairwise/nonlin_additive": 0.9984800732431666, "rho_random/pairwise/nonlin_additive": 0.9960342317098374, "rho_curated/additive_GE/nonlin_additive": 0.9999906192636246, "rho_random/additive_GE/nonlin_additive": 0.999986657042538, "rho_curated/pairwise_GE/nonlin_additive": 0.9967349693572418, "rho_random/pairwise_GE/nonlin_additive": 0.9964820275312034, "rho_curated/additive/nonlin_additive_pairwise": NaN, "rho_random/additive/nonlin_additive_pairwise": NaN, "rho_curated/pairwise/nonlin_additive_pairwise": NaN, "rho_random/pairwise/nonlin_additive_pairwise": NaN, "rho_curated/additive_GE/nonlin_additive_pairwise": NaN, "rho_random/additive_GE/nonlin_additive_pairwise": NaN, "rho_curated/pairwise_GE/nonlin_additive_pairwise": NaN, "rho_random/pairwise_GE/nonlin_additive_pairwise": NaN, "rho_curated_mean": 0.9954838403949773, "rho_random_mean": 0.9921225199081795, "_wandb": {"runtime": 510}}