{"potts/n_edges": 359, "potts/edge_density": 0.825287356321839, "potts/J_mean_abs": 3.8774514198303223, "potts/J_std": 3.2308802604675293, "_timestamp": 1773526970.4911537, "_runtime": 512.7768566608429, "_step": 21, "gt_scores/additive/std": 1.3145519307288893, "gt_scores/additive/min": -9.543702125549316, "gt_scores/additive/pct5": -6.543755149841308, "gt_scores/additive_pairwise/std": 111.74252005089697, "gt_scores/additive_pairwise/min": -809.240478515625, "gt_scores/additive_pairwise/pct5": -478.31116790771483, "gt_scores/nonlin_additive/std": 0.1415948963973883, "gt_scores/nonlin_additive/min": -0.8305795334928087, "gt_scores/nonlin_additive/pct5": -0.8006284573354645, "gt_scores/nonlin_additive_pairwise/std": 6.145759186276832e-07, "gt_scores/nonlin_additive_pairwise/min": -0.8341020215334246, "gt_scores/nonlin_additive_pairwise/pct5": -0.8341020215334246, "rho_curated/additive/additive": 0.9999970146878806, "rho_random/additive/additive": 0.9999894037075322, "rho_curated/pairwise/additive": 0.9992841632753494, "rho_random/pairwise/additive": 0.9988373887532337, "rho_curated/additive_GE/additive": 0.999954377510174, "rho_random/additive_GE/additive": 0.999909933652292, "rho_curated/pairwise_GE/additive": 0.9640060644625147, "rho_random/pairwise_GE/additive": 0.9389707019325961, "rho_curated/additive/additive_pairwise": 0.9817772876937795, "rho_random/additive/additive_pairwise": 0.9680015992125652, "rho_curated/pairwise/additive_pairwise": 0.991894674267398, "rho_random/pairwise/additive_pairwise": 0.9871245433810562, "rho_curated/additive_GE/additive_pairwise": 0.9820201604083749, "rho_random/additive_GE/additive_pairwise": 0.9713201642003844, "rho_curated/pairwise_GE/additive_pairwise": 0.9581790230611537, "rho_random/pairwise_GE/additive_pairwise": 0.944416496692255, "rho_curated/additive/nonlin_additive": 0.9974028013999876, "rho_random/additive/nonlin_additive": 0.9969748345782692, "rho_curated/pairwise/nonlin_additive": 0.9887297508209196, "rho_random/pairwise/nonlin_additive": 0.9812619051247278, "rho_curated/additive_GE/nonlin_additive": 0.9999885263675402, "rho_random/additive_GE/nonlin_additive": 0.9999846719475609, "rho_curated/pairwise_GE/nonlin_additive": 0.9803370816925395, "rho_random/pairwise_GE/nonlin_additive": 0.979146618964877, "rho_curated/additive/nonlin_additive_pairwise": NaN, "rho_random/additive/nonlin_additive_pairwise": NaN, "rho_curated/pairwise/nonlin_additive_pairwise": NaN, "rho_random/pairwise/nonlin_additive_pairwise": NaN, "rho_curated/additive_GE/nonlin_additive_pairwise": NaN, "rho_random/additive_GE/nonlin_additive_pairwise": NaN, "rho_curated/pairwise_GE/nonlin_additive_pairwise": NaN, "rho_random/pairwise_GE/nonlin_additive_pairwise": NaN, "rho_curated_mean": 0.9869642438039676, "rho_random_mean": 0.9804948551789456, "_wandb": {"runtime": 512}}