{"potts/n_edges": 174, "potts/edge_density": 0.9157894736842105, "potts/J_mean_abs": 4.136319160461426, "potts/J_std": 3.161853075027466, "_timestamp": 1773576546.8923402, "_runtime": 514.4864692687988, "_step": 21, "gt_scores/additive/std": 1.2097035595556864, "gt_scores/additive/min": -8.994394302368164, "gt_scores/additive/pct5": -6.638693571090698, "gt_scores/additive_pairwise/std": 105.36903694235399, "gt_scores/additive_pairwise/min": -727.710693359375, "gt_scores/additive_pairwise/pct5": -524.5975952148438, "gt_scores/nonlin_additive/std": 0.12780147869164835, "gt_scores/nonlin_additive/min": -0.8633649983358815, "gt_scores/nonlin_additive/pct5": -0.8409005929909275, "gt_scores/nonlin_additive_pairwise/std": 1.1102230246251565e-16, "gt_scores/nonlin_additive_pairwise/min": -0.8672038070001775, "gt_scores/nonlin_additive_pairwise/pct5": -0.8672038070001775, "rho_curated/additive/additive": 0.9999974209598967, "rho_random/additive/additive": 0.9999927563176984, "rho_curated/pairwise/additive": 0.9999482451259285, "rho_random/pairwise/additive": 0.9998832314005921, "rho_curated/additive_GE/additive": 0.9999696967587872, "rho_random/additive_GE/additive": 0.9999290415315665, "rho_curated/pairwise_GE/additive": 0.9991007060200068, "rho_random/pairwise_GE/additive": 0.9985110794111447, "rho_curated/additive/additive_pairwise": 0.9842084393355794, "rho_random/additive/additive_pairwise": 0.9745241359849209, "rho_curated/pairwise/additive_pairwise": 0.9999474369258973, "rho_random/pairwise/additive_pairwise": 0.9998921534566808, "rho_curated/additive_GE/additive_pairwise": 0.9842931605869724, "rho_random/additive_GE/additive_pairwise": 0.9738058499484425, "rho_curated/pairwise_GE/additive_pairwise": 0.9986523622180944, "rho_random/pairwise_GE/additive_pairwise": 0.9976211429556128, "rho_curated/additive/nonlin_additive": 0.9961998222318103, "rho_random/additive/nonlin_additive": 0.9966138313536068, "rho_curated/pairwise/nonlin_additive": 0.9981450669017136, "rho_random/pairwise/nonlin_additive": 0.9948899721918851, "rho_curated/additive_GE/nonlin_additive": 0.9999831200313247, "rho_random/additive_GE/nonlin_additive": 0.9999823461175928, "rho_curated/pairwise_GE/nonlin_additive": 0.9981936922477476, "rho_random/pairwise_GE/nonlin_additive": 0.9982409768843651, "rho_curated/additive/nonlin_additive_pairwise": NaN, "rho_random/additive/nonlin_additive_pairwise": NaN, "rho_curated/pairwise/nonlin_additive_pairwise": NaN, "rho_random/pairwise/nonlin_additive_pairwise": NaN, "rho_curated/additive_GE/nonlin_additive_pairwise": NaN, "rho_random/additive_GE/nonlin_additive_pairwise": NaN, "rho_curated/pairwise_GE/nonlin_additive_pairwise": NaN, "rho_random/pairwise_GE/nonlin_additive_pairwise": NaN, "rho_curated_mean": 0.99655326411198, "rho_random_mean": 0.9944905431295089, "_wandb": {"runtime": 514}}