{"potts/n_edges": 111, "potts/edge_density": 0.5842105263157895, "potts/J_mean_abs": 3.7099192142486572, "potts/J_std": 3.000905752182007, "_timestamp": 1773545939.6506207, "_runtime": 469.08565068244934, "_step": 21, "gt_scores/additive/std": 1.210202704410808, "gt_scores/additive/min": -8.911455154418945, "gt_scores/additive/pct5": -6.663809275627136, "gt_scores/additive_pairwise/std": 57.15725919244418, "gt_scores/additive_pairwise/min": -403.4667663574219, "gt_scores/additive_pairwise/pct5": -274.1603149414062, "gt_scores/nonlin_additive/std": 0.125785236402486, "gt_scores/nonlin_additive/min": -0.8664681453126024, "gt_scores/nonlin_additive/pct5": -0.8440971430509998, "gt_scores/nonlin_additive_pairwise/std": 1.0177837991969559e-10, "gt_scores/nonlin_additive_pairwise/min": -0.8707194432537088, "gt_scores/nonlin_additive_pairwise/pct5": -0.8707194432537088, "rho_curated/additive/additive": 0.9999972686798906, "rho_random/additive/additive": 0.999992208167966, "rho_curated/pairwise/additive": 0.9999463858938542, "rho_random/pairwise/additive": 0.9998880520676926, "rho_curated/additive_GE/additive": 0.9999805670312223, "rho_random/additive_GE/additive": 0.99995673680409, "rho_curated/pairwise_GE/additive": 0.999101781148028, "rho_random/pairwise_GE/additive": 0.9985743259670118, "rho_curated/additive/additive_pairwise": 0.9678512370485062, "rho_random/additive/additive_pairwise": 0.9478332712434058, "rho_curated/pairwise/additive_pairwise": 0.9999335630053424, "rho_random/pairwise/additive_pairwise": 0.9998608478083115, "rho_curated/additive_GE/additive_pairwise": 0.9678294243131768, "rho_random/additive_GE/additive_pairwise": 0.9419331408133332, "rho_curated/pairwise_GE/additive_pairwise": 0.9922979436919176, "rho_random/pairwise_GE/additive_pairwise": 0.9884758227976871, "rho_curated/additive/nonlin_additive": 0.9946585347298288, "rho_random/additive/nonlin_additive": 0.995224313149427, "rho_curated/pairwise/nonlin_additive": 0.9980696455066933, "rho_random/pairwise/nonlin_additive": 0.9933641668644916, "rho_curated/additive_GE/nonlin_additive": 0.9999890810795631, "rho_random/additive_GE/nonlin_additive": 0.9999857600722122, "rho_curated/pairwise_GE/nonlin_additive": 0.9975561769581299, "rho_random/pairwise_GE/nonlin_additive": 0.9974807850320528, "rho_curated/additive/nonlin_additive_pairwise": NaN, "rho_random/additive/nonlin_additive_pairwise": NaN, "rho_curated/pairwise/nonlin_additive_pairwise": NaN, "rho_random/pairwise/nonlin_additive_pairwise": NaN, "rho_curated/additive_GE/nonlin_additive_pairwise": NaN, "rho_random/additive_GE/nonlin_additive_pairwise": NaN, "rho_curated/pairwise_GE/nonlin_additive_pairwise": NaN, "rho_random/pairwise_GE/nonlin_additive_pairwise": NaN, "rho_curated_mean": 0.993100967423846, "rho_random_mean": 0.9885474525656401, "_wandb": {"runtime": 468}}