{"potts/n_edges": 77, "potts/edge_density": 0.7333333333333333, "potts/J_mean_abs": 3.226602554321289, "potts/J_std": 2.4447193145751953, "_timestamp": 1773621549.8366063, "_runtime": 724.292610168457, "_step": 21, "gt_scores/additive/std": 0.9557475539592777, "gt_scores/additive/min": -7.033940315246582, "gt_scores/additive/pct5": -5.159853672981262, "gt_scores/additive_pairwise/std": 30.373636113388372, "gt_scores/additive_pairwise/min": -253.32699584960938, "gt_scores/additive_pairwise/pct5": -215.7683547973633, "gt_scores/nonlin_additive/std": 0.1307311439252841, "gt_scores/nonlin_additive/min": -0.8613129322410867, "gt_scores/nonlin_additive/pct5": -0.8371371284084792, "gt_scores/nonlin_additive_pairwise/std": 1.1102230246251565e-16, "gt_scores/nonlin_additive_pairwise/min": -0.8653877661321029, "gt_scores/nonlin_additive_pairwise/pct5": -0.8653877661321029, "rho_curated/additive/additive": 0.9999987927999516, "rho_random/additive/additive": 0.9999957030060243, "rho_curated/pairwise/additive": 0.9999751743750063, "rho_random/pairwise/additive": 0.9999475847070429, "rho_curated/additive_GE/additive": 0.9999886207355447, "rho_random/additive_GE/additive": 0.9999744003999179, "rho_curated/pairwise_GE/additive": 0.9996962915798296, "rho_random/pairwise_GE/additive": 0.9995901614577286, "rho_curated/additive/additive_pairwise": 0.9186553442545004, "rho_random/additive/additive_pairwise": 0.8817566948820397, "rho_curated/pairwise/additive_pairwise": 0.9999689788227542, "rho_random/pairwise/additive_pairwise": 0.9999366240256121, "rho_curated/additive_GE/additive_pairwise": 0.918674595135273, "rho_random/additive_GE/additive_pairwise": 0.8712640254568955, "rho_curated/pairwise_GE/additive_pairwise": 0.9996802980511661, "rho_random/pairwise_GE/additive_pairwise": 0.9995616855912416, "rho_curated/additive/nonlin_additive": 0.9959666900861837, "rho_random/additive/nonlin_additive": 0.9968166141561127, "rho_curated/pairwise/nonlin_additive": 0.9990854120193068, "rho_random/pairwise/nonlin_additive": 0.9964618017346973, "rho_curated/additive_GE/nonlin_additive": 0.9999915972636633, "rho_random/additive_GE/nonlin_additive": 0.9999899501435653, "rho_curated/pairwise_GE/nonlin_additive": 0.9995001725239592, "rho_random/pairwise_GE/nonlin_additive": 0.9995565177743194, "rho_curated/additive/nonlin_additive_pairwise": NaN, "rho_random/additive/nonlin_additive_pairwise": NaN, "rho_curated/pairwise/nonlin_additive_pairwise": NaN, "rho_random/pairwise/nonlin_additive_pairwise": NaN, "rho_curated/additive_GE/nonlin_additive_pairwise": NaN, "rho_random/additive_GE/nonlin_additive_pairwise": NaN, "rho_curated/pairwise_GE/nonlin_additive_pairwise": NaN, "rho_random/pairwise_GE/nonlin_additive_pairwise": NaN, "rho_curated_mean": 0.9859318306372615, "rho_random_mean": 0.9787376469445999, "_wandb": {"runtime": 723}}