{"potts/n_edges": 256, "potts/edge_density": 0.8533333333333334, "potts/J_mean_abs": 3.3692123889923096, "potts/J_std": 2.827335834503174, "_timestamp": 1773508870.361381, "_runtime": 424.7803921699524, "_step": 21, "gt_scores/additive/std": 1.1692382790629163, "gt_scores/additive/min": -8.865388870239258, "gt_scores/additive/pct5": -6.260699653625488, "gt_scores/additive_pairwise/std": 101.14184178996169, "gt_scores/additive_pairwise/min": -699.2833251953125, "gt_scores/additive_pairwise/pct5": -451.31335906982423, "gt_scores/nonlin_additive/std": 0.1299774051589443, "gt_scores/nonlin_additive/min": -0.8570875160669313, "gt_scores/nonlin_additive/pct5": -0.8319475404672109, "gt_scores/nonlin_additive_pairwise/std": 8.504142214893346e-12, "gt_scores/nonlin_additive_pairwise/min": -0.8602126915025169, "gt_scores/nonlin_additive_pairwise/pct5": -0.8602126915025169, "rho_curated/additive/additive": 0.9999959460398378, "rho_random/additive/additive": 0.9999891049367453, "rho_curated/pairwise/additive": 0.9997436251017265, "rho_random/pairwise/additive": 0.9995327501917065, "rho_curated/additive_GE/additive": 0.9999748098869922, "rho_random/additive_GE/additive": 0.9999437794756655, "rho_curated/pairwise_GE/additive": 0.9814252954725661, "rho_random/pairwise_GE/additive": 0.9661215127289804, "rho_curated/additive/additive_pairwise": 0.9846578808972106, "rho_random/additive/additive_pairwise": 0.9762895319140149, "rho_curated/pairwise/additive_pairwise": 0.9993758245590181, "rho_random/pairwise/additive_pairwise": 0.9988660897948229, "rho_curated/additive_GE/additive_pairwise": 0.9848474988818999, "rho_random/additive_GE/additive_pairwise": 0.9751180174316136, "rho_curated/pairwise_GE/additive_pairwise": 0.9800483420480183, "rho_random/pairwise_GE/additive_pairwise": 0.9720490103038215, "rho_curated/additive/nonlin_additive": 0.9954828044187702, "rho_random/additive/nonlin_additive": 0.9958100798973244, "rho_curated/pairwise/nonlin_additive": 0.9926891494426888, "rho_random/pairwise/nonlin_additive": 0.9857528897528899, "rho_curated/additive_GE/nonlin_additive": 0.999985585551422, "rho_random/additive_GE/nonlin_additive": 0.9999820605605897, "rho_curated/pairwise_GE/nonlin_additive": 0.9891905724620663, "rho_random/pairwise_GE/nonlin_additive": 0.9868847547622696, "rho_curated/additive/nonlin_additive_pairwise": NaN, "rho_random/additive/nonlin_additive_pairwise": NaN, "rho_curated/pairwise/nonlin_additive_pairwise": NaN, "rho_random/pairwise/nonlin_additive_pairwise": NaN, "rho_curated/additive_GE/nonlin_additive_pairwise": NaN, "rho_random/additive_GE/nonlin_additive_pairwise": NaN, "rho_curated/pairwise_GE/nonlin_additive_pairwise": NaN, "rho_random/pairwise_GE/nonlin_additive_pairwise": NaN, "rho_curated_mean": 0.9922847778968514, "rho_random_mean": 0.9880282984792038, "_wandb": {"runtime": 424}}