{"potts/n_edges": 126, "potts/edge_density": 0.6631578947368421, "potts/J_mean_abs": 3.470283031463623, "potts/J_std": 2.816305160522461, "_timestamp": 1773354796.6085951, "_runtime": 626.6659960746765, "_step": 21, "gt_scores/additive/std": 1.1679848925803606, "gt_scores/additive/min": -7.822732448577881, "gt_scores/additive/pct5": -5.290616750717163, "gt_scores/additive_pairwise/std": 53.18225564673031, "gt_scores/additive_pairwise/min": -335.2918701171875, "gt_scores/additive_pairwise/pct5": -207.39105148315429, "gt_scores/nonlin_additive/std": 0.15481317080016796, "gt_scores/nonlin_additive/min": -0.7984893206648476, "gt_scores/nonlin_additive/pct5": -0.7612731900288069, "gt_scores/nonlin_additive_pairwise/std": 0.004010191751160098, "gt_scores/nonlin_additive_pairwise/min": -0.8035095018786592, "gt_scores/nonlin_additive_pairwise/pct5": -0.8035095018786592, "rho_curated/additive/additive": 0.999997774887911, "rho_random/additive/additive": 0.9999928836260594, "rho_curated/pairwise/additive": 0.9999418282456717, "rho_random/pairwise/additive": 0.9999062196392966, "rho_curated/additive_GE/additive": 0.9999604151664164, "rho_random/additive_GE/additive": 0.9999210960416998, "rho_curated/pairwise_GE/additive": 0.9990684802587169, "rho_random/pairwise_GE/additive": 0.9984378096321564, "rho_curated/additive/additive_pairwise": 0.974171604566864, "rho_random/additive/additive_pairwise": 0.9571246276336455, "rho_curated/pairwise/additive_pairwise": 0.999927965653117, "rho_random/pairwise/additive_pairwise": 0.9998469183295572, "rho_curated/additive_GE/additive_pairwise": 0.9745120202432572, "rho_random/additive_GE/additive_pairwise": 0.9588469186887957, "rho_curated/pairwise_GE/additive_pairwise": 0.9956731176345094, "rho_random/pairwise_GE/additive_pairwise": 0.994305752157944, "rho_curated/additive/nonlin_additive": 0.9975158945885163, "rho_random/additive/nonlin_additive": 0.9973199455401454, "rho_curated/pairwise/nonlin_additive": 0.9987063346441601, "rho_random/pairwise/nonlin_additive": 0.9974740069670355, "rho_curated/additive_GE/nonlin_additive": 0.9999837450153463, "rho_random/additive_GE/nonlin_additive": 0.999976713718429, "rho_curated/pairwise_GE/nonlin_additive": 0.9993468001098249, "rho_random/pairwise_GE/nonlin_additive": 0.9992007859335359, "rho_curated/additive/nonlin_additive_pairwise": NaN, "rho_random/additive/nonlin_additive_pairwise": 0.20852680689794606, "rho_curated/pairwise/nonlin_additive_pairwise": NaN, "rho_random/pairwise/nonlin_additive_pairwise": 0.2259808365921763, "rho_curated/additive_GE/nonlin_additive_pairwise": NaN, "rho_random/additive_GE/nonlin_additive_pairwise": NaN, "rho_curated/pairwise_GE/nonlin_additive_pairwise": NaN, "rho_random/pairwise_GE/nonlin_additive_pairwise": 0.17192011692744824, "rho_curated_mean": 0.9949004984178592, "rho_random_mean": 0.8339187625550579, "_wandb": {"runtime": 626}}