{"potts/n_edges": 121, "potts/edge_density": 0.6368421052631579, "potts/J_mean_abs": 1.0583773851394653, "potts/J_std": 0.865778386592865, "_timestamp": 1773350905.8166335, "_runtime": 598.2354264259338, "_step": 21, "gt_scores/additive/std": 1.210202704410808, "gt_scores/additive/min": -8.911455154418945, "gt_scores/additive/pct5": -6.663809275627136, "gt_scores/additive_pairwise/std": 17.65860652503672, "gt_scores/additive_pairwise/min": -131.1722869873047, "gt_scores/additive_pairwise/pct5": -86.79577980041503, "gt_scores/nonlin_additive/std": 0.125785236402486, "gt_scores/nonlin_additive/min": -0.8664681453126024, "gt_scores/nonlin_additive/pct5": -0.8440971430509998, "gt_scores/nonlin_additive_pairwise/std": 1.3687914962428701e-05, "gt_scores/nonlin_additive_pairwise/min": -0.8707194432537088, "gt_scores/nonlin_additive_pairwise/pct5": -0.8707194432537088, "rho_curated/additive/additive": 0.9999971079758843, "rho_random/additive/additive": 0.9999902617154898, "rho_curated/pairwise/additive": 0.999948056197921, "rho_random/pairwise/additive": 0.9998993255431083, "rho_curated/additive_GE/additive": 0.9999891540395659, "rho_random/additive_GE/additive": 0.9999733978636108, "rho_curated/pairwise_GE/additive": 0.99904906905794, "rho_random/pairwise_GE/additive": 0.998309358404218, "rho_curated/additive/additive_pairwise": 0.9708588409421572, "rho_random/additive/additive_pairwise": 0.9528136488136488, "rho_curated/pairwise/additive_pairwise": 0.9999338546293463, "rho_random/pairwise/additive_pairwise": 0.9998675044905844, "rho_curated/additive_GE/additive_pairwise": 0.9710147770138084, "rho_random/additive_GE/additive_pairwise": 0.9497007827732912, "rho_curated/pairwise_GE/additive_pairwise": 0.9926868037789456, "rho_random/pairwise_GE/additive_pairwise": 0.987742415445709, "rho_curated/additive/nonlin_additive": 0.9955153978600778, "rho_random/additive/nonlin_additive": 0.9963357913999406, "rho_curated/pairwise/nonlin_additive": 0.9982514988658501, "rho_random/pairwise/nonlin_additive": 0.9936391963870447, "rho_curated/additive_GE/nonlin_additive": 0.9999880008875186, "rho_random/additive_GE/nonlin_additive": 0.9999860518076065, "rho_curated/pairwise_GE/nonlin_additive": 0.9975976124795588, "rho_random/pairwise_GE/nonlin_additive": 0.997630960766574, "rho_curated/additive/nonlin_additive_pairwise": NaN, "rho_random/additive/nonlin_additive_pairwise": 0.18674366029237804, "rho_curated/pairwise/nonlin_additive_pairwise": NaN, "rho_random/pairwise/nonlin_additive_pairwise": 0.19355360887222478, "rho_curated/additive_GE/nonlin_additive_pairwise": NaN, "rho_random/additive_GE/nonlin_additive_pairwise": NaN, "rho_curated/pairwise_GE/nonlin_additive_pairwise": NaN, "rho_random/pairwise_GE/nonlin_additive_pairwise": 0.19017585741089613, "rho_curated_mean": 0.9937358478107144, "rho_random_mean": 0.8297574547990886, "_wandb": {"runtime": 597}}