{"potts/n_edges": 234, "potts/edge_density": 0.78, "potts/J_mean_abs": 3.3028178215026855, "potts/J_std": 2.7860522270202637, "_timestamp": 1773425486.5187018, "_runtime": 562.1452798843384, "_step": 21, "gt_scores/additive/std": 1.4607008917297066, "gt_scores/additive/min": -10.880603790283203, "gt_scores/additive/pct5": -7.648485493659973, "gt_scores/additive_pairwise/std": 79.97187956969974, "gt_scores/additive_pairwise/min": -605.651611328125, "gt_scores/additive_pairwise/pct5": -353.76131134033204, "gt_scores/nonlin_additive/std": 0.1329364744996366, "gt_scores/nonlin_additive/min": -0.8491222741790089, "gt_scores/nonlin_additive/pct5": -0.8226467537292117, "gt_scores/nonlin_additive_pairwise/std": 2.9089011626491614e-06, "gt_scores/nonlin_additive_pairwise/min": -0.8524745773399738, "gt_scores/nonlin_additive_pairwise/pct5": -0.8524745773399738, "rho_curated/additive/additive": 0.9999974416478976, "rho_random/additive/additive": 0.9999925307192389, "rho_curated/pairwise/additive": 0.9997229783568927, "rho_random/pairwise/additive": 0.9995414047030814, "rho_curated/additive_GE/additive": NaN, "rho_random/additive_GE/additive": NaN, "rho_curated/pairwise_GE/additive": 0.9776922865786208, "rho_random/pairwise_GE/additive": 0.9618566134257929, "rho_curated/additive/additive_pairwise": 0.9773805331432212, "rho_random/additive/additive_pairwise": 0.9620648212645445, "rho_curated/pairwise/additive_pairwise": 0.9993865860154193, "rho_random/pairwise/additive_pairwise": 0.998951021497015, "rho_curated/additive_GE/additive_pairwise": 0.9776358113848959, "rho_random/additive_GE/additive_pairwise": 0.9637312657030329, "rho_curated/pairwise_GE/additive_pairwise": 0.9800458447293549, "rho_random/pairwise_GE/additive_pairwise": 0.9691447471801307, "rho_curated/additive/nonlin_additive": 0.9966857283632702, "rho_random/additive/nonlin_additive": 0.9968956448956451, "rho_curated/pairwise/nonlin_additive": 0.9951836377591144, "rho_random/pairwise/nonlin_additive": 0.9897737488270768, "rho_curated/additive_GE/nonlin_additive": 0.9999810801992428, "rho_random/additive_GE/nonlin_additive": 0.9999791023972809, "rho_curated/pairwise_GE/nonlin_additive": 0.988846903441341, "rho_random/pairwise_GE/nonlin_additive": 0.9890416776496094, "rho_curated/additive/nonlin_additive_pairwise": NaN, "rho_random/additive/nonlin_additive_pairwise": NaN, "rho_curated/pairwise/nonlin_additive_pairwise": NaN, "rho_random/pairwise/nonlin_additive_pairwise": NaN, "rho_curated/additive_GE/nonlin_additive_pairwise": NaN, "rho_random/additive_GE/nonlin_additive_pairwise": NaN, "rho_curated/pairwise_GE/nonlin_additive_pairwise": NaN, "rho_random/pairwise_GE/nonlin_additive_pairwise": 0.00819923640461686, "rho_curated_mean": 0.9902326210562972, "rho_random_mean": 0.903264317888922, "_wandb": {"runtime": 561}}