{"potts/n_edges": 277, "potts/edge_density": 0.9233333333333333, "potts/J_mean_abs": 3.8358206748962402, "potts/J_std": 3.20430326461792, "_timestamp": 1773432920.067886, "_runtime": 415.4054410457611, "_step": 21, "gt_scores/additive/std": 1.1692382790629163, "gt_scores/additive/min": -8.865388870239258, "gt_scores/additive/pct5": -6.260699653625488, "gt_scores/additive_pairwise/std": 118.42382532242125, "gt_scores/additive_pairwise/min": -836.220947265625, "gt_scores/additive_pairwise/pct5": -526.8539520263672, "gt_scores/nonlin_additive/std": 0.1299774051589443, "gt_scores/nonlin_additive/min": -0.8570875160669313, "gt_scores/nonlin_additive/pct5": -0.8319475404672109, "gt_scores/nonlin_additive_pairwise/std": 5.086614895726596e-14, "gt_scores/nonlin_additive_pairwise/min": -0.8602126915025169, "gt_scores/nonlin_additive_pairwise/pct5": -0.8602126915025169, "rho_curated/additive/additive": 0.9999971705198868, "rho_random/additive/additive": 0.9999916892536678, "rho_curated/pairwise/additive": 0.9997473617818825, "rho_random/pairwise/additive": 0.9994974485902038, "rho_curated/additive_GE/additive": 0.9999711125908433, "rho_random/additive_GE/additive": 0.9999216971757964, "rho_curated/pairwise_GE/additive": 0.9860070926236122, "rho_random/pairwise_GE/additive": 0.9763537608776738, "rho_curated/additive/additive_pairwise": 0.9849772362630893, "rho_random/additive/additive_pairwise": 0.9731507074119817, "rho_curated/pairwise/additive_pairwise": 0.9994173584326803, "rho_random/pairwise/additive_pairwise": 0.998973630523789, "rho_curated/additive_GE/additive_pairwise": 0.9849160143948305, "rho_random/additive_GE/additive_pairwise": 0.9710605114132167, "rho_curated/pairwise_GE/additive_pairwise": 0.9787165678846625, "rho_random/pairwise_GE/additive_pairwise": 0.9689891176703748, "rho_curated/additive/nonlin_additive": 0.9957963074794489, "rho_random/additive/nonlin_additive": 0.996240850981343, "rho_curated/pairwise/nonlin_additive": 0.9936979388193128, "rho_random/pairwise/nonlin_additive": 0.9834793948530238, "rho_curated/additive_GE/nonlin_additive": 0.9999852600634084, "rho_random/additive_GE/nonlin_additive": 0.9999823669853336, "rho_curated/pairwise_GE/nonlin_additive": 0.9883016691623824, "rho_random/pairwise_GE/nonlin_additive": 0.9861417716519196, "rho_curated/additive/nonlin_additive_pairwise": NaN, "rho_random/additive/nonlin_additive_pairwise": NaN, "rho_curated/pairwise/nonlin_additive_pairwise": NaN, "rho_random/pairwise/nonlin_additive_pairwise": NaN, "rho_curated/additive_GE/nonlin_additive_pairwise": NaN, "rho_random/additive_GE/nonlin_additive_pairwise": NaN, "rho_curated/pairwise_GE/nonlin_additive_pairwise": NaN, "rho_random/pairwise_GE/nonlin_additive_pairwise": NaN, "rho_curated_mean": 0.9926275908346699, "rho_random_mean": 0.9878152456156936, "_wandb": {"runtime": 415}}