{"potts/n_edges": 47, "potts/edge_density": 0.44761904761904764, "potts/J_mean_abs": 2.363041877746582, "potts/J_std": 1.8374196290969849, "_timestamp": 1773557144.4810076, "_runtime": 662.7878725528717, "_step": 21, "gt_scores/additive/std": 0.8641406634079339, "gt_scores/additive/min": -5.3870134353637695, "gt_scores/additive/pct5": -3.507247936725616, "gt_scores/additive_pairwise/std": 15.762203352904086, "gt_scores/additive_pairwise/min": -105.20997619628906, "gt_scores/additive_pairwise/pct5": -57.03130588531494, "gt_scores/nonlin_additive/std": 0.16792670638935217, "gt_scores/nonlin_additive/min": -0.7564364036535516, "gt_scores/nonlin_additive/pct5": -0.7101068352745145, "gt_scores/nonlin_additive_pairwise/std": 0.048818248677919965, "gt_scores/nonlin_additive_pairwise/min": -0.762701954243916, "gt_scores/nonlin_additive_pairwise/pct5": -0.762701954243916, "rho_curated/additive/additive": 0.9999982403199293, "rho_random/additive/additive": 0.9999942706027366, "rho_curated/pairwise/additive": 0.9999788122711475, "rho_random/pairwise/additive": 0.9999534129506407, "rho_curated/additive_GE/additive": 0.9999843974793725, "rho_random/additive_GE/additive": 0.9999619185936313, "rho_curated/pairwise_GE/additive": 0.9996615160823795, "rho_random/pairwise_GE/additive": 0.9993793046504127, "rho_curated/additive/additive_pairwise": 0.9449453853791726, "rho_random/additive/additive_pairwise": 0.9182622790018705, "rho_curated/pairwise/additive_pairwise": 0.9999708015748314, "rho_random/pairwise/additive_pairwise": 0.9999312376204916, "rho_curated/additive_GE/additive_pairwise": 0.9457615047424601, "rho_random/additive_GE/additive_pairwise": 0.920944459516072, "rho_curated/pairwise_GE/additive_pairwise": 0.9996199906087995, "rho_random/pairwise_GE/additive_pairwise": 0.9994220662201039, "rho_curated/additive/nonlin_additive": 0.9987567842773464, "rho_random/additive/nonlin_additive": 0.9982594721745462, "rho_curated/pairwise/nonlin_additive": 0.9995634815022041, "rho_random/pairwise/nonlin_additive": 0.9992885426683442, "rho_curated/additive_GE/nonlin_additive": 0.9999954306638136, "rho_random/additive_GE/nonlin_additive": 0.9999923685829385, "rho_curated/pairwise_GE/nonlin_additive": 0.9998479586018018, "rho_random/pairwise_GE/nonlin_additive": 0.9997624427480739, "rho_curated/additive/nonlin_additive_pairwise": 0.21410190258260317, "rho_random/additive/nonlin_additive_pairwise": 0.6573767674525357, "rho_curated/pairwise/nonlin_additive_pairwise": 0.1922887470559324, "rho_random/pairwise/nonlin_additive_pairwise": 0.5188636193834218, "rho_curated/additive_GE/nonlin_additive_pairwise": 0.17328917708056663, "rho_random/additive_GE/nonlin_additive_pairwise": 0.670141534687874, "rho_curated/pairwise_GE/nonlin_additive_pairwise": 0.24999359124284207, "rho_random/pairwise_GE/nonlin_additive_pairwise": 0.6757006658638518, "rho_curated_mean": 0.7948598575915752, "rho_random_mean": 0.8973271476698466, "_wandb": {"runtime": 662}}