{"potts/n_edges": 96, "potts/edge_density": 0.9142857142857143, "potts/J_mean_abs": 1.7129091024398804, "potts/J_std": 1.5480437278747559, "_timestamp": 1773491912.1808395, "_runtime": 687.1016874313354, "_step": 21, "gt_scores/additive/std": 0.9153219739721773, "gt_scores/additive/min": -6.102260112762451, "gt_scores/additive/pct5": -4.102987623214721, "gt_scores/additive_pairwise/std": 26.42677348282954, "gt_scores/additive_pairwise/min": -193.00148010253906, "gt_scores/additive_pairwise/pct5": -114.22366714477539, "gt_scores/nonlin_additive/std": 0.15664702317102136, "gt_scores/nonlin_additive/min": -0.7942014928090024, "gt_scores/nonlin_additive/pct5": -0.7561757150458371, "gt_scores/nonlin_additive_pairwise/std": 0.001177661185721568, "gt_scores/nonlin_additive_pairwise/min": -0.7992418339748336, "gt_scores/nonlin_additive_pairwise/pct5": -0.7992418339748336, "rho_curated/additive/additive": 0.9999981382479255, "rho_random/additive/additive": 0.9999941300016449, "rho_curated/pairwise/additive": 0.9999763891830553, "rho_random/pairwise/additive": 0.9999419779062183, "rho_curated/additive_GE/additive": 0.9999887181755486, "rho_random/additive_GE/additive": 0.9999733170878929, "rho_curated/pairwise_GE/additive": 0.9997376748775006, "rho_random/pairwise_GE/additive": 0.9995380246286283, "rho_curated/additive/additive_pairwise": 0.9693561653415111, "rho_random/additive/additive_pairwise": 0.9509501189993669, "rho_curated/pairwise/additive_pairwise": 0.9999740682869627, "rho_random/pairwise/additive_pairwise": 0.99994323994324, "rho_curated/additive_GE/additive_pairwise": 0.9694835116753403, "rho_random/additive_GE/additive_pairwise": 0.9486631114858213, "rho_curated/pairwise_GE/additive_pairwise": 0.9996282198251286, "rho_random/pairwise_GE/additive_pairwise": 0.9993729466391351, "rho_curated/additive/nonlin_additive": 0.9985433521735593, "rho_random/additive/nonlin_additive": 0.9982370570170809, "rho_curated/pairwise/nonlin_additive": 0.9995990458559042, "rho_random/pairwise/nonlin_additive": 0.9989352448186862, "rho_curated/additive_GE/nonlin_additive": 0.999994662399786, "rho_random/additive_GE/nonlin_additive": 0.9999911964693652, "rho_curated/pairwise_GE/nonlin_additive": 0.9997442823897222, "rho_random/pairwise_GE/nonlin_additive": 0.9996893801069137, "rho_curated/additive/nonlin_additive_pairwise": NaN, "rho_random/additive/nonlin_additive_pairwise": 0.11210301623465005, "rho_curated/pairwise/nonlin_additive_pairwise": NaN, "rho_random/pairwise/nonlin_additive_pairwise": 0.10409930638171604, "rho_curated/additive_GE/nonlin_additive_pairwise": NaN, "rho_random/additive_GE/nonlin_additive_pairwise": NaN, "rho_curated/pairwise_GE/nonlin_additive_pairwise": NaN, "rho_random/pairwise_GE/nonlin_additive_pairwise": 0.24609639138471306, "rho_curated_mean": 0.994668685702662, "rho_random_mean": 0.8238352306070048, "_wandb": {"runtime": 686}}