{"potts/n_edges": 699, "potts/edge_density": 0.8524390243902439, "potts/J_mean_abs": 3.40701961517334, "potts/J_std": 2.7427287101745605, "_timestamp": 1773546467.9168568, "_runtime": 513.1362047195435, "_step": 21, "gt_scores/additive/std": 1.2610736663826076, "gt_scores/additive/min": -8.623565673828125, "gt_scores/additive/pct5": -5.1825679540634155, "gt_scores/additive_pairwise/std": 82.21443025648509, "gt_scores/additive_pairwise/min": -854.7156372070312, "gt_scores/additive_pairwise/pct5": -295.0961380004883, "gt_scores/nonlin_additive/std": 0.16462355384181546, "gt_scores/nonlin_additive/min": -0.7611631842274882, "gt_scores/nonlin_additive/pct5": -0.714010267250298, "gt_scores/nonlin_additive_pairwise/std": 0.01479397951012357, "gt_scores/nonlin_additive_pairwise/min": -0.7646335476930879, "gt_scores/nonlin_additive_pairwise/pct5": -0.7646335476930879, "rho_curated/additive/additive": 0.9999970466798818, "rho_random/additive/additive": 0.9999918993041613, "rho_curated/pairwise/additive": 0.9988363823213997, "rho_random/pairwise/additive": 0.9986558956461274, "rho_curated/additive_GE/additive": 0.9999641695105627, "rho_random/additive_GE/additive": 0.9999335532309771, "rho_curated/pairwise_GE/additive": 0.9749095173545741, "rho_random/pairwise_GE/additive": 0.967681865757418, "rho_curated/additive/additive_pairwise": 0.9815972057025631, "rho_random/additive/additive_pairwise": 0.9750341441309759, "rho_curated/pairwise/additive_pairwise": 0.9743554180043704, "rho_random/pairwise/additive_pairwise": 0.9689866316661607, "rho_curated/additive_GE/additive_pairwise": 0.982225176910874, "rho_random/additive_GE/additive_pairwise": 0.968484582260686, "rho_curated/pairwise_GE/additive_pairwise": 0.9502987849603729, "rho_random/pairwise_GE/additive_pairwise": 0.9483740086965109, "rho_curated/additive/nonlin_additive": 0.9975777475827612, "rho_random/additive/nonlin_additive": 0.996979642665882, "rho_curated/pairwise/nonlin_additive": 0.9923791353335194, "rho_random/pairwise/nonlin_additive": 0.9892619973018534, "rho_curated/additive_GE/nonlin_additive": 0.9999846781833847, "rho_random/additive_GE/nonlin_additive": 0.9999752405964432, "rho_curated/pairwise_GE/nonlin_additive": 0.9884317564393268, "rho_random/pairwise_GE/nonlin_additive": 0.9867823958974671, "rho_curated/additive/nonlin_additive_pairwise": 0.8214662637682927, "rho_random/additive/nonlin_additive_pairwise": 0.23402910214176412, "rho_curated/pairwise/nonlin_additive_pairwise": 0.8039404470174244, "rho_random/pairwise/nonlin_additive_pairwise": 0.24078880210754197, "rho_curated/additive_GE/nonlin_additive_pairwise": -0.016661441003885613, "rho_random/additive_GE/nonlin_additive_pairwise": -0.04019949259239197, "rho_curated/pairwise_GE/nonlin_additive_pairwise": 0.7213029969537342, "rho_random/pairwise_GE/nonlin_additive_pairwise": 0.2069245461627311, "rho_curated_mean": 0.8856628303574472, "rho_random_mean": 0.7776053009358943, "_wandb": {"runtime": 512}}