{"potts/n_edges": 1706, "potts/edge_density": 0.539873417721519, "potts/J_mean_abs": 2.7223687171936035, "potts/J_std": 2.218909740447998, "_timestamp": 1773581806.2141032, "_runtime": 462.8569481372833, "_step": 21, "gt_scores/additive/std": 0.5437768692466661, "gt_scores/additive/min": -3.497912883758545, "gt_scores/additive/pct5": -1.6543538987636566, "gt_scores/additive_pairwise/std": 4.363541440154891, "gt_scores/additive_pairwise/min": -37.08823776245117, "gt_scores/additive_pairwise/pct5": -11.329042005538941, "gt_scores/nonlin_additive/std": 0.1847697259798291, "gt_scores/nonlin_additive/min": -0.6260808968168, "gt_scores/nonlin_additive/pct5": -0.5540035873440907, "gt_scores/nonlin_additive_pairwise/std": 0.2520657643246425, "gt_scores/nonlin_additive_pairwise/min": -0.628797741197658, "gt_scores/nonlin_additive_pairwise/pct5": -0.6287977396812617, "rho_curated/additive/additive": 0.9999929947779449, "rho_random/additive/additive": 0.9999662539003102, "rho_curated/pairwise/additive": 0.9997004868191284, "rho_random/pairwise/additive": 0.9998032147647762, "rho_curated/additive_GE/additive": 0.999923376861296, "rho_random/additive_GE/additive": 0.999866711301569, "rho_curated/pairwise_GE/additive": 0.9922693137375062, "rho_random/pairwise_GE/additive": 0.9903223421795156, "rho_curated/additive/additive_pairwise": 0.6672865434135311, "rho_random/additive/additive_pairwise": 0.6311183354622472, "rho_curated/pairwise/additive_pairwise": 0.6923783848515936, "rho_random/pairwise/additive_pairwise": 0.6641560590604345, "rho_curated/additive_GE/additive_pairwise": 0.6373512734422031, "rho_random/additive_GE/additive_pairwise": 0.6967645715840795, "rho_curated/pairwise_GE/additive_pairwise": 0.6845310313008686, "rho_random/pairwise_GE/additive_pairwise": 0.690342361610565, "rho_curated/additive/nonlin_additive": 0.9905021775228864, "rho_random/additive/nonlin_additive": 0.9887558101722148, "rho_curated/pairwise/nonlin_additive": 0.993588167732167, "rho_random/pairwise/nonlin_additive": 0.9927963459308026, "rho_curated/additive_GE/nonlin_additive": 0.9975139693057671, "rho_random/additive_GE/nonlin_additive": 0.9971869883680751, "rho_curated/pairwise_GE/nonlin_additive": 0.9969670904119521, "rho_random/pairwise_GE/nonlin_additive": 0.9958266760936497, "rho_curated/additive/nonlin_additive_pairwise": 0.7052297578787473, "rho_random/additive/nonlin_additive_pairwise": 0.636004259814187, "rho_curated/pairwise/nonlin_additive_pairwise": 0.7311516706352376, "rho_random/pairwise/nonlin_additive_pairwise": 0.6840891855132691, "rho_curated/additive_GE/nonlin_additive_pairwise": 0.6760260019982742, "rho_random/additive_GE/nonlin_additive_pairwise": 0.6483903481981818, "rho_curated/pairwise_GE/nonlin_additive_pairwise": 0.7410299102453861, "rho_random/pairwise_GE/nonlin_additive_pairwise": 0.7389989498158918, "rho_curated_mean": 0.8440901344334056, "rho_random_mean": 0.8346492758606106, "_wandb": {"runtime": 462}}