{"potts/n_edges": 180, "potts/edge_density": 0.9473684210526315, "potts/J_mean_abs": 5.758214950561523, "potts/J_std": 8.65081787109375, "_timestamp": 1773648391.7116542, "_runtime": 517.2385942935944, "_step": 21, "gt_scores/additive/std": 1.2097035595556864, "gt_scores/additive/min": -8.994394302368164, "gt_scores/additive/pct5": -6.638693571090698, "gt_scores/additive_pairwise/std": 158.79713130964117, "gt_scores/additive_pairwise/min": -1083.12255859375, "gt_scores/additive_pairwise/pct5": -755.6142517089844, "gt_scores/nonlin_additive/std": 0.12780147869164835, "gt_scores/nonlin_additive/min": -0.8633649983358815, "gt_scores/nonlin_additive/pct5": -0.8409005929909275, "gt_scores/nonlin_additive_pairwise/std": 1.1102230246251565e-16, "gt_scores/nonlin_additive_pairwise/min": -0.8672038070001775, "gt_scores/nonlin_additive_pairwise/pct5": -0.8672038070001775, "rho_curated/additive/additive": 0.9999982571679303, "rho_random/additive/additive": 0.9999933334949253, "rho_curated/pairwise/additive": 0.999938893405553, "rho_random/pairwise/additive": 0.9998729749966032, "rho_curated/additive_GE/additive": 0.9998811199072419, "rho_random/additive_GE/additive": 0.9997547480888374, "rho_curated/pairwise_GE/additive": 0.999268368490647, "rho_random/pairwise_GE/additive": 0.9987731200340418, "rho_curated/additive/additive_pairwise": 0.9490581070503241, "rho_random/additive/additive_pairwise": 0.9151821567853834, "rho_curated/pairwise/additive_pairwise": 0.9999278525651124, "rho_random/pairwise/additive_pairwise": 0.9998455911547101, "rho_curated/additive_GE/additive_pairwise": 0.949017964767495, "rho_random/additive_GE/additive_pairwise": 0.9076399290268091, "rho_curated/pairwise_GE/additive_pairwise": 0.9990190157047605, "rho_random/pairwise_GE/additive_pairwise": 0.9984639855828172, "rho_curated/additive/nonlin_additive": 0.9962516743295273, "rho_random/additive/nonlin_additive": 0.9964782547447102, "rho_curated/pairwise/nonlin_additive": 0.9981834057272054, "rho_random/pairwise/nonlin_additive": 0.9951821084145495, "rho_curated/additive_GE/nonlin_additive": NaN, "rho_random/additive_GE/nonlin_additive": NaN, "rho_curated/pairwise_GE/nonlin_additive": 0.9989670543585832, "rho_random/pairwise_GE/nonlin_additive": 0.9988018956220978, "rho_curated/additive/nonlin_additive_pairwise": NaN, "rho_random/additive/nonlin_additive_pairwise": NaN, "rho_curated/pairwise/nonlin_additive_pairwise": NaN, "rho_random/pairwise/nonlin_additive_pairwise": NaN, "rho_curated/additive_GE/nonlin_additive_pairwise": NaN, "rho_random/additive_GE/nonlin_additive_pairwise": NaN, "rho_curated/pairwise_GE/nonlin_additive_pairwise": NaN, "rho_random/pairwise_GE/nonlin_additive_pairwise": NaN, "rho_curated_mean": 0.9899556103158528, "rho_random_mean": 0.9827261907223168, "_wandb": {"runtime": 516}}