{"potts/n_edges": 1230, "potts/edge_density": 0.6949152542372882, "potts/J_mean_abs": 2.2427825927734375, "potts/J_std": 4.299047946929932, "_timestamp": 1773393112.811843, "_runtime": 541.8408958911896, "_step": 21, "gt_scores/additive/std": 1.291376038088227, "gt_scores/additive/min": -8.626249313354492, "gt_scores/additive/pct5": -5.459906196594238, "gt_scores/additive_pairwise/std": 47.24779586853791, "gt_scores/additive_pairwise/min": -441.3956604003906, "gt_scores/additive_pairwise/pct5": -161.24099197387696, "gt_scores/nonlin_additive/std": 0.16140727750638562, "gt_scores/nonlin_additive/min": -0.7685429378776033, "gt_scores/nonlin_additive/pct5": -0.7255423153378536, "gt_scores/nonlin_additive_pairwise/std": 0.033514475421800784, "gt_scores/nonlin_additive_pairwise/min": -0.7727965687908109, "gt_scores/nonlin_additive_pairwise/pct5": -0.7727965687908109, "rho_curated/additive/additive": 0.9999962018078481, "rho_random/additive/additive": 0.9999903420294582, "rho_curated/pairwise/additive": 0.9991070118042377, "rho_random/pairwise/additive": 0.9991773307124518, "rho_curated/additive_GE/additive": 0.9999677140467071, "rho_random/additive_GE/additive": 0.9999342235225148, "rho_curated/pairwise_GE/additive": 0.9899857802389507, "rho_random/pairwise_GE/additive": 0.9831681791266029, "rho_curated/additive/additive_pairwise": 0.8362786346072161, "rho_random/additive/additive_pairwise": 0.8756086185476211, "rho_curated/pairwise/additive_pairwise": 0.8438542319621691, "rho_random/pairwise/additive_pairwise": 0.86129127242481, "rho_curated/additive_GE/additive_pairwise": 0.8221370584092136, "rho_random/additive_GE/additive_pairwise": 0.8705632011093309, "rho_curated/pairwise_GE/additive_pairwise": 0.8548828654683489, "rho_random/pairwise_GE/additive_pairwise": 0.8654417472515417, "rho_curated/additive/nonlin_additive": 0.9967769458870778, "rho_random/additive/nonlin_additive": 0.9964007061178072, "rho_curated/pairwise/nonlin_additive": 0.9943064549321216, "rho_random/pairwise/nonlin_additive": 0.9927264657333067, "rho_curated/additive_GE/nonlin_additive": 0.9999732752069304, "rho_random/additive_GE/nonlin_additive": 0.9999625409293766, "rho_curated/pairwise_GE/nonlin_additive": 0.9944766276589326, "rho_random/pairwise_GE/nonlin_additive": 0.99367305390789, "rho_curated/additive/nonlin_additive_pairwise": 0.14411763710340542, "rho_random/additive/nonlin_additive_pairwise": 0.46520792515350123, "rho_curated/pairwise/nonlin_additive_pairwise": 0.1440728569086964, "rho_random/pairwise/nonlin_additive_pairwise": 0.4400131457308713, "rho_curated/additive_GE/nonlin_additive_pairwise": 0.14966235256172453, "rho_random/additive_GE/nonlin_additive_pairwise": 0.4861678069956534, "rho_curated/pairwise_GE/nonlin_additive_pairwise": 0.12553940772974242, "rho_random/pairwise_GE/nonlin_additive_pairwise": 0.45525480465439044, "rho_curated_mean": 0.7434459410208327, "rho_random_mean": 0.8302863352466955, "_wandb": {"runtime": 541}}