{"potts/n_edges": 180, "potts/edge_density": 0.9473684210526315, "potts/J_mean_abs": 3.2422597408294678, "potts/J_std": 2.477888345718384, "_timestamp": 1773597708.5646353, "_runtime": 547.6235082149506, "_step": 21, "gt_scores/additive/std": 1.2097035595556864, "gt_scores/additive/min": -8.994394302368164, "gt_scores/additive/pct5": -6.638693571090698, "gt_scores/additive_pairwise/std": 86.02525468603288, "gt_scores/additive_pairwise/min": -632.7216186523438, "gt_scores/additive_pairwise/pct5": -427.2428268432617, "gt_scores/nonlin_additive/std": 0.12780147869164835, "gt_scores/nonlin_additive/min": -0.8633649983358815, "gt_scores/nonlin_additive/pct5": -0.8409005929909275, "gt_scores/nonlin_additive_pairwise/std": 1.1101119967710238e-16, "gt_scores/nonlin_additive_pairwise/min": -0.8672038070001775, "gt_scores/nonlin_additive_pairwise/pct5": -0.8672038070001775, "rho_curated/additive/additive": 0.999997851999914, "rho_random/additive/additive": 0.9999935724263173, "rho_curated/pairwise/additive": 0.9999412870696515, "rho_random/pairwise/additive": 0.9998761985523875, "rho_curated/additive_GE/additive": 0.9999694005267743, "rho_random/additive_GE/additive": 0.9999315135250969, "rho_curated/pairwise_GE/additive": 0.9993776455111057, "rho_random/pairwise_GE/additive": 0.9988995593409645, "rho_curated/additive/additive_pairwise": 0.9846919739782096, "rho_random/additive/additive_pairwise": 0.9744382835881917, "rho_curated/pairwise/additive_pairwise": 0.9999390760695587, "rho_random/pairwise/additive_pairwise": 0.9998908065353055, "rho_curated/additive_GE/additive_pairwise": 0.9848804994584944, "rho_random/additive_GE/additive_pairwise": 0.9735708779759303, "rho_curated/pairwise_GE/additive_pairwise": 0.9988774035310153, "rho_random/pairwise_GE/additive_pairwise": 0.9981454230826284, "rho_curated/additive/nonlin_additive": 0.9964685842983196, "rho_random/additive/nonlin_additive": 0.9970967436302609, "rho_curated/pairwise/nonlin_additive": 0.9980751203868199, "rho_random/pairwise/nonlin_additive": 0.9919473206629613, "rho_curated/additive_GE/nonlin_additive": 0.9999905090796198, "rho_random/additive_GE/nonlin_additive": 0.9999886806997245, "rho_curated/pairwise_GE/nonlin_additive": 0.9990747661949241, "rho_random/pairwise_GE/nonlin_additive": 0.9990362548898657, "rho_curated/additive/nonlin_additive_pairwise": NaN, "rho_random/additive/nonlin_additive_pairwise": NaN, "rho_curated/pairwise/nonlin_additive_pairwise": NaN, "rho_random/pairwise/nonlin_additive_pairwise": NaN, "rho_curated/additive_GE/nonlin_additive_pairwise": NaN, "rho_random/additive_GE/nonlin_additive_pairwise": NaN, "rho_curated/pairwise_GE/nonlin_additive_pairwise": NaN, "rho_random/pairwise_GE/nonlin_additive_pairwise": NaN, "rho_curated_mean": 0.9967736765087007, "rho_random_mean": 0.9944012695758028, "_wandb": {"runtime": 547}}