sequence_row,prediction_bin,surrogate_prediction
0,2,-1.8583669662475586
1,1,-1.9741473197937012
2,1,-1.9598735570907593
3,1,-1.9112749099731445
4,2,-1.846049427986145
5,1,-1.8923109769821167
6,1,-2.0258336067199707
7,1,-2.0049080848693848
8,1,-1.9991741180419922
9,2,-1.8568733930587769
10,1,-1.9609767198562622
11,1,-1.923109769821167
12,1,-2.017327308654785
13,3,-1.7145729064941406
14,1,-1.921821117401123
15,1,-1.8894519805908203
16,2,-1.8128479719161987
17,1,-2.033054828643799
18,1,-2.005254030227661
19,1,-2.0950636863708496
20,1,-2.0302510261535645
21,2,-1.8118926286697388
22,2,-1.8350193500518799
23,2,-1.8733336925506592
24,1,-1.960532546043396
25,1,-1.9573673009872437
26,2,-1.829434871673584
27,1,-2.0043697357177734
28,1,-1.9626002311706543
29,1,-1.942446231842041
30,1,-1.900716781616211
31,1,-1.9080653190612793
32,1,-2.017989158630371
33,1,-2.0214781761169434
34,2,-1.869354248046875
35,1,-2.0399246215820312
36,1,-2.0297136306762695
37,1,-2.021843194961548
38,1,-1.9918667078018188
39,3,-1.734447717666626
40,1,-1.9776369333267212
41,1,-1.984829068183899
42,1,-2.1336746215820312
43,2,-1.7655441761016846
44,1,-2.0225448608398438
45,1,-1.9953088760375977
46,1,-2.028278350830078
47,1,-1.9162235260009766
48,1,-1.8863402605056763
49,1,-2.063897132873535
50,1,-1.9986224174499512
51,1,-1.962956190109253
52,1,-2.0289998054504395
53,1,-1.915887713432312
54,1,-1.9686986207962036
55,1,-2.0429046154022217
56,3,-1.721411108970642
57,1,-1.9851274490356445
58,1,-2.010411262512207
59,1,-1.8942286968231201
60,1,-1.9568818807601929
61,1,-1.9782849550247192
62,1,-2.0192694664001465
63,1,-2.0250282287597656
64,1,-2.0567948818206787
65,2,-1.8375656604766846
66,1,-1.957144856452942
67,1,-2.069098949432373
68,1,-1.9855072498321533
69,1,-2.0618510246276855
70,1,-2.0527164936065674
71,1,-1.9682618379592896
72,1,-1.9495073556900024
73,2,-1.7798187732696533
74,1,-1.9304759502410889
75,1,-2.0413129329681396
76,1,-2.0404131412506104
77,1,-2.047578811645508
78,1,-1.964490532875061
79,1,-2.016787052154541
80,1,-1.9000314474105835
81,1,-1.988662838935852
82,2,-1.819391131401062
83,2,-1.8044739961624146
84,1,-1.9386109113693237
85,1,-1.9492121934890747
86,1,-1.9189774990081787
87,1,-1.9218363761901855
88,2,-1.8544955253601074
89,1,-2.0608272552490234
90,2,-1.820044994354248
91,1,-2.032057762145996
92,1,-2.025907039642334
93,1,-2.06644344329834
94,1,-1.9352054595947266
95,1,-2.001838207244873
96,1,-2.0704798698425293
97,1,-2.004246234893799
98,1,-2.0631866455078125
99,1,-1.891442894935608
100,2,-1.8583835363388062
101,1,-1.9480215311050415
102,1,-1.9662952423095703
103,1,-2.049867630004883
104,3,-1.683383822441101
105,1,-2.099560499191284
106,1,-2.02951717376709
107,1,-1.9678833484649658
108,1,-1.9816161394119263
109,1,-1.9135782718658447
110,1,-2.1095521450042725
111,1,-2.0097341537475586
112,3,-1.6961885690689087
113,1,-2.041179656982422
114,1,-1.9311816692352295
115,1,-1.971248984336853
116,1,-1.9661920070648193
117,1,-2.0486860275268555
118,1,-2.0269241333007812
119,1,-1.9517488479614258
120,1,-2.01187801361084
121,1,-1.9935506582260132
122,1,-1.9449812173843384
123,1,-1.9693609476089478
124,1,-1.9247206449508667
125,1,-2.0527539253234863
126,2,-1.80451500415802
127,1,-1.9189544916152954
128,3,-1.7551779747009277
129,2,-1.7723058462142944
130,2,-1.8298259973526
131,1,-1.9870274066925049
132,1,-2.0811445713043213
133,2,-1.8337088823318481
134,2,-1.8538419008255005
135,1,-1.9867823123931885
136,1,-2.0786070823669434
137,1,-1.924923062324524
138,1,-2.0237834453582764
139,2,-1.8214141130447388
140,1,-2.011836051940918
141,1,-2.015364646911621
142,1,-1.9812761545181274
143,2,-1.868504285812378
144,1,-1.9209160804748535
145,1,-2.0412328243255615
146,1,-2.0139267444610596
147,1,-1.9746100902557373
148,2,-1.8423899412155151
149,1,-1.9472688436508179
150,1,-1.9275659322738647
151,1,-1.9582006931304932
152,1,-1.967352271080017
153,1,-2.013237476348877
154,1,-1.9918732643127441
155,1,-2.0453691482543945
156,1,-1.9489312171936035
157,1,-1.940731406211853
158,2,-1.8360793590545654
159,2,-1.8419114351272583
160,1,-2.0445966720581055
161,1,-2.0488228797912598
162,1,-1.9538384675979614
163,1,-2.030935287475586
164,1,-2.046875476837158
165,1,-2.062127113342285
166,1,-2.000239372253418
167,1,-2.028203010559082
168,2,-1.789145588874817
169,1,-2.115459680557251
170,2,-1.8651789426803589
171,1,-2.0509934425354004
172,1,-1.9123704433441162
173,1,-2.028120517730713
174,1,-2.047771453857422
175,2,-1.8618773221969604
176,2,-1.8827776908874512
177,1,-2.1118345260620117
178,1,-1.954823613166809
179,1,-2.011627435684204
180,1,-1.9768606424331665
181,2,-1.8717539310455322
182,2,-1.833290696144104
183,1,-2.042017936706543
184,1,-2.050231456756592
185,1,-2.016170024871826
186,1,-2.027778148651123
187,1,-2.0810697078704834
188,1,-2.024722099304199
189,3,-1.6968446969985962
190,2,-1.8184057474136353
191,1,-2.064574718475342
192,1,-1.9867662191390991
193,1,-1.938171625137329
194,1,-2.0865793228149414
195,3,-1.7049273252487183
196,1,-1.9414678812026978
197,1,-2.0207347869873047
198,1,-1.9719845056533813
199,2,-1.7782371044158936
200,5,-1.4806525707244873
201,1,-1.9434689283370972
202,1,-1.9523307085037231
203,1,-1.8847277164459229
204,1,-2.040153980255127
205,2,-1.8582932949066162
206,1,-1.9875773191452026
207,1,-1.9934258460998535
208,1,-1.966620922088623
209,1,-1.9593406915664673
210,1,-2.0320968627929688
211,1,-1.9954479932785034
212,1,-1.9868733882904053
213,1,-1.9658229351043701
214,1,-1.9777573347091675
215,1,-1.9022067785263062
216,2,-1.8616589307785034
217,1,-2.021251678466797
218,1,-2.030518054962158
219,1,-1.9754180908203125
220,1,-1.9366389513015747
221,1,-1.9422935247421265
222,3,-1.6707454919815063
223,1,-2.0347986221313477
224,1,-2.072315216064453
225,1,-2.087404251098633
226,1,-1.9928573369979858
227,2,-1.8694316148757935
228,1,-1.9435778856277466
229,1,-1.9486781358718872
230,1,-2.00026535987854
231,2,-1.8323668241500854
232,1,-2.009031295776367
233,1,-2.123218297958374
234,1,-1.9181065559387207
235,1,-2.033255100250244
236,2,-1.8653491735458374
237,1,-1.9532232284545898
238,1,-1.9757499694824219
239,1,-1.8973863124847412
240,1,-1.905771255493164
241,1,-1.9589910507202148
242,2,-1.8591238260269165
243,2,-1.8419368267059326
244,2,-1.7809062004089355
245,5,-1.4552013874053955
246,1,-2.0719857215881348
247,1,-2.0033469200134277
248,1,-1.9538618326187134
249,1,-2.016080379486084
250,1,-2.012706756591797
251,1,-2.03818941116333
252,1,-2.022432804107666
253,1,-2.0342230796813965
254,1,-2.0849294662475586
255,1,-2.022271156311035
256,3,-1.6628280878067017
257,2,-1.8793609142303467
258,1,-2.0153098106384277
259,1,-2.017127275466919
260,1,-1.9095412492752075
261,7,-1.2326059341430664
262,1,-2.027310609817505
263,2,-1.8687387704849243
264,2,-1.786765694618225
265,3,-1.7248064279556274
266,1,-1.9392080307006836
267,1,-1.9981635808944702
268,1,-1.9674574136734009
269,1,-1.9795509576797485
270,1,-1.9179223775863647
271,1,-1.9706660509109497
272,3,-1.7134206295013428
273,1,-1.9667197465896606
274,1,-1.9415664672851562
275,1,-1.979033350944519
276,2,-1.878055453300476
277,1,-2.0349230766296387
278,1,-2.0273685455322266
279,2,-1.7679848670959473
280,2,-1.8289436101913452
281,4,-1.6288294792175293
282,1,-1.9409610033035278
283,1,-2.0295286178588867
284,1,-2.1007132530212402
285,1,-2.046717882156372
286,1,-2.0947318077087402
287,1,-1.924731969833374
288,1,-1.986826777458191
289,2,-1.7941811084747314
290,1,-1.9734866619110107
291,3,-1.6562931537628174
292,1,-2.081026554107666
293,1,-1.9678516387939453
294,3,-1.7569674253463745
295,2,-1.778961181640625
296,3,-1.664781093597412
297,1,-1.9941316843032837
298,2,-1.8130279779434204
299,1,-1.9206011295318604
300,1,-1.9744935035705566
301,1,-2.0257229804992676
302,1,-1.9373773336410522
303,1,-2.0554752349853516
304,1,-1.9381248950958252
305,1,-1.9763603210449219
306,7,-1.31150221824646
307,1,-1.8957698345184326
308,1,-1.9620784521102905
309,2,-1.8080459833145142
310,3,-1.6639807224273682
311,1,-1.9493472576141357
312,1,-1.950512409210205
313,1,-1.9475501775741577
314,1,-1.9230400323867798
315,3,-1.7467706203460693
316,1,-2.008700370788574
317,2,-1.8699915409088135
318,6,-1.3607759475708008
319,2,-1.856634259223938
320,2,-1.8320637941360474
321,2,-1.8064887523651123
322,2,-1.8579219579696655
323,2,-1.8091940879821777
324,1,-2.003664016723633
325,4,-1.6378638744354248
326,1,-2.0295448303222656
327,1,-1.9195250272750854
328,1,-1.941308617591858
329,2,-1.8204981088638306
330,2,-1.7628823518753052
331,4,-1.6023378372192383
332,1,-1.9685488939285278
333,1,-1.9121193885803223
334,1,-2.0428080558776855
335,1,-1.9735093116760254
336,1,-1.9850801229476929
337,2,-1.784162163734436
338,3,-1.73818838596344
339,1,-2.0827035903930664
340,1,-1.9877526760101318
341,1,-2.02414608001709
342,1,-2.0623300075531006
343,3,-1.7549833059310913
344,3,-1.7075958251953125
345,1,-2.074143648147583
346,1,-1.948521614074707
347,1,-1.908381462097168
348,1,-2.0734775066375732
349,1,-2.0192036628723145
350,1,-2.0301260948181152
351,1,-2.037022590637207
352,1,-2.058788776397705
353,2,-1.839149832725525
354,1,-1.920737624168396
355,1,-1.9561532735824585
356,1,-1.9891393184661865
357,2,-1.8059532642364502
358,1,-1.9319044351577759
359,4,-1.6160757541656494
360,2,-1.8681690692901611
361,1,-1.9781783819198608
362,2,-1.839304804801941
363,3,-1.7517362833023071
364,1,-2.0467443466186523
365,1,-1.9959123134613037
366,3,-1.6923319101333618
367,2,-1.829066514968872
368,1,-1.9317870140075684
369,2,-1.856871485710144
370,2,-1.7992650270462036
371,3,-1.7437031269073486
372,2,-1.834465742111206
373,2,-1.814285397529602
374,1,-1.9168856143951416
375,1,-1.9843143224716187
376,1,-1.987869143486023
377,1,-1.9492655992507935
378,2,-1.8639129400253296
379,1,-1.9903616905212402
380,3,-1.7446280717849731
381,2,-1.8379404544830322
382,2,-1.813294529914856
383,1,-1.8891149759292603
384,1,-1.9999934434890747
385,2,-1.8581429719924927
386,3,-1.7338403463363647
387,1,-1.975989818572998
388,1,-1.8970979452133179
389,1,-2.043222665786743
390,3,-1.6566059589385986
391,1,-1.9226020574569702
392,1,-1.9093952178955078
393,1,-1.9241514205932617
394,1,-2.0286858081817627
395,2,-1.8036736249923706
396,1,-2.0526328086853027
397,1,-1.9453445672988892
398,1,-2.0113391876220703
399,1,-2.012956142425537
400,1,-2.0184526443481445
401,2,-1.8331449031829834
402,1,-1.976889967918396
403,1,-1.9290006160736084
404,2,-1.8712581396102905
405,3,-1.7227394580841064
406,1,-1.8940893411636353
407,2,-1.7812495231628418
408,1,-2.068049669265747
409,2,-1.785341501235962
410,1,-1.9907622337341309
411,1,-1.9956351518630981
412,1,-1.9425344467163086
413,5,-1.515916347503662
414,1,-2.0821142196655273
415,1,-1.9733750820159912
416,4,-1.591206431388855
417,3,-1.7530549764633179
418,2,-1.869663119316101
419,1,-1.8931292295455933
420,1,-2.0150961875915527
421,2,-1.847265362739563
422,1,-1.9281411170959473
423,2,-1.8417428731918335
424,1,-1.988753080368042
425,1,-1.9824897050857544
426,2,-1.8117355108261108
427,1,-1.9031468629837036
428,1,-1.9606451988220215
429,1,-1.8939504623413086
430,1,-2.0378875732421875
431,1,-2.026240348815918
432,2,-1.8784983158111572
433,1,-1.9328341484069824
434,2,-1.8083083629608154
435,1,-2.0179286003112793
436,5,-1.4377872943878174
437,2,-1.7840327024459839
438,2,-1.838774561882019
439,2,-1.8348991870880127
440,1,-1.9794015884399414
441,1,-1.984971523284912
442,2,-1.760805606842041
443,1,-1.991647481918335
444,2,-1.8214969635009766
445,1,-1.9137227535247803
446,2,-1.8469793796539307
447,2,-1.7986633777618408
448,1,-1.8954795598983765
449,2,-1.8492999076843262
450,1,-1.9202302694320679
451,1,-2.0738086700439453
452,1,-1.936732292175293
453,1,-1.9528331756591797
454,2,-1.8161123991012573
455,1,-1.9510588645935059
456,1,-1.8988866806030273
457,1,-2.065030097961426
458,2,-1.7685786485671997
459,4,-1.6116597652435303
460,2,-1.867850422859192
461,1,-1.9193187952041626
462,1,-2.0355563163757324
463,3,-1.7301701307296753
464,1,-1.9519959688186646
465,3,-1.7434905767440796
466,2,-1.8062493801116943
467,2,-1.7886074781417847
468,4,-1.6345839500427246
469,1,-2.0967845916748047
470,3,-1.749045968055725
471,1,-2.04325270652771
472,1,-1.9857560396194458
473,1,-1.9228965044021606
474,1,-1.9916850328445435
475,1,-2.002418041229248
476,2,-1.816287636756897
477,2,-1.8719266653060913
478,1,-1.8894965648651123
479,4,-1.6222000122070312
480,2,-1.8219202756881714
481,1,-1.9285199642181396
482,1,-2.0736136436462402
483,3,-1.6504690647125244
484,2,-1.7742642164230347
485,2,-1.7924964427947998
486,4,-1.5704305171966553
487,1,-1.9099162817001343
488,1,-2.073052406311035
489,1,-1.9415464401245117
490,3,-1.6798514127731323
491,4,-1.607675552368164
492,2,-1.8539354801177979
493,2,-1.8475419282913208
494,1,-2.008849620819092
495,3,-1.694326400756836
496,8,-1.1849441528320312
497,4,-1.624131202697754
498,1,-2.019646644592285
499,1,-1.9805963039398193
500,1,-1.9002026319503784
501,1,-1.9091534614562988
502,2,-1.782348871231079
503,4,-1.607581615447998
504,1,-1.9672050476074219
505,2,-1.88288414478302
506,2,-1.8731276988983154
507,2,-1.782263994216919
508,1,-1.8903366327285767
509,1,-1.9885520935058594
510,2,-1.8160001039505005
511,1,-1.9646730422973633
512,3,-1.73038911819458
513,1,-1.93211030960083
514,2,-1.8069944381713867
515,3,-1.720217227935791
516,2,-1.834221601486206
517,5,-1.5347671508789062
518,2,-1.8743699789047241
519,4,-1.6336599588394165
520,2,-1.7766473293304443
521,1,-1.9929686784744263
522,3,-1.7279751300811768
523,4,-1.6022460460662842
524,2,-1.7962145805358887
525,1,-1.8897310495376587
526,1,-1.9237960577011108
527,1,-1.953499436378479
528,2,-1.8159222602844238
529,1,-1.8935292959213257
530,3,-1.6919375658035278
531,3,-1.656843900680542
532,5,-1.4756715297698975
533,2,-1.8465367555618286
534,3,-1.6626572608947754
535,4,-1.5392186641693115
536,2,-1.7995166778564453
537,4,-1.5947061777114868
538,1,-1.8974906206130981
539,2,-1.8549532890319824
540,1,-1.897271990776062
541,2,-1.8663181066513062
542,2,-1.862623691558838
543,1,-1.9446353912353516
544,1,-1.9422008991241455
545,1,-1.9667223691940308
546,1,-2.0214180946350098
547,2,-1.77625572681427
548,2,-1.7907201051712036
549,1,-1.9750113487243652
550,2,-1.830533742904663
551,2,-1.8592123985290527
552,3,-1.7225662469863892
553,2,-1.770202875137329
554,1,-2.0055694580078125
555,2,-1.7645649909973145
556,1,-1.9597845077514648
557,2,-1.8437323570251465
558,5,-1.4929354190826416
559,1,-1.99165940284729
560,1,-1.945241093635559
561,3,-1.666142463684082
562,1,-1.9971163272857666
563,1,-1.9043439626693726
564,2,-1.8583978414535522
565,3,-1.7567362785339355
566,1,-1.8866714239120483
567,2,-1.8197964429855347
568,5,-1.4463567733764648
569,1,-1.9491690397262573
570,2,-1.7888048887252808
571,2,-1.859270691871643
572,2,-1.7808914184570312
573,1,-2.021461009979248
574,1,-2.0195322036743164
575,1,-2.054229736328125
576,2,-1.83859384059906
577,2,-1.7724326848983765
578,1,-1.9229848384857178
579,1,-1.9926066398620605
580,3,-1.7287219762802124
581,1,-2.0230889320373535
582,1,-1.9179438352584839
583,3,-1.680729627609253
584,3,-1.7103023529052734
585,2,-1.8651305437088013
586,3,-1.6868444681167603
587,4,-1.5549155473709106
588,2,-1.8818227052688599
589,1,-1.890720009803772
590,2,-1.7972277402877808
591,1,-2.1011571884155273
592,1,-1.9423294067382812
593,1,-1.9655388593673706
594,5,-1.4588111639022827
595,1,-2.027731418609619
596,1,-1.9514827728271484
597,1,-1.9297815561294556
598,1,-2.021343946456909
599,2,-1.8246300220489502
600,1,-2.0388007164001465
601,5,-1.4982056617736816
602,2,-1.7751520872116089
603,1,-1.9303854703903198
604,2,-1.7618612051010132
605,1,-1.9448890686035156
606,3,-1.6861337423324585
607,1,-1.8933228254318237
608,2,-1.8279402256011963
609,3,-1.6499515771865845
610,2,-1.7661434412002563
611,7,-1.285221815109253
612,1,-1.931007742881775
613,1,-1.9590513706207275
614,2,-1.866353154182434
615,2,-1.880336046218872
616,4,-1.6069953441619873
617,2,-1.8229800462722778
618,1,-1.9889198541641235
619,1,-1.9513192176818848
620,1,-1.9392855167388916
621,3,-1.6798518896102905
622,3,-1.6854914426803589
623,3,-1.653433084487915
624,3,-1.657997488975525
625,2,-1.8776838779449463
626,3,-1.674448847770691
627,2,-1.8391951322555542
628,2,-1.844899296760559
629,3,-1.7422914505004883
630,1,-1.900899052619934
631,2,-1.7802932262420654
632,5,-1.4423938989639282
633,2,-1.8521084785461426
634,2,-1.7849255800247192
635,2,-1.8026971817016602
636,1,-1.9058003425598145
637,3,-1.693156361579895
638,2,-1.7588675022125244
639,1,-1.916695475578308
640,2,-1.8398780822753906
641,2,-1.798545002937317
642,1,-2.0057475566864014
643,2,-1.7680723667144775
644,1,-1.919809341430664
645,1,-2.0245981216430664
646,2,-1.8700193166732788
647,4,-1.5710694789886475
648,1,-1.989272117614746
649,3,-1.6763962507247925
650,4,-1.5555331707000732
651,2,-1.8746933937072754
652,2,-1.8398863077163696
653,2,-1.8173751831054688
654,4,-1.6281797885894775
655,1,-1.9703583717346191
656,1,-1.9960737228393555
657,2,-1.870709776878357
658,2,-1.8470618724822998
659,1,-1.9753319025039673
660,2,-1.8259127140045166
661,1,-1.9229704141616821
662,2,-1.7749296426773071
663,1,-1.9884915351867676
664,5,-1.4855000972747803
665,3,-1.7227174043655396
666,2,-1.8595167398452759
667,1,-1.9560834169387817
668,3,-1.7100917100906372
669,1,-2.07496976852417
670,4,-1.5735225677490234
671,3,-1.7381573915481567
672,4,-1.5810046195983887
673,4,-1.6428834199905396
674,2,-1.8064285516738892
675,1,-1.9293631315231323
676,1,-1.9528394937515259
677,3,-1.7318286895751953
678,4,-1.5510172843933105
679,2,-1.8152579069137573
680,2,-1.882656216621399
681,1,-2.0240564346313477
682,1,-1.9288880825042725
683,1,-1.9402656555175781
684,2,-1.8684972524642944
685,1,-2.020167350769043
686,1,-2.025534152984619
687,3,-1.7554019689559937
688,2,-1.833414912223816
689,1,-1.978337287902832
690,5,-1.4759008884429932
691,2,-1.8578708171844482
692,1,-1.9677221775054932
693,2,-1.8629456758499146
694,1,-1.9519983530044556
695,5,-1.4953737258911133
696,1,-2.041097640991211
697,2,-1.8115752935409546
698,6,-1.355692982673645
699,5,-1.492092490196228
700,2,-1.871706247329712
701,2,-1.8687433004379272
702,1,-2.012361526489258
703,2,-1.8716192245483398
704,2,-1.843631625175476
705,6,-1.3413625955581665
706,3,-1.6497844457626343
707,3,-1.7218873500823975
708,3,-1.7077131271362305
709,1,-1.9896471500396729
710,2,-1.8423327207565308
711,3,-1.6839572191238403
712,3,-1.6621989011764526
713,1,-1.9313664436340332
714,2,-1.8532975912094116
715,1,-1.9253705739974976
716,1,-1.934688687324524
717,1,-1.8838937282562256
718,3,-1.7076494693756104
719,1,-1.942391037940979
720,3,-1.7282449007034302
721,3,-1.6655592918395996
722,3,-1.7268106937408447
723,1,-1.97066068649292
724,2,-1.8806571960449219
725,1,-1.8877476453781128
726,1,-1.9770210981369019
727,1,-1.924720287322998
728,2,-1.8483295440673828
729,5,-1.4767789840698242
730,1,-1.9082143306732178
731,5,-1.454300045967102
732,4,-1.6137161254882812
733,1,-1.9400774240493774
734,2,-1.848988652229309
735,2,-1.8360687494277954
736,4,-1.6070141792297363
737,3,-1.6922316551208496
738,3,-1.7382863759994507
739,3,-1.7512449026107788
740,1,-1.933543086051941
741,1,-2.0037498474121094
742,2,-1.7889894247055054
743,1,-1.9214752912521362
744,1,-1.9731465578079224
745,1,-2.0306549072265625
746,2,-1.8524103164672852
747,1,-2.1172776222229004
748,2,-1.7875322103500366
749,2,-1.880797266960144
750,3,-1.731447696685791
751,2,-1.8087494373321533
752,2,-1.816322684288025
753,1,-2.016629219055176
754,1,-2.0700409412384033
755,1,-1.897730827331543
756,4,-1.6205686330795288
757,1,-1.884297490119934
758,2,-1.8690825700759888
759,6,-1.3801888227462769
760,1,-1.917122721672058
761,2,-1.824870228767395
762,3,-1.689170479774475
763,3,-1.6816614866256714
764,5,-1.486111044883728
765,1,-2.014030933380127
766,4,-1.6271936893463135
767,1,-1.9381334781646729
768,1,-1.9017531871795654
769,4,-1.5395796298980713
770,5,-1.4993040561676025
771,2,-1.8548693656921387
772,4,-1.5486241579055786
773,3,-1.7106587886810303
774,5,-1.5035364627838135
775,1,-1.9131311178207397
776,2,-1.784348964691162
777,1,-1.9880881309509277
778,1,-1.9204490184783936
779,3,-1.6770371198654175
780,1,-1.9471739530563354
781,4,-1.589709758758545
782,4,-1.6377689838409424
783,1,-2.0205812454223633
784,1,-1.997832179069519
785,4,-1.603200912475586
786,1,-1.9636611938476562
787,6,-1.4253535270690918
788,1,-1.9839726686477661
789,2,-1.7866774797439575
790,1,-2.037902355194092
791,1,-1.9406845569610596
792,2,-1.762366533279419
793,1,-1.988906979560852
794,2,-1.837019681930542
795,1,-1.9640278816223145
796,3,-1.6826493740081787
797,2,-1.8629937171936035
798,1,-1.9053020477294922
799,2,-1.8460360765457153
800,3,-1.6840094327926636
801,1,-1.8977874517440796
802,2,-1.8408571481704712
803,1,-1.9615849256515503
804,1,-1.9033669233322144
805,9,-1.0784180164337158
806,1,-1.9031472206115723
807,1,-1.9036880731582642
808,4,-1.5810575485229492
809,3,-1.7530608177185059
810,1,-2.0325748920440674
811,3,-1.728610873222351
812,2,-1.779274344444275
813,2,-1.828952670097351
814,2,-1.8476471900939941
815,1,-1.9403367042541504
816,3,-1.7222915887832642
817,6,-1.4126145839691162
818,2,-1.8477332592010498
819,1,-1.9136083126068115
820,2,-1.8573088645935059
821,1,-1.942837119102478
822,2,-1.883764386177063
823,1,-1.9262666702270508
824,5,-1.4464703798294067
825,5,-1.47762131690979
826,3,-1.7488187551498413
827,1,-1.9393892288208008
828,2,-1.8663501739501953
829,2,-1.8672159910202026
830,3,-1.6786099672317505
831,2,-1.8744277954101562
832,2,-1.7940765619277954
833,1,-1.988499641418457
834,1,-1.9052715301513672
835,3,-1.7453317642211914
836,2,-1.8605074882507324
837,4,-1.5408518314361572
838,1,-2.0002317428588867
839,4,-1.6173174381256104
840,5,-1.4885532855987549
841,2,-1.8822534084320068
842,1,-1.9796481132507324
843,2,-1.86994469165802
844,1,-1.9051988124847412
845,2,-1.7789459228515625
846,2,-1.8768606185913086
847,1,-1.9563992023468018
848,5,-1.4934523105621338
849,2,-1.8043714761734009
850,2,-1.8819084167480469
851,1,-1.9983919858932495
852,2,-1.768852949142456
853,3,-1.717896819114685
854,2,-1.830995798110962
855,5,-1.5347462892532349
856,4,-1.5996379852294922
857,3,-1.738443374633789
858,1,-1.9447990655899048
859,1,-2.001556396484375
860,5,-1.4449481964111328
861,2,-1.8803600072860718
862,1,-2.0782594680786133
863,5,-1.5351171493530273
864,4,-1.5921796560287476
865,2,-1.8802096843719482
866,1,-1.9093824625015259
867,2,-1.8822407722473145
868,4,-1.5595805644989014
869,5,-1.4834247827529907
870,6,-1.4169459342956543
871,1,-2.0041966438293457
872,4,-1.5445983409881592
873,3,-1.6638538837432861
874,4,-1.5609989166259766
875,1,-1.903756856918335
876,3,-1.6716238260269165
877,1,-1.8901197910308838
878,1,-1.894161343574524
879,3,-1.653876543045044
880,2,-1.8603932857513428
881,6,-1.3671295642852783
882,1,-1.948096752166748
883,1,-2.0564770698547363
884,2,-1.8763542175292969
885,2,-1.7621551752090454
886,4,-1.6320576667785645
887,2,-1.803883671760559
888,2,-1.819309115409851
889,2,-1.8311734199523926
890,1,-1.9088317155838013
891,2,-1.8587267398834229
892,1,-1.9951969385147095
893,3,-1.6848564147949219
894,2,-1.7800923585891724
895,1,-1.9579354524612427
896,1,-1.9655605554580688
897,2,-1.873571753501892
898,1,-1.8937395811080933
899,1,-1.9057612419128418
900,1,-1.9273788928985596
901,2,-1.839411735534668
902,5,-1.4817335605621338
903,5,-1.4299290180206299
904,5,-1.469183087348938
905,1,-1.8899316787719727
906,2,-1.8055799007415771
907,1,-2.0177435874938965
908,1,-1.9607963562011719
909,2,-1.8836390972137451
910,1,-1.9681583642959595
911,2,-1.8114663362503052
912,3,-1.7480467557907104
913,5,-1.4678575992584229
914,1,-1.9237478971481323
915,5,-1.520276665687561
916,5,-1.5175925493240356
917,4,-1.5389567613601685
918,5,-1.4860970973968506
919,5,-1.5332026481628418
920,1,-1.9357092380523682
921,1,-1.906690239906311
922,6,-1.3330738544464111
923,2,-1.837329626083374
924,1,-1.912213683128357
925,4,-1.6073492765426636
926,2,-1.8661911487579346
927,2,-1.7667394876480103
928,2,-1.7683066129684448
929,2,-1.76974356174469
930,1,-1.916907787322998
931,2,-1.8647979497909546
932,1,-2.0059852600097656
933,1,-1.9266204833984375
934,1,-1.9213221073150635
935,1,-1.9300901889801025
936,1,-1.9841104745864868
937,2,-1.8264826536178589
938,1,-1.8914002180099487
939,7,-1.26613187789917
940,2,-1.8623311519622803
941,5,-1.4803361892700195
942,7,-1.256873369216919
943,1,-1.9291354417800903
944,1,-1.9069440364837646
945,1,-1.9057620763778687
946,1,-1.9137649536132812
947,1,-1.9568089246749878
948,3,-1.7385172843933105
949,3,-1.7050105333328247
950,1,-1.8993717432022095
951,1,-1.9583420753479004
952,3,-1.6532392501831055
953,3,-1.7122291326522827
954,3,-1.6979084014892578
955,1,-1.9019074440002441
956,1,-1.9081014394760132
957,2,-1.790948748588562
958,3,-1.6817609071731567
959,1,-1.9221752882003784
960,2,-1.8657397031784058
961,1,-1.987571120262146
962,1,-1.9496002197265625
963,1,-1.9172780513763428
964,6,-1.3655657768249512
965,7,-1.2567249536514282
966,1,-1.9319679737091064
967,5,-1.5192092657089233
968,3,-1.724030613899231
969,3,-1.6925228834152222
970,1,-1.9514976739883423
971,4,-1.6085338592529297
972,5,-1.4766390323638916
973,1,-2.0261311531066895
974,2,-1.8348311185836792
975,4,-1.5512254238128662
976,4,-1.6416707038879395
977,6,-1.3817365169525146
978,2,-1.820700764656067
979,2,-1.8502018451690674
980,2,-1.7896971702575684
981,1,-1.9313381910324097
982,1,-1.906015396118164
983,2,-1.7572100162506104
984,1,-1.9440187215805054
985,1,-1.9678066968917847
986,5,-1.4970855712890625
987,3,-1.7486594915390015
988,2,-1.7687764167785645
989,1,-1.8895227909088135
990,1,-1.939370036125183
991,2,-1.8273564577102661
992,2,-1.7794206142425537
993,4,-1.5888665914535522
994,4,-1.5887818336486816
995,3,-1.6454601287841797
996,4,-1.5653109550476074
997,1,-1.905707836151123
998,1,-2.0475282669067383
999,1,-2.017847776412964
1000,3,-1.752652645111084
1001,1,-1.9208797216415405
1002,2,-1.7737326622009277
1003,1,-1.9836715459823608
1004,4,-1.5417413711547852
1005,2,-1.8605104684829712
1006,2,-1.7616746425628662
1007,3,-1.6646242141723633
1008,2,-1.8475956916809082
1009,3,-1.7325235605239868
1010,1,-1.964235544204712
1011,1,-1.9056507349014282
1012,4,-1.5402755737304688
1013,4,-1.638918399810791
1014,1,-1.8891221284866333
1015,1,-1.9019534587860107
1016,1,-1.9639052152633667
1017,2,-1.8200852870941162
1018,2,-1.7806035280227661
1019,1,-2.0611202716827393
1020,3,-1.7395977973937988
1021,2,-1.7828174829483032
1022,2,-1.8618900775909424
1023,5,-1.4971482753753662
1024,2,-1.8438225984573364
1025,7,-1.2649213075637817
1026,4,-1.551028847694397
1027,4,-1.571502685546875
1028,1,-1.9378362894058228
1029,2,-1.8795620203018188
1030,9,-1.0625360012054443
1031,3,-1.6616607904434204
1032,4,-1.6419217586517334
1033,4,-1.6406574249267578
1034,3,-1.6899138689041138
1035,2,-1.859015703201294
1036,4,-1.5881454944610596
1037,1,-1.9212822914123535
1038,1,-1.9132319688796997
1039,2,-1.8494837284088135
1040,1,-1.9551242589950562
1041,3,-1.6687021255493164
1042,1,-1.9819892644882202
1043,4,-1.5570130348205566
1044,7,-1.2939156293869019
1045,2,-1.8131210803985596
1046,1,-1.9720946550369263
1047,3,-1.692096471786499
1048,5,-1.4711519479751587
1049,3,-1.7213820219039917
1050,1,-1.8991725444793701
1051,9,-1.0535528659820557
1052,3,-1.700322151184082
1053,1,-1.988223671913147
1054,4,-1.6069270372390747
1055,2,-1.811287522315979
1056,7,-1.2913506031036377
1057,1,-1.9017002582550049
1058,4,-1.5400079488754272
1059,1,-1.9958056211471558
1060,3,-1.677620768547058
1061,2,-1.832918643951416
1062,3,-1.658362865447998
1063,1,-1.9176932573318481
1064,3,-1.6638609170913696
1065,2,-1.8076887130737305
1066,2,-1.8594995737075806
1067,1,-1.9098138809204102
1068,2,-1.781592845916748
1069,1,-1.9083751440048218
1070,8,-1.1426814794540405
1071,3,-1.6472132205963135
1072,1,-1.9392644166946411
1073,2,-1.7763324975967407
1074,9,-1.0859112739562988
1075,1,-1.8944272994995117
1076,5,-1.4749029874801636
1077,3,-1.7455096244812012
1078,3,-1.6583219766616821
1079,9,-1.1016422510147095
1080,3,-1.7339493036270142
1081,5,-1.4596621990203857
1082,1,-1.9209849834442139
1083,3,-1.691014051437378
1084,1,-1.939469337463379
1085,2,-1.7799572944641113
1086,9,-1.0737930536270142
1087,1,-2.0630946159362793
1088,5,-1.4709268808364868
1089,7,-1.2778701782226562
1090,2,-1.8456512689590454
1091,2,-1.816499948501587
1092,1,-1.8925964832305908
1093,2,-1.8339823484420776
1094,1,-1.8937022686004639
1095,2,-1.7870115041732788
1096,6,-1.3758864402770996
1097,1,-1.9591633081436157
1098,1,-1.9061192274093628
1099,7,-1.292935848236084
1100,5,-1.5190621614456177
1101,1,-1.95577871799469
1102,1,-1.8889588117599487
1103,1,-1.9159830808639526
1104,7,-1.2622041702270508
1105,7,-1.3014698028564453
1106,2,-1.7591793537139893
1107,2,-1.8774900436401367
1108,4,-1.5952380895614624
1109,2,-1.8067363500595093
1110,4,-1.6153428554534912
1111,3,-1.7221931219100952
1112,2,-1.8016715049743652
1113,5,-1.507445216178894
1114,2,-1.841251015663147
1115,3,-1.7237920761108398
1116,1,-2.0245423316955566
1117,1,-1.885137915611267
1118,5,-1.4886534214019775
1119,3,-1.6885746717453003
1120,2,-1.883063554763794
1121,2,-1.763502597808838
1122,3,-1.6466972827911377
1123,5,-1.4985368251800537
1124,2,-1.8082482814788818
1125,1,-1.9377226829528809
1126,1,-1.8946106433868408
1127,2,-1.8122210502624512
1128,2,-1.8827810287475586
1129,3,-1.6958378553390503
1130,1,-1.9062598943710327
1131,2,-1.7855572700500488
1132,2,-1.856199860572815
1133,5,-1.47063148021698
1134,1,-1.9236515760421753
1135,4,-1.6181631088256836
1136,3,-1.7274272441864014
1137,1,-1.8881996870040894
1138,2,-1.8494833707809448
1139,1,-2.048849582672119
1140,6,-1.3684269189834595
1141,1,-1.9417088031768799
1142,2,-1.8185495138168335
1143,2,-1.8833966255187988
1144,1,-1.9318833351135254
1145,1,-1.9326589107513428
1146,4,-1.5428766012191772
1147,2,-1.7736440896987915
1148,6,-1.3942794799804688
1149,6,-1.3502389192581177
1150,5,-1.4660038948059082
1151,1,-1.9293993711471558
1152,1,-1.9426405429840088
1153,2,-1.8511422872543335
1154,2,-1.8790225982666016
1155,5,-1.5159025192260742
1156,1,-1.9180402755737305
1157,2,-1.8061379194259644
1158,6,-1.419394850730896
1159,1,-1.9119082689285278
1160,3,-1.7045789957046509
1161,4,-1.5476505756378174
1162,2,-1.8628814220428467
1163,6,-1.3940281867980957
1164,1,-1.9137017726898193
1165,2,-1.858298659324646
1166,1,-1.9054932594299316
1167,3,-1.7274774312973022
1168,2,-1.8249640464782715
1169,10,-0.9685611724853516
1170,1,-1.9443790912628174
1171,1,-2.063262939453125
1172,4,-1.5558176040649414
1173,6,-1.3983323574066162
1174,3,-1.7266887426376343
1175,3,-1.6899373531341553
1176,1,-1.9031990766525269
1177,3,-1.6923843622207642
1178,1,-1.9061037302017212
1179,3,-1.7397196292877197
1180,2,-1.864052414894104
1181,2,-1.8220264911651611
1182,2,-1.8577741384506226
1183,3,-1.6700177192687988
1184,2,-1.8252434730529785
1185,1,-1.930498719215393
1186,5,-1.5174286365509033
1187,2,-1.8478022813796997
1188,7,-1.2520757913589478
1189,1,-1.9648810625076294
1190,1,-1.9016975164413452
1191,1,-1.91962468624115
1192,1,-1.931735634803772
1193,1,-2.003577470779419
1194,14,-0.4876755475997925
1195,4,-1.6111550331115723
1196,1,-1.9137037992477417
1197,4,-1.6427931785583496
1198,2,-1.809103012084961
1199,2,-1.8060981035232544
1200,4,-1.5903453826904297
1201,1,-1.8995506763458252
1202,2,-1.8468196392059326
1203,3,-1.6653937101364136
1204,1,-1.887229084968567
1205,3,-1.6455633640289307
1206,2,-1.8452585935592651
1207,9,-1.0848770141601562
1208,4,-1.5910532474517822
1209,1,-1.9236102104187012
1210,6,-1.372800588607788
1211,4,-1.5934746265411377
1212,4,-1.5527606010437012
1213,2,-1.847687005996704
1214,2,-1.870642900466919
1215,3,-1.7298096418380737
1216,3,-1.6633037328720093
1217,2,-1.835096836090088
1218,2,-1.8689212799072266
1219,5,-1.4875773191452026
1220,1,-1.923239827156067
1221,9,-1.0422446727752686
1222,2,-1.8095306158065796
1223,2,-1.8223503828048706
1224,3,-1.6694077253341675
1225,2,-1.8031240701675415
1226,8,-1.1359726190567017
1227,3,-1.697481632232666
1228,1,-1.942851185798645
1229,1,-2.023944854736328
1230,8,-1.1847100257873535
1231,1,-1.9290903806686401
1232,2,-1.8765208721160889
1233,2,-1.8399553298950195
1234,3,-1.6652436256408691
1235,3,-1.7224000692367554
1236,3,-1.6510090827941895
1237,2,-1.844046711921692
1238,3,-1.7375519275665283
1239,2,-1.7832653522491455
1240,2,-1.8471664190292358
1241,1,-1.9007054567337036
1242,1,-1.9032233953475952
1243,4,-1.6218682527542114
1244,2,-1.8603277206420898
1245,1,-1.9580774307250977
1246,1,-1.9340187311172485
1247,1,-1.966131567955017
1248,3,-1.7555075883865356
1249,8,-1.1582350730895996
1250,3,-1.6804934740066528
1251,7,-1.236457109451294
1252,2,-1.79276442527771
1253,2,-1.80491304397583
1254,1,-1.8891431093215942
1255,4,-1.5941134691238403
1256,3,-1.7219741344451904
1257,2,-1.837711215019226
1258,1,-1.8850455284118652
1259,1,-1.9341585636138916
1260,2,-1.7572789192199707
1261,7,-1.278122901916504
1262,7,-1.2816903591156006
1263,2,-1.823797583580017
1264,2,-1.8690775632858276
1265,3,-1.6900174617767334
1266,2,-1.8724255561828613
1267,3,-1.716437578201294
1268,2,-1.8351612091064453
1269,6,-1.4099351167678833
1270,1,-1.8941693305969238
1271,1,-1.9462189674377441
1272,2,-1.7708003520965576
1273,5,-1.5013887882232666
1274,2,-1.8413736820220947
1275,4,-1.5554718971252441
1276,3,-1.6961182355880737
1277,5,-1.4390342235565186
1278,2,-1.7950928211212158
1279,2,-1.8104043006896973
1280,5,-1.4815653562545776
1281,3,-1.699530839920044
1282,2,-1.7918810844421387
1283,4,-1.6226609945297241
1284,3,-1.7143833637237549
1285,6,-1.3431580066680908
1286,6,-1.3535658121109009
1287,3,-1.6629188060760498
1288,2,-1.826417088508606
1289,6,-1.3520392179489136
1290,5,-1.5281569957733154
1291,2,-1.8471590280532837
1292,2,-1.8597075939178467
1293,1,-1.9121084213256836
1294,3,-1.646479845046997
1295,4,-1.6105585098266602
1296,3,-1.675573706626892
1297,2,-1.809208631515503
1298,2,-1.8531370162963867
1299,6,-1.3419227600097656
1300,2,-1.7829846143722534
1301,1,-1.8873133659362793
1302,2,-1.7932623624801636
1303,5,-1.5067884922027588
1304,2,-1.8686069250106812
1305,1,-1.885247826576233
1306,1,-1.888814091682434
1307,3,-1.714456558227539
1308,1,-1.953631043434143
1309,2,-1.8594284057617188
1310,3,-1.7568639516830444
1311,1,-1.901543378829956
1312,2,-1.8452976942062378
1313,7,-1.2289905548095703
1314,2,-1.857567548751831
1315,2,-1.8575302362442017
1316,7,-1.2225662469863892
1317,2,-1.8016788959503174
1318,2,-1.796328067779541
1319,14,-0.4624693989753723
1320,4,-1.620822548866272
1321,3,-1.6470630168914795
1322,9,-1.075799822807312
1323,6,-1.356682538986206
1324,13,-0.6423734426498413
1325,2,-1.834702730178833
1326,3,-1.6751656532287598
1327,2,-1.8779833316802979
1328,2,-1.8789167404174805
1329,2,-1.817623496055603
1330,1,-1.9284359216690063
1331,1,-1.9080801010131836
1332,2,-1.7938995361328125
1333,1,-1.9306063652038574
1334,2,-1.8537046909332275
1335,6,-1.3687225580215454
1336,1,-1.8975125551223755
1337,2,-1.7605648040771484
1338,2,-1.876720905303955
1339,5,-1.518216609954834
1340,6,-1.4077626466751099
1341,4,-1.6181445121765137
1342,2,-1.7932915687561035
1343,2,-1.8683242797851562
1344,4,-1.5795691013336182
1345,2,-1.8494385480880737
1346,6,-1.409325361251831
1347,2,-1.8406579494476318
1348,5,-1.4459278583526611
1349,2,-1.8176593780517578
1350,1,-1.889028787612915
1351,4,-1.546581506729126
1352,3,-1.6760815382003784
1353,2,-1.8174912929534912
1354,3,-1.643898606300354
1355,1,-1.9296272993087769
1356,2,-1.8493071794509888
1357,2,-1.8694264888763428
1358,2,-1.8490962982177734
1359,5,-1.4373793601989746
1360,1,-1.89239501953125
1361,4,-1.5690319538116455
1362,7,-1.2876414060592651
1363,4,-1.6414498090744019
1364,6,-1.3486239910125732
1365,2,-1.8726521730422974
1366,5,-1.5233145952224731
1367,4,-1.617985725402832
1368,1,-1.9155532121658325
1369,2,-1.767383098602295
1370,6,-1.3221327066421509
1371,2,-1.8455544710159302
1372,2,-1.7831735610961914
1373,3,-1.687540888786316
1374,5,-1.5140382051467896
1375,6,-1.3490726947784424
1376,1,-1.9193364381790161
1377,2,-1.8655633926391602
1378,2,-1.8570924997329712
1379,2,-1.824351191520691
1380,5,-1.4808729887008667
1381,3,-1.7548394203186035
1382,2,-1.8066096305847168
1383,3,-1.7320581674575806
1384,1,-1.901739478111267
1385,9,-1.0953357219696045
1386,1,-1.8959630727767944
1387,2,-1.799937129020691
1388,2,-1.8086775541305542
1389,1,-1.903057336807251
1390,9,-1.088765025138855
1391,2,-1.7760151624679565
1392,2,-1.8020397424697876
1393,3,-1.660933494567871
1394,2,-1.8484504222869873
1395,5,-1.502332329750061
1396,3,-1.7344363927841187
1397,2,-1.788832426071167
1398,2,-1.8670519590377808
1399,2,-1.7883796691894531
1400,2,-1.8233387470245361
1401,6,-1.3478877544403076
1402,7,-1.299335241317749
1403,2,-1.8304041624069214
1404,3,-1.6494524478912354
1405,1,-1.9183979034423828
1406,2,-1.8376319408416748
1407,4,-1.6067347526550293
1408,2,-1.776609182357788
1409,6,-1.349180817604065
1410,2,-1.821723461151123
1411,2,-1.760726809501648
1412,2,-1.7843493223190308
1413,10,-0.9292654991149902
1414,2,-1.8706915378570557
1415,2,-1.8765045404434204
1416,7,-1.293792724609375
1417,3,-1.742667555809021
1418,2,-1.8451483249664307
1419,2,-1.760920524597168
1420,3,-1.7180193662643433
1421,5,-1.4296839237213135
1422,2,-1.7949988842010498
1423,5,-1.4289355278015137
1424,4,-1.5998501777648926
1425,6,-1.3720864057540894
1426,1,-1.887768268585205
1427,3,-1.7396153211593628
1428,2,-1.7575434446334839
1429,3,-1.741180419921875
1430,4,-1.6030049324035645
1431,2,-1.8306884765625
1432,5,-1.4980008602142334
1433,4,-1.578082799911499
1434,3,-1.7399406433105469
1435,3,-1.7344785928726196
1436,2,-1.8098064661026
1437,6,-1.3999626636505127
1438,3,-1.6519367694854736
1439,4,-1.5419589281082153
1440,2,-1.8326575756072998
1441,6,-1.423581838607788
1442,2,-1.7603223323822021
1443,9,-1.0774149894714355
1444,8,-1.197048306465149
1445,5,-1.457412838935852
1446,6,-1.3890447616577148
1447,4,-1.6431574821472168
1448,2,-1.7961598634719849
1449,1,-2.0137887001037598
1450,2,-1.8381556272506714
1451,2,-1.7786147594451904
1452,2,-1.8121304512023926
1453,2,-1.8307663202285767
1454,1,-1.8933229446411133
1455,7,-1.269866943359375
1456,2,-1.8600407838821411
1457,2,-1.8703746795654297
1458,3,-1.7109041213989258
1459,3,-1.6667280197143555
1460,5,-1.5155057907104492
1461,2,-1.8043384552001953
1462,2,-1.7750728130340576
1463,2,-1.8805561065673828
1464,2,-1.8448833227157593
1465,2,-1.8228763341903687
1466,2,-1.7899878025054932
1467,2,-1.759602665901184
1468,3,-1.7303717136383057
1469,2,-1.8073453903198242
1470,2,-1.780465841293335
1471,2,-1.8346630334854126
1472,2,-1.7605611085891724
1473,3,-1.7567607164382935
1474,4,-1.635218620300293
1475,2,-1.8147257566452026
1476,2,-1.8452612161636353
1477,5,-1.508480429649353
1478,3,-1.670715570449829
1479,2,-1.8010656833648682
1480,2,-1.83511483669281
1481,4,-1.5655338764190674
1482,1,-1.9368175268173218
1483,3,-1.677849292755127
1484,3,-1.712331771850586
1485,6,-1.3600168228149414
1486,2,-1.8409733772277832
1487,3,-1.719379186630249
1488,2,-1.844616413116455
1489,2,-1.8740787506103516
1490,1,-1.935483694076538
1491,2,-1.767706274986267
1492,2,-1.8046975135803223
1493,2,-1.834137201309204
1494,1,-1.948242425918579
1495,3,-1.6929295063018799
1496,3,-1.6612199544906616
1497,3,-1.7169252634048462
1498,4,-1.5454840660095215
1499,5,-1.464426875114441
1500,3,-1.756906509399414
1501,4,-1.5501190423965454
1502,3,-1.7451578378677368
1503,2,-1.8075698614120483
1504,5,-1.4320995807647705
1505,7,-1.2169888019561768
1506,4,-1.5474910736083984
1507,2,-1.8349506855010986
1508,2,-1.80134916305542
1509,2,-1.7656826972961426
1510,2,-1.791136384010315
1511,3,-1.7457680702209473
1512,4,-1.6003050804138184
1513,5,-1.5261261463165283
1514,8,-1.1785647869110107
1515,7,-1.2482861280441284
1516,3,-1.657738208770752
1517,3,-1.729690432548523
1518,2,-1.876449465751648
1519,5,-1.5158108472824097
1520,2,-1.8492988348007202
1521,3,-1.7272827625274658
1522,2,-1.861763596534729
1523,2,-1.8489640951156616
1524,11,-0.854436457157135
1525,2,-1.8776658773422241
1526,3,-1.723853588104248
1527,4,-1.5554773807525635
1528,2,-1.7673299312591553
1529,5,-1.4801321029663086
1530,2,-1.8397492170333862
1531,6,-1.3735437393188477
1532,2,-1.75803804397583
1533,2,-1.80715811252594
1534,5,-1.458843469619751
1535,2,-1.8651782274246216
1536,2,-1.8477320671081543
1537,4,-1.643754243850708
1538,1,-1.9344631433486938
1539,3,-1.7472219467163086
1540,3,-1.7282254695892334
1541,7,-1.3072504997253418
1542,3,-1.7088570594787598
1543,2,-1.8339210748672485
1544,2,-1.8138781785964966
1545,2,-1.788861870765686
1546,5,-1.5319910049438477
1547,4,-1.5374857187271118
1548,1,-1.8910576105117798
1549,3,-1.649505376815796
1550,10,-0.9437128305435181
1551,6,-1.3349947929382324
1552,2,-1.8332641124725342
1553,2,-1.8693511486053467
1554,4,-1.5630934238433838
1555,4,-1.6291253566741943
1556,2,-1.8162270784378052
1557,2,-1.8086912631988525
1558,2,-1.8431810140609741
1559,2,-1.848367691040039
1560,3,-1.7528871297836304
1561,4,-1.5859856605529785
1562,2,-1.7978776693344116
1563,4,-1.592705249786377
1564,8,-1.1859283447265625
1565,13,-0.5973271131515503
1566,3,-1.713769555091858
1567,2,-1.8461960554122925
1568,1,-1.9476722478866577
1569,2,-1.854093313217163
1570,7,-1.248483657836914
1571,4,-1.6130897998809814
1572,8,-1.1463735103607178
1573,2,-1.8184280395507812
1574,2,-1.767549753189087
1575,2,-1.8488225936889648
1576,2,-1.8393516540527344
1577,3,-1.6793675422668457
1578,2,-1.7958297729492188
1579,2,-1.8064309358596802
1580,4,-1.6215779781341553
1581,2,-1.8439851999282837
1582,8,-1.1996068954467773
1583,4,-1.575687050819397
1584,8,-1.1983251571655273
1585,1,-1.906272053718567
1586,6,-1.3255698680877686
1587,2,-1.7929731607437134
1588,5,-1.4544787406921387
1589,3,-1.673195719718933
1590,2,-1.7676055431365967
1591,7,-1.2769044637680054
1592,10,-0.9909044504165649
1593,2,-1.850649356842041
1594,2,-1.806705117225647
1595,2,-1.7690479755401611
1596,2,-1.7836451530456543
1597,6,-1.424902319908142
1598,4,-1.589318037033081
1599,2,-1.7654651403427124
1600,5,-1.5037999153137207
1601,3,-1.717773199081421
1602,10,-0.912421703338623
1603,4,-1.5869486331939697
1604,2,-1.8465303182601929
1605,2,-1.824640154838562
1606,2,-1.870672345161438
1607,4,-1.6280333995819092
1608,2,-1.7835025787353516
1609,9,-1.0339393615722656
1610,2,-1.8411473035812378
1611,5,-1.4782483577728271
1612,3,-1.7502572536468506
1613,2,-1.8697007894515991
1614,3,-1.7417153120040894
1615,8,-1.1780890226364136
1616,2,-1.8441630601882935
1617,4,-1.6405117511749268
1618,8,-1.2012135982513428
1619,1,-1.8957774639129639
1620,2,-1.7913334369659424
1621,7,-1.2585229873657227
1622,5,-1.520348310470581
1623,6,-1.3952957391738892
1624,4,-1.5851612091064453
1625,2,-1.86165189743042
1626,2,-1.8398141860961914
1627,3,-1.7307164669036865
1628,3,-1.7260185480117798
1629,2,-1.7849466800689697
1630,2,-1.833660364151001
1631,6,-1.3809902667999268
1632,1,-1.9228752851486206
1633,4,-1.6282408237457275
1634,2,-1.8434782028198242
1635,2,-1.7921556234359741
1636,3,-1.6544036865234375
1637,6,-1.4044225215911865
1638,2,-1.795837163925171
1639,11,-0.8118607997894287
1640,4,-1.576174020767212
1641,3,-1.663475513458252
1642,2,-1.8087968826293945
1643,2,-1.835008144378662
1644,2,-1.8158193826675415
1645,3,-1.673087477684021
1646,2,-1.8125063180923462
1647,4,-1.6239925622940063
1648,4,-1.636763334274292
1649,1,-2.020542621612549
1650,2,-1.760431170463562
1651,3,-1.6776677370071411
1652,3,-1.7196667194366455
1653,4,-1.606266975402832
1654,3,-1.727876901626587
1655,5,-1.5115940570831299
1656,3,-1.7468551397323608
1657,2,-1.8000609874725342
1658,5,-1.5248398780822754
1659,4,-1.5769280195236206
1660,9,-1.0356677770614624
1661,5,-1.5085915327072144
1662,6,-1.3908374309539795
1663,3,-1.7201282978057861
1664,4,-1.5993506908416748
1665,6,-1.3873093128204346
1666,2,-1.7625274658203125
1667,4,-1.5697672367095947
1668,2,-1.8300074338912964
1669,2,-1.839837908744812
1670,3,-1.6710096597671509
1671,2,-1.844724416732788
1672,6,-1.425004482269287
1673,6,-1.3894644975662231
1674,2,-1.758473515510559
1675,4,-1.6044948101043701
1676,8,-1.2083079814910889
1677,3,-1.6998635530471802
1678,2,-1.778323769569397
1679,8,-1.1802430152893066
1680,13,-0.6392212510108948
1681,8,-1.1579262018203735
1682,2,-1.8064754009246826
1683,3,-1.646660327911377
1684,2,-1.799680233001709
1685,2,-1.828681230545044
1686,3,-1.7220746278762817
1687,2,-1.8155035972595215
1688,3,-1.7464475631713867
1689,2,-1.846457839012146
1690,2,-1.848829984664917
1691,2,-1.823142647743225
1692,3,-1.657411813735962
1693,5,-1.472412109375
1694,11,-0.8804422616958618
1695,2,-1.8285514116287231
1696,2,-1.8269699811935425
1697,4,-1.5592985153198242
1698,6,-1.3374552726745605
1699,3,-1.7316416501998901
1700,5,-1.496805191040039
1701,1,-1.9133285284042358
1702,3,-1.756398320198059
1703,7,-1.2646251916885376
1704,3,-1.7115012407302856
1705,7,-1.3146018981933594
1706,2,-1.7575922012329102
1707,6,-1.344306230545044
1708,2,-1.7883000373840332
1709,3,-1.6564185619354248
1710,2,-1.813443899154663
1711,2,-1.8029717206954956
1712,3,-1.6886464357376099
1713,7,-1.2529453039169312
1714,2,-1.7698298692703247
1715,3,-1.6463912725448608
1716,3,-1.679741621017456
1717,7,-1.2918672561645508
1718,6,-1.3860788345336914
1719,3,-1.7054826021194458
1720,5,-1.528878927230835
1721,6,-1.3877204656600952
1722,3,-1.733807921409607
1723,8,-1.200400710105896
1724,14,-0.43484359979629517
1725,4,-1.598899483680725
1726,3,-1.743920922279358
1727,3,-1.7452718019485474
1728,7,-1.2596396207809448
1729,7,-1.2878050804138184
1730,5,-1.4584901332855225
1731,13,-0.5595992803573608
1732,3,-1.7430833578109741
1733,4,-1.5722625255584717
1734,2,-1.7591453790664673
1735,2,-1.766897201538086
1736,2,-1.79313063621521
1737,4,-1.6219077110290527
1738,1,-1.9362531900405884
1739,2,-1.8215055465698242
1740,5,-1.4645140171051025
1741,3,-1.745140552520752
1742,2,-1.8205046653747559
1743,4,-1.640341877937317
1744,7,-1.3092772960662842
1745,9,-1.0806667804718018
1746,5,-1.5071355104446411
1747,6,-1.3263132572174072
1748,2,-1.787847876548767
1749,2,-1.8497142791748047
1750,5,-1.4945629835128784
1751,4,-1.55269455909729
1752,6,-1.327627420425415
1753,2,-1.7849900722503662
1754,2,-1.8631823062896729
1755,3,-1.7339826822280884
1756,3,-1.7272591590881348
1757,9,-1.043486475944519
1758,3,-1.70517897605896
1759,2,-1.8010271787643433
1760,3,-1.7413054704666138
1761,2,-1.7648860216140747
1762,3,-1.756701946258545
1763,2,-1.813753604888916
1764,2,-1.7764064073562622
1765,2,-1.7581478357315063
1766,2,-1.8647451400756836
1767,3,-1.754500150680542
1768,3,-1.7261197566986084
1769,2,-1.7684670686721802
1770,2,-1.8147743940353394
1771,7,-1.3133972883224487
1772,9,-1.0122408866882324
1773,9,-1.1023924350738525
1774,2,-1.8529667854309082
1775,12,-0.7060086727142334
1776,2,-1.8240395784378052
1777,2,-1.7695057392120361
1778,2,-1.830249309539795
1779,3,-1.7233431339263916
1780,10,-0.9195126295089722
1781,3,-1.7273643016815186
1782,2,-1.7873027324676514
1783,3,-1.6782176494598389
1784,3,-1.7050843238830566
1785,4,-1.6372456550598145
1786,8,-1.2086482048034668
1787,2,-1.7691761255264282
1788,2,-1.8158708810806274
1789,10,-0.977644681930542
1790,3,-1.654396653175354
1791,3,-1.6769425868988037
1792,2,-1.8830411434173584
1793,3,-1.7258648872375488
1794,3,-1.7300231456756592
1795,2,-1.7623348236083984
1796,4,-1.625962734222412
1797,2,-1.7748136520385742
1798,7,-1.3021788597106934
1799,2,-1.7999613285064697
1800,2,-1.7996121644973755
1801,3,-1.6903551816940308
1802,5,-1.4635018110275269
1803,3,-1.6949070692062378
1804,3,-1.6599178314208984
1805,3,-1.74098801612854
1806,4,-1.56288743019104
1807,7,-1.280604362487793
1808,2,-1.799822211265564
1809,3,-1.7514947652816772
1810,3,-1.7506927251815796
1811,2,-1.7844582796096802
1812,2,-1.7947511672973633
1813,3,-1.7324728965759277
1814,3,-1.6910979747772217
1815,2,-1.8091468811035156
1816,1,-1.987242341041565
1817,2,-1.79391348361969
1818,5,-1.4958102703094482
1819,7,-1.3157920837402344
1820,3,-1.690149188041687
1821,13,-0.6393510103225708
1822,8,-1.1871317625045776
1823,3,-1.7401998043060303
1824,2,-1.7654309272766113
1825,3,-1.7073974609375
1826,5,-1.501251220703125
1827,2,-1.7963495254516602
1828,3,-1.6804594993591309
1829,1,-1.9421993494033813
1830,13,-0.5994616746902466
1831,8,-1.1933300495147705
1832,2,-1.7814337015151978
1833,3,-1.7246564626693726
1834,10,-0.9440540075302124
1835,2,-1.7721366882324219
1836,4,-1.5670509338378906
1837,3,-1.694381833076477
1838,2,-1.8802592754364014
1839,13,-0.5907520055770874
1840,1,-1.9421391487121582
1841,3,-1.648993730545044
1842,3,-1.682063341140747
1843,3,-1.7430193424224854
1844,3,-1.729784369468689
1845,1,-1.88540518283844
1846,1,-1.9000918865203857
1847,2,-1.795071005821228
1848,1,-1.9728864431381226
1849,3,-1.7556928396224976
1850,4,-1.5585167407989502
1851,2,-1.7671241760253906
1852,6,-1.3872621059417725
1853,4,-1.636983871459961
1854,5,-1.4533874988555908
1855,3,-1.756672978401184
1856,8,-1.1667836904525757
1857,10,-0.9584094285964966
1858,2,-1.7723908424377441
1859,3,-1.7351917028427124
1860,3,-1.7272043228149414
1861,8,-1.1753146648406982
1862,9,-1.0612999200820923
1863,2,-1.8194687366485596
1864,2,-1.7808964252471924
1865,3,-1.7078787088394165
1866,4,-1.6097508668899536
1867,3,-1.7190160751342773
1868,3,-1.6573548316955566
1869,3,-1.7485253810882568
1870,3,-1.6975709199905396
1871,2,-1.860284686088562
1872,2,-1.7701423168182373
1873,3,-1.7505857944488525
1874,5,-1.5030479431152344
1875,2,-1.857284426689148
1876,4,-1.5704326629638672
1877,5,-1.4864596128463745
1878,2,-1.7604105472564697
1879,3,-1.7111198902130127
1880,3,-1.7345290184020996
1881,5,-1.4921250343322754
1882,2,-1.823819637298584
1883,3,-1.6726882457733154
1884,3,-1.6568701267242432
1885,4,-1.601900577545166
1886,5,-1.4279017448425293
1887,3,-1.7387487888336182
1888,3,-1.667130470275879
1889,2,-1.7825124263763428
1890,3,-1.7126296758651733
1891,4,-1.5519490242004395
1892,6,-1.419884443283081
1893,4,-1.6393194198608398
1894,1,-1.9042625427246094
1895,4,-1.57450270652771
1896,3,-1.7298752069473267
1897,4,-1.5647897720336914
1898,5,-1.5350768566131592
1899,2,-1.779014229774475
1900,2,-1.787842869758606
1901,4,-1.5887236595153809
1902,2,-1.7888857126235962
1903,5,-1.4582313299179077
1904,5,-1.4813766479492188
1905,3,-1.6539709568023682
1906,3,-1.743717074394226
1907,4,-1.5797691345214844
1908,2,-1.794348955154419
1909,4,-1.5512316226959229
1910,3,-1.6811490058898926
1911,3,-1.7001675367355347
1912,2,-1.7928478717803955
1913,2,-1.8092848062515259
1914,3,-1.7374509572982788
1915,9,-1.0839955806732178
1916,6,-1.4020956754684448
1917,2,-1.8001261949539185
1918,4,-1.5788335800170898
1919,2,-1.7684650421142578
1920,4,-1.5871304273605347
1921,5,-1.4281927347183228
1922,4,-1.601860523223877
1923,9,-1.0205016136169434
1924,5,-1.4325785636901855
1925,3,-1.7220875024795532
1926,4,-1.5967178344726562
1927,3,-1.6988158226013184
1928,10,-0.9601618051528931
1929,2,-1.7814662456512451
1930,4,-1.6284013986587524
1931,6,-1.4093490839004517
1932,3,-1.7211637496948242
1933,9,-1.049156665802002
1934,12,-0.6626850366592407
1935,2,-1.8042631149291992
1936,3,-1.7225176095962524
1937,3,-1.6844524145126343
1938,4,-1.6241902112960815
1939,3,-1.6953942775726318
1940,5,-1.46303391456604
1941,3,-1.6939654350280762
1942,5,-1.5350146293640137
1943,3,-1.7457681894302368
1944,2,-1.804133653640747
1945,2,-1.7982397079467773
1946,5,-1.520824909210205
1947,4,-1.6373690366744995
1948,2,-1.8083354234695435
1949,3,-1.6541550159454346
1950,3,-1.6472890377044678
1951,3,-1.694084882736206
1952,6,-1.332038402557373
1953,3,-1.669486165046692
1954,5,-1.4377951622009277
1955,3,-1.7303485870361328
1956,3,-1.6687397956848145
1957,12,-0.6665834188461304
1958,3,-1.7065011262893677
1959,3,-1.6468870639801025
1960,3,-1.7251527309417725
1961,3,-1.7332446575164795
1962,3,-1.7243144512176514
1963,3,-1.7286006212234497
1964,3,-1.6749564409255981
1965,3,-1.6780004501342773
1966,2,-1.808172583580017
1967,5,-1.520043134689331
1968,3,-1.708139181137085
1969,3,-1.7007808685302734
1970,5,-1.5014891624450684
1971,4,-1.6116573810577393
1972,3,-1.715996265411377
1973,9,-1.0919097661972046
1974,1,-2.0065653324127197
1975,1,-1.885615348815918
1976,6,-1.391697645187378
1977,3,-1.7552621364593506
1978,3,-1.7038699388504028
1979,2,-1.7661168575286865
1980,4,-1.5506343841552734
1981,2,-1.78587007522583
1982,2,-1.829625129699707
1983,4,-1.6205041408538818
1984,3,-1.6953216791152954
1985,6,-1.359893798828125
1986,2,-1.788297414779663
1987,2,-1.8049120903015137
1988,3,-1.7402843236923218
1989,2,-1.7777762413024902
1990,5,-1.5329874753952026
1991,3,-1.7171075344085693
1992,8,-1.1294982433319092
1993,2,-1.765661358833313
1994,4,-1.6267378330230713
1995,2,-1.7876304388046265
1996,3,-1.7408356666564941
1997,2,-1.8173848390579224
1998,3,-1.7365872859954834
1999,6,-1.329789161682129
2000,5,-1.5040504932403564
2001,3,-1.6837679147720337
2002,3,-1.665520191192627
2003,2,-1.877916932106018
2004,3,-1.7448828220367432
2005,4,-1.5597131252288818
2006,3,-1.7085849046707153
2007,2,-1.8783345222473145
2008,4,-1.5753461122512817
2009,3,-1.6886100769042969
2010,12,-0.7702214121818542
2011,7,-1.2617101669311523
2012,5,-1.448974847793579
2013,4,-1.5599277019500732
2014,2,-1.7742176055908203
2015,7,-1.301163673400879
2016,2,-1.781043291091919
2017,9,-1.079139232635498
2018,9,-1.0864355564117432
2019,2,-1.7723337411880493
2020,5,-1.5210554599761963
2021,1,-1.940420150756836
2022,3,-1.727986454963684
2023,4,-1.6321203708648682
2024,4,-1.5383261442184448
2025,3,-1.745641827583313
2026,3,-1.7473914623260498
2027,2,-1.8509174585342407
2028,2,-1.8181405067443848
2029,14,-0.5270547866821289
2030,5,-1.507258415222168
2031,3,-1.7495064735412598
2032,3,-1.7290189266204834
2033,2,-1.8553425073623657
2034,3,-1.7034722566604614
2035,7,-1.2555675506591797
2036,3,-1.703896403312683
2037,8,-1.1258373260498047
2038,6,-1.3847362995147705
2039,18,0.00046497583389282227
2040,3,-1.7048885822296143
2041,3,-1.7042880058288574
2042,3,-1.7194631099700928
2043,2,-1.7915997505187988
2044,3,-1.7498520612716675
2045,4,-1.6230311393737793
2046,2,-1.7736010551452637
2047,3,-1.7563296556472778
2048,4,-1.5423760414123535
2049,8,-1.163064956665039
2050,5,-1.474012851715088
2051,3,-1.748056173324585
2052,3,-1.702771782875061
2053,2,-1.7637337446212769
2054,1,-1.8848572969436646
2055,3,-1.7161887884140015
2056,6,-1.3452425003051758
2057,3,-1.7080011367797852
2058,3,-1.7363284826278687
2059,4,-1.5793323516845703
2060,4,-1.6053849458694458
2061,4,-1.5474295616149902
2062,4,-1.53830885887146
2063,2,-1.7701834440231323
2064,3,-1.6816608905792236
2065,3,-1.705802083015442
2066,3,-1.6950935125350952
2067,4,-1.606271743774414
2068,3,-1.7128496170043945
2069,2,-1.757890224456787
2070,3,-1.7180721759796143
2071,3,-1.6667729616165161
2072,12,-0.7437276840209961
2073,1,-1.947097897529602
2074,4,-1.555365800857544
2075,7,-1.3080390691757202
2076,13,-0.6423873901367188
2077,2,-1.8280445337295532
2078,6,-1.40781569480896
2079,5,-1.4888635873794556
2080,3,-1.6751635074615479
2081,2,-1.7611973285675049
2082,2,-1.7731956243515015
2083,3,-1.7020145654678345
2084,2,-1.7963122129440308
2085,3,-1.6525952816009521
2086,3,-1.7412623167037964
2087,2,-1.778587818145752
2088,4,-1.639851450920105
2089,10,-0.965302586555481
2090,3,-1.7412109375
2091,4,-1.5866777896881104
2092,4,-1.6170403957366943
2093,2,-1.7898882627487183
2094,11,-0.8749549388885498
2095,6,-1.377631425857544
2096,3,-1.7170300483703613
2097,4,-1.611436128616333
2098,3,-1.7371885776519775
2099,8,-1.2069118022918701
2100,3,-1.669473648071289
2101,4,-1.5425920486450195
2102,6,-1.3493620157241821
2103,3,-1.7265689373016357
2104,6,-1.377946138381958
2105,3,-1.6580288410186768
2106,3,-1.7409751415252686
2107,2,-1.7605023384094238
2108,3,-1.6765363216400146
2109,8,-1.121193766593933
2110,5,-1.4268391132354736
2111,9,-1.069753646850586
2112,4,-1.6175532341003418
2113,3,-1.7127039432525635
2114,3,-1.7560055255889893
2115,3,-1.6620962619781494
2116,3,-1.738808512687683
2117,4,-1.6237504482269287
2118,18,-0.004918217658996582
2119,3,-1.7481673955917358
2120,5,-1.4985188245773315
2121,3,-1.7158700227737427
2122,3,-1.7109603881835938
2123,11,-0.7925470471382141
2124,2,-1.7572071552276611
2125,11,-0.8546686172485352
2126,9,-1.0254491567611694
2127,7,-1.295680284500122
2128,5,-1.429668664932251
2129,2,-1.7604572772979736
2130,3,-1.649507999420166
2131,2,-1.760543942451477
2132,2,-1.8322206735610962
2133,12,-0.7663012146949768
2134,2,-1.773713231086731
2135,3,-1.6836498975753784
2136,5,-1.4595930576324463
2137,3,-1.6813158988952637
2138,2,-1.7675092220306396
2139,4,-1.6316856145858765
2140,3,-1.7564139366149902
2141,7,-1.2913451194763184
2142,2,-1.8505377769470215
2143,9,-1.0383057594299316
2144,3,-1.684417963027954
2145,8,-1.206329584121704
2146,3,-1.7490839958190918
2147,7,-1.256181001663208
2148,5,-1.5278820991516113
2149,3,-1.717589020729065
2150,3,-1.6965831518173218
2151,3,-1.7571220397949219
2152,4,-1.6148638725280762
2153,3,-1.7525676488876343
2154,3,-1.731523871421814
2155,2,-1.8127942085266113
2156,2,-1.7811155319213867
2157,3,-1.649423599243164
2158,7,-1.2159764766693115
2159,14,-0.5130326747894287
2160,6,-1.3323429822921753
2161,3,-1.6880067586898804
2162,2,-1.8495670557022095
2163,1,-1.8884087800979614
2164,6,-1.3200103044509888
2165,5,-1.4266775846481323
2166,3,-1.7232950925827026
2167,3,-1.7330763339996338
2168,6,-1.4220728874206543
2169,3,-1.7340341806411743
2170,3,-1.7283402681350708
2171,2,-1.7658182382583618
2172,3,-1.744858980178833
2173,7,-1.2161929607391357
2174,4,-1.6211938858032227
2175,6,-1.3564717769622803
2176,5,-1.4812414646148682
2177,9,-0.9971977472305298
2178,3,-1.6438696384429932
2179,4,-1.5578985214233398
2180,2,-1.8014991283416748
2181,7,-1.2170264720916748
2182,8,-1.133156418800354
2183,3,-1.7415778636932373
2184,2,-1.7628847360610962
2185,8,-1.1980034112930298
2186,5,-1.4835889339447021
2187,3,-1.6469876766204834
2188,3,-1.662313461303711
2189,8,-1.1977190971374512
2190,2,-1.7832034826278687
2191,3,-1.7278982400894165
2192,3,-1.6993553638458252
2193,7,-1.2878162860870361
2194,5,-1.4968953132629395
2195,3,-1.6629811525344849
2196,4,-1.6299448013305664
2197,5,-1.4479410648345947
2198,8,-1.164107084274292
2199,3,-1.7026957273483276
2200,9,-1.0545779466629028
2201,3,-1.7012051343917847
2202,2,-1.813106656074524
2203,3,-1.7397079467773438
2204,3,-1.7432887554168701
2205,2,-1.8354971408843994
2206,9,-1.0593868494033813
2207,3,-1.725339412689209
2208,6,-1.4187686443328857
2209,3,-1.730741024017334
2210,2,-1.8046969175338745
2211,3,-1.7044662237167358
2212,4,-1.6415421962738037
2213,3,-1.6656181812286377
2214,1,-1.9465309381484985
2215,3,-1.715013861656189
2216,6,-1.378556489944458
2217,3,-1.6829173564910889
2218,3,-1.7247451543807983
2219,12,-0.7753810286521912
2220,9,-1.0256810188293457
2221,2,-1.7588677406311035
2222,3,-1.7346051931381226
2223,5,-1.4938595294952393
2224,3,-1.6549129486083984
2225,3,-1.7336671352386475
2226,3,-1.752811312675476
2227,4,-1.6087243556976318
2228,3,-1.6857143640518188
2229,9,-1.0437463521957397
2230,3,-1.6500766277313232
2231,10,-0.9913195371627808
2232,3,-1.6929808855056763
2233,3,-1.7451220750808716
2234,2,-1.79910147190094
2235,4,-1.6330232620239258
2236,12,-0.6665314435958862
2237,4,-1.608949899673462
2238,13,-0.5559046268463135
2239,3,-1.7422139644622803
2240,4,-1.6108490228652954
2241,3,-1.6679143905639648
2242,8,-1.2086591720581055
2243,3,-1.6866742372512817
2244,1,-1.9404288530349731
2245,3,-1.645695686340332
2246,4,-1.5751007795333862
2247,6,-1.332784652709961
2248,3,-1.6672189235687256
2249,4,-1.6401615142822266
2250,6,-1.4003664255142212
2251,4,-1.608064889907837
2252,3,-1.6944267749786377
2253,3,-1.647147297859192
2254,4,-1.559213399887085
2255,3,-1.692530870437622
2256,4,-1.5718671083450317
2257,3,-1.690780520439148
2258,3,-1.7552039623260498
2259,3,-1.7496984004974365
2260,4,-1.626209020614624
2261,4,-1.5871286392211914
2262,3,-1.6545155048370361
2263,4,-1.6156232357025146
2264,4,-1.5857594013214111
2265,4,-1.5705864429473877
2266,4,-1.5724620819091797
2267,3,-1.6842747926712036
2268,3,-1.6762946844100952
2269,3,-1.7173829078674316
2270,5,-1.449497938156128
2271,8,-1.1508569717407227
2272,3,-1.7452946901321411
2273,9,-1.0823895931243896
2274,3,-1.71038818359375
2275,3,-1.7408632040023804
2276,3,-1.7072404623031616
2277,2,-1.7882121801376343
2278,3,-1.7125672101974487
2279,3,-1.7301102876663208
2280,5,-1.489759922027588
2281,4,-1.5619935989379883
2282,3,-1.7224795818328857
2283,4,-1.5897817611694336
2284,8,-1.146365761756897
2285,4,-1.5400421619415283
2286,3,-1.7374330759048462
2287,5,-1.4828834533691406
2288,4,-1.537095069885254
2289,3,-1.7422528266906738
2290,3,-1.6532914638519287
2291,9,-1.0208107233047485
2292,3,-1.6855480670928955
2293,3,-1.74549400806427
2294,3,-1.6504182815551758
2295,8,-1.1782159805297852
2296,7,-1.258811116218567
2297,3,-1.7275227308273315
2298,3,-1.7530642747879028
2299,3,-1.7098538875579834
2300,5,-1.5111393928527832
2301,3,-1.7259068489074707
2302,2,-1.761610984802246
2303,1,-1.8850858211517334
2304,4,-1.6175047159194946
2305,5,-1.4554617404937744
2306,4,-1.6398818492889404
2307,8,-1.1202607154846191
2308,4,-1.6421566009521484
2309,4,-1.6251823902130127
2310,6,-1.3936508893966675
2311,3,-1.6991560459136963
2312,4,-1.6309491395950317
2313,2,-1.7945621013641357
2314,3,-1.696203351020813
2315,4,-1.618499994277954
2316,7,-1.273773431777954
2317,3,-1.6760053634643555
2318,3,-1.7178223133087158
2319,3,-1.6900506019592285
2320,3,-1.709830641746521
2321,3,-1.64934504032135
2322,4,-1.6081187725067139
2323,3,-1.7108153104782104
2324,4,-1.595799207687378
2325,3,-1.6496751308441162
2326,3,-1.658862829208374
2327,3,-1.6729563474655151
2328,5,-1.4269013404846191
2329,1,-1.9110462665557861
2330,3,-1.7091398239135742
2331,6,-1.3279149532318115
2332,3,-1.718822717666626
2333,10,-0.9201381206512451
2334,3,-1.6509921550750732
2335,3,-1.6778723001480103
2336,3,-1.720023512840271
2337,11,-0.845431387424469
2338,4,-1.5812623500823975
2339,7,-1.2257102727890015
2340,5,-1.4634335041046143
2341,7,-1.2625412940979004
2342,4,-1.6140366792678833
2343,9,-1.0679736137390137
2344,3,-1.648648977279663
2345,3,-1.7397291660308838
2346,3,-1.6815868616104126
2347,14,-0.5333333611488342
2348,4,-1.5893580913543701
2349,4,-1.6369895935058594
2350,4,-1.6336371898651123
2351,8,-1.1111748218536377
2352,3,-1.7067787647247314
2353,10,-0.9893851280212402
2354,3,-1.6453742980957031
2355,6,-1.3774793148040771
2356,8,-1.1119452714920044
2357,4,-1.596987009048462
2358,2,-1.8198809623718262
2359,3,-1.6838717460632324
2360,4,-1.623538851737976
2361,3,-1.6631054878234863
2362,3,-1.7239371538162231
2363,12,-0.681282639503479
2364,4,-1.602834701538086
2365,4,-1.5504913330078125
2366,3,-1.716119408607483
2367,4,-1.63130521774292
2368,3,-1.7213447093963623
2369,2,-1.8048938512802124
2370,3,-1.694541573524475
2371,3,-1.6996411085128784
2372,4,-1.5892847776412964
2373,4,-1.5971500873565674
2374,3,-1.6823614835739136
2375,3,-1.7175185680389404
2376,10,-0.8852735757827759
2377,3,-1.7021812200546265
2378,4,-1.6391687393188477
2379,4,-1.6207196712493896
2380,3,-1.739659070968628
2381,6,-1.4165456295013428
2382,12,-0.7280305624008179
2383,4,-1.6318507194519043
2384,6,-1.3697459697723389
2385,3,-1.6481415033340454
2386,3,-1.7173595428466797
2387,10,-0.9467213153839111
2388,11,-0.8697054386138916
2389,5,-1.4855811595916748
2390,3,-1.6620298624038696
2391,2,-1.7974878549575806
2392,7,-1.258827567100525
2393,3,-1.7503771781921387
2394,4,-1.6435203552246094
2395,1,-1.9355262517929077
2396,5,-1.456752896308899
2397,4,-1.5364623069763184
2398,3,-1.6449370384216309
2399,3,-1.7022321224212646
2400,9,-1.0622920989990234
2401,3,-1.6547387838363647
2402,4,-1.5630052089691162
2403,4,-1.6154037714004517
2404,3,-1.690735101699829
2405,3,-1.6970821619033813
2406,9,-1.0728306770324707
2407,4,-1.5725946426391602
2408,7,-1.2428491115570068
2409,4,-1.5553237199783325
2410,6,-1.334885835647583
2411,3,-1.652139663696289
2412,3,-1.7009289264678955
2413,3,-1.7268719673156738
2414,13,-0.571284830570221
2415,4,-1.615279197692871
2416,13,-0.5741075277328491
2417,7,-1.3107763528823853
2418,3,-1.6996361017227173
2419,5,-1.4739816188812256
2420,2,-1.8633267879486084
2421,3,-1.721170425415039
2422,4,-1.5972261428833008
2423,3,-1.7088512182235718
2424,5,-1.4694578647613525
2425,4,-1.5883829593658447
2426,4,-1.548056721687317
2427,3,-1.6839641332626343
2428,3,-1.6695261001586914
2429,2,-1.770599126815796
2430,3,-1.7015026807785034
2431,2,-1.7957724332809448
2432,2,-1.8805139064788818
2433,5,-1.5209805965423584
2434,4,-1.628845453262329
2435,4,-1.5716264247894287
2436,2,-1.7657111883163452
2437,8,-1.1555005311965942
2438,6,-1.319563627243042
2439,4,-1.6414228677749634
2440,15,-0.37815868854522705
2441,6,-1.3655507564544678
2442,4,-1.5792317390441895
2443,7,-1.2403061389923096
2444,5,-1.5059126615524292
2445,5,-1.5108650922775269
2446,2,-1.8227680921554565
2447,3,-1.7190169095993042
2448,4,-1.5508694648742676
2449,3,-1.722724437713623
2450,4,-1.6296635866165161
2451,5,-1.526031494140625
2452,4,-1.5742968320846558
2453,5,-1.5101056098937988
2454,4,-1.622053623199463
2455,4,-1.6333439350128174
2456,3,-1.6839977502822876
2457,4,-1.6136668920516968
2458,9,-1.1031160354614258
2459,15,-0.42551231384277344
2460,10,-0.992206335067749
2461,4,-1.5626167058944702
2462,3,-1.6743090152740479
2463,3,-1.7090210914611816
2464,3,-1.6881695985794067
2465,1,-1.8892881870269775
2466,4,-1.5625784397125244
2467,4,-1.6196439266204834
2468,2,-1.7993165254592896
2469,3,-1.701587438583374
2470,4,-1.5764045715332031
2471,5,-1.5158108472824097
2472,3,-1.7469192743301392
2473,3,-1.6513299942016602
2474,5,-1.4910109043121338
2475,3,-1.68234121799469
2476,4,-1.626831293106079
2477,3,-1.6904079914093018
2478,3,-1.7143585681915283
2479,3,-1.6728957891464233
2480,10,-0.9628532528877258
2481,12,-0.6892134547233582
2482,3,-1.6809475421905518
2483,3,-1.6918706893920898
2484,4,-1.6241905689239502
2485,3,-1.7205387353897095
2486,7,-1.3172428607940674
2487,4,-1.6394739151000977
2488,4,-1.5645167827606201
2489,3,-1.7128446102142334
2490,9,-1.0944896936416626
2491,4,-1.5929731130599976
2492,3,-1.6670269966125488
2493,3,-1.6550499200820923
2494,5,-1.4323132038116455
2495,4,-1.620574712753296
2496,3,-1.7042287588119507
2497,7,-1.2781667709350586
2498,3,-1.752357006072998
2499,11,-0.7885072231292725
2500,4,-1.5687885284423828
2501,9,-1.0107465982437134
2502,9,-0.9965518116950989
2503,4,-1.5625345706939697
2504,5,-1.4873331785202026
2505,17,-0.1166793704032898
2506,3,-1.716915249824524
2507,6,-1.412484884262085
2508,8,-1.1894439458847046
2509,3,-1.6666910648345947
2510,3,-1.6884685754776
2511,4,-1.6235947608947754
2512,3,-1.6665370464324951
2513,4,-1.5642495155334473
2514,3,-1.6969630718231201
2515,3,-1.698064923286438
2516,5,-1.4832708835601807
2517,6,-1.3233600854873657
2518,4,-1.5881656408309937
2519,3,-1.6504077911376953
2520,4,-1.5941134691238403
2521,3,-1.7126649618148804
2522,4,-1.5985078811645508
2523,3,-1.7507286071777344
2524,3,-1.705928921699524
2525,4,-1.6030964851379395
2526,3,-1.6834412813186646
2527,12,-0.7151268720626831
2528,8,-1.140000581741333
2529,4,-1.5964653491973877
2530,6,-1.3974847793579102
2531,4,-1.584588646888733
2532,2,-1.760945439338684
2533,3,-1.7155972719192505
2534,4,-1.5799247026443481
2535,10,-0.930006742477417
2536,4,-1.589841604232788
2537,3,-1.6500576734542847
2538,4,-1.6256089210510254
2539,2,-1.7649779319763184
2540,4,-1.554694414138794
2541,2,-1.8810046911239624
2542,2,-1.7702970504760742
2543,9,-1.0195316076278687
2544,16,-0.30437609553337097
2545,4,-1.6386783123016357
2546,2,-1.8199384212493896
2547,9,-1.0298186540603638
2548,3,-1.6635303497314453
2549,4,-1.6385283470153809
2550,3,-1.6489784717559814
2551,2,-1.8774597644805908
2552,3,-1.7235114574432373
2553,5,-1.5170180797576904
2554,4,-1.5366218090057373
2555,4,-1.54793119430542
2556,3,-1.715821623802185
2557,4,-1.6429669857025146
2558,4,-1.616227626800537
2559,5,-1.4793968200683594
2560,4,-1.6347718238830566
2561,4,-1.536261796951294
2562,4,-1.6351685523986816
2563,7,-1.2830231189727783
2564,3,-1.671068549156189
2565,3,-1.695689082145691
2566,4,-1.5579657554626465
2567,7,-1.2507795095443726
2568,5,-1.4457240104675293
2569,11,-0.8550155758857727
2570,3,-1.7049132585525513
2571,5,-1.5311760902404785
2572,1,-1.9810009002685547
2573,3,-1.6630955934524536
2574,6,-1.3807790279388428
2575,3,-1.6699533462524414
2576,6,-1.3791903257369995
2577,4,-1.538372278213501
2578,2,-1.7931642532348633
2579,3,-1.7081185579299927
2580,3,-1.670868158340454
2581,4,-1.5772697925567627
2582,4,-1.5649446249008179
2583,5,-1.4857827425003052
2584,6,-1.3700830936431885
2585,6,-1.3910844326019287
2586,4,-1.6341129541397095
2587,7,-1.2501001358032227
2588,3,-1.674842357635498
2589,2,-1.7573699951171875
2590,2,-1.7799642086029053
2591,4,-1.5569868087768555
2592,4,-1.6254305839538574
2593,4,-1.6319470405578613
2594,10,-0.9639835953712463
2595,4,-1.5408904552459717
2596,15,-0.40624478459358215
2597,4,-1.5393441915512085
2598,5,-1.4769041538238525
2599,4,-1.5446429252624512
2600,4,-1.5651038885116577
2601,12,-0.6968258023262024
2602,8,-1.1816275119781494
2603,5,-1.532505750656128
2604,3,-1.6579010486602783
2605,8,-1.1206859350204468
2606,3,-1.7380685806274414
2607,7,-1.2534725666046143
2608,4,-1.5603458881378174
2609,8,-1.2019422054290771
2610,9,-1.0295310020446777
2611,3,-1.6637191772460938
2612,7,-1.249556541442871
2613,4,-1.542738914489746
2614,4,-1.590437650680542
2615,13,-0.6154699921607971
2616,3,-1.655102252960205
2617,2,-1.7701326608657837
2618,16,-0.18654099106788635
2619,2,-1.7994838953018188
2620,2,-1.8033208847045898
2621,3,-1.656822919845581
2622,4,-1.6290183067321777
2623,8,-1.1042817831039429
2624,7,-1.2366576194763184
2625,4,-1.5811381340026855
2626,4,-1.6041232347488403
2627,4,-1.6068096160888672
2628,4,-1.5477415323257446
2629,4,-1.621790885925293
2630,5,-1.485572338104248
2631,8,-1.1985052824020386
2632,3,-1.6619606018066406
2633,3,-1.6614556312561035
2634,19,0.1636149287223816
2635,3,-1.6936719417572021
2636,4,-1.6307421922683716
2637,3,-1.671725869178772
2638,2,-1.7759019136428833
2639,3,-1.6597905158996582
2640,14,-0.5378968715667725
2641,4,-1.5675528049468994
2642,3,-1.655671238899231
2643,4,-1.6352746486663818
2644,3,-1.6749337911605835
2645,4,-1.6077704429626465
2646,4,-1.6266309022903442
2647,3,-1.6796404123306274
2648,3,-1.689409852027893
2649,20,0.26987338066101074
2650,3,-1.672217845916748
2651,6,-1.3432854413986206
2652,2,-1.7679821252822876
2653,4,-1.6252949237823486
2654,5,-1.5195530652999878
2655,4,-1.5528218746185303
2656,4,-1.5620067119598389
2657,3,-1.7465790510177612
2658,4,-1.5759284496307373
2659,4,-1.5898385047912598
2660,9,-1.0645159482955933
2661,6,-1.324437141418457
2662,4,-1.5623546838760376
2663,4,-1.605267882347107
2664,5,-1.4877972602844238
2665,5,-1.532689094543457
2666,7,-1.2586350440979004
2667,6,-1.3643219470977783
2668,3,-1.6497777700424194
2669,3,-1.7096501588821411
2670,4,-1.5850098133087158
2671,3,-1.6456093788146973
2672,4,-1.5719349384307861
2673,3,-1.6827024221420288
2674,4,-1.5906798839569092
2675,4,-1.5538103580474854
2676,3,-1.658238172531128
2677,4,-1.6041998863220215
2678,10,-0.9892832040786743
2679,3,-1.6812243461608887
2680,2,-1.7572946548461914
2681,3,-1.6839189529418945
2682,12,-0.7070655822753906
2683,4,-1.6292964220046997
2684,5,-1.5067451000213623
2685,3,-1.645845651626587
2686,12,-0.7634499073028564
2687,9,-1.0956008434295654
2688,3,-1.6694374084472656
2689,5,-1.476797342300415
2690,5,-1.5189847946166992
2691,4,-1.542891502380371
2692,4,-1.5438259840011597
2693,6,-1.3379203081130981
2694,9,-1.0249595642089844
2695,3,-1.7464975118637085
2696,6,-1.3360462188720703
2697,3,-1.6473393440246582
2698,10,-0.9069772362709045
2699,4,-1.5495562553405762
2700,4,-1.584667682647705
2701,3,-1.6510441303253174
2702,4,-1.6189340353012085
2703,3,-1.7374821901321411
2704,3,-1.7335108518600464
2705,1,-1.9294064044952393
2706,4,-1.6096532344818115
2707,4,-1.6279304027557373
2708,9,-1.1036280393600464
2709,5,-1.4513988494873047
2710,8,-1.130393147468567
2711,5,-1.5040193796157837
2712,4,-1.6205189228057861
2713,3,-1.6459472179412842
2714,4,-1.5893490314483643
2715,3,-1.6441935300827026
2716,4,-1.591916799545288
2717,4,-1.5973365306854248
2718,4,-1.569934606552124
2719,4,-1.639594316482544
2720,10,-0.8911091089248657
2721,2,-1.8401083946228027
2722,5,-1.4347484111785889
2723,4,-1.6218628883361816
2724,3,-1.7276815176010132
2725,4,-1.625311017036438
2726,3,-1.6504783630371094
2727,15,-0.372798353433609
2728,5,-1.4684962034225464
2729,2,-1.791122555732727
2730,4,-1.5448009967803955
2731,3,-1.6453213691711426
2732,3,-1.6650846004486084
2733,3,-1.658564567565918
2734,7,-1.2676365375518799
2735,3,-1.6529161930084229
2736,9,-1.0840989351272583
2737,3,-1.650907278060913
2738,2,-1.8450218439102173
2739,13,-0.5716449022293091
2740,5,-1.500600814819336
2741,4,-1.6237874031066895
2742,10,-0.9656774997711182
2743,4,-1.581697940826416
2744,4,-1.5834232568740845
2745,17,-0.1073300838470459
2746,4,-1.5400090217590332
2747,4,-1.5786149501800537
2748,3,-1.6438441276550293
2749,8,-1.1528520584106445
2750,3,-1.7223325967788696
2751,3,-1.7398945093154907
2752,4,-1.5542874336242676
2753,2,-1.7853504419326782
2754,3,-1.6580936908721924
2755,4,-1.6359920501708984
2756,4,-1.5457011461257935
2757,5,-1.5156279802322388
2758,3,-1.6525814533233643
2759,4,-1.5762152671813965
2760,4,-1.6389472484588623
2761,5,-1.5247185230255127
2762,4,-1.6222110986709595
2763,4,-1.6435966491699219
2764,6,-1.3733118772506714
2765,3,-1.7380554676055908
2766,2,-1.7586525678634644
2767,4,-1.6356134414672852
2768,3,-1.746110439300537
2769,4,-1.579944372177124
2770,4,-1.626960039138794
2771,4,-1.579253077507019
2772,4,-1.6295349597930908
2773,2,-1.7664284706115723
2774,3,-1.6595265865325928
2775,5,-1.5251660346984863
2776,3,-1.6573907136917114
2777,8,-1.1226654052734375
2778,4,-1.5832717418670654
2779,8,-1.151716709136963
2780,3,-1.742984652519226
2781,4,-1.536018967628479
2782,4,-1.6306278705596924
2783,4,-1.6261518001556396
2784,11,-0.7762865424156189
2785,4,-1.5784682035446167
2786,7,-1.2936551570892334
2787,5,-1.5000169277191162
2788,6,-1.363067865371704
2789,10,-0.9346141815185547
2790,3,-1.6534208059310913
2791,4,-1.6035592555999756
2792,5,-1.5154088735580444
2793,4,-1.564328908920288
2794,4,-1.6429436206817627
2795,3,-1.653386116027832
2796,8,-1.1290154457092285
2797,7,-1.317253589630127
2798,4,-1.6258833408355713
2799,3,-1.7314294576644897
2800,7,-1.2193808555603027
2801,4,-1.5930070877075195
2802,5,-1.4723734855651855
2803,5,-1.4457314014434814
2804,4,-1.622828722000122
2805,7,-1.2838680744171143
2806,3,-1.7129217386245728
2807,5,-1.5131607055664062
2808,5,-1.5281010866165161
2809,5,-1.513770580291748
2810,4,-1.5692496299743652
2811,5,-1.4690327644348145
2812,3,-1.7486203908920288
2813,16,-0.30023807287216187
2814,12,-0.7207292914390564
2815,5,-1.5027439594268799
2816,5,-1.533076524734497
2817,7,-1.3108115196228027
2818,5,-1.50300931930542
2819,3,-1.7034074068069458
2820,4,-1.6274676322937012
2821,6,-1.331970453262329
2822,5,-1.5288565158843994
2823,3,-1.7286337614059448
2824,3,-1.7199188470840454
2825,2,-1.813742995262146
2826,4,-1.636657476425171
2827,4,-1.6106362342834473
2828,4,-1.6201562881469727
2829,9,-1.0740891695022583
2830,5,-1.521284818649292
2831,4,-1.60173499584198
2832,4,-1.5904045104980469
2833,1,-1.889977216720581
2834,4,-1.6368937492370605
2835,5,-1.4322593212127686
2836,4,-1.6387403011322021
2837,3,-1.7291284799575806
2838,4,-1.6262993812561035
2839,4,-1.577653169631958
2840,4,-1.5668237209320068
2841,5,-1.4966669082641602
2842,7,-1.2966505289077759
2843,4,-1.623319387435913
2844,4,-1.5375614166259766
2845,5,-1.4445931911468506
2846,3,-1.6438050270080566
2847,4,-1.6404600143432617
2848,5,-1.5192694664001465
2849,9,-1.089839220046997
2850,4,-1.549027442932129
2851,4,-1.5833492279052734
2852,3,-1.6713683605194092
2853,3,-1.7162495851516724
2854,4,-1.6316531896591187
2855,3,-1.6477408409118652
2856,5,-1.4568519592285156
2857,5,-1.4915614128112793
2858,4,-1.6307597160339355
2859,2,-1.8079948425292969
2860,4,-1.581913709640503
2861,5,-1.50497567653656
2862,4,-1.6284880638122559
2863,9,-1.0743279457092285
2864,3,-1.7402729988098145
2865,4,-1.5739867687225342
2866,5,-1.5341441631317139
2867,5,-1.5081250667572021
2868,17,-0.11551827192306519
2869,3,-1.6862311363220215
2870,4,-1.6414638757705688
2871,5,-1.516292691230774
2872,12,-0.768603503704071
2873,4,-1.606618881225586
2874,4,-1.62855863571167
2875,4,-1.6397531032562256
2876,4,-1.6151411533355713
2877,4,-1.6230511665344238
2878,3,-1.6461443901062012
2879,4,-1.6361591815948486
2880,3,-1.706045389175415
2881,6,-1.3523473739624023
2882,5,-1.4819413423538208
2883,4,-1.5646814107894897
2884,5,-1.454246997833252
2885,5,-1.5107955932617188
2886,6,-1.4125251770019531
2887,5,-1.4748497009277344
2888,9,-1.021703839302063
2889,6,-1.3459656238555908
2890,4,-1.6348494291305542
2891,5,-1.522568941116333
2892,3,-1.6536533832550049
2893,4,-1.6091952323913574
2894,4,-1.6259256601333618
2895,3,-1.7325783967971802
2896,10,-0.8972100019454956
2897,5,-1.4950132369995117
2898,3,-1.6626858711242676
2899,4,-1.6225996017456055
2900,3,-1.6927165985107422
2901,6,-1.39627206325531
2902,7,-1.2670023441314697
2903,4,-1.6124248504638672
2904,5,-1.5070147514343262
2905,10,-0.990912675857544
2906,4,-1.59397292137146
2907,4,-1.6337203979492188
2908,4,-1.55179762840271
2909,6,-1.414527416229248
2910,4,-1.6344348192214966
2911,8,-1.2118585109710693
2912,4,-1.5644900798797607
2913,3,-1.6683974266052246
2914,5,-1.4545693397521973
2915,7,-1.222240686416626
2916,3,-1.680271863937378
2917,5,-1.5224215984344482
2918,2,-1.777126431465149
2919,5,-1.51677405834198
2920,4,-1.5933886766433716
2921,5,-1.526190996170044
2922,3,-1.6917121410369873
2923,4,-1.6268150806427002
2924,4,-1.618544578552246
2925,5,-1.495312213897705
2926,6,-1.418453335762024
2927,5,-1.4679811000823975
2928,5,-1.4627211093902588
2929,8,-1.1693406105041504
2930,3,-1.7094779014587402
2931,5,-1.5142817497253418
2932,5,-1.5258524417877197
2933,4,-1.6188576221466064
2934,3,-1.6911354064941406
2935,14,-0.4920191764831543
2936,10,-0.966724157333374
2937,3,-1.7028591632843018
2938,9,-1.050839900970459
2939,4,-1.5961782932281494
2940,4,-1.6055026054382324
2941,5,-1.4464017152786255
2942,7,-1.2852530479431152
2943,4,-1.6299091577529907
2944,4,-1.574936032295227
2945,5,-1.5270085334777832
2946,5,-1.520927906036377
2947,14,-0.47891563177108765
2948,6,-1.4100472927093506
2949,8,-1.2047350406646729
2950,4,-1.6416512727737427
2951,4,-1.5913244485855103
2952,4,-1.6075520515441895
2953,4,-1.6163017749786377
2954,4,-1.6049315929412842
2955,10,-0.9164757132530212
2956,12,-0.6852403879165649
2957,4,-1.5692861080169678
2958,4,-1.6424930095672607
2959,4,-1.5488524436950684
2960,7,-1.299652099609375
2961,4,-1.5947937965393066
2962,4,-1.596909761428833
2963,4,-1.5818101167678833
2964,4,-1.5595221519470215
2965,4,-1.620100498199463
2966,4,-1.5809271335601807
2967,9,-1.0758790969848633
2968,5,-1.4460258483886719
2969,4,-1.5482771396636963
2970,4,-1.631072759628296
2971,5,-1.4846502542495728
2972,4,-1.546830177307129
2973,4,-1.602869987487793
2974,10,-0.976224422454834
2975,5,-1.5295755863189697
2976,4,-1.5633544921875
2977,5,-1.5246467590332031
2978,20,0.25113606452941895
2979,11,-0.8295453190803528
2980,6,-1.3881038427352905
2981,8,-1.1055034399032593
2982,4,-1.5956063270568848
2983,4,-1.557002305984497
2984,3,-1.7227888107299805
2985,4,-1.5689643621444702
2986,4,-1.6019279956817627
2987,12,-0.7640081644058228
2988,4,-1.6347874402999878
2989,4,-1.6271774768829346
2990,3,-1.7030521631240845
2991,5,-1.5069679021835327
2992,4,-1.5751934051513672
2993,5,-1.4533846378326416
2994,6,-1.3877739906311035
2995,4,-1.5774966478347778
2996,3,-1.6907696723937988
2997,11,-0.8104439973831177
2998,4,-1.6073060035705566
2999,5,-1.45933198928833
3000,4,-1.5637784004211426
3001,5,-1.4647877216339111
3002,7,-1.2767513990402222
3003,11,-0.8454107046127319
3004,5,-1.4894838333129883
3005,6,-1.3765273094177246
3006,6,-1.3996703624725342
3007,2,-1.791212797164917
3008,4,-1.5782454013824463
3009,5,-1.4592512845993042
3010,3,-1.6820741891860962
3011,10,-0.9884755611419678
3012,5,-1.4626758098602295
3013,9,-1.0051202774047852
3014,9,-1.0311415195465088
3015,4,-1.5966700315475464
3016,1,-1.889512300491333
3017,5,-1.4279924631118774
3018,4,-1.581000804901123
3019,13,-0.6250649690628052
3020,4,-1.6019021272659302
3021,5,-1.5092976093292236
3022,4,-1.5727590322494507
3023,4,-1.5778316259384155
3024,4,-1.6185681819915771
3025,5,-1.5028274059295654
3026,7,-1.285441517829895
3027,5,-1.4264763593673706
3028,4,-1.5784976482391357
3029,4,-1.5506253242492676
3030,4,-1.5872180461883545
3031,6,-1.4143251180648804
3032,3,-1.710962176322937
3033,5,-1.5214627981185913
3034,4,-1.5397956371307373
3035,14,-0.45457181334495544
3036,12,-0.7258689403533936
3037,4,-1.5977811813354492
3038,4,-1.5724353790283203
3039,4,-1.545107364654541
3040,15,-0.4096011817455292
3041,6,-1.4043546915054321
3042,8,-1.2026488780975342
3043,3,-1.6683400869369507
3044,4,-1.6345305442810059
3045,6,-1.3569748401641846
3046,12,-0.7543985843658447
3047,9,-1.065513014793396
3048,7,-1.2443926334381104
3049,2,-1.8066866397857666
3050,3,-1.6810264587402344
3051,4,-1.596441626548767
3052,4,-1.5906016826629639
3053,4,-1.5835890769958496
3054,3,-1.6844202280044556
3055,4,-1.5752848386764526
3056,4,-1.5844058990478516
3057,4,-1.5686678886413574
3058,4,-1.5971187353134155
3059,5,-1.4935297966003418
3060,5,-1.4983313083648682
3061,4,-1.6243114471435547
3062,4,-1.586608648300171
3063,6,-1.3298616409301758
3064,8,-1.133103370666504
3065,4,-1.5448534488677979
3066,14,-0.4964073896408081
3067,4,-1.5472688674926758
3068,4,-1.5511451959609985
3069,7,-1.239246129989624
3070,5,-1.5006141662597656
3071,3,-1.682815432548523
3072,5,-1.4721405506134033
3073,3,-1.6941567659378052
3074,4,-1.598015546798706
3075,6,-1.3479089736938477
3076,4,-1.6184687614440918
3077,6,-1.3589975833892822
3078,7,-1.247096300125122
3079,8,-1.1385623216629028
3080,8,-1.1544691324234009
3081,5,-1.4792821407318115
3082,3,-1.6779752969741821
3083,4,-1.5769108533859253
3084,11,-0.7829532623291016
3085,4,-1.5695655345916748
3086,20,0.2505214810371399
3087,3,-1.6861724853515625
3088,17,-0.10623997449874878
3089,5,-1.5181479454040527
3090,3,-1.6994988918304443
3091,6,-1.3825331926345825
3092,5,-1.500112771987915
3093,5,-1.4969799518585205
3094,12,-0.7660195231437683
3095,7,-1.3016037940979004
3096,8,-1.1329572200775146
3097,5,-1.5123199224472046
3098,8,-1.194352388381958
3099,4,-1.5908541679382324
3100,5,-1.5143389701843262
3101,5,-1.4418225288391113
3102,5,-1.530547857284546
3103,5,-1.467650294303894
3104,4,-1.5762131214141846
3105,4,-1.5526831150054932
3106,3,-1.6685395240783691
3107,16,-0.20577412843704224
3108,6,-1.3776586055755615
3109,6,-1.4063215255737305
3110,6,-1.373000979423523
3111,3,-1.682248830795288
3112,6,-1.3913781642913818
3113,5,-1.4496324062347412
3114,4,-1.5416582822799683
3115,4,-1.5710067749023438
3116,11,-0.855628252029419
3117,6,-1.3308076858520508
3118,5,-1.49336576461792
3119,9,-1.0490669012069702
3120,6,-1.3445003032684326
3121,4,-1.5898100137710571
3122,9,-1.03811776638031
3123,5,-1.463603138923645
3124,5,-1.4437463283538818
3125,3,-1.6809791326522827
3126,5,-1.4818686246871948
3127,5,-1.4534318447113037
3128,6,-1.3845642805099487
3129,6,-1.3557281494140625
3130,4,-1.630483865737915
3131,4,-1.5600534677505493
3132,15,-0.31888335943222046
3133,5,-1.531346082687378
3134,21,0.38209235668182373
3135,4,-1.573131799697876
3136,4,-1.5875046253204346
3137,3,-1.6812037229537964
3138,4,-1.5636093616485596
3139,6,-1.4185335636138916
3140,4,-1.5564265251159668
3141,6,-1.3887221813201904
3142,5,-1.506563425064087
3143,5,-1.4618096351623535
3144,4,-1.595221996307373
3145,3,-1.678197979927063
3146,5,-1.4966254234313965
3147,3,-1.6573281288146973
3148,4,-1.6055638790130615
3149,4,-1.6207406520843506
3150,13,-0.6523333787918091
3151,3,-1.6756917238235474
3152,4,-1.5737957954406738
3153,14,-0.47252410650253296
3154,21,0.3448343276977539
3155,7,-1.2821285724639893
3156,4,-1.5862038135528564
3157,4,-1.56187105178833
3158,7,-1.2798144817352295
3159,6,-1.410243272781372
3160,5,-1.438462257385254
3161,3,-1.677258014678955
3162,11,-0.8304203748703003
3163,4,-1.575137972831726
3164,11,-0.8255813717842102
3165,4,-1.5721855163574219
3166,4,-1.6239898204803467
3167,4,-1.5852388143539429
3168,5,-1.4975087642669678
3169,4,-1.5723752975463867
3170,5,-1.5241259336471558
3171,6,-1.3390055894851685
3172,3,-1.672370433807373
3173,6,-1.4159948825836182
3174,4,-1.6327159404754639
3175,4,-1.5539019107818604
3176,4,-1.6057288646697998
3177,5,-1.4821500778198242
3178,4,-1.6018837690353394
3179,4,-1.5800926685333252
3180,5,-1.4846751689910889
3181,4,-1.5974247455596924
3182,5,-1.4391897916793823
3183,4,-1.6238254308700562
3184,17,-0.10576438903808594
3185,6,-1.407400131225586
3186,5,-1.518326759338379
3187,4,-1.6149208545684814
3188,4,-1.5985438823699951
3189,5,-1.4736779928207397
3190,4,-1.5927257537841797
3191,4,-1.545659065246582
3192,4,-1.5750014781951904
3193,5,-1.5178229808807373
3194,4,-1.536562442779541
3195,5,-1.4620815515518188
3196,3,-1.6906986236572266
3197,3,-1.6815707683563232
3198,4,-1.5878641605377197
3199,4,-1.5560402870178223
3200,8,-1.1924551725387573
3201,7,-1.2348002195358276
3202,4,-1.579077959060669
3203,4,-1.6116749048233032
3204,6,-1.3682904243469238
3205,5,-1.443680763244629
3206,5,-1.5077797174453735
3207,12,-0.7460740208625793
3208,4,-1.5361790657043457
3209,5,-1.4987523555755615
3210,22,0.44800710678100586
3211,5,-1.4297386407852173
3212,4,-1.574272632598877
3213,7,-1.2806720733642578
3214,4,-1.5834314823150635
3215,5,-1.4734241962432861
3216,5,-1.4649842977523804
3217,4,-1.6367778778076172
3218,12,-0.7531227469444275
3219,5,-1.5357320308685303
3220,7,-1.2451027631759644
3221,5,-1.5167737007141113
3222,5,-1.4867041110992432
3223,8,-1.1791517734527588
3224,3,-1.674987554550171
3225,4,-1.5449695587158203
3226,5,-1.4410920143127441
3227,6,-1.396838665008545
3228,7,-1.2784885168075562
3229,3,-1.6669902801513672
3230,9,-1.1018365621566772
3231,5,-1.5336296558380127
3232,4,-1.555809736251831
3233,4,-1.5408706665039062
3234,4,-1.5549211502075195
3235,5,-1.4888720512390137
3236,5,-1.4927594661712646
3237,5,-1.4921555519104004
3238,4,-1.5555062294006348
3239,4,-1.5365047454833984
3240,5,-1.4891648292541504
3241,6,-1.4234421253204346
3242,5,-1.4434504508972168
3243,4,-1.5567891597747803
3244,4,-1.6429121494293213
3245,4,-1.5565401315689087
3246,3,-1.6501970291137695
3247,9,-1.0469183921813965
3248,6,-1.4082015752792358
3249,5,-1.4487873315811157
3250,6,-1.3761223554611206
3251,5,-1.4315435886383057
3252,5,-1.5197422504425049
3253,5,-1.4386838674545288
3254,5,-1.4983397722244263
3255,6,-1.3576765060424805
3256,4,-1.6282472610473633
3257,6,-1.3760346174240112
3258,6,-1.397255539894104
3259,6,-1.3662083148956299
3260,9,-1.0340042114257812
3261,5,-1.4851841926574707
3262,4,-1.5432835817337036
3263,6,-1.3227900266647339
3264,5,-1.533947229385376
3265,11,-0.8280856013298035
3266,6,-1.344266414642334
3267,5,-1.450392723083496
3268,12,-0.7445956468582153
3269,4,-1.55790114402771
3270,4,-1.5635366439819336
3271,4,-1.5549319982528687
3272,5,-1.5293772220611572
3273,11,-0.7876219749450684
3274,7,-1.2631547451019287
3275,4,-1.5890216827392578
3276,5,-1.5018105506896973
3277,5,-1.4387401342391968
3278,7,-1.299291729927063
3279,5,-1.5094785690307617
3280,7,-1.2808059453964233
3281,3,-1.7220311164855957
3282,5,-1.464942216873169
3283,4,-1.5648027658462524
3284,7,-1.319260597229004
3285,4,-1.53871488571167
3286,4,-1.6383484601974487
3287,4,-1.551108956336975
3288,5,-1.4776828289031982
3289,6,-1.3479723930358887
3290,6,-1.3705739974975586
3291,7,-1.2559442520141602
3292,5,-1.5219464302062988
3293,5,-1.5277256965637207
3294,9,-1.018968105316162
3295,8,-1.1703648567199707
3296,3,-1.6520599126815796
3297,3,-1.679355502128601
3298,4,-1.5758426189422607
3299,3,-1.6456235647201538
3300,5,-1.4303405284881592
3301,6,-1.3591160774230957
3302,5,-1.5097544193267822
3303,4,-1.6338083744049072
3304,6,-1.3565915822982788
3305,9,-0.9997764825820923
3306,4,-1.5726449489593506
3307,6,-1.412994623184204
3308,6,-1.4254610538482666
3309,6,-1.3833396434783936
3310,4,-1.5569427013397217
3311,6,-1.4096992015838623
3312,6,-1.3872945308685303
3313,5,-1.4463975429534912
3314,6,-1.3969800472259521
3315,5,-1.4623675346374512
3316,5,-1.5312955379486084
3317,6,-1.40426766872406
3318,11,-0.8569670915603638
3319,14,-0.4794846475124359
3320,5,-1.5303007364273071
3321,5,-1.4387195110321045
3322,3,-1.716983437538147
3323,4,-1.62941575050354
3324,18,-0.010854184627532959
3325,3,-1.646955966949463
3326,7,-1.3065650463104248
3327,6,-1.3866621255874634
3328,18,-0.04875671863555908
3329,6,-1.4153649806976318
3330,6,-1.4181486368179321
3331,4,-1.6384339332580566
3332,5,-1.5192556381225586
3333,7,-1.237668752670288
3334,5,-1.4362061023712158
3335,4,-1.6386218070983887
3336,12,-0.7254427075386047
3337,6,-1.3498910665512085
3338,5,-1.4947903156280518
3339,3,-1.644887924194336
3340,4,-1.5419032573699951
3341,5,-1.5350207090377808
3342,11,-0.8323297500610352
3343,5,-1.4687645435333252
3344,5,-1.5221500396728516
3345,8,-1.138892650604248
3346,4,-1.5438487529754639
3347,4,-1.5595483779907227
3348,10,-0.9486069679260254
3349,5,-1.4469592571258545
3350,5,-1.4266310930252075
3351,7,-1.2626190185546875
3352,5,-1.4768562316894531
3353,5,-1.5170226097106934
3354,4,-1.5557596683502197
3355,5,-1.50836181640625
3356,3,-1.6706377267837524
3357,6,-1.3843821287155151
3358,6,-1.3643994331359863
3359,8,-1.159849762916565
3360,5,-1.5319247245788574
3361,5,-1.4923462867736816
3362,6,-1.3347742557525635
3363,7,-1.2839879989624023
3364,5,-1.5281426906585693
3365,5,-1.5171492099761963
3366,5,-1.4906468391418457
3367,4,-1.6349060535430908
3368,5,-1.4730461835861206
3369,5,-1.4922266006469727
3370,13,-0.6288304328918457
3371,4,-1.557591199874878
3372,8,-1.1961982250213623
3373,5,-1.457542061805725
3374,6,-1.4198015928268433
3375,6,-1.3514864444732666
3376,4,-1.5368038415908813
3377,4,-1.629241704940796
3378,4,-1.562434434890747
3379,8,-1.1918926239013672
3380,5,-1.4644461870193481
3381,7,-1.2681567668914795
3382,4,-1.628063678741455
3383,2,-1.8462512493133545
3384,11,-0.8504071831703186
3385,6,-1.3660027980804443
3386,5,-1.4969474077224731
3387,4,-1.5538105964660645
3388,5,-1.5111174583435059
3389,5,-1.5164648294448853
3390,4,-1.6363353729248047
3391,6,-1.4007487297058105
3392,7,-1.2967257499694824
3393,4,-1.630603551864624
3394,5,-1.4650862216949463
3395,6,-1.3248677253723145
3396,3,-1.7194710969924927
3397,5,-1.446995735168457
3398,5,-1.4598113298416138
3399,5,-1.4597947597503662
3400,4,-1.6122479438781738
3401,5,-1.5333523750305176
3402,4,-1.6168591976165771
3403,6,-1.4245185852050781
3404,5,-1.5279796123504639
3405,5,-1.526547908782959
3406,6,-1.4227566719055176
3407,5,-1.527940034866333
3408,5,-1.4999014139175415
3409,6,-1.3203123807907104
3410,12,-0.7235687375068665
3411,7,-1.2901582717895508
3412,4,-1.5362217426300049
3413,6,-1.3702645301818848
3414,5,-1.4814088344573975
3415,12,-0.6728443503379822
3416,4,-1.6138763427734375
3417,6,-1.409160852432251
3418,5,-1.472729206085205
3419,4,-1.6283025741577148
3420,5,-1.5072495937347412
3421,13,-0.573998212814331
3422,5,-1.5195577144622803
3423,8,-1.1283338069915771
3424,4,-1.5883846282958984
3425,5,-1.4285184144973755
3426,6,-1.4087462425231934
3427,5,-1.5134197473526
3428,13,-0.6419736742973328
3429,6,-1.407299280166626
3430,4,-1.595947504043579
3431,6,-1.3911230564117432
3432,5,-1.519417643547058
3433,5,-1.49721360206604
3434,5,-1.5112546682357788
3435,12,-0.7256637215614319
3436,5,-1.4745261669158936
3437,5,-1.4486801624298096
3438,4,-1.5409846305847168
3439,7,-1.2655322551727295
3440,4,-1.6227736473083496
3441,6,-1.343232274055481
3442,5,-1.5062259435653687
3443,5,-1.5224688053131104
3444,5,-1.5169248580932617
3445,5,-1.4719598293304443
3446,5,-1.5236402750015259
3447,5,-1.4720518589019775
3448,5,-1.5287716388702393
3449,4,-1.6341220140457153
3450,2,-1.7594290971755981
3451,9,-1.0854837894439697
3452,4,-1.6021842956542969
3453,5,-1.520015835762024
3454,6,-1.4117631912231445
3455,4,-1.6041958332061768
3456,5,-1.498101830482483
3457,5,-1.514778733253479
3458,12,-0.723973274230957
3459,5,-1.503472089767456
3460,6,-1.399280071258545
3461,6,-1.3436850309371948
3462,5,-1.5087329149246216
3463,4,-1.595396637916565
3464,5,-1.4673166275024414
3465,4,-1.544299602508545
3466,6,-1.3675943613052368
3467,6,-1.4072092771530151
3468,5,-1.4552619457244873
3469,5,-1.5300110578536987
3470,8,-1.1967148780822754
3471,6,-1.4117276668548584
3472,7,-1.310553789138794
3473,10,-0.9073182344436646
3474,5,-1.515519380569458
3475,14,-0.5197250843048096
3476,2,-1.7683690786361694
3477,5,-1.5274546146392822
3478,4,-1.6168172359466553
3479,9,-1.025660514831543
3480,6,-1.3296186923980713
3481,3,-1.6572132110595703
3482,5,-1.5092699527740479
3483,9,-1.0437978506088257
3484,5,-1.5174529552459717
3485,7,-1.2872660160064697
3486,6,-1.359253168106079
3487,7,-1.2181105613708496
3488,5,-1.427489995956421
3489,7,-1.259669542312622
3490,5,-1.5029304027557373
3491,5,-1.5199328660964966
3492,6,-1.403921365737915
3493,5,-1.5116033554077148
3494,5,-1.4369007349014282
3495,4,-1.5395853519439697
3496,6,-1.3431496620178223
3497,7,-1.2985568046569824
3498,4,-1.5496819019317627
3499,9,-1.0933001041412354
3500,11,-0.811433732509613
3501,5,-1.4871718883514404
3502,12,-0.7576440572738647
3503,11,-0.8736841678619385
3504,4,-1.608875036239624
3505,4,-1.5962395668029785
3506,6,-1.3816931247711182
3507,5,-1.4673293828964233
3508,6,-1.3967238664627075
3509,5,-1.5244078636169434
3510,4,-1.6020517349243164
3511,8,-1.1452782154083252
3512,19,0.06206399202346802
3513,7,-1.2396131753921509
3514,8,-1.2012465000152588
3515,6,-1.3721678256988525
3516,22,0.4793933629989624
3517,5,-1.4961588382720947
3518,4,-1.5999679565429688
3519,6,-1.3618450164794922
3520,9,-1.0080068111419678
3521,6,-1.4109480381011963
3522,6,-1.396409034729004
3523,6,-1.3812555074691772
3524,5,-1.439018964767456
3525,5,-1.4946702718734741
3526,5,-1.4745537042617798
3527,4,-1.596318006515503
3528,5,-1.4654541015625
3529,6,-1.328258991241455
3530,8,-1.1639388799667358
3531,9,-1.0703036785125732
3532,5,-1.4632594585418701
3533,7,-1.2625600099563599
3534,5,-1.4485995769500732
3535,5,-1.5033354759216309
3536,4,-1.6145813465118408
3537,4,-1.5908784866333008
3538,4,-1.6408828496932983
3539,7,-1.3070368766784668
3540,6,-1.3451130390167236
3541,4,-1.6355361938476562
3542,5,-1.4700682163238525
3543,5,-1.508188009262085
3544,5,-1.4671512842178345
3545,5,-1.4443414211273193
3546,15,-0.36369386315345764
3547,14,-0.5417780876159668
3548,5,-1.5005528926849365
3549,5,-1.489729404449463
3550,5,-1.490159034729004
3551,4,-1.6193201541900635
3552,5,-1.4852757453918457
3553,4,-1.6025358438491821
3554,4,-1.607923984527588
3555,6,-1.3920793533325195
3556,5,-1.5065510272979736
3557,13,-0.551480770111084
3558,4,-1.5829768180847168
3559,6,-1.3376274108886719
3560,3,-1.6652394533157349
3561,4,-1.6162114143371582
3562,7,-1.2393827438354492
3563,13,-0.5532608032226562
3564,5,-1.532155990600586
3565,5,-1.4428980350494385
3566,4,-1.6046435832977295
3567,15,-0.3307490050792694
3568,5,-1.453303575515747
3569,6,-1.3957496881484985
3570,6,-1.4240405559539795
3571,4,-1.5529334545135498
3572,5,-1.4858782291412354
3573,6,-1.368781566619873
3574,7,-1.2913603782653809
3575,11,-0.8665086030960083
3576,5,-1.5261987447738647
3577,6,-1.3854751586914062
3578,5,-1.4537229537963867
3579,5,-1.4867810010910034
3580,5,-1.5024676322937012
3581,7,-1.288173794746399
3582,7,-1.265934944152832
3583,4,-1.6147451400756836
3584,4,-1.6173412799835205
3585,5,-1.4294184446334839
3586,5,-1.525154948234558
3587,4,-1.59737229347229
3588,11,-0.841155469417572
3589,5,-1.4853215217590332
3590,7,-1.2797340154647827
3591,5,-1.4939000606536865
3592,4,-1.5925458669662476
3593,8,-1.2002365589141846
3594,4,-1.5963155031204224
3595,6,-1.410698652267456
3596,15,-0.3329737186431885
3597,6,-1.424106478691101
3598,5,-1.4683113098144531
3599,6,-1.321990966796875
3600,5,-1.4366062879562378
3601,6,-1.3453501462936401
3602,5,-1.4626283645629883
3603,3,-1.647157907485962
3604,5,-1.4813746213912964
3605,8,-1.1229822635650635
3606,4,-1.5646954774856567
3607,7,-1.2599550485610962
3608,6,-1.3745174407958984
3609,5,-1.4850270748138428
3610,6,-1.4250295162200928
3611,5,-1.4792864322662354
3612,7,-1.2615392208099365
3613,5,-1.4317371845245361
3614,5,-1.474947452545166
3615,4,-1.6058688163757324
3616,5,-1.4952991008758545
3617,6,-1.3500492572784424
3618,4,-1.6152015924453735
3619,5,-1.5048809051513672
3620,6,-1.3669633865356445
3621,9,-1.0201935768127441
3622,5,-1.498839259147644
3623,21,0.37118077278137207
3624,5,-1.5160160064697266
3625,5,-1.4563506841659546
3626,5,-1.495957612991333
3627,4,-1.5971730947494507
3628,5,-1.4486465454101562
3629,6,-1.3687682151794434
3630,8,-1.1144992113113403
3631,6,-1.381532907485962
3632,6,-1.3982996940612793
3633,4,-1.5948848724365234
3634,5,-1.4627858400344849
3635,4,-1.5772428512573242
3636,5,-1.4851489067077637
3637,6,-1.3988754749298096
3638,11,-0.7916232943534851
3639,4,-1.6027506589889526
3640,5,-1.4513506889343262
3641,6,-1.385182499885559
3642,2,-1.798751950263977
3643,9,-1.0624516010284424
3644,4,-1.6137402057647705
3645,4,-1.565673828125
3646,6,-1.360672116279602
3647,5,-1.4638385772705078
3648,7,-1.2363941669464111
3649,9,-1.0238656997680664
3650,6,-1.3336784839630127
3651,4,-1.6199469566345215
3652,5,-1.490870714187622
3653,2,-1.80509614944458
3654,6,-1.3945670127868652
3655,7,-1.256545066833496
3656,4,-1.626447319984436
3657,5,-1.489790916442871
3658,5,-1.4654557704925537
3659,5,-1.487752914428711
3660,5,-1.4605903625488281
3661,6,-1.329288125038147
3662,5,-1.4873254299163818
3663,6,-1.4108195304870605
3664,5,-1.4362969398498535
3665,5,-1.5068292617797852
3666,13,-0.5936353802680969
3667,8,-1.1834585666656494
3668,5,-1.466783046722412
3669,6,-1.4195414781570435
3670,4,-1.5947558879852295
3671,4,-1.63910710811615
3672,6,-1.3914133310317993
3673,5,-1.5116629600524902
3674,6,-1.3590497970581055
3675,7,-1.3161559104919434
3676,7,-1.287543535232544
3677,4,-1.5819220542907715
3678,9,-1.0168569087982178
3679,5,-1.507736325263977
3680,6,-1.3687167167663574
3681,5,-1.4669127464294434
3682,6,-1.3970811367034912
3683,5,-1.5223572254180908
3684,5,-1.4770904779434204
3685,5,-1.483757734298706
3686,5,-1.4625864028930664
3687,5,-1.4718072414398193
3688,6,-1.417248010635376
3689,4,-1.6094975471496582
3690,4,-1.5842182636260986
3691,10,-0.9103224277496338
3692,17,-0.10231786966323853
3693,6,-1.3701432943344116
3694,6,-1.342517614364624
3695,6,-1.3281272649765015
3696,5,-1.482109785079956
3697,13,-0.6113816499710083
3698,5,-1.4954979419708252
3699,5,-1.4784657955169678
3700,6,-1.4007446765899658
3701,5,-1.4433238506317139
3702,6,-1.3940175771713257
3703,7,-1.2736010551452637
3704,5,-1.441473364830017
3705,7,-1.2216516733169556
3706,6,-1.3470723628997803
3707,7,-1.2760363817214966
3708,16,-0.26255831122398376
3709,6,-1.3877267837524414
3710,15,-0.4087550938129425
3711,8,-1.1936535835266113
3712,5,-1.426588535308838
3713,5,-1.4674662351608276
3714,4,-1.5840017795562744
3715,4,-1.5623736381530762
3716,14,-0.4646211266517639
3717,5,-1.441576600074768
3718,5,-1.4337148666381836
3719,6,-1.4252725839614868
3720,6,-1.4151966571807861
3721,4,-1.5803546905517578
3722,3,-1.6472066640853882
3723,8,-1.152713418006897
3724,7,-1.2404718399047852
3725,4,-1.576460599899292
3726,6,-1.369799256324768
3727,8,-1.1840870380401611
3728,4,-1.5698120594024658
3729,7,-1.2534902095794678
3730,8,-1.1547009944915771
3731,9,-1.066697359085083
3732,8,-1.2021441459655762
3733,4,-1.5827250480651855
3734,5,-1.476104736328125
3735,5,-1.4540330171585083
3736,6,-1.3939332962036133
3737,7,-1.3112678527832031
3738,6,-1.3822894096374512
3739,4,-1.5678949356079102
3740,7,-1.2939376831054688
3741,5,-1.4957921504974365
3742,5,-1.5237962007522583
3743,5,-1.464621901512146
3744,6,-1.388286828994751
3745,10,-0.9587440490722656
3746,3,-1.7147172689437866
3747,10,-0.9699685573577881
3748,7,-1.2188292741775513
3749,4,-1.5698864459991455
3750,7,-1.2609163522720337
3751,12,-0.721185564994812
3752,17,-0.18122828006744385
3753,5,-1.4840171337127686
3754,8,-1.1884284019470215
3755,5,-1.471806526184082
3756,5,-1.4815645217895508
3757,6,-1.324966549873352
3758,6,-1.337811827659607
3759,4,-1.555293321609497
3760,12,-0.6698639988899231
3761,5,-1.4500436782836914
3762,4,-1.5947792530059814
3763,8,-1.1686601638793945
3764,9,-1.0339794158935547
3765,5,-1.466933250427246
3766,3,-1.7237313985824585
3767,11,-0.8575661182403564
3768,5,-1.4557654857635498
3769,8,-1.1889382600784302
3770,5,-1.483750581741333
3771,4,-1.560141682624817
3772,5,-1.42836332321167
3773,6,-1.4055612087249756
3774,9,-1.0800909996032715
3775,4,-1.613161325454712
3776,5,-1.4620287418365479
3777,4,-1.55897855758667
3778,5,-1.4680836200714111
3779,5,-1.46980619430542
3780,5,-1.5028891563415527
3781,6,-1.406537652015686
3782,5,-1.4372658729553223
3783,15,-0.3401172161102295
3784,5,-1.4535034894943237
3785,6,-1.3931279182434082
3786,4,-1.568875789642334
3787,6,-1.4136364459991455
3788,5,-1.4490208625793457
3789,4,-1.5791997909545898
3790,6,-1.4254403114318848
3791,4,-1.553586483001709
3792,7,-1.2336812019348145
3793,5,-1.4464541673660278
3794,5,-1.4949702024459839
3795,4,-1.5896092653274536
3796,4,-1.5853807926177979
3797,5,-1.4593536853790283
3798,8,-1.158540964126587
3799,5,-1.530533790588379
3800,7,-1.2983663082122803
3801,7,-1.2909047603607178
3802,7,-1.2877380847930908
3803,7,-1.2831954956054688
3804,5,-1.4736881256103516
3805,6,-1.3732800483703613
3806,5,-1.4418859481811523
3807,6,-1.405665636062622
3808,4,-1.5450782775878906
3809,22,0.4643688201904297
3810,7,-1.295039415359497
3811,5,-1.4473462104797363
3812,3,-1.683729648590088
3813,8,-1.192561149597168
3814,9,-1.099255084991455
3815,7,-1.3185667991638184
3816,4,-1.5523967742919922
3817,5,-1.4332975149154663
3818,5,-1.466835379600525
3819,6,-1.3290653228759766
3820,7,-1.2227526903152466
3821,7,-1.286756157875061
3822,4,-1.5693084001541138
3823,7,-1.303911805152893
3824,6,-1.3216273784637451
3825,6,-1.3912369012832642
3826,6,-1.3289811611175537
3827,7,-1.2531908750534058
3828,9,-1.0665479898452759
3829,6,-1.4045125246047974
3830,4,-1.566115379333496
3831,4,-1.5577504634857178
3832,4,-1.558901309967041
3833,14,-0.5110338926315308
3834,5,-1.434726595878601
3835,4,-1.5481951236724854
3836,8,-1.1357111930847168
3837,5,-1.4457738399505615
3838,5,-1.4298851490020752
3839,5,-1.4793410301208496
3840,6,-1.3517160415649414
3841,6,-1.4080779552459717
3842,5,-1.4360246658325195
3843,11,-0.8396826982498169
3844,6,-1.4222476482391357
3845,7,-1.2283670902252197
3846,6,-1.4152326583862305
3847,7,-1.236317753791809
3848,6,-1.3580646514892578
3849,6,-1.3723013401031494
3850,4,-1.558889389038086
3851,6,-1.354122281074524
3852,6,-1.3549692630767822
3853,5,-1.4669830799102783
3854,6,-1.3597052097320557
3855,8,-1.191476583480835
3856,4,-1.5479822158813477
3857,7,-1.2338206768035889
3858,11,-0.8386646509170532
3859,4,-1.5560619831085205
3860,6,-1.3494172096252441
3861,7,-1.2963669300079346
3862,6,-1.3383705615997314
3863,6,-1.4009943008422852
3864,6,-1.354661226272583
3865,6,-1.4069280624389648
3866,6,-1.3509401082992554
3867,5,-1.4647947549819946
3868,4,-1.5596942901611328
3869,5,-1.4815233945846558
3870,7,-1.2802655696868896
3871,16,-0.19744473695755005
3872,16,-0.23255756497383118
3873,6,-1.3552923202514648
3874,5,-1.4609607458114624
3875,4,-1.555809736251831
3876,6,-1.33128023147583
3877,5,-1.513837456703186
3878,10,-0.9632911682128906
3879,6,-1.4121862649917603
3880,7,-1.3143253326416016
3881,5,-1.4647886753082275
3882,6,-1.417125940322876
3883,4,-1.5517364740371704
3884,4,-1.5582047700881958
3885,7,-1.3120801448822021
3886,6,-1.3651032447814941
3887,6,-1.3384679555892944
3888,5,-1.4425206184387207
3889,14,-0.469440221786499
3890,4,-1.5531163215637207
3891,5,-1.430934190750122
3892,6,-1.4024837017059326
3893,5,-1.462228536605835
3894,5,-1.4626555442810059
3895,5,-1.4724289178848267
3896,6,-1.388059139251709
3897,4,-1.5795432329177856
3898,4,-1.5583999156951904
3899,12,-0.6762555241584778
3900,5,-1.5297755002975464
3901,7,-1.2804416418075562
3902,7,-1.3161557912826538
3903,8,-1.1235671043395996
3904,5,-1.4393012523651123
3905,4,-1.549737811088562
3906,4,-1.541818380355835
3907,4,-1.5397236347198486
3908,6,-1.4091325998306274
3909,5,-1.4789824485778809
3910,4,-1.5522265434265137
3911,5,-1.4489920139312744
3912,6,-1.4228599071502686
3913,7,-1.3119785785675049
3914,7,-1.225006103515625
3915,6,-1.3791768550872803
3916,6,-1.320040225982666
3917,5,-1.4476978778839111
3918,6,-1.4028089046478271
3919,5,-1.5328574180603027
3920,8,-1.2027041912078857
3921,6,-1.3213410377502441
3922,5,-1.4291443824768066
3923,6,-1.3548431396484375
3924,22,0.4511144161224365
3925,14,-0.4601684808731079
3926,6,-1.3749217987060547
3927,5,-1.4305800199508667
3928,8,-1.1801683902740479
3929,4,-1.5424036979675293
3930,5,-1.5219273567199707
3931,7,-1.2622437477111816
3932,5,-1.531930685043335
3933,6,-1.3879234790802002
3934,16,-0.28197526931762695
3935,5,-1.455622673034668
3936,5,-1.4373348951339722
3937,6,-1.4225897789001465
3938,7,-1.315152883529663
3939,7,-1.310131311416626
3940,7,-1.2768800258636475
3941,6,-1.4181904792785645
3942,7,-1.2856886386871338
3943,6,-1.3549079895019531
3944,5,-1.5174155235290527
3945,4,-1.5386402606964111
3946,5,-1.5221521854400635
3947,6,-1.4097644090652466
3948,7,-1.2264379262924194
3949,4,-1.5574281215667725
3950,10,-0.9642411470413208
3951,6,-1.3836135864257812
3952,7,-1.2905025482177734
3953,6,-1.340946912765503
3954,4,-1.5674668550491333
3955,10,-0.9560225009918213
3956,22,0.4495910406112671
3957,5,-1.4465652704238892
3958,5,-1.4422531127929688
3959,13,-0.6599383354187012
3960,6,-1.3865699768066406
3961,6,-1.4237854480743408
3962,7,-1.2428175210952759
3963,5,-1.4331176280975342
3964,6,-1.4193166494369507
3965,8,-1.167265772819519
3966,7,-1.2628843784332275
3967,8,-1.1435770988464355
3968,6,-1.3468623161315918
3969,21,0.3077767491340637
3970,6,-1.417169213294983
3971,6,-1.4078359603881836
3972,5,-1.438533067703247
3973,18,-0.015419363975524902
3974,5,-1.4336748123168945
3975,6,-1.4066603183746338
3976,7,-1.3133431673049927
3977,5,-1.4421801567077637
3978,8,-1.1975147724151611
3979,9,-1.0789642333984375
3980,7,-1.2198882102966309
3981,5,-1.4999353885650635
3982,6,-1.392825961112976
3983,6,-1.417846918106079
3984,13,-0.5918480753898621
3985,6,-1.3956704139709473
3986,7,-1.2522549629211426
3987,4,-1.5369807481765747
3988,7,-1.310821294784546
3989,4,-1.5427196025848389
3990,13,-0.6545681357383728
3991,6,-1.3794193267822266
3992,7,-1.2930034399032593
3993,4,-1.5480308532714844
3994,10,-0.9163679480552673
3995,7,-1.2219104766845703
3996,6,-1.3981413841247559
3997,5,-1.4270265102386475
3998,6,-1.339377760887146
3999,16,-0.19647985696792603
4000,6,-1.4146716594696045
4001,5,-1.5301762819290161
4002,5,-1.443300724029541
4003,7,-1.26749587059021
4004,5,-1.517756700515747
4005,6,-1.3927533626556396
4006,5,-1.5180717706680298
4007,7,-1.2612906694412231
4008,7,-1.2686538696289062
4009,7,-1.2741460800170898
4010,5,-1.5132853984832764
4011,7,-1.3081954717636108
4012,6,-1.3922477960586548
4013,10,-0.9819267392158508
4014,5,-1.529500961303711
4015,17,-0.07991105318069458
4016,13,-0.5565860867500305
4017,6,-1.3925824165344238
4018,5,-1.5290372371673584
4019,5,-1.512136697769165
4020,6,-1.3494981527328491
4021,8,-1.130320429801941
4022,8,-1.1572216749191284
4023,5,-1.519578456878662
4024,7,-1.2387561798095703
4025,6,-1.345658779144287
4026,6,-1.407100796699524
4027,6,-1.4080469608306885
4028,8,-1.2082264423370361
4029,7,-1.244232416152954
4030,7,-1.3022912740707397
4031,6,-1.417242407798767
4032,5,-1.5217585563659668
4033,6,-1.3967080116271973
4034,6,-1.4154276847839355
4035,6,-1.3872716426849365
4036,5,-1.4376665353775024
4037,6,-1.4152967929840088
4038,3,-1.6469368934631348
4039,6,-1.3465160131454468
4040,5,-1.5351488590240479
4041,7,-1.2901791334152222
4042,13,-0.6415944695472717
4043,21,0.40151333808898926
4044,6,-1.413926124572754
4045,5,-1.5201115608215332
4046,6,-1.3518929481506348
4047,8,-1.1114073991775513
4048,7,-1.2665109634399414
4049,25,0.9238022565841675
4050,7,-1.226896047592163
4051,6,-1.4029223918914795
4052,9,-1.0560952425003052
4053,16,-0.2770361602306366
4054,5,-1.4345678091049194
4055,6,-1.3924002647399902
4056,7,-1.2753918170928955
4057,15,-0.34323135018348694
4058,11,-0.8226468563079834
4059,7,-1.253354549407959
4060,15,-0.34040629863739014
4061,13,-0.585092306137085
4062,6,-1.3407690525054932
4063,8,-1.1861674785614014
4064,14,-0.5280959606170654
4065,6,-1.4034782648086548
4066,6,-1.412571907043457
4067,7,-1.3085596561431885
4068,6,-1.3979449272155762
4069,5,-1.4852946996688843
4070,6,-1.3790115118026733
4071,10,-0.9034993648529053
4072,7,-1.297046184539795
4073,6,-1.35469388961792
4074,6,-1.41005277633667
4075,15,-0.4152626693248749
4076,7,-1.231431007385254
4077,6,-1.3385233879089355
4078,8,-1.2072687149047852
4079,5,-1.4263648986816406
4080,6,-1.3916115760803223
4081,6,-1.4202237129211426
4082,5,-1.4413728713989258
4083,8,-1.2024812698364258
4084,6,-1.358306884765625
4085,7,-1.227461576461792
4086,6,-1.4016627073287964
4087,8,-1.1318186521530151
4088,5,-1.529140591621399
4089,4,-1.5682377815246582
4090,6,-1.3949227333068848
4091,5,-1.4459621906280518
4092,6,-1.4111096858978271
4093,10,-0.9913246631622314
4094,5,-1.523348093032837
4095,5,-1.5351754426956177
4096,6,-1.3941422700881958
4097,14,-0.5110287070274353
4098,6,-1.3306405544281006
4099,6,-1.4102880954742432
4100,12,-0.736506462097168
4101,8,-1.159683346748352
4102,15,-0.3955254852771759
4103,6,-1.3829892873764038
4104,6,-1.3743081092834473
4105,9,-1.0656423568725586
4106,8,-1.176093578338623
4107,6,-1.41240656375885
4108,7,-1.2879250049591064
4109,6,-1.3811793327331543
4110,8,-1.1861724853515625
4111,7,-1.3008520603179932
4112,7,-1.2535321712493896
4113,7,-1.2970881462097168
4114,8,-1.1566678285598755
4115,14,-0.4663822054862976
4116,10,-0.9819977283477783
4117,7,-1.3030576705932617
4118,6,-1.320098876953125
4119,6,-1.3720107078552246
4120,5,-1.5145559310913086
4121,6,-1.34916090965271
4122,5,-1.5354812145233154
4123,6,-1.3907051086425781
4124,5,-1.5032591819763184
4125,8,-1.2070131301879883
4126,6,-1.395975112915039
4127,9,-1.0797635316848755
4128,6,-1.357027292251587
4129,14,-0.5418645143508911
4130,6,-1.3983417749404907
4131,7,-1.2414727210998535
4132,6,-1.3516230583190918
4133,3,-1.6704225540161133
4134,5,-1.5070676803588867
4135,6,-1.388911485671997
4136,6,-1.3719453811645508
4137,6,-1.363745927810669
4138,9,-1.0423519611358643
4139,6,-1.4161550998687744
4140,7,-1.3046358823776245
4141,6,-1.392603874206543
4142,7,-1.225764513015747
4143,6,-1.3625140190124512
4144,19,0.07497823238372803
4145,6,-1.4057852029800415
4146,5,-1.426856517791748
4147,8,-1.1965044736862183
4148,6,-1.3361080884933472
4149,8,-1.1336684226989746
4150,7,-1.2154018878936768
4151,11,-0.8078511953353882
4152,6,-1.3893221616744995
4153,6,-1.3693333864212036
4154,5,-1.4901446104049683
4155,7,-1.267173171043396
4156,6,-1.3933353424072266
4157,6,-1.37017822265625
4158,6,-1.3994914293289185
4159,4,-1.5381749868392944
4160,6,-1.3507047891616821
4161,6,-1.3881959915161133
4162,5,-1.428117036819458
4163,6,-1.3930933475494385
4164,5,-1.5055155754089355
4165,5,-1.4876327514648438
4166,11,-0.7911540865898132
4167,8,-1.144949197769165
4168,7,-1.2895407676696777
4169,6,-1.396965742111206
4170,5,-1.501664638519287
4171,8,-1.1579797267913818
4172,5,-1.517504334449768
4173,7,-1.2891807556152344
4174,5,-1.4850025177001953
4175,12,-0.6724457144737244
4176,5,-1.519437313079834
4177,18,0.018625915050506592
4178,2,-1.8351655006408691
4179,5,-1.4996371269226074
4180,6,-1.3837075233459473
4181,5,-1.4434471130371094
4182,5,-1.512294888496399
4183,6,-1.3617825508117676
4184,10,-0.9673553705215454
4185,6,-1.3624267578125
4186,7,-1.312147617340088
4187,8,-1.2111587524414062
4188,5,-1.508115291595459
4189,7,-1.2230018377304077
4190,7,-1.3029842376708984
4191,7,-1.2576467990875244
4192,11,-0.7882857322692871
4193,6,-1.3975975513458252
4194,6,-1.3918436765670776
4195,7,-1.3192715644836426
4196,9,-1.040837049484253
4197,7,-1.2722806930541992
4198,6,-1.3451519012451172
4199,7,-1.2764883041381836
4200,11,-0.8732990026473999
4201,5,-1.4864249229431152
4202,8,-1.1685670614242554
4203,5,-1.483352541923523
4204,17,-0.1399661898612976
4205,7,-1.2355091571807861
4206,5,-1.5124282836914062
4207,5,-1.5003643035888672
4208,8,-1.119591474533081
4209,6,-1.3456218242645264
4210,6,-1.3449609279632568
4211,6,-1.3566803932189941
4212,4,-1.5780198574066162
4213,8,-1.1618131399154663
4214,6,-1.34665846824646
4215,6,-1.3694510459899902
4216,6,-1.3927478790283203
4217,5,-1.487393856048584
4218,5,-1.5100059509277344
4219,6,-1.348020315170288
4220,7,-1.3061883449554443
4221,6,-1.3793439865112305
4222,5,-1.4990357160568237
4223,7,-1.255763292312622
4224,6,-1.3589694499969482
4225,6,-1.3438024520874023
4226,6,-1.3624577522277832
4227,7,-1.2458734512329102
4228,22,0.5310509204864502
4229,5,-1.5061240196228027
4230,5,-1.47745943069458
4231,7,-1.2785274982452393
4232,6,-1.3955522775650024
4233,7,-1.2511663436889648
4234,6,-1.336331844329834
4235,6,-1.3325748443603516
4236,7,-1.2815349102020264
4237,9,-1.0430448055267334
4238,6,-1.3825242519378662
4239,6,-1.3282755613327026
4240,5,-1.4923820495605469
4241,6,-1.3783719539642334
4242,6,-1.3388934135437012
4243,6,-1.3782755136489868
4244,12,-0.773675799369812
4245,5,-1.502103328704834
4246,5,-1.5090923309326172
4247,9,-1.0517852306365967
4248,7,-1.2176063060760498
4249,5,-1.4871586561203003
4250,6,-1.3338565826416016
4251,6,-1.3430039882659912
4252,4,-1.6045602560043335
4253,6,-1.378394603729248
4254,13,-0.5559514760971069
4255,8,-1.1928369998931885
4256,6,-1.3896805047988892
4257,7,-1.295533537864685
4258,6,-1.4160165786743164
4259,6,-1.4132611751556396
4260,6,-1.3926165103912354
4261,5,-1.4697198867797852
4262,6,-1.3504219055175781
4263,20,0.17418771982192993
4264,5,-1.4931281805038452
4265,6,-1.3535451889038086
4266,5,-1.4945709705352783
4267,6,-1.3606982231140137
4268,6,-1.3219987154006958
4269,7,-1.297882080078125
4270,6,-1.3379780054092407
4271,6,-1.362094759941101
4272,7,-1.2337381839752197
4273,5,-1.4860615730285645
4274,8,-1.177952766418457
4275,7,-1.3183982372283936
4276,5,-1.4976656436920166
4277,9,-1.0618904829025269
4278,5,-1.4998630285263062
4279,7,-1.2495731115341187
4280,6,-1.4070947170257568
4281,5,-1.5103380680084229
4282,7,-1.2762269973754883
4283,7,-1.2465877532958984
4284,8,-1.1883878707885742
4285,7,-1.2547523975372314
4286,13,-0.5960665345191956
4287,6,-1.4001719951629639
4288,8,-1.167763590812683
4289,5,-1.5087544918060303
4290,6,-1.3852689266204834
4291,9,-1.0813523530960083
4292,8,-1.1622486114501953
4293,8,-1.1522194147109985
4294,15,-0.4035830497741699
4295,14,-0.5263655185699463
4296,6,-1.3213400840759277
4297,5,-1.4715155363082886
4298,6,-1.368420124053955
4299,8,-1.2113946676254272
4300,6,-1.3741674423217773
4301,6,-1.368403434753418
4302,12,-0.7065256237983704
4303,7,-1.317805290222168
4304,6,-1.3862450122833252
4305,5,-1.4575955867767334
4306,6,-1.3389239311218262
4307,6,-1.328927755355835
4308,8,-1.191737174987793
4309,12,-0.6723580956459045
4310,6,-1.3780789375305176
4311,7,-1.258615255355835
4312,5,-1.5112924575805664
4313,8,-1.105578899383545
4314,7,-1.3175106048583984
4315,11,-0.880242645740509
4316,19,0.13212686777114868
4317,5,-1.4679312705993652
4318,5,-1.4840644598007202
4319,5,-1.4790949821472168
4320,7,-1.2997312545776367
4321,3,-1.6516435146331787
4322,8,-1.155346393585205
4323,5,-1.4765279293060303
4324,7,-1.287058711051941
4325,9,-1.0501494407653809
4326,8,-1.1463675498962402
4327,5,-1.4775656461715698
4328,9,-1.0448672771453857
4329,6,-1.3349683284759521
4330,8,-1.1473804712295532
4331,8,-1.10538649559021
4332,14,-0.5146860480308533
4333,6,-1.3554809093475342
4334,5,-1.463160514831543
4335,8,-1.12894868850708
4336,7,-1.2325891256332397
4337,8,-1.1670283079147339
4338,5,-1.4891142845153809
4339,8,-1.1429388523101807
4340,14,-0.4749303460121155
4341,8,-1.2069882154464722
4342,5,-1.4421167373657227
4343,8,-1.1696476936340332
4344,7,-1.30916166305542
4345,5,-1.4723340272903442
4346,6,-1.332197904586792
4347,5,-1.4714962244033813
4348,5,-1.4858355522155762
4349,6,-1.326615333557129
4350,6,-1.3737444877624512
4351,7,-1.314361572265625
4352,7,-1.2506085634231567
4353,5,-1.4776639938354492
4354,5,-1.5060499906539917
4355,6,-1.3324476480484009
4356,4,-1.6262028217315674
4357,7,-1.2191505432128906
4358,7,-1.217294454574585
4359,6,-1.3506518602371216
4360,6,-1.3797688484191895
4361,6,-1.3986217975616455
4362,5,-1.4997694492340088
4363,9,-1.0513726472854614
4364,9,-1.0606483221054077
4365,6,-1.3341144323349
4366,8,-1.193880558013916
4367,8,-1.2093911170959473
4368,6,-1.3451178073883057
4369,6,-1.3495380878448486
4370,7,-1.2623264789581299
4371,5,-1.4766173362731934
4372,14,-0.5099404454231262
4373,10,-0.9580504298210144
4374,6,-1.360831379890442
4375,8,-1.2027764320373535
4376,5,-1.5127768516540527
4377,8,-1.1423430442810059
4378,6,-1.3687233924865723
4379,5,-1.4650132656097412
4380,14,-0.4921736419200897
4381,5,-1.4799751043319702
4382,6,-1.3477246761322021
4383,6,-1.37308669090271
4384,7,-1.2676551342010498
4385,6,-1.3819756507873535
4386,5,-1.4759151935577393
4387,7,-1.303357481956482
4388,7,-1.2936749458312988
4389,6,-1.3363018035888672
4390,8,-1.1984434127807617
4391,8,-1.2023541927337646
4392,8,-1.1910626888275146
4393,5,-1.475315809249878
4394,20,0.1818469762802124
4395,5,-1.430098056793213
4396,8,-1.1388229131698608
4397,6,-1.3463001251220703
4398,9,-1.0747418403625488
4399,3,-1.7264196872711182
4400,5,-1.4495809078216553
4401,5,-1.4523231983184814
4402,8,-1.134739637374878
4403,8,-1.1510761976242065
4404,7,-1.2360167503356934
4405,5,-1.4968318939208984
4406,5,-1.451033115386963
4407,9,-1.1004912853240967
4408,7,-1.2792484760284424
4409,7,-1.302159309387207
4410,5,-1.4489936828613281
4411,5,-1.461155652999878
4412,8,-1.133601188659668
4413,5,-1.455288052558899
4414,6,-1.3303520679473877
4415,7,-1.3168836832046509
4416,5,-1.463963270187378
4417,18,0.041379451751708984
4418,6,-1.3312151432037354
4419,5,-1.4348479509353638
4420,13,-0.6450631618499756
4421,6,-1.3328832387924194
4422,8,-1.155117154121399
4423,10,-0.9939385652542114
4424,5,-1.4558258056640625
4425,8,-1.1475645303726196
4426,5,-1.4494218826293945
4427,5,-1.460845947265625
4428,8,-1.2063809633255005
4429,5,-1.4845129251480103
4430,16,-0.18667826056480408
4431,6,-1.392487645149231
4432,5,-1.472156047821045
4433,6,-1.3213119506835938
4434,6,-1.359128713607788
4435,5,-1.4632620811462402
4436,12,-0.6635766625404358
4437,6,-1.3513484001159668
4438,6,-1.3373340368270874
4439,7,-1.2706396579742432
4440,6,-1.3236000537872314
4441,6,-1.3361480236053467
4442,6,-1.3836543560028076
4443,12,-0.6624389886856079
4444,5,-1.4537283182144165
4445,6,-1.341322898864746
4446,5,-1.4512908458709717
4447,8,-1.155142068862915
4448,10,-0.9356611967086792
4449,7,-1.2686855792999268
4450,19,0.061096131801605225
4451,7,-1.250070571899414
4452,10,-0.8960278034210205
4453,23,0.5591267347335815
4454,8,-1.1598150730133057
4455,7,-1.2283172607421875
4456,7,-1.228588581085205
4457,6,-1.3271117210388184
4458,7,-1.3012397289276123
4459,6,-1.3307323455810547
4460,12,-0.661869466304779
4461,16,-0.21143490076065063
4462,8,-1.1928715705871582
4463,5,-1.5165739059448242
4464,8,-1.2127189636230469
4465,5,-1.4442716836929321
4466,6,-1.351253628730774
4467,7,-1.3059406280517578
4468,7,-1.2975788116455078
4469,5,-1.457810878753662
4470,7,-1.2975369691848755
4471,7,-1.230128288269043
4472,5,-1.520165205001831
4473,8,-1.1093214750289917
4474,9,-1.0745904445648193
4475,6,-1.3310675621032715
4476,7,-1.225748062133789
4477,8,-1.1562166213989258
4478,9,-1.0447301864624023
4479,6,-1.350295066833496
4480,7,-1.2718247175216675
4481,7,-1.2594833374023438
4482,7,-1.3127846717834473
4483,5,-1.429688811302185
4484,12,-0.7445350289344788
4485,7,-1.249483585357666
4486,5,-1.4654827117919922
4487,5,-1.4620335102081299
4488,6,-1.342902660369873
4489,6,-1.3351175785064697
4490,7,-1.2188506126403809
4491,9,-1.012798547744751
4492,5,-1.4571824073791504
4493,8,-1.186891794204712
4494,7,-1.277244210243225
4495,7,-1.2888165712356567
4496,5,-1.4601247310638428
4497,7,-1.2835400104522705
4498,6,-1.3466463088989258
4499,7,-1.303713321685791
4500,5,-1.4713174104690552
4501,5,-1.4505137205123901
4502,8,-1.1377596855163574
4503,7,-1.280337929725647
4504,6,-1.3282148838043213
4505,9,-1.0580142736434937
4506,7,-1.2732453346252441
4507,9,-1.0142093896865845
4508,7,-1.3190886974334717
4509,6,-1.3454515933990479
4510,7,-1.2829666137695312
4511,9,-0.995737612247467
4512,9,-1.0433590412139893
4513,7,-1.2842772006988525
4514,7,-1.2788630723953247
4515,7,-1.3001459836959839
4516,6,-1.3566148281097412
4517,9,-1.0284810066223145
4518,6,-1.3357869386672974
4519,7,-1.2877877950668335
4520,8,-1.1187033653259277
4521,7,-1.2896677255630493
4522,7,-1.3155879974365234
4523,8,-1.201686143875122
4524,6,-1.3259315490722656
4525,6,-1.4243253469467163
4526,8,-1.1315319538116455
4527,6,-1.354762315750122
4528,6,-1.3400235176086426
4529,9,-1.099887490272522
4530,7,-1.3171154260635376
4531,7,-1.3124423027038574
4532,8,-1.1483311653137207
4533,7,-1.317132830619812
4534,5,-1.4294987916946411
4535,18,-0.024980127811431885
4536,5,-1.4715421199798584
4537,6,-1.3331904411315918
4538,7,-1.2941148281097412
4539,7,-1.2594512701034546
4540,5,-1.464550495147705
4541,6,-1.3499219417572021
4542,7,-1.300437569618225
4543,7,-1.2272312641143799
4544,6,-1.3463032245635986
4545,7,-1.3187952041625977
4546,6,-1.420047640800476
4547,6,-1.3208202123641968
4548,7,-1.305507779121399
4549,7,-1.2910878658294678
4550,7,-1.3136398792266846
4551,6,-1.326024055480957
4552,6,-1.3240745067596436
4553,8,-1.1906814575195312
4554,8,-1.1704986095428467
4555,6,-1.3298134803771973
4556,7,-1.317383050918579
4557,5,-1.4484812021255493
4558,7,-1.3140976428985596
4559,7,-1.284564733505249
4560,6,-1.3313236236572266
4561,15,-0.33912578225135803
4562,9,-1.064647912979126
4563,7,-1.2878975868225098
4564,8,-1.2028937339782715
4565,7,-1.2968106269836426
4566,4,-1.5848709344863892
4567,14,-0.47318363189697266
4568,5,-1.4762742519378662
4569,10,-0.9479786157608032
4570,13,-0.6542278528213501
4571,6,-1.3241968154907227
4572,7,-1.296011209487915
4573,8,-1.181018590927124
4574,5,-1.4513596296310425
4575,9,-1.0547611713409424
4576,7,-1.3051693439483643
4577,5,-1.4453620910644531
4578,7,-1.3194878101348877
4579,6,-1.326631784439087
4580,6,-1.3361241817474365
4581,9,-1.0703744888305664
4582,6,-1.3631936311721802
4583,6,-1.426121473312378
4584,3,-1.6533465385437012
4585,9,-1.0048902034759521
4586,9,-1.0752699375152588
4587,5,-1.4839996099472046
4588,6,-1.337230920791626
4589,7,-1.2824954986572266
4590,10,-0.9525911808013916
4591,5,-1.4558297395706177
4592,7,-1.2584373950958252
4593,6,-1.3488329648971558
4594,5,-1.4476306438446045
4595,7,-1.2883377075195312
4596,7,-1.2899746894836426
4597,6,-1.3329658508300781
4598,9,-1.0286753177642822
4599,7,-1.308419108390808
4600,8,-1.167188048362732
4601,8,-1.1512975692749023
4602,9,-1.058324933052063
4603,5,-1.4830315113067627
4604,5,-1.4287564754486084
4605,13,-0.5974395871162415
4606,10,-0.9010242223739624
4607,5,-1.4807465076446533
4608,8,-1.1134998798370361
4609,11,-0.8287071585655212
4610,7,-1.3071222305297852
4611,11,-0.835125744342804
4612,8,-1.200446605682373
4613,7,-1.254288673400879
4614,6,-1.3910458087921143
4615,7,-1.2761569023132324
4616,7,-1.2859965562820435
4617,6,-1.4202548265457153
4618,5,-1.4943866729736328
4619,6,-1.4182360172271729
4620,7,-1.3114179372787476
4621,7,-1.3178791999816895
4622,24,0.7397775650024414
4623,7,-1.2922906875610352
4624,3,-1.680685043334961
4625,6,-1.3464828729629517
4626,8,-1.1377288103103638
4627,9,-1.0529042482376099
4628,6,-1.329986572265625
4629,5,-1.4328241348266602
4630,7,-1.2961349487304688
4631,7,-1.280834674835205
4632,14,-0.4588412940502167
4633,7,-1.2302076816558838
4634,7,-1.265115737915039
4635,7,-1.2615060806274414
4636,6,-1.4047729969024658
4637,9,-1.0899131298065186
4638,9,-1.0489256381988525
4639,17,-0.1073499321937561
4640,9,-1.0319910049438477
4641,6,-1.3211948871612549
4642,7,-1.244086742401123
4643,6,-1.417847752571106
4644,6,-1.414604902267456
4645,7,-1.3091273307800293
4646,7,-1.3145167827606201
4647,7,-1.276658296585083
4648,5,-1.4342477321624756
4649,7,-1.291424036026001
4650,8,-1.1073720455169678
4651,9,-1.1030185222625732
4652,7,-1.3121353387832642
4653,5,-1.4305341243743896
4654,8,-1.1166296005249023
4655,9,-1.0656691789627075
4656,19,0.1411813497543335
4657,7,-1.293555498123169
4658,16,-0.3057903051376343
4659,8,-1.149397373199463
4660,7,-1.2837092876434326
4661,5,-1.5328845977783203
4662,6,-1.3483777046203613
4663,6,-1.4060230255126953
4664,6,-1.3254194259643555
4665,9,-1.104014277458191
4666,5,-1.4435420036315918
4667,5,-1.4512957334518433
4668,7,-1.2753393650054932
4669,5,-1.4266777038574219
4670,8,-1.109650731086731
4671,8,-1.1452360153198242
4672,10,-0.9844139814376831
4673,5,-1.4466843605041504
4674,7,-1.2838646173477173
4675,7,-1.3169270753860474
4676,9,-1.0924478769302368
4677,9,-1.0111156702041626
4678,5,-1.4365885257720947
4679,5,-1.4466254711151123
4680,6,-1.4097330570220947
4681,7,-1.2581759691238403
4682,7,-1.3183603286743164
4683,7,-1.3155817985534668
4684,17,-0.12616300582885742
4685,6,-1.3277392387390137
4686,7,-1.319390058517456
4687,6,-1.421544075012207
4688,5,-1.4306905269622803
4689,6,-1.3247097730636597
4690,6,-1.4082646369934082
4691,6,-1.356799840927124
4692,8,-1.1241638660430908
4693,7,-1.256028175354004
4694,6,-1.4220736026763916
4695,6,-1.323235034942627
4696,7,-1.278458833694458
4697,9,-1.0052263736724854
4698,7,-1.2733349800109863
4699,8,-1.1244838237762451
4700,6,-1.3259222507476807
4701,5,-1.4264063835144043
4702,8,-1.2036383152008057
4703,7,-1.2608420848846436
4704,7,-1.2901997566223145
4705,8,-1.1456385850906372
4706,5,-1.4286154508590698
4707,7,-1.2954120635986328
4708,6,-1.405163049697876
4709,7,-1.229712963104248
4710,8,-1.1111137866973877
4711,7,-1.2581641674041748
4712,11,-0.8709801435470581
4713,6,-1.3681504726409912
4714,10,-0.8877626657485962
4715,7,-1.2779910564422607
4716,7,-1.26885986328125
4717,7,-1.2579751014709473
4718,6,-1.3934470415115356
4719,6,-1.4175589084625244
4720,7,-1.3131448030471802
4721,7,-1.2657538652420044
4722,7,-1.255092740058899
4723,6,-1.4025132656097412
4724,5,-1.4334747791290283
4725,8,-1.197515845298767
4726,7,-1.3101917505264282
4727,9,-1.004728078842163
4728,9,-1.0985231399536133
4729,8,-1.168422818183899
4730,9,-1.0121519565582275
4731,7,-1.2835571765899658
4732,7,-1.221625566482544
4733,14,-0.5332128405570984
4734,9,-1.0960274934768677
4735,7,-1.2504072189331055
4736,7,-1.2939879894256592
4737,9,-1.0566257238388062
4738,7,-1.2699774503707886
4739,8,-1.1597436666488647
4740,8,-1.175201416015625
4741,7,-1.2583072185516357
4742,7,-1.2554799318313599
4743,9,-1.0347203016281128
4744,7,-1.2732404470443726
4745,9,-1.0730679035186768
4746,9,-1.002621054649353
4747,9,-1.0531010627746582
4748,7,-1.3117003440856934
4749,6,-1.3301419019699097
4750,8,-1.1981844902038574
4751,12,-0.7421077489852905
4752,8,-1.1092890501022339
4753,7,-1.262575387954712
4754,7,-1.286555290222168
4755,5,-1.4561028480529785
4756,9,-1.0863451957702637
4757,17,-0.1367563009262085
4758,8,-1.1984384059906006
4759,6,-1.420637845993042
4760,9,-1.0867539644241333
4761,14,-0.5382167100906372
4762,13,-0.5778147578239441
4763,9,-1.0439186096191406
4764,6,-1.3434288501739502
4765,7,-1.3134796619415283
4766,7,-1.228908896446228
4767,9,-1.0491803884506226
4768,8,-1.114485502243042
4769,7,-1.283296823501587
4770,6,-1.4140679836273193
4771,7,-1.286750078201294
4772,8,-1.17561936378479
4773,8,-1.1389696598052979
4774,9,-1.0732678174972534
4775,6,-1.4124736785888672
4776,8,-1.1988089084625244
4777,6,-1.4137771129608154
4778,25,0.9350180625915527
4779,6,-1.3334310054779053
4780,9,-1.0865775346755981
4781,9,-1.0586553812026978
4782,16,-0.24236857891082764
4783,6,-1.3862149715423584
4784,20,0.23145925998687744
4785,7,-1.2655034065246582
4786,7,-1.237548828125
4787,8,-1.1733022928237915
4788,4,-1.5886776447296143
4789,4,-1.5737285614013672
4790,7,-1.283766746520996
4791,17,-0.17758134007453918
4792,7,-1.2588261365890503
4793,8,-1.1430832147598267
4794,5,-1.438714623451233
4795,4,-1.5405949354171753
4796,6,-1.4229846000671387
4797,7,-1.2788878679275513
4798,11,-0.8361368775367737
4799,7,-1.2375364303588867
4800,7,-1.3001633882522583
4801,6,-1.3920190334320068
4802,13,-0.604279637336731
4803,7,-1.2526795864105225
4804,7,-1.232718825340271
4805,7,-1.25555419921875
4806,9,-1.1026337146759033
4807,7,-1.2689900398254395
4808,7,-1.2484617233276367
4809,7,-1.2938203811645508
4810,7,-1.2497613430023193
4811,8,-1.1695153713226318
4812,7,-1.23573899269104
4813,6,-1.4123661518096924
4814,9,-1.0337982177734375
4815,27,1.1497453451156616
4816,5,-1.4296599626541138
4817,8,-1.128985047340393
4818,7,-1.229835033416748
4819,9,-1.0687353610992432
4820,8,-1.1394789218902588
4821,6,-1.4140231609344482
4822,10,-0.9394869804382324
4823,7,-1.2247629165649414
4824,8,-1.1323840618133545
4825,6,-1.3976547718048096
4826,10,-0.9711672067642212
4827,6,-1.406984567642212
4828,6,-1.3832356929779053
4829,7,-1.2804243564605713
4830,22,0.5091010332107544
4831,7,-1.233911395072937
4832,8,-1.1155126094818115
4833,9,-1.0583611726760864
4834,20,0.19315987825393677
4835,6,-1.3982019424438477
4836,7,-1.2397878170013428
4837,9,-1.0528367757797241
4838,10,-0.9790489077568054
4839,7,-1.2836716175079346
4840,7,-1.3135409355163574
4841,5,-1.438779592514038
4842,7,-1.2545652389526367
4843,4,-1.5869462490081787
4844,7,-1.3037960529327393
4845,6,-1.3816860914230347
4846,7,-1.2679539918899536
4847,5,-1.4409325122833252
4848,7,-1.296064853668213
4849,7,-1.2369153499603271
4850,4,-1.5616340637207031
4851,9,-1.075594425201416
4852,6,-1.4045288562774658
4853,7,-1.223149061203003
4854,8,-1.1316947937011719
4855,7,-1.2376866340637207
4856,6,-1.3884491920471191
4857,9,-1.0674641132354736
4858,6,-1.4103251695632935
4859,7,-1.2418469190597534
4860,8,-1.1930992603302002
4861,6,-1.381699800491333
4862,9,-1.0792429447174072
4863,7,-1.2641011476516724
4864,18,-0.03421241044998169
4865,7,-1.2841633558273315
4866,7,-1.225996732711792
4867,6,-1.3914488554000854
4868,7,-1.2528287172317505
4869,7,-1.2763633728027344
4870,7,-1.2435860633850098
4871,7,-1.2650898694992065
4872,6,-1.3964101076126099
4873,7,-1.254499912261963
4874,9,-1.0250529050827026
4875,9,-1.0943470001220703
4876,6,-1.4096550941467285
4877,13,-0.6122169494628906
4878,8,-1.1961846351623535
4879,9,-1.0670745372772217
4880,7,-1.2476027011871338
4881,7,-1.2785117626190186
4882,20,0.23189711570739746
4883,7,-1.2188507318496704
4884,7,-1.3010530471801758
4885,8,-1.1381275653839111
4886,10,-0.9701635241508484
4887,8,-1.1519099473953247
4888,10,-0.9213749170303345
4889,7,-1.293342113494873
4890,6,-1.3858935832977295
4891,6,-1.4210655689239502
4892,7,-1.2174931764602661
4893,6,-1.3936042785644531
4894,10,-0.8988235592842102
4895,7,-1.2556384801864624
4896,8,-1.112576961517334
4897,7,-1.222715139389038
4898,9,-1.0506631135940552
4899,9,-1.0354948043823242
4900,6,-1.3668663501739502
4901,7,-1.2166366577148438
4902,14,-0.5292708873748779
4903,17,-0.13914161920547485
4904,8,-1.1948362588882446
4905,7,-1.2324590682983398
4906,20,0.2679014801979065
4907,6,-1.3851020336151123
4908,8,-1.1478650569915771
4909,9,-1.0979630947113037
4910,10,-0.9924114942550659
4911,8,-1.1626468896865845
4912,19,0.0956619381904602
4913,10,-0.9709573984146118
4914,27,1.097580909729004
4915,18,-0.012704968452453613
4916,6,-1.3682551383972168
4917,7,-1.2246726751327515
4918,10,-0.9212656021118164
4919,6,-1.3814904689788818
4920,11,-0.8496314287185669
4921,7,-1.249213457107544
4922,8,-1.1622908115386963
4923,6,-1.419419765472412
4924,8,-1.2020812034606934
4925,8,-1.1198254823684692
4926,6,-1.362223744392395
4927,6,-1.370401382446289
4928,8,-1.1362767219543457
4929,7,-1.2317193746566772
4930,10,-0.9438703060150146
4931,11,-0.8287248611450195
4932,9,-1.0651087760925293
4933,6,-1.3839385509490967
4934,6,-1.3783345222473145
4935,7,-1.291949987411499
4936,8,-1.1561391353607178
4937,8,-1.1247674226760864
4938,20,0.20157480239868164
4939,7,-1.2571215629577637
4940,8,-1.1242800951004028
4941,6,-1.3708727359771729
4942,8,-1.2046382427215576
4943,8,-1.2084825038909912
4944,22,0.43355727195739746
4945,9,-1.044278621673584
4946,4,-1.6338587999343872
4947,7,-1.2316734790802002
4948,6,-1.3926221132278442
4949,9,-1.0627288818359375
4950,6,-1.3838262557983398
4951,9,-1.0553492307662964
4952,14,-0.43237733840942383
4953,5,-1.42875337600708
4954,6,-1.3562867641448975
4955,23,0.5716010332107544
4956,6,-1.387453556060791
4957,8,-1.202800989151001
4958,6,-1.3750572204589844
4959,6,-1.3767778873443604
4960,7,-1.2411410808563232
4961,9,-1.075024127960205
4962,5,-1.4262917041778564
4963,7,-1.2543636560440063
4964,6,-1.4187320470809937
4965,7,-1.2354683876037598
4966,6,-1.3726179599761963
4967,10,-0.9303486943244934
4968,7,-1.2430862188339233
4969,7,-1.2549703121185303
4970,8,-1.2004613876342773
4971,6,-1.3761985301971436
4972,16,-0.29550379514694214
4973,8,-1.1228662729263306
4974,7,-1.2916052341461182
4975,7,-1.2511146068572998
4976,6,-1.3773431777954102
4977,6,-1.3725368976593018
4978,7,-1.2598686218261719
4979,7,-1.229837417602539
4980,7,-1.270298957824707
4981,4,-1.5464985370635986
4982,6,-1.3722652196884155
4983,6,-1.4236781597137451
4984,7,-1.223145604133606
4985,8,-1.1409645080566406
4986,8,-1.2103853225708008
4987,9,-1.0294921398162842
4988,9,-1.0411639213562012
4989,8,-1.151125192642212
4990,8,-1.2037646770477295
4991,6,-1.3828961849212646
4992,7,-1.2268531322479248
4993,7,-1.232603669166565
4994,6,-1.4167487621307373
4995,11,-0.8312317728996277
4996,7,-1.2836745977401733
4997,8,-1.1182752847671509
4998,6,-1.4048737287521362
4999,7,-1.2289780378341675
5000,6,-1.3567278385162354
5001,10,-0.9193984270095825
5002,6,-1.3427152633666992
5003,7,-1.2456140518188477
5004,12,-0.7107188701629639
5005,15,-0.4049733281135559
5006,6,-1.3664309978485107
5007,7,-1.218201756477356
5008,8,-1.1910972595214844
5009,9,-1.0960700511932373
5010,7,-1.2148139476776123
5011,8,-1.1230098009109497
5012,8,-1.1838390827178955
5013,6,-1.3750206232070923
5014,6,-1.3799467086791992
5015,6,-1.3847873210906982
5016,8,-1.1904089450836182
5017,7,-1.2315394878387451
5018,6,-1.3789583444595337
5019,6,-1.3809044361114502
5020,11,-0.8271300792694092
5021,8,-1.1923789978027344
5022,6,-1.369776725769043
5023,8,-1.2135379314422607
5024,8,-1.1561636924743652
5025,8,-1.1984527111053467
5026,8,-1.1504392623901367
5027,8,-1.2092616558074951
5028,8,-1.1533169746398926
5029,8,-1.2047114372253418
5030,6,-1.3595025539398193
5031,6,-1.3564503192901611
5032,6,-1.387200117111206
5033,9,-1.049292802810669
5034,6,-1.3570245504379272
5035,6,-1.376481056213379
5036,7,-1.2944321632385254
5037,11,-0.8674507141113281
5038,8,-1.2106837034225464
5039,10,-0.961888313293457
5040,20,0.26539701223373413
5041,18,-5.811452865600586e-05
5042,8,-1.109626054763794
5043,7,-1.2464704513549805
5044,14,-0.5015435218811035
5045,9,-1.0960156917572021
5046,8,-1.1905176639556885
5047,6,-1.4053341150283813
5048,6,-1.3703887462615967
5049,9,-0.995753288269043
5050,7,-1.2352125644683838
5051,6,-1.3746424913406372
5052,12,-0.7108467221260071
5053,9,-1.081649661064148
5054,22,0.48121654987335205
5055,6,-1.3708868026733398
5056,8,-1.213196039199829
5057,7,-1.2257397174835205
5058,7,-1.2236711978912354
5059,6,-1.3759044408798218
5060,8,-1.2054121494293213
5061,8,-1.2097350358963013
5062,6,-1.3712997436523438
5063,8,-1.195333480834961
5064,11,-0.8442788124084473
5065,7,-1.2694671154022217
5066,25,0.9045425653457642
5067,8,-1.1059505939483643
5068,8,-1.1133973598480225
5069,10,-0.9848461151123047
5070,12,-0.7620949149131775
5071,20,0.268552303314209
5072,8,-1.1903196573257446
5073,6,-1.3962492942810059
5074,7,-1.2404685020446777
5075,6,-1.3819682598114014
5076,9,-1.0519568920135498
5077,6,-1.359962821006775
5078,8,-1.2033843994140625
5079,7,-1.2478446960449219
5080,8,-1.1891908645629883
5081,7,-1.229216456413269
5082,7,-1.2225885391235352
5083,5,-1.452103614807129
5084,7,-1.2533174753189087
5085,7,-1.2180068492889404
5086,8,-1.18241286277771
5087,14,-0.48774170875549316
5088,6,-1.3423316478729248
5089,8,-1.1926854848861694
5090,22,0.5286084413528442
5091,7,-1.2569239139556885
5092,8,-1.1656863689422607
5093,15,-0.37610483169555664
5094,6,-1.3659025430679321
5095,9,-0.9956939220428467
5096,9,-1.0308483839035034
5097,20,0.289592981338501
5098,7,-1.2172341346740723
5099,6,-1.3376301527023315
5100,7,-1.224415898323059
5101,8,-1.1987287998199463
5102,8,-1.1601688861846924
5103,7,-1.3194243907928467
5104,7,-1.3178236484527588
5105,8,-1.2069356441497803
5106,6,-1.3565782308578491
5107,7,-1.2171993255615234
5108,9,-0.9958913326263428
5109,6,-1.3519837856292725
5110,19,0.1395542025566101
5111,17,-0.11614835262298584
5112,9,-1.0875511169433594
5113,8,-1.1817312240600586
5114,6,-1.3655973672866821
5115,6,-1.384291410446167
5116,6,-1.3524012565612793
5117,8,-1.1899752616882324
5118,7,-1.2798371315002441
5119,8,-1.1742210388183594
5120,7,-1.2314119338989258
5121,6,-1.3559014797210693
5122,6,-1.3390109539031982
5123,8,-1.165402889251709
5124,6,-1.343747615814209
5125,7,-1.2670356035232544
5126,7,-1.2937418222427368
5127,8,-1.1873548030853271
5128,6,-1.424774408340454
5129,8,-1.202047348022461
5130,8,-1.199815034866333
5131,6,-1.327857494354248
5132,6,-1.3482533693313599
5133,8,-1.175255537033081
5134,9,-1.0929429531097412
5135,10,-0.960625410079956
5136,9,-1.0715923309326172
5137,6,-1.3516830205917358
5138,10,-0.9728356599807739
5139,8,-1.145992636680603
5140,9,-1.0059781074523926
5141,9,-1.0722111463546753
5142,24,0.7791188955307007
5143,9,-1.0523241758346558
5144,9,-1.0417664051055908
5145,10,-0.9556435346603394
5146,10,-0.9654337167739868
5147,6,-1.3308311700820923
5148,9,-1.1006977558135986
5149,8,-1.2034051418304443
5150,8,-1.175156831741333
5151,6,-1.3386814594268799
5152,8,-1.202391505241394
5153,10,-0.9783204197883606
5154,8,-1.1789591312408447
5155,6,-1.3773480653762817
5156,8,-1.1278733015060425
5157,6,-1.3493508100509644
5158,7,-1.2201910018920898
5159,25,0.8306097984313965
5160,7,-1.218815803527832
5161,9,-1.0701799392700195
5162,8,-1.1934022903442383
5163,9,-1.0065135955810547
5164,11,-0.8663699626922607
5165,6,-1.3770450353622437
5166,8,-1.1910649538040161
5167,8,-1.1673221588134766
5168,9,-1.0524762868881226
5169,6,-1.3921295404434204
5170,8,-1.2096836566925049
5171,8,-1.2089452743530273
5172,10,-0.9561721086502075
5173,7,-1.2505710124969482
5174,10,-0.9880800247192383
5175,10,-0.9919418096542358
5176,7,-1.221978783607483
5177,9,-1.1016942262649536
5178,6,-1.351274013519287
5179,19,0.11794638633728027
5180,7,-1.221091866493225
5181,8,-1.1818523406982422
5182,7,-1.2360467910766602
5183,8,-1.1666014194488525
5184,8,-1.1193487644195557
5185,6,-1.3413348197937012
5186,9,-1.0837076902389526
5187,9,-1.078453540802002
5188,8,-1.2035393714904785
5189,8,-1.11867094039917
5190,8,-1.119025468826294
5191,9,-1.0601118803024292
5192,6,-1.3921234607696533
5193,7,-1.2148029804229736
5194,6,-1.3682024478912354
5195,26,1.0309892892837524
5196,8,-1.1521432399749756
5197,8,-1.1854944229125977
5198,8,-1.1069283485412598
5199,6,-1.3504126071929932
5200,6,-1.3604512214660645
5201,6,-1.3389393091201782
5202,6,-1.3626201152801514
5203,7,-1.2259700298309326
5204,9,-0.9961268901824951
5205,8,-1.1988601684570312
5206,6,-1.3458889722824097
5207,7,-1.3132805824279785
5208,10,-0.9273847341537476
5209,8,-1.1890215873718262
5210,7,-1.3156496286392212
5211,10,-0.9328221082687378
5212,8,-1.1159330606460571
5213,8,-1.165784239768982
5214,12,-0.6714630126953125
5215,10,-0.9433794617652893
5216,8,-1.2008649110794067
5217,11,-0.7855902314186096
5218,8,-1.1960911750793457
5219,8,-1.1415011882781982
5220,8,-1.1824939250946045
5221,6,-1.3354904651641846
5222,8,-1.1364449262619019
5223,10,-0.9718105792999268
5224,8,-1.146910548210144
5225,8,-1.186277151107788
5226,8,-1.1851751804351807
5227,6,-1.3374769687652588
5228,8,-1.1816654205322266
5229,8,-1.1695863008499146
5230,6,-1.3729135990142822
5231,9,-1.0696626901626587
5232,6,-1.3402891159057617
5233,10,-0.915589451789856
5234,8,-1.2077856063842773
5235,8,-1.1433510780334473
5236,8,-1.1939380168914795
5237,10,-0.9697664976119995
5238,8,-1.1611188650131226
5239,8,-1.147214412689209
5240,6,-1.3404179811477661
5241,8,-1.2002322673797607
5242,8,-1.1104779243469238
5243,6,-1.3255128860473633
5244,10,-0.9850776195526123
5245,8,-1.1633679866790771
5246,10,-0.958823025226593
5247,6,-1.334831714630127
5248,6,-1.3352479934692383
5249,8,-1.1808698177337646
5250,9,-1.010648488998413
5251,6,-1.353942632675171
5252,8,-1.1708669662475586
5253,6,-1.3235660791397095
5254,9,-1.067047119140625
5255,6,-1.3656805753707886
5256,7,-1.2139334678649902
5257,4,-1.5826976299285889
5258,6,-1.3581788539886475
5259,6,-1.354205846786499
5260,7,-1.2363336086273193
5261,5,-1.485365390777588
5262,8,-1.208120584487915
5263,8,-1.1945922374725342
5264,20,0.23624247312545776
5265,6,-1.3260353803634644
5266,6,-1.3392715454101562
5267,9,-1.0998573303222656
5268,10,-0.892413318157196
5269,23,0.6482490301132202
5270,10,-0.9173794388771057
5271,8,-1.1951696872711182
5272,9,-1.0372092723846436
5273,9,-1.0227611064910889
5274,9,-1.0144273042678833
5275,16,-0.2297704517841339
5276,6,-1.3226318359375
5277,8,-1.1546398401260376
5278,8,-1.2019312381744385
5279,8,-1.2073837518692017
5280,8,-1.114594578742981
5281,6,-1.408728003501892
5282,8,-1.1610419750213623
5283,9,-1.016049861907959
5284,11,-0.8503854870796204
5285,10,-0.9181292057037354
5286,10,-0.8821375966072083
5287,8,-1.1355394124984741
5288,7,-1.3155090808868408
5289,15,-0.32203787565231323
5290,7,-1.3163256645202637
5291,6,-1.3497090339660645
5292,6,-1.3406428098678589
5293,8,-1.1658515930175781
5294,17,-0.12407928705215454
5295,8,-1.1574182510375977
5296,9,-1.0301809310913086
5297,9,-1.0556418895721436
5298,8,-1.1756848096847534
5299,8,-1.1295603513717651
5300,8,-1.1886274814605713
5301,8,-1.1701476573944092
5302,10,-0.9650969505310059
5303,9,-1.097633957862854
5304,6,-1.3294322490692139
5305,8,-1.1814491748809814
5306,8,-1.1942367553710938
5307,6,-1.334536075592041
5308,6,-1.3388404846191406
5309,8,-1.1431357860565186
5310,8,-1.1934151649475098
5311,20,0.22240936756134033
5312,6,-1.332184076309204
5313,6,-1.3380215167999268
5314,8,-1.2024681568145752
5315,4,-1.572681188583374
5316,18,-0.013435125350952148
5317,20,0.28380411863327026
5318,7,-1.2975609302520752
5319,8,-1.1529426574707031
5320,8,-1.1821262836456299
5321,10,-0.9217718839645386
5322,9,-0.998092532157898
5323,10,-0.8950324058532715
5324,7,-1.3124353885650635
5325,10,-0.9054262638092041
5326,7,-1.3155159950256348
5327,8,-1.1685998439788818
5328,8,-1.1170039176940918
5329,6,-1.3800957202911377
5330,6,-1.3262286186218262
5331,10,-0.98272705078125
5332,6,-1.3427958488464355
5333,9,-1.0719181299209595
5334,7,-1.2849764823913574
5335,6,-1.3270914554595947
5336,7,-1.2919931411743164
5337,8,-1.1604254245758057
5338,10,-0.9486634135246277
5339,10,-0.9427037239074707
5340,11,-0.7974758148193359
5341,15,-0.4076981544494629
5342,10,-0.8937731385231018
5343,7,-1.3186379671096802
5344,8,-1.1570544242858887
5345,8,-1.1397608518600464
5346,8,-1.1453869342803955
5347,6,-1.339555263519287
5348,17,-0.0838046669960022
5349,7,-1.3122913837432861
5350,10,-0.980950117111206
5351,8,-1.1519612073898315
5352,8,-1.1760354042053223
5353,8,-1.1352777481079102
5354,4,-1.5693614482879639
5355,10,-0.9023663997650146
5356,6,-1.3341124057769775
5357,8,-1.1798601150512695
5358,11,-0.8746017813682556
5359,8,-1.162630558013916
5360,9,-1.01711905002594
5361,8,-1.151016354560852
5362,8,-1.1716258525848389
5363,9,-1.0654096603393555
5364,6,-1.3459484577178955
5365,6,-1.322823405265808
5366,9,-1.0150352716445923
5367,6,-1.3264095783233643
5368,8,-1.1366143226623535
5369,10,-0.9144883155822754
5370,11,-0.841649055480957
5371,12,-0.7645211219787598
5372,10,-0.9878257513046265
5373,10,-0.9038276672363281
5374,8,-1.1594533920288086
5375,11,-0.7983658313751221
5376,8,-1.1538515090942383
5377,8,-1.1697578430175781
5378,9,-1.088819146156311
5379,7,-1.2998499870300293
5380,9,-1.013859510421753
5381,6,-1.3270022869110107
5382,8,-1.1712262630462646
5383,10,-0.9549240469932556
5384,8,-1.175218939781189
5385,8,-1.1415153741836548
5386,6,-1.3243145942687988
5387,8,-1.1391018629074097
5388,8,-1.1386075019836426
5389,7,-1.2898826599121094
5390,10,-0.8923998475074768
5391,8,-1.1342878341674805
5392,8,-1.1350703239440918
5393,10,-0.9559001326560974
5394,7,-1.2570658922195435
5395,6,-1.3504834175109863
5396,8,-1.1461392641067505
5397,8,-1.122408390045166
5398,8,-1.1545495986938477
5399,11,-0.8034654259681702
5400,6,-1.3244030475616455
5401,20,0.18234044313430786
5402,10,-0.9515898823738098
5403,10,-0.9258420467376709
5404,11,-0.8074021935462952
5405,8,-1.1551131010055542
5406,9,-1.101289987564087
5407,8,-1.1755229234695435
5408,8,-1.1395528316497803
5409,8,-1.1807811260223389
5410,12,-0.733545184135437
5411,11,-0.8415899276733398
5412,6,-1.3357034921646118
5413,7,-1.262567400932312
5414,7,-1.2941551208496094
5415,8,-1.1528668403625488
5416,7,-1.3019784688949585
5417,9,-1.0946370363235474
5418,7,-1.3081592321395874
5419,8,-1.1392894983291626
5420,7,-1.3037203550338745
5421,7,-1.2934919595718384
5422,8,-1.1235525608062744
5423,8,-1.182325839996338
5424,7,-1.2824406623840332
5425,11,-0.8778060674667358
5426,7,-1.3099124431610107
5427,6,-1.32877516746521
5428,8,-1.1258035898208618
5429,8,-1.1575547456741333
5430,7,-1.277907371520996
5431,8,-1.2039618492126465
5432,11,-0.8680732846260071
5433,8,-1.11844801902771
5434,8,-1.1361420154571533
5435,7,-1.2998054027557373
5436,8,-1.154510736465454
5437,9,-1.0515882968902588
5438,8,-1.1436512470245361
5439,14,-0.5370267629623413
5440,9,-1.0440038442611694
5441,8,-1.143642783164978
5442,9,-1.0481464862823486
5443,7,-1.3073993921279907
5444,10,-0.9237208366394043
5445,8,-1.1650943756103516
5446,10,-0.9816210269927979
5447,8,-1.1620694398880005
5448,12,-0.7673793435096741
5449,7,-1.3148305416107178
5450,7,-1.299370288848877
5451,11,-0.8547484278678894
5452,7,-1.3015646934509277
5453,23,0.6572109460830688
5454,3,-1.7028568983078003
5455,8,-1.145960807800293
5456,11,-0.8277533054351807
5457,6,-1.3231990337371826
5458,9,-1.0852627754211426
5459,7,-1.2924998998641968
5460,7,-1.2905235290527344
5461,10,-0.9590213894844055
5462,17,-0.13128745555877686
5463,13,-0.5923356413841248
5464,8,-1.1680033206939697
5465,8,-1.1383978128433228
5466,7,-1.286567211151123
5467,10,-0.9481117725372314
5468,7,-1.2945733070373535
5469,7,-1.2694623470306396
5470,7,-1.3016304969787598
5471,5,-1.473034143447876
5472,13,-0.6166821122169495
5473,7,-1.282047986984253
5474,10,-0.9065898656845093
5475,8,-1.1280817985534668
5476,10,-0.8962763547897339
5477,7,-1.314824104309082
5478,7,-1.3064289093017578
5479,7,-1.2884750366210938
5480,10,-0.926089882850647
5481,10,-0.9223003387451172
5482,8,-1.146938681602478
5483,8,-1.156625509262085
5484,8,-1.1270217895507812
5485,10,-0.9314053058624268
5486,8,-1.132069706916809
5487,8,-1.1546422243118286
5488,6,-1.3395776748657227
5489,7,-1.2826921939849854
5490,8,-1.2077383995056152
5491,9,-1.103003740310669
5492,8,-1.1754043102264404
5493,7,-1.3089767694473267
5494,8,-1.1679327487945557
5495,10,-0.9614039659500122
5496,8,-1.1870663166046143
5497,8,-1.1494910717010498
5498,11,-0.796694278717041
5499,10,-0.922318696975708
5500,6,-1.3281794786453247
5501,7,-1.2483892440795898
5502,11,-0.8767114877700806
5503,12,-0.7430242300033569
5504,9,-1.0001158714294434
5505,8,-1.1285666227340698
5506,10,-0.9878200888633728
5507,11,-0.8248888254165649
5508,7,-1.2858178615570068
5509,7,-1.2936489582061768
5510,8,-1.130399465560913
5511,11,-0.8718999028205872
5512,7,-1.248366117477417
5513,9,-1.058133840560913
5514,7,-1.291250228881836
5515,11,-0.8644734621047974
5516,8,-1.123401403427124
5517,7,-1.2656311988830566
5518,10,-0.8822227120399475
5519,11,-0.8615807294845581
5520,10,-0.9929133653640747
5521,10,-0.927686333656311
5522,9,-1.073970913887024
5523,8,-1.1271326541900635
5524,8,-1.1204620599746704
5525,7,-1.3073112964630127
5526,10,-0.9817461967468262
5527,9,-1.0193846225738525
5528,9,-1.0738675594329834
5529,9,-1.0860707759857178
5530,7,-1.29893958568573
5531,15,-0.3813106119632721
5532,7,-1.2869325876235962
5533,7,-1.2756508588790894
5534,10,-0.9005208611488342
5535,8,-1.136234998703003
5536,10,-0.9536352157592773
5537,9,-1.0159385204315186
5538,7,-1.2998270988464355
5539,7,-1.2831664085388184
5540,10,-0.9754921197891235
5541,8,-1.150510549545288
5542,9,-1.054856777191162
5543,8,-1.1655890941619873
5544,7,-1.2772631645202637
5545,22,0.4502185583114624
5546,7,-1.2985100746154785
5547,8,-1.1133568286895752
5548,7,-1.292146921157837
5549,7,-1.287896752357483
5550,8,-1.1094825267791748
5551,9,-1.0763548612594604
5552,9,-1.0374994277954102
5553,7,-1.2632249593734741
5554,8,-1.1044831275939941
5555,7,-1.271080732345581
5556,8,-1.1186139583587646
5557,9,-1.0780829191207886
5558,13,-0.639971137046814
5559,8,-1.1181803941726685
5560,7,-1.259381651878357
5561,10,-0.9754228591918945
5562,9,-1.0698363780975342
5563,7,-1.2962406873703003
5564,8,-1.1555593013763428
5565,6,-1.331801414489746
5566,16,-0.21974095702171326
5567,9,-1.0743799209594727
5568,7,-1.3133025169372559
5569,9,-1.0143119096755981
5570,11,-0.8358752727508545
5571,11,-0.8067730069160461
5572,10,-0.8918672204017639
5573,8,-1.117189884185791
5574,7,-1.287605881690979
5575,8,-1.1363952159881592
5576,7,-1.2763627767562866
5577,23,0.661347508430481
5578,10,-0.9688377976417542
5579,8,-1.1470422744750977
5580,9,-1.100455403327942
5581,11,-0.8637865781784058
5582,7,-1.2830607891082764
5583,22,0.4655247926712036
5584,9,-1.0716328620910645
5585,10,-0.9268523454666138
5586,8,-1.1865360736846924
5587,7,-1.2968156337738037
5588,7,-1.2588024139404297
5589,7,-1.286240816116333
5590,6,-1.3223977088928223
5591,5,-1.5315697193145752
5592,7,-1.280776858329773
5593,20,0.24489682912826538
5594,7,-1.2307746410369873
5595,10,-0.9604822993278503
5596,7,-1.2485789060592651
5597,7,-1.2873773574829102
5598,9,-1.0593550205230713
5599,9,-1.0821642875671387
5600,11,-0.7889716029167175
5601,6,-1.3227710723876953
5602,7,-1.2597543001174927
5603,7,-1.2709064483642578
5604,10,-0.9794183373451233
5605,10,-0.8888947367668152
5606,22,0.5465673208236694
5607,10,-0.9940357804298401
5608,6,-1.3214497566223145
5609,23,0.5612959861755371
5610,9,-1.0120058059692383
5611,7,-1.2614140510559082
5612,14,-0.4576793909072876
5613,8,-1.1226623058319092
5614,13,-0.6309820413589478
5615,7,-1.2968053817749023
5616,10,-0.9168449640274048
5617,9,-1.0960055589675903
5618,9,-1.079658031463623
5619,11,-0.7916516661643982
5620,9,-1.0370163917541504
5621,10,-0.8831228613853455
5622,7,-1.28097665309906
5623,7,-1.2726413011550903
5624,9,-1.0797175168991089
5625,3,-1.677107334136963
5626,9,-1.054046630859375
5627,10,-0.9612176418304443
5628,12,-0.7584231495857239
5629,8,-1.1073873043060303
5630,11,-0.8757320642471313
5631,7,-1.2602639198303223
5632,8,-1.1111425161361694
5633,14,-0.48706427216529846
5634,12,-0.7274699807167053
5635,8,-1.147905707359314
5636,10,-0.9626202583312988
5637,9,-1.090132474899292
5638,10,-0.9877352714538574
5639,19,0.14024966955184937
5640,9,-1.0137906074523926
5641,12,-0.7152658104896545
5642,9,-1.0478880405426025
5643,15,-0.3590523898601532
5644,8,-1.141621470451355
5645,8,-1.129634141921997
5646,12,-0.6620526909828186
5647,10,-0.8855496048927307
5648,7,-1.2871146202087402
5649,9,-1.0857897996902466
5650,8,-1.1522296667099
5651,10,-0.9064058065414429
5652,9,-1.0679821968078613
5653,8,-1.1537935733795166
5654,9,-1.0844007730484009
5655,7,-1.2713260650634766
5656,11,-0.8750249147415161
5657,8,-1.1544455289840698
5658,7,-1.247889757156372
5659,9,-1.032557487487793
5660,7,-1.2722477912902832
5661,9,-1.0771256685256958
5662,8,-1.1374948024749756
5663,18,0.023579299449920654
5664,7,-1.312403917312622
5665,8,-1.1335581541061401
5666,7,-1.2708078622817993
5667,7,-1.2693920135498047
5668,9,-1.0864200592041016
5669,13,-0.5647213459014893
5670,9,-1.0941658020019531
5671,10,-0.8933098316192627
5672,10,-0.9369378685951233
5673,9,-1.1002082824707031
5674,7,-1.2952346801757812
5675,12,-0.7604767680168152
5676,7,-1.282473087310791
5677,7,-1.2929670810699463
5678,11,-0.8760653734207153
5679,8,-1.1325637102127075
5680,10,-0.9870904684066772
5681,9,-1.0232298374176025
5682,11,-0.8750743269920349
5683,9,-1.0327343940734863
5684,7,-1.293539047241211
5685,10,-0.933071494102478
5686,11,-0.8644921779632568
5687,14,-0.46900123357772827
5688,15,-0.3858950138092041
5689,9,-1.0266876220703125
5690,8,-1.116969347000122
5691,11,-0.8757553100585938
5692,11,-0.8206603527069092
5693,16,-0.2794329524040222
5694,7,-1.2470479011535645
5695,7,-1.243807315826416
5696,7,-1.3181071281433105
5697,8,-1.1272075176239014
5698,8,-1.1579937934875488
5699,8,-1.1104710102081299
5700,8,-1.108709692955017
5701,9,-1.0807305574417114
5702,9,-1.0888209342956543
5703,10,-0.914913535118103
5704,8,-1.11090087890625
5705,10,-0.9031764268875122
5706,7,-1.257880449295044
5707,9,-1.0547106266021729
5708,9,-1.0948073863983154
5709,11,-0.8107134103775024
5710,7,-1.2609610557556152
5711,7,-1.3086938858032227
5712,9,-1.1042015552520752
5713,7,-1.268431544303894
5714,19,0.15904498100280762
5715,9,-1.0629578828811646
5716,9,-1.0807197093963623
5717,9,-1.0969760417938232
5718,10,-0.901719868183136
5719,8,-1.1146636009216309
5720,7,-1.278733730316162
5721,7,-1.2555326223373413
5722,7,-1.2621959447860718
5723,12,-0.7658113241195679
5724,11,-0.8102394342422485
5725,7,-1.2678208351135254
5726,9,-1.0662699937820435
5727,9,-1.1010632514953613
5728,10,-0.8902842998504639
5729,8,-1.115334391593933
5730,18,-0.007430732250213623
5731,12,-0.7393587231636047
5732,9,-1.020857810974121
5733,10,-0.9779176115989685
5734,10,-0.9255363941192627
5735,8,-1.1144381761550903
5736,9,-1.0593751668930054
5737,11,-0.8221185207366943
5738,9,-1.0796148777008057
5739,10,-0.8946505784988403
5740,7,-1.2690550088882446
5741,11,-0.8553051352500916
5742,7,-1.2660343647003174
5743,7,-1.2599728107452393
5744,9,-1.0861766338348389
5745,8,-1.1173293590545654
5746,9,-1.0615143775939941
5747,11,-0.8579493761062622
5748,11,-0.8077046275138855
5749,8,-1.1124666929244995
5750,9,-1.0360249280929565
5751,11,-0.8523665070533752
5752,10,-0.9294481873512268
5753,7,-1.2785725593566895
5754,7,-1.2572612762451172
5755,9,-1.0572187900543213
5756,23,0.62673020362854
5757,9,-1.0208574533462524
5758,7,-1.2628172636032104
5759,7,-1.2715535163879395
5760,9,-1.0918000936508179
5761,10,-0.9510462880134583
5762,18,-0.018818438053131104
5763,9,-1.0353580713272095
5764,7,-1.2483537197113037
5765,9,-1.0670140981674194
5766,7,-1.2623047828674316
5767,8,-1.115613341331482
5768,20,0.27059972286224365
5769,10,-0.9141263961791992
5770,9,-1.0978291034698486
5771,9,-1.0710281133651733
5772,9,-1.0785634517669678
5773,7,-1.2437610626220703
5774,9,-1.0291531085968018
5775,11,-0.7866119146347046
5776,13,-0.6011462807655334
5777,7,-1.2714910507202148
5778,11,-0.8790105581283569
5779,8,-1.116551160812378
5780,12,-0.707233726978302
5781,10,-0.9237971901893616
5782,7,-1.2388770580291748
5783,7,-1.2798261642456055
5784,7,-1.2742059230804443
5785,9,-1.052760124206543
5786,7,-1.2980210781097412
5787,10,-0.9813508987426758
5788,7,-1.2764253616333008
5789,9,-1.0919486284255981
5790,9,-1.0367642641067505
5791,10,-0.9371788501739502
5792,7,-1.272944450378418
5793,10,-0.9569782018661499
5794,8,-1.121577501296997
5795,8,-1.1069145202636719
5796,10,-0.8948481678962708
5797,10,-0.9505845308303833
5798,7,-1.2986538410186768
5799,8,-1.1164182424545288
5800,11,-0.8635530471801758
5801,7,-1.2250869274139404
5802,9,-1.0182273387908936
5803,7,-1.245162010192871
5804,7,-1.2459933757781982
5805,9,-1.0800483226776123
5806,9,-1.0157029628753662
5807,12,-0.7242327928543091
5808,9,-1.0199397802352905
5809,7,-1.2646291255950928
5810,10,-0.943415641784668
5811,9,-1.0721486806869507
5812,9,-1.0865510702133179
5813,9,-1.0954687595367432
5814,7,-1.2480417490005493
5815,9,-1.036747932434082
5816,11,-0.820824921131134
5817,25,0.872519850730896
5818,9,-1.0740036964416504
5819,7,-1.2329057455062866
5820,7,-1.229142189025879
5821,7,-1.2482084035873413
5822,7,-1.2266347408294678
5823,11,-0.8629953861236572
5824,9,-1.0171598196029663
5825,11,-0.8094742894172668
5826,11,-0.8102336525917053
5827,11,-0.8534790873527527
5828,9,-1.0196770429611206
5829,10,-0.9295905828475952
5830,7,-1.2445625066757202
5831,10,-0.9727508425712585
5832,9,-1.032923698425293
5833,9,-1.0489152669906616
5834,8,-1.1414213180541992
5835,10,-0.9219484925270081
5836,7,-1.2363016605377197
5837,10,-0.9542775750160217
5838,7,-1.2638108730316162
5839,7,-1.215566635131836
5840,9,-1.0526775121688843
5841,19,0.06275689601898193
5842,7,-1.2571465969085693
5843,7,-1.2422618865966797
5844,17,-0.17123940587043762
5845,7,-1.2414684295654297
5846,7,-1.2159868478775024
5847,9,-1.0454951524734497
5848,9,-1.0408945083618164
5849,9,-1.0238736867904663
5850,7,-1.2538752555847168
5851,11,-0.8780754804611206
5852,10,-0.9242247939109802
5853,9,-1.0790601968765259
5854,10,-0.9543925523757935
5855,7,-1.215057611465454
5856,7,-1.2502405643463135
5857,9,-1.0632669925689697
5858,9,-0.9945454597473145
5859,7,-1.2846620082855225
5860,7,-1.2351919412612915
5861,20,0.2657241225242615
5862,7,-1.2642122507095337
5863,10,-0.9664100408554077
5864,7,-1.2390323877334595
5865,7,-1.252516269683838
5866,9,-1.1025519371032715
5867,9,-1.0792601108551025
5868,9,-1.0781805515289307
5869,7,-1.234589695930481
5870,9,-1.07817804813385
5871,9,-1.0779049396514893
5872,9,-1.1015546321868896
5873,9,-1.0519535541534424
5874,7,-1.2272309064865112
5875,9,-1.0200204849243164
5876,8,-1.1114636659622192
5877,9,-1.0142096281051636
5878,9,-1.0732755661010742
5879,24,0.7441656589508057
5880,11,-0.836650013923645
5881,7,-1.2572658061981201
5882,9,-1.041555404663086
5883,11,-0.8215018510818481
5884,11,-0.8021087646484375
5885,9,-1.0841633081436157
5886,7,-1.2310086488723755
5887,7,-1.2349812984466553
5888,9,-1.0796499252319336
5889,7,-1.213935136795044
5890,9,-1.011357307434082
5891,7,-1.259331226348877
5892,9,-1.0347259044647217
5893,7,-1.2441439628601074
5894,7,-1.2489447593688965
5895,9,-1.0271387100219727
5896,9,-1.0398513078689575
5897,11,-0.8540248870849609
5898,11,-0.8010351657867432
5899,8,-1.1300989389419556
5900,8,-1.1993367671966553
5901,11,-0.7954673767089844
5902,7,-1.2413220405578613
5903,7,-1.2409160137176514
5904,9,-1.049288272857666
5905,9,-1.0422499179840088
5906,10,-0.981731116771698
5907,7,-1.2367689609527588
5908,28,1.216200351715088
5909,11,-0.8517964482307434
5910,11,-0.8187286853790283
5911,9,-1.0485684871673584
5912,9,-1.0650864839553833
5913,7,-1.2229046821594238
5914,7,-1.226252794265747
5915,10,-0.9838161468505859
5916,11,-0.7911657094955444
5917,10,-0.9390281438827515
5918,9,-1.067160725593567
5919,9,-1.043243408203125
5920,6,-1.3702192306518555
5921,13,-0.6490314602851868
5922,7,-1.2161786556243896
5923,9,-1.0398890972137451
5924,9,-1.0835607051849365
5925,9,-1.0528931617736816
5926,7,-1.2340495586395264
5927,9,-1.0648856163024902
5928,11,-0.8492041826248169
5929,9,-1.005120038986206
5930,7,-1.2384343147277832
5931,14,-0.5100585222244263
5932,10,-0.952172040939331
5933,7,-1.2844443321228027
5934,7,-1.2251524925231934
5935,7,-1.234700322151184
5936,9,-1.0367766618728638
5937,7,-1.23659348487854
5938,7,-1.2329163551330566
5939,7,-1.2455577850341797
5940,9,-1.006187915802002
5941,8,-1.1889550685882568
5942,27,1.1373764276504517
5943,11,-0.7995703220367432
5944,11,-0.796310305595398
5945,7,-1.2667932510375977
5946,9,-1.0505940914154053
5947,7,-1.255540132522583
5948,9,-1.0337668657302856
5949,9,-1.0494422912597656
5950,9,-1.0581296682357788
5951,9,-1.0218369960784912
5952,12,-0.7106907367706299
5953,8,-1.110026240348816
5954,10,-0.9646130800247192
5955,9,-1.0715737342834473
5956,7,-1.2154427766799927
5957,7,-1.218870759010315
5958,8,-1.2101263999938965
5959,11,-0.8578794002532959
5960,9,-1.062552809715271
5961,7,-1.243335247039795
5962,7,-1.2347861528396606
5963,9,-1.0521862506866455
5964,8,-1.2081775665283203
5965,9,-1.0499892234802246
5966,12,-0.6798190474510193
5967,7,-1.2448976039886475
5968,10,-0.9924149513244629
5969,12,-0.7133169770240784
5970,9,-1.0713893175125122
5971,10,-0.912501335144043
5972,7,-1.2224366664886475
5973,7,-1.2287421226501465
5974,11,-0.813994824886322
5975,9,-1.017745018005371
5976,11,-0.7757033109664917
5977,9,-1.0724338293075562
5978,10,-0.9507809281349182
5979,9,-1.0367240905761719
5980,8,-1.184615135192871
5981,9,-1.0298799276351929
5982,9,-1.0866872072219849
5983,13,-0.614543616771698
5984,7,-1.2180812358856201
5985,9,-1.0052361488342285
5986,9,-1.070450782775879
5987,9,-1.0464979410171509
5988,12,-0.7622810006141663
5989,17,-0.15653181076049805
5990,7,-1.22384512424469
5991,13,-0.653498113155365
5992,9,-1.0936336517333984
5993,10,-0.9554612636566162
5994,16,-0.2985832095146179
5995,26,1.0394190549850464
5996,6,-1.3292748928070068
5997,7,-1.2246296405792236
5998,9,-0.998703122138977
5999,9,-1.0860625505447388
6000,7,-1.2143853902816772
6001,12,-0.6688940525054932
6002,7,-1.2709403038024902
6003,8,-1.1980719566345215
6004,9,-1.0188727378845215
6005,7,-1.236271619796753
6006,7,-1.2208504676818848
6007,8,-1.187560796737671
6008,9,-1.050462245941162
6009,7,-1.2493479251861572
6010,9,-1.0260653495788574
6011,11,-0.8557079434394836
6012,9,-1.033651351928711
6013,8,-1.2052295207977295
6014,11,-0.7955219745635986
6015,8,-1.207595944404602
6016,8,-1.1825071573257446
6017,9,-1.0176758766174316
6018,10,-0.8847564458847046
6019,12,-0.6623207926750183
6020,8,-1.2003382444381714
6021,9,-1.0457179546356201
6022,9,-1.0005342960357666
6023,8,-1.2076447010040283
6024,9,-1.0688941478729248
6025,9,-1.0393683910369873
6026,11,-0.8270961046218872
6027,9,-1.0027568340301514
6028,7,-1.2288329601287842
6029,19,0.11053586006164551
6030,9,-1.039424180984497
6031,7,-1.2469713687896729
6032,10,-0.9158332347869873
6033,11,-0.8794950246810913
6034,8,-1.1106867790222168
6035,7,-1.310032844543457
6036,12,-0.7348589897155762
6037,17,-0.1378331184387207
6038,10,-0.9449129104614258
6039,10,-0.965545654296875
6040,7,-1.214522361755371
6041,10,-0.8908488154411316
6042,8,-1.1827642917633057
6043,8,-1.2108802795410156
6044,11,-0.839247465133667
6045,7,-1.247396469116211
6046,8,-1.1777372360229492
6047,8,-1.2017216682434082
6048,17,-0.17316323518753052
6049,8,-1.2107692956924438
6050,9,-1.0207152366638184
6051,14,-0.5149383544921875
6052,7,-1.2195854187011719
6053,9,-1.0117771625518799
6054,9,-1.0755798816680908
6055,11,-0.8805090188980103
6056,11,-0.860995352268219
6057,10,-0.9855493307113647
6058,8,-1.2080798149108887
6059,9,-1.074553370475769
6060,13,-0.5489450097084045
6061,8,-1.1781857013702393
6062,9,-1.0191861391067505
6063,11,-0.8760868310928345
6064,8,-1.1957612037658691
6065,8,-1.2003661394119263
6066,8,-1.204101800918579
6067,8,-1.2062294483184814
6068,12,-0.7675207257270813
6069,7,-1.218226671218872
6070,10,-0.9764208197593689
6071,11,-0.7832022905349731
6072,8,-1.1931798458099365
6073,9,-1.0219744443893433
6074,6,-1.4077346324920654
6075,9,-1.0758397579193115
6076,9,-1.0125155448913574
6077,9,-1.045555830001831
6078,12,-0.6847119927406311
6079,9,-1.0389870405197144
6080,9,-1.0534244775772095
6081,11,-0.859413743019104
6082,7,-1.2605938911437988
6083,10,-0.9204838275909424
6084,11,-0.8367656469345093
6085,9,-1.0487470626831055
6086,9,-1.0338293313980103
6087,10,-0.8828401565551758
6088,7,-1.239506721496582
6089,11,-0.8694785237312317
6090,7,-1.2277497053146362
6091,28,1.2881983518600464
6092,12,-0.771976888179779
6093,9,-1.0133659839630127
6094,8,-1.192391037940979
6095,20,0.2699151635169983
6096,9,-1.0471959114074707
6097,7,-1.2324941158294678
6098,8,-1.199732780456543
6099,11,-0.8210179209709167
6100,8,-1.190070629119873
6101,10,-0.9426359534263611
6102,12,-0.7410802245140076
6103,8,-1.1803903579711914
6104,9,-1.0201166868209839
6105,10,-0.9310095310211182
6106,11,-0.799354612827301
6107,8,-1.1921231746673584
6108,10,-0.9871463775634766
6109,9,-1.0079066753387451
6110,8,-1.2119156122207642
6111,8,-1.190334439277649
6112,8,-1.2117605209350586
6113,9,-1.021864891052246
6114,11,-0.8154048919677734
6115,8,-1.1705944538116455
6116,12,-0.7000097632408142
6117,27,1.1719403266906738
6118,9,-1.1001650094985962
6119,11,-0.8325534462928772
6120,13,-0.5993565917015076
6121,9,-1.0536800622940063
6122,10,-0.9033940434455872
6123,8,-1.1842767000198364
6124,10,-0.943539023399353
6125,9,-1.0587940216064453
6126,9,-1.0146491527557373
6127,17,-0.15346181392669678
6128,10,-0.9054875373840332
6129,11,-0.8492366075515747
6130,10,-0.9307762980461121
6131,11,-0.8699973225593567
6132,9,-1.0069520473480225
6133,12,-0.6741437315940857
6134,9,-1.004978895187378
6135,19,0.1112372875213623
6136,13,-0.5986760258674622
6137,8,-1.1997003555297852
6138,12,-0.7081164717674255
6139,16,-0.305067241191864
6140,11,-0.801805853843689
6141,9,-1.0204617977142334
6142,9,-1.0858200788497925
6143,8,-1.197812557220459
6144,8,-1.1826298236846924
6145,11,-0.8319404125213623
6146,7,-1.2294504642486572
6147,8,-1.182556390762329
6148,14,-0.5429731607437134
6149,8,-1.184096097946167
6150,9,-1.0399848222732544
6151,9,-0.9996240735054016
6152,11,-0.8549073338508606
6153,10,-0.9535832405090332
6154,8,-1.1630699634552002
6155,8,-1.1583926677703857
6156,10,-0.9585615396499634
6157,8,-1.2064766883850098
6158,11,-0.8609557151794434
6159,12,-0.7399099469184875
6160,8,-1.1928106546401978
6161,10,-0.8895425796508789
6162,7,-1.2165768146514893
6163,8,-1.1715234518051147
6164,9,-1.0370007753372192
6165,9,-1.0395710468292236
6166,12,-0.6969398260116577
6167,7,-1.2204995155334473
6168,10,-0.946647047996521
6169,12,-0.6931709051132202
6170,9,-0.9966418743133545
6171,10,-0.8968871831893921
6172,9,-1.008924961090088
6173,8,-1.204016089439392
6174,14,-0.447022944688797
6175,9,-1.041712760925293
6176,8,-1.2054837942123413
6177,11,-0.8189113140106201
6178,9,-1.027482509613037
6179,8,-1.2107110023498535
6180,11,-0.84927898645401
6181,13,-0.6328887939453125
6182,9,-1.0638679265975952
6183,12,-0.7372201085090637
6184,13,-0.6553085446357727
6185,8,-1.1783336400985718
6186,10,-0.9894396066665649
6187,8,-1.1829445362091064
6188,11,-0.8107541799545288
6189,10,-0.9545730352401733
6190,9,-1.0034034252166748
6191,12,-0.7319727540016174
6192,10,-0.9004507660865784
6193,10,-0.9693156480789185
6194,22,0.47745299339294434
6195,8,-1.2022466659545898
6196,8,-1.2118216753005981
6197,7,-1.232309341430664
6198,10,-0.934301495552063
6199,9,-1.0091962814331055
6200,9,-0.9979720711708069
6201,8,-1.1748297214508057
6202,10,-0.9519320726394653
6203,8,-1.176231861114502
6204,10,-0.9764520525932312
6205,8,-1.1817224025726318
6206,10,-0.9328380823135376
6207,12,-0.74281907081604
6208,10,-0.9694048166275024
6209,12,-0.7254905104637146
6210,10,-0.8851752877235413
6211,10,-0.9844300746917725
6212,10,-0.984255313873291
6213,12,-0.7653848528862
6214,8,-1.1786468029022217
6215,10,-0.9832847714424133
6216,12,-0.6688412427902222
6217,10,-0.9759289026260376
6218,8,-1.209327220916748
6219,8,-1.1813037395477295
6220,12,-0.7128936052322388
6221,10,-0.9649884700775146
6222,8,-1.167527675628662
6223,11,-0.8608160018920898
6224,18,0.0050893425941467285
6225,10,-0.9882564544677734
6226,8,-1.1697635650634766
6227,8,-1.1787539720535278
6228,12,-0.7672476768493652
6229,29,1.4313195943832397
6230,13,-0.6242589354515076
6231,13,-0.6378635764122009
6232,11,-0.8072295188903809
6233,9,-1.034865379333496
6234,11,-0.8137565851211548
6235,13,-0.6491715908050537
6236,9,-1.0138808488845825
6237,8,-1.1921486854553223
6238,11,-0.8017434477806091
6239,11,-0.794786810874939
6240,8,-1.1708611249923706
6241,10,-0.9840530753135681
6242,13,-0.6107637882232666
6243,8,-1.1707327365875244
6244,10,-0.9368464946746826
6245,9,-1.0175676345825195
6246,11,-0.8282334804534912
6247,10,-0.9884753227233887
6248,8,-1.176071286201477
6249,10,-0.9786264896392822
6250,14,-0.47467631101608276
6251,8,-1.1627373695373535
6252,9,-1.0040911436080933
6253,8,-1.1859086751937866
6254,11,-0.8414844870567322
6255,11,-0.7959738969802856
6256,13,-0.5799309015274048
6257,9,-1.0317405462265015
6258,9,-1.0170501470565796
6259,22,0.4793970584869385
6260,13,-0.6317684650421143
6261,11,-0.858977198600769
6262,11,-0.832305908203125
6263,8,-1.1778205633163452
6264,10,-0.9627232551574707
6265,11,-0.8423752188682556
6266,12,-0.6709065437316895
6267,10,-0.9740663766860962
6268,10,-0.9198635816574097
6269,7,-1.2967376708984375
6270,9,-1.0033305883407593
6271,8,-1.1717147827148438
6272,10,-0.9876407384872437
6273,12,-0.76076740026474
6274,10,-0.9534591436386108
6275,8,-1.1526209115982056
6276,8,-1.1634469032287598
6277,10,-0.9715919494628906
6278,10,-0.9853231906890869
6279,9,-0.9964029788970947
6280,8,-1.1742045879364014
6281,12,-0.6832045316696167
6282,10,-0.959958016872406
6283,8,-1.169362187385559
6284,10,-0.9908614158630371
6285,11,-0.8136509656906128
6286,9,-1.0734710693359375
6287,10,-0.9779962301254272
6288,8,-1.1072860956192017
6289,11,-0.8110456466674805
6290,12,-0.7480926513671875
6291,11,-0.8043184280395508
6292,13,-0.6245419383049011
6293,12,-0.7645712494850159
6294,10,-0.9741843938827515
6295,10,-0.982491135597229
6296,10,-0.980570912361145
6297,12,-0.7603998184204102
6298,14,-0.4735056757926941
6299,8,-1.20645010471344
6300,10,-0.9410452842712402
6301,12,-0.7165531516075134
6302,9,-0.9992520809173584
6303,9,-1.0067634582519531
6304,8,-1.166382074356079
6305,8,-1.1593478918075562
6306,10,-0.983953058719635
6307,17,-0.1330990195274353
6308,8,-1.1450135707855225
6309,11,-0.7990015149116516
6310,10,-0.9720996618270874
6311,8,-1.1351580619812012
6312,14,-0.5456574559211731
6313,10,-0.9596438407897949
6314,13,-0.6233413815498352
6315,8,-1.1686627864837646
6316,12,-0.7734430432319641
6317,8,-1.1709356307983398
6318,10,-0.9928691387176514
6319,10,-0.9288790225982666
6320,8,-1.174594521522522
6321,7,-1.2999393939971924
6322,10,-0.981812596321106
6323,8,-1.1840317249298096
6324,10,-0.9131377339363098
6325,12,-0.7631257176399231
6326,12,-0.7376956343650818
6327,7,-1.2277240753173828
6328,8,-1.1945631504058838
6329,8,-1.1715868711471558
6330,11,-0.7882779836654663
6331,8,-1.145469069480896
6332,11,-0.8038246035575867
6333,12,-0.674858033657074
6334,14,-0.5435925126075745
6335,10,-0.9206863641738892
6336,8,-1.1668890714645386
6337,10,-0.9661083221435547
6338,10,-0.9491884708404541
6339,10,-0.9397454261779785
6340,21,0.34580934047698975
6341,10,-0.9540226459503174
6342,10,-0.9511837363243103
6343,8,-1.1771044731140137
6344,10,-0.9295485615730286
6345,10,-0.9731548428535461
6346,10,-0.9303363561630249
6347,13,-0.6590834856033325
6348,8,-1.1525208950042725
6349,10,-0.961816668510437
6350,12,-0.709273099899292
6351,10,-0.9495184421539307
6352,8,-1.1687736511230469
6353,11,-0.7911657094955444
6354,8,-1.1818052530288696
6355,12,-0.7580578923225403
6356,8,-1.1391664743423462
6357,10,-0.9936151504516602
6358,8,-1.17643404006958
6359,8,-1.1418592929840088
6360,8,-1.1648509502410889
6361,8,-1.1520061492919922
6362,10,-0.937269926071167
6363,9,-1.0029640197753906
6364,8,-1.1220579147338867
6365,10,-0.9592454433441162
6366,9,-1.0347330570220947
6367,10,-0.957680344581604
6368,16,-0.2265530824661255
6369,10,-0.9257060289382935
6370,13,-0.6596838235855103
6371,12,-0.702294647693634
6372,10,-0.9316414594650269
6373,8,-1.179827094078064
6374,9,-1.0142896175384521
6375,10,-0.9479397535324097
6376,10,-0.8842672109603882
6377,21,0.38417232036590576
6378,13,-0.5662627220153809
6379,10,-0.9631389379501343
6380,12,-0.7365915179252625
6381,10,-0.9255015850067139
6382,10,-0.9546151161193848
6383,8,-1.164750099182129
6384,11,-0.8764232397079468
6385,7,-1.2748372554779053
6386,12,-0.7751343846321106
6387,8,-1.1435617208480835
6388,10,-0.9392701983451843
6389,9,-1.0169124603271484
6390,10,-0.9633262157440186
6391,8,-1.1786308288574219
6392,12,-0.773403525352478
6393,11,-0.8428306579589844
6394,27,1.1962279081344604
6395,17,-0.11955976486206055
6396,8,-1.1846160888671875
6397,8,-1.1870898008346558
6398,8,-1.146193027496338
6399,11,-0.8512811064720154
6400,10,-0.986935555934906
6401,12,-0.6891676783561707
6402,8,-1.1700007915496826
6403,10,-0.9083145260810852
6404,10,-0.9747600555419922
6405,13,-0.6343324184417725
6406,8,-1.1784378290176392
6407,8,-1.1500813961029053
6408,8,-1.1452445983886719
6409,11,-0.8149988055229187
6410,15,-0.400968998670578
6411,8,-1.128141164779663
6412,8,-1.1298999786376953
6413,8,-1.139824390411377
6414,10,-0.9582972526550293
6415,10,-0.9485578536987305
6416,12,-0.7560409903526306
6417,8,-1.1493138074874878
6418,8,-1.1130211353302002
6419,8,-1.1877777576446533
6420,10,-0.945465087890625
6421,8,-1.1482841968536377
6422,12,-0.7196593284606934
6423,22,0.484127402305603
6424,26,0.9987406730651855
6425,8,-1.1339304447174072
6426,8,-1.1271902322769165
6427,22,0.4836924076080322
6428,12,-0.7636029720306396
6429,23,0.5619440078735352
6430,7,-1.2905919551849365
6431,13,-0.6011176109313965
6432,12,-0.7397435307502747
6433,7,-1.2139251232147217
6434,10,-0.94432532787323
6435,17,-0.06735813617706299
6436,12,-0.7373393177986145
6437,9,-0.9945014715194702
6438,8,-1.1368167400360107
6439,8,-1.1489946842193604
6440,8,-1.1707651615142822
6441,11,-0.8138267397880554
6442,10,-0.9535887241363525
6443,8,-1.1559064388275146
6444,10,-0.9409266710281372
6445,11,-0.8536170721054077
6446,8,-1.1447402238845825
6447,11,-0.8204596042633057
6448,13,-0.6480526328086853
6449,8,-1.1894152164459229
6450,13,-0.5502670407295227
6451,10,-0.9326691031455994
6452,10,-0.969517707824707
6453,10,-0.9605162143707275
6454,8,-1.1726527214050293
6455,27,1.1839866638183594
6456,8,-1.137481451034546
6457,11,-0.7927020192146301
6458,8,-1.108999252319336
6459,12,-0.6851831674575806
6460,12,-0.6666277050971985
6461,12,-0.760100245475769
6462,8,-1.1372644901275635
6463,8,-1.1641165018081665
6464,12,-0.7166361212730408
6465,10,-0.954951286315918
6466,8,-1.1589689254760742
6467,11,-0.8523485660552979
6468,10,-0.9283313155174255
6469,12,-0.7752000093460083
6470,10,-0.9811397790908813
6471,10,-0.9351710677146912
6472,10,-0.9243252277374268
6473,10,-0.9738696813583374
6474,10,-0.9094029664993286
6475,10,-0.9286011457443237
6476,11,-0.8475853800773621
6477,10,-0.9099670052528381
6478,10,-0.8814800977706909
6479,10,-0.9033578634262085
6480,25,0.8247371912002563
6481,21,0.30007052421569824
6482,9,-0.9950156211853027
6483,13,-0.5931966304779053
6484,8,-1.1172064542770386
6485,9,-1.0057973861694336
6486,8,-1.1866803169250488
6487,12,-0.762762725353241
6488,8,-1.179352879524231
6489,8,-1.1650078296661377
6490,13,-0.6251628994941711
6491,12,-0.7348915338516235
6492,8,-1.1427866220474243
6493,8,-1.1540645360946655
6494,10,-0.9132555723190308
6495,11,-0.8508999347686768
6496,10,-0.9473208785057068
6497,10,-0.9186801910400391
6498,8,-1.1555572748184204
6499,12,-0.7309951186180115
6500,10,-0.8903069496154785
6501,8,-1.1716594696044922
6502,10,-0.9583268165588379
6503,16,-0.21601420640945435
6504,10,-0.9247969388961792
6505,12,-0.7747159004211426
6506,8,-1.1819467544555664
6507,10,-0.8867574334144592
6508,10,-0.8927497267723083
6509,11,-0.7943124771118164
6510,12,-0.6793939471244812
6511,13,-0.6226520538330078
6512,8,-1.1195002794265747
6513,10,-0.9474592208862305
6514,12,-0.7092337608337402
6515,10,-0.9721341133117676
6516,12,-0.6677373051643372
6517,12,-0.7686388492584229
6518,8,-1.1167689561843872
6519,8,-1.161676287651062
6520,8,-1.141767144203186
6521,10,-0.9603972434997559
6522,13,-0.604022204875946
6523,20,0.1917283535003662
6524,10,-0.9617873430252075
6525,11,-0.8772782683372498
6526,11,-0.8127937316894531
6527,9,-1.0176423788070679
6528,6,-1.4239401817321777
6529,8,-1.1572891473770142
6530,12,-0.7184571623802185
6531,6,-1.3294733762741089
6532,10,-0.9927407503128052
6533,8,-1.1634365320205688
6534,8,-1.156583309173584
6535,8,-1.1640782356262207
6536,8,-1.1225554943084717
6537,8,-1.1150145530700684
6538,12,-0.6906503438949585
6539,8,-1.1356253623962402
6540,8,-1.1199111938476562
6541,14,-0.4882330894470215
6542,10,-0.8937708139419556
6543,8,-1.1375885009765625
6544,12,-0.7076103687286377
6545,8,-1.1766126155853271
6546,9,-1.0902092456817627
6547,10,-0.9209675788879395
6548,8,-1.128861665725708
6549,12,-0.7489237785339355
6550,10,-0.9457818865776062
6551,10,-0.9320514798164368
6552,10,-0.9417637586593628
6553,12,-0.7419337034225464
6554,8,-1.1307772397994995
6555,10,-0.9615821838378906
6556,10,-0.9098334312438965
6557,10,-0.9229475259780884
6558,8,-1.1135730743408203
6559,8,-1.156509518623352
6560,10,-0.9292817115783691
6561,10,-0.9607928991317749
6562,11,-0.8099247813224792
6563,24,0.7157806158065796
6564,10,-0.9191286563873291
6565,12,-0.72442227602005
6566,8,-1.1282858848571777
6567,8,-1.1539939641952515
6568,10,-0.9842427968978882
6569,12,-0.7046992778778076
6570,10,-0.9083579778671265
6571,10,-0.9514687061309814
6572,10,-0.9329134225845337
6573,14,-0.4925462603569031
6574,10,-0.9711887836456299
6575,13,-0.6342150568962097
6576,12,-0.7511693835258484
6577,7,-1.2978301048278809
6578,10,-0.9349145889282227
6579,11,-0.7856166362762451
6580,8,-1.1476565599441528
6581,8,-1.123821496963501
6582,10,-0.8998199105262756
6583,10,-0.9348242282867432
6584,8,-1.133398175239563
6585,8,-1.1189833879470825
6586,11,-0.8804066777229309
6587,10,-0.903304398059845
6588,8,-1.1671494245529175
6589,8,-1.1362311840057373
6590,10,-0.9905816316604614
6591,21,0.36335229873657227
6592,14,-0.546127200126648
6593,10,-0.8898192644119263
6594,11,-0.8800913691520691
6595,12,-0.7556489109992981
6596,10,-0.9251135587692261
6597,10,-0.967092752456665
6598,11,-0.8427272439002991
6599,8,-1.1548776626586914
6600,10,-0.9176827669143677
6601,11,-0.874333918094635
6602,8,-1.140710711479187
6603,16,-0.2993480861186981
6604,17,-0.17135334014892578
6605,10,-0.9693968296051025
6606,10,-0.9135579466819763
6607,8,-1.1230069398880005
6608,10,-0.9431543350219727
6609,8,-1.1544740200042725
6610,10,-0.8878805637359619
6611,10,-0.9787980318069458
6612,13,-0.5658013820648193
6613,10,-0.9370908141136169
6614,8,-1.1290286779403687
6615,10,-0.9240257740020752
6616,8,-1.1205244064331055
6617,10,-0.9926692247390747
6618,14,-0.5366896390914917
6619,10,-0.8902672529220581
6620,10,-0.8907632231712341
6621,9,-1.048775553703308
6622,11,-0.8553458452224731
6623,13,-0.6389734745025635
6624,17,-0.16167742013931274
6625,8,-1.1289892196655273
6626,10,-0.922694742679596
6627,10,-0.9059767723083496
6628,10,-0.929999828338623
6629,11,-0.7903928756713867
6630,8,-1.1058292388916016
6631,12,-0.7207072973251343
6632,11,-0.8697493076324463
6633,8,-1.1094788312911987
6634,8,-1.1494168043136597
6635,15,-0.3396574854850769
6636,11,-0.7927408218383789
6637,12,-0.7111809253692627
6638,12,-0.7617396116256714
6639,10,-0.9175313711166382
6640,12,-0.6925708055496216
6641,16,-0.20964163541793823
6642,10,-0.892139196395874
6643,12,-0.6921501159667969
6644,10,-0.9863927960395813
6645,9,-1.096531629562378
6646,10,-0.9370787143707275
6647,9,-1.080307960510254
6648,9,-1.100965976715088
6649,4,-1.6017706394195557
6650,13,-0.586782693862915
6651,11,-0.8732836246490479
6652,9,-1.0656704902648926
6653,12,-0.7742167115211487
6654,8,-1.1154015064239502
6655,11,-0.7888358235359192
6656,8,-1.1296253204345703
6657,10,-0.9748578071594238
6658,10,-0.9046494364738464
6659,10,-0.9733791351318359
6660,8,-1.1217422485351562
6661,8,-1.1378870010375977
6662,21,0.3496588468551636
6663,9,-1.1011849641799927
6664,12,-0.7378777861595154
6665,10,-0.9560898542404175
6666,8,-1.133375644683838
6667,12,-0.6845039129257202
6668,11,-0.8480806946754456
6669,11,-0.8655426502227783
6670,12,-0.6675529479980469
6671,9,-1.0981699228286743
6672,8,-1.1191054582595825
6673,8,-1.124845266342163
6674,14,-0.5131950378417969
6675,8,-1.1463687419891357
6676,10,-0.9242225885391235
6677,8,-1.1553456783294678
6678,8,-1.1258671283721924
6679,10,-0.9310688972473145
6680,10,-0.9293689131736755
6681,8,-1.109984040260315
6682,11,-0.7972161769866943
6683,10,-0.9071082472801208
6684,8,-1.1070337295532227
6685,14,-0.5314019322395325
6686,14,-0.5108365416526794
6687,12,-0.7465873956680298
6688,8,-1.128248691558838
6689,8,-1.1430351734161377
6690,10,-0.955722451210022
6691,10,-0.9311529397964478
6692,11,-0.8500336408615112
6693,10,-0.9058939814567566
6694,14,-0.522801399230957
6695,8,-1.1442346572875977
6696,17,-0.15782582759857178
6697,10,-0.914591908454895
6698,11,-0.8614266514778137
6699,8,-1.1362718343734741
6700,9,-1.043235182762146
6701,9,-1.0924891233444214
6702,17,-0.09452158212661743
6703,8,-1.1153450012207031
6704,10,-0.9251877069473267
6705,11,-0.8336581587791443
6706,11,-0.8623205423355103
6707,9,-1.0907089710235596
6708,18,-0.058656930923461914
6709,10,-0.9107456803321838
6710,9,-1.0915162563323975
6711,16,-0.2583712339401245
6712,8,-1.1059097051620483
6713,11,-0.8501040935516357
6714,13,-0.6344547271728516
6715,9,-1.0845376253128052
6716,9,-1.1035939455032349
6717,11,-0.8651742935180664
6718,9,-1.0980826616287231
6719,12,-0.7432999014854431
6720,9,-1.0622477531433105
6721,9,-1.091968059539795
6722,9,-1.0815857648849487
6723,10,-0.9644695520401001
6724,9,-1.0929358005523682
6725,10,-0.914226770401001
6726,10,-0.8976365923881531
6727,9,-1.0696337223052979
6728,8,-1.1460702419281006
6729,18,0.003099679946899414
6730,8,-1.1490782499313354
6731,9,-1.06488037109375
6732,15,-0.4042508602142334
6733,9,-1.1005560159683228
6734,11,-0.8541730046272278
6735,10,-0.8991035223007202
6736,9,-1.1017022132873535
6737,12,-0.7004938125610352
6738,10,-0.9064463376998901
6739,21,0.3531458377838135
6740,16,-0.2718987464904785
6741,9,-1.0989291667938232
6742,8,-1.1144323348999023
6743,10,-0.9203406572341919
6744,10,-0.8915500640869141
6745,13,-0.5670190453529358
6746,8,-1.1476171016693115
6747,10,-0.9121904969215393
6748,18,0.019929349422454834
6749,10,-0.9096999168395996
6750,10,-0.9457125663757324
6751,10,-0.884433388710022
6752,13,-0.5679590702056885
6753,12,-0.7203642725944519
6754,11,-0.8393322229385376
6755,11,-0.8718923330307007
6756,9,-1.0605175495147705
6757,11,-0.8144778609275818
6758,11,-0.8525032997131348
6759,11,-0.8761815428733826
6760,11,-0.8651735782623291
6761,11,-0.878067672252655
6762,9,-1.0927698612213135
6763,10,-0.8974614143371582
6764,11,-0.8295559883117676
6765,10,-0.9215860962867737
6766,9,-1.0718345642089844
6767,8,-1.110487699508667
6768,9,-1.0984413623809814
6769,8,-1.1068789958953857
6770,10,-0.931023120880127
6771,9,-1.0856283903121948
6772,8,-1.1059672832489014
6773,14,-0.5207058191299438
6774,9,-1.0558418035507202
6775,9,-1.0517226457595825
6776,9,-1.1025300025939941
6777,8,-1.1126158237457275
6778,12,-0.6823042631149292
6779,13,-0.6326798796653748
6780,9,-1.0921728610992432
6781,9,-1.092862606048584
6782,8,-1.1062884330749512
6783,9,-1.090423345565796
6784,8,-1.1058540344238281
6785,12,-0.7301535606384277
6786,12,-0.7074610590934753
6787,10,-0.9283426403999329
6788,13,-0.5522952675819397
6789,12,-0.6795287132263184
6790,9,-1.0909959077835083
6791,10,-0.926760733127594
6792,13,-0.6101541519165039
6793,7,-1.2427470684051514
6794,12,-0.6716451644897461
6795,11,-0.8413718342781067
6796,9,-1.0762206315994263
6797,14,-0.5414591431617737
6798,9,-1.0841845273971558
6799,10,-0.8936954140663147
6800,11,-0.8779429197311401
6801,11,-0.7882727980613708
6802,10,-0.8862630724906921
6803,12,-0.7565979957580566
6804,14,-0.4368639588356018
6805,9,-1.1005558967590332
6806,9,-1.1014748811721802
6807,11,-0.8259472250938416
6808,13,-0.6207478642463684
6809,11,-0.8764346837997437
6810,14,-0.5184528827667236
6811,8,-1.1321117877960205
6812,9,-1.0888934135437012
6813,9,-1.0741710662841797
6814,11,-0.8148560523986816
6815,24,0.784940242767334
6816,13,-0.6430259943008423
6817,8,-1.1196799278259277
6818,11,-0.8533162474632263
6819,10,-0.9091861844062805
6820,9,-1.0718467235565186
6821,11,-0.7762117385864258
6822,8,-1.111406922340393
6823,10,-0.894399881362915
6824,9,-1.1024984121322632
6825,11,-0.8481125235557556
6826,13,-0.6421220302581787
6827,13,-0.5464925169944763
6828,13,-0.5560136437416077
6829,21,0.41224122047424316
6830,14,-0.49691241979599
6831,9,-1.0842771530151367
6832,21,0.37111032009124756
6833,8,-1.131023645401001
6834,11,-0.8626653552055359
6835,12,-0.6742523312568665
6836,14,-0.5429605841636658
6837,10,-0.8949375748634338
6838,9,-1.0989582538604736
6839,14,-0.48662200570106506
6840,8,-1.1270403861999512
6841,8,-1.1321933269500732
6842,12,-0.7399356961250305
6843,11,-0.7870569825172424
6844,12,-0.7472057342529297
6845,9,-1.089186429977417
6846,9,-1.0594662427902222
6847,9,-1.1006770133972168
6848,13,-0.6306865811347961
6849,8,-1.1940031051635742
6850,11,-0.855789065361023
6851,13,-0.6380089521408081
6852,9,-1.0224523544311523
6853,10,-0.9132819771766663
6854,11,-0.8454670906066895
6855,13,-0.5893325805664062
6856,11,-0.7823241949081421
6857,11,-0.87784743309021
6858,11,-0.849122166633606
6859,11,-0.8193480968475342
6860,11,-0.8307340741157532
6861,9,-1.0918633937835693
6862,10,-0.8980458378791809
6863,10,-0.8870604038238525
6864,11,-0.8070797324180603
6865,11,-0.867636501789093
6866,11,-0.8797123432159424
6867,17,-0.10436558723449707
6868,10,-0.9110670685768127
6869,9,-1.0422077178955078
6870,8,-1.1422343254089355
6871,13,-0.5993642807006836
6872,13,-0.64300936460495
6873,9,-1.0941895246505737
6874,11,-0.8173402547836304
6875,11,-0.855674147605896
6876,11,-0.8560338020324707
6877,10,-0.8887684345245361
6878,8,-1.1338517665863037
6879,17,-0.09430241584777832
6880,10,-0.9149621725082397
6881,9,-1.0900459289550781
6882,11,-0.855333685874939
6883,13,-0.5822635293006897
6884,13,-0.557848334312439
6885,9,-1.0951340198516846
6886,20,0.20800375938415527
6887,11,-0.8440868258476257
6888,15,-0.3480883538722992
6889,11,-0.8691493272781372
6890,13,-0.6269436478614807
6891,11,-0.8196167945861816
6892,27,1.1511939764022827
6893,13,-0.6507163643836975
6894,13,-0.6297299861907959
6895,11,-0.834077775478363
6896,9,-1.07908296585083
6897,12,-0.7060767412185669
6898,9,-1.0742454528808594
6899,11,-0.8612062931060791
6900,11,-0.864793598651886
6901,11,-0.8792884349822998
6902,12,-0.6912263631820679
6903,10,-0.8858727216720581
6904,15,-0.42226308584213257
6905,10,-0.9253296852111816
6906,10,-0.9283561706542969
6907,10,-0.9069132804870605
6908,11,-0.7850235104560852
6909,13,-0.5766481757164001
6910,10,-0.8858066201210022
6911,8,-1.1256108283996582
6912,13,-0.5555981993675232
6913,9,-1.076409101486206
6914,9,-1.1021947860717773
6915,13,-0.634860634803772
6916,9,-1.0733706951141357
6917,20,0.19533789157867432
6918,12,-0.7724388837814331
6919,9,-1.0986802577972412
6920,28,1.286310076713562
6921,11,-0.876221776008606
6922,9,-1.0512155294418335
6923,14,-0.45017382502555847
6924,9,-1.0766607522964478
6925,9,-1.0686397552490234
6926,10,-0.939896821975708
6927,10,-0.8902623653411865
6928,14,-0.455036461353302
6929,11,-0.7986471652984619
6930,12,-0.7635921835899353
6931,11,-0.8137766718864441
6932,11,-0.8382629752159119
6933,11,-0.852843701839447
6934,9,-1.0791099071502686
6935,11,-0.8562077283859253
6936,18,-0.060930073261260986
6937,13,-0.5838230848312378
6938,9,-1.042205572128296
6939,11,-0.8434638977050781
6940,9,-1.0841573476791382
6941,11,-0.8712758421897888
6942,27,1.1847072839736938
6943,9,-1.089853048324585
6944,9,-1.0780173540115356
6945,9,-1.069260597229004
6946,11,-0.8190597295761108
6947,12,-0.774399995803833
6948,12,-0.7366349697113037
6949,8,-1.129220724105835
6950,11,-0.8326677083969116
6951,11,-0.8675286769866943
6952,10,-0.9015485048294067
6953,9,-1.0659043788909912
6954,9,-1.075475811958313
6955,9,-1.090075969696045
6956,6,-1.3489958047866821
6957,9,-1.0492913722991943
6958,9,-1.0710958242416382
6959,12,-0.7674534320831299
6960,19,0.09979820251464844
6961,9,-1.0222995281219482
6962,11,-0.8057988286018372
6963,9,-1.0491948127746582
6964,14,-0.48580479621887207
6965,9,-1.079756259918213
6966,9,-1.0428422689437866
6967,9,-1.0932056903839111
6968,9,-1.0865204334259033
6969,13,-0.5630061626434326
6970,5,-1.4869675636291504
6971,14,-0.5372971296310425
6972,9,-1.0571531057357788
6973,11,-0.8154463171958923
6974,12,-0.7736172676086426
6975,11,-0.8504288196563721
6976,9,-1.0518574714660645
6977,15,-0.31537768244743347
6978,15,-0.41196173429489136
6979,10,-0.9238913059234619
6980,14,-0.4506598114967346
6981,11,-0.8569916486740112
6982,9,-1.0557464361190796
6983,11,-0.8486095666885376
6984,13,-0.6487590074539185
6985,14,-0.5264670848846436
6986,15,-0.41568723320961
6987,9,-1.1025550365447998
6988,24,0.8101009130477905
6989,9,-1.0617061853408813
6990,9,-1.076819658279419
6991,9,-1.0505712032318115
6992,14,-0.45603659749031067
6993,9,-1.0676227807998657
6994,11,-0.8708798289299011
6995,10,-0.9014899134635925
6996,9,-1.0694169998168945
6997,9,-1.0874953269958496
6998,10,-0.9176976084709167
6999,13,-0.609952986240387
7000,11,-0.8012412190437317
7001,9,-1.0626732110977173
7002,11,-0.8562827706336975
7003,11,-0.7949527502059937
7004,9,-1.095153570175171
7005,9,-1.0363394021987915
7006,16,-0.27946391701698303
7007,9,-1.0418131351470947
7008,9,-1.0541062355041504
7009,9,-1.0638232231140137
7010,15,-0.4005841910839081
7011,12,-0.6740885376930237
7012,11,-0.8428754806518555
7013,25,0.8331389427185059
7014,10,-0.9234174489974976
7015,11,-0.8201653957366943
7016,9,-1.0533785820007324
7017,27,1.1618435382843018
7018,11,-0.8517669439315796
7019,9,-1.025222659111023
7020,11,-0.861995279788971
7021,9,-1.0363373756408691
7022,9,-1.0472148656845093
7023,10,-0.8879824876785278
7024,9,-1.0891807079315186
7025,11,-0.8267045021057129
7026,9,-0.9951728582382202
7027,13,-0.6030657291412354
7028,11,-0.7798751592636108
7029,11,-0.8329793214797974
7030,11,-0.8378153443336487
7031,11,-0.7886741161346436
7032,13,-0.5993038415908813
7033,11,-0.8502160310745239
7034,9,-1.06046724319458
7035,19,0.10365617275238037
7036,9,-1.0757228136062622
7037,8,-1.1083297729492188
7038,11,-0.8466141819953918
7039,11,-0.8221205472946167
7040,10,-0.8853493332862854
7041,13,-0.554886519908905
7042,9,-1.0504937171936035
7043,11,-0.8040556311607361
7044,11,-0.8419499397277832
7045,9,-1.0503993034362793
7046,11,-0.8028239607810974
7047,11,-0.8562856912612915
7048,15,-0.3388550281524658
7049,9,-1.0833803415298462
7050,11,-0.8557217717170715
7051,9,-1.0584211349487305
7052,9,-1.0788217782974243
7053,26,0.9608261585235596
7054,12,-0.6987476348876953
7055,9,-1.0653667449951172
7056,9,-1.0662333965301514
7057,24,0.7532522678375244
7058,8,-1.1160223484039307
7059,13,-0.5804022550582886
7060,12,-0.6910106539726257
7061,13,-0.6238161325454712
7062,11,-0.8622241020202637
7063,13,-0.6367675065994263
7064,11,-0.8004627823829651
7065,22,0.5075037479400635
7066,8,-1.115191102027893
7067,11,-0.8086949586868286
7068,13,-0.6362073421478271
7069,11,-0.7860086560249329
7070,10,-0.932194709777832
7071,14,-0.5091174244880676
7072,14,-0.5154868364334106
7073,13,-0.5936244130134583
7074,10,-0.9703035354614258
7075,12,-0.6653403043746948
7076,11,-0.8334715366363525
7077,15,-0.42453575134277344
7078,9,-1.0508058071136475
7079,13,-0.5588757991790771
7080,16,-0.2656051814556122
7081,11,-0.8543689250946045
7082,9,-1.0346813201904297
7083,9,-1.034296989440918
7084,8,-1.194331169128418
7085,10,-0.9523971080780029
7086,11,-0.8588977456092834
7087,11,-0.7943728566169739
7088,9,-1.0984410047531128
7089,9,-1.072473168373108
7090,14,-0.4803105592727661
7091,9,-1.0239912271499634
7092,9,-1.0336263179779053
7093,9,-1.0801887512207031
7094,27,1.1451923847198486
7095,25,0.9047495126724243
7096,9,-1.0243873596191406
7097,14,-0.5285381078720093
7098,9,-1.0612297058105469
7099,13,-0.5640349984169006
7100,9,-1.0220346450805664
7101,14,-0.4929736852645874
7102,16,-0.2662753760814667
7103,14,-0.4956836700439453
7104,25,0.8680691719055176
7105,21,0.3985687494277954
7106,29,1.428355097770691
7107,15,-0.3517777919769287
7108,9,-1.0860309600830078
7109,9,-1.0595051050186157
7110,14,-0.508294939994812
7111,9,-1.0452556610107422
7112,9,-1.0585254430770874
7113,12,-0.6917271018028259
7114,9,-1.0091595649719238
7115,11,-0.8052827715873718
7116,12,-0.6926441192626953
7117,14,-0.5247517228126526
7118,13,-0.6263821125030518
7119,9,-1.02092707157135
7120,11,-0.8476498126983643
7121,9,-1.0508100986480713
7122,11,-0.8232427835464478
7123,11,-0.7818524241447449
7124,9,-1.0335718393325806
7125,9,-1.0276588201522827
7126,11,-0.8551323413848877
7127,9,-1.0314592123031616
7128,10,-0.9286864995956421
7129,9,-1.044221043586731
7130,9,-1.0693612098693848
7131,9,-1.0351319313049316
7132,11,-0.8058931827545166
7133,12,-0.7723149061203003
7134,9,-1.03317391872406
7135,12,-0.6972405314445496
7136,23,0.6442354917526245
7137,9,-1.0146279335021973
7138,12,-0.6733886003494263
7139,8,-1.1102696657180786
7140,9,-1.0321606397628784
7141,9,-1.0216221809387207
7142,13,-0.5484103560447693
7143,9,-1.0642752647399902
7144,9,-1.0415502786636353
7145,19,0.163080632686615
7146,11,-0.8389164209365845
7147,9,-1.035729169845581
7148,9,-1.0348392724990845
7149,9,-1.0201303958892822
7150,11,-0.824889600276947
7151,23,0.6641435623168945
7152,12,-0.739577054977417
7153,11,-0.8362876772880554
7154,9,-1.030724287033081
7155,11,-0.8259086608886719
7156,12,-0.6684818863868713
7157,9,-1.0635600090026855
7158,11,-0.7974214553833008
7159,9,-1.033538818359375
7160,12,-0.7191027998924255
7161,11,-0.7780752778053284
7162,11,-0.7828388810157776
7163,12,-0.7297183871269226
7164,11,-0.8526018857955933
7165,11,-0.8434151411056519
7166,20,0.2312767505645752
7167,9,-1.054692029953003
7168,17,-0.07227146625518799
7169,11,-0.8068647384643555
7170,22,0.46592938899993896
7171,5,-1.4562506675720215
7172,10,-0.8823434114456177
7173,9,-1.018627405166626
7174,9,-1.0044803619384766
7175,11,-0.8710397481918335
7176,11,-0.8555436730384827
7177,9,-1.0107133388519287
7178,11,-0.8023141622543335
7179,6,-1.413604497909546
7180,9,-1.0332109928131104
7181,11,-0.8441282510757446
7182,14,-0.5019557476043701
7183,23,0.6149852275848389
7184,9,-1.0511081218719482
7185,11,-0.7909278273582458
7186,9,-1.0212690830230713
7187,11,-0.775585412979126
7188,14,-0.5139391422271729
7189,11,-0.7782437205314636
7190,11,-0.776574969291687
7191,10,-0.8874734044075012
7192,20,0.2582706809043884
7193,11,-0.8198709487915039
7194,12,-0.7684109210968018
7195,11,-0.8104035258293152
7196,11,-0.8400951027870178
7197,11,-0.8199797868728638
7198,14,-0.5236570835113525
7199,9,-1.0496770143508911
7200,11,-0.8381621241569519
7201,12,-0.7337725162506104
7202,25,0.8373996019363403
7203,10,-0.9939449429512024
7204,11,-0.8382834792137146
7205,14,-0.4980148673057556
7206,11,-0.8082658052444458
7207,11,-0.8165732622146606
7208,9,-1.0072091817855835
7209,13,-0.6440300941467285
7210,9,-1.0220365524291992
7211,9,-1.0238093137741089
7212,15,-0.4028039872646332
7213,9,-1.0044671297073364
7214,13,-0.5643138885498047
7215,11,-0.784598708152771
7216,9,-1.0308843851089478
7217,13,-0.5674463510513306
7218,9,-1.0228272676467896
7219,14,-0.543651819229126
7220,13,-0.5932669639587402
7221,12,-0.6790380477905273
7222,9,-1.0060627460479736
7223,11,-0.8640415072441101
7224,12,-0.7689352035522461
7225,30,1.6260215044021606
7226,13,-0.5571857690811157
7227,8,-1.117134690284729
7228,11,-0.7863839268684387
7229,14,-0.541922926902771
7230,28,1.2538409233093262
7231,9,-1.0414050817489624
7232,13,-0.5849756598472595
7233,13,-0.56638103723526
7234,30,1.6261409521102905
7235,11,-0.7990819811820984
7236,9,-1.0781407356262207
7237,11,-0.8787790536880493
7238,11,-0.8231881260871887
7239,9,-1.016272783279419
7240,9,-1.041156530380249
7241,8,-1.137718677520752
7242,15,-0.3780883550643921
7243,9,-1.0366847515106201
7244,11,-0.7933933734893799
7245,9,-1.0227916240692139
7246,11,-0.8375332355499268
7247,9,-1.008265495300293
7248,9,-1.0861191749572754
7249,29,1.418145775794983
7250,14,-0.5036106109619141
7251,14,-0.44095832109451294
7252,14,-0.4547129273414612
7253,9,-1.0035818815231323
7254,11,-0.8308360576629639
7255,9,-1.0161569118499756
7256,11,-0.8229784965515137
7257,9,-1.0484038591384888
7258,11,-0.7792683839797974
7259,14,-0.5173495411872864
7260,14,-0.5081033706665039
7261,11,-0.8001937866210938
7262,13,-0.6056230664253235
7263,12,-0.7267694473266602
7264,9,-0.9949458241462708
7265,9,-1.0169779062271118
7266,9,-1.0323822498321533
7267,9,-1.0007731914520264
7268,10,-0.9851391315460205
7269,9,-1.0183619260787964
7270,15,-0.4157083034515381
7271,9,-0.9991203546524048
7272,9,-1.0483478307724
7273,11,-0.7954387068748474
7274,9,-1.0277249813079834
7275,9,-1.0051687955856323
7276,9,-1.0211526155471802
7277,11,-0.7976500988006592
7278,9,-1.009676218032837
7279,13,-0.5804151296615601
7280,14,-0.45368632674217224
7281,12,-0.6874669194221497
7282,13,-0.609880805015564
7283,12,-0.767020583152771
7284,9,-1.0084352493286133
7285,14,-0.47271236777305603
7286,13,-0.5785985589027405
7287,9,-1.024806261062622
7288,10,-0.9771655201911926
7289,29,1.4334951639175415
7290,12,-0.7387385964393616
7291,14,-0.4531937539577484
7292,9,-1.0311930179595947
7293,29,1.5026754140853882
7294,13,-0.6523569226264954
7295,16,-0.18663570284843445
7296,11,-0.7925183773040771
7297,9,-1.0591381788253784
7298,11,-0.7869654893875122
7299,9,-1.067040205001831
7300,13,-0.5655989050865173
7301,12,-0.7386807799339294
7302,12,-0.7373042702674866
7303,21,0.3199693560600281
7304,11,-0.8246943354606628
7305,10,-0.9797917604446411
7306,12,-0.669562816619873
7307,12,-0.7540806531906128
7308,10,-0.9494546055793762
7309,11,-0.8081913590431213
7310,12,-0.6921371221542358
7311,15,-0.4133809804916382
7312,11,-0.8529113531112671
7313,9,-1.0240472555160522
7314,11,-0.7924941778182983
7315,15,-0.32773393392562866
7316,12,-0.7257526516914368
7317,9,-1.0066444873809814
7318,13,-0.661045253276825
7319,11,-0.821370542049408
7320,15,-0.373312383890152
7321,11,-0.7955948114395142
7322,9,-1.007649302482605
7323,10,-0.9778995513916016
7324,9,-1.060199499130249
7325,11,-0.776141345500946
7326,11,-0.8345696926116943
7327,9,-1.002675175666809
7328,9,-1.0005803108215332
7329,9,-0.9952344298362732
7330,11,-0.8341320157051086
7331,12,-0.7153127193450928
7332,9,-1.0213345289230347
7333,11,-0.8090234398841858
7334,10,-0.9924961924552917
7335,14,-0.4906383156776428
7336,11,-0.8247622847557068
7337,7,-1.2522900104522705
7338,11,-0.8084140419960022
7339,28,1.3445955514907837
7340,10,-0.9713277816772461
7341,11,-0.8426481485366821
7342,9,-1.0141820907592773
7343,9,-0.9989034533500671
7344,12,-0.7591593265533447
7345,12,-0.6998851895332336
7346,9,-1.073559045791626
7347,9,-1.0136181116104126
7348,10,-0.9872016906738281
7349,27,1.1401302814483643
7350,12,-0.7260221242904663
7351,14,-0.47707676887512207
7352,19,0.1617492437362671
7353,9,-1.0016010999679565
7354,26,0.9883978366851807
7355,11,-0.8083972930908203
7356,15,-0.3125231862068176
7357,21,0.3384934663772583
7358,9,-1.0178098678588867
7359,9,-1.0301311016082764
7360,16,-0.23727235198020935
7361,20,0.23134857416152954
7362,14,-0.5093704462051392
7363,11,-0.8092582821846008
7364,16,-0.27778661251068115
7365,9,-1.0084224939346313
7366,11,-0.8331813216209412
7367,12,-0.7707210779190063
7368,11,-0.7851712703704834
7369,9,-1.0217257738113403
7370,9,-0.9996322393417358
7371,12,-0.7689663767814636
7372,13,-0.5695421695709229
7373,12,-0.7567086219787598
7374,9,-1.0616366863250732
7375,11,-0.7913373112678528
7376,11,-0.7777924537658691
7377,13,-0.6452057361602783
7378,11,-0.8166418671607971
7379,10,-0.9802924394607544
7380,11,-0.8073121309280396
7381,10,-0.9867334961891174
7382,9,-1.0142884254455566
7383,9,-1.0457406044006348
7384,10,-0.9907395839691162
7385,30,1.570025086402893
7386,11,-0.776802659034729
7387,16,-0.27366766333580017
7388,11,-0.8285037279129028
7389,9,-1.0218600034713745
7390,19,0.0846908688545227
7391,11,-0.7843577861785889
7392,10,-0.9866557717323303
7393,9,-1.0530049800872803
7394,9,-1.009415864944458
7395,21,0.322293221950531
7396,15,-0.3458428382873535
7397,12,-0.7046697735786438
7398,9,-1.0152225494384766
7399,9,-1.0100452899932861
7400,7,-1.2802512645721436
7401,13,-0.6178155541419983
7402,10,-0.9687815308570862
7403,12,-0.7418630123138428
7404,10,-0.9819718599319458
7405,12,-0.7537664175033569
7406,14,-0.5229376554489136
7407,9,-1.0064564943313599
7408,10,-0.9560076594352722
7409,14,-0.5117729306221008
7410,13,-0.5710227489471436
7411,9,-1.026788353919983
7412,10,-0.9733694195747375
7413,12,-0.7127529978752136
7414,12,-0.7452733516693115
7415,13,-0.5729983448982239
7416,10,-0.9911538362503052
7417,23,0.5563613176345825
7418,15,-0.4242004156112671
7419,10,-0.9690817594528198
7420,11,-0.7782201766967773
7421,10,-0.9842376708984375
7422,9,-0.997633695602417
7423,10,-0.9811933636665344
7424,10,-0.9659695625305176
7425,13,-0.611075222492218
7426,9,-1.0000194311141968
7427,9,-1.0363613367080688
7428,14,-0.4747094213962555
7429,13,-0.5708507299423218
7430,11,-0.8070322871208191
7431,14,-0.4556763470172882
7432,11,-0.8139247298240662
7433,13,-0.5612582564353943
7434,8,-1.1554992198944092
7435,10,-0.9110823273658752
7436,14,-0.4472566545009613
7437,15,-0.3909085988998413
7438,10,-0.9689339995384216
7439,9,-1.0199954509735107
7440,10,-0.988749086856842
7441,12,-0.7110002636909485
7442,10,-0.9899041652679443
7443,10,-0.9594496488571167
7444,28,1.2809022665023804
7445,24,0.7317065000534058
7446,15,-0.3785949945449829
7447,12,-0.7379169464111328
7448,9,-1.0311180353164673
7449,11,-0.8407366275787354
7450,12,-0.69278883934021
7451,12,-0.7509355545043945
7452,12,-0.7360661625862122
7453,15,-0.40488308668136597
7454,11,-0.7832880020141602
7455,28,1.3501020669937134
7456,9,-1.009015440940857
7457,10,-0.9701985120773315
7458,14,-0.47493863105773926
7459,15,-0.4211554527282715
7460,9,-1.0138331651687622
7461,10,-0.974574863910675
7462,11,-0.7881017923355103
7463,11,-0.7798576951026917
7464,16,-0.3062235414981842
7465,10,-0.9220789074897766
7466,15,-0.3837640583515167
7467,14,-0.4671703577041626
7468,10,-0.9682385325431824
7469,14,-0.5070928931236267
7470,9,-1.0040911436080933
7471,12,-0.756425142288208
7472,9,-1.042685866355896
7473,12,-0.7400833368301392
7474,19,0.16216295957565308
7475,13,-0.6594703793525696
7476,12,-0.6851032972335815
7477,12,-0.7179480791091919
7478,11,-0.7800385355949402
7479,10,-0.9932918548583984
7480,12,-0.7319536209106445
7481,9,-1.0003013610839844
7482,9,-1.0006860494613647
7483,10,-0.8971119523048401
7484,9,-0.9945435523986816
7485,12,-0.6683375239372253
7486,11,-0.7921079397201538
7487,9,-1.0067787170410156
7488,11,-0.7849704027175903
7489,27,1.1254749298095703
7490,10,-0.9882232546806335
7491,12,-0.7457973957061768
7492,11,-0.7773927450180054
7493,15,-0.39392030239105225
7494,10,-0.9702607989311218
7495,11,-0.7989973425865173
7496,12,-0.7716648578643799
7497,9,-0.9975218176841736
7498,12,-0.6921656131744385
7499,13,-0.6054884195327759
7500,10,-0.9686570167541504
7501,10,-0.9800170063972473
7502,12,-0.7237423658370972
7503,15,-0.4141119420528412
7504,12,-0.6667524576187134
7505,12,-0.7712171673774719
7506,12,-0.736026406288147
7507,9,-1.0089250802993774
7508,12,-0.7196529507637024
7509,12,-0.7516981363296509
7510,11,-0.7992437481880188
7511,10,-0.951099157333374
7512,15,-0.33469298481941223
7513,11,-0.8093045949935913
7514,10,-0.967223584651947
7515,9,-0.9980642795562744
7516,12,-0.7306161522865295
7517,9,-1.0538092851638794
7518,9,-1.0008046627044678
7519,12,-0.7486860156059265
7520,10,-0.977579653263092
7521,13,-0.5777900815010071
7522,12,-0.7740820050239563
7523,10,-0.9897921681404114
7524,12,-0.6806154847145081
7525,10,-0.971311092376709
7526,14,-0.42612534761428833
7527,12,-0.6865216493606567
7528,12,-0.7139990925788879
7529,13,-0.6572415828704834
7530,10,-0.9830514192581177
7531,11,-0.8545923829078674
7532,12,-0.7671518921852112
7533,11,-0.7779152393341064
7534,9,-1.0000972747802734
7535,10,-0.9586494565010071
7536,21,0.4050482511520386
7537,12,-0.7311438322067261
7538,11,-0.7773277759552002
7539,10,-0.9681881666183472
7540,12,-0.7321115136146545
7541,14,-0.4473837614059448
7542,11,-0.7958589792251587
7543,13,-0.582135796546936
7544,16,-0.3010307848453522
7545,12,-0.6877459287643433
7546,10,-0.9830007553100586
7547,11,-0.796309232711792
7548,14,-0.4288530945777893
7549,11,-0.7788355350494385
7550,12,-0.7330098748207092
7551,21,0.3237963914871216
7552,26,1.0076303482055664
7553,14,-0.4765082895755768
7554,9,-1.008532166481018
7555,15,-0.35076963901519775
7556,12,-0.7546057105064392
7557,10,-0.9715834259986877
7558,12,-0.7478899359703064
7559,10,-0.938691258430481
7560,12,-0.7173037528991699
7561,9,-1.006462574005127
7562,10,-0.9552687406539917
7563,17,-0.15756577253341675
7564,9,-1.0321340560913086
7565,16,-0.3054310381412506
7566,11,-0.7789371013641357
7567,12,-0.7380823493003845
7568,13,-0.5956407785415649
7569,18,-0.013640165328979492
7570,12,-0.6626285910606384
7571,12,-0.687493085861206
7572,10,-0.9813289642333984
7573,12,-0.7365359663963318
7574,13,-0.5679880380630493
7575,14,-0.46455514430999756
7576,10,-0.9721287488937378
7577,10,-0.9536712169647217
7578,24,0.7887461185455322
7579,8,-1.1685494184494019
7580,12,-0.7610527276992798
7581,13,-0.5971226692199707
7582,11,-0.7819889783859253
7583,12,-0.7252023220062256
7584,25,0.940803050994873
7585,22,0.44998371601104736
7586,11,-0.8139774799346924
7587,11,-0.8152622580528259
7588,14,-0.5403604507446289
7589,10,-0.9776352643966675
7590,9,-1.0458972454071045
7591,10,-0.9674748778343201
7592,7,-1.2755122184753418
7593,27,1.114395022392273
7594,15,-0.3963601291179657
7595,11,-0.8158771991729736
7596,10,-0.9288634061813354
7597,11,-0.7951115965843201
7598,12,-0.6707037687301636
7599,15,-0.4031362235546112
7600,10,-0.9691641330718994
7601,10,-0.908463716506958
7602,12,-0.7212144136428833
7603,12,-0.7417359948158264
7604,15,-0.3223532736301422
7605,19,0.05002564191818237
7606,10,-0.908900260925293
7607,12,-0.7120860815048218
7608,12,-0.7207072973251343
7609,10,-0.9740532636642456
7610,10,-0.9793916940689087
7611,10,-0.9784260392189026
7612,10,-0.9276856184005737
7613,8,-1.1425189971923828
7614,12,-0.7199270129203796
7615,9,-1.0067265033721924
7616,10,-0.9631057977676392
7617,10,-0.956831693649292
7618,12,-0.7552543878555298
7619,9,-0.9950801134109497
7620,12,-0.7120255827903748
7621,17,-0.08005177974700928
7622,11,-0.7895224094390869
7623,10,-0.983074426651001
7624,25,0.9431164264678955
7625,12,-0.7525907754898071
7626,12,-0.705440878868103
7627,19,0.09036260843276978
7628,12,-0.7363861799240112
7629,13,-0.6185410618782043
7630,15,-0.3932211995124817
7631,16,-0.18689918518066406
7632,10,-0.9196481704711914
7633,10,-0.9635950326919556
7634,13,-0.6552748680114746
7635,13,-0.6122923493385315
7636,11,-0.7875406742095947
7637,24,0.7158660888671875
7638,14,-0.47120803594589233
7639,9,-1.0020672082901
7640,12,-0.697475016117096
7641,14,-0.47142988443374634
7642,13,-0.5834740400314331
7643,10,-0.9646016359329224
7644,9,-1.001441240310669
7645,14,-0.5354741215705872
7646,10,-0.9610871076583862
7647,10,-0.9292556047439575
7648,10,-0.9887956380844116
7649,25,0.9464130401611328
7650,10,-0.9678257703781128
7651,13,-0.6106472611427307
7652,12,-0.7560510039329529
7653,10,-0.9214382171630859
7654,10,-0.9525280594825745
7655,15,-0.3890167474746704
7656,14,-0.44631484150886536
7657,12,-0.7729380130767822
7658,10,-0.9382830262184143
7659,10,-0.9614506959915161
7660,12,-0.7154415845870972
7661,13,-0.5659770369529724
7662,10,-0.9583559632301331
7663,12,-0.7012767791748047
7664,19,0.1372268795967102
7665,10,-0.9435905814170837
7666,15,-0.418521910905838
7667,12,-0.7255541682243347
7668,11,-0.8797392845153809
7669,10,-0.980931282043457
7670,10,-0.9454126358032227
7671,10,-0.9322630167007446
7672,10,-0.9367347955703735
7673,10,-0.9781407713890076
7674,12,-0.7197556495666504
7675,14,-0.45569196343421936
7676,14,-0.4437520503997803
7677,12,-0.7148021459579468
7678,12,-0.7414717674255371
7679,14,-0.5374921560287476
7680,10,-0.9470831155776978
7681,11,-0.7876503467559814
7682,12,-0.6994213461875916
7683,12,-0.7615982294082642
7684,10,-0.9616984128952026
7685,14,-0.5266423225402832
7686,15,-0.39600110054016113
7687,16,-0.22675830125808716
7688,10,-0.9587932825088501
7689,9,-1.0120306015014648
7690,13,-0.5881500244140625
7691,12,-0.7371983528137207
7692,11,-0.8407785892486572
7693,12,-0.750966489315033
7694,12,-0.7179864048957825
7695,17,-0.11415261030197144
7696,12,-0.7456833720207214
7697,12,-0.7537134885787964
7698,10,-0.9581360816955566
7699,10,-0.9541671276092529
7700,10,-0.9318802356719971
7701,10,-0.9672377109527588
7702,12,-0.7457025051116943
7703,12,-0.6629610657691956
7704,11,-0.79670649766922
7705,10,-0.9521904587745667
7706,15,-0.35269731283187866
7707,14,-0.4693698585033417
7708,10,-0.9833033084869385
7709,14,-0.5330155491828918
7710,10,-0.9770810604095459
7711,12,-0.7174824476242065
7712,12,-0.6812443137168884
7713,12,-0.6927905082702637
7714,8,-1.1896464824676514
7715,12,-0.7224052548408508
7716,16,-0.2698667347431183
7717,15,-0.4251399636268616
7718,12,-0.724743664264679
7719,14,-0.4801407754421234
7720,10,-0.944715142250061
7721,15,-0.4067292809486389
7722,10,-0.8958604335784912
7723,13,-0.6512042284011841
7724,15,-0.3569190204143524
7725,12,-0.6999075412750244
7726,14,-0.500014066696167
7727,13,-0.6481798887252808
7728,10,-0.905646800994873
7729,11,-0.7882245779037476
7730,16,-0.27297908067703247
7731,15,-0.42349883913993835
7732,12,-0.7209790945053101
7733,10,-0.9468967914581299
7734,13,-0.5479706525802612
7735,10,-0.9397701025009155
7736,14,-0.4960906207561493
7737,12,-0.7190419435501099
7738,12,-0.666426956653595
7739,10,-0.9923114776611328
7740,12,-0.7153686285018921
7741,10,-0.9241345524787903
7742,12,-0.7201380729675293
7743,13,-0.6223570704460144
7744,11,-0.8805145025253296
7745,10,-0.9658831357955933
7746,12,-0.7442012429237366
7747,10,-0.9284111857414246
7748,12,-0.689225971698761
7749,10,-0.964192271232605
7750,10,-0.9425364136695862
7751,12,-0.6762064099311829
7752,10,-0.939130961894989
7753,10,-0.968703031539917
7754,12,-0.7039424180984497
7755,11,-0.8695537447929382
7756,13,-0.6303098201751709
7757,12,-0.7057979702949524
7758,12,-0.7179907560348511
7759,13,-0.6530641913414001
7760,15,-0.36042332649230957
7761,10,-0.9226099252700806
7762,15,-0.3355306088924408
7763,12,-0.6970438957214355
7764,22,0.4838980436325073
7765,10,-0.9119077920913696
7766,10,-0.933224081993103
7767,11,-0.8791019320487976
7768,23,0.6266037225723267
7769,17,-0.0651124119758606
7770,12,-0.7177259922027588
7771,9,-1.010568618774414
7772,12,-0.7425293326377869
7773,14,-0.46404939889907837
7774,9,-1.011976718902588
7775,10,-0.918810248374939
7776,10,-0.93745356798172
7777,12,-0.7350239753723145
7778,11,-0.7766623497009277
7779,12,-0.7661635279655457
7780,14,-0.43039634823799133
7781,10,-0.957151472568512
7782,10,-0.9309653043746948
7783,10,-0.9371129274368286
7784,12,-0.769317626953125
7785,15,-0.35182154178619385
7786,10,-0.9459145069122314
7787,10,-0.9324971437454224
7788,10,-0.9462374448776245
7789,12,-0.6622172594070435
7790,13,-0.6320623755455017
7791,10,-0.9493845701217651
7792,10,-0.9469925165176392
7793,12,-0.7000027298927307
7794,13,-0.5468089580535889
7795,12,-0.6973903179168701
7796,10,-0.9133042097091675
7797,12,-0.7071772813796997
7798,13,-0.6212102174758911
7799,10,-0.962497353553772
7800,12,-0.7000073790550232
7801,13,-0.6096498966217041
7802,10,-0.984931230545044
7803,12,-0.7282374501228333
7804,14,-0.46332722902297974
7805,10,-0.9481430649757385
7806,12,-0.669668972492218
7807,12,-0.7216076254844666
7808,10,-0.9124689102172852
7809,13,-0.5941902995109558
7810,15,-0.3551960289478302
7811,10,-0.9754297733306885
7812,27,1.1802315711975098
7813,12,-0.7214098572731018
7814,10,-0.9479094743728638
7815,12,-0.7416160106658936
7816,13,-0.582868754863739
7817,12,-0.6703274250030518
7818,12,-0.6866424679756165
7819,10,-0.9613497257232666
7820,10,-0.9055448770523071
7821,22,0.491546630859375
7822,12,-0.6873139142990112
7823,12,-0.7289990782737732
7824,12,-0.6748146414756775
7825,12,-0.6900560855865479
7826,13,-0.6362691521644592
7827,14,-0.5092242360115051
7828,10,-0.8809779286384583
7829,18,0.013129055500030518
7830,20,0.23322540521621704
7831,12,-0.7323296070098877
7832,12,-0.6737228631973267
7833,10,-0.951755166053772
7834,18,-0.02710026502609253
7835,10,-0.9602159857749939
7836,10,-0.9083693027496338
7837,12,-0.6794389486312866
7838,10,-0.926397442817688
7839,17,-0.1405392289161682
7840,10,-0.9183889627456665
7841,10,-0.9436078071594238
7842,13,-0.5488479733467102
7843,12,-0.6997921466827393
7844,14,-0.4520210027694702
7845,10,-0.9329894781112671
7846,12,-0.6681936383247375
7847,12,-0.7477788925170898
7848,12,-0.6860817074775696
7849,10,-0.9678627252578735
7850,12,-0.68304044008255
7851,10,-0.9074353575706482
7852,13,-0.575331449508667
7853,16,-0.3001296818256378
7854,12,-0.7558960318565369
7855,10,-0.9165745377540588
7856,12,-0.6816742420196533
7857,16,-0.1864393651485443
7858,10,-0.8959620594978333
7859,10,-0.9349363446235657
7860,6,-1.412355661392212
7861,12,-0.7122431993484497
7862,15,-0.402070552110672
7863,10,-0.909019410610199
7864,13,-0.5620269179344177
7865,10,-0.8950357437133789
7866,15,-0.4060189723968506
7867,17,-0.14164233207702637
7868,16,-0.301188200712204
7869,16,-0.23593133687973022
7870,10,-0.9504278898239136
7871,21,0.3475642204284668
7872,14,-0.44300755858421326
7873,10,-0.938107967376709
7874,12,-0.7261868715286255
7875,29,1.464236855506897
7876,13,-0.6183491945266724
7877,15,-0.3405519127845764
7878,19,0.1577550172805786
7879,13,-0.6069998145103455
7880,13,-0.6060954928398132
7881,18,-0.037941575050354004
7882,10,-0.9429236054420471
7883,14,-0.4641125798225403
7884,10,-0.9544707536697388
7885,13,-0.6320697069168091
7886,16,-0.29249492287635803
7887,10,-0.923991858959198
7888,13,-0.6417005062103271
7889,17,-0.1851390302181244
7890,15,-0.40241897106170654
7891,15,-0.4240174889564514
7892,15,-0.39119505882263184
7893,10,-0.9588251709938049
7894,10,-0.9459755420684814
7895,12,-0.7388695478439331
7896,10,-0.9264109134674072
7897,12,-0.6751375794410706
7898,12,-0.7047514319419861
7899,10,-0.9044642448425293
7900,12,-0.66409832239151
7901,10,-0.9422358870506287
7902,10,-0.8910151124000549
7903,12,-0.7581397891044617
7904,13,-0.556606650352478
7905,11,-0.8773929476737976
7906,12,-0.6957535743713379
7907,29,1.5019465684890747
7908,13,-0.6520904898643494
7909,10,-0.9379708766937256
7910,10,-0.9187973737716675
7911,10,-0.9061608910560608
7912,12,-0.6754206418991089
7913,12,-0.7589356303215027
7914,24,0.7292671203613281
7915,10,-0.9360984563827515
7916,12,-0.6646499037742615
7917,12,-0.7309882640838623
7918,15,-0.31184184551239014
7919,14,-0.48128318786621094
7920,10,-0.9237591028213501
7921,10,-0.9216558933258057
7922,13,-0.6224157810211182
7923,10,-0.9065483212471008
7924,12,-0.6876932382583618
7925,12,-0.6823792457580566
7926,14,-0.444619745016098
7927,13,-0.5906278491020203
7928,15,-0.3301473557949066
7929,19,0.1407873034477234
7930,13,-0.634482741355896
7931,13,-0.6037177443504333
7932,10,-0.9315284490585327
7933,13,-0.6441425085067749
7934,10,-0.9468005299568176
7935,13,-0.5916995406150818
7936,17,-0.0957949161529541
7937,10,-0.9028736352920532
7938,10,-0.9309336543083191
7939,13,-0.6335197687149048
7940,12,-0.6732038259506226
7941,10,-0.9471831917762756
7942,22,0.5300699472427368
7943,13,-0.6345912218093872
7944,13,-0.6595077514648438
7945,10,-0.9066994190216064
7946,12,-0.690690279006958
7947,10,-0.9158881902694702
7948,15,-0.3422842025756836
7949,10,-0.9306484460830688
7950,14,-0.4674296975135803
7951,15,-0.3514814078807831
7952,15,-0.3565065860748291
7953,10,-0.9172889590263367
7954,15,-0.4117656648159027
7955,8,-1.2102692127227783
7956,10,-0.9363218545913696
7957,18,-0.039932191371917725
7958,13,-0.6247676610946655
7959,10,-0.8866145014762878
7960,26,1.0236655473709106
7961,13,-0.6551687717437744
7962,14,-0.4912043809890747
7963,12,-0.7002692818641663
7964,16,-0.2307453155517578
7965,10,-0.9037757515907288
7966,24,0.7720119953155518
7967,11,-0.8593304753303528
7968,15,-0.36504992842674255
7969,10,-0.9136348962783813
7970,13,-0.6479200720787048
7971,15,-0.3855597674846649
7972,10,-0.9045786261558533
7973,16,-0.2325519323348999
7974,8,-1.1555777788162231
7975,13,-0.6484489440917969
7976,10,-0.9502018690109253
7977,13,-0.6501461863517761
7978,13,-0.6503424644470215
7979,12,-0.7061666250228882
7980,10,-0.9127965569496155
7981,14,-0.4965399503707886
7982,10,-0.9183698892593384
7983,10,-0.9562543034553528
7984,10,-0.9935499429702759
7985,10,-0.9123270511627197
7986,13,-0.5995467305183411
7987,10,-0.9261289834976196
7988,14,-0.5043367147445679
7989,10,-0.8922171592712402
7990,14,-0.4486609101295471
7991,10,-0.9580844640731812
7992,10,-0.8894433975219727
7993,14,-0.4986817240715027
7994,10,-0.9174469709396362
7995,11,-0.8775953650474548
7996,12,-0.7532487511634827
7997,13,-0.6593895554542542
7998,10,-0.9540040493011475
7999,12,-0.675097644329071
8000,11,-0.8704372048377991
8001,10,-0.9133576154708862
8002,10,-0.8965451717376709
8003,11,-0.873536229133606
8004,11,-0.8690698742866516
8005,23,0.6436855792999268
8006,13,-0.6587048768997192
8007,13,-0.6483301520347595
8008,13,-0.5663907527923584
8009,10,-0.9169466495513916
8010,13,-0.6430593729019165
8011,12,-0.6699641942977905
8012,11,-0.8793821930885315
8013,15,-0.3555639684200287
8014,10,-0.9219197034835815
8015,13,-0.650600016117096
8016,14,-0.5260531902313232
8017,13,-0.5836233496665955
8018,10,-0.9273799657821655
8019,11,-0.8771492838859558
8020,15,-0.41325265169143677
8021,13,-0.611139714717865
8022,13,-0.6181091070175171
8023,11,-0.8710190653800964
8024,13,-0.5757834315299988
8025,16,-0.22246545553207397
8026,10,-0.9116501212120056
8027,15,-0.4022883176803589
8028,13,-0.6166199445724487
8029,10,-0.9218894243240356
8030,15,-0.3877321779727936
8031,10,-0.9208583831787109
8032,28,1.262763500213623
8033,10,-0.9298316836357117
8034,13,-0.6238089799880981
8035,10,-0.9143691062927246
8036,12,-0.7222549915313721
8037,14,-0.4573110342025757
8038,15,-0.3639240860939026
8039,13,-0.6414270401000977
8040,10,-0.8903653621673584
8041,13,-0.5917407870292664
8042,13,-0.61921226978302
8043,29,1.3539668321609497
8044,12,-0.6668599843978882
8045,13,-0.6175860166549683
8046,10,-0.9332798719406128
8047,15,-0.37940505146980286
8048,12,-0.6639430522918701
8049,13,-0.5970284342765808
8050,17,-0.18303599953651428
8051,22,0.5010135173797607
8052,10,-0.924579381942749
8053,11,-0.8772720098495483
8054,10,-0.9268837571144104
8055,10,-0.8922494649887085
8056,12,-0.6836985349655151
8057,24,0.7803224325180054
8058,13,-0.5724960565567017
8059,11,-0.8624582290649414
8060,15,-0.4043292999267578
8061,13,-0.6159034371376038
8062,11,-0.8695697784423828
8063,10,-0.9323759078979492
8064,15,-0.4205630421638489
8065,14,-0.5397757291793823
8066,13,-0.6566067337989807
8067,13,-0.6306575536727905
8068,12,-0.6670452952384949
8069,16,-0.2865583300590515
8070,13,-0.5984589457511902
8071,10,-0.9394869804382324
8072,12,-0.6679852604866028
8073,13,-0.5819132328033447
8074,12,-0.670421838760376
8075,10,-0.9380468130111694
8076,13,-0.6522901058197021
8077,10,-0.892500638961792
8078,10,-0.9067512154579163
8079,16,-0.21680912375450134
8080,10,-0.8880185484886169
8081,14,-0.5360985994338989
8082,13,-0.6508283615112305
8083,13,-0.5923236012458801
8084,16,-0.20461049675941467
8085,13,-0.554111659526825
8086,14,-0.48037412762641907
8087,11,-0.8619386553764343
8088,11,-0.8668063282966614
8089,11,-0.8676722049713135
8090,12,-0.668129563331604
8091,13,-0.6467865705490112
8092,10,-0.9348530769348145
8093,13,-0.6452085375785828
8094,14,-0.48719823360443115
8095,13,-0.6317811012268066
8096,12,-0.6845582723617554
8097,13,-0.6507245898246765
8098,13,-0.6369596123695374
8099,13,-0.6229226589202881
8100,11,-0.8696224689483643
8101,27,1.1714608669281006
8102,10,-0.8854539394378662
8103,13,-0.601615846157074
8104,11,-0.8524101376533508
8105,27,1.1282635927200317
8106,24,0.7004232406616211
8107,11,-0.872226893901825
8108,13,-0.5823626518249512
8109,13,-0.6098420023918152
8110,28,1.2868843078613281
8111,11,-0.8615383505821228
8112,19,0.14003294706344604
8113,13,-0.5726069211959839
8114,11,-0.8750209808349609
8115,18,-0.04316580295562744
8116,11,-0.863627016544342
8117,14,-0.530936598777771
8118,24,0.7661675214767456
8119,11,-0.8684625625610352
8120,11,-0.8490053415298462
8121,10,-0.891227126121521
8122,11,-0.8224871158599854
8123,10,-0.9075927734375
8124,10,-0.898259162902832
8125,13,-0.5736751556396484
8126,15,-0.3644768297672272
8127,15,-0.3451743423938751
8128,10,-0.8924223184585571
8129,16,-0.3092023432254791
8130,23,0.6039315462112427
8131,10,-0.8871893882751465
8132,5,-1.5226655006408691
8133,10,-0.9077993035316467
8134,11,-0.8678794503211975
8135,10,-0.8837841153144836
8136,17,-0.16376841068267822
8137,12,-0.7049009799957275
8138,15,-0.3226544260978699
8139,12,-0.6757380962371826
8140,19,0.15816044807434082
8141,16,-0.30357837677001953
8142,11,-0.8640905022621155
8143,11,-0.877751350402832
8144,10,-0.9165393710136414
8145,13,-0.6163431406021118
8146,10,-0.8861271142959595
8147,12,-0.6957659721374512
8148,11,-0.8752713203430176
8149,15,-0.3652428984642029
8150,11,-0.8773823976516724
8151,10,-0.8805435299873352
8152,11,-0.8599426746368408
8153,9,-1.016602635383606
8154,15,-0.36792874336242676
8155,13,-0.6398969888687134
8156,13,-0.6075917482376099
8157,13,-0.5989598035812378
8158,23,0.5990519523620605
8159,13,-0.6389172077178955
8160,13,-0.61688232421875
8161,11,-0.8593617081642151
8162,10,-0.8807277679443359
8163,12,-0.6651220917701721
8164,13,-0.5564704537391663
8165,10,-0.8954722285270691
8166,13,-0.6077234148979187
8167,22,0.4627974033355713
8168,10,-0.9381499290466309
8169,11,-0.8561550378799438
8170,11,-0.8293935060501099
8171,17,-0.14681023359298706
8172,10,-0.9291431903839111
8173,11,-0.8669081926345825
8174,13,-0.601118803024292
8175,11,-0.8697546124458313
8176,11,-0.8654455542564392
8177,15,-0.3635845184326172
8178,30,1.6121119260787964
8179,15,-0.4200189709663391
8180,12,-0.735117495059967
8181,10,-0.9827958345413208
8182,10,-0.8921689391136169
8183,11,-0.8778178095817566
8184,13,-0.5650262236595154
8185,10,-0.8881166577339172
8186,10,-0.9383920431137085
8187,15,-0.3257049024105072
8188,13,-0.6328914761543274
8189,14,-0.5141178965568542
8190,13,-0.6251184344291687
8191,10,-0.883001446723938
8192,11,-0.8495662212371826
8193,14,-0.45647507905960083
8194,10,-0.8916839361190796
8195,11,-0.8329969644546509
8196,13,-0.6035824418067932
8197,16,-0.3050287961959839
8198,10,-0.9109941720962524
8199,13,-0.5815556049346924
8200,15,-0.32853537797927856
8201,16,-0.20156565308570862
8202,20,0.19709527492523193
8203,13,-0.6055169701576233
8204,11,-0.8683796525001526
8205,16,-0.21160855889320374
8206,13,-0.569377064704895
8207,21,0.34863412380218506
8208,17,-0.14856958389282227
8209,11,-0.8709650039672852
8210,11,-0.8762972354888916
8211,10,-0.8951941728591919
8212,11,-0.8536310195922852
8213,15,-0.31949684023857117
8214,11,-0.8601224422454834
8215,17,-0.1112816333770752
8216,13,-0.6592395305633545
8217,11,-0.8760407567024231
8218,24,0.7495287656784058
8219,15,-0.36189645528793335
8220,10,-0.8833582401275635
8221,13,-0.6233439445495605
8222,8,-1.1291530132293701
8223,13,-0.5862519145011902
8224,13,-0.657164990901947
8225,12,-0.6868069767951965
8226,13,-0.6568419933319092
8227,10,-0.9082686901092529
8228,11,-0.857399582862854
8229,13,-0.621724545955658
8230,11,-0.8612911701202393
8231,11,-0.871280312538147
8232,11,-0.8490629196166992
8233,13,-0.5870730876922607
8234,10,-0.8825884461402893
8235,11,-0.8277961015701294
8236,11,-0.8542339205741882
8237,13,-0.6372409462928772
8238,13,-0.6539289355278015
8239,15,-0.33873450756073
8240,17,-0.16567689180374146
8241,13,-0.6233705282211304
8242,13,-0.5609955191612244
8243,11,-0.8713819980621338
8244,10,-0.8840490579605103
8245,13,-0.5656617879867554
8246,13,-0.5745784640312195
8247,13,-0.6323325037956238
8248,13,-0.6063977479934692
8249,22,0.5211340188980103
8250,13,-0.6089670062065125
8251,14,-0.4342731237411499
8252,13,-0.6108428239822388
8253,13,-0.5569748878479004
8254,13,-0.5505478978157043
8255,10,-0.887097954750061
8256,10,-0.920143187046051
8257,17,-0.06560194492340088
8258,14,-0.5064903497695923
8259,10,-0.8869425058364868
8260,11,-0.8239805698394775
8261,10,-0.8940215110778809
8262,13,-0.6450214385986328
8263,11,-0.8560469150543213
8264,15,-0.33254164457321167
8265,13,-0.6213984489440918
8266,15,-0.3464415371417999
8267,11,-0.8118836879730225
8268,15,-0.344453901052475
8269,15,-0.3367626368999481
8270,13,-0.6326941251754761
8271,26,0.9771372079849243
8272,14,-0.4967780113220215
8273,13,-0.6009227633476257
8274,13,-0.658022403717041
8275,21,0.38624417781829834
8276,11,-0.8645433187484741
8277,15,-0.35831668972969055
8278,11,-0.8234699964523315
8279,13,-0.6052553653717041
8280,16,-0.2473154067993164
8281,10,-0.9562435746192932
8282,11,-0.8430196046829224
8283,11,-0.8520685434341431
8284,12,-0.6621255874633789
8285,10,-0.8874834179878235
8286,13,-0.6142196655273438
8287,13,-0.6158478260040283
8288,15,-0.4111693203449249
8289,16,-0.2612975835800171
8290,10,-0.8832495212554932
8291,13,-0.5585516095161438
8292,13,-0.6521368622779846
8293,13,-0.5876763463020325
8294,12,-0.6622424721717834
8295,11,-0.86057448387146
8296,11,-0.8392041325569153
8297,10,-0.8834117650985718
8298,11,-0.8560918569564819
8299,13,-0.5665136575698853
8300,30,1.6084426641464233
8301,11,-0.8354334235191345
8302,13,-0.5631895065307617
8303,17,-0.12494534254074097
8304,11,-0.8693631887435913
8305,11,-0.866258442401886
8306,13,-0.5813685655593872
8307,15,-0.398193359375
8308,11,-0.8710153102874756
8309,11,-0.8292749524116516
8310,13,-0.6009629368782043
8311,11,-0.8182794451713562
8312,18,0.027198970317840576
8313,11,-0.8587343096733093
8314,11,-0.8642846345901489
8315,17,-0.1355646848678589
8316,15,-0.358908087015152
8317,17,-0.13866323232650757
8318,11,-0.8709533214569092
8319,11,-0.8344156742095947
8320,25,0.9149287939071655
8321,13,-0.60789555311203
8322,10,-0.8808962106704712
8323,11,-0.8376060128211975
8324,22,0.4175812005996704
8325,19,0.11768358945846558
8326,14,-0.43937334418296814
8327,13,-0.612768292427063
8328,11,-0.8294586539268494
8329,11,-0.8692772388458252
8330,16,-0.2896660268306732
8331,10,-0.8845357894897461
8332,11,-0.8543919324874878
8333,11,-0.8151273131370544
8334,11,-0.8264920711517334
8335,11,-0.8079507350921631
8336,13,-0.5926385521888733
8337,11,-0.7848796844482422
8338,13,-0.5710268616676331
8339,14,-0.5081536769866943
8340,15,-0.372409850358963
8341,13,-0.576931357383728
8342,10,-0.9107312560081482
8343,16,-0.29531094431877136
8344,13,-0.649297297000885
8345,10,-0.9088187217712402
8346,14,-0.5336297750473022
8347,14,-0.4828566610813141
8348,13,-0.6590398550033569
8349,11,-0.8443436026573181
8350,13,-0.5888619422912598
8351,13,-0.5735841393470764
8352,11,-0.8623057007789612
8353,11,-0.8517335653305054
8354,15,-0.3887135982513428
8355,13,-0.6064759492874146
8356,10,-0.881229043006897
8357,13,-0.5646665692329407
8358,13,-0.6431558132171631
8359,11,-0.8609166741371155
8360,10,-0.9170984029769897
8361,13,-0.6034271121025085
8362,11,-0.8684452176094055
8363,13,-0.6358548998832703
8364,23,0.5497961044311523
8365,11,-0.8046431541442871
8366,14,-0.46287697553634644
8367,11,-0.8205996751785278
8368,13,-0.6305434107780457
8369,13,-0.5574816465377808
8370,15,-0.3135383427143097
8371,14,-0.48993000388145447
8372,13,-0.6340368390083313
8373,11,-0.8109646439552307
8374,26,1.0153149366378784
8375,10,-0.9177822470664978
8376,11,-0.8454570770263672
8377,11,-0.8706689476966858
8378,15,-0.39004233479499817
8379,14,-0.4570043683052063
8380,19,0.05124598741531372
8381,13,-0.5508229732513428
8382,11,-0.8414037227630615
8383,11,-0.8513951301574707
8384,16,-0.20442867279052734
8385,13,-0.6195210218429565
8386,12,-0.6630764603614807
8387,11,-0.848202109336853
8388,11,-0.8471760749816895
8389,15,-0.3679390549659729
8390,11,-0.8677007555961609
8391,11,-0.8522724509239197
8392,16,-0.2768338620662689
8393,12,-0.6770576238632202
8394,13,-0.5798197984695435
8395,14,-0.5342486500740051
8396,14,-0.5050089359283447
8397,18,-0.03330731391906738
8398,11,-0.831520676612854
8399,11,-0.8360773921012878
8400,14,-0.5144465565681458
8401,21,0.3328535556793213
8402,18,-0.0005117058753967285
8403,17,-0.13315969705581665
8404,11,-0.8635269999504089
8405,13,-0.6613244414329529
8406,13,-0.63022381067276
8407,13,-0.6265313625335693
8408,11,-0.8088316917419434
8409,11,-0.8493836522102356
8410,17,-0.18067756295204163
8411,10,-0.8900251984596252
8412,13,-0.5638978481292725
8413,13,-0.6072388887405396
8414,13,-0.5709139108657837
8415,13,-0.6007672548294067
8416,14,-0.5174154043197632
8417,10,-0.8929391503334045
8418,10,-0.8901064395904541
8419,17,-0.16935297846794128
8420,17,-0.12283569574356079
8421,11,-0.8531101942062378
8422,14,-0.528525173664093
8423,13,-0.5935925245285034
8424,15,-0.3319892883300781
8425,11,-0.8118947744369507
8426,10,-0.8827219009399414
8427,11,-0.8487631678581238
8428,25,0.8780205249786377
8429,16,-0.26027652621269226
8430,15,-0.4196203947067261
8431,10,-0.9337909817695618
8432,13,-0.5960500836372375
8433,13,-0.62870854139328
8434,11,-0.8552380800247192
8435,13,-0.572008490562439
8436,28,1.3295745849609375
8437,11,-0.8560019731521606
8438,11,-0.864081859588623
8439,11,-0.7850300073623657
8440,11,-0.8324347138404846
8441,13,-0.5673770308494568
8442,20,0.24522972106933594
8443,14,-0.467842161655426
8444,13,-0.6020206212997437
8445,16,-0.29835858941078186
8446,13,-0.569088876247406
8447,11,-0.8582044839859009
8448,11,-0.8029018640518188
8449,16,-0.26184388995170593
8450,14,-0.5231881141662598
8451,13,-0.6031829118728638
8452,11,-0.8089978694915771
8453,11,-0.8721564412117004
8454,17,-0.0830046534538269
8455,13,-0.6399618983268738
8456,11,-0.8366584181785583
8457,14,-0.5169341564178467
8458,14,-0.5363978147506714
8459,11,-0.8167451620101929
8460,13,-0.6337109208106995
8461,11,-0.821640133857727
8462,11,-0.8690863847732544
8463,13,-0.5558444857597351
8464,11,-0.8362773060798645
8465,11,-0.8340129852294922
8466,11,-0.8616211414337158
8467,13,-0.5834373235702515
8468,17,-0.18556112051010132
8469,17,-0.1577244997024536
8470,13,-0.5580295324325562
8471,11,-0.8125671148300171
8472,11,-0.8537147045135498
8473,13,-0.6393516063690186
8474,11,-0.8106547594070435
8475,14,-0.5447905659675598
8476,13,-0.5674697160720825
8477,22,0.47722673416137695
8478,14,-0.5323640704154968
8479,16,-0.25008031725883484
8480,16,-0.25523054599761963
8481,13,-0.5637896060943604
8482,14,-0.5343202948570251
8483,15,-0.3376457095146179
8484,27,1.1930651664733887
8485,13,-0.5611881613731384
8486,15,-0.3503560423851013
8487,13,-0.5545176863670349
8488,16,-0.2608437240123749
8489,13,-0.6155240535736084
8490,15,-0.3118530511856079
8491,17,-0.11651813983917236
8492,13,-0.637024462223053
8493,11,-0.8058422803878784
8494,16,-0.24118328094482422
8495,10,-0.8872379660606384
8496,17,-0.13077986240386963
8497,15,-0.4062245488166809
8498,10,-0.8887861371040344
8499,11,-0.8177114725112915
8500,12,-0.7376599907875061
8501,11,-0.8074392080307007
8502,14,-0.4913337230682373
8503,13,-0.6398064494132996
8504,11,-0.8280913233757019
8505,29,1.4697929620742798
8506,16,-0.18726801872253418
8507,11,-0.7944897413253784
8508,18,-0.0015245676040649414
8509,15,-0.3438745439052582
8510,11,-0.8411363959312439
8511,11,-0.8132491111755371
8512,12,-0.7602311968803406
8513,13,-0.6063966155052185
8514,18,-0.03923070430755615
8515,14,-0.529491126537323
8516,13,-0.5624744892120361
8517,14,-0.5385928750038147
8518,11,-0.8187114000320435
8519,11,-0.8141405582427979
8520,11,-0.8164006471633911
8521,16,-0.2896743714809418
8522,18,-0.0013556480407714844
8523,17,-0.1089734435081482
8524,11,-0.8269124031066895
8525,14,-0.4923659861087799
8526,14,-0.5367246866226196
8527,17,-0.16578000783920288
8528,14,-0.5275499820709229
8529,13,-0.5851958394050598
8530,11,-0.821277916431427
8531,11,-0.8103001713752747
8532,11,-0.8514994382858276
8533,11,-0.8251482844352722
8534,11,-0.8301923871040344
8535,13,-0.5911432504653931
8536,17,-0.11779522895812988
8537,11,-0.8494499921798706
8538,11,-0.8265246152877808
8539,11,-0.8300414681434631
8540,11,-0.794998824596405
8541,18,-0.05409747362136841
8542,11,-0.8328530788421631
8543,14,-0.5106257796287537
8544,11,-0.8444124460220337
8545,11,-0.8021485805511475
8546,14,-0.5458153486251831
8547,11,-0.8467190861701965
8548,11,-0.8324283361434937
8549,17,-0.17775356769561768
8550,11,-0.8143706321716309
8551,16,-0.2493443787097931
8552,11,-0.7990273237228394
8553,14,-0.5043419003486633
8554,15,-0.33050546050071716
8555,11,-0.7842054963111877
8556,13,-0.642577052116394
8557,14,-0.5118749141693115
8558,11,-0.8410606384277344
8559,11,-0.814487099647522
8560,11,-0.8143645524978638
8561,11,-0.8103727102279663
8562,11,-0.8142419457435608
8563,11,-0.8254063129425049
8564,19,0.1116642951965332
8565,13,-0.5883424282073975
8566,17,-0.10437226295471191
8567,16,-0.28735819458961487
8568,15,-0.3910118639469147
8569,11,-0.8450791835784912
8570,15,-0.3918255865573883
8571,16,-0.26454222202301025
8572,17,-0.09693557024002075
8573,15,-0.3543091118335724
8574,14,-0.5402696132659912
8575,16,-0.23252597451210022
8576,11,-0.8366581201553345
8577,13,-0.5594638586044312
8578,11,-0.8450099229812622
8579,11,-0.8178334832191467
8580,14,-0.5365533828735352
8581,11,-0.8314194679260254
8582,15,-0.348972886800766
8583,13,-0.5509260296821594
8584,13,-0.6465821266174316
8585,15,-0.3272952139377594
8586,12,-0.7616434693336487
8587,11,-0.7798085808753967
8588,11,-0.8348551988601685
8589,14,-0.5275795459747314
8590,14,-0.5182168483734131
8591,10,-0.8986502885818481
8592,14,-0.44450604915618896
8593,16,-0.25477835536003113
8594,15,-0.340157687664032
8595,11,-0.786179780960083
8596,16,-0.302481472492218
8597,14,-0.5019996166229248
8598,11,-0.7918658256530762
8599,13,-0.6326055526733398
8600,14,-0.5142428874969482
8601,17,-0.08816796541213989
8602,11,-0.8213925957679749
8603,15,-0.32200002670288086
8604,11,-0.8362517356872559
8605,11,-0.8619911670684814
8606,15,-0.3215751349925995
8607,11,-0.8143676519393921
8608,14,-0.530206024646759
8609,11,-0.7958637475967407
8610,11,-0.8005747199058533
8611,11,-0.799340546131134
8612,11,-0.7994638085365295
8613,11,-0.8382188677787781
8614,14,-0.506659746170044
8615,14,-0.52590012550354
8616,12,-0.7736679315567017
8617,16,-0.24628251791000366
8618,11,-0.7835319638252258
8619,12,-0.7630642056465149
8620,14,-0.5255951881408691
8621,11,-0.7924955487251282
8622,11,-0.8025920391082764
8623,14,-0.5258174538612366
8624,11,-0.8020511865615845
8625,11,-0.797213077545166
8626,11,-0.7857372760772705
8627,11,-0.7805141806602478
8628,24,0.8112732172012329
8629,11,-0.7833863496780396
8630,26,0.979154109954834
8631,13,-0.573639452457428
8632,14,-0.5169864892959595
8633,25,0.8812416791915894
8634,13,-0.5547144412994385
8635,11,-0.8234832286834717
8636,22,0.5259932279586792
8637,11,-0.7870401740074158
8638,13,-0.5642268657684326
8639,25,0.9363510608673096
8640,11,-0.792694628238678
8641,18,-0.05329751968383789
8642,14,-0.5276634693145752
8643,14,-0.470084547996521
8644,15,-0.40360748767852783
8645,14,-0.48079532384872437
8646,11,-0.7852463126182556
8647,13,-0.5708652138710022
8648,14,-0.48303812742233276
8649,18,-0.03333824872970581
8650,11,-0.7929979562759399
8651,11,-0.8071489334106445
8652,14,-0.5278531312942505
8653,13,-0.57911217212677
8654,11,-0.8073078989982605
8655,14,-0.5405922532081604
8656,17,-0.12438368797302246
8657,11,-0.8082776665687561
8658,11,-0.8049981594085693
8659,11,-0.8627592325210571
8660,16,-0.3067571818828583
8661,11,-0.8305273056030273
8662,11,-0.798197329044342
8663,16,-0.2369682788848877
8664,14,-0.5242210626602173
8665,13,-0.5925210118293762
8666,11,-0.833407461643219
8667,13,-0.5871785283088684
8668,29,1.5034087896347046
8669,12,-0.7137647271156311
8670,14,-0.5458254218101501
8671,11,-0.82353276014328
8672,11,-0.7889328598976135
8673,14,-0.5448098182678223
8674,11,-0.8052423596382141
8675,12,-0.7535483837127686
8676,12,-0.7418428659439087
8677,14,-0.5319150686264038
8678,11,-0.7783433198928833
8679,11,-0.8166446685791016
8680,10,-0.9323844909667969
8681,14,-0.4758571982383728
8682,16,-0.2164401113986969
8683,11,-0.8291460871696472
8684,11,-0.8137088418006897
8685,13,-0.5761751532554626
8686,11,-0.7916876673698425
8687,11,-0.8196290731430054
8688,11,-0.807896077632904
8689,11,-0.7895506620407104
8690,18,0.03744614124298096
8691,11,-0.8023781776428223
8692,14,-0.5181829929351807
8693,11,-0.865628719329834
8694,12,-0.7365890145301819
8695,11,-0.7818777561187744
8696,12,-0.7739146947860718
8697,11,-0.8731600642204285
8698,15,-0.3264112174510956
8699,14,-0.5308278799057007
8700,12,-0.7564367055892944
8701,15,-0.3742028772830963
8702,14,-0.47655177116394043
8703,13,-0.621112585067749
8704,13,-0.5484228134155273
8705,15,-0.4122590720653534
8706,11,-0.8161748647689819
8707,11,-0.7961792945861816
8708,14,-0.42624372243881226
8709,14,-0.47800129652023315
8710,14,-0.49004507064819336
8711,14,-0.47126638889312744
8712,16,-0.2433447241783142
8713,17,-0.07016092538833618
8714,24,0.7360752820968628
8715,15,-0.38136377930641174
8716,12,-0.7570698857307434
8717,13,-0.5482423305511475
8718,16,-0.2406420111656189
8719,14,-0.48408129811286926
8720,15,-0.4056524634361267
8721,14,-0.5337620377540588
8722,14,-0.48275452852249146
8723,11,-0.8144882917404175
8724,11,-0.8163052797317505
8725,11,-0.8287895917892456
8726,11,-0.8428462147712708
8727,14,-0.4952924847602844
8728,16,-0.24217653274536133
8729,17,-0.16020464897155762
8730,16,-0.22951477766036987
8731,14,-0.5456145405769348
8732,17,-0.1331464648246765
8733,15,-0.39315056800842285
8734,11,-0.8011481165885925
8735,13,-0.6020499467849731
8736,12,-0.7655012607574463
8737,19,0.15076357126235962
8738,14,-0.508572518825531
8739,14,-0.5231181979179382
8740,11,-0.871436357498169
8741,17,-0.17698067426681519
8742,11,-0.7828652858734131
8743,11,-0.8030300736427307
8744,11,-0.8222945928573608
8745,14,-0.45329034328460693
8746,11,-0.7979727983474731
8747,16,-0.25388577580451965
8748,14,-0.4645860195159912
8749,17,-0.16426044702529907
8750,16,-0.24688243865966797
8751,12,-0.7369174361228943
8752,11,-0.8166535496711731
8753,18,-0.05152010917663574
8754,12,-0.6864432096481323
8755,11,-0.8225433826446533
8756,11,-0.794792890548706
8757,13,-0.5717480182647705
8758,13,-0.5486364364624023
8759,11,-0.7862614989280701
8760,11,-0.7867773771286011
8761,14,-0.44856685400009155
8762,15,-0.4207667410373688
8763,12,-0.7731863856315613
8764,14,-0.5344929099082947
8765,13,-0.563439130783081
8766,11,-0.8402202725410461
8767,11,-0.8316131234169006
8768,14,-0.4776976704597473
8769,16,-0.2546337842941284
8770,14,-0.5408494472503662
8771,14,-0.5363053679466248
8772,12,-0.7515603303909302
8773,12,-0.7580441236495972
8774,14,-0.5060262084007263
8775,12,-0.7525185942649841
8776,11,-0.7955800890922546
8777,12,-0.7733055353164673
8778,14,-0.4993371069431305
8779,12,-0.7714716792106628
8780,13,-0.5802381038665771
8781,15,-0.4067175090312958
8782,16,-0.2280597686767578
8783,14,-0.5324066281318665
8784,11,-0.7876594066619873
8785,14,-0.5440825819969177
8786,11,-0.8169978857040405
8787,15,-0.3275406062602997
8788,11,-0.8131054639816284
8789,17,-0.16876214742660522
8790,17,-0.15212690830230713
8791,16,-0.207405686378479
8792,17,-0.09847027063369751
8793,18,-0.03139752149581909
8794,14,-0.536203145980835
8795,26,0.9547057151794434
8796,14,-0.5348662734031677
8797,15,-0.3322601020336151
8798,11,-0.7803099155426025
8799,13,-0.5534798502922058
8800,15,-0.3958809971809387
8801,17,-0.13243335485458374
8802,15,-0.32342055439949036
8803,14,-0.4583756923675537
8804,11,-0.7998573184013367
8805,14,-0.4851035475730896
8806,17,-0.0655258297920227
8807,15,-0.3935290277004242
8808,12,-0.7593408226966858
8809,16,-0.249102383852005
8810,14,-0.47673285007476807
8811,16,-0.2677130401134491
8812,13,-0.5557135343551636
8813,11,-0.7888854146003723
8814,18,0.027550160884857178
8815,12,-0.7648420333862305
8816,12,-0.7733262777328491
8817,12,-0.7360168099403381
8818,14,-0.5115734338760376
8819,14,-0.5066235065460205
8820,17,-0.182611346244812
8821,12,-0.7150009274482727
8822,16,-0.2111799418926239
8823,14,-0.5206764936447144
8824,11,-0.7947810888290405
8825,17,-0.08564597368240356
8826,14,-0.5250160694122314
8827,12,-0.7466554045677185
8828,16,-0.21404600143432617
8829,14,-0.5355600118637085
8830,12,-0.736973762512207
8831,11,-0.7943241596221924
8832,11,-0.7993230223655701
8833,18,-0.02802044153213501
8834,11,-0.7928329110145569
8835,14,-0.4427659213542938
8836,21,0.3502753973007202
8837,11,-0.8211942315101624
8838,11,-0.8257921934127808
8839,14,-0.5244308114051819
8840,17,-0.14243441820144653
8841,11,-0.7807636857032776
8842,12,-0.7536291480064392
8843,15,-0.32118332386016846
8844,14,-0.4328681230545044
8845,18,-0.023506999015808105
8846,13,-0.566128134727478
8847,11,-0.7806001901626587
8848,11,-0.7956238985061646
8849,20,0.2698279619216919
8850,11,-0.7991331815719604
8851,15,-0.4221895635128021
8852,11,-0.7776831388473511
8853,23,0.6542714834213257
8854,13,-0.557697594165802
8855,16,-0.20383217930793762
8856,14,-0.4547412395477295
8857,11,-0.8339930176734924
8858,11,-0.8280898332595825
8859,16,-0.26387596130371094
8860,16,-0.25447574257850647
8861,11,-0.8273556232452393
8862,14,-0.4640178680419922
8863,18,-0.06475663185119629
8864,12,-0.760395884513855
8865,12,-0.6924571394920349
8866,11,-0.832483172416687
8867,18,-0.06069403886795044
8868,18,-0.012055575847625732
8869,12,-0.7416038513183594
8870,16,-0.19656920433044434
8871,11,-0.8142566680908203
8872,17,-0.1448398232460022
8873,13,-0.5474724173545837
8874,11,-0.8143370151519775
8875,19,0.15662598609924316
8876,18,0.03079301118850708
8877,15,-0.37124013900756836
8878,12,-0.7250410914421082
8879,12,-0.7634598016738892
8880,14,-0.4667800962924957
8881,12,-0.7272165417671204
8882,16,-0.3041093349456787
8883,13,-0.5474661588668823
8884,17,-0.1847299337387085
8885,14,-0.49196600914001465
8886,15,-0.36740580201148987
8887,14,-0.5006800889968872
8888,12,-0.7575758099555969
8889,11,-0.7904590964317322
8890,12,-0.7682579159736633
8891,13,-0.5545506477355957
8892,16,-0.30199259519577026
8893,13,-0.5629098415374756
8894,13,-0.5869966149330139
8895,12,-0.7442727088928223
8896,11,-0.8174357414245605
8897,29,1.5402849912643433
8898,16,-0.26716217398643494
8899,12,-0.7551730275154114
8900,18,-0.03953671455383301
8901,14,-0.5166143774986267
8902,14,-0.4861854910850525
8903,14,-0.46584436297416687
8904,12,-0.7553548216819763
8905,14,-0.44887131452560425
8906,14,-0.4853077828884125
8907,17,-0.13029861450195312
8908,14,-0.4406101703643799
8909,16,-0.23169532418251038
8910,16,-0.2984865605831146
8911,12,-0.7675072550773621
8912,11,-0.8208404779434204
8913,17,-0.16377496719360352
8914,14,-0.4902607500553131
8915,17,-0.18203938007354736
8916,15,-0.4039319157600403
8917,12,-0.7705923914909363
8918,12,-0.7736828327178955
8919,11,-0.776873767375946
8920,24,0.7992334365844727
8921,12,-0.7541677951812744
8922,15,-0.39384305477142334
8923,12,-0.7720767855644226
8924,15,-0.36753904819488525
8925,11,-0.8080111742019653
8926,18,-0.05091965198516846
8927,12,-0.734604001045227
8928,12,-0.7054243087768555
8929,12,-0.7225751280784607
8930,14,-0.46125710010528564
8931,27,1.1327458620071411
8932,12,-0.7324684262275696
8933,18,0.03237491846084595
8934,11,-0.8336658477783203
8935,17,-0.14922314882278442
8936,18,-0.05565851926803589
8937,21,0.3270615339279175
8938,15,-0.4214320778846741
8939,15,-0.40654119849205017
8940,17,-0.1399705410003662
8941,11,-0.7825542688369751
8942,14,-0.4898596405982971
8943,14,-0.49666422605514526
8944,17,-0.17188453674316406
8945,12,-0.7698042988777161
8946,16,-0.19189679622650146
8947,12,-0.720815896987915
8948,12,-0.7371659874916077
8949,12,-0.7424739599227905
8950,14,-0.5267679691314697
8951,14,-0.4838957190513611
8952,14,-0.4643731713294983
8953,14,-0.47742316126823425
8954,17,-0.15997689962387085
8955,12,-0.7614884972572327
8956,11,-0.8021780252456665
8957,14,-0.43888747692108154
8958,22,0.44576895236968994
8959,14,-0.5399221777915955
8960,14,-0.4719868302345276
8961,11,-0.8350985646247864
8962,11,-0.784604549407959
8963,15,-0.37173768877983093
8964,16,-0.2431829869747162
8965,15,-0.3499194383621216
8966,14,-0.4273890554904938
8967,14,-0.49412429332733154
8968,14,-0.4586493670940399
8969,12,-0.7527023553848267
8970,20,0.2263582944869995
8971,11,-0.7820968627929688
8972,16,-0.305435448884964
8973,17,-0.09842139482498169
8974,16,-0.30356961488723755
8975,15,-0.4235696792602539
8976,13,-0.5608924031257629
8977,11,-0.7915357351303101
8978,15,-0.3969014286994934
8979,12,-0.7432083487510681
8980,18,0.007966876029968262
8981,14,-0.45954909920692444
8982,12,-0.7502643465995789
8983,11,-0.8048274517059326
8984,17,-0.08955579996109009
8985,12,-0.7385215163230896
8986,27,1.0999189615249634
8987,12,-0.7459776401519775
8988,16,-0.23819640278816223
8989,12,-0.7404232621192932
8990,12,-0.7498730421066284
8991,12,-0.7685261964797974
8992,14,-0.5058056116104126
8993,14,-0.4845237135887146
8994,12,-0.7304133176803589
8995,14,-0.4638310968875885
8996,11,-0.8232443928718567
8997,12,-0.7276580929756165
8998,14,-0.43954113125801086
8999,10,-0.9943615198135376
9000,12,-0.7297044992446899
9001,16,-0.2614349126815796
9002,14,-0.43624740839004517
9003,19,0.16442930698394775
9004,12,-0.7627599239349365
9005,14,-0.42895036935806274
9006,19,0.07457375526428223
9007,12,-0.7467565536499023
9008,12,-0.7264240384101868
9009,16,-0.2721494436264038
9010,12,-0.7164345979690552
9011,21,0.37511146068573
9012,26,0.9774912595748901
9013,14,-0.4920452833175659
9014,23,0.586296558380127
9015,12,-0.7081263065338135
9016,7,-1.2177231311798096
9017,12,-0.6989418864250183
9018,16,-0.20304936170578003
9019,12,-0.7238414287567139
9020,14,-0.4901130199432373
9021,12,-0.760871410369873
9022,17,-0.1160157322883606
9023,15,-0.4000769853591919
9024,16,-0.2849971354007721
9025,14,-0.4268028736114502
9026,17,-0.1379966139793396
9027,15,-0.3353837728500366
9028,15,-0.3993602693080902
9029,12,-0.6854469776153564
9030,12,-0.7191699743270874
9031,12,-0.7747831344604492
9032,11,-0.7911828756332397
9033,18,0.010030388832092285
9034,11,-0.7887062430381775
9035,12,-0.743424117565155
9036,15,-0.3376072347164154
9037,14,-0.44329261779785156
9038,15,-0.3860061764717102
9039,12,-0.7544225454330444
9040,11,-0.7822659611701965
9041,17,-0.13401395082473755
9042,14,-0.47732317447662354
9043,14,-0.4709364175796509
9044,14,-0.48487579822540283
9045,14,-0.4771336317062378
9046,12,-0.7606114149093628
9047,11,-0.7881680727005005
9048,16,-0.2580873370170593
9049,17,-0.14381039142608643
9050,20,0.24372804164886475
9051,17,-0.14278674125671387
9052,15,-0.41401195526123047
9053,14,-0.48621442914009094
9054,12,-0.7152678966522217
9055,15,-0.3555733561515808
9056,18,-0.04696136713027954
9057,12,-0.7493447065353394
9058,14,-0.49465230107307434
9059,12,-0.6985087990760803
9060,14,-0.4723166823387146
9061,12,-0.7165268659591675
9062,14,-0.4652172923088074
9063,12,-0.7170649766921997
9064,12,-0.749472975730896
9065,12,-0.7059816122055054
9066,12,-0.7554877400398254
9067,16,-0.20645645260810852
9068,12,-0.75171959400177
9069,15,-0.37704330682754517
9070,15,-0.35669371485710144
9071,17,-0.18128657341003418
9072,12,-0.738186240196228
9073,12,-0.7266316413879395
9074,12,-0.7332319617271423
9075,19,0.051706910133361816
9076,16,-0.20946764945983887
9077,14,-0.45552435517311096
9078,12,-0.7258368730545044
9079,12,-0.7353593111038208
9080,12,-0.6946602463722229
9081,12,-0.7689798474311829
9082,12,-0.7457610368728638
9083,16,-0.2626809775829315
9084,14,-0.4575333893299103
9085,19,0.11254316568374634
9086,12,-0.72987961769104
9087,15,-0.40288063883781433
9088,12,-0.7263725996017456
9089,17,-0.09308218955993652
9090,12,-0.759864866733551
9091,23,0.654665470123291
9092,12,-0.7438146471977234
9093,16,-0.2804754078388214
9094,11,-0.7789086103439331
9095,12,-0.719918966293335
9096,12,-0.741092324256897
9097,18,0.03394979238510132
9098,17,-0.08628827333450317
9099,12,-0.7378171682357788
9100,14,-0.46542221307754517
9101,17,-0.15224528312683105
9102,12,-0.7122849225997925
9103,12,-0.7057304382324219
9104,12,-0.721390426158905
9105,12,-0.771378219127655
9106,16,-0.2171921730041504
9107,12,-0.7118969559669495
9108,29,1.3985182046890259
9109,17,-0.11637300252914429
9110,12,-0.6964730024337769
9111,12,-0.7516526579856873
9112,19,0.14835625886917114
9113,14,-0.453196257352829
9114,16,-0.27531278133392334
9115,12,-0.6999027729034424
9116,18,-0.05559825897216797
9117,12,-0.7206417918205261
9118,27,1.1150336265563965
9119,12,-0.7006576061248779
9120,12,-0.7308136224746704
9121,12,-0.7620871663093567
9122,12,-0.7355352640151978
9123,15,-0.3733912408351898
9124,12,-0.7503082752227783
9125,16,-0.22049584984779358
9126,14,-0.5347892045974731
9127,12,-0.6666803956031799
9128,12,-0.6996254324913025
9129,15,-0.3620947301387787
9130,30,1.6037253141403198
9131,14,-0.459121972322464
9132,17,-0.11951112747192383
9133,12,-0.7401883006095886
9134,17,-0.1600099802017212
9135,12,-0.719444990158081
9136,12,-0.6910173892974854
9137,14,-0.47220325469970703
9138,15,-0.4122072756290436
9139,17,-0.13925546407699585
9140,14,-0.4438612461090088
9141,11,-0.7801992297172546
9142,22,0.44535040855407715
9143,14,-0.5157149434089661
9144,12,-0.7054213285446167
9145,14,-0.479010671377182
9146,16,-0.19351321458816528
9147,9,-1.0463509559631348
9148,15,-0.39495790004730225
9149,15,-0.31956732273101807
9150,12,-0.7277505993843079
9151,15,-0.40551185607910156
9152,12,-0.7228851914405823
9153,16,-0.2185046374797821
9154,15,-0.33987072110176086
9155,15,-0.363437682390213
9156,16,-0.2933359742164612
9157,12,-0.7122230529785156
9158,12,-0.7346078753471375
9159,12,-0.7245364189147949
9160,18,-0.032005906105041504
9161,12,-0.714655339717865
9162,14,-0.44650140404701233
9163,12,-0.7363555431365967
9164,14,-0.43916788697242737
9165,14,-0.48661452531814575
9166,14,-0.4693925380706787
9167,27,1.1861366033554077
9168,12,-0.7319343686103821
9169,17,-0.06798964738845825
9170,14,-0.45981764793395996
9171,15,-0.4042474925518036
9172,14,-0.4462130665779114
9173,14,-0.5418522357940674
9174,17,-0.1653902530670166
9175,28,1.2718738317489624
9176,15,-0.3699832558631897
9177,12,-0.736970841884613
9178,17,-0.1218215823173523
9179,11,-0.7859392166137695
9180,12,-0.7547780871391296
9181,6,-1.4245141744613647
9182,12,-0.7193169593811035
9183,15,-0.4255850911140442
9184,12,-0.7554314136505127
9185,18,-0.025188326835632324
9186,12,-0.7322843074798584
9187,16,-0.24638822674751282
9188,12,-0.7310937643051147
9189,15,-0.33641737699508667
9190,14,-0.4464947283267975
9191,26,1.026853322982788
9192,12,-0.7123040556907654
9193,15,-0.4008217453956604
9194,14,-0.42842185497283936
9195,16,-0.25695571303367615
9196,14,-0.4849472641944885
9197,16,-0.18636783957481384
9198,12,-0.6706761121749878
9199,16,-0.2108364701271057
9200,14,-0.4784211814403534
9201,11,-0.7862831950187683
9202,19,0.09663307666778564
9203,12,-0.675779402256012
9204,17,-0.1101716160774231
9205,15,-0.36278480291366577
9206,11,-0.7906208038330078
9207,14,-0.47534722089767456
9208,19,0.08535999059677124
9209,17,-0.16628366708755493
9210,15,-0.4073646664619446
9211,18,-0.042587339878082275
9212,26,0.9644269943237305
9213,12,-0.689666211605072
9214,12,-0.7685579657554626
9215,15,-0.41343241930007935
9216,12,-0.696250855922699
9217,12,-0.7142712473869324
9218,12,-0.7127450108528137
9219,14,-0.43331897258758545
9220,12,-0.7108972668647766
9221,12,-0.7335638999938965
9222,12,-0.7120686769485474
9223,12,-0.7023912668228149
9224,17,-0.17221900820732117
9225,18,0.04113119840621948
9226,15,-0.40820810198783875
9227,12,-0.7046058177947998
9228,12,-0.6833746433258057
9229,12,-0.7334779500961304
9230,12,-0.7336158156394958
9231,12,-0.6970208883285522
9232,14,-0.4624209702014923
9233,14,-0.4767836034297943
9234,30,1.6000980138778687
9235,16,-0.23213016986846924
9236,14,-0.44891196489334106
9237,18,0.012395143508911133
9238,12,-0.7145042419433594
9239,15,-0.4161616265773773
9240,20,0.2057899832725525
9241,12,-0.6649367809295654
9242,12,-0.6954178810119629
9243,10,-0.9030076265335083
9244,12,-0.6676750779151917
9245,12,-0.712874174118042
9246,15,-0.40116047859191895
9247,12,-0.7074261903762817
9248,12,-0.7105873823165894
9249,25,0.8735393285751343
9250,29,1.4995301961898804
9251,16,-0.21866503357887268
9252,15,-0.394512802362442
9253,17,-0.12478816509246826
9254,17,-0.1437780261039734
9255,12,-0.7119664549827576
9256,12,-0.725338339805603
9257,16,-0.2657305896282196
9258,18,0.025456249713897705
9259,15,-0.3538106381893158
9260,17,-0.0812380313873291
9261,14,-0.44025719165802
9262,11,-0.7756552696228027
9263,15,-0.38500919938087463
9264,15,-0.3972833454608917
9265,16,-0.24859648942947388
9266,14,-0.45861002802848816
9267,19,0.16427987813949585
9268,14,-0.47814738750457764
9269,11,-0.7853069305419922
9270,12,-0.7323247194290161
9271,12,-0.7230058312416077
9272,12,-0.6848834156990051
9273,15,-0.3667314648628235
9274,25,0.8494634628295898
9275,15,-0.4137289524078369
9276,14,-0.4947100877761841
9277,21,0.3896193504333496
9278,12,-0.7103860974311829
9279,16,-0.296108603477478
9280,13,-0.6506704688072205
9281,14,-0.4503922164440155
9282,13,-0.6597949862480164
9283,18,0.04314732551574707
9284,12,-0.6775187253952026
9285,12,-0.7390565276145935
9286,15,-0.3191346526145935
9287,15,-0.42521798610687256
9288,23,0.5977751016616821
9289,12,-0.7081593871116638
9290,14,-0.4488794207572937
9291,12,-0.6989270448684692
9292,13,-0.5798781514167786
9293,12,-0.7259575724601746
9294,15,-0.40300431847572327
9295,15,-0.3691220283508301
9296,14,-0.4301975667476654
9297,12,-0.721279501914978
9298,15,-0.35402584075927734
9299,15,-0.4017865061759949
9300,14,-0.4280456602573395
9301,12,-0.708451509475708
9302,16,-0.2966252863407135
9303,15,-0.3353767395019531
9304,24,0.7491745948791504
9305,12,-0.7459678053855896
9306,14,-0.4393453001976013
9307,15,-0.3939974904060364
9308,17,-0.11497050523757935
9309,12,-0.6863026022911072
9310,17,-0.13042813539505005
9311,12,-0.7086119651794434
9312,12,-0.6919073462486267
9313,17,-0.08725994825363159
9314,14,-0.5383623838424683
9315,13,-0.6306442618370056
9316,19,0.09766131639480591
9317,15,-0.3579460680484772
9318,15,-0.424069881439209
9319,12,-0.665948748588562
9320,15,-0.3880441188812256
9321,12,-0.7004641890525818
9322,17,-0.08785295486450195
9323,12,-0.7166383862495422
9324,19,0.07693308591842651
9325,15,-0.42359137535095215
9326,12,-0.6882892847061157
9327,15,-0.3368889093399048
9328,12,-0.7476779818534851
9329,12,-0.6823501586914062
9330,14,-0.4292680621147156
9331,15,-0.4158210754394531
9332,14,-0.445377916097641
9333,13,-0.6477479338645935
9334,14,-0.4549786150455475
9335,12,-0.6953212022781372
9336,15,-0.4010680615901947
9337,12,-0.6954765915870667
9338,12,-0.6840322613716125
9339,18,-0.04701966047286987
9340,17,-0.08911639451980591
9341,12,-0.6974866986274719
9342,17,-0.1195065975189209
9343,23,0.6315892934799194
9344,18,-0.060409724712371826
9345,12,-0.7369953393936157
9346,15,-0.3758646249771118
9347,12,-0.6912884712219238
9348,12,-0.7390062808990479
9349,12,-0.6982319355010986
9350,12,-0.742917001247406
9351,15,-0.3341894745826721
9352,12,-0.7048379182815552
9353,12,-0.6902784109115601
9354,13,-0.5909693241119385
9355,15,-0.35486799478530884
9356,16,-0.3014276325702667
9357,12,-0.7054038643836975
9358,15,-0.41584551334381104
9359,20,0.17759937047958374
9360,14,-0.4673916697502136
9361,12,-0.6772037744522095
9362,12,-0.7380478978157043
9363,12,-0.6630036234855652
9364,17,-0.16094285249710083
9365,17,-0.07860356569290161
9366,18,-0.018232405185699463
9367,24,0.7446010112762451
9368,15,-0.36655446887016296
9369,12,-0.6972295641899109
9370,12,-0.6866778135299683
9371,12,-0.6646871566772461
9372,16,-0.28794699907302856
9373,12,-0.7236540913581848
9374,14,-0.46368956565856934
9375,16,-0.2191668152809143
9376,13,-0.6124402284622192
9377,12,-0.7145617604255676
9378,12,-0.7269514799118042
9379,12,-0.675284206867218
9380,12,-0.6758556365966797
9381,14,-0.4438890218734741
9382,13,-0.6583598256111145
9383,19,0.07893520593643188
9384,15,-0.37589555978775024
9385,13,-0.6499569416046143
9386,12,-0.7101361155509949
9387,12,-0.7002259492874146
9388,16,-0.2447911500930786
9389,12,-0.6825628876686096
9390,12,-0.6854587197303772
9391,19,0.15024614334106445
9392,17,-0.06556415557861328
9393,16,-0.24359163641929626
9394,12,-0.6953954696655273
9395,16,-0.2886309325695038
9396,16,-0.19305944442749023
9397,15,-0.41686755418777466
9398,12,-0.7291815876960754
9399,13,-0.660491406917572
9400,15,-0.37785282731056213
9401,15,-0.386811763048172
9402,12,-0.6773133873939514
9403,12,-0.7195315957069397
9404,12,-0.7180480360984802
9405,12,-0.6667864918708801
9406,13,-0.6597452163696289
9407,12,-0.7052575349807739
9408,15,-0.41292476654052734
9409,15,-0.39273637533187866
9410,15,-0.41962963342666626
9411,12,-0.7288532853126526
9412,12,-0.6759672164916992
9413,16,-0.2828368544578552
9414,13,-0.6519371271133423
9415,15,-0.34761500358581543
9416,16,-0.2613546848297119
9417,12,-0.6918180584907532
9418,15,-0.41290733218193054
9419,18,0.009039878845214844
9420,15,-0.3835408389568329
9421,12,-0.6936877965927124
9422,27,1.0864782333374023
9423,17,-0.14082664251327515
9424,13,-0.616387128829956
9425,12,-0.7636519074440002
9426,15,-0.403723806142807
9427,13,-0.6260402798652649
9428,17,-0.08667868375778198
9429,15,-0.38585415482521057
9430,14,-0.43244677782058716
9431,17,-0.14180409908294678
9432,15,-0.3874427080154419
9433,8,-1.1233233213424683
9434,19,0.07446056604385376
9435,18,-0.04732072353363037
9436,15,-0.36464443802833557
9437,12,-0.7228487730026245
9438,15,-0.37170684337615967
9439,12,-0.6900564432144165
9440,15,-0.35631221532821655
9441,12,-0.6648087501525879
9442,17,-0.10002964735031128
9443,16,-0.2734643220901489
9444,12,-0.6943995356559753
9445,30,1.5648027658462524
9446,15,-0.387513130903244
9447,28,1.2169443368911743
9448,12,-0.6827065944671631
9449,13,-0.6513973474502563
9450,22,0.44368553161621094
9451,15,-0.4051760137081146
9452,15,-0.3931879997253418
9453,17,-0.15820276737213135
9454,12,-0.6691609621047974
9455,29,1.3540860414505005
9456,27,1.1609265804290771
9457,14,-0.4348737299442291
9458,17,-0.11853468418121338
9459,19,0.06556177139282227
9460,12,-0.6633716821670532
9461,13,-0.6514680981636047
9462,12,-0.7185432314872742
9463,12,-0.6672363877296448
9464,12,-0.7008525133132935
9465,12,-0.6628411412239075
9466,12,-0.6938390135765076
9467,13,-0.6534037590026855
9468,12,-0.7168610095977783
9469,15,-0.33431464433670044
9470,13,-0.6177430152893066
9471,28,1.316918134689331
9472,12,-0.6915489435195923
9473,12,-0.6748378872871399
9474,12,-0.6654205322265625
9475,14,-0.45091551542282104
9476,12,-0.6790770888328552
9477,12,-0.6662513017654419
9478,15,-0.3477489948272705
9479,12,-0.6851688623428345
9480,12,-0.6651287078857422
9481,24,0.777030348777771
9482,14,-0.43155425786972046
9483,24,0.7674449682235718
9484,16,-0.30674344301223755
9485,15,-0.3843429982662201
9486,12,-0.6928145885467529
9487,12,-0.6830613017082214
9488,18,0.012700498104095459
9489,12,-0.7140595316886902
9490,12,-0.6764205098152161
9491,12,-0.6920274496078491
9492,15,-0.4108961224555969
9493,12,-0.6910226941108704
9494,12,-0.674155056476593
9495,12,-0.722213625907898
9496,18,-0.06388038396835327
9497,12,-0.7094796895980835
9498,15,-0.3419325351715088
9499,12,-0.6722836494445801
9500,13,-0.601512610912323
9501,15,-0.3959171772003174
9502,18,-0.06318336725234985
9503,15,-0.4123259484767914
9504,12,-0.6794117093086243
9505,13,-0.6423985958099365
9506,12,-0.7081199884414673
9507,15,-0.31204646825790405
9508,15,-0.3288349509239197
9509,15,-0.3174029290676117
9510,17,-0.08281213045120239
9511,12,-0.6982911229133606
9512,12,-0.6616325974464417
9513,12,-0.7196855545043945
9514,13,-0.638111412525177
9515,19,0.0840754508972168
9516,15,-0.334052711725235
9517,17,-0.13858604431152344
9518,17,-0.15057629346847534
9519,15,-0.39173591136932373
9520,25,0.8697015047073364
9521,13,-0.6560077667236328
9522,14,-0.442731112241745
9523,18,0.03519904613494873
9524,13,-0.6611912250518799
9525,15,-0.3963521122932434
9526,12,-0.6894346475601196
9527,12,-0.6842771172523499
9528,14,-0.4336802065372467
9529,13,-0.6162360906600952
9530,16,-0.3022920489311218
9531,16,-0.2889586091041565
9532,17,-0.08103781938552856
9533,15,-0.3554593622684479
9534,13,-0.6538026928901672
9535,20,0.1952950358390808
9536,15,-0.3272344768047333
9537,12,-0.6752784252166748
9538,15,-0.38467860221862793
9539,16,-0.26941806077957153
9540,16,-0.2598750591278076
9541,12,-0.6757698655128479
9542,15,-0.314588725566864
9543,14,-0.45727840065956116
9544,16,-0.29002946615219116
9545,16,-0.23582220077514648
9546,14,-0.42664510011672974
9547,19,0.07912862300872803
9548,19,0.09977942705154419
9549,15,-0.4052962362766266
9550,12,-0.6781966090202332
9551,25,0.9415457248687744
9552,19,0.14455604553222656
9553,20,0.18976706266403198
9554,13,-0.6496276259422302
9555,17,-0.12939155101776123
9556,12,-0.6639421582221985
9557,15,-0.34753862023353577
9558,27,1.0859014987945557
9559,12,-0.6736645102500916
9560,19,0.067263662815094
9561,12,-0.7410460710525513
9562,12,-0.7010818719863892
9563,15,-0.36916524171829224
9564,12,-0.663287878036499
9565,13,-0.6537097096443176
9566,19,0.13121378421783447
9567,13,-0.6142173409461975
9568,12,-0.6725956201553345
9569,19,0.07262915372848511
9570,15,-0.36503490805625916
9571,12,-0.6892163753509521
9572,12,-0.7071892619132996
9573,13,-0.6397192478179932
9574,12,-0.6696730852127075
9575,15,-0.36637020111083984
9576,13,-0.5939375758171082
9577,16,-0.2246187925338745
9578,14,-0.430695116519928
9579,13,-0.6071330904960632
9580,17,-0.07824832201004028
9581,15,-0.39491698145866394
9582,18,-0.06135869026184082
9583,13,-0.6577105522155762
9584,29,1.522595763206482
9585,16,-0.24558937549591064
9586,15,-0.36560869216918945
9587,15,-0.3687119483947754
9588,13,-0.6389083862304688
9589,17,-0.14228147268295288
9590,26,0.9622505903244019
9591,12,-0.6901044845581055
9592,15,-0.3588240444660187
9593,19,0.16091138124465942
9594,15,-0.33242952823638916
9595,12,-0.6976290345191956
9596,13,-0.6543070077896118
9597,13,-0.6172030568122864
9598,12,-0.7137649059295654
9599,12,-0.7005894184112549
9600,17,-0.12783527374267578
9601,13,-0.6142913103103638
9602,13,-0.6444315910339355
9603,17,-0.15094608068466187
9604,16,-0.1998785436153412
9605,13,-0.6481204628944397
9606,21,0.3054004907608032
9607,15,-0.32689160108566284
9608,19,0.09678274393081665
9609,16,-0.28946927189826965
9610,19,0.09818542003631592
9611,13,-0.6189587116241455
9612,19,0.04976540803909302
9613,17,-0.0754590630531311
9614,13,-0.628799557685852
9615,17,-0.1502254605293274
9616,14,-0.45807206630706787
9617,13,-0.6509727835655212
9618,12,-0.7271257638931274
9619,15,-0.3972010612487793
9620,17,-0.1659020185470581
9621,16,-0.30017754435539246
9622,13,-0.6590723991394043
9623,15,-0.41389918327331543
9624,16,-0.21337106823921204
9625,15,-0.3678746521472931
9626,13,-0.6405529975891113
9627,15,-0.3627583384513855
9628,13,-0.6453655958175659
9629,13,-0.6328739523887634
9630,13,-0.6503887176513672
9631,13,-0.6419838070869446
9632,16,-0.3034270405769348
9633,13,-0.6329371333122253
9634,15,-0.3412938714027405
9635,12,-0.6629030704498291
9636,12,-0.6793224811553955
9637,17,-0.08510154485702515
9638,13,-0.63653564453125
9639,16,-0.24725115299224854
9640,13,-0.6404311656951904
9641,12,-0.7221083641052246
9642,13,-0.5793529152870178
9643,15,-0.41451194882392883
9644,15,-0.3132336735725403
9645,13,-0.6557324528694153
9646,15,-0.3882244825363159
9647,15,-0.38135024905204773
9648,17,-0.1764845848083496
9649,15,-0.36462292075157166
9650,17,-0.09206515550613403
9651,14,-0.43149417638778687
9652,15,-0.401854008436203
9653,15,-0.3864791691303253
9654,12,-0.6738583445549011
9655,12,-0.6667583584785461
9656,22,0.49226975440979004
9657,18,-0.05651390552520752
9658,13,-0.6120433807373047
9659,15,-0.3260570466518402
9660,13,-0.6294685006141663
9661,13,-0.6458607912063599
9662,15,-0.3477724492549896
9663,16,-0.25464823842048645
9664,12,-0.6628995537757874
9665,18,-0.02395254373550415
9666,15,-0.3174192011356354
9667,17,-0.0832255482673645
9668,13,-0.6586437821388245
9669,18,-0.038260042667388916
9670,17,-0.1536160111427307
9671,16,-0.30371469259262085
9672,13,-0.6585161685943604
9673,13,-0.6313535571098328
9674,13,-0.6490098834037781
9675,12,-0.6903777122497559
9676,13,-0.6479145288467407
9677,13,-0.647783100605011
9678,15,-0.37491798400878906
9679,13,-0.640215277671814
9680,13,-0.6406541466712952
9681,13,-0.6608643531799316
9682,12,-0.6989542841911316
9683,17,-0.09535634517669678
9684,15,-0.35792529582977295
9685,12,-0.6735669374465942
9686,13,-0.6374560594558716
9687,12,-0.6925761699676514
9688,13,-0.6516640782356262
9689,13,-0.650002121925354
9690,15,-0.3970012664794922
9691,12,-0.6761531829833984
9692,19,0.08167862892150879
9693,15,-0.32335513830184937
9694,19,0.1618921160697937
9695,13,-0.6482524871826172
9696,12,-0.6735075116157532
9697,15,-0.32685181498527527
9698,20,0.23907381296157837
9699,18,-0.06106269359588623
9700,28,1.2565151453018188
9701,13,-0.6114621162414551
9702,20,0.19921964406967163
9703,16,-0.26477229595184326
9704,18,-0.05184221267700195
9705,16,-0.3073839545249939
9706,15,-0.3304142355918884
9707,13,-0.6458150744438171
9708,19,0.1289154291152954
9709,18,-0.022816061973571777
9710,16,-0.29274681210517883
9711,13,-0.6162401437759399
9712,12,-0.7001428008079529
9713,12,-0.6723580956459045
9714,20,0.2777051329612732
9715,16,-0.2933252453804016
9716,15,-0.3886384665966034
9717,15,-0.4238210916519165
9718,17,-0.16247940063476562
9719,13,-0.5878718495368958
9720,17,-0.11652475595474243
9721,19,0.1100083589553833
9722,13,-0.5479426980018616
9723,27,1.1707541942596436
9724,15,-0.33473432064056396
9725,13,-0.6430544853210449
9726,16,-0.21556639671325684
9727,18,0.0395696759223938
9728,13,-0.6250520348548889
9729,15,-0.3123542070388794
9730,13,-0.6325088739395142
9731,18,-0.012135624885559082
9732,13,-0.6182960867881775
9733,13,-0.6133971810340881
9734,16,-0.2849434018135071
9735,18,0.009888231754302979
9736,13,-0.6394609808921814
9737,20,0.2457486391067505
9738,13,-0.657249927520752
9739,15,-0.3191450536251068
9740,12,-0.6714357733726501
9741,19,0.08617985248565674
9742,13,-0.6442915201187134
9743,18,-0.051410794258117676
9744,16,-0.2602376341819763
9745,18,0.009952008724212646
9746,15,-0.3929574489593506
9747,15,-0.34084051847457886
9748,15,-0.34881800413131714
9749,16,-0.2136991322040558
9750,15,-0.3106701374053955
9751,15,-0.36974966526031494
9752,17,-0.12382286787033081
9753,16,-0.2632499933242798
9754,16,-0.28212013840675354
9755,17,-0.10961902141571045
9756,13,-0.6514984965324402
9757,16,-0.2982558012008667
9758,16,-0.27628591656684875
9759,12,-0.6745566129684448
9760,13,-0.5987811088562012
9761,17,-0.1208905577659607
9762,15,-0.3375076353549957
9763,16,-0.29571962356567383
9764,20,0.18444430828094482
9765,27,1.15662682056427
9766,20,0.2341133952140808
9767,13,-0.6579927206039429
9768,17,-0.10968691110610962
9769,14,-0.4533063769340515
9770,13,-0.6098572611808777
9771,18,-0.020944416522979736
9772,17,-0.0860552191734314
9773,13,-0.6191778779029846
9774,19,0.13656270503997803
9775,12,-0.7242477536201477
9776,16,-0.2966172993183136
9777,17,-0.17564275860786438
9778,13,-0.60601407289505
9779,13,-0.6168283224105835
9780,17,-0.10455620288848877
9781,30,1.7147501707077026
9782,12,-0.6667249798774719
9783,13,-0.5575815439224243
9784,13,-0.616025984287262
9785,13,-0.5834684371948242
9786,16,-0.2658989131450653
9787,14,-0.4436872601509094
9788,18,-0.042729854583740234
9789,13,-0.6186016201972961
9790,13,-0.6149063110351562
9791,16,-0.28740933537483215
9792,18,-0.06430065631866455
9793,16,-0.25451788306236267
9794,13,-0.6088998317718506
9795,16,-0.26587823033332825
9796,13,-0.5933266878128052
9797,13,-0.6293666958808899
9798,18,-0.015611827373504639
9799,17,-0.1248210072517395
9800,26,1.072239875793457
9801,13,-0.5936171412467957
9802,20,0.2798674702644348
9803,15,-0.3113803565502167
9804,16,-0.25989753007888794
9805,15,-0.35376912355422974
9806,15,-0.31655243039131165
9807,24,0.7055337429046631
9808,13,-0.6023945808410645
9809,13,-0.6475476026535034
9810,13,-0.5933998227119446
9811,15,-0.33877214789390564
9812,19,0.14677488803863525
9813,13,-0.6226086616516113
9814,16,-0.2772327959537506
9815,16,-0.1964072585105896
9816,17,-0.11821717023849487
9817,29,1.4949373006820679
9818,28,1.2998266220092773
9819,13,-0.6132376790046692
9820,18,-0.05702412128448486
9821,12,-0.6760150194168091
9822,13,-0.6215031743049622
9823,17,-0.07975780963897705
9824,18,0.0034193992614746094
9825,16,-0.24545130133628845
9826,15,-0.39432457089424133
9827,7,-1.2548418045043945
9828,18,0.007535278797149658
9829,12,-0.7173423171043396
9830,15,-0.4211515188217163
9831,13,-0.5870262384414673
9832,13,-0.5812664031982422
9833,18,0.002193748950958252
9834,13,-0.5945289134979248
9835,13,-0.6199522018432617
9836,18,0.0419389009475708
9837,16,-0.30103597044944763
9838,18,-0.03662210702896118
9839,15,-0.33517026901245117
9840,13,-0.6022007465362549
9841,18,0.043588340282440186
9842,18,0.04906940460205078
9843,13,-0.6329779624938965
9844,13,-0.6292434334754944
9845,13,-0.5952863097190857
9846,12,-0.6779649257659912
9847,16,-0.2617488205432892
9848,13,-0.60052490234375
9849,13,-0.6064341068267822
9850,13,-0.6378721594810486
9851,12,-0.6810538172721863
9852,22,0.4259222745895386
9853,27,1.0870980024337769
9854,14,-0.5084834098815918
9855,13,-0.607639729976654
9856,19,0.07172584533691406
9857,13,-0.6316651105880737
9858,13,-0.5946008563041687
9859,26,0.961909294128418
9860,13,-0.5935093760490417
9861,23,0.5771867036819458
9862,16,-0.30215510725975037
9863,13,-0.5934450626373291
9864,16,-0.213348388671875
9865,12,-0.6839763522148132
9866,15,-0.4075191020965576
9867,13,-0.6271809339523315
9868,16,-0.2390640377998352
9869,17,-0.07570171356201172
9870,13,-0.6274890899658203
9871,13,-0.6050180196762085
9872,15,-0.3344241678714752
9873,13,-0.6205868124961853
9874,21,0.3107892870903015
9875,16,-0.2161863148212433
9876,13,-0.6188751459121704
9877,28,1.332699179649353
9878,13,-0.6276923418045044
9879,13,-0.6117568612098694
9880,18,-0.001931309700012207
9881,16,-0.2122127115726471
9882,13,-0.6005513072013855
9883,19,0.10189694166183472
9884,13,-0.6480157375335693
9885,13,-0.6451420187950134
9886,15,-0.3710743486881256
9887,13,-0.5612272024154663
9888,11,-0.8267905712127686
9889,13,-0.6130509972572327
9890,13,-0.5858778953552246
9891,16,-0.30813732743263245
9892,30,1.7785245180130005
9893,16,-0.29303887486457825
9894,13,-0.5865961313247681
9895,12,-0.6776360273361206
9896,20,0.28076350688934326
9897,13,-0.5879303216934204
9898,13,-0.6000432372093201
9899,12,-0.6639123558998108
9900,16,-0.24146881699562073
9901,15,-0.3291030526161194
9902,13,-0.5900750160217285
9903,13,-0.6403950452804565
9904,15,-0.365090012550354
9905,13,-0.6388654708862305
9906,15,-0.3280159831047058
9907,13,-0.6354953646659851
9908,20,0.18103444576263428
9909,15,-0.31220629811286926
9910,13,-0.5930873155593872
9911,13,-0.5698952674865723
9912,19,0.08006691932678223
9913,18,0.005017459392547607
9914,13,-0.6411400437355042
9915,18,0.035926640033721924
9916,16,-0.21604835987091064
9917,13,-0.5988752841949463
9918,25,0.8997342586517334
9919,13,-0.5952368974685669
9920,13,-0.6290414929389954
9921,16,-0.21751707792282104
9922,13,-0.6233015060424805
9923,17,-0.10332381725311279
9924,13,-0.5511661767959595
9925,16,-0.30797451734542847
9926,18,0.01965153217315674
9927,19,0.1172323226928711
9928,13,-0.6278659105300903
9929,13,-0.634067952632904
9930,13,-0.6411921381950378
9931,13,-0.5930302739143372
9932,24,0.7799785137176514
9933,28,1.2130721807479858
9934,30,1.6051050424575806
9935,13,-0.616669237613678
9936,14,-0.5321588516235352
9937,15,-0.3440987765789032
9938,13,-0.5958841443061829
9939,30,1.6023343801498413
9940,13,-0.6470992565155029
9941,13,-0.5561041235923767
9942,13,-0.6389666199684143
9943,13,-0.6274958252906799
9944,17,-0.07672935724258423
9945,15,-0.3451807200908661
9946,13,-0.6499829292297363
9947,13,-0.6008245944976807
9948,13,-0.5813220739364624
9949,20,0.29511433839797974
9950,13,-0.5841957330703735
9951,13,-0.6038110256195068
9952,16,-0.25161442160606384
9953,15,-0.33674386143684387
9954,16,-0.26309818029403687
9955,13,-0.5592134594917297
9956,12,-0.6868405342102051
9957,13,-0.620378851890564
9958,13,-0.6280889511108398
9959,17,-0.14896070957183838
9960,13,-0.6212683320045471
9961,13,-0.5981487035751343
9962,26,1.06857430934906
9963,16,-0.24882256984710693
9964,13,-0.5811734199523926
9965,13,-0.6237745881080627
9966,16,-0.29945147037506104
9967,20,0.17259204387664795
9968,17,-0.12926828861236572
9969,16,-0.2396233081817627
9970,18,-0.007790923118591309
9971,16,-0.2959400713443756
9972,13,-0.5933769941329956
9973,18,-0.043032944202423096
9974,13,-0.6049488186836243
9975,20,0.2440701723098755
9976,13,-0.5795361399650574
9977,13,-0.5746725797653198
9978,16,-0.30902722477912903
9979,16,-0.29952001571655273
9980,16,-0.2989433705806732
9981,13,-0.6052992939949036
9982,16,-0.2720908522605896
9983,16,-0.24292904138565063
9984,14,-0.5442317724227905
9985,19,0.06894093751907349
9986,19,0.12351477146148682
9987,13,-0.6414946913719177
9988,18,-0.011143624782562256
9989,13,-0.6002114415168762
9990,18,0.04265850782394409
9991,13,-0.616272509098053
9992,19,0.13836300373077393
9993,13,-0.5881038904190063
9994,16,-0.297246515750885
9995,13,-0.6206235289573669
9996,16,-0.24972787499427795
9997,16,-0.28223201632499695
9998,16,-0.2342475950717926
9999,18,0.02694416046142578
10000,13,-0.5751340985298157
10001,29,1.4331248998641968
10002,13,-0.6303650736808777
10003,26,1.0010114908218384
10004,16,-0.26408588886260986
10005,13,-0.5761157870292664
10006,13,-0.6308965682983398
10007,13,-0.5777429938316345
10008,13,-0.6044666171073914
10009,14,-0.5279183387756348
10010,17,-0.17598611116409302
10011,13,-0.5603386163711548
10012,13,-0.6092969179153442
10013,24,0.7025349140167236
10014,17,-0.10813891887664795
10015,16,-0.239391028881073
10016,16,-0.27905920147895813
10017,13,-0.5690712332725525
10018,16,-0.22154414653778076
10019,13,-0.6005318760871887
10020,16,-0.21718287467956543
10021,13,-0.5841190814971924
10022,13,-0.584095299243927
10023,17,-0.15852844715118408
10024,15,-0.3097093999385834
10025,16,-0.20440664887428284
10026,17,-0.10872513055801392
10027,17,-0.1518092155456543
10028,16,-0.27319881319999695
10029,16,-0.25174832344055176
10030,13,-0.6590575575828552
10031,20,0.19885945320129395
10032,16,-0.21670392155647278
10033,20,0.27276378870010376
10034,16,-0.2851593792438507
10035,16,-0.28914135694503784
10036,19,0.0873098373413086
10037,13,-0.5625209808349609
10038,27,1.1367164850234985
10039,15,-0.35232922434806824
10040,19,0.14208120107650757
10041,16,-0.24500587582588196
10042,16,-0.248483806848526
10043,16,-0.2751408517360687
10044,18,0.00913536548614502
10045,13,-0.6158085465431213
10046,14,-0.5437142848968506
10047,13,-0.5489976406097412
10048,16,-0.2002076506614685
10049,16,-0.30870988965034485
10050,13,-0.5911352634429932
10051,19,0.11289089918136597
10052,15,-0.328886479139328
10053,13,-0.5564795732498169
10054,17,-0.10501497983932495
10055,13,-0.6589602828025818
10056,16,-0.21507176756858826
10057,21,0.3675113916397095
10058,16,-0.2791678011417389
10059,16,-0.28421729803085327
10060,13,-0.6302088499069214
10061,26,1.0174121856689453
10062,13,-0.5942210555076599
10063,9,-1.0232442617416382
10064,13,-0.5953285694122314
10065,13,-0.5715274810791016
10066,16,-0.3069433569908142
10067,20,0.20347487926483154
10068,21,0.33171379566192627
10069,16,-0.2294289469718933
10070,13,-0.5892784595489502
10071,16,-0.28773877024650574
10072,15,-0.37222036719322205
10073,16,-0.2639857530593872
10074,16,-0.22596800327301025
10075,16,-0.22833126783370972
10076,18,0.03018510341644287
10077,14,-0.5376231670379639
10078,13,-0.5706408023834229
10079,13,-0.5762653350830078
10080,21,0.3627408742904663
10081,13,-0.5923477411270142
10082,12,-0.6674177646636963
10083,18,0.0005093216896057129
10084,13,-0.5946770906448364
10085,13,-0.5806412100791931
10086,18,-0.03616642951965332
10087,13,-0.5599508285522461
10088,14,-0.4632878303527832
10089,15,-0.3394668400287628
10090,13,-0.5542657971382141
10091,18,-0.036741793155670166
10092,19,0.11498278379440308
10093,19,0.1418612003326416
10094,19,0.12386387586593628
10095,16,-0.29478174448013306
10096,13,-0.6213877201080322
10097,13,-0.5963387489318848
10098,19,0.16052716970443726
10099,13,-0.5720795392990112
10100,13,-0.5954946875572205
10101,15,-0.39649680256843567
10102,13,-0.5695743560791016
10103,19,0.05440300703048706
10104,16,-0.23890146613121033
10105,19,0.07399529218673706
10106,19,0.05676394701004028
10107,13,-0.5992884039878845
10108,13,-0.6215009689331055
10109,13,-0.6423031091690063
10110,18,-0.013648152351379395
10111,13,-0.5783877372741699
10112,14,-0.5076484680175781
10113,17,-0.1432267427444458
10114,18,0.04093503952026367
10115,19,0.05242639780044556
10116,13,-0.5771895051002502
10117,16,-0.2933253347873688
10118,16,-0.1967165470123291
10119,16,-0.28074827790260315
10120,13,-0.5783654451370239
10121,13,-0.625850260257721
10122,13,-0.5549929141998291
10123,15,-0.3127632737159729
10124,20,0.27831530570983887
10125,16,-0.2633149325847626
10126,16,-0.2187025249004364
10127,13,-0.6493492722511292
10128,15,-0.38086608052253723
10129,14,-0.5406960844993591
10130,13,-0.6042752265930176
10131,13,-0.566402792930603
10132,19,0.13920879364013672
10133,18,-0.007944583892822266
10134,13,-0.56235671043396
10135,16,-0.19864925742149353
10136,19,0.05257135629653931
10137,13,-0.5663854479789734
10138,16,-0.2564268708229065
10139,17,-0.14456170797348022
10140,17,-0.1531895399093628
10141,20,0.24031108617782593
10142,17,-0.1101260781288147
10143,29,1.454750418663025
10144,13,-0.5907875299453735
10145,18,-0.023933351039886475
10146,18,-0.013612806797027588
10147,19,0.13490939140319824
10148,13,-0.6437414288520813
10149,13,-0.5909566879272461
10150,16,-0.18979737162590027
10151,14,-0.4794188141822815
10152,19,0.11856967210769653
10153,13,-0.6170920133590698
10154,13,-0.5966498255729675
10155,13,-0.5761305093765259
10156,16,-0.23515230417251587
10157,13,-0.5689215660095215
10158,13,-0.606227695941925
10159,13,-0.6199522018432617
10160,17,-0.17062553763389587
10161,13,-0.5701197385787964
10162,14,-0.5429990291595459
10163,13,-0.5978758335113525
10164,13,-0.547909677028656
10165,14,-0.5429427027702332
10166,15,-0.31684476137161255
10167,15,-0.35279467701911926
10168,13,-0.5577808022499084
10169,13,-0.5729979872703552
10170,14,-0.5374778509140015
10171,13,-0.5774887204170227
10172,18,-0.012134253978729248
10173,16,-0.2426023781299591
10174,16,-0.24381589889526367
10175,16,-0.3065643012523651
10176,14,-0.5295249223709106
10177,16,-0.21937128901481628
10178,19,0.12487506866455078
10179,16,-0.26512622833251953
10180,13,-0.5843828320503235
10181,13,-0.5632683634757996
10182,15,-0.3292815685272217
10183,16,-0.21515324711799622
10184,20,0.2824770212173462
10185,18,-0.03843027353286743
10186,13,-0.5606242418289185
10187,14,-0.5341684222221375
10188,17,-0.08164316415786743
10189,16,-0.19615086913108826
10190,20,0.2572249174118042
10191,19,0.05492591857910156
10192,16,-0.23172259330749512
10193,16,-0.20546576380729675
10194,13,-0.571548581123352
10195,16,-0.20292136073112488
10196,19,0.1149522066116333
10197,16,-0.29513174295425415
10198,14,-0.4753716289997101
10199,14,-0.530614972114563
10200,18,0.0028817057609558105
10201,18,-0.05304950475692749
10202,16,-0.2216494083404541
10203,16,-0.2222144603729248
10204,17,-0.17278209328651428
10205,13,-0.6528580188751221
10206,14,-0.536823034286499
10207,17,-0.14966177940368652
10208,18,0.022596359252929688
10209,19,0.06665217876434326
10210,14,-0.5459646582603455
10211,21,0.34059882164001465
10212,16,-0.1904863715171814
10213,14,-0.5221087336540222
10214,17,-0.15851247310638428
10215,16,-0.1928955614566803
10216,14,-0.5307878851890564
10217,13,-0.5673314929008484
10218,19,0.14234012365341187
10219,13,-0.5708584785461426
10220,16,-0.2796347439289093
10221,16,-0.2532995343208313
10222,29,1.352629542350769
10223,19,0.0596882700920105
10224,16,-0.23439615964889526
10225,17,-0.13700205087661743
10226,15,-0.38115057349205017
10227,16,-0.27636438608169556
10228,14,-0.5276597738265991
10229,14,-0.5345508456230164
10230,13,-0.5614548921585083
10231,12,-0.6926900744438171
10232,20,0.27024030685424805
10233,14,-0.5145994424819946
10234,16,-0.24904555082321167
10235,17,-0.07384723424911499
10236,14,-0.5349610447883606
10237,16,-0.19411292672157288
10238,16,-0.20752811431884766
10239,14,-0.4793594479560852
10240,30,1.9038838148117065
10241,14,-0.5216268301010132
10242,14,-0.5318458080291748
10243,14,-0.5331128835678101
10244,13,-0.5888538360595703
10245,16,-0.3025769889354706
10246,13,-0.5518579483032227
10247,19,0.17096149921417236
10248,16,-0.21874696016311646
10249,18,0.009659111499786377
10250,13,-0.5571448802947998
10251,16,-0.209865003824234
10252,17,-0.13516968488693237
10253,13,-0.5475895404815674
10254,19,0.16617387533187866
10255,14,-0.5384462475776672
10256,13,-0.5489516854286194
10257,16,-0.2319624423980713
10258,13,-0.5843607783317566
10259,13,-0.5721496343612671
10260,30,1.5490251779556274
10261,13,-0.5897149443626404
10262,15,-0.31714779138565063
10263,13,-0.6271860599517822
10264,20,0.18291956186294556
10265,14,-0.539794385433197
10266,16,-0.22651773691177368
10267,14,-0.5446959137916565
10268,21,0.369539737701416
10269,13,-0.5652467608451843
10270,14,-0.5407827496528625
10271,20,0.21314477920532227
10272,15,-0.3460419476032257
10273,14,-0.5431326627731323
10274,14,-0.5308341383934021
10275,20,0.19937467575073242
10276,23,0.5855695009231567
10277,14,-0.5424954891204834
10278,19,0.07621002197265625
10279,13,-0.60538649559021
10280,16,-0.1961531639099121
10281,13,-0.5882275104522705
10282,19,0.07629638910293579
10283,17,-0.1009223461151123
10284,18,0.030840694904327393
10285,14,-0.5408140420913696
10286,16,-0.20940831303596497
10287,16,-0.26487332582473755
10288,14,-0.5440747737884521
10289,13,-0.6214615702629089
10290,16,-0.22130903601646423
10291,13,-0.5901592373847961
10292,14,-0.4963982105255127
10293,13,-0.5670323967933655
10294,14,-0.4711496829986572
10295,18,0.03764992952346802
10296,13,-0.5529210567474365
10297,13,-0.5627630949020386
10298,28,1.3430417776107788
10299,20,0.24484139680862427
10300,22,0.4953221082687378
10301,14,-0.48715290427207947
10302,17,-0.17892742156982422
10303,13,-0.576233983039856
10304,14,-0.5301538705825806
10305,14,-0.49631989002227783
10306,14,-0.5372574925422668
10307,13,-0.6042940020561218
10308,14,-0.4792075753211975
10309,14,-0.5321530699729919
10310,17,-0.15725183486938477
10311,20,0.1957230567932129
10312,14,-0.5443135499954224
10313,14,-0.541517972946167
10314,16,-0.22303888201713562
10315,14,-0.5051184892654419
10316,19,0.12363529205322266
10317,27,1.1528137922286987
10318,17,-0.17511820793151855
10319,16,-0.2020186483860016
10320,19,0.1271214485168457
10321,17,-0.16270798444747925
10322,14,-0.49444079399108887
10323,14,-0.5244826078414917
10324,17,-0.11681324243545532
10325,13,-0.5654914975166321
10326,13,-0.5591103434562683
10327,17,-0.17191976308822632
10328,17,-0.13182389736175537
10329,14,-0.5359686017036438
10330,16,-0.22111767530441284
10331,14,-0.5447790622711182
10332,19,0.11087334156036377
10333,13,-0.5726271867752075
10334,14,-0.5393692255020142
10335,13,-0.5532305240631104
10336,21,0.3197972774505615
10337,13,-0.6152399778366089
10338,13,-0.5686208605766296
10339,16,-0.1884494125843048
10340,28,1.3104223012924194
10341,16,-0.21875068545341492
10342,16,-0.1972866654396057
10343,17,-0.08002740144729614
10344,13,-0.573608934879303
10345,17,-0.15629833936691284
10346,19,0.16239458322525024
10347,13,-0.5470830798149109
10348,18,0.010748445987701416
10349,18,-0.04621422290802002
10350,14,-0.5344967246055603
10351,16,-0.2838532030582428
10352,16,-0.20627698302268982
10353,16,-0.264663428068161
10354,14,-0.5229173898696899
10355,14,-0.537445604801178
10356,13,-0.5575960278511047
10357,16,-0.23370519280433655
10358,20,0.20097655057907104
10359,14,-0.5245984792709351
10360,14,-0.4894024729728699
10361,13,-0.5858851671218872
10362,17,-0.1432226300239563
10363,14,-0.5109832286834717
10364,17,-0.18170058727264404
10365,16,-0.21654671430587769
10366,15,-0.31157177686691284
10367,17,-0.13873904943466187
10368,16,-0.26467984914779663
10369,18,-0.04349088668823242
10370,14,-0.518362283706665
10371,19,0.16022604703903198
10372,16,-0.29519644379615784
10373,14,-0.49694758653640747
10374,16,-0.22450828552246094
10375,14,-0.5247567892074585
10376,18,0.03684794902801514
10377,13,-0.5836572051048279
10378,13,-0.5516732931137085
10379,16,-0.30564287304878235
10380,14,-0.5429331660270691
10381,13,-0.5617071390151978
10382,16,-0.2461293637752533
10383,18,-0.04038727283477783
10384,19,0.14587903022766113
10385,20,0.197138249874115
10386,18,-0.04091984033584595
10387,14,-0.5348412394523621
10388,17,-0.17102953791618347
10389,16,-0.26902562379837036
10390,16,-0.19335493445396423
10391,16,-0.18898844718933105
10392,16,-0.1978035271167755
10393,14,-0.4853671193122864
10394,13,-0.5630252361297607
10395,18,0.0013886094093322754
10396,19,0.057458341121673584
10397,18,-0.025059521198272705
10398,14,-0.517207682132721
10399,13,-0.5583657026290894
10400,18,-0.04375070333480835
10401,14,-0.4961899220943451
10402,14,-0.5440195202827454
10403,14,-0.5055442452430725
10404,14,-0.5174037218093872
10405,15,-0.42149025201797485
10406,18,-0.05029404163360596
10407,16,-0.22115060687065125
10408,16,-0.2200646996498108
10409,16,-0.21245825290679932
10410,20,0.18527710437774658
10411,19,0.05993378162384033
10412,23,0.6441237926483154
10413,15,-0.4041723906993866
10414,14,-0.49841776490211487
10415,25,0.8809729814529419
10416,20,0.2567065358161926
10417,17,-0.16484153270721436
10418,14,-0.518897294998169
10419,18,0.03888064622879028
10420,27,1.0816047191619873
10421,8,-1.172831416130066
10422,18,-0.018341422080993652
10423,17,-0.1630706787109375
10424,21,0.3979562520980835
10425,13,-0.5699059367179871
10426,14,-0.46615809202194214
10427,17,-0.14950203895568848
10428,17,-0.1543087363243103
10429,20,0.18769919872283936
10430,14,-0.4621899127960205
10431,14,-0.5199277400970459
10432,17,-0.18010878562927246
10433,24,0.7345837354660034
10434,14,-0.5074304342269897
10435,14,-0.5108269453048706
10436,20,0.23892992734909058
10437,14,-0.5196235775947571
10438,27,1.1417770385742188
10439,17,-0.1494961977005005
10440,14,-0.5333366394042969
10441,14,-0.47850310802459717
10442,19,0.126925528049469
10443,16,-0.24688154458999634
10444,20,0.2928990125656128
10445,14,-0.5057377815246582
10446,16,-0.2862918972969055
10447,14,-0.5310499668121338
10448,14,-0.5334201455116272
10449,17,-0.18519729375839233
10450,17,-0.15255111455917358
10451,14,-0.4989900588989258
10452,14,-0.49812042713165283
10453,19,0.14834749698638916
10454,16,-0.25395312905311584
10455,20,0.2446942925453186
10456,29,1.389212965965271
10457,19,0.0927116870880127
10458,28,1.3318732976913452
10459,17,-0.1131548285484314
10460,17,-0.1398102045059204
10461,10,-0.9630230665206909
10462,16,-0.208437979221344
10463,14,-0.5321375131607056
10464,14,-0.5081363320350647
10465,28,1.2327066659927368
10466,20,0.17227011919021606
10467,14,-0.5009763240814209
10468,14,-0.48773056268692017
10469,19,0.09996217489242554
10470,14,-0.4737088084220886
10471,14,-0.5001399517059326
10472,16,-0.19479122757911682
10473,18,-0.018294453620910645
10474,18,0.042601048946380615
10475,16,-0.29014652967453003
10476,14,-0.49483245611190796
10477,14,-0.5245182514190674
10478,16,-0.19901835918426514
10479,17,-0.1610581874847412
10480,20,0.2910699248313904
10481,14,-0.5226867198944092
10482,14,-0.5021461248397827
10483,17,-0.1704334318637848
10484,14,-0.5268899202346802
10485,17,-0.08546966314315796
10486,17,-0.11562728881835938
10487,16,-0.22091004252433777
10488,14,-0.5216307640075684
10489,14,-0.5204247236251831
10490,8,-1.142743468284607
10491,13,-0.5615084171295166
10492,12,-0.6642408967018127
10493,17,-0.15373939275741577
10494,17,-0.16542893648147583
10495,17,-0.17792969942092896
10496,16,-0.18707376718521118
10497,10,-0.9472396373748779
10498,16,-0.20423787832260132
10499,14,-0.5129469037055969
10500,27,1.1557822227478027
10501,17,-0.12900418043136597
10502,14,-0.497859925031662
10503,14,-0.5249428749084473
10504,17,-0.16977152228355408
10505,19,0.050560593605041504
10506,14,-0.4984690546989441
10507,17,-0.1815796196460724
10508,14,-0.5067687034606934
10509,13,-0.5661005973815918
10510,14,-0.4847596287727356
10511,23,0.5959693193435669
10512,18,-0.006740450859069824
10513,17,-0.11026525497436523
10514,16,-0.1925431191921234
10515,18,0.008314728736877441
10516,14,-0.48660123348236084
10517,21,0.3453480005264282
10518,14,-0.496681809425354
10519,16,-0.20894229412078857
10520,16,-0.19886571168899536
10521,17,-0.18325275182724
10522,17,-0.12489324808120728
10523,14,-0.5134454369544983
10524,21,0.3971843719482422
10525,28,1.203857183456421
10526,19,0.16246557235717773
10527,14,-0.5459657311439514
10528,17,-0.14672791957855225
10529,14,-0.5156242847442627
10530,13,-0.5705665946006775
10531,20,0.18811368942260742
10532,17,-0.13882821798324585
10533,14,-0.47896063327789307
10534,14,-0.4930627942085266
10535,16,-0.19422009587287903
10536,19,0.05474191904067993
10537,17,-0.1315397024154663
10538,14,-0.5055482387542725
10539,14,-0.5442843437194824
10540,17,-0.08861851692199707
10541,27,1.11183762550354
10542,16,-0.18839123845100403
10543,14,-0.5291404128074646
10544,19,0.1156277060508728
10545,13,-0.5864748954772949
10546,14,-0.47257423400878906
10547,27,1.1454836130142212
10548,20,0.24710333347320557
10549,17,-0.17679017782211304
10550,17,-0.11323505640029907
10551,16,-0.24349889159202576
10552,17,-0.1112128496170044
10553,17,-0.135755717754364
10554,21,0.3280160427093506
10555,18,-0.043482065200805664
10556,14,-0.49246495962142944
10557,14,-0.4933297336101532
10558,14,-0.507745623588562
10559,20,0.2334064245223999
10560,17,-0.08214801549911499
10561,19,0.07208049297332764
10562,14,-0.5132105350494385
10563,14,-0.5398885011672974
10564,14,-0.5298707485198975
10565,16,-0.22176611423492432
10566,14,-0.502643346786499
10567,14,-0.49143072962760925
10568,19,0.11103498935699463
10569,17,-0.10511994361877441
10570,18,-0.0008708834648132324
10571,13,-0.6388331055641174
10572,20,0.18142789602279663
10573,14,-0.48805803060531616
10574,18,-0.014535188674926758
10575,17,-0.08322411775588989
10576,13,-0.5543275475502014
10577,14,-0.49961352348327637
10578,14,-0.4705730676651001
10579,14,-0.5267376899719238
10580,14,-0.48757076263427734
10581,14,-0.5129917860031128
10582,16,-0.1929003894329071
10583,17,-0.17337757349014282
10584,19,0.06456351280212402
10585,19,0.09802258014678955
10586,14,-0.49964243173599243
10587,14,-0.503517746925354
10588,17,-0.121876060962677
10589,14,-0.4987642765045166
10590,17,-0.09608721733093262
10591,17,-0.17873317003250122
10592,29,1.5149270296096802
10593,17,-0.13078737258911133
10594,16,-0.21617183089256287
10595,13,-0.5779165625572205
10596,14,-0.5066707134246826
10597,14,-0.5196991562843323
10598,23,0.6588481664657593
10599,14,-0.5153650045394897
10600,19,0.06935131549835205
10601,17,-0.18174520134925842
10602,14,-0.4598385691642761
10603,25,0.8804217576980591
10604,21,0.29849404096603394
10605,14,-0.4993005692958832
10606,14,-0.48155564069747925
10607,17,-0.13531339168548584
10608,19,0.09858524799346924
10609,17,-0.0858411192893982
10610,14,-0.5016084909439087
10611,19,0.1449335217475891
10612,14,-0.514421284198761
10613,14,-0.4599623382091522
10614,14,-0.4973389804363251
10615,17,-0.1629694700241089
10616,14,-0.5275376439094543
10617,17,-0.10026824474334717
10618,14,-0.47108209133148193
10619,20,0.2588016986846924
10620,17,-0.10378372669219971
10621,16,-0.2532726526260376
10622,14,-0.4677252173423767
10623,20,0.23369568586349487
10624,14,-0.5285004377365112
10625,17,-0.1369970440864563
10626,17,-0.1327589750289917
10627,14,-0.46881306171417236
10628,17,-0.12399709224700928
10629,14,-0.4547700881958008
10630,14,-0.4327555298805237
10631,19,0.14849096536636353
10632,19,0.15396004915237427
10633,14,-0.5029183626174927
10634,13,-0.5467607975006104
10635,17,-0.12961596250534058
10636,18,0.002354860305786133
10637,13,-0.6023952960968018
10638,17,-0.14889204502105713
10639,17,-0.14652597904205322
10640,14,-0.511207640171051
10641,17,-0.12492215633392334
10642,17,-0.1709224283695221
10643,17,-0.12840962409973145
10644,17,-0.17486810684204102
10645,21,0.3291441798210144
10646,15,-0.4157039225101471
10647,17,-0.14560890197753906
10648,13,-0.5579301714897156
10649,17,-0.10811209678649902
10650,19,0.12167096138000488
10651,18,-0.05216944217681885
10652,27,1.1523334980010986
10653,14,-0.4555667042732239
10654,22,0.4303935766220093
10655,19,0.05262577533721924
10656,14,-0.45976001024246216
10657,16,-0.2383531630039215
10658,17,-0.13544976711273193
10659,14,-0.4750926196575165
10660,28,1.323087453842163
10661,17,-0.10012310743331909
10662,14,-0.521591305732727
10663,14,-0.4513177275657654
10664,16,-0.24620667099952698
10665,30,1.7132154703140259
10666,16,-0.21564874053001404
10667,20,0.20142602920532227
10668,17,-0.1145821213722229
10669,21,0.34779953956604004
10670,14,-0.4587143063545227
10671,14,-0.5076965689659119
10672,16,-0.2034853994846344
10673,14,-0.4698190689086914
10674,23,0.590741753578186
10675,17,-0.17591729760169983
10676,18,-0.05566549301147461
10677,18,-0.024940431118011475
10678,14,-0.4948044419288635
10679,16,-0.19831988215446472
10680,19,0.09027081727981567
10681,22,0.5336047410964966
10682,18,-0.022684097290039062
10683,14,-0.4630645215511322
10684,14,-0.5132764577865601
10685,14,-0.5315183997154236
10686,14,-0.535826563835144
10687,14,-0.4487931430339813
10688,21,0.3004796504974365
10689,13,-0.5663922429084778
10690,14,-0.510809063911438
10691,14,-0.5010203123092651
10692,18,0.014718055725097656
10693,17,-0.07036048173904419
10694,17,-0.12574756145477295
10695,14,-0.4713609516620636
10696,19,0.13632243871688843
10697,29,1.4626086950302124
10698,17,-0.16108357906341553
10699,17,-0.12888175249099731
10700,20,0.17145287990570068
10701,16,-0.19218724966049194
10702,17,-0.13521027565002441
10703,21,0.3518484830856323
10704,16,-0.1881810426712036
10705,22,0.5410804748535156
10706,15,-0.4016939401626587
10707,17,-0.085324227809906
10708,21,0.35331904888153076
10709,14,-0.5035775303840637
10710,22,0.4579811096191406
10711,21,0.39890336990356445
10712,14,-0.45222997665405273
10713,14,-0.538837194442749
10714,17,-0.06894659996032715
10715,14,-0.5039217472076416
10716,14,-0.4674881100654602
10717,18,-0.03727447986602783
10718,20,0.20638704299926758
10719,19,0.11787629127502441
10720,17,-0.09688687324523926
10721,21,0.3916971683502197
10722,14,-0.5110775232315063
10723,17,-0.12855684757232666
10724,14,-0.5136667490005493
10725,14,-0.453641802072525
10726,14,-0.470114141702652
10727,19,0.11320555210113525
10728,14,-0.4907875657081604
10729,14,-0.4745216369628906
10730,20,0.2946951985359192
10731,28,1.3522318601608276
10732,14,-0.4630230665206909
10733,16,-0.30048486590385437
10734,26,0.949705958366394
10735,14,-0.4513222575187683
10736,16,-0.19010037183761597
10737,14,-0.46198660135269165
10738,14,-0.535476803779602
10739,17,-0.07489818334579468
10740,19,0.09194505214691162
10741,16,-0.23258981108665466
10742,17,-0.17726534605026245
10743,14,-0.4466387629508972
10744,14,-0.4895947575569153
10745,20,0.18561679124832153
10746,17,-0.09329050779342651
10747,27,1.102317452430725
10748,24,0.6870889663696289
10749,14,-0.4387472867965698
10750,14,-0.49653589725494385
10751,14,-0.4458051919937134
10752,17,-0.13451075553894043
10753,15,-0.4153750240802765
10754,14,-0.4506233334541321
10755,17,-0.10668420791625977
10756,19,0.08572667837142944
10757,14,-0.49722957611083984
10758,18,-0.005347311496734619
10759,17,-0.1489638090133667
10760,14,-0.5030400156974792
10761,16,-0.20025688409805298
10762,29,1.5404504537582397
10763,14,-0.467648446559906
10764,21,0.31082671880722046
10765,16,-0.21442550420761108
10766,16,-0.2638055086135864
10767,15,-0.41181790828704834
10768,26,0.9978511333465576
10769,17,-0.14976418018341064
10770,22,0.4399385452270508
10771,14,-0.4733688235282898
10772,19,0.079883873462677
10773,14,-0.4416758418083191
10774,18,-0.004447996616363525
10775,17,-0.07965672016143799
10776,14,-0.44307902455329895
10777,17,-0.17941796779632568
10778,17,-0.08507418632507324
10779,19,0.13140010833740234
10780,17,-0.1230161190032959
10781,14,-0.4932761490345001
10782,23,0.570956826210022
10783,17,-0.13781684637069702
10784,16,-0.2383522093296051
10785,14,-0.4696402847766876
10786,15,-0.41775909066200256
10787,19,0.09424334764480591
10788,17,-0.13749021291732788
10789,14,-0.5062326192855835
10790,23,0.6122932434082031
10791,13,-0.555402398109436
10792,20,0.20034927129745483
10793,21,0.3118101954460144
10794,23,0.5692853927612305
10795,20,0.2535219192504883
10796,28,1.2399038076400757
10797,14,-0.5016381144523621
10798,14,-0.5040767788887024
10799,17,-0.09707295894622803
10800,28,1.204338788986206
10801,18,-0.007291138172149658
10802,17,-0.12408429384231567
10803,15,-0.40624332427978516
10804,14,-0.44371891021728516
10805,14,-0.46425867080688477
10806,14,-0.4517901539802551
10807,14,-0.4892752170562744
10808,17,-0.15146374702453613
10809,17,-0.139842689037323
10810,18,-0.045696258544921875
10811,14,-0.43347620964050293
10812,18,0.02924245595932007
10813,14,-0.45143067836761475
10814,20,0.2860100269317627
10815,18,-0.027102291584014893
10816,14,-0.47153615951538086
10817,16,-0.19917449355125427
10818,18,-0.040620267391204834
10819,14,-0.45700347423553467
10820,14,-0.47090306878089905
10821,14,-0.5139518976211548
10822,14,-0.450107604265213
10823,17,-0.110454261302948
10824,26,0.978066086769104
10825,14,-0.4709799289703369
10826,19,0.09953981637954712
10827,14,-0.4523313343524933
10828,14,-0.4782513976097107
10829,14,-0.4260934591293335
10830,14,-0.4801951050758362
10831,17,-0.0787053108215332
10832,26,0.9748507738113403
10833,19,0.09574216604232788
10834,14,-0.45356205105781555
10835,17,-0.13962161540985107
10836,14,-0.44385284185409546
10837,14,-0.5108290314674377
10838,14,-0.456464946269989
10839,18,-0.01169198751449585
10840,16,-0.2157304883003235
10841,13,-0.5698957443237305
10842,17,-0.08692723512649536
10843,17,-0.16883385181427002
10844,20,0.25351327657699585
10845,17,-0.16358524560928345
10846,20,0.22020751237869263
10847,14,-0.4379380941390991
10848,17,-0.08688676357269287
10849,17,-0.1375545859336853
10850,14,-0.44372278451919556
10851,23,0.60013747215271
10852,17,-0.15193307399749756
10853,30,1.6113210916519165
10854,15,-0.4083556830883026
10855,20,0.21778303384780884
10856,17,-0.17439967393875122
10857,26,1.0589970350265503
10858,14,-0.5068932771682739
10859,23,0.5652174949645996
10860,14,-0.4380819797515869
10861,14,-0.4617372155189514
10862,14,-0.44460248947143555
10863,20,0.2440699338912964
10864,17,-0.09484678506851196
10865,30,1.546430230140686
10866,17,-0.06749135255813599
10867,15,-0.3939749300479889
10868,14,-0.47537338733673096
10869,14,-0.48330017924308777
10870,17,-0.13837170600891113
10871,29,1.5353742837905884
10872,19,0.12555032968521118
10873,14,-0.4558030962944031
10874,19,0.09865611791610718
10875,22,0.4247802495956421
10876,14,-0.42575791478157043
10877,14,-0.49794816970825195
10878,14,-0.500873327255249
10879,16,-0.22608709335327148
10880,14,-0.5435260534286499
10881,17,-0.07722461223602295
10882,20,0.2781881093978882
10883,16,-0.2088281810283661
10884,21,0.3934648036956787
10885,14,-0.47359466552734375
10886,21,0.4020422697067261
10887,15,-0.40505972504615784
10888,17,-0.08584028482437134
10889,19,0.13124001026153564
10890,14,-0.46856382489204407
10891,14,-0.45695096254348755
10892,17,-0.15901076793670654
10893,21,0.3540414571762085
10894,18,-0.06163489818572998
10895,24,0.7553623914718628
10896,22,0.49038124084472656
10897,14,-0.4753744602203369
10898,16,-0.20972758531570435
10899,14,-0.4997657537460327
10900,18,-0.06428569555282593
10901,21,0.3024246096611023
10902,14,-0.4550991952419281
10903,14,-0.43513044714927673
10904,14,-0.49881017208099365
10905,17,-0.09520107507705688
10906,20,0.18222683668136597
10907,19,0.08640062808990479
10908,15,-0.4169557988643646
10909,14,-0.4728531837463379
10910,30,1.8555647134780884
10911,14,-0.4535564184188843
10912,15,-0.4130798578262329
10913,19,0.058532536029815674
10914,14,-0.46145886182785034
10915,14,-0.45581895112991333
10916,29,1.45246160030365
10917,17,-0.09832048416137695
10918,28,1.3038510084152222
10919,21,0.3653535842895508
10920,17,-0.06787407398223877
10921,17,-0.15470319986343384
10922,17,-0.091866135597229
10923,17,-0.1366199254989624
10924,17,-0.17735961079597473
10925,14,-0.4660876989364624
10926,14,-0.44905561208724976
10927,13,-0.6571864485740662
10928,22,0.4404224157333374
10929,17,-0.1373254656791687
10930,18,-0.057636559009552
10931,15,-0.3880196809768677
10932,17,-0.11735773086547852
10933,14,-0.4577800929546356
10934,15,-0.3643029034137726
10935,14,-0.4709460139274597
10936,14,-0.43542516231536865
10937,15,-0.38356631994247437
10938,19,0.07829159498214722
10939,14,-0.5094491243362427
10940,15,-0.4144435524940491
10941,14,-0.47352561354637146
10942,14,-0.5151301026344299
10943,20,0.2006409764289856
10944,28,1.215615153312683
10945,15,-0.4075189530849457
10946,17,-0.17298567295074463
10947,14,-0.42709487676620483
10948,18,-0.03015291690826416
10949,26,1.0376625061035156
10950,14,-0.4572930335998535
10951,17,-0.13245773315429688
10952,16,-0.1956283152103424
10953,20,0.2264203429222107
10954,20,0.19563508033752441
10955,14,-0.4624672532081604
10956,14,-0.4796852767467499
10957,17,-0.09652489423751831
10958,24,0.7505831718444824
10959,15,-0.4131389856338501
10960,17,-0.10596519708633423
10961,17,-0.13721394538879395
10962,18,-0.03411370515823364
10963,17,-0.12144601345062256
10964,15,-0.4065520167350769
10965,14,-0.475821852684021
10966,20,0.18409264087677002
10967,14,-0.46332848072052
10968,17,-0.1803765594959259
10969,17,-0.11677557229995728
10970,14,-0.543053150177002
10971,18,0.008696794509887695
10972,15,-0.4173307716846466
10973,18,-0.05876433849334717
10974,14,-0.4649054706096649
10975,18,0.0030190348625183105
10976,18,-0.0637056827545166
10977,14,-0.4617103338241577
10978,24,0.8009555339813232
10979,14,-0.4890255928039551
10980,17,-0.12516748905181885
10981,15,-0.399269163608551
10982,14,-0.4940299391746521
10983,14,-0.44812992215156555
10984,14,-0.5059689879417419
10985,17,-0.13302206993103027
10986,21,0.390968918800354
10987,18,-0.017434537410736084
10988,20,0.1799616813659668
10989,22,0.4449939727783203
10990,19,0.05582594871520996
10991,14,-0.45524537563323975
10992,19,0.09326213598251343
10993,14,-0.43979471921920776
10994,22,0.5470439195632935
10995,14,-0.4693809747695923
10996,17,-0.1808198094367981
10997,20,0.22436559200286865
10998,15,-0.4112876057624817
10999,20,0.2755720615386963
11000,19,0.13970601558685303
11001,17,-0.1294814944267273
11002,17,-0.07817012071609497
11003,15,-0.4129007160663605
11004,18,-0.007220208644866943
11005,14,-0.46183300018310547
11006,17,-0.10809582471847534
11007,17,-0.06869339942932129
11008,20,0.2322065234184265
11009,25,0.8640403747558594
11010,21,0.3152027726173401
11011,16,-0.24635222554206848
11012,19,0.12769365310668945
11013,15,-0.40943312644958496
11014,15,-0.39752182364463806
11015,20,0.2260790467262268
11016,22,0.5271110534667969
11017,14,-0.4286903738975525
11018,15,-0.379790723323822
11019,17,-0.14521914720535278
11020,14,-0.429365873336792
11021,14,-0.42791205644607544
11022,19,0.14656752347946167
11023,18,-0.010800659656524658
11024,18,-0.062251150608062744
11025,20,0.2973472476005554
11026,14,-0.4599415063858032
11027,17,-0.07726931571960449
11028,17,-0.14377856254577637
11029,17,-0.11719930171966553
11030,14,-0.4526289403438568
11031,14,-0.4302048683166504
11032,15,-0.38141804933547974
11033,14,-0.4440411627292633
11034,18,-0.04536747932434082
11035,24,0.6856722831726074
11036,20,0.23183900117874146
11037,14,-0.4741734564304352
11038,11,-0.7943061590194702
11039,18,0.017654359340667725
11040,18,0.017293334007263184
11041,14,-0.44541680812835693
11042,14,-0.4723559319972992
11043,22,0.43558716773986816
11044,15,-0.41181156039237976
11045,15,-0.40361765027046204
11046,15,-0.4076383113861084
11047,14,-0.4444461166858673
11048,15,-0.36724501848220825
11049,18,-0.01203995943069458
11050,21,0.3620508909225464
11051,15,-0.35813114047050476
11052,18,-0.042233288288116455
11053,15,-0.4032645523548126
11054,15,-0.42011091113090515
11055,15,-0.4053599238395691
11056,20,0.24708807468414307
11057,26,1.0358830690383911
11058,15,-0.40482088923454285
11059,27,1.1075245141983032
11060,14,-0.44171223044395447
11061,14,-0.4514787495136261
11062,27,1.1721524000167847
11063,17,-0.09034639596939087
11064,14,-0.4688265323638916
11065,18,-0.059892892837524414
11066,15,-0.3985148072242737
11067,18,-0.038361549377441406
11068,17,-0.14237821102142334
11069,22,0.495447039604187
11070,15,-0.38614192605018616
11071,15,-0.41109371185302734
11072,25,0.9164420366287231
11073,14,-0.43637514114379883
11074,20,0.23609375953674316
11075,14,-0.4862499237060547
11076,28,1.3061820268630981
11077,15,-0.4121457636356354
11078,21,0.35374748706817627
11079,14,-0.43837589025497437
11080,17,-0.15565425157546997
11081,14,-0.461167573928833
11082,15,-0.414871484041214
11083,14,-0.45585232973098755
11084,20,0.18044888973236084
11085,30,1.8362754583358765
11086,18,-0.04057365655899048
11087,21,0.34336555004119873
11088,20,0.19257837533950806
11089,19,0.07105499505996704
11090,19,0.05996423959732056
11091,15,-0.40053677558898926
11092,17,-0.17004495859146118
11093,15,-0.40774813294410706
11094,18,0.041780710220336914
11095,29,1.5240079164505005
11096,20,0.20729053020477295
11097,6,-1.3409538269042969
11098,17,-0.0939834713935852
11099,18,-0.04988664388656616
11100,18,0.016413211822509766
11101,28,1.3364640474319458
11102,17,-0.09754049777984619
11103,15,-0.38050368428230286
11104,15,-0.32037490606307983
11105,15,-0.37836742401123047
11106,15,-0.39297136664390564
11107,18,-0.009001374244689941
11108,18,-0.04318106174468994
11109,14,-0.4306127429008484
11110,17,-0.07156389951705933
11111,15,-0.4108152985572815
11112,17,-0.10254472494125366
11113,15,-0.3716811537742615
11114,14,-0.43009746074676514
11115,18,-0.017720520496368408
11116,14,-0.46554338932037354
11117,28,1.251001238822937
11118,22,0.43913447856903076
11119,17,-0.0764620304107666
11120,21,0.32363325357437134
11121,15,-0.4109856188297272
11122,23,0.6829160451889038
11123,19,0.14679968357086182
11124,15,-0.41912245750427246
11125,15,-0.40984323620796204
11126,18,-0.06500160694122314
11127,17,-0.08839035034179688
11128,20,0.2960320711135864
11129,15,-0.413028359413147
11130,15,-0.38536742329597473
11131,14,-0.43576574325561523
11132,18,-0.04321473836898804
11133,14,-0.471881628036499
11134,15,-0.41775429248809814
11135,14,-0.437682569026947
11136,18,-0.04013019800186157
11137,14,-0.44612371921539307
11138,17,-0.08275192975997925
11139,15,-0.3969300091266632
11140,14,-0.453069269657135
11141,18,-0.05813413858413696
11142,19,0.15904688835144043
11143,15,-0.34794971346855164
11144,19,0.14579838514328003
11145,21,0.38147425651550293
11146,19,0.15067893266677856
11147,19,0.10153025388717651
11148,14,-0.48995715379714966
11149,19,0.10841858386993408
11150,14,-0.441606342792511
11151,15,-0.34582972526550293
11152,15,-0.4148152470588684
11153,18,-0.047508835792541504
11154,21,0.3215346336364746
11155,19,0.14109283685684204
11156,15,-0.3839648365974426
11157,15,-0.3839870095252991
11158,17,-0.09458816051483154
11159,18,-0.023358583450317383
11160,15,-0.3944913446903229
11161,14,-0.4719165563583374
11162,23,0.626960039138794
11163,20,0.17863810062408447
11164,15,-0.37208253145217896
11165,18,-0.030576467514038086
11166,17,-0.11906111240386963
11167,17,-0.08941251039505005
11168,21,0.3687124252319336
11169,20,0.23754090070724487
11170,15,-0.392796128988266
11171,14,-0.4661353826522827
11172,17,-0.08645731210708618
11173,15,-0.4121006429195404
11174,17,-0.07504850625991821
11175,17,-0.10003811120986938
11176,15,-0.4163925051689148
11177,15,-0.41360417008399963
11178,20,0.20014846324920654
11179,15,-0.385272741317749
11180,21,0.3346695899963379
11181,15,-0.39945459365844727
11182,15,-0.4078808128833771
11183,14,-0.4562176764011383
11184,28,1.2377549409866333
11185,15,-0.38277187943458557
11186,15,-0.39707091450691223
11187,14,-0.48650962114334106
11188,29,1.4205478429794312
11189,15,-0.40511518716812134
11190,20,0.2369433045387268
11191,18,-0.05508911609649658
11192,17,-0.17473891377449036
11193,22,0.5351661443710327
11194,17,-0.11529797315597534
11195,14,-0.43676289916038513
11196,15,-0.4108262062072754
11197,21,0.298883855342865
11198,15,-0.39195436239242554
11199,20,0.21935534477233887
11200,26,0.9740027189254761
11201,15,-0.40001508593559265
11202,21,0.4095820188522339
11203,18,-0.02266669273376465
11204,14,-0.4315487742424011
11205,15,-0.3933950364589691
11206,19,0.07699966430664062
11207,15,-0.4178064465522766
11208,17,-0.08284837007522583
11209,17,-0.1083030104637146
11210,15,-0.3381887376308441
11211,20,0.19205254316329956
11212,15,-0.35525745153427124
11213,19,0.09894663095474243
11214,19,0.11517280340194702
11215,15,-0.4026358723640442
11216,22,0.5286096334457397
11217,21,0.30144017934799194
11218,15,-0.42322438955307007
11219,18,0.005157172679901123
11220,18,-0.00966036319732666
11221,15,-0.4057977497577667
11222,14,-0.4662213921546936
11223,18,-0.047326862812042236
11224,22,0.4717313051223755
11225,14,-0.457144170999527
11226,15,-0.3933645784854889
11227,15,-0.3938083350658417
11228,20,0.27358657121658325
11229,18,-0.02918308973312378
11230,17,-0.07149285078048706
11231,18,0.027216792106628418
11232,17,-0.12823635339736938
11233,15,-0.38450032472610474
11234,15,-0.3906552195549011
11235,18,-0.001078188419342041
11236,15,-0.39876991510391235
11237,22,0.5123624801635742
11238,15,-0.403207927942276
11239,18,-0.008188724517822266
11240,15,-0.38249287009239197
11241,15,-0.3729962110519409
11242,18,-0.027748405933380127
11243,22,0.49163103103637695
11244,29,1.4667261838912964
11245,27,1.1805064678192139
11246,18,-0.045340001583099365
11247,15,-0.3545454740524292
11248,18,0.011284410953521729
11249,22,0.5249462127685547
11250,21,0.34352684020996094
11251,17,-0.06665968894958496
11252,17,-0.07160091400146484
11253,15,-0.37727007269859314
11254,18,-0.02322596311569214
11255,21,0.32392942905426025
11256,18,0.03352850675582886
11257,17,-0.10232371091842651
11258,23,0.6701406240463257
11259,18,-0.017002582550048828
11260,18,-0.02575099468231201
11261,21,0.3110266923904419
11262,21,0.40597379207611084
11263,15,-0.3911011517047882
11264,21,0.3411980867385864
11265,21,0.32963335514068604
11266,15,-0.40543344616889954
11267,17,-0.11676347255706787
11268,18,-0.03649890422821045
11269,15,-0.39602670073509216
11270,18,-0.04102933406829834
11271,18,0.011635959148406982
11272,15,-0.39112788438796997
11273,14,-0.4805704355239868
11274,15,-0.4115854799747467
11275,14,-0.4283428192138672
11276,15,-0.3431970179080963
11277,21,0.38156282901763916
11278,18,0.031175076961517334
11279,15,-0.3802180290222168
11280,15,-0.40374889969825745
11281,15,-0.35771480202674866
11282,28,1.2708498239517212
11283,14,-0.43765610456466675
11284,15,-0.41385653614997864
11285,21,0.3905521631240845
11286,16,-0.2082802951335907
11287,18,0.04391747713088989
11288,15,-0.3805011510848999
11289,17,-0.12096339464187622
11290,15,-0.37303775548934937
11291,18,-0.013205945491790771
11292,18,-0.06341308355331421
11293,20,0.22690463066101074
11294,18,-0.059912025928497314
11295,15,-0.37709441781044006
11296,15,-0.3156616687774658
11297,15,-0.40038591623306274
11298,15,-0.38941290974617004
11299,20,0.2311747670173645
11300,18,-0.0003623366355895996
11301,15,-0.412232905626297
11302,16,-0.3072519600391388
11303,15,-0.3153496980667114
11304,16,-0.25707298517227173
11305,15,-0.35110798478126526
11306,15,-0.35047194361686707
11307,21,0.37601757049560547
11308,15,-0.3503020703792572
11309,17,-0.08881855010986328
11310,15,-0.3654358983039856
11311,21,0.31772154569625854
11312,17,-0.11589109897613525
11313,29,1.3745723962783813
11314,21,0.35655105113983154
11315,15,-0.411865770816803
11316,23,0.5905330181121826
11317,29,1.4563416242599487
11318,23,0.5534741878509521
11319,15,-0.3721386194229126
11320,14,-0.45650339126586914
11321,15,-0.37764468789100647
11322,18,0.021565914154052734
11323,21,0.3228169083595276
11324,28,1.2764004468917847
11325,11,-0.8614485263824463
11326,21,0.30716925859451294
11327,18,-0.014104902744293213
11328,15,-0.39200955629348755
11329,15,-0.3899998366832733
11330,18,-0.05587971210479736
11331,15,-0.38236019015312195
11332,18,-0.01906144618988037
11333,14,-0.4307337999343872
11334,15,-0.38615113496780396
11335,14,-0.4322430491447449
11336,18,-0.03070741891860962
11337,20,0.29102033376693726
11338,14,-0.4310377836227417
11339,15,-0.37521466612815857
11340,15,-0.38199323415756226
11341,15,-0.3934519290924072
11342,21,0.31751006841659546
11343,17,-0.13436543941497803
11344,15,-0.38138052821159363
11345,15,-0.33835548162460327
11346,15,-0.3577708601951599
11347,17,-0.09649056196212769
11348,20,0.2181885838508606
11349,19,0.10862910747528076
11350,15,-0.39212584495544434
11351,15,-0.3561513423919678
11352,14,-0.5066883563995361
11353,15,-0.38127508759498596
11354,15,-0.38709717988967896
11355,15,-0.38756534457206726
11356,15,-0.3379453122615814
11357,19,0.12203013896942139
11358,14,-0.45179492235183716
11359,30,1.714225172996521
11360,15,-0.40444332361221313
11361,18,-0.03679192066192627
11362,22,0.43586301803588867
11363,18,0.01570427417755127
11364,15,-0.35591262578964233
11365,15,-0.37158438563346863
11366,14,-0.42571645975112915
11367,15,-0.32019156217575073
11368,22,0.5450054407119751
11369,18,0.007914066314697266
11370,30,1.5961006879806519
11371,29,1.4377621412277222
11372,14,-0.43214377760887146
11373,15,-0.40424343943595886
11374,15,-0.35956403613090515
11375,26,0.976805567741394
11376,15,-0.3908540904521942
11377,18,-0.015145063400268555
11378,16,-0.23387369513511658
11379,30,1.59034264087677
11380,18,-0.06139242649078369
11381,18,0.02180945873260498
11382,15,-0.36080703139305115
11383,15,-0.3445253372192383
11384,15,-0.36721110343933105
11385,15,-0.3581819236278534
11386,15,-0.38592687249183655
11387,15,-0.3923669457435608
11388,14,-0.4339699149131775
11389,19,0.12253308296203613
11390,15,-0.32112711668014526
11391,15,-0.3434903025627136
11392,15,-0.39323025941848755
11393,15,-0.3907126188278198
11394,15,-0.36788347363471985
11395,24,0.8110364675521851
11396,18,0.029040515422821045
11397,15,-0.366585910320282
11398,18,-0.015861928462982178
11399,18,-0.02923506498336792
11400,15,-0.39638078212738037
11401,19,0.06144297122955322
11402,18,-0.03037792444229126
11403,24,0.7694797515869141
11404,18,-0.032219111919403076
11405,15,-0.38994914293289185
11406,21,0.34424853324890137
11407,15,-0.3886070251464844
11408,15,-0.3656805753707886
11409,16,-0.26608970761299133
11410,18,-0.038044631481170654
11411,30,1.591469407081604
11412,15,-0.3657805919647217
11413,18,0.03872668743133545
11414,18,-0.05544811487197876
11415,17,-0.11275225877761841
11416,15,-0.3571518063545227
11417,20,0.24568158388137817
11418,15,-0.3575456738471985
11419,17,-0.06863361597061157
11420,29,1.5020397901535034
11421,15,-0.4007939398288727
11422,15,-0.3400443196296692
11423,18,0.010553359985351562
11424,15,-0.3456307351589203
11425,18,-0.055568814277648926
11426,20,0.26225268840789795
11427,22,0.4467517137527466
11428,21,0.38433265686035156
11429,18,0.011642694473266602
11430,15,-0.36084988713264465
11431,15,-0.37748223543167114
11432,15,-0.34277865290641785
11433,15,-0.3127615451812744
11434,15,-0.41811856627464294
11435,15,-0.3491183817386627
11436,18,-0.05399799346923828
11437,18,-0.018460631370544434
11438,15,-0.4123912453651428
11439,24,0.7629685401916504
11440,18,-0.03891956806182861
11441,15,-0.36468178033828735
11442,19,0.16605991125106812
11443,18,0.02168220281600952
11444,17,-0.10983657836914062
11445,15,-0.32896482944488525
11446,19,0.13701456785202026
11447,16,-0.2978733777999878
11448,18,0.01224440336227417
11449,18,0.041789889335632324
11450,23,0.6054831743240356
11451,15,-0.370182603597641
11452,18,-0.03541862964630127
11453,15,-0.3487149178981781
11454,16,-0.2881277799606323
11455,18,-0.04194134473800659
11456,15,-0.41757315397262573
11457,18,-0.013234615325927734
11458,18,0.03907281160354614
11459,15,-0.4160417318344116
11460,20,0.23899221420288086
11461,15,-0.3924773633480072
11462,15,-0.3337867558002472
11463,15,-0.3447130620479584
11464,18,-0.05507427453994751
11465,18,0.01604551076889038
11466,18,-0.006574034690856934
11467,22,0.5277347564697266
11468,22,0.48460614681243896
11469,17,-0.07090795040130615
11470,15,-0.3767063021659851
11471,19,0.06066632270812988
11472,11,-0.8457814455032349
11473,15,-0.36234089732170105
11474,18,-0.04450422525405884
11475,15,-0.3325210511684418
11476,20,0.176713228225708
11477,21,0.33528780937194824
11478,15,-0.3590250015258789
11479,15,-0.3776594400405884
11480,18,0.020105600357055664
11481,15,-0.4207860827445984
11482,18,0.015352129936218262
11483,15,-0.33953040838241577
11484,15,-0.353424996137619
11485,18,0.0035543441772460938
11486,18,-0.04584604501724243
11487,18,0.0053217411041259766
11488,15,-0.34880509972572327
11489,14,-0.4348946809768677
11490,15,-0.3265204131603241
11491,15,-0.3788340985774994
11492,14,-0.43971842527389526
11493,15,-0.35426926612854004
11494,15,-0.36935073137283325
11495,18,-0.002828657627105713
11496,19,0.0761944055557251
11497,20,0.23468726873397827
11498,15,-0.36407271027565
11499,18,0.0368494987487793
11500,19,0.06879061460494995
11501,24,0.7037749290466309
11502,17,-0.13587570190429688
11503,19,0.10499125719070435
11504,15,-0.3466365933418274
11505,15,-0.32689815759658813
11506,27,1.1959753036499023
11507,16,-0.2596648037433624
11508,15,-0.35992810130119324
11509,15,-0.318350613117218
11510,15,-0.352476567029953
11511,17,-0.1459827423095703
11512,12,-0.7259387969970703
11513,22,0.4493340253829956
11514,18,0.0363805890083313
11515,15,-0.34643587470054626
11516,18,-0.010236144065856934
11517,15,-0.3747057616710663
11518,15,-0.36441338062286377
11519,15,-0.32298383116722107
11520,18,0.019334793090820312
11521,15,-0.316263884305954
11522,21,0.3147656321525574
11523,22,0.43069326877593994
11524,15,-0.38208484649658203
11525,15,-0.4206254482269287
11526,18,-0.014857709407806396
11527,15,-0.3566346764564514
11528,18,-0.002414226531982422
11529,20,0.2702009677886963
11530,19,0.06348949670791626
11531,22,0.5215686559677124
11532,15,-0.39427804946899414
11533,22,0.47167932987213135
11534,15,-0.41419318318367004
11535,18,0.0327000617980957
11536,21,0.3873121738433838
11537,18,0.0005185604095458984
11538,18,-0.024959564208984375
11539,18,-0.018385887145996094
11540,15,-0.3398384749889374
11541,21,0.38180387020111084
11542,15,-0.3710775673389435
11543,16,-0.28876790404319763
11544,23,0.6521551609039307
11545,18,-0.014711558818817139
11546,19,0.05761528015136719
11547,15,-0.4242185950279236
11548,18,-0.02458667755126953
11549,20,0.22216510772705078
11550,15,-0.3571612238883972
11551,28,1.2656073570251465
11552,21,0.3811081647872925
11553,19,0.08449113368988037
11554,17,-0.08432167768478394
11555,19,0.09744161367416382
11556,21,0.3075184226036072
11557,15,-0.3654458224773407
11558,22,0.41887331008911133
11559,28,1.3165360689163208
11560,15,-0.32287389039993286
11561,15,-0.3634212017059326
11562,21,0.3580554723739624
11563,21,0.3567420244216919
11564,15,-0.40584415197372437
11565,18,-0.05601966381072998
11566,22,0.4593900442123413
11567,26,1.0119774341583252
11568,22,0.4232020378112793
11569,23,0.5883982181549072
11570,18,-0.047227680683135986
11571,21,0.3273616433143616
11572,17,-0.12324321269989014
11573,20,0.18937522172927856
11574,15,-0.3449099063873291
11575,15,-0.32373565435409546
11576,15,-0.346394807100296
11577,15,-0.36474794149398804
11578,21,0.40788888931274414
11579,15,-0.31910744309425354
11580,16,-0.2949480712413788
11581,15,-0.3403630256652832
11582,21,0.3293701410293579
11583,15,-0.35638031363487244
11584,18,0.018912851810455322
11585,15,-0.3221858739852905
11586,15,-0.3536298871040344
11587,15,-0.388816773891449
11588,15,-0.3683575391769409
11589,15,-0.4015989303588867
11590,29,1.421653151512146
11591,15,-0.31904542446136475
11592,22,0.43252408504486084
11593,15,-0.3299223482608795
11594,15,-0.3655959367752075
11595,15,-0.3478949964046478
11596,18,0.026270151138305664
11597,18,-0.059760332107543945
11598,15,-0.36011338233947754
11599,15,-0.3227199912071228
11600,20,0.2104421854019165
11601,16,-0.3087185025215149
11602,15,-0.3445175588130951
11603,21,0.3493926525115967
11604,17,-0.07305258512496948
11605,15,-0.32917848229408264
11606,15,-0.3201102614402771
11607,15,-0.33591970801353455
11608,16,-0.26682618260383606
11609,15,-0.321859747171402
11610,15,-0.3741667866706848
11611,18,0.03182721138000488
11612,15,-0.33551570773124695
11613,16,-0.284938246011734
11614,18,0.027732133865356445
11615,15,-0.4062892496585846
11616,18,-0.037155210971832275
11617,18,-0.007535219192504883
11618,15,-0.33880046010017395
11619,15,-0.35940805077552795
11620,15,-0.3437797725200653
11621,18,0.03525596857070923
11622,19,0.07977306842803955
11623,20,0.21011924743652344
11624,15,-0.40216508507728577
11625,22,0.4782993793487549
11626,15,-0.3356126546859741
11627,15,-0.3543027639389038
11628,19,0.1638825535774231
11629,23,0.6233950853347778
11630,14,-0.479638010263443
11631,15,-0.31242549419403076
11632,15,-0.34640926122665405
11633,15,-0.40251466631889343
11634,21,0.3886154890060425
11635,20,0.268749475479126
11636,15,-0.3176591694355011
11637,18,0.022464454174041748
11638,22,0.4197777509689331
11639,21,0.32525813579559326
11640,15,-0.3126371502876282
11641,16,-0.2904515266418457
11642,18,-0.019463062286376953
11643,29,1.5111280679702759
11644,18,-0.04500490427017212
11645,15,-0.3401373028755188
11646,21,0.39852821826934814
11647,20,0.21941804885864258
11648,18,0.03268611431121826
11649,19,0.06508952379226685
11650,15,-0.3535219430923462
11651,15,-0.3811115026473999
11652,15,-0.3812668025493622
11653,15,-0.35512781143188477
11654,18,0.028728902339935303
11655,15,-0.3220312297344208
11656,18,9.369850158691406e-05
11657,18,0.02005547285079956
11658,20,0.2289782166481018
11659,25,0.8670363426208496
11660,19,0.05111277103424072
11661,15,-0.33581024408340454
11662,15,-0.3151084780693054
11663,13,-0.5494424104690552
11664,18,0.012154638767242432
11665,18,0.013087034225463867
11666,15,-0.33199411630630493
11667,15,-0.33879053592681885
11668,21,0.39024901390075684
11669,19,0.09096527099609375
11670,22,0.5405335426330566
11671,15,-0.31017807126045227
11672,15,-0.325501412153244
11673,30,1.5808671712875366
11674,23,0.5717144012451172
11675,18,0.00798189640045166
11676,19,0.124248206615448
11677,15,-0.325576514005661
11678,18,0.010003507137298584
11679,21,0.4132101535797119
11680,18,0.009124517440795898
11681,15,-0.3270474672317505
11682,19,0.05406379699707031
11683,15,-0.38613301515579224
11684,19,0.05937981605529785
11685,23,0.6551007032394409
11686,17,-0.07487267255783081
11687,26,0.9922075271606445
11688,18,-0.01189512014389038
11689,15,-0.4242710471153259
11690,18,0.025205910205841064
11691,18,0.006255686283111572
11692,16,-0.2790628969669342
11693,16,-0.2569792866706848
11694,15,-0.37709516286849976
11695,25,0.8524563312530518
11696,21,0.34092867374420166
11697,16,-0.2988417148590088
11698,15,-0.3530096113681793
11699,15,-0.3264657258987427
11700,15,-0.34544968605041504
11701,21,0.36153388023376465
11702,18,-0.03827410936355591
11703,21,0.33868539333343506
11704,20,0.2391698956489563
11705,19,0.07536888122558594
11706,15,-0.3299397826194763
11707,20,0.2222808599472046
11708,19,0.0626060962677002
11709,15,-0.3422788381576538
11710,16,-0.30555930733680725
11711,21,0.3578958511352539
11712,19,0.16444194316864014
11713,16,-0.2898581326007843
11714,22,0.4206467866897583
11715,16,-0.2917955219745636
11716,16,-0.3071412742137909
11717,22,0.4362928867340088
11718,15,-0.3235546946525574
11719,15,-0.3237482011318207
11720,15,-0.34710338711738586
11721,15,-0.3739508390426636
11722,16,-0.30951204895973206
11723,15,-0.3935108780860901
11724,23,0.6310087442398071
11725,16,-0.30863502621650696
11726,19,0.14307206869125366
11727,21,0.3457660675048828
11728,27,1.1811927556991577
11729,15,-0.34907910227775574
11730,22,0.47646772861480713
11731,28,1.2353720664978027
11732,20,0.285630464553833
11733,16,-0.27967751026153564
11734,15,-0.3147364854812622
11735,16,-0.295803964138031
11736,18,0.005192101001739502
11737,16,-0.2815733551979065
11738,16,-0.2788335680961609
11739,21,0.31298816204071045
11740,21,0.3677936792373657
11741,15,-0.38033169507980347
11742,16,-0.3074915111064911
11743,16,-0.24682903289794922
11744,15,-0.32316771149635315
11745,23,0.5533419847488403
11746,15,-0.33786001801490784
11747,24,0.7303503751754761
11748,15,-0.3684943914413452
11749,15,-0.34311726689338684
11750,19,0.0645492672920227
11751,15,-0.35186251997947693
11752,22,0.5287286043167114
11753,18,-0.05449855327606201
11754,18,-0.0253908634185791
11755,23,0.6594640016555786
11756,19,0.11285078525543213
11757,19,0.12000685930252075
11758,16,-0.279398113489151
11759,19,0.14731812477111816
11760,21,0.32351815700531006
11761,19,0.10704034566879272
11762,25,0.8707011938095093
11763,21,0.32833945751190186
11764,15,-0.326142281293869
11765,21,0.3018408417701721
11766,19,0.08555108308792114
11767,15,-0.30971667170524597
11768,16,-0.28953588008880615
11769,18,-0.014074385166168213
11770,16,-0.2908305823802948
11771,16,-0.28695493936538696
11772,19,0.05990934371948242
11773,16,-0.30432239174842834
11774,16,-0.28967878222465515
11775,16,-0.28831663727760315
11776,16,-0.28846922516822815
11777,18,0.018420636653900146
11778,19,0.050849735736846924
11779,22,0.5134768486022949
11780,15,-0.345108300447464
11781,15,-0.3261568546295166
11782,16,-0.299448698759079
11783,16,-0.2986467778682709
11784,22,0.47381341457366943
11785,16,-0.30558496713638306
11786,18,0.02244281768798828
11787,16,-0.3030863404273987
11788,15,-0.3881833851337433
11789,15,-0.3456782400608063
11790,18,-0.0308951735496521
11791,22,0.5004199743270874
11792,18,-0.0002028346061706543
11793,16,-0.2923617660999298
11794,15,-0.33009880781173706
11795,18,0.00845116376876831
11796,19,0.1467486023902893
11797,16,-0.25742053985595703
11798,22,0.5380548238754272
11799,16,-0.26085174083709717
11800,20,0.2819232940673828
11801,18,0.04803675413131714
11802,14,-0.43988075852394104
11803,22,0.43123912811279297
11804,19,0.11662626266479492
11805,18,-0.019085466861724854
11806,16,-0.29201197624206543
11807,16,-0.29795917868614197
11808,22,0.5100967884063721
11809,15,-0.33307942748069763
11810,24,0.7119694948196411
11811,19,0.15845197439193726
11812,16,-0.2998201251029968
11813,19,0.0662224292755127
11814,16,-0.28615859150886536
11815,15,-0.3165706694126129
11816,15,-0.31623977422714233
11817,19,0.15886735916137695
11818,22,0.524443507194519
11819,16,-0.2852170467376709
11820,16,-0.26843029260635376
11821,18,0.03760284185409546
11822,15,-0.35776203870773315
11823,15,-0.3315315246582031
11824,21,0.4153869152069092
11825,16,-0.27505600452423096
11826,16,-0.2828996777534485
11827,23,0.6144970655441284
11828,15,-0.31376883387565613
11829,16,-0.2820689082145691
11830,15,-0.3495621681213379
11831,20,0.256428062915802
11832,22,0.5402837991714478
11833,29,1.4720121622085571
11834,18,-0.011674821376800537
11835,15,-0.32579630613327026
11836,22,0.49061644077301025
11837,19,0.08857935667037964
11838,18,0.038993895053863525
11839,20,0.22233957052230835
11840,18,0.01511293649673462
11841,16,-0.2955750524997711
11842,16,-0.26292306184768677
11843,16,-0.22397807240486145
11844,19,0.10161322355270386
11845,15,-0.3234267234802246
11846,18,0.025136172771453857
11847,19,0.07243376970291138
11848,18,0.04677271842956543
11849,16,-0.266141802072525
11850,16,-0.29112836718559265
11851,15,-0.31882092356681824
11852,19,0.12720900774002075
11853,9,-1.082688331604004
11854,16,-0.2603599727153778
11855,20,0.2711179256439209
11856,16,-0.3069581091403961
11857,16,-0.2605295777320862
11858,22,0.4219849109649658
11859,19,0.12389761209487915
11860,22,0.4366612434387207
11861,15,-0.33292126655578613
11862,19,0.09014284610748291
11863,14,-0.43809643387794495
11864,19,0.09564512968063354
11865,16,-0.26007673144340515
11866,19,0.05885422229766846
11867,16,-0.2865256667137146
11868,21,0.37103402614593506
11869,15,-0.3182964324951172
11870,27,1.1061099767684937
11871,19,0.07129234075546265
11872,15,-0.31118619441986084
11873,23,0.5919263362884521
11874,23,0.615620493888855
11875,16,-0.30168643593788147
11876,16,-0.2750173509120941
11877,19,0.09076571464538574
11878,19,0.0753294825553894
11879,16,-0.2985609471797943
11880,16,-0.2769630551338196
11881,30,1.7080997228622437
11882,21,0.3480299711227417
11883,23,0.5703514814376831
11884,16,-0.3091890513896942
11885,15,-0.3879767060279846
11886,28,1.3501156568527222
11887,16,-0.24486762285232544
11888,16,-0.2775300145149231
11889,16,-0.2262093424797058
11890,21,0.41544580459594727
11891,19,0.14791220426559448
11892,15,-0.31431815028190613
11893,15,-0.32179492712020874
11894,19,0.13694292306900024
11895,15,-0.35361120104789734
11896,19,0.10632020235061646
11897,18,-0.020088613033294678
11898,15,-0.3121795952320099
11899,23,0.5960029363632202
11900,16,-0.24284574389457703
11901,20,0.17847657203674316
11902,16,-0.277378648519516
11903,16,-0.2598230540752411
11904,19,0.11969506740570068
11905,18,0.026249170303344727
11906,16,-0.24214833974838257
11907,24,0.8058860301971436
11908,19,0.16590029001235962
11909,19,0.11514180898666382
11910,19,0.1570490598678589
11911,19,0.11631518602371216
11912,22,0.48846662044525146
11913,23,0.630571722984314
11914,18,-0.011504113674163818
11915,15,-0.3096778094768524
11916,15,-0.332091748714447
11917,16,-0.28736716508865356
11918,16,-0.25702545046806335
11919,19,0.1167108416557312
11920,18,0.034925878047943115
11921,15,-0.3645990490913391
11922,22,0.527316689491272
11923,19,0.12829965353012085
11924,16,-0.24050447344779968
11925,20,0.2960165739059448
11926,16,-0.3022937774658203
11927,16,-0.263290137052536
11928,23,0.6313329935073853
11929,19,0.11388015747070312
11930,19,0.1340084671974182
11931,24,0.7971245050430298
11932,20,0.23781609535217285
11933,16,-0.26918280124664307
11934,16,-0.2630329728126526
11935,16,-0.2745547890663147
11936,15,-0.3197554349899292
11937,18,-0.006241559982299805
11938,22,0.41933178901672363
11939,21,0.40943634510040283
11940,16,-0.253099650144577
11941,16,-0.2749945819377899
11942,20,0.20302051305770874
11943,16,-0.2703070640563965
11944,16,-0.23962876200675964
11945,18,0.019058406352996826
11946,15,-0.31257981061935425
11947,18,-0.006411850452423096
11948,15,-0.33524090051651
11949,16,-0.2917405366897583
11950,23,0.6047807931900024
11951,20,0.2569881081581116
11952,19,0.08765953779220581
11953,18,0.017623484134674072
11954,19,0.08004611730575562
11955,19,0.08495515584945679
11956,19,0.15883374214172363
11957,20,0.2121143341064453
11958,19,0.08742928504943848
11959,19,0.16459119319915771
11960,20,0.17686516046524048
11961,19,0.05205821990966797
11962,25,0.9454638957977295
11963,23,0.6468058824539185
11964,16,-0.298059344291687
11965,18,0.025391876697540283
11966,20,0.29460418224334717
11967,23,0.6126983165740967
11968,23,0.6097390651702881
11969,19,0.05095106363296509
11970,16,-0.2566741704940796
11971,15,-0.3293045461177826
11972,16,-0.2667492628097534
11973,19,0.053420066833496094
11974,16,-0.2997305393218994
11975,19,0.1705043911933899
11976,16,-0.2774371802806854
11977,15,-0.35803696513175964
11978,20,0.1736014485359192
11979,18,0.021593868732452393
11980,21,0.39965498447418213
11981,16,-0.27480295300483704
11982,13,-0.6484563946723938
11983,19,0.07565432786941528
11984,16,-0.23453208804130554
11985,19,0.11222010850906372
11986,16,-0.2983776330947876
11987,21,0.3763643503189087
11988,16,-0.24023935198783875
11989,15,-0.34075769782066345
11990,22,0.4299154281616211
11991,19,0.0717887282371521
11992,30,1.7594155073165894
11993,19,0.14654874801635742
11994,19,0.08540141582489014
11995,19,0.1330653429031372
11996,18,0.04825234413146973
11997,18,0.03872954845428467
11998,22,0.5466564893722534
11999,16,-0.2577016353607178
12000,18,0.0475582480430603
12001,19,0.050193965435028076
12002,20,0.17306822538375854
12003,28,1.2788751125335693
12004,24,0.7195500135421753
12005,24,0.7101255655288696
12006,16,-0.27816900610923767
12007,19,0.09443140029907227
12008,19,0.09521836042404175
12009,19,0.125257670879364
12010,19,0.09350073337554932
12011,19,0.15233147144317627
12012,22,0.533307671546936
12013,16,-0.25745487213134766
12014,26,1.0522480010986328
12015,19,0.13361835479736328
12016,19,0.0665961503982544
12017,15,-0.3387586772441864
12018,21,0.38943517208099365
12019,15,-0.32022157311439514
12020,25,0.8601853847503662
12021,25,0.8432154655456543
12022,15,-0.3127935230731964
12023,22,0.49539339542388916
12024,19,0.11832743883132935
12025,16,-0.25511401891708374
12026,23,0.5778120756149292
12027,20,0.22369486093521118
12028,19,0.09281879663467407
12029,16,-0.2376602292060852
12030,22,0.44713354110717773
12031,16,-0.2895539104938507
12032,16,-0.2352387011051178
12033,15,-0.3695904016494751
12034,18,0.04437530040740967
12035,22,0.48635220527648926
12036,16,-0.29370471835136414
12037,19,0.15677893161773682
12038,30,1.6557005643844604
12039,22,0.4918549060821533
12040,16,-0.28681957721710205
12041,19,0.06417036056518555
12042,20,0.1966005563735962
12043,20,0.2386588454246521
12044,16,-0.2396537959575653
12045,16,-0.22317096590995789
12046,16,-0.2653433084487915
12047,18,0.04100459814071655
12048,15,-0.3149503767490387
12049,16,-0.22996065020561218
12050,16,-0.26966771483421326
12051,16,-0.30945420265197754
12052,16,-0.2752217650413513
12053,19,0.08614742755889893
12054,16,-0.2667541205883026
12055,24,0.6894528865814209
12056,19,0.12826019525527954
12057,20,0.18313968181610107
12058,22,0.45988404750823975
12059,16,-0.3034970164299011
12060,24,0.7575689554214478
12061,23,0.6423648595809937
12062,24,0.6886477470397949
12063,21,0.3382081985473633
12064,16,-0.2330607771873474
12065,16,-0.27298492193222046
12066,16,-0.22093644738197327
12067,22,0.4729527235031128
12068,19,0.15292638540267944
12069,21,0.3722364902496338
12070,16,-0.28284338116645813
12071,20,0.2643151879310608
12072,16,-0.26721620559692383
12073,25,0.8980400562286377
12074,27,1.1346060037612915
12075,16,-0.2669289708137512
12076,20,0.22139835357666016
12077,16,-0.3044881224632263
12078,16,-0.22027352452278137
12079,23,0.597305178642273
12080,16,-0.24879983067512512
12081,19,0.1568601131439209
12082,18,-0.013313353061676025
12083,15,-0.339474081993103
12084,19,0.12562346458435059
12085,16,-0.27378007769584656
12086,22,0.4595916271209717
12087,16,-0.2685084044933319
12088,19,0.11092561483383179
12089,16,-0.24939757585525513
12090,15,-0.3474215269088745
12091,16,-0.3093271851539612
12092,18,0.025940001010894775
12093,16,-0.26146695017814636
12094,16,-0.2786863446235657
12095,19,0.14559531211853027
12096,16,-0.27782556414604187
12097,16,-0.28539806604385376
12098,20,0.2963540554046631
12099,16,-0.2972220182418823
12100,16,-0.2699085474014282
12101,24,0.725854754447937
12102,30,1.7857002019882202
12103,16,-0.1934715211391449
12104,19,0.13058513402938843
12105,19,0.15808629989624023
12106,22,0.5453096628189087
12107,19,0.14038830995559692
12108,22,0.44184792041778564
12109,19,0.06469988822937012
12110,19,0.10033649206161499
12111,19,0.1496601104736328
12112,18,-0.016152381896972656
12113,16,-0.2634762227535248
12114,16,-0.24403300881385803
12115,19,0.1703091859817505
12116,19,0.108925461769104
12117,19,0.09615164995193481
12118,23,0.5494173765182495
12119,16,-0.266359806060791
12120,16,-0.23031121492385864
12121,16,-0.2445853054523468
12122,15,-0.31896817684173584
12123,26,1.0107207298278809
12124,19,0.12092322111129761
12125,21,0.4085322618484497
12126,19,0.09100937843322754
12127,20,0.2038237452507019
12128,23,0.5697524547576904
12129,22,0.4425092935562134
12130,19,0.10550928115844727
12131,16,-0.24103546142578125
12132,22,0.47973644733428955
12133,19,0.12409621477127075
12134,20,0.18942338228225708
12135,19,0.11845642328262329
12136,19,0.07274991273880005
12137,20,0.18022000789642334
12138,19,0.13010984659194946
12139,16,-0.30203157663345337
12140,20,0.197590172290802
12141,19,0.12373638153076172
12142,15,-0.3447101414203644
12143,19,0.0684860348701477
12144,19,0.08169257640838623
12145,16,-0.2689693570137024
12146,19,0.12351346015930176
12147,22,0.47286510467529297
12148,16,-0.29552069306373596
12149,19,0.13772469758987427
12150,16,-0.25889673829078674
12151,20,0.2032877802848816
12152,16,-0.25887760519981384
12153,19,0.1580466628074646
12154,16,-0.25323057174682617
12155,19,0.09543406963348389
12156,16,-0.21079730987548828
12157,16,-0.2976120114326477
12158,22,0.5015873908996582
12159,26,0.9508730173110962
12160,16,-0.27280569076538086
12161,21,0.4157010316848755
12162,19,0.15279018878936768
12163,19,0.1269664168357849
12164,15,-0.3233981430530548
12165,16,-0.2296941876411438
12166,19,0.06513643264770508
12167,24,0.7308851480484009
12168,19,0.11506867408752441
12169,19,0.10849940776824951
12170,19,0.1365818977355957
12171,24,0.7292978763580322
12172,30,1.6445785760879517
12173,19,0.0924907922744751
12174,16,-0.25834164023399353
12175,16,-0.2811342477798462
12176,16,-0.2533216178417206
12177,20,0.1974286437034607
12178,18,-0.04106491804122925
12179,25,0.839509129524231
12180,16,-0.21401134133338928
12181,18,0.04268461465835571
12182,18,0.013133525848388672
12183,16,-0.2581941485404968
12184,16,-0.2390693724155426
12185,16,-0.2083853781223297
12186,16,-0.23573589324951172
12187,16,-0.2725335359573364
12188,19,0.12323439121246338
12189,16,-0.1983168125152588
12190,16,-0.2604198455810547
12191,21,0.3451308012008667
12192,19,0.10238003730773926
12193,16,-0.3068547248840332
12194,15,-0.35290661454200745
12195,19,0.04942953586578369
12196,19,0.07034111022949219
12197,29,1.4714964628219604
12198,21,0.3124774098396301
12199,30,1.8374634981155396
12200,19,0.14512383937835693
12201,20,0.26476579904556274
12202,18,0.03619670867919922
12203,17,-0.15229445695877075
12204,21,0.32990002632141113
12205,29,1.5007261037826538
12206,16,-0.23983952403068542
12207,16,-0.22735154628753662
12208,18,0.020272552967071533
12209,16,-0.25644683837890625
12210,16,-0.2545315623283386
12211,22,0.46133625507354736
12212,16,-0.2088196575641632
12213,20,0.17908477783203125
12214,16,-0.18881797790527344
12215,16,-0.26590290665626526
12216,16,-0.21778306365013123
12217,16,-0.202985018491745
12218,16,-0.2497771680355072
12219,16,-0.2372748851776123
12220,21,0.3121839761734009
12221,23,0.5627756118774414
12222,20,0.23589402437210083
12223,17,-0.17166030406951904
12224,16,-0.19345694780349731
12225,29,1.4578133821487427
12226,16,-0.21377083659172058
12227,21,0.40983057022094727
12228,22,0.5193541049957275
12229,19,0.1583411693572998
12230,16,-0.20887532830238342
12231,16,-0.23078617453575134
12232,19,0.10356283187866211
12233,28,1.2667564153671265
12234,22,0.5048003196716309
12235,19,0.13694238662719727
12236,16,-0.23112833499908447
12237,16,-0.30565017461776733
12238,16,-0.23593011498451233
12239,19,0.14445924758911133
12240,16,-0.21213868260383606
12241,16,-0.29744839668273926
12242,20,0.21993696689605713
12243,20,0.2038135528564453
12244,16,-0.22329720854759216
12245,29,1.449571967124939
12246,22,0.5176230669021606
12247,16,-0.2463717758655548
12248,16,-0.28536027669906616
12249,16,-0.1884463131427765
12250,20,0.1871265172958374
12251,19,0.16307634115219116
12252,29,1.4661284685134888
12253,22,0.4613633155822754
12254,20,0.18371015787124634
12255,22,0.5221395492553711
12256,19,0.14632636308670044
12257,19,0.11731082201004028
12258,16,-0.2724815607070923
12259,20,0.19569677114486694
12260,16,-0.278475284576416
12261,16,-0.19435817003250122
12262,17,-0.18260815739631653
12263,17,-0.1816123127937317
12264,22,0.43522489070892334
12265,18,0.012022316455841064
12266,22,0.5060316324234009
12267,22,0.5402556657791138
12268,20,0.19065409898757935
12269,23,0.5669683218002319
12270,19,0.13446199893951416
12271,16,-0.21020570397377014
12272,25,0.8240220546722412
12273,20,0.19244611263275146
12274,23,0.6076768636703491
12275,16,-0.21812039613723755
12276,22,0.5283373594284058
12277,18,-0.0051378607749938965
12278,22,0.418798565864563
12279,23,0.5615415573120117
12280,23,0.5517354011535645
12281,16,-0.23066312074661255
12282,19,0.1446191668510437
12283,23,0.5745029449462891
12284,23,0.5641294717788696
12285,19,0.0904650092124939
12286,16,-0.24043163657188416
12287,16,-0.24062380194664001
12288,16,-0.26315632462501526
12289,24,0.6860191822052002
12290,16,-0.21806108951568604
12291,16,-0.2294183373451233
12292,28,1.302101731300354
12293,17,-0.16393429040908813
12294,17,-0.17654067277908325
12295,24,0.7011322975158691
12296,19,0.1502487063407898
12297,16,-0.21870964765548706
12298,22,0.5164191722869873
12299,16,-0.23721396923065186
12300,19,0.07386308908462524
12301,20,0.21469074487686157
12302,24,0.7475947141647339
12303,20,0.17526715993881226
12304,22,0.4927635192871094
12305,20,0.24199825525283813
12306,16,-0.23991745710372925
12307,16,-0.22578415274620056
12308,16,-0.24503248929977417
12309,20,0.26358306407928467
12310,16,-0.22598779201507568
12311,20,0.291914701461792
12312,19,0.056157708168029785
12313,23,0.6074455976486206
12314,19,0.1315898299217224
12315,30,1.6167927980422974
12316,16,-0.2700314223766327
12317,19,0.15763407945632935
12318,16,-0.2266819179058075
12319,16,-0.2519655227661133
12320,19,0.1233472228050232
12321,20,0.2251572608947754
12322,25,0.867780327796936
12323,22,0.4319552183151245
12324,19,0.1103830337524414
12325,19,0.12764441967010498
12326,16,-0.21929261088371277
12327,16,-0.18877527117729187
12328,16,-0.20684951543807983
12329,19,0.06347149610519409
12330,16,-0.18901565670967102
12331,27,1.0996084213256836
12332,21,0.3611069917678833
12333,17,-0.1409335732460022
12334,19,0.1272462010383606
12335,20,0.19750303030014038
12336,23,0.651664137840271
12337,19,0.16644084453582764
12338,21,0.388516902923584
12339,23,0.6326339244842529
12340,16,-0.18638494610786438
12341,23,0.5679308176040649
12342,16,-0.1861959993839264
12343,16,-0.26804330945014954
12344,16,-0.2748856246471405
12345,16,-0.2479248046875
12346,22,0.42280375957489014
12347,16,-0.22196942567825317
12348,29,1.5051873922348022
12349,24,0.712157130241394
12350,19,0.1666090488433838
12351,16,-0.2892938554286957
12352,16,-0.19651168584823608
12353,17,-0.17539331316947937
12354,19,0.09819453954696655
12355,23,0.6832002401351929
12356,16,-0.21163582801818848
12357,20,0.17313635349273682
12358,24,0.7643927335739136
12359,16,-0.23774877190589905
12360,19,0.15909087657928467
12361,20,0.29430264234542847
12362,16,-0.21457812190055847
12363,16,-0.23940500617027283
12364,20,0.21381539106369019
12365,16,-0.22493165731430054
12366,16,-0.2160044014453888
12367,16,-0.24969419836997986
12368,24,0.758540153503418
12369,16,-0.24517914652824402
12370,16,-0.2434178590774536
12371,20,0.2537080645561218
12372,16,-0.2523406147956848
12373,20,0.22119462490081787
12374,24,0.6881628036499023
12375,16,-0.25187182426452637
12376,20,0.27770012617111206
12377,23,0.6203032732009888
12378,21,0.3247564435005188
12379,16,-0.22981807589530945
12380,20,0.20877301692962646
12381,19,0.05675715208053589
12382,21,0.3319512605667114
12383,19,0.07462960481643677
12384,16,-0.2070637047290802
12385,20,0.19713282585144043
12386,16,-0.19727995991706848
12387,21,0.4066861867904663
12388,30,1.57052743434906
12389,16,-0.18919584155082703
12390,25,0.9228701591491699
12391,19,0.12573808431625366
12392,19,0.10577249526977539
12393,16,-0.2383500337600708
12394,17,-0.1766648292541504
12395,16,-0.2974594533443451
12396,20,0.1942051649093628
12397,15,-0.32426977157592773
12398,22,0.441725492477417
12399,17,-0.175073504447937
12400,17,-0.13760429620742798
12401,17,-0.15568286180496216
12402,17,-0.1803380250930786
12403,20,0.19552332162857056
12404,24,0.7040759325027466
12405,16,-0.2492513656616211
12406,16,-0.26564013957977295
12407,16,-0.18733736872673035
12408,23,0.6740612983703613
12409,19,0.13492512702941895
12410,19,0.09264838695526123
12411,17,-0.17566710710525513
12412,16,-0.21166524291038513
12413,17,-0.17737531661987305
12414,16,-0.2036135494709015
12415,24,0.7614892721176147
12416,23,0.618409276008606
12417,20,0.22729957103729248
12418,24,0.7930939197540283
12419,20,0.1925310492515564
12420,20,0.2034277319908142
12421,17,-0.17952939867973328
12422,16,-0.19071346521377563
12423,16,-0.24758058786392212
12424,17,-0.14112907648086548
12425,17,-0.17529618740081787
12426,15,-0.3359888792037964
12427,17,-0.17499902844429016
12428,16,-0.1952728033065796
12429,16,-0.2284311056137085
12430,16,-0.20819002389907837
12431,16,-0.23493722081184387
12432,19,0.11410969495773315
12433,19,0.12285566329956055
12434,29,1.394572138786316
12435,24,0.7194358110427856
12436,17,-0.17978742718696594
12437,16,-0.2022380828857422
12438,19,0.0703703761100769
12439,19,0.13556897640228271
12440,17,-0.16838008165359497
12441,20,0.22508454322814941
12442,22,0.4409008026123047
12443,20,0.17862242460250854
12444,23,0.6168218851089478
12445,16,-0.222068190574646
12446,19,0.13192355632781982
12447,20,0.18368208408355713
12448,21,0.32587099075317383
12449,20,0.2016116976737976
12450,18,0.027044296264648438
12451,22,0.5169914960861206
12452,19,0.12842464447021484
12453,30,1.6362417936325073
12454,20,0.22560077905654907
12455,21,0.35753047466278076
12456,19,0.16825687885284424
12457,17,-0.16277366876602173
12458,20,0.19405853748321533
12459,19,0.13312608003616333
12460,23,0.6627463102340698
12461,16,-0.2743210792541504
12462,17,-0.16173964738845825
12463,23,0.5538308620452881
12464,21,0.3618263006210327
12465,16,-0.301152765750885
12466,24,0.7410260438919067
12467,16,-0.2464466392993927
12468,16,-0.22331443428993225
12469,20,0.19525933265686035
12470,16,-0.25027063488960266
12471,16,-0.24571138620376587
12472,23,0.6552002429962158
12473,22,0.5373144149780273
12474,22,0.4931788444519043
12475,22,0.42233121395111084
12476,20,0.17468887567520142
12477,17,-0.17252632975578308
12478,17,-0.18355852365493774
12479,17,-0.1787741482257843
12480,16,-0.24020323157310486
12481,23,0.5868446826934814
12482,19,0.08492356538772583
12483,20,0.2816028594970703
12484,17,-0.17794975638389587
12485,16,-0.19919827580451965
12486,16,-0.19820013642311096
12487,20,0.2555847764015198
12488,24,0.6944128274917603
12489,19,0.16290313005447388
12490,20,0.23062962293624878
12491,21,0.4109835624694824
12492,20,0.18771231174468994
12493,20,0.23126691579818726
12494,17,-0.17285680770874023
12495,17,-0.1731719672679901
12496,16,-0.2178991734981537
12497,20,0.241865873336792
12498,23,0.5714221000671387
12499,16,-0.19599947333335876
12500,21,0.372294545173645
12501,17,-0.18068227171897888
12502,19,0.12409114837646484
12503,23,0.6244299411773682
12504,25,0.9423490762710571
12505,16,-0.2461358904838562
12506,17,-0.16674679517745972
12507,22,0.4474167823791504
12508,16,-0.2688373923301697
12509,16,-0.18895885348320007
12510,23,0.6750811338424683
12511,17,-0.14038050174713135
12512,23,0.6650304794311523
12513,20,0.2322806715965271
12514,24,0.7878638505935669
12515,17,-0.16264617443084717
12516,16,-0.19172507524490356
12517,19,0.1679357886314392
12518,19,0.10747706890106201
12519,24,0.7867289781570435
12520,16,-0.22916659712791443
12521,17,-0.14742660522460938
12522,15,-0.3351450562477112
12523,20,0.22435522079467773
12524,17,-0.1516658067703247
12525,16,-0.23524907231330872
12526,23,0.6502817869186401
12527,30,1.6209977865219116
12528,30,1.8938406705856323
12529,23,0.5599470138549805
12530,20,0.26309269666671753
12531,20,0.23421549797058105
12532,16,-0.2297135591506958
12533,17,-0.169109046459198
12534,19,0.14534753561019897
12535,24,0.7224704027175903
12536,16,-0.19429510831832886
12537,16,-0.2320416271686554
12538,17,-0.1085708737373352
12539,22,0.5291979312896729
12540,20,0.273887574672699
12541,20,0.24002504348754883
12542,22,0.5020818710327148
12543,16,-0.1957399547100067
12544,17,-0.1414903998374939
12545,15,-0.38455313444137573
12546,16,-0.2647932767868042
12547,20,0.2566840648651123
12548,16,-0.19620653986930847
12549,17,-0.16715383529663086
12550,16,-0.22191211581230164
12551,17,-0.16562819480895996
12552,22,0.45521438121795654
12553,23,0.5818876028060913
12554,25,0.9355013370513916
12555,20,0.22470545768737793
12556,20,0.20448094606399536
12557,16,-0.25379467010498047
12558,24,0.786858320236206
12559,19,0.12618404626846313
12560,16,-0.2430320680141449
12561,19,0.12695705890655518
12562,20,0.20104670524597168
12563,16,-0.2668517231941223
12564,17,-0.1792283058166504
12565,20,0.20103764533996582
12566,20,0.177074134349823
12567,16,-0.20361724495887756
12568,16,-0.2408134639263153
12569,28,1.2667179107666016
12570,16,-0.18771731853485107
12571,22,0.43158936500549316
12572,17,-0.1610909104347229
12573,17,-0.16252285242080688
12574,17,-0.11139416694641113
12575,16,-0.19287893176078796
12576,29,1.3620041608810425
12577,16,-0.19463375210762024
12578,16,-0.20406052470207214
12579,21,0.40692031383514404
12580,16,-0.26699236035346985
12581,22,0.4497026205062866
12582,20,0.1990765929222107
12583,17,-0.12437856197357178
12584,20,0.2051592469215393
12585,16,-0.2439875304698944
12586,17,-0.1684998869895935
12587,20,0.1744399070739746
12588,20,0.2247922420501709
12589,21,0.4066348075866699
12590,30,1.5918382406234741
12591,16,-0.23417097330093384
12592,17,-0.1703045666217804
12593,17,-0.1578369140625
12594,30,1.7808228731155396
12595,16,-0.25594884157180786
12596,22,0.4989434480667114
12597,24,0.7079761028289795
12598,19,0.1528562307357788
12599,30,1.8551734685897827
12600,20,0.23900598287582397
12601,20,0.2635475993156433
12602,16,-0.19746297597885132
12603,17,-0.16893094778060913
12604,17,-0.16659438610076904
12605,17,-0.1564452052116394
12606,16,-0.2128574550151825
12607,22,0.46795833110809326
12608,26,0.987205982208252
12609,16,-0.22875884175300598
12610,17,-0.12614095211029053
12611,27,1.1359623670578003
12612,16,-0.23418909311294556
12613,19,0.07798051834106445
12614,17,-0.10885602235794067
12615,17,-0.12396007776260376
12616,17,-0.14903515577316284
12617,19,0.15621423721313477
12618,30,1.592112421989441
12619,19,0.13027739524841309
12620,20,0.19688677787780762
12621,17,-0.18408972024917603
12622,17,-0.16095733642578125
12623,21,0.2992035150527954
12624,17,-0.10915035009384155
12625,24,0.7750085592269897
12626,24,0.7488468885421753
12627,21,0.40913712978363037
12628,16,-0.18694362044334412
12629,17,-0.14107131958007812
12630,20,0.24496990442276
12631,17,-0.18146547675132751
12632,17,-0.14635443687438965
12633,17,-0.16631484031677246
12634,20,0.27044904232025146
12635,28,1.2345128059387207
12636,17,-0.163521409034729
12637,16,-0.18889304995536804
12638,20,0.24837899208068848
12639,16,-0.2008572816848755
12640,16,-0.2524394392967224
12641,20,0.19462186098098755
12642,20,0.22831547260284424
12643,17,-0.18102094531059265
12644,21,0.4042872190475464
12645,28,1.3175450563430786
12646,20,0.2589285373687744
12647,19,0.06779110431671143
12648,20,0.2862398624420166
12649,20,0.28429847955703735
12650,17,-0.12295413017272949
12651,17,-0.16578590869903564
12652,25,0.8758804798126221
12653,19,0.08363527059555054
12654,20,0.23795276880264282
12655,17,-0.1690361499786377
12656,20,0.28552454710006714
12657,17,-0.15679556131362915
12658,17,-0.11471813917160034
12659,17,-0.15596634149551392
12660,24,0.7680306434631348
12661,16,-0.20766547322273254
12662,19,0.14071428775787354
12663,17,-0.15403634309768677
12664,17,-0.1299458146095276
12665,17,-0.16627120971679688
12666,29,1.5261534452438354
12667,22,0.4555755853652954
12668,20,0.2219274640083313
12669,17,-0.16411501169204712
12670,20,0.24308687448501587
12671,20,0.22970104217529297
12672,20,0.2579379081726074
12673,20,0.2813646197319031
12674,17,-0.1402496099472046
12675,22,0.486810564994812
12676,17,-0.16397100687026978
12677,17,-0.1292332410812378
12678,17,-0.16036170721054077
12679,16,-0.2186712920665741
12680,16,-0.2016213834285736
12681,17,-0.16010189056396484
12682,25,0.8265739679336548
12683,19,0.14907306432724
12684,30,1.7149146795272827
12685,23,0.6452187299728394
12686,19,0.1559266448020935
12687,25,0.9065790176391602
12688,20,0.20347028970718384
12689,21,0.29807424545288086
12690,22,0.4580022096633911
12691,20,0.2712772488594055
12692,17,-0.14524328708648682
12693,21,0.37578296661376953
12694,21,0.38295137882232666
12695,21,0.39501678943634033
12696,21,0.387933611869812
12697,21,0.3214743137359619
12698,17,-0.1651713252067566
12699,17,-0.1749156415462494
12700,21,0.39305317401885986
12701,17,-0.1438286304473877
12702,17,-0.182585209608078
12703,17,-0.13006097078323364
12704,17,-0.16411030292510986
12705,17,-0.1129375696182251
12706,20,0.22075730562210083
12707,20,0.1787259578704834
12708,17,-0.17654544115066528
12709,20,0.2516838312149048
12710,17,-0.10790503025054932
12711,23,0.6259263753890991
12712,16,-0.22090265154838562
12713,17,-0.18076777458190918
12714,21,0.32511043548583984
12715,17,-0.08815330266952515
12716,20,0.25211429595947266
12717,27,1.1930047273635864
12718,17,-0.1787610650062561
12719,16,-0.21497610211372375
12720,19,0.14710229635238647
12721,19,0.14527744054794312
12722,22,0.5477036237716675
12723,23,0.5700535774230957
12724,21,0.3646794557571411
12725,30,1.647903323173523
12726,17,-0.10820561647415161
12727,20,0.274044930934906
12728,20,0.25527262687683105
12729,17,-0.07612335681915283
12730,23,0.5848147869110107
12731,16,-0.18734332919120789
12732,16,-0.19473588466644287
12733,24,0.7999929189682007
12734,17,-0.06532520055770874
12735,20,0.2835841178894043
12736,21,0.3179265856742859
12737,20,0.2922302484512329
12738,17,-0.14421284198760986
12739,16,-0.2074655294418335
12740,16,-0.18806204199790955
12741,20,0.2869519591331482
12742,20,0.2231643795967102
12743,23,0.5742354393005371
12744,22,0.42655110359191895
12745,16,-0.1887807846069336
12746,25,0.8661507368087769
12747,20,0.266396164894104
12748,20,0.2714998722076416
12749,22,0.5352156162261963
12750,24,0.7169384956359863
12751,20,0.20491313934326172
12752,17,-0.0893394947052002
12753,16,-0.24918308854103088
12754,23,0.6467235088348389
12755,16,-0.2223309874534607
12756,21,0.3931434154510498
12757,22,0.512823224067688
12758,17,-0.15667182207107544
12759,20,0.20238006114959717
12760,24,0.7232301235198975
12761,17,-0.1521831750869751
12762,21,0.3110694885253906
12763,17,-0.16442692279815674
12764,17,-0.13370203971862793
12765,16,-0.20311546325683594
12766,20,0.20573139190673828
12767,12,-0.7304008603096008
12768,21,0.3703509569168091
12769,17,-0.11247462034225464
12770,25,0.9407801628112793
12771,17,-0.1268829107284546
12772,23,0.5590231418609619
12773,28,1.3429430723190308
12774,23,0.5833511352539062
12775,17,-0.1857510507106781
12776,17,-0.12115371227264404
12777,17,-0.132582426071167
12778,20,0.2733837962150574
12779,16,-0.19328811764717102
12780,23,0.5602990388870239
12781,17,-0.14844173192977905
12782,17,-0.09344929456710815
12783,19,0.1325708031654358
12784,16,-0.26155686378479004
12785,30,1.7278062105178833
12786,20,0.17675483226776123
12787,20,0.2614877223968506
12788,19,0.1644931435585022
12789,17,-0.17661574482917786
12790,17,-0.10033184289932251
12791,29,1.5225194692611694
12792,16,-0.20606428384780884
12793,17,-0.15250951051712036
12794,17,-0.11844879388809204
12795,17,-0.13215452432632446
12796,17,-0.12305939197540283
12797,16,-0.21925243735313416
12798,21,0.34700143337249756
12799,24,0.7606650590896606
12800,23,0.570632815361023
12801,22,0.4878993034362793
12802,29,1.4638174772262573
12803,21,0.35901451110839844
12804,21,0.332761287689209
12805,17,-0.07746666669845581
12806,21,0.3037540912628174
12807,17,-0.16433674097061157
12808,22,0.5123887062072754
12809,16,-0.2478078007698059
12810,17,-0.08340895175933838
12811,17,-0.1085464358329773
12812,16,-0.2515699565410614
12813,17,-0.18505915999412537
12814,23,0.6506199836730957
12815,22,0.44859182834625244
12816,24,0.7044146060943604
12817,24,0.685802698135376
12818,17,-0.13887667655944824
12819,17,-0.15147340297698975
12820,17,-0.17494133114814758
12821,20,0.23458802700042725
12822,21,0.3076012134552002
12823,17,-0.1461317539215088
12824,21,0.3452185392379761
12825,17,-0.16331779956817627
12826,30,1.59974205493927
12827,17,-0.18237537145614624
12828,17,-0.10224568843841553
12829,20,0.2964376211166382
12830,20,0.25050443410873413
12831,20,0.2148098349571228
12832,23,0.617743730545044
12833,17,-0.18417701125144958
12834,18,-0.06373435258865356
12835,21,0.3191913962364197
12836,20,0.1964697241783142
12837,20,0.2785366177558899
12838,17,-0.09496819972991943
12839,22,0.5033208131790161
12840,20,0.2650381326675415
12841,17,-0.12936341762542725
12842,18,-0.058473169803619385
12843,17,-0.09930557012557983
12844,17,-0.07775914669036865
12845,20,0.27405846118927
12846,23,0.6318719387054443
12847,24,0.7088228464126587
12848,18,-0.04907184839248657
12849,23,0.605067253112793
12850,20,0.22503960132598877
12851,18,0.0043318867683410645
12852,17,-0.18076375126838684
12853,21,0.34472668170928955
12854,21,0.3823481798171997
12855,24,0.79512619972229
12856,30,1.5890532732009888
12857,17,-0.11724162101745605
12858,21,0.29757535457611084
12859,16,-0.20816883444786072
12860,17,-0.12351870536804199
12861,17,-0.06527316570281982
12862,17,-0.1677412986755371
12863,30,1.6468206644058228
12864,19,0.12007129192352295
12865,21,0.299186110496521
12866,15,-0.3221897780895233
12867,17,-0.14547652006149292
12868,17,-0.1353743076324463
12869,22,0.5193418264389038
12870,17,-0.12401127815246582
12871,22,0.43042171001434326
12872,17,-0.11880415678024292
12873,24,0.7320646047592163
12874,24,0.7648433446884155
12875,24,0.8163454532623291
12876,17,-0.1452333927154541
12877,23,0.6285672187805176
12878,20,0.23403257131576538
12879,20,0.22029900550842285
12880,20,0.2858278751373291
12881,20,0.28485286235809326
12882,20,0.29039955139160156
12883,20,0.23122894763946533
12884,27,1.1816855669021606
12885,20,0.2284395694732666
12886,21,0.2984347939491272
12887,17,-0.17237317562103271
12888,17,-0.1423722505569458
12889,16,-0.1893247365951538
12890,20,0.2713186740875244
12891,17,-0.16773438453674316
12892,20,0.20027190446853638
12893,22,0.46872854232788086
12894,20,0.2947421669960022
12895,23,0.590856671333313
12896,17,-0.1239393949508667
12897,20,0.2379174828529358
12898,17,-0.1762808859348297
12899,21,0.3300706744194031
12900,17,-0.07845115661621094
12901,21,0.29818373918533325
12902,20,0.2211887240409851
12903,20,0.23770570755004883
12904,20,0.26712894439697266
12905,17,-0.15450400114059448
12906,17,-0.07741683721542358
12907,17,-0.14037781953811646
12908,17,-0.1224355697631836
12909,17,-0.15954840183258057
12910,17,-0.14793211221694946
12911,17,-0.08852964639663696
12912,12,-0.7385753393173218
12913,23,0.6022506952285767
12914,17,-0.12468022108078003
12915,21,0.3193081021308899
12916,19,0.1704612374305725
12917,18,-0.060005009174346924
12918,18,-0.06459230184555054
12919,17,-0.10124433040618896
12920,17,-0.10432177782058716
12921,30,1.799728274345398
12922,24,0.7275974750518799
12923,29,1.4690824747085571
12924,17,-0.09735769033432007
12925,20,0.26809680461883545
12926,22,0.5431420803070068
12927,17,-0.12582427263259888
12928,17,-0.15597784519195557
12929,23,0.6527814865112305
12930,20,0.2263420820236206
12931,21,0.2975868582725525
12932,20,0.27050167322158813
12933,18,-0.03191983699798584
12934,21,0.3189272880554199
12935,20,0.24994254112243652
12936,18,-0.023965299129486084
12937,17,-0.11097079515457153
12938,16,-0.18906375765800476
12939,17,-0.07194900512695312
12940,17,-0.18571355938911438
12941,18,-0.033384621143341064
12942,28,1.2713359594345093
12943,29,1.4306210279464722
12944,20,0.25996464490890503
12945,16,-0.19867998361587524
12946,17,-0.11504411697387695
12947,20,0.2880612015724182
12948,18,-0.025297939777374268
12949,24,0.7005038261413574
12950,21,0.3972097635269165
12951,21,0.38502824306488037
12952,30,1.742047667503357
12953,17,-0.11324137449264526
12954,17,-0.09671634435653687
12955,17,-0.07270532846450806
12956,19,0.16919457912445068
12957,20,0.24507015943527222
12958,17,-0.1728663444519043
12959,21,0.35764777660369873
12960,20,0.19585663080215454
12961,17,-0.1512082815170288
12962,20,0.2905946373939514
12963,17,-0.09483778476715088
12964,17,-0.09477096796035767
12965,21,0.3258516788482666
12966,17,-0.14984196424484253
12967,24,0.7041906118392944
12968,21,0.3004525303840637
12969,17,-0.11934351921081543
12970,22,0.5250743627548218
12971,16,-0.19369149208068848
12972,17,-0.07117515802383423
12973,25,0.8756719827651978
12974,17,-0.11644130945205688
12975,24,0.7505143880844116
12976,17,-0.14091408252716064
12977,17,-0.11692678928375244
12978,17,-0.12878525257110596
12979,28,1.3501297235488892
12980,21,0.3131338953971863
12981,17,-0.16060245037078857
12982,20,0.24403458833694458
12983,20,0.20937007665634155
12984,17,-0.11248397827148438
12985,22,0.4463469982147217
12986,20,0.28534120321273804
12987,25,0.854201078414917
12988,20,0.2553415298461914
12989,17,-0.13893157243728638
12990,20,0.250602662563324
12991,20,0.25075364112854004
12992,20,0.221848726272583
12993,17,-0.07194161415100098
12994,17,-0.10803800821304321
12995,24,0.7994440793991089
12996,18,-0.062451839447021484
12997,17,-0.09291118383407593
12998,17,-0.08092379570007324
12999,22,0.4697681665420532
13000,22,0.46133577823638916
13001,21,0.34102678298950195
13002,17,-0.06608617305755615
13003,17,-0.14439338445663452
13004,18,-0.058662593364715576
13005,21,0.30779844522476196
13006,21,0.33057695627212524
13007,23,0.6578308343887329
13008,17,-0.07650923728942871
13009,17,-0.09217023849487305
13010,21,0.3192771077156067
13011,29,1.385398507118225
13012,17,-0.09200310707092285
13013,23,0.6170397996902466
13014,17,-0.18340542912483215
13015,17,-0.10175073146820068
13016,17,-0.15318387746810913
13017,17,-0.11155849695205688
13018,20,0.29256927967071533
13019,23,0.6380218267440796
13020,22,0.5356960296630859
13021,20,0.2974594831466675
13022,21,0.31894809007644653
13023,30,1.7664707899093628
13024,17,-0.1149941086769104
13025,16,-0.1900205910205841
13026,18,-0.032399773597717285
13027,20,0.17904776334762573
13028,20,0.29276394844055176
13029,17,-0.10631763935089111
13030,29,1.3765062093734741
13031,17,-0.11336153745651245
13032,20,0.1862398386001587
13033,20,0.23312854766845703
13034,24,0.7333317995071411
13035,25,0.838150143623352
13036,27,1.1784700155258179
13037,30,1.8366514444351196
13038,18,-0.02387756109237671
13039,21,0.3052549958229065
13040,21,0.36683738231658936
13041,27,1.1461821794509888
13042,20,0.25111621618270874
13043,18,-0.033683836460113525
13044,21,0.4134467840194702
13045,17,-0.16985362768173218
13046,20,0.26799267530441284
13047,24,0.7240221500396729
13048,17,-0.14158618450164795
13049,17,-0.15869379043579102
13050,17,-0.11651557683944702
13051,17,-0.14398163557052612
13052,21,0.3211267590522766
13053,22,0.5322378873825073
13054,25,0.9058858156204224
13055,18,-0.056995511054992676
13056,21,0.3741952180862427
13057,23,0.6328616142272949
13058,17,-0.16030633449554443
13059,20,0.25491052865982056
13060,18,-0.060566484928131104
13061,17,-0.10100430250167847
13062,27,1.156858205795288
13063,23,0.6485825777053833
13064,22,0.41899216175079346
13065,17,-0.10986781120300293
13066,18,-0.017279326915740967
13067,23,0.629683256149292
13068,24,0.7742481231689453
13069,20,0.26884621381759644
13070,18,-0.05474257469177246
13071,17,-0.07821100950241089
13072,20,0.26725953817367554
13073,21,0.3128013610839844
13074,20,0.23557597398757935
13075,25,0.8812705278396606
13076,18,-0.021288633346557617
13077,17,-0.14255493879318237
13078,20,0.2768685817718506
13079,30,1.6017400026321411
13080,17,-0.09844160079956055
13081,24,0.6947280168533325
13082,15,-0.36199524998664856
13083,17,-0.07486516237258911
13084,25,0.866118311882019
13085,17,-0.1074647307395935
13086,20,0.20689159631729126
13087,21,0.3020339012145996
13088,26,1.041464924812317
13089,22,0.485007643699646
13090,20,0.234186589717865
13091,17,-0.09997540712356567
13092,17,-0.0779295563697815
13093,17,-0.09852790832519531
13094,21,0.32148969173431396
13095,17,-0.10947221517562866
13096,24,0.7172787189483643
13097,20,0.21849697828292847
13098,22,0.44044721126556396
13099,17,-0.09521043300628662
13100,18,0.00848156213760376
13101,21,0.368009090423584
13102,17,-0.06766664981842041
13103,25,0.9054170846939087
13104,21,0.30588299036026
13105,17,-0.10500162839889526
13106,17,-0.06605148315429688
13107,17,-0.06763017177581787
13108,24,0.6960920095443726
13109,24,0.7983452081680298
13110,18,0.036795973777770996
13111,17,-0.08403205871582031
13112,17,-0.0788756012916565
13113,23,0.6769070625305176
13114,21,0.344315767288208
13115,20,0.237534761428833
13116,22,0.5096457004547119
13117,20,0.2956903576850891
13118,21,0.35698437690734863
13119,30,1.7777620553970337
13120,21,0.34691059589385986
13121,18,-0.05408233404159546
13122,17,-0.09119206666946411
13123,21,0.3572036027908325
13124,21,0.35336339473724365
13125,24,0.8103452920913696
13126,25,0.8337275981903076
13127,17,-0.08135944604873657
13128,23,0.668937087059021
13129,22,0.41767406463623047
13130,17,-0.1518409252166748
13131,17,-0.12694668769836426
13132,28,1.2799278497695923
13133,23,0.6319860219955444
13134,30,1.7192686796188354
13135,17,-0.10442203283309937
13136,17,-0.12224352359771729
13137,23,0.6671488285064697
13138,17,-0.10178333520889282
13139,22,0.5336000919342041
13140,25,0.8304735422134399
13141,23,0.6699213981628418
13142,18,0.0024672746658325195
13143,20,0.2837451696395874
13144,21,0.3162345290184021
13145,21,0.4147075414657593
13146,26,0.9594027996063232
13147,21,0.31283724308013916
13148,16,-0.1898091435432434
13149,27,1.186712622642517
13150,18,-0.030159413814544678
13151,20,0.2914043664932251
13152,20,0.23083549737930298
13153,17,-0.11950898170471191
13154,23,0.6687366962432861
13155,20,0.25788646936416626
13156,21,0.3770325183868408
13157,21,0.36911678314208984
13158,21,0.3389129638671875
13159,22,0.523444414138794
13160,18,-0.017991602420806885
13161,20,0.29223453998565674
13162,22,0.46130430698394775
13163,10,-0.9840303659439087
13164,30,1.6803723573684692
13165,20,0.2173570990562439
13166,23,0.67253577709198
13167,26,1.0713937282562256
13168,18,-0.05972492694854736
13169,27,1.1280971765518188
13170,26,0.9507931470870972
13171,20,0.29450511932373047
13172,18,0.00012379884719848633
13173,18,-0.064433753490448
13174,17,-0.14936864376068115
13175,17,-0.1007491946220398
13176,30,1.6038373708724976
13177,20,0.29682087898254395
13178,21,0.31101250648498535
13179,17,-0.09999418258666992
13180,17,-0.17788934707641602
13181,17,-0.06996625661849976
13182,17,-0.08266150951385498
13183,23,0.6373805999755859
13184,22,0.4920734167098999
13185,17,-0.1268271803855896
13186,17,-0.06992697715759277
13187,17,-0.07507812976837158
13188,23,0.6710600852966309
13189,23,0.6011123657226562
13190,18,-0.04777759313583374
13191,21,0.32953476905822754
13192,25,0.8348534107208252
13193,25,0.8415288925170898
13194,17,-0.10818696022033691
13195,20,0.2189788818359375
13196,17,-0.08965879678726196
13197,18,-0.0377955436706543
13198,17,-0.08482193946838379
13199,21,0.3029436469078064
13200,21,0.30945640802383423
13201,18,-0.004745423793792725
13202,17,-0.12906068563461304
13203,18,-0.014947175979614258
13204,21,0.3286020755767822
13205,28,1.2217408418655396
13206,21,0.3839215040206909
13207,22,0.5056102275848389
13208,20,0.251709520816803
13209,24,0.7260332107543945
13210,21,0.3185632824897766
13211,20,0.2654229998588562
13212,23,0.6222110986709595
13213,17,-0.094357430934906
13214,18,-0.022980570793151855
13215,13,-0.6208136677742004
13216,18,-0.030478835105895996
13217,17,-0.101371169090271
13218,17,-0.10040730237960815
13219,20,0.26377546787261963
13220,18,-0.052005767822265625
13221,20,0.2948189973831177
13222,23,0.6402149200439453
13223,30,1.6359809637069702
13224,18,-0.05666494369506836
13225,20,0.2349817156791687
13226,17,-0.08147495985031128
13227,17,-0.14523613452911377
13228,18,-0.05976599454879761
13229,21,0.359458327293396
13230,17,-0.12079763412475586
13231,18,-0.053353190422058105
13232,17,-0.07547229528427124
13233,21,0.31515371799468994
13234,17,-0.10446566343307495
13235,18,-0.02500373125076294
13236,21,0.35783421993255615
13237,18,-0.04238849878311157
13238,21,0.3694556951522827
13239,21,0.3513559103012085
13240,24,0.790967583656311
13241,21,0.3179185390472412
13242,22,0.46964120864868164
13243,23,0.6342957019805908
13244,24,0.7064262628555298
13245,21,0.30061280727386475
13246,17,-0.18427473306655884
13247,18,-0.058565735816955566
13248,21,0.3003610372543335
13249,17,-0.13027018308639526
13250,21,0.2990063428878784
13251,17,-0.08223706483840942
13252,21,0.4142916202545166
13253,21,0.3329453468322754
13254,20,0.27040910720825195
13255,21,0.3640155792236328
13256,18,-0.052502334117889404
13257,20,0.2640379071235657
13258,20,0.2883257269859314
13259,20,0.29300665855407715
13260,30,1.7070108652114868
13261,25,0.8546169996261597
13262,17,-0.12970173358917236
13263,17,-0.13255631923675537
13264,23,0.6174130439758301
13265,21,0.3389972448348999
13266,18,-0.06154000759124756
13267,21,0.36931300163269043
13268,23,0.6046782732009888
13269,17,-0.1080770492553711
13270,17,-0.06529629230499268
13271,21,0.326913058757782
13272,23,0.6500513553619385
13273,18,-0.05111664533615112
13274,23,0.6769024133682251
13275,17,-0.08741217851638794
13276,17,-0.06885284185409546
13277,20,0.22517764568328857
13278,22,0.44514000415802
13279,21,0.40556299686431885
13280,21,0.34221184253692627
13281,18,-0.0402522087097168
13282,17,-0.08514690399169922
13283,23,0.5523725748062134
13284,20,0.18584465980529785
13285,21,0.3047108054161072
13286,17,-0.0926467776298523
13287,18,-0.061196208000183105
13288,20,0.2819178104400635
13289,17,-0.08911079168319702
13290,25,0.8249515295028687
13291,17,-0.17790329456329346
13292,24,0.7941907644271851
13293,17,-0.10215133428573608
13294,18,0.04910552501678467
13295,17,-0.11030101776123047
13296,21,0.31669098138809204
13297,21,0.38674962520599365
13298,20,0.2267208695411682
13299,17,-0.09983080625534058
13300,18,-0.03534281253814697
13301,21,0.3440462350845337
13302,18,-0.010804295539855957
13303,21,0.3378399610519409
13304,18,-0.05907171964645386
13305,18,-0.034705400466918945
13306,30,1.6800528764724731
13307,21,0.3808788061141968
13308,17,-0.12691140174865723
13309,17,-0.08738666772842407
13310,29,1.4473017454147339
13311,21,0.3610072135925293
13312,18,-0.0511665940284729
13313,21,0.35542988777160645
13314,18,-0.059396207332611084
13315,25,0.9486922025680542
13316,21,0.3035770654678345
13317,30,1.6132060289382935
13318,23,0.6812763214111328
13319,20,0.279502272605896
13320,20,0.25458353757858276
13321,21,0.3217335343360901
13322,20,0.21561604738235474
13323,21,0.3529618978500366
13324,24,0.7053440809249878
13325,21,0.34807920455932617
13326,21,0.40630602836608887
13327,17,-0.11232602596282959
13328,20,0.2635461688041687
13329,23,0.5773110389709473
13330,18,-0.04322850704193115
13331,18,-0.022135794162750244
13332,24,0.7322101593017578
13333,21,0.3769838809967041
13334,24,0.7854626178741455
13335,18,0.005558311939239502
13336,21,0.3433992862701416
13337,21,0.3425014019012451
13338,17,-0.07695192098617554
13339,25,0.8369427919387817
13340,18,-0.0347365140914917
13341,17,-0.07854723930358887
13342,27,1.0842887163162231
13343,17,-0.1560954451560974
13344,18,-0.05635160207748413
13345,18,-0.016054272651672363
13346,24,0.7653695344924927
13347,25,0.8383423089981079
13348,18,-0.01958465576171875
13349,18,-0.05969518423080444
13350,18,-0.045352280139923096
13351,17,-0.07087647914886475
13352,21,0.39961910247802734
13353,30,1.6522423028945923
13354,24,0.741079568862915
13355,18,-0.06429004669189453
13356,23,0.5695838928222656
13357,21,0.36906635761260986
13358,24,0.7559351921081543
13359,21,0.308773934841156
13360,23,0.5751638412475586
13361,18,-0.016056478023529053
13362,18,-0.038985610008239746
13363,21,0.3530932664871216
13364,18,-0.04948592185974121
13365,20,0.2860751152038574
13366,18,-0.0009338855743408203
13367,17,-0.12874531745910645
13368,24,0.750718355178833
13369,17,-0.17085760831832886
13370,24,0.74405837059021
13371,21,0.3525962829589844
13372,18,-0.05775415897369385
13373,20,0.2788264751434326
13374,18,-0.05772930383682251
13375,21,0.30656230449676514
13376,24,0.7251914739608765
13377,21,0.37933242321014404
13378,21,0.3245251178741455
13379,25,0.9283140897750854
13380,21,0.3746730089187622
13381,30,1.758437991142273
13382,17,-0.081676185131073
13383,18,-0.04488658905029297
13384,18,-0.029362142086029053
13385,18,-0.0397261381149292
13386,18,-0.02988988161087036
13387,21,0.39192771911621094
13388,18,-0.055883824825286865
13389,18,-0.016450107097625732
13390,18,-0.038221538066864014
13391,18,-0.009218037128448486
13392,20,0.2838718891143799
13393,18,-0.059398531913757324
13394,25,0.9283092021942139
13395,18,-0.0473904013633728
13396,17,-0.12897753715515137
13397,17,-0.14944803714752197
13398,18,-0.03139078617095947
13399,18,-0.033486247062683105
13400,18,-0.0466616153717041
13401,18,-0.05366253852844238
13402,21,0.32814109325408936
13403,26,0.9963630437850952
13404,18,-0.0600317120552063
13405,18,-0.042398929595947266
13406,18,-0.045330047607421875
13407,26,1.061927318572998
13408,21,0.32139575481414795
13409,22,0.4620633125305176
13410,21,0.3819468021392822
13411,22,0.45232272148132324
13412,25,0.8286275863647461
13413,20,0.23581987619400024
13414,18,-0.04371750354766846
13415,18,-0.013630211353302002
13416,21,0.3060227632522583
13417,18,-0.028158724308013916
13418,21,0.3751875162124634
13419,21,0.30927854776382446
13420,23,0.602919340133667
13421,22,0.5104835033416748
13422,21,0.40745019912719727
13423,23,0.6382768154144287
13424,21,0.3837909698486328
13425,18,-0.06293022632598877
13426,21,0.40944647789001465
13427,18,-0.03008514642715454
13428,21,0.3399268388748169
13429,18,-0.048504412174224854
13430,25,0.8818676471710205
13431,21,0.3030611276626587
13432,22,0.49615776538848877
13433,18,0.004347562789916992
13434,18,-0.03984886407852173
13435,17,-0.06963729858398438
13436,30,1.767290472984314
13437,24,0.7090206146240234
13438,24,0.7837047576904297
13439,21,0.35344839096069336
13440,21,0.32770484685897827
13441,24,0.7609660625457764
13442,24,0.7512893676757812
13443,17,-0.11968362331390381
13444,17,-0.06768512725830078
13445,18,-0.060323894023895264
13446,24,0.7136529684066772
13447,18,-0.047262728214263916
13448,24,0.7492220401763916
13449,22,0.4326138496398926
13450,18,0.02780693769454956
13451,18,-0.013698577880859375
13452,22,0.4361412525177002
13453,21,0.38637030124664307
13454,26,1.040632724761963
13455,28,1.3466695547103882
13456,21,0.3482123613357544
13457,20,0.24597632884979248
13458,22,0.5321276187896729
13459,24,0.7737736701965332
13460,21,0.3086770176887512
13461,18,0.014285087585449219
13462,26,0.9669754505157471
13463,21,0.33227860927581787
13464,21,0.3148425817489624
13465,18,-0.02993112802505493
13466,23,0.6440786123275757
13467,18,-0.027699828147888184
13468,17,-0.07670843601226807
13469,23,0.6413538455963135
13470,21,0.3907318115234375
13471,22,0.4932682514190674
13472,17,-0.0890582799911499
13473,21,0.38514649868011475
13474,18,-0.02978414297103882
13475,24,0.7834011316299438
13476,18,-0.04893171787261963
13477,21,0.371060848236084
13478,21,0.33985400199890137
13479,21,0.33051198720932007
13480,20,0.28027164936065674
13481,21,0.3808891773223877
13482,23,0.6490598917007446
13483,18,-0.040985167026519775
13484,18,-0.05821490287780762
13485,29,1.3906220197677612
13486,24,0.8084856271743774
13487,25,0.8186118602752686
13488,20,0.28077614307403564
13489,18,-0.018587946891784668
13490,21,0.4163557291030884
13491,18,-0.03442448377609253
13492,21,0.35579633712768555
13493,21,0.33597254753112793
13494,18,-0.01986873149871826
13495,18,-0.012485802173614502
13496,17,-0.07253414392471313
13497,18,-0.04585444927215576
13498,24,0.6916860342025757
13499,18,0.010003268718719482
13500,18,-0.02596735954284668
13501,18,-0.003768324851989746
13502,21,0.3049888610839844
13503,19,0.0659322738647461
13504,23,0.5880192518234253
13505,18,-0.005413830280303955
13506,18,-0.0005096793174743652
13507,24,0.746350884437561
13508,24,0.7575656175613403
13509,18,0.013267815113067627
13510,29,1.467783808708191
13511,17,-0.06775814294815063
13512,17,-0.10833728313446045
13513,18,-0.009212017059326172
13514,25,0.9010294675827026
13515,23,0.564690113067627
13516,23,0.655089259147644
13517,18,0.03198426961898804
13518,18,0.013984262943267822
13519,22,0.4214460849761963
13520,18,-0.019295454025268555
13521,18,-0.014394283294677734
13522,18,0.025301456451416016
13523,21,0.37046122550964355
13524,17,-0.10002738237380981
13525,18,-0.044998884201049805
13526,18,0.007168591022491455
13527,21,0.3204970359802246
13528,18,-0.023263633251190186
13529,18,-0.009405076503753662
13530,18,-0.028632700443267822
13531,21,0.3276856541633606
13532,18,-0.01342231035232544
13533,24,0.8110343217849731
13534,18,0.0003756880760192871
13535,21,0.3854309320449829
13536,22,0.44414782524108887
13537,18,0.03281909227371216
13538,18,-0.04011589288711548
13539,18,-0.008516073226928711
13540,18,-0.009349346160888672
13541,22,0.4527287483215332
13542,21,0.35398852825164795
13543,26,1.0392967462539673
13544,24,0.7671692371368408
13545,18,0.023776888847351074
13546,19,0.07209044694900513
13547,22,0.46067774295806885
13548,20,0.2849692106246948
13549,18,-0.03317058086395264
13550,22,0.43291807174682617
13551,21,0.3570365905761719
13552,18,-0.05397045612335205
13553,21,0.4041978120803833
13554,21,0.3494300842285156
13555,30,1.698632836341858
13556,18,-0.014738619327545166
13557,24,0.8108841180801392
13558,25,0.9037752151489258
13559,18,-0.007346391677856445
13560,18,-0.055189669132232666
13561,18,-0.007216453552246094
13562,21,0.38757073879241943
13563,18,0.00543212890625
13564,21,0.33539533615112305
13565,21,0.36874210834503174
13566,18,-2.6702880859375e-05
13567,22,0.47219979763031006
13568,18,0.03379464149475098
13569,25,0.8227924108505249
13570,18,-0.01606518030166626
13571,18,0.01230388879776001
13572,18,-0.0037006139755249023
13573,21,0.30603599548339844
13574,18,-0.013027846813201904
13575,18,-0.012471258640289307
13576,18,-0.006187796592712402
13577,21,0.3599121570587158
13578,17,-0.1029391884803772
13579,23,0.6733665466308594
13580,24,0.7802290916442871
13581,30,1.593852162361145
13582,30,1.7603353261947632
13583,20,0.2532373070716858
13584,28,1.2247040271759033
13585,24,0.7464696168899536
13586,22,0.4481627941131592
13587,21,0.38487982749938965
13588,20,0.2829269766807556
13589,22,0.43320536613464355
13590,21,0.3982640504837036
13591,18,0.028377234935760498
13592,21,0.3337876796722412
13593,19,0.050208210945129395
13594,20,0.2870630621910095
13595,18,-0.0030678510665893555
13596,24,0.8040139675140381
13597,21,0.33287501335144043
13598,29,1.43022620677948
13599,25,0.9238647222518921
13600,19,0.05814778804779053
13601,25,0.8386454582214355
13602,18,-0.021312415599822998
13603,18,0.009086132049560547
13604,18,0.02250814437866211
13605,21,0.3632824420928955
13606,25,0.8695003986358643
13607,18,0.011259138584136963
13608,22,0.5133955478668213
13609,21,0.37246716022491455
13610,18,-0.011883258819580078
13611,22,0.42135727405548096
13612,17,-0.07809865474700928
13613,25,0.8882977962493896
13614,19,0.07077181339263916
13615,18,0.004571199417114258
13616,18,0.010348260402679443
13617,24,0.7671560049057007
13618,18,0.010707616806030273
13619,18,-0.0037109851837158203
13620,23,0.5944515466690063
13621,16,-0.2742929458618164
13622,23,0.6036231517791748
13623,17,-0.09142309427261353
13624,18,-0.002219080924987793
13625,25,0.9127459526062012
13626,25,0.9320228099822998
13627,18,0.023782968521118164
13628,18,-0.055738210678100586
13629,21,0.32754528522491455
13630,22,0.5126315355300903
13631,22,0.4455273151397705
13632,23,0.6299693584442139
13633,22,0.5473333597183228
13634,18,0.03456181287765503
13635,21,0.30290961265563965
13636,18,-0.029574930667877197
13637,24,0.7389687299728394
13638,18,0.009391725063323975
13639,24,0.7405025959014893
13640,19,0.07133013010025024
13641,21,0.41709089279174805
13642,18,-0.015650570392608643
13643,18,-0.005354940891265869
13644,18,0.026081740856170654
13645,18,0.04845243692398071
13646,21,0.394498348236084
13647,18,-0.011270105838775635
13648,18,-0.003742039203643799
13649,21,0.3713862895965576
13650,17,-0.07453751564025879
13651,25,0.9296144247055054
13652,20,0.29096782207489014
13653,18,0.006266415119171143
13654,18,-0.004043161869049072
13655,26,1.0176514387130737
13656,18,-0.0043683648109436035
13657,18,-0.04331320524215698
13658,24,0.7678147554397583
13659,22,0.4539448022842407
13660,21,0.3792456388473511
13661,26,0.9647077322006226
13662,27,1.1954759359359741
13663,24,0.7573093175888062
13664,22,0.5364532470703125
13665,21,0.3122021555900574
13666,18,0.014266371726989746
13667,18,-0.06230330467224121
13668,24,0.7452970743179321
13669,24,0.6892582178115845
13670,18,-0.012532174587249756
13671,24,0.7077127695083618
13672,22,0.42951250076293945
13673,21,0.3681262731552124
13674,18,-0.009750902652740479
13675,18,-0.022475063800811768
13676,23,0.6686493158340454
13677,23,0.6055330038070679
13678,21,0.35652780532836914
13679,18,0.032183170318603516
13680,18,0.012766599655151367
13681,18,-0.008466601371765137
13682,21,0.3729764223098755
13683,18,-0.04600977897644043
13684,18,0.0037772059440612793
13685,22,0.4587904214859009
13686,18,0.040530502796173096
13687,18,0.005711972713470459
13688,18,-0.05500829219818115
13689,18,-0.03905808925628662
13690,21,0.35262763500213623
13691,22,0.4206526279449463
13692,23,0.6559973955154419
13693,21,0.3937661647796631
13694,25,0.905921459197998
13695,25,0.8201860189437866
13696,22,0.4981464147567749
13697,18,0.026392996311187744
13698,21,0.37275564670562744
13699,21,0.3741414546966553
13700,21,0.3443659543991089
13701,21,0.4000476598739624
13702,18,0.03096240758895874
13703,21,0.41280412673950195
13704,21,0.31840628385543823
13705,18,0.019079864025115967
13706,21,0.39636921882629395
13707,21,0.3582109212875366
13708,22,0.48264384269714355
13709,21,0.3920097351074219
13710,19,0.04931175708770752
13711,18,0.017485499382019043
13712,21,0.3994640111923218
13713,30,1.8030019998550415
13714,22,0.47612178325653076
13715,18,-0.02206122875213623
13716,18,0.022807300090789795
13717,18,-0.024023234844207764
13718,25,0.865644097328186
13719,22,0.5213571786880493
13720,19,0.08933460712432861
13721,24,0.8038862943649292
13722,24,0.7037521600723267
13723,25,0.9266325235366821
13724,18,-0.05764472484588623
13725,22,0.48282086849212646
13726,18,0.00638580322265625
13727,21,0.4104865789413452
13728,24,0.7292379140853882
13729,18,0.024125516414642334
13730,25,0.8315185308456421
13731,21,0.3151777386665344
13732,18,-0.0003840923309326172
13733,18,0.0030635595321655273
13734,18,0.005376219749450684
13735,18,0.02282935380935669
13736,18,0.008404433727264404
13737,18,0.016142845153808594
13738,18,-0.03167867660522461
13739,18,0.006718873977661133
13740,18,0.0030689239501953125
13741,19,0.051578402519226074
13742,13,-0.6086611747741699
13743,26,0.9503835439682007
13744,18,0.025869905948638916
13745,18,0.011145472526550293
13746,18,0.035612523555755615
13747,22,0.49221575260162354
13748,22,0.4363285303115845
13749,21,0.2986707091331482
13750,22,0.46889543533325195
13751,18,0.026529788970947266
13752,22,0.5109900236129761
13753,18,0.04312705993652344
13754,18,0.01528245210647583
13755,18,0.027442216873168945
13756,18,0.03601336479187012
13757,21,0.3445427417755127
13758,29,1.4380301237106323
13759,23,0.6269820928573608
13760,19,0.10245347023010254
13761,18,-0.030985474586486816
13762,21,0.37335681915283203
13763,21,0.41576337814331055
13764,22,0.4358617067337036
13765,22,0.42360472679138184
13766,22,0.4600917100906372
13767,21,0.4066886901855469
13768,18,0.014530777931213379
13769,18,-0.03276282548904419
13770,22,0.4698728322982788
13771,29,1.4472695589065552
13772,21,0.32630234956741333
13773,20,0.2865404486656189
13774,22,0.4618496894836426
13775,24,0.7827987670898438
13776,25,0.9089899063110352
13777,21,0.3060455322265625
13778,21,0.40467357635498047
13779,22,0.41873133182525635
13780,22,0.4193025827407837
13781,18,0.00438767671585083
13782,28,1.2191988229751587
13783,29,1.4061039686203003
13784,30,1.8214036226272583
13785,22,0.4512908458709717
13786,18,0.026997804641723633
13787,24,0.7756136655807495
13788,18,0.012802541255950928
13789,22,0.470839262008667
13790,18,-0.015772759914398193
13791,18,0.03962951898574829
13792,18,-0.03046029806137085
13793,24,0.7231945991516113
13794,29,1.473758339881897
13795,18,-0.05084669589996338
13796,23,0.632705807685852
13797,22,0.4354274272918701
13798,18,-0.041764259338378906
13799,22,0.46166908740997314
13800,22,0.4572782516479492
13801,19,0.06794923543930054
13802,30,1.801474928855896
13803,18,0.009091734886169434
13804,18,0.044073522090911865
13805,24,0.7821570634841919
13806,25,0.9035243988037109
13807,30,1.607718586921692
13808,18,0.01429075002670288
13809,25,0.9402137994766235
13810,22,0.44120359420776367
13811,21,0.304220974445343
13812,22,0.41823065280914307
13813,22,0.4204479455947876
13814,19,0.11835020780563354
13815,24,0.78851318359375
13816,18,0.005056023597717285
13817,25,0.8618508577346802
13818,19,0.049301087856292725
13819,18,-0.05720233917236328
13820,19,0.07360398769378662
13821,21,0.38387882709503174
13822,21,0.39048826694488525
13823,24,0.8014332056045532
13824,18,0.01004040241241455
13825,21,0.37002480030059814
13826,18,0.010915398597717285
13827,19,0.09196776151657104
13828,19,0.051142871379852295
13829,19,0.07339286804199219
13830,18,0.026197373867034912
13831,25,0.8477015495300293
13832,19,0.1181458830833435
13833,18,0.04258209466934204
13834,26,0.994573712348938
13835,18,0.04412788152694702
13836,18,-0.01617830991744995
13837,21,0.34716761112213135
13838,25,0.8477391004562378
13839,22,0.4918161630630493
13840,18,-0.00045949220657348633
13841,18,0.033383846282958984
13842,24,0.8014726638793945
13843,25,0.9324425458908081
13844,21,0.3613593578338623
13845,18,-0.03879690170288086
13846,21,0.39583516120910645
13847,19,0.0741986632347107
13848,18,0.037603795528411865
13849,22,0.4386223554611206
13850,22,0.4345496892929077
13851,21,0.3794604539871216
13852,19,0.05362379550933838
13853,19,0.07607859373092651
13854,22,0.46215057373046875
13855,21,0.41100013256073
13856,22,0.46980082988739014
13857,22,0.4534803628921509
13858,18,0.0185890793800354
13859,21,0.4133797883987427
13860,28,1.2050750255584717
13861,18,0.019485414028167725
13862,21,0.35128939151763916
13863,21,0.4044598340988159
13864,18,0.04063832759857178
13865,23,0.5490397214889526
13866,18,-0.02496403455734253
13867,24,0.7292884588241577
13868,21,0.3080804944038391
13869,25,0.8321423530578613
13870,22,0.4496525526046753
13871,18,-0.02917689085006714
13872,18,-0.02906942367553711
13873,18,0.02830374240875244
13874,18,0.015438377857208252
13875,23,0.6724491119384766
13876,24,0.798107385635376
13877,22,0.448211669921875
13878,23,0.5866940021514893
13879,21,0.37700819969177246
13880,19,0.06557142734527588
13881,17,-0.10556650161743164
13882,22,0.4323805570602417
13883,22,0.4665488004684448
13884,19,0.09877073764801025
13885,21,0.3392549753189087
13886,21,0.3625680208206177
13887,22,0.45014262199401855
13888,30,1.8904012441635132
13889,21,0.3720318078994751
13890,18,0.014118432998657227
13891,18,-0.04727828502655029
13892,22,0.5197410583496094
13893,19,0.10439777374267578
13894,18,0.03383857011795044
13895,18,0.0006726384162902832
13896,22,0.4544752836227417
13897,21,0.41424500942230225
13898,22,0.42572712898254395
13899,18,-0.007835686206817627
13900,18,0.038199543952941895
13901,24,0.7502450942993164
13902,24,0.7625294923782349
13903,18,-0.027162611484527588
13904,19,0.056019723415374756
13905,23,0.6553456783294678
13906,19,0.05261117219924927
13907,18,0.01734262704849243
13908,19,0.0565759539604187
13909,26,0.9559283256530762
13910,18,-0.033396244049072266
13911,22,0.4384784698486328
13912,21,0.37617552280426025
13913,20,0.2629333734512329
13914,30,1.596483826637268
13915,17,-0.107319176197052
13916,18,-0.04297339916229248
13917,25,0.8467214107513428
13918,25,0.9372391700744629
13919,21,0.37634730339050293
13920,22,0.4686986207962036
13921,21,0.40875792503356934
13922,18,0.014191210269927979
13923,25,0.9055721759796143
13924,22,0.5089077949523926
13925,18,0.004875361919403076
13926,30,1.6438637971878052
13927,18,0.03965568542480469
13928,25,0.8654481172561646
13929,22,0.47518038749694824
13930,23,0.6604558229446411
13931,25,0.931846022605896
13932,18,0.011134624481201172
13933,18,0.02210015058517456
13934,18,0.021548569202423096
13935,22,0.46771156787872314
13936,19,0.05259144306182861
13937,19,0.10059696435928345
13938,25,0.8285826444625854
13939,19,0.0797281265258789
13940,25,0.8826291561126709
13941,23,0.5754867792129517
13942,18,0.04458576440811157
13943,25,0.8649618625640869
13944,18,-0.016593217849731445
13945,18,-0.0021599531173706055
13946,18,0.03712540864944458
13947,18,0.04815709590911865
13948,23,0.6483207941055298
13949,21,0.3790520429611206
13950,24,0.7757523059844971
13951,22,0.4329437017440796
13952,18,0.009106636047363281
13953,19,0.11700445413589478
13954,22,0.47489380836486816
13955,21,0.4075974225997925
13956,23,0.5645934343338013
13957,18,-0.017213940620422363
13958,22,0.46285998821258545
13959,18,0.00024384260177612305
13960,21,0.3837953805923462
13961,21,0.314705491065979
13962,22,0.5046511888504028
13963,18,-0.03547602891921997
13964,30,1.7077499628067017
13965,22,0.45371484756469727
13966,29,1.5047208070755005
13967,25,0.8484301567077637
13968,18,0.03307771682739258
13969,19,0.12363958358764648
13970,22,0.4443093538284302
13971,18,-0.016586124897003174
13972,21,0.40908801555633545
13973,17,-0.09546858072280884
13974,22,0.4714024066925049
13975,22,0.4856947660446167
13976,27,1.1198532581329346
13977,25,0.8680778741836548
13978,22,0.46242082118988037
13979,18,0.031037211418151855
13980,22,0.4307054281234741
13981,18,0.0069252848625183105
13982,30,1.7129162549972534
13983,19,0.1185007095336914
13984,15,-0.36367881298065186
13985,22,0.4571549892425537
13986,22,0.43439650535583496
13987,24,0.7517489194869995
13988,18,0.03747683763504028
13989,22,0.4260561466217041
13990,17,-0.18303745985031128
13991,18,0.02353203296661377
13992,22,0.5067522525787354
13993,25,0.8460714817047119
13994,19,0.09237521886825562
13995,21,0.2994956970214844
13996,18,0.01846104860305786
13997,19,0.07298088073730469
13998,21,0.38776135444641113
13999,19,0.11631768941879272
14000,19,0.06375831365585327
14001,22,0.5060230493545532
14002,25,0.8943580389022827
14003,29,1.3538416624069214
14004,18,0.04219180345535278
14005,18,0.013498485088348389
14006,19,0.07505571842193604
14007,18,0.01697564125061035
14008,19,0.060506343841552734
14009,22,0.4552372694015503
14010,25,0.8887676000595093
14011,18,-0.0036422014236450195
14012,22,0.4889575242996216
14013,23,0.6205707788467407
14014,21,0.40923070907592773
14015,18,0.04206198453903198
14016,19,0.09275168180465698
14017,21,0.3799844980239868
14018,22,0.468533992767334
14019,18,0.010711610317230225
14020,19,0.08650517463684082
14021,19,0.11960995197296143
14022,22,0.49828314781188965
14023,26,0.9611787796020508
14024,24,0.7817809581756592
14025,18,0.020508944988250732
14026,28,1.2167853116989136
14027,18,0.03470510244369507
14028,19,0.0881454348564148
14029,25,0.842293381690979
14030,19,0.10027217864990234
14031,19,0.11367642879486084
14032,19,0.07200270891189575
14033,30,1.7104731798171997
14034,21,0.4133490324020386
14035,19,0.09492480754852295
14036,22,0.45407307147979736
14037,18,0.03207206726074219
14038,19,0.11359637975692749
14039,22,0.4210101366043091
14040,21,0.38232505321502686
14041,18,-0.03372621536254883
14042,19,0.05828094482421875
14043,22,0.4421558380126953
14044,19,0.06194174289703369
14045,21,0.40499961376190186
14046,21,0.39221906661987305
14047,18,-0.01779651641845703
14048,22,0.4890369176864624
14049,22,0.5201236009597778
14050,24,0.7108800411224365
14051,25,0.9184788465499878
14052,18,0.04827076196670532
14053,18,0.01017981767654419
14054,19,0.07901275157928467
14055,26,0.9901068210601807
14056,19,0.09229433536529541
14057,18,0.020513832569122314
14058,18,0.02459651231765747
14059,18,0.03483712673187256
14060,19,0.05980324745178223
14061,21,0.36419904232025146
14062,19,0.07222193479537964
14063,25,0.8682422637939453
14064,23,0.6751319169998169
14065,18,-0.01598590612411499
14066,19,0.10639399290084839
14067,19,0.06715166568756104
14068,19,0.08503580093383789
14069,18,0.020607471466064453
14070,26,0.9493304491043091
14071,13,-0.621785044670105
14072,25,0.8559629917144775
14073,18,0.03000706434249878
14074,19,0.08149629831314087
14075,25,0.8708992004394531
14076,18,0.033043503761291504
14077,18,0.03446894884109497
14078,19,0.08975744247436523
14079,19,0.07445842027664185
14080,22,0.4384380578994751
14081,19,0.07088357210159302
14082,24,0.8011418581008911
14083,24,0.7419751882553101
14084,18,0.008850276470184326
14085,18,0.03681480884552002
14086,30,1.719091534614563
14087,28,1.2519841194152832
14088,18,-0.0017623305320739746
14089,21,0.40573906898498535
14090,18,-0.006380259990692139
14091,21,0.39206576347351074
14092,24,0.8050390481948853
14093,25,0.8859020471572876
14094,22,0.4797961711883545
14095,19,0.08644425868988037
14096,24,0.7486196756362915
14097,19,0.06441068649291992
14098,18,0.01058053970336914
14099,21,0.3549232482910156
14100,29,1.5055204629898071
14101,19,0.10765677690505981
14102,24,0.7434449195861816
14103,24,0.7676125764846802
14104,18,0.00522381067276001
14105,19,0.0590742826461792
14106,25,0.8725029230117798
14107,22,0.48996853828430176
14108,26,0.9780348539352417
14109,22,0.48785996437072754
14110,24,0.817252516746521
14111,19,0.10071057081222534
14112,19,0.12280458211898804
14113,22,0.526253342628479
14114,19,0.08012509346008301
14115,22,0.4856523275375366
14116,19,0.07639819383621216
14117,19,0.08060377836227417
14118,19,0.11496520042419434
14119,25,0.8773961067199707
14120,21,0.4097088575363159
14121,22,0.4746894836425781
14122,22,0.4724690914154053
14123,24,0.81276535987854
14124,19,0.05745697021484375
14125,24,0.7619122266769409
14126,19,0.05418354272842407
14127,18,0.04356420040130615
14128,25,0.8192692995071411
14129,19,0.07982343435287476
14130,22,0.5186886787414551
14131,25,0.9362784624099731
14132,23,0.5882735252380371
14133,21,0.3152288794517517
14134,19,0.10330218076705933
14135,24,0.7623059749603271
14136,30,1.6501322984695435
14137,19,0.07391750812530518
14138,22,0.46544480323791504
14139,26,0.9966001510620117
14140,19,0.09163898229598999
14141,19,0.07964920997619629
14142,22,0.4694342613220215
14143,26,0.9796837568283081
14144,22,0.49617838859558105
14145,24,0.7213858366012573
14146,24,0.762701153755188
14147,19,0.11900830268859863
14148,22,0.4339001178741455
14149,19,0.08055591583251953
14150,19,0.09079539775848389
14151,19,0.05918806791305542
14152,22,0.4746272563934326
14153,26,1.0238467454910278
14154,24,0.7366935014724731
14155,22,0.5005288124084473
14156,19,0.09214407205581665
14157,19,0.0896996259689331
14158,23,0.5565711259841919
14159,21,0.30340147018432617
14160,29,1.4743748903274536
14161,25,0.9328035116195679
14162,19,0.0989534854888916
14163,19,0.09508615732192993
14164,19,0.08368843793869019
14165,19,0.09917271137237549
14166,25,0.8210384845733643
14167,21,0.4059267044067383
14168,22,0.43803906440734863
14169,23,0.6750102043151855
14170,25,0.9334274530410767
14171,22,0.4899793863296509
14172,19,0.12912112474441528
14173,17,-0.07059293985366821
14174,22,0.42749619483947754
14175,21,0.41184258460998535
14176,22,0.4732048511505127
14177,26,0.949851393699646
14178,30,1.8153871297836304
14179,19,0.07000833749771118
14180,19,0.1059144139289856
14181,19,0.0694587230682373
14182,24,0.7289761304855347
14183,23,0.5637474060058594
14184,22,0.44026899337768555
14185,22,0.5165148973464966
14186,25,0.8282146453857422
14187,19,0.07758688926696777
14188,18,0.011692941188812256
14189,19,0.09037071466445923
14190,23,0.6689819097518921
14191,27,1.091284155845642
14192,23,0.621780276298523
14193,19,0.08990252017974854
14194,18,0.04015392065048218
14195,27,1.1572421789169312
14196,24,0.8081225156784058
14197,25,0.8395113945007324
14198,19,0.10327225923538208
14199,24,0.7196540832519531
14200,23,0.5812231302261353
14201,25,0.8742785453796387
14202,18,0.0014327764511108398
14203,22,0.5167502164840698
14204,23,0.5997424125671387
14205,19,0.11051738262176514
14206,19,0.08320456743240356
14207,23,0.5915001630783081
14208,22,0.5088632106781006
14209,22,0.48209238052368164
14210,23,0.6111778020858765
14211,19,0.09559845924377441
14212,25,0.9443913698196411
14213,26,1.026467204093933
14214,24,0.7051154375076294
14215,19,0.08969765901565552
14216,19,0.06388914585113525
14217,24,0.7901597023010254
14218,19,0.0794258713722229
14219,18,0.013842344284057617
14220,22,0.4972018003463745
14221,22,0.48738789558410645
14222,18,0.04134601354598999
14223,22,0.4977604150772095
14224,30,1.641039490699768
14225,22,0.5019141435623169
14226,19,0.08265030384063721
14227,19,0.08845323324203491
14228,21,0.3581271171569824
14229,29,1.4016093015670776
14230,19,0.1271580457687378
14231,22,0.458774209022522
14232,27,1.09315025806427
14233,22,0.5040364265441895
14234,22,0.4632093906402588
14235,24,0.8083623647689819
14236,19,0.08876991271972656
14237,19,0.07434999942779541
14238,23,0.6701095104217529
14239,25,0.8634191751480103
14240,19,0.060080528259277344
14241,25,0.9159886837005615
14242,22,0.5275388956069946
14243,22,0.5378586053848267
14244,22,0.48491358757019043
14245,19,0.08320093154907227
14246,26,1.0155888795852661
14247,27,1.0947771072387695
14248,19,0.11213374137878418
14249,23,0.671452522277832
14250,25,0.8185222148895264
14251,23,0.637662410736084
14252,20,0.1774144172668457
14253,19,0.09476202726364136
14254,19,0.06995201110839844
14255,18,0.0116729736328125
14256,22,0.5250296592712402
14257,19,0.06119060516357422
14258,23,0.5742733478546143
14259,30,1.7025600671768188
14260,22,0.5100183486938477
14261,19,0.08397012948989868
14262,22,0.5035043954849243
14263,19,0.07320135831832886
14264,22,0.44576144218444824
14265,22,0.49327969551086426
14266,22,0.4650397300720215
14267,23,0.5651262998580933
14268,19,0.09045237302780151
14269,27,1.107362151145935
14270,25,0.9257605075836182
14271,19,0.08824074268341064
14272,23,0.5754538774490356
14273,18,0.045231401920318604
14274,19,0.1376517415046692
14275,19,0.10683697462081909
14276,22,0.5110806226730347
14277,22,0.4895719289779663
14278,19,0.08888024091720581
14279,19,0.05462092161178589
14280,23,0.6165488958358765
14281,26,1.0600671768188477
14282,28,1.3122377395629883
14283,22,0.49257946014404297
14284,19,0.13528984785079956
14285,19,0.09334099292755127
14286,19,0.11309152841567993
14287,18,0.04281437397003174
14288,25,0.8211334943771362
14289,22,0.4830930233001709
14290,19,0.10885101556777954
14291,19,0.08245950937271118
14292,22,0.4651210308074951
14293,19,0.10180968046188354
14294,18,0.02798306941986084
14295,19,0.12426787614822388
14296,20,0.1856851577758789
14297,22,0.5058246850967407
14298,19,0.10227596759796143
14299,22,0.48749804496765137
14300,30,1.5426181554794312
14301,29,1.3694852590560913
14302,20,0.19214391708374023
14303,29,1.4802829027175903
14304,22,0.5003231763839722
14305,19,0.1166413426399231
14306,19,0.08561420440673828
14307,19,0.06654602289199829
14308,23,0.5808334350585938
14309,19,0.13327902555465698
14310,25,0.9157977104187012
14311,24,0.8071749210357666
14312,23,0.5725808143615723
14313,19,0.11322051286697388
14314,27,1.0725862979888916
14315,19,0.06169182062149048
14316,26,0.9618098735809326
14317,23,0.6039148569107056
14318,23,0.5490599870681763
14319,19,0.15760773420333862
14320,19,0.0574379563331604
14321,25,0.8388035297393799
14322,25,0.8873099088668823
14323,18,0.04742848873138428
14324,19,0.06117802858352661
14325,29,1.4954417943954468
14326,22,0.4669238328933716
14327,19,0.11762386560440063
14328,22,0.5093439817428589
14329,23,0.5982130765914917
14330,27,1.0760414600372314
14331,23,0.6040511131286621
14332,22,0.4664137363433838
14333,19,0.08461898565292358
14334,19,0.13492894172668457
14335,22,0.4569281339645386
14336,19,0.0985785722732544
14337,19,0.09861767292022705
14338,25,0.9359498023986816
14339,22,0.5424337387084961
14340,25,0.8476098775863647
14341,18,0.03520780801773071
14342,19,0.08924400806427002
14343,22,0.45520949363708496
14344,19,0.13663643598556519
14345,22,0.5435408353805542
14346,22,0.498307466506958
14347,19,0.1189650297164917
14348,19,0.10221952199935913
14349,22,0.5397506952285767
14350,19,0.13925409317016602
14351,20,0.17323017120361328
14352,19,0.089199960231781
14353,19,0.08680194616317749
14354,19,0.06142914295196533
14355,18,0.046732306480407715
14356,19,0.06502068042755127
14357,19,0.11730396747589111
14358,19,0.1420665979385376
14359,27,1.11630380153656
14360,19,0.10365599393844604
14361,26,1.0519484281539917
14362,25,0.8596826791763306
14363,22,0.5405138731002808
14364,19,0.10238778591156006
14365,19,0.10031503438949585
14366,19,0.14964604377746582
14367,22,0.4411846399307251
14368,19,0.10795718431472778
14369,26,0.9834392070770264
14370,24,0.7822984457015991
14371,19,0.11501479148864746
14372,23,0.6640596389770508
14373,22,0.4939143657684326
14374,27,1.0848625898361206
14375,21,0.4102870225906372
14376,19,0.0969039797782898
14377,22,0.49272406101226807
14378,19,0.1217186450958252
14379,19,0.11562055349349976
14380,22,0.5416864156723022
14381,24,0.7872327566146851
14382,19,0.13227540254592896
14383,19,0.16629570722579956
14384,30,1.814264178276062
14385,29,1.5059221982955933
14386,24,0.7720102071762085
14387,19,0.12443184852600098
14388,23,0.5874286890029907
14389,22,0.4644230604171753
14390,27,1.1423894166946411
14391,23,0.580909013748169
14392,22,0.5403672456741333
14393,19,0.11410224437713623
14394,19,0.13433903455734253
14395,29,1.4550334215164185
14396,21,0.3978229761123657
14397,24,0.7768192291259766
14398,25,0.839522123336792
14399,26,1.0010193586349487
14400,24,0.797166109085083
14401,25,0.8716638088226318
14402,19,0.09987622499465942
14403,19,0.11232930421829224
14404,26,0.9712363481521606
14405,23,0.5594080686569214
14406,19,0.07093387842178345
14407,29,1.5366414785385132
14408,23,0.6561462879180908
14409,25,0.8418973684310913
14410,19,0.15130960941314697
14411,22,0.5192233324050903
14412,19,0.06889134645462036
14413,22,0.5222835540771484
14414,19,0.11246263980865479
14415,20,0.22745424509048462
14416,22,0.5237382650375366
14417,20,0.19053500890731812
14418,19,0.13686400651931763
14419,26,1.0193778276443481
14420,22,0.5149145126342773
14421,22,0.4969903230667114
14422,22,0.502895712852478
14423,24,0.8144229650497437
14424,19,0.14472126960754395
14425,19,0.1333889365196228
14426,19,0.12934178113937378
14427,19,0.14110374450683594
14428,20,0.17140191793441772
14429,19,0.10472184419631958
14430,19,0.13173222541809082
14431,22,0.4679661989212036
14432,24,0.7843880653381348
14433,20,0.17173540592193604
14434,22,0.48741471767425537
14435,25,0.894389271736145
14436,22,0.5239579677581787
14437,19,0.09232079982757568
14438,19,0.15191197395324707
14439,27,1.1276116371154785
14440,19,0.13660669326782227
14441,30,1.8302134275436401
14442,25,0.8961689472198486
14443,22,0.46912360191345215
14444,26,1.0509382486343384
14445,19,0.12730568647384644
14446,23,0.5556682348251343
14447,26,1.0484733581542969
14448,19,0.1411973237991333
14449,19,0.1353166103363037
14450,19,0.1563960313796997
14451,19,0.13995134830474854
14452,19,0.1395711898803711
14453,19,0.1147083044052124
14454,19,0.152920663356781
14455,22,0.4506514072418213
14456,23,0.5940295457839966
14457,19,0.09765976667404175
14458,19,0.15674740076065063
14459,23,0.6343225240707397
14460,19,0.14769786596298218
14461,23,0.6016148328781128
14462,19,0.15800172090530396
14463,19,0.11362975835800171
14464,22,0.5062308311462402
14465,19,0.15024256706237793
14466,19,0.1460009217262268
14467,25,0.9293572902679443
14468,30,1.662941336631775
14469,19,0.1315988302230835
14470,22,0.5234417915344238
14471,20,0.1774533987045288
14472,25,0.8365341424942017
14473,29,1.490979790687561
14474,24,0.8057799339294434
14475,19,0.07659977674484253
14476,23,0.6048200130462646
14477,22,0.4821563959121704
14478,19,0.13515633344650269
14479,24,0.806503415107727
14480,19,0.12692922353744507
14481,19,0.13479870557785034
14482,24,0.6986253261566162
14483,25,0.8469101190567017
14484,20,0.17441827058792114
14485,26,1.0241605043411255
14486,19,0.053936541080474854
14487,19,0.10246044397354126
14488,19,0.1460912823677063
14489,20,0.2188347578048706
14490,18,0.029153823852539062
14491,19,0.1423044204711914
14492,24,0.7585995197296143
14493,19,0.09282785654067993
14494,19,0.07518786191940308
14495,19,0.14456331729888916
14496,26,1.0410321950912476
14497,20,0.19522035121917725
14498,23,0.5970718860626221
14499,25,0.8697879314422607
14500,23,0.6385071277618408
14501,22,0.4963357448577881
14502,19,0.11016494035720825
14503,23,0.6555690765380859
14504,25,0.8686769008636475
14505,19,0.13958525657653809
14506,21,0.36603474617004395
14507,26,1.032936692237854
14508,20,0.1771816611289978
14509,26,1.0437560081481934
14510,23,0.5616034269332886
14511,30,1.721605896949768
14512,19,0.13111984729766846
14513,19,0.1416088342666626
14514,18,0.012916028499603271
14515,22,0.4952205419540405
14516,17,-0.13927364349365234
14517,25,0.9206206798553467
14518,25,0.8414385318756104
14519,19,0.16166990995407104
14520,19,0.14696061611175537
14521,20,0.19823384284973145
14522,22,0.5068546533584595
14523,23,0.6690987348556519
14524,23,0.6030100584030151
14525,25,0.871415376663208
14526,22,0.5235220193862915
14527,23,0.600845217704773
14528,23,0.6791503429412842
14529,23,0.5580118894577026
14530,19,0.1613072156906128
14531,20,0.1758912205696106
14532,23,0.6045868396759033
14533,26,1.0075165033340454
14534,28,1.2907499074935913
14535,22,0.5246717929840088
14536,23,0.6028144359588623
14537,19,0.14636093378067017
14538,25,0.8189189434051514
14539,19,0.16841590404510498
14540,20,0.2152845859527588
14541,23,0.569916844367981
14542,27,1.117171287536621
14543,23,0.6011037826538086
14544,25,0.9481159448623657
14545,19,0.16306138038635254
14546,19,0.17129063606262207
14547,25,0.9217822551727295
14548,19,0.13904476165771484
14549,23,0.6294741630554199
14550,22,0.45609867572784424
14551,19,0.12447524070739746
14552,19,0.14207881689071655
14553,19,0.1500234603881836
14554,30,1.78915536403656
14555,23,0.5680588483810425
14556,20,0.2491593360900879
14557,19,0.13682162761688232
14558,19,0.09517121315002441
14559,20,0.1778573989868164
14560,20,0.25669562816619873
14561,19,0.07912653684616089
14562,19,0.16077762842178345
14563,26,1.0709571838378906
14564,20,0.1746523380279541
14565,23,0.5625729560852051
14566,20,0.21295833587646484
14567,19,0.13745248317718506
14568,23,0.6742565631866455
14569,24,0.7293962240219116
14570,19,0.16506832838058472
14571,30,1.7339986562728882
14572,20,0.18626171350479126
14573,20,0.20984500646591187
14574,19,0.09405577182769775
14575,24,0.7786273956298828
14576,23,0.5658717155456543
14577,19,0.16649311780929565
14578,20,0.25147271156311035
14579,20,0.21983492374420166
14580,22,0.5009113550186157
14581,19,0.15456074476242065
14582,22,0.4674917459487915
14583,25,0.8202567100524902
14584,19,0.12861669063568115
14585,23,0.5698684453964233
14586,22,0.5474404096603394
14587,23,0.5582464933395386
14588,23,0.5824018716812134
14589,23,0.685470700263977
14590,19,0.09217309951782227
14591,19,0.07531893253326416
14592,23,0.6143593788146973
14593,22,0.5369695425033569
14594,23,0.5883643627166748
14595,19,0.13036245107650757
14596,19,0.10779637098312378
14597,29,1.3774336576461792
14598,23,0.5680133104324341
14599,20,0.21634727716445923
14600,19,0.11280393600463867
14601,29,1.4740177392959595
14602,23,0.5871975421905518
14603,22,0.5154883861541748
14604,20,0.25858908891677856
14605,19,0.12968826293945312
14606,19,0.10866981744766235
14607,28,1.2290847301483154
14608,20,0.17166250944137573
14609,20,0.1779206395149231
14610,20,0.18206262588500977
14611,23,0.5766967535018921
14612,20,0.23451876640319824
14613,20,0.17161929607391357
14614,25,0.8237720727920532
14615,22,0.541187047958374
14616,20,0.19422858953475952
14617,23,0.6029766798019409
14618,20,0.20365995168685913
14619,20,0.17174798250198364
14620,23,0.5863592624664307
14621,23,0.5926042795181274
14622,22,0.5432165861129761
14623,19,0.15080475807189941
14624,22,0.5182939767837524
14625,27,1.1470280885696411
14626,22,0.4781615734100342
14627,29,1.419634461402893
14628,23,0.5627319812774658
14629,19,0.1034812331199646
14630,20,0.21644020080566406
14631,22,0.4674851894378662
14632,23,0.6257745027542114
14633,22,0.4905741214752197
14634,25,0.8966299295425415
14635,24,0.6923704147338867
14636,22,0.5172829627990723
14637,25,0.8345426321029663
14638,23,0.594629168510437
14639,25,0.9332431554794312
14640,19,0.13257592916488647
14641,19,0.11385601758956909
14642,19,0.1348574161529541
14643,20,0.18099111318588257
14644,23,0.6217875480651855
14645,30,1.6162978410720825
14646,19,0.16205573081970215
14647,22,0.5262981653213501
14648,19,0.11755120754241943
14649,20,0.21198725700378418
14650,25,0.8629827499389648
14651,19,0.07617020606994629
14652,22,0.5487914085388184
14653,19,0.09023880958557129
14654,23,0.5977352857589722
14655,19,0.1393687129020691
14656,19,0.17042922973632812
14657,23,0.582107663154602
14658,20,0.2003781795501709
14659,26,0.9533597230911255
14660,23,0.6088545322418213
14661,30,1.869630217552185
14662,23,0.5715886354446411
14663,20,0.20707708597183228
14664,22,0.47838854789733887
14665,19,0.16862523555755615
14666,19,0.16802442073822021
14667,26,1.05697500705719
14668,20,0.2877460718154907
14669,20,0.21298742294311523
14670,19,0.12365883588790894
14671,25,0.8935813903808594
14672,22,0.5467473268508911
14673,19,0.1498144268989563
14674,23,0.590312123298645
14675,23,0.5537176132202148
14676,21,0.33320939540863037
14677,19,0.16819703578948975
14678,23,0.6444708108901978
14679,28,1.306430459022522
14680,19,0.1513376235961914
14681,25,0.9080104827880859
14682,19,0.15280801057815552
14683,19,0.12214213609695435
14684,19,0.14446890354156494
14685,23,0.6130921840667725
14686,20,0.18873286247253418
14687,20,0.2217801809310913
14688,19,0.08622574806213379
14689,29,1.375684380531311
14690,26,0.973612904548645
14691,23,0.5543272495269775
14692,19,0.12758970260620117
14693,25,0.8956966400146484
14694,24,0.731826901435852
14695,26,1.0112732648849487
14696,19,0.11712455749511719
14697,20,0.208318829536438
14698,20,0.17690443992614746
14699,28,1.2503151893615723
14700,23,0.5509932041168213
14701,19,0.16988950967788696
14702,20,0.21996235847473145
14703,22,0.5410724878311157
14704,19,0.16944199800491333
14705,25,0.8231184482574463
14706,27,1.1112078428268433
14707,19,0.07576107978820801
14708,19,0.15753746032714844
14709,19,0.12778598070144653
14710,19,0.1646331548690796
14711,20,0.18867111206054688
14712,23,0.5967028141021729
14713,19,0.07601690292358398
14714,25,0.9087954759597778
14715,19,0.10327517986297607
14716,19,0.12448889017105103
14717,23,0.5704805850982666
14718,23,0.5724453926086426
14719,19,0.1689847707748413
14720,19,0.16372555494308472
14721,20,0.1762879490852356
14722,20,0.29591119289398193
14723,24,0.80626380443573
14724,23,0.5654587745666504
14725,20,0.17753899097442627
14726,19,0.10630357265472412
14727,19,0.17058587074279785
14728,23,0.5644218921661377
14729,20,0.24419796466827393
14730,20,0.27419334650039673
14731,20,0.21536386013031006
14732,20,0.18789339065551758
14733,20,0.22993725538253784
14734,23,0.636099100112915
14735,18,0.030040323734283447
14736,27,1.1338942050933838
14737,30,1.571318507194519
14738,26,0.9867343902587891
14739,19,0.1558406949043274
14740,23,0.6161102056503296
14741,23,0.6777397394180298
14742,23,0.6559553146362305
14743,23,0.5682476758956909
14744,27,1.1130696535110474
14745,30,1.942689299583435
14746,20,0.1842709183692932
14747,20,0.19722968339920044
14748,23,0.5974569320678711
14749,23,0.6004177331924438
14750,20,0.20162075757980347
14751,22,0.4718489646911621
14752,27,1.1073628664016724
14753,25,0.8466479778289795
14754,23,0.5864315032958984
14755,20,0.19615459442138672
14756,20,0.23183435201644897
14757,23,0.6240872144699097
14758,20,0.26858556270599365
14759,23,0.652423620223999
14760,30,1.60163152217865
14761,25,0.9455538988113403
14762,23,0.6162724494934082
14763,20,0.19725334644317627
14764,23,0.5548290014266968
14765,20,0.183302640914917
14766,19,0.08703333139419556
14767,20,0.22019898891448975
14768,20,0.1961262822151184
14769,23,0.6289335489273071
14770,22,0.5395396947860718
14771,30,1.7406188249588013
14772,20,0.25572413206100464
14773,20,0.22231757640838623
14774,20,0.19711291790008545
14775,20,0.2613909840583801
14776,22,0.5177080631256104
14777,22,0.5481652021408081
14778,23,0.6208267211914062
14779,19,0.0875353217124939
14780,25,0.8791440725326538
14781,19,0.1541849970817566
14782,20,0.18048185110092163
14783,20,0.27074968814849854
14784,27,1.0944077968597412
14785,27,1.0843889713287354
14786,19,0.0636216402053833
14787,23,0.5804446935653687
14788,20,0.19969278573989868
14789,26,0.9525130987167358
14790,30,1.7628196477890015
14791,25,0.9005160331726074
14792,20,0.22981411218643188
14793,23,0.6323204040527344
14794,20,0.19899117946624756
14795,23,0.5876783132553101
14796,19,0.15616846084594727
14797,30,1.6156920194625854
14798,20,0.18397235870361328
14799,19,0.16342943906784058
14800,30,1.595011591911316
14801,20,0.2641044855117798
14802,23,0.6085952520370483
14803,25,0.9163088798522949
14804,26,1.0080515146255493
14805,22,0.5266038179397583
14806,24,0.7210134267807007
14807,19,0.10261690616607666
14808,25,0.9401171207427979
14809,23,0.5948598384857178
14810,26,0.955168604850769
14811,23,0.6226811408996582
14812,23,0.6570523977279663
14813,20,0.17718708515167236
14814,20,0.22426635026931763
14815,26,1.0691596269607544
14816,23,0.6366506814956665
14817,20,0.20526397228240967
14818,26,0.9584786891937256
14819,20,0.21566510200500488
14820,20,0.22547048330307007
14821,26,1.0528887510299683
14822,20,0.247425377368927
14823,20,0.17835432291030884
14824,24,0.7442593574523926
14825,19,0.1352289915084839
14826,21,0.31380629539489746
14827,23,0.6236950159072876
14828,25,0.8284024000167847
14829,23,0.5877559185028076
14830,19,0.13386332988739014
14831,23,0.6021735668182373
14832,23,0.5517489910125732
14833,19,0.15803039073944092
14834,23,0.5671449899673462
14835,23,0.5750224590301514
14836,20,0.18765801191329956
14837,20,0.2780575752258301
14838,27,1.0939754247665405
14839,27,1.1481389999389648
14840,20,0.19071471691131592
14841,19,0.16721636056900024
14842,20,0.17454266548156738
14843,20,0.21511977910995483
14844,20,0.19005346298217773
14845,20,0.17761164903640747
14846,23,0.5864561796188354
14847,20,0.18273073434829712
14848,19,0.13360589742660522
14849,26,1.0335220098495483
14850,20,0.20074188709259033
14851,24,0.7427060604095459
14852,20,0.2657502293586731
14853,19,0.13580650091171265
14854,26,0.9766665697097778
14855,19,0.17013537883758545
14856,25,0.8972059488296509
14857,20,0.22007542848587036
14858,26,0.9814330339431763
14859,23,0.6814754009246826
14860,24,0.7951674461364746
14861,19,0.14273643493652344
14862,30,1.5588442087173462
14863,20,0.24046480655670166
14864,20,0.1770113706588745
14865,26,0.9870753288269043
14866,30,1.7798036336898804
14867,19,0.10713934898376465
14868,24,0.7998814582824707
14869,23,0.6042619943618774
14870,23,0.6187052726745605
14871,27,1.1017136573791504
14872,23,0.5625061988830566
14873,23,0.6392354965209961
14874,20,0.22389286756515503
14875,24,0.7595458030700684
14876,23,0.6569584608078003
14877,23,0.5764919519424438
14878,19,0.13742876052856445
14879,23,0.6542630195617676
14880,20,0.278589129447937
14881,23,0.5889633893966675
14882,20,0.18999886512756348
14883,20,0.21570312976837158
14884,23,0.6144721508026123
14885,23,0.6298637390136719
14886,23,0.5997759103775024
14887,24,0.7155189514160156
14888,23,0.6067172288894653
14889,23,0.6475511789321899
14890,20,0.23123091459274292
14891,23,0.5838321447372437
14892,23,0.6185787916183472
14893,23,0.6080362796783447
14894,27,1.1563522815704346
14895,27,1.0756629705429077
14896,20,0.19293171167373657
14897,21,0.31935936212539673
14898,20,0.20902466773986816
14899,25,0.9356049299240112
14900,23,0.6227179765701294
14901,27,1.162629246711731
14902,23,0.5756522417068481
14903,23,0.6028927564620972
14904,20,0.2460312843322754
14905,20,0.1944655179977417
14906,24,0.8106716871261597
14907,23,0.5833967924118042
14908,23,0.5964541435241699
14909,24,0.6872044801712036
14910,20,0.2455464005470276
14911,24,0.7244908809661865
14912,25,0.8947935104370117
14913,19,0.14485710859298706
14914,20,0.19374620914459229
14915,22,0.4834076166152954
14916,26,1.0387197732925415
14917,23,0.5810881853103638
14918,20,0.20584487915039062
14919,20,0.21758735179901123
14920,19,0.12802380323410034
14921,20,0.29379600286483765
14922,20,0.2734604477882385
14923,20,0.21004289388656616
14924,27,1.11564302444458
14925,20,0.19549328088760376
14926,20,0.20598232746124268
14927,27,1.0739158391952515
14928,25,0.8385730981826782
14929,20,0.22290581464767456
14930,30,1.7509483098983765
14931,20,0.22058802843093872
14932,27,1.1423031091690063
14933,23,0.604334831237793
14934,20,0.26033759117126465
14935,20,0.1848466992378235
14936,20,0.20287448167800903
14937,23,0.6486824750900269
14938,23,0.5576804876327515
14939,24,0.7452411651611328
14940,23,0.6105868816375732
14941,23,0.6580661535263062
14942,23,0.6597360372543335
14943,25,0.9204394817352295
14944,20,0.2009691596031189
14945,26,1.0645211935043335
14946,25,0.8800522089004517
14947,26,1.0276113748550415
14948,20,0.2266864776611328
14949,23,0.5682607889175415
14950,20,0.20285427570343018
14951,19,0.13770443201065063
14952,19,0.1667826771736145
14953,24,0.7176573276519775
14954,23,0.6640927791595459
14955,20,0.21681290864944458
14956,26,1.0038965940475464
14957,26,1.0213242769241333
14958,23,0.6633803844451904
14959,19,0.1294790506362915
14960,20,0.24870401620864868
14961,22,0.5445321798324585
14962,19,0.16122108697891235
14963,26,0.9760327339172363
14964,23,0.574039101600647
14965,20,0.29269373416900635
14966,28,1.199374794960022
14967,23,0.5875569581985474
14968,26,1.0710958242416382
14969,23,0.6052258014678955
14970,20,0.18917983770370483
14971,26,0.9854564666748047
14972,23,0.6337823867797852
14973,20,0.2128005027770996
14974,23,0.5840529203414917
14975,20,0.2327120304107666
14976,23,0.6683154106140137
14977,23,0.6793755292892456
14978,22,0.4714127779006958
14979,29,1.4841450452804565
14980,20,0.17613005638122559
14981,26,0.9918615818023682
14982,20,0.26654982566833496
14983,25,0.8587630987167358
14984,26,1.0281598567962646
14985,23,0.5893661975860596
14986,30,1.7811673879623413
14987,20,0.2198324203491211
14988,25,0.9299118518829346
14989,30,1.7549368143081665
14990,26,0.9602041244506836
14991,24,0.6894077062606812
14992,23,0.6343866586685181
14993,20,0.22600215673446655
14994,23,0.6742026805877686
14995,20,0.19991183280944824
14996,24,0.8036981821060181
14997,25,0.9439171552658081
14998,19,0.1341102123260498
14999,27,1.1260349750518799
15000,27,1.1640807390213013
15001,19,0.13711965084075928
15002,20,0.18890362977981567
15003,23,0.5871306657791138
15004,23,0.6539410352706909
15005,20,0.2234783172607422
15006,20,0.23783236742019653
15007,27,1.0871151685714722
15008,20,0.20918262004852295
15009,20,0.21723437309265137
15010,23,0.6605730056762695
15011,20,0.2225932478904724
15012,20,0.23472458124160767
15013,23,0.6487417221069336
15014,23,0.6326082944869995
15015,24,0.7139538526535034
15016,23,0.633986234664917
15017,28,1.2648111581802368
15018,20,0.2510337829589844
15019,23,0.6770775318145752
15020,29,1.5249193906784058
15021,20,0.24751204252243042
15022,24,0.8090566396713257
15023,23,0.6223633289337158
15024,20,0.20171427726745605
15025,20,0.28983765840530396
15026,21,0.3160739541053772
15027,20,0.24959737062454224
15028,23,0.6159085035324097
15029,30,1.6582804918289185
15030,30,1.7095383405685425
15031,25,0.9016691446304321
15032,23,0.6418331861495972
15033,20,0.25375813245773315
15034,30,1.8432255983352661
15035,19,0.10730975866317749
15036,23,0.6120750904083252
15037,24,0.7018735408782959
15038,20,0.23151201009750366
15039,27,1.1305794715881348
15040,20,0.24515396356582642
15041,20,0.23494768142700195
15042,25,0.9354989528656006
15043,23,0.6789259910583496
15044,23,0.6421996355056763
15045,20,0.1939295530319214
15046,24,0.6988233327865601
15047,20,0.2580568194389343
15048,19,0.16084152460098267
15049,30,1.7637919187545776
15050,20,0.2649252414703369
15051,20,0.2713022232055664
15052,26,0.9515011310577393
15053,25,0.9278295040130615
15054,27,1.0798267126083374
15055,20,0.2536262273788452
15056,28,1.2609484195709229
15057,20,0.25312089920043945
15058,20,0.19967621564865112
15059,20,0.26714062690734863
15060,24,0.7206844091415405
15061,20,0.21003687381744385
15062,19,0.13741856813430786
15063,20,0.25322335958480835
15064,20,0.25817233324050903
15065,20,0.23808109760284424
15066,20,0.25463271141052246
15067,24,0.7479782104492188
15068,27,1.1890032291412354
15069,23,0.6551984548568726
15070,21,0.29917722940444946
15071,23,0.6395313739776611
15072,27,1.085607647895813
15073,23,0.609370231628418
15074,23,0.6798985004425049
15075,27,1.0843955278396606
15076,24,0.7944175004959106
15077,20,0.2588648796081543
15078,21,0.326077938079834
15079,28,1.3246365785598755
15080,30,1.685115933418274
15081,20,0.26640498638153076
15082,23,0.6055116653442383
15083,24,0.7822558879852295
15084,23,0.6195724010467529
15085,20,0.17730236053466797
15086,30,1.6791373491287231
15087,23,0.6601799726486206
15088,20,0.2949814200401306
15089,20,0.20509010553359985
15090,24,0.759610652923584
15091,26,1.023596167564392
15092,29,1.3717607259750366
15093,23,0.5790039300918579
15094,20,0.2829055190086365
15095,20,0.2849729657173157
15096,26,0.9830291271209717
15097,22,0.5338553190231323
15098,27,1.1193971633911133
15099,24,0.764338493347168
15100,23,0.6404787302017212
15101,24,0.7400922775268555
15102,27,1.1038458347320557
15103,23,0.61181640625
15104,20,0.2817455530166626
15105,20,0.28805267810821533
15106,30,1.6890376806259155
15107,20,0.2095819115638733
15108,24,0.7370301485061646
15109,23,0.6606031656265259
15110,26,1.0510705709457397
15111,20,0.22962844371795654
15112,20,0.24012678861618042
15113,20,0.25778210163116455
15114,19,0.16367048025131226
15115,21,0.30038702487945557
15116,23,0.5900341272354126
15117,20,0.2284301519393921
15118,23,0.6344977617263794
15119,20,0.2632049322128296
15120,20,0.28123676776885986
15121,20,0.2136806845664978
15122,25,0.9247000217437744
15123,26,0.9852011203765869
15124,28,1.2488468885421753
15125,24,0.7428725957870483
15126,23,0.6736817359924316
15127,30,1.6436201333999634
15128,24,0.7039600610733032
15129,23,0.6424992084503174
15130,23,0.6416385173797607
15131,20,0.22869938611984253
15132,23,0.6367777585983276
15133,21,0.3027943968772888
15134,20,0.19194382429122925
15135,21,0.31159883737564087
15136,24,0.6946930885314941
15137,20,0.22098469734191895
15138,21,0.30057793855667114
15139,20,0.23564070463180542
15140,20,0.20363783836364746
15141,26,0.9985908269882202
15142,23,0.6494121551513672
15143,20,0.2601720690727234
15144,30,1.8225046396255493
15145,25,0.9137899875640869
15146,23,0.6045838594436646
15147,25,0.8838002681732178
15148,30,1.697736144065857
15149,20,0.19487380981445312
15150,21,0.3054385781288147
15151,25,0.9356924295425415
15152,26,1.0587828159332275
15153,21,0.30452316999435425
15154,23,0.5974066257476807
15155,20,0.2966960668563843
15156,23,0.6741901636123657
15157,26,1.0511282682418823
15158,23,0.6722608804702759
15159,25,0.8596792221069336
15160,26,0.9590067863464355
15161,20,0.24200963973999023
15162,26,1.0493850708007812
15163,23,0.5761950016021729
15164,20,0.2643418312072754
15165,27,1.1454066038131714
15166,23,0.64444899559021
15167,24,0.7471660375595093
15168,26,0.9912898540496826
15169,27,1.1032460927963257
15170,20,0.2906801700592041
15171,24,0.7037208080291748
15172,24,0.7157316207885742
15173,20,0.24857282638549805
15174,23,0.6726055145263672
15175,20,0.21934562921524048
15176,25,0.8596923351287842
15177,20,0.24007576704025269
15178,23,0.6197857856750488
15179,24,0.7340770959854126
15180,23,0.6595169305801392
15181,23,0.5568921566009521
15182,20,0.24537009000778198
15183,26,0.9718071222305298
15184,20,0.24977916479110718
15185,25,0.8355286121368408
15186,20,0.25062793493270874
15187,23,0.6618949174880981
15188,23,0.6184357404708862
15189,24,0.6949182748794556
15190,20,0.24649131298065186
15191,20,0.1714766025543213
15192,26,0.972764253616333
15193,23,0.6057776212692261
15194,20,0.25652432441711426
15195,23,0.6327276229858398
15196,20,0.21800363063812256
15197,24,0.717801570892334
15198,22,0.49303102493286133
15199,26,0.9864770174026489
15200,20,0.29534047842025757
15201,16,-0.3004790246486664
15202,24,0.699547529220581
15203,24,0.7406381368637085
15204,23,0.6471284627914429
15205,23,0.6763443946838379
15206,18,-0.040989041328430176
15207,25,0.8994505405426025
15208,20,0.25215083360671997
15209,20,0.26988279819488525
15210,20,0.24681127071380615
15211,24,0.711227536201477
15212,28,1.3294342756271362
15213,20,0.2739841938018799
15214,20,0.28511637449264526
15215,20,0.276705265045166
15216,24,0.7413326501846313
15217,26,1.0390907526016235
15218,24,0.8070108890533447
15219,20,0.2893260717391968
15220,20,0.27150487899780273
15221,21,0.33620166778564453
15222,23,0.6341999769210815
15223,20,0.25441116094589233
15224,21,0.3026987910270691
15225,20,0.18951797485351562
15226,20,0.24667829275131226
15227,20,0.25286275148391724
15228,23,0.6794939041137695
15229,23,0.67131507396698
15230,25,0.8647047281265259
15231,25,0.9298664331436157
15232,21,0.35045838356018066
15233,21,0.29746323823928833
15234,20,0.29247432947158813
15235,23,0.6113394498825073
15236,22,0.5105396509170532
15237,28,1.257508635520935
15238,21,0.3044049143791199
15239,21,0.3151410222053528
15240,30,1.8616207838058472
15241,26,1.0630208253860474
15242,23,0.6337589025497437
15243,25,0.9033905267715454
15244,20,0.2767847180366516
15245,20,0.27569258213043213
15246,20,0.2928921580314636
15247,20,0.29385846853256226
15248,23,0.6264619827270508
15249,19,0.16011124849319458
15250,21,0.31105172634124756
15251,25,0.9490089416503906
15252,23,0.5793074369430542
15253,24,0.7316862344741821
15254,20,0.2565387487411499
15255,23,0.6590720415115356
15256,28,1.2450885772705078
15257,27,1.0738533735275269
15258,26,1.008650302886963
15259,27,1.186118483543396
15260,23,0.6419925689697266
15261,25,0.9238489866256714
15262,20,0.2814725637435913
15263,28,1.2736762762069702
15264,25,0.8462996482849121
15265,23,0.654904842376709
15266,27,1.146320104598999
15267,28,1.2784022092819214
15268,30,1.5889405012130737
15269,24,0.709770679473877
15270,20,0.25528180599212646
15271,22,0.4212489128112793
15272,20,0.2225435972213745
15273,21,0.31463849544525146
15274,25,0.891510009765625
15275,20,0.2793242335319519
15276,21,0.30577248334884644
15277,26,1.0632747411727905
15278,28,1.2085309028625488
15279,21,0.3126320242881775
15280,21,0.3380340337753296
15281,23,0.6553878784179688
15282,26,1.000943899154663
15283,20,0.22046756744384766
15284,23,0.6123975515365601
15285,23,0.6849408149719238
15286,24,0.7203342914581299
15287,23,0.6545733213424683
15288,25,0.8602633476257324
15289,25,0.8291914463043213
15290,26,1.0391566753387451
15291,20,0.24574124813079834
15292,20,0.25543731451034546
15293,23,0.6803234815597534
15294,21,0.3015415072441101
15295,20,0.22341835498809814
15296,21,0.3021649718284607
15297,23,0.6145311594009399
15298,30,1.8014501333236694
15299,20,0.2064293622970581
15300,24,0.7245204448699951
15301,24,0.743537425994873
15302,24,0.7551397085189819
15303,20,0.2759990692138672
15304,30,1.7915631532669067
15305,21,0.3277764320373535
15306,20,0.2700590491294861
15307,25,0.9254337549209595
15308,24,0.7441573143005371
15309,24,0.724793553352356
15310,23,0.6151101589202881
15311,20,0.2828025221824646
15312,23,0.6849974393844604
15313,24,0.8029264211654663
15314,20,0.22939527034759521
15315,30,1.7510024309158325
15316,24,0.7240151166915894
15317,20,0.22417336702346802
15318,20,0.2901182174682617
15319,20,0.2871866822242737
15320,23,0.6536431312561035
15321,21,0.3189242482185364
15322,24,0.7062013149261475
15323,20,0.29223060607910156
15324,23,0.6460269689559937
15325,23,0.6757162809371948
15326,20,0.28535521030426025
15327,21,0.30323106050491333
15328,20,0.2876388430595398
15329,20,0.2967982292175293
15330,24,0.7680912017822266
15331,20,0.21062809228897095
15332,21,0.38987505435943604
15333,24,0.764193058013916
15334,21,0.32947397232055664
15335,21,0.3035622239112854
15336,26,0.9720933437347412
15337,24,0.7134132385253906
15338,20,0.23804640769958496
15339,24,0.8044642210006714
15340,20,0.2797545790672302
15341,20,0.26694589853286743
15342,21,0.3403892517089844
15343,23,0.6426243782043457
15344,20,0.23203295469284058
15345,24,0.7095613479614258
15346,20,0.2582840919494629
15347,20,0.23568344116210938
15348,24,0.7970435619354248
15349,24,0.7335294485092163
15350,21,0.32677602767944336
15351,21,0.30503296852111816
15352,21,0.3212173581123352
15353,22,0.5142112970352173
15354,26,1.044208288192749
15355,23,0.6055941581726074
15356,20,0.20801109075546265
15357,27,1.0945769548416138
15358,24,0.6914194822311401
15359,22,0.4888293743133545
15360,25,0.8365893363952637
15361,26,0.9887419939041138
15362,24,0.7172039747238159
15363,23,0.6297973394393921
15364,23,0.6070119142532349
15365,23,0.6638177633285522
15366,21,0.31714946031570435
15367,24,0.7043102979660034
15368,20,0.24597972631454468
15369,21,0.3013901710510254
15370,20,0.2764616012573242
15371,20,0.18046236038208008
15372,24,0.6919105052947998
15373,20,0.26769763231277466
15374,21,0.310818612575531
15375,24,0.691433310508728
15376,26,1.0391920804977417
15377,19,0.10305845737457275
15378,24,0.6942338943481445
15379,24,0.6864159107208252
15380,21,0.3057680130004883
15381,24,0.7293787002563477
15382,20,0.26890885829925537
15383,28,1.325386881828308
15384,26,1.0385805368423462
15385,30,1.9573701620101929
15386,27,1.1793392896652222
15387,27,1.0994110107421875
15388,20,0.24288517236709595
15389,20,0.2922394871711731
15390,20,0.22777897119522095
15391,20,0.17388421297073364
15392,24,0.6936690807342529
15393,16,-0.22067376971244812
15394,24,0.7522847652435303
15395,20,0.27541953325271606
15396,26,0.9525454044342041
15397,21,0.3081178665161133
15398,24,0.6868306398391724
15399,24,0.6932250261306763
15400,24,0.7169368267059326
15401,24,0.7064661979675293
15402,20,0.269626259803772
15403,30,1.8784281015396118
15404,21,0.3235732913017273
15405,26,0.9893292188644409
15406,30,1.6157549619674683
15407,24,0.6858073472976685
15408,25,0.8896677494049072
15409,23,0.6833024024963379
15410,20,0.25616878271102905
15411,24,0.7503441572189331
15412,26,1.0040264129638672
15413,21,0.3461737632751465
15414,26,0.9523241519927979
15415,24,0.7924038171768188
15416,25,0.9472947120666504
15417,24,0.7654356956481934
15418,20,0.2403286099433899
15419,23,0.6691620349884033
15420,23,0.6718610525131226
15421,26,0.9845627546310425
15422,30,1.6529539823532104
15423,30,1.5755337476730347
15424,20,0.2557540535926819
15425,20,0.2231442928314209
15426,28,1.2700122594833374
15427,26,0.9871813058853149
15428,26,1.0668805837631226
15429,24,0.7825514078140259
15430,25,0.8361274003982544
15431,21,0.3023761510848999
15432,23,0.6504684686660767
15433,20,0.26161396503448486
15434,23,0.6626377105712891
15435,24,0.743989109992981
15436,20,0.27269673347473145
15437,26,1.0467886924743652
15438,25,0.8802560567855835
15439,23,0.665000319480896
15440,23,0.6288464069366455
15441,24,0.694355845451355
15442,24,0.7236616611480713
15443,23,0.5661258697509766
15444,24,0.8154246807098389
15445,23,0.6246111392974854
15446,30,1.5538221597671509
15447,24,0.7211774587631226
15448,25,0.9414151906967163
15449,30,1.7832111120224
15450,23,0.6278222799301147
15451,29,1.4076939821243286
15452,21,0.3209391236305237
15453,24,0.6956255435943604
15454,24,0.7036569118499756
15455,21,0.308929443359375
15456,24,0.787808895111084
15457,20,0.22719258069992065
15458,23,0.6723371744155884
15459,23,0.5797631740570068
15460,27,1.0755311250686646
15461,24,0.7844070196151733
15462,21,0.37157344818115234
15463,20,0.22864770889282227
15464,24,0.7201714515686035
15465,27,1.1693599224090576
15466,21,0.3825587034225464
15467,24,0.7437770366668701
15468,26,0.9705449342727661
15469,25,0.9425718784332275
15470,24,0.7188433408737183
15471,17,-0.06891775131225586
15472,21,0.36222589015960693
15473,26,1.0479644536972046
15474,24,0.6982607841491699
15475,24,0.7079285383224487
15476,21,0.35598254203796387
15477,20,0.21442055702209473
15478,29,1.357146143913269
15479,23,0.6660932302474976
15480,30,1.8225303888320923
15481,24,0.8058080673217773
15482,25,0.9422661066055298
15483,30,1.931282639503479
15484,28,1.3383508920669556
15485,24,0.6993070840835571
15486,27,1.1618798971176147
15487,20,0.22160136699676514
15488,20,0.24123167991638184
15489,20,0.2237534523010254
15490,26,1.0443586111068726
15491,23,0.6639595031738281
15492,20,0.19674819707870483
15493,21,0.3889511823654175
15494,26,1.040369987487793
15495,29,1.3600198030471802
15496,21,0.31471681594848633
15497,26,0.960121750831604
15498,21,0.31287747621536255
15499,26,0.9513490200042725
15500,26,1.0178557634353638
15501,19,0.07547682523727417
15502,21,0.320040762424469
15503,21,0.33368122577667236
15504,24,0.7373614311218262
15505,25,0.8942646980285645
15506,21,0.31561988592147827
15507,24,0.756365180015564
15508,20,0.25899040699005127
15509,26,0.9600619077682495
15510,27,1.1405894756317139
15511,24,0.7273461818695068
15512,21,0.3335627317428589
15513,30,1.7388120889663696
15514,21,0.31759166717529297
15515,26,0.9860250949859619
15516,24,0.6888632774353027
15517,28,1.3013455867767334
15518,21,0.3197280168533325
15519,21,0.31331682205200195
15520,21,0.33565330505371094
15521,23,0.6471409797668457
15522,30,1.5933769941329956
15523,23,0.6840662956237793
15524,21,0.31277185678482056
15525,21,0.333060622215271
15526,23,0.6597338914871216
15527,27,1.1174569129943848
15528,20,0.2509276270866394
15529,27,1.0828217267990112
15530,25,0.9204455614089966
15531,21,0.4135991334915161
15532,19,0.1627354621887207
15533,21,0.31890904903411865
15534,21,0.31242430210113525
15535,30,1.9261292219161987
15536,21,0.34571945667266846
15537,25,0.8862122297286987
15538,24,0.7052463293075562
15539,22,0.41897571086883545
15540,24,0.703542947769165
15541,21,0.3052216172218323
15542,30,1.7071715593338013
15543,21,0.30986839532852173
15544,21,0.3303936719894409
15545,24,0.7814110517501831
15546,21,0.3475562334060669
15547,20,0.2941703200340271
15548,24,0.7620240449905396
15549,14,-0.5233151912689209
15550,20,0.24138200283050537
15551,24,0.7505273818969727
15552,20,0.28537940979003906
15553,27,1.1983813047409058
15554,24,0.7277029752731323
15555,23,0.6780271530151367
15556,21,0.3449690341949463
15557,29,1.406506896018982
15558,28,1.2236535549163818
15559,21,0.353573203086853
15560,21,0.33572888374328613
15561,21,0.3154614567756653
15562,20,0.2882425785064697
15563,21,0.3270606994628906
15564,20,0.2945249080657959
15565,27,1.08847177028656
15566,24,0.7044416666030884
15567,20,0.2680157423019409
15568,25,0.8845738172531128
15569,23,0.6795363426208496
15570,21,0.35138821601867676
15571,21,0.3075736165046692
15572,26,1.0400246381759644
15573,24,0.7637053728103638
15574,27,1.1052244901657104
15575,24,0.8000755310058594
15576,26,1.0643867254257202
15577,24,0.7128099203109741
15578,27,1.1915876865386963
15579,26,1.043274164199829
15580,23,0.6824073791503906
15581,21,0.3132053017616272
15582,21,0.4111675024032593
15583,21,0.30768632888793945
15584,20,0.29021215438842773
15585,23,0.6850724220275879
15586,21,0.3226720094680786
15587,20,0.2628288269042969
15588,21,0.3481929302215576
15589,24,0.798101544380188
15590,27,1.167502760887146
15591,24,0.7601840496063232
15592,21,0.32426655292510986
15593,25,0.9351176023483276
15594,30,1.5765913724899292
15595,24,0.6939626932144165
15596,21,0.3496586084365845
15597,24,0.7991987466812134
15598,21,0.3586549758911133
15599,24,0.7845802307128906
15600,24,0.7085591554641724
15601,21,0.33455049991607666
15602,21,0.3628857135772705
15603,28,1.2390997409820557
15604,21,0.3878124952316284
15605,21,0.31476742029190063
15606,19,0.1555691361427307
15607,21,0.36462509632110596
15608,21,0.386249303817749
15609,24,0.7669731378555298
15610,21,0.36639082431793213
15611,24,0.7307612895965576
15612,26,1.013264775276184
15613,20,0.2315586805343628
15614,25,0.8953225612640381
15615,21,0.3027353286743164
15616,20,0.2856748104095459
15617,21,0.30578792095184326
15618,23,0.6795616149902344
15619,27,1.1863044500350952
15620,21,0.35094988346099854
15621,21,0.35104238986968994
15622,24,0.7804723978042603
15623,24,0.8002371788024902
15624,23,0.6677956581115723
15625,24,0.713062047958374
15626,24,0.7001376152038574
15627,30,1.8796800374984741
15628,21,0.374320387840271
15629,27,1.1056644916534424
15630,21,0.3520996570587158
15631,24,0.6975258588790894
15632,21,0.3054828643798828
15633,21,0.2984012961387634
15634,21,0.31759893894195557
15635,20,0.2535645365715027
15636,24,0.685763955116272
15637,25,0.9422266483306885
15638,24,0.7383003234863281
15639,20,0.2926962971687317
15640,24,0.732919454574585
15641,21,0.39268338680267334
15642,22,0.4195404052734375
15643,20,0.2922343611717224
15644,24,0.7483361959457397
15645,21,0.33261990547180176
15646,30,1.8258599042892456
15647,24,0.7114193439483643
15648,27,1.162221074104309
15649,27,1.1339426040649414
15650,27,1.1437697410583496
15651,27,1.1285423040390015
15652,21,0.3560408353805542
15653,26,0.9994726181030273
15654,27,1.0847736597061157
15655,21,0.3509180545806885
15656,21,0.41148996353149414
15657,23,0.6518791913986206
15658,26,1.0632308721542358
15659,24,0.7478082180023193
15660,25,0.821683406829834
15661,24,0.7830778360366821
15662,21,0.3539923429489136
15663,20,0.28413957357406616
15664,25,0.9371904134750366
15665,25,0.8473349809646606
15666,26,1.0437347888946533
15667,21,0.3381495475769043
15668,21,0.3177061080932617
15669,21,0.33997678756713867
15670,24,0.7851822376251221
15671,25,0.9366186857223511
15672,27,1.1280683279037476
15673,27,1.1777832508087158
15674,26,0.9735751152038574
15675,29,1.4089797735214233
15676,27,1.0835590362548828
15677,24,0.7523831129074097
15678,24,0.7821542024612427
15679,23,0.6640958786010742
15680,24,0.6894053220748901
15681,28,1.339896559715271
15682,26,0.9606410264968872
15683,27,1.1938554048538208
15684,23,0.6626313924789429
15685,21,0.3464787006378174
15686,24,0.7365940809249878
15687,24,0.8037129640579224
15688,21,0.3587745428085327
15689,24,0.7205592393875122
15690,20,0.2901548743247986
15691,21,0.34317195415496826
15692,24,0.7496012449264526
15693,27,1.0750956535339355
15694,28,1.2328020334243774
15695,27,1.1312084197998047
15696,24,0.7553987503051758
15697,21,0.39482998847961426
15698,24,0.7147891521453857
15699,27,1.126369833946228
15700,27,1.0907505750656128
15701,27,1.0779759883880615
15702,27,1.0903613567352295
15703,24,0.7561025619506836
15704,21,0.40994203090667725
15705,30,1.592211365699768
15706,24,0.7868877649307251
15707,27,1.149405837059021
15708,21,0.3305712938308716
15709,21,0.3381730318069458
15710,24,0.7718745470046997
15711,20,0.25247615575790405
15712,21,0.3273053765296936
15713,21,0.3175141215324402
15714,24,0.7043842077255249
15715,23,0.6158276796340942
15716,30,1.6465131044387817
15717,30,1.5665589570999146
15718,26,1.037293553352356
15719,21,0.303899347782135
15720,21,0.3157007098197937
15721,21,0.3682612180709839
15722,21,0.37439775466918945
15723,24,0.7519696950912476
15724,21,0.35630738735198975
15725,21,0.33907580375671387
15726,27,1.1964372396469116
15727,26,0.9547970294952393
15728,25,0.9195410013198853
15729,21,0.3729010820388794
15730,28,1.2036093473434448
15731,24,0.7802108526229858
15732,27,1.1152944564819336
15733,21,0.34016168117523193
15734,25,0.9388442039489746
15735,21,0.33866894245147705
15736,27,1.09465491771698
15737,20,0.23004037141799927
15738,26,0.9691206216812134
15739,21,0.3584573268890381
15740,24,0.7539241313934326
15741,26,0.9811203479766846
15742,20,0.291755735874176
15743,21,0.3495422601699829
15744,26,1.0516769886016846
15745,27,1.1117446422576904
15746,25,0.9382041692733765
15747,21,0.39249205589294434
15748,21,0.34292638301849365
15749,24,0.773330807685852
15750,21,0.38718998432159424
15751,24,0.7403662204742432
15752,21,0.4054698944091797
15753,21,0.3633235692977905
15754,24,0.7231945991516113
15755,21,0.35772573947906494
15756,21,0.3437306880950928
15757,24,0.7109755277633667
15758,21,0.39918673038482666
15759,26,0.9831728935241699
15760,26,1.067664384841919
15761,27,1.1908951997756958
15762,21,0.3845318555831909
15763,21,0.3397185802459717
15764,21,0.37437522411346436
15765,26,0.9556010961532593
15766,24,0.7732930183410645
15767,21,0.3109785318374634
15768,21,0.34102606773376465
15769,28,1.228459119796753
15770,24,0.7889842987060547
15771,24,0.7669941186904907
15772,26,0.9997681379318237
15773,28,1.3099992275238037
15774,26,1.0564252138137817
15775,25,0.9254529476165771
15776,29,1.3695050477981567
15777,27,1.08901846408844
15778,26,0.9703599214553833
15779,24,0.7903536558151245
15780,28,1.207089900970459
15781,24,0.753921627998352
15782,30,1.671115756034851
15783,24,0.7086936235427856
15784,21,0.3413732051849365
15785,24,0.6948543787002563
15786,24,0.766788125038147
15787,23,0.6830089092254639
15788,21,0.31239408254623413
15789,24,0.7461103200912476
15790,24,0.757293701171875
15791,21,0.3397083282470703
15792,24,0.7462574243545532
15793,20,0.26077377796173096
15794,27,1.083200216293335
15795,21,0.33724117279052734
15796,21,0.377732515335083
15797,20,0.2729915380477905
15798,24,0.69097900390625
15799,24,0.7769551277160645
15800,24,0.814435601234436
15801,24,0.7951862812042236
15802,24,0.802878737449646
15803,21,0.37386107444763184
15804,21,0.3832108974456787
15805,28,1.2427916526794434
15806,27,1.1420245170593262
15807,21,0.34163451194763184
15808,21,0.36665380001068115
15809,27,1.1438237428665161
15810,21,0.3478742837905884
15811,21,0.4027034044265747
15812,26,1.016663908958435
15813,25,0.8771804571151733
15814,26,1.0378278493881226
15815,30,1.6927720308303833
15816,24,0.8018923997879028
15817,22,0.4568384885787964
15818,26,0.9925938844680786
15819,26,1.005574345588684
15820,21,0.3726961612701416
15821,28,1.287039875984192
15822,26,1.0092804431915283
15823,27,1.104792833328247
15824,30,1.653006911277771
15825,22,0.4192030429840088
15826,21,0.3393357992172241
15827,30,1.7450844049453735
15828,21,0.34533238410949707
15829,21,0.4142407178878784
15830,21,0.392220139503479
15831,27,1.1178638935089111
15832,23,0.6847012042999268
15833,21,0.3722269535064697
15834,24,0.7705273628234863
15835,24,0.770918607711792
15836,21,0.37277770042419434
15837,24,0.7475557327270508
15838,27,1.0811824798583984
15839,24,0.7903594970703125
15840,21,0.3901015520095825
15841,23,0.5824002027511597
15842,22,0.47173142433166504
15843,26,1.0543372631072998
15844,20,0.2625734210014343
15845,24,0.7371580600738525
15846,24,0.7435333728790283
15847,27,1.185609221458435
15848,21,0.3545961380004883
15849,23,0.6246902942657471
15850,24,0.7614318132400513
15851,20,0.2578158974647522
15852,26,0.9826375246047974
15853,24,0.7733445167541504
15854,24,0.7244318723678589
15855,21,0.41375792026519775
15856,20,0.2927890419960022
15857,24,0.7942372560501099
15858,24,0.7802218198776245
15859,21,0.39977097511291504
15860,22,0.4292227029800415
15861,26,1.0149188041687012
15862,25,0.9292036294937134
15863,25,0.8227375745773315
15864,25,0.9193837642669678
15865,28,1.3163586854934692
15866,21,0.32490015029907227
15867,27,1.1303187608718872
15868,21,0.36414635181427
15869,21,0.35357213020324707
15870,26,0.9908393621444702
15871,26,1.030361294746399
15872,20,0.27529239654541016
15873,21,0.33305466175079346
15874,20,0.29615074396133423
15875,21,0.40081560611724854
15876,29,1.3661035299301147
15877,24,0.6968166828155518
15878,21,0.31647390127182007
15879,25,0.9464044570922852
15880,21,0.37338173389434814
15881,27,1.1343019008636475
15882,26,1.0469096899032593
15883,27,1.1393343210220337
15884,25,0.8355313539505005
15885,27,1.117350459098816
15886,21,0.35129785537719727
15887,24,0.7510218620300293
15888,21,0.3691587448120117
15889,21,0.3644448518753052
15890,21,0.3416266441345215
15891,26,1.0276628732681274
15892,23,0.6785256862640381
15893,25,0.8227173089981079
15894,27,1.178794264793396
15895,21,0.3545379638671875
15896,21,0.3171369433403015
15897,21,0.35122454166412354
15898,21,0.38736462593078613
15899,21,0.3927525281906128
15900,21,0.4068644046783447
15901,27,1.1278316974639893
15902,21,0.29864275455474854
15903,29,1.433676838874817
15904,25,0.8214883804321289
15905,21,0.38181746006011963
15906,24,0.7767107486724854
15907,21,0.34640491008758545
15908,21,0.3951122760772705
15909,20,0.2919018864631653
15910,27,1.179002046585083
15911,25,0.8842899799346924
15912,21,0.32767534255981445
15913,30,1.7153910398483276
15914,29,1.3757890462875366
15915,14,-0.5424528121948242
15916,24,0.7998150587081909
15917,27,1.1248962879180908
15918,21,0.3041906952857971
15919,28,1.2580759525299072
15920,29,1.467389464378357
15921,24,0.7715620994567871
15922,20,0.2813689112663269
15923,30,1.9173392057418823
15924,22,0.4461923837661743
15925,21,0.3479984998703003
15926,26,1.0105258226394653
15927,24,0.780418872833252
15928,21,0.40265071392059326
15929,27,1.1001217365264893
15930,24,0.8133765459060669
15931,25,0.8652868270874023
15932,21,0.3063400983810425
15933,21,0.41249048709869385
15934,21,0.37076103687286377
15935,21,0.3904592990875244
15936,22,0.4438016414642334
15937,21,0.38852202892303467
15938,24,0.7934669256210327
15939,21,0.35439765453338623
15940,25,0.8364349603652954
15941,24,0.756847620010376
15942,24,0.8156644105911255
15943,21,0.346449613571167
15944,30,1.8123759031295776
15945,28,1.2693113088607788
15946,26,1.010643482208252
15947,21,0.38875412940979004
15948,21,0.34174656867980957
15949,22,0.4370812177658081
15950,24,0.7986640930175781
15951,22,0.42257022857666016
15952,26,0.9598273038864136
15953,22,0.46543455123901367
15954,27,1.0796812772750854
15955,24,0.7568567991256714
15956,22,0.4889305830001831
15957,24,0.7835315465927124
15958,25,0.8612362146377563
15959,21,0.37060439586639404
15960,25,0.8856854438781738
15961,25,0.8357903957366943
15962,21,0.39174795150756836
15963,28,1.2103514671325684
15964,24,0.7519930601119995
15965,24,0.8053475618362427
15966,21,0.3843313455581665
15967,25,0.8311425447463989
15968,21,0.377760648727417
15969,28,1.2150987386703491
15970,21,0.3648192882537842
15971,27,1.1424050331115723
15972,28,1.2588796615600586
15973,25,0.8856426477432251
15974,22,0.4181649684906006
15975,25,0.8253251314163208
15976,23,0.6780967712402344
15977,28,1.2314708232879639
15978,28,1.267146348953247
15979,21,0.34274041652679443
15980,21,0.3950068950653076
15981,24,0.7285776138305664
15982,22,0.41808485984802246
15983,30,1.8375900983810425
15984,21,0.31858551502227783
15985,21,0.4129995107650757
15986,26,1.0314522981643677
15987,30,1.9662829637527466
15988,21,0.33251142501831055
15989,21,0.4075886011123657
15990,27,1.1067570447921753
15991,16,-0.2458946406841278
15992,22,0.4436379671096802
15993,24,0.7412277460098267
15994,27,1.1847333908081055
15995,21,0.3878004550933838
15996,24,0.7122769355773926
15997,21,0.3372284173965454
15998,25,0.9200831651687622
15999,25,0.8247698545455933
16000,25,0.8316009044647217
16001,22,0.4425537586212158
16002,26,1.0503793954849243
16003,22,0.4257725477218628
16004,22,0.43407249450683594
16005,22,0.4682348966598511
16006,25,0.8333301544189453
16007,24,0.7539167404174805
16008,28,1.2570021152496338
16009,27,1.1227847337722778
16010,22,0.4377560615539551
16011,21,0.3565709590911865
16012,24,0.8069076538085938
16013,30,1.7554007768630981
16014,22,0.45111680030822754
16015,21,0.3933035135269165
16016,21,0.37091386318206787
16017,21,0.3667556047439575
16018,25,0.8229451179504395
16019,24,0.7385373115539551
16020,27,1.1451871395111084
16021,24,0.8133238554000854
16022,25,0.8346781730651855
16023,27,1.1111239194869995
16024,27,1.0818878412246704
16025,24,0.8057013750076294
16026,22,0.4453853368759155
16027,22,0.42391061782836914
16028,29,1.5288864374160767
16029,22,0.42994511127471924
16030,30,1.6405459642410278
16031,25,0.8231770992279053
16032,21,0.3730301856994629
16033,21,0.37037205696105957
16034,21,0.40880095958709717
16035,21,0.3124304413795471
16036,23,0.6817905902862549
16037,27,1.1235836744308472
16038,24,0.8045939207077026
16039,22,0.44644856452941895
16040,25,0.839547872543335
16041,26,0.9907665252685547
16042,27,1.1776660680770874
16043,27,1.1139708757400513
16044,21,0.3520395755767822
16045,22,0.4339888095855713
16046,25,0.8704524040222168
16047,25,0.9418436288833618
16048,25,0.857528567314148
16049,24,0.7918641567230225
16050,24,0.7605794668197632
16051,22,0.46752607822418213
16052,28,1.26544988155365
16053,25,0.8503358364105225
16054,22,0.4410676956176758
16055,21,0.3271477222442627
16056,21,0.4048198461532593
16057,30,1.6323248147964478
16058,22,0.43418824672698975
16059,30,1.8271158933639526
16060,22,0.4840409755706787
16061,24,0.7089170217514038
16062,24,0.7895379066467285
16063,26,1.0331218242645264
16064,22,0.4354887008666992
16065,21,0.39913296699523926
16066,21,0.37457239627838135
16067,24,0.7609968185424805
16068,21,0.3845334053039551
16069,26,1.0629504919052124
16070,25,0.8288577795028687
16071,21,0.384993314743042
16072,30,1.7964359521865845
16073,26,0.9797996282577515
16074,22,0.4239083528518677
16075,22,0.45847976207733154
16076,22,0.43963587284088135
16077,22,0.45655930042266846
16078,21,0.3574638366699219
16079,28,1.2374829053878784
16080,21,0.38386571407318115
16081,25,0.8241399526596069
16082,24,0.7749959230422974
16083,21,0.399599552154541
16084,21,0.3754831552505493
16085,21,0.38681960105895996
16086,22,0.46029162406921387
16087,28,1.2096352577209473
16088,28,1.259138822555542
16089,25,0.8482365608215332
16090,27,1.1312201023101807
16091,21,0.37605953216552734
16092,26,1.0143556594848633
16093,22,0.43223094940185547
16094,30,1.8007832765579224
16095,22,0.4282989501953125
16096,25,0.9224225282669067
16097,22,0.48881399631500244
16098,25,0.8378831148147583
16099,22,0.44043779373168945
16100,27,1.1112470626831055
16101,25,0.8319149017333984
16102,25,0.8718051910400391
16103,25,0.8337481021881104
16104,21,0.33215320110321045
16105,25,0.8641605377197266
16106,25,0.8563219308853149
16107,22,0.4474668502807617
16108,29,1.4156430959701538
16109,24,0.8015639781951904
16110,28,1.2434413433074951
16111,22,0.4574331045150757
16112,25,0.8313101530075073
16113,21,0.40627360343933105
16114,21,0.41194427013397217
16115,21,0.29787009954452515
16116,30,1.6917821168899536
16117,25,0.8925948143005371
16118,30,1.5876661539077759
16119,27,1.1955231428146362
16120,25,0.8849503993988037
16121,21,0.41398417949676514
16122,22,0.46665310859680176
16123,21,0.3939584493637085
16124,21,0.3727133274078369
16125,22,0.4172849655151367
16126,24,0.8101263046264648
16127,25,0.8255982398986816
16128,28,1.2653170824050903
16129,25,0.8684186935424805
16130,21,0.4148280620574951
16131,24,0.7684164047241211
16132,28,1.2832874059677124
16133,25,0.8318943977355957
16134,22,0.4741053581237793
16135,20,0.20914632081985474
16136,25,0.8264063596725464
16137,22,0.5029047727584839
16138,21,0.3154526352882385
16139,27,1.1321206092834473
16140,22,0.4676225185394287
16141,24,0.8064332008361816
16142,21,0.36438632011413574
16143,22,0.4442816972732544
16144,22,0.42243528366088867
16145,27,1.192033290863037
16146,25,0.8681942224502563
16147,22,0.44058334827423096
16148,25,0.8184261322021484
16149,22,0.4593755006790161
16150,30,1.756445050239563
16151,28,1.1998701095581055
16152,21,0.4070611000061035
16153,21,0.4076343774795532
16154,22,0.42562174797058105
16155,22,0.475896954536438
16156,25,0.8918589353561401
16157,22,0.4395029544830322
16158,25,0.9426122903823853
16159,24,0.7745305299758911
16160,27,1.0883076190948486
16161,20,0.26685190200805664
16162,22,0.4231044054031372
16163,25,0.8856549263000488
16164,22,0.4396052360534668
16165,24,0.8171097040176392
16166,27,1.1740366220474243
16167,24,0.8129462003707886
16168,28,1.2086530923843384
16169,24,0.8071200847625732
16170,25,0.8201310634613037
16171,21,0.35107362270355225
16172,25,0.8400406837463379
16173,30,1.5713187456130981
16174,21,0.3334035873413086
16175,27,1.1808018684387207
16176,24,0.8053313493728638
16177,25,0.9307894706726074
16178,25,0.8325730562210083
16179,22,0.48151731491088867
16180,21,0.35628581047058105
16181,22,0.4801546335220337
16182,21,0.35098743438720703
16183,22,0.48272788524627686
16184,24,0.7838667631149292
16185,29,1.4205142259597778
16186,22,0.47815918922424316
16187,24,0.7765779495239258
16188,28,1.209024429321289
16189,20,0.2901906371116638
16190,28,1.2619954347610474
16191,25,0.8196101188659668
16192,24,0.812872052192688
16193,24,0.817711591720581
16194,28,1.3287348747253418
16195,22,0.46349382400512695
16196,30,1.8195773363113403
16197,22,0.469032883644104
16198,30,1.9109631776809692
16199,21,0.3924107551574707
16200,25,0.8800168037414551
16201,30,1.7278121709823608
16202,24,0.8002399206161499
16203,21,0.3496675491333008
16204,24,0.8013796806335449
16205,24,0.8102824687957764
16206,30,1.7832087278366089
16207,27,1.130058765411377
16208,24,0.780426025390625
16209,22,0.490344762802124
16210,21,0.39868414402008057
16211,22,0.4515949487686157
16212,25,0.9435770511627197
16213,26,1.0706982612609863
16214,30,1.8598629236221313
16215,22,0.4367105960845947
16216,25,0.8286944627761841
16217,28,1.259031891822815
16218,24,0.7821553945541382
16219,22,0.49009668827056885
16220,25,0.8659385442733765
16221,25,0.8513368368148804
16222,21,0.3943901062011719
16223,28,1.2860928773880005
16224,24,0.8106973171234131
16225,23,0.551976203918457
16226,23,0.5711942911148071
16227,25,0.9341814517974854
16228,24,0.7751455307006836
16229,21,0.3798724412918091
16230,22,0.4605715274810791
16231,25,0.8941154479980469
16232,25,0.9020006656646729
16233,26,1.06915283203125
16234,29,1.4465605020523071
16235,25,0.8414244651794434
16236,26,1.0166500806808472
16237,27,1.1240355968475342
16238,24,0.7985703945159912
16239,25,0.8637006282806396
16240,30,1.5499087572097778
16241,27,1.1033135652542114
16242,28,1.2027190923690796
16243,21,0.38451051712036133
16244,21,0.3867316246032715
16245,25,0.8742434978485107
16246,30,1.7125898599624634
16247,21,0.3852494955062866
16248,27,1.1857718229293823
16249,25,0.8864898681640625
16250,27,1.113453984260559
16251,22,0.46152639389038086
16252,27,1.1417152881622314
16253,27,1.1710625886917114
16254,25,0.9216638803482056
16255,24,0.8176131248474121
16256,25,0.9072327613830566
16257,22,0.44728076457977295
16258,22,0.48583710193634033
16259,24,0.7239079475402832
16260,30,1.590488314628601
16261,25,0.8413375616073608
16262,22,0.4320739507675171
16263,24,0.7944920063018799
16264,25,0.8184893131256104
16265,25,0.8802720308303833
16266,22,0.49430787563323975
16267,22,0.43880796432495117
16268,30,1.6511059999465942
16269,25,0.868529200553894
16270,26,0.9853918552398682
16271,25,0.8483604192733765
16272,29,1.4894355535507202
16273,27,1.1792463064193726
16274,22,0.46713685989379883
16275,27,1.1664425134658813
16276,26,0.9619110822677612
16277,22,0.4488118886947632
16278,22,0.41809940338134766
16279,29,1.511447787284851
16280,20,0.2871286869049072
16281,22,0.4494539499282837
16282,22,0.46892035007476807
16283,25,0.9090441465377808
16284,22,0.43821632862091064
16285,27,1.082274317741394
16286,24,0.8157774209976196
16287,22,0.4287835359573364
16288,21,0.35400354862213135
16289,21,0.4020177125930786
16290,22,0.4651336669921875
16291,21,0.35080111026763916
16292,24,0.7758971452713013
16293,25,0.9131351709365845
16294,25,0.8288334608078003
16295,24,0.8097755908966064
16296,22,0.4252117872238159
16297,22,0.4535369873046875
16298,27,1.1372346878051758
16299,30,1.5847615003585815
16300,28,1.2598762512207031
16301,30,1.7904521226882935
16302,22,0.5053915977478027
16303,25,0.8588227033615112
16304,22,0.46396899223327637
16305,22,0.48219621181488037
16306,25,0.85593581199646
16307,25,0.9063707590103149
16308,22,0.4730989933013916
16309,25,0.8809605836868286
16310,22,0.46508491039276123
16311,25,0.8540517091751099
16312,22,0.5081672668457031
16313,24,0.8045777082443237
16314,21,0.4110112190246582
16315,25,0.9126180410385132
16316,27,1.1711461544036865
16317,21,0.3452416658401489
16318,21,0.3816225528717041
16319,25,0.8323163986206055
16320,21,0.40920186042785645
16321,24,0.8020401000976562
16322,25,0.8589617013931274
16323,22,0.4384404420852661
16324,22,0.45363378524780273
16325,29,1.5173755884170532
16326,25,0.8235718011856079
16327,22,0.4974633455276489
16328,24,0.7895452976226807
16329,21,0.3521721363067627
16330,22,0.4226623773574829
16331,22,0.47488462924957275
16332,24,0.8027881383895874
16333,25,0.8865225315093994
16334,21,0.40785205364227295
16335,27,1.1184296607971191
16336,22,0.44664430618286133
16337,28,1.2886064052581787
16338,25,0.8178669214248657
16339,21,0.3776872158050537
16340,25,0.8930113315582275
16341,25,0.8916373252868652
16342,22,0.462577223777771
16343,22,0.5232361555099487
16344,22,0.47151994705200195
16345,30,1.8370097875595093
16346,22,0.5164506435394287
16347,25,0.8627933263778687
16348,22,0.4315621852874756
16349,25,0.8929691314697266
16350,22,0.5022159814834595
16351,25,0.8577464818954468
16352,25,0.8314694166183472
16353,22,0.46656227111816406
16354,25,0.839472770690918
16355,26,1.030349612236023
16356,21,0.3494412899017334
16357,22,0.45308470726013184
16358,22,0.45390868186950684
16359,27,1.1488081216812134
16360,24,0.800413966178894
16361,21,0.395236611366272
16362,24,0.7885054349899292
16363,28,1.2203222513198853
16364,28,1.2267125844955444
16365,29,1.3949872255325317
16366,22,0.4862344264984131
16367,24,0.789020299911499
16368,22,0.49990224838256836
16369,22,0.4673779010772705
16370,21,0.3122562766075134
16371,25,0.8384122848510742
16372,22,0.41799938678741455
16373,27,1.137591004371643
16374,25,0.8388190269470215
16375,28,1.2335189580917358
16376,25,0.8908812999725342
16377,22,0.5455367565155029
16378,25,0.8778643608093262
16379,22,0.4587669372558594
16380,22,0.4263538122177124
16381,30,1.577206015586853
16382,22,0.4499039649963379
16383,27,1.1425602436065674
16384,28,1.3117854595184326
16385,22,0.47662878036499023
16386,28,1.303701639175415
16387,25,0.8473052978515625
16388,24,0.7224442958831787
16389,26,0.9524166584014893
16390,25,0.880912184715271
16391,25,0.9012278318405151
16392,30,1.9043766260147095
16393,27,1.1744829416275024
16394,30,1.5421570539474487
16395,22,0.5221099853515625
16396,25,0.9213135242462158
16397,30,1.910709261894226
16398,24,0.7446475028991699
16399,25,0.8411802053451538
16400,22,0.4666253328323364
16401,22,0.48862242698669434
16402,21,0.404247522354126
16403,25,0.8778342008590698
16404,27,1.1446139812469482
16405,22,0.5097860097885132
16406,22,0.41998398303985596
16407,25,0.8775264024734497
16408,22,0.48439323902130127
16409,25,0.8817756175994873
16410,25,0.8955790996551514
16411,28,1.3279215097427368
16412,22,0.49350976943969727
16413,30,1.8145233392715454
16414,26,1.0407456159591675
16415,27,1.1592669486999512
16416,28,1.3510950803756714
16417,25,0.8608916997909546
16418,21,0.37746453285217285
16419,22,0.5040202140808105
16420,22,0.44751930236816406
16421,22,0.483894944190979
16422,25,0.8779608011245728
16423,25,0.8918815851211548
16424,30,1.8272699117660522
16425,29,1.3933550119400024
16426,30,1.8194612264633179
16427,26,0.9685444831848145
16428,29,1.3654619455337524
16429,26,1.0399364233016968
16430,22,0.4504607915878296
16431,24,0.7764551639556885
16432,22,0.48875439167022705
16433,22,0.47698652744293213
16434,22,0.44463348388671875
16435,25,0.8811956644058228
16436,22,0.510893702507019
16437,28,1.2113789319992065
16438,30,1.8570626974105835
16439,30,1.5728551149368286
16440,28,1.2671177387237549
16441,22,0.47372519969940186
16442,25,0.8975105285644531
16443,22,0.503587007522583
16444,27,1.0824891328811646
16445,23,0.5755019187927246
16446,25,0.8308578729629517
16447,25,0.9138966798782349
16448,27,1.1875193119049072
16449,25,0.8919516801834106
16450,25,0.8703961372375488
16451,23,0.5509599447250366
16452,26,0.9819598197937012
16453,21,0.4002339839935303
16454,21,0.37247729301452637
16455,26,1.0427837371826172
16456,28,1.2645587921142578
16457,25,0.8237314224243164
16458,22,0.47375500202178955
16459,25,0.9292759895324707
16460,25,0.9081360101699829
16461,28,1.2177133560180664
16462,22,0.5060408115386963
16463,21,0.37718403339385986
16464,22,0.4356957674026489
16465,27,1.1624071598052979
16466,22,0.4836679697036743
16467,22,0.5176684856414795
16468,23,0.5562738180160522
16469,22,0.5327080488204956
16470,26,0.9933884143829346
16471,25,0.8399442434310913
16472,22,0.5122551918029785
16473,22,0.46484899520874023
16474,27,1.1149332523345947
16475,25,0.8652814626693726
16476,22,0.4536789655685425
16477,24,0.8148772716522217
16478,30,1.5974713563919067
16479,22,0.5047503709793091
16480,29,1.409690260887146
16481,26,0.9921451807022095
16482,25,0.864858865737915
16483,22,0.5121341943740845
16484,28,1.2465717792510986
16485,25,0.8889728784561157
16486,21,0.3887220621109009
16487,27,1.1737769842147827
16488,25,0.9064902067184448
16489,25,0.8857057094573975
16490,22,0.47181129455566406
16491,28,1.3261849880218506
16492,21,0.40780627727508545
16493,22,0.4534265995025635
16494,22,0.41879796981811523
16495,22,0.4917452335357666
16496,28,1.318576693534851
16497,27,1.1068767309188843
16498,30,1.9151517152786255
16499,26,1.071292519569397
16500,22,0.4959455728530884
16501,27,1.1972533464431763
16502,28,1.2360339164733887
16503,22,0.524856686592102
16504,26,0.9514080286026001
16505,28,1.3506273031234741
16506,25,0.8284249305725098
16507,27,1.1813786029815674
16508,22,0.5208783149719238
16509,25,0.8516069650650024
16510,22,0.42108726501464844
16511,22,0.5424865484237671
16512,24,0.7817400693893433
16513,25,0.8901225328445435
16514,27,1.1244093179702759
16515,22,0.4731982946395874
16516,21,0.39282500743865967
16517,25,0.9483654499053955
16518,22,0.4734485149383545
16519,25,0.9079277515411377
16520,22,0.5250146389007568
16521,22,0.5378696918487549
16522,26,1.0363519191741943
16523,26,1.0295534133911133
16524,25,0.8692395687103271
16525,28,1.259281873703003
16526,27,1.1979591846466064
16527,26,1.03434157371521
16528,25,0.8790342807769775
16529,25,0.9314717054367065
16530,22,0.5049526691436768
16531,22,0.4985072612762451
16532,25,0.8778290748596191
16533,27,1.1565369367599487
16534,22,0.4700125455856323
16535,22,0.5048555135726929
16536,23,0.5615707635879517
16537,30,1.8692718744277954
16538,22,0.4615919589996338
16539,26,1.0146780014038086
16540,26,0.9817050695419312
16541,22,0.4685114622116089
16542,27,1.1261365413665771
16543,22,0.5219416618347168
16544,28,1.2770565748214722
16545,28,1.3089003562927246
16546,27,1.1624737977981567
16547,22,0.5431737899780273
16548,25,0.9291757345199585
16549,22,0.48333632946014404
16550,22,0.4866894483566284
16551,25,0.9256578683853149
16552,22,0.5230098962783813
16553,22,0.47428858280181885
16554,22,0.4968535900115967
16555,25,0.9011063575744629
16556,25,0.9178731441497803
16557,22,0.4442901611328125
16558,25,0.9220929145812988
16559,25,0.9291417598724365
16560,27,1.0874732732772827
16561,22,0.48929643630981445
16562,22,0.5089341402053833
16563,22,0.5281761884689331
16564,22,0.5274642705917358
16565,25,0.8360117673873901
16566,22,0.5254440307617188
16567,25,0.8947935104370117
16568,25,0.8830567598342896
16569,22,0.46082794666290283
16570,28,1.199774980545044
16571,22,0.4944019317626953
16572,27,1.1338824033737183
16573,28,1.3232332468032837
16574,25,0.9033291339874268
16575,30,1.8748010396957397
16576,25,0.9446254968643188
16577,22,0.4975186586380005
16578,22,0.542866587638855
16579,23,0.5749422311782837
16580,28,1.2869179248809814
16581,28,1.2513389587402344
16582,25,0.8473950624465942
16583,27,1.1364293098449707
16584,27,1.1920006275177002
16585,25,0.8916966915130615
16586,22,0.48312175273895264
16587,27,1.1742879152297974
16588,22,0.4546397924423218
16589,25,0.8692262172698975
16590,29,1.503682255744934
16591,25,0.8608453273773193
16592,27,1.0884346961975098
16593,22,0.5288845300674438
16594,25,0.9323337078094482
16595,22,0.4702082872390747
16596,27,1.1850528717041016
16597,25,0.8870493173599243
16598,30,1.714758038520813
16599,25,0.900612473487854
16600,25,0.8566359281539917
16601,23,0.5638563632965088
16602,22,0.5379036664962769
16603,22,0.5446909666061401
16604,29,1.4419971704483032
16605,25,0.8917104005813599
16606,25,0.8884433507919312
16607,26,1.0260980129241943
16608,26,0.9685992002487183
16609,25,0.912865400314331
16610,25,0.8962583541870117
16611,22,0.5228250026702881
16612,25,0.881772518157959
16613,22,0.5138665437698364
16614,25,0.9386683702468872
16615,22,0.5115000009536743
16616,29,1.4097756147384644
16617,25,0.9308451414108276
16618,28,1.2064642906188965
16619,26,0.9543144702911377
16620,22,0.5073364973068237
16621,28,1.2616872787475586
16622,23,0.5680080652236938
16623,28,1.2746104001998901
16624,25,0.9088141918182373
16625,25,0.9249217510223389
16626,27,1.183952808380127
16627,28,1.2834538221359253
16628,28,1.3076995611190796
16629,23,0.6117551326751709
16630,27,1.0997604131698608
16631,25,0.868167519569397
16632,25,0.9003479480743408
16633,25,0.9482252597808838
16634,22,0.5164463520050049
16635,22,0.5431132316589355
16636,22,0.4681283235549927
16637,29,1.3536206483840942
16638,22,0.5219374895095825
16639,22,0.47538304328918457
16640,26,1.0694947242736816
16641,22,0.48917901515960693
16642,26,0.986007571220398
16643,22,0.4547123908996582
16644,27,1.1625343561172485
16645,28,1.3526114225387573
16646,30,1.7978185415267944
16647,28,1.2880676984786987
16648,22,0.5297716856002808
16649,28,1.256251573562622
16650,22,0.5240397453308105
16651,21,0.3902866840362549
16652,22,0.4461097717285156
16653,23,0.5830059051513672
16654,30,1.6111980676651
16655,28,1.2601213455200195
16656,25,0.9031369686126709
16657,30,1.7196561098098755
16658,21,0.4013528823852539
16659,22,0.48337244987487793
16660,26,1.0077848434448242
16661,25,0.9056373834609985
16662,22,0.5326992273330688
16663,25,0.9044492244720459
16664,28,1.2777210474014282
16665,29,1.4400821924209595
16666,23,0.5568275451660156
16667,23,0.5607715845108032
16668,28,1.2610445022583008
16669,28,1.2679210901260376
16670,25,0.8889589309692383
16671,27,1.1271774768829346
16672,27,1.1288663148880005
16673,22,0.5248793363571167
16674,27,1.1498363018035889
16675,23,0.5650932788848877
16676,28,1.243640422821045
16677,23,0.5498405694961548
16678,25,0.8945518732070923
16679,25,0.9097658395767212
16680,25,0.8995709419250488
16681,27,1.105298638343811
16682,27,1.1045113801956177
16683,28,1.287977695465088
16684,25,0.8998969793319702
16685,25,0.9142824411392212
16686,30,1.7432109117507935
16687,27,1.1332147121429443
16688,27,1.1599680185317993
16689,23,0.5518407821655273
16690,27,1.1154862642288208
16691,22,0.502447247505188
16692,21,0.3022080659866333
16693,25,0.8886996507644653
16694,22,0.4922788143157959
16695,22,0.5371402502059937
16696,22,0.4269372224807739
16697,30,1.7880417108535767
16698,26,1.0559495687484741
16699,26,0.9703060388565063
16700,23,0.5509756803512573
16701,22,0.47073304653167725
16702,22,0.5336443185806274
16703,22,0.5423438549041748
16704,30,1.6919890642166138
16705,22,0.5311634540557861
16706,28,1.2870136499404907
16707,26,1.0168557167053223
16708,22,0.4990638494491577
16709,26,0.9496712684631348
16710,23,0.6248089075088501
16711,22,0.5319464206695557
16712,22,0.5417400598526001
16713,26,0.9773597717285156
16714,26,0.99006187915802
16715,29,1.4149531126022339
16716,22,0.526726484298706
16717,26,1.0408287048339844
16718,26,0.9713057279586792
16719,23,0.5625220537185669
16720,27,1.184622883796692
16721,23,0.587986946105957
16722,23,0.5709404945373535
16723,22,0.5226733684539795
16724,26,1.0491199493408203
16725,27,1.1567126512527466
16726,25,0.9093714952468872
16727,29,1.3683091402053833
16728,22,0.5483285188674927
16729,26,1.0434690713882446
16730,23,0.5543099641799927
16731,29,1.36166512966156
16732,22,0.5208276510238647
16733,22,0.45742928981781006
16734,22,0.49835193157196045
16735,22,0.5214964151382446
16736,26,0.964667558670044
16737,26,0.9630833864212036
16738,22,0.5124746561050415
16739,28,1.2287346124649048
16740,25,0.9073772430419922
16741,23,0.5497398376464844
16742,22,0.4988929033279419
16743,25,0.8774268627166748
16744,25,0.9028441905975342
16745,22,0.5098912715911865
16746,28,1.2209938764572144
16747,26,1.0086681842803955
16748,25,0.9457517862319946
16749,22,0.5183560848236084
16750,20,0.26242488622665405
16751,22,0.5443401336669922
16752,22,0.5146273374557495
16753,22,0.5483922958374023
16754,22,0.4316314458847046
16755,25,0.8859606981277466
16756,25,0.9080591201782227
16757,25,0.8431990146636963
16758,22,0.5229101181030273
16759,26,1.0032089948654175
16760,28,1.3181947469711304
16761,25,0.9390968084335327
16762,28,1.3434759378433228
16763,22,0.5056917667388916
16764,29,1.4565831422805786
16765,26,0.9509478807449341
16766,26,0.9720044136047363
16767,22,0.541601300239563
16768,26,0.9537928104400635
16769,28,1.3078776597976685
16770,25,0.9363527297973633
16771,22,0.4503992795944214
16772,28,1.3111414909362793
16773,25,0.9093484878540039
16774,25,0.896864652633667
16775,27,1.120105504989624
16776,22,0.469818115234375
16777,22,0.5254600048065186
16778,26,0.9872989654541016
16779,26,0.9661250114440918
16780,29,1.4090930223464966
16781,30,1.9003342390060425
16782,30,1.7535918951034546
16783,23,0.5697609186172485
16784,25,0.9353564977645874
16785,30,1.7999662160873413
16786,28,1.2962554693222046
16787,23,0.5738013982772827
16788,22,0.4921039342880249
16789,25,0.9336752891540527
16790,26,0.9550502300262451
16791,25,0.9241142272949219
16792,20,0.19969654083251953
16793,28,1.3015607595443726
16794,18,0.0011976361274719238
16795,25,0.9086806774139404
16796,30,1.9345775842666626
16797,22,0.4506953954696655
16798,30,1.798345685005188
16799,22,0.49716997146606445
16800,28,1.2653791904449463
16801,22,0.5386620759963989
16802,23,0.5954016447067261
16803,28,1.215208888053894
16804,25,0.8312638998031616
16805,22,0.47009074687957764
16806,24,0.7860878705978394
16807,25,0.9256705045700073
16808,25,0.9491662979125977
16809,26,0.9587477445602417
16810,25,0.8635029792785645
16811,27,1.1605401039123535
16812,25,0.8793431520462036
16813,22,0.5391651391983032
16814,23,0.5575554370880127
16815,22,0.5083693265914917
16816,28,1.288482427597046
16817,26,0.9806666374206543
16818,28,1.2208861112594604
16819,25,0.8983602523803711
16820,23,0.6040127277374268
16821,23,0.5882411003112793
16822,28,1.2193892002105713
16823,26,0.9569268226623535
16824,25,0.8910435438156128
16825,28,1.3445440530776978
16826,26,0.969124436378479
16827,28,1.332260012626648
16828,23,0.5924217700958252
16829,26,0.9675962924957275
16830,26,1.0009037256240845
16831,23,0.578750491142273
16832,25,0.9296871423721313
16833,30,1.7033113241195679
16834,23,0.5578737258911133
16835,30,1.8510771989822388
16836,23,0.551781415939331
16837,28,1.2556052207946777
16838,22,0.43099188804626465
16839,29,1.377545714378357
16840,29,1.4180620908737183
16841,22,0.5140951871871948
16842,26,1.02316415309906
16843,25,0.8412511348724365
16844,23,0.6102547645568848
16845,22,0.42649245262145996
16846,25,0.8814036846160889
16847,25,0.9379258155822754
16848,27,1.166946291923523
16849,22,0.5372488498687744
16850,23,0.5987410545349121
16851,26,0.958885669708252
16852,26,1.0535355806350708
16853,22,0.48614585399627686
16854,23,0.5551928281784058
16855,25,0.916969895362854
16856,26,1.0356792211532593
16857,22,0.5311769247055054
16858,23,0.6412781476974487
16859,23,0.594690203666687
16860,22,0.5232244729995728
16861,23,0.5562164783477783
16862,27,1.1246918439865112
16863,26,1.0257644653320312
16864,23,0.5927951335906982
16865,28,1.25347900390625
16866,29,1.3572407960891724
16867,30,1.8875700235366821
16868,22,0.5434719324111938
16869,22,0.5046237707138062
16870,26,0.9834314584732056
16871,23,0.5575679540634155
16872,26,0.9550094604492188
16873,23,0.5568543672561646
16874,26,0.9588252305984497
16875,27,1.1089013814926147
16876,22,0.5465265512466431
16877,25,0.8219952583312988
16878,29,1.509198546409607
16879,27,1.1078053712844849
16880,28,1.2162150144577026
16881,23,0.6155381202697754
16882,22,0.5429339408874512
16883,26,0.9685101509094238
16884,28,1.2674643993377686
16885,27,1.1612902879714966
16886,22,0.44282615184783936
16887,22,0.5359259843826294
16888,23,0.6154025793075562
16889,23,0.6006855964660645
16890,25,0.8700031042098999
16891,22,0.51625657081604
16892,25,0.9008817672729492
16893,22,0.5409166812896729
16894,26,0.9685839414596558
16895,30,1.799747347831726
16896,26,0.9740631580352783
16897,23,0.5778462886810303
16898,25,0.9269481897354126
16899,30,1.7161043882369995
16900,25,0.9073230028152466
16901,26,0.972125768661499
16902,23,0.6058897972106934
16903,26,0.9708341360092163
16904,28,1.3195149898529053
16905,29,1.5070990324020386
16906,25,0.91422438621521
16907,26,1.046964406967163
16908,22,0.4797865152359009
16909,29,1.3787811994552612
16910,27,1.173553228378296
16911,22,0.46333086490631104
16912,22,0.4943563938140869
16913,23,0.6284611225128174
16914,23,0.5793967247009277
16915,27,1.0848278999328613
16916,26,0.9698424339294434
16917,27,1.1782517433166504
16918,23,0.5635694265365601
16919,29,1.3874715566635132
16920,22,0.5322469472885132
16921,30,1.6523023843765259
16922,23,0.6009939908981323
16923,23,0.6155010461807251
16924,22,0.5269054174423218
16925,28,1.334450602531433
16926,27,1.1801097393035889
16927,28,1.2602307796478271
16928,23,0.6205637454986572
16929,30,1.5909000635147095
16930,26,0.9570311307907104
16931,23,0.575676441192627
16932,25,0.9443323612213135
16933,22,0.526718258857727
16934,23,0.584459662437439
16935,23,0.5838532447814941
16936,23,0.5708317756652832
16937,26,0.9597522020339966
16938,28,1.286784052848816
16939,22,0.5298771858215332
16940,26,1.0026980638504028
16941,23,0.6178059577941895
16942,23,0.6353031396865845
16943,27,1.124131441116333
16944,30,1.8876968622207642
16945,22,0.535259485244751
16946,25,0.9125075340270996
16947,26,1.0382400751113892
16948,23,0.590211033821106
16949,23,0.562261700630188
16950,27,1.1843812465667725
16951,23,0.5757136344909668
16952,29,1.3834680318832397
16953,28,1.2308346033096313
16954,28,1.2220127582550049
16955,26,0.9670969247817993
16956,25,0.9408295154571533
16957,23,0.5883641242980957
16958,26,1.0251697301864624
16959,26,0.9982948303222656
16960,23,0.61662757396698
16961,28,1.252968668937683
16962,22,0.5068978071212769
16963,28,1.2914294004440308
16964,23,0.6502727270126343
16965,22,0.5215491056442261
16966,25,0.9286425113677979
16967,25,0.9425554275512695
16968,26,1.0014270544052124
16969,26,0.9630247354507446
16970,26,0.9868978261947632
16971,22,0.5073813199996948
16972,28,1.2520239353179932
16973,26,0.9629619121551514
16974,23,0.5855991840362549
16975,25,0.9460080862045288
16976,28,1.261670708656311
16977,26,1.0174940824508667
16978,28,1.2204022407531738
16979,28,1.2799392938613892
16980,22,0.5426280498504639
16981,26,0.9595078229904175
16982,25,0.9218540191650391
16983,26,1.0327574014663696
16984,30,1.6558996438980103
16985,26,0.9874041080474854
16986,25,0.9379929304122925
16987,26,0.9964210987091064
16988,26,1.016032099723816
16989,23,0.6073131561279297
16990,23,0.5514271259307861
16991,27,1.0959112644195557
16992,27,1.167216420173645
16993,23,0.5697941780090332
16994,16,-0.21362927556037903
16995,29,1.5144723653793335
16996,26,0.960097074508667
16997,23,0.6020420789718628
16998,22,0.4949183464050293
16999,27,1.160077691078186
17000,26,1.0328898429870605
17001,28,1.2001413106918335
17002,26,0.9982483386993408
17003,23,0.6239279508590698
17004,22,0.5339326858520508
17005,22,0.53947913646698
17006,28,1.3339227437973022
17007,28,1.2953715324401855
17008,23,0.6119064092636108
17009,26,0.9687116146087646
17010,25,0.9249358177185059
17011,29,1.3528274297714233
17012,26,0.9695311784744263
17013,30,1.8651715517044067
17014,22,0.502650260925293
17015,22,0.49729835987091064
17016,26,1.0139037370681763
17017,25,0.8638334274291992
17018,30,1.6455520391464233
17019,23,0.6160367727279663
17020,28,1.1999976634979248
17021,28,1.2725169658660889
17022,23,0.5841797590255737
17023,29,1.3898879289627075
17024,29,1.49875009059906
17025,22,0.5467219352722168
17026,22,0.5381368398666382
17027,25,0.9206680059432983
17028,23,0.6081198453903198
17029,30,1.6882184743881226
17030,28,1.2976526021957397
17031,23,0.6135168075561523
17032,28,1.2291563749313354
17033,24,0.7555091381072998
17034,28,1.261650800704956
17035,22,0.5490361452102661
17036,23,0.6463757753372192
17037,23,0.6058635711669922
17038,30,1.8281973600387573
17039,26,0.9904695749282837
17040,26,0.957220196723938
17041,26,0.9857662916183472
17042,28,1.2877055406570435
17043,23,0.6245638132095337
17044,28,1.2180826663970947
17045,22,0.5317643880844116
17046,26,1.0159268379211426
17047,26,0.9611409902572632
17048,29,1.4214619398117065
17049,27,1.0883753299713135
17050,26,1.0067837238311768
17051,22,0.5485631227493286
17052,23,0.5686743259429932
17053,25,0.9320199489593506
17054,25,0.9172406196594238
17055,26,0.9865217208862305
17056,23,0.6205366849899292
17057,23,0.6408116817474365
17058,23,0.5677087306976318
17059,26,0.9508174657821655
17060,26,1.0347996950149536
17061,23,0.6134333610534668
17062,23,0.6048973798751831
17063,28,1.2185122966766357
17064,23,0.6443127393722534
17065,23,0.5545607805252075
17066,22,0.5419999361038208
17067,22,0.46560633182525635
17068,30,1.5870333909988403
17069,23,0.5526604652404785
17070,23,0.587399959564209
17071,30,1.8478471040725708
17072,23,0.6404097080230713
17073,28,1.2348958253860474
17074,29,1.3783265352249146
17075,26,1.0236037969589233
17076,28,1.3237193822860718
17077,23,0.6076915264129639
17078,23,0.625869631767273
17079,26,0.983288049697876
17080,22,0.538528323173523
17081,25,0.9487497806549072
17082,26,0.995367169380188
17083,28,1.3258432149887085
17084,26,0.969143271446228
17085,23,0.5750511884689331
17086,30,1.8958348035812378
17087,23,0.5947873592376709
17088,23,0.5938525199890137
17089,25,0.8897579908370972
17090,23,0.5916789770126343
17091,23,0.5867055654525757
17092,27,1.1984434127807617
17093,26,1.0103868246078491
17094,23,0.5583832263946533
17095,29,1.4752072095870972
17096,23,0.5905853509902954
17097,28,1.2712606191635132
17098,27,1.1246609687805176
17099,28,1.3383301496505737
17100,27,1.139291763305664
17101,26,1.0593175888061523
17102,30,1.639534831047058
17103,26,1.030316710472107
17104,28,1.2817398309707642
17105,26,1.0229053497314453
17106,29,1.358451247215271
17107,22,0.5429739952087402
17108,23,0.5519044399261475
17109,23,0.5995920896530151
17110,25,0.9137556552886963
17111,26,0.9518394470214844
17112,28,1.2741246223449707
17113,28,1.2863330841064453
17114,26,0.9668749570846558
17115,27,1.180404543876648
17116,25,0.9341080188751221
17117,23,0.6147427558898926
17118,26,0.9980889558792114
17119,23,0.5675272941589355
17120,30,1.9107667207717896
17121,27,1.196691870689392
17122,23,0.6081643104553223
17123,23,0.5946285724639893
17124,26,1.0467901229858398
17125,26,0.9893628358840942
17126,29,1.4019731283187866
17127,23,0.580146074295044
17128,30,1.8860329389572144
17129,29,1.377038836479187
17130,26,1.0103486776351929
17131,27,1.1560274362564087
17132,28,1.279038429260254
17133,27,1.1575342416763306
17134,28,1.2260384559631348
17135,23,0.6159039735794067
17136,26,0.9820228815078735
17137,20,0.2833942174911499
17138,28,1.2179783582687378
17139,26,1.0100865364074707
17140,26,1.018641471862793
17141,23,0.6277105808258057
17142,26,1.0126115083694458
17143,26,0.9566106796264648
17144,23,0.6126036643981934
17145,28,1.2560343742370605
17146,23,0.6139438152313232
17147,26,1.0345889329910278
17148,28,1.3137654066085815
17149,25,0.9440114498138428
17150,27,1.1387981176376343
17151,25,0.9492838382720947
17152,23,0.6318519115447998
17153,22,0.5479930639266968
17154,26,0.9849640130996704
17155,29,1.3646944761276245
17156,25,0.8615132570266724
17157,23,0.6275583505630493
17158,28,1.2210631370544434
17159,28,1.2250328063964844
17160,22,0.5330992937088013
17161,23,0.5981286764144897
17162,27,1.1744146347045898
17163,26,1.0346641540527344
17164,26,0.9928433895111084
17165,26,1.0383135080337524
17166,28,1.1989541053771973
17167,23,0.5925474166870117
17168,25,0.8596456050872803
17169,26,1.0049422979354858
17170,23,0.6321866512298584
17171,26,0.9537612199783325
17172,23,0.6604722738265991
17173,28,1.2675302028656006
17174,28,1.2065136432647705
17175,26,1.000403642654419
17176,26,0.9997619390487671
17177,22,0.5270727872848511
17178,26,0.9832881689071655
17179,26,0.9908690452575684
17180,23,0.5905128717422485
17181,23,0.6263643503189087
17182,30,1.6614218950271606
17183,22,0.544609785079956
17184,25,0.8590199947357178
17185,26,0.9867808818817139
17186,26,1.032940149307251
17187,23,0.57672119140625
17188,30,1.8964594602584839
17189,27,1.076632022857666
17190,29,1.4082282781600952
17191,30,1.7584079504013062
17192,28,1.207972764968872
17193,25,0.9032900333404541
17194,23,0.6248403787612915
17195,27,1.105597734451294
17196,26,0.9802088737487793
17197,21,0.3772991895675659
17198,26,0.9634859561920166
17199,23,0.652335524559021
17200,25,0.9296205043792725
17201,23,0.6669878959655762
17202,26,0.9757217168807983
17203,26,1.0378719568252563
17204,23,0.6160101890563965
17205,30,1.8756078481674194
17206,26,1.0225855112075806
17207,28,1.242738127708435
17208,30,1.5913506746292114
17209,27,1.1492464542388916
17210,28,1.3488229513168335
17211,26,0.9997320175170898
17212,23,0.6444278955459595
17213,26,0.9595510959625244
17214,25,0.8454855680465698
17215,23,0.6121760606765747
17216,23,0.613457202911377
17217,26,1.0651990175247192
17218,26,1.0053017139434814
17219,23,0.628257155418396
17220,28,1.2665945291519165
17221,26,0.993810772895813
17222,26,0.9992004632949829
17223,23,0.6439882516860962
17224,26,1.0261754989624023
17225,27,1.1595453023910522
17226,25,0.9373403787612915
17227,26,1.0369889736175537
17228,29,1.434686541557312
17229,23,0.5670943260192871
17230,27,1.1778801679611206
17231,28,1.3361464738845825
17232,30,1.8671983480453491
17233,24,0.7142246961593628
17234,26,1.008428931236267
17235,26,1.033336877822876
17236,23,0.6462211608886719
17237,26,0.9865655899047852
17238,23,0.6469650268554688
17239,23,0.6101707220077515
17240,26,0.9903163909912109
17241,28,1.3107565641403198
17242,23,0.5832140445709229
17243,26,1.0613025426864624
17244,27,1.1892452239990234
17245,28,1.324403166770935
17246,28,1.2111327648162842
17247,28,1.2970691919326782
17248,23,0.5986789464950562
17249,25,0.8730140924453735
17250,28,1.2800350189208984
17251,26,1.0121960639953613
17252,26,0.9628740549087524
17253,29,1.4448281526565552
17254,23,0.5891246795654297
17255,28,1.328657627105713
17256,27,1.1873201131820679
17257,23,0.669784665107727
17258,26,1.044763445854187
17259,26,1.016776442527771
17260,26,1.0003917217254639
17261,26,1.042233943939209
17262,28,1.2862260341644287
17263,26,0.9717350006103516
17264,23,0.6296924352645874
17265,28,1.205335259437561
17266,29,1.3744982481002808
17267,28,1.2207471132278442
17268,23,0.5540971755981445
17269,28,1.2049354314804077
17270,30,1.9072898626327515
17271,26,0.9808986186981201
17272,26,0.9898773431777954
17273,26,1.0288705825805664
17274,23,0.6726503372192383
17275,23,0.6529532670974731
17276,28,1.2566919326782227
17277,23,0.6479365825653076
17278,26,1.0651812553405762
17279,29,1.359523892402649
17280,28,1.3148853778839111
17281,28,1.2255862951278687
17282,23,0.596299409866333
17283,26,0.9924322366714478
17284,26,1.0196542739868164
17285,26,0.9778566360473633
17286,23,0.5997781753540039
17287,26,1.0717053413391113
17288,27,1.1653127670288086
17289,23,0.6602059602737427
17290,26,1.0207271575927734
17291,26,0.9715085029602051
17292,26,1.0373353958129883
17293,23,0.6448262929916382
17294,26,0.9828753471374512
17295,28,1.2012057304382324
17296,25,0.9465458393096924
17297,26,0.9568344354629517
17298,26,1.0510064363479614
17299,26,1.0282676219940186
17300,23,0.6489499807357788
17301,23,0.6243102550506592
17302,26,1.0452780723571777
17303,28,1.2390503883361816
17304,25,0.9472495317459106
17305,23,0.6803916692733765
17306,30,1.7549902200698853
17307,23,0.6825574636459351
17308,24,0.7893744707107544
17309,24,0.6996186971664429
17310,23,0.648849606513977
17311,23,0.6262980699539185
17312,23,0.666911244392395
17313,28,1.2043918371200562
17314,23,0.6789000034332275
17315,26,1.0673915147781372
17316,24,0.6870415210723877
17317,28,1.2467570304870605
17318,26,1.043130874633789
17319,26,0.9805073738098145
17320,26,1.010575532913208
17321,26,1.0660960674285889
17322,24,0.6890933513641357
17323,26,0.970660924911499
17324,26,1.0720489025115967
17325,28,1.2680885791778564
17326,30,1.9212239980697632
17327,23,0.6198022365570068
17328,24,0.7202832698822021
17329,22,0.5259637832641602
17330,23,0.6648465394973755
17331,27,1.0893311500549316
17332,23,0.6760478019714355
17333,26,1.0338882207870483
17334,26,1.0544729232788086
17335,28,1.3391350507736206
17336,27,1.0904563665390015
17337,26,1.0143414735794067
17338,23,0.6334213018417358
17339,28,1.3017501831054688
17340,26,1.053109049797058
17341,23,0.6763656139373779
17342,26,0.9766778945922852
17343,23,0.5760095119476318
17344,23,0.6591119766235352
17345,27,1.0975098609924316
17346,28,1.2729861736297607
17347,23,0.6446397304534912
17348,28,1.2538937330245972
17349,23,0.634089469909668
17350,23,0.5799119472503662
17351,23,0.6609159708023071
17352,25,0.9309031963348389
17353,28,1.2954195737838745
17354,26,1.0492757558822632
17355,23,0.5911425352096558
17356,30,1.5816725492477417
17357,27,1.1436103582382202
17358,23,0.6451879739761353
17359,26,1.0205419063568115
17360,27,1.1391386985778809
17361,23,0.6409063339233398
17362,29,1.3624671697616577
17363,23,0.5976213216781616
17364,23,0.673895001411438
17365,28,1.2556513547897339
17366,23,0.6420673131942749
17367,23,0.6449986696243286
17368,23,0.6448447704315186
17369,29,1.5303529500961304
17370,28,1.3185365200042725
17371,29,1.3865047693252563
17372,27,1.1247590780258179
17373,26,0.9939593076705933
17374,23,0.638765811920166
17375,28,1.2160654067993164
17376,27,1.0732953548431396
17377,26,1.0611755847930908
17378,30,1.7671478986740112
17379,30,1.7651606798171997
17380,23,0.5799517631530762
17381,28,1.208621859550476
17382,28,1.3406716585159302
17383,23,0.6069451570510864
17384,26,1.0151511430740356
17385,27,1.1061466932296753
17386,27,1.1716362237930298
17387,23,0.6337543725967407
17388,26,1.0106825828552246
17389,23,0.6179890632629395
17390,28,1.345511555671692
17391,28,1.3004826307296753
17392,30,1.6661139726638794
17393,23,0.6079378128051758
17394,26,1.008183240890503
17395,23,0.6659448146820068
17396,26,1.0599085092544556
17397,26,1.0080398321151733
17398,27,1.0765929222106934
17399,26,1.0290088653564453
17400,28,1.2688579559326172
17401,23,0.6420688629150391
17402,26,0.976912260055542
17403,23,0.5945532321929932
17404,27,1.09857177734375
17405,28,1.3084626197814941
17406,29,1.4556282758712769
17407,23,0.6029713153839111
17408,27,1.0804295539855957
17409,23,0.6489542722702026
17410,28,1.2485289573669434
17411,26,1.0124437808990479
17412,29,1.4443079233169556
17413,26,1.0509010553359985
17414,24,0.6858140230178833
17415,22,0.5167064666748047
17416,28,1.3111790418624878
17417,29,1.419758677482605
17418,24,0.7144851684570312
17419,26,1.0715858936309814
17420,26,1.0343244075775146
17421,24,0.6975942850112915
17422,26,1.0520098209381104
17423,27,1.0740180015563965
17424,24,0.6933186054229736
17425,24,0.7017611265182495
17426,27,1.0789324045181274
17427,25,0.9068586826324463
17428,30,1.6782478094100952
17429,26,1.0574623346328735
17430,26,1.0581856966018677
17431,27,1.1083532571792603
17432,28,1.3154826164245605
17433,29,1.4299317598342896
17434,23,0.6536229848861694
17435,27,1.084765076637268
17436,30,1.648802638053894
17437,23,0.6777645349502563
17438,30,1.942902684211731
17439,26,1.0714800357818604
17440,26,1.0627548694610596
17441,23,0.6774981021881104
17442,26,1.0360790491104126
17443,23,0.6150462627410889
17444,30,1.5881048440933228
17445,26,0.9756081104278564
17446,30,1.7238072156906128
17447,26,0.9972834587097168
17448,24,0.7100220918655396
17449,23,0.6461520195007324
17450,28,1.3369947671890259
17451,23,0.6084442138671875
17452,28,1.2357324361801147
17453,24,0.7103172540664673
17454,30,1.7310348749160767
17455,25,0.9452378749847412
17456,23,0.6737500429153442
17457,26,1.053185224533081
17458,26,1.0277551412582397
17459,23,0.5829977989196777
17460,28,1.3181191682815552
17461,26,0.976402997970581
17462,26,1.071441411972046
17463,23,0.6560564041137695
17464,29,1.3740488290786743
17465,30,1.8090566396713257
17466,27,1.0830100774765015
17467,28,1.218242883682251
17468,23,0.6294959783554077
17469,26,1.0324183702468872
17470,29,1.402340054512024
17471,26,1.0268409252166748
17472,28,1.2029240131378174
17473,26,1.0190531015396118
17474,29,1.4438961744308472
17475,24,0.7109459638595581
17476,26,0.983147144317627
17477,26,1.006494402885437
17478,29,1.3841749429702759
17479,26,1.0413239002227783
17480,29,1.3862704038619995
17481,26,0.9755295515060425
17482,28,1.2283437252044678
17483,24,0.6894164085388184
17484,23,0.6335787773132324
17485,23,0.6402864456176758
17486,26,1.0399954319000244
17487,26,1.0152150392532349
17488,26,1.0607537031173706
17489,23,0.6740635633468628
17490,26,0.9674586057662964
17491,29,1.4173640012741089
17492,23,0.6595221757888794
17493,26,1.0555404424667358
17494,23,0.6797182559967041
17495,23,0.6566832065582275
17496,27,1.1930582523345947
17497,23,0.6732357740402222
17498,28,1.3179129362106323
17499,29,1.4519487619400024
17500,23,0.6228711605072021
17501,26,1.0298317670822144
17502,23,0.6743274927139282
17503,28,1.3113781213760376
17504,29,1.3573416471481323
17505,28,1.3197444677352905
17506,28,1.340009331703186
17507,24,0.7261128425598145
17508,29,1.3933967351913452
17509,30,1.7657381296157837
17510,28,1.2383207082748413
17511,28,1.2609665393829346
17512,28,1.1986956596374512
17513,26,0.9802393913269043
17514,22,0.5487674474716187
17515,24,0.712787389755249
17516,30,1.6661568880081177
17517,28,1.348800539970398
17518,26,1.017586350440979
17519,23,0.6144928932189941
17520,23,0.6771527528762817
17521,26,1.0253396034240723
17522,26,1.053818702697754
17523,24,0.7159606218338013
17524,27,1.1966228485107422
17525,30,1.5538233518600464
17526,26,1.0285871028900146
17527,26,0.9902859926223755
17528,27,1.1706231832504272
17529,23,0.6841070652008057
17530,26,1.0249472856521606
17531,28,1.317728042602539
17532,24,0.7080336809158325
17533,23,0.6581178903579712
17534,24,0.7112427949905396
17535,23,0.6828697919845581
17536,25,0.8983509540557861
17537,26,1.0127904415130615
17538,27,1.160035490989685
17539,23,0.6243395805358887
17540,30,1.7077163457870483
17541,23,0.6499686241149902
17542,26,1.0501598119735718
17543,24,0.7425997257232666
17544,26,1.0325124263763428
17545,26,0.9837154150009155
17546,28,1.2368398904800415
17547,30,1.8682671785354614
17548,24,0.7639801502227783
17549,27,1.12064790725708
17550,28,1.202656865119934
17551,28,1.3206162452697754
17552,26,1.0658668279647827
17553,28,1.333617091178894
17554,27,1.0898252725601196
17555,26,1.0395042896270752
17556,26,1.0687191486358643
17557,23,0.5729324817657471
17558,24,0.7025697231292725
17559,28,1.2566074132919312
17560,23,0.6792725324630737
17561,26,1.0118813514709473
17562,23,0.6505316495895386
17563,28,1.3267866373062134
17564,23,0.6852426528930664
17565,26,1.0372653007507324
17566,28,1.2412998676300049
17567,28,1.2633496522903442
17568,30,1.6614731550216675
17569,26,1.0478817224502563
17570,27,1.1637969017028809
17571,23,0.6707757711410522
17572,29,1.3783372640609741
17573,30,1.6258200407028198
17574,28,1.2618564367294312
17575,27,1.1014295816421509
17576,24,0.700475811958313
17577,27,1.1304785013198853
17578,28,1.3170286417007446
17579,29,1.3708792924880981
17580,27,1.0830144882202148
17581,24,0.7018047571182251
17582,23,0.6722602844238281
17583,23,0.6275011301040649
17584,23,0.6000620126724243
17585,29,1.378236174583435
17586,27,1.1212373971939087
17587,30,1.6539846658706665
17588,30,1.734697937965393
17589,26,1.0426441431045532
17590,29,1.4833670854568481
17591,27,1.091238021850586
17592,28,1.2984384298324585
17593,30,1.9223681688308716
17594,23,0.6497013568878174
17595,27,1.0764416456222534
17596,26,1.0046148300170898
17597,26,1.0461809635162354
17598,23,0.6360645294189453
17599,28,1.3251703977584839
17600,26,1.0308747291564941
17601,24,0.7625900506973267
17602,24,0.7114049196243286
17603,24,0.7332361936569214
17604,24,0.7197943925857544
17605,27,1.0822376012802124
17606,30,1.6456154584884644
17607,24,0.7218942642211914
17608,25,0.949047327041626
17609,24,0.7332788705825806
17610,24,0.7326743602752686
17611,27,1.1410712003707886
17612,30,1.7542363405227661
17613,24,0.726280927658081
17614,24,0.6915743350982666
17615,27,1.0821291208267212
17616,30,1.8967291116714478
17617,30,1.8833705186843872
17618,24,0.7074834108352661
17619,27,1.0871587991714478
17620,24,0.6972358226776123
17621,24,0.7344707250595093
17622,26,0.9961496591567993
17623,28,1.2667580842971802
17624,24,0.7494703531265259
17625,28,1.2807273864746094
17626,27,1.0817240476608276
17627,26,1.0508694648742676
17628,27,1.1031708717346191
17629,24,0.8162270784378052
17630,23,0.6561509370803833
17631,29,1.400664210319519
17632,28,1.2264472246170044
17633,23,0.6823902130126953
17634,24,0.7356899976730347
17635,28,1.2452869415283203
17636,26,1.0129427909851074
17637,25,0.8847630023956299
17638,29,1.4352411031723022
17639,24,0.7516803741455078
17640,24,0.7295771837234497
17641,28,1.2202227115631104
17642,23,0.6625057458877563
17643,28,1.3357573747634888
17644,24,0.7020593881607056
17645,28,1.29450523853302
17646,24,0.6958737373352051
17647,24,0.7342917919158936
17648,24,0.724699854850769
17649,26,0.9834892749786377
17650,23,0.6584042310714722
17651,26,1.0508145093917847
17652,25,0.9431936740875244
17653,23,0.6764365434646606
17654,23,0.6456072330474854
17655,23,0.6432998180389404
17656,24,0.7458943128585815
17657,24,0.7076740264892578
17658,29,1.3973194360733032
17659,26,1.0366319417953491
17660,28,1.3251307010650635
17661,26,1.0492960214614868
17662,30,1.7304514646530151
17663,27,1.1527915000915527
17664,26,0.9989708662033081
17665,27,1.1178396940231323
17666,23,0.6826393604278564
17667,26,1.0653225183486938
17668,26,1.0148340463638306
17669,27,1.0747277736663818
17670,28,1.3359183073043823
17671,27,1.0842053890228271
17672,26,1.0517921447753906
17673,26,1.0520819425582886
17674,14,-0.5074760317802429
17675,27,1.156658411026001
17676,27,1.1383326053619385
17677,27,1.105971336364746
17678,24,0.7226635217666626
17679,23,0.6782251596450806
17680,29,1.4293385744094849
17681,30,1.9090970754623413
17682,27,1.08124577999115
17683,23,0.6054466962814331
17684,28,1.2554036378860474
17685,29,1.3616331815719604
17686,26,1.0193345546722412
17687,26,1.0312734842300415
17688,24,0.7169723510742188
17689,28,1.2398338317871094
17690,27,1.0791033506393433
17691,28,1.2854377031326294
17692,28,1.3238633871078491
17693,26,1.0172264575958252
17694,30,1.5860615968704224
17695,24,0.7472783327102661
17696,30,1.9647506475448608
17697,26,1.020263910293579
17698,26,1.0698096752166748
17699,26,1.0572322607040405
17700,24,0.6861685514450073
17701,24,0.7356387376785278
17702,24,0.7015358209609985
17703,30,1.7788110971450806
17704,21,0.36947739124298096
17705,27,1.100335955619812
17706,24,0.6880971193313599
17707,26,1.0044000148773193
17708,24,0.6870962381362915
17709,24,0.7084981203079224
17710,29,1.4711579084396362
17711,23,0.673870325088501
17712,24,0.7189265489578247
17713,24,0.8097858428955078
17714,27,1.138603687286377
17715,28,1.2823805809020996
17716,27,1.0942379236221313
17717,28,1.307240605354309
17718,27,1.1715567111968994
17719,24,0.7266157865524292
17720,24,0.772284746170044
17721,23,0.6789835691452026
17722,24,0.7764719724655151
17723,23,0.6694625616073608
17724,24,0.7356107234954834
17725,23,0.6386866569519043
17726,27,1.103948950767517
17727,29,1.3786882162094116
17728,30,1.8968602418899536
17729,26,1.0668751001358032
17730,27,1.1448845863342285
17731,26,1.0388410091400146
17732,24,0.7328619956970215
17733,26,0.9832737445831299
17734,29,1.445043921470642
17735,23,0.6823524236679077
17736,29,1.3883384466171265
17737,28,1.2704566717147827
17738,26,1.0396721363067627
17739,24,0.7036397457122803
17740,27,1.1031898260116577
17741,28,1.2564914226531982
17742,26,1.0561870336532593
17743,28,1.2626848220825195
17744,22,0.5064221620559692
17745,29,1.3618704080581665
17746,29,1.4916094541549683
17747,24,0.7264366149902344
17748,24,0.7225241661071777
17749,30,1.7761367559432983
17750,26,1.0632126331329346
17751,28,1.3439692258834839
17752,24,0.7700207233428955
17753,28,1.235884189605713
17754,29,1.3646799325942993
17755,24,0.7337479591369629
17756,30,1.778704047203064
17757,24,0.7766445875167847
17758,24,0.7240912914276123
17759,24,0.7271562814712524
17760,27,1.0861841440200806
17761,26,1.0169892311096191
17762,28,1.3083598613739014
17763,24,0.687286376953125
17764,28,1.273131251335144
17765,24,0.7388371229171753
17766,27,1.107127070426941
17767,26,1.0568641424179077
17768,29,1.3734527826309204
17769,29,1.4615267515182495
17770,23,0.6600884199142456
17771,26,0.9997220039367676
17772,24,0.7805489301681519
17773,27,1.189571499824524
17774,29,1.4252561330795288
17775,30,1.9273189306259155
17776,26,1.0350275039672852
17777,29,1.472429871559143
17778,29,1.509109616279602
17779,30,1.6066890954971313
17780,26,0.9777191877365112
17781,24,0.6964976787567139
17782,28,1.333163857460022
17783,26,0.9915512800216675
17784,27,1.1122918128967285
17785,27,1.1395162343978882
17786,29,1.3673018217086792
17787,29,1.4485543966293335
17788,26,1.0541566610336304
17789,23,0.6570800542831421
17790,24,0.728329062461853
17791,24,0.7173730134963989
17792,29,1.3679639101028442
17793,27,1.1003469228744507
17794,24,0.7111088037490845
17795,26,1.0132167339324951
17796,28,1.338718295097351
17797,24,0.7258225679397583
17798,29,1.4458669424057007
17799,27,1.0814058780670166
17800,29,1.474237084388733
17801,27,1.1127041578292847
17802,27,1.0906585454940796
17803,24,0.7394225597381592
17804,26,1.0470257997512817
17805,27,1.0963114500045776
17806,25,0.9341162443161011
17807,28,1.3082860708236694
17808,26,1.006424069404602
17809,24,0.7658777236938477
17810,27,1.15935480594635
17811,24,0.7690778970718384
17812,27,1.158856987953186
17813,27,1.1239979267120361
17814,30,1.7090221643447876
17815,24,0.6874152421951294
17816,27,1.1119872331619263
17817,27,1.1645324230194092
17818,24,0.7204177379608154
17819,29,1.3552576303482056
17820,25,0.8524528741836548
17821,24,0.7307589054107666
17822,26,1.0598561763763428
17823,24,0.7116116285324097
17824,26,1.0201338529586792
17825,24,0.7156859636306763
17826,24,0.69736647605896
17827,24,0.7387735843658447
17828,26,1.0537679195404053
17829,24,0.7583800554275513
17830,24,0.7392356395721436
17831,24,0.7351281642913818
17832,30,1.5986179113388062
17833,28,1.2343171834945679
17834,26,1.0579791069030762
17835,26,1.0382150411605835
17836,24,0.7822554111480713
17837,26,1.0578041076660156
17838,28,1.3197184801101685
17839,24,0.7751696109771729
17840,28,1.204633355140686
17841,29,1.4574939012527466
17842,30,1.7459968328475952
17843,27,1.1046898365020752
17844,26,1.0473076105117798
17845,24,0.7278776168823242
17846,24,0.7469784021377563
17847,24,0.7325011491775513
17848,28,1.2949819564819336
17849,24,0.7192883491516113
17850,24,0.7658898830413818
17851,24,0.7660748958587646
17852,24,0.7494195699691772
17853,27,1.0946699380874634
17854,29,1.3927730321884155
17855,27,1.110971450805664
17856,27,1.1509182453155518
17857,27,1.168893814086914
17858,28,1.2064038515090942
17859,24,0.7484674453735352
17860,27,1.0883784294128418
17861,24,0.800926685333252
17862,24,0.7600693702697754
17863,29,1.4651821851730347
17864,28,1.3063992261886597
17865,24,0.7011563777923584
17866,24,0.7365761995315552
17867,30,1.6129552125930786
17868,27,1.180116891860962
17869,24,0.790312647819519
17870,24,0.7623331546783447
17871,29,1.3643940687179565
17872,22,0.4798102378845215
17873,29,1.500174880027771
17874,27,1.0724878311157227
17875,28,1.2471323013305664
17876,29,1.5303786993026733
17877,24,0.758406400680542
17878,27,1.1665574312210083
17879,29,1.5055752992630005
17880,24,0.689388632774353
17881,28,1.3449968099594116
17882,28,1.2485272884368896
17883,24,0.6881793737411499
17884,27,1.0824403762817383
17885,27,1.1119117736816406
17886,28,1.3296096324920654
17887,24,0.737871527671814
17888,29,1.35903799533844
17889,26,1.059108853340149
17890,27,1.1060166358947754
17891,27,1.0914430618286133
17892,28,1.3241578340530396
17893,27,1.0945509672164917
17894,24,0.6956284046173096
17895,24,0.7719117403030396
17896,29,1.4805065393447876
17897,24,0.7331748008728027
17898,26,1.0506168603897095
17899,24,0.745193600654602
17900,24,0.7518501281738281
17901,28,1.2398914098739624
17902,27,1.130517601966858
17903,24,0.7699062824249268
17904,23,0.6824653148651123
17905,27,1.1643879413604736
17906,27,1.1223710775375366
17907,27,1.174333930015564
17908,24,0.7715774774551392
17909,27,1.0886801481246948
17910,27,1.1320128440856934
17911,24,0.784489631652832
17912,29,1.360620141029358
17913,24,0.7597559690475464
17914,21,0.34798145294189453
17915,24,0.7256793975830078
17916,29,1.3623613119125366
17917,27,1.077902913093567
17918,28,1.2764594554901123
17919,26,1.0611788034439087
17920,24,0.793056845664978
17921,24,0.7621296644210815
17922,27,1.100799322128296
17923,27,1.0992265939712524
17924,29,1.4280661344528198
17925,28,1.3112820386886597
17926,29,1.3536635637283325
17927,23,0.6550368070602417
17928,28,1.2249755859375
17929,24,0.786894679069519
17930,24,0.7514393329620361
17931,24,0.7693145275115967
17932,27,1.1490857601165771
17933,28,1.2567397356033325
17934,29,1.457917332649231
17935,29,1.3937739133834839
17936,27,1.1304943561553955
17937,24,0.8003422021865845
17938,27,1.184831142425537
17939,29,1.464964747428894
17940,28,1.2834354639053345
17941,27,1.176712155342102
17942,27,1.1172465085983276
17943,24,0.777877926826477
17944,27,1.1325503587722778
17945,27,1.0822306871414185
17946,27,1.1044028997421265
17947,29,1.3545292615890503
17948,24,0.7587884664535522
17949,29,1.4555996656417847
17950,26,1.0297878980636597
17951,24,0.751733660697937
17952,28,1.331544041633606
17953,24,0.7653946876525879
17954,27,1.1356420516967773
17955,30,1.7017155885696411
17956,27,1.0953301191329956
17957,27,1.1315667629241943
17958,28,1.2055623531341553
17959,24,0.7454760074615479
17960,27,1.1302821636199951
17961,19,0.08510816097259521
17962,27,1.1725480556488037
17963,24,0.774040699005127
17964,27,1.1400127410888672
17965,27,1.138043999671936
17966,24,0.7865490913391113
17967,27,1.1415551900863647
17968,25,0.82682204246521
17969,29,1.3614829778671265
17970,29,1.358521580696106
17971,27,1.1112967729568481
17972,24,0.7951457500457764
17973,27,1.0908174514770508
17974,29,1.4078806638717651
17975,24,0.7600069046020508
17976,24,0.7724251747131348
17977,30,1.702245831489563
17978,29,1.4387308359146118
17979,30,1.6028825044631958
17980,27,1.1625158786773682
17981,27,1.132055401802063
17982,24,0.6926052570343018
17983,24,0.7036889791488647
17984,24,0.8009548187255859
17985,24,0.7772172689437866
17986,24,0.7443909645080566
17987,24,0.8067054748535156
17988,27,1.1834608316421509
17989,28,1.2938724756240845
17990,27,1.198403000831604
17991,28,1.2312092781066895
17992,24,0.8044233322143555
17993,27,1.1698976755142212
17994,24,0.8167874813079834
17995,29,1.4438143968582153
17996,27,1.1065560579299927
17997,29,1.4090405702590942
17998,24,0.7129232883453369
17999,28,1.2909172773361206
18000,24,0.7947332859039307
18001,28,1.2056293487548828
18002,24,0.8050321340560913
18003,24,0.7376464605331421
18004,29,1.4367767572402954
18005,29,1.4565573930740356
18006,27,1.1272320747375488
18007,30,1.5450712442398071
18008,27,1.1042181253433228
18009,28,1.265981912612915
18010,24,0.7739571332931519
18011,28,1.2466037273406982
18012,26,0.9861215353012085
18013,25,0.8399480581283569
18014,28,1.326919436454773
18015,28,1.1996254920959473
18016,28,1.2865225076675415
18017,24,0.7648963928222656
18018,24,0.7063279151916504
18019,25,0.8203734159469604
18020,23,0.6592704057693481
18021,24,0.8114585876464844
18022,27,1.1411486864089966
18023,29,1.4264503717422485
18024,29,1.3534895181655884
18025,27,1.1759884357452393
18026,24,0.7624831199645996
18027,27,1.1201566457748413
18028,29,1.3636497259140015
18029,27,1.1685200929641724
18030,28,1.2625932693481445
18031,24,0.767332911491394
18032,29,1.3593016862869263
18033,29,1.3935633897781372
18034,27,1.101143717765808
18035,28,1.3214316368103027
18036,24,0.7614572048187256
18037,30,1.9198335409164429
18038,29,1.3639940023422241
18039,25,0.837416410446167
18040,27,1.0889345407485962
18041,27,1.1133235692977905
18042,27,1.1284416913986206
18043,27,1.1405446529388428
18044,27,1.1348915100097656
18045,27,1.0766046047210693
18046,29,1.474687933921814
18047,27,1.1404005289077759
18048,27,1.1550709009170532
18049,25,0.8366940021514893
18050,24,0.774164080619812
18051,28,1.2195470333099365
18052,21,0.3779587745666504
18053,24,0.7869918346405029
18054,29,1.4739927053451538
18055,28,1.2773953676223755
18056,27,1.134749412536621
18057,24,0.7871993780136108
18058,25,0.837624192237854
18059,29,1.460039734840393
18060,27,1.1645582914352417
18061,27,1.1251565217971802
18062,27,1.1516685485839844
18063,24,0.8035303354263306
18064,30,1.6607626676559448
18065,25,0.8280348777770996
18066,24,0.7420614957809448
18067,27,1.1732611656188965
18068,27,1.1425323486328125
18069,30,1.660992980003357
18070,27,1.1685714721679688
18071,27,1.179097294807434
18072,28,1.342596173286438
18073,27,1.0878492593765259
18074,27,1.0803905725479126
18075,26,1.0069488286972046
18076,29,1.4317737817764282
18077,29,1.3781813383102417
18078,28,1.271776795387268
18079,30,1.9298328161239624
18080,28,1.2038886547088623
18081,24,0.7706040143966675
18082,27,1.1654459238052368
18083,28,1.2527081966400146
18084,28,1.2066142559051514
18085,25,0.9225928783416748
18086,24,0.707257866859436
18087,27,1.1223328113555908
18088,29,1.4642263650894165
18089,24,0.6885451078414917
18090,27,1.1455984115600586
18091,24,0.7689999341964722
18092,26,1.0280839204788208
18093,29,1.397997260093689
18094,24,0.7524417638778687
18095,27,1.1099319458007812
18096,24,0.7356703281402588
18097,28,1.3132247924804688
18098,27,1.1922507286071777
18099,29,1.4784270524978638
18100,27,1.0755994319915771
18101,29,1.417561411857605
18102,29,1.4086447954177856
18103,25,0.8582451343536377
18104,27,1.1649335622787476
18105,24,0.8001575469970703
18106,27,1.1168020963668823
18107,24,0.7832906246185303
18108,24,0.8072143793106079
18109,29,1.5061174631118774
18110,25,0.8346332311630249
18111,27,1.1509801149368286
18112,24,0.8131363391876221
18113,24,0.8019956350326538
18114,27,1.1696794033050537
18115,24,0.7889667749404907
18116,29,1.470560908317566
18117,27,1.1618345975875854
18118,27,1.1746892929077148
18119,27,1.184890866279602
18120,29,1.3773609399795532
18121,29,1.4444180727005005
18122,28,1.3261256217956543
18123,28,1.2926541566848755
18124,29,1.4504255056381226
18125,25,0.8198802471160889
18126,27,1.1416723728179932
18127,29,1.4540385007858276
18128,28,1.3441540002822876
18129,30,1.8413137197494507
18130,24,0.7855483293533325
18131,24,0.7554600238800049
18132,24,0.7707490921020508
18133,24,0.8057374954223633
18134,27,1.100264310836792
18135,28,1.3003510236740112
18136,27,1.1343271732330322
18137,27,1.164919137954712
18138,29,1.4374958276748657
18139,30,1.7456825971603394
18140,24,0.804559588432312
18141,24,0.8116676807403564
18142,24,0.7503060102462769
18143,28,1.202156662940979
18144,27,1.1644084453582764
18145,27,1.1358144283294678
18146,28,1.3219906091690063
18147,29,1.4643536806106567
18148,29,1.4648627042770386
18149,28,1.2772903442382812
18150,28,1.2987573146820068
18151,25,0.8234477043151855
18152,24,0.7353984117507935
18153,25,0.8450154066085815
18154,30,1.6215285062789917
18155,27,1.1820896863937378
18156,27,1.1511417627334595
18157,26,1.0071499347686768
18158,24,0.8071608543395996
18159,30,1.9180866479873657
18160,25,0.8301537036895752
18161,24,0.7967134714126587
18162,25,0.854110836982727
18163,25,0.8625547885894775
18164,24,0.7827370166778564
18165,27,1.1496886014938354
18166,25,0.8231215476989746
18167,24,0.7746831178665161
18168,29,1.4324735403060913
18169,24,0.7879681587219238
18170,27,1.1122604608535767
18171,29,1.5134927034378052
18172,27,1.1724696159362793
18173,22,0.4569694995880127
18174,29,1.5299142599105835
18175,29,1.4644027948379517
18176,24,0.7911133766174316
18177,29,1.3966823816299438
18178,25,0.8188276290893555
18179,30,1.7446283102035522
18180,25,0.8507606983184814
18181,28,1.2147778272628784
18182,29,1.3836842775344849
18183,24,0.7930572032928467
18184,27,1.1529561281204224
18185,30,1.8103708028793335
18186,27,1.1630072593688965
18187,30,1.650264859199524
18188,24,0.7782914638519287
18189,30,1.89104163646698
18190,24,0.7945716381072998
18191,24,0.7342571020126343
18192,27,1.1327458620071411
18193,29,1.3835710287094116
18194,29,1.4300709962844849
18195,25,0.825407862663269
18196,24,0.7532609701156616
18197,29,1.3922346830368042
18198,28,1.253538727760315
18199,24,0.791437029838562
18200,27,1.1282833814620972
18201,25,0.8602797985076904
18202,24,0.775544285774231
18203,24,0.8027936220169067
18204,25,0.824612021446228
18205,27,1.1079504489898682
18206,24,0.7947006225585938
18207,27,1.1834334135055542
18208,29,1.3958555459976196
18209,24,0.8172812461853027
18210,29,1.4918583631515503
18211,30,1.8555439710617065
18212,27,1.127442717552185
18213,28,1.198686957359314
18214,28,1.3104591369628906
18215,28,1.2794300317764282
18216,29,1.4297891855239868
18217,28,1.2074285745620728
18218,24,0.7656563520431519
18219,25,0.8293060064315796
18220,27,1.1400141716003418
18221,24,0.8023234605789185
18222,27,1.1394784450531006
18223,25,0.8353415727615356
18224,27,1.0839086771011353
18225,27,1.1789617538452148
18226,28,1.2873475551605225
18227,27,1.14235258102417
18228,29,1.3554915189743042
18229,29,1.4479340314865112
18230,24,0.8116157054901123
18231,27,1.1781185865402222
18232,24,0.7973779439926147
18233,25,0.8513894081115723
18234,27,1.1824971437454224
18235,27,1.1731139421463013
18236,28,1.2307624816894531
18237,27,1.1704561710357666
18238,30,1.8686264753341675
18239,24,0.7916271686553955
18240,30,1.5468465089797974
18241,29,1.4764739274978638
18242,27,1.1711235046386719
18243,25,0.8240687847137451
18244,27,1.195542335510254
18245,27,1.1779006719589233
18246,28,1.2125502824783325
18247,28,1.2010859251022339
18248,27,1.1786572933197021
18249,24,0.7865655422210693
18250,18,0.030026257038116455
18251,28,1.2077652215957642
18252,24,0.7792065143585205
18253,30,1.9347158670425415
18254,29,1.4016972780227661
18255,27,1.188438057899475
18256,25,0.834989070892334
18257,25,0.8332083225250244
18258,24,0.8071889877319336
18259,28,1.3149657249450684
18260,24,0.7823635339736938
18261,27,1.1612694263458252
18262,29,1.385114073753357
18263,29,1.4602209329605103
18264,27,1.102839469909668
18265,29,1.494423270225525
18266,28,1.3128328323364258
18267,24,0.812741756439209
18268,29,1.4325350522994995
18269,27,1.1387574672698975
18270,24,0.8156559467315674
18271,30,1.7907177209854126
18272,25,0.8193691968917847
18273,28,1.2457985877990723
18274,24,0.8010731935501099
18275,29,1.5392457246780396
18276,24,0.7980363368988037
18277,28,1.2309151887893677
18278,24,0.8168832063674927
18279,27,1.1919137239456177
18280,28,1.3459786176681519
18281,25,0.8426897525787354
18282,28,1.2376997470855713
18283,28,1.341556429862976
18284,29,1.4998606443405151
18285,25,0.8250865936279297
18286,29,1.4782453775405884
18287,28,1.2061227560043335
18288,29,1.3860841989517212
18289,25,0.9173556566238403
18290,24,0.7781437635421753
18291,25,0.8249915838241577
18292,27,1.1795358657836914
18293,29,1.5392893552780151
18294,27,1.1657787561416626
18295,27,1.1125593185424805
18296,27,1.1748031377792358
18297,24,0.8174878358840942
18298,28,1.2211723327636719
18299,29,1.415831446647644
18300,27,1.1715073585510254
18301,28,1.2315325736999512
18302,28,1.2130210399627686
18303,29,1.427489161491394
18304,25,0.8901433944702148
18305,29,1.3763073682785034
18306,28,1.3450270891189575
18307,24,0.8097608089447021
18308,28,1.207247018814087
18309,28,1.2091232538223267
18310,27,1.0940653085708618
18311,27,1.1811962127685547
18312,29,1.3590301275253296
18313,25,0.8631418943405151
18314,27,1.1567575931549072
18315,29,1.5138031244277954
18316,29,1.3618735074996948
18317,25,0.8521673679351807
18318,28,1.2135056257247925
18319,29,1.47006094455719
18320,29,1.4672297239303589
18321,29,1.5264488458633423
18322,25,0.856209397315979
18323,28,1.3082427978515625
18324,27,1.1393580436706543
18325,29,1.4582160711288452
18326,28,1.2088569402694702
18327,30,1.6306530237197876
18328,29,1.5217922925949097
18329,25,0.8459949493408203
18330,28,1.279976725578308
18331,28,1.2446067333221436
18332,30,1.6584452390670776
18333,27,1.1698321104049683
18334,27,1.1733627319335938
18335,25,0.8465714454650879
18336,30,1.770865559577942
18337,29,1.4096168279647827
18338,30,1.8904770612716675
18339,27,1.1801645755767822
18340,28,1.234018087387085
18341,29,1.5219289064407349
18342,30,1.541866421699524
18343,27,1.147231936454773
18344,27,1.1542946100234985
18345,25,0.8404226303100586
18346,27,1.136091947555542
18347,29,1.3613888025283813
18348,29,1.4699867963790894
18349,27,1.193936824798584
18350,29,1.4660223722457886
18351,28,1.3348907232284546
18352,29,1.443626046180725
18353,27,1.1929919719696045
18354,28,1.2177460193634033
18355,28,1.2052408456802368
18356,25,0.8591997623443604
18357,28,1.3401511907577515
18358,29,1.4451383352279663
18359,25,0.8502746820449829
18360,30,1.5615662336349487
18361,29,1.4870752096176147
18362,28,1.2088983058929443
18363,25,0.8618086576461792
18364,27,1.1484432220458984
18365,29,1.3767517805099487
18366,28,1.2287384271621704
18367,29,1.4845784902572632
18368,29,1.4284673929214478
18369,27,1.185796856880188
18370,25,0.8181790113449097
18371,29,1.469983696937561
18372,27,1.1808314323425293
18373,29,1.4151595830917358
18374,27,1.1926069259643555
18375,25,0.8456284999847412
18376,28,1.2216410636901855
18377,29,1.4095262289047241
18378,29,1.357692837715149
18379,25,0.8685621023178101
18380,29,1.437252402305603
18381,28,1.3315004110336304
18382,27,1.1876325607299805
18383,25,0.8620396852493286
18384,28,1.203851342201233
18385,25,0.8592463731765747
18386,24,0.771719217300415
18387,24,0.814537525177002
18388,24,0.7772225141525269
18389,28,1.2335646152496338
18390,25,0.8242578506469727
18391,25,0.8499476909637451
18392,30,1.8261276483535767
18393,29,1.5294283628463745
18394,29,1.4954088926315308
18395,27,1.1431583166122437
18396,28,1.2248127460479736
18397,25,0.8750479221343994
18398,24,0.8006006479263306
18399,24,0.8083081245422363
18400,29,1.5333091020584106
18401,28,1.2446600198745728
18402,27,1.1452322006225586
18403,27,1.1974060535430908
18404,28,1.209505558013916
18405,27,1.1601362228393555
18406,25,0.8515005111694336
18407,27,1.1729910373687744
18408,25,0.883251428604126
18409,24,0.7968685626983643
18410,25,0.8820075988769531
18411,28,1.2400877475738525
18412,29,1.4148536920547485
18413,25,0.85625159740448
18414,25,0.8532614707946777
18415,27,1.180435061454773
18416,28,1.2689510583877563
18417,25,0.8754998445510864
18418,27,1.1923516988754272
18419,28,1.248807668685913
18420,29,1.4936577081680298
18421,28,1.229065179824829
18422,24,0.815193772315979
18423,27,1.183651328086853
18424,25,0.8994021415710449
18425,27,1.1916121244430542
18426,30,1.8546894788742065
18427,27,1.141294240951538
18428,25,0.890648603439331
18429,28,1.219565510749817
18430,25,0.8650630712509155
18431,25,0.8811953067779541
18432,28,1.2177878618240356
18433,25,0.8388701677322388
18434,24,0.7939518690109253
18435,25,0.8624939918518066
18436,25,0.8467767238616943
18437,30,1.8720945119857788
18438,25,0.9163185358047485
18439,25,0.8967211246490479
18440,27,1.1715011596679688
18441,25,0.8687663078308105
18442,25,0.9079024791717529
18443,29,1.4735609292984009
18444,25,0.8900187015533447
18445,30,1.8280929327011108
18446,29,1.3896034955978394
18447,25,0.8319457769393921
18448,28,1.2253116369247437
18449,28,1.2208982706069946
18450,27,1.1707872152328491
18451,24,0.8161120414733887
18452,29,1.4548150300979614
18453,28,1.206281065940857
18454,25,0.8677353858947754
18455,23,0.6808063983917236
18456,27,1.1691806316375732
18457,25,0.9249347448348999
18458,27,1.0971401929855347
18459,27,1.1785125732421875
18460,28,1.205864429473877
18461,29,1.448743462562561
18462,25,0.8288911581039429
18463,27,1.1906862258911133
18464,25,0.8665274381637573
18465,25,0.8876910209655762
18466,28,1.2483186721801758
18467,25,0.8446602821350098
18468,28,1.323886752128601
18469,25,0.8758890628814697
18470,25,0.8708999156951904
18471,28,1.2445120811462402
18472,27,1.1800445318222046
18473,25,0.8725857734680176
18474,29,1.3853803873062134
18475,30,1.8263822793960571
18476,28,1.3446825742721558
18477,30,1.928536295890808
18478,30,1.5950223207473755
18479,29,1.439604640007019
18480,30,1.71621835231781
18481,25,0.8858017921447754
18482,27,1.1944987773895264
18483,27,1.1632832288742065
18484,28,1.2040793895721436
18485,28,1.250612497329712
18486,25,0.9090083837509155
18487,25,0.861501932144165
18488,21,0.38565194606781006
18489,27,1.1944987773895264
18490,30,1.659798502922058
18491,27,1.1495506763458252
18492,27,1.192759394645691
18493,27,1.1921799182891846
18494,27,1.1746950149536133
18495,30,1.5483156442642212
18496,27,1.1814396381378174
18497,30,1.909133791923523
18498,28,1.2226799726486206
18499,25,0.8987339735031128
18500,25,0.9189634323120117
18501,25,0.8537240028381348
18502,29,1.4759818315505981
18503,27,1.1685012578964233
18504,25,0.8535846471786499
18505,30,1.8257414102554321
18506,28,1.275188684463501
18507,29,1.3528200387954712
18508,29,1.469004511833191
18509,28,1.2259091138839722
18510,25,0.8893780708312988
18511,29,1.4103096723556519
18512,25,0.9115455150604248
18513,25,0.9191988706588745
18514,30,1.7180794477462769
18515,28,1.2002692222595215
18516,28,1.23113214969635
18517,27,1.188129186630249
18518,28,1.2194392681121826
18519,27,1.1809325218200684
18520,28,1.2341668605804443
18521,28,1.2268186807632446
18522,27,1.1553853750228882
18523,25,0.8899639844894409
18524,28,1.261085867881775
18525,27,1.195305585861206
18526,25,0.8578505516052246
18527,25,0.9243851900100708
18528,28,1.2177066802978516
18529,24,0.7447047233581543
18530,25,0.9139231443405151
18531,25,0.8894038200378418
18532,27,1.1779311895370483
18533,25,0.8827183246612549
18534,28,1.2295807600021362
18535,27,1.1944491863250732
18536,28,1.3443022966384888
18537,30,1.6940935850143433
18538,29,1.3723219633102417
18539,24,0.7382732629776001
18540,28,1.2790800333023071
18541,25,0.8709795475006104
18542,28,1.2312021255493164
18543,28,1.3179277181625366
18544,29,1.3657647371292114
18545,30,1.7375749349594116
18546,28,1.238778829574585
18547,25,0.8917080163955688
18548,25,0.906305193901062
18549,27,1.1754599809646606
18550,27,1.19477379322052
18551,30,1.601810097694397
18552,25,0.894782543182373
18553,25,0.9475095272064209
18554,28,1.21052086353302
18555,29,1.5051451921463013
18556,27,1.1929597854614258
18557,30,1.6212064027786255
18558,24,0.7870192527770996
18559,25,0.8918212652206421
18560,25,0.8368185758590698
18561,27,1.1867200136184692
18562,29,1.3580466508865356
18563,25,0.8544310331344604
18564,29,1.4436689615249634
18565,29,1.4166077375411987
18566,25,0.8667209148406982
18567,25,0.8868376016616821
18568,25,0.8843282461166382
18569,29,1.3557640314102173
18570,25,0.908400297164917
18571,25,0.8715759515762329
18572,30,1.7578681707382202
18573,27,1.188981294631958
18574,28,1.3035426139831543
18575,25,0.8483202457427979
18576,25,0.8670082092285156
18577,28,1.252280354499817
18578,25,0.8963851928710938
18579,28,1.2160195112228394
18580,30,1.8142095804214478
18581,28,1.202909231185913
18582,25,0.9193247556686401
18583,25,0.8494530916213989
18584,25,0.8668007850646973
18585,29,1.449558138847351
18586,25,0.8502883911132812
18587,29,1.416368842124939
18588,29,1.4338093996047974
18589,27,1.1934082508087158
18590,27,1.1772631406784058
18591,25,0.8789736032485962
18592,30,1.7500203847885132
18593,30,1.5610648393630981
18594,30,1.8148874044418335
18595,30,1.7838155031204224
18596,30,1.9081701040267944
18597,24,0.7774925231933594
18598,25,0.9298669099807739
18599,25,0.9150665998458862
18600,25,0.8889728784561157
18601,28,1.2748005390167236
18602,30,1.57085382938385
18603,27,1.184259057044983
18604,29,1.5030633211135864
18605,29,1.3535956144332886
18606,28,1.2284295558929443
18607,29,1.415946364402771
18608,25,0.9076683521270752
18609,28,1.3430460691452026
18610,27,1.1542946100234985
18611,29,1.4378589391708374
18612,29,1.4157339334487915
18613,25,0.9159969091415405
18614,28,1.2260267734527588
18615,27,1.19319486618042
18616,30,1.7949804067611694
18617,27,1.178110122680664
18618,24,0.7006087303161621
18619,27,1.1941640377044678
18620,25,0.8655083179473877
18621,28,1.2299354076385498
18622,25,0.8744152784347534
18623,29,1.4744220972061157
18624,29,1.5146695375442505
18625,30,1.6272741556167603
18626,26,0.9625415802001953
18627,30,1.829722285270691
18628,28,1.3040225505828857
18629,25,0.8418186902999878
18630,25,0.8267273902893066
18631,25,0.9032361507415771
18632,28,1.2662975788116455
18633,25,0.8905549049377441
18634,25,0.914617657661438
18635,28,1.32929527759552
18636,25,0.906342625617981
18637,28,1.2116779088974
18638,29,1.4355107545852661
18639,28,1.2491532564163208
18640,28,1.2165685892105103
18641,28,1.2402325868606567
18642,29,1.3652914762496948
18643,25,0.9107260704040527
18644,25,0.8876299858093262
18645,30,1.8363622426986694
18646,25,0.8527030944824219
18647,30,1.8271628618240356
18648,29,1.512405276298523
18649,30,1.570308804512024
18650,25,0.8574173450469971
18651,27,1.1939258575439453
18652,30,1.5962907075881958
18653,30,1.571062684059143
18654,25,0.8829190731048584
18655,28,1.2119712829589844
18656,28,1.282996416091919
18657,25,0.8980197906494141
18658,25,0.9429721832275391
18659,28,1.2751532793045044
18660,25,0.9053332805633545
18661,28,1.2489198446273804
18662,25,0.838653564453125
18663,25,0.9175865650177002
18664,27,1.1883254051208496
18665,29,1.448733925819397
18666,25,0.8457323312759399
18667,25,0.8804118633270264
18668,28,1.264323353767395
18669,28,1.2143548727035522
18670,30,1.8919068574905396
18671,29,1.5324052572250366
18672,28,1.199544072151184
18673,27,1.1986740827560425
18674,29,1.4175831079483032
18675,19,0.10154271125793457
18676,28,1.2086485624313354
18677,29,1.3677791357040405
18678,25,0.8752963542938232
18679,28,1.2464698553085327
18680,25,0.9166910648345947
18681,25,0.9060721397399902
18682,30,1.9638539552688599
18683,29,1.4294759035110474
18684,29,1.4682103395462036
18685,29,1.4772590398788452
18686,30,1.7393521070480347
18687,29,1.386231780052185
18688,25,0.8918898105621338
18689,28,1.2688738107681274
18690,29,1.3993059396743774
18691,25,0.8713690042495728
18692,27,1.1412568092346191
18693,28,1.2555103302001953
18694,30,1.7593082189559937
18695,28,1.214393138885498
18696,28,1.217786192893982
18697,30,1.5600892305374146
18698,28,1.211079716682434
18699,29,1.5017579793930054
18700,26,0.969514012336731
18701,29,1.4780031442642212
18702,29,1.53046715259552
18703,28,1.201462745666504
18704,29,1.506872534751892
18705,30,1.5743950605392456
18706,28,1.2596923112869263
18707,25,0.9319514036178589
18708,30,1.7546495199203491
18709,25,0.9060783386230469
18710,25,0.900761604309082
18711,30,1.5812538862228394
18712,30,1.835187315940857
18713,29,1.4452162981033325
18714,30,1.5637718439102173
18715,25,0.89984130859375
18716,25,0.9174379110336304
18717,25,0.8900624513626099
18718,30,1.5831314325332642
18719,30,1.936261773109436
18720,29,1.435414433479309
18721,26,0.9627447128295898
18722,29,1.3775395154953003
18723,28,1.2645198106765747
18724,30,1.6738723516464233
18725,28,1.2338260412216187
18726,26,0.9560389518737793
18727,25,0.9403175115585327
18728,25,0.9045935869216919
18729,25,0.924567699432373
18730,30,1.5697423219680786
18731,30,1.739998698234558
18732,29,1.4366167783737183
18733,29,1.434371829032898
18734,28,1.2297799587249756
18735,30,1.8477243185043335
18736,29,1.4157370328903198
18737,30,1.7943872213363647
18738,25,0.9335919618606567
18739,29,1.4527071714401245
18740,29,1.3658312559127808
18741,29,1.5207635164260864
18742,30,1.6756285429000854
18743,30,1.6109260320663452
18744,28,1.2265897989273071
18745,28,1.214333415031433
18746,25,0.9303845167160034
18747,30,1.5487676858901978
18748,28,1.2731609344482422
18749,25,0.9150741100311279
18750,27,1.1647077798843384
18751,30,1.602781891822815
18752,25,0.9274983406066895
18753,26,0.9570260047912598
18754,25,0.9272220134735107
18755,28,1.2554068565368652
18756,28,1.215360164642334
18757,30,1.5695871114730835
18758,28,1.297331690788269
18759,28,1.2171787023544312
18760,25,0.9066821336746216
18761,25,0.9316281080245972
18762,27,1.1666138172149658
18763,28,1.2669142484664917
18764,30,1.7433561086654663
18765,29,1.4130419492721558
18766,29,1.4717499017715454
18767,28,1.2608213424682617
18768,30,1.5982478857040405
18769,25,0.8833271265029907
18770,30,1.790483832359314
18771,29,1.4375110864639282
18772,16,-0.2291947603225708
18773,26,0.9660457372665405
18774,26,0.950027585029602
18775,25,0.9352545738220215
18776,29,1.4938114881515503
18777,28,1.2032809257507324
18778,30,1.893051266670227
18779,30,1.5923629999160767
18780,25,0.9364703893661499
18781,29,1.4519752264022827
18782,24,0.8115249872207642
18783,25,0.8900744915008545
18784,30,1.6741951704025269
18785,25,0.8757730722427368
18786,26,0.9570307731628418
18787,25,0.9228862524032593
18788,29,1.5070503950119019
18789,28,1.2765440940856934
18790,25,0.9379711151123047
18791,28,1.2026845216751099
18792,25,0.9339425563812256
18793,30,1.7096084356307983
18794,29,1.4553295373916626
18795,30,1.5863946676254272
18796,28,1.295782208442688
18797,30,1.5657492876052856
18798,30,1.83482825756073
18799,29,1.5033401250839233
18800,29,1.414394497871399
18801,28,1.2746998071670532
18802,29,1.5407155752182007
18803,28,1.2885264158248901
18804,26,0.959717869758606
18805,28,1.2421085834503174
18806,29,1.4840434789657593
18807,25,0.9136767387390137
18808,28,1.3135408163070679
18809,29,1.3844794034957886
18810,29,1.4897207021713257
18811,26,0.9741458892822266
18812,30,1.5632423162460327
18813,28,1.2723721265792847
18814,28,1.3214731216430664
18815,26,0.9634640216827393
18816,28,1.253382921218872
18817,26,0.9550529718399048
18818,25,0.9351022243499756
18819,25,0.884140133857727
18820,28,1.2526084184646606
18821,30,1.8606854677200317
18822,28,1.3398712873458862
18823,30,1.9417825937271118
18824,25,0.9469597339630127
18825,25,0.9115275144577026
18826,28,1.2692937850952148
18827,29,1.4555429220199585
18828,26,0.9611939191818237
18829,29,1.5067797899246216
18830,29,1.5031880140304565
18831,30,1.5928899049758911
18832,26,0.952576756477356
18833,26,0.9928886890411377
18834,26,0.9618597030639648
18835,29,1.4727884531021118
18836,30,1.8498660326004028
18837,28,1.2628090381622314
18838,30,1.7556720972061157
18839,28,1.2378894090652466
18840,25,0.9135699272155762
18841,25,0.9086425304412842
18842,25,0.9016770124435425
18843,26,0.9656497240066528
18844,26,0.9560588598251343
18845,29,1.4243851900100708
18846,28,1.298094630241394
18847,30,1.9216095209121704
18848,28,1.2352567911148071
18849,30,1.6259270906448364
18850,30,1.619115948677063
18851,26,0.97096848487854
18852,28,1.2809441089630127
18853,29,1.3551419973373413
18854,29,1.4627374410629272
18855,29,1.421958327293396
18856,30,1.8099349737167358
18857,28,1.250590443611145
18858,28,1.3107446432113647
18859,25,0.8925617933273315
18860,28,1.2745177745819092
18861,28,1.2696501016616821
18862,28,1.3134658336639404
18863,29,1.5203849077224731
18864,29,1.4878195524215698
18865,28,1.2465649843215942
18866,28,1.2140647172927856
18867,26,0.9689861536026001
18868,25,0.944960355758667
18869,26,0.9552822113037109
18870,25,0.8808226585388184
18871,30,1.609500765800476
18872,28,1.2770699262619019
18873,26,0.9712353944778442
18874,30,1.7941259145736694
18875,26,0.9729032516479492
18876,29,1.5214241743087769
18877,25,0.9104472398757935
18878,28,1.2225667238235474
18879,30,1.6174007654190063
18880,25,0.9322406053543091
18881,29,1.5195759534835815
18882,29,1.5015002489089966
18883,25,0.9115582704544067
18884,28,1.2371230125427246
18885,26,0.9531995058059692
18886,30,1.5922847986221313
18887,28,1.28950834274292
18888,29,1.497209906578064
18889,28,1.2875462770462036
18890,25,0.9480968713760376
18891,25,0.924396276473999
18892,28,1.2680615186691284
18893,30,1.5636793375015259
18894,29,1.4307459592819214
18895,28,1.2172470092773438
18896,26,1.0077927112579346
18897,29,1.487787127494812
18898,30,1.9192370176315308
18899,27,1.1408281326293945
18900,25,0.9357799291610718
18901,26,0.9758892059326172
18902,30,1.8316582441329956
18903,28,1.2625489234924316
18904,27,1.1048672199249268
18905,29,1.4996780157089233
18906,28,1.2747222185134888
18907,30,1.590143084526062
18908,26,1.0089935064315796
18909,28,1.328869342803955
18910,29,1.4710475206375122
18911,28,1.28059720993042
18912,30,1.8994568586349487
18913,25,0.9363688230514526
18914,29,1.446938395500183
18915,30,1.8992522954940796
18916,29,1.4753493070602417
18917,30,1.6748915910720825
18918,29,1.488564133644104
18919,23,0.6102885007858276
18920,29,1.4890536069869995
18921,27,1.1870365142822266
18922,26,1.0400781631469727
18923,25,0.9469869136810303
18924,28,1.2209630012512207
18925,30,1.8710726499557495
18926,26,0.9878356456756592
18927,28,1.3196532726287842
18928,26,0.9980930089950562
18929,28,1.2170788049697876
18930,26,0.9824457168579102
18931,28,1.2826199531555176
18932,25,0.8920822143554688
18933,26,0.9698736667633057
18934,30,1.9011470079421997
18935,30,1.7900952100753784
18936,30,1.6367484331130981
18937,28,1.2970054149627686
18938,29,1.4859291315078735
18939,30,1.872015357017517
18940,29,1.4376353025436401
18941,28,1.3240153789520264
18942,28,1.254602313041687
18943,27,1.1365140676498413
18944,26,0.9836958646774292
18945,26,0.9867888689041138
18946,28,1.2526404857635498
18947,27,1.1975007057189941
18948,28,1.304721474647522
18949,26,0.9733449220657349
18950,29,1.432794451713562
18951,28,1.3081982135772705
18952,26,0.9559733867645264
18953,28,1.2580349445343018
18954,29,1.3855589628219604
18955,26,0.9687892198562622
18956,28,1.2511951923370361
18957,29,1.4735790491104126
18958,26,1.00243079662323
18959,28,1.2735772132873535
18960,30,1.8435012102127075
18961,28,1.2368546724319458
18962,26,0.9500685930252075
18963,30,1.9690099954605103
18964,28,1.3141359090805054
18965,28,1.3382409811019897
18966,28,1.3290716409683228
18967,28,1.2740503549575806
18968,26,0.9706200361251831
18969,28,1.257002830505371
18970,28,1.2551331520080566
18971,29,1.5081902742385864
18972,26,0.961326003074646
18973,25,0.9476214647293091
18974,28,1.2847042083740234
18975,28,1.2235817909240723
18976,28,1.2330371141433716
18977,26,0.978508710861206
18978,28,1.3142156600952148
18979,29,1.4937330484390259
18980,29,1.4909180402755737
18981,26,0.9969745874404907
18982,28,1.2139160633087158
18983,29,1.377479910850525
18984,30,1.544962763786316
18985,28,1.3432432413101196
18986,28,1.251880168914795
18987,29,1.5130916833877563
18988,28,1.3009546995162964
18989,28,1.2794172763824463
18990,29,1.3759397268295288
18991,29,1.396480917930603
18992,25,0.9312846660614014
18993,28,1.2973711490631104
18994,30,1.6932426691055298
18995,13,-0.5466350317001343
18996,28,1.2872881889343262
18997,28,1.2688496112823486
18998,26,0.9554758071899414
18999,30,1.9090722799301147
19000,28,1.2965677976608276
19001,28,1.2837334871292114
19002,26,1.0115008354187012
19003,28,1.2048516273498535
19004,26,1.004436731338501
19005,28,1.3243640661239624
19006,28,1.2252284288406372
19007,29,1.4321833848953247
19008,26,0.9933252334594727
19009,28,1.332534909248352
19010,28,1.3339418172836304
19011,26,1.0201621055603027
19012,26,0.9985607862472534
19013,30,1.7857664823532104
19014,25,0.8815841674804688
19015,29,1.538185477256775
19016,29,1.4354277849197388
19017,28,1.2903510332107544
19018,30,1.747986912727356
19019,28,1.3091896772384644
19020,29,1.4479707479476929
19021,28,1.3062688112258911
19022,28,1.2756397724151611
19023,28,1.275256633758545
19024,30,1.7674919366836548
19025,26,0.9760024547576904
19026,30,1.9020782709121704
19027,26,0.9979859590530396
19028,26,0.9562307596206665
19029,28,1.2831356525421143
19030,26,0.9729104042053223
19031,30,1.9547244310379028
19032,28,1.281383752822876
19033,26,1.0097121000289917
19034,26,0.9975965023040771
19035,30,1.9095865488052368
19036,28,1.2583619356155396
19037,28,1.2814321517944336
19038,29,1.5151675939559937
19039,28,1.3113176822662354
19040,26,0.9889287948608398
19041,30,1.5658677816390991
19042,26,0.9609729051589966
19043,26,1.0041652917861938
19044,28,1.2270636558532715
19045,29,1.509168028831482
19046,28,1.329877257347107
19047,28,1.3085802793502808
19048,30,1.566097378730774
19049,24,0.8005553483963013
19050,29,1.411056637763977
19051,25,0.9400029182434082
19052,28,1.3058865070343018
19053,28,1.2835979461669922
19054,29,1.5252491235733032
19055,29,1.522727131843567
19056,26,0.9569331407546997
19057,29,1.501060128211975
19058,29,1.4657858610153198
19059,29,1.4329217672348022
19060,30,1.6259864568710327
19061,26,1.0024162530899048
19062,26,0.9539705514907837
19063,26,0.9691182374954224
19064,29,1.536033034324646
19065,28,1.2627652883529663
19066,26,0.9749979972839355
19067,28,1.290595293045044
19068,26,1.0131473541259766
19069,29,1.4185351133346558
19070,30,1.5756226778030396
19071,28,1.2864700555801392
19072,30,1.726213812828064
19073,28,1.2562135457992554
19074,26,0.9721554517745972
19075,29,1.4713724851608276
19076,28,1.2702852487564087
19077,20,0.19071054458618164
19078,26,0.9520580768585205
19079,30,1.8598450422286987
19080,26,0.9850864410400391
19081,29,1.5404702425003052
19082,29,1.4764496088027954
19083,26,0.9583495855331421
19084,30,1.9216424226760864
19085,26,1.0151735544204712
19086,29,1.5061203241348267
19087,26,0.9765646457672119
19088,30,1.6441506147384644
19089,29,1.3805774450302124
19090,28,1.2657930850982666
19091,30,1.8237472772598267
19092,29,1.4352763891220093
19093,28,1.3119741678237915
19094,25,0.9190577268600464
19095,28,1.2332769632339478
19096,29,1.5266627073287964
19097,29,1.4158676862716675
19098,28,1.337572455406189
19099,29,1.451198935508728
19100,28,1.3322330713272095
19101,28,1.2795069217681885
19102,26,1.0369627475738525
19103,26,0.9892317056655884
19104,29,1.4348794221878052
19105,29,1.4392369985580444
19106,30,1.612655520439148
19107,30,1.797117829322815
19108,28,1.2802587747573853
19109,28,1.294468879699707
19110,28,1.3038514852523804
19111,25,0.9492855072021484
19112,26,1.0450314283370972
19113,26,0.9676450490951538
19114,30,1.8453010320663452
19115,30,1.5579015016555786
19116,28,1.3044942617416382
19117,29,1.4423679113388062
19118,28,1.3116962909698486
19119,25,0.9113951921463013
19120,28,1.2928833961486816
19121,30,1.919378638267517
19122,28,1.3499122858047485
19123,29,1.5039047002792358
19124,30,1.6214953660964966
19125,26,1.0262125730514526
19126,30,1.8694499731063843
19127,28,1.310886025428772
19128,26,1.0114338397979736
19129,26,1.0193352699279785
19130,30,1.5736750364303589
19131,28,1.2946336269378662
19132,28,1.2970523834228516
19133,26,0.9603153467178345
19134,26,1.0165233612060547
19135,29,1.353613018989563
19136,26,1.0370794534683228
19137,27,1.078357219696045
19138,29,1.4468010663986206
19139,30,1.691022276878357
19140,30,1.8307958841323853
19141,30,1.5933393239974976
19142,26,1.008125901222229
19143,25,0.9423165321350098
19144,30,1.6082535982131958
19145,29,1.420089840888977
19146,28,1.2848042249679565
19147,28,1.2939088344573975
19148,26,1.0283091068267822
19149,28,1.3481234312057495
19150,28,1.3498576879501343
19151,28,1.2786619663238525
19152,29,1.4454602003097534
19153,30,1.5961390733718872
19154,30,1.8923872709274292
19155,29,1.526241660118103
19156,26,0.997469425201416
19157,28,1.342284083366394
19158,28,1.27554452419281
19159,26,1.0148447751998901
19160,28,1.2773586511611938
19161,26,1.011336088180542
19162,28,1.282529592514038
19163,28,1.3016159534454346
19164,30,1.8207646608352661
19165,26,0.9991743564605713
19166,26,1.0197367668151855
19167,29,1.3598977327346802
19168,28,1.3010613918304443
19169,26,1.020322561264038
19170,29,1.4679476022720337
19171,30,1.8078769445419312
19172,26,1.0392402410507202
19173,29,1.5078498125076294
19174,26,1.001516580581665
19175,26,0.9795670509338379
19176,28,1.3102847337722778
19177,29,1.4961990118026733
19178,30,1.653149962425232
19179,26,0.9628751277923584
19180,29,1.5302366018295288
19181,29,1.3845363855361938
19182,28,1.3012446165084839
19183,28,1.296467900276184
19184,29,1.5390607118606567
19185,28,1.295699954032898
19186,29,1.4936023950576782
19187,26,0.981461763381958
19188,29,1.4678767919540405
19189,28,1.342697262763977
19190,29,1.5269991159439087
19191,29,1.3526376485824585
19192,28,1.2559781074523926
19193,30,1.8530656099319458
19194,30,1.5902904272079468
19195,28,1.3287266492843628
19196,30,1.5953246355056763
19197,26,1.0208805799484253
19198,28,1.3227885961532593
19199,25,0.9170223474502563
19200,29,1.5106862783432007
19201,28,1.3269069194793701
19202,28,1.2926723957061768
19203,28,1.33135187625885
19204,26,1.0474870204925537
19205,30,1.8108552694320679
19206,30,1.8762799501419067
19207,29,1.4296611547470093
19208,28,1.286663293838501
19209,28,1.3520361185073853
19210,30,1.806564450263977
19211,30,1.5755659341812134
19212,28,1.3020309209823608
19213,26,1.0362437963485718
19214,30,1.9245051145553589
19215,29,1.409589409828186
19216,26,0.9545371532440186
19217,27,1.106194019317627
19218,28,1.3043655157089233
19219,26,1.030167818069458
19220,30,1.8235520124435425
19221,28,1.3056395053863525
19222,28,1.339157223701477
19223,30,1.5969809293746948
19224,30,1.548754334449768
19225,29,1.53516685962677
19226,30,1.5456351041793823
19227,26,1.0297878980636597
19228,26,1.0118305683135986
19229,28,1.3515559434890747
19230,30,1.5702999830245972
19231,28,1.3244701623916626
19232,26,1.0177706480026245
19233,28,1.3015503883361816
19234,26,1.0321934223175049
19235,26,0.9853050708770752
19236,26,1.0245474576950073
19237,26,0.9999129772186279
19238,30,1.5489267110824585
19239,26,1.0018128156661987
19240,28,1.3517218828201294
19241,30,1.5896388292312622
19242,27,1.0909993648529053
19243,28,1.2960340976715088
19244,27,1.085254430770874
19245,30,1.6036924123764038
19246,26,1.0387754440307617
19247,30,1.9119797945022583
19248,26,0.9956032037734985
19249,30,1.805195689201355
19250,26,1.0205936431884766
19251,28,1.341223120689392
19252,26,0.986358642578125
19253,29,1.5267077684402466
19254,25,0.8495666980743408
19255,28,1.254148244857788
19256,28,1.2899577617645264
19257,29,1.465610384941101
19258,26,1.0506587028503418
19259,28,1.3106598854064941
19260,27,1.072751760482788
19261,26,1.0356322526931763
19262,28,1.3376773595809937
19263,26,1.022855281829834
19264,29,1.5198415517807007
19265,26,1.0506834983825684
19266,26,1.0476723909378052
19267,30,1.5930129289627075
19268,28,1.337861180305481
19269,30,1.873918890953064
19270,28,1.3119546175003052
19271,29,1.5353480577468872
19272,26,1.057474970817566
19273,28,1.3146103620529175
19274,30,1.9249416589736938
19275,29,1.4207512140274048
19276,28,1.3391410112380981
19277,29,1.4070414304733276
19278,29,1.4579356908798218
19279,28,1.3245810270309448
19280,30,1.7344132661819458
19281,28,1.3077324628829956
19282,29,1.3686307668685913
19283,29,1.3557180166244507
19284,30,1.6164625883102417
19285,28,1.3119096755981445
19286,26,1.0316811800003052
19287,26,1.0371311902999878
19288,29,1.4504936933517456
19289,26,1.0475268363952637
19290,26,1.0147324800491333
19291,29,1.5017329454421997
19292,26,1.0347000360488892
19293,27,1.0736554861068726
19294,26,1.0316647291183472
19295,29,1.4323641061782837
19296,29,1.4188276529312134
19297,29,1.3666127920150757
19298,26,1.0326817035675049
19299,29,1.490979552268982
19300,29,1.5277904272079468
19301,26,1.061094880104065
19302,30,1.7111433744430542
19303,26,1.038124442100525
19304,29,1.4957088232040405
19305,28,1.325039267539978
19306,26,1.0390965938568115
19307,29,1.5152896642684937
19308,29,1.536810278892517
19309,29,1.4590333700180054
19310,28,1.3490792512893677
19311,26,1.0450576543807983
19312,28,1.3459428548812866
19313,28,1.3017451763153076
19314,30,1.5814217329025269
19315,26,1.042271375656128
19316,30,1.6329950094223022
19317,30,1.6257518529891968
19318,30,1.5541006326675415
19319,26,1.0276416540145874
19320,26,1.0414021015167236
19321,29,1.4848657846450806
19322,29,1.3747402429580688
19323,30,1.890964388847351
19324,26,1.012746810913086
19325,26,1.0572162866592407
19326,29,1.432155728340149
19327,27,1.0732053518295288
19328,29,1.3624111413955688
19329,28,1.3274016380310059
19330,29,1.45675790309906
19331,26,0.9929475784301758
19332,27,1.1063165664672852
19333,30,1.6236308813095093
19334,28,1.3057104349136353
19335,29,1.3614815473556519
19336,28,1.2618553638458252
19337,26,1.0542843341827393
19338,30,1.5482178926467896
19339,26,1.059635043144226
19340,26,1.0593239068984985
19341,30,1.5676554441452026
19342,26,1.025253415107727
19343,26,1.0373872518539429
19344,30,1.6313649415969849
19345,26,1.0157829523086548
19346,29,1.3648148775100708
19347,26,1.0553812980651855
19348,29,1.5083266496658325
19349,26,1.0625654458999634
19350,29,1.3771549463272095
19351,22,0.4667360782623291
19352,29,1.4529343843460083
19353,29,1.3948229551315308
19354,28,1.242095708847046
19355,28,1.3315192461013794
19356,29,1.5414150953292847
19357,30,1.632184624671936
19358,28,1.3242210149765015
19359,28,1.3038116693496704
19360,29,1.3893076181411743
19361,30,1.580039143562317
19362,27,1.0863921642303467
19363,28,1.3309906721115112
19364,25,0.8546268939971924
19365,26,1.0429917573928833
19366,29,1.4070342779159546
19367,30,1.7533022165298462
19368,30,1.6680721044540405
19369,26,1.0003302097320557
19370,26,1.0630279779434204
19371,26,1.0493351221084595
19372,29,1.5154715776443481
19373,30,1.552876353263855
19374,29,1.4764193296432495
19375,27,1.0750091075897217
19376,28,1.3440510034561157
19377,30,1.6276553869247437
19378,27,1.0723347663879395
19379,30,1.6400288343429565
19380,30,1.870627522468567
19381,28,1.3257498741149902
19382,26,1.0638914108276367
19383,29,1.5029646158218384
19384,28,1.3193107843399048
19385,30,1.5469375848770142
19386,29,1.4451271295547485
19387,29,1.444520354270935
19388,30,1.5493816137313843
19389,29,1.3819738626480103
19390,30,1.5431286096572876
19391,26,1.0434365272521973
19392,29,1.3904610872268677
19393,30,1.5683945417404175
19394,29,1.4824961423873901
19395,26,1.0243916511535645
19396,29,1.4259363412857056
19397,29,1.4958268404006958
19398,26,0.9978548288345337
19399,30,1.847110629081726
19400,26,1.0289230346679688
19401,28,1.3227163553237915
19402,29,1.359007477760315
19403,29,1.39053213596344
19404,27,1.0752308368682861
19405,28,1.3344413042068481
19406,29,1.3596769571304321
19407,26,1.0510544776916504
19408,26,1.0452468395233154
19409,29,1.3529590368270874
19410,29,1.4017046689987183
19411,29,1.3788832426071167
19412,28,1.327710747718811
19413,29,1.3894575834274292
19414,29,1.3770354986190796
19415,29,1.4851211309432983
19416,27,1.0941036939620972
19417,26,1.041307806968689
19418,29,1.394466757774353
19419,26,1.0664515495300293
19420,29,1.3677698373794556
19421,28,1.33511221408844
19422,30,1.7501384019851685
19423,30,1.940609335899353
19424,30,1.5793730020523071
19425,30,1.8436404466629028
19426,28,1.2882906198501587
19427,28,1.3184189796447754
19428,30,1.8868602514266968
19429,28,1.3494678735733032
19430,30,1.8804551362991333
19431,27,1.0723758935928345
19432,29,1.3584967851638794
19433,26,1.0467629432678223
19434,29,1.354537844657898
19435,30,1.5816680192947388
19436,30,1.907601237297058
19437,28,1.3271328210830688
19438,27,1.0779253244400024
19439,30,1.7657901048660278
19440,30,1.8689287900924683
19441,26,0.9949653148651123
19442,26,1.05454421043396
19443,29,1.36227285861969
19444,28,1.3324772119522095
19445,27,1.0819579362869263
19446,30,1.5723482370376587
19447,26,1.0691123008728027
19448,29,1.3838797807693481
19449,29,1.3760582208633423
19450,26,1.0495725870132446
19451,29,1.5237687826156616
19452,28,1.3439007997512817
19453,26,1.0186609029769897
19454,29,1.4866245985031128
19455,27,1.090622901916504
19456,27,1.0726957321166992
19457,28,1.352413296699524
19458,29,1.3527671098709106
19459,28,1.2727774381637573
19460,29,1.4506655931472778
19461,29,1.3590549230575562
19462,30,1.803604245185852
19463,29,1.3728076219558716
19464,26,0.9946467876434326
19465,29,1.3713761568069458
19466,29,1.3839250802993774
19467,27,1.0820616483688354
19468,30,1.6450563669204712
19469,26,1.0177929401397705
19470,30,1.6780344247817993
19471,29,1.442980408668518
19472,27,1.0767513513565063
19473,28,1.3492563962936401
19474,29,1.3680251836776733
19475,30,1.6094967126846313
19476,26,1.0722973346710205
19477,28,1.3485532999038696
19478,26,1.040061354637146
19479,30,1.5775495767593384
19480,26,1.0604428052902222
19481,29,1.3581827878952026
19482,26,1.069368600845337
19483,29,1.3890990018844604
19484,30,1.659138560295105
19485,29,1.426921010017395
19486,29,1.5347212553024292
19487,29,1.3542770147323608
19488,26,1.008849859237671
19489,27,1.0729725360870361
19490,26,1.003070592880249
19491,30,1.595885157585144
19492,29,1.4720388650894165
19493,30,1.56812584400177
19494,30,1.8326236009597778
19495,30,1.5634366273880005
19496,30,1.5894590616226196
19497,29,1.37397301197052
19498,28,1.3328815698623657
19499,28,1.3470290899276733
19500,29,1.5164190530776978
19501,30,1.6397312879562378
19502,30,1.5677932500839233
19503,29,1.3609877824783325
19504,27,1.0795505046844482
19505,27,1.0827221870422363
19506,29,1.3883732557296753
19507,30,1.7608760595321655
19508,30,1.8829330205917358
19509,27,1.0739378929138184
19510,27,1.1197258234024048
19511,29,1.3600267171859741
19512,29,1.484523892402649
19513,29,1.3895846605300903
19514,29,1.403540015220642
19515,29,1.4009085893630981
19516,27,1.083526849746704
19517,30,1.8539320230484009
19518,29,1.3783777952194214
19519,30,1.9014593362808228
19520,30,1.5739303827285767
19521,27,1.1041194200515747
19522,27,1.1006327867507935
19523,26,1.031045913696289
19524,29,1.4172922372817993
19525,26,1.0673081874847412
19526,27,1.1035088300704956
19527,29,1.3668237924575806
19528,29,1.5140031576156616
19529,28,1.3456162214279175
19530,30,1.5953079462051392
19531,26,0.9950411319732666
19532,29,1.4663435220718384
19533,30,1.9191044569015503
19534,29,1.3724135160446167
19535,30,1.883808970451355
19536,29,1.3830019235610962
19537,27,1.11566960811615
19538,30,1.5886939764022827
19539,30,1.8257383108139038
19540,29,1.4188834428787231
19541,29,1.3647652864456177
19542,27,1.0799564123153687
19543,26,1.02938973903656
19544,30,1.897934079170227
19545,27,1.0747287273406982
19546,30,1.597800374031067
19547,30,1.6353899240493774
19548,28,1.3253370523452759
19549,30,1.7604931592941284
19550,29,1.3829244375228882
19551,29,1.4105535745620728
19552,30,1.6360965967178345
19553,28,1.3132067918777466
19554,29,1.3564938306808472
19555,30,1.9214411973953247
19556,27,1.0887959003448486
19557,29,1.3558076620101929
19558,29,1.394382357597351
19559,30,1.7945853471755981
19560,29,1.539849877357483
19561,29,1.3528095483779907
19562,29,1.3926914930343628
19563,27,1.0915610790252686
19564,30,1.567909598350525
19565,29,1.381616234779358
19566,30,1.625769019126892
19567,29,1.401239275932312
19568,26,1.0626823902130127
19569,27,1.0944092273712158
19570,29,1.4054831266403198
19571,27,1.101575493812561
19572,27,1.1157969236373901
19573,29,1.5251864194869995
19574,29,1.528525471687317
19575,30,1.5799683332443237
19576,30,1.6433998346328735
19577,30,1.712588906288147
19578,30,1.8720484972000122
19579,29,1.4108806848526
19580,30,1.8967057466506958
19581,27,1.10359787940979
19582,26,1.0710071325302124
19583,30,1.6033962965011597
19584,26,1.0571682453155518
19585,30,1.5718644857406616
19586,29,1.372226595878601
19587,26,1.0598570108413696
19588,30,1.542833685874939
19589,30,1.8600043058395386
19590,27,1.1083309650421143
19591,29,1.359362006187439
19592,30,1.8975054025650024
19593,26,0.9878710508346558
19594,26,1.0490152835845947
19595,30,1.6377633810043335
19596,27,1.1928043365478516
19597,29,1.3837155103683472
19598,30,1.5955129861831665
19599,30,1.6327813863754272
19600,29,1.3832906484603882
19601,29,1.4317086935043335
19602,30,1.5976682901382446
19603,29,1.5207844972610474
19604,29,1.403157114982605
19605,29,1.388980507850647
19606,30,1.8622316122055054
19607,29,1.3878768682479858
19608,27,1.077317714691162
19609,27,1.0816088914871216
19610,27,1.096434235572815
19611,27,1.1129341125488281
19612,27,1.0985486507415771
19613,29,1.4183462858200073
19614,30,1.564038872718811
19615,30,1.6095579862594604
19616,30,1.608303427696228
19617,29,1.3534075021743774
19618,23,0.5933403968811035
19619,27,1.1471389532089233
19620,30,1.5589169263839722
19621,27,1.146781325340271
19622,27,1.0967345237731934
19623,26,1.0334231853485107
19624,29,1.4684959650039673
19625,30,1.8359605073928833
19626,29,1.3878363370895386
19627,30,1.615609049797058
19628,29,1.3727256059646606
19629,29,1.398621916770935
19630,27,1.1394994258880615
19631,30,1.81910240650177
19632,30,1.619545578956604
19633,29,1.4613879919052124
19634,29,1.495698094367981
19635,29,1.4357486963272095
19636,27,1.0874295234680176
19637,29,1.515722393989563
19638,27,1.107770562171936
19639,30,1.8989671468734741
19640,26,1.0584231615066528
19641,30,1.7598520517349243
19642,27,1.102295160293579
19643,30,1.9574917554855347
19644,29,1.3626195192337036
19645,30,1.6280184984207153
19646,30,1.6136494874954224
19647,30,1.6454890966415405
19648,29,1.5314418077468872
19649,29,1.396832823753357
19650,29,1.4362555742263794
19651,29,1.3682571649551392
19652,29,1.5257028341293335
19653,30,1.6315032243728638
19654,30,1.602505087852478
19655,30,1.8905216455459595
19656,29,1.4233797788619995
19657,29,1.485604166984558
19658,29,1.3988419771194458
19659,29,1.4099472761154175
19660,29,1.3902720212936401
19661,30,1.8256038427352905
19662,29,1.4775470495224
19663,29,1.401516079902649
19664,30,1.8768335580825806
19665,30,1.7648595571517944
19666,29,1.4017812013626099
19667,26,1.0693092346191406
19668,29,1.3541361093521118
19669,29,1.401840329170227
19670,27,1.0998557806015015
19671,30,1.8236271142959595
19672,30,1.6364706754684448
19673,29,1.3914490938186646
19674,30,1.6061335802078247
19675,30,1.6581491231918335
19676,27,1.0886211395263672
19677,30,1.934670329093933
19678,27,1.1391359567642212
19679,27,1.1254416704177856
19680,27,1.0972530841827393
19681,30,1.5774909257888794
19682,30,1.5647391080856323
19683,29,1.4130150079727173
19684,30,1.6347681283950806
19685,30,1.54314124584198
19686,30,1.616376519203186
19687,28,1.3103764057159424
19688,27,1.114096760749817
19689,27,1.1060932874679565
19690,27,1.0751879215240479
19691,29,1.5176838636398315
19692,30,1.8874794244766235
19693,30,1.5506888628005981
19694,30,1.6133979558944702
19695,29,1.4326242208480835
19696,26,1.0256463289260864
19697,27,1.134089469909668
19698,29,1.536063551902771
19699,29,1.5099214315414429
19700,30,1.6496890783309937
19701,29,1.3864647150039673
19702,27,1.1121718883514404
19703,30,1.7468534708023071
19704,29,1.4107698202133179
19705,29,1.4059468507766724
19706,30,1.8736292123794556
19707,27,1.0767971277236938
19708,29,1.496172547340393
19709,29,1.383445382118225
19710,27,1.1721653938293457
19711,30,1.7807692289352417
19712,29,1.4127682447433472
19713,29,1.3781100511550903
19714,29,1.4156314134597778
19715,29,1.417162537574768
19716,29,1.4304553270339966
19717,30,1.5727952718734741
19718,30,1.6896113157272339
19719,27,1.1595489978790283
19720,27,1.189258337020874
19721,27,1.1216158866882324
19722,30,1.5870755910873413
19723,29,1.3914600610733032
19724,27,1.0792800188064575
19725,30,1.672401785850525
19726,27,1.1432039737701416
19727,29,1.3683310747146606
19728,27,1.167154312133789
19729,30,1.916589379310608
19730,29,1.5256818532943726
19731,27,1.165109395980835
19732,29,1.3907297849655151
19733,30,1.942505955696106
19734,27,1.122627854347229
19735,29,1.5118283033370972
19736,27,1.1085317134857178
19737,30,1.5984009504318237
19738,29,1.3878728151321411
19739,26,1.0689526796340942
19740,29,1.4062291383743286
19741,29,1.3686825037002563
19742,27,1.0989453792572021
19743,27,1.086332082748413
19744,30,1.54969322681427
19745,30,1.5723680257797241
19746,30,1.6497465372085571
19747,27,1.1441068649291992
19748,29,1.4182661771774292
19749,30,1.8141824007034302
19750,29,1.4562979936599731
19751,30,1.5459967851638794
19752,27,1.1122151613235474
19753,29,1.3714851140975952
19754,28,1.3262646198272705
19755,30,1.6721869707107544
19756,29,1.3960579633712769
19757,29,1.4136072397232056
19758,30,1.8234325647354126
19759,26,1.05768883228302
19760,29,1.4350780248641968
19761,26,1.051195502281189
19762,30,1.6104925870895386
19763,27,1.1380152702331543
19764,27,1.1335541009902954
19765,27,1.1189886331558228
19766,26,1.0668805837631226
19767,30,1.9577964544296265
19768,27,1.1409744024276733
19769,30,1.6006394624710083
19770,27,1.1148520708084106
19771,27,1.1431268453598022
19772,29,1.5228599309921265
19773,27,1.166148066520691
19774,23,0.5510408878326416
19775,27,1.1679315567016602
19776,30,1.8416308164596558
19777,29,1.3949815034866333
19778,30,1.5451489686965942
19779,24,0.7106322050094604
19780,27,1.0876086950302124
19781,30,1.5463896989822388
19782,30,1.6257394552230835
19783,30,1.6678179502487183
19784,30,1.7398205995559692
19785,29,1.3929640054702759
19786,29,1.4046465158462524
19787,30,1.6084266901016235
19788,29,1.4039946794509888
19789,30,1.577912449836731
19790,30,1.6425186395645142
19791,30,1.569881796836853
19792,30,1.758766531944275
19793,29,1.3778413534164429
19794,29,1.3575302362442017
19795,27,1.1031430959701538
19796,27,1.140618085861206
19797,30,1.5835858583450317
19798,27,1.0777206420898438
19799,27,1.0887439250946045
19800,30,1.6491707563400269
19801,30,1.736782431602478
19802,27,1.1517906188964844
19803,30,1.683946967124939
19804,30,1.5492154359817505
19805,30,1.66085684299469
19806,27,1.1681925058364868
19807,30,1.5906094312667847
19808,29,1.4233635663986206
19809,30,1.6111899614334106
19810,29,1.4412657022476196
19811,29,1.4260362386703491
19812,27,1.1460808515548706
19813,27,1.1163491010665894
19814,30,1.9281047582626343
19815,29,1.4040278196334839
19816,27,1.1059136390686035
19817,28,1.2069755792617798
19818,30,1.8640154600143433
19819,27,1.1561877727508545
19820,27,1.1217761039733887
19821,30,1.6704634428024292
19822,30,1.6242884397506714
19823,29,1.4466792345046997
19824,27,1.1717963218688965
19825,30,1.570308804512024
19826,29,1.4585739374160767
19827,30,1.823391079902649
19828,30,1.5955477952957153
19829,30,1.7541950941085815
19830,29,1.4107109308242798
19831,29,1.3659175634384155
19832,30,1.57506263256073
19833,29,1.4254683256149292
19834,29,1.537361741065979
19835,29,1.4099010229110718
19836,30,1.5502203702926636
19837,29,1.388492226600647
19838,30,1.5908976793289185
19839,29,1.4366666078567505
19840,28,1.340746521949768
19841,27,1.1524443626403809
19842,29,1.3818942308425903
19843,29,1.46353018283844
19844,27,1.1399286985397339
19845,27,1.1292062997817993
19846,30,1.5716582536697388
19847,30,1.636008381843567
19848,27,1.1638051271438599
19849,30,1.6575695276260376
19850,30,1.94271981716156
19851,27,1.1762804985046387
19852,27,1.1395710706710815
19853,30,1.6535757780075073
19854,29,1.442151427268982
19855,30,1.662089228630066
19856,27,1.1504321098327637
19857,28,1.3352574110031128
19858,27,1.1289843320846558
19859,30,1.5852044820785522
19860,30,1.6405881643295288
19861,27,1.161413550376892
19862,27,1.196984052658081
19863,27,1.1453049182891846
19864,27,1.093523383140564
19865,30,1.7974718809127808
19866,30,1.8816131353378296
19867,27,1.1855213642120361
19868,27,1.1621932983398438
19869,27,1.1186833381652832
19870,27,1.193246841430664
19871,30,1.5435646772384644
19872,30,1.5476328134536743
19873,29,1.4283486604690552
19874,29,1.4246968030929565
19875,27,1.1496320962905884
19876,27,1.144803762435913
19877,30,1.5552586317062378
19878,30,1.5535725355148315
19879,30,1.6784383058547974
19880,30,1.6827126741409302
19881,27,1.1531603336334229
19882,27,1.0857319831848145
19883,30,1.8812509775161743
19884,27,1.1956207752227783
19885,29,1.4110718965530396
19886,30,1.6172047853469849
19887,30,1.5835407972335815
19888,27,1.1547675132751465
19889,29,1.4302293062210083
19890,27,1.1609505414962769
19891,30,1.6833909749984741
19892,29,1.3614853620529175
19893,29,1.4017952680587769
19894,30,1.887839674949646
19895,29,1.415507197380066
19896,27,1.0878344774246216
19897,30,1.6373313665390015
19898,27,1.1692161560058594
19899,29,1.4109266996383667
19900,30,1.795270562171936
19901,29,1.538591742515564
19902,30,1.9262601137161255
19903,30,1.6706088781356812
19904,27,1.158823847770691
19905,27,1.1740093231201172
19906,30,1.5797373056411743
19907,30,1.589192271232605
19908,29,1.5412787199020386
19909,30,1.6805697679519653
19910,30,1.6513792276382446
19911,30,1.622130274772644
19912,30,1.673754096031189
19913,30,1.843793511390686
19914,27,1.1347914934158325
19915,30,1.6047972440719604
19916,29,1.4363070726394653
19917,30,1.905269980430603
19918,29,1.5096625089645386
19919,29,1.4676963090896606
19920,30,1.8171306848526
19921,29,1.408011794090271
19922,30,1.5966514348983765
19923,27,1.1656908988952637
19924,29,1.397779107093811
19925,27,1.1680132150650024
19926,30,1.6161822080612183
19927,30,1.6269546747207642
19928,29,1.4227324724197388
19929,29,1.4577747583389282
19930,27,1.11564302444458
19931,27,1.1650632619857788
19932,29,1.3625162839889526
19933,30,1.9273167848587036
19934,30,1.649391531944275
19935,29,1.43696129322052
19936,27,1.1955329179763794
19937,27,1.1360291242599487
19938,30,1.683782935142517
19939,29,1.4558700323104858
19940,29,1.3733524084091187
19941,30,1.7584384679794312
19942,27,1.1408463716506958
19943,30,1.6119509935379028
19944,27,1.153325080871582
19945,29,1.4356402158737183
19946,29,1.434686541557312
19947,29,1.4522119760513306
19948,27,1.1952588558197021
19949,29,1.4426685571670532
19950,27,1.128188133239746
19951,30,1.5420023202896118
19952,30,1.6541420221328735
19953,30,1.6505135297775269
19954,29,1.4615193605422974
19955,30,1.6721831560134888
19956,29,1.4549685716629028
19957,29,1.4084445238113403
19958,29,1.4239531755447388
19959,30,1.6269229650497437
19960,29,1.4298235177993774
19961,27,1.1770344972610474
19962,29,1.4932605028152466
19963,30,1.654805064201355
19964,30,1.5702975988388062
19965,30,1.8220206499099731
19966,30,1.7495900392532349
19967,30,1.6128331422805786
19968,29,1.4953120946884155
19969,29,1.4243298768997192
19970,30,1.7251116037368774
19971,27,1.178343653678894
19972,30,1.6007627248764038
19973,27,1.1670161485671997
19974,29,1.4529281854629517
19975,29,1.4530967473983765
19976,29,1.4346970319747925
19977,30,1.6633774042129517
19978,28,1.2123409509658813
19979,29,1.3953593969345093
19980,29,1.4259344339370728
19981,30,1.9453002214431763
19982,30,1.5767678022384644
19983,27,1.1905863285064697
19984,27,1.181376338005066
19985,29,1.481500506401062
19986,30,1.8891159296035767
19987,28,1.2120896577835083
19988,30,1.6393812894821167
19989,30,1.6901863813400269
19990,30,1.6406062841415405
19991,27,1.1308934688568115
19992,27,1.168993353843689
19993,30,1.7681964635849
19994,29,1.5016287565231323
19995,30,1.5502642393112183
19996,27,1.1234544515609741
19997,29,1.4375032186508179
19998,30,1.6828628778457642
19999,30,1.5965710878372192
