sequence_row,prediction_bin,surrogate_prediction
0,2,-1.6041620969772339
1,1,-1.630983829498291
2,2,-1.5604337453842163
3,5,-1.3506507873535156
4,3,-1.4880465269088745
5,5,-1.3213863372802734
6,2,-1.5442792177200317
7,3,-1.5417536497116089
8,1,-1.613089919090271
9,1,-1.6146886348724365
10,2,-1.5613123178482056
11,1,-1.609135627746582
12,2,-1.6039408445358276
13,12,-0.3650374412536621
14,2,-1.5655943155288696
15,4,-1.4296139478683472
16,4,-1.4215573072433472
17,1,-1.6337043046951294
18,1,-1.6298844814300537
19,1,-1.6316777467727661
20,2,-1.603442668914795
21,2,-1.5503737926483154
22,1,-1.6162817478179932
23,3,-1.480349063873291
24,1,-1.651018738746643
25,2,-1.5691959857940674
26,2,-1.5680763721466064
27,1,-1.6264976263046265
28,3,-1.5177128314971924
29,9,-0.8816588521003723
30,3,-1.479526400566101
31,3,-1.4934524297714233
32,2,-1.5824089050292969
33,2,-1.5657154321670532
34,3,-1.5375816822052002
35,1,-1.6501328945159912
36,1,-1.6433666944503784
37,1,-1.6311367750167847
38,3,-1.4789066314697266
39,5,-1.2647278308868408
40,2,-1.548452377319336
41,1,-1.6338948011398315
42,1,-1.6525605916976929
43,6,-1.1991045475006104
44,6,-1.2340240478515625
45,3,-1.5324974060058594
46,1,-1.6294535398483276
47,5,-1.3391883373260498
48,2,-1.5707041025161743
49,1,-1.6329929828643799
50,1,-1.620301365852356
51,2,-1.5702714920043945
52,1,-1.6330509185791016
53,3,-1.5178430080413818
54,9,-0.8815054893493652
55,1,-1.652968168258667
56,2,-1.5455260276794434
57,2,-1.5924279689788818
58,1,-1.6056538820266724
59,2,-1.5728309154510498
60,4,-1.4623183012008667
61,3,-1.5063267946243286
62,1,-1.6197624206542969
63,1,-1.6306078433990479
64,1,-1.653327226638794
65,7,-1.0681720972061157
66,2,-1.5803229808807373
67,1,-1.6373788118362427
68,2,-1.567392349243164
69,1,-1.6548367738723755
70,1,-1.6247124671936035
71,1,-1.6148598194122314
72,1,-1.6359463930130005
73,16,0.03778114914894104
74,2,-1.5615559816360474
75,2,-1.6003879308700562
76,1,-1.6224466562271118
77,1,-1.6480238437652588
78,1,-1.6348841190338135
79,1,-1.6166335344314575
80,1,-1.6191729307174683
81,1,-1.6287130117416382
82,11,-0.5119590759277344
83,1,-1.6196821928024292
84,2,-1.5980322360992432
85,2,-1.550092339515686
86,8,-0.9249414801597595
87,5,-1.313230276107788
88,4,-1.4461374282836914
89,1,-1.6518785953521729
90,5,-1.3302381038665771
91,2,-1.59308660030365
92,2,-1.6016184091567993
93,1,-1.6338441371917725
94,4,-1.4441533088684082
95,2,-1.5912531614303589
96,1,-1.6465332508087158
97,1,-1.6518585681915283
98,1,-1.651776909828186
99,1,-1.6096642017364502
100,2,-1.5442417860031128
101,1,-1.6217478513717651
102,1,-1.6345678567886353
103,1,-1.6455549001693726
104,4,-1.3880590200424194
105,1,-1.651159405708313
106,1,-1.6472402811050415
107,1,-1.6404591798782349
108,1,-1.6234735250473022
109,1,-1.6382583379745483
110,1,-1.6470547914505005
111,1,-1.607743501663208
112,2,-1.5512069463729858
113,1,-1.634236216545105
114,4,-1.399341344833374
115,3,-1.530208706855774
116,1,-1.6474361419677734
117,3,-1.524388074874878
118,1,-1.6276606321334839
119,1,-1.623048186302185
120,1,-1.6110695600509644
121,1,-1.6275299787521362
122,1,-1.6380641460418701
123,2,-1.551493525505066
124,3,-1.5329443216323853
125,1,-1.6330608129501343
126,1,-1.6156361103057861
127,4,-1.4005277156829834
128,19,0.4280078411102295
129,9,-0.8363487720489502
130,8,-0.892291247844696
131,1,-1.629469871520996
132,1,-1.6288058757781982
133,1,-1.612501621246338
134,1,-1.6281129121780396
135,1,-1.6385283470153809
136,1,-1.636193037033081
137,2,-1.5731070041656494
138,1,-1.6492105722427368
139,1,-1.625524878501892
140,1,-1.6219114065170288
141,1,-1.6266413927078247
142,1,-1.606546401977539
143,8,-0.9494637846946716
144,2,-1.5757097005844116
145,1,-1.6150840520858765
146,2,-1.577429175376892
147,1,-1.6471631526947021
148,1,-1.6207395792007446
149,2,-1.5784132480621338
150,3,-1.5170751810073853
151,4,-1.4518141746520996
152,1,-1.6340014934539795
153,1,-1.6299976110458374
154,3,-1.5077135562896729
155,1,-1.6201884746551514
156,3,-1.4735316038131714
157,2,-1.5751298666000366
158,9,-0.7917951345443726
159,3,-1.5381850004196167
160,2,-1.5702284574508667
161,1,-1.6159409284591675
162,6,-1.2537705898284912
163,1,-1.6349998712539673
164,1,-1.633313536643982
165,1,-1.629475474357605
166,5,-1.348301887512207
167,1,-1.62837553024292
168,2,-1.5915590524673462
169,1,-1.6513817310333252
170,1,-1.620483160018921
171,1,-1.6373655796051025
172,6,-1.2516841888427734
173,1,-1.6334692239761353
174,1,-1.640045404434204
175,2,-1.5544825792312622
176,2,-1.5753289461135864
177,1,-1.6443265676498413
178,8,-1.0046496391296387
179,1,-1.6373182535171509
180,1,-1.6410359144210815
181,3,-1.5015172958374023
182,4,-1.4340369701385498
183,2,-1.5694890022277832
184,3,-1.5015373229980469
185,1,-1.6192086935043335
186,1,-1.628069281578064
187,1,-1.616060495376587
188,1,-1.6263295412063599
189,3,-1.4875819683074951
190,6,-1.2615220546722412
191,1,-1.646167278289795
192,1,-1.618194818496704
193,1,-1.6455987691879272
194,1,-1.6537325382232666
195,2,-1.5851188898086548
196,1,-1.6395751237869263
197,1,-1.6242998838424683
198,1,-1.6450127363204956
199,1,-1.6288135051727295
200,18,0.2795153856277466
201,1,-1.6271744966506958
202,1,-1.6392531394958496
203,7,-1.049498200416565
204,1,-1.6474426984786987
205,1,-1.6442395448684692
206,2,-1.5856451988220215
207,1,-1.6154682636260986
208,1,-1.636083722114563
209,2,-1.5779476165771484
210,2,-1.596027135848999
211,2,-1.6029973030090332
212,1,-1.632501244544983
213,2,-1.5481842756271362
214,2,-1.5789755582809448
215,1,-1.6350277662277222
216,5,-1.3120967149734497
217,1,-1.6394264698028564
218,1,-1.6420024633407593
219,1,-1.6400383710861206
220,1,-1.6236460208892822
221,3,-1.4662152528762817
222,4,-1.4041273593902588
223,1,-1.6456156969070435
224,1,-1.6507997512817383
225,1,-1.6446901559829712
226,1,-1.618778944015503
227,1,-1.6182714700698853
228,4,-1.4450609683990479
229,1,-1.645283818244934
230,1,-1.6442471742630005
231,1,-1.6113665103912354
232,2,-1.604198694229126
233,1,-1.64548921585083
234,12,-0.4577084481716156
235,1,-1.6269633769989014
236,1,-1.6368730068206787
237,1,-1.6139154434204102
238,1,-1.6475569009780884
239,8,-0.9817922115325928
240,1,-1.6513057947158813
241,1,-1.6427229642868042
242,4,-1.4489604234695435
243,3,-1.5161041021347046
244,8,-0.9840086102485657
245,14,-0.15649192035198212
246,1,-1.6546121835708618
247,2,-1.5690332651138306
248,1,-1.6205904483795166
249,2,-1.559391736984253
250,1,-1.620937466621399
251,1,-1.6278047561645508
252,1,-1.6431708335876465
253,1,-1.645047664642334
254,1,-1.6465678215026855
255,1,-1.652060627937317
256,1,-1.6079697608947754
257,1,-1.6284154653549194
258,2,-1.588297724723816
259,1,-1.633558750152588
260,3,-1.5000063180923462
261,4,-1.4291716814041138
262,1,-1.6153687238693237
263,1,-1.6055482625961304
264,12,-0.4237677752971649
265,10,-0.616893470287323
266,1,-1.6449248790740967
267,1,-1.6270534992218018
268,1,-1.6480765342712402
269,1,-1.625711441040039
270,1,-1.635664701461792
271,1,-1.6429853439331055
272,20,0.5763239860534668
273,1,-1.6531730890274048
274,2,-1.5922151803970337
275,4,-1.4439501762390137
276,4,-1.4227263927459717
277,1,-1.6096667051315308
278,3,-1.5399065017700195
279,4,-1.437490701675415
280,2,-1.5937272310256958
281,3,-1.5305229425430298
282,1,-1.6057357788085938
283,1,-1.6271182298660278
284,1,-1.6516534090042114
285,1,-1.649957537651062
286,1,-1.626347303390503
287,1,-1.6139652729034424
288,1,-1.6391708850860596
289,2,-1.6038589477539062
290,1,-1.6536650657653809
291,13,-0.26658448576927185
292,1,-1.6450532674789429
293,1,-1.6384905576705933
294,2,-1.5928359031677246
295,3,-1.4833106994628906
296,6,-1.2422070503234863
297,1,-1.6326411962509155
298,12,-0.3585619330406189
299,1,-1.6345157623291016
300,1,-1.6356618404388428
301,1,-1.644816279411316
302,3,-1.4897063970565796
303,1,-1.6253834962844849
304,2,-1.5958627462387085
305,1,-1.6419461965560913
306,17,0.1564311981201172
307,1,-1.631450891494751
308,1,-1.606222152709961
309,6,-1.2576805353164673
310,3,-1.5094660520553589
311,6,-1.1875275373458862
312,1,-1.6404755115509033
313,1,-1.6332460641860962
314,1,-1.6256219148635864
315,2,-1.5924113988876343
316,1,-1.6393178701400757
317,1,-1.6262799501419067
318,6,-1.2058589458465576
319,5,-1.339331030845642
320,3,-1.534997582435608
321,6,-1.254480004310608
322,4,-1.4560965299606323
323,2,-1.5537605285644531
324,1,-1.6427996158599854
325,5,-1.3562030792236328
326,1,-1.6451506614685059
327,2,-1.5586549043655396
328,2,-1.569183588027954
329,2,-1.5694960355758667
330,6,-1.191732406616211
331,5,-1.2889682054519653
332,1,-1.6485451459884644
333,2,-1.5596275329589844
334,1,-1.6397600173950195
335,2,-1.5997337102890015
336,1,-1.6323692798614502
337,3,-1.4651020765304565
338,6,-1.1729017496109009
339,1,-1.6275345087051392
340,1,-1.629191517829895
341,1,-1.6433906555175781
342,1,-1.6286770105361938
343,6,-1.2109274864196777
344,3,-1.5288312435150146
345,1,-1.651910424232483
346,1,-1.6279274225234985
347,2,-1.5585490465164185
348,1,-1.638491153717041
349,2,-1.5664503574371338
350,1,-1.6487427949905396
351,3,-1.5411738157272339
352,1,-1.6372265815734863
353,3,-1.4696820974349976
354,2,-1.5675280094146729
355,2,-1.579058051109314
356,6,-1.1807836294174194
357,3,-1.5059247016906738
358,12,-0.44044578075408936
359,4,-1.4254701137542725
360,4,-1.460741639137268
361,1,-1.611782193183899
362,1,-1.6186736822128296
363,7,-1.0640740394592285
364,1,-1.6434601545333862
365,3,-1.5079890489578247
366,5,-1.3434128761291504
367,1,-1.6315414905548096
368,1,-1.6349010467529297
369,4,-1.40384840965271
370,3,-1.4823318719863892
371,8,-0.9221296906471252
372,2,-1.5711383819580078
373,4,-1.4138360023498535
374,2,-1.5971994400024414
375,6,-1.1748323440551758
376,1,-1.6462002992630005
377,1,-1.6411175727844238
378,2,-1.5721609592437744
379,2,-1.5898993015289307
380,5,-1.363051414489746
381,1,-1.6235930919647217
382,4,-1.4506051540374756
383,2,-1.5684773921966553
384,1,-1.6323456764221191
385,1,-1.6096388101577759
386,4,-1.4192111492156982
387,2,-1.5863311290740967
388,3,-1.5156275033950806
389,1,-1.6506023406982422
390,6,-1.224177598953247
391,2,-1.5688070058822632
392,1,-1.60690438747406
393,4,-1.3859549760818481
394,1,-1.6433238983154297
395,11,-0.57896488904953
396,1,-1.6484311819076538
397,1,-1.6409075260162354
398,4,-1.4617655277252197
399,1,-1.610643982887268
400,1,-1.6172058582305908
401,1,-1.6289325952529907
402,1,-1.6345722675323486
403,2,-1.5603923797607422
404,7,-1.1350946426391602
405,6,-1.1884456872940063
406,3,-1.480299711227417
407,10,-0.6698039770126343
408,1,-1.629763126373291
409,6,-1.148209571838379
410,1,-1.6051452159881592
411,5,-1.3037221431732178
412,1,-1.6327849626541138
413,5,-1.3026889562606812
414,1,-1.6454081535339355
415,2,-1.5443267822265625
416,4,-1.4259746074676514
417,6,-1.2488212585449219
418,1,-1.6429493427276611
419,4,-1.416293978691101
420,1,-1.6193931102752686
421,2,-1.5824167728424072
422,3,-1.5351368188858032
423,3,-1.5167837142944336
424,1,-1.6547114849090576
425,2,-1.5720914602279663
426,3,-1.5383882522583008
427,5,-1.3176500797271729
428,1,-1.6418248414993286
429,2,-1.5915064811706543
430,1,-1.6491278409957886
431,2,-1.6007558107376099
432,1,-1.6154638528823853
433,2,-1.5825999975204468
434,2,-1.5778162479400635
435,1,-1.6294692754745483
436,7,-1.0906593799591064
437,2,-1.5636357069015503
438,4,-1.4283113479614258
439,3,-1.5374832153320312
440,2,-1.5724951028823853
441,1,-1.6214452981948853
442,1,-1.6101542711257935
443,1,-1.6396328210830688
444,2,-1.5943447351455688
445,1,-1.6293801069259644
446,4,-1.4643296003341675
447,1,-1.6044117212295532
448,1,-1.6312743425369263
449,9,-0.8308323621749878
450,3,-1.5248171091079712
451,1,-1.6357277631759644
452,1,-1.6101716756820679
453,2,-1.5934984683990479
454,9,-0.8434756994247437
455,1,-1.608608365058899
456,2,-1.5714882612228394
457,1,-1.6488215923309326
458,4,-1.4183530807495117
459,4,-1.433374285697937
460,3,-1.5326954126358032
461,1,-1.6072694063186646
462,1,-1.6049315929412842
463,5,-1.3682584762573242
464,4,-1.4548574686050415
465,3,-1.5359437465667725
466,2,-1.5442841053009033
467,1,-1.619666337966919
468,5,-1.3483290672302246
469,1,-1.6536343097686768
470,1,-1.6323403120040894
471,1,-1.633948802947998
472,1,-1.6071540117263794
473,2,-1.5852948427200317
474,1,-1.6246660947799683
475,1,-1.619754433631897
476,3,-1.5103657245635986
477,4,-1.4442956447601318
478,2,-1.5809272527694702
479,8,-0.9268008470535278
480,2,-1.5516955852508545
481,2,-1.5968867540359497
482,1,-1.6471927165985107
483,6,-1.1550064086914062
484,4,-1.4065924882888794
485,5,-1.3458125591278076
486,10,-0.6700440645217896
487,2,-1.56509530544281
488,2,-1.596901297569275
489,4,-1.4382460117340088
490,9,-0.8668156862258911
491,7,-1.0265893936157227
492,4,-1.422332525253296
493,3,-1.5290093421936035
494,1,-1.6430641412734985
495,4,-1.4591847658157349
496,16,0.03902411460876465
497,4,-1.4093369245529175
498,1,-1.643678903579712
499,3,-1.5061582326889038
500,4,-1.3781437873840332
501,1,-1.6180214881896973
502,16,0.13306540250778198
503,2,-1.5824339389801025
504,1,-1.6063600778579712
505,1,-1.6433439254760742
506,2,-1.5530797243118286
507,3,-1.5257129669189453
508,2,-1.594199299812317
509,1,-1.648203730583191
510,3,-1.498718023300171
511,1,-1.647641897201538
512,4,-1.3968560695648193
513,1,-1.6455148458480835
514,6,-1.221329689025879
515,3,-1.5055301189422607
516,1,-1.605995774269104
517,13,-0.23536203801631927
518,4,-1.4385169744491577
519,3,-1.524718165397644
520,4,-1.4505056142807007
521,1,-1.6442244052886963
522,7,-1.085081934928894
523,9,-0.8639645576477051
524,5,-1.3310878276824951
525,6,-1.2283458709716797
526,1,-1.6295444965362549
527,1,-1.6364682912826538
528,4,-1.4197580814361572
529,3,-1.474707007408142
530,7,-1.1153757572174072
531,6,-1.159672737121582
532,5,-1.3588296175003052
533,7,-1.0851051807403564
534,3,-1.5272712707519531
535,4,-1.390286922454834
536,5,-1.2762179374694824
537,4,-1.4080045223236084
538,2,-1.586050271987915
539,2,-1.5532935857772827
540,1,-1.613502860069275
541,4,-1.4354310035705566
542,1,-1.6231571435928345
543,3,-1.5418471097946167
544,2,-1.603118896484375
545,1,-1.627020239830017
546,1,-1.622100830078125
547,8,-1.0123294591903687
548,16,0.07030236721038818
549,1,-1.6442995071411133
550,1,-1.6131017208099365
551,1,-1.6218690872192383
552,2,-1.5495483875274658
553,4,-1.412217378616333
554,1,-1.6516801118850708
555,2,-1.5487149953842163
556,1,-1.6224228143692017
557,3,-1.516210675239563
558,6,-1.1744599342346191
559,1,-1.6427868604660034
560,4,-1.4363179206848145
561,3,-1.502543330192566
562,3,-1.5050948858261108
563,1,-1.6353096961975098
564,3,-1.5203325748443604
565,4,-1.4510689973831177
566,1,-1.6336791515350342
567,3,-1.5265260934829712
568,24,0.9509438276290894
569,3,-1.5412410497665405
570,5,-1.2644673585891724
571,4,-1.4457517862319946
572,1,-1.6057467460632324
573,1,-1.619383454322815
574,1,-1.609818935394287
575,1,-1.6226288080215454
576,3,-1.4964431524276733
577,1,-1.6492637395858765
578,2,-1.5968211889266968
579,1,-1.6117217540740967
580,7,-1.0844477415084839
581,1,-1.6104950904846191
582,2,-1.5930345058441162
583,10,-0.632073163986206
584,8,-1.0087511539459229
585,3,-1.5109899044036865
586,2,-1.5881866216659546
587,7,-1.1231098175048828
588,4,-1.387310266494751
589,4,-1.4536811113357544
590,2,-1.5726723670959473
591,1,-1.6467063426971436
592,1,-1.6243441104888916
593,1,-1.6068729162216187
594,5,-1.3487422466278076
595,1,-1.6469166278839111
596,1,-1.6315398216247559
597,3,-1.4772645235061646
598,1,-1.652031421661377
599,2,-1.5745041370391846
600,1,-1.65321946144104
601,4,-1.4529913663864136
602,6,-1.2580127716064453
603,1,-1.6260433197021484
604,3,-1.4909319877624512
605,1,-1.6368335485458374
606,5,-1.3152269124984741
607,1,-1.63816499710083
608,6,-1.261686086654663
609,9,-0.7709199786186218
610,2,-1.589917540550232
611,29,1.2750325202941895
612,4,-1.431299090385437
613,1,-1.6442986726760864
614,3,-1.4897115230560303
615,4,-1.4159966707229614
616,5,-1.2852379083633423
617,2,-1.5554300546646118
618,1,-1.6410260200500488
619,1,-1.6236538887023926
620,1,-1.6237192153930664
621,4,-1.4450894594192505
622,2,-1.584692120552063
623,1,-1.6313072443008423
624,3,-1.47310471534729
625,2,-1.5500072240829468
626,2,-1.5512853860855103
627,2,-1.572432279586792
628,5,-1.3144683837890625
629,3,-1.5138343572616577
630,4,-1.4506803750991821
631,1,-1.6227571964263916
632,3,-1.5006201267242432
633,1,-1.6443248987197876
634,1,-1.620114803314209
635,4,-1.385880470275879
636,1,-1.6425080299377441
637,2,-1.571973204612732
638,4,-1.4306812286376953
639,2,-1.5460759401321411
640,1,-1.612097978591919
641,3,-1.5278903245925903
642,3,-1.5147749185562134
643,7,-1.0778542757034302
644,7,-1.0240182876586914
645,1,-1.605067491531372
646,2,-1.5772355794906616
647,3,-1.5328352451324463
648,1,-1.6310861110687256
649,5,-1.2731468677520752
650,5,-1.2909414768218994
651,1,-1.6381288766860962
652,5,-1.369192123413086
653,1,-1.6472059488296509
654,13,-0.28193217515945435
655,2,-1.574752688407898
656,4,-1.436754584312439
657,2,-1.5816844701766968
658,3,-1.4882453680038452
659,1,-1.6464192867279053
660,3,-1.473164677619934
661,2,-1.5488839149475098
662,2,-1.5803322792053223
663,1,-1.6250348091125488
664,7,-1.051443099975586
665,2,-1.602737307548523
666,4,-1.3971246480941772
667,1,-1.6295608282089233
668,2,-1.575544834136963
669,1,-1.6454070806503296
670,9,-0.7892640829086304
671,2,-1.5989710092544556
672,4,-1.411811113357544
673,4,-1.4640008211135864
674,2,-1.6016443967819214
675,5,-1.3371134996414185
676,4,-1.382082462310791
677,12,-0.4264872670173645
678,8,-0.9584023356437683
679,2,-1.5997956991195679
680,2,-1.5472010374069214
681,1,-1.6349233388900757
682,1,-1.6083978414535522
683,1,-1.6144694089889526
684,2,-1.5742021799087524
685,1,-1.6219921112060547
686,1,-1.6087243556976318
687,3,-1.4960800409317017
688,4,-1.437951922416687
689,1,-1.6125036478042603
690,9,-0.829147458076477
691,1,-1.6387771368026733
692,2,-1.5889484882354736
693,2,-1.5884677171707153
694,2,-1.5661687850952148
695,6,-1.2030972242355347
696,1,-1.6433439254760742
697,2,-1.5619168281555176
698,12,-0.4106321632862091
699,5,-1.3141263723373413
700,2,-1.592139482498169
701,3,-1.4836739301681519
702,1,-1.6243401765823364
703,2,-1.5874451398849487
704,3,-1.5031901597976685
705,7,-1.0850493907928467
706,6,-1.20095694065094
707,2,-1.550739049911499
708,3,-1.4700509309768677
709,1,-1.6412993669509888
710,3,-1.4688694477081299
711,2,-1.5824947357177734
712,3,-1.5188486576080322
713,2,-1.5562044382095337
714,6,-1.2413911819458008
715,1,-1.6427987813949585
716,3,-1.4649455547332764
717,3,-1.5357991456985474
718,2,-1.5954442024230957
719,2,-1.5958677530288696
720,4,-1.440033197402954
721,3,-1.47318434715271
722,4,-1.4560317993164062
723,2,-1.5736693143844604
724,2,-1.578436255455017
725,1,-1.6429802179336548
726,1,-1.6465470790863037
727,1,-1.650579571723938
728,2,-1.5644084215164185
729,4,-1.4139052629470825
730,1,-1.6451061964035034
731,11,-0.5204133987426758
732,8,-0.9447707533836365
733,2,-1.5463213920593262
734,5,-1.336064100265503
735,3,-1.5228734016418457
736,2,-1.5834819078445435
737,14,-0.1875346302986145
738,2,-1.57877516746521
739,1,-1.620710849761963
740,3,-1.5264562368392944
741,1,-1.6448357105255127
742,7,-1.1227877140045166
743,2,-1.5923142433166504
744,1,-1.6204959154129028
745,1,-1.6506767272949219
746,1,-1.6131327152252197
747,1,-1.6545772552490234
748,5,-1.3485292196273804
749,1,-1.625535488128662
750,2,-1.5648698806762695
751,2,-1.5673147439956665
752,5,-1.3190059661865234
753,2,-1.5674123764038086
754,1,-1.6421722173690796
755,2,-1.5863333940505981
756,3,-1.5386555194854736
757,4,-1.4496018886566162
758,2,-1.575898289680481
759,21,0.638886570930481
760,3,-1.5133767127990723
761,3,-1.5020934343338013
762,1,-1.6066148281097412
763,5,-1.275042176246643
764,18,0.36514830589294434
765,1,-1.6514664888381958
766,3,-1.5093047618865967
767,1,-1.6100300550460815
768,2,-1.5942538976669312
769,16,0.029429137706756592
770,7,-1.0815622806549072
771,2,-1.5665322542190552
772,6,-1.1657664775848389
773,2,-1.5567580461502075
774,8,-0.9643757343292236
775,4,-1.4257029294967651
776,5,-1.3125814199447632
777,1,-1.64131760597229
778,1,-1.6447697877883911
779,15,-0.06027057766914368
780,1,-1.628221869468689
781,6,-1.1531877517700195
782,4,-1.453931450843811
783,1,-1.6537837982177734
784,2,-1.569114327430725
785,6,-1.2621448040008545
786,1,-1.6383724212646484
787,2,-1.599038004875183
788,1,-1.6154396533966064
789,1,-1.6523209810256958
790,1,-1.6470502614974976
791,2,-1.6004843711853027
792,4,-1.4481244087219238
793,1,-1.6380366086959839
794,1,-1.6196390390396118
795,1,-1.6302562952041626
796,2,-1.5782161951065063
797,2,-1.5967775583267212
798,3,-1.5263416767120361
799,3,-1.5091251134872437
800,12,-0.4000852406024933
801,2,-1.5736428499221802
802,1,-1.6312323808670044
803,2,-1.5784486532211304
804,1,-1.6224995851516724
805,4,-1.4339772462844849
806,3,-1.5152372121810913
807,3,-1.5133181810379028
808,7,-1.112274169921875
809,5,-1.3214402198791504
810,1,-1.61766517162323
811,5,-1.2805802822113037
812,1,-1.6177830696105957
813,4,-1.444251537322998
814,2,-1.580706000328064
815,1,-1.6188430786132812
816,3,-1.5159496068954468
817,16,0.14402872323989868
818,2,-1.6014500856399536
819,2,-1.585665225982666
820,2,-1.5885803699493408
821,2,-1.589703917503357
822,1,-1.6055558919906616
823,2,-1.5930731296539307
824,3,-1.4869815111160278
825,10,-0.7462196350097656
826,12,-0.4567485749721527
827,1,-1.610120177268982
828,4,-1.446916937828064
829,1,-1.6330589056015015
830,2,-1.5591868162155151
831,4,-1.3947045803070068
832,3,-1.4693986177444458
833,1,-1.638329029083252
834,3,-1.4834469556808472
835,3,-1.47255277633667
836,2,-1.5914338827133179
837,7,-1.0993351936340332
838,2,-1.575818657875061
839,6,-1.2198524475097656
840,10,-0.6853669285774231
841,2,-1.5608041286468506
842,1,-1.6270225048065186
843,3,-1.5389291048049927
844,2,-1.5547086000442505
845,4,-1.4066808223724365
846,1,-1.6070020198822021
847,1,-1.6492831707000732
848,8,-0.8907089829444885
849,3,-1.501774549484253
850,2,-1.545487403869629
851,1,-1.6070563793182373
852,7,-1.0948455333709717
853,4,-1.4160782098770142
854,3,-1.5196218490600586
855,2,-1.6034809350967407
856,7,-1.0680499076843262
857,2,-1.574774980545044
858,1,-1.6121819019317627
859,1,-1.6468307971954346
860,17,0.2145061492919922
861,1,-1.6166183948516846
862,1,-1.6489943265914917
863,5,-1.327746868133545
864,5,-1.3139384984970093
865,2,-1.599866271018982
866,10,-0.7485494613647461
867,4,-1.3852976560592651
868,3,-1.5240368843078613
869,12,-0.4693165719509125
870,21,0.6534256935119629
871,1,-1.6169308423995972
872,16,0.11776840686798096
873,6,-1.2384815216064453
874,6,-1.1655220985412598
875,2,-1.6003459692001343
876,1,-1.6107428073883057
877,2,-1.5529392957687378
878,4,-1.386788010597229
879,4,-1.4063917398452759
880,2,-1.5843957662582397
881,8,-0.9435817003250122
882,2,-1.5935384035110474
883,2,-1.5981922149658203
884,1,-1.6439992189407349
885,2,-1.6009535789489746
886,4,-1.385472059249878
887,6,-1.1750893592834473
888,4,-1.4241688251495361
889,2,-1.559583306312561
890,1,-1.6330527067184448
891,6,-1.2380023002624512
892,1,-1.6398224830627441
893,1,-1.6274914741516113
894,3,-1.4885458946228027
895,1,-1.6134732961654663
896,4,-1.4252835512161255
897,1,-1.613460659980774
898,2,-1.5717440843582153
899,1,-1.6058666706085205
900,1,-1.622338056564331
901,3,-1.469517469406128
902,16,0.06547150015830994
903,4,-1.4593157768249512
904,3,-1.4903931617736816
905,2,-1.5964124202728271
906,2,-1.562857747077942
907,1,-1.618514060974121
908,1,-1.643363356590271
909,3,-1.4730124473571777
910,2,-1.571643352508545
911,1,-1.628003478050232
912,2,-1.576066017150879
913,6,-1.2381634712219238
914,2,-1.5924490690231323
915,10,-0.6798189878463745
916,8,-0.947953462600708
917,6,-1.2323298454284668
918,2,-1.552677035331726
919,6,-1.1824581623077393
920,3,-1.5191903114318848
921,2,-1.5544096231460571
922,14,-0.20752525329589844
923,4,-1.4402122497558594
924,1,-1.641474723815918
925,3,-1.488350510597229
926,1,-1.6216732263565063
927,3,-1.4710677862167358
928,4,-1.3830268383026123
929,4,-1.4237655401229858
930,1,-1.6055958271026611
931,2,-1.5946966409683228
932,1,-1.6334813833236694
933,2,-1.5676279067993164
934,3,-1.49535071849823
935,2,-1.5593644380569458
936,1,-1.6503921747207642
937,1,-1.6414893865585327
938,3,-1.5387327671051025
939,4,-1.4422565698623657
940,2,-1.5916742086410522
941,7,-1.0271446704864502
942,7,-1.1066914796829224
943,3,-1.5143812894821167
944,1,-1.6285362243652344
945,2,-1.5848101377487183
946,4,-1.461322546005249
947,4,-1.4029464721679688
948,5,-1.323654055595398
949,1,-1.6347211599349976
950,2,-1.5813432931900024
951,1,-1.632596731185913
952,10,-0.6635785102844238
953,2,-1.5771344900131226
954,4,-1.3834846019744873
955,2,-1.5671418905258179
956,2,-1.5630486011505127
957,3,-1.500695824623108
958,4,-1.3987298011779785
959,1,-1.6170259714126587
960,1,-1.6251566410064697
961,2,-1.5791128873825073
962,1,-1.6133610010147095
963,3,-1.5417016744613647
964,7,-1.1217658519744873
965,10,-0.6467400789260864
966,1,-1.636165738105774
967,25,0.998847246170044
968,3,-1.5151289701461792
969,2,-1.544463038444519
970,3,-1.471779465675354
971,4,-1.4021650552749634
972,6,-1.2165157794952393
973,1,-1.6409556865692139
974,1,-1.614114761352539
975,6,-1.188382863998413
976,6,-1.1612319946289062
977,4,-1.4047199487686157
978,2,-1.5791388750076294
979,12,-0.42543044686317444
980,6,-1.1810624599456787
981,2,-1.571698546409607
982,2,-1.5908269882202148
983,3,-1.4659175872802734
984,2,-1.5715715885162354
985,1,-1.6310874223709106
986,7,-1.0517613887786865
987,10,-0.646064043045044
988,6,-1.1666438579559326
989,1,-1.6390641927719116
990,2,-1.550902009010315
991,5,-1.3187971115112305
992,2,-1.5645297765731812
993,6,-1.1795730590820312
994,14,-0.17989715933799744
995,3,-1.4777554273605347
996,3,-1.4651600122451782
997,1,-1.6074118614196777
998,1,-1.6376687288284302
999,1,-1.6271668672561646
1000,5,-1.3132624626159668
1001,1,-1.614956021308899
1002,3,-1.4775248765945435
1003,3,-1.5301727056503296
1004,3,-1.4756090641021729
1005,1,-1.612788200378418
1006,5,-1.359365463256836
1007,3,-1.4913784265518188
1008,1,-1.6190989017486572
1009,4,-1.4564542770385742
1010,1,-1.6281298398971558
1011,3,-1.5265882015228271
1012,2,-1.5746240615844727
1013,1,-1.6237175464630127
1014,2,-1.5520648956298828
1015,1,-1.6155271530151367
1016,1,-1.6415067911148071
1017,2,-1.5916826725006104
1018,1,-1.630203127861023
1019,1,-1.6500011682510376
1020,3,-1.5101667642593384
1021,2,-1.5933185815811157
1022,3,-1.503941297531128
1023,3,-1.4659501314163208
1024,2,-1.5965964794158936
1025,8,-1.0094317197799683
1026,5,-1.2947337627410889
1027,3,-1.4655262231826782
1028,1,-1.6156678199768066
1029,3,-1.5258443355560303
1030,8,-0.8858420848846436
1031,6,-1.1984246969223022
1032,1,-1.6347572803497314
1033,3,-1.5349887609481812
1034,3,-1.473187804222107
1035,3,-1.4848977327346802
1036,8,-0.9981624484062195
1037,1,-1.6265795230865479
1038,2,-1.6001449823379517
1039,2,-1.5746134519577026
1040,1,-1.6188253164291382
1041,3,-1.474168062210083
1042,1,-1.6497732400894165
1043,2,-1.5493175983428955
1044,7,-1.053297996520996
1045,4,-1.4303884506225586
1046,2,-1.6000256538391113
1047,4,-1.3736705780029297
1048,5,-1.3614439964294434
1049,3,-1.4949485063552856
1050,3,-1.4941279888153076
1051,8,-0.9423602819442749
1052,5,-1.3247408866882324
1053,2,-1.5928419828414917
1054,13,-0.2398170381784439
1055,1,-1.6363365650177002
1056,12,-0.40629133582115173
1057,2,-1.5974798202514648
1058,7,-1.0984091758728027
1059,1,-1.6446589231491089
1060,2,-1.5899983644485474
1061,4,-1.41958749294281
1062,5,-1.3101379871368408
1063,2,-1.5890003442764282
1064,2,-1.5668511390686035
1065,2,-1.5659799575805664
1066,3,-1.5416918992996216
1067,1,-1.6293426752090454
1068,5,-1.3565025329589844
1069,1,-1.6180496215820312
1070,17,0.23093962669372559
1071,1,-1.6333166360855103
1072,1,-1.6413542032241821
1073,3,-1.4975557327270508
1074,21,0.6650592088699341
1075,1,-1.6052229404449463
1076,9,-0.8524217009544373
1077,5,-1.2824084758758545
1078,8,-0.9758791923522949
1079,12,-0.35411185026168823
1080,2,-1.5699447393417358
1081,18,0.3749786615371704
1082,1,-1.6261775493621826
1083,2,-1.583950161933899
1084,6,-1.1435596942901611
1085,2,-1.5616718530654907
1086,3,-1.5345700979232788
1087,1,-1.6420903205871582
1088,8,-1.0117359161376953
1089,14,-0.20218637585639954
1090,1,-1.6220115423202515
1091,4,-1.3891738653182983
1092,2,-1.594853401184082
1093,1,-1.6410150527954102
1094,1,-1.6099061965942383
1095,2,-1.573828101158142
1096,8,-0.9237427711486816
1097,2,-1.599703073501587
1098,1,-1.6050323247909546
1099,3,-1.541558027267456
1100,2,-1.5707710981369019
1101,1,-1.6198304891586304
1102,1,-1.6075936555862427
1103,1,-1.6186283826828003
1104,6,-1.1885052919387817
1105,19,0.4652101397514343
1106,3,-1.5319143533706665
1107,2,-1.552924633026123
1108,3,-1.5334199666976929
1109,2,-1.6041502952575684
1110,5,-1.3358509540557861
1111,5,-1.3381271362304688
1112,7,-1.0686606168746948
1113,8,-0.9299575686454773
1114,3,-1.4965777397155762
1115,4,-1.440882921218872
1116,1,-1.632495641708374
1117,2,-1.5877151489257812
1118,7,-1.108068823814392
1119,5,-1.3538002967834473
1120,2,-1.5643091201782227
1121,2,-1.5577114820480347
1122,3,-1.5318846702575684
1123,4,-1.4029560089111328
1124,2,-1.5447827577590942
1125,1,-1.6351555585861206
1126,1,-1.614449381828308
1127,3,-1.528578758239746
1128,2,-1.5960164070129395
1129,2,-1.575661301612854
1130,1,-1.632211685180664
1131,3,-1.5042133331298828
1132,4,-1.4202901124954224
1133,7,-1.0256123542785645
1134,1,-1.6478685140609741
1135,3,-1.5103620290756226
1136,3,-1.5333584547042847
1137,1,-1.634047031402588
1138,2,-1.589415192604065
1139,2,-1.5627667903900146
1140,16,0.06897515058517456
1141,2,-1.5932865142822266
1142,4,-1.390134334564209
1143,3,-1.5326522588729858
1144,1,-1.6371738910675049
1145,1,-1.6258800029754639
1146,5,-1.2943599224090576
1147,5,-1.3574539422988892
1148,17,0.15545618534088135
1149,12,-0.4031691551208496
1150,17,0.22429907321929932
1151,2,-1.57211172580719
1152,1,-1.6517353057861328
1153,1,-1.6071196794509888
1154,3,-1.541655421257019
1155,5,-1.3327243328094482
1156,2,-1.567101001739502
1157,5,-1.3025883436203003
1158,10,-0.6768960952758789
1159,2,-1.5897107124328613
1160,2,-1.5927863121032715
1161,7,-1.0588352680206299
1162,1,-1.6275299787521362
1163,7,-1.1321202516555786
1164,2,-1.592576026916504
1165,2,-1.5598983764648438
1166,3,-1.5134111642837524
1167,6,-1.210654377937317
1168,2,-1.5773942470550537
1169,18,0.29292404651641846
1170,1,-1.6270307302474976
1171,1,-1.6381675004959106
1172,7,-1.0521750450134277
1173,2,-1.5491124391555786
1174,4,-1.4545986652374268
1175,11,-0.52120041847229
1176,1,-1.6332504749298096
1177,3,-1.5047922134399414
1178,1,-1.6312755346298218
1179,3,-1.4915982484817505
1180,1,-1.632082462310791
1181,5,-1.319493055343628
1182,4,-1.458480954170227
1183,8,-0.9390721917152405
1184,2,-1.5847872495651245
1185,3,-1.5075650215148926
1186,9,-0.8171811699867249
1187,5,-1.371917724609375
1188,15,0.007055759429931641
1189,1,-1.630060076713562
1190,2,-1.6015844345092773
1191,2,-1.5734970569610596
1192,2,-1.6005868911743164
1193,1,-1.6299140453338623
1194,22,0.7366510629653931
1195,3,-1.4834599494934082
1196,2,-1.5883394479751587
1197,4,-1.4181910753250122
1198,2,-1.582565426826477
1199,5,-1.2764424085617065
1200,2,-1.5951021909713745
1201,2,-1.57282555103302
1202,3,-1.5356279611587524
1203,3,-1.536537528038025
1204,2,-1.55864417552948
1205,2,-1.5555686950683594
1206,6,-1.2419285774230957
1207,12,-0.357578307390213
1208,5,-1.3161399364471436
1209,1,-1.6227909326553345
1210,7,-1.133050799369812
1211,5,-1.3564057350158691
1212,5,-1.367056131362915
1213,2,-1.5742393732070923
1214,1,-1.623966932296753
1215,4,-1.4581866264343262
1216,2,-1.5698188543319702
1217,2,-1.5759214162826538
1218,2,-1.5450817346572876
1219,8,-0.9765847325325012
1220,1,-1.6380252838134766
1221,11,-0.6063230037689209
1222,3,-1.5311144590377808
1223,3,-1.5409015417099
1224,2,-1.5458117723464966
1225,1,-1.625112771987915
1226,25,0.9984554052352905
1227,4,-1.434096336364746
1228,1,-1.6300758123397827
1229,1,-1.649043321609497
1230,27,1.1916882991790771
1231,1,-1.6093255281448364
1232,2,-1.5822895765304565
1233,3,-1.5398240089416504
1234,2,-1.5890281200408936
1235,4,-1.4283889532089233
1236,6,-1.1740155220031738
1237,4,-1.3939300775527954
1238,2,-1.6002742052078247
1239,2,-1.5903189182281494
1240,3,-1.5301642417907715
1241,1,-1.6319217681884766
1242,1,-1.6326327323913574
1243,4,-1.4032350778579712
1244,1,-1.6444270610809326
1245,1,-1.6317821741104126
1246,1,-1.6082202196121216
1247,1,-1.6426036357879639
1248,6,-1.243436336517334
1249,7,-1.0954501628875732
1250,3,-1.496659755706787
1251,7,-1.0544753074645996
1252,3,-1.5221967697143555
1253,6,-1.2321741580963135
1254,3,-1.5138521194458008
1255,7,-1.0972155332565308
1256,2,-1.562815546989441
1257,3,-1.5109394788742065
1258,3,-1.5162876844406128
1259,1,-1.6353553533554077
1260,2,-1.5886324644088745
1261,2,-1.5449148416519165
1262,13,-0.34005996584892273
1263,4,-1.464824914932251
1264,2,-1.548417091369629
1265,5,-1.2791757583618164
1266,3,-1.5124962329864502
1267,1,-1.6276378631591797
1268,1,-1.627827525138855
1269,11,-0.5438467264175415
1270,2,-1.565481185913086
1271,1,-1.6053543090820312
1272,2,-1.5771316289901733
1273,6,-1.1459540128707886
1274,2,-1.558396577835083
1275,8,-1.0185260772705078
1276,5,-1.3571195602416992
1277,10,-0.7429280281066895
1278,1,-1.6442248821258545
1279,12,-0.44764018058776855
1280,10,-0.7395211458206177
1281,2,-1.5993006229400635
1282,3,-1.5168559551239014
1283,9,-0.882940411567688
1284,1,-1.6181371212005615
1285,13,-0.3225345313549042
1286,4,-1.4452300071716309
1287,2,-1.6023750305175781
1288,1,-1.6351901292800903
1289,25,0.990936279296875
1290,3,-1.4847277402877808
1291,2,-1.5817192792892456
1292,2,-1.5474578142166138
1293,1,-1.6295974254608154
1294,3,-1.4727818965911865
1295,2,-1.5809258222579956
1296,2,-1.545771837234497
1297,3,-1.51682710647583
1298,2,-1.5588935613632202
1299,14,-0.19384866952896118
1300,5,-1.3237757682800293
1301,4,-1.4069551229476929
1302,2,-1.5972039699554443
1303,10,-0.7205954790115356
1304,1,-1.642951250076294
1305,2,-1.5488237142562866
1306,2,-1.5761358737945557
1307,3,-1.4710196256637573
1308,1,-1.6478840112686157
1309,2,-1.6019395589828491
1310,3,-1.465865135192871
1311,1,-1.6491868495941162
1312,1,-1.6139917373657227
1313,26,1.1276177167892456
1314,2,-1.5864713191986084
1315,1,-1.6297502517700195
1316,21,0.6849759817123413
1317,3,-1.5319557189941406
1318,2,-1.5952837467193604
1319,22,0.717877984046936
1320,1,-1.6277568340301514
1321,3,-1.468721628189087
1322,24,0.9446201324462891
1323,11,-0.5030412673950195
1324,18,0.33149784803390503
1325,1,-1.6090359687805176
1326,6,-1.251044511795044
1327,2,-1.5767868757247925
1328,2,-1.5843347311019897
1329,1,-1.6501610279083252
1330,1,-1.6459860801696777
1331,1,-1.6185368299484253
1332,4,-1.4622743129730225
1333,1,-1.6394771337509155
1334,1,-1.6147207021713257
1335,16,0.045847922563552856
1336,1,-1.616181492805481
1337,1,-1.6460729837417603
1338,2,-1.568806767463684
1339,11,-0.5834312438964844
1340,5,-1.3716987371444702
1341,2,-1.5540605783462524
1342,3,-1.5253572463989258
1343,1,-1.6100984811782837
1344,2,-1.5827412605285645
1345,2,-1.5721547603607178
1346,6,-1.2587485313415527
1347,2,-1.5875617265701294
1348,5,-1.3714449405670166
1349,2,-1.5713104009628296
1350,1,-1.608462929725647
1351,2,-1.5726732015609741
1352,4,-1.3926291465759277
1353,2,-1.572121024131775
1354,9,-0.7987484931945801
1355,1,-1.6186553239822388
1356,2,-1.5964611768722534
1357,1,-1.6301932334899902
1358,2,-1.5806643962860107
1359,10,-0.7224413156509399
1360,1,-1.6101038455963135
1361,4,-1.4176757335662842
1362,8,-0.9127354621887207
1363,4,-1.425706386566162
1364,6,-1.1502549648284912
1365,2,-1.577423334121704
1366,5,-1.3052513599395752
1367,5,-1.3538508415222168
1368,1,-1.6188385486602783
1369,1,-1.620644450187683
1370,8,-0.9850086569786072
1371,2,-1.543463110923767
1372,1,-1.6266281604766846
1373,4,-1.4004284143447876
1374,10,-0.6871647834777832
1375,2,-1.5563169717788696
1376,1,-1.6250420808792114
1377,2,-1.5957599878311157
1378,3,-1.4700428247451782
1379,2,-1.5799226760864258
1380,4,-1.3940523862838745
1381,4,-1.386354923248291
1382,2,-1.5943419933319092
1383,1,-1.6169679164886475
1384,1,-1.6114165782928467
1385,5,-1.346116065979004
1386,1,-1.6083707809448242
1387,1,-1.637818694114685
1388,2,-1.57355535030365
1389,1,-1.626068115234375
1390,9,-0.818901538848877
1391,2,-1.5856350660324097
1392,1,-1.619814157485962
1393,2,-1.5464434623718262
1394,8,-0.9586646556854248
1395,5,-1.3543860912322998
1396,1,-1.6294825077056885
1397,5,-1.3227260112762451
1398,2,-1.5678143501281738
1399,2,-1.60030198097229
1400,3,-1.5313624143600464
1401,6,-1.1835229396820068
1402,6,-1.1933119297027588
1403,5,-1.3606573343276978
1404,4,-1.433893084526062
1405,2,-1.5644598007202148
1406,2,-1.5984474420547485
1407,3,-1.4907232522964478
1408,2,-1.5448222160339355
1409,14,-0.19098208844661713
1410,1,-1.6164345741271973
1411,5,-1.3157947063446045
1412,2,-1.5551097393035889
1413,15,-0.05106157064437866
1414,2,-1.603020191192627
1415,2,-1.5833760499954224
1416,12,-0.46206972002983093
1417,5,-1.3310961723327637
1418,2,-1.5530955791473389
1419,5,-1.3133889436721802
1420,2,-1.594519853591919
1421,9,-0.821528434753418
1422,6,-1.249618411064148
1423,3,-1.5190932750701904
1424,3,-1.5357985496520996
1425,7,-1.1302015781402588
1426,1,-1.6472405195236206
1427,6,-1.2205873727798462
1428,5,-1.3268463611602783
1429,3,-1.5226801633834839
1430,2,-1.5506795644760132
1431,1,-1.6347339153289795
1432,13,-0.29408717155456543
1433,11,-0.576869547367096
1434,2,-1.5884038209915161
1435,13,-0.32230591773986816
1436,1,-1.6109248399734497
1437,3,-1.522955060005188
1438,4,-1.417668104171753
1439,2,-1.5522335767745972
1440,1,-1.651781439781189
1441,8,-1.0001099109649658
1442,2,-1.5980582237243652
1443,14,-0.13697515428066254
1444,15,-0.08664143085479736
1445,7,-1.0569510459899902
1446,14,-0.18887533247470856
1447,5,-1.344346284866333
1448,2,-1.593123197555542
1449,2,-1.5646140575408936
1450,2,-1.5969829559326172
1451,9,-0.7668884992599487
1452,2,-1.5841050148010254
1453,2,-1.6021934747695923
1454,2,-1.5853387117385864
1455,2,-1.581939458847046
1456,1,-1.6056983470916748
1457,1,-1.6369019746780396
1458,2,-1.587298035621643
1459,8,-1.0078414678573608
1460,3,-1.4851508140563965
1461,3,-1.534812092781067
1462,2,-1.5630929470062256
1463,1,-1.6545699834823608
1464,2,-1.5655372142791748
1465,4,-1.3933610916137695
1466,2,-1.5501495599746704
1467,4,-1.4301092624664307
1468,5,-1.290834903717041
1469,1,-1.611275553703308
1470,2,-1.5699610710144043
1471,1,-1.6325125694274902
1472,1,-1.6293023824691772
1473,2,-1.5984280109405518
1474,2,-1.5444191694259644
1475,3,-1.5356265306472778
1476,1,-1.6133626699447632
1477,7,-1.0911829471588135
1478,6,-1.180891513824463
1479,3,-1.4758630990982056
1480,4,-1.4549286365509033
1481,8,-0.9735457301139832
1482,1,-1.6344808340072632
1483,3,-1.4782813787460327
1484,2,-1.5485498905181885
1485,6,-1.2394630908966064
1486,3,-1.5298213958740234
1487,2,-1.5586607456207275
1488,2,-1.5802841186523438
1489,3,-1.4815810918807983
1490,1,-1.61772620677948
1491,3,-1.5029019117355347
1492,3,-1.536747694015503
1493,2,-1.5861855745315552
1494,1,-1.610960841178894
1495,1,-1.6085166931152344
1496,5,-1.2987935543060303
1497,10,-0.6652323007583618
1498,3,-1.5353062152862549
1499,3,-1.5032782554626465
1500,1,-1.6114697456359863
1501,4,-1.4364755153656006
1502,2,-1.5724607706069946
1503,2,-1.5587130784988403
1504,1,-1.604691743850708
1505,4,-1.4043984413146973
1506,4,-1.4219743013381958
1507,2,-1.5813852548599243
1508,4,-1.3973441123962402
1509,4,-1.4549570083618164
1510,4,-1.4354610443115234
1511,5,-1.2658158540725708
1512,5,-1.3412575721740723
1513,1,-1.6269813776016235
1514,4,-1.3993408679962158
1515,2,-1.543668508529663
1516,2,-1.5694606304168701
1517,4,-1.3973500728607178
1518,2,-1.5897572040557861
1519,12,-0.34877434372901917
1520,2,-1.5576833486557007
1521,6,-1.199221134185791
1522,1,-1.6234313249588013
1523,2,-1.554579734802246
1524,20,0.5632349848747253
1525,1,-1.6372895240783691
1526,7,-1.0242469310760498
1527,3,-1.5347847938537598
1528,3,-1.4718650579452515
1529,9,-0.8274141550064087
1530,3,-1.5238984823226929
1531,4,-1.3843210935592651
1532,4,-1.4226164817810059
1533,5,-1.352881908416748
1534,8,-1.0019108057022095
1535,3,-1.498274564743042
1536,1,-1.634166955947876
1537,4,-1.4625059366226196
1538,6,-1.1402748823165894
1539,4,-1.433416485786438
1540,12,-0.3768697679042816
1541,8,-0.9412774443626404
1542,2,-1.5959721803665161
1543,1,-1.6337467432022095
1544,3,-1.4984248876571655
1545,4,-1.4545425176620483
1546,4,-1.3804950714111328
1547,7,-1.083499789237976
1548,1,-1.6377990245819092
1549,6,-1.193861722946167
1550,16,0.06181603670120239
1551,10,-0.7317662239074707
1552,1,-1.6085866689682007
1553,2,-1.5745779275894165
1554,2,-1.5651687383651733
1555,6,-1.1899125576019287
1556,3,-1.4816813468933105
1557,2,-1.551792860031128
1558,2,-1.5984280109405518
1559,4,-1.4345756769180298
1560,2,-1.5725637674331665
1561,3,-1.5257028341293335
1562,1,-1.6128134727478027
1563,4,-1.457271933555603
1564,13,-0.3242321014404297
1565,19,0.42059963941574097
1566,1,-1.6075278520584106
1567,2,-1.5747768878936768
1568,1,-1.6431334018707275
1569,2,-1.5702894926071167
1570,10,-0.6747052669525146
1571,2,-1.5669715404510498
1572,5,-1.2856148481369019
1573,3,-1.4890938997268677
1574,4,-1.3901199102401733
1575,2,-1.5857864618301392
1576,2,-1.5532209873199463
1577,10,-0.7339839339256287
1578,2,-1.580300211906433
1579,1,-1.6183412075042725
1580,8,-1.0137096643447876
1581,1,-1.6226009130477905
1582,6,-1.2282146215438843
1583,3,-1.501786708831787
1584,19,0.42667311429977417
1585,1,-1.6522109508514404
1586,4,-1.421848177909851
1587,3,-1.5417958498001099
1588,5,-1.3188802003860474
1589,8,-0.9995718598365784
1590,3,-1.5344693660736084
1591,10,-0.647381067276001
1592,24,0.9066379070281982
1593,2,-1.588678240776062
1594,7,-1.0882645845413208
1595,3,-1.5378831624984741
1596,1,-1.6177749633789062
1597,10,-0.6833397150039673
1598,5,-1.2878121137619019
1599,4,-1.4109119176864624
1600,8,-1.0057554244995117
1601,3,-1.5047065019607544
1602,11,-0.5595242977142334
1603,3,-1.530441164970398
1604,1,-1.617613673210144
1605,3,-1.538630723953247
1606,1,-1.6073055267333984
1607,4,-1.4066970348358154
1608,6,-1.1546058654785156
1609,5,-1.3059282302856445
1610,2,-1.545676827430725
1611,3,-1.5379159450531006
1612,9,-0.7637667655944824
1613,1,-1.636176347732544
1614,2,-1.5623074769973755
1615,13,-0.3080933690071106
1616,3,-1.5366147756576538
1617,2,-1.5574873685836792
1618,7,-1.0680793523788452
1619,2,-1.5918129682540894
1620,4,-1.4183965921401978
1621,8,-1.0182942152023315
1622,3,-1.538258671760559
1623,18,0.28058356046676636
1624,5,-1.3381242752075195
1625,3,-1.4860115051269531
1626,2,-1.5895792245864868
1627,14,-0.1396341621875763
1628,3,-1.475893259048462
1629,4,-1.4315731525421143
1630,3,-1.526894450187683
1631,6,-1.218449592590332
1632,1,-1.6339012384414673
1633,2,-1.597555160522461
1634,1,-1.6487250328063965
1635,1,-1.6046042442321777
1636,1,-1.6197322607040405
1637,7,-1.0602586269378662
1638,2,-1.5466759204864502
1639,14,-0.1170070469379425
1640,4,-1.393954873085022
1641,7,-1.119042992591858
1642,4,-1.4578086137771606
1643,1,-1.631999135017395
1644,3,-1.5121990442276
1645,4,-1.4067367315292358
1646,3,-1.4758386611938477
1647,4,-1.444505214691162
1648,3,-1.5255982875823975
1649,1,-1.6430779695510864
1650,3,-1.4712142944335938
1651,5,-1.307612657546997
1652,1,-1.6210294961929321
1653,3,-1.5120899677276611
1654,1,-1.604774832725525
1655,10,-0.7168852090835571
1656,2,-1.5519750118255615
1657,2,-1.6026835441589355
1658,9,-0.7681289911270142
1659,9,-0.7782720327377319
1660,13,-0.24056631326675415
1661,11,-0.5578482151031494
1662,4,-1.4612157344818115
1663,3,-1.5220931768417358
1664,7,-1.0519702434539795
1665,8,-0.9547595381736755
1666,5,-1.3445758819580078
1667,2,-1.5733115673065186
1668,3,-1.5420284271240234
1669,2,-1.5729457139968872
1670,2,-1.6028279066085815
1671,3,-1.4877556562423706
1672,12,-0.42830559611320496
1673,3,-1.4917750358581543
1674,4,-1.459754228591919
1675,2,-1.5955616235733032
1676,6,-1.215151309967041
1677,5,-1.3565151691436768
1678,3,-1.5258549451828003
1679,4,-1.4073470830917358
1680,16,0.03011259436607361
1681,7,-1.1191484928131104
1682,3,-1.4950366020202637
1683,3,-1.5346201658248901
1684,1,-1.632560133934021
1685,4,-1.4368698596954346
1686,4,-1.4526875019073486
1687,2,-1.557053565979004
1688,3,-1.4913796186447144
1689,3,-1.5066066980361938
1690,5,-1.3533909320831299
1691,4,-1.4479588270187378
1692,2,-1.6042839288711548
1693,5,-1.3605897426605225
1694,25,0.9894304275512695
1695,1,-1.6071568727493286
1696,1,-1.6148161888122559
1697,7,-1.07291579246521
1698,8,-0.892705500125885
1699,4,-1.4319406747817993
1700,5,-1.2642450332641602
1701,1,-1.6208919286727905
1702,2,-1.583539605140686
1703,15,-0.056083470582962036
1704,7,-1.1345077753067017
1705,11,-0.5031099319458008
1706,3,-1.4872740507125854
1707,16,0.09087181091308594
1708,2,-1.5678179264068604
1709,5,-1.3659641742706299
1710,3,-1.4921983480453491
1711,2,-1.58351731300354
1712,5,-1.3338205814361572
1713,10,-0.6274665594100952
1714,3,-1.5123202800750732
1715,3,-1.4837740659713745
1716,3,-1.5056246519088745
1717,5,-1.3291099071502686
1718,7,-1.0457429885864258
1719,4,-1.4091167449951172
1720,3,-1.4744681119918823
1721,17,0.24899953603744507
1722,3,-1.5410598516464233
1723,12,-0.40183329582214355
1724,17,0.19372206926345825
1725,4,-1.424357533454895
1726,1,-1.6168992519378662
1727,5,-1.3100478649139404
1728,15,-0.02180880308151245
1729,5,-1.3641681671142578
1730,5,-1.3055739402770996
1731,25,1.0160189867019653
1732,2,-1.5741126537322998
1733,3,-1.5033936500549316
1734,4,-1.4176737070083618
1735,2,-1.6026581525802612
1736,3,-1.4877731800079346
1737,5,-1.3502724170684814
1738,1,-1.6048846244812012
1739,2,-1.6028655767440796
1740,4,-1.4480080604553223
1741,2,-1.5873284339904785
1742,2,-1.558547019958496
1743,10,-0.6288764476776123
1744,16,0.03280577063560486
1745,12,-0.4614450931549072
1746,4,-1.4127992391586304
1747,12,-0.43935054540634155
1748,4,-1.452055811882019
1749,3,-1.5307254791259766
1750,4,-1.4199600219726562
1751,19,0.42746174335479736
1752,5,-1.3177597522735596
1753,6,-1.237986445426941
1754,3,-1.5221843719482422
1755,1,-1.6129356622695923
1756,3,-1.5415527820587158
1757,13,-0.27752429246902466
1758,3,-1.528427004814148
1759,2,-1.5540968179702759
1760,3,-1.5321853160858154
1761,2,-1.5963139533996582
1762,4,-1.427071213722229
1763,2,-1.5639315843582153
1764,3,-1.486188292503357
1765,2,-1.5674725770950317
1766,4,-1.3748033046722412
1767,2,-1.5706052780151367
1768,3,-1.5060406923294067
1769,3,-1.533459186553955
1770,2,-1.545220971107483
1771,5,-1.2813513278961182
1772,7,-1.1381171941757202
1773,11,-0.5870190262794495
1774,2,-1.579444169998169
1775,7,-1.034090280532837
1776,4,-1.4398170709609985
1777,1,-1.6235047578811646
1778,2,-1.5585836172103882
1779,5,-1.3566911220550537
1780,6,-1.2603048086166382
1781,4,-1.4610154628753662
1782,3,-1.4841244220733643
1783,2,-1.5791906118392944
1784,1,-1.6444731950759888
1785,1,-1.6203950643539429
1786,5,-1.3303070068359375
1787,1,-1.6215158700942993
1788,3,-1.4940791130065918
1789,7,-1.1242752075195312
1790,4,-1.44296395778656
1791,2,-1.5913828611373901
1792,1,-1.6477367877960205
1793,3,-1.4739344120025635
1794,1,-1.6378916501998901
1795,3,-1.4763462543487549
1796,1,-1.635260820388794
1797,3,-1.4688881635665894
1798,8,-0.967690646648407
1799,2,-1.5912238359451294
1800,4,-1.4556373357772827
1801,2,-1.5845361948013306
1802,6,-1.1848925352096558
1803,4,-1.4435667991638184
1804,5,-1.3215093612670898
1805,3,-1.5036262273788452
1806,6,-1.2193090915679932
1807,10,-0.7361811995506287
1808,1,-1.6195130348205566
1809,1,-1.632712960243225
1810,2,-1.551957130432129
1811,13,-0.32380324602127075
1812,2,-1.5490292310714722
1813,3,-1.4687247276306152
1814,4,-1.3755078315734863
1815,3,-1.5264633893966675
1816,1,-1.6404273509979248
1817,1,-1.6280440092086792
1818,1,-1.6082106828689575
1819,3,-1.5222914218902588
1820,6,-1.1973350048065186
1821,5,-1.3585059642791748
1822,4,-1.4345293045043945
1823,3,-1.5351744890213013
1824,1,-1.6406725645065308
1825,3,-1.5263550281524658
1826,4,-1.4186029434204102
1827,3,-1.4792234897613525
1828,5,-1.302610993385315
1829,1,-1.645107626914978
1830,9,-0.8125948905944824
1831,7,-1.068462610244751
1832,3,-1.5276328325271606
1833,4,-1.4308710098266602
1834,12,-0.4448239803314209
1835,3,-1.531479001045227
1836,3,-1.4807448387145996
1837,4,-1.4491826295852661
1838,1,-1.6380475759506226
1839,25,1.0564494132995605
1840,2,-1.583452582359314
1841,3,-1.510279893875122
1842,3,-1.5269358158111572
1843,4,-1.3724876642227173
1844,2,-1.596181035041809
1845,1,-1.6528478860855103
1846,3,-1.51312255859375
1847,2,-1.555395245552063
1848,2,-1.5996848344802856
1849,2,-1.588046669960022
1850,6,-1.151482343673706
1851,2,-1.598626732826233
1852,6,-1.169813871383667
1853,3,-1.5237071514129639
1854,4,-1.439935326576233
1855,3,-1.5153493881225586
1856,5,-1.3640828132629395
1857,8,-0.9950106143951416
1858,3,-1.470209002494812
1859,2,-1.5645695924758911
1860,4,-1.4280436038970947
1861,9,-0.8268038034439087
1862,16,0.05774453282356262
1863,3,-1.5374412536621094
1864,3,-1.5237317085266113
1865,3,-1.5148017406463623
1866,4,-1.4330968856811523
1867,3,-1.4692726135253906
1868,4,-1.4638676643371582
1869,3,-1.5004459619522095
1870,5,-1.3426315784454346
1871,2,-1.583680272102356
1872,2,-1.5802485942840576
1873,2,-1.5646185874938965
1874,8,-0.9906988143920898
1875,1,-1.629372239112854
1876,6,-1.2454837560653687
1877,4,-1.4050939083099365
1878,4,-1.3976106643676758
1879,3,-1.535282015800476
1880,4,-1.4597071409225464
1881,14,-0.16188374161720276
1882,2,-1.5899369716644287
1883,6,-1.2393653392791748
1884,2,-1.5873650312423706
1885,5,-1.3431472778320312
1886,10,-0.6647620797157288
1887,3,-1.5201503038406372
1888,6,-1.1679800748825073
1889,3,-1.4750642776489258
1890,4,-1.388459324836731
1891,10,-0.6871441602706909
1892,4,-1.4032878875732422
1893,3,-1.4873062372207642
1894,3,-1.5050805807113647
1895,3,-1.5402536392211914
1896,6,-1.219273328781128
1897,1,-1.6054702997207642
1898,8,-0.9830917716026306
1899,3,-1.5290091037750244
1900,2,-1.544150471687317
1901,5,-1.2927641868591309
1902,4,-1.463436245918274
1903,6,-1.2555179595947266
1904,5,-1.2966177463531494
1905,3,-1.478078842163086
1906,3,-1.522435188293457
1907,2,-1.549964189529419
1908,2,-1.6013245582580566
1909,5,-1.2803330421447754
1910,6,-1.1887011528015137
1911,3,-1.494917392730713
1912,3,-1.5275412797927856
1913,2,-1.5740313529968262
1914,1,-1.6211072206497192
1915,11,-0.6064406633377075
1916,10,-0.6385876536369324
1917,2,-1.5506352186203003
1918,9,-0.8731069564819336
1919,2,-1.5597171783447266
1920,5,-1.3495315313339233
1921,8,-0.9725200533866882
1922,5,-1.265175223350525
1923,10,-0.739048957824707
1924,8,-0.9340257048606873
1925,2,-1.56649649143219
1926,6,-1.244353175163269
1927,2,-1.5445693731307983
1928,12,-0.46780097484588623
1929,4,-1.3796693086624146
1930,3,-1.4766790866851807
1931,14,-0.2072698324918747
1932,2,-1.5454717874526978
1933,8,-0.90860915184021
1934,16,0.04846253991127014
1935,2,-1.55576753616333
1936,2,-1.5547480583190918
1937,4,-1.4493452310562134
1938,7,-1.1152985095977783
1939,2,-1.5467982292175293
1940,9,-0.8676764965057373
1941,4,-1.4532015323638916
1942,1,-1.6196880340576172
1943,3,-1.4687092304229736
1944,2,-1.5821332931518555
1945,3,-1.5188318490982056
1946,5,-1.366267442703247
1947,2,-1.5590883493423462
1948,3,-1.5319998264312744
1949,1,-1.6160064935684204
1950,3,-1.487259030342102
1951,4,-1.3885866403579712
1952,6,-1.222703218460083
1953,3,-1.4681785106658936
1954,6,-1.217199444770813
1955,3,-1.538017988204956
1956,4,-1.4493217468261719
1957,23,0.7983202934265137
1958,5,-1.2641968727111816
1959,2,-1.591145634651184
1960,2,-1.5770174264907837
1961,3,-1.5003695487976074
1962,5,-1.3629146814346313
1963,2,-1.5768344402313232
1964,5,-1.3305069208145142
1965,3,-1.4775171279907227
1966,3,-1.5027947425842285
1967,3,-1.4654885530471802
1968,2,-1.5905379056930542
1969,3,-1.5222886800765991
1970,11,-0.544852614402771
1971,4,-1.3907455205917358
1972,3,-1.47446870803833
1973,6,-1.1478129625320435
1974,1,-1.6486749649047852
1975,2,-1.5868234634399414
1976,8,-0.8883406519889832
1977,1,-1.6416728496551514
1978,5,-1.2702374458312988
1979,1,-1.6280980110168457
1980,10,-0.7382892370223999
1981,3,-1.4799083471298218
1982,2,-1.5930103063583374
1983,4,-1.4079183340072632
1984,4,-1.42709481716156
1985,14,-0.19184471666812897
1986,3,-1.4848805665969849
1987,3,-1.5084298849105835
1988,3,-1.501979947090149
1989,2,-1.5698453187942505
1990,7,-1.0414060354232788
1991,3,-1.5386561155319214
1992,17,0.21136409044265747
1993,3,-1.538102388381958
1994,5,-1.2959096431732178
1995,8,-0.9749897718429565
1996,2,-1.5827993154525757
1997,2,-1.5826681852340698
1998,3,-1.4726064205169678
1999,15,-0.0664186179637909
2000,5,-1.3717617988586426
2001,4,-1.382419228553772
2002,5,-1.328960657119751
2003,2,-1.6002711057662964
2004,2,-1.5436718463897705
2005,3,-1.4823259115219116
2006,4,-1.409023642539978
2007,1,-1.6416354179382324
2008,4,-1.4529552459716797
2009,3,-1.5334213972091675
2010,9,-0.7724352478981018
2011,3,-1.4871212244033813
2012,7,-1.0363752841949463
2013,3,-1.5381903648376465
2014,3,-1.5272421836853027
2015,3,-1.4673529863357544
2016,2,-1.5734469890594482
2017,11,-0.5676150321960449
2018,6,-1.204842209815979
2019,5,-1.3075659275054932
2020,5,-1.2957313060760498
2021,6,-1.2369356155395508
2022,2,-1.5696924924850464
2023,9,-0.7837357521057129
2024,2,-1.5810105800628662
2025,4,-1.450165867805481
2026,4,-1.455583930015564
2027,2,-1.600245714187622
2028,2,-1.5584324598312378
2029,26,1.113917589187622
2030,2,-1.59909987449646
2031,4,-1.4423291683197021
2032,2,-1.5664793252944946
2033,2,-1.5812041759490967
2034,3,-1.4760453701019287
2035,4,-1.4327921867370605
2036,5,-1.2990858554840088
2037,9,-0.8559049367904663
2038,6,-1.2058993577957153
2039,29,1.3342176675796509
2040,9,-0.7695721387863159
2041,3,-1.5373953580856323
2042,3,-1.5321097373962402
2043,2,-1.6031056642532349
2044,3,-1.5201250314712524
2045,5,-1.293135166168213
2046,3,-1.4984599351882935
2047,2,-1.5756773948669434
2048,3,-1.4716863632202148
2049,6,-1.1919753551483154
2050,14,-0.204551562666893
2051,1,-1.6460394859313965
2052,3,-1.539338231086731
2053,3,-1.5236849784851074
2054,3,-1.538672685623169
2055,2,-1.5856019258499146
2056,18,0.29851144552230835
2057,5,-1.3247363567352295
2058,2,-1.5653916597366333
2059,4,-1.3864483833312988
2060,4,-1.4254348278045654
2061,5,-1.3340644836425781
2062,6,-1.2251676321029663
2063,3,-1.5008832216262817
2064,5,-1.3597114086151123
2065,7,-1.0931473970413208
2066,3,-1.5065809488296509
2067,4,-1.373600959777832
2068,6,-1.215501070022583
2069,2,-1.5559626817703247
2070,3,-1.490814447402954
2071,5,-1.2803072929382324
2072,6,-1.1404967308044434
2073,1,-1.6272677183151245
2074,3,-1.51954984664917
2075,7,-1.0388566255569458
2076,17,0.21990966796875
2077,2,-1.5729825496673584
2078,6,-1.1976783275604248
2079,4,-1.445183277130127
2080,4,-1.3996500968933105
2081,3,-1.529328465461731
2082,3,-1.518379807472229
2083,3,-1.534959077835083
2084,2,-1.5578547716140747
2085,4,-1.4361631870269775
2086,4,-1.3825311660766602
2087,3,-1.5121499300003052
2088,4,-1.3843975067138672
2089,8,-0.969895601272583
2090,2,-1.5953166484832764
2091,4,-1.464848518371582
2092,8,-0.9254692196846008
2093,3,-1.5421395301818848
2094,7,-1.1012948751449585
2095,24,0.9055365324020386
2096,3,-1.4703741073608398
2097,3,-1.4952776432037354
2098,2,-1.5921498537063599
2099,6,-1.2622895240783691
2100,2,-1.59690523147583
2101,2,-1.5659441947937012
2102,12,-0.4072640538215637
2103,3,-1.4981600046157837
2104,5,-1.278290033340454
2105,6,-1.2411226034164429
2106,2,-1.5582937002182007
2107,3,-1.5293941497802734
2108,5,-1.3286445140838623
2109,18,0.3100900650024414
2110,4,-1.454790472984314
2111,10,-0.6796400547027588
2112,4,-1.4026975631713867
2113,5,-1.3462915420532227
2114,2,-1.5995014905929565
2115,4,-1.4642853736877441
2116,3,-1.4687831401824951
2117,2,-1.597229242324829
2118,17,0.2515724301338196
2119,3,-1.5357931852340698
2120,5,-1.3715506792068481
2121,4,-1.4306440353393555
2122,3,-1.4703975915908813
2123,11,-0.5888472199440002
2124,3,-1.5007643699645996
2125,25,1.0342366695404053
2126,12,-0.3598908483982086
2127,14,-0.10409829020500183
2128,5,-1.274185061454773
2129,3,-1.510719656944275
2130,5,-1.2771930694580078
2131,4,-1.456295371055603
2132,1,-1.6070125102996826
2133,7,-1.1269515752792358
2134,3,-1.5261352062225342
2135,3,-1.4923268556594849
2136,2,-1.5772796869277954
2137,5,-1.36110520362854
2138,1,-1.6332429647445679
2139,2,-1.5843414068222046
2140,2,-1.6041367053985596
2141,6,-1.1975328922271729
2142,1,-1.6220706701278687
2143,11,-0.6046879291534424
2144,2,-1.588826060295105
2145,9,-0.7773792147636414
2146,3,-1.5213388204574585
2147,9,-0.8149749040603638
2148,8,-0.9817745089530945
2149,3,-1.520551323890686
2150,2,-1.5644252300262451
2151,2,-1.5520336627960205
2152,10,-0.6646802425384521
2153,2,-1.5714905261993408
2154,3,-1.5243569612503052
2155,4,-1.4287103414535522
2156,2,-1.5909435749053955
2157,4,-1.3761141300201416
2158,20,0.583945095539093
2159,15,-0.0020085275173187256
2160,11,-0.5138869285583496
2161,3,-1.498280644416809
2162,1,-1.6266475915908813
2163,1,-1.6420007944107056
2164,6,-1.1837701797485352
2165,12,-0.42427748441696167
2166,3,-1.5082594156265259
2167,1,-1.647289514541626
2168,6,-1.1774020195007324
2169,2,-1.550223708152771
2170,5,-1.3583993911743164
2171,2,-1.6002169847488403
2172,3,-1.5214073657989502
2173,7,-1.0319278240203857
2174,2,-1.5810918807983398
2175,13,-0.3114745020866394
2176,6,-1.2014713287353516
2177,5,-1.3408935070037842
2178,1,-1.6046090126037598
2179,3,-1.4850777387619019
2180,7,-1.12636137008667
2181,8,-0.8991996049880981
2182,10,-0.6769052147865295
2183,3,-1.536706566810608
2184,2,-1.5655138492584229
2185,7,-1.0285639762878418
2186,16,0.09984073042869568
2187,5,-1.3450844287872314
2188,3,-1.4703431129455566
2189,14,-0.21112120151519775
2190,1,-1.6166481971740723
2191,5,-1.3202333450317383
2192,3,-1.509849190711975
2193,10,-0.7268047332763672
2194,3,-1.4664796590805054
2195,5,-1.3241510391235352
2196,6,-1.223544716835022
2197,5,-1.3230295181274414
2198,3,-1.4742377996444702
2199,4,-1.454368233680725
2200,6,-1.1756736040115356
2201,2,-1.5919616222381592
2202,4,-1.424107551574707
2203,4,-1.429267168045044
2204,3,-1.5395519733428955
2205,2,-1.5643545389175415
2206,2,-1.5479414463043213
2207,3,-1.5066970586776733
2208,3,-1.4845712184906006
2209,2,-1.5477505922317505
2210,2,-1.5729938745498657
2211,4,-1.4369168281555176
2212,4,-1.3771333694458008
2213,4,-1.4015238285064697
2214,1,-1.6406244039535522
2215,4,-1.4608558416366577
2216,14,-0.20788167417049408
2217,4,-1.4311597347259521
2218,4,-1.4552658796310425
2219,22,0.7765430212020874
2220,5,-1.3035545349121094
2221,2,-1.5562918186187744
2222,3,-1.485647201538086
2223,3,-1.4994696378707886
2224,3,-1.4677722454071045
2225,4,-1.4325242042541504
2226,2,-1.6034513711929321
2227,4,-1.4349437952041626
2228,1,-1.6395680904388428
2229,3,-1.4723182916641235
2230,5,-1.2751731872558594
2231,17,0.2623806595802307
2232,3,-1.510859727859497
2233,2,-1.5425361394882202
2234,3,-1.5292266607284546
2235,2,-1.5722304582595825
2236,21,0.5961356163024902
2237,4,-1.4163905382156372
2238,18,0.29408830404281616
2239,5,-1.3302959203720093
2240,4,-1.417331576347351
2241,4,-1.4639012813568115
2242,2,-1.5519431829452515
2243,4,-1.4533708095550537
2244,1,-1.6078760623931885
2245,3,-1.5335687398910522
2246,3,-1.487116813659668
2247,14,-0.11229878664016724
2248,3,-1.5397909879684448
2249,1,-1.6523528099060059
2250,6,-1.1459994316101074
2251,4,-1.3917168378829956
2252,3,-1.536268949508667
2253,6,-1.1839940547943115
2254,6,-1.1708159446716309
2255,7,-1.05646550655365
2256,7,-1.0883100032806396
2257,1,-1.628886342048645
2258,2,-1.5795748233795166
2259,4,-1.4257488250732422
2260,2,-1.5492116212844849
2261,5,-1.3016159534454346
2262,4,-1.398349642753601
2263,3,-1.474919080734253
2264,5,-1.3072985410690308
2265,2,-1.5977168083190918
2266,5,-1.3155357837677002
2267,4,-1.4143428802490234
2268,3,-1.5279874801635742
2269,2,-1.5744163990020752
2270,8,-0.9505186080932617
2271,4,-1.4040395021438599
2272,3,-1.508829951286316
2273,4,-1.3992762565612793
2274,4,-1.3855500221252441
2275,3,-1.5340369939804077
2276,2,-1.5780881643295288
2277,2,-1.5654317140579224
2278,3,-1.5286948680877686
2279,4,-1.4042980670928955
2280,5,-1.3647180795669556
2281,6,-1.1899776458740234
2282,5,-1.3610643148422241
2283,4,-1.433569312095642
2284,15,-0.07771021127700806
2285,5,-1.3303422927856445
2286,2,-1.564386248588562
2287,12,-0.457236111164093
2288,2,-1.5887683629989624
2289,2,-1.5819318294525146
2290,9,-0.7862997055053711
2291,10,-0.664112389087677
2292,2,-1.5443954467773438
2293,4,-1.384465217590332
2294,3,-1.4819101095199585
2295,15,-0.068855881690979
2296,18,0.3508472442626953
2297,1,-1.6114306449890137
2298,3,-1.5363140106201172
2299,4,-1.4623008966445923
2300,4,-1.457601547241211
2301,3,-1.5138846635818481
2302,2,-1.5921287536621094
2303,1,-1.6463041305541992
2304,5,-1.3654818534851074
2305,7,-1.076494812965393
2306,5,-1.3149535655975342
2307,11,-0.4870283007621765
2308,4,-1.4020498991012573
2309,4,-1.4077292680740356
2310,16,0.06477603316307068
2311,4,-1.4248329401016235
2312,3,-1.4681342840194702
2313,1,-1.6094474792480469
2314,3,-1.504193663597107
2315,2,-1.5539177656173706
2316,13,-0.24841928482055664
2317,2,-1.5664199590682983
2318,3,-1.4661834239959717
2319,4,-1.4105907678604126
2320,3,-1.5212056636810303
2321,4,-1.41986083984375
2322,3,-1.4859461784362793
2323,3,-1.4713916778564453
2324,3,-1.5216180086135864
2325,4,-1.4637601375579834
2326,2,-1.6009795665740967
2327,1,-1.6071850061416626
2328,5,-1.2708479166030884
2329,1,-1.6179916858673096
2330,2,-1.5701614618301392
2331,6,-1.2371416091918945
2332,3,-1.52268648147583
2333,18,0.3549078702926636
2334,4,-1.3791674375534058
2335,3,-1.5170612335205078
2336,3,-1.483548879623413
2337,21,0.6714674234390259
2338,5,-1.294501543045044
2339,22,0.7211216688156128
2340,5,-1.3293147087097168
2341,4,-1.40703547000885
2342,5,-1.357208013534546
2343,14,-0.19864749908447266
2344,4,-1.4568790197372437
2345,3,-1.501788854598999
2346,3,-1.481933832168579
2347,18,0.33517467975616455
2348,5,-1.3214147090911865
2349,4,-1.4338504076004028
2350,5,-1.2635350227355957
2351,15,0.011760711669921875
2352,3,-1.4937174320220947
2353,7,-1.0302762985229492
2354,5,-1.3495526313781738
2355,6,-1.1997017860412598
2356,18,0.29188966751098633
2357,3,-1.5125348567962646
2358,1,-1.6335738897323608
2359,3,-1.5015758275985718
2360,5,-1.2836413383483887
2361,5,-1.3512403964996338
2362,2,-1.5860451459884644
2363,26,1.1237140893936157
2364,5,-1.352581262588501
2365,1,-1.624009132385254
2366,2,-1.5948153734207153
2367,5,-1.336609959602356
2368,3,-1.5361639261245728
2369,1,-1.6151845455169678
2370,3,-1.4953721761703491
2371,3,-1.4942742586135864
2372,5,-1.3081456422805786
2373,3,-1.542312741279602
2374,3,-1.5165432691574097
2375,2,-1.5455750226974487
2376,15,-0.07912564277648926
2377,3,-1.4911704063415527
2378,5,-1.3648829460144043
2379,5,-1.346855640411377
2380,2,-1.5714446306228638
2381,14,-0.16958822309970856
2382,30,1.3774724006652832
2383,4,-1.4081835746765137
2384,6,-1.2350454330444336
2385,3,-1.4986237287521362
2386,5,-1.3205759525299072
2387,16,0.07336127758026123
2388,22,0.7149087190628052
2389,2,-1.5833135843276978
2390,5,-1.3176487684249878
2391,1,-1.6220653057098389
2392,3,-1.5170437097549438
2393,3,-1.4867948293685913
2394,5,-1.290231466293335
2395,2,-1.5622559785842896
2396,6,-1.2169232368469238
2397,6,-1.2087254524230957
2398,3,-1.4738515615463257
2399,5,-1.276876449584961
2400,21,0.67316734790802
2401,2,-1.5450438261032104
2402,8,-1.0060242414474487
2403,4,-1.4199734926223755
2404,2,-1.5554990768432617
2405,6,-1.2253618240356445
2406,8,-0.9471929669380188
2407,4,-1.4538350105285645
2408,7,-1.054280161857605
2409,4,-1.40768301486969
2410,10,-0.6605844497680664
2411,4,-1.425605297088623
2412,4,-1.3801186084747314
2413,1,-1.6275266408920288
2414,12,-0.46313220262527466
2415,4,-1.4241787195205688
2416,16,0.1135333776473999
2417,5,-1.2922104597091675
2418,3,-1.5105903148651123
2419,8,-0.9755800366401672
2420,1,-1.6435904502868652
2421,2,-1.585549235343933
2422,4,-1.4410960674285889
2423,2,-1.5678993463516235
2424,10,-0.6818332672119141
2425,4,-1.4222456216812134
2426,7,-1.0460376739501953
2427,3,-1.4875800609588623
2428,6,-1.249621868133545
2429,2,-1.5832600593566895
2430,3,-1.4812064170837402
2431,1,-1.628941535949707
2432,1,-1.6420401334762573
2433,7,-1.0265815258026123
2434,4,-1.3833231925964355
2435,4,-1.3883136510849
2436,1,-1.6403592824935913
2437,13,-0.2796449661254883
2438,8,-0.9116330146789551
2439,3,-1.4904868602752686
2440,29,1.2772409915924072
2441,4,-1.4161982536315918
2442,5,-1.2815663814544678
2443,5,-1.361732840538025
2444,11,-0.5759425163269043
2445,1,-1.6283538341522217
2446,1,-1.6421294212341309
2447,3,-1.5417059659957886
2448,6,-1.139999270439148
2449,2,-1.5438004732131958
2450,4,-1.4019569158554077
2451,2,-1.5770660638809204
2452,2,-1.5586845874786377
2453,4,-1.4647196531295776
2454,4,-1.3828699588775635
2455,3,-1.5377016067504883
2456,5,-1.2895598411560059
2457,5,-1.357665777206421
2458,5,-1.3541717529296875
2459,16,0.12570834159851074
2460,15,-0.0047560036182403564
2461,7,-1.1166173219680786
2462,6,-1.2624623775482178
2463,2,-1.6019316911697388
2464,4,-1.4485312700271606
2465,2,-1.5874508619308472
2466,6,-1.1797707080841064
2467,3,-1.5361279249191284
2468,2,-1.5502933263778687
2469,2,-1.5685880184173584
2470,7,-1.100950837135315
2471,3,-1.5065627098083496
2472,2,-1.5543593168258667
2473,5,-1.3642857074737549
2474,4,-1.4306738376617432
2475,3,-1.5198174715042114
2476,2,-1.5490214824676514
2477,3,-1.5132628679275513
2478,3,-1.52009916305542
2479,3,-1.5109480619430542
2480,24,0.9720830917358398
2481,27,1.1409063339233398
2482,4,-1.3858424425125122
2483,2,-1.5560649633407593
2484,2,-1.5801383256912231
2485,3,-1.4654481410980225
2486,4,-1.4131441116333008
2487,4,-1.4029650688171387
2488,4,-1.427416205406189
2489,4,-1.4528218507766724
2490,16,0.14933937788009644
2491,5,-1.3011635541915894
2492,4,-1.464034914970398
2493,2,-1.6018222570419312
2494,7,-1.049938440322876
2495,4,-1.4257876873016357
2496,3,-1.529770851135254
2497,8,-0.9137314558029175
2498,2,-1.5447134971618652
2499,18,0.32704395055770874
2500,8,-0.9725663065910339
2501,7,-1.0629353523254395
2502,3,-1.5213360786437988
2503,7,-1.0311528444290161
2504,5,-1.3494014739990234
2505,16,0.05261847376823425
2506,2,-1.600163221359253
2507,5,-1.3107969760894775
2508,6,-1.1639275550842285
2509,4,-1.4196691513061523
2510,4,-1.4242475032806396
2511,3,-1.5125646591186523
2512,2,-1.5632808208465576
2513,2,-1.5723211765289307
2514,3,-1.530819058418274
2515,2,-1.5431578159332275
2516,3,-1.5226341485977173
2517,3,-1.523301362991333
2518,6,-1.2550932168960571
2519,4,-1.4122889041900635
2520,3,-1.4789576530456543
2521,6,-1.2546080350875854
2522,4,-1.417812705039978
2523,1,-1.610023021697998
2524,2,-1.5501629114151
2525,6,-1.2582755088806152
2526,4,-1.400699496269226
2527,21,0.6469510793685913
2528,10,-0.6517883539199829
2529,3,-1.475189447402954
2530,2,-1.5988370180130005
2531,3,-1.5319275856018066
2532,2,-1.5695934295654297
2533,5,-1.3532392978668213
2534,2,-1.5480406284332275
2535,16,0.07954150438308716
2536,6,-1.2505559921264648
2537,2,-1.5635437965393066
2538,3,-1.4820424318313599
2539,2,-1.5493059158325195
2540,7,-1.0722779035568237
2541,2,-1.586806297302246
2542,2,-1.563265323638916
2543,18,0.3572901487350464
2544,25,1.026212453842163
2545,6,-1.1946285963058472
2546,2,-1.603020191192627
2547,14,-0.1434907615184784
2548,5,-1.3212838172912598
2549,3,-1.5040630102157593
2550,4,-1.4585850238800049
2551,1,-1.6412354707717896
2552,1,-1.6129618883132935
2553,4,-1.4493069648742676
2554,6,-1.1833877563476562
2555,4,-1.4072233438491821
2556,3,-1.479243278503418
2557,3,-1.4821633100509644
2558,5,-1.3664777278900146
2559,3,-1.5091594457626343
2560,3,-1.5267021656036377
2561,14,-0.12798085808753967
2562,3,-1.4871516227722168
2563,9,-0.7792558670043945
2564,3,-1.4827300310134888
2565,3,-1.4962284564971924
2566,6,-1.2156122922897339
2567,9,-0.8521860837936401
2568,4,-1.3911024332046509
2569,12,-0.42047441005706787
2570,2,-1.5426305532455444
2571,11,-0.599682629108429
2572,1,-1.6240533590316772
2573,5,-1.3135499954223633
2574,13,-0.2637779414653778
2575,3,-1.474478840827942
2576,7,-1.0637362003326416
2577,2,-1.5474129915237427
2578,1,-1.626206874847412
2579,2,-1.5651521682739258
2580,3,-1.499877691268921
2581,8,-0.9240559339523315
2582,6,-1.217261791229248
2583,5,-1.2700698375701904
2584,5,-1.3547215461730957
2585,8,-0.9937900304794312
2586,3,-1.4930557012557983
2587,4,-1.4552298784255981
2588,4,-1.4335272312164307
2589,8,-0.9974539875984192
2590,3,-1.5286800861358643
2591,7,-1.050283670425415
2592,3,-1.531442642211914
2593,3,-1.5246272087097168
2594,7,-1.0219671726226807
2595,7,-1.0438289642333984
2596,11,-0.5938444137573242
2597,5,-1.303347110748291
2598,9,-0.8243721723556519
2599,6,-1.2185792922973633
2600,5,-1.2920160293579102
2601,27,1.1459743976593018
2602,10,-0.6296038031578064
2603,4,-1.4211781024932861
2604,4,-1.4561409950256348
2605,15,0.010203421115875244
2606,2,-1.594727873802185
2607,10,-0.740058422088623
2608,6,-1.214190125465393
2609,4,-1.3921912908554077
2610,6,-1.2584872245788574
2611,3,-1.505928635597229
2612,6,-1.1456303596496582
2613,6,-1.2001763582229614
2614,1,-1.6143567562103271
2615,12,-0.3791789710521698
2616,4,-1.421696662902832
2617,4,-1.464250087738037
2618,27,1.1479899883270264
2619,5,-1.329580545425415
2620,4,-1.4364453554153442
2621,6,-1.253536343574524
2622,3,-1.511062502861023
2623,11,-0.5904414653778076
2624,8,-1.0060992240905762
2625,3,-1.4787421226501465
2626,3,-1.499282956123352
2627,2,-1.5543009042739868
2628,4,-1.4398733377456665
2629,4,-1.3992629051208496
2630,6,-1.2055925130844116
2631,4,-1.3993713855743408
2632,3,-1.492331862449646
2633,4,-1.4609023332595825
2634,30,1.3708953857421875
2635,2,-1.602417230606079
2636,6,-1.2464467287063599
2637,3,-1.5100632905960083
2638,1,-1.627883791923523
2639,2,-1.5433852672576904
2640,27,1.16457998752594
2641,5,-1.2886394262313843
2642,5,-1.3060424327850342
2643,7,-1.048290491104126
2644,2,-1.543336033821106
2645,5,-1.2910122871398926
2646,4,-1.377851963043213
2647,4,-1.3721835613250732
2648,3,-1.4948078393936157
2649,30,1.4034441709518433
2650,3,-1.4873121976852417
2651,12,-0.443362295627594
2652,2,-1.5625603199005127
2653,5,-1.3556811809539795
2654,5,-1.272580623626709
2655,4,-1.3901387453079224
2656,5,-1.290778398513794
2657,2,-1.5675491094589233
2658,4,-1.4358603954315186
2659,6,-1.2054545879364014
2660,7,-1.0618692636489868
2661,13,-0.26209506392478943
2662,3,-1.4840996265411377
2663,5,-1.289245367050171
2664,5,-1.3402888774871826
2665,5,-1.366988182067871
2666,5,-1.304405689239502
2667,3,-1.5091153383255005
2668,3,-1.4699110984802246
2669,3,-1.5032141208648682
2670,2,-1.5696970224380493
2671,5,-1.3507065773010254
2672,7,-1.0990540981292725
2673,3,-1.4868212938308716
2674,7,-1.132585048675537
2675,3,-1.5213825702667236
2676,4,-1.3774585723876953
2677,5,-1.3122142553329468
2678,11,-0.49502989649772644
2679,3,-1.4960858821868896
2680,2,-1.5833078622817993
2681,2,-1.5602738857269287
2682,21,0.6571475267410278
2683,4,-1.4609382152557373
2684,9,-0.7559531927108765
2685,5,-1.3302538394927979
2686,29,1.2936999797821045
2687,18,0.34418153762817383
2688,5,-1.3221521377563477
2689,6,-1.2411094903945923
2690,6,-1.182971477508545
2691,5,-1.3398005962371826
2692,3,-1.5277875661849976
2693,10,-0.7485897541046143
2694,16,0.1285998821258545
2695,3,-1.4721280336380005
2696,5,-1.3062236309051514
2697,4,-1.3895410299301147
2698,17,0.15282362699508667
2699,8,-0.9942113757133484
2700,4,-1.4018685817718506
2701,4,-1.4506216049194336
2702,4,-1.4298325777053833
2703,2,-1.5503954887390137
2704,3,-1.5260860919952393
2705,2,-1.5976736545562744
2706,2,-1.6005949974060059
2707,4,-1.4433209896087646
2708,16,0.06282833218574524
2709,13,-0.27525413036346436
2710,9,-0.8440779447555542
2711,3,-1.4884141683578491
2712,4,-1.3871933221817017
2713,4,-1.4218635559082031
2714,1,-1.6418533325195312
2715,5,-1.2762579917907715
2716,5,-1.3147199153900146
2717,5,-1.3187360763549805
2718,2,-1.5998440980911255
2719,4,-1.417959213256836
2720,18,0.27155834436416626
2721,3,-1.5359249114990234
2722,5,-1.2692017555236816
2723,6,-1.1855233907699585
2724,2,-1.5891598463058472
2725,4,-1.4383469820022583
2726,4,-1.4524688720703125
2727,17,0.20453202724456787
2728,7,-1.034071922302246
2729,1,-1.64255690574646
2730,6,-1.2290916442871094
2731,4,-1.3821265697479248
2732,3,-1.4899046421051025
2733,3,-1.5013750791549683
2734,11,-0.4829329252243042
2735,4,-1.4123425483703613
2736,7,-1.0826716423034668
2737,4,-1.441969394683838
2738,2,-1.5688982009887695
2739,15,-0.03338310122489929
2740,4,-1.3913218975067139
2741,3,-1.5011643171310425
2742,14,-0.11245056986808777
2743,4,-1.3889485597610474
2744,5,-1.3144644498825073
2745,20,0.4985311031341553
2746,5,-1.350093126296997
2747,2,-1.573981523513794
2748,4,-1.4361374378204346
2749,5,-1.3310949802398682
2750,1,-1.6487787961959839
2751,3,-1.5232936143875122
2752,2,-1.5907955169677734
2753,1,-1.609103798866272
2754,5,-1.3694578409194946
2755,4,-1.4436498880386353
2756,5,-1.2715320587158203
2757,3,-1.4762860536575317
2758,3,-1.4805097579956055
2759,2,-1.5592597723007202
2760,3,-1.5109009742736816
2761,4,-1.4208805561065674
2762,6,-1.1788307428359985
2763,5,-1.321180820465088
2764,2,-1.601567268371582
2765,1,-1.6291762590408325
2766,2,-1.5786411762237549
2767,5,-1.2869168519973755
2768,3,-1.4971482753753662
2769,5,-1.354377031326294
2770,5,-1.3357815742492676
2771,7,-1.1256736516952515
2772,3,-1.5261719226837158
2773,3,-1.5336098670959473
2774,2,-1.585795521736145
2775,3,-1.5139412879943848
2776,4,-1.4549250602722168
2777,4,-1.3889104127883911
2778,10,-0.6581529378890991
2779,5,-1.3358004093170166
2780,3,-1.4867559671401978
2781,4,-1.4141299724578857
2782,4,-1.4514875411987305
2783,5,-1.2788357734680176
2784,15,0.0020498037338256836
2785,5,-1.3688836097717285
2786,4,-1.4153239727020264
2787,7,-1.0940895080566406
2788,6,-1.2117643356323242
2789,14,-0.14572764933109283
2790,2,-1.5939464569091797
2791,4,-1.408840537071228
2792,5,-1.2797802686691284
2793,4,-1.3753726482391357
2794,5,-1.3557379245758057
2795,2,-1.575995922088623
2796,9,-0.8395506143569946
2797,9,-0.8711044192314148
2798,6,-1.2169685363769531
2799,2,-1.5793299674987793
2800,8,-1.0111353397369385
2801,4,-1.3944803476333618
2802,5,-1.288590431213379
2803,5,-1.3002042770385742
2804,3,-1.4887981414794922
2805,3,-1.4826023578643799
2806,2,-1.5742170810699463
2807,7,-1.0598382949829102
2808,3,-1.4705206155776978
2809,4,-1.4387415647506714
2810,1,-1.6130797863006592
2811,5,-1.2649612426757812
2812,1,-1.6406382322311401
2813,8,-0.8875949382781982
2814,13,-0.3337218761444092
2815,14,-0.13311055302619934
2816,2,-1.5574727058410645
2817,5,-1.3277385234832764
2818,6,-1.174729585647583
2819,5,-1.2694497108459473
2820,4,-1.4008716344833374
2821,8,-0.9306951761245728
2822,4,-1.436856746673584
2823,3,-1.4896296262741089
2824,1,-1.6073640584945679
2825,2,-1.5985617637634277
2826,5,-1.3149502277374268
2827,2,-1.6042197942733765
2828,3,-1.4810407161712646
2829,5,-1.2697672843933105
2830,5,-1.3656103610992432
2831,3,-1.4705513715744019
2832,2,-1.5557706356048584
2833,1,-1.6402126550674438
2834,4,-1.418604850769043
2835,2,-1.5977097749710083
2836,3,-1.4681447744369507
2837,3,-1.5253649950027466
2838,4,-1.4075875282287598
2839,5,-1.2685918807983398
2840,3,-1.4665453433990479
2841,2,-1.5613545179367065
2842,2,-1.600078821182251
2843,4,-1.3910157680511475
2844,4,-1.4128659963607788
2845,11,-0.5761710405349731
2846,4,-1.3861782550811768
2847,3,-1.4782845973968506
2848,5,-1.34309720993042
2849,12,-0.4547445476055145
2850,7,-1.1332334280014038
2851,3,-1.4766533374786377
2852,2,-1.5898939371109009
2853,2,-1.5640472173690796
2854,4,-1.4193823337554932
2855,5,-1.3090384006500244
2856,4,-1.4265830516815186
2857,4,-1.3912657499313354
2858,4,-1.4458814859390259
2859,1,-1.6054332256317139
2860,8,-0.9527377486228943
2861,5,-1.3188987970352173
2862,4,-1.4325248003005981
2863,6,-1.1600042581558228
2864,1,-1.6273738145828247
2865,1,-1.6371010541915894
2866,4,-1.4160853624343872
2867,5,-1.3403806686401367
2868,28,1.236338496208191
2869,1,-1.6137752532958984
2870,3,-1.5167346000671387
2871,5,-1.2663369178771973
2872,12,-0.36881864070892334
2873,5,-1.3701543807983398
2874,4,-1.4146044254302979
2875,3,-1.5138343572616577
2876,5,-1.2729785442352295
2877,1,-1.6092405319213867
2878,4,-1.435632348060608
2879,4,-1.448167085647583
2880,3,-1.4767218828201294
2881,5,-1.274605631828308
2882,5,-1.3072314262390137
2883,4,-1.4453438520431519
2884,4,-1.4435230493545532
2885,4,-1.4394078254699707
2886,8,-1.011652946472168
2887,1,-1.623448133468628
2888,3,-1.482580542564392
2889,6,-1.2234821319580078
2890,4,-1.4411625862121582
2891,8,-0.9846257567405701
2892,2,-1.5666098594665527
2893,6,-1.147124171257019
2894,3,-1.5209845304489136
2895,3,-1.5177745819091797
2896,16,0.11876744031906128
2897,7,-1.076746940612793
2898,3,-1.4941059350967407
2899,4,-1.4269580841064453
2900,2,-1.5958342552185059
2901,3,-1.5130155086517334
2902,6,-1.2231249809265137
2903,2,-1.545517086982727
2904,4,-1.414345145225525
2905,7,-1.0415568351745605
2906,5,-1.3610551357269287
2907,4,-1.3983991146087646
2908,3,-1.5011272430419922
2909,8,-0.9502308964729309
2910,4,-1.4155397415161133
2911,3,-1.5149112939834595
2912,4,-1.423940896987915
2913,1,-1.6510130167007446
2914,5,-1.335864543914795
2915,2,-1.5554261207580566
2916,3,-1.5348244905471802
2917,6,-1.2131307125091553
2918,3,-1.5340242385864258
2919,6,-1.259181022644043
2920,5,-1.313432216644287
2921,3,-1.4936325550079346
2922,2,-1.549943208694458
2923,3,-1.467154622077942
2924,4,-1.3840491771697998
2925,5,-1.3385212421417236
2926,4,-1.3786982297897339
2927,6,-1.184948444366455
2928,6,-1.2052526473999023
2929,3,-1.4680984020233154
2930,3,-1.5083719491958618
2931,5,-1.3317205905914307
2932,7,-1.0280952453613281
2933,3,-1.516217589378357
2934,2,-1.5462430715560913
2935,13,-0.2555882930755615
2936,14,-0.12271368503570557
2937,4,-1.432742953300476
2938,5,-1.3375146389007568
2939,3,-1.5056959390640259
2940,4,-1.3839776515960693
2941,7,-1.0652786493301392
2942,4,-1.3848991394042969
2943,3,-1.4754133224487305
2944,5,-1.3649928569793701
2945,7,-1.0744946002960205
2946,5,-1.3516845703125
2947,22,0.7127059698104858
2948,6,-1.1981747150421143
2949,6,-1.2146925926208496
2950,5,-1.3683332204818726
2951,2,-1.6004971265792847
2952,4,-1.4604614973068237
2953,4,-1.4465197324752808
2954,4,-1.445552110671997
2955,6,-1.1943283081054688
2956,23,0.7986917495727539
2957,4,-1.3903599977493286
2958,2,-1.5487767457962036
2959,6,-1.2431938648223877
2960,9,-0.7582988739013672
2961,3,-1.5321850776672363
2962,4,-1.3844579458236694
2963,3,-1.5198509693145752
2964,4,-1.4113595485687256
2965,3,-1.4801663160324097
2966,4,-1.4245798587799072
2967,5,-1.2879009246826172
2968,6,-1.1477763652801514
2969,4,-1.4174892902374268
2970,2,-1.5464991331100464
2971,7,-1.081130027770996
2972,2,-1.5714013576507568
2973,5,-1.3457281589508057
2974,14,-0.11579027771949768
2975,4,-1.3877047300338745
2976,4,-1.3754409551620483
2977,5,-1.2934255599975586
2978,26,1.1220959424972534
2979,9,-0.7553138732910156
2980,5,-1.3319220542907715
2981,19,0.40082937479019165
2982,3,-1.5200068950653076
2983,4,-1.4084302186965942
2984,4,-1.4127027988433838
2985,5,-1.3613865375518799
2986,3,-1.5107221603393555
2987,20,0.49867957830429077
2988,1,-1.6151832342147827
2989,3,-1.473839521408081
2990,2,-1.5524545907974243
2991,5,-1.2701137065887451
2992,4,-1.3929219245910645
2993,13,-0.2791639566421509
2994,7,-1.042951226234436
2995,5,-1.3359737396240234
2996,2,-1.569312572479248
2997,7,-1.0989558696746826
2998,4,-1.4406840801239014
2999,7,-1.1177504062652588
3000,3,-1.47328782081604
3001,7,-1.1088106632232666
3002,25,1.0021114349365234
3003,16,0.07869255542755127
3004,7,-1.1109185218811035
3005,2,-1.5544852018356323
3006,6,-1.1484668254852295
3007,4,-1.3765833377838135
3008,12,-0.46714937686920166
3009,5,-1.304721713066101
3010,3,-1.5028620958328247
3011,8,-0.967857837677002
3012,5,-1.3065152168273926
3013,13,-0.33952152729034424
3014,8,-0.970931887626648
3015,4,-1.4200093746185303
3016,2,-1.5605729818344116
3017,9,-0.7995467185974121
3018,5,-1.3174750804901123
3019,20,0.513077437877655
3020,4,-1.440121054649353
3021,5,-1.362647533416748
3022,5,-1.318048357963562
3023,4,-1.377117395401001
3024,1,-1.609869122505188
3025,8,-0.9778597950935364
3026,22,0.7605133056640625
3027,7,-1.1058683395385742
3028,4,-1.3963594436645508
3029,5,-1.2780718803405762
3030,2,-1.5987119674682617
3031,4,-1.4580402374267578
3032,3,-1.4820456504821777
3033,9,-0.8508557081222534
3034,4,-1.4390671253204346
3035,22,0.7308813333511353
3036,11,-0.5534967184066772
3037,5,-1.3698898553848267
3038,5,-1.3612123727798462
3039,3,-1.537010908126831
3040,9,-0.8058774471282959
3041,2,-1.5647507905960083
3042,17,0.17021715641021729
3043,3,-1.5234516859054565
3044,5,-1.344477653503418
3045,7,-1.1386189460754395
3046,13,-0.22597819566726685
3047,5,-1.3069998025894165
3048,11,-0.5131770372390747
3049,1,-1.6234512329101562
3050,3,-1.5395036935806274
3051,2,-1.548470377922058
3052,4,-1.4348807334899902
3053,6,-1.1700414419174194
3054,3,-1.483770728111267
3055,6,-1.2350618839263916
3056,4,-1.429712176322937
3057,5,-1.3263418674468994
3058,4,-1.4394590854644775
3059,7,-1.1273523569107056
3060,4,-1.4092670679092407
3061,5,-1.3435301780700684
3062,3,-1.4755284786224365
3063,7,-1.1353331804275513
3064,3,-1.4904245138168335
3065,2,-1.5926483869552612
3066,23,0.8089632987976074
3067,3,-1.5248452425003052
3068,7,-1.1153626441955566
3069,8,-0.9755372405052185
3070,4,-1.4012012481689453
3071,3,-1.4836444854736328
3072,4,-1.376197338104248
3073,3,-1.502203345298767
3074,4,-1.4283257722854614
3075,6,-1.2152725458145142
3076,2,-1.5744892358779907
3077,9,-0.7749383449554443
3078,3,-1.5093072652816772
3079,9,-0.854913055896759
3080,10,-0.6718209981918335
3081,6,-1.165959119796753
3082,2,-1.5594722032546997
3083,5,-1.3282638788223267
3084,22,0.7207850217819214
3085,4,-1.4150980710983276
3086,24,0.9629616737365723
3087,2,-1.5593453645706177
3088,26,1.1157476902008057
3089,4,-1.3741278648376465
3090,3,-1.4662704467773438
3091,8,-0.9967867732048035
3092,6,-1.211111307144165
3093,7,-1.1294376850128174
3094,17,0.21154987812042236
3095,11,-0.49862879514694214
3096,18,0.324593722820282
3097,4,-1.446825385093689
3098,3,-1.4953800439834595
3099,5,-1.3334941864013672
3100,5,-1.2765815258026123
3101,8,-0.9989599585533142
3102,6,-1.1452441215515137
3103,11,-0.5367528200149536
3104,6,-1.229924201965332
3105,3,-1.510227918624878
3106,3,-1.4789446592330933
3107,6,-1.1410775184631348
3108,6,-1.1576523780822754
3109,6,-1.197580337524414
3110,8,-0.994143009185791
3111,4,-1.4185963869094849
3112,8,-0.9659105539321899
3113,6,-1.1905895471572876
3114,4,-1.3749492168426514
3115,2,-1.597693681716919
3116,10,-0.7349828481674194
3117,7,-1.125025749206543
3118,13,-0.2754122316837311
3119,11,-0.5537220239639282
3120,4,-1.448021411895752
3121,4,-1.4076893329620361
3122,14,-0.20827855169773102
3123,5,-1.3087574243545532
3124,6,-1.227066159248352
3125,4,-1.4579498767852783
3126,5,-1.2874455451965332
3127,9,-0.8794100284576416
3128,1,-1.622617244720459
3129,3,-1.5134457349777222
3130,2,-1.5827581882476807
3131,4,-1.442775845527649
3132,22,0.7506206035614014
3133,5,-1.3401120901107788
3134,16,0.07225903868675232
3135,6,-1.2400232553482056
3136,4,-1.4540879726409912
3137,3,-1.5108234882354736
3138,6,-1.2067155838012695
3139,5,-1.2849854230880737
3140,4,-1.3811464309692383
3141,6,-1.175717830657959
3142,5,-1.3005282878875732
3143,5,-1.288724422454834
3144,4,-1.398991584777832
3145,3,-1.500765085220337
3146,6,-1.2023024559020996
3147,2,-1.543347954750061
3148,5,-1.3329658508300781
3149,1,-1.6396992206573486
3150,11,-0.5670662522315979
3151,3,-1.4856581687927246
3152,4,-1.3912832736968994
3153,23,0.8129260540008545
3154,24,0.9083733558654785
3155,4,-1.44281804561615
3156,5,-1.3134541511535645
3157,6,-1.1428982019424438
3158,2,-1.5757890939712524
3159,4,-1.3806946277618408
3160,6,-1.2323408126831055
3161,4,-1.4450839757919312
3162,15,0.019448697566986084
3163,4,-1.4231277704238892
3164,14,-0.20654618740081787
3165,3,-1.4717053174972534
3166,3,-1.4924503564834595
3167,4,-1.4048306941986084
3168,5,-1.2818907499313354
3169,6,-1.2136363983154297
3170,1,-1.6162679195404053
3171,6,-1.2100739479064941
3172,3,-1.515429973602295
3173,6,-1.2030916213989258
3174,3,-1.4905996322631836
3175,7,-1.0444843769073486
3176,4,-1.4586217403411865
3177,7,-1.041191577911377
3178,5,-1.3146836757659912
3179,5,-1.2989163398742676
3180,7,-1.0219980478286743
3181,3,-1.4901117086410522
3182,7,-1.0764378309249878
3183,8,-0.92037433385849
3184,17,0.19067305326461792
3185,12,-0.38963377475738525
3186,5,-1.2804985046386719
3187,3,-1.5057084560394287
3188,18,0.3390405774116516
3189,8,-1.0026966333389282
3190,5,-1.328770637512207
3191,4,-1.4038093090057373
3192,6,-1.1427502632141113
3193,5,-1.3382624387741089
3194,4,-1.4065532684326172
3195,6,-1.2326674461364746
3196,3,-1.5397058725357056
3197,4,-1.4622994661331177
3198,5,-1.297867774963379
3199,4,-1.4285423755645752
3200,1,-1.610026478767395
3201,20,0.5770242810249329
3202,1,-1.6362338066101074
3203,1,-1.6217759847640991
3204,16,0.06478634476661682
3205,7,-1.0870448350906372
3206,4,-1.418636679649353
3207,8,-0.9698226451873779
3208,5,-1.2700269222259521
3209,5,-1.296579122543335
3210,22,0.7493497133255005
3211,5,-1.288201093673706
3212,3,-1.5053772926330566
3213,3,-1.5206127166748047
3214,4,-1.435027003288269
3215,3,-1.524388074874878
3216,3,-1.537475347518921
3217,4,-1.4469050168991089
3218,7,-1.0492509603500366
3219,3,-1.5313928127288818
3220,7,-1.08890962600708
3221,4,-1.42051362991333
3222,4,-1.4556325674057007
3223,10,-0.6926600337028503
3224,3,-1.4882569313049316
3225,6,-1.1776058673858643
3226,5,-1.3052899837493896
3227,4,-1.4180572032928467
3228,9,-0.8279956579208374
3229,3,-1.4899835586547852
3230,1,-1.6283400058746338
3231,3,-1.5032436847686768
3232,3,-1.4679009914398193
3233,5,-1.3429430723190308
3234,4,-1.4108062982559204
3235,6,-1.2075843811035156
3236,2,-1.5483506917953491
3237,7,-1.09182608127594
3238,5,-1.3169307708740234
3239,5,-1.320237398147583
3240,3,-1.527123212814331
3241,5,-1.2702065706253052
3242,5,-1.3117941617965698
3243,5,-1.3174327611923218
3244,2,-1.5670737028121948
3245,5,-1.3006618022918701
3246,3,-1.517604112625122
3247,10,-0.6418138742446899
3248,5,-1.3188436031341553
3249,10,-0.7023231983184814
3250,10,-0.6880459785461426
3251,12,-0.43625083565711975
3252,3,-1.4993720054626465
3253,8,-0.9343286156654358
3254,4,-1.3946338891983032
3255,12,-0.4566425383090973
3256,7,-1.086634635925293
3257,8,-0.9590117931365967
3258,6,-1.242430329322815
3259,9,-0.8558359146118164
3260,9,-0.7857885360717773
3261,5,-1.3101866245269775
3262,6,-1.2025128602981567
3263,7,-1.1298497915267944
3264,6,-1.2152626514434814
3265,20,0.5872563123703003
3266,4,-1.4598236083984375
3267,6,-1.1967999935150146
3268,22,0.7473850250244141
3269,5,-1.333022952079773
3270,4,-1.4202942848205566
3271,5,-1.329052448272705
3272,6,-1.2172787189483643
3273,7,-1.073161244392395
3274,13,-0.33807313442230225
3275,6,-1.2573480606079102
3276,5,-1.35274338722229
3277,7,-1.1031681299209595
3278,10,-0.7514359951019287
3279,3,-1.541121482849121
3280,7,-1.1121041774749756
3281,1,-1.6268870830535889
3282,4,-1.4326872825622559
3283,4,-1.4360321760177612
3284,5,-1.3054592609405518
3285,3,-1.5207397937774658
3286,2,-1.5605474710464478
3287,5,-1.3660457134246826
3288,6,-1.1817388534545898
3289,9,-0.8694223761558533
3290,5,-1.2820377349853516
3291,8,-0.9789321422576904
3292,4,-1.378409743309021
3293,1,-1.6101876497268677
3294,4,-1.460771083831787
3295,8,-1.017307996749878
3296,2,-1.6042636632919312
3297,4,-1.4519704580307007
3298,5,-1.3432728052139282
3299,10,-0.7253224849700928
3300,2,-1.5567034482955933
3301,5,-1.2808337211608887
3302,5,-1.3645782470703125
3303,4,-1.4515571594238281
3304,8,-0.975462019443512
3305,7,-1.0550639629364014
3306,5,-1.3616548776626587
3307,6,-1.221501111984253
3308,7,-1.1174944639205933
3309,6,-1.1556146144866943
3310,4,-1.4529316425323486
3311,6,-1.2173300981521606
3312,4,-1.3769927024841309
3313,9,-0.8773601055145264
3314,8,-1.0101268291473389
3315,6,-1.2024939060211182
3316,6,-1.257108449935913
3317,8,-0.936191737651825
3318,13,-0.31275713443756104
3319,23,0.8241767883300781
3320,5,-1.351915717124939
3321,4,-1.3933837413787842
3322,2,-1.6000219583511353
3323,3,-1.4658958911895752
3324,19,0.4352509379386902
3325,4,-1.436763048171997
3326,6,-1.2376723289489746
3327,4,-1.3788607120513916
3328,17,0.26686400175094604
3329,7,-1.121074914932251
3330,3,-1.487987995147705
3331,3,-1.496444821357727
3332,5,-1.3342704772949219
3333,3,-1.539284586906433
3334,3,-1.4976187944412231
3335,4,-1.4330352544784546
3336,13,-0.2910740375518799
3337,2,-1.59688138961792
3338,1,-1.6150232553482056
3339,3,-1.5368812084197998
3340,4,-1.4176318645477295
3341,5,-1.2803689241409302
3342,12,-0.35558581352233887
3343,4,-1.4464682340621948
3344,6,-1.1956260204315186
3345,6,-1.24503493309021
3346,4,-1.4021345376968384
3347,5,-1.2685573101043701
3348,5,-1.2690250873565674
3349,7,-1.091498851776123
3350,5,-1.3014402389526367
3351,4,-1.4048463106155396
3352,6,-1.1781420707702637
3353,5,-1.3358173370361328
3354,4,-1.396614909172058
3355,6,-1.2211880683898926
3356,4,-1.4583048820495605
3357,7,-1.0464589595794678
3358,8,-1.0090487003326416
3359,5,-1.3413290977478027
3360,6,-1.2118332386016846
3361,2,-1.5650156736373901
3362,4,-1.4384171962738037
3363,22,0.7710872888565063
3364,6,-1.2182915210723877
3365,5,-1.371182918548584
3366,6,-1.2432529926300049
3367,3,-1.470381259918213
3368,4,-1.412511944770813
3369,5,-1.292080283164978
3370,18,0.2815290093421936
3371,5,-1.343254804611206
3372,6,-1.2447234392166138
3373,6,-1.2063463926315308
3374,7,-1.0932118892669678
3375,7,-1.0589368343353271
3376,5,-1.2895371913909912
3377,3,-1.5355894565582275
3378,2,-1.6005840301513672
3379,18,0.3714143633842468
3380,4,-1.4043201208114624
3381,8,-0.9472460150718689
3382,4,-1.3838310241699219
3383,1,-1.6101778745651245
3384,7,-1.042086124420166
3385,7,-1.0348563194274902
3386,4,-1.4022685289382935
3387,4,-1.3837730884552002
3388,5,-1.306104302406311
3389,2,-1.567865014076233
3390,3,-1.5363270044326782
3391,5,-1.2949748039245605
3392,14,-0.18845628201961517
3393,3,-1.4931823015213013
3394,5,-1.2797539234161377
3395,9,-0.8222494125366211
3396,3,-1.5139222145080566
3397,7,-1.1158983707427979
3398,3,-1.5126457214355469
3399,3,-1.4733843803405762
3400,3,-1.512357473373413
3401,6,-1.236008644104004
3402,4,-1.44215726852417
3403,5,-1.3168244361877441
3404,1,-1.631687045097351
3405,4,-1.4538460969924927
3406,7,-1.046234130859375
3407,3,-1.4895817041397095
3408,5,-1.2915042638778687
3409,6,-1.2401509284973145
3410,18,0.3521387577056885
3411,3,-1.5022612810134888
3412,7,-1.03233003616333
3413,11,-0.5509766936302185
3414,4,-1.3890200853347778
3415,23,0.8210736513137817
3416,4,-1.4312520027160645
3417,5,-1.2734272480010986
3418,3,-1.4845186471939087
3419,3,-1.4740126132965088
3420,5,-1.2660768032073975
3421,23,0.8474209308624268
3422,5,-1.2813458442687988
3423,5,-1.309816598892212
3424,5,-1.285007357597351
3425,5,-1.2777578830718994
3426,8,-1.0136994123458862
3427,5,-1.3114135265350342
3428,25,0.9958884716033936
3429,5,-1.2695393562316895
3430,3,-1.489373803138733
3431,6,-1.2487990856170654
3432,4,-1.418080449104309
3433,7,-1.0732882022857666
3434,6,-1.2515342235565186
3435,27,1.1524816751480103
3436,5,-1.3258836269378662
3437,5,-1.3472356796264648
3438,3,-1.4998998641967773
3439,4,-1.445432424545288
3440,3,-1.4973071813583374
3441,8,-0.9896745681762695
3442,7,-1.1173527240753174
3443,5,-1.2958085536956787
3444,5,-1.328383207321167
3445,5,-1.3665834665298462
3446,6,-1.1812803745269775
3447,3,-1.5288971662521362
3448,4,-1.3765954971313477
3449,3,-1.495609164237976
3450,2,-1.5953307151794434
3451,10,-0.6988745331764221
3452,4,-1.4470326900482178
3453,4,-1.4168691635131836
3454,7,-1.081081509590149
3455,4,-1.463358998298645
3456,5,-1.355966567993164
3457,5,-1.3110871315002441
3458,11,-0.5848354697227478
3459,3,-1.5148394107818604
3460,6,-1.1656405925750732
3461,9,-0.8631086349487305
3462,6,-1.2428371906280518
3463,7,-1.0233526229858398
3464,3,-1.4701154232025146
3465,4,-1.3946197032928467
3466,6,-1.24088716506958
3467,4,-1.3961366415023804
3468,8,-1.0058979988098145
3469,3,-1.4912173748016357
3470,12,-0.44565433263778687
3471,6,-1.2121107578277588
3472,11,-0.6010551452636719
3473,28,1.2010687589645386
3474,6,-1.2326620817184448
3475,15,-0.038334280252456665
3476,3,-1.4850914478302002
3477,5,-1.2638041973114014
3478,4,-1.411896824836731
3479,14,-0.18506312370300293
3480,6,-1.1770403385162354
3481,4,-1.4081156253814697
3482,5,-1.2780957221984863
3483,6,-1.1808502674102783
3484,4,-1.383611798286438
3485,5,-1.279543399810791
3486,6,-1.2576441764831543
3487,11,-0.5380021333694458
3488,4,-1.3836605548858643
3489,5,-1.3643697500228882
3490,4,-1.382249116897583
3491,4,-1.4532251358032227
3492,7,-1.1091996431350708
3493,1,-1.6102372407913208
3494,5,-1.3228273391723633
3495,4,-1.4017008543014526
3496,5,-1.3072731494903564
3497,13,-0.307884156703949
3498,4,-1.4550707340240479
3499,8,-0.9636802673339844
3500,12,-0.41079625487327576
3501,6,-1.1428215503692627
3502,14,-0.1230960488319397
3503,14,-0.18191185593605042
3504,3,-1.4909013509750366
3505,3,-1.4737359285354614
3506,5,-1.2997230291366577
3507,6,-1.194617509841919
3508,7,-1.0653425455093384
3509,5,-1.2729991674423218
3510,3,-1.5011532306671143
3511,5,-1.3153941631317139
3512,11,-0.5645148158073425
3513,8,-0.8951883912086487
3514,10,-0.7215715646743774
3515,7,-1.0272002220153809
3516,28,1.2373751401901245
3517,4,-1.4278337955474854
3518,3,-1.5217796564102173
3519,6,-1.1500657796859741
3520,14,-0.147797092795372
3521,5,-1.3592495918273926
3522,2,-1.5808830261230469
3523,6,-1.2089868783950806
3524,5,-1.2653324604034424
3525,7,-1.1140468120574951
3526,5,-1.33632230758667
3527,4,-1.4617857933044434
3528,6,-1.221670150756836
3529,13,-0.31084394454956055
3530,3,-1.4932163953781128
3531,6,-1.2522430419921875
3532,4,-1.4540752172470093
3533,11,-0.5777316093444824
3534,7,-1.104559302330017
3535,4,-1.4050737619400024
3536,4,-1.452473759651184
3537,5,-1.34071683883667
3538,2,-1.5956122875213623
3539,5,-1.3100895881652832
3540,10,-0.6657149791717529
3541,4,-1.4215914011001587
3542,5,-1.3617589473724365
3543,4,-1.3753637075424194
3544,9,-0.8046530485153198
3545,8,-0.9732272028923035
3546,9,-0.8387428522109985
3547,23,0.799879789352417
3548,5,-1.2809629440307617
3549,5,-1.2690942287445068
3550,8,-1.0167350769042969
3551,3,-1.4805272817611694
3552,5,-1.3496546745300293
3553,3,-1.5031920671463013
3554,4,-1.4284017086029053
3555,4,-1.463644027709961
3556,5,-1.3426048755645752
3557,22,0.7277011871337891
3558,4,-1.4228609800338745
3559,9,-0.8770712614059448
3560,5,-1.3512701988220215
3561,4,-1.3905352354049683
3562,7,-1.0953266620635986
3563,12,-0.37942856550216675
3564,4,-1.3883864879608154
3565,3,-1.4736577272415161
3566,4,-1.4551920890808105
3567,14,-0.1835554540157318
3568,2,-1.5931837558746338
3569,5,-1.3099398612976074
3570,6,-1.1976357698440552
3571,2,-1.6039034128189087
3572,6,-1.2274959087371826
3573,5,-1.3634259700775146
3574,8,-0.9133846759796143
3575,11,-0.5019270181655884
3576,2,-1.6040171384811401
3577,4,-1.4270764589309692
3578,5,-1.3506773710250854
3579,5,-1.2958738803863525
3580,5,-1.2992897033691406
3581,3,-1.5178087949752808
3582,7,-1.0357012748718262
3583,4,-1.4136178493499756
3584,4,-1.4150283336639404
3585,7,-1.1117099523544312
3586,4,-1.4050148725509644
3587,5,-1.3203383684158325
3588,5,-1.3640141487121582
3589,4,-1.4352693557739258
3590,7,-1.106458067893982
3591,4,-1.3935723304748535
3592,1,-1.6115204095840454
3593,2,-1.6003352403640747
3594,2,-1.554184079170227
3595,6,-1.2100341320037842
3596,18,0.3486473560333252
3597,2,-1.5798664093017578
3598,8,-0.8951455354690552
3599,6,-1.1419899463653564
3600,7,-1.120656132698059
3601,7,-1.1363171339035034
3602,7,-1.0506350994110107
3603,2,-1.5480647087097168
3604,6,-1.2416644096374512
3605,3,-1.4833611249923706
3606,5,-1.3090754747390747
3607,11,-0.552580714225769
3608,6,-1.1963731050491333
3609,4,-1.4145560264587402
3610,4,-1.429726004600525
3611,6,-1.179154872894287
3612,8,-0.9185742139816284
3613,3,-1.527772068977356
3614,4,-1.451074481010437
3615,5,-1.352081060409546
3616,4,-1.4107401371002197
3617,6,-1.1613924503326416
3618,5,-1.3631030321121216
3619,4,-1.4200644493103027
3620,5,-1.3229522705078125
3621,4,-1.4586360454559326
3622,4,-1.4048594236373901
3623,25,1.0200082063674927
3624,4,-1.4558992385864258
3625,8,-0.9502612948417664
3626,6,-1.1891306638717651
3627,4,-1.4518802165985107
3628,4,-1.380755066871643
3629,6,-1.1711695194244385
3630,7,-1.1352633237838745
3631,8,-1.0137643814086914
3632,4,-1.396897554397583
3633,3,-1.51461660861969
3634,6,-1.2468256950378418
3635,4,-1.4135491847991943
3636,5,-1.3009040355682373
3637,7,-1.0822951793670654
3638,12,-0.4159132242202759
3639,4,-1.4333305358886719
3640,3,-1.488297462463379
3641,4,-1.3840477466583252
3642,1,-1.6437430381774902
3643,11,-0.5851828455924988
3644,5,-1.3644185066223145
3645,4,-1.402594804763794
3646,5,-1.2823739051818848
3647,6,-1.21612548828125
3648,6,-1.1770883798599243
3649,12,-0.45067885518074036
3650,4,-1.3924124240875244
3651,4,-1.4185175895690918
3652,4,-1.4351019859313965
3653,2,-1.5781173706054688
3654,6,-1.2142746448516846
3655,7,-1.0433872938156128
3656,4,-1.4376732110977173
3657,5,-1.3587727546691895
3658,6,-1.2113673686981201
3659,4,-1.417879581451416
3660,3,-1.4898579120635986
3661,9,-0.8443124294281006
3662,4,-1.39727783203125
3663,6,-1.2464748620986938
3664,5,-1.2902956008911133
3665,5,-1.3089711666107178
3666,6,-1.1485145092010498
3667,16,0.09488603472709656
3668,6,-1.1400597095489502
3669,8,-0.9852966666221619
3670,4,-1.3884118795394897
3671,1,-1.6274213790893555
3672,3,-1.5121099948883057
3673,2,-1.5768611431121826
3674,5,-1.2819547653198242
3675,9,-0.764320433139801
3676,9,-0.857741117477417
3677,4,-1.4264873266220093
3678,5,-1.2977304458618164
3679,5,-1.355802297592163
3680,7,-1.042866587638855
3681,5,-1.3465397357940674
3682,6,-1.1415960788726807
3683,4,-1.3796486854553223
3684,5,-1.3155102729797363
3685,6,-1.2223536968231201
3686,5,-1.3570637702941895
3687,6,-1.2021234035491943
3688,3,-1.5262188911437988
3689,5,-1.3419511318206787
3690,4,-1.3769185543060303
3691,12,-0.4629022181034088
3692,11,-0.5877765417098999
3693,5,-1.310665488243103
3694,9,-0.8325294256210327
3695,10,-0.6908048391342163
3696,5,-1.3020858764648438
3697,11,-0.5331280827522278
3698,5,-1.3298370838165283
3699,6,-1.2115209102630615
3700,9,-0.8074554204940796
3701,6,-1.2094175815582275
3702,7,-1.0295298099517822
3703,6,-1.2556266784667969
3704,4,-1.4236695766448975
3705,10,-0.6963318586349487
3706,8,-0.9210461378097534
3707,9,-0.8610646724700928
3708,23,0.8613768815994263
3709,7,-1.1248900890350342
3710,26,1.126961350440979
3711,8,-0.9536087512969971
3712,6,-1.1953225135803223
3713,1,-1.6226141452789307
3714,4,-1.392006516456604
3715,4,-1.4538156986236572
3716,13,-0.24986539781093597
3717,6,-1.235299825668335
3718,6,-1.157503604888916
3719,6,-1.1543052196502686
3720,5,-1.3360445499420166
3721,1,-1.6266239881515503
3722,5,-1.3274130821228027
3723,7,-1.041624903678894
3724,2,-1.58152174949646
3725,4,-1.4374803304672241
3726,6,-1.2094054222106934
3727,20,0.55148845911026
3728,4,-1.451486349105835
3729,14,-0.20622116327285767
3730,7,-1.0842945575714111
3731,15,-0.06821978092193604
3732,6,-1.1711369752883911
3733,4,-1.4350374937057495
3734,4,-1.3874655961990356
3735,6,-1.2041089534759521
3736,5,-1.278442621231079
3737,9,-0.873528242111206
3738,7,-1.0964072942733765
3739,4,-1.4056731462478638
3740,7,-1.039539098739624
3741,4,-1.3950088024139404
3742,2,-1.5814440250396729
3743,4,-1.3964240550994873
3744,5,-1.348625659942627
3745,15,0.0017487704753875732
3746,1,-1.6303696632385254
3747,7,-1.1192355155944824
3748,6,-1.2613813877105713
3749,4,-1.4123942852020264
3750,9,-0.8586121797561646
3751,21,0.6162816286087036
3752,29,1.3363250494003296
3753,3,-1.4734182357788086
3754,8,-0.9772477149963379
3755,5,-1.2999894618988037
3756,4,-1.4048293828964233
3757,7,-1.1098607778549194
3758,6,-1.1520228385925293
3759,4,-1.4385521411895752
3760,24,0.928897500038147
3761,4,-1.4016200304031372
3762,4,-1.3807172775268555
3763,8,-0.9746345281600952
3764,7,-1.046999454498291
3765,6,-1.2521307468414307
3766,3,-1.5359714031219482
3767,8,-0.9652444124221802
3768,5,-1.290244221687317
3769,7,-1.0577702522277832
3770,7,-1.1193206310272217
3771,5,-1.350921869277954
3772,5,-1.3550925254821777
3773,6,-1.2356231212615967
3774,6,-1.196317195892334
3775,5,-1.329054355621338
3776,5,-1.334670066833496
3777,3,-1.470334529876709
3778,5,-1.3163564205169678
3779,8,-0.899819016456604
3780,3,-1.5416404008865356
3781,6,-1.1590285301208496
3782,6,-1.2472659349441528
3783,10,-0.6618727445602417
3784,6,-1.2028573751449585
3785,7,-1.058837652206421
3786,4,-1.411689281463623
3787,5,-1.3016445636749268
3788,5,-1.2923377752304077
3789,5,-1.3716098070144653
3790,8,-0.9869664311408997
3791,5,-1.3130168914794922
3792,3,-1.4849286079406738
3793,6,-1.201517939567566
3794,4,-1.3957427740097046
3795,5,-1.3496601581573486
3796,6,-1.1858510971069336
3797,4,-1.3773071765899658
3798,16,0.13975948095321655
3799,1,-1.6060034036636353
3800,4,-1.408613681793213
3801,1,-1.60647714138031
3802,12,-0.4653513431549072
3803,5,-1.3635656833648682
3804,2,-1.5490292310714722
3805,6,-1.1588196754455566
3806,6,-1.2180254459381104
3807,5,-1.3290300369262695
3808,4,-1.460044026374817
3809,24,0.9513776302337646
3810,2,-1.5608086585998535
3811,6,-1.1420433521270752
3812,4,-1.458201289176941
3813,8,-0.9365050792694092
3814,10,-0.7353500127792358
3815,7,-1.0553851127624512
3816,3,-1.5373919010162354
3817,6,-1.1958286762237549
3818,4,-1.4228819608688354
3819,5,-1.3103827238082886
3820,10,-0.7466602921485901
3821,5,-1.3603516817092896
3822,4,-1.4465174674987793
3823,9,-0.8633953332901001
3824,5,-1.2711207866668701
3825,5,-1.3629146814346313
3826,6,-1.200158715248108
3827,2,-1.5884939432144165
3828,16,0.05669596791267395
3829,6,-1.243610143661499
3830,1,-1.618478536605835
3831,5,-1.3617348670959473
3832,3,-1.471766471862793
3833,10,-0.6523070335388184
3834,6,-1.2167162895202637
3835,4,-1.375183343887329
3836,7,-1.0890671014785767
3837,5,-1.345656394958496
3838,8,-0.9837864637374878
3839,4,-1.4470003843307495
3840,6,-1.2507189512252808
3841,12,-0.4272695481777191
3842,3,-1.4982435703277588
3843,8,-0.9365307688713074
3844,6,-1.2084656953811646
3845,7,-1.0224696397781372
3846,5,-1.2797250747680664
3847,6,-1.242516040802002
3848,9,-0.8072078227996826
3849,4,-1.3906077146530151
3850,6,-1.1983473300933838
3851,6,-1.2366355657577515
3852,7,-1.0281959772109985
3853,5,-1.2923948764801025
3854,7,-1.0491580963134766
3855,12,-0.4100949764251709
3856,3,-1.525657057762146
3857,4,-1.4462076425552368
3858,14,-0.20494487881660461
3859,5,-1.3108999729156494
3860,6,-1.147044062614441
3861,5,-1.3476366996765137
3862,7,-1.099316120147705
3863,7,-1.0209169387817383
3864,6,-1.2187210321426392
3865,6,-1.1433582305908203
3866,8,-0.9710900187492371
3867,6,-1.1962041854858398
3868,4,-1.3961327075958252
3869,5,-1.3631818294525146
3870,9,-0.7899521589279175
3871,20,0.5448469519615173
3872,21,0.6012208461761475
3873,3,-1.5234079360961914
3874,6,-1.2203679084777832
3875,4,-1.3762997388839722
3876,7,-1.0216832160949707
3877,3,-1.4921983480453491
3878,16,0.14366698265075684
3879,6,-1.2284374237060547
3880,7,-1.056138515472412
3881,5,-1.2658824920654297
3882,3,-1.5128549337387085
3883,4,-1.4070923328399658
3884,4,-1.3880095481872559
3885,8,-0.9907590746879578
3886,7,-1.0816869735717773
3887,2,-1.5567772388458252
3888,2,-1.602515459060669
3889,10,-0.6236587762832642
3890,5,-1.3103786706924438
3891,6,-1.1652336120605469
3892,5,-1.2973694801330566
3893,5,-1.3400588035583496
3894,7,-1.1167781352996826
3895,5,-1.296917200088501
3896,4,-1.403706669807434
3897,4,-1.3719234466552734
3898,5,-1.3009757995605469
3899,8,-0.9585867524147034
3900,3,-1.4719915390014648
3901,8,-0.9526640772819519
3902,4,-1.3805994987487793
3903,6,-1.2481945753097534
3904,6,-1.2562685012817383
3905,4,-1.3943073749542236
3906,4,-1.3871163129806519
3907,4,-1.4313850402832031
3908,6,-1.2437279224395752
3909,2,-1.5666881799697876
3910,6,-1.1937365531921387
3911,3,-1.5157430171966553
3912,7,-1.0519630908966064
3913,6,-1.141357421875
3914,19,0.4255593419075012
3915,7,-1.1013449430465698
3916,6,-1.2580280303955078
3917,4,-1.4236795902252197
3918,6,-1.1807337999343872
3919,5,-1.2701300382614136
3920,8,-0.9247258305549622
3921,5,-1.2815866470336914
3922,6,-1.1507655382156372
3923,8,-1.0087132453918457
3924,18,0.3415866494178772
3925,5,-1.2741200923919678
3926,7,-1.094533920288086
3927,8,-0.9260631203651428
3928,5,-1.2825653553009033
3929,6,-1.2391338348388672
3930,4,-1.374016523361206
3931,8,-0.9237920045852661
3932,4,-1.406002402305603
3933,7,-1.0384284257888794
3934,24,0.9422633647918701
3935,6,-1.1662434339523315
3936,4,-1.3992218971252441
3937,5,-1.3252742290496826
3938,2,-1.5530363321304321
3939,6,-1.2358462810516357
3940,6,-1.1875507831573486
3941,5,-1.2868025302886963
3942,8,-0.960891842842102
3943,5,-1.2908822298049927
3944,4,-1.3729937076568604
3945,4,-1.4551633596420288
3946,5,-1.3705782890319824
3947,6,-1.1901296377182007
3948,9,-0.8044472932815552
3949,8,-1.0196237564086914
3950,8,-0.9005758166313171
3951,6,-1.167816400527954
3952,7,-1.0468504428863525
3953,2,-1.5995142459869385
3954,5,-1.2843862771987915
3955,15,0.015745550394058228
3956,27,1.1599996089935303
3957,5,-1.3000500202178955
3958,6,-1.149294137954712
3959,12,-0.41234031319618225
3960,7,-1.0923938751220703
3961,4,-1.4225184917449951
3962,5,-1.3422222137451172
3963,5,-1.2683112621307373
3964,7,-1.1249871253967285
3965,10,-0.6183233261108398
3966,6,-1.1907010078430176
3967,8,-1.0129172801971436
3968,6,-1.181732416152954
3969,15,-0.06242188811302185
3970,8,-0.9121629595756531
3971,5,-1.336456298828125
3972,5,-1.286349892616272
3973,17,0.21763718128204346
3974,7,-1.1317896842956543
3975,7,-1.13252592086792
3976,7,-1.0204102993011475
3977,9,-0.8693126440048218
3978,18,0.3324548602104187
3979,6,-1.1962682008743286
3980,4,-1.4161317348480225
3981,4,-1.4055677652359009
3982,3,-1.4801050424575806
3983,3,-1.4774678945541382
3984,12,-0.41762664914131165
3985,10,-0.7020137310028076
3986,7,-1.0259373188018799
3987,4,-1.3726598024368286
3988,4,-1.4197771549224854
3989,5,-1.3616280555725098
3990,14,-0.19659322500228882
3991,5,-1.2751003503799438
3992,3,-1.499889850616455
3993,4,-1.407899022102356
3994,5,-1.284745693206787
3995,6,-1.229595422744751
3996,3,-1.5031758546829224
3997,5,-1.2836558818817139
3998,4,-1.3742872476577759
3999,11,-0.48775309324264526
4000,7,-1.0919194221496582
4001,2,-1.5624834299087524
4002,6,-1.260138988494873
4003,7,-1.0729496479034424
4004,4,-1.4400169849395752
4005,4,-1.4143614768981934
4006,5,-1.3626688718795776
4007,8,-0.9115058779716492
4008,7,-1.073357105255127
4009,6,-1.1978470087051392
4010,5,-1.3479173183441162
4011,7,-1.0815025568008423
4012,7,-1.1062949895858765
4013,6,-1.2347699403762817
4014,5,-1.3434315919876099
4015,10,-0.7135606408119202
4016,7,-1.0687994956970215
4017,7,-1.0572091341018677
4018,4,-1.4191596508026123
4019,3,-1.5115342140197754
4020,5,-1.327250361442566
4021,15,-0.051819562911987305
4022,12,-0.34817007184028625
4023,5,-1.3188815116882324
4024,7,-1.0930516719818115
4025,6,-1.1928906440734863
4026,4,-1.4427756071090698
4027,5,-1.2713344097137451
4028,9,-0.850074052810669
4029,11,-0.5448771715164185
4030,5,-1.3220711946487427
4031,6,-1.2287793159484863
4032,5,-1.3142998218536377
4033,7,-1.0775859355926514
4034,7,-1.1244419813156128
4035,3,-1.4672083854675293
4036,3,-1.4958966970443726
4037,7,-1.0647661685943604
4038,3,-1.5078080892562866
4039,5,-1.3096206188201904
4040,4,-1.4214786291122437
4041,8,-0.9553088545799255
4042,8,-0.9530320763587952
4043,26,1.1243464946746826
4044,6,-1.2526540756225586
4045,3,-1.487013578414917
4046,8,-0.9843716621398926
4047,2,-1.592282772064209
4048,6,-1.2290503978729248
4049,17,0.19237643480300903
4050,10,-0.6741620898246765
4051,6,-1.1747684478759766
4052,4,-1.416566252708435
4053,21,0.6741112470626831
4054,4,-1.3827266693115234
4055,6,-1.2214164733886719
4056,5,-1.3089942932128906
4057,14,-0.11835482716560364
4058,13,-0.24748530983924866
4059,8,-0.8923153281211853
4060,15,-0.09562858939170837
4061,6,-1.2116296291351318
4062,8,-1.0127081871032715
4063,3,-1.5158846378326416
4064,12,-0.40437084436416626
4065,5,-1.2718603610992432
4066,5,-1.3432796001434326
4067,5,-1.2873778343200684
4068,6,-1.2209935188293457
4069,1,-1.640092372894287
4070,8,-1.0091192722320557
4071,6,-1.250258445739746
4072,5,-1.330500841140747
4073,5,-1.3547394275665283
4074,6,-1.2169432640075684
4075,14,-0.21473093330860138
4076,9,-0.800952672958374
4077,6,-1.2414915561676025
4078,7,-1.112093210220337
4079,5,-1.3207319974899292
4080,6,-1.140602946281433
4081,4,-1.3849741220474243
4082,3,-1.5142590999603271
4083,8,-0.8962755799293518
4084,9,-0.8187050223350525
4085,3,-1.5277470350265503
4086,6,-1.2338560819625854
4087,5,-1.3659124374389648
4088,5,-1.3096981048583984
4089,5,-1.3397643566131592
4090,6,-1.1938376426696777
4091,3,-1.5377336740493774
4092,4,-1.4116816520690918
4093,4,-1.4248403310775757
4094,4,-1.4195600748062134
4095,4,-1.4186474084854126
4096,6,-1.1666736602783203
4097,22,0.7122480869293213
4098,5,-1.2697614431381226
4099,6,-1.2567036151885986
4100,22,0.7892214059829712
4101,6,-1.1805824041366577
4102,3,-1.5308144092559814
4103,6,-1.1475169658660889
4104,7,-1.1383551359176636
4105,11,-0.4884876310825348
4106,5,-1.3643312454223633
4107,3,-1.5326972007751465
4108,6,-1.1647366285324097
4109,8,-1.0004363059997559
4110,5,-1.353165626525879
4111,10,-0.6226162910461426
4112,6,-1.2595382928848267
4113,10,-0.6935845613479614
4114,10,-0.6465765237808228
4115,21,0.6893012523651123
4116,12,-0.443524569272995
4117,7,-1.0450081825256348
4118,7,-1.0837230682373047
4119,5,-1.3073288202285767
4120,5,-1.2801897525787354
4121,8,-1.0051188468933105
4122,2,-1.56936514377594
4123,8,-0.9843879342079163
4124,4,-1.4644960165023804
4125,8,-0.9354521632194519
4126,6,-1.1646053791046143
4127,13,-0.28920066356658936
4128,8,-0.9026662111282349
4129,13,-0.24957460165023804
4130,7,-1.0957577228546143
4131,9,-0.834556519985199
4132,4,-1.43163001537323
4133,1,-1.6425997018814087
4134,5,-1.3071374893188477
4135,6,-1.1661503314971924
4136,5,-1.3037810325622559
4137,7,-1.0546880960464478
4138,9,-0.8281060457229614
4139,6,-1.187269926071167
4140,5,-1.2932970523834229
4141,5,-1.337669849395752
4142,9,-0.8017674088478088
4143,6,-1.261714220046997
4144,14,-0.11806172132492065
4145,6,-1.156900405883789
4146,3,-1.5047860145568848
4147,8,-0.9257897138595581
4148,7,-1.0234540700912476
4149,7,-1.0680031776428223
4150,9,-0.8532586097717285
4151,12,-0.3560003638267517
4152,4,-1.4108130931854248
4153,7,-1.1139922142028809
4154,5,-1.2758920192718506
4155,6,-1.231102466583252
4156,6,-1.2444989681243896
4157,4,-1.434129238128662
4158,8,-1.0137181282043457
4159,6,-1.244385004043579
4160,16,0.06351685523986816
4161,5,-1.3314322233200073
4162,3,-1.4859894514083862
4163,3,-1.4964908361434937
4164,5,-1.347278356552124
4165,5,-1.313645839691162
4166,10,-0.6171042323112488
4167,6,-1.2065341472625732
4168,6,-1.2014778852462769
4169,6,-1.2331135272979736
4170,5,-1.330155849456787
4171,6,-1.2059040069580078
4172,4,-1.4183722734451294
4173,5,-1.2849318981170654
4174,1,-1.6080254316329956
4175,17,0.18670803308486938
4176,5,-1.337785005569458
4177,16,0.13620078563690186
4178,1,-1.6451202630996704
4179,5,-1.357772707939148
4180,8,-0.9840744137763977
4181,4,-1.3823193311691284
4182,5,-1.343684196472168
4183,8,-0.9323941469192505
4184,5,-1.298614263534546
4185,7,-1.0809687376022339
4186,6,-1.2417858839035034
4187,15,0.027530252933502197
4188,5,-1.3241782188415527
4189,7,-1.116053581237793
4190,6,-1.181410789489746
4191,2,-1.593651294708252
4192,23,0.8648335933685303
4193,6,-1.162766695022583
4194,6,-1.1868159770965576
4195,4,-1.4003064632415771
4196,11,-0.5222055912017822
4197,4,-1.452939748764038
4198,10,-0.7426748275756836
4199,8,-0.997614324092865
4200,8,-0.919156014919281
4201,5,-1.2640788555145264
4202,9,-0.8118119239807129
4203,5,-1.3090757131576538
4204,18,0.3130391836166382
4205,7,-1.1251474618911743
4206,5,-1.3069126605987549
4207,5,-1.3304648399353027
4208,9,-0.8069459199905396
4209,5,-1.3420400619506836
4210,6,-1.2288521528244019
4211,6,-1.2226444482803345
4212,1,-1.6485190391540527
4213,6,-1.1671146154403687
4214,5,-1.3560714721679688
4215,4,-1.4530233144760132
4216,5,-1.3225493431091309
4217,5,-1.351356863975525
4218,5,-1.2686890363693237
4219,5,-1.3547006845474243
4220,4,-1.3740261793136597
4221,6,-1.2606770992279053
4222,3,-1.495274543762207
4223,7,-1.0643959045410156
4224,8,-0.9870744943618774
4225,7,-1.0402811765670776
4226,6,-1.1984727382659912
4227,8,-0.9840187430381775
4228,21,0.6911200284957886
4229,5,-1.3100337982177734
4230,4,-1.418100357055664
4231,6,-1.2352240085601807
4232,8,-0.9906797409057617
4233,8,-0.9638025760650635
4234,7,-1.1312987804412842
4235,8,-0.9803211092948914
4236,4,-1.3808026313781738
4237,11,-0.4798594117164612
4238,6,-1.1905419826507568
4239,7,-1.0686372518539429
4240,5,-1.3521993160247803
4241,5,-1.2844974994659424
4242,8,-0.9933633804321289
4243,7,-1.0973550081253052
4244,10,-0.7323609590530396
4245,6,-1.2028138637542725
4246,5,-1.2725603580474854
4247,4,-1.374396800994873
4248,6,-1.1504255533218384
4249,4,-1.3732435703277588
4250,7,-1.0777294635772705
4251,7,-1.0557024478912354
4252,1,-1.6195627450942993
4253,6,-1.1649682521820068
4254,11,-0.5661400556564331
4255,9,-0.8245964646339417
4256,5,-1.3270152807235718
4257,6,-1.1616770029067993
4258,5,-1.2930335998535156
4259,6,-1.2429530620574951
4260,6,-1.1935696601867676
4261,5,-1.2984198331832886
4262,6,-1.2200453281402588
4263,19,0.48340773582458496
4264,5,-1.289426326751709
4265,4,-1.4470278024673462
4266,4,-1.4325592517852783
4267,6,-1.1774287223815918
4268,6,-1.1501213312149048
4269,4,-1.3903383016586304
4270,11,-0.6053056120872498
4271,5,-1.340550184249878
4272,6,-1.1536097526550293
4273,5,-1.3665478229522705
4274,10,-0.6997033953666687
4275,5,-1.305323839187622
4276,5,-1.367801547050476
4277,8,-0.897857129573822
4278,5,-1.3097405433654785
4279,12,-0.41284433007240295
4280,6,-1.1921336650848389
4281,5,-1.2925747632980347
4282,6,-1.1670849323272705
4283,7,-1.0744011402130127
4284,10,-0.6706008315086365
4285,9,-0.7999842166900635
4286,5,-1.2685024738311768
4287,7,-1.1368310451507568
4288,14,-0.1398075670003891
4289,6,-1.2372357845306396
4290,5,-1.351457118988037
4291,4,-1.376875877380371
4292,7,-1.094360113143921
4293,11,-0.4841783046722412
4294,21,0.61536705493927
4295,7,-1.1273330450057983
4296,5,-1.2877336740493774
4297,2,-1.565369725227356
4298,8,-0.9564794898033142
4299,9,-0.8259493112564087
4300,7,-1.057426929473877
4301,6,-1.203710913658142
4302,18,0.37628114223480225
4303,7,-1.0363168716430664
4304,6,-1.259861707687378
4305,4,-1.3810811042785645
4306,6,-1.1798903942108154
4307,6,-1.1614549160003662
4308,8,-0.9897408485412598
4309,8,-0.991827130317688
4310,6,-1.1953736543655396
4311,6,-1.1974115371704102
4312,7,-1.1267964839935303
4313,10,-0.7332166433334351
4314,8,-0.9958404898643494
4315,6,-1.2252445220947266
4316,26,1.1208012104034424
4317,6,-1.2115392684936523
4318,5,-1.3484745025634766
4319,5,-1.3414685726165771
4320,8,-0.9702409505844116
4321,1,-1.6140066385269165
4322,8,-0.9664823412895203
4323,5,-1.3518768548965454
4324,11,-0.5445188283920288
4325,11,-0.48475539684295654
4326,9,-0.7753673791885376
4327,5,-1.2816193103790283
4328,17,0.25268644094467163
4329,9,-0.8583081960678101
4330,10,-0.6209096312522888
4331,9,-0.8034403324127197
4332,11,-0.4895818829536438
4333,6,-1.2495296001434326
4334,5,-1.3238611221313477
4335,6,-1.2193197011947632
4336,5,-1.266296148300171
4337,6,-1.216517448425293
4338,2,-1.592106580734253
4339,7,-1.0523834228515625
4340,28,1.2310562133789062
4341,8,-0.9014557003974915
4342,7,-1.1239594221115112
4343,9,-0.8443570137023926
4344,9,-0.8006927967071533
4345,5,-1.3036702871322632
4346,7,-1.0612491369247437
4347,5,-1.2736029624938965
4348,5,-1.281747579574585
4349,7,-1.0299533605575562
4350,6,-1.2594563961029053
4351,7,-1.0756480693817139
4352,7,-1.122750997543335
4353,5,-1.368849515914917
4354,6,-1.2631423473358154
4355,8,-0.9658121466636658
4356,1,-1.6436671018600464
4357,9,-0.8117368221282959
4358,6,-1.1648943424224854
4359,6,-1.141671895980835
4360,6,-1.1619157791137695
4361,6,-1.1934746503829956
4362,5,-1.2827565670013428
4363,6,-1.234358549118042
4364,8,-0.9207981824874878
4365,7,-1.0917211771011353
4366,11,-0.5174336433410645
4367,8,-0.9078043103218079
4368,6,-1.1394774913787842
4369,5,-1.3460849523544312
4370,9,-0.8396408557891846
4371,5,-1.3406920433044434
4372,18,0.35632866621017456
4373,4,-1.464333415031433
4374,7,-1.0820691585540771
4375,10,-0.6546450853347778
4376,6,-1.2202593088150024
4377,10,-0.7461307644844055
4378,6,-1.1637234687805176
4379,5,-1.3660399913787842
4380,19,0.4343460202217102
4381,6,-1.2068977355957031
4382,6,-1.1739270687103271
4383,6,-1.2229942083358765
4384,4,-1.4187543392181396
4385,7,-1.0935078859329224
4386,5,-1.2727487087249756
4387,7,-1.03627347946167
4388,7,-1.0596272945404053
4389,8,-0.9906656742095947
4390,6,-1.2566723823547363
4391,6,-1.1606285572052002
4392,7,-1.085960865020752
4393,4,-1.3734638690948486
4394,23,0.7978036403656006
4395,6,-1.2348763942718506
4396,8,-0.9321355819702148
4397,6,-1.1933693885803223
4398,12,-0.4486825168132782
4399,3,-1.5315136909484863
4400,5,-1.3390893936157227
4401,5,-1.2923109531402588
4402,10,-0.6897660493850708
4403,9,-0.8220645189285278
4404,6,-1.207486629486084
4405,3,-1.4678632020950317
4406,5,-1.267009973526001
4407,10,-0.7108237147331238
4408,5,-1.3705825805664062
4409,6,-1.2342064380645752
4410,6,-1.245004653930664
4411,4,-1.3920297622680664
4412,10,-0.6823259592056274
4413,6,-1.2589902877807617
4414,6,-1.19558846950531
4415,6,-1.1834681034088135
4416,6,-1.1549574136734009
4417,21,0.6406972408294678
4418,6,-1.1833029985427856
4419,5,-1.31071937084198
4420,13,-0.23178772628307343
4421,7,-1.0622504949569702
4422,7,-1.054807186126709
4423,17,0.16496890783309937
4424,5,-1.3111181259155273
4425,9,-0.868546724319458
4426,4,-1.375945806503296
4427,5,-1.3414242267608643
4428,10,-0.6670666933059692
4429,8,-1.0091480016708374
4430,15,-0.045633524656295776
4431,4,-1.4068832397460938
4432,5,-1.2979499101638794
4433,8,-0.9877534508705139
4434,6,-1.2057812213897705
4435,5,-1.3071255683898926
4436,5,-1.3659257888793945
4437,5,-1.3532066345214844
4438,5,-1.3514633178710938
4439,6,-1.1464626789093018
4440,8,-1.0088932514190674
4441,6,-1.2266124486923218
4442,4,-1.415258526802063
4443,5,-1.3399031162261963
4444,5,-1.2828514575958252
4445,5,-1.29655921459198
4446,4,-1.414731740951538
4447,8,-0.9342488050460815
4448,6,-1.250343918800354
4449,8,-0.9119499921798706
4450,19,0.44910216331481934
4451,11,-0.5394167304039001
4452,5,-1.3560073375701904
4453,28,1.2007672786712646
4454,12,-0.44528281688690186
4455,5,-1.2848278284072876
4456,8,-0.9590750336647034
4457,8,-0.931951642036438
4458,7,-1.0724807977676392
4459,7,-1.0398595333099365
4460,24,0.9486161470413208
4461,9,-0.8191885948181152
4462,6,-1.2020552158355713
4463,3,-1.4881418943405151
4464,10,-0.6363160610198975
4465,5,-1.302548885345459
4466,6,-1.1672999858856201
4467,8,-0.9602996110916138
4468,6,-1.1953651905059814
4469,5,-1.2643022537231445
4470,7,-1.0385063886642456
4471,6,-1.2016820907592773
4472,2,-1.5853023529052734
4473,9,-0.8005667328834534
4474,9,-0.7541278600692749
4475,6,-1.1522464752197266
4476,8,-1.0143184661865234
4477,9,-0.8563581705093384
4478,5,-1.2974824905395508
4479,6,-1.20970618724823
4480,5,-1.2660202980041504
4481,7,-1.1299784183502197
4482,5,-1.278937816619873
4483,5,-1.3543717861175537
4484,16,0.14172405004501343
4485,13,-0.3067779541015625
4486,5,-1.264303207397461
4487,5,-1.3093864917755127
4488,6,-1.1577848196029663
4489,4,-1.395944356918335
4490,7,-1.0682425498962402
4491,12,-0.47475770115852356
4492,2,-1.5918805599212646
4493,10,-0.7360898852348328
4494,8,-0.961391031742096
4495,6,-1.2340219020843506
4496,5,-1.294243574142456
4497,6,-1.1907044649124146
4498,7,-1.0757336616516113
4499,7,-1.0361144542694092
4500,6,-1.1584410667419434
4501,6,-1.1843695640563965
4502,6,-1.1765520572662354
4503,5,-1.3453011512756348
4504,6,-1.1983702182769775
4505,7,-1.1044933795928955
4506,7,-1.035346269607544
4507,11,-0.5704641342163086
4508,7,-1.0769565105438232
4509,6,-1.1391123533248901
4510,10,-0.6706453561782837
4511,5,-1.3685001134872437
4512,12,-0.39089328050613403
4513,9,-0.8138615489006042
4514,8,-0.9912335872650146
4515,10,-0.7373286485671997
4516,4,-1.418357491493225
4517,14,-0.14611752331256866
4518,7,-1.0358750820159912
4519,6,-1.1600720882415771
4520,6,-1.1390924453735352
4521,5,-1.2957279682159424
4522,7,-1.1025891304016113
4523,7,-1.0321784019470215
4524,8,-1.0011693239212036
4525,5,-1.3369441032409668
4526,9,-0.7918350100517273
4527,2,-1.574217438697815
4528,7,-1.1098493337631226
4529,10,-0.6802754402160645
4530,3,-1.4683051109313965
4531,7,-1.032028317451477
4532,9,-0.861081600189209
4533,10,-0.6132305860519409
4534,4,-1.3835811614990234
4535,22,0.7905769348144531
4536,6,-1.1613812446594238
4537,5,-1.3327810764312744
4538,7,-1.0670151710510254
4539,8,-0.9326061606407166
4540,6,-1.1601239442825317
4541,6,-1.2068655490875244
4542,8,-1.0201467275619507
4543,5,-1.270120620727539
4544,6,-1.2446571588516235
4545,6,-1.151275634765625
4546,6,-1.2437065839767456
4547,6,-1.2621386051177979
4548,6,-1.1742078065872192
4549,6,-1.2027143239974976
4550,6,-1.139756202697754
4551,8,-0.9325827360153198
4552,9,-0.800942063331604
4553,6,-1.2298229932785034
4554,7,-1.028191328048706
4555,5,-1.3526380062103271
4556,8,-1.008004903793335
4557,5,-1.360395908355713
4558,8,-0.9011585712432861
4559,7,-1.0453017950057983
4560,5,-1.2670166492462158
4561,17,0.26802659034729004
4562,12,-0.34894266724586487
4563,6,-1.223378300666809
4564,7,-1.136520266532898
4565,5,-1.3569438457489014
4566,1,-1.6178866624832153
4567,16,0.05219641327857971
4568,6,-1.1979420185089111
4569,14,-0.20054180920124054
4570,16,0.14553511142730713
4571,9,-0.8623970746994019
4572,9,-0.8344520926475525
4573,8,-0.9920706748962402
4574,6,-1.2580989599227905
4575,6,-1.1605175733566284
4576,7,-1.0286568403244019
4577,5,-1.3026082515716553
4578,6,-1.213895559310913
4579,6,-1.176422357559204
4580,4,-1.3918201923370361
4581,12,-0.41044604778289795
4582,6,-1.2064599990844727
4583,5,-1.293818712234497
4584,2,-1.6008774042129517
4585,12,-0.3496352434158325
4586,12,-0.39649057388305664
4587,7,-1.0798568725585938
4588,6,-1.2432719469070435
4589,9,-0.8234171271324158
4590,4,-1.3989567756652832
4591,5,-1.2699062824249268
4592,10,-0.7280246615409851
4593,8,-1.0033810138702393
4594,4,-1.39083731174469
4595,6,-1.149572730064392
4596,7,-1.0204122066497803
4597,5,-1.3182048797607422
4598,12,-0.44361743330955505
4599,6,-1.167015790939331
4600,9,-0.8330340385437012
4601,11,-0.5982029438018799
4602,7,-1.0876911878585815
4603,3,-1.468719720840454
4604,6,-1.1445448398590088
4605,6,-1.2041347026824951
4606,18,0.3170952796936035
4607,10,-0.684573769569397
4608,11,-0.5338570475578308
4609,10,-0.6296493411064148
4610,6,-1.1724199056625366
4611,10,-0.7208917140960693
4612,8,-0.9389280676841736
4613,11,-0.5976676940917969
4614,3,-1.486437201499939
4615,9,-0.789310872554779
4616,7,-1.0597591400146484
4617,6,-1.186192274093628
4618,4,-1.4094160795211792
4619,6,-1.2411489486694336
4620,6,-1.1401028633117676
4621,4,-1.4102065563201904
4622,23,0.8810524940490723
4623,3,-1.4870166778564453
4624,5,-1.336090326309204
4625,4,-1.3789732456207275
4626,7,-1.0767483711242676
4627,10,-0.7354358434677124
4628,9,-0.8742557764053345
4629,5,-1.297102689743042
4630,7,-1.132495641708374
4631,8,-0.9753289818763733
4632,12,-0.38210147619247437
4633,9,-0.827660858631134
4634,9,-0.7991586923599243
4635,8,-0.9349926710128784
4636,5,-1.307631254196167
4637,9,-0.8242950439453125
4638,14,-0.14235316216945648
4639,26,1.1149933338165283
4640,12,-0.4310206174850464
4641,6,-1.1610069274902344
4642,8,-0.9195131659507751
4643,5,-1.2988961935043335
4644,4,-1.3734281063079834
4645,8,-0.8994906544685364
4646,8,-1.0120211839675903
4647,7,-1.0618716478347778
4648,5,-1.2917520999908447
4649,6,-1.2077733278274536
4650,12,-0.4328060746192932
4651,9,-0.7718236446380615
4652,6,-1.1744483709335327
4653,6,-1.2036185264587402
4654,8,-0.9721440076828003
4655,10,-0.7079384922981262
4656,23,0.8725179433822632
4657,6,-1.139927864074707
4658,9,-0.8433659076690674
4659,11,-0.5834343433380127
4660,6,-1.1480512619018555
4661,2,-1.586979627609253
4662,5,-1.3475761413574219
4663,5,-1.2943394184112549
4664,6,-1.1674861907958984
4665,12,-0.3699876070022583
4666,6,-1.2303694486618042
4667,7,-1.0528249740600586
4668,3,-1.4743118286132812
4669,4,-1.4017555713653564
4670,8,-0.9340928792953491
4671,8,-0.9252341389656067
4672,14,-0.19408564269542694
4673,6,-1.199410080909729
4674,7,-1.0413017272949219
4675,6,-1.1418778896331787
4676,10,-0.6441555023193359
4677,11,-0.5904232263565063
4678,6,-1.2272753715515137
4679,6,-1.211796760559082
4680,6,-1.2420332431793213
4681,6,-1.144106149673462
4682,8,-0.9210211634635925
4683,6,-1.186788558959961
4684,13,-0.23286418616771698
4685,2,-1.5899291038513184
4686,8,-1.005293369293213
4687,6,-1.2278146743774414
4688,6,-1.225751280784607
4689,6,-1.2245758771896362
4690,6,-1.1913341283798218
4691,1,-1.6360801458358765
4692,11,-0.4791528582572937
4693,8,-0.988856852054596
4694,5,-1.2745683193206787
4695,7,-1.0513856410980225
4696,7,-1.0566853284835815
4697,11,-0.5142152905464172
4698,8,-0.9482383728027344
4699,11,-0.520028293132782
4700,5,-1.3656563758850098
4701,6,-1.2025303840637207
4702,6,-1.1527233123779297
4703,9,-0.7691293954849243
4704,7,-1.1228705644607544
4705,7,-1.1305564641952515
4706,5,-1.3154325485229492
4707,9,-0.8774096369743347
4708,5,-1.2693026065826416
4709,8,-0.9380002021789551
4710,10,-0.7110583782196045
4711,9,-0.8195428848266602
4712,7,-1.1359999179840088
4713,2,-1.574398398399353
4714,5,-1.2831039428710938
4715,7,-1.0531790256500244
4716,5,-1.305855631828308
4717,8,-1.0186920166015625
4718,2,-1.5746759176254272
4719,7,-1.1342365741729736
4720,8,-0.9261065721511841
4721,8,-0.9353410005569458
4722,6,-1.1956331729888916
4723,6,-1.1766541004180908
4724,6,-1.2366855144500732
4725,7,-1.1306524276733398
4726,6,-1.2564891576766968
4727,20,0.5438897609710693
4728,13,-0.27661263942718506
4729,8,-0.9505729079246521
4730,9,-0.7645813226699829
4731,9,-0.8264685869216919
4732,4,-1.4465633630752563
4733,8,-0.9917891025543213
4734,8,-0.9068318605422974
4735,8,-0.9272552132606506
4736,7,-1.0873801708221436
4737,11,-0.582946240901947
4738,7,-1.0454332828521729
4739,8,-1.0033713579177856
4740,6,-1.1386197805404663
4741,7,-1.0310323238372803
4742,4,-1.4266903400421143
4743,9,-0.8233340978622437
4744,9,-0.8563241958618164
4745,11,-0.5447127223014832
4746,11,-0.5554541349411011
4747,10,-0.73687744140625
4748,7,-1.1232593059539795
4749,7,-1.1311182975769043
4750,12,-0.39898207783699036
4751,14,-0.18609216809272766
4752,7,-1.1226049661636353
4753,10,-0.6084392666816711
4754,6,-1.2036375999450684
4755,6,-1.1912673711776733
4756,9,-0.7650700807571411
4757,7,-1.1025564670562744
4758,7,-1.0993213653564453
4759,6,-1.1446826457977295
4760,11,-0.5512425303459167
4761,14,-0.21720975637435913
4762,7,-1.036034345626831
4763,11,-0.6036884784698486
4764,1,-1.631126046180725
4765,7,-1.097137212753296
4766,7,-1.1264588832855225
4767,12,-0.3673146367073059
4768,8,-0.8944993615150452
4769,8,-0.906266987323761
4770,6,-1.2347244024276733
4771,7,-1.0376267433166504
4772,6,-1.243323564529419
4773,7,-1.0654343366622925
4774,9,-0.8003506660461426
4775,5,-1.347853183746338
4776,6,-1.1646236181259155
4777,6,-1.2602101564407349
4778,26,1.0741612911224365
4779,4,-1.3912237882614136
4780,7,-1.0254231691360474
4781,8,-0.908827006816864
4782,8,-0.9660364389419556
4783,6,-1.2360366582870483
4784,24,0.9445666074752808
4785,6,-1.2066478729248047
4786,7,-1.0936726331710815
4787,10,-0.7429307103157043
4788,3,-1.5173877477645874
4789,2,-1.5982543230056763
4790,7,-1.020204782485962
4791,18,0.3379494547843933
4792,9,-0.8450959920883179
4793,7,-1.1363674402236938
4794,6,-1.2423571348190308
4795,4,-1.3838367462158203
4796,7,-1.121899127960205
4797,6,-1.1529510021209717
4798,9,-0.847579300403595
4799,7,-1.0822083950042725
4800,7,-1.1231372356414795
4801,6,-1.1972172260284424
4802,20,0.5052449107170105
4803,6,-1.1853218078613281
4804,8,-0.9673309326171875
4805,8,-0.9955933690071106
4806,9,-0.7763851881027222
4807,5,-1.3338730335235596
4808,7,-1.0341522693634033
4809,8,-1.0126986503601074
4810,5,-1.3323383331298828
4811,5,-1.2692127227783203
4812,7,-1.076673150062561
4813,6,-1.168830394744873
4814,11,-0.5722811818122864
4815,25,1.0543761253356934
4816,7,-1.1223288774490356
4817,8,-0.9815524816513062
4818,9,-0.8504277467727661
4819,6,-1.1662946939468384
4820,5,-1.2802226543426514
4821,2,-1.5779515504837036
4822,11,-0.538200855255127
4823,5,-1.3337032794952393
4824,6,-1.2242097854614258
4825,5,-1.3088995218276978
4826,12,-0.46061110496520996
4827,6,-1.2015762329101562
4828,6,-1.2487776279449463
4829,7,-1.087188482284546
4830,28,1.2644519805908203
4831,5,-1.2654967308044434
4832,8,-0.9792400002479553
4833,8,-0.9761852025985718
4834,19,0.42627400159835815
4835,4,-1.4493296146392822
4836,7,-1.0801799297332764
4837,11,-0.48636263608932495
4838,19,0.3936045169830322
4839,6,-1.2552196979522705
4840,5,-1.268981695175171
4841,7,-1.0337810516357422
4842,6,-1.1909525394439697
4843,2,-1.5720362663269043
4844,5,-1.3642202615737915
4845,7,-1.1209571361541748
4846,7,-1.1305817365646362
4847,6,-1.1477360725402832
4848,7,-1.0549943447113037
4849,9,-0.8686975836753845
4850,1,-1.6481894254684448
4851,12,-0.3967326581478119
4852,6,-1.2399840354919434
4853,8,-0.9162480235099792
4854,8,-0.9400888085365295
4855,7,-1.0748038291931152
4856,6,-1.206676959991455
4857,9,-0.8435286283493042
4858,6,-1.1624013185501099
4859,8,-0.9140195846557617
4860,9,-0.8506147861480713
4861,5,-1.267984390258789
4862,11,-0.5451211929321289
4863,9,-0.8495403528213501
4864,18,0.3222251534461975
4865,8,-0.9996792078018188
4866,7,-1.0360493659973145
4867,6,-1.2083653211593628
4868,8,-0.9961856603622437
4869,7,-1.110518217086792
4870,9,-0.8510118722915649
4871,7,-1.1192455291748047
4872,6,-1.208439826965332
4873,7,-1.113565444946289
4874,14,-0.10174182057380676
4875,10,-0.6231553554534912
4876,6,-1.2089312076568604
4877,15,0.01961037516593933
4878,10,-0.6094983220100403
4879,11,-0.592704713344574
4880,8,-1.0057587623596191
4881,5,-1.3268965482711792
4882,29,1.2833378314971924
4883,8,-0.9778481721878052
4884,6,-1.1763241291046143
4885,5,-1.3027098178863525
4886,13,-0.2537694275379181
4887,9,-0.8285057544708252
4888,10,-0.6657769680023193
4889,7,-1.0348485708236694
4890,6,-1.2455384731292725
4891,6,-1.162026047706604
4892,6,-1.1993951797485352
4893,7,-1.1229102611541748
4894,13,-0.3235112428665161
4895,7,-1.029685139656067
4896,8,-0.9732728004455566
4897,10,-0.6775734424591064
4898,10,-0.7176511287689209
4899,13,-0.22513999044895172
4900,6,-1.2052032947540283
4901,8,-1.0015614032745361
4902,20,0.49419665336608887
4903,16,0.05346494913101196
4904,7,-1.0491348505020142
4905,6,-1.1448824405670166
4906,15,-0.007111638784408569
4907,7,-1.0869276523590088
4908,9,-0.7634631395339966
4909,9,-0.8751699328422546
4910,12,-0.4356769621372223
4911,8,-0.9832103252410889
4912,18,0.34527188539505005
4913,25,1.0033468008041382
4914,28,1.2019280195236206
4915,14,-0.16998974978923798
4916,6,-1.1794018745422363
4917,8,-0.9225629568099976
4918,7,-1.0325874090194702
4919,6,-1.2323241233825684
4920,13,-0.34261444211006165
4921,6,-1.1541674137115479
4922,7,-1.0338237285614014
4923,7,-1.0695114135742188
4924,9,-0.8661346435546875
4925,9,-0.8554551601409912
4926,6,-1.202749252319336
4927,7,-1.1167172193527222
4928,7,-1.0591015815734863
4929,8,-0.9855125546455383
4930,9,-0.8809051513671875
4931,13,-0.3074800372123718
4932,2,-1.552381992340088
4933,5,-1.3080708980560303
4934,6,-1.1697254180908203
4935,8,-0.9947109818458557
4936,7,-1.1138087511062622
4937,14,-0.1422053873538971
4938,28,1.2643523216247559
4939,7,-1.0858275890350342
4940,8,-0.8916188478469849
4941,6,-1.1683707237243652
4942,9,-0.8736598491668701
4943,8,-0.9905390739440918
4944,18,0.3037862777709961
4945,9,-0.8409892916679382
4946,2,-1.6043155193328857
4947,4,-1.4244643449783325
4948,6,-1.1525092124938965
4949,8,-0.9945414066314697
4950,7,-1.1021323204040527
4951,9,-0.7799795866012573
4952,13,-0.31467926502227783
4953,6,-1.1578919887542725
4954,6,-1.2325334548950195
4955,12,-0.4596608281135559
4956,6,-1.2158775329589844
4957,5,-1.3330624103546143
4958,6,-1.2480719089508057
4959,5,-1.278469443321228
4960,6,-1.2174537181854248
4961,9,-0.8749298453330994
4962,1,-1.6190333366394043
4963,9,-0.8499833345413208
4964,7,-1.0687566995620728
4965,7,-1.0435527563095093
4966,7,-1.0717713832855225
4967,9,-0.7881617546081543
4968,7,-1.1267967224121094
4969,8,-1.0135791301727295
4970,8,-0.9648239016532898
4971,6,-1.1550226211547852
4972,15,-0.09702152013778687
4973,8,-1.0098379850387573
4974,7,-1.0792458057403564
4975,6,-1.1956467628479004
4976,3,-1.4759416580200195
4977,6,-1.1470699310302734
4978,8,-0.9011451601982117
4979,6,-1.2278428077697754
4980,6,-1.262411117553711
4981,1,-1.6320880651474
4982,7,-1.1384644508361816
4983,7,-1.0331026315689087
4984,6,-1.1462855339050293
4985,7,-1.0369231700897217
4986,8,-0.8892258405685425
4987,13,-0.30555301904678345
4988,8,-0.9509965181350708
4989,15,-0.0173758864402771
4990,10,-0.6533297300338745
4991,7,-1.0966211557388306
4992,9,-0.8099130392074585
4993,7,-1.061293125152588
4994,6,-1.197580099105835
4995,12,-0.40838178992271423
4996,5,-1.3194372653961182
4997,8,-0.9538818597793579
4998,8,-1.0126183032989502
4999,8,-0.9061837196350098
5000,4,-1.4077277183532715
5001,7,-1.0721917152404785
5002,6,-1.250542402267456
5003,5,-1.2727243900299072
5004,9,-0.7899987101554871
5005,7,-1.1358716487884521
5006,7,-1.1110910177230835
5007,7,-1.1018680334091187
5008,7,-1.0592453479766846
5009,8,-0.9374091029167175
5010,7,-1.097066879272461
5011,7,-1.026850700378418
5012,9,-0.8414828777313232
5013,5,-1.2883784770965576
5014,7,-1.0530953407287598
5015,7,-1.0527575016021729
5016,12,-0.4668179750442505
5017,5,-1.2868406772613525
5018,7,-1.1384093761444092
5019,6,-1.1923315525054932
5020,11,-0.5494540333747864
5021,7,-1.1187509298324585
5022,5,-1.267807960510254
5023,8,-0.9989426136016846
5024,8,-0.9410502314567566
5025,9,-0.8534765839576721
5026,9,-0.7780206203460693
5027,7,-1.030496597290039
5028,7,-1.0375232696533203
5029,6,-1.1736538410186768
5030,6,-1.2169756889343262
5031,7,-1.0997483730316162
5032,6,-1.2141458988189697
5033,10,-0.707409679889679
5034,6,-1.1679291725158691
5035,7,-1.1260982751846313
5036,3,-1.5108449459075928
5037,15,-0.024208545684814453
5038,7,-1.0638203620910645
5039,15,-0.010462969541549683
5040,23,0.8203730583190918
5041,28,1.204096794128418
5042,10,-0.6806102395057678
5043,4,-1.3849892616271973
5044,15,-0.001857459545135498
5045,9,-0.755354106426239
5046,7,-1.0309181213378906
5047,3,-1.5093711614608765
5048,7,-1.1229625940322876
5049,10,-0.6156888604164124
5050,8,-0.9990177154541016
5051,7,-1.128498911857605
5052,10,-0.7094475626945496
5053,8,-0.963390052318573
5054,25,1.050535798072815
5055,8,-0.8906957507133484
5056,7,-1.0283231735229492
5057,7,-1.1154391765594482
5058,8,-0.8874685764312744
5059,6,-1.1757969856262207
5060,7,-1.0856091976165771
5061,7,-1.062028408050537
5062,8,-0.996777355670929
5063,6,-1.1524865627288818
5064,12,-0.3678189218044281
5065,8,-1.016552448272705
5066,30,1.3454933166503906
5067,8,-0.9472307562828064
5068,15,-0.05437648296356201
5069,9,-0.7665408849716187
5070,16,0.10086894035339355
5071,13,-0.2571420669555664
5072,8,-0.8907312154769897
5073,8,-0.9815003275871277
5074,7,-1.0521585941314697
5075,7,-1.105470895767212
5076,4,-1.4176286458969116
5077,6,-1.1812682151794434
5078,8,-0.8961359858512878
5079,7,-1.1104156970977783
5080,9,-0.8436094522476196
5081,7,-1.0379925966262817
5082,3,-1.5000207424163818
5083,6,-1.2324488162994385
5084,6,-1.2599806785583496
5085,8,-0.9133620262145996
5086,5,-1.2640362977981567
5087,10,-0.6823199987411499
5088,6,-1.220508337020874
5089,9,-0.8291826248168945
5090,16,0.059327125549316406
5091,6,-1.2609825134277344
5092,10,-0.6139634847640991
5093,20,0.5135068297386169
5094,7,-1.0734837055206299
5095,8,-0.9685593247413635
5096,13,-0.29173630475997925
5097,26,1.1199711561203003
5098,7,-1.0498285293579102
5099,6,-1.1581605672836304
5100,7,-1.024101972579956
5101,7,-1.0892436504364014
5102,9,-0.7906075119972229
5103,7,-1.0233232975006104
5104,6,-1.2216198444366455
5105,4,-1.4081227779388428
5106,6,-1.1675114631652832
5107,8,-0.9682799577713013
5108,12,-0.41213202476501465
5109,6,-1.2098660469055176
5110,22,0.775890588760376
5111,24,0.8933476209640503
5112,9,-0.8741523027420044
5113,7,-1.0804654359817505
5114,7,-1.1265554428100586
5115,7,-1.0450317859649658
5116,6,-1.1633625030517578
5117,11,-0.5586518049240112
5118,11,-0.5535615682601929
5119,10,-0.738615870475769
5120,7,-1.101966142654419
5121,7,-1.0602859258651733
5122,6,-1.2123103141784668
5123,8,-0.919467031955719
5124,7,-1.1156940460205078
5125,1,-1.6139272451400757
5126,6,-1.2258635759353638
5127,8,-0.8889603018760681
5128,4,-1.393198013305664
5129,8,-0.9077886939048767
5130,10,-0.679878830909729
5131,6,-1.190184235572815
5132,7,-1.1103301048278809
5133,7,-1.0267192125320435
5134,7,-1.067812204360962
5135,7,-1.0222837924957275
5136,7,-1.0360286235809326
5137,6,-1.182708978652954
5138,5,-1.2750203609466553
5139,5,-1.2705457210540771
5140,9,-0.8220467567443848
5141,9,-0.8203743696212769
5142,13,-0.27109968662261963
5143,9,-0.8116651177406311
5144,9,-0.8367953896522522
5145,14,-0.19504497945308685
5146,19,0.4677985906600952
5147,6,-1.2231841087341309
5148,7,-1.0399664640426636
5149,6,-1.2510896921157837
5150,8,-0.8851833343505859
5151,5,-1.3271647691726685
5152,8,-0.8960570096969604
5153,10,-0.6803005933761597
5154,8,-1.008826732635498
5155,6,-1.1682871580123901
5156,7,-1.0963704586029053
5157,6,-1.1512434482574463
5158,7,-1.1203813552856445
5159,28,1.2498184442520142
5160,7,-1.031559705734253
5161,7,-1.0304821729660034
5162,9,-0.8526135683059692
5163,9,-0.8171894550323486
5164,13,-0.2521269917488098
5165,7,-1.0667322874069214
5166,8,-0.9757969975471497
5167,9,-0.8703746795654297
5168,9,-0.8720803260803223
5169,8,-0.9644021391868591
5170,8,-0.9898956418037415
5171,5,-1.350067138671875
5172,10,-0.6292726993560791
5173,4,-1.3965920209884644
5174,4,-1.3812646865844727
5175,11,-0.5159182548522949
5176,6,-1.1769441366195679
5177,12,-0.4114227294921875
5178,6,-1.206035852432251
5179,27,1.1525635719299316
5180,8,-0.9318331480026245
5181,9,-0.8762837052345276
5182,7,-1.0716192722320557
5183,9,-0.7847117185592651
5184,3,-1.4915589094161987
5185,7,-1.1244182586669922
5186,4,-1.436302900314331
5187,8,-0.9850066304206848
5188,8,-0.9219269752502441
5189,6,-1.2276148796081543
5190,8,-0.9542678594589233
5191,5,-1.2885487079620361
5192,8,-1.006037712097168
5193,5,-1.264872670173645
5194,6,-1.2225067615509033
5195,12,-0.44559624791145325
5196,9,-0.8099985122680664
5197,7,-1.0252385139465332
5198,8,-0.894672691822052
5199,7,-1.0888121128082275
5200,7,-1.1362849473953247
5201,7,-1.1152969598770142
5202,8,-0.9995197057723999
5203,6,-1.1480050086975098
5204,5,-1.2638921737670898
5205,7,-1.1182035207748413
5206,7,-1.1091368198394775
5207,7,-1.0787794589996338
5208,12,-0.3756689429283142
5209,7,-1.076783537864685
5210,7,-1.0948069095611572
5211,9,-0.8289806842803955
5212,12,-0.401681125164032
5213,7,-1.078526496887207
5214,11,-0.5763936042785645
5215,14,-0.16013090312480927
5216,7,-1.0304129123687744
5217,15,-0.0883251428604126
5218,6,-1.2137315273284912
5219,6,-1.2046843767166138
5220,8,-0.979424238204956
5221,6,-1.1768386363983154
5222,7,-1.0451023578643799
5223,8,-0.93119877576828
5224,8,-0.9425240755081177
5225,9,-0.7604097127914429
5226,9,-0.8681470155715942
5227,8,-1.0139915943145752
5228,8,-0.9747145771980286
5229,7,-1.0466325283050537
5230,8,-0.9974246621131897
5231,7,-1.099757432937622
5232,7,-1.0428578853607178
5233,9,-0.7811175584793091
5234,9,-0.7852518558502197
5235,8,-0.980750322341919
5236,8,-0.9605901837348938
5237,12,-0.40974879264831543
5238,7,-1.12398099899292
5239,5,-1.3632752895355225
5240,8,-0.9883073568344116
5241,9,-0.8537424206733704
5242,7,-1.1370561122894287
5243,6,-1.1939617395401
5244,12,-0.44606977701187134
5245,10,-0.7004668116569519
5246,10,-0.6644834280014038
5247,7,-1.1211458444595337
5248,7,-1.0734609365463257
5249,6,-1.204864501953125
5250,10,-0.7142441272735596
5251,6,-1.1713110208511353
5252,11,-0.5736989974975586
5253,6,-1.1583573818206787
5254,7,-1.1271312236785889
5255,7,-1.085868239402771
5256,5,-1.2758219242095947
5257,2,-1.591188669204712
5258,8,-1.0109533071517944
5259,7,-1.1315298080444336
5260,7,-1.0344212055206299
5261,4,-1.4000509977340698
5262,6,-1.1656608581542969
5263,8,-0.9495592713356018
5264,9,-0.7565993666648865
5265,7,-1.0542235374450684
5266,7,-1.1256368160247803
5267,7,-1.063204288482666
5268,19,0.4070807099342346
5269,28,1.2115378379821777
5270,8,-0.9308094382286072
5271,5,-1.2695586681365967
5272,8,-0.9556435346603394
5273,9,-0.8676104545593262
5274,9,-0.8839617967605591
5275,16,0.08812502026557922
5276,6,-1.2251824140548706
5277,8,-0.9750396609306335
5278,6,-1.1501353979110718
5279,6,-1.242840051651001
5280,8,-0.9745727777481079
5281,1,-1.614546775817871
5282,8,-0.935502290725708
5283,7,-1.059823989868164
5284,11,-0.5148656964302063
5285,12,-0.377302885055542
5286,13,-0.31230756640434265
5287,6,-1.1871840953826904
5288,7,-1.1347696781158447
5289,7,-1.0770127773284912
5290,7,-1.1256002187728882
5291,8,-0.9566580653190613
5292,7,-1.108095407485962
5293,8,-0.9144756197929382
5294,27,1.1552307605743408
5295,9,-0.7983603477478027
5296,13,-0.30827993154525757
5297,10,-0.6184375286102295
5298,7,-1.0977914333343506
5299,7,-1.02817964553833
5300,7,-1.0920087099075317
5301,10,-0.7342594861984253
5302,9,-0.8405811190605164
5303,5,-1.3711695671081543
5304,7,-1.0772120952606201
5305,7,-1.1310715675354004
5306,9,-0.8629734516143799
5307,7,-1.1164909601211548
5308,8,-0.9854344129562378
5309,9,-0.8252562284469604
5310,6,-1.199751853942871
5311,25,0.9942091703414917
5312,7,-1.097590684890747
5313,6,-1.1653430461883545
5314,9,-0.7944306135177612
5315,4,-1.4565932750701904
5316,14,-0.13316595554351807
5317,20,0.533350944519043
5318,8,-0.9645081162452698
5319,9,-0.8842484951019287
5320,8,-0.9894274473190308
5321,13,-0.34618136286735535
5322,13,-0.24776872992515564
5323,13,-0.2635955214500427
5324,6,-1.235175609588623
5325,10,-0.6129837036132812
5326,7,-1.12357759475708
5327,3,-1.468626856803894
5328,8,-0.8895218968391418
5329,3,-1.521302342414856
5330,6,-1.2182031869888306
5331,11,-0.5515249371528625
5332,6,-1.142554759979248
5333,10,-0.6133066415786743
5334,6,-1.1737165451049805
5335,7,-1.0830719470977783
5336,7,-1.11600661277771
5337,7,-1.088318109512329
5338,5,-1.2652618885040283
5339,16,0.03161221742630005
5340,12,-0.3910905420780182
5341,18,0.2720564007759094
5342,10,-0.6234230399131775
5343,7,-1.1308521032333374
5344,8,-0.9901278614997864
5345,7,-1.1384339332580566
5346,8,-1.001192569732666
5347,8,-0.9378341436386108
5348,21,0.6549923419952393
5349,6,-1.1466445922851562
5350,10,-0.6673291921615601
5351,6,-1.1702063083648682
5352,6,-1.2586719989776611
5353,8,-0.9361541867256165
5354,8,-0.9814736247062683
5355,11,-0.565081000328064
5356,7,-1.121129035949707
5357,9,-0.7781293392181396
5358,13,-0.25001686811447144
5359,7,-1.0815765857696533
5360,6,-1.1515759229660034
5361,7,-1.0382440090179443
5362,8,-1.0119357109069824
5363,7,-1.0568927526474
5364,7,-1.080634593963623
5365,8,-0.9316183924674988
5366,7,-1.0429134368896484
5367,6,-1.1760891675949097
5368,11,-0.5825970768928528
5369,10,-0.7175022959709167
5370,14,-0.10384383797645569
5371,15,-0.06420263648033142
5372,7,-1.0290658473968506
5373,8,-0.9260591268539429
5374,9,-0.8573839068412781
5375,13,-0.23582932353019714
5376,7,-1.0375159978866577
5377,6,-1.2046740055084229
5378,8,-0.9264028668403625
5379,7,-1.050156831741333
5380,13,-0.3134617805480957
5381,5,-1.274982213973999
5382,3,-1.5299688577651978
5383,9,-0.849413275718689
5384,8,-0.9685699343681335
5385,11,-0.5938117504119873
5386,7,-1.086726188659668
5387,8,-1.0120199918746948
5388,9,-0.807340145111084
5389,10,-0.7168595790863037
5390,12,-0.4280205965042114
5391,9,-0.8360574245452881
5392,8,-0.9711385369300842
5393,10,-0.7261492013931274
5394,3,-1.5254374742507935
5395,7,-1.0460681915283203
5396,9,-0.7726889252662659
5397,9,-0.7964056134223938
5398,8,-0.8854064345359802
5399,14,-0.17726251482963562
5400,7,-1.123270034790039
5401,19,0.4810762405395508
5402,12,-0.36365413665771484
5403,14,-0.15732775628566742
5404,14,-0.16206158697605133
5405,8,-0.8902134895324707
5406,8,-0.9807625412940979
5407,8,-0.9945285320281982
5408,7,-1.0394434928894043
5409,4,-1.3729004859924316
5410,17,0.23399078845977783
5411,16,0.07873794436454773
5412,9,-0.8327696919441223
5413,8,-1.0183427333831787
5414,6,-1.1614524126052856
5415,9,-0.7704882621765137
5416,8,-1.0073680877685547
5417,11,-0.5747036337852478
5418,7,-1.066615104675293
5419,9,-0.7777360677719116
5420,7,-1.028202772140503
5421,7,-1.1273877620697021
5422,9,-0.8652503490447998
5423,6,-1.1804203987121582
5424,6,-1.1800235509872437
5425,16,0.04446887969970703
5426,7,-1.1085503101348877
5427,6,-1.1543972492218018
5428,7,-1.129228115081787
5429,8,-0.9240027070045471
5430,7,-1.0262141227722168
5431,7,-1.0606296062469482
5432,9,-0.8348100185394287
5433,8,-0.9779240489006042
5434,8,-0.9813925623893738
5435,7,-1.0626707077026367
5436,7,-1.0483145713806152
5437,11,-0.5388987064361572
5438,6,-1.2136832475662231
5439,22,0.7431302070617676
5440,6,-1.1916062831878662
5441,9,-0.8351255655288696
5442,10,-0.7392301559448242
5443,8,-0.9590883255004883
5444,9,-0.7596679329872131
5445,7,-1.045371651649475
5446,11,-0.5459421873092651
5447,8,-0.9876657128334045
5448,10,-0.6517441868782043
5449,7,-1.1363933086395264
5450,7,-1.0535781383514404
5451,9,-0.7583249807357788
5452,7,-1.1209776401519775
5453,28,1.2310295104980469
5454,1,-1.610454797744751
5455,8,-0.9382904171943665
5456,15,0.010568678379058838
5457,8,-1.0039544105529785
5458,7,-1.0829887390136719
5459,6,-1.1543903350830078
5460,8,-1.0033268928527832
5461,10,-0.7040765881538391
5462,21,0.6395125389099121
5463,24,0.8926594257354736
5464,9,-0.8310304880142212
5465,7,-1.0979490280151367
5466,8,-1.0040442943572998
5467,5,-1.275456428527832
5468,7,-1.0801024436950684
5469,3,-1.5354512929916382
5470,7,-1.0514042377471924
5471,3,-1.5173234939575195
5472,8,-0.9645974636077881
5473,7,-1.131363868713379
5474,9,-0.8691049814224243
5475,8,-0.9532115459442139
5476,4,-1.3978196382522583
5477,8,-0.962266206741333
5478,7,-1.0907106399536133
5479,7,-1.0816621780395508
5480,13,-0.3350715637207031
5481,9,-0.8756605386734009
5482,9,-0.7859043478965759
5483,9,-0.7952914834022522
5484,8,-1.003584384918213
5485,13,-0.2295447289943695
5486,8,-0.947973370552063
5487,6,-1.1552586555480957
5488,7,-1.1263446807861328
5489,7,-1.0608179569244385
5490,7,-1.1355705261230469
5491,5,-1.3044507503509521
5492,7,-1.0736793279647827
5493,6,-1.1393835544586182
5494,7,-1.0350464582443237
5495,10,-0.6630979776382446
5496,8,-0.9505463242530823
5497,12,-0.4536103308200836
5498,9,-0.7686931490898132
5499,19,0.45749330520629883
5500,7,-1.0863029956817627
5501,7,-1.1100263595581055
5502,11,-0.5482746958732605
5503,15,-0.0182802677154541
5504,7,-1.055429220199585
5505,8,-0.8998680710792542
5506,6,-1.2370309829711914
5507,8,-0.9142771363258362
5508,7,-1.0939077138900757
5509,8,-0.9483729600906372
5510,11,-0.5139153003692627
5511,10,-0.6232125163078308
5512,6,-1.1754469871520996
5513,9,-0.8324694633483887
5514,7,-1.108020305633545
5515,17,0.15528136491775513
5516,8,-0.9002457857131958
5517,6,-1.1463487148284912
5518,9,-0.7738816738128662
5519,8,-1.005247950553894
5520,11,-0.5785878300666809
5521,11,-0.48678967356681824
5522,10,-0.708693265914917
5523,9,-0.819791316986084
5524,7,-1.0843253135681152
5525,7,-1.031675934791565
5526,4,-1.4289177656173706
5527,9,-0.8726839423179626
5528,9,-0.8286059498786926
5529,11,-0.5233254432678223
5530,8,-0.9760015606880188
5531,15,-0.00838729739189148
5532,7,-1.0551642179489136
5533,7,-1.0397247076034546
5534,19,0.3935632109642029
5535,9,-0.772912859916687
5536,10,-0.7172744274139404
5537,9,-0.8165099620819092
5538,7,-1.0618197917938232
5539,8,-0.9822953939437866
5540,12,-0.3907347619533539
5541,7,-1.022397518157959
5542,9,-0.8526080846786499
5543,9,-0.8159469366073608
5544,9,-0.8790644407272339
5545,19,0.4137335419654846
5546,7,-1.1116375923156738
5547,8,-0.913648247718811
5548,7,-1.1239097118377686
5549,7,-1.0844541788101196
5550,9,-0.8504297733306885
5551,9,-0.8311820030212402
5552,8,-0.9758349657058716
5553,7,-1.0746524333953857
5554,9,-0.8590521812438965
5555,7,-1.0981924533843994
5556,10,-0.6841076016426086
5557,10,-0.6650039553642273
5558,6,-1.190148115158081
5559,9,-0.8639754056930542
5560,7,-1.0800509452819824
5561,9,-0.7761105895042419
5562,10,-0.751471757888794
5563,9,-0.7879166603088379
5564,8,-1.0170122385025024
5565,8,-0.9419297575950623
5566,24,0.9113472700119019
5567,10,-0.6988315582275391
5568,7,-1.0570319890975952
5569,6,-1.1954407691955566
5570,10,-0.7104342579841614
5571,14,-0.20096509158611298
5572,9,-0.8474775552749634
5573,8,-0.9064710140228271
5574,7,-1.1176409721374512
5575,8,-0.9744204878807068
5576,11,-0.4909134805202484
5577,20,0.5449380278587341
5578,10,-0.7434449195861816
5579,8,-0.9229761958122253
5580,9,-0.8075791597366333
5581,12,-0.41310617327690125
5582,7,-1.0395538806915283
5583,30,1.3589859008789062
5584,12,-0.4383350908756256
5585,11,-0.5443768501281738
5586,8,-1.0016746520996094
5587,7,-1.047544002532959
5588,7,-1.1210112571716309
5589,7,-1.0502490997314453
5590,7,-1.0787550210952759
5591,2,-1.557033658027649
5592,7,-1.0659112930297852
5593,23,0.7993106842041016
5594,3,-1.4948064088821411
5595,7,-1.050290584564209
5596,7,-1.0952906608581543
5597,7,-1.1085072755813599
5598,17,0.2690190076828003
5599,9,-0.867221474647522
5600,9,-0.8847829103469849
5601,8,-1.0149931907653809
5602,7,-1.070103406906128
5603,8,-0.9770665764808655
5604,9,-0.8669171929359436
5605,14,-0.12328734993934631
5606,16,0.1090790331363678
5607,9,-0.8214693069458008
5608,10,-0.6266047954559326
5609,21,0.6599862575531006
5610,13,-0.2970619201660156
5611,7,-1.0982060432434082
5612,14,-0.17785678803920746
5613,12,-0.41856884956359863
5614,4,-1.433537244796753
5615,8,-1.0036367177963257
5616,6,-1.1387579441070557
5617,8,-1.0108972787857056
5618,9,-0.758084237575531
5619,7,-1.1063371896743774
5620,8,-0.9831225872039795
5621,14,-0.15354035794734955
5622,7,-1.0854463577270508
5623,7,-1.0457794666290283
5624,5,-1.3351712226867676
5625,1,-1.6103317737579346
5626,10,-0.6763628721237183
5627,8,-0.907586395740509
5628,14,-0.19313472509384155
5629,9,-0.8313801288604736
5630,17,0.1799902319908142
5631,6,-1.1607019901275635
5632,9,-0.883613109588623
5633,5,-1.3533400297164917
5634,16,0.06027352809906006
5635,5,-1.295273780822754
5636,13,-0.3452414274215698
5637,10,-0.6709256172180176
5638,10,-0.695514440536499
5639,17,0.2437804937362671
5640,6,-1.2199809551239014
5641,7,-1.0426392555236816
5642,8,-0.912986695766449
5643,15,-0.06029307842254639
5644,5,-1.347571611404419
5645,7,-1.0511486530303955
5646,3,-1.5141563415527344
5647,18,0.3432903289794922
5648,7,-1.0748710632324219
5649,9,-0.8533965349197388
5650,9,-0.8630095720291138
5651,6,-1.1643688678741455
5652,9,-0.8616326451301575
5653,9,-0.8836432099342346
5654,12,-0.44947710633277893
5655,6,-1.2384939193725586
5656,13,-0.3243250846862793
5657,3,-1.5218539237976074
5658,6,-1.185673713684082
5659,16,0.11260297894477844
5660,7,-1.0316022634506226
5661,6,-1.1529154777526855
5662,8,-0.8884851336479187
5663,9,-0.7721526622772217
5664,8,-0.9176735281944275
5665,7,-1.0478605031967163
5666,6,-1.2074649333953857
5667,7,-1.0496153831481934
5668,8,-0.8848254084587097
5669,11,-0.5728446245193481
5670,8,-0.9405480027198792
5671,9,-0.7942321300506592
5672,10,-0.7028213739395142
5673,8,-0.9233239889144897
5674,7,-1.0673823356628418
5675,16,0.055297285318374634
5676,8,-0.9820728302001953
5677,7,-1.0448131561279297
5678,10,-0.6110926270484924
5679,9,-0.8705589771270752
5680,10,-0.6267222762107849
5681,11,-0.47697070240974426
5682,18,0.29657018184661865
5683,16,0.07788634300231934
5684,7,-1.070746898651123
5685,8,-0.9261728525161743
5686,12,-0.453708291053772
5687,10,-0.7104588150978088
5688,21,0.6250211000442505
5689,10,-0.6315566301345825
5690,7,-1.0622626543045044
5691,8,-0.9161829948425293
5692,12,-0.43432173132896423
5693,12,-0.4337795674800873
5694,5,-1.3270931243896484
5695,7,-1.0714116096496582
5696,8,-0.9725202918052673
5697,9,-0.8774541616439819
5698,5,-1.3159575462341309
5699,7,-1.136460781097412
5700,7,-1.1265544891357422
5701,10,-0.6081714034080505
5702,8,-0.991487979888916
5703,8,-0.9747342467308044
5704,8,-0.9251478910446167
5705,11,-0.47654691338539124
5706,7,-1.023514986038208
5707,11,-0.5883637070655823
5708,7,-1.0455474853515625
5709,10,-0.6818552017211914
5710,7,-1.0784797668457031
5711,13,-0.2916325032711029
5712,8,-0.9612180590629578
5713,7,-1.0324623584747314
5714,22,0.7138420343399048
5715,9,-0.8780483603477478
5716,11,-0.5324155688285828
5717,9,-0.8757938146591187
5718,10,-0.737938642501831
5719,8,-0.9393839836120605
5720,8,-0.9973406791687012
5721,9,-0.857532262802124
5722,8,-1.0114035606384277
5723,13,-0.33027517795562744
5724,13,-0.22908161580562592
5725,7,-1.0883514881134033
5726,9,-0.7762501835823059
5727,9,-0.8491603136062622
5728,12,-0.44836485385894775
5729,9,-0.8364111185073853
5730,18,0.3451857566833496
5731,13,-0.23094423115253448
5732,11,-0.5980684161186218
5733,9,-0.8018905520439148
5734,14,-0.1762663573026657
5735,8,-0.9130811095237732
5736,10,-0.7102484107017517
5737,13,-0.3065308928489685
5738,10,-0.7424628734588623
5739,18,0.33237648010253906
5740,7,-1.0756977796554565
5741,12,-0.36341235041618347
5742,7,-1.0372631549835205
5743,7,-1.070899486541748
5744,9,-0.8699319362640381
5745,10,-0.6271240711212158
5746,11,-0.5838024616241455
5747,10,-0.6716951727867126
5748,12,-0.3735100328922272
5749,8,-0.9504863023757935
5750,10,-0.7168148756027222
5751,11,-0.5905402898788452
5752,9,-0.8247144818305969
5753,8,-1.0119349956512451
5754,6,-1.2098444700241089
5755,9,-0.844770073890686
5756,28,1.2593644857406616
5757,9,-0.8727509379386902
5758,7,-1.0907710790634155
5759,8,-0.9845954775810242
5760,9,-0.7540079355239868
5761,8,-0.9667386412620544
5762,25,0.9755927324295044
5763,10,-0.6401547193527222
5764,7,-1.0321155786514282
5765,9,-0.8574596047401428
5766,7,-1.0264716148376465
5767,7,-1.0252697467803955
5768,20,0.5525935888290405
5769,9,-0.8035272359848022
5770,11,-0.5147559642791748
5771,10,-0.6998602747917175
5772,9,-0.8089230060577393
5773,8,-0.9757806062698364
5774,7,-1.0838984251022339
5775,11,-0.5776604413986206
5776,15,-0.02913045883178711
5777,8,-0.9937179684638977
5778,10,-0.6101862788200378
5779,7,-1.1106603145599365
5780,10,-0.6544045805931091
5781,13,-0.3282701373100281
5782,6,-1.1461272239685059
5783,7,-1.0446135997772217
5784,7,-1.0552234649658203
5785,10,-0.6685028076171875
5786,8,-0.964094877243042
5787,6,-1.1769126653671265
5788,8,-0.9990746974945068
5789,10,-0.6275134086608887
5790,10,-0.679298996925354
5791,10,-0.6806900501251221
5792,6,-1.170147180557251
5793,6,-1.1411828994750977
5794,12,-0.39857134222984314
5795,9,-0.8552017211914062
5796,11,-0.6044467687606812
5797,10,-0.7014151215553284
5798,7,-1.0395914316177368
5799,8,-0.9963133931159973
5800,11,-0.5501058101654053
5801,6,-1.2054424285888672
5802,10,-0.6156715154647827
5803,7,-1.04549241065979
5804,8,-0.910847544670105
5805,8,-1.0144615173339844
5806,10,-0.7108197808265686
5807,13,-0.3301163911819458
5808,10,-0.6514118909835815
5809,8,-0.9921336770057678
5810,8,-0.9091165065765381
5811,9,-0.7577308416366577
5812,7,-1.065065860748291
5813,8,-0.9077305793762207
5814,8,-0.9559974670410156
5815,11,-0.5773309469223022
5816,16,0.12176978588104248
5817,23,0.8316081762313843
5818,8,-0.8960592746734619
5819,7,-1.022887945175171
5820,8,-1.007070541381836
5821,7,-1.0512282848358154
5822,7,-1.0624160766601562
5823,12,-0.4398431181907654
5824,9,-0.7542595267295837
5825,10,-0.6607086658477783
5826,20,0.5587319731712341
5827,11,-0.4864213466644287
5828,6,-1.2193061113357544
5829,8,-0.9089781045913696
5830,7,-1.0747525691986084
5831,10,-0.7127857208251953
5832,9,-0.8075745105743408
5833,8,-0.8929204940795898
5834,8,-0.9141355752944946
5835,10,-0.6688746809959412
5836,12,-0.41014063358306885
5837,12,-0.43529993295669556
5838,7,-1.0538837909698486
5839,6,-1.153827428817749
5840,9,-0.8329370021820068
5841,27,1.1423643827438354
5842,7,-1.138562560081482
5843,7,-1.036010980606079
5844,26,1.1196448802947998
5845,7,-1.076216459274292
5846,8,-0.9090703725814819
5847,8,-0.9357177019119263
5848,12,-0.37573477625846863
5849,10,-0.7521244287490845
5850,8,-0.9991402626037598
5851,9,-0.8531879186630249
5852,4,-1.4230177402496338
5853,9,-0.8169267177581787
5854,9,-0.822872519493103
5855,8,-1.0039349794387817
5856,7,-1.0643031597137451
5857,14,-0.09979045391082764
5858,14,-0.21031403541564941
5859,8,-1.0110121965408325
5860,7,-1.0392372608184814
5861,9,-0.8681471943855286
5862,7,-1.0345580577850342
5863,10,-0.7213141322135925
5864,8,-0.978103518486023
5865,8,-1.0192244052886963
5866,8,-0.9157629013061523
5867,9,-0.8494519591331482
5868,8,-0.9138231873512268
5869,9,-0.8370459675788879
5870,7,-1.0932285785675049
5871,9,-0.867016077041626
5872,8,-1.0058751106262207
5873,10,-0.7476164102554321
5874,8,-0.9192306399345398
5875,5,-1.3564386367797852
5876,9,-0.8443974256515503
5877,12,-0.4418744444847107
5878,8,-0.9682231545448303
5879,23,0.8673946857452393
5880,11,-0.5061848163604736
5881,8,-0.9422386884689331
5882,8,-0.8998422026634216
5883,12,-0.384097695350647
5884,11,-0.6040661334991455
5885,6,-1.177886962890625
5886,6,-1.1538112163543701
5887,8,-0.9924066066741943
5888,9,-0.8344218730926514
5889,8,-0.9875141978263855
5890,11,-0.5161468982696533
5891,8,-1.0152697563171387
5892,9,-0.8801932334899902
5893,8,-0.9996889233589172
5894,7,-1.0401915311813354
5895,9,-0.8529470562934875
5896,9,-0.7577520608901978
5897,11,-0.49829262495040894
5898,12,-0.3613796830177307
5899,3,-1.4655563831329346
5900,8,-1.0115680694580078
5901,11,-0.49437227845191956
5902,9,-0.8084584474563599
5903,8,-1.0097187757492065
5904,8,-0.9035314321517944
5905,8,-0.9991344213485718
5906,7,-1.0273163318634033
5907,8,-1.0021545886993408
5908,20,0.5423181056976318
5909,9,-0.8781704902648926
5910,22,0.7556082010269165
5911,10,-0.6876444816589355
5912,11,-0.569990336894989
5913,5,-1.289029598236084
5914,8,-0.9171109199523926
5915,9,-0.7799819707870483
5916,10,-0.6535748243331909
5917,9,-0.8507343530654907
5918,7,-1.0694303512573242
5919,10,-0.6726887226104736
5920,7,-1.1088905334472656
5921,12,-0.4149439334869385
5922,7,-1.0243510007858276
5923,6,-1.2167296409606934
5924,8,-0.9299557209014893
5925,8,-0.905791699886322
5926,8,-0.9608042240142822
5927,7,-1.0601778030395508
5928,9,-0.8177025318145752
5929,10,-0.6963936686515808
5930,8,-0.9388048648834229
5931,7,-1.0763475894927979
5932,8,-0.9254315495491028
5933,8,-0.9542881846427917
5934,7,-1.0264027118682861
5935,8,-0.9920177459716797
5936,9,-0.8302270770072937
5937,7,-1.0368958711624146
5938,8,-0.9597948789596558
5939,7,-1.0637176036834717
5940,13,-0.3215096890926361
5941,7,-1.0730587244033813
5942,30,1.4181420803070068
5943,13,-0.29656732082366943
5944,14,-0.21252457797527313
5945,8,-0.9550598859786987
5946,8,-0.9753980040550232
5947,8,-0.9546914100646973
5948,9,-0.8123378157615662
5949,10,-0.7464078664779663
5950,8,-0.888462483882904
5951,10,-0.6534674167633057
5952,18,0.370700478553772
5953,8,-0.9588609933853149
5954,5,-1.2905943393707275
5955,7,-1.1077275276184082
5956,8,-0.9830995202064514
5957,7,-1.0385704040527344
5958,9,-0.8695945739746094
5959,11,-0.5884092450141907
5960,11,-0.5603599548339844
5961,9,-0.8846546411514282
5962,8,-0.9645641446113586
5963,8,-0.8886218667030334
5964,8,-1.0186491012573242
5965,8,-0.9307912588119507
5966,13,-0.259488582611084
5967,7,-1.0211293697357178
5968,4,-1.4611107110977173
5969,15,-0.03165408968925476
5970,12,-0.4677225947380066
5971,11,-0.5079687237739563
5972,8,-0.9458444118499756
5973,8,-0.9148121476173401
5974,12,-0.4345063865184784
5975,10,-0.7218302488327026
5976,9,-0.7718179225921631
5977,7,-1.1315691471099854
5978,8,-0.9922924637794495
5979,14,-0.10961860418319702
5980,7,-1.0731257200241089
5981,10,-0.6762251853942871
5982,7,-1.0694111585617065
5983,15,-0.007621467113494873
5984,8,-0.9368790984153748
5985,10,-0.6182456612586975
5986,9,-0.8598678112030029
5987,10,-0.6268798112869263
5988,11,-0.5283650159835815
5989,19,0.4281620979309082
5990,6,-1.2044696807861328
5991,17,0.21640461683273315
5992,7,-1.0681806802749634
5993,5,-1.3300182819366455
5994,18,0.347800076007843
5995,26,1.118800163269043
5996,6,-1.1456120014190674
5997,8,-1.0104727745056152
5998,4,-1.3941887617111206
5999,8,-1.0136860609054565
6000,8,-0.9316796064376831
6001,15,-0.05952289700508118
6002,8,-0.9884855151176453
6003,11,-0.5189507007598877
6004,11,-0.5153555274009705
6005,8,-0.977301299571991
6006,8,-0.9898430109024048
6007,8,-0.9497330784797668
6008,10,-0.6433764696121216
6009,7,-1.0428695678710938
6010,10,-0.7462965250015259
6011,7,-1.0574321746826172
6012,9,-0.7737259864807129
6013,8,-0.9100235104560852
6014,9,-0.8163418173789978
6015,8,-1.0003840923309326
6016,7,-1.1341066360473633
6017,9,-0.7605842351913452
6018,11,-0.6032133102416992
6019,14,-0.10324567556381226
6020,8,-0.9456074237823486
6021,8,-0.9487347602844238
6022,8,-0.9009711146354675
6023,7,-1.0264161825180054
6024,10,-0.7010424137115479
6025,12,-0.475450724363327
6026,9,-0.8506737351417542
6027,11,-0.5767426490783691
6028,9,-0.8604050874710083
6029,10,-0.638516902923584
6030,8,-0.9462369084358215
6031,9,-0.8596840500831604
6032,9,-0.8245002627372742
6033,10,-0.6443301439285278
6034,6,-1.1407400369644165
6035,3,-1.474082589149475
6036,15,-0.07509198784828186
6037,17,0.1894596815109253
6038,8,-0.9598551392555237
6039,12,-0.3641071915626526
6040,8,-0.9455408453941345
6041,16,0.1426258087158203
6042,8,-0.9581809639930725
6043,8,-0.9468921422958374
6044,9,-0.8245686292648315
6045,8,-1.0125824213027954
6046,7,-1.0285594463348389
6047,8,-0.9731007218360901
6048,17,0.2457268238067627
6049,7,-1.04011070728302
6050,9,-0.766167163848877
6051,15,-0.007276207208633423
6052,7,-1.1149086952209473
6053,12,-0.4210044741630554
6054,8,-0.9276769757270813
6055,8,-0.9877457618713379
6056,11,-0.501123309135437
6057,10,-0.6646800637245178
6058,9,-0.8341466188430786
6059,8,-0.9237605333328247
6060,13,-0.2902464270591736
6061,7,-1.063943862915039
6062,10,-0.6947058439254761
6063,10,-0.6972315311431885
6064,8,-0.9821194410324097
6065,8,-0.9713185429573059
6066,8,-0.963158130645752
6067,8,-0.998282253742218
6068,13,-0.33831295371055603
6069,9,-0.8684128522872925
6070,9,-0.8586126565933228
6071,12,-0.4604054093360901
6072,8,-0.973777711391449
6073,11,-0.49248719215393066
6074,1,-1.6471271514892578
6075,10,-0.6996108293533325
6076,9,-0.8255224823951721
6077,7,-1.0573410987854004
6078,10,-0.6356028914451599
6079,9,-0.7837700843811035
6080,11,-0.542490541934967
6081,10,-0.7084858417510986
6082,5,-1.2987309694290161
6083,13,-0.2937754988670349
6084,9,-0.8342821002006531
6085,9,-0.8622585535049438
6086,9,-0.8331200480461121
6087,11,-0.5763446092605591
6088,9,-0.7925434112548828
6089,11,-0.5488102436065674
6090,8,-0.9986628293991089
6091,30,1.367096185684204
6092,10,-0.6613268852233887
6093,12,-0.3810337483882904
6094,8,-0.9958669543266296
6095,26,1.0601866245269775
6096,16,0.12324059009552002
6097,8,-0.954599142074585
6098,10,-0.7425668239593506
6099,14,-0.11265221238136292
6100,9,-0.7909082174301147
6101,12,-0.46563389897346497
6102,11,-0.4926227927207947
6103,8,-0.9377373456954956
6104,10,-0.6127049922943115
6105,13,-0.3013184070587158
6106,15,-0.04571446776390076
6107,9,-0.8365515470504761
6108,10,-0.6877791881561279
6109,9,-0.8429114818572998
6110,8,-0.9469897747039795
6111,7,-1.0867812633514404
6112,9,-0.8083648681640625
6113,8,-0.9592951536178589
6114,12,-0.38879895210266113
6115,8,-0.9616365432739258
6116,10,-0.6582306623458862
6117,18,0.35813963413238525
6118,9,-0.7878564596176147
6119,13,-0.22770075500011444
6120,13,-0.317557692527771
6121,10,-0.6890491247177124
6122,8,-0.8941774368286133
6123,8,-0.9098353981971741
6124,13,-0.33761096000671387
6125,7,-1.1202833652496338
6126,7,-1.0452271699905396
6127,5,-1.3605636358261108
6128,12,-0.37705448269844055
6129,12,-0.42982029914855957
6130,7,-1.1294437646865845
6131,10,-0.6164913177490234
6132,12,-0.4580579400062561
6133,18,0.3402218818664551
6134,11,-0.5908068418502808
6135,20,0.5821185111999512
6136,15,-0.08242526650428772
6137,7,-1.0400786399841309
6138,16,0.06133034825325012
6139,29,1.2799123525619507
6140,9,-0.8633952140808105
6141,9,-0.8357862234115601
6142,9,-0.8505455851554871
6143,5,-1.2861733436584473
6144,6,-1.1546285152435303
6145,20,0.5231450200080872
6146,8,-0.8957141041755676
6147,8,-1.0049017667770386
6148,17,0.25246256589889526
6149,7,-1.0725512504577637
6150,8,-0.9753558039665222
6151,9,-0.8154681921005249
6152,11,-0.5888959765434265
6153,11,-0.5409637689590454
6154,7,-1.0398225784301758
6155,8,-1.0096063613891602
6156,11,-0.5099695920944214
6157,8,-0.9118704795837402
6158,8,-0.9043388962745667
6159,15,-0.02095848321914673
6160,8,-0.9330036640167236
6161,8,-1.001598834991455
6162,8,-0.9869285821914673
6163,9,-0.8626474142074585
6164,9,-0.8222484588623047
6165,10,-0.7008801102638245
6166,12,-0.3566974997520447
6167,8,-0.9842011332511902
6168,7,-1.0419878959655762
6169,9,-0.8632504343986511
6170,10,-0.6813008785247803
6171,11,-0.5315378904342651
6172,10,-0.6796104907989502
6173,8,-0.9789571166038513
6174,17,0.23287582397460938
6175,8,-0.9082770347595215
6176,8,-0.917790949344635
6177,15,0.023316681385040283
6178,8,-0.9080477356910706
6179,8,-0.891541600227356
6180,8,-0.8921322226524353
6181,18,0.3323257565498352
6182,11,-0.5523521900177002
6183,13,-0.33939915895462036
6184,14,-0.21767182648181915
6185,8,-0.9587511420249939
6186,10,-0.7482552528381348
6187,8,-0.9789554476737976
6188,8,-0.8873752951622009
6189,7,-1.09480881690979
6190,7,-1.1031757593154907
6191,13,-0.22568346560001373
6192,10,-0.7083104848861694
6193,9,-0.8116827607154846
6194,22,0.7161588668823242
6195,8,-0.9805727005004883
6196,8,-1.013741135597229
6197,9,-0.8049803972244263
6198,9,-0.8838008642196655
6199,8,-0.8879052996635437
6200,3,-1.506120204925537
6201,9,-0.8700701594352722
6202,10,-0.7091107964515686
6203,8,-1.0051215887069702
6204,13,-0.27200010418891907
6205,8,-0.950900673866272
6206,9,-0.802552342414856
6207,10,-0.6693462133407593
6208,6,-1.1621501445770264
6209,14,-0.1346784085035324
6210,9,-0.8336473107337952
6211,10,-0.6940265893936157
6212,10,-0.6216849684715271
6213,24,0.9336429834365845
6214,7,-1.1170783042907715
6215,11,-0.5179274678230286
6216,15,-0.04505148530006409
6217,9,-0.8105652332305908
6218,8,-0.8927578926086426
6219,8,-0.888489842414856
6220,11,-0.5494562983512878
6221,13,-0.3125247061252594
6222,10,-0.6764402389526367
6223,14,-0.1280628740787506
6224,6,-1.227034568786621
6225,12,-0.36901068687438965
6226,7,-1.1151283979415894
6227,9,-0.8482176661491394
6228,19,0.4787091612815857
6229,19,0.468143105506897
6230,14,-0.19984830915927887
6231,15,0.0063214898109436035
6232,12,-0.46024370193481445
6233,8,-0.9698290228843689
6234,10,-0.6551946401596069
6235,12,-0.41749292612075806
6236,8,-0.9450676441192627
6237,2,-1.6030415296554565
6238,9,-0.7871164083480835
6239,7,-1.0748703479766846
6240,12,-0.4712800979614258
6241,10,-0.6813626289367676
6242,11,-0.5315419435501099
6243,9,-0.8825572729110718
6244,11,-0.601986289024353
6245,11,-0.5976771712303162
6246,15,-0.011062473058700562
6247,8,-0.9960317611694336
6248,9,-0.8762668371200562
6249,10,-0.7019853591918945
6250,13,-0.22626331448554993
6251,7,-1.0757637023925781
6252,10,-0.6734635829925537
6253,7,-1.0855730772018433
6254,7,-1.0285019874572754
6255,13,-0.34160667657852173
6256,15,-0.05236244201660156
6257,8,-1.0054123401641846
6258,11,-0.5456870794296265
6259,23,0.8739749193191528
6260,10,-0.6286455988883972
6261,6,-1.183912754058838
6262,16,0.14562904834747314
6263,8,-0.8993654251098633
6264,9,-0.8413746356964111
6265,11,-0.5076807141304016
6266,11,-0.589911699295044
6267,9,-0.7807754278182983
6268,12,-0.3778854012489319
6269,10,-0.6198035478591919
6270,9,-0.8133498430252075
6271,8,-0.9381415247917175
6272,6,-1.1571202278137207
6273,8,-0.9435529708862305
6274,11,-0.5228728652000427
6275,8,-0.9515081644058228
6276,8,-1.0066354274749756
6277,11,-0.5274269580841064
6278,12,-0.4306010901927948
6279,10,-0.7146635055541992
6280,8,-0.9783767461776733
6281,17,0.23404520750045776
6282,11,-0.5892300009727478
6283,9,-0.8123189210891724
6284,9,-0.7946599721908569
6285,16,0.13874804973602295
6286,10,-0.6421105265617371
6287,8,-0.981307327747345
6288,1,-1.6186671257019043
6289,10,-0.616183876991272
6290,12,-0.3998812735080719
6291,8,-0.9051936268806458
6292,13,-0.2799147963523865
6293,13,-0.3457391560077667
6294,11,-0.5177151560783386
6295,10,-0.6454545259475708
6296,5,-1.3245919942855835
6297,13,-0.22771312296390533
6298,26,1.0787570476531982
6299,8,-0.9516379833221436
6300,10,-0.6691176891326904
6301,7,-1.1054025888442993
6302,6,-1.1639223098754883
6303,6,-1.1822929382324219
6304,8,-0.9250340461730957
6305,10,-0.6322655081748962
6306,9,-0.8693420886993408
6307,17,0.15825963020324707
6308,8,-0.9884272217750549
6309,2,-1.5642999410629272
6310,10,-0.7489197254180908
6311,8,-0.9870184659957886
6312,14,-0.10573381185531616
6313,9,-0.767185628414154
6314,16,0.055832237005233765
6315,8,-0.9351077079772949
6316,14,-0.19057559967041016
6317,7,-1.0496723651885986
6318,10,-0.7033078670501709
6319,10,-0.6220316290855408
6320,8,-0.8959216475486755
6321,2,-1.5651806592941284
6322,9,-0.8038777709007263
6323,10,-0.665639340877533
6324,4,-1.4637155532836914
6325,15,-0.05797514319419861
6326,6,-1.170454740524292
6327,8,-0.9153006672859192
6328,10,-0.7260348200798035
6329,8,-0.908888578414917
6330,12,-0.37414732575416565
6331,8,-0.9871218204498291
6332,10,-0.7113015055656433
6333,13,-0.2599795460700989
6334,11,-0.5076522827148438
6335,11,-0.5614746809005737
6336,9,-0.8394888639450073
6337,10,-0.7021993398666382
6338,11,-0.5336546897888184
6339,13,-0.3317752182483673
6340,17,0.2635270953178406
6341,11,-0.5470849275588989
6342,11,-0.558534562587738
6343,8,-0.9212529063224792
6344,8,-0.9480282664299011
6345,9,-0.8380298614501953
6346,11,-0.5442507863044739
6347,9,-0.7721962928771973
6348,8,-0.9192083477973938
6349,10,-0.7070225477218628
6350,14,-0.20105750858783722
6351,8,-0.9533394575119019
6352,8,-0.9538453817367554
6353,15,-0.0221632719039917
6354,8,-0.9005582332611084
6355,14,-0.14577409625053406
6356,9,-0.8479065895080566
6357,10,-0.707791805267334
6358,8,-0.9675291776657104
6359,9,-0.8366811871528625
6360,9,-0.7642852067947388
6361,8,-1.0018560886383057
6362,10,-0.6775237321853638
6363,14,-0.20203454792499542
6364,8,-0.9935690760612488
6365,14,-0.13956069946289062
6366,10,-0.7298038005828857
6367,13,-0.29720887541770935
6368,11,-0.49360477924346924
6369,12,-0.45630282163619995
6370,14,-0.10232743620872498
6371,13,-0.23754490911960602
6372,10,-0.6557761430740356
6373,9,-0.856122612953186
6374,13,-0.28030744194984436
6375,11,-0.5057169795036316
6376,4,-1.3867172002792358
6377,23,0.8699115514755249
6378,13,-0.229446142911911
6379,10,-0.6189592480659485
6380,12,-0.35909900069236755
6381,14,-0.14974701404571533
6382,10,-0.6783766746520996
6383,9,-0.8639273047447205
6384,10,-0.7242833375930786
6385,6,-1.2397178411483765
6386,5,-1.3221704959869385
6387,8,-0.9908866882324219
6388,9,-0.8706077337265015
6389,7,-1.1367387771606445
6390,10,-0.669640302658081
6391,8,-0.9576285481452942
6392,16,0.07673808932304382
6393,12,-0.4241728186607361
6394,27,1.1463679075241089
6395,11,-0.5333997011184692
6396,9,-0.8463772535324097
6397,9,-0.8173994421958923
6398,9,-0.8822424411773682
6399,8,-0.91276615858078
6400,9,-0.7680610418319702
6401,16,0.09282329678535461
6402,8,-0.9136168956756592
6403,9,-0.8159512281417847
6404,9,-0.7999961376190186
6405,16,0.08794981241226196
6406,9,-0.8001418113708496
6407,8,-0.9255741834640503
6408,10,-0.6166342496871948
6409,13,-0.22667327523231506
6410,8,-0.9227933883666992
6411,8,-0.9469843506813049
6412,8,-0.9120190143585205
6413,9,-0.8698558211326599
6414,9,-0.8431359529495239
6415,17,0.18867164850234985
6416,7,-1.1036863327026367
6417,8,-0.9213038086891174
6418,6,-1.1624271869659424
6419,9,-0.8574369549751282
6420,9,-0.7884200215339661
6421,9,-0.8731673955917358
6422,13,-0.3171688914299011
6423,23,0.8398418426513672
6424,24,0.9327751398086548
6425,8,-0.9733087420463562
6426,7,-1.0516315698623657
6427,21,0.6668251752853394
6428,21,0.5896296501159668
6429,29,1.2704325914382935
6430,9,-0.8347784280776978
6431,12,-0.44754546880722046
6432,14,-0.15525183081626892
6433,8,-0.9343408346176147
6434,10,-0.6394640207290649
6435,16,0.10328242182731628
6436,15,-0.05731269717216492
6437,9,-0.7694141864776611
6438,8,-0.9283299446105957
6439,8,-0.9697151780128479
6440,8,-0.953823983669281
6441,10,-0.7291833162307739
6442,12,-0.4293305277824402
6443,8,-0.9029191732406616
6444,13,-0.29582729935646057
6445,14,-0.18221083283424377
6446,8,-0.9166615009307861
6447,13,-0.25982633233070374
6448,16,0.09552371501922607
6449,8,-0.9699259996414185
6450,10,-0.6585018038749695
6451,15,-0.050046563148498535
6452,5,-1.3620178699493408
6453,9,-0.7664130926132202
6454,10,-0.7392656803131104
6455,29,1.3281214237213135
6456,8,-0.9811359643936157
6457,13,-0.2456028163433075
6458,9,-0.8485230207443237
6459,17,0.2479742169380188
6460,12,-0.35381364822387695
6461,15,0.027095317840576172
6462,7,-1.0613749027252197
6463,8,-0.9596527218818665
6464,9,-0.7743773460388184
6465,9,-0.8540737628936768
6466,8,-0.9615650177001953
6467,8,-0.9891200661659241
6468,12,-0.47533905506134033
6469,11,-0.527420163154602
6470,9,-0.8265464305877686
6471,14,-0.16657501459121704
6472,6,-1.1850647926330566
6473,11,-0.606326699256897
6474,6,-1.1932435035705566
6475,10,-0.6628848314285278
6476,11,-0.5671084523200989
6477,10,-0.6595182418823242
6478,7,-1.066994309425354
6479,10,-0.6688605546951294
6480,11,-0.480871319770813
6481,24,0.9033809900283813
6482,10,-0.634548008441925
6483,11,-0.5642298460006714
6484,8,-0.9013822078704834
6485,10,-0.6284709572792053
6486,9,-0.855849027633667
6487,12,-0.4170602262020111
6488,9,-0.8183797597885132
6489,8,-0.9400938749313354
6490,23,0.8670886754989624
6491,19,0.46500682830810547
6492,9,-0.857586145401001
6493,8,-0.9262628555297852
6494,10,-0.6653502583503723
6495,9,-0.7975060939788818
6496,8,-0.9710107445716858
6497,11,-0.5979595184326172
6498,6,-1.2287817001342773
6499,11,-0.5348661541938782
6500,10,-0.6790034770965576
6501,9,-0.8569684028625488
6502,10,-0.6771904230117798
6503,15,-0.012566834688186646
6504,11,-0.53623366355896
6505,11,-0.5268176794052124
6506,9,-0.8419252634048462
6507,12,-0.44196051359176636
6508,12,-0.4480617642402649
6509,11,-0.5483385920524597
6510,15,-0.053489863872528076
6511,15,0.003840625286102295
6512,9,-0.8740886449813843
6513,9,-0.8265663981437683
6514,13,-0.2534210681915283
6515,7,-1.057945728302002
6516,11,-0.5561107397079468
6517,13,-0.3051408529281616
6518,8,-0.9180405735969543
6519,9,-0.8155211210250854
6520,9,-0.8824090957641602
6521,8,-0.9724068641662598
6522,12,-0.42229166626930237
6523,20,0.5605738162994385
6524,7,-1.0826516151428223
6525,8,-0.9870263934135437
6526,7,-1.0370285511016846
6527,6,-1.174607515335083
6528,3,-1.5075145959854126
6529,9,-0.775351881980896
6530,12,-0.4570464789867401
6531,2,-1.584458827972412
6532,8,-0.9046853184700012
6533,8,-0.8848232626914978
6534,9,-0.8560611605644226
6535,9,-0.7934040427207947
6536,7,-1.0371809005737305
6537,9,-0.8498944044113159
6538,13,-0.30356836318969727
6539,9,-0.761843204498291
6540,4,-1.4491188526153564
6541,20,0.5275219678878784
6542,12,-0.46659398078918457
6543,9,-0.8315874338150024
6544,14,-0.17538851499557495
6545,9,-0.8566803932189941
6546,8,-0.9104512333869934
6547,10,-0.7392767071723938
6548,9,-0.8633425235748291
6549,11,-0.5651639103889465
6550,10,-0.7490506172180176
6551,15,-0.08976921439170837
6552,8,-0.9836583137512207
6553,16,0.13524574041366577
6554,9,-0.8259899616241455
6555,10,-0.680586576461792
6556,12,-0.3910326063632965
6557,11,-0.5800960063934326
6558,9,-0.8817678689956665
6559,9,-0.8250207901000977
6560,8,-0.888535737991333
6561,10,-0.6443299055099487
6562,15,-0.033182382583618164
6563,26,1.094358205795288
6564,10,-0.6999428868293762
6565,6,-1.228058099746704
6566,8,-0.9352043271064758
6567,9,-0.8772006034851074
6568,9,-0.8515715599060059
6569,13,-0.33598411083221436
6570,10,-0.6276646852493286
6571,9,-0.8811384439468384
6572,11,-0.5565896034240723
6573,14,-0.14374443888664246
6574,9,-0.8407413363456726
6575,15,-0.05108058452606201
6576,16,0.10445097088813782
6577,2,-1.5447707176208496
6578,13,-0.27007466554641724
6579,9,-0.7664289474487305
6580,7,-1.108534812927246
6581,10,-0.7442121505737305
6582,8,-0.9297599792480469
6583,12,-0.4606572091579437
6584,9,-0.8066433072090149
6585,9,-0.8495467305183411
6586,13,-0.26287153363227844
6587,12,-0.433682382106781
6588,10,-0.7439247369766235
6589,8,-0.8886110782623291
6590,9,-0.8095532059669495
6591,24,0.9609862565994263
6592,16,0.035419732332229614
6593,12,-0.3793780505657196
6594,10,-0.6610432863235474
6595,19,0.43636375665664673
6596,12,-0.36984726786613464
6597,9,-0.777625560760498
6598,5,-1.273921251296997
6599,9,-0.7868647575378418
6600,11,-0.5075458288192749
6601,12,-0.37766289710998535
6602,9,-0.8534337878227234
6603,9,-0.8079999685287476
6604,5,-1.3289456367492676
6605,7,-1.125659704208374
6606,9,-0.859815239906311
6607,9,-0.8415471315383911
6608,10,-0.7308306694030762
6609,9,-0.799349308013916
6610,10,-0.6183241605758667
6611,8,-0.9130272269248962
6612,13,-0.24462679028511047
6613,9,-0.8568634986877441
6614,9,-0.8430296182632446
6615,5,-1.326125144958496
6616,9,-0.8161448240280151
6617,9,-0.8167389035224915
6618,18,0.32814180850982666
6619,8,-0.9218952655792236
6620,10,-0.6066954135894775
6621,8,-0.9274736046791077
6622,11,-0.5668350458145142
6623,3,-1.4830069541931152
6624,12,-0.4215710461139679
6625,9,-0.8761518001556396
6626,13,-0.229049414396286
6627,12,-0.37605002522468567
6628,13,-0.3004962205886841
6629,8,-0.9128414392471313
6630,8,-0.9619229435920715
6631,7,-1.1270262002944946
6632,10,-0.6145170331001282
6633,9,-0.7871682047843933
6634,9,-0.7924430966377258
6635,15,-0.028519541025161743
6636,12,-0.4232105612754822
6637,9,-0.7972877025604248
6638,9,-0.8318595886230469
6639,12,-0.4395001530647278
6640,13,-0.3135712742805481
6641,17,0.19166076183319092
6642,11,-0.572472870349884
6643,13,-0.28096717596054077
6644,9,-0.8177034258842468
6645,9,-0.8298425674438477
6646,11,-0.5911229848861694
6647,8,-0.9525288343429565
6648,8,-0.9838815331459045
6649,4,-1.4637714624404907
6650,12,-0.3602287471294403
6651,11,-0.49836617708206177
6652,9,-0.8178739547729492
6653,18,0.326923131942749
6654,8,-0.9092651009559631
6655,11,-0.48042771220207214
6656,8,-0.9623373746871948
6657,9,-0.8049725294113159
6658,12,-0.4655025601387024
6659,10,-0.6904700994491577
6660,6,-1.1893327236175537
6661,11,-0.5595244765281677
6662,12,-0.41792741417884827
6663,9,-0.8753907680511475
6664,12,-0.4056042432785034
6665,11,-0.53775554895401
6666,9,-0.8771579265594482
6667,7,-1.127145528793335
6668,10,-0.68663489818573
6669,10,-0.6162309050559998
6670,9,-0.7720198631286621
6671,8,-0.9356909394264221
6672,13,-0.2895498275756836
6673,9,-0.8571404218673706
6674,15,-0.004157811403274536
6675,9,-0.8008260726928711
6676,9,-0.8814179301261902
6677,8,-0.9653530120849609
6678,9,-0.8519176840782166
6679,7,-1.0453976392745972
6680,13,-0.28729894757270813
6681,9,-0.8633207082748413
6682,12,-0.4239785969257355
6683,13,-0.2915871739387512
6684,8,-0.9162197709083557
6685,14,-0.09765395522117615
6686,17,0.21992450952529907
6687,14,-0.13141092658042908
6688,8,-0.9057494401931763
6689,8,-0.8893125057220459
6690,7,-1.137312412261963
6691,14,-0.19791606068611145
6692,8,-0.9074990749359131
6693,10,-0.6685867309570312
6694,6,-1.1590416431427002
6695,9,-0.8518409729003906
6696,24,0.9601002931594849
6697,13,-0.29076820611953735
6698,12,-0.4187116026878357
6699,8,-0.8989518880844116
6700,9,-0.8135298490524292
6701,10,-0.6122368574142456
6702,24,0.9748578071594238
6703,8,-0.8913634419441223
6704,10,-0.6812443733215332
6705,10,-0.7082968950271606
6706,13,-0.27663013339042664
6707,8,-0.9511122703552246
6708,13,-0.27346256375312805
6709,10,-0.6729239225387573
6710,9,-0.8308079242706299
6711,18,0.2810196876525879
6712,9,-0.8381684422492981
6713,11,-0.522748589515686
6714,15,-0.05115094780921936
6715,8,-0.8995899558067322
6716,9,-0.7953536510467529
6717,11,-0.5972708463668823
6718,9,-0.822998046875
6719,12,-0.40310952067375183
6720,12,-0.4757034480571747
6721,9,-0.7665566205978394
6722,9,-0.8577148914337158
6723,7,-1.0314329862594604
6724,9,-0.8794277906417847
6725,8,-1.0058454275131226
6726,10,-0.668977677822113
6727,6,-1.1744273900985718
6728,9,-0.8508377075195312
6729,10,-0.7260067462921143
6730,10,-0.7068132162094116
6731,7,-1.1380388736724854
6732,14,-0.17672845721244812
6733,9,-0.7987337112426758
6734,13,-0.22419679164886475
6735,11,-0.5797438025474548
6736,9,-0.8396299481391907
6737,12,-0.37375906109809875
6738,11,-0.47903192043304443
6739,24,0.9665979146957397
6740,8,-1.0166189670562744
6741,9,-0.8649997711181641
6742,6,-1.166506290435791
6743,11,-0.48890674114227295
6744,4,-1.4051817655563354
6745,18,0.2974732518196106
6746,10,-0.6964267492294312
6747,11,-0.5204325914382935
6748,4,-1.3815274238586426
6749,9,-0.8105596303939819
6750,10,-0.6111028790473938
6751,13,-0.2871546149253845
6752,15,0.02512696385383606
6753,12,-0.3848608732223511
6754,9,-0.7606887221336365
6755,9,-0.758284330368042
6756,9,-0.8564982414245605
6757,12,-0.358245313167572
6758,10,-0.744592010974884
6759,11,-0.5568113327026367
6760,10,-0.6246582865715027
6761,8,-0.9577656984329224
6762,9,-0.8195995092391968
6763,10,-0.6587645411491394
6764,12,-0.467661052942276
6765,9,-0.8749493360519409
6766,11,-0.5010813474655151
6767,9,-0.8654391169548035
6768,9,-0.8765153288841248
6769,10,-0.6945546865463257
6770,10,-0.6588050127029419
6771,8,-0.9023679494857788
6772,9,-0.8273130655288696
6773,14,-0.22027944028377533
6774,8,-0.8921434283256531
6775,9,-0.7556391358375549
6776,9,-0.833968997001648
6777,9,-0.8728441596031189
6778,11,-0.5096476078033447
6779,9,-0.8563882112503052
6780,9,-0.7788625955581665
6781,8,-0.8945043683052063
6782,9,-0.8345465660095215
6783,9,-0.7871907353401184
6784,9,-0.8372048139572144
6785,11,-0.5824123620986938
6786,12,-0.4171402156352997
6787,9,-0.8652928471565247
6788,17,0.2518988251686096
6789,19,0.4578288793563843
6790,12,-0.46461766958236694
6791,9,-0.7589685916900635
6792,21,0.619436502456665
6793,6,-1.1799349784851074
6794,24,0.9502651691436768
6795,10,-0.6717255115509033
6796,7,-1.0750644207000732
6797,13,-0.23886431753635406
6798,8,-0.9709615111351013
6799,10,-0.7234875559806824
6800,10,-0.624800443649292
6801,11,-0.521945595741272
6802,11,-0.5055797100067139
6803,9,-0.8236753940582275
6804,17,0.18193143606185913
6805,9,-0.8036128282546997
6806,9,-0.8722221255302429
6807,11,-0.574803352355957
6808,16,0.07809662818908691
6809,11,-0.5409109592437744
6810,14,-0.09803715348243713
6811,10,-0.61171954870224
6812,9,-0.7849797010421753
6813,9,-0.7675203084945679
6814,9,-0.7694479823112488
6815,14,-0.12695258855819702
6816,17,0.24158012866973877
6817,9,-0.8786278963088989
6818,7,-1.1357357501983643
6819,11,-0.530850887298584
6820,9,-0.8634179830551147
6821,11,-0.4916574954986572
6822,12,-0.4702032506465912
6823,10,-0.7408757209777832
6824,9,-0.8839795589447021
6825,12,-0.41085729002952576
6826,11,-0.5923539996147156
6827,15,0.021258771419525146
6828,16,0.034202247858047485
6829,27,1.1345423460006714
6830,16,0.14082634449005127
6831,10,-0.7398338317871094
6832,22,0.763289213180542
6833,10,-0.6791399717330933
6834,13,-0.24934259057044983
6835,14,-0.1523125320672989
6836,12,-0.40348100662231445
6837,7,-1.032119870185852
6838,8,-0.9486035108566284
6839,19,0.4512495994567871
6840,9,-0.7753540277481079
6841,10,-0.6796364784240723
6842,12,-0.3961726427078247
6843,10,-0.7433158159255981
6844,9,-0.7621708512306213
6845,11,-0.5755363702774048
6846,9,-0.7753763794898987
6847,9,-0.8404957056045532
6848,14,-0.11236253380775452
6849,1,-1.624678134918213
6850,11,-0.5189898014068604
6851,12,-0.40173327922821045
6852,8,-0.9241814613342285
6853,12,-0.43728041648864746
6854,11,-0.5333709716796875
6855,9,-0.7574259638786316
6856,12,-0.38822808861732483
6857,11,-0.5677867531776428
6858,12,-0.4143673777580261
6859,16,0.03787192702293396
6860,12,-0.3985481262207031
6861,10,-0.7450685501098633
6862,12,-0.439511775970459
6863,9,-0.8667172193527222
6864,11,-0.5953881740570068
6865,11,-0.5826553106307983
6866,14,-0.15206854045391083
6867,9,-0.7983445525169373
6868,10,-0.6269142031669617
6869,9,-0.875471830368042
6870,10,-0.7229872345924377
6871,15,-0.09320530295372009
6872,7,-1.0394729375839233
6873,8,-0.9191086292266846
6874,11,-0.5167005658149719
6875,12,-0.4642144441604614
6876,11,-0.5366837978363037
6877,10,-0.6435208320617676
6878,9,-0.7657833099365234
6879,14,-0.19584041833877563
6880,10,-0.6735036373138428
6881,10,-0.700663685798645
6882,11,-0.4971257746219635
6883,5,-1.3684630393981934
6884,17,0.21706640720367432
6885,9,-0.8710288405418396
6886,14,-0.17544259130954742
6887,11,-0.5517265200614929
6888,8,-0.9656498432159424
6889,3,-1.5028221607208252
6890,15,-0.052339643239974976
6891,13,-0.34103432297706604
6892,23,0.887700080871582
6893,20,0.5202838778495789
6894,11,-0.5148992538452148
6895,11,-0.4957912564277649
6896,9,-0.8005847334861755
6897,11,-0.5224852561950684
6898,10,-0.7028033137321472
6899,10,-0.671976625919342
6900,11,-0.49328047037124634
6901,9,-0.8171196579933167
6902,13,-0.3338220715522766
6903,12,-0.42019906640052795
6904,21,0.6511287689208984
6905,7,-1.024169683456421
6906,8,-1.0088214874267578
6907,11,-0.5681864023208618
6908,9,-0.8198500871658325
6909,15,-0.03790369629859924
6910,6,-1.1395392417907715
6911,10,-0.7498743534088135
6912,13,-0.25337567925453186
6913,9,-0.8228600025177002
6914,10,-0.7488182783126831
6915,11,-0.5513705015182495
6916,9,-0.7623828053474426
6917,5,-1.324100136756897
6918,9,-0.8577404618263245
6919,11,-0.5367318987846375
6920,29,1.2983213663101196
6921,9,-0.8187786936759949
6922,8,-0.9140797257423401
6923,13,-0.30335038900375366
6924,10,-0.6933355331420898
6925,9,-0.8159289360046387
6926,8,-0.9519767165184021
6927,11,-0.483323335647583
6928,13,-0.2922966182231903
6929,21,0.650428056716919
6930,7,-1.0584492683410645
6931,13,-0.2677087187767029
6932,11,-0.5574610233306885
6933,11,-0.5119742751121521
6934,9,-0.8041867017745972
6935,13,-0.29945477843284607
6936,18,0.30443745851516724
6937,12,-0.3920576572418213
6938,9,-0.7656072974205017
6939,8,-0.9818429946899414
6940,9,-0.8452615737915039
6941,7,-1.1352267265319824
6942,30,1.3605725765228271
6943,9,-0.8258414268493652
6944,9,-0.867679238319397
6945,8,-0.919996440410614
6946,10,-0.6884325742721558
6947,11,-0.5179164409637451
6948,9,-0.8271001577377319
6949,11,-0.6033815145492554
6950,12,-0.4114837944507599
6951,11,-0.530491054058075
6952,7,-1.0697673559188843
6953,9,-0.83576500415802
6954,9,-0.8108899593353271
6955,11,-0.5947684645652771
6956,4,-1.4175324440002441
6957,9,-0.8345493078231812
6958,9,-0.8771944046020508
6959,11,-0.4888373911380768
6960,13,-0.3197796940803528
6961,8,-0.9124135971069336
6962,12,-0.38358837366104126
6963,9,-0.7762749195098877
6964,15,-0.07910963892936707
6965,9,-0.8401445150375366
6966,9,-0.8224836587905884
6967,9,-0.8095682859420776
6968,9,-0.8249269723892212
6969,18,0.37100541591644287
6970,1,-1.605735421180725
6971,12,-0.40114226937294006
6972,9,-0.8532209992408752
6973,7,-1.1328718662261963
6974,13,-0.2324749380350113
6975,11,-0.5992268323898315
6976,8,-0.917144238948822
6977,17,0.24710613489151
6978,18,0.3573910593986511
6979,7,-1.0609266757965088
6980,23,0.7941701412200928
6981,7,-1.0840599536895752
6982,8,-0.935378909111023
6983,11,-0.47634488344192505
6984,13,-0.27648046612739563
6985,15,-0.03868970274925232
6986,17,0.19053715467453003
6987,10,-0.6822924613952637
6988,24,0.9740126132965088
6989,9,-0.8648938536643982
6990,9,-0.7909559011459351
6991,9,-0.8053275942802429
6992,18,0.33087337017059326
6993,9,-0.7866103649139404
6994,13,-0.3171975910663605
6995,11,-0.5391435027122498
6996,10,-0.7440804243087769
6997,10,-0.6331651210784912
6998,9,-0.7560021877288818
6999,12,-0.36313551664352417
7000,12,-0.3515775799751282
7001,10,-0.7218573689460754
7002,9,-0.8180961608886719
7003,13,-0.29697102308273315
7004,10,-0.7122009992599487
7005,2,-1.5969436168670654
7006,17,0.19817650318145752
7007,9,-0.7677819132804871
7008,9,-0.8658847808837891
7009,10,-0.7120763063430786
7010,24,0.9643546342849731
7011,10,-0.7021281719207764
7012,10,-0.6634937524795532
7013,16,0.10223919153213501
7014,9,-0.8106374144554138
7015,11,-0.5835962295532227
7016,10,-0.6804875731468201
7017,29,1.3203996419906616
7018,13,-0.3412283658981323
7019,9,-0.8106920123100281
7020,11,-0.4871859550476074
7021,8,-0.8848109841346741
7022,9,-0.8343288898468018
7023,9,-0.7839409112930298
7024,9,-0.755193829536438
7025,13,-0.34068161249160767
7026,7,-1.0800395011901855
7027,11,-0.5052071213722229
7028,11,-0.5095216035842896
7029,9,-0.7663574814796448
7030,13,-0.2941608726978302
7031,16,0.08925831317901611
7032,9,-0.812572717666626
7033,9,-0.7690118551254272
7034,10,-0.7419595122337341
7035,22,0.7338757514953613
7036,10,-0.6779248714447021
7037,10,-0.733088493347168
7038,13,-0.2580573856830597
7039,11,-0.5465494990348816
7040,9,-0.8127742409706116
7041,3,-1.5011285543441772
7042,10,-0.7161551713943481
7043,8,-1.0164451599121094
7044,17,0.15125763416290283
7045,9,-0.8481794595718384
7046,7,-1.108567476272583
7047,10,-0.7099076509475708
7048,10,-0.7221723794937134
7049,10,-0.7485717535018921
7050,9,-0.7522246837615967
7051,9,-0.7623845338821411
7052,9,-0.8060286045074463
7053,17,0.1576741337776184
7054,11,-0.6015291810035706
7055,9,-0.7899466753005981
7056,9,-0.7746330499649048
7057,28,1.2198330163955688
7058,8,-0.9122713208198547
7059,16,0.11342346668243408
7060,11,-0.5436912775039673
7061,12,-0.4743227958679199
7062,13,-0.3051179349422455
7063,15,-0.037215620279312134
7064,17,0.1707167625427246
7065,12,-0.41941043734550476
7066,9,-0.8123937845230103
7067,8,-0.9158293008804321
7068,14,-0.21010592579841614
7069,9,-0.7649426460266113
7070,12,-0.4485224783420563
7071,15,-0.09154936671257019
7072,15,-0.03306642174720764
7073,14,-0.1888202428817749
7074,13,-0.2976578176021576
7075,13,-0.2809826731681824
7076,10,-0.6548932790756226
7077,12,-0.36406099796295166
7078,9,-0.7802035808563232
7079,10,-0.7202776670455933
7080,10,-0.6070014238357544
7081,9,-0.849825382232666
7082,9,-0.7905082702636719
7083,9,-0.8400777578353882
7084,8,-0.929537832736969
7085,3,-1.4841231107711792
7086,13,-0.29328346252441406
7087,13,-0.31457775831222534
7088,10,-0.7289056777954102
7089,10,-0.6764930486679077
7090,12,-0.34729331731796265
7091,9,-0.7971464991569519
7092,9,-0.8202795386314392
7093,10,-0.6389600038528442
7094,30,1.383352518081665
7095,26,1.062321662902832
7096,10,-0.7438198328018188
7097,13,-0.3324171304702759
7098,16,0.0695790946483612
7099,9,-0.7610987424850464
7100,8,-0.9628674387931824
7101,21,0.6532248258590698
7102,25,1.0272438526153564
7103,15,-0.011097341775894165
7104,17,0.1976795196533203
7105,9,-0.7932642698287964
7106,30,1.3715097904205322
7107,22,0.7041816711425781
7108,9,-0.753504753112793
7109,14,-0.13961046934127808
7110,17,0.22958087921142578
7111,9,-0.8588335514068604
7112,10,-0.7517625093460083
7113,11,-0.5286133289337158
7114,10,-0.6971372365951538
7115,14,-0.12235438823699951
7116,12,-0.449758917093277
7117,14,-0.20218384265899658
7118,16,0.08146852254867554
7119,9,-0.8504083752632141
7120,12,-0.47118058800697327
7121,10,-0.6884499788284302
7122,11,-0.5155677795410156
7123,12,-0.4403862953186035
7124,10,-0.7094132900238037
7125,10,-0.703967273235321
7126,10,-0.6700106859207153
7127,10,-0.7310868501663208
7128,7,-1.1111292839050293
7129,9,-0.8062512278556824
7130,10,-0.6965807676315308
7131,9,-0.8489416837692261
7132,13,-0.2730819582939148
7133,12,-0.47463667392730713
7134,10,-0.7186917066574097
7135,10,-0.7330988049507141
7136,29,1.2967063188552856
7137,10,-0.7319697141647339
7138,10,-0.6447898149490356
7139,11,-0.5618295669555664
7140,9,-0.7615156173706055
7141,8,-0.9625092148780823
7142,15,-0.027680546045303345
7143,13,-0.3072417080402374
7144,10,-0.7146592140197754
7145,6,-1.2180966138839722
7146,14,-0.20327967405319214
7147,9,-0.7813152074813843
7148,9,-0.8367658257484436
7149,12,-0.4552753269672394
7150,9,-0.880048930644989
7151,27,1.1984837055206299
7152,7,-1.0632164478302002
7153,8,-0.9826148152351379
7154,9,-0.8199374675750732
7155,13,-0.268208384513855
7156,10,-0.666244626045227
7157,9,-0.7877351641654968
7158,11,-0.574860155582428
7159,9,-0.8635779619216919
7160,15,-0.05690956115722656
7161,9,-0.8281168341636658
7162,9,-0.8068861961364746
7163,14,-0.19155490398406982
7164,11,-0.513627827167511
7165,12,-0.4564306139945984
7166,17,0.2396409511566162
7167,9,-0.7550310492515564
7168,12,-0.3468085825443268
7169,10,-0.6117353439331055
7170,21,0.6505657434463501
7171,3,-1.5202717781066895
7172,10,-0.6924718022346497
7173,9,-0.7664254903793335
7174,9,-0.755861222743988
7175,12,-0.36494407057762146
7176,12,-0.46066415309906006
7177,9,-0.8136818408966064
7178,10,-0.6117227077484131
7179,1,-1.6327050924301147
7180,9,-0.843970537185669
7181,8,-0.9281506538391113
7182,15,-0.01259380578994751
7183,14,-0.13581295311450958
7184,10,-0.7005432844161987
7185,12,-0.380369633436203
7186,13,-0.30233678221702576
7187,10,-0.6556879281997681
7188,12,-0.36527881026268005
7189,12,-0.35302796959877014
7190,12,-0.40874210000038147
7191,11,-0.5801092386245728
7192,20,0.5231512784957886
7193,10,-0.6503709554672241
7194,8,-0.9979945421218872
7195,9,-0.8615519404411316
7196,10,-0.6730239987373352
7197,10,-0.6112622618675232
7198,14,-0.19958685338497162
7199,8,-0.9427609443664551
7200,12,-0.3949161469936371
7201,10,-0.6332435607910156
7202,30,1.377602458000183
7203,10,-0.7367072701454163
7204,9,-0.7699446678161621
7205,16,0.09772637486457825
7206,11,-0.5925109386444092
7207,8,-0.9112308621406555
7208,10,-0.6900754570960999
7209,13,-0.2946929633617401
7210,9,-0.7794603705406189
7211,9,-0.8172386884689331
7212,21,0.6000221967697144
7213,10,-0.744276762008667
7214,18,0.2964620590209961
7215,12,-0.3859383761882782
7216,9,-0.7755192518234253
7217,13,-0.24797308444976807
7218,10,-0.7459238767623901
7219,13,-0.34169667959213257
7220,11,-0.5511085987091064
7221,11,-0.5555574297904968
7222,9,-0.8116329908370972
7223,9,-0.862917959690094
7224,10,-0.6252396106719971
7225,28,1.2373008728027344
7226,14,-0.20420804619789124
7227,1,-1.6052885055541992
7228,11,-0.5920037031173706
7229,17,0.1697189211845398
7230,29,1.2948664426803589
7231,9,-0.8499758243560791
7232,17,0.2271323800086975
7233,16,0.10678225755691528
7234,30,1.3651325702667236
7235,11,-0.5543901920318604
7236,9,-0.8168936371803284
7237,9,-0.7736691236495972
7238,7,-1.0374456644058228
7239,10,-0.6323316097259521
7240,10,-0.7086182236671448
7241,5,-1.2975132465362549
7242,18,0.36599594354629517
7243,9,-0.7833327054977417
7244,11,-0.4947167932987213
7245,9,-0.7766327857971191
7246,11,-0.5785517692565918
7247,10,-0.7418324947357178
7248,11,-0.5832861661911011
7249,30,1.4179577827453613
7250,12,-0.4016546308994293
7251,13,-0.29193049669265747
7252,11,-0.5890819430351257
7253,9,-0.7803454399108887
7254,11,-0.5588677525520325
7255,10,-0.6102388501167297
7256,13,-0.24303708970546722
7257,9,-0.7723114490509033
7258,16,0.10819852352142334
7259,8,-0.9802160859107971
7260,13,-0.29240256547927856
7261,12,-0.4576779901981354
7262,14,-0.15747007727622986
7263,14,-0.21366412937641144
7264,9,-0.841529130935669
7265,9,-0.7587941884994507
7266,9,-0.7949498891830444
7267,10,-0.7084366083145142
7268,9,-0.7670652866363525
7269,9,-0.7933586835861206
7270,15,-0.08119812607765198
7271,9,-0.8385319709777832
7272,10,-0.690818727016449
7273,12,-0.4118974804878235
7274,8,-1.0082170963287354
7275,9,-0.7695091366767883
7276,10,-0.6897544860839844
7277,12,-0.4419309198856354
7278,10,-0.732865571975708
7279,10,-0.6857044696807861
7280,20,0.514573872089386
7281,9,-0.7720390558242798
7282,13,-0.27296268939971924
7283,11,-0.5624518394470215
7284,9,-0.7833980917930603
7285,18,0.3182339072227478
7286,12,-0.4313800632953644
7287,9,-0.8029090166091919
7288,10,-0.7338757514953613
7289,28,1.2347912788391113
7290,13,-0.29571041464805603
7291,13,-0.32141196727752686
7292,9,-0.8555151224136353
7293,30,1.348787546157837
7294,12,-0.3930314779281616
7295,10,-0.7085059285163879
7296,11,-0.5544301867485046
7297,10,-0.6780463457107544
7298,12,-0.4456808269023895
7299,10,-0.7118617296218872
7300,18,0.36927515268325806
7301,14,-0.21993325650691986
7302,14,-0.17818410694599152
7303,6,-1.1441445350646973
7304,11,-0.5349467396736145
7305,9,-0.7660399079322815
7306,13,-0.2888665199279785
7307,12,-0.43448731303215027
7308,9,-0.8186709880828857
7309,11,-0.5732912421226501
7310,12,-0.4728318750858307
7311,12,-0.43785175681114197
7312,13,-0.30665406584739685
7313,9,-0.7968101501464844
7314,8,-0.9601374268531799
7315,11,-0.49904903769493103
7316,14,-0.16330109536647797
7317,10,-0.7466636896133423
7318,8,-0.9603248834609985
7319,10,-0.702332615852356
7320,17,0.19076889753341675
7321,10,-0.6752395629882812
7322,12,-0.429305762052536
7323,10,-0.7201018333435059
7324,10,-0.6197600364685059
7325,11,-0.5918123126029968
7326,9,-0.8840270638465881
7327,10,-0.7406408786773682
7328,9,-0.7753567695617676
7329,9,-0.7588678598403931
7330,12,-0.46125420928001404
7331,20,0.49534523487091064
7332,9,-0.7731145024299622
7333,12,-0.4115513861179352
7334,9,-0.7703892588615417
7335,21,0.6173501014709473
7336,11,-0.475757896900177
7337,4,-1.4413801431655884
7338,12,-0.44633325934410095
7339,23,0.8081659078598022
7340,10,-0.6829071044921875
7341,11,-0.4933207035064697
7342,10,-0.6577341556549072
7343,9,-0.7814218997955322
7344,8,-0.8897446990013123
7345,10,-0.6320456266403198
7346,10,-0.6437711715698242
7347,10,-0.6589723229408264
7348,10,-0.7328774929046631
7349,30,1.3585327863693237
7350,12,-0.4614284932613373
7351,14,-0.15103890001773834
7352,8,-0.9121166467666626
7353,9,-0.7679877281188965
7354,29,1.2788143157958984
7355,10,-0.6289299130439758
7356,20,0.5891222953796387
7357,10,-0.6223503947257996
7358,13,-0.2522425353527069
7359,10,-0.620775043964386
7360,18,0.35741227865219116
7361,14,-0.13704881072044373
7362,15,-0.025612682104110718
7363,11,-0.5576791167259216
7364,16,0.07571190595626831
7365,9,-0.8536858558654785
7366,12,-0.4538615942001343
7367,12,-0.34653401374816895
7368,12,-0.37619054317474365
7369,11,-0.5909940600395203
7370,9,-0.8388239741325378
7371,10,-0.6745264530181885
7372,15,-0.07876035571098328
7373,13,-0.25757452845573425
7374,10,-0.7016253471374512
7375,9,-0.7532734274864197
7376,11,-0.49667584896087646
7377,17,0.15269094705581665
7378,9,-0.7698112726211548
7379,9,-0.8251185417175293
7380,11,-0.584964394569397
7381,10,-0.7451606392860413
7382,10,-0.675693154335022
7383,10,-0.7500654458999634
7384,9,-0.7835676074028015
7385,30,1.4145289659500122
7386,12,-0.3630378246307373
7387,13,-0.26173415780067444
7388,17,0.26068347692489624
7389,10,-0.7190409898757935
7390,8,-0.9642852544784546
7391,12,-0.36699363589286804
7392,9,-0.830872118473053
7393,11,-0.5428346395492554
7394,10,-0.7114602327346802
7395,18,0.3531723618507385
7396,15,-0.005011171102523804
7397,13,-0.25051695108413696
7398,10,-0.6940851211547852
7399,10,-0.7041078805923462
7400,2,-1.6031217575073242
7401,11,-0.5363682508468628
7402,10,-0.7153922319412231
7403,13,-0.267402708530426
7404,9,-0.8018858432769775
7405,12,-0.4674164056777954
7406,16,0.07362708449363708
7407,10,-0.6773470640182495
7408,5,-1.3256504535675049
7409,15,-0.04485124349594116
7410,10,-0.7231869697570801
7411,10,-0.7138558626174927
7412,9,-0.8013622164726257
7413,14,-0.2002067267894745
7414,16,0.12041598558425903
7415,15,-0.08610281348228455
7416,10,-0.6983670592308044
7417,21,0.6878460645675659
7418,14,-0.18415546417236328
7419,10,-0.6299294829368591
7420,12,-0.3778742849826813
7421,10,-0.7005617618560791
7422,9,-0.7829667329788208
7423,9,-0.8397312760353088
7424,10,-0.6704424023628235
7425,11,-0.5372105836868286
7426,10,-0.7226636409759521
7427,9,-0.7814966440200806
7428,16,0.0557422935962677
7429,20,0.5040869116783142
7430,12,-0.4606902003288269
7431,15,-0.07810601592063904
7432,8,-0.9208629727363586
7433,13,-0.28038886189460754
7434,6,-1.2477915287017822
7435,8,-0.9796397089958191
7436,10,-0.6886494159698486
7437,15,0.0005355477333068848
7438,9,-0.7931720018386841
7439,11,-0.6008021831512451
7440,8,-0.9129253029823303
7441,14,-0.2149096131324768
7442,10,-0.7405712604522705
7443,9,-0.7675310373306274
7444,29,1.2680721282958984
7445,17,0.22334885597229004
7446,16,0.07700386643409729
7447,12,-0.4123470187187195
7448,10,-0.6221492290496826
7449,11,-0.5523749589920044
7450,8,-0.9194219708442688
7451,12,-0.3812756836414337
7452,11,-0.5170214772224426
7453,14,-0.14021284878253937
7454,12,-0.4548889398574829
7455,29,1.3069478273391724
7456,11,-0.5438074469566345
7457,9,-0.7736471891403198
7458,14,-0.18443426489830017
7459,14,-0.15106116235256195
7460,10,-0.736869215965271
7461,10,-0.6262193918228149
7462,7,-1.100738286972046
7463,11,-0.48645567893981934
7464,17,0.2531675696372986
7465,9,-0.8268212080001831
7466,18,0.31168752908706665
7467,20,0.5339768528938293
7468,2,-1.5813055038452148
7469,16,0.10853081941604614
7470,9,-0.7652440667152405
7471,15,-0.03125113248825073
7472,10,-0.6719019412994385
7473,12,-0.4420405328273773
7474,30,1.370160698890686
7475,11,-0.5831623077392578
7476,16,0.03122428059577942
7477,14,-0.21137548983097076
7478,10,-0.6667296290397644
7479,9,-0.7530214786529541
7480,11,-0.5119629502296448
7481,11,-0.5501106977462769
7482,10,-0.7192000150680542
7483,4,-1.451499581336975
7484,9,-0.7853281497955322
7485,12,-0.4480719566345215
7486,11,-0.5666995644569397
7487,10,-0.7051124572753906
7488,20,0.5021789073944092
7489,21,0.6833157539367676
7490,10,-0.7025551795959473
7491,12,-0.35973671078681946
7492,11,-0.5494561195373535
7493,12,-0.39060717821121216
7494,10,-0.7283717393875122
7495,13,-0.3120858669281006
7496,11,-0.5538614988327026
7497,8,-1.016757845878601
7498,14,-0.16127632558345795
7499,16,0.05372816324234009
7500,11,-0.6026840209960938
7501,9,-0.7690116167068481
7502,9,-0.7982062101364136
7503,10,-0.6247400641441345
7504,12,-0.4682314395904541
7505,15,-0.009200721979141235
7506,10,-0.6678439974784851
7507,10,-0.7452658414840698
7508,14,-0.18391510844230652
7509,15,-0.06513068079948425
7510,11,-0.5922711491584778
7511,9,-0.7584875822067261
7512,17,0.226922869682312
7513,11,-0.5915125012397766
7514,11,-0.5509613752365112
7515,10,-0.6136035919189453
7516,12,-0.4396822452545166
7517,10,-0.6359584927558899
7518,10,-0.6299907565116882
7519,11,-0.5486710071563721
7520,9,-0.7570878267288208
7521,10,-0.629322350025177
7522,12,-0.3957919180393219
7523,10,-0.7280151844024658
7524,7,-1.1224937438964844
7525,11,-0.6056585311889648
7526,19,0.41249096393585205
7527,13,-0.3437516987323761
7528,10,-0.7353436946868896
7529,11,-0.5727283954620361
7530,11,-0.551630973815918
7531,10,-0.7311738729476929
7532,14,-0.2156033217906952
7533,9,-0.8650094270706177
7534,9,-0.7651277780532837
7535,10,-0.7375403642654419
7536,28,1.2610087394714355
7537,12,-0.38812771439552307
7538,9,-0.7832777500152588
7539,12,-0.4692942202091217
7540,10,-0.6285099983215332
7541,14,-0.10044172406196594
7542,2,-1.5807055234909058
7543,12,-0.43612298369407654
7544,18,0.3678966760635376
7545,7,-1.1123945713043213
7546,10,-0.7472814917564392
7547,9,-0.8835185170173645
7548,11,-0.558733344078064
7549,10,-0.6133064031600952
7550,14,-0.1214781403541565
7551,16,0.08104830980300903
7552,15,-0.08671912550926208
7553,16,0.13928645849227905
7554,11,-0.5922902822494507
7555,15,-0.04293543100357056
7556,12,-0.43238306045532227
7557,10,-0.7168002128601074
7558,12,-0.43632546067237854
7559,9,-0.7875468730926514
7560,12,-0.4336608648300171
7561,9,-0.7746186256408691
7562,11,-0.5969766974449158
7563,15,-0.019689351320266724
7564,10,-0.6858789920806885
7565,16,0.06848594546318054
7566,10,-0.7338861227035522
7567,11,-0.5915773510932922
7568,16,0.07013893127441406
7569,14,-0.12877187132835388
7570,7,-1.052002191543579
7571,15,-0.08228638768196106
7572,10,-0.7426061034202576
7573,13,-0.24452726542949677
7574,14,-0.1789766550064087
7575,11,-0.4890860617160797
7576,9,-0.8395119905471802
7577,9,-0.8674792647361755
7578,24,0.8940844535827637
7579,4,-1.4043337106704712
7580,13,-0.27403372526168823
7581,12,-0.4301367402076721
7582,10,-0.6147047877311707
7583,17,0.20233947038650513
7584,26,1.1086220741271973
7585,15,-0.030055880546569824
7586,10,-0.6468430161476135
7587,7,-1.0267326831817627
7588,15,-0.02298569679260254
7589,8,-0.9152763485908508
7590,5,-1.3213921785354614
7591,10,-0.7109465003013611
7592,2,-1.5779026746749878
7593,22,0.7610936164855957
7594,16,0.12837570905685425
7595,10,-0.6532986164093018
7596,9,-0.7987598180770874
7597,10,-0.6459759473800659
7598,16,0.05596280097961426
7599,20,0.5310066342353821
7600,9,-0.7891308069229126
7601,11,-0.5039974451065063
7602,12,-0.4647480547428131
7603,14,-0.18626588582992554
7604,25,1.0392868518829346
7605,23,0.8603551387786865
7606,10,-0.6537431478500366
7607,12,-0.3913445770740509
7608,10,-0.6725125908851624
7609,9,-0.7893946170806885
7610,11,-0.5886093378067017
7611,10,-0.708217203617096
7612,10,-0.7389286160469055
7613,1,-1.6378984451293945
7614,11,-0.5611804127693176
7615,11,-0.5758385062217712
7616,10,-0.6870290040969849
7617,10,-0.6557445526123047
7618,12,-0.38326573371887207
7619,11,-0.5327872633934021
7620,11,-0.5245766043663025
7621,19,0.4001590609550476
7622,11,-0.5018430352210999
7623,10,-0.6704087257385254
7624,22,0.7775622606277466
7625,12,-0.34766408801078796
7626,14,-0.1920662820339203
7627,9,-0.7822260856628418
7628,14,-0.17914454638957977
7629,17,0.22935420274734497
7630,10,-0.6601371169090271
7631,11,-0.5717827081680298
7632,10,-0.6682301163673401
7633,10,-0.6403907537460327
7634,14,-0.17324671149253845
7635,23,0.7916823625564575
7636,14,-0.16969968378543854
7637,21,0.6359516382217407
7638,18,0.30207663774490356
7639,11,-0.5294870138168335
7640,12,-0.43574005365371704
7641,14,-0.13497820496559143
7642,13,-0.26491403579711914
7643,10,-0.6373252868652344
7644,11,-0.5659654140472412
7645,12,-0.46441495418548584
7646,10,-0.6098570823669434
7647,9,-0.837414026260376
7648,10,-0.6428127288818359
7649,24,0.9044368267059326
7650,11,-0.5690822005271912
7651,19,0.42804062366485596
7652,13,-0.26958364248275757
7653,9,-0.7872592210769653
7654,10,-0.6798077821731567
7655,21,0.6541229486465454
7656,15,-0.06948140263557434
7657,11,-0.4802543520927429
7658,10,-0.7026761770248413
7659,9,-0.7984931468963623
7660,11,-0.5590755343437195
7661,13,-0.3388853073120117
7662,10,-0.6667920351028442
7663,13,-0.340969443321228
7664,24,0.8922222852706909
7665,10,-0.6790778040885925
7666,14,-0.11467668414115906
7667,14,-0.16834509372711182
7668,11,-0.5162710547447205
7669,12,-0.42120420932769775
7670,9,-0.758934736251831
7671,10,-0.7116358876228333
7672,10,-0.6383668780326843
7673,10,-0.6870999336242676
7674,11,-0.572246789932251
7675,19,0.46614617109298706
7676,15,-0.06002315878868103
7677,12,-0.42572638392448425
7678,12,-0.4397999346256256
7679,14,-0.18536357581615448
7680,10,-0.6605250835418701
7681,10,-0.7328686118125916
7682,17,0.16989773511886597
7683,12,-0.3790721595287323
7684,10,-0.6539019346237183
7685,13,-0.272901713848114
7686,10,-0.6204715967178345
7687,16,0.11842364072799683
7688,11,-0.5904790163040161
7689,10,-0.6305667757987976
7690,10,-0.6986199021339417
7691,14,-0.1542302668094635
7692,2,-1.5875310897827148
7693,10,-0.6235450506210327
7694,14,-0.18295271694660187
7695,19,0.4048503041267395
7696,16,0.1444517970085144
7697,14,-0.09847429394721985
7698,12,-0.4261993169784546
7699,9,-0.8042855262756348
7700,11,-0.5008912682533264
7701,10,-0.7214748859405518
7702,12,-0.42586803436279297
7703,11,-0.5307701230049133
7704,6,-1.1534277200698853
7705,10,-0.6254891157150269
7706,14,-0.16613589227199554
7707,13,-0.2999908924102783
7708,11,-0.5329450368881226
7709,18,0.3230467438697815
7710,11,-0.5843358039855957
7711,14,-0.10873228311538696
7712,13,-0.32008272409439087
7713,11,-0.5673786401748657
7714,3,-1.5218479633331299
7715,14,-0.15741467475891113
7716,18,0.3699645400047302
7717,18,0.3189733624458313
7718,13,-0.3145804703235626
7719,6,-1.2072350978851318
7720,10,-0.6810048818588257
7721,11,-0.47745785117149353
7722,9,-0.7684236764907837
7723,14,-0.18115097284317017
7724,8,-0.9587836861610413
7725,13,-0.2407788783311844
7726,14,-0.22047168016433716
7727,14,-0.17430810630321503
7728,9,-0.7916914224624634
7729,14,-0.16048245131969452
7730,21,0.6239322423934937
7731,10,-0.7480225563049316
7732,13,-0.2734801471233368
7733,10,-0.6896092891693115
7734,16,0.0989753007888794
7735,12,-0.4451870620250702
7736,17,0.20506978034973145
7737,13,-0.30596041679382324
7738,12,-0.42142388224601746
7739,10,-0.6258854866027832
7740,10,-0.6974599957466125
7741,10,-0.7187535762786865
7742,12,-0.4736372232437134
7743,3,-1.488047480583191
7744,9,-0.8032693862915039
7745,10,-0.6218932271003723
7746,15,-0.03594940900802612
7747,11,-0.56194007396698
7748,11,-0.48942241072654724
7749,10,-0.671518087387085
7750,10,-0.7019038200378418
7751,20,0.5324169993400574
7752,10,-0.7234926819801331
7753,11,-0.5993717908859253
7754,10,-0.6379913091659546
7755,19,0.4156993627548218
7756,14,-0.0983576774597168
7757,15,-0.000496596097946167
7758,11,-0.5574580430984497
7759,15,-0.04118421673774719
7760,19,0.42784208059310913
7761,8,-0.907788097858429
7762,17,0.19217205047607422
7763,13,-0.22493593394756317
7764,18,0.2997906804084778
7765,11,-0.546908438205719
7766,11,-0.5676556825637817
7767,10,-0.6845654249191284
7768,23,0.8602651357650757
7769,10,-0.7249414920806885
7770,14,-0.19441376626491547
7771,3,-1.5029276609420776
7772,11,-0.5444542169570923
7773,14,-0.1940256506204605
7774,10,-0.6631580591201782
7775,9,-0.8223212361335754
7776,11,-0.6053323745727539
7777,12,-0.43858519196510315
7778,13,-0.3436177372932434
7779,11,-0.5223177671432495
7780,18,0.3529869318008423
7781,11,-0.6012751460075378
7782,11,-0.5047303438186646
7783,10,-0.6961027979850769
7784,10,-0.7258249521255493
7785,18,0.30679529905319214
7786,11,-0.5783980488777161
7787,11,-0.5201104879379272
7788,10,-0.7098004817962646
7789,14,-0.19131684303283691
7790,12,-0.37020131945610046
7791,10,-0.6906948089599609
7792,11,-0.6020563840866089
7793,16,0.14709103107452393
7794,13,-0.305680513381958
7795,13,-0.2951500713825226
7796,11,-0.5661296248435974
7797,14,-0.18100418150424957
7798,14,-0.21796414256095886
7799,10,-0.6830892562866211
7800,15,-0.045623332262039185
7801,19,0.4700392484664917
7802,10,-0.6563773155212402
7803,11,-0.4771351218223572
7804,14,-0.16667497158050537
7805,10,-0.6489139199256897
7806,13,-0.2806328535079956
7807,12,-0.38376373052597046
7808,10,-0.6279683709144592
7809,15,-0.09105423092842102
7810,15,-0.04738399386405945
7811,11,-0.5384624600410461
7812,24,0.9318448305130005
7813,12,-0.43599486351013184
7814,10,-0.6129647493362427
7815,11,-0.5204158425331116
7816,11,-0.5321157574653625
7817,12,-0.44005024433135986
7818,14,-0.18391752243041992
7819,11,-0.48388782143592834
7820,10,-0.6323441863059998
7821,20,0.5540263652801514
7822,10,-0.6139194965362549
7823,10,-0.7319667339324951
7824,12,-0.41717568039894104
7825,10,-0.6987794637680054
7826,14,-0.17876513302326202
7827,14,-0.13367098569869995
7828,10,-0.6907776594161987
7829,24,0.9490351676940918
7830,3,-1.47508704662323
7831,10,-0.6807564496994019
7832,15,-0.057417482137680054
7833,11,-0.5956600904464722
7834,16,0.06969702243804932
7835,10,-0.7029565572738647
7836,11,-0.558903694152832
7837,11,-0.5800831317901611
7838,10,-0.6808668375015259
7839,15,-0.028747737407684326
7840,11,-0.5947808027267456
7841,10,-0.6809473633766174
7842,13,-0.31261304020881653
7843,12,-0.45724165439605713
7844,12,-0.3679655194282532
7845,10,-0.7095253467559814
7846,12,-0.40842384099960327
7847,10,-0.6580256223678589
7848,16,0.06714707612991333
7849,10,-0.7010797262191772
7850,12,-0.4005248248577118
7851,10,-0.6337765455245972
7852,13,-0.3361203670501709
7853,19,0.42099207639694214
7854,14,-0.16860882937908173
7855,11,-0.582036018371582
7856,13,-0.30887502431869507
7857,13,-0.2276877760887146
7858,9,-0.8331162929534912
7859,10,-0.6320628523826599
7860,2,-1.571791410446167
7861,9,-0.7631216645240784
7862,14,-0.21594364941120148
7863,8,-0.9650010466575623
7864,10,-0.6922013163566589
7865,11,-0.6025210618972778
7866,14,-0.15761016309261322
7867,17,0.1816583275794983
7868,19,0.40760940313339233
7869,21,0.6813338994979858
7870,11,-0.5450363755226135
7871,13,-0.24396473169326782
7872,13,-0.3296864926815033
7873,10,-0.6526113152503967
7874,12,-0.4005981683731079
7875,23,0.7937276363372803
7876,15,-0.06682485342025757
7877,15,0.02003467082977295
7878,15,-0.021441549062728882
7879,15,0.013842612504959106
7880,12,-0.38741475343704224
7881,25,1.0192277431488037
7882,12,-0.47263723611831665
7883,12,-0.3508404493331909
7884,10,-0.6476010084152222
7885,15,-0.006690174341201782
7886,15,-0.0970536470413208
7887,10,-0.6733294725418091
7888,12,-0.4202984571456909
7889,17,0.1794000267982483
7890,19,0.4446885585784912
7891,12,-0.39377743005752563
7892,13,-0.24321340024471283
7893,11,-0.6039422154426575
7894,10,-0.641821026802063
7895,14,-0.15340547263622284
7896,10,-0.6468527317047119
7897,13,-0.24815450608730316
7898,12,-0.4523417353630066
7899,10,-0.6870979070663452
7900,14,-0.2179499864578247
7901,10,-0.6420755386352539
7902,10,-0.6094880700111389
7903,8,-0.9196946024894714
7904,13,-0.3270409405231476
7905,10,-0.6647531986236572
7906,11,-0.5154495239257812
7907,27,1.139963984489441
7908,16,0.07863682508468628
7909,11,-0.5645471215248108
7910,10,-0.6400797367095947
7911,9,-0.7531392574310303
7912,10,-0.7320722341537476
7913,6,-1.2310566902160645
7914,21,0.5926843285560608
7915,19,0.43745070695877075
7916,10,-0.6140357851982117
7917,8,-0.8939674496650696
7918,16,0.11328125
7919,12,-0.446483850479126
7920,11,-0.5077599287033081
7921,10,-0.6176543235778809
7922,15,0.004442781209945679
7923,10,-0.6726868748664856
7924,12,-0.3529775142669678
7925,12,-0.46321573853492737
7926,10,-0.6221246123313904
7927,13,-0.22675180435180664
7928,15,-0.04367223381996155
7929,14,-0.16682490706443787
7930,13,-0.32166293263435364
7931,17,0.18187779188156128
7932,10,-0.708228588104248
7933,13,-0.2773902416229248
7934,10,-0.6691279411315918
7935,7,-1.0356969833374023
7936,20,0.5785108804702759
7937,10,-0.6476434469223022
7938,11,-0.5633494257926941
7939,12,-0.3630061149597168
7940,13,-0.2260749787092209
7941,11,-0.5684754252433777
7942,26,1.0943857431411743
7943,14,-0.19752022624015808
7944,15,-0.0486312210559845
7945,11,-0.5160308480262756
7946,13,-0.34630125761032104
7947,11,-0.5999412536621094
7948,16,0.04245316982269287
7949,10,-0.699219822883606
7950,20,0.576927125453949
7951,21,0.6853629350662231
7952,19,0.41911953687667847
7953,11,-0.578980565071106
7954,15,-0.018394052982330322
7955,6,-1.2585402727127075
7956,12,-0.4117831289768219
7957,19,0.4363834261894226
7958,15,-0.0912574827671051
7959,10,-0.6482633352279663
7960,29,1.3189938068389893
7961,14,-0.15803693234920502
7962,12,-0.40157201886177063
7963,14,-0.14966683089733124
7964,18,0.343192458152771
7965,10,-0.6391487717628479
7966,13,-0.23406296968460083
7967,5,-1.353546142578125
7968,14,-0.18562190234661102
7969,11,-0.5509271621704102
7970,12,-0.3907999098300934
7971,15,-0.03503486514091492
7972,11,-0.5256421566009521
7973,16,0.10829153656959534
7974,6,-1.2068966627120972
7975,13,-0.32570722699165344
7976,10,-0.6504379510879517
7977,15,-0.031588613986968994
7978,11,-0.5360021591186523
7979,12,-0.3962375819683075
7980,14,-0.10046049952507019
7981,13,-0.309491366147995
7982,9,-0.8454216718673706
7983,10,-0.609084963798523
7984,12,-0.43927139043807983
7985,11,-0.48657217621803284
7986,17,0.1712256669998169
7987,9,-0.7620729207992554
7988,11,-0.49055051803588867
7989,10,-0.664901614189148
7990,25,1.0039161443710327
7991,11,-0.5197674036026001
7992,10,-0.6574745178222656
7993,17,0.22027099132537842
7994,10,-0.6800220012664795
7995,11,-0.5578047037124634
7996,11,-0.5962527394294739
7997,12,-0.39963847398757935
7998,10,-0.6363314390182495
7999,12,-0.44288718700408936
8000,5,-1.28079354763031
8001,10,-0.6196885108947754
8002,11,-0.5283218026161194
8003,10,-0.7001597285270691
8004,10,-0.637187123298645
8005,21,0.6025378704071045
8006,13,-0.2832568883895874
8007,14,-0.19330668449401855
8008,9,-0.7539710402488708
8009,12,-0.407866895198822
8010,10,-0.6236902475357056
8011,11,-0.5909919142723083
8012,10,-0.6673449277877808
8013,21,0.6020870208740234
8014,12,-0.41723203659057617
8015,13,-0.3181558847427368
8016,21,0.6824641227722168
8017,12,-0.4200732409954071
8018,11,-0.6009927988052368
8019,11,-0.5150398015975952
8020,12,-0.3818536102771759
8021,13,-0.2869932949542999
8022,13,-0.29931673407554626
8023,11,-0.549791693687439
8024,12,-0.34739068150520325
8025,20,0.5682994723320007
8026,10,-0.7496144771575928
8027,16,0.034827977418899536
8028,17,0.2334287166595459
8029,11,-0.5502545237541199
8030,14,-0.1697942614555359
8031,11,-0.5830378532409668
8032,24,0.9108691215515137
8033,12,-0.44411084055900574
8034,13,-0.26860934495925903
8035,11,-0.503420352935791
8036,11,-0.5300392508506775
8037,14,-0.17357800900936127
8038,16,0.12710493803024292
8039,11,-0.539117693901062
8040,11,-0.5571876168251038
8041,13,-0.3081275224685669
8042,13,-0.24346637725830078
8043,24,0.9335652589797974
8044,14,-0.20371147990226746
8045,14,-0.1695336401462555
8046,10,-0.6090438365936279
8047,14,-0.13055631518363953
8048,11,-0.5683807134628296
8049,12,-0.45933985710144043
8050,21,0.6190266609191895
8051,29,1.3329046964645386
8052,11,-0.5051600337028503
8053,11,-0.5340648889541626
8054,11,-0.5954269766807556
8055,9,-0.7649979591369629
8056,9,-0.7571495771408081
8057,15,-0.07227069139480591
8058,15,-0.002476930618286133
8059,10,-0.6164146661758423
8060,14,-0.10267099738121033
8061,12,-0.3747488260269165
8062,10,-0.6788363456726074
8063,11,-0.502472996711731
8064,14,-0.2111591398715973
8065,18,0.32620811462402344
8066,12,-0.4130694568157196
8067,10,-0.6391793489456177
8068,14,-0.16914397478103638
8069,16,0.08694562315940857
8070,13,-0.24256464838981628
8071,11,-0.5552254915237427
8072,13,-0.3394988477230072
8073,16,0.0348244309425354
8074,16,0.14111226797103882
8075,11,-0.5080915689468384
8076,11,-0.5001823306083679
8077,12,-0.3990354537963867
8078,9,-0.8242537975311279
8079,16,0.08472740650177002
8080,10,-0.6131232380867004
8081,19,0.43104732036590576
8082,18,0.3128111958503723
8083,12,-0.47023332118988037
8084,14,-0.11187547445297241
8085,14,-0.16795216500759125
8086,12,-0.4226239323616028
8087,10,-0.6908034086227417
8088,10,-0.6422600746154785
8089,10,-0.7403819561004639
8090,12,-0.38961952924728394
8091,11,-0.4995499849319458
8092,12,-0.4544323980808258
8093,11,-0.5302531719207764
8094,13,-0.32226112484931946
8095,16,0.12494200468063354
8096,14,-0.1722157746553421
8097,14,-0.15661151707172394
8098,16,0.05859696865081787
8099,14,-0.22163602709770203
8100,12,-0.3794693648815155
8101,30,1.3620716333389282
8102,12,-0.3990475833415985
8103,10,-0.6914188861846924
8104,10,-0.6460646390914917
8105,24,0.9098827838897705
8106,16,0.08668771386146545
8107,10,-0.6221503615379333
8108,15,-0.03663104772567749
8109,14,-0.21727098524570465
8110,29,1.3224737644195557
8111,14,-0.1792859435081482
8112,9,-0.8166712522506714
8113,14,-0.1226801872253418
8114,11,-0.5771155953407288
8115,22,0.697970986366272
8116,10,-0.6234461069107056
8117,16,0.10312056541442871
8118,15,-0.07788839936256409
8119,10,-0.6992157697677612
8120,11,-0.5910328030586243
8121,11,-0.5763454437255859
8122,10,-0.6901320219039917
8123,10,-0.6779911518096924
8124,11,-0.5385578274726868
8125,15,-0.018729835748672485
8126,11,-0.5171288251876831
8127,14,-0.21789832413196564
8128,9,-0.7884572744369507
8129,14,-0.20203402638435364
8130,21,0.6415039300918579
8131,11,-0.5845940709114075
8132,3,-1.5203191041946411
8133,11,-0.6031959056854248
8134,10,-0.7447934150695801
8135,11,-0.5547598600387573
8136,19,0.48877787590026855
8137,3,-1.4818968772888184
8138,14,-0.17804095149040222
8139,12,-0.4336109161376953
8140,20,0.5215327739715576
8141,16,0.09601914882659912
8142,10,-0.6934162378311157
8143,10,-0.686249315738678
8144,10,-0.6124475002288818
8145,11,-0.5136563777923584
8146,11,-0.5460802316665649
8147,9,-0.8387631177902222
8148,10,-0.6309316754341125
8149,10,-0.6651085615158081
8150,12,-0.3670702874660492
8151,11,-0.5174391865730286
8152,11,-0.5166683793067932
8153,6,-1.1575675010681152
8154,16,0.08857432007789612
8155,12,-0.4496579170227051
8156,11,-0.5320866703987122
8157,15,-0.031989455223083496
8158,22,0.7135050296783447
8159,14,-0.1817069798707962
8160,12,-0.37395936250686646
8161,10,-0.6529249548912048
8162,11,-0.5840286016464233
8163,10,-0.6138402223587036
8164,12,-0.4002653956413269
8165,11,-0.5756372809410095
8166,16,0.14184844493865967
8167,18,0.31034642457962036
8168,11,-0.5746264457702637
8169,11,-0.5633585453033447
8170,10,-0.6829526424407959
8171,15,-0.028579264879226685
8172,10,-0.630301296710968
8173,11,-0.5466681718826294
8174,12,-0.4086017310619354
8175,12,-0.3685603737831116
8176,10,-0.7164701223373413
8177,20,0.5380619764328003
8178,30,1.3547381162643433
8179,16,0.1102527379989624
8180,16,0.046719104051589966
8181,6,-1.1684257984161377
8182,11,-0.5362513065338135
8183,11,-0.49807068705558777
8184,23,0.7944724559783936
8185,11,-0.5867356061935425
8186,11,-0.570438802242279
8187,14,-0.10034695267677307
8188,14,-0.19897688925266266
8189,17,0.2441498041152954
8190,12,-0.4662156403064728
8191,13,-0.262603759765625
8192,9,-0.8647187948226929
8193,15,0.005922198295593262
8194,11,-0.5998589992523193
8195,11,-0.5733128786087036
8196,10,-0.6891530752182007
8197,13,-0.2809875011444092
8198,11,-0.5938026309013367
8199,11,-0.5291985273361206
8200,13,-0.24278980493545532
8201,14,-0.15250088274478912
8202,8,-1.011793613433838
8203,14,-0.14882110059261322
8204,11,-0.6046700477600098
8205,14,-0.1265799105167389
8206,16,0.13525688648223877
8207,18,0.28575950860977173
8208,19,0.47423356771469116
8209,11,-0.533694326877594
8210,8,-0.9189698100090027
8211,11,-0.5421502590179443
8212,11,-0.504800021648407
8213,17,0.19784510135650635
8214,11,-0.5218278765678406
8215,18,0.2871876358985901
8216,10,-0.7393620610237122
8217,11,-0.5371385216712952
8218,18,0.3768436908721924
8219,5,-1.2634862661361694
8220,10,-0.6584293842315674
8221,15,-0.0008363723754882812
8222,6,-1.2517626285552979
8223,10,-0.6948950886726379
8224,12,-0.35303500294685364
8225,12,-0.4426574110984802
8226,12,-0.4311784505844116
8227,14,-0.12934443354606628
8228,11,-0.5478147268295288
8229,10,-0.6251757144927979
8230,11,-0.6027920842170715
8231,11,-0.5562560558319092
8232,9,-0.8592270016670227
8233,15,-0.0686967670917511
8234,11,-0.5871928334236145
8235,10,-0.6235536932945251
8236,11,-0.557282567024231
8237,13,-0.30455613136291504
8238,12,-0.45660877227783203
8239,18,0.27124321460723877
8240,20,0.4990580677986145
8241,11,-0.48971298336982727
8242,13,-0.24952568113803864
8243,11,-0.5533562898635864
8244,10,-0.628513753414154
8245,6,-1.1733922958374023
8246,21,0.6349983215332031
8247,16,0.04547730088233948
8248,12,-0.421786904335022
8249,18,0.27602630853652954
8250,12,-0.3674986660480499
8251,19,0.4605158567428589
8252,15,-0.019739389419555664
8253,13,-0.3131236732006073
8254,16,0.1305719017982483
8255,11,-0.5165146589279175
8256,13,-0.32907378673553467
8257,23,0.8681589365005493
8258,16,0.054159075021743774
8259,10,-0.6549211740493774
8260,10,-0.6214379668235779
8261,11,-0.525592029094696
8262,11,-0.5719619393348694
8263,11,-0.5357998609542847
8264,9,-0.7745976448059082
8265,13,-0.24053150415420532
8266,11,-0.5816771388053894
8267,10,-0.6414263248443604
8268,12,-0.45574578642845154
8269,14,-0.20134228467941284
8270,11,-0.5279101133346558
8271,30,1.3483701944351196
8272,8,-0.9061306118965149
8273,13,-0.30701830983161926
8274,10,-0.6650502681732178
8275,19,0.43215131759643555
8276,11,-0.5940184593200684
8277,14,-0.1616714894771576
8278,12,-0.4535900354385376
8279,13,-0.310796320438385
8280,14,-0.21229180693626404
8281,11,-0.5110989809036255
8282,11,-0.5450296401977539
8283,11,-0.5705385804176331
8284,12,-0.44659653306007385
8285,11,-0.5122643709182739
8286,13,-0.335726797580719
8287,11,-0.5740811228752136
8288,7,-1.0712136030197144
8289,15,-0.05306705832481384
8290,10,-0.6195770502090454
8291,21,0.6742427349090576
8292,13,-0.22492901980876923
8293,16,0.041037142276763916
8294,16,0.08224070072174072
8295,11,-0.5666530728340149
8296,12,-0.3773094117641449
8297,11,-0.5961849689483643
8298,10,-0.6245203018188477
8299,14,-0.15224893391132355
8300,22,0.7707453966140747
8301,11,-0.5350017547607422
8302,12,-0.43300101161003113
8303,11,-0.5994383096694946
8304,13,-0.27325546741485596
8305,12,-0.4072307348251343
8306,14,-0.16798293590545654
8307,16,0.07238209247589111
8308,11,-0.5110371112823486
8309,10,-0.6747256517410278
8310,12,-0.408894807100296
8311,12,-0.4288770854473114
8312,7,-1.0662798881530762
8313,10,-0.6281765103340149
8314,11,-0.5387876033782959
8315,20,0.49469053745269775
8316,17,0.17756366729736328
8317,19,0.4900878667831421
8318,10,-0.6856698989868164
8319,11,-0.4944092631340027
8320,23,0.7974158525466919
8321,15,0.021420717239379883
8322,11,-0.549234926700592
8323,11,-0.5901954770088196
8324,29,1.3251876831054688
8325,15,-0.0007008910179138184
8326,14,-0.11988845467567444
8327,16,0.03492778539657593
8328,10,-0.6928707361221313
8329,11,-0.5500150918960571
8330,14,-0.21590106189250946
8331,12,-0.4578079581260681
8332,12,-0.47489380836486816
8333,11,-0.5267994999885559
8334,10,-0.6153862476348877
8335,12,-0.4632570147514343
8336,13,-0.3220546245574951
8337,10,-0.675268828868866
8338,5,-1.306748628616333
8339,15,-0.08405187726020813
8340,13,-0.25434058904647827
8341,12,-0.36172419786453247
8342,14,-0.13515010476112366
8343,18,0.3246549963951111
8344,12,-0.4333319664001465
8345,11,-0.5827678442001343
8346,11,-0.5615144968032837
8347,15,-0.0395359992980957
8348,12,-0.4516409635543823
8349,11,-0.547243058681488
8350,15,-0.01127961277961731
8351,12,-0.3886721134185791
8352,11,-0.5545929670333862
8353,10,-0.6931412220001221
8354,10,-0.7422225475311279
8355,15,-0.07593518495559692
8356,10,-0.6650583744049072
8357,14,-0.20976929366588593
8358,12,-0.39356309175491333
8359,12,-0.47457998991012573
8360,12,-0.3711589276790619
8361,14,-0.17249751091003418
8362,11,-0.5209320783615112
8363,12,-0.3965083658695221
8364,30,1.3388793468475342
8365,11,-0.5818887948989868
8366,14,-0.1831931322813034
8367,11,-0.5874090194702148
8368,15,-0.09749758243560791
8369,13,-0.3233366906642914
8370,17,0.19138967990875244
8371,17,0.1703844666481018
8372,11,-0.5428481698036194
8373,11,-0.5369369387626648
8374,29,1.2925822734832764
8375,12,-0.4282533526420593
8376,10,-0.6291533708572388
8377,12,-0.46928420662879944
8378,14,-0.21177516877651215
8379,17,0.15290820598602295
8380,17,0.16741114854812622
8381,12,-0.35872548818588257
8382,10,-0.6638311147689819
8383,11,-0.5795294046401978
8384,10,-0.6337093710899353
8385,13,-0.29688823223114014
8386,12,-0.4282163083553314
8387,12,-0.39576974511146545
8388,12,-0.4266008734703064
8389,11,-0.48623600602149963
8390,10,-0.6186536550521851
8391,11,-0.575223445892334
8392,19,0.4858788251876831
8393,15,-0.08242034912109375
8394,14,-0.12062078714370728
8395,13,-0.282318651676178
8396,20,0.5840274691581726
8397,11,-0.5559981465339661
8398,11,-0.5753803253173828
8399,12,-0.4418950080871582
8400,14,-0.17605260014533997
8401,26,1.1065524816513062
8402,19,0.40213143825531006
8403,14,-0.1666654497385025
8404,11,-0.5063521265983582
8405,12,-0.35864171385765076
8406,14,-0.20039425790309906
8407,11,-0.5431135892868042
8408,11,-0.5330137014389038
8409,11,-0.5722434520721436
8410,13,-0.33810245990753174
8411,11,-0.530301570892334
8412,13,-0.271392822265625
8413,13,-0.30307966470718384
8414,16,0.06861498951911926
8415,14,-0.15983936190605164
8416,15,-0.09130299091339111
8417,12,-0.4693863093852997
8418,11,-0.5284663438796997
8419,13,-0.28052759170532227
8420,19,0.4810895323753357
8421,12,-0.4121321141719818
8422,13,-0.30250486731529236
8423,10,-0.7083522081375122
8424,11,-0.5563850998878479
8425,10,-0.7263005375862122
8426,9,-0.8733186721801758
8427,10,-0.6204438805580139
8428,27,1.1760252714157104
8429,19,0.45455819368362427
8430,6,-1.1440207958221436
8431,12,-0.4495774507522583
8432,13,-0.22670073807239532
8433,10,-0.7121403217315674
8434,10,-0.6087281703948975
8435,15,0.012925028800964355
8436,29,1.2688959836959839
8437,12,-0.4509389102458954
8438,12,-0.3977522552013397
8439,9,-0.8262249231338501
8440,12,-0.36769822239875793
8441,10,-0.6892824172973633
8442,24,0.945940375328064
8443,12,-0.36334389448165894
8444,13,-0.3273159861564636
8445,14,-0.21251723170280457
8446,20,0.581748366355896
8447,11,-0.5109509229660034
8448,11,-0.5475339293479919
8449,14,-0.16078190505504608
8450,13,-0.2819921672344208
8451,11,-0.4977532923221588
8452,11,-0.5293801426887512
8453,11,-0.4841459393501282
8454,14,-0.155318945646286
8455,13,-0.3460368514060974
8456,10,-0.6103938221931458
8457,15,-0.005963116884231567
8458,16,0.08525317907333374
8459,11,-0.5058251023292542
8460,10,-0.6940561532974243
8461,11,-0.5844030380249023
8462,11,-0.5322412252426147
8463,14,-0.11935460567474365
8464,11,-0.5031335353851318
8465,12,-0.44501328468322754
8466,11,-0.5529441833496094
8467,14,-0.14108499884605408
8468,14,-0.1446857899427414
8469,17,0.19217395782470703
8470,14,-0.17848651111125946
8471,10,-0.6083130836486816
8472,11,-0.5314208269119263
8473,10,-0.6222462058067322
8474,11,-0.5496540665626526
8475,13,-0.3046605587005615
8476,11,-0.4832719564437866
8477,26,1.0785093307495117
8478,13,-0.31969499588012695
8479,15,0.025662481784820557
8480,14,-0.20655517280101776
8481,12,-0.3748858869075775
8482,15,0.01624712347984314
8483,10,-0.656088650226593
8484,28,1.2590830326080322
8485,13,-0.25993794202804565
8486,12,-0.3719252943992615
8487,13,-0.2738323509693146
8488,15,-0.08462977409362793
8489,15,-0.056702375411987305
8490,13,-0.2259390652179718
8491,18,0.3456442952156067
8492,8,-0.996354877948761
8493,11,-0.4825919270515442
8494,13,-0.2654997706413269
8495,12,-0.44442814588546753
8496,24,0.9152102470397949
8497,11,-0.5520060062408447
8498,12,-0.3808367848396301
8499,11,-0.5479003190994263
8500,5,-1.27535080909729
8501,11,-0.5290175676345825
8502,15,0.011472940444946289
8503,9,-0.8625005483627319
8504,11,-0.4978908598423004
8505,30,1.4178550243377686
8506,13,-0.23369593918323517
8507,11,-0.5835717916488647
8508,16,0.08405041694641113
8509,14,-0.12499642372131348
8510,10,-0.7223386764526367
8511,13,-0.32416749000549316
8512,11,-0.5309906005859375
8513,13,-0.33796367049217224
8514,19,0.41177070140838623
8515,14,-0.1104024350643158
8516,16,0.09355127811431885
8517,13,-0.3453064560890198
8518,11,-0.5200600624084473
8519,11,-0.5511870980262756
8520,11,-0.5529196262359619
8521,16,0.10224807262420654
8522,17,0.16967016458511353
8523,18,0.3795236349105835
8524,12,-0.39814525842666626
8525,14,-0.19035135209560394
8526,14,-0.13101208209991455
8527,15,-0.09525004029273987
8528,14,-0.10262498259544373
8529,13,-0.2995542883872986
8530,12,-0.4452632963657379
8531,11,-0.499563068151474
8532,11,-0.5490131378173828
8533,12,-0.4582432508468628
8534,11,-0.4970094561576843
8535,16,0.08377620577812195
8536,17,0.23145592212677002
8537,11,-0.58245849609375
8538,11,-0.5670822262763977
8539,11,-0.5082221031188965
8540,9,-0.874470591545105
8541,24,0.9167954921722412
8542,13,-0.33867335319519043
8543,13,-0.2349398136138916
8544,18,0.3439890146255493
8545,9,-0.7924812436103821
8546,15,-0.012569159269332886
8547,11,-0.478230357170105
8548,12,-0.3476075828075409
8549,22,0.7799085378646851
8550,11,-0.5358862280845642
8551,14,-0.10445547103881836
8552,11,-0.4990542531013489
8553,11,-0.4875064492225647
8554,14,-0.21470212936401367
8555,11,-0.492580771446228
8556,11,-0.483583927154541
8557,13,-0.27541807293891907
8558,11,-0.5297201871871948
8559,10,-0.6448817253112793
8560,12,-0.40054285526275635
8561,11,-0.5058456659317017
8562,11,-0.5203164219856262
8563,11,-0.5883351564407349
8564,22,0.7569901943206787
8565,14,-0.21477022767066956
8566,18,0.28442245721817017
8567,14,-0.1281026005744934
8568,13,-0.336184561252594
8569,12,-0.43208280205726624
8570,7,-1.0266032218933105
8571,22,0.7065917253494263
8572,17,0.15312576293945312
8573,12,-0.39848342537879944
8574,13,-0.33222728967666626
8575,16,0.06552320718765259
8576,13,-0.30812516808509827
8577,24,0.9638684988021851
8578,12,-0.38485708832740784
8579,11,-0.5835292339324951
8580,14,-0.1816195845603943
8581,11,-0.48035499453544617
8582,10,-0.6554183959960938
8583,11,-0.48451468348503113
8584,13,-0.3147905468940735
8585,18,0.2793213725090027
8586,11,-0.5745075941085815
8587,10,-0.7309104204177856
8588,11,-0.5208634734153748
8589,14,-0.11937615275382996
8590,12,-0.39643383026123047
8591,11,-0.4876548945903778
8592,17,0.1679525375366211
8593,18,0.30052798986434937
8594,22,0.7406538724899292
8595,15,-0.050064682960510254
8596,19,0.47409337759017944
8597,16,0.15009772777557373
8598,11,-0.5368914604187012
8599,13,-0.2894335985183716
8600,12,-0.3837411105632782
8601,16,0.10406547784805298
8602,11,-0.5181146860122681
8603,11,-0.5411971807479858
8604,12,-0.35703203082084656
8605,12,-0.36069583892822266
8606,16,0.037504881620407104
8607,11,-0.512404203414917
8608,16,0.06535232067108154
8609,11,-0.5308437943458557
8610,11,-0.5645087957382202
8611,12,-0.44515565037727356
8612,10,-0.6984682083129883
8613,12,-0.45914703607559204
8614,21,0.6062156558036804
8615,10,-0.6798753142356873
8616,11,-0.5350494384765625
8617,12,-0.365936815738678
8618,12,-0.3926997780799866
8619,11,-0.6036664843559265
8620,14,-0.18080055713653564
8621,12,-0.38917896151542664
8622,11,-0.48756951093673706
8623,13,-0.25847411155700684
8624,12,-0.4522126317024231
8625,12,-0.42058703303337097
8626,10,-0.6856575012207031
8627,12,-0.43929770588874817
8628,17,0.21443039178848267
8629,13,-0.30974745750427246
8630,19,0.4110475778579712
8631,13,-0.22948023676872253
8632,12,-0.4012346863746643
8633,23,0.8722658157348633
8634,15,-0.05500274896621704
8635,12,-0.4639142155647278
8636,25,0.9777994155883789
8637,11,-0.5726354122161865
8638,10,-0.6706935167312622
8639,26,1.1135165691375732
8640,11,-0.5543115139007568
8641,16,0.07528513669967651
8642,13,-0.23384849727153778
8643,16,0.12810027599334717
8644,11,-0.4831719994544983
8645,24,0.9439069032669067
8646,12,-0.45752546191215515
8647,14,-0.175000861287117
8648,14,-0.1489931344985962
8649,22,0.7457784414291382
8650,11,-0.5993324518203735
8651,11,-0.5171557068824768
8652,12,-0.38684800267219543
8653,14,-0.16784390807151794
8654,11,-0.5147254467010498
8655,11,-0.5912513732910156
8656,17,0.17667901515960693
8657,12,-0.42736563086509705
8658,13,-0.2406899482011795
8659,12,-0.3791470229625702
8660,12,-0.37984374165534973
8661,13,-0.303436815738678
8662,10,-0.6091830730438232
8663,13,-0.24459129571914673
8664,13,-0.2935578227043152
8665,5,-1.3082150220870972
8666,12,-0.449454665184021
8667,17,0.21597939729690552
8668,30,1.4133498668670654
8669,11,-0.5764486193656921
8670,11,-0.5131258368492126
8671,11,-0.5466383099555969
8672,11,-0.5198081135749817
8673,15,-0.02176770567893982
8674,12,-0.46958062052726746
8675,11,-0.543611466884613
8676,11,-0.5986778140068054
8677,15,-0.06776556372642517
8678,11,-0.5738937258720398
8679,11,-0.5532891750335693
8680,4,-1.3863693475723267
8681,14,-0.16917869448661804
8682,24,0.8919576406478882
8683,12,-0.47097137570381165
8684,15,0.015442579984664917
8685,12,-0.42121464014053345
8686,12,-0.41561782360076904
8687,11,-0.49051326513290405
8688,11,-0.4771326780319214
8689,10,-0.6712783575057983
8690,16,0.14279437065124512
8691,12,-0.4016151428222656
8692,16,0.11566075682640076
8693,12,-0.3665470778942108
8694,9,-0.8146638870239258
8695,14,-0.19635049998760223
8696,11,-0.48556599020957947
8697,13,-0.31873780488967896
8698,14,-0.1828112155199051
8699,11,-0.5267431735992432
8700,11,-0.5260424017906189
8701,14,-0.14497269690036774
8702,18,0.3038747310638428
8703,6,-1.2555158138275146
8704,15,0.027835369110107422
8705,4,-1.4298248291015625
8706,11,-0.4847153425216675
8707,11,-0.4785612225532532
8708,15,-0.041185617446899414
8709,13,-0.27286529541015625
8710,15,-0.07871952652931213
8711,14,-0.10906872153282166
8712,11,-0.5252599120140076
8713,23,0.8236750364303589
8714,29,1.283185601234436
8715,10,-0.6124987602233887
8716,11,-0.5243730545043945
8717,13,-0.3267325162887573
8718,12,-0.40091672539711
8719,9,-0.7880439758300781
8720,16,0.1471361517906189
8721,13,-0.2734525799751282
8722,13,-0.27854350209236145
8723,11,-0.48974478244781494
8724,12,-0.4379647672176361
8725,11,-0.49942195415496826
8726,12,-0.4738175868988037
8727,16,0.10611280798912048
8728,14,-0.21796633303165436
8729,14,-0.1451748162508011
8730,16,0.04466819763183594
8731,14,-0.18460246920585632
8732,19,0.450811505317688
8733,15,-0.010669082403182983
8734,12,-0.3523435592651367
8735,11,-0.5398399829864502
8736,13,-0.2755625247955322
8737,18,0.33096373081207275
8738,14,-0.1798539161682129
8739,16,0.07647991180419922
8740,12,-0.3630883991718292
8741,17,0.1943332552909851
8742,12,-0.44355443120002747
8743,11,-0.5008338689804077
8744,12,-0.3708258867263794
8745,17,0.1987125277519226
8746,12,-0.4148600697517395
8747,17,0.2036646604537964
8748,12,-0.3532216548919678
8749,14,-0.19073288142681122
8750,16,0.1418890357017517
8751,13,-0.3451429605484009
8752,12,-0.40894997119903564
8753,24,0.912050724029541
8754,21,0.65836501121521
8755,11,-0.4934910237789154
8756,11,-0.5359922647476196
8757,7,-1.0327274799346924
8758,10,-0.7479540109634399
8759,12,-0.400238960981369
8760,12,-0.45711737871170044
8761,15,-0.053534239530563354
8762,26,1.060479998588562
8763,11,-0.5504841804504395
8764,16,0.13005363941192627
8765,13,-0.2881111204624176
8766,13,-0.3192215859889984
8767,13,-0.2708882689476013
8768,8,-0.886310875415802
8769,18,0.3470606207847595
8770,12,-0.36411193013191223
8771,11,-0.5040309429168701
8772,11,-0.546677827835083
8773,11,-0.49596408009529114
8774,14,-0.15902768075466156
8775,11,-0.6023006439208984
8776,14,-0.1266038715839386
8777,11,-0.4850175976753235
8778,14,-0.12918129563331604
8779,12,-0.44266751408576965
8780,14,-0.19433169066905975
8781,17,0.24651610851287842
8782,19,0.41862261295318604
8783,11,-0.5800247192382812
8784,11,-0.5878394842147827
8785,15,-0.0576196014881134
8786,12,-0.4156242907047272
8787,13,-0.24125562608242035
8788,11,-0.5335673093795776
8789,17,0.24501633644104004
8790,19,0.40655648708343506
8791,23,0.8577580451965332
8792,20,0.49706774950027466
8793,12,-0.37513989210128784
8794,12,-0.3936625123023987
8795,30,1.3555551767349243
8796,16,0.1490839123725891
8797,13,-0.313358336687088
8798,12,-0.3646640181541443
8799,16,0.10364693403244019
8800,10,-0.6909366250038147
8801,14,-0.12622886896133423
8802,17,0.23519515991210938
8803,15,-0.056470781564712524
8804,12,-0.4407873749732971
8805,17,0.1784037947654724
8806,23,0.7966153621673584
8807,17,0.20679450035095215
8808,12,-0.3795012831687927
8809,17,0.2506311535835266
8810,13,-0.23053620755672455
8811,23,0.7946971654891968
8812,13,-0.2525056004524231
8813,12,-0.4016096293926239
8814,17,0.21445661783218384
8815,12,-0.44096845388412476
8816,13,-0.23462766408920288
8817,12,-0.453534334897995
8818,18,0.3079691529273987
8819,15,0.025376081466674805
8820,17,0.18439114093780518
8821,11,-0.5373170971870422
8822,16,0.12606632709503174
8823,11,-0.5286449790000916
8824,12,-0.4563789367675781
8825,16,0.05371412634849548
8826,11,-0.6007982492446899
8827,12,-0.4466486871242523
8828,17,0.24233365058898926
8829,17,0.17129504680633545
8830,11,-0.6022528409957886
8831,12,-0.38073745369911194
8832,12,-0.36316734552383423
8833,23,0.8145036697387695
8834,13,-0.2914416790008545
8835,14,-0.21120548248291016
8836,17,0.23177111148834229
8837,13,-0.23802649974822998
8838,11,-0.547143280506134
8839,14,-0.2198464274406433
8840,18,0.2896518111228943
8841,12,-0.45662522315979004
8842,13,-0.3029363751411438
8843,20,0.5596455335617065
8844,18,0.31126266717910767
8845,21,0.6907593011856079
8846,5,-1.3449993133544922
8847,12,-0.4631876051425934
8848,13,-0.2970926761627197
8849,19,0.43453943729400635
8850,12,-0.47254714369773865
8851,4,-1.4342502355575562
8852,11,-0.4850763976573944
8853,26,1.0939959287643433
8854,16,0.040436893701553345
8855,17,0.2614309787750244
8856,19,0.4169986844062805
8857,13,-0.3050479590892792
8858,12,-0.37343543767929077
8859,16,0.10833671689033508
8860,12,-0.3783823847770691
8861,11,-0.5916991233825684
8862,13,-0.30149295926094055
8863,11,-0.5196545720100403
8864,8,-0.9083247184753418
8865,10,-0.6346262693405151
8866,12,-0.3809606730937958
8867,23,0.833728551864624
8868,19,0.4303913116455078
8869,12,-0.36841434240341187
8870,14,-0.18669681251049042
8871,12,-0.460191935300827
8872,18,0.31671345233917236
8873,7,-1.051990270614624
8874,12,-0.4359655976295471
8875,22,0.7106343507766724
8876,17,0.1742369532585144
8877,12,-0.4659024178981781
8878,11,-0.5480319857597351
8879,11,-0.5576238036155701
8880,16,0.049826592206954956
8881,12,-0.44698166847229004
8882,19,0.4685820937156677
8883,13,-0.28763118386268616
8884,12,-0.3599393963813782
8885,16,0.03950423002243042
8886,13,-0.2561553120613098
8887,15,-0.009098440408706665
8888,12,-0.41288408637046814
8889,12,-0.35541674494743347
8890,12,-0.4217113256454468
8891,14,-0.1703045666217804
8892,17,0.23198062181472778
8893,13,-0.2577533721923828
8894,11,-0.6026486158370972
8895,11,-0.5436932444572449
8896,4,-1.435717225074768
8897,26,1.0864169597625732
8898,15,-0.04405143857002258
8899,12,-0.4452119767665863
8900,16,0.05755579471588135
8901,16,0.09201589226722717
8902,16,0.0399337112903595
8903,14,-0.17325930297374725
8904,11,-0.5003728866577148
8905,12,-0.45905667543411255
8906,13,-0.2241988331079483
8907,23,0.8399102687835693
8908,16,0.03431743383407593
8909,19,0.4014316201210022
8910,17,0.2539750933647156
8911,12,-0.44207149744033813
8912,13,-0.31904086470603943
8913,21,0.667422890663147
8914,15,-0.010051757097244263
8915,11,-0.5451312065124512
8916,13,-0.33892902731895447
8917,10,-0.69712233543396
8918,11,-0.5130137205123901
8919,13,-0.312662810087204
8920,29,1.2860360145568848
8921,12,-0.4258320927619934
8922,16,0.10576266050338745
8923,13,-0.3271038234233856
8924,13,-0.3143855333328247
8925,11,-0.4808391332626343
8926,7,-1.030913233757019
8927,11,-0.5352515578269958
8928,13,-0.30769461393356323
8929,13,-0.25950437784194946
8930,20,0.5239170789718628
8931,30,1.3534715175628662
8932,12,-0.432567298412323
8933,18,0.3237859010696411
8934,12,-0.3694506287574768
8935,17,0.2691582441329956
8936,16,0.05263432860374451
8937,14,-0.13603830337524414
8938,13,-0.22988171875476837
8939,20,0.5462308526039124
8940,17,0.2261919379234314
8941,12,-0.432559609413147
8942,13,-0.2606254816055298
8943,14,-0.15669327974319458
8944,19,0.39955371618270874
8945,11,-0.5244489908218384
8946,18,0.29319125413894653
8947,13,-0.33441683650016785
8948,12,-0.4605340361595154
8949,12,-0.44472047686576843
8950,11,-0.5472387671470642
8951,14,-0.1946055144071579
8952,13,-0.3158760666847229
8953,15,0.011552602052688599
8954,15,-0.04873079061508179
8955,12,-0.4186655580997467
8956,12,-0.4272485077381134
8957,15,-0.0353950560092926
8958,15,-0.09577363729476929
8959,14,-0.12369012832641602
8960,10,-0.6584250926971436
8961,12,-0.4451685845851898
8962,12,-0.36178985238075256
8963,12,-0.3520525395870209
8964,14,-0.17970141768455505
8965,16,0.04350697994232178
8966,14,-0.17592012882232666
8967,15,0.019911110401153564
8968,15,0.004384368658065796
8969,13,-0.29511889815330505
8970,17,0.22675752639770508
8971,12,-0.43756839632987976
8972,15,-0.08169665932655334
8973,19,0.47707462310791016
8974,18,0.29835832118988037
8975,17,0.16373461484909058
8976,11,-0.5941407680511475
8977,12,-0.4568735361099243
8978,16,0.046924054622650146
8979,11,-0.5361647605895996
8980,16,0.13849294185638428
8981,16,0.0908193588256836
8982,11,-0.5822848677635193
8983,12,-0.379467248916626
8984,20,0.5517628788948059
8985,13,-0.2539042830467224
8986,12,-0.4534167945384979
8987,11,-0.4792247414588928
8988,13,-0.2869694232940674
8989,11,-0.4926896393299103
8990,12,-0.4065703749656677
8991,13,-0.2671828866004944
8992,8,-0.9209917187690735
8993,14,-0.2076173722743988
8994,13,-0.2534395456314087
8995,16,0.08428800106048584
8996,12,-0.37178483605384827
8997,12,-0.46469250321388245
8998,13,-0.27147525548934937
8999,6,-1.1672413349151611
9000,13,-0.23297563195228577
9001,11,-0.5422899127006531
9002,19,0.4179125428199768
9003,23,0.8178384304046631
9004,12,-0.36503079533576965
9005,15,-0.08867838978767395
9006,17,0.19812870025634766
9007,12,-0.4094820022583008
9008,13,-0.3286575376987457
9009,15,-0.06825265288352966
9010,11,-0.476945698261261
9011,7,-1.132723093032837
9012,27,1.1532669067382812
9013,11,-0.5830851793289185
9014,12,-0.43686071038246155
9015,12,-0.43370530009269714
9016,4,-1.3920949697494507
9017,13,-0.25334399938583374
9018,17,0.2591571807861328
9019,12,-0.43609341979026794
9020,8,-0.9205582737922668
9021,12,-0.35847583413124084
9022,18,0.2975451946258545
9023,16,0.09127625823020935
9024,13,-0.24914847314357758
9025,15,0.02619817852973938
9026,21,0.6033061742782593
9027,20,0.5041697025299072
9028,16,0.0989111065864563
9029,11,-0.5615720152854919
9030,12,-0.4240383803844452
9031,12,-0.45229583978652954
9032,12,-0.46495524048805237
9033,16,0.03874215483665466
9034,12,-0.3610488176345825
9035,13,-0.29554906487464905
9036,16,0.11688584089279175
9037,15,0.004687070846557617
9038,17,0.21331214904785156
9039,12,-0.4203265309333801
9040,12,-0.42718711495399475
9041,19,0.3894588351249695
9042,13,-0.23944194614887238
9043,15,-0.048958152532577515
9044,15,-0.025032639503479004
9045,14,-0.15430572628974915
9046,12,-0.381462037563324
9047,2,-1.5672285556793213
9048,14,-0.14943966269493103
9049,24,0.9410724639892578
9050,29,1.2912864685058594
9051,10,-0.6400139331817627
9052,14,-0.11046847701072693
9053,16,0.05019065737724304
9054,12,-0.43991538882255554
9055,16,0.09369656443595886
9056,15,-0.0030297935009002686
9057,12,-0.42529457807540894
9058,14,-0.15378010272979736
9059,11,-0.5491935610771179
9060,24,0.9073691368103027
9061,13,-0.33132579922676086
9062,13,-0.24586068093776703
9063,13,-0.28588175773620605
9064,12,-0.42304834723472595
9065,14,-0.12199276685714722
9066,13,-0.33289405703544617
9067,19,0.4134414792060852
9068,12,-0.420688271522522
9069,16,0.09106290340423584
9070,4,-1.4385128021240234
9071,17,0.17160767316818237
9072,11,-0.48156213760375977
9073,12,-0.40967366099357605
9074,10,-0.6359670162200928
9075,25,1.0464781522750854
9076,20,0.5501464605331421
9077,12,-0.3799659311771393
9078,11,-0.4939001500606537
9079,12,-0.39866572618484497
9080,5,-1.292964220046997
9081,11,-0.531457781791687
9082,12,-0.3674394190311432
9083,19,0.42951464653015137
9084,16,0.13340359926223755
9085,22,0.7665963172912598
9086,11,-0.5548405647277832
9087,19,0.48510104417800903
9088,12,-0.40492409467697144
9089,20,0.4917113184928894
9090,11,-0.5287511348724365
9091,10,-0.6630433797836304
9092,12,-0.42083877325057983
9093,15,-0.0960613489151001
9094,12,-0.4026923179626465
9095,12,-0.357212632894516
9096,12,-0.45541059970855713
9097,24,0.9002728462219238
9098,11,-0.5474598407745361
9099,10,-0.6268017888069153
9100,18,0.3161253333091736
9101,18,0.27516621351242065
9102,13,-0.32605791091918945
9103,12,-0.4396318197250366
9104,12,-0.3809441924095154
9105,13,-0.3079683184623718
9106,18,0.28014081716537476
9107,12,-0.42838218808174133
9108,30,1.38943612575531
9109,17,0.16097283363342285
9110,12,-0.4391091763973236
9111,11,-0.5048297643661499
9112,20,0.521119236946106
9113,14,-0.1822163313627243
9114,15,0.02141144871711731
9115,11,-0.4935923218727112
9116,21,0.6790963411331177
9117,12,-0.3638385236263275
9118,11,-0.5094468593597412
9119,13,-0.24367232620716095
9120,12,-0.36173251271247864
9121,13,-0.26055288314819336
9122,13,-0.29308590292930603
9123,18,0.27042078971862793
9124,12,-0.471518337726593
9125,18,0.3833068013191223
9126,9,-0.7749667763710022
9127,12,-0.4274565577507019
9128,11,-0.6043773293495178
9129,13,-0.26342126727104187
9130,30,1.4230351448059082
9131,14,-0.14675825834274292
9132,26,1.0775700807571411
9133,13,-0.2886955142021179
9134,17,0.22894370555877686
9135,12,-0.41644465923309326
9136,12,-0.35014474391937256
9137,17,0.19224637746810913
9138,15,-0.07881790399551392
9139,20,0.5112227201461792
9140,17,0.19246357679367065
9141,16,0.12790310382843018
9142,22,0.7083907127380371
9143,10,-0.6548238396644592
9144,12,-0.4262102246284485
9145,13,-0.31449419260025024
9146,15,-0.01273190975189209
9147,7,-1.1130828857421875
9148,13,-0.339941143989563
9149,18,0.3730349540710449
9150,12,-0.36531537771224976
9151,14,-0.11968761682510376
9152,12,-0.47262120246887207
9153,13,-0.31122368574142456
9154,12,-0.436340868473053
9155,15,-0.0728764533996582
9156,13,-0.2940022647380829
9157,12,-0.46621453762054443
9158,14,-0.16561168432235718
9159,11,-0.49454644322395325
9160,14,-0.22048158943653107
9161,13,-0.2582544684410095
9162,14,-0.13083744049072266
9163,12,-0.3894980847835541
9164,12,-0.422249436378479
9165,13,-0.3378853499889374
9166,13,-0.24322745203971863
9167,30,1.3683199882507324
9168,12,-0.3952200710773468
9169,18,0.27576518058776855
9170,14,-0.15768375992774963
9171,10,-0.7355780601501465
9172,18,0.33950597047805786
9173,9,-0.7696040868759155
9174,16,0.1283118724822998
9175,30,1.3645983934402466
9176,4,-1.3789775371551514
9177,13,-0.33578816056251526
9178,17,0.20927196741104126
9179,12,-0.38019001483917236
9180,12,-0.4243285059928894
9181,2,-1.555340051651001
9182,13,-0.32484227418899536
9183,15,-0.051381051540374756
9184,11,-0.5762276649475098
9185,21,0.6627638339996338
9186,12,-0.42973989248275757
9187,13,-0.28997260332107544
9188,12,-0.42652714252471924
9189,16,0.08262166380882263
9190,14,-0.10389602184295654
9191,25,1.0454021692276
9192,12,-0.4059872031211853
9193,16,0.04316908121109009
9194,13,-0.331132173538208
9195,10,-0.6701534986495972
9196,12,-0.3739616274833679
9197,19,0.41989946365356445
9198,12,-0.4192202091217041
9199,16,0.09563449025154114
9200,13,-0.2550157606601715
9201,14,-0.20011378824710846
9202,23,0.7973893880844116
9203,13,-0.2894076704978943
9204,19,0.41493117809295654
9205,15,-0.08291757106781006
9206,14,-0.19181132316589355
9207,11,-0.5960558652877808
9208,19,0.39022642374038696
9209,12,-0.45837634801864624
9210,14,-0.11393633484840393
9211,11,-0.5669208765029907
9212,28,1.209726333618164
9213,11,-0.5809604525566101
9214,13,-0.32584434747695923
9215,14,-0.21748216450214386
9216,15,-0.007066160440444946
9217,12,-0.41797611117362976
9218,13,-0.2719298005104065
9219,16,0.10797962546348572
9220,12,-0.4022652506828308
9221,13,-0.3133072853088379
9222,13,-0.2721588909626007
9223,12,-0.3611598312854767
9224,12,-0.3661181926727295
9225,16,0.10322299599647522
9226,14,-0.1611267626285553
9227,13,-0.3186642527580261
9228,13,-0.30012214183807373
9229,13,-0.31421586871147156
9230,12,-0.4592592716217041
9231,11,-0.47860217094421387
9232,13,-0.31397849321365356
9233,15,-0.059639424085617065
9234,25,1.0377874374389648
9235,21,0.6724194288253784
9236,15,0.0006383061408996582
9237,11,-0.5041560530662537
9238,14,-0.20514023303985596
9239,20,0.5211734175682068
9240,20,0.5036748051643372
9241,9,-0.7685979604721069
9242,13,-0.3238126039505005
9243,7,-1.0981247425079346
9244,12,-0.44436395168304443
9245,13,-0.3175203800201416
9246,16,0.062048375606536865
9247,14,-0.1201048195362091
9248,11,-0.489091157913208
9249,18,0.34204399585723877
9250,26,1.126562476158142
9251,13,-0.33213579654693604
9252,15,-0.0519641637802124
9253,18,0.29997432231903076
9254,18,0.3125225901603699
9255,11,-0.4931582808494568
9256,12,-0.3884490728378296
9257,15,-0.0035099387168884277
9258,16,0.03248944878578186
9259,13,-0.27096182107925415
9260,17,0.1771697998046875
9261,12,-0.3769681751728058
9262,13,-0.2872222363948822
9263,20,0.5600508451461792
9264,15,-0.05038553476333618
9265,18,0.34972089529037476
9266,11,-0.49735090136528015
9267,24,0.954887866973877
9268,14,-0.17002297937870026
9269,11,-0.5313961505889893
9270,12,-0.42138808965682983
9271,12,-0.4313986301422119
9272,11,-0.5164195895195007
9273,15,0.006893455982208252
9274,17,0.17104727029800415
9275,15,-0.024441897869110107
9276,9,-0.7644068002700806
9277,21,0.6072391867637634
9278,12,-0.40668046474456787
9279,20,0.5699559450149536
9280,11,-0.4874074161052704
9281,13,-0.23179122805595398
9282,12,-0.4653066396713257
9283,19,0.468691349029541
9284,13,-0.3296966552734375
9285,13,-0.27104634046554565
9286,12,-0.37455448508262634
9287,15,-0.006261467933654785
9288,8,-0.9157260060310364
9289,13,-0.26787620782852173
9290,11,-0.5207878351211548
9291,12,-0.42148929834365845
9292,11,-0.576056957244873
9293,12,-0.43664833903312683
9294,18,0.31931865215301514
9295,14,-0.21312595903873444
9296,9,-0.7894563674926758
9297,13,-0.30585554242134094
9298,14,-0.20927558839321136
9299,16,0.04283371567726135
9300,16,0.08522698283195496
9301,10,-0.6246964931488037
9302,15,-0.06904608011245728
9303,15,0.004121154546737671
9304,12,-0.3883565366268158
9305,13,-0.2569179832935333
9306,14,-0.11903998255729675
9307,14,-0.1462937444448471
9308,16,0.05076131224632263
9309,13,-0.30516430735588074
9310,15,-0.07014244794845581
9311,12,-0.3687468469142914
9312,12,-0.4036819636821747
9313,16,0.14961683750152588
9314,20,0.5684298276901245
9315,12,-0.4202311635017395
9316,20,0.5049470067024231
9317,15,-0.09563413262367249
9318,13,-0.34520193934440613
9319,13,-0.2310994416475296
9320,16,0.05702316761016846
9321,12,-0.3603963255882263
9322,19,0.4421025514602661
9323,13,-0.24168884754180908
9324,22,0.7060344219207764
9325,19,0.39946818351745605
9326,12,-0.4474515914916992
9327,15,-0.07651451230049133
9328,13,-0.308910995721817
9329,12,-0.37217316031455994
9330,14,-0.10957986116409302
9331,14,-0.1025218665599823
9332,12,-0.3813176155090332
9333,12,-0.381838321685791
9334,11,-0.5514764785766602
9335,13,-0.34482342004776
9336,12,-0.40879279375076294
9337,12,-0.3595311641693115
9338,12,-0.42783939838409424
9339,17,0.2530061602592468
9340,19,0.4469226598739624
9341,12,-0.42339083552360535
9342,19,0.4689179062843323
9343,20,0.5122010111808777
9344,23,0.8502066135406494
9345,13,-0.3063840866088867
9346,15,0.020684510469436646
9347,13,-0.26681506633758545
9348,13,-0.2683461308479309
9349,13,-0.3136506676673889
9350,14,-0.18651138246059418
9351,11,-0.5461801886558533
9352,13,-0.2806517481803894
9353,12,-0.3896467983722687
9354,11,-0.5853466987609863
9355,17,0.2658589482307434
9356,10,-0.7253197431564331
9357,12,-0.3847808539867401
9358,15,-0.08550870418548584
9359,16,0.14047151803970337
9360,16,0.03437456488609314
9361,12,-0.3915780186653137
9362,13,-0.23375719785690308
9363,12,-0.384419709444046
9364,12,-0.3856128752231598
9365,23,0.8194302320480347
9366,20,0.5542042255401611
9367,27,1.178719401359558
9368,20,0.5097779035568237
9369,16,0.1482086181640625
9370,12,-0.40271490812301636
9371,12,-0.3985480070114136
9372,12,-0.4546700119972229
9373,12,-0.3618815541267395
9374,14,-0.10810071229934692
9375,14,-0.13513576984405518
9376,5,-1.2740974426269531
9377,12,-0.3785882294178009
9378,15,-0.07232972979545593
9379,13,-0.2914837598800659
9380,11,-0.48662781715393066
9381,14,-0.20671308040618896
9382,11,-0.5505774021148682
9383,11,-0.5380879640579224
9384,12,-0.3625497817993164
9385,12,-0.3622155487537384
9386,13,-0.32233747839927673
9387,12,-0.3564438223838806
9388,15,-0.00515979528427124
9389,15,-0.03573542833328247
9390,13,-0.26960664987564087
9391,9,-0.8575830459594727
9392,19,0.4836620092391968
9393,13,-0.2674388587474823
9394,13,-0.26836249232292175
9395,10,-0.749849796295166
9396,13,-0.2835448682308197
9397,16,0.0976082980632782
9398,14,-0.20483620464801788
9399,13,-0.2750246226787567
9400,13,-0.24858173727989197
9401,18,0.2936668395996094
9402,13,-0.32241931557655334
9403,13,-0.32032713294029236
9404,14,-0.1102556586265564
9405,13,-0.23538878560066223
9406,12,-0.45075613260269165
9407,13,-0.30510538816452026
9408,13,-0.26364776492118835
9409,13,-0.30569151043891907
9410,16,0.040879786014556885
9411,13,-0.22511476278305054
9412,13,-0.33224716782569885
9413,14,-0.11813822388648987
9414,12,-0.45412352681159973
9415,14,-0.1865926831960678
9416,19,0.48329782485961914
9417,12,-0.4362570345401764
9418,13,-0.24755387008190155
9419,19,0.44769829511642456
9420,14,-0.13014310598373413
9421,13,-0.33918339014053345
9422,30,1.343408465385437
9423,11,-0.5258817672729492
9424,12,-0.35678595304489136
9425,14,-0.18189865350723267
9426,17,0.21549183130264282
9427,12,-0.4170581102371216
9428,18,0.2717708945274353
9429,13,-0.28667816519737244
9430,8,-0.9205774068832397
9431,14,-0.19780269265174866
9432,19,0.4470853805541992
9433,4,-1.4477882385253906
9434,16,0.1292511224746704
9435,17,0.16222500801086426
9436,22,0.7635635137557983
9437,13,-0.34022924304008484
9438,18,0.3382103443145752
9439,12,-0.37674906849861145
9440,15,-0.0080394446849823
9441,11,-0.5782579183578491
9442,15,0.027487099170684814
9443,15,-0.021175354719161987
9444,12,-0.3689485490322113
9445,30,1.4103060960769653
9446,13,-0.3303559720516205
9447,30,1.3863822221755981
9448,11,-0.5339004993438721
9449,13,-0.2960726022720337
9450,14,-0.1127556562423706
9451,15,-0.061787575483322144
9452,15,-0.008639365434646606
9453,18,0.3292810916900635
9454,13,-0.26306915283203125
9455,17,0.25998932123184204
9456,20,0.4996762275695801
9457,13,-0.3400062918663025
9458,21,0.6548051834106445
9459,22,0.6980361938476562
9460,15,-0.06281641125679016
9461,13,-0.23151730000972748
9462,13,-0.2576277256011963
9463,12,-0.3804423213005066
9464,13,-0.29840394854545593
9465,13,-0.25554850697517395
9466,13,-0.3331398069858551
9467,16,0.030335724353790283
9468,5,-1.3061773777008057
9469,15,-0.014014989137649536
9470,12,-0.40935951471328735
9471,21,0.6466751098632812
9472,13,-0.30712950229644775
9473,13,-0.24373336136341095
9474,13,-0.33255693316459656
9475,15,-0.025725990533828735
9476,12,-0.347961962223053
9477,12,-0.3652268350124359
9478,15,-0.032722651958465576
9479,12,-0.3552345037460327
9480,12,-0.35564982891082764
9481,12,-0.4722217917442322
9482,15,-0.07820829749107361
9483,24,0.9618082046508789
9484,18,0.31705158948898315
9485,16,0.04120555520057678
9486,12,-0.39462029933929443
9487,14,-0.21233050525188446
9488,19,0.47039419412612915
9489,14,-0.155787393450737
9490,13,-0.33452776074409485
9491,14,-0.2227294147014618
9492,14,-0.1420498639345169
9493,14,-0.147259920835495
9494,14,-0.2212735414505005
9495,14,-0.1388426572084427
9496,16,0.13105016946792603
9497,12,-0.37283456325531006
9498,19,0.42551910877227783
9499,13,-0.2985031306743622
9500,12,-0.4304865598678589
9501,14,-0.21616537868976593
9502,19,0.4873722195625305
9503,14,-0.15580202639102936
9504,14,-0.18412190675735474
9505,12,-0.4337691068649292
9506,14,-0.10637795925140381
9507,16,0.06487712264060974
9508,15,0.0059716105461120605
9509,18,0.3665348291397095
9510,15,-0.03709849715232849
9511,13,-0.3206779360771179
9512,13,-0.2880944311618805
9513,14,-0.17061856389045715
9514,13,-0.32399213314056396
9515,18,0.3395862579345703
9516,19,0.3975439667701721
9517,21,0.6326420307159424
9518,7,-1.116376280784607
9519,13,-0.31638070940971375
9520,23,0.7942652702331543
9521,13,-0.3314805030822754
9522,13,-0.3285316824913025
9523,24,0.891121506690979
9524,13,-0.33014827966690063
9525,16,0.08504611253738403
9526,17,0.19824481010437012
9527,13,-0.30463480949401855
9528,12,-0.43167099356651306
9529,14,-0.20109596848487854
9530,17,0.2601615786552429
9531,16,0.04426857829093933
9532,13,-0.3108671009540558
9533,16,0.13359683752059937
9534,12,-0.3621489405632019
9535,13,-0.2367217093706131
9536,15,0.002275228500366211
9537,13,-0.2948039174079895
9538,14,-0.13887177407741547
9539,19,0.42774564027786255
9540,15,-0.003068476915359497
9541,13,-0.3226374685764313
9542,15,-0.04278811812400818
9543,15,-0.06503838300704956
9544,8,-0.975879430770874
9545,13,-0.27130448818206787
9546,12,-0.4018850028514862
9547,19,0.4009675979614258
9548,19,0.39360159635543823
9549,13,-0.2619200646877289
9550,12,-0.3595619797706604
9551,9,-0.8642653226852417
9552,11,-0.49574175477027893
9553,22,0.7176344394683838
9554,13,-0.2627747058868408
9555,18,0.27898550033569336
9556,14,-0.1081380546092987
9557,17,0.23892658948898315
9558,21,0.5909748077392578
9559,13,-0.3158031702041626
9560,21,0.6131960153579712
9561,13,-0.3248737156391144
9562,12,-0.3624698221683502
9563,15,-0.07392004132270813
9564,13,-0.2573632001876831
9565,12,-0.41653794050216675
9566,18,0.3134281039237976
9567,15,-0.09669044613838196
9568,11,-0.6014988422393799
9569,21,0.6366602182388306
9570,17,0.15365862846374512
9571,13,-0.34152325987815857
9572,15,-0.09023922681808472
9573,9,-0.8549182415008545
9574,13,-0.30436742305755615
9575,15,0.016582340002059937
9576,11,-0.566746175289154
9577,25,1.0034267902374268
9578,12,-0.352639764547348
9579,13,-0.34570926427841187
9580,16,0.05941370129585266
9581,14,-0.20393672585487366
9582,16,0.07497000694274902
9583,12,-0.4159686267375946
9584,30,1.4128367900848389
9585,16,0.04855138063430786
9586,16,0.05807343125343323
9587,15,0.027861714363098145
9588,13,-0.25028088688850403
9589,15,-0.024251163005828857
9590,20,0.5377517938613892
9591,12,-0.3629983365535736
9592,15,-0.08237862586975098
9593,21,0.6035266518592834
9594,15,-0.04426169395446777
9595,13,-0.24242068827152252
9596,13,-0.2699316143989563
9597,10,-0.6079968810081482
9598,12,-0.3533019721508026
9599,13,-0.2940274178981781
9600,9,-0.8601930141448975
9601,14,-0.20118558406829834
9602,12,-0.4633820950984955
9603,12,-0.4014224112033844
9604,17,0.2065221667289734
9605,14,-0.1938692331314087
9606,20,0.50510174036026
9607,14,-0.10675323009490967
9608,16,0.1385822296142578
9609,18,0.3664519190788269
9610,18,0.3200297951698303
9611,13,-0.34325140714645386
9612,13,-0.32384252548217773
9613,19,0.4863908886909485
9614,12,-0.463895320892334
9615,13,-0.2660365700721741
9616,7,-1.1125903129577637
9617,12,-0.35334259271621704
9618,13,-0.24767343699932098
9619,10,-0.6567387580871582
9620,14,-0.1038958728313446
9621,20,0.5190053582191467
9622,13,-0.3157317638397217
9623,11,-0.574373722076416
9624,13,-0.3316774070262909
9625,18,0.2741302251815796
9626,14,-0.19622990489006042
9627,11,-0.5041348338127136
9628,14,-0.1758115440607071
9629,12,-0.39299532771110535
9630,15,-0.08842748403549194
9631,13,-0.31775254011154175
9632,17,0.17122024297714233
9633,13,-0.2300793081521988
9634,13,-0.29813432693481445
9635,13,-0.26289236545562744
9636,13,-0.2672090530395508
9637,23,0.7973604202270508
9638,12,-0.3739354610443115
9639,16,0.14376169443130493
9640,13,-0.3077463209629059
9641,13,-0.23643317818641663
9642,11,-0.6017642021179199
9643,9,-0.7748559713363647
9644,15,-0.06297844648361206
9645,14,-0.20079578459262848
9646,15,0.012508481740951538
9647,18,0.2877051830291748
9648,22,0.7763592004776001
9649,18,0.35987287759780884
9650,19,0.4190770387649536
9651,9,-0.8329203128814697
9652,15,-0.06448879837989807
9653,12,-0.3539794087409973
9654,13,-0.26259845495224
9655,12,-0.3612023591995239
9656,19,0.45093363523483276
9657,23,0.8416435718536377
9658,12,-0.4103350341320038
9659,15,-0.07568943500518799
9660,13,-0.315580815076828
9661,13,-0.28365716338157654
9662,17,0.20567482709884644
9663,11,-0.4945968687534332
9664,13,-0.2293100506067276
9665,19,0.47330522537231445
9666,17,0.15720510482788086
9667,16,0.08337163925170898
9668,13,-0.22966547310352325
9669,16,0.10590562224388123
9670,22,0.7707847356796265
9671,14,-0.2209712117910385
9672,12,-0.3849068582057953
9673,12,-0.35328611731529236
9674,12,-0.3874569237232208
9675,12,-0.3982289731502533
9676,14,-0.19023247063159943
9677,14,-0.11788398027420044
9678,13,-0.33159661293029785
9679,15,-0.05701610445976257
9680,13,-0.3195953369140625
9681,12,-0.3739776611328125
9682,14,-0.17083731293678284
9683,17,0.22382986545562744
9684,16,0.08783608675003052
9685,13,-0.3427863121032715
9686,11,-0.4849647879600525
9687,13,-0.23197181522846222
9688,12,-0.347065269947052
9689,12,-0.37566035985946655
9690,12,-0.4338589906692505
9691,13,-0.22631950676441193
9692,16,0.12022536993026733
9693,17,0.20880669355392456
9694,21,0.6066562533378601
9695,13,-0.30392056703567505
9696,14,-0.19056344032287598
9697,16,0.07840859889984131
9698,7,-1.0864043235778809
9699,8,-1.0140817165374756
9700,9,-0.7947468757629395
9701,12,-0.3967062532901764
9702,24,0.9182437658309937
9703,16,0.10110834240913391
9704,18,0.3838847279548645
9705,15,-0.09734153747558594
9706,15,-0.021710723638534546
9707,13,-0.23065152764320374
9708,21,0.6815869808197021
9709,16,0.10293042659759521
9710,19,0.48889392614364624
9711,13,-0.26702308654785156
9712,13,-0.3114672899246216
9713,13,-0.31134775280952454
9714,14,-0.16395597159862518
9715,23,0.8447847366333008
9716,15,-0.059604912996292114
9717,11,-0.587983250617981
9718,14,-0.18539944291114807
9719,14,-0.192162424325943
9720,12,-0.36558201909065247
9721,20,0.5134274363517761
9722,14,-0.18299733102321625
9723,19,0.4532952308654785
9724,17,0.15903359651565552
9725,12,-0.39685505628585815
9726,18,0.27962446212768555
9727,19,0.43419981002807617
9728,13,-0.22805409133434296
9729,17,0.18171942234039307
9730,10,-0.6238225698471069
9731,25,1.0447438955307007
9732,13,-0.33658555150032043
9733,12,-0.3562982678413391
9734,16,0.13757681846618652
9735,19,0.4404345750808716
9736,16,0.0685899555683136
9737,13,-0.2543817162513733
9738,14,-0.1275143325328827
9739,17,0.17955350875854492
9740,12,-0.3874273896217346
9741,16,0.13042426109313965
9742,14,-0.1684253215789795
9743,16,0.12914568185806274
9744,14,-0.18516051769256592
9745,20,0.5803442001342773
9746,4,-1.3988316059112549
9747,15,-0.004269659519195557
9748,8,-0.9842046499252319
9749,13,-0.2874319553375244
9750,14,-0.13247105479240417
9751,12,-0.4728270173072815
9752,13,-0.33720558881759644
9753,16,0.08912539482116699
9754,13,-0.2327621430158615
9755,25,1.0322686433792114
9756,13,-0.22345583140850067
9757,20,0.4940335154533386
9758,12,-0.4203382730484009
9759,13,-0.30032455921173096
9760,13,-0.3279868960380554
9761,24,0.9422258138656616
9762,14,-0.10510924458503723
9763,16,0.1256653070449829
9764,11,-0.572608232498169
9765,24,0.9692543745040894
9766,27,1.169137716293335
9767,13,-0.30432334542274475
9768,13,-0.2308017611503601
9769,8,-0.9400801062583923
9770,13,-0.2936009466648102
9771,20,0.585474967956543
9772,15,-0.03796151280403137
9773,13,-0.2712831497192383
9774,17,0.22939181327819824
9775,15,0.0018424689769744873
9776,6,-1.1943333148956299
9777,19,0.46084141731262207
9778,13,-0.2331971824169159
9779,12,-0.4646380543708801
9780,16,0.14336317777633667
9781,26,1.082061767578125
9782,13,-0.28892308473587036
9783,13,-0.30527418851852417
9784,13,-0.3223084807395935
9785,9,-0.7832797765731812
9786,12,-0.37497371435165405
9787,10,-0.7318676710128784
9788,16,0.14551091194152832
9789,13,-0.2316693663597107
9790,13,-0.29482322931289673
9791,14,-0.12049251794815063
9792,16,0.14297819137573242
9793,11,-0.5695425271987915
9794,14,-0.19251061975955963
9795,15,-0.08318179845809937
9796,15,-0.00757792592048645
9797,13,-0.3379812240600586
9798,19,0.43612033128738403
9799,27,1.176399827003479
9800,22,0.6959445476531982
9801,13,-0.33998486399650574
9802,22,0.7736328840255737
9803,15,-0.035605818033218384
9804,19,0.4814286231994629
9805,16,0.12266731262207031
9806,12,-0.37142273783683777
9807,16,0.029641836881637573
9808,15,-0.09584620594978333
9809,14,-0.16384832561016083
9810,13,-0.3006886839866638
9811,16,0.053157925605773926
9812,24,0.9564923048019409
9813,13,-0.23152850568294525
9814,17,0.17219841480255127
9815,13,-0.2812274396419525
9816,14,-0.12205299735069275
9817,30,1.3757413625717163
9818,24,0.9249312877655029
9819,12,-0.36703014373779297
9820,11,-0.48528212308883667
9821,13,-0.2558616101741791
9822,13,-0.3351496458053589
9823,23,0.8186994791030884
9824,19,0.4876134991645813
9825,15,-0.03344908356666565
9826,11,-0.4841141700744629
9827,2,-1.5834717750549316
9828,23,0.821927547454834
9829,12,-0.35950541496276855
9830,17,0.18594706058502197
9831,13,-0.3247736096382141
9832,10,-0.6125922203063965
9833,19,0.4560636281967163
9834,14,-0.14180178940296173
9835,12,-0.4192817211151123
9836,25,1.0012173652648926
9837,14,-0.10082614421844482
9838,21,0.6455872058868408
9839,12,-0.4508703649044037
9840,13,-0.23260657489299774
9841,20,0.5255450010299683
9842,17,0.23715728521347046
9843,13,-0.2590811252593994
9844,13,-0.33712637424468994
9845,14,-0.19615492224693298
9846,13,-0.25657373666763306
9847,15,-0.013000428676605225
9848,13,-0.2982523441314697
9849,12,-0.4739285111427307
9850,13,-0.34308427572250366
9851,14,-0.12768274545669556
9852,5,-1.338154911994934
9853,30,1.4143091440200806
9854,13,-0.345645010471344
9855,14,-0.15507036447525024
9856,18,0.3549700379371643
9857,13,-0.2783653140068054
9858,12,-0.35386717319488525
9859,26,1.1200975179672241
9860,14,-0.10637244582176208
9861,24,0.9102311134338379
9862,14,-0.18889345228672028
9863,13,-0.30686527490615845
9864,15,-0.01960650086402893
9865,13,-0.2840571403503418
9866,17,0.2572133541107178
9867,14,-0.09897691011428833
9868,18,0.34012991189956665
9869,15,0.01565977931022644
9870,13,-0.3064166009426117
9871,12,-0.39147645235061646
9872,15,0.028132379055023193
9873,14,-0.2048652619123459
9874,25,1.0239633321762085
9875,17,0.15556025505065918
9876,13,-0.24493053555488586
9877,30,1.407644510269165
9878,13,-0.30244019627571106
9879,15,-0.03020232915878296
9880,21,0.6860841512680054
9881,22,0.7774875164031982
9882,12,-0.39568030834198
9883,20,0.5249534845352173
9884,12,-0.44890934228897095
9885,13,-0.26398730278015137
9886,16,0.032091349363327026
9887,12,-0.41034379601478577
9888,2,-1.5537992715835571
9889,13,-0.2766246199607849
9890,13,-0.3190789818763733
9891,13,-0.23701459169387817
9892,30,1.361611247062683
9893,14,-0.12885761260986328
9894,14,-0.1927015334367752
9895,14,-0.19578896462917328
9896,22,0.7329788208007812
9897,13,-0.2507621645927429
9898,11,-0.5184302926063538
9899,10,-0.6852868795394897
9900,17,0.21882593631744385
9901,17,0.2668333649635315
9902,14,-0.2213437855243683
9903,15,-0.0914837121963501
9904,14,-0.18919943273067474
9905,13,-0.2525866627693176
9906,20,0.535455584526062
9907,14,-0.1364293396472931
9908,18,0.3012990355491638
9909,14,-0.1413157880306244
9910,14,-0.19870951771736145
9911,13,-0.26708918809890747
9912,21,0.6834273338317871
9913,20,0.5071141719818115
9914,14,-0.19150783121585846
9915,19,0.49004650115966797
9916,16,0.057735174894332886
9917,14,-0.1389155089855194
9918,7,-1.0462899208068848
9919,13,-0.32598817348480225
9920,13,-0.2579457759857178
9921,22,0.6934239864349365
9922,13,-0.2861920893192291
9923,14,-0.16153249144554138
9924,12,-0.35989129543304443
9925,17,0.19379043579101562
9926,17,0.17029201984405518
9927,24,0.9480307102203369
9928,14,-0.18127237260341644
9929,14,-0.14788541197776794
9930,13,-0.31237924098968506
9931,13,-0.3133549094200134
9932,24,0.9412456750869751
9933,30,1.3784639835357666
9934,28,1.2637991905212402
9935,13,-0.28450125455856323
9936,4,-1.3894085884094238
9937,15,-0.022700786590576172
9938,15,-0.09393143653869629
9939,25,1.0303609371185303
9940,14,-0.10925948619842529
9941,14,-0.12396195530891418
9942,14,-0.21676942706108093
9943,13,-0.2614319324493408
9944,21,0.6285645961761475
9945,16,0.12556010484695435
9946,14,-0.17905713617801666
9947,13,-0.22688888013362885
9948,13,-0.26818373799324036
9949,27,1.1360127925872803
9950,13,-0.33426445722579956
9951,13,-0.22284889221191406
9952,17,0.26344728469848633
9953,13,-0.28947702050209045
9954,7,-1.0700111389160156
9955,14,-0.1648849993944168
9956,15,-0.04762023687362671
9957,15,-0.06765896081924438
9958,13,-0.2359064370393753
9959,13,-0.29950401186943054
9960,14,-0.11208981275558472
9961,14,-0.21352200210094452
9962,24,0.9212409257888794
9963,17,0.20187008380889893
9964,14,-0.2143062949180603
9965,14,-0.16826392710208893
9966,10,-0.6936166286468506
9967,25,1.017413854598999
9968,19,0.432328999042511
9969,18,0.3357204794883728
9970,20,0.49718689918518066
9971,15,0.004589766263961792
9972,13,-0.3190126121044159
9973,16,0.13333022594451904
9974,15,-0.055586546659469604
9975,16,0.10358753800392151
9976,14,-0.21283169090747833
9977,13,-0.3420390784740448
9978,15,-0.033743202686309814
9979,19,0.40388035774230957
9980,15,-0.003842294216156006
9981,12,-0.36155277490615845
9982,15,-0.007190197706222534
9983,18,0.32905691862106323
9984,13,-0.3224242329597473
9985,12,-0.4255146384239197
9986,17,0.18417620658874512
9987,14,-0.16886284947395325
9988,12,-0.4386170506477356
9989,11,-0.534913182258606
9990,19,0.4751546382904053
9991,13,-0.2796984314918518
9992,21,0.646296501159668
9993,13,-0.22525379061698914
9994,15,0.004985153675079346
9995,14,-0.17562870681285858
9996,14,-0.11066403985023499
9997,18,0.38290053606033325
9998,17,0.2428787350654602
9999,15,-0.09653827548027039
10000,13,-0.29577720165252686
10001,30,1.351822853088379
10002,15,-0.038645148277282715
10003,24,0.9716367721557617
10004,16,0.06607899069786072
10005,13,-0.22322200238704681
10006,15,-0.07088389992713928
10007,16,0.08092868328094482
10008,13,-0.2898910343647003
10009,13,-0.22549906373023987
10010,20,0.4956437945365906
10011,12,-0.3506622314453125
10012,13,-0.29430821537971497
10013,21,0.6362318992614746
10014,15,-0.042079925537109375
10015,14,-0.1465885490179062
10016,18,0.29950058460235596
10017,14,-0.2173997163772583
10018,18,0.36680811643600464
10019,15,-0.09358605742454529
10020,8,-0.8916632533073425
10021,13,-0.30990880727767944
10022,13,-0.284364253282547
10023,19,0.40359365940093994
10024,14,-0.10056066513061523
10025,14,-0.17221666872501373
10026,23,0.884148120880127
10027,27,1.187081217765808
10028,14,-0.12473034858703613
10029,12,-0.4011860489845276
10030,14,-0.10985761880874634
10031,17,0.16784429550170898
10032,17,0.21728003025054932
10033,21,0.6293584108352661
10034,17,0.18047231435775757
10035,20,0.5441092848777771
10036,16,0.04772293567657471
10037,13,-0.23774278163909912
10038,23,0.882379412651062
10039,9,-0.8514243364334106
10040,22,0.7171663045883179
10041,16,0.03321641683578491
10042,16,0.03626766800880432
10043,20,0.5440191626548767
10044,18,0.3570992946624756
10045,14,-0.1363031566143036
10046,14,-0.18706627190113068
10047,14,-0.16433706879615784
10048,20,0.5684158802032471
10049,15,-0.05837517976760864
10050,13,-0.2817998230457306
10051,15,-0.06331965327262878
10052,16,0.05634453892707825
10053,13,-0.23966003954410553
10054,15,0.020814627408981323
10055,13,-0.29478025436401367
10056,17,0.2274775505065918
10057,23,0.8054846525192261
10058,20,0.5394662022590637
10059,20,0.577942430973053
10060,14,-0.18398113548755646
10061,21,0.680455207824707
10062,14,-0.1281055212020874
10063,3,-1.4990878105163574
10064,14,-0.14548878371715546
10065,13,-0.2572997212409973
10066,17,0.15426665544509888
10067,20,0.5006612539291382
10068,21,0.5998762249946594
10069,18,0.2787551283836365
10070,13,-0.23696115612983704
10071,15,-0.08528473973274231
10072,16,0.07718399167060852
10073,20,0.5490822196006775
10074,16,0.03902199864387512
10075,15,-0.08898422122001648
10076,21,0.6345096826553345
10077,13,-0.3319235146045685
10078,13,-0.3178173899650574
10079,13,-0.23664961755275726
10080,26,1.1018058061599731
10081,13,-0.3040815591812134
10082,15,-0.06576776504516602
10083,17,0.25140684843063354
10084,14,-0.1455097198486328
10085,14,-0.17063772678375244
10086,14,-0.2159687727689743
10087,14,-0.19789442420005798
10088,10,-0.6159971952438354
10089,17,0.26666373014450073
10090,13,-0.2521035671234131
10091,15,-0.05655369162559509
10092,13,-0.3269865810871124
10093,7,-1.0806156396865845
10094,19,0.4278841018676758
10095,20,0.5709912776947021
10096,13,-0.22459331154823303
10097,14,-0.14268693327903748
10098,15,0.002483576536178589
10099,13,-0.24313120543956757
10100,16,0.11639493703842163
10101,11,-0.5538150072097778
10102,12,-0.3516233563423157
10103,19,0.44558006525039673
10104,13,-0.2462090700864792
10105,16,0.13575482368469238
10106,19,0.46365827322006226
10107,14,-0.20350465178489685
10108,14,-0.12287548184394836
10109,14,-0.19005444645881653
10110,17,0.24987202882766724
10111,14,-0.13349995017051697
10112,15,-0.07346302270889282
10113,19,0.4582328200340271
10114,19,0.4346134662628174
10115,18,0.32362258434295654
10116,15,-0.05958428978919983
10117,16,0.04663237929344177
10118,10,-0.6846548914909363
10119,15,0.018213599920272827
10120,16,0.053107261657714844
10121,17,0.15323126316070557
10122,13,-0.24785493314266205
10123,13,-0.3014104962348938
10124,22,0.7499141693115234
10125,21,0.6449559926986694
10126,16,0.08160516619682312
10127,16,0.06483986973762512
10128,13,-0.258674681186676
10129,14,-0.1764712929725647
10130,14,-0.17398357391357422
10131,15,-0.0012370944023132324
10132,18,0.316625714302063
10133,15,-0.010969340801239014
10134,13,-0.2279217690229416
10135,17,0.26883888244628906
10136,19,0.39112329483032227
10137,14,-0.20002207159996033
10138,13,-0.28593018651008606
10139,17,0.2637624144554138
10140,25,1.0171079635620117
10141,13,-0.3436067998409271
10142,9,-0.8662947416305542
10143,29,1.2718145847320557
10144,14,-0.21996590495109558
10145,19,0.46343058347702026
10146,17,0.17067229747772217
10147,25,0.9979609251022339
10148,15,-0.037245213985443115
10149,15,-0.03734591603279114
10150,16,0.11961418390274048
10151,13,-0.2764287292957306
10152,17,0.21066057682037354
10153,14,-0.16607418656349182
10154,14,-0.14484845101833344
10155,10,-0.6125706434249878
10156,15,-0.09142529964447021
10157,14,-0.14821650087833405
10158,12,-0.3754427433013916
10159,14,-0.18454761803150177
10160,18,0.38534337282180786
10161,14,-0.21404819190502167
10162,13,-0.3165563941001892
10163,13,-0.2931962013244629
10164,13,-0.2473278045654297
10165,11,-0.4863497018814087
10166,14,-0.16303899884223938
10167,18,0.27855783700942993
10168,14,-0.1342182755470276
10169,14,-0.18217675387859344
10170,14,-0.10850995779037476
10171,16,0.11144191026687622
10172,15,0.000885009765625
10173,14,-0.1682717651128769
10174,16,0.034063369035720825
10175,17,0.172071635723114
10176,13,-0.34441983699798584
10177,19,0.4222804307937622
10178,20,0.5102385878562927
10179,16,0.06755051016807556
10180,15,-0.05090746283531189
10181,13,-0.2357001155614853
10182,15,-0.08356723189353943
10183,16,0.08199775218963623
10184,4,-1.3856422901153564
10185,15,0.016041278839111328
10186,14,-0.1607723981142044
10187,11,-0.5357701182365417
10188,24,0.9569616317749023
10189,22,0.7792195081710815
10190,24,0.9151469469070435
10191,18,0.33226144313812256
10192,13,-0.2896382510662079
10193,13,-0.328763484954834
10194,13,-0.278051495552063
10195,20,0.5069795846939087
10196,22,0.7562739849090576
10197,15,-0.06242448091506958
10198,13,-0.3269959092140198
10199,13,-0.2929077744483948
10200,20,0.5412156581878662
10201,17,0.1568586826324463
10202,17,0.18935972452163696
10203,18,0.29317617416381836
10204,18,0.3333020806312561
10205,11,-0.534403920173645
10206,15,0.009684264659881592
10207,20,0.5300583839416504
10208,24,0.9085025787353516
10209,23,0.8816033601760864
10210,14,-0.19508814811706543
10211,24,0.9402785301208496
10212,18,0.2943122386932373
10213,14,-0.213934525847435
10214,14,-0.1879483014345169
10215,17,0.24101686477661133
10216,13,-0.30832186341285706
10217,14,-0.2034844011068344
10218,20,0.5543307065963745
10219,13,-0.32566195726394653
10220,15,-0.0796116292476654
10221,15,-0.07330912351608276
10222,30,1.338377833366394
10223,15,-0.07266277074813843
10224,16,0.0477713942527771
10225,18,0.30064845085144043
10226,19,0.44080275297164917
10227,14,-0.11761963367462158
10228,13,-0.23608240485191345
10229,15,-0.025242358446121216
10230,14,-0.1758207380771637
10231,15,-0.050592124462127686
10232,11,-0.5963310599327087
10233,13,-0.3360167443752289
10234,17,0.25455474853515625
10235,16,0.13515597581863403
10236,13,-0.2248092144727707
10237,9,-0.8413646221160889
10238,14,-0.1883346140384674
10239,16,0.08423838019371033
10240,30,1.4228299856185913
10241,16,0.11791497468948364
10242,14,-0.13035956025123596
10243,14,-0.2191319316625595
10244,13,-0.33489423990249634
10245,13,-0.22908109426498413
10246,14,-0.17961114645004272
10247,19,0.49009835720062256
10248,17,0.25735485553741455
10249,15,0.02039569616317749
10250,15,-0.054306209087371826
10251,19,0.40292519330978394
10252,17,0.21393966674804688
10253,13,-0.3251543939113617
10254,21,0.6277801990509033
10255,14,-0.15936468541622162
10256,16,0.08342498540878296
10257,17,0.22819751501083374
10258,14,-0.20680397748947144
10259,14,-0.18007884919643402
10260,23,0.8688534498214722
10261,13,-0.22665360569953918
10262,10,-0.7220613956451416
10263,16,0.05744820833206177
10264,17,0.25332117080688477
10265,13,-0.30724000930786133
10266,16,0.10005626082420349
10267,14,-0.1640198975801468
10268,27,1.1330232620239258
10269,15,-0.08193609118461609
10270,15,-0.08755037188529968
10271,28,1.2487292289733887
10272,12,-0.3609565794467926
10273,13,-0.2492702305316925
10274,13,-0.28425872325897217
10275,20,0.5146482586860657
10276,28,1.2267723083496094
10277,14,-0.20056605339050293
10278,20,0.5057420134544373
10279,14,-0.14032138884067535
10280,17,0.24967986345291138
10281,13,-0.22506774961948395
10282,13,-0.2819686830043793
10283,18,0.3802488446235657
10284,17,0.16756409406661987
10285,14,-0.2129037082195282
10286,20,0.5758327841758728
10287,14,-0.21757303178310394
10288,15,-0.005728930234909058
10289,14,-0.1955743432044983
10290,16,0.04214918613433838
10291,14,-0.20510749518871307
10292,14,-0.10686907172203064
10293,14,-0.20195598900318146
10294,9,-0.8319879174232483
10295,15,-0.0674428641796112
10296,14,-0.13283807039260864
10297,14,-0.10640060901641846
10298,27,1.140660285949707
10299,15,-0.04961857199668884
10300,19,0.39063990116119385
10301,13,-0.23330073058605194
10302,16,0.13064360618591309
10303,13,-0.27474355697631836
10304,15,-0.05304422974586487
10305,15,-0.09148392081260681
10306,13,-0.25816380977630615
10307,15,-0.07103961706161499
10308,14,-0.2011914849281311
10309,14,-0.10906481742858887
10310,15,0.0024513602256774902
10311,19,0.4627618193626404
10312,13,-0.2928885221481323
10313,13,-0.2555620074272156
10314,14,-0.19977062940597534
10315,13,-0.247110053896904
10316,20,0.5734635591506958
10317,29,1.3201218843460083
10318,18,0.27561086416244507
10319,17,0.15243303775787354
10320,22,0.7299443483352661
10321,17,0.1643630862236023
10322,14,-0.1603311002254486
10323,15,-0.04991289973258972
10324,15,-0.09736448526382446
10325,16,0.0330926775932312
10326,14,-0.21038340032100677
10327,21,0.6156913638114929
10328,17,0.24994724988937378
10329,14,-0.14419953525066376
10330,14,-0.17206498980522156
10331,15,-0.033859193325042725
10332,21,0.619617223739624
10333,14,-0.15545065701007843
10334,13,-0.2879466414451599
10335,14,-0.11144357919692993
10336,24,0.9053558111190796
10337,15,-0.0350685715675354
10338,14,-0.18830974400043488
10339,16,0.14440691471099854
10340,21,0.6450444459915161
10341,20,0.536109447479248
10342,17,0.162706196308136
10343,14,-0.18252348899841309
10344,15,-0.016694068908691406
10345,17,0.1962481141090393
10346,20,0.5039939284324646
10347,13,-0.3105601668357849
10348,11,-0.47786805033683777
10349,17,0.21845513582229614
10350,15,-0.026605993509292603
10351,16,0.03947964310646057
10352,19,0.4151994585990906
10353,15,-0.061601728200912476
10354,15,-0.07562646269798279
10355,14,-0.13184157013893127
10356,13,-0.22313784062862396
10357,12,-0.4267842769622803
10358,19,0.470489501953125
10359,15,-0.07931837439537048
10360,16,0.09315064549446106
10361,14,-0.16428391635417938
10362,18,0.38393551111221313
10363,14,-0.20015616714954376
10364,18,0.3757912516593933
10365,20,0.5730667114257812
10366,13,-0.30110859870910645
10367,17,0.18843382596969604
10368,14,-0.16177113354206085
10369,13,-0.24823574721813202
10370,13,-0.22990967333316803
10371,21,0.6007663011550903
10372,14,-0.17250341176986694
10373,14,-0.11073502898216248
10374,14,-0.17526695132255554
10375,14,-0.16727744042873383
10376,19,0.45711034536361694
10377,14,-0.1413619965314865
10378,12,-0.4738168716430664
10379,15,-0.055129021406173706
10380,14,-0.18332067131996155
10381,14,-0.11861157417297363
10382,19,0.44854724407196045
10383,24,0.8884832859039307
10384,21,0.6691845655441284
10385,18,0.3533554673194885
10386,19,0.4540324807167053
10387,14,-0.12000483274459839
10388,13,-0.2534658908843994
10389,15,-0.05004182457923889
10390,18,0.34916573762893677
10391,18,0.272228479385376
10392,15,0.027028441429138184
10393,14,-0.21295972168445587
10394,13,-0.2563517093658447
10395,14,-0.1311895251274109
10396,19,0.42267870903015137
10397,16,0.10530757904052734
10398,13,-0.3232596218585968
10399,13,-0.222741037607193
10400,17,0.19029581546783447
10401,13,-0.3441447615623474
10402,13,-0.25522494316101074
10403,13,-0.24064500629901886
10404,13,-0.30891847610473633
10405,7,-1.1003563404083252
10406,19,0.41473859548568726
10407,15,0.025896519422531128
10408,22,0.7057191133499146
10409,18,0.33279192447662354
10410,18,0.28168660402297974
10411,19,0.4265170693397522
10412,11,-0.4955602288246155
10413,8,-0.9219553470611572
10414,13,-0.3360660672187805
10415,27,1.1503382921218872
10416,24,0.8896423578262329
10417,16,0.13570040464401245
10418,14,-0.17904628813266754
10419,21,0.6130979061126709
10420,24,0.9610637426376343
10421,7,-1.0971574783325195
10422,21,0.596084713935852
10423,16,0.05328121781349182
10424,20,0.5499727129936218
10425,14,-0.1656738519668579
10426,13,-0.2715710401535034
10427,19,0.40520578622817993
10428,16,0.03607991337776184
10429,26,1.1035306453704834
10430,14,-0.20460079610347748
10431,19,0.434135377407074
10432,17,0.23117458820343018
10433,27,1.16511869430542
10434,13,-0.22735340893268585
10435,13,-0.27305248379707336
10436,20,0.49032604694366455
10437,15,0.024046003818511963
10438,18,0.37479400634765625
10439,20,0.528624415397644
10440,16,0.0649949312210083
10441,13,-0.2539801597595215
10442,22,0.7405252456665039
10443,12,-0.35914093255996704
10444,21,0.682767391204834
10445,14,-0.1788608431816101
10446,14,-0.2165672779083252
10447,15,-0.07014629244804382
10448,14,-0.12442922592163086
10449,16,0.09994107484817505
10450,17,0.15963447093963623
10451,14,-0.202997624874115
10452,13,-0.3148215711116791
10453,19,0.4073251485824585
10454,15,-0.007480591535568237
10455,20,0.5115299224853516
10456,30,1.3463354110717773
10457,21,0.6233139038085938
10458,23,0.8878798484802246
10459,17,0.16992932558059692
10460,19,0.43502718210220337
10461,8,-0.9580802321434021
10462,16,0.06271463632583618
10463,13,-0.32519131898880005
10464,14,-0.11407282948493958
10465,19,0.447662889957428
10466,17,0.25497502088546753
10467,14,-0.1774277240037918
10468,14,-0.20901277661323547
10469,17,0.19767457246780396
10470,14,-0.19038262963294983
10471,14,-0.13914664089679718
10472,18,0.35324448347091675
10473,14,-0.10477304458618164
10474,21,0.5895463824272156
10475,16,0.12696319818496704
10476,13,-0.23446424305438995
10477,14,-0.21404381096363068
10478,6,-1.2340638637542725
10479,18,0.3483651280403137
10480,24,0.9514154195785522
10481,14,-0.1998194456100464
10482,17,0.22434866428375244
10483,18,0.3334553837776184
10484,15,-0.05379939079284668
10485,18,0.34113311767578125
10486,8,-0.9578416347503662
10487,6,-1.1814980506896973
10488,14,-0.16220919787883759
10489,14,-0.21336957812309265
10490,5,-1.3418247699737549
10491,14,-0.10830631852149963
10492,13,-0.3401245176792145
10493,19,0.4265868663787842
10494,21,0.5961727499961853
10495,15,0.005235224962234497
10496,16,0.11694061756134033
10497,4,-1.444046139717102
10498,17,0.24882149696350098
10499,13,-0.302686482667923
10500,30,1.4063669443130493
10501,18,0.3736039400100708
10502,14,-0.14059549570083618
10503,12,-0.4605858325958252
10504,21,0.6409863233566284
10505,23,0.8595895767211914
10506,14,-0.1889783889055252
10507,16,0.09924972057342529
10508,14,-0.14850831031799316
10509,14,-0.13571685552597046
10510,14,-0.1413356214761734
10511,20,0.5093880295753479
10512,14,-0.11137121915817261
10513,15,0.01675337553024292
10514,16,0.09366309642791748
10515,19,0.46483325958251953
10516,16,0.09679919481277466
10517,15,-0.047318726778030396
10518,16,0.043829500675201416
10519,20,0.5621554851531982
10520,14,-0.14286670088768005
10521,16,0.10435041785240173
10522,18,0.37430816888809204
10523,14,-0.18285560607910156
10524,3,-1.5026018619537354
10525,30,1.3751238584518433
10526,12,-0.43947458267211914
10527,14,-0.14819884300231934
10528,15,-0.07453995943069458
10529,14,-0.1309228241443634
10530,15,-0.06169891357421875
10531,18,0.32595306634902954
10532,16,0.02933335304260254
10533,15,0.007217049598693848
10534,15,-0.04353949427604675
10535,18,0.33000248670578003
10536,11,-0.5628533959388733
10537,18,0.31227195262908936
10538,12,-0.38397106528282166
10539,16,0.08114460110664368
10540,25,1.0402493476867676
10541,27,1.1821684837341309
10542,22,0.6992167234420776
10543,13,-0.2615298330783844
10544,17,0.19898033142089844
10545,15,-0.05625486373901367
10546,15,-0.004130303859710693
10547,27,1.1358705759048462
10548,23,0.8670560121536255
10549,18,0.3677528500556946
10550,19,0.4054354429244995
10551,19,0.3999093174934387
10552,14,-0.14856331050395966
10553,18,0.3356287479400635
10554,19,0.4450910687446594
10555,19,0.4617152214050293
10556,13,-0.25584495067596436
10557,14,-0.1996956765651703
10558,13,-0.22890549898147583
10559,18,0.2928374409675598
10560,15,-0.018053889274597168
10561,15,-0.0703534483909607
10562,15,-0.004907369613647461
10563,14,-0.10972800850868225
10564,18,0.3249669075012207
10565,17,0.25944244861602783
10566,14,-0.14152362942695618
10567,13,-0.32111796736717224
10568,22,0.7177575826644897
10569,20,0.5207021832466125
10570,16,0.06443464756011963
10571,15,-0.0528203547000885
10572,21,0.5909650921821594
10573,13,-0.2711678743362427
10574,20,0.5599309802055359
10575,18,0.32424819469451904
10576,14,-0.13795511424541473
10577,14,-0.15145553648471832
10578,14,-0.18618367612361908
10579,15,-0.021934539079666138
10580,15,-0.0881853997707367
10581,15,-0.09437718987464905
10582,17,0.24195259809494019
10583,19,0.4497631788253784
10584,16,0.03864103555679321
10585,17,0.2640003561973572
10586,15,-0.008620619773864746
10587,12,-0.4344412088394165
10588,15,0.010192126035690308
10589,14,-0.12989076972007751
10590,20,0.534574031829834
10591,19,0.4543032646179199
10592,21,0.5907348394393921
10593,15,-0.01093524694442749
10594,16,0.06408017873764038
10595,15,0.022004038095474243
10596,14,-0.16067278385162354
10597,14,-0.18991541862487793
10598,29,1.3297672271728516
10599,15,0.014131009578704834
10600,18,0.3416646718978882
10601,15,-0.03731614351272583
10602,14,-0.1489284485578537
10603,19,0.4278098940849304
10604,18,0.31317007541656494
10605,15,-0.04511663317680359
10606,13,-0.28477469086647034
10607,19,0.43348032236099243
10608,15,-0.03127509355545044
10609,20,0.578508198261261
10610,14,-0.2086760550737381
10611,16,0.13234013319015503
10612,14,-0.1681002378463745
10613,14,-0.11637839674949646
10614,14,-0.15568815171718597
10615,9,-0.764646053314209
10616,15,0.022922635078430176
10617,17,0.25015145540237427
10618,16,0.0991097092628479
10619,18,0.32300376892089844
10620,18,0.3798984885215759
10621,16,0.035940587520599365
10622,14,-0.10651504993438721
10623,21,0.5900227427482605
10624,15,0.017481207847595215
10625,21,0.5957448482513428
10626,14,-0.10463172197341919
10627,13,-0.2700237035751343
10628,22,0.7893799543380737
10629,14,-0.1810077577829361
10630,14,-0.11133453249931335
10631,20,0.544402003288269
10632,16,0.0709410011768341
10633,14,-0.16362787783145905
10634,15,-0.08864900469779968
10635,19,0.4034503698348999
10636,18,0.2846968173980713
10637,16,0.1083618700504303
10638,19,0.38902533054351807
10639,15,0.023802995681762695
10640,15,0.009416669607162476
10641,17,0.25266867876052856
10642,16,0.13118702173233032
10643,17,0.228624165058136
10644,20,0.5773265957832336
10645,19,0.4320789575576782
10646,8,-0.9029027223587036
10647,20,0.5484136939048767
10648,16,0.08452996611595154
10649,19,0.4269718527793884
10650,19,0.417327880859375
10651,16,0.08181202411651611
10652,27,1.1841143369674683
10653,13,-0.24350202083587646
10654,26,1.0687998533248901
10655,19,0.389704167842865
10656,15,-0.022848069667816162
10657,18,0.2982826232910156
10658,18,0.36993199586868286
10659,15,-0.005109280347824097
10660,28,1.2416906356811523
10661,19,0.47930675745010376
10662,13,-0.2830074727535248
10663,14,-0.21007651090621948
10664,12,-0.3989543318748474
10665,30,1.3965280055999756
10666,16,0.045756638050079346
10667,17,0.22737842798233032
10668,18,0.2825123071670532
10669,20,0.5518262982368469
10670,13,-0.23001189529895782
10671,15,-0.04577261209487915
10672,20,0.5619064569473267
10673,14,-0.19362720847129822
10674,27,1.1423956155776978
10675,14,-0.10012251138687134
10676,20,0.5079324841499329
10677,11,-0.5701769590377808
10678,14,-0.16968272626399994
10679,14,-0.106101393699646
10680,11,-0.49821412563323975
10681,27,1.1597874164581299
10682,22,0.7636486291885376
10683,17,0.23918962478637695
10684,16,0.08234351873397827
10685,14,-0.12316584587097168
10686,15,-0.01415860652923584
10687,14,-0.1232554018497467
10688,18,0.31144189834594727
10689,14,-0.19872897863388062
10690,14,-0.15317249298095703
10691,14,-0.12460294365882874
10692,19,0.38717758655548096
10693,14,-0.1267276406288147
10694,17,0.17078471183776855
10695,13,-0.2351427525281906
10696,20,0.500856339931488
10697,28,1.2506150007247925
10698,17,0.16840702295303345
10699,18,0.3549085259437561
10700,20,0.5141697525978088
10701,17,0.1576046347618103
10702,14,-0.12170854210853577
10703,17,0.18188774585723877
10704,20,0.5287089943885803
10705,15,0.015782147645950317
10706,16,0.04090738296508789
10707,15,-0.06901392340660095
10708,19,0.4677467346191406
10709,14,-0.1774245947599411
10710,26,1.1048822402954102
10711,17,0.23995333909988403
10712,11,-0.5416502356529236
10713,14,-0.15359464287757874
10714,17,0.2082999348640442
10715,15,0.023901283740997314
10716,14,-0.11661186814308167
10717,15,-0.06842496991157532
10718,22,0.7315082550048828
10719,15,-0.004016309976577759
10720,15,-0.009882569313049316
10721,18,0.3725401759147644
10722,14,-0.12642991542816162
10723,15,0.010504275560379028
10724,14,-0.1200668215751648
10725,14,-0.12628039717674255
10726,15,-0.044939249753952026
10727,22,0.7421579360961914
10728,15,-0.06689396500587463
10729,14,-0.13119417428970337
10730,18,0.38215702772140503
10731,30,1.4112759828567505
10732,15,-0.08884796500205994
10733,6,-1.2408310174942017
10734,16,0.11089181900024414
10735,15,-0.0811663568019867
10736,15,-0.05990591645240784
10737,15,-0.09437337517738342
10738,15,0.026119261980056763
10739,18,0.34611594676971436
10740,23,0.8349243402481079
10741,11,-0.5937854647636414
10742,8,-0.9786999821662903
10743,13,-0.2667190730571747
10744,14,-0.11241868138313293
10745,20,0.5204517245292664
10746,17,0.20973676443099976
10747,29,1.3026238679885864
10748,27,1.1822420358657837
10749,14,-0.11831673979759216
10750,14,-0.10060343146324158
10751,14,-0.13404828310012817
10752,17,0.18048137426376343
10753,14,-0.14918309450149536
10754,14,-0.17481882870197296
10755,16,0.05908706784248352
10756,16,0.08583742380142212
10757,16,0.07985857129096985
10758,19,0.43842679262161255
10759,14,-0.1452191174030304
10760,15,-0.07021644711494446
10761,18,0.302055299282074
10762,27,1.1788314580917358
10763,14,-0.11305630207061768
10764,22,0.7844460010528564
10765,16,0.06206083297729492
10766,15,-0.07125893235206604
10767,11,-0.4922477602958679
10768,14,-0.1117127537727356
10769,15,0.015747427940368652
10770,24,0.9458000659942627
10771,18,0.2954408526420593
10772,22,0.7763060331344604
10773,15,0.0202750563621521
10774,20,0.5215314626693726
10775,17,0.2522096037864685
10776,11,-0.5086466073989868
10777,15,0.012811541557312012
10778,17,0.1983674168586731
10779,28,1.2500309944152832
10780,18,0.371235728263855
10781,14,-0.11286947131156921
10782,22,0.7163728475570679
10783,17,0.2361154556274414
10784,15,0.003556549549102783
10785,14,-0.15452948212623596
10786,15,-0.03971290588378906
10787,19,0.42081689834594727
10788,19,0.4409709572792053
10789,15,0.0026779472827911377
10790,20,0.5305038094520569
10791,15,-0.07884380221366882
10792,15,-0.020614683628082275
10793,19,0.47413235902786255
10794,19,0.4802992343902588
10795,18,0.3059839606285095
10796,24,0.9381275177001953
10797,14,-0.14422312378883362
10798,15,0.023671865463256836
10799,17,0.1659342646598816
10800,26,1.1127808094024658
10801,20,0.5870146155357361
10802,16,0.0354485809803009
10803,14,-0.21332189440727234
10804,12,-0.457897424697876
10805,15,0.0013241171836853027
10806,15,-0.07095512747764587
10807,17,0.16797304153442383
10808,14,-0.1576905995607376
10809,16,0.09744876623153687
10810,15,-0.04096627235412598
10811,14,-0.16731448471546173
10812,22,0.7336292266845703
10813,14,-0.13851429522037506
10814,20,0.543525755405426
10815,17,0.238297700881958
10816,15,-0.06270036101341248
10817,9,-0.822128176689148
10818,14,-0.20617714524269104
10819,15,-0.08640137314796448
10820,14,-0.12991440296173096
10821,16,0.10315173864364624
10822,15,-0.008790165185928345
10823,16,0.14633214473724365
10824,30,1.3432575464248657
10825,15,-0.05334177613258362
10826,24,0.9534010887145996
10827,14,-0.09983932971954346
10828,14,-0.202977254986763
10829,15,-0.03395205736160278
10830,16,0.14194875955581665
10831,19,0.3961142897605896
10832,11,-0.5216315984725952
10833,16,0.06542849540710449
10834,14,-0.1068597137928009
10835,17,0.1746484637260437
10836,17,0.18157541751861572
10837,14,-0.12122964859008789
10838,15,-0.08980986475944519
10839,17,0.1600901484489441
10840,14,-0.13004851341247559
10841,17,0.2084670066833496
10842,20,0.5123162269592285
10843,17,0.18815523386001587
10844,19,0.44850170612335205
10845,18,0.3442533612251282
10846,13,-0.23170554637908936
10847,14,-0.16165345907211304
10848,17,0.2686816453933716
10849,17,0.22421211004257202
10850,14,-0.1064673364162445
10851,23,0.8008617162704468
10852,15,-0.07138991355895996
10853,29,1.2796623706817627
10854,15,-0.09010836482048035
10855,19,0.4003767967224121
10856,19,0.4872591495513916
10857,25,1.054789423942566
10858,15,-0.010394960641860962
10859,27,1.1881505250930786
10860,11,-0.5275511145591736
10861,15,-0.030153363943099976
10862,16,0.05731135606765747
10863,23,0.8412514925003052
10864,17,0.2205955982208252
10865,25,0.9812592267990112
10866,15,-0.0958600640296936
10867,13,-0.2642659842967987
10868,15,-0.06876200437545776
10869,15,-0.04060867428779602
10870,13,-0.2796684503555298
10871,30,1.4154200553894043
10872,15,-0.004497319459915161
10873,15,-0.048282891511917114
10874,16,0.08650386333465576
10875,22,0.7082469463348389
10876,14,-0.16569961607456207
10877,14,-0.13286170363426208
10878,16,0.07430824637413025
10879,5,-1.3584600687026978
10880,15,0.01609519124031067
10881,16,0.049997419118881226
10882,7,-1.0692548751831055
10883,7,-1.1141700744628906
10884,19,0.4607365131378174
10885,15,-0.08075663447380066
10886,21,0.6472338438034058
10887,12,-0.41431865096092224
10888,14,-0.19286146759986877
10889,25,0.9990538358688354
10890,14,-0.11347734928131104
10891,16,0.06905493140220642
10892,14,-0.10517102479934692
10893,20,0.535993218421936
10894,20,0.4902620315551758
10895,15,-0.08742019534111023
10896,24,0.945303201675415
10897,14,-0.15035665035247803
10898,14,-0.10247719287872314
10899,15,-0.08964863419532776
10900,18,0.28011178970336914
10901,22,0.7167906761169434
10902,16,0.04180869460105896
10903,15,-0.07453101873397827
10904,14,-0.10115063190460205
10905,18,0.27509385347366333
10906,23,0.8759732246398926
10907,19,0.48007822036743164
10908,14,-0.16502195596694946
10909,15,-0.08451622724533081
10910,30,1.4243050813674927
10911,15,-0.055731385946273804
10912,15,-0.005746245384216309
10913,23,0.8825738430023193
10914,16,0.14130741357803345
10915,16,0.035188883543014526
10916,30,1.3589740991592407
10917,17,0.19556939601898193
10918,29,1.2695045471191406
10919,20,0.5729115009307861
10920,17,0.206027090549469
10921,17,0.24194711446762085
10922,18,0.31979459524154663
10923,18,0.3179805278778076
10924,15,0.0004063248634338379
10925,15,-0.07536482810974121
10926,14,-0.1339532732963562
10927,6,-1.1550276279449463
10928,28,1.2387968301773071
10929,15,0.004080235958099365
10930,19,0.4419587254524231
10931,16,0.06904596090316772
10932,17,0.19132888317108154
10933,15,0.013849914073944092
10934,14,-0.219647616147995
10935,16,0.03072512149810791
10936,18,0.352403461933136
10937,18,0.30461597442626953
10938,24,0.9700087308883667
10939,14,-0.09888729453086853
10940,16,0.07533854246139526
10941,15,-0.09343639016151428
10942,14,-0.12671172618865967
10943,23,0.8619997501373291
10944,29,1.3218897581100464
10945,16,0.06318926811218262
10946,17,0.2148837447166443
10947,15,-0.050510525703430176
10948,18,0.34611451625823975
10949,26,1.0663362741470337
10950,15,-0.05957725644111633
10951,17,0.21485066413879395
10952,17,0.26186251640319824
10953,18,0.29109805822372437
10954,21,0.6059873104095459
10955,13,-0.23327893018722534
10956,15,-0.09626030921936035
10957,14,-0.17846806347370148
10958,29,1.3036681413650513
10959,16,0.05288460850715637
10960,16,0.053726255893707275
10961,16,0.12335008382797241
10962,18,0.3292120099067688
10963,16,0.07512709498405457
10964,15,-0.09532031416893005
10965,15,-0.06957092881202698
10966,19,0.44093674421310425
10967,15,-0.0542730987071991
10968,17,0.19908422231674194
10969,16,0.036321550607681274
10970,15,-0.08922421932220459
10971,15,-0.03793889284133911
10972,14,-0.1706887185573578
10973,19,0.43496936559677124
10974,15,-0.05196860432624817
10975,20,0.5830649733543396
10976,19,0.38606828451156616
10977,14,-0.1757209151983261
10978,13,-0.2581961154937744
10979,15,-0.03394293785095215
10980,15,-0.014583021402359009
10981,15,-0.06015560030937195
10982,18,0.38184285163879395
10983,15,-0.07159233093261719
10984,15,-0.02161508798599243
10985,16,0.09891209006309509
10986,22,0.7910457849502563
10987,18,0.31004804372787476
10988,22,0.7172849178314209
10989,25,1.0102596282958984
10990,14,-0.1084744930267334
10991,15,-0.09592890739440918
10992,17,0.23036319017410278
10993,15,0.007777571678161621
10994,19,0.4728683829307556
10995,15,0.005764901638031006
10996,18,0.34059375524520874
10997,22,0.7421756982803345
10998,16,0.11626946926116943
10999,15,-0.09549263119697571
11000,17,0.23442989587783813
11001,15,-0.0032020211219787598
11002,17,0.18640214204788208
11003,16,0.05565685033798218
11004,7,-1.026700496673584
11005,14,-0.10841593146324158
11006,18,0.3010377287864685
11007,19,0.47214895486831665
11008,29,1.2692456245422363
11009,28,1.2529388666152954
11010,22,0.7615519762039185
11011,15,-0.036282241344451904
11012,20,0.5719808340072632
11013,14,-0.21994884312152863
11014,11,-0.5837808847427368
11015,17,0.15158486366271973
11016,26,1.103416085243225
11017,15,0.017109334468841553
11018,14,-0.16257469356060028
11019,18,0.2849063277244568
11020,14,-0.10747584700584412
11021,15,-0.04124075174331665
11022,14,-0.10144641995429993
11023,14,-0.14798519015312195
11024,19,0.4637930989265442
11025,18,0.3437683582305908
11026,16,0.1319093108177185
11027,18,0.33231931924819946
11028,16,0.03371703624725342
11029,18,0.33827483654022217
11030,16,0.08886393904685974
11031,14,-0.1441386193037033
11032,15,0.024442404508590698
11033,13,-0.27098965644836426
11034,7,-1.0397076606750488
11035,19,0.4713466167449951
11036,20,0.5303613543510437
11037,15,0.029032260179519653
11038,5,-1.3372982740402222
11039,22,0.7541215419769287
11040,20,0.5066665410995483
11041,15,-0.08945333957672119
11042,16,0.04949450492858887
11043,20,0.5845173597335815
11044,15,-0.036374807357788086
11045,15,-0.013253748416900635
11046,15,-0.030916035175323486
11047,14,-0.1823371946811676
11048,16,0.06300053000450134
11049,20,0.5320734977722168
11050,18,0.3819422721862793
11051,15,-0.05908724665641785
11052,18,0.28896766901016235
11053,15,-0.06681704521179199
11054,14,-0.15394273400306702
11055,16,0.09211909770965576
11056,16,0.10690966248512268
11057,29,1.2986915111541748
11058,14,-0.11764490604400635
11059,29,1.3255003690719604
11060,14,-0.12322786450386047
11061,15,-0.007630884647369385
11062,24,0.911780595779419
11063,20,0.5784796476364136
11064,16,0.041905999183654785
11065,19,0.42774641513824463
11066,15,-0.024246037006378174
11067,18,0.3203365206718445
11068,17,0.23270267248153687
11069,19,0.4662697911262512
11070,14,-0.1850069910287857
11071,16,0.05857577919960022
11072,22,0.7087311744689941
11073,18,0.3233826160430908
11074,16,0.12442457675933838
11075,15,-0.015142679214477539
11076,30,1.3769618272781372
11077,15,-0.05842682719230652
11078,19,0.4835500121116638
11079,14,-0.12730902433395386
11080,13,-0.32219788432121277
11081,14,-0.17816241085529327
11082,15,-0.013137787580490112
11083,16,0.057483553886413574
11084,14,-0.10550391674041748
11085,30,1.391575574874878
11086,19,0.46545588970184326
11087,19,0.428650438785553
11088,21,0.6625646352767944
11089,23,0.8307214975357056
11090,21,0.6266165971755981
11091,15,-0.07453593611717224
11092,15,-0.05438041687011719
11093,16,0.1360996961593628
11094,17,0.2650511860847473
11095,30,1.418879508972168
11096,26,1.0591249465942383
11097,1,-1.607224464416504
11098,17,0.2118445634841919
11099,17,0.19989579916000366
11100,17,0.19931578636169434
11101,30,1.389960527420044
11102,18,0.3021761178970337
11103,14,-0.10331183671951294
11104,14,-0.16105012595653534
11105,15,-0.09595844149589539
11106,14,-0.12002122402191162
11107,19,0.3926735520362854
11108,15,-0.027367502450942993
11109,15,-0.08192583918571472
11110,16,0.0670461654663086
11111,16,0.07866618037223816
11112,17,0.2463330626487732
11113,15,0.028210371732711792
11114,15,-0.05198350548744202
11115,18,0.3486565947532654
11116,17,0.2508276104927063
11117,24,0.9425595998764038
11118,16,0.11475163698196411
11119,18,0.320109486579895
11120,20,0.5007836818695068
11121,14,-0.1401647925376892
11122,28,1.2222504615783691
11123,16,0.11142462491989136
11124,16,0.03307342529296875
11125,21,0.6016015410423279
11126,13,-0.342377632856369
11127,17,0.17562979459762573
11128,25,0.9911504983901978
11129,14,-0.10295969247817993
11130,14,-0.15308867394924164
11131,15,-0.03253564238548279
11132,18,0.31923961639404297
11133,16,0.10527810454368591
11134,14,-0.15437082946300507
11135,16,0.1348201036453247
11136,17,0.2271507978439331
11137,16,0.09843584895133972
11138,17,0.15575063228607178
11139,16,0.077198326587677
11140,15,0.016886860132217407
11141,22,0.6973297595977783
11142,18,0.3070400357246399
11143,14,-0.14442694187164307
11144,11,-0.49579620361328125
11145,21,0.6376196146011353
11146,14,-0.21139085292816162
11147,21,0.6896723508834839
11148,16,0.09089669585227966
11149,20,0.5679154992103577
11150,23,0.7951202392578125
11151,12,-0.45787423849105835
11152,14,-0.142141655087471
11153,19,0.4791388511657715
11154,19,0.39514076709747314
11155,14,-0.15131361782550812
11156,15,-0.032831937074661255
11157,15,-0.06232905387878418
11158,18,0.30750787258148193
11159,20,0.5261106491088867
11160,15,-0.02329447865486145
11161,16,0.144778311252594
11162,22,0.7155210971832275
11163,23,0.8786921501159668
11164,15,-0.06838127970695496
11165,11,-0.48064088821411133
11166,21,0.6307320594787598
11167,10,-0.6299201250076294
11168,14,-0.16179890930652618
11169,18,0.36678463220596313
11170,15,0.002239614725112915
11171,15,0.019585251808166504
11172,18,0.3253079056739807
11173,13,-0.3063236176967621
11174,22,0.7147378921508789
11175,18,0.3640059232711792
11176,12,-0.454595148563385
11177,15,-0.056304752826690674
11178,26,1.1020923852920532
11179,15,-0.07902020215988159
11180,24,0.9228646755218506
11181,15,-0.09087222814559937
11182,16,0.045909225940704346
11183,16,0.14581120014190674
11184,19,0.48242563009262085
11185,15,-0.05779546499252319
11186,17,0.20852512121200562
11187,14,-0.17724941670894623
11188,30,1.3564074039459229
11189,14,-0.15660107135772705
11190,22,0.7110280990600586
11191,20,0.5736584067344666
11192,19,0.4607005715370178
11193,20,0.5168541073799133
11194,15,-0.00871896743774414
11195,16,0.06886720657348633
11196,16,0.0745316743850708
11197,11,-0.511046826839447
11198,15,-0.06962934136390686
11199,22,0.7440786361694336
11200,22,0.700984001159668
11201,14,-0.10569065809249878
11202,15,0.011683672666549683
11203,15,-0.07808154821395874
11204,15,-0.01658955216407776
11205,15,0.01781478524208069
11206,20,0.5720669627189636
11207,15,0.021711230278015137
11208,19,0.48096203804016113
11209,15,-0.05102631449699402
11210,15,-0.002222299575805664
11211,16,0.04467397928237915
11212,16,0.13797295093536377
11213,15,0.024332106113433838
11214,21,0.602134644985199
11215,15,-0.013284444808959961
11216,22,0.7721012830734253
11217,17,0.2487604022026062
11218,14,-0.22046059370040894
11219,22,0.7293637990951538
11220,20,0.5528823733329773
11221,17,0.15459781885147095
11222,15,0.010003775358200073
11223,16,0.12118035554885864
11224,24,0.9121056795120239
11225,16,0.03345748782157898
11226,15,-0.030290037393569946
11227,17,0.20319241285324097
11228,17,0.1950952410697937
11229,18,0.3233973979949951
11230,14,-0.10907137393951416
11231,23,0.8661469221115112
11232,20,0.5757886171340942
11233,16,0.04145437479019165
11234,15,0.017772018909454346
11235,19,0.4452454447746277
11236,15,-0.007399886846542358
11237,25,1.0125991106033325
11238,16,0.0735018253326416
11239,17,0.16182243824005127
11240,13,-0.30412155389785767
11241,17,0.19233596324920654
11242,19,0.4640870690345764
11243,10,-0.7405874729156494
11244,30,1.3887181282043457
11245,26,1.062765121459961
11246,16,0.1370089054107666
11247,15,-0.0484028160572052
11248,21,0.6836771965026855
11249,25,1.0021588802337646
11250,23,0.8417381048202515
11251,19,0.4634518623352051
11252,15,-0.03614211082458496
11253,15,0.004447996616363525
11254,19,0.4427781105041504
11255,19,0.43745505809783936
11256,18,0.3595092296600342
11257,15,-0.0312349796295166
11258,16,0.032971471548080444
11259,18,0.3672764301300049
11260,19,0.45120424032211304
11261,18,0.3388803005218506
11262,30,1.3496688604354858
11263,12,-0.3712606430053711
11264,19,0.45911359786987305
11265,22,0.7810667753219604
11266,15,0.014908015727996826
11267,16,0.051772236824035645
11268,18,0.28941160440444946
11269,15,0.013758301734924316
11270,20,0.5704826712608337
11271,17,0.15701276063919067
11272,15,-0.05125242471694946
11273,15,-0.013615697622299194
11274,16,0.05219951272010803
11275,15,-0.06339988112449646
11276,16,0.06083160638809204
11277,21,0.6883840560913086
11278,16,0.1337459683418274
11279,16,0.06396904587745667
11280,15,-0.060237735509872437
11281,16,0.06126871705055237
11282,27,1.1538543701171875
11283,19,0.4466556906700134
11284,15,0.016987591981887817
11285,21,0.6184048652648926
11286,10,-0.6501274108886719
11287,19,0.4875510334968567
11288,15,-0.011546134948730469
11289,20,0.5499568581581116
11290,15,0.023243606090545654
11291,18,0.3487046957015991
11292,21,0.6695876121520996
11293,20,0.5190428495407104
11294,14,-0.11734697222709656
11295,15,-0.00691598653793335
11296,13,-0.24204783141613007
11297,15,-0.058189451694488525
11298,17,0.15368807315826416
11299,16,0.0587138831615448
11300,15,0.023931831121444702
11301,16,0.05810588598251343
11302,15,-0.00011551380157470703
11303,16,0.06956303119659424
11304,15,0.004744142293930054
11305,15,-0.0710693895816803
11306,16,0.043529003858566284
11307,17,0.25787538290023804
11308,13,-0.2683506906032562
11309,17,0.19427931308746338
11310,16,0.13083142042160034
11311,21,0.6015008091926575
11312,13,-0.23528148233890533
11313,29,1.3346010446548462
11314,21,0.667144775390625
11315,17,0.1732410192489624
11316,23,0.8692742586135864
11317,24,0.9484153985977173
11318,25,1.0381819009780884
11319,12,-0.3794468641281128
11320,17,0.26168233156204224
11321,16,0.07021075487136841
11322,15,0.0248185396194458
11323,19,0.46901071071624756
11324,29,1.297075629234314
11325,3,-1.5109585523605347
11326,14,-0.17664600908756256
11327,17,0.21661800146102905
11328,15,0.019405245780944824
11329,13,-0.27396899461746216
11330,19,0.4503098726272583
11331,16,0.039278626441955566
11332,19,0.42086702585220337
11333,16,0.08435404300689697
11334,18,0.28886878490448
11335,19,0.39077287912368774
11336,20,0.5415217280387878
11337,28,1.2460217475891113
11338,14,-0.1689537763595581
11339,15,-0.014138489961624146
11340,15,-0.02486667037010193
11341,15,-0.014637202024459839
11342,17,0.22309553623199463
11343,14,-0.09751242399215698
11344,16,0.06076997518539429
11345,17,0.1663944125175476
11346,16,0.09978112578392029
11347,18,0.2773512601852417
11348,19,0.42839473485946655
11349,18,0.2745787501335144
11350,17,0.1750902533531189
11351,13,-0.2787874639034271
11352,16,0.05624404549598694
11353,14,-0.1945856511592865
11354,16,0.11542180180549622
11355,18,0.3174194097518921
11356,14,-0.18906618654727936
11357,25,1.0330578088760376
11358,14,-0.1298668086528778
11359,30,1.357812523841858
11360,14,-0.21188195049762726
11361,16,0.13132894039154053
11362,22,0.7560011148452759
11363,20,0.52569979429245
11364,15,-0.04441121220588684
11365,14,-0.1832801103591919
11366,16,0.058210521936416626
11367,18,0.3020630478858948
11368,21,0.599057674407959
11369,16,0.042939066886901855
11370,29,1.2809444665908813
11371,29,1.29538094997406
11372,17,0.20798301696777344
11373,15,-0.052448779344558716
11374,15,-0.02774396538734436
11375,11,-0.5105192065238953
11376,16,0.1031818687915802
11377,19,0.3868482708930969
11378,15,0.009629994630813599
11379,30,1.3746310472488403
11380,16,0.042587220668792725
11381,20,0.5766435265541077
11382,17,0.20636600255966187
11383,16,0.11043888330459595
11384,17,0.1550217866897583
11385,15,-0.019436031579971313
11386,16,0.11095812916755676
11387,15,-0.03666439652442932
11388,16,0.1388993263244629
11389,21,0.6699713468551636
11390,16,0.09354117512702942
11391,13,-0.22420446574687958
11392,15,-0.0183526873588562
11393,15,-0.06537851691246033
11394,15,-0.04460543394088745
11395,29,1.3324307203292847
11396,18,0.37581050395965576
11397,14,-0.17892077565193176
11398,18,0.36767345666885376
11399,17,0.16052162647247314
11400,17,0.1952662467956543
11401,21,0.6379364728927612
11402,18,0.3291395306587219
11403,29,1.3190109729766846
11404,20,0.4911401867866516
11405,15,-0.08525615930557251
11406,28,1.23746657371521
11407,15,0.0186195969581604
11408,16,0.042808592319488525
11409,7,-1.0946037769317627
11410,19,0.41763728857040405
11411,23,0.8632862567901611
11412,18,0.2893950939178467
11413,17,0.22810029983520508
11414,20,0.5247328281402588
11415,15,-0.039263784885406494
11416,16,0.07673785090446472
11417,24,0.9420531988143921
11418,16,0.12863361835479736
11419,20,0.5120798349380493
11420,22,0.7628716230392456
11421,16,0.06139296293258667
11422,14,-0.2133055329322815
11423,13,-0.244109109044075
11424,15,0.02224782109260559
11425,15,-0.014040529727935791
11426,19,0.39454764127731323
11427,24,0.8955107927322388
11428,23,0.861452579498291
11429,18,0.3289700746536255
11430,16,0.050610125064849854
11431,15,0.001575767993927002
11432,15,-0.07639259099960327
11433,8,-0.9444051384925842
11434,16,0.03894045948982239
11435,15,0.0009681880474090576
11436,19,0.43997687101364136
11437,16,0.13821691274642944
11438,18,0.3239259123802185
11439,25,1.054434061050415
11440,20,0.5889781713485718
11441,15,-0.019955813884735107
11442,16,0.08499953150749207
11443,18,0.3161489963531494
11444,15,-0.001148521900177002
11445,16,0.04333990812301636
11446,22,0.7302118539810181
11447,14,-0.10671016573905945
11448,19,0.44844603538513184
11449,19,0.40751945972442627
11450,19,0.48700904846191406
11451,16,0.05382856726646423
11452,19,0.4194480776786804
11453,15,-0.0685308575630188
11454,16,0.07448151707649231
11455,17,0.2432594895362854
11456,16,0.14747804403305054
11457,18,0.301283061504364
11458,18,0.3543868660926819
11459,16,0.14708954095840454
11460,26,1.1162464618682861
11461,16,0.07493183016777039
11462,15,0.0048719048500061035
11463,16,0.12276136875152588
11464,9,-0.8367061614990234
11465,25,0.9799039363861084
11466,17,0.20658504962921143
11467,23,0.8839907646179199
11468,15,-0.05034714937210083
11469,19,0.3864518404006958
11470,15,-0.012667030096054077
11471,19,0.4239368438720703
11472,4,-1.4379812479019165
11473,16,0.06334489583969116
11474,17,0.2525176405906677
11475,17,0.15453386306762695
11476,16,0.05428743362426758
11477,24,0.9496598243713379
11478,15,-0.09736254811286926
11479,16,0.1029512882232666
11480,20,0.5740136504173279
11481,15,0.011609196662902832
11482,19,0.40986013412475586
11483,16,0.05779188871383667
11484,15,0.027021437883377075
11485,16,0.1486552357673645
11486,18,0.2865821123123169
11487,19,0.4637673497200012
11488,15,-0.07870784401893616
11489,18,0.2857438325881958
11490,16,0.042882710695266724
11491,16,0.1018412709236145
11492,12,-0.3528091013431549
11493,15,-0.008096873760223389
11494,15,0.022329598665237427
11495,18,0.30910879373550415
11496,19,0.4790024161338806
11497,22,0.7473189830780029
11498,16,0.14104241132736206
11499,21,0.5981946587562561
11500,19,0.4085625410079956
11501,12,-0.3527415990829468
11502,8,-0.959100067615509
11503,22,0.7323743104934692
11504,16,0.08196553587913513
11505,16,0.05793002247810364
11506,28,1.2637882232666016
11507,18,0.27784234285354614
11508,15,0.027198851108551025
11509,15,-0.008517473936080933
11510,17,0.1727481484413147
11511,12,-0.40262430906295776
11512,6,-1.1689140796661377
11513,23,0.8323655128479004
11514,18,0.3142813444137573
11515,16,0.06218981742858887
11516,16,0.10334062576293945
11517,16,0.09122684597969055
11518,16,0.06543740630149841
11519,19,0.44340264797210693
11520,19,0.40471184253692627
11521,17,0.15014857053756714
11522,24,0.9245479106903076
11523,20,0.543070375919342
11524,16,0.04390603303909302
11525,17,0.23657727241516113
11526,20,0.5108245611190796
11527,16,0.08104944229125977
11528,19,0.4443146586418152
11529,16,0.13283050060272217
11530,15,-0.0899079442024231
11531,25,1.0480329990386963
11532,16,0.10896587371826172
11533,22,0.7751200199127197
11534,16,0.12046366930007935
11535,20,0.5320909023284912
11536,22,0.6979851722717285
11537,16,0.1290433406829834
11538,18,0.37466228008270264
11539,16,0.0728936493396759
11540,16,0.10839787125587463
11541,17,0.2261207103729248
11542,16,0.040394097566604614
11543,17,0.26644080877304077
11544,26,1.0704096555709839
11545,18,0.3798545002937317
11546,18,0.2817074656486511
11547,17,0.17506027221679688
11548,14,-0.15209318697452545
11549,20,0.5660921335220337
11550,14,-0.11985915899276733
11551,14,-0.13552722334861755
11552,19,0.4414193034172058
11553,24,0.9051328897476196
11554,18,0.37805426120758057
11555,19,0.3866351246833801
11556,27,1.1290574073791504
11557,14,-0.14464737474918365
11558,23,0.861911416053772
11559,23,0.8434010744094849
11560,12,-0.4334566593170166
11561,21,0.6435813903808594
11562,22,0.702491044998169
11563,21,0.6886856555938721
11564,16,0.14003407955169678
11565,17,0.2133989930152893
11566,20,0.5240215063095093
11567,23,0.8289890289306641
11568,21,0.6839218139648438
11569,24,0.9557467699050903
11570,19,0.4019920229911804
11571,22,0.7286559343338013
11572,15,-0.04038611054420471
11573,27,1.1456298828125
11574,16,0.07766902446746826
11575,18,0.29010629653930664
11576,15,0.02843499183654785
11577,16,0.08322075009346008
11578,21,0.6393774747848511
11579,15,0.02509164810180664
11580,17,0.15228509902954102
11581,16,0.13968950510025024
11582,19,0.41538238525390625
11583,16,0.032764971256256104
11584,19,0.40319138765335083
11585,16,0.05881509184837341
11586,16,0.11735314130783081
11587,16,0.149250328540802
11588,17,0.17600631713867188
11589,17,0.21067875623703003
11590,30,1.3930938243865967
11591,16,0.047007352113723755
11592,21,0.6447349786758423
11593,15,-0.0701044499874115
11594,15,0.007083475589752197
11595,17,0.23957794904708862
11596,19,0.46142083406448364
11597,14,-0.21179865300655365
11598,15,0.004729509353637695
11599,15,-0.03276407718658447
11600,18,0.3172692060470581
11601,15,-0.04049396514892578
11602,16,0.11529979109764099
11603,21,0.6191625595092773
11604,16,0.06885847449302673
11605,13,-0.2452775537967682
11606,16,0.11717867851257324
11607,16,0.14201223850250244
11608,19,0.39038586616516113
11609,16,0.07399356365203857
11610,16,0.0857820212841034
11611,20,0.5248053073883057
11612,15,0.025792986154556274
11613,15,0.018959879875183105
11614,16,0.06626376509666443
11615,15,-0.003990262746810913
11616,14,-0.1505414992570877
11617,18,0.3048468232154846
11618,15,-0.042111366987228394
11619,16,0.04616808891296387
11620,20,0.5096653699874878
11621,19,0.3962916135787964
11622,18,0.3470766544342041
11623,15,0.0030095577239990234
11624,16,0.1487727165222168
11625,10,-0.6425637006759644
11626,15,0.017529726028442383
11627,17,0.18174958229064941
11628,22,0.7290710210800171
11629,24,0.9289283752441406
11630,15,-0.037741512060165405
11631,15,0.01664230227470398
11632,16,0.07608175277709961
11633,15,-0.012557774782180786
11634,20,0.5573279857635498
11635,21,0.6024441123008728
11636,14,-0.1610930860042572
11637,20,0.564670205116272
11638,20,0.5652669668197632
11639,20,0.5775787830352783
11640,15,0.023077070713043213
11641,16,0.034644752740859985
11642,17,0.20656251907348633
11643,23,0.8772290945053101
11644,18,0.3015488386154175
11645,17,0.16429603099822998
11646,5,-1.2793364524841309
11647,16,0.0645589530467987
11648,18,0.30025047063827515
11649,19,0.47082287073135376
11650,16,0.029244303703308105
11651,14,-0.11327546834945679
11652,16,0.05562528967857361
11653,16,0.09175696969032288
11654,17,0.20520788431167603
11655,17,0.24340587854385376
11656,17,0.2111009955406189
11657,21,0.6825915575027466
11658,18,0.27248167991638184
11659,24,0.9244493246078491
11660,19,0.4818193316459656
11661,15,-0.015553057193756104
11662,15,-0.03544411063194275
11663,6,-1.1580586433410645
11664,18,0.2948799729347229
11665,23,0.8769093751907349
11666,15,0.028678178787231445
11667,16,0.03677675127983093
11668,16,0.1221625804901123
11669,19,0.4503672122955322
11670,21,0.6095670461654663
11671,16,0.04118338227272034
11672,12,-0.351203978061676
11673,29,1.286962866783142
11674,22,0.7520797252655029
11675,21,0.6368345022201538
11676,23,0.8796494007110596
11677,15,0.015602707862854004
11678,21,0.6164193153381348
11679,21,0.6224086284637451
11680,14,-0.18588314950466156
11681,16,0.10504314303398132
11682,18,0.3286409378051758
11683,13,-0.2953872084617615
11684,17,0.16130870580673218
11685,16,0.09879124164581299
11686,10,-0.6773924827575684
11687,22,0.7153826951980591
11688,18,0.31682366132736206
11689,17,0.1977524757385254
11690,21,0.6252849102020264
11691,20,0.5100601315498352
11692,15,-0.0047266483306884766
11693,15,0.00033271312713623047
11694,16,0.08562079071998596
11695,14,-0.11783993244171143
11696,30,1.3652100563049316
11697,15,0.02432042360305786
11698,17,0.18055588006973267
11699,17,0.20083469152450562
11700,15,-0.011839896440505981
11701,24,0.907915472984314
11702,14,-0.15163394808769226
11703,16,0.0630277693271637
11704,22,0.7469687461853027
11705,17,0.20314502716064453
11706,15,-0.07792943716049194
11707,20,0.5022739171981812
11708,16,0.13712823390960693
11709,16,0.09462019801139832
11710,15,0.010951370000839233
11711,21,0.6432110071182251
11712,20,0.5687205791473389
11713,16,0.04143962264060974
11714,16,0.08834469318389893
11715,16,0.1116674542427063
11716,16,0.039513736963272095
11717,26,1.1139649152755737
11718,17,0.22367435693740845
11719,15,-0.038589298725128174
11720,16,0.11309465765953064
11721,17,0.2685946226119995
11722,15,-0.01319459080696106
11723,17,0.20020252466201782
11724,25,1.055575966835022
11725,18,0.3417240381240845
11726,20,0.5159872174263
11727,22,0.7621936798095703
11728,25,1.0355347394943237
11729,16,0.03305089473724365
11730,17,0.24080413579940796
11731,30,1.3445523977279663
11732,20,0.5129337310791016
11733,16,0.036305010318756104
11734,15,0.011796146631240845
11735,18,0.38175493478775024
11736,20,0.5733104348182678
11737,17,0.1655004620552063
11738,17,0.18048310279846191
11739,18,0.36338746547698975
11740,22,0.7390795946121216
11741,16,0.10794490575790405
11742,17,0.2666550278663635
11743,15,-0.09579238295555115
11744,17,0.1971537470817566
11745,28,1.22378671169281
11746,16,0.08220931887626648
11747,25,1.0003727674484253
11748,17,0.15618056058883667
11749,15,-0.0668918788433075
11750,19,0.48404526710510254
11751,15,-0.050544023513793945
11752,23,0.811843752861023
11753,14,-0.12103554606437683
11754,17,0.24208295345306396
11755,18,0.36644619703292847
11756,20,0.5169379711151123
11757,19,0.4010956883430481
11758,21,0.5970432758331299
11759,18,0.2898368239402771
11760,23,0.8883129358291626
11761,20,0.5356420874595642
11762,16,0.045636773109436035
11763,25,1.0065512657165527
11764,16,0.06562590599060059
11765,18,0.37931835651397705
11766,17,0.23998308181762695
11767,15,0.011958450078964233
11768,20,0.5446325540542603
11769,19,0.4185132384300232
11770,15,0.011602967977523804
11771,16,0.06206423044204712
11772,18,0.37251168489456177
11773,16,0.07822644710540771
11774,11,-0.520946741104126
11775,16,0.12305450439453125
11776,15,-0.03304290771484375
11777,17,0.1755926012992859
11778,20,0.520652711391449
11779,17,0.18844950199127197
11780,16,0.13792335987091064
11781,17,0.23066818714141846
11782,16,0.10627123713493347
11783,15,-0.005156338214874268
11784,22,0.7435624599456787
11785,17,0.16819941997528076
11786,17,0.2120988965034485
11787,16,0.14530187845230103
11788,16,0.1277506947517395
11789,16,0.12058210372924805
11790,12,-0.45106813311576843
11791,22,0.7118377685546875
11792,17,0.24514049291610718
11793,17,0.17332541942596436
11794,16,0.09795257449150085
11795,19,0.468386709690094
11796,19,0.40964341163635254
11797,18,0.3458806872367859
11798,27,1.1313854455947876
11799,15,0.02260059118270874
11800,12,-0.4151580035686493
11801,20,0.5033175349235535
11802,16,0.11458197236061096
11803,20,0.49887675046920776
11804,19,0.40735816955566406
11805,18,0.2843043804168701
11806,16,0.10898816585540771
11807,15,-0.004404395818710327
11808,25,1.0010476112365723
11809,15,-0.03606748580932617
11810,30,1.4148104190826416
11811,19,0.4488641023635864
11812,18,0.34691280126571655
11813,23,0.7947025299072266
11814,17,0.18380635976791382
11815,16,0.10893487930297852
11816,17,0.21417492628097534
11817,21,0.6041147708892822
11818,24,0.8942059278488159
11819,15,-0.007554411888122559
11820,16,0.06447339057922363
11821,19,0.47564125061035156
11822,20,0.5391560196876526
11823,14,-0.11549502611160278
11824,28,1.2395050525665283
11825,15,0.02466219663619995
11826,16,0.12878376245498657
11827,22,0.7405412197113037
11828,18,0.35286152362823486
11829,16,0.1468469500541687
11830,16,0.06421887874603271
11831,14,-0.13425080478191376
11832,19,0.4553832411766052
11833,21,0.692292332649231
11834,18,0.36787712574005127
11835,17,0.16832929849624634
11836,18,0.32635146379470825
11837,20,0.49402719736099243
11838,19,0.4367445707321167
11839,21,0.6639337539672852
11840,21,0.670391321182251
11841,17,0.1525580883026123
11842,15,-0.08336576819419861
11843,13,-0.3369968831539154
11844,19,0.3878384232521057
11845,17,0.22279125452041626
11846,20,0.5363609194755554
11847,22,0.7224353551864624
11848,18,0.29809874296188354
11849,15,0.014420747756958008
11850,12,-0.39934074878692627
11851,18,0.2845229506492615
11852,20,0.5832621455192566
11853,1,-1.622737169265747
11854,15,-0.023673176765441895
11855,20,0.5212802886962891
11856,16,0.050928711891174316
11857,16,0.06965559720993042
11858,25,0.9941662549972534
11859,18,0.33752554655075073
11860,18,0.36715269088745117
11861,16,0.08162140846252441
11862,22,0.7688740491867065
11863,10,-0.7367159128189087
11864,20,0.4977136254310608
11865,17,0.25723040103912354
11866,20,0.5267284512519836
11867,12,-0.3648246228694916
11868,25,1.0374202728271484
11869,17,0.21587282419204712
11870,29,1.2686289548873901
11871,23,0.845095157623291
11872,16,0.05319836735725403
11873,28,1.256179690361023
11874,21,0.6541205644607544
11875,17,0.2397599220275879
11876,17,0.15337586402893066
11877,22,0.7799139022827148
11878,17,0.15828680992126465
11879,16,0.0448455810546875
11880,17,0.1909925937652588
11881,30,1.3700878620147705
11882,24,0.8925273418426514
11883,25,1.0100749731063843
11884,15,0.0017117857933044434
11885,17,0.18271303176879883
11886,25,1.0442243814468384
11887,15,-0.003445178270339966
11888,16,0.1111551821231842
11889,16,0.05147317051887512
11890,20,0.4989200234413147
11891,22,0.7214685678482056
11892,16,0.11049968004226685
11893,17,0.20417124032974243
11894,21,0.678189754486084
11895,14,-0.12213656306266785
11896,19,0.43307340145111084
11897,19,0.43381989002227783
11898,15,-0.0878814160823822
11899,16,0.06924501061439514
11900,17,0.18987822532653809
11901,19,0.46308600902557373
11902,18,0.3578830361366272
11903,16,0.057466596364974976
11904,18,0.27290624380111694
11905,21,0.6909476518630981
11906,14,-0.16736270487308502
11907,26,1.08414888381958
11908,25,1.0299344062805176
11909,22,0.7862027883529663
11910,21,0.6829181909561157
11911,20,0.5703762769699097
11912,28,1.264063835144043
11913,19,0.45025020837783813
11914,17,0.24275755882263184
11915,20,0.4919728636741638
11916,16,0.08246275782585144
11917,17,0.18937832117080688
11918,16,0.09369289875030518
11919,20,0.5020415782928467
11920,20,0.5887187719345093
11921,19,0.40771180391311646
11922,23,0.87645423412323
11923,14,-0.14072197675704956
11924,17,0.18716329336166382
11925,13,-0.34527865052223206
11926,17,0.17181962728500366
11927,16,0.09890034794807434
11928,21,0.6536984443664551
11929,19,0.4107430577278137
11930,22,0.7620998620986938
11931,26,1.112929105758667
11932,23,0.8010287284851074
11933,17,0.21269291639328003
11934,17,0.15204781293869019
11935,16,0.06105586886405945
11936,17,0.23446929454803467
11937,15,-0.08309495449066162
11938,7,-1.0580394268035889
11939,22,0.7271929979324341
11940,16,0.14437460899353027
11941,16,0.0333096981048584
11942,22,0.7002352476119995
11943,18,0.34996819496154785
11944,15,0.019653499126434326
11945,15,-0.07184764742851257
11946,16,0.12831085920333862
11947,13,-0.2905523180961609
11948,16,0.06275641918182373
11949,16,0.08289268612861633
11950,24,0.9655553102493286
11951,16,0.04073852300643921
11952,18,0.30475670099258423
11953,19,0.39513301849365234
11954,20,0.5191720128059387
11955,19,0.42630934715270996
11956,19,0.47410500049591064
11957,17,0.20135891437530518
11958,17,0.2559353709220886
11959,20,0.5307490229606628
11960,20,0.538495659828186
11961,18,0.3023630380630493
11962,10,-0.6454548835754395
11963,26,1.102183222770691
11964,17,0.20134717226028442
11965,18,0.3350933790206909
11966,27,1.1437759399414062
11967,22,0.7703691720962524
11968,23,0.7979326248168945
11969,18,0.37421178817749023
11970,15,0.006974279880523682
11971,16,0.1334509253501892
11972,16,0.0856027901172638
11973,19,0.4418720602989197
11974,17,0.158053457736969
11975,20,0.5454139113426208
11976,16,0.0788927674293518
11977,17,0.20531153678894043
11978,20,0.5761491060256958
11979,18,0.36047011613845825
11980,25,1.0158655643463135
11981,16,0.07107290625572205
11982,6,-1.1791752576828003
11983,22,0.7771034240722656
11984,16,0.08408346772193909
11985,22,0.732257604598999
11986,16,0.12324917316436768
11987,17,0.20696282386779785
11988,13,-0.3247254192829132
11989,16,0.1316404938697815
11990,18,0.3515179753303528
11991,16,0.14718502759933472
11992,30,1.4079116582870483
11993,18,0.3687291145324707
11994,16,0.04080861806869507
11995,18,0.3566156029701233
11996,16,0.1030215322971344
11997,20,0.5248016119003296
11998,23,0.8813061714172363
11999,16,0.08229613304138184
12000,18,0.3147648572921753
12001,22,0.7698426246643066
12002,19,0.40877240896224976
12003,25,1.0108283758163452
12004,21,0.6098572611808777
12005,16,0.12671327590942383
12006,16,0.10328489542007446
12007,18,0.3067837357521057
12008,16,0.09860065579414368
12009,19,0.43391674757003784
12010,17,0.2583061456680298
12011,21,0.6139936447143555
12012,19,0.4248200058937073
12013,16,0.14770984649658203
12014,16,0.06521692872047424
12015,18,0.2967109680175781
12016,20,0.5018295645713806
12017,17,0.18048691749572754
12018,25,1.0246509313583374
12019,13,-0.2492997944355011
12020,27,1.1392346620559692
12021,28,1.2183516025543213
12022,17,0.17790931463241577
12023,21,0.6166931390762329
12024,21,0.599923312664032
12025,16,0.1068909764289856
12026,22,0.7811073064804077
12027,23,0.8604978322982788
12028,19,0.41662466526031494
12029,15,0.017898738384246826
12030,20,0.5033078789710999
12031,23,0.8159425258636475
12032,16,0.03331872820854187
12033,17,0.16228532791137695
12034,15,-0.04035922884941101
12035,20,0.5149142742156982
12036,18,0.33421432971954346
12037,18,0.3273637294769287
12038,25,1.0402921438217163
12039,28,1.2462323904037476
12040,16,0.11120611429214478
12041,19,0.4468461871147156
12042,20,0.531796395778656
12043,22,0.7350926399230957
12044,16,0.04082268476486206
12045,15,-0.006567329168319702
12046,18,0.36123019456863403
12047,17,0.16778147220611572
12048,17,0.1799573302268982
12049,15,0.023623794317245483
12050,16,0.06140008568763733
12051,16,0.127899169921875
12052,16,0.07271149754524231
12053,5,-1.3295416831970215
12054,17,0.15967923402786255
12055,22,0.7253694534301758
12056,24,0.9131214618682861
12057,21,0.6757571697235107
12058,19,0.48887819051742554
12059,16,0.10131222009658813
12060,23,0.8658201694488525
12061,20,0.5433049201965332
12062,21,0.6283838748931885
12063,22,0.7014167308807373
12064,16,0.09403035044670105
12065,18,0.3197730779647827
12066,15,-0.043707191944122314
12067,22,0.7188165187835693
12068,18,0.3023306727409363
12069,19,0.4899657964706421
12070,17,0.223050057888031
12071,25,1.0065356492996216
12072,17,0.16095095872879028
12073,22,0.711105227470398
12074,29,1.2794768810272217
12075,15,-0.0030379295349121094
12076,22,0.7713907957077026
12077,18,0.3443174958229065
12078,15,-0.01702779531478882
12079,22,0.7234094142913818
12080,15,-0.05332428216934204
12081,20,0.5502382516860962
12082,16,0.10654434561729431
12083,16,0.07118844985961914
12084,23,0.8694825172424316
12085,17,0.21714067459106445
12086,22,0.7671445608139038
12087,14,-0.15995833277702332
12088,23,0.883826732635498
12089,18,0.37048202753067017
12090,15,0.020588606595993042
12091,16,0.10984978079795837
12092,18,0.2960142493247986
12093,17,0.21746182441711426
12094,5,-1.284594178199768
12095,18,0.3222507834434509
12096,14,-0.1568247228860855
12097,15,0.00032252073287963867
12098,17,0.19951140880584717
12099,17,0.16514241695404053
12100,17,0.22584515810012817
12101,19,0.42482978105545044
12102,30,1.3471927642822266
12103,16,0.1103103756904602
12104,18,0.35192227363586426
12105,17,0.2631450295448303
12106,26,1.09211266040802
12107,20,0.5690319538116455
12108,25,1.0090135335922241
12109,17,0.19917255640029907
12110,21,0.620612621307373
12111,20,0.5376503467559814
12112,9,-0.7847236394882202
12113,17,0.22257459163665771
12114,16,0.0915369987487793
12115,19,0.48311036825180054
12116,22,0.7234058380126953
12117,19,0.40899449586868286
12118,22,0.7360152006149292
12119,16,0.09491598606109619
12120,17,0.17541193962097168
12121,17,0.18296456336975098
12122,21,0.6173183917999268
12123,18,0.368236243724823
12124,20,0.5001707673072815
12125,21,0.6193890571594238
12126,18,0.34092944860458374
12127,17,0.19030511379241943
12128,19,0.47776490449905396
12129,25,1.0257797241210938
12130,20,0.5376227498054504
12131,17,0.16258054971694946
12132,25,1.0491976737976074
12133,20,0.5618101358413696
12134,24,0.9383978843688965
12135,21,0.6298767328262329
12136,19,0.402940571308136
12137,20,0.5867001414299011
12138,18,0.29258865118026733
12139,21,0.6352401971817017
12140,20,0.5853357315063477
12141,21,0.6609052419662476
12142,18,0.2808411121368408
12143,17,0.22092127799987793
12144,18,0.3174840807914734
12145,17,0.20036697387695312
12146,19,0.3910801410675049
12147,21,0.6117619276046753
12148,17,0.15521854162216187
12149,7,-1.1162587404251099
12150,17,0.16705286502838135
12151,20,0.5149223804473877
12152,17,0.23673629760742188
12153,20,0.49813908338546753
12154,17,0.23155230283737183
12155,26,1.0573962926864624
12156,17,0.1947544813156128
12157,17,0.19067400693893433
12158,22,0.7040989398956299
12159,19,0.4198039174079895
12160,16,0.032862186431884766
12161,10,-0.7382416129112244
12162,20,0.5517644882202148
12163,21,0.6279804706573486
12164,17,0.1732398271560669
12165,17,0.2579597234725952
12166,22,0.7801721096038818
12167,15,-0.00658223032951355
12168,16,0.1305549144744873
12169,20,0.5617477893829346
12170,23,0.8791228532791138
12171,24,0.8987548351287842
12172,20,0.5255944728851318
12173,16,0.061692774295806885
12174,16,0.13824445009231567
12175,18,0.2911413908004761
12176,18,0.2999391555786133
12177,21,0.6877216100692749
12178,12,-0.3890570402145386
12179,22,0.726607084274292
12180,16,0.030174940824508667
12181,16,0.05964699387550354
12182,17,0.24888533353805542
12183,14,-0.14216892421245575
12184,17,0.20745819807052612
12185,16,0.06028294563293457
12186,15,-0.09165415167808533
12187,16,0.09622186422348022
12188,12,-0.4442750811576843
12189,17,0.18353760242462158
12190,17,0.2009374499320984
12191,19,0.41644829511642456
12192,17,0.25313305854797363
12193,16,0.12030088901519775
12194,17,0.1555081605911255
12195,20,0.5029376149177551
12196,20,0.49493861198425293
12197,30,1.4094034433364868
12198,17,0.1650540828704834
12199,30,1.4197698831558228
12200,21,0.683525800704956
12201,25,1.0002559423446655
12202,18,0.3001418113708496
12203,16,0.12303203344345093
12204,20,0.5614745020866394
12205,28,1.2571022510528564
12206,17,0.22291314601898193
12207,17,0.1806151270866394
12208,17,0.25543588399887085
12209,16,0.08209508657455444
12210,18,0.27008622884750366
12211,22,0.7311607599258423
12212,17,0.1730068325996399
12213,20,0.5160996913909912
12214,20,0.542669951915741
12215,16,0.13803380727767944
12216,16,0.14846408367156982
12217,18,0.3806624412536621
12218,17,0.17897826433181763
12219,16,0.030858993530273438
12220,13,-0.3101602792739868
12221,22,0.7499246597290039
12222,25,0.9806482791900635
12223,15,-0.03400152921676636
12224,16,0.07083696126937866
12225,30,1.3769713640213013
12226,18,0.29346370697021484
12227,25,1.0423487424850464
12228,23,0.8824466466903687
12229,20,0.5694129467010498
12230,17,0.22729849815368652
12231,19,0.4862196445465088
12232,17,0.26942235231399536
12233,30,1.3995599746704102
12234,22,0.722319483757019
12235,19,0.39713871479034424
12236,17,0.19865202903747559
12237,17,0.19508099555969238
12238,13,-0.28237760066986084
12239,19,0.44402796030044556
12240,16,0.10193517804145813
12241,16,0.13459450006484985
12242,18,0.3239670991897583
12243,19,0.4873110055923462
12244,17,0.2141042947769165
12245,19,0.4757571816444397
12246,27,1.142210602760315
12247,15,0.0228918194770813
12248,17,0.1884387731552124
12249,19,0.48574167490005493
12250,22,0.762619137763977
12251,25,1.0273100137710571
12252,30,1.3561989068984985
12253,17,0.17763793468475342
12254,17,0.23394209146499634
12255,26,1.0746240615844727
12256,21,0.6297445297241211
12257,23,0.8146117925643921
12258,16,0.075049489736557
12259,12,-0.4109610319137573
12260,17,0.22575128078460693
12261,12,-0.41371387243270874
12262,17,0.2541959285736084
12263,17,0.18096238374710083
12264,15,0.020262718200683594
12265,18,0.28450703620910645
12266,23,0.8341590166091919
12267,26,1.0645488500595093
12268,23,0.8665865659713745
12269,23,0.837689995765686
12270,17,0.2217584252357483
12271,16,0.08812093734741211
12272,22,0.7537569999694824
12273,20,0.5358714461326599
12274,26,1.080039381980896
12275,14,-0.13788878917694092
12276,21,0.6190111637115479
12277,17,0.20972329378128052
12278,21,0.6704949140548706
12279,24,0.9577089548110962
12280,23,0.835921049118042
12281,17,0.1755724549293518
12282,19,0.3881770372390747
12283,26,1.0791226625442505
12284,21,0.5960656404495239
12285,18,0.2709597945213318
12286,16,0.054551929235458374
12287,15,-0.0823417603969574
12288,17,0.2406904101371765
12289,29,1.278017282485962
12290,16,0.07460907101631165
12291,17,0.1625046730041504
12292,26,1.0818467140197754
12293,17,0.20567768812179565
12294,18,0.3644043803215027
12295,21,0.6230896711349487
12296,19,0.4580191373825073
12297,16,0.07127684354782104
12298,23,0.8194525241851807
12299,16,0.13881462812423706
12300,21,0.6219067573547363
12301,18,0.321220338344574
12302,28,1.2124704122543335
12303,20,0.5405105948448181
12304,24,0.9274202585220337
12305,24,0.9481550455093384
12306,18,0.3017271161079407
12307,17,0.23698145151138306
12308,17,0.21733516454696655
12309,23,0.8476542234420776
12310,16,0.09655764698982239
12311,17,0.17905199527740479
12312,16,0.051556527614593506
12313,26,1.1213072538375854
12314,18,0.3844243288040161
12315,29,1.3243861198425293
12316,14,-0.1562291830778122
12317,22,0.755311131477356
12318,16,0.14741551876068115
12319,17,0.24442672729492188
12320,15,-0.04406005144119263
12321,24,0.9590802192687988
12322,24,0.9294987916946411
12323,20,0.5577693581581116
12324,17,0.15665209293365479
12325,25,0.994990348815918
12326,17,0.15629082918167114
12327,15,-0.008901238441467285
12328,17,0.15821367502212524
12329,17,0.2511128783226013
12330,20,0.5205373167991638
12331,28,1.2264851331710815
12332,28,1.22494637966156
12333,16,0.07966327667236328
12334,20,0.5297827124595642
12335,22,0.7657206058502197
12336,26,1.0734466314315796
12337,18,0.3830689787864685
12338,28,1.2320523262023926
12339,21,0.5975356101989746
12340,18,0.33728206157684326
12341,24,0.9171863794326782
12342,15,-0.00957760214805603
12343,17,0.20914065837860107
12344,17,0.2638292908668518
12345,18,0.28742778301239014
12346,26,1.0658397674560547
12347,16,0.1324470043182373
12348,29,1.3067119121551514
12349,25,1.0254656076431274
12350,22,0.7773647308349609
12351,16,0.09773188829421997
12352,17,0.25798672437667847
12353,19,0.41786420345306396
12354,19,0.3988495469093323
12355,23,0.841475248336792
12356,16,0.1460297703742981
12357,25,1.020099401473999
12358,24,0.9546492099761963
12359,16,0.14518499374389648
12360,18,0.32628434896469116
12361,18,0.27149248123168945
12362,17,0.1560666561126709
12363,17,0.23122739791870117
12364,20,0.538604199886322
12365,17,0.1699557900428772
12366,17,0.1646680235862732
12367,17,0.24849742650985718
12368,20,0.5443486571311951
12369,16,0.061756014823913574
12370,17,0.2262067198753357
12371,22,0.7476471662521362
12372,17,0.26876622438430786
12373,21,0.6776390075683594
12374,26,1.056679368019104
12375,17,0.2072606086730957
12376,15,-0.04200693964958191
12377,25,0.997677206993103
12378,22,0.7743709087371826
12379,17,0.2248532772064209
12380,20,0.5153222680091858
12381,17,0.20314598083496094
12382,17,0.19511646032333374
12383,16,0.04956206679344177
12384,15,0.02565521001815796
12385,20,0.5216363072395325
12386,17,0.1624719500541687
12387,24,0.9140102863311768
12388,30,1.4194222688674927
12389,16,0.11819964647293091
12390,23,0.8269307613372803
12391,20,0.4932054877281189
12392,18,0.34630948305130005
12393,16,0.08538800477981567
12394,17,0.17721372842788696
12395,20,0.5518988370895386
12396,18,0.3131570816040039
12397,17,0.1803656816482544
12398,24,0.9543219804763794
12399,16,0.05867278575897217
12400,17,0.18599051237106323
12401,17,0.19981598854064941
12402,17,0.2224542498588562
12403,22,0.7234451770782471
12404,25,0.9812057018280029
12405,18,0.31584346294403076
12406,18,0.3155333995819092
12407,16,0.1223982572555542
12408,24,0.9506466388702393
12409,18,0.3533788323402405
12410,14,-0.12472888827323914
12411,17,0.1770557165145874
12412,16,0.13663125038146973
12413,14,-0.12453976273536682
12414,17,0.21791034936904907
12415,23,0.881397008895874
12416,27,1.1635171175003052
12417,19,0.46490293741226196
12418,23,0.8346302509307861
12419,22,0.7462469339370728
12420,18,0.3631761074066162
12421,17,0.22589272260665894
12422,18,0.3162993788719177
12423,17,0.18647819757461548
12424,16,0.0598125159740448
12425,17,0.15394645929336548
12426,18,0.35755854845046997
12427,16,0.13844317197799683
12428,17,0.19411730766296387
12429,15,-7.56978988647461e-05
12430,17,0.19917863607406616
12431,20,0.5191095471382141
12432,16,0.09465059638023376
12433,12,-0.40041711926460266
12434,19,0.4237633943557739
12435,28,1.2548117637634277
12436,16,0.14978426694869995
12437,16,0.10328882932662964
12438,18,0.30452340841293335
12439,18,0.37791264057159424
12440,16,0.11405515670776367
12441,21,0.6571005582809448
12442,20,0.5067320466041565
12443,21,0.6524618864059448
12444,22,0.7025090456008911
12445,17,0.15870320796966553
12446,24,0.9391785860061646
12447,21,0.6178058385848999
12448,19,0.46506965160369873
12449,20,0.5628026127815247
12450,13,-0.24795641005039215
12451,21,0.6679116487503052
12452,18,0.31063586473464966
12453,30,1.3892602920532227
12454,20,0.4989688992500305
12455,24,0.9523093700408936
12456,18,0.29024195671081543
12457,16,0.13863199949264526
12458,18,0.35700303316116333
12459,21,0.6057632565498352
12460,21,0.6202999353408813
12461,17,0.17602390050888062
12462,15,-0.07391241192817688
12463,27,1.1634774208068848
12464,18,0.37828874588012695
12465,18,0.2959948182106018
12466,27,1.177210807800293
12467,16,0.13363999128341675
12468,16,0.14690208435058594
12469,21,0.6816364526748657
12470,18,0.3395301103591919
12471,17,0.2614981532096863
12472,26,1.0901933908462524
12473,19,0.40905511379241943
12474,17,0.24646365642547607
12475,21,0.6377255916595459
12476,19,0.4588307738304138
12477,17,0.21405231952667236
12478,16,0.12960445880889893
12479,17,0.21273064613342285
12480,18,0.31515246629714966
12481,23,0.8487582206726074
12482,19,0.40196216106414795
12483,18,0.3123254179954529
12484,17,0.19830554723739624
12485,17,0.1882886290550232
12486,17,0.1839197278022766
12487,25,1.0324434041976929
12488,27,1.1769951581954956
12489,21,0.6056098341941833
12490,21,0.6288468837738037
12491,22,0.7616099119186401
12492,23,0.8636922836303711
12493,24,0.9100571870803833
12494,18,0.3295254707336426
12495,17,0.1717207431793213
12496,15,0.0019319355487823486
12497,24,0.9096028804779053
12498,23,0.7996841669082642
12499,17,0.26788586378097534
12500,14,-0.16572333872318268
12501,17,0.16431546211242676
12502,18,0.29627323150634766
12503,25,1.0513110160827637
12504,26,1.0594236850738525
12505,18,0.35665804147720337
12506,16,0.10843250155448914
12507,28,1.262207269668579
12508,19,0.3896080255508423
12509,17,0.20424187183380127
12510,18,0.3014628291130066
12511,15,0.012653499841690063
12512,28,1.2563445568084717
12513,18,0.3611708879470825
12514,25,1.0532503128051758
12515,17,0.23144465684890747
12516,17,0.2214829921722412
12517,21,0.6024169921875
12518,16,0.10455268621444702
12519,23,0.8049650192260742
12520,17,0.23225486278533936
12521,17,0.171869158744812
12522,16,0.042010754346847534
12523,20,0.5039407014846802
12524,16,0.1261894702911377
12525,20,0.5449181795120239
12526,17,0.24284952878952026
12527,30,1.3747342824935913
12528,30,1.412015438079834
12529,19,0.45988136529922485
12530,23,0.8499492406845093
12531,19,0.45670074224472046
12532,18,0.36705470085144043
12533,17,0.23675686120986938
12534,19,0.4404228925704956
12535,20,0.5435300469398499
12536,16,0.12279868125915527
12537,17,0.22165709733963013
12538,17,0.26834654808044434
12539,22,0.7826873064041138
12540,21,0.6400530338287354
12541,24,0.9562143087387085
12542,22,0.721935510635376
12543,17,0.19639015197753906
12544,17,0.19120758771896362
12545,4,-1.4298744201660156
12546,18,0.27188777923583984
12547,19,0.41024261713027954
12548,17,0.18008410930633545
12549,18,0.2971354126930237
12550,18,0.3407817482948303
12551,17,0.15727835893630981
12552,19,0.4619155526161194
12553,22,0.7044003009796143
12554,25,1.0363982915878296
12555,22,0.7019758224487305
12556,20,0.5792539119720459
12557,17,0.25685828924179077
12558,30,1.3464328050613403
12559,16,0.05557608604431152
12560,18,0.3557271361351013
12561,24,0.9628815650939941
12562,18,0.36697840690612793
12563,17,0.25160592794418335
12564,17,0.21495437622070312
12565,20,0.49988043308258057
12566,26,1.0887787342071533
12567,19,0.4185149669647217
12568,18,0.32636821269989014
12569,30,1.4089173078536987
12570,17,0.2004297971725464
12571,17,0.22337836027145386
12572,17,0.2564680576324463
12573,17,0.2641240954399109
12574,16,0.07058852910995483
12575,16,0.12498718500137329
12576,26,1.0671738386154175
12577,17,0.1849542260169983
12578,19,0.4640383720397949
12579,22,0.7123863697052002
12580,19,0.4834243059158325
12581,19,0.4195990562438965
12582,13,-0.31589579582214355
12583,17,0.23462700843811035
12584,24,0.9272552728652954
12585,17,0.18597745895385742
12586,18,0.3741337060928345
12587,17,0.20192164182662964
12588,20,0.5888457894325256
12589,23,0.7914383411407471
12590,23,0.8715344667434692
12591,21,0.6385524272918701
12592,16,0.0435447096824646
12593,18,0.31854087114334106
12594,30,1.3815910816192627
12595,18,0.3749437928199768
12596,25,1.0057435035705566
12597,22,0.752474308013916
12598,19,0.41496217250823975
12599,29,1.2951503992080688
12600,22,0.7717403173446655
12601,23,0.8478810787200928
12602,19,0.3864006996154785
12603,17,0.2324313521385193
12604,17,0.20588165521621704
12605,18,0.2800203561782837
12606,17,0.26401853561401367
12607,21,0.6750259399414062
12608,26,1.1225091218948364
12609,17,0.2580655813217163
12610,18,0.3110646605491638
12611,19,0.39043641090393066
12612,16,0.1139492392539978
12613,16,0.055564045906066895
12614,17,0.17707031965255737
12615,18,0.2973247170448303
12616,16,0.1311790943145752
12617,21,0.6099328398704529
12618,30,1.342796802520752
12619,12,-0.35999780893325806
12620,23,0.8737316131591797
12621,18,0.3015367388725281
12622,18,0.2725794315338135
12623,23,0.8082823753356934
12624,16,0.08983412384986877
12625,26,1.1221927404403687
12626,28,1.2304099798202515
12627,20,0.5564812421798706
12628,17,0.23741751909255981
12629,17,0.22377485036849976
12630,21,0.6102766394615173
12631,17,0.26357847452163696
12632,18,0.38484811782836914
12633,17,0.22388362884521484
12634,18,0.34315645694732666
12635,19,0.40191614627838135
12636,19,0.41244298219680786
12637,17,0.26208192110061646
12638,20,0.5779328942298889
12639,18,0.27000904083251953
12640,17,0.2536998391151428
12641,18,0.3649823069572449
12642,18,0.30176842212677
12643,16,0.07633239030838013
12644,22,0.7140600681304932
12645,24,0.9336905479431152
12646,20,0.5795894265174866
12647,18,0.2767747640609741
12648,26,1.064763069152832
12649,22,0.7749348878860474
12650,15,-0.08286476135253906
12651,15,-0.006613045930862427
12652,23,0.8265416622161865
12653,4,-1.4439224004745483
12654,21,0.6626592874526978
12655,18,0.33334195613861084
12656,23,0.8726629018783569
12657,17,0.20978254079818726
12658,17,0.22581970691680908
12659,16,0.09516900777816772
12660,24,0.9020808935165405
12661,17,0.26174771785736084
12662,20,0.5872526168823242
12663,16,0.12829995155334473
12664,17,0.2098989486694336
12665,16,0.05680069327354431
12666,30,1.4051324129104614
12667,21,0.6353304386138916
12668,18,0.2864335775375366
12669,18,0.30225133895874023
12670,20,0.576580822467804
12671,19,0.4854143261909485
12672,20,0.5669806599617004
12673,24,0.927210807800293
12674,17,0.19333207607269287
12675,24,0.9417846202850342
12676,17,0.22667807340621948
12677,16,0.11638736724853516
12678,17,0.21471458673477173
12679,17,0.26444756984710693
12680,18,0.32556504011154175
12681,17,0.21138715744018555
12682,28,1.255056619644165
12683,21,0.6485351324081421
12684,25,0.9883490800857544
12685,24,0.894499659538269
12686,18,0.3581746816635132
12687,23,0.7976363897323608
12688,21,0.6236046552658081
12689,16,0.0752074122428894
12690,15,-0.048401862382888794
12691,17,0.26846837997436523
12692,16,0.1285914182662964
12693,24,0.9078197479248047
12694,27,1.199113130569458
12695,20,0.574299156665802
12696,23,0.817703127861023
12697,19,0.42124152183532715
12698,19,0.39032119512557983
12699,17,0.20477086305618286
12700,20,0.5123715400695801
12701,18,0.3523419499397278
12702,19,0.3919994831085205
12703,18,0.3580288887023926
12704,18,0.30663877725601196
12705,17,0.16032558679580688
12706,15,-0.011312991380691528
12707,12,-0.37093985080718994
12708,17,0.23936903476715088
12709,22,0.7162048816680908
12710,17,0.23221993446350098
12711,26,1.116589903831482
12712,17,0.2666500210762024
12713,17,0.2035713791847229
12714,23,0.805067777633667
12715,18,0.2861577272415161
12716,18,0.3846040368080139
12717,26,1.0653949975967407
12718,17,0.22241008281707764
12719,19,0.4786630868911743
12720,15,-0.08912435173988342
12721,19,0.4061817526817322
12722,17,0.23392415046691895
12723,22,0.7535029649734497
12724,20,0.5721122622489929
12725,30,1.3709102869033813
12726,17,0.1545858383178711
12727,20,0.5751972794532776
12728,21,0.6563049554824829
12729,17,0.16068893671035767
12730,22,0.6980959177017212
12731,19,0.4645810127258301
12732,18,0.31006675958633423
12733,22,0.7896841764450073
12734,17,0.23510605096817017
12735,21,0.6582540273666382
12736,13,-0.26822057366371155
12737,19,0.40894854068756104
12738,18,0.32898008823394775
12739,16,0.03055351972579956
12740,18,0.3180851340293884
12741,18,0.3598506450653076
12742,15,0.017688363790512085
12743,22,0.7360334396362305
12744,21,0.6038987636566162
12745,18,0.31607043743133545
12746,22,0.7150682210922241
12747,19,0.4838268756866455
12748,18,0.3668215274810791
12749,19,0.440232515335083
12750,21,0.6425390243530273
12751,21,0.6790188550949097
12752,17,0.26549965143203735
12753,19,0.4085475206375122
12754,16,0.09774836897850037
12755,17,0.2176012396812439
12756,19,0.4796786904335022
12757,17,0.2043839693069458
12758,18,0.2932353615760803
12759,20,0.5714325904846191
12760,25,1.003961205482483
12761,18,0.3778024911880493
12762,20,0.5494794249534607
12763,19,0.43144649267196655
12764,16,0.11955660581588745
12765,15,0.00035241246223449707
12766,20,0.5728413462638855
12767,2,-1.5647770166397095
12768,25,0.9973796606063843
12769,18,0.3139379620552063
12770,27,1.13827383518219
12771,17,0.2564772367477417
12772,15,-0.06870284676551819
12773,14,-0.20728693902492523
12774,19,0.4087669253349304
12775,18,0.28694528341293335
12776,17,0.20276522636413574
12777,18,0.29023224115371704
12778,22,0.7387677431106567
12779,18,0.34626495838165283
12780,19,0.4648445248603821
12781,17,0.2621256709098816
12782,16,0.11496290564537048
12783,19,0.4418445825576782
12784,20,0.5139757990837097
12785,30,1.4215906858444214
12786,19,0.47482097148895264
12787,21,0.6824787855148315
12788,21,0.6826082468032837
12789,17,0.245042622089386
12790,18,0.3120415210723877
12791,21,0.6923738718032837
12792,17,0.2511807084083557
12793,17,0.21771299839019775
12794,18,0.37925469875335693
12795,17,0.24916750192642212
12796,17,0.1547284722328186
12797,18,0.3836390972137451
12798,20,0.5616119503974915
12799,23,0.8610059022903442
12800,19,0.4311443567276001
12801,26,1.091728687286377
12802,30,1.352462649345398
12803,22,0.7581030130386353
12804,27,1.1889005899429321
12805,18,0.2916550636291504
12806,17,0.20581692457199097
12807,17,0.262839138507843
12808,18,0.2728208899497986
12809,18,0.3578958511352539
12810,19,0.41982555389404297
12811,11,-0.5779938697814941
12812,19,0.3965083360671997
12813,18,0.35547935962677
12814,20,0.4913802742958069
12815,22,0.7727721929550171
12816,26,1.0591566562652588
12817,21,0.5954118967056274
12818,17,0.2012578845024109
12819,18,0.32895970344543457
12820,17,0.22703897953033447
12821,20,0.5070487260818481
12822,17,0.1580834984779358
12823,18,0.3091437816619873
12824,20,0.5357258915901184
12825,18,0.3808649778366089
12826,25,1.0018845796585083
12827,17,0.22504788637161255
12828,20,0.5155825614929199
12829,21,0.6813464164733887
12830,21,0.672589898109436
12831,20,0.5396002531051636
12832,19,0.41965728998184204
12833,19,0.439037561416626
12834,17,0.18217909336090088
12835,21,0.6833869218826294
12836,17,0.18290865421295166
12837,20,0.5029642581939697
12838,17,0.2337191104888916
12839,21,0.6448246240615845
12840,16,0.11493360996246338
12841,18,0.30294132232666016
12842,17,0.15222257375717163
12843,24,0.8932260274887085
12844,15,-0.0011917352676391602
12845,21,0.596821665763855
12846,23,0.8772710561752319
12847,26,1.0799586772918701
12848,19,0.48063021898269653
12849,22,0.7735915184020996
12850,19,0.47976773977279663
12851,8,-1.016601800918579
12852,16,0.11979103088378906
12853,23,0.8126800060272217
12854,7,-1.1351194381713867
12855,22,0.7502530813217163
12856,30,1.4026200771331787
12857,16,0.1332683563232422
12858,24,0.9043844938278198
12859,16,0.1249280571937561
12860,17,0.23607981204986572
12861,19,0.47911888360977173
12862,18,0.3243136405944824
12863,29,1.3378973007202148
12864,16,0.06961166858673096
12865,26,1.0702316761016846
12866,5,-1.2920279502868652
12867,17,0.210990309715271
12868,18,0.27866894006729126
12869,26,1.0708458423614502
12870,18,0.3469700813293457
12871,19,0.4677121043205261
12872,17,0.22855162620544434
12873,9,-0.8782247304916382
12874,15,-0.05507999658584595
12875,29,1.2896432876586914
12876,18,0.3189845681190491
12877,21,0.6850060224533081
12878,16,0.09728878736495972
12879,20,0.536332368850708
12880,26,1.1139066219329834
12881,21,0.6093514561653137
12882,21,0.6739391088485718
12883,20,0.547868013381958
12884,29,1.2737549543380737
12885,20,0.5824871063232422
12886,18,0.318043053150177
12887,18,0.3023551106452942
12888,17,0.24538922309875488
12889,19,0.4473075270652771
12890,25,1.0232566595077515
12891,16,0.09542223811149597
12892,15,-0.0762673020362854
12893,20,0.494026780128479
12894,17,0.22378438711166382
12895,22,0.732296347618103
12896,17,0.21327370405197144
12897,18,0.3401782512664795
12898,18,0.2811793088912964
12899,23,0.8065252304077148
12900,18,0.2843886613845825
12901,18,0.34069114923477173
12902,19,0.45750510692596436
12903,23,0.8385285139083862
12904,17,0.2205899953842163
12905,16,0.0887393057346344
12906,18,0.3163420557975769
12907,20,0.5595412254333496
12908,17,0.2034231424331665
12909,18,0.30595946311950684
12910,18,0.27378737926483154
12911,18,0.3475725054740906
12912,1,-1.6496895551681519
12913,20,0.5513954162597656
12914,17,0.20543241500854492
12915,24,0.8924524784088135
12916,14,-0.11177217960357666
12917,17,0.1982526183128357
12918,18,0.2854135036468506
12919,17,0.19199299812316895
12920,17,0.24851131439208984
12921,30,1.4108216762542725
12922,26,1.0912296772003174
12923,27,1.1829614639282227
12924,19,0.46867889165878296
12925,20,0.5606461763381958
12926,25,1.0432019233703613
12927,17,0.16533756256103516
12928,16,0.10204079747200012
12929,25,0.981755256652832
12930,19,0.44569969177246094
12931,21,0.6374434232711792
12932,20,0.5167633295059204
12933,17,0.17834126949310303
12934,18,0.36954790353775024
12935,23,0.8544731140136719
12936,16,0.03801584243774414
12937,17,0.19574910402297974
12938,16,0.11177140474319458
12939,15,-0.03713849186897278
12940,21,0.6173095703125
12941,15,-0.03449365496635437
12942,30,1.3770732879638672
12943,17,0.16206175088882446
12944,20,0.5893265008926392
12945,16,0.06880122423171997
12946,19,0.41888612508773804
12947,23,0.7921748161315918
12948,17,0.22608840465545654
12949,18,0.3487251400947571
12950,21,0.6601577997207642
12951,17,0.24004626274108887
12952,30,1.405941128730774
12953,18,0.2709466814994812
12954,16,0.1354047656059265
12955,21,0.6645901203155518
12956,17,0.22249990701675415
12957,21,0.5989259481430054
12958,19,0.39701777696609497
12959,20,0.5281952619552612
12960,9,-0.8120608329772949
12961,18,0.28811126947402954
12962,23,0.8087186813354492
12963,18,0.38008272647857666
12964,18,0.3169112205505371
12965,23,0.8115181922912598
12966,18,0.3621043562889099
12967,27,1.1523189544677734
12968,20,0.552696168422699
12969,18,0.3056071400642395
12970,20,0.5331541895866394
12971,19,0.4043571949005127
12972,17,0.26219892501831055
12973,27,1.1316035985946655
12974,18,0.27481263875961304
12975,23,0.8256412744522095
12976,18,0.33731311559677124
12977,19,0.4378306269645691
12978,18,0.2753862738609314
12979,20,0.5237040519714355
12980,13,-0.338517963886261
12981,17,0.2664409875869751
12982,21,0.6551645994186401
12983,19,0.43505698442459106
12984,21,0.666480302810669
12985,19,0.4089086055755615
12986,22,0.7121448516845703
12987,26,1.079459309577942
12988,20,0.5007261037826538
12989,17,0.26609742641448975
12990,20,0.5100628733634949
12991,18,0.3373560309410095
12992,21,0.5953668355941772
12993,17,0.25843387842178345
12994,19,0.4255160093307495
12995,10,-0.7455936074256897
12996,19,0.4199333190917969
12997,17,0.18287605047225952
12998,16,0.13219279050827026
12999,22,0.7812883853912354
13000,20,0.5852169394493103
13001,18,0.37890779972076416
13002,18,0.33959686756134033
13003,18,0.3425455689430237
13004,18,0.27963972091674805
13005,21,0.664280891418457
13006,20,0.5709978342056274
13007,24,0.8929307460784912
13008,17,0.2542969584465027
13009,19,0.3906494379043579
13010,22,0.7158442735671997
13011,24,0.9655072689056396
13012,20,0.5209769606590271
13013,22,0.6974773406982422
13014,17,0.26555973291397095
13015,18,0.3277474045753479
13016,18,0.3085588812828064
13017,18,0.27091312408447266
13018,22,0.7323487997055054
13019,22,0.7323620319366455
13020,23,0.8685872554779053
13021,20,0.5626552700996399
13022,26,1.0709624290466309
13023,30,1.4108028411865234
13024,17,0.19638633728027344
13025,18,0.31265658140182495
13026,18,0.3639451265335083
13027,18,0.3291560411453247
13028,23,0.8072978258132935
13029,15,-0.012360304594039917
13030,30,1.3581860065460205
13031,18,0.3618587851524353
13032,21,0.6824115514755249
13033,21,0.6685093641281128
13034,27,1.1673003435134888
13035,26,1.0967230796813965
13036,10,-0.6364392042160034
13037,30,1.3782199621200562
13038,18,0.30372124910354614
13039,23,0.8075227737426758
13040,23,0.826500654220581
13041,27,1.1451724767684937
13042,17,0.24178850650787354
13043,17,0.1706436276435852
13044,23,0.8446499109268188
13045,15,-0.013138175010681152
13046,20,0.5568106174468994
13047,26,1.1092984676361084
13048,18,0.32505571842193604
13049,19,0.42862802743911743
13050,18,0.3090139627456665
13051,18,0.36168569326400757
13052,21,0.6719996929168701
13053,16,0.0880899429321289
13054,21,0.6721190214157104
13055,18,0.3228214979171753
13056,19,0.4775896668434143
13057,24,0.914531946182251
13058,18,0.3805367946624756
13059,19,0.42230963706970215
13060,18,0.2838210463523865
13061,19,0.42558062076568604
13062,26,1.0610904693603516
13063,20,0.554541289806366
13064,19,0.46770745515823364
13065,18,0.2990906834602356
13066,16,0.07565963268280029
13067,22,0.7616636753082275
13068,22,0.7569525241851807
13069,16,0.10502555966377258
13070,16,0.14217466115951538
13071,18,0.27817368507385254
13072,18,0.32871031761169434
13073,25,0.9957764148712158
13074,20,0.5775818824768066
13075,24,0.9471378326416016
13076,15,-0.005771070718765259
13077,18,0.37762099504470825
13078,23,0.8476959466934204
13079,30,1.3386952877044678
13080,18,0.34981465339660645
13081,19,0.4657989740371704
13082,6,-1.1689304113388062
13083,17,0.22596001625061035
13084,11,-0.5625499486923218
13085,18,0.29958510398864746
13086,19,0.4884563684463501
13087,23,0.8165061473846436
13088,29,1.2804347276687622
13089,21,0.6917835474014282
13090,21,0.6657510995864868
13091,19,0.47961968183517456
13092,18,0.31423354148864746
13093,17,0.1995643973350525
13094,17,0.26050442457199097
13095,18,0.3710409998893738
13096,16,0.06646344065666199
13097,21,0.6735489368438721
13098,18,0.34866607189178467
13099,18,0.2939695715904236
13100,18,0.2783830761909485
13101,18,0.3077186942100525
13102,19,0.4575785994529724
13103,24,0.913112998008728
13104,17,0.2027718424797058
13105,18,0.3509373068809509
13106,18,0.30687791109085083
13107,17,0.20410650968551636
13108,22,0.7512013912200928
13109,27,1.1820348501205444
13110,6,-1.2044007778167725
13111,17,0.1713109016418457
13112,19,0.4191058874130249
13113,25,1.0206184387207031
13114,18,0.3851112127304077
13115,17,0.20951831340789795
13116,23,0.8739928007125854
13117,22,0.7057260274887085
13118,21,0.5992619395256042
13119,30,1.4078184366226196
13120,22,0.7877106666564941
13121,18,0.3806455731391907
13122,19,0.46437621116638184
13123,19,0.42679452896118164
13124,23,0.8304814100265503
13125,23,0.8622719049453735
13126,22,0.7890520095825195
13127,19,0.39935415983200073
13128,24,0.9214590787887573
13129,24,0.9675291776657104
13130,19,0.4301891326904297
13131,19,0.3864942789077759
13132,27,1.1896557807922363
13133,20,0.5832282304763794
13134,29,1.3167102336883545
13135,19,0.4253664016723633
13136,17,0.19412654638290405
13137,20,0.5770373344421387
13138,18,0.32540303468704224
13139,23,0.8045758008956909
13140,29,1.288207769393921
13141,26,1.1279624700546265
13142,17,0.22806233167648315
13143,25,1.0366934537887573
13144,19,0.42894893884658813
13145,23,0.8710696697235107
13146,23,0.847298264503479
13147,26,1.1104443073272705
13148,20,0.5116328597068787
13149,30,1.3649085760116577
13150,18,0.27967822551727295
13151,20,0.5766931772232056
13152,15,-0.05914527177810669
13153,16,0.03184446692466736
13154,26,1.1101202964782715
13155,16,0.10756155848503113
13156,17,0.18033528327941895
13157,26,1.1201614141464233
13158,21,0.6615601778030396
13159,19,0.42755651473999023
13160,17,0.21316665410995483
13161,20,0.5140442252159119
13162,23,0.8052307367324829
13163,2,-1.5840731859207153
13164,28,1.2510082721710205
13165,17,0.178330659866333
13166,23,0.8700978755950928
13167,28,1.2240251302719116
13168,19,0.39839649200439453
13169,28,1.2630563974380493
13170,27,1.1325182914733887
13171,22,0.7543071508407593
13172,15,-0.06818282604217529
13173,18,0.31475067138671875
13174,18,0.27436941862106323
13175,18,0.37671995162963867
13176,26,1.0692617893218994
13177,26,1.0574674606323242
13178,20,0.5231629014015198
13179,19,0.4203479290008545
13180,18,0.27978044748306274
13181,18,0.2983258366584778
13182,19,0.4110478162765503
13183,22,0.7665131092071533
13184,28,1.2164430618286133
13185,17,0.24242597818374634
13186,18,0.29467153549194336
13187,18,0.27324867248535156
13188,19,0.4496420621871948
13189,21,0.6651188135147095
13190,17,0.16987580060958862
13191,18,0.3365703821182251
13192,22,0.7868969440460205
13193,24,0.9170461893081665
13194,19,0.39585238695144653
13195,19,0.46333247423171997
13196,22,0.7511433362960815
13197,18,0.3179083466529846
13198,17,0.17616194486618042
13199,12,-0.43791723251342773
13200,21,0.6846952438354492
13201,18,0.3086658716201782
13202,20,0.5406779050827026
13203,15,-0.04489222168922424
13204,21,0.5916202068328857
13205,28,1.2503552436828613
13206,21,0.5909234285354614
13207,21,0.6668362617492676
13208,23,0.8011254072189331
13209,26,1.069751262664795
13210,19,0.46650898456573486
13211,20,0.4916577935218811
13212,24,0.9404499530792236
13213,18,0.37499386072158813
13214,18,0.3064514994621277
13215,4,-1.41498863697052
13216,19,0.43755871057510376
13217,17,0.22226017713546753
13218,20,0.5234390497207642
13219,20,0.5161340236663818
13220,18,0.3293706178665161
13221,24,0.8915845155715942
13222,29,1.3333404064178467
13223,19,0.42273467779159546
13224,17,0.16993892192840576
13225,20,0.5603076815605164
13226,19,0.40348464250564575
13227,17,0.210166335105896
13228,19,0.4832097291946411
13229,20,0.5013657212257385
13230,18,0.31222283840179443
13231,16,0.13942784070968628
13232,16,0.12296336889266968
13233,21,0.6826742887496948
13234,18,0.3785567283630371
13235,19,0.4364301562309265
13236,21,0.6239702701568604
13237,18,0.3188995122909546
13238,22,0.7029333114624023
13239,25,1.014805555343628
13240,29,1.30180823802948
13241,19,0.4892699122428894
13242,24,0.9674800634384155
13243,23,0.8387000560760498
13244,25,1.0485897064208984
13245,21,0.6377167701721191
13246,11,-0.5550162196159363
13247,18,0.3410547971725464
13248,24,0.9626396894454956
13249,18,0.38336580991744995
13250,19,0.47816479206085205
13251,18,0.30193930864334106
13252,20,0.5865482687950134
13253,18,0.2845102548599243
13254,18,0.36577272415161133
13255,24,0.9179975986480713
13256,18,0.3045917749404907
13257,20,0.5414045453071594
13258,22,0.7056511640548706
13259,19,0.4866572618484497
13260,17,0.24945366382598877
13261,26,1.111198902130127
13262,19,0.4630098342895508
13263,19,0.47454744577407837
13264,23,0.8225150108337402
13265,21,0.6856985092163086
13266,17,0.21196109056472778
13267,21,0.6649582386016846
13268,20,0.5439953804016113
13269,18,0.2739112377166748
13270,19,0.4034852981567383
13271,19,0.44631510972976685
13272,20,0.5195852518081665
13273,19,0.4069340229034424
13274,22,0.7749843597412109
13275,18,0.3210245370864868
13276,17,0.24214226007461548
13277,22,0.7688027620315552
13278,20,0.49370574951171875
13279,16,0.13936465978622437
13280,20,0.5842714905738831
13281,17,0.216999351978302
13282,16,0.1475362777709961
13283,17,0.26040130853652954
13284,20,0.5057234168052673
13285,21,0.6445314884185791
13286,17,0.2661678194999695
13287,18,0.323631227016449
13288,21,0.617531418800354
13289,18,0.37050139904022217
13290,26,1.1115384101867676
13291,15,0.014072507619857788
13292,28,1.259498953819275
13293,17,0.22817373275756836
13294,10,-0.7421479225158691
13295,18,0.3090885281562805
13296,20,0.5811251401901245
13297,22,0.7251445055007935
13298,21,0.6401033401489258
13299,18,0.375277578830719
13300,19,0.43054187297821045
13301,20,0.5278428792953491
13302,18,0.272455096244812
13303,8,-0.9133296608924866
13304,16,0.09554615616798401
13305,18,0.3604905605316162
13306,23,0.8102694749832153
13307,21,0.685035228729248
13308,19,0.4732005000114441
13309,19,0.4397605061531067
13310,20,0.5637792944908142
13311,19,0.42931103706359863
13312,18,0.3618265390396118
13313,18,0.37874484062194824
13314,18,0.32454854249954224
13315,28,1.2432116270065308
13316,17,0.15059161186218262
13317,29,1.3086698055267334
13318,19,0.3963228464126587
13319,19,0.43753761053085327
13320,19,0.4494144916534424
13321,19,0.4867790937423706
13322,10,-0.7224696278572083
13323,18,0.291176438331604
13324,26,1.101926326751709
13325,24,0.9586577415466309
13326,24,0.9029136896133423
13327,19,0.39379721879959106
13328,18,0.35302865505218506
13329,24,0.9319665431976318
13330,19,0.45396947860717773
13331,18,0.3481411933898926
13332,29,1.2900662422180176
13333,22,0.7836606502532959
13334,26,1.0588233470916748
13335,19,0.41910576820373535
13336,21,0.6597428321838379
13337,22,0.782345175743103
13338,18,0.3547998070716858
13339,22,0.7417576313018799
13340,18,0.3145560622215271
13341,22,0.7539244890213013
13342,23,0.8835527896881104
13343,17,0.2661987543106079
13344,17,0.2551172971725464
13345,17,0.268126904964447
13346,25,0.9916630983352661
13347,24,0.9510409832000732
13348,19,0.46212708950042725
13349,20,0.5347621440887451
13350,17,0.19402414560317993
13351,17,0.22354817390441895
13352,22,0.7341943979263306
13353,27,1.1352685689926147
13354,23,0.8121325969696045
13355,18,0.28257477283477783
13356,18,0.3734005093574524
13357,24,0.950894832611084
13358,28,1.2459503412246704
13359,20,0.5490313172340393
13360,24,0.9477071762084961
13361,21,0.6739710569381714
13362,20,0.4956684112548828
13363,23,0.8526275157928467
13364,18,0.31247466802597046
13365,20,0.5067729949951172
13366,18,0.31503552198410034
13367,17,0.23950982093811035
13368,22,0.7298177480697632
13369,20,0.5470483899116516
13370,25,1.056564211845398
13371,19,0.3976864218711853
13372,18,0.36508113145828247
13373,21,0.6535859107971191
13374,15,-0.012555450201034546
13375,23,0.8266208171844482
13376,26,1.1236313581466675
13377,19,0.4357544779777527
13378,21,0.5915824174880981
13379,26,1.0675609111785889
13380,21,0.680505633354187
13381,30,1.402674674987793
13382,20,0.5688795447349548
13383,18,0.37325114011764526
13384,14,-0.1104714572429657
13385,19,0.40357255935668945
13386,17,0.2670937180519104
13387,25,0.987037181854248
13388,16,0.12926220893859863
13389,18,0.29615628719329834
13390,18,0.31799525022506714
13391,22,0.7701594829559326
13392,21,0.6464956998825073
13393,19,0.4043676257133484
13394,24,0.899700403213501
13395,18,0.3187750577926636
13396,18,0.33581358194351196
13397,20,0.5087292194366455
13398,18,0.34698766469955444
13399,19,0.41626566648483276
13400,19,0.4762832522392273
13401,18,0.3178465962409973
13402,21,0.5968430638313293
13403,25,1.0002590417861938
13404,18,0.33913958072662354
13405,18,0.36960142850875854
13406,19,0.465776264667511
13407,29,1.2743008136749268
13408,21,0.6560114622116089
13409,23,0.8523496389389038
13410,25,1.0250543355941772
13411,22,0.7586033344268799
13412,26,1.0735270977020264
13413,23,0.798218846321106
13414,18,0.34118539094924927
13415,19,0.39257895946502686
13416,21,0.596982479095459
13417,18,0.34582120180130005
13418,21,0.6435481309890747
13419,19,0.3885684013366699
13420,21,0.6538728475570679
13421,22,0.742435097694397
13422,22,0.769172191619873
13423,17,0.18917202949523926
13424,26,1.1205421686172485
13425,20,0.49193865060806274
13426,20,0.5320629477500916
13427,18,0.3437953591346741
13428,23,0.8516570329666138
13429,19,0.4188304543495178
13430,24,0.973688006401062
13431,20,0.5700088143348694
13432,26,1.1164629459381104
13433,18,0.33399462699890137
13434,18,0.36996376514434814
13435,19,0.4010469913482666
13436,30,1.3810935020446777
13437,24,0.9674690961837769
13438,27,1.1535255908966064
13439,21,0.6415596008300781
13440,17,0.21782463788986206
13441,24,0.9370776414871216
13442,19,0.4579220414161682
13443,18,0.3694322109222412
13444,18,0.35223907232284546
13445,18,0.334858238697052
13446,24,0.9640297889709473
13447,19,0.44707202911376953
13448,20,0.5512999296188354
13449,11,-0.5314584374427795
13450,19,0.47351932525634766
13451,18,0.3663156032562256
13452,25,1.0526926517486572
13453,22,0.7811863422393799
13454,25,1.0481756925582886
13455,18,0.3802489638328552
13456,24,0.9008278846740723
13457,22,0.7239460945129395
13458,22,0.7611600160598755
13459,21,0.6192867755889893
13460,21,0.6881647109985352
13461,18,0.3589469790458679
13462,10,-0.6915994882583618
13463,14,-0.11633071303367615
13464,18,0.3526528477668762
13465,18,0.349825382232666
13466,22,0.7063466310501099
13467,23,0.798468828201294
13468,18,0.38454681634902954
13469,19,0.4834551215171814
13470,20,0.49331480264663696
13471,23,0.8736941814422607
13472,14,-0.14671023190021515
13473,23,0.8066341876983643
13474,18,0.34864234924316406
13475,22,0.7435504198074341
13476,17,0.21691042184829712
13477,21,0.5964326858520508
13478,17,0.22494250535964966
13479,20,0.5690697431564331
13480,19,0.3975445628166199
13481,21,0.6296072006225586
13482,22,0.7193719148635864
13483,19,0.40089887380599976
13484,18,0.3192697763442993
13485,23,0.8878860473632812
13486,27,1.1540865898132324
13487,24,0.9729777574539185
13488,25,1.0006548166275024
13489,18,0.295690655708313
13490,18,0.3855537176132202
13491,18,0.27732354402542114
13492,18,0.3493254780769348
13493,22,0.7091876268386841
13494,16,0.07715055346488953
13495,18,0.31549209356307983
13496,19,0.42291706800460815
13497,17,0.25848060846328735
13498,21,0.6116632223129272
13499,18,0.3256898522377014
13500,21,0.688414454460144
13501,19,0.4154421091079712
13502,19,0.426629900932312
13503,18,0.2933279275894165
13504,20,0.5266563892364502
13505,17,0.23323380947113037
13506,18,0.3619042634963989
13507,28,1.2195985317230225
13508,22,0.7528624534606934
13509,18,0.32243335247039795
13510,27,1.1303921937942505
13511,17,0.16363441944122314
13512,18,0.3733859658241272
13513,19,0.46598416566848755
13514,20,0.5339543223381042
13515,22,0.7422511577606201
13516,23,0.8026773929595947
13517,19,0.44110602140426636
13518,18,0.27449196577072144
13519,24,0.9053099155426025
13520,18,0.31695371866226196
13521,18,0.3187897205352783
13522,20,0.5118093490600586
13523,19,0.46258115768432617
13524,17,0.16942888498306274
13525,19,0.4710232615470886
13526,19,0.44710999727249146
13527,22,0.7047518491744995
13528,18,0.3616687059402466
13529,17,0.178122878074646
13530,22,0.7056369781494141
13531,21,0.6294779777526855
13532,18,0.29175305366516113
13533,26,1.060619592666626
13534,18,0.36517268419265747
13535,20,0.5181134343147278
13536,21,0.5999656915664673
13537,16,0.13648360967636108
13538,10,-0.6563730835914612
13539,19,0.42449331283569336
13540,18,0.3154250383377075
13541,28,1.2292455434799194
13542,18,0.3404572606086731
13543,29,1.2698190212249756
13544,26,1.1179299354553223
13545,19,0.4301384687423706
13546,17,0.26376986503601074
13547,19,0.4860222339630127
13548,20,0.5412054061889648
13549,15,0.02689191699028015
13550,20,0.5003122091293335
13551,23,0.8347104787826538
13552,17,0.25551050901412964
13553,19,0.46858495473861694
13554,20,0.5001358985900879
13555,28,1.2564475536346436
13556,18,0.3496094346046448
13557,25,1.0421019792556763
13558,28,1.2543374300003052
13559,18,0.3035609722137451
13560,19,0.40182650089263916
13561,18,0.35427790880203247
13562,18,0.32582610845565796
13563,20,0.5593371987342834
13564,20,0.5539947152137756
13565,21,0.6128683090209961
13566,17,0.22689378261566162
13567,20,0.5038661360740662
13568,19,0.3960638642311096
13569,23,0.8503189086914062
13570,17,0.20710539817810059
13571,19,0.39694321155548096
13572,19,0.43265748023986816
13573,20,0.516912579536438
13574,17,0.2596428394317627
13575,18,0.33347970247268677
13576,18,0.3061874508857727
13577,24,0.9199236631393433
13578,19,0.3897821307182312
13579,25,1.0235505104064941
13580,22,0.7879306077957153
13581,23,0.814104437828064
13582,30,1.3690385818481445
13583,20,0.4988734722137451
13584,22,0.7282466888427734
13585,14,-0.16781039535999298
13586,22,0.7898848056793213
13587,21,0.6387238502502441
13588,20,0.5331243276596069
13589,23,0.853809118270874
13590,20,0.5732911229133606
13591,18,0.274794340133667
13592,22,0.7440462112426758
13593,17,0.22623586654663086
13594,21,0.6067060232162476
13595,20,0.5725012421607971
13596,24,0.9253655672073364
13597,26,1.082381010055542
13598,15,-0.04113036394119263
13599,26,1.1231502294540405
13600,20,0.5652429461479187
13601,23,0.8166295289993286
13602,21,0.6035166382789612
13603,19,0.42100346088409424
13604,18,0.332793653011322
13605,19,0.4168005585670471
13606,27,1.1671857833862305
13607,20,0.5050951838493347
13608,23,0.8397417068481445
13609,22,0.7761398553848267
13610,19,0.42907607555389404
13611,20,0.5466756224632263
13612,20,0.5458036065101624
13613,25,1.0281307697296143
13614,18,0.32945531606674194
13615,19,0.39986085891723633
13616,19,0.42686063051223755
13617,22,0.7552672624588013
13618,19,0.4011620879173279
13619,19,0.42699551582336426
13620,21,0.6789052486419678
13621,17,0.21676576137542725
13622,23,0.8284844160079956
13623,20,0.5019222497940063
13624,17,0.18420547246932983
13625,24,0.9640978574752808
13626,25,0.9852341413497925
13627,16,0.09113344550132751
13628,19,0.4233855605125427
13629,23,0.8843109607696533
13630,24,0.9192745685577393
13631,26,1.115732192993164
13632,13,-0.31051933765411377
13633,21,0.6019110083580017
13634,19,0.4522067904472351
13635,17,0.23430347442626953
13636,17,0.208659827709198
13637,26,1.0681753158569336
13638,19,0.45620107650756836
13639,21,0.645066499710083
13640,21,0.616923451423645
13641,23,0.8802392482757568
13642,19,0.439230740070343
13643,18,0.3794739842414856
13644,19,0.4303383231163025
13645,19,0.43165600299835205
13646,21,0.6103715300559998
13647,18,0.35917121171951294
13648,19,0.44257259368896484
13649,22,0.735923171043396
13650,19,0.4545750617980957
13651,27,1.1685435771942139
13652,18,0.31796056032180786
13653,18,0.27317941188812256
13654,18,0.36746078729629517
13655,30,1.3837851285934448
13656,18,0.3450906276702881
13657,18,0.36841756105422974
13658,21,0.6279630661010742
13659,22,0.7802262306213379
13660,22,0.7350836992263794
13661,25,1.0421258211135864
13662,16,0.11545255780220032
13663,22,0.7817127704620361
13664,15,-0.060943156480789185
13665,15,-0.009547621011734009
13666,19,0.3933194875717163
13667,19,0.4797735810279846
13668,20,0.528960108757019
13669,28,1.2123374938964844
13670,19,0.4353049397468567
13671,24,0.9629213809967041
13672,20,0.5420703291893005
13673,21,0.6174172163009644
13674,17,0.19249111413955688
13675,19,0.45012325048446655
13676,22,0.7652605772018433
13677,19,0.4569029211997986
13678,21,0.6372333765029907
13679,18,0.2723085880279541
13680,18,0.3433111906051636
13681,17,0.1581357717514038
13682,19,0.47364670038223267
13683,19,0.48927056789398193
13684,19,0.45079660415649414
13685,20,0.5036379098892212
13686,18,0.29511964321136475
13687,19,0.44580143690109253
13688,18,0.3759457468986511
13689,18,0.29839181900024414
13690,23,0.7939127683639526
13691,20,0.5523093938827515
13692,26,1.110669732093811
13693,20,0.5755473971366882
13694,24,0.9372347593307495
13695,28,1.2295424938201904
13696,21,0.6538804769515991
13697,19,0.4572126865386963
13698,23,0.797522783279419
13699,13,-0.2252032309770584
13700,22,0.7681665420532227
13701,22,0.7333661317825317
13702,21,0.6387957334518433
13703,24,0.91948401927948
13704,20,0.5052797794342041
13705,19,0.4149712324142456
13706,17,0.17532795667648315
13707,18,0.3155021667480469
13708,24,0.924871563911438
13709,24,0.9255738258361816
13710,19,0.4397439956665039
13711,19,0.4010516405105591
13712,20,0.5400335788726807
13713,29,1.277928352355957
13714,22,0.759185791015625
13715,19,0.4781426191329956
13716,17,0.23721683025360107
13717,18,0.38080358505249023
13718,23,0.830389142036438
13719,13,-0.24703969061374664
13720,19,0.42214304208755493
13721,26,1.0649449825286865
13722,22,0.7769287824630737
13723,27,1.1439087390899658
13724,19,0.43743807077407837
13725,21,0.5898532867431641
13726,19,0.4042149782180786
13727,25,1.0339908599853516
13728,22,0.7135534286499023
13729,15,-0.017126888036727905
13730,23,0.8274818658828735
13731,13,-0.2962365746498108
13732,18,0.3193252682685852
13733,20,0.5483208894729614
13734,19,0.3963295817375183
13735,20,0.5437769293785095
13736,19,0.4654025435447693
13737,19,0.44402265548706055
13738,18,0.3277037739753723
13739,20,0.5671241283416748
13740,19,0.4739219546318054
13741,18,0.32863849401474
13742,2,-1.5793142318725586
13743,29,1.2917283773422241
13744,18,0.31661027669906616
13745,19,0.45850199460983276
13746,20,0.5302040576934814
13747,22,0.7642600536346436
13748,22,0.7194355726242065
13749,21,0.608051061630249
13750,22,0.7160278558731079
13751,20,0.551780104637146
13752,24,0.9711138010025024
13753,19,0.4852476716041565
13754,18,0.35346513986587524
13755,19,0.46176743507385254
13756,19,0.4243595600128174
13757,19,0.4244003891944885
13758,22,0.7101163864135742
13759,27,1.1301534175872803
13760,18,0.34087663888931274
13761,18,0.36147743463516235
13762,19,0.40332359075546265
13763,17,0.26803749799728394
13764,20,0.5390403866767883
13765,24,0.9260146617889404
13766,23,0.7948559522628784
13767,21,0.6452145576477051
13768,20,0.5884777903556824
13769,18,0.27051907777786255
13770,20,0.5127987861633301
13771,30,1.3419631719589233
13772,18,0.3737126588821411
13773,18,0.3744974136352539
13774,18,0.3728952407836914
13775,19,0.4310144782066345
13776,21,0.589737057685852
13777,21,0.6686609983444214
13778,21,0.6212406158447266
13779,22,0.7515573501586914
13780,22,0.7453814744949341
13781,19,0.4519278407096863
13782,26,1.1226762533187866
13783,27,1.1510363817214966
13784,30,1.4126988649368286
13785,23,0.8050973415374756
13786,22,0.7112869024276733
13787,25,0.99286949634552
13788,19,0.48268622159957886
13789,22,0.7709287405014038
13790,20,0.5341488718986511
13791,18,0.2908114790916443
13792,19,0.45699411630630493
13793,19,0.4653588533401489
13794,27,1.1344091892242432
13795,17,0.2669473886489868
13796,24,0.9689493179321289
13797,20,0.5282036066055298
13798,20,0.5124689936637878
13799,22,0.6950591802597046
13800,23,0.872036337852478
13801,19,0.4396657943725586
13802,30,1.4244472980499268
13803,19,0.45528697967529297
13804,21,0.6284042596817017
13805,25,1.0263093709945679
13806,29,1.334553837776184
13807,28,1.2246429920196533
13808,16,0.14155101776123047
13809,26,1.1126518249511719
13810,23,0.8404744863510132
13811,15,-0.009092122316360474
13812,22,0.7182254791259766
13813,21,0.6455914974212646
13814,14,-0.15026327967643738
13815,24,0.9735363721847534
13816,20,0.5543882250785828
13817,21,0.6208760738372803
13818,19,0.4285600781440735
13819,24,0.8913418054580688
13820,19,0.4692903757095337
13821,23,0.837448000907898
13822,22,0.7713977098464966
13823,22,0.7884507179260254
13824,18,0.3469941020011902
13825,20,0.5849456191062927
13826,20,0.5417263507843018
13827,20,0.49738043546676636
13828,19,0.43903374671936035
13829,21,0.657795786857605
13830,19,0.417370080947876
13831,26,1.0961990356445312
13832,12,-0.3899831473827362
13833,20,0.5407774448394775
13834,24,0.9126561880111694
13835,18,0.38528990745544434
13836,18,0.299888014793396
13837,22,0.7444263696670532
13838,26,1.0740236043930054
13839,23,0.8793336153030396
13840,19,0.44328516721725464
13841,18,0.3795472979545593
13842,23,0.8836842775344849
13843,21,0.6252155303955078
13844,19,0.48881077766418457
13845,18,0.3466234803199768
13846,21,0.6106856465339661
13847,19,0.4118865728378296
13848,18,0.37481188774108887
13849,25,1.0425339937210083
13850,22,0.7911840677261353
13851,19,0.432630717754364
13852,19,0.4372982382774353
13853,20,0.5513780117034912
13854,23,0.8022730350494385
13855,23,0.7932306528091431
13856,23,0.856825590133667
13857,24,0.9250376224517822
13858,19,0.41566628217697144
13859,25,1.0082639455795288
13860,22,0.7041885852813721
13861,20,0.4904186725616455
13862,18,0.3568589687347412
13863,22,0.7789579629898071
13864,19,0.46828699111938477
13865,21,0.6427279710769653
13866,19,0.43971842527389526
13867,25,0.9880279302597046
13868,14,-0.1982952207326889
13869,27,1.1407909393310547
13870,22,0.7770882844924927
13871,20,0.5756641626358032
13872,19,0.41993916034698486
13873,19,0.4371265172958374
13874,19,0.4002053737640381
13875,21,0.605212926864624
13876,25,1.0344310998916626
13877,24,0.9258536100387573
13878,22,0.6967563629150391
13879,20,0.5065731406211853
13880,19,0.4186803698539734
13881,18,0.27129513025283813
13882,22,0.7126685380935669
13883,19,0.3959200382232666
13884,19,0.4841632843017578
13885,19,0.44969260692596436
13886,19,0.41520100831985474
13887,23,0.8174750804901123
13888,30,1.3795020580291748
13889,17,0.24862462282180786
13890,15,0.02252107858657837
13891,20,0.5300442576408386
13892,25,1.0330997705459595
13893,19,0.4563186764717102
13894,19,0.4019657373428345
13895,19,0.4014201760292053
13896,23,0.8471560478210449
13897,22,0.7649358510971069
13898,19,0.47696977853775024
13899,20,0.49819809198379517
13900,20,0.4907604455947876
13901,12,-0.3522270619869232
13902,21,0.6157740950584412
13903,19,0.48989880084991455
13904,19,0.424487829208374
13905,22,0.7592929601669312
13906,19,0.43559956550598145
13907,19,0.42100125551223755
13908,18,0.31911522150039673
13909,22,0.7358790636062622
13910,19,0.4191429018974304
13911,23,0.8110655546188354
13912,22,0.7506400346755981
13913,7,-1.03778874874115
13914,30,1.3597102165222168
13915,18,0.3389638662338257
13916,20,0.5654197931289673
13917,22,0.7841176986694336
13918,26,1.1159098148345947
13919,22,0.7229598760604858
13920,25,1.011453628540039
13921,20,0.49297893047332764
13922,18,0.38002175092697144
13923,23,0.8473896980285645
13924,24,0.9514353275299072
13925,20,0.5101113319396973
13926,29,1.3126438856124878
13927,19,0.38699036836624146
13928,22,0.7200565338134766
13929,22,0.7768220901489258
13930,23,0.8727872371673584
13931,29,1.3332260847091675
13932,19,0.4853070378303528
13933,19,0.4662218689918518
13934,17,0.21459811925888062
13935,22,0.720389723777771
13936,17,0.16993659734725952
13937,18,0.3369697332382202
13938,28,1.223558783531189
13939,21,0.5986693501472473
13940,20,0.5702702403068542
13941,26,1.0707606077194214
13942,19,0.45390820503234863
13943,29,1.3021504878997803
13944,19,0.4806252121925354
13945,18,0.34570276737213135
13946,20,0.5147644281387329
13947,19,0.4031364321708679
13948,24,0.929772138595581
13949,21,0.614470362663269
13950,23,0.7978733777999878
13951,16,0.05372685194015503
13952,18,0.3855881690979004
13953,19,0.4597235321998596
13954,23,0.8833056688308716
13955,22,0.7667907476425171
13956,14,-0.19239000976085663
13957,19,0.4839584231376648
13958,25,1.0081387758255005
13959,20,0.5703141093254089
13960,20,0.5476099252700806
13961,20,0.5063369870185852
13962,25,0.998674750328064
13963,22,0.7433520555496216
13964,30,1.406599760055542
13965,22,0.7778403759002686
13966,24,0.9563243389129639
13967,27,1.1742855310440063
13968,20,0.5560276508331299
13969,17,0.2539784908294678
13970,22,0.7537322044372559
13971,20,0.4969659447669983
13972,21,0.6425225734710693
13973,19,0.48706525564193726
13974,22,0.6930471658706665
13975,22,0.7295842170715332
13976,24,0.9689228534698486
13977,23,0.7991876602172852
13978,21,0.6744438409805298
13979,16,0.11876392364501953
13980,20,0.49074506759643555
13981,19,0.43635672330856323
13982,30,1.418516755104065
13983,19,0.3901411294937134
13984,7,-1.1140801906585693
13985,22,0.7893763780593872
13986,21,0.6578801870346069
13987,22,0.784553050994873
13988,19,0.47979485988616943
13989,19,0.40809309482574463
13990,8,-0.9508101344108582
13991,17,0.2572954297065735
13992,21,0.6799216270446777
13993,22,0.7798974514007568
13994,18,0.34898942708969116
13995,13,-0.2879239618778229
13996,20,0.5539411902427673
13997,19,0.47294753789901733
13998,20,0.5252991318702698
13999,19,0.42146486043930054
14000,19,0.47949451208114624
14001,24,0.9642282724380493
14002,26,1.0668799877166748
14003,23,0.7925915718078613
14004,19,0.47053593397140503
14005,19,0.4262346029281616
14006,16,0.13028407096862793
14007,17,0.17934173345565796
14008,17,0.24001431465148926
14009,21,0.6223330497741699
14010,17,0.2451724410057068
14011,15,-0.04060947895050049
14012,19,0.39766669273376465
14013,16,0.10756918787956238
14014,22,0.7280769348144531
14015,21,0.6470896005630493
14016,19,0.40787702798843384
14017,23,0.8683415651321411
14018,21,0.6516557931900024
14019,18,0.3285343050956726
14020,19,0.40978729724884033
14021,16,0.10975363850593567
14022,23,0.8218462467193604
14023,22,0.740412712097168
14024,20,0.5607756972312927
14025,19,0.4676976203918457
14026,26,1.1285099983215332
14027,20,0.4928312301635742
14028,21,0.6352695226669312
14029,26,1.0855234861373901
14030,18,0.3619047999382019
14031,20,0.5503842234611511
14032,21,0.6304737329483032
14033,30,1.3418620824813843
14034,23,0.8132861852645874
14035,19,0.3961523175239563
14036,25,0.9986798763275146
14037,17,0.2258957028388977
14038,19,0.4804205894470215
14039,15,-0.03342375159263611
14040,19,0.4038817882537842
14041,18,0.38345056772232056
14042,19,0.4610002636909485
14043,23,0.8094738721847534
14044,20,0.4907350540161133
14045,22,0.7636241912841797
14046,20,0.5434107184410095
14047,18,0.3577697277069092
14048,20,0.5057236552238464
14049,23,0.8762087821960449
14050,20,0.5871515870094299
14051,24,0.891548752784729
14052,18,0.3112732768058777
14053,19,0.40269196033477783
14054,19,0.41361695528030396
14055,22,0.7789188623428345
14056,22,0.7412374019622803
14057,19,0.4700204133987427
14058,19,0.4673994779586792
14059,19,0.41854017972946167
14060,19,0.4474329948425293
14061,20,0.5392555594444275
14062,21,0.6087770462036133
14063,30,1.3465574979782104
14064,27,1.1578218936920166
14065,17,0.19799673557281494
14066,20,0.5045681595802307
14067,19,0.3947846293449402
14068,22,0.7848678827285767
14069,20,0.5147514939308167
14070,25,1.0041193962097168
14071,3,-1.5252299308776855
14072,28,1.2297569513320923
14073,20,0.5034279823303223
14074,20,0.5775589942932129
14075,25,0.9888039827346802
14076,19,0.4392297863960266
14077,17,0.23036187887191772
14078,24,0.9259096384048462
14079,15,-0.05483287572860718
14080,26,1.0734838247299194
14081,20,0.5128543376922607
14082,27,1.1934995651245117
14083,23,0.8215535879135132
14084,21,0.6367496252059937
14085,19,0.4876898527145386
14086,27,1.1612935066223145
14087,23,0.8041454553604126
14088,19,0.444968581199646
14089,22,0.7708146572113037
14090,21,0.5924001336097717
14091,17,0.16706383228302002
14092,23,0.8492234945297241
14093,20,0.5445317625999451
14094,23,0.8290681838989258
14095,18,0.35985445976257324
14096,20,0.5628005266189575
14097,20,0.4998658299446106
14098,21,0.617089033126831
14099,15,-0.05997580289840698
14100,22,0.7339928150177002
14101,18,0.2930920124053955
14102,24,0.9194061756134033
14103,29,1.2923320531845093
14104,21,0.6650159358978271
14105,20,0.5477859377861023
14106,24,0.9575557708740234
14107,22,0.7803506851196289
14108,22,0.7055255174636841
14109,21,0.6906778812408447
14110,22,0.696182370185852
14111,19,0.44282084703445435
14112,20,0.5025705099105835
14113,22,0.6962472200393677
14114,21,0.640964150428772
14115,22,0.6941040754318237
14116,20,0.4935482144355774
14117,20,0.4973400831222534
14118,21,0.6034818887710571
14119,27,1.167972207069397
14120,19,0.4607486128807068
14121,21,0.648378849029541
14122,21,0.6397202014923096
14123,22,0.7285299301147461
14124,19,0.47557443380355835
14125,9,-0.8093109130859375
14126,20,0.5034817457199097
14127,18,0.31625622510910034
14128,23,0.8792761564254761
14129,18,0.2885551452636719
14130,23,0.8455703258514404
14131,26,1.1240512132644653
14132,27,1.1926475763320923
14133,13,-0.23608282208442688
14134,22,0.7205239534378052
14135,23,0.8434913158416748
14136,30,1.3595657348632812
14137,20,0.5851315855979919
14138,24,0.9151924848556519
14139,22,0.7440762519836426
14140,19,0.4823682904243469
14141,19,0.4766099452972412
14142,22,0.7401984930038452
14143,25,0.9913185834884644
14144,23,0.8822133541107178
14145,22,0.7124123573303223
14146,20,0.5687037110328674
14147,19,0.4097786545753479
14148,23,0.8452440500259399
14149,20,0.5614686608314514
14150,18,0.37292802333831787
14151,20,0.5451800227165222
14152,19,0.4242022633552551
14153,24,0.9506626129150391
14154,21,0.6462610960006714
14155,22,0.7760193347930908
14156,20,0.4923674464225769
14157,19,0.39944952726364136
14158,22,0.7733811140060425
14159,14,-0.12848666310310364
14160,29,1.2870914936065674
14161,28,1.2022861242294312
14162,19,0.3979873061180115
14163,18,0.27191460132598877
14164,21,0.6199491024017334
14165,19,0.4226824641227722
14166,21,0.6545889377593994
14167,22,0.758048415184021
14168,21,0.6651641130447388
14169,16,0.10501658916473389
14170,21,0.6497670412063599
14171,26,1.1120562553405762
14172,19,0.4618028998374939
14173,16,0.14317840337753296
14174,19,0.39620012044906616
14175,19,0.479455828666687
14176,20,0.521337628364563
14177,30,1.3604321479797363
14178,30,1.4188660383224487
14179,20,0.5196851491928101
14180,20,0.5757831931114197
14181,18,0.33873456716537476
14182,26,1.085782766342163
14183,23,0.8372468948364258
14184,23,0.8648366928100586
14185,20,0.562264084815979
14186,21,0.6506059169769287
14187,20,0.5843683481216431
14188,21,0.6021770238876343
14189,23,0.8465685844421387
14190,23,0.7981971502304077
14191,27,1.1828786134719849
14192,25,1.0372910499572754
14193,19,0.4735174775123596
14194,21,0.6087628602981567
14195,24,0.9682348966598511
14196,22,0.7689206600189209
14197,23,0.8163436651229858
14198,21,0.6125030517578125
14199,23,0.8849049806594849
14200,24,0.8914639949798584
14201,30,1.3436981439590454
14202,22,0.7204116582870483
14203,23,0.8068575859069824
14204,25,1.0288105010986328
14205,19,0.41487789154052734
14206,18,0.2752113342285156
14207,23,0.8114252090454102
14208,24,0.9502899646759033
14209,24,0.9288691282272339
14210,20,0.5262685418128967
14211,19,0.46919047832489014
14212,28,1.2215465307235718
14213,29,1.2893387079238892
14214,24,0.9216783046722412
14215,20,0.5447655916213989
14216,20,0.5249261260032654
14217,17,0.2621333599090576
14218,20,0.5551847815513611
14219,21,0.6334710121154785
14220,22,0.7483322620391846
14221,25,0.9920324087142944
14222,21,0.6335756778717041
14223,24,0.9573705196380615
14224,30,1.4029879570007324
14225,25,1.0304315090179443
14226,19,0.4393892288208008
14227,21,0.6299155950546265
14228,17,0.23948407173156738
14229,26,1.0860923528671265
14230,19,0.44698792695999146
14231,19,0.46532636880874634
14232,29,1.2848149538040161
14233,20,0.5814006924629211
14234,24,0.9728846549987793
14235,19,0.3913657069206238
14236,19,0.44239795207977295
14237,17,0.19939661026000977
14238,24,0.9511487483978271
14239,24,0.9169080257415771
14240,18,0.3260653018951416
14241,24,0.8961918354034424
14242,22,0.7407616376876831
14243,25,1.018621563911438
14244,20,0.5473757982254028
14245,20,0.4962475299835205
14246,22,0.7541269063949585
14247,28,1.2125498056411743
14248,19,0.41445785760879517
14249,24,0.9003680944442749
14250,22,0.7420029640197754
14251,24,0.912045955657959
14252,20,0.5383356213569641
14253,19,0.4003623127937317
14254,21,0.6416127681732178
14255,19,0.43875014781951904
14256,21,0.5896596908569336
14257,20,0.5112764239311218
14258,24,0.9398025274276733
14259,30,1.3800984621047974
14260,23,0.8152937889099121
14261,19,0.4686676859855652
14262,24,0.8938503265380859
14263,20,0.5628435611724854
14264,22,0.7093929052352905
14265,20,0.5806850790977478
14266,23,0.8415762186050415
14267,15,-0.05564066767692566
14268,19,0.4332551956176758
14269,26,1.1234686374664307
14270,28,1.2395433187484741
14271,19,0.4531118869781494
14272,26,1.092029333114624
14273,18,0.37635964155197144
14274,19,0.4070717692375183
14275,20,0.5253585577011108
14276,23,0.8538817167282104
14277,21,0.6191457509994507
14278,22,0.7134209871292114
14279,20,0.5864642262458801
14280,10,-0.7414036989212036
14281,28,1.2095389366149902
14282,22,0.7362178564071655
14283,21,0.5968371629714966
14284,18,0.30901193618774414
14285,22,0.6995490789413452
14286,20,0.5215643644332886
14287,20,0.5521953701972961
14288,26,1.0889616012573242
14289,23,0.8735256195068359
14290,20,0.5456409454345703
14291,20,0.5569917559623718
14292,21,0.648613691329956
14293,20,0.5047732591629028
14294,19,0.3881271481513977
14295,20,0.5317153930664062
14296,18,0.3618674874305725
14297,20,0.5549631714820862
14298,20,0.5367110967636108
14299,24,0.9305437803268433
14300,18,0.28228849172592163
14301,29,1.3203648328781128
14302,18,0.2878817915916443
14303,12,-0.4226747453212738
14304,22,0.7718030214309692
14305,19,0.4082871675491333
14306,22,0.7355157136917114
14307,21,0.6337260007858276
14308,24,0.950037956237793
14309,19,0.47546011209487915
14310,24,0.9607267379760742
14311,22,0.747992992401123
14312,14,-0.1568555235862732
14313,20,0.5032990574836731
14314,28,1.2470184564590454
14315,20,0.526787519454956
14316,23,0.8567732572555542
14317,21,0.6666603088378906
14318,24,0.9304848909378052
14319,20,0.5398321747779846
14320,20,0.5745666027069092
14321,27,1.1655800342559814
14322,24,0.9562227725982666
14323,20,0.5521354675292969
14324,20,0.5663591623306274
14325,28,1.2177239656448364
14326,19,0.4662379026412964
14327,21,0.6422486305236816
14328,21,0.6635974645614624
14329,21,0.6885470151901245
14330,21,0.6682943105697632
14331,22,0.7247755527496338
14332,26,1.0675896406173706
14333,20,0.5439437627792358
14334,19,0.43399930000305176
14335,21,0.6924041509628296
14336,21,0.5945448279380798
14337,19,0.446688175201416
14338,17,0.16070687770843506
14339,23,0.8192453384399414
14340,20,0.5485419631004333
14341,19,0.42804020643234253
14342,20,0.5517776012420654
14343,19,0.4322699308395386
14344,21,0.6275209188461304
14345,25,1.0080679655075073
14346,24,0.9064507484436035
14347,19,0.39597922563552856
14348,21,0.6546930074691772
14349,23,0.8703029155731201
14350,19,0.43378114700317383
14351,18,0.35349148511886597
14352,20,0.555140495300293
14353,19,0.4003674387931824
14354,22,0.7795833349227905
14355,19,0.412810742855072
14356,18,0.2770460844039917
14357,21,0.6358922719955444
14358,19,0.4514307379722595
14359,24,0.9012683629989624
14360,19,0.48129981756210327
14361,30,1.3398470878601074
14362,22,0.778640627861023
14363,22,0.7150540351867676
14364,19,0.47125130891799927
14365,21,0.6095340847969055
14366,19,0.40723586082458496
14367,19,0.3983836770057678
14368,18,0.37169134616851807
14369,9,-0.8673537373542786
14370,22,0.7489134073257446
14371,21,0.6228377819061279
14372,19,0.4352143406867981
14373,18,0.37016671895980835
14374,28,1.2214429378509521
14375,19,0.4850804805755615
14376,21,0.657730221748352
14377,23,0.8186953067779541
14378,18,0.3773941993713379
14379,19,0.3975948691368103
14380,24,0.9239624738693237
14381,17,0.2284027338027954
14382,20,0.5002829432487488
14383,20,0.4947994351387024
14384,26,1.1078556776046753
14385,30,1.35812246799469
14386,24,0.8930593729019165
14387,21,0.5971853733062744
14388,17,0.17736005783081055
14389,25,0.9924283027648926
14390,30,1.3467987775802612
14391,22,0.7323163747787476
14392,23,0.8174442052841187
14393,20,0.5631629824638367
14394,21,0.6202194690704346
14395,29,1.3183536529541016
14396,19,0.47686153650283813
14397,25,1.0522087812423706
14398,20,0.5353991389274597
14399,25,1.0212115049362183
14400,22,0.7463787794113159
14401,26,1.097959280014038
14402,21,0.6284558773040771
14403,18,0.2860034108161926
14404,20,0.5170533657073975
14405,24,0.970486044883728
14406,19,0.4494701027870178
14407,30,1.411129355430603
14408,21,0.6124759316444397
14409,30,1.3967565298080444
14410,20,0.5582875609397888
14411,23,0.8329988718032837
14412,22,0.6984597444534302
14413,22,0.7351342439651489
14414,21,0.6563074588775635
14415,21,0.6559431552886963
14416,24,0.9473843574523926
14417,20,0.5028897523880005
14418,20,0.5443641543388367
14419,17,0.15028446912765503
14420,23,0.8310263156890869
14421,21,0.6701539754867554
14422,25,1.010893702507019
14423,16,0.09628453850746155
14424,20,0.4922468066215515
14425,19,0.47046542167663574
14426,19,0.45349442958831787
14427,19,0.4582088589668274
14428,19,0.4084349274635315
14429,21,0.6030526757240295
14430,20,0.5330732464790344
14431,20,0.5719053149223328
14432,27,1.1447030305862427
14433,20,0.5472403764724731
14434,24,0.9232667684555054
14435,25,1.052011489868164
14436,21,0.6471496820449829
14437,19,0.4397956132888794
14438,21,0.6619490385055542
14439,28,1.239872932434082
14440,22,0.7265176773071289
14441,30,1.412103533744812
14442,27,1.1867780685424805
14443,22,0.7861109972000122
14444,23,0.8821296691894531
14445,20,0.5363810062408447
14446,17,0.19291377067565918
14447,26,1.1237084865570068
14448,20,0.5291497111320496
14449,20,0.5003467202186584
14450,19,0.4643360376358032
14451,20,0.5508995652198792
14452,18,0.3673059344291687
14453,20,0.5357340574264526
14454,22,0.7184338569641113
14455,16,0.030427992343902588
14456,24,0.9332164525985718
14457,20,0.5324480533599854
14458,21,0.6000389456748962
14459,21,0.6620365381240845
14460,20,0.5677139163017273
14461,23,0.8277021646499634
14462,21,0.5994813442230225
14463,20,0.5459603667259216
14464,24,0.9500960111618042
14465,19,0.4532051682472229
14466,20,0.511880099773407
14467,30,1.3702884912490845
14468,29,1.2848368883132935
14469,19,0.434423565864563
14470,23,0.8772772550582886
14471,20,0.5725056529045105
14472,23,0.812760591506958
14473,13,-0.32992348074913025
14474,22,0.7045984268188477
14475,18,0.3383808135986328
14476,23,0.8039604425430298
14477,22,0.7317099571228027
14478,20,0.5626999139785767
14479,24,0.9296376705169678
14480,20,0.5806450843811035
14481,20,0.5845388174057007
14482,24,0.9566235542297363
14483,29,1.3128926753997803
14484,22,0.7738962173461914
14485,27,1.1712703704833984
14486,20,0.520106852054596
14487,21,0.6356960535049438
14488,20,0.5569266080856323
14489,20,0.5231793522834778
14490,21,0.6172230243682861
14491,21,0.6259908676147461
14492,22,0.7425711154937744
14493,22,0.7222156524658203
14494,20,0.5593799352645874
14495,22,0.69891357421875
14496,25,0.9763807058334351
14497,20,0.5648216009140015
14498,28,1.2004084587097168
14499,25,1.0510302782058716
14500,24,0.9586265087127686
14501,21,0.609576404094696
14502,20,0.565784752368927
14503,21,0.634597897529602
14504,22,0.7170426845550537
14505,21,0.6005247235298157
14506,14,-0.14088165760040283
14507,22,0.752098798751831
14508,20,0.5304849743843079
14509,28,1.2479465007781982
14510,21,0.6804816722869873
14511,30,1.4041892290115356
14512,21,0.6911575794219971
14513,20,0.5840029716491699
14514,21,0.6652817726135254
14515,24,0.9165823459625244
14516,17,0.1817273497581482
14517,26,1.0973951816558838
14518,28,1.2359495162963867
14519,20,0.5869578123092651
14520,19,0.48306018114089966
14521,20,0.5266439914703369
14522,21,0.607518196105957
14523,24,0.9361088275909424
14524,22,0.7062574625015259
14525,26,1.0869739055633545
14526,22,0.7068264484405518
14527,23,0.8447318077087402
14528,22,0.763778805732727
14529,21,0.6267908811569214
14530,21,0.6016054749488831
14531,20,0.5529410243034363
14532,21,0.689424991607666
14533,28,1.206794023513794
14534,20,0.5823395848274231
14535,22,0.7295423746109009
14536,26,1.0907047986984253
14537,18,0.35731691122055054
14538,22,0.704554557800293
14539,21,0.6056918501853943
14540,17,0.15226447582244873
14541,19,0.48683297634124756
14542,24,0.9613950252532959
14543,26,1.0613354444503784
14544,24,0.9256186485290527
14545,18,0.30700916051864624
14546,20,0.5518594980239868
14547,26,1.0953795909881592
14548,21,0.6068658828735352
14549,18,0.27009105682373047
14550,21,0.6149703860282898
14551,20,0.4990014433860779
14552,20,0.573158860206604
14553,19,0.46496134996414185
14554,30,1.3893074989318848
14555,24,0.9187701940536499
14556,7,-1.0242294073104858
14557,21,0.6105252504348755
14558,20,0.5356414914131165
14559,19,0.47771555185317993
14560,8,-0.9421798586845398
14561,21,0.627922534942627
14562,20,0.5882598161697388
14563,25,1.0095075368881226
14564,19,0.46900713443756104
14565,23,0.7936745882034302
14566,20,0.5294448733329773
14567,19,0.4459379315376282
14568,28,1.2083089351654053
14569,27,1.1802570819854736
14570,23,0.856450080871582
14571,27,1.1918388605117798
14572,22,0.7462495565414429
14573,25,1.0230358839035034
14574,21,0.6056003570556641
14575,25,0.9867753982543945
14576,24,0.9397082328796387
14577,20,0.5599330067634583
14578,21,0.6367479562759399
14579,20,0.5341090559959412
14580,22,0.7557003498077393
14581,20,0.5697450637817383
14582,23,0.876732349395752
14583,20,0.512664794921875
14584,20,0.5018245577812195
14585,17,0.2570602297782898
14586,22,0.7139923572540283
14587,24,0.9469902515411377
14588,26,1.1082690954208374
14589,19,0.44664013385772705
14590,20,0.5558013319969177
14591,19,0.4129510521888733
14592,20,0.5037716031074524
14593,21,0.6018326282501221
14594,26,1.0769362449645996
14595,21,0.6358962059020996
14596,21,0.6600363254547119
14597,28,1.2015289068222046
14598,24,0.9431134462356567
14599,21,0.6389703750610352
14600,20,0.5565025806427002
14601,27,1.1538008451461792
14602,25,0.9888290166854858
14603,18,0.3699324131011963
14604,19,0.4423953890800476
14605,21,0.6661423444747925
14606,18,0.2945989966392517
14607,28,1.264100432395935
14608,20,0.5072615146636963
14609,20,0.5586445331573486
14610,17,0.18238991498947144
14611,25,0.990017294883728
14612,21,0.676665186882019
14613,19,0.47234970331192017
14614,25,1.0129971504211426
14615,24,0.9360753297805786
14616,20,0.5229718685150146
14617,23,0.8284075260162354
14618,21,0.6296577453613281
14619,20,0.5521382689476013
14620,24,0.9489727020263672
14621,21,0.6843550205230713
14622,24,0.9660580158233643
14623,19,0.46454793214797974
14624,24,0.9440799951553345
14625,14,-0.09773164987564087
14626,23,0.7950904369354248
14627,29,1.3354871273040771
14628,20,0.5895294547080994
14629,21,0.6157624125480652
14630,19,0.47610586881637573
14631,18,0.33610767126083374
14632,23,0.8373185396194458
14633,22,0.7193281650543213
14634,23,0.8191025257110596
14635,25,0.9767556190490723
14636,24,0.9116576910018921
14637,25,0.9951581954956055
14638,22,0.7799077033996582
14639,29,1.2807525396347046
14640,20,0.575700581073761
14641,19,0.4235265851020813
14642,19,0.4311857223510742
14643,20,0.5530664324760437
14644,25,1.0095055103302002
14645,30,1.3648713827133179
14646,21,0.6302649974822998
14647,20,0.5363845825195312
14648,20,0.5810543894767761
14649,21,0.6531938314437866
14650,20,0.5072725415229797
14651,21,0.6081026196479797
14652,20,0.5765741467475891
14653,21,0.6871819496154785
14654,22,0.7710411548614502
14655,21,0.6657981872558594
14656,21,0.6122415661811829
14657,22,0.7665454149246216
14658,21,0.5977460741996765
14659,23,0.8708240985870361
14660,22,0.7328031063079834
14661,30,1.4159711599349976
14662,21,0.6909497976303101
14663,21,0.6360284090042114
14664,20,0.5713136792182922
14665,20,0.5442100763320923
14666,20,0.5746676325798035
14667,28,1.2287726402282715
14668,10,-0.6626019477844238
14669,20,0.5420349836349487
14670,21,0.6147204637527466
14671,26,1.0684711933135986
14672,21,0.6001570224761963
14673,18,0.3658565878868103
14674,23,0.8033679723739624
14675,17,0.24395394325256348
14676,24,0.9217053651809692
14677,21,0.5971471071243286
14678,21,0.6295732259750366
14679,20,0.5523070693016052
14680,20,0.5074893236160278
14681,21,0.6313546895980835
14682,21,0.6034005284309387
14683,19,0.4300386309623718
14684,21,0.6059272289276123
14685,23,0.8460808992385864
14686,20,0.5884451866149902
14687,21,0.6173851490020752
14688,21,0.6509655714035034
14689,27,1.1698681116104126
14690,24,0.9689456224441528
14691,24,0.9081481695175171
14692,20,0.5810871124267578
14693,30,1.390907645225525
14694,14,-0.1294805109500885
14695,25,1.0525952577590942
14696,22,0.7269219160079956
14697,20,0.5221203565597534
14698,20,0.589342474937439
14699,28,1.2638436555862427
14700,22,0.7224624156951904
14701,19,0.4889833331108093
14702,20,0.576624870300293
14703,20,0.5379579663276672
14704,19,0.48639100790023804
14705,25,1.0490535497665405
14706,10,-0.7258167266845703
14707,21,0.6019967794418335
14708,21,0.5935806035995483
14709,21,0.6624735593795776
14710,22,0.7270501852035522
14711,21,0.5901599526405334
14712,20,0.5857059955596924
14713,20,0.5049551725387573
14714,26,1.0634580850601196
14715,21,0.621455192565918
14716,21,0.6234188079833984
14717,25,0.9855180978775024
14718,22,0.731033444404602
14719,21,0.6083834171295166
14720,22,0.7295509576797485
14721,21,0.6748406887054443
14722,20,0.5530073046684265
14723,16,0.12504899501800537
14724,24,0.9648985862731934
14725,20,0.5599177479743958
14726,18,0.3788394331932068
14727,18,0.31718724966049194
14728,26,1.124771237373352
14729,20,0.49720674753189087
14730,17,0.170606791973114
14731,20,0.5606080293655396
14732,19,0.43107521533966064
14733,21,0.6158520579338074
14734,15,0.008149266242980957
14735,7,-1.1092482805252075
14736,13,-0.22856244444847107
14737,29,1.3035609722137451
14738,27,1.1432610750198364
14739,21,0.6351989507675171
14740,26,1.124654769897461
14741,24,0.9399286508560181
14742,21,0.647280216217041
14743,23,0.824723482131958
14744,27,1.1638540029525757
14745,30,1.42262864112854
14746,18,0.35095924139022827
14747,20,0.5103652477264404
14748,26,1.0578709840774536
14749,24,0.941778302192688
14750,20,0.5553619265556335
14751,18,0.2840232253074646
14752,23,0.857184886932373
14753,25,1.0428028106689453
14754,21,0.6906448602676392
14755,20,0.54761803150177
14756,20,0.5578842759132385
14757,26,1.0960309505462646
14758,15,-0.08894377946853638
14759,23,0.8238804340362549
14760,30,1.4206305742263794
14761,26,1.0860861539840698
14762,24,0.8893669843673706
14763,22,0.7735958099365234
14764,25,1.000063419342041
14765,21,0.6425158977508545
14766,21,0.6249182224273682
14767,21,0.5898236632347107
14768,20,0.5766996145248413
14769,24,0.9721701145172119
14770,19,0.463520348072052
14771,25,1.011713981628418
14772,21,0.6170864105224609
14773,19,0.48836714029312134
14774,20,0.5645912289619446
14775,19,0.3955698013305664
14776,21,0.6273226737976074
14777,22,0.7103501558303833
14778,23,0.8414285182952881
14779,18,0.3788849115371704
14780,25,1.0093110799789429
14781,21,0.6392621994018555
14782,21,0.6157574653625488
14783,20,0.49399155378341675
14784,27,1.1450579166412354
14785,23,0.8847274780273438
14786,23,0.793721079826355
14787,22,0.7253193855285645
14788,20,0.4988355040550232
14789,28,1.266579270362854
14790,30,1.399802565574646
14791,25,1.03903329372406
14792,20,0.5376754403114319
14793,21,0.6727842092514038
14794,21,0.6137185096740723
14795,20,0.5048450827598572
14796,21,0.6516540050506592
14797,20,0.5414181351661682
14798,21,0.5956386923789978
14799,21,0.6213667392730713
14800,29,1.268198847770691
14801,21,0.6251019239425659
14802,25,1.0394415855407715
14803,25,1.0284978151321411
14804,27,1.1845505237579346
14805,13,-0.28951534628868103
14806,27,1.1975593566894531
14807,16,0.09905508160591125
14808,24,0.9627234935760498
14809,27,1.1951680183410645
14810,28,1.2616021633148193
14811,24,0.8969399929046631
14812,25,1.0043580532073975
14813,19,0.43555790185928345
14814,21,0.5943609476089478
14815,23,0.7973387241363525
14816,26,1.0944668054580688
14817,17,0.19288235902786255
14818,23,0.8412700891494751
14819,19,0.46366095542907715
14820,22,0.7378047704696655
14821,12,-0.4127218723297119
14822,22,0.7104107141494751
14823,21,0.6406230926513672
14824,20,0.4967162013053894
14825,21,0.6375025510787964
14826,19,0.4896399974822998
14827,23,0.8472501039505005
14828,26,1.0634461641311646
14829,25,1.0016701221466064
14830,19,0.45776593685150146
14831,22,0.7771196365356445
14832,23,0.8310221433639526
14833,20,0.5583919882774353
14834,27,1.142910361289978
14835,22,0.7471091747283936
14836,20,0.5458055734634399
14837,22,0.7845239639282227
14838,24,0.8945494890213013
14839,25,1.0302791595458984
14840,21,0.669599175453186
14841,21,0.6397771835327148
14842,21,0.5997058749198914
14843,20,0.5211858749389648
14844,20,0.5693916082382202
14845,21,0.6634256839752197
14846,21,0.5909343957901001
14847,18,0.3845767378807068
14848,21,0.642522931098938
14849,26,1.076753854751587
14850,19,0.47686660289764404
14851,24,0.9108141660690308
14852,21,0.6188349723815918
14853,21,0.6395584344863892
14854,27,1.1428563594818115
14855,19,0.4494934678077698
14856,20,0.5447569489479065
14857,21,0.6558457612991333
14858,26,1.0646779537200928
14859,12,-0.3900097906589508
14860,21,0.6758400201797485
14861,19,0.4861719608306885
14862,25,0.9932857751846313
14863,22,0.7489181756973267
14864,22,0.775618314743042
14865,23,0.846240758895874
14866,30,1.3883775472640991
14867,21,0.6388417482376099
14868,27,1.1321609020233154
14869,24,0.9450381994247437
14870,20,0.5486234426498413
14871,21,0.5930435061454773
14872,23,0.8198140859603882
14873,22,0.716927170753479
14874,21,0.6259368658065796
14875,18,0.32983583211898804
14876,23,0.817290186882019
14877,20,0.5076591968536377
14878,21,0.6125650405883789
14879,22,0.7157118320465088
14880,21,0.6463785171508789
14881,24,0.8982417583465576
14882,21,0.6853289604187012
14883,21,0.6541159152984619
14884,20,0.5032217502593994
14885,27,1.1888134479522705
14886,23,0.886249303817749
14887,26,1.06325364112854
14888,22,0.6967325210571289
14889,23,0.8717526197433472
14890,20,0.5493788719177246
14891,23,0.8359018564224243
14892,21,0.6909651756286621
14893,22,0.7845464944839478
14894,28,1.249743103981018
14895,22,0.7377411127090454
14896,21,0.6040166616439819
14897,8,-0.9461997747421265
14898,21,0.6321582794189453
14899,28,1.2007982730865479
14900,24,0.9599200487136841
14901,28,1.2347780466079712
14902,26,1.0782181024551392
14903,24,0.9500893354415894
14904,20,0.5814189314842224
14905,22,0.7091684341430664
14906,18,0.3214091658592224
14907,18,0.3269655108451843
14908,24,0.9253787994384766
14909,22,0.768057107925415
14910,20,0.5079805254936218
14911,24,0.9690483808517456
14912,29,1.2841641902923584
14913,21,0.6606279611587524
14914,21,0.6460908651351929
14915,21,0.6109035015106201
14916,24,0.9132163524627686
14917,23,0.7917006015777588
14918,22,0.7753897905349731
14919,20,0.5440976619720459
14920,21,0.6572881937026978
14921,20,0.5270683765411377
14922,23,0.8297650814056396
14923,21,0.6360582113265991
14924,28,1.207094669342041
14925,20,0.5559409856796265
14926,21,0.6250847578048706
14927,27,1.189382791519165
14928,25,1.009623646736145
14929,21,0.6327788829803467
14930,30,1.4200912714004517
14931,21,0.6270214319229126
14932,28,1.2538679838180542
14933,24,0.9160537719726562
14934,21,0.6006729006767273
14935,22,0.7645131349563599
14936,20,0.5727009773254395
14937,24,0.9208600521087646
14938,20,0.5817176103591919
14939,27,1.1429080963134766
14940,23,0.8475146293640137
14941,29,1.3037554025650024
14942,21,0.6804075241088867
14943,23,0.8122464418411255
14944,21,0.6530839204788208
14945,13,-0.24983340501785278
14946,19,0.3943713307380676
14947,29,1.2990275621414185
14948,22,0.7022138833999634
14949,21,0.6677547693252563
14950,21,0.6230617761611938
14951,21,0.5954076051712036
14952,15,0.02031886577606201
14953,26,1.0893030166625977
14954,23,0.859930157661438
14955,20,0.5487200021743774
14956,29,1.2874647378921509
14957,24,0.930743932723999
14958,24,0.9066091775894165
14959,22,0.730594277381897
14960,21,0.6059888601303101
14961,19,0.4805038571357727
14962,20,0.5044894814491272
14963,26,1.0720497369766235
14964,22,0.7244127988815308
14965,19,0.4605947732925415
14966,29,1.2895070314407349
14967,24,0.9282618761062622
14968,26,1.0629743337631226
14969,22,0.7175658941268921
14970,21,0.6817421913146973
14971,25,0.9938185214996338
14972,24,0.9448655843734741
14973,21,0.6630334854125977
14974,20,0.5558607578277588
14975,22,0.7910958528518677
14976,23,0.8015362024307251
14977,24,0.9179556369781494
14978,22,0.7745119333267212
14979,29,1.2861595153808594
14980,20,0.5311703085899353
14981,29,1.310675859451294
14982,20,0.5168632864952087
14983,19,0.4866226315498352
14984,29,1.2715091705322266
14985,24,0.9420652389526367
14986,30,1.4028916358947754
14987,21,0.6481268405914307
14988,25,1.0222567319869995
14989,29,1.3036774396896362
14990,29,1.3337023258209229
14991,24,0.9047156572341919
14992,25,1.0420842170715332
14993,21,0.6147454380989075
14994,25,1.0267078876495361
14995,22,0.7113970518112183
14996,25,1.045561671257019
14997,24,0.902704119682312
14998,21,0.6489294767379761
14999,28,1.2202045917510986
15000,28,1.2601337432861328
15001,22,0.7349014282226562
15002,20,0.5279417037963867
15003,19,0.47438526153564453
15004,24,0.9613137245178223
15005,21,0.64374840259552
15006,19,0.47798091173171997
15007,24,0.9697690010070801
15008,19,0.46014273166656494
15009,22,0.7007743120193481
15010,22,0.7898789644241333
15011,22,0.7275426387786865
15012,22,0.7409017086029053
15013,21,0.635313868522644
15014,24,0.9232631921768188
15015,22,0.7067502737045288
15016,25,0.9960168600082397
15017,29,1.3136061429977417
15018,22,0.7700275182723999
15019,23,0.8568562269210815
15020,28,1.2447515726089478
15021,20,0.5735563635826111
15022,26,1.079742193222046
15023,21,0.6749395132064819
15024,20,0.5759543180465698
15025,20,0.5816178321838379
15026,22,0.7208214998245239
15027,19,0.4213482141494751
15028,24,0.9285602569580078
15029,19,0.43393808603286743
15030,30,1.4181314706802368
15031,28,1.2471741437911987
15032,23,0.8560512065887451
15033,21,0.6909472942352295
15034,30,1.4240424633026123
15035,19,0.48544955253601074
15036,27,1.1978713274002075
15037,25,0.9755991697311401
15038,21,0.6705981492996216
15039,26,1.0642393827438354
15040,21,0.6671434640884399
15041,21,0.632217526435852
15042,23,0.8186733722686768
15043,23,0.8440626859664917
15044,23,0.8470439910888672
15045,20,0.5187543630599976
15046,26,1.1110798120498657
15047,23,0.8123648166656494
15048,20,0.4995265603065491
15049,26,1.1141388416290283
15050,21,0.6550064086914062
15051,21,0.6097831726074219
15052,25,1.0023137331008911
15053,27,1.1550134420394897
15054,28,1.2106316089630127
15055,22,0.70826256275177
15056,26,1.11664617061615
15057,21,0.6224018335342407
15058,22,0.721510648727417
15059,18,0.36957645416259766
15060,22,0.7124929428100586
15061,20,0.5340888500213623
15062,20,0.5239766836166382
15063,21,0.6917060613632202
15064,20,0.4932933449745178
15065,19,0.4685977101325989
15066,21,0.603370726108551
15067,26,1.0937473773956299
15068,26,1.128375768661499
15069,24,0.9646613597869873
15070,20,0.5398605465888977
15071,25,0.9776066541671753
15072,25,1.0349774360656738
15073,20,0.5748579502105713
15074,23,0.823332667350769
15075,24,0.9195783138275146
15076,19,0.4765465259552002
15077,19,0.48263150453567505
15078,21,0.6767789125442505
15079,27,1.1486562490463257
15080,30,1.364349603652954
15081,22,0.7627859115600586
15082,24,0.9262251853942871
15083,20,0.5389057397842407
15084,28,1.2015599012374878
15085,20,0.5506414175033569
15086,26,1.1223469972610474
15087,25,1.0444797277450562
15088,17,0.16010433435440063
15089,21,0.6820600032806396
15090,26,1.101449728012085
15091,26,1.1222397089004517
15092,21,0.6011679172515869
15093,23,0.8818469047546387
15094,16,0.03497886657714844
15095,17,0.16083091497421265
15096,26,1.0971943140029907
15097,19,0.48508280515670776
15098,26,1.124089241027832
15099,20,0.4970972537994385
15100,24,0.9668312072753906
15101,24,0.8983962535858154
15102,27,1.1593492031097412
15103,25,0.9831188917160034
15104,22,0.7435479164123535
15105,20,0.588728129863739
15106,29,1.3137784004211426
15107,21,0.6897889375686646
15108,26,1.0965365171432495
15109,25,1.0089232921600342
15110,23,0.8429464101791382
15111,22,0.7390679121017456
15112,21,0.6838258504867554
15113,22,0.7115747928619385
15114,19,0.4454082250595093
15115,21,0.6480915546417236
15116,20,0.5161557793617249
15117,24,0.9220882654190063
15118,23,0.8679313659667969
15119,21,0.6709223985671997
15120,22,0.7658270597457886
15121,19,0.46126145124435425
15122,10,-0.7055995464324951
15123,28,1.2341669797897339
15124,27,1.1649805307388306
15125,23,0.8065398931503296
15126,20,0.5473498106002808
15127,30,1.3543130159378052
15128,25,1.0050873756408691
15129,25,1.024864673614502
15130,25,1.0491856336593628
15131,17,0.2663714289665222
15132,21,0.6550230979919434
15133,21,0.6572788953781128
15134,8,-0.9598426222801208
15135,21,0.6920337677001953
15136,22,0.7538282871246338
15137,21,0.608889639377594
15138,20,0.49630850553512573
15139,22,0.7460662126541138
15140,24,0.9159154891967773
15141,27,1.1989411115646362
15142,21,0.5909305214881897
15143,21,0.6876565217971802
15144,30,1.3877209424972534
15145,21,0.672120213508606
15146,22,0.7192932367324829
15147,22,0.7493631839752197
15148,30,1.3510384559631348
15149,22,0.7253086566925049
15150,21,0.6865518093109131
15151,18,0.3033308982849121
15152,29,1.284091591835022
15153,22,0.7564009428024292
15154,25,1.0430879592895508
15155,22,0.7880593538284302
15156,20,0.5012029409408569
15157,26,1.1274144649505615
15158,24,0.9570554494857788
15159,16,0.13271844387054443
15160,29,1.2819910049438477
15161,22,0.7563631534576416
15162,26,1.0763051509857178
15163,22,0.6947489976882935
15164,20,0.5216538906097412
15165,20,0.5534855723381042
15166,23,0.872208833694458
15167,24,0.9473667144775391
15168,23,0.8852925300598145
15169,28,1.2014697790145874
15170,18,0.3482027053833008
15171,23,0.8624292612075806
15172,25,0.9757403135299683
15173,21,0.6610682010650635
15174,25,0.9774065017700195
15175,22,0.7419413328170776
15176,27,1.1531568765640259
15177,21,0.606148362159729
15178,25,1.0424578189849854
15179,21,0.6346536874771118
15180,23,0.8418493270874023
15181,17,0.2333890199661255
15182,22,0.7013511657714844
15183,26,1.0792477130889893
15184,21,0.6460540294647217
15185,20,0.5396501421928406
15186,17,0.234485924243927
15187,25,1.047123908996582
15188,25,0.9815375804901123
15189,25,0.9951419830322266
15190,19,0.4544413089752197
15191,20,0.5322137475013733
15192,24,0.913498044013977
15193,23,0.7919683456420898
15194,20,0.49498677253723145
15195,22,0.7007725238800049
15196,22,0.6927776336669922
15197,26,1.1074038743972778
15198,20,0.5171078443527222
15199,26,1.0653270483016968
15200,21,0.6463059186935425
15201,16,0.12283730506896973
15202,24,0.9380245208740234
15203,24,0.8883143663406372
15204,23,0.8836040496826172
15205,20,0.5124706625938416
15206,12,-0.41903430223464966
15207,25,0.9860852956771851
15208,20,0.5213307738304138
15209,20,0.5535539388656616
15210,21,0.6408964395523071
15211,29,1.3136909008026123
15212,28,1.2169848680496216
15213,19,0.47493040561676025
15214,21,0.6050397157669067
15215,20,0.5434834361076355
15216,20,0.5474686026573181
15217,24,0.9283620119094849
15218,17,0.2587389349937439
15219,21,0.6070868968963623
15220,21,0.6460736989974976
15221,20,0.5426981449127197
15222,22,0.7471882104873657
15223,21,0.6255879402160645
15224,22,0.714667797088623
15225,21,0.6614949703216553
15226,22,0.7794069051742554
15227,22,0.70635986328125
15228,23,0.8871440887451172
15229,21,0.6149652600288391
15230,12,-0.4477827548980713
15231,25,1.0375244617462158
15232,20,0.5293899774551392
15233,21,0.655470609664917
15234,23,0.8438856601715088
15235,22,0.7683684825897217
15236,22,0.7706055641174316
15237,23,0.8229020833969116
15238,20,0.5713095664978027
15239,19,0.4705674648284912
15240,30,1.4129830598831177
15241,29,1.2991962432861328
15242,23,0.7972384691238403
15243,27,1.1506015062332153
15244,20,0.4964703321456909
15245,21,0.6089091300964355
15246,21,0.6924197673797607
15247,22,0.6942887306213379
15248,20,0.5343967080116272
15249,22,0.7311242818832397
15250,21,0.609828770160675
15251,24,0.9698009490966797
15252,25,0.9755038022994995
15253,7,-1.0775558948516846
15254,22,0.7134122848510742
15255,23,0.8440965414047241
15256,30,1.3924281597137451
15257,23,0.86732017993927
15258,25,1.0116621255874634
15259,24,0.8994061946868896
15260,23,0.8395446538925171
15261,26,1.0970752239227295
15262,22,0.7145860195159912
15263,30,1.3658186197280884
15264,26,1.1030343770980835
15265,20,0.5116633772850037
15266,29,1.3244283199310303
15267,27,1.1291089057922363
15268,30,1.3950871229171753
15269,25,1.0438754558563232
15270,19,0.4384567141532898
15271,18,0.34640824794769287
15272,22,0.7051435708999634
15273,21,0.6494475603103638
15274,10,-0.6384037733078003
15275,21,0.6768887042999268
15276,20,0.5211073160171509
15277,27,1.178547978401184
15278,24,0.9659891128540039
15279,21,0.6839737892150879
15280,21,0.6539132595062256
15281,22,0.7771520614624023
15282,24,0.9698300361633301
15283,19,0.4551541209220886
15284,22,0.7231708765029907
15285,26,1.1132136583328247
15286,22,0.7726054191589355
15287,23,0.8286333084106445
15288,21,0.639980673789978
15289,20,0.5166224241256714
15290,25,1.048577904701233
15291,21,0.6774853467941284
15292,19,0.40464168787002563
15293,23,0.8393476009368896
15294,21,0.6369888782501221
15295,21,0.6598422527313232
15296,22,0.7152882814407349
15297,12,-0.45544618368148804
15298,30,1.4232017993927002
15299,21,0.690963625907898
15300,23,0.7915778160095215
15301,26,1.0961260795593262
15302,22,0.7425837516784668
15303,22,0.7771822214126587
15304,30,1.4135961532592773
15305,23,0.7937071323394775
15306,22,0.7388681173324585
15307,25,0.9920177459716797
15308,24,0.9388548135757446
15309,23,0.8204243183135986
15310,23,0.8486504554748535
15311,23,0.8496561050415039
15312,7,-1.091202974319458
15313,25,1.0013339519500732
15314,22,0.7309690713882446
15315,29,1.3286770582199097
15316,25,1.020710825920105
15317,22,0.7045001983642578
15318,14,-0.16258275508880615
15319,23,0.8142492771148682
15320,24,0.9511053562164307
15321,20,0.5202898383140564
15322,25,0.9979406595230103
15323,22,0.7749699354171753
15324,22,0.6925603151321411
15325,25,0.9853631258010864
15326,21,0.6852707862854004
15327,18,0.36828649044036865
15328,21,0.6341439485549927
15329,21,0.6368467807769775
15330,24,0.9423309564590454
15331,21,0.6823744773864746
15332,20,0.5639156699180603
15333,26,1.1075719594955444
15334,21,0.6447645425796509
15335,21,0.6503088474273682
15336,25,1.0132020711898804
15337,22,0.7092384099960327
15338,21,0.6189990043640137
15339,24,0.9187939167022705
15340,23,0.8644434213638306
15341,21,0.6556020975112915
15342,22,0.7825453281402588
15343,23,0.8132505416870117
15344,21,0.5987409949302673
15345,20,0.5726662874221802
15346,20,0.5078373551368713
15347,24,0.8987264633178711
15348,28,1.2611145973205566
15349,23,0.8293333053588867
15350,21,0.6302527189254761
15351,20,0.5212148427963257
15352,22,0.7092752456665039
15353,13,-0.26405400037765503
15354,25,0.984351396560669
15355,25,1.011610507965088
15356,23,0.8485701084136963
15357,26,1.1166013479232788
15358,8,-0.9721000790596008
15359,20,0.5134953260421753
15360,22,0.7562174797058105
15361,23,0.8594868183135986
15362,22,0.7138639688491821
15363,24,0.9296829700469971
15364,18,0.28675782680511475
15365,17,0.17802083492279053
15366,22,0.7563047409057617
15367,24,0.9655029773712158
15368,23,0.8352593183517456
15369,20,0.5330572128295898
15370,15,0.00933772325515747
15371,24,0.9243248701095581
15372,27,1.1878597736358643
15373,23,0.8036454916000366
15374,21,0.6630394458770752
15375,23,0.8136018514633179
15376,26,1.1152315139770508
15377,22,0.7181152105331421
15378,26,1.0798182487487793
15379,27,1.1941449642181396
15380,21,0.656801700592041
15381,23,0.8366051912307739
15382,22,0.7682560682296753
15383,18,0.2740647792816162
15384,29,1.272564172744751
15385,30,1.4216264486312866
15386,30,1.382750153541565
15387,23,0.8409469127655029
15388,23,0.8496540784835815
15389,18,0.3838924169540405
15390,20,0.5785172581672668
15391,22,0.7159602642059326
15392,21,0.6878197193145752
15393,20,0.5883598327636719
15394,22,0.7543258666992188
15395,21,0.6470463275909424
15396,26,1.084567666053772
15397,22,0.6947360038757324
15398,23,0.8116714954376221
15399,26,1.0749837160110474
15400,22,0.7574020624160767
15401,28,1.210409164428711
15402,21,0.6772018671035767
15403,30,1.4188556671142578
15404,20,0.5135878324508667
15405,23,0.8256144523620605
15406,21,0.6818104982376099
15407,24,0.9265918731689453
15408,26,1.0849090814590454
15409,21,0.6370652914047241
15410,22,0.7331959009170532
15411,24,0.9675973653793335
15412,29,1.319149136543274
15413,19,0.42727798223495483
15414,27,1.1413004398345947
15415,23,0.8304898738861084
15416,23,0.8850369453430176
15417,19,0.4032653570175171
15418,20,0.5506192445755005
15419,19,0.4002044200897217
15420,24,0.9412505626678467
15421,27,1.1895207166671753
15422,28,1.2041679620742798
15423,30,1.407704472541809
15424,22,0.7802135944366455
15425,22,0.7407904863357544
15426,29,1.2850651741027832
15427,29,1.3147740364074707
15428,25,1.0328627824783325
15429,26,1.0569850206375122
15430,13,-0.3118492662906647
15431,21,0.6886295080184937
15432,20,0.5291957855224609
15433,22,0.746942400932312
15434,23,0.8242390155792236
15435,24,0.9122593402862549
15436,22,0.7889245748519897
15437,24,0.9588929414749146
15438,24,0.9489521980285645
15439,22,0.769141674041748
15440,18,0.27414435148239136
15441,29,1.3245960474014282
15442,23,0.831462025642395
15443,28,1.2343904972076416
15444,26,1.098650574684143
15445,20,0.500316858291626
15446,30,1.3969802856445312
15447,26,1.1127883195877075
15448,22,0.6986979246139526
15449,30,1.411468267440796
15450,23,0.8540763854980469
15451,30,1.3693835735321045
15452,23,0.8218772411346436
15453,24,0.9513468742370605
15454,25,1.0257036685943604
15455,23,0.8499679565429688
15456,23,0.8526089191436768
15457,21,0.6278235912322998
15458,24,0.8907853364944458
15459,24,0.9669786691665649
15460,26,1.1047738790512085
15461,26,1.1070771217346191
15462,21,0.6589199304580688
15463,22,0.7789855003356934
15464,23,0.8560467958450317
15465,29,1.2978814840316772
15466,21,0.6278456449508667
15467,24,0.9684325456619263
15468,25,1.041593074798584
15469,24,0.8943525552749634
15470,26,1.0678026676177979
15471,10,-0.7268944978713989
15472,23,0.8500357866287231
15473,28,1.2165170907974243
15474,26,1.1059625148773193
15475,22,0.7895767688751221
15476,21,0.6830116510391235
15477,20,0.5489197969436646
15478,29,1.3158423900604248
15479,21,0.6013704538345337
15480,30,1.344131588935852
15481,23,0.8802891969680786
15482,24,0.9727108478546143
15483,30,1.4169507026672363
15484,16,0.04606255888938904
15485,29,1.2882145643234253
15486,27,1.1852465867996216
15487,22,0.719182014465332
15488,22,0.7031980752944946
15489,21,0.6401621103286743
15490,24,0.9032391309738159
15491,23,0.8828548192977905
15492,21,0.6806650161743164
15493,21,0.6612337827682495
15494,25,1.0141594409942627
15495,25,0.9952187538146973
15496,17,0.1720249056816101
15497,27,1.1576496362686157
15498,20,0.5452685952186584
15499,20,0.5864390730857849
15500,26,1.075207233428955
15501,14,-0.1531703770160675
15502,21,0.6153106689453125
15503,21,0.627137303352356
15504,23,0.8763846158981323
15505,16,0.0963270366191864
15506,22,0.7122378349304199
15507,28,1.239415168762207
15508,20,0.5822694897651672
15509,26,1.0824592113494873
15510,27,1.137243628501892
15511,24,0.9199873208999634
15512,23,0.8141382932662964
15513,26,1.1079795360565186
15514,23,0.8516848087310791
15515,26,1.1143141984939575
15516,28,1.2344532012939453
15517,10,-0.6096550822257996
15518,22,0.7654285430908203
15519,22,0.7093946933746338
15520,21,0.6695629358291626
15521,27,1.1925510168075562
15522,30,1.412548542022705
15523,26,1.1060446500778198
15524,21,0.6086254715919495
15525,22,0.7444005012512207
15526,24,0.9261195659637451
15527,29,1.2917455434799194
15528,22,0.7824125289916992
15529,26,1.1166630983352661
15530,26,1.0805885791778564
15531,20,0.582440972328186
15532,7,-1.1310290098190308
15533,22,0.7700999975204468
15534,22,0.7054367065429688
15535,30,1.4176265001296997
15536,21,0.6819261312484741
15537,20,0.5096221566200256
15538,23,0.8232220411300659
15539,21,0.622099757194519
15540,22,0.7906203269958496
15541,24,0.9668757915496826
15542,30,1.4121376276016235
15543,21,0.6486362218856812
15544,22,0.7405019998550415
15545,24,0.9448025226593018
15546,22,0.7358969449996948
15547,20,0.5755160450935364
15548,24,0.9348717927932739
15549,3,-1.5329265594482422
15550,20,0.514339804649353
15551,25,1.0031620264053345
15552,23,0.8589456081390381
15553,25,0.9853094816207886
15554,23,0.885840892791748
15555,23,0.8807017803192139
15556,22,0.7338064908981323
15557,28,1.259066104888916
15558,26,1.0847241878509521
15559,21,0.6461374759674072
15560,21,0.6654174327850342
15561,21,0.6829260587692261
15562,22,0.742443323135376
15563,23,0.7957803010940552
15564,20,0.5311440825462341
15565,28,1.2556629180908203
15566,26,1.0580960512161255
15567,21,0.6695258617401123
15568,25,1.0349242687225342
15569,24,0.9666738510131836
15570,23,0.8761076927185059
15571,22,0.7254563570022583
15572,25,0.9844750165939331
15573,25,1.0270177125930786
15574,25,0.983913779258728
15575,27,1.13554048538208
15576,27,1.1610089540481567
15577,23,0.8331984281539917
15578,26,1.0734199285507202
15579,29,1.2809228897094727
15580,19,0.39429062604904175
15581,21,0.6499443054199219
15582,21,0.636207103729248
15583,23,0.8377413749694824
15584,24,0.9618761539459229
15585,23,0.8031667470932007
15586,21,0.6008366942405701
15587,21,0.674615740776062
15588,23,0.8234503269195557
15589,21,0.6411004066467285
15590,28,1.2634997367858887
15591,29,1.2851966619491577
15592,21,0.6231224536895752
15593,25,0.9843902587890625
15594,22,0.7367370128631592
15595,21,0.680167555809021
15596,23,0.7959614992141724
15597,24,0.9015799760818481
15598,22,0.6996985673904419
15599,25,1.023620367050171
15600,26,1.0596331357955933
15601,22,0.7465770244598389
15602,22,0.728743314743042
15603,27,1.166242003440857
15604,20,0.5393672585487366
15605,22,0.7233014106750488
15606,18,0.31563520431518555
15607,22,0.7749530076980591
15608,23,0.8373301029205322
15609,24,0.9222362041473389
15610,17,0.18043136596679688
15611,28,1.2537362575531006
15612,26,1.0641769170761108
15613,24,0.8918721675872803
15614,10,-0.612289309501648
15615,21,0.6170649528503418
15616,21,0.6735661029815674
15617,23,0.8867079019546509
15618,28,1.2110602855682373
15619,25,1.0342388153076172
15620,23,0.7984673976898193
15621,22,0.7520642280578613
15622,26,1.112975835800171
15623,18,0.32089298963546753
15624,23,0.8796974420547485
15625,27,1.1762011051177979
15626,20,0.5626067519187927
15627,30,1.396924614906311
15628,22,0.7459222078323364
15629,27,1.1438037157058716
15630,24,0.9236063957214355
15631,20,0.5233110189437866
15632,22,0.7644033432006836
15633,22,0.7583103179931641
15634,19,0.4561420679092407
15635,21,0.6468251943588257
15636,22,0.7265667915344238
15637,24,0.9597409963607788
15638,22,0.7754762172698975
15639,21,0.614107072353363
15640,24,0.8942215442657471
15641,21,0.6396980285644531
15642,13,-0.31245777010917664
15643,23,0.8435746431350708
15644,25,0.9843997955322266
15645,21,0.6916501522064209
15646,30,1.40522301197052
15647,25,1.0539542436599731
15648,28,1.2182224988937378
15649,26,1.119615077972412
15650,24,0.9487966299057007
15651,25,0.975371241569519
15652,22,0.7224622964859009
15653,26,1.0749725103378296
15654,26,1.0932084321975708
15655,22,0.7609806060791016
15656,15,0.024501949548721313
15657,22,0.7874718904495239
15658,25,1.0275261402130127
15659,26,1.0963146686553955
15660,25,1.046810269355774
15661,23,0.7930659055709839
15662,25,1.0186268091201782
15663,21,0.5981478691101074
15664,21,0.6331851482391357
15665,24,0.9258031845092773
15666,28,1.2468611001968384
15667,21,0.6648267507553101
15668,24,0.9204299449920654
15669,21,0.6324644088745117
15670,25,0.9926530122756958
15671,28,1.2637776136398315
15672,27,1.1739623546600342
15673,28,1.2219417095184326
15674,28,1.2225818634033203
15675,30,1.3912864923477173
15676,28,1.2194575071334839
15677,24,0.9654207229614258
15678,23,0.8777351379394531
15679,25,1.0323317050933838
15680,18,0.38179636001586914
15681,28,1.2512516975402832
15682,27,1.1370573043823242
15683,25,0.9900741577148438
15684,20,0.5868504047393799
15685,22,0.7158910036087036
15686,24,0.9318277835845947
15687,28,1.2272229194641113
15688,22,0.736979603767395
15689,24,0.9213138818740845
15690,22,0.7858831882476807
15691,17,0.15989458560943604
15692,25,0.9832429885864258
15693,27,1.1754437685012817
15694,30,1.353314995765686
15695,29,1.288448452949524
15696,27,1.1440441608428955
15697,23,0.8177748918533325
15698,20,0.5203658938407898
15699,28,1.2428125143051147
15700,21,0.6671922206878662
15701,26,1.120209813117981
15702,28,1.2625641822814941
15703,23,0.811089038848877
15704,22,0.7043114900588989
15705,29,1.271553874015808
15706,23,0.835536003112793
15707,28,1.228492021560669
15708,24,0.9691187143325806
15709,23,0.8151885271072388
15710,23,0.8235156536102295
15711,21,0.6568976640701294
15712,24,0.9192230701446533
15713,21,0.6338033676147461
15714,21,0.6021730899810791
15715,17,0.2408972978591919
15716,27,1.1298182010650635
15717,24,0.9658846855163574
15718,28,1.2584418058395386
15719,22,0.7827919721603394
15720,22,0.763482928276062
15721,22,0.7267740964889526
15722,22,0.7410027980804443
15723,24,0.9385758638381958
15724,21,0.6666165590286255
15725,20,0.5832521319389343
15726,28,1.2031757831573486
15727,23,0.8649698495864868
15728,23,0.8476830720901489
15729,22,0.7538508176803589
15730,26,1.0615875720977783
15731,24,0.9264941215515137
15732,20,0.5478870272636414
15733,23,0.8384643793106079
15734,23,0.858343243598938
15735,23,0.8480218648910522
15736,27,1.1522620916366577
15737,21,0.6337467432022095
15738,27,1.1762616634368896
15739,21,0.6626803874969482
15740,26,1.0579904317855835
15741,24,0.9560757875442505
15742,22,0.7373901605606079
15743,22,0.7441158294677734
15744,5,-1.309059977531433
15745,29,1.2835241556167603
15746,27,1.191239595413208
15747,21,0.6630748510360718
15748,22,0.7756597995758057
15749,25,1.0231729745864868
15750,22,0.7641165256500244
15751,22,0.760565996170044
15752,20,0.5852197408676147
15753,20,0.5673004388809204
15754,26,1.0882452726364136
15755,22,0.7425391674041748
15756,20,0.5817469358444214
15757,28,1.2085310220718384
15758,22,0.7797608375549316
15759,23,0.8872963190078735
15760,28,1.2288700342178345
15761,28,1.2329217195510864
15762,22,0.7157468795776367
15763,23,0.8476630449295044
15764,19,0.4076783061027527
15765,24,0.8904625177383423
15766,23,0.8025877475738525
15767,22,0.7445927858352661
15768,22,0.7639720439910889
15769,25,0.9963936805725098
15770,26,1.1110899448394775
15771,22,0.7052125930786133
15772,22,0.7732071876525879
15773,29,1.2879327535629272
15774,25,0.984950065612793
15775,25,0.9940071105957031
15776,30,1.4076470136642456
15777,24,0.9167743921279907
15778,18,0.30630260705947876
15779,25,0.9773432016372681
15780,27,1.1944626569747925
15781,25,1.0348701477050781
15782,29,1.3337414264678955
15783,25,1.007889747619629
15784,20,0.5802204012870789
15785,22,0.7601170539855957
15786,25,1.0085079669952393
15787,22,0.788622260093689
15788,22,0.7039481401443481
15789,25,1.032733678817749
15790,28,1.2022218704223633
15791,21,0.6628206968307495
15792,20,0.5793122053146362
15793,23,0.7982618808746338
15794,27,1.18211030960083
15795,24,0.9214745759963989
15796,21,0.6842832565307617
15797,22,0.7281016111373901
15798,23,0.8399910926818848
15799,23,0.8029903173446655
15800,25,1.0276604890823364
15801,23,0.8882311582565308
15802,23,0.8645715713500977
15803,22,0.7523367404937744
15804,23,0.8005925416946411
15805,28,1.2014211416244507
15806,25,0.9898819923400879
15807,22,0.7803717851638794
15808,23,0.833256721496582
15809,29,1.3299901485443115
15810,23,0.8071359395980835
15811,21,0.6239742040634155
15812,23,0.886122465133667
15813,23,0.8355056047439575
15814,29,1.2942806482315063
15815,30,1.3989795446395874
15816,28,1.204240322113037
15817,21,0.6539459228515625
15818,24,0.9312893152236938
15819,22,0.7052476406097412
15820,21,0.6842963695526123
15821,28,1.2652450799942017
15822,25,1.0035240650177002
15823,23,0.8393795490264893
15824,29,1.3220239877700806
15825,22,0.741660475730896
15826,21,0.6031050682067871
15827,28,1.2621954679489136
15828,23,0.8643666505813599
15829,23,0.8522562980651855
15830,17,0.19823986291885376
15831,28,1.2434182167053223
15832,19,0.46063232421875
15833,23,0.8018507957458496
15834,24,0.9270926713943481
15835,23,0.8456588983535767
15836,23,0.8330340385437012
15837,27,1.145592451095581
15838,25,1.033246397972107
15839,21,0.6706322431564331
15840,20,0.544744074344635
15841,18,0.3612239360809326
15842,22,0.7569421529769897
15843,29,1.3207629919052124
15844,22,0.7631232738494873
15845,26,1.1100406646728516
15846,25,1.0344877243041992
15847,28,1.2515126466751099
15848,23,0.7928733825683594
15849,20,0.5538475513458252
15850,26,1.1096317768096924
15851,21,0.6636584997177124
15852,23,0.8250695466995239
15853,23,0.8735663890838623
15854,17,0.2106732726097107
15855,20,0.5475002527236938
15856,22,0.7689176797866821
15857,28,1.2086094617843628
15858,25,1.027727723121643
15859,23,0.8009068965911865
15860,22,0.7876770496368408
15861,29,1.2949649095535278
15862,17,0.21587353944778442
15863,25,1.0550074577331543
15864,21,0.6017884612083435
15865,28,1.230258822441101
15866,20,0.5886031985282898
15867,28,1.1994460821151733
15868,23,0.8572094440460205
15869,22,0.7864196300506592
15870,29,1.2888967990875244
15871,20,0.5364828109741211
15872,24,0.9288761615753174
15873,21,0.6306750774383545
15874,22,0.7058403491973877
15875,22,0.7092190980911255
15876,28,1.2245999574661255
15877,26,1.100725769996643
15878,22,0.7056897878646851
15879,21,0.6606606245040894
15880,22,0.7794411182403564
15881,29,1.3219761848449707
15882,22,0.7815773487091064
15883,29,1.269224762916565
15884,23,0.8463650941848755
15885,24,0.9639670848846436
15886,21,0.5945284366607666
15887,23,0.8037315607070923
15888,21,0.6201854944229126
15889,22,0.7582155466079712
15890,21,0.6456261873245239
15891,11,-0.5389893054962158
15892,24,0.9283082485198975
15893,24,0.9344555139541626
15894,23,0.8473975658416748
15895,18,0.3563067317008972
15896,23,0.8177938461303711
15897,22,0.7663551568984985
15898,22,0.7017889022827148
15899,22,0.7760497331619263
15900,24,0.9310951232910156
15901,26,1.1271417140960693
15902,22,0.7508888244628906
15903,30,1.3418275117874146
15904,27,1.1727815866470337
15905,22,0.735908031463623
15906,21,0.6773942708969116
15907,22,0.7134948968887329
15908,22,0.7588331699371338
15909,23,0.8538907766342163
15910,26,1.10731840133667
15911,26,1.083833932876587
15912,23,0.848324179649353
15913,27,1.1298996210098267
15914,25,1.004504680633545
15915,3,-1.5240870714187622
15916,22,0.7220069169998169
15917,27,1.1951911449432373
15918,25,1.0231322050094604
15919,20,0.5635259747505188
15920,20,0.5748756527900696
15921,26,1.079109787940979
15922,23,0.8002381324768066
15923,30,1.4128386974334717
15924,23,0.8406944274902344
15925,23,0.7918908596038818
15926,26,1.0852195024490356
15927,11,-0.5200413465499878
15928,23,0.8733178377151489
15929,24,0.8960843086242676
15930,25,0.9845012426376343
15931,27,1.1906893253326416
15932,24,0.891657829284668
15933,22,0.7158738374710083
15934,24,0.9096568822860718
15935,22,0.7675623893737793
15936,24,0.9612536430358887
15937,22,0.785530686378479
15938,22,0.7830542325973511
15939,23,0.7972159385681152
15940,28,1.2669967412948608
15941,26,1.0999208688735962
15942,22,0.7058844566345215
15943,22,0.724473237991333
15944,30,1.3887704610824585
15945,25,1.0330140590667725
15946,28,1.2616615295410156
15947,23,0.8725143671035767
15948,22,0.7669183015823364
15949,23,0.8047443628311157
15950,23,0.8750230073928833
15951,21,0.6711030006408691
15952,24,0.9257727861404419
15953,25,1.0222700834274292
15954,18,0.36944055557250977
15955,23,0.8685877323150635
15956,22,0.7076396942138672
15957,25,1.022309422492981
15958,25,1.048272967338562
15959,22,0.718873143196106
15960,24,0.9100683927536011
15961,26,1.0683411359786987
15962,23,0.8075720071792603
15963,27,1.19142484664917
15964,23,0.8449547290802002
15965,23,0.8203243017196655
15966,22,0.7771079540252686
15967,27,1.1291576623916626
15968,23,0.8313084840774536
15969,24,0.9703565835952759
15970,23,0.8301081657409668
15971,25,1.003794550895691
15972,29,1.3187395334243774
15973,24,0.9239286184310913
15974,22,0.7378041744232178
15975,25,1.0502917766571045
15976,12,-0.36378365755081177
15977,25,1.045969843864441
15978,29,1.327125906944275
15979,22,0.7170672416687012
15980,23,0.8320457935333252
15981,22,0.7719001770019531
15982,22,0.7115474939346313
15983,30,1.4134143590927124
15984,23,0.8122963905334473
15985,22,0.7608206272125244
15986,28,1.2669575214385986
15987,30,1.4234745502471924
15988,23,0.8310775756835938
15989,21,0.6380220651626587
15990,27,1.1875059604644775
15991,6,-1.20370352268219
15992,23,0.8305237293243408
15993,25,1.0506337881088257
15994,26,1.0982820987701416
15995,22,0.7714885473251343
15996,28,1.2227399349212646
15997,20,0.5202659368515015
15998,16,0.1295309066772461
15999,26,1.06562077999115
16000,24,0.9269524812698364
16001,23,0.8043911457061768
16002,26,1.0625594854354858
16003,24,0.9083418846130371
16004,22,0.7615541219711304
16005,23,0.8257192373275757
16006,25,1.0051897764205933
16007,15,-0.026853591203689575
16008,27,1.165322184562683
16009,26,1.0635885000228882
16010,25,0.990158200263977
16011,23,0.8102867603302002
16012,24,0.9566444158554077
16013,30,1.4047454595565796
16014,22,0.755677342414856
16015,22,0.7501693964004517
16016,22,0.7815991640090942
16017,19,0.46377503871917725
16018,24,0.903146505355835
16019,25,1.0069631338119507
16020,22,0.7577344179153442
16021,27,1.1791737079620361
16022,27,1.167239785194397
16023,25,1.0375385284423828
16024,26,1.0948963165283203
16025,23,0.8295252323150635
16026,22,0.7057812213897705
16027,20,0.5800744295120239
16028,30,1.3686225414276123
16029,27,1.1865549087524414
16030,30,1.3569931983947754
16031,24,0.8965309858322144
16032,21,0.6552680730819702
16033,23,0.8068052530288696
16034,24,0.9002567529678345
16035,23,0.8001666069030762
16036,22,0.706788182258606
16037,27,1.1797645092010498
16038,28,1.2519384622573853
16039,22,0.695094108581543
16040,23,0.878267765045166
16041,18,0.33551478385925293
16042,27,1.171378493309021
16043,29,1.2890831232070923
16044,25,1.0205235481262207
16045,22,0.7756398916244507
16046,25,1.005021333694458
16047,26,1.0956101417541504
16048,25,0.9925066232681274
16049,7,-1.0369396209716797
16050,27,1.1624380350112915
16051,23,0.8358898162841797
16052,25,1.0096750259399414
16053,24,0.8956691026687622
16054,23,0.8640753030776978
16055,20,0.5296198129653931
16056,21,0.6460912227630615
16057,29,1.3208863735198975
16058,21,0.6212579011917114
16059,30,1.420516014099121
16060,21,0.656720757484436
16061,24,0.9412951469421387
16062,24,0.9636821746826172
16063,28,1.2413595914840698
16064,22,0.7752398252487183
16065,21,0.6888971328735352
16066,23,0.8201901912689209
16067,24,0.9623705148696899
16068,22,0.7420873641967773
16069,28,1.2264823913574219
16070,21,0.6736911535263062
16071,22,0.7508881092071533
16072,30,1.406855821609497
16073,19,0.4683532118797302
16074,21,0.6786231994628906
16075,21,0.6420671939849854
16076,23,0.8137476444244385
16077,22,0.7549169063568115
16078,21,0.6872596740722656
16079,27,1.1534316539764404
16080,23,0.8323007822036743
16081,21,0.6849097013473511
16082,24,0.8933238983154297
16083,20,0.49382805824279785
16084,24,0.8886563777923584
16085,21,0.6657607555389404
16086,23,0.8120132684707642
16087,12,-0.4073255956172943
16088,29,1.2676100730895996
16089,25,0.9837847948074341
16090,23,0.8612254858016968
16091,22,0.7529199123382568
16092,27,1.145261526107788
16093,23,0.8101783990859985
16094,30,1.3967872858047485
16095,22,0.7687035799026489
16096,25,1.0498310327529907
16097,22,0.785159707069397
16098,28,1.2558289766311646
16099,22,0.7159861326217651
16100,27,1.1756618022918701
16101,27,1.1394333839416504
16102,26,1.0850416421890259
16103,23,0.8577518463134766
16104,25,1.0282267332077026
16105,24,0.9746822118759155
16106,25,1.049904465675354
16107,23,0.7994338274002075
16108,23,0.7971838712692261
16109,23,0.8528740406036377
16110,28,1.232797622680664
16111,24,0.9166102409362793
16112,24,0.9442766904830933
16113,22,0.7453972101211548
16114,23,0.848966121673584
16115,7,-1.0425336360931396
16116,30,1.3975756168365479
16117,25,1.012887954711914
16118,28,1.240727424621582
16119,29,1.2896544933319092
16120,27,1.1415905952453613
16121,24,0.9077267646789551
16122,24,0.9058308601379395
16123,23,0.8336989879608154
16124,21,0.6546505689620972
16125,23,0.8311011791229248
16126,28,1.2476258277893066
16127,23,0.8474459648132324
16128,21,0.6765933036804199
16129,26,1.07258141040802
16130,23,0.8704699277877808
16131,26,1.0739073753356934
16132,25,0.9919047355651855
16133,25,0.9944959878921509
16134,23,0.7979564666748047
16135,8,-0.9421516060829163
16136,25,1.0189316272735596
16137,24,0.9246947765350342
16138,21,0.5984771847724915
16139,28,1.2035703659057617
16140,19,0.4490067958831787
16141,22,0.7818523645401001
16142,23,0.8311923742294312
16143,22,0.7740931510925293
16144,23,0.8759897947311401
16145,29,1.3020094633102417
16146,24,0.9304369688034058
16147,23,0.7918978929519653
16148,21,0.6834791898727417
16149,22,0.7135692834854126
16150,30,1.406827449798584
16151,26,1.1258028745651245
16152,23,0.8248000144958496
16153,23,0.8331949710845947
16154,21,0.6073424816131592
16155,23,0.8320356607437134
16156,24,0.9361660480499268
16157,23,0.8831731081008911
16158,22,0.7493773698806763
16159,16,0.1337960958480835
16160,26,1.0585283041000366
16161,19,0.4791029691696167
16162,23,0.8247983455657959
16163,24,0.9734100103378296
16164,24,0.8952401876449585
16165,25,1.0486336946487427
16166,29,1.267645239830017
16167,24,0.9435372352600098
16168,28,1.2501590251922607
16169,26,1.0654706954956055
16170,27,1.1377736330032349
16171,24,0.8974637985229492
16172,26,1.0596747398376465
16173,25,0.9842895269393921
16174,23,0.8393130302429199
16175,27,1.1847796440124512
16176,26,1.0936468839645386
16177,22,0.7694543600082397
16178,24,0.9010728597640991
16179,22,0.7103856801986694
16180,22,0.7807434797286987
16181,19,0.40612316131591797
16182,21,0.6675037145614624
16183,23,0.7992180585861206
16184,26,1.0664132833480835
16185,24,0.8996826410293579
16186,24,0.888374924659729
16187,24,0.9155775308609009
16188,27,1.1989526748657227
16189,19,0.4030572175979614
16190,25,1.007818341255188
16191,25,0.97716224193573
16192,26,1.0939630270004272
16193,26,1.0766862630844116
16194,30,1.393798589706421
16195,24,0.9076063632965088
16196,30,1.375101089477539
16197,23,0.8030846118927002
16198,30,1.353538155555725
16199,20,0.5838507413864136
16200,25,1.0478413105010986
16201,27,1.1793277263641357
16202,8,-1.0143532752990723
16203,24,0.9094493389129639
16204,22,0.6991796493530273
16205,24,0.907447338104248
16206,30,1.3629332780838013
16207,26,1.0579320192337036
16208,24,0.9470148086547852
16209,22,0.7451976537704468
16210,22,0.7477058172225952
16211,22,0.7692148685455322
16212,27,1.1756998300552368
16213,27,1.1596370935440063
16214,30,1.4195976257324219
16215,22,0.750639796257019
16216,26,1.1227666139602661
16217,29,1.275617241859436
16218,23,0.8802205324172974
16219,23,0.8538037538528442
16220,24,0.9613157510757446
16221,24,0.9218333959579468
16222,21,0.6911412477493286
16223,28,1.2643866539001465
16224,25,1.033172369003296
16225,15,-0.0074950456619262695
16226,22,0.7831175327301025
16227,26,1.0719953775405884
16228,24,0.907855749130249
16229,22,0.767436146736145
16230,24,0.9250694513320923
16231,26,1.1022826433181763
16232,29,1.2924652099609375
16233,6,-1.1492681503295898
16234,29,1.3239072561264038
16235,25,1.015488624572754
16236,29,1.28111732006073
16237,23,0.8717620372772217
16238,27,1.1596819162368774
16239,27,1.1300185918807983
16240,30,1.392995834350586
16241,29,1.2953212261199951
16242,29,1.2986780405044556
16243,23,0.8146765232086182
16244,24,0.8931657075881958
16245,24,0.9674543142318726
16246,29,1.312800645828247
16247,23,0.8744477033615112
16248,28,1.2466931343078613
16249,24,0.911974310874939
16250,27,1.1928513050079346
16251,23,0.7969123125076294
16252,28,1.226486086845398
16253,27,1.192472219467163
16254,26,1.0775189399719238
16255,27,1.1558263301849365
16256,26,1.1205264329910278
16257,25,1.0096856355667114
16258,24,0.9508616924285889
16259,22,0.7493454217910767
16260,29,1.3095285892486572
16261,25,1.0528481006622314
16262,23,0.8415253162384033
16263,24,0.8895910978317261
16264,25,0.9919407367706299
16265,26,1.0829089879989624
16266,22,0.7804867029190063
16267,20,0.5201179385185242
16268,30,1.3802998065948486
16269,29,1.2735531330108643
16270,22,0.7864832878112793
16271,25,1.0552202463150024
16272,30,1.3453924655914307
16273,24,0.9496191740036011
16274,20,0.49382996559143066
16275,28,1.2069511413574219
16276,27,1.1746325492858887
16277,22,0.7268921136856079
16278,21,0.650924563407898
16279,28,1.2354549169540405
16280,23,0.8533446788787842
16281,22,0.7244770526885986
16282,22,0.7481908798217773
16283,25,1.0169697999954224
16284,22,0.7017018795013428
16285,29,1.295988917350769
16286,26,1.1181297302246094
16287,24,0.9406154155731201
16288,24,0.9435291290283203
16289,21,0.6735419034957886
16290,21,0.6825473308563232
16291,23,0.8848162889480591
16292,25,1.0301285982131958
16293,24,0.9691952466964722
16294,25,1.0107094049453735
16295,24,0.9024138450622559
16296,25,0.975479245185852
16297,23,0.8218784332275391
16298,21,0.6199254989624023
16299,30,1.387060284614563
16300,26,1.0817302465438843
16301,29,1.3172849416732788
16302,24,0.9698152542114258
16303,24,0.9516497850418091
16304,23,0.8357887268066406
16305,25,1.0340808629989624
16306,23,0.8749407529830933
16307,25,0.9809867143630981
16308,24,0.9109418392181396
16309,23,0.880101203918457
16310,23,0.8142948150634766
16311,26,1.1252570152282715
16312,22,0.7690705060958862
16313,26,1.1055301427841187
16314,23,0.8851228952407837
16315,28,1.2028883695602417
16316,26,1.0745980739593506
16317,23,0.8217616081237793
16318,16,0.10415694117546082
16319,25,1.0349546670913696
16320,22,0.7110015153884888
16321,24,0.9730057716369629
16322,28,1.2382471561431885
16323,19,0.434063196182251
16324,21,0.6603338718414307
16325,25,1.0044598579406738
16326,22,0.7046149969100952
16327,23,0.799472451210022
16328,25,1.0300121307373047
16329,24,0.8949387073516846
16330,23,0.8199112415313721
16331,23,0.817817211151123
16332,18,0.3807406425476074
16333,27,1.1323896646499634
16334,23,0.8535394668579102
16335,21,0.6884673833847046
16336,23,0.8645236492156982
16337,26,1.0890637636184692
16338,27,1.1785131692886353
16339,23,0.8302278518676758
16340,16,0.09271451830863953
16341,24,0.9709488153457642
16342,24,0.9081690311431885
16343,23,0.8473308086395264
16344,25,1.0104000568389893
16345,29,1.3202524185180664
16346,23,0.8217344284057617
16347,27,1.1865456104278564
16348,24,0.8895190954208374
16349,29,1.2843918800354004
16350,25,1.0235991477966309
16351,28,1.265363335609436
16352,24,0.9092839956283569
16353,22,0.7715380191802979
16354,29,1.2742611169815063
16355,19,0.42955416440963745
16356,23,0.8040578365325928
16357,23,0.8658733367919922
16358,23,0.826264500617981
16359,29,1.3033236265182495
16360,23,0.8753111362457275
16361,24,0.9105045795440674
16362,24,0.9183547496795654
16363,26,1.0735357999801636
16364,28,1.2018433809280396
16365,30,1.373831033706665
16366,23,0.8095995187759399
16367,24,0.9334771633148193
16368,19,0.39534616470336914
16369,23,0.8345634937286377
16370,6,-1.1465215682983398
16371,27,1.1645326614379883
16372,22,0.7165907621383667
16373,27,1.18109130859375
16374,24,0.9166673421859741
16375,25,0.9839515686035156
16376,28,1.236342191696167
16377,21,0.609791100025177
16378,25,1.0093752145767212
16379,21,0.6787253618240356
16380,19,0.4481862783432007
16381,30,1.4106097221374512
16382,25,1.033180832862854
16383,27,1.1337790489196777
16384,25,0.977371335029602
16385,23,0.8234044313430786
16386,28,1.2210878133773804
16387,27,1.1601052284240723
16388,19,0.48343998193740845
16389,24,0.9739962816238403
16390,26,1.1092157363891602
16391,27,1.1871153116226196
16392,30,1.4256196022033691
16393,29,1.3163001537322998
16394,26,1.1012369394302368
16395,19,0.4210532307624817
16396,26,1.109318733215332
16397,30,1.4203392267227173
16398,19,0.48227643966674805
16399,23,0.883683443069458
16400,24,0.9231107234954834
16401,25,0.9814391136169434
16402,22,0.7564226388931274
16403,25,0.9840370416641235
16404,28,1.2542929649353027
16405,21,0.6175400018692017
16406,24,0.9028346538543701
16407,28,1.2607613801956177
16408,23,0.815740704536438
16409,21,0.6713418960571289
16410,28,1.213099479675293
16411,29,1.3348969221115112
16412,23,0.8078452348709106
16413,26,1.0588830709457397
16414,24,0.9244943857192993
16415,23,0.8857696056365967
16416,28,1.2111188173294067
16417,27,1.1489242315292358
16418,21,0.643398642539978
16419,23,0.8513007164001465
16420,23,0.811902642250061
16421,23,0.8694121837615967
16422,20,0.5747643113136292
16423,23,0.859099268913269
16424,30,1.3967987298965454
16425,26,1.091546893119812
16426,29,1.295988917350769
16427,27,1.1671018600463867
16428,29,1.3348816633224487
16429,24,0.962801456451416
16430,24,0.9219603538513184
16431,24,0.9344805479049683
16432,23,0.831452488899231
16433,22,0.7086533308029175
16434,23,0.8625280857086182
16435,24,0.9180400371551514
16436,18,0.3257330656051636
16437,28,1.2646256685256958
16438,30,1.4204175472259521
16439,18,0.3785324692726135
16440,27,1.1414695978164673
16441,21,0.6158278584480286
16442,27,1.158180832862854
16443,23,0.8120709657669067
16444,27,1.1833192110061646
16445,21,0.672805905342102
16446,24,0.8905121088027954
16447,23,0.8762034177780151
16448,27,1.1830230951309204
16449,24,0.892216682434082
16450,25,1.0340086221694946
16451,20,0.5828146934509277
16452,26,1.0595773458480835
16453,22,0.7696124315261841
16454,24,0.8908475637435913
16455,22,0.7427564859390259
16456,25,0.9955630302429199
16457,27,1.1729344129562378
16458,25,0.9979960918426514
16459,26,1.075639009475708
16460,25,1.0416901111602783
16461,23,0.8535412549972534
16462,25,1.0057029724121094
16463,22,0.7599930763244629
16464,24,0.9314872026443481
16465,29,1.3124850988388062
16466,23,0.8807262182235718
16467,23,0.8820235729217529
16468,23,0.7964180707931519
16469,18,0.3033537268638611
16470,27,1.1626076698303223
16471,27,1.1588845252990723
16472,23,0.842849850654602
16473,23,0.8241143226623535
16474,26,1.083510160446167
16475,26,1.1058884859085083
16476,24,0.9734954833984375
16477,25,1.029727816581726
16478,29,1.3346041440963745
16479,23,0.8606101274490356
16480,20,0.4958897829055786
16481,23,0.858324408531189
16482,28,1.207234263420105
16483,20,0.5016716122627258
16484,29,1.2970824241638184
16485,26,1.071866750717163
16486,21,0.6827445030212402
16487,24,0.9579218626022339
16488,23,0.8136159181594849
16489,27,1.1705718040466309
16490,23,0.8179807662963867
16491,28,1.2590702772140503
16492,24,0.9134547710418701
16493,23,0.8686660528182983
16494,24,0.8934603929519653
16495,22,0.7831237316131592
16496,28,1.2270759344100952
16497,22,0.7631403207778931
16498,30,1.4154796600341797
16499,29,1.2697303295135498
16500,22,0.7318904399871826
16501,26,1.1215062141418457
16502,30,1.3562911748886108
16503,23,0.8031561374664307
16504,25,0.9992305040359497
16505,29,1.2962095737457275
16506,23,0.8875728845596313
16507,27,1.175986647605896
16508,25,1.0085577964782715
16509,25,1.0551341772079468
16510,7,-1.0866951942443848
16511,24,0.9052392244338989
16512,22,0.762749433517456
16513,25,1.0113707780838013
16514,27,1.1896940469741821
16515,22,0.7625114917755127
16516,22,0.7833203077316284
16517,28,1.2367947101593018
16518,25,1.0118980407714844
16519,23,0.8637332916259766
16520,23,0.8478943109512329
16521,25,0.9779530763626099
16522,25,1.0514997243881226
16523,21,0.6804814338684082
16524,24,0.9230774641036987
16525,26,1.0728915929794312
16526,28,1.2366135120391846
16527,27,1.1516164541244507
16528,25,0.9912534952163696
16529,26,1.0917842388153076
16530,22,0.7446058988571167
16531,23,0.8289792537689209
16532,25,1.0346802473068237
16533,28,1.2373931407928467
16534,23,0.8126975297927856
16535,22,0.7412456274032593
16536,21,0.6566952466964722
16537,30,1.4226467609405518
16538,27,1.1656416654586792
16539,17,0.24911051988601685
16540,26,1.1018449068069458
16541,23,0.8681284189224243
16542,30,1.3551239967346191
16543,22,0.7857440710067749
16544,30,1.3459354639053345
16545,30,1.3451831340789795
16546,25,1.0328681468963623
16547,18,0.27665412425994873
16548,27,1.1680923700332642
16549,24,0.942142128944397
16550,24,0.955242395401001
16551,22,0.700495719909668
16552,23,0.8216807842254639
16553,25,1.0354801416397095
16554,23,0.820228099822998
16555,29,1.2688076496124268
16556,25,1.047300100326538
16557,22,0.7395410537719727
16558,19,0.4902369976043701
16559,29,1.293776035308838
16560,22,0.7522317171096802
16561,23,0.8247662782669067
16562,22,0.7302768230438232
16563,20,0.5853161811828613
16564,20,0.5103329420089722
16565,23,0.8339968919754028
16566,24,0.8977080583572388
16567,25,1.0308266878128052
16568,24,0.9720197916030884
16569,24,0.8901870250701904
16570,29,1.3268835544586182
16571,22,0.718996524810791
16572,29,1.2850099802017212
16573,30,1.3505371809005737
16574,21,0.617473840713501
16575,30,1.4032502174377441
16576,25,1.0260332822799683
16577,23,0.7938007116317749
16578,24,0.9446916580200195
16579,16,0.08844208717346191
16580,27,1.1927975416183472
16581,27,1.1891767978668213
16582,15,0.013652414083480835
16583,28,1.2197552919387817
16584,24,0.908397912979126
16585,27,1.187011480331421
16586,23,0.8101406097412109
16587,29,1.2713687419891357
16588,22,0.7152453660964966
16589,27,1.1388766765594482
16590,30,1.4175746440887451
16591,26,1.057913899421692
16592,23,0.8873171806335449
16593,23,0.8757981061935425
16594,21,0.6048373579978943
16595,20,0.5583401322364807
16596,28,1.2539571523666382
16597,28,1.215331792831421
16598,25,1.018862247467041
16599,26,1.1043668985366821
16600,23,0.8550035953521729
16601,24,0.9603664875030518
16602,23,0.8411836624145508
16603,23,0.8093583583831787
16604,20,0.5268052220344543
16605,23,0.8511748313903809
16606,28,1.2050129175186157
16607,28,1.2207404375076294
16608,22,0.7493051290512085
16609,26,1.1267611980438232
16610,25,1.0421948432922363
16611,25,0.9806351661682129
16612,25,1.0464770793914795
16613,22,0.766790509223938
16614,25,0.9764734506607056
16615,24,0.9603064060211182
16616,28,1.2451720237731934
16617,25,1.0548746585845947
16618,24,0.8952412605285645
16619,23,0.8149793148040771
16620,24,0.9459295272827148
16621,29,1.3324230909347534
16622,24,0.8925797939300537
16623,25,1.0103955268859863
16624,27,1.1625005006790161
16625,26,1.0669596195220947
16626,21,0.6246273517608643
16627,26,1.067110538482666
16628,26,1.1285344362258911
16629,14,-0.18778309226036072
16630,23,0.7969400882720947
16631,25,1.0432342290878296
16632,27,1.1887292861938477
16633,26,1.0772095918655396
16634,24,0.9157394170761108
16635,26,1.1055293083190918
16636,23,0.8629553318023682
16637,28,1.2504774332046509
16638,23,0.8823385238647461
16639,22,0.7735691070556641
16640,17,0.2130829095840454
16641,24,0.9737657308578491
16642,27,1.171874761581421
16643,21,0.625737190246582
16644,27,1.169582724571228
16645,27,1.196663737297058
16646,29,1.331808090209961
16647,17,0.2393968105316162
16648,25,0.9849117994308472
16649,30,1.3562861680984497
16650,24,0.9482313394546509
16651,19,0.41014736890792847
16652,24,0.9070870876312256
16653,22,0.7870775461196899
16654,30,1.341631531715393
16655,26,1.110617995262146
16656,27,1.1577033996582031
16657,28,1.2322419881820679
16658,22,0.6979293823242188
16659,24,0.8891259431838989
16660,26,1.0663559436798096
16661,24,0.9235154390335083
16662,24,0.9006463289260864
16663,25,1.0041078329086304
16664,29,1.3283944129943848
16665,28,1.2509764432907104
16666,22,0.7852610349655151
16667,19,0.40558892488479614
16668,27,1.1937711238861084
16669,27,1.1646615266799927
16670,24,0.9042130708694458
16671,25,1.05185067653656
16672,26,1.096108078956604
16673,23,0.849805474281311
16674,26,1.1009994745254517
16675,24,0.9078439474105835
16676,24,0.9118176698684692
16677,23,0.8509896993637085
16678,17,0.2553166151046753
16679,27,1.1689350605010986
16680,27,1.1302058696746826
16681,25,0.9902912378311157
16682,30,1.360702395439148
16683,27,1.173044204711914
16684,27,1.158867597579956
16685,24,0.9450969696044922
16686,30,1.4095244407653809
16687,24,0.9320563077926636
16688,6,-1.2118680477142334
16689,24,0.893640398979187
16690,25,1.0223429203033447
16691,23,0.8827512264251709
16692,11,-0.5766944885253906
16693,26,1.105438470840454
16694,24,0.906843900680542
16695,21,0.6749701499938965
16696,23,0.8459205627441406
16697,30,1.3779982328414917
16698,23,0.8600717782974243
16699,27,1.1901239156723022
16700,23,0.8190121650695801
16701,24,0.932587742805481
16702,23,0.8669772148132324
16703,24,0.9009013175964355
16704,30,1.418962836265564
16705,22,0.7207914590835571
16706,29,1.2871392965316772
16707,7,-1.0281777381896973
16708,24,0.9139703512191772
16709,18,0.37529897689819336
16710,24,0.9448692798614502
16711,22,0.7473698854446411
16712,21,0.6537755727767944
16713,25,0.9949830770492554
16714,28,1.2668683528900146
16715,25,1.0348163843154907
16716,25,0.987297534942627
16717,28,1.2113349437713623
16718,24,0.913001537322998
16719,23,0.8800210952758789
16720,28,1.2378305196762085
16721,24,0.9187232255935669
16722,24,0.9570139646530151
16723,25,1.0364717245101929
16724,22,0.7573219537734985
16725,29,1.2924970388412476
16726,26,1.1062335968017578
16727,27,1.1554803848266602
16728,23,0.8017802238464355
16729,23,0.8536783456802368
16730,26,1.1260936260223389
16731,29,1.2765079736709595
16732,25,0.9750956296920776
16733,21,0.6758520603179932
16734,23,0.8331575393676758
16735,24,0.9084324836730957
16736,27,1.1509640216827393
16737,28,1.252120852470398
16738,23,0.8856868743896484
16739,27,1.1569781303405762
16740,29,1.2918150424957275
16741,23,0.8165366649627686
16742,24,0.9197633266448975
16743,26,1.1137166023254395
16744,24,0.9452500343322754
16745,23,0.8112133741378784
16746,30,1.3574272394180298
16747,29,1.3348135948181152
16748,24,0.9554814100265503
16749,23,0.8536070585250854
16750,16,0.06816986203193665
16751,25,0.9777284860610962
16752,23,0.8152859210968018
16753,24,0.925900936126709
16754,20,0.5141709446907043
16755,21,0.6320680379867554
16756,23,0.8160204887390137
16757,26,1.105128288269043
16758,24,0.9084721803665161
16759,27,1.1560486555099487
16760,26,1.11861252784729
16761,26,1.07498037815094
16762,27,1.182988166809082
16763,22,0.7776907682418823
16764,29,1.3141969442367554
16765,25,1.0059298276901245
16766,28,1.2430776357650757
16767,22,0.7576881647109985
16768,25,0.974926233291626
16769,24,0.8958967924118042
16770,27,1.158797264099121
16771,23,0.8492380380630493
16772,27,1.1772836446762085
16773,26,1.0608675479888916
16774,23,0.8196521997451782
16775,29,1.2768890857696533
16776,24,0.9038468599319458
16777,1,-1.6243654489517212
16778,27,1.1686885356903076
16779,27,1.189748764038086
16780,25,0.99363112449646
16781,30,1.4046474695205688
16782,30,1.3447352647781372
16783,23,0.8520985841751099
16784,24,0.9326363801956177
16785,30,1.3770153522491455
16786,26,1.1159416437149048
16787,22,0.7530233860015869
16788,24,0.9222421646118164
16789,28,1.2163138389587402
16790,24,0.896544337272644
16791,26,1.078000783920288
16792,10,-0.7498353123664856
16793,30,1.4014595746994019
16794,17,0.1858653426170349
16795,29,1.2946197986602783
16796,30,1.4150316715240479
16797,19,0.4763188362121582
16798,21,0.6909533739089966
16799,23,0.8368830680847168
16800,27,1.1318997144699097
16801,24,0.895896315574646
16802,24,0.9176524877548218
16803,29,1.3082746267318726
16804,13,-0.25594362616539
16805,23,0.8656597137451172
16806,14,-0.14564530551433563
16807,23,0.8615646362304688
16808,28,1.247117280960083
16809,27,1.1849443912506104
16810,22,0.714117169380188
16811,27,1.1594125032424927
16812,20,0.5588409900665283
16813,25,1.0179835557937622
16814,24,0.9045851230621338
16815,22,0.7624251842498779
16816,29,1.3203532695770264
16817,28,1.2174599170684814
16818,28,1.2526830434799194
16819,27,1.1715800762176514
16820,21,0.6920827627182007
16821,25,1.0518319606781006
16822,24,0.9413756132125854
16823,23,0.8748397827148438
16824,22,0.7278987169265747
16825,26,1.1145774126052856
16826,27,1.1577234268188477
16827,28,1.22437584400177
16828,21,0.6264603137969971
16829,23,0.8291590213775635
16830,27,1.1360313892364502
16831,23,0.838923454284668
16832,26,1.1054002046585083
16833,23,0.8831987380981445
16834,24,0.9480193853378296
16835,30,1.4076848030090332
16836,24,0.9234765768051147
16837,23,0.8799179792404175
16838,21,0.633137583732605
16839,29,1.2738475799560547
16840,23,0.79674232006073
16841,22,0.7533581256866455
16842,27,1.18001389503479
16843,23,0.7960222959518433
16844,24,0.9523838758468628
16845,24,0.9657045602798462
16846,25,1.0131694078445435
16847,26,1.0818183422088623
16848,23,0.8566220998764038
16849,22,0.7413238286972046
16850,24,0.9614490270614624
16851,25,1.031287670135498
16852,22,0.7540817260742188
16853,24,0.9209011793136597
16854,23,0.8645482063293457
16855,27,1.159833312034607
16856,28,1.2617664337158203
16857,24,0.9014377593994141
16858,21,0.6179254055023193
16859,24,0.9375361204147339
16860,24,0.9366185665130615
16861,23,0.8441407680511475
16862,28,1.23500657081604
16863,17,0.15049582719802856
16864,25,1.0527675151824951
16865,26,1.0594441890716553
16866,28,1.2277684211730957
16867,30,1.4150118827819824
16868,25,1.008690357208252
16869,22,0.7128745317459106
16870,25,0.9956269264221191
16871,24,0.9074076414108276
16872,26,1.1242964267730713
16873,24,0.9229756593704224
16874,26,1.1170692443847656
16875,26,1.1132910251617432
16876,24,0.9515948295593262
16877,15,0.018987566232681274
16878,24,0.971774697303772
16879,28,1.2041431665420532
16880,26,1.1164846420288086
16881,22,0.7032523155212402
16882,25,0.9801074266433716
16883,25,1.0482614040374756
16884,29,1.2874993085861206
16885,25,0.9921318292617798
16886,22,0.7359827756881714
16887,24,0.9466990232467651
16888,20,0.5257145762443542
16889,22,0.7673887014389038
16890,24,0.9280695915222168
16891,24,0.919707179069519
16892,25,1.0421137809753418
16893,26,1.0595344305038452
16894,25,1.0253630876541138
16895,30,1.3708484172821045
16896,26,1.083115816116333
16897,23,0.8576474189758301
16898,26,1.0726593732833862
16899,28,1.2104289531707764
16900,12,-0.47041836380958557
16901,25,1.0243157148361206
16902,23,0.8827222585678101
16903,27,1.1790825128555298
16904,27,1.1791329383850098
16905,26,1.0768715143203735
16906,21,0.5942797660827637
16907,25,1.0097945928573608
16908,21,0.6579115390777588
16909,29,1.292296051979065
16910,27,1.1889935731887817
16911,24,0.9487878084182739
16912,21,0.6501268148422241
16913,24,0.9591226577758789
16914,24,0.9041811227798462
16915,23,0.7985126972198486
16916,26,1.114009976387024
16917,28,1.22063410282135
16918,25,1.0027860403060913
16919,28,1.2349976301193237
16920,22,0.769366979598999
16921,27,1.1910251379013062
16922,24,0.9418606758117676
16923,25,1.0101757049560547
16924,23,0.8606489896774292
16925,29,1.328155755996704
16926,29,1.3359442949295044
16927,27,1.1370128393173218
16928,25,0.9870450496673584
16929,30,1.3531969785690308
16930,28,1.2462891340255737
16931,26,1.062256097793579
16932,24,0.9592651128768921
16933,23,0.8627129793167114
16934,23,0.8840217590332031
16935,24,0.9320160150527954
16936,25,1.0333436727523804
16937,27,1.1561708450317383
16938,27,1.1824283599853516
16939,24,0.9534673690795898
16940,24,0.961850643157959
16941,25,1.0306476354599
16942,24,0.9175695180892944
16943,29,1.3074471950531006
16944,30,1.420196294784546
16945,24,0.9746623039245605
16946,22,0.767253041267395
16947,24,0.9008196592330933
16948,24,0.9247167110443115
16949,23,0.8141188621520996
16950,28,1.2039138078689575
16951,24,0.9023964405059814
16952,29,1.3376977443695068
16953,27,1.1965481042861938
16954,28,1.219948410987854
16955,24,0.9132170677185059
16956,23,0.8597937822341919
16957,23,0.8804057836532593
16958,28,1.2269526720046997
16959,25,1.0107799768447876
16960,23,0.8224246501922607
16961,29,1.2975713014602661
16962,22,0.7891280651092529
16963,27,1.160001277923584
16964,25,0.9816898107528687
16965,24,0.9133119583129883
16966,25,1.0210955142974854
16967,24,0.8974162340164185
16968,24,0.9305791854858398
16969,27,1.175012230873108
16970,30,1.344618797302246
16971,23,0.8217853307723999
16972,23,0.8302220106124878
16973,25,0.9778715372085571
16974,25,0.9936766624450684
16975,24,0.9326965808868408
16976,25,0.9935272932052612
16977,27,1.1355522871017456
16978,28,1.1999107599258423
16979,29,1.3069956302642822
16980,22,0.7906638383865356
16981,28,1.20206880569458
16982,24,0.9707132577896118
16983,27,1.140710711479187
16984,25,1.0344313383102417
16985,24,0.9671002626419067
16986,28,1.2398041486740112
16987,26,1.0895200967788696
16988,29,1.2721047401428223
16989,22,0.7895485162734985
16990,23,0.8376816511154175
16991,27,1.1790775060653687
16992,26,1.0760964155197144
16993,25,0.9830389022827148
16994,13,-0.2960318326950073
16995,24,0.947900652885437
16996,26,1.1098014116287231
16997,24,0.961195707321167
16998,25,0.9987958669662476
16999,27,1.1687886714935303
17000,27,1.1697423458099365
17001,29,1.3226834535598755
17002,25,1.0546128749847412
17003,23,0.869794487953186
17004,23,0.8454053401947021
17005,24,0.9123409986495972
17006,25,1.017807126045227
17007,29,1.3027598857879639
17008,25,1.0002731084823608
17009,26,1.1044707298278809
17010,25,1.0114834308624268
17011,30,1.3740137815475464
17012,26,1.0580462217330933
17013,30,1.3710240125656128
17014,25,1.0018538236618042
17015,18,0.3627455234527588
17016,26,1.1236907243728638
17017,23,0.8572702407836914
17018,30,1.3727598190307617
17019,24,0.9370636940002441
17020,30,1.348374366760254
17021,28,1.2000855207443237
17022,25,1.0385030508041382
17023,25,1.035449504852295
17024,24,0.8969545364379883
17025,25,1.0023666620254517
17026,24,0.8916205167770386
17027,25,1.0456011295318604
17028,25,1.0091525316238403
17029,30,1.4130051136016846
17030,30,1.3493218421936035
17031,10,-0.6756761074066162
17032,26,1.1138979196548462
17033,19,0.42990565299987793
17034,24,0.9426611661911011
17035,26,1.0646758079528809
17036,22,0.6980113983154297
17037,24,0.9050887823104858
17038,29,1.296695351600647
17039,26,1.1206916570663452
17040,26,1.0747711658477783
17041,22,0.7413300275802612
17042,26,1.1178122758865356
17043,20,0.5724090337753296
17044,25,1.0018651485443115
17045,24,0.9340381622314453
17046,15,-0.01843845844268799
17047,26,1.0984563827514648
17048,30,1.345398187637329
17049,11,-0.5879184007644653
17050,27,1.1387778520584106
17051,23,0.8637200593948364
17052,25,1.0317670106887817
17053,29,1.2743399143218994
17054,25,1.020782232284546
17055,26,1.0878698825836182
17056,26,1.1038604974746704
17057,25,1.0171211957931519
17058,24,0.951850414276123
17059,27,1.177689790725708
17060,21,0.6346850395202637
17061,23,0.8435102701187134
17062,24,0.9334968328475952
17063,22,0.7653844356536865
17064,24,0.9029597043991089
17065,23,0.7959297895431519
17066,10,-0.7449349164962769
17067,24,0.9714635610580444
17068,29,1.3139557838439941
17069,23,0.873079776763916
17070,25,0.9982132911682129
17071,30,1.4109137058258057
17072,25,0.9761852025985718
17073,27,1.1675032377243042
17074,27,1.1314116716384888
17075,26,1.0944998264312744
17076,26,1.1174784898757935
17077,26,1.099634051322937
17078,23,0.841883659362793
17079,26,1.1017236709594727
17080,22,0.7589465379714966
17081,20,0.5057983994483948
17082,24,0.9258558750152588
17083,17,0.22513777017593384
17084,24,0.9260380268096924
17085,26,1.0924036502838135
17086,30,1.4151101112365723
17087,25,0.9911011457443237
17088,25,1.05366849899292
17089,20,0.5136334300041199
17090,24,0.9190545082092285
17091,25,0.9816017150878906
17092,24,0.9634792804718018
17093,25,1.0161101818084717
17094,23,0.8201178312301636
17095,27,1.170644760131836
17096,25,0.9947037696838379
17097,17,0.17383188009262085
17098,29,1.2773265838623047
17099,28,1.2277055978775024
17100,27,1.1631194353103638
17101,27,1.1334227323532104
17102,30,1.3816324472427368
17103,25,0.9758540391921997
17104,28,1.25128972530365
17105,26,1.1196187734603882
17106,30,1.3572726249694824
17107,24,0.9584749937057495
17108,23,0.7943007946014404
17109,24,0.94191575050354
17110,24,0.9027029275894165
17111,26,1.0763983726501465
17112,30,1.345381498336792
17113,30,1.3471251726150513
17114,29,1.268667459487915
17115,28,1.2243983745574951
17116,27,1.148246169090271
17117,25,0.9988346099853516
17118,28,1.2300297021865845
17119,25,0.9897341728210449
17120,30,1.4210586547851562
17121,25,1.0055456161499023
17122,24,0.9693931341171265
17123,24,0.9238532781600952
17124,26,1.0631567239761353
17125,25,1.0510611534118652
17126,27,1.1927547454833984
17127,25,0.9804561138153076
17128,30,1.4194655418395996
17129,29,1.3195910453796387
17130,24,0.9718153476715088
17131,27,1.1364696025848389
17132,29,1.2689058780670166
17133,26,1.1228350400924683
17134,25,0.9984630346298218
17135,23,0.8071354627609253
17136,25,1.0458500385284424
17137,14,-0.17696592211723328
17138,25,1.0066025257110596
17139,26,1.1019304990768433
17140,26,1.0618839263916016
17141,24,0.9398976564407349
17142,26,1.0598552227020264
17143,26,1.101327896118164
17144,24,0.9374089241027832
17145,27,1.134924292564392
17146,24,0.9378305673599243
17147,25,1.0554134845733643
17148,29,1.3090062141418457
17149,27,1.1877660751342773
17150,5,-1.3146547079086304
17151,24,0.9135042428970337
17152,24,0.9089816808700562
17153,21,0.6794421672821045
17154,25,0.9988120794296265
17155,29,1.3130334615707397
17156,22,0.7792487144470215
17157,24,0.9233181476593018
17158,30,1.3843114376068115
17159,28,1.199945092201233
17160,24,0.9679157733917236
17161,24,0.9105206727981567
17162,25,1.0360127687454224
17163,27,1.1895091533660889
17164,22,0.7392138242721558
17165,26,1.089503526687622
17166,26,1.080664038658142
17167,25,0.9784690141677856
17168,23,0.7992008924484253
17169,21,0.6646515130996704
17170,24,0.9383471012115479
17171,28,1.2111902236938477
17172,23,0.8209717273712158
17173,28,1.2111682891845703
17174,25,0.9869341850280762
17175,26,1.1174232959747314
17176,16,0.03183665871620178
17177,21,0.6820366382598877
17178,25,1.0181865692138672
17179,22,0.7132688760757446
17180,25,1.0560277700424194
17181,26,1.0874637365341187
17182,30,1.3600406646728516
17183,23,0.845604658126831
17184,25,1.0425041913986206
17185,26,1.0913996696472168
17186,26,1.1166956424713135
17187,25,0.985589861869812
17188,30,1.3859485387802124
17189,25,1.0389339923858643
17190,30,1.354609727859497
17191,30,1.3643802404403687
17192,26,1.0624221563339233
17193,26,1.064154028892517
17194,25,1.0379221439361572
17195,26,1.1282966136932373
17196,27,1.1678190231323242
17197,9,-0.7598142027854919
17198,22,0.7719904184341431
17199,23,0.8463466167449951
17200,24,0.894684910774231
17201,24,0.9572612047195435
17202,22,0.790581226348877
17203,27,1.1559326648712158
17204,25,1.01133394241333
17205,30,1.3677701950073242
17206,25,0.980912446975708
17207,25,1.0197447538375854
17208,30,1.3759254217147827
17209,24,0.9730701446533203
17210,29,1.3125802278518677
17211,27,1.1490137577056885
17212,25,0.9780973196029663
17213,24,0.9731155633926392
17214,21,0.6672523021697998
17215,24,0.9390119314193726
17216,25,1.0072535276412964
17217,27,1.1572961807250977
17218,26,1.0699167251586914
17219,26,1.1118468046188354
17220,28,1.2467198371887207
17221,27,1.1530578136444092
17222,27,1.15631103515625
17223,23,0.8413995504379272
17224,26,1.1216466426849365
17225,28,1.215288758277893
17226,22,0.7029224634170532
17227,27,1.1612881422042847
17228,27,1.1827164888381958
17229,24,0.9575867652893066
17230,26,1.0959025621414185
17231,28,1.2525619268417358
17232,30,1.4195550680160522
17233,22,0.7711174488067627
17234,29,1.290681004524231
17235,29,1.2923932075500488
17236,24,0.9581477642059326
17237,26,1.0641565322875977
17238,23,0.8750598430633545
17239,6,-1.217008352279663
17240,26,1.0725183486938477
17241,24,0.9697666168212891
17242,22,0.7913869619369507
17243,27,1.15859854221344
17244,30,1.351491928100586
17245,24,0.8945801258087158
17246,27,1.1818268299102783
17247,25,1.0337269306182861
17248,26,1.090252161026001
17249,24,0.9291352033615112
17250,25,1.0189242362976074
17251,28,1.2207776308059692
17252,23,0.7959282398223877
17253,27,1.160059928894043
17254,25,0.9884833097457886
17255,27,1.178602933883667
17256,30,1.3803290128707886
17257,24,0.9209350347518921
17258,26,1.0838724374771118
17259,26,1.0779166221618652
17260,28,1.2058857679367065
17261,26,1.065463662147522
17262,26,1.0826325416564941
17263,30,1.3451225757598877
17264,25,1.0280168056488037
17265,29,1.3035246133804321
17266,29,1.2694449424743652
17267,29,1.268337607383728
17268,26,1.0655124187469482
17269,14,-0.1836436241865158
17270,30,1.418516993522644
17271,28,1.2080349922180176
17272,26,1.0827263593673706
17273,26,1.0747056007385254
17274,25,1.0209916830062866
17275,25,1.0340317487716675
17276,24,0.9273290634155273
17277,21,0.6053566932678223
17278,27,1.1535537242889404
17279,29,1.278694748878479
17280,30,1.3431795835494995
17281,25,1.0256197452545166
17282,20,0.500675618648529
17283,27,1.1674213409423828
17284,27,1.186692237854004
17285,27,1.1805864572525024
17286,25,1.024531602859497
17287,22,0.7795999050140381
17288,25,0.9930996894836426
17289,26,1.0665802955627441
17290,23,0.8668049573898315
17291,27,1.1447199583053589
17292,27,1.1956291198730469
17293,25,0.9846100807189941
17294,26,1.1232093572616577
17295,27,1.1521785259246826
17296,23,0.8192503452301025
17297,26,1.0820406675338745
17298,22,0.7900642156600952
17299,27,1.1876860857009888
17300,24,0.9570842981338501
17301,26,1.0667023658752441
17302,22,0.7530680894851685
17303,29,1.299804449081421
17304,23,0.8589596748352051
17305,24,0.9246900081634521
17306,30,1.3830530643463135
17307,22,0.7756991386413574
17308,24,0.9667026996612549
17309,23,0.8670810461044312
17310,26,1.0942963361740112
17311,25,1.0382933616638184
17312,23,0.8621112108230591
17313,28,1.2044297456741333
17314,23,0.8710421323776245
17315,30,1.3408550024032593
17316,23,0.816097617149353
17317,25,1.0185350179672241
17318,26,1.061558485031128
17319,26,1.0932363271713257
17320,27,1.148910641670227
17321,25,1.0075246095657349
17322,26,1.0738781690597534
17323,25,1.0150301456451416
17324,27,1.1563644409179688
17325,29,1.2724337577819824
17326,30,1.339491605758667
17327,25,0.9936091899871826
17328,26,1.0805257558822632
17329,24,0.9583593606948853
17330,25,1.0440828800201416
17331,28,1.2117270231246948
17332,23,0.8614097833633423
17333,26,1.075157642364502
17334,27,1.1836459636688232
17335,27,1.1561979055404663
17336,24,0.8942255973815918
17337,25,1.0249075889587402
17338,24,0.9747049808502197
17339,26,1.0694202184677124
17340,28,1.2616665363311768
17341,25,1.0532429218292236
17342,25,1.0323305130004883
17343,24,0.937877893447876
17344,25,1.034679651260376
17345,26,1.0935163497924805
17346,27,1.1837210655212402
17347,21,0.6327300071716309
17348,29,1.3049012422561646
17349,25,1.0112868547439575
17350,24,0.9383159875869751
17351,23,0.8115018606185913
17352,28,1.2063254117965698
17353,30,1.3416451215744019
17354,27,1.195526361465454
17355,26,1.0793737173080444
17356,30,1.3910691738128662
17357,29,1.3129292726516724
17358,26,1.0577317476272583
17359,25,1.0345098972320557
17360,23,0.8671233654022217
17361,25,1.0531320571899414
17362,28,1.2246779203414917
17363,23,0.8626012802124023
17364,25,1.0082969665527344
17365,27,1.16849684715271
17366,26,1.0763851404190063
17367,25,1.012461543083191
17368,26,1.1052340269088745
17369,30,1.356592059135437
17370,29,1.2729614973068237
17371,27,1.1582072973251343
17372,29,1.2860373258590698
17373,26,1.059505820274353
17374,25,1.0016402006149292
17375,28,1.2297478914260864
17376,28,1.2378038167953491
17377,26,1.0745145082473755
17378,27,1.1990258693695068
17379,30,1.3741899728775024
17380,24,0.9107824563980103
17381,26,1.0604487657546997
17382,28,1.2236460447311401
17383,26,1.10414457321167
17384,28,1.2351374626159668
17385,28,1.200370192527771
17386,27,1.1860212087631226
17387,24,0.9246475696563721
17388,28,1.2224385738372803
17389,25,1.0274465084075928
17390,14,-0.12684005498886108
17391,29,1.3060404062271118
17392,28,1.2182024717330933
17393,24,0.925243616104126
17394,28,1.2363982200622559
17395,24,0.9642626047134399
17396,27,1.1701552867889404
17397,22,0.7830184698104858
17398,26,1.1074146032333374
17399,28,1.2181276082992554
17400,26,1.0579025745391846
17401,23,0.8572632074356079
17402,26,1.070510983467102
17403,24,0.9178540706634521
17404,20,0.5757507085800171
17405,29,1.290128231048584
17406,30,1.3795599937438965
17407,23,0.8266113996505737
17408,29,1.2793564796447754
17409,25,1.0387133359909058
17410,28,1.2542822360992432
17411,20,0.5374377369880676
17412,30,1.3500161170959473
17413,24,0.9306207895278931
17414,25,0.9831668138504028
17415,5,-1.3072845935821533
17416,26,1.118989109992981
17417,25,0.9916086196899414
17418,24,0.9522556066513062
17419,28,1.211506962776184
17420,27,1.151503324508667
17421,24,0.9739179611206055
17422,28,1.2553192377090454
17423,13,-0.27408018708229065
17424,25,0.9970002174377441
17425,24,0.9499235153198242
17426,28,1.2238003015518188
17427,17,0.26710987091064453
17428,29,1.2919020652770996
17429,23,0.8812214136123657
17430,28,1.2463637590408325
17431,24,0.9445309638977051
17432,23,0.8288401365280151
17433,28,1.2270694971084595
17434,24,0.9696251153945923
17435,28,1.252341866493225
17436,28,1.2202472686767578
17437,24,0.9033501148223877
17438,30,1.4230318069458008
17439,23,0.837099552154541
17440,27,1.1539011001586914
17441,22,0.7496050596237183
17442,25,1.0089380741119385
17443,23,0.8520232439041138
17444,30,1.3989201784133911
17445,26,1.0655360221862793
17446,30,1.3430763483047485
17447,28,1.2210570573806763
17448,23,0.8875564336776733
17449,22,0.7243431806564331
17450,29,1.3193559646606445
17451,24,0.9533188343048096
17452,29,1.3143582344055176
17453,24,0.9652104377746582
17454,28,1.2437242269515991
17455,27,1.1573549509048462
17456,24,0.9376208782196045
17457,28,1.2034657001495361
17458,27,1.1948480606079102
17459,24,0.90755295753479
17460,29,1.333436369895935
17461,28,1.2451186180114746
17462,21,0.6225311756134033
17463,25,1.0115070343017578
17464,30,1.3501436710357666
17465,26,1.117040753364563
17466,29,1.2871761322021484
17467,25,1.038973093032837
17468,23,0.8568975925445557
17469,27,1.1746373176574707
17470,27,1.1796987056732178
17471,26,1.061774730682373
17472,29,1.3254196643829346
17473,25,1.0397545099258423
17474,24,0.9011455774307251
17475,25,1.0479098558425903
17476,27,1.1362272500991821
17477,26,1.121286392211914
17478,21,0.6609178781509399
17479,28,1.2356294393539429
17480,27,1.1961729526519775
17481,25,1.0052540302276611
17482,24,0.8974020481109619
17483,24,0.9125604629516602
17484,22,0.73914635181427
17485,25,1.0307590961456299
17486,27,1.1962976455688477
17487,6,-1.1615082025527954
17488,28,1.2484678030014038
17489,26,1.0847275257110596
17490,22,0.7442868947982788
17491,27,1.1909308433532715
17492,24,0.9167591333389282
17493,27,1.1547396183013916
17494,24,0.9709154367446899
17495,24,0.901321530342102
17496,28,1.2164286375045776
17497,25,0.9905257225036621
17498,30,1.3656110763549805
17499,30,1.3721332550048828
17500,25,1.0461857318878174
17501,29,1.2783918380737305
17502,24,0.9639102220535278
17503,26,1.0901291370391846
17504,27,1.1874674558639526
17505,29,1.3146352767944336
17506,28,1.2601066827774048
17507,25,1.044938564300537
17508,29,1.289038896560669
17509,29,1.2986323833465576
17510,28,1.2038453817367554
17511,27,1.159888505935669
17512,30,1.3399221897125244
17513,25,1.0547367334365845
17514,23,0.8156052827835083
17515,23,0.8518233299255371
17516,28,1.2499921321868896
17517,27,1.1326475143432617
17518,28,1.2109653949737549
17519,26,1.0860048532485962
17520,22,0.7594717741012573
17521,26,1.0931538343429565
17522,29,1.2975600957870483
17523,26,1.0835171937942505
17524,29,1.3242563009262085
17525,27,1.136548399925232
17526,26,1.065411925315857
17527,27,1.1786054372787476
17528,26,1.065201759338379
17529,25,1.0116983652114868
17530,27,1.185117483139038
17531,29,1.2945488691329956
17532,26,1.0779598951339722
17533,24,0.9205856323242188
17534,26,1.123792052268982
17535,24,0.902639627456665
17536,25,0.9873014688491821
17537,27,1.1578950881958008
17538,23,0.8749990463256836
17539,25,1.0243113040924072
17540,24,0.9746170043945312
17541,25,1.0549359321594238
17542,26,1.06025230884552
17543,25,1.0241938829421997
17544,27,1.1358230113983154
17545,11,-0.5032296776771545
17546,26,1.0601807832717896
17547,29,1.2981384992599487
17548,24,0.9260560274124146
17549,24,0.9367779493331909
17550,23,0.8087817430496216
17551,27,1.1969753503799438
17552,27,1.1704496145248413
17553,26,1.113829493522644
17554,28,1.2480052709579468
17555,28,1.2006510496139526
17556,27,1.1455299854278564
17557,23,0.8577566146850586
17558,25,1.0255897045135498
17559,27,1.1701332330703735
17560,26,1.0888127088546753
17561,26,1.0799026489257812
17562,25,1.020053505897522
17563,26,1.1132992506027222
17564,24,0.9155285358428955
17565,29,1.2902967929840088
17566,27,1.1618489027023315
17567,26,1.1064339876174927
17568,29,1.274717926979065
17569,27,1.1447824239730835
17570,29,1.3177592754364014
17571,25,1.0337635278701782
17572,30,1.3539893627166748
17573,28,1.2238551378250122
17574,27,1.1817981004714966
17575,30,1.4061752557754517
17576,26,1.1146477460861206
17577,27,1.1701549291610718
17578,28,1.2649768590927124
17579,24,0.9432468414306641
17580,25,1.014517068862915
17581,21,0.666426420211792
17582,25,0.9819951057434082
17583,23,0.8430061340332031
17584,24,0.915029764175415
17585,12,-0.3843197524547577
17586,28,1.2446409463882446
17587,18,0.3386460542678833
17588,30,1.3894116878509521
17589,25,1.0518155097961426
17590,16,0.0848538875579834
17591,26,1.0862001180648804
17592,29,1.2691200971603394
17593,30,1.3701145648956299
17594,26,1.076019525527954
17595,27,1.1739474534988403
17596,25,1.0190174579620361
17597,27,1.1893380880355835
17598,23,0.8700019121170044
17599,30,1.3471559286117554
17600,21,0.6720103025436401
17601,23,0.8266669511795044
17602,25,1.0564429759979248
17603,25,1.0216913223266602
17604,22,0.7728079557418823
17605,25,1.001250147819519
17606,25,1.0455739498138428
17607,26,1.0871081352233887
17608,13,-0.2864302396774292
17609,26,1.0904061794281006
17610,24,0.9678372144699097
17611,28,1.2430542707443237
17612,30,1.405764102935791
17613,24,0.9146329164505005
17614,24,0.9483469724655151
17615,28,1.204770565032959
17616,30,1.4113398790359497
17617,30,1.3379795551300049
17618,25,0.999557614326477
17619,28,1.2574394941329956
17620,26,1.0596847534179688
17621,25,1.0325931310653687
17622,21,0.6005188822746277
17623,21,0.6154031157493591
17624,23,0.8042987585067749
17625,29,1.2716611623764038
17626,28,1.2023258209228516
17627,29,1.2796685695648193
17628,27,1.194177269935608
17629,20,0.5229462385177612
17630,21,0.6861683130264282
17631,29,1.2831807136535645
17632,28,1.2238309383392334
17633,25,0.9977917671203613
17634,25,0.9883569478988647
17635,26,1.1117379665374756
17636,28,1.2405619621276855
17637,13,-0.23986679315567017
17638,30,1.338735818862915
17639,23,0.844264030456543
17640,23,0.88245689868927
17641,28,1.2357102632522583
17642,23,0.8727737665176392
17643,29,1.3348603248596191
17644,24,0.9687018394470215
17645,27,1.1380373239517212
17646,26,1.066673994064331
17647,25,0.9911825656890869
17648,25,1.021650791168213
17649,29,1.2786976099014282
17650,25,1.030860185623169
17651,29,1.326170563697815
17652,20,0.5496302843093872
17653,26,1.0762863159179688
17654,19,0.40685784816741943
17655,25,1.0309451818466187
17656,24,0.8955084085464478
17657,24,0.9547030925750732
17658,28,1.234110951423645
17659,28,1.205498218536377
17660,27,1.1714897155761719
17661,27,1.1939104795455933
17662,28,1.241024374961853
17663,29,1.3045846223831177
17664,26,1.0685667991638184
17665,25,1.0341953039169312
17666,26,1.0617948770523071
17667,24,0.9498968124389648
17668,28,1.229632019996643
17669,23,0.8795323371887207
17670,30,1.3498905897140503
17671,26,1.1077632904052734
17672,18,0.3474504351615906
17673,26,1.113142728805542
17674,3,-1.5266326665878296
17675,24,0.8888406753540039
17676,29,1.3103262186050415
17677,28,1.2591755390167236
17678,25,1.0031582117080688
17679,23,0.7922734022140503
17680,22,0.7748051881790161
17681,30,1.398553490638733
17682,21,0.6416393518447876
17683,25,1.0147281885147095
17684,23,0.8349764347076416
17685,30,1.3903383016586304
17686,21,0.5956621766090393
17687,28,1.2433602809906006
17688,25,0.9902126789093018
17689,28,1.2203221321105957
17690,27,1.1617885828018188
17691,22,0.7000426054000854
17692,30,1.3761717081069946
17693,25,1.0440882444381714
17694,27,1.1585638523101807
17695,24,0.9349734783172607
17696,30,1.4214997291564941
17697,25,1.0334678888320923
17698,22,0.7061991691589355
17699,28,1.2373563051223755
17700,25,1.015421986579895
17701,26,1.0963762998580933
17702,26,1.127764105796814
17703,30,1.4136865139007568
17704,8,-0.9737009406089783
17705,28,1.2653605937957764
17706,24,0.9063215255737305
17707,22,0.7268561124801636
17708,25,1.010717511177063
17709,24,0.8963905572891235
17710,29,1.2955098152160645
17711,25,1.040322184562683
17712,26,1.0916004180908203
17713,24,0.9579873085021973
17714,24,0.9706110954284668
17715,29,1.2777976989746094
17716,28,1.206283450126648
17717,27,1.1734639406204224
17718,25,1.0234359502792358
17719,24,0.9454708099365234
17720,26,1.0833117961883545
17721,24,0.9077966213226318
17722,13,-0.342489093542099
17723,24,0.9436550140380859
17724,26,1.1052089929580688
17725,24,0.9362262487411499
17726,28,1.2305262088775635
17727,28,1.2290538549423218
17728,30,1.4169610738754272
17729,28,1.1998991966247559
17730,26,1.1123796701431274
17731,24,0.9100505113601685
17732,25,0.9851857423782349
17733,23,0.8321237564086914
17734,26,1.123143196105957
17735,25,1.0363614559173584
17736,30,1.4043341875076294
17737,30,1.3948724269866943
17738,28,1.256913661956787
17739,25,0.9786182641983032
17740,27,1.1728969812393188
17741,26,1.0723785161972046
17742,29,1.2909213304519653
17743,28,1.225511908531189
17744,18,0.28214526176452637
17745,30,1.3516995906829834
17746,24,0.9289900064468384
17747,25,0.988400936126709
17748,26,1.1133614778518677
17749,29,1.2731194496154785
17750,24,0.9608215093612671
17751,28,1.267349123954773
17752,25,1.0227763652801514
17753,28,1.202676773071289
17754,29,1.2708313465118408
17755,25,1.014183759689331
17756,30,1.3772413730621338
17757,24,0.9121471643447876
17758,25,1.053653597831726
17759,26,1.0949214696884155
17760,25,0.9866540431976318
17761,22,0.7821407318115234
17762,28,1.2258378267288208
17763,25,1.0333739519119263
17764,27,1.1737797260284424
17765,25,0.9816901683807373
17766,26,1.1282740831375122
17767,28,1.2021548748016357
17768,28,1.2628222703933716
17769,29,1.3350170850753784
17770,25,0.9816168546676636
17771,25,1.0334577560424805
17772,23,0.8550679683685303
17773,27,1.1878248453140259
17774,29,1.2777565717697144
17775,30,1.4237157106399536
17776,25,1.014267086982727
17777,23,0.8596813678741455
17778,29,1.3243399858474731
17779,28,1.21839439868927
17780,27,1.1457363367080688
17781,27,1.1373547315597534
17782,30,1.3676421642303467
17783,23,0.8811080455780029
17784,27,1.148171305656433
17785,23,0.8141822814941406
17786,27,1.1873148679733276
17787,30,1.3501752614974976
17788,29,1.2943788766860962
17789,23,0.8624962568283081
17790,25,1.0372933149337769
17791,27,1.1707944869995117
17792,29,1.2843023538589478
17793,27,1.1370372772216797
17794,27,1.1476224660873413
17795,28,1.239875078201294
17796,27,1.1543874740600586
17797,24,0.8925000429153442
17798,29,1.3121867179870605
17799,27,1.1458379030227661
17800,29,1.290963053703308
17801,29,1.2985074520111084
17802,27,1.1355373859405518
17803,26,1.0784398317337036
17804,24,0.9685359001159668
17805,17,0.22041326761245728
17806,26,1.0731761455535889
17807,30,1.350490689277649
17808,22,0.7140159606933594
17809,25,0.9761996269226074
17810,26,1.0851969718933105
17811,26,1.088246464729309
17812,28,1.2579396963119507
17813,30,1.344727635383606
17814,28,1.235053300857544
17815,25,0.9749795198440552
17816,28,1.200408697128296
17817,27,1.174816608428955
17818,25,0.9807534217834473
17819,29,1.319046139717102
17820,28,1.2595936059951782
17821,25,1.005382776260376
17822,28,1.2359191179275513
17823,26,1.0637143850326538
17824,15,0.010503590106964111
17825,23,0.7916126251220703
17826,25,1.0368865728378296
17827,26,1.1073554754257202
17828,24,0.9019255638122559
17829,27,1.1439287662506104
17830,26,1.0942901372909546
17831,26,1.0767844915390015
17832,26,1.0804847478866577
17833,25,1.002148151397705
17834,24,0.9320321083068848
17835,25,1.052692174911499
17836,21,0.6558599472045898
17837,28,1.1999115943908691
17838,29,1.3149068355560303
17839,26,1.0879207849502563
17840,27,1.1651071310043335
17841,29,1.3337657451629639
17842,30,1.4169461727142334
17843,26,1.126881718635559
17844,26,1.1039841175079346
17845,26,1.0826339721679688
17846,26,1.1109116077423096
17847,25,0.9828985929489136
17848,15,-0.02129170298576355
17849,26,1.1057497262954712
17850,25,0.982833743095398
17851,25,1.0232329368591309
17852,24,0.9458408355712891
17853,26,1.0954097509384155
17854,28,1.2490673065185547
17855,28,1.2359799146652222
17856,27,1.194175362586975
17857,23,0.8263146877288818
17858,28,1.244320273399353
17859,20,0.5416933298110962
17860,28,1.2159169912338257
17861,26,1.0909901857376099
17862,24,0.9664174318313599
17863,26,1.1229088306427002
17864,28,1.243707299232483
17865,22,0.764706015586853
17866,27,1.1427412033081055
17867,23,0.8186442852020264
17868,18,0.2811957597732544
17869,26,1.0714926719665527
17870,25,1.038525938987732
17871,29,1.3248094320297241
17872,9,-0.7641581296920776
17873,26,1.0923322439193726
17874,26,1.074479103088379
17875,29,1.2725497484207153
17876,29,1.3374857902526855
17877,26,1.087007761001587
17878,26,1.1016819477081299
17879,29,1.2904657125473022
17880,23,0.8734191656112671
17881,30,1.3533051013946533
17882,27,1.186343789100647
17883,24,0.9011809825897217
17884,27,1.163216233253479
17885,27,1.1792049407958984
17886,28,1.2371660470962524
17887,23,0.8268311023712158
17888,25,1.0516306161880493
17889,26,1.0967472791671753
17890,27,1.1931724548339844
17891,26,1.0959442853927612
17892,26,1.1012234687805176
17893,27,1.1864800453186035
17894,25,1.0364336967468262
17895,27,1.159536600112915
17896,29,1.300820231437683
17897,26,1.0937775373458862
17898,24,0.9488312005996704
17899,25,1.0280381441116333
17900,24,0.9251110553741455
17901,29,1.296563982963562
17902,27,1.1561505794525146
17903,25,0.9775038957595825
17904,28,1.2263039350509644
17905,29,1.2942930459976196
17906,29,1.2978713512420654
17907,28,1.2139179706573486
17908,25,1.0410478115081787
17909,26,1.1178654432296753
17910,26,1.0963549613952637
17911,26,1.0790596008300781
17912,23,0.8487530946731567
17913,27,1.1372236013412476
17914,8,-0.9928604960441589
17915,25,1.016504168510437
17916,27,1.1780461072921753
17917,27,1.1889772415161133
17918,29,1.2983436584472656
17919,27,1.1461447477340698
17920,26,1.1154937744140625
17921,26,1.0757976770401
17922,28,1.199173927307129
17923,28,1.2547413110733032
17924,26,1.065928339958191
17925,29,1.2705583572387695
17926,27,1.1300983428955078
17927,24,0.8897569179534912
17928,28,1.2195450067520142
17929,25,0.9853717088699341
17930,26,1.0694208145141602
17931,24,0.9474533796310425
17932,29,1.2727406024932861
17933,29,1.327855110168457
17934,29,1.2995126247406006
17935,27,1.1760683059692383
17936,27,1.1364332437515259
17937,23,0.8269062042236328
17938,29,1.3174989223480225
17939,30,1.3938093185424805
17940,19,0.48836517333984375
17941,28,1.2559179067611694
17942,25,1.0339298248291016
17943,25,1.0157138109207153
17944,28,1.2537540197372437
17945,29,1.2767798900604248
17946,21,0.6146354675292969
17947,25,1.0102825164794922
17948,25,1.0320792198181152
17949,28,1.2010005712509155
17950,25,1.036911964416504
17951,25,0.9876929521560669
17952,24,0.9682532548904419
17953,26,1.0647790431976318
17954,28,1.2236201763153076
17955,29,1.2760968208312988
17956,28,1.2395756244659424
17957,27,1.1570112705230713
17958,19,0.4783552885055542
17959,25,1.0415072441101074
17960,26,1.10309636592865
17961,3,-1.5251798629760742
17962,29,1.2708581686019897
17963,26,1.100016474723816
17964,28,1.2380160093307495
17965,26,1.0744861364364624
17966,25,1.0303934812545776
17967,26,1.1278876066207886
17968,25,1.0124330520629883
17969,27,1.186692237854004
17970,30,1.4218512773513794
17971,27,1.1982638835906982
17972,27,1.163087010383606
17973,24,0.9736423492431641
17974,29,1.3318219184875488
17975,26,1.0776000022888184
17976,25,0.9935680627822876
17977,29,1.316786527633667
17978,29,1.281400203704834
17979,29,1.3303700685501099
17980,21,0.6474707126617432
17981,26,1.0758275985717773
17982,26,1.118417739868164
17983,25,0.993593692779541
17984,27,1.1371625661849976
17985,24,0.8958785533905029
17986,25,1.0412617921829224
17987,22,0.7679798603057861
17988,25,1.0049277544021606
17989,22,0.753514289855957
17990,21,0.5968778133392334
17991,28,1.2339531183242798
17992,25,1.0301073789596558
17993,29,1.2995742559432983
17994,25,1.0001599788665771
17995,28,1.2409557104110718
17996,26,1.1245075464248657
17997,30,1.3423914909362793
17998,26,1.090781569480896
17999,27,1.1674587726593018
18000,24,0.9170805215835571
18001,22,0.7394652366638184
18002,24,0.9452934265136719
18003,25,0.9937835931777954
18004,28,1.2191073894500732
18005,27,1.1825553178787231
18006,26,1.0900382995605469
18007,29,1.3218492269515991
18008,27,1.1928209066390991
18009,25,0.9811806678771973
18010,27,1.1715302467346191
18011,30,1.3755007982254028
18012,12,-0.3563646674156189
18013,25,0.9796090126037598
18014,28,1.2019257545471191
18015,28,1.2463651895523071
18016,26,1.0702972412109375
18017,28,1.2140533924102783
18018,26,1.061353087425232
18019,24,0.9690101146697998
18020,2,-1.5577142238616943
18021,24,0.9570741653442383
18022,26,1.127690315246582
18023,29,1.3003625869750977
18024,28,1.2175730466842651
18025,28,1.2126801013946533
18026,26,1.0773663520812988
18027,29,1.2731835842132568
18028,28,1.2318285703659058
18029,29,1.2748558521270752
18030,27,1.1923682689666748
18031,23,0.8685939311981201
18032,30,1.3463807106018066
18033,29,1.3014771938323975
18034,29,1.3359777927398682
18035,28,1.230357050895691
18036,27,1.1435259580612183
18037,30,1.4240630865097046
18038,30,1.390749454498291
18039,27,1.1962782144546509
18040,28,1.2440298795700073
18041,25,1.0194469690322876
18042,28,1.237471103668213
18043,28,1.2361769676208496
18044,23,0.8060016632080078
18045,26,1.1002222299575806
18046,30,1.3412234783172607
18047,28,1.2316904067993164
18048,29,1.2718030214309692
18049,26,1.0636457204818726
18050,24,0.9565101861953735
18051,25,1.0499227046966553
18052,8,-0.9701568484306335
18053,27,1.1347129344940186
18054,29,1.3004070520401
18055,25,0.9989378452301025
18056,28,1.2345348596572876
18057,24,0.9172042608261108
18058,26,1.0598430633544922
18059,29,1.2718449831008911
18060,23,0.8689289093017578
18061,29,1.2973830699920654
18062,29,1.316500186920166
18063,25,1.023514747619629
18064,22,0.7417153120040894
18065,25,1.0534379482269287
18066,25,0.9799861907958984
18067,28,1.2318004369735718
18068,27,1.1804887056350708
18069,30,1.4034768342971802
18070,28,1.2372008562088013
18071,27,1.1828789710998535
18072,24,0.9554183483123779
18073,23,0.8632768392562866
18074,22,0.7838317155838013
18075,11,-0.5855057239532471
18076,28,1.242732286453247
18077,30,1.3519853353500366
18078,28,1.2429999113082886
18079,30,1.4080737829208374
18080,28,1.2562795877456665
18081,27,1.1296789646148682
18082,25,1.0043141841888428
18083,9,-0.8705328702926636
18084,29,1.3132026195526123
18085,28,1.202156901359558
18086,26,1.064988613128662
18087,28,1.203564167022705
18088,30,1.3673553466796875
18089,24,0.9178586006164551
18090,28,1.2477086782455444
18091,26,1.068747878074646
18092,27,1.1698813438415527
18093,26,1.12703537940979
18094,24,0.9425215721130371
18095,28,1.265976905822754
18096,25,1.0174510478973389
18097,28,1.246968388557434
18098,28,1.2614163160324097
18099,29,1.3278509378433228
18100,22,0.7533413171768188
18101,27,1.1768079996109009
18102,30,1.4036983251571655
18103,26,1.0980451107025146
18104,29,1.29767906665802
18105,29,1.2681065797805786
18106,29,1.2704342603683472
18107,25,1.042263150215149
18108,25,0.9792858362197876
18109,29,1.2879772186279297
18110,26,1.106015682220459
18111,24,0.9168993234634399
18112,26,1.0833261013031006
18113,24,0.9508026838302612
18114,28,1.2517406940460205
18115,25,0.9878937005996704
18116,26,1.1261920928955078
18117,28,1.2275995016098022
18118,28,1.2601972818374634
18119,28,1.2067369222640991
18120,28,1.24103844165802
18121,28,1.253702998161316
18122,29,1.269121527671814
18123,17,0.2136092185974121
18124,29,1.2999510765075684
18125,26,1.0787311792373657
18126,27,1.1727098226547241
18127,28,1.254575252532959
18128,23,0.8662713766098022
18129,30,1.4147884845733643
18130,26,1.12040114402771
18131,26,1.102789282798767
18132,24,0.9476655721664429
18133,27,1.1301382780075073
18134,27,1.164515495300293
18135,26,1.1066712141036987
18136,26,1.1257259845733643
18137,28,1.2046386003494263
18138,29,1.3157850503921509
18139,29,1.301721215248108
18140,25,1.0265331268310547
18141,27,1.1500318050384521
18142,26,1.083327293395996
18143,29,1.2906075716018677
18144,26,1.090010404586792
18145,26,1.1026679277420044
18146,28,1.2197093963623047
18147,26,1.1234365701675415
18148,28,1.2008843421936035
18149,25,0.9938985109329224
18150,28,1.260945200920105
18151,22,0.7524173259735107
18152,25,1.0113626718521118
18153,24,0.9663704633712769
18154,26,1.1081331968307495
18155,26,1.1084400415420532
18156,29,1.293566346168518
18157,18,0.27073007822036743
18158,23,0.8516128063201904
18159,30,1.4196268320083618
18160,27,1.1686153411865234
18161,25,0.9822654724121094
18162,22,0.740903377532959
18163,27,1.1586190462112427
18164,26,1.1242069005966187
18165,25,1.0158907175064087
18166,27,1.13325834274292
18167,25,0.9875097274780273
18168,30,1.3462127447128296
18169,25,1.0326626300811768
18170,25,1.0309929847717285
18171,30,1.3445627689361572
18172,27,1.193694829940796
18173,5,-1.3037806749343872
18174,29,1.3288248777389526
18175,29,1.3276888132095337
18176,25,1.041672945022583
18177,28,1.2035163640975952
18178,27,1.168245792388916
18179,23,0.7913873195648193
18180,27,1.1627732515335083
18181,10,-0.6318658590316772
18182,26,1.0594040155410767
18183,20,0.5734913945198059
18184,25,1.0529221296310425
18185,28,1.2566063404083252
18186,27,1.191972255706787
18187,15,0.007983386516571045
18188,25,1.040945053100586
18189,30,1.3980783224105835
18190,26,1.0892521142959595
18191,26,1.0827805995941162
18192,27,1.1686891317367554
18193,29,1.311042308807373
18194,19,0.4264647364616394
18195,24,0.9354772567749023
18196,26,1.075919270515442
18197,27,1.1914079189300537
18198,26,1.062669038772583
18199,26,1.1015690565109253
18200,28,1.2374911308288574
18201,28,1.2091586589813232
18202,24,0.9172483682632446
18203,24,0.9570724964141846
18204,27,1.1661431789398193
18205,28,1.2480840682983398
18206,26,1.1289775371551514
18207,28,1.2371361255645752
18208,30,1.3388224840164185
18209,26,1.108957052230835
18210,30,1.3664923906326294
18211,30,1.3878368139266968
18212,29,1.2821601629257202
18213,28,1.2015948295593262
18214,25,1.0540181398391724
18215,27,1.1592450141906738
18216,30,1.3660622835159302
18217,27,1.1701093912124634
18218,29,1.283065676689148
18219,25,1.0550684928894043
18220,17,0.1961735486984253
18221,25,1.0262131690979004
18222,28,1.262327790260315
18223,24,0.9672644138336182
18224,24,0.927283763885498
18225,29,1.286444067955017
18226,27,1.1855039596557617
18227,29,1.2756867408752441
18228,27,1.1977415084838867
18229,30,1.3381249904632568
18230,25,0.9862890243530273
18231,25,0.9978852272033691
18232,25,1.0398657321929932
18233,25,0.9936286211013794
18234,27,1.173675537109375
18235,29,1.3278383016586304
18236,28,1.2477513551712036
18237,28,1.2263984680175781
18238,30,1.4005935192108154
18239,27,1.1524620056152344
18240,30,1.3729472160339355
18241,29,1.2888576984405518
18242,26,1.0648081302642822
18243,25,1.0348083972930908
18244,28,1.24513578414917
18245,27,1.150904893875122
18246,25,0.9833736419677734
18247,29,1.3074249029159546
18248,15,-0.060396432876586914
18249,26,1.1254366636276245
18250,5,-1.3436541557312012
18251,27,1.1608420610427856
18252,27,1.1572471857070923
18253,30,1.4190196990966797
18254,28,1.2253520488739014
18255,25,1.0214813947677612
18256,27,1.1934609413146973
18257,27,1.1311887502670288
18258,26,1.0675628185272217
18259,27,1.1479469537734985
18260,24,0.962889552116394
18261,27,1.1953248977661133
18262,27,1.183764100074768
18263,26,1.1129741668701172
18264,19,0.4711969494819641
18265,29,1.3348971605300903
18266,27,1.179360032081604
18267,25,1.0262590646743774
18268,28,1.267362356185913
18269,29,1.3290635347366333
18270,27,1.1594853401184082
18271,30,1.3801449537277222
18272,26,1.0710445642471313
18273,20,0.4953228235244751
18274,27,1.1305843591690063
18275,27,1.1469370126724243
18276,27,1.1365638971328735
18277,23,0.8181734085083008
18278,25,1.0084413290023804
18279,26,1.0893813371658325
18280,28,1.2342931032180786
18281,26,1.1219698190689087
18282,24,0.9041742086410522
18283,28,1.2525906562805176
18284,30,1.3943713903427124
18285,27,1.1520107984542847
18286,29,1.2764458656311035
18287,28,1.2265138626098633
18288,24,0.9009902477264404
18289,20,0.4923456311225891
18290,25,1.013092279434204
18291,24,0.8996338844299316
18292,26,1.0974315404891968
18293,28,1.261144757270813
18294,25,1.0537627935409546
18295,27,1.1611005067825317
18296,25,1.0449413061141968
18297,24,0.9739035367965698
18298,28,1.2490509748458862
18299,28,1.2239351272583008
18300,28,1.2658337354660034
18301,17,0.26510173082351685
18302,27,1.1670292615890503
18303,29,1.2748188972473145
18304,26,1.109083652496338
18305,30,1.3599032163619995
18306,28,1.2512584924697876
18307,27,1.1617695093154907
18308,26,1.0770074129104614
18309,28,1.2106245756149292
18310,24,0.9267928600311279
18311,29,1.279865026473999
18312,29,1.2943952083587646
18313,28,1.2476754188537598
18314,29,1.2927532196044922
18315,27,1.1862881183624268
18316,28,1.201660394668579
18317,28,1.254083275794983
18318,28,1.2410508394241333
18319,29,1.31497323513031
18320,29,1.2915985584259033
18321,30,1.3699488639831543
18322,26,1.0608786344528198
18323,29,1.3135676383972168
18324,27,1.1468801498413086
18325,24,0.9085856676101685
18326,29,1.2741118669509888
18327,27,1.130603551864624
18328,29,1.2711663246154785
18329,27,1.131893515586853
18330,19,0.40136533975601196
18331,26,1.1056424379348755
18332,27,1.1751971244812012
18333,27,1.177224040031433
18334,24,0.9052989482879639
18335,27,1.1991451978683472
18336,30,1.3391070365905762
18337,30,1.3735445737838745
18338,30,1.4146369695663452
18339,28,1.219085931777954
18340,24,0.9594311714172363
18341,29,1.278523564338684
18342,27,1.1338483095169067
18343,28,1.2457408905029297
18344,27,1.1669389009475708
18345,25,1.0537394285202026
18346,13,-0.2782134711742401
18347,27,1.1715333461761475
18348,27,1.1940168142318726
18349,29,1.3309282064437866
18350,29,1.3304108381271362
18351,27,1.1684213876724243
18352,30,1.3773338794708252
18353,30,1.3667560815811157
18354,27,1.198649525642395
18355,30,1.3721942901611328
18356,25,1.0548197031021118
18357,26,1.0966057777404785
18358,27,1.1402183771133423
18359,26,1.0749282836914062
18360,29,1.3081589937210083
18361,26,1.0590176582336426
18362,28,1.25324285030365
18363,25,1.0456759929656982
18364,28,1.2032897472381592
18365,29,1.2883366346359253
18366,28,1.2529191970825195
18367,30,1.4107556343078613
18368,29,1.3306523561477661
18369,30,1.3486113548278809
18370,25,1.0451862812042236
18371,28,1.2320692539215088
18372,28,1.252411961555481
18373,30,1.3561729192733765
18374,28,1.2320560216903687
18375,27,1.1634635925292969
18376,28,1.2582985162734985
18377,29,1.3291245698928833
18378,29,1.3267251253128052
18379,27,1.1459780931472778
18380,27,1.1955337524414062
18381,29,1.2780473232269287
18382,27,1.1649034023284912
18383,27,1.1450433731079102
18384,27,1.1937998533248901
18385,26,1.120896339416504
18386,25,1.0171329975128174
18387,27,1.1588006019592285
18388,26,1.1096057891845703
18389,27,1.1889220476150513
18390,25,0.9815492630004883
18391,24,0.9430900812149048
18392,30,1.3858627080917358
18393,29,1.3178999423980713
18394,28,1.221567153930664
18395,28,1.2197600603103638
18396,27,1.1370192766189575
18397,26,1.0757355690002441
18398,26,1.0576390027999878
18399,24,0.9332624673843384
18400,26,1.083824872970581
18401,22,0.7101967334747314
18402,28,1.2010284662246704
18403,27,1.171341896057129
18404,27,1.1881778240203857
18405,27,1.142957091331482
18406,25,1.0006866455078125
18407,27,1.14764404296875
18408,27,1.1595605611801147
18409,23,0.8807429075241089
18410,27,1.1472705602645874
18411,26,1.0605422258377075
18412,29,1.3168715238571167
18413,28,1.2111736536026
18414,26,1.109717845916748
18415,28,1.2228416204452515
18416,23,0.8310930728912354
18417,26,1.085231900215149
18418,27,1.1708918809890747
18419,25,1.0340696573257446
18420,27,1.143425703048706
18421,29,1.2884461879730225
18422,27,1.168899655342102
18423,25,1.0355144739151
18424,26,1.1002099514007568
18425,26,1.1032925844192505
18426,30,1.361473798751831
18427,26,1.115133285522461
18428,23,0.8049273490905762
18429,26,1.0825157165527344
18430,27,1.1847065687179565
18431,26,1.0994789600372314
18432,26,1.073703646659851
18433,23,0.8179054260253906
18434,23,0.8773320913314819
18435,26,1.1029555797576904
18436,27,1.1780965328216553
18437,30,1.4092615842819214
18438,19,0.45421940088272095
18439,27,1.1950585842132568
18440,29,1.3082470893859863
18441,25,1.042475700378418
18442,27,1.1379824876785278
18443,30,1.4128409624099731
18444,25,1.0554226636886597
18445,30,1.405932068824768
18446,23,0.7965995073318481
18447,25,1.0211377143859863
18448,27,1.1986850500106812
18449,27,1.1461683511734009
18450,26,1.0915145874023438
18451,24,0.9022883176803589
18452,30,1.3554834127426147
18453,27,1.1785500049591064
18454,24,0.898004412651062
18455,13,-0.25974178314208984
18456,29,1.30085289478302
18457,25,1.0211453437805176
18458,24,0.9187784194946289
18459,27,1.1858545541763306
18460,27,1.17068612575531
18461,26,1.0861543416976929
18462,22,0.7685046195983887
18463,28,1.2509677410125732
18464,26,1.1136367321014404
18465,26,1.0998932123184204
18466,28,1.2400859594345093
18467,28,1.2135357856750488
18468,27,1.1933478116989136
18469,27,1.1291770935058594
18470,26,1.106001377105713
18471,28,1.2375147342681885
18472,29,1.2806543111801147
18473,27,1.146915078163147
18474,29,1.3125357627868652
18475,25,1.025937795639038
18476,27,1.169191837310791
18477,30,1.4229133129119873
18478,29,1.3283122777938843
18479,29,1.324002981185913
18480,30,1.3992925882339478
18481,26,1.0858274698257446
18482,30,1.3652015924453735
18483,27,1.1573200225830078
18484,27,1.1453909873962402
18485,28,1.2563952207565308
18486,27,1.14874267578125
18487,27,1.196375846862793
18488,20,0.5033897161483765
18489,24,0.948369026184082
18490,30,1.3702210187911987
18491,26,1.0886174440383911
18492,29,1.318174958229065
18493,25,0.9896340370178223
18494,29,1.3320955038070679
18495,30,1.3984960317611694
18496,27,1.1511975526809692
18497,30,1.4256742000579834
18498,27,1.1879242658615112
18499,26,1.0903847217559814
18500,28,1.2330048084259033
18501,26,1.1142531633377075
18502,30,1.3421964645385742
18503,27,1.1476528644561768
18504,27,1.1547404527664185
18505,28,1.2538015842437744
18506,27,1.193258285522461
18507,29,1.2694865465164185
18508,29,1.3135862350463867
18509,22,0.7347415685653687
18510,27,1.1515629291534424
18511,30,1.353430986404419
18512,26,1.0978283882141113
18513,27,1.1415058374404907
18514,30,1.3659917116165161
18515,28,1.2455182075500488
18516,28,1.217206597328186
18517,28,1.2577437162399292
18518,29,1.287009596824646
18519,27,1.1392048597335815
18520,29,1.2878485918045044
18521,27,1.169671654701233
18522,27,1.197220802307129
18523,26,1.0619665384292603
18524,29,1.285868525505066
18525,28,1.2350530624389648
18526,27,1.1546827554702759
18527,26,1.0713671445846558
18528,27,1.1698755025863647
18529,21,0.6579396724700928
18530,25,1.0437963008880615
18531,25,1.0167378187179565
18532,29,1.2775410413742065
18533,27,1.17025887966156
18534,24,0.9467074871063232
18535,26,1.0689935684204102
18536,24,0.910319447517395
18537,30,1.3440296649932861
18538,28,1.2527778148651123
18539,4,-1.4246158599853516
18540,28,1.2272043228149414
18541,7,-1.1359567642211914
18542,28,1.2267261743545532
18543,25,1.0454281568527222
18544,25,1.0425443649291992
18545,30,1.4011338949203491
18546,29,1.2783372402191162
18547,26,1.0744249820709229
18548,25,1.027143120765686
18549,26,1.1284117698669434
18550,29,1.2809938192367554
18551,30,1.3815261125564575
18552,25,1.0186963081359863
18553,27,1.1645396947860718
18554,26,1.1273337602615356
18555,27,1.1401128768920898
18556,24,0.9385466575622559
18557,30,1.3609697818756104
18558,26,1.1104873418807983
18559,26,1.057122826576233
18560,25,1.0189265012741089
18561,28,1.265093445777893
18562,30,1.3388391733169556
18563,26,1.0833241939544678
18564,27,1.196232557296753
18565,27,1.1969373226165771
18566,28,1.2209261655807495
18567,28,1.2174489498138428
18568,25,0.9792196750640869
18569,27,1.1939679384231567
18570,25,1.0320662260055542
18571,27,1.1593835353851318
18572,30,1.4087473154067993
18573,29,1.2769074440002441
18574,14,-0.09976819157600403
18575,26,1.0790165662765503
18576,25,0.9919469356536865
18577,14,-0.16529223322868347
18578,25,1.0518803596496582
18579,29,1.28848135471344
18580,29,1.2846091985702515
18581,29,1.277814269065857
18582,26,1.118028998374939
18583,27,1.1771868467330933
18584,26,1.0716705322265625
18585,29,1.2816754579544067
18586,26,1.1122814416885376
18587,17,0.22187894582748413
18588,28,1.2393321990966797
18589,26,1.0984150171279907
18590,27,1.1880314350128174
18591,26,1.1115642786026
18592,30,1.383235216140747
18593,30,1.3653184175491333
18594,30,1.3786771297454834
18595,30,1.3996179103851318
18596,27,1.1804273128509521
18597,25,1.0506393909454346
18598,28,1.2256300449371338
18599,26,1.0647096633911133
18600,28,1.2394614219665527
18601,29,1.269465446472168
18602,28,1.2111852169036865
18603,28,1.230931282043457
18604,30,1.3685859441757202
18605,29,1.326549768447876
18606,27,1.1623696088790894
18607,29,1.3252344131469727
18608,27,1.180282473564148
18609,27,1.1512113809585571
18610,25,1.0207414627075195
18611,30,1.341646432876587
18612,29,1.2860606908798218
18613,27,1.1975467205047607
18614,29,1.2900424003601074
18615,27,1.178305983543396
18616,30,1.420539140701294
18617,27,1.1698323488235474
18618,11,-0.563642144203186
18619,28,1.2091991901397705
18620,27,1.1383007764816284
18621,29,1.2858011722564697
18622,27,1.1305795907974243
18623,28,1.232453465461731
18624,30,1.3662163019180298
18625,25,1.0233447551727295
18626,27,1.186478614807129
18627,30,1.415806770324707
18628,25,0.978907585144043
18629,26,1.1223759651184082
18630,27,1.1824246644973755
18631,27,1.1767058372497559
18632,29,1.333450198173523
18633,27,1.1945980787277222
18634,25,1.028572678565979
18635,29,1.3373383283615112
18636,26,1.0805319547653198
18637,28,1.2032965421676636
18638,27,1.198000192642212
18639,28,1.2345117330551147
18640,29,1.2797967195510864
18641,25,1.0381793975830078
18642,26,1.0719374418258667
18643,27,1.1729397773742676
18644,27,1.1587786674499512
18645,30,1.4242485761642456
18646,24,0.9049646854400635
18647,28,1.24081552028656
18648,29,1.302815556526184
18649,27,1.1374831199645996
18650,27,1.1310200691223145
18651,29,1.2808021306991577
18652,25,1.0252801179885864
18653,20,0.5274089574813843
18654,26,1.1064472198486328
18655,25,1.0454907417297363
18656,28,1.242429494857788
18657,25,0.9929592609405518
18658,28,1.2542704343795776
18659,28,1.2462323904037476
18660,28,1.2062784433364868
18661,29,1.3343576192855835
18662,25,0.9810745716094971
18663,26,1.1054288148880005
18664,29,1.2911158800125122
18665,30,1.3829466104507446
18666,26,1.0673450231552124
18667,26,1.0832053422927856
18668,28,1.2194054126739502
18669,28,1.2508962154388428
18670,30,1.3569512367248535
18671,28,1.2608778476715088
18672,28,1.2220126390457153
18673,27,1.1929892301559448
18674,26,1.0994071960449219
18675,4,-1.462868094444275
18676,29,1.2968099117279053
18677,29,1.2842280864715576
18678,27,1.1774688959121704
18679,29,1.3158677816390991
18680,21,0.6861065626144409
18681,26,1.0831735134124756
18682,30,1.4248137474060059
18683,27,1.1758369207382202
18684,28,1.2277196645736694
18685,29,1.3092947006225586
18686,30,1.37984037399292
18687,29,1.3151410818099976
18688,28,1.208437204360962
18689,30,1.3409031629562378
18690,29,1.3305445909500122
18691,28,1.2117321491241455
18692,12,-0.34820637106895447
18693,29,1.2861874103546143
18694,27,1.1771471500396729
18695,26,1.0856558084487915
18696,27,1.145480990409851
18697,30,1.3632113933563232
18698,26,1.0633940696716309
18699,29,1.292518973350525
18700,27,1.1659839153289795
18701,28,1.223409652709961
18702,29,1.2820371389389038
18703,29,1.2954890727996826
18704,28,1.2439206838607788
18705,30,1.407305359840393
18706,26,1.10317063331604
18707,28,1.2190749645233154
18708,30,1.4083000421524048
18709,26,1.0760761499404907
18710,27,1.1866525411605835
18711,29,1.2758063077926636
18712,30,1.3848344087600708
18713,30,1.3668428659439087
18714,29,1.2940605878829956
18715,26,1.0568552017211914
18716,27,1.192444086074829
18717,27,1.1706289052963257
18718,24,0.9017164707183838
18719,30,1.4224859476089478
18720,29,1.3301434516906738
18721,28,1.2469698190689087
18722,28,1.2535077333450317
18723,29,1.276968002319336
18724,22,0.7435410022735596
18725,27,1.1869596242904663
18726,24,0.9312543869018555
18727,27,1.1713416576385498
18728,27,1.16923987865448
18729,26,1.0674654245376587
18730,30,1.3772773742675781
18731,11,-0.5051679015159607
18732,28,1.2627705335617065
18733,28,1.2221319675445557
18734,27,1.1530189514160156
18735,30,1.3848837614059448
18736,30,1.3447918891906738
18737,30,1.4047051668167114
18738,26,1.0638036727905273
18739,29,1.311686635017395
18740,19,0.39680808782577515
18741,30,1.383965253829956
18742,30,1.342328429222107
18743,27,1.1918810606002808
18744,28,1.2113330364227295
18745,20,0.5549619793891907
18746,26,1.112260103225708
18747,30,1.3831841945648193
18748,27,1.1591180562973022
18749,23,0.861592173576355
18750,25,1.0401877164840698
18751,29,1.3319997787475586
18752,27,1.179901361465454
18753,27,1.1491153240203857
18754,27,1.1412713527679443
18755,26,1.1122727394104004
18756,26,1.0749595165252686
18757,30,1.3991292715072632
18758,27,1.132265567779541
18759,27,1.1632981300354004
18760,26,1.100395679473877
18761,26,1.0675805807113647
18762,27,1.140339732170105
18763,30,1.362657070159912
18764,21,0.6027788519859314
18765,28,1.2156641483306885
18766,28,1.209155559539795
18767,30,1.3624051809310913
18768,27,1.1980814933776855
18769,27,1.1307177543640137
18770,30,1.3549972772598267
18771,28,1.250663161277771
18772,11,-0.5030065178871155
18773,25,1.0203090906143188
18774,26,1.1153440475463867
18775,28,1.2029058933258057
18776,30,1.359157919883728
18777,28,1.245010256767273
18778,30,1.41677725315094
18779,28,1.1998815536499023
18780,26,1.0580180883407593
18781,30,1.349284052848816
18782,25,0.9833877086639404
18783,27,1.1396470069885254
18784,16,0.07240888476371765
18785,27,1.1678450107574463
18786,26,1.1122462749481201
18787,25,1.0196746587753296
18788,29,1.305214285850525
18789,14,-0.10580572485923767
18790,28,1.2277371883392334
18791,27,1.1746697425842285
18792,26,1.1214065551757812
18793,27,1.133865475654602
18794,28,1.2610175609588623
18795,28,1.2106202840805054
18796,29,1.2980812788009644
18797,29,1.3184375762939453
18798,30,1.4068843126296997
18799,29,1.298393726348877
18800,26,1.061900019645691
18801,29,1.3009610176086426
18802,25,1.0523433685302734
18803,29,1.3373029232025146
18804,27,1.181006908416748
18805,28,1.2609975337982178
18806,30,1.3937479257583618
18807,25,1.0391093492507935
18808,29,1.2863460779190063
18809,28,1.2528386116027832
18810,30,1.3615208864212036
18811,27,1.1742897033691406
18812,30,1.3693444728851318
18813,29,1.291618824005127
18814,27,1.1602634191513062
18815,27,1.1747225522994995
18816,27,1.1875479221343994
18817,26,1.0826466083526611
18818,26,1.0764122009277344
18819,26,1.0586581230163574
18820,25,1.0243966579437256
18821,30,1.3936288356781006
18822,27,1.1878966093063354
18823,30,1.424577236175537
18824,23,0.8614078760147095
18825,26,1.0670098066329956
18826,29,1.2931894063949585
18827,25,1.0040031671524048
18828,26,1.1104263067245483
18829,28,1.231673240661621
18830,13,-0.2525871992111206
18831,30,1.3831101655960083
18832,27,1.1741498708724976
18833,21,0.6119922995567322
18834,11,-0.4806385338306427
18835,26,1.1044200658798218
18836,30,1.4001067876815796
18837,29,1.2934931516647339
18838,15,-0.08483371138572693
18839,28,1.243409276008606
18840,26,1.0671662092208862
18841,26,1.1205096244812012
18842,28,1.223364233970642
18843,27,1.1718969345092773
18844,26,1.0629549026489258
18845,29,1.2884193658828735
18846,27,1.1678874492645264
18847,30,1.4230539798736572
18848,27,1.1901793479919434
18849,27,1.1342118978500366
18850,27,1.1908098459243774
18851,26,1.0892084836959839
18852,26,1.1012904644012451
18853,9,-0.8359851837158203
18854,22,0.7023031711578369
18855,24,0.9735761880874634
18856,30,1.342406988143921
18857,28,1.2147918939590454
18858,30,1.3433054685592651
18859,28,1.2104589939117432
18860,29,1.282644271850586
18861,23,0.8076516389846802
18862,29,1.2889987230300903
18863,30,1.3935284614562988
18864,29,1.314806342124939
18865,28,1.2145166397094727
18866,28,1.2328671216964722
18867,26,1.0885285139083862
18868,26,1.0878093242645264
18869,25,1.0258055925369263
18870,24,0.9693126678466797
18871,30,1.3459019660949707
18872,29,1.285794734954834
18873,26,1.0928318500518799
18874,30,1.4153311252593994
18875,26,1.1020557880401611
18876,29,1.3364582061767578
18877,26,1.0600271224975586
18878,26,1.128511905670166
18879,30,1.3943781852722168
18880,27,1.1752177476882935
18881,29,1.3336753845214844
18882,28,1.2551261186599731
18883,27,1.1830826997756958
18884,29,1.299901008605957
18885,27,1.1436632871627808
18886,30,1.3478001356124878
18887,29,1.2886755466461182
18888,29,1.278788447380066
18889,27,1.1932541131973267
18890,27,1.1921355724334717
18891,26,1.0778930187225342
18892,25,1.0208804607391357
18893,30,1.3638103008270264
18894,28,1.2152451276779175
18895,28,1.206148386001587
18896,24,0.9683897495269775
18897,25,1.0311801433563232
18898,30,1.420130968093872
18899,23,0.8264166116714478
18900,25,1.0490206480026245
18901,27,1.1673256158828735
18902,29,1.3228703737258911
18903,28,1.2444965839385986
18904,11,-0.5547521710395813
18905,30,1.3509455919265747
18906,29,1.3213485479354858
18907,29,1.296709418296814
18908,28,1.2200120687484741
18909,29,1.33055579662323
18910,29,1.3356190919876099
18911,27,1.1627002954483032
18912,30,1.3858364820480347
18913,28,1.2526336908340454
18914,25,1.039932131767273
18915,30,1.406089186668396
18916,18,0.34928882122039795
18917,30,1.4150387048721313
18918,29,1.3040293455123901
18919,17,0.1514432430267334
18920,29,1.2996147871017456
18921,23,0.8093851804733276
18922,28,1.2037806510925293
18923,22,0.7589747905731201
18924,28,1.2063096761703491
18925,30,1.388325810432434
18926,11,-0.515163004398346
18927,29,1.2954115867614746
18928,23,0.8816647529602051
18929,28,1.2007191181182861
18930,22,0.7554080486297607
18931,30,1.3397037982940674
18932,26,1.1136507987976074
18933,23,0.880691409111023
18934,30,1.3883707523345947
18935,30,1.3626537322998047
18936,30,1.371612310409546
18937,29,1.2712868452072144
18938,24,0.939530611038208
18939,30,1.4183002710342407
18940,28,1.2580801248550415
18941,27,1.198018193244934
18942,27,1.1352640390396118
18943,16,0.07470488548278809
18944,25,1.0337550640106201
18945,28,1.2491576671600342
18946,27,1.1884561777114868
18947,30,1.3470278978347778
18948,27,1.1851723194122314
18949,26,1.1001499891281128
18950,29,1.2690516710281372
18951,29,1.3253259658813477
18952,26,1.0629974603652954
18953,28,1.216963768005371
18954,26,1.1246438026428223
18955,28,1.2289289236068726
18956,29,1.2746365070343018
18957,30,1.3689619302749634
18958,26,1.1094608306884766
18959,28,1.2334455251693726
18960,25,1.0436066389083862
18961,28,1.211743950843811
18962,27,1.1929993629455566
18963,30,1.4122689962387085
18964,26,1.0961581468582153
18965,25,1.011139154434204
18966,23,0.8383165597915649
18967,29,1.2799487113952637
18968,27,1.1760542392730713
18969,27,1.1895085573196411
18970,28,1.2518552541732788
18971,30,1.3560446500778198
18972,26,1.1285313367843628
18973,28,1.2337422370910645
18974,26,1.1074919700622559
18975,27,1.1799572706222534
18976,29,1.270755648612976
18977,25,1.0218067169189453
18978,30,1.391153335571289
18979,30,1.3682050704956055
18980,29,1.3334825038909912
18981,27,1.1451891660690308
18982,26,1.0936768054962158
18983,27,1.146914005279541
18984,28,1.2062077522277832
18985,29,1.2834811210632324
18986,25,1.0095750093460083
18987,25,1.0254607200622559
18988,29,1.289751648902893
18989,30,1.3529986143112183
18990,30,1.385755181312561
18991,29,1.2833847999572754
18992,26,1.0791547298431396
18993,28,1.2638744115829468
18994,29,1.2999778985977173
18995,3,-1.5081428289413452
18996,29,1.2798110246658325
18997,30,1.3715585470199585
18998,27,1.1712701320648193
18999,30,1.419643759727478
19000,27,1.1705529689788818
19001,28,1.2465293407440186
19002,25,1.0162714719772339
19003,15,-0.032360583543777466
19004,27,1.1442301273345947
19005,28,1.2310326099395752
19006,25,1.0073810815811157
19007,25,1.0079518556594849
19008,26,1.0676740407943726
19009,23,0.7926961183547974
19010,28,1.2418453693389893
19011,27,1.1342527866363525
19012,27,1.1978591680526733
19013,29,1.2779862880706787
19014,7,-1.0489070415496826
19015,30,1.3545475006103516
19016,29,1.2869844436645508
19017,29,1.3336286544799805
19018,30,1.389009714126587
19019,8,-0.952548086643219
19020,26,1.0869879722595215
19021,30,1.3478164672851562
19022,30,1.3460798263549805
19023,28,1.2450816631317139
19024,30,1.3699153661727905
19025,28,1.2235660552978516
19026,30,1.4106776714324951
19027,26,1.0881710052490234
19028,26,1.1172200441360474
19029,28,1.2266236543655396
19030,25,1.0320085287094116
19031,30,1.40829336643219
19032,26,1.0650144815444946
19033,26,1.1236228942871094
19034,27,1.1658445596694946
19035,30,1.3757051229476929
19036,29,1.309004783630371
19037,28,1.2613164186477661
19038,30,1.3730485439300537
19039,29,1.292620062828064
19040,27,1.1341893672943115
19041,29,1.325214147567749
19042,25,1.015048861503601
19043,26,1.0829706192016602
19044,29,1.2810546159744263
19045,30,1.3600605726242065
19046,29,1.3008770942687988
19047,28,1.2146131992340088
19048,30,1.3484824895858765
19049,16,0.11504378914833069
19050,28,1.233697772026062
19051,26,1.070753574371338
19052,29,1.268128514289856
19053,28,1.2650314569473267
19054,27,1.1369258165359497
19055,29,1.3112432956695557
19056,8,-0.8925098180770874
19057,30,1.3429394960403442
19058,29,1.2779074907302856
19059,30,1.3511383533477783
19060,30,1.3814725875854492
19061,26,1.1095565557479858
19062,27,1.140682339668274
19063,28,1.239298701286316
19064,28,1.2429487705230713
19065,25,1.0298371315002441
19066,27,1.176263689994812
19067,27,1.193838119506836
19068,28,1.2309151887893677
19069,30,1.3384926319122314
19070,30,1.348090410232544
19071,26,1.112823247909546
19072,30,1.3487749099731445
19073,26,1.0791904926300049
19074,27,1.1617188453674316
19075,29,1.3137894868850708
19076,26,1.116140365600586
19077,10,-0.7501561641693115
19078,27,1.1945682764053345
19079,30,1.4152542352676392
19080,27,1.1744287014007568
19081,30,1.3511139154434204
19082,25,0.9933624267578125
19083,28,1.2520018815994263
19084,30,1.4228651523590088
19085,28,1.2007957696914673
19086,30,1.3469535112380981
19087,24,0.9524790048599243
19088,30,1.3710159063339233
19089,24,0.9026131629943848
19090,26,1.111457347869873
19091,30,1.3389008045196533
19092,25,0.9886445999145508
19093,29,1.3070381879806519
19094,28,1.2229924201965332
19095,28,1.201600193977356
19096,25,0.9897283315658569
19097,26,1.0568617582321167
19098,28,1.2603436708450317
19099,29,1.288573145866394
19100,30,1.3491028547286987
19101,28,1.2158457040786743
19102,27,1.1517926454544067
19103,27,1.1539734601974487
19104,23,0.8633184432983398
19105,30,1.3694162368774414
19106,30,1.341208815574646
19107,30,1.405932068824768
19108,25,1.0095356702804565
19109,28,1.250514268875122
19110,29,1.3111701011657715
19111,28,1.2171540260314941
19112,27,1.1702638864517212
19113,28,1.2076292037963867
19114,30,1.4004113674163818
19115,25,1.0306223630905151
19116,29,1.3330910205841064
19117,30,1.3385562896728516
19118,23,0.8783571720123291
19119,23,0.8820966482162476
19120,28,1.245772361755371
19121,30,1.4135125875473022
19122,29,1.2704435586929321
19123,29,1.2758592367172241
19124,30,1.339264988899231
19125,28,1.2231191396713257
19126,30,1.4218636751174927
19127,30,1.3544182777404785
19128,27,1.1939330101013184
19129,27,1.195591926574707
19130,29,1.3035825490951538
19131,29,1.2692983150482178
19132,28,1.204912781715393
19133,26,1.1089905500411987
19134,27,1.163787603378296
19135,28,1.2662736177444458
19136,26,1.078381061553955
19137,27,1.188974142074585
19138,28,1.2346477508544922
19139,30,1.3734190464019775
19140,27,1.1755188703536987
19141,28,1.2210965156555176
19142,27,1.1726363897323608
19143,27,1.177609920501709
19144,28,1.2002778053283691
19145,29,1.2863301038742065
19146,28,1.2673826217651367
19147,29,1.2848631143569946
19148,26,1.0617719888687134
19149,29,1.3070801496505737
19150,30,1.3601129055023193
19151,25,1.0363366603851318
19152,29,1.3280314207077026
19153,29,1.300472617149353
19154,30,1.3750487565994263
19155,29,1.2744828462600708
19156,27,1.1390655040740967
19157,29,1.2837166786193848
19158,28,1.2239049673080444
19159,22,0.7857663631439209
19160,26,1.0806403160095215
19161,25,1.002039909362793
19162,29,1.2681628465652466
19163,26,1.084233045578003
19164,30,1.3819111585617065
19165,27,1.154904842376709
19166,26,1.0991966724395752
19167,29,1.29136323928833
19168,27,1.1833932399749756
19169,25,1.0219511985778809
19170,29,1.3109341859817505
19171,26,1.0575395822525024
19172,27,1.186264157295227
19173,29,1.2935395240783691
19174,27,1.1595228910446167
19175,28,1.20462167263031
19176,27,1.1476809978485107
19177,25,1.0213546752929688
19178,24,0.9070777893066406
19179,27,1.194804072380066
19180,29,1.3270301818847656
19181,28,1.2461974620819092
19182,29,1.3228405714035034
19183,27,1.199076533317566
19184,29,1.2681186199188232
19185,28,1.2264784574508667
19186,30,1.4136912822723389
19187,27,1.1341187953948975
19188,25,1.0268110036849976
19189,29,1.286899209022522
19190,29,1.3225719928741455
19191,28,1.2444740533828735
19192,28,1.2588591575622559
19193,30,1.4081393480300903
19194,18,0.3233203887939453
19195,28,1.2479175329208374
19196,30,1.3735543489456177
19197,26,1.1168893575668335
19198,28,1.2268226146697998
19199,24,0.8916047811508179
19200,30,1.3435190916061401
19201,28,1.2048671245574951
19202,28,1.2400363683700562
19203,30,1.345529317855835
19204,25,1.0395982265472412
19205,27,1.1422024965286255
19206,30,1.3997994661331177
19207,27,1.158862829208374
19208,29,1.3226592540740967
19209,28,1.2657129764556885
19210,30,1.3519073724746704
19211,29,1.2806624174118042
19212,30,1.3544554710388184
19213,26,1.1236222982406616
19214,30,1.4043223857879639
19215,28,1.2499488592147827
19216,27,1.1562860012054443
19217,10,-0.6812324523925781
19218,27,1.1570360660552979
19219,28,1.2585569620132446
19220,30,1.4004859924316406
19221,28,1.202867865562439
19222,29,1.3222644329071045
19223,29,1.2762616872787476
19224,29,1.2856900691986084
19225,30,1.3865528106689453
19226,29,1.3077677488327026
19227,27,1.137387752532959
19228,25,1.0357645750045776
19229,28,1.2540756464004517
19230,30,1.3508085012435913
19231,27,1.1765093803405762
19232,28,1.228807806968689
19233,27,1.1506898403167725
19234,28,1.217752456665039
19235,28,1.231080412864685
19236,23,0.8652738332748413
19237,27,1.176283597946167
19238,30,1.3889199495315552
19239,27,1.1533617973327637
19240,29,1.3032631874084473
19241,27,1.1657567024230957
19242,17,0.2545178532600403
19243,28,1.2166064977645874
19244,28,1.214863657951355
19245,29,1.267830729484558
19246,26,1.1118099689483643
19247,30,1.4217044115066528
19248,27,1.1364355087280273
19249,30,1.3535516262054443
19250,29,1.292772889137268
19251,24,0.9309560060501099
19252,25,1.0012224912643433
19253,26,1.1230608224868774
19254,9,-0.8824838995933533
19255,23,0.8301253318786621
19256,29,1.2951923608779907
19257,29,1.3158692121505737
19258,28,1.2034144401550293
19259,29,1.2869290113449097
19260,26,1.105379343032837
19261,28,1.2096827030181885
19262,28,1.217363715171814
19263,27,1.1518230438232422
19264,25,0.9813321828842163
19265,27,1.1884009838104248
19266,28,1.2287014722824097
19267,28,1.240988850593567
19268,26,1.1089578866958618
19269,30,1.4148805141448975
19270,27,1.192557692527771
19271,30,1.3803976774215698
19272,28,1.2121163606643677
19273,29,1.2874376773834229
19274,30,1.4122484922409058
19275,30,1.3631657361984253
19276,29,1.2851383686065674
19277,10,-0.6414763331413269
19278,30,1.351189374923706
19279,28,1.2390971183776855
19280,29,1.3130930662155151
19281,29,1.3209341764450073
19282,28,1.2291287183761597
19283,29,1.3021304607391357
19284,29,1.2780543565750122
19285,29,1.3045893907546997
19286,27,1.1920181512832642
19287,27,1.1480528116226196
19288,27,1.1872636079788208
19289,26,1.0893607139587402
19290,27,1.1796718835830688
19291,28,1.2645076513290405
19292,27,1.1646004915237427
19293,26,1.1088515520095825
19294,27,1.1397514343261719
19295,28,1.2073843479156494
19296,15,-0.0740722119808197
19297,29,1.2921395301818848
19298,28,1.2445975542068481
19299,29,1.2944456338882446
19300,29,1.3021035194396973
19301,27,1.1324148178100586
19302,28,1.2278263568878174
19303,28,1.199197769165039
19304,29,1.2789708375930786
19305,29,1.268008828163147
19306,27,1.1975562572479248
19307,30,1.3589380979537964
19308,28,1.241176962852478
19309,29,1.3080497980117798
19310,29,1.3145755529403687
19311,27,1.1901174783706665
19312,28,1.2666206359863281
19313,28,1.2344343662261963
19314,28,1.2252070903778076
19315,28,1.2535133361816406
19316,30,1.3500175476074219
19317,30,1.3708525896072388
19318,30,1.381848931312561
19319,28,1.2622891664505005
19320,28,1.222246527671814
19321,30,1.3848499059677124
19322,28,1.2562283277511597
19323,30,1.4189766645431519
19324,27,1.171609878540039
19325,27,1.1504956483840942
19326,29,1.2837518453598022
19327,27,1.1890802383422852
19328,29,1.2712451219558716
19329,25,1.0297669172286987
19330,28,1.2421375513076782
19331,26,1.0786197185516357
19332,21,0.6321885585784912
19333,30,1.3480546474456787
19334,28,1.222891092300415
19335,28,1.264685869216919
19336,27,1.1315701007843018
19337,27,1.156224012374878
19338,30,1.360072135925293
19339,28,1.2552648782730103
19340,28,1.2152141332626343
19341,30,1.3669624328613281
19342,26,1.1135931015014648
19343,28,1.2205733060836792
19344,28,1.2197331190109253
19345,27,1.1600688695907593
19346,28,1.2554214000701904
19347,29,1.2718830108642578
19348,29,1.305451512336731
19349,27,1.135759711265564
19350,18,0.33827340602874756
19351,7,-1.0256366729736328
19352,28,1.213001012802124
19353,30,1.3559284210205078
19354,23,0.8721060752868652
19355,29,1.3355799913406372
19356,30,1.3446496725082397
19357,30,1.3415327072143555
19358,24,0.9386172294616699
19359,29,1.268791913986206
19360,27,1.1395189762115479
19361,28,1.2149171829223633
19362,21,0.6766097545623779
19363,27,1.185522198677063
19364,20,0.5383541584014893
19365,26,1.1120961904525757
19366,28,1.2372740507125854
19367,27,1.1296465396881104
19368,30,1.3958079814910889
19369,27,1.1848410367965698
19370,29,1.2708133459091187
19371,29,1.276041865348816
19372,30,1.3628654479980469
19373,29,1.2752405405044556
19374,26,1.0638364553451538
19375,24,0.9705581665039062
19376,29,1.3341946601867676
19377,30,1.3871655464172363
19378,28,1.2250969409942627
19379,30,1.3803889751434326
19380,29,1.3226933479309082
19381,29,1.308039903640747
19382,28,1.2053332328796387
19383,30,1.3527922630310059
19384,29,1.337594747543335
19385,30,1.3452239036560059
19386,30,1.3461885452270508
19387,29,1.2759121656417847
19388,29,1.278017520904541
19389,26,1.114126205444336
19390,30,1.3595890998840332
19391,26,1.0856372117996216
19392,30,1.3538438081741333
19393,27,1.1297110319137573
19394,28,1.2626978158950806
19395,27,1.170469045639038
19396,20,0.5441395044326782
19397,29,1.2991565465927124
19398,28,1.2304108142852783
19399,30,1.4053919315338135
19400,27,1.1917091608047485
19401,29,1.2871564626693726
19402,28,1.2530927658081055
19403,29,1.3159887790679932
19404,26,1.1145708560943604
19405,29,1.3105340003967285
19406,28,1.2539563179016113
19407,29,1.2716076374053955
19408,27,1.1946187019348145
19409,25,1.0525784492492676
19410,28,1.2285711765289307
19411,28,1.2490565776824951
19412,29,1.285881757736206
19413,28,1.208909034729004
19414,28,1.2246010303497314
19415,22,0.771605372428894
19416,25,1.0261852741241455
19417,27,1.1594828367233276
19418,29,1.2930227518081665
19419,28,1.2087041139602661
19420,28,1.2641159296035767
19421,29,1.3142211437225342
19422,30,1.383083462715149
19423,30,1.4201782941818237
19424,30,1.3943562507629395
19425,30,1.4198919534683228
19426,11,-0.6037274599075317
19427,28,1.2369788885116577
19428,29,1.314574122428894
19429,23,0.8805044889450073
19430,30,1.4158225059509277
19431,29,1.305381178855896
19432,29,1.2916866540908813
19433,29,1.2693455219268799
19434,28,1.2052695751190186
19435,29,1.2907097339630127
19436,30,1.4060364961624146
19437,27,1.1946251392364502
19438,26,1.0995681285858154
19439,30,1.4222785234451294
19440,28,1.244120478630066
19441,29,1.3221588134765625
19442,26,1.0748584270477295
19443,28,1.2039909362792969
19444,29,1.3299920558929443
19445,28,1.2115216255187988
19446,25,1.0246484279632568
19447,28,1.2075756788253784
19448,25,0.9960181713104248
19449,26,1.1086868047714233
19450,27,1.1850141286849976
19451,30,1.3745293617248535
19452,29,1.3161556720733643
19453,28,1.2493070363998413
19454,30,1.3527753353118896
19455,27,1.1635419130325317
19456,28,1.229790449142456
19457,29,1.2984267473220825
19458,28,1.265708088874817
19459,22,0.7433981895446777
19460,26,1.0663570165634155
19461,26,1.1109312772750854
19462,30,1.365361213684082
19463,25,1.0364792346954346
19464,29,1.2774056196212769
19465,29,1.2711480855941772
19466,28,1.2262321710586548
19467,29,1.283563256263733
19468,29,1.3170499801635742
19469,27,1.1473724842071533
19470,30,1.3513410091400146
19471,26,1.0723075866699219
19472,28,1.199243426322937
19473,29,1.2928438186645508
19474,29,1.313909649848938
19475,29,1.2805988788604736
19476,27,1.177507758140564
19477,30,1.3684080839157104
19478,28,1.205275535583496
19479,29,1.3320136070251465
19480,27,1.1799061298370361
19481,29,1.3335740566253662
19482,28,1.2425811290740967
19483,29,1.2742360830307007
19484,30,1.4000306129455566
19485,30,1.3938771486282349
19486,28,1.2529799938201904
19487,28,1.2093002796173096
19488,27,1.1701828241348267
19489,27,1.1338646411895752
19490,29,1.2854605913162231
19491,29,1.309543251991272
19492,30,1.3791229724884033
19493,29,1.322387933731079
19494,24,0.9600918292999268
19495,30,1.3537836074829102
19496,29,1.3299543857574463
19497,25,1.0079388618469238
19498,30,1.3426408767700195
19499,27,1.143007755279541
19500,30,1.3806828260421753
19501,30,1.3962656259536743
19502,30,1.3652865886688232
19503,27,1.1417003870010376
19504,22,0.7375186681747437
19505,26,1.0611920356750488
19506,28,1.2492079734802246
19507,29,1.3279387950897217
19508,30,1.3903762102127075
19509,28,1.2213099002838135
19510,26,1.0780260562896729
19511,30,1.3699214458465576
19512,26,1.0788815021514893
19513,30,1.370915412902832
19514,22,0.7857241630554199
19515,28,1.2275316715240479
19516,26,1.0645517110824585
19517,30,1.3816713094711304
19518,28,1.2409073114395142
19519,30,1.383217453956604
19520,29,1.2867289781570435
19521,26,1.1045459508895874
19522,28,1.2279068231582642
19523,28,1.227323055267334
19524,29,1.3316690921783447
19525,27,1.1941747665405273
19526,28,1.2194589376449585
19527,26,1.1136034727096558
19528,28,1.224840521812439
19529,29,1.2728103399276733
19530,30,1.3692721128463745
19531,23,0.852887749671936
19532,23,0.7972419261932373
19533,30,1.4142266511917114
19534,29,1.2907570600509644
19535,30,1.4245046377182007
19536,30,1.3673441410064697
19537,27,1.1541260480880737
19538,22,0.740081787109375
19539,29,1.281340479850769
19540,27,1.133466362953186
19541,28,1.253739356994629
19542,28,1.2174524068832397
19543,27,1.1475410461425781
19544,30,1.379487156867981
19545,28,1.2085695266723633
19546,29,1.3096954822540283
19547,30,1.3677306175231934
19548,27,1.1530778408050537
19549,30,1.4086254835128784
19550,29,1.2810362577438354
19551,29,1.2878365516662598
19552,28,1.250385046005249
19553,29,1.3248051404953003
19554,28,1.215010404586792
19555,29,1.2736778259277344
19556,29,1.2893788814544678
19557,24,0.9045133590698242
19558,29,1.2787977457046509
19559,30,1.3597710132598877
19560,29,1.3034429550170898
19561,27,1.1981687545776367
19562,30,1.358577847480774
19563,25,1.039074420928955
19564,29,1.309340000152588
19565,29,1.301414966583252
19566,30,1.343667984008789
19567,30,1.377631425857544
19568,28,1.234615683555603
19569,26,1.0915007591247559
19570,29,1.3254002332687378
19571,28,1.2360913753509521
19572,28,1.2629399299621582
19573,30,1.3700157403945923
19574,26,1.1039388179779053
19575,23,0.7964869737625122
19576,30,1.4045757055282593
19577,23,0.8030165433883667
19578,30,1.4188218116760254
19579,30,1.3915249109268188
19580,30,1.359989047050476
19581,29,1.276862621307373
19582,28,1.2673240900039673
19583,29,1.2800254821777344
19584,27,1.1606532335281372
19585,29,1.337964653968811
19586,29,1.2979381084442139
19587,22,0.7517800331115723
19588,30,1.416645884513855
19589,29,1.285080909729004
19590,27,1.1641749143600464
19591,27,1.1548088788986206
19592,30,1.4104746580123901
19593,25,1.0135101079940796
19594,16,0.12895512580871582
19595,30,1.4103550910949707
19596,24,0.9703611135482788
19597,27,1.1499909162521362
19598,30,1.359449863433838
19599,30,1.3931101560592651
19600,30,1.376846432685852
19601,29,1.2679401636123657
19602,29,1.2832987308502197
19603,30,1.3795589208602905
19604,25,1.0280592441558838
19605,30,1.3790956735610962
19606,30,1.4069290161132812
19607,28,1.248389720916748
19608,27,1.1920325756072998
19609,27,1.1805250644683838
19610,28,1.2391494512557983
19611,28,1.218894600868225
19612,28,1.2661863565444946
19613,30,1.3594529628753662
19614,29,1.301500916481018
19615,29,1.3149082660675049
19616,30,1.3911679983139038
19617,27,1.1933753490447998
19618,3,-1.4771398305892944
19619,23,0.8809705972671509
19620,30,1.3726975917816162
19621,22,0.7542104721069336
19622,28,1.2648833990097046
19623,29,1.277841329574585
19624,29,1.3367317914962769
19625,29,1.3094899654388428
19626,29,1.271297812461853
19627,30,1.3549081087112427
19628,26,1.1280782222747803
19629,16,0.12282514572143555
19630,29,1.2679204940795898
19631,30,1.4098470211029053
19632,30,1.4028196334838867
19633,27,1.1845877170562744
19634,30,1.338940143585205
19635,30,1.3975030183792114
19636,28,1.2508647441864014
19637,29,1.3330172300338745
19638,29,1.2885891199111938
19639,30,1.4140636920928955
19640,25,1.0357297658920288
19641,30,1.3894193172454834
19642,29,1.2812532186508179
19643,30,1.4233447313308716
19644,29,1.3287150859832764
19645,27,1.1846637725830078
19646,30,1.4057753086090088
19647,30,1.362810492515564
19648,29,1.297702431678772
19649,29,1.3224459886550903
19650,29,1.2985843420028687
19651,30,1.3391762971878052
19652,25,0.9917542934417725
19653,27,1.1925969123840332
19654,29,1.3005261421203613
19655,30,1.3809572458267212
19656,28,1.2319658994674683
19657,28,1.25771164894104
19658,27,1.1494807004928589
19659,30,1.3624924421310425
19660,29,1.314035415649414
19661,30,1.419494867324829
19662,30,1.3445394039154053
19663,29,1.3326960802078247
19664,30,1.4250301122665405
19665,29,1.3316056728363037
19666,27,1.195748209953308
19667,25,1.0190858840942383
19668,29,1.2857024669647217
19669,26,1.1183425188064575
19670,27,1.175094723701477
19671,26,1.0700403451919556
19672,30,1.3674519062042236
19673,24,0.963092565536499
19674,30,1.356531023979187
19675,30,1.3523945808410645
19676,27,1.1740766763687134
19677,30,1.412131428718567
19678,29,1.2697288990020752
19679,29,1.3167195320129395
19680,29,1.303956389427185
19681,30,1.3783432245254517
19682,29,1.3178364038467407
19683,29,1.272139072418213
19684,29,1.2836933135986328
19685,30,1.3832151889801025
19686,30,1.378953456878662
19687,28,1.2594083547592163
19688,29,1.2691240310668945
19689,29,1.2933090925216675
19690,28,1.2212104797363281
19691,29,1.3149465322494507
19692,30,1.4074289798736572
19693,27,1.1649227142333984
19694,30,1.3442773818969727
19695,28,1.253088355064392
19696,10,-0.749947190284729
19697,28,1.2662372589111328
19698,28,1.2646585702896118
19699,26,1.0722357034683228
19700,30,1.3578276634216309
19701,28,1.2272876501083374
19702,28,1.2303593158721924
19703,30,1.3770732879638672
19704,30,1.3556654453277588
19705,27,1.1552037000656128
19706,29,1.3059271574020386
19707,27,1.1813387870788574
19708,29,1.2963913679122925
19709,28,1.2562105655670166
19710,23,0.8212287425994873
19711,29,1.3330535888671875
19712,25,1.0246847867965698
19713,27,1.1397278308868408
19714,29,1.3184806108474731
19715,29,1.291344165802002
19716,30,1.341496229171753
19717,28,1.256069540977478
19718,30,1.3597772121429443
19719,28,1.2547720670700073
19720,25,0.9833885431289673
19721,29,1.2682151794433594
19722,30,1.3418482542037964
19723,29,1.292663335800171
19724,28,1.2077383995056152
19725,30,1.3964908123016357
19726,27,1.1740388870239258
19727,23,0.835173487663269
19728,27,1.1928611993789673
19729,30,1.4194200038909912
19730,30,1.4008738994598389
19731,25,1.0328967571258545
19732,25,1.0178322792053223
19733,30,1.421978235244751
19734,28,1.2337844371795654
19735,29,1.3156403303146362
19736,28,1.2517054080963135
19737,30,1.3709756135940552
19738,28,1.2516666650772095
19739,28,1.2475203275680542
19740,27,1.1889094114303589
19741,28,1.2043317556381226
19742,29,1.2853412628173828
19743,25,1.0440276861190796
19744,28,1.2104790210723877
19745,24,0.9166747331619263
19746,30,1.3992663621902466
19747,26,1.0663776397705078
19748,28,1.245386004447937
19749,30,1.418956995010376
19750,30,1.358471155166626
19751,30,1.34942626953125
19752,28,1.2582811117172241
19753,27,1.1320310831069946
19754,26,1.0578550100326538
19755,29,1.3358865976333618
19756,29,1.3107104301452637
19757,29,1.2919014692306519
19758,30,1.4163365364074707
19759,27,1.1491482257843018
19760,29,1.2681794166564941
19761,29,1.3175628185272217
19762,29,1.3158295154571533
19763,29,1.3283507823944092
19764,28,1.25996732711792
19765,29,1.2913908958435059
19766,23,0.8721286058425903
19767,30,1.4240202903747559
19768,29,1.2818660736083984
19769,25,1.0469768047332764
19770,28,1.246230125427246
19771,28,1.2643674612045288
19772,21,0.6737048625946045
19773,28,1.223262906074524
19774,5,-1.278857946395874
19775,22,0.7829947471618652
19776,30,1.4246437549591064
19777,29,1.2999871969223022
19778,30,1.3553690910339355
19779,1,-1.6116102933883667
19780,27,1.178830862045288
19781,30,1.377789855003357
19782,30,1.3639968633651733
19783,30,1.357663869857788
19784,30,1.3715306520462036
19785,29,1.2774512767791748
19786,28,1.2603422403335571
19787,28,1.2297651767730713
19788,27,1.198240041732788
19789,28,1.2035290002822876
19790,30,1.3749969005584717
19791,30,1.3442866802215576
19792,29,1.2720493078231812
19793,24,0.902435302734375
19794,24,0.9284597635269165
19795,29,1.2740713357925415
19796,29,1.3218177556991577
19797,30,1.3521536588668823
19798,26,1.1021778583526611
19799,29,1.2869420051574707
19800,21,0.5978177785873413
19801,30,1.373625636100769
19802,28,1.2483971118927002
19803,30,1.3985230922698975
19804,30,1.368577241897583
19805,29,1.2944748401641846
19806,26,1.0892667770385742
19807,28,1.2451624870300293
19808,29,1.268722414970398
19809,30,1.3943846225738525
19810,29,1.3164763450622559
19811,30,1.3669427633285522
19812,29,1.2996580600738525
19813,28,1.2170963287353516
19814,30,1.4233782291412354
19815,29,1.3045432567596436
19816,28,1.2253990173339844
19817,28,1.247855544090271
19818,24,0.9283274412155151
19819,29,1.2764264345169067
19820,29,1.2724103927612305
19821,30,1.3910633325576782
19822,30,1.343603253364563
19823,28,1.2480370998382568
19824,28,1.2491905689239502
19825,29,1.3041503429412842
19826,29,1.2885196208953857
19827,30,1.394429326057434
19828,27,1.170520544052124
19829,28,1.234513521194458
19830,28,1.2101893424987793
19831,29,1.2763960361480713
19832,30,1.3729362487792969
19833,29,1.329041838645935
19834,29,1.3035215139389038
19835,27,1.1783746480941772
19836,30,1.3607977628707886
19837,28,1.247033953666687
19838,29,1.336038589477539
19839,29,1.3007616996765137
19840,25,1.0420427322387695
19841,28,1.2413438558578491
19842,29,1.2898064851760864
19843,28,1.2229946851730347
19844,26,1.0942095518112183
19845,29,1.2775905132293701
19846,29,1.3296953439712524
19847,30,1.3966872692108154
19848,29,1.2845860719680786
19849,29,1.2728028297424316
19850,30,1.4219070672988892
19851,29,1.3229106664657593
19852,28,1.2464464902877808
19853,30,1.4003654718399048
19854,23,0.8643474578857422
19855,30,1.3565045595169067
19856,28,1.2412359714508057
19857,29,1.3343379497528076
19858,27,1.1871248483657837
19859,30,1.3822213411331177
19860,27,1.1820317506790161
19861,28,1.2663366794586182
19862,28,1.2167388200759888
19863,29,1.317952036857605
19864,27,1.1914386749267578
19865,23,0.8867086172103882
19866,30,1.4066920280456543
19867,25,1.0370521545410156
19868,28,1.2286276817321777
19869,28,1.2419509887695312
19870,25,1.038855791091919
19871,29,1.2971128225326538
19872,30,1.3426597118377686
19873,29,1.2822449207305908
19874,30,1.3713797330856323
19875,29,1.3270535469055176
19876,27,1.144905924797058
19877,30,1.364973545074463
19878,29,1.3127167224884033
19879,29,1.3088418245315552
19880,29,1.325718879699707
19881,27,1.1530625820159912
19882,29,1.3246349096298218
19883,30,1.4064891338348389
19884,23,0.8507829904556274
19885,30,1.347149133682251
19886,30,1.3673908710479736
19887,30,1.374340534210205
19888,29,1.3072952032089233
19889,26,1.1127653121948242
19890,28,1.2280813455581665
19891,30,1.369627594947815
19892,28,1.2446887493133545
19893,20,0.5043357610702515
19894,30,1.4026355743408203
19895,29,1.3328807353973389
19896,28,1.2624552249908447
19897,30,1.3673263788223267
19898,28,1.2548699378967285
19899,28,1.256746768951416
19900,29,1.3285664319992065
19901,29,1.317878007888794
19902,30,1.4143184423446655
19903,30,1.411668062210083
19904,27,1.1764237880706787
19905,29,1.2908772230148315
19906,21,0.6423507928848267
19907,29,1.337548017501831
19908,29,1.3122694492340088
19909,30,1.3908474445343018
19910,30,1.4110679626464844
19911,30,1.3703811168670654
19912,30,1.3748060464859009
19913,29,1.3179959058761597
19914,28,1.2149568796157837
19915,29,1.317850947380066
19916,29,1.2836486101150513
19917,30,1.3564814329147339
19918,28,1.235823154449463
19919,28,1.248663067817688
19920,30,1.371506690979004
19921,29,1.2703726291656494
19922,29,1.28530752658844
19923,26,1.0570204257965088
19924,28,1.2302594184875488
19925,28,1.2493104934692383
19926,30,1.3540160655975342
19927,21,0.5912905931472778
19928,29,1.3207759857177734
19929,30,1.3436063528060913
19930,29,1.2708379030227661
19931,28,1.2058247327804565
19932,23,0.8500748872756958
19933,30,1.411022663116455
19934,30,1.398424744606018
19935,26,1.128637433052063
19936,27,1.1941452026367188
19937,25,1.0312319993972778
19938,30,1.344763159751892
19939,29,1.3045024871826172
19940,29,1.299947738647461
19941,30,1.3851503133773804
19942,26,1.1157499551773071
19943,30,1.3806096315383911
19944,26,1.0617755651474
19945,29,1.2735168933868408
19946,30,1.338829517364502
19947,30,1.349780559539795
19948,28,1.2494205236434937
19949,30,1.3419119119644165
19950,26,1.1121538877487183
19951,30,1.3654141426086426
19952,30,1.3914179801940918
19953,17,0.2412712574005127
19954,29,1.2684459686279297
19955,29,1.2848684787750244
19956,30,1.365770697593689
19957,29,1.3362884521484375
19958,28,1.2654179334640503
19959,30,1.3692197799682617
19960,30,1.3563883304595947
19961,27,1.1937452554702759
19962,29,1.3053133487701416
19963,28,1.2192438840866089
19964,29,1.3129241466522217
19965,30,1.4171409606933594
19966,30,1.4109444618225098
19967,29,1.277552843093872
19968,28,1.261771321296692
19969,30,1.341533899307251
19970,30,1.3746172189712524
19971,28,1.2397420406341553
19972,29,1.3145815134048462
19973,29,1.325121521949768
19974,29,1.3111926317214966
19975,29,1.3174513578414917
19976,30,1.3593285083770752
19977,30,1.3731600046157837
19978,27,1.195355772972107
19979,29,1.3059210777282715
19980,29,1.3254201412200928
19981,30,1.4023231267929077
19982,25,1.0412636995315552
19983,29,1.2726624011993408
19984,28,1.2301068305969238
19985,30,1.3436607122421265
19986,29,1.331766128540039
19987,25,0.9851876497268677
19988,30,1.361569881439209
19989,30,1.371353030204773
19990,30,1.3992475271224976
19991,29,1.2740564346313477
19992,28,1.258129596710205
19993,27,1.1841728687286377
19994,29,1.2963266372680664
19995,30,1.3537335395812988
19996,28,1.2027344703674316
19997,29,1.3105956315994263
19998,30,1.3688750267028809
19999,30,1.3564820289611816
