sequence_row,prediction_bin,surrogate_prediction
0,1,-2.05146861076355
1,1,-2.0627238750457764
2,1,-2.043898582458496
3,1,-2.07228946685791
4,1,-2.0232508182525635
5,1,-2.0444517135620117
6,1,-2.0913424491882324
7,1,-2.081000328063965
8,1,-2.0813937187194824
9,1,-2.055095672607422
10,1,-2.053492307662964
11,1,-2.0564780235290527
12,1,-2.0843138694763184
13,2,-1.979072093963623
14,1,-2.058306932449341
15,1,-2.066774845123291
16,1,-2.008579969406128
17,1,-2.127837657928467
18,1,-2.104740619659424
19,1,-2.14119553565979
20,1,-2.1110806465148926
21,1,-2.0223331451416016
22,1,-2.0552096366882324
23,1,-2.041929244995117
24,1,-2.0574307441711426
25,1,-2.0883264541625977
26,1,-2.0142924785614014
27,1,-2.064887762069702
28,1,-2.0797476768493652
29,1,-2.0360159873962402
30,1,-2.0206103324890137
31,1,-2.0302834510803223
32,1,-2.0660715103149414
33,1,-2.098630905151367
34,1,-2.0422492027282715
35,1,-2.1077263355255127
36,1,-2.1133222579956055
37,1,-2.08772611618042
38,1,-2.0860671997070312
39,1,-1.9920697212219238
40,1,-2.0758838653564453
41,1,-2.082731246948242
42,1,-2.167792797088623
43,1,-2.002181053161621
44,1,-2.057044506072998
45,1,-2.0992653369903564
46,1,-2.1267716884613037
47,1,-2.059321880340576
48,1,-2.0325965881347656
49,1,-2.209097146987915
50,1,-2.1115026473999023
51,1,-2.0837647914886475
52,1,-2.0976643562316895
53,1,-2.0631959438323975
54,1,-2.0506601333618164
55,1,-2.08773136138916
56,2,-1.976637840270996
57,1,-2.0742013454437256
58,1,-2.107722520828247
59,1,-2.0284948348999023
60,1,-2.078604221343994
61,1,-2.102062463760376
62,1,-2.082737445831299
63,1,-2.1016831398010254
64,1,-2.128523349761963
65,1,-2.0373480319976807
66,1,-2.0604147911071777
67,1,-2.125899076461792
68,1,-2.069563150405884
69,1,-2.0989580154418945
70,1,-2.128314971923828
71,1,-2.0743937492370605
72,1,-2.0509350299835205
73,1,-2.0091190338134766
74,1,-2.0430245399475098
75,1,-2.0908279418945312
76,1,-2.1045093536376953
77,1,-2.1199307441711426
78,1,-2.034513235092163
79,1,-2.078439712524414
80,1,-2.0527307987213135
81,1,-2.100046396255493
82,1,-2.0025501251220703
83,1,-2.0255324840545654
84,1,-2.036503553390503
85,1,-2.069587230682373
86,1,-2.0209450721740723
87,1,-2.0629119873046875
88,1,-2.050661325454712
89,1,-2.106865644454956
90,1,-2.034432888031006
91,1,-2.105532169342041
92,1,-2.1035256385803223
93,1,-2.085984706878662
94,1,-2.0381083488464355
95,1,-2.0894720554351807
96,1,-2.133937358856201
97,1,-2.0767881870269775
98,1,-2.201857566833496
99,1,-2.0303945541381836
100,1,-2.0172176361083984
101,1,-2.0570991039276123
102,1,-2.008059501647949
103,1,-2.0868563652038574
104,1,-1.991819143295288
105,1,-2.1399428844451904
106,1,-2.09108829498291
107,1,-2.0415737628936768
108,1,-2.0540244579315186
109,1,-2.0602376461029053
110,1,-2.127959728240967
111,1,-2.063140869140625
112,1,-2.014206886291504
113,1,-2.104067087173462
114,1,-2.0244438648223877
115,1,-2.045435905456543
116,1,-2.0648159980773926
117,1,-2.096020221710205
118,1,-2.1038389205932617
119,1,-2.023468494415283
120,1,-2.0498223304748535
121,1,-2.031336784362793
122,1,-2.0392119884490967
123,1,-2.0561397075653076
124,1,-2.007720947265625
125,1,-2.1067588329315186
126,1,-1.98972749710083
127,1,-2.0273256301879883
128,1,-2.00049090385437
129,1,-1.9898008108139038
130,1,-2.0065512657165527
131,1,-2.0814602375030518
132,1,-2.1219258308410645
133,1,-2.011669874191284
134,1,-2.0147383213043213
135,1,-2.0445146560668945
136,1,-2.095668077468872
137,1,-2.012962818145752
138,1,-2.089453935623169
139,1,-2.02459979057312
140,1,-2.0708370208740234
141,1,-2.064088821411133
142,1,-2.0811047554016113
143,1,-2.0074901580810547
144,1,-2.0382845401763916
145,1,-2.087878942489624
146,1,-2.0626187324523926
147,1,-2.0680575370788574
148,1,-2.0090203285217285
149,1,-2.0218148231506348
150,1,-2.0302658081054688
151,1,-2.0516018867492676
152,1,-2.078489303588867
153,1,-2.087545394897461
154,1,-2.0562644004821777
155,1,-2.0992722511291504
156,1,-2.048348903656006
157,1,-2.023125648498535
158,1,-2.0090999603271484
159,1,-2.0219123363494873
160,1,-2.1927669048309326
161,1,-2.110173463821411
162,1,-2.03102445602417
163,1,-2.0945208072662354
164,1,-2.0936546325683594
165,1,-2.093691825866699
166,1,-2.068660259246826
167,1,-2.086768627166748
168,1,-2.0036306381225586
169,1,-2.132668972015381
170,1,-2.026219129562378
171,1,-2.119290828704834
172,1,-2.0194926261901855
173,1,-2.1110544204711914
174,1,-2.113438844680786
175,1,-2.0167267322540283
176,1,-2.064713716506958
177,1,-2.1313319206237793
178,1,-2.0336031913757324
179,1,-2.087310552597046
180,1,-2.101990222930908
181,1,-2.0267081260681152
182,1,-2.018899917602539
183,1,-2.0780136585235596
184,1,-2.0934269428253174
185,1,-2.084780693054199
186,1,-2.097240447998047
187,1,-2.1050093173980713
188,1,-2.065065383911133
189,2,-1.981427788734436
190,1,-2.0124340057373047
191,1,-2.1705338954925537
192,1,-2.0553951263427734
193,1,-2.0607705116271973
194,1,-2.128502130508423
195,2,-1.9758715629577637
196,1,-2.0628390312194824
197,1,-2.059582233428955
198,1,-2.060133934020996
199,1,-2.0003864765167236
200,3,-1.8844285011291504
201,1,-2.0075371265411377
202,1,-2.0629796981811523
203,1,-2.002439022064209
204,1,-2.190579652786255
205,1,-2.0129640102386475
206,1,-2.049114942550659
207,1,-2.0360286235809326
208,1,-2.026904821395874
209,1,-2.029975175857544
210,1,-2.07191801071167
211,1,-2.068124294281006
212,1,-2.0506656169891357
213,1,-2.031935453414917
214,1,-2.026569366455078
215,1,-2.000202178955078
216,1,-2.0199484825134277
217,1,-2.0848193168640137
218,1,-2.0703630447387695
219,1,-2.062455654144287
220,1,-2.031459093093872
221,1,-2.043266773223877
222,2,-1.9863204956054688
223,1,-2.088071584701538
224,1,-2.0900139808654785
225,1,-2.124528646469116
226,1,-2.0582642555236816
227,1,-2.0096325874328613
228,2,-1.9823546409606934
229,1,-2.034358501434326
230,1,-2.0790882110595703
231,1,-2.0011820793151855
232,1,-2.080514669418335
233,1,-2.1327157020568848
234,1,-2.0343523025512695
235,1,-2.0790631771087646
236,2,-1.9878910779953003
237,1,-2.0579512119293213
238,1,-2.053140163421631
239,1,-2.025015115737915
240,1,-2.0380003452301025
241,1,-2.0199618339538574
242,1,-2.018718719482422
243,2,-1.985168695449829
244,2,-1.9692938327789307
245,3,-1.8879401683807373
246,1,-2.1130897998809814
247,1,-2.065187931060791
248,1,-2.024045467376709
249,1,-2.194754123687744
250,1,-2.045991897583008
251,1,-2.083104372024536
252,1,-2.0803937911987305
253,1,-2.070101261138916
254,1,-2.090226650238037
255,1,-2.069854497909546
256,2,-1.9685826301574707
257,1,-2.032656192779541
258,1,-2.065581798553467
259,1,-2.0726444721221924
260,1,-2.0335803031921387
261,3,-1.8344452381134033
262,1,-2.061586380004883
263,1,-2.0223228931427
264,1,-1.9997351169586182
265,2,-1.913977861404419
266,1,-2.0489563941955566
267,1,-2.0737905502319336
268,1,-2.057147264480591
269,1,-2.040181875228882
270,1,-2.028168201446533
271,1,-2.04789400100708
272,2,-1.9592857360839844
273,1,-2.052420139312744
274,1,-2.05804181098938
275,1,-2.0289065837860107
276,1,-2.001918077468872
277,1,-2.088103771209717
278,1,-2.0549230575561523
279,2,-1.989511251449585
280,1,-2.025397539138794
281,2,-1.9414126873016357
282,1,-2.0416016578674316
283,1,-2.062159299850464
284,1,-2.114504814147949
285,1,-2.059542179107666
286,1,-2.122437000274658
287,1,-2.068087100982666
288,1,-2.0608561038970947
289,1,-2.0054006576538086
290,1,-2.0556843280792236
291,2,-1.9403138160705566
292,1,-2.088843822479248
293,1,-2.0569381713867188
294,1,-1.9989573955535889
295,2,-1.975130558013916
296,2,-1.9718337059020996
297,1,-2.053952693939209
298,2,-1.978996753692627
299,1,-1.9993438720703125
300,1,-2.0676498413085938
301,1,-2.160684823989868
302,1,-2.035285711288452
303,1,-2.0747170448303223
304,1,-2.02246356010437
305,1,-2.0366039276123047
306,4,-1.8280830383300781
307,2,-1.979579210281372
308,1,-2.0034801959991455
309,1,-1.9962835311889648
310,2,-1.9514122009277344
311,1,-2.0269546508789062
312,1,-2.033923864364624
313,2,-1.9815361499786377
314,1,-2.0070078372955322
315,2,-1.955155372619629
316,1,-2.044245719909668
317,1,-2.018618583679199
318,3,-1.84806227684021
319,2,-1.9841701984405518
320,2,-1.978304386138916
321,2,-1.9304733276367188
322,2,-1.944206953048706
323,2,-1.965209722518921
324,1,-2.061433792114258
325,2,-1.937277913093567
326,1,-2.0789167881011963
327,1,-2.029013156890869
328,1,-2.0047240257263184
329,1,-1.9968161582946777
330,2,-1.9832509756088257
331,2,-1.9580461978912354
332,1,-2.024020195007324
333,1,-2.0033507347106934
334,1,-2.065267562866211
335,1,-2.0118398666381836
336,1,-2.0504560470581055
337,2,-1.9212286472320557
338,2,-1.9437447786331177
339,1,-2.09840726852417
340,1,-2.0410070419311523
341,1,-2.0750889778137207
342,1,-2.0941524505615234
343,2,-1.943568229675293
344,2,-1.9729194641113281
345,1,-2.103503704071045
346,1,-2.0012030601501465
347,2,-1.9793832302093506
348,1,-2.0851058959960938
349,1,-2.1654953956604004
350,1,-2.1552603244781494
351,1,-2.055619955062866
352,1,-2.0726583003997803
353,2,-1.9690275192260742
354,1,-2.0125935077667236
355,1,-2.012692451477051
356,1,-2.0250279903411865
357,2,-1.973137378692627
358,1,-2.0050830841064453
359,2,-1.9084227085113525
360,1,-2.0017805099487305
361,1,-2.0566043853759766
362,1,-1.99173903465271
363,2,-1.9328265190124512
364,1,-2.0796332359313965
365,1,-2.029449224472046
366,2,-1.9193692207336426
367,1,-2.0275020599365234
368,1,-2.037142276763916
369,2,-1.9532041549682617
370,2,-1.9647325277328491
371,2,-1.9348706007003784
372,2,-1.9821335077285767
373,2,-1.9876837730407715
374,2,-1.9704928398132324
375,1,-2.0473709106445312
376,1,-2.0605173110961914
377,1,-2.0383048057556152
378,1,-1.9977822303771973
379,1,-2.005858898162842
380,2,-1.9671905040740967
381,1,-2.0064752101898193
382,2,-1.9648334980010986
383,1,-2.0018911361694336
384,1,-2.0605010986328125
385,1,-2.010709762573242
386,2,-1.9542851448059082
387,1,-2.038726806640625
388,2,-1.9722366333007812
389,1,-2.0938665866851807
390,2,-1.9485852718353271
391,1,-2.0028209686279297
392,1,-2.023289203643799
393,1,-2.006798267364502
394,1,-2.0638065338134766
395,2,-1.9738125801086426
396,1,-2.0627143383026123
397,1,-2.0361948013305664
398,1,-2.05427885055542
399,1,-2.155533790588379
400,1,-2.053225517272949
401,1,-2.005065679550171
402,1,-2.039030075073242
403,1,-2.0000011920928955
404,1,-1.9922564029693604
405,2,-1.9222385883331299
406,2,-1.9796853065490723
407,2,-1.9586392641067505
408,1,-2.0467896461486816
409,2,-1.9686999320983887
410,1,-2.034353256225586
411,1,-2.0356180667877197
412,1,-2.034010648727417
413,2,-1.909692406654358
414,1,-2.0691258907318115
415,1,-2.0156662464141846
416,3,-1.8870352506637573
417,2,-1.9497522115707397
418,2,-1.9669413566589355
419,2,-1.9641740322113037
420,1,-2.1195316314697266
421,2,-1.9727189540863037
422,1,-2.000981330871582
423,2,-1.961370825767517
424,1,-2.011293888092041
425,1,-2.0379323959350586
426,2,-1.9743256568908691
427,2,-1.987167239189148
428,1,-2.0280559062957764
429,1,-1.9993634223937988
430,1,-2.0730161666870117
431,1,-2.0416979789733887
432,1,-2.022244930267334
433,1,-1.9921964406967163
434,2,-1.9861977100372314
435,1,-2.044551372528076
436,4,-1.8295809030532837
437,2,-1.955836296081543
438,2,-1.972867488861084
439,1,-2.007268190383911
440,1,-2.0096545219421387
441,1,-2.1557188034057617
442,2,-1.9783470630645752
443,1,-2.0299031734466553
444,2,-1.9678363800048828
445,1,-2.0027520656585693
446,2,-1.9720511436462402
447,2,-1.9839413166046143
448,1,-1.9898221492767334
449,2,-1.9767711162567139
450,1,-2.0106546878814697
451,1,-2.074371099472046
452,2,-1.9843918085098267
453,1,-2.0190422534942627
454,2,-1.921434760093689
455,1,-2.0038063526153564
456,2,-1.9612151384353638
457,1,-2.090010643005371
458,2,-1.9259014129638672
459,3,-1.8825182914733887
460,2,-1.9506895542144775
461,1,-2.0086755752563477
462,1,-2.0644497871398926
463,2,-1.9272029399871826
464,1,-2.020317316055298
465,2,-1.9659063816070557
466,2,-1.9234793186187744
467,2,-1.9809978008270264
468,3,-1.89445161819458
469,1,-2.092909097671509
470,2,-1.924728512763977
471,1,-2.0693109035491943
472,1,-2.0350608825683594
473,1,-2.001279830932617
474,1,-2.0092155933380127
475,1,-2.1474666595458984
476,2,-1.9414665699005127
477,2,-1.976810336112976
478,2,-1.9461321830749512
479,3,-1.863291621208191
480,2,-1.9780223369598389
481,1,-1.9985122680664062
482,1,-2.0955920219421387
483,2,-1.9356615543365479
484,2,-1.935056447982788
485,2,-1.9261598587036133
486,3,-1.8661068677902222
487,1,-1.9938149452209473
488,1,-2.0672965049743652
489,1,-1.9958224296569824
490,3,-1.8985402584075928
491,3,-1.8714150190353394
492,2,-1.9553194046020508
493,2,-1.949293613433838
494,1,-2.041566848754883
495,2,-1.9546197652816772
496,4,-1.7853254079818726
497,3,-1.8806431293487549
498,1,-2.0528149604797363
499,1,-2.0187296867370605
500,2,-1.977052092552185
501,1,-2.011979579925537
502,2,-1.9704560041427612
503,3,-1.8622543811798096
504,1,-2.0121140480041504
505,2,-1.980842113494873
506,2,-1.9500715732574463
507,2,-1.9220482110977173
508,2,-1.9670164585113525
509,2,-1.9797848463058472
510,2,-1.9290894269943237
511,1,-2.0206384658813477
512,3,-1.8710483312606812
513,1,-1.9999489784240723
514,2,-1.932070016860962
515,2,-1.939563512802124
516,2,-1.9241445064544678
517,3,-1.8483161926269531
518,2,-1.9685041904449463
519,3,-1.8964061737060547
520,2,-1.9313807487487793
521,1,-1.999159574508667
522,2,-1.9113894701004028
523,2,-1.9075103998184204
524,2,-1.9248007535934448
525,2,-1.98045814037323
526,1,-1.9953988790512085
527,1,-1.991347312927246
528,2,-1.9556245803833008
529,1,-2.00443434715271
530,2,-1.9293739795684814
531,3,-1.8948370218276978
532,2,-1.9042452573776245
533,2,-1.9539469480514526
534,2,-1.9156360626220703
535,3,-1.8643590211868286
536,2,-1.953200101852417
537,3,-1.8372282981872559
538,2,-1.9485337734222412
539,2,-1.9394303560256958
540,1,-1.9972425699234009
541,2,-1.9875675439834595
542,2,-1.964560866355896
543,2,-1.972591519355774
544,2,-1.972574234008789
545,1,-1.99235200881958
546,1,-2.040088653564453
547,3,-1.8970224857330322
548,3,-1.896896481513977
549,1,-2.0370593070983887
550,2,-1.953779697418213
551,2,-1.9782543182373047
552,3,-1.902640461921692
553,3,-1.8874309062957764
554,1,-2.0530052185058594
555,2,-1.9227746725082397
556,1,-1.997234582901001
557,2,-1.9288685321807861
558,3,-1.8628997802734375
559,1,-2.0477921962738037
560,2,-1.9682347774505615
561,2,-1.9252821207046509
562,1,-2.002882480621338
563,1,-2.0027832984924316
564,2,-1.984561800956726
565,2,-1.9865918159484863
566,1,-2.0142104625701904
567,2,-1.981811761856079
568,3,-1.8321017026901245
569,2,-1.9854776859283447
570,2,-1.9480212926864624
571,2,-1.9172780513763428
572,2,-1.9559910297393799
573,1,-2.030148983001709
574,1,-2.0410382747650146
575,1,-2.0527944564819336
576,2,-1.936262607574463
577,2,-1.9469809532165527
578,2,-1.962465524673462
579,1,-2.1191303730010986
580,2,-1.9657089710235596
581,1,-2.055436134338379
582,1,-2.008103609085083
583,2,-1.921600341796875
584,2,-1.935103416442871
585,2,-1.9568712711334229
586,2,-1.9088702201843262
587,3,-1.8742551803588867
588,2,-1.9642620086669922
589,2,-1.954787015914917
590,2,-1.9573521614074707
591,1,-2.089810848236084
592,1,-1.9963526725769043
593,1,-1.9902832508087158
594,3,-1.8433477878570557
595,1,-2.0319504737854004
596,1,-1.9942055940628052
597,2,-1.958160638809204
598,1,-2.025660991668701
599,2,-1.9372270107269287
600,1,-2.018563747406006
601,3,-1.8563144207000732
602,2,-1.9510531425476074
603,2,-1.971172571182251
604,2,-1.9242475032806396
605,1,-2.0076990127563477
606,3,-1.885002613067627
607,1,-1.9999969005584717
608,2,-1.975473403930664
609,3,-1.8834224939346313
610,3,-1.9006098508834839
611,4,-1.7936407327651978
612,2,-1.9725706577301025
613,1,-2.0052666664123535
614,2,-1.942120909690857
615,2,-1.965815782546997
616,3,-1.8520382642745972
617,2,-1.9329586029052734
618,2,-1.9848089218139648
619,2,-1.9886057376861572
620,1,-1.9907835721969604
621,2,-1.9158196449279785
622,2,-1.9050745964050293
623,3,-1.8717374801635742
624,3,-1.867121696472168
625,1,-2.0142717361450195
626,3,-1.888167142868042
627,2,-1.9354064464569092
628,2,-1.9262285232543945
629,2,-1.9148380756378174
630,2,-1.9607844352722168
631,2,-1.9595074653625488
632,4,-1.7848317623138428
633,2,-1.963537573814392
634,2,-1.9070022106170654
635,2,-1.9300916194915771
636,2,-1.9562246799468994
637,2,-1.9087259769439697
638,3,-1.8975038528442383
639,2,-1.9654338359832764
640,2,-1.9297716617584229
641,2,-1.92478346824646
642,1,-2.0295348167419434
643,2,-1.9397304058074951
644,2,-1.961240291595459
645,1,-2.0438826084136963
646,2,-1.9449105262756348
647,3,-1.882054328918457
648,1,-2.028053045272827
649,3,-1.8904750347137451
650,3,-1.864347219467163
651,2,-1.9683692455291748
652,2,-1.9372330904006958
653,2,-1.96376371383667
654,4,-1.813319444656372
655,1,-2.111191749572754
656,1,-2.0284881591796875
657,2,-1.9738531112670898
658,2,-1.9567492008209229
659,2,-1.9701366424560547
660,2,-1.9573092460632324
661,1,-1.9914484024047852
662,3,-1.8651988506317139
663,1,-2.0991716384887695
664,3,-1.8476641178131104
665,3,-1.896629810333252
666,3,-1.8744592666625977
667,1,-2.004279851913452
668,2,-1.9090497493743896
669,1,-2.0728206634521484
670,3,-1.8388702869415283
671,2,-1.9167683124542236
672,3,-1.8711938858032227
673,4,-1.8265502452850342
674,2,-1.9039368629455566
675,2,-1.9861758947372437
676,1,-2.0057101249694824
677,2,-1.9188730716705322
678,2,-1.9071142673492432
679,2,-1.9564560651779175
680,2,-1.9733842611312866
681,2,-1.981397032737732
682,2,-1.951693058013916
683,1,-2.1293749809265137
684,2,-1.94602632522583
685,1,-2.021712303161621
686,1,-2.031994581222534
687,2,-1.9042739868164062
688,3,-1.889634132385254
689,1,-2.0025382041931152
690,4,-1.7848100662231445
691,2,-1.9446959495544434
692,1,-2.0295214653015137
693,2,-1.927663803100586
694,1,-1.997341513633728
695,3,-1.8685884475708008
696,1,-2.0454702377319336
697,2,-1.9194369316101074
698,4,-1.7990398406982422
699,3,-1.883244514465332
700,2,-1.9589776992797852
701,2,-1.9398505687713623
702,1,-2.0242228507995605
703,2,-1.9374940395355225
704,2,-1.906935214996338
705,4,-1.7930498123168945
706,3,-1.8517650365829468
707,4,-1.8258190155029297
708,3,-1.8500587940216064
709,1,-2.0772109031677246
710,2,-1.908713698387146
711,3,-1.8912791013717651
712,3,-1.883615255355835
713,1,-2.1180005073547363
714,2,-1.9363853931427002
715,2,-1.9592223167419434
716,2,-1.971379041671753
717,2,-1.9238619804382324
718,3,-1.86879563331604
719,1,-2.1176953315734863
720,3,-1.9032196998596191
721,3,-1.8865361213684082
722,3,-1.892645239830017
723,1,-2.0827009677886963
724,2,-1.916255235671997
725,2,-1.976354718208313
726,1,-2.0000429153442383
727,2,-1.9543225765228271
728,2,-1.9056193828582764
729,5,-1.757720947265625
730,2,-1.9529839754104614
731,4,-1.7791790962219238
732,3,-1.8711869716644287
733,1,-2.096940040588379
734,2,-1.9341260194778442
735,2,-1.9268113374710083
736,3,-1.8856782913208008
737,2,-1.9360255002975464
738,2,-1.9155466556549072
739,2,-1.9238946437835693
740,2,-1.9761497974395752
741,1,-2.0059561729431152
742,2,-1.914170265197754
743,2,-1.978028416633606
744,1,-2.0810976028442383
745,1,-2.025432586669922
746,2,-1.9241347312927246
747,1,-2.096381187438965
748,3,-1.883500576019287
749,2,-1.973973274230957
750,3,-1.875349521636963
751,3,-1.8890490531921387
752,2,-1.9420521259307861
753,1,-2.030547618865967
754,1,-2.046205520629883
755,2,-1.9514997005462646
756,3,-1.8680421113967896
757,2,-1.960282802581787
758,2,-1.95906662940979
759,4,-1.8298978805541992
760,2,-1.969852089881897
761,2,-1.9291300773620605
762,3,-1.867516279220581
763,3,-1.8490549325942993
764,4,-1.7977299690246582
765,1,-2.0201964378356934
766,3,-1.896039366722107
767,2,-1.9447438716888428
768,2,-1.917433261871338
769,4,-1.7987444400787354
770,4,-1.8095498085021973
771,2,-1.9445977210998535
772,3,-1.8674347400665283
773,3,-1.8934783935546875
774,3,-1.841295838356018
775,2,-1.960486650466919
776,3,-1.882554054260254
777,1,-1.991133213043213
778,2,-1.9537174701690674
779,3,-1.8518086671829224
780,2,-1.9679735898971558
781,4,-1.8053617477416992
782,3,-1.8535809516906738
783,1,-2.03440260887146
784,2,-1.9783384799957275
785,3,-1.871760368347168
786,2,-1.9599590301513672
787,4,-1.774686574935913
788,1,-2.0019924640655518
789,3,-1.8831998109817505
790,1,-2.029899835586548
791,1,-1.9995850324630737
792,3,-1.8690969944000244
793,1,-1.9991302490234375
794,2,-1.925445318222046
795,1,-2.017934560775757
796,3,-1.8716444969177246
797,2,-1.9454952478408813
798,2,-1.9544150829315186
799,2,-1.9316880702972412
800,4,-1.8167792558670044
801,2,-1.9540505409240723
802,3,-1.8974735736846924
803,2,-1.9799696207046509
804,3,-1.8992362022399902
805,6,-1.67720365524292
806,2,-1.9791743755340576
807,1,-2.1022379398345947
808,4,-1.7844465970993042
809,3,-1.8680634498596191
810,1,-1.9955408573150635
811,3,-1.867593765258789
812,2,-1.9501376152038574
813,3,-1.8800429105758667
814,2,-1.9390485286712646
815,2,-1.9699628353118896
816,3,-1.887021780014038
817,4,-1.807619333267212
818,2,-1.904059648513794
819,1,-2.090177297592163
820,2,-1.903748869895935
821,1,-2.065049409866333
822,2,-1.9324166774749756
823,1,-2.080254077911377
824,4,-1.7921853065490723
825,5,-1.7551658153533936
826,2,-1.9346375465393066
827,2,-1.9690293073654175
828,2,-1.9384171962738037
829,2,-1.9042099714279175
830,3,-1.8777244091033936
831,3,-1.8966774940490723
832,3,-1.889976978302002
833,1,-2.134648323059082
834,2,-1.9278016090393066
835,3,-1.8739726543426514
836,2,-1.9393219947814941
837,4,-1.7877042293548584
838,2,-1.9751036167144775
839,3,-1.8668965101242065
840,4,-1.8003207445144653
841,1,-2.1067094802856445
842,1,-2.1371021270751953
843,3,-1.8800595998764038
844,2,-1.94026517868042
845,3,-1.849698781967163
846,2,-1.9210275411605835
847,2,-1.968958854675293
848,4,-1.8168872594833374
849,2,-1.9260475635528564
850,2,-1.9472622871398926
851,2,-1.9764662981033325
852,2,-1.9556409120559692
853,3,-1.8312958478927612
854,2,-1.9059460163116455
855,4,-1.829563856124878
856,4,-1.7897279262542725
857,3,-1.898339033126831
858,1,-2.0866293907165527
859,1,-2.015002727508545
860,5,-1.7392480373382568
861,2,-1.9428292512893677
862,1,-2.0226733684539795
863,4,-1.8098969459533691
864,4,-1.8138978481292725
865,2,-1.920823335647583
866,2,-1.985072374343872
867,2,-1.9157894849777222
868,3,-1.8453806638717651
869,4,-1.805638074874878
870,4,-1.7854280471801758
871,2,-1.985571265220642
872,4,-1.79780912399292
873,4,-1.8046953678131104
874,4,-1.8227407932281494
875,2,-1.950556755065918
876,3,-1.8563647270202637
877,2,-1.9175500869750977
878,2,-1.9096975326538086
879,3,-1.888171672821045
880,2,-1.9433035850524902
881,5,-1.7529590129852295
882,1,-2.0599515438079834
883,1,-2.0343356132507324
884,2,-1.9089922904968262
885,3,-1.9006102085113525
886,3,-1.8773752450942993
887,3,-1.8757253885269165
888,3,-1.8744652271270752
889,2,-1.932572841644287
890,2,-1.967343807220459
891,1,-2.1381216049194336
892,1,-2.038163661956787
893,3,-1.8979487419128418
894,2,-1.905405044555664
895,2,-1.9420664310455322
896,2,-1.9641170501708984
897,2,-1.9237585067749023
898,1,-2.1051828861236572
899,1,-2.0967788696289062
900,1,-2.06368088722229
901,2,-1.9146978855133057
902,4,-1.8136274814605713
903,4,-1.7660073041915894
904,3,-1.8355536460876465
905,2,-1.9105783700942993
906,3,-1.892075538635254
907,1,-2.0160179138183594
908,2,-1.962202787399292
909,2,-1.9473514556884766
910,2,-1.939857006072998
911,3,-1.8555262088775635
912,3,-1.8700909614562988
913,4,-1.782260775566101
914,1,-2.071127414703369
915,4,-1.764495611190796
916,4,-1.8309013843536377
917,4,-1.8044184446334839
918,4,-1.7977558374404907
919,4,-1.7936415672302246
920,2,-1.9568476676940918
921,2,-1.956706166267395
922,4,-1.7795370817184448
923,2,-1.9215588569641113
924,2,-1.9493906497955322
925,4,-1.7908554077148438
926,1,-2.078439474105835
927,3,-1.833865761756897
928,3,-1.844635009765625
929,3,-1.8885923624038696
930,1,-2.0877723693847656
931,2,-1.9230422973632812
932,1,-2.0086309909820557
933,2,-1.9749927520751953
934,1,-2.0915000438690186
935,1,-2.0716755390167236
936,1,-2.001234531402588
937,2,-1.9517717361450195
938,1,-2.0909972190856934
939,5,-1.730640172958374
940,3,-1.9004902839660645
941,4,-1.8252592086791992
942,5,-1.730536699295044
943,2,-1.9413707256317139
944,2,-1.93746018409729
945,2,-1.9591121673583984
946,2,-1.917309284210205
947,1,-1.9995296001434326
948,3,-1.8630855083465576
949,3,-1.8727747201919556
950,2,-1.9280844926834106
951,2,-1.9386188983917236
952,3,-1.8563772439956665
953,3,-1.8812565803527832
954,3,-1.8688108921051025
955,2,-1.9145691394805908
956,1,-2.0620641708374023
957,3,-1.8551406860351562
958,4,-1.8177094459533691
959,1,-2.0663022994995117
960,2,-1.9167625904083252
961,2,-1.970296859741211
962,2,-1.9705235958099365
963,1,-2.072844982147217
964,4,-1.810129165649414
965,5,-1.7146724462509155
966,1,-2.062343120574951
967,5,-1.762580394744873
968,3,-1.8628491163253784
969,3,-1.896902084350586
970,1,-2.153385639190674
971,3,-1.8431396484375
972,4,-1.7967863082885742
973,1,-1.9984782934188843
974,3,-1.9009268283843994
975,4,-1.8051458597183228
976,3,-1.8478150367736816
977,4,-1.795522928237915
978,3,-1.8817942142486572
979,2,-1.9222370386123657
980,3,-1.8522560596466064
981,2,-1.9586552381515503
982,1,-2.0941593647003174
983,4,-1.8296763896942139
984,2,-1.9415946006774902
985,1,-2.0309808254241943
986,4,-1.8080391883850098
987,3,-1.8639562129974365
988,3,-1.876869797706604
989,3,-1.8873801231384277
990,1,-2.0508413314819336
991,3,-1.8980600833892822
992,3,-1.871194839477539
993,4,-1.819908857345581
994,3,-1.843379259109497
995,4,-1.822282314300537
996,4,-1.8293973207473755
997,1,-2.083911657333374
998,1,-1.9921679496765137
999,2,-1.9608770608901978
1000,3,-1.8791728019714355
1001,1,-2.0402727127075195
1002,3,-1.8672056198120117
1003,2,-1.929335594177246
1004,4,-1.7867826223373413
1005,2,-1.9485931396484375
1006,4,-1.797450065612793
1007,3,-1.8395899534225464
1008,3,-1.8992278575897217
1009,3,-1.8489580154418945
1010,1,-2.0161924362182617
1011,3,-1.8515923023223877
1012,4,-1.7738465070724487
1013,3,-1.8338607549667358
1014,3,-1.8880305290222168
1015,1,-2.0657362937927246
1016,2,-1.9341174364089966
1017,3,-1.8753511905670166
1018,3,-1.8358509540557861
1019,1,-2.027094841003418
1020,3,-1.8608689308166504
1021,2,-1.9281325340270996
1022,1,-2.077314853668213
1023,4,-1.7858695983886719
1024,3,-1.8860986232757568
1025,4,-1.7679853439331055
1026,4,-1.8107893466949463
1027,4,-1.7984600067138672
1028,1,-2.028653860092163
1029,1,-2.0550076961517334
1030,7,-1.6336982250213623
1031,4,-1.8228323459625244
1032,3,-1.8531912565231323
1033,4,-1.8231436014175415
1034,3,-1.8572349548339844
1035,2,-1.946488857269287
1036,4,-1.805732011795044
1037,2,-1.9319597482681274
1038,1,-2.0564992427825928
1039,2,-1.939449667930603
1040,2,-1.9258619546890259
1041,4,-1.7867716550827026
1042,2,-1.9504928588867188
1043,3,-1.8573594093322754
1044,5,-1.7179715633392334
1045,3,-1.8627536296844482
1046,2,-1.977757215499878
1047,4,-1.8057823181152344
1048,4,-1.7745270729064941
1049,3,-1.8680168390274048
1050,1,-2.0638036727905273
1051,6,-1.6647074222564697
1052,3,-1.8776423931121826
1053,2,-1.9484658241271973
1054,4,-1.8202545642852783
1055,3,-1.8821494579315186
1056,5,-1.7141779661178589
1057,1,-2.059279203414917
1058,4,-1.7920730113983154
1059,2,-1.9719457626342773
1060,3,-1.8315250873565674
1061,3,-1.849456548690796
1062,4,-1.8185731172561646
1063,2,-1.9454514980316162
1064,3,-1.8484896421432495
1065,3,-1.8827736377716064
1066,1,-2.069314479827881
1067,2,-1.9388930797576904
1068,3,-1.8876190185546875
1069,2,-1.9106097221374512
1070,6,-1.691426396369934
1071,3,-1.852121114730835
1072,2,-1.955406904220581
1073,3,-1.8599846363067627
1074,6,-1.6546504497528076
1075,1,-2.0463509559631348
1076,4,-1.7818409204483032
1077,4,-1.8104298114776611
1078,3,-1.8729300498962402
1079,7,-1.5944710969924927
1080,4,-1.8269672393798828
1081,5,-1.758462905883789
1082,1,-2.0225329399108887
1083,3,-1.8766167163848877
1084,2,-1.94185209274292
1085,3,-1.8580310344696045
1086,6,-1.6704128980636597
1087,1,-2.005699872970581
1088,5,-1.754604458808899
1089,5,-1.7260940074920654
1090,2,-1.9171841144561768
1091,1,-2.0906505584716797
1092,3,-1.9008026123046875
1093,2,-1.9217522144317627
1094,1,-2.055765390396118
1095,3,-1.862991213798523
1096,6,-1.6868913173675537
1097,2,-1.955387830734253
1098,3,-1.8910932540893555
1099,5,-1.7180113792419434
1100,5,-1.7405729293823242
1101,3,-1.9019699096679688
1102,1,-2.034342050552368
1103,1,-2.0890543460845947
1104,5,-1.7200506925582886
1105,6,-1.6620402336120605
1106,3,-1.8797980546951294
1107,2,-1.9242668151855469
1108,4,-1.7899439334869385
1109,3,-1.8950469493865967
1110,4,-1.8241126537322998
1111,3,-1.8708455562591553
1112,3,-1.860569953918457
1113,5,-1.7633073329925537
1114,1,-2.046921730041504
1115,3,-1.8369238376617432
1116,2,-1.940171480178833
1117,2,-1.9297387599945068
1118,5,-1.7395005226135254
1119,3,-1.8461875915527344
1120,3,-1.877692461013794
1121,3,-1.8654662370681763
1122,3,-1.8371089696884155
1123,4,-1.776578664779663
1124,3,-1.8444042205810547
1125,1,-2.085756778717041
1126,1,-2.050575017929077
1127,3,-1.8604230880737305
1128,3,-1.8852567672729492
1129,4,-1.7698934078216553
1130,1,-2.0225672721862793
1131,3,-1.8497743606567383
1132,3,-1.8976879119873047
1133,5,-1.7292749881744385
1134,1,-2.013521432876587
1135,4,-1.7928050756454468
1136,3,-1.86371648311615
1137,2,-1.9052445888519287
1138,3,-1.8656811714172363
1139,2,-1.9483890533447266
1140,5,-1.747673511505127
1141,1,-2.058148145675659
1142,3,-1.859600305557251
1143,3,-1.9010536670684814
1144,2,-1.9824047088623047
1145,2,-1.9259238243103027
1146,5,-1.7237904071807861
1147,3,-1.8589825630187988
1148,5,-1.7622973918914795
1149,6,-1.6768603324890137
1150,6,-1.6909501552581787
1151,1,-2.0880284309387207
1152,2,-1.9485223293304443
1153,3,-1.885231375694275
1154,3,-1.8829948902130127
1155,5,-1.7550272941589355
1156,1,-2.117427349090576
1157,4,-1.8191683292388916
1158,6,-1.6937886476516724
1159,2,-1.9234039783477783
1160,3,-1.871368646621704
1161,4,-1.7687199115753174
1162,3,-1.8551251888275146
1163,5,-1.7576873302459717
1164,2,-1.9358012676239014
1165,1,-2.0648958683013916
1166,1,-2.020385265350342
1167,3,-1.8456623554229736
1168,2,-1.9069675207138062
1169,8,-1.5793251991271973
1170,2,-1.9352741241455078
1171,1,-1.993868350982666
1172,5,-1.7376303672790527
1173,5,-1.741300344467163
1174,4,-1.7998549938201904
1175,4,-1.7880473136901855
1176,1,-2.0281050205230713
1177,3,-1.854583501815796
1178,1,-2.002558469772339
1179,3,-1.8481796979904175
1180,2,-1.906883955001831
1181,3,-1.880984902381897
1182,1,-2.0605454444885254
1183,4,-1.8254199028015137
1184,4,-1.830916166305542
1185,2,-1.9117846488952637
1186,5,-1.7312278747558594
1187,1,-2.049315929412842
1188,6,-1.6865556240081787
1189,2,-1.9276738166809082
1190,2,-1.9097919464111328
1191,1,-2.101785898208618
1192,2,-1.933203935623169
1193,2,-1.984691858291626
1194,9,-1.4930238723754883
1195,4,-1.825075626373291
1196,1,-2.026564836502075
1197,4,-1.7988145351409912
1198,4,-1.8304846286773682
1199,2,-1.905419111251831
1200,5,-1.7465791702270508
1201,1,-1.995955467224121
1202,1,-2.0264945030212402
1203,4,-1.7803406715393066
1204,1,-2.0089991092681885
1205,4,-1.8245768547058105
1206,1,-2.0448665618896484
1207,7,-1.6307260990142822
1208,4,-1.8058083057403564
1209,2,-1.9854729175567627
1210,6,-1.6637212038040161
1211,5,-1.7135875225067139
1212,4,-1.7941235303878784
1213,1,-2.0426559448242188
1214,3,-1.8521218299865723
1215,4,-1.7814537286758423
1216,4,-1.823476791381836
1217,3,-1.8671813011169434
1218,1,-2.020942211151123
1219,6,-1.6871074438095093
1220,3,-1.8811957836151123
1221,6,-1.6782945394515991
1222,4,-1.7945339679718018
1223,3,-1.842450499534607
1224,4,-1.810020923614502
1225,4,-1.80953049659729
1226,6,-1.6391592025756836
1227,4,-1.8305115699768066
1228,3,-1.8927500247955322
1229,2,-1.971786379814148
1230,5,-1.6992254257202148
1231,2,-1.9131052494049072
1232,1,-2.0231823921203613
1233,1,-2.04852294921875
1234,4,-1.8264591693878174
1235,5,-1.7247939109802246
1236,3,-1.835404396057129
1237,3,-1.870956540107727
1238,3,-1.843045711517334
1239,3,-1.8464899063110352
1240,1,-2.0117228031158447
1241,3,-1.8863023519515991
1242,2,-1.938775897026062
1243,4,-1.8042593002319336
1244,2,-1.9220895767211914
1245,3,-1.8836544752120972
1246,2,-1.9081451892852783
1247,2,-1.9334639310836792
1248,4,-1.8103325366973877
1249,6,-1.641663670539856
1250,3,-1.8500664234161377
1251,5,-1.7001962661743164
1252,3,-1.8715670108795166
1253,1,-2.0560429096221924
1254,3,-1.902498483657837
1255,5,-1.7570290565490723
1256,4,-1.8095110654830933
1257,1,-2.0499777793884277
1258,3,-1.8934919834136963
1259,2,-1.9151830673217773
1260,3,-1.857017993927002
1261,6,-1.6849530935287476
1262,6,-1.6572630405426025
1263,1,-2.0445737838745117
1264,4,-1.81928551197052
1265,3,-1.8405845165252686
1266,3,-1.8731143474578857
1267,3,-1.850339651107788
1268,3,-1.8725053071975708
1269,5,-1.7064692974090576
1270,1,-2.0130081176757812
1271,2,-1.955498456954956
1272,4,-1.7970293760299683
1273,5,-1.736999273300171
1274,1,-2.0395395755767822
1275,4,-1.8282228708267212
1276,4,-1.815106749534607
1277,6,-1.688873052597046
1278,3,-1.870534896850586
1279,3,-1.8599276542663574
1280,5,-1.7037569284439087
1281,4,-1.8298834562301636
1282,3,-1.8732624053955078
1283,5,-1.7618281841278076
1284,4,-1.807234287261963
1285,5,-1.7158596515655518
1286,5,-1.7240835428237915
1287,5,-1.7504490613937378
1288,3,-1.8853034973144531
1289,6,-1.6951261758804321
1290,5,-1.735390067100525
1291,1,-2.037008047103882
1292,3,-1.8733680248260498
1293,2,-1.9061673879623413
1294,5,-1.7549190521240234
1295,4,-1.7644944190979004
1296,4,-1.8114378452301025
1297,2,-1.9087748527526855
1298,1,-2.035849094390869
1299,6,-1.6948655843734741
1300,1,-2.0315980911254883
1301,1,-2.1024250984191895
1302,4,-1.7952516078948975
1303,5,-1.7486701011657715
1304,3,-1.8948981761932373
1305,1,-2.102884531021118
1306,1,-2.0682811737060547
1307,4,-1.7883543968200684
1308,2,-1.9125195741653442
1309,3,-1.8397510051727295
1310,4,-1.8069403171539307
1311,3,-1.857802391052246
1312,3,-1.859544277191162
1313,7,-1.5921900272369385
1314,1,-2.019021987915039
1315,3,-1.8676421642303467
1316,7,-1.614432692527771
1317,3,-1.8392713069915771
1318,3,-1.8373746871948242
1319,10,-1.456809163093567
1320,5,-1.7264736890792847
1321,4,-1.785074234008789
1322,6,-1.6725531816482544
1323,6,-1.691140055656433
1324,10,-1.4579472541809082
1325,1,-1.9996376037597656
1326,4,-1.8095731735229492
1327,1,-2.07928466796875
1328,1,-2.1084392070770264
1329,3,-1.8725860118865967
1330,2,-1.9123069047927856
1331,1,-2.0236902236938477
1332,1,-2.0372061729431152
1333,3,-1.893467903137207
1334,1,-2.008730411529541
1335,5,-1.7016204595565796
1336,1,-2.0395209789276123
1337,4,-1.795806884765625
1338,3,-1.8807791471481323
1339,5,-1.7628343105316162
1340,5,-1.7368478775024414
1341,5,-1.7187341451644897
1342,4,-1.7919037342071533
1343,3,-1.8362321853637695
1344,4,-1.7845572233200073
1345,1,-2.014134407043457
1346,6,-1.6772876977920532
1347,3,-1.8588826656341553
1348,6,-1.6681816577911377
1349,3,-1.8494236469268799
1350,1,-2.0641140937805176
1351,5,-1.7411710023880005
1352,5,-1.7537729740142822
1353,1,-2.0370163917541504
1354,4,-1.827026128768921
1355,2,-1.9532737731933594
1356,1,-2.0074567794799805
1357,2,-1.9212385416030884
1358,1,-2.0103728771209717
1359,5,-1.7324447631835938
1360,1,-2.0670905113220215
1361,5,-1.7367823123931885
1362,7,-1.6230899095535278
1363,4,-1.7997753620147705
1364,6,-1.6617332696914673
1365,3,-1.8342854976654053
1366,5,-1.7272437810897827
1367,5,-1.7398170232772827
1368,3,-1.8668782711029053
1369,3,-1.856605887413025
1370,6,-1.6817381381988525
1371,1,-2.012261152267456
1372,3,-1.8898558616638184
1373,4,-1.7881900072097778
1374,4,-1.7730402946472168
1375,6,-1.6493431329727173
1376,3,-1.8510301113128662
1377,3,-1.8441596031188965
1378,2,-1.9831457138061523
1379,1,-2.0089902877807617
1380,5,-1.7446503639221191
1381,4,-1.8209543228149414
1382,1,-2.0356645584106445
1383,4,-1.8133209943771362
1384,3,-1.8944237232208252
1385,7,-1.5829108953475952
1386,3,-1.886521339416504
1387,3,-1.836577296257019
1388,3,-1.8568496704101562
1389,2,-1.965609073638916
1390,6,-1.6538515090942383
1391,4,-1.793510913848877
1392,3,-1.8515307903289795
1393,4,-1.7850749492645264
1394,3,-1.8703964948654175
1395,5,-1.7275488376617432
1396,4,-1.825423240661621
1397,1,-2.0542519092559814
1398,2,-1.9755767583847046
1399,4,-1.8141791820526123
1400,1,-2.0039048194885254
1401,6,-1.694216251373291
1402,6,-1.6690365076065063
1403,3,-1.8682992458343506
1404,5,-1.7510809898376465
1405,3,-1.8672850131988525
1406,3,-1.8919416666030884
1407,5,-1.7085895538330078
1408,3,-1.836792230606079
1409,6,-1.6964185237884521
1410,4,-1.8112069368362427
1411,1,-2.0306434631347656
1412,1,-2.0190961360931396
1413,8,-1.5809203386306763
1414,1,-2.051159620285034
1415,4,-1.824308156967163
1416,6,-1.6488051414489746
1417,4,-1.7950434684753418
1418,1,-2.000760078430176
1419,4,-1.816261887550354
1420,4,-1.7945115566253662
1421,5,-1.7277305126190186
1422,4,-1.8132271766662598
1423,6,-1.6900653839111328
1424,5,-1.7515769004821777
1425,6,-1.6695308685302734
1426,3,-1.8943078517913818
1427,4,-1.8157082796096802
1428,1,-2.042661190032959
1429,5,-1.7489185333251953
1430,5,-1.7265996932983398
1431,2,-1.9869723320007324
1432,5,-1.715712547302246
1433,5,-1.7369060516357422
1434,4,-1.820491909980774
1435,4,-1.7884961366653442
1436,3,-1.8663681745529175
1437,6,-1.6817291975021362
1438,4,-1.7969074249267578
1439,5,-1.7577279806137085
1440,3,-1.8453476428985596
1441,6,-1.6796331405639648
1442,4,-1.7988182306289673
1443,8,-1.5774147510528564
1444,7,-1.6168816089630127
1445,6,-1.6754604578018188
1446,5,-1.7005409002304077
1447,5,-1.7241888046264648
1448,4,-1.777421236038208
1449,2,-1.9256141185760498
1450,1,-1.997694969177246
1451,4,-1.7995637655258179
1452,1,-2.0083699226379395
1453,1,-1.9918054342269897
1454,3,-1.8777978420257568
1455,6,-1.643998146057129
1456,3,-1.849410057067871
1457,3,-1.8441615104675293
1458,4,-1.8018856048583984
1459,4,-1.7758533954620361
1460,5,-1.7338061332702637
1461,4,-1.793889045715332
1462,1,-2.021129608154297
1463,2,-1.912597894668579
1464,3,-1.8483514785766602
1465,1,-2.013073682785034
1466,1,-2.0041027069091797
1467,1,-2.0170137882232666
1468,4,-1.8086962699890137
1469,3,-1.8680298328399658
1470,3,-1.840163230895996
1471,3,-1.848785638809204
1472,4,-1.804692268371582
1473,4,-1.7956793308258057
1474,5,-1.725019931793213
1475,3,-1.88218092918396
1476,2,-1.9506112337112427
1477,5,-1.732621669769287
1478,4,-1.7750574350357056
1479,1,-1.9996731281280518
1480,3,-1.8443182706832886
1481,5,-1.707653522491455
1482,3,-1.8810391426086426
1483,4,-1.7899384498596191
1484,4,-1.7871720790863037
1485,5,-1.709931492805481
1486,2,-1.9837796688079834
1487,4,-1.7743473052978516
1488,2,-1.988263726234436
1489,1,-2.0666000843048096
1490,3,-1.8846427202224731
1491,4,-1.800960898399353
1492,1,-2.0119903087615967
1493,3,-1.837052345275879
1494,2,-1.9158940315246582
1495,5,-1.7183325290679932
1496,4,-1.7678308486938477
1497,4,-1.7989215850830078
1498,5,-1.7216212749481201
1499,6,-1.6663669347763062
1500,5,-1.7534757852554321
1501,5,-1.739689588546753
1502,4,-1.7853293418884277
1503,2,-1.9880638122558594
1504,6,-1.6768049001693726
1505,7,-1.6218887567520142
1506,6,-1.664566159248352
1507,2,-1.953199028968811
1508,1,-1.999957799911499
1509,1,-2.0048835277557373
1510,1,-1.9897679090499878
1511,1,-2.0145013332366943
1512,5,-1.7149362564086914
1513,6,-1.686914086341858
1514,7,-1.5988132953643799
1515,6,-1.6477961540222168
1516,4,-1.8086055517196655
1517,1,-2.015733242034912
1518,1,-2.04156231880188
1519,6,-1.6920419931411743
1520,3,-1.8390889167785645
1521,1,-2.0256307125091553
1522,3,-1.848127841949463
1523,2,-1.9621374607086182
1524,8,-1.543764591217041
1525,3,-1.8589801788330078
1526,1,-2.0344655513763428
1527,5,-1.710402488708496
1528,1,-2.022829055786133
1529,5,-1.732114553451538
1530,1,-2.066103935241699
1531,6,-1.677453637123108
1532,1,-2.0187244415283203
1533,4,-1.7713851928710938
1534,6,-1.6674327850341797
1535,3,-1.8677502870559692
1536,3,-1.8559396266937256
1537,5,-1.7097668647766113
1538,3,-1.8948872089385986
1539,4,-1.82539963722229
1540,3,-1.838508129119873
1541,7,-1.60926353931427
1542,5,-1.750240445137024
1543,3,-1.8327336311340332
1544,2,-1.9471075534820557
1545,1,-1.9928593635559082
1546,6,-1.6722218990325928
1547,6,-1.653557300567627
1548,4,-1.8226821422576904
1549,5,-1.7479007244110107
1550,9,-1.4865013360977173
1551,6,-1.6771411895751953
1552,2,-1.9617916345596313
1553,2,-1.9332911968231201
1554,4,-1.777664303779602
1555,6,-1.6884808540344238
1556,2,-1.9835691452026367
1557,1,-1.9930791854858398
1558,2,-1.9597225189208984
1559,4,-1.8140771389007568
1560,1,-2.001187324523926
1561,4,-1.7708420753479004
1562,3,-1.841430902481079
1563,5,-1.7573195695877075
1564,8,-1.5421967506408691
1565,10,-1.4192759990692139
1566,5,-1.7428526878356934
1567,2,-1.9506009817123413
1568,3,-1.8567235469818115
1569,2,-1.951242208480835
1570,7,-1.591137409210205
1571,5,-1.732365369796753
1572,7,-1.6166658401489258
1573,2,-1.9704806804656982
1574,4,-1.7667216062545776
1575,2,-1.938201665878296
1576,2,-1.9535541534423828
1577,4,-1.7932804822921753
1578,2,-1.9890323877334595
1579,3,-1.8388358354568481
1580,4,-1.7793126106262207
1581,2,-1.968186378479004
1582,5,-1.7059849500656128
1583,5,-1.740767240524292
1584,6,-1.6596673727035522
1585,3,-1.8713297843933105
1586,6,-1.6440329551696777
1587,1,-2.0068631172180176
1588,6,-1.6763596534729004
1589,4,-1.795412302017212
1590,2,-1.9712518453598022
1591,6,-1.6631442308425903
1592,9,-1.5227051973342896
1593,2,-1.9376497268676758
1594,4,-1.8094760179519653
1595,1,-2.0056920051574707
1596,4,-1.804821252822876
1597,6,-1.6972984075546265
1598,5,-1.7356677055358887
1599,1,-2.017549991607666
1600,6,-1.669327974319458
1601,4,-1.7920374870300293
1602,8,-1.526401400566101
1603,5,-1.7120904922485352
1604,3,-1.8330481052398682
1605,2,-1.9554420709609985
1606,4,-1.8208177089691162
1607,5,-1.7222288846969604
1608,4,-1.7924187183380127
1609,8,-1.5644198656082153
1610,1,-2.0073890686035156
1611,6,-1.6675105094909668
1612,5,-1.7444982528686523
1613,3,-1.844285249710083
1614,4,-1.7849830389022827
1615,7,-1.6016839742660522
1616,1,-1.990415334701538
1617,5,-1.7408108711242676
1618,7,-1.6195935010910034
1619,3,-1.8806943893432617
1620,2,-1.9749189615249634
1621,7,-1.5967439413070679
1622,6,-1.677830457687378
1623,7,-1.6169540882110596
1624,5,-1.7379722595214844
1625,4,-1.8273639678955078
1626,1,-2.008890390396118
1627,5,-1.735567569732666
1628,4,-1.7910869121551514
1629,2,-1.9584689140319824
1630,4,-1.7976434230804443
1631,7,-1.5901358127593994
1632,3,-1.8887534141540527
1633,4,-1.7748194932937622
1634,4,-1.8152226209640503
1635,2,-1.9616163969039917
1636,4,-1.784536600112915
1637,7,-1.636516809463501
1638,2,-1.9528340101242065
1639,9,-1.497992753982544
1640,5,-1.705984115600586
1641,1,-2.0257182121276855
1642,2,-1.9598921537399292
1643,2,-1.9082417488098145
1644,2,-1.9139573574066162
1645,5,-1.7084245681762695
1646,2,-1.9578471183776855
1647,4,-1.780935525894165
1648,5,-1.7291474342346191
1649,2,-1.9347771406173706
1650,2,-1.9645169973373413
1651,1,-2.0354175567626953
1652,4,-1.7720086574554443
1653,5,-1.7161529064178467
1654,4,-1.8054008483886719
1655,7,-1.6331290006637573
1656,5,-1.7328547239303589
1657,4,-1.7994085550308228
1658,6,-1.6727732419967651
1659,6,-1.6428238153457642
1660,8,-1.5316025018692017
1661,5,-1.699289321899414
1662,7,-1.6053752899169922
1663,4,-1.775783658027649
1664,5,-1.754225730895996
1665,7,-1.623894214630127
1666,1,-1.9933953285217285
1667,5,-1.7014715671539307
1668,2,-1.939868688583374
1669,2,-1.9228798151016235
1670,5,-1.7182514667510986
1671,1,-2.0107662677764893
1672,5,-1.7325432300567627
1673,7,-1.6354327201843262
1674,5,-1.736264944076538
1675,4,-1.7859668731689453
1676,8,-1.5477434396743774
1677,4,-1.7800507545471191
1678,2,-1.9828084707260132
1679,8,-1.5779147148132324
1680,9,-1.489896535873413
1681,8,-1.563618540763855
1682,2,-1.911630392074585
1683,5,-1.7299795150756836
1684,2,-1.937502145767212
1685,1,-2.0203702449798584
1686,1,-1.9932503700256348
1687,4,-1.7928097248077393
1688,2,-1.9709452390670776
1689,1,-2.018125295639038
1690,4,-1.7689261436462402
1691,2,-1.9198524951934814
1692,4,-1.7669665813446045
1693,6,-1.6407270431518555
1694,8,-1.5290156602859497
1695,2,-1.9624720811843872
1696,3,-1.8468008041381836
1697,5,-1.7271175384521484
1698,6,-1.6781483888626099
1699,2,-1.9838042259216309
1700,5,-1.7036672830581665
1701,4,-1.8166275024414062
1702,2,-1.959712266921997
1703,7,-1.6173851490020752
1704,1,-1.9985271692276
1705,5,-1.7242865562438965
1706,2,-1.9587663412094116
1707,7,-1.6075279712677002
1708,2,-1.9344080686569214
1709,1,-1.996826410293579
1710,2,-1.9414607286453247
1711,2,-1.9049601554870605
1712,5,-1.7169290781021118
1713,7,-1.6326550245285034
1714,4,-1.7772657871246338
1715,5,-1.7412512302398682
1716,2,-1.9768445491790771
1717,8,-1.56549072265625
1718,6,-1.6946767568588257
1719,1,-1.996037483215332
1720,6,-1.690791368484497
1721,6,-1.6823363304138184
1722,2,-1.9659247398376465
1723,8,-1.5625584125518799
1724,10,-1.4346833229064941
1725,5,-1.7461175918579102
1726,5,-1.7606079578399658
1727,2,-1.9662851095199585
1728,6,-1.6418676376342773
1729,6,-1.6782253980636597
1730,6,-1.6536157131195068
1731,11,-1.383988618850708
1732,5,-1.7321808338165283
1733,5,-1.741471290588379
1734,2,-1.9553353786468506
1735,2,-1.9482343196868896
1736,2,-1.9421131610870361
1737,5,-1.7585899829864502
1738,3,-1.8633639812469482
1739,1,-2.0070900917053223
1740,5,-1.7247666120529175
1741,4,-1.795485258102417
1742,2,-1.9145249128341675
1743,1,-2.012392997741699
1744,8,-1.5380668640136719
1745,7,-1.6090953350067139
1746,5,-1.7213077545166016
1747,7,-1.610915184020996
1748,2,-1.9424140453338623
1749,4,-1.7905585765838623
1750,6,-1.6464567184448242
1751,6,-1.656797170639038
1752,7,-1.5945497751235962
1753,2,-1.938133716583252
1754,3,-1.8367388248443604
1755,5,-1.737403154373169
1756,5,-1.7398133277893066
1757,7,-1.588982105255127
1758,2,-1.9746534824371338
1759,4,-1.7988073825836182
1760,2,-1.971343755722046
1761,4,-1.8077545166015625
1762,2,-1.9501299858093262
1763,1,-2.0620670318603516
1764,2,-1.9224708080291748
1765,2,-1.9411613941192627
1766,3,-1.8587076663970947
1767,2,-1.9509732723236084
1768,2,-1.9622108936309814
1769,2,-1.9690546989440918
1770,1,-2.03763484954834
1771,6,-1.6899266242980957
1772,9,-1.4685442447662354
1773,8,-1.5291247367858887
1774,2,-1.966726303100586
1775,9,-1.4952207803726196
1776,1,-2.017855167388916
1777,2,-1.9407992362976074
1778,1,-1.9920976161956787
1779,1,-1.9949716329574585
1780,8,-1.5612595081329346
1781,5,-1.6992430686950684
1782,2,-1.9388078451156616
1783,5,-1.7192246913909912
1784,5,-1.7433340549468994
1785,5,-1.7603175640106201
1786,8,-1.5660297870635986
1787,5,-1.7352099418640137
1788,4,-1.781388282775879
1789,9,-1.5040481090545654
1790,5,-1.7494733333587646
1791,5,-1.7504076957702637
1792,3,-1.8388686180114746
1793,5,-1.7378764152526855
1794,4,-1.781799077987671
1795,2,-1.9464682340621948
1796,4,-1.7641198635101318
1797,2,-1.9427223205566406
1798,8,-1.5592750310897827
1799,2,-1.9053051471710205
1800,1,-2.003573417663574
1801,6,-1.6417036056518555
1802,7,-1.6057766675949097
1803,2,-1.9733099937438965
1804,4,-1.7769713401794434
1805,2,-1.9566535949707031
1806,6,-1.6903278827667236
1807,9,-1.5145028829574585
1808,1,-2.0071237087249756
1809,5,-1.750870704650879
1810,2,-1.9226102828979492
1811,5,-1.7518723011016846
1812,2,-1.916036605834961
1813,2,-1.9538836479187012
1814,2,-1.9778072834014893
1815,2,-1.9503357410430908
1816,3,-1.882847785949707
1817,2,-1.9211933612823486
1818,5,-1.746427297592163
1819,7,-1.6020126342773438
1820,2,-1.9631366729736328
1821,10,-1.4444200992584229
1822,8,-1.5667725801467896
1823,2,-1.932053804397583
1824,5,-1.7463524341583252
1825,2,-1.9527926445007324
1826,6,-1.6900136470794678
1827,1,-2.015707015991211
1828,2,-1.9559327363967896
1829,4,-1.8273520469665527
1830,12,-1.350573182106018
1831,8,-1.5560959577560425
1832,4,-1.7761402130126953
1833,5,-1.7460944652557373
1834,9,-1.4826979637145996
1835,2,-1.9251103401184082
1836,5,-1.7444984912872314
1837,2,-1.9650276899337769
1838,4,-1.8222965002059937
1839,10,-1.4371399879455566
1840,4,-1.8280024528503418
1841,2,-1.9781519174575806
1842,5,-1.7454044818878174
1843,2,-1.9235060214996338
1844,5,-1.7471702098846436
1845,3,-1.8622994422912598
1846,4,-1.7860699892044067
1847,1,-2.0061492919921875
1848,3,-1.8514583110809326
1849,5,-1.758629322052002
1850,5,-1.7111655473709106
1851,2,-1.9080567359924316
1852,7,-1.635589361190796
1853,5,-1.7404453754425049
1854,6,-1.6551554203033447
1855,2,-1.9347083568572998
1856,8,-1.5415735244750977
1857,8,-1.5316147804260254
1858,2,-1.9134639501571655
1859,2,-1.926762342453003
1860,2,-1.9383528232574463
1861,8,-1.5598994493484497
1862,9,-1.4955134391784668
1863,1,-2.0019731521606445
1864,3,-1.8913404941558838
1865,2,-1.9388880729675293
1866,6,-1.6598119735717773
1867,2,-1.9361790418624878
1868,2,-1.971106767654419
1869,2,-1.935957431793213
1870,2,-1.9580625295639038
1871,3,-1.8391506671905518
1872,2,-1.9118754863739014
1873,5,-1.7379302978515625
1874,5,-1.7261420488357544
1875,4,-1.8040356636047363
1876,5,-1.7534199953079224
1877,7,-1.6119256019592285
1878,2,-1.917140007019043
1879,2,-1.9754612445831299
1880,2,-1.9357011318206787
1881,6,-1.6668415069580078
1882,2,-1.9438176155090332
1883,6,-1.6789828538894653
1884,5,-1.7521488666534424
1885,6,-1.642984390258789
1886,7,-1.6321837902069092
1887,4,-1.8166645765304565
1888,2,-1.9820959568023682
1889,1,-2.0456697940826416
1890,2,-1.9251039028167725
1891,7,-1.603939175605774
1892,8,-1.5809056758880615
1893,5,-1.7054243087768555
1894,4,-1.8153870105743408
1895,4,-1.7729723453521729
1896,5,-1.7134699821472168
1897,5,-1.726020097732544
1898,6,-1.692495346069336
1899,1,-2.0269546508789062
1900,5,-1.744019865989685
1901,2,-1.9880702495574951
1902,4,-1.7862039804458618
1903,7,-1.5907039642333984
1904,6,-1.645743727684021
1905,2,-1.9594544172286987
1906,3,-1.9009922742843628
1907,6,-1.6492743492126465
1908,2,-1.9486055374145508
1909,8,-1.5799680948257446
1910,2,-1.9465577602386475
1911,2,-1.9263408184051514
1912,2,-1.9451372623443604
1913,3,-1.8442983627319336
1914,5,-1.7422289848327637
1915,9,-1.4848860502243042
1916,7,-1.597787618637085
1917,2,-1.953680157661438
1918,1,-2.011687755584717
1919,1,-2.0231308937072754
1920,6,-1.6721675395965576
1921,8,-1.5730023384094238
1922,5,-1.7566008567810059
1923,8,-1.5357091426849365
1924,6,-1.6523735523223877
1925,2,-1.929325819015503
1926,6,-1.6752086877822876
1927,5,-1.7427059412002563
1928,9,-1.4844311475753784
1929,1,-2.044037342071533
1930,2,-1.9700233936309814
1931,7,-1.6316401958465576
1932,5,-1.7131872177124023
1933,9,-1.5133044719696045
1934,10,-1.4474472999572754
1935,2,-1.9559231996536255
1936,2,-1.9106824398040771
1937,2,-1.939340353012085
1938,6,-1.6891510486602783
1939,6,-1.667373776435852
1940,6,-1.6692107915878296
1941,2,-1.92940354347229
1942,6,-1.680830955505371
1943,2,-1.9526636600494385
1944,2,-1.9224917888641357
1945,1,-1.9977952241897583
1946,7,-1.6358642578125
1947,5,-1.7416232824325562
1948,2,-1.9351541996002197
1949,5,-1.7080084085464478
1950,6,-1.6834921836853027
1951,2,-1.9232063293457031
1952,8,-1.5316426753997803
1953,2,-1.9455106258392334
1954,7,-1.6272063255310059
1955,2,-1.9157747030258179
1956,2,-1.958716869354248
1957,11,-1.4028829336166382
1958,2,-1.9573137760162354
1959,4,-1.785503625869751
1960,3,-1.903685212135315
1961,2,-1.9186949729919434
1962,3,-1.9011610746383667
1963,2,-1.920445442199707
1964,5,-1.7056910991668701
1965,2,-1.9148979187011719
1966,4,-1.7784013748168945
1967,7,-1.5918816328048706
1968,2,-1.9397344589233398
1969,2,-1.940256118774414
1970,7,-1.633847713470459
1971,7,-1.6336287260055542
1972,2,-1.9218449592590332
1973,8,-1.5300955772399902
1974,3,-1.8784456253051758
1975,4,-1.791980266571045
1976,7,-1.6339085102081299
1977,5,-1.7564637660980225
1978,2,-1.932288408279419
1979,5,-1.7549505233764648
1980,7,-1.6384671926498413
1981,1,-2.0370070934295654
1982,3,-1.855879306793213
1983,5,-1.7012953758239746
1984,2,-1.9466694593429565
1985,6,-1.6413987874984741
1986,2,-1.975592017173767
1987,2,-1.9341260194778442
1988,5,-1.743924617767334
1989,2,-1.9736320972442627
1990,7,-1.5834717750549316
1991,5,-1.7395099401474
1992,10,-1.4342012405395508
1993,3,-1.8966679573059082
1994,7,-1.6112369298934937
1995,4,-1.7796993255615234
1996,2,-1.9242843389511108
1997,2,-1.9082107543945312
1998,2,-1.9041733741760254
1999,8,-1.5262856483459473
2000,6,-1.6452656984329224
2001,2,-1.936436414718628
2002,2,-1.9378420114517212
2003,4,-1.776331901550293
2004,5,-1.7297351360321045
2005,6,-1.6552202701568604
2006,3,-1.894108533859253
2007,5,-1.7392935752868652
2008,6,-1.6573683023452759
2009,2,-1.9042292833328247
2010,10,-1.4579962491989136
2011,9,-1.4974586963653564
2012,6,-1.6541054248809814
2013,7,-1.6351914405822754
2014,3,-1.8662261962890625
2015,7,-1.5989222526550293
2016,2,-1.9362285137176514
2017,9,-1.4769006967544556
2018,11,-1.3985543251037598
2019,1,-2.017516613006592
2020,6,-1.6754913330078125
2021,3,-1.8565051555633545
2022,3,-1.8747771978378296
2023,2,-1.9667526483535767
2024,6,-1.6531720161437988
2025,3,-1.861583948135376
2026,3,-1.8658123016357422
2027,4,-1.799295425415039
2028,5,-1.760124683380127
2029,12,-1.3007267713546753
2030,6,-1.6567249298095703
2031,3,-1.8714027404785156
2032,3,-1.8854596614837646
2033,4,-1.7647608518600464
2034,3,-1.8963124752044678
2035,8,-1.5812418460845947
2036,2,-1.9155917167663574
2037,9,-1.5122318267822266
2038,7,-1.609531044960022
2039,14,-1.2406196594238281
2040,4,-1.7720837593078613
2041,3,-1.8810288906097412
2042,5,-1.7376916408538818
2043,2,-1.916684627532959
2044,3,-1.8664636611938477
2045,2,-1.9573665857315063
2046,1,-2.007211685180664
2047,3,-1.8550870418548584
2048,6,-1.6421353816986084
2049,9,-1.5084443092346191
2050,7,-1.591651439666748
2051,3,-1.8611087799072266
2052,3,-1.9012887477874756
2053,3,-1.8618245124816895
2054,4,-1.7882566452026367
2055,5,-1.7108789682388306
2056,8,-1.5548763275146484
2057,3,-1.9025568962097168
2058,2,-1.908881425857544
2059,7,-1.601004719734192
2060,6,-1.68293297290802
2061,1,-1.994334101676941
2062,6,-1.6401724815368652
2063,3,-1.8488842248916626
2064,2,-1.946631908416748
2065,3,-1.8923882246017456
2066,2,-1.9061074256896973
2067,2,-1.9545109272003174
2068,6,-1.6732343435287476
2069,3,-1.8428959846496582
2070,5,-1.7282360792160034
2071,2,-1.9364361763000488
2072,10,-1.4665405750274658
2073,3,-1.9035429954528809
2074,7,-1.5960907936096191
2075,7,-1.5913891792297363
2076,12,-1.3524194955825806
2077,5,-1.7279391288757324
2078,8,-1.5727031230926514
2079,7,-1.6293009519577026
2080,2,-1.9483131170272827
2081,2,-1.9831252098083496
2082,3,-1.8736047744750977
2083,3,-1.9037487506866455
2084,3,-1.8799433708190918
2085,5,-1.7132813930511475
2086,5,-1.7218340635299683
2087,3,-1.9001398086547852
2088,2,-1.9414596557617188
2089,10,-1.4568978548049927
2090,3,-1.887723445892334
2091,6,-1.696171522140503
2092,2,-1.972466230392456
2093,2,-1.9535729885101318
2094,8,-1.5612502098083496
2095,7,-1.6051552295684814
2096,3,-1.894385576248169
2097,5,-1.6987724304199219
2098,3,-1.8721375465393066
2099,9,-1.4861795902252197
2100,3,-1.8517431020736694
2101,6,-1.650407075881958
2102,7,-1.5913312435150146
2103,3,-1.8819408416748047
2104,8,-1.5502907037734985
2105,2,-1.9098429679870605
2106,1,-1.997392177581787
2107,2,-1.9273557662963867
2108,5,-1.7017828226089478
2109,10,-1.4418367147445679
2110,6,-1.6785085201263428
2111,10,-1.4678400754928589
2112,3,-1.898838758468628
2113,3,-1.8758907318115234
2114,2,-1.980309009552002
2115,3,-1.8998088836669922
2116,1,-2.0211875438690186
2117,6,-1.6862902641296387
2118,14,-1.1867204904556274
2119,1,-1.9956790208816528
2120,9,-1.4785922765731812
2121,3,-1.8840689659118652
2122,3,-1.8795878887176514
2123,10,-1.4271916151046753
2124,2,-1.956690788269043
2125,10,-1.423093557357788
2126,10,-1.4244532585144043
2127,7,-1.6075345277786255
2128,8,-1.5753278732299805
2129,2,-1.9504003524780273
2130,2,-1.9156628847122192
2131,2,-1.9684903621673584
2132,1,-1.9905638694763184
2133,10,-1.4589253664016724
2134,2,-1.910478115081787
2135,3,-1.8915156126022339
2136,8,-1.5523406267166138
2137,3,-1.8731629848480225
2138,3,-1.9007885456085205
2139,6,-1.6719396114349365
2140,2,-1.9308240413665771
2141,7,-1.5887550115585327
2142,4,-1.7794685363769531
2143,10,-1.4280060529708862
2144,6,-1.646689534187317
2145,8,-1.5815861225128174
2146,1,-1.9987623691558838
2147,9,-1.5069643259048462
2148,7,-1.6241836547851562
2149,3,-1.8749642372131348
2150,5,-1.734475016593933
2151,2,-1.9662363529205322
2152,7,-1.62079918384552
2153,2,-1.9511611461639404
2154,2,-1.9700098037719727
2155,4,-1.7958576679229736
2156,5,-1.7287195920944214
2157,3,-1.8824036121368408
2158,9,-1.50460684299469
2159,13,-1.2614716291427612
2160,7,-1.608660101890564
2161,5,-1.739203929901123
2162,4,-1.8092544078826904
2163,3,-1.8400872945785522
2164,7,-1.593932867050171
2165,8,-1.5295453071594238
2166,3,-1.8805570602416992
2167,5,-1.7533526420593262
2168,8,-1.5541589260101318
2169,1,-1.9953116178512573
2170,3,-1.8755120038986206
2171,2,-1.9152946472167969
2172,2,-1.9762837886810303
2173,8,-1.574009895324707
2174,6,-1.6442005634307861
2175,7,-1.6036598682403564
2176,7,-1.6073567867279053
2177,10,-1.4494132995605469
2178,6,-1.667051911354065
2179,6,-1.6500566005706787
2180,5,-1.7185111045837402
2181,8,-1.5629723072052002
2182,9,-1.4686732292175293
2183,3,-1.8591318130493164
2184,2,-1.9037925004959106
2185,9,-1.5153253078460693
2186,7,-1.5964149236679077
2187,2,-1.9250125885009766
2188,2,-1.9277453422546387
2189,9,-1.5232516527175903
2190,2,-1.9183783531188965
2191,1,-2.0500946044921875
2192,3,-1.8511931896209717
2193,8,-1.528012990951538
2194,7,-1.6282691955566406
2195,2,-1.9052345752716064
2196,2,-1.922943115234375
2197,8,-1.57228422164917
2198,9,-1.5109272003173828
2199,3,-1.8663502931594849
2200,9,-1.4881136417388916
2201,6,-1.6856659650802612
2202,5,-1.7265033721923828
2203,6,-1.6681344509124756
2204,3,-1.8887487649917603
2205,5,-1.7231730222702026
2206,8,-1.5281744003295898
2207,3,-1.8329167366027832
2208,7,-1.6374297142028809
2209,3,-1.8558464050292969
2210,6,-1.6695548295974731
2211,4,-1.7702157497406006
2212,3,-1.8783655166625977
2213,3,-1.8824222087860107
2214,4,-1.8217146396636963
2215,3,-1.8466360569000244
2216,8,-1.5345934629440308
2217,3,-1.86018967628479
2218,2,-1.979025959968567
2219,11,-1.4024744033813477
2220,9,-1.4926689863204956
2221,3,-1.8666625022888184
2222,1,-1.9931812286376953
2223,7,-1.602937936782837
2224,6,-1.6757917404174805
2225,2,-1.922370195388794
2226,3,-1.9005365371704102
2227,3,-1.9006102085113525
2228,6,-1.6424508094787598
2229,10,-1.4411959648132324
2230,3,-1.8573458194732666
2231,11,-1.3978627920150757
2232,3,-1.84284245967865
2233,3,-1.8707497119903564
2234,5,-1.704066514968872
2235,3,-1.8931245803833008
2236,12,-1.3439785242080688
2237,3,-1.8969335556030273
2238,12,-1.31559419631958
2239,4,-1.811121940612793
2240,6,-1.6937717199325562
2241,3,-1.8821778297424316
2242,8,-1.533016562461853
2243,3,-1.880549669265747
2244,4,-1.8006060123443604
2245,3,-1.8803411722183228
2246,7,-1.615393877029419
2247,10,-1.4627846479415894
2248,3,-1.8553087711334229
2249,5,-1.6991002559661865
2250,7,-1.593160629272461
2251,2,-1.9178717136383057
2252,3,-1.862295389175415
2253,3,-1.8892672061920166
2254,7,-1.6367347240447998
2255,7,-1.6382434368133545
2256,2,-1.9081467390060425
2257,5,-1.7517797946929932
2258,3,-1.8968479633331299
2259,2,-1.9853500127792358
2260,5,-1.7020866870880127
2261,2,-1.9169740676879883
2262,3,-1.8910820484161377
2263,3,-1.8911654949188232
2264,6,-1.6397509574890137
2265,6,-1.6412404775619507
2266,2,-1.9191498756408691
2267,6,-1.6892589330673218
2268,3,-1.8594566583633423
2269,3,-1.8552672863006592
2270,8,-1.564895749092102
2271,9,-1.4710114002227783
2272,5,-1.7212066650390625
2273,9,-1.509879231452942
2274,1,-2.007869005203247
2275,2,-1.9335944652557373
2276,5,-1.7167856693267822
2277,5,-1.7377254962921143
2278,3,-1.867468237876892
2279,2,-1.9681732654571533
2280,9,-1.502198338508606
2281,2,-1.9325730800628662
2282,2,-1.986067533493042
2283,2,-1.9057269096374512
2284,8,-1.566413164138794
2285,2,-1.9394490718841553
2286,3,-1.9017329216003418
2287,7,-1.6012741327285767
2288,7,-1.6110856533050537
2289,2,-1.9446269273757935
2290,7,-1.587536334991455
2291,10,-1.4495775699615479
2292,3,-1.8494900465011597
2293,6,-1.6494219303131104
2294,3,-1.8786447048187256
2295,8,-1.5568218231201172
2296,8,-1.5401365756988525
2297,6,-1.6957314014434814
2298,2,-1.9181513786315918
2299,3,-1.8527623414993286
2300,8,-1.5715036392211914
2301,2,-1.9473772048950195
2302,6,-1.6781508922576904
2303,4,-1.789623737335205
2304,3,-1.8982625007629395
2305,8,-1.5310649871826172
2306,7,-1.6236891746520996
2307,10,-1.4478126764297485
2308,4,-1.8249971866607666
2309,3,-1.876457691192627
2310,7,-1.6249191761016846
2311,2,-1.951535701751709
2312,3,-1.8709070682525635
2313,4,-1.7852137088775635
2314,4,-1.8152451515197754
2315,3,-1.857517957687378
2316,9,-1.4730280637741089
2317,3,-1.852504849433899
2318,3,-1.8315961360931396
2319,3,-1.851947546005249
2320,2,-1.9073841571807861
2321,3,-1.8727467060089111
2322,3,-1.8621547222137451
2323,2,-1.9648184776306152
2324,6,-1.6903877258300781
2325,3,-1.8744418621063232
2326,7,-1.62773597240448
2327,6,-1.698211669921875
2328,9,-1.5070712566375732
2329,3,-1.8450926542282104
2330,2,-1.9259552955627441
2331,7,-1.5849065780639648
2332,4,-1.8023629188537598
2333,10,-1.420143723487854
2334,3,-1.8466060161590576
2335,4,-1.8212767839431763
2336,3,-1.871279001235962
2337,12,-1.3434849977493286
2338,3,-1.8854118585586548
2339,10,-1.4222406148910522
2340,7,-1.6118271350860596
2341,9,-1.4880282878875732
2342,3,-1.8624165058135986
2343,9,-1.4953892230987549
2344,4,-1.818662166595459
2345,3,-1.853223204612732
2346,3,-1.8394023180007935
2347,12,-1.3134053945541382
2348,3,-1.8924226760864258
2349,3,-1.862886667251587
2350,3,-1.865515947341919
2351,10,-1.4146305322647095
2352,2,-1.9453696012496948
2353,9,-1.475339412689209
2354,3,-1.866616129875183
2355,8,-1.573233962059021
2356,8,-1.5369958877563477
2357,3,-1.8951765298843384
2358,5,-1.7423264980316162
2359,3,-1.8454887866973877
2360,3,-1.8752074241638184
2361,3,-1.8434460163116455
2362,2,-1.9260680675506592
2363,12,-1.3394279479980469
2364,2,-1.9047508239746094
2365,7,-1.599158763885498
2366,3,-1.844435453414917
2367,3,-1.8510122299194336
2368,2,-1.9221631288528442
2369,5,-1.7325305938720703
2370,2,-1.943682312965393
2371,6,-1.6544890403747559
2372,2,-1.9130243062973022
2373,3,-1.8604223728179932
2374,3,-1.8689054250717163
2375,2,-1.9168365001678467
2376,12,-1.329544186592102
2377,5,-1.7114371061325073
2378,6,-1.6555867195129395
2379,3,-1.8639075756072998
2380,3,-1.8819005489349365
2381,8,-1.5450353622436523
2382,12,-1.3424739837646484
2383,3,-1.8423423767089844
2384,7,-1.600670576095581
2385,3,-1.8699009418487549
2386,2,-1.962392807006836
2387,11,-1.3571536540985107
2388,11,-1.4113671779632568
2389,7,-1.5907453298568726
2390,3,-1.832925796508789
2391,5,-1.7181897163391113
2392,8,-1.529517650604248
2393,2,-1.905315637588501
2394,3,-1.8421556949615479
2395,4,-1.7693815231323242
2396,7,-1.604729413986206
2397,2,-1.9409115314483643
2398,3,-1.8556588888168335
2399,2,-1.9393372535705566
2400,10,-1.4664371013641357
2401,3,-1.8465914726257324
2402,3,-1.8584082126617432
2403,3,-1.835660696029663
2404,4,-1.806673288345337
2405,2,-1.9094595909118652
2406,10,-1.420520305633545
2407,7,-1.60457444190979
2408,9,-1.4980924129486084
2409,3,-1.8713496923446655
2410,9,-1.5208630561828613
2411,4,-1.829773187637329
2412,2,-1.9188628196716309
2413,5,-1.7275573015213013
2414,12,-1.3493366241455078
2415,6,-1.639155626296997
2416,11,-1.3995797634124756
2417,10,-1.4452000856399536
2418,2,-1.908726453781128
2419,2,-1.9214725494384766
2420,4,-1.7985502481460571
2421,6,-1.6568138599395752
2422,3,-1.8424286842346191
2423,7,-1.6256431341171265
2424,7,-1.6382991075515747
2425,3,-1.8504847288131714
2426,3,-1.8853826522827148
2427,2,-1.929936170578003
2428,2,-1.9840004444122314
2429,2,-1.9891228675842285
2430,2,-1.9498932361602783
2431,5,-1.7311193943023682
2432,4,-1.7670823335647583
2433,7,-1.6050827503204346
2434,3,-1.8521379232406616
2435,3,-1.9008973836898804
2436,6,-1.6842145919799805
2437,10,-1.4403486251831055
2438,8,-1.5296339988708496
2439,3,-1.8314595222473145
2440,16,-1.0880547761917114
2441,8,-1.5758455991744995
2442,3,-1.8667864799499512
2443,8,-1.534142017364502
2444,9,-1.5066840648651123
2445,7,-1.629573106765747
2446,4,-1.7779794931411743
2447,3,-1.8777222633361816
2448,3,-1.889984369277954
2449,3,-1.8575400114059448
2450,3,-1.8627634048461914
2451,8,-1.5671813488006592
2452,7,-1.5934172868728638
2453,7,-1.5956246852874756
2454,4,-1.8260469436645508
2455,4,-1.8255908489227295
2456,3,-1.8310142755508423
2457,4,-1.8309111595153809
2458,11,-1.4025654792785645
2459,15,-1.1662026643753052
2460,9,-1.482509732246399
2461,3,-1.898753046989441
2462,1,-1.9937647581100464
2463,3,-1.895870327949524
2464,2,-1.9574780464172363
2465,5,-1.7494345903396606
2466,3,-1.8891258239746094
2467,3,-1.8532664775848389
2468,1,-2.0238633155822754
2469,3,-1.8829208612442017
2470,3,-1.869404673576355
2471,8,-1.5683521032333374
2472,5,-1.7444636821746826
2473,3,-1.8310511112213135
2474,8,-1.565688133239746
2475,4,-1.812694787979126
2476,7,-1.6293087005615234
2477,2,-1.9190847873687744
2478,3,-1.877690076828003
2479,4,-1.802396535873413
2480,12,-1.3438096046447754
2481,12,-1.349392056465149
2482,4,-1.8185813426971436
2483,7,-1.631611704826355
2484,3,-1.8398845195770264
2485,3,-1.8581464290618896
2486,8,-1.5778311491012573
2487,3,-1.836348295211792
2488,3,-1.8794770240783691
2489,2,-1.9679980278015137
2490,10,-1.4170101881027222
2491,3,-1.8776640892028809
2492,2,-1.9648773670196533
2493,6,-1.6747825145721436
2494,9,-1.498460292816162
2495,3,-1.8648072481155396
2496,2,-1.9053270816802979
2497,9,-1.4958469867706299
2498,4,-1.7817602157592773
2499,9,-1.4781142473220825
2500,7,-1.6212373971939087
2501,12,-1.3094658851623535
2502,11,-1.3999536037445068
2503,3,-1.8717472553253174
2504,8,-1.5588303804397583
2505,14,-1.2168524265289307
2506,6,-1.6524862051010132
2507,7,-1.5928807258605957
2508,10,-1.4668819904327393
2509,6,-1.685377597808838
2510,3,-1.8858425617218018
2511,4,-1.8170944452285767
2512,4,-1.7736819982528687
2513,7,-1.6072626113891602
2514,5,-1.7630852460861206
2515,6,-1.6485530138015747
2516,8,-1.57309091091156
2517,8,-1.5414093732833862
2518,3,-1.8566137552261353
2519,2,-1.9610768556594849
2520,4,-1.8145899772644043
2521,6,-1.6951682567596436
2522,3,-1.832944631576538
2523,6,-1.6449306011199951
2524,3,-1.8680248260498047
2525,3,-1.8628787994384766
2526,2,-1.9062432050704956
2527,13,-1.2992959022521973
2528,8,-1.5400335788726807
2529,4,-1.8289538621902466
2530,9,-1.4944299459457397
2531,3,-1.851318597793579
2532,1,-2.0032706260681152
2533,6,-1.6814706325531006
2534,8,-1.5761162042617798
2535,12,-1.3424689769744873
2536,3,-1.8500535488128662
2537,4,-1.7664830684661865
2538,4,-1.8298813104629517
2539,1,-1.9953426122665405
2540,9,-1.5107355117797852
2541,5,-1.756636142730713
2542,1,-2.0027284622192383
2543,13,-1.2484110593795776
2544,14,-1.1932373046875
2545,4,-1.8051073551177979
2546,5,-1.7181909084320068
2547,11,-1.3722069263458252
2548,2,-1.9225640296936035
2549,4,-1.8193974494934082
2550,4,-1.8084828853607178
2551,5,-1.7552382946014404
2552,6,-1.695312261581421
2553,7,-1.5867544412612915
2554,3,-1.8893438577651978
2555,3,-1.8767118453979492
2556,6,-1.6975798606872559
2557,4,-1.7821885347366333
2558,4,-1.824728012084961
2559,8,-1.5667744874954224
2560,4,-1.8177200555801392
2561,7,-1.583881139755249
2562,3,-1.835808277130127
2563,9,-1.504415512084961
2564,2,-1.9597727060317993
2565,3,-1.8479390144348145
2566,3,-1.8761996030807495
2567,10,-1.4315171241760254
2568,8,-1.5355725288391113
2569,10,-1.4270012378692627
2570,3,-1.842283844947815
2571,9,-1.5240223407745361
2572,4,-1.777651309967041
2573,2,-1.9294891357421875
2574,8,-1.5509147644042969
2575,3,-1.8687735795974731
2576,8,-1.5772919654846191
2577,8,-1.5788074731826782
2578,5,-1.7471544742584229
2579,4,-1.8032892942428589
2580,2,-1.9296149015426636
2581,7,-1.5836204290390015
2582,4,-1.8286579847335815
2583,8,-1.5552376508712769
2584,7,-1.6079487800598145
2585,8,-1.5682392120361328
2586,4,-1.8248590230941772
2587,11,-1.3735331296920776
2588,2,-1.9289300441741943
2589,7,-1.6261581182479858
2590,1,-1.9980677366256714
2591,7,-1.6022393703460693
2592,4,-1.8152536153793335
2593,4,-1.7660117149353027
2594,11,-1.3933796882629395
2595,6,-1.6625492572784424
2596,13,-1.2472409009933472
2597,3,-1.8773612976074219
2598,8,-1.543007493019104
2599,3,-1.8627066612243652
2600,4,-1.8104591369628906
2601,13,-1.2756880521774292
2602,11,-1.3597607612609863
2603,7,-1.6005445718765259
2604,4,-1.8216259479522705
2605,11,-1.3814798593521118
2606,2,-1.9298741817474365
2607,11,-1.4005708694458008
2608,3,-1.835176706314087
2609,11,-1.3644152879714966
2610,11,-1.3870537281036377
2611,4,-1.8205065727233887
2612,9,-1.4735244512557983
2613,3,-1.8337702751159668
2614,7,-1.584578514099121
2615,14,-1.224064588546753
2616,3,-1.8881237506866455
2617,1,-2.03792667388916
2618,15,-1.1416432857513428
2619,6,-1.68925142288208
2620,6,-1.6886000633239746
2621,2,-1.9180389642715454
2622,4,-1.773538589477539
2623,10,-1.414884328842163
2624,8,-1.546873927116394
2625,4,-1.8067116737365723
2626,4,-1.8081188201904297
2627,6,-1.6574053764343262
2628,4,-1.8037786483764648
2629,4,-1.8020281791687012
2630,3,-1.8643267154693604
2631,9,-1.470968246459961
2632,6,-1.670459270477295
2633,5,-1.73955237865448
2634,17,-1.0234313011169434
2635,5,-1.7224218845367432
2636,3,-1.9031643867492676
2637,3,-1.885033369064331
2638,6,-1.6750726699829102
2639,3,-1.8774471282958984
2640,13,-1.2648636102676392
2641,4,-1.819312334060669
2642,2,-1.9078572988510132
2643,8,-1.5476380586624146
2644,3,-1.8623950481414795
2645,7,-1.6253986358642578
2646,6,-1.6659196615219116
2647,3,-1.8616163730621338
2648,4,-1.7842004299163818
2649,17,-1.0434995889663696
2650,3,-1.8766124248504639
2651,8,-1.5467458963394165
2652,6,-1.6658885478973389
2653,4,-1.7815803289413452
2654,3,-1.8655531406402588
2655,4,-1.8216989040374756
2656,3,-1.8430489301681519
2657,3,-1.9031741619110107
2658,3,-1.8339550495147705
2659,4,-1.8302470445632935
2660,10,-1.4278204441070557
2661,2,-1.950782299041748
2662,3,-1.8321174383163452
2663,4,-1.803924322128296
2664,3,-1.844364881515503
2665,8,-1.5768239498138428
2666,9,-1.4795118570327759
2667,8,-1.5387294292449951
2668,2,-1.9117794036865234
2669,4,-1.7918047904968262
2670,7,-1.6130492687225342
2671,2,-1.9423480033874512
2672,4,-1.811742901802063
2673,2,-1.9198122024536133
2674,4,-1.8121583461761475
2675,9,-1.514978289604187
2676,2,-1.9152648448944092
2677,3,-1.8402585983276367
2678,11,-1.373816967010498
2679,3,-1.8670889139175415
2680,2,-1.9595510959625244
2681,3,-1.852675199508667
2682,14,-1.190850019454956
2683,2,-1.9770280122756958
2684,9,-1.4822015762329102
2685,2,-1.9200859069824219
2686,11,-1.388412356376648
2687,10,-1.428270697593689
2688,2,-1.9136888980865479
2689,3,-1.8615010976791382
2690,3,-1.8492621183395386
2691,3,-1.8331801891326904
2692,8,-1.552680492401123
2693,9,-1.4963414669036865
2694,11,-1.3770956993103027
2695,7,-1.6256954669952393
2696,9,-1.4941868782043457
2697,2,-1.9333231449127197
2698,11,-1.3644050359725952
2699,3,-1.8543202877044678
2700,4,-1.7831788063049316
2701,7,-1.6090922355651855
2702,2,-1.9342772960662842
2703,2,-1.926102876663208
2704,2,-1.9561254978179932
2705,5,-1.7350609302520752
2706,6,-1.6482945680618286
2707,3,-1.8979763984680176
2708,11,-1.3842432498931885
2709,9,-1.5208487510681152
2710,10,-1.423865556716919
2711,9,-1.4726619720458984
2712,7,-1.6331875324249268
2713,3,-1.8814992904663086
2714,8,-1.5780383348464966
2715,2,-1.96809983253479
2716,4,-1.790649175643921
2717,4,-1.8103643655776978
2718,8,-1.5683594942092896
2719,3,-1.8914172649383545
2720,12,-1.3221532106399536
2721,5,-1.7112071514129639
2722,3,-1.8537923097610474
2723,2,-1.9677789211273193
2724,2,-1.9367117881774902
2725,5,-1.7446248531341553
2726,3,-1.8407924175262451
2727,15,-1.167275309562683
2728,3,-1.8397122621536255
2729,6,-1.655027985572815
2730,4,-1.7989847660064697
2731,3,-1.8959697484970093
2732,3,-1.8382737636566162
2733,4,-1.8224782943725586
2734,9,-1.5025789737701416
2735,3,-1.8681869506835938
2736,9,-1.4886245727539062
2737,3,-1.8887436389923096
2738,5,-1.7116503715515137
2739,14,-1.2306791543960571
2740,3,-1.83448326587677
2741,4,-1.766387939453125
2742,13,-1.266819953918457
2743,4,-1.7940336465835571
2744,4,-1.822857141494751
2745,16,-1.1053037643432617
2746,3,-1.8433845043182373
2747,8,-1.5724678039550781
2748,2,-1.9101660251617432
2749,10,-1.4337196350097656
2750,6,-1.683274507522583
2751,2,-1.9414176940917969
2752,4,-1.7956650257110596
2753,5,-1.7172303199768066
2754,4,-1.8253414630889893
2755,2,-1.9080500602722168
2756,4,-1.8246729373931885
2757,8,-1.5553147792816162
2758,5,-1.7372989654541016
2759,4,-1.7793961763381958
2760,5,-1.7275919914245605
2761,4,-1.8200000524520874
2762,6,-1.6553637981414795
2763,3,-1.8913218975067139
2764,9,-1.5016083717346191
2765,7,-1.6183037757873535
2766,7,-1.626211166381836
2767,2,-1.9226481914520264
2768,1,-2.0103201866149902
2769,4,-1.7793304920196533
2770,2,-1.940431833267212
2771,4,-1.7909395694732666
2772,4,-1.7745609283447266
2773,6,-1.6564762592315674
2774,4,-1.83078932762146
2775,8,-1.5756864547729492
2776,3,-1.8916747570037842
2777,11,-1.395182728767395
2778,8,-1.525505781173706
2779,10,-1.4645284414291382
2780,2,-1.9506666660308838
2781,3,-1.8370572328567505
2782,2,-1.9497084617614746
2783,2,-1.934541940689087
2784,13,-1.2861002683639526
2785,8,-1.5731792449951172
2786,11,-1.3813945055007935
2787,3,-1.861100435256958
2788,7,-1.5844907760620117
2789,13,-1.2740437984466553
2790,5,-1.7587238550186157
2791,9,-1.4926371574401855
2792,3,-1.832261085510254
2793,4,-1.8065162897109985
2794,2,-1.9139370918273926
2795,5,-1.7507076263427734
2796,10,-1.4216521978378296
2797,9,-1.5131480693817139
2798,4,-1.7635002136230469
2799,2,-1.927860140800476
2800,10,-1.4329698085784912
2801,3,-1.8986051082611084
2802,4,-1.8222744464874268
2803,3,-1.8318928480148315
2804,3,-1.8565226793289185
2805,10,-1.454534649848938
2806,2,-1.9060955047607422
2807,3,-1.8446455001831055
2808,4,-1.7756272554397583
2809,4,-1.79386568069458
2810,7,-1.6163649559020996
2811,3,-1.853439211845398
2812,8,-1.5665197372436523
2813,17,-1.0500248670578003
2814,15,-1.1515920162200928
2815,8,-1.5685760974884033
2816,9,-1.4974851608276367
2817,11,-1.3634839057922363
2818,4,-1.7878341674804688
2819,7,-1.6380743980407715
2820,3,-1.8596673011779785
2821,9,-1.489940881729126
2822,4,-1.7870413064956665
2823,2,-1.9775665998458862
2824,7,-1.606675148010254
2825,6,-1.6894848346710205
2826,3,-1.8907153606414795
2827,8,-1.5658233165740967
2828,3,-1.8599122762680054
2829,11,-1.3591525554656982
2830,4,-1.7927446365356445
2831,3,-1.863083839416504
2832,7,-1.6073771715164185
2833,5,-1.699314832687378
2834,3,-1.8602842092514038
2835,9,-1.5166997909545898
2836,3,-1.8846960067749023
2837,2,-1.919020414352417
2838,3,-1.8580622673034668
2839,5,-1.745872974395752
2840,4,-1.781850814819336
2841,8,-1.5492274761199951
2842,8,-1.5320706367492676
2843,3,-1.858921766281128
2844,4,-1.7764910459518433
2845,9,-1.4754782915115356
2846,5,-1.709373950958252
2847,5,-1.7126028537750244
2848,4,-1.807273268699646
2849,14,-1.2374801635742188
2850,4,-1.7863819599151611
2851,5,-1.760653018951416
2852,7,-1.6006145477294922
2853,2,-1.9379688501358032
2854,3,-1.8350207805633545
2855,4,-1.8308498859405518
2856,4,-1.804960012435913
2857,4,-1.811415433883667
2858,4,-1.8279250860214233
2859,6,-1.6697534322738647
2860,2,-1.9329345226287842
2861,4,-1.8104634284973145
2862,3,-1.8682129383087158
2863,11,-1.3796495199203491
2864,6,-1.6820032596588135
2865,5,-1.7529218196868896
2866,4,-1.8073487281799316
2867,4,-1.794266700744629
2868,17,-1.0095643997192383
2869,6,-1.6763887405395508
2870,4,-1.793079137802124
2871,4,-1.7841529846191406
2872,13,-1.2692703008651733
2873,3,-1.8892874717712402
2874,4,-1.8214093446731567
2875,3,-1.8689193725585938
2876,2,-1.945685863494873
2877,6,-1.6970503330230713
2878,7,-1.590359091758728
2879,4,-1.8180196285247803
2880,7,-1.617140769958496
2881,8,-1.5304691791534424
2882,4,-1.8202793598175049
2883,4,-1.768235683441162
2884,9,-1.4921386241912842
2885,3,-1.8348920345306396
2886,3,-1.846461534500122
2887,9,-1.5188056230545044
2888,9,-1.482662558555603
2889,10,-1.4226672649383545
2890,4,-1.8290776014328003
2891,4,-1.7863450050354004
2892,6,-1.692237377166748
2893,3,-1.8831660747528076
2894,3,-1.8750360012054443
2895,1,-2.020439863204956
2896,13,-1.2694998979568481
2897,3,-1.8367042541503906
2898,4,-1.818659782409668
2899,8,-1.5746818780899048
2900,2,-1.9045075178146362
2901,10,-1.4619920253753662
2902,11,-1.4019209146499634
2903,3,-1.8791050910949707
2904,4,-1.7915024757385254
2905,11,-1.3823682069778442
2906,3,-1.875840663909912
2907,4,-1.772189736366272
2908,5,-1.7361334562301636
2909,10,-1.439295768737793
2910,3,-1.8368587493896484
2911,10,-1.428109884262085
2912,5,-1.7484543323516846
2913,7,-1.5995631217956543
2914,4,-1.8091771602630615
2915,8,-1.5247907638549805
2916,3,-1.835559368133545
2917,4,-1.774815320968628
2918,7,-1.6264911890029907
2919,4,-1.7785412073135376
2920,2,-1.9239614009857178
2921,5,-1.7523255348205566
2922,3,-1.8357343673706055
2923,4,-1.8251581192016602
2924,4,-1.7914001941680908
2925,4,-1.7758634090423584
2926,9,-1.4785476922988892
2927,4,-1.81727933883667
2928,3,-1.8440759181976318
2929,11,-1.40985906124115
2930,2,-1.969476580619812
2931,4,-1.7682600021362305
2932,4,-1.766197919845581
2933,6,-1.698335886001587
2934,3,-1.8672370910644531
2935,15,-1.1617850065231323
2936,13,-1.2943880558013916
2937,7,-1.59772789478302
2938,11,-1.3559138774871826
2939,3,-1.8840734958648682
2940,3,-1.8674445152282715
2941,3,-1.8485023975372314
2942,10,-1.428699016571045
2943,4,-1.8261573314666748
2944,2,-1.9299860000610352
2945,4,-1.79503333568573
2946,4,-1.7742472887039185
2947,14,-1.2297204732894897
2948,3,-1.8596044778823853
2949,11,-1.3887327909469604
2950,7,-1.6355732679367065
2951,9,-1.503588318824768
2952,3,-1.8477413654327393
2953,4,-1.812537670135498
2954,4,-1.8199105262756348
2955,14,-1.2127513885498047
2956,15,-1.1513900756835938
2957,5,-1.7524316310882568
2958,4,-1.76767897605896
2959,5,-1.7507648468017578
2960,10,-1.4450589418411255
2961,5,-1.7285702228546143
2962,6,-1.6926072835922241
2963,6,-1.684604287147522
2964,5,-1.7508771419525146
2965,3,-1.8383469581604004
2966,5,-1.7117195129394531
2967,11,-1.3859148025512695
2968,4,-1.7895903587341309
2969,5,-1.761183500289917
2970,7,-1.6156764030456543
2971,10,-1.42423677444458
2972,8,-1.5581728219985962
2973,3,-1.8417706489562988
2974,11,-1.397581934928894
2975,5,-1.757404088973999
2976,5,-1.7370176315307617
2977,4,-1.7871968746185303
2978,16,-1.071484088897705
2979,12,-1.332557201385498
2980,9,-1.4879891872406006
2981,10,-1.4474637508392334
2982,5,-1.7324926853179932
2983,5,-1.752732276916504
2984,1,-1.9925854206085205
2985,2,-1.9433295726776123
2986,5,-1.731062412261963
2987,13,-1.2553589344024658
2988,7,-1.6118643283843994
2989,5,-1.7543087005615234
2990,2,-1.9065561294555664
2991,4,-1.7828032970428467
2992,5,-1.7573726177215576
2993,9,-1.4705729484558105
2994,9,-1.513452172279358
2995,5,-1.7491087913513184
2996,2,-1.9086177349090576
2997,14,-1.2285919189453125
2998,5,-1.719947338104248
2999,4,-1.8093674182891846
3000,6,-1.6809691190719604
3001,5,-1.758208990097046
3002,10,-1.4386968612670898
3003,12,-1.3112030029296875
3004,4,-1.7871217727661133
3005,10,-1.4459959268569946
3006,4,-1.8015007972717285
3007,6,-1.6521570682525635
3008,8,-1.5460609197616577
3009,9,-1.5086543560028076
3010,2,-1.920762538909912
3011,13,-1.294230580329895
3012,4,-1.7700223922729492
3013,12,-1.3198877573013306
3014,13,-1.2937082052230835
3015,3,-1.8698718547821045
3016,5,-1.7003929615020752
3017,4,-1.8118245601654053
3018,3,-1.8594489097595215
3019,14,-1.1858333349227905
3020,4,-1.7760026454925537
3021,5,-1.738744854927063
3022,2,-1.9288952350616455
3023,5,-1.7215481996536255
3024,4,-1.778087854385376
3025,4,-1.781241536140442
3026,10,-1.4644243717193604
3027,4,-1.7961753606796265
3028,5,-1.7001875638961792
3029,2,-1.9105857610702515
3030,8,-1.5620756149291992
3031,9,-1.4925724267959595
3032,2,-1.9881885051727295
3033,5,-1.7297656536102295
3034,5,-1.7351593971252441
3035,16,-1.0955911874771118
3036,11,-1.3980299234390259
3037,4,-1.7939894199371338
3038,2,-1.929541826248169
3039,5,-1.7556567192077637
3040,16,-1.117529034614563
3041,10,-1.427276611328125
3042,11,-1.411020278930664
3043,3,-1.8753471374511719
3044,5,-1.7627309560775757
3045,4,-1.819510817527771
3046,13,-1.2753424644470215
3047,12,-1.3324347734451294
3048,11,-1.3856168985366821
3049,6,-1.6462838649749756
3050,2,-1.9139633178710938
3051,4,-1.7814655303955078
3052,4,-1.8230502605438232
3053,2,-1.9294850826263428
3054,2,-1.9401580095291138
3055,3,-1.8587515354156494
3056,5,-1.7247560024261475
3057,3,-1.8698049783706665
3058,3,-1.8418450355529785
3059,5,-1.7581560611724854
3060,4,-1.7636346817016602
3061,7,-1.5895262956619263
3062,4,-1.8023942708969116
3063,3,-1.8668107986450195
3064,10,-1.4226948022842407
3065,5,-1.720522403717041
3066,13,-1.25108802318573
3067,5,-1.7463362216949463
3068,5,-1.7158645391464233
3069,11,-1.3969537019729614
3070,4,-1.7659043073654175
3071,3,-1.8338069915771484
3072,4,-1.774172306060791
3073,2,-1.929133653640747
3074,4,-1.8135541677474976
3075,3,-1.8403735160827637
3076,8,-1.5512770414352417
3077,4,-1.8276705741882324
3078,10,-1.4154257774353027
3079,12,-1.3055020570755005
3080,11,-1.4020503759384155
3081,4,-1.7916066646575928
3082,7,-1.604148507118225
3083,4,-1.822416067123413
3084,15,-1.1377732753753662
3085,3,-1.88273286819458
3086,18,-0.935234546661377
3087,3,-1.8863496780395508
3088,16,-1.0809392929077148
3089,8,-1.5292381048202515
3090,2,-1.9409010410308838
3091,4,-1.8292791843414307
3092,4,-1.7705726623535156
3093,4,-1.764768362045288
3094,14,-1.223978042602539
3095,3,-1.8587703704833984
3096,11,-1.3931416273117065
3097,5,-1.7385271787643433
3098,12,-1.3208427429199219
3099,4,-1.8273205757141113
3100,8,-1.5788627862930298
3101,4,-1.80173921585083
3102,2,-1.9196733236312866
3103,4,-1.7853798866271973
3104,4,-1.7676358222961426
3105,5,-1.703513264656067
3106,2,-1.9253466129302979
3107,16,-1.107778787612915
3108,4,-1.792341947555542
3109,4,-1.7760088443756104
3110,4,-1.8247299194335938
3111,2,-1.9468656778335571
3112,4,-1.7835311889648438
3113,5,-1.7468798160552979
3114,5,-1.7320115566253662
3115,7,-1.6063358783721924
3116,13,-1.2693654298782349
3117,12,-1.3241047859191895
3118,10,-1.4211719036102295
3119,12,-1.319715142250061
3120,11,-1.3859350681304932
3121,6,-1.666541576385498
3122,11,-1.365715503692627
3123,4,-1.7661473751068115
3124,4,-1.7747571468353271
3125,2,-1.9676038026809692
3126,5,-1.7568845748901367
3127,4,-1.7955467700958252
3128,9,-1.513638973236084
3129,10,-1.4407124519348145
3130,8,-1.5824192762374878
3131,3,-1.890613317489624
3132,15,-1.147315502166748
3133,5,-1.6985219717025757
3134,18,-0.9543938636779785
3135,3,-1.8718841075897217
3136,4,-1.8023681640625
3137,2,-1.9233921766281128
3138,4,-1.8238507509231567
3139,5,-1.7601134777069092
3140,4,-1.8231959342956543
3141,4,-1.7649331092834473
3142,5,-1.7022521495819092
3143,10,-1.4499287605285645
3144,4,-1.772127389907837
3145,2,-1.9423383474349976
3146,5,-1.7358486652374268
3147,3,-1.8391222953796387
3148,9,-1.5192537307739258
3149,7,-1.616680383682251
3150,15,-1.1781179904937744
3151,3,-1.8889546394348145
3152,4,-1.8048498630523682
3153,15,-1.1335458755493164
3154,17,-1.0256541967391968
3155,11,-1.3648713827133179
3156,4,-1.828537940979004
3157,3,-1.8732714653015137
3158,11,-1.371113657951355
3159,5,-1.758697271347046
3160,5,-1.757709264755249
3161,3,-1.8899650573730469
3162,14,-1.2118146419525146
3163,4,-1.7732887268066406
3164,15,-1.1457431316375732
3165,4,-1.7638137340545654
3166,8,-1.5792088508605957
3167,4,-1.7803959846496582
3168,5,-1.7402803897857666
3169,4,-1.8022595643997192
3170,8,-1.5372560024261475
3171,4,-1.8172249794006348
3172,3,-1.8768091201782227
3173,4,-1.7737172842025757
3174,8,-1.5812515020370483
3175,4,-1.8040003776550293
3176,4,-1.7840288877487183
3177,5,-1.7432482242584229
3178,4,-1.7961128950119019
3179,3,-1.8414125442504883
3180,5,-1.7460978031158447
3181,8,-1.5598986148834229
3182,5,-1.7316926717758179
3183,8,-1.5380527973175049
3184,15,-1.1197528839111328
3185,10,-1.4152414798736572
3186,9,-1.483534574508667
3187,5,-1.7259209156036377
3188,8,-1.5550494194030762
3189,5,-1.7092576026916504
3190,4,-1.7825648784637451
3191,5,-1.7062724828720093
3192,3,-1.8443002700805664
3193,6,-1.6927084922790527
3194,5,-1.7397058010101318
3195,4,-1.7664235830307007
3196,7,-1.6233596801757812
3197,2,-1.97323477268219
3198,3,-1.858789086341858
3199,6,-1.6913479566574097
3200,11,-1.3805043697357178
3201,12,-1.3138012886047363
3202,6,-1.6439317464828491
3203,8,-1.535269021987915
3204,11,-1.3705897331237793
3205,5,-1.7554364204406738
3206,6,-1.6728490591049194
3207,12,-1.3073794841766357
3208,3,-1.8931686878204346
3209,6,-1.6944912672042847
3210,19,-0.8332052230834961
3211,5,-1.7229108810424805
3212,5,-1.751236915588379
3213,10,-1.424256682395935
3214,5,-1.7365672588348389
3215,5,-1.7208256721496582
3216,5,-1.721703290939331
3217,3,-1.8508524894714355
3218,14,-1.2234801054000854
3219,8,-1.5347093343734741
3220,9,-1.4824073314666748
3221,11,-1.4098774194717407
3222,5,-1.710587501525879
3223,11,-1.382534146308899
3224,2,-1.9658005237579346
3225,3,-1.8416028022766113
3226,5,-1.7602787017822266
3227,10,-1.4478338956832886
3228,9,-1.4850012063980103
3229,2,-1.9368488788604736
3230,10,-1.4357396364212036
3231,6,-1.6797199249267578
3232,4,-1.7851967811584473
3233,3,-1.838587999343872
3234,4,-1.82655930519104
3235,5,-1.7104644775390625
3236,5,-1.7346233129501343
3237,5,-1.7496265172958374
3238,9,-1.5059888362884521
3239,4,-1.8002476692199707
3240,5,-1.7157058715820312
3241,5,-1.711085319519043
3242,5,-1.7595312595367432
3243,4,-1.8174299001693726
3244,7,-1.6018149852752686
3245,4,-1.8286569118499756
3246,4,-1.81686532497406
3247,13,-1.2622147798538208
3248,5,-1.7611455917358398
3249,5,-1.723088264465332
3250,4,-1.7902716398239136
3251,5,-1.7078330516815186
3252,5,-1.709437370300293
3253,5,-1.7498211860656738
3254,5,-1.708359718322754
3255,10,-1.4508470296859741
3256,9,-1.5130045413970947
3257,5,-1.7604711055755615
3258,9,-1.5065805912017822
3259,4,-1.7710403203964233
3260,14,-1.2394074201583862
3261,5,-1.7076457738876343
3262,3,-1.893094539642334
3263,10,-1.448096752166748
3264,3,-1.8434401750564575
3265,11,-1.40940260887146
3266,10,-1.4498757123947144
3267,10,-1.4435615539550781
3268,14,-1.1929272413253784
3269,4,-1.8084789514541626
3270,4,-1.7950177192687988
3271,4,-1.7942651510238647
3272,3,-1.8544925451278687
3273,12,-1.3150033950805664
3274,4,-1.8290112018585205
3275,9,-1.4823741912841797
3276,6,-1.69581139087677
3277,9,-1.4878478050231934
3278,4,-1.813848853111267
3279,6,-1.6732128858566284
3280,4,-1.81113862991333
3281,7,-1.616762399673462
3282,5,-1.7503602504730225
3283,3,-1.892690658569336
3284,10,-1.4365590810775757
3285,6,-1.6894938945770264
3286,4,-1.7956438064575195
3287,4,-1.820840835571289
3288,5,-1.7494111061096191
3289,11,-1.404486894607544
3290,5,-1.7614116668701172
3291,11,-1.408064603805542
3292,3,-1.878488302230835
3293,9,-1.5176650285720825
3294,12,-1.304173469543457
3295,12,-1.3476645946502686
3296,3,-1.8541269302368164
3297,7,-1.6092157363891602
3298,4,-1.7913161516189575
3299,8,-1.5723614692687988
3300,5,-1.7555172443389893
3301,5,-1.7498546838760376
3302,9,-1.5051621198654175
3303,3,-1.8898906707763672
3304,4,-1.7706642150878906
3305,13,-1.2678096294403076
3306,5,-1.7400671243667603
3307,4,-1.7731857299804688
3308,5,-1.7254571914672852
3309,5,-1.7321720123291016
3310,5,-1.7369422912597656
3311,5,-1.7018086910247803
3312,5,-1.715414047241211
3313,5,-1.7423768043518066
3314,5,-1.7518038749694824
3315,6,-1.686834692955017
3316,3,-1.8435323238372803
3317,5,-1.7519800662994385
3318,14,-1.1999337673187256
3319,15,-1.15703547000885
3320,4,-1.7932913303375244
3321,5,-1.7307076454162598
3322,8,-1.5320459604263306
3323,3,-1.8650654554367065
3324,18,-0.9588523507118225
3325,3,-1.8468586206436157
3326,4,-1.7699819803237915
3327,5,-1.7142226696014404
3328,14,-1.2062124013900757
3329,6,-1.698115348815918
3330,5,-1.7486467361450195
3331,2,-1.9194977283477783
3332,3,-1.8347092866897583
3333,11,-1.3701249361038208
3334,5,-1.720444679260254
3335,2,-1.9080209732055664
3336,13,-1.2586218118667603
3337,10,-1.4412527084350586
3338,5,-1.7115905284881592
3339,3,-1.8844201564788818
3340,5,-1.7417263984680176
3341,4,-1.8060181140899658
3342,15,-1.1598234176635742
3343,6,-1.6802765130996704
3344,3,-1.8378047943115234
3345,11,-1.383677363395691
3346,5,-1.7036471366882324
3347,6,-1.6730711460113525
3348,13,-1.2518311738967896
3349,5,-1.7031524181365967
3350,5,-1.7299373149871826
3351,12,-1.3411368131637573
3352,10,-1.4159259796142578
3353,4,-1.82755446434021
3354,6,-1.6915637254714966
3355,3,-1.882698893547058
3356,1,-1.993599772453308
3357,5,-1.7618062496185303
3358,5,-1.749859094619751
3359,12,-1.3155819177627563
3360,4,-1.8129727840423584
3361,9,-1.4835193157196045
3362,10,-1.4467062950134277
3363,12,-1.3210029602050781
3364,4,-1.7990474700927734
3365,3,-1.841998815536499
3366,6,-1.6686410903930664
3367,4,-1.790757417678833
3368,6,-1.6889071464538574
3369,5,-1.7126636505126953
3370,17,-1.0306684970855713
3371,4,-1.769962191581726
3372,13,-1.2714223861694336
3373,6,-1.6796815395355225
3374,5,-1.705351710319519
3375,4,-1.7690002918243408
3376,4,-1.7683076858520508
3377,3,-1.8518409729003906
3378,6,-1.683173656463623
3379,10,-1.4222840070724487
3380,5,-1.7067875862121582
3381,4,-1.8239558935165405
3382,3,-1.8677610158920288
3383,6,-1.639089584350586
3384,15,-1.1610738039016724
3385,4,-1.7855618000030518
3386,6,-1.655423879623413
3387,5,-1.7325255870819092
3388,3,-1.8610378503799438
3389,6,-1.6421160697937012
3390,3,-1.8509845733642578
3391,4,-1.7730697393417358
3392,4,-1.807264804840088
3393,4,-1.8076131343841553
3394,6,-1.6928606033325195
3395,4,-1.7811439037322998
3396,8,-1.5443261861801147
3397,5,-1.7005035877227783
3398,5,-1.713785171508789
3399,10,-1.4558899402618408
3400,3,-1.832194447517395
3401,5,-1.7555179595947266
3402,3,-1.8480631113052368
3403,6,-1.6738862991333008
3404,9,-1.4911565780639648
3405,5,-1.7445318698883057
3406,5,-1.7114518880844116
3407,4,-1.774010181427002
3408,4,-1.8125501871109009
3409,11,-1.3673064708709717
3410,14,-1.199897289276123
3411,10,-1.4288508892059326
3412,8,-1.5249838829040527
3413,5,-1.716550588607788
3414,3,-1.871568202972412
3415,15,-1.1523422002792358
3416,3,-1.8588974475860596
3417,6,-1.6921874284744263
3418,6,-1.6686315536499023
3419,3,-1.8774113655090332
3420,4,-1.8075441122055054
3421,16,-1.112534761428833
3422,5,-1.729555606842041
3423,12,-1.310730218887329
3424,10,-1.450853943824768
3425,6,-1.686496376991272
3426,5,-1.7014453411102295
3427,4,-1.7826511859893799
3428,15,-1.1419813632965088
3429,5,-1.7259145975112915
3430,4,-1.7748737335205078
3431,5,-1.7147421836853027
3432,4,-1.8156764507293701
3433,3,-1.8668694496154785
3434,4,-1.7656974792480469
3435,13,-1.242898941040039
3436,6,-1.6794540882110596
3437,6,-1.6843023300170898
3438,5,-1.7199513912200928
3439,11,-1.398970127105713
3440,3,-1.8916127681732178
3441,4,-1.78694486618042
3442,3,-1.8512046337127686
3443,4,-1.7859691381454468
3444,4,-1.8053257465362549
3445,6,-1.6722065210342407
3446,5,-1.7056745290756226
3447,6,-1.6808217763900757
3448,5,-1.704036831855774
3449,3,-1.8908512592315674
3450,7,-1.6280078887939453
3451,12,-1.304958462715149
3452,9,-1.476600170135498
3453,4,-1.7863178253173828
3454,5,-1.7099378108978271
3455,4,-1.7928180694580078
3456,4,-1.7937564849853516
3457,4,-1.7759203910827637
3458,15,-1.1368111371994019
3459,6,-1.6402173042297363
3460,5,-1.7250853776931763
3461,11,-1.3864872455596924
3462,4,-1.7805747985839844
3463,9,-1.505035161972046
3464,6,-1.6781398057937622
3465,6,-1.6901015043258667
3466,5,-1.7266346216201782
3467,5,-1.7284752130508423
3468,6,-1.675443172454834
3469,5,-1.7404682636260986
3470,10,-1.4490954875946045
3471,5,-1.7173947095870972
3472,11,-1.3637112379074097
3473,14,-1.18077552318573
3474,4,-1.7794153690338135
3475,17,-1.0472081899642944
3476,8,-1.5440928936004639
3477,4,-1.8066719770431519
3478,3,-1.8801424503326416
3479,15,-1.1629981994628906
3480,5,-1.7434561252593994
3481,2,-1.9826595783233643
3482,4,-1.7688395977020264
3483,13,-1.2604024410247803
3484,7,-1.6164379119873047
3485,12,-1.3377985954284668
3486,6,-1.6824041604995728
3487,4,-1.8055840730667114
3488,5,-1.704460620880127
3489,11,-1.3975920677185059
3490,3,-1.8315844535827637
3491,5,-1.7225207090377808
3492,6,-1.6916518211364746
3493,7,-1.6247762441635132
3494,10,-1.4318143129348755
3495,5,-1.756837248802185
3496,5,-1.7549560070037842
3497,4,-1.7839024066925049
3498,5,-1.7603799104690552
3499,12,-1.3028630018234253
3500,13,-1.2441978454589844
3501,4,-1.8271527290344238
3502,16,-1.095729947090149
3503,14,-1.1961172819137573
3504,3,-1.8930121660232544
3505,4,-1.7826623916625977
3506,10,-1.418116569519043
3507,4,-1.812286376953125
3508,6,-1.6877658367156982
3509,4,-1.7652359008789062
3510,3,-1.8789960145950317
3511,12,-1.3549679517745972
3512,17,-1.0113555192947388
3513,5,-1.7584559917449951
3514,13,-1.276496410369873
3515,6,-1.6886025667190552
3516,20,-0.8302087783813477
3517,5,-1.7584929466247559
3518,3,-1.865024447441101
3519,5,-1.711963176727295
3520,13,-1.2457232475280762
3521,6,-1.6573463678359985
3522,10,-1.448772668838501
3523,6,-1.6666507720947266
3524,7,-1.634660005569458
3525,4,-1.7746410369873047
3526,3,-1.8502036333084106
3527,3,-1.8484652042388916
3528,6,-1.6408084630966187
3529,5,-1.7189476490020752
3530,10,-1.432892918586731
3531,12,-1.3433387279510498
3532,6,-1.6421680450439453
3533,5,-1.7615506649017334
3534,6,-1.6614761352539062
3535,6,-1.6942405700683594
3536,3,-1.8693146705627441
3537,3,-1.8701679706573486
3538,9,-1.5059239864349365
3539,5,-1.7362990379333496
3540,5,-1.712337851524353
3541,3,-1.9031870365142822
3542,6,-1.639743685722351
3543,4,-1.798637866973877
3544,3,-1.8509260416030884
3545,6,-1.668738842010498
3546,16,-1.0779047012329102
3547,15,-1.1211694478988647
3548,4,-1.8025248050689697
3549,5,-1.763171911239624
3550,11,-1.4015146493911743
3551,3,-1.8909367322921753
3552,4,-1.7772815227508545
3553,4,-1.827885627746582
3554,3,-1.9025527238845825
3555,6,-1.6965808868408203
3556,5,-1.7421586513519287
3557,17,-1.0443313121795654
3558,9,-1.4834575653076172
3559,5,-1.7583571672439575
3560,7,-1.584442138671875
3561,3,-1.844545602798462
3562,4,-1.7709606885910034
3563,15,-1.1350171566009521
3564,4,-1.7763948440551758
3565,6,-1.6846109628677368
3566,4,-1.797534704208374
3567,17,-1.033905029296875
3568,11,-1.3995393514633179
3569,6,-1.6774990558624268
3570,9,-1.487476110458374
3571,7,-1.5836290121078491
3572,4,-1.7854539155960083
3573,10,-1.4638984203338623
3574,5,-1.7279994487762451
3575,14,-1.2372124195098877
3576,6,-1.6667009592056274
3577,12,-1.3452540636062622
3578,7,-1.6372625827789307
3579,3,-1.8365880250930786
3580,4,-1.8285943269729614
3581,10,-1.4149351119995117
3582,5,-1.7547578811645508
3583,3,-1.9000271558761597
3584,3,-1.8809196949005127
3585,6,-1.6431143283843994
3586,6,-1.6725444793701172
3587,3,-1.8386523723602295
3588,15,-1.1584311723709106
3589,4,-1.7705905437469482
3590,5,-1.7397533655166626
3591,5,-1.735733151435852
3592,9,-1.5228517055511475
3593,13,-1.272904396057129
3594,4,-1.798769474029541
3595,5,-1.7222599983215332
3596,15,-1.1670061349868774
3597,6,-1.6435328722000122
3598,3,-1.8940784931182861
3599,5,-1.7500327825546265
3600,3,-1.8642783164978027
3601,6,-1.6968293190002441
3602,3,-1.8382909297943115
3603,9,-1.5064194202423096
3604,4,-1.7696478366851807
3605,11,-1.3912099599838257
3606,4,-1.7861840724945068
3607,5,-1.7301270961761475
3608,6,-1.6550242900848389
3609,5,-1.7391650676727295
3610,7,-1.618449330329895
3611,5,-1.756594181060791
3612,11,-1.3655250072479248
3613,6,-1.6473629474639893
3614,7,-1.6215654611587524
3615,2,-1.9462727308273315
3616,6,-1.6733903884887695
3617,5,-1.6986083984375
3618,2,-1.9685578346252441
3619,6,-1.6966145038604736
3620,6,-1.693992257118225
3621,13,-1.245100975036621
3622,6,-1.6854445934295654
3623,19,-0.8475262522697449
3624,11,-1.3937534093856812
3625,4,-1.8044406175613403
3626,5,-1.7063875198364258
3627,3,-1.8856841325759888
3628,6,-1.6832520961761475
3629,6,-1.6482517719268799
3630,12,-1.3533040285110474
3631,6,-1.6724958419799805
3632,6,-1.655361294746399
3633,3,-1.835876226425171
3634,4,-1.7661107778549194
3635,3,-1.8887877464294434
3636,3,-1.8335343599319458
3637,6,-1.6607365608215332
3638,16,-1.0954058170318604
3639,3,-1.8391921520233154
3640,10,-1.4150713682174683
3641,6,-1.661298155784607
3642,7,-1.5972939729690552
3643,14,-1.239121675491333
3644,3,-1.8972582817077637
3645,5,-1.7621604204177856
3646,6,-1.6780931949615479
3647,4,-1.808351755142212
3648,13,-1.2787728309631348
3649,14,-1.1929562091827393
3650,12,-1.348938226699829
3651,2,-1.951115369796753
3652,4,-1.7862493991851807
3653,8,-1.5639526844024658
3654,6,-1.656068205833435
3655,12,-1.3500418663024902
3656,2,-1.9764032363891602
3657,6,-1.6852627992630005
3658,4,-1.7988306283950806
3659,6,-1.6706016063690186
3660,7,-1.6266716718673706
3661,5,-1.7095091342926025
3662,5,-1.728624701499939
3663,6,-1.6431658267974854
3664,4,-1.7911312580108643
3665,6,-1.6858038902282715
3666,16,-1.0957013368606567
3667,4,-1.7735283374786377
3668,3,-1.8386207818984985
3669,6,-1.683333396911621
3670,3,-1.878831148147583
3671,9,-1.5143083333969116
3672,11,-1.3763796091079712
3673,6,-1.6637861728668213
3674,6,-1.6687959432601929
3675,5,-1.7310876846313477
3676,5,-1.7154994010925293
3677,4,-1.781679391860962
3678,13,-1.2863378524780273
3679,5,-1.7387464046478271
3680,6,-1.6804994344711304
3681,7,-1.6005932092666626
3682,7,-1.6365854740142822
3683,8,-1.5787525177001953
3684,5,-1.721693754196167
3685,6,-1.6922581195831299
3686,3,-1.841042399406433
3687,3,-1.833111047744751
3688,6,-1.6391026973724365
3689,2,-1.9225693941116333
3690,3,-1.8772894144058228
3691,13,-1.2518945932388306
3692,17,-0.9910440444946289
3693,6,-1.6765397787094116
3694,5,-1.717500925064087
3695,6,-1.6575695276260376
3696,4,-1.7808184623718262
3697,15,-1.1655001640319824
3698,5,-1.7506787776947021
3699,4,-1.7778337001800537
3700,6,-1.6466615200042725
3701,4,-1.798945665359497
3702,6,-1.6928268671035767
3703,5,-1.7132768630981445
3704,8,-1.559448003768921
3705,5,-1.7124789953231812
3706,6,-1.6614967584609985
3707,6,-1.6724205017089844
3708,16,-1.1143171787261963
3709,7,-1.6360816955566406
3710,19,-0.9073897004127502
3711,5,-1.7399864196777344
3712,7,-1.5875266790390015
3713,7,-1.5834746360778809
3714,3,-1.8909995555877686
3715,4,-1.8212523460388184
3716,18,-0.9618803262710571
3717,4,-1.811025857925415
3718,7,-1.6190037727355957
3719,4,-1.8247721195220947
3720,3,-1.8800185918807983
3721,8,-1.5711201429367065
3722,9,-1.4741822481155396
3723,13,-1.244797945022583
3724,11,-1.3892394304275513
3725,3,-1.865965723991394
3726,6,-1.6498578786849976
3727,13,-1.241036295890808
3728,4,-1.7979274988174438
3729,6,-1.6978672742843628
3730,11,-1.3832123279571533
3731,14,-1.2213506698608398
3732,13,-1.2720516920089722
3733,3,-1.8617842197418213
3734,5,-1.7199194431304932
3735,4,-1.7847061157226562
3736,8,-1.5768213272094727
3737,5,-1.7016708850860596
3738,8,-1.5797779560089111
3739,4,-1.8208808898925781
3740,6,-1.6791458129882812
3741,6,-1.6404147148132324
3742,10,-1.466277003288269
3743,6,-1.6848812103271484
3744,7,-1.6275169849395752
3745,15,-1.1695059537887573
3746,10,-1.466496229171753
3747,13,-1.24740469455719
3748,12,-1.335986614227295
3749,4,-1.8180584907531738
3750,5,-1.7112112045288086
3751,15,-1.1387436389923096
3752,18,-0.9500876665115356
3753,6,-1.6886347532272339
3754,5,-1.7282371520996094
3755,5,-1.7254469394683838
3756,6,-1.688081979751587
3757,11,-1.388681411743164
3758,6,-1.6596031188964844
3759,4,-1.7721071243286133
3760,15,-1.1564172506332397
3761,4,-1.7668192386627197
3762,3,-1.8831424713134766
3763,13,-1.2897205352783203
3764,15,-1.1431373357772827
3765,5,-1.731339454650879
3766,8,-1.5405137538909912
3767,15,-1.1469860076904297
3768,4,-1.796286702156067
3769,5,-1.715638518333435
3770,4,-1.774924635887146
3771,4,-1.819631814956665
3772,11,-1.354995846748352
3773,7,-1.6223949193954468
3774,14,-1.2085195779800415
3775,2,-1.9426376819610596
3776,5,-1.7234854698181152
3777,4,-1.779543399810791
3778,5,-1.7540998458862305
3779,7,-1.5989614725112915
3780,6,-1.6679775714874268
3781,7,-1.613077998161316
3782,7,-1.613359808921814
3783,16,-1.1106568574905396
3784,4,-1.8227752447128296
3785,11,-1.4051909446716309
3786,3,-1.8313496112823486
3787,7,-1.6087015867233276
3788,4,-1.786348581314087
3789,3,-1.8455290794372559
3790,3,-1.8776872158050537
3791,4,-1.8019192218780518
3792,12,-1.3492274284362793
3793,4,-1.821627140045166
3794,5,-1.7352348566055298
3795,3,-1.9027317762374878
3796,3,-1.884016752243042
3797,5,-1.7177785634994507
3798,12,-1.3206688165664673
3799,10,-1.448663353919983
3800,6,-1.6855111122131348
3801,11,-1.3618805408477783
3802,11,-1.379199743270874
3803,6,-1.6612728834152222
3804,12,-1.3495334386825562
3805,7,-1.6097489595413208
3806,6,-1.6943405866622925
3807,4,-1.8250560760498047
3808,5,-1.7600181102752686
3809,20,-0.7566582560539246
3810,6,-1.6609975099563599
3811,5,-1.7174988985061646
3812,8,-1.581490397453308
3813,5,-1.742732286453247
3814,13,-1.2782918214797974
3815,6,-1.6743667125701904
3816,4,-1.786675214767456
3817,5,-1.7384066581726074
3818,6,-1.6579844951629639
3819,11,-1.4033654928207397
3820,5,-1.7162485122680664
3821,6,-1.6573344469070435
3822,3,-1.8352136611938477
3823,6,-1.6642316579818726
3824,6,-1.65230131149292
3825,7,-1.5999606847763062
3826,7,-1.6135003566741943
3827,11,-1.3845762014389038
3828,12,-1.3095303773880005
3829,4,-1.8002827167510986
3830,10,-1.4267642498016357
3831,4,-1.8132765293121338
3832,4,-1.8105745315551758
3833,17,-1.044796347618103
3834,5,-1.7582716941833496
3835,4,-1.8044099807739258
3836,5,-1.7204804420471191
3837,5,-1.7009599208831787
3838,7,-1.6207729578018188
3839,7,-1.6053181886672974
3840,6,-1.669748067855835
3841,3,-1.843751311302185
3842,4,-1.799770712852478
3843,13,-1.2593507766723633
3844,4,-1.7699371576309204
3845,6,-1.6842894554138184
3846,3,-1.8626651763916016
3847,6,-1.6902141571044922
3848,6,-1.6465837955474854
3849,6,-1.6395312547683716
3850,3,-1.8655154705047607
3851,7,-1.6014832258224487
3852,6,-1.644229531288147
3853,6,-1.688875436782837
3854,6,-1.6442912817001343
3855,14,-1.2364647388458252
3856,4,-1.763419270515442
3857,12,-1.330771803855896
3858,15,-1.147589087486267
3859,3,-1.8658827543258667
3860,7,-1.6223719120025635
3861,14,-1.221739649772644
3862,7,-1.6185930967330933
3863,4,-1.8191593885421753
3864,6,-1.6532940864562988
3865,3,-1.8582806587219238
3866,6,-1.6452069282531738
3867,5,-1.6993598937988281
3868,3,-1.856953740119934
3869,8,-1.5447728633880615
3870,6,-1.6927769184112549
3871,20,-0.7581601142883301
3872,17,-1.051680326461792
3873,7,-1.60711669921875
3874,5,-1.750429391860962
3875,4,-1.8181428909301758
3876,6,-1.6766839027404785
3877,12,-1.3396819829940796
3878,16,-1.1045775413513184
3879,7,-1.6191269159317017
3880,7,-1.633009433746338
3881,5,-1.7480487823486328
3882,7,-1.5947036743164062
3883,4,-1.7956311702728271
3884,4,-1.818383812904358
3885,6,-1.6748301982879639
3886,6,-1.653861165046692
3887,6,-1.6427842378616333
3888,13,-1.277907133102417
3889,16,-1.075024127960205
3890,3,-1.8351129293441772
3891,4,-1.8106188774108887
3892,4,-1.810149073600769
3893,6,-1.6876795291900635
3894,4,-1.8063383102416992
3895,6,-1.6570758819580078
3896,6,-1.6420105695724487
3897,2,-1.927132487297058
3898,3,-1.8770995140075684
3899,17,-1.0251274108886719
3900,4,-1.7772941589355469
3901,6,-1.6734724044799805
3902,7,-1.5908461809158325
3903,13,-1.273148536682129
3904,6,-1.6664679050445557
3905,3,-1.8373167514801025
3906,4,-1.813664197921753
3907,4,-1.8227369785308838
3908,5,-1.743530035018921
3909,7,-1.6142749786376953
3910,4,-1.8245315551757812
3911,8,-1.5771021842956543
3912,4,-1.814021348953247
3913,7,-1.5965917110443115
3914,14,-1.1791906356811523
3915,3,-1.8447844982147217
3916,7,-1.6242799758911133
3917,8,-1.5375312566757202
3918,4,-1.7921223640441895
3919,4,-1.7705155611038208
3920,6,-1.6889009475708008
3921,7,-1.633570671081543
3922,4,-1.8056814670562744
3923,7,-1.6079877614974976
3924,22,-0.6376441121101379
3925,17,-0.9875223636627197
3926,8,-1.5757277011871338
3927,5,-1.7254136800765991
3928,11,-1.3682228326797485
3929,3,-1.8618905544281006
3930,5,-1.748062252998352
3931,6,-1.6693496704101562
3932,3,-1.8510431051254272
3933,3,-1.8380720615386963
3934,17,-1.0374724864959717
3935,5,-1.704595923423767
3936,6,-1.6615400314331055
3937,6,-1.6462942361831665
3938,11,-1.365228295326233
3939,6,-1.6402232646942139
3940,6,-1.6778978109359741
3941,6,-1.6705975532531738
3942,7,-1.6338579654693604
3943,7,-1.5950016975402832
3944,4,-1.8232364654541016
3945,4,-1.7889726161956787
3946,4,-1.7739006280899048
3947,4,-1.7647589445114136
3948,11,-1.3644332885742188
3949,2,-1.931417465209961
3950,13,-1.2668997049331665
3951,3,-1.8442782163619995
3952,6,-1.649524450302124
3953,12,-1.3014944791793823
3954,3,-1.8878611326217651
3955,15,-1.17351233959198
3956,21,-0.6747792959213257
3957,6,-1.679656744003296
3958,5,-1.7330608367919922
3959,17,-0.9914787411689758
3960,4,-1.8129594326019287
3961,8,-1.531280755996704
3962,13,-1.2444570064544678
3963,5,-1.7036926746368408
3964,4,-1.776126503944397
3965,5,-1.7268688678741455
3966,7,-1.6223994493484497
3967,5,-1.7098233699798584
3968,7,-1.6330007314682007
3969,20,-0.7540605068206787
3970,5,-1.742753505706787
3971,13,-1.29237961769104
3972,9,-1.5082985162734985
3973,18,-0.9625070691108704
3974,5,-1.7327940464019775
3975,4,-1.8014906644821167
3976,7,-1.6272163391113281
3977,6,-1.6405179500579834
3978,13,-1.2811615467071533
3979,13,-1.2631701231002808
3980,6,-1.650968313217163
3981,9,-1.4908719062805176
3982,8,-1.5541644096374512
3983,8,-1.5688903331756592
3984,19,-0.9032920598983765
3985,5,-1.747495174407959
3986,6,-1.6689820289611816
3987,4,-1.8070449829101562
3988,11,-1.363071322441101
3989,4,-1.795749306678772
3990,15,-1.1290067434310913
3991,8,-1.561597466468811
3992,12,-1.3414406776428223
3993,4,-1.8136351108551025
3994,13,-1.248946189880371
3995,13,-1.2631633281707764
3996,7,-1.6178138256072998
3997,5,-1.7594938278198242
3998,7,-1.5909513235092163
3999,17,-1.0499000549316406
4000,5,-1.7291394472122192
4001,11,-1.4029744863510132
4002,8,-1.5526173114776611
4003,7,-1.6316115856170654
4004,4,-1.8149900436401367
4005,12,-1.3440701961517334
4006,4,-1.7945888042449951
4007,6,-1.6549664735794067
4008,7,-1.6335020065307617
4009,7,-1.6087117195129395
4010,4,-1.7702072858810425
4011,8,-1.5718963146209717
4012,5,-1.7465934753417969
4013,15,-1.1585134267807007
4014,4,-1.8041765689849854
4015,20,-0.8142828941345215
4016,16,-1.0635064840316772
4017,8,-1.5700711011886597
4018,5,-1.7384834289550781
4019,4,-1.8180031776428223
4020,7,-1.5851874351501465
4021,11,-1.3692951202392578
4022,6,-1.6906477212905884
4023,4,-1.8081316947937012
4024,6,-1.656090259552002
4025,8,-1.5607701539993286
4026,5,-1.7179021835327148
4027,6,-1.6703698635101318
4028,7,-1.6255145072937012
4029,14,-1.2011321783065796
4030,8,-1.5825201272964478
4031,6,-1.6576427221298218
4032,5,-1.7489902973175049
4033,6,-1.6963284015655518
4034,9,-1.5181999206542969
4035,11,-1.3761889934539795
4036,8,-1.5287704467773438
4037,6,-1.6596593856811523
4038,8,-1.5282461643218994
4039,8,-1.5724375247955322
4040,4,-1.8048176765441895
4041,7,-1.620198369026184
4042,16,-1.0694842338562012
4043,21,-0.7141324281692505
4044,7,-1.5840529203414917
4045,4,-1.824805736541748
4046,4,-1.8221997022628784
4047,14,-1.1916275024414062
4048,6,-1.646406888961792
4049,24,-0.4040346145629883
4050,6,-1.6492466926574707
4051,5,-1.7507588863372803
4052,13,-1.257887840270996
4053,18,-0.9313373565673828
4054,6,-1.640570044517517
4055,6,-1.692781925201416
4056,6,-1.6594141721725464
4057,18,-0.9200845956802368
4058,15,-1.1776156425476074
4059,7,-1.622645378112793
4060,16,-1.0541136264801025
4061,16,-1.0632984638214111
4062,7,-1.5840784311294556
4063,13,-1.2504948377609253
4064,17,-0.992326557636261
4065,5,-1.735539197921753
4066,5,-1.7023179531097412
4067,8,-1.5795292854309082
4068,5,-1.7404056787490845
4069,11,-1.39662504196167
4070,13,-1.2627522945404053
4071,14,-1.2038023471832275
4072,8,-1.5823854207992554
4073,7,-1.610901951789856
4074,6,-1.6688199043273926
4075,16,-1.095733880996704
4076,6,-1.651052713394165
4077,8,-1.567541241645813
4078,6,-1.6586494445800781
4079,6,-1.6971989870071411
4080,5,-1.7379499673843384
4081,7,-1.62455153465271
4082,7,-1.5957831144332886
4083,6,-1.6652626991271973
4084,3,-1.8776378631591797
4085,15,-1.135206699371338
4086,5,-1.7515681982040405
4087,15,-1.1748555898666382
4088,4,-1.830108642578125
4089,3,-1.8944065570831299
4090,5,-1.6984362602233887
4091,9,-1.5196974277496338
4092,6,-1.6538045406341553
4093,15,-1.1228231191635132
4094,4,-1.7935012578964233
4095,9,-1.4750208854675293
4096,4,-1.7648558616638184
4097,17,-1.0209413766860962
4098,8,-1.5730993747711182
4099,6,-1.69697904586792
4100,17,-0.9986350536346436
4101,5,-1.7002508640289307
4102,19,-0.902830958366394
4103,4,-1.7734978199005127
4104,5,-1.7442665100097656
4105,12,-1.3140850067138672
4106,6,-1.6732531785964966
4107,7,-1.6023216247558594
4108,8,-1.5809524059295654
4109,5,-1.7586472034454346
4110,6,-1.6630640029907227
4111,7,-1.5976580381393433
4112,12,-1.3083363771438599
4113,13,-1.2450059652328491
4114,6,-1.6825629472732544
4115,19,-0.8650806546211243
4116,15,-1.1716564893722534
4117,7,-1.600673794746399
4118,8,-1.5581746101379395
4119,5,-1.7269819974899292
4120,4,-1.8016115427017212
4121,12,-1.3279733657836914
4122,10,-1.4141749143600464
4123,5,-1.7012630701065063
4124,5,-1.7243478298187256
4125,6,-1.6559361219406128
4126,5,-1.7043964862823486
4127,13,-1.2569987773895264
4128,4,-1.7658183574676514
4129,18,-0.9527041912078857
4130,6,-1.641861915588379
4131,6,-1.6551353931427002
4132,8,-1.5573616027832031
4133,10,-1.4319709539413452
4134,5,-1.707859754562378
4135,5,-1.7184975147247314
4136,6,-1.6972377300262451
4137,4,-1.7687839269638062
4138,13,-1.279991626739502
4139,6,-1.645473837852478
4140,8,-1.5329134464263916
4141,6,-1.662609338760376
4142,7,-1.6141467094421387
4143,8,-1.543876051902771
4144,20,-0.7451786994934082
4145,6,-1.6854153871536255
4146,7,-1.6303170919418335
4147,7,-1.6020474433898926
4148,11,-1.3899242877960205
4149,6,-1.6634647846221924
4150,7,-1.6327626705169678
4151,15,-1.1331937313079834
4152,9,-1.524004578590393
4153,5,-1.7311365604400635
4154,4,-1.766066551208496
4155,7,-1.5894193649291992
4156,6,-1.6453890800476074
4157,5,-1.7378228902816772
4158,6,-1.692198395729065
4159,3,-1.8434652090072632
4160,4,-1.8151142597198486
4161,6,-1.678313970565796
4162,8,-1.569393277168274
4163,13,-1.2811163663864136
4164,4,-1.8101975917816162
4165,5,-1.7432515621185303
4166,15,-1.1415624618530273
4167,6,-1.6643105745315552
4168,8,-1.5632507801055908
4169,6,-1.675697684288025
4170,4,-1.7858994007110596
4171,6,-1.6620701551437378
4172,5,-1.7275753021240234
4173,7,-1.5864472389221191
4174,12,-1.3514949083328247
4175,15,-1.1442333459854126
4176,3,-1.8330345153808594
4177,20,-0.7874982357025146
4178,7,-1.6347827911376953
4179,4,-1.7792727947235107
4180,5,-1.7493395805358887
4181,12,-1.3227651119232178
4182,4,-1.7800588607788086
4183,5,-1.7235080003738403
4184,14,-1.194685697555542
4185,5,-1.7478196620941162
4186,7,-1.586861491203308
4187,12,-1.329142451286316
4188,3,-1.867689609527588
4189,7,-1.6346584558486938
4190,8,-1.563793659210205
4191,7,-1.6209423542022705
4192,15,-1.1231374740600586
4193,6,-1.6917757987976074
4194,6,-1.6466671228408813
4195,8,-1.5758651494979858
4196,5,-1.721053123474121
4197,7,-1.6159833669662476
4198,3,-1.8526427745819092
4199,7,-1.6251425743103027
4200,16,-1.0698988437652588
4201,3,-1.837536096572876
4202,6,-1.6604713201522827
4203,3,-1.8563132286071777
4204,18,-0.9540908336639404
4205,7,-1.6001979112625122
4206,3,-1.8704289197921753
4207,4,-1.8072752952575684
4208,6,-1.68620765209198
4209,9,-1.5077569484710693
4210,5,-1.754104733467102
4211,5,-1.711477279663086
4212,11,-1.3890314102172852
4213,14,-1.2197250127792358
4214,9,-1.4785178899765015
4215,7,-1.6185486316680908
4216,7,-1.596724510192871
4217,6,-1.6927467584609985
4218,3,-1.8508262634277344
4219,11,-1.3858861923217773
4220,9,-1.5226187705993652
4221,6,-1.645251750946045
4222,14,-1.2388380765914917
4223,7,-1.6071081161499023
4224,4,-1.7739639282226562
4225,5,-1.7074167728424072
4226,6,-1.6859973669052124
4227,7,-1.614089012145996
4228,23,-0.49592798948287964
4229,4,-1.8068854808807373
4230,6,-1.6964833736419678
4231,8,-1.556816816329956
4232,6,-1.6628236770629883
4233,8,-1.563769817352295
4234,5,-1.7328400611877441
4235,5,-1.7598532438278198
4236,7,-1.5973069667816162
4237,5,-1.7216569185256958
4238,9,-1.4773406982421875
4239,4,-1.7676756381988525
4240,4,-1.766175627708435
4241,6,-1.6901054382324219
4242,4,-1.768617868423462
4243,6,-1.661302924156189
4244,15,-1.1728873252868652
4245,3,-1.8440544605255127
4246,4,-1.8287005424499512
4247,14,-1.2063239812850952
4248,6,-1.6413758993148804
4249,5,-1.7376245260238647
4250,9,-1.5222545862197876
4251,4,-1.7644762992858887
4252,10,-1.4316508769989014
4253,6,-1.690083622932434
4254,20,-0.8262397050857544
4255,7,-1.6316213607788086
4256,6,-1.6808527708053589
4257,8,-1.526312232017517
4258,9,-1.4954781532287598
4259,7,-1.5913617610931396
4260,6,-1.6419336795806885
4261,5,-1.7004210948944092
4262,6,-1.676062822341919
4263,20,-0.8013820648193359
4264,4,-1.828079104423523
4265,9,-1.5039899349212646
4266,4,-1.8065190315246582
4267,6,-1.697638750076294
4268,9,-1.5015133619308472
4269,8,-1.5531396865844727
4270,5,-1.7508759498596191
4271,9,-1.518334150314331
4272,8,-1.5685334205627441
4273,4,-1.7660841941833496
4274,7,-1.6340501308441162
4275,8,-1.5310533046722412
4276,4,-1.782693862915039
4277,5,-1.7306288480758667
4278,4,-1.8184928894042969
4279,7,-1.6029499769210815
4280,10,-1.4476789236068726
4281,3,-1.8443326950073242
4282,8,-1.5758510828018188
4283,7,-1.5828181505203247
4284,7,-1.6188100576400757
4285,7,-1.6058458089828491
4286,18,-0.9756344556808472
4287,8,-1.563551902770996
4288,6,-1.6522626876831055
4289,3,-1.8409640789031982
4290,6,-1.6737805604934692
4291,13,-1.2505524158477783
4292,6,-1.6511056423187256
4293,6,-1.6545096635818481
4294,18,-0.9255785346031189
4295,15,-1.168257236480713
4296,4,-1.8016033172607422
4297,11,-1.3935291767120361
4298,4,-1.7737014293670654
4299,7,-1.6133922338485718
4300,7,-1.6294814348220825
4301,6,-1.6662673950195312
4302,16,-1.0583871603012085
4303,5,-1.7618216276168823
4304,8,-1.5801877975463867
4305,4,-1.7894434928894043
4306,5,-1.701285481452942
4307,5,-1.7371797561645508
4308,8,-1.5629934072494507
4309,15,-1.1673007011413574
4310,9,-1.5030559301376343
4311,8,-1.5369434356689453
4312,2,-1.9226958751678467
4313,7,-1.6323761940002441
4314,4,-1.7635276317596436
4315,15,-1.155718445777893
4316,22,-0.6232613921165466
4317,5,-1.7414495944976807
4318,5,-1.7300622463226318
4319,4,-1.7930558919906616
4320,8,-1.5595378875732422
4321,11,-1.364547848701477
4322,8,-1.5801520347595215
4323,5,-1.7223308086395264
4324,3,-1.8664655685424805
4325,5,-1.7028827667236328
4326,7,-1.5971121788024902
4327,5,-1.744713544845581
4328,6,-1.6671650409698486
4329,6,-1.6954540014266968
4330,7,-1.6333041191101074
4331,6,-1.6749694347381592
4332,17,-1.0196599960327148
4333,6,-1.6579654216766357
4334,5,-1.7262446880340576
4335,16,-1.1103698015213013
4336,7,-1.5935299396514893
4337,7,-1.589970588684082
4338,12,-1.344576358795166
4339,8,-1.5819987058639526
4340,19,-0.9007524251937866
4341,8,-1.5728874206542969
4342,6,-1.6669604778289795
4343,7,-1.6326426267623901
4344,5,-1.7541502714157104
4345,4,-1.7783284187316895
4346,4,-1.8028204441070557
4347,5,-1.736739993095398
4348,4,-1.804107904434204
4349,5,-1.7411829233169556
4350,6,-1.6419122219085693
4351,4,-1.771561622619629
4352,9,-1.518324851989746
4353,5,-1.7510837316513062
4354,3,-1.8359243869781494
4355,4,-1.7793028354644775
4356,11,-1.366733193397522
4357,7,-1.6176636219024658
4358,7,-1.58827543258667
4359,6,-1.6474215984344482
4360,7,-1.6238216161727905
4361,7,-1.632578730583191
4362,4,-1.813133716583252
4363,16,-1.0664440393447876
4364,6,-1.6786596775054932
4365,6,-1.677311897277832
4366,7,-1.6070307493209839
4367,8,-1.5761170387268066
4368,6,-1.678240180015564
4369,10,-1.4662667512893677
4370,8,-1.5578227043151855
4371,4,-1.7775988578796387
4372,18,-0.9457287788391113
4373,14,-1.23222815990448
4374,7,-1.6343525648117065
4375,7,-1.6131210327148438
4376,2,-1.9060848951339722
4377,6,-1.642354965209961
4378,5,-1.7094582319259644
4379,5,-1.7157518863677979
4380,17,-0.9928948879241943
4381,4,-1.8275784254074097
4382,5,-1.7082823514938354
4383,7,-1.6139732599258423
4384,8,-1.5371519327163696
4385,7,-1.592018485069275
4386,4,-1.7899730205535889
4387,4,-1.7758822441101074
4388,8,-1.5353612899780273
4389,5,-1.7008867263793945
4390,7,-1.6160951852798462
4391,7,-1.6077589988708496
4392,8,-1.5646220445632935
4393,4,-1.7779213190078735
4394,18,-0.939887523651123
4395,10,-1.4445364475250244
4396,16,-1.0918536186218262
4397,6,-1.6586575508117676
4398,14,-1.21278715133667
4399,8,-1.551682949066162
4400,5,-1.7349443435668945
4401,5,-1.727449893951416
4402,7,-1.6301546096801758
4403,7,-1.6122612953186035
4404,9,-1.5118874311447144
4405,13,-1.2959352731704712
4406,4,-1.7847537994384766
4407,7,-1.6100330352783203
4408,10,-1.4638750553131104
4409,5,-1.7303383350372314
4410,5,-1.7496886253356934
4411,5,-1.7209641933441162
4412,7,-1.5975584983825684
4413,4,-1.7934813499450684
4414,6,-1.6663991212844849
4415,7,-1.6371320486068726
4416,4,-1.804570198059082
4417,18,-0.9103384017944336
4418,7,-1.5994139909744263
4419,7,-1.6301459074020386
4420,18,-0.9732279777526855
4421,6,-1.6614428758621216
4422,8,-1.5549795627593994
4423,17,-1.0406200885772705
4424,5,-1.7627452611923218
4425,7,-1.6012223958969116
4426,5,-1.7512578964233398
4427,5,-1.7326173782348633
4428,8,-1.5271600484848022
4429,3,-1.86976957321167
4430,19,-0.8396143913269043
4431,13,-1.2627466917037964
4432,4,-1.8245561122894287
4433,5,-1.7195981740951538
4434,7,-1.6350661516189575
4435,5,-1.7556999921798706
4436,17,-1.0276421308517456
4437,6,-1.6552153825759888
4438,7,-1.5865204334259033
4439,9,-1.5239691734313965
4440,6,-1.6688926219940186
4441,6,-1.67391836643219
4442,12,-1.330419898033142
4443,17,-0.998323917388916
4444,5,-1.7322717905044556
4445,6,-1.6584569215774536
4446,5,-1.724923014640808
4447,7,-1.6104884147644043
4448,14,-1.1811285018920898
4449,3,-1.8465105295181274
4450,21,-0.7300423383712769
4451,2,-1.9044077396392822
4452,15,-1.144128441810608
4453,21,-0.7417433261871338
4454,8,-1.56065034866333
4455,8,-1.548416018486023
4456,8,-1.5673264265060425
4457,9,-1.496074914932251
4458,6,-1.6784440279006958
4459,5,-1.7029533386230469
4460,18,-0.9586542844772339
4461,20,-0.8025910258293152
4462,7,-1.590437889099121
4463,13,-1.2675508260726929
4464,8,-1.5783593654632568
4465,4,-1.7689602375030518
4466,6,-1.6542333364486694
4467,5,-1.7038521766662598
4468,4,-1.7650952339172363
4469,4,-1.7980613708496094
4470,5,-1.7533541917800903
4471,8,-1.5608136653900146
4472,13,-1.2883646488189697
4473,7,-1.6376628875732422
4474,6,-1.643310546875
4475,5,-1.7210991382598877
4476,8,-1.536807894706726
4477,16,-1.0619677305221558
4478,13,-1.2548083066940308
4479,6,-1.6421048641204834
4480,9,-1.5202407836914062
4481,9,-1.5006345510482788
4482,9,-1.4796223640441895
4483,5,-1.7206628322601318
4484,17,-1.0336614847183228
4485,14,-1.2204397916793823
4486,4,-1.8259501457214355
4487,5,-1.7482352256774902
4488,7,-1.6295119524002075
4489,7,-1.5934112071990967
4490,9,-1.5165011882781982
4491,6,-1.641536831855774
4492,12,-1.3150993585586548
4493,8,-1.571117639541626
4494,9,-1.4809669256210327
4495,9,-1.4980067014694214
4496,4,-1.7822067737579346
4497,8,-1.5432510375976562
4498,7,-1.6230469942092896
4499,5,-1.7243956327438354
4500,3,-1.8779628276824951
4501,4,-1.7798099517822266
4502,8,-1.5494835376739502
4503,4,-1.7773890495300293
4504,8,-1.5752737522125244
4505,7,-1.6110413074493408
4506,9,-1.4758591651916504
4507,6,-1.645089030265808
4508,7,-1.63677978515625
4509,7,-1.6228570938110352
4510,4,-1.8099653720855713
4511,16,-1.0961666107177734
4512,15,-1.1391854286193848
4513,5,-1.731597900390625
4514,9,-1.521237850189209
4515,5,-1.7057539224624634
4516,10,-1.4321143627166748
4517,6,-1.6480556726455688
4518,8,-1.5700623989105225
4519,5,-1.7624620199203491
4520,15,-1.1509928703308105
4521,13,-1.2528241872787476
4522,4,-1.7807810306549072
4523,8,-1.5407496690750122
4524,7,-1.612113356590271
4525,5,-1.727673053741455
4526,8,-1.555239200592041
4527,13,-1.2716891765594482
4528,6,-1.6395447254180908
4529,8,-1.5415552854537964
4530,7,-1.5977295637130737
4531,6,-1.6404348611831665
4532,15,-1.150917887687683
4533,6,-1.6703659296035767
4534,5,-1.715919017791748
4535,21,-0.7152106761932373
4536,3,-1.8343324661254883
4537,6,-1.6409475803375244
4538,6,-1.6521708965301514
4539,8,-1.5481865406036377
4540,3,-1.843163251876831
4541,7,-1.627986192703247
4542,6,-1.6459176540374756
4543,9,-1.4799606800079346
4544,7,-1.6116437911987305
4545,6,-1.674759864807129
4546,6,-1.646486520767212
4547,7,-1.615616798400879
4548,10,-1.4217579364776611
4549,10,-1.4437625408172607
4550,6,-1.6522600650787354
4551,5,-1.7064363956451416
4552,7,-1.603450894355774
4553,7,-1.5842384099960327
4554,8,-1.5667755603790283
4555,8,-1.5296719074249268
4556,6,-1.6649384498596191
4557,5,-1.7109272480010986
4558,9,-1.4953876733779907
4559,6,-1.6421372890472412
4560,8,-1.5776281356811523
4561,19,-0.9018545150756836
4562,7,-1.6005390882492065
4563,10,-1.4472441673278809
4564,8,-1.549500823020935
4565,6,-1.6509631872177124
4566,10,-1.4507520198822021
4567,18,-0.943149209022522
4568,3,-1.8383526802062988
4569,5,-1.6989245414733887
4570,16,-1.0745943784713745
4571,7,-1.6343350410461426
4572,9,-1.477210283279419
4573,8,-1.536347508430481
4574,5,-1.6994091272354126
4575,15,-1.1602184772491455
4576,5,-1.7265174388885498
4577,4,-1.7911064624786377
4578,6,-1.6471261978149414
4579,6,-1.645664095878601
4580,9,-1.4774646759033203
4581,8,-1.5757859945297241
4582,8,-1.5774626731872559
4583,6,-1.6913180351257324
4584,10,-1.455890417098999
4585,6,-1.6559985876083374
4586,7,-1.6303297281265259
4587,3,-1.8790488243103027
4588,7,-1.6310608386993408
4589,9,-1.488289713859558
4590,16,-1.0833088159561157
4591,4,-1.7927379608154297
4592,4,-1.778367042541504
4593,10,-1.4569530487060547
4594,6,-1.6833038330078125
4595,6,-1.6949996948242188
4596,5,-1.7138044834136963
4597,11,-1.405536413192749
4598,6,-1.656060814857483
4599,7,-1.6059893369674683
4600,9,-1.5165584087371826
4601,7,-1.6101398468017578
4602,7,-1.589611291885376
4603,12,-1.3149960041046143
4604,5,-1.7246975898742676
4605,19,-0.900920033454895
4606,6,-1.6827988624572754
4607,2,-1.9545884132385254
4608,15,-1.1595185995101929
4609,15,-1.141915202140808
4610,7,-1.5843712091445923
4611,15,-1.1352591514587402
4612,9,-1.4737956523895264
4613,5,-1.7604897022247314
4614,12,-1.3343526124954224
4615,6,-1.6957505941390991
4616,5,-1.72281014919281
4617,5,-1.7013646364212036
4618,11,-1.3673900365829468
4619,4,-1.7716273069381714
4620,7,-1.6162500381469727
4621,14,-1.2115617990493774
4622,22,-0.5532954335212708
4623,13,-1.2507110834121704
4624,11,-1.3678810596466064
4625,9,-1.5164241790771484
4626,8,-1.5435638427734375
4627,7,-1.5993057489395142
4628,7,-1.5974692106246948
4629,5,-1.7268768548965454
4630,6,-1.6484582424163818
4631,5,-1.7095348834991455
4632,20,-0.7942368388175964
4633,9,-1.5024138689041138
4634,6,-1.6968363523483276
4635,5,-1.7559574842453003
4636,7,-1.6383426189422607
4637,8,-1.5733839273452759
4638,6,-1.6410834789276123
4639,20,-0.806367039680481
4640,8,-1.5703338384628296
4641,7,-1.5996265411376953
4642,6,-1.686998724937439
4643,7,-1.6324232816696167
4644,5,-1.7380954027175903
4645,7,-1.6283127069473267
4646,7,-1.5991359949111938
4647,6,-1.6552706956863403
4648,4,-1.7839668989181519
4649,7,-1.6216744184494019
4650,7,-1.5889201164245605
4651,7,-1.5970386266708374
4652,6,-1.659072756767273
4653,4,-1.8009581565856934
4654,15,-1.1432708501815796
4655,17,-1.05238938331604
4656,22,-0.5463204383850098
4657,6,-1.653978943824768
4658,19,-0.8662581443786621
4659,8,-1.5607389211654663
4660,9,-1.4710307121276855
4661,12,-1.3375728130340576
4662,9,-1.5174777507781982
4663,5,-1.7625881433486938
4664,10,-1.4210686683654785
4665,8,-1.5601863861083984
4666,4,-1.7681026458740234
4667,4,-1.8268927335739136
4668,10,-1.4677382707595825
4669,6,-1.6664388179779053
4670,8,-1.5756816864013672
4671,9,-1.5245763063430786
4672,6,-1.666504144668579
4673,4,-1.7859992980957031
4674,5,-1.706764817237854
4675,7,-1.6352503299713135
4676,7,-1.6080721616744995
4677,8,-1.5711628198623657
4678,5,-1.720889687538147
4679,4,-1.786346435546875
4680,6,-1.6918307542800903
4681,6,-1.6885517835617065
4682,7,-1.6110048294067383
4683,9,-1.5213487148284912
4684,21,-0.6929900050163269
4685,14,-1.210909128189087
4686,7,-1.586092233657837
4687,4,-1.7704899311065674
4688,5,-1.7559387683868408
4689,8,-1.5433859825134277
4690,6,-1.6752779483795166
4691,15,-1.148301362991333
4692,8,-1.5369645357131958
4693,5,-1.718183994293213
4694,6,-1.6555531024932861
4695,7,-1.6061137914657593
4696,6,-1.6854971647262573
4697,16,-1.1079721450805664
4698,5,-1.7409141063690186
4699,8,-1.5608233213424683
4700,9,-1.5198405981063843
4701,4,-1.7664844989776611
4702,10,-1.4464125633239746
4703,5,-1.7214961051940918
4704,7,-1.6149013042449951
4705,8,-1.5448110103607178
4706,4,-1.7973089218139648
4707,7,-1.5955615043640137
4708,5,-1.7632029056549072
4709,10,-1.448259949684143
4710,8,-1.5480856895446777
4711,11,-1.411860704421997
4712,16,-1.0580244064331055
4713,12,-1.3112951517105103
4714,16,-1.0783196687698364
4715,7,-1.6220028400421143
4716,7,-1.5911126136779785
4717,7,-1.602890968322754
4718,13,-1.2957037687301636
4719,4,-1.779249668121338
4720,9,-1.5184727907180786
4721,6,-1.687583565711975
4722,10,-1.4577224254608154
4723,6,-1.6741243600845337
4724,4,-1.8048709630966187
4725,10,-1.4395924806594849
4726,8,-1.5474631786346436
4727,16,-1.0889472961425781
4728,8,-1.5410065650939941
4729,8,-1.553161382675171
4730,7,-1.611598014831543
4731,5,-1.7028656005859375
4732,10,-1.4319407939910889
4733,18,-0.9537862539291382
4734,8,-1.532860279083252
4735,5,-1.7015153169631958
4736,5,-1.7067933082580566
4737,8,-1.5644915103912354
4738,6,-1.676049828529358
4739,16,-1.090011477470398
4740,9,-1.5128083229064941
4741,5,-1.7200331687927246
4742,11,-1.4092779159545898
4743,8,-1.5704362392425537
4744,6,-1.6897249221801758
4745,8,-1.52476966381073
4746,7,-1.6238658428192139
4747,8,-1.5718035697937012
4748,8,-1.5773992538452148
4749,9,-1.5235817432403564
4750,9,-1.5202780961990356
4751,17,-1.020050287246704
4752,9,-1.5113861560821533
4753,8,-1.577049970626831
4754,7,-1.6028732061386108
4755,3,-1.8562566041946411
4756,8,-1.5649579763412476
4757,19,-0.867753267288208
4758,9,-1.4850412607192993
4759,5,-1.754186749458313
4760,8,-1.554883360862732
4761,17,-1.0200892686843872
4762,19,-0.8911081552505493
4763,7,-1.589733362197876
4764,12,-1.3134541511535645
4765,7,-1.592329978942871
4766,6,-1.690025806427002
4767,8,-1.5701481103897095
4768,9,-1.5139050483703613
4769,7,-1.6242389678955078
4770,5,-1.7188338041305542
4771,7,-1.633113145828247
4772,8,-1.5281016826629639
4773,9,-1.5223650932312012
4774,8,-1.5288569927215576
4775,5,-1.7440025806427002
4776,17,-1.0277836322784424
4777,4,-1.7638795375823975
4778,23,-0.46636074781417847
4779,11,-1.4083524942398071
4780,8,-1.5445809364318848
4781,8,-1.550954818725586
4782,19,-0.8369144201278687
4783,6,-1.659156084060669
4784,22,-0.5661619305610657
4785,6,-1.65578293800354
4786,5,-1.7103968858718872
4787,10,-1.4356961250305176
4788,13,-1.2971179485321045
4789,11,-1.3966889381408691
4790,8,-1.5671875476837158
4791,19,-0.8511565923690796
4792,5,-1.731050968170166
4793,8,-1.532698154449463
4794,4,-1.7663819789886475
4795,12,-1.324977159500122
4796,5,-1.7612305879592896
4797,7,-1.6234078407287598
4798,17,-1.017444133758545
4799,5,-1.7334482669830322
4800,8,-1.5740103721618652
4801,6,-1.6693278551101685
4802,19,-0.8561076521873474
4803,7,-1.6276882886886597
4804,6,-1.6655962467193604
4805,6,-1.6429834365844727
4806,8,-1.563346266746521
4807,11,-1.4069315195083618
4808,6,-1.6482973098754883
4809,6,-1.668656826019287
4810,7,-1.5886811017990112
4811,10,-1.438651442527771
4812,11,-1.4071197509765625
4813,4,-1.8277521133422852
4814,8,-1.5681625604629517
4815,26,-0.040839195251464844
4816,3,-1.832310676574707
4817,9,-1.51639986038208
4818,6,-1.6784117221832275
4819,8,-1.5434253215789795
4820,9,-1.5183168649673462
4821,12,-1.307450771331787
4822,7,-1.6010993719100952
4823,14,-1.1789191961288452
4824,9,-1.485959529876709
4825,6,-1.689493179321289
4826,7,-1.6096644401550293
4827,5,-1.7599118947982788
4828,4,-1.783106803894043
4829,7,-1.5834312438964844
4830,22,-0.5642102360725403
4831,7,-1.6080561876296997
4832,15,-1.1572672128677368
4833,8,-1.5394304990768433
4834,22,-0.5878382921218872
4835,12,-1.333908200263977
4836,7,-1.6275526285171509
4837,8,-1.5715073347091675
4838,8,-1.5722174644470215
4839,8,-1.549428939819336
4840,9,-1.48284113407135
4841,3,-1.8804030418395996
4842,8,-1.5756173133850098
4843,12,-1.3476208448410034
4844,10,-1.4326838254928589
4845,6,-1.6655981540679932
4846,7,-1.629209041595459
4847,4,-1.771069049835205
4848,11,-1.3607139587402344
4849,7,-1.6141703128814697
4850,13,-1.2840062379837036
4851,8,-1.5478349924087524
4852,5,-1.7296857833862305
4853,6,-1.658419132232666
4854,10,-1.463991403579712
4855,7,-1.605202078819275
4856,5,-1.7265722751617432
4857,8,-1.5412179231643677
4858,4,-1.8284060955047607
4859,5,-1.7010233402252197
4860,10,-1.4540119171142578
4861,6,-1.6795521974563599
4862,9,-1.5047070980072021
4863,6,-1.6581546068191528
4864,20,-0.7912271618843079
4865,10,-1.4318300485610962
4866,5,-1.7023078203201294
4867,5,-1.7167402505874634
4868,6,-1.677673578262329
4869,8,-1.5440195798873901
4870,5,-1.7066261768341064
4871,7,-1.617181420326233
4872,4,-1.7991480827331543
4873,5,-1.7016487121582031
4874,16,-1.0764158964157104
4875,9,-1.5028448104858398
4876,4,-1.7649972438812256
4877,18,-0.9745193123817444
4878,9,-1.4802864789962769
4879,8,-1.541919231414795
4880,7,-1.6158876419067383
4881,8,-1.5505859851837158
4882,22,-0.5834102630615234
4883,5,-1.7003488540649414
4884,9,-1.5080385208129883
4885,9,-1.4806971549987793
4886,8,-1.5664238929748535
4887,9,-1.5144895315170288
4888,7,-1.5917232036590576
4889,8,-1.548468828201294
4890,5,-1.7040003538131714
4891,3,-1.8627400398254395
4892,11,-1.3954484462738037
4893,5,-1.7449901103973389
4894,7,-1.6324329376220703
4895,11,-1.366346836090088
4896,9,-1.4857776165008545
4897,5,-1.7110356092453003
4898,7,-1.5836338996887207
4899,9,-1.503645420074463
4900,6,-1.6562085151672363
4901,6,-1.6566884517669678
4902,19,-0.8665521144866943
4903,20,-0.7514992952346802
4904,5,-1.755861759185791
4905,7,-1.6128133535385132
4906,22,-0.610453188419342
4907,4,-1.779254674911499
4908,9,-1.484079122543335
4909,9,-1.501732587814331
4910,16,-1.0819422006607056
4911,9,-1.47438383102417
4912,22,-0.5564376711845398
4913,9,-1.5000441074371338
4914,24,-0.36542898416519165
4915,21,-0.7148582935333252
4916,7,-1.6212736368179321
4917,7,-1.614922285079956
4918,18,-0.9676015973091125
4919,5,-1.7374567985534668
4920,7,-1.6258645057678223
4921,7,-1.6220122575759888
4922,9,-1.47303307056427
4923,4,-1.8283116817474365
4924,5,-1.7562483549118042
4925,9,-1.4703221321105957
4926,6,-1.6713743209838867
4927,5,-1.708754539489746
4928,8,-1.5331072807312012
4929,11,-1.3676186800003052
4930,7,-1.5859122276306152
4931,18,-0.9795758128166199
4932,15,-1.1639351844787598
4933,5,-1.708266258239746
4934,5,-1.7041981220245361
4935,9,-1.4756462574005127
4936,9,-1.4959890842437744
4937,9,-1.5174914598464966
4938,21,-0.6681631803512573
4939,8,-1.5632045269012451
4940,9,-1.515146255493164
4941,5,-1.7118771076202393
4942,6,-1.6567764282226562
4943,10,-1.4296842813491821
4944,23,-0.5170394778251648
4945,9,-1.4873946905136108
4946,11,-1.395480751991272
4947,11,-1.3663537502288818
4948,5,-1.714473843574524
4949,9,-1.4888278245925903
4950,5,-1.7396886348724365
4951,9,-1.5118739604949951
4952,19,-0.8851502537727356
4953,3,-1.8671139478683472
4954,5,-1.7147464752197266
4955,23,-0.4898796081542969
4956,5,-1.715519905090332
4957,10,-1.4508715867996216
4958,5,-1.707089900970459
4959,6,-1.6964991092681885
4960,7,-1.59333336353302
4961,16,-1.101887583732605
4962,12,-1.3130125999450684
4963,6,-1.667284369468689
4964,3,-1.841111183166504
4965,7,-1.592580795288086
4966,6,-1.65724515914917
4967,7,-1.6056513786315918
4968,7,-1.5995277166366577
4969,7,-1.586724042892456
4970,6,-1.6739201545715332
4971,5,-1.7227959632873535
4972,19,-0.8403102159500122
4973,9,-1.491774559020996
4974,8,-1.544962763786316
4975,7,-1.5844066143035889
4976,6,-1.6822113990783691
4977,6,-1.6677833795547485
4978,8,-1.574928641319275
4979,7,-1.63420832157135
4980,9,-1.5015366077423096
4981,11,-1.3672699928283691
4982,6,-1.6969256401062012
4983,14,-1.2199997901916504
4984,7,-1.6268556118011475
4985,10,-1.4491852521896362
4986,6,-1.6889095306396484
4987,8,-1.5285801887512207
4988,9,-1.5038013458251953
4989,3,-1.8352265357971191
4990,6,-1.6938998699188232
4991,5,-1.7012970447540283
4992,7,-1.617534875869751
4993,6,-1.648475170135498
4994,3,-1.8381922245025635
4995,15,-1.1503925323486328
4996,10,-1.4159650802612305
4997,8,-1.5448535680770874
4998,4,-1.8028645515441895
4999,6,-1.6730784177780151
5000,6,-1.6468089818954468
5001,16,-1.0609846115112305
5002,7,-1.6211668252944946
5003,10,-1.4503178596496582
5004,17,-0.9965757727622986
5005,19,-0.9064375162124634
5006,5,-1.7091093063354492
5007,7,-1.5901377201080322
5008,7,-1.6264487504959106
5009,10,-1.4199620485305786
5010,8,-1.5741759538650513
5011,10,-1.4301707744598389
5012,5,-1.702439308166504
5013,6,-1.6950623989105225
5014,5,-1.729562520980835
5015,4,-1.8250668048858643
5016,7,-1.6053187847137451
5017,9,-1.5010781288146973
5018,5,-1.7488577365875244
5019,4,-1.7773302793502808
5020,19,-0.8940904140472412
5021,6,-1.6498619318008423
5022,6,-1.6919784545898438
5023,7,-1.6337168216705322
5024,4,-1.778744101524353
5025,7,-1.6025863885879517
5026,4,-1.7998666763305664
5027,6,-1.670278549194336
5028,10,-1.4604798555374146
5029,7,-1.5881743431091309
5030,6,-1.6515456438064575
5031,6,-1.6522444486618042
5032,4,-1.775651216506958
5033,9,-1.4868229627609253
5034,6,-1.695382833480835
5035,4,-1.7754058837890625
5036,14,-1.1971206665039062
5037,7,-1.6294280290603638
5038,6,-1.6747056245803833
5039,8,-1.5337722301483154
5040,23,-0.4633605480194092
5041,20,-0.7433505654335022
5042,9,-1.4737894535064697
5043,15,-1.1214637756347656
5044,22,-0.5603926777839661
5045,9,-1.483658790588379
5046,7,-1.615882396697998
5047,13,-1.2722493410110474
5048,6,-1.6742172241210938
5049,9,-1.4908896684646606
5050,15,-1.1605958938598633
5051,6,-1.681750774383545
5052,19,-0.8741903901100159
5053,8,-1.5265213251113892
5054,24,-0.4138182997703552
5055,5,-1.720846176147461
5056,7,-1.5978550910949707
5057,7,-1.6266523599624634
5058,6,-1.6489545106887817
5059,5,-1.730018973350525
5060,7,-1.6139003038406372
5061,8,-1.5804176330566406
5062,5,-1.7182773351669312
5063,6,-1.6643438339233398
5064,7,-1.6289135217666626
5065,7,-1.6086243391036987
5066,24,-0.39838653802871704
5067,10,-1.4332259893417358
5068,9,-1.5101276636123657
5069,8,-1.5423922538757324
5070,18,-0.962516188621521
5071,22,-0.5543020963668823
5072,6,-1.6713649034500122
5073,4,-1.8194873332977295
5074,9,-1.523885726928711
5075,4,-1.7698519229888916
5076,17,-1.0442516803741455
5077,5,-1.7551130056381226
5078,6,-1.6474683284759521
5079,16,-1.0708003044128418
5080,5,-1.747246265411377
5081,7,-1.617732286453247
5082,13,-1.2480323314666748
5083,12,-1.3215367794036865
5084,11,-1.3815995454788208
5085,8,-1.5810508728027344
5086,6,-1.6738492250442505
5087,19,-0.8314042091369629
5088,6,-1.6790212392807007
5089,6,-1.6970946788787842
5090,23,-0.47423553466796875
5091,8,-1.5431004762649536
5092,10,-1.431086540222168
5093,17,-1.0491870641708374
5094,5,-1.7028666734695435
5095,9,-1.4983084201812744
5096,8,-1.5619869232177734
5097,21,-0.6992098689079285
5098,7,-1.6068819761276245
5099,7,-1.5906686782836914
5100,8,-1.5820412635803223
5101,7,-1.6045830249786377
5102,7,-1.637871503829956
5103,7,-1.6285265684127808
5104,14,-1.2161718606948853
5105,8,-1.5382837057113647
5106,5,-1.7330622673034668
5107,7,-1.597093105316162
5108,9,-1.4686630964279175
5109,5,-1.7277932167053223
5110,22,-0.6049813628196716
5111,21,-0.6622623801231384
5112,11,-1.3978469371795654
5113,8,-1.550119400024414
5114,4,-1.7866219282150269
5115,4,-1.7903143167495728
5116,4,-1.7646734714508057
5117,6,-1.6825847625732422
5118,13,-1.2498823404312134
5119,6,-1.6797378063201904
5120,8,-1.5408543348312378
5121,5,-1.718228816986084
5122,6,-1.6828991174697876
5123,7,-1.6277071237564087
5124,5,-1.7010488510131836
5125,15,-1.1503242254257202
5126,10,-1.4403917789459229
5127,7,-1.6036683320999146
5128,14,-1.2176783084869385
5129,7,-1.603467583656311
5130,6,-1.6536872386932373
5131,6,-1.67863130569458
5132,5,-1.7459354400634766
5133,11,-1.3938136100769043
5134,11,-1.3958523273468018
5135,9,-1.499274730682373
5136,9,-1.4759480953216553
5137,5,-1.731172800064087
5138,17,-0.9874190092086792
5139,16,-1.0739089250564575
5140,9,-1.4765903949737549
5141,10,-1.4535415172576904
5142,23,-0.46995973587036133
5143,9,-1.4862761497497559
5144,9,-1.5033373832702637
5145,8,-1.557751178741455
5146,9,-1.5080273151397705
5147,7,-1.6340055465698242
5148,9,-1.4695308208465576
5149,6,-1.6579645872116089
5150,6,-1.645220398902893
5151,7,-1.6193474531173706
5152,7,-1.5855380296707153
5153,9,-1.50105619430542
5154,6,-1.6586410999298096
5155,5,-1.7381188869476318
5156,10,-1.440883994102478
5157,5,-1.758744716644287
5158,10,-1.4384385347366333
5159,24,-0.383147656917572
5160,6,-1.6554408073425293
5161,9,-1.4759471416473389
5162,6,-1.6593432426452637
5163,9,-1.483926773071289
5164,8,-1.5752298831939697
5165,4,-1.787625789642334
5166,8,-1.5572431087493896
5167,6,-1.6807976961135864
5168,9,-1.499267339706421
5169,3,-1.8693504333496094
5170,8,-1.5646388530731201
5171,12,-1.3517770767211914
5172,9,-1.524092435836792
5173,8,-1.52696692943573
5174,15,-1.1234605312347412
5175,8,-1.5461373329162598
5176,7,-1.5991417169570923
5177,4,-1.82884681224823
5178,5,-1.7046892642974854
5179,22,-0.5770785808563232
5180,7,-1.5921562910079956
5181,5,-1.704676628112793
5182,8,-1.5673837661743164
5183,6,-1.6414130926132202
5184,17,-1.021314263343811
5185,6,-1.6780142784118652
5186,15,-1.1782597303390503
5187,10,-1.4355591535568237
5188,7,-1.5845280885696411
5189,10,-1.4291481971740723
5190,18,-0.972699761390686
5191,9,-1.4697673320770264
5192,4,-1.815811276435852
5193,8,-1.5440441370010376
5194,4,-1.7706382274627686
5195,25,-0.2254508137702942
5196,5,-1.7118315696716309
5197,7,-1.6201444864273071
5198,10,-1.4140864610671997
5199,6,-1.6877601146697998
5200,5,-1.7162727117538452
5201,5,-1.7093145847320557
5202,4,-1.7728784084320068
5203,8,-1.528515338897705
5204,10,-1.4320964813232422
5205,8,-1.5301032066345215
5206,5,-1.7082905769348145
5207,8,-1.562735915184021
5208,9,-1.469571590423584
5209,14,-1.1818406581878662
5210,7,-1.5937081575393677
5211,9,-1.4947123527526855
5212,10,-1.464483618736267
5213,8,-1.5650522708892822
5214,18,-0.9234602451324463
5215,8,-1.5306230783462524
5216,9,-1.5075277090072632
5217,7,-1.6008490324020386
5218,9,-1.5176796913146973
5219,6,-1.6558165550231934
5220,8,-1.5362155437469482
5221,6,-1.6977837085723877
5222,11,-1.379980444908142
5223,9,-1.5231006145477295
5224,7,-1.5895929336547852
5225,6,-1.6391135454177856
5226,7,-1.5845760107040405
5227,6,-1.6888093948364258
5228,7,-1.6027096509933472
5229,7,-1.5917975902557373
5230,4,-1.7967491149902344
5231,10,-1.416709303855896
5232,6,-1.6632566452026367
5233,8,-1.5294897556304932
5234,16,-1.0772240161895752
5235,5,-1.7208795547485352
5236,8,-1.5795862674713135
5237,9,-1.484782338142395
5238,7,-1.621593713760376
5239,10,-1.42086660861969
5240,4,-1.7926990985870361
5241,7,-1.6111063957214355
5242,11,-1.41255784034729
5243,5,-1.7399592399597168
5244,9,-1.5139892101287842
5245,7,-1.5991508960723877
5246,9,-1.5066845417022705
5247,6,-1.6775116920471191
5248,6,-1.6608208417892456
5249,12,-1.342053771018982
5250,10,-1.454787015914917
5251,5,-1.7169523239135742
5252,6,-1.6455615758895874
5253,4,-1.7640413045883179
5254,10,-1.448923110961914
5255,4,-1.8021245002746582
5256,10,-1.458617091178894
5257,12,-1.3019977807998657
5258,5,-1.7361762523651123
5259,4,-1.7847449779510498
5260,10,-1.4169771671295166
5261,13,-1.2558025121688843
5262,9,-1.5024620294570923
5263,8,-1.5302700996398926
5264,21,-0.6448666453361511
5265,7,-1.620873212814331
5266,6,-1.6755515336990356
5267,11,-1.3606455326080322
5268,8,-1.5323807001113892
5269,23,-0.4458116292953491
5270,8,-1.5342233180999756
5271,9,-1.508912205696106
5272,10,-1.4152214527130127
5273,9,-1.4972959756851196
5274,10,-1.467818021774292
5275,21,-0.6585431098937988
5276,5,-1.7485127449035645
5277,11,-1.3669724464416504
5278,8,-1.5823370218276978
5279,9,-1.5045702457427979
5280,11,-1.405900478363037
5281,14,-1.2283693552017212
5282,6,-1.6663846969604492
5283,9,-1.4916210174560547
5284,8,-1.5380176305770874
5285,8,-1.5428848266601562
5286,8,-1.5305007696151733
5287,11,-1.3886579275131226
5288,5,-1.7256958484649658
5289,20,-0.801979660987854
5290,6,-1.6826155185699463
5291,4,-1.8243722915649414
5292,6,-1.6743701696395874
5293,7,-1.615013837814331
5294,19,-0.8552961349487305
5295,7,-1.6020822525024414
5296,10,-1.4577012062072754
5297,10,-1.4451308250427246
5298,8,-1.5788748264312744
5299,5,-1.7380015850067139
5300,9,-1.4747360944747925
5301,8,-1.5458080768585205
5302,10,-1.4521734714508057
5303,11,-1.3793991804122925
5304,5,-1.6992231607437134
5305,9,-1.4986729621887207
5306,9,-1.515262246131897
5307,5,-1.745879888534546
5308,4,-1.8179240226745605
5309,7,-1.6182234287261963
5310,9,-1.50681734085083
5311,23,-0.4718940854072571
5312,6,-1.6492784023284912
5313,6,-1.649659514427185
5314,7,-1.5985298156738281
5315,13,-1.2850697040557861
5316,21,-0.6544908285140991
5317,22,-0.5951724052429199
5318,6,-1.6462695598602295
5319,9,-1.5163705348968506
5320,8,-1.5338774919509888
5321,9,-1.4844759702682495
5322,9,-1.4837480783462524
5323,8,-1.5270737409591675
5324,7,-1.6134098768234253
5325,9,-1.4885847568511963
5326,7,-1.6257848739624023
5327,8,-1.5799925327301025
5328,7,-1.596656322479248
5329,15,-1.1213042736053467
5330,6,-1.693547010421753
5331,9,-1.4874852895736694
5332,6,-1.6661309003829956
5333,10,-1.4282978773117065
5334,8,-1.5459879636764526
5335,4,-1.7896924018859863
5336,9,-1.5099005699157715
5337,9,-1.5155889987945557
5338,17,-0.9902498722076416
5339,9,-1.4967765808105469
5340,8,-1.527130365371704
5341,20,-0.8111341595649719
5342,9,-1.5017480850219727
5343,5,-1.7036232948303223
5344,8,-1.541720986366272
5345,11,-1.3973865509033203
5346,8,-1.533155918121338
5347,5,-1.725996494293213
5348,21,-0.6865023374557495
5349,6,-1.673521876335144
5350,10,-1.459795355796814
5351,12,-1.3128151893615723
5352,8,-1.5445587635040283
5353,6,-1.6853930950164795
5354,13,-1.2739814519882202
5355,9,-1.5099105834960938
5356,5,-1.7130670547485352
5357,8,-1.5731406211853027
5358,9,-1.5119396448135376
5359,7,-1.5987129211425781
5360,10,-1.44021737575531
5361,7,-1.584176778793335
5362,8,-1.5343027114868164
5363,11,-1.4035086631774902
5364,4,-1.7854913473129272
5365,5,-1.7592294216156006
5366,10,-1.4417426586151123
5367,6,-1.6663742065429688
5368,6,-1.640122890472412
5369,9,-1.4738457202911377
5370,9,-1.508055329322815
5371,20,-0.8064082860946655
5372,11,-1.3997849225997925
5373,9,-1.4735411405563354
5374,7,-1.588322401046753
5375,8,-1.5775747299194336
5376,7,-1.6253820657730103
5377,10,-1.4257047176361084
5378,6,-1.656620979309082
5379,7,-1.635604739189148
5380,10,-1.4148280620574951
5381,6,-1.664918303489685
5382,15,-1.138175368309021
5383,10,-1.4362810850143433
5384,7,-1.5842366218566895
5385,6,-1.652782917022705
5386,5,-1.7449337244033813
5387,8,-1.5628421306610107
5388,7,-1.6254826784133911
5389,15,-1.144284725189209
5390,9,-1.5083808898925781
5391,6,-1.6850746870040894
5392,8,-1.5352134704589844
5393,9,-1.4769189357757568
5394,16,-1.0645692348480225
5395,4,-1.805116891860962
5396,8,-1.5707743167877197
5397,11,-1.3873796463012695
5398,6,-1.6489542722702026
5399,7,-1.5933244228363037
5400,7,-1.6175484657287598
5401,21,-0.6815515756607056
5402,10,-1.4647197723388672
5403,9,-1.5003570318222046
5404,8,-1.574165940284729
5405,8,-1.5503432750701904
5406,7,-1.6082640886306763
5407,9,-1.4942985773086548
5408,8,-1.5738310813903809
5409,9,-1.4946999549865723
5410,22,-0.6264466047286987
5411,9,-1.4885404109954834
5412,3,-1.8319531679153442
5413,8,-1.5759994983673096
5414,5,-1.7042402029037476
5415,6,-1.6454066038131714
5416,7,-1.6153596639633179
5417,5,-1.7091768980026245
5418,5,-1.7146096229553223
5419,7,-1.599780797958374
5420,6,-1.6804771423339844
5421,7,-1.6025441884994507
5422,12,-1.330167531967163
5423,10,-1.4134148359298706
5424,8,-1.563406229019165
5425,9,-1.5165669918060303
5426,6,-1.6897671222686768
5427,5,-1.7107261419296265
5428,7,-1.5879651308059692
5429,7,-1.5883924961090088
5430,7,-1.5983773469924927
5431,10,-1.4564980268478394
5432,9,-1.4944874048233032
5433,11,-1.369336485862732
5434,7,-1.6349544525146484
5435,5,-1.7043819427490234
5436,7,-1.5929296016693115
5437,10,-1.4349794387817383
5438,16,-1.0616481304168701
5439,17,-1.0144424438476562
5440,11,-1.4059466123580933
5441,8,-1.5658711194992065
5442,11,-1.4104547500610352
5443,5,-1.7452561855316162
5444,10,-1.4353234767913818
5445,9,-1.5093116760253906
5446,10,-1.4553399085998535
5447,9,-1.5085269212722778
5448,19,-0.8689085245132446
5449,5,-1.7447699308395386
5450,5,-1.750190019607544
5451,9,-1.487866997718811
5452,5,-1.7045445442199707
5453,24,-0.42764270305633545
5454,10,-1.441230058670044
5455,7,-1.5895147323608398
5456,9,-1.5173226594924927
5457,4,-1.76419198513031
5458,11,-1.3926825523376465
5459,7,-1.6078799962997437
5460,7,-1.6245657205581665
5461,10,-1.4565054178237915
5462,20,-0.7565301656723022
5463,18,-0.9595518112182617
5464,8,-1.563485026359558
5465,6,-1.6557035446166992
5466,6,-1.6649163961410522
5467,10,-1.4266891479492188
5468,8,-1.5779379606246948
5469,14,-1.2263243198394775
5470,5,-1.7023768424987793
5471,12,-1.3264923095703125
5472,19,-0.8497161865234375
5473,5,-1.7037066221237183
5474,9,-1.4893972873687744
5475,6,-1.6457574367523193
5476,17,-1.0163025856018066
5477,5,-1.7231066226959229
5478,7,-1.6205735206604004
5479,6,-1.655235767364502
5480,10,-1.4279305934906006
5481,10,-1.417526364326477
5482,9,-1.4810593128204346
5483,7,-1.5842456817626953
5484,7,-1.611536979675293
5485,10,-1.4587994813919067
5486,7,-1.5852073431015015
5487,8,-1.54726243019104
5488,4,-1.7898932695388794
5489,7,-1.5985920429229736
5490,13,-1.281177043914795
5491,12,-1.3311325311660767
5492,8,-1.5684387683868408
5493,5,-1.7082829475402832
5494,9,-1.471337080001831
5495,10,-1.4288008213043213
5496,9,-1.4870049953460693
5497,8,-1.5261017084121704
5498,8,-1.5423600673675537
5499,16,-1.0823291540145874
5500,4,-1.8010220527648926
5501,8,-1.5439975261688232
5502,10,-1.4588958024978638
5503,7,-1.5828323364257812
5504,11,-1.398241400718689
5505,9,-1.4823638200759888
5506,10,-1.420843482017517
5507,10,-1.4641354084014893
5508,6,-1.640304446220398
5509,5,-1.7366002798080444
5510,18,-0.9524217844009399
5511,9,-1.4994168281555176
5512,7,-1.6074481010437012
5513,12,-1.348030924797058
5514,5,-1.7315640449523926
5515,9,-1.5231186151504517
5516,7,-1.5849758386611938
5517,7,-1.6365106105804443
5518,10,-1.4402140378952026
5519,9,-1.4754852056503296
5520,11,-1.387837529182434
5521,11,-1.4093109369277954
5522,12,-1.331518292427063
5523,7,-1.5935556888580322
5524,9,-1.5068459510803223
5525,4,-1.780705213546753
5526,11,-1.374672293663025
5527,10,-1.4148204326629639
5528,12,-1.330403447151184
5529,7,-1.5882337093353271
5530,5,-1.7578333616256714
5531,22,-0.5956325531005859
5532,6,-1.6632524728775024
5533,7,-1.6208350658416748
5534,18,-0.9568945169448853
5535,9,-1.5236550569534302
5536,11,-1.4041067361831665
5537,11,-1.3821192979812622
5538,6,-1.6941428184509277
5539,8,-1.5708701610565186
5540,10,-1.4246008396148682
5541,9,-1.4951835870742798
5542,12,-1.3504400253295898
5543,10,-1.4355157613754272
5544,5,-1.7026536464691162
5545,24,-0.41078710556030273
5546,6,-1.6606063842773438
5547,9,-1.5193690061569214
5548,6,-1.6505467891693115
5549,7,-1.6001596450805664
5550,7,-1.6064330339431763
5551,7,-1.5856472253799438
5552,11,-1.380084753036499
5553,7,-1.6091901063919067
5554,7,-1.5997917652130127
5555,7,-1.6202048063278198
5556,7,-1.6058067083358765
5557,12,-1.32467782497406
5558,20,-0.8010166883468628
5559,8,-1.5819363594055176
5560,7,-1.6330783367156982
5561,11,-1.3891483545303345
5562,6,-1.6387434005737305
5563,6,-1.6846078634262085
5564,11,-1.4051311016082764
5565,3,-1.847318172454834
5566,21,-0.7266117334365845
5567,6,-1.6397829055786133
5568,5,-1.7318696975708008
5569,11,-1.4097434282302856
5570,9,-1.5013177394866943
5571,9,-1.4816389083862305
5572,10,-1.443548321723938
5573,8,-1.5472545623779297
5574,6,-1.656139850616455
5575,7,-1.6265718936920166
5576,6,-1.6730787754058838
5577,25,-0.2563881278038025
5578,11,-1.4115688800811768
5579,8,-1.544783115386963
5580,8,-1.5659669637680054
5581,8,-1.5281410217285156
5582,5,-1.707808017730713
5583,23,-0.5178292989730835
5584,6,-1.6685831546783447
5585,9,-1.4813494682312012
5586,10,-1.4609228372573853
5587,6,-1.6969544887542725
5588,8,-1.5736315250396729
5589,6,-1.6564542055130005
5590,4,-1.786726474761963
5591,13,-1.248961329460144
5592,7,-1.6362956762313843
5593,23,-0.4944508671760559
5594,15,-1.1224323511123657
5595,11,-1.4037435054779053
5596,8,-1.537932276725769
5597,5,-1.7023427486419678
5598,5,-1.7073309421539307
5599,7,-1.5969955921173096
5600,9,-1.473313808441162
5601,4,-1.778090476989746
5602,6,-1.6949408054351807
5603,6,-1.6852436065673828
5604,12,-1.348576545715332
5605,10,-1.4383246898651123
5606,24,-0.38302379846572876
5607,11,-1.3820933103561401
5608,4,-1.8077032566070557
5609,24,-0.39931875467300415
5610,11,-1.3774900436401367
5611,6,-1.652329683303833
5612,22,-0.6006630063056946
5613,9,-1.488322377204895
5614,19,-0.892737627029419
5615,5,-1.7243473529815674
5616,10,-1.4250991344451904
5617,10,-1.4335901737213135
5618,17,-1.0362670421600342
5619,18,-0.9428995847702026
5620,12,-1.3041682243347168
5621,10,-1.4408694505691528
5622,6,-1.6399142742156982
5623,6,-1.670766830444336
5624,12,-1.3447368144989014
5625,11,-1.3860095739364624
5626,6,-1.6722455024719238
5627,11,-1.3675748109817505
5628,9,-1.5205458402633667
5629,7,-1.5871473550796509
5630,10,-1.4669723510742188
5631,7,-1.627967357635498
5632,8,-1.5463846921920776
5633,19,-0.9040830135345459
5634,9,-1.4985569715499878
5635,12,-1.3342136144638062
5636,11,-1.3559359312057495
5637,7,-1.6023948192596436
5638,11,-1.377604603767395
5639,21,-0.6536363363265991
5640,12,-1.3100504875183105
5641,19,-0.8663226366043091
5642,6,-1.6558423042297363
5643,18,-0.937932014465332
5644,13,-1.2938728332519531
5645,11,-1.399550199508667
5646,19,-0.902400016784668
5647,10,-1.4542617797851562
5648,5,-1.7096366882324219
5649,7,-1.589286208152771
5650,10,-1.416603446006775
5651,20,-0.8076980113983154
5652,8,-1.5784680843353271
5653,10,-1.4483308792114258
5654,9,-1.5238840579986572
5655,7,-1.6133356094360352
5656,10,-1.42270827293396
5657,12,-1.3548592329025269
5658,8,-1.5553841590881348
5659,17,-1.0236220359802246
5660,6,-1.6850796937942505
5661,16,-1.0686737298965454
5662,10,-1.4406495094299316
5663,22,-0.6420028805732727
5664,4,-1.8236613273620605
5665,9,-1.4937196969985962
5666,7,-1.6185411214828491
5667,5,-1.7046624422073364
5668,8,-1.5471606254577637
5669,19,-0.8417605757713318
5670,7,-1.6197102069854736
5671,11,-1.3988617658615112
5672,11,-1.372032880783081
5673,7,-1.5844963788986206
5674,5,-1.712099313735962
5675,21,-0.7379841804504395
5676,7,-1.6273895502090454
5677,4,-1.787787914276123
5678,10,-1.4305797815322876
5679,8,-1.5257465839385986
5680,11,-1.3664186000823975
5681,6,-1.6912524700164795
5682,10,-1.4329646825790405
5683,6,-1.6856985092163086
5684,5,-1.7138171195983887
5685,11,-1.4113836288452148
5686,9,-1.4999479055404663
5687,20,-0.8192106485366821
5688,21,-0.7237322330474854
5689,5,-1.7043559551239014
5690,8,-1.5268892049789429
5691,9,-1.4773240089416504
5692,10,-1.4359359741210938
5693,22,-0.5870842337608337
5694,8,-1.5707110166549683
5695,6,-1.660088062286377
5696,4,-1.8154418468475342
5697,10,-1.4664192199707031
5698,12,-1.3235130310058594
5699,11,-1.371569275856018
5700,11,-1.4023516178131104
5701,8,-1.5628633499145508
5702,8,-1.5533685684204102
5703,12,-1.3490046262741089
5704,8,-1.5373356342315674
5705,11,-1.389367938041687
5706,5,-1.7083160877227783
5707,6,-1.6538004875183105
5708,9,-1.5199658870697021
5709,9,-1.4825005531311035
5710,6,-1.6774955987930298
5711,15,-1.1539208889007568
5712,9,-1.4703710079193115
5713,5,-1.7219600677490234
5714,23,-0.5305089354515076
5715,13,-1.2685296535491943
5716,7,-1.6380212306976318
5717,7,-1.5969160795211792
5718,10,-1.4494266510009766
5719,13,-1.2451139688491821
5720,6,-1.6968226432800293
5721,7,-1.6357014179229736
5722,7,-1.6325114965438843
5723,10,-1.4677340984344482
5724,9,-1.4781721830368042
5725,6,-1.674708366394043
5726,8,-1.5248152017593384
5727,8,-1.5276155471801758
5728,10,-1.419724702835083
5729,10,-1.4675788879394531
5730,25,-0.2195003628730774
5731,9,-1.4809350967407227
5732,6,-1.6694762706756592
5733,12,-1.3093457221984863
5734,11,-1.3800113201141357
5735,9,-1.4979424476623535
5736,8,-1.567110538482666
5737,10,-1.4336836338043213
5738,8,-1.5346226692199707
5739,17,-1.0322935581207275
5740,5,-1.7009494304656982
5741,10,-1.4609657526016235
5742,6,-1.6799520254135132
5743,6,-1.6972404718399048
5744,8,-1.5699893236160278
5745,9,-1.5208028554916382
5746,6,-1.6597708463668823
5747,9,-1.4701484441757202
5748,9,-1.4741038084030151
5749,9,-1.4961466789245605
5750,5,-1.7072818279266357
5751,11,-1.4102537631988525
5752,11,-1.395810842514038
5753,6,-1.6624295711517334
5754,7,-1.5894887447357178
5755,8,-1.5640884637832642
5756,26,-0.062363386154174805
5757,5,-1.7108469009399414
5758,7,-1.6194896697998047
5759,4,-1.7649129629135132
5760,8,-1.528093934059143
5761,11,-1.3737339973449707
5762,22,-0.6414341330528259
5763,6,-1.6813688278198242
5764,6,-1.6448136568069458
5765,9,-1.5225739479064941
5766,6,-1.6628401279449463
5767,9,-1.5074641704559326
5768,22,-0.5594465136528015
5769,12,-1.3352776765823364
5770,8,-1.5544723272323608
5771,8,-1.5267187356948853
5772,8,-1.5384584665298462
5773,5,-1.7155394554138184
5774,13,-1.2594507932662964
5775,10,-1.4524695873260498
5776,19,-0.8333854675292969
5777,6,-1.6805241107940674
5778,10,-1.4560215473175049
5779,10,-1.4613748788833618
5780,9,-1.5049577951431274
5781,10,-1.4332504272460938
5782,8,-1.5378618240356445
5783,5,-1.7632611989974976
5784,6,-1.6487685441970825
5785,7,-1.6212527751922607
5786,4,-1.8163870573043823
5787,12,-1.3273135423660278
5788,6,-1.6962018013000488
5789,13,-1.2941561937332153
5790,6,-1.639824390411377
5791,10,-1.413474440574646
5792,5,-1.7111997604370117
5793,11,-1.3736391067504883
5794,9,-1.4705939292907715
5795,9,-1.5159859657287598
5796,11,-1.4120675325393677
5797,11,-1.3863041400909424
5798,4,-1.767683982849121
5799,10,-1.4569151401519775
5800,11,-1.4031554460525513
5801,8,-1.5564593076705933
5802,7,-1.6269257068634033
5803,6,-1.6562402248382568
5804,7,-1.615297555923462
5805,9,-1.4806007146835327
5806,7,-1.619802713394165
5807,10,-1.4502418041229248
5808,8,-1.5255732536315918
5809,5,-1.7333762645721436
5810,11,-1.376143455505371
5811,9,-1.4937602281570435
5812,9,-1.485133409500122
5813,8,-1.5292725563049316
5814,6,-1.6730170249938965
5815,8,-1.561854362487793
5816,10,-1.4168387651443481
5817,24,-0.40171098709106445
5818,7,-1.583136796951294
5819,8,-1.5390205383300781
5820,8,-1.5746288299560547
5821,7,-1.6061948537826538
5822,7,-1.5953459739685059
5823,10,-1.4381437301635742
5824,12,-1.3091121912002563
5825,19,-0.8933834433555603
5826,9,-1.469903588294983
5827,11,-1.3977876901626587
5828,13,-1.2942147254943848
5829,10,-1.4376033544540405
5830,7,-1.6356041431427002
5831,12,-1.3392413854599
5832,8,-1.560038447380066
5833,9,-1.5039869546890259
5834,11,-1.3894412517547607
5835,11,-1.3895193338394165
5836,6,-1.642642617225647
5837,12,-1.3362071514129639
5838,7,-1.6342896223068237
5839,7,-1.600472092628479
5840,8,-1.5281763076782227
5841,24,-0.3478606939315796
5842,6,-1.6969470977783203
5843,7,-1.6342500448226929
5844,22,-0.6082339286804199
5845,7,-1.5973149538040161
5846,8,-1.5665420293807983
5847,9,-1.486165165901184
5848,6,-1.69581937789917
5849,8,-1.5461324453353882
5850,6,-1.6775137186050415
5851,11,-1.3560853004455566
5852,17,-1.0306260585784912
5853,8,-1.5279350280761719
5854,12,-1.3078296184539795
5855,8,-1.5745291709899902
5856,6,-1.6440699100494385
5857,8,-1.5649164915084839
5858,5,-1.7197356224060059
5859,5,-1.7494945526123047
5860,6,-1.6973319053649902
5861,23,-0.5377974510192871
5862,5,-1.7143335342407227
5863,11,-1.3801578283309937
5864,7,-1.636662244796753
5865,6,-1.6659221649169922
5866,10,-1.466272234916687
5867,8,-1.5371851921081543
5868,10,-1.4297598600387573
5869,6,-1.6879761219024658
5870,10,-1.43464994430542
5871,9,-1.5231419801712036
5872,9,-1.4710347652435303
5873,8,-1.5736887454986572
5874,8,-1.5781359672546387
5875,12,-1.3310567140579224
5876,10,-1.4294688701629639
5877,7,-1.6154534816741943
5878,9,-1.498472809791565
5879,24,-0.38719838857650757
5880,10,-1.4507455825805664
5881,5,-1.7257195711135864
5882,8,-1.5307610034942627
5883,10,-1.451168417930603
5884,10,-1.466162919998169
5885,10,-1.438502550125122
5886,7,-1.6212265491485596
5887,7,-1.602349877357483
5888,9,-1.5033338069915771
5889,9,-1.518620252609253
5890,6,-1.6607873439788818
5891,5,-1.6993286609649658
5892,8,-1.537343144416809
5893,6,-1.6649127006530762
5894,6,-1.6576392650604248
5895,8,-1.5827281475067139
5896,7,-1.6170923709869385
5897,11,-1.406063199043274
5898,10,-1.4410449266433716
5899,14,-1.2220065593719482
5900,8,-1.5513391494750977
5901,10,-1.4414986371994019
5902,6,-1.6808146238327026
5903,6,-1.6926213502883911
5904,11,-1.37416672706604
5905,10,-1.4677270650863647
5906,14,-1.239248514175415
5907,5,-1.7008694410324097
5908,26,-0.1389303207397461
5909,11,-1.3579572439193726
5910,11,-1.3879592418670654
5911,9,-1.5223467350006104
5912,8,-1.5437061786651611
5913,7,-1.591074824333191
5914,6,-1.6637552976608276
5915,7,-1.6093839406967163
5916,10,-1.432478666305542
5917,13,-1.2447874546051025
5918,9,-1.4780710935592651
5919,7,-1.6141419410705566
5920,15,-1.1574314832687378
5921,10,-1.4232137203216553
5922,7,-1.6274762153625488
5923,13,-1.2940123081207275
5924,9,-1.4987123012542725
5925,8,-1.5315829515457153
5926,6,-1.6767266988754272
5927,13,-1.266005277633667
5928,11,-1.3599258661270142
5929,8,-1.537051796913147
5930,5,-1.702019214630127
5931,21,-0.7419534921646118
5932,12,-1.3291579484939575
5933,4,-1.8024108409881592
5934,8,-1.5555411577224731
5935,6,-1.6558781862258911
5936,9,-1.4961470365524292
5937,6,-1.6544944047927856
5938,7,-1.586470603942871
5939,6,-1.683374047279358
5940,7,-1.5931224822998047
5941,10,-1.426851511001587
5942,26,-0.022077202796936035
5943,10,-1.42668879032135
5944,10,-1.428406834602356
5945,5,-1.716993808746338
5946,13,-1.2719212770462036
5947,6,-1.6963870525360107
5948,10,-1.4515594244003296
5949,14,-1.2198222875595093
5950,10,-1.4675283432006836
5951,9,-1.5068162679672241
5952,9,-1.4721708297729492
5953,11,-1.3603696823120117
5954,13,-1.2867515087127686
5955,10,-1.4617692232131958
5956,7,-1.6058318614959717
5957,7,-1.597493290901184
5958,7,-1.6002923250198364
5959,11,-1.3971450328826904
5960,10,-1.4590427875518799
5961,6,-1.6597645282745361
5962,6,-1.6761069297790527
5963,11,-1.3838032484054565
5964,8,-1.5805244445800781
5965,13,-1.2726678848266602
5966,9,-1.4820183515548706
5967,7,-1.631919264793396
5968,19,-0.8725688457489014
5969,9,-1.4867043495178223
5970,11,-1.3771003484725952
5971,12,-1.3180218935012817
5972,7,-1.617464542388916
5973,5,-1.7077795267105103
5974,12,-1.3427588939666748
5975,8,-1.5423834323883057
5976,10,-1.436664342880249
5977,12,-1.3307716846466064
5978,12,-1.3066644668579102
5979,8,-1.5671945810317993
5980,9,-1.5037987232208252
5981,8,-1.5589849948883057
5982,11,-1.4026885032653809
5983,8,-1.542140245437622
5984,6,-1.6784570217132568
5985,12,-1.3118467330932617
5986,10,-1.4530315399169922
5987,9,-1.5150350332260132
5988,10,-1.4142659902572632
5989,22,-0.5830634832382202
5990,8,-1.5726515054702759
5991,9,-1.4683581590652466
5992,12,-1.341931700706482
5993,20,-0.8150457739830017
5994,21,-0.6720033288002014
5995,25,-0.21989190578460693
5996,13,-1.2512545585632324
5997,7,-1.601407766342163
5998,18,-0.9731475114822388
5999,11,-1.3668475151062012
6000,5,-1.716853380203247
6001,10,-1.435994029045105
6002,4,-1.824021816253662
6003,7,-1.5910392999649048
6004,8,-1.5402624607086182
6005,5,-1.7312873601913452
6006,7,-1.5999020338058472
6007,8,-1.5267763137817383
6008,9,-1.4861725568771362
6009,5,-1.7587213516235352
6010,9,-1.4872510433197021
6011,12,-1.3513792753219604
6012,8,-1.5681841373443604
6013,8,-1.5600920915603638
6014,11,-1.3911460638046265
6015,7,-1.5970723628997803
6016,9,-1.509878158569336
6017,10,-1.4561057090759277
6018,11,-1.3569939136505127
6019,10,-1.4298467636108398
6020,8,-1.571269154548645
6021,10,-1.4263026714324951
6022,7,-1.5878448486328125
6023,8,-1.5601543188095093
6024,10,-1.4170567989349365
6025,18,-0.9094990491867065
6026,12,-1.340893030166626
6027,10,-1.4451926946640015
6028,6,-1.6757253408432007
6029,23,-0.4787901043891907
6030,12,-1.3486144542694092
6031,4,-1.7687979936599731
6032,13,-1.2945080995559692
6033,12,-1.3390434980392456
6034,12,-1.3253746032714844
6035,17,-0.9822921752929688
6036,10,-1.427827000617981
6037,22,-0.6202255487442017
6038,13,-1.2817094326019287
6039,6,-1.6753270626068115
6040,6,-1.64644193649292
6041,13,-1.2512130737304688
6042,7,-1.5864436626434326
6043,5,-1.7134895324707031
6044,12,-1.309151291847229
6045,7,-1.6140785217285156
6046,8,-1.550947666168213
6047,7,-1.6211204528808594
6048,21,-0.7119429111480713
6049,8,-1.573764681816101
6050,8,-1.5788342952728271
6051,9,-1.4981238842010498
6052,7,-1.5843182802200317
6053,7,-1.6132346391677856
6054,10,-1.434738278388977
6055,12,-1.3360633850097656
6056,12,-1.3441612720489502
6057,7,-1.6036367416381836
6058,6,-1.6455707550048828
6059,11,-1.3910353183746338
6060,9,-1.511949062347412
6061,8,-1.548986554145813
6062,9,-1.5243337154388428
6063,12,-1.3074378967285156
6064,8,-1.53445565700531
6065,7,-1.5860778093338013
6066,6,-1.6436500549316406
6067,7,-1.5998181104660034
6068,11,-1.4064656496047974
6069,5,-1.6989227533340454
6070,20,-0.8090946078300476
6071,10,-1.4211958646774292
6072,7,-1.6209681034088135
6073,8,-1.5360097885131836
6074,14,-1.2139209508895874
6075,10,-1.4426969289779663
6076,7,-1.5828946828842163
6077,9,-1.4749956130981445
6078,18,-0.910384476184845
6079,10,-1.4384263753890991
6080,9,-1.4820836782455444
6081,12,-1.3512775897979736
6082,17,-1.0439515113830566
6083,12,-1.3041213750839233
6084,12,-1.3217287063598633
6085,10,-1.4474414587020874
6086,9,-1.5158696174621582
6087,12,-1.3259117603302002
6088,5,-1.7540955543518066
6089,11,-1.3934507369995117
6090,6,-1.6864373683929443
6091,26,-0.017738938331604004
6092,11,-1.379187822341919
6093,7,-1.612791657447815
6094,7,-1.5977622270584106
6095,24,-0.40847277641296387
6096,14,-1.2275617122650146
6097,6,-1.684089183807373
6098,8,-1.5299335718154907
6099,11,-1.386730670928955
6100,7,-1.5923250913619995
6101,6,-1.6922298669815063
6102,11,-1.3925096988677979
6103,8,-1.554408311843872
6104,9,-1.4894744157791138
6105,12,-1.3081778287887573
6106,10,-1.4234739542007446
6107,6,-1.6780319213867188
6108,8,-1.545214056968689
6109,9,-1.5093082189559937
6110,6,-1.6745119094848633
6111,8,-1.5752968788146973
6112,6,-1.6808537244796753
6113,9,-1.4725933074951172
6114,12,-1.334822177886963
6115,8,-1.5308988094329834
6116,21,-0.7097264528274536
6117,27,0.1354069709777832
6118,12,-1.3029346466064453
6119,11,-1.3671447038650513
6120,9,-1.4723126888275146
6121,9,-1.4803647994995117
6122,12,-1.31560480594635
6123,7,-1.6186888217926025
6124,6,-1.6468632221221924
6125,12,-1.3221484422683716
6126,10,-1.4547120332717896
6127,23,-0.46871113777160645
6128,12,-1.309206247329712
6129,12,-1.337937831878662
6130,13,-1.268202543258667
6131,12,-1.329622507095337
6132,7,-1.59295654296875
6133,10,-1.4377514123916626
6134,9,-1.4925014972686768
6135,23,-0.45825737714767456
6136,10,-1.4463346004486084
6137,7,-1.617964506149292
6138,10,-1.4243745803833008
6139,22,-0.5931897163391113
6140,17,-1.0015225410461426
6141,9,-1.4906162023544312
6142,12,-1.342653512954712
6143,8,-1.5448659658432007
6144,6,-1.6775308847427368
6145,11,-1.3602406978607178
6146,5,-1.7280962467193604
6147,8,-1.545964002609253
6148,10,-1.4432382583618164
6149,7,-1.6299028396606445
6150,10,-1.4207637310028076
6151,8,-1.5386369228363037
6152,12,-1.3141411542892456
6153,6,-1.6421096324920654
6154,9,-1.5178488492965698
6155,9,-1.5033667087554932
6156,7,-1.6209558248519897
6157,7,-1.608500599861145
6158,12,-1.3062689304351807
6159,11,-1.3933203220367432
6160,8,-1.5717415809631348
6161,13,-1.2882059812545776
6162,5,-1.7114653587341309
6163,8,-1.5792944431304932
6164,10,-1.425322413444519
6165,10,-1.4609895944595337
6166,10,-1.4437925815582275
6167,6,-1.6652131080627441
6168,13,-1.2738999128341675
6169,11,-1.3911994695663452
6170,9,-1.5095683336257935
6171,12,-1.3396087884902954
6172,9,-1.5206354856491089
6173,7,-1.614209532737732
6174,9,-1.5109026432037354
6175,8,-1.5248939990997314
6176,7,-1.5926063060760498
6177,11,-1.398036003112793
6178,10,-1.4448344707489014
6179,6,-1.6933809518814087
6180,12,-1.3354277610778809
6181,9,-1.4889206886291504
6182,9,-1.4693078994750977
6183,11,-1.3930587768554688
6184,10,-1.413831353187561
6185,7,-1.589698076248169
6186,8,-1.5660756826400757
6187,7,-1.609594464302063
6188,11,-1.3723461627960205
6189,13,-1.2991334199905396
6190,19,-0.8899595737457275
6191,9,-1.471987247467041
6192,12,-1.3390058279037476
6193,8,-1.5542147159576416
6194,25,-0.2417433261871338
6195,8,-1.5777268409729004
6196,7,-1.5918363332748413
6197,5,-1.7524046897888184
6198,13,-1.2850658893585205
6199,9,-1.5190733671188354
6200,18,-0.9254345893859863
6201,7,-1.5875186920166016
6202,9,-1.5084474086761475
6203,7,-1.5957920551300049
6204,7,-1.6126751899719238
6205,6,-1.646796464920044
6206,14,-1.2288450002670288
6207,11,-1.374941349029541
6208,13,-1.2439680099487305
6209,11,-1.363093376159668
6210,12,-1.3139067888259888
6211,8,-1.5548197031021118
6212,9,-1.515027403831482
6213,12,-1.304657220840454
6214,7,-1.5884594917297363
6215,9,-1.5115524530410767
6216,10,-1.4357712268829346
6217,9,-1.494566798210144
6218,5,-1.7274014949798584
6219,7,-1.5995458364486694
6220,11,-1.3700978755950928
6221,8,-1.5706911087036133
6222,8,-1.5551375150680542
6223,18,-0.9585139155387878
6224,23,-0.44178324937820435
6225,10,-1.459778070449829
6226,9,-1.52211332321167
6227,8,-1.5641372203826904
6228,12,-1.3255847692489624
6229,28,0.3745180368423462
6230,10,-1.4575419425964355
6231,10,-1.4241615533828735
6232,12,-1.317765474319458
6233,12,-1.3249907493591309
6234,11,-1.3601657152175903
6235,10,-1.4199931621551514
6236,11,-1.4123843908309937
6237,18,-0.9765623807907104
6238,13,-1.2936749458312988
6239,12,-1.3310341835021973
6240,8,-1.5317869186401367
6241,14,-1.1979764699935913
6242,10,-1.4428837299346924
6243,7,-1.6149444580078125
6244,7,-1.6238878965377808
6245,10,-1.42937433719635
6246,13,-1.2495090961456299
6247,9,-1.4840561151504517
6248,6,-1.6877447366714478
6249,8,-1.546074628829956
6250,22,-0.620270848274231
6251,7,-1.6138132810592651
6252,9,-1.4753133058547974
6253,6,-1.6920171976089478
6254,12,-1.3297570943832397
6255,12,-1.3477429151535034
6256,10,-1.4535746574401855
6257,10,-1.4155330657958984
6258,12,-1.3497658967971802
6259,25,-0.19063997268676758
6260,10,-1.4496901035308838
6261,13,-1.2978333234786987
6262,13,-1.276709794998169
6263,8,-1.5798743963241577
6264,7,-1.5899932384490967
6265,12,-1.325716495513916
6266,10,-1.422651767730713
6267,9,-1.4944672584533691
6268,12,-1.3249306678771973
6269,16,-1.0592710971832275
6270,10,-1.4517288208007812
6271,7,-1.6103057861328125
6272,14,-1.2279715538024902
6273,12,-1.3366146087646484
6274,9,-1.4949291944503784
6275,8,-1.5750740766525269
6276,9,-1.4939446449279785
6277,9,-1.516262412071228
6278,9,-1.5024333000183105
6279,9,-1.4992893934249878
6280,7,-1.6302868127822876
6281,10,-1.425400972366333
6282,14,-1.2387874126434326
6283,8,-1.5827826261520386
6284,11,-1.4008862972259521
6285,12,-1.3070358037948608
6286,13,-1.2887301445007324
6287,14,-1.2247754335403442
6288,17,-1.0280425548553467
6289,12,-1.3324822187423706
6290,11,-1.4113891124725342
6291,12,-1.313439130783081
6292,10,-1.443631649017334
6293,11,-1.3917975425720215
6294,8,-1.5347270965576172
6295,10,-1.4249801635742188
6296,18,-0.9441443681716919
6297,11,-1.3812336921691895
6298,22,-0.5480378270149231
6299,6,-1.6462628841400146
6300,7,-1.5875990390777588
6301,13,-1.2785171270370483
6302,11,-1.4002989530563354
6303,10,-1.4336577653884888
6304,7,-1.6054387092590332
6305,8,-1.5691646337509155
6306,9,-1.4832805395126343
6307,23,-0.5245372653007507
6308,8,-1.5704110860824585
6309,20,-0.8041831254959106
6310,10,-1.4132367372512817
6311,9,-1.493652582168579
6312,10,-1.4464161396026611
6313,9,-1.5058592557907104
6314,10,-1.4253689050674438
6315,7,-1.5957199335098267
6316,12,-1.3253532648086548
6317,7,-1.6377253532409668
6318,9,-1.5097827911376953
6319,10,-1.4355475902557373
6320,7,-1.6051088571548462
6321,17,-1.0466456413269043
6322,10,-1.4136605262756348
6323,5,-1.747666358947754
6324,14,-1.194987416267395
6325,12,-1.3058056831359863
6326,21,-0.7220163345336914
6327,4,-1.810402750968933
6328,5,-1.7161566019058228
6329,7,-1.6174001693725586
6330,12,-1.3501290082931519
6331,9,-1.4890190362930298
6332,12,-1.3060373067855835
6333,22,-0.5988750457763672
6334,21,-0.6499080657958984
6335,8,-1.5653774738311768
6336,6,-1.6479703187942505
6337,14,-1.2202503681182861
6338,8,-1.525038480758667
6339,7,-1.5958311557769775
6340,24,-0.31416696310043335
6341,15,-1.1594033241271973
6342,8,-1.567398190498352
6343,6,-1.6399003267288208
6344,14,-1.213191032409668
6345,9,-1.5066415071487427
6346,8,-1.5757508277893066
6347,10,-1.444942593574524
6348,7,-1.5966391563415527
6349,8,-1.5570955276489258
6350,11,-1.36601984500885
6351,8,-1.5278561115264893
6352,7,-1.6283398866653442
6353,12,-1.3036646842956543
6354,6,-1.6494619846343994
6355,12,-1.3257378339767456
6356,6,-1.6391146183013916
6357,9,-1.4778087139129639
6358,6,-1.6679338216781616
6359,8,-1.539646863937378
6360,7,-1.6023764610290527
6361,8,-1.5267608165740967
6362,7,-1.589402675628662
6363,10,-1.4340406656265259
6364,10,-1.446356177330017
6365,10,-1.4597352743148804
6366,15,-1.1478513479232788
6367,8,-1.5341925621032715
6368,22,-0.5875900983810425
6369,13,-1.2599098682403564
6370,10,-1.4489811658859253
6371,10,-1.4224414825439453
6372,7,-1.5922157764434814
6373,6,-1.6599129438400269
6374,11,-1.4064223766326904
6375,9,-1.4930264949798584
6376,12,-1.3121591806411743
6377,24,-0.35498368740081787
6378,20,-0.7708189487457275
6379,8,-1.5274468660354614
6380,12,-1.3229469060897827
6381,7,-1.6216922998428345
6382,9,-1.494303584098816
6383,7,-1.6346662044525146
6384,12,-1.3228681087493896
6385,17,-1.0137524604797363
6386,21,-0.7243536114692688
6387,10,-1.4525789022445679
6388,10,-1.4498728513717651
6389,15,-1.167528748512268
6390,8,-1.5761901140213013
6391,7,-1.6131211519241333
6392,12,-1.3110642433166504
6393,12,-1.3073350191116333
6394,26,-0.05081343650817871
6395,22,-0.5893049240112305
6396,6,-1.6888577938079834
6397,6,-1.678952693939209
6398,8,-1.5676136016845703
6399,13,-1.288952350616455
6400,12,-1.353785514831543
6401,12,-1.351035237312317
6402,6,-1.6460304260253906
6403,13,-1.260847568511963
6404,12,-1.3456354141235352
6405,11,-1.381313681602478
6406,5,-1.7202928066253662
6407,8,-1.5634422302246094
6408,7,-1.620311975479126
6409,14,-1.2065305709838867
6410,21,-0.7248028516769409
6411,7,-1.6212236881256104
6412,8,-1.5273386240005493
6413,7,-1.6056973934173584
6414,11,-1.4036014080047607
6415,11,-1.3682042360305786
6416,13,-1.2458430528640747
6417,6,-1.6860564947128296
6418,8,-1.5546948909759521
6419,6,-1.6842349767684937
6420,10,-1.4244937896728516
6421,8,-1.545762538909912
6422,12,-1.3145854473114014
6423,24,-0.3402212858200073
6424,26,-0.06156742572784424
6425,7,-1.6083722114562988
6426,9,-1.5131953954696655
6427,25,-0.19005179405212402
6428,13,-1.2581229209899902
6429,24,-0.33570408821105957
6430,16,-1.0853177309036255
6431,11,-1.3904786109924316
6432,12,-1.313737392425537
6433,4,-1.767707347869873
6434,10,-1.4187456369400024
6435,25,-0.23013275861740112
6436,11,-1.3563110828399658
6437,14,-1.203366994857788
6438,8,-1.5667215585708618
6439,8,-1.556581735610962
6440,7,-1.6015002727508545
6441,19,-0.8780620098114014
6442,8,-1.526464581489563
6443,8,-1.5432512760162354
6444,7,-1.5869072675704956
6445,14,-1.1922507286071777
6446,7,-1.6113579273223877
6447,13,-1.2618756294250488
6448,12,-1.3406214714050293
6449,5,-1.731431484222412
6450,19,-0.8960915803909302
6451,8,-1.5252602100372314
6452,11,-1.38402259349823
6453,10,-1.4240227937698364
6454,5,-1.7267673015594482
6455,26,-0.11715853214263916
6456,9,-1.4701685905456543
6457,12,-1.338543176651001
6458,9,-1.5128686428070068
6459,19,-0.8703392744064331
6460,12,-1.3115370273590088
6461,12,-1.3152207136154175
6462,9,-1.5146589279174805
6463,6,-1.6626214981079102
6464,12,-1.3091075420379639
6465,10,-1.420609712600708
6466,7,-1.6086406707763672
6467,13,-1.2677711248397827
6468,8,-1.5287234783172607
6469,12,-1.3241513967514038
6470,13,-1.249225378036499
6471,9,-1.5027148723602295
6472,15,-1.1458685398101807
6473,10,-1.4494274854660034
6474,14,-1.22468900680542
6475,9,-1.4874516725540161
6476,20,-0.8062177300453186
6477,8,-1.5360743999481201
6478,14,-1.1979812383651733
6479,9,-1.4918688535690308
6480,26,-0.13746941089630127
6481,24,-0.38595277070999146
6482,12,-1.3321751356124878
6483,11,-1.372786521911621
6484,7,-1.5926856994628906
6485,13,-1.2891348600387573
6486,5,-1.7373147010803223
6487,12,-1.324772834777832
6488,5,-1.7295267581939697
6489,8,-1.5781779289245605
6490,11,-1.3886291980743408
6491,12,-1.3192355632781982
6492,9,-1.5035359859466553
6493,7,-1.6164748668670654
6494,9,-1.5052969455718994
6495,14,-1.1875250339508057
6496,9,-1.489965558052063
6497,7,-1.5832362174987793
6498,8,-1.5730822086334229
6499,12,-1.3211199045181274
6500,7,-1.6357333660125732
6501,6,-1.6723356246948242
6502,9,-1.4922441244125366
6503,23,-0.48553818464279175
6504,9,-1.5056371688842773
6505,13,-1.2529232501983643
6506,5,-1.7210232019424438
6507,7,-1.6351336240768433
6508,9,-1.5102132558822632
6509,14,-1.2093472480773926
6510,12,-1.3425143957138062
6511,12,-1.353535532951355
6512,8,-1.542406678199768
6513,12,-1.3081260919570923
6514,12,-1.3122397661209106
6515,12,-1.330438494682312
6516,11,-1.3700463771820068
6517,14,-1.2036633491516113
6518,10,-1.4425925016403198
6519,6,-1.6947928667068481
6520,7,-1.635042667388916
6521,11,-1.4124966859817505
6522,12,-1.3313199281692505
6523,21,-0.6893115639686584
6524,11,-1.4108866453170776
6525,20,-0.8024228811264038
6526,13,-1.2492811679840088
6527,14,-1.2344729900360107
6528,13,-1.268393635749817
6529,5,-1.7616521120071411
6530,13,-1.2987052202224731
6531,15,-1.1676743030548096
6532,11,-1.3633918762207031
6533,7,-1.6238306760787964
6534,6,-1.6734895706176758
6535,5,-1.7089362144470215
6536,9,-1.5175015926361084
6537,8,-1.579649806022644
6538,12,-1.349494457244873
6539,7,-1.605787992477417
6540,11,-1.4067490100860596
6541,10,-1.4405560493469238
6542,8,-1.5662238597869873
6543,7,-1.638725996017456
6544,12,-1.330199122428894
6545,5,-1.705885887145996
6546,9,-1.479707956314087
6547,9,-1.4754998683929443
6548,8,-1.5758209228515625
6549,14,-1.2369046211242676
6550,11,-1.4011082649230957
6551,10,-1.437620759010315
6552,11,-1.3731147050857544
6553,21,-0.7270936965942383
6554,8,-1.5494643449783325
6555,10,-1.4509211778640747
6556,8,-1.5629888772964478
6557,9,-1.4714820384979248
6558,8,-1.5511398315429688
6559,6,-1.692366600036621
6560,11,-1.406960368156433
6561,11,-1.3663709163665771
6562,13,-1.2829794883728027
6563,26,-0.01991415023803711
6564,10,-1.4549024105072021
6565,21,-0.7196488976478577
6566,7,-1.5846338272094727
6567,8,-1.5566531419754028
6568,13,-1.2979053258895874
6569,12,-1.307721734046936
6570,10,-1.4589622020721436
6571,10,-1.4386935234069824
6572,7,-1.6070245504379272
6573,11,-1.386367678642273
6574,12,-1.3326200246810913
6575,12,-1.327498197555542
6576,13,-1.2746750116348267
6577,14,-1.2151175737380981
6578,11,-1.404713749885559
6579,13,-1.2654540538787842
6580,7,-1.5911109447479248
6581,9,-1.5209174156188965
6582,15,-1.1781740188598633
6583,8,-1.5424222946166992
6584,7,-1.6089296340942383
6585,7,-1.6067537069320679
6586,9,-1.5198392868041992
6587,8,-1.531067967414856
6588,5,-1.7105684280395508
6589,8,-1.5380228757858276
6590,13,-1.2426666021347046
6591,24,-0.354917049407959
6592,20,-0.7553406953811646
6593,9,-1.5045983791351318
6594,8,-1.551599144935608
6595,12,-1.304746150970459
6596,8,-1.5424673557281494
6597,10,-1.467166543006897
6598,20,-0.7995381951332092
6599,6,-1.679422378540039
6600,11,-1.3647875785827637
6601,8,-1.5247633457183838
6602,6,-1.6928083896636963
6603,21,-0.6712738871574402
6604,23,-0.44539445638656616
6605,11,-1.374597430229187
6606,11,-1.3818881511688232
6607,7,-1.622611403465271
6608,14,-1.2139779329299927
6609,6,-1.6704065799713135
6610,8,-1.5579427480697632
6611,15,-1.1482067108154297
6612,13,-1.281517505645752
6613,11,-1.4095265865325928
6614,8,-1.5672590732574463
6615,15,-1.1610018014907837
6616,7,-1.6214560270309448
6617,13,-1.2558553218841553
6618,11,-1.373894453048706
6619,11,-1.3552677631378174
6620,9,-1.495235800743103
6621,10,-1.4362224340438843
6622,6,-1.6476536989212036
6623,20,-0.8130964040756226
6624,22,-0.5855883955955505
6625,8,-1.547813892364502
6626,9,-1.513864278793335
6627,10,-1.4320176839828491
6628,10,-1.4181263446807861
6629,14,-1.2192736864089966
6630,9,-1.5210000276565552
6631,12,-1.3398500680923462
6632,7,-1.587538480758667
6633,8,-1.5263038873672485
6634,6,-1.6577119827270508
6635,10,-1.4660791158676147
6636,13,-1.2509514093399048
6637,13,-1.2900125980377197
6638,21,-0.6954588890075684
6639,11,-1.3773804903030396
6640,12,-1.3396015167236328
6641,24,-0.37744784355163574
6642,10,-1.4467878341674805
6643,12,-1.307640790939331
6644,13,-1.2708442211151123
6645,7,-1.584765911102295
6646,10,-1.4162672758102417
6647,10,-1.4524198770523071
6648,8,-1.5416747331619263
6649,14,-1.181673288345337
6650,12,-1.3251999616622925
6651,7,-1.5861729383468628
6652,10,-1.432961344718933
6653,13,-1.248688817024231
6654,8,-1.573793888092041
6655,13,-1.248647928237915
6656,7,-1.5940172672271729
6657,10,-1.4230186939239502
6658,9,-1.4763543605804443
6659,12,-1.3414169549942017
6660,8,-1.5536478757858276
6661,6,-1.6962738037109375
6662,22,-0.6027015447616577
6663,9,-1.5076650381088257
6664,14,-1.1949843168258667
6665,10,-1.4613144397735596
6666,7,-1.605600357055664
6667,19,-0.864346981048584
6668,13,-1.2477469444274902
6669,8,-1.5349875688552856
6670,12,-1.3169410228729248
6671,9,-1.4795385599136353
6672,8,-1.579923391342163
6673,6,-1.652404546737671
6674,10,-1.457603096961975
6675,5,-1.7147324085235596
6676,12,-1.3314037322998047
6677,6,-1.6473815441131592
6678,8,-1.5787553787231445
6679,11,-1.3687885999679565
6680,11,-1.372147798538208
6681,7,-1.5908328294754028
6682,13,-1.2603706121444702
6683,8,-1.5609794855117798
6684,9,-1.5030105113983154
6685,12,-1.3412235975265503
6686,12,-1.347571849822998
6687,14,-1.221727728843689
6688,7,-1.6185393333435059
6689,7,-1.6179931163787842
6690,16,-1.0794918537139893
6691,10,-1.4596599340438843
6692,15,-1.1528100967407227
6693,10,-1.464003086090088
6694,22,-0.5530314445495605
6695,6,-1.6959991455078125
6696,23,-0.5153998732566833
6697,11,-1.3555793762207031
6698,7,-1.596774697303772
6699,8,-1.5541006326675415
6700,11,-1.3979970216751099
6701,8,-1.5532773733139038
6702,24,-0.42099058628082275
6703,7,-1.6058249473571777
6704,11,-1.4021023511886597
6705,15,-1.121799349784851
6706,8,-1.565317153930664
6707,9,-1.4993189573287964
6708,25,-0.25670504570007324
6709,10,-1.456321358680725
6710,7,-1.635306477546692
6711,23,-0.520064651966095
6712,7,-1.6337227821350098
6713,9,-1.4753767251968384
6714,13,-1.289660096168518
6715,8,-1.5266869068145752
6716,7,-1.6072394847869873
6717,8,-1.538684606552124
6718,8,-1.5567487478256226
6719,14,-1.223637342453003
6720,17,-1.046251893043518
6721,8,-1.5824576616287231
6722,9,-1.4867528676986694
6723,14,-1.2170592546463013
6724,8,-1.5258268117904663
6725,11,-1.3932342529296875
6726,11,-1.407599687576294
6727,18,-0.9190790057182312
6728,5,-1.706812858581543
6729,22,-0.6362631916999817
6730,5,-1.732362985610962
6731,12,-1.3265529870986938
6732,10,-1.4420901536941528
6733,6,-1.6597918272018433
6734,8,-1.56630277633667
6735,10,-1.4140292406082153
6736,9,-1.5173144340515137
6737,13,-1.2496792078018188
6738,11,-1.4066126346588135
6739,25,-0.2099187970161438
6740,22,-0.6036202311515808
6741,7,-1.5844348669052124
6742,8,-1.5512566566467285
6743,10,-1.4379205703735352
6744,16,-1.0833648443222046
6745,12,-1.332716464996338
6746,5,-1.72694993019104
6747,9,-1.495208978652954
6748,23,-0.5170163512229919
6749,14,-1.1792033910751343
6750,12,-1.3435167074203491
6751,9,-1.510546088218689
6752,11,-1.3787795305252075
6753,14,-1.217943549156189
6754,14,-1.2355296611785889
6755,11,-1.4109604358673096
6756,9,-1.4805543422698975
6757,8,-1.567273736000061
6758,8,-1.5388976335525513
6759,10,-1.4572739601135254
6760,10,-1.4257235527038574
6761,11,-1.3663450479507446
6762,7,-1.6264158487319946
6763,10,-1.424997329711914
6764,14,-1.2214350700378418
6765,9,-1.5114444494247437
6766,9,-1.4796032905578613
6767,7,-1.612716794013977
6768,7,-1.6210722923278809
6769,7,-1.6184576749801636
6770,16,-1.0663281679153442
6771,8,-1.5722618103027344
6772,8,-1.5534329414367676
6773,11,-1.4004197120666504
6774,11,-1.4029878377914429
6775,9,-1.4837617874145508
6776,7,-1.6186392307281494
6777,8,-1.5573837757110596
6778,13,-1.2816851139068604
6779,12,-1.3115185499191284
6780,9,-1.4974706172943115
6781,9,-1.4834166765213013
6782,7,-1.6163603067398071
6783,9,-1.486360788345337
6784,7,-1.6192480325698853
6785,13,-1.2573347091674805
6786,14,-1.233188509941101
6787,11,-1.3918793201446533
6788,11,-1.3795374631881714
6789,13,-1.2904431819915771
6790,9,-1.4966797828674316
6791,11,-1.3743853569030762
6792,13,-1.2865333557128906
6793,16,-1.0930728912353516
6794,14,-1.2270612716674805
6795,15,-1.1733285188674927
6796,11,-1.4116499423980713
6797,11,-1.3757479190826416
6798,9,-1.5076383352279663
6799,9,-1.4952044486999512
6800,9,-1.508828043937683
6801,15,-1.1733143329620361
6802,11,-1.406884789466858
6803,15,-1.1193175315856934
6804,11,-1.3604012727737427
6805,6,-1.654505729675293
6806,7,-1.6002178192138672
6807,8,-1.5544605255126953
6808,12,-1.3207099437713623
6809,10,-1.465636968612671
6810,11,-1.3677983283996582
6811,6,-1.6966814994812012
6812,8,-1.548693060874939
6813,8,-1.5788135528564453
6814,16,-1.1148921251296997
6815,27,0.06560182571411133
6816,13,-1.265405535697937
6817,6,-1.6475920677185059
6818,22,-0.6416769027709961
6819,9,-1.4965648651123047
6820,10,-1.431839942932129
6821,14,-1.1810239553451538
6822,6,-1.6571515798568726
6823,12,-1.3448102474212646
6824,8,-1.5654237270355225
6825,9,-1.5099939107894897
6826,13,-1.282971978187561
6827,11,-1.3565340042114258
6828,12,-1.3100438117980957
6829,26,-0.06645786762237549
6830,12,-1.3429943323135376
6831,8,-1.5386343002319336
6832,25,-0.2990759611129761
6833,5,-1.7068631649017334
6834,9,-1.4828983545303345
6835,14,-1.1909890174865723
6836,12,-1.3278753757476807
6837,12,-1.3515011072158813
6838,6,-1.6742947101593018
6839,11,-1.3838837146759033
6840,6,-1.6575229167938232
6841,6,-1.6638003587722778
6842,13,-1.26179838180542
6843,15,-1.1304377317428589
6844,14,-1.2016295194625854
6845,9,-1.521986722946167
6846,8,-1.5248074531555176
6847,7,-1.6096515655517578
6848,13,-1.2724955081939697
6849,17,-1.016988754272461
6850,9,-1.4928436279296875
6851,13,-1.2623968124389648
6852,12,-1.308596134185791
6853,12,-1.3054163455963135
6854,8,-1.5288329124450684
6855,13,-1.289916753768921
6856,6,-1.6732606887817383
6857,11,-1.3850027322769165
6858,9,-1.489424467086792
6859,6,-1.6492615938186646
6860,9,-1.4848954677581787
6861,8,-1.543305516242981
6862,11,-1.390533685684204
6863,15,-1.1318035125732422
6864,15,-1.1770657300949097
6865,9,-1.4959408044815063
6866,10,-1.4334385395050049
6867,24,-0.4190777540206909
6868,11,-1.3861016035079956
6869,9,-1.4739996194839478
6870,4,-1.7654929161071777
6871,13,-1.2941820621490479
6872,13,-1.257534384727478
6873,8,-1.5334489345550537
6874,9,-1.4908746480941772
6875,8,-1.5412558317184448
6876,10,-1.417341709136963
6877,9,-1.5058366060256958
6878,5,-1.7327044010162354
6879,22,-0.5687971115112305
6880,12,-1.321732759475708
6881,7,-1.622222900390625
6882,10,-1.4323792457580566
6883,22,-0.6436993479728699
6884,22,-0.6071900725364685
6885,8,-1.5619949102401733
6886,26,-0.1456294059753418
6887,10,-1.466057300567627
6888,24,-0.40003442764282227
6889,19,-0.8526178598403931
6890,12,-1.3135497570037842
6891,9,-1.500836730003357
6892,28,0.3728538751602173
6893,12,-1.3060805797576904
6894,13,-1.2829904556274414
6895,9,-1.4840729236602783
6896,10,-1.4246819019317627
6897,14,-1.2152397632598877
6898,8,-1.5329158306121826
6899,11,-1.4085685014724731
6900,11,-1.387305736541748
6901,10,-1.4191656112670898
6902,14,-1.2079921960830688
6903,10,-1.4182593822479248
6904,11,-1.3702523708343506
6905,12,-1.3192214965820312
6906,14,-1.2333884239196777
6907,13,-1.2701953649520874
6908,14,-1.1798875331878662
6909,13,-1.292172908782959
6910,19,-0.8703117370605469
6911,5,-1.7575488090515137
6912,12,-1.3015810251235962
6913,9,-1.5220539569854736
6914,6,-1.6474963426589966
6915,14,-1.239101529121399
6916,7,-1.5892083644866943
6917,23,-0.4452406167984009
6918,15,-1.1744670867919922
6919,7,-1.5913341045379639
6920,27,0.17609167098999023
6921,12,-1.3241617679595947
6922,10,-1.436967372894287
6923,12,-1.3327293395996094
6924,7,-1.6015130281448364
6925,8,-1.5791429281234741
6926,12,-1.3149893283843994
6927,12,-1.3395133018493652
6928,12,-1.3465113639831543
6929,22,-0.6124686598777771
6930,14,-1.1993446350097656
6931,10,-1.4661682844161987
6932,9,-1.5123891830444336
6933,10,-1.4197900295257568
6934,9,-1.5193792581558228
6935,11,-1.3569746017456055
6936,23,-0.4702053666114807
6937,13,-1.2499349117279053
6938,10,-1.425286054611206
6939,15,-1.1414161920547485
6940,7,-1.6241751909255981
6941,17,-1.0501539707183838
6942,28,0.2921454906463623
6943,7,-1.6001601219177246
6944,8,-1.570230484008789
6945,8,-1.5279089212417603
6946,11,-1.3725309371948242
6947,7,-1.623740792274475
6948,15,-1.1263083219528198
6949,5,-1.727999210357666
6950,10,-1.4624487161636353
6951,10,-1.4207260608673096
6952,15,-1.1477807760238647
6953,7,-1.5973727703094482
6954,8,-1.5530614852905273
6955,8,-1.5749075412750244
6956,17,-0.9889410734176636
6957,10,-1.4317928552627563
6958,8,-1.5362966060638428
6959,15,-1.1725400686264038
6960,25,-0.3053498864173889
6961,9,-1.485933780670166
6962,9,-1.4929105043411255
6963,9,-1.4902310371398926
6964,12,-1.3531931638717651
6965,7,-1.6005373001098633
6966,8,-1.5363428592681885
6967,6,-1.66697359085083
6968,9,-1.4800046682357788
6969,13,-1.2915476560592651
6970,16,-1.0610170364379883
6971,13,-1.293001413345337
6972,9,-1.5226818323135376
6973,15,-1.1481088399887085
6974,8,-1.5690957307815552
6975,12,-1.3251559734344482
6976,10,-1.4543370008468628
6977,11,-1.3622444868087769
6978,24,-0.403994619846344
6979,15,-1.1575483083724976
6980,12,-1.3266602754592896
6981,11,-1.4068677425384521
6982,9,-1.5025874376296997
6983,12,-1.3307312726974487
6984,13,-1.2454967498779297
6985,14,-1.2317777872085571
6986,12,-1.3213258981704712
6987,5,-1.7077597379684448
6988,26,-0.10832035541534424
6989,10,-1.4625203609466553
6990,7,-1.5905553102493286
6991,8,-1.5291962623596191
6992,11,-1.3864514827728271
6993,9,-1.5219275951385498
6994,9,-1.4710792303085327
6995,12,-1.3352843523025513
6996,8,-1.5512762069702148
6997,7,-1.629741907119751
6998,13,-1.2736217975616455
6999,13,-1.2736656665802002
7000,9,-1.5112614631652832
7001,8,-1.540271282196045
7002,12,-1.3428109884262085
7003,9,-1.5090763568878174
7004,6,-1.687211036682129
7005,19,-0.8766285181045532
7006,10,-1.4342328310012817
7007,8,-1.5282199382781982
7008,8,-1.5599780082702637
7009,7,-1.6054891347885132
7010,22,-0.6243162751197815
7011,14,-1.184081792831421
7012,10,-1.4567546844482422
7013,26,-0.11067819595336914
7014,11,-1.3586163520812988
7015,9,-1.473395824432373
7016,8,-1.5603572130203247
7017,27,0.15321874618530273
7018,11,-1.4072538614273071
7019,8,-1.5344486236572266
7020,11,-1.363576054573059
7021,11,-1.411324143409729
7022,9,-1.5200037956237793
7023,13,-1.2957053184509277
7024,7,-1.636467456817627
7025,11,-1.3829293251037598
7026,13,-1.2609158754348755
7027,14,-1.2208809852600098
7028,8,-1.545220136642456
7029,12,-1.3280184268951416
7030,10,-1.4398771524429321
7031,9,-1.4835225343704224
7032,14,-1.2233303785324097
7033,11,-1.3774837255477905
7034,7,-1.5879684686660767
7035,25,-0.19508111476898193
7036,7,-1.624725580215454
7037,5,-1.7222764492034912
7038,12,-1.3100115060806274
7039,10,-1.4666130542755127
7040,12,-1.3007752895355225
7041,22,-0.6399735808372498
7042,8,-1.5703520774841309
7043,15,-1.1236757040023804
7044,11,-1.4045488834381104
7045,9,-1.5199662446975708
7046,15,-1.1543296575546265
7047,13,-1.2951655387878418
7048,23,-0.48963308334350586
7049,8,-1.5509215593338013
7050,16,-1.114457368850708
7051,8,-1.5580346584320068
7052,8,-1.5464649200439453
7053,27,0.15212082862854004
7054,15,-1.1562652587890625
7055,7,-1.5875720977783203
7056,8,-1.5799528360366821
7057,25,-0.2069491147994995
7058,6,-1.6708967685699463
7059,12,-1.3046998977661133
7060,14,-1.1878862380981445
7061,13,-1.2438284158706665
7062,12,-1.3371851444244385
7063,14,-1.2187373638153076
7064,9,-1.510201334953308
7065,26,-0.010254502296447754
7066,5,-1.7476081848144531
7067,16,-1.0871827602386475
7068,14,-1.24042809009552
7069,15,-1.1623727083206177
7070,14,-1.20712411403656
7071,13,-1.245037317276001
7072,14,-1.2228914499282837
7073,14,-1.2281413078308105
7074,19,-0.8745457530021667
7075,13,-1.2478501796722412
7076,10,-1.4140939712524414
7077,12,-1.303786039352417
7078,8,-1.546334981918335
7079,12,-1.323800802230835
7080,22,-0.6197946071624756
7081,17,-1.0099142789840698
7082,9,-1.4836418628692627
7083,9,-1.4766596555709839
7084,21,-0.7210569977760315
7085,19,-0.8689987659454346
7086,11,-1.3869354724884033
7087,8,-1.556145429611206
7088,5,-1.7265052795410156
7089,6,-1.6700190305709839
7090,12,-1.3071649074554443
7091,9,-1.4998128414154053
7092,9,-1.5212401151657104
7093,6,-1.6714643239974976
7094,27,0.08304738998413086
7095,28,0.3160005807876587
7096,10,-1.4365818500518799
7097,13,-1.2635174989700317
7098,8,-1.5291533470153809
7099,12,-1.309103012084961
7100,9,-1.4692375659942627
7101,12,-1.3010867834091187
7102,10,-1.4137258529663086
7103,14,-1.207987666130066
7104,27,0.06245434284210205
7105,24,-0.3700627088546753
7106,28,0.3690299987792969
7107,11,-1.3775485754013062
7108,7,-1.6204859018325806
7109,8,-1.569385051727295
7110,12,-1.3373405933380127
7111,8,-1.5451092720031738
7112,6,-1.6927812099456787
7113,15,-1.1451218128204346
7114,10,-1.4496797323226929
7115,10,-1.4316020011901855
7116,15,-1.1720463037490845
7117,12,-1.3317315578460693
7118,15,-1.1430517435073853
7119,11,-1.3988431692123413
7120,10,-1.4250801801681519
7121,9,-1.4995197057724
7122,11,-1.3558372259140015
7123,10,-1.4386545419692993
7124,9,-1.4999436140060425
7125,10,-1.4363489151000977
7126,13,-1.2516529560089111
7127,9,-1.4929479360580444
7128,15,-1.1776559352874756
7129,8,-1.5480682849884033
7130,7,-1.6026402711868286
7131,9,-1.5224041938781738
7132,11,-1.408790111541748
7133,8,-1.541347861289978
7134,10,-1.4666519165039062
7135,15,-1.1247676610946655
7136,26,-0.09691834449768066
7137,8,-1.5619566440582275
7138,14,-1.1973445415496826
7139,5,-1.7116303443908691
7140,9,-1.5002493858337402
7141,9,-1.482047200202942
7142,14,-1.1866354942321777
7143,7,-1.6304651498794556
7144,8,-1.546815037727356
7145,26,-0.10905885696411133
7146,12,-1.3338830471038818
7147,10,-1.466628074645996
7148,9,-1.4952994585037231
7149,9,-1.4925730228424072
7150,10,-1.419621229171753
7151,26,-0.025861024856567383
7152,16,-1.1054426431655884
7153,13,-1.2690317630767822
7154,7,-1.5903258323669434
7155,10,-1.4592052698135376
7156,14,-1.2323280572891235
7157,7,-1.5935783386230469
7158,11,-1.4100521802902222
7159,7,-1.5916292667388916
7160,16,-1.0971307754516602
7161,10,-1.451574444770813
7162,12,-1.3196643590927124
7163,7,-1.6141988039016724
7164,12,-1.3236134052276611
7165,10,-1.4295878410339355
7166,25,-0.30310970544815063
7167,7,-1.6050019264221191
7168,24,-0.36935561895370483
7169,11,-1.3942480087280273
7170,26,-0.09196233749389648
7171,16,-1.0749070644378662
7172,13,-1.25396728515625
7173,9,-1.5123895406723022
7174,11,-1.4064624309539795
7175,13,-1.2636604309082031
7176,12,-1.3450511693954468
7177,10,-1.421115756034851
7178,12,-1.3487133979797363
7179,17,-1.0031871795654297
7180,9,-1.4875257015228271
7181,11,-1.4055707454681396
7182,12,-1.3393274545669556
7183,26,0.007960677146911621
7184,6,-1.6506778001785278
7185,21,-0.6811556220054626
7186,9,-1.523737907409668
7187,15,-1.1467348337173462
7188,14,-1.222367763519287
7189,8,-1.5427920818328857
7190,9,-1.5206137895584106
7191,12,-1.3273526430130005
7192,24,-0.3743174076080322
7193,10,-1.417198657989502
7194,15,-1.1472796201705933
7195,16,-1.0814392566680908
7196,13,-1.2438178062438965
7197,11,-1.3996721506118774
7198,13,-1.2516193389892578
7199,7,-1.608612298965454
7200,12,-1.3005307912826538
7201,16,-1.0915141105651855
7202,27,0.1050724983215332
7203,9,-1.5051285028457642
7204,12,-1.3113445043563843
7205,13,-1.2710155248641968
7206,10,-1.4128960371017456
7207,11,-1.3794463872909546
7208,9,-1.5105628967285156
7209,15,-1.1425095796585083
7210,8,-1.5380836725234985
7211,8,-1.529281735420227
7212,13,-1.2998533248901367
7213,11,-1.3962587118148804
7214,14,-1.1954213380813599
7215,9,-1.4923601150512695
7216,8,-1.5356775522232056
7217,15,-1.1690795421600342
7218,9,-1.510979175567627
7219,14,-1.2088510990142822
7220,14,-1.1814134120941162
7221,15,-1.172592282295227
7222,10,-1.4380608797073364
7223,17,-1.0358586311340332
7224,16,-1.081329107284546
7225,28,0.37541913986206055
7226,14,-1.230360984802246
7227,19,-0.8460986614227295
7228,11,-1.3829425573349
7229,13,-1.2826378345489502
7230,27,0.12453258037567139
7231,9,-1.51309072971344
7232,14,-1.236606240272522
7233,14,-1.2065722942352295
7234,28,0.5196117162704468
7235,12,-1.3258321285247803
7236,6,-1.6502647399902344
7237,15,-1.167222023010254
7238,16,-1.0899684429168701
7239,9,-1.4947216510772705
7240,8,-1.5609421730041504
7241,18,-0.9145649075508118
7242,12,-1.3042625188827515
7243,7,-1.5984034538269043
7244,12,-1.327306866645813
7245,10,-1.4649040699005127
7246,13,-1.2869807481765747
7247,9,-1.5080602169036865
7248,6,-1.6931192874908447
7249,28,0.34872305393218994
7250,14,-1.234778642654419
7251,12,-1.3366564512252808
7252,13,-1.287528157234192
7253,9,-1.4767730236053467
7254,14,-1.210091233253479
7255,10,-1.4403598308563232
7256,9,-1.5122541189193726
7257,8,-1.5809972286224365
7258,11,-1.410465955734253
7259,22,-0.5690894722938538
7260,13,-1.2975845336914062
7261,11,-1.3697819709777832
7262,14,-1.1839613914489746
7263,7,-1.6188251972198486
7264,11,-1.3648490905761719
7265,10,-1.4381755590438843
7266,9,-1.5168542861938477
7267,9,-1.511366844177246
7268,10,-1.4471849203109741
7269,8,-1.574617862701416
7270,13,-1.2951371669769287
7271,10,-1.4534156322479248
7272,7,-1.613160490989685
7273,10,-1.4407784938812256
7274,8,-1.5335159301757812
7275,10,-1.4308463335037231
7276,10,-1.4632006883621216
7277,10,-1.4500343799591064
7278,8,-1.5246381759643555
7279,15,-1.1407761573791504
7280,13,-1.2811942100524902
7281,16,-1.0620843172073364
7282,15,-1.138235092163086
7283,9,-1.4726979732513428
7284,10,-1.4650070667266846
7285,13,-1.280550479888916
7286,14,-1.2210019826889038
7287,10,-1.4609313011169434
7288,10,-1.4321980476379395
7289,27,0.16005074977874756
7290,8,-1.5694478750228882
7291,14,-1.2406903505325317
7292,10,-1.4589463472366333
7293,28,0.4758108854293823
7294,15,-1.1424955129623413
7295,23,-0.48821043968200684
7296,12,-1.3433281183242798
7297,6,-1.6410918235778809
7298,12,-1.339148759841919
7299,8,-1.5420646667480469
7300,15,-1.1315381526947021
7301,9,-1.4854187965393066
7302,10,-1.441195011138916
7303,24,-0.3433198928833008
7304,13,-1.2549409866333008
7305,10,-1.4157177209854126
7306,22,-0.5786396861076355
7307,11,-1.3949992656707764
7308,12,-1.3538968563079834
7309,13,-1.2506883144378662
7310,16,-1.104039192199707
7311,12,-1.319144368171692
7312,18,-0.9540443420410156
7313,9,-1.4963958263397217
7314,12,-1.3501324653625488
7315,13,-1.284015417098999
7316,9,-1.5217534303665161
7317,9,-1.4865881204605103
7318,16,-1.0835516452789307
7319,11,-1.3695567846298218
7320,13,-1.2792062759399414
7321,13,-1.2897647619247437
7322,8,-1.5455851554870605
7323,9,-1.4684340953826904
7324,7,-1.6272284984588623
7325,10,-1.4313721656799316
7326,13,-1.2548202276229858
7327,9,-1.5098129510879517
7328,9,-1.4767986536026
7329,10,-1.4204977750778198
7330,14,-1.1974456310272217
7331,10,-1.4352320432662964
7332,7,-1.6142618656158447
7333,13,-1.2767213582992554
7334,9,-1.4779272079467773
7335,13,-1.2470163106918335
7336,12,-1.350393295288086
7337,17,-1.0365222692489624
7338,12,-1.3514533042907715
7339,28,0.25931525230407715
7340,9,-1.487173080444336
7341,11,-1.4001468420028687
7342,6,-1.6792712211608887
7343,8,-1.5478558540344238
7344,17,-1.0119049549102783
7345,15,-1.1343127489089966
7346,7,-1.6380953788757324
7347,7,-1.603943943977356
7348,8,-1.5266025066375732
7349,27,0.13595986366271973
7350,9,-1.4972708225250244
7351,15,-1.1770533323287964
7352,24,-0.4265778660774231
7353,9,-1.5161234140396118
7354,27,0.06464612483978271
7355,12,-1.310968041419983
7356,23,-0.4496820569038391
7357,24,-0.37448883056640625
7358,9,-1.4799573421478271
7359,7,-1.602670669555664
7360,12,-1.3376643657684326
7361,25,-0.3047090768814087
7362,14,-1.238769292831421
7363,13,-1.2650967836380005
7364,12,-1.335236668586731
7365,8,-1.5500866174697876
7366,14,-1.2245763540267944
7367,10,-1.4353423118591309
7368,12,-1.3380470275878906
7369,8,-1.5662281513214111
7370,10,-1.4587827920913696
7371,11,-1.3852289915084839
7372,14,-1.1858916282653809
7373,12,-1.3447970151901245
7374,7,-1.6211764812469482
7375,13,-1.292094349861145
7376,10,-1.4477251768112183
7377,15,-1.12580406665802
7378,13,-1.2688292264938354
7379,10,-1.4198166131973267
7380,12,-1.332419753074646
7381,9,-1.502784013748169
7382,8,-1.5469744205474854
7383,7,-1.5925521850585938
7384,10,-1.4387686252593994
7385,28,0.4999426603317261
7386,11,-1.4055159091949463
7387,12,-1.3399426937103271
7388,12,-1.316196322441101
7389,7,-1.6033238172531128
7390,23,-0.4377872943878174
7391,11,-1.3584257364273071
7392,10,-1.4644099473953247
7393,6,-1.6489722728729248
7394,20,-0.791725218296051
7395,25,-0.21909183263778687
7396,23,-0.44859516620635986
7397,16,-1.0861722230911255
7398,8,-1.5368186235427856
7399,10,-1.4362412691116333
7400,18,-0.91736900806427
7401,15,-1.127371907234192
7402,9,-1.5030362606048584
7403,10,-1.4140852689743042
7404,9,-1.4818930625915527
7405,10,-1.4218380451202393
7406,15,-1.172789454460144
7407,9,-1.5164096355438232
7408,20,-0.7542089223861694
7409,14,-1.2187010049819946
7410,15,-1.1538581848144531
7411,7,-1.5836255550384521
7412,10,-1.4335932731628418
7413,10,-1.4625909328460693
7414,8,-1.5407910346984863
7415,16,-1.1158356666564941
7416,9,-1.4830316305160522
7417,25,-0.2629548907279968
7418,14,-1.2087393999099731
7419,9,-1.4859308004379272
7420,12,-1.3108034133911133
7421,9,-1.4807074069976807
7422,9,-1.5165005922317505
7423,9,-1.4906864166259766
7424,10,-1.451099157333374
7425,16,-1.0702177286148071
7426,7,-1.5988329648971558
7427,8,-1.5768269300460815
7428,14,-1.1813859939575195
7429,15,-1.1253852844238281
7430,12,-1.3225014209747314
7431,14,-1.2269630432128906
7432,15,-1.1182936429977417
7433,15,-1.175307273864746
7434,18,-0.9422807693481445
7435,13,-1.2606568336486816
7436,14,-1.2298307418823242
7437,22,-0.5518779158592224
7438,11,-1.41162109375
7439,8,-1.578830361366272
7440,10,-1.4479681253433228
7441,9,-1.497576117515564
7442,9,-1.497819423675537
7443,10,-1.4547882080078125
7444,27,0.22066378593444824
7445,26,-0.11609315872192383
7446,14,-1.2375882863998413
7447,11,-1.4063446521759033
7448,6,-1.6396816968917847
7449,13,-1.2833857536315918
7450,18,-0.9792458415031433
7451,11,-1.4009747505187988
7452,11,-1.3759024143218994
7453,13,-1.2550034523010254
7454,12,-1.302616000175476
7455,28,0.2786146402359009
7456,8,-1.5496253967285156
7457,10,-1.4433039426803589
7458,13,-1.2439852952957153
7459,14,-1.1994000673294067
7460,7,-1.6197872161865234
7461,10,-1.4373456239700317
7462,12,-1.3184053897857666
7463,13,-1.2863973379135132
7464,12,-1.305367350578308
7465,12,-1.3219047784805298
7466,14,-1.2366414070129395
7467,14,-1.1907367706298828
7468,20,-0.775253415107727
7469,22,-0.5583815574645996
7470,9,-1.5182281732559204
7471,11,-1.3709088563919067
7472,6,-1.6642277240753174
7473,11,-1.3736271858215332
7474,25,-0.27448761463165283
7475,16,-1.08766508102417
7476,6,-1.6604201793670654
7477,8,-1.5383903980255127
7478,12,-1.3440226316452026
7479,11,-1.3806116580963135
7480,11,-1.4120540618896484
7481,9,-1.5063741207122803
7482,9,-1.4802448749542236
7483,19,-0.8494728803634644
7484,8,-1.52986741065979
7485,17,-1.0434404611587524
7486,12,-1.314664363861084
7487,7,-1.6097617149353027
7488,12,-1.316209077835083
7489,28,0.29680514335632324
7490,9,-1.4686181545257568
7491,11,-1.4110033512115479
7492,13,-1.2600798606872559
7493,14,-1.200581431388855
7494,11,-1.3662400245666504
7495,13,-1.2635341882705688
7496,13,-1.2967215776443481
7497,9,-1.4835703372955322
7498,10,-1.4280424118041992
7499,16,-1.1145334243774414
7500,9,-1.5218758583068848
7501,7,-1.584228277206421
7502,12,-1.317219853401184
7503,15,-1.1363970041275024
7504,8,-1.5349550247192383
7505,10,-1.4242874383926392
7506,12,-1.3264126777648926
7507,7,-1.6361790895462036
7508,17,-1.0508975982666016
7509,10,-1.44837486743927
7510,14,-1.2237586975097656
7511,10,-1.4370731115341187
7512,13,-1.250902771949768
7513,13,-1.2502466440200806
7514,8,-1.5731289386749268
7515,8,-1.5733537673950195
7516,11,-1.3787318468093872
7517,20,-0.768182098865509
7518,7,-1.6168729066848755
7519,13,-1.299399733543396
7520,9,-1.5093002319335938
7521,15,-1.1423887014389038
7522,11,-1.3925683498382568
7523,8,-1.5404720306396484
7524,17,-1.016767978668213
7525,10,-1.4585394859313965
7526,14,-1.2306344509124756
7527,10,-1.445125937461853
7528,17,-0.994481086730957
7529,17,-1.046159267425537
7530,7,-1.5916615724563599
7531,15,-1.1420170068740845
7532,12,-1.3247677087783813
7533,12,-1.30685293674469
7534,9,-1.5100204944610596
7535,9,-1.5035922527313232
7536,25,-0.28458261489868164
7537,11,-1.3843598365783691
7538,13,-1.280263066291809
7539,8,-1.5357956886291504
7540,10,-1.4219398498535156
7541,16,-1.1118221282958984
7542,18,-0.9681122303009033
7543,17,-1.013640284538269
7544,13,-1.2471641302108765
7545,17,-1.0260809659957886
7546,9,-1.5245696306228638
7547,15,-1.1214890480041504
7548,15,-1.1685928106307983
7549,12,-1.3182741403579712
7550,12,-1.352523684501648
7551,24,-0.32941532135009766
7552,28,0.2509578466415405
7553,24,-0.39800935983657837
7554,8,-1.542891502380371
7555,13,-1.286183476448059
7556,14,-1.2065834999084473
7557,9,-1.4842841625213623
7558,13,-1.272309422492981
7559,11,-1.380773663520813
7560,11,-1.3884626626968384
7561,8,-1.5485180616378784
7562,11,-1.3724315166473389
7563,12,-1.3410391807556152
7564,7,-1.5961575508117676
7565,14,-1.2318426370620728
7566,17,-1.0078198909759521
7567,11,-1.3776698112487793
7568,16,-1.0661073923110962
7569,22,-0.6149293780326843
7570,16,-1.0580657720565796
7571,9,-1.4845565557479858
7572,9,-1.4801183938980103
7573,10,-1.4171130657196045
7574,14,-1.1970840692520142
7575,14,-1.196062684059143
7576,9,-1.4811877012252808
7577,11,-1.3981084823608398
7578,27,0.13650786876678467
7579,19,-0.8597909212112427
7580,12,-1.3137996196746826
7581,15,-1.12357759475708
7582,14,-1.2088587284088135
7583,12,-1.3217391967773438
7584,27,0.04016685485839844
7585,25,-0.21788692474365234
7586,13,-1.288684606552124
7587,20,-0.7431014776229858
7588,15,-1.1767244338989258
7589,9,-1.508429765701294
7590,21,-0.7331182360649109
7591,8,-1.5750954151153564
7592,19,-0.9026396870613098
7593,28,0.3355889320373535
7594,14,-1.1843199729919434
7595,13,-1.247819423675537
7596,11,-1.388529658317566
7597,14,-1.2381490468978882
7598,24,-0.3703193664550781
7599,13,-1.2510501146316528
7600,10,-1.465994119644165
7601,15,-1.1648579835891724
7602,11,-1.372787356376648
7603,14,-1.228405237197876
7604,13,-1.273909330368042
7605,23,-0.44842082262039185
7606,13,-1.259582281112671
7607,11,-1.4062318801879883
7608,13,-1.265804648399353
7609,8,-1.5533275604248047
7610,8,-1.5619215965270996
7611,7,-1.615843415260315
7612,9,-1.4993116855621338
7613,20,-0.8219283223152161
7614,11,-1.3847764730453491
7615,7,-1.606805682182312
7616,8,-1.5530226230621338
7617,11,-1.396653175354004
7618,14,-1.2358663082122803
7619,8,-1.539872646331787
7620,17,-1.011910319328308
7621,11,-1.369513988494873
7622,14,-1.2295002937316895
7623,7,-1.5969513654708862
7624,28,0.2865633964538574
7625,11,-1.3805699348449707
7626,9,-1.4912537336349487
7627,24,-0.40712159872055054
7628,12,-1.3513284921646118
7629,8,-1.554567813873291
7630,15,-1.1442458629608154
7631,23,-0.4981621503829956
7632,10,-1.4365825653076172
7633,8,-1.5728652477264404
7634,8,-1.5318353176116943
7635,7,-1.588280200958252
7636,13,-1.294028401374817
7637,26,-0.10551857948303223
7638,13,-1.2815698385238647
7639,6,-1.647108793258667
7640,12,-1.313950538635254
7641,15,-1.173534631729126
7642,16,-1.0624656677246094
7643,9,-1.4989917278289795
7644,6,-1.6558886766433716
7645,15,-1.165414571762085
7646,8,-1.5566307306289673
7647,12,-1.3520573377609253
7648,7,-1.601224660873413
7649,26,0.01633894443511963
7650,8,-1.5401911735534668
7651,17,-1.0321166515350342
7652,15,-1.1496776342391968
7653,13,-1.284096121788025
7654,9,-1.5089514255523682
7655,14,-1.2284913063049316
7656,14,-1.1834763288497925
7657,13,-1.2482331991195679
7658,11,-1.3702019453048706
7659,11,-1.3942972421646118
7660,12,-1.3518685102462769
7661,15,-1.1459540128707886
7662,9,-1.4819121360778809
7663,11,-1.361588478088379
7664,25,-0.172346830368042
7665,10,-1.4155832529067993
7666,14,-1.2140287160873413
7667,12,-1.3312606811523438
7668,22,-0.6039142608642578
7669,8,-1.545546531677246
7670,9,-1.4813413619995117
7671,9,-1.5081205368041992
7672,9,-1.4939838647842407
7673,8,-1.5367830991744995
7674,14,-1.2134021520614624
7675,14,-1.231764554977417
7676,14,-1.188354730606079
7677,10,-1.4173208475112915
7678,13,-1.2504392862319946
7679,16,-1.112811803817749
7680,10,-1.4375321865081787
7681,14,-1.222682237625122
7682,11,-1.401384711265564
7683,14,-1.235627293586731
7684,8,-1.5595057010650635
7685,15,-1.1640933752059937
7686,15,-1.1537742614746094
7687,23,-0.4690864086151123
7688,8,-1.5442993640899658
7689,6,-1.6645642518997192
7690,17,-1.0489767789840698
7691,11,-1.4023113250732422
7692,21,-0.6812297105789185
7693,12,-1.3176676034927368
7694,11,-1.3858126401901245
7695,12,-1.3386479616165161
7696,11,-1.3916728496551514
7697,14,-1.194996953010559
7698,8,-1.5544397830963135
7699,12,-1.3010458946228027
7700,11,-1.3925457000732422
7701,9,-1.514536738395691
7702,13,-1.2610541582107544
7703,11,-1.3851537704467773
7704,18,-0.9485287666320801
7705,9,-1.4979462623596191
7706,14,-1.208295226097107
7707,14,-1.1853734254837036
7708,7,-1.6322442293167114
7709,16,-1.0626838207244873
7710,6,-1.6580085754394531
7711,13,-1.2905902862548828
7712,12,-1.3541820049285889
7713,11,-1.3733681440353394
7714,19,-0.8355576992034912
7715,11,-1.3769824504852295
7716,13,-1.2735555171966553
7717,14,-1.1879585981369019
7718,12,-1.302608847618103
7719,23,-0.44503819942474365
7720,10,-1.451912760734558
7721,15,-1.164854645729065
7722,13,-1.2776985168457031
7723,10,-1.426351547241211
7724,23,-0.4661349058151245
7725,11,-1.3974049091339111
7726,15,-1.14473557472229
7727,10,-1.4664890766143799
7728,10,-1.418843388557434
7729,15,-1.1696429252624512
7730,14,-1.2356224060058594
7731,16,-1.084910273551941
7732,12,-1.307334542274475
7733,9,-1.5152963399887085
7734,15,-1.137130618095398
7735,9,-1.486020803451538
7736,15,-1.1482418775558472
7737,10,-1.447892189025879
7738,12,-1.3270193338394165
7739,8,-1.5713233947753906
7740,12,-1.326048493385315
7741,12,-1.3350915908813477
7742,14,-1.2266031503677368
7743,16,-1.0620996952056885
7744,20,-0.7927736043930054
7745,8,-1.5621671676635742
7746,13,-1.256343960762024
7747,10,-1.4498940706253052
7748,17,-0.9940717816352844
7749,8,-1.5310606956481934
7750,10,-1.4562904834747314
7751,12,-1.3515409231185913
7752,9,-1.516196846961975
7753,7,-1.601663589477539
7754,15,-1.1296322345733643
7755,22,-0.5475671291351318
7756,10,-1.4462989568710327
7757,11,-1.4062904119491577
7758,15,-1.1740163564682007
7759,10,-1.4327647686004639
7760,14,-1.2098491191864014
7761,12,-1.3016399145126343
7762,14,-1.2150074243545532
7763,11,-1.3833889961242676
7764,26,-0.000667572021484375
7765,11,-1.378138542175293
7766,8,-1.5487920045852661
7767,11,-1.3658034801483154
7768,26,-0.022985339164733887
7769,25,-0.24400991201400757
7770,14,-1.2303798198699951
7771,19,-0.8475170731544495
7772,15,-1.1565757989883423
7773,16,-1.0664854049682617
7774,6,-1.6980819702148438
7775,11,-1.4078388214111328
7776,9,-1.4918782711029053
7777,13,-1.2462654113769531
7778,23,-0.5365980267524719
7779,13,-1.252144694328308
7780,14,-1.2164583206176758
7781,8,-1.5391159057617188
7782,9,-1.4930131435394287
7783,10,-1.4478193521499634
7784,16,-1.0943150520324707
7785,14,-1.2004339694976807
7786,11,-1.3994357585906982
7787,8,-1.526485562324524
7788,9,-1.4687957763671875
7789,10,-1.466578722000122
7790,10,-1.4319109916687012
7791,9,-1.4840065240859985
7792,11,-1.4043185710906982
7793,13,-1.2967109680175781
7794,16,-1.1174938678741455
7795,10,-1.427154541015625
7796,10,-1.4647066593170166
7797,10,-1.4526104927062988
7798,9,-1.4798450469970703
7799,8,-1.5358977317810059
7800,18,-0.9575655460357666
7801,8,-1.5634965896606445
7802,7,-1.6097010374069214
7803,13,-1.2680082321166992
7804,15,-1.1246596574783325
7805,9,-1.513893961906433
7806,11,-1.377223253250122
7807,11,-1.410682201385498
7808,10,-1.4190422296524048
7809,10,-1.4188588857650757
7810,15,-1.127172589302063
7811,7,-1.6337391138076782
7812,27,0.10041141510009766
7813,12,-1.3375599384307861
7814,8,-1.5502818822860718
7815,15,-1.1479672193527222
7816,16,-1.0642253160476685
7817,10,-1.4232386350631714
7818,10,-1.4570173025131226
7819,7,-1.5883102416992188
7820,10,-1.4610085487365723
7821,26,-0.05439341068267822
7822,13,-1.2703452110290527
7823,18,-0.9154131412506104
7824,12,-1.3346014022827148
7825,15,-1.1327242851257324
7826,8,-1.5332057476043701
7827,16,-1.1044725179672241
7828,11,-1.3552119731903076
7829,26,-0.14112937450408936
7830,24,-0.35308772325515747
7831,16,-1.0873923301696777
7832,13,-1.2918376922607422
7833,7,-1.5994725227355957
7834,25,-0.22592908143997192
7835,10,-1.4562442302703857
7836,11,-1.3592287302017212
7837,13,-1.2619045972824097
7838,9,-1.5148733854293823
7839,13,-1.2844470739364624
7840,10,-1.4205350875854492
7841,9,-1.4691647291183472
7842,17,-1.0308125019073486
7843,12,-1.3443198204040527
7844,15,-1.1688419580459595
7845,8,-1.5609666109085083
7846,10,-1.4169424772262573
7847,15,-1.1545475721359253
7848,11,-1.3603439331054688
7849,7,-1.5954960584640503
7850,12,-1.3241024017333984
7851,12,-1.3099799156188965
7852,18,-0.9764782190322876
7853,15,-1.1544727087020874
7854,14,-1.2314364910125732
7855,10,-1.4433258771896362
7856,12,-1.3341810703277588
7857,13,-1.253548264503479
7858,13,-1.2996073961257935
7859,8,-1.5614128112792969
7860,18,-0.9508422613143921
7861,13,-1.2891358137130737
7862,15,-1.1264848709106445
7863,11,-1.3878477811813354
7864,17,-0.9980674982070923
7865,12,-1.300634741783142
7866,15,-1.141377568244934
7867,13,-1.2576411962509155
7868,14,-1.200834035873413
7869,14,-1.1953388452529907
7870,8,-1.578830361366272
7871,25,-0.2328801155090332
7872,16,-1.1010288000106812
7873,9,-1.472928762435913
7874,13,-1.2685580253601074
7875,28,0.4809436798095703
7876,10,-1.4339630603790283
7877,15,-1.1479098796844482
7878,25,-0.26774370670318604
7879,10,-1.4474363327026367
7880,9,-1.5169336795806885
7881,24,-0.4312288165092468
7882,9,-1.5226205587387085
7883,15,-1.12217378616333
7884,8,-1.5637283325195312
7885,10,-1.4551538228988647
7886,24,-0.403419554233551
7887,10,-1.4376188516616821
7888,11,-1.384432077407837
7889,13,-1.2488183975219727
7890,15,-1.134413242340088
7891,15,-1.1195000410079956
7892,15,-1.1577966213226318
7893,8,-1.5683268308639526
7894,8,-1.5403155088424683
7895,13,-1.248346209526062
7896,10,-1.4663712978363037
7897,11,-1.3992457389831543
7898,14,-1.2092498540878296
7899,11,-1.4053955078125
7900,14,-1.2185546159744263
7901,8,-1.546736240386963
7902,9,-1.5009493827819824
7903,21,-0.7136921882629395
7904,17,-1.0171844959259033
7905,10,-1.4138143062591553
7906,14,-1.1874849796295166
7907,29,0.6239644289016724
7908,11,-1.370438575744629
7909,9,-1.509570598602295
7910,9,-1.5118526220321655
7911,10,-1.448912501335144
7912,12,-1.3061515092849731
7913,17,-0.98294997215271
7914,27,0.07906663417816162
7915,8,-1.5722581148147583
7916,12,-1.3171647787094116
7917,16,-1.1104446649551392
7918,15,-1.1443309783935547
7919,16,-1.095165491104126
7920,9,-1.506670355796814
7921,9,-1.4850108623504639
7922,11,-1.3791013956069946
7923,9,-1.5157320499420166
7924,11,-1.3663756847381592
7925,15,-1.1598241329193115
7926,15,-1.1190400123596191
7927,11,-1.3664437532424927
7928,14,-1.1897406578063965
7929,25,-0.27169525623321533
7930,11,-1.3982336521148682
7931,11,-1.3994855880737305
7932,11,-1.4083116054534912
7933,11,-1.3969824314117432
7934,7,-1.6000821590423584
7935,24,-0.43165045976638794
7936,13,-1.2940346002578735
7937,9,-1.4816707372665405
7938,8,-1.5587737560272217
7939,11,-1.3891574144363403
7940,12,-1.3103526830673218
7941,7,-1.6011630296707153
7942,26,-0.11698794364929199
7943,11,-1.39505136013031
7944,11,-1.3690097332000732
7945,9,-1.496065616607666
7946,13,-1.2638565301895142
7947,10,-1.4527314901351929
7948,15,-1.1536659002304077
7949,8,-1.5270099639892578
7950,16,-1.05833899974823
7951,15,-1.1667407751083374
7952,14,-1.1811511516571045
7953,9,-1.4969757795333862
7954,16,-1.0763297080993652
7955,19,-0.8915610313415527
7956,8,-1.555823802947998
7957,12,-1.3265258073806763
7958,11,-1.373139500617981
7959,10,-1.4295343160629272
7960,27,0.2090003490447998
7961,11,-1.3868060111999512
7962,16,-1.0644217729568481
7963,13,-1.2545192241668701
7964,14,-1.1915308237075806
7965,10,-1.4681177139282227
7966,26,-0.01429128646850586
7967,15,-1.1606813669204712
7968,15,-1.1471984386444092
7969,8,-1.5416992902755737
7970,10,-1.4307610988616943
7971,16,-1.0815643072128296
7972,9,-1.4709841012954712
7973,14,-1.1951231956481934
7974,19,-0.8314578533172607
7975,10,-1.445522665977478
7976,8,-1.5309827327728271
7977,10,-1.4356123208999634
7978,12,-1.3169268369674683
7979,14,-1.1927285194396973
7980,10,-1.4515650272369385
7981,15,-1.118903398513794
7982,11,-1.4046496152877808
7983,8,-1.5251665115356445
7984,5,-1.722926139831543
7985,10,-1.4414567947387695
7986,10,-1.415442705154419
7987,12,-1.322433352470398
7988,16,-1.1043962240219116
7989,12,-1.3376599550247192
7990,17,-0.9929932355880737
7991,7,-1.605630874633789
7992,8,-1.5259451866149902
7993,17,-1.0000803470611572
7994,9,-1.4937644004821777
7995,11,-1.4069838523864746
7996,15,-1.1361315250396729
7997,13,-1.2569934129714966
7998,9,-1.5091838836669922
7999,12,-1.3397036790847778
8000,13,-1.2576154470443726
8001,10,-1.4651859998703003
8002,9,-1.5235109329223633
8003,11,-1.3742821216583252
8004,10,-1.4535285234451294
8005,26,-0.09987151622772217
8006,14,-1.2338006496429443
8007,12,-1.3398852348327637
8008,17,-0.9880950450897217
8009,9,-1.5004291534423828
8010,18,-0.9772139191627502
8011,15,-1.1615158319473267
8012,12,-1.313392162322998
8013,15,-1.1389918327331543
8014,9,-1.4911845922470093
8015,11,-1.4022296667099
8016,6,-1.655754804611206
8017,9,-1.4811992645263672
8018,8,-1.5515971183776855
8019,11,-1.3737845420837402
8020,15,-1.124277114868164
8021,12,-1.342923641204834
8022,12,-1.3237398862838745
8023,10,-1.4220026731491089
8024,17,-0.9846523404121399
8025,13,-1.2502851486206055
8026,11,-1.3712605237960815
8027,16,-1.0889363288879395
8028,11,-1.4007008075714111
8029,9,-1.514347791671753
8030,16,-1.0924937725067139
8031,9,-1.5098000764846802
8032,28,0.5234662294387817
8033,7,-1.6231558322906494
8034,12,-1.3091769218444824
8035,9,-1.4741121530532837
8036,15,-1.1454092264175415
8037,16,-1.106829285621643
8038,14,-1.1939020156860352
8039,11,-1.3847209215164185
8040,10,-1.4359815120697021
8041,11,-1.360552191734314
8042,11,-1.3890049457550049
8043,29,0.5622439384460449
8044,13,-1.2833250761032104
8045,11,-1.3580402135849
8046,7,-1.590662956237793
8047,17,-1.0331716537475586
8048,13,-1.2944464683532715
8049,12,-1.311748743057251
8050,14,-1.2117512226104736
8051,26,-0.10361588001251221
8052,6,-1.6409187316894531
8053,9,-1.4854050874710083
8054,10,-1.4618682861328125
8055,10,-1.4405754804611206
8056,13,-1.2547029256820679
8057,26,-0.01113128662109375
8058,9,-1.4861438274383545
8059,11,-1.3992340564727783
8060,22,-0.6077563166618347
8061,11,-1.3633627891540527
8062,13,-1.2818125486373901
8063,7,-1.5869685411453247
8064,16,-1.058538556098938
8065,8,-1.561614990234375
8066,14,-1.2380285263061523
8067,13,-1.2920467853546143
8068,13,-1.2778844833374023
8069,15,-1.1489678621292114
8070,11,-1.4056651592254639
8071,8,-1.537912368774414
8072,18,-0.9400209188461304
8073,7,-1.594414472579956
8074,14,-1.199120283126831
8075,7,-1.5964953899383545
8076,14,-1.2326017618179321
8077,9,-1.513915777206421
8078,9,-1.5064516067504883
8079,15,-1.1483713388442993
8080,11,-1.4127089977264404
8081,18,-0.9585263729095459
8082,15,-1.1580733060836792
8083,17,-0.9907440543174744
8084,15,-1.1726576089859009
8085,10,-1.458640694618225
8086,16,-1.1082018613815308
8087,12,-1.347010612487793
8088,12,-1.3197396993637085
8089,13,-1.2535274028778076
8090,13,-1.2480988502502441
8091,12,-1.3303020000457764
8092,7,-1.6117817163467407
8093,13,-1.258256196975708
8094,16,-1.0934126377105713
8095,10,-1.446753978729248
8096,12,-1.307469129562378
8097,11,-1.411072015762329
8098,12,-1.3435876369476318
8099,11,-1.3590272665023804
8100,10,-1.4146630764007568
8101,29,0.546238899230957
8102,9,-1.4850807189941406
8103,13,-1.2611594200134277
8104,12,-1.3322011232376099
8105,26,-0.007030963897705078
8106,27,0.04320418834686279
8107,11,-1.364316701889038
8108,11,-1.4078773260116577
8109,10,-1.4157168865203857
8110,28,0.403317928314209
8111,11,-1.3935911655426025
8112,25,-0.1882094144821167
8113,17,-1.0268213748931885
8114,10,-1.439190149307251
8115,24,-0.3265955448150635
8116,10,-1.4504477977752686
8117,8,-1.5407944917678833
8118,26,-0.14207839965820312
8119,10,-1.4488928318023682
8120,9,-1.4735658168792725
8121,10,-1.4348341226577759
8122,12,-1.3265019655227661
8123,10,-1.4635262489318848
8124,9,-1.508665680885315
8125,12,-1.3401440382003784
8126,15,-1.1510628461837769
8127,16,-1.1174119710922241
8128,9,-1.5013067722320557
8129,15,-1.1364201307296753
8130,25,-0.16643571853637695
8131,9,-1.498083233833313
8132,17,-1.0184667110443115
8133,8,-1.5446089506149292
8134,10,-1.4344189167022705
8135,10,-1.4639889001846313
8136,14,-1.2330048084259033
8137,24,-0.3355320692062378
8138,16,-1.0800894498825073
8139,15,-1.1487207412719727
8140,24,-0.3459588885307312
8141,15,-1.1178358793258667
8142,11,-1.4090397357940674
8143,10,-1.441882610321045
8144,9,-1.5176219940185547
8145,12,-1.3049695491790771
8146,10,-1.4301366806030273
8147,15,-1.1231200695037842
8148,12,-1.3434075117111206
8149,16,-1.0905678272247314
8150,11,-1.3847830295562744
8151,10,-1.4544697999954224
8152,10,-1.4188382625579834
8153,22,-0.631206750869751
8154,17,-1.0343776941299438
8155,14,-1.2393474578857422
8156,11,-1.3982957601547241
8157,10,-1.4547436237335205
8158,26,-0.11474156379699707
8159,11,-1.3668757677078247
8160,13,-1.2919806241989136
8161,12,-1.3236027956008911
8162,11,-1.3954544067382812
8163,14,-1.1953558921813965
8164,18,-0.9654578566551208
8165,10,-1.4393937587738037
8166,12,-1.3173078298568726
8167,27,0.11599814891815186
8168,8,-1.541102647781372
8169,11,-1.3934454917907715
8170,14,-1.1985700130462646
8171,25,-0.2746042013168335
8172,7,-1.6215369701385498
8173,10,-1.4533673524856567
8174,13,-1.2634968757629395
8175,12,-1.352750539779663
8176,13,-1.2971906661987305
8177,15,-1.1255303621292114
8178,29,0.6854604482650757
8179,16,-1.0642153024673462
8180,20,-0.8060086965560913
8181,21,-0.6848312616348267
8182,10,-1.435891032218933
8183,10,-1.4360897541046143
8184,11,-1.387139081954956
8185,8,-1.5453388690948486
8186,7,-1.5993027687072754
8187,17,-1.0405611991882324
8188,11,-1.3585028648376465
8189,18,-0.9103411436080933
8190,18,-0.9115862250328064
8191,9,-1.4736002683639526
8192,15,-1.1609867811203003
8193,18,-0.9776214361190796
8194,9,-1.5040614604949951
8195,12,-1.3492861986160278
8196,11,-1.3908979892730713
8197,15,-1.160126805305481
8198,9,-1.476465106010437
8199,18,-0.9208142757415771
8200,15,-1.1282663345336914
8201,15,-1.1290485858917236
8202,26,-0.11676478385925293
8203,12,-1.3488075733184814
8204,10,-1.4577643871307373
8205,16,-1.1038947105407715
8206,11,-1.374743103981018
8207,25,-0.2561483383178711
8208,15,-1.1342518329620361
8209,11,-1.4107340574264526
8210,10,-1.4154196977615356
8211,8,-1.5274498462677002
8212,12,-1.3437312841415405
8213,16,-1.1094489097595215
8214,10,-1.4679800271987915
8215,14,-1.2090427875518799
8216,16,-1.105095624923706
8217,9,-1.5229268074035645
8218,27,0.09854793548583984
8219,23,-0.4790000915527344
8220,8,-1.5667634010314941
8221,12,-1.30745267868042
8222,20,-0.8077762126922607
8223,12,-1.3070828914642334
8224,13,-1.2799224853515625
8225,16,-1.0786635875701904
8226,14,-1.2116061449050903
8227,7,-1.6224250793457031
8228,11,-1.4051594734191895
8229,13,-1.2520475387573242
8230,10,-1.4495075941085815
8231,9,-1.5065467357635498
8232,12,-1.326808214187622
8233,11,-1.363999843597412
8234,8,-1.5582672357559204
8235,12,-1.3056046962738037
8236,12,-1.300450325012207
8237,13,-1.2824910879135132
8238,14,-1.2397202253341675
8239,16,-1.1023974418640137
8240,16,-1.1044578552246094
8241,13,-1.2916840314865112
8242,10,-1.4537086486816406
8243,10,-1.4445021152496338
8244,10,-1.4239040613174438
8245,18,-0.9280102849006653
8246,12,-1.340651035308838
8247,11,-1.3849296569824219
8248,13,-1.269666314125061
8249,27,0.10646295547485352
8250,12,-1.321692705154419
8251,17,-1.0036182403564453
8252,13,-1.2535879611968994
8253,12,-1.3050603866577148
8254,8,-1.5384984016418457
8255,9,-1.489048957824707
8256,7,-1.6385637521743774
8257,13,-1.2723497152328491
8258,10,-1.436745524406433
8259,10,-1.4568328857421875
8260,11,-1.3789368867874146
8261,11,-1.401362419128418
8262,16,-1.1110732555389404
8263,10,-1.447195053100586
8264,16,-1.0725963115692139
8265,13,-1.2727241516113281
8266,16,-1.0815438032150269
8267,13,-1.2856550216674805
8268,17,-1.0406965017318726
8269,17,-1.0516310930252075
8270,12,-1.3128807544708252
8271,26,-0.006678342819213867
8272,17,-1.0006686449050903
8273,18,-0.968295693397522
8274,14,-1.2038599252700806
8275,26,-0.06902146339416504
8276,11,-1.3778067827224731
8277,15,-1.126060128211975
8278,14,-1.230202078819275
8279,11,-1.3646013736724854
8280,26,0.004563093185424805
8281,5,-1.7405860424041748
8282,12,-1.344240427017212
8283,10,-1.4369838237762451
8284,15,-1.1323777437210083
8285,9,-1.5016368627548218
8286,13,-1.2842059135437012
8287,13,-1.2924529314041138
8288,23,-0.5092484354972839
8289,16,-1.0793368816375732
8290,9,-1.501383900642395
8291,9,-1.4829720258712769
8292,11,-1.3640563488006592
8293,10,-1.4454479217529297
8294,16,-1.111263394355774
8295,11,-1.3710219860076904
8296,12,-1.3346487283706665
8297,9,-1.4810266494750977
8298,11,-1.3552011251449585
8299,13,-1.2815251350402832
8300,29,0.7757958173751831
8301,11,-1.4044432640075684
8302,12,-1.323121190071106
8303,25,-0.25478237867355347
8304,10,-1.4662762880325317
8305,11,-1.3957747220993042
8306,15,-1.1655328273773193
8307,17,-1.026808261871338
8308,8,-1.5300252437591553
8309,11,-1.374999761581421
8310,13,-1.2562710046768188
8311,10,-1.4471124410629272
8312,24,-0.39035671949386597
8313,11,-1.3767942190170288
8314,8,-1.5539610385894775
8315,14,-1.2096319198608398
8316,16,-1.0875242948532104
8317,15,-1.167081356048584
8318,8,-1.556770920753479
8319,10,-1.4263286590576172
8320,27,0.15341424942016602
8321,13,-1.263677716255188
8322,9,-1.5026063919067383
8323,10,-1.4465683698654175
8324,25,-0.20688271522521973
8325,13,-1.2723374366760254
8326,16,-1.060349941253662
8327,14,-1.1819612979888916
8328,12,-1.3493390083312988
8329,9,-1.5190069675445557
8330,16,-1.0830222368240356
8331,9,-1.483546495437622
8332,10,-1.4306061267852783
8333,14,-1.2391855716705322
8334,11,-1.3978322744369507
8335,12,-1.3334310054779053
8336,13,-1.2622021436691284
8337,13,-1.2895628213882446
8338,23,-0.49246537685394287
8339,19,-0.899243950843811
8340,17,-1.049588680267334
8341,10,-1.4171134233474731
8342,22,-0.6054185032844543
8343,15,-1.1480281352996826
8344,16,-1.0898067951202393
8345,8,-1.5398478507995605
8346,18,-0.9422849416732788
8347,8,-1.5446646213531494
8348,17,-1.0415292978286743
8349,10,-1.4150950908660889
8350,11,-1.3574482202529907
8351,12,-1.3014932870864868
8352,12,-1.349884033203125
8353,10,-1.4645944833755493
8354,17,-1.0165294408798218
8355,13,-1.2500889301300049
8356,10,-1.4566704034805298
8357,12,-1.320700764656067
8358,14,-1.1789218187332153
8359,11,-1.3560394048690796
8360,7,-1.6275334358215332
8361,13,-1.2770556211471558
8362,8,-1.5535587072372437
8363,15,-1.1196911334991455
8364,27,0.11554741859436035
8365,13,-1.2690902948379517
8366,16,-1.0795191526412964
8367,13,-1.2493925094604492
8368,14,-1.183021903038025
8369,12,-1.3129611015319824
8370,24,-0.3392367959022522
8371,9,-1.4913406372070312
8372,14,-1.182700753211975
8373,14,-1.1948407888412476
8374,28,0.36911725997924805
8375,8,-1.5602807998657227
8376,10,-1.4483331441879272
8377,8,-1.5606567859649658
8378,17,-1.0112686157226562
8379,17,-1.0127267837524414
8380,25,-0.27863937616348267
8381,13,-1.2666834592819214
8382,10,-1.4155889749526978
8383,11,-1.361821174621582
8384,15,-1.1280258893966675
8385,14,-1.2168145179748535
8386,14,-1.203032374382019
8387,10,-1.4613229036331177
8388,10,-1.42458975315094
8389,17,-0.9915772080421448
8390,10,-1.4268819093704224
8391,10,-1.4432525634765625
8392,15,-1.148095726966858
8393,24,-0.37637484073638916
8394,11,-1.384373426437378
8395,10,-1.4436894655227661
8396,19,-0.8919610977172852
8397,26,-0.1523423194885254
8398,10,-1.431923270225525
8399,10,-1.4313279390335083
8400,10,-1.422207236289978
8401,27,0.06217455863952637
8402,15,-1.1457253694534302
8403,15,-1.140395164489746
8404,9,-1.508567452430725
8405,17,-1.053104043006897
8406,17,-0.9829853773117065
8407,15,-1.1505568027496338
8408,12,-1.349073052406311
8409,8,-1.5547958612442017
8410,16,-1.084997296333313
8411,8,-1.5600991249084473
8412,12,-1.3060530424118042
8413,18,-0.9629558324813843
8414,13,-1.2712602615356445
8415,13,-1.289681315422058
8416,12,-1.3072786331176758
8417,7,-1.6083009243011475
8418,6,-1.6535435914993286
8419,16,-1.0875751972198486
8420,15,-1.156754493713379
8421,10,-1.4639252424240112
8422,11,-1.3626019954681396
8423,14,-1.21737539768219
8424,17,-0.9832401275634766
8425,13,-1.280158281326294
8426,9,-1.523520588874817
8427,10,-1.4339241981506348
8428,26,0.01781010627746582
8429,15,-1.1552906036376953
8430,24,-0.35993796586990356
8431,6,-1.6663541793823242
8432,14,-1.1917167901992798
8433,15,-1.1381059885025024
8434,11,-1.380049467086792
8435,13,-1.2693710327148438
8436,28,0.3061034679412842
8437,8,-1.5458879470825195
8438,7,-1.6311168670654297
8439,13,-1.2891345024108887
8440,9,-1.485124111175537
8441,13,-1.256085991859436
8442,11,-1.3687076568603516
8443,18,-0.944957435131073
8444,15,-1.1513384580612183
8445,17,-1.0143033266067505
8446,13,-1.2629783153533936
8447,8,-1.550338864326477
8448,13,-1.2856320142745972
8449,17,-1.0483839511871338
8450,13,-1.2746686935424805
8451,13,-1.2850621938705444
8452,11,-1.3644070625305176
8453,8,-1.5399763584136963
8454,14,-1.1999627351760864
8455,14,-1.1966594457626343
8456,11,-1.4067130088806152
8457,12,-1.3189404010772705
8458,18,-0.9273065328598022
8459,11,-1.3981456756591797
8460,18,-0.974284827709198
8461,11,-1.3659886121749878
8462,9,-1.515990138053894
8463,13,-1.292773962020874
8464,12,-1.3472062349319458
8465,9,-1.4884631633758545
8466,10,-1.4127509593963623
8467,13,-1.2603461742401123
8468,15,-1.1504302024841309
8469,15,-1.1346259117126465
8470,12,-1.3496016263961792
8471,12,-1.3519138097763062
8472,10,-1.45431649684906
8473,16,-1.0848650932312012
8474,11,-1.3944348096847534
8475,18,-0.9359508752822876
8476,14,-1.187519907951355
8477,26,-0.07901465892791748
8478,13,-1.2645059823989868
8479,16,-1.0777430534362793
8480,16,-1.0622079372406006
8481,12,-1.324959635734558
8482,13,-1.2697383165359497
8483,18,-0.9364105463027954
8484,27,0.23508095741271973
8485,12,-1.3274343013763428
8486,16,-1.0574216842651367
8487,12,-1.3402769565582275
8488,16,-1.1141088008880615
8489,14,-1.2047985792160034
8490,17,-0.9923436641693115
8491,15,-1.1515648365020752
8492,16,-1.09629225730896
8493,11,-1.3949828147888184
8494,16,-1.0710843801498413
8495,8,-1.5814145803451538
8496,24,-0.3873888850212097
8497,21,-0.6919265985488892
8498,8,-1.5321581363677979
8499,11,-1.3950998783111572
8500,21,-0.6458174586296082
8501,11,-1.4112128019332886
8502,12,-1.3543238639831543
8503,18,-0.9595530033111572
8504,11,-1.4052510261535645
8505,29,0.5820749998092651
8506,17,-1.034916639328003
8507,12,-1.3544764518737793
8508,14,-1.2395720481872559
8509,16,-1.0801233053207397
8510,10,-1.4630273580551147
8511,11,-1.39255690574646
8512,14,-1.1811062097549438
8513,15,-1.1640735864639282
8514,24,-0.3231644630432129
8515,14,-1.2274634838104248
8516,13,-1.2627825736999512
8517,13,-1.259542465209961
8518,11,-1.3882567882537842
8519,11,-1.3945765495300293
8520,11,-1.3792304992675781
8521,25,-0.24564772844314575
8522,15,-1.1757066249847412
8523,16,-1.1057387590408325
8524,9,-1.4689521789550781
8525,13,-1.285089135169983
8526,14,-1.2182281017303467
8527,16,-1.0987800359725952
8528,12,-1.3158141374588013
8529,14,-1.1818126440048218
8530,12,-1.3419228792190552
8531,9,-1.4979240894317627
8532,10,-1.4394556283950806
8533,9,-1.4977681636810303
8534,11,-1.407191514968872
8535,15,-1.169602632522583
8536,16,-1.0996781587600708
8537,10,-1.4662632942199707
8538,10,-1.4569083452224731
8539,9,-1.4707763195037842
8540,13,-1.246101975440979
8541,15,-1.1370410919189453
8542,9,-1.4885364770889282
8543,14,-1.2360910177230835
8544,10,-1.4585050344467163
8545,11,-1.3669569492340088
8546,15,-1.163015604019165
8547,9,-1.5100069046020508
8548,9,-1.4820833206176758
8549,16,-1.1081441640853882
8550,11,-1.3708558082580566
8551,15,-1.118401050567627
8552,11,-1.360590934753418
8553,11,-1.364077091217041
8554,15,-1.1279547214508057
8555,11,-1.410119891166687
8556,16,-1.0787858963012695
8557,13,-1.2800912857055664
8558,9,-1.5132888555526733
8559,11,-1.4015496969223022
8560,10,-1.4669972658157349
8561,10,-1.4599709510803223
8562,10,-1.4506280422210693
8563,10,-1.440606951713562
8564,13,-1.275466799736023
8565,13,-1.2511602640151978
8566,15,-1.1317062377929688
8567,17,-1.021972417831421
8568,19,-0.8645434379577637
8569,9,-1.5060712099075317
8570,17,-0.9903107285499573
8571,16,-1.0890579223632812
8572,25,-0.18553054332733154
8573,17,-0.9975590109825134
8574,14,-1.178277850151062
8575,15,-1.1182940006256104
8576,9,-1.4920344352722168
8577,14,-1.200979471206665
8578,8,-1.5316710472106934
8579,11,-1.3794804811477661
8580,13,-1.271895170211792
8581,9,-1.5098551511764526
8582,18,-0.961329996585846
8583,13,-1.2553644180297852
8584,17,-1.0098000764846802
8585,17,-1.0374633073806763
8586,16,-1.0940390825271606
8587,13,-1.288509726524353
8588,10,-1.4548805952072144
8589,12,-1.3421745300292969
8590,13,-1.2705285549163818
8591,7,-1.5865730047225952
8592,11,-1.3895094394683838
8593,16,-1.0828131437301636
8594,17,-1.018135905265808
8595,13,-1.2604796886444092
8596,17,-1.027080774307251
8597,11,-1.3823049068450928
8598,11,-1.3805617094039917
8599,17,-0.9937740564346313
8600,14,-1.215029239654541
8601,15,-1.17454195022583
8602,10,-1.4426555633544922
8603,18,-0.9604506492614746
8604,9,-1.517019510269165
8605,6,-1.646874189376831
8606,18,-0.9408770799636841
8607,10,-1.4654573202133179
8608,13,-1.2982854843139648
8609,9,-1.492209792137146
8610,9,-1.4765007495880127
8611,12,-1.3502466678619385
8612,12,-1.314954161643982
8613,9,-1.477528691291809
8614,13,-1.2558094263076782
8615,14,-1.1858540773391724
8616,14,-1.2344603538513184
8617,17,-1.0345163345336914
8618,14,-1.2281770706176758
8619,14,-1.2004252672195435
8620,19,-0.880713701248169
8621,11,-1.383284330368042
8622,10,-1.4269587993621826
8623,13,-1.2589027881622314
8624,9,-1.4809753894805908
8625,11,-1.3820383548736572
8626,11,-1.4075989723205566
8627,12,-1.3251441717147827
8628,27,0.18496263027191162
8629,11,-1.4010746479034424
8630,28,0.3636791706085205
8631,13,-1.290942907333374
8632,12,-1.321623682975769
8633,27,0.09650576114654541
8634,14,-1.2266662120819092
8635,10,-1.4537688493728638
8636,26,0.008838534355163574
8637,13,-1.2927823066711426
8638,15,-1.1559669971466064
8639,27,0.14277899265289307
8640,10,-1.4519169330596924
8641,15,-1.1335105895996094
8642,14,-1.2215570211410522
8643,11,-1.3907856941223145
8644,19,-0.8911727070808411
8645,13,-1.241692066192627
8646,12,-1.3221274614334106
8647,14,-1.205694317817688
8648,11,-1.3590766191482544
8649,14,-1.2216150760650635
8650,13,-1.2870053052902222
8651,10,-1.4333562850952148
8652,13,-1.2873889207839966
8653,13,-1.265289306640625
8654,9,-1.4902732372283936
8655,22,-0.5924142003059387
8656,16,-1.1088844537734985
8657,10,-1.4615577459335327
8658,12,-1.3458160161972046
8659,6,-1.6404170989990234
8660,17,-0.9834932088851929
8661,7,-1.6015808582305908
8662,9,-1.5049891471862793
8663,16,-1.0657728910446167
8664,13,-1.256890892982483
8665,24,-0.3526604175567627
8666,8,-1.5726850032806396
8667,15,-1.1672154664993286
8668,28,0.4150043725967407
8669,14,-1.1939641237258911
8670,14,-1.2144310474395752
8671,11,-1.3714067935943604
8672,11,-1.3563719987869263
8673,13,-1.276064395904541
8674,12,-1.3547205924987793
8675,12,-1.3107004165649414
8676,15,-1.1446436643600464
8677,11,-1.357371211051941
8678,13,-1.295263409614563
8679,12,-1.307077169418335
8680,22,-0.61323082447052
8681,13,-1.2804348468780518
8682,17,-1.028485894203186
8683,10,-1.4628573656082153
8684,9,-1.5182310342788696
8685,16,-1.1068782806396484
8686,10,-1.4201419353485107
8687,10,-1.4545111656188965
8688,10,-1.4653325080871582
8689,13,-1.2808494567871094
8690,15,-1.1544767618179321
8691,11,-1.3848495483398438
8692,12,-1.3181718587875366
8693,8,-1.5808850526809692
8694,15,-1.1189261674880981
8695,12,-1.3132697343826294
8696,12,-1.300406813621521
8697,6,-1.6606353521347046
8698,17,-1.0167006254196167
8699,13,-1.262460708618164
8700,13,-1.2496168613433838
8701,18,-0.945398211479187
8702,9,-1.5138791799545288
8703,18,-0.9159260392189026
8704,15,-1.1747198104858398
8705,24,-0.37577080726623535
8706,8,-1.5629161596298218
8707,10,-1.4672274589538574
8708,9,-1.4741116762161255
8709,13,-1.2953264713287354
8710,14,-1.2119102478027344
8711,11,-1.3583897352218628
8712,17,-0.9947442412376404
8713,25,-0.1620262861251831
8714,27,0.17163896560668945
8715,18,-0.9106341004371643
8716,12,-1.301147699356079
8717,16,-1.112805724143982
8718,18,-0.9622060656547546
8719,13,-1.2861676216125488
8720,9,-1.5018401145935059
8721,15,-1.1536332368850708
8722,12,-1.3021516799926758
8723,11,-1.3775339126586914
8724,10,-1.4137156009674072
8725,10,-1.4195879697799683
8726,7,-1.616367220878601
8727,12,-1.3093299865722656
8728,17,-1.0055862665176392
8729,17,-1.030810832977295
8730,16,-1.0694541931152344
8731,15,-1.1426916122436523
8732,16,-1.0776867866516113
8733,19,-0.8813671469688416
8734,11,-1.3845295906066895
8735,17,-1.0399506092071533
8736,12,-1.3426672220230103
8737,13,-1.2562975883483887
8738,15,-1.1358537673950195
8739,12,-1.3541693687438965
8740,6,-1.6840009689331055
8741,16,-1.1024794578552246
8742,11,-1.386192798614502
8743,9,-1.4721367359161377
8744,8,-1.5806740522384644
8745,13,-1.2462992668151855
8746,10,-1.4644427299499512
8747,17,-1.0259275436401367
8748,11,-1.3618654012680054
8749,16,-1.065022349357605
8750,17,-0.9841444492340088
8751,15,-1.1746578216552734
8752,11,-1.39858078956604
8753,25,-0.18386948108673096
8754,23,-0.5112636089324951
8755,9,-1.5061794519424438
8756,12,-1.309293270111084
8757,16,-1.1007282733917236
8758,16,-1.0816184282302856
8759,11,-1.369631052017212
8760,11,-1.3635889291763306
8761,12,-1.3196349143981934
8762,19,-0.8819397687911987
8763,11,-1.3736883401870728
8764,15,-1.122937798500061
8765,15,-1.1420011520385742
8766,7,-1.627612829208374
8767,6,-1.6451280117034912
8768,20,-0.8281080722808838
8769,17,-0.9862636923789978
8770,15,-1.1245481967926025
8771,14,-1.1872429847717285
8772,12,-1.3082317113876343
8773,12,-1.3500571250915527
8774,14,-1.2230875492095947
8775,13,-1.2874542474746704
8776,10,-1.4406205415725708
8777,11,-1.3643574714660645
8778,14,-1.220757007598877
8779,12,-1.3110418319702148
8780,17,-1.0161964893341064
8781,12,-1.3486380577087402
8782,17,-1.0397957563400269
8783,14,-1.2184768915176392
8784,12,-1.302441954612732
8785,13,-1.2407617568969727
8786,9,-1.4937610626220703
8787,18,-0.9247766137123108
8788,9,-1.4702190160751343
8789,17,-1.0459938049316406
8790,16,-1.0842994451522827
8791,18,-0.9487589597702026
8792,17,-1.0220227241516113
8793,25,-0.23678743839263916
8794,15,-1.143733263015747
8795,28,0.32037973403930664
8796,14,-1.1994202136993408
8797,17,-0.9991831183433533
8798,10,-1.442744255065918
8799,15,-1.1262614727020264
8800,25,-0.2807915210723877
8801,16,-1.0621939897537231
8802,18,-0.9426566958427429
8803,13,-1.2927290201187134
8804,9,-1.4725903272628784
8805,10,-1.4224238395690918
8806,16,-1.0720614194869995
8807,10,-1.4648094177246094
8808,12,-1.3378283977508545
8809,18,-0.976796567440033
8810,13,-1.2745532989501953
8811,17,-0.9854257106781006
8812,15,-1.1451020240783691
8813,9,-1.5148447751998901
8814,16,-1.1120896339416504
8815,10,-1.4134893417358398
8816,10,-1.457562804222107
8817,11,-1.3584258556365967
8818,11,-1.3806781768798828
8819,15,-1.1372021436691284
8820,17,-1.0216333866119385
8821,16,-1.1119320392608643
8822,18,-0.943172812461853
8823,15,-1.1327292919158936
8824,11,-1.3743914365768433
8825,16,-1.086774230003357
8826,23,-0.4582782983779907
8827,12,-1.3126153945922852
8828,18,-0.9242320656776428
8829,17,-1.029221773147583
8830,12,-1.3066906929016113
8831,10,-1.454309344291687
8832,9,-1.483727216720581
8833,15,-1.1745411157608032
8834,9,-1.518709421157837
8835,13,-1.2625929117202759
8836,25,-0.2837843894958496
8837,8,-1.568108320236206
8838,9,-1.4837061166763306
8839,15,-1.1717857122421265
8840,16,-1.0703657865524292
8841,10,-1.4266765117645264
8842,13,-1.2888671159744263
8843,18,-0.9516983032226562
8844,12,-1.3127301931381226
8845,15,-1.1290010213851929
8846,23,-0.49907535314559937
8847,9,-1.4942352771759033
8848,10,-1.465226411819458
8849,26,-0.057155489921569824
8850,9,-1.4683606624603271
8851,25,-0.29938554763793945
8852,10,-1.4619578123092651
8853,26,0.01814591884613037
8854,17,-1.0275168418884277
8855,18,-0.9811552166938782
8856,12,-1.3129937648773193
8857,7,-1.6261565685272217
8858,7,-1.6275506019592285
8859,17,-1.0106165409088135
8860,18,-0.9553319215774536
8861,8,-1.5259445905685425
8862,14,-1.2162063121795654
8863,15,-1.1231236457824707
8864,22,-0.6126120090484619
8865,15,-1.175369381904602
8866,8,-1.5267612934112549
8867,16,-1.0986005067825317
8868,16,-1.0669891834259033
8869,11,-1.3767720460891724
8870,17,-1.04676353931427
8871,10,-1.432870864868164
8872,17,-1.0503517389297485
8873,17,-1.0249305963516235
8874,8,-1.5284459590911865
8875,14,-1.2216131687164307
8876,16,-1.0721862316131592
8877,19,-0.8994971513748169
8878,15,-1.159894585609436
8879,14,-1.2098803520202637
8880,12,-1.350233554840088
8881,11,-1.3861558437347412
8882,17,-0.9946539402008057
8883,15,-1.136400818824768
8884,25,-0.16360104084014893
8885,13,-1.2777241468429565
8886,9,-1.5042667388916016
8887,15,-1.1502102613449097
8888,11,-1.3997299671173096
8889,11,-1.3624370098114014
8890,12,-1.3407011032104492
8891,16,-1.1136586666107178
8892,8,-1.5684928894042969
8893,17,-1.0393922328948975
8894,21,-0.7233327031135559
8895,11,-1.3949791193008423
8896,21,-0.6801815032958984
8897,29,0.6891599893569946
8898,18,-0.9815632104873657
8899,12,-1.3052380084991455
8900,17,-1.0195794105529785
8901,15,-1.1411052942276
8902,15,-1.1509138345718384
8903,15,-1.1505546569824219
8904,11,-1.387957215309143
8905,13,-1.2634295225143433
8906,15,-1.1275469064712524
8907,17,-1.0127367973327637
8908,11,-1.3911418914794922
8909,18,-0.9649548530578613
8910,18,-0.9474074840545654
8911,10,-1.4439070224761963
8912,9,-1.50095534324646
8913,18,-0.9788606762886047
8914,15,-1.1731969118118286
8915,17,-0.9856906533241272
8916,19,-0.8396782875061035
8917,12,-1.3068760633468628
8918,12,-1.3428276777267456
8919,8,-1.5546848773956299
8920,27,0.16146302223205566
8921,11,-1.388649582862854
8922,10,-1.4148650169372559
8923,11,-1.3832274675369263
8924,19,-0.8608170747756958
8925,8,-1.5259627103805542
8926,25,-0.28809523582458496
8927,12,-1.310636043548584
8928,14,-1.2275145053863525
8929,12,-1.324044108390808
8930,15,-1.1765265464782715
8931,28,0.4851418733596802
8932,12,-1.3221259117126465
8933,16,-1.1116702556610107
8934,7,-1.59415602684021
8935,18,-0.9624940156936646
8936,16,-1.06191086769104
8937,26,-0.09319984912872314
8938,13,-1.259028673171997
8939,11,-1.4032859802246094
8940,16,-1.0615191459655762
8941,10,-1.4620661735534668
8942,13,-1.2961376905441284
8943,15,-1.1299026012420654
8944,17,-0.9855591654777527
8945,11,-1.3774536848068237
8946,17,-1.026657223701477
8947,14,-1.2209713459014893
8948,12,-1.3118149042129517
8949,12,-1.350201964378357
8950,18,-0.9251925945281982
8951,14,-1.1951431035995483
8952,14,-1.1895623207092285
8953,15,-1.15449857711792
8954,18,-0.9638174772262573
8955,10,-1.4557942152023315
8956,9,-1.4751429557800293
8957,12,-1.3014838695526123
8958,26,0.008624434471130371
8959,13,-1.257544755935669
8960,19,-0.8529078960418701
8961,8,-1.527674674987793
8962,10,-1.4168701171875
8963,18,-0.9193915128707886
8964,19,-0.8971570730209351
8965,9,-1.4800459146499634
8966,11,-1.3754487037658691
8967,13,-1.2530983686447144
8968,13,-1.241265892982483
8969,11,-1.3739533424377441
8970,26,-0.12373340129852295
8971,11,-1.4051177501678467
8972,18,-0.9132022261619568
8973,17,-1.0516436100006104
8974,18,-0.9391695261001587
8975,12,-1.343062162399292
8976,17,-0.9922757148742676
8977,9,-1.4835269451141357
8978,11,-1.367793083190918
8979,11,-1.3853682279586792
8980,15,-1.125124454498291
8981,14,-1.2351477146148682
8982,11,-1.359973669052124
8983,8,-1.5574978590011597
8984,16,-1.0659186840057373
8985,14,-1.2237274646759033
8986,28,0.4109894037246704
8987,12,-1.3190066814422607
8988,18,-0.9785022735595703
8989,13,-1.2756701707839966
8990,9,-1.470924735069275
8991,10,-1.4157029390335083
8992,16,-1.0970346927642822
8993,14,-1.2116994857788086
8994,12,-1.3203860521316528
8995,14,-1.2370942831039429
8996,7,-1.613380789756775
8997,13,-1.2862930297851562
8998,14,-1.2307770252227783
8999,20,-0.7941169142723083
9000,13,-1.2897453308105469
9001,18,-0.9386947154998779
9002,14,-1.1938905715942383
9003,15,-1.1323699951171875
9004,8,-1.5442761182785034
9005,12,-1.334035873413086
9006,16,-1.070563554763794
9007,12,-1.3491315841674805
9008,12,-1.3198552131652832
9009,18,-0.9252663254737854
9010,11,-1.3623441457748413
9011,26,-0.08345460891723633
9012,28,0.4428598880767822
9013,16,-1.101722002029419
9014,27,0.09849035739898682
9015,12,-1.3099170923233032
9016,20,-0.7912968397140503
9017,13,-1.253308653831482
9018,18,-0.9806191921234131
9019,13,-1.2874336242675781
9020,18,-0.9755502343177795
9021,11,-1.3678040504455566
9022,18,-0.9461826086044312
9023,12,-1.323760986328125
9024,19,-0.8503852486610413
9025,25,-0.22698050737380981
9026,17,-0.9844224452972412
9027,10,-1.4428750276565552
9028,11,-1.3886538743972778
9029,16,-1.111025333404541
9030,11,-1.3706754446029663
9031,10,-1.4636270999908447
9032,9,-1.4708501100540161
9033,16,-1.1100187301635742
9034,8,-1.5259112119674683
9035,11,-1.4046074151992798
9036,9,-1.4785258769989014
9037,13,-1.2500156164169312
9038,11,-1.383284091949463
9039,11,-1.3913943767547607
9040,8,-1.5452864170074463
9041,17,-0.985481858253479
9042,20,-0.7915072441101074
9043,15,-1.148347020149231
9044,16,-1.099839448928833
9045,14,-1.2239660024642944
9046,9,-1.4777685403823853
9047,22,-0.5986018180847168
9048,19,-0.9093766808509827
9049,17,-1.0460506677627563
9050,26,0.0011307001113891602
9051,18,-0.956413745880127
9052,11,-1.3641817569732666
9053,13,-1.2801157236099243
9054,12,-1.340195655822754
9055,20,-0.7694341540336609
9056,17,-1.049127221107483
9057,11,-1.3792253732681274
9058,16,-1.1146732568740845
9059,15,-1.1748768091201782
9060,17,-1.0236780643463135
9061,11,-1.393550157546997
9062,16,-1.1095057725906372
9063,13,-1.2471705675125122
9064,11,-1.3750858306884766
9065,14,-1.2338595390319824
9066,12,-1.350597620010376
9067,19,-0.8997604846954346
9068,10,-1.4297558069229126
9069,20,-0.8112925291061401
9070,24,-0.36971116065979004
9071,18,-0.965340256690979
9072,11,-1.359299659729004
9073,13,-1.2997664213180542
9074,10,-1.453974723815918
9075,26,-0.09033024311065674
9076,18,-0.9177838563919067
9077,20,-0.8261874318122864
9078,11,-1.3784059286117554
9079,12,-1.3326274156570435
9080,23,-0.5220600962638855
9081,9,-1.501700758934021
9082,10,-1.436619520187378
9083,18,-0.967663586139679
9084,13,-1.2865406274795532
9085,15,-1.177489161491394
9086,11,-1.3803949356079102
9087,12,-1.3480193614959717
9088,12,-1.3227921724319458
9089,17,-1.0511069297790527
9090,11,-1.4121956825256348
9091,27,0.13369953632354736
9092,11,-1.3749300241470337
9093,19,-0.8473650217056274
9094,8,-1.5358909368515015
9095,12,-1.3029038906097412
9096,12,-1.3538172245025635
9097,16,-1.0857256650924683
9098,25,-0.2471190094947815
9099,11,-1.3566889762878418
9100,17,-1.042215347290039
9101,18,-0.977386474609375
9102,11,-1.3889732360839844
9103,12,-1.3074822425842285
9104,11,-1.4122859239578247
9105,7,-1.5892254114151
9106,17,-0.9970009922981262
9107,11,-1.379973292350769
9108,28,0.5214073657989502
9109,17,-0.9875802993774414
9110,14,-1.2320513725280762
9111,12,-1.3479869365692139
9112,15,-1.1281334161758423
9113,16,-1.0988218784332275
9114,19,-0.8751207590103149
9115,12,-1.3458346128463745
9116,17,-1.008739709854126
9117,11,-1.3867683410644531
9118,28,0.3101543188095093
9119,14,-1.201759934425354
9120,12,-1.301928997039795
9121,11,-1.3826653957366943
9122,10,-1.4421308040618896
9123,12,-1.3470890522003174
9124,10,-1.45712149143219
9125,18,-0.9136390686035156
9126,20,-0.743679940700531
9127,13,-1.2463605403900146
9128,14,-1.1972079277038574
9129,12,-1.3156182765960693
9130,29,0.6970064640045166
9131,14,-1.180433750152588
9132,17,-1.0440007448196411
9133,8,-1.5622410774230957
9134,17,-1.015350341796875
9135,12,-1.3188146352767944
9136,12,-1.3500624895095825
9137,14,-1.207158088684082
9138,15,-1.1616767644882202
9139,26,-0.14822649955749512
9140,17,-1.0275861024856567
9141,9,-1.481917142868042
9142,26,-0.06935286521911621
9143,17,-1.0187733173370361
9144,10,-1.4530115127563477
9145,16,-1.1097517013549805
9146,18,-0.909963846206665
9147,21,-0.7189558148384094
9148,16,-1.0842698812484741
9149,20,-0.8021771907806396
9150,10,-1.4219253063201904
9151,15,-1.139859676361084
9152,11,-1.3857795000076294
9153,17,-0.9886916875839233
9154,19,-0.8531595468521118
9155,10,-1.4127389192581177
9156,19,-0.8355263471603394
9157,13,-1.2910106182098389
9158,11,-1.3740044832229614
9159,11,-1.3714320659637451
9160,17,-1.012856125831604
9161,10,-1.4622142314910889
9162,16,-1.0563111305236816
9163,10,-1.419441819190979
9164,21,-0.7330135107040405
9165,16,-1.0940557718276978
9166,15,-1.1578766107559204
9167,28,0.31276190280914307
9168,11,-1.3805288076400757
9169,17,-1.02297043800354
9170,14,-1.1850321292877197
9171,15,-1.1452280282974243
9172,16,-1.0701156854629517
9173,21,-0.6490076184272766
9174,18,-0.9458757638931274
9175,28,0.4936375617980957
9176,25,-0.2798500061035156
9177,11,-1.3984427452087402
9178,19,-0.8908870220184326
9179,8,-1.5550223588943481
9180,11,-1.3837567567825317
9181,18,-0.9135982990264893
9182,12,-1.3520134687423706
9183,14,-1.2052001953125
9184,10,-1.4524301290512085
9185,16,-1.0936822891235352
9186,11,-1.363573670387268
9187,18,-0.9368727207183838
9188,10,-1.4676368236541748
9189,18,-0.9106359481811523
9190,15,-1.124234676361084
9191,28,0.3233523368835449
9192,11,-1.3906930685043335
9193,12,-1.3267033100128174
9194,14,-1.2291288375854492
9195,18,-0.9286667108535767
9196,16,-1.0964248180389404
9197,19,-0.901165246963501
9198,15,-1.1198594570159912
9199,17,-0.9910476803779602
9200,17,-1.034024715423584
9201,7,-1.5843150615692139
9202,16,-1.0888898372650146
9203,13,-1.2606620788574219
9204,18,-0.9197543263435364
9205,12,-1.3172438144683838
9206,7,-1.5986104011535645
9207,18,-0.9811576008796692
9208,16,-1.088602066040039
9209,19,-0.9041200876235962
9210,14,-1.2323251962661743
9211,17,-1.0168137550354004
9212,28,0.43673276901245117
9213,12,-1.3155436515808105
9214,7,-1.5868275165557861
9215,15,-1.1624919176101685
9216,12,-1.3243175745010376
9217,12,-1.3202025890350342
9218,11,-1.377583622932434
9219,15,-1.1334419250488281
9220,12,-1.3432369232177734
9221,10,-1.415067434310913
9222,10,-1.441481351852417
9223,12,-1.314302682876587
9224,18,-0.9409458041191101
9225,17,-1.018126130104065
9226,15,-1.1498786211013794
9227,11,-1.3846724033355713
9228,12,-1.3298217058181763
9229,11,-1.4102338552474976
9230,10,-1.4314991235733032
9231,11,-1.4081213474273682
9232,17,-1.0160491466522217
9233,18,-0.9725092053413391
9234,29,0.6555943489074707
9235,19,-0.88106369972229
9236,15,-1.1663435697555542
9237,17,-0.9952225089073181
9238,10,-1.4554972648620605
9239,14,-1.2175878286361694
9240,16,-1.1113086938858032
9241,15,-1.1538827419281006
9242,13,-1.2842305898666382
9243,23,-0.5430151224136353
9244,13,-1.2552357912063599
9245,11,-1.410744071006775
9246,12,-1.3536127805709839
9247,10,-1.442652702331543
9248,13,-1.2582017183303833
9249,28,0.4246354103088379
9250,29,0.6443362236022949
9251,18,-0.9169521331787109
9252,14,-1.208277940750122
9253,17,-0.9883232712745667
9254,18,-0.9647893905639648
9255,14,-1.2156585454940796
9256,10,-1.4190752506256104
9257,18,-0.9217677116394043
9258,25,-0.23471814393997192
9259,12,-1.3124207258224487
9260,18,-0.941251277923584
9261,15,-1.1587426662445068
9262,8,-1.58181893825531
9263,12,-1.3217756748199463
9264,13,-1.243345022201538
9265,19,-0.850783109664917
9266,15,-1.143824577331543
9267,17,-1.0524600744247437
9268,15,-1.1676868200302124
9269,7,-1.6066169738769531
9270,9,-1.4765312671661377
9271,13,-1.2586205005645752
9272,12,-1.301225185394287
9273,20,-0.8248458504676819
9274,28,0.28080880641937256
9275,15,-1.1744449138641357
9276,21,-0.6493420004844666
9277,26,-0.07539284229278564
9278,11,-1.4107199907302856
9279,20,-0.8002989888191223
9280,15,-1.1557796001434326
9281,16,-1.0907238721847534
9282,15,-1.1599042415618896
9283,16,-1.0855984687805176
9284,13,-1.2661831378936768
9285,10,-1.4388675689697266
9286,20,-0.7556855082511902
9287,14,-1.1934254169464111
9288,27,0.13669049739837646
9289,11,-1.3798003196716309
9290,17,-0.9825670719146729
9291,9,-1.4730098247528076
9292,24,-0.33663493394851685
9293,10,-1.4281615018844604
9294,14,-1.1873058080673218
9295,14,-1.2298579216003418
9296,16,-1.0692508220672607
9297,12,-1.3098300695419312
9298,11,-1.3572074174880981
9299,13,-1.2590320110321045
9300,15,-1.1509037017822266
9301,11,-1.3719208240509033
9302,20,-0.7599599361419678
9303,14,-1.189648985862732
9304,27,0.19015955924987793
9305,10,-1.4645732641220093
9306,17,-1.022783875465393
9307,13,-1.252371907234192
9308,19,-0.8869214653968811
9309,13,-1.2480844259262085
9310,19,-0.9018009901046753
9311,11,-1.3683894872665405
9312,11,-1.398871898651123
9313,18,-0.939366340637207
9314,24,-0.38470762968063354
9315,15,-1.1608428955078125
9316,16,-1.070177674293518
9317,12,-1.3074772357940674
9318,16,-1.0537502765655518
9319,14,-1.230272650718689
9320,14,-1.1815814971923828
9321,13,-1.2784309387207031
9322,18,-0.9422521591186523
9323,8,-1.529088020324707
9324,17,-1.0071171522140503
9325,16,-1.1138367652893066
9326,12,-1.3358094692230225
9327,12,-1.3464059829711914
9328,8,-1.53154718875885
9329,15,-1.155081868171692
9330,14,-1.1894340515136719
9331,14,-1.201621413230896
9332,18,-0.9527575969696045
9333,13,-1.2761285305023193
9334,19,-0.8808019161224365
9335,12,-1.352312445640564
9336,25,-0.3036109209060669
9337,11,-1.3791985511779785
9338,13,-1.2931241989135742
9339,18,-0.9772704839706421
9340,17,-0.9871705770492554
9341,14,-1.2385767698287964
9342,18,-0.9486501812934875
9343,27,0.2239985466003418
9344,18,-0.9745417237281799
9345,9,-1.4686620235443115
9346,14,-1.2148020267486572
9347,13,-1.2489571571350098
9348,9,-1.4884474277496338
9349,12,-1.3195419311523438
9350,9,-1.5077062845230103
9351,14,-1.239574909210205
9352,11,-1.4025229215621948
9353,10,-1.4353177547454834
9354,24,-0.31685352325439453
9355,14,-1.1850674152374268
9356,26,-0.11684954166412354
9357,11,-1.3935582637786865
9358,17,-1.0411920547485352
9359,16,-1.1008704900741577
9360,17,-1.0039472579956055
9361,12,-1.3252986669540405
9362,9,-1.4772464036941528
9363,13,-1.2420445680618286
9364,24,-0.37159258127212524
9365,18,-0.9317302703857422
9366,17,-0.991146445274353
9367,28,0.282218337059021
9368,13,-1.2753859758377075
9369,10,-1.4548550844192505
9370,13,-1.2968108654022217
9371,12,-1.3221067190170288
9372,21,-0.7188402414321899
9373,9,-1.4845679998397827
9374,16,-1.1089718341827393
9375,19,-0.9028617143630981
9376,23,-0.5351840853691101
9377,11,-1.3570551872253418
9378,9,-1.4912543296813965
9379,13,-1.2685340642929077
9380,13,-1.285759449005127
9381,15,-1.1462414264678955
9382,14,-1.2048825025558472
9383,24,-0.32323169708251953
9384,15,-1.1386505365371704
9385,15,-1.1752281188964844
9386,12,-1.322748064994812
9387,10,-1.4165425300598145
9388,18,-0.9131746292114258
9389,12,-1.3143348693847656
9390,10,-1.427559494972229
9391,26,-0.012366533279418945
9392,18,-0.9356048107147217
9393,19,-0.8398606181144714
9394,12,-1.3161869049072266
9395,20,-0.8061165809631348
9396,18,-0.9618744850158691
9397,15,-1.1291100978851318
9398,10,-1.4536515474319458
9399,13,-1.2987008094787598
9400,16,-1.1023564338684082
9401,17,-1.050419807434082
9402,11,-1.4072219133377075
9403,10,-1.4269646406173706
9404,8,-1.5259817838668823
9405,12,-1.3165764808654785
9406,13,-1.287182092666626
9407,9,-1.4761006832122803
9408,19,-0.8804238438606262
9409,16,-1.0821573734283447
9410,15,-1.142853856086731
9411,8,-1.5541131496429443
9412,11,-1.3979668617248535
9413,13,-1.272351861000061
9414,14,-1.2007898092269897
9415,14,-1.194020390510559
9416,19,-0.9040425419807434
9417,12,-1.3518543243408203
9418,16,-1.0964529514312744
9419,17,-0.9980427026748657
9420,16,-1.097064733505249
9421,10,-1.4339948892593384
9422,27,0.2403090000152588
9423,19,-0.9012523889541626
9424,16,-1.0883104801177979
9425,7,-1.6269032955169678
9426,17,-1.0221047401428223
9427,16,-1.0543826818466187
9428,18,-0.9294216632843018
9429,15,-1.1224602460861206
9430,26,-0.13298094272613525
9431,19,-0.8914021849632263
9432,14,-1.236746072769165
9433,20,-0.7739580273628235
9434,16,-1.0876572132110596
9435,18,-0.9584084749221802
9436,17,-1.039377212524414
9437,8,-1.5776337385177612
9438,15,-1.1561836004257202
9439,10,-1.4415807723999023
9440,14,-1.2017451524734497
9441,12,-1.334599494934082
9442,18,-0.9270762205123901
9443,20,-0.823287844657898
9444,13,-1.2919821739196777
9445,29,0.7449054718017578
9446,14,-1.1818456649780273
9447,28,0.4386805295944214
9448,11,-1.401098370552063
9449,12,-1.3028483390808105
9450,28,0.2684999704360962
9451,15,-1.1478368043899536
9452,16,-1.0553909540176392
9453,19,-0.8710001707077026
9454,11,-1.3878172636032104
9455,29,0.5847007036209106
9456,29,0.5520836114883423
9457,17,-1.0145289897918701
9458,19,-0.8480499386787415
9459,17,-1.0273557901382446
9460,13,-1.3002017736434937
9461,12,-1.3114205598831177
9462,10,-1.4285041093826294
9463,13,-1.2792081832885742
9464,11,-1.3863738775253296
9465,13,-1.2658416032791138
9466,12,-1.3490426540374756
9467,13,-1.2950292825698853
9468,25,-0.30947113037109375
9469,20,-0.7582665085792542
9470,16,-1.0845184326171875
9471,28,0.3920358419418335
9472,11,-1.3808872699737549
9473,10,-1.4284206628799438
9474,12,-1.3512881994247437
9475,17,-1.024794578552246
9476,11,-1.3627187013626099
9477,11,-1.3860790729522705
9478,13,-1.2471705675125122
9479,13,-1.2476822137832642
9480,11,-1.3903871774673462
9481,28,0.2654973268508911
9482,15,-1.1233237981796265
9483,28,0.25455331802368164
9484,19,-0.8355826735496521
9485,15,-1.1191558837890625
9486,12,-1.3044893741607666
9487,12,-1.3463963270187378
9488,17,-1.0321019887924194
9489,9,-1.5145044326782227
9490,10,-1.4161862134933472
9491,10,-1.430729866027832
9492,16,-1.0956158638000488
9493,10,-1.413499116897583
9494,10,-1.4405755996704102
9495,8,-1.545487403869629
9496,18,-0.9520737528800964
9497,10,-1.4540071487426758
9498,11,-1.3599554300308228
9499,10,-1.457936406135559
9500,15,-1.1563290357589722
9501,16,-1.1114649772644043
9502,18,-0.9359697103500366
9503,15,-1.1652369499206543
9504,11,-1.3841800689697266
9505,14,-1.2381258010864258
9506,10,-1.436743140220642
9507,12,-1.332594394683838
9508,14,-1.2362887859344482
9509,11,-1.3897407054901123
9510,18,-0.9231194257736206
9511,9,-1.4957140684127808
9512,13,-1.2764300107955933
9513,9,-1.495358943939209
9514,15,-1.1762793064117432
9515,16,-1.058336853981018
9516,15,-1.1631797552108765
9517,20,-0.8264734745025635
9518,23,-0.43472421169281006
9519,17,-1.0483520030975342
9520,27,0.21765482425689697
9521,11,-1.3925975561141968
9522,18,-0.9582034349441528
9523,18,-0.9258260726928711
9524,11,-1.356479525566101
9525,18,-0.9281875491142273
9526,9,-1.4969215393066406
9527,11,-1.3587074279785156
9528,17,-1.0223174095153809
9529,14,-1.1987286806106567
9530,11,-1.3947089910507202
9531,12,-1.3040508031845093
9532,19,-0.8793724775314331
9533,14,-1.195881962776184
9534,12,-1.3422083854675293
9535,27,0.06618762016296387
9536,12,-1.321054458618164
9537,11,-1.4010599851608276
9538,15,-1.1466227769851685
9539,10,-1.440081000328064
9540,13,-1.257071614265442
9541,10,-1.4318783283233643
9542,16,-1.0999749898910522
9543,18,-0.9711169004440308
9544,25,-0.24155908823013306
9545,19,-0.8830457925796509
9546,17,-1.0278104543685913
9547,26,-0.09052908420562744
9548,17,-1.0040826797485352
9549,16,-1.0977158546447754
9550,12,-1.3370883464813232
9551,28,0.3775935173034668
9552,26,0.0041637420654296875
9553,16,-1.0825493335723877
9554,15,-1.1464661359786987
9555,18,-0.9447880983352661
9556,11,-1.3863164186477661
9557,14,-1.2334593534469604
9558,28,0.34072351455688477
9559,10,-1.4426132440567017
9560,18,-0.9547830820083618
9561,7,-1.587295413017273
9562,10,-1.4575235843658447
9563,15,-1.1458652019500732
9564,10,-1.424487590789795
9565,11,-1.3734012842178345
9566,16,-1.0950872898101807
9567,13,-1.2457926273345947
9568,12,-1.344024658203125
9569,18,-0.9690742492675781
9570,17,-1.01358163356781
9571,10,-1.4372389316558838
9572,8,-1.552999496459961
9573,13,-1.2719627618789673
9574,12,-1.3370765447616577
9575,16,-1.0699926614761353
9576,17,-1.0253329277038574
9577,9,-1.5223802328109741
9578,18,-0.9166575074195862
9579,15,-1.1694152355194092
9580,18,-0.9200600385665894
9581,17,-1.0204846858978271
9582,19,-0.8973582983016968
9583,13,-1.2995514869689941
9584,29,0.6359292268753052
9585,13,-1.2640680074691772
9586,14,-1.2174137830734253
9587,14,-1.2097536325454712
9588,12,-1.3432471752166748
9589,19,-0.8632739782333374
9590,28,0.4409376382827759
9591,12,-1.3414392471313477
9592,14,-1.219717025756836
9593,16,-1.0672061443328857
9594,13,-1.2563645839691162
9595,10,-1.4444652795791626
9596,12,-1.3060529232025146
9597,15,-1.1472381353378296
9598,10,-1.4374860525131226
9599,10,-1.449650526046753
9600,27,0.027828454971313477
9601,12,-1.3270668983459473
9602,14,-1.1923670768737793
9603,19,-0.8631274700164795
9604,20,-0.8261587619781494
9605,12,-1.3404508829116821
9606,16,-1.1016854047775269
9607,15,-1.1181832551956177
9608,18,-0.9728893637657166
9609,11,-1.4089680910110474
9610,19,-0.9004621505737305
9611,14,-1.2086185216903687
9612,26,-0.12675917148590088
9613,18,-0.914171040058136
9614,14,-1.1898679733276367
9615,19,-0.8493592739105225
9616,22,-0.5742975473403931
9617,11,-1.3921679258346558
9618,8,-1.5278867483139038
9619,17,-1.0179245471954346
9620,19,-0.8527766466140747
9621,14,-1.2082560062408447
9622,13,-1.2824461460113525
9623,16,-1.0588722229003906
9624,20,-0.7497514486312866
9625,15,-1.172215223312378
9626,13,-1.2719804048538208
9627,16,-1.1145375967025757
9628,12,-1.3431040048599243
9629,12,-1.3395442962646484
9630,10,-1.4141137599945068
9631,11,-1.372978925704956
9632,12,-1.334033727645874
9633,13,-1.247426152229309
9634,15,-1.1387449502944946
9635,10,-1.4456031322479248
9636,11,-1.4011540412902832
9637,19,-0.8983577489852905
9638,14,-1.2327818870544434
9639,20,-0.7672469615936279
9640,11,-1.3595961332321167
9641,9,-1.5177602767944336
9642,15,-1.121911883354187
9643,19,-0.8974494338035583
9644,13,-1.2490664720535278
9645,9,-1.469982624053955
9646,18,-0.9566135406494141
9647,14,-1.189805030822754
9648,20,-0.8249573707580566
9649,17,-1.0114463567733765
9650,19,-0.8495123386383057
9651,17,-1.003362774848938
9652,17,-1.0155102014541626
9653,17,-0.9957363605499268
9654,11,-1.387503981590271
9655,11,-1.3909322023391724
9656,27,0.13703668117523193
9657,17,-1.0122621059417725
9658,13,-1.2646911144256592
9659,16,-1.0712569952011108
9660,13,-1.2950080633163452
9661,13,-1.293624997138977
9662,15,-1.1700553894042969
9663,13,-1.2459716796875
9664,11,-1.404166579246521
9665,18,-0.9187414050102234
9666,14,-1.2098407745361328
9667,19,-0.881096601486206
9668,12,-1.3015495538711548
9669,19,-0.8423696756362915
9670,20,-0.7643276453018188
9671,15,-1.1428271532058716
9672,12,-1.3204879760742188
9673,13,-1.2760624885559082
9674,12,-1.3003700971603394
9675,10,-1.4480631351470947
9676,13,-1.243003010749817
9677,13,-1.2953729629516602
9678,15,-1.1522326469421387
9679,13,-1.2487456798553467
9680,14,-1.1796278953552246
9681,13,-1.2812020778656006
9682,9,-1.5162322521209717
9683,20,-0.8127539753913879
9684,17,-1.046715497970581
9685,10,-1.443817138671875
9686,12,-1.3299092054367065
9687,9,-1.5207663774490356
9688,14,-1.1962906122207642
9689,11,-1.3750100135803223
9690,18,-0.9722598195075989
9691,12,-1.3538477420806885
9692,18,-0.9752108454704285
9693,16,-1.0928884744644165
9694,17,-0.9985563158988953
9695,13,-1.2797695398330688
9696,10,-1.4526777267456055
9697,13,-1.2653226852416992
9698,27,0.14103186130523682
9699,19,-0.8710792064666748
9700,28,0.5260432958602905
9701,13,-1.291083574295044
9702,16,-1.0978355407714844
9703,13,-1.2534844875335693
9704,19,-0.8646599650382996
9705,16,-1.116784930229187
9706,15,-1.1531825065612793
9707,11,-1.358718991279602
9708,17,-0.9915674328804016
9709,18,-0.9627557396888733
9710,14,-1.1849324703216553
9711,12,-1.3431352376937866
9712,8,-1.5511507987976074
9713,9,-1.4741729497909546
9714,27,0.08752584457397461
9715,13,-1.259907841682434
9716,17,-1.0441226959228516
9717,20,-0.8291163444519043
9718,20,-0.789673924446106
9719,14,-1.2217315435409546
9720,20,-0.7959651947021484
9721,17,-1.0185726881027222
9722,16,-1.0580180883407593
9723,28,0.4749964475631714
9724,16,-1.0772523880004883
9725,12,-1.3338313102722168
9726,11,-1.3869225978851318
9727,18,-0.9764540195465088
9728,11,-1.3823753595352173
9729,14,-1.2397112846374512
9730,12,-1.3114361763000488
9731,19,-0.8991652727127075
9732,13,-1.259996771812439
9733,16,-1.10744047164917
9734,15,-1.1705646514892578
9735,19,-0.8932130932807922
9736,11,-1.3942428827285767
9737,27,0.1629847288131714
9738,12,-1.3477400541305542
9739,16,-1.0563044548034668
9740,10,-1.438247799873352
9741,18,-0.9321190714836121
9742,11,-1.3888503313064575
9743,19,-0.8310190439224243
9744,14,-1.2338995933532715
9745,18,-0.9406012296676636
9746,18,-0.9257884621620178
9747,16,-1.05643892288208
9748,22,-0.6142465472221375
9749,20,-0.8002480268478394
9750,15,-1.1711286306381226
9751,22,-0.6057499051094055
9752,19,-0.8711241483688354
9753,13,-1.2951290607452393
9754,14,-1.2196272611618042
9755,20,-0.7625819444656372
9756,11,-1.4038509130477905
9757,14,-1.2126637697219849
9758,21,-0.7111935615539551
9759,10,-1.416038990020752
9760,14,-1.1974620819091797
9761,19,-0.8647114038467407
9762,15,-1.1518362760543823
9763,13,-1.2407547235488892
9764,26,-0.026079893112182617
9765,29,0.5759252309799194
9766,17,-0.9953334927558899
9767,11,-1.3592960834503174
9768,19,-0.906665027141571
9769,20,-0.7595751285552979
9770,12,-1.3405429124832153
9771,18,-0.9281224608421326
9772,19,-0.8806794881820679
9773,11,-1.3606598377227783
9774,16,-1.0928285121917725
9775,8,-1.569776177406311
9776,24,-0.3380170464515686
9777,20,-0.78782057762146
9778,16,-1.1157257556915283
9779,15,-1.1398906707763672
9780,19,-0.8958714008331299
9781,29,0.8843023777008057
9782,10,-1.4195153713226318
9783,16,-1.0674208402633667
9784,13,-1.2586520910263062
9785,16,-1.1157187223434448
9786,20,-0.7623817920684814
9787,25,-0.19523298740386963
9788,19,-0.9042783975601196
9789,12,-1.350571632385254
9790,12,-1.3273476362228394
9791,16,-1.1115463972091675
9792,18,-0.9145631790161133
9793,21,-0.644525408744812
9794,13,-1.291577696800232
9795,11,-1.372214436531067
9796,14,-1.2175233364105225
9797,11,-1.3819658756256104
9798,18,-0.9368000030517578
9799,20,-0.8301215767860413
9800,28,0.33158981800079346
9801,13,-1.2991321086883545
9802,16,-1.0682963132858276
9803,16,-1.1137256622314453
9804,11,-1.3615056276321411
9805,19,-0.9094421863555908
9806,15,-1.1312223672866821
9807,27,0.21922969818115234
9808,14,-1.2198857069015503
9809,10,-1.4452470541000366
9810,13,-1.2948265075683594
9811,17,-1.0413248538970947
9812,18,-0.9526782035827637
9813,12,-1.3197537660598755
9814,13,-1.2824052572250366
9815,20,-0.793140709400177
9816,20,-0.7572635412216187
9817,29,0.7154699563980103
9818,28,0.5263581275939941
9819,13,-1.2895221710205078
9820,19,-0.8330541849136353
9821,11,-1.4023748636245728
9822,11,-1.3792818784713745
9823,19,-0.8331302404403687
9824,19,-0.8942118883132935
9825,14,-1.237189531326294
9826,20,-0.7841155529022217
9827,21,-0.6634342670440674
9828,18,-0.9191043972969055
9829,8,-1.531160593032837
9830,18,-0.9424548745155334
9831,13,-1.2533410787582397
9832,24,-0.396575927734375
9833,19,-0.8991550207138062
9834,13,-1.288973331451416
9835,11,-1.400339126586914
9836,18,-0.9699774980545044
9837,21,-0.7041233777999878
9838,19,-0.8483729362487793
9839,18,-0.9502177238464355
9840,13,-1.2906039953231812
9841,19,-0.8839126229286194
9842,19,-0.8969022035598755
9843,11,-1.3596116304397583
9844,12,-1.3165559768676758
9845,13,-1.2673239707946777
9846,8,-1.5687839984893799
9847,14,-1.228313684463501
9848,12,-1.3257142305374146
9849,14,-1.2035737037658691
9850,12,-1.311004877090454
9851,9,-1.5034205913543701
9852,27,0.18957257270812988
9853,28,0.34446823596954346
9854,17,-1.0182746648788452
9855,11,-1.3607661724090576
9856,18,-0.9364668130874634
9857,11,-1.3838975429534912
9858,15,-1.1778690814971924
9859,28,0.32039618492126465
9860,12,-1.3012224435806274
9861,27,0.24373269081115723
9862,19,-0.8812472224235535
9863,13,-1.2445992231369019
9864,13,-1.2818527221679688
9865,8,-1.531673789024353
9866,17,-1.0345783233642578
9867,10,-1.429373860359192
9868,14,-1.2358262538909912
9869,19,-0.8648679256439209
9870,10,-1.4194883108139038
9871,14,-1.196241855621338
9872,16,-1.0968798398971558
9873,12,-1.352201223373413
9874,15,-1.1429563760757446
9875,20,-0.7468745708465576
9876,12,-1.3038831949234009
9877,28,0.4437899589538574
9878,12,-1.3273495435714722
9879,13,-1.2787529230117798
9880,19,-0.8955152630805969
9881,11,-1.4064178466796875
9882,14,-1.230026364326477
9883,19,-0.903072714805603
9884,10,-1.4383608102798462
9885,13,-1.2807056903839111
9886,17,-1.0239590406417847
9887,13,-1.2652781009674072
9888,22,-0.5592867136001587
9889,13,-1.2976524829864502
9890,14,-1.193774700164795
9891,16,-1.062506914138794
9892,30,0.914900541305542
9893,21,-0.7023252844810486
9894,12,-1.3185299634933472
9895,9,-1.5188276767730713
9896,15,-1.1252394914627075
9897,14,-1.2229042053222656
9898,15,-1.177729606628418
9899,8,-1.5545976161956787
9900,14,-1.1980501413345337
9901,17,-0.9949054718017578
9902,11,-1.380493402481079
9903,9,-1.4993083477020264
9904,19,-0.90279221534729
9905,9,-1.4705770015716553
9906,16,-1.099352478981018
9907,11,-1.3638226985931396
9908,16,-1.0612339973449707
9909,16,-1.1063305139541626
9910,14,-1.2300958633422852
9911,14,-1.194710373878479
9912,18,-0.9330816268920898
9913,20,-0.8307465314865112
9914,9,-1.495652675628662
9915,18,-0.9106749296188354
9916,14,-1.2275861501693726
9917,13,-1.2646058797836304
9918,28,0.31226015090942383
9919,12,-1.3315200805664062
9920,11,-1.390496015548706
9921,21,-0.7027921676635742
9922,12,-1.3454762697219849
9923,20,-0.7652846574783325
9924,13,-1.2975696325302124
9925,17,-0.9894922971725464
9926,20,-0.7931728363037109
9927,18,-0.9315464496612549
9928,11,-1.4010100364685059
9929,11,-1.3955117464065552
9930,11,-1.402998924255371
9931,14,-1.2304292917251587
9932,28,0.40647780895233154
9933,28,0.4155244827270508
9934,29,0.6655021905899048
9935,12,-1.3323615789413452
9936,23,-0.4377484917640686
9937,18,-0.9571868777275085
9938,12,-1.3359901905059814
9939,29,0.818213701248169
9940,10,-1.453444242477417
9941,16,-1.057650089263916
9942,11,-1.364842176437378
9943,11,-1.3820854425430298
9944,26,-0.15347075462341309
9945,17,-1.0457676649093628
9946,10,-1.4639168977737427
9947,12,-1.3405036926269531
9948,12,-1.3379689455032349
9949,17,-1.0120339393615723
9950,14,-1.2330012321472168
9951,12,-1.3357433080673218
9952,16,-1.1083483695983887
9953,15,-1.1248043775558472
9954,25,-0.22136527299880981
9955,17,-0.993624746799469
9956,7,-1.602748155593872
9957,9,-1.5144689083099365
9958,10,-1.4361716508865356
9959,26,-0.14850354194641113
9960,12,-1.3218073844909668
9961,13,-1.2653504610061646
9962,27,0.1717458963394165
9963,15,-1.1360361576080322
9964,14,-1.216680884361267
9965,12,-1.33552086353302
9966,25,-0.3069394826889038
9967,18,-0.9620218276977539
9968,20,-0.823635458946228
9969,21,-0.6695799827575684
9970,19,-0.8855788707733154
9971,17,-1.0333610773086548
9972,13,-1.2609225511550903
9973,19,-0.8390186429023743
9974,12,-1.3244773149490356
9975,17,-1.0246713161468506
9976,13,-1.255780816078186
9977,14,-1.2297601699829102
9978,17,-1.0469439029693604
9979,16,-1.0568948984146118
9980,15,-1.1251702308654785
9981,14,-1.1937111616134644
9982,18,-0.9310808181762695
9983,15,-1.1644928455352783
9984,16,-1.0724689960479736
9985,19,-0.888447642326355
9986,18,-0.9723126888275146
9987,10,-1.4526783227920532
9988,19,-0.8596930503845215
9989,10,-1.4477019309997559
9990,20,-0.8092592358589172
9991,11,-1.363965392112732
9992,18,-0.9601463079452515
9993,12,-1.3129703998565674
9994,15,-1.1528170108795166
9995,9,-1.4851263761520386
9996,14,-1.229447603225708
9997,15,-1.1568852663040161
9998,12,-1.331999659538269
9999,18,-0.9621946215629578
10000,14,-1.239903450012207
10001,29,0.557822585105896
10002,10,-1.4461743831634521
10003,28,0.31762945652008057
10004,15,-1.1674083471298218
10005,12,-1.3334259986877441
10006,10,-1.4315050840377808
10007,14,-1.1987704038619995
10008,12,-1.3208965063095093
10009,15,-1.170212745666504
10010,11,-1.355116367340088
10011,15,-1.1241981983184814
10012,11,-1.4014734029769897
10013,27,0.10995602607727051
10014,20,-0.8100573420524597
10015,14,-1.1891264915466309
10016,16,-1.0649464130401611
10017,13,-1.2938205003738403
10018,13,-1.2645220756530762
10019,11,-1.3885654211044312
10020,25,-0.1635969877243042
10021,14,-1.235328197479248
10022,14,-1.1877059936523438
10023,20,-0.7791178226470947
10024,16,-1.112970232963562
10025,14,-1.2153397798538208
10026,20,-0.7467051148414612
10027,20,-0.7777836322784424
10028,15,-1.1379249095916748
10029,18,-0.9481629729270935
10030,7,-1.608579158782959
10031,18,-0.9517436027526855
10032,13,-1.2543628215789795
10033,17,-1.0120422840118408
10034,17,-1.0374960899353027
10035,18,-0.953443169593811
10036,18,-0.9346245527267456
10037,14,-1.1961922645568848
10038,28,0.3527592420578003
10039,19,-0.8812323808670044
10040,19,-0.8979071378707886
10041,14,-1.178605079650879
10042,15,-1.143312692642212
10043,16,-1.1124587059020996
10044,20,-0.7919079661369324
10045,9,-1.512208104133606
10046,14,-1.1820951700210571
10047,14,-1.200361967086792
10048,13,-1.2738542556762695
10049,17,-1.0453366041183472
10050,12,-1.341719388961792
10051,27,0.07292377948760986
10052,17,-1.0492770671844482
10053,13,-1.2918004989624023
10054,21,-0.726075291633606
10055,9,-1.477533221244812
10056,14,-1.1836669445037842
10057,16,-1.1071343421936035
10058,16,-1.0994341373443604
10059,15,-1.135321855545044
10060,9,-1.4925522804260254
10061,29,0.5512523651123047
10062,9,-1.4742634296417236
10063,22,-0.5450554490089417
10064,14,-1.237921118736267
10065,13,-1.2934609651565552
10066,17,-1.0244572162628174
10067,17,-1.0060423612594604
10068,18,-0.9744734764099121
10069,16,-1.1098262071609497
10070,12,-1.3178800344467163
10071,22,-0.6284077167510986
10072,18,-0.9111894369125366
10073,15,-1.1658316850662231
10074,15,-1.1617953777313232
10075,14,-1.2049814462661743
10076,20,-0.8046551942825317
10077,17,-0.984566330909729
10078,13,-1.2435592412948608
10079,12,-1.3069919347763062
10080,27,0.12668633460998535
10081,13,-1.2775182723999023
10082,8,-1.5258097648620605
10083,19,-0.8575570583343506
10084,14,-1.2261067628860474
10085,12,-1.3392869234085083
10086,20,-0.8144011497497559
10087,12,-1.3332968950271606
10088,20,-0.7772247791290283
10089,16,-1.0770444869995117
10090,14,-1.2265503406524658
10091,19,-0.8411451578140259
10092,18,-0.9148035049438477
10093,26,-0.10405051708221436
10094,19,-0.8825865983963013
10095,14,-1.1848609447479248
10096,11,-1.4036904573440552
10097,11,-1.3804001808166504
10098,19,-0.8838266134262085
10099,13,-1.2680771350860596
10100,10,-1.465030312538147
10101,21,-0.6724961996078491
10102,13,-1.2779771089553833
10103,21,-0.6930688619613647
10104,17,-1.0523152351379395
10105,19,-0.845049262046814
10106,21,-0.7284489870071411
10107,10,-1.4426028728485107
10108,9,-1.4827113151550293
10109,8,-1.5286551713943481
10110,19,-0.8341825604438782
10111,11,-1.3553420305252075
10112,15,-1.171999216079712
10113,12,-1.34087336063385
10114,19,-0.8307925462722778
10115,18,-0.9707268476486206
10116,13,-1.2543373107910156
10117,17,-1.0261361598968506
10118,22,-0.5581449866294861
10119,17,-1.000351071357727
10120,13,-1.2619324922561646
10121,9,-1.4774223566055298
10122,15,-1.159356951713562
10123,16,-1.0578181743621826
10124,18,-0.9441900849342346
10125,16,-1.0626059770584106
10126,13,-1.2538329362869263
10127,8,-1.5506715774536133
10128,20,-0.7686643600463867
10129,12,-1.3099117279052734
10130,11,-1.40266752243042
10131,14,-1.1787970066070557
10132,18,-0.9737375974655151
10133,20,-0.7870333194732666
10134,13,-1.2594152688980103
10135,15,-1.158515214920044
10136,19,-0.8430261611938477
10137,11,-1.376222848892212
10138,16,-1.082603096961975
10139,21,-0.6981436014175415
10140,10,-1.4143702983856201
10141,27,0.07978963851928711
10142,21,-0.6990511417388916
10143,29,0.6905078887939453
10144,11,-1.409733533859253
10145,20,-0.7568628787994385
10146,21,-0.7061178684234619
10147,19,-0.8623664975166321
10148,9,-1.4780362844467163
10149,11,-1.3964327573776245
10150,15,-1.1675982475280762
10151,17,-1.0522910356521606
10152,20,-0.8253490328788757
10153,10,-1.4594428539276123
10154,11,-1.3873752355575562
10155,12,-1.3468035459518433
10156,15,-1.1244128942489624
10157,11,-1.3769382238388062
10158,9,-1.4964170455932617
10159,11,-1.4002398252487183
10160,13,-1.2843040227890015
10161,14,-1.239166021347046
10162,14,-1.2163820266723633
10163,11,-1.3562307357788086
10164,13,-1.2423632144927979
10165,17,-1.0334172248840332
10166,18,-0.9302571415901184
10167,19,-0.8817553520202637
10168,13,-1.2802855968475342
10169,12,-1.3230347633361816
10170,11,-1.3622875213623047
10171,13,-1.2672654390335083
10172,20,-0.7634220123291016
10173,15,-1.1283442974090576
10174,16,-1.1126601696014404
10175,18,-0.955693244934082
10176,14,-1.231412649154663
10177,16,-1.1124457120895386
10178,19,-0.8530597686767578
10179,16,-1.067373275756836
10180,11,-1.3929975032806396
10181,13,-1.266431450843811
10182,17,-1.0116982460021973
10183,16,-1.0990684032440186
10184,28,0.2596210241317749
10185,20,-0.7694990038871765
10186,12,-1.3144416809082031
10187,15,-1.1190186738967896
10188,21,-0.701603889465332
10189,15,-1.1367371082305908
10190,18,-0.9114803075790405
10191,19,-0.8391681909561157
10192,22,-0.5658061504364014
10193,16,-1.0943450927734375
10194,11,-1.360113263130188
10195,16,-1.0872197151184082
10196,18,-0.9208503365516663
10197,15,-1.1242302656173706
10198,15,-1.1204801797866821
10199,14,-1.1838202476501465
10200,19,-0.8503208756446838
10201,20,-0.8263452053070068
10202,16,-1.0857428312301636
10203,15,-1.1654019355773926
10204,14,-1.2145220041275024
10205,8,-1.5777029991149902
10206,14,-1.223406434059143
10207,13,-1.2660014629364014
10208,20,-0.7899971008300781
10209,26,-0.016742467880249023
10210,15,-1.1629071235656738
10211,18,-0.9472665786743164
10212,13,-1.2875956296920776
10213,15,-1.1543798446655273
10214,14,-1.2275148630142212
10215,15,-1.171174168586731
10216,13,-1.2627145051956177
10217,12,-1.3069417476654053
10218,18,-0.9103791117668152
10219,11,-1.3723084926605225
10220,18,-0.9144690036773682
10221,19,-0.9049384593963623
10222,28,0.48979389667510986
10223,21,-0.6471112370491028
10224,16,-1.1162784099578857
10225,12,-1.3347269296646118
10226,26,-0.15908920764923096
10227,20,-0.7921547889709473
10228,14,-1.1923893690109253
10229,13,-1.24118971824646
10230,11,-1.3850146532058716
10231,6,-1.6445378065109253
10232,27,0.09710371494293213
10233,15,-1.141339898109436
10234,17,-1.0495994091033936
10235,21,-0.7049645781517029
10236,14,-1.2023118734359741
10237,23,-0.5332590341567993
10238,15,-1.138721227645874
10239,16,-1.0681507587432861
10240,30,1.0773155689239502
10241,14,-1.193074345588684
10242,13,-1.266852617263794
10243,13,-1.2795321941375732
10244,11,-1.3578200340270996
10245,19,-0.8758718371391296
10246,13,-1.2409108877182007
10247,19,-0.887300968170166
10248,15,-1.1456215381622314
10249,20,-0.7819830179214478
10250,12,-1.3433574438095093
10251,15,-1.1653844118118286
10252,21,-0.6980226039886475
10253,14,-1.2018895149230957
10254,18,-0.9181070327758789
10255,14,-1.1940186023712158
10256,14,-1.2336746454238892
10257,17,-1.0535063743591309
10258,10,-1.435729742050171
10259,12,-1.3301923274993896
10260,29,0.7755630016326904
10261,9,-1.475418210029602
10262,19,-0.8360540866851807
10263,8,-1.525884985923767
10264,19,-0.8875873684883118
10265,13,-1.2629318237304688
10266,15,-1.119897723197937
10267,13,-1.2719650268554688
10268,16,-1.0623706579208374
10269,11,-1.3873368501663208
10270,15,-1.1572165489196777
10271,19,-0.8743694424629211
10272,20,-0.7665782570838928
10273,13,-1.2775100469589233
10274,15,-1.1576902866363525
10275,18,-0.9121977090835571
10276,28,0.3008453845977783
10277,12,-1.3328641653060913
10278,19,-0.8480692505836487
10279,10,-1.4337310791015625
10280,13,-1.2645554542541504
10281,13,-1.285575032234192
10282,20,-0.8062211275100708
10283,11,-1.3573369979858398
10284,20,-0.7883577346801758
10285,13,-1.2989356517791748
10286,14,-1.1802325248718262
10287,19,-0.8715858459472656
10288,14,-1.2143455743789673
10289,8,-1.5578944683074951
10290,18,-0.956231951713562
10291,10,-1.4236257076263428
10292,16,-1.110785722732544
10293,12,-1.329859733581543
10294,24,-0.39732587337493896
10295,21,-0.7380329370498657
10296,12,-1.3242539167404175
10297,13,-1.2913988828659058
10298,29,0.5875633955001831
10299,19,-0.8943517208099365
10300,28,0.2477511167526245
10301,14,-1.1789782047271729
10302,14,-1.180181622505188
10303,11,-1.406951904296875
10304,14,-1.2333133220672607
10305,17,-1.0422488451004028
10306,14,-1.1835689544677734
10307,9,-1.4745875597000122
10308,16,-1.1121023893356323
10309,12,-1.3039473295211792
10310,14,-1.1810168027877808
10311,20,-0.8208614587783813
10312,13,-1.2651267051696777
10313,14,-1.2048256397247314
10314,17,-1.0445858240127563
10315,13,-1.27499520778656
10316,20,-0.819217324256897
10317,28,0.5103402137756348
10318,14,-1.208191990852356
10319,14,-1.2158583402633667
10320,19,-0.878567099571228
10321,14,-1.1792658567428589
10322,14,-1.2141844034194946
10323,14,-1.2187469005584717
10324,21,-0.708700954914093
10325,9,-1.4845699071884155
10326,11,-1.394796371459961
10327,16,-1.0883018970489502
10328,15,-1.1546571254730225
10329,13,-1.2928637266159058
10330,18,-0.9654225707054138
10331,12,-1.312878131866455
10332,21,-0.7250815033912659
10333,10,-1.4656586647033691
10334,13,-1.2888292074203491
10335,13,-1.2713401317596436
10336,18,-0.9105201959609985
10337,10,-1.4599270820617676
10338,13,-1.2835150957107544
10339,14,-1.1977012157440186
10340,29,0.667878270149231
10341,16,-1.0808193683624268
10342,15,-1.1682848930358887
10343,21,-0.6862848997116089
10344,10,-1.4132155179977417
10345,14,-1.1834840774536133
10346,19,-0.8805117607116699
10347,14,-1.2328656911849976
10348,21,-0.7276701927185059
10349,21,-0.7202858924865723
10350,13,-1.2847586870193481
10351,19,-0.8378969430923462
10352,16,-1.0886821746826172
10353,19,-0.8896185159683228
10354,12,-1.3015031814575195
10355,12,-1.3124101161956787
10356,12,-1.3189501762390137
10357,17,-0.9873411655426025
10358,19,-0.8954899311065674
10359,13,-1.254984974861145
10360,14,-1.2006986141204834
10361,9,-1.5160614252090454
10362,14,-1.2357021570205688
10363,16,-1.0684473514556885
10364,16,-1.092691421508789
10365,16,-1.0847727060317993
10366,20,-0.7938253879547119
10367,14,-1.2184442281723022
10368,18,-0.9395021200180054
10369,21,-0.713697075843811
10370,13,-1.2544845342636108
10371,19,-0.8695656061172485
10372,19,-0.8855503797531128
10373,14,-1.224808692932129
10374,17,-0.9952977895736694
10375,14,-1.2191967964172363
10376,20,-0.7861946821212769
10377,9,-1.5154956579208374
10378,12,-1.3483006954193115
10379,19,-0.894014835357666
10380,12,-1.3157830238342285
10381,10,-1.4255032539367676
10382,17,-1.041931390762329
10383,22,-0.6202768087387085
10384,19,-0.8950782418251038
10385,19,-0.8824396729469299
10386,10,-1.4362564086914062
10387,13,-1.2632908821105957
10388,21,-0.6459980010986328
10389,18,-0.9166278839111328
10390,17,-0.9933721423149109
10391,13,-1.2711379528045654
10392,16,-1.099798321723938
10393,16,-1.071094036102295
10394,12,-1.3499035835266113
10395,21,-0.6705186367034912
10396,19,-0.833183765411377
10397,21,-0.7125016450881958
10398,14,-1.205457329750061
10399,12,-1.3485441207885742
10400,21,-0.7004083395004272
10401,14,-1.2301828861236572
10402,12,-1.3544570207595825
10403,15,-1.1753026247024536
10404,13,-1.2483019828796387
10405,24,-0.3763539791107178
10406,11,-1.3623825311660767
10407,16,-1.1114190816879272
10408,17,-0.9918497800827026
10409,15,-1.1189649105072021
10410,21,-0.7238311767578125
10411,20,-0.7964478731155396
10412,28,0.42735743522644043
10413,25,-0.16704332828521729
10414,16,-1.0683165788650513
10415,27,0.17778074741363525
10416,20,-0.8237614631652832
10417,15,-1.142736792564392
10418,14,-1.1955137252807617
10419,20,-0.7553669810295105
10420,29,0.7587426900863647
10421,21,-0.6675389409065247
10422,21,-0.7370589971542358
10423,15,-1.1475276947021484
10424,18,-0.9745116233825684
10425,11,-1.355363368988037
10426,16,-1.1055636405944824
10427,23,-0.5183910727500916
10428,15,-1.1498781442642212
10429,20,-0.8117535710334778
10430,17,-1.053458333015442
10431,14,-1.2377079725265503
10432,14,-1.2366390228271484
10433,28,0.2764028310775757
10434,13,-1.2595552206039429
10435,15,-1.1294732093811035
10436,18,-0.9319391250610352
10437,12,-1.318232536315918
10438,29,0.5798165798187256
10439,14,-1.2054980993270874
10440,12,-1.3496813774108887
10441,16,-1.1099849939346313
10442,20,-0.7955789566040039
10443,18,-0.9103482961654663
10444,18,-0.950515866279602
10445,14,-1.2375065088272095
10446,20,-0.8105863332748413
10447,14,-1.2290724515914917
10448,13,-1.2844675779342651
10449,17,-1.029825210571289
10450,16,-1.0624871253967285
10451,15,-1.1648155450820923
10452,14,-1.1851414442062378
10453,20,-0.7872036695480347
10454,17,-1.027905821800232
10455,18,-0.912279486656189
10456,29,0.6300479173660278
10457,20,-0.8084298372268677
10458,28,0.5248091220855713
10459,13,-1.299623727798462
10460,14,-1.2093515396118164
10461,23,-0.4353019595146179
10462,18,-0.9682654738426208
10463,14,-1.2224693298339844
10464,13,-1.245436668395996
10465,28,0.45332956314086914
10466,20,-0.8024317026138306
10467,14,-1.1952284574508667
10468,15,-1.1197869777679443
10469,21,-0.7410770654678345
10470,15,-1.1555304527282715
10471,14,-1.1882075071334839
10472,17,-1.0013163089752197
10473,22,-0.6304442882537842
10474,20,-0.8065519332885742
10475,18,-0.9466526508331299
10476,14,-1.2321293354034424
10477,13,-1.2816648483276367
10478,26,-0.033603549003601074
10479,14,-1.1888948678970337
10480,19,-0.9042825698852539
10481,11,-1.3643244504928589
10482,14,-1.1914998292922974
10483,14,-1.1818780899047852
10484,12,-1.3192769289016724
10485,11,-1.3709080219268799
10486,23,-0.5374600887298584
10487,26,-0.14369285106658936
10488,12,-1.3431789875030518
10489,13,-1.29090416431427
10490,23,-0.5119126439094543
10491,9,-1.4808152914047241
10492,7,-1.592177152633667
10493,16,-1.091808557510376
10494,18,-0.9799586534500122
10495,16,-1.1109488010406494
10496,15,-1.1581028699874878
10497,23,-0.4432123303413391
10498,15,-1.1582520008087158
10499,14,-1.1791975498199463
10500,28,0.516331672668457
10501,12,-1.326768398284912
10502,12,-1.3018827438354492
10503,14,-1.2210679054260254
10504,26,-0.018171191215515137
10505,21,-0.7319108247756958
10506,13,-1.2432482242584229
10507,16,-1.0734031200408936
10508,13,-1.2563849687576294
10509,8,-1.5566165447235107
10510,14,-1.1873575448989868
10511,28,0.45728492736816406
10512,22,-0.6108457446098328
10513,17,-1.0460915565490723
10514,18,-0.9772015810012817
10515,20,-0.778571367263794
10516,13,-1.2605984210968018
10517,18,-0.9367237091064453
10518,13,-1.2895033359527588
10519,22,-0.6380062699317932
10520,18,-0.9773508310317993
10521,17,-0.9934212565422058
10522,22,-0.6366003751754761
10523,13,-1.2945228815078735
10524,28,0.26024389266967773
10525,28,0.4937255382537842
10526,20,-0.7845590710639954
10527,10,-1.4279147386550903
10528,15,-1.1311054229736328
10529,12,-1.3253216743469238
10530,9,-1.5041117668151855
10531,20,-0.8097988367080688
10532,16,-1.1136208772659302
10533,16,-1.0959455966949463
10534,14,-1.2338258028030396
10535,16,-1.0828276872634888
10536,21,-0.6690661907196045
10537,13,-1.285871982574463
10538,13,-1.2442094087600708
10539,12,-1.326364517211914
10540,12,-1.3498337268829346
10541,29,0.6125329732894897
10542,18,-0.9284553527832031
10543,12,-1.3032318353652954
10544,20,-0.7878621816635132
10545,8,-1.5470659732818604
10546,16,-1.114974856376648
10547,29,0.6427302360534668
10548,19,-0.8920924663543701
10549,18,-0.9436644315719604
10550,26,-0.11407673358917236
10551,19,-0.8518503904342651
10552,22,-0.5554123520851135
10553,15,-1.168633222579956
10554,18,-0.9164265394210815
10555,21,-0.6844537854194641
10556,14,-1.2327345609664917
10557,13,-1.2545443773269653
10558,14,-1.1994038820266724
10559,20,-0.8271572589874268
10560,21,-0.654939591884613
10561,21,-0.7157515287399292
10562,14,-1.1993073225021362
10563,14,-1.236730694770813
10564,12,-1.3439770936965942
10565,21,-0.7319756746292114
10566,16,-1.1145434379577637
10567,15,-1.128160834312439
10568,21,-0.7244764566421509
10569,14,-1.225623607635498
10570,22,-0.6231663823127747
10571,7,-1.6368753910064697
10572,20,-0.790387749671936
10573,13,-1.288163661956787
10574,10,-1.417799472808838
10575,12,-1.336067795753479
10576,10,-1.4652793407440186
10577,14,-1.198380947113037
10578,14,-1.234894871711731
10579,15,-1.1678787469863892
10580,14,-1.2243554592132568
10581,13,-1.292768955230713
10582,20,-0.8165916204452515
10583,16,-1.0958476066589355
10584,21,-0.7020120024681091
10585,20,-0.8003004789352417
10586,16,-1.0963197946548462
10587,13,-1.245651125907898
10588,16,-1.0860910415649414
10589,14,-1.2337883710861206
10590,14,-1.2406786680221558
10591,19,-0.8878977298736572
10592,29,0.7101677656173706
10593,16,-1.098334550857544
10594,18,-0.9651947617530823
10595,9,-1.4904239177703857
10596,15,-1.1658188104629517
10597,13,-1.2752628326416016
10598,27,0.15813982486724854
10599,14,-1.2187128067016602
10600,21,-0.6856405138969421
10601,18,-0.9459925889968872
10602,16,-1.1117193698883057
10603,28,0.36895716190338135
10604,19,-0.839832067489624
10605,13,-1.2910988330841064
10606,15,-1.1412297487258911
10607,15,-1.161217212677002
10608,27,0.07669377326965332
10609,14,-1.214780330657959
10610,13,-1.272554874420166
10611,21,-0.7087573409080505
10612,11,-1.4007008075714111
10613,17,-1.0236175060272217
10614,13,-1.2757283449172974
10615,25,-0.16962122917175293
10616,12,-1.3413763046264648
10617,14,-1.2182414531707764
10618,12,-1.3008766174316406
10619,20,-0.7933706641197205
10620,15,-1.1657037734985352
10621,20,-0.7869767546653748
10622,13,-1.2900950908660889
10623,19,-0.8527103066444397
10624,12,-1.3315705060958862
10625,12,-1.3398499488830566
10626,16,-1.0939850807189941
10627,14,-1.1812045574188232
10628,13,-1.2531579732894897
10629,14,-1.182394027709961
10630,16,-1.0618183612823486
10631,20,-0.8033615350723267
10632,20,-0.8299349546432495
10633,12,-1.3165638446807861
10634,12,-1.335313320159912
10635,16,-1.0727134943008423
10636,21,-0.7266321182250977
10637,7,-1.6198288202285767
10638,17,-1.0378079414367676
10639,16,-1.1118608713150024
10640,11,-1.360816478729248
10641,16,-1.095505714416504
10642,15,-1.1198883056640625
10643,15,-1.1272671222686768
10644,16,-1.0574830770492554
10645,19,-0.8968726396560669
10646,20,-0.7987155914306641
10647,15,-1.166653037071228
10648,10,-1.4473007917404175
10649,16,-1.1011319160461426
10650,21,-0.7018696069717407
10651,21,-0.6985383033752441
10652,29,0.6823834180831909
10653,16,-1.1001198291778564
10654,18,-0.9557747840881348
10655,21,-0.6705833673477173
10656,13,-1.2414029836654663
10657,19,-0.9071062803268433
10658,18,-0.9751386642456055
10659,13,-1.266514539718628
10660,29,0.7496758699417114
10661,16,-1.1168153285980225
10662,11,-1.3905876874923706
10663,15,-1.1624863147735596
10664,23,-0.5113378167152405
10665,29,0.8879685401916504
10666,18,-0.926807165145874
10667,20,-0.8056445121765137
10668,13,-1.2786524295806885
10669,19,-0.8615232110023499
10670,14,-1.1901187896728516
10671,13,-1.2467000484466553
10672,18,-0.9120223522186279
10673,14,-1.1815403699874878
10674,28,0.2536371946334839
10675,19,-0.891831636428833
10676,14,-1.2341456413269043
10677,22,-0.6379802823066711
10678,13,-1.245426893234253
10679,18,-0.9425964951515198
10680,22,-0.6400613188743591
10681,28,0.46365857124328613
10682,12,-1.312974452972412
10683,16,-1.10165536403656
10684,13,-1.2941737174987793
10685,9,-1.4751485586166382
10686,13,-1.2908623218536377
10687,15,-1.175836443901062
10688,20,-0.8021529912948608
10689,9,-1.4895656108856201
10690,13,-1.269637942314148
10691,12,-1.3541178703308105
10692,22,-0.6129919290542603
10693,14,-1.1787903308868408
10694,15,-1.1760915517807007
10695,15,-1.1377406120300293
10696,20,-0.7651442885398865
10697,29,0.6460068225860596
10698,18,-0.9516474008560181
10699,15,-1.1771644353866577
10700,20,-0.7870066165924072
10701,19,-0.9004567861557007
10702,18,-0.910515308380127
10703,27,0.21795296669006348
10704,18,-0.9615203142166138
10705,27,0.04981517791748047
10706,16,-1.0667775869369507
10707,16,-1.0962578058242798
10708,19,-0.8814159631729126
10709,13,-1.2702995538711548
10710,18,-0.9379172921180725
10711,19,-0.8710891008377075
10712,15,-1.1716766357421875
10713,9,-1.4722379446029663
10714,16,-1.0827431678771973
10715,12,-1.3200695514678955
10716,15,-1.146549940109253
10717,22,-0.5773152709007263
10718,19,-0.8550234436988831
10719,27,0.22126972675323486
10720,22,-0.549048900604248
10721,19,-0.8932561874389648
10722,13,-1.2812408208847046
10723,16,-1.056006908416748
10724,12,-1.3400036096572876
10725,15,-1.1688748598098755
10726,13,-1.266733169555664
10727,27,0.14499056339263916
10728,13,-1.2671927213668823
10729,14,-1.2244224548339844
10730,19,-0.8980532884597778
10731,29,0.6951007843017578
10732,15,-1.1417324542999268
10733,26,-0.09629595279693604
10734,28,0.4414544105529785
10735,15,-1.1418185234069824
10736,18,-0.914303719997406
10737,13,-1.2615892887115479
10738,11,-1.3886137008666992
10739,15,-1.146427035331726
10740,21,-0.7147057056427002
10741,21,-0.716499388217926
10742,20,-0.791022539138794
10743,15,-1.1741230487823486
10744,12,-1.310287356376648
10745,21,-0.6696467995643616
10746,16,-1.1102328300476074
10747,28,0.5138769149780273
10748,17,-1.038770318031311
10749,15,-1.1337473392486572
10750,12,-1.3439998626708984
10751,15,-1.148833990097046
10752,16,-1.064347505569458
10753,16,-1.109990119934082
10754,15,-1.1411062479019165
10755,16,-1.103324055671692
10756,21,-0.724454402923584
10757,13,-1.2643977403640747
10758,11,-1.3860374689102173
10759,16,-1.0541276931762695
10760,13,-1.299700140953064
10761,17,-1.0008795261383057
10762,29,0.7631793022155762
10763,14,-1.1889598369598389
10764,18,-0.9135423898696899
10765,19,-0.8499537706375122
10766,21,-0.716238260269165
10767,16,-1.0907912254333496
10768,29,0.5737670660018921
10769,18,-0.9776002168655396
10770,27,0.09394025802612305
10771,14,-1.2397569417953491
10772,21,-0.6961050033569336
10773,16,-1.1033345460891724
10774,13,-1.258524775505066
10775,15,-1.1553975343704224
10776,16,-1.0856233835220337
10777,19,-0.8914110660552979
10778,16,-1.1010164022445679
10779,20,-0.793434202671051
10780,17,-1.0211025476455688
10781,15,-1.1506130695343018
10782,17,-1.04581880569458
10783,19,-0.8613598346710205
10784,20,-0.763283371925354
10785,13,-1.2949333190917969
10786,16,-1.1132709980010986
10787,21,-0.6716366410255432
10788,16,-1.0549535751342773
10789,12,-1.3423045873641968
10790,16,-1.061103105545044
10791,8,-1.5609235763549805
10792,20,-0.7902354001998901
10793,18,-0.9156513214111328
10794,28,0.2892611026763916
10795,19,-0.8389648795127869
10796,29,0.6821486949920654
10797,14,-1.2207276821136475
10798,11,-1.3878884315490723
10799,15,-1.1608384847640991
10800,28,0.3555169105529785
10801,12,-1.3141026496887207
10802,18,-0.9493414163589478
10803,16,-1.0616228580474854
10804,14,-1.2175700664520264
10805,13,-1.260481357574463
10806,12,-1.3165838718414307
10807,12,-1.3232008218765259
10808,19,-0.8395763635635376
10809,17,-1.0290175676345825
10810,23,-0.44705766439437866
10811,14,-1.1930592060089111
10812,27,0.045456886291503906
10813,12,-1.322026014328003
10814,21,-0.7366851568222046
10815,13,-1.2841507196426392
10816,12,-1.301323652267456
10817,26,-0.09972894191741943
10818,15,-1.140363335609436
10819,13,-1.2594423294067383
10820,13,-1.25102698802948
10821,9,-1.4888402223587036
10822,13,-1.259017825126648
10823,17,-1.0454682111740112
10824,29,0.5466747283935547
10825,12,-1.3097398281097412
10826,21,-0.6628378629684448
10827,14,-1.1924755573272705
10828,13,-1.2874934673309326
10829,16,-1.0668461322784424
10830,13,-1.287889003753662
10831,15,-1.1636407375335693
10832,28,0.34156692028045654
10833,22,-0.6324707269668579
10834,13,-1.2463290691375732
10835,18,-0.9233672618865967
10836,18,-0.969385027885437
10837,13,-1.28217613697052
10838,14,-1.1790226697921753
10839,12,-1.3301753997802734
10840,19,-0.8665206432342529
10841,8,-1.5708330869674683
10842,16,-1.076427936553955
10843,19,-0.862747848033905
10844,20,-0.8137197494506836
10845,17,-1.0328818559646606
10846,27,0.1880950927734375
10847,14,-1.2162379026412964
10848,15,-1.1338284015655518
10849,19,-0.9094235897064209
10850,15,-1.1365336179733276
10851,16,-1.0607233047485352
10852,18,-0.9313114285469055
10853,29,0.7694389820098877
10854,15,-1.127889633178711
10855,21,-0.7126935124397278
10856,18,-0.9285702705383301
10857,28,0.3311980962753296
10858,9,-1.4825767278671265
10859,18,-0.9692591428756714
10860,15,-1.1317825317382812
10861,14,-1.2084648609161377
10862,13,-1.284408688545227
10863,19,-0.8740772604942322
10864,16,-1.1107951402664185
10865,29,0.8193902969360352
10866,16,-1.099953055381775
10867,17,-1.0286321640014648
10868,12,-1.350157380104065
10869,11,-1.3845947980880737
10870,23,-0.48651522397994995
10871,29,0.8613615036010742
10872,22,-0.6141165494918823
10873,14,-1.1869124174118042
10874,21,-0.6572235822677612
10875,18,-0.9238635301589966
10876,19,-0.8820642232894897
10877,11,-1.3941305875778198
10878,10,-1.428979754447937
10879,25,-0.21103036403656006
10880,10,-1.4470539093017578
10881,16,-1.058139443397522
10882,27,0.17377233505249023
10883,20,-0.8192989826202393
10884,18,-0.9474883079528809
10885,13,-1.2878152132034302
10886,19,-0.8881704807281494
10887,17,-1.0263954401016235
10888,23,-0.5198965072631836
10889,21,-0.653906524181366
10890,14,-1.2123422622680664
10891,16,-1.0952563285827637
10892,19,-0.8658334016799927
10893,20,-0.8090860843658447
10894,16,-1.0746777057647705
10895,28,0.393613338470459
10896,18,-0.9489822387695312
10897,13,-1.2505117654800415
10898,20,-0.7576179504394531
10899,11,-1.3688899278640747
10900,17,-0.9922608733177185
10901,20,-0.7486550807952881
10902,13,-1.2958769798278809
10903,15,-1.1323829889297485
10904,11,-1.3980075120925903
10905,17,-1.0054070949554443
10906,27,0.20421147346496582
10907,22,-0.6038798689842224
10908,14,-1.1928648948669434
10909,12,-1.3007498979568481
10910,30,1.074875831604004
10911,13,-1.2659111022949219
10912,25,-0.17425310611724854
10913,22,-0.6389507055282593
10914,13,-1.2919734716415405
10915,14,-1.2067791223526
10916,29,0.6747516393661499
10917,16,-1.0602819919586182
10918,29,0.7377744913101196
10919,27,0.13988208770751953
10920,14,-1.2225574254989624
10921,19,-0.897709846496582
10922,17,-1.0528932809829712
10923,19,-0.8992782831192017
10924,20,-0.7457214593887329
10925,12,-1.3201431035995483
10926,15,-1.1779507398605347
10927,25,-0.18479132652282715
10928,19,-0.8676197528839111
10929,17,-0.9908017516136169
10930,16,-1.0805425643920898
10931,18,-0.9594542980194092
10932,19,-0.8439289927482605
10933,14,-1.207762598991394
10934,26,-0.05744481086730957
10935,11,-1.3892320394515991
10936,14,-1.223508358001709
10937,17,-1.0155776739120483
10938,22,-0.5956959128379822
10939,10,-1.4191054105758667
10940,16,-1.0968587398529053
10941,11,-1.365403413772583
10942,9,-1.481213092803955
10943,21,-0.7088332772254944
10944,29,0.5604363679885864
10945,13,-1.2548699378967285
10946,22,-0.5733411908149719
10947,14,-1.238105058670044
10948,16,-1.1023507118225098
10949,28,0.395330548286438
10950,11,-1.3908042907714844
10951,16,-1.0877459049224854
10952,28,0.33788931369781494
10953,21,-0.7010639309883118
10954,21,-0.6482158899307251
10955,14,-1.2039374113082886
10956,12,-1.3541032075881958
10957,19,-0.9076658487319946
10958,29,0.5415472984313965
10959,16,-1.0682719945907593
10960,17,-1.050972819328308
10961,17,-1.0053884983062744
10962,15,-1.1500815153121948
10963,18,-0.9608834385871887
10964,17,-1.03006911277771
10965,12,-1.3295867443084717
10966,20,-0.7677655220031738
10967,12,-1.309213638305664
10968,20,-0.8042885661125183
10969,19,-0.8451833724975586
10970,9,-1.4848415851593018
10971,22,-0.6300780177116394
10972,16,-1.090088129043579
10973,22,-0.6040483117103577
10974,11,-1.3798141479492188
10975,22,-0.574884831905365
10976,17,-1.023093819618225
10977,13,-1.2995860576629639
10978,28,0.4769076108932495
10979,10,-1.4645072221755981
10980,19,-0.859371542930603
10981,15,-1.1635992527008057
10982,10,-1.4431111812591553
10983,13,-1.274737000465393
10984,10,-1.4148085117340088
10985,18,-0.9236360788345337
10986,18,-0.9371612071990967
10987,15,-1.174189805984497
10988,21,-0.6861210465431213
10989,19,-0.888167142868042
10990,22,-0.560165524482727
10991,13,-1.243496298789978
10992,22,-0.5776157379150391
10993,11,-1.3820958137512207
10994,18,-0.9147250652313232
10995,12,-1.3042032718658447
10996,20,-0.8219274878501892
10997,20,-0.7965810298919678
10998,15,-1.1675856113433838
10999,27,0.14997613430023193
11000,22,-0.5919379591941833
11001,20,-0.7999882102012634
11002,17,-0.9832122325897217
11003,15,-1.1253395080566406
11004,27,0.053249359130859375
11005,15,-1.1681348085403442
11006,19,-0.9061735272407532
11007,18,-0.9687933921813965
11008,26,-0.015425920486450195
11009,28,0.286588191986084
11010,20,-0.7624258399009705
11011,24,-0.32074469327926636
11012,23,-0.46672749519348145
11013,16,-1.0685033798217773
11014,15,-1.1540230512619019
11015,21,-0.7155792713165283
11016,19,-0.8759752511978149
11017,15,-1.1570771932601929
11018,16,-1.0770467519760132
11019,19,-0.8532758951187134
11020,13,-1.2913525104522705
11021,14,-1.2281686067581177
11022,22,-0.6392967104911804
11023,27,0.1555919647216797
11024,15,-1.1496347188949585
11025,21,-0.7083379030227661
11026,10,-1.4155850410461426
11027,16,-1.1120660305023193
11028,18,-0.9391904473304749
11029,19,-0.8549418449401855
11030,13,-1.2866274118423462
11031,13,-1.295732855796814
11032,17,-0.9999802708625793
11033,13,-1.2627544403076172
11034,28,0.265733003616333
11035,27,0.22734594345092773
11036,20,-0.7853584289550781
11037,11,-1.3898388147354126
11038,24,-0.32866907119750977
11039,13,-1.2543761730194092
11040,13,-1.2535357475280762
11041,14,-1.195863127708435
11042,12,-1.3258394002914429
11043,19,-0.8996068239212036
11044,15,-1.1666345596313477
11045,14,-1.1895678043365479
11046,13,-1.3000671863555908
11047,13,-1.2585747241973877
11048,18,-0.9648503065109253
11049,13,-1.263947606086731
11050,20,-0.7518433332443237
11051,18,-0.939094066619873
11052,16,-1.1056119203567505
11053,13,-1.2833986282348633
11054,12,-1.3082695007324219
11055,15,-1.1495076417922974
11056,21,-0.6929012537002563
11057,28,0.47796452045440674
11058,15,-1.1202924251556396
11059,28,0.39291346073150635
11060,16,-1.087468147277832
11061,12,-1.3390281200408936
11062,29,0.5913902521133423
11063,18,-0.932666540145874
11064,10,-1.4172500371932983
11065,15,-1.1542426347732544
11066,17,-1.0218431949615479
11067,17,-0.9854997396469116
11068,19,-0.8549888134002686
11069,19,-0.8642803430557251
11070,16,-1.0754135847091675
11071,17,-1.0402662754058838
11072,28,0.4918123483657837
11073,11,-1.3791368007659912
11074,21,-0.6902521252632141
11075,12,-1.3156503438949585
11076,29,0.6412841081619263
11077,14,-1.1799544095993042
11078,20,-0.8206709027290344
11079,14,-1.2231662273406982
11080,22,-0.5578861832618713
11081,11,-1.376096487045288
11082,14,-1.232576608657837
11083,12,-1.3373806476593018
11084,21,-0.7144991755485535
11085,30,0.9396169185638428
11086,16,-1.1089905500411987
11087,20,-0.7721136808395386
11088,21,-0.7034299969673157
11089,22,-0.573647677898407
11090,21,-0.6887514591217041
11091,15,-1.1317414045333862
11092,18,-0.9520483016967773
11093,14,-1.2106701135635376
11094,13,-1.2916395664215088
11095,30,0.9571888446807861
11096,22,-0.6118107438087463
11097,20,-0.7972066402435303
11098,17,-0.9901208877563477
11099,16,-1.1090149879455566
11100,15,-1.1769020557403564
11101,29,0.8158259391784668
11102,19,-0.8798052668571472
11103,14,-1.1825487613677979
11104,19,-0.8397136926651001
11105,15,-1.1198573112487793
11106,15,-1.145485281944275
11107,14,-1.2219657897949219
11108,15,-1.131011962890625
11109,14,-1.2277470827102661
11110,18,-0.9788219928741455
11111,11,-1.3886345624923706
11112,18,-0.9150197505950928
11113,17,-0.9837036728858948
11114,12,-1.3054214715957642
11115,17,-1.0313390493392944
11116,13,-1.258557677268982
11117,29,0.5579389333724976
11118,27,0.20242536067962646
11119,17,-1.0096797943115234
11120,20,-0.7992508411407471
11121,14,-1.2361782789230347
11122,28,0.3496403694152832
11123,21,-0.6529222130775452
11124,12,-1.3076682090759277
11125,15,-1.1563475131988525
11126,23,-0.4403337240219116
11127,18,-0.9565055966377258
11128,21,-0.713415265083313
11129,14,-1.194669485092163
11130,16,-1.105440378189087
11131,12,-1.3278627395629883
11132,16,-1.0700222253799438
11133,11,-1.3897626399993896
11134,16,-1.117226004600525
11135,13,-1.2876887321472168
11136,17,-0.989852249622345
11137,12,-1.325566291809082
11138,19,-0.8992894887924194
11139,13,-1.2608202695846558
11140,10,-1.4175937175750732
11141,18,-0.9458165764808655
11142,21,-0.713675856590271
11143,19,-0.8712948560714722
11144,26,-0.029378414154052734
11145,20,-0.8128964900970459
11146,22,-0.6327795386314392
11147,22,-0.6314292550086975
11148,10,-1.42027747631073
11149,23,-0.5358839631080627
11150,13,-1.283856749534607
11151,18,-0.9162217378616333
11152,13,-1.26002836227417
11153,14,-1.1820138692855835
11154,21,-0.7016433477401733
11155,22,-0.5948541760444641
11156,17,-1.0512465238571167
11157,15,-1.1202208995819092
11158,21,-0.7423990964889526
11159,15,-1.123213768005371
11160,14,-1.1987274885177612
11161,14,-1.2334365844726562
11162,28,0.2865865230560303
11163,21,-0.7060688138008118
11164,14,-1.2054505348205566
11165,16,-1.0567349195480347
11166,19,-0.8777782917022705
11167,19,-0.902581512928009
11168,20,-0.7544421553611755
11169,21,-0.6993175745010376
11170,13,-1.2674942016601562
11171,10,-1.4631887674331665
11172,17,-1.0184047222137451
11173,14,-1.2247697114944458
11174,18,-0.9697772264480591
11175,19,-0.8705328702926636
11176,11,-1.355709433555603
11177,13,-1.27474844455719
11178,22,-0.6091330647468567
11179,17,-1.0494204759597778
11180,20,-0.7915780544281006
11181,15,-1.1654571294784546
11182,15,-1.1611894369125366
11183,11,-1.4090209007263184
11184,29,0.6860675811767578
11185,13,-1.2475569248199463
11186,14,-1.1883774995803833
11187,10,-1.432509183883667
11188,29,0.7530900239944458
11189,13,-1.2554030418395996
11190,22,-0.6381178498268127
11191,16,-1.070180892944336
11192,19,-0.8351238965988159
11193,18,-0.9265648126602173
11194,18,-0.9438886046409607
11195,12,-1.307613730430603
11196,16,-1.1001256704330444
11197,21,-0.6882947087287903
11198,14,-1.2362499237060547
11199,22,-0.6242031455039978
11200,29,0.5414830446243286
11201,14,-1.2210742235183716
11202,20,-0.7471679449081421
11203,17,-1.017194151878357
11204,11,-1.383189082145691
11205,15,-1.1781775951385498
11206,23,-0.5336358547210693
11207,11,-1.3997993469238281
11208,24,-0.3592725396156311
11209,20,-0.7719256281852722
11210,17,-1.0460834503173828
11211,27,0.14101409912109375
11212,16,-1.0901296138763428
11213,22,-0.5939080119132996
11214,22,-0.5554402470588684
11215,15,-1.1409859657287598
11216,20,-0.8219391107559204
11217,21,-0.6981047987937927
11218,11,-1.3973363637924194
11219,14,-1.1899079084396362
11220,16,-1.1125906705856323
11221,11,-1.3551421165466309
11222,10,-1.463131308555603
11223,17,-0.9859259724617004
11224,28,0.28615713119506836
11225,11,-1.4071929454803467
11226,14,-1.2171835899353027
11227,15,-1.1584804058074951
11228,22,-0.6262234449386597
11229,17,-1.0133049488067627
11230,22,-0.6271872520446777
11231,16,-1.0542322397232056
11232,20,-0.8114315271377563
11233,15,-1.1608659029006958
11234,14,-1.2157407999038696
11235,23,-0.44859641790390015
11236,15,-1.1537973880767822
11237,20,-0.8304814100265503
11238,14,-1.2145880460739136
11239,14,-1.1867133378982544
11240,15,-1.1506978273391724
11241,16,-1.0574208498001099
11242,16,-1.0601556301116943
11243,28,0.329048752784729
11244,29,0.7837154865264893
11245,29,0.6081466674804688
11246,18,-0.911715030670166
11247,15,-1.13582444190979
11248,15,-1.1367440223693848
11249,18,-0.9301490783691406
11250,20,-0.7535160183906555
11251,18,-0.9695034623146057
11252,21,-0.7408465147018433
11253,14,-1.2205432653427124
11254,16,-1.0691680908203125
11255,21,-0.7053996920585632
11256,15,-1.1575790643692017
11257,19,-0.861406683921814
11258,18,-0.9341696500778198
11259,16,-1.1164698600769043
11260,17,-1.0173832178115845
11261,22,-0.6409284472465515
11262,21,-0.6880593299865723
11263,15,-1.1576015949249268
11264,21,-0.6530792117118835
11265,21,-0.684025764465332
11266,14,-1.1826815605163574
11267,20,-0.8017005920410156
11268,17,-0.9920302629470825
11269,14,-1.2169394493103027
11270,18,-0.9095707535743713
11271,17,-1.007561445236206
11272,15,-1.140564203262329
11273,10,-1.42178475856781
11274,11,-1.378498911857605
11275,13,-1.2955068349838257
11276,17,-1.002615213394165
11277,20,-0.8080270290374756
11278,23,-0.5397652983665466
11279,13,-1.286702036857605
11280,14,-1.2097282409667969
11281,16,-1.1058564186096191
11282,29,0.6150132417678833
11283,11,-1.3789467811584473
11284,14,-1.1969786882400513
11285,20,-0.8231003880500793
11286,26,-0.15392804145812988
11287,22,-0.5894431471824646
11288,14,-1.1833977699279785
11289,19,-0.849490225315094
11290,15,-1.1349254846572876
11291,16,-1.0839054584503174
11292,19,-0.8678020238876343
11293,22,-0.6280378103256226
11294,18,-0.9176617860794067
11295,13,-1.283668875694275
11296,17,-1.0118134021759033
11297,14,-1.2374564409255981
11298,15,-1.1418555974960327
11299,22,-0.5665754675865173
11300,16,-1.110144853591919
11301,12,-1.3133621215820312
11302,18,-0.9460673332214355
11303,18,-0.9661018252372742
11304,25,-0.16473233699798584
11305,16,-1.093538761138916
11306,15,-1.1409820318222046
11307,21,-0.6814494132995605
11308,19,-0.8882638216018677
11309,19,-0.8717707395553589
11310,13,-1.2696913480758667
11311,22,-0.6060420870780945
11312,21,-0.7300836443901062
11313,29,0.8568539619445801
11314,21,-0.7027285099029541
11315,11,-1.4027925729751587
11316,27,0.07999193668365479
11317,29,0.7417553663253784
11318,20,-0.8177846670150757
11319,16,-1.0947507619857788
11320,9,-1.4993888139724731
11321,14,-1.2154611349105835
11322,16,-1.0938773155212402
11323,21,-0.7021948099136353
11324,29,0.8002705574035645
11325,25,-0.21924364566802979
11326,27,0.09470438957214355
11327,18,-0.9147441983222961
11328,14,-1.2320141792297363
11329,14,-1.1788768768310547
11330,19,-0.8980819582939148
11331,14,-1.2164983749389648
11332,18,-0.9792605638504028
11333,10,-1.4296711683273315
11334,15,-1.1699172258377075
11335,11,-1.3901203870773315
11336,17,-1.0189273357391357
11337,21,-0.6825745701789856
11338,10,-1.4476193189620972
11339,14,-1.1838377714157104
11340,13,-1.2641754150390625
11341,13,-1.262908935546875
11342,28,0.3856387138366699
11343,22,-0.5842375755310059
11344,15,-1.1430728435516357
11345,15,-1.1650841236114502
11346,16,-1.0809844732284546
11347,19,-0.8615847826004028
11348,22,-0.6078105568885803
11349,22,-0.5642770528793335
11350,14,-1.2406436204910278
11351,18,-0.9255330562591553
11352,7,-1.6349642276763916
11353,13,-1.2460532188415527
11354,15,-1.1362496614456177
11355,13,-1.2789100408554077
11356,16,-1.0682647228240967
11357,21,-0.6569215655326843
11358,9,-1.4754587411880493
11359,30,0.9122397899627686
11360,14,-1.1997867822647095
11361,18,-0.9363671541213989
11362,21,-0.7251546382904053
11363,17,-0.9900749921798706
11364,15,-1.138504981994629
11365,13,-1.2616004943847656
11366,10,-1.4669363498687744
11367,16,-1.088186264038086
11368,18,-0.9210588932037354
11369,18,-0.9554909467697144
11370,30,0.9218313694000244
11371,29,0.7229344844818115
11372,10,-1.4219999313354492
11373,15,-1.1306246519088745
11374,14,-1.2035428285598755
11375,29,0.5732628107070923
11376,14,-1.1798253059387207
11377,18,-0.9499689936637878
11378,25,-0.1916571855545044
11379,29,0.8632197380065918
11380,19,-0.8520400524139404
11381,16,-1.089394450187683
11382,14,-1.226278305053711
11383,16,-1.1149336099624634
11384,14,-1.206863284111023
11385,13,-1.2436425685882568
11386,12,-1.3194868564605713
11387,16,-1.0803439617156982
11388,11,-1.3766874074935913
11389,23,-0.5270267724990845
11390,15,-1.145309329032898
11391,16,-1.1056666374206543
11392,13,-1.252967357635498
11393,14,-1.2052470445632935
11394,14,-1.2329328060150146
11395,17,-1.0414422750473022
11396,16,-1.0943375825881958
11397,13,-1.288569450378418
11398,17,-1.0348625183105469
11399,17,-1.042831540107727
11400,13,-1.248606562614441
11401,16,-1.1042708158493042
11402,20,-0.7900978326797485
11403,17,-1.0125232934951782
11404,18,-0.9316685199737549
11405,14,-1.235849380493164
11406,21,-0.6520068049430847
11407,14,-1.2300446033477783
11408,14,-1.2260981798171997
11409,21,-0.6753660440444946
11410,16,-1.0590814352035522
11411,30,0.9237115383148193
11412,14,-1.224145770072937
11413,16,-1.074277400970459
11414,21,-0.7335734367370605
11415,22,-0.584751546382904
11416,16,-1.081268072128296
11417,23,-0.5291640758514404
11418,14,-1.200237512588501
11419,19,-0.8398354053497314
11420,29,0.7466676235198975
11421,11,-1.3642481565475464
11422,14,-1.2093666791915894
11423,24,-0.3654545545578003
11424,16,-1.087201476097107
11425,22,-0.5888307690620422
11426,22,-0.5505308508872986
11427,19,-0.8414486050605774
11428,21,-0.714675784111023
11429,16,-1.0985325574874878
11430,14,-1.2218384742736816
11431,15,-1.1284232139587402
11432,15,-1.122976541519165
11433,26,-0.05496478080749512
11434,11,-1.366838812828064
11435,15,-1.1758548021316528
11436,19,-0.8425595164299011
11437,18,-0.9177459478378296
11438,11,-1.3689370155334473
11439,28,0.4159407615661621
11440,19,-0.8431215286254883
11441,13,-1.254554271697998
11442,23,-0.4535938501358032
11443,16,-1.112565279006958
11444,23,-0.4629889726638794
11445,16,-1.078340768814087
11446,14,-1.1958870887756348
11447,18,-0.9404714703559875
11448,18,-0.9315506219863892
11449,16,-1.1064417362213135
11450,18,-0.9189033508300781
11451,14,-1.224726676940918
11452,19,-0.9075872898101807
11453,16,-1.1008377075195312
11454,17,-0.9830881357192993
11455,21,-0.6494035124778748
11456,11,-1.3756730556488037
11457,19,-0.872961163520813
11458,16,-1.0813069343566895
11459,11,-1.4058828353881836
11460,22,-0.5617179274559021
11461,13,-1.2923774719238281
11462,17,-1.0106256008148193
11463,13,-1.2433377504348755
11464,24,-0.3753729462623596
11465,15,-1.1231131553649902
11466,19,-0.8519115447998047
11467,20,-0.8066658973693848
11468,20,-0.791824460029602
11469,19,-0.8515281677246094
11470,14,-1.2395036220550537
11471,16,-1.1146810054779053
11472,24,-0.38946568965911865
11473,13,-1.2477260828018188
11474,19,-0.8943588733673096
11475,16,-1.0608716011047363
11476,23,-0.5168777704238892
11477,21,-0.6821876764297485
11478,13,-1.2538431882858276
11479,12,-1.314266562461853
11480,15,-1.130134105682373
11481,11,-1.4014180898666382
11482,17,-1.0224946737289429
11483,16,-1.0897912979125977
11484,14,-1.2182241678237915
11485,17,-1.0206164121627808
11486,19,-0.8847758769989014
11487,16,-1.0638688802719116
11488,14,-1.2034276723861694
11489,8,-1.5318626165390015
11490,15,-1.132130742073059
11491,13,-1.2572730779647827
11492,9,-1.5057806968688965
11493,15,-1.136523723602295
11494,16,-1.0777857303619385
11495,19,-0.8594598770141602
11496,15,-1.142146110534668
11497,22,-0.623153567314148
11498,14,-1.1908423900604248
11499,19,-0.8595585823059082
11500,17,-1.0009416341781616
11501,29,0.7500554323196411
11502,23,-0.471332848072052
11503,15,-1.1531790494918823
11504,14,-1.2353897094726562
11505,16,-1.1127785444259644
11506,29,0.6353813409805298
11507,21,-0.7153721451759338
11508,13,-1.2808479070663452
11509,16,-1.0537365674972534
11510,13,-1.2941389083862305
11511,25,-0.19761419296264648
11512,25,-0.22396159172058105
11513,21,-0.6514628529548645
11514,17,-1.0272927284240723
11515,14,-1.2057081460952759
11516,24,-0.35038650035858154
11517,16,-1.0971765518188477
11518,16,-1.0732520818710327
11519,16,-1.0879120826721191
11520,16,-1.099853754043579
11521,15,-1.1738038063049316
11522,21,-0.7223471999168396
11523,21,-0.6818408966064453
11524,12,-1.3045183420181274
11525,10,-1.4301798343658447
11526,21,-0.7419263124465942
11527,14,-1.2386471033096313
11528,18,-0.9164654612541199
11529,23,-0.535774290561676
11530,23,-0.5089415907859802
11531,20,-0.7897107601165771
11532,11,-1.3690414428710938
11533,21,-0.7190011739730835
11534,11,-1.3964853286743164
11535,19,-0.869662880897522
11536,22,-0.6154180765151978
11537,18,-0.9787050485610962
11538,19,-0.9036448001861572
11539,21,-0.6501579284667969
11540,14,-1.233044981956482
11541,21,-0.6488403081893921
11542,12,-1.3200972080230713
11543,19,-0.8699226379394531
11544,28,0.3765906095504761
11545,18,-0.9234576225280762
11546,27,0.06372201442718506
11547,8,-1.540728211402893
11548,20,-0.8166967630386353
11549,23,-0.4872703552246094
11550,14,-1.1789777278900146
11551,29,0.6134028434753418
11552,21,-0.6820224523544312
11553,14,-1.197872281074524
11554,21,-0.7426979541778564
11555,23,-0.5050885677337646
11556,23,-0.5249672532081604
11557,12,-1.312387228012085
11558,22,-0.6381627917289734
11559,29,0.5617755651473999
11560,17,-1.0059720277786255
11561,15,-1.15494966506958
11562,22,-0.5501675605773926
11563,21,-0.7080944776535034
11564,11,-1.4124281406402588
11565,18,-0.9181102514266968
11566,20,-0.7555899620056152
11567,29,0.6075775623321533
11568,21,-0.6775043606758118
11569,20,-0.7565232515335083
11570,19,-0.9032871723175049
11571,21,-0.698235809803009
11572,22,-0.5951008796691895
11573,23,-0.474823534488678
11574,13,-1.250049352645874
11575,16,-1.0662217140197754
11576,15,-1.1671195030212402
11577,14,-1.2304636240005493
11578,21,-0.6925653219223022
11579,17,-1.0434640645980835
11580,17,-1.0321476459503174
11581,13,-1.2585923671722412
11582,22,-0.6215815544128418
11583,14,-1.2300246953964233
11584,19,-0.8573734164237976
11585,15,-1.1411229372024536
11586,15,-1.1359820365905762
11587,12,-1.3266501426696777
11588,14,-1.2133861780166626
11589,11,-1.401998519897461
11590,29,0.7098523378372192
11591,17,-0.9860197305679321
11592,20,-0.784365177154541
11593,15,-1.1207741498947144
11594,14,-1.1817889213562012
11595,14,-1.1926301717758179
11596,18,-0.912533700466156
11597,19,-0.9008760452270508
11598,13,-1.2465373277664185
11599,14,-1.2233964204788208
11600,23,-0.521161675453186
11601,16,-1.098012924194336
11602,14,-1.237733006477356
11603,21,-0.669680655002594
11604,20,-0.8146535158157349
11605,15,-1.1181620359420776
11606,15,-1.1777708530426025
11607,14,-1.2341454029083252
11608,18,-0.9753173589706421
11609,14,-1.2103418111801147
11610,12,-1.316992998123169
11611,18,-0.9644599556922913
11612,14,-1.1820465326309204
11613,15,-1.171562910079956
11614,17,-1.0107825994491577
11615,10,-1.4571563005447388
11616,24,-0.323480486869812
11617,19,-0.8879762887954712
11618,14,-1.2156805992126465
11619,16,-1.0922431945800781
11620,13,-1.2848272323608398
11621,19,-0.8907227516174316
11622,18,-0.9518272876739502
11623,23,-0.486263632774353
11624,10,-1.4617362022399902
11625,27,0.19035887718200684
11626,13,-1.2581192255020142
11627,15,-1.1684985160827637
11628,24,-0.3887197971343994
11629,19,-0.8635858297348022
11630,7,-1.5995395183563232
11631,14,-1.1919366121292114
11632,14,-1.183685541152954
11633,10,-1.4450629949569702
11634,22,-0.6115614771842957
11635,22,-0.5877061486244202
11636,15,-1.1180462837219238
11637,17,-0.9826593399047852
11638,21,-0.6679252982139587
11639,22,-0.6162192225456238
11640,16,-1.0851675271987915
11641,16,-1.0712826251983643
11642,22,-0.6405313014984131
11643,29,0.8737204074859619
11644,19,-0.9085433483123779
11645,14,-1.215320110321045
11646,28,0.2498760223388672
11647,24,-0.38882631063461304
11648,18,-0.945518970489502
11649,16,-1.088761568069458
11650,16,-1.1146202087402344
11651,11,-1.4028934240341187
11652,11,-1.3807488679885864
11653,13,-1.2899513244628906
11654,18,-0.9756212830543518
11655,14,-1.1904537677764893
11656,19,-0.8897355794906616
11657,18,-0.9702837467193604
11658,22,-0.5857657790184021
11659,16,-1.0608274936676025
11660,18,-0.971145510673523
11661,16,-1.0634175539016724
11662,17,-1.0152827501296997
11663,25,-0.2742113471031189
11664,19,-0.8885053396224976
11665,22,-0.6396363973617554
11666,15,-1.1389617919921875
11667,16,-1.114309310913086
11668,22,-0.6311280727386475
11669,16,-1.1033827066421509
11670,20,-0.7518166303634644
11671,15,-1.1342862844467163
11672,15,-1.1471413373947144
11673,30,0.9497036933898926
11674,20,-0.8008875846862793
11675,19,-0.8811976909637451
11676,15,-1.1540348529815674
11677,15,-1.1381349563598633
11678,19,-0.8879327178001404
11679,21,-0.7047745585441589
11680,19,-0.8388139009475708
11681,15,-1.1456947326660156
11682,19,-0.9018945097923279
11683,11,-1.4082716703414917
11684,18,-0.9289849400520325
11685,28,0.4593147039413452
11686,25,-0.3073040246963501
11687,29,0.6055536270141602
11688,18,-0.9460985660552979
11689,9,-1.4856184720993042
11690,19,-0.8754914999008179
11691,18,-0.9434067010879517
11692,17,-0.9835989475250244
11693,18,-0.956161379814148
11694,14,-1.2257474660873413
11695,29,0.6307013034820557
11696,28,0.2709923982620239
11697,18,-0.9696255922317505
11698,13,-1.2416982650756836
11699,15,-1.121633768081665
11700,11,-1.3639754056930542
11701,23,-0.5352904200553894
11702,22,-0.6117163300514221
11703,22,-0.6162558197975159
11704,23,-0.49718159437179565
11705,18,-0.9586746692657471
11706,14,-1.2169530391693115
11707,22,-0.5451077818870544
11708,18,-0.9507920742034912
11709,14,-1.2228515148162842
11710,16,-1.0975137948989868
11711,21,-0.6721832156181335
11712,13,-1.2878440618515015
11713,16,-1.0651283264160156
11714,21,-0.6502280831336975
11715,14,-1.1816333532333374
11716,16,-1.1048320531845093
11717,22,-0.6374397873878479
11718,16,-1.09559166431427
11719,12,-1.312074899673462
11720,15,-1.1722259521484375
11721,10,-1.4220296144485474
11722,14,-1.1962131261825562
11723,12,-1.340362310409546
11724,20,-0.8290495872497559
11725,14,-1.2145581245422363
11726,16,-1.1154416799545288
11727,23,-0.5276379585266113
11728,29,0.6727461814880371
11729,14,-1.2240015268325806
11730,21,-0.6790667772293091
11731,29,0.7452031373977661
11732,23,-0.542188286781311
11733,15,-1.1299554109573364
11734,13,-1.2424739599227905
11735,16,-1.1022154092788696
11736,21,-0.6641690135002136
11737,17,-1.0264250040054321
11738,13,-1.2436121702194214
11739,27,0.17718470096588135
11740,22,-0.6040956974029541
11741,9,-1.473373532295227
11742,14,-1.1972378492355347
11743,18,-0.9784519672393799
11744,14,-1.2086905241012573
11745,21,-0.6528168320655823
11746,12,-1.3464194536209106
11747,19,-0.8880499601364136
11748,10,-1.4288859367370605
11749,12,-1.352924108505249
11750,17,-0.9853652715682983
11751,16,-1.0737364292144775
11752,20,-0.7565674781799316
11753,21,-0.6723824143409729
11754,20,-0.7874878644943237
11755,20,-0.771316647529602
11756,14,-1.220341444015503
11757,23,-0.4797530770301819
11758,17,-1.0233561992645264
11759,23,-0.4696383476257324
11760,22,-0.5697557926177979
11761,14,-1.181633472442627
11762,28,0.4766794443130493
11763,22,-0.642261803150177
11764,15,-1.1757670640945435
11765,23,-0.4995375871658325
11766,17,-0.9885846376419067
11767,15,-1.1599289178848267
11768,16,-1.0815067291259766
11769,19,-0.8619095087051392
11770,16,-1.08209228515625
11771,14,-1.2354763746261597
11772,17,-1.0143557786941528
11773,15,-1.1564743518829346
11774,16,-1.0948947668075562
11775,15,-1.1648414134979248
11776,17,-1.0306917428970337
11777,20,-0.7770442962646484
11778,17,-1.0035300254821777
11779,21,-0.733959436416626
11780,13,-1.2940036058425903
11781,14,-1.2158758640289307
11782,14,-1.236778974533081
11783,15,-1.169508457183838
11784,22,-0.5533889532089233
11785,17,-1.040393352508545
11786,20,-0.7734380960464478
11787,15,-1.1338087320327759
11788,11,-1.404471516609192
11789,14,-1.2233628034591675
11790,21,-0.7065040469169617
11791,22,-0.633236289024353
11792,21,-0.6861413717269897
11793,14,-1.1942600011825562
11794,13,-1.2883234024047852
11795,20,-0.8253310918807983
11796,11,-1.3781658411026
11797,19,-0.866496205329895
11798,20,-0.8140206336975098
11799,18,-0.9579821825027466
11800,23,-0.47986507415771484
11801,18,-0.9276207685470581
11802,8,-1.541680932044983
11803,21,-0.6862834095954895
11804,17,-0.984834611415863
11805,22,-0.603721559047699
11806,17,-1.038047194480896
11807,15,-1.141906976699829
11808,21,-0.6929546594619751
11809,13,-1.2943633794784546
11810,28,0.4657846689224243
11811,17,-1.0475285053253174
11812,14,-1.187663197517395
11813,20,-0.818641185760498
11814,14,-1.1908648014068604
11815,14,-1.1941180229187012
11816,13,-1.2434574365615845
11817,13,-1.2616817951202393
11818,29,0.6146349906921387
11819,18,-0.9616481065750122
11820,16,-1.1163396835327148
11821,17,-1.0002639293670654
11822,12,-1.3526203632354736
11823,12,-1.314217448234558
11824,23,-0.5321142077445984
11825,16,-1.1147048473358154
11826,15,-1.171966791152954
11827,20,-0.7521775960922241
11828,13,-1.2429865598678589
11829,17,-1.0399709939956665
11830,11,-1.3791301250457764
11831,23,-0.4482356905937195
11832,21,-0.7143440246582031
11833,29,0.8335869312286377
11834,21,-0.735429048538208
11835,13,-1.298642635345459
11836,21,-0.7133359909057617
11837,18,-0.922106146812439
11838,18,-0.9496558308601379
11839,23,-0.5103178024291992
11840,20,-0.7576079964637756
11841,16,-1.109209656715393
11842,19,-0.8898476362228394
11843,27,0.11089670658111572
11844,16,-1.0779259204864502
11845,13,-1.2739241123199463
11846,20,-0.8051559925079346
11847,16,-1.0668566226959229
11848,19,-0.8934376835823059
11849,17,-0.9916510581970215
11850,14,-1.2187824249267578
11851,12,-1.3017598390579224
11852,23,-0.49145060777664185
11853,23,-0.4587758779525757
11854,17,-1.0424365997314453
11855,22,-0.5527076721191406
11856,14,-1.189111351966858
11857,17,-1.0352354049682617
11858,21,-0.6564689874649048
11859,16,-1.0950231552124023
11860,22,-0.6199353337287903
11861,12,-1.3230159282684326
11862,19,-0.8772861957550049
11863,27,0.09066247940063477
11864,16,-1.056746482849121
11865,17,-1.0209892988204956
11866,20,-0.7779875993728638
11867,17,-1.0468151569366455
11868,22,-0.5501464009284973
11869,12,-1.3151668310165405
11870,28,0.5089775323867798
11871,17,-0.9836124777793884
11872,13,-1.2444822788238525
11873,20,-0.755213737487793
11874,21,-0.7239130735397339
11875,14,-1.214732050895691
11876,15,-1.1579982042312622
11877,17,-1.0005133152008057
11878,17,-0.9994394779205322
11879,15,-1.1552215814590454
11880,13,-1.244123935699463
11881,29,0.8651227951049805
11882,23,-0.5268920063972473
11883,21,-0.7266913652420044
11884,14,-1.2206405401229858
11885,10,-1.4205260276794434
11886,29,0.8153550624847412
11887,19,-0.9005640149116516
11888,16,-1.1147702932357788
11889,19,-0.8598487973213196
11890,22,-0.6431682109832764
11891,15,-1.1664886474609375
11892,14,-1.2035248279571533
11893,14,-1.1907217502593994
11894,15,-1.1451783180236816
11895,14,-1.1917147636413574
11896,18,-0.9797289967536926
11897,21,-0.7299034595489502
11898,14,-1.1922588348388672
11899,28,0.24769210815429688
11900,17,-1.0086575746536255
11901,16,-1.0632370710372925
11902,17,-1.0016591548919678
11903,16,-1.0775352716445923
11904,17,-1.0059581995010376
11905,21,-0.6915222406387329
11906,16,-1.0841516256332397
11907,18,-0.9115840196609497
11908,15,-1.1721101999282837
11909,16,-1.0949162244796753
11910,16,-1.1119612455368042
11911,20,-0.8282976150512695
11912,22,-0.6303770542144775
11913,28,0.35228145122528076
11914,25,-0.24256300926208496
11915,13,-1.255218267440796
11916,12,-1.3479703664779663
11917,13,-1.299854040145874
11918,16,-1.0903569459915161
11919,16,-1.0762178897857666
11920,20,-0.7453464269638062
11921,10,-1.4224084615707397
11922,21,-0.690000593662262
11923,18,-0.9587123394012451
11924,15,-1.126137375831604
11925,24,-0.4190342426300049
11926,12,-1.3452166318893433
11927,15,-1.151780366897583
11928,21,-0.6827414035797119
11929,18,-0.9118973016738892
11930,16,-1.0828253030776978
11931,29,0.5901134014129639
11932,24,-0.3429069519042969
11933,15,-1.1379207372665405
11934,16,-1.1123433113098145
11935,14,-1.1806474924087524
11936,13,-1.247402310371399
11937,20,-0.7655646800994873
11938,28,0.30243122577667236
11939,22,-0.6217293739318848
11940,15,-1.1762306690216064
11941,17,-0.9956510066986084
11942,14,-1.206451177597046
11943,17,-1.0487194061279297
11944,18,-0.9587053060531616
11945,21,-0.6956444382667542
11946,12,-1.3185762166976929
11947,25,-0.25351059436798096
11948,11,-1.3853740692138672
11949,13,-1.2615925073623657
11950,21,-0.7375814914703369
11951,24,-0.4302554726600647
11952,18,-0.9618005752563477
11953,20,-0.7438393831253052
11954,15,-1.1209149360656738
11955,19,-0.8389168381690979
11956,15,-1.1219124794006348
11957,23,-0.5016816258430481
11958,18,-0.9223873615264893
11959,16,-1.0574615001678467
11960,16,-1.113185167312622
11961,19,-0.8459236025810242
11962,29,0.5810737609863281
11963,21,-0.7365243434906006
11964,15,-1.1778677701950073
11965,20,-0.8293448090553284
11966,23,-0.4350392818450928
11967,21,-0.741598904132843
11968,27,0.23328649997711182
11969,20,-0.7941851615905762
11970,16,-1.060072898864746
11971,13,-1.2613565921783447
11972,14,-1.1823065280914307
11973,18,-0.9486693143844604
11974,14,-1.2255498170852661
11975,16,-1.0833810567855835
11976,16,-1.1009927988052368
11977,10,-1.423729658126831
11978,17,-1.0482879877090454
11979,21,-0.7313219308853149
11980,23,-0.5393698811531067
11981,17,-1.043360710144043
11982,24,-0.38875722885131836
11983,19,-0.8617538213729858
11984,15,-1.124157190322876
11985,17,-1.0431417226791382
11986,17,-1.0459617376327515
11987,23,-0.535906195640564
11988,18,-0.9683759212493896
11989,14,-1.2040042877197266
11990,21,-0.6671826243400574
11991,19,-0.9013481736183167
11992,30,1.0462713241577148
11993,17,-0.9875263571739197
11994,27,0.17895305156707764
11995,18,-0.9763445854187012
11996,21,-0.6865358352661133
11997,18,-0.9394112825393677
11998,20,-0.8176699876785278
11999,15,-1.1497702598571777
12000,21,-0.7179101705551147
12001,22,-0.6041452884674072
12002,18,-0.9568037986755371
12003,29,0.7111623287200928
12004,20,-0.8120307922363281
12005,29,0.5429610013961792
12006,15,-1.1573466062545776
12007,20,-0.7995458841323853
12008,21,-0.6714610457420349
12009,18,-0.9693721532821655
12010,19,-0.8828323483467102
12011,17,-1.0477725267410278
12012,20,-0.7498155832290649
12013,14,-1.1793065071105957
12014,29,0.530512809753418
12015,16,-1.0891019105911255
12016,18,-0.9129072427749634
12017,10,-1.4269559383392334
12018,22,-0.5737236738204956
12019,11,-1.4125269651412964
12020,18,-0.9373888969421387
12021,18,-0.9180686473846436
12022,12,-1.324728012084961
12023,21,-0.6934447288513184
12024,19,-0.9023187160491943
12025,14,-1.2153548002243042
12026,21,-0.7093151211738586
12027,15,-1.1199694871902466
12028,17,-1.0206794738769531
12029,18,-0.9750164747238159
12030,22,-0.636667788028717
12031,15,-1.1272681951522827
12032,18,-0.9380432963371277
12033,9,-1.497746229171753
12034,22,-0.6368535757064819
12035,22,-0.5533885359764099
12036,14,-1.2325167655944824
12037,16,-1.0554691553115845
12038,29,0.9007179737091064
12039,22,-0.5650614500045776
12040,16,-1.0700041055679321
12041,20,-0.7915335297584534
12042,15,-1.1483650207519531
12043,13,-1.2529815435409546
12044,16,-1.0946738719940186
12045,18,-0.9569915533065796
12046,15,-1.1362602710723877
12047,21,-0.6865790486335754
12048,12,-1.3549911975860596
12049,18,-0.9240795373916626
12050,13,-1.2918071746826172
12051,14,-1.1880725622177124
12052,14,-1.2029494047164917
12053,27,0.20124399662017822
12054,15,-1.1389961242675781
12055,20,-0.7649831771850586
12056,17,-0.9999437928199768
12057,16,-1.0987428426742554
12058,23,-0.4861452579498291
12059,14,-1.212260365486145
12060,20,-0.8300978541374207
12061,21,-0.6947459578514099
12062,20,-0.7483627796173096
12063,22,-0.5758460164070129
12064,18,-0.9794459939002991
12065,15,-1.1666887998580933
12066,16,-1.0806609392166138
12067,22,-0.5769162774085999
12068,19,-0.9021049737930298
12069,23,-0.5312998294830322
12070,13,-1.286266565322876
12071,13,-1.2800605297088623
12072,14,-1.203179955482483
12073,29,0.6460504531860352
12074,29,0.6624085903167725
12075,17,-1.0220457315444946
12076,15,-1.1575464010238647
12077,14,-1.224151372909546
12078,18,-0.9784057140350342
12079,22,-0.6403598189353943
12080,16,-1.09454345703125
12081,15,-1.1710411310195923
12082,22,-0.5776441097259521
12083,11,-1.3946717977523804
12084,16,-1.0837292671203613
12085,15,-1.1558934450149536
12086,21,-0.6501479744911194
12087,15,-1.1734788417816162
12088,20,-0.8170322179794312
12089,16,-1.0726662874221802
12090,11,-1.384846806526184
12091,14,-1.193939447402954
12092,20,-0.7696260809898376
12093,15,-1.1392812728881836
12094,26,0.004044890403747559
12095,18,-0.936212420463562
12096,15,-1.1230744123458862
12097,13,-1.2603689432144165
12098,24,-0.43135935068130493
12099,12,-1.306289553642273
12100,15,-1.1315538883209229
12101,21,-0.708733856678009
12102,30,1.001999855041504
12103,18,-0.9808080196380615
12104,18,-0.9583273530006409
12105,17,-1.013813853263855
12106,22,-0.5933176875114441
12107,18,-0.9336163997650146
12108,22,-0.5620023608207703
12109,20,-0.7807668447494507
12110,19,-0.8950281143188477
12111,17,-1.0461509227752686
12112,27,0.24135828018188477
12113,16,-1.0773143768310547
12114,15,-1.1327513456344604
12115,18,-0.9207546710968018
12116,19,-0.9037805199623108
12117,20,-0.8272410035133362
12118,22,-0.6332592964172363
12119,15,-1.1411772966384888
12120,15,-1.1776543855667114
12121,18,-0.9792972803115845
12122,12,-1.3268991708755493
12123,29,0.5801125764846802
12124,17,-0.9877930879592896
12125,23,-0.5386581420898438
12126,21,-0.6641223430633545
12127,24,-0.35899943113327026
12128,21,-0.646777331829071
12129,23,-0.5208425521850586
12130,18,-0.9802982807159424
12131,16,-1.0896985530853271
12132,23,-0.5373073220252991
12133,20,-0.7704766988754272
12134,17,-1.002789855003357
12135,18,-0.9545320868492126
12136,22,-0.5906676054000854
12137,18,-0.9386765360832214
12138,19,-0.8726162910461426
12139,13,-1.2719035148620605
12140,17,-1.0228888988494873
12141,17,-0.9858496189117432
12142,12,-1.3335591554641724
12143,20,-0.8043661117553711
12144,20,-0.7762236595153809
12145,13,-1.2740503549575806
12146,19,-0.9013389348983765
12147,21,-0.6852587461471558
12148,12,-1.3087034225463867
12149,27,0.2067575454711914
12150,15,-1.1329090595245361
12151,18,-0.9348262548446655
12152,13,-1.2422187328338623
12153,18,-0.9792594909667969
12154,14,-1.1847872734069824
12155,21,-0.7290714979171753
12156,15,-1.141129732131958
12157,14,-1.2095086574554443
12158,22,-0.5634474158287048
12159,29,0.554140567779541
12160,18,-0.9457776546478271
12161,27,0.10542023181915283
12162,19,-0.835829496383667
12163,18,-0.9585340619087219
12164,12,-1.3418933153152466
12165,17,-1.038895606994629
12166,16,-1.0739521980285645
12167,20,-0.7556134462356567
12168,19,-0.8446123600006104
12169,17,-1.0428321361541748
12170,18,-0.9628269672393799
12171,20,-0.788996160030365
12172,30,0.9957468509674072
12173,19,-0.8400217890739441
12174,16,-1.093640923500061
12175,14,-1.1831495761871338
12176,15,-1.1624209880828857
12177,16,-1.1005293130874634
12178,26,-0.14716887474060059
12179,18,-0.9119366407394409
12180,18,-0.9608200788497925
12181,21,-0.7150343656539917
12182,21,-0.7363828420639038
12183,15,-1.1319143772125244
12184,16,-1.0707025527954102
12185,19,-0.8347327709197998
12186,16,-1.0669724941253662
12187,16,-1.080741286277771
12188,24,-0.3462281823158264
12189,16,-1.0795167684555054
12190,15,-1.1617398262023926
12191,23,-0.4392257332801819
12192,19,-0.9051167964935303
12193,13,-1.2993577718734741
12194,11,-1.3872042894363403
12195,20,-0.7628364562988281
12196,21,-0.6966077089309692
12197,29,0.7867372035980225
12198,24,-0.4174697995185852
12199,30,1.0725929737091064
12200,20,-0.8270900249481201
12201,27,0.23382318019866943
12202,22,-0.5747136473655701
12203,16,-1.0864325761795044
12204,24,-0.3761509656906128
12205,30,0.9166686534881592
12206,15,-1.1287287473678589
12207,17,-0.9909878373146057
12208,22,-0.575259804725647
12209,13,-1.241260290145874
12210,14,-1.1787983179092407
12211,22,-0.6200138330459595
12212,16,-1.0998883247375488
12213,18,-0.9542008638381958
12214,17,-0.9820326566696167
12215,15,-1.1603285074234009
12216,16,-1.0914947986602783
12217,17,-0.9845572113990784
12218,14,-1.2138597965240479
12219,14,-1.1992251873016357
12220,23,-0.462066650390625
12221,23,-0.542410135269165
12222,28,0.3667411804199219
12223,17,-1.0076850652694702
12224,17,-1.0290553569793701
12225,29,0.8501307964324951
12226,16,-1.0708972215652466
12227,22,-0.5442682504653931
12228,21,-0.68537437915802
12229,19,-0.894773006439209
12230,16,-1.0632368326187134
12231,15,-1.1301857233047485
12232,20,-0.7684597969055176
12233,29,0.714739203453064
12234,22,-0.5596393346786499
12235,21,-0.6981652975082397
12236,17,-1.0276618003845215
12237,13,-1.2432324886322021
12238,17,-1.039139986038208
12239,17,-1.0096348524093628
12240,17,-1.05181086063385
12241,12,-1.354848861694336
12242,15,-1.1480330228805542
12243,18,-0.981670081615448
12244,16,-1.0725873708724976
12245,29,0.6594306230545044
12246,21,-0.6992705464363098
12247,15,-1.14175283908844
12248,14,-1.237575888633728
12249,17,-1.0048065185546875
12250,16,-1.0627381801605225
12251,18,-0.9226654767990112
12252,29,0.8970537185668945
12253,22,-0.6011332869529724
12254,19,-0.8842434883117676
12255,22,-0.6092761754989624
12256,19,-0.8857520818710327
12257,20,-0.7547638416290283
12258,13,-1.2855126857757568
12259,25,-0.24930071830749512
12260,12,-1.3230650424957275
12261,16,-1.0904977321624756
12262,19,-0.8942800164222717
12263,18,-0.9427576065063477
12264,23,-0.5113716125488281
12265,22,-0.5620309114456177
12266,22,-0.6170682907104492
12267,22,-0.5936333537101746
12268,17,-1.0485403537750244
12269,23,-0.5433470606803894
12270,19,-0.8840497136116028
12271,17,-1.0439095497131348
12272,19,-0.8741487264633179
12273,17,-1.0155422687530518
12274,28,0.4205414056777954
12275,16,-1.0891720056533813
12276,23,-0.5158950090408325
12277,23,-0.5346165299415588
12278,22,-0.5453240871429443
12279,22,-0.5976508855819702
12280,22,-0.6138716340065002
12281,16,-1.0916893482208252
12282,18,-0.9312270283699036
12283,22,-0.6289607286453247
12284,22,-0.6167920827865601
12285,20,-0.7994852066040039
12286,14,-1.1843632459640503
12287,16,-1.0544320344924927
12288,14,-1.2405962944030762
12289,21,-0.6967202425003052
12290,18,-0.9724035263061523
12291,15,-1.1515865325927734
12292,29,0.7172207832336426
12293,20,-0.783754825592041
12294,18,-0.9142134189605713
12295,21,-0.7300941944122314
12296,18,-0.9177007675170898
12297,18,-0.9106979370117188
12298,22,-0.6110389828681946
12299,17,-1.047088384628296
12300,22,-0.6247854828834534
12301,24,-0.32930344343185425
12302,29,0.5406981706619263
12303,19,-0.8349623680114746
12304,22,-0.5746501088142395
12305,15,-1.14357590675354
12306,14,-1.1811604499816895
12307,14,-1.2010356187820435
12308,15,-1.1653834581375122
12309,14,-1.2262742519378662
12310,15,-1.1448843479156494
12311,14,-1.1895637512207031
12312,22,-0.6202190518379211
12313,22,-0.5958649516105652
12314,20,-0.806248664855957
12315,30,0.9597682952880859
12316,13,-1.2778069972991943
12317,20,-0.8151004314422607
12318,14,-1.2298614978790283
12319,14,-1.1953058242797852
12320,22,-0.5735190510749817
12321,16,-1.0950285196304321
12322,19,-0.8393166065216064
12323,23,-0.49980849027633667
12324,21,-0.7355250716209412
12325,21,-0.7191373705863953
12326,14,-1.1788747310638428
12327,19,-0.8813633322715759
12328,18,-0.930039644241333
12329,21,-0.7033711671829224
12330,17,-1.0359903573989868
12331,28,0.5096616744995117
12332,28,0.4466423988342285
12333,20,-0.8080636262893677
12334,19,-0.8479790687561035
12335,25,-0.30064529180526733
12336,21,-0.7156588435173035
12337,20,-0.8138371706008911
12338,28,0.44204843044281006
12339,21,-0.7003738284111023
12340,18,-0.9761137962341309
12341,22,-0.580757737159729
12342,14,-1.1806989908218384
12343,12,-1.3056929111480713
12344,12,-1.3377134799957275
12345,15,-1.1680155992507935
12346,24,-0.39146220684051514
12347,15,-1.1292537450790405
12348,29,0.6723247766494751
12349,21,-0.6607303023338318
12350,17,-1.0211223363876343
12351,15,-1.1618596315383911
12352,17,-1.0387396812438965
12353,18,-0.9146748781204224
12354,21,-0.6921642422676086
12355,21,-0.7361899614334106
12356,15,-1.138942003250122
12357,20,-0.763974666595459
12358,21,-0.7030889391899109
12359,16,-1.0765881538391113
12360,18,-0.9240564107894897
12361,24,-0.3947352170944214
12362,17,-1.0400779247283936
12363,15,-1.1437203884124756
12364,18,-0.9319513440132141
12365,13,-1.2451741695404053
12366,15,-1.155022144317627
12367,18,-0.9794754981994629
12368,20,-0.7981665134429932
12369,14,-1.2227648496627808
12370,14,-1.2039297819137573
12371,15,-1.1769511699676514
12372,12,-1.3357747793197632
12373,17,-0.9924686551094055
12374,20,-0.7709225416183472
12375,14,-1.1783198118209839
12376,24,-0.39666473865509033
12377,22,-0.6420613527297974
12378,24,-0.41753697395324707
12379,13,-1.2933778762817383
12380,16,-1.066148042678833
12381,22,-0.5932397246360779
12382,24,-0.40851813554763794
12383,22,-0.5703080296516418
12384,17,-1.0351608991622925
12385,18,-0.9230725169181824
12386,17,-1.048909306526184
12387,23,-0.5127580761909485
12388,30,0.9798283576965332
12389,18,-0.9692621231079102
12390,29,0.8405835628509521
12391,21,-0.7375451326370239
12392,21,-0.7087417840957642
12393,15,-1.1561353206634521
12394,17,-1.0442099571228027
12395,10,-1.4178823232650757
12396,17,-0.9856683611869812
12397,10,-1.4200478792190552
12398,23,-0.45060741901397705
12399,16,-1.057663083076477
12400,18,-0.9589492082595825
12401,16,-1.0836448669433594
12402,15,-1.1292932033538818
12403,18,-0.9540364742279053
12404,21,-0.6580954790115356
12405,14,-1.238347053527832
12406,12,-1.3202346563339233
12407,18,-0.9656791687011719
12408,21,-0.6982754468917847
12409,21,-0.6481057405471802
12410,23,-0.49940353631973267
12411,16,-1.0908740758895874
12412,16,-1.0679242610931396
12413,19,-0.8974825739860535
12414,15,-1.138210654258728
12415,20,-0.782913088798523
12416,22,-0.5832402110099792
12417,20,-0.8304344415664673
12418,20,-0.7885420322418213
12419,17,-1.022089958190918
12420,18,-0.9350070953369141
12421,17,-1.0156365633010864
12422,16,-1.0642688274383545
12423,12,-1.3466606140136719
12424,20,-0.8284143805503845
12425,16,-1.1061633825302124
12426,9,-1.4823025465011597
12427,17,-1.0378705263137817
12428,16,-1.0965057611465454
12429,16,-1.0932254791259766
12430,16,-1.1132889986038208
12431,12,-1.3353161811828613
12432,21,-0.7157210111618042
12433,25,-0.25842148065567017
12434,29,0.680655837059021
12435,21,-0.7005289793014526
12436,16,-1.1040499210357666
12437,15,-1.1463704109191895
12438,22,-0.6088955998420715
12439,22,-0.627343475818634
12440,16,-1.0998395681381226
12441,17,-0.9822409152984619
12442,22,-0.5480000376701355
12443,20,-0.7695409655570984
12444,22,-0.6104549169540405
12445,13,-1.2729191780090332
12446,19,-0.8792766332626343
12447,19,-0.8408284187316895
12448,25,-0.29207026958465576
12449,16,-1.0984861850738525
12450,24,-0.40700316429138184
12451,24,-0.41164183616638184
12452,20,-0.8256025314331055
12453,30,0.939131498336792
12454,15,-1.1246219873428345
12455,24,-0.3937872052192688
12456,20,-0.7434606552124023
12457,16,-1.0602275133132935
12458,21,-0.7152554988861084
12459,19,-0.8649376630783081
12460,22,-0.6027272343635559
12461,14,-1.1973016262054443
12462,18,-0.9582676887512207
12463,22,-0.612830638885498
12464,24,-0.43011152744293213
12465,9,-1.521721363067627
12466,21,-0.6740286350250244
12467,15,-1.145652174949646
12468,14,-1.219228982925415
12469,19,-0.8675543069839478
12470,13,-1.2900172472000122
12471,15,-1.1510305404663086
12472,21,-0.6969680786132812
12473,21,-0.6591446995735168
12474,23,-0.5199154019355774
12475,23,-0.48617053031921387
12476,20,-0.8158482313156128
12477,16,-1.1149829626083374
12478,19,-0.8308205604553223
12479,17,-0.9982004165649414
12480,13,-1.2548788785934448
12481,22,-0.5717378854751587
12482,21,-0.6904643774032593
12483,25,-0.2687062621116638
12484,17,-1.0456591844558716
12485,17,-1.0389231443405151
12486,18,-0.9554561376571655
12487,15,-1.1358140707015991
12488,21,-0.740182638168335
12489,21,-0.7245733737945557
12490,18,-0.977119505405426
12491,24,-0.43019217252731323
12492,20,-0.8160912990570068
12493,19,-0.8845648169517517
12494,16,-1.0848097801208496
12495,17,-1.0154759883880615
12496,15,-1.1464827060699463
12497,16,-1.0975137948989868
12498,23,-0.4710860252380371
12499,16,-1.0543631315231323
12500,24,-0.32468706369400024
12501,17,-1.0330555438995361
12502,22,-0.61265629529953
12503,22,-0.6122808456420898
12504,19,-0.861153244972229
12505,12,-1.3121094703674316
12506,17,-1.0445548295974731
12507,24,-0.35823947191238403
12508,12,-1.325943946838379
12509,15,-1.1779290437698364
12510,23,-0.5315228700637817
12511,18,-0.9258162379264832
12512,22,-0.6229285001754761
12513,19,-0.8471776843070984
12514,28,0.5118286609649658
12515,16,-1.071831464767456
12516,15,-1.1616852283477783
12517,22,-0.6184560656547546
12518,21,-0.6775933504104614
12519,21,-0.7241708040237427
12520,12,-1.3264318704605103
12521,16,-1.0952001810073853
12522,10,-1.461271047592163
12523,18,-0.9473605155944824
12524,17,-1.0458909273147583
12525,13,-1.2996262311935425
12526,23,-0.5434794425964355
12527,30,0.9735543727874756
12528,30,1.114333152770996
12529,23,-0.4712986350059509
12530,18,-0.9393305778503418
12531,19,-0.9008291363716125
12532,14,-1.222163200378418
12533,16,-1.094611644744873
12534,22,-0.548165500164032
12535,21,-0.6495086550712585
12536,16,-1.0964640378952026
12537,12,-1.3212316036224365
12538,17,-1.0390520095825195
12539,23,-0.45486271381378174
12540,24,-0.3440852761268616
12541,16,-1.0636401176452637
12542,23,-0.4647095799446106
12543,14,-1.2016100883483887
12544,17,-1.0263962745666504
12545,26,-0.13408052921295166
12546,12,-1.3271013498306274
12547,17,-1.0283358097076416
12548,16,-1.0786882638931274
12549,18,-0.9641460180282593
12550,13,-1.2551844120025635
12551,18,-0.9309830665588379
12552,28,0.32090771198272705
12553,23,-0.5284246802330017
12554,29,0.6972157955169678
12555,18,-0.948628306388855
12556,19,-0.8402971029281616
12557,10,-1.4503718614578247
12558,20,-0.7660577297210693
12559,21,-0.6738385558128357
12560,12,-1.333232045173645
12561,21,-0.7353823184967041
12562,19,-0.9074211120605469
12563,12,-1.3207597732543945
12564,15,-1.1580036878585815
12565,19,-0.8564072847366333
12566,19,-0.8761353492736816
12567,13,-1.2572065591812134
12568,13,-1.294508934020996
12569,29,0.7120959758758545
12570,13,-1.2567644119262695
12571,23,-0.4597759246826172
12572,16,-1.107864260673523
12573,17,-1.0428390502929688
12574,21,-0.7331243753433228
12575,16,-1.0787663459777832
12576,29,0.8745169639587402
12577,17,-1.0377979278564453
12578,17,-1.0341496467590332
12579,24,-0.40434640645980835
12580,11,-1.3792858123779297
12581,24,-0.42666399478912354
12582,19,-0.8720803260803223
12583,18,-0.9763416051864624
12584,19,-0.8749157190322876
12585,12,-1.3157626390457153
12586,15,-1.1229588985443115
12587,21,-0.7123122215270996
12588,18,-0.9547441601753235
12589,24,-0.36188554763793945
12590,30,0.9150562286376953
12591,12,-1.3522734642028809
12592,17,-0.999160647392273
12593,18,-0.9687032103538513
12594,30,1.034857988357544
12595,14,-1.204866647720337
12596,23,-0.47960931062698364
12597,22,-0.6288444399833679
12598,21,-0.7277841567993164
12599,30,1.1205623149871826
12600,18,-0.9312561750411987
12601,18,-0.9409005641937256
12602,15,-1.1672444343566895
12603,16,-1.1112310886383057
12604,16,-1.088927984237671
12605,15,-1.1262387037277222
12606,13,-1.288002848625183
12607,24,-0.42684394121170044
12608,29,0.6924223899841309
12609,12,-1.3153276443481445
12610,19,-0.8888894319534302
12611,29,0.6152585744857788
12612,13,-1.2855348587036133
12613,24,-0.38922590017318726
12614,19,-0.8737783432006836
12615,17,-0.9875583052635193
12616,19,-0.8448037505149841
12617,20,-0.7680860757827759
12618,30,1.0473780632019043
12619,23,-0.44126105308532715
12620,18,-0.9120998382568359
12621,17,-1.0485340356826782
12622,16,-1.0745805501937866
12623,14,-1.216469168663025
12624,20,-0.8267197608947754
12625,21,-0.670743465423584
12626,22,-0.5762555003166199
12627,23,-0.49480175971984863
12628,14,-1.185556173324585
12629,17,-0.999504804611206
12630,18,-0.9193363189697266
12631,17,-1.0276581048965454
12632,18,-0.9238098859786987
12633,17,-0.9862452745437622
12634,17,-1.0317333936691284
12635,29,0.814110279083252
12636,14,-1.200772762298584
12637,15,-1.142202377319336
12638,16,-1.0615016222000122
12639,14,-1.2039058208465576
12640,10,-1.4395864009857178
12641,22,-0.6416997909545898
12642,19,-0.8347053527832031
12643,16,-1.0815393924713135
12644,24,-0.3954557180404663
12645,29,0.7458243370056152
12646,18,-0.9462507963180542
12647,24,-0.38887494802474976
12648,16,-1.0874691009521484
12649,17,-1.0450866222381592
12650,20,-0.7769491076469421
12651,17,-1.0311782360076904
12652,20,-0.746421217918396
12653,27,0.20392060279846191
12654,15,-1.121639609336853
12655,16,-1.0804661512374878
12656,14,-1.194676160812378
12657,17,-1.049440622329712
12658,17,-1.0081970691680908
12659,19,-0.909445583820343
12660,22,-0.5887557864189148
12661,15,-1.176701545715332
12662,22,-0.5841955542564392
12663,16,-1.0572710037231445
12664,18,-0.9136099815368652
12665,17,-1.0329627990722656
12666,29,0.8367633819580078
12667,25,-0.2894136309623718
12668,19,-0.8953816890716553
12669,16,-1.0760599374771118
12670,18,-0.9624326229095459
12671,20,-0.750723123550415
12672,18,-0.9676843881607056
12673,16,-1.086408257484436
12674,17,-1.0413610935211182
12675,24,-0.3982495069503784
12676,14,-1.179492473602295
12677,19,-0.880337655544281
12678,16,-1.090019941329956
12679,13,-1.2684708833694458
12680,15,-1.1734716892242432
12681,17,-0.9930738210678101
12682,21,-0.7320820689201355
12683,21,-0.6920618414878845
12684,30,1.045250415802002
12685,22,-0.5879173874855042
12686,21,-0.6751686334609985
12687,28,0.4805105924606323
12688,19,-0.9011739492416382
12689,17,-1.0433659553527832
12690,24,-0.43118399381637573
12691,25,-0.16461539268493652
12692,16,-1.0914695262908936
12693,24,-0.4006134867668152
12694,11,-1.3689335584640503
12695,24,-0.3718671202659607
12696,23,-0.43992191553115845
12697,18,-0.9564962387084961
12698,17,-1.0249688625335693
12699,18,-0.9359853267669678
12700,25,-0.2152550220489502
12701,14,-1.1917041540145874
12702,13,-1.2489054203033447
12703,17,-0.991517961025238
12704,16,-1.1082886457443237
12705,19,-0.8739227056503296
12706,20,-0.775471568107605
12707,21,-0.6479300856590271
12708,16,-1.0817164182662964
12709,20,-0.8173617124557495
12710,19,-0.908072829246521
12711,23,-0.5273827314376831
12712,16,-1.0891389846801758
12713,14,-1.1933808326721191
12714,16,-1.094599962234497
12715,20,-0.7991635799407959
12716,21,-0.7210564017295837
12717,29,0.9006388187408447
12718,18,-0.9811540246009827
12719,11,-1.3924980163574219
12720,22,-0.5892071723937988
12721,21,-0.6904488205909729
12722,23,-0.45763492584228516
12723,23,-0.49067604541778564
12724,24,-0.34239643812179565
12725,30,0.9995784759521484
12726,17,-1.0283102989196777
12727,17,-1.0435559749603271
12728,20,-0.8093050718307495
12729,17,-1.0142649412155151
12730,23,-0.5140851736068726
12731,15,-1.167712926864624
12732,14,-1.1974999904632568
12733,22,-0.6311131715774536
12734,19,-0.8505209684371948
12735,17,-1.0014079809188843
12736,24,-0.347587525844574
12737,18,-0.957961916923523
12738,14,-1.1964664459228516
12739,14,-1.2143296003341675
12740,14,-1.2161120176315308
12741,17,-1.0283434391021729
12742,20,-0.7719058990478516
12743,24,-0.4242672920227051
12744,23,-0.4348551630973816
12745,13,-1.276993989944458
12746,20,-0.7566628456115723
12747,25,-0.2143149971961975
12748,19,-0.8598759174346924
12749,23,-0.4369961619377136
12750,22,-0.6213106513023376
12751,21,-0.737417459487915
12752,20,-0.7548955082893372
12753,9,-1.4946255683898926
12754,23,-0.5213348865509033
12755,13,-1.275765299797058
12756,25,-0.2671898603439331
12757,23,-0.46665728092193604
12758,16,-1.065946340560913
12759,21,-0.7174186706542969
12760,23,-0.539685070514679
12761,14,-1.2036727666854858
12762,17,-1.0401356220245361
12763,14,-1.1988496780395508
12764,15,-1.153384804725647
12765,13,-1.2531144618988037
12766,20,-0.7533199191093445
12767,25,-0.2073962688446045
12768,24,-0.3338708281517029
12769,15,-1.1419991254806519
12770,29,0.547316312789917
12771,17,-1.0078593492507935
12772,24,-0.4299575090408325
12773,29,0.8765034675598145
12774,23,-0.4995042681694031
12775,12,-1.3229938745498657
12776,18,-0.9633941054344177
12777,18,-0.9137437343597412
12778,17,-0.9836849570274353
12779,12,-1.3542159795761108
12780,23,-0.433388888835907
12781,16,-1.0862748622894287
12782,20,-0.7980931997299194
12783,22,-0.5780521631240845
12784,10,-1.4186837673187256
12785,30,0.99582839012146
12786,20,-0.7834174633026123
12787,19,-0.8471775054931641
12788,21,-0.6977996826171875
12789,13,-1.2751102447509766
12790,17,-0.9834138751029968
12791,29,0.8223679065704346
12792,12,-1.3379424810409546
12793,18,-0.9765554666519165
12794,19,-0.8426746129989624
12795,16,-1.1057038307189941
12796,15,-1.163797378540039
12797,12,-1.3191546201705933
12798,15,-1.1470955610275269
12799,21,-0.6567392945289612
12800,24,-0.40792953968048096
12801,25,-0.2382810115814209
12802,29,0.841149091720581
12803,14,-1.2360522747039795
12804,16,-1.0859651565551758
12805,18,-0.9509414434432983
12806,20,-0.7568122148513794
12807,17,-1.016131043434143
12808,24,-0.36655181646347046
12809,10,-1.4259814023971558
12810,18,-0.9103878736495972
12811,20,-0.7943831086158752
12812,9,-1.4683529138565063
12813,14,-1.228683352470398
12814,22,-0.6226069927215576
12815,24,-0.3637768030166626
12816,23,-0.5358679890632629
12817,23,-0.5018781423568726
12818,16,-1.075196385383606
12819,18,-0.9292961359024048
12820,13,-1.2740226984024048
12821,21,-0.7230355739593506
12822,25,-0.2542431354522705
12823,17,-1.0054328441619873
12824,17,-1.0199939012527466
12825,14,-1.1934967041015625
12826,30,0.9718458652496338
12827,15,-1.1651815176010132
12828,19,-0.8595186471939087
12829,18,-0.9647077322006226
12830,19,-0.8400789499282837
12831,19,-0.8376912474632263
12832,23,-0.45796191692352295
12833,11,-1.3686556816101074
12834,18,-0.9153661131858826
12835,17,-1.0292136669158936
12836,19,-0.8315914273262024
12837,19,-0.8343935608863831
12838,18,-0.9755229949951172
12839,24,-0.3650878071784973
12840,18,-0.9240114688873291
12841,17,-1.027718186378479
12842,20,-0.7532922029495239
12843,19,-0.890779972076416
12844,18,-0.9223083257675171
12845,17,-0.9892497658729553
12846,23,-0.5297375917434692
12847,23,-0.4962623715400696
12848,20,-0.818633496761322
12849,23,-0.4808858036994934
12850,20,-0.8123277425765991
12851,26,-0.02653956413269043
12852,17,-1.0528031587600708
12853,15,-1.1780303716659546
12854,28,0.24647963047027588
12855,22,-0.6353078484535217
12856,29,0.8796887397766113
12857,18,-0.9466850161552429
12858,25,-0.274471640586853
12859,12,-1.327025294303894
12860,16,-1.0851305723190308
12861,20,-0.8052555322647095
12862,13,-1.254918098449707
12863,30,0.9873671531677246
12864,23,-0.43614333868026733
12865,19,-0.8318197727203369
12866,26,-0.07247865200042725
12867,16,-1.0888324975967407
12868,17,-1.0261147022247314
12869,24,-0.3971922993659973
12870,17,-1.0312432050704956
12871,24,-0.3428259491920471
12872,18,-0.9266000986099243
12873,28,0.5181657075881958
12874,28,0.49839580059051514
12875,21,-0.7182420492172241
12876,14,-1.1870145797729492
12877,22,-0.5439668297767639
12878,21,-0.6877737641334534
12879,19,-0.8347980380058289
12880,20,-0.8227229118347168
12881,19,-0.8464286923408508
12882,19,-0.8756493330001831
12883,20,-0.7903852462768555
12884,29,0.5536936521530151
12885,21,-0.7016291618347168
12886,18,-0.9734143018722534
12887,17,-1.0222930908203125
12888,16,-1.0549914836883545
12889,16,-1.1164354085922241
12890,19,-0.9068175554275513
12891,13,-1.245339274406433
12892,22,-0.5871036648750305
12893,24,-0.360227108001709
12894,18,-0.9392136335372925
12895,23,-0.49158740043640137
12896,17,-1.0166288614273071
12897,21,-0.7366621494293213
12898,17,-1.044677972793579
12899,16,-1.094555139541626
12900,19,-0.8853209018707275
12901,19,-0.900530219078064
12902,20,-0.7619705200195312
12903,19,-0.8554526567459106
12904,20,-0.7838234901428223
12905,14,-1.1877058744430542
12906,18,-0.9378669261932373
12907,16,-1.0926997661590576
12908,16,-1.0646140575408936
12909,15,-1.1523844003677368
12910,17,-1.0428842306137085
12911,18,-0.9709241390228271
12912,26,-0.058840155601501465
12913,23,-0.5250564813613892
12914,16,-1.0582715272903442
12915,20,-0.783493161201477
12916,25,-0.29640042781829834
12917,18,-0.9277325868606567
12918,17,-1.019897222518921
12919,20,-0.7851309180259705
12920,15,-1.1270872354507446
12921,30,1.0157108306884766
12922,23,-0.46662306785583496
12923,29,0.8622522354125977
12924,15,-1.126325011253357
12925,20,-0.7689799070358276
12926,23,-0.4570317268371582
12927,16,-1.0600130558013916
12928,14,-1.2055113315582275
12929,23,-0.5213740468025208
12930,21,-0.6839151978492737
12931,20,-0.7962609529495239
12932,21,-0.7239260673522949
12933,20,-0.7587621808052063
12934,17,-1.042301058769226
12935,20,-0.7841095924377441
12936,21,-0.6666159629821777
12937,18,-0.9369108080863953
12938,12,-1.305351734161377
12939,19,-0.8521807193756104
12940,11,-1.40553879737854
12941,21,-0.6547302007675171
12942,29,0.7317869663238525
12943,29,0.8681461811065674
12944,21,-0.709247887134552
12945,12,-1.3521205186843872
12946,18,-0.9381334185600281
12947,20,-0.8127638697624207
12948,18,-0.9146460294723511
12949,23,-0.4927646517753601
12950,15,-1.1613765954971313
12951,15,-1.1697237491607666
12952,30,1.007260799407959
12953,16,-1.1098027229309082
12954,17,-1.0378729104995728
12955,19,-0.872653603553772
12956,23,-0.5347550511360168
12957,20,-0.8073834180831909
12958,12,-1.3264689445495605
12959,17,-0.9962106347084045
12960,26,-0.07237696647644043
12961,13,-1.2532825469970703
12962,17,-1.0294917821884155
12963,18,-0.9234621524810791
12964,20,-0.827951967716217
12965,19,-0.8428523540496826
12966,15,-1.1519757509231567
12967,23,-0.4792599678039551
12968,18,-0.9230241775512695
12969,17,-1.0462924242019653
12970,23,-0.43686193227767944
12971,11,-1.4065767526626587
12972,20,-0.8149668574333191
12973,29,0.5696560144424438
12974,17,-0.9980285167694092
12975,22,-0.6054022312164307
12976,14,-1.1955140829086304
12977,15,-1.173387885093689
12978,15,-1.125157356262207
12979,30,0.9394059181213379
12980,26,-0.13725566864013672
12981,13,-1.2842066287994385
12982,19,-0.8887851238250732
12983,22,-0.5703430771827698
12984,15,-1.1258652210235596
12985,25,-0.293785035610199
12986,19,-0.8519327640533447
12987,21,-0.6704360842704773
12988,21,-0.6980153918266296
12989,16,-1.0663831233978271
12990,21,-0.6826688647270203
12991,21,-0.6547542214393616
12992,22,-0.610478937625885
12993,19,-0.904671847820282
12994,18,-0.9236159920692444
12995,29,0.7430582046508789
12996,19,-0.8749507665634155
12997,18,-0.948482871055603
12998,20,-0.8295142650604248
12999,24,-0.3919275403022766
13000,25,-0.30699896812438965
13001,18,-0.9143420457839966
13002,18,-0.9394834041595459
13003,13,-1.2895073890686035
13004,18,-0.9211321473121643
13005,19,-0.8789949417114258
13006,19,-0.844915509223938
13007,24,-0.34627723693847656
13008,16,-1.0809966325759888
13009,17,-0.9882839322090149
13010,19,-0.8823379278182983
13011,29,0.7859412431716919
13012,17,-1.030956745147705
13013,24,-0.40904784202575684
13014,13,-1.2708936929702759
13015,16,-1.097684383392334
13016,12,-1.3068878650665283
13017,17,-0.9938313961029053
13018,19,-0.9023417234420776
13019,23,-0.5218939781188965
13020,24,-0.3468164801597595
13021,20,-0.7955749034881592
13022,19,-0.8362811803817749
13023,30,1.0540943145751953
13024,16,-1.1175148487091064
13025,10,-1.4560531377792358
13026,19,-0.8704203367233276
13027,22,-0.5579540133476257
13028,21,-0.7373216152191162
13029,16,-1.0719475746154785
13030,29,0.7932102680206299
13031,14,-1.202606201171875
13032,26,-0.14308345317840576
13033,21,-0.7284165024757385
13034,22,-0.571609616279602
13035,22,-0.5555143356323242
13036,29,0.8257665634155273
13037,30,1.0557363033294678
13038,21,-0.67734295129776
13039,19,-0.8395273685455322
13040,17,-1.0502674579620361
13041,29,0.6362367868423462
13042,22,-0.5833125710487366
13043,19,-0.861860990524292
13044,16,-1.1163363456726074
13045,13,-1.2795755863189697
13046,20,-0.8040174245834351
13047,22,-0.5485145449638367
13048,13,-1.29966402053833
13049,13,-1.29630708694458
13050,16,-1.0599915981292725
13051,15,-1.1708590984344482
13052,20,-0.7925992608070374
13053,24,-0.3395657539367676
13054,21,-0.6924641728401184
13055,20,-0.8013715744018555
13056,17,-1.0455586910247803
13057,23,-0.5331262350082397
13058,11,-1.3689292669296265
13059,20,-0.775405764579773
13060,20,-0.7804584503173828
13061,16,-1.069182276725769
13062,29,0.8188049793243408
13063,23,-0.4625844955444336
13064,25,-0.264798104763031
13065,17,-1.0056018829345703
13066,21,-0.6787319183349609
13067,23,-0.47375810146331787
13068,23,-0.5325460433959961
13069,20,-0.7821416854858398
13070,19,-0.8499757051467896
13071,18,-0.9672449827194214
13072,21,-0.6681496500968933
13073,17,-1.0358375310897827
13074,22,-0.5720459818840027
13075,20,-0.7518619894981384
13076,20,-0.7929962873458862
13077,13,-1.2571213245391846
13078,22,-0.6063541769981384
13079,30,0.9522995948791504
13080,16,-1.0617218017578125
13081,29,0.5863240957260132
13082,28,0.33034026622772217
13083,17,-1.0203649997711182
13084,29,0.6636157035827637
13085,16,-1.089807391166687
13086,22,-0.6262817978858948
13087,20,-0.7440110445022583
13088,20,-0.8218076229095459
13089,24,-0.3303409218788147
13090,22,-0.5957186818122864
13091,16,-1.0624783039093018
13092,19,-0.9017711281776428
13093,18,-0.9228802919387817
13094,20,-0.7688403725624084
13095,15,-1.1628501415252686
13096,23,-0.5396019220352173
13097,21,-0.6730021238327026
13098,25,-0.2593649625778198
13099,17,-1.002400279045105
13100,22,-0.5946719646453857
13101,26,-0.13119280338287354
13102,17,-1.0513843297958374
13103,22,-0.6266040802001953
13104,20,-0.8182961940765381
13105,15,-1.1439002752304077
13106,17,-1.040560245513916
13107,17,-1.0514392852783203
13108,23,-0.45328569412231445
13109,22,-0.5961730480194092
13110,27,0.191167950630188
13111,17,-0.9965449571609497
13112,16,-1.055560827255249
13113,22,-0.5964856743812561
13114,17,-1.0084160566329956
13115,24,-0.37023502588272095
13116,25,-0.2803974151611328
13117,17,-0.9848043918609619
13118,17,-1.0228745937347412
13119,30,1.0807545185089111
13120,21,-0.7063506841659546
13121,17,-1.0016024112701416
13122,15,-1.1225011348724365
13123,20,-0.807054877281189
13124,18,-0.927707314491272
13125,22,-0.5884579420089722
13126,22,-0.5751007795333862
13127,18,-0.9611867666244507
13128,24,-0.3430730700492859
13129,16,-1.0591888427734375
13130,12,-1.3431943655014038
13131,14,-1.2210431098937988
13132,29,0.8150832653045654
13133,24,-0.3984021544456482
13134,30,1.0627059936523438
13135,15,-1.1364492177963257
13136,16,-1.111783504486084
13137,24,-0.4061170816421509
13138,16,-1.1053260564804077
13139,24,-0.3698332905769348
13140,21,-0.6693273782730103
13141,23,-0.43275266885757446
13142,21,-0.661557674407959
13143,23,-0.5384343266487122
13144,19,-0.8601342439651489
13145,25,-0.2360929250717163
13146,29,0.7299467325210571
13147,17,-0.9974401593208313
13148,12,-1.3342158794403076
13149,29,0.8108077049255371
13150,20,-0.8138449192047119
13151,21,-0.7173068523406982
13152,28,0.3301628828048706
13153,14,-1.1814515590667725
13154,23,-0.5138395428657532
13155,21,-0.7096235752105713
13156,26,-0.15159153938293457
13157,17,-0.9916906356811523
13158,19,-0.8699967861175537
13159,24,-0.3517470359802246
13160,20,-0.7831063270568848
13161,21,-0.6778725385665894
13162,25,-0.2317209243774414
13163,26,-0.10968196392059326
13164,30,1.022212028503418
13165,23,-0.49729466438293457
13166,23,-0.48032814264297485
13167,29,0.6493208408355713
13168,19,-0.8623491525650024
13169,29,0.7190488576889038
13170,21,-0.6786878108978271
13171,18,-0.9199573397636414
13172,22,-0.6202410459518433
13173,18,-0.947778582572937
13174,11,-1.3987782001495361
13175,14,-1.2290599346160889
13176,29,0.9013504981994629
13177,21,-0.7177059650421143
13178,20,-0.829204797744751
13179,17,-1.039843201637268
13180,11,-1.3947668075561523
13181,21,-0.7399708032608032
13182,15,-1.1365303993225098
13183,23,-0.4427638649940491
13184,24,-0.3903743028640747
13185,14,-1.229610800743103
13186,17,-0.9900933504104614
13187,16,-1.0751042366027832
13188,23,-0.4616543650627136
13189,24,-0.3846876621246338
13190,19,-0.8399648666381836
13191,21,-0.6676024794578552
13192,21,-0.668984055519104
13193,21,-0.6845895051956177
13194,17,-1.041798710823059
13195,21,-0.7219414710998535
13196,17,-1.0082651376724243
13197,18,-0.9334176778793335
13198,15,-1.1238255500793457
13199,26,-0.04365742206573486
13200,20,-0.7455246448516846
13201,18,-0.9651951789855957
13202,15,-1.1305861473083496
13203,19,-0.8711853623390198
13204,19,-0.8632654547691345
13205,29,0.6492074728012085
13206,19,-0.8358465433120728
13207,24,-0.4001249670982361
13208,23,-0.521040678024292
13209,23,-0.5174253582954407
13210,22,-0.6139883399009705
13211,21,-0.6718734502792358
13212,23,-0.43987739086151123
13213,15,-1.1539946794509888
13214,19,-0.8492882251739502
13215,27,0.0472489595413208
13216,19,-0.8923091888427734
13217,16,-1.1149307489395142
13218,16,-1.1174230575561523
13219,21,-0.7076126933097839
13220,16,-1.0976594686508179
13221,20,-0.7525806427001953
13222,28,0.48620355129241943
13223,30,0.9575908184051514
13224,17,-0.9844949245452881
13225,22,-0.5852138996124268
13226,16,-1.099424958229065
13227,11,-1.3984378576278687
13228,17,-0.9986253380775452
13229,18,-0.948287308216095
13230,12,-1.3222342729568481
13231,16,-1.05845308303833
13232,18,-0.9539628624916077
13233,20,-0.7624726891517639
13234,13,-1.2654790878295898
13235,20,-0.7949357032775879
13236,21,-0.6887426376342773
13237,18,-0.9719836115837097
13238,17,-1.00954270362854
13239,17,-1.000152587890625
13240,23,-0.4655751585960388
13241,21,-0.6949766278266907
13242,25,-0.22736620903015137
13243,23,-0.45179224014282227
13244,29,0.5703396797180176
13245,22,-0.5993667244911194
13246,27,0.19085681438446045
13247,17,-0.9862324595451355
13248,20,-0.7699098587036133
13249,14,-1.2159010171890259
13250,22,-0.5949409604072571
13251,18,-0.9731258153915405
13252,18,-0.9664398431777954
13253,21,-0.7024412751197815
13254,23,-0.5165131092071533
13255,20,-0.8201793432235718
13256,17,-1.0440858602523804
13257,22,-0.5991373658180237
13258,22,-0.5778128504753113
13259,22,-0.5897537469863892
13260,30,1.0057623386383057
13261,22,-0.6002569198608398
13262,14,-1.214218020439148
13263,13,-1.299071192741394
13264,24,-0.4109379053115845
13265,20,-0.7965795993804932
13266,16,-1.0602275133132935
13267,19,-0.8892399668693542
13268,24,-0.3973337411880493
13269,15,-1.1681007146835327
13270,16,-1.0877060890197754
13271,22,-0.5975927710533142
13272,23,-0.5120373368263245
13273,16,-1.0767974853515625
13274,24,-0.38044291734695435
13275,16,-1.10477876663208
13276,19,-0.9026988744735718
13277,24,-0.38213294744491577
13278,15,-1.1192353963851929
13279,25,-0.2419031858444214
13280,20,-0.786608099937439
13281,20,-0.7625102996826172
13282,14,-1.217759609222412
13283,25,-0.2448083758354187
13284,23,-0.47911137342453003
13285,20,-0.7928191423416138
13286,18,-0.9262661933898926
13287,17,-0.9904471039772034
13288,22,-0.6163203716278076
13289,16,-1.0961523056030273
13290,22,-0.5664107203483582
13291,12,-1.344442367553711
13292,23,-0.5086475014686584
13293,15,-1.1620378494262695
13294,28,0.2704942226409912
13295,16,-1.0660144090652466
13296,19,-0.8407541513442993
13297,17,-1.0215144157409668
13298,22,-0.5942792296409607
13299,17,-1.022559404373169
13300,16,-1.0564274787902832
13301,20,-0.7775974273681641
13302,18,-0.9481675624847412
13303,28,0.451438307762146
13304,16,-1.075929880142212
13305,18,-0.933319091796875
13306,30,0.9784507751464844
13307,18,-0.9673036336898804
13308,12,-1.3298355340957642
13309,16,-1.0892435312271118
13310,30,0.9546265602111816
13311,20,-0.7645588517189026
13312,17,-0.9898175597190857
13313,19,-0.852698802947998
13314,15,-1.137495994567871
13315,21,-0.6851475238800049
13316,20,-0.7749718427658081
13317,30,0.9487981796264648
13318,24,-0.3431987762451172
13319,20,-0.8040941953659058
13320,23,-0.4318038821220398
13321,23,-0.475588321685791
13322,25,-0.1642923355102539
13323,21,-0.6977325677871704
13324,23,-0.516383171081543
13325,20,-0.7989287972450256
13326,18,-0.9614485502243042
13327,12,-1.3272030353546143
13328,23,-0.4921535849571228
13329,24,-0.40854352712631226
13330,18,-0.9812491536140442
13331,18,-0.9209595322608948
13332,23,-0.4812667965888977
13333,17,-1.0313843488693237
13334,23,-0.5389270782470703
13335,18,-0.9202805757522583
13336,19,-0.8842766284942627
13337,21,-0.7070389986038208
13338,14,-1.1783419847488403
13339,23,-0.5123022794723511
13340,19,-0.8992798328399658
13341,15,-1.122185468673706
13342,29,0.5295865535736084
13343,13,-1.2581348419189453
13344,19,-0.8403195142745972
13345,19,-0.840819239616394
13346,23,-0.46942460536956787
13347,22,-0.5929551720619202
13348,19,-0.8953531980514526
13349,15,-1.1708893775939941
13350,17,-1.009731650352478
13351,15,-1.1202558279037476
13352,17,-0.990480363368988
13353,30,0.9149496555328369
13354,22,-0.5569151043891907
13355,16,-1.1088390350341797
13356,25,-0.2483035922050476
13357,20,-0.7934442758560181
13358,24,-0.3997170329093933
13359,20,-0.7763994336128235
13360,24,-0.3576754331588745
13361,19,-0.8783597350120544
13362,17,-1.0045433044433594
13363,22,-0.5935238003730774
13364,19,-0.858009934425354
13365,20,-0.7479889392852783
13366,17,-0.9883852601051331
13367,13,-1.2712973356246948
13368,24,-0.36760467290878296
13369,10,-1.4380894899368286
13370,24,-0.42956608533859253
13371,20,-0.7485419511795044
13372,17,-0.998406171798706
13373,21,-0.6713787317276001
13374,19,-0.8974754810333252
13375,21,-0.6764359474182129
13376,23,-0.45875686407089233
13377,20,-0.7793586254119873
13378,21,-0.7196679711341858
13379,23,-0.4892948269844055
13380,19,-0.8697317838668823
13381,30,1.0529289245605469
13382,17,-1.0495250225067139
13383,19,-0.9079312086105347
13384,20,-0.7521383166313171
13385,20,-0.8271985054016113
13386,17,-0.9963078498840332
13387,18,-0.9133298397064209
13388,19,-0.9007956981658936
13389,19,-0.9026165008544922
13390,16,-1.0569294691085815
13391,20,-0.8019120693206787
13392,23,-0.4903264045715332
13393,14,-1.1927505731582642
13394,21,-0.649724006652832
13395,16,-1.0914316177368164
13396,11,-1.3599166870117188
13397,13,-1.2569513320922852
13398,18,-0.9372632503509521
13399,17,-1.019505262374878
13400,17,-1.0485892295837402
13401,18,-0.9636639356613159
13402,21,-0.7000895738601685
13403,21,-0.7246031761169434
13404,16,-1.066666603088379
13405,15,-1.1490250825881958
13406,17,-1.0149528980255127
13407,20,-0.767683744430542
13408,22,-0.6163456439971924
13409,15,-1.1334606409072876
13410,20,-0.772014856338501
13411,19,-0.8883103728294373
13412,23,-0.46311742067337036
13413,24,-0.42202186584472656
13414,15,-1.1369222402572632
13415,18,-0.923741340637207
13416,23,-0.46364903450012207
13417,17,-1.001664161682129
13418,18,-0.9152741432189941
13419,23,-0.5099292993545532
13420,25,-0.24102085828781128
13421,25,-0.1802806854248047
13422,20,-0.8201165199279785
13423,25,-0.20216715335845947
13424,18,-0.9793330430984497
13425,16,-1.0948693752288818
13426,17,-0.9896407127380371
13427,17,-1.0251262187957764
13428,20,-0.7522284984588623
13429,15,-1.1402863264083862
13430,22,-0.5743172764778137
13431,22,-0.5952752232551575
13432,16,-1.080125331878662
13433,19,-0.8573437929153442
13434,17,-1.025937557220459
13435,16,-1.0817837715148926
13436,30,1.0950133800506592
13437,23,-0.5256432890892029
13438,22,-0.5705720782279968
13439,19,-0.8340463042259216
13440,20,-0.7601137757301331
13441,23,-0.43270444869995117
13442,24,-0.4200088381767273
13443,12,-1.335404872894287
13444,15,-1.1423903703689575
13445,16,-1.0801982879638672
13446,23,-0.45065248012542725
13447,14,-1.2100685834884644
13448,24,-0.37773841619491577
13449,26,-0.08401679992675781
13450,21,-0.656506359577179
13451,17,-0.9861127138137817
13452,25,-0.1668107509613037
13453,20,-0.8019402027130127
13454,20,-0.7620857954025269
13455,29,0.7610278129577637
13456,22,-0.615689754486084
13457,22,-0.5437711477279663
13458,13,-1.252485990524292
13459,23,-0.45152729749679565
13460,24,-0.3107765316963196
13461,20,-0.8101035356521606
13462,29,0.6514793634414673
13463,22,-0.5460985898971558
13464,21,-0.666419267654419
13465,17,-1.0062904357910156
13466,24,-0.3463197350502014
13467,16,-1.055152177810669
13468,14,-1.1913737058639526
13469,25,-0.2495158314704895
13470,21,-0.6639509797096252
13471,25,-0.2427956461906433
13472,13,-1.2427864074707031
13473,20,-0.8044149875640869
13474,18,-0.9275855422019958
13475,24,-0.4255847930908203
13476,15,-1.1211899518966675
13477,21,-0.7205104231834412
13478,21,-0.6698436141014099
13479,22,-0.5673385262489319
13480,23,-0.5249320268630981
13481,21,-0.6574851870536804
13482,24,-0.38959378004074097
13483,17,-1.0496413707733154
13484,14,-1.2138946056365967
13485,29,0.8750441074371338
13486,24,-0.387813925743103
13487,23,-0.4641367197036743
13488,23,-0.43190622329711914
13489,19,-0.840266227722168
13490,26,-0.15503251552581787
13491,18,-0.9436993598937988
13492,22,-0.5652616024017334
13493,21,-0.6456347107887268
13494,19,-0.9030198454856873
13495,17,-1.04142427444458
13496,13,-1.2663660049438477
13497,17,-1.0525263547897339
13498,24,-0.4088858366012573
13499,18,-0.928322434425354
13500,17,-0.9851254224777222
13501,18,-0.9453502297401428
13502,23,-0.5143173336982727
13503,21,-0.6544767022132874
13504,24,-0.3481714725494385
13505,17,-0.997326672077179
13506,19,-0.872655987739563
13507,24,-0.3359209895133972
13508,23,-0.5124366879463196
13509,20,-0.8305943608283997
13510,29,0.8524117469787598
13511,15,-1.137697696685791
13512,12,-1.3279924392700195
13513,15,-1.150235652923584
13514,29,0.6606411933898926
13515,25,-0.2355913519859314
13516,24,-0.34525853395462036
13517,18,-0.9800307154655457
13518,17,-1.0100383758544922
13519,20,-0.7710089087486267
13520,17,-1.0339573621749878
13521,18,-0.9424810409545898
13522,18,-0.944572925567627
13523,21,-0.6654893159866333
13524,13,-1.267093300819397
13525,16,-1.0731492042541504
13526,16,-1.080068588256836
13527,23,-0.5307297110557556
13528,15,-1.1208568811416626
13529,18,-0.9288337826728821
13530,17,-0.9889534711837769
13531,21,-0.6676723957061768
13532,15,-1.1529713869094849
13533,24,-0.37913376092910767
13534,18,-0.9499934911727905
13535,20,-0.778584361076355
13536,18,-0.9475434422492981
13537,19,-0.9073020219802856
13538,28,0.46075737476348877
13539,17,-1.0186694860458374
13540,19,-0.8361251354217529
13541,19,-0.8685886263847351
13542,21,-0.646717369556427
13543,29,0.7196226119995117
13544,24,-0.4243139624595642
13545,18,-0.9250382781028748
13546,20,-0.8220658302307129
13547,19,-0.8669052124023438
13548,23,-0.5424362421035767
13549,14,-1.213584303855896
13550,20,-0.7869536876678467
13551,23,-0.5295021533966064
13552,16,-1.0741373300552368
13553,19,-0.8443405628204346
13554,20,-0.7606409788131714
13555,30,1.0140092372894287
13556,17,-1.0120168924331665
13557,23,-0.49789780378341675
13558,22,-0.6181170344352722
13559,17,-1.0109508037567139
13560,15,-1.1543546915054321
13561,17,-1.020333170890808
13562,22,-0.6321497559547424
13563,17,-1.025156021118164
13564,20,-0.7735605239868164
13565,22,-0.6156014204025269
13566,17,-1.0286824703216553
13567,26,-0.12330782413482666
13568,19,-0.8726275563240051
13569,23,-0.5151050686836243
13570,16,-1.0912283658981323
13571,21,-0.7103232145309448
13572,19,-0.9055218696594238
13573,23,-0.47122740745544434
13574,17,-1.038045883178711
13575,18,-0.9522475004196167
13576,17,-0.9900758266448975
13577,28,0.3545187711715698
13578,12,-1.3257192373275757
13579,25,-0.216297447681427
13580,23,-0.48582297563552856
13581,30,1.00411057472229
13582,30,1.031477689743042
13583,24,-0.30993086099624634
13584,29,0.8072390556335449
13585,24,-0.4108723998069763
13586,18,-0.947583794593811
13587,21,-0.6832587122917175
13588,23,-0.5190171599388123
13589,18,-0.9756340384483337
13590,18,-0.9274271726608276
13591,19,-0.8449400663375854
13592,21,-0.6794595718383789
13593,21,-0.6553702354431152
13594,23,-0.4562177062034607
13595,19,-0.8340053558349609
13596,23,-0.5004206895828247
13597,22,-0.6012184619903564
13598,30,0.9463541507720947
13599,23,-0.5067781209945679
13600,20,-0.7923059463500977
13601,23,-0.44586294889450073
13602,17,-0.9869917035102844
13603,19,-0.9037201404571533
13604,18,-0.9515727758407593
13605,21,-0.6985379457473755
13606,23,-0.534458577632904
13607,18,-0.9423724412918091
13608,16,-1.0817391872406006
13609,21,-0.7243866324424744
13610,16,-1.117598056793213
13611,20,-0.8228123188018799
13612,12,-1.3325226306915283
13613,24,-0.40852147340774536
13614,19,-0.893378734588623
13615,18,-0.9481356143951416
13616,19,-0.9032236337661743
13617,24,-0.3747023344039917
13618,20,-0.8166067004203796
13619,18,-0.968461275100708
13620,24,-0.33296602964401245
13621,27,0.18336522579193115
13622,25,-0.23555821180343628
13623,12,-1.3143991231918335
13624,18,-0.9676169157028198
13625,22,-0.5650117993354797
13626,23,-0.5258690714836121
13627,20,-0.7719776630401611
13628,16,-1.068688154220581
13629,24,-0.3224782943725586
13630,25,-0.19170761108398438
13631,20,-0.7644261121749878
13632,29,0.7081155776977539
13633,26,-0.07708311080932617
13634,19,-0.8649525046348572
13635,24,-0.3765838146209717
13636,15,-1.1540042161941528
13637,24,-0.33475881814956665
13638,15,-1.1401467323303223
13639,24,-0.3209224343299866
13640,22,-0.6200573444366455
13641,21,-0.7253559827804565
13642,17,-1.041210412979126
13643,17,-1.051835536956787
13644,17,-1.006475806236267
13645,18,-0.9433315992355347
13646,21,-0.6600876450538635
13647,16,-1.082862138748169
13648,17,-1.0301547050476074
13649,21,-0.6825449466705322
13650,14,-1.228642225265503
13651,29,0.8008685111999512
13652,24,-0.40463483333587646
13653,17,-0.9840529561042786
13654,18,-0.9615405797958374
13655,21,-0.6663722991943359
13656,17,-1.0317984819412231
13657,16,-1.0610971450805664
13658,25,-0.30377519130706787
13659,19,-0.8417810797691345
13660,21,-0.6660241484642029
13661,22,-0.5717573165893555
13662,29,0.802391529083252
13663,24,-0.37974876165390015
13664,25,-0.253526508808136
13665,24,-0.4089878797531128
13666,19,-0.8633865118026733
13667,13,-1.253347396850586
13668,24,-0.33379894495010376
13669,25,-0.2413615584373474
13670,15,-1.1344540119171143
13671,24,-0.32063382863998413
13672,20,-0.8120169639587402
13673,22,-0.5903202295303345
13674,17,-1.0464153289794922
13675,18,-0.946730375289917
13676,24,-0.3193100690841675
13677,25,-0.3020557165145874
13678,22,-0.5789744257926941
13679,20,-0.7803386449813843
13680,17,-1.0289970636367798
13681,16,-1.0541425943374634
13682,21,-0.7089322805404663
13683,14,-1.1946269273757935
13684,16,-1.0667130947113037
13685,17,-1.0381968021392822
13686,20,-0.7955237627029419
13687,16,-1.066025972366333
13688,14,-1.1918213367462158
13689,18,-0.9377106428146362
13690,21,-0.671546220779419
13691,19,-0.9016953706741333
13692,28,0.3775109052658081
13693,19,-0.8372992277145386
13694,29,0.7581526041030884
13695,23,-0.44488412141799927
13696,26,-0.08964264392852783
13697,18,-0.9390907287597656
13698,21,-0.6943497061729431
13699,27,0.029552340507507324
13700,25,-0.26304447650909424
13701,20,-0.7761129140853882
13702,19,-0.8951979875564575
13703,22,-0.638155460357666
13704,23,-0.5063657164573669
13705,18,-0.9778643846511841
13706,22,-0.5554183125495911
13707,23,-0.5408998131752014
13708,19,-0.8517290949821472
13709,23,-0.46100229024887085
13710,18,-0.9104351997375488
13711,17,-1.008579969406128
13712,22,-0.5852028131484985
13713,30,1.092841386795044
13714,19,-0.8781827688217163
13715,14,-1.1926568746566772
13716,17,-1.0392872095108032
13717,17,-1.0466424226760864
13718,24,-0.34863340854644775
13719,29,0.5297696590423584
13720,20,-0.7647731304168701
13721,29,0.6531749963760376
13722,24,-0.37816745042800903
13723,23,-0.5118978023529053
13724,12,-1.3053710460662842
13725,16,-1.0682957172393799
13726,17,-1.0263540744781494
13727,21,-0.7024596333503723
13728,25,-0.19386351108551025
13729,17,-0.9825341105461121
13730,24,-0.3794398307800293
13731,24,-0.31651806831359863
13732,19,-0.8364905714988708
13733,17,-0.9999210834503174
13734,17,-0.9847834706306458
13735,17,-1.0300122499465942
13736,18,-0.9219282865524292
13737,17,-1.04673433303833
13738,15,-1.16311514377594
13739,19,-0.8869841694831848
13740,16,-1.096207618713379
13741,19,-0.8539925813674927
13742,26,-0.12502038478851318
13743,21,-0.6948704719543457
13744,18,-0.9594844579696655
13745,17,-1.0163276195526123
13746,17,-1.0216107368469238
13747,19,-0.9040052890777588
13748,20,-0.8086323738098145
13749,24,-0.32442909479141235
13750,17,-1.0352126359939575
13751,19,-0.8988325595855713
13752,18,-0.9647710919380188
13753,17,-1.035657525062561
13754,17,-1.00778329372406
13755,17,-0.9981977939605713
13756,19,-0.8990644216537476
13757,22,-0.6189355850219727
13758,30,1.016139268875122
13759,25,-0.19019436836242676
13760,21,-0.6746608018875122
13761,15,-1.167420506477356
13762,23,-0.4900200366973877
13763,26,-0.07046282291412354
13764,20,-0.761212944984436
13765,18,-0.9266932010650635
13766,20,-0.7799497842788696
13767,22,-0.6353428959846497
13768,18,-0.9665718078613281
13769,13,-1.2444140911102295
13770,18,-0.9232746958732605
13771,30,0.9622721672058105
13772,24,-0.32756954431533813
13773,25,-0.16584408283233643
13774,21,-0.7361282110214233
13775,25,-0.2695581912994385
13776,23,-0.4777555465698242
13777,22,-0.6019744277000427
13778,22,-0.5764915943145752
13779,19,-0.8379042148590088
13780,20,-0.7647215127944946
13781,18,-0.9271302819252014
13782,29,0.7017604112625122
13783,30,0.9263052940368652
13784,30,1.1367805004119873
13785,18,-0.9239566326141357
13786,18,-0.9375675320625305
13787,24,-0.40208709239959717
13788,17,-1.046761155128479
13789,20,-0.7481106519699097
13790,17,-1.0070551633834839
13791,17,-1.024429202079773
13792,15,-1.121240258216858
13793,25,-0.22086864709854126
13794,29,0.8654994964599609
13795,15,-1.1365911960601807
13796,26,-0.10916399955749512
13797,20,-0.7699984312057495
13798,16,-1.0860605239868164
13799,18,-0.9725234508514404
13800,20,-0.7819900512695312
13801,20,-0.8072786331176758
13802,30,1.0678784847259521
13803,16,-1.0548161268234253
13804,18,-0.9725983738899231
13805,24,-0.4004092812538147
13806,23,-0.4813050627708435
13807,30,0.9856963157653809
13808,17,-1.038483738899231
13809,23,-0.4539324641227722
13810,21,-0.6613547801971436
13811,27,0.06729841232299805
13812,21,-0.7221292853355408
13813,22,-0.6288800835609436
13814,28,0.26090431213378906
13815,24,-0.3791356086730957
13816,16,-1.1061537265777588
13817,24,-0.31621766090393066
13818,18,-0.9658232927322388
13819,12,-1.3501107692718506
13820,17,-1.0097086429595947
13821,22,-0.5702266693115234
13822,22,-0.5985572934150696
13823,25,-0.2947077751159668
13824,17,-1.0452075004577637
13825,23,-0.5408343076705933
13826,16,-1.104409098625183
13827,18,-0.9109394550323486
13828,17,-0.9891666173934937
13829,19,-0.8618419766426086
13830,16,-1.0569649934768677
13831,23,-0.471493124961853
13832,24,-0.3732609152793884
13833,17,-1.0259487628936768
13834,22,-0.5655171275138855
13835,18,-0.9635847806930542
13836,16,-1.0665886402130127
13837,22,-0.5898705720901489
13838,25,-0.2967897653579712
13839,18,-0.9692034721374512
13840,18,-0.9780534505844116
13841,17,-0.9856654405593872
13842,24,-0.4126952886581421
13843,24,-0.4068869352340698
13844,22,-0.5531674027442932
13845,16,-1.096318006515503
13846,22,-0.5704063177108765
13847,19,-0.8886797428131104
13848,17,-1.026641607284546
13849,21,-0.7214952111244202
13850,21,-0.6704215407371521
13851,22,-0.5602401494979858
13852,18,-0.9494316577911377
13853,19,-0.8715986013412476
13854,21,-0.7223849296569824
13855,21,-0.6572012305259705
13856,17,-1.0002301931381226
13857,19,-0.8750123977661133
13858,16,-1.0851426124572754
13859,20,-0.7784303426742554
13860,29,0.8797135353088379
13861,16,-1.1108654737472534
13862,23,-0.4959709048271179
13863,21,-0.6603233218193054
13864,19,-0.9053716659545898
13865,17,-0.9960557818412781
13866,15,-1.1654795408248901
13867,24,-0.31648963689804077
13868,27,0.10014355182647705
13869,24,-0.347179114818573
13870,21,-0.7426259517669678
13871,14,-1.1960607767105103
13872,13,-1.2620879411697388
13873,17,-1.0456371307373047
13874,18,-0.9151993989944458
13875,25,-0.22476410865783691
13876,24,-0.3686322569847107
13877,22,-0.5786957740783691
13878,25,-0.2434837818145752
13879,21,-0.7154090404510498
13880,20,-0.8134192228317261
13881,10,-1.4178507328033447
13882,21,-0.713309645652771
13883,21,-0.7030306458473206
13884,19,-0.8459475040435791
13885,24,-0.37388724088668823
13886,23,-0.5417045950889587
13887,22,-0.5665524005889893
13888,30,1.166006326675415
13889,24,-0.3908929228782654
13890,15,-1.141810655593872
13891,13,-1.2746654748916626
13892,16,-1.0781816244125366
13893,20,-0.7797565460205078
13894,18,-0.9381554126739502
13895,15,-1.1532924175262451
13896,20,-0.7815965414047241
13897,22,-0.6304653286933899
13898,23,-0.4597148299217224
13899,17,-1.0296649932861328
13900,16,-1.0564767122268677
13901,29,0.6511853933334351
13902,25,-0.2587379217147827
13903,13,-1.2937583923339844
13904,19,-0.8658353090286255
13905,26,-0.14774096012115479
13906,18,-0.9383887648582458
13907,18,-0.928553581237793
13908,19,-0.8629244565963745
13909,22,-0.5932885408401489
13910,13,-1.2882273197174072
13911,22,-0.6103141903877258
13912,24,-0.3936842679977417
13913,28,0.4559427499771118
13914,30,0.9688684940338135
13915,9,-1.4778779745101929
13916,12,-1.3122323751449585
13917,24,-0.3243594765663147
13918,23,-0.46947407722473145
13919,21,-0.6592730283737183
13920,21,-0.7059319019317627
13921,22,-0.6372350454330444
13922,17,-0.996796190738678
13923,24,-0.3417128324508667
13924,19,-0.8829202651977539
13925,14,-1.2407479286193848
13926,30,0.9633016586303711
13927,18,-0.9807194471359253
13928,24,-0.39338475465774536
13929,21,-0.7185161113739014
13930,25,-0.21866273880004883
13931,23,-0.47967666387557983
13932,16,-1.0638229846954346
13933,17,-1.0463851690292358
13934,15,-1.1202666759490967
13935,18,-0.9153268337249756
13936,19,-0.8642677068710327
13937,19,-0.8876519203186035
13938,24,-0.3931811451911926
13939,20,-0.8053892850875854
13940,24,-0.37093645334243774
13941,26,-0.035545945167541504
13942,18,-0.9567193984985352
13943,24,-0.3985108733177185
13944,15,-1.1286659240722656
13945,14,-1.1954684257507324
13946,18,-0.9469184279441833
13947,17,-0.9876196384429932
13948,26,-0.1120227575302124
13949,22,-0.6423771977424622
13950,24,-0.4055803418159485
13951,20,-0.7629485130310059
13952,15,-1.1658965349197388
13953,20,-0.7949019074440002
13954,21,-0.7421337366104126
13955,21,-0.6504477262496948
13956,26,-0.054207682609558105
13957,15,-1.1609879732131958
13958,21,-0.6834554076194763
13959,15,-1.1386398077011108
13960,27,0.029009461402893066
13961,24,-0.3807353973388672
13962,20,-0.775661826133728
13963,14,-1.2145603895187378
13964,30,1.0090827941894531
13965,21,-0.7377314567565918
13966,30,0.9492876529693604
13967,24,-0.361922025680542
13968,17,-1.0529800653457642
13969,22,-0.5760500431060791
13970,22,-0.6071494221687317
13971,12,-1.3022867441177368
13972,23,-0.5423650145530701
13973,12,-1.3399648666381836
13974,20,-0.7913860082626343
13975,20,-0.798956036567688
13976,29,0.8494546413421631
13977,24,-0.35206300020217896
13978,20,-0.8214824795722961
13979,16,-1.071033239364624
13980,21,-0.6677427291870117
13981,16,-1.1026694774627686
13982,30,1.0439121723175049
13983,20,-0.7845966815948486
13984,28,0.3700796365737915
13985,19,-0.8509153723716736
13986,22,-0.623872697353363
13987,25,-0.25874853134155273
13988,18,-0.9596596956253052
13989,23,-0.5345276594161987
13990,28,0.487912654876709
13991,27,0.20837664604187012
13992,21,-0.7067035436630249
13993,24,-0.3476639986038208
13994,19,-0.8676904439926147
13995,25,-0.28599804639816284
13996,15,-1.1402227878570557
13997,18,-0.924440860748291
13998,23,-0.4833398461341858
13999,19,-0.8325601816177368
14000,17,-1.0367027521133423
14001,20,-0.8155972361564636
14002,24,-0.38528668880462646
14003,29,0.8781695365905762
14004,16,-1.070772647857666
14005,17,-1.0386844873428345
14006,18,-0.9809516668319702
14007,15,-1.1749147176742554
14008,19,-0.8369305729866028
14009,19,-0.8827917575836182
14010,29,0.5459492206573486
14011,13,-1.2650119066238403
14012,21,-0.6931384205818176
14013,26,-0.15364742279052734
14014,23,-0.445970356464386
14015,17,-1.0434720516204834
14016,18,-0.9099690914154053
14017,23,-0.4566662907600403
14018,21,-0.7129201292991638
14019,14,-1.183043360710144
14020,18,-0.9471347332000732
14021,20,-0.7892494797706604
14022,18,-0.938960075378418
14023,23,-0.5379105806350708
14024,25,-0.2132737636566162
14025,16,-1.1073212623596191
14026,29,0.7462784051895142
14027,16,-1.1116100549697876
14028,18,-0.9392397403717041
14029,24,-0.33704298734664917
14030,18,-0.9369032382965088
14031,19,-0.9024014472961426
14032,17,-1.0140219926834106
14033,30,1.1265161037445068
14034,23,-0.543741762638092
14035,19,-0.837611198425293
14036,22,-0.6211740970611572
14037,14,-1.180341124534607
14038,16,-1.0583066940307617
14039,24,-0.40657633543014526
14040,24,-0.3588230013847351
14041,14,-1.2316482067108154
14042,18,-0.9243661165237427
14043,21,-0.6876859664916992
14044,18,-0.9527381658554077
14045,21,-0.6675876975059509
14046,24,-0.4272456169128418
14047,12,-1.313565731048584
14048,19,-0.8962744474411011
14049,19,-0.8495359420776367
14050,25,-0.24825072288513184
14051,23,-0.4481179118156433
14052,17,-0.999457836151123
14053,15,-1.1382296085357666
14054,18,-0.9147354364395142
14055,29,0.6824580430984497
14056,19,-0.8971173167228699
14057,15,-1.1544891595840454
14058,18,-0.9376136660575867
14059,15,-1.1588555574417114
14060,16,-1.055094838142395
14061,23,-0.5208057761192322
14062,18,-0.9204272031784058
14063,24,-0.4020388722419739
14064,25,-0.1660860776901245
14065,13,-1.2902748584747314
14066,18,-0.921635091304779
14067,21,-0.7069732546806335
14068,19,-0.8834420442581177
14069,14,-1.2038096189498901
14070,24,-0.4051263928413391
14071,27,0.23663687705993652
14072,24,-0.39847320318222046
14073,16,-1.0925213098526
14074,20,-0.8059462308883667
14075,24,-0.3640734553337097
14076,16,-1.105981707572937
14077,17,-1.0510519742965698
14078,19,-0.8827733993530273
14079,17,-0.9912705421447754
14080,22,-0.5555965900421143
14081,18,-0.9765737652778625
14082,25,-0.28430306911468506
14083,25,-0.24684244394302368
14084,15,-1.1429370641708374
14085,15,-1.123046636581421
14086,30,1.051832914352417
14087,29,0.7214890718460083
14088,14,-1.2041571140289307
14089,23,-0.44186168909072876
14090,12,-1.342586636543274
14091,24,-0.32054299116134644
14092,25,-0.30672627687454224
14093,25,-0.3053492307662964
14094,22,-0.567626416683197
14095,21,-0.7387682795524597
14096,25,-0.2702022194862366
14097,17,-1.0148162841796875
14098,16,-1.0940711498260498
14099,25,-0.27939242124557495
14100,30,1.0031771659851074
14101,21,-0.7377716302871704
14102,25,-0.2737613916397095
14103,25,-0.2304491400718689
14104,13,-1.2444250583648682
14105,17,-1.0187276601791382
14106,24,-0.3932478427886963
14107,22,-0.5670543909072876
14108,29,0.7492057085037231
14109,20,-0.8214616775512695
14110,25,-0.2712324261665344
14111,20,-0.8000538945198059
14112,22,-0.5904847383499146
14113,21,-0.6999290585517883
14114,21,-0.7370048761367798
14115,23,-0.5131558179855347
14116,19,-0.8370511531829834
14117,17,-0.9937649369239807
14118,18,-0.9283800721168518
14119,24,-0.38597559928894043
14120,22,-0.5779231786727905
14121,21,-0.7252840399742126
14122,20,-0.7790720462799072
14123,29,0.6844749450683594
14124,17,-1.0473331212997437
14125,29,0.7392081022262573
14126,18,-0.930387020111084
14127,16,-1.0964972972869873
14128,24,-0.344707190990448
14129,19,-0.9055906534194946
14130,19,-0.8588202595710754
14131,23,-0.4827392101287842
14132,26,-0.046579837799072266
14133,28,0.2922106981277466
14134,19,-0.8777422308921814
14135,24,-0.31976163387298584
14136,30,1.0600917339324951
14137,15,-1.1740609407424927
14138,20,-0.7915177345275879
14139,23,-0.4472563862800598
14140,19,-0.8985127210617065
14141,18,-0.9427710771560669
14142,21,-0.6452263593673706
14143,24,-0.42757314443588257
14144,23,-0.5314903855323792
14145,25,-0.2504156231880188
14146,25,-0.16821539402008057
14147,20,-0.7464589476585388
14148,22,-0.6142745614051819
14149,19,-0.8819005489349365
14150,18,-0.9740229845046997
14151,16,-1.116111397743225
14152,21,-0.7233757376670837
14153,23,-0.4759160876274109
14154,25,-0.28820133209228516
14155,19,-0.8548153638839722
14156,19,-0.8417611122131348
14157,18,-0.9581261277198792
14158,19,-0.8633522987365723
14159,29,0.650305986404419
14160,30,0.9571316242218018
14161,23,-0.4686216115951538
14162,19,-0.9087499380111694
14163,18,-0.9537445306777954
14164,18,-0.9805132150650024
14165,17,-1.0279533863067627
14166,24,-0.3128107786178589
14167,23,-0.5277498960494995
14168,22,-0.6028603911399841
14169,26,-0.10456538200378418
14170,24,-0.42123931646347046
14171,23,-0.4746100902557373
14172,20,-0.8040701150894165
14173,10,-1.4177780151367188
14174,25,-0.2980839014053345
14175,24,-0.40855640172958374
14176,22,-0.627825140953064
14177,24,-0.4035295844078064
14178,30,1.1003270149230957
14179,17,-1.0496405363082886
14180,20,-0.8074065446853638
14181,19,-0.8585126399993896
14182,25,-0.271456778049469
14183,19,-0.9069465398788452
14184,21,-0.6704965233802795
14185,21,-0.6665300130844116
14186,23,-0.4494017958641052
14187,17,-0.9855002164840698
14188,15,-1.1321238279342651
14189,19,-0.887460470199585
14190,25,-0.24167031049728394
14191,29,0.7853460311889648
14192,26,-0.11905193328857422
14193,19,-0.9069117307662964
14194,16,-1.085873007774353
14195,29,0.8527262210845947
14196,25,-0.3069242238998413
14197,25,-0.2680806517601013
14198,20,-0.7561043500900269
14199,25,-0.2892885208129883
14200,26,-0.03700661659240723
14201,24,-0.3155655860900879
14202,13,-1.2836956977844238
14203,21,-0.6719521284103394
14204,16,-1.0708675384521484
14205,19,-0.8738325834274292
14206,16,-1.070858359336853
14207,19,-0.899785041809082
14208,22,-0.5627181529998779
14209,22,-0.5486987829208374
14210,26,-0.08411991596221924
14211,16,-1.0810348987579346
14212,24,-0.3694043755531311
14213,22,-0.5459542274475098
14214,25,-0.17505347728729248
14215,18,-0.9659180641174316
14216,17,-1.0318487882614136
14217,25,-0.18284153938293457
14218,17,-1.0060749053955078
14219,15,-1.1437981128692627
14220,21,-0.6949114799499512
14221,22,-0.5795134902000427
14222,15,-1.1638695001602173
14223,22,-0.617519199848175
14224,30,0.9886043071746826
14225,21,-0.703494131565094
14226,19,-0.8554191589355469
14227,17,-0.9894616603851318
14228,26,-0.13810181617736816
14229,29,0.8753852844238281
14230,18,-0.9725631475448608
14231,27,0.0999518632888794
14232,29,0.8440341949462891
14233,22,-0.6043280363082886
14234,22,-0.6413412094116211
14235,25,-0.23022091388702393
14236,18,-0.9788743853569031
14237,15,-1.1684778928756714
14238,26,-0.05890941619873047
14239,24,-0.31223177909851074
14240,16,-1.1062092781066895
14241,24,-0.38107961416244507
14242,21,-0.6815517544746399
14243,19,-0.8816397786140442
14244,24,-0.4037155508995056
14245,17,-1.015613317489624
14246,23,-0.4669561982154846
14247,22,-0.5556674599647522
14248,20,-0.8196514844894409
14249,26,-0.042826175689697266
14250,25,-0.25816023349761963
14251,16,-1.107115626335144
14252,21,-0.7267447113990784
14253,16,-1.061892032623291
14254,19,-0.8749050498008728
14255,12,-1.3128982782363892
14256,21,-0.6568531394004822
14257,16,-1.0837576389312744
14258,18,-0.9148379564285278
14259,30,1.1245336532592773
14260,20,-0.7558637857437134
14261,17,-0.9891259670257568
14262,21,-0.6659402847290039
14263,19,-0.8869321346282959
14264,22,-0.567409098148346
14265,23,-0.5118151903152466
14266,23,-0.47911524772644043
14267,27,0.09177076816558838
14268,16,-1.0718246698379517
14269,22,-0.5747625231742859
14270,25,-0.30580300092697144
14271,18,-0.9405763149261475
14272,21,-0.6696978807449341
14273,19,-0.8755603432655334
14274,21,-0.7189072370529175
14275,17,-1.0126500129699707
14276,22,-0.5981794595718384
14277,21,-0.695483386516571
14278,19,-0.838335394859314
14279,14,-1.1804102659225464
14280,29,0.7875603437423706
14281,23,-0.5432426333427429
14282,30,0.9248678684234619
14283,23,-0.540928065776825
14284,20,-0.8130426406860352
14285,17,-1.0359801054000854
14286,18,-0.9400472044944763
14287,15,-1.1182947158813477
14288,24,-0.3125731348991394
14289,23,-0.5299239754676819
14290,18,-0.9502264261245728
14291,17,-1.0239369869232178
14292,24,-0.42519915103912354
14293,18,-0.9615412950515747
14294,14,-1.218335509300232
14295,19,-0.8374174237251282
14296,21,-0.7082516551017761
14297,22,-0.6091015934944153
14298,19,-0.9012584090232849
14299,22,-0.6397935748100281
14300,30,0.9675796031951904
14301,29,0.8049347400665283
14302,22,-0.6223759651184082
14303,30,0.9877843856811523
14304,22,-0.5632262229919434
14305,20,-0.8057579398155212
14306,16,-1.0609045028686523
14307,16,-1.0884584188461304
14308,18,-0.9594688415527344
14309,17,-0.9832754731178284
14310,24,-0.4239858388900757
14311,25,-0.21505141258239746
14312,29,0.5772254467010498
14313,17,-0.9993922710418701
14314,23,-0.49468910694122314
14315,16,-1.1175031661987305
14316,24,-0.3707362413406372
14317,26,-0.14993822574615479
14318,21,-0.718090832233429
14319,20,-0.7470468282699585
14320,13,-1.247506856918335
14321,25,-0.18177735805511475
14322,24,-0.30965256690979004
14323,14,-1.199546217918396
14324,14,-1.2021746635437012
14325,30,0.9844164848327637
14326,24,-0.41572296619415283
14327,18,-0.9789556860923767
14328,22,-0.6076022982597351
14329,19,-0.8491473197937012
14330,23,-0.48699289560317993
14331,19,-0.9087069034576416
14332,23,-0.5097689032554626
14333,18,-0.9324543476104736
14334,18,-0.9514292478561401
14335,24,-0.3763411045074463
14336,18,-0.937523365020752
14337,16,-1.0731338262557983
14338,29,0.773625373840332
14339,23,-0.5276439785957336
14340,25,-0.19702541828155518
14341,14,-1.2306925058364868
14342,16,-1.0773303508758545
14343,24,-0.3484688401222229
14344,19,-0.8602041006088257
14345,20,-0.7783558368682861
14346,23,-0.5145368576049805
14347,18,-0.9810311198234558
14348,17,-1.0393489599227905
14349,19,-0.8520220518112183
14350,19,-0.8725044131278992
14351,19,-0.8534400463104248
14352,15,-1.1322194337844849
14353,17,-0.995860755443573
14354,15,-1.1491690874099731
14355,15,-1.1428513526916504
14356,14,-1.2017817497253418
14357,18,-0.9172248840332031
14358,20,-0.7619228959083557
14359,23,-0.5101776123046875
14360,18,-0.9652692079544067
14361,29,0.7507368326187134
14362,25,-0.2553028464317322
14363,20,-0.800457239151001
14364,16,-1.1030681133270264
14365,16,-1.0776704549789429
14366,19,-0.8476860523223877
14367,22,-0.5736405849456787
14368,18,-0.9622467756271362
14369,29,0.6564477682113647
14370,25,-0.2071605920791626
14371,16,-1.0851317644119263
14372,26,-0.005963921546936035
14373,22,-0.587551474571228
14374,22,-0.5551069378852844
14375,26,-0.07714498043060303
14376,17,-0.9979680776596069
14377,21,-0.6545659303665161
14378,19,-0.8961568474769592
14379,17,-1.004454255104065
14380,20,-0.81894850730896
14381,24,-0.34337401390075684
14382,20,-0.7807506322860718
14383,22,-0.6315696835517883
14384,30,1.1270906925201416
14385,30,0.9032788276672363
14386,25,-0.16918063163757324
14387,18,-0.922019898891449
14388,29,0.6071552038192749
14389,21,-0.6804790496826172
14390,29,0.8390679359436035
14391,20,-0.7505975365638733
14392,21,-0.6971608996391296
14393,17,-1.0364422798156738
14394,18,-0.9359672665596008
14395,30,0.9879908561706543
14396,25,-0.3033190369606018
14397,25,-0.21019309759140015
14398,25,-0.2625075578689575
14399,23,-0.43654942512512207
14400,26,-0.10686755180358887
14401,24,-0.31635862588882446
14402,20,-0.7965368032455444
14403,18,-0.9638022184371948
14404,24,-0.34919118881225586
14405,20,-0.772456169128418
14406,15,-1.137339472770691
14407,30,1.0217387676239014
14408,26,0.01701176166534424
14409,25,-0.18280601501464844
14410,17,-0.9993758201599121
14411,24,-0.4292364716529846
14412,13,-1.2532626390457153
14413,22,-0.5828899145126343
14414,17,-1.0045733451843262
14415,24,-0.38533252477645874
14416,20,-0.7701060771942139
14417,20,-0.8037602305412292
14418,19,-0.8926462531089783
14419,29,0.8657004833221436
14420,22,-0.5613539814949036
14421,23,-0.5186119675636292
14422,23,-0.5128215551376343
14423,26,-0.15246152877807617
14424,21,-0.6960428357124329
14425,19,-0.8757674694061279
14426,17,-1.000335693359375
14427,18,-0.9317702054977417
14428,22,-0.6263323426246643
14429,19,-0.889641523361206
14430,18,-0.918293833732605
14431,23,-0.452877402305603
14432,25,-0.18918299674987793
14433,19,-0.8967214822769165
14434,24,-0.3513343930244446
14435,25,-0.2573370933532715
14436,23,-0.5174897909164429
14437,17,-1.0532084703445435
14438,20,-0.7728400230407715
14439,23,-0.5005742311477661
14440,18,-0.9273902177810669
14441,30,1.1165390014648438
14442,24,-0.31528806686401367
14443,25,-0.20375561714172363
14444,23,-0.4843437075614929
14445,16,-1.0990697145462036
14446,19,-0.8570003509521484
14447,23,-0.45080244541168213
14448,18,-0.9476537704467773
14449,17,-1.008985161781311
14450,21,-0.6601899266242981
14451,20,-0.8010417819023132
14452,18,-0.9484303593635559
14453,16,-1.0975961685180664
14454,19,-0.8637080788612366
14455,25,-0.22215765714645386
14456,19,-0.8710483312606812
14457,17,-1.0251885652542114
14458,18,-0.9262886643409729
14459,21,-0.7132679224014282
14460,19,-0.8346757888793945
14461,27,0.05298745632171631
14462,19,-0.8889581561088562
14463,17,-0.9985580444335938
14464,24,-0.379036009311676
14465,20,-0.7686344385147095
14466,18,-0.9474401473999023
14467,25,-0.30525434017181396
14468,30,1.092839002609253
14469,17,-1.0026311874389648
14470,22,-0.6328527927398682
14471,21,-0.6968134641647339
14472,25,-0.2281133532524109
14473,29,0.8645880222320557
14474,25,-0.25829195976257324
14475,14,-1.2385823726654053
14476,18,-0.934026837348938
14477,24,-0.3743354082107544
14478,21,-0.7276611328125
14479,26,-0.15528297424316406
14480,18,-0.9560208320617676
14481,16,-1.0896422863006592
14482,26,-0.04015707969665527
14483,25,-0.2554488182067871
14484,22,-0.6314657330513
14485,24,-0.4190986156463623
14486,14,-1.1980007886886597
14487,14,-1.17936372756958
14488,20,-0.8219107985496521
14489,23,-0.4807246923446655
14490,13,-1.2444120645523071
14491,19,-0.8859913945198059
14492,26,-0.006435871124267578
14493,18,-0.961986780166626
14494,14,-1.202269196510315
14495,18,-0.9129793643951416
14496,24,-0.39233076572418213
14497,20,-0.7822540998458862
14498,20,-0.7447097301483154
14499,25,-0.25190669298171997
14500,21,-0.7314529418945312
14501,24,-0.4313126802444458
14502,18,-0.9679931998252869
14503,19,-0.8889204263687134
14504,25,-0.22870463132858276
14505,19,-0.9041308164596558
14506,29,0.5667380094528198
14507,24,-0.4195100665092468
14508,20,-0.8016310930252075
14509,23,-0.4604188799858093
14510,22,-0.6283381581306458
14511,30,1.044248342514038
14512,18,-0.9569807052612305
14513,17,-0.9899111390113831
14514,12,-1.3365867137908936
14515,24,-0.40334028005599976
14516,28,0.24901854991912842
14517,24,-0.3771928548812866
14518,25,-0.2906535863876343
14519,18,-0.9401627779006958
14520,18,-0.9636574983596802
14521,21,-0.7363240718841553
14522,22,-0.5744860172271729
14523,17,-1.0436862707138062
14524,20,-0.812822163105011
14525,25,-0.2022649049758911
14526,23,-0.45989978313446045
14527,20,-0.798973560333252
14528,26,-0.09974527359008789
14529,21,-0.7393337488174438
14530,17,-0.9853556752204895
14531,19,-0.8951737284660339
14532,21,-0.7063775658607483
14533,24,-0.34276193380355835
14534,29,0.86080002784729
14535,22,-0.5849790573120117
14536,20,-0.7887411713600159
14537,18,-0.9272255897521973
14538,25,-0.20250928401947021
14539,20,-0.8087372779846191
14540,23,-0.4573461413383484
14541,21,-0.6553246974945068
14542,23,-0.5176750421524048
14543,20,-0.8062746524810791
14544,25,-0.28078025579452515
14545,18,-0.9204249382019043
14546,20,-0.7867803573608398
14547,25,-0.19516921043395996
14548,20,-0.7759364247322083
14549,29,0.5562684535980225
14550,22,-0.5494101047515869
14551,18,-0.9251878261566162
14552,18,-0.9166604280471802
14553,19,-0.8937307596206665
14554,30,1.0950736999511719
14555,23,-0.5047816038131714
14556,25,-0.16942071914672852
14557,17,-1.044450044631958
14558,15,-1.1211885213851929
14559,20,-0.8044200539588928
14560,28,0.4622535705566406
14561,14,-1.1966495513916016
14562,19,-0.9041727781295776
14563,23,-0.5100384950637817
14564,19,-0.8698621988296509
14565,21,-0.6846671104431152
14566,22,-0.5821592211723328
14567,17,-1.0124108791351318
14568,26,-0.08532190322875977
14569,26,-0.08983516693115234
14570,19,-0.8585284948348999
14571,30,1.0915727615356445
14572,19,-0.8331935405731201
14573,22,-0.544163703918457
14574,16,-1.0671939849853516
14575,26,-0.08437609672546387
14576,21,-0.6767548322677612
14577,20,-0.8080375790596008
14578,22,-0.591300904750824
14579,21,-0.6987422108650208
14580,23,-0.43486618995666504
14581,17,-0.9850818514823914
14582,25,-0.2196834683418274
14583,26,-0.14342832565307617
14584,16,-1.069746494293213
14585,22,-0.6306986212730408
14586,23,-0.4657122492790222
14587,22,-0.6042261719703674
14588,18,-0.9524155855178833
14589,27,0.02720820903778076
14590,18,-0.9348113536834717
14591,14,-1.1908378601074219
14592,20,-0.7856960296630859
14593,23,-0.45979446172714233
14594,20,-0.8058536052703857
14595,18,-0.9595048427581787
14596,17,-1.0351829528808594
14597,30,0.9583663940429688
14598,20,-0.8189634084701538
14599,21,-0.6717315912246704
14600,16,-1.0908325910568237
14601,30,0.9542465209960938
14602,23,-0.4761170744895935
14603,25,-0.24705445766448975
14604,22,-0.5442363023757935
14605,20,-0.8054522275924683
14606,14,-1.189760446548462
14607,30,0.9310259819030762
14608,18,-0.962637722492218
14609,17,-1.0254418849945068
14610,18,-0.9801944494247437
14611,23,-0.4768301844596863
14612,22,-0.5914428234100342
14613,21,-0.6771789789199829
14614,26,-0.15908491611480713
14615,22,-0.6348657011985779
14616,21,-0.6679677963256836
14617,21,-0.6838540434837341
14618,20,-0.7608243227005005
14619,20,-0.8107285499572754
14620,22,-0.64218670129776
14621,22,-0.5562030076980591
14622,21,-0.6695821285247803
14623,17,-1.0366733074188232
14624,23,-0.4550549387931824
14625,29,0.8285055160522461
14626,22,-0.5659279823303223
14627,30,1.0493674278259277
14628,22,-0.6110061407089233
14629,14,-1.2090870141983032
14630,21,-0.6634222865104675
14631,24,-0.3124645948410034
14632,20,-0.7824370861053467
14633,25,-0.2702217102050781
14634,25,-0.2355365753173828
14635,18,-0.9676874876022339
14636,22,-0.6081477999687195
14637,26,-0.14918088912963867
14638,21,-0.7003943920135498
14639,25,-0.22301208972930908
14640,17,-1.029958724975586
14641,14,-1.1870430707931519
14642,16,-1.102896809577942
14643,19,-0.8598865866661072
14644,19,-0.8441992998123169
14645,30,1.025636911392212
14646,18,-0.9697016477584839
14647,27,0.16315007209777832
14648,17,-1.0363391637802124
14649,18,-0.9206559658050537
14650,25,-0.1728726625442505
14651,13,-1.2635289430618286
14652,23,-0.5094426274299622
14653,16,-1.0987145900726318
14654,20,-0.7573787569999695
14655,18,-0.9243828654289246
14656,17,-1.0328519344329834
14657,22,-0.5909156799316406
14658,18,-0.9783087372779846
14659,25,-0.2259761095046997
14660,21,-0.6512420773506165
14661,30,1.1850297451019287
14662,22,-0.6134499907493591
14663,18,-0.9119394421577454
14664,24,-0.39427709579467773
14665,19,-0.9094784259796143
14666,17,-0.998691737651825
14667,23,-0.4876357316970825
14668,28,0.35463106632232666
14669,22,-0.6007287502288818
14670,16,-1.1088560819625854
14671,25,-0.23525303602218628
14672,22,-0.5958365797996521
14673,20,-0.7769429683685303
14674,22,-0.5515462756156921
14675,23,-0.4364506006240845
14676,29,0.6696279048919678
14677,20,-0.8027945160865784
14678,27,0.05728554725646973
14679,30,0.9613802433013916
14680,19,-0.8618501424789429
14681,25,-0.16505062580108643
14682,19,-0.852912187576294
14683,16,-1.0790493488311768
14684,17,-1.043371319770813
14685,19,-0.8339947462081909
14686,20,-0.7834782600402832
14687,23,-0.4954681992530823
14688,13,-1.2571589946746826
14689,30,0.9677307605743408
14690,24,-0.31650441884994507
14691,21,-0.6546411514282227
14692,16,-1.0955932140350342
14693,25,-0.25649750232696533
14694,27,0.09111666679382324
14695,25,-0.17556357383728027
14696,16,-1.1008466482162476
14697,20,-0.7890072464942932
14698,18,-0.9549535512924194
14699,30,1.000061273574829
14700,23,-0.4514632821083069
14701,18,-0.9675488471984863
14702,18,-0.9247951507568359
14703,24,-0.4272422194480896
14704,19,-0.8914218544960022
14705,26,-0.08185029029846191
14706,29,0.8639187812805176
14707,14,-1.1913065910339355
14708,18,-0.9662305116653442
14709,15,-1.176888346672058
14710,19,-0.878739595413208
14711,19,-0.897750735282898
14712,21,-0.6677600145339966
14713,15,-1.1772481203079224
14714,25,-0.17801594734191895
14715,14,-1.1999588012695312
14716,17,-1.0162121057510376
14717,23,-0.4811655879020691
14718,22,-0.5910717248916626
14719,16,-1.0781973600387573
14720,18,-0.9777700901031494
14721,19,-0.8911457061767578
14722,24,-0.3709287643432617
14723,26,-0.06867837905883789
14724,23,-0.4705203175544739
14725,18,-0.9702399969100952
14726,15,-1.1246802806854248
14727,19,-0.8342595100402832
14728,22,-0.5510947704315186
14729,23,-0.5221998691558838
14730,24,-0.41861850023269653
14731,20,-0.8047213554382324
14732,19,-0.8651816844940186
14733,21,-0.6969498991966248
14734,26,0.012505888938903809
14735,28,0.34098970890045166
14736,29,0.8692917823791504
14737,30,0.968062162399292
14738,24,-0.3297501802444458
14739,15,-1.1741793155670166
14740,22,-0.6301445364952087
14741,18,-0.9384832978248596
14742,19,-0.8975489735603333
14743,21,-0.6580854654312134
14744,24,-0.3766142725944519
14745,30,1.222407341003418
14746,19,-0.8687149286270142
14747,17,-0.9821367263793945
14748,20,-0.7679566740989685
14749,21,-0.7257702350616455
14750,18,-0.9542711973190308
14751,26,-0.06583142280578613
14752,29,0.803565502166748
14753,26,-0.04697895050048828
14754,23,-0.5384265184402466
14755,19,-0.8358142971992493
14756,22,-0.5517043471336365
14757,21,-0.6681483387947083
14758,29,0.5476514101028442
14759,21,-0.6520532369613647
14760,30,0.9666059017181396
14761,25,-0.26280510425567627
14762,21,-0.7332812547683716
14763,20,-0.797304630279541
14764,25,-0.2597063183784485
14765,18,-0.9762990474700928
14766,14,-1.2008354663848877
14767,20,-0.7985591888427734
14768,20,-0.7693048119544983
14769,21,-0.7364372611045837
14770,24,-0.37731242179870605
14771,30,1.0666124820709229
14772,21,-0.6894018650054932
14773,22,-0.6142171025276184
14774,21,-0.7426551580429077
14775,22,-0.5483944416046143
14776,25,-0.22436577081680298
14777,22,-0.5547575354576111
14778,20,-0.8110285997390747
14779,12,-1.3170990943908691
14780,25,-0.2167423963546753
14781,17,-1.033437728881836
14782,18,-0.9328160285949707
14783,23,-0.4858994483947754
14784,29,0.7325954437255859
14785,24,-0.40458542108535767
14786,13,-1.294476866722107
14787,22,-0.6051642298698425
14788,22,-0.5994912981987
14789,25,-0.21133744716644287
14790,30,1.0469415187835693
14791,26,-0.13997769355773926
14792,20,-0.74759441614151
14793,22,-0.6028317809104919
14794,18,-0.9274513125419617
14795,22,-0.6356391310691833
14796,16,-1.0574438571929932
14797,30,0.9973266124725342
14798,19,-0.8701032400131226
14799,19,-0.8785191774368286
14800,30,0.9935801029205322
14801,22,-0.6175369620323181
14802,21,-0.6955257654190063
14803,26,-0.12042844295501709
14804,25,-0.2067410945892334
14805,26,-0.12229514122009277
14806,16,-1.0843584537506104
14807,12,-1.3051443099975586
14808,25,-0.20769810676574707
14809,21,-0.6732087135314941
14810,25,-0.1727083921432495
14811,21,-0.6986517906188965
14812,27,0.10020101070404053
14813,16,-1.115167498588562
14814,20,-0.8232241868972778
14815,25,-0.2894499897956848
14816,20,-0.7543799877166748
14817,18,-0.9118190407752991
14818,25,-0.22810661792755127
14819,20,-0.7773233652114868
14820,21,-0.7142657041549683
14821,30,0.9244809150695801
14822,20,-0.8004248142242432
14823,15,-1.139890432357788
14824,27,0.11490988731384277
14825,14,-1.1864813566207886
14826,22,-0.5880058407783508
14827,22,-0.6360200643539429
14828,26,-0.057360172271728516
14829,23,-0.4580187201499939
14830,15,-1.1622745990753174
14831,20,-0.7909092903137207
14832,26,-0.15992283821105957
14833,17,-1.0300588607788086
14834,23,-0.4409227967262268
14835,24,-0.4201973080635071
14836,17,-0.9874534010887146
14837,21,-0.6850215792655945
14838,24,-0.38773077726364136
14839,23,-0.46345728635787964
14840,19,-0.8964743614196777
14841,16,-1.0744491815567017
14842,16,-1.0633889436721802
14843,19,-0.8598496317863464
14844,19,-0.8940327167510986
14845,17,-1.0531567335128784
14846,24,-0.3371758460998535
14847,18,-0.9234045743942261
14848,15,-1.1295379400253296
14849,29,0.8196368217468262
14850,17,-1.053654670715332
14851,27,0.15952742099761963
14852,24,-0.42547178268432617
14853,13,-1.2480658292770386
14854,25,-0.2319498062133789
14855,18,-0.9381983280181885
14856,26,-0.12940478324890137
14857,19,-0.8507041335105896
14858,30,0.9486002922058105
14859,27,0.07574880123138428
14860,26,-0.05350804328918457
14861,15,-1.1671764850616455
14862,30,0.9371936321258545
14863,20,-0.7449679970741272
14864,17,-1.0233912467956543
14865,25,-0.2602619528770447
14866,30,1.0921099185943604
14867,14,-1.2230817079544067
14868,26,-0.12401163578033447
14869,20,-0.7967821359634399
14870,22,-0.5919855833053589
14871,29,0.7885994911193848
14872,22,-0.5608827471733093
14873,21,-0.6682294011116028
14874,19,-0.8671159148216248
14875,26,-0.06357109546661377
14876,27,0.14587712287902832
14877,23,-0.48414015769958496
14878,15,-1.1700562238693237
14879,20,-0.766434907913208
14880,24,-0.3649669885635376
14881,20,-0.7852728366851807
14882,15,-1.1176562309265137
14883,22,-0.6339417099952698
14884,21,-0.6670295000076294
14885,21,-0.6829279661178589
14886,23,-0.47518235445022583
14887,18,-0.9208654165267944
14888,22,-0.6202964782714844
14889,19,-0.8818575143814087
14890,22,-0.564225971698761
14891,22,-0.5547469258308411
14892,27,0.09247064590454102
14893,24,-0.42445242404937744
14894,25,-0.2892710566520691
14895,24,-0.36455321311950684
14896,19,-0.8660072088241577
14897,29,0.7519484758377075
14898,20,-0.7754521369934082
14899,26,-0.1474970579147339
14900,23,-0.5075358748435974
14901,23,-0.4336928129196167
14902,23,-0.4335520267486572
14903,22,-0.599844753742218
14904,20,-0.7886019945144653
14905,17,-1.0007275342941284
14906,26,-0.0022243261337280273
14907,25,-0.3066421151161194
14908,24,-0.3120417594909668
14909,19,-0.845366358757019
14910,17,-1.0190712213516235
14911,15,-1.1189213991165161
14912,26,-0.054466962814331055
14913,15,-1.1669013500213623
14914,17,-1.0389397144317627
14915,26,-0.032929420471191406
14916,25,-0.22830581665039062
14917,25,-0.30902743339538574
14918,16,-1.064326286315918
14919,19,-0.8412634134292603
14920,16,-1.079376220703125
14921,23,-0.541761040687561
14922,21,-0.6847355961799622
14923,20,-0.7635131478309631
14924,25,-0.2755241394042969
14925,18,-0.9686887264251709
14926,17,-1.0112417936325073
14927,24,-0.40211647748947144
14928,27,0.036423325538635254
14929,20,-0.800209641456604
14930,30,1.1270525455474854
14931,20,-0.8301112651824951
14932,24,-0.38663846254348755
14933,22,-0.5644264221191406
14934,20,-0.7884058952331543
14935,16,-1.0720412731170654
14936,19,-0.848982036113739
14937,22,-0.6217803359031677
14938,25,-0.3035339117050171
14939,27,0.146775484085083
14940,23,-0.509571373462677
14941,22,-0.5579192638397217
14942,20,-0.7931002378463745
14943,26,-0.11574053764343262
14944,20,-0.819656491279602
14945,29,0.7922587394714355
14946,26,-0.05322110652923584
14947,25,-0.27778834104537964
14948,19,-0.8849576711654663
14949,23,-0.43732786178588867
14950,18,-0.9283502101898193
14951,14,-1.2392253875732422
14952,16,-1.110059380531311
14953,18,-0.9290602207183838
14954,21,-0.6935054659843445
14955,21,-0.7210961580276489
14956,24,-0.37833714485168457
14957,25,-0.19320833683013916
14958,21,-0.7031304836273193
14959,15,-1.1237913370132446
14960,20,-0.7610559463500977
14961,24,-0.32132816314697266
14962,17,-1.0121746063232422
14963,25,-0.1966317892074585
14964,24,-0.39960789680480957
14965,23,-0.4709715247154236
14966,23,-0.541840672492981
14967,23,-0.4657568335533142
14968,25,-0.30193549394607544
14969,24,-0.36788588762283325
14970,18,-0.925396203994751
14971,25,-0.22154229879379272
14972,23,-0.4825785756111145
14973,20,-0.8305162787437439
14974,23,-0.5260166525840759
14975,21,-0.7218847870826721
14976,20,-0.8198673725128174
14977,20,-0.7568880319595337
14978,23,-0.4347636103630066
14979,30,1.0152931213378906
14980,18,-0.9431391954421997
14981,26,-0.1603184938430786
14982,23,-0.5281032919883728
14983,26,-0.04237258434295654
14984,25,-0.203857421875
14985,23,-0.43981969356536865
14986,30,1.0802702903747559
14987,20,-0.7672116756439209
14988,25,-0.19432365894317627
14989,30,1.0620274543762207
14990,25,-0.18204212188720703
14991,21,-0.722905158996582
14992,21,-0.6828648447990417
14993,20,-0.7973593473434448
14994,18,-0.9465566873550415
14995,17,-1.03300940990448
14996,26,-0.09864866733551025
14997,24,-0.3102303147315979
14998,15,-1.1255055665969849
14999,24,-0.39365440607070923
15000,23,-0.4718307852745056
15001,13,-1.2979587316513062
15002,17,-1.0225337743759155
15003,23,-0.4680318832397461
15004,20,-0.782216489315033
15005,17,-0.9908658266067505
15006,21,-0.6750563979148865
15007,24,-0.3501947522163391
15008,19,-0.8872942924499512
15009,18,-0.9791529178619385
15010,21,-0.6971760392189026
15011,20,-0.8135535717010498
15012,18,-0.9448628425598145
15013,23,-0.5290102958679199
15014,22,-0.5988163948059082
15015,27,0.038857102394104004
15016,23,-0.4740014672279358
15017,23,-0.4851759076118469
15018,20,-0.8033299446105957
15019,22,-0.6203424334526062
15020,30,0.9314148426055908
15021,21,-0.7126510739326477
15022,27,0.07353544235229492
15023,23,-0.5072892904281616
15024,18,-0.9548561573028564
15025,21,-0.7059471607208252
15026,23,-0.4730299115180969
15027,20,-0.7918928861618042
15028,24,-0.3644128441810608
15029,30,1.0506200790405273
15030,30,1.1237092018127441
15031,26,-0.103035569190979
15032,21,-0.6757967472076416
15033,19,-0.8921350240707397
15034,30,1.1680350303649902
15035,13,-1.2989739179611206
15036,23,-0.4351269006729126
15037,21,-0.6907725930213928
15038,19,-0.9094641208648682
15039,24,-0.3420712947845459
15040,20,-0.7986061573028564
15041,16,-1.073294997215271
15042,26,-0.038121581077575684
15043,22,-0.56334388256073
15044,21,-0.7010034918785095
15045,15,-1.118925929069519
15046,21,-0.6452078819274902
15047,21,-0.7049930095672607
15048,16,-1.0579508543014526
15049,30,1.140610694885254
15050,21,-0.7376808524131775
15051,21,-0.6827804446220398
15052,26,-0.045578598976135254
15053,26,-0.12767565250396729
15054,25,-0.30503058433532715
15055,22,-0.5923984050750732
15056,29,0.8083665370941162
15057,19,-0.8703770637512207
15058,17,-1.0041656494140625
15059,21,-0.723333477973938
15060,20,-0.7581052780151367
15061,17,-0.9819290637969971
15062,14,-1.232189655303955
15063,20,-0.7912802696228027
15064,20,-0.8253896236419678
15065,19,-0.8942196369171143
15066,20,-0.7908246517181396
15067,19,-0.8791490793228149
15068,24,-0.39860999584198
15069,22,-0.5597120523452759
15070,22,-0.6126008033752441
15071,22,-0.611965000629425
15072,24,-0.34941548109054565
15073,24,-0.31936925649642944
15074,23,-0.4499502182006836
15075,24,-0.32805538177490234
15076,27,0.04865264892578125
15077,19,-0.8946251273155212
15078,23,-0.4760293960571289
15079,29,0.8324005603790283
15080,30,1.101243019104004
15081,20,-0.7669451832771301
15082,23,-0.4767106771469116
15083,27,0.051867008209228516
15084,23,-0.5068433880805969
15085,16,-1.1025303602218628
15086,30,0.998436450958252
15087,21,-0.6882920861244202
15088,29,0.778648853302002
15089,17,-1.0270568132400513
15090,27,0.05878579616546631
15091,24,-0.3616531491279602
15092,30,1.0500054359436035
15093,24,-0.3241899013519287
15094,23,-0.511113703250885
15095,21,-0.7318429350852966
15096,25,-0.24641478061676025
15097,26,-0.13408827781677246
15098,24,-0.35287564992904663
15099,26,0.0040280818939208984
15100,22,-0.5677695274353027
15101,19,-0.8442350625991821
15102,24,-0.39482611417770386
15103,22,-0.604425847530365
15104,19,-0.8903710842132568
15105,20,-0.7950998544692993
15106,30,1.089207649230957
15107,17,-1.0359117984771729
15108,19,-0.9039386510848999
15109,22,-0.5799434185028076
15110,25,-0.25055623054504395
15111,19,-0.9028823375701904
15112,20,-0.7834348678588867
15113,22,-0.6357716917991638
15114,14,-1.1952615976333618
15115,21,-0.7003317475318909
15116,25,-0.21247798204421997
15117,20,-0.7805234789848328
15118,21,-0.6797130107879639
15119,21,-0.7221485376358032
15120,22,-0.596625566482544
15121,17,-1.0422983169555664
15122,29,0.6858115196228027
15123,25,-0.19705641269683838
15124,23,-0.5182777047157288
15125,19,-0.9027480483055115
15126,21,-0.6888338923454285
15127,30,1.0686674118041992
15128,19,-0.8509254455566406
15129,23,-0.47141045331954956
15130,23,-0.4929496645927429
15131,17,-1.0441124439239502
15132,23,-0.5078213214874268
15133,22,-0.6111792325973511
15134,28,0.41987884044647217
15135,24,-0.3463716506958008
15136,22,-0.5887830257415771
15137,18,-0.945669412612915
15138,22,-0.6052694916725159
15139,20,-0.80354905128479
15140,18,-0.9629346132278442
15141,26,-0.138421893119812
15142,22,-0.5546776056289673
15143,21,-0.6766762733459473
15144,30,1.14200758934021
15145,26,-0.09877872467041016
15146,25,-0.3053865432739258
15147,26,-0.06564831733703613
15148,30,1.047025442123413
15149,15,-1.176868200302124
15150,22,-0.6204866766929626
15151,26,-0.06721651554107666
15152,25,-0.19160711765289307
15153,21,-0.6567398905754089
15154,23,-0.4379134178161621
15155,21,-0.6477854251861572
15156,22,-0.6203685998916626
15157,26,-0.13913440704345703
15158,22,-0.6439623832702637
15159,26,-0.037561893463134766
15160,26,-0.035810232162475586
15161,18,-0.9106569290161133
15162,25,-0.1779080629348755
15163,26,-0.10388243198394775
15164,21,-0.7304559350013733
15165,24,-0.3683924078941345
15166,23,-0.5214245915412903
15167,20,-0.8014309406280518
15168,26,-0.10156965255737305
15169,29,0.8166506290435791
15170,20,-0.7692873477935791
15171,20,-0.8213859796524048
15172,23,-0.5282889008522034
15173,21,-0.7170424461364746
15174,22,-0.5842573046684265
15175,20,-0.7553373575210571
15176,26,-0.061484336853027344
15177,18,-0.9727528095245361
15178,24,-0.3896738290786743
15179,19,-0.8593300580978394
15180,20,-0.7734068632125854
15181,25,-0.20022237300872803
15182,18,-0.9722753763198853
15183,25,-0.18927764892578125
15184,19,-0.9021873474121094
15185,27,0.026041865348815918
15186,20,-0.8306900262832642
15187,23,-0.4571400284767151
15188,23,-0.5393155217170715
15189,19,-0.8491343259811401
15190,19,-0.8704707622528076
15191,14,-1.1910624504089355
15192,25,-0.18161582946777344
15193,23,-0.47460806369781494
15194,20,-0.8224144577980042
15195,24,-0.3780897259712219
15196,18,-0.971926212310791
15197,21,-0.6888028979301453
15198,27,0.08465290069580078
15199,25,-0.21286344528198242
15200,20,-0.7952796220779419
15201,27,0.1434476375579834
15202,20,-0.7887246608734131
15203,21,-0.6619126200675964
15204,24,-0.41052669286727905
15205,22,-0.557212769985199
15206,27,0.17501592636108398
15207,26,-0.05075109004974365
15208,18,-0.9700227379798889
15209,22,-0.5950362682342529
15210,19,-0.849055290222168
15211,21,-0.660635769367218
15212,22,-0.6291636824607849
15213,18,-0.9166542291641235
15214,21,-0.6726194024085999
15215,22,-0.6155006885528564
15216,20,-0.8266643285751343
15217,25,-0.18063414096832275
15218,27,0.1752927303314209
15219,20,-0.7955158948898315
15220,19,-0.8473254442214966
15221,23,-0.5059773325920105
15222,25,-0.24134576320648193
15223,18,-0.9632154703140259
15224,19,-0.8666659593582153
15225,14,-1.1821315288543701
15226,19,-0.856171190738678
15227,19,-0.8940479755401611
15228,20,-0.7683805227279663
15229,23,-0.46936166286468506
15230,29,0.694008469581604
15231,26,-0.0014646053314208984
15232,24,-0.4248769283294678
15233,19,-0.878540575504303
15234,21,-0.6556625366210938
15235,24,-0.31640535593032837
15236,26,-0.029515862464904785
15237,30,0.9613814353942871
15238,19,-0.8576428890228271
15239,21,-0.6869360208511353
15240,30,1.1013784408569336
15241,26,-0.09982621669769287
15242,23,-0.4740249514579773
15243,27,0.041410207748413086
15244,20,-0.8150491714477539
15245,20,-0.7774233818054199
15246,19,-0.901240348815918
15247,18,-0.9215621948242188
15248,24,-0.36925119161605835
15249,15,-1.1509385108947754
15250,20,-0.810524582862854
15251,26,-0.04960739612579346
15252,27,0.09041595458984375
15253,29,0.5582160949707031
15254,18,-0.9707516431808472
15255,24,-0.35352402925491333
15256,23,-0.4492539167404175
15257,25,-0.24137616157531738
15258,25,-0.1657956838607788
15259,30,0.9700684547424316
15260,24,-0.35646629333496094
15261,26,-0.06606614589691162
15262,20,-0.7496280074119568
15263,29,0.8561117649078369
15264,27,0.08241713047027588
15265,23,-0.4790111780166626
15266,25,-0.26903510093688965
15267,23,-0.5060128569602966
15268,30,1.0459656715393066
15269,23,-0.5317814946174622
15270,17,-1.0103241205215454
15271,29,0.642959475517273
15272,16,-1.0793074369430542
15273,20,-0.754467248916626
15274,29,0.8005716800689697
15275,20,-0.8209013342857361
15276,19,-0.8331100344657898
15277,26,-0.13188517093658447
15278,23,-0.45986056327819824
15279,20,-0.7751100063323975
15280,23,-0.43818581104278564
15281,24,-0.3944419026374817
15282,26,-0.08986461162567139
15283,16,-1.056074857711792
15284,26,-0.1406193971633911
15285,22,-0.5923293828964233
15286,21,-0.6677743792533875
15287,24,-0.40927112102508545
15288,26,-0.010691165924072266
15289,27,0.1224510669708252
15290,25,-0.22660547494888306
15291,16,-1.0544753074645996
15292,20,-0.793806791305542
15293,22,-0.5777285099029541
15294,21,-0.7362415790557861
15295,17,-1.0301316976547241
15296,21,-0.6808428764343262
15297,28,0.3130066394805908
15298,30,1.1149098873138428
15299,16,-1.0834611654281616
15300,21,-0.7384635210037231
15301,20,-0.7444215416908264
15302,20,-0.7810734510421753
15303,21,-0.7121140956878662
15304,30,1.154891014099121
15305,22,-0.6127206087112427
15306,19,-0.858995795249939
15307,27,0.17117810249328613
15308,19,-0.8543347120285034
15309,21,-0.7344905138015747
15310,25,-0.2178369164466858
15311,19,-0.8901339769363403
15312,29,0.7849483489990234
15313,18,-0.9304338693618774
15314,18,-0.9604064226150513
15315,30,1.067802906036377
15316,22,-0.6121683716773987
15317,16,-1.0582753419876099
15318,23,-0.4548896551132202
15319,18,-0.9115806818008423
15320,22,-0.5476760268211365
15321,19,-0.857904314994812
15322,21,-0.6778505444526672
15323,19,-0.9089738130569458
15324,25,-0.290408194065094
15325,23,-0.5327333211898804
15326,19,-0.8814229369163513
15327,22,-0.6238721013069153
15328,19,-0.8924431800842285
15329,20,-0.8049570918083191
15330,27,0.07806169986724854
15331,17,-1.0273663997650146
15332,24,-0.4166909456253052
15333,21,-0.7363678216934204
15334,19,-0.831790566444397
15335,20,-0.7970229387283325
15336,26,-0.09190404415130615
15337,22,-0.5457869172096252
15338,20,-0.788806140422821
15339,20,-0.8008053302764893
15340,18,-0.9132412672042847
15341,20,-0.8146727681159973
15342,23,-0.4795205593109131
15343,24,-0.370356023311615
15344,16,-1.0823493003845215
15345,23,-0.4981691837310791
15346,19,-0.864291787147522
15347,18,-0.9547090530395508
15348,29,0.8364701271057129
15349,24,-0.4008975028991699
15350,20,-0.8150467872619629
15351,21,-0.65273517370224
15352,21,-0.6932986378669739
15353,28,0.3373798131942749
15354,26,-0.12163424491882324
15355,26,-0.15284132957458496
15356,15,-1.1750354766845703
15357,26,-0.15918898582458496
15358,29,0.6921027898788452
15359,29,0.6940773725509644
15360,27,0.08197653293609619
15361,26,-0.061995863914489746
15362,22,-0.5586365461349487
15363,23,-0.484218955039978
15364,25,-0.2385411262512207
15365,27,0.2367851734161377
15366,20,-0.8134293556213379
15367,21,-0.6939916610717773
15368,17,-1.0359055995941162
15369,19,-0.8333669304847717
15370,18,-0.9379348754882812
15371,15,-1.1293972730636597
15372,21,-0.6612150073051453
15373,17,-1.0431410074234009
15374,21,-0.7035250663757324
15375,24,-0.3884323239326477
15376,26,-0.1585468053817749
15377,10,-1.4360071420669556
15378,24,-0.3945521116256714
15379,25,-0.296342134475708
15380,20,-0.7715483903884888
15381,22,-0.5549967288970947
15382,19,-0.8994016647338867
15383,30,0.9528052806854248
15384,25,-0.17691385746002197
15385,30,1.2189176082611084
15386,24,-0.380626916885376
15387,25,-0.19305241107940674
15388,16,-1.1013879776000977
15389,20,-0.7769306302070618
15390,18,-0.9661872386932373
15391,13,-1.266676664352417
15392,24,-0.35836589336395264
15393,28,0.31847822666168213
15394,22,-0.6314160823822021
15395,20,-0.7732947468757629
15396,26,-0.0351942777633667
15397,22,-0.5829172134399414
15398,24,-0.4235139489173889
15399,21,-0.6904506683349609
15400,23,-0.48421144485473633
15401,23,-0.5371092557907104
15402,19,-0.8667138814926147
15403,30,1.169104814529419
15404,20,-0.7642277479171753
15405,26,-0.0960993766784668
15406,30,1.0930593013763428
15407,23,-0.46920913457870483
15408,27,0.09466171264648438
15409,23,-0.45760202407836914
15410,18,-0.9674047231674194
15411,22,-0.6385782957077026
15412,26,-0.046439409255981445
15413,21,-0.7302064299583435
15414,26,0.009013652801513672
15415,20,-0.7800390124320984
15416,26,-0.03376734256744385
15417,27,0.22332334518432617
15418,14,-1.1855032444000244
15419,27,0.1879134178161621
15420,24,-0.4221448302268982
15421,29,0.876713752746582
15422,30,1.0952835083007812
15423,30,1.0679206848144531
15424,18,-0.9715667963027954
15425,18,-0.9665325880050659
15426,29,0.8657064437866211
15427,27,0.026249170303344727
15428,25,-0.21249538660049438
15429,20,-0.783888041973114
15430,29,0.8534219264984131
15431,18,-0.9234133958816528
15432,24,-0.36424511671066284
15433,17,-1.0284368991851807
15434,23,-0.46485060453414917
15435,21,-0.7220470905303955
15436,19,-0.8937081694602966
15437,25,-0.21756207942962646
15438,26,-0.09777379035949707
15439,23,-0.47104209661483765
15440,26,-0.04114866256713867
15441,23,-0.5074398517608643
15442,22,-0.5527582764625549
15443,29,0.6376986503601074
15444,16,-1.0718438625335693
15445,26,0.01277768611907959
15446,30,1.0031135082244873
15447,19,-0.8433398604393005
15448,26,-0.04893636703491211
15449,30,1.141010046005249
15450,24,-0.3448144793510437
15451,22,-0.5980769991874695
15452,20,-0.7771017551422119
15453,23,-0.48346877098083496
15454,22,-0.5845006704330444
15455,21,-0.7113139629364014
15456,20,-0.7991552352905273
15457,15,-1.1716309785842896
15458,24,-0.38600248098373413
15459,25,-0.21408730745315552
15460,27,0.02526986598968506
15461,22,-0.6154913306236267
15462,23,-0.45264309644699097
15463,16,-1.1107360124588013
15464,24,-0.4141436815261841
15465,25,-0.24634987115859985
15466,23,-0.5302608609199524
15467,21,-0.7319215536117554
15468,26,-0.04210805892944336
15469,26,-0.0858076810836792
15470,22,-0.5631422400474548
15471,29,0.5293676853179932
15472,22,-0.567783772945404
15473,26,-0.08909320831298828
15474,22,-0.5688666701316833
15475,22,-0.5602349042892456
15476,22,-0.6398289203643799
15477,17,-1.0514665842056274
15478,30,0.9904787540435791
15479,24,-0.3428369164466858
15480,30,1.1799368858337402
15481,19,-0.8584450483322144
15482,27,0.05159783363342285
15483,30,1.2126905918121338
15484,30,0.9436953067779541
15485,21,-0.7341113090515137
15486,25,-0.2347610592842102
15487,14,-1.1924643516540527
15488,17,-0.9868937134742737
15489,14,-1.203660249710083
15490,26,-0.10495495796203613
15491,24,-0.33458107709884644
15492,15,-1.1612231731414795
15493,24,-0.37437909841537476
15494,26,-0.11164498329162598
15495,23,-0.513029932975769
15496,19,-0.8364339470863342
15497,26,0.010469794273376465
15498,20,-0.781737744808197
15499,27,0.03132152557373047
15500,29,0.8048555850982666
15501,29,0.5717482566833496
15502,20,-0.8293958902359009
15503,21,-0.6660542488098145
15504,21,-0.7400238513946533
15505,27,0.13668620586395264
15506,18,-0.9182000756263733
15507,23,-0.45673465728759766
15508,14,-1.187060832977295
15509,26,-0.038805365562438965
15510,26,-0.06934845447540283
15511,25,-0.2720387578010559
15512,21,-0.7289246320724487
15513,30,1.1220579147338867
15514,19,-0.864051103591919
15515,27,0.05089104175567627
15516,23,-0.5149350762367249
15517,30,1.0007312297821045
15518,20,-0.8202705383300781
15519,19,-0.8897281289100647
15520,20,-0.8218626976013184
15521,24,-0.3992449641227722
15522,30,1.012434720993042
15523,25,-0.22351068258285522
15524,21,-0.6794400215148926
15525,18,-0.9466809034347534
15526,24,-0.367198646068573
15527,25,-0.2045961618423462
15528,13,-1.249566674232483
15529,25,-0.17401814460754395
15530,27,0.061306118965148926
15531,24,-0.42075902223587036
15532,29,0.7442889213562012
15533,20,-0.7991228103637695
15534,18,-0.9103792905807495
15535,30,1.2009971141815186
15536,19,-0.8495010137557983
15537,29,0.6284925937652588
15538,23,-0.533969521522522
15539,24,-0.3932466506958008
15540,23,-0.4782593250274658
15541,20,-0.767585039138794
15542,30,1.1126742362976074
15543,19,-0.8980270028114319
15544,18,-0.9240055680274963
15545,20,-0.7618679404258728
15546,21,-0.7088826894760132
15547,20,-0.7470222115516663
15548,21,-0.7138904333114624
15549,28,0.3091520071029663
15550,14,-1.1804618835449219
15551,20,-0.792844295501709
15552,19,-0.8770164251327515
15553,24,-0.36033332347869873
15554,22,-0.5782043933868408
15555,24,-0.38486671447753906
15556,20,-0.8131961822509766
15557,30,0.9255352020263672
15558,25,-0.3051688075065613
15559,21,-0.6928613185882568
15560,21,-0.700613260269165
15561,19,-0.8510907292366028
15562,18,-0.9316995143890381
15563,19,-0.8877419233322144
15564,17,-1.00863778591156
15565,26,-0.11715435981750488
15566,24,-0.34848564863204956
15567,16,-1.087785005569458
15568,27,0.08860206604003906
15569,23,-0.4399590492248535
15570,22,-0.5924931168556213
15571,20,-0.8155533671379089
15572,26,-0.09436774253845215
15573,20,-0.774100124835968
15574,26,-0.0379413366317749
15575,20,-0.7705425024032593
15576,26,-0.08836841583251953
15577,23,-0.511683464050293
15578,25,-0.19547903537750244
15579,25,-0.25964927673339844
15580,24,-0.36248159408569336
15581,20,-0.7629164457321167
15582,24,-0.3869473934173584
15583,19,-0.8670740723609924
15584,18,-0.9670158624649048
15585,24,-0.36701685190200806
15586,20,-0.8277839422225952
15587,17,-1.019758701324463
15588,20,-0.8128898739814758
15589,18,-0.9710936546325684
15590,25,-0.21871429681777954
15591,20,-0.8296180963516235
15592,20,-0.7953760623931885
15593,27,0.03223538398742676
15594,30,1.050173282623291
15595,23,-0.5020766854286194
15596,21,-0.6838070154190063
15597,20,-0.8091773986816406
15598,21,-0.7339931726455688
15599,20,-0.777738094329834
15600,24,-0.34346455335617065
15601,21,-0.7259951829910278
15602,20,-0.8084057569503784
15603,25,-0.2500019073486328
15604,21,-0.6908404231071472
15605,20,-0.8263306617736816
15606,9,-1.472339153289795
15607,20,-0.828575611114502
15608,22,-0.5886200666427612
15609,22,-0.5606473684310913
15610,22,-0.6235038042068481
15611,24,-0.32220959663391113
15612,27,0.021275043487548828
15613,14,-1.2157200574874878
15614,29,0.6806488037109375
15615,17,-1.0192214250564575
15616,15,-1.1360734701156616
15617,19,-0.8749883770942688
15618,26,-0.1404045820236206
15619,24,-0.36067694425582886
15620,19,-0.8639218807220459
15621,21,-0.6876387596130371
15622,23,-0.4707592725753784
15623,21,-0.711445152759552
15624,25,-0.24433666467666626
15625,25,-0.29838764667510986
15626,25,-0.23210042715072632
15627,30,1.1683340072631836
15628,23,-0.49391478300094604
15629,25,-0.2157496213912964
15630,21,-0.7003253102302551
15631,24,-0.3581320643424988
15632,18,-0.9693199396133423
15633,19,-0.8917492628097534
15634,20,-0.7740560173988342
15635,16,-1.0791411399841309
15636,24,-0.3452576994895935
15637,26,-0.036989688873291016
15638,22,-0.5873523950576782
15639,17,-1.0223411321640015
15640,24,-0.39668697118759155
15641,23,-0.4962173104286194
15642,29,0.6974719762802124
15643,18,-0.9184064865112305
15644,23,-0.4747859239578247
15645,19,-0.8818930387496948
15646,30,1.1495091915130615
15647,25,-0.2911489009857178
15648,26,-0.12006485462188721
15649,25,-0.22857749462127686
15650,25,-0.16608738899230957
15651,26,-0.15638422966003418
15652,20,-0.781599760055542
15653,26,-0.020731210708618164
15654,26,-0.12766790390014648
15655,19,-0.8703984618186951
15656,29,0.7934496402740479
15657,25,-0.23345041275024414
15658,26,-0.14985859394073486
15659,21,-0.6673178672790527
15660,20,-0.7732479572296143
15661,21,-0.6759118437767029
15662,22,-0.6124196648597717
15663,19,-0.8712974190711975
15664,27,0.05353546142578125
15665,27,0.09497487545013428
15666,26,-0.011979818344116211
15667,18,-0.9656131863594055
15668,21,-0.7183592319488525
15669,20,-0.7579569816589355
15670,22,-0.6427318453788757
15671,27,0.20602917671203613
15672,25,-0.20711755752563477
15673,25,-0.18309736251831055
15674,27,0.17826581001281738
15675,30,1.0226290225982666
15676,29,0.8137764930725098
15677,23,-0.48976826667785645
15678,22,-0.6326257586479187
15679,24,-0.34987157583236694
15680,24,-0.33807265758514404
15681,30,1.0583648681640625
15682,26,-0.05112791061401367
15683,25,-0.2582712769508362
15684,26,-0.1353762149810791
15685,18,-0.9110704660415649
15686,25,-0.2749457359313965
15687,20,-0.8261874318122864
15688,21,-0.7374491095542908
15689,23,-0.4335881471633911
15690,16,-1.0769436359405518
15691,20,-0.8228898644447327
15692,24,-0.3801160454750061
15693,26,-0.14343786239624023
15694,29,0.8789589405059814
15695,27,0.03286385536193848
15696,22,-0.637904942035675
15697,23,-0.5413084030151367
15698,26,-0.15504324436187744
15699,25,-0.169458270072937
15700,26,-0.0070302486419677734
15701,26,-0.03224968910217285
15702,26,-0.03490555286407471
15703,23,-0.5075900554656982
15704,22,-0.5825147032737732
15705,30,1.1080708503723145
15706,22,-0.6423850059509277
15707,26,-0.09218847751617432
15708,19,-0.9032597541809082
15709,20,-0.786747395992279
15710,24,-0.3925192356109619
15711,14,-1.218924880027771
15712,19,-0.901644229888916
15713,19,-0.9000442028045654
15714,25,-0.20957279205322266
15715,27,0.08526980876922607
15716,30,1.0671601295471191
15717,30,0.9841604232788086
15718,26,-0.11779022216796875
15719,20,-0.8225324153900146
15720,18,-0.9547233581542969
15721,20,-0.7642183303833008
15722,20,-0.7565326690673828
15723,24,-0.41351068019866943
15724,20,-0.8307766318321228
15725,19,-0.8678945302963257
15726,24,-0.31033825874328613
15727,27,0.030709028244018555
15728,27,0.1724776029586792
15729,21,-0.688093364238739
15730,25,-0.20705485343933105
15731,23,-0.4910621643066406
15732,26,-0.07320535182952881
15733,21,-0.7331421375274658
15734,27,0.12311148643493652
15735,20,-0.8069534301757812
15736,26,-0.10204088687896729
15737,15,-1.1610862016677856
15738,27,0.030889391899108887
15739,20,-0.8026763200759888
15740,24,-0.3832899332046509
15741,27,0.028911828994750977
15742,17,-1.0007470846176147
15743,21,-0.7052199840545654
15744,29,0.877387285232544
15745,26,-0.026511073112487793
15746,27,0.07506012916564941
15747,22,-0.5616518259048462
15748,19,-0.9011046290397644
15749,25,-0.30166715383529663
15750,20,-0.7873673439025879
15751,24,-0.3908050060272217
15752,23,-0.4581894874572754
15753,20,-0.8020192384719849
15754,26,-0.06844305992126465
15755,21,-0.7415875196456909
15756,18,-0.9122196435928345
15757,25,-0.17923569679260254
15758,19,-0.8433219194412231
15759,27,0.10325181484222412
15760,27,0.058008432388305664
15761,26,-0.10258054733276367
15762,21,-0.68250972032547
15763,21,-0.731442391872406
15764,23,-0.5333843231201172
15765,27,0.17254281044006348
15766,23,-0.5203000903129578
15767,17,-1.012149691581726
15768,20,-0.796793520450592
15769,25,-0.2181273102760315
15770,23,-0.4527437090873718
15771,25,-0.23359811305999756
15772,27,0.07872867584228516
15773,24,-0.4081228971481323
15774,26,-0.07832193374633789
15775,27,0.13241863250732422
15776,23,-0.4700127840042114
15777,26,-0.14591431617736816
15778,30,0.9038701057434082
15779,21,-0.6504043936729431
15780,26,-0.14443159103393555
15781,23,-0.4668198227882385
15782,30,1.1083495616912842
15783,26,-0.12836921215057373
15784,19,-0.8502989411354065
15785,25,-0.29397839307785034
15786,23,-0.5237346887588501
15787,25,-0.19454824924468994
15788,16,-1.085963487625122
15789,24,-0.32156163454055786
15790,24,-0.34655672311782837
15791,19,-0.8509300947189331
15792,24,-0.3648107647895813
15793,15,-1.1751317977905273
15794,26,-0.029464006423950195
15795,19,-0.882331907749176
15796,20,-0.8074904084205627
15797,14,-1.1842398643493652
15798,25,-0.2979743480682373
15799,22,-0.5646674633026123
15800,20,-0.7484411001205444
15801,24,-0.3206748366355896
15802,22,-0.6220844984054565
15803,19,-0.8413746356964111
15804,21,-0.6541612148284912
15805,25,-0.24193215370178223
15806,26,-0.11974728107452393
15807,19,-0.8993103504180908
15808,21,-0.6778801083564758
15809,26,-0.08343684673309326
15810,19,-0.8638957738876343
15811,20,-0.7457275390625
15812,27,0.12122857570648193
15813,27,0.2290869951248169
15814,27,0.177992582321167
15815,30,1.0415072441101074
15816,25,-0.29535508155822754
15817,23,-0.5333793759346008
15818,26,-0.046350717544555664
15819,26,-0.05348789691925049
15820,20,-0.7819188237190247
15821,29,0.8624005317687988
15822,27,0.07036924362182617
15823,26,0.0022820234298706055
15824,30,0.9892573356628418
15825,22,-0.6020218133926392
15826,19,-0.8490637540817261
15827,30,1.1336300373077393
15828,18,-0.9469252824783325
15829,21,-0.7272495031356812
15830,22,-0.5571198463439941
15831,27,0.050670504570007324
15832,26,-0.14025652408599854
15833,20,-0.7617319822311401
15834,23,-0.4535300135612488
15835,23,-0.4394686818122864
15836,18,-0.9558708667755127
15837,24,-0.3331526517868042
15838,26,-0.01571798324584961
15839,23,-0.48846471309661865
15840,18,-0.9525384306907654
15841,29,0.7857253551483154
15842,23,-0.4503447413444519
15843,27,0.13238120079040527
15844,15,-1.1682169437408447
15845,23,-0.47750651836395264
15846,24,-0.3258933424949646
15847,26,-0.056586384773254395
15848,18,-0.932509183883667
15849,29,0.7786145210266113
15850,24,-0.33773428201675415
15851,15,-1.1352218389511108
15852,27,0.10843527317047119
15853,23,-0.5192016363143921
15854,28,0.3755234479904175
15855,21,-0.6442223191261292
15856,15,-1.1677120923995972
15857,21,-0.7245352268218994
15858,23,-0.49500924348831177
15859,19,-0.8310736417770386
15860,20,-0.761516273021698
15861,27,0.04963946342468262
15862,27,0.19017517566680908
15863,22,-0.6104483604431152
15864,27,0.15559375286102295
15865,24,-0.41708290576934814
15866,16,-1.1007589101791382
15867,26,-0.10414338111877441
15868,21,-0.7384719848632812
15869,20,-0.7943344116210938
15870,27,0.13135218620300293
15871,27,0.07745838165283203
15872,15,-1.1651208400726318
15873,18,-0.9535786509513855
15874,15,-1.1415408849716187
15875,21,-0.7148990035057068
15876,24,-0.34157025814056396
15877,25,-0.2827463746070862
15878,17,-1.051505208015442
15879,27,0.09404146671295166
15880,23,-0.489533007144928
15881,26,-0.06393730640411377
15882,26,-0.014696240425109863
15883,27,0.03124845027923584
15884,22,-0.5591381192207336
15885,26,-0.01277172565460205
15886,18,-0.9172316789627075
15887,24,-0.4083775281906128
15888,19,-0.8415663242340088
15889,20,-0.825340986251831
15890,20,-0.7887996435165405
15891,29,0.8230609893798828
15892,26,-0.04005753993988037
15893,21,-0.7101168632507324
15894,26,-0.06294023990631104
15895,18,-0.9364014267921448
15896,15,-1.1243876218795776
15897,19,-0.8781683444976807
15898,21,-0.7349884510040283
15899,22,-0.623744785785675
15900,21,-0.7083103060722351
15901,27,0.03633308410644531
15902,14,-1.1802951097488403
15903,30,1.0490696430206299
15904,21,-0.7219464182853699
15905,18,-0.9116911888122559
15906,25,-0.2670673131942749
15907,18,-0.9197975397109985
15908,20,-0.7947542667388916
15909,16,-1.0625568628311157
15910,26,-0.1495910882949829
15911,20,-0.8107615113258362
15912,20,-0.80621737241745
15913,30,1.0648882389068604
15914,30,1.0041217803955078
15915,28,0.35678327083587646
15916,25,-0.1955399513244629
15917,26,0.007647037506103516
15918,16,-1.0839163064956665
15919,29,0.8976027965545654
15920,30,0.9691901206970215
15921,24,-0.3540605902671814
15922,16,-1.1150391101837158
15923,30,1.1988675594329834
15924,23,-0.4850321412086487
15925,18,-0.9190104007720947
15926,30,0.9080986976623535
15927,29,0.7407544851303101
15928,21,-0.7002096772193909
15929,26,-0.028611302375793457
15930,21,-0.6664015650749207
15931,20,-0.8150001168251038
15932,16,-1.0806355476379395
15933,21,-0.7100317478179932
15934,19,-0.8461407423019409
15935,20,-0.8183110952377319
15936,24,-0.3464311361312866
15937,20,-0.7995020747184753
15938,24,-0.40061289072036743
15939,19,-0.8708920478820801
15940,24,-0.40458160638809204
15941,26,-0.13797736167907715
15942,25,-0.2972846031188965
15943,17,-1.003957986831665
15944,30,1.1315007209777832
15945,25,-0.2515624761581421
15946,27,0.09724926948547363
15947,19,-0.8581864833831787
15948,16,-1.0818004608154297
15949,21,-0.6606106162071228
15950,23,-0.4913395643234253
15951,21,-0.6618238687515259
15952,27,0.1300809383392334
15953,24,-0.41573965549468994
15954,30,0.9566195011138916
15955,26,-0.08782529830932617
15956,24,-0.3880825638771057
15957,24,-0.3687073588371277
15958,20,-0.7791935205459595
15959,19,-0.8401621580123901
15960,20,-0.7807611227035522
15961,21,-0.7063717246055603
15962,20,-0.8215551376342773
15963,26,-0.12776005268096924
15964,23,-0.46776747703552246
15965,23,-0.5419504642486572
15966,22,-0.63525390625
15967,21,-0.6762230396270752
15968,19,-0.8902291655540466
15969,26,-0.12856745719909668
15970,17,-1.0161256790161133
15971,27,0.03834402561187744
15972,24,-0.30990028381347656
15973,20,-0.7848613858222961
15974,21,-0.7185778617858887
15975,22,-0.6040335893630981
15976,29,0.5307241678237915
15977,25,-0.2278522253036499
15978,25,-0.2166457176208496
15979,18,-0.981042742729187
15980,19,-0.8617805242538452
15981,26,-0.11964631080627441
15982,22,-0.5560851693153381
15983,30,1.1386241912841797
15984,17,-1.0096484422683716
15985,20,-0.8295142650604248
15986,27,0.10112142562866211
15987,30,1.244823932647705
15988,16,-1.1129744052886963
15989,21,-0.6713237166404724
15990,27,0.01911747455596924
15991,28,0.4012995958328247
15992,24,-0.4300174117088318
15993,25,-0.2589814066886902
15994,26,-0.12040197849273682
15995,18,-0.9151064157485962
15996,25,-0.2726539373397827
15997,18,-0.9747411012649536
15998,29,0.8639652729034424
15999,22,-0.6406570076942444
16000,22,-0.5962792038917542
16001,21,-0.6833537817001343
16002,27,0.04971814155578613
16003,22,-0.5931556224822998
16004,24,-0.3291810154914856
16005,20,-0.760337233543396
16006,23,-0.533134400844574
16007,28,0.4885467290878296
16008,25,-0.18102407455444336
16009,26,-0.030005335807800293
16010,22,-0.5566112995147705
16011,19,-0.8613921403884888
16012,26,-0.1180959939956665
16013,30,1.105764389038086
16014,24,-0.39199817180633545
16015,20,-0.7712082862854004
16016,20,-0.8084854483604431
16017,17,-1.0497562885284424
16018,22,-0.5859621167182922
16019,26,-0.1494661569595337
16020,27,0.06116890907287598
16021,23,-0.44403767585754395
16022,23,-0.5225322842597961
16023,26,-0.011377334594726562
16024,27,0.09032833576202393
16025,23,-0.4438823461532593
16026,22,-0.5829938054084778
16027,22,-0.6013543009757996
16028,30,1.0613067150115967
16029,29,0.6292440891265869
16030,30,1.1040582656860352
16031,21,-0.6855273842811584
16032,17,-1.0324127674102783
16033,20,-0.8016091585159302
16034,19,-0.8671621680259705
16035,15,-1.118819236755371
16036,25,-0.19078505039215088
16037,26,-0.08355891704559326
16038,24,-0.38869136571884155
16039,22,-0.5874314904212952
16040,23,-0.5410044193267822
16041,28,0.25670599937438965
16042,26,-0.0154036283493042
16043,27,0.06021726131439209
16044,16,-1.0772068500518799
16045,23,-0.45399487018585205
16046,22,-0.6376728415489197
16047,28,0.2601757049560547
16048,20,-0.7808339595794678
16049,29,0.6554075479507446
16050,26,0.002497434616088867
16051,23,-0.5281174182891846
16052,26,-0.05484604835510254
16053,22,-0.6260902881622314
16054,21,-0.6686126589775085
16055,16,-1.0561579465866089
16056,21,-0.6749380826950073
16057,30,1.0476253032684326
16058,21,-0.7288877964019775
16059,30,1.1528475284576416
16060,22,-0.5915454626083374
16061,25,-0.17085576057434082
16062,24,-0.40549546480178833
16063,27,0.15280616283416748
16064,22,-0.6285053491592407
16065,22,-0.6041649580001831
16066,19,-0.8947550654411316
16067,25,-0.162958025932312
16068,20,-0.8273177146911621
16069,27,0.21841228008270264
16070,24,-0.4118647575378418
16071,19,-0.8537400960922241
16072,30,1.154585599899292
16073,29,0.8737623691558838
16074,20,-0.7483079433441162
16075,22,-0.6015039086341858
16076,21,-0.7258831858634949
16077,22,-0.5882250070571899
16078,17,-0.9979877471923828
16079,25,-0.20860767364501953
16080,18,-0.9098008871078491
16081,23,-0.503475546836853
16082,22,-0.5499898195266724
16083,20,-0.8142744302749634
16084,19,-0.8831782341003418
16085,19,-0.840426504611969
16086,24,-0.384762167930603
16087,30,0.991119384765625
16088,26,-0.08570587635040283
16089,23,-0.45892518758773804
16090,27,0.0410839319229126
16091,19,-0.8583124876022339
16092,27,0.06967008113861084
16093,21,-0.6729822158813477
16094,30,1.1944787502288818
16095,20,-0.7786974906921387
16096,28,0.24764883518218994
16097,24,-0.326809287071228
16098,22,-0.5518431067466736
16099,21,-0.6844167709350586
16100,27,0.11306750774383545
16101,23,-0.4424225687980652
16102,24,-0.3343765139579773
16103,24,-0.4145503640174866
16104,17,-1.0279569625854492
16105,21,-0.6978286504745483
16106,23,-0.5331621170043945
16107,21,-0.6807857751846313
16108,30,1.021923542022705
16109,24,-0.3545756936073303
16110,26,-0.0001347064971923828
16111,23,-0.4985787272453308
16112,24,-0.42653751373291016
16113,21,-0.7267515659332275
16114,19,-0.8408775329589844
16115,29,0.6455667018890381
16116,30,1.1124818325042725
16117,21,-0.6875072717666626
16118,30,1.0367000102996826
16119,25,-0.19993388652801514
16120,27,0.23144102096557617
16121,18,-0.9295748472213745
16122,24,-0.4143270254135132
16123,19,-0.8709133863449097
16124,18,-0.9511544108390808
16125,21,-0.6873232126235962
16126,24,-0.3698577284812927
16127,24,-0.3146347403526306
16128,26,-0.0643162727355957
16129,23,-0.5017290115356445
16130,20,-0.793780505657196
16131,23,-0.44915294647216797
16132,25,-0.28318095207214355
16133,24,-0.4160444140434265
16134,22,-0.5925614237785339
16135,29,0.5317946672439575
16136,23,-0.487739622592926
16137,23,-0.47185277938842773
16138,13,-1.2427473068237305
16139,27,0.039803385734558105
16140,22,-0.5464961528778076
16141,25,-0.20351219177246094
16142,16,-1.064500093460083
16143,21,-0.7406080365180969
16144,22,-0.5456914901733398
16145,27,0.019404053688049316
16146,28,0.41779232025146484
16147,22,-0.6323378682136536
16148,25,-0.301555871963501
16149,24,-0.42418038845062256
16150,30,1.1243953704833984
16151,27,0.08560323715209961
16152,17,-1.022822618484497
16153,20,-0.8241941332817078
16154,20,-0.7714481353759766
16155,22,-0.551723062992096
16156,21,-0.6621012687683105
16157,23,-0.48132866621017456
16158,28,0.2683607339859009
16159,25,-0.17079651355743408
16160,27,0.16945266723632812
16161,29,0.693733811378479
16162,20,-0.7484989166259766
16163,19,-0.8681721091270447
16164,22,-0.5549166798591614
16165,24,-0.32051992416381836
16166,27,0.031062960624694824
16167,25,-0.24739617109298706
16168,26,-0.04537463188171387
16169,23,-0.44482582807540894
16170,24,-0.3979853391647339
16171,14,-1.207946538925171
16172,23,-0.4712420701980591
16173,30,1.0552799701690674
16174,14,-1.2078356742858887
16175,26,-0.014796733856201172
16176,25,-0.2707628607749939
16177,27,0.23930025100708008
16178,24,-0.3656045198440552
16179,23,-0.48943138122558594
16180,19,-0.8625702857971191
16181,23,-0.4885671138763428
16182,16,-1.1005427837371826
16183,22,-0.577387273311615
16184,24,-0.3984537124633789
16185,30,1.0597355365753174
16186,22,-0.5476686954498291
16187,24,-0.3300027847290039
16188,25,-0.24473446607589722
16189,14,-1.2253413200378418
16190,25,-0.18506121635437012
16191,23,-0.45919686555862427
16192,24,-0.32252758741378784
16193,24,-0.3130987882614136
16194,25,-0.23438280820846558
16195,22,-0.5482209324836731
16196,30,1.1721720695495605
16197,21,-0.6603820323944092
16198,30,1.203042984008789
16199,18,-0.9390783905982971
16200,23,-0.5240275859832764
16201,30,1.112354040145874
16202,29,0.8423044681549072
16203,16,-1.08701753616333
16204,25,-0.2793363332748413
16205,25,-0.281036376953125
16206,30,1.1654696464538574
16207,26,-0.005263090133666992
16208,26,0.0035566091537475586
16209,23,-0.46475452184677124
16210,19,-0.841300368309021
16211,20,-0.8077801465988159
16212,20,-0.7939083576202393
16213,27,0.2121819257736206
16214,30,1.1858627796173096
16215,22,-0.5557968020439148
16216,25,-0.19698548316955566
16217,26,-0.01682114601135254
16218,27,0.07889974117279053
16219,21,-0.7238821983337402
16220,23,-0.5401097536087036
16221,24,-0.3808246850967407
16222,18,-0.9587122201919556
16223,26,-0.14204907417297363
16224,24,-0.31307488679885864
16225,27,0.049091219902038574
16226,27,0.031336426734924316
16227,28,0.3756232261657715
16228,25,-0.27450722455978394
16229,16,-1.0711328983306885
16230,23,-0.4443622827529907
16231,22,-0.6271933317184448
16232,21,-0.6999876499176025
16233,29,0.878718376159668
16234,24,-0.4057770371437073
16235,25,-0.28910839557647705
16236,28,0.3232917785644531
16237,27,0.08744311332702637
16238,23,-0.48238807916641235
16239,23,-0.46425020694732666
16240,30,1.0183489322662354
16241,29,0.8763344287872314
16242,30,0.9073455333709717
16243,17,-1.0530019998550415
16244,17,-0.9917998313903809
16245,20,-0.7986350059509277
16246,30,1.133493185043335
16247,17,-1.0498082637786865
16248,26,0.005853891372680664
16249,23,-0.5092113018035889
16250,27,0.18505358695983887
16251,22,-0.6333157420158386
16252,27,0.04989826679229736
16253,27,0.04207789897918701
16254,21,-0.6874502301216125
16255,25,-0.23748928308486938
16256,23,-0.4843684434890747
16257,23,-0.5375167727470398
16258,22,-0.5445404648780823
16259,27,0.10237264633178711
16260,30,1.065412998199463
16261,23,-0.5415375232696533
16262,21,-0.7413896918296814
16263,24,-0.33812451362609863
16264,25,-0.16561460494995117
16265,22,-0.6022437214851379
16266,23,-0.47401005029678345
16267,21,-0.7260239124298096
16268,30,1.036750078201294
16269,24,-0.3557268977165222
16270,27,0.19434022903442383
16271,24,-0.34493088722229004
16272,30,0.9908392429351807
16273,26,-0.07584190368652344
16274,22,-0.5724656581878662
16275,26,-0.12960541248321533
16276,28,0.2524449825286865
16277,20,-0.8263334035873413
16278,20,-0.7937877178192139
16279,30,1.0626435279846191
16280,11,-1.3760713338851929
16281,20,-0.7533144950866699
16282,22,-0.5507130026817322
16283,19,-0.8345954418182373
16284,20,-0.7744465470314026
16285,27,0.1815629005432129
16286,24,-0.360110342502594
16287,21,-0.6754534244537354
16288,17,-1.027180790901184
16289,19,-0.8927540183067322
16290,22,-0.6386019587516785
16291,15,-1.1388059854507446
16292,27,0.062288522720336914
16293,19,-0.8770426511764526
16294,25,-0.27664071321487427
16295,24,-0.3929206132888794
16296,21,-0.7110047340393066
16297,24,-0.3758145570755005
16298,27,0.08651232719421387
16299,30,1.0286176204681396
16300,26,-0.08421814441680908
16301,30,1.1418569087982178
16302,24,-0.428339421749115
16303,25,-0.30887025594711304
16304,20,-0.7576119899749756
16305,22,-0.6389025449752808
16306,24,-0.42275822162628174
16307,21,-0.7265535593032837
16308,20,-0.7955417633056641
16309,23,-0.49916428327560425
16310,19,-0.8656131029129028
16311,24,-0.3417271375656128
16312,25,-0.29878246784210205
16313,24,-0.36121100187301636
16314,17,-1.0389463901519775
16315,23,-0.49272245168685913
16316,26,-0.03436756134033203
16317,16,-1.1125860214233398
16318,29,0.7316594123840332
16319,25,-0.17230749130249023
16320,20,-0.7954269647598267
16321,25,-0.2727612853050232
16322,25,-0.20321333408355713
16323,18,-0.9328430891036987
16324,19,-0.8564589023590088
16325,30,1.0407085418701172
16326,25,-0.23765462636947632
16327,22,-0.5810612440109253
16328,25,-0.2620534896850586
16329,14,-1.2358206510543823
16330,18,-0.918969988822937
16331,21,-0.729144811630249
16332,26,-0.11423802375793457
16333,23,-0.5264093279838562
16334,19,-0.8985429406166077
16335,27,0.13128304481506348
16336,22,-0.6326698660850525
16337,25,-0.18313705921173096
16338,25,-0.24707472324371338
16339,15,-1.1362963914871216
16340,25,-0.19572770595550537
16341,23,-0.4909626245498657
16342,21,-0.7350301146507263
16343,22,-0.5732738375663757
16344,20,-0.7977516055107117
16345,30,1.149787425994873
16346,25,-0.28388065099716187
16347,25,-0.30201876163482666
16348,20,-0.8098642826080322
16349,22,-0.6372590661048889
16350,23,-0.4870207905769348
16351,23,-0.4631311297416687
16352,25,-0.27687352895736694
16353,22,-0.6360152959823608
16354,24,-0.39755576848983765
16355,29,0.8918554782867432
16356,15,-1.1468472480773926
16357,23,-0.47877568006515503
16358,20,-0.8027101755142212
16359,27,0.04646754264831543
16360,24,-0.32503050565719604
16361,17,-0.9897387623786926
16362,26,-0.13124680519104004
16363,26,0.017659306526184082
16364,25,-0.16154718399047852
16365,30,0.9206526279449463
16366,21,-0.6464219689369202
16367,26,-0.09884107112884521
16368,22,-0.6424574255943298
16369,21,-0.7307126522064209
16370,29,0.7568033933639526
16371,25,-0.29638993740081787
16372,20,-0.8063539266586304
16373,27,0.2063312530517578
16374,24,-0.34683912992477417
16375,26,-0.07633662223815918
16376,25,-0.24495768547058105
16377,25,-0.1878880262374878
16378,22,-0.5542304515838623
16379,22,-0.5722885131835938
16380,17,-1.0177290439605713
16381,30,1.0887205600738525
16382,20,-0.8140764236450195
16383,27,0.08390343189239502
16384,25,-0.1805194616317749
16385,23,-0.49580061435699463
16386,25,-0.20008766651153564
16387,25,-0.2875092029571533
16388,27,0.17825782299041748
16389,28,0.34035468101501465
16390,22,-0.6111511588096619
16391,21,-0.6645397543907166
16392,30,1.1795923709869385
16393,27,0.02583158016204834
16394,30,1.078125238418579
16395,25,-0.2872852683067322
16396,23,-0.5172610878944397
16397,30,1.1860713958740234
16398,28,0.2988154888153076
16399,23,-0.5110424160957336
16400,20,-0.7685990333557129
16401,23,-0.5120861530303955
16402,17,-0.9825666546821594
16403,25,-0.2542247176170349
16404,27,0.16710734367370605
16405,20,-0.7438246011734009
16406,20,-0.8296273946762085
16407,22,-0.5864116549491882
16408,22,-0.5719954371452332
16409,23,-0.44537413120269775
16410,24,-0.37989699840545654
16411,26,-0.14428448677062988
16412,20,-0.8281502723693848
16413,30,1.167287826538086
16414,27,0.21560072898864746
16415,27,0.10273277759552002
16416,26,-0.14683961868286133
16417,23,-0.4717138409614563
16418,14,-1.200082540512085
16419,20,-0.7964246273040771
16420,19,-0.8828402757644653
16421,22,-0.5819164514541626
16422,24,-0.33328884840011597
16423,24,-0.3596101999282837
16424,30,1.1556899547576904
16425,30,0.9985709190368652
16426,30,1.1766047477722168
16427,20,-0.7791124582290649
16428,26,-0.08110284805297852
16429,29,0.8300020694732666
16430,18,-0.9227563142776489
16431,26,-0.057372331619262695
16432,22,-0.5954453349113464
16433,21,-0.6444390416145325
16434,19,-0.8824851512908936
16435,24,-0.38847166299819946
16436,21,-0.6595526933670044
16437,27,0.19235897064208984
16438,30,1.155282735824585
16439,30,1.029327392578125
16440,26,-0.09810423851013184
16441,19,-0.8314928412437439
16442,23,-0.5126606822013855
16443,21,-0.6536799073219299
16444,27,0.2307603359222412
16445,25,-0.30321764945983887
16446,26,0.0033736228942871094
16447,23,-0.5021154284477234
16448,26,0.013728499412536621
16449,28,0.3917173147201538
16450,25,-0.26297926902770996
16451,24,-0.33822429180145264
16452,19,-0.8465991020202637
16453,17,-1.0335029363632202
16454,13,-1.2421841621398926
16455,30,0.9232532978057861
16456,26,-0.07158613204956055
16457,26,-0.006132602691650391
16458,20,-0.7449641227722168
16459,22,-0.6223015189170837
16460,25,-0.2954072952270508
16461,27,0.03940892219543457
16462,21,-0.7008070349693298
16463,15,-1.141628623008728
16464,19,-0.8927196264266968
16465,27,0.06681656837463379
16466,20,-0.8171688318252563
16467,23,-0.5163448452949524
16468,25,-0.2649139165878296
16469,23,-0.47255319356918335
16470,19,-0.901807427406311
16471,26,-0.04134190082550049
16472,22,-0.5508893132209778
16473,19,-0.8517977595329285
16474,30,0.9443542957305908
16475,22,-0.6383883357048035
16476,19,-0.8490654230117798
16477,25,-0.24244815111160278
16478,30,1.058790683746338
16479,23,-0.5276455879211426
16480,30,0.9983692169189453
16481,28,0.2990868091583252
16482,25,-0.27843040227890015
16483,21,-0.6960097551345825
16484,27,0.03070652484893799
16485,23,-0.4643644094467163
16486,16,-1.1169865131378174
16487,27,0.037938714027404785
16488,24,-0.36977678537368774
16489,25,-0.24507129192352295
16490,21,-0.7407567501068115
16491,25,-0.20198595523834229
16492,17,-1.039008378982544
16493,18,-0.9448551535606384
16494,19,-0.8737585544586182
16495,22,-0.5770061612129211
16496,30,1.012749433517456
16497,28,0.2503066062927246
16498,30,1.201246738433838
16499,28,0.28935110569000244
16500,20,-0.8158039450645447
16501,27,0.09618675708770752
16502,27,0.12636613845825195
16503,24,-0.34320127964019775
16504,22,-0.5931259989738464
16505,26,-0.06776082515716553
16506,26,-0.03281545639038086
16507,27,0.024493694305419922
16508,22,-0.5589655637741089
16509,25,-0.2470015287399292
16510,29,0.8064334392547607
16511,23,-0.497325599193573
16512,27,0.10528922080993652
16513,24,-0.3216162919998169
16514,27,0.16130685806274414
16515,19,-0.8968697786331177
16516,15,-1.1248103380203247
16517,22,-0.5976703763008118
16518,21,-0.733344316482544
16519,25,-0.26093024015426636
16520,21,-0.7346639633178711
16521,22,-0.5794670581817627
16522,27,0.2198411226272583
16523,27,0.23081612586975098
16524,25,-0.2994137406349182
16525,27,0.028180480003356934
16526,27,0.14231204986572266
16527,28,0.3570570945739746
16528,23,-0.43423134088516235
16529,22,-0.552879273891449
16530,23,-0.4846898317337036
16531,20,-0.7635012865066528
16532,26,-0.007157802581787109
16533,27,0.11230230331420898
16534,19,-0.8908932209014893
16535,23,-0.5051589608192444
16536,24,-0.34765559434890747
16537,30,1.1487045288085938
16538,19,-0.9084628224372864
16539,28,0.3967463970184326
16540,21,-0.6833670735359192
16541,19,-0.884232223033905
16542,27,0.20054900646209717
16543,22,-0.5872058272361755
16544,26,0.014570355415344238
16545,26,-0.06753885746002197
16546,27,0.1310715675354004
16547,23,-0.516589343547821
16548,21,-0.6873018741607666
16549,21,-0.7175428867340088
16550,20,-0.7522324323654175
16551,23,-0.43279457092285156
16552,21,-0.6951771974563599
16553,20,-0.7932130098342896
16554,21,-0.7418408393859863
16555,24,-0.316752552986145
16556,21,-0.6739449501037598
16557,17,-0.9984155893325806
16558,23,-0.44490188360214233
16559,23,-0.451391339302063
16560,28,0.35427987575531006
16561,23,-0.47965317964553833
16562,21,-0.6488050818443298
16563,24,-0.42916637659072876
16564,21,-0.7066509127616882
16565,26,-0.15088975429534912
16566,22,-0.6384053230285645
16567,23,-0.47175025939941406
16568,25,-0.24329733848571777
16569,19,-0.8997254371643066
16570,27,0.051914095878601074
16571,22,-0.5691121220588684
16572,30,0.9758365154266357
16573,26,-0.09129023551940918
16574,28,0.41058456897735596
16575,30,1.1777012348175049
16576,21,-0.7015441656112671
16577,20,-0.7519100308418274
16578,24,-0.3848504424095154
16579,24,-0.32146966457366943
16580,26,0.008150458335876465
16581,27,0.03845369815826416
16582,26,-0.005511164665222168
16583,27,0.08538603782653809
16584,27,0.05077922344207764
16585,23,-0.4604565501213074
16586,21,-0.7193560600280762
16587,27,0.09774792194366455
16588,21,-0.7292557954788208
16589,26,-0.13544368743896484
16590,30,1.0280771255493164
16591,27,0.08393073081970215
16592,27,0.19524502754211426
16593,23,-0.49100977182388306
16594,23,-0.5057247877120972
16595,19,-0.8641173839569092
16596,27,0.036965370178222656
16597,25,-0.29766565561294556
16598,30,1.1438372135162354
16599,25,-0.18546760082244873
16600,24,-0.3650408983230591
16601,23,-0.49364781379699707
16602,21,-0.6710183620452881
16603,24,-0.41922450065612793
16604,30,0.9877047538757324
16605,26,-0.14193642139434814
16606,26,-0.08436775207519531
16607,28,0.3854367733001709
16608,22,-0.6070408225059509
16609,24,-0.3716559410095215
16610,25,-0.2492278814315796
16611,21,-0.6881067156791687
16612,25,-0.3086475729942322
16613,19,-0.8490512371063232
16614,24,-0.41940945386886597
16615,22,-0.6400957703590393
16616,30,0.9884507656097412
16617,25,-0.2108420729637146
16618,27,0.08841311931610107
16619,24,-0.4175882339477539
16620,19,-0.905506432056427
16621,27,0.07849884033203125
16622,23,-0.542874276638031
16623,26,-0.031171083450317383
16624,26,-0.09044158458709717
16625,23,-0.44221508502960205
16626,30,0.9325456619262695
16627,26,-0.01967489719390869
16628,26,-0.09369421005249023
16629,25,-0.17372405529022217
16630,28,0.27634143829345703
16631,26,-0.1615304946899414
16632,25,-0.2761304974555969
16633,21,-0.6885453462600708
16634,22,-0.5968877077102661
16635,20,-0.7599136233329773
16636,19,-0.9064098596572876
16637,26,-0.07213807106018066
16638,21,-0.7115589380264282
16639,20,-0.8155703544616699
16640,28,0.2887183427810669
16641,20,-0.7960402369499207
16642,22,-0.6036850810050964
16643,19,-0.8891919851303101
16644,26,0.007904529571533203
16645,27,0.026570916175842285
16646,30,1.1411972045898438
16647,30,0.9198648929595947
16648,22,-0.5466265678405762
16649,26,-0.003038167953491211
16650,22,-0.5914357304573059
16651,15,-1.1403976678848267
16652,18,-0.9799277782440186
16653,25,-0.2688467502593994
16654,30,1.0730323791503906
16655,30,0.9918861389160156
16656,25,-0.1872262954711914
16657,30,1.1087806224822998
16658,15,-1.129565715789795
16659,19,-0.8355391025543213
16660,22,-0.636798083782196
16661,24,-0.41549885272979736
16662,23,-0.5110805034637451
16663,25,-0.26936233043670654
16664,26,-0.0008690357208251953
16665,25,-0.305661678314209
16666,23,-0.4513270854949951
16667,23,-0.5149760246276855
16668,26,-0.005597949028015137
16669,27,0.11445021629333496
16670,25,-0.2825743556022644
16671,28,0.2747805118560791
16672,28,0.2817091941833496
16673,22,-0.6331346035003662
16674,27,0.21231210231781006
16675,23,-0.5269591808319092
16676,27,0.11756765842437744
16677,21,-0.7171149849891663
16678,29,0.840641975402832
16679,27,0.02076101303100586
16680,24,-0.3983309864997864
16681,28,0.2725156545639038
16682,28,0.24625468254089355
16683,26,-0.014741182327270508
16684,25,-0.28099310398101807
16685,26,-0.032910943031311035
16686,30,1.1493394374847412
16687,28,0.32257020473480225
16688,30,0.9130902290344238
16689,24,-0.4317169189453125
16690,28,0.3383387327194214
16691,20,-0.7453492879867554
16692,29,0.6510006189346313
16693,23,-0.4481126070022583
16694,19,-0.8967294692993164
16695,22,-0.560758650302887
16696,15,-1.1210851669311523
16697,30,1.1679658889770508
16698,28,0.3290640115737915
16699,28,0.337255597114563
16700,22,-0.6311754584312439
16701,17,-1.0196220874786377
16702,22,-0.6406307220458984
16703,23,-0.5020595192909241
16704,30,1.1385774612426758
16705,21,-0.65108323097229
16706,26,-0.031040549278259277
16707,29,0.8807985782623291
16708,19,-0.8415281772613525
16709,28,0.45228588581085205
16710,25,-0.19183003902435303
16711,22,-0.6337609887123108
16712,23,-0.4380590319633484
16713,23,-0.4798205494880676
16714,23,-0.4621487259864807
16715,25,-0.2045801877975464
16716,20,-0.7761863470077515
16717,28,0.3852115869522095
16718,22,-0.6273456811904907
16719,23,-0.5261152982711792
16720,27,0.0476454496383667
16721,23,-0.5267319679260254
16722,21,-0.6584934592247009
16723,21,-0.7251591682434082
16724,28,0.417557954788208
16725,28,0.34549200534820557
16726,25,-0.21849912405014038
16727,26,-0.14928805828094482
16728,22,-0.6177576184272766
16729,28,0.45226263999938965
16730,22,-0.5613365173339844
16731,26,-0.06787717342376709
16732,21,-0.6608952879905701
16733,18,-0.9637967348098755
16734,19,-0.8767021894454956
16735,22,-0.5916501879692078
16736,25,-0.23923271894454956
16737,23,-0.5241909027099609
16738,19,-0.8473693132400513
16739,27,0.1510840654373169
16740,26,-0.059761881828308105
16741,21,-0.7183115482330322
16742,19,-0.9065992832183838
16743,26,0.010399222373962402
16744,26,-0.08914601802825928
16745,20,-0.769782543182373
16746,27,0.17842388153076172
16747,20,-0.7837278842926025
16748,22,-0.5794469118118286
16749,19,-0.8546770811080933
16750,29,0.6993594169616699
16751,20,-0.7628253698348999
16752,19,-0.8549625277519226
16753,22,-0.5581707954406738
16754,16,-1.0903602838516235
16755,25,-0.2249159812927246
16756,26,-0.05657196044921875
16757,27,0.13375318050384521
16758,20,-0.8066723346710205
16759,21,-0.7210363149642944
16760,26,-0.09618639945983887
16761,24,-0.4132910966873169
16762,26,-0.049660325050354004
16763,18,-0.924615740776062
16764,30,1.0477628707885742
16765,22,-0.6162962913513184
16766,23,-0.5400907397270203
16767,21,-0.6977508068084717
16768,23,-0.49108898639678955
16769,26,-0.033301591873168945
16770,25,-0.1880577802658081
16771,17,-1.006559133529663
16772,26,-0.09922003746032715
16773,25,-0.1703476905822754
16774,27,0.09942436218261719
16775,28,0.380016565322876
16776,17,-1.0377616882324219
16777,29,0.7088568210601807
16778,23,-0.46641284227371216
16779,25,-0.28839796781539917
16780,26,-0.12908315658569336
16781,30,1.2108535766601562
16782,30,1.1432042121887207
16783,23,-0.4988543391227722
16784,23,-0.47271275520324707
16785,30,1.1580960750579834
16786,26,-0.03450965881347656
16787,22,-0.6434103846549988
16788,20,-0.7669234275817871
16789,24,-0.3541197180747986
16790,21,-0.706902265548706
16791,22,-0.5752214193344116
16792,29,0.5799257755279541
16793,27,0.024997711181640625
16794,29,0.7503329515457153
16795,25,-0.22777801752090454
16796,30,1.2233595848083496
16797,15,-1.1370749473571777
16798,30,1.1504833698272705
16799,19,-0.8859400749206543
16800,30,1.034339427947998
16801,22,-0.5905404090881348
16802,23,-0.48755723237991333
16803,27,0.21991896629333496
16804,27,0.1317833662033081
16805,17,-1.029773235321045
16806,29,0.8904211521148682
16807,24,-0.35042691230773926
16808,25,-0.23955142498016357
16809,23,-0.44711440801620483
16810,27,0.06332206726074219
16811,27,0.15035605430603027
16812,27,0.14403021335601807
16813,20,-0.7896538376808167
16814,21,-0.7216087579727173
16815,20,-0.7900538444519043
16816,27,0.09850800037384033
16817,23,-0.5289450883865356
16818,27,0.15903449058532715
16819,25,-0.16962003707885742
16820,23,-0.47835373878479004
16821,22,-0.5716773271560669
16822,27,0.13171470165252686
16823,25,-0.23645073175430298
16824,26,-0.0071563720703125
16825,27,0.05186569690704346
16826,21,-0.661852240562439
16827,26,-0.09969449043273926
16828,22,-0.6121273636817932
16829,30,0.9050891399383545
16830,22,-0.6289249658584595
16831,22,-0.5948147177696228
16832,25,-0.21043246984481812
16833,30,1.0839533805847168
16834,22,-0.6273456811904907
16835,30,1.2013835906982422
16836,19,-0.9070873856544495
16837,27,0.0750664472579956
16838,15,-1.1393299102783203
16839,29,0.8516197204589844
16840,30,1.0005559921264648
16841,20,-0.7896549701690674
16842,19,-0.8441078662872314
16843,26,-0.00485384464263916
16844,23,-0.45946043729782104
16845,29,0.7047779560089111
16846,26,-0.14599204063415527
16847,24,-0.33845025300979614
16848,28,0.25829780101776123
16849,20,-0.8007211685180664
16850,22,-0.5569977760314941
16851,23,-0.4364469051361084
16852,30,0.9168708324432373
16853,17,-1.0091629028320312
16854,22,-0.5496631860733032
16855,25,-0.1919858455657959
16856,21,-0.7330512404441833
16857,20,-0.781452476978302
16858,25,-0.2532498836517334
16859,24,-0.4132841229438782
16860,21,-0.7014913558959961
16861,21,-0.704905092716217
16862,28,0.3606683015823364
16863,28,0.39909374713897705
16864,23,-0.5279144048690796
16865,27,0.15836668014526367
16866,26,-0.09291279315948486
16867,30,1.158890724182129
16868,21,-0.7300728559494019
16869,18,-0.9470879435539246
16870,22,-0.5920999050140381
16871,21,-0.7370180487632751
16872,24,-0.3634910583496094
16873,20,-0.8014936447143555
16874,25,-0.29346197843551636
16875,28,0.3622690439224243
16876,22,-0.6235735416412354
16877,29,0.6761981248855591
16878,30,1.0709071159362793
16879,28,0.3242034912109375
16880,27,0.12988078594207764
16881,21,-0.6850110292434692
16882,21,-0.6521059274673462
16883,25,-0.25718557834625244
16884,27,0.09855496883392334
16885,27,0.23055696487426758
16886,16,-1.0598562955856323
16887,20,-0.7907740473747253
16888,23,-0.43321049213409424
16889,24,-0.39147132635116577
16890,27,0.17804038524627686
16891,19,-0.89288729429245
16892,26,0.010721445083618164
16893,20,-0.8202214241027832
16894,22,-0.5499124526977539
16895,30,1.137523889541626
16896,22,-0.6038472056388855
16897,21,-0.6904394626617432
16898,25,-0.1628437042236328
16899,30,1.1473777294158936
16900,30,0.9243512153625488
16901,28,0.36573755741119385
16902,24,-0.39956337213516235
16903,24,-0.3682475686073303
16904,27,0.07294678688049316
16905,30,1.0382838249206543
16906,26,-0.07484614849090576
16907,21,-0.7408850193023682
16908,17,-1.0351957082748413
16909,26,-0.0257033109664917
16910,28,0.4380985498428345
16911,17,-1.0514531135559082
16912,18,-0.9674665927886963
16913,22,-0.5504602789878845
16914,22,-0.5525895953178406
16915,28,0.434914231300354
16916,23,-0.43810129165649414
16917,28,0.4169130325317383
16918,22,-0.6333227753639221
16919,26,-0.12230861186981201
16920,20,-0.776542067527771
16921,30,1.0512609481811523
16922,24,-0.43120211362838745
16923,24,-0.4178178906440735
16924,18,-0.9442802667617798
16925,26,0.009348154067993164
16926,30,0.9521298408508301
16927,27,0.12746191024780273
16928,22,-0.6261608004570007
16929,30,1.046088457107544
16930,25,-0.21620774269104004
16931,22,-0.6319826245307922
16932,26,-0.07327544689178467
16933,19,-0.8375997543334961
16934,22,-0.5888016819953918
16935,22,-0.6197196841239929
16936,23,-0.5360092520713806
16937,25,-0.26311051845550537
16938,27,0.20210516452789307
16939,20,-0.7731789350509644
16940,22,-0.5595921874046326
16941,24,-0.4021912217140198
16942,24,-0.32639193534851074
16943,28,0.3842369318008423
16944,30,1.217345952987671
16945,17,-0.9935139417648315
16946,26,-0.08282983303070068
16947,28,0.4799182415008545
16948,23,-0.44797414541244507
16949,20,-0.8185427784919739
16950,27,0.16353416442871094
16951,23,-0.5335670709609985
16952,26,-0.07585513591766357
16953,27,0.1369410753250122
16954,27,0.23615515232086182
16955,22,-0.5877974629402161
16956,24,-0.36790168285369873
16957,21,-0.6758851408958435
16958,28,0.519760251045227
16959,23,-0.4637377858161926
16960,23,-0.5192973017692566
16961,27,0.1712247133255005
16962,17,-1.0197741985321045
16963,28,0.2535656690597534
16964,24,-0.4093363881111145
16965,20,-0.7503042221069336
16966,26,-0.07728075981140137
16967,24,-0.3507498502731323
16968,21,-0.7276808023452759
16969,24,-0.39082252979278564
16970,24,-0.39743322134017944
16971,18,-0.9277576208114624
16972,27,0.2342761754989624
16973,24,-0.3574705719947815
16974,22,-0.6345930695533752
16975,25,-0.24037593603134155
16976,27,0.08664286136627197
16977,22,-0.6248283982276917
16978,27,0.24207091331481934
16979,27,0.09223127365112305
16980,22,-0.6431329250335693
16981,26,-0.1038285493850708
16982,23,-0.48905467987060547
16983,22,-0.5919122099876404
16984,30,1.1359589099884033
16985,23,-0.4580113887786865
16986,24,-0.3515413999557495
16987,24,-0.4088595509529114
16988,24,-0.37978845834732056
16989,23,-0.44928622245788574
16990,19,-0.8490580320358276
16991,28,0.42246031761169434
16992,27,0.22374963760375977
16993,22,-0.5878733992576599
16994,29,0.6081537008285522
16995,30,1.09232759475708
16996,24,-0.41377347707748413
16997,25,-0.30135875940322876
16998,18,-0.978187620639801
16999,27,0.23704516887664795
17000,23,-0.4396975636482239
17001,27,0.18625450134277344
17002,25,-0.2799256443977356
17003,22,-0.5842061042785645
17004,19,-0.8700774312019348
17005,19,-0.8683537840843201
17006,26,-0.0022901296615600586
17007,27,0.06397151947021484
17008,23,-0.46508705615997314
17009,25,-0.2876180410385132
17010,27,0.19093084335327148
17011,26,0.01248776912689209
17012,26,-0.16154611110687256
17013,30,1.1857843399047852
17014,18,-0.9605623483657837
17015,15,-1.121114730834961
17016,22,-0.6215406656265259
17017,27,0.12328588962554932
17018,30,1.1638550758361816
17019,24,-0.3954419493675232
17020,29,0.8476927280426025
17021,30,1.015566349029541
17022,24,-0.36807364225387573
17023,27,0.01899576187133789
17024,30,1.0810728073120117
17025,17,-1.0050610303878784
17026,18,-0.9355342388153076
17027,25,-0.2008194923400879
17028,22,-0.6400282382965088
17029,30,1.126478672027588
17030,27,0.07465541362762451
17031,30,0.9159159660339355
17032,27,0.23122990131378174
17033,29,0.8377337455749512
17034,27,0.054997801780700684
17035,20,-0.8051204681396484
17036,25,-0.20388007164001465
17037,24,-0.4224889278411865
17038,30,1.1580042839050293
17039,24,-0.3682659864425659
17040,25,-0.2074718475341797
17041,24,-0.3616463541984558
17042,27,0.13124513626098633
17043,21,-0.6562232971191406
17044,28,0.2538154125213623
17045,20,-0.7442708015441895
17046,28,0.45995843410491943
17047,25,-0.17985928058624268
17048,26,-0.0916057825088501
17049,30,0.961334228515625
17050,23,-0.48152148723602295
17051,20,-0.747412919998169
17052,24,-0.41771239042282104
17053,26,-0.11204254627227783
17054,28,0.25906670093536377
17055,25,-0.2706872820854187
17056,22,-0.623449444770813
17057,22,-0.5554817914962769
17058,21,-0.7310031652450562
17059,25,-0.18935072422027588
17060,29,0.581437349319458
17061,23,-0.5408252477645874
17062,23,-0.518303632736206
17063,30,1.0210700035095215
17064,25,-0.29807502031326294
17065,21,-0.718511700630188
17066,29,0.826655387878418
17067,16,-1.0589470863342285
17068,30,1.0901942253112793
17069,20,-0.7460256218910217
17070,22,-0.6246851682662964
17071,30,1.139643907546997
17072,22,-0.5939399600028992
17073,27,0.1356658935546875
17074,27,0.0364680290222168
17075,21,-0.6817528009414673
17076,27,0.13132190704345703
17077,23,-0.48799198865890503
17078,22,-0.5608989000320435
17079,25,-0.25582385063171387
17080,18,-0.9580721855163574
17081,26,-0.029372811317443848
17082,23,-0.43467622995376587
17083,30,1.0380070209503174
17084,25,-0.21145331859588623
17085,19,-0.8744219541549683
17086,30,1.2162654399871826
17087,21,-0.6608452200889587
17088,21,-0.6651449799537659
17089,28,0.3218498229980469
17090,22,-0.6252645254135132
17091,21,-0.7038407921791077
17092,28,0.24673736095428467
17093,22,-0.5542868971824646
17094,21,-0.7030864357948303
17095,25,-0.24601203203201294
17096,22,-0.5581616759300232
17097,30,0.9247519969940186
17098,28,0.3557126522064209
17099,27,0.12152707576751709
17100,28,0.41465437412261963
17101,22,-0.6390165686607361
17102,30,1.1272006034851074
17103,25,-0.229286789894104
17104,27,0.1882990598678589
17105,24,-0.40234798192977905
17106,27,0.09707701206207275
17107,20,-0.7599779367446899
17108,17,-0.9836504459381104
17109,22,-0.6166988611221313
17110,27,0.2011582851409912
17111,26,-0.015189766883850098
17112,27,0.22164559364318848
17113,27,0.18211984634399414
17114,25,-0.18052959442138672
17115,28,0.42062878608703613
17116,27,0.030378222465515137
17117,22,-0.5922126173973083
17118,24,-0.32840216159820557
17119,20,-0.8012673854827881
17120,30,1.2194671630859375
17121,28,0.37370991706848145
17122,22,-0.5531207323074341
17123,21,-0.6990976929664612
17124,24,-0.32391124963760376
17125,24,-0.42279982566833496
17126,26,-0.13228344917297363
17127,20,-0.7667484283447266
17128,30,1.1869699954986572
17129,26,-0.08609616756439209
17130,29,0.526718258857727
17131,28,0.5036331415176392
17132,27,0.18580520153045654
17133,27,0.22276818752288818
17134,28,0.36385321617126465
17135,21,-0.6724229454994202
17136,25,-0.30855488777160645
17137,28,0.5219005346298218
17138,28,0.2642320394515991
17139,26,-0.07374012470245361
17140,23,-0.49934840202331543
17141,23,-0.4567721486091614
17142,25,-0.17597341537475586
17143,25,-0.2318294644355774
17144,23,-0.4649640917778015
17145,28,0.25789034366607666
17146,22,-0.618391215801239
17147,23,-0.44492125511169434
17148,28,0.24942314624786377
17149,25,-0.23296797275543213
17150,30,0.9445161819458008
17151,26,-0.006126284599304199
17152,24,-0.41780829429626465
17153,18,-0.9683748483657837
17154,26,-0.03279519081115723
17155,27,0.0530850887298584
17156,28,0.36730945110321045
17157,21,-0.655850350856781
17158,27,0.24013352394104004
17159,28,0.25553953647613525
17160,18,-0.9745410680770874
17161,22,-0.6174574494361877
17162,28,0.3531181812286377
17163,23,-0.5309880971908569
17164,29,0.5338965654373169
17165,24,-0.3791581988334656
17166,28,0.31982362270355225
17167,23,-0.5352043509483337
17168,26,0.018547773361206055
17169,25,-0.2363429069519043
17170,23,-0.5264783501625061
17171,26,-0.00619816780090332
17172,23,-0.500512421131134
17173,27,0.1697009801864624
17174,28,0.32567036151885986
17175,25,-0.24719208478927612
17176,29,0.5470786094665527
17177,16,-1.0646874904632568
17178,24,-0.31266462802886963
17179,25,-0.22824448347091675
17180,22,-0.5595428347587585
17181,24,-0.4295017719268799
17182,30,1.0889651775360107
17183,18,-0.9129428863525391
17184,27,0.2180769443511963
17185,25,-0.17286193370819092
17186,23,-0.4850807785987854
17187,19,-0.8730090856552124
17188,30,1.192991018295288
17189,28,0.48081159591674805
17190,26,-0.03860306739807129
17191,30,1.1270792484283447
17192,28,0.32156896591186523
17193,27,0.22265958786010742
17194,20,-0.7593123912811279
17195,28,0.4501610994338989
17196,24,-0.31424230337142944
17197,29,0.751623272895813
17198,27,0.026929616928100586
17199,24,-0.41749584674835205
17200,27,0.13004720211029053
17201,24,-0.4160689115524292
17202,26,-0.15756404399871826
17203,23,-0.4381951093673706
17204,21,-0.6952394247055054
17205,30,1.1965227127075195
17206,23,-0.4420197606086731
17207,28,0.2985391616821289
17208,30,1.0205116271972656
17209,28,0.40617072582244873
17210,27,0.0625385046005249
17211,26,-0.08311259746551514
17212,22,-0.6021072268486023
17213,26,-0.10549485683441162
17214,28,0.48907387256622314
17215,20,-0.8281132578849792
17216,19,-0.8657927513122559
17217,23,-0.4805249571800232
17218,24,-0.36668306589126587
17219,20,-0.8186031579971313
17220,28,0.3033719062805176
17221,25,-0.23522347211837769
17222,27,0.023074865341186523
17223,23,-0.49691927433013916
17224,26,-0.16077208518981934
17225,28,0.3509620428085327
17226,28,0.2504476308822632
17227,24,-0.3471413850784302
17228,30,1.0402591228485107
17229,18,-0.9377751350402832
17230,28,0.32946860790252686
17231,27,0.02106022834777832
17232,30,1.184574842453003
17233,26,-0.1483473777770996
17234,25,-0.19062376022338867
17235,29,0.6075707674026489
17236,24,-0.40518826246261597
17237,26,-0.02949535846710205
17238,24,-0.3934142589569092
17239,30,0.9270644187927246
17240,24,-0.40599268674850464
17241,27,0.22579479217529297
17242,21,-0.6862470507621765
17243,24,-0.4295659065246582
17244,28,0.3088235855102539
17245,27,0.14871001243591309
17246,28,0.3655458688735962
17247,28,0.2771162986755371
17248,21,-0.7078210115432739
17249,28,0.2790766954421997
17250,27,0.15158498287200928
17251,26,-0.16004633903503418
17252,25,-0.19604337215423584
17253,26,-0.04274392127990723
17254,20,-0.7655975222587585
17255,27,0.08448278903961182
17256,28,0.4231935739517212
17257,23,-0.4409235715866089
17258,22,-0.6146926879882812
17259,25,-0.25768738985061646
17260,25,-0.22851699590682983
17261,25,-0.16370952129364014
17262,27,0.14711451530456543
17263,25,-0.22676736116409302
17264,21,-0.662598192691803
17265,27,0.23494470119476318
17266,27,0.06110787391662598
17267,28,0.2647836208343506
17268,17,-0.9946678280830383
17269,30,0.9845314025878906
17270,30,1.1940994262695312
17271,26,0.014235138893127441
17272,25,-0.20566833019256592
17273,25,-0.3037874102592468
17274,23,-0.5397629737854004
17275,23,-0.5256542563438416
17276,30,1.0682005882263184
17277,21,-0.647525429725647
17278,21,-0.7150093913078308
17279,27,0.0951613187789917
17280,27,0.06243276596069336
17281,28,0.26712703704833984
17282,20,-0.758294939994812
17283,26,0.016893744468688965
17284,24,-0.3239123821258545
17285,26,-0.06487953662872314
17286,20,-0.7940382957458496
17287,29,0.6048195362091064
17288,28,0.5143036842346191
17289,22,-0.6216695308685303
17290,29,0.6671602725982666
17291,25,-0.16468358039855957
17292,23,-0.5199471116065979
17293,23,-0.5404649376869202
17294,26,-0.012166976928710938
17295,28,0.32334303855895996
17296,29,0.5988311767578125
17297,26,-0.04775965213775635
17298,24,-0.3917795419692993
17299,24,-0.42935359477996826
17300,22,-0.5474926829338074
17301,21,-0.6915706992149353
17302,25,-0.19243454933166504
17303,28,0.35562562942504883
17304,27,0.21784889698028564
17305,25,-0.269082248210907
17306,30,1.1693239212036133
17307,24,-0.3144015669822693
17308,30,0.9642472267150879
17309,26,-0.13044023513793945
17310,21,-0.6674145460128784
17311,21,-0.7045329213142395
17312,24,-0.38341134786605835
17313,28,0.3561335802078247
17314,24,-0.39846163988113403
17315,24,-0.338242769241333
17316,23,-0.5049203038215637
17317,28,0.26798081398010254
17318,26,-0.1496739387512207
17319,26,-0.05789637565612793
17320,25,-0.28046655654907227
17321,24,-0.3665424585342407
17322,25,-0.22899597883224487
17323,27,0.1626296043395996
17324,23,-0.5342752933502197
17325,28,0.28085482120513916
17326,30,1.2041125297546387
17327,21,-0.7118076086044312
17328,25,-0.16698944568634033
17329,14,-1.2000949382781982
17330,22,-0.5440164804458618
17331,23,-0.46895837783813477
17332,22,-0.6033573746681213
17333,27,0.020353078842163086
17334,24,-0.3172066807746887
17335,27,0.12510156631469727
17336,24,-0.3327978253364563
17337,26,-0.15448665618896484
17338,20,-0.7787740230560303
17339,28,0.38666439056396484
17340,24,-0.36782926321029663
17341,23,-0.48437267541885376
17342,26,0.0049010515213012695
17343,17,-1.0176175832748413
17344,22,-0.5696290731430054
17345,22,-0.6389790773391724
17346,28,0.2827061414718628
17347,21,-0.7188231945037842
17348,28,0.25411128997802734
17349,21,-0.6677517890930176
17350,18,-0.948944091796875
17351,22,-0.5954797267913818
17352,27,0.189162015914917
17353,28,0.2596369981765747
17354,25,-0.20608282089233398
17355,19,-0.8893319368362427
17356,30,1.1034011840820312
17357,28,0.502289891242981
17358,24,-0.4211011528968811
17359,25,-0.17274534702301025
17360,28,0.35298311710357666
17361,21,-0.7266122698783875
17362,27,0.041785240173339844
17363,19,-0.8780402541160583
17364,22,-0.6204255819320679
17365,27,0.20825743675231934
17366,24,-0.4101964235305786
17367,19,-0.8335570096969604
17368,20,-0.7589797973632812
17369,25,-0.2393404245376587
17370,27,0.20667600631713867
17371,26,0.0008959770202636719
17372,28,0.4171900749206543
17373,26,-0.10622143745422363
17374,23,-0.5307986736297607
17375,28,0.29234278202056885
17376,24,-0.35734128952026367
17377,26,-0.1231539249420166
17378,30,1.1594834327697754
17379,30,1.1583154201507568
17380,18,-0.9428801536560059
17381,28,0.3599710464477539
17382,27,0.14375972747802734
17383,22,-0.6038554906845093
17384,26,-0.11572325229644775
17385,29,0.6229259967803955
17386,28,0.4464942216873169
17387,22,-0.6077295541763306
17388,25,-0.267555832862854
17389,22,-0.6423075199127197
17390,30,1.0060012340545654
17391,27,0.20936179161071777
17392,30,1.0692083835601807
17393,19,-0.8659390807151794
17394,26,-0.061614274978637695
17395,22,-0.5480787754058838
17396,23,-0.44394421577453613
17397,26,-0.1474238634109497
17398,23,-0.5012850165367126
17399,29,0.5804762840270996
17400,28,0.34403133392333984
17401,20,-0.7842319011688232
17402,26,-0.04133141040802002
17403,18,-0.9421294927597046
17404,29,0.5490137338638306
17405,28,0.3094971179962158
17406,30,1.0329563617706299
17407,19,-0.8916323781013489
17408,24,-0.36624979972839355
17409,20,-0.8049506545066833
17410,28,0.35009193420410156
17411,26,0.008552312850952148
17412,26,-0.07527506351470947
17413,23,-0.4789835810661316
17414,23,-0.5402523875236511
17415,29,0.7453439235687256
17416,27,0.20071637630462646
17417,27,0.07352030277252197
17418,23,-0.48795557022094727
17419,25,-0.2455282211303711
17420,26,-0.07964372634887695
17421,25,-0.25277596712112427
17422,25,-0.20237398147583008
17423,30,0.991314172744751
17424,23,-0.44722574949264526
17425,25,-0.27173715829849243
17426,24,-0.37894314527511597
17427,29,0.8568034172058105
17428,30,1.110121726989746
17429,25,-0.17218780517578125
17430,25,-0.16155171394348145
17431,23,-0.5059593915939331
17432,28,0.2662794589996338
17433,27,0.10653114318847656
17434,23,-0.4551721215248108
17435,23,-0.45733505487442017
17436,30,1.12872314453125
17437,23,-0.47809600830078125
17438,30,1.220201015472412
17439,25,-0.2817996144294739
17440,25,-0.2578413486480713
17441,24,-0.39595431089401245
17442,26,-0.1216350793838501
17443,19,-0.8370398283004761
17444,30,1.107867956161499
17445,26,-0.049852609634399414
17446,30,1.1307170391082764
17447,26,-0.08231961727142334
17448,24,-0.4180032014846802
17449,19,-0.8636606931686401
17450,28,0.2478114366531372
17451,21,-0.7325324416160583
17452,28,0.3230407238006592
17453,24,-0.35186445713043213
17454,30,1.156897783279419
17455,27,0.09804725646972656
17456,22,-0.6376782059669495
17457,25,-0.17599821090698242
17458,25,-0.24236226081848145
17459,17,-1.0221699476242065
17460,28,0.29131436347961426
17461,26,-0.021404147148132324
17462,23,-0.4450143575668335
17463,22,-0.5517950654029846
17464,27,0.2063981294631958
17465,30,1.1871495246887207
17466,25,-0.22258734703063965
17467,28,0.29469287395477295
17468,20,-0.7733895182609558
17469,26,-0.06801927089691162
17470,27,0.048926591873168945
17471,26,-0.08544039726257324
17472,28,0.4316103458404541
17473,26,-0.09859859943389893
17474,30,1.0961711406707764
17475,24,-0.34325969219207764
17476,26,-0.02763998508453369
17477,27,0.17164349555969238
17478,30,1.0809671878814697
17479,24,-0.3429619073867798
17480,26,0.0062444210052490234
17481,25,-0.2647038698196411
17482,28,0.4002305269241333
17483,23,-0.46066707372665405
17484,21,-0.6865900754928589
17485,21,-0.7024770975112915
17486,26,-0.04592597484588623
17487,30,0.9041047096252441
17488,25,-0.23270678520202637
17489,22,-0.6183122396469116
17490,27,0.12368428707122803
17491,27,0.051905274391174316
17492,21,-0.6611418724060059
17493,26,-0.04040694236755371
17494,21,-0.717281699180603
17495,23,-0.48859965801239014
17496,28,0.4036221504211426
17497,23,-0.44399338960647583
17498,27,0.22699499130249023
17499,26,-0.09788429737091064
17500,21,-0.7196519374847412
17501,26,-0.027482032775878906
17502,22,-0.6423414349555969
17503,27,0.245139479637146
17504,27,0.21117901802062988
17505,28,0.3016085624694824
17506,27,0.21652817726135254
17507,24,-0.40147578716278076
17508,27,0.16639411449432373
17509,30,1.1613919734954834
17510,28,0.504706621170044
17511,30,1.0224363803863525
17512,28,0.5201843976974487
17513,27,0.08816099166870117
17514,15,-1.122137427330017
17515,24,-0.3274974822998047
17516,30,1.1349036693572998
17517,28,0.27777814865112305
17518,25,-0.2928115129470825
17519,19,-0.8466019034385681
17520,22,-0.6059176921844482
17521,26,-0.07609593868255615
17522,26,-0.02590322494506836
17523,24,-0.33150869607925415
17524,28,0.4838540554046631
17525,30,1.0652439594268799
17526,26,-0.024654746055603027
17527,27,0.17615604400634766
17528,28,0.39476895332336426
17529,24,-0.4069719910621643
17530,26,-0.05772566795349121
17531,28,0.33514273166656494
17532,23,-0.5333327054977417
17533,21,-0.68543940782547
17534,25,-0.3077113628387451
17535,22,-0.6392665505409241
17536,29,0.5879392623901367
17537,27,0.1836097240447998
17538,28,0.4273548126220703
17539,18,-0.9661341905593872
17540,30,1.1574995517730713
17541,22,-0.5879181623458862
17542,25,-0.223649799823761
17543,24,-0.39541691541671753
17544,25,-0.19704198837280273
17545,28,0.3141515254974365
17546,28,0.4121781587600708
17547,30,1.1962745189666748
17548,23,-0.47121113538742065
17549,28,0.48741161823272705
17550,28,0.3209599256515503
17551,28,0.2733107805252075
17552,25,-0.2619597315788269
17553,28,0.288235068321228
17554,23,-0.44405102729797363
17555,26,-0.14381647109985352
17556,24,-0.355102002620697
17557,16,-1.1121805906295776
17558,22,-0.5834450125694275
17559,28,0.38307952880859375
17560,21,-0.7299841642379761
17561,27,0.1437913179397583
17562,21,-0.6923242211341858
17563,28,0.31019365787506104
17564,22,-0.5908939242362976
17565,25,-0.1986469030380249
17566,28,0.37070155143737793
17567,28,0.3405555486679077
17568,30,1.154456615447998
17569,24,-0.34353506565093994
17570,28,0.5219559669494629
17571,23,-0.4953559637069702
17572,27,0.23029422760009766
17573,30,1.0321650505065918
17574,28,0.4024425745010376
17575,30,0.9259188175201416
17576,21,-0.656980574131012
17577,22,-0.6178300976753235
17578,28,0.29131829738616943
17579,27,0.21659088134765625
17580,25,-0.26082843542099
17581,23,-0.46796417236328125
17582,22,-0.6298231482505798
17583,18,-0.9392083287239075
17584,17,-1.0270898342132568
17585,30,1.0538837909698486
17586,23,-0.44245946407318115
17587,30,1.109325885772705
17588,30,1.170039415359497
17589,26,-0.12841081619262695
17590,30,1.1001265048980713
17591,24,-0.42377769947052
17592,28,0.3139611482620239
17593,30,1.2104673385620117
17594,21,-0.6562266945838928
17595,25,-0.2508896589279175
17596,26,-0.06761908531188965
17597,26,-0.02471613883972168
17598,19,-0.8486992716789246
17599,28,0.32621610164642334
17600,28,0.37868642807006836
17601,25,-0.1926037073135376
17602,21,-0.6599308848381042
17603,23,-0.5017341375350952
17604,23,-0.509107232093811
17605,24,-0.3414500951766968
17606,30,1.0822899341583252
17607,24,-0.39579689502716064
17608,30,1.041170597076416
17609,23,-0.5135921239852905
17610,22,-0.6096023321151733
17611,23,-0.5036743879318237
17612,30,1.136129379272461
17613,23,-0.5301149487495422
17614,21,-0.6823432445526123
17615,26,-0.03759443759918213
17616,30,1.2144219875335693
17617,30,1.2087557315826416
17618,24,-0.3353583812713623
17619,25,-0.25708138942718506
17620,22,-0.5855225920677185
17621,24,-0.38253867626190186
17622,28,0.47338831424713135
17623,29,0.5744931697845459
17624,23,-0.4837856888771057
17625,28,0.4403853416442871
17626,24,-0.39705824851989746
17627,25,-0.16429829597473145
17628,25,-0.23768097162246704
17629,27,0.14329850673675537
17630,19,-0.8476543426513672
17631,27,0.18575620651245117
17632,28,0.4141387939453125
17633,22,-0.6203984618186951
17634,24,-0.39767342805862427
17635,29,0.5694981813430786
17636,26,-0.004536747932434082
17637,29,0.8350348472595215
17638,27,0.12147235870361328
17639,23,-0.48697710037231445
17640,24,-0.3867606520652771
17641,28,0.5238794088363647
17642,22,-0.639418363571167
17643,28,0.32349205017089844
17644,23,-0.5187718272209167
17645,28,0.3313196897506714
17646,21,-0.6754186153411865
17647,24,-0.3151673674583435
17648,23,-0.5251367688179016
17649,28,0.37713193893432617
17650,20,-0.8005671501159668
17651,26,-0.03455555438995361
17652,29,0.7293127775192261
17653,21,-0.6650215983390808
17654,18,-0.9663909673690796
17655,20,-0.7575891613960266
17656,23,-0.4388405680656433
17657,22,-0.5969589352607727
17658,27,0.1161731481552124
17659,27,0.05293774604797363
17660,28,0.3144270181655884
17661,26,-0.12127387523651123
17662,30,1.1878831386566162
17663,20,-0.7461894750595093
17664,28,0.2652575969696045
17665,25,-0.30533987283706665
17666,20,-0.8219387531280518
17667,25,-0.19501817226409912
17668,26,-0.058769941329956055
17669,29,0.6085056066513062
17670,27,0.1641547679901123
17671,24,-0.32729119062423706
17672,27,0.1993253231048584
17673,27,0.05268847942352295
17674,28,0.4833245277404785
17675,20,-0.7484503984451294
17676,24,-0.3643001317977905
17677,25,-0.260678768157959
17678,23,-0.5283811688423157
17679,21,-0.6705721020698547
17680,27,0.07487702369689941
17681,30,1.2275590896606445
17682,26,-0.1337651014328003
17683,16,-1.1046863794326782
17684,28,0.31076204776763916
17685,30,1.0429692268371582
17686,27,0.02823495864868164
17687,26,-0.06854534149169922
17688,22,-0.5482558012008667
17689,28,0.42349910736083984
17690,26,-0.12939202785491943
17691,28,0.43200016021728516
17692,28,0.4174853563308716
17693,27,0.09331488609313965
17694,30,1.078385591506958
17695,24,-0.42081260681152344
17696,30,1.2441627979278564
17697,27,0.13545656204223633
17698,27,0.1685476303100586
17699,26,-0.14622700214385986
17700,21,-0.7319576740264893
17701,24,-0.37595367431640625
17702,22,-0.5757679343223572
17703,30,1.1740174293518066
17704,29,0.7840311527252197
17705,26,-0.0696786642074585
17706,20,-0.7522740364074707
17707,27,0.214111328125
17708,20,-0.8115377426147461
17709,22,-0.5816183090209961
17710,26,-0.004998683929443359
17711,19,-0.8801164627075195
17712,22,-0.5684345960617065
17713,26,-0.007867574691772461
17714,22,-0.5996242165565491
17715,29,0.5517275333404541
17716,27,0.03185439109802246
17717,28,0.43221890926361084
17718,29,0.5272705554962158
17719,23,-0.4857938289642334
17720,24,-0.4217035174369812
17721,22,-0.6275847554206848
17722,30,0.955786943435669
17723,19,-0.8758713006973267
17724,23,-0.47824525833129883
17725,19,-0.8957043886184692
17726,25,-0.16530156135559082
17727,28,0.25971686840057373
17728,30,1.1965043544769287
17729,26,-0.03389871120452881
17730,23,-0.43564504384994507
17731,27,0.23569715023040771
17732,24,-0.35094237327575684
17733,29,0.6004980802536011
17734,27,0.13848769664764404
17735,20,-0.8014301657676697
17736,30,1.074678659439087
17737,30,1.079047441482544
17738,26,-0.041587114334106445
17739,20,-0.7623044848442078
17740,24,-0.3141102194786072
17741,28,0.3663015365600586
17742,26,0.004288196563720703
17743,28,0.26285886764526367
17744,29,0.7644292116165161
17745,27,0.1867598295211792
17746,30,1.0993561744689941
17747,23,-0.4763553738594055
17748,21,-0.645379900932312
17749,30,1.162224531173706
17750,27,0.15740537643432617
17751,28,0.3768348693847656
17752,24,-0.3842995762825012
17753,28,0.40698373317718506
17754,27,0.22061192989349365
17755,24,-0.4082295894622803
17756,30,1.129364252090454
17757,25,-0.18125498294830322
17758,22,-0.5746111869812012
17759,24,-0.3557462692260742
17760,25,-0.2645301818847656
17761,28,0.2616807222366333
17762,28,0.3471102714538574
17763,19,-0.8534802198410034
17764,28,0.42610764503479004
17765,24,-0.4288135766983032
17766,24,-0.3783419132232666
17767,27,0.1782231330871582
17768,28,0.26575326919555664
17769,27,0.08796799182891846
17770,20,-0.7554681301116943
17771,28,0.3157764673233032
17772,24,-0.3689168095588684
17773,29,0.5609956979751587
17774,28,0.25862324237823486
17775,30,1.2224211692810059
17776,27,0.06487715244293213
17777,30,1.0288186073303223
17778,27,0.04485523700714111
17779,30,1.109520673751831
17780,28,0.2616763114929199
17781,22,-0.6164217591285706
17782,28,0.386868953704834
17783,27,0.21615397930145264
17784,25,-0.26702481508255005
17785,29,0.6149178743362427
17786,28,0.25822317600250244
17787,26,0.009241938591003418
17788,27,0.07574331760406494
17789,20,-0.8211361169815063
17790,25,-0.29770606756210327
17791,24,-0.38106757402420044
17792,28,0.4248098134994507
17793,25,-0.24828654527664185
17794,24,-0.3589683175086975
17795,27,0.04909384250640869
17796,28,0.3567453622817993
17797,23,-0.538581371307373
17798,27,0.1450568437576294
17799,27,0.0731356143951416
17800,30,1.0828509330749512
17801,25,-0.30396008491516113
17802,25,-0.20697307586669922
17803,23,-0.4650809168815613
17804,27,0.21371102333068848
17805,27,0.17016565799713135
17806,30,0.9954288005828857
17807,28,0.49098098278045654
17808,27,0.24222135543823242
17809,22,-0.5768359899520874
17810,26,-0.07117986679077148
17811,25,-0.19882535934448242
17812,23,-0.4451408386230469
17813,27,0.04045844078063965
17814,30,1.074394702911377
17815,18,-0.9235996007919312
17816,25,-0.23933011293411255
17817,24,-0.38574981689453125
17818,22,-0.5467938184738159
17819,28,0.46944355964660645
17820,30,0.9064970016479492
17821,23,-0.45615166425704956
17822,27,0.04157662391662598
17823,22,-0.5956690907478333
17824,30,1.037801742553711
17825,22,-0.5785084366798401
17826,20,-0.8258811235427856
17827,22,-0.5984704494476318
17828,28,0.277085542678833
17829,23,-0.4746862053871155
17830,20,-0.745211124420166
17831,21,-0.7010888457298279
17832,30,1.098963737487793
17833,28,0.48554837703704834
17834,27,0.03724038600921631
17835,28,0.3956875801086426
17836,24,-0.3094872236251831
17837,26,-0.05805337429046631
17838,28,0.46280527114868164
17839,24,-0.3797726631164551
17840,29,0.5879030227661133
17841,28,0.3076777458190918
17842,30,1.1624231338500977
17843,25,-0.24050390720367432
17844,28,0.28784000873565674
17845,22,-0.6023126244544983
17846,24,-0.4275999069213867
17847,23,-0.4420487880706787
17848,30,1.0756046772003174
17849,22,-0.5708385705947876
17850,23,-0.531596839427948
17851,25,-0.2253117561340332
17852,23,-0.5072036981582642
17853,24,-0.346957266330719
17854,28,0.3165181875228882
17855,26,-0.036000847816467285
17856,23,-0.47267013788223267
17857,23,-0.4662763476371765
17858,29,0.5554176568984985
17859,22,-0.5582844018936157
17860,27,0.1537637710571289
17861,24,-0.35439157485961914
17862,25,-0.25616520643234253
17863,27,0.2421722412109375
17864,28,0.28731560707092285
17865,20,-0.8066229224205017
17866,23,-0.5048255920410156
17867,30,1.162397861480713
17868,29,0.5969846248626709
17869,23,-0.4377857446670532
17870,25,-0.21992385387420654
17871,30,1.0980474948883057
17872,29,0.8614776134490967
17873,27,0.053484320640563965
17874,26,-0.041643381118774414
17875,28,0.425351619720459
17876,30,1.0615594387054443
17877,23,-0.527957558631897
17878,29,0.5382213592529297
17879,27,0.022823810577392578
17880,20,-0.7708731889724731
17881,28,0.3565373420715332
17882,30,1.0856876373291016
17883,21,-0.6624923348426819
17884,27,0.07196009159088135
17885,27,0.031064987182617188
17886,28,0.3674215078353882
17887,22,-0.5964893102645874
17888,28,0.32898426055908203
17889,27,0.06390094757080078
17890,26,-0.11307311058044434
17891,26,-0.14896011352539062
17892,28,0.4305403232574463
17893,25,-0.19160306453704834
17894,21,-0.7343968152999878
17895,24,-0.35580188035964966
17896,27,0.03393256664276123
17897,22,-0.6059781312942505
17898,28,0.3673778772354126
17899,23,-0.5191380977630615
17900,21,-0.6504559516906738
17901,29,0.5638253688812256
17902,25,-0.2781999111175537
17903,23,-0.5085108876228333
17904,20,-0.8037517070770264
17905,26,-0.10197091102600098
17906,26,-0.03447914123535156
17907,25,-0.29742223024368286
17908,21,-0.7061144709587097
17909,27,0.18910455703735352
17910,25,-0.2673153281211853
17911,25,-0.1895303726196289
17912,28,0.307533860206604
17913,23,-0.4848403334617615
17914,29,0.8840415477752686
17915,22,-0.5818319916725159
17916,28,0.32093381881713867
17917,26,-0.12541377544403076
17918,29,0.5425792932510376
17919,27,0.06228804588317871
17920,23,-0.5312359929084778
17921,22,-0.5657052397727966
17922,26,-0.03849971294403076
17923,26,-0.14468538761138916
17924,30,1.0402450561523438
17925,28,0.4480626583099365
17926,28,0.4107491970062256
17927,17,-0.9912605285644531
17928,29,0.5731710195541382
17929,24,-0.40481841564178467
17930,24,-0.4254778027534485
17931,23,-0.49632787704467773
17932,24,-0.3959304690361023
17933,29,0.5524740219116211
17934,27,0.2043297290802002
17935,28,0.3026106357574463
17936,25,-0.29263222217559814
17937,26,-0.15878033638000488
17938,23,-0.4660450220108032
17939,27,0.23494219779968262
17940,30,1.0733397006988525
17941,25,-0.2836282253265381
17942,27,0.14475560188293457
17943,23,-0.542436420917511
17944,26,-0.1503593921661377
17945,27,0.06758677959442139
17946,26,0.011172294616699219
17947,28,0.38590705394744873
17948,21,-0.7222063541412354
17949,27,0.09666860103607178
17950,28,0.28490424156188965
17951,22,-0.6088328957557678
17952,28,0.43649137020111084
17953,24,-0.38872915506362915
17954,25,-0.19484972953796387
17955,30,1.0770857334136963
17956,27,0.06599676609039307
17957,27,0.17463183403015137
17958,29,0.588158369064331
17959,22,-0.6167011260986328
17960,25,-0.27975499629974365
17961,29,0.6834723949432373
17962,24,-0.35489583015441895
17963,23,-0.5044152140617371
17964,25,-0.2020202875137329
17965,26,0.017230510711669922
17966,29,0.813117504119873
17967,26,-0.13210797309875488
17968,25,-0.2644916772842407
17969,28,0.4037395715713501
17970,28,0.36238253116607666
17971,25,-0.24794477224349976
17972,23,-0.4513756036758423
17973,27,0.03178679943084717
17974,28,0.4086761474609375
17975,23,-0.5020812749862671
17976,23,-0.4792417883872986
17977,30,1.1277682781219482
17978,28,0.34189510345458984
17979,30,1.1522274017333984
17980,26,0.011631369590759277
17981,25,-0.18548691272735596
17982,19,-0.9084625244140625
17983,21,-0.6549866795539856
17984,24,-0.3720424771308899
17985,23,-0.496628999710083
17986,21,-0.6625836491584778
17987,25,-0.24630826711654663
17988,22,-0.5718696117401123
17989,28,0.45305633544921875
17990,29,0.6541867256164551
17991,29,0.5409561395645142
17992,25,-0.28831303119659424
17993,25,-0.26412665843963623
17994,24,-0.405737042427063
17995,27,0.19854652881622314
17996,27,0.0271834135055542
17997,28,0.33109891414642334
17998,19,-0.8758779168128967
17999,29,0.5597397089004517
18000,24,-0.40078264474868774
18001,29,0.6984502077102661
18002,26,-0.1468268632888794
18003,19,-0.8441946506500244
18004,27,0.23433983325958252
18005,27,0.23338663578033447
18006,27,0.05439889430999756
18007,27,0.09476661682128906
18008,27,0.1634371280670166
18009,29,0.5599536895751953
18010,23,-0.48728621006011963
18011,29,0.6242769956588745
18012,30,0.9686532020568848
18013,26,-0.006403088569641113
18014,28,0.4537336826324463
18015,22,-0.5534816980361938
18016,29,0.5747400522232056
18017,23,-0.5251040458679199
18018,19,-0.8811991214752197
18019,25,-0.2518664598464966
18020,30,0.9367568492889404
18021,25,-0.2993796467781067
18022,25,-0.2511644959449768
18023,28,0.4792964458465576
18024,28,0.4574207067489624
18025,24,-0.3125768303871155
18026,25,-0.28578001260757446
18027,27,0.057210564613342285
18028,28,0.4017488956451416
18029,25,-0.20963454246520996
18030,29,0.5748695135116577
18031,25,-0.304440438747406
18032,28,0.4725162982940674
18033,28,0.4413100481033325
18034,27,0.23626744747161865
18035,28,0.43189573287963867
18036,20,-0.7790103554725647
18037,30,1.2330799102783203
18038,28,0.454595685005188
18039,26,-0.06215238571166992
18040,28,0.27606868743896484
18041,27,0.21579301357269287
18042,27,0.02475905418395996
18043,24,-0.40559208393096924
18044,26,-0.11234760284423828
18045,28,0.3141512870788574
18046,27,0.10024750232696533
18047,27,0.049155235290527344
18048,25,-0.26511144638061523
18049,25,-0.1928502321243286
18050,22,-0.5654256939888
18051,29,0.689056396484375
18052,29,0.8834817409515381
18053,23,-0.4645726680755615
18054,27,0.13351655006408691
18055,30,1.0858426094055176
18056,27,0.03607487678527832
18057,23,-0.4953767657279968
18058,26,-0.051541805267333984
18059,27,0.17458713054656982
18060,26,-0.12703156471252441
18061,26,-0.0641711950302124
18062,24,-0.31636178493499756
18063,24,-0.31998521089553833
18064,30,1.1453547477722168
18065,26,-0.0496906042098999
18066,21,-0.7033255100250244
18067,26,-0.1160130500793457
18068,25,-0.2246803641319275
18069,30,1.1202459335327148
18070,26,-0.07586348056793213
18071,23,-0.43887656927108765
18072,28,0.34264707565307617
18073,27,0.09284472465515137
18074,30,0.9931554794311523
18075,30,1.0049831867218018
18076,28,0.3061234951019287
18077,28,0.3672831058502197
18078,29,0.542131781578064
18079,30,1.2369167804718018
18080,24,-0.3520445227622986
18081,22,-0.5763577818870544
18082,24,-0.3925133943557739
18083,30,0.9354410171508789
18084,24,-0.35851800441741943
18085,30,0.9299521446228027
18086,19,-0.8494542837142944
18087,27,0.18188679218292236
18088,28,0.26371562480926514
18089,18,-0.952977180480957
18090,25,-0.28724658489227295
18091,22,-0.5630419254302979
18092,29,0.5306966304779053
18093,27,0.1584852933883667
18094,23,-0.5049647092819214
18095,24,-0.3634675145149231
18096,22,-0.6436380743980408
18097,28,0.4476335048675537
18098,24,-0.31777024269104004
18099,27,0.13728857040405273
18100,28,0.30374670028686523
18101,28,0.28085458278656006
18102,28,0.4466460943222046
18103,26,-0.14745056629180908
18104,27,0.15739226341247559
18105,24,-0.3297464847564697
18106,27,0.21099388599395752
18107,22,-0.5746103525161743
18108,25,-0.2947578430175781
18109,28,0.2590208053588867
18110,25,-0.25252819061279297
18111,26,-0.03694868087768555
18112,24,-0.32247287034988403
18113,23,-0.5265613794326782
18114,26,0.0042237043380737305
18115,22,-0.6039469838142395
18116,28,0.34940314292907715
18117,26,-0.10154712200164795
18118,25,-0.20670366287231445
18119,25,-0.24478304386138916
18120,28,0.4723554849624634
18121,27,0.2454756498336792
18122,29,0.6297794580459595
18123,30,1.0630385875701904
18124,30,1.0301432609558105
18125,24,-0.3098610043525696
18126,27,0.0590207576751709
18127,28,0.2884225845336914
18128,29,0.5327060222625732
18129,30,1.1988983154296875
18130,23,-0.46285659074783325
18131,22,-0.5511625409126282
18132,24,-0.35644054412841797
18133,24,-0.38040751218795776
18134,27,0.1172933578491211
18135,29,0.6323060989379883
18136,26,-0.08248209953308105
18137,26,-0.0033330917358398438
18138,28,0.28211474418640137
18139,30,1.1509191989898682
18140,24,-0.3836754560470581
18141,25,-0.2932699918746948
18142,20,-0.7971941828727722
18143,25,-0.2860875725746155
18144,24,-0.3563123941421509
18145,25,-0.2734319567680359
18146,28,0.4687296152114868
18147,28,0.3520594835281372
18148,28,0.2705240249633789
18149,29,0.5458856821060181
18150,29,0.5677858591079712
18151,25,-0.26875704526901245
18152,22,-0.5746830701828003
18153,26,-0.11641335487365723
18154,30,1.1241488456726074
18155,25,-0.21308135986328125
18156,27,0.0381242036819458
18157,29,0.825455904006958
18158,23,-0.4687994718551636
18159,30,1.2260849475860596
18160,25,-0.26491743326187134
18161,21,-0.6514459848403931
18162,25,-0.29011839628219604
18163,25,-0.16871821880340576
18164,22,-0.6258143782615662
18165,26,-0.0745248794555664
18166,22,-0.5538000464439392
18167,22,-0.5701498985290527
18168,28,0.3799196481704712
18169,22,-0.5659749507904053
18170,26,-0.1366407871246338
18171,27,0.21507084369659424
18172,26,-0.07973814010620117
18173,29,0.8611483573913574
18174,28,0.2474898099899292
18175,27,0.23851537704467773
18176,23,-0.5112577080726624
18177,28,0.4224817752838135
18178,24,-0.39226388931274414
18179,30,1.184577465057373
18180,26,-0.157210111618042
18181,30,0.985802173614502
18182,30,1.0510334968566895
18183,21,-0.6629389524459839
18184,26,-0.10781419277191162
18185,30,1.1784207820892334
18186,26,-0.011850714683532715
18187,30,1.1017327308654785
18188,21,-0.6852061748504639
18189,30,1.1992928981781006
18190,23,-0.509553849697113
18191,18,-0.9136170148849487
18192,27,0.12477648258209229
18193,28,0.32390570640563965
18194,30,1.083005428314209
18195,23,-0.45078015327453613
18196,20,-0.8184322118759155
18197,28,0.47205984592437744
18198,28,0.4317551851272583
18199,22,-0.6103562116622925
18200,27,0.1965705156326294
18201,24,-0.3742222189903259
18202,21,-0.7408053874969482
18203,22,-0.6435908675193787
18204,23,-0.45920103788375854
18205,28,0.3464822769165039
18206,21,-0.65876305103302
18207,26,0.0034317970275878906
18208,28,0.40104830265045166
18209,23,-0.5203753709793091
18210,28,0.3551565408706665
18211,30,1.2020606994628906
18212,27,0.23333227634429932
18213,25,-0.23564589023590088
18214,29,0.5389400720596313
18215,29,0.5562139749526978
18216,29,0.5328031778335571
18217,24,-0.32127201557159424
18218,20,-0.7590653896331787
18219,24,-0.3822088837623596
18220,30,0.9539875984191895
18221,21,-0.64983731508255
18222,27,0.14152765274047852
18223,24,-0.31983256340026855
18224,28,0.37947916984558105
18225,26,-0.02700972557067871
18226,29,0.5764613151550293
18227,27,0.16338706016540527
18228,29,0.5329886674880981
18229,28,0.5225335359573364
18230,21,-0.7079282402992249
18231,27,0.10132908821105957
18232,23,-0.49281758069992065
18233,30,1.0066754817962646
18234,26,-0.05614817142486572
18235,24,-0.31865596771240234
18236,25,-0.3011341691017151
18237,27,0.2320936918258667
18238,30,1.2049918174743652
18239,22,-0.6153015494346619
18240,28,0.26749444007873535
18241,28,0.30131256580352783
18242,26,-0.08453750610351562
18243,25,-0.2651323080062866
18244,25,-0.20136988162994385
18245,26,-0.06965720653533936
18246,24,-0.4045451879501343
18247,26,-0.1479405164718628
18248,29,0.760085940361023
18249,22,-0.5864044427871704
18250,29,0.6421605348587036
18251,24,-0.3256179690361023
18252,20,-0.7489514350891113
18253,30,1.2206156253814697
18254,28,0.3357522487640381
18255,26,-0.01733100414276123
18256,25,-0.30258476734161377
18257,24,-0.31763923168182373
18258,24,-0.35772639513015747
18259,28,0.378206729888916
18260,23,-0.44343477487564087
18261,27,0.10472261905670166
18262,28,0.49724507331848145
18263,28,0.3115118741989136
18264,29,0.8187744617462158
18265,28,0.30501675605773926
18266,29,0.5904775857925415
18267,24,-0.42873871326446533
18268,28,0.3411611318588257
18269,26,0.000933527946472168
18270,23,-0.4340708255767822
18271,30,1.1886014938354492
18272,24,-0.3510538935661316
18273,29,0.6893740892410278
18274,24,-0.3239588141441345
18275,27,0.15107226371765137
18276,24,-0.3987194895744324
18277,23,-0.4901168942451477
18278,23,-0.5140818953514099
18279,25,-0.19610965251922607
18280,29,0.6005679368972778
18281,24,-0.33138686418533325
18282,22,-0.5472103953361511
18283,28,0.48518478870391846
18284,28,0.2746105194091797
18285,24,-0.3278866410255432
18286,28,0.3023751974105835
18287,25,-0.18413186073303223
18288,29,0.6019868850708008
18289,30,0.9984369277954102
18290,20,-0.7645770907402039
18291,22,-0.5708355903625488
18292,26,-0.05944263935089111
18293,28,0.25366389751434326
18294,26,-0.008582592010498047
18295,27,0.1685342788696289
18296,26,-0.04443955421447754
18297,23,-0.4983217716217041
18298,24,-0.3392341732978821
18299,28,0.3601287603378296
18300,26,-0.13408899307250977
18301,29,0.7335993051528931
18302,23,-0.4561593532562256
18303,28,0.46556973457336426
18304,26,-0.08401751518249512
18305,28,0.5079152584075928
18306,29,0.5828601121902466
18307,23,-0.5384228825569153
18308,26,-0.15535974502563477
18309,25,-0.20175278186798096
18310,28,0.4369300603866577
18311,26,-0.13930058479309082
18312,29,0.6465123891830444
18313,25,-0.28899842500686646
18314,27,0.07935929298400879
18315,27,0.1693946123123169
18316,29,0.5674190521240234
18317,24,-0.3140488862991333
18318,25,-0.2681143283843994
18319,28,0.3053302764892578
18320,28,0.42341887950897217
18321,27,0.227921724319458
18322,25,-0.2973324656486511
18323,29,0.6509007215499878
18324,27,0.1809450387954712
18325,28,0.4290505647659302
18326,24,-0.4296255111694336
18327,30,1.1446542739868164
18328,27,0.20839715003967285
18329,23,-0.5036945939064026
18330,30,1.0915143489837646
18331,24,-0.34310948848724365
18332,30,1.1162235736846924
18333,25,-0.18783986568450928
18334,25,-0.20521342754364014
18335,24,-0.3285892605781555
18336,30,1.182650089263916
18337,29,0.5710121393203735
18338,30,1.1864638328552246
18339,27,0.17068278789520264
18340,30,1.054013967514038
18341,27,0.17296981811523438
18342,30,1.1340341567993164
18343,28,0.37170398235321045
18344,26,-0.0718390941619873
18345,24,-0.40801817178726196
18346,28,0.4740445613861084
18347,28,0.496768593788147
18348,28,0.40091049671173096
18349,26,-0.017482876777648926
18350,28,0.2932095527648926
18351,29,0.6385308504104614
18352,28,0.39007091522216797
18353,26,-0.06480848789215088
18354,25,-0.28939884901046753
18355,26,0.012580037117004395
18356,25,-0.20017480850219727
18357,28,0.48584437370300293
18358,29,0.5377770662307739
18359,24,-0.37142491340637207
18360,27,0.08884787559509277
18361,28,0.30636608600616455
18362,25,-0.19711542129516602
18363,24,-0.319319486618042
18364,27,0.16484391689300537
18365,28,0.4761323928833008
18366,25,-0.2799953818321228
18367,28,0.3294590711593628
18368,28,0.4292416572570801
18369,27,0.052340030670166016
18370,23,-0.4878709316253662
18371,28,0.26234447956085205
18372,26,-0.14825677871704102
18373,29,0.5755548477172852
18374,26,0.006737947463989258
18375,25,-0.2774190902709961
18376,24,-0.3194013237953186
18377,28,0.46098577976226807
18378,29,0.6272550821304321
18379,24,-0.34931349754333496
18380,28,0.39771926403045654
18381,29,0.570866584777832
18382,27,0.05023026466369629
18383,25,-0.22159838676452637
18384,26,0.01195991039276123
18385,23,-0.4495500326156616
18386,19,-0.8528293371200562
18387,23,-0.4349503517150879
18388,21,-0.6843014359474182
18389,26,-0.16072845458984375
18390,23,-0.4842988848686218
18391,25,-0.20198678970336914
18392,30,1.198124885559082
18393,27,0.18321824073791504
18394,28,0.2855566740036011
18395,27,0.15214502811431885
18396,23,-0.45090675354003906
18397,25,-0.30471253395080566
18398,21,-0.6757341027259827
18399,21,-0.6503271460533142
18400,30,1.0925304889678955
18401,29,0.7335165739059448
18402,28,0.3880819082260132
18403,27,0.09121072292327881
18404,27,0.059987664222717285
18405,26,-0.08052301406860352
18406,23,-0.4784988760948181
18407,28,0.2725389003753662
18408,24,-0.3116794228553772
18409,30,0.9645450115203857
18410,24,-0.39597636461257935
18411,29,0.6238194704055786
18412,28,0.5166608095169067
18413,24,-0.3843400478363037
18414,24,-0.34268784523010254
18415,26,-0.03237271308898926
18416,30,1.0909254550933838
18417,23,-0.4822627305984497
18418,28,0.3623955249786377
18419,29,0.7107038497924805
18420,28,0.35837531089782715
18421,25,-0.16568219661712646
18422,21,-0.6956784725189209
18423,28,0.2998998165130615
18424,24,-0.3553285002708435
18425,26,-0.04115402698516846
18426,30,1.1957893371582031
18427,28,0.3445183038711548
18428,25,-0.1653064489364624
18429,27,0.13247942924499512
18430,24,-0.3102932572364807
18431,24,-0.4051400423049927
18432,26,-0.02575695514678955
18433,22,-0.6088936924934387
18434,21,-0.684497594833374
18435,23,-0.43904417753219604
18436,22,-0.5488001704216003
18437,30,1.2161967754364014
18438,26,-0.04828596115112305
18439,26,-0.06932651996612549
18440,27,0.2210012674331665
18441,23,-0.5053964853286743
18442,25,-0.21360176801681519
18443,28,0.40487074851989746
18444,25,-0.2524604797363281
18445,30,1.1964912414550781
18446,30,1.0763156414031982
18447,23,-0.44685083627700806
18448,26,-0.12466287612915039
18449,25,-0.19926345348358154
18450,27,0.028312206268310547
18451,22,-0.5822786688804626
18452,28,0.4200022220611572
18453,27,0.03604090213775635
18454,24,-0.3914739489555359
18455,30,0.9176719188690186
18456,27,0.08047115802764893
18457,25,-0.18779563903808594
18458,28,0.48972296714782715
18459,28,0.26338040828704834
18460,26,-0.06844890117645264
18461,28,0.5067653656005859
18462,21,-0.7203806042671204
18463,27,0.15142905712127686
18464,25,-0.18333017826080322
18465,25,-0.19063949584960938
18466,24,-0.3421449661254883
18467,22,-0.5534753203392029
18468,29,0.6539044380187988
18469,24,-0.39535003900527954
18470,23,-0.4361662268638611
18471,25,-0.30939412117004395
18472,27,0.03667855262756348
18473,25,-0.22412633895874023
18474,29,0.6090654134750366
18475,30,1.199387550354004
18476,29,0.5622066259384155
18477,30,1.2477355003356934
18478,30,1.0558686256408691
18479,28,0.39980387687683105
18480,30,1.1411871910095215
18481,24,-0.4253731966018677
18482,26,0.003330707550048828
18483,27,0.18964076042175293
18484,26,-0.09506261348724365
18485,24,-0.3821984529495239
18486,26,-0.12571752071380615
18487,23,-0.4550042748451233
18488,30,0.9169809818267822
18489,27,0.08300232887268066
18490,30,1.1511693000793457
18491,27,0.2447526454925537
18492,27,0.03883826732635498
18493,25,-0.16660165786743164
18494,27,0.20335090160369873
18495,28,0.25777924060821533
18496,27,0.08053827285766602
18497,30,1.242142915725708
18498,24,-0.32079750299453735
18499,25,-0.2046647071838379
18500,26,-0.15031862258911133
18501,22,-0.6187641620635986
18502,28,0.4204678535461426
18503,27,0.21869206428527832
18504,22,-0.5599132776260376
18505,30,1.1701951026916504
18506,24,-0.40111595392227173
18507,29,0.7211211919784546
18508,28,0.3255397081375122
18509,26,-0.025109291076660156
18510,25,-0.17813003063201904
18511,29,0.598434329032898
18512,26,-0.10431456565856934
18513,27,0.04355645179748535
18514,30,1.1491098403930664
18515,27,0.08163690567016602
18516,27,0.10908138751983643
18517,28,0.35259997844696045
18518,26,-0.013961195945739746
18519,27,0.20075559616088867
18520,26,-0.10923945903778076
18521,26,-0.0877004861831665
18522,28,0.5163997411727905
18523,23,-0.4537046551704407
18524,25,-0.18464183807373047
18525,27,0.23746812343597412
18526,24,-0.40368402004241943
18527,26,-0.09325087070465088
18528,27,0.03080284595489502
18529,17,-1.0004611015319824
18530,26,-0.13811981678009033
18531,24,-0.36745685338974
18532,28,0.34586477279663086
18533,24,-0.3622477650642395
18534,26,-0.11308896541595459
18535,27,0.1281970739364624
18536,29,0.6852483749389648
18537,30,1.1600608825683594
18538,29,0.6327166557312012
18539,30,0.9692864418029785
18540,23,-0.4861941933631897
18541,30,0.9883131980895996
18542,25,-0.19189369678497314
18543,22,-0.5659973621368408
18544,29,0.6305497884750366
18545,30,1.1649339199066162
18546,24,-0.4026910066604614
18547,24,-0.3606438636779785
18548,30,0.9323811531066895
18549,27,0.1643160581588745
18550,28,0.35751283168792725
18551,27,0.1608220338821411
18552,23,-0.5179650783538818
18553,27,0.14685428142547607
18554,27,0.11644840240478516
18555,27,0.24530065059661865
18556,27,0.11024653911590576
18557,30,1.1049702167510986
18558,19,-0.8996955156326294
18559,25,-0.260501503944397
18560,20,-0.8048657178878784
18561,27,0.22338342666625977
18562,29,0.5799323320388794
18563,23,-0.4404579997062683
18564,29,0.5312843322753906
18565,28,0.49504661560058594
18566,24,-0.3173961043357849
18567,25,-0.30507224798202515
18568,25,-0.29813873767852783
18569,29,0.5535011291503906
18570,25,-0.2496345043182373
18571,24,-0.3392927646636963
18572,30,1.1722180843353271
18573,27,0.22656655311584473
18574,30,1.1072664260864258
18575,22,-0.5671996474266052
18576,24,-0.36279553174972534
18577,30,1.0418634414672852
18578,25,-0.24518507719039917
18579,26,-0.07719779014587402
18580,30,1.185039758682251
18581,26,-0.033370256423950195
18582,26,-0.11559200286865234
18583,22,-0.5676178336143494
18584,23,-0.4975346326828003
18585,28,0.41186630725860596
18586,22,-0.5550083518028259
18587,30,1.1271581649780273
18588,28,0.44706571102142334
18589,27,0.061843156814575195
18590,27,0.21782755851745605
18591,22,-0.5581113696098328
18592,30,1.2074697017669678
18593,28,0.2933940887451172
18594,30,1.195650577545166
18595,30,1.177992820739746
18596,30,1.218562126159668
18597,19,-0.8724780082702637
18598,25,-0.17656266689300537
18599,25,-0.2230023741722107
18600,25,-0.29825544357299805
18601,24,-0.3549574017524719
18602,28,0.2685898542404175
18603,28,0.4216299057006836
18604,28,0.4868828058242798
18605,29,0.699914813041687
18606,27,0.05385100841522217
18607,29,0.5880632400512695
18608,26,-0.148626446723938
18609,29,0.5616675615310669
18610,29,0.5430581569671631
18611,29,0.5732437372207642
18612,29,0.6032837629318237
18613,23,-0.5254325866699219
18614,27,0.07403314113616943
18615,27,0.18364906311035156
18616,30,1.2123997211456299
18617,28,0.36776435375213623
18618,29,0.8883225917816162
18619,27,0.08848810195922852
18620,22,-0.6386059522628784
18621,27,0.23312723636627197
18622,24,-0.39136767387390137
18623,28,0.45277249813079834
18624,28,0.35929107666015625
18625,30,1.1467981338500977
18626,26,-0.13996458053588867
18627,30,1.2142846584320068
18628,29,0.7116923332214355
18629,19,-0.8781006336212158
18630,19,-0.8650094270706177
18631,25,-0.2514157295227051
18632,26,-0.15890347957611084
18633,24,-0.42048776149749756
18634,25,-0.3043626546859741
18635,30,1.017808437347412
18636,23,-0.4594820737838745
18637,27,0.0777357816696167
18638,28,0.5239026546478271
18639,25,-0.19670581817626953
18640,27,0.01961696147918701
18641,26,-0.07776451110839844
18642,29,0.691558837890625
18643,24,-0.38621801137924194
18644,24,-0.39442527294158936
18645,30,1.1811370849609375
18646,21,-0.7081478834152222
18647,30,1.2101330757141113
18648,28,0.4681507349014282
18649,27,0.11466288566589355
18650,22,-0.6337369084358215
18651,27,0.16608333587646484
18652,30,1.1395368576049805
18653,30,1.0848760604858398
18654,23,-0.45781493186950684
18655,28,0.2935112714767456
18656,24,-0.3424226641654968
18657,23,-0.49587684869766235
18658,26,-0.05242180824279785
18659,27,0.026288986206054688
18660,24,-0.3958126902580261
18661,26,-0.01994764804840088
18662,20,-0.7631579637527466
18663,23,-0.43477731943130493
18664,27,0.17752671241760254
18665,29,0.5322067737579346
18666,20,-0.8297319412231445
18667,23,-0.5277583003044128
18668,25,-0.1786719560623169
18669,27,0.05620300769805908
18670,30,1.213895559310913
18671,28,0.40640580654144287
18672,27,0.10593283176422119
18673,27,0.09832501411437988
18674,29,0.6588915586471558
18675,29,0.7026535272598267
18676,27,0.19283461570739746
18677,29,0.6958394050598145
18678,24,-0.39257144927978516
18679,25,-0.19228243827819824
18680,24,-0.4269496202468872
18681,25,-0.17408359050750732
18682,30,1.2578253746032715
18683,28,0.5036067962646484
18684,28,0.5024336576461792
18685,29,0.5479769706726074
18686,30,1.1918115615844727
18687,29,0.5519510507583618
18688,22,-0.5968923568725586
18689,26,-0.06730198860168457
18690,29,0.6386785507202148
18691,24,-0.332999587059021
18692,29,0.8564848899841309
18693,26,-0.14448988437652588
18694,30,1.1595699787139893
18695,29,0.8305306434631348
18696,27,0.12940526008605957
18697,28,0.37637078762054443
18698,26,-0.01531362533569336
18699,28,0.5196477174758911
18700,26,-0.11578619480133057
18701,28,0.5150860548019409
18702,28,0.3547273874282837
18703,27,0.17377722263336182
18704,28,0.458172082901001
18705,28,0.3064301013946533
18706,26,-0.03816664218902588
18707,25,-0.1842479705810547
18708,30,1.1825480461120605
18709,25,-0.3034464120864868
18710,24,-0.3100799322128296
18711,27,0.16965031623840332
18712,30,1.1950960159301758
18713,29,0.6036478281021118
18714,28,0.2657947540283203
18715,23,-0.5342335104942322
18716,24,-0.32391321659088135
18717,23,-0.4822048544883728
18718,28,0.3657703399658203
18719,30,1.248307704925537
18720,29,0.6138292551040649
18721,26,-0.08706402778625488
18722,29,0.6484900712966919
18723,25,-0.21118992567062378
18724,30,1.1773922443389893
18725,25,-0.1770261526107788
18726,25,-0.25816309452056885
18727,25,-0.22016644477844238
18728,21,-0.6585453748703003
18729,24,-0.40926051139831543
18730,28,0.349109411239624
18731,30,1.1756274700164795
18732,29,0.5544785261154175
18733,29,0.6326295137405396
18734,27,0.10135209560394287
18735,30,1.1831762790679932
18736,29,0.5511285066604614
18737,30,1.1814711093902588
18738,25,-0.20640158653259277
18739,29,0.5931282043457031
18740,30,1.0845139026641846
18741,28,0.4985412359237671
18742,30,1.150083303451538
18743,30,1.1230580806732178
18744,27,0.1877058744430542
18745,29,0.8447692394256592
18746,24,-0.4112165570259094
18747,28,0.36640453338623047
18748,23,-0.4393576979637146
18749,23,-0.47260338068008423
18750,28,0.4659252166748047
18751,30,1.1249067783355713
18752,24,-0.40538692474365234
18753,25,-0.17936444282531738
18754,26,-0.1363074779510498
18755,26,-0.07965123653411865
18756,28,0.3616708517074585
18757,28,0.2577800750732422
18758,26,-0.07795870304107666
18759,27,0.05523037910461426
18760,23,-0.49729806184768677
18761,25,-0.2385481595993042
18762,28,0.3110710382461548
18763,26,-0.08477914333343506
18764,30,1.1576662063598633
18765,30,1.0400784015655518
18766,28,0.45999884605407715
18767,26,-0.13781976699829102
18768,27,0.15035784244537354
18769,22,-0.591205358505249
18770,30,1.1884796619415283
18771,29,0.6011831760406494
18772,29,0.7542229890823364
18773,26,-0.12324857711791992
18774,26,-0.06100428104400635
18775,24,-0.37273597717285156
18776,28,0.4704859256744385
18777,27,0.20569205284118652
18778,30,1.2061941623687744
18779,28,0.25519371032714844
18780,25,-0.3080798387527466
18781,29,0.5504310131072998
18782,30,1.00144362449646
18783,24,-0.3451002240180969
18784,30,1.1662938594818115
18785,23,-0.4614245891571045
18786,27,0.025430679321289062
18787,25,-0.2675468325614929
18788,28,0.3466287851333618
18789,30,1.0636937618255615
18790,26,-0.11307382583618164
18791,28,0.40128445625305176
18792,25,-0.23744171857833862
18793,30,1.157571792602539
18794,29,0.5919896364212036
18795,27,0.2098989486694336
18796,24,-0.3777577877044678
18797,28,0.26685667037963867
18798,30,1.2009143829345703
18799,29,0.5311216115951538
18800,29,0.6563699245452881
18801,29,0.8127987384796143
18802,28,0.4002714157104492
18803,26,-0.07844018936157227
18804,24,-0.41377997398376465
18805,28,0.2881758213043213
18806,28,0.4976801872253418
18807,21,-0.6881289482116699
18808,25,-0.24401038885116577
18809,29,0.7460193634033203
18810,28,0.49492406845092773
18811,26,-0.0884329080581665
18812,28,0.3304712772369385
18813,26,-0.015672922134399414
18814,25,-0.24103158712387085
18815,25,-0.2817482352256775
18816,26,-0.10307085514068604
18817,25,-0.297848105430603
18818,21,-0.6738440990447998
18819,24,-0.415172815322876
18820,27,0.16823256015777588
18821,30,1.2127556800842285
18822,29,0.7210203409194946
18823,30,1.24898099899292
18824,24,-0.40045738220214844
18825,23,-0.5215871930122375
18826,26,-0.0439838171005249
18827,29,0.5975947380065918
18828,26,-0.02803945541381836
18829,30,1.1453297138214111
18830,30,1.0902764797210693
18831,27,0.20721256732940674
18832,24,-0.38058388233184814
18833,27,0.08850419521331787
18834,30,0.9835290908813477
18835,29,0.5529192686080933
18836,30,1.2073657512664795
18837,26,-0.07652974128723145
18838,30,1.1943845748901367
18839,27,0.23265492916107178
18840,22,-0.6001468896865845
18841,22,-0.6067209839820862
18842,22,-0.5554831624031067
18843,25,-0.2456982135772705
18844,25,-0.24205952882766724
18845,29,0.5314538478851318
18846,26,-0.05384063720703125
18847,30,1.2371394634246826
18848,28,0.36923396587371826
18849,27,0.1827160120010376
18850,27,0.19801223278045654
18851,25,-0.20388805866241455
18852,25,-0.2432277798652649
18853,30,1.111910104751587
18854,30,1.1132588386535645
18855,29,0.6522526741027832
18856,30,1.2004499435424805
18857,27,0.1915370225906372
18858,26,0.0031844377517700195
18859,19,-0.8535062670707703
18860,26,-0.025597572326660156
18861,29,0.7989249229431152
18862,24,-0.33466827869415283
18863,28,0.5186945199966431
18864,29,0.5312244892120361
18865,27,0.11725246906280518
18866,28,0.27134084701538086
18867,26,-0.04900062084197998
18868,24,-0.3780137896537781
18869,26,-0.0990217924118042
18870,21,-0.6572602391242981
18871,30,1.1180882453918457
18872,26,-0.03916525840759277
18873,27,0.028266310691833496
18874,30,1.2099969387054443
18875,26,-0.10166239738464355
18876,29,0.5617791414260864
18877,21,-0.7085347771644592
18878,28,0.45870983600616455
18879,27,0.2428748607635498
18880,25,-0.20069241523742676
18881,30,1.1275198459625244
18882,28,0.506189227104187
18883,23,-0.4593375325202942
18884,27,0.20452618598937988
18885,25,-0.20585381984710693
18886,27,0.19814002513885498
18887,25,-0.24039292335510254
18888,28,0.500450849533081
18889,27,0.07049310207366943
18890,26,-0.11505985260009766
18891,23,-0.48384344577789307
18892,27,0.0639650821685791
18893,28,0.3347729444503784
18894,29,0.5931833982467651
18895,28,0.29144203662872314
18896,27,0.15597176551818848
18897,28,0.4827190637588501
18898,30,1.2321157455444336
18899,30,1.0440151691436768
18900,23,-0.5331906676292419
18901,25,-0.17886102199554443
18902,30,1.187098741531372
18903,28,0.25822901725769043
18904,30,1.0581934452056885
18905,29,0.6004544496536255
18906,27,0.1528158187866211
18907,28,0.3408637046813965
18908,27,0.13132691383361816
18909,24,-0.3400413393974304
18910,29,0.6510137319564819
18911,26,-0.09344995021820068
18912,30,1.2239084243774414
18913,22,-0.5533430576324463
18914,29,0.6411211490631104
18915,30,1.2327163219451904
18916,30,1.0685350894927979
18917,30,1.1692276000976562
18918,28,0.4762059450149536
18919,30,0.9281773567199707
18920,29,0.6360417604446411
18921,29,0.7642532587051392
18922,27,0.227294921875
18923,22,-0.5543858408927917
18924,28,0.34990978240966797
18925,30,1.2111859321594238
18926,30,0.9588892459869385
18927,25,-0.21015548706054688
18928,26,-0.07623100280761719
18929,28,0.3110504150390625
18930,26,-0.09426069259643555
18931,27,0.23166537284851074
18932,19,-0.8818546533584595
18933,26,-0.14514052867889404
18934,30,1.2318687438964844
18935,30,1.1586062908172607
18936,28,0.3005967140197754
18937,26,-0.10113883018493652
18938,29,0.5648688077926636
18939,30,1.2274224758148193
18940,29,0.6693692207336426
18941,26,-0.15706586837768555
18942,28,0.2528268098831177
18943,30,1.068089485168457
18944,25,-0.1788177490234375
18945,25,-0.2325727939605713
18946,27,0.18159544467926025
18947,29,0.6041845083236694
18948,26,-0.04626953601837158
18949,25,-0.24609375
18950,29,0.6052347421646118
18951,26,-0.14150071144104004
18952,24,-0.35124993324279785
18953,28,0.3758493661880493
18954,29,0.7047381401062012
18955,26,-0.1143655776977539
18956,28,0.33940958976745605
18957,29,0.5760606527328491
18958,26,-0.03785693645477295
18959,27,0.20388877391815186
18960,30,1.1894035339355469
18961,27,0.1309911012649536
18962,23,-0.5199662446975708
18963,30,1.2747278213500977
18964,26,-0.04727959632873535
18965,23,-0.4526172876358032
18966,29,0.8010482788085938
18967,27,0.22853577136993408
18968,25,-0.16333627700805664
18969,28,0.3649393320083618
18970,27,0.0319828987121582
18971,29,0.5753905773162842
18972,24,-0.4019407033920288
18973,24,-0.4170514941215515
18974,27,0.05497622489929199
18975,27,0.026047706604003906
18976,28,0.4197181463241577
18977,24,-0.31846290826797485
18978,26,-0.08543276786804199
18979,29,0.5456881523132324
18980,29,0.6296558380126953
18981,25,-0.1782013177871704
18982,28,0.28865349292755127
18983,29,0.7125928401947021
18984,30,1.1227304935455322
18985,25,-0.2909576892852783
18986,27,0.23567092418670654
18987,30,1.1396985054016113
18988,27,0.15109264850616455
18989,28,0.28429293632507324
18990,29,0.7478171586990356
18991,29,0.6841138601303101
18992,23,-0.4358363151550293
18993,26,-0.15029680728912354
18994,30,1.1864070892333984
18995,29,0.6632771492004395
18996,27,0.09112238883972168
18997,28,0.39356935024261475
18998,24,-0.3321899175643921
18999,30,1.22957444190979
19000,26,-0.0848468542098999
19001,27,0.24112439155578613
19002,26,-0.06777560710906982
19003,30,1.0824377536773682
19004,25,-0.1905142068862915
19005,26,-0.14894890785217285
19006,29,0.6056709289550781
19007,29,0.6718111038208008
19008,26,-0.009672999382019043
19009,29,0.815981388092041
19010,25,-0.17039060592651367
19011,26,-0.09532546997070312
19012,26,-0.1283661127090454
19013,30,1.2025063037872314
19014,30,0.9825625419616699
19015,29,0.5366777181625366
19016,29,0.7477362155914307
19017,28,0.36107325553894043
19018,30,1.1825416088104248
19019,30,1.0911343097686768
19020,29,0.7565265893936157
19021,26,0.01898932456970215
19022,28,0.4786156415939331
19023,28,0.315018892288208
19024,30,1.1793029308319092
19025,25,-0.1656949520111084
19026,30,1.2111945152282715
19027,25,-0.17339849472045898
19028,22,-0.6157473921775818
19029,26,-0.018581867218017578
19030,24,-0.37231260538101196
19031,30,1.24428129196167
19032,28,0.2911098003387451
19033,25,-0.22320765256881714
19034,26,-0.00968635082244873
19035,30,1.254356861114502
19036,28,0.3302803039550781
19037,27,0.17256879806518555
19038,28,0.518592119216919
19039,30,1.0717403888702393
19040,24,-0.3499264717102051
19041,28,0.47659802436828613
19042,24,-0.4256330728530884
19043,26,-0.08154404163360596
19044,28,0.48468589782714844
19045,29,0.6239631175994873
19046,26,-0.13252854347229004
19047,27,0.03236508369445801
19048,28,0.4373171329498291
19049,30,0.9135377407073975
19050,29,0.8061895370483398
19051,24,-0.4260508418083191
19052,27,0.04546797275543213
19053,26,-0.036249637603759766
19054,29,0.5996847152709961
19055,29,0.5372035503387451
19056,30,1.066030502319336
19057,29,0.6297789812088013
19058,29,0.6889668703079224
19059,29,0.7142627239227295
19060,28,0.43282806873321533
19061,26,-0.11567902565002441
19062,22,-0.59665447473526
19063,24,-0.35310089588165283
19064,28,0.4926563501358032
19065,28,0.24769461154937744
19066,24,-0.3291131258010864
19067,27,0.19804716110229492
19068,26,-0.1194995641708374
19069,29,0.6558212041854858
19070,28,0.511141300201416
19071,27,0.17364084720611572
19072,30,1.1782472133636475
19073,28,0.38793790340423584
19074,25,-0.24839389324188232
19075,29,0.6965829133987427
19076,28,0.25475358963012695
19077,29,0.8999416828155518
19078,24,-0.36790144443511963
19079,30,1.2115514278411865
19080,26,0.0027288198471069336
19081,28,0.5197182893753052
19082,29,0.7070527076721191
19083,25,-0.29139333963394165
19084,30,1.2409188747406006
19085,26,0.015166401863098145
19086,29,0.5703202486038208
19087,25,-0.17923176288604736
19088,27,0.1991586685180664
19089,29,0.7096389532089233
19090,28,0.31104564666748047
19091,30,1.1999852657318115
19092,29,0.7735186815261841
19093,28,0.26643919944763184
19094,21,-0.6540714502334595
19095,28,0.48253023624420166
19096,30,1.1303353309631348
19097,30,1.086996078491211
19098,27,0.10624110698699951
19099,29,0.6468693017959595
19100,26,-0.0007145404815673828
19101,27,0.22374331951141357
19102,26,-0.13523423671722412
19103,25,-0.2624685764312744
19104,29,0.7316179275512695
19105,29,0.6548755168914795
19106,28,0.3240140676498413
19107,30,1.1978435516357422
19108,29,0.847165584564209
19109,27,0.17885470390319824
19110,27,0.11410140991210938
19111,23,-0.5436995029449463
19112,27,0.10309255123138428
19113,24,-0.36547285318374634
19114,30,1.1851489543914795
19115,28,0.4535951614379883
19116,28,0.33453941345214844
19117,29,0.7555118799209595
19118,30,0.9467425346374512
19119,20,-0.8162824511528015
19120,27,0.2226877212524414
19121,30,1.2421350479125977
19122,24,-0.38248324394226074
19123,29,0.8049890995025635
19124,28,0.43068575859069824
19125,25,-0.214572012424469
19126,30,1.2139902114868164
19127,27,0.16092395782470703
19128,24,-0.3420807123184204
19129,25,-0.1674175262451172
19130,28,0.397976279258728
19131,28,0.2488805055618286
19132,27,0.20225727558135986
19133,22,-0.5562373995780945
19134,26,-0.14245116710662842
19135,26,-0.06968438625335693
19136,26,-0.14462780952453613
19137,27,0.19142580032348633
19138,29,0.7685177326202393
19139,27,0.21150422096252441
19140,30,1.207378625869751
19141,28,0.4630469083786011
19142,25,-0.2762148976325989
19143,21,-0.7175658941268921
19144,30,1.1195454597473145
19145,29,0.7619203329086304
19146,28,0.47104930877685547
19147,27,0.028879880905151367
19148,26,-0.11560773849487305
19149,24,-0.3285224437713623
19150,25,-0.16285991668701172
19151,27,0.23999524116516113
19152,29,0.750023603439331
19153,28,0.4269036054611206
19154,30,1.2122397422790527
19155,29,0.6343709230422974
19156,25,-0.23298609256744385
19157,27,0.05411362648010254
19158,28,0.4384946823120117
19159,23,-0.49073219299316406
19160,28,0.26722002029418945
19161,24,-0.3354697823524475
19162,29,0.5580661296844482
19163,28,0.36696505546569824
19164,30,1.199065923690796
19165,25,-0.26026666164398193
19166,26,-0.056014180183410645
19167,24,-0.3328774571418762
19168,27,0.21900415420532227
19169,25,-0.20842373371124268
19170,29,0.5961768627166748
19171,30,1.2126471996307373
19172,27,0.051138877868652344
19173,30,1.1526663303375244
19174,26,-0.14389455318450928
19175,23,-0.4415642023086548
19176,28,0.2632194757461548
19177,30,1.1424362659454346
19178,30,1.167107105255127
19179,24,-0.3241444230079651
19180,29,0.6242245435714722
19181,25,-0.1828625202178955
19182,28,0.5236173868179321
19183,27,0.14171910285949707
19184,28,0.4667900800704956
19185,28,0.44146275520324707
19186,30,1.1639540195465088
19187,25,-0.28753215074539185
19188,29,0.7243301868438721
19189,26,-0.09379422664642334
19190,29,0.6501256227493286
19191,26,-0.1480550765991211
19192,29,0.5589331388473511
19193,30,1.1984577178955078
19194,30,1.1662967205047607
19195,27,0.10641860961914062
19196,28,0.4730614423751831
19197,27,0.04169929027557373
19198,25,-0.17075514793395996
19199,21,-0.7411544322967529
19200,29,0.6373934745788574
19201,28,0.508938193321228
19202,29,0.5971822738647461
19203,28,0.25142085552215576
19204,26,-0.009990692138671875
19205,30,1.1973106861114502
19206,30,1.2092714309692383
19207,29,0.8383593559265137
19208,27,0.17607104778289795
19209,25,-0.30030524730682373
19210,30,1.1997931003570557
19211,28,0.47105908393859863
19212,28,0.25093138217926025
19213,26,-0.1611471176147461
19214,30,1.2392427921295166
19215,29,0.8700990676879883
19216,20,-0.7480268478393555
19217,30,1.04477858543396
19218,28,0.331632137298584
19219,26,-0.043808817863464355
19220,30,1.2278273105621338
19221,28,0.3808220624923706
19222,27,0.16768193244934082
19223,28,0.5219666957855225
19224,29,0.6002930402755737
19225,28,0.5223463773727417
19226,29,0.6314123868942261
19227,26,-0.06311440467834473
19228,24,-0.4178922772407532
19229,25,-0.22333574295043945
19230,30,1.151705265045166
19231,26,0.01575601100921631
19232,25,-0.24475866556167603
19233,28,0.4630690813064575
19234,25,-0.16769254207611084
19235,24,-0.38773131370544434
19236,25,-0.21286368370056152
19237,24,-0.39320260286331177
19238,29,0.6258252859115601
19239,24,-0.37919044494628906
19240,27,0.13925719261169434
19241,28,0.4780101776123047
19242,30,1.0405385494232178
19243,28,0.40816211700439453
19244,27,0.23703491687774658
19245,28,0.4529569149017334
19246,26,-0.06913816928863525
19247,30,1.2437384128570557
19248,23,-0.46260321140289307
19249,30,1.1912660598754883
19250,25,-0.23418086767196655
19251,28,0.33581840991973877
19252,24,-0.4293283224105835
19253,30,1.1461434364318848
19254,30,0.9909424781799316
19255,29,0.6927220821380615
19256,28,0.5264325141906738
19257,29,0.8228743076324463
19258,25,-0.25835394859313965
19259,28,0.3800612688064575
19260,28,0.30330848693847656
19261,25,-0.20153963565826416
19262,25,-0.2534189820289612
19263,25,-0.1903907060623169
19264,29,0.6637226343154907
19265,26,-0.06090438365936279
19266,26,0.013422608375549316
19267,28,0.4562875032424927
19268,27,0.16412639617919922
19269,30,1.2186613082885742
19270,28,0.3207392692565918
19271,29,0.5944223403930664
19272,27,0.02792215347290039
19273,28,0.36693549156188965
19274,30,1.2430469989776611
19275,29,0.8032701015472412
19276,26,-0.027981877326965332
19277,30,1.1166164875030518
19278,29,0.7285081148147583
19279,27,0.0399547815322876
19280,30,1.2027909755706787
19281,27,0.12964510917663574
19282,25,-0.30553823709487915
19283,25,-0.17983531951904297
19284,28,0.42154908180236816
19285,28,0.482708215713501
19286,24,-0.3263976573944092
19287,26,-0.15722620487213135
19288,29,0.7458930015563965
19289,26,-0.013440847396850586
19290,26,-0.1598508358001709
19291,29,0.6370632648468018
19292,24,-0.3882487416267395
19293,27,0.15692639350891113
19294,25,-0.20555996894836426
19295,29,0.7680246829986572
19296,30,1.1208264827728271
19297,26,-0.0994185209274292
19298,26,-0.04942357540130615
19299,29,0.6661030054092407
19300,29,0.6713958978652954
19301,25,-0.18011701107025146
19302,30,1.1837327480316162
19303,25,-0.3008314371109009
19304,29,0.702849268913269
19305,28,0.3306748867034912
19306,25,-0.23461246490478516
19307,29,0.645210862159729
19308,29,0.6248131990432739
19309,29,0.6569266319274902
19310,28,0.313244104385376
19311,26,-0.09726393222808838
19312,27,0.0992347002029419
19313,28,0.31026458740234375
19314,29,0.5337116718292236
19315,25,-0.24600249528884888
19316,28,0.4698171615600586
19317,28,0.48961353302001953
19318,29,0.6273108720779419
19319,25,-0.2776120901107788
19320,25,-0.19075846672058105
19321,29,0.7518147230148315
19322,28,0.3132566213607788
19323,30,1.2230501174926758
19324,24,-0.3813819885253906
19325,26,-0.0966796875
19326,29,0.8053500652313232
19327,27,0.2216736078262329
19328,26,0.00964498519897461
19329,28,0.3513669967651367
19330,29,0.8365185260772705
19331,24,-0.3126530051231384
19332,30,1.0086534023284912
19333,28,0.47839951515197754
19334,28,0.4442563056945801
19335,27,0.032735586166381836
19336,29,0.553489089012146
19337,26,-0.032731056213378906
19338,29,0.5930472612380981
19339,23,-0.45418989658355713
19340,27,0.04891538619995117
19341,28,0.4554401636123657
19342,22,-0.5446264147758484
19343,26,-0.15787672996520996
19344,28,0.4406048059463501
19345,23,-0.4331057071685791
19346,27,0.19313859939575195
19347,25,-0.2822609543800354
19348,29,0.7437776327133179
19349,26,-0.0644153356552124
19350,29,0.899378776550293
19351,29,0.8833460807800293
19352,29,0.7237792015075684
19353,24,-0.32483506202697754
19354,29,0.8387508392333984
19355,28,0.2750370502471924
19356,29,0.6286602020263672
19357,28,0.2924457788467407
19358,28,0.30735456943511963
19359,29,0.5311086177825928
19360,25,-0.29345792531967163
19361,29,0.6245156526565552
19362,27,0.09138143062591553
19363,27,0.15612685680389404
19364,30,0.9847846031188965
19365,26,-0.11835217475891113
19366,29,0.8912034034729004
19367,30,1.1718885898590088
19368,28,0.390896201133728
19369,24,-0.3130143880844116
19370,25,-0.29285579919815063
19371,26,-0.14028775691986084
19372,29,0.6593106985092163
19373,29,0.6294846534729004
19374,29,0.7977180480957031
19375,25,-0.2595398426055908
19376,27,0.22445356845855713
19377,28,0.35024499893188477
19378,27,0.10996890068054199
19379,28,0.3821474313735962
19380,30,1.221771001815796
19381,28,0.3888382911682129
19382,27,0.1303788423538208
19383,29,0.7574194669723511
19384,28,0.4429851770401001
19385,29,0.6906359195709229
19386,29,0.8379943370819092
19387,29,0.7936415672302246
19388,29,0.5576233863830566
19389,30,0.9043881893157959
19390,29,0.6024857759475708
19391,24,-0.32313084602355957
19392,26,-0.1293543577194214
19393,29,0.6409834623336792
19394,29,0.7524957656860352
19395,24,-0.3424561023712158
19396,30,1.1452767848968506
19397,29,0.8005824089050293
19398,22,-0.571405827999115
19399,30,1.2188546657562256
19400,24,-0.321513295173645
19401,28,0.3845251798629761
19402,28,0.30806195735931396
19403,27,0.1099768877029419
19404,26,-0.10945212841033936
19405,28,0.39143145084381104
19406,27,0.17070114612579346
19407,25,-0.30711352825164795
19408,25,-0.23157745599746704
19409,28,0.44643068313598633
19410,25,-0.30664610862731934
19411,27,0.11828136444091797
19412,28,0.49248814582824707
19413,26,-0.11542189121246338
19414,26,0.004648923873901367
19415,29,0.7174539566040039
19416,26,-0.03132164478302002
19417,23,-0.4989311099052429
19418,26,-0.030155420303344727
19419,25,-0.2155110239982605
19420,27,0.21792840957641602
19421,28,0.3929547071456909
19422,30,1.1658926010131836
19423,30,1.2498538494110107
19424,29,0.545881986618042
19425,30,1.2172622680664062
19426,30,1.0896868705749512
19427,29,0.5856914520263672
19428,30,1.210237979888916
19429,29,0.5360821485519409
19430,30,1.2252764701843262
19431,25,-0.2201782464981079
19432,27,0.19117486476898193
19433,26,-0.12595915794372559
19434,28,0.3107050657272339
19435,29,0.5635148286819458
19436,30,1.221865177154541
19437,28,0.45355653762817383
19438,23,-0.45560091733932495
19439,30,1.208085060119629
19440,30,1.2123966217041016
19441,23,-0.48493945598602295
19442,24,-0.357186496257782
19443,28,0.3347705602645874
19444,28,0.5220032930374146
19445,27,0.13689100742340088
19446,30,1.172208309173584
19447,25,-0.3046151399612427
19448,26,-0.14328992366790771
19449,26,-0.1361401081085205
19450,24,-0.3185569643974304
19451,29,0.7881201505661011
19452,28,0.41719233989715576
19453,26,-0.10215151309967041
19454,29,0.7828377485275269
19455,26,-0.042197227478027344
19456,26,-0.018784046173095703
19457,28,0.37794268131256104
19458,28,0.4846237897872925
19459,29,0.7357391119003296
19460,29,0.85052490234375
19461,28,0.3015655279159546
19462,30,1.2029109001159668
19463,29,0.8654930591583252
19464,20,-0.8248304128646851
19465,26,-0.013840198516845703
19466,27,0.1138010025024414
19467,25,-0.25762903690338135
19468,28,0.43047213554382324
19469,24,-0.38200533390045166
19470,28,0.3487858772277832
19471,29,0.8556077480316162
19472,27,0.027245759963989258
19473,27,0.1973111629486084
19474,27,0.0611567497253418
19475,29,0.5385788679122925
19476,26,-0.1381683349609375
19477,27,0.21392440795898438
19478,23,-0.5268687605857849
19479,29,0.6693814992904663
19480,25,-0.3013007640838623
19481,28,0.35531938076019287
19482,25,-0.21382158994674683
19483,28,0.2738908529281616
19484,28,0.43911099433898926
19485,23,-0.4330490231513977
19486,29,0.6770511865615845
19487,28,0.2748570442199707
19488,22,-0.5475735068321228
19489,26,-0.07835674285888672
19490,20,-0.7918878197669983
19491,29,0.5712546110153198
19492,29,0.7861732244491577
19493,29,0.602139949798584
19494,30,1.2098939418792725
19495,29,0.7103015184402466
19496,29,0.5545374155044556
19497,26,-0.03173840045928955
19498,28,0.46112799644470215
19499,28,0.36793458461761475
19500,29,0.7832556962966919
19501,28,0.5208381414413452
19502,29,0.7167025804519653
19503,28,0.37750446796417236
19504,24,-0.41045963764190674
19505,25,-0.1892927885055542
19506,27,0.23546159267425537
19507,30,1.1875717639923096
19508,30,1.2365503311157227
19509,26,-0.1562962532043457
19510,28,0.31478726863861084
19511,28,0.26717519760131836
19512,29,0.8168768882751465
19513,27,0.0789785385131836
19514,30,1.1090641021728516
19515,26,-0.14543843269348145
19516,25,-0.2793479561805725
19517,30,1.20375657081604
19518,26,-0.07082569599151611
19519,30,1.236894130706787
19520,29,0.6624706983566284
19521,27,0.1653730869293213
19522,25,-0.19525110721588135
19523,23,-0.4450536370277405
19524,26,-0.05645191669464111
19525,23,-0.44383764266967773
19526,28,0.28732359409332275
19527,28,0.4160076379776001
19528,29,0.7614502906799316
19529,29,0.566508412361145
19530,29,0.6283118724822998
19531,20,-0.770168125629425
19532,29,0.8265619277954102
19533,30,1.2473418712615967
19534,28,0.2763408422470093
19535,30,1.2243740558624268
19536,26,-0.050090789794921875
19537,26,0.014216065406799316
19538,30,1.1471340656280518
19539,30,1.2231614589691162
19540,30,0.9309988021850586
19541,28,0.353967547416687
19542,25,-0.25507205724716187
19543,23,-0.44140875339508057
19544,30,1.2308547496795654
19545,25,-0.19933700561523438
19546,29,0.6698019504547119
19547,28,0.4539879560470581
19548,28,0.4020078182220459
19549,30,1.1638646125793457
19550,28,0.3445490598678589
19551,25,-0.18166792392730713
19552,29,0.6295465230941772
19553,29,0.7562808990478516
19554,27,0.1409313678741455
19555,30,1.250520944595337
19556,26,-0.03667593002319336
19557,29,0.7543926239013672
19558,27,0.10342109203338623
19559,30,1.2023260593414307
19560,29,0.7019847631454468
19561,28,0.3434629440307617
19562,27,0.1573195457458496
19563,25,-0.28026437759399414
19564,29,0.6848721504211426
19565,28,0.34324514865875244
19566,28,0.49714457988739014
19567,27,0.1924741268157959
19568,26,-0.07528388500213623
19569,27,0.04828667640686035
19570,25,-0.16789865493774414
19571,26,-0.014774799346923828
19572,27,0.025333881378173828
19573,29,0.6982066631317139
19574,29,0.7084444761276245
19575,30,1.1554837226867676
19576,29,0.5511926412582397
19577,30,1.1814985275268555
19578,30,1.2239594459533691
19579,29,0.8878345489501953
19580,30,1.2376809120178223
19581,26,-0.05866384506225586
19582,25,-0.2730688452720642
19583,29,0.6216872930526733
19584,23,-0.4827878475189209
19585,29,0.6394355297088623
19586,27,0.21557927131652832
19587,23,-0.4714486002922058
19588,29,0.6429778337478638
19589,30,1.230182409286499
19590,27,0.1525576114654541
19591,28,0.28974342346191406
19592,30,1.2230162620544434
19593,19,-0.9048389196395874
19594,30,1.0114054679870605
19595,28,0.48861682415008545
19596,30,1.0800275802612305
19597,28,0.2666839361190796
19598,29,0.5988510847091675
19599,28,0.47745680809020996
19600,28,0.5110762119293213
19601,30,1.1220521926879883
19602,29,0.6478055715560913
19603,29,0.787747859954834
19604,27,0.22373545169830322
19605,28,0.2912944555282593
19606,30,1.212634801864624
19607,28,0.5214792490005493
19608,26,-0.14563512802124023
19609,24,-0.3535895347595215
19610,24,-0.40692269802093506
19611,27,0.06452298164367676
19612,26,-0.0009499788284301758
19613,25,-0.24095815420150757
19614,29,0.7385077476501465
19615,29,0.7051117420196533
19616,29,0.6550145149230957
19617,28,0.4523874521255493
19618,30,0.9772496223449707
19619,27,0.1435530185699463
19620,29,0.8058357238769531
19621,27,0.21185505390167236
19622,26,-0.09310150146484375
19623,22,-0.602676510810852
19624,29,0.877187967300415
19625,30,1.2214114665985107
19626,29,0.5939748287200928
19627,29,0.702034592628479
19628,28,0.3943542242050171
19629,30,1.1414966583251953
19630,27,0.050975680351257324
19631,30,1.2073032855987549
19632,29,0.6397056579589844
19633,25,-0.3040027618408203
19634,29,0.827312707901001
19635,26,-0.15510821342468262
19636,25,-0.2948482632637024
19637,29,0.828855037689209
19638,25,-0.2613147497177124
19639,30,1.23354172706604
19640,22,-0.5729582905769348
19641,30,1.1715943813323975
19642,24,-0.3376402258872986
19643,30,1.2552552223205566
19644,28,0.5264631509780884
19645,29,0.5462278127670288
19646,29,0.6922026872634888
19647,29,0.5554203987121582
19648,29,0.6985281705856323
19649,26,0.0063631534576416016
19650,26,-0.14746570587158203
19651,28,0.38567590713500977
19652,29,0.8155920505523682
19653,29,0.5871131420135498
19654,29,0.6960035562515259
19655,30,1.2328429222106934
19656,26,-0.08470296859741211
19657,29,0.8966169357299805
19658,27,0.1311277151107788
19659,26,-0.09152400493621826
19660,28,0.3552694320678711
19661,30,1.2348899841308594
19662,29,0.8538250923156738
19663,27,0.18562471866607666
19664,30,1.2022829055786133
19665,30,1.2066524028778076
19666,27,0.18769574165344238
19667,23,-0.5389914512634277
19668,28,0.40211963653564453
19669,28,0.2657886743545532
19670,25,-0.19300556182861328
19671,30,1.221423625946045
19672,29,0.6057730913162231
19673,29,0.5665410757064819
19674,29,0.6935180425643921
19675,29,0.6521011590957642
19676,25,-0.2958318591117859
19677,30,1.2480592727661133
19678,26,0.008029818534851074
19679,27,0.046784162521362305
19680,25,-0.22240710258483887
19681,29,0.6777169704437256
19682,29,0.6504404544830322
19683,27,0.18039977550506592
19684,28,0.5158053636550903
19685,29,0.7593073844909668
19686,29,0.6549534797668457
19687,29,0.6558616161346436
19688,26,-0.07208132743835449
19689,25,-0.21708142757415771
19690,25,-0.22463583946228027
19691,29,0.7759639024734497
19692,30,1.2119226455688477
19693,29,0.7840830087661743
19694,29,0.5604506731033325
19695,26,-0.09133529663085938
19696,30,1.0259757041931152
19697,27,0.2022949457168579
19698,29,0.7159843444824219
19699,29,0.8271865844726562
19700,30,1.1545345783233643
19701,29,0.5498312711715698
19702,25,-0.20412492752075195
19703,30,1.185579538345337
19704,27,0.18858206272125244
19705,27,0.21841347217559814
19706,30,1.2320444583892822
19707,24,-0.40742403268814087
19708,30,0.9016649723052979
19709,29,0.573797345161438
19710,27,0.04743170738220215
19711,30,1.2108922004699707
19712,27,0.13014578819274902
19713,28,0.48084092140197754
19714,28,0.27380096912384033
19715,27,0.10759115219116211
19716,28,0.4862344264984131
19717,29,0.7452808618545532
19718,29,0.5299862623214722
19719,27,0.07233321666717529
19720,28,0.5007257461547852
19721,25,-0.2523670792579651
19722,29,0.7455247640609741
19723,28,0.46947014331817627
19724,22,-0.6344201564788818
19725,29,0.5712095499038696
19726,27,0.20289397239685059
19727,29,0.6785398721694946
19728,26,-0.0013695955276489258
19729,30,1.2502264976501465
19730,29,0.7857856750488281
19731,27,0.2058734893798828
19732,30,1.1682024002075195
19733,30,1.25178861618042
19734,26,-0.025609374046325684
19735,29,0.8088991641998291
19736,24,-0.3242400288581848
19737,29,0.6479524374008179
19738,28,0.290859580039978
19739,24,-0.3546563386917114
19740,27,0.12187063694000244
19741,28,0.4433269500732422
19742,26,-0.14025533199310303
19743,24,-0.3334398865699768
19744,29,0.7895380258560181
19745,30,1.1016385555267334
19746,29,0.6158833503723145
19747,26,-0.09456801414489746
19748,28,0.32868218421936035
19749,30,1.2090513706207275
19750,27,0.06695377826690674
19751,29,0.7925982475280762
19752,27,0.03273618221282959
19753,29,0.6383076906204224
19754,29,0.7913885116577148
19755,30,1.1879541873931885
19756,28,0.4167904853820801
19757,27,0.02625560760498047
19758,30,1.2028839588165283
19759,22,-0.5762988924980164
19760,27,0.10692977905273438
19761,21,-0.6931334137916565
19762,29,0.6884704828262329
19763,27,0.11543118953704834
19764,25,-0.22784537076950073
19765,26,-0.0649024248123169
19766,22,-0.6022635102272034
19767,30,1.2530364990234375
19768,27,0.059216976165771484
19769,29,0.6354556083679199
19770,25,-0.2174299955368042
19771,26,-0.03935348987579346
19772,30,1.1297276020050049
19773,27,0.1754746437072754
19774,30,0.9886624813079834
19775,27,0.2242569923400879
19776,30,1.2045409679412842
19777,28,0.5204002857208252
19778,29,0.8224961757659912
19779,30,1.0194463729858398
19780,25,-0.23837190866470337
19781,29,0.80061936378479
19782,29,0.6913204193115234
19783,29,0.5813412666320801
19784,27,0.20494329929351807
19785,28,0.3846992254257202
19786,28,0.45685791969299316
19787,29,0.6618796586990356
19788,28,0.25787150859832764
19789,29,0.7186009883880615
19790,29,0.6916718482971191
19791,29,0.7128019332885742
19792,30,1.1867783069610596
19793,29,0.722894549369812
19794,30,1.1147987842559814
19795,25,-0.1983802318572998
19796,26,-0.08906340599060059
19797,29,0.7902233600616455
19798,25,-0.2654151916503906
19799,24,-0.33792293071746826
19800,30,1.1640210151672363
19801,30,1.1931695938110352
19802,26,-0.10146129131317139
19803,30,1.174041509628296
19804,29,0.8626298904418945
19805,29,0.6035013198852539
19806,27,0.07987570762634277
19807,29,0.812981367111206
19808,28,0.33455801010131836
19809,29,0.7624387741088867
19810,28,0.34034597873687744
19811,27,0.18040001392364502
19812,26,-0.0539548397064209
19813,24,-0.40182244777679443
19814,30,1.237476110458374
19815,28,0.5097708702087402
19816,23,-0.437247097492218
19817,28,0.4710392951965332
19818,30,1.2334423065185547
19819,27,0.07278692722320557
19820,26,-0.08187782764434814
19821,28,0.5077289342880249
19822,29,0.7683272361755371
19823,27,0.021409273147583008
19824,27,0.09605526924133301
19825,29,0.8165369033813477
19826,25,-0.16866612434387207
19827,30,1.2248194217681885
19828,29,0.7428140640258789
19829,30,1.1691243648529053
19830,28,0.42912352085113525
19831,29,0.6831072568893433
19832,29,0.7429574728012085
19833,26,-0.024982929229736328
19834,29,0.8470039367675781
19835,30,0.9445691108703613
19836,29,0.8223521709442139
19837,29,0.5295511484146118
19838,29,0.6819249391555786
19839,27,0.23074007034301758
19840,30,1.1311814785003662
19841,26,0.01016533374786377
19842,28,0.4030954837799072
19843,30,0.9596893787384033
19844,25,-0.22019201517105103
19845,25,-0.29118210077285767
19846,29,0.8840327262878418
19847,29,0.641575813293457
19848,26,0.003694891929626465
19849,30,1.1829969882965088
19850,30,1.2567644119262695
19851,27,0.12077522277832031
19852,25,-0.20005738735198975
19853,29,0.6311336755752563
19854,30,1.1611406803131104
19855,29,0.5827429294586182
19856,27,0.11145949363708496
19857,30,1.1584153175354004
19858,25,-0.1704767942428589
19859,29,0.7535556554794312
19860,29,0.6655503511428833
19861,26,-0.02395915985107422
19862,28,0.26925337314605713
19863,26,-0.1444692611694336
19864,23,-0.536256730556488
19865,30,1.1849315166473389
19866,30,1.2222933769226074
19867,27,0.09808313846588135
19868,27,0.1424769163131714
19869,23,-0.4762778878211975
19870,27,0.06985640525817871
19871,29,0.7900493144989014
19872,29,0.837700366973877
19873,28,0.33956480026245117
19874,28,0.4828946590423584
19875,26,-0.03743469715118408
19876,26,-0.00478518009185791
19877,30,0.9225132465362549
19878,29,0.8431963920593262
19879,28,0.5162842273712158
19880,29,0.543250560760498
19881,26,-0.02750563621520996
19882,22,-0.5619162321090698
19883,30,1.2389492988586426
19884,28,0.3087836503982544
19885,28,0.3787209987640381
19886,29,0.7125717401504517
19887,29,0.7560359239578247
19888,25,-0.1868283748626709
19889,30,0.9080512523651123
19890,27,0.1834625005722046
19891,28,0.5203880071640015
19892,29,0.7018276453018188
19893,29,0.68111252784729
19894,30,1.2254247665405273
19895,27,0.12148427963256836
19896,23,-0.5299319624900818
19897,29,0.6811618804931641
19898,27,0.10883557796478271
19899,28,0.3945537805557251
19900,30,1.2138524055480957
19901,29,0.8868026733398438
19902,30,1.2499995231628418
19903,29,0.6623866558074951
19904,26,-0.1526491641998291
19905,27,0.17146849632263184
19906,30,1.1510419845581055
19907,29,0.7258763313293457
19908,29,0.8288562297821045
19909,29,0.6575274467468262
19910,29,0.6338666677474976
19911,29,0.7520630359649658
19912,29,0.5728031396865845
19913,30,1.2230587005615234
19914,24,-0.353456974029541
19915,29,0.7954716682434082
19916,28,0.4552072286605835
19917,30,1.2389333248138428
19918,30,0.9073665142059326
19919,28,0.258571982383728
19920,30,1.2101547718048096
19921,29,0.5824812650680542
19922,29,0.8369042873382568
19923,25,-0.2695413827896118
19924,29,0.5459691286087036
19925,27,0.21578776836395264
19926,29,0.7107235193252563
19927,30,1.1456272602081299
19928,29,0.5501226186752319
19929,28,0.29077792167663574
19930,24,-0.3629772663116455
19931,27,0.08008980751037598
19932,30,1.1462726593017578
19933,30,1.2501006126403809
19934,29,0.7601444721221924
19935,28,0.2980341911315918
19936,27,0.11705183982849121
19937,23,-0.4996362328529358
19938,30,1.2006916999816895
19939,28,0.2883870601654053
19940,29,0.6492295265197754
19941,30,1.206045389175415
19942,25,-0.20021677017211914
19943,29,0.8028287887573242
19944,25,-0.24876528978347778
19945,29,0.569710373878479
19946,29,0.5981630086898804
19947,27,0.21708714962005615
19948,28,0.2775624990463257
19949,28,0.2738804817199707
19950,26,-0.10353720188140869
19951,29,0.8408293724060059
19952,29,0.7122806310653687
19953,30,1.1223585605621338
19954,27,0.1355353593826294
19955,29,0.5294477939605713
19956,28,0.44816160202026367
19957,28,0.3452526330947876
19958,29,0.5765789747238159
19959,29,0.5644360780715942
19960,28,0.36780428886413574
19961,26,0.007670879364013672
19962,26,-0.006818413734436035
19963,29,0.6387025117874146
19964,29,0.811164140701294
19965,30,1.2041754722595215
19966,30,1.1945464611053467
19967,29,0.7341738939285278
19968,30,0.9404685497283936
19969,28,0.3227050304412842
19970,30,1.1863973140716553
19971,27,0.10759377479553223
19972,29,0.8014605045318604
19973,26,-0.004816651344299316
19974,28,0.3130476474761963
19975,27,0.056955575942993164
19976,28,0.3895707130432129
19977,29,0.6198896169662476
19978,28,0.2523587942123413
19979,28,0.4288947582244873
19980,27,0.20293235778808594
19981,30,1.2566564083099365
19982,29,0.6568994522094727
19983,26,-0.03539156913757324
19984,28,0.29375267028808594
19985,26,-0.06060373783111572
19986,30,1.2445800304412842
19987,28,0.33026039600372314
19988,29,0.7155129909515381
19989,30,1.1678295135498047
19990,30,1.1279053688049316
19991,25,-0.24834275245666504
19992,27,0.11902368068695068
19993,30,1.2067008018493652
19994,29,0.8910620212554932
19995,29,0.8495278358459473
19996,25,-0.22202759981155396
19997,27,0.14110660552978516
19998,29,0.5967131853103638
19999,29,0.8080925941467285
