sequence_row,prediction_bin,surrogate_prediction
0,1,-2.88800048828125
1,1,-2.880181312561035
2,1,-2.880983352661133
3,1,-2.8889212608337402
4,1,-2.8904192447662354
5,1,-2.879882335662842
6,1,-2.8901164531707764
7,1,-2.885950803756714
8,1,-2.888840675354004
9,1,-2.88601016998291
10,1,-2.8694405555725098
11,1,-2.8830928802490234
12,1,-2.870971202850342
13,1,-2.8695645332336426
14,1,-2.8791868686676025
15,1,-2.883451461791992
16,1,-2.873462677001953
17,1,-2.870164394378662
18,1,-2.8816349506378174
19,1,-2.8867225646972656
20,1,-2.8900558948516846
21,1,-2.881340980529785
22,1,-2.879373073577881
23,1,-2.8810839653015137
24,1,-2.871488332748413
25,1,-2.887016534805298
26,1,-2.8861069679260254
27,1,-2.883448600769043
28,1,-2.863835096359253
29,1,-2.8825531005859375
30,1,-2.874727964401245
31,1,-2.879688024520874
32,1,-2.8875386714935303
33,1,-2.8854260444641113
34,1,-2.8800201416015625
35,1,-2.8904154300689697
36,1,-2.8411667346954346
37,1,-2.8696844577789307
38,1,-2.883065700531006
39,1,-2.8775675296783447
40,1,-2.8866405487060547
41,1,-2.88792085647583
42,1,-2.878021240234375
43,1,-2.8880984783172607
44,1,-2.8868155479431152
45,1,-2.885467052459717
46,1,-2.888404130935669
47,1,-2.890042781829834
48,1,-2.8808693885803223
49,1,-2.851454734802246
50,1,-2.8775978088378906
51,1,-2.8881242275238037
52,1,-2.8843681812286377
53,1,-2.877753257751465
54,1,-2.8882195949554443
55,1,-2.8770534992218018
56,1,-2.8886170387268066
57,1,-2.871466875076294
58,1,-2.891200065612793
59,1,-2.8846511840820312
60,1,-2.889981269836426
61,1,-2.886686086654663
62,1,-2.8682312965393066
63,1,-2.8897247314453125
64,1,-2.8916921615600586
65,1,-2.8711962699890137
66,1,-2.883946180343628
67,1,-2.8900771141052246
68,1,-2.891875743865967
69,1,-2.8728880882263184
70,1,-2.8702335357666016
71,1,-2.85802960395813
72,1,-2.8734562397003174
73,1,-2.8878016471862793
74,1,-2.890397787094116
75,1,-2.84097957611084
76,1,-2.877856492996216
77,1,-2.881153106689453
78,1,-2.8891987800598145
79,1,-2.890744209289551
80,1,-2.8851354122161865
81,1,-2.8722500801086426
82,1,-2.853760242462158
83,1,-2.8738245964050293
84,1,-2.867377996444702
85,1,-2.8878347873687744
86,1,-2.8917977809906006
87,1,-2.875549554824829
88,1,-2.8855185508728027
89,1,-2.8758938312530518
90,1,-2.886125087738037
91,1,-2.8871870040893555
92,1,-2.8682191371917725
93,1,-2.877458095550537
94,1,-2.8436903953552246
95,1,-2.8838815689086914
96,1,-2.870027542114258
97,1,-2.8589975833892822
98,1,-2.844029426574707
99,1,-2.8888297080993652
100,1,-2.8627846240997314
101,1,-2.808349370956421
102,1,-2.874086380004883
103,1,-2.862499713897705
104,1,-2.854177236557007
105,1,-2.8743624687194824
106,1,-2.8004672527313232
107,1,-2.883997917175293
108,1,-2.8622727394104004
109,1,-2.8183774948120117
110,1,-2.844041109085083
111,2,-2.7783021926879883
112,1,-2.88238525390625
113,1,-2.851962089538574
114,1,-2.882944107055664
115,1,-2.845871925354004
116,1,-2.84761905670166
117,1,-2.8595809936523438
118,1,-2.874635934829712
119,1,-2.85483980178833
120,1,-2.8560941219329834
121,1,-2.826303243637085
122,1,-2.8819692134857178
123,1,-2.858227252960205
124,1,-2.8805248737335205
125,1,-2.846087694168091
126,1,-2.8550686836242676
127,1,-2.870652675628662
128,1,-2.8624985218048096
129,1,-2.847268581390381
130,1,-2.8663952350616455
131,1,-2.8645358085632324
132,1,-2.855557918548584
133,1,-2.8306922912597656
134,1,-2.8317973613739014
135,2,-2.7596518993377686
136,2,-2.738490104675293
137,1,-2.8688271045684814
138,1,-2.879193067550659
139,1,-2.839994192123413
140,1,-2.8751583099365234
141,1,-2.826284646987915
142,1,-2.883261203765869
143,2,-2.7671589851379395
144,1,-2.8474957942962646
145,1,-2.8797998428344727
146,1,-2.8487372398376465
147,1,-2.8336644172668457
148,1,-2.8654026985168457
149,1,-2.856956720352173
150,1,-2.844194173812866
151,1,-2.8348121643066406
152,1,-2.865650177001953
153,1,-2.8578572273254395
154,1,-2.8517723083496094
155,1,-2.8650548458099365
156,1,-2.890277862548828
157,1,-2.872053861618042
158,1,-2.885193347930908
159,2,-2.781651496887207
160,1,-2.8464484214782715
161,1,-2.8857874870300293
162,1,-2.8781092166900635
163,1,-2.86700701713562
164,1,-2.85725474357605
165,2,-2.7259418964385986
166,1,-2.8670921325683594
167,1,-2.8820784091949463
168,1,-2.833911418914795
169,1,-2.860189914703369
170,1,-2.873581886291504
171,1,-2.868079423904419
172,2,-2.784729480743408
173,1,-2.8493521213531494
174,1,-2.8428521156311035
175,1,-2.8722496032714844
176,1,-2.837853193283081
177,1,-2.843151330947876
178,1,-2.850562334060669
179,1,-2.8676631450653076
180,1,-2.8355870246887207
181,1,-2.8464605808258057
182,1,-2.8714473247528076
183,1,-2.85971999168396
184,1,-2.8769631385803223
185,1,-2.8818349838256836
186,1,-2.8555541038513184
187,1,-2.878732681274414
188,1,-2.878620147705078
189,1,-2.816521406173706
190,1,-2.8128271102905273
191,1,-2.8249282836914062
192,1,-2.8601551055908203
193,1,-2.8683929443359375
194,1,-2.8319220542907715
195,1,-2.860734701156616
196,1,-2.860625743865967
197,1,-2.852395534515381
198,1,-2.8742735385894775
199,1,-2.8787097930908203
200,1,-2.841353178024292
201,1,-2.8526875972747803
202,1,-2.8161323070526123
203,1,-2.824582576751709
204,5,-2.5482187271118164
205,1,-2.8230223655700684
206,1,-2.862668037414551
207,1,-2.7980549335479736
208,1,-2.807368755340576
209,1,-2.845398426055908
210,1,-2.859070301055908
211,1,-2.852717161178589
212,1,-2.873044967651367
213,1,-2.8482298851013184
214,1,-2.836629629135132
215,1,-2.83379864692688
216,1,-2.8682854175567627
217,1,-2.8745996952056885
218,1,-2.7902252674102783
219,1,-2.798240900039673
220,2,-2.7833704948425293
221,1,-2.819098472595215
222,1,-2.836199998855591
223,1,-2.833362579345703
224,1,-2.815378427505493
225,3,-2.689152717590332
226,1,-2.7899727821350098
227,3,-2.657043933868408
228,1,-2.8785433769226074
229,1,-2.831493854522705
230,1,-2.831361770629883
231,3,-2.6914401054382324
232,1,-2.838674545288086
233,1,-2.843902111053467
234,1,-2.8357691764831543
235,1,-2.816190481185913
236,2,-2.7779550552368164
237,1,-2.8337080478668213
238,1,-2.8638856410980225
239,1,-2.8663551807403564
240,1,-2.8242340087890625
241,2,-2.7685134410858154
242,1,-2.8366990089416504
243,1,-2.8416998386383057
244,1,-2.8230605125427246
245,1,-2.8168303966522217
246,1,-2.79733943939209
247,1,-2.8718783855438232
248,1,-2.7965362071990967
249,1,-2.8145322799682617
250,1,-2.8450191020965576
251,1,-2.8419346809387207
252,1,-2.8807313442230225
253,2,-2.7630388736724854
254,1,-2.8406991958618164
255,1,-2.8376941680908203
256,1,-2.7941677570343018
257,1,-2.8016557693481445
258,1,-2.8206470012664795
259,1,-2.8154122829437256
260,1,-2.855008363723755
261,1,-2.8243181705474854
262,1,-2.8358891010284424
263,1,-2.797988176345825
264,1,-2.818976402282715
265,2,-2.7849957942962646
266,1,-2.8785414695739746
267,1,-2.8337526321411133
268,1,-2.831109046936035
269,1,-2.86275053024292
270,1,-2.8122904300689697
271,1,-2.8596203327178955
272,1,-2.848053455352783
273,5,-2.5490033626556396
274,2,-2.761518716812134
275,2,-2.729248046875
276,1,-2.839221715927124
277,1,-2.85148549079895
278,1,-2.845792770385742
279,1,-2.8512163162231445
280,1,-2.855640411376953
281,1,-2.8376522064208984
282,1,-2.8243348598480225
283,2,-2.745779514312744
284,1,-2.8034777641296387
285,1,-2.8703153133392334
286,1,-2.870702028274536
287,1,-2.7914023399353027
288,1,-2.875720262527466
289,1,-2.8861303329467773
290,1,-2.8237342834472656
291,2,-2.7334775924682617
292,1,-2.840132236480713
293,1,-2.8239924907684326
294,2,-2.7615110874176025
295,1,-2.868248701095581
296,1,-2.88525390625
297,1,-2.8470208644866943
298,1,-2.82551646232605
299,1,-2.823228359222412
300,1,-2.8261325359344482
301,1,-2.792738437652588
302,1,-2.810192346572876
303,1,-2.805448293685913
304,2,-2.7753260135650635
305,1,-2.8429486751556396
306,1,-2.8854761123657227
307,1,-2.8335788249969482
308,1,-2.8572065830230713
309,2,-2.731825113296509
310,1,-2.834962844848633
311,1,-2.789435625076294
312,1,-2.819591522216797
313,2,-2.7628564834594727
314,1,-2.845877170562744
315,1,-2.8086154460906982
316,2,-2.7668747901916504
317,1,-2.8523762226104736
318,1,-2.8187930583953857
319,1,-2.8227484226226807
320,1,-2.826106548309326
321,1,-2.818016529083252
322,2,-2.764883518218994
323,1,-2.832930564880371
324,1,-2.8373608589172363
325,1,-2.821589946746826
326,1,-2.8245346546173096
327,1,-2.8580732345581055
328,1,-2.818993330001831
329,2,-2.768162250518799
330,2,-2.721958875656128
331,1,-2.809199094772339
332,2,-2.76395583152771
333,1,-2.8123176097869873
334,1,-2.8131017684936523
335,1,-2.8189125061035156
336,1,-2.824058771133423
337,1,-2.8766348361968994
338,1,-2.8759539127349854
339,1,-2.813873767852783
340,1,-2.8279685974121094
341,2,-2.742133378982544
342,2,-2.704897165298462
343,3,-2.6959779262542725
344,1,-2.819641351699829
345,1,-2.8365836143493652
346,2,-2.7766549587249756
347,1,-2.834371566772461
348,1,-2.8230674266815186
349,1,-2.8292243480682373
350,1,-2.8206183910369873
351,1,-2.8743555545806885
352,1,-2.8690757751464844
353,2,-2.7753384113311768
354,1,-2.8327038288116455
355,1,-2.80546498298645
356,1,-2.829791307449341
357,1,-2.792532444000244
358,1,-2.8615407943725586
359,2,-2.785595655441284
360,1,-2.824174404144287
361,1,-2.836577892303467
362,2,-2.7876172065734863
363,2,-2.768843650817871
364,1,-2.8464808464050293
365,1,-2.828862190246582
366,1,-2.854501724243164
367,2,-2.767094850540161
368,2,-2.7320828437805176
369,1,-2.875481605529785
370,1,-2.7956626415252686
371,1,-2.793440818786621
372,2,-2.7724454402923584
373,1,-2.833134651184082
374,8,-2.408992290496826
375,3,-2.6939427852630615
376,1,-2.823465347290039
377,1,-2.8134725093841553
378,1,-2.8132503032684326
379,2,-2.7830398082733154
380,2,-2.7602853775024414
381,1,-2.795955181121826
382,1,-2.871957302093506
383,2,-2.7783162593841553
384,1,-2.823535203933716
385,1,-2.8488693237304688
386,1,-2.8694939613342285
387,3,-2.6396372318267822
388,2,-2.757396936416626
389,1,-2.862258195877075
390,1,-2.8035712242126465
391,2,-2.748352289199829
392,1,-2.800555467605591
393,1,-2.8462955951690674
394,1,-2.81650972366333
395,1,-2.8779473304748535
396,2,-2.763601064682007
397,1,-2.792935848236084
398,1,-2.8024485111236572
399,1,-2.841700553894043
400,1,-2.8781673908233643
401,1,-2.7953805923461914
402,1,-2.8077096939086914
403,1,-2.790065050125122
404,2,-2.7752161026000977
405,4,-2.590101957321167
406,2,-2.732649803161621
407,1,-2.8361685276031494
408,2,-2.7857844829559326
409,2,-2.7733101844787598
410,2,-2.7766058444976807
411,1,-2.793600082397461
412,1,-2.8374991416931152
413,2,-2.775536298751831
414,1,-2.850757122039795
415,1,-2.810548782348633
416,2,-2.7786803245544434
417,1,-2.8312296867370605
418,2,-2.7727394104003906
419,2,-2.748577356338501
420,1,-2.8185205459594727
421,1,-2.807166337966919
422,1,-2.845808982849121
423,2,-2.733072280883789
424,1,-2.860581874847412
425,1,-2.794328212738037
426,2,-2.7814269065856934
427,2,-2.7798211574554443
428,1,-2.87467098236084
429,1,-2.791268825531006
430,1,-2.8113527297973633
431,2,-2.744588851928711
432,1,-2.796663284301758
433,2,-2.7536673545837402
434,1,-2.861729383468628
435,2,-2.7697415351867676
436,2,-2.7431695461273193
437,2,-2.776607036590576
438,1,-2.8017187118530273
439,3,-2.6535398960113525
440,1,-2.817201614379883
441,2,-2.7660210132598877
442,3,-2.6446313858032227
443,2,-2.758287191390991
444,1,-2.825115442276001
445,1,-2.808558940887451
446,2,-2.7157487869262695
447,2,-2.784350633621216
448,2,-2.7575876712799072
449,1,-2.8058321475982666
450,1,-2.7961807250976562
451,1,-2.834435224533081
452,5,-2.5539586544036865
453,2,-2.762585163116455
454,3,-2.67375111579895
455,1,-2.8272666931152344
456,2,-2.7732958793640137
457,1,-2.7917287349700928
458,2,-2.765723943710327
459,1,-2.8084206581115723
460,1,-2.8171932697296143
461,2,-2.752373695373535
462,1,-2.796570062637329
463,2,-2.77091383934021
464,1,-2.7945966720581055
465,1,-2.8165018558502197
466,2,-2.716883659362793
467,1,-2.859192371368408
468,2,-2.7060623168945312
469,2,-2.77862811088562
470,4,-2.60152006149292
471,1,-2.8004963397979736
472,1,-2.806915760040283
473,1,-2.818901777267456
474,2,-2.7643754482269287
475,1,-2.8118844032287598
476,1,-2.849959135055542
477,1,-2.813584327697754
478,2,-2.71161150932312
479,1,-2.80066180229187
480,2,-2.752190589904785
481,2,-2.7855639457702637
482,2,-2.7148516178131104
483,2,-2.767456531524658
484,1,-2.8196892738342285
485,2,-2.758491039276123
486,3,-2.6895675659179688
487,1,-2.8640193939208984
488,2,-2.787187337875366
489,2,-2.75985050201416
490,1,-2.815532684326172
491,1,-2.8662636280059814
492,1,-2.8339133262634277
493,1,-2.7942917346954346
494,2,-2.781250476837158
495,1,-2.794172763824463
496,2,-2.707176446914673
497,3,-2.674800395965576
498,1,-2.8047966957092285
499,1,-2.8073580265045166
500,2,-2.7820358276367188
501,3,-2.641221284866333
502,4,-2.5925211906433105
503,1,-2.8664939403533936
504,2,-2.737079620361328
505,1,-2.869050979614258
506,3,-2.6687910556793213
507,2,-2.766618013381958
508,2,-2.7353992462158203
509,1,-2.8613336086273193
510,2,-2.7705914974212646
511,2,-2.775942802429199
512,1,-2.835231304168701
513,5,-2.5587852001190186
514,2,-2.7357962131500244
515,3,-2.6615567207336426
516,1,-2.8170270919799805
517,1,-2.8391997814178467
518,1,-2.7992100715637207
519,2,-2.772780656814575
520,1,-2.835139751434326
521,2,-2.731475830078125
522,2,-2.7836997509002686
523,2,-2.7165186405181885
524,2,-2.7626707553863525
525,1,-2.860898017883301
526,1,-2.8598573207855225
527,2,-2.7862541675567627
528,2,-2.74839186668396
529,2,-2.7864341735839844
530,2,-2.7592594623565674
531,2,-2.76263689994812
532,1,-2.809077739715576
533,2,-2.768695831298828
534,1,-2.799252986907959
535,3,-2.644609212875366
536,2,-2.7685344219207764
537,1,-2.8263003826141357
538,2,-2.742379665374756
539,1,-2.81957745552063
540,1,-2.817582607269287
541,2,-2.768918752670288
542,1,-2.8039753437042236
543,3,-2.698171615600586
544,1,-2.7973268032073975
545,2,-2.75439190864563
546,2,-2.7106127738952637
547,1,-2.795107841491699
548,2,-2.7423787117004395
549,1,-2.884398937225342
550,3,-2.648477077484131
551,2,-2.7396278381347656
552,2,-2.775509834289551
553,1,-2.8177223205566406
554,2,-2.7717080116271973
555,5,-2.5676817893981934
556,2,-2.745927333831787
557,1,-2.8687233924865723
558,1,-2.8664419651031494
559,2,-2.766357421875
560,2,-2.7051758766174316
561,3,-2.6584324836730957
562,1,-2.7950196266174316
563,2,-2.7625515460968018
564,1,-2.8453927040100098
565,2,-2.7776050567626953
566,2,-2.7132229804992676
567,1,-2.7939629554748535
568,2,-2.7587599754333496
569,2,-2.751326322555542
570,2,-2.7533154487609863
571,1,-2.791029214859009
572,2,-2.762265205383301
573,2,-2.710088014602661
574,2,-2.7404584884643555
575,2,-2.759852647781372
576,3,-2.692357301712036
577,2,-2.743868112564087
578,5,-2.5629234313964844
579,3,-2.641662120819092
580,3,-2.692669630050659
581,1,-2.821206569671631
582,2,-2.7268612384796143
583,2,-2.7763445377349854
584,2,-2.7684013843536377
585,2,-2.72715425491333
586,2,-2.7691798210144043
587,2,-2.7507164478302
588,1,-2.853070020675659
589,2,-2.7259535789489746
590,2,-2.742236852645874
591,2,-2.7612931728363037
592,2,-2.7411956787109375
593,1,-2.7939882278442383
594,5,-2.5602097511291504
595,2,-2.7812881469726562
596,1,-2.799859046936035
597,2,-2.7745628356933594
598,9,-2.362379550933838
599,3,-2.667135000228882
600,2,-2.7516913414001465
601,3,-2.6650218963623047
602,8,-2.4115452766418457
603,1,-2.8636579513549805
604,1,-2.824216365814209
605,1,-2.812788963317871
606,2,-2.711621046066284
607,3,-2.7033681869506836
608,2,-2.722050189971924
609,2,-2.7525482177734375
610,3,-2.683640956878662
611,1,-2.8543434143066406
612,1,-2.873746871948242
613,3,-2.648986577987671
614,2,-2.7791168689727783
615,2,-2.764172077178955
616,2,-2.750586748123169
617,11,-2.2412924766540527
618,2,-2.7044782638549805
619,1,-2.7965774536132812
620,1,-2.8374786376953125
621,2,-2.7681891918182373
622,1,-2.8159637451171875
623,1,-2.791402816772461
624,2,-2.718801259994507
625,3,-2.661860466003418
626,1,-2.7879879474639893
627,4,-2.6258485317230225
628,2,-2.749574661254883
629,2,-2.760819911956787
630,2,-2.739044189453125
631,3,-2.6534459590911865
632,1,-2.806095838546753
633,2,-2.746648073196411
634,2,-2.766923666000366
635,2,-2.778534412384033
636,2,-2.7367193698883057
637,5,-2.5341036319732666
638,1,-2.8555545806884766
639,3,-2.6832916736602783
640,2,-2.7747325897216797
641,4,-2.634409189224243
642,2,-2.737943410873413
643,2,-2.7322471141815186
644,2,-2.7316031455993652
645,2,-2.7489142417907715
646,2,-2.7231874465942383
647,4,-2.6362500190734863
648,3,-2.6920652389526367
649,2,-2.7474703788757324
650,3,-2.6812191009521484
651,1,-2.8172621726989746
652,2,-2.7171409130096436
653,2,-2.7599706649780273
654,1,-2.8678507804870605
655,2,-2.719149112701416
656,1,-2.8257079124450684
657,1,-2.8064255714416504
658,3,-2.6547021865844727
659,4,-2.6302201747894287
660,2,-2.7331509590148926
661,2,-2.751112699508667
662,1,-2.848361015319824
663,5,-2.57021164894104
664,1,-2.8466227054595947
665,2,-2.754885196685791
666,2,-2.7689337730407715
667,2,-2.747973918914795
668,1,-2.813354015350342
669,3,-2.682055711746216
670,3,-2.6982977390289307
671,1,-2.829026937484741
672,2,-2.72747540473938
673,2,-2.7722344398498535
674,3,-2.6572885513305664
675,3,-2.70383620262146
676,3,-2.679197311401367
677,2,-2.738781452178955
678,1,-2.8456828594207764
679,2,-2.7590229511260986
680,2,-2.75911808013916
681,5,-2.549696683883667
682,1,-2.863723039627075
683,2,-2.7376041412353516
684,1,-2.803220748901367
685,2,-2.7225182056427
686,1,-2.8255410194396973
687,2,-2.707275390625
688,1,-2.882002353668213
689,2,-2.7398977279663086
690,2,-2.7798266410827637
691,1,-2.8667080402374268
692,2,-2.728792428970337
693,6,-2.5040535926818848
694,2,-2.738536834716797
695,1,-2.8411436080932617
696,2,-2.7604846954345703
697,1,-2.8052818775177
698,3,-2.684609889984131
699,2,-2.7184383869171143
700,1,-2.7918319702148438
701,5,-2.547370195388794
702,5,-2.557448625564575
703,1,-2.795999765396118
704,3,-2.6631810665130615
705,2,-2.7642886638641357
706,7,-2.4284451007843018
707,2,-2.7148549556732178
708,6,-2.5055553913116455
709,3,-2.682050943374634
710,2,-2.73384952545166
711,2,-2.740084409713745
712,2,-2.7097952365875244
713,5,-2.5770316123962402
714,2,-2.735468864440918
715,2,-2.7090904712677
716,3,-2.667609214782715
717,1,-2.831664800643921
718,4,-2.6092336177825928
719,3,-2.6798014640808105
720,3,-2.6576592922210693
721,3,-2.6822595596313477
722,4,-2.594423294067383
723,1,-2.838164806365967
724,3,-2.6479806900024414
725,2,-2.7125415802001953
726,2,-2.7381064891815186
727,2,-2.7580513954162598
728,1,-2.8301689624786377
729,2,-2.7773308753967285
730,2,-2.716172695159912
731,2,-2.76810359954834
732,2,-2.7049102783203125
733,2,-2.745767593383789
734,4,-2.633462905883789
735,1,-2.810900926589966
736,3,-2.6697988510131836
737,1,-2.7902884483337402
738,3,-2.6898605823516846
739,2,-2.764500141143799
740,6,-2.492091655731201
741,2,-2.740095853805542
742,4,-2.635303497314453
743,3,-2.6636555194854736
744,2,-2.7516610622406006
745,2,-2.754072904586792
746,3,-2.6647121906280518
747,2,-2.7797389030456543
748,1,-2.798403739929199
749,1,-2.7932467460632324
750,4,-2.577965497970581
751,6,-2.4952189922332764
752,2,-2.7555947303771973
753,2,-2.7343952655792236
754,3,-2.6879642009735107
755,5,-2.5268161296844482
756,3,-2.6972544193267822
757,4,-2.6272687911987305
758,2,-2.7462124824523926
759,2,-2.721297025680542
760,2,-2.765639543533325
761,2,-2.7448508739471436
762,3,-2.6957385540008545
763,2,-2.716387987136841
764,3,-2.690725088119507
765,2,-2.7316064834594727
766,1,-2.788987874984741
767,2,-2.739719867706299
768,3,-2.694586992263794
769,2,-2.786874771118164
770,2,-2.7466111183166504
771,1,-2.8004517555236816
772,2,-2.766914129257202
773,2,-2.7227721214294434
774,2,-2.708447217941284
775,4,-2.6084537506103516
776,3,-2.6716718673706055
777,2,-2.7055606842041016
778,2,-2.786496639251709
779,2,-2.7374143600463867
780,10,-2.302826404571533
781,2,-2.7308382987976074
782,2,-2.7289490699768066
783,2,-2.7142677307128906
784,4,-2.623722791671753
785,10,-2.268239736557007
786,3,-2.7001662254333496
787,1,-2.8131303787231445
788,7,-2.4265189170837402
789,4,-2.611258029937744
790,4,-2.5826261043548584
791,2,-2.7654619216918945
792,2,-2.733484983444214
793,3,-2.7007765769958496
794,1,-2.869630813598633
795,7,-2.4228568077087402
796,2,-2.751929521560669
797,2,-2.749933958053589
798,2,-2.72714900970459
799,2,-2.726639986038208
800,5,-2.577021598815918
801,3,-2.688629150390625
802,4,-2.5934884548187256
803,2,-2.721284866333008
804,5,-2.5577356815338135
805,3,-2.671743631362915
806,2,-2.745025396347046
807,2,-2.7281267642974854
808,2,-2.7097065448760986
809,2,-2.704854965209961
810,2,-2.731282949447632
811,2,-2.736553192138672
812,4,-2.587432861328125
813,1,-2.825416326522827
814,2,-2.740499973297119
815,10,-2.3094139099121094
816,1,-2.840765953063965
817,3,-2.640117645263672
818,3,-2.6476235389709473
819,3,-2.6765828132629395
820,2,-2.7050273418426514
821,2,-2.7181782722473145
822,2,-2.7681045532226562
823,4,-2.5887393951416016
824,3,-2.67486310005188
825,3,-2.667459011077881
826,7,-2.437345027923584
827,5,-2.544142007827759
828,2,-2.731647253036499
829,2,-2.7834019660949707
830,2,-2.7450132369995117
831,1,-2.8250529766082764
832,3,-2.6376404762268066
833,3,-2.683778762817383
834,3,-2.6433286666870117
835,1,-2.8089640140533447
836,2,-2.723998546600342
837,1,-2.8555374145507812
838,2,-2.70990252494812
839,1,-2.856416702270508
840,2,-2.7089500427246094
841,2,-2.7087013721466064
842,2,-2.710648775100708
843,2,-2.7258663177490234
844,3,-2.691240072250366
845,2,-2.759042739868164
846,2,-2.7252824306488037
847,2,-2.7163052558898926
848,3,-2.7040843963623047
849,2,-2.7419612407684326
850,4,-2.6321921348571777
851,6,-2.509719133377075
852,4,-2.6207938194274902
853,2,-2.72798752784729
854,2,-2.74790620803833
855,5,-2.571364402770996
856,6,-2.5064520835876465
857,2,-2.716165781021118
858,1,-2.8082754611968994
859,2,-2.775557041168213
860,3,-2.6879665851593018
861,3,-2.6735081672668457
862,8,-2.4193644523620605
863,3,-2.6656219959259033
864,2,-2.705364942550659
865,2,-2.706709861755371
866,2,-2.763774871826172
867,6,-2.514369249343872
868,1,-2.833498001098633
869,7,-2.446152925491333
870,10,-2.3153903484344482
871,5,-2.5290675163269043
872,1,-2.7993998527526855
873,2,-2.7183377742767334
874,1,-2.8374154567718506
875,2,-2.746893882751465
876,4,-2.6107289791107178
877,3,-2.6602611541748047
878,2,-2.706130027770996
879,1,-2.8350119590759277
880,1,-2.8077964782714844
881,3,-2.689785957336426
882,10,-2.3070895671844482
883,3,-2.700463056564331
884,2,-2.714120864868164
885,2,-2.7197933197021484
886,7,-2.4591846466064453
887,2,-2.706695079803467
888,1,-2.816225290298462
889,3,-2.6818525791168213
890,1,-2.820648193359375
891,1,-2.789942502975464
892,1,-2.7993006706237793
893,1,-2.8469369411468506
894,4,-2.629164695739746
895,2,-2.713204860687256
896,3,-2.6708199977874756
897,2,-2.7672674655914307
898,2,-2.7291958332061768
899,4,-2.6272530555725098
900,3,-2.67952561378479
901,1,-2.875270128250122
902,3,-2.690256357192993
903,2,-2.7440924644470215
904,1,-2.8349227905273438
905,4,-2.6198794841766357
906,5,-2.538959503173828
907,2,-2.785158634185791
908,4,-2.63393497467041
909,2,-2.7438480854034424
910,3,-2.6693532466888428
911,4,-2.5980849266052246
912,2,-2.7841436862945557
913,2,-2.743502616882324
914,3,-2.675250291824341
915,2,-2.712913990020752
916,3,-2.7019388675689697
917,2,-2.715787410736084
918,1,-2.824747085571289
919,3,-2.684741258621216
920,4,-2.618056535720825
921,4,-2.6239984035491943
922,4,-2.5938215255737305
923,3,-2.6682333946228027
924,3,-2.6953225135803223
925,2,-2.7291996479034424
926,10,-2.3126728534698486
927,2,-2.7045295238494873
928,3,-2.648688316345215
929,4,-2.635009288787842
930,4,-2.6305341720581055
931,2,-2.770469903945923
932,2,-2.7588460445404053
933,2,-2.7113037109375
934,2,-2.7460615634918213
935,3,-2.6921615600585938
936,2,-2.7197976112365723
937,1,-2.8589248657226562
938,3,-2.6769604682922363
939,4,-2.63301944732666
940,1,-2.839934825897217
941,2,-2.7588205337524414
942,1,-2.800987958908081
943,6,-2.48671293258667
944,3,-2.664048194885254
945,2,-2.713909149169922
946,3,-2.659602642059326
947,3,-2.6970977783203125
948,10,-2.2742819786071777
949,2,-2.7313578128814697
950,1,-2.808016538619995
951,3,-2.6981475353240967
952,3,-2.6612391471862793
953,1,-2.8735785484313965
954,3,-2.671830892562866
955,1,-2.8637990951538086
956,3,-2.6723973751068115
957,2,-2.747406244277954
958,2,-2.7260982990264893
959,2,-2.7494044303894043
960,6,-2.49145770072937
961,2,-2.7595975399017334
962,3,-2.6921796798706055
963,4,-2.6345086097717285
964,3,-2.6379339694976807
965,1,-2.8296656608581543
966,2,-2.707042694091797
967,3,-2.673419713973999
968,3,-2.6862480640411377
969,2,-2.73704195022583
970,5,-2.5413780212402344
971,1,-2.824587821960449
972,5,-2.5390031337738037
973,5,-2.5616214275360107
974,1,-2.8490805625915527
975,3,-2.6948912143707275
976,4,-2.592803955078125
977,1,-2.8477296829223633
978,3,-2.699662446975708
979,3,-2.6535019874572754
980,3,-2.6954634189605713
981,1,-2.7978992462158203
982,2,-2.7193150520324707
983,3,-2.6402037143707275
984,2,-2.7681467533111572
985,2,-2.7066221237182617
986,3,-2.682501792907715
987,3,-2.6456193923950195
988,2,-2.7129437923431396
989,1,-2.8762755393981934
990,6,-2.480374574661255
991,7,-2.439711570739746
992,3,-2.6614840030670166
993,1,-2.82462739944458
994,2,-2.708080530166626
995,3,-2.6780898571014404
996,1,-2.8408963680267334
997,3,-2.6628336906433105
998,4,-2.6361708641052246
999,3,-2.685634136199951
1000,2,-2.7833125591278076
1001,4,-2.6178598403930664
1002,6,-2.505276679992676
1003,2,-2.762564182281494
1004,3,-2.7032310962677
1005,5,-2.538071393966675
1006,1,-2.8467330932617188
1007,8,-2.383207321166992
1008,2,-2.708936929702759
1009,2,-2.7081146240234375
1010,2,-2.766871929168701
1011,4,-2.6093156337738037
1012,3,-2.6727399826049805
1013,2,-2.733431577682495
1014,13,-2.095536231994629
1015,3,-2.6898183822631836
1016,4,-2.6008870601654053
1017,4,-2.60779070854187
1018,3,-2.6922991275787354
1019,4,-2.620634078979492
1020,3,-2.6630640029907227
1021,2,-2.716115951538086
1022,2,-2.707192897796631
1023,2,-2.779755115509033
1024,3,-2.6574361324310303
1025,2,-2.739793062210083
1026,2,-2.7334280014038086
1027,3,-2.697920322418213
1028,3,-2.6410436630249023
1029,2,-2.710019111633301
1030,10,-2.2998976707458496
1031,1,-2.8304800987243652
1032,3,-2.6844065189361572
1033,4,-2.6292335987091064
1034,5,-2.5317459106445312
1035,3,-2.6546194553375244
1036,3,-2.6436760425567627
1037,3,-2.669451951980591
1038,3,-2.6607415676116943
1039,6,-2.4942922592163086
1040,3,-2.6460578441619873
1041,1,-2.7917163372039795
1042,4,-2.6278135776519775
1043,2,-2.73319935798645
1044,2,-2.7255489826202393
1045,14,-2.032310962677002
1046,3,-2.697777509689331
1047,3,-2.6961891651153564
1048,3,-2.6826839447021484
1049,3,-2.6796460151672363
1050,3,-2.69376802444458
1051,2,-2.7103657722473145
1052,4,-2.616428852081299
1053,8,-2.3837151527404785
1054,4,-2.630171537399292
1055,3,-2.682640790939331
1056,1,-2.8469762802124023
1057,13,-2.077794313430786
1058,1,-2.8088502883911133
1059,4,-2.6251351833343506
1060,5,-2.542742967605591
1061,2,-2.73081374168396
1062,1,-2.8221278190612793
1063,4,-2.6090896129608154
1064,4,-2.5797536373138428
1065,7,-2.4654793739318848
1066,3,-2.6604831218719482
1067,2,-2.7543673515319824
1068,4,-2.617288112640381
1069,2,-2.7599101066589355
1070,12,-2.1982262134552
1071,2,-2.7481131553649902
1072,4,-2.5939860343933105
1073,4,-2.635354518890381
1074,6,-2.4769368171691895
1075,3,-2.655568838119507
1076,1,-2.8271806240081787
1077,2,-2.759645462036133
1078,2,-2.7876949310302734
1079,1,-2.8289620876312256
1080,2,-2.782227039337158
1081,6,-2.5049026012420654
1082,2,-2.7128913402557373
1083,3,-2.7043027877807617
1084,3,-2.681668996810913
1085,2,-2.7445261478424072
1086,4,-2.5855772495269775
1087,3,-2.6927907466888428
1088,5,-2.5659847259521484
1089,3,-2.691777467727661
1090,2,-2.7124931812286377
1091,5,-2.5702176094055176
1092,3,-2.700601100921631
1093,1,-2.8421742916107178
1094,3,-2.65118670463562
1095,2,-2.7676377296447754
1096,9,-2.3555593490600586
1097,6,-2.5052506923675537
1098,3,-2.644702434539795
1099,1,-2.795719861984253
1100,19,-1.6563405990600586
1101,3,-2.6773369312286377
1102,4,-2.6357059478759766
1103,4,-2.6032521724700928
1104,4,-2.606306314468384
1105,2,-2.7342689037323
1106,3,-2.687094211578369
1107,1,-2.795726776123047
1108,5,-2.574115753173828
1109,6,-2.490633010864258
1110,2,-2.786701202392578
1111,1,-2.7943975925445557
1112,11,-2.24891996383667
1113,3,-2.6554036140441895
1114,4,-2.596740961074829
1115,3,-2.699486494064331
1116,3,-2.661771059036255
1117,1,-2.7977616786956787
1118,2,-2.7226078510284424
1119,2,-2.7059316635131836
1120,6,-2.514479875564575
1121,5,-2.5348076820373535
1122,2,-2.7377490997314453
1123,8,-2.408095598220825
1124,1,-2.8033173084259033
1125,5,-2.528604030609131
1126,2,-2.707319736480713
1127,6,-2.4949755668640137
1128,5,-2.5262961387634277
1129,2,-2.7596678733825684
1130,4,-2.5817768573760986
1131,2,-2.7259931564331055
1132,3,-2.676373243331909
1133,2,-2.746464252471924
1134,3,-2.6439952850341797
1135,3,-2.6627182960510254
1136,4,-2.6175613403320312
1137,5,-2.573420763015747
1138,3,-2.6447696685791016
1139,3,-2.652789831161499
1140,4,-2.6283063888549805
1141,3,-2.642721652984619
1142,2,-2.7208311557769775
1143,3,-2.687699317932129
1144,11,-2.2510156631469727
1145,4,-2.5779573917388916
1146,5,-2.5512306690216064
1147,2,-2.7487916946411133
1148,3,-2.6442747116088867
1149,3,-2.681520462036133
1150,4,-2.6078319549560547
1151,3,-2.6571197509765625
1152,4,-2.610517978668213
1153,2,-2.71353816986084
1154,5,-2.5352213382720947
1155,4,-2.60668683052063
1156,3,-2.651296854019165
1157,3,-2.675692081451416
1158,3,-2.673900842666626
1159,3,-2.6437530517578125
1160,4,-2.628793716430664
1161,2,-2.706261396408081
1162,3,-2.653262138366699
1163,2,-2.7221415042877197
1164,2,-2.7484405040740967
1165,1,-2.804719924926758
1166,3,-2.659729480743408
1167,3,-2.6919198036193848
1168,2,-2.7421584129333496
1169,4,-2.6331796646118164
1170,3,-2.6617074012756348
1171,3,-2.6680283546447754
1172,7,-2.430671453475952
1173,2,-2.7304110527038574
1174,2,-2.7145800590515137
1175,5,-2.5522477626800537
1176,2,-2.7114768028259277
1177,2,-2.763437271118164
1178,2,-2.706394910812378
1179,8,-2.3785340785980225
1180,4,-2.5935232639312744
1181,1,-2.820202589035034
1182,1,-2.831045627593994
1183,3,-2.6683268547058105
1184,3,-2.6857879161834717
1185,1,-2.845003604888916
1186,2,-2.7415122985839844
1187,2,-2.755690336227417
1188,4,-2.6156411170959473
1189,6,-2.482078790664673
1190,12,-2.147125482559204
1191,4,-2.585339069366455
1192,1,-2.809093713760376
1193,3,-2.6402924060821533
1194,4,-2.5941309928894043
1195,3,-2.6504385471343994
1196,6,-2.476362466812134
1197,2,-2.7231040000915527
1198,5,-2.5371968746185303
1199,2,-2.76002836227417
1200,25,-0.8219782114028931
1201,3,-2.6580810546875
1202,4,-2.600209951400757
1203,2,-2.7433629035949707
1204,2,-2.752457857131958
1205,3,-2.6920182704925537
1206,4,-2.6254501342773438
1207,7,-2.4606025218963623
1208,3,-2.6481244564056396
1209,24,-1.0225424766540527
1210,6,-2.520369529724121
1211,2,-2.7422385215759277
1212,3,-2.6698734760284424
1213,3,-2.641819477081299
1214,4,-2.6280715465545654
1215,14,-2.0422096252441406
1216,1,-2.7951881885528564
1217,8,-2.3765063285827637
1218,7,-2.459031105041504
1219,1,-2.792689085006714
1220,2,-2.7293758392333984
1221,4,-2.6034679412841797
1222,1,-2.849092960357666
1223,4,-2.596181631088257
1224,2,-2.719755172729492
1225,1,-2.8399178981781006
1226,4,-2.6269187927246094
1227,2,-2.7528209686279297
1228,6,-2.5020580291748047
1229,2,-2.715407133102417
1230,13,-2.1109566688537598
1231,2,-2.7670764923095703
1232,8,-2.4106969833374023
1233,4,-2.6352248191833496
1234,2,-2.7690727710723877
1235,2,-2.774552583694458
1236,5,-2.55049729347229
1237,4,-2.6234307289123535
1238,4,-2.6113815307617188
1239,1,-2.836297035217285
1240,4,-2.6294045448303223
1241,3,-2.650883913040161
1242,6,-2.5123679637908936
1243,3,-2.6596713066101074
1244,3,-2.6601674556732178
1245,11,-2.2468957901000977
1246,2,-2.7334320545196533
1247,2,-2.7179031372070312
1248,4,-2.626317262649536
1249,3,-2.663604736328125
1250,3,-2.656299114227295
1251,3,-2.660004138946533
1252,2,-2.7535524368286133
1253,14,-2.042184829711914
1254,5,-2.525791883468628
1255,3,-2.693450689315796
1256,10,-2.3024253845214844
1257,3,-2.699509859085083
1258,4,-2.5895822048187256
1259,4,-2.6061253547668457
1260,3,-2.681591749191284
1261,3,-2.643096446990967
1262,3,-2.6705322265625
1263,5,-2.5304083824157715
1264,4,-2.5835418701171875
1265,2,-2.7248988151550293
1266,4,-2.5984416007995605
1267,4,-2.6136631965637207
1268,2,-2.7336857318878174
1269,2,-2.71964430809021
1270,12,-2.1555936336517334
1271,9,-2.3386919498443604
1272,2,-2.759448528289795
1273,3,-2.658552885055542
1274,6,-2.482832431793213
1275,7,-2.4340100288391113
1276,5,-2.5721077919006348
1277,5,-2.55891752243042
1278,4,-2.622941017150879
1279,1,-2.8678557872772217
1280,5,-2.561253070831299
1281,2,-2.782961130142212
1282,2,-2.7430295944213867
1283,3,-2.680826187133789
1284,4,-2.5889530181884766
1285,2,-2.7535204887390137
1286,3,-2.6573264598846436
1287,8,-2.404524564743042
1288,2,-2.7692506313323975
1289,7,-2.4267468452453613
1290,6,-2.4886863231658936
1291,5,-2.5445308685302734
1292,5,-2.54252552986145
1293,1,-2.8374314308166504
1294,6,-2.5190646648406982
1295,2,-2.7424521446228027
1296,3,-2.673510789871216
1297,4,-2.6085948944091797
1298,3,-2.6418867111206055
1299,3,-2.667586326599121
1300,2,-2.778324842453003
1301,5,-2.5765223503112793
1302,5,-2.566118001937866
1303,3,-2.683598518371582
1304,9,-2.351079225540161
1305,3,-2.6915812492370605
1306,4,-2.628427028656006
1307,3,-2.6667685508728027
1308,4,-2.6035029888153076
1309,1,-2.7976746559143066
1310,4,-2.61270809173584
1311,6,-2.4767351150512695
1312,4,-2.632436990737915
1313,9,-2.3292322158813477
1314,3,-2.645111322402954
1315,3,-2.6844451427459717
1316,4,-2.6185660362243652
1317,5,-2.543403387069702
1318,3,-2.6993918418884277
1319,5,-2.5771114826202393
1320,7,-2.4549436569213867
1321,1,-2.854247808456421
1322,2,-2.7163124084472656
1323,3,-2.6556453704833984
1324,3,-2.7032363414764404
1325,4,-2.5913121700286865
1326,5,-2.5714306831359863
1327,3,-2.6427321434020996
1328,7,-2.434096097946167
1329,19,-1.6556220054626465
1330,3,-2.6383965015411377
1331,4,-2.620192050933838
1332,5,-2.5599913597106934
1333,4,-2.604487180709839
1334,5,-2.5642738342285156
1335,3,-2.6668026447296143
1336,5,-2.5445680618286133
1337,2,-2.7817773818969727
1338,5,-2.575591802597046
1339,14,-2.014857769012451
1340,3,-2.6487982273101807
1341,3,-2.6960904598236084
1342,2,-2.744518518447876
1343,3,-2.689680337905884
1344,3,-2.6431188583374023
1345,3,-2.6808035373687744
1346,2,-2.718350410461426
1347,4,-2.600209951400757
1348,1,-2.8314414024353027
1349,3,-2.6880300045013428
1350,5,-2.545772075653076
1351,5,-2.5595433712005615
1352,5,-2.527538776397705
1353,6,-2.51759934425354
1354,4,-2.6120786666870117
1355,11,-2.2030856609344482
1356,6,-2.4940285682678223
1357,3,-2.651113510131836
1358,2,-2.71634578704834
1359,14,-2.0206470489501953
1360,4,-2.60679292678833
1361,1,-2.833904266357422
1362,2,-2.777163028717041
1363,9,-2.3330671787261963
1364,14,-2.048088550567627
1365,2,-2.7274796962738037
1366,2,-2.70987868309021
1367,1,-2.7885782718658447
1368,8,-2.386788845062256
1369,4,-2.6276497840881348
1370,5,-2.55570387840271
1371,9,-2.344895124435425
1372,3,-2.695239305496216
1373,1,-2.8057548999786377
1374,1,-2.808727741241455
1375,2,-2.747861862182617
1376,5,-2.5481319427490234
1377,5,-2.5583744049072266
1378,2,-2.7859814167022705
1379,5,-2.543513298034668
1380,4,-2.6166162490844727
1381,2,-2.7092525959014893
1382,4,-2.5877833366394043
1383,3,-2.645033836364746
1384,4,-2.5952916145324707
1385,2,-2.7728919982910156
1386,9,-2.367877721786499
1387,4,-2.632507562637329
1388,11,-2.2327826023101807
1389,3,-2.6691055297851562
1390,2,-2.7133026123046875
1391,2,-2.722957134246826
1392,5,-2.5628998279571533
1393,2,-2.72420334815979
1394,4,-2.6188008785247803
1395,5,-2.5599348545074463
1396,2,-2.750519275665283
1397,5,-2.556952476501465
1398,6,-2.503973960876465
1399,6,-2.5174219608306885
1400,4,-2.5821454524993896
1401,7,-2.4392006397247314
1402,2,-2.745014190673828
1403,5,-2.569605827331543
1404,3,-2.646315336227417
1405,6,-2.517709970474243
1406,2,-2.714824914932251
1407,9,-2.3300485610961914
1408,15,-1.98682701587677
1409,8,-2.4142661094665527
1410,6,-2.5109446048736572
1411,5,-2.5285727977752686
1412,11,-2.21278715133667
1413,4,-2.6346330642700195
1414,8,-2.4018027782440186
1415,2,-2.7595131397247314
1416,3,-2.700411558151245
1417,4,-2.5851073265075684
1418,5,-2.557864189147949
1419,5,-2.5538463592529297
1420,2,-2.755061149597168
1421,3,-2.6476285457611084
1422,3,-2.6525135040283203
1423,2,-2.7110543251037598
1424,6,-2.5181503295898438
1425,3,-2.645733118057251
1426,7,-2.4561338424682617
1427,8,-2.3884994983673096
1428,2,-2.714064598083496
1429,7,-2.462782382965088
1430,5,-2.543778419494629
1431,3,-2.660735845565796
1432,10,-2.282226800918579
1433,7,-2.45894718170166
1434,2,-2.7607645988464355
1435,6,-2.4764459133148193
1436,2,-2.7739510536193848
1437,9,-2.3265867233276367
1438,9,-2.349954128265381
1439,6,-2.4877209663391113
1440,3,-2.6447577476501465
1441,6,-2.4859559535980225
1442,4,-2.618741035461426
1443,3,-2.638974189758301
1444,4,-2.6090242862701416
1445,5,-2.5677945613861084
1446,2,-2.7344462871551514
1447,5,-2.55669903755188
1448,7,-2.4626712799072266
1449,4,-2.5809266567230225
1450,3,-2.645728349685669
1451,3,-2.658687114715576
1452,4,-2.60081148147583
1453,6,-2.516848087310791
1454,2,-2.7348835468292236
1455,12,-2.1923627853393555
1456,5,-2.5445587635040283
1457,3,-2.6783509254455566
1458,14,-2.026214361190796
1459,12,-2.152996063232422
1460,11,-2.2467658519744873
1461,5,-2.530820608139038
1462,4,-2.620004892349243
1463,4,-2.5800681114196777
1464,1,-2.8458340167999268
1465,3,-2.702589273452759
1466,5,-2.529049873352051
1467,3,-2.656248092651367
1468,6,-2.498677968978882
1469,4,-2.6000003814697266
1470,11,-2.2428340911865234
1471,18,-1.7122750282287598
1472,4,-2.6184332370758057
1473,5,-2.552903175354004
1474,11,-2.228003740310669
1475,4,-2.5796737670898438
1476,5,-2.5418708324432373
1477,3,-2.683429479598999
1478,2,-2.7475426197052
1479,3,-2.641439437866211
1480,3,-2.702956438064575
1481,6,-2.513385772705078
1482,2,-2.7533552646636963
1483,3,-2.6657156944274902
1484,4,-2.636604070663452
1485,9,-2.3519604206085205
1486,4,-2.613811492919922
1487,3,-2.651325225830078
1488,4,-2.5806825160980225
1489,1,-2.828325033187866
1490,4,-2.5831665992736816
1491,4,-2.580547571182251
1492,12,-2.171485662460327
1493,6,-2.5130162239074707
1494,4,-2.627394199371338
1495,6,-2.5106008052825928
1496,3,-2.664936065673828
1497,10,-2.3097634315490723
1498,1,-2.838813543319702
1499,3,-2.671349048614502
1500,1,-2.822157144546509
1501,7,-2.425624132156372
1502,3,-2.6878135204315186
1503,3,-2.679917097091675
1504,4,-2.6143200397491455
1505,10,-2.294736623764038
1506,2,-2.7542803287506104
1507,3,-2.699880599975586
1508,9,-2.3474364280700684
1509,7,-2.4522039890289307
1510,4,-2.5906822681427
1511,18,-1.7561392784118652
1512,16,-1.864009141921997
1513,2,-2.772948741912842
1514,1,-2.7940444946289062
1515,3,-2.6563825607299805
1516,5,-2.542402505874634
1517,9,-2.3359215259552
1518,5,-2.546039581298828
1519,4,-2.618558168411255
1520,1,-2.8544743061065674
1521,4,-2.613881826400757
1522,6,-2.5049479007720947
1523,11,-2.239492416381836
1524,1,-2.820680856704712
1525,5,-2.573199987411499
1526,2,-2.745220422744751
1527,2,-2.7334070205688477
1528,2,-2.753812313079834
1529,2,-2.7059521675109863
1530,4,-2.612868547439575
1531,6,-2.5130300521850586
1532,6,-2.5004966259002686
1533,4,-2.5779361724853516
1534,8,-2.3981826305389404
1535,1,-2.8249783515930176
1536,8,-2.405017614364624
1537,12,-2.188750982284546
1538,6,-2.491447687149048
1539,3,-2.7019567489624023
1540,2,-2.7820444107055664
1541,2,-2.7698400020599365
1542,4,-2.619117021560669
1543,3,-2.696446180343628
1544,5,-2.5312769412994385
1545,5,-2.5572385787963867
1546,1,-2.8367490768432617
1547,2,-2.7434277534484863
1548,8,-2.410146713256836
1549,12,-2.1453545093536377
1550,16,-1.8929533958435059
1551,7,-2.466356039047241
1552,2,-2.771893262863159
1553,6,-2.509462594985962
1554,5,-2.55423641204834
1555,4,-2.6354455947875977
1556,3,-2.691751003265381
1557,5,-2.5423495769500732
1558,4,-2.60705828666687
1559,4,-2.635006904602051
1560,5,-2.5743327140808105
1561,2,-2.7050461769104004
1562,7,-2.428209066390991
1563,6,-2.512449026107788
1564,3,-2.6582143306732178
1565,6,-2.502288818359375
1566,1,-2.831450939178467
1567,2,-2.779496669769287
1568,4,-2.5976877212524414
1569,6,-2.5122690200805664
1570,2,-2.7471916675567627
1571,2,-2.7323615550994873
1572,4,-2.609483242034912
1573,4,-2.62249755859375
1574,4,-2.58331298828125
1575,17,-1.8345719575881958
1576,7,-2.463817834854126
1577,3,-2.7029836177825928
1578,15,-1.9849562644958496
1579,1,-2.791663408279419
1580,1,-2.8611831665039062
1581,6,-2.4971704483032227
1582,1,-2.809109687805176
1583,8,-2.3760857582092285
1584,7,-2.4406394958496094
1585,10,-2.3098156452178955
1586,20,-1.5388011932373047
1587,5,-2.5473411083221436
1588,3,-2.6799802780151367
1589,10,-2.2813680171966553
1590,3,-2.639951705932617
1591,22,-1.2537025213241577
1592,11,-2.211099863052368
1593,8,-2.376370906829834
1594,2,-2.723468542098999
1595,2,-2.7394728660583496
1596,5,-2.541329860687256
1597,14,-2.070298194885254
1598,4,-2.6044981479644775
1599,5,-2.5527212619781494
1600,6,-2.512735605239868
1601,5,-2.5329697132110596
1602,13,-2.098600149154663
1603,5,-2.5325753688812256
1604,4,-2.5973267555236816
1605,2,-2.7688865661621094
1606,3,-2.7008469104766846
1607,1,-2.8227040767669678
1608,7,-2.4555230140686035
1609,3,-2.6419403553009033
1610,3,-2.6985268592834473
1611,6,-2.4845833778381348
1612,1,-2.8351566791534424
1613,1,-2.8099937438964844
1614,5,-2.5401816368103027
1615,5,-2.5667977333068848
1616,9,-2.3367388248443604
1617,20,-1.4840431213378906
1618,3,-2.651005744934082
1619,6,-2.50504469871521
1620,2,-2.7170774936676025
1621,6,-2.491016149520874
1622,5,-2.5408945083618164
1623,4,-2.627403497695923
1624,11,-2.2565340995788574
1625,1,-2.8137013912200928
1626,2,-2.7142655849456787
1627,3,-2.650036096572876
1628,10,-2.2659313678741455
1629,12,-2.1826610565185547
1630,6,-2.4871253967285156
1631,1,-2.829310655593872
1632,1,-2.8141794204711914
1633,3,-2.701213836669922
1634,7,-2.4612808227539062
1635,2,-2.763305187225342
1636,3,-2.6415886878967285
1637,18,-1.7111926078796387
1638,3,-2.645599603652954
1639,1,-2.8410706520080566
1640,2,-2.7203876972198486
1641,13,-2.1148598194122314
1642,4,-2.5861546993255615
1643,3,-2.690293312072754
1644,10,-2.291149854660034
1645,16,-1.8705238103866577
1646,5,-2.537888765335083
1647,2,-2.723120927810669
1648,6,-2.516730308532715
1649,3,-2.6562085151672363
1650,19,-1.5837347507476807
1651,6,-2.477870464324951
1652,7,-2.4594204425811768
1653,4,-2.5916876792907715
1654,4,-2.615187168121338
1655,13,-2.1074166297912598
1656,3,-2.655184268951416
1657,5,-2.571129560470581
1658,10,-2.307905912399292
1659,2,-2.7498316764831543
1660,8,-2.4201104640960693
1661,6,-2.492520809173584
1662,25,-0.8450844287872314
1663,12,-2.1796817779541016
1664,2,-2.733999252319336
1665,3,-2.6432063579559326
1666,2,-2.7523441314697266
1667,10,-2.277348518371582
1668,2,-2.722970485687256
1669,5,-2.55043888092041
1670,3,-2.6951420307159424
1671,12,-2.183983564376831
1672,3,-2.6787455081939697
1673,3,-2.669584035873413
1674,4,-2.6345109939575195
1675,3,-2.6601760387420654
1676,1,-2.8151090145111084
1677,6,-2.5007331371307373
1678,6,-2.48140025138855
1679,6,-2.5057804584503174
1680,3,-2.691950559616089
1681,18,-1.76246976852417
1682,3,-2.663572311401367
1683,6,-2.4905755519866943
1684,1,-2.82615065574646
1685,2,-2.7079508304595947
1686,3,-2.667769193649292
1687,4,-2.603980541229248
1688,2,-2.763963222503662
1689,14,-2.014148712158203
1690,3,-2.6384482383728027
1691,8,-2.3915865421295166
1692,14,-2.043466567993164
1693,2,-2.7071735858917236
1694,8,-2.392119884490967
1695,3,-2.6393914222717285
1696,8,-2.376479387283325
1697,1,-2.805086374282837
1698,2,-2.738326072692871
1699,7,-2.4581525325775146
1700,19,-1.5942109823226929
1701,5,-2.532801866531372
1702,5,-2.535731792449951
1703,7,-2.4398109912872314
1704,5,-2.53468656539917
1705,4,-2.600313901901245
1706,2,-2.732966899871826
1707,5,-2.53161883354187
1708,3,-2.684650421142578
1709,2,-2.7322726249694824
1710,8,-2.411278247833252
1711,2,-2.7184500694274902
1712,12,-2.184016227722168
1713,5,-2.5409963130950928
1714,5,-2.5672688484191895
1715,2,-2.7171411514282227
1716,4,-2.6065800189971924
1717,1,-2.845632553100586
1718,4,-2.5812723636627197
1719,26,-0.5227787494659424
1720,1,-2.8495938777923584
1721,1,-2.82827091217041
1722,3,-2.7000317573547363
1723,4,-2.5896310806274414
1724,6,-2.4932684898376465
1725,3,-2.6745309829711914
1726,8,-2.3708996772766113
1727,3,-2.663332939147949
1728,3,-2.6757259368896484
1729,5,-2.535876989364624
1730,5,-2.537729024887085
1731,1,-2.8143439292907715
1732,5,-2.5597434043884277
1733,7,-2.4675798416137695
1734,4,-2.6214733123779297
1735,2,-2.721109390258789
1736,8,-2.380603313446045
1737,2,-2.721104145050049
1738,4,-2.611541509628296
1739,5,-2.5433850288391113
1740,1,-2.86989164352417
1741,14,-2.061617374420166
1742,4,-2.623778820037842
1743,3,-2.6684632301330566
1744,1,-2.820481300354004
1745,3,-2.652613878250122
1746,6,-2.4980714321136475
1747,2,-2.70589542388916
1748,5,-2.534271001815796
1749,4,-2.5790061950683594
1750,8,-2.4191293716430664
1751,9,-2.3285915851593018
1752,5,-2.550987482070923
1753,4,-2.605160713195801
1754,3,-2.6706161499023438
1755,2,-2.7220373153686523
1756,13,-2.0896894931793213
1757,8,-2.3784618377685547
1758,2,-2.749829053878784
1759,5,-2.524624824523926
1760,3,-2.670886278152466
1761,3,-2.670545816421509
1762,3,-2.6646039485931396
1763,11,-2.216576337814331
1764,7,-2.473385810852051
1765,6,-2.489992141723633
1766,2,-2.7334015369415283
1767,12,-2.1852216720581055
1768,3,-2.696367025375366
1769,2,-2.7196009159088135
1770,6,-2.4810566902160645
1771,21,-1.447429895401001
1772,1,-2.8122496604919434
1773,1,-2.801535129547119
1774,5,-2.5721967220306396
1775,7,-2.442006826400757
1776,3,-2.6787219047546387
1777,2,-2.7140400409698486
1778,7,-2.4290504455566406
1779,10,-2.2909069061279297
1780,23,-1.0782214403152466
1781,13,-2.074725389480591
1782,2,-2.730363607406616
1783,5,-2.5685107707977295
1784,5,-2.5696635246276855
1785,4,-2.5849626064300537
1786,9,-2.3210361003875732
1787,2,-2.7150752544403076
1788,10,-2.3105263710021973
1789,12,-2.1786251068115234
1790,4,-2.6300878524780273
1791,7,-2.4267187118530273
1792,1,-2.8514034748077393
1793,3,-2.690120220184326
1794,10,-2.27791166305542
1795,5,-2.554497003555298
1796,6,-2.497295379638672
1797,8,-2.3752365112304688
1798,10,-2.264918327331543
1799,6,-2.5013651847839355
1800,9,-2.350661039352417
1801,4,-2.589287757873535
1802,12,-2.159790515899658
1803,7,-2.4710347652435303
1804,4,-2.62868332862854
1805,6,-2.51348614692688
1806,3,-2.6833295822143555
1807,1,-2.81215763092041
1808,8,-2.4029593467712402
1809,2,-2.740574836730957
1810,3,-2.701678514480591
1811,1,-2.861166477203369
1812,3,-2.6700685024261475
1813,3,-2.6805081367492676
1814,3,-2.673572540283203
1815,17,-1.832646131515503
1816,1,-2.8646152019500732
1817,3,-2.684141159057617
1818,2,-2.7796924114227295
1819,14,-2.0456061363220215
1820,6,-2.475043773651123
1821,4,-2.6212360858917236
1822,23,-1.1376897096633911
1823,2,-2.741420269012451
1824,22,-1.2921981811523438
1825,3,-2.659640073776245
1826,4,-2.6025168895721436
1827,3,-2.686554431915283
1828,5,-2.546203136444092
1829,8,-2.370253324508667
1830,11,-2.2210195064544678
1831,14,-2.020528554916382
1832,3,-2.694570541381836
1833,6,-2.4810469150543213
1834,10,-2.2716686725616455
1835,12,-2.1914806365966797
1836,4,-2.5833511352539062
1837,9,-2.357325792312622
1838,6,-2.513709783554077
1839,16,-1.8786611557006836
1840,2,-2.73390531539917
1841,4,-2.606058359146118
1842,4,-2.6254801750183105
1843,16,-1.883478045463562
1844,14,-2.0651028156280518
1845,1,-2.8448827266693115
1846,11,-2.219693422317505
1847,7,-2.466733455657959
1848,4,-2.6253604888916016
1849,4,-2.5895919799804688
1850,3,-2.668241262435913
1851,3,-2.6726677417755127
1852,2,-2.709104299545288
1853,10,-2.2630574703216553
1854,1,-2.8271121978759766
1855,6,-2.4942235946655273
1856,7,-2.449763774871826
1857,9,-2.344085216522217
1858,6,-2.4988656044006348
1859,3,-2.681622266769409
1860,9,-2.322577714920044
1861,5,-2.5551984310150146
1862,11,-2.216583251953125
1863,4,-2.58990478515625
1864,9,-2.3668999671936035
1865,7,-2.431450605392456
1866,4,-2.5938613414764404
1867,7,-2.4485397338867188
1868,2,-2.70937442779541
1869,5,-2.54817271232605
1870,5,-2.5500261783599854
1871,3,-2.6411032676696777
1872,2,-2.7103328704833984
1873,2,-2.7852120399475098
1874,6,-2.506959915161133
1875,2,-2.779400587081909
1876,3,-2.6623053550720215
1877,6,-2.511176347732544
1878,3,-2.6905746459960938
1879,5,-2.5240604877471924
1880,3,-2.6998517513275146
1881,2,-2.7188961505889893
1882,5,-2.5562784671783447
1883,3,-2.690789222717285
1884,1,-2.8047778606414795
1885,1,-2.794490337371826
1886,7,-2.4235668182373047
1887,9,-2.3299407958984375
1888,2,-2.7326295375823975
1889,8,-2.3961195945739746
1890,4,-2.6327004432678223
1891,4,-2.637603282928467
1892,6,-2.4833526611328125
1893,9,-2.3626906871795654
1894,4,-2.5876736640930176
1895,6,-2.500047445297241
1896,3,-2.662437915802002
1897,5,-2.542067050933838
1898,10,-2.2990541458129883
1899,5,-2.571650743484497
1900,3,-2.6412432193756104
1901,7,-2.433605432510376
1902,23,-1.1188730001449585
1903,4,-2.6295952796936035
1904,5,-2.569429636001587
1905,3,-2.7018823623657227
1906,10,-2.2854256629943848
1907,4,-2.637512445449829
1908,25,-0.7783262729644775
1909,3,-2.6892294883728027
1910,2,-2.7368648052215576
1911,4,-2.610304594039917
1912,2,-2.76263427734375
1913,6,-2.4821436405181885
1914,12,-2.1736838817596436
1915,6,-2.4937782287597656
1916,4,-2.618619680404663
1917,9,-2.358187675476074
1918,2,-2.714540719985962
1919,6,-2.509263038635254
1920,13,-2.119994878768921
1921,3,-2.652369499206543
1922,11,-2.249901294708252
1923,1,-2.8140954971313477
1924,3,-2.6890525817871094
1925,3,-2.658287525177002
1926,6,-2.5040078163146973
1927,11,-2.202160596847534
1928,2,-2.706528425216675
1929,2,-2.769040822982788
1930,6,-2.5236849784851074
1931,7,-2.44899845123291
1932,20,-1.5432438850402832
1933,15,-1.9655910730361938
1934,12,-2.1500277519226074
1935,2,-2.769596576690674
1936,11,-2.2040727138519287
1937,7,-2.4704673290252686
1938,14,-2.0691380500793457
1939,5,-2.5503668785095215
1940,1,-2.8284757137298584
1941,6,-2.5031309127807617
1942,9,-2.368849754333496
1943,2,-2.751749277114868
1944,2,-2.7199673652648926
1945,6,-2.5233266353607178
1946,5,-2.5742948055267334
1947,4,-2.609328508377075
1948,11,-2.2579081058502197
1949,5,-2.545436382293701
1950,4,-2.5990984439849854
1951,6,-2.523202657699585
1952,8,-2.4092838764190674
1953,8,-2.377234935760498
1954,3,-2.6581106185913086
1955,3,-2.6961476802825928
1956,10,-2.3135952949523926
1957,1,-2.8349199295043945
1958,8,-2.3986828327178955
1959,19,-1.5984745025634766
1960,4,-2.5870420932769775
1961,5,-2.550825834274292
1962,6,-2.474680185317993
1963,3,-2.6737403869628906
1964,3,-2.702479839324951
1965,7,-2.452892541885376
1966,3,-2.6927103996276855
1967,3,-2.64168643951416
1968,8,-2.381286859512329
1969,19,-1.644210696220398
1970,5,-2.5254313945770264
1971,4,-2.605381488800049
1972,6,-2.489158868789673
1973,2,-2.7716712951660156
1974,9,-2.363415241241455
1975,16,-1.8832643032073975
1976,2,-2.718041181564331
1977,3,-2.644284725189209
1978,2,-2.7720181941986084
1979,9,-2.339313507080078
1980,2,-2.756546974182129
1981,10,-2.2722678184509277
1982,2,-2.741703510284424
1983,5,-2.5667917728424072
1984,5,-2.5653188228607178
1985,3,-2.650670289993286
1986,2,-2.7369463443756104
1987,4,-2.583305597305298
1988,12,-2.1584181785583496
1989,8,-2.3919100761413574
1990,4,-2.5964536666870117
1991,10,-2.290040969848633
1992,15,-1.9979760646820068
1993,4,-2.6008284091949463
1994,3,-2.689220428466797
1995,11,-2.213508367538452
1996,4,-2.6294198036193848
1997,5,-2.569840669631958
1998,4,-2.5979700088500977
1999,13,-2.1295416355133057
2000,4,-2.6244349479675293
2001,7,-2.453458786010742
2002,6,-2.486818790435791
2003,7,-2.4540157318115234
2004,6,-2.4800267219543457
2005,3,-2.6390719413757324
2006,4,-2.628408908843994
2007,2,-2.7589974403381348
2008,1,-2.8021202087402344
2009,8,-2.4053659439086914
2010,1,-2.8628437519073486
2011,2,-2.708716630935669
2012,7,-2.423656702041626
2013,8,-2.4115655422210693
2014,2,-2.7251949310302734
2015,4,-2.5784809589385986
2016,2,-2.7556118965148926
2017,3,-2.661774158477783
2018,8,-2.3830366134643555
2019,5,-2.561182737350464
2020,2,-2.71148419380188
2021,5,-2.5714566707611084
2022,5,-2.56640625
2023,2,-2.724730968475342
2024,9,-2.3188607692718506
2025,14,-2.057934284210205
2026,4,-2.595827579498291
2027,13,-2.094407558441162
2028,12,-2.1392133235931396
2029,3,-2.6809754371643066
2030,7,-2.4651942253112793
2031,4,-2.608236789703369
2032,11,-2.2173149585723877
2033,4,-2.6139001846313477
2034,5,-2.553605079650879
2035,1,-2.8019654750823975
2036,3,-2.6763792037963867
2037,4,-2.581000804901123
2038,11,-2.236027479171753
2039,9,-2.365654230117798
2040,7,-2.467468023300171
2041,5,-2.5735960006713867
2042,9,-2.3247575759887695
2043,10,-2.277395725250244
2044,6,-2.483778238296509
2045,26,-0.6516668796539307
2046,4,-2.6098098754882812
2047,15,-1.9508147239685059
2048,11,-2.236318349838257
2049,16,-1.862558126449585
2050,21,-1.458336591720581
2051,5,-2.5595104694366455
2052,11,-2.212782382965088
2053,21,-1.393883466720581
2054,2,-2.786979913711548
2055,7,-2.4387569427490234
2056,4,-2.599851131439209
2057,4,-2.5968270301818848
2058,8,-2.403550863265991
2059,3,-2.6618430614471436
2060,6,-2.482469081878662
2061,2,-2.7189602851867676
2062,4,-2.632275104522705
2063,3,-2.6774284839630127
2064,10,-2.3137032985687256
2065,3,-2.6497645378112793
2066,3,-2.6622400283813477
2067,3,-2.658034324645996
2068,4,-2.637021780014038
2069,2,-2.7273600101470947
2070,17,-1.8105350732803345
2071,12,-2.1572136878967285
2072,7,-2.464465618133545
2073,21,-1.430220365524292
2074,5,-2.5597167015075684
2075,10,-2.2922756671905518
2076,24,-0.9035681486129761
2077,14,-2.0622897148132324
2078,13,-2.084280014038086
2079,5,-2.5738468170166016
2080,8,-2.4163341522216797
2081,5,-2.571676254272461
2082,3,-2.6917409896850586
2083,3,-2.6496458053588867
2084,2,-2.7044577598571777
2085,6,-2.4985501766204834
2086,7,-2.462559700012207
2087,2,-2.7234551906585693
2088,9,-2.3335583209991455
2089,6,-2.4878368377685547
2090,3,-2.6629538536071777
2091,5,-2.5720832347869873
2092,7,-2.4540700912475586
2093,2,-2.7120134830474854
2094,10,-2.2844362258911133
2095,3,-2.6408932209014893
2096,6,-2.5175397396087646
2097,6,-2.4790523052215576
2098,11,-2.2321736812591553
2099,2,-2.7053325176239014
2100,4,-2.6066699028015137
2101,16,-1.9007563591003418
2102,7,-2.434166193008423
2103,2,-2.7248928546905518
2104,11,-2.222100257873535
2105,3,-2.6898698806762695
2106,2,-2.766042947769165
2107,2,-2.734574556350708
2108,10,-2.3116960525512695
2109,6,-2.5152153968811035
2110,5,-2.5657906532287598
2111,5,-2.5406901836395264
2112,3,-2.680542230606079
2113,4,-2.5867178440093994
2114,1,-2.794224500656128
2115,7,-2.4326331615448
2116,20,-1.5710134506225586
2117,1,-2.824496269226074
2118,14,-2.0519301891326904
2119,2,-2.7639594078063965
2120,18,-1.7217154502868652
2121,3,-2.6464462280273438
2122,5,-2.5510528087615967
2123,6,-2.4857969284057617
2124,3,-2.700955867767334
2125,2,-2.766883373260498
2126,8,-2.391280174255371
2127,25,-0.8438808917999268
2128,5,-2.553100347518921
2129,3,-2.6832737922668457
2130,3,-2.6417770385742188
2131,3,-2.6959474086761475
2132,11,-2.2589118480682373
2133,4,-2.614074230194092
2134,6,-2.5228195190429688
2135,3,-2.673332452774048
2136,7,-2.451939821243286
2137,4,-2.61216139793396
2138,2,-2.7522919178009033
2139,16,-1.9015758037567139
2140,2,-2.766281843185425
2141,10,-2.283301830291748
2142,10,-2.2905592918395996
2143,2,-2.779299259185791
2144,2,-2.706120014190674
2145,3,-2.6592166423797607
2146,9,-2.332087755203247
2147,10,-2.278017997741699
2148,1,-2.822096586227417
2149,6,-2.5217278003692627
2150,6,-2.475156545639038
2151,6,-2.4919936656951904
2152,6,-2.504595994949341
2153,7,-2.4202775955200195
2154,2,-2.7070717811584473
2155,4,-2.6250882148742676
2156,3,-2.6682825088500977
2157,4,-2.602997064590454
2158,4,-2.6055800914764404
2159,4,-2.609102249145508
2160,10,-2.3097362518310547
2161,7,-2.4234421253204346
2162,9,-2.3461477756500244
2163,10,-2.2801902294158936
2164,4,-2.5813753604888916
2165,19,-1.629712462425232
2166,5,-2.5661208629608154
2167,4,-2.5778746604919434
2168,3,-2.6926112174987793
2169,16,-1.9059808254241943
2170,7,-2.4635441303253174
2171,21,-1.357325792312622
2172,11,-2.23466420173645
2173,13,-2.1107380390167236
2174,8,-2.3803937435150146
2175,3,-2.6423561573028564
2176,3,-2.693578004837036
2177,1,-2.8206424713134766
2178,1,-2.8354334831237793
2179,6,-2.476808547973633
2180,12,-2.1983320713043213
2181,8,-2.3945579528808594
2182,4,-2.5977044105529785
2183,4,-2.581712007522583
2184,9,-2.3399667739868164
2185,4,-2.602595090866089
2186,1,-2.8430333137512207
2187,9,-2.326570510864258
2188,3,-2.642667293548584
2189,5,-2.5527827739715576
2190,15,-1.9535400867462158
2191,5,-2.5699729919433594
2192,4,-2.5800528526306152
2193,22,-1.2520527839660645
2194,5,-2.5706746578216553
2195,13,-2.102818489074707
2196,6,-2.5029995441436768
2197,4,-2.613457679748535
2198,1,-2.788087844848633
2199,3,-2.703458309173584
2200,9,-2.3633501529693604
2201,2,-2.762774705886841
2202,4,-2.6228790283203125
2203,7,-2.4688234329223633
2204,18,-1.7402567863464355
2205,7,-2.448334217071533
2206,3,-2.6725685596466064
2207,4,-2.604583263397217
2208,5,-2.573500156402588
2209,9,-2.3497486114501953
2210,5,-2.5424299240112305
2211,4,-2.5897536277770996
2212,6,-2.491368532180786
2213,3,-2.653292179107666
2214,5,-2.5250003337860107
2215,4,-2.5809152126312256
2216,1,-2.8254384994506836
2217,3,-2.680030345916748
2218,3,-2.639956474304199
2219,4,-2.591841697692871
2220,20,-1.5613205432891846
2221,2,-2.718971014022827
2222,9,-2.3663909435272217
2223,21,-1.4257506132125854
2224,5,-2.5642058849334717
2225,5,-2.5728280544281006
2226,9,-2.343597173690796
2227,2,-2.779484987258911
2228,3,-2.6493704319000244
2229,4,-2.5791990756988525
2230,3,-2.6953911781311035
2231,4,-2.6351027488708496
2232,3,-2.695927143096924
2233,5,-2.5560033321380615
2234,9,-2.3549435138702393
2235,3,-2.6917552947998047
2236,12,-2.1866490840911865
2237,5,-2.5678796768188477
2238,2,-2.7504940032958984
2239,3,-2.702282428741455
2240,9,-2.3684098720550537
2241,2,-2.7347817420959473
2242,11,-2.2589643001556396
2243,7,-2.4202115535736084
2244,5,-2.5517821311950684
2245,3,-2.6567020416259766
2246,3,-2.6616692543029785
2247,11,-2.2142579555511475
2248,4,-2.6154656410217285
2249,4,-2.602788209915161
2250,4,-2.5993776321411133
2251,2,-2.7275583744049072
2252,3,-2.6831552982330322
2253,3,-2.6944050788879395
2254,2,-2.7760119438171387
2255,4,-2.60304594039917
2256,8,-2.389059066772461
2257,5,-2.5643117427825928
2258,4,-2.585155487060547
2259,3,-2.677680492401123
2260,14,-2.034599542617798
2261,3,-2.6492726802825928
2262,2,-2.7186942100524902
2263,2,-2.7156496047973633
2264,5,-2.527153491973877
2265,3,-2.658559799194336
2266,16,-1.9254417419433594
2267,11,-2.2444214820861816
2268,3,-2.6977529525756836
2269,3,-2.6738836765289307
2270,5,-2.5505266189575195
2271,4,-2.626134157180786
2272,4,-2.5900001525878906
2273,12,-2.187283992767334
2274,4,-2.6228489875793457
2275,7,-2.4519262313842773
2276,8,-2.3906006813049316
2277,11,-2.227503538131714
2278,10,-2.2693114280700684
2279,21,-1.4378588199615479
2280,1,-2.8397340774536133
2281,6,-2.4834632873535156
2282,9,-2.3458175659179688
2283,4,-2.5913994312286377
2284,8,-2.416212320327759
2285,5,-2.576429843902588
2286,3,-2.657118558883667
2287,4,-2.587627410888672
2288,5,-2.527972936630249
2289,3,-2.671952724456787
2290,4,-2.5971474647521973
2291,8,-2.395639657974243
2292,9,-2.319638729095459
2293,3,-2.6489992141723633
2294,13,-2.111771821975708
2295,4,-2.6330883502960205
2296,14,-2.0440938472747803
2297,5,-2.5745880603790283
2298,15,-1.9883602857589722
2299,4,-2.6332621574401855
2300,22,-1.2951381206512451
2301,4,-2.603876829147339
2302,3,-2.6723995208740234
2303,13,-2.094648599624634
2304,10,-2.284700393676758
2305,14,-2.045480728149414
2306,2,-2.775944709777832
2307,8,-2.3813703060150146
2308,14,-2.0571608543395996
2309,4,-2.6018078327178955
2310,6,-2.501851797103882
2311,2,-2.757136583328247
2312,5,-2.5616700649261475
2313,6,-2.478912115097046
2314,11,-2.2427878379821777
2315,3,-2.6437788009643555
2316,1,-2.8228888511657715
2317,19,-1.6750569343566895
2318,5,-2.5555260181427
2319,3,-2.655393362045288
2320,3,-2.6682839393615723
2321,3,-2.6429052352905273
2322,5,-2.5315675735473633
2323,12,-2.155256748199463
2324,15,-1.9775850772857666
2325,2,-2.7133517265319824
2326,4,-2.6323423385620117
2327,6,-2.4864089488983154
2328,22,-1.2428007125854492
2329,7,-2.4440689086914062
2330,8,-2.3964285850524902
2331,7,-2.4564337730407715
2332,6,-2.480255603790283
2333,6,-2.520402431488037
2334,7,-2.469675302505493
2335,4,-2.5884454250335693
2336,5,-2.5338571071624756
2337,15,-2.0026094913482666
2338,6,-2.4958384037017822
2339,6,-2.5212793350219727
2340,7,-2.455392360687256
2341,2,-2.7049102783203125
2342,3,-2.6988260746002197
2343,4,-2.581413745880127
2344,4,-2.602278709411621
2345,3,-2.67704176902771
2346,3,-2.682175397872925
2347,2,-2.763831377029419
2348,11,-2.2043116092681885
2349,3,-2.660771369934082
2350,13,-2.106877565383911
2351,6,-2.5111546516418457
2352,2,-2.759920358657837
2353,5,-2.523826837539673
2354,6,-2.4914324283599854
2355,4,-2.6251983642578125
2356,5,-2.5600976943969727
2357,9,-2.316617488861084
2358,3,-2.6959688663482666
2359,5,-2.5582892894744873
2360,2,-2.724233627319336
2361,3,-2.647702217102051
2362,12,-2.1902196407318115
2363,8,-2.392106294631958
2364,7,-2.4535043239593506
2365,10,-2.3121869564056396
2366,22,-1.2084847688674927
2367,11,-2.2029945850372314
2368,7,-2.4703474044799805
2369,8,-2.4013967514038086
2370,2,-2.7330455780029297
2371,1,-2.8135838508605957
2372,8,-2.4152629375457764
2373,5,-2.5439891815185547
2374,7,-2.421855926513672
2375,5,-2.5397887229919434
2376,26,-0.584099531173706
2377,14,-2.010615587234497
2378,12,-2.1983211040496826
2379,12,-2.1987996101379395
2380,8,-2.381697416305542
2381,9,-2.3206026554107666
2382,5,-2.5573296546936035
2383,6,-2.5074665546417236
2384,5,-2.573228359222412
2385,4,-2.6100995540618896
2386,2,-2.7784111499786377
2387,3,-2.670732021331787
2388,2,-2.7638115882873535
2389,7,-2.4360122680664062
2390,3,-2.645442485809326
2391,20,-1.5667780637741089
2392,2,-2.7628982067108154
2393,10,-2.289156913757324
2394,6,-2.477165699005127
2395,7,-2.471402645111084
2396,4,-2.589512348175049
2397,4,-2.621866464614868
2398,7,-2.4714620113372803
2399,6,-2.523176670074463
2400,4,-2.6122403144836426
2401,3,-2.6451098918914795
2402,3,-2.6844334602355957
2403,3,-2.646850824356079
2404,6,-2.512420177459717
2405,10,-2.268209934234619
2406,4,-2.587085247039795
2407,7,-2.429893970489502
2408,1,-2.7971107959747314
2409,4,-2.6356115341186523
2410,19,-1.638258457183838
2411,2,-2.7102279663085938
2412,5,-2.563265323638916
2413,10,-2.2741658687591553
2414,12,-2.185045003890991
2415,5,-2.5646581649780273
2416,3,-2.6983628273010254
2417,9,-2.3560848236083984
2418,4,-2.6159114837646484
2419,6,-2.5151240825653076
2420,6,-2.492051124572754
2421,17,-1.8124948740005493
2422,7,-2.4542465209960938
2423,3,-2.694284200668335
2424,1,-2.817319869995117
2425,3,-2.6792514324188232
2426,4,-2.596993923187256
2427,8,-2.396273374557495
2428,5,-2.559429883956909
2429,2,-2.7165963649749756
2430,4,-2.62165904045105
2431,5,-2.5386128425598145
2432,6,-2.497485876083374
2433,6,-2.508448839187622
2434,6,-2.473984956741333
2435,3,-2.6992712020874023
2436,7,-2.463136911392212
2437,2,-2.7821106910705566
2438,6,-2.5031697750091553
2439,4,-2.6227853298187256
2440,1,-2.851912498474121
2441,5,-2.549358606338501
2442,3,-2.6978800296783447
2443,22,-1.3349344730377197
2444,9,-2.326193332672119
2445,4,-2.610947847366333
2446,6,-2.502141237258911
2447,2,-2.727748155593872
2448,3,-2.671058416366577
2449,11,-2.23494029045105
2450,6,-2.507587432861328
2451,3,-2.6914803981781006
2452,20,-1.5221707820892334
2453,7,-2.470036506652832
2454,4,-2.5839595794677734
2455,3,-2.686661720275879
2456,9,-2.3512179851531982
2457,6,-2.498516798019409
2458,9,-2.3641445636749268
2459,2,-2.7851126194000244
2460,17,-1.8547389507293701
2461,3,-2.6379923820495605
2462,2,-2.7599844932556152
2463,4,-2.631671190261841
2464,2,-2.720508337020874
2465,20,-1.5543162822723389
2466,4,-2.6143157482147217
2467,5,-2.551041603088379
2468,2,-2.7230753898620605
2469,6,-2.475311517715454
2470,5,-2.5380494594573975
2471,4,-2.605201005935669
2472,4,-2.6289150714874268
2473,4,-2.621049165725708
2474,1,-2.8183326721191406
2475,26,-0.6848173141479492
2476,4,-2.6236186027526855
2477,12,-2.149385690689087
2478,3,-2.6978704929351807
2479,11,-2.2048280239105225
2480,2,-2.781186580657959
2481,1,-2.858435869216919
2482,5,-2.5305209159851074
2483,2,-2.7870545387268066
2484,4,-2.592125415802002
2485,3,-2.6498045921325684
2486,12,-2.1720573902130127
2487,4,-2.583250045776367
2488,8,-2.3981568813323975
2489,7,-2.4549975395202637
2490,10,-2.3104286193847656
2491,4,-2.592271089553833
2492,8,-2.396456241607666
2493,1,-2.8547606468200684
2494,6,-2.50410532951355
2495,5,-2.5240938663482666
2496,14,-2.0436649322509766
2497,14,-2.0473217964172363
2498,7,-2.4494788646698
2499,6,-2.478567361831665
2500,5,-2.5307412147521973
2501,5,-2.543140172958374
2502,14,-2.026413917541504
2503,6,-2.493136405944824
2504,8,-2.4099788665771484
2505,7,-2.422889232635498
2506,18,-1.6780004501342773
2507,16,-1.9212778806686401
2508,9,-2.362487316131592
2509,5,-2.555375814437866
2510,16,-1.9124319553375244
2511,26,-0.6243951320648193
2512,5,-2.5377137660980225
2513,19,-1.6180601119995117
2514,4,-2.586920738220215
2515,12,-2.190903902053833
2516,1,-2.823077917098999
2517,25,-0.7940393686294556
2518,1,-2.7997682094573975
2519,3,-2.6631858348846436
2520,7,-2.473775863647461
2521,5,-2.5311665534973145
2522,3,-2.6397838592529297
2523,23,-1.1813373565673828
2524,13,-2.098329544067383
2525,7,-2.4561209678649902
2526,6,-2.496947765350342
2527,23,-1.0990430116653442
2528,7,-2.4584929943084717
2529,3,-2.6786715984344482
2530,4,-2.582484483718872
2531,9,-2.363130807876587
2532,9,-2.341017484664917
2533,16,-1.905536413192749
2534,3,-2.700878620147705
2535,6,-2.4874699115753174
2536,2,-2.718212604522705
2537,3,-2.684706687927246
2538,16,-1.9163315296173096
2539,2,-2.725496292114258
2540,2,-2.758021831512451
2541,4,-2.6365773677825928
2542,16,-1.9057185649871826
2543,4,-2.606020450592041
2544,25,-0.7491172552108765
2545,3,-2.695227861404419
2546,4,-2.6230883598327637
2547,27,-0.4442232847213745
2548,4,-2.584977149963379
2549,5,-2.52490496635437
2550,3,-2.6946282386779785
2551,6,-2.490025520324707
2552,22,-1.206923007965088
2553,4,-2.5788135528564453
2554,3,-2.650627374649048
2555,8,-2.3742640018463135
2556,7,-2.4574477672576904
2557,3,-2.6463570594787598
2558,11,-2.2518906593322754
2559,3,-2.639033079147339
2560,6,-2.4756786823272705
2561,13,-2.1153883934020996
2562,4,-2.601976156234741
2563,5,-2.548929452896118
2564,3,-2.697953701019287
2565,19,-1.6635682582855225
2566,23,-1.1904027462005615
2567,2,-2.753765821456909
2568,7,-2.44439959526062
2569,13,-2.1195569038391113
2570,8,-2.3972489833831787
2571,3,-2.6743016242980957
2572,6,-2.4834086894989014
2573,7,-2.4691174030303955
2574,1,-2.803959846496582
2575,5,-2.5339269638061523
2576,14,-2.023696184158325
2577,6,-2.501455783843994
2578,6,-2.483985662460327
2579,8,-2.4043068885803223
2580,6,-2.4805171489715576
2581,8,-2.387075185775757
2582,5,-2.576765775680542
2583,5,-2.5281379222869873
2584,8,-2.4018611907958984
2585,14,-2.064537525177002
2586,7,-2.4491357803344727
2587,9,-2.3216030597686768
2588,15,-1.9723790884017944
2589,7,-2.467604637145996
2590,7,-2.42250919342041
2591,5,-2.5556907653808594
2592,5,-2.5325231552124023
2593,3,-2.6468706130981445
2594,6,-2.474458694458008
2595,5,-2.52717661857605
2596,22,-1.2207518815994263
2597,5,-2.547253370285034
2598,1,-2.797398567199707
2599,5,-2.55765700340271
2600,4,-2.6376287937164307
2601,6,-2.49830961227417
2602,4,-2.583895683288574
2603,7,-2.435225248336792
2604,6,-2.485736131668091
2605,14,-2.0421361923217773
2606,11,-2.225065231323242
2607,5,-2.534461736679077
2608,11,-2.24556565284729
2609,4,-2.6088814735412598
2610,1,-2.7896013259887695
2611,3,-2.677366018295288
2612,4,-2.601966142654419
2613,10,-2.2682840824127197
2614,7,-2.4241905212402344
2615,4,-2.5958034992218018
2616,21,-1.3412096500396729
2617,2,-2.7128913402557373
2618,5,-2.569028377532959
2619,7,-2.4408562183380127
2620,3,-2.6910109519958496
2621,7,-2.4327924251556396
2622,5,-2.533395767211914
2623,11,-2.2450060844421387
2624,9,-2.3505074977874756
2625,11,-2.2298390865325928
2626,6,-2.4769155979156494
2627,10,-2.2767930030822754
2628,2,-2.7403030395507812
2629,13,-2.1314892768859863
2630,25,-0.8222002983093262
2631,3,-2.6434266567230225
2632,24,-1.020677924156189
2633,5,-2.5305588245391846
2634,8,-2.3699374198913574
2635,8,-2.372626543045044
2636,3,-2.6710994243621826
2637,9,-2.3429133892059326
2638,12,-2.169719696044922
2639,8,-2.389699935913086
2640,20,-1.5608434677124023
2641,11,-2.216618061065674
2642,8,-2.3710134029388428
2643,4,-2.5973963737487793
2644,9,-2.354304790496826
2645,19,-1.5997540950775146
2646,9,-2.330275058746338
2647,8,-2.3841638565063477
2648,4,-2.595289945602417
2649,5,-2.5533156394958496
2650,2,-2.7401721477508545
2651,10,-2.287701368331909
2652,2,-2.785334587097168
2653,5,-2.542848825454712
2654,7,-2.439213991165161
2655,8,-2.3750197887420654
2656,7,-2.454951047897339
2657,10,-2.3068788051605225
2658,2,-2.739968776702881
2659,3,-2.675041675567627
2660,6,-2.5142853260040283
2661,4,-2.58117938041687
2662,9,-2.3240721225738525
2663,10,-2.3047823905944824
2664,7,-2.4490766525268555
2665,10,-2.2838475704193115
2666,4,-2.6252284049987793
2667,4,-2.606855869293213
2668,5,-2.575424909591675
2669,5,-2.5243756771087646
2670,6,-2.5085582733154297
2671,10,-2.2924866676330566
2672,6,-2.486555576324463
2673,16,-1.9053878784179688
2674,5,-2.5622241497039795
2675,1,-2.8334922790527344
2676,10,-2.2848732471466064
2677,4,-2.623304843902588
2678,3,-2.6681034564971924
2679,11,-2.2403087615966797
2680,3,-2.6697142124176025
2681,13,-2.0820460319519043
2682,19,-1.6040631532669067
2683,13,-2.1281096935272217
2684,11,-2.201582193374634
2685,3,-2.7017974853515625
2686,11,-2.2558329105377197
2687,6,-2.4809556007385254
2688,10,-2.306919813156128
2689,11,-2.232736587524414
2690,11,-2.2100343704223633
2691,5,-2.5479440689086914
2692,16,-1.9318923950195312
2693,4,-2.612776756286621
2694,17,-1.8566827774047852
2695,3,-2.6566708087921143
2696,6,-2.5231568813323975
2697,5,-2.5739245414733887
2698,4,-2.6065216064453125
2699,29,-0.03137516975402832
2700,3,-2.6671299934387207
2701,1,-2.846266269683838
2702,16,-1.8958914279937744
2703,10,-2.3087871074676514
2704,6,-2.482710123062134
2705,6,-2.5060064792633057
2706,6,-2.4750707149505615
2707,6,-2.518702268600464
2708,11,-2.2346761226654053
2709,17,-1.7776399850845337
2710,20,-1.4742101430892944
2711,5,-2.557708501815796
2712,2,-2.757449150085449
2713,2,-2.722797155380249
2714,13,-2.081193447113037
2715,5,-2.5294337272644043
2716,4,-2.6086487770080566
2717,5,-2.5240883827209473
2718,5,-2.5628740787506104
2719,3,-2.675144672393799
2720,6,-2.482476234436035
2721,6,-2.4751665592193604
2722,2,-2.7068228721618652
2723,13,-2.0815484523773193
2724,3,-2.6808767318725586
2725,22,-1.2686281204223633
2726,10,-2.2828776836395264
2727,15,-1.973082184791565
2728,5,-2.542057514190674
2729,22,-1.2037831544876099
2730,4,-2.585627317428589
2731,3,-2.637917995452881
2732,2,-2.723572015762329
2733,3,-2.6991524696350098
2734,21,-1.3729655742645264
2735,12,-2.1939287185668945
2736,7,-2.432476043701172
2737,3,-2.7005677223205566
2738,8,-2.3829264640808105
2739,2,-2.7614498138427734
2740,4,-2.6294078826904297
2741,6,-2.4762864112854004
2742,9,-2.346855640411377
2743,5,-2.541724443435669
2744,5,-2.5440006256103516
2745,3,-2.684438467025757
2746,5,-2.526944875717163
2747,2,-2.7607991695404053
2748,7,-2.4580812454223633
2749,1,-2.8147168159484863
2750,20,-1.4679131507873535
2751,5,-2.5289719104766846
2752,22,-1.2878975868225098
2753,6,-2.4955077171325684
2754,2,-2.716667890548706
2755,13,-2.133059501647949
2756,7,-2.438777446746826
2757,4,-2.5846080780029297
2758,2,-2.7080609798431396
2759,7,-2.4606575965881348
2760,4,-2.587419271469116
2761,5,-2.565932035446167
2762,7,-2.423431396484375
2763,14,-2.022310972213745
2764,12,-2.1787972450256348
2765,8,-2.418239116668701
2766,18,-1.7628662586212158
2767,1,-2.807626247406006
2768,6,-2.511307954788208
2769,3,-2.6802008152008057
2770,5,-2.572538137435913
2771,19,-1.6130688190460205
2772,4,-2.603384494781494
2773,3,-2.7014927864074707
2774,7,-2.4324731826782227
2775,7,-2.4356446266174316
2776,4,-2.605370283126831
2777,5,-2.546618938446045
2778,15,-1.9844516515731812
2779,12,-2.1992440223693848
2780,3,-2.644033670425415
2781,11,-2.2263009548187256
2782,10,-2.2959797382354736
2783,13,-2.125584840774536
2784,5,-2.562474489212036
2785,25,-0.8115938901901245
2786,17,-1.8025176525115967
2787,6,-2.520089626312256
2788,5,-2.5325891971588135
2789,20,-1.5723145008087158
2790,5,-2.564732551574707
2791,20,-1.4698433876037598
2792,8,-2.3851191997528076
2793,6,-2.4824905395507812
2794,6,-2.490520715713501
2795,2,-2.721646785736084
2796,10,-2.2640135288238525
2797,1,-2.8286314010620117
2798,13,-2.1164050102233887
2799,10,-2.2770273685455322
2800,4,-2.617861032485962
2801,17,-1.7967907190322876
2802,5,-2.5543301105499268
2803,5,-2.572488307952881
2804,9,-2.3416450023651123
2805,6,-2.5171756744384766
2806,8,-2.3797566890716553
2807,5,-2.5350732803344727
2808,3,-2.6877357959747314
2809,4,-2.6246325969696045
2810,9,-2.324690103530884
2811,7,-2.444221019744873
2812,1,-2.7893600463867188
2813,3,-2.6942553520202637
2814,27,-0.4279932975769043
2815,6,-2.475705146789551
2816,8,-2.3715100288391113
2817,12,-2.198707342147827
2818,4,-2.6043014526367188
2819,3,-2.648831605911255
2820,5,-2.533475875854492
2821,6,-2.4930615425109863
2822,7,-2.4207515716552734
2823,2,-2.708474636077881
2824,2,-2.7600317001342773
2825,13,-2.091235399246216
2826,4,-2.623893976211548
2827,27,-0.3492625951766968
2828,4,-2.63626766204834
2829,5,-2.5697741508483887
2830,7,-2.4486820697784424
2831,2,-2.709813117980957
2832,10,-2.2994625568389893
2833,5,-2.575866222381592
2834,10,-2.2765798568725586
2835,26,-0.6827512979507446
2836,14,-2.0250563621520996
2837,5,-2.524810314178467
2838,3,-2.695479154586792
2839,7,-2.4477882385253906
2840,15,-1.9548027515411377
2841,1,-2.8102219104766846
2842,23,-1.1005676984786987
2843,7,-2.4406371116638184
2844,9,-2.3537354469299316
2845,5,-2.5356740951538086
2846,8,-2.403442859649658
2847,4,-2.6025819778442383
2848,7,-2.441617250442505
2849,7,-2.430867910385132
2850,7,-2.4548661708831787
2851,5,-2.5607500076293945
2852,5,-2.5304057598114014
2853,6,-2.48827862739563
2854,8,-2.4116475582122803
2855,2,-2.7489125728607178
2856,7,-2.4553771018981934
2857,6,-2.4781506061553955
2858,7,-2.4274485111236572
2859,4,-2.5921754837036133
2860,14,-2.0290398597717285
2861,14,-2.0610690116882324
2862,2,-2.7430624961853027
2863,6,-2.4783923625946045
2864,6,-2.4836719036102295
2865,6,-2.5164341926574707
2866,19,-1.6554055213928223
2867,19,-1.6499072313308716
2868,9,-2.3328189849853516
2869,17,-1.8151893615722656
2870,9,-2.34325909614563
2871,3,-2.6588385105133057
2872,22,-1.3290729522705078
2873,4,-2.6199138164520264
2874,5,-2.5630180835723877
2875,8,-2.3815038204193115
2876,3,-2.704275608062744
2877,3,-2.6533656120300293
2878,15,-1.9731440544128418
2879,14,-2.016085624694824
2880,10,-2.296570301055908
2881,6,-2.5101494789123535
2882,9,-2.342160940170288
2883,7,-2.435537815093994
2884,1,-2.803478717803955
2885,13,-2.119846820831299
2886,6,-2.5048458576202393
2887,5,-2.5734219551086426
2888,8,-2.4006168842315674
2889,7,-2.472630500793457
2890,3,-2.6749470233917236
2891,9,-2.350343704223633
2892,17,-1.84267258644104
2893,5,-2.5367491245269775
2894,7,-2.4630355834960938
2895,5,-2.5406689643859863
2896,4,-2.5979092121124268
2897,4,-2.583481788635254
2898,2,-2.710395336151123
2899,12,-2.1836719512939453
2900,4,-2.6103739738464355
2901,1,-2.792255163192749
2902,5,-2.5495784282684326
2903,2,-2.710024833679199
2904,2,-2.7157540321350098
2905,6,-2.487978458404541
2906,6,-2.4951066970825195
2907,3,-2.641972780227661
2908,10,-2.2963480949401855
2909,9,-2.3451571464538574
2910,9,-2.331390142440796
2911,6,-2.5162343978881836
2912,5,-2.571744441986084
2913,12,-2.1868174076080322
2914,4,-2.6029317378997803
2915,3,-2.6592886447906494
2916,6,-2.486130952835083
2917,3,-2.6710617542266846
2918,18,-1.744787335395813
2919,3,-2.7011635303497314
2920,27,-0.35432589054107666
2921,4,-2.581731081008911
2922,1,-2.8133602142333984
2923,6,-2.506891965866089
2924,4,-2.5780410766601562
2925,4,-2.599407196044922
2926,5,-2.5315911769866943
2927,11,-2.256531000137329
2928,3,-2.662897825241089
2929,14,-2.0164051055908203
2930,12,-2.173257827758789
2931,3,-2.6460254192352295
2932,2,-2.7170844078063965
2933,3,-2.6726198196411133
2934,7,-2.458989143371582
2935,9,-2.326676607131958
2936,11,-2.2290918827056885
2937,6,-2.505769968032837
2938,7,-2.4223055839538574
2939,4,-2.628513813018799
2940,12,-2.162060499191284
2941,11,-2.2506625652313232
2942,6,-2.4843263626098633
2943,3,-2.67181396484375
2944,3,-2.646697521209717
2945,3,-2.683772563934326
2946,7,-2.4620659351348877
2947,5,-2.575831651687622
2948,10,-2.3146893978118896
2949,23,-1.148952841758728
2950,10,-2.298490524291992
2951,2,-2.7542262077331543
2952,3,-2.684469223022461
2953,2,-2.7081050872802734
2954,9,-2.366541624069214
2955,10,-2.303743362426758
2956,6,-2.4923367500305176
2957,5,-2.5482051372528076
2958,9,-2.3304288387298584
2959,10,-2.29703688621521
2960,6,-2.4792659282684326
2961,3,-2.660616397857666
2962,4,-2.609575033187866
2963,27,-0.37086212635040283
2964,17,-1.8559110164642334
2965,7,-2.4224693775177
2966,3,-2.6870017051696777
2967,6,-2.4860148429870605
2968,22,-1.335249900817871
2969,2,-2.731158494949341
2970,3,-2.672659158706665
2971,2,-2.786499261856079
2972,20,-1.526303768157959
2973,6,-2.4874966144561768
2974,8,-2.3699429035186768
2975,12,-2.194798469543457
2976,4,-2.6360340118408203
2977,13,-2.1299798488616943
2978,19,-1.6376748085021973
2979,6,-2.4973206520080566
2980,6,-2.5089986324310303
2981,4,-2.6010215282440186
2982,3,-2.6767680644989014
2983,6,-2.516761302947998
2984,3,-2.640618085861206
2985,2,-2.7574753761291504
2986,7,-2.463808059692383
2987,2,-2.73911714553833
2988,5,-2.53765869140625
2989,12,-2.191939353942871
2990,8,-2.3922667503356934
2991,6,-2.5007576942443848
2992,2,-2.7157630920410156
2993,1,-2.8321971893310547
2994,2,-2.7809481620788574
2995,4,-2.6065478324890137
2996,4,-2.6048760414123535
2997,17,-1.8216053247451782
2998,21,-1.4258885383605957
2999,3,-2.6983485221862793
3000,3,-2.666701078414917
3001,11,-2.2545347213745117
3002,5,-2.5410590171813965
3003,7,-2.454122304916382
3004,6,-2.4783401489257812
3005,4,-2.626239776611328
3006,4,-2.6308233737945557
3007,11,-2.20268177986145
3008,8,-2.3844316005706787
3009,4,-2.6102333068847656
3010,7,-2.453129291534424
3011,5,-2.53466796875
3012,8,-2.40640926361084
3013,3,-2.6575701236724854
3014,12,-2.191629648208618
3015,4,-2.590244770050049
3016,6,-2.481290578842163
3017,4,-2.591259002685547
3018,9,-2.358419418334961
3019,1,-2.8321967124938965
3020,5,-2.555422306060791
3021,4,-2.609922409057617
3022,9,-2.34356951713562
3023,4,-2.622814416885376
3024,4,-2.63457989692688
3025,19,-1.5889511108398438
3026,12,-2.1668601036071777
3027,2,-2.7413859367370605
3028,13,-2.0836844444274902
3029,5,-2.5293872356414795
3030,2,-2.748117685317993
3031,5,-2.5736608505249023
3032,11,-2.216923713684082
3033,8,-2.370056390762329
3034,3,-2.6795883178710938
3035,20,-1.4753139019012451
3036,7,-2.4237735271453857
3037,6,-2.519070863723755
3038,4,-2.5937585830688477
3039,4,-2.5895771980285645
3040,1,-2.7911252975463867
3041,8,-2.4062752723693848
3042,6,-2.4927172660827637
3043,6,-2.4862453937530518
3044,4,-2.5828025341033936
3045,14,-2.042518138885498
3046,7,-2.4450879096984863
3047,5,-2.5675673484802246
3048,12,-2.1799545288085938
3049,5,-2.5652029514312744
3050,12,-2.1972439289093018
3051,9,-2.3397810459136963
3052,3,-2.6570043563842773
3053,3,-2.6607677936553955
3054,10,-2.2958145141601562
3055,3,-2.6655447483062744
3056,6,-2.501338243484497
3057,24,-1.0370001792907715
3058,12,-2.1688950061798096
3059,6,-2.4752700328826904
3060,3,-2.6791367530822754
3061,6,-2.5054821968078613
3062,10,-2.2938103675842285
3063,5,-2.5284085273742676
3064,5,-2.5767221450805664
3065,6,-2.488957405090332
3066,6,-2.5037739276885986
3067,3,-2.699390411376953
3068,4,-2.6009249687194824
3069,3,-2.6835105419158936
3070,5,-2.567507028579712
3071,8,-2.391512632369995
3072,21,-1.3409229516983032
3073,10,-2.269313097000122
3074,4,-2.6193692684173584
3075,4,-2.610469341278076
3076,25,-0.7794182300567627
3077,10,-2.2961366176605225
3078,15,-1.9802579879760742
3079,4,-2.5784549713134766
3080,5,-2.526381015777588
3081,6,-2.4783709049224854
3082,6,-2.495664596557617
3083,15,-1.9912933111190796
3084,12,-2.1936676502227783
3085,11,-2.244535446166992
3086,24,-1.0344558954238892
3087,21,-1.458155870437622
3088,24,-0.8855918645858765
3089,11,-2.2231380939483643
3090,10,-2.296757936477661
3091,7,-2.4277186393737793
3092,10,-2.267977714538574
3093,6,-2.4928393363952637
3094,1,-2.8031182289123535
3095,6,-2.4857490062713623
3096,5,-2.563157558441162
3097,3,-2.6438467502593994
3098,17,-1.8435863256454468
3099,2,-2.708733081817627
3100,3,-2.693676710128784
3101,5,-2.545515298843384
3102,10,-2.273716688156128
3103,14,-2.0524113178253174
3104,7,-2.4543581008911133
3105,5,-2.561997175216675
3106,11,-2.208958625793457
3107,9,-2.3426032066345215
3108,8,-2.4067723751068115
3109,3,-2.692530870437622
3110,7,-2.440889596939087
3111,7,-2.4673850536346436
3112,16,-1.9185378551483154
3113,6,-2.518803596496582
3114,6,-2.481318473815918
3115,21,-1.3649206161499023
3116,1,-2.811927080154419
3117,14,-2.032975673675537
3118,9,-2.328923463821411
3119,26,-0.5874003171920776
3120,14,-2.036992073059082
3121,9,-2.3291702270507812
3122,10,-2.2730326652526855
3123,3,-2.6528592109680176
3124,6,-2.488405704498291
3125,2,-2.7458691596984863
3126,8,-2.4174113273620605
3127,25,-0.8568198680877686
3128,6,-2.5005016326904297
3129,8,-2.4044296741485596
3130,12,-2.157914876937866
3131,5,-2.543898820877075
3132,18,-1.686583399772644
3133,5,-2.549100875854492
3134,9,-2.363351583480835
3135,5,-2.5718986988067627
3136,19,-1.6129913330078125
3137,23,-1.0871357917785645
3138,11,-2.2087326049804688
3139,3,-2.6578619480133057
3140,14,-2.024746894836426
3141,15,-1.9566962718963623
3142,4,-2.614506244659424
3143,12,-2.1965322494506836
3144,3,-2.6951537132263184
3145,7,-2.4356484413146973
3146,9,-2.3484811782836914
3147,10,-2.315467119216919
3148,2,-2.718127489089966
3149,3,-2.6620121002197266
3150,7,-2.421006679534912
3151,24,-1.0143367052078247
3152,7,-2.471834659576416
3153,8,-2.3986330032348633
3154,14,-2.018477439880371
3155,6,-2.494809627532959
3156,5,-2.558265209197998
3157,3,-2.6466636657714844
3158,6,-2.4755983352661133
3159,8,-2.3975985050201416
3160,4,-2.6233975887298584
3161,2,-2.742342472076416
3162,4,-2.6218292713165283
3163,3,-2.6487314701080322
3164,16,-1.9128797054290771
3165,22,-1.2061313390731812
3166,9,-2.3569087982177734
3167,9,-2.3184311389923096
3168,6,-2.4918811321258545
3169,9,-2.321591377258301
3170,5,-2.5579910278320312
3171,2,-2.721783399581909
3172,3,-2.6595115661621094
3173,12,-2.151230573654175
3174,11,-2.2283105850219727
3175,5,-2.527923107147217
3176,4,-2.594238519668579
3177,15,-1.9829379320144653
3178,11,-2.250734329223633
3179,3,-2.6919827461242676
3180,12,-2.154100179672241
3181,5,-2.536918878555298
3182,9,-2.32934832572937
3183,4,-2.594304084777832
3184,1,-2.7925198078155518
3185,2,-2.706852912902832
3186,10,-2.2686476707458496
3187,6,-2.504323959350586
3188,12,-2.1405270099639893
3189,13,-2.097586154937744
3190,8,-2.3957440853118896
3191,4,-2.607574224472046
3192,5,-2.543138027191162
3193,3,-2.6507444381713867
3194,8,-2.369184970855713
3195,18,-1.711437702178955
3196,13,-2.1072726249694824
3197,8,-2.38461971282959
3198,3,-2.697378158569336
3199,5,-2.553439140319824
3200,5,-2.539290189743042
3201,7,-2.420649290084839
3202,9,-2.3521523475646973
3203,11,-2.258819103240967
3204,5,-2.5423340797424316
3205,13,-2.112461805343628
3206,4,-2.596458911895752
3207,1,-2.824533224105835
3208,6,-2.4824328422546387
3209,9,-2.3436119556427
3210,26,-0.5674211978912354
3211,3,-2.6498208045959473
3212,3,-2.679882526397705
3213,4,-2.587968587875366
3214,9,-2.3548622131347656
3215,7,-2.4649996757507324
3216,9,-2.3682315349578857
3217,3,-2.700343132019043
3218,22,-1.2213488817214966
3219,19,-1.6036560535430908
3220,13,-2.1079530715942383
3221,7,-2.4533705711364746
3222,7,-2.463984251022339
3223,11,-2.2074851989746094
3224,18,-1.770855188369751
3225,6,-2.5025393962860107
3226,6,-2.4975035190582275
3227,14,-2.0407865047454834
3228,14,-2.0118424892425537
3229,10,-2.2722232341766357
3230,7,-2.4403328895568848
3231,4,-2.5839524269104004
3232,7,-2.4560396671295166
3233,8,-2.389603614807129
3234,18,-1.7595946788787842
3235,3,-2.655808687210083
3236,8,-2.4089243412017822
3237,12,-2.163067102432251
3238,8,-2.3951449394226074
3239,4,-2.6303420066833496
3240,3,-2.6770522594451904
3241,22,-1.3301303386688232
3242,9,-2.33998966217041
3243,13,-2.0859804153442383
3244,6,-2.5192697048187256
3245,8,-2.3937394618988037
3246,6,-2.5191094875335693
3247,1,-2.818047523498535
3248,8,-2.389193296432495
3249,5,-2.524878978729248
3250,9,-2.3591530323028564
3251,6,-2.474806547164917
3252,4,-2.612839460372925
3253,4,-2.6003549098968506
3254,4,-2.6107239723205566
3255,3,-2.6861119270324707
3256,6,-2.4782652854919434
3257,6,-2.4894826412200928
3258,8,-2.3876256942749023
3259,9,-2.3433218002319336
3260,9,-2.348681688308716
3261,15,-1.9687700271606445
3262,8,-2.3831512928009033
3263,8,-2.379460573196411
3264,3,-2.6805403232574463
3265,9,-2.3226394653320312
3266,24,-0.9215915203094482
3267,7,-2.45572566986084
3268,12,-2.154928684234619
3269,9,-2.351778984069824
3270,3,-2.669933319091797
3271,3,-2.678391933441162
3272,3,-2.692227602005005
3273,18,-1.735231876373291
3274,6,-2.4975967407226562
3275,8,-2.4199705123901367
3276,12,-2.1585211753845215
3277,13,-2.075169324874878
3278,19,-1.6212471723556519
3279,10,-2.2882778644561768
3280,6,-2.483768939971924
3281,10,-2.315044641494751
3282,13,-2.1133062839508057
3283,14,-2.0183043479919434
3284,8,-2.397756576538086
3285,4,-2.6151773929595947
3286,19,-1.6643266677856445
3287,4,-2.6008572578430176
3288,6,-2.480433702468872
3289,4,-2.6360974311828613
3290,6,-2.5208616256713867
3291,6,-2.506033182144165
3292,4,-2.604804277420044
3293,2,-2.7062182426452637
3294,13,-2.131831645965576
3295,7,-2.4564530849456787
3296,2,-2.7353365421295166
3297,2,-2.757453441619873
3298,4,-2.595823049545288
3299,6,-2.498137950897217
3300,9,-2.3552114963531494
3301,12,-2.1612091064453125
3302,18,-1.7493665218353271
3303,5,-2.5475170612335205
3304,15,-1.9723645448684692
3305,14,-2.0574862957000732
3306,7,-2.469677686691284
3307,16,-1.9069335460662842
3308,6,-2.508864402770996
3309,2,-2.7140469551086426
3310,5,-2.560305118560791
3311,5,-2.5590291023254395
3312,6,-2.4881279468536377
3313,5,-2.575582981109619
3314,5,-2.558722734451294
3315,5,-2.5690927505493164
3316,4,-2.5779662132263184
3317,13,-2.0921552181243896
3318,5,-2.5473203659057617
3319,5,-2.5292375087738037
3320,5,-2.5559937953948975
3321,5,-2.5267481803894043
3322,6,-2.4829845428466797
3323,4,-2.605461597442627
3324,8,-2.39243745803833
3325,4,-2.59191632270813
3326,6,-2.4909985065460205
3327,9,-2.34405779838562
3328,11,-2.202505350112915
3329,5,-2.53967022895813
3330,5,-2.537053108215332
3331,3,-2.6858408451080322
3332,5,-2.559877872467041
3333,7,-2.465073585510254
3334,14,-2.0185117721557617
3335,2,-2.7194175720214844
3336,1,-2.7985005378723145
3337,5,-2.5512447357177734
3338,6,-2.5073482990264893
3339,4,-2.5800628662109375
3340,7,-2.464262008666992
3341,3,-2.684998035430908
3342,14,-2.072091579437256
3343,4,-2.6170718669891357
3344,18,-1.76350998878479
3345,2,-2.715135097503662
3346,4,-2.6329092979431152
3347,4,-2.6152422428131104
3348,25,-0.7060521841049194
3349,8,-2.3805980682373047
3350,10,-2.287019968032837
3351,6,-2.506503105163574
3352,7,-2.459758996963501
3353,3,-2.670234441757202
3354,15,-1.9670844078063965
3355,7,-2.4447202682495117
3356,3,-2.685473680496216
3357,11,-2.2004847526550293
3358,4,-2.592067241668701
3359,13,-2.118389844894409
3360,3,-2.6928763389587402
3361,6,-2.507718563079834
3362,7,-2.4263429641723633
3363,7,-2.469822883605957
3364,4,-2.6033661365509033
3365,9,-2.3460593223571777
3366,5,-2.54687762260437
3367,9,-2.365591526031494
3368,4,-2.629214286804199
3369,3,-2.6645679473876953
3370,16,-1.92789626121521
3371,6,-2.4942259788513184
3372,7,-2.432159185409546
3373,5,-2.5586633682250977
3374,5,-2.5642123222351074
3375,6,-2.493058204650879
3376,12,-2.1706254482269287
3377,7,-2.4555530548095703
3378,2,-2.7307262420654297
3379,7,-2.4664864540100098
3380,18,-1.7543694972991943
3381,5,-2.5517282485961914
3382,9,-2.326564311981201
3383,4,-2.626451015472412
3384,11,-2.2365992069244385
3385,8,-2.396326780319214
3386,5,-2.561938524246216
3387,4,-2.6144626140594482
3388,20,-1.5468649864196777
3389,9,-2.319068670272827
3390,3,-2.637660503387451
3391,9,-2.3677351474761963
3392,5,-2.5260162353515625
3393,4,-2.5912013053894043
3394,4,-2.596831798553467
3395,8,-2.390327215194702
3396,14,-2.031935214996338
3397,14,-2.062594413757324
3398,4,-2.606786012649536
3399,2,-2.7643227577209473
3400,6,-2.5168673992156982
3401,8,-2.382697105407715
3402,3,-2.693951368331909
3403,12,-2.192389488220215
3404,12,-2.171109676361084
3405,5,-2.5448811054229736
3406,17,-1.8533945083618164
3407,9,-2.343329429626465
3408,3,-2.6550707817077637
3409,11,-2.240321159362793
3410,14,-2.072439432144165
3411,2,-2.753246545791626
3412,7,-2.4614667892456055
3413,5,-2.537099599838257
3414,3,-2.6695504188537598
3415,7,-2.43533992767334
3416,14,-2.017665386199951
3417,7,-2.4739468097686768
3418,8,-2.3865935802459717
3419,4,-2.633153200149536
3420,7,-2.423966646194458
3421,5,-2.536715030670166
3422,16,-1.9036835432052612
3423,2,-2.775007486343384
3424,27,-0.3704228401184082
3425,7,-2.420611619949341
3426,13,-2.094261884689331
3427,2,-2.7813477516174316
3428,5,-2.5583314895629883
3429,6,-2.4829330444335938
3430,13,-2.127699375152588
3431,9,-2.3245909214019775
3432,5,-2.5754995346069336
3433,4,-2.6202077865600586
3434,4,-2.615182876586914
3435,4,-2.600088119506836
3436,12,-2.164452075958252
3437,15,-1.9953917264938354
3438,4,-2.5876376628875732
3439,5,-2.534367799758911
3440,5,-2.553631067276001
3441,12,-2.1653122901916504
3442,2,-2.713059902191162
3443,3,-2.679689884185791
3444,7,-2.4672811031341553
3445,15,-1.9687707424163818
3446,3,-2.6897690296173096
3447,8,-2.377480983734131
3448,18,-1.6767246723175049
3449,3,-2.6381595134735107
3450,9,-2.334449052810669
3451,11,-2.236940622329712
3452,25,-0.6944258213043213
3453,2,-2.7063214778900146
3454,7,-2.4431393146514893
3455,4,-2.6163692474365234
3456,8,-2.398332118988037
3457,19,-1.6430269479751587
3458,7,-2.469587802886963
3459,9,-2.3463571071624756
3460,3,-2.700868606567383
3461,2,-2.758103132247925
3462,3,-2.6882212162017822
3463,12,-2.1433827877044678
3464,21,-1.4054251909255981
3465,27,-0.36379075050354004
3466,5,-2.5302844047546387
3467,6,-2.4899895191192627
3468,3,-2.6888022422790527
3469,4,-2.579674005508423
3470,6,-2.5005404949188232
3471,8,-2.395540475845337
3472,8,-2.419064521789551
3473,13,-2.0934438705444336
3474,12,-2.187623977661133
3475,5,-2.5553812980651855
3476,10,-2.284623146057129
3477,4,-2.5941202640533447
3478,11,-2.200155735015869
3479,6,-2.517606258392334
3480,5,-2.57069993019104
3481,5,-2.5464487075805664
3482,2,-2.7375035285949707
3483,22,-1.2670776844024658
3484,6,-2.5181639194488525
3485,8,-2.416912078857422
3486,4,-2.621635913848877
3487,14,-2.0079123973846436
3488,11,-2.2472827434539795
3489,3,-2.66572642326355
3490,19,-1.6275031566619873
3491,5,-2.5689032077789307
3492,6,-2.502798080444336
3493,9,-2.3230490684509277
3494,10,-2.293867349624634
3495,3,-2.6769754886627197
3496,9,-2.3556466102600098
3497,3,-2.6499481201171875
3498,3,-2.654062032699585
3499,6,-2.512974262237549
3500,8,-2.4161195755004883
3501,3,-2.648815393447876
3502,6,-2.480156660079956
3503,4,-2.593834400177002
3504,7,-2.4700348377227783
3505,3,-2.7037549018859863
3506,19,-1.6025075912475586
3507,6,-2.505382537841797
3508,24,-0.9252339601516724
3509,4,-2.625675916671753
3510,6,-2.4982247352600098
3511,13,-2.100054979324341
3512,9,-2.3231067657470703
3513,5,-2.5720293521881104
3514,4,-2.6132166385650635
3515,7,-2.4533724784851074
3516,11,-2.219294548034668
3517,8,-2.393209457397461
3518,9,-2.3557729721069336
3519,11,-2.2008883953094482
3520,9,-2.327935218811035
3521,12,-2.143231153488159
3522,5,-2.5304338932037354
3523,7,-2.42547345161438
3524,9,-2.3171303272247314
3525,3,-2.688397169113159
3526,6,-2.523085594177246
3527,2,-2.7211074829101562
3528,14,-2.055000066757202
3529,4,-2.6153199672698975
3530,7,-2.4333879947662354
3531,20,-1.5145325660705566
3532,5,-2.5435431003570557
3533,4,-2.611863136291504
3534,6,-2.510733127593994
3535,4,-2.6152453422546387
3536,10,-2.3007113933563232
3537,7,-2.4311928749084473
3538,1,-2.8126566410064697
3539,4,-2.613694906234741
3540,9,-2.318523406982422
3541,17,-1.8071664571762085
3542,6,-2.5219531059265137
3543,4,-2.579697370529175
3544,12,-2.1564810276031494
3545,5,-2.5428311824798584
3546,9,-2.3672306537628174
3547,8,-2.3849174976348877
3548,5,-2.545250415802002
3549,4,-2.5966732501983643
3550,5,-2.530160665512085
3551,3,-2.653993844985962
3552,5,-2.5732533931732178
3553,3,-2.6582376956939697
3554,3,-2.656074047088623
3555,6,-2.504815101623535
3556,4,-2.597123861312866
3557,14,-2.055844306945801
3558,21,-1.4298453330993652
3559,4,-2.603209972381592
3560,11,-2.2250285148620605
3561,6,-2.522515058517456
3562,8,-2.3776967525482178
3563,1,-2.788977861404419
3564,16,-1.9323843717575073
3565,6,-2.5031139850616455
3566,4,-2.598426342010498
3567,4,-2.6279726028442383
3568,13,-2.1304538249969482
3569,6,-2.5097320079803467
3570,24,-0.8924412727355957
3571,5,-2.536856174468994
3572,9,-2.3343536853790283
3573,7,-2.4446940422058105
3574,26,-0.5702708959579468
3575,18,-1.7246994972229004
3576,3,-2.68509840965271
3577,1,-2.833077907562256
3578,4,-2.6267666816711426
3579,4,-2.6348743438720703
3580,14,-2.0496437549591064
3581,8,-2.4049794673919678
3582,7,-2.467127561569214
3583,27,-0.41665852069854736
3584,8,-2.3917853832244873
3585,1,-2.840541362762451
3586,4,-2.594224691390991
3587,19,-1.6218904256820679
3588,9,-2.3259940147399902
3589,8,-2.3934741020202637
3590,11,-2.257195234298706
3591,4,-2.6191680431365967
3592,16,-1.899024486541748
3593,9,-2.343410015106201
3594,9,-2.324904441833496
3595,3,-2.6418068408966064
3596,20,-1.4849486351013184
3597,7,-2.4352219104766846
3598,5,-2.5755202770233154
3599,4,-2.608508348464966
3600,8,-2.4034945964813232
3601,26,-0.6654417514801025
3602,9,-2.329756021499634
3603,2,-2.7085061073303223
3604,16,-1.8782877922058105
3605,12,-2.187190532684326
3606,5,-2.5492048263549805
3607,15,-1.9832202196121216
3608,1,-2.8107244968414307
3609,10,-2.2731497287750244
3610,4,-2.6368603706359863
3611,5,-2.5300493240356445
3612,12,-2.1623969078063965
3613,5,-2.577051877975464
3614,10,-2.309908628463745
3615,9,-2.333388328552246
3616,7,-2.4638381004333496
3617,2,-2.775775909423828
3618,3,-2.676591396331787
3619,3,-2.6444365978240967
3620,12,-2.142717123031616
3621,6,-2.501019239425659
3622,2,-2.73517107963562
3623,10,-2.2630627155303955
3624,21,-1.348482608795166
3625,8,-2.3881640434265137
3626,7,-2.420565366744995
3627,12,-2.139209747314453
3628,5,-2.5268712043762207
3629,4,-2.611055374145508
3630,5,-2.571378707885742
3631,8,-2.4184489250183105
3632,10,-2.275402545928955
3633,3,-2.6761088371276855
3634,2,-2.722503900527954
3635,3,-2.69645619392395
3636,5,-2.5242323875427246
3637,5,-2.529919147491455
3638,13,-2.113128900527954
3639,7,-2.4717516899108887
3640,1,-2.817434072494507
3641,4,-2.6076126098632812
3642,26,-0.5615888833999634
3643,10,-2.3010637760162354
3644,8,-2.3962886333465576
3645,3,-2.649188756942749
3646,8,-2.3880016803741455
3647,8,-2.3782613277435303
3648,19,-1.6585029363632202
3649,7,-2.4627602100372314
3650,22,-1.3265340328216553
3651,7,-2.4367458820343018
3652,4,-2.599257230758667
3653,26,-0.668055534362793
3654,4,-2.611809253692627
3655,7,-2.428330659866333
3656,2,-2.7096104621887207
3657,3,-2.6773784160614014
3658,5,-2.550459384918213
3659,7,-2.4715003967285156
3660,4,-2.6008901596069336
3661,5,-2.547943115234375
3662,8,-2.408964157104492
3663,12,-2.16017746925354
3664,11,-2.2367565631866455
3665,2,-2.7119052410125732
3666,23,-1.084835410118103
3667,6,-2.5222115516662598
3668,5,-2.554112195968628
3669,3,-2.6398544311523438
3670,6,-2.491677761077881
3671,6,-2.484079599380493
3672,21,-1.3873217105865479
3673,5,-2.5461785793304443
3674,5,-2.5306618213653564
3675,9,-2.348374128341675
3676,8,-2.384779691696167
3677,10,-2.299272298812866
3678,14,-2.062629461288452
3679,11,-2.2411885261535645
3680,6,-2.5137763023376465
3681,8,-2.392612934112549
3682,3,-2.6734495162963867
3683,25,-0.7419233322143555
3684,20,-1.4901032447814941
3685,7,-2.463982105255127
3686,5,-2.5373737812042236
3687,3,-2.6590921878814697
3688,5,-2.529163360595703
3689,3,-2.64089298248291
3690,4,-2.5825750827789307
3691,12,-2.1699306964874268
3692,13,-2.095862865447998
3693,12,-2.1724600791931152
3694,5,-2.5386810302734375
3695,6,-2.5170719623565674
3696,6,-2.5179595947265625
3697,1,-2.83598256111145
3698,12,-2.1595938205718994
3699,5,-2.575172185897827
3700,10,-2.3080873489379883
3701,4,-2.6054701805114746
3702,19,-1.6547504663467407
3703,15,-1.9832216501235962
3704,5,-2.5587282180786133
3705,8,-2.370415210723877
3706,7,-2.4693634510040283
3707,11,-2.243393659591675
3708,1,-2.8289053440093994
3709,21,-1.4454131126403809
3710,1,-2.7939085960388184
3711,7,-2.449084997177124
3712,12,-2.1493356227874756
3713,6,-2.485523223876953
3714,10,-2.3022494316101074
3715,7,-2.4451816082000732
3716,12,-2.1909308433532715
3717,3,-2.6616618633270264
3718,10,-2.2633416652679443
3719,5,-2.534607172012329
3720,2,-2.7189764976501465
3721,7,-2.469759225845337
3722,6,-2.480637550354004
3723,8,-2.4131858348846436
3724,5,-2.5343992710113525
3725,2,-2.7153313159942627
3726,7,-2.4461452960968018
3727,6,-2.4922420978546143
3728,7,-2.47231388092041
3729,7,-2.4690091609954834
3730,8,-2.3791439533233643
3731,1,-2.802065372467041
3732,23,-1.2026126384735107
3733,9,-2.346999168395996
3734,16,-1.8878260850906372
3735,3,-2.653320789337158
3736,15,-1.983048915863037
3737,7,-2.4585933685302734
3738,5,-2.557983875274658
3739,6,-2.484504461288452
3740,3,-2.680607557296753
3741,5,-2.5763278007507324
3742,5,-2.54695200920105
3743,3,-2.654665946960449
3744,4,-2.5878734588623047
3745,6,-2.495133876800537
3746,7,-2.4532456398010254
3747,3,-2.6683106422424316
3748,19,-1.5868456363677979
3749,11,-2.2395942211151123
3750,12,-2.180969715118408
3751,16,-1.8764146566390991
3752,4,-2.6249871253967285
3753,3,-2.6973986625671387
3754,10,-2.305401563644409
3755,4,-2.6368744373321533
3756,3,-2.6896066665649414
3757,1,-2.79057240486145
3758,9,-2.3639729022979736
3759,3,-2.6484384536743164
3760,16,-1.9060078859329224
3761,7,-2.4733989238739014
3762,8,-2.414774179458618
3763,11,-2.2185065746307373
3764,2,-2.7205312252044678
3765,7,-2.455754518508911
3766,8,-2.373861074447632
3767,10,-2.2912495136260986
3768,13,-2.0813651084899902
3769,12,-2.163362979888916
3770,4,-2.5967907905578613
3771,5,-2.5693161487579346
3772,1,-2.794635534286499
3773,6,-2.516641616821289
3774,1,-2.807461738586426
3775,2,-2.7115695476531982
3776,4,-2.6218531131744385
3777,3,-2.652466297149658
3778,4,-2.598296642303467
3779,5,-2.5469753742218018
3780,13,-2.082042694091797
3781,11,-2.2449140548706055
3782,5,-2.541205644607544
3783,17,-1.804708480834961
3784,4,-2.6121883392333984
3785,5,-2.5295567512512207
3786,3,-2.658719301223755
3787,6,-2.4782299995422363
3788,3,-2.6564154624938965
3789,17,-1.8564766645431519
3790,7,-2.4445834159851074
3791,11,-2.228224992752075
3792,12,-2.1968908309936523
3793,27,-0.44943904876708984
3794,4,-2.6145310401916504
3795,3,-2.698185682296753
3796,3,-2.699847936630249
3797,4,-2.6108365058898926
3798,8,-2.398402214050293
3799,8,-2.4189040660858154
3800,11,-2.2565691471099854
3801,12,-2.189073085784912
3802,9,-2.342959403991699
3803,6,-2.488529682159424
3804,4,-2.6037416458129883
3805,5,-2.553982734680176
3806,3,-2.673661231994629
3807,12,-2.171928882598877
3808,3,-2.682051658630371
3809,6,-2.496852397918701
3810,4,-2.60398006439209
3811,14,-2.0271871089935303
3812,11,-2.2005977630615234
3813,12,-2.150106191635132
3814,6,-2.4820542335510254
3815,5,-2.556992530822754
3816,3,-2.651068925857544
3817,5,-2.5455517768859863
3818,18,-1.691300868988037
3819,13,-2.1190695762634277
3820,13,-2.1113181114196777
3821,7,-2.4630136489868164
3822,17,-1.8346325159072876
3823,12,-2.1677513122558594
3824,8,-2.3842549324035645
3825,6,-2.4916880130767822
3826,7,-2.46307110786438
3827,14,-2.073590040206909
3828,9,-2.3356475830078125
3829,9,-2.3209500312805176
3830,5,-2.524792194366455
3831,8,-2.3840506076812744
3832,3,-2.67374587059021
3833,11,-2.2475826740264893
3834,9,-2.3220980167388916
3835,5,-2.5631916522979736
3836,8,-2.4144985675811768
3837,21,-1.3721891641616821
3838,3,-2.647707939147949
3839,3,-2.6524336338043213
3840,12,-2.1790077686309814
3841,3,-2.6633877754211426
3842,8,-2.3857150077819824
3843,14,-2.0635976791381836
3844,8,-2.3712339401245117
3845,7,-2.4325172901153564
3846,3,-2.6938529014587402
3847,4,-2.6276111602783203
3848,7,-2.4328815937042236
3849,10,-2.2744438648223877
3850,26,-0.626622200012207
3851,11,-2.212181329727173
3852,6,-2.5219056606292725
3853,7,-2.448115110397339
3854,15,-1.966963529586792
3855,17,-1.7786020040512085
3856,4,-2.6054468154907227
3857,5,-2.5266387462615967
3858,6,-2.4751689434051514
3859,4,-2.608027458190918
3860,3,-2.6740238666534424
3861,21,-1.4183014631271362
3862,26,-0.6485978364944458
3863,5,-2.5710442066192627
3864,13,-2.100956678390503
3865,5,-2.556035280227661
3866,6,-2.486649990081787
3867,16,-1.8810992240905762
3868,23,-1.08352792263031
3869,22,-1.331946849822998
3870,14,-2.0681138038635254
3871,9,-2.3485348224639893
3872,1,-2.8125176429748535
3873,8,-2.4123077392578125
3874,6,-2.4920904636383057
3875,3,-2.699371337890625
3876,9,-2.362922191619873
3877,11,-2.2172963619232178
3878,8,-2.412829875946045
3879,8,-2.382913827896118
3880,4,-2.63079833984375
3881,16,-1.8742097616195679
3882,14,-2.0412275791168213
3883,3,-2.6449966430664062
3884,4,-2.6003870964050293
3885,8,-2.405071973800659
3886,12,-2.1413378715515137
3887,21,-1.3942227363586426
3888,9,-2.3571202754974365
3889,12,-2.188811779022217
3890,2,-2.7197675704956055
3891,14,-2.072165012359619
3892,22,-1.296127200126648
3893,6,-2.4861278533935547
3894,5,-2.551009178161621
3895,3,-2.660022735595703
3896,7,-2.4324610233306885
3897,15,-1.9623866081237793
3898,24,-0.9762821197509766
3899,17,-1.8562504053115845
3900,3,-2.655888319015503
3901,6,-2.5123236179351807
3902,8,-2.411646842956543
3903,8,-2.377315044403076
3904,18,-1.7576781511306763
3905,2,-2.7155303955078125
3906,10,-2.301363229751587
3907,16,-1.91897714138031
3908,3,-2.642174482345581
3909,20,-1.4798948764801025
3910,8,-2.3962440490722656
3911,13,-2.091256856918335
3912,5,-2.5756945610046387
3913,8,-2.39003849029541
3914,26,-0.5013660192489624
3915,11,-2.2436442375183105
3916,7,-2.460594654083252
3917,13,-2.1284632682800293
3918,4,-2.6257259845733643
3919,14,-2.066756248474121
3920,6,-2.5199596881866455
3921,7,-2.440540075302124
3922,27,-0.4607725143432617
3923,11,-2.251044511795044
3924,14,-2.0646629333496094
3925,12,-2.15436053276062
3926,4,-2.6003925800323486
3927,3,-2.6808247566223145
3928,12,-2.1833465099334717
3929,11,-2.216261148452759
3930,4,-2.6092474460601807
3931,5,-2.5242366790771484
3932,17,-1.859452724456787
3933,9,-2.3221757411956787
3934,1,-2.8026163578033447
3935,7,-2.4692914485931396
3936,7,-2.424715757369995
3937,4,-2.5991368293762207
3938,4,-2.635209798812866
3939,14,-2.0544121265411377
3940,7,-2.4620070457458496
3941,6,-2.5168211460113525
3942,21,-1.3506240844726562
3943,5,-2.5378775596618652
3944,10,-2.2674241065979004
3945,2,-2.7143936157226562
3946,8,-2.378354072570801
3947,4,-2.6111695766448975
3948,8,-2.3729350566864014
3949,6,-2.5156381130218506
3950,12,-2.15676212310791
3951,4,-2.5909006595611572
3952,8,-2.392324686050415
3953,9,-2.3478193283081055
3954,4,-2.6301257610321045
3955,9,-2.3441507816314697
3956,7,-2.460857629776001
3957,2,-2.723046064376831
3958,7,-2.4559075832366943
3959,8,-2.3905391693115234
3960,7,-2.427948474884033
3961,6,-2.5183510780334473
3962,30,-0.0004627704620361328
3963,9,-2.350371837615967
3964,8,-2.398540496826172
3965,5,-2.572786569595337
3966,5,-2.530514717102051
3967,9,-2.329726219177246
3968,13,-2.1134581565856934
3969,16,-1.8682856559753418
3970,19,-1.6445772647857666
3971,6,-2.4747631549835205
3972,5,-2.52761173248291
3973,19,-1.6734143495559692
3974,8,-2.3770484924316406
3975,7,-2.4660112857818604
3976,8,-2.3845982551574707
3977,10,-2.2871158123016357
3978,8,-2.4090113639831543
3979,13,-2.135007619857788
3980,7,-2.4606235027313232
3981,12,-2.189574718475342
3982,23,-1.073585033416748
3983,10,-2.264634847640991
3984,8,-2.405823230743408
3985,4,-2.5826330184936523
3986,5,-2.534252882003784
3987,6,-2.5151522159576416
3988,9,-2.353416919708252
3989,6,-2.5186383724212646
3990,8,-2.3697316646575928
3991,5,-2.575531482696533
3992,10,-2.300575017929077
3993,25,-0.7331932783126831
3994,4,-2.626633644104004
3995,4,-2.624574661254883
3996,11,-2.2042136192321777
3997,11,-2.228247880935669
3998,11,-2.2005252838134766
3999,13,-2.119715929031372
4000,25,-0.6990038156509399
4001,8,-2.400211811065674
4002,8,-2.3819408416748047
4003,3,-2.6668365001678467
4004,11,-2.2411093711853027
4005,22,-1.262407898902893
4006,4,-2.618393898010254
4007,11,-2.2340476512908936
4008,13,-2.0791287422180176
4009,9,-2.36669659614563
4010,3,-2.675999641418457
4011,4,-2.586043119430542
4012,4,-2.604548692703247
4013,8,-2.3786704540252686
4014,4,-2.626157760620117
4015,27,-0.39015257358551025
4016,14,-2.05237078666687
4017,9,-2.3594541549682617
4018,5,-2.5279650688171387
4019,4,-2.6147844791412354
4020,9,-2.3459689617156982
4021,3,-2.6615352630615234
4022,11,-2.238776922225952
4023,6,-2.5137360095977783
4024,14,-2.007612466812134
4025,7,-2.429999589920044
4026,7,-2.4301981925964355
4027,4,-2.6111538410186768
4028,9,-2.3631582260131836
4029,10,-2.2889933586120605
4030,7,-2.4202468395233154
4031,7,-2.463015556335449
4032,11,-2.2537758350372314
4033,8,-2.3960025310516357
4034,18,-1.7124892473220825
4035,5,-2.5428578853607178
4036,5,-2.529529571533203
4037,7,-2.4552230834960938
4038,2,-2.741342067718506
4039,6,-2.5103607177734375
4040,3,-2.6625921726226807
4041,8,-2.3746728897094727
4042,10,-2.3086953163146973
4043,11,-2.2595269680023193
4044,6,-2.478464365005493
4045,6,-2.5151829719543457
4046,5,-2.5678114891052246
4047,1,-2.8202812671661377
4048,11,-2.232452392578125
4049,8,-2.3853564262390137
4050,9,-2.3585364818573
4051,4,-2.624393939971924
4052,7,-2.459259510040283
4053,9,-2.3416922092437744
4054,8,-2.3880302906036377
4055,9,-2.3320045471191406
4056,4,-2.602400302886963
4057,3,-2.6777961254119873
4058,25,-0.8596138954162598
4059,6,-2.4993209838867188
4060,11,-2.2197465896606445
4061,12,-2.1642251014709473
4062,13,-2.0977866649627686
4063,27,-0.4605090618133545
4064,28,-0.2520759105682373
4065,2,-2.731736660003662
4066,13,-2.1296980381011963
4067,5,-2.562594413757324
4068,8,-2.3887643814086914
4069,13,-2.0765280723571777
4070,9,-2.347726821899414
4071,17,-1.834676742553711
4072,5,-2.5627968311309814
4073,12,-2.139019012451172
4074,19,-1.6105072498321533
4075,8,-2.393893003463745
4076,12,-2.1887617111206055
4077,12,-2.1489484310150146
4078,11,-2.200643301010132
4079,17,-1.8045921325683594
4080,8,-2.3997225761413574
4081,9,-2.339056968688965
4082,3,-2.6589763164520264
4083,8,-2.411513328552246
4084,3,-2.664125680923462
4085,2,-2.7647275924682617
4086,4,-2.6320178508758545
4087,6,-2.5081429481506348
4088,7,-2.4252655506134033
4089,4,-2.5904693603515625
4090,4,-2.635281562805176
4091,9,-2.345072031021118
4092,10,-2.2809548377990723
4093,9,-2.3375279903411865
4094,12,-2.160000801086426
4095,11,-2.217365026473999
4096,3,-2.6392343044281006
4097,16,-1.8956539630889893
4098,18,-1.763584852218628
4099,10,-2.2903687953948975
4100,7,-2.445125102996826
4101,10,-2.3081014156341553
4102,19,-1.5882840156555176
4103,7,-2.4488086700439453
4104,4,-2.5980846881866455
4105,27,-0.38139355182647705
4106,6,-2.4913172721862793
4107,4,-2.578768730163574
4108,10,-2.277534246444702
4109,5,-2.5704762935638428
4110,6,-2.522946834564209
4111,12,-2.149757146835327
4112,11,-2.2222838401794434
4113,11,-2.2245678901672363
4114,14,-2.0677340030670166
4115,2,-2.7537996768951416
4116,3,-2.698533773422241
4117,9,-2.3581926822662354
4118,20,-1.49639892578125
4119,10,-2.274024248123169
4120,4,-2.612133264541626
4121,8,-2.403167247772217
4122,11,-2.205136775970459
4123,5,-2.535553216934204
4124,5,-2.5725553035736084
4125,13,-2.0895988941192627
4126,4,-2.6374964714050293
4127,26,-0.5441612005233765
4128,20,-1.5403897762298584
4129,28,-0.22823286056518555
4130,3,-2.6491739749908447
4131,12,-2.1592085361480713
4132,28,-0.21625089645385742
4133,8,-2.373183250427246
4134,16,-1.8857712745666504
4135,4,-2.595015525817871
4136,11,-2.242091178894043
4137,7,-2.466108560562134
4138,10,-2.288386821746826
4139,3,-2.6523008346557617
4140,6,-2.4941458702087402
4141,10,-2.2832789421081543
4142,7,-2.421485662460327
4143,4,-2.6066603660583496
4144,11,-2.236806631088257
4145,10,-2.259657144546509
4146,8,-2.407252550125122
4147,6,-2.487187147140503
4148,20,-1.5103840827941895
4149,16,-1.9006731510162354
4150,8,-2.4087400436401367
4151,6,-2.476107120513916
4152,9,-2.326453685760498
4153,5,-2.567129135131836
4154,11,-2.2173209190368652
4155,13,-2.084182024002075
4156,18,-1.7015905380249023
4157,4,-2.6254799365997314
4158,4,-2.6134891510009766
4159,6,-2.4825804233551025
4160,12,-2.1615941524505615
4161,9,-2.3677401542663574
4162,7,-2.455321788787842
4163,22,-1.3065447807312012
4164,7,-2.4710822105407715
4165,6,-2.4818835258483887
4166,29,-0.06267952919006348
4167,4,-2.6338679790496826
4168,10,-2.2688841819763184
4169,5,-2.5515785217285156
4170,5,-2.537534236907959
4171,18,-1.689045786857605
4172,5,-2.5308001041412354
4173,20,-1.4684422016143799
4174,1,-2.8035850524902344
4175,2,-2.7418878078460693
4176,7,-2.438539743423462
4177,26,-0.6528089046478271
4178,8,-2.393543004989624
4179,22,-1.268924355506897
4180,4,-2.579700231552124
4181,3,-2.657413959503174
4182,8,-2.414092779159546
4183,11,-2.2171926498413086
4184,13,-2.1040329933166504
4185,14,-2.0417726039886475
4186,8,-2.3959238529205322
4187,26,-0.553241491317749
4188,6,-2.518979787826538
4189,7,-2.440166473388672
4190,2,-2.71345591545105
4191,11,-2.249845504760742
4192,11,-2.255199909210205
4193,11,-2.241603136062622
4194,3,-2.670642614364624
4195,8,-2.4138236045837402
4196,13,-2.108045816421509
4197,20,-1.525322675704956
4198,4,-2.5805935859680176
4199,14,-2.0430908203125
4200,24,-1.039064884185791
4201,13,-2.079674482345581
4202,11,-2.2016046047210693
4203,4,-2.58549165725708
4204,4,-2.6196539402008057
4205,2,-2.731984853744507
4206,3,-2.6627607345581055
4207,10,-2.2649998664855957
4208,5,-2.5740599632263184
4209,3,-2.6475260257720947
4210,5,-2.569577932357788
4211,3,-2.643124580383301
4212,11,-2.2358336448669434
4213,9,-2.3309643268585205
4214,9,-2.335977077484131
4215,9,-2.3609018325805664
4216,11,-2.2524967193603516
4217,3,-2.690882444381714
4218,8,-2.4095640182495117
4219,10,-2.282123565673828
4220,7,-2.4623913764953613
4221,6,-2.5156784057617188
4222,3,-2.6846249103546143
4223,14,-2.0520496368408203
4224,19,-1.6453313827514648
4225,5,-2.5517451763153076
4226,7,-2.427058696746826
4227,9,-2.356386661529541
4228,14,-2.0725533962249756
4229,6,-2.5024991035461426
4230,3,-2.6711626052856445
4231,7,-2.4491071701049805
4232,6,-2.4951586723327637
4233,10,-2.2957873344421387
4234,1,-2.8243401050567627
4235,4,-2.5885002613067627
4236,4,-2.5803112983703613
4237,4,-2.586071729660034
4238,7,-2.4647176265716553
4239,4,-2.5818467140197754
4240,4,-2.5838425159454346
4241,8,-2.3978190422058105
4242,3,-2.640204906463623
4243,7,-2.465655565261841
4244,23,-1.1450245380401611
4245,2,-2.7064900398254395
4246,2,-2.7252073287963867
4247,7,-2.4463326930999756
4248,22,-1.2976588010787964
4249,4,-2.6085214614868164
4250,17,-1.847825288772583
4251,6,-2.5187623500823975
4252,16,-1.9054943323135376
4253,9,-2.322352409362793
4254,4,-2.599536895751953
4255,5,-2.546109199523926
4256,4,-2.631804943084717
4257,24,-0.9782012701034546
4258,7,-2.4397754669189453
4259,3,-2.6743698120117188
4260,5,-2.560727596282959
4261,17,-1.7805908918380737
4262,5,-2.544332504272461
4263,9,-2.338937997817993
4264,10,-2.3101069927215576
4265,13,-2.1192846298217773
4266,15,-1.953148603439331
4267,4,-2.58837890625
4268,7,-2.467099905014038
4269,6,-2.522554636001587
4270,6,-2.4928314685821533
4271,5,-2.534806728363037
4272,5,-2.55600643157959
4273,20,-1.5323445796966553
4274,15,-1.9421515464782715
4275,3,-2.6791718006134033
4276,5,-2.5582799911499023
4277,8,-2.3932394981384277
4278,4,-2.633200168609619
4279,3,-2.6578736305236816
4280,11,-2.2565321922302246
4281,11,-2.2148618698120117
4282,8,-2.4175925254821777
4283,11,-2.2563514709472656
4284,4,-2.5975534915924072
4285,15,-1.9722014665603638
4286,1,-2.8028981685638428
4287,5,-2.560450553894043
4288,9,-2.330542802810669
4289,6,-2.484842538833618
4290,18,-1.7492802143096924
4291,14,-2.044934034347534
4292,21,-1.3544371128082275
4293,17,-1.8202935457229614
4294,15,-2.00386118888855
4295,1,-2.7998321056365967
4296,11,-2.230844736099243
4297,8,-2.398995876312256
4298,4,-2.6262824535369873
4299,6,-2.478606700897217
4300,3,-2.6942622661590576
4301,9,-2.3302996158599854
4302,2,-2.7412631511688232
4303,11,-2.2287909984588623
4304,8,-2.3915724754333496
4305,3,-2.6709001064300537
4306,9,-2.321364402770996
4307,4,-2.58467698097229
4308,9,-2.3227574825286865
4309,2,-2.7058022022247314
4310,5,-2.5707931518554688
4311,9,-2.3238742351531982
4312,9,-2.363166570663452
4313,21,-1.388969898223877
4314,7,-2.463754892349243
4315,7,-2.4679296016693115
4316,7,-2.4282066822052
4317,11,-2.204885244369507
4318,4,-2.589118719100952
4319,5,-2.5532102584838867
4320,4,-2.581245183944702
4321,16,-1.8929893970489502
4322,8,-2.3875372409820557
4323,10,-2.280914545059204
4324,10,-2.2612416744232178
4325,9,-2.3492488861083984
4326,9,-2.330033302307129
4327,7,-2.4525372982025146
4328,7,-2.4563469886779785
4329,6,-2.507500648498535
4330,11,-2.2258622646331787
4331,11,-2.2291505336761475
4332,11,-2.218581438064575
4333,5,-2.576119899749756
4334,3,-2.6969046592712402
4335,20,-1.5699129104614258
4336,7,-2.4569437503814697
4337,9,-2.367100238800049
4338,9,-2.3676085472106934
4339,8,-2.390772581100464
4340,11,-2.249566078186035
4341,13,-2.082247734069824
4342,12,-2.1774821281433105
4343,16,-1.9200010299682617
4344,3,-2.6587204933166504
4345,3,-2.6900415420532227
4346,5,-2.5656280517578125
4347,3,-2.690655469894409
4348,13,-2.0828113555908203
4349,16,-1.9064841270446777
4350,7,-2.4488258361816406
4351,7,-2.4687957763671875
4352,6,-2.4964425563812256
4353,4,-2.6366517543792725
4354,4,-2.6146273612976074
4355,4,-2.6089742183685303
4356,13,-2.114698886871338
4357,5,-2.5606250762939453
4358,5,-2.5569794178009033
4359,16,-1.9263451099395752
4360,12,-2.156719207763672
4361,13,-2.0817196369171143
4362,6,-2.512650728225708
4363,18,-1.6773972511291504
4364,3,-2.645936965942383
4365,5,-2.546534538269043
4366,7,-2.452021360397339
4367,15,-1.9735662937164307
4368,5,-2.5484304428100586
4369,28,-0.26660919189453125
4370,7,-2.447474479675293
4371,4,-2.582233190536499
4372,16,-1.9162768125534058
4373,8,-2.386016368865967
4374,6,-2.498504161834717
4375,8,-2.371314764022827
4376,8,-2.3882336616516113
4377,16,-1.8629097938537598
4378,3,-2.665515899658203
4379,5,-2.552577495574951
4380,8,-2.413729429244995
4381,10,-2.267305612564087
4382,24,-1.0229331254959106
4383,8,-2.4123222827911377
4384,8,-2.402486562728882
4385,6,-2.5011024475097656
4386,8,-2.4190313816070557
4387,19,-1.5896655321121216
4388,13,-2.087670087814331
4389,29,-0.03859376907348633
4390,3,-2.6397454738616943
4391,8,-2.383513927459717
4392,6,-2.49033784866333
4393,5,-2.561056613922119
4394,12,-2.1751232147216797
4395,14,-2.0592641830444336
4396,9,-2.337555408477783
4397,14,-2.0702123641967773
4398,8,-2.3999109268188477
4399,7,-2.4289774894714355
4400,9,-2.368941068649292
4401,26,-0.51060950756073
4402,14,-2.0608296394348145
4403,10,-2.275196075439453
4404,12,-2.176929473876953
4405,24,-0.9687808752059937
4406,9,-2.3661608695983887
4407,9,-2.358720302581787
4408,11,-2.209270715713501
4409,3,-2.655482053756714
4410,7,-2.4436049461364746
4411,6,-2.488138437271118
4412,16,-1.9056932926177979
4413,7,-2.424675464630127
4414,5,-2.5742921829223633
4415,4,-2.617981433868408
4416,4,-2.624216318130493
4417,12,-2.1430277824401855
4418,7,-2.4253718852996826
4419,2,-2.717589855194092
4420,25,-0.8407540321350098
4421,5,-2.568025588989258
4422,6,-2.483271598815918
4423,7,-2.438199043273926
4424,3,-2.6934165954589844
4425,16,-1.8905184268951416
4426,3,-2.6573562622070312
4427,6,-2.494527816772461
4428,28,-0.24459552764892578
4429,8,-2.4140255451202393
4430,2,-2.7635750770568848
4431,10,-2.2797372341156006
4432,18,-1.7068712711334229
4433,4,-2.629169464111328
4434,4,-2.6063992977142334
4435,24,-0.9937155246734619
4436,26,-0.5734608173370361
4437,13,-2.1213576793670654
4438,5,-2.52634596824646
4439,12,-2.1607608795166016
4440,10,-2.2653682231903076
4441,8,-2.3933255672454834
4442,8,-2.388437509536743
4443,2,-2.7522542476654053
4444,3,-2.6604604721069336
4445,6,-2.516368865966797
4446,12,-2.1881308555603027
4447,6,-2.476402759552002
4448,1,-2.800335645675659
4449,5,-2.535783529281616
4450,6,-2.480175018310547
4451,15,-1.9786947965621948
4452,9,-2.334874153137207
4453,2,-2.786802053451538
4454,1,-2.8203678131103516
4455,10,-2.3120834827423096
4456,8,-2.3740296363830566
4457,10,-2.2716126441955566
4458,4,-2.6374967098236084
4459,3,-2.656686305999756
4460,10,-2.2910966873168945
4461,2,-2.738938331604004
4462,16,-1.9103543758392334
4463,1,-2.8096094131469727
4464,9,-2.3192601203918457
4465,8,-2.3821768760681152
4466,3,-2.64624285697937
4467,18,-1.6935880184173584
4468,6,-2.507352590560913
4469,7,-2.4234225749969482
4470,5,-2.5368149280548096
4471,8,-2.3698015213012695
4472,1,-2.837587594985962
4473,10,-2.299795150756836
4474,7,-2.4328510761260986
4475,21,-1.3970623016357422
4476,11,-2.2229251861572266
4477,2,-2.7449159622192383
4478,5,-2.5472850799560547
4479,5,-2.5379979610443115
4480,5,-2.56213116645813
4481,8,-2.4199678897857666
4482,4,-2.6202054023742676
4483,9,-2.3509626388549805
4484,1,-2.827930450439453
4485,3,-2.679339647293091
4486,11,-2.242029905319214
4487,6,-2.4848809242248535
4488,7,-2.4379918575286865
4489,5,-2.5642755031585693
4490,4,-2.5844674110412598
4491,9,-2.3221185207366943
4492,25,-0.7374041080474854
4493,13,-2.0824880599975586
4494,7,-2.43491268157959
4495,7,-2.4458093643188477
4496,3,-2.648334503173828
4497,17,-1.819350242614746
4498,4,-2.5979769229888916
4499,5,-2.5605008602142334
4500,8,-2.375778913497925
4501,3,-2.6468329429626465
4502,7,-2.4551923274993896
4503,7,-2.427370071411133
4504,3,-2.6860108375549316
4505,10,-2.268885612487793
4506,6,-2.5074586868286133
4507,9,-2.336772918701172
4508,8,-2.3996758460998535
4509,7,-2.458561897277832
4510,3,-2.6588199138641357
4511,8,-2.396979570388794
4512,13,-2.0762722492218018
4513,17,-1.7907371520996094
4514,6,-2.4919309616088867
4515,4,-2.619457721710205
4516,27,-0.4972113370895386
4517,7,-2.450502872467041
4518,4,-2.60376238822937
4519,4,-2.6002554893493652
4520,11,-2.2367045879364014
4521,23,-1.0614099502563477
4522,4,-2.6152403354644775
4523,13,-2.11326265335083
4524,25,-0.7247787714004517
4525,11,-2.2075655460357666
4526,17,-1.7921066284179688
4527,28,-0.3013334274291992
4528,5,-2.5414180755615234
4529,7,-2.4387643337249756
4530,8,-2.3732359409332275
4531,10,-2.3034160137176514
4532,10,-2.2991747856140137
4533,6,-2.520402669906616
4534,8,-2.4186959266662598
4535,6,-2.4796009063720703
4536,23,-1.1970477104187012
4537,4,-2.6122658252716064
4538,4,-2.6049656867980957
4539,7,-2.4245400428771973
4540,12,-2.180746555328369
4541,4,-2.607558012008667
4542,11,-2.253506898880005
4543,21,-1.4650031328201294
4544,15,-2.002863645553589
4545,3,-2.669895648956299
4546,27,-0.40530192852020264
4547,6,-2.5107381343841553
4548,7,-2.4497036933898926
4549,7,-2.422025680541992
4550,14,-2.059809923171997
4551,5,-2.5271108150482178
4552,7,-2.4433536529541016
4553,9,-2.358818769454956
4554,9,-2.352276563644409
4555,9,-2.3413655757904053
4556,6,-2.4816038608551025
4557,5,-2.5445542335510254
4558,1,-2.7974801063537598
4559,17,-1.805063009262085
4560,7,-2.4700896739959717
4561,5,-2.524766445159912
4562,12,-2.178117513656616
4563,12,-2.155496835708618
4564,3,-2.654067277908325
4565,4,-2.5881593227386475
4566,14,-2.0284032821655273
4567,26,-0.557371973991394
4568,11,-2.2068474292755127
4569,11,-2.2260513305664062
4570,10,-2.3151586055755615
4571,2,-2.7069950103759766
4572,8,-2.4147377014160156
4573,19,-1.6560213565826416
4574,8,-2.3777363300323486
4575,10,-2.309929370880127
4576,3,-2.639235258102417
4577,4,-2.6158652305603027
4578,16,-1.9311844110488892
4579,8,-2.408628225326538
4580,23,-1.1393537521362305
4581,7,-2.4644381999969482
4582,7,-2.453947067260742
4583,3,-2.6824111938476562
4584,8,-2.4110584259033203
4585,8,-2.407555341720581
4586,15,-1.9671289920806885
4587,7,-2.4559922218322754
4588,5,-2.5594279766082764
4589,12,-2.1703743934631348
4590,8,-2.405672550201416
4591,7,-2.4370720386505127
4592,10,-2.299647569656372
4593,2,-2.7590131759643555
4594,17,-1.8514118194580078
4595,8,-2.3937389850616455
4596,5,-2.577118396759033
4597,12,-2.198745012283325
4598,10,-2.2636826038360596
4599,5,-2.5461902618408203
4600,11,-2.2502121925354004
4601,9,-2.3420872688293457
4602,20,-1.573115348815918
4603,13,-2.0870230197906494
4604,8,-2.3959059715270996
4605,11,-2.2083256244659424
4606,6,-2.5102648735046387
4607,6,-2.5066795349121094
4608,22,-1.3057283163070679
4609,15,-1.9878299236297607
4610,6,-2.509965658187866
4611,27,-0.4183158874511719
4612,10,-2.3017163276672363
4613,4,-2.616424083709717
4614,17,-1.8231525421142578
4615,4,-2.5772457122802734
4616,8,-2.41465425491333
4617,4,-2.5975563526153564
4618,19,-1.664999008178711
4619,9,-2.3632454872131348
4620,7,-2.4676434993743896
4621,13,-2.0799942016601562
4622,11,-2.228304862976074
4623,10,-2.2888376712799072
4624,8,-2.375999927520752
4625,8,-2.4032883644104004
4626,11,-2.2289984226226807
4627,13,-2.1327691078186035
4628,6,-2.476925849914551
4629,4,-2.615816354751587
4630,14,-2.066270589828491
4631,4,-2.606445074081421
4632,9,-2.3399364948272705
4633,3,-2.6679985523223877
4634,5,-2.545360803604126
4635,4,-2.6070539951324463
4636,3,-2.7032604217529297
4637,17,-1.7890429496765137
4638,9,-2.3180668354034424
4639,2,-2.765843152999878
4640,21,-1.4624563455581665
4641,9,-2.3686904907226562
4642,5,-2.5722312927246094
4643,10,-2.2836251258850098
4644,8,-2.3777990341186523
4645,6,-2.476532459259033
4646,4,-2.585430383682251
4647,13,-2.133516788482666
4648,3,-2.703707218170166
4649,5,-2.5544121265411377
4650,11,-2.2569289207458496
4651,12,-2.1770553588867188
4652,7,-2.4533145427703857
4653,4,-2.6063249111175537
4654,6,-2.497161865234375
4655,11,-2.214881181716919
4656,23,-1.16592538356781
4657,9,-2.343498468399048
4658,14,-2.047980785369873
4659,9,-2.36220645904541
4660,11,-2.2062270641326904
4661,7,-2.428947925567627
4662,9,-2.3323020935058594
4663,4,-2.597020387649536
4664,13,-2.128920793533325
4665,14,-2.061021327972412
4666,5,-2.5484113693237305
4667,6,-2.50490403175354
4668,14,-2.0121114253997803
4669,4,-2.604201078414917
4670,7,-2.430875301361084
4671,17,-1.8191745281219482
4672,9,-2.352721691131592
4673,9,-2.336055040359497
4674,4,-2.6126797199249268
4675,4,-2.6185107231140137
4676,6,-2.490518808364868
4677,14,-2.010347843170166
4678,8,-2.413928270339966
4679,15,-1.9624282121658325
4680,5,-2.5367066860198975
4681,4,-2.5925354957580566
4682,4,-2.637212038040161
4683,4,-2.58774733543396
4684,30,0.01209712028503418
4685,5,-2.5765488147735596
4686,8,-2.369194984436035
4687,3,-2.6897387504577637
4688,7,-2.4595139026641846
4689,5,-2.545928478240967
4690,19,-1.5968329906463623
4691,9,-2.3305845260620117
4692,11,-2.2238245010375977
4693,8,-2.3881194591522217
4694,6,-2.496448278427124
4695,8,-2.4051055908203125
4696,5,-2.563910722732544
4697,11,-2.2097182273864746
4698,5,-2.568493604660034
4699,11,-2.2074270248413086
4700,4,-2.6201937198638916
4701,4,-2.6331186294555664
4702,12,-2.152270555496216
4703,6,-2.5099146366119385
4704,7,-2.4403512477874756
4705,11,-2.2542929649353027
4706,7,-2.4398903846740723
4707,9,-2.3476204872131348
4708,5,-2.5640861988067627
4709,13,-2.1143436431884766
4710,12,-2.1858954429626465
4711,11,-2.216893196105957
4712,8,-2.4150290489196777
4713,15,-1.942260980606079
4714,26,-0.51180100440979
4715,4,-2.634882688522339
4716,5,-2.5676369667053223
4717,16,-1.8697686195373535
4718,8,-2.395594596862793
4719,4,-2.5889997482299805
4720,4,-2.5985021591186523
4721,11,-2.219386577606201
4722,6,-2.5047144889831543
4723,8,-2.3759994506835938
4724,7,-2.463446617126465
4725,12,-2.1893129348754883
4726,3,-2.6650047302246094
4727,9,-2.3436198234558105
4728,8,-2.418962001800537
4729,11,-2.229433059692383
4730,10,-2.3107283115386963
4731,3,-2.6784274578094482
4732,8,-2.402698516845703
4733,28,-0.1612536907196045
4734,18,-1.6959798336029053
4735,6,-2.475701332092285
4736,12,-2.175713062286377
4737,14,-2.0518105030059814
4738,17,-1.777871012687683
4739,1,-2.8008034229278564
4740,13,-2.093468427658081
4741,4,-2.594460964202881
4742,7,-2.4232370853424072
4743,4,-2.6286191940307617
4744,9,-2.3648974895477295
4745,2,-2.750154495239258
4746,10,-2.309826135635376
4747,18,-1.7365410327911377
4748,5,-2.537047863006592
4749,8,-2.411763906478882
4750,11,-2.252967357635498
4751,11,-2.2174463272094727
4752,10,-2.30037784576416
4753,9,-2.3658995628356934
4754,7,-2.4319634437561035
4755,11,-2.258253574371338
4756,9,-2.3610708713531494
4757,24,-0.9167529344558716
4758,9,-2.344879388809204
4759,5,-2.527362108230591
4760,13,-2.0802388191223145
4761,16,-1.8881523609161377
4762,6,-2.475881576538086
4763,7,-2.4236745834350586
4764,13,-2.0882136821746826
4765,29,-0.12556695938110352
4766,6,-2.5063188076019287
4767,20,-1.5147241353988647
4768,17,-1.775085210800171
4769,6,-2.4917867183685303
4770,5,-2.547598123550415
4771,19,-1.6154934167861938
4772,9,-2.326219320297241
4773,8,-2.3818717002868652
4774,12,-2.1863911151885986
4775,4,-2.5779500007629395
4776,2,-2.7421159744262695
4777,5,-2.5703325271606445
4778,4,-2.599351406097412
4779,9,-2.324754238128662
4780,6,-2.508934259414673
4781,7,-2.4494974613189697
4782,8,-2.3703267574310303
4783,20,-1.5102245807647705
4784,12,-2.1813645362854004
4785,7,-2.4561221599578857
4786,5,-2.5582334995269775
4787,9,-2.3598878383636475
4788,9,-2.343496799468994
4789,9,-2.324127435684204
4790,5,-2.526869773864746
4791,19,-1.6461992263793945
4792,11,-2.235440492630005
4793,19,-1.6494777202606201
4794,4,-2.5881471633911133
4795,19,-1.5965479612350464
4796,3,-2.6394052505493164
4797,6,-2.510756254196167
4798,20,-1.4856164455413818
4799,8,-2.411550283432007
4800,7,-2.4377639293670654
4801,5,-2.5503945350646973
4802,9,-2.3372714519500732
4803,6,-2.501227617263794
4804,7,-2.4496798515319824
4805,4,-2.5780491828918457
4806,12,-2.1535117626190186
4807,13,-2.126410722732544
4808,18,-1.742008924484253
4809,6,-2.482558012008667
4810,7,-2.441767692565918
4811,13,-2.116914749145508
4812,7,-2.4601616859436035
4813,3,-2.6802234649658203
4814,8,-2.397676706314087
4815,15,-1.944671869277954
4816,11,-2.241419792175293
4817,2,-2.7139813899993896
4818,12,-2.1468734741210938
4819,8,-2.396383762359619
4820,9,-2.3473703861236572
4821,11,-2.211817979812622
4822,10,-2.28574275970459
4823,22,-1.324141502380371
4824,13,-2.1368937492370605
4825,4,-2.6253583431243896
4826,11,-2.2457427978515625
4827,5,-2.525834083557129
4828,5,-2.5434176921844482
4829,17,-1.8539328575134277
4830,8,-2.418797492980957
4831,8,-2.3872854709625244
4832,11,-2.230973958969116
4833,5,-2.5644547939300537
4834,1,-2.8266379833221436
4835,12,-2.1991066932678223
4836,17,-1.855745553970337
4837,10,-2.269279718399048
4838,9,-2.317708730697632
4839,14,-2.021174430847168
4840,7,-2.460381507873535
4841,6,-2.4803130626678467
4842,7,-2.440289258956909
4843,26,-0.5408632755279541
4844,5,-2.5584146976470947
4845,21,-1.4014477729797363
4846,6,-2.5000367164611816
4847,4,-2.594032049179077
4848,21,-1.3784570693969727
4849,10,-2.2939887046813965
4850,13,-2.107030153274536
4851,13,-2.105369806289673
4852,10,-2.3131790161132812
4853,3,-2.6484453678131104
4854,6,-2.520333766937256
4855,7,-2.4369285106658936
4856,6,-2.47778582572937
4857,19,-1.6549263000488281
4858,5,-2.5638625621795654
4859,16,-1.888428807258606
4860,16,-1.9167094230651855
4861,9,-2.369062900543213
4862,26,-0.6745824813842773
4863,12,-2.165733814239502
4864,10,-2.2684006690979004
4865,13,-2.105313777923584
4866,14,-2.0295207500457764
4867,4,-2.594233989715576
4868,4,-2.6209495067596436
4869,10,-2.2678475379943848
4870,10,-2.2620081901550293
4871,10,-2.305419683456421
4872,17,-1.7861859798431396
4873,23,-1.1700628995895386
4874,9,-2.362805128097534
4875,12,-2.1979832649230957
4876,9,-2.317304849624634
4877,12,-2.148026943206787
4878,15,-1.960982322692871
4879,9,-2.3549554347991943
4880,10,-2.293118715286255
4881,6,-2.4804773330688477
4882,30,-0.0035893917083740234
4883,6,-2.5194859504699707
4884,9,-2.3232293128967285
4885,6,-2.50032639503479
4886,6,-2.506593704223633
4887,19,-1.5801386833190918
4888,10,-2.2694544792175293
4889,13,-2.093888521194458
4890,6,-2.4897243976593018
4891,24,-1.0012743473052979
4892,28,-0.29819822311401367
4893,6,-2.515596389770508
4894,8,-2.409158229827881
4895,6,-2.477419376373291
4896,15,-1.952544093132019
4897,25,-0.7601534128189087
4898,4,-2.6116886138916016
4899,8,-2.398719549179077
4900,6,-2.4923415184020996
4901,6,-2.4770925045013428
4902,8,-2.4074957370758057
4903,13,-2.1309971809387207
4904,16,-1.913640022277832
4905,8,-2.3914225101470947
4906,25,-0.8634400367736816
4907,3,-2.643723487854004
4908,14,-2.067699432373047
4909,13,-2.10756516456604
4910,9,-2.322235107421875
4911,5,-2.5583741664886475
4912,7,-2.460146427154541
4913,4,-2.5771851539611816
4914,15,-1.9839756488800049
4915,9,-2.368600606918335
4916,23,-1.170933723449707
4917,6,-2.523725986480713
4918,1,-2.833040952682495
4919,5,-2.5726842880249023
4920,12,-2.1437835693359375
4921,7,-2.471485137939453
4922,11,-2.2077128887176514
4923,14,-2.035104751586914
4924,7,-2.470249891281128
4925,9,-2.3668651580810547
4926,4,-2.6207306385040283
4927,6,-2.5037050247192383
4928,9,-2.3433148860931396
4929,13,-2.079145908355713
4930,11,-2.2563796043395996
4931,14,-2.041107416152954
4932,11,-2.2076334953308105
4933,9,-2.347424268722534
4934,8,-2.402289867401123
4935,5,-2.5371694564819336
4936,8,-2.400405168533325
4937,5,-2.524566173553467
4938,20,-1.5095127820968628
4939,11,-2.209836483001709
4940,14,-2.0212531089782715
4941,3,-2.670868158340454
4942,11,-2.2145636081695557
4943,13,-2.100188970565796
4944,19,-1.6313819885253906
4945,22,-1.279205322265625
4946,24,-0.9074513912200928
4947,9,-2.3471779823303223
4948,4,-2.609926462173462
4949,7,-2.4317574501037598
4950,8,-2.3892531394958496
4951,16,-1.9202687740325928
4952,17,-1.7846739292144775
4953,6,-2.507690906524658
4954,5,-2.5734739303588867
4955,10,-2.2697746753692627
4956,5,-2.5459189414978027
4957,23,-1.149685263633728
4958,10,-2.3135156631469727
4959,26,-0.5788955688476562
4960,8,-2.3739423751831055
4961,6,-2.4754133224487305
4962,11,-2.206111431121826
4963,8,-2.401069402694702
4964,3,-2.638838052749634
4965,8,-2.419157028198242
4966,3,-2.6789259910583496
4967,6,-2.4980263710021973
4968,9,-2.367168664932251
4969,19,-1.6589055061340332
4970,6,-2.5228419303894043
4971,11,-2.22483491897583
4972,3,-2.6454737186431885
4973,17,-1.8254084587097168
4974,7,-2.4617340564727783
4975,9,-2.3392274379730225
4976,8,-2.3693904876708984
4977,4,-2.604424238204956
4978,11,-2.25770902633667
4979,8,-2.4064221382141113
4980,4,-2.622331142425537
4981,10,-2.2920005321502686
4982,7,-2.427675724029541
4983,10,-2.311643123626709
4984,11,-2.2521252632141113
4985,12,-2.1399757862091064
4986,5,-2.5582969188690186
4987,15,-1.9817721843719482
4988,8,-2.417450428009033
4989,14,-2.0208864212036133
4990,4,-2.6105997562408447
4991,8,-2.3846452236175537
4992,9,-2.352515459060669
4993,9,-2.3305716514587402
4994,12,-2.1802427768707275
4995,5,-2.537402391433716
4996,7,-2.4375171661376953
4997,9,-2.3335988521575928
4998,4,-2.587141990661621
4999,7,-2.4258792400360107
5000,5,-2.5258021354675293
5001,10,-2.277231454849243
5002,11,-2.220308542251587
5003,29,-0.1396639347076416
5004,6,-2.4999871253967285
5005,6,-2.516571044921875
5006,7,-2.438845157623291
5007,12,-2.1559760570526123
5008,10,-2.291973829269409
5009,6,-2.500649929046631
5010,6,-2.499030113220215
5011,7,-2.47013783454895
5012,7,-2.4484288692474365
5013,6,-2.489581346511841
5014,4,-2.6178102493286133
5015,11,-2.257708787918091
5016,5,-2.5326833724975586
5017,9,-2.320852518081665
5018,8,-2.3929479122161865
5019,6,-2.510960578918457
5020,27,-0.4826749563217163
5021,4,-2.610787868499756
5022,13,-2.09263277053833
5023,13,-2.101576566696167
5024,5,-2.563556671142578
5025,9,-2.360050678253174
5026,17,-1.8546172380447388
5027,15,-1.974564790725708
5028,2,-2.7447664737701416
5029,2,-2.760983943939209
5030,2,-2.7503321170806885
5031,11,-2.201385498046875
5032,10,-2.282954216003418
5033,10,-2.295670986175537
5034,15,-1.9373778104782104
5035,8,-2.3876163959503174
5036,9,-2.3526949882507324
5037,9,-2.3454172611236572
5038,3,-2.6748812198638916
5039,12,-2.1627535820007324
5040,13,-2.1183464527130127
5041,15,-2.0043370723724365
5042,17,-1.8168963193893433
5043,10,-2.288099765777588
5044,10,-2.298733711242676
5045,15,-1.9764819145202637
5046,5,-2.5319888591766357
5047,12,-2.1653528213500977
5048,10,-2.2667624950408936
5049,14,-2.0094058513641357
5050,4,-2.597081184387207
5051,9,-2.355478286743164
5052,10,-2.301164388656616
5053,16,-1.863567590713501
5054,2,-2.761427879333496
5055,4,-2.5900614261627197
5056,23,-1.1096447706222534
5057,12,-2.183504581451416
5058,5,-2.5362401008605957
5059,4,-2.6142051219940186
5060,6,-2.518372058868408
5061,6,-2.515070915222168
5062,10,-2.3024415969848633
5063,9,-2.347205400466919
5064,13,-2.100581645965576
5065,6,-2.4991750717163086
5066,29,-0.09423565864562988
5067,8,-2.393303871154785
5068,15,-1.9563758373260498
5069,10,-2.2940495014190674
5070,10,-2.3136327266693115
5071,9,-2.3514883518218994
5072,8,-2.392728567123413
5073,3,-2.658348560333252
5074,6,-2.492137908935547
5075,11,-2.2472939491271973
5076,7,-2.4341444969177246
5077,8,-2.380964994430542
5078,12,-2.198716640472412
5079,2,-2.759678602218628
5080,4,-2.6125710010528564
5081,8,-2.3933656215667725
5082,3,-2.643014669418335
5083,10,-2.305565595626831
5084,9,-2.3649420738220215
5085,9,-2.3568122386932373
5086,9,-2.3630025386810303
5087,19,-1.6315178871154785
5088,14,-2.0208168029785156
5089,13,-2.100212335586548
5090,2,-2.7092981338500977
5091,3,-2.6512906551361084
5092,7,-2.45145583152771
5093,8,-2.3831746578216553
5094,9,-2.3666718006134033
5095,12,-2.16194486618042
5096,13,-2.0891146659851074
5097,7,-2.455397129058838
5098,6,-2.480618715286255
5099,11,-2.2413222789764404
5100,22,-1.2420930862426758
5101,5,-2.5445876121520996
5102,7,-2.446606397628784
5103,7,-2.473766565322876
5104,8,-2.380542039871216
5105,8,-2.4101524353027344
5106,6,-2.4810941219329834
5107,5,-2.5259339809417725
5108,16,-1.8919678926467896
5109,4,-2.603475570678711
5110,25,-0.7782171964645386
5111,26,-0.5295315980911255
5112,6,-2.5175135135650635
5113,20,-1.5112136602401733
5114,16,-1.8723090887069702
5115,4,-2.588287353515625
5116,5,-2.5603928565979004
5117,14,-2.036388635635376
5118,8,-2.4001426696777344
5119,6,-2.5153870582580566
5120,4,-2.594874382019043
5121,4,-2.580766439437866
5122,10,-2.2934658527374268
5123,20,-1.5278961658477783
5124,8,-2.4143714904785156
5125,13,-2.0891544818878174
5126,9,-2.3356621265411377
5127,11,-2.2540571689605713
5128,11,-2.225878953933716
5129,4,-2.626224994659424
5130,12,-2.139470338821411
5131,17,-1.8362706899642944
5132,5,-2.5446338653564453
5133,17,-1.8520917892456055
5134,8,-2.380537986755371
5135,8,-2.3937363624572754
5136,13,-2.1204450130462646
5137,14,-2.0259127616882324
5138,9,-2.355015516281128
5139,18,-1.7126774787902832
5140,11,-2.2246692180633545
5141,18,-1.7404062747955322
5142,9,-2.3680508136749268
5143,13,-2.1363906860351562
5144,10,-2.26273775100708
5145,9,-2.366248369216919
5146,9,-2.3597748279571533
5147,8,-2.4184703826904297
5148,10,-2.2749557495117188
5149,8,-2.4138545989990234
5150,6,-2.5152907371520996
5151,1,-2.8179781436920166
5152,6,-2.5173556804656982
5153,12,-2.1734185218811035
5154,5,-2.5594215393066406
5155,28,-0.19461655616760254
5156,7,-2.4293153285980225
5157,6,-2.4801785945892334
5158,23,-1.1712825298309326
5159,19,-1.6152400970458984
5160,7,-2.425358295440674
5161,8,-2.406731128692627
5162,6,-2.4894039630889893
5163,17,-1.8472378253936768
5164,7,-2.437234401702881
5165,4,-2.6337814331054688
5166,6,-2.48420786857605
5167,3,-2.6592626571655273
5168,12,-2.1869466304779053
5169,8,-2.4072484970092773
5170,10,-2.303990602493286
5171,7,-2.422717809677124
5172,5,-2.5414319038391113
5173,5,-2.5618042945861816
5174,15,-1.9589883089065552
5175,16,-1.902214527130127
5176,6,-2.51908278465271
5177,9,-2.3403713703155518
5178,6,-2.5005717277526855
5179,5,-2.563339948654175
5180,10,-2.2770943641662598
5181,6,-2.5026254653930664
5182,22,-1.2947136163711548
5183,17,-1.8105442523956299
5184,20,-1.5071303844451904
5185,10,-2.2721080780029297
5186,16,-1.8811129331588745
5187,11,-2.204986810684204
5188,26,-0.6924152374267578
5189,14,-2.0452446937561035
5190,9,-2.3574421405792236
5191,8,-2.3801379203796387
5192,8,-2.387263536453247
5193,4,-2.584646463394165
5194,5,-2.529994487762451
5195,12,-2.166290283203125
5196,4,-2.6351253986358643
5197,13,-2.0752525329589844
5198,12,-2.1491363048553467
5199,9,-2.3329732418060303
5200,4,-2.633624792098999
5201,12,-2.192364454269409
5202,11,-2.212050437927246
5203,7,-2.4496686458587646
5204,21,-1.3944449424743652
5205,13,-2.101735830307007
5206,5,-2.569913148880005
5207,8,-2.381420612335205
5208,20,-1.5276384353637695
5209,25,-0.8160384893417358
5210,4,-2.600703001022339
5211,25,-0.7928038835525513
5212,11,-2.2391164302825928
5213,5,-2.5471837520599365
5214,19,-1.6015872955322266
5215,10,-2.2786731719970703
5216,14,-2.0522541999816895
5217,9,-2.3241727352142334
5218,8,-2.398477792739868
5219,6,-2.474379777908325
5220,18,-1.7691818475723267
5221,5,-2.576112985610962
5222,7,-2.433384656906128
5223,12,-2.1695668697357178
5224,12,-2.181972026824951
5225,17,-1.7800467014312744
5226,12,-2.166208267211914
5227,5,-2.5720791816711426
5228,4,-2.585014820098877
5229,9,-2.330012559890747
5230,13,-2.0826354026794434
5231,6,-2.5011637210845947
5232,6,-2.5076088905334473
5233,10,-2.2820560932159424
5234,4,-2.6155197620391846
5235,10,-2.283388376235962
5236,5,-2.5638370513916016
5237,8,-2.381716251373291
5238,6,-2.52048397064209
5239,9,-2.3615915775299072
5240,29,-0.15010976791381836
5241,13,-2.1310272216796875
5242,22,-1.2563496828079224
5243,3,-2.6658682823181152
5244,11,-2.256669759750366
5245,5,-2.5631589889526367
5246,28,-0.29303956031799316
5247,3,-2.666977643966675
5248,7,-2.43980073928833
5249,7,-2.4683947563171387
5250,8,-2.3833253383636475
5251,18,-1.701553463935852
5252,6,-2.486445903778076
5253,6,-2.4968526363372803
5254,7,-2.4722681045532227
5255,4,-2.6300559043884277
5256,3,-2.6502885818481445
5257,16,-1.897026538848877
5258,5,-2.5592727661132812
5259,15,-1.9891958236694336
5260,9,-2.3442494869232178
5261,11,-2.2524006366729736
5262,5,-2.524486541748047
5263,4,-2.5842745304107666
5264,8,-2.3887784481048584
5265,8,-2.4089481830596924
5266,4,-2.603147506713867
5267,14,-2.042449712753296
5268,13,-2.1147210597991943
5269,9,-2.3511605262756348
5270,21,-1.3693318367004395
5271,6,-2.4961390495300293
5272,20,-1.4945409297943115
5273,14,-2.0697267055511475
5274,8,-2.3950045108795166
5275,8,-2.4198520183563232
5276,6,-2.494675636291504
5277,10,-2.285540819168091
5278,4,-2.584674596786499
5279,6,-2.5217158794403076
5280,14,-2.055535316467285
5281,10,-2.2927708625793457
5282,11,-2.2320556640625
5283,6,-2.4765655994415283
5284,16,-1.8896199464797974
5285,11,-2.2372782230377197
5286,26,-0.580436110496521
5287,12,-2.1682026386260986
5288,20,-1.5553468465805054
5289,12,-2.142016649246216
5290,4,-2.5819642543792725
5291,7,-2.461405038833618
5292,6,-2.5151684284210205
5293,5,-2.5279428958892822
5294,8,-2.4195821285247803
5295,6,-2.513739585876465
5296,14,-2.073418378829956
5297,7,-2.464003801345825
5298,4,-2.5862438678741455
5299,18,-1.7617835998535156
5300,11,-2.259321451187134
5301,6,-2.4944472312927246
5302,5,-2.556133985519409
5303,9,-2.3275203704833984
5304,3,-2.64805006980896
5305,4,-2.5994367599487305
5306,12,-2.158895969390869
5307,8,-2.3944244384765625
5308,4,-2.5964555740356445
5309,5,-2.5618488788604736
5310,8,-2.3705544471740723
5311,9,-2.3211514949798584
5312,28,-0.1725327968597412
5313,10,-2.293639898300171
5314,11,-2.2040202617645264
5315,12,-2.1787822246551514
5316,17,-1.82430899143219
5317,12,-2.175602674484253
5318,6,-2.5119595527648926
5319,9,-2.3273115158081055
5320,6,-2.4830358028411865
5321,5,-2.527761220932007
5322,2,-2.767871618270874
5323,13,-2.0897367000579834
5324,7,-2.4670586585998535
5325,7,-2.441254138946533
5326,7,-2.4549574851989746
5327,12,-2.1984338760375977
5328,15,-1.938954472541809
5329,12,-2.165031671524048
5330,12,-2.1866912841796875
5331,13,-2.0792787075042725
5332,5,-2.5613210201263428
5333,9,-2.335829257965088
5334,4,-2.6146388053894043
5335,4,-2.5780673027038574
5336,12,-2.1497156620025635
5337,14,-2.042924165725708
5338,8,-2.384155035018921
5339,9,-2.3193328380584717
5340,7,-2.456118106842041
5341,1,-2.7952144145965576
5342,21,-1.3545558452606201
5343,13,-2.131049871444702
5344,7,-2.43034029006958
5345,11,-2.199648380279541
5346,8,-2.388078212738037
5347,5,-2.5398991107940674
5348,9,-2.3502159118652344
5349,8,-2.411407947540283
5350,4,-2.595262289047241
5351,30,0.06265711784362793
5352,28,-0.16724109649658203
5353,17,-1.8452156782150269
5354,14,-2.0523293018341064
5355,11,-2.23210072517395
5356,12,-2.1953070163726807
5357,8,-2.413083791732788
5358,18,-1.7413235902786255
5359,7,-2.466843366622925
5360,14,-2.048436403274536
5361,7,-2.4276480674743652
5362,12,-2.196532726287842
5363,14,-2.0189208984375
5364,6,-2.5025978088378906
5365,4,-2.5916895866394043
5366,13,-2.09141206741333
5367,19,-1.670649766921997
5368,13,-2.0755577087402344
5369,12,-2.1990573406219482
5370,11,-2.218381404876709
5371,3,-2.691596269607544
5372,13,-2.111680507659912
5373,13,-2.077317714691162
5374,13,-2.1379294395446777
5375,9,-2.318898916244507
5376,11,-2.2269227504730225
5377,27,-0.352397084236145
5378,5,-2.5365514755249023
5379,5,-2.5588290691375732
5380,20,-1.5351868867874146
5381,18,-1.76338529586792
5382,30,-0.004210472106933594
5383,14,-2.0653903484344482
5384,10,-2.3143255710601807
5385,7,-2.431891441345215
5386,7,-2.441499948501587
5387,13,-2.1356942653656006
5388,9,-2.3199572563171387
5389,10,-2.2993361949920654
5390,8,-2.370913028717041
5391,16,-1.8702399730682373
5392,6,-2.4770455360412598
5393,11,-2.255671262741089
5394,1,-2.793933868408203
5395,6,-2.4865546226501465
5396,16,-1.8939974308013916
5397,10,-2.2865962982177734
5398,10,-2.3130712509155273
5399,11,-2.2174909114837646
5400,11,-2.2149362564086914
5401,11,-2.230398178100586
5402,10,-2.266526460647583
5403,17,-1.7894207239151
5404,8,-2.4068288803100586
5405,7,-2.4669060707092285
5406,7,-2.4549710750579834
5407,4,-2.613673448562622
5408,6,-2.5221712589263916
5409,9,-2.3503189086914062
5410,25,-0.7443279027938843
5411,10,-2.3018250465393066
5412,13,-2.138096570968628
5413,5,-2.5252139568328857
5414,5,-2.5574886798858643
5415,6,-2.486449956893921
5416,25,-0.7671207189559937
5417,4,-2.5957753658294678
5418,13,-2.1282546520233154
5419,5,-2.5599474906921387
5420,6,-2.5120902061462402
5421,10,-2.2705767154693604
5422,7,-2.4728782176971436
5423,13,-2.1321163177490234
5424,15,-2.005673885345459
5425,7,-2.447530746459961
5426,11,-2.209012746810913
5427,6,-2.487969160079956
5428,6,-2.502809524536133
5429,8,-2.4137916564941406
5430,11,-2.225959062576294
5431,16,-1.8616355657577515
5432,19,-1.6487317085266113
5433,19,-1.6423449516296387
5434,5,-2.5548267364501953
5435,14,-2.0179176330566406
5436,8,-2.3902533054351807
5437,18,-1.734647512435913
5438,21,-1.392544150352478
5439,24,-0.9668816328048706
5440,10,-2.2859318256378174
5441,5,-2.540299654006958
5442,11,-2.222743034362793
5443,12,-2.1503524780273438
5444,10,-2.260747194290161
5445,9,-2.316941976547241
5446,10,-2.311751127243042
5447,4,-2.6013872623443604
5448,10,-2.2688446044921875
5449,5,-2.5345683097839355
5450,6,-2.4969725608825684
5451,17,-1.8032903671264648
5452,10,-2.3015785217285156
5453,18,-1.720921516418457
5454,11,-2.23187518119812
5455,9,-2.327238082885742
5456,11,-2.207690715789795
5457,5,-2.5644688606262207
5458,9,-2.3556480407714844
5459,4,-2.5917906761169434
5460,13,-2.107332706451416
5461,13,-2.1215250492095947
5462,6,-2.4803645610809326
5463,9,-2.3512396812438965
5464,7,-2.47001576423645
5465,7,-2.4636037349700928
5466,5,-2.5748543739318848
5467,16,-1.861421823501587
5468,15,-1.9566854238510132
5469,15,-1.9366167783737183
5470,5,-2.568748950958252
5471,23,-1.0523086786270142
5472,18,-1.680098533630371
5473,9,-2.3236212730407715
5474,19,-1.5942182540893555
5475,10,-2.3151564598083496
5476,3,-2.675124168395996
5477,9,-2.3332149982452393
5478,5,-2.574951171875
5479,4,-2.5943758487701416
5480,10,-2.274686098098755
5481,12,-2.1832823753356934
5482,18,-1.6912593841552734
5483,4,-2.5826518535614014
5484,8,-2.382885217666626
5485,10,-2.314063310623169
5486,7,-2.4435744285583496
5487,11,-2.221609592437744
5488,7,-2.466273069381714
5489,18,-1.6967519521713257
5490,7,-2.421118974685669
5491,8,-2.3712425231933594
5492,4,-2.5854904651641846
5493,6,-2.5181427001953125
5494,5,-2.5667507648468018
5495,15,-1.9375935792922974
5496,7,-2.422138214111328
5497,9,-2.316472053527832
5498,11,-2.218270778656006
5499,10,-2.301321506500244
5500,28,-0.24331879615783691
5501,29,-0.1450035572052002
5502,9,-2.3285627365112305
5503,7,-2.4570252895355225
5504,10,-2.2734572887420654
5505,11,-2.2499871253967285
5506,22,-1.3116118907928467
5507,10,-2.2638211250305176
5508,10,-2.291560411453247
5509,8,-2.3815269470214844
5510,15,-1.979206919670105
5511,10,-2.289405107498169
5512,15,-1.9991967678070068
5513,14,-2.016951322555542
5514,26,-0.5602885484695435
5515,21,-1.40437912940979
5516,7,-2.4364631175994873
5517,6,-2.4941861629486084
5518,10,-2.3037307262420654
5519,12,-2.1855580806732178
5520,21,-1.3682465553283691
5521,26,-0.5591254234313965
5522,10,-2.2668333053588867
5523,14,-2.0559284687042236
5524,5,-2.5663328170776367
5525,7,-2.4280452728271484
5526,12,-2.174982786178589
5527,17,-1.8193844556808472
5528,7,-2.459425449371338
5529,7,-2.4631307125091553
5530,9,-2.352705955505371
5531,7,-2.453965663909912
5532,17,-1.851822853088379
5533,6,-2.5223233699798584
5534,3,-2.6871531009674072
5535,10,-2.267214059829712
5536,14,-2.022952079772949
5537,15,-2.000166177749634
5538,6,-2.5018160343170166
5539,3,-2.66642689704895
5540,10,-2.3047051429748535
5541,22,-1.294014811515808
5542,17,-1.8195792436599731
5543,5,-2.5396549701690674
5544,4,-2.635134220123291
5545,12,-2.1912765502929688
5546,7,-2.432800054550171
5547,11,-2.212737560272217
5548,9,-2.343893527984619
5549,9,-2.3684017658233643
5550,12,-2.152945041656494
5551,14,-2.07375168800354
5552,19,-1.5922307968139648
5553,11,-2.2350552082061768
5554,18,-1.7554965019226074
5555,7,-2.4325780868530273
5556,12,-2.1682822704315186
5557,5,-2.527723789215088
5558,25,-0.7963219881057739
5559,6,-2.5070199966430664
5560,5,-2.5631439685821533
5561,19,-1.6209779977798462
5562,5,-2.571897029876709
5563,6,-2.483733892440796
5564,7,-2.4654812812805176
5565,10,-2.3006184101104736
5566,2,-2.733438491821289
5567,5,-2.5507140159606934
5568,6,-2.491224765777588
5569,10,-2.2956817150115967
5570,7,-2.4504411220550537
5571,10,-2.3141112327575684
5572,5,-2.5433030128479004
5573,8,-2.3802523612976074
5574,4,-2.618642807006836
5575,7,-2.4252071380615234
5576,7,-2.4284074306488037
5577,12,-2.1755616664886475
5578,11,-2.214102029800415
5579,8,-2.395097494125366
5580,20,-1.5399688482284546
5581,6,-2.498676300048828
5582,29,-0.1044929027557373
5583,12,-2.1902854442596436
5584,4,-2.5861587524414062
5585,10,-2.2644708156585693
5586,12,-2.18927264213562
5587,6,-2.5233333110809326
5588,13,-2.0826332569122314
5589,7,-2.444558620452881
5590,13,-2.1374094486236572
5591,15,-1.9574193954467773
5592,10,-2.30023193359375
5593,7,-2.422995090484619
5594,11,-2.210195779800415
5595,20,-1.5495991706848145
5596,5,-2.5591108798980713
5597,13,-2.0835695266723633
5598,19,-1.6289228200912476
5599,17,-1.8384311199188232
5600,5,-2.5651144981384277
5601,4,-2.5966453552246094
5602,7,-2.441852569580078
5603,9,-2.3216135501861572
5604,19,-1.6623719930648804
5605,13,-2.1209325790405273
5606,13,-2.111863136291504
5607,7,-2.454979419708252
5608,6,-2.502490758895874
5609,5,-2.5741031169891357
5610,7,-2.450575113296509
5611,16,-1.8746901750564575
5612,17,-1.7764239311218262
5613,27,-0.45740175247192383
5614,23,-1.2013487815856934
5615,23,-1.1257705688476562
5616,17,-1.8264304399490356
5617,7,-2.4516186714172363
5618,13,-2.094191074371338
5619,16,-1.9177569150924683
5620,17,-1.844825267791748
5621,20,-1.4698222875595093
5622,19,-1.6548856496810913
5623,11,-2.25350284576416
5624,14,-2.046884298324585
5625,26,-0.6476312875747681
5626,14,-2.0440547466278076
5627,9,-2.326035976409912
5628,16,-1.9048599004745483
5629,5,-2.5642387866973877
5630,9,-2.336775541305542
5631,11,-2.242133617401123
5632,10,-2.3130269050598145
5633,27,-0.3752284049987793
5634,13,-2.0841939449310303
5635,8,-2.3758788108825684
5636,15,-1.953782558441162
5637,14,-2.0564277172088623
5638,6,-2.4959516525268555
5639,7,-2.4219040870666504
5640,2,-2.7822420597076416
5641,7,-2.4552931785583496
5642,6,-2.515058994293213
5643,16,-1.8947186470031738
5644,13,-2.1298108100891113
5645,12,-2.193498373031616
5646,17,-1.8095240592956543
5647,6,-2.5103962421417236
5648,5,-2.571479320526123
5649,5,-2.569827079772949
5650,5,-2.547630548477173
5651,23,-1.1888525485992432
5652,7,-2.4479339122772217
5653,12,-2.1710357666015625
5654,9,-2.319504737854004
5655,8,-2.4098005294799805
5656,12,-2.199350357055664
5657,9,-2.3436813354492188
5658,6,-2.511164426803589
5659,9,-2.359917640686035
5660,6,-2.487546443939209
5661,13,-2.08695650100708
5662,25,-0.7594196796417236
5663,12,-2.1439554691314697
5664,8,-2.3894143104553223
5665,9,-2.36037278175354
5666,8,-2.415287494659424
5667,8,-2.3931174278259277
5668,10,-2.2632951736450195
5669,19,-1.6038399934768677
5670,10,-2.2782769203186035
5671,11,-2.2375853061676025
5672,8,-2.3729896545410156
5673,6,-2.486220121383667
5674,5,-2.5478508472442627
5675,1,-2.810091495513916
5676,8,-2.3822498321533203
5677,7,-2.4457476139068604
5678,10,-2.3157877922058105
5679,14,-2.0700929164886475
5680,10,-2.315887212753296
5681,14,-2.0680978298187256
5682,1,-2.8155951499938965
5683,5,-2.526737928390503
5684,5,-2.5325186252593994
5685,18,-1.749610185623169
5686,19,-1.654057264328003
5687,15,-1.9508975744247437
5688,10,-2.273298501968384
5689,12,-2.19064998626709
5690,12,-2.15264892578125
5691,11,-2.212667942047119
5692,13,-2.1234402656555176
5693,17,-1.7814801931381226
5694,6,-2.4934308528900146
5695,11,-2.250750780105591
5696,4,-2.6256721019744873
5697,5,-2.568876028060913
5698,8,-2.390874147415161
5699,11,-2.2399027347564697
5700,25,-0.7899476289749146
5701,4,-2.5849318504333496
5702,24,-0.9061561822891235
5703,10,-2.2740867137908936
5704,7,-2.467092752456665
5705,8,-2.3730318546295166
5706,6,-2.5208091735839844
5707,8,-2.4168171882629395
5708,25,-0.7658683061599731
5709,16,-1.8672537803649902
5710,26,-0.6221891641616821
5711,4,-2.5892996788024902
5712,2,-2.78446102142334
5713,5,-2.5251879692077637
5714,12,-2.165299892425537
5715,22,-1.3134281635284424
5716,5,-2.546251058578491
5717,4,-2.635342597961426
5718,9,-2.34468150138855
5719,13,-2.1173527240753174
5720,13,-2.074902296066284
5721,5,-2.549039125442505
5722,5,-2.5401947498321533
5723,17,-1.789292573928833
5724,10,-2.2991080284118652
5725,13,-2.1098594665527344
5726,9,-2.3389577865600586
5727,3,-2.645904541015625
5728,13,-2.1197948455810547
5729,7,-2.441256046295166
5730,17,-1.8043886423110962
5731,23,-1.1583809852600098
5732,6,-2.506662130355835
5733,14,-2.0373024940490723
5734,12,-2.1592764854431152
5735,12,-2.143916606903076
5736,12,-2.1643760204315186
5737,24,-1.0181854963302612
5738,25,-0.7416231632232666
5739,11,-2.228949785232544
5740,7,-2.4522604942321777
5741,16,-1.9100524187088013
5742,8,-2.403099298477173
5743,9,-2.3607559204101562
5744,17,-1.8389407396316528
5745,12,-2.146394968032837
5746,11,-2.235276222229004
5747,12,-2.1992626190185547
5748,9,-2.333949565887451
5749,12,-2.187608480453491
5750,12,-2.1977670192718506
5751,7,-2.4416937828063965
5752,13,-2.0956013202667236
5753,10,-2.2956454753875732
5754,8,-2.3885560035705566
5755,6,-2.5051302909851074
5756,18,-1.7230794429779053
5757,8,-2.393385171890259
5758,5,-2.55218505859375
5759,11,-2.2005341053009033
5760,6,-2.5155718326568604
5761,21,-1.3472638130187988
5762,26,-0.5629491806030273
5763,16,-1.9320048093795776
5764,4,-2.6114351749420166
5765,11,-2.2498950958251953
5766,10,-2.280013084411621
5767,9,-2.323984146118164
5768,12,-2.1820437908172607
5769,7,-2.4673266410827637
5770,6,-2.522012233734131
5771,10,-2.2938127517700195
5772,8,-2.3826868534088135
5773,5,-2.5598227977752686
5774,7,-2.4351654052734375
5775,15,-1.943014144897461
5776,9,-2.361687421798706
5777,5,-2.5432019233703613
5778,16,-1.881101369857788
5779,12,-2.161381959915161
5780,10,-2.3107128143310547
5781,9,-2.3360443115234375
5782,30,0.04333806037902832
5783,12,-2.1598305702209473
5784,6,-2.497145175933838
5785,7,-2.451720952987671
5786,11,-2.2289395332336426
5787,7,-2.435544967651367
5788,8,-2.378051280975342
5789,15,-1.9805124998092651
5790,11,-2.2039551734924316
5791,13,-2.1318230628967285
5792,5,-2.534990072250366
5793,11,-2.2491848468780518
5794,6,-2.4896671772003174
5795,26,-0.5229878425598145
5796,18,-1.7453689575195312
5797,15,-1.97905695438385
5798,6,-2.488279104232788
5799,11,-2.2220215797424316
5800,14,-2.0633227825164795
5801,7,-2.4436569213867188
5802,15,-2.003532886505127
5803,8,-2.3804304599761963
5804,14,-2.055873394012451
5805,7,-2.436854839324951
5806,8,-2.419658660888672
5807,11,-2.2132837772369385
5808,10,-2.293125867843628
5809,5,-2.5595693588256836
5810,13,-2.110351324081421
5811,14,-2.060314655303955
5812,23,-1.0480496883392334
5813,12,-2.1540722846984863
5814,13,-2.0969908237457275
5815,9,-2.3599956035614014
5816,19,-1.5957629680633545
5817,13,-2.0922250747680664
5818,2,-2.7579798698425293
5819,7,-2.4379630088806152
5820,4,-2.6038098335266113
5821,9,-2.318828582763672
5822,14,-2.070741891860962
5823,10,-2.261014223098755
5824,12,-2.1836793422698975
5825,3,-2.685612201690674
5826,16,-1.8958861827850342
5827,8,-2.396944522857666
5828,14,-2.0386195182800293
5829,12,-2.167356491088867
5830,10,-2.265514612197876
5831,11,-2.247073173522949
5832,4,-2.581692695617676
5833,8,-2.4128525257110596
5834,9,-2.35455060005188
5835,25,-0.7843278646469116
5836,7,-2.455949544906616
5837,13,-2.08799409866333
5838,12,-2.174668788909912
5839,22,-1.2720472812652588
5840,4,-2.5963597297668457
5841,27,-0.45177161693573
5842,9,-2.361767530441284
5843,11,-2.232806921005249
5844,18,-1.7681783437728882
5845,13,-2.122199058532715
5846,22,-1.3076767921447754
5847,19,-1.576415777206421
5848,7,-2.4464528560638428
5849,22,-1.204052209854126
5850,6,-2.521695137023926
5851,6,-2.4808101654052734
5852,9,-2.3233771324157715
5853,7,-2.4430689811706543
5854,10,-2.3048200607299805
5855,11,-2.2379071712493896
5856,10,-2.2888007164001465
5857,12,-2.188631057739258
5858,13,-2.0860166549682617
5859,5,-2.5535995960235596
5860,4,-2.6261754035949707
5861,11,-2.1999876499176025
5862,3,-2.6710755825042725
5863,10,-2.2753145694732666
5864,4,-2.616319179534912
5865,21,-1.3847765922546387
5866,11,-2.2120206356048584
5867,14,-2.0468997955322266
5868,16,-1.93411123752594
5869,14,-2.059595823287964
5870,2,-2.7877683639526367
5871,8,-2.378749132156372
5872,12,-2.199427604675293
5873,7,-2.4449193477630615
5874,7,-2.459596633911133
5875,12,-2.148731231689453
5876,6,-2.4967567920684814
5877,11,-2.2153143882751465
5878,11,-2.2065374851226807
5879,29,-0.06408405303955078
5880,9,-2.3359580039978027
5881,14,-2.062030792236328
5882,9,-2.3199069499969482
5883,9,-2.363840103149414
5884,12,-2.168339967727661
5885,15,-1.958902359008789
5886,8,-2.3767857551574707
5887,10,-2.2716541290283203
5888,14,-2.0170891284942627
5889,8,-2.3697409629821777
5890,17,-1.7956721782684326
5891,5,-2.53885817527771
5892,11,-2.2489116191864014
5893,9,-2.3343541622161865
5894,7,-2.435525417327881
5895,18,-1.7347596883773804
5896,7,-2.4682726860046387
5897,14,-2.0681886672973633
5898,13,-2.0755796432495117
5899,13,-2.1019980907440186
5900,8,-2.4028480052948
5901,9,-2.350533962249756
5902,4,-2.587028980255127
5903,13,-2.1137890815734863
5904,23,-1.1897532939910889
5905,24,-1.000380039215088
5906,13,-2.1355109214782715
5907,7,-2.4350781440734863
5908,4,-2.6326780319213867
5909,8,-2.418818473815918
5910,9,-2.31880521774292
5911,10,-2.315042495727539
5912,8,-2.4156334400177
5913,9,-2.316697835922241
5914,5,-2.5698981285095215
5915,1,-2.7942769527435303
5916,9,-2.3278276920318604
5917,19,-1.648110032081604
5918,12,-2.198115587234497
5919,9,-2.3388683795928955
5920,14,-2.0687429904937744
5921,19,-1.5768649578094482
5922,15,-2.002105474472046
5923,14,-2.044767379760742
5924,8,-2.41729474067688
5925,14,-2.055206775665283
5926,13,-2.117105722427368
5927,4,-2.5891060829162598
5928,8,-2.392862558364868
5929,11,-2.2273035049438477
5930,5,-2.557917833328247
5931,28,-0.3030085563659668
5932,10,-2.289987325668335
5933,14,-2.0281856060028076
5934,10,-2.316275119781494
5935,7,-2.468048095703125
5936,3,-2.6604273319244385
5937,6,-2.493694305419922
5938,5,-2.572787284851074
5939,4,-2.6097898483276367
5940,5,-2.5535683631896973
5941,11,-2.258423089981079
5942,10,-2.265519142150879
5943,18,-1.7036681175231934
5944,8,-2.3985116481781006
5945,4,-2.6333799362182617
5946,15,-2.004411458969116
5947,4,-2.601325511932373
5948,11,-2.2572946548461914
5949,7,-2.4263157844543457
5950,17,-1.8426809310913086
5951,5,-2.5492806434631348
5952,14,-2.0461292266845703
5953,6,-2.5133888721466064
5954,11,-2.20662260055542
5955,6,-2.4795265197753906
5956,8,-2.3950579166412354
5957,17,-1.8209537267684937
5958,9,-2.3610377311706543
5959,10,-2.2652151584625244
5960,5,-2.5698084831237793
5961,4,-2.5911099910736084
5962,5,-2.5323939323425293
5963,7,-2.429685354232788
5964,6,-2.5132575035095215
5965,11,-2.216902017593384
5966,10,-2.3110601902008057
5967,19,-1.6116411685943604
5968,5,-2.5749661922454834
5969,16,-1.9163548946380615
5970,17,-1.849635362625122
5971,5,-2.535851240158081
5972,4,-2.632563352584839
5973,8,-2.3784806728363037
5974,10,-2.3130860328674316
5975,11,-2.2449049949645996
5976,11,-2.203784465789795
5977,15,-1.9457218647003174
5978,18,-1.7573814392089844
5979,16,-1.9297508001327515
5980,7,-2.455808162689209
5981,7,-2.4709980487823486
5982,11,-2.2570319175720215
5983,15,-1.9897831678390503
5984,20,-1.4849053621292114
5985,23,-1.154411792755127
5986,8,-2.395948886871338
5987,3,-2.6500749588012695
5988,3,-2.681713104248047
5989,17,-1.859513521194458
5990,11,-2.258082866668701
5991,19,-1.6475064754486084
5992,11,-2.200437545776367
5993,21,-1.3504650592803955
5994,8,-2.3937957286834717
5995,11,-2.251523733139038
5996,27,-0.4116572141647339
5997,13,-2.1345105171203613
5998,17,-1.8516849279403687
5999,14,-2.033419132232666
6000,7,-2.4220666885375977
6001,23,-1.1074182987213135
6002,16,-1.8884594440460205
6003,6,-2.5128536224365234
6004,9,-2.357438087463379
6005,9,-2.3239903450012207
6006,3,-2.6814560890197754
6007,4,-2.6139578819274902
6008,15,-1.9712148904800415
6009,6,-2.5087478160858154
6010,23,-1.1555895805358887
6011,20,-1.5258805751800537
6012,18,-1.693890929222107
6013,10,-2.2673330307006836
6014,7,-2.429727792739868
6015,9,-2.3215320110321045
6016,11,-2.213258981704712
6017,11,-2.2460551261901855
6018,15,-2.0002105236053467
6019,13,-2.091479539871216
6020,6,-2.5030529499053955
6021,7,-2.4326138496398926
6022,24,-1.0084348917007446
6023,13,-2.1128830909729004
6024,6,-2.4899203777313232
6025,7,-2.4445552825927734
6026,13,-2.1255862712860107
6027,8,-2.398545980453491
6028,5,-2.5384395122528076
6029,2,-2.7766482830047607
6030,11,-2.2161147594451904
6031,7,-2.4655632972717285
6032,6,-2.5092883110046387
6033,6,-2.5059118270874023
6034,12,-2.1591227054595947
6035,16,-1.9333616495132446
6036,10,-2.307396173477173
6037,9,-2.3204379081726074
6038,6,-2.5220134258270264
6039,4,-2.6181983947753906
6040,3,-2.649996519088745
6041,5,-2.5456554889678955
6042,6,-2.4933128356933594
6043,5,-2.57271146774292
6044,13,-2.0863122940063477
6045,9,-2.36735463142395
6046,5,-2.561343193054199
6047,4,-2.6331305503845215
6048,8,-2.4170114994049072
6049,4,-2.586520195007324
6050,6,-2.493685245513916
6051,14,-2.018066644668579
6052,5,-2.57670259475708
6053,10,-2.3009305000305176
6054,17,-1.8015313148498535
6055,8,-2.4047915935516357
6056,9,-2.3653995990753174
6057,9,-2.357435941696167
6058,14,-2.0160131454467773
6059,8,-2.380941390991211
6060,17,-1.8370187282562256
6061,7,-2.461076498031616
6062,7,-2.4468448162078857
6063,13,-2.1130568981170654
6064,4,-2.633758306503296
6065,9,-2.318387031555176
6066,15,-1.9914441108703613
6067,12,-2.1709065437316895
6068,7,-2.443988084793091
6069,14,-2.0630266666412354
6070,6,-2.478433609008789
6071,10,-2.279710292816162
6072,7,-2.449575185775757
6073,15,-1.9753919839859009
6074,19,-1.6712568998336792
6075,6,-2.507788896560669
6076,13,-2.0986762046813965
6077,5,-2.5472657680511475
6078,14,-2.0277018547058105
6079,30,0.0039179325103759766
6080,28,-0.1793506145477295
6081,11,-2.225041151046753
6082,13,-2.089963436126709
6083,12,-2.1641790866851807
6084,20,-1.4814919233322144
6085,12,-2.1541154384613037
6086,13,-2.0887808799743652
6087,13,-2.1047167778015137
6088,11,-2.2365946769714355
6089,18,-1.6771490573883057
6090,26,-0.5448987483978271
6091,2,-2.7567660808563232
6092,11,-2.206780195236206
6093,6,-2.5111777782440186
6094,6,-2.4837851524353027
6095,18,-1.770277976989746
6096,9,-2.324028253555298
6097,9,-2.364203929901123
6098,6,-2.4946529865264893
6099,7,-2.4215211868286133
6100,22,-1.2935408353805542
6101,7,-2.4387857913970947
6102,12,-2.144224166870117
6103,16,-1.9017753601074219
6104,14,-2.0702030658721924
6105,6,-2.5011212825775146
6106,13,-2.1060080528259277
6107,21,-1.4244149923324585
6108,19,-1.6203110218048096
6109,7,-2.4465296268463135
6110,6,-2.4850621223449707
6111,5,-2.553697109222412
6112,8,-2.3943042755126953
6113,8,-2.399745464324951
6114,17,-1.8376775979995728
6115,17,-1.837233066558838
6116,13,-2.131169319152832
6117,6,-2.5052993297576904
6118,9,-2.357842206954956
6119,7,-2.4214682579040527
6120,20,-1.5589252710342407
6121,12,-2.149909496307373
6122,12,-2.173048973083496
6123,19,-1.5966609716415405
6124,27,-0.35270869731903076
6125,7,-2.4732704162597656
6126,6,-2.485788583755493
6127,10,-2.2642245292663574
6128,11,-2.2438480854034424
6129,9,-2.3536336421966553
6130,15,-1.9797675609588623
6131,1,-2.795166492462158
6132,7,-2.4418020248413086
6133,14,-2.0552241802215576
6134,14,-2.015995502471924
6135,21,-1.3943705558776855
6136,11,-2.2088205814361572
6137,8,-2.391111373901367
6138,16,-1.8888745307922363
6139,10,-2.283968448638916
6140,14,-2.057924747467041
6141,7,-2.4477756023406982
6142,13,-2.105194091796875
6143,9,-2.3604962825775146
6144,5,-2.5339105129241943
6145,28,-0.2606046199798584
6146,10,-2.292236804962158
6147,4,-2.610659599304199
6148,6,-2.507774591445923
6149,8,-2.41913104057312
6150,10,-2.2717182636260986
6151,8,-2.410982608795166
6152,12,-2.170253038406372
6153,7,-2.44468355178833
6154,15,-1.9609558582305908
6155,5,-2.558943271636963
6156,10,-2.3052501678466797
6157,5,-2.555551528930664
6158,10,-2.2987334728240967
6159,12,-2.159801483154297
6160,23,-1.1663938760757446
6161,10,-2.2607362270355225
6162,9,-2.3591670989990234
6163,7,-2.4659411907196045
6164,16,-1.8774523735046387
6165,14,-2.010596513748169
6166,11,-2.2511134147644043
6167,9,-2.3284740447998047
6168,14,-2.0633203983306885
6169,15,-1.9836351871490479
6170,7,-2.425729274749756
6171,26,-0.5022294521331787
6172,7,-2.4555656909942627
6173,5,-2.5261216163635254
6174,21,-1.4291677474975586
6175,6,-2.495546579360962
6176,5,-2.531804323196411
6177,11,-2.2179672718048096
6178,13,-2.1016898155212402
6179,9,-2.3212924003601074
6180,10,-2.25998592376709
6181,13,-2.094106435775757
6182,4,-2.6205153465270996
6183,2,-2.729280948638916
6184,13,-2.0833334922790527
6185,4,-2.628051280975342
6186,6,-2.4813132286071777
6187,14,-2.0454299449920654
6188,10,-2.260131597518921
6189,19,-1.649822473526001
6190,7,-2.4517533779144287
6191,10,-2.2875592708587646
6192,9,-2.3169190883636475
6193,9,-2.320486545562744
6194,13,-2.0823042392730713
6195,7,-2.457165002822876
6196,3,-2.6455130577087402
6197,12,-2.1421165466308594
6198,12,-2.183628559112549
6199,8,-2.381499767303467
6200,10,-2.2607200145721436
6201,15,-1.9380512237548828
6202,8,-2.4082224369049072
6203,14,-2.0152552127838135
6204,15,-1.9729465246200562
6205,6,-2.4788308143615723
6206,8,-2.4058837890625
6207,9,-2.3292431831359863
6208,9,-2.3603360652923584
6209,14,-2.049994945526123
6210,10,-2.290888547897339
6211,10,-2.3072726726531982
6212,8,-2.4137425422668457
6213,10,-2.3073318004608154
6214,11,-2.2256171703338623
6215,6,-2.4759507179260254
6216,21,-1.4081165790557861
6217,10,-2.312661647796631
6218,4,-2.5875496864318848
6219,5,-2.570977210998535
6220,6,-2.5151758193969727
6221,6,-2.5142767429351807
6222,9,-2.3612194061279297
6223,6,-2.490816116333008
6224,24,-0.9109011888504028
6225,10,-2.2856404781341553
6226,11,-2.208833932876587
6227,10,-2.285571575164795
6228,10,-2.2630116939544678
6229,10,-2.288977861404419
6230,13,-2.092214345932007
6231,8,-2.3750972747802734
6232,11,-2.209594488143921
6233,6,-2.4995734691619873
6234,14,-2.0613625049591064
6235,16,-1.9131876230239868
6236,5,-2.559037685394287
6237,14,-2.0482752323150635
6238,9,-2.3207342624664307
6239,6,-2.5049352645874023
6240,5,-2.529966354370117
6241,15,-1.952382206916809
6242,13,-2.1259450912475586
6243,6,-2.4892172813415527
6244,7,-2.4628686904907227
6245,5,-2.5487356185913086
6246,7,-2.4697437286376953
6247,5,-2.5586962699890137
6248,17,-1.7883819341659546
6249,18,-1.702041506767273
6250,18,-1.7036311626434326
6251,5,-2.5457401275634766
6252,16,-1.9172606468200684
6253,5,-2.5528571605682373
6254,15,-1.979982852935791
6255,16,-1.8618476390838623
6256,7,-2.462836503982544
6257,12,-2.177821159362793
6258,7,-2.430880069732666
6259,16,-1.9069418907165527
6260,14,-2.023329019546509
6261,6,-2.4909744262695312
6262,17,-1.8523364067077637
6263,11,-2.2327890396118164
6264,10,-2.2681193351745605
6265,17,-1.8362481594085693
6266,8,-2.404728889465332
6267,7,-2.4616425037384033
6268,8,-2.4000394344329834
6269,14,-2.0107815265655518
6270,8,-2.3872880935668945
6271,4,-2.5982327461242676
6272,8,-2.3959970474243164
6273,10,-2.3106420040130615
6274,16,-1.9278008937835693
6275,13,-2.127556085586548
6276,8,-2.4063217639923096
6277,19,-1.613066554069519
6278,8,-2.417496919631958
6279,1,-2.799589157104492
6280,9,-2.329780101776123
6281,11,-2.245542287826538
6282,10,-2.2913217544555664
6283,5,-2.539581537246704
6284,12,-2.186210870742798
6285,21,-1.3908026218414307
6286,13,-2.0921056270599365
6287,6,-2.5209693908691406
6288,13,-2.0966720581054688
6289,10,-2.2908565998077393
6290,28,-0.31391334533691406
6291,11,-2.2155020236968994
6292,8,-2.419341802597046
6293,16,-1.9089810848236084
6294,11,-2.2557480335235596
6295,8,-2.419172763824463
6296,19,-1.581472635269165
6297,8,-2.372084140777588
6298,22,-1.3067872524261475
6299,28,-0.21611642837524414
6300,5,-2.5591907501220703
6301,12,-2.1587369441986084
6302,6,-2.5189003944396973
6303,5,-2.5447967052459717
6304,10,-2.3031938076019287
6305,7,-2.4519286155700684
6306,4,-2.631894588470459
6307,2,-2.7188217639923096
6308,8,-2.3805065155029297
6309,24,-0.914159893989563
6310,8,-2.380582809448242
6311,9,-2.3571901321411133
6312,11,-2.2246174812316895
6313,9,-2.3264036178588867
6314,11,-2.2448809146881104
6315,7,-2.4560017585754395
6316,11,-2.2346386909484863
6317,6,-2.4978368282318115
6318,9,-2.3414125442504883
6319,8,-2.4136898517608643
6320,11,-2.222693920135498
6321,7,-2.467142105102539
6322,8,-2.3983335494995117
6323,9,-2.3388404846191406
6324,6,-2.4755289554595947
6325,12,-2.1464664936065674
6326,15,-1.9791994094848633
6327,5,-2.5320332050323486
6328,13,-2.1185824871063232
6329,7,-2.46860671043396
6330,12,-2.1880226135253906
6331,12,-2.139741897583008
6332,10,-2.2723798751831055
6333,13,-2.0894675254821777
6334,3,-2.668809652328491
6335,20,-1.5398461818695068
6336,6,-2.4772658348083496
6337,13,-2.1368777751922607
6338,9,-2.3646249771118164
6339,8,-2.4164018630981445
6340,16,-1.9153887033462524
6341,11,-2.24984073638916
6342,11,-2.2284207344055176
6343,9,-2.3506336212158203
6344,16,-1.926018238067627
6345,5,-2.5314791202545166
6346,10,-2.2876033782958984
6347,12,-2.1403920650482178
6348,5,-2.5762057304382324
6349,7,-2.4640660285949707
6350,14,-2.066512107849121
6351,23,-1.1567435264587402
6352,15,-1.9549815654754639
6353,19,-1.6718515157699585
6354,9,-2.3204870223999023
6355,7,-2.4324498176574707
6356,7,-2.430778980255127
6357,28,-0.2782120704650879
6358,8,-2.3968405723571777
6359,5,-2.5422468185424805
6360,16,-1.9263869524002075
6361,5,-2.5241739749908447
6362,9,-2.3600363731384277
6363,7,-2.462559938430786
6364,12,-2.1701722145080566
6365,17,-1.823798418045044
6366,14,-2.065905809402466
6367,9,-2.3200089931488037
6368,30,0.06315064430236816
6369,13,-2.1175906658172607
6370,9,-2.3406074047088623
6371,17,-1.7761247158050537
6372,7,-2.4390616416931152
6373,14,-2.0392634868621826
6374,5,-2.571162462234497
6375,16,-1.9115766286849976
6376,17,-1.857642650604248
6377,18,-1.7166277170181274
6378,3,-2.683414936065674
6379,26,-0.5852887630462646
6380,4,-2.6006405353546143
6381,14,-2.044752359390259
6382,23,-1.1267237663269043
6383,8,-2.3791723251342773
6384,29,-0.055139780044555664
6385,7,-2.4497196674346924
6386,11,-2.2414703369140625
6387,15,-2.0065841674804688
6388,9,-2.3679463863372803
6389,18,-1.690321683883667
6390,7,-2.457641839981079
6391,12,-2.1438181400299072
6392,13,-2.094895839691162
6393,10,-2.280752182006836
6394,23,-1.061706304550171
6395,15,-1.972643256187439
6396,3,-2.6487624645233154
6397,7,-2.434448719024658
6398,18,-1.739781141281128
6399,10,-2.292398452758789
6400,19,-1.5873894691467285
6401,11,-2.258711099624634
6402,6,-2.496877908706665
6403,20,-1.5477852821350098
6404,5,-2.5584659576416016
6405,15,-1.9587414264678955
6406,16,-1.9022241830825806
6407,2,-2.710777997970581
6408,7,-2.4612648487091064
6409,24,-0.9020845890045166
6410,15,-1.9387165307998657
6411,11,-2.243079423904419
6412,7,-2.460689067840576
6413,5,-2.5368151664733887
6414,12,-2.1409964561462402
6415,11,-2.256286859512329
6416,11,-2.252685308456421
6417,8,-2.389395236968994
6418,10,-2.266944646835327
6419,5,-2.564795970916748
6420,6,-2.506356954574585
6421,5,-2.552804708480835
6422,9,-2.3486337661743164
6423,15,-1.9934651851654053
6424,29,-0.11596488952636719
6425,5,-2.576606035232544
6426,18,-1.7238492965698242
6427,6,-2.51566743850708
6428,14,-2.0143866539001465
6429,16,-1.9139307737350464
6430,16,-1.8951663970947266
6431,17,-1.8188838958740234
6432,19,-1.6411292552947998
6433,10,-2.2969229221343994
6434,10,-2.259650230407715
6435,12,-2.1961653232574463
6436,16,-1.8650012016296387
6437,13,-2.112602472305298
6438,7,-2.4350643157958984
6439,5,-2.57407283782959
6440,14,-2.028064489364624
6441,19,-1.6080067157745361
6442,25,-0.7887011766433716
6443,6,-2.4894559383392334
6444,13,-2.1210243701934814
6445,14,-2.016113758087158
6446,26,-0.5543895959854126
6447,11,-2.228330612182617
6448,24,-0.9587125778198242
6449,4,-2.6151912212371826
6450,13,-2.080030918121338
6451,12,-2.1810529232025146
6452,7,-2.4583206176757812
6453,18,-1.6888257265090942
6454,9,-2.326066017150879
6455,16,-1.9003374576568604
6456,6,-2.518226385116577
6457,14,-2.0466129779815674
6458,13,-2.11035418510437
6459,2,-2.7252197265625
6460,21,-1.3762168884277344
6461,10,-2.311344623565674
6462,8,-2.391664743423462
6463,7,-2.4455132484436035
6464,7,-2.4634957313537598
6465,10,-2.3023478984832764
6466,6,-2.490163803100586
6467,10,-2.3121964931488037
6468,21,-1.3710107803344727
6469,14,-2.0286431312561035
6470,6,-2.4806344509124756
6471,11,-2.2326836585998535
6472,16,-1.9310522079467773
6473,27,-0.3427121639251709
6474,8,-2.38736629486084
6475,15,-1.9892871379852295
6476,13,-2.1114654541015625
6477,9,-2.323960304260254
6478,14,-2.0247929096221924
6479,10,-2.2960288524627686
6480,19,-1.606250286102295
6481,17,-1.8578062057495117
6482,16,-1.896127700805664
6483,10,-2.304140090942383
6484,16,-1.8812408447265625
6485,16,-1.866215705871582
6486,12,-2.1641151905059814
6487,17,-1.8491780757904053
6488,27,-0.4914771318435669
6489,6,-2.474083185195923
6490,23,-1.0628349781036377
6491,16,-1.8934953212738037
6492,8,-2.417344570159912
6493,13,-2.1361892223358154
6494,29,-0.13402795791625977
6495,17,-1.8015663623809814
6496,25,-0.8338172435760498
6497,13,-2.0958564281463623
6498,24,-1.0298744440078735
6499,8,-2.4097163677215576
6500,5,-2.5630178451538086
6501,12,-2.1661362648010254
6502,16,-1.8966312408447266
6503,19,-1.6723930835723877
6504,16,-1.889244794845581
6505,14,-2.0675225257873535
6506,14,-2.0736172199249268
6507,28,-0.2967503070831299
6508,9,-2.3676304817199707
6509,11,-2.2344603538513184
6510,21,-1.4222385883331299
6511,15,-1.9620805978775024
6512,13,-2.098219871520996
6513,12,-2.1407415866851807
6514,10,-2.279695510864258
6515,5,-2.5452773571014404
6516,16,-1.9182140827178955
6517,17,-1.7850837707519531
6518,10,-2.299355983734131
6519,9,-2.3486328125
6520,11,-2.248873472213745
6521,13,-2.1048965454101562
6522,5,-2.566754102706909
6523,10,-2.283010482788086
6524,11,-2.2492294311523438
6525,15,-1.9465018510818481
6526,23,-1.152850866317749
6527,10,-2.2846717834472656
6528,24,-1.033600926399231
6529,6,-2.4769225120544434
6530,11,-2.237600088119507
6531,13,-2.088357925415039
6532,10,-2.286036968231201
6533,6,-2.5181639194488525
6534,9,-2.3555448055267334
6535,6,-2.4846928119659424
6536,8,-2.3702266216278076
6537,9,-2.3209316730499268
6538,7,-2.457036018371582
6539,15,-1.9664757251739502
6540,15,-1.9349446296691895
6541,16,-1.931586503982544
6542,12,-2.187389612197876
6543,2,-2.7744038105010986
6544,13,-2.082237720489502
6545,10,-2.3122777938842773
6546,10,-2.261838674545288
6547,11,-2.206430435180664
6548,8,-2.4137415885925293
6549,12,-2.1668472290039062
6550,9,-2.3370821475982666
6551,8,-2.374462604522705
6552,8,-2.3707778453826904
6553,13,-2.0870418548583984
6554,6,-2.5182228088378906
6555,5,-2.5346269607543945
6556,14,-2.0417957305908203
6557,7,-2.4669578075408936
6558,17,-1.8537639379501343
6559,12,-2.1652112007141113
6560,5,-2.527653217315674
6561,13,-2.1134326457977295
6562,15,-1.984264850616455
6563,12,-2.189394950866699
6564,10,-2.2884469032287598
6565,7,-2.4723281860351562
6566,11,-2.2046806812286377
6567,5,-2.5658533573150635
6568,6,-2.5130717754364014
6569,10,-2.2805402278900146
6570,8,-2.387439727783203
6571,12,-2.159968852996826
6572,13,-2.0847926139831543
6573,9,-2.332216262817383
6574,17,-1.8318181037902832
6575,14,-2.0652222633361816
6576,7,-2.4396109580993652
6577,19,-1.6451513767242432
6578,9,-2.355759620666504
6579,14,-2.0394625663757324
6580,15,-1.99751877784729
6581,5,-2.5487868785858154
6582,15,-1.957757592201233
6583,17,-1.7965927124023438
6584,7,-2.4735770225524902
6585,5,-2.571608781814575
6586,7,-2.4559695720672607
6587,20,-1.5348708629608154
6588,17,-1.778930425643921
6589,18,-1.7073867321014404
6590,8,-2.3851370811462402
6591,24,-0.9395601749420166
6592,10,-2.2988688945770264
6593,8,-2.3803396224975586
6594,8,-2.4003870487213135
6595,8,-2.388228416442871
6596,16,-1.9161349534988403
6597,12,-2.1537508964538574
6598,13,-2.095797061920166
6599,4,-2.584979772567749
6600,6,-2.4845659732818604
6601,5,-2.5711448192596436
6602,5,-2.5270676612854004
6603,16,-1.8654721975326538
6604,7,-2.42925763130188
6605,8,-2.4157090187072754
6606,14,-2.0721538066864014
6607,8,-2.3822264671325684
6608,10,-2.2712514400482178
6609,15,-1.9647605419158936
6610,7,-2.4388082027435303
6611,9,-2.323007822036743
6612,13,-2.1202008724212646
6613,10,-2.2887606620788574
6614,15,-1.9596751928329468
6615,21,-1.384319543838501
6616,10,-2.296130418777466
6617,8,-2.388903856277466
6618,15,-1.9386343955993652
6619,7,-2.443582773208618
6620,16,-1.884746789932251
6621,8,-2.3766255378723145
6622,8,-2.369264602661133
6623,2,-2.784628391265869
6624,11,-2.2019529342651367
6625,12,-2.168384075164795
6626,28,-0.2094731330871582
6627,24,-0.9388753175735474
6628,20,-1.5324532985687256
6629,9,-2.364777088165283
6630,12,-2.1852102279663086
6631,11,-2.2305831909179688
6632,4,-2.5820271968841553
6633,4,-2.5927891731262207
6634,5,-2.5492446422576904
6635,13,-2.10282826423645
6636,13,-2.094982147216797
6637,12,-2.180408239364624
6638,13,-2.123926877975464
6639,8,-2.381768226623535
6640,18,-1.7095534801483154
6641,10,-2.3095128536224365
6642,6,-2.51534366607666
6643,19,-1.590914249420166
6644,9,-2.3546736240386963
6645,5,-2.5604679584503174
6646,5,-2.576028347015381
6647,16,-1.8624541759490967
6648,17,-1.8554874658584595
6649,14,-2.0484824180603027
6650,8,-2.3933286666870117
6651,7,-2.4458768367767334
6652,5,-2.5302276611328125
6653,21,-1.3595139980316162
6654,30,-0.009772062301635742
6655,13,-2.1192331314086914
6656,4,-2.6285440921783447
6657,10,-2.315263032913208
6658,22,-1.2237749099731445
6659,27,-0.4896395206451416
6660,4,-2.6144590377807617
6661,8,-2.414708137512207
6662,21,-1.3963465690612793
6663,7,-2.458531141281128
6664,11,-2.2567789554595947
6665,8,-2.417344093322754
6666,7,-2.4738481044769287
6667,5,-2.5675456523895264
6668,28,-0.29848814010620117
6669,15,-2.0051937103271484
6670,16,-1.9259799718856812
6671,15,-1.9446101188659668
6672,17,-1.8596585988998413
6673,8,-2.395779848098755
6674,16,-1.895693302154541
6675,25,-0.7844548225402832
6676,9,-2.3464903831481934
6677,5,-2.547773838043213
6678,14,-2.0601255893707275
6679,9,-2.3358683586120605
6680,15,-1.951210618019104
6681,10,-2.284212827682495
6682,18,-1.687621831893921
6683,14,-2.0160481929779053
6684,7,-2.465881109237671
6685,13,-2.1070902347564697
6686,13,-2.1332225799560547
6687,14,-2.057159423828125
6688,7,-2.463787078857422
6689,12,-2.1816580295562744
6690,10,-2.2920584678649902
6691,13,-2.115835666656494
6692,20,-1.4964027404785156
6693,10,-2.2993838787078857
6694,14,-2.036362648010254
6695,16,-1.8949718475341797
6696,5,-2.545295476913452
6697,21,-1.375316858291626
6698,12,-2.1830711364746094
6699,6,-2.5152950286865234
6700,11,-2.2342941761016846
6701,13,-2.1381571292877197
6702,26,-0.5691072940826416
6703,7,-2.4568731784820557
6704,10,-2.2704715728759766
6705,23,-1.1107507944107056
6706,15,-1.9610897302627563
6707,9,-2.3168540000915527
6708,13,-2.107729196548462
6709,14,-2.071387529373169
6710,6,-2.517545461654663
6711,10,-2.2991552352905273
6712,14,-2.065884590148926
6713,1,-2.795320510864258
6714,12,-2.163546085357666
6715,26,-0.5269684791564941
6716,10,-2.293088436126709
6717,3,-2.69797945022583
6718,10,-2.3110530376434326
6719,14,-2.023556709289551
6720,16,-1.9190917015075684
6721,7,-2.4554545879364014
6722,28,-0.25685691833496094
6723,10,-2.3055062294006348
6724,6,-2.499236822128296
6725,5,-2.5365171432495117
6726,24,-1.037153959274292
6727,3,-2.6832797527313232
6728,5,-2.546274423599243
6729,18,-1.732995629310608
6730,6,-2.5165326595306396
6731,8,-2.396296977996826
6732,13,-2.133122682571411
6733,9,-2.3584187030792236
6734,6,-2.507822036743164
6735,16,-1.9162414073944092
6736,12,-2.1933999061584473
6737,15,-1.9471635818481445
6738,12,-2.1826350688934326
6739,13,-2.094230890274048
6740,20,-1.52415931224823
6741,5,-2.531400203704834
6742,7,-2.445786237716675
6743,8,-2.4113619327545166
6744,17,-1.7789263725280762
6745,10,-2.3064308166503906
6746,6,-2.5109729766845703
6747,12,-2.1567578315734863
6748,13,-2.109384059906006
6749,17,-1.7788403034210205
6750,13,-2.084442377090454
6751,10,-2.276366710662842
6752,10,-2.290459394454956
6753,14,-2.029933452606201
6754,17,-1.824357509613037
6755,13,-2.095827102661133
6756,14,-2.035067319869995
6757,6,-2.5226824283599854
6758,29,-0.0911111831665039
6759,6,-2.4905967712402344
6760,18,-1.702319860458374
6761,19,-1.6166647672653198
6762,15,-1.9593380689620972
6763,5,-2.527014970779419
6764,16,-1.876869797706604
6765,9,-2.369154214859009
6766,6,-2.52101731300354
6767,7,-2.442117691040039
6768,14,-2.031496524810791
6769,10,-2.306262731552124
6770,26,-0.6640819311141968
6771,10,-2.3078863620758057
6772,10,-2.291475772857666
6773,18,-1.7300970554351807
6774,5,-2.5352535247802734
6775,17,-1.7852087020874023
6776,15,-1.9781907796859741
6777,5,-2.541627883911133
6778,14,-2.033358097076416
6779,18,-1.7346802949905396
6780,4,-2.592170238494873
6781,18,-1.737755537033081
6782,9,-2.3437678813934326
6783,7,-2.4610843658447266
6784,8,-2.382225513458252
6785,8,-2.3815388679504395
6786,10,-2.2639667987823486
6787,8,-2.414635419845581
6788,6,-2.4812817573547363
6789,17,-1.801154375076294
6790,18,-1.7461261749267578
6791,10,-2.2607412338256836
6792,12,-2.1942946910858154
6793,14,-2.050173282623291
6794,13,-2.1049442291259766
6795,11,-2.2268967628479004
6796,4,-2.6155385971069336
6797,24,-0.9294124841690063
6798,6,-2.5110065937042236
6799,8,-2.42002534866333
6800,10,-2.2971179485321045
6801,8,-2.385256767272949
6802,7,-2.4351425170898438
6803,8,-2.3978991508483887
6804,15,-1.9529036283493042
6805,6,-2.50936222076416
6806,10,-2.3134963512420654
6807,26,-0.6762264966964722
6808,20,-1.5024343729019165
6809,13,-2.1275746822357178
6810,16,-1.8687726259231567
6811,6,-2.489898443222046
6812,6,-2.4855103492736816
6813,6,-2.5117273330688477
6814,21,-1.3742239475250244
6815,11,-2.2277746200561523
6816,7,-2.443608283996582
6817,11,-2.245144844055176
6818,23,-1.164508581161499
6819,10,-2.311913251876831
6820,5,-2.542543649673462
6821,9,-2.330169916152954
6822,5,-2.5751595497131348
6823,11,-2.233687400817871
6824,6,-2.495231866836548
6825,8,-2.370634078979492
6826,10,-2.265791416168213
6827,8,-2.394885540008545
6828,18,-1.7624269723892212
6829,11,-2.2576072216033936
6830,22,-1.2464344501495361
6831,7,-2.4657859802246094
6832,4,-2.6014111042022705
6833,6,-2.488962411880493
6834,8,-2.414130210876465
6835,12,-2.159823417663574
6836,17,-1.799778938293457
6837,19,-1.6371667385101318
6838,5,-2.548491954803467
6839,11,-2.2083468437194824
6840,8,-2.399606943130493
6841,14,-2.035707950592041
6842,7,-2.434925079345703
6843,13,-2.1006886959075928
6844,6,-2.4810426235198975
6845,11,-2.2250659465789795
6846,21,-1.4185279607772827
6847,9,-2.3267035484313965
6848,9,-2.353389024734497
6849,4,-2.630812644958496
6850,8,-2.417969226837158
6851,19,-1.5802745819091797
6852,24,-0.9570087194442749
6853,14,-2.0494537353515625
6854,12,-2.1955418586730957
6855,27,-0.42767810821533203
6856,8,-2.4022152423858643
6857,4,-2.6062965393066406
6858,16,-1.8907443284988403
6859,7,-2.4560089111328125
6860,7,-2.4689831733703613
6861,11,-2.234049081802368
6862,20,-1.5518964529037476
6863,30,0.0542600154876709
6864,9,-2.3683595657348633
6865,13,-2.1068906784057617
6866,23,-1.0790737867355347
6867,3,-2.6592917442321777
6868,9,-2.348912477493286
6869,8,-2.3943779468536377
6870,4,-2.607076644897461
6871,8,-2.3905975818634033
6872,21,-1.4344959259033203
6873,11,-2.2504048347473145
6874,8,-2.4133198261260986
6875,7,-2.427799701690674
6876,4,-2.6007912158966064
6877,16,-1.9333386421203613
6878,17,-1.8325971364974976
6879,5,-2.5259385108947754
6880,12,-2.1482088565826416
6881,17,-1.8501293659210205
6882,17,-1.824932336807251
6883,9,-2.3333845138549805
6884,12,-2.1557416915893555
6885,4,-2.5778870582580566
6886,29,-0.06319761276245117
6887,20,-1.53080415725708
6888,15,-1.938376545906067
6889,15,-1.9902372360229492
6890,6,-2.507172107696533
6891,9,-2.3661537170410156
6892,20,-1.4920763969421387
6893,14,-2.071417808532715
6894,26,-0.6505407094955444
6895,12,-2.1913764476776123
6896,4,-2.630478620529175
6897,18,-1.706811785697937
6898,18,-1.756582260131836
6899,8,-2.386439323425293
6900,16,-1.8975282907485962
6901,15,-1.9615949392318726
6902,12,-2.172910213470459
6903,18,-1.7078629732131958
6904,11,-2.205258846282959
6905,28,-0.25550270080566406
6906,11,-2.2407007217407227
6907,6,-2.4836912155151367
6908,19,-1.655750036239624
6909,19,-1.630298376083374
6910,18,-1.6931054592132568
6911,8,-2.399592399597168
6912,12,-2.160661458969116
6913,9,-2.3377881050109863
6914,6,-2.4779677391052246
6915,19,-1.6176621913909912
6916,6,-2.496612071990967
6917,1,-2.7939720153808594
6918,18,-1.7689428329467773
6919,7,-2.4266393184661865
6920,7,-2.4328455924987793
6921,9,-2.3475680351257324
6922,10,-2.2685799598693848
6923,10,-2.261446714401245
6924,8,-2.4000837802886963
6925,18,-1.6870746612548828
6926,10,-2.2681870460510254
6927,19,-1.6690177917480469
6928,13,-2.1256635189056396
6929,12,-2.148671865463257
6930,20,-1.5557200908660889
6931,16,-1.9028394222259521
6932,12,-2.18642258644104
6933,9,-2.3181281089782715
6934,4,-2.594744920730591
6935,20,-1.503125548362732
6936,28,-0.3095884323120117
6937,16,-1.9155176877975464
6938,6,-2.5180351734161377
6939,9,-2.3583931922912598
6940,12,-2.1608095169067383
6941,13,-2.1273207664489746
6942,17,-1.7806527614593506
6943,8,-2.398719549179077
6944,7,-2.4543068408966064
6945,14,-2.043891429901123
6946,6,-2.502293348312378
6947,6,-2.4912471771240234
6948,27,-0.4926433563232422
6949,11,-2.226548671722412
6950,8,-2.3778672218322754
6951,18,-1.7555058002471924
6952,14,-2.045715093612671
6953,7,-2.44746732711792
6954,15,-1.9799896478652954
6955,12,-2.155296802520752
6956,2,-2.7748663425445557
6957,22,-1.3237924575805664
6958,13,-2.113044023513794
6959,18,-1.7616472244262695
6960,23,-1.187023639678955
6961,12,-2.1698720455169678
6962,13,-2.0744996070861816
6963,6,-2.4791152477264404
6964,8,-2.4188449382781982
6965,5,-2.541360378265381
6966,8,-2.3914365768432617
6967,5,-2.533405303955078
6968,11,-2.2036826610565186
6969,19,-1.6425259113311768
6970,9,-2.322322368621826
6971,17,-1.8542355298995972
6972,11,-2.2178921699523926
6973,8,-2.39418363571167
6974,7,-2.465984344482422
6975,13,-2.1290435791015625
6976,4,-2.6118619441986084
6977,16,-1.8905466794967651
6978,23,-1.1242247819900513
6979,20,-1.561838150024414
6980,17,-1.817118763923645
6981,26,-0.50593101978302
6982,11,-2.207075834274292
6983,10,-2.2879645824432373
6984,14,-2.0452120304107666
6985,14,-2.0270650386810303
6986,11,-2.2282907962799072
6987,7,-2.4684019088745117
6988,8,-2.395505428314209
6989,5,-2.5769646167755127
6990,14,-2.019603967666626
6991,23,-1.074630856513977
6992,16,-1.9114360809326172
6993,15,-1.9772133827209473
6994,7,-2.4242024421691895
6995,10,-2.305891752243042
6996,12,-2.1809022426605225
6997,3,-2.6662473678588867
6998,9,-2.319044828414917
6999,18,-1.7411386966705322
7000,8,-2.387180805206299
7001,9,-2.3278610706329346
7002,12,-2.178173065185547
7003,7,-2.4627368450164795
7004,5,-2.544586181640625
7005,27,-0.3935232162475586
7006,15,-1.9491859674453735
7007,7,-2.4719271659851074
7008,12,-2.153567314147949
7009,9,-2.3412137031555176
7010,10,-2.3066651821136475
7011,22,-1.2963730096817017
7012,7,-2.421919107437134
7013,20,-1.4846818447113037
7014,16,-1.8897335529327393
7015,9,-2.3267321586608887
7016,8,-2.3917553424835205
7017,2,-2.7067294120788574
7018,14,-2.037410020828247
7019,5,-2.5310237407684326
7020,14,-2.028242826461792
7021,5,-2.547154426574707
7022,10,-2.3073959350585938
7023,21,-1.4521911144256592
7024,7,-2.4396915435791016
7025,26,-0.6332684755325317
7026,7,-2.4304652214050293
7027,9,-2.343395233154297
7028,15,-1.9868180751800537
7029,14,-2.0642776489257812
7030,13,-2.080091714859009
7031,29,-0.12870454788208008
7032,11,-2.2407073974609375
7033,8,-2.4015612602233887
7034,4,-2.6014938354492188
7035,17,-1.8403962850570679
7036,24,-0.9585119485855103
7037,12,-2.178176164627075
7038,11,-2.2363057136535645
7039,23,-1.1732031106948853
7040,17,-1.8408771753311157
7041,17,-1.7880289554595947
7042,27,-0.3670617341995239
7043,7,-2.4656081199645996
7044,8,-2.3802695274353027
7045,10,-2.2694449424743652
7046,11,-2.246856927871704
7047,12,-2.191470146179199
7048,25,-0.7706897258758545
7049,6,-2.5094563961029053
7050,7,-2.4209842681884766
7051,6,-2.5044503211975098
7052,8,-2.4127044677734375
7053,11,-2.2500522136688232
7054,14,-2.0133285522460938
7055,5,-2.563066005706787
7056,6,-2.4791479110717773
7057,5,-2.5541274547576904
7058,13,-2.0787014961242676
7059,15,-1.949996829032898
7060,28,-0.28585124015808105
7061,17,-1.818538784980774
7062,8,-2.381744623184204
7063,11,-2.2173590660095215
7064,10,-2.2742438316345215
7065,26,-0.6679251194000244
7066,11,-2.222140312194824
7067,19,-1.582782506942749
7068,15,-1.9954042434692383
7069,25,-0.8001620769500732
7070,8,-2.4079911708831787
7071,30,0.07465577125549316
7072,22,-1.2428735494613647
7073,12,-2.1396865844726562
7074,13,-2.106252908706665
7075,8,-2.394688844680786
7076,16,-1.8739252090454102
7077,7,-2.438603162765503
7078,21,-1.4239423274993896
7079,7,-2.4633142948150635
7080,15,-1.9457807540893555
7081,15,-1.9913685321807861
7082,2,-2.782961845397949
7083,9,-2.32900071144104
7084,15,-1.9786078929901123
7085,29,-0.021346092224121094
7086,14,-2.01749324798584
7087,13,-2.1088924407958984
7088,10,-2.2619829177856445
7089,10,-2.3139729499816895
7090,23,-1.168838381767273
7091,6,-2.5032901763916016
7092,11,-2.207531690597534
7093,6,-2.504197359085083
7094,3,-2.677917242050171
7095,3,-2.6874887943267822
7096,18,-1.744802474975586
7097,15,-1.940630555152893
7098,7,-2.4548091888427734
7099,5,-2.5499465465545654
7100,11,-2.216097354888916
7101,15,-1.9617183208465576
7102,20,-1.4881832599639893
7103,11,-2.216219663619995
7104,16,-1.8599601984024048
7105,6,-2.475407123565674
7106,12,-2.1762030124664307
7107,26,-0.6242942810058594
7108,16,-1.9283274412155151
7109,7,-2.4662604331970215
7110,11,-2.2209014892578125
7111,8,-2.413362741470337
7112,5,-2.5349206924438477
7113,14,-2.0512077808380127
7114,14,-2.0566608905792236
7115,7,-2.458167791366577
7116,18,-1.7133736610412598
7117,13,-2.097806215286255
7118,25,-0.8255144357681274
7119,5,-2.5547525882720947
7120,12,-2.139080286026001
7121,5,-2.55893611907959
7122,8,-2.40664005279541
7123,9,-2.3540146350860596
7124,25,-0.8576682806015015
7125,24,-1.030724287033081
7126,7,-2.4246790409088135
7127,6,-2.489607334136963
7128,13,-2.099971055984497
7129,8,-2.38655161857605
7130,7,-2.4305126667022705
7131,6,-2.507795572280884
7132,14,-2.027845859527588
7133,10,-2.2720932960510254
7134,5,-2.5310096740722656
7135,14,-2.0512845516204834
7136,6,-2.5046021938323975
7137,5,-2.5612258911132812
7138,26,-0.5020902156829834
7139,16,-1.872584581375122
7140,4,-2.58603572845459
7141,21,-1.4571459293365479
7142,21,-1.4302505254745483
7143,6,-2.4881081581115723
7144,6,-2.5187227725982666
7145,3,-2.702789545059204
7146,16,-1.9114373922348022
7147,7,-2.4664227962493896
7148,26,-0.6843036413192749
7149,8,-2.4029011726379395
7150,17,-1.8030411005020142
7151,2,-2.7470877170562744
7152,21,-1.3716089725494385
7153,6,-2.476745843887329
7154,28,-0.18799901008605957
7155,8,-2.3968236446380615
7156,15,-1.9430406093597412
7157,12,-2.1518399715423584
7158,9,-2.322857141494751
7159,8,-2.4005701541900635
7160,22,-1.257511019706726
7161,23,-1.1733840703964233
7162,20,-1.4770276546478271
7163,26,-0.5065256357192993
7164,16,-1.9320855140686035
7165,13,-2.1055004596710205
7166,12,-2.184049606323242
7167,9,-2.3226723670959473
7168,7,-2.4572951793670654
7169,10,-2.29605770111084
7170,15,-1.9953818321228027
7171,11,-2.2431836128234863
7172,7,-2.430940628051758
7173,15,-1.9649264812469482
7174,13,-2.1078343391418457
7175,10,-2.2876789569854736
7176,16,-1.9091105461120605
7177,7,-2.4257795810699463
7178,8,-2.381610631942749
7179,16,-1.9200533628463745
7180,6,-2.5011913776397705
7181,7,-2.449713945388794
7182,12,-2.155078887939453
7183,11,-2.2559473514556885
7184,18,-1.7738935947418213
7185,2,-2.746412992477417
7186,3,-2.65350604057312
7187,3,-2.6910252571105957
7188,18,-1.7629929780960083
7189,8,-2.3934385776519775
7190,17,-1.7850842475891113
7191,8,-2.3775672912597656
7192,14,-2.0620851516723633
7193,11,-2.254163980484009
7194,18,-1.6817429065704346
7195,10,-2.284046173095703
7196,20,-1.4925224781036377
7197,16,-1.90684175491333
7198,13,-2.131364345550537
7199,13,-2.104465961456299
7200,27,-0.4962371587753296
7201,21,-1.3869030475616455
7202,16,-1.8701367378234863
7203,22,-1.32474946975708
7204,8,-2.3870887756347656
7205,18,-1.6852257251739502
7206,14,-2.0482048988342285
7207,13,-2.1160011291503906
7208,13,-2.135874032974243
7209,16,-1.9330604076385498
7210,7,-2.461632251739502
7211,17,-1.8575859069824219
7212,29,-0.13735294342041016
7213,13,-2.1029465198516846
7214,10,-2.2937397956848145
7215,11,-2.2085301876068115
7216,18,-1.7398895025253296
7217,9,-2.361002206802368
7218,6,-2.482586145401001
7219,18,-1.7624717950820923
7220,11,-2.213376760482788
7221,11,-2.2137653827667236
7222,8,-2.387248992919922
7223,12,-2.150805950164795
7224,28,-0.303408145904541
7225,25,-0.7937240600585938
7226,14,-2.069699287414551
7227,14,-2.038376808166504
7228,13,-2.1285793781280518
7229,13,-2.084872007369995
7230,21,-1.3524203300476074
7231,5,-2.5288538932800293
7232,7,-2.4395086765289307
7233,17,-1.7764103412628174
7234,14,-2.0398900508880615
7235,12,-2.1682615280151367
7236,10,-2.298184871673584
7237,10,-2.2791190147399902
7238,7,-2.4212188720703125
7239,10,-2.2922580242156982
7240,10,-2.2767038345336914
7241,15,-2.0014431476593018
7242,11,-2.209063768386841
7243,6,-2.484508514404297
7244,8,-2.3766984939575195
7245,11,-2.2353525161743164
7246,15,-1.980391502380371
7247,12,-2.185633897781372
7248,10,-2.2916433811187744
7249,6,-2.5011215209960938
7250,23,-1.1050668954849243
7251,27,-0.42647314071655273
7252,18,-1.6813044548034668
7253,30,0.03653907775878906
7254,9,-2.365309953689575
7255,5,-2.56190824508667
7256,6,-2.499469041824341
7257,14,-2.071805477142334
7258,10,-2.2932655811309814
7259,7,-2.425319194793701
7260,6,-2.488581657409668
7261,9,-2.346919059753418
7262,21,-1.4359362125396729
7263,10,-2.2758615016937256
7264,11,-2.242781400680542
7265,11,-2.2556638717651367
7266,9,-2.3175406455993652
7267,4,-2.59403657913208
7268,13,-2.1039695739746094
7269,8,-2.4190733432769775
7270,16,-1.890653371810913
7271,12,-2.195345163345337
7272,16,-1.8707027435302734
7273,13,-2.1289732456207275
7274,6,-2.4872968196868896
7275,10,-2.309390068054199
7276,18,-1.754896879196167
7277,8,-2.3889803886413574
7278,12,-2.1569881439208984
7279,23,-1.1329292058944702
7280,11,-2.2433722019195557
7281,14,-2.017746925354004
7282,21,-1.3622890710830688
7283,9,-2.3217620849609375
7284,11,-2.2288527488708496
7285,15,-1.942923665046692
7286,24,-1.0401227474212646
7287,11,-2.240771532058716
7288,6,-2.520975351333618
7289,15,-1.9952188730239868
7290,13,-2.1306073665618896
7291,12,-2.168388843536377
7292,5,-2.5388646125793457
7293,3,-2.685248374938965
7294,10,-2.269009590148926
7295,16,-1.9205303192138672
7296,29,-0.14690136909484863
7297,19,-1.5870769023895264
7298,14,-2.044062614440918
7299,7,-2.469933271408081
7300,8,-2.3809261322021484
7301,8,-2.3841984272003174
7302,15,-1.985924243927002
7303,17,-1.8122538328170776
7304,8,-2.378239154815674
7305,9,-2.325681447982788
7306,19,-1.6273488998413086
7307,6,-2.4740805625915527
7308,5,-2.5661725997924805
7309,9,-2.331470251083374
7310,10,-2.312575101852417
7311,17,-1.8599015474319458
7312,21,-1.433176875114441
7313,6,-2.516979455947876
7314,16,-1.883016586303711
7315,13,-2.1028518676757812
7316,20,-1.5487415790557861
7317,4,-2.610694408416748
7318,17,-1.8342316150665283
7319,18,-1.7075490951538086
7320,10,-2.314098596572876
7321,29,-0.059015512466430664
7322,13,-2.1125967502593994
7323,6,-2.5230019092559814
7324,4,-2.58135724067688
7325,12,-2.158656120300293
7326,6,-2.4859371185302734
7327,5,-2.556635618209839
7328,8,-2.3986573219299316
7329,22,-1.2424250841140747
7330,14,-2.0091850757598877
7331,9,-2.3439345359802246
7332,13,-2.1110661029815674
7333,13,-2.0802221298217773
7334,12,-2.182182550430298
7335,15,-1.9583158493041992
7336,10,-2.3002946376800537
7337,16,-1.9039521217346191
7338,11,-2.2593648433685303
7339,4,-2.634925127029419
7340,7,-2.4296927452087402
7341,17,-1.8488954305648804
7342,13,-2.1138076782226562
7343,24,-0.8905613422393799
7344,12,-2.168635606765747
7345,18,-1.7689354419708252
7346,14,-2.043131113052368
7347,7,-2.456167697906494
7348,5,-2.527068853378296
7349,16,-1.9316307306289673
7350,11,-2.2508885860443115
7351,15,-1.9906113147735596
7352,16,-1.9230241775512695
7353,4,-2.6208860874176025
7354,13,-2.1097664833068848
7355,10,-2.2784416675567627
7356,9,-2.3224170207977295
7357,15,-2.005065441131592
7358,10,-2.2651662826538086
7359,9,-2.326658010482788
7360,19,-1.59419584274292
7361,14,-2.050551652908325
7362,13,-2.100141763687134
7363,6,-2.4852700233459473
7364,25,-0.8192254304885864
7365,7,-2.46893310546875
7366,11,-2.2499160766601562
7367,18,-1.7277543544769287
7368,8,-2.4082553386688232
7369,18,-1.7426128387451172
7370,8,-2.3823251724243164
7371,12,-2.1838266849517822
7372,10,-2.272247791290283
7373,12,-2.141162395477295
7374,9,-2.352635145187378
7375,22,-1.2864903211593628
7376,12,-2.152120590209961
7377,12,-2.1837732791900635
7378,9,-2.3199989795684814
7379,6,-2.505112409591675
7380,8,-2.4150826930999756
7381,6,-2.479701280593872
7382,5,-2.5529022216796875
7383,16,-1.90889310836792
7384,7,-2.446011781692505
7385,16,-1.9343302249908447
7386,25,-0.7504768371582031
7387,15,-1.9416958093643188
7388,21,-1.3653987646102905
7389,4,-2.5911049842834473
7390,21,-1.3691048622131348
7391,9,-2.3594300746917725
7392,12,-2.141021490097046
7393,27,-0.3871687650680542
7394,18,-1.7710540294647217
7395,12,-2.1392829418182373
7396,15,-2.0044872760772705
7397,12,-2.1404800415039062
7398,6,-2.499274969100952
7399,8,-2.4157748222351074
7400,15,-1.9908168315887451
7401,18,-1.7023921012878418
7402,9,-2.343956232070923
7403,9,-2.3509387969970703
7404,3,-2.649223566055298
7405,18,-1.7590925693511963
7406,10,-2.274643898010254
7407,8,-2.3973376750946045
7408,17,-1.8137390613555908
7409,12,-2.1512579917907715
7410,16,-1.9004509449005127
7411,6,-2.5172715187072754
7412,7,-2.4253692626953125
7413,8,-2.3750522136688232
7414,12,-2.1926705837249756
7415,12,-2.1396193504333496
7416,7,-2.4687747955322266
7417,14,-2.047895669937134
7418,15,-1.9438390731811523
7419,6,-2.4989607334136963
7420,11,-2.2086853981018066
7421,13,-2.083909749984741
7422,6,-2.493391513824463
7423,19,-1.62184476852417
7424,5,-2.524324893951416
7425,12,-2.1471433639526367
7426,5,-2.5475711822509766
7427,7,-2.4515762329101562
7428,1,-2.79152774810791
7429,14,-2.030761480331421
7430,10,-2.267587661743164
7431,26,-0.6474353075027466
7432,6,-2.475472927093506
7433,9,-2.3170182704925537
7434,14,-2.043422222137451
7435,7,-2.435187816619873
7436,19,-1.6300400495529175
7437,25,-0.8766790628433228
7438,4,-2.618511438369751
7439,19,-1.6022738218307495
7440,5,-2.547130584716797
7441,12,-2.177272081375122
7442,4,-2.585237979888916
7443,18,-1.7654049396514893
7444,20,-1.5041993856430054
7445,6,-2.4799680709838867
7446,10,-2.2669012546539307
7447,12,-2.1700918674468994
7448,9,-2.3330538272857666
7449,9,-2.346930742263794
7450,16,-1.870662808418274
7451,9,-2.3568499088287354
7452,7,-2.4625284671783447
7453,13,-2.083045721054077
7454,17,-1.8041532039642334
7455,13,-2.1239254474639893
7456,12,-2.185185432434082
7457,12,-2.173574924468994
7458,17,-1.8393223285675049
7459,13,-2.1289963722229004
7460,4,-2.5976898670196533
7461,13,-2.094130039215088
7462,15,-1.949134111404419
7463,18,-1.7339743375778198
7464,13,-2.1075873374938965
7465,8,-2.3767473697662354
7466,10,-2.306783676147461
7467,9,-2.3613064289093018
7468,16,-1.9135342836380005
7469,14,-2.0633482933044434
7470,7,-2.4668705463409424
7471,14,-2.074089765548706
7472,9,-2.340855121612549
7473,25,-0.8719905614852905
7474,17,-1.8565829992294312
7475,16,-1.9287863969802856
7476,6,-2.505378484725952
7477,19,-1.6342555284500122
7478,12,-2.192647695541382
7479,14,-2.060692071914673
7480,13,-2.1361989974975586
7481,11,-2.2085206508636475
7482,9,-2.3607969284057617
7483,15,-1.9354820251464844
7484,13,-2.125387668609619
7485,10,-2.3082046508789062
7486,11,-2.215611457824707
7487,11,-2.243246555328369
7488,9,-2.3206050395965576
7489,9,-2.3356666564941406
7490,13,-2.1294665336608887
7491,6,-2.5033912658691406
7492,12,-2.1424198150634766
7493,8,-2.377523422241211
7494,7,-2.4516117572784424
7495,24,-1.0129563808441162
7496,19,-1.6485539674758911
7497,19,-1.6097805500030518
7498,6,-2.515291213989258
7499,2,-2.7429983615875244
7500,9,-2.3286473751068115
7501,8,-2.410477638244629
7502,11,-2.2095835208892822
7503,14,-2.0646800994873047
7504,14,-2.03460431098938
7505,11,-2.2475833892822266
7506,16,-1.8653173446655273
7507,7,-2.425543785095215
7508,9,-2.3373477458953857
7509,8,-2.4125852584838867
7510,5,-2.5583062171936035
7511,6,-2.4836957454681396
7512,16,-1.9321656227111816
7513,29,-0.07220888137817383
7514,6,-2.49432110786438
7515,13,-2.132689952850342
7516,10,-2.286947011947632
7517,21,-1.4133942127227783
7518,6,-2.4773812294006348
7519,16,-1.8687469959259033
7520,11,-2.2201988697052
7521,7,-2.460984230041504
7522,16,-1.9138987064361572
7523,8,-2.415597438812256
7524,10,-2.297938346862793
7525,13,-2.1360623836517334
7526,16,-1.8936240673065186
7527,21,-1.4398016929626465
7528,2,-2.7849366664886475
7529,10,-2.3140392303466797
7530,12,-2.186589479446411
7531,12,-2.1876933574676514
7532,6,-2.4912569522857666
7533,10,-2.2899651527404785
7534,12,-2.168793201446533
7535,15,-1.9901374578475952
7536,7,-2.448406219482422
7537,7,-2.4275081157684326
7538,15,-1.973454236984253
7539,7,-2.4254114627838135
7540,10,-2.272772789001465
7541,11,-2.2353689670562744
7542,11,-2.23980712890625
7543,20,-1.5119718313217163
7544,18,-1.771850347518921
7545,15,-1.9559147357940674
7546,15,-1.9853546619415283
7547,15,-1.9926601648330688
7548,22,-1.330514907836914
7549,8,-2.3774871826171875
7550,9,-2.3371810913085938
7551,28,-0.21674442291259766
7552,2,-2.7688162326812744
7553,5,-2.5518009662628174
7554,13,-2.095137596130371
7555,20,-1.5422687530517578
7556,16,-1.9180387258529663
7557,6,-2.476717948913574
7558,13,-2.077983856201172
7559,10,-2.279552936553955
7560,9,-2.3387084007263184
7561,8,-2.416104316711426
7562,11,-2.2478678226470947
7563,10,-2.310495376586914
7564,6,-2.5219926834106445
7565,14,-2.032575845718384
7566,12,-2.1961798667907715
7567,15,-1.9406046867370605
7568,15,-1.9859619140625
7569,16,-1.902026891708374
7570,18,-1.7271227836608887
7571,11,-2.2033607959747314
7572,13,-2.1322317123413086
7573,10,-2.2960033416748047
7574,15,-1.946151614189148
7575,16,-1.9129854440689087
7576,9,-2.3523788452148438
7577,9,-2.3169546127319336
7578,5,-2.538440704345703
7579,20,-1.5708320140838623
7580,12,-2.1787028312683105
7581,17,-1.788067102432251
7582,22,-1.2517038583755493
7583,16,-1.9011482000350952
7584,12,-2.1803512573242188
7585,4,-2.595395803451538
7586,14,-2.05837345123291
7587,12,-2.1454315185546875
7588,16,-1.8698893785476685
7589,17,-1.822910189628601
7590,20,-1.5020203590393066
7591,15,-1.9740720987319946
7592,6,-2.4990992546081543
7593,22,-1.2667304277420044
7594,19,-1.6406700611114502
7595,15,-1.9963839054107666
7596,7,-2.4598612785339355
7597,30,-0.00024890899658203125
7598,14,-2.0552778244018555
7599,16,-1.9225763082504272
7600,8,-2.4128050804138184
7601,10,-2.281639575958252
7602,11,-2.2213613986968994
7603,10,-2.294679880142212
7604,16,-1.9236177206039429
7605,29,-0.04622340202331543
7606,8,-2.3886067867279053
7607,7,-2.453127861022949
7608,10,-2.2864229679107666
7609,9,-2.3633244037628174
7610,7,-2.422440767288208
7611,8,-2.394430160522461
7612,18,-1.7442970275878906
7613,15,-1.945894479751587
7614,19,-1.6242725849151611
7615,5,-2.561875581741333
7616,18,-1.7636609077453613
7617,7,-2.449394464492798
7618,7,-2.4638242721557617
7619,6,-2.5093629360198975
7620,13,-2.0754787921905518
7621,13,-2.1108946800231934
7622,16,-1.906414270401001
7623,9,-2.3482747077941895
7624,6,-2.496638298034668
7625,17,-1.801487922668457
7626,18,-1.7277398109436035
7627,4,-2.6009366512298584
7628,30,-0.0004990100860595703
7629,30,0.062432289123535156
7630,13,-2.0875186920166016
7631,13,-2.1053786277770996
7632,10,-2.303652286529541
7633,8,-2.419466495513916
7634,6,-2.512559413909912
7635,12,-2.1467909812927246
7636,8,-2.3845083713531494
7637,18,-1.7350456714630127
7638,21,-1.3505897521972656
7639,10,-2.306912660598755
7640,11,-2.2267532348632812
7641,8,-2.3720202445983887
7642,12,-2.184177875518799
7643,22,-1.3332850933074951
7644,27,-0.40829455852508545
7645,25,-0.7539774179458618
7646,6,-2.4846031665802
7647,9,-2.344774007797241
7648,14,-2.0195670127868652
7649,18,-1.6786468029022217
7650,8,-2.3794426918029785
7651,7,-2.43764066696167
7652,16,-1.8610130548477173
7653,9,-2.367938995361328
7654,20,-1.4669058322906494
7655,12,-2.1687870025634766
7656,5,-2.527743339538574
7657,27,-0.36968326568603516
7658,19,-1.6005959510803223
7659,17,-1.8004088401794434
7660,14,-2.0730862617492676
7661,14,-2.026904344558716
7662,4,-2.601280689239502
7663,13,-2.1185667514801025
7664,12,-2.1396379470825195
7665,7,-2.4661943912506104
7666,10,-2.304396629333496
7667,10,-2.279796600341797
7668,11,-2.2315826416015625
7669,7,-2.469982147216797
7670,13,-2.0876176357269287
7671,12,-2.1988632678985596
7672,4,-2.589604139328003
7673,9,-2.3685550689697266
7674,11,-2.2282421588897705
7675,18,-1.717282772064209
7676,9,-2.3259456157684326
7677,8,-2.4135026931762695
7678,2,-2.7062089443206787
7679,22,-1.2167906761169434
7680,8,-2.4092118740081787
7681,6,-2.484217643737793
7682,9,-2.353095054626465
7683,11,-2.2208874225616455
7684,7,-2.4239296913146973
7685,22,-1.2641234397888184
7686,16,-1.8926235437393188
7687,17,-1.7779738903045654
7688,19,-1.5797958374023438
7689,5,-2.567434549331665
7690,13,-2.1031486988067627
7691,18,-1.6911985874176025
7692,17,-1.8362293243408203
7693,22,-1.251965880393982
7694,7,-2.454448938369751
7695,9,-2.352393865585327
7696,9,-2.3623669147491455
7697,6,-2.474936008453369
7698,16,-1.904091238975525
7699,6,-2.478848934173584
7700,15,-1.9445149898529053
7701,7,-2.436185836791992
7702,12,-2.1866233348846436
7703,14,-2.074242353439331
7704,12,-2.156487464904785
7705,5,-2.557267665863037
7706,20,-1.5409046411514282
7707,15,-1.9443988800048828
7708,11,-2.2159249782562256
7709,11,-2.238231658935547
7710,7,-2.4330618381500244
7711,7,-2.454472541809082
7712,7,-2.4437787532806396
7713,5,-2.5629420280456543
7714,15,-1.9607411623001099
7715,8,-2.4008638858795166
7716,13,-2.1179771423339844
7717,16,-1.9270703792572021
7718,12,-2.1664981842041016
7719,30,0.03391385078430176
7720,11,-2.249359369277954
7721,9,-2.321082592010498
7722,14,-2.0627009868621826
7723,19,-1.664349913597107
7724,18,-1.7622127532958984
7725,9,-2.3567755222320557
7726,13,-2.075678825378418
7727,10,-2.306086778640747
7728,6,-2.5226597785949707
7729,21,-1.4254302978515625
7730,9,-2.3182356357574463
7731,20,-1.530287742614746
7732,6,-2.4947397708892822
7733,11,-2.226619243621826
7734,14,-2.0521957874298096
7735,17,-1.7790213823318481
7736,10,-2.2742152214050293
7737,9,-2.3429787158966064
7738,14,-2.0515999794006348
7739,10,-2.2832961082458496
7740,24,-0.9502110481262207
7741,15,-1.990025281906128
7742,12,-2.19876766204834
7743,17,-1.7966115474700928
7744,29,-0.08589863777160645
7745,7,-2.4222910404205322
7746,8,-2.4003095626831055
7747,12,-2.143536329269409
7748,8,-2.4010818004608154
7749,15,-1.9738430976867676
7750,9,-2.3653769493103027
7751,13,-2.1290199756622314
7752,7,-2.4235951900482178
7753,17,-1.8514606952667236
7754,15,-1.9943373203277588
7755,13,-2.087022542953491
7756,12,-2.1668851375579834
7757,7,-2.453886032104492
7758,18,-1.6909503936767578
7759,10,-2.3055152893066406
7760,14,-2.0169284343719482
7761,6,-2.5096890926361084
7762,21,-1.456234335899353
7763,6,-2.484156370162964
7764,26,-0.6399000883102417
7765,8,-2.393589735031128
7766,9,-2.328767776489258
7767,16,-1.925114631652832
7768,18,-1.7578572034835815
7769,8,-2.389455795288086
7770,16,-1.894688606262207
7771,7,-2.4267494678497314
7772,26,-0.685958743095398
7773,7,-2.4344353675842285
7774,14,-2.0633161067962646
7775,7,-2.4338743686676025
7776,22,-1.298391342163086
7777,8,-2.376469850540161
7778,3,-2.6680727005004883
7779,9,-2.3571524620056152
7780,17,-1.8288836479187012
7781,18,-1.7557228803634644
7782,13,-2.108304738998413
7783,12,-2.196486234664917
7784,14,-2.0395517349243164
7785,8,-2.3835270404815674
7786,16,-1.928923487663269
7787,9,-2.3491342067718506
7788,11,-2.2106688022613525
7789,13,-2.093104600906372
7790,8,-2.3715269565582275
7791,9,-2.3515381813049316
7792,25,-0.7727513313293457
7793,18,-1.7080507278442383
7794,17,-1.7760956287384033
7795,7,-2.4603986740112305
7796,12,-2.1929306983947754
7797,9,-2.3568756580352783
7798,23,-1.1432580947875977
7799,4,-2.599367618560791
7800,13,-2.1199228763580322
7801,15,-1.9726777076721191
7802,26,-0.5862574577331543
7803,16,-1.9022952318191528
7804,20,-1.5568935871124268
7805,9,-2.3608195781707764
7806,11,-2.2332215309143066
7807,15,-1.9492192268371582
7808,10,-2.3106982707977295
7809,19,-1.599226951599121
7810,17,-1.7903759479522705
7811,10,-2.284349203109741
7812,13,-2.106964588165283
7813,14,-2.064157247543335
7814,4,-2.580105781555176
7815,12,-2.1622676849365234
7816,11,-2.2243173122406006
7817,21,-1.4573557376861572
7818,6,-2.4988903999328613
7819,6,-2.514092206954956
7820,11,-2.2321956157684326
7821,17,-1.7844274044036865
7822,9,-2.3373169898986816
7823,7,-2.4520106315612793
7824,10,-2.290343761444092
7825,16,-1.8966095447540283
7826,13,-2.096898078918457
7827,16,-1.934196949005127
7828,9,-2.34403657913208
7829,16,-1.9226164817810059
7830,18,-1.6964958906173706
7831,16,-1.9085919857025146
7832,18,-1.7309901714324951
7833,8,-2.394015312194824
7834,11,-2.238673686981201
7835,10,-2.294625997543335
7836,13,-2.122479200363159
7837,14,-2.0359385013580322
7838,4,-2.616010904312134
7839,26,-0.5566326379776001
7840,14,-2.007319688796997
7841,12,-2.1890602111816406
7842,13,-2.098465919494629
7843,22,-1.2727094888687134
7844,16,-1.9152002334594727
7845,9,-2.3678462505340576
7846,24,-0.8864079713821411
7847,17,-1.7873761653900146
7848,11,-2.225978136062622
7849,11,-2.202059745788574
7850,7,-2.4577620029449463
7851,9,-2.338592052459717
7852,19,-1.6089527606964111
7853,18,-1.6767830848693848
7854,14,-2.0288033485412598
7855,8,-2.410606861114502
7856,15,-1.9950261116027832
7857,14,-2.0214953422546387
7858,12,-2.162149429321289
7859,10,-2.2658369541168213
7860,20,-1.5314494371414185
7861,21,-1.375157356262207
7862,20,-1.5015003681182861
7863,4,-2.582406759262085
7864,13,-2.095815420150757
7865,10,-2.2916500568389893
7866,24,-0.93048095703125
7867,10,-2.3146450519561768
7868,16,-1.9308595657348633
7869,13,-2.111631393432617
7870,12,-2.1983401775360107
7871,15,-2.006849527359009
7872,21,-1.450556993484497
7873,13,-2.103400230407715
7874,11,-2.2543399333953857
7875,16,-1.9309606552124023
7876,15,-1.945833444595337
7877,18,-1.6928858757019043
7878,18,-1.7399723529815674
7879,8,-2.376939058303833
7880,5,-2.5388903617858887
7881,16,-1.9037131071090698
7882,17,-1.8450803756713867
7883,18,-1.7118477821350098
7884,7,-2.421973466873169
7885,15,-1.996549129486084
7886,17,-1.781883955001831
7887,14,-2.024118423461914
7888,12,-2.193037986755371
7889,11,-2.234525203704834
7890,16,-1.8973467350006104
7891,15,-2.0005788803100586
7892,17,-1.831468105316162
7893,11,-2.2053747177124023
7894,9,-2.321031332015991
7895,10,-2.29266095161438
7896,14,-2.0410315990448
7897,15,-2.002586841583252
7898,8,-2.3894104957580566
7899,7,-2.4602372646331787
7900,11,-2.232534170150757
7901,8,-2.4067928791046143
7902,7,-2.43084454536438
7903,4,-2.5832881927490234
7904,17,-1.7779408693313599
7905,7,-2.4303994178771973
7906,10,-2.285065174102783
7907,2,-2.7848212718963623
7908,16,-1.888715147972107
7909,11,-2.2190279960632324
7910,7,-2.4447989463806152
7911,8,-2.4074935913085938
7912,7,-2.433103561401367
7913,17,-1.817054271697998
7914,14,-2.064157009124756
7915,8,-2.386270523071289
7916,20,-1.5102410316467285
7917,12,-2.1524713039398193
7918,19,-1.6632834672927856
7919,27,-0.36584675312042236
7920,13,-2.1294915676116943
7921,15,-1.9823806285858154
7922,10,-2.2672905921936035
7923,7,-2.4349915981292725
7924,12,-2.195549488067627
7925,13,-2.0986881256103516
7926,7,-2.4389290809631348
7927,14,-2.0635862350463867
7928,14,-2.0343732833862305
7929,18,-1.7180311679840088
7930,6,-2.5024917125701904
7931,9,-2.3379406929016113
7932,17,-1.8235514163970947
7933,16,-1.8835980892181396
7934,6,-2.491712808609009
7935,7,-2.441352128982544
7936,15,-1.9760196208953857
7937,6,-2.510009527206421
7938,12,-2.1613259315490723
7939,17,-1.8235304355621338
7940,14,-2.0607643127441406
7941,8,-2.399130344390869
7942,19,-1.5938307046890259
7943,9,-2.332899808883667
7944,16,-1.9294567108154297
7945,6,-2.4900026321411133
7946,10,-2.2743263244628906
7947,10,-2.2965383529663086
7948,16,-1.9201123714447021
7949,9,-2.355520486831665
7950,10,-2.266871690750122
7951,21,-1.4472744464874268
7952,14,-2.0655412673950195
7953,12,-2.160444974899292
7954,16,-1.9027180671691895
7955,15,-1.946989893913269
7956,15,-1.979939579963684
7957,15,-1.9692403078079224
7958,14,-2.0630974769592285
7959,16,-1.8641140460968018
7960,24,-0.8908226490020752
7961,13,-2.101694107055664
7962,20,-1.5602729320526123
7963,8,-2.3812077045440674
7964,10,-2.2861275672912598
7965,22,-1.2895294427871704
7966,26,-0.6735337972640991
7967,15,-2.006352424621582
7968,17,-1.8481749296188354
7969,8,-2.3843071460723877
7970,9,-2.32458758354187
7971,14,-2.0110113620758057
7972,12,-2.1836302280426025
7973,14,-2.0082485675811768
7974,15,-2.002584457397461
7975,11,-2.20139741897583
7976,10,-2.288069248199463
7977,9,-2.3163836002349854
7978,11,-2.247702121734619
7979,10,-2.2884490489959717
7980,18,-1.7020587921142578
7981,20,-1.5417637825012207
7982,15,-1.978184700012207
7983,11,-2.259280204772949
7984,14,-2.016876220703125
7985,8,-2.414024829864502
7986,14,-2.0494232177734375
7987,6,-2.507291078567505
7988,8,-2.419492244720459
7989,10,-2.313894271850586
7990,16,-1.918709397315979
7991,9,-2.32029128074646
7992,4,-2.57773494720459
7993,12,-2.1736903190612793
7994,15,-1.961113452911377
7995,10,-2.292574882507324
7996,19,-1.5815494060516357
7997,20,-1.4748351573944092
7998,9,-2.316648006439209
7999,23,-1.109916090965271
8000,10,-2.2805635929107666
8001,10,-2.2633745670318604
8002,9,-2.350116014480591
8003,8,-2.386188507080078
8004,17,-1.8250800371170044
8005,27,-0.40870773792266846
8006,8,-2.4146804809570312
8007,10,-2.308218240737915
8008,13,-2.0959765911102295
8009,25,-0.7531023025512695
8010,22,-1.2541598081588745
8011,15,-1.9459009170532227
8012,12,-2.1719255447387695
8013,12,-2.19165301322937
8014,7,-2.461383819580078
8015,9,-2.3601739406585693
8016,15,-1.990931749343872
8017,21,-1.3453369140625
8018,8,-2.376816511154175
8019,11,-2.2215518951416016
8020,9,-2.3499176502227783
8021,7,-2.462599754333496
8022,15,-1.9391798973083496
8023,9,-2.3297224044799805
8024,18,-1.7740281820297241
8025,15,-2.0043835639953613
8026,5,-2.567525625228882
8027,21,-1.4192674160003662
8028,8,-2.374875068664551
8029,10,-2.265493869781494
8030,16,-1.8933353424072266
8031,30,0.06113123893737793
8032,23,-1.0767461061477661
8033,11,-2.244753122329712
8034,11,-2.2075581550598145
8035,8,-2.376227855682373
8036,11,-2.2087745666503906
8037,15,-1.9843013286590576
8038,15,-1.9781360626220703
8039,7,-2.464660406112671
8040,18,-1.762671709060669
8041,9,-2.361009120941162
8042,20,-1.5051536560058594
8043,15,-1.9800971746444702
8044,14,-2.0119028091430664
8045,11,-2.25026273727417
8046,7,-2.4573450088500977
8047,14,-2.05092453956604
8048,18,-1.6910433769226074
8049,17,-1.8225889205932617
8050,17,-1.8304672241210938
8051,7,-2.423419713973999
8052,19,-1.6637568473815918
8053,7,-2.4583053588867188
8054,11,-2.226684331893921
8055,11,-2.2023587226867676
8056,19,-1.5822097063064575
8057,23,-1.1295597553253174
8058,8,-2.4005117416381836
8059,7,-2.4366137981414795
8060,13,-2.1279101371765137
8061,6,-2.4991636276245117
8062,9,-2.3310911655426025
8063,8,-2.375534772872925
8064,4,-2.620265245437622
8065,7,-2.4593820571899414
8066,7,-2.424804210662842
8067,20,-1.5380408763885498
8068,19,-1.6093013286590576
8069,9,-2.3621480464935303
8070,18,-1.7260346412658691
8071,6,-2.496955156326294
8072,11,-2.236340045928955
8073,19,-1.6485704183578491
8074,5,-2.5297741889953613
8075,11,-2.2363502979278564
8076,11,-2.2321078777313232
8077,7,-2.448155164718628
8078,10,-2.299042224884033
8079,18,-1.6825881004333496
8080,15,-1.9720470905303955
8081,25,-0.8671956062316895
8082,11,-2.2190680503845215
8083,18,-1.7659783363342285
8084,18,-1.6784780025482178
8085,15,-1.9598523378372192
8086,12,-2.1939899921417236
8087,10,-2.2880334854125977
8088,15,-2.004693031311035
8089,5,-2.526670455932617
8090,23,-1.1062029600143433
8091,12,-2.1661136150360107
8092,11,-2.224205493927002
8093,9,-2.352241277694702
8094,14,-2.071730375289917
8095,7,-2.4612231254577637
8096,10,-2.2953977584838867
8097,11,-2.2277650833129883
8098,12,-2.1672239303588867
8099,11,-2.2552504539489746
8100,11,-2.2542405128479004
8101,25,-0.8651081323623657
8102,9,-2.3639166355133057
8103,8,-2.4130373001098633
8104,30,0.01538538932800293
8105,17,-1.8198497295379639
8106,29,-0.015532970428466797
8107,9,-2.357280969619751
8108,18,-1.7571308612823486
8109,12,-2.1613097190856934
8110,7,-2.4699647426605225
8111,15,-1.9702930450439453
8112,16,-1.8824747800827026
8113,26,-0.689349889755249
8114,8,-2.404932737350464
8115,19,-1.5950188636779785
8116,8,-2.371859312057495
8117,25,-0.8516613245010376
8118,17,-1.7912184000015259
8119,30,0.03289437294006348
8120,12,-2.1585988998413086
8121,30,0.020929336547851562
8122,7,-2.4390900135040283
8123,6,-2.4836137294769287
8124,8,-2.3715789318084717
8125,18,-1.726744294166565
8126,22,-1.2091209888458252
8127,17,-1.8467159271240234
8128,10,-2.313199043273926
8129,17,-1.852221965789795
8130,18,-1.7683494091033936
8131,13,-2.1301095485687256
8132,9,-2.3679139614105225
8133,21,-1.4214911460876465
8134,7,-2.4637527465820312
8135,7,-2.459193229675293
8136,28,-0.21513676643371582
8137,30,0.06410360336303711
8138,18,-1.6933519840240479
8139,29,-0.0168917179107666
8140,7,-2.442584276199341
8141,23,-1.0742628574371338
8142,21,-1.421412467956543
8143,7,-2.456493616104126
8144,11,-2.2477540969848633
8145,13,-2.115119457244873
8146,9,-2.3233234882354736
8147,21,-1.3828141689300537
8148,11,-2.2281363010406494
8149,12,-2.1553947925567627
8150,20,-1.5217880010604858
8151,14,-2.010688304901123
8152,7,-2.4591455459594727
8153,22,-1.3176251649856567
8154,8,-2.4178600311279297
8155,10,-2.2765238285064697
8156,11,-2.2030692100524902
8157,13,-2.103550434112549
8158,13,-2.0879409313201904
8159,10,-2.276182174682617
8160,11,-2.250455856323242
8161,7,-2.470228672027588
8162,9,-2.341038227081299
8163,13,-2.099935531616211
8164,23,-1.1769813299179077
8165,11,-2.211907148361206
8166,16,-1.8868050575256348
8167,25,-0.8770041465759277
8168,10,-2.2617743015289307
8169,10,-2.286264181137085
8170,5,-2.5498812198638916
8171,27,-0.48809361457824707
8172,12,-2.1726629734039307
8173,10,-2.2966597080230713
8174,18,-1.7735264301300049
8175,10,-2.3052828311920166
8176,13,-2.1077959537506104
8177,23,-1.1035070419311523
8178,12,-2.1930980682373047
8179,15,-1.9986448287963867
8180,18,-1.716705560684204
8181,9,-2.343017101287842
8182,15,-1.9560728073120117
8183,13,-2.1070547103881836
8184,9,-2.3318185806274414
8185,12,-2.162785053253174
8186,16,-1.8766164779663086
8187,21,-1.3857899904251099
8188,11,-2.24365496635437
8189,12,-2.1954710483551025
8190,26,-0.601391077041626
8191,5,-2.5367255210876465
8192,11,-2.2469260692596436
8193,23,-1.0625505447387695
8194,14,-2.019120454788208
8195,8,-2.3729746341705322
8196,15,-1.9404553174972534
8197,20,-1.4860291481018066
8198,13,-2.082547903060913
8199,15,-1.9423354864120483
8200,25,-0.8399701118469238
8201,10,-2.3143107891082764
8202,18,-1.754574179649353
8203,12,-2.1813244819641113
8204,13,-2.0914974212646484
8205,28,-0.2478501796722412
8206,20,-1.5506619215011597
8207,8,-2.3883755207061768
8208,16,-1.8842347860336304
8209,9,-2.3586575984954834
8210,6,-2.494205951690674
8211,8,-2.4015378952026367
8212,6,-2.515047311782837
8213,12,-2.1419243812561035
8214,8,-2.377443313598633
8215,20,-1.5457618236541748
8216,12,-2.1611337661743164
8217,20,-1.508223533630371
8218,7,-2.4247162342071533
8219,15,-2.0064656734466553
8220,8,-2.3768937587738037
8221,14,-2.02897310256958
8222,17,-1.798891544342041
8223,11,-2.221318244934082
8224,8,-2.400084972381592
8225,21,-1.397840976715088
8226,17,-1.774141550064087
8227,14,-2.0485997200012207
8228,10,-2.298130512237549
8229,12,-2.179542064666748
8230,7,-2.4349822998046875
8231,7,-2.4479222297668457
8232,30,0.007687091827392578
8233,16,-1.8999673128128052
8234,9,-2.317080497741699
8235,10,-2.3031516075134277
8236,8,-2.38114595413208
8237,11,-2.233422040939331
8238,15,-1.9815577268600464
8239,17,-1.8145711421966553
8240,19,-1.6272573471069336
8241,19,-1.6751656532287598
8242,17,-1.8396413326263428
8243,20,-1.5385277271270752
8244,11,-2.2499606609344482
8245,25,-0.8675829172134399
8246,10,-2.2970097064971924
8247,12,-2.1636550426483154
8248,9,-2.3335886001586914
8249,3,-2.6614978313446045
8250,13,-2.086538314819336
8251,14,-2.0391852855682373
8252,9,-2.330378293991089
8253,17,-1.7898610830307007
8254,17,-1.7859232425689697
8255,9,-2.329714059829712
8256,7,-2.465696096420288
8257,17,-1.7773582935333252
8258,24,-0.9732042551040649
8259,14,-2.066343069076538
8260,15,-1.9801483154296875
8261,9,-2.350487470626831
8262,10,-2.2689507007598877
8263,6,-2.489738702774048
8264,16,-1.9040014743804932
8265,10,-2.2895162105560303
8266,20,-1.521143913269043
8267,2,-2.7563135623931885
8268,15,-1.9953968524932861
8269,21,-1.4089094400405884
8270,16,-1.9114161729812622
8271,17,-1.8059890270233154
8272,19,-1.594442367553711
8273,11,-2.2119274139404297
8274,30,0.06379532814025879
8275,29,-0.15102624893188477
8276,8,-2.4128735065460205
8277,27,-0.3846151828765869
8278,4,-2.6186959743499756
8279,20,-1.4717332124710083
8280,16,-1.9241207838058472
8281,9,-2.3329365253448486
8282,15,-1.9836878776550293
8283,18,-1.678135633468628
8284,11,-2.2036566734313965
8285,10,-2.315112829208374
8286,8,-2.3792285919189453
8287,8,-2.3822336196899414
8288,29,-0.1569352149963379
8289,24,-1.0249289274215698
8290,7,-2.4327852725982666
8291,4,-2.6060352325439453
8292,30,0.00816035270690918
8293,10,-2.285338878631592
8294,14,-2.0182526111602783
8295,19,-1.577385425567627
8296,23,-1.1732019186019897
8297,28,-0.27362942695617676
8298,7,-2.4536285400390625
8299,15,-1.9576530456542969
8300,16,-1.9248071908950806
8301,9,-2.3206489086151123
8302,11,-2.2134525775909424
8303,16,-1.9170202016830444
8304,8,-2.3870670795440674
8305,10,-2.291231393814087
8306,8,-2.3961493968963623
8307,14,-2.0616745948791504
8308,6,-2.4925553798675537
8309,8,-2.3805739879608154
8310,14,-2.0670971870422363
8311,17,-1.810651421546936
8312,19,-1.6354246139526367
8313,5,-2.5323164463043213
8314,9,-2.34037184715271
8315,19,-1.6151058673858643
8316,20,-1.4703737497329712
8317,15,-1.9591811895370483
8318,7,-2.4536261558532715
8319,10,-2.2985270023345947
8320,16,-1.8924586772918701
8321,9,-2.338067054748535
8322,9,-2.3427460193634033
8323,11,-2.2386844158172607
8324,13,-2.1103994846343994
8325,17,-1.7820210456848145
8326,16,-1.9138963222503662
8327,23,-1.0607203245162964
8328,9,-2.367098093032837
8329,8,-2.3808693885803223
8330,11,-2.203066110610962
8331,14,-2.045760154724121
8332,10,-2.316272020339966
8333,26,-0.6655501127243042
8334,12,-2.1994476318359375
8335,9,-2.328202962875366
8336,13,-2.0983896255493164
8337,10,-2.2734718322753906
8338,20,-1.5530389547348022
8339,13,-2.1215062141418457
8340,15,-1.9518585205078125
8341,9,-2.3616902828216553
8342,16,-1.9168553352355957
8343,20,-1.5545403957366943
8344,8,-2.3762924671173096
8345,10,-2.2667810916900635
8346,10,-2.2969553470611572
8347,9,-2.360102653503418
8348,22,-1.2429875135421753
8349,12,-2.1987195014953613
8350,20,-1.507279634475708
8351,9,-2.3420073986053467
8352,7,-2.4613022804260254
8353,10,-2.2661430835723877
8354,18,-1.7345550060272217
8355,12,-2.1918044090270996
8356,8,-2.414337635040283
8357,12,-2.1677162647247314
8358,11,-2.2574145793914795
8359,10,-2.3117570877075195
8360,9,-2.353832960128784
8361,12,-2.163141965866089
8362,7,-2.464998722076416
8363,12,-2.1828441619873047
8364,17,-1.7789541482925415
8365,9,-2.326838970184326
8366,9,-2.33103346824646
8367,19,-1.609147071838379
8368,14,-2.073289394378662
8369,15,-1.9446187019348145
8370,22,-1.3151195049285889
8371,13,-2.114816904067993
8372,13,-2.085963010787964
8373,14,-2.0361456871032715
8374,22,-1.2360179424285889
8375,8,-2.3962643146514893
8376,10,-2.295475482940674
8377,28,-0.24105310440063477
8378,22,-1.253469467163086
8379,19,-1.612297534942627
8380,28,-0.1722719669342041
8381,21,-1.4222122430801392
8382,29,-0.10024404525756836
8383,20,-1.4801101684570312
8384,12,-2.1392953395843506
8385,17,-1.832624912261963
8386,11,-2.250993013381958
8387,11,-2.2166435718536377
8388,23,-1.1982290744781494
8389,20,-1.545959711074829
8390,9,-2.323343276977539
8391,7,-2.422670602798462
8392,16,-1.8663338422775269
8393,15,-1.9781196117401123
8394,8,-2.3999571800231934
8395,9,-2.324889898300171
8396,22,-1.2177033424377441
8397,15,-1.9595692157745361
8398,18,-1.7425318956375122
8399,6,-2.512726068496704
8400,13,-2.130495309829712
8401,15,-1.937289834022522
8402,8,-2.4015462398529053
8403,13,-2.097994565963745
8404,18,-1.7321553230285645
8405,12,-2.187800884246826
8406,13,-2.1063249111175537
8407,9,-2.3539059162139893
8408,11,-2.230358362197876
8409,10,-2.2647922039031982
8410,17,-1.8277992010116577
8411,11,-2.209559679031372
8412,15,-1.9890004396438599
8413,10,-2.299940347671509
8414,26,-0.5474505424499512
8415,19,-1.635969638824463
8416,12,-2.1549394130706787
8417,9,-2.351086139678955
8418,6,-2.506760597229004
8419,10,-2.260146141052246
8420,23,-1.193005919456482
8421,14,-2.0602962970733643
8422,12,-2.1973352432250977
8423,20,-1.486875057220459
8424,16,-1.9259141683578491
8425,5,-2.5584523677825928
8426,17,-1.7749412059783936
8427,6,-2.489642858505249
8428,19,-1.5964610576629639
8429,10,-2.288020610809326
8430,20,-1.5637364387512207
8431,7,-2.4352076053619385
8432,11,-2.230506181716919
8433,12,-2.1916394233703613
8434,8,-2.3733677864074707
8435,14,-2.048231363296509
8436,11,-2.2399730682373047
8437,18,-1.7299370765686035
8438,9,-2.3663697242736816
8439,12,-2.1567389965057373
8440,8,-2.3785126209259033
8441,9,-2.3490149974823
8442,18,-1.7541131973266602
8443,13,-2.1111698150634766
8444,15,-1.967186450958252
8445,6,-2.5096452236175537
8446,14,-2.039924383163452
8447,15,-2.002150058746338
8448,10,-2.2927420139312744
8449,25,-0.742713212966919
8450,12,-2.1772661209106445
8451,16,-1.899681806564331
8452,8,-2.399742603302002
8453,22,-1.3249059915542603
8454,24,-1.0162273645401
8455,15,-1.9683655500411987
8456,7,-2.45759654045105
8457,6,-2.5231447219848633
8458,18,-1.7388194799423218
8459,13,-2.077078342437744
8460,11,-2.2060940265655518
8461,25,-0.7624162435531616
8462,14,-2.0213441848754883
8463,10,-2.2850918769836426
8464,13,-2.1314384937286377
8465,7,-2.4637014865875244
8466,14,-2.070359706878662
8467,14,-2.0338919162750244
8468,15,-1.9670487642288208
8469,19,-1.646409273147583
8470,15,-1.9609761238098145
8471,19,-1.6481462717056274
8472,10,-2.310349702835083
8473,10,-2.275974988937378
8474,10,-2.26023530960083
8475,18,-1.7575660943984985
8476,15,-1.9561043977737427
8477,17,-1.8595441579818726
8478,8,-2.38742995262146
8479,20,-1.5266882181167603
8480,12,-2.1753246784210205
8481,10,-2.275826930999756
8482,28,-0.22103595733642578
8483,26,-0.6583534479141235
8484,29,-0.07161068916320801
8485,15,-1.9919874668121338
8486,15,-1.9527428150177002
8487,16,-1.8755214214324951
8488,21,-1.3942604064941406
8489,23,-1.1181228160858154
8490,21,-1.3443611860275269
8491,26,-0.6013178825378418
8492,16,-1.927580714225769
8493,22,-1.2577369213104248
8494,15,-1.9673644304275513
8495,7,-2.4511985778808594
8496,17,-1.7802256345748901
8497,19,-1.6566648483276367
8498,11,-2.2018280029296875
8499,7,-2.442164421081543
8500,18,-1.7140036821365356
8501,9,-2.367649555206299
8502,8,-2.371060848236084
8503,13,-2.083559036254883
8504,10,-2.283484935760498
8505,15,-1.973004937171936
8506,23,-1.1986654996871948
8507,7,-2.4474689960479736
8508,17,-1.7967342138290405
8509,17,-1.787538766860962
8510,14,-2.0341525077819824
8511,10,-2.2928073406219482
8512,5,-2.529496431350708
8513,18,-1.749214768409729
8514,14,-2.072106122970581
8515,19,-1.6560169458389282
8516,9,-2.3388919830322266
8517,25,-0.7657178640365601
8518,10,-2.310673713684082
8519,8,-2.372023582458496
8520,15,-1.9627065658569336
8521,17,-1.791553258895874
8522,15,-1.965968370437622
8523,11,-2.224290132522583
8524,5,-2.5499422550201416
8525,14,-2.058882236480713
8526,8,-2.4193081855773926
8527,16,-1.9180701971054077
8528,17,-1.8350216150283813
8529,30,0.07119584083557129
8530,6,-2.5202929973602295
8531,9,-2.317192792892456
8532,14,-2.0655343532562256
8533,5,-2.5702104568481445
8534,15,-2.0041723251342773
8535,23,-1.1713624000549316
8536,18,-1.7660343647003174
8537,8,-2.388578176498413
8538,24,-0.9336509704589844
8539,7,-2.4370737075805664
8540,12,-2.1741113662719727
8541,18,-1.7250564098358154
8542,7,-2.460505485534668
8543,15,-1.9812793731689453
8544,5,-2.543610095977783
8545,30,-0.0069577693939208984
8546,11,-2.258411169052124
8547,25,-0.8228479623794556
8548,8,-2.376415967941284
8549,15,-1.993334174156189
8550,14,-2.0696940422058105
8551,22,-1.207688570022583
8552,5,-2.573592185974121
8553,18,-1.7174468040466309
8554,5,-2.573533535003662
8555,18,-1.7074830532073975
8556,13,-2.123201608657837
8557,10,-2.2998790740966797
8558,17,-1.7857065200805664
8559,7,-2.422683000564575
8560,8,-2.381781816482544
8561,17,-1.8327553272247314
8562,10,-2.2945077419281006
8563,27,-0.4445599317550659
8564,21,-1.4291050434112549
8565,9,-2.3555915355682373
8566,13,-2.096367835998535
8567,22,-1.3297770023345947
8568,15,-1.985093116760254
8569,6,-2.4740965366363525
8570,22,-1.3218976259231567
8571,9,-2.344635486602783
8572,16,-1.885148048400879
8573,22,-1.3192044496536255
8574,15,-1.9623843431472778
8575,16,-1.8705065250396729
8576,14,-2.0267324447631836
8577,17,-1.816992998123169
8578,8,-2.4156346321105957
8579,8,-2.412890911102295
8580,12,-2.157874345779419
8581,13,-2.076521158218384
8582,17,-1.7963101863861084
8583,14,-2.024332284927368
8584,13,-2.103015422821045
8585,17,-1.8032317161560059
8586,15,-1.9976383447647095
8587,10,-2.2712204456329346
8588,9,-2.3635008335113525
8589,14,-2.0217092037200928
8590,7,-2.4512922763824463
8591,8,-2.3778955936431885
8592,9,-2.325448989868164
8593,12,-2.170250177383423
8594,22,-1.2529670000076294
8595,24,-0.9266794919967651
8596,12,-2.1785831451416016
8597,7,-2.4543254375457764
8598,6,-2.5217204093933105
8599,13,-2.1083850860595703
8600,14,-2.028103828430176
8601,15,-1.949513554573059
8602,5,-2.5615925788879395
8603,17,-1.7839274406433105
8604,10,-2.2959821224212646
8605,5,-2.5301625728607178
8606,15,-1.9642201662063599
8607,8,-2.4197821617126465
8608,15,-2.0020673274993896
8609,7,-2.42199444770813
8610,7,-2.472203016281128
8611,20,-1.5038950443267822
8612,13,-2.112097978591919
8613,7,-2.4344840049743652
8614,18,-1.7232915163040161
8615,14,-2.0261218547821045
8616,18,-1.7527353763580322
8617,12,-2.171759605407715
8618,7,-2.464655876159668
8619,5,-2.533221483230591
8620,19,-1.676120638847351
8621,18,-1.7517426013946533
8622,15,-1.9916719198226929
8623,7,-2.4537580013275146
8624,11,-2.223320484161377
8625,10,-2.3073785305023193
8626,4,-2.606794834136963
8627,8,-2.3754234313964844
8628,13,-2.118299722671509
8629,15,-1.9461147785186768
8630,17,-1.8095169067382812
8631,11,-2.224728584289551
8632,20,-1.49951171875
8633,6,-2.4782655239105225
8634,17,-1.8587287664413452
8635,7,-2.423077344894409
8636,14,-2.0262176990509033
8637,6,-2.5101382732391357
8638,19,-1.6438934803009033
8639,5,-2.5537774562835693
8640,11,-2.240696430206299
8641,18,-1.695760726928711
8642,11,-2.2030766010284424
8643,8,-2.382417917251587
8644,15,-2.0036470890045166
8645,20,-1.5532491207122803
8646,7,-2.435382843017578
8647,26,-0.657910943031311
8648,13,-2.0792880058288574
8649,16,-1.9337859153747559
8650,13,-2.0989816188812256
8651,11,-2.203918218612671
8652,13,-2.0748980045318604
8653,20,-1.492706537246704
8654,14,-2.0697877407073975
8655,14,-2.048462152481079
8656,18,-1.7508338689804077
8657,8,-2.4106802940368652
8658,8,-2.414884090423584
8659,16,-1.9103926420211792
8660,20,-1.4683129787445068
8661,7,-2.4344911575317383
8662,18,-1.735155701637268
8663,17,-1.8417651653289795
8664,15,-1.988566517829895
8665,23,-1.0615386962890625
8666,16,-1.889296293258667
8667,14,-2.06022310256958
8668,5,-2.570359945297241
8669,9,-2.3514928817749023
8670,19,-1.63112211227417
8671,24,-0.9725191593170166
8672,16,-1.9247019290924072
8673,9,-2.3482093811035156
8674,15,-2.00618577003479
8675,16,-1.91363525390625
8676,13,-2.1152238845825195
8677,11,-2.199450969696045
8678,10,-2.265817642211914
8679,17,-1.8533676862716675
8680,18,-1.7702933549880981
8681,14,-2.0607693195343018
8682,19,-1.6483073234558105
8683,7,-2.4351727962493896
8684,22,-1.3007292747497559
8685,14,-2.071934223175049
8686,11,-2.256789445877075
8687,15,-1.9746911525726318
8688,9,-2.352220296859741
8689,11,-2.2032229900360107
8690,20,-1.562625765800476
8691,29,-0.028722047805786133
8692,27,-0.4872702360153198
8693,9,-2.3231101036071777
8694,17,-1.8208353519439697
8695,6,-2.4825472831726074
8696,9,-2.3470306396484375
8697,14,-2.042518138885498
8698,30,0.03403830528259277
8699,17,-1.8399571180343628
8700,13,-2.111293077468872
8701,18,-1.7466340065002441
8702,15,-1.9603629112243652
8703,14,-2.0239505767822266
8704,24,-1.0202783346176147
8705,15,-1.9554780721664429
8706,8,-2.393514394760132
8707,6,-2.4938082695007324
8708,16,-1.8739155530929565
8709,10,-2.3014297485351562
8710,14,-2.069058418273926
8711,14,-2.032586097717285
8712,18,-1.72066068649292
8713,14,-2.0471346378326416
8714,12,-2.16825532913208
8715,22,-1.2622911930084229
8716,11,-2.220353126525879
8717,14,-2.050840139389038
8718,16,-1.8671082258224487
8719,19,-1.5965125560760498
8720,11,-2.249786615371704
8721,8,-2.412302017211914
8722,19,-1.6758978366851807
8723,19,-1.58927321434021
8724,13,-2.128969430923462
8725,16,-1.879996657371521
8726,23,-1.135237455368042
8727,18,-1.7228448390960693
8728,17,-1.7773411273956299
8729,10,-2.2895026206970215
8730,20,-1.521022081375122
8731,8,-2.382966995239258
8732,20,-1.573744297027588
8733,18,-1.7595784664154053
8734,10,-2.2606685161590576
8735,15,-1.990570306777954
8736,13,-2.1162657737731934
8737,17,-1.8416833877563477
8738,13,-2.086663246154785
8739,9,-2.3507208824157715
8740,28,-0.26770853996276855
8741,12,-2.140965223312378
8742,5,-2.55074143409729
8743,7,-2.422541856765747
8744,6,-2.493709087371826
8745,12,-2.178107976913452
8746,15,-1.942341923713684
8747,13,-2.1137924194335938
8748,13,-2.1190593242645264
8749,15,-1.9781092405319214
8750,16,-1.931086540222168
8751,8,-2.3816847801208496
8752,20,-1.5311920642852783
8753,14,-2.054422378540039
8754,21,-1.342214584350586
8755,17,-1.7887966632843018
8756,11,-2.2588162422180176
8757,13,-2.1240592002868652
8758,9,-2.3464982509613037
8759,18,-1.6990785598754883
8760,8,-2.409231424331665
8761,14,-2.067492961883545
8762,22,-1.3105130195617676
8763,13,-2.0799760818481445
8764,24,-1.042771816253662
8765,11,-2.2319445610046387
8766,19,-1.6485939025878906
8767,14,-2.028930902481079
8768,25,-0.8170737028121948
8769,18,-1.7512197494506836
8770,18,-1.7446331977844238
8771,23,-1.0696309804916382
8772,17,-1.8205889463424683
8773,14,-2.0230231285095215
8774,21,-1.3930323123931885
8775,8,-2.3936798572540283
8776,9,-2.3529367446899414
8777,10,-2.273463010787964
8778,24,-0.8897007703781128
8779,14,-2.054813861846924
8780,17,-1.8407011032104492
8781,15,-1.9796993732452393
8782,27,-0.40620100498199463
8783,14,-2.05533504486084
8784,8,-2.3696494102478027
8785,17,-1.853911280632019
8786,10,-2.3024182319641113
8787,5,-2.5747299194335938
8788,9,-2.345154047012329
8789,17,-1.7995167970657349
8790,26,-0.6580450534820557
8791,18,-1.708362340927124
8792,19,-1.6056756973266602
8793,9,-2.3671765327453613
8794,10,-2.285325527191162
8795,4,-2.5871434211730957
8796,11,-2.202671527862549
8797,24,-0.9746342897415161
8798,10,-2.3089733123779297
8799,22,-1.239456057548523
8800,15,-1.9912282228469849
8801,14,-2.0506935119628906
8802,15,-1.977381944656372
8803,14,-2.0144622325897217
8804,27,-0.45003652572631836
8805,18,-1.680525779724121
8806,10,-2.2916343212127686
8807,8,-2.4118566513061523
8808,6,-2.4834704399108887
8809,15,-1.9852925539016724
8810,21,-1.3461167812347412
8811,19,-1.5856037139892578
8812,19,-1.6275088787078857
8813,7,-2.4606170654296875
8814,20,-1.5415863990783691
8815,7,-2.4356441497802734
8816,13,-2.1262524127960205
8817,11,-2.2503137588500977
8818,7,-2.473332166671753
8819,16,-1.913187861442566
8820,17,-1.8449509143829346
8821,12,-2.160759210586548
8822,16,-1.9226267337799072
8823,13,-2.098933219909668
8824,21,-1.424617052078247
8825,19,-1.5790750980377197
8826,21,-1.3441888093948364
8827,12,-2.1554980278015137
8828,14,-2.0408148765563965
8829,13,-2.0952494144439697
8830,5,-2.5747742652893066
8831,7,-2.455815553665161
8832,20,-1.5024796724319458
8833,21,-1.3452259302139282
8834,9,-2.3681421279907227
8835,10,-2.303633213043213
8836,25,-0.6983822584152222
8837,8,-2.400245189666748
8838,10,-2.266554594039917
8839,8,-2.41593337059021
8840,18,-1.7048636674880981
8841,7,-2.4204413890838623
8842,1,-2.8002781867980957
8843,15,-1.9513251781463623
8844,13,-2.0867722034454346
8845,17,-1.8484218120574951
8846,21,-1.4159717559814453
8847,8,-2.413694143295288
8848,16,-1.8927793502807617
8849,17,-1.7756366729736328
8850,7,-2.454979419708252
8851,7,-2.4552767276763916
8852,7,-2.466426134109497
8853,30,0.03847694396972656
8854,9,-2.3644866943359375
8855,13,-2.1345627307891846
8856,9,-2.351074457168579
8857,11,-2.201862096786499
8858,18,-1.703256368637085
8859,23,-1.0906634330749512
8860,13,-2.1359403133392334
8861,6,-2.4818460941314697
8862,20,-1.5036590099334717
8863,16,-1.9339804649353027
8864,20,-1.551296591758728
8865,6,-2.4843926429748535
8866,18,-1.6985706090927124
8867,13,-2.106323003768921
8868,18,-1.7654447555541992
8869,21,-1.4016797542572021
8870,15,-1.9989700317382812
8871,17,-1.8417184352874756
8872,15,-1.97901451587677
8873,10,-2.298362970352173
8874,12,-2.176036834716797
8875,11,-2.2396750450134277
8876,15,-1.9523279666900635
8877,11,-2.2586052417755127
8878,9,-2.3613433837890625
8879,11,-2.2498810291290283
8880,13,-2.1083667278289795
8881,8,-2.37020206451416
8882,15,-1.9542824029922485
8883,19,-1.635727882385254
8884,28,-0.2559182643890381
8885,14,-2.0565388202667236
8886,22,-1.2106269598007202
8887,8,-2.391793966293335
8888,12,-2.1670773029327393
8889,9,-2.3400304317474365
8890,18,-1.6960163116455078
8891,11,-2.2488865852355957
8892,29,-0.03440260887145996
8893,14,-2.050018072128296
8894,8,-2.372133493423462
8895,17,-1.8424352407455444
8896,12,-2.172750473022461
8897,28,-0.21167373657226562
8898,24,-0.9541115760803223
8899,10,-2.297318935394287
8900,14,-2.061091661453247
8901,9,-2.360025405883789
8902,11,-2.248767375946045
8903,12,-2.154572010040283
8904,6,-2.5201303958892822
8905,21,-1.444817304611206
8906,20,-1.5746266841888428
8907,14,-2.0360236167907715
8908,10,-2.2656848430633545
8909,23,-1.0656447410583496
8910,17,-1.792769193649292
8911,17,-1.834458351135254
8912,9,-2.368306875228882
8913,13,-2.1205248832702637
8914,15,-2.0071630477905273
8915,14,-2.032710075378418
8916,22,-1.2212547063827515
8917,14,-2.0303564071655273
8918,23,-1.1298909187316895
8919,14,-2.0435357093811035
8920,14,-2.058542013168335
8921,7,-2.4240777492523193
8922,17,-1.830690860748291
8923,16,-1.9134254455566406
8924,14,-2.0117368698120117
8925,16,-1.9256031513214111
8926,7,-2.4443070888519287
8927,14,-2.030728340148926
8928,10,-2.30505633354187
8929,7,-2.469066619873047
8930,2,-2.7433600425720215
8931,11,-2.2451040744781494
8932,11,-2.2238106727600098
8933,24,-0.9521830081939697
8934,25,-0.8473232984542847
8935,12,-2.186387538909912
8936,18,-1.757957935333252
8937,5,-2.576557159423828
8938,8,-2.399495840072632
8939,15,-1.9439750909805298
8940,16,-1.8798904418945312
8941,14,-2.0642590522766113
8942,22,-1.2992150783538818
8943,12,-2.1738624572753906
8944,24,-0.9030928611755371
8945,15,-1.9805450439453125
8946,13,-2.1132853031158447
8947,23,-1.115648627281189
8948,8,-2.4137394428253174
8949,13,-2.093824863433838
8950,17,-1.7884118556976318
8951,3,-2.644256591796875
8952,16,-1.8860342502593994
8953,16,-1.8626600503921509
8954,21,-1.4382948875427246
8955,13,-2.1172094345092773
8956,7,-2.425004243850708
8957,22,-1.28244149684906
8958,18,-1.7396845817565918
8959,12,-2.1465048789978027
8960,9,-2.320571184158325
8961,25,-0.874667763710022
8962,10,-2.269279956817627
8963,11,-2.2536535263061523
8964,11,-2.247035503387451
8965,6,-2.4926693439483643
8966,17,-1.8267481327056885
8967,16,-1.879390835762024
8968,15,-1.958402395248413
8969,12,-2.1731536388397217
8970,19,-1.664620280265808
8971,9,-2.3570663928985596
8972,21,-1.4447919130325317
8973,14,-2.0669000148773193
8974,6,-2.5235273838043213
8975,15,-1.979594111442566
8976,11,-2.2198262214660645
8977,9,-2.350072145462036
8978,12,-2.1887333393096924
8979,12,-2.1738507747650146
8980,9,-2.3535053730010986
8981,13,-2.1038758754730225
8982,14,-2.0294692516326904
8983,14,-2.0695343017578125
8984,18,-1.742795705795288
8985,12,-2.1559596061706543
8986,29,-0.09648919105529785
8987,6,-2.512824058532715
8988,16,-1.8692235946655273
8989,12,-2.181027889251709
8990,12,-2.1464474201202393
8991,6,-2.489027738571167
8992,19,-1.6482374668121338
8993,18,-1.77079439163208
8994,22,-1.316644310951233
8995,10,-2.280728578567505
8996,8,-2.4056529998779297
8997,21,-1.3944716453552246
8998,21,-1.3964641094207764
8999,29,-0.040529489517211914
9000,12,-2.1397948265075684
9001,22,-1.3363103866577148
9002,14,-2.0477421283721924
9003,17,-1.817596435546875
9004,8,-2.392747640609741
9005,8,-2.3922812938690186
9006,16,-1.9185413122177124
9007,15,-1.97300386428833
9008,8,-2.381504774093628
9009,22,-1.260733723640442
9010,15,-2.001012086868286
9011,6,-2.4864540100097656
9012,19,-1.6706318855285645
9013,15,-1.9918383359909058
9014,7,-2.4531326293945312
9015,11,-2.207388401031494
9016,18,-1.6826810836791992
9017,13,-2.117948293685913
9018,17,-1.8065955638885498
9019,11,-2.224368095397949
9020,11,-2.210831642150879
9021,8,-2.389622211456299
9022,21,-1.3489912748336792
9023,11,-2.2381086349487305
9024,18,-1.7348560094833374
9025,2,-2.7847347259521484
9026,9,-2.3320255279541016
9027,10,-2.286520004272461
9028,8,-2.405684232711792
9029,6,-2.482058048248291
9030,12,-2.1767613887786865
9031,14,-2.02846622467041
9032,10,-2.2787375450134277
9033,24,-1.0188775062561035
9034,7,-2.457814931869507
9035,10,-2.2719900608062744
9036,5,-2.535191297531128
9037,15,-1.9413591623306274
9038,17,-1.7810487747192383
9039,11,-2.2497596740722656
9040,8,-2.4021120071411133
9041,27,-0.4421905279159546
9042,23,-1.1294690370559692
9043,11,-2.2448954582214355
9044,15,-1.995943307876587
9045,10,-2.3157429695129395
9046,16,-1.8680592775344849
9047,18,-1.7578856945037842
9048,17,-1.8058347702026367
9049,18,-1.69612455368042
9050,18,-1.7054483890533447
9051,12,-2.1786439418792725
9052,8,-2.409196138381958
9053,12,-2.1780848503112793
9054,21,-1.4148591756820679
9055,21,-1.4115350246429443
9056,11,-2.231393337249756
9057,27,-0.3818415403366089
9058,10,-2.263831615447998
9059,14,-2.060917377471924
9060,13,-2.074716091156006
9061,8,-2.3907885551452637
9062,13,-2.128420829772949
9063,8,-2.381950855255127
9064,13,-2.0836596488952637
9065,15,-1.9641739130020142
9066,12,-2.177152633666992
9067,20,-1.5611371994018555
9068,8,-2.3764615058898926
9069,15,-1.9380172491073608
9070,7,-2.464634418487549
9071,23,-1.155526041984558
9072,7,-2.467888116836548
9073,9,-2.342801570892334
9074,12,-2.153388023376465
9075,16,-1.8631268739700317
9076,16,-1.920841932296753
9077,16,-1.8895164728164673
9078,10,-2.2802271842956543
9079,6,-2.513469696044922
9080,14,-2.0072972774505615
9081,7,-2.45204758644104
9082,10,-2.2741129398345947
9083,19,-1.598083257675171
9084,11,-2.24577260017395
9085,23,-1.1771304607391357
9086,9,-2.3606927394866943
9087,11,-2.2370567321777344
9088,14,-2.0720131397247314
9089,18,-1.7737370729446411
9090,9,-2.350221872329712
9091,23,-1.167083501815796
9092,8,-2.3937249183654785
9093,30,2.0265579223632812e-05
9094,10,-2.3023428916931152
9095,22,-1.3113088607788086
9096,9,-2.3309342861175537
9097,14,-2.067906379699707
9098,23,-1.061042070388794
9099,12,-2.1947262287139893
9100,12,-2.183725118637085
9101,9,-2.33841609954834
9102,11,-2.245081901550293
9103,16,-1.864702820777893
9104,10,-2.316242218017578
9105,19,-1.63252854347229
9106,8,-2.381347894668579
9107,15,-1.9740594625473022
9108,9,-2.324978828430176
9109,20,-1.5754976272583008
9110,11,-2.252484083175659
9111,18,-1.7584421634674072
9112,18,-1.7445764541625977
9113,16,-1.9123567342758179
9114,22,-1.207384467124939
9115,15,-2.0016977787017822
9116,16,-1.9097856283187866
9117,7,-2.4241209030151367
9118,20,-1.5285863876342773
9119,14,-2.070266008377075
9120,10,-2.2789084911346436
9121,7,-2.4241015911102295
9122,7,-2.4206151962280273
9123,16,-1.893755316734314
9124,11,-2.2270219326019287
9125,23,-1.173365592956543
9126,22,-1.3107142448425293
9127,18,-1.6869957447052002
9128,15,-1.9520210027694702
9129,13,-2.086216688156128
9130,12,-2.1777138710021973
9131,21,-1.4352562427520752
9132,19,-1.608331561088562
9133,20,-1.5456465482711792
9134,20,-1.5420467853546143
9135,11,-2.259289264678955
9136,7,-2.4572041034698486
9137,12,-2.154257297515869
9138,15,-1.9693106412887573
9139,4,-2.5850701332092285
9140,22,-1.228271245956421
9141,17,-1.8505682945251465
9142,15,-1.9926536083221436
9143,21,-1.445350170135498
9144,7,-2.421109676361084
9145,12,-2.159743070602417
9146,17,-1.8492246866226196
9147,13,-2.134045124053955
9148,11,-2.206749200820923
9149,13,-2.1100916862487793
9150,11,-2.2172582149505615
9151,13,-2.11732816696167
9152,12,-2.1983985900878906
9153,11,-2.2209131717681885
9154,16,-1.8737989664077759
9155,9,-2.3212714195251465
9156,25,-0.8505769968032837
9157,16,-1.911591649055481
9158,13,-2.1108169555664062
9159,10,-2.2850849628448486
9160,20,-1.548928141593933
9161,11,-2.2407894134521484
9162,11,-2.2256245613098145
9163,9,-2.3578834533691406
9164,18,-1.7227857112884521
9165,12,-2.1544313430786133
9166,7,-2.4555022716522217
9167,9,-2.339243173599243
9168,9,-2.3303353786468506
9169,16,-1.8602550029754639
9170,22,-1.332040548324585
9171,20,-1.5331453084945679
9172,22,-1.238504409790039
9173,5,-2.549661874771118
9174,18,-1.7171385288238525
9175,21,-1.3700937032699585
9176,17,-1.846808671951294
9177,9,-2.32769775390625
9178,29,-0.028434038162231445
9179,16,-1.9194667339324951
9180,12,-2.153527021408081
9181,13,-2.1266419887542725
9182,13,-2.1135127544403076
9183,23,-1.0456221103668213
9184,6,-2.477647066116333
9185,20,-1.4707562923431396
9186,10,-2.2892873287200928
9187,15,-2.002021312713623
9188,9,-2.3691587448120117
9189,17,-1.8543322086334229
9190,16,-1.8610001802444458
9191,26,-0.52591872215271
9192,10,-2.266996145248413
9193,9,-2.333824634552002
9194,14,-2.008498191833496
9195,19,-1.6477367877960205
9196,19,-1.5999336242675781
9197,10,-2.2921364307403564
9198,29,-0.04908323287963867
9199,18,-1.7236698865890503
9200,14,-2.0171124935150146
9201,10,-2.3085267543792725
9202,18,-1.7342166900634766
9203,24,-0.974261999130249
9204,18,-1.7580409049987793
9205,9,-2.3445394039154053
9206,10,-2.313184976577759
9207,9,-2.3353471755981445
9208,13,-2.0911648273468018
9209,10,-2.2642226219177246
9210,16,-1.896884799003601
9211,26,-0.5235538482666016
9212,8,-2.380812168121338
9213,9,-2.3590333461761475
9214,11,-2.240510940551758
9215,15,-2.0009429454803467
9216,14,-2.0446701049804688
9217,10,-2.2960071563720703
9218,15,-1.97286057472229
9219,14,-2.024707555770874
9220,9,-2.33449387550354
9221,25,-0.747156023979187
9222,13,-2.0970911979675293
9223,8,-2.405673027038574
9224,21,-1.3523463010787964
9225,26,-0.592379093170166
9226,7,-2.4348177909851074
9227,16,-1.8869305849075317
9228,17,-1.8309954404830933
9229,7,-2.4308571815490723
9230,8,-2.376974105834961
9231,7,-2.4359686374664307
9232,18,-1.734260082244873
9233,20,-1.5022752285003662
9234,17,-1.8438657522201538
9235,12,-2.1763665676116943
9236,12,-2.1894924640655518
9237,17,-1.8023991584777832
9238,15,-1.9708055257797241
9239,14,-2.0659210681915283
9240,19,-1.597609519958496
9241,9,-2.339329242706299
9242,12,-2.17946720123291
9243,2,-2.7659754753112793
9244,6,-2.5151162147521973
9245,11,-2.239003896713257
9246,16,-1.9265342950820923
9247,17,-1.8373231887817383
9248,11,-2.205740213394165
9249,13,-2.0775251388549805
9250,12,-2.1672492027282715
9251,24,-0.9236807823181152
9252,7,-2.438913106918335
9253,18,-1.7384049892425537
9254,15,-1.9994561672210693
9255,22,-1.3234448432922363
9256,23,-1.0865747928619385
9257,19,-1.618018388748169
9258,17,-1.805130124092102
9259,19,-1.6015863418579102
9260,20,-1.5622618198394775
9261,9,-2.3486547470092773
9262,9,-2.3173296451568604
9263,15,-2.0068862438201904
9264,11,-2.245631217956543
9265,19,-1.6347262859344482
9266,14,-2.007765293121338
9267,15,-1.9795522689819336
9268,13,-2.134347915649414
9269,8,-2.396723985671997
9270,9,-2.346954107284546
9271,20,-1.5737156867980957
9272,8,-2.4158244132995605
9273,9,-2.3209927082061768
9274,19,-1.6300716400146484
9275,21,-1.417968511581421
9276,23,-1.1017711162567139
9277,15,-2.0059115886688232
9278,12,-2.155057430267334
9279,19,-1.6384243965148926
9280,7,-2.4513068199157715
9281,21,-1.3521366119384766
9282,7,-2.4280025959014893
9283,14,-2.0485353469848633
9284,6,-2.481778621673584
9285,9,-2.3345842361450195
9286,21,-1.365755319595337
9287,16,-1.8846209049224854
9288,13,-2.0839109420776367
9289,11,-2.207453489303589
9290,16,-1.8954678773880005
9291,12,-2.1548242568969727
9292,16,-1.8749972581863403
9293,11,-2.201107978820801
9294,30,0.11946940422058105
9295,20,-1.497492790222168
9296,25,-0.7929052114486694
9297,15,-2.002495288848877
9298,8,-2.388347864151001
9299,7,-2.4283876419067383
9300,15,-1.9797139167785645
9301,10,-2.305432081222534
9302,16,-1.9226608276367188
9303,15,-1.985247254371643
9304,19,-1.646988034248352
9305,14,-2.0708670616149902
9306,17,-1.8360546827316284
9307,17,-1.7860586643218994
9308,2,-2.7230758666992188
9309,20,-1.5714223384857178
9310,11,-2.229780912399292
9311,7,-2.4397406578063965
9312,15,-1.9848302602767944
9313,29,-0.15340971946716309
9314,27,-0.3313558101654053
9315,21,-1.4554773569107056
9316,18,-1.7218995094299316
9317,17,-1.801581621170044
9318,25,-0.7474021911621094
9319,10,-2.3004324436187744
9320,16,-1.911811113357544
9321,12,-2.1824874877929688
9322,10,-2.266169786453247
9323,10,-2.2876148223876953
9324,18,-1.7588496208190918
9325,20,-1.5435352325439453
9326,28,-0.3124701976776123
9327,12,-2.188035011291504
9328,15,-1.977145791053772
9329,11,-2.2040774822235107
9330,17,-1.835453987121582
9331,24,-1.0437029600143433
9332,17,-1.8470706939697266
9333,22,-1.2720860242843628
9334,17,-1.8194639682769775
9335,8,-2.3907711505889893
9336,15,-1.9465641975402832
9337,12,-2.1595137119293213
9338,17,-1.8251831531524658
9339,16,-1.868300437927246
9340,11,-2.2219390869140625
9341,16,-1.8745006322860718
9342,20,-1.5244362354278564
9343,21,-1.4148666858673096
9344,13,-2.119178056716919
9345,12,-2.1666946411132812
9346,14,-2.035712957382202
9347,19,-1.6762490272521973
9348,15,-1.9878677129745483
9349,4,-2.614435911178589
9350,18,-1.7194437980651855
9351,9,-2.337808609008789
9352,13,-2.1081933975219727
9353,11,-2.232888698577881
9354,15,-1.974488377571106
9355,16,-1.9143941402435303
9356,19,-1.6594833135604858
9357,6,-2.519270420074463
9358,12,-2.179131269454956
9359,15,-1.9639534950256348
9360,18,-1.7184007167816162
9361,10,-2.3070456981658936
9362,14,-2.032177209854126
9363,11,-2.20870041847229
9364,13,-2.1382386684417725
9365,17,-1.7864762544631958
9366,19,-1.670116901397705
9367,7,-2.461186408996582
9368,14,-2.0589609146118164
9369,14,-2.0739142894744873
9370,29,-0.11046814918518066
9371,8,-2.383976697921753
9372,23,-1.0757999420166016
9373,16,-1.9241061210632324
9374,9,-2.3359153270721436
9375,18,-1.6933612823486328
9376,17,-1.7870533466339111
9377,9,-2.3365275859832764
9378,7,-2.4466552734375
9379,10,-2.316089391708374
9380,18,-1.7704323530197144
9381,15,-1.9964996576309204
9382,7,-2.431694746017456
9383,23,-1.1691558361053467
9384,17,-1.8173710107803345
9385,9,-2.3380935192108154
9386,27,-0.383988618850708
9387,15,-1.9718166589736938
9388,15,-1.9466321468353271
9389,8,-2.4148976802825928
9390,9,-2.3183324337005615
9391,19,-1.6162775754928589
9392,18,-1.6842849254608154
9393,20,-1.490593671798706
9394,18,-1.7505652904510498
9395,13,-2.1180531978607178
9396,12,-2.1642844676971436
9397,15,-2.0053248405456543
9398,12,-2.1637563705444336
9399,15,-1.966011881828308
9400,14,-2.067823648452759
9401,14,-2.073000907897949
9402,10,-2.261990785598755
9403,10,-2.2860512733459473
9404,12,-2.147796869277954
9405,17,-1.784899353981018
9406,24,-1.0080671310424805
9407,18,-1.7620019912719727
9408,12,-2.177976608276367
9409,19,-1.6401891708374023
9410,18,-1.767967700958252
9411,20,-1.5109459161758423
9412,29,-0.08416366577148438
9413,9,-2.3399436473846436
9414,10,-2.2783281803131104
9415,11,-2.252830743789673
9416,12,-2.1596264839172363
9417,7,-2.4510912895202637
9418,16,-1.893064260482788
9419,16,-1.9327497482299805
9420,10,-2.3137197494506836
9421,23,-1.1752710342407227
9422,14,-2.0250089168548584
9423,17,-1.8292789459228516
9424,8,-2.4078829288482666
9425,8,-2.379660129547119
9426,14,-2.0352230072021484
9427,20,-1.472161054611206
9428,13,-2.118976354598999
9429,23,-1.183821439743042
9430,13,-2.1280126571655273
9431,24,-0.9316939115524292
9432,15,-1.9781904220581055
9433,12,-2.1707358360290527
9434,21,-1.4303351640701294
9435,19,-1.6360141038894653
9436,13,-2.0751333236694336
9437,18,-1.715338945388794
9438,19,-1.604072093963623
9439,16,-1.9055655002593994
9440,17,-1.8509225845336914
9441,3,-2.7013871669769287
9442,20,-1.515973448753357
9443,17,-1.8044307231903076
9444,8,-2.3770928382873535
9445,11,-2.206735610961914
9446,2,-2.787501811981201
9447,16,-1.9225726127624512
9448,19,-1.6669645309448242
9449,18,-1.7402347326278687
9450,18,-1.7348508834838867
9451,11,-2.2451491355895996
9452,22,-1.3024626970291138
9453,12,-2.1980581283569336
9454,9,-2.31703519821167
9455,15,-1.9929771423339844
9456,9,-2.360590696334839
9457,13,-2.0768604278564453
9458,17,-1.805384635925293
9459,28,-0.3077659606933594
9460,15,-1.9503096342086792
9461,6,-2.476408004760742
9462,7,-2.4303646087646484
9463,15,-1.9779571294784546
9464,13,-2.100576639175415
9465,27,-0.390470027923584
9466,7,-2.4689464569091797
9467,10,-2.281257152557373
9468,16,-1.8803257942199707
9469,17,-1.794994592666626
9470,13,-2.0939624309539795
9471,7,-2.4503698348999023
9472,19,-1.586869239807129
9473,18,-1.6857335567474365
9474,9,-2.327422857284546
9475,15,-1.984629511833191
9476,11,-2.2493205070495605
9477,13,-2.112013816833496
9478,15,-1.999704122543335
9479,14,-2.0650651454925537
9480,10,-2.2759199142456055
9481,28,-0.2525918483734131
9482,12,-2.160142421722412
9483,12,-2.1603572368621826
9484,18,-1.7431905269622803
9485,18,-1.6845571994781494
9486,9,-2.3581645488739014
9487,19,-1.615133285522461
9488,24,-0.9763667583465576
9489,13,-2.105397939682007
9490,10,-2.2956714630126953
9491,9,-2.356764793395996
9492,18,-1.7459354400634766
9493,11,-2.253293991088867
9494,13,-2.1224045753479004
9495,9,-2.3481202125549316
9496,23,-1.169869065284729
9497,14,-2.021047592163086
9498,14,-2.042405128479004
9499,12,-2.1596755981445312
9500,22,-1.3027042150497437
9501,27,-0.46173763275146484
9502,17,-1.7790576219558716
9503,16,-1.859966516494751
9504,19,-1.6575360298156738
9505,10,-2.2655322551727295
9506,12,-2.1390719413757324
9507,12,-2.1808090209960938
9508,14,-2.0438947677612305
9509,17,-1.8198513984680176
9510,17,-1.7891117334365845
9511,18,-1.7678325176239014
9512,17,-1.8073196411132812
9513,12,-2.1730282306671143
9514,10,-2.294786214828491
9515,23,-1.069603443145752
9516,15,-1.9355809688568115
9517,15,-1.9974373579025269
9518,15,-1.9867159128189087
9519,21,-1.440244436264038
9520,16,-1.92046320438385
9521,13,-2.125844955444336
9522,13,-2.1014060974121094
9523,18,-1.7543128728866577
9524,14,-2.0183537006378174
9525,14,-2.049058198928833
9526,13,-2.0792782306671143
9527,21,-1.3678622245788574
9528,18,-1.7352080345153809
9529,20,-1.5657641887664795
9530,19,-1.661792278289795
9531,10,-2.2683091163635254
9532,18,-1.748486042022705
9533,21,-1.431434988975525
9534,11,-2.23738169670105
9535,18,-1.7451772689819336
9536,19,-1.6454620361328125
9537,13,-2.1113414764404297
9538,30,0.04839920997619629
9539,12,-2.197173595428467
9540,17,-1.7869946956634521
9541,8,-2.381516933441162
9542,17,-1.786890983581543
9543,17,-1.7996078729629517
9544,20,-1.5197118520736694
9545,22,-1.3327007293701172
9546,14,-2.0374057292938232
9547,10,-2.295436382293701
9548,30,0.07411408424377441
9549,22,-1.2469483613967896
9550,10,-2.28627872467041
9551,6,-2.485049247741699
9552,12,-2.18404483795166
9553,21,-1.460045576095581
9554,14,-2.0576281547546387
9555,17,-1.7805900573730469
9556,9,-2.3249363899230957
9557,16,-1.8990731239318848
9558,29,-0.04181718826293945
9559,17,-1.84120774269104
9560,20,-1.5064265727996826
9561,14,-2.052090644836426
9562,9,-2.3385725021362305
9563,17,-1.7750239372253418
9564,11,-2.226663827896118
9565,9,-2.344169855117798
9566,13,-2.1298515796661377
9567,12,-2.197715997695923
9568,9,-2.358699083328247
9569,18,-1.7449524402618408
9570,20,-1.4928951263427734
9571,16,-1.8987995386123657
9572,21,-1.4629840850830078
9573,14,-2.019109010696411
9574,12,-2.1569364070892334
9575,10,-2.294691801071167
9576,6,-2.4911949634552
9577,25,-0.7967032194137573
9578,15,-1.9716243743896484
9579,15,-1.958882212638855
9580,14,-2.0603508949279785
9581,25,-0.8199104070663452
9582,21,-1.3743705749511719
9583,21,-1.4005311727523804
9584,21,-1.3680036067962646
9585,20,-1.5561788082122803
9586,16,-1.8758080005645752
9587,11,-2.2366831302642822
9588,24,-0.9428915977478027
9589,22,-1.2155265808105469
9590,22,-1.2574769258499146
9591,11,-2.233306646347046
9592,13,-2.1351265907287598
9593,18,-1.6906044483184814
9594,21,-1.4395544528961182
9595,18,-1.745588779449463
9596,6,-2.4840004444122314
9597,10,-2.2706902027130127
9598,10,-2.275169849395752
9599,14,-2.0503528118133545
9600,12,-2.1860880851745605
9601,16,-1.9328479766845703
9602,13,-2.128563404083252
9603,18,-1.7144016027450562
9604,8,-2.407942771911621
9605,30,0.11769270896911621
9606,20,-1.5412272214889526
9607,18,-1.6838760375976562
9608,21,-1.4498153924942017
9609,17,-1.7793710231781006
9610,16,-1.924565315246582
9611,5,-2.5310282707214355
9612,16,-1.8966431617736816
9613,12,-2.1673245429992676
9614,9,-2.3668322563171387
9615,21,-1.4650483131408691
9616,12,-2.172844171524048
9617,15,-1.9816920757293701
9618,8,-2.4048845767974854
9619,18,-1.7222338914871216
9620,26,-0.6527496576309204
9621,19,-1.597543716430664
9622,9,-2.317578077316284
9623,15,-1.9888709783554077
9624,28,-0.2072277069091797
9625,10,-2.3095920085906982
9626,7,-2.438159942626953
9627,13,-2.1136369705200195
9628,15,-1.9655237197875977
9629,22,-1.3128662109375
9630,8,-2.377288341522217
9631,17,-1.8170092105865479
9632,19,-1.6308259963989258
9633,11,-2.244539260864258
9634,16,-1.903018832206726
9635,17,-1.8187429904937744
9636,18,-1.712005376815796
9637,27,-0.45019984245300293
9638,13,-2.125027656555176
9639,12,-2.166624069213867
9640,11,-2.2023091316223145
9641,13,-2.137025833129883
9642,19,-1.601468801498413
9643,12,-2.1518120765686035
9644,6,-2.507392168045044
9645,11,-2.2358126640319824
9646,18,-1.733077049255371
9647,19,-1.6598221063613892
9648,21,-1.379048466682434
9649,24,-0.8964802026748657
9650,20,-1.4857404232025146
9651,9,-2.3184258937835693
9652,18,-1.6882669925689697
9653,13,-2.083843946456909
9654,12,-2.1488096714019775
9655,9,-2.3600573539733887
9656,12,-2.19169545173645
9657,14,-2.021796226501465
9658,13,-2.129281759262085
9659,14,-2.071593761444092
9660,8,-2.405217409133911
9661,14,-2.023458480834961
9662,11,-2.228630542755127
9663,26,-0.6396812200546265
9664,18,-1.6888206005096436
9665,19,-1.5944020748138428
9666,15,-1.9548195600509644
9667,22,-1.2124103307724
9668,10,-2.298224925994873
9669,16,-1.8607895374298096
9670,10,-2.2648863792419434
9671,18,-1.718168020248413
9672,13,-2.110137939453125
9673,2,-2.7059311866760254
9674,12,-2.1905980110168457
9675,13,-2.0870320796966553
9676,21,-1.4127931594848633
9677,11,-2.216858148574829
9678,13,-2.105043649673462
9679,16,-1.870896577835083
9680,12,-2.172132968902588
9681,14,-2.0288097858428955
9682,10,-2.302589178085327
9683,14,-2.0133285522460938
9684,13,-2.0895676612854004
9685,10,-2.259833335876465
9686,9,-2.3517696857452393
9687,12,-2.1703338623046875
9688,10,-2.2599754333496094
9689,10,-2.308292865753174
9690,21,-1.4651381969451904
9691,13,-2.0857794284820557
9692,24,-0.9317859411239624
9693,18,-1.7460907697677612
9694,19,-1.6341068744659424
9695,14,-2.0692121982574463
9696,17,-1.7890735864639282
9697,15,-1.9758175611495972
9698,17,-1.817441701889038
9699,19,-1.6408917903900146
9700,16,-1.8617644309997559
9701,21,-1.4591748714447021
9702,21,-1.4016449451446533
9703,7,-2.4348647594451904
9704,22,-1.2160025835037231
9705,21,-1.370959997177124
9706,11,-2.2183806896209717
9707,17,-1.8455002307891846
9708,20,-1.5397543907165527
9709,15,-1.9866493940353394
9710,14,-2.0224921703338623
9711,18,-1.7348823547363281
9712,10,-2.290109157562256
9713,8,-2.3795766830444336
9714,19,-1.604393720626831
9715,15,-2.0044283866882324
9716,23,-1.104506254196167
9717,14,-2.064173698425293
9718,20,-1.5164108276367188
9719,9,-2.3505539894104004
9720,18,-1.762221097946167
9721,19,-1.6506931781768799
9722,18,-1.6928775310516357
9723,2,-2.777296304702759
9724,19,-1.6466585397720337
9725,17,-1.8347609043121338
9726,16,-1.9197217226028442
9727,16,-1.908937931060791
9728,7,-2.427830696105957
9729,15,-1.9918289184570312
9730,6,-2.4982645511627197
9731,17,-1.8101320266723633
9732,21,-1.3695178031921387
9733,11,-2.2149417400360107
9734,23,-1.1827877759933472
9735,22,-1.2450588941574097
9736,18,-1.7401090860366821
9737,11,-2.202261447906494
9738,19,-1.6365517377853394
9739,28,-0.24100756645202637
9740,20,-1.5287559032440186
9741,22,-1.2746877670288086
9742,14,-2.0098788738250732
9743,21,-1.4425263404846191
9744,19,-1.5954432487487793
9745,11,-2.2222790718078613
9746,10,-2.296574831008911
9747,10,-2.2642712593078613
9748,6,-2.476109504699707
9749,29,-0.13353967666625977
9750,14,-2.0534920692443848
9751,18,-1.7030315399169922
9752,16,-1.8651211261749268
9753,19,-1.5836466550827026
9754,10,-2.2765884399414062
9755,20,-1.4666095972061157
9756,14,-2.0169825553894043
9757,9,-2.355074405670166
9758,16,-1.889446496963501
9759,11,-2.2277767658233643
9760,15,-1.9416714906692505
9761,19,-1.6167356967926025
9762,15,-1.9791918992996216
9763,14,-2.0450143814086914
9764,25,-0.7242389917373657
9765,12,-2.1541898250579834
9766,22,-1.2992947101593018
9767,11,-2.2547898292541504
9768,20,-1.469314455986023
9769,10,-2.303476095199585
9770,17,-1.8212575912475586
9771,9,-2.3173365592956543
9772,15,-1.9470016956329346
9773,7,-2.473008871078491
9774,18,-1.7358927726745605
9775,8,-2.407025098800659
9776,22,-1.283331036567688
9777,17,-1.83824622631073
9778,13,-2.1175146102905273
9779,15,-1.9669708013534546
9780,18,-1.7473876476287842
9781,6,-2.487992763519287
9782,11,-2.2440736293792725
9783,6,-2.517054796218872
9784,15,-1.9820847511291504
9785,13,-2.0923118591308594
9786,21,-1.3745219707489014
9787,27,-0.4511679410934448
9788,24,-0.9340821504592896
9789,20,-1.538362741470337
9790,15,-1.9551093578338623
9791,18,-1.7686713933944702
9792,14,-2.0491700172424316
9793,17,-1.7998862266540527
9794,14,-2.0223119258880615
9795,25,-0.8807275295257568
9796,14,-2.017857551574707
9797,9,-2.317666530609131
9798,16,-1.8625129461288452
9799,16,-1.860236644744873
9800,13,-2.124054193496704
9801,19,-1.6747515201568604
9802,23,-1.1827759742736816
9803,17,-1.8100656270980835
9804,6,-2.4863102436065674
9805,17,-1.8453364372253418
9806,16,-1.9328868389129639
9807,11,-2.213026285171509
9808,15,-2.0056190490722656
9809,14,-2.065063714981079
9810,28,-0.31997358798980713
9811,21,-1.4030004739761353
9812,22,-1.2764439582824707
9813,10,-2.3103890419006348
9814,19,-1.5900068283081055
9815,18,-1.7113277912139893
9816,15,-1.9938733577728271
9817,7,-2.45225191116333
9818,21,-1.3628301620483398
9819,11,-2.233301877975464
9820,18,-1.7457058429718018
9821,8,-2.3715450763702393
9822,18,-1.766608715057373
9823,15,-1.9711519479751587
9824,19,-1.6411325931549072
9825,14,-2.0334396362304688
9826,24,-0.9099879264831543
9827,19,-1.590799331665039
9828,18,-1.739720106124878
9829,10,-2.313035011291504
9830,17,-1.8488068580627441
9831,7,-2.4580540657043457
9832,19,-1.6094532012939453
9833,19,-1.6300384998321533
9834,3,-2.6508688926696777
9835,6,-2.5169904232025146
9836,20,-1.4766254425048828
9837,19,-1.6600301265716553
9838,17,-1.8106528520584106
9839,10,-2.299828290939331
9840,12,-2.142833709716797
9841,24,-0.9815162420272827
9842,17,-1.786522626876831
9843,11,-2.245702028274536
9844,14,-2.030517816543579
9845,13,-2.097973108291626
9846,9,-2.3393516540527344
9847,14,-2.0643365383148193
9848,19,-1.619598150253296
9849,24,-0.959456205368042
9850,10,-2.259751558303833
9851,12,-2.175034999847412
9852,3,-2.693425178527832
9853,18,-1.7288415431976318
9854,13,-2.085452079772949
9855,9,-2.3685355186462402
9856,11,-2.224838972091675
9857,19,-1.6448733806610107
9858,16,-1.8773319721221924
9859,12,-2.192960500717163
9860,27,-0.4741990566253662
9861,23,-1.1549735069274902
9862,16,-1.8768194913864136
9863,6,-2.4765734672546387
9864,22,-1.27423095703125
9865,15,-1.9718613624572754
9866,13,-2.115100860595703
9867,12,-2.196122884750366
9868,12,-2.159109115600586
9869,12,-2.152111053466797
9870,12,-2.173818826675415
9871,15,-1.9369769096374512
9872,2,-2.740067958831787
9873,9,-2.3313140869140625
9874,14,-2.0185706615448
9875,29,-0.1215505599975586
9876,17,-1.8168740272521973
9877,22,-1.3291245698928833
9878,16,-1.926332950592041
9879,15,-1.9654667377471924
9880,27,-0.4215433597564697
9881,2,-2.7766871452331543
9882,7,-2.4229090213775635
9883,20,-1.4696125984191895
9884,14,-2.054281234741211
9885,9,-2.3432791233062744
9886,8,-2.3707544803619385
9887,17,-1.8098957538604736
9888,18,-1.7304404973983765
9889,10,-2.3020718097686768
9890,21,-1.4085211753845215
9891,17,-1.8336933851242065
9892,30,0.002868175506591797
9893,18,-1.7437031269073486
9894,15,-1.9868406057357788
9895,9,-2.3352530002593994
9896,19,-1.6501715183258057
9897,11,-2.2068424224853516
9898,15,-1.9494335651397705
9899,10,-2.276413679122925
9900,23,-1.1289560794830322
9901,20,-1.575392484664917
9902,9,-2.3318753242492676
9903,29,-0.14881110191345215
9904,23,-1.187207579612732
9905,9,-2.3377585411071777
9906,13,-2.1350483894348145
9907,19,-1.67035973072052
9908,3,-2.689504384994507
9909,11,-2.206815004348755
9910,7,-2.439507484436035
9911,16,-1.901678204536438
9912,25,-0.7549927234649658
9913,6,-2.5080618858337402
9914,9,-2.330087661743164
9915,24,-1.022314190864563
9916,15,-1.9914685487747192
9917,12,-2.143007755279541
9918,17,-1.7824459075927734
9919,6,-2.4867501258850098
9920,13,-2.0893747806549072
9921,14,-2.0381293296813965
9922,11,-2.2330374717712402
9923,21,-1.3700294494628906
9924,12,-2.154560089111328
9925,12,-2.1711173057556152
9926,22,-1.2434417009353638
9927,16,-1.8690052032470703
9928,8,-2.4016611576080322
9929,18,-1.6831603050231934
9930,11,-2.2569215297698975
9931,9,-2.321887493133545
9932,13,-2.082061529159546
9933,30,0.11142611503601074
9934,18,-1.7157924175262451
9935,15,-1.9395054578781128
9936,19,-1.6422679424285889
9937,17,-1.8542380332946777
9938,12,-2.161790132522583
9939,21,-1.4103233814239502
9940,6,-2.497457504272461
9941,29,-0.0231015682220459
9942,18,-1.7354142665863037
9943,22,-1.2149078845977783
9944,9,-2.3472282886505127
9945,14,-2.0600199699401855
9946,11,-2.2366783618927
9947,18,-1.7059235572814941
9948,10,-2.2652716636657715
9949,16,-1.9070481061935425
9950,11,-2.221278190612793
9951,11,-2.214475393295288
9952,25,-0.7366651296615601
9953,15,-1.9828481674194336
9954,22,-1.2179936170578003
9955,20,-1.5017030239105225
9956,22,-1.270799994468689
9957,8,-2.4189531803131104
9958,16,-1.913570761680603
9959,9,-2.356581449508667
9960,19,-1.6250386238098145
9961,20,-1.574926495552063
9962,17,-1.7843000888824463
9963,11,-2.2166686058044434
9964,21,-1.4553933143615723
9965,11,-2.2105355262756348
9966,12,-2.1789910793304443
9967,21,-1.4528148174285889
9968,12,-2.156222343444824
9969,19,-1.6130385398864746
9970,20,-1.5083231925964355
9971,14,-2.036222457885742
9972,11,-2.25091552734375
9973,20,-1.5475064516067505
9974,29,-0.04300570487976074
9975,15,-1.9826476573944092
9976,16,-1.916227102279663
9977,20,-1.5478837490081787
9978,14,-2.0631935596466064
9979,22,-1.3158345222473145
9980,13,-2.077723503112793
9981,9,-2.361973524093628
9982,19,-1.6305937767028809
9983,9,-2.3202927112579346
9984,7,-2.4639058113098145
9985,19,-1.672832727432251
9986,15,-1.952434778213501
9987,9,-2.36374831199646
9988,21,-1.367189645767212
9989,17,-1.8472377061843872
9990,19,-1.5873035192489624
9991,20,-1.4936689138412476
9992,12,-2.144808769226074
9993,13,-2.1290743350982666
9994,13,-2.1200146675109863
9995,11,-2.238668203353882
9996,12,-2.189997673034668
9997,20,-1.4737859964370728
9998,11,-2.2517786026000977
9999,28,-0.19576382637023926
10000,11,-2.2108938694000244
10001,16,-1.9202640056610107
10002,7,-2.4651904106140137
10003,7,-2.4393906593322754
10004,14,-2.0438599586486816
10005,7,-2.4515116214752197
10006,14,-2.019317150115967
10007,18,-1.72275972366333
10008,16,-1.9252376556396484
10009,25,-0.8703216314315796
10010,18,-1.7172045707702637
10011,20,-1.4883054494857788
10012,12,-2.192213535308838
10013,16,-1.889986515045166
10014,20,-1.5655951499938965
10015,18,-1.7638989686965942
10016,13,-2.106203556060791
10017,6,-2.489058256149292
10018,12,-2.1954965591430664
10019,11,-2.231374502182007
10020,9,-2.3459560871124268
10021,15,-1.9750521183013916
10022,8,-2.4158806800842285
10023,16,-1.908121109008789
10024,14,-2.0420970916748047
10025,30,0.07114005088806152
10026,20,-1.47623872756958
10027,14,-2.0411784648895264
10028,15,-1.9580199718475342
10029,15,-1.9711549282073975
10030,16,-1.9069303274154663
10031,17,-1.825528860092163
10032,17,-1.8583447933197021
10033,20,-1.499570369720459
10034,14,-2.0732951164245605
10035,11,-2.2075693607330322
10036,17,-1.783980131149292
10037,14,-2.0459365844726562
10038,30,0.05897068977355957
10039,12,-2.172645330429077
10040,23,-1.1823495626449585
10041,17,-1.7759101390838623
10042,24,-0.8889026641845703
10043,18,-1.7648000717163086
10044,15,-1.9356839656829834
10045,9,-2.3672690391540527
10046,4,-2.591959238052368
10047,9,-2.362823724746704
10048,14,-2.0510776042938232
10049,14,-2.0619056224823
10050,11,-2.2489523887634277
10051,11,-2.2145345211029053
10052,19,-1.674471139907837
10053,17,-1.7874184846878052
10054,22,-1.297892451286316
10055,11,-2.223524570465088
10056,17,-1.783808708190918
10057,13,-2.077132225036621
10058,19,-1.5993635654449463
10059,12,-2.1642158031463623
10060,10,-2.3097429275512695
10061,15,-1.98503839969635
10062,23,-1.0663847923278809
10063,19,-1.638238549232483
10064,12,-2.187009572982788
10065,9,-2.3352880477905273
10066,13,-2.1306519508361816
10067,10,-2.3057608604431152
10068,10,-2.310872793197632
10069,21,-1.4267799854278564
10070,11,-2.2594075202941895
10071,18,-1.7459497451782227
10072,10,-2.293189525604248
10073,24,-0.939956784248352
10074,15,-1.9531469345092773
10075,19,-1.6129765510559082
10076,10,-2.2865588665008545
10077,28,-0.2465047836303711
10078,11,-2.2278075218200684
10079,15,-1.9419775009155273
10080,19,-1.6155266761779785
10081,19,-1.6595771312713623
10082,14,-2.0695853233337402
10083,14,-2.041154384613037
10084,14,-2.008763313293457
10085,16,-1.8816320896148682
10086,26,-0.6435697078704834
10087,8,-2.3825883865356445
10088,9,-2.3280389308929443
10089,8,-2.377793788909912
10090,26,-0.636049747467041
10091,20,-1.4888074398040771
10092,16,-1.8832483291625977
10093,9,-2.3388705253601074
10094,12,-2.163344621658325
10095,9,-2.3178656101226807
10096,10,-2.2715094089508057
10097,10,-2.297429323196411
10098,17,-1.7809255123138428
10099,9,-2.3602569103240967
10100,9,-2.324807643890381
10101,17,-1.8067362308502197
10102,15,-1.9777499437332153
10103,29,-0.07883715629577637
10104,13,-2.1176512241363525
10105,19,-1.6251611709594727
10106,19,-1.6195846796035767
10107,11,-2.2234036922454834
10108,10,-2.268779754638672
10109,11,-2.226449728012085
10110,24,-0.9256327152252197
10111,14,-2.0295255184173584
10112,9,-2.3447656631469727
10113,20,-1.5734143257141113
10114,18,-1.7216506004333496
10115,20,-1.537184715270996
10116,10,-2.3082633018493652
10117,14,-2.0215115547180176
10118,20,-1.4963245391845703
10119,11,-2.2354750633239746
10120,21,-1.4166278839111328
10121,6,-2.474789619445801
10122,27,-0.4195394515991211
10123,26,-0.5043104887008667
10124,22,-1.2702441215515137
10125,10,-2.3032665252685547
10126,13,-2.092741012573242
10127,4,-2.6162092685699463
10128,13,-2.1140317916870117
10129,14,-2.050278902053833
10130,8,-2.397230386734009
10131,11,-2.2328450679779053
10132,20,-1.5376055240631104
10133,12,-2.161487579345703
10134,13,-2.106605291366577
10135,15,-1.9913313388824463
10136,21,-1.3878401517868042
10137,13,-2.1312999725341797
10138,21,-1.3614035844802856
10139,16,-1.8770313262939453
10140,13,-2.088392972946167
10141,4,-2.623893976211548
10142,14,-2.018629550933838
10143,20,-1.5482029914855957
10144,15,-1.9563124179840088
10145,30,0.05519223213195801
10146,16,-1.9134726524353027
10147,21,-1.400108814239502
10148,9,-2.360980987548828
10149,8,-2.3940188884735107
10150,22,-1.2566524744033813
10151,20,-1.4799778461456299
10152,19,-1.578446388244629
10153,13,-2.1310617923736572
10154,22,-1.3337372541427612
10155,6,-2.5156047344207764
10156,10,-2.2603800296783447
10157,13,-2.076054096221924
10158,7,-2.454129457473755
10159,9,-2.3621437549591064
10160,28,-0.29637956619262695
10161,9,-2.3233354091644287
10162,9,-2.331234931945801
10163,12,-2.18103289604187
10164,23,-1.1883352994918823
10165,14,-2.019468307495117
10166,17,-1.7788326740264893
10167,24,-0.9586946964263916
10168,10,-2.307537317276001
10169,11,-2.199934482574463
10170,20,-1.4683506488800049
10171,8,-2.374622106552124
10172,16,-1.8812893629074097
10173,11,-2.2107954025268555
10174,20,-1.5003501176834106
10175,19,-1.5999869108200073
10176,30,0.0025386810302734375
10177,10,-2.265953302383423
10178,17,-1.7826789617538452
10179,2,-2.7210826873779297
10180,21,-1.4016385078430176
10181,20,-1.5398950576782227
10182,14,-2.0161848068237305
10183,15,-1.9935142993927002
10184,22,-1.2260451316833496
10185,18,-1.7232050895690918
10186,15,-1.9587982892990112
10187,6,-2.5120723247528076
10188,22,-1.2806143760681152
10189,23,-1.1268359422683716
10190,20,-1.536252737045288
10191,14,-2.0431320667266846
10192,9,-2.3340914249420166
10193,13,-2.103534698486328
10194,21,-1.4650373458862305
10195,16,-1.8613262176513672
10196,11,-2.2313385009765625
10197,20,-1.566701889038086
10198,11,-2.2285749912261963
10199,21,-1.3967461585998535
10200,15,-1.960103154182434
10201,23,-1.0462555885314941
10202,27,-0.46587514877319336
10203,15,-2.004835367202759
10204,12,-2.1814262866973877
10205,11,-2.200193166732788
10206,12,-2.16707706451416
10207,10,-2.2934117317199707
10208,15,-1.961809754371643
10209,14,-2.072984457015991
10210,25,-0.807012677192688
10211,21,-1.3663482666015625
10212,15,-1.996406078338623
10213,11,-2.2586333751678467
10214,20,-1.529789686203003
10215,25,-0.8274900913238525
10216,11,-2.2408199310302734
10217,15,-2.0039336681365967
10218,22,-1.3139395713806152
10219,11,-2.2505104541778564
10220,22,-1.2867833375930786
10221,25,-0.7151796817779541
10222,22,-1.2204737663269043
10223,15,-1.960845708847046
10224,15,-1.9472239017486572
10225,16,-1.8619214296340942
10226,21,-1.3479321002960205
10227,12,-2.141714572906494
10228,12,-2.171205759048462
10229,12,-2.1975226402282715
10230,10,-2.2803659439086914
10231,14,-2.03401780128479
10232,24,-1.005173921585083
10233,10,-2.308448553085327
10234,17,-1.8274259567260742
10235,22,-1.2696506977081299
10236,14,-2.030343532562256
10237,25,-0.7654111385345459
10238,13,-2.105966567993164
10239,8,-2.3693301677703857
10240,23,-1.200992465019226
10241,12,-2.1882472038269043
10242,19,-1.6380060911178589
10243,16,-1.9074581861495972
10244,14,-2.0625338554382324
10245,17,-1.8377169370651245
10246,10,-2.268556594848633
10247,20,-1.5476722717285156
10248,19,-1.5868405103683472
10249,22,-1.250478744506836
10250,18,-1.6835464239120483
10251,15,-1.946966528892517
10252,19,-1.5980859994888306
10253,6,-2.485032081604004
10254,12,-2.1570615768432617
10255,15,-1.9690508842468262
10256,6,-2.486237049102783
10257,19,-1.6689395904541016
10258,11,-2.215089797973633
10259,16,-1.8949284553527832
10260,14,-2.0617265701293945
10261,18,-1.6997671127319336
10262,16,-1.8788129091262817
10263,6,-2.4853527545928955
10264,19,-1.6651630401611328
10265,19,-1.666473627090454
10266,14,-2.035548448562622
10267,12,-2.1863598823547363
10268,25,-0.733593225479126
10269,30,0.05691170692443848
10270,16,-1.8621050119400024
10271,18,-1.7187573909759521
10272,13,-2.076096534729004
10273,13,-2.1194839477539062
10274,27,-0.49102461338043213
10275,22,-1.3147073984146118
10276,22,-1.314072608947754
10277,13,-2.1120245456695557
10278,20,-1.5047661066055298
10279,19,-1.653857946395874
10280,10,-2.271519422531128
10281,14,-2.0729148387908936
10282,18,-1.7243595123291016
10283,10,-2.3057785034179688
10284,20,-1.480993628501892
10285,15,-2.0047552585601807
10286,12,-2.1616623401641846
10287,14,-2.023815870285034
10288,10,-2.313283681869507
10289,20,-1.5624016523361206
10290,13,-2.1086583137512207
10291,19,-1.6754167079925537
10292,13,-2.084627151489258
10293,15,-1.9678819179534912
10294,12,-2.1959123611450195
10295,18,-1.7102715969085693
10296,10,-2.277730703353882
10297,13,-2.0840511322021484
10298,20,-1.5451991558074951
10299,22,-1.2073503732681274
10300,16,-1.9329804182052612
10301,8,-2.417985677719116
10302,17,-1.8275907039642334
10303,10,-2.3117575645446777
10304,6,-2.505289316177368
10305,5,-2.559403657913208
10306,24,-0.8886162042617798
10307,21,-1.4463515281677246
10308,12,-2.1482439041137695
10309,14,-2.021252155303955
10310,21,-1.3495943546295166
10311,18,-1.7529418468475342
10312,23,-1.0806068181991577
10313,12,-2.151313304901123
10314,12,-2.1441967487335205
10315,15,-1.938927412033081
10316,30,0.06522893905639648
10317,22,-1.2402046918869019
10318,12,-2.18154239654541
10319,19,-1.6723542213439941
10320,22,-1.2755895853042603
10321,3,-2.6515002250671387
10322,8,-2.380047082901001
10323,13,-2.09795880317688
10324,25,-0.7292863130569458
10325,13,-2.1072945594787598
10326,10,-2.2605435848236084
10327,13,-2.1262452602386475
10328,10,-2.263005256652832
10329,14,-2.022984743118286
10330,11,-2.23494815826416
10331,13,-2.1066393852233887
10332,16,-1.8677603006362915
10333,20,-1.537454605102539
10334,27,-0.33500099182128906
10335,10,-2.2857093811035156
10336,18,-1.7489383220672607
10337,9,-2.3254523277282715
10338,12,-2.144476890563965
10339,8,-2.394763708114624
10340,16,-1.8729373216629028
10341,25,-0.8124974966049194
10342,19,-1.642500638961792
10343,20,-1.538167953491211
10344,14,-2.051560640335083
10345,18,-1.7570350170135498
10346,18,-1.773389220237732
10347,17,-1.841271996498108
10348,19,-1.6481989622116089
10349,17,-1.8208000659942627
10350,18,-1.7098610401153564
10351,27,-0.32720017433166504
10352,12,-2.142993211746216
10353,14,-2.063072443008423
10354,24,-0.9120489358901978
10355,16,-1.9051984548568726
10356,21,-1.4357459545135498
10357,18,-1.7129786014556885
10358,25,-0.8814964294433594
10359,9,-2.3569157123565674
10360,5,-2.52718186378479
10361,11,-2.2011117935180664
10362,16,-1.8962913751602173
10363,8,-2.373509407043457
10364,20,-1.4827048778533936
10365,25,-0.7765439748764038
10366,11,-2.2025933265686035
10367,15,-1.9362690448760986
10368,12,-2.1827938556671143
10369,22,-1.290780782699585
10370,16,-1.9038236141204834
10371,16,-1.9294030666351318
10372,22,-1.2555147409439087
10373,12,-2.1910018920898438
10374,19,-1.6389212608337402
10375,11,-2.2258784770965576
10376,22,-1.205367088317871
10377,17,-1.7805118560791016
10378,13,-2.104844093322754
10379,21,-1.3812274932861328
10380,10,-2.301572322845459
10381,12,-2.1789588928222656
10382,26,-0.573431134223938
10383,9,-2.3326165676116943
10384,17,-1.7794244289398193
10385,20,-1.5351147651672363
10386,13,-2.0911474227905273
10387,11,-2.2422046661376953
10388,22,-1.2529300451278687
10389,21,-1.4651145935058594
10390,16,-1.9053614139556885
10391,12,-2.1655521392822266
10392,14,-2.0221774578094482
10393,19,-1.657531499862671
10394,13,-2.1029388904571533
10395,22,-1.3346660137176514
10396,23,-1.1808840036392212
10397,19,-1.6419637203216553
10398,15,-2.0033459663391113
10399,15,-2.0018534660339355
10400,16,-1.8611220121383667
10401,9,-2.3291189670562744
10402,10,-2.300936698913574
10403,23,-1.1705504655838013
10404,10,-2.3042538166046143
10405,24,-0.9538971185684204
10406,19,-1.6401333808898926
10407,15,-2.0001213550567627
10408,13,-2.089453935623169
10409,20,-1.527721881866455
10410,20,-1.5499067306518555
10411,17,-1.7850146293640137
10412,18,-1.6763293743133545
10413,21,-1.3883858919143677
10414,13,-2.1096537113189697
10415,15,-1.9593908786773682
10416,19,-1.6559629440307617
10417,28,-0.2656269073486328
10418,12,-2.15761399269104
10419,16,-1.9047949314117432
10420,23,-1.1750855445861816
10421,21,-1.4526822566986084
10422,24,-1.0157060623168945
10423,27,-0.35108351707458496
10424,19,-1.6477711200714111
10425,13,-2.11051869392395
10426,15,-1.9770921468734741
10427,11,-2.228058099746704
10428,13,-2.12849497795105
10429,19,-1.643146276473999
10430,11,-2.2323062419891357
10431,22,-1.3259906768798828
10432,13,-2.1371989250183105
10433,17,-1.853752613067627
10434,10,-2.300846815109253
10435,13,-2.131640911102295
10436,19,-1.6569969654083252
10437,11,-2.244227886199951
10438,26,-0.5679574012756348
10439,20,-1.4713404178619385
10440,11,-2.256401300430298
10441,12,-2.1774652004241943
10442,22,-1.2196648120880127
10443,15,-1.944190263748169
10444,22,-1.2276434898376465
10445,21,-1.4079718589782715
10446,14,-2.0578489303588867
10447,3,-2.702816963195801
10448,27,-0.4119466543197632
10449,27,-0.4804915189743042
10450,19,-1.632063865661621
10451,12,-2.1511964797973633
10452,21,-1.4514656066894531
10453,19,-1.6512188911437988
10454,21,-1.3817129135131836
10455,19,-1.6313906908035278
10456,21,-1.3669383525848389
10457,18,-1.7552030086517334
10458,20,-1.5755515098571777
10459,15,-1.9689116477966309
10460,12,-2.1734635829925537
10461,26,-0.6590672731399536
10462,14,-2.031721830368042
10463,18,-1.7642320394515991
10464,23,-1.1065551042556763
10465,20,-1.564084768295288
10466,29,-0.024095773696899414
10467,11,-2.2215051651000977
10468,13,-2.0877130031585693
10469,14,-2.061762809753418
10470,8,-2.4196975231170654
10471,2,-2.7556400299072266
10472,19,-1.666913390159607
10473,24,-0.9676957130432129
10474,21,-1.4058396816253662
10475,27,-0.44387078285217285
10476,11,-2.235595226287842
10477,12,-2.1773502826690674
10478,17,-1.7902181148529053
10479,24,-1.006736159324646
10480,21,-1.3417434692382812
10481,12,-2.1788370609283447
10482,11,-2.256063461303711
10483,17,-1.774486780166626
10484,9,-2.3368406295776367
10485,9,-2.324166774749756
10486,18,-1.7575221061706543
10487,3,-2.6506056785583496
10488,10,-2.300391435623169
10489,7,-2.464449405670166
10490,5,-2.5570716857910156
10491,9,-2.3247687816619873
10492,12,-2.148247480392456
10493,19,-1.6182405948638916
10494,17,-1.7956132888793945
10495,12,-2.1391398906707764
10496,14,-2.072938919067383
10497,19,-1.6008780002593994
10498,14,-2.0428991317749023
10499,12,-2.149594783782959
10500,17,-1.8250761032104492
10501,20,-1.5283467769622803
10502,10,-2.2892203330993652
10503,8,-2.4175193309783936
10504,19,-1.6754274368286133
10505,17,-1.8243834972381592
10506,13,-2.1004579067230225
10507,26,-0.6198875904083252
10508,8,-2.3978404998779297
10509,14,-2.0350077152252197
10510,15,-2.0032706260681152
10511,10,-2.2904720306396484
10512,23,-1.1396697759628296
10513,14,-2.0142669677734375
10514,20,-1.5439426898956299
10515,15,-1.9479303359985352
10516,8,-2.3701531887054443
10517,29,-0.11509323120117188
10518,15,-1.997279405593872
10519,11,-2.2584311962127686
10520,10,-2.3009262084960938
10521,28,-0.26254725456237793
10522,22,-1.3160922527313232
10523,8,-2.3887271881103516
10524,23,-1.1245232820510864
10525,23,-1.182045817375183
10526,22,-1.2184292078018188
10527,12,-2.1675312519073486
10528,13,-2.130906820297241
10529,13,-2.104429244995117
10530,9,-2.3342018127441406
10531,18,-1.712568998336792
10532,23,-1.1467547416687012
10533,16,-1.9170496463775635
10534,7,-2.443164348602295
10535,20,-1.5361019372940063
10536,19,-1.6674457788467407
10537,20,-1.5275931358337402
10538,17,-1.8206560611724854
10539,20,-1.5236752033233643
10540,8,-2.416473388671875
10541,18,-1.711219310760498
10542,15,-1.9825514554977417
10543,9,-2.3564164638519287
10544,19,-1.6420555114746094
10545,11,-2.234511375427246
10546,5,-2.5725855827331543
10547,7,-2.468655586242676
10548,6,-2.4959585666656494
10549,17,-1.8225524425506592
10550,19,-1.5902961492538452
10551,24,-1.0301138162612915
10552,11,-2.21066951751709
10553,18,-1.7321746349334717
10554,19,-1.6452316045761108
10555,14,-2.0675463676452637
10556,10,-2.3128960132598877
10557,26,-0.5528452396392822
10558,6,-2.50531268119812
10559,17,-1.857315182685852
10560,20,-1.5260298252105713
10561,16,-1.8822517395019531
10562,24,-0.9845795631408691
10563,19,-1.5898189544677734
10564,10,-2.2641589641571045
10565,20,-1.553074836730957
10566,10,-2.2744204998016357
10567,10,-2.266547203063965
10568,19,-1.666171908378601
10569,20,-1.568841814994812
10570,21,-1.4116594791412354
10571,11,-2.2116611003875732
10572,25,-0.704513430595398
10573,14,-2.0475077629089355
10574,23,-1.1794536113739014
10575,23,-1.091586709022522
10576,11,-2.2025790214538574
10577,10,-2.2925634384155273
10578,17,-1.8220932483673096
10579,15,-1.9439008235931396
10580,23,-1.078682541847229
10581,15,-1.9521149396896362
10582,22,-1.204980492591858
10583,15,-1.956498384475708
10584,12,-2.1834239959716797
10585,24,-0.9554585218429565
10586,7,-2.4329795837402344
10587,14,-2.0738792419433594
10588,8,-2.417747974395752
10589,21,-1.394989013671875
10590,18,-1.7568080425262451
10591,12,-2.1582369804382324
10592,14,-2.0546762943267822
10593,20,-1.5272644758224487
10594,18,-1.684944987297058
10595,17,-1.8207229375839233
10596,15,-2.0028295516967773
10597,12,-2.1703131198883057
10598,20,-1.5082342624664307
10599,22,-1.2468374967575073
10600,23,-1.1011303663253784
10601,25,-0.7519170045852661
10602,8,-2.3966150283813477
10603,16,-1.902493953704834
10604,18,-1.7056913375854492
10605,9,-2.3475732803344727
10606,12,-2.1717116832733154
10607,16,-1.897456169128418
10608,11,-2.201862096786499
10609,13,-2.1383821964263916
10610,13,-2.1114325523376465
10611,30,0.05252838134765625
10612,14,-2.0114777088165283
10613,5,-2.549471139907837
10614,13,-2.113856315612793
10615,21,-1.4387753009796143
10616,10,-2.263827085494995
10617,12,-2.1533899307250977
10618,13,-2.12802791595459
10619,14,-2.0268635749816895
10620,19,-1.576357126235962
10621,9,-2.342715263366699
10622,22,-1.3090335130691528
10623,16,-1.9232902526855469
10624,12,-2.197399854660034
10625,17,-1.8514506816864014
10626,9,-2.348881721496582
10627,8,-2.379549026489258
10628,15,-1.9607017040252686
10629,12,-2.163517475128174
10630,26,-0.5238199234008789
10631,8,-2.3926260471343994
10632,28,-0.1583104133605957
10633,16,-1.933883786201477
10634,8,-2.401776075363159
10635,20,-1.5457448959350586
10636,14,-2.037020206451416
10637,11,-2.232112169265747
10638,20,-1.536612629890442
10639,15,-1.9904193878173828
10640,12,-2.1740455627441406
10641,18,-1.7180826663970947
10642,21,-1.4124045372009277
10643,15,-1.9459444284439087
10644,19,-1.6735202074050903
10645,21,-1.3712937831878662
10646,17,-1.8278728723526
10647,12,-2.1608684062957764
10648,9,-2.320805788040161
10649,24,-0.9888770580291748
10650,22,-1.2539068460464478
10651,21,-1.3408805131912231
10652,21,-1.4471436738967896
10653,25,-0.872133731842041
10654,20,-1.4767813682556152
10655,25,-0.8753859996795654
10656,15,-2.004523515701294
10657,17,-1.8261620998382568
10658,26,-0.5635251998901367
10659,8,-2.3757975101470947
10660,17,-1.842568278312683
10661,10,-2.314096450805664
10662,8,-2.408886194229126
10663,9,-2.3388869762420654
10664,24,-0.9554803371429443
10665,12,-2.165926218032837
10666,25,-0.7274630069732666
10667,23,-1.1801375150680542
10668,5,-2.5627410411834717
10669,30,0.024654865264892578
10670,8,-2.38668155670166
10671,11,-2.218937635421753
10672,25,-0.8093591928482056
10673,13,-2.090790271759033
10674,15,-1.9689407348632812
10675,18,-1.7732572555541992
10676,12,-2.152639627456665
10677,18,-1.6971379518508911
10678,16,-1.9135944843292236
10679,22,-1.3041826486587524
10680,23,-1.1188334226608276
10681,26,-0.5299736261367798
10682,23,-1.194919228553772
10683,10,-2.2690582275390625
10684,8,-2.3940064907073975
10685,21,-1.4060455560684204
10686,12,-2.170177459716797
10687,8,-2.3924806118011475
10688,23,-1.1202315092086792
10689,13,-2.0828793048858643
10690,11,-2.2099666595458984
10691,16,-1.891173005104065
10692,22,-1.2664564847946167
10693,14,-2.0164544582366943
10694,18,-1.7580727338790894
10695,13,-2.137301445007324
10696,24,-1.0184520483016968
10697,11,-2.258939027786255
10698,12,-2.175276517868042
10699,16,-1.9268540143966675
10700,22,-1.3250576257705688
10701,19,-1.6599526405334473
10702,13,-2.1106085777282715
10703,9,-2.3325138092041016
10704,14,-2.030719757080078
10705,15,-1.96705961227417
10706,13,-2.128614902496338
10707,16,-1.885040283203125
10708,12,-2.188962459564209
10709,12,-2.142456531524658
10710,23,-1.1198365688323975
10711,19,-1.6718597412109375
10712,7,-2.4390385150909424
10713,18,-1.7473742961883545
10714,8,-2.406015634536743
10715,17,-1.847198247909546
10716,17,-1.8206851482391357
10717,11,-2.218766927719116
10718,14,-2.043964147567749
10719,15,-1.942793607711792
10720,12,-2.1509485244750977
10721,22,-1.2421163320541382
10722,19,-1.6730750799179077
10723,17,-1.8423519134521484
10724,20,-1.5047106742858887
10725,10,-2.2624893188476562
10726,14,-2.018970489501953
10727,11,-2.243220806121826
10728,11,-2.2496888637542725
10729,16,-1.8825498819351196
10730,13,-2.1028592586517334
10731,20,-1.501270055770874
10732,11,-2.211759567260742
10733,9,-2.3604671955108643
10734,20,-1.5595365762710571
10735,13,-2.098400831222534
10736,17,-1.7818742990493774
10737,6,-2.4745736122131348
10738,8,-2.4167683124542236
10739,13,-2.082149028778076
10740,18,-1.6931788921356201
10741,15,-1.9374967813491821
10742,13,-2.120959758758545
10743,12,-2.155230760574341
10744,20,-1.5303770303726196
10745,19,-1.5880316495895386
10746,22,-1.3150150775909424
10747,30,0.1185464859008789
10748,11,-2.215682029724121
10749,14,-2.031038761138916
10750,12,-2.185297727584839
10751,14,-2.0474345684051514
10752,14,-2.0651748180389404
10753,11,-2.2000486850738525
10754,14,-2.019366502761841
10755,14,-2.0360236167907715
10756,19,-1.6084423065185547
10757,10,-2.312598943710327
10758,11,-2.213338613510132
10759,18,-1.688384771347046
10760,13,-2.1111092567443848
10761,23,-1.1375856399536133
10762,24,-1.0342806577682495
10763,8,-2.3998970985412598
10764,17,-1.827495813369751
10765,21,-1.4100286960601807
10766,26,-0.5400412082672119
10767,10,-2.3085997104644775
10768,22,-1.2660534381866455
10769,12,-2.1741809844970703
10770,21,-1.3925161361694336
10771,12,-2.1674909591674805
10772,15,-1.9640225172042847
10773,10,-2.2681329250335693
10774,12,-2.1961653232574463
10775,14,-2.0198214054107666
10776,10,-2.2903265953063965
10777,12,-2.1884984970092773
10778,14,-2.066721200942993
10779,13,-2.1051130294799805
10780,21,-1.3414031267166138
10781,10,-2.2737765312194824
10782,24,-0.9919446706771851
10783,16,-1.878000020980835
10784,10,-2.2971816062927246
10785,13,-2.0841968059539795
10786,18,-1.7521789073944092
10787,21,-1.4388540983200073
10788,12,-2.1914727687835693
10789,25,-0.7051738500595093
10790,21,-1.4015685319900513
10791,11,-2.2371976375579834
10792,16,-1.9024009704589844
10793,18,-1.722400426864624
10794,21,-1.4123057126998901
10795,18,-1.702330470085144
10796,17,-1.8183348178863525
10797,25,-0.8355518579483032
10798,10,-2.2605209350585938
10799,12,-2.1896026134490967
10800,22,-1.320523738861084
10801,19,-1.6378989219665527
10802,6,-2.505023956298828
10803,8,-2.375741720199585
10804,18,-1.6766901016235352
10805,14,-2.023837089538574
10806,22,-1.2539032697677612
10807,14,-2.0621936321258545
10808,24,-1.003635287284851
10809,17,-1.8157522678375244
10810,15,-1.950777292251587
10811,13,-2.089042901992798
10812,6,-2.509186267852783
10813,21,-1.3543881177902222
10814,22,-1.3236602544784546
10815,14,-2.0207903385162354
10816,25,-0.7787635326385498
10817,11,-2.2422995567321777
10818,21,-1.4507825374603271
10819,19,-1.6539027690887451
10820,19,-1.6665534973144531
10821,18,-1.6993014812469482
10822,21,-1.4440515041351318
10823,13,-2.1025760173797607
10824,21,-1.4470486640930176
10825,13,-2.1180741786956787
10826,14,-2.0149035453796387
10827,9,-2.3316490650177
10828,9,-2.328925132751465
10829,21,-1.4139792919158936
10830,16,-1.9140549898147583
10831,17,-1.8311995267868042
10832,23,-1.0912343263626099
10833,23,-1.0699132680892944
10834,17,-1.827292799949646
10835,22,-1.2521339654922485
10836,11,-2.2275211811065674
10837,9,-2.35064697265625
10838,23,-1.1277021169662476
10839,24,-1.0100371837615967
10840,22,-1.3094254732131958
10841,13,-2.111114978790283
10842,16,-1.8935112953186035
10843,17,-1.852320909500122
10844,13,-2.1351733207702637
10845,17,-1.8284945487976074
10846,14,-2.065664052963257
10847,12,-2.183091163635254
10848,10,-2.263115406036377
10849,23,-1.1515228748321533
10850,15,-1.9507941007614136
10851,4,-2.6066911220550537
10852,21,-1.3595800399780273
10853,13,-2.0770576000213623
10854,9,-2.350769281387329
10855,15,-1.9742457866668701
10856,11,-2.215657949447632
10857,9,-2.3403360843658447
10858,16,-1.9246984720230103
10859,10,-2.3024933338165283
10860,10,-2.313152551651001
10861,12,-2.142913579940796
10862,13,-2.078397512435913
10863,16,-1.871699333190918
10864,17,-1.8402365446090698
10865,4,-2.6100635528564453
10866,12,-2.1914937496185303
10867,13,-2.082019329071045
10868,22,-1.3214365243911743
10869,16,-1.8686165809631348
10870,17,-1.818987250328064
10871,4,-2.6154162883758545
10872,15,-1.972590446472168
10873,12,-2.1449825763702393
10874,17,-1.7863337993621826
10875,20,-1.5694010257720947
10876,9,-2.3597540855407715
10877,12,-2.1905570030212402
10878,12,-2.179682731628418
10879,22,-1.2436137199401855
10880,14,-2.007288932800293
10881,18,-1.7528692483901978
10882,8,-2.416940450668335
10883,22,-1.2658557891845703
10884,26,-0.5549029111862183
10885,16,-1.9016772508621216
10886,13,-2.0840420722961426
10887,22,-1.2417614459991455
10888,25,-0.7883087396621704
10889,26,-0.6239441633224487
10890,18,-1.7575831413269043
10891,12,-2.19000506401062
10892,20,-1.5252082347869873
10893,16,-1.907099723815918
10894,7,-2.4708433151245117
10895,21,-1.3627948760986328
10896,20,-1.5736033916473389
10897,20,-1.5118693113327026
10898,14,-2.039896249771118
10899,17,-1.83356511592865
10900,27,-0.4331275224685669
10901,20,-1.5715351104736328
10902,17,-1.8083640336990356
10903,16,-1.867350459098816
10904,24,-0.9236488342285156
10905,15,-1.942326307296753
10906,15,-2.0007219314575195
10907,19,-1.644059181213379
10908,23,-1.1223045587539673
10909,28,-0.27092552185058594
10910,13,-2.097752094268799
10911,16,-1.8602864742279053
10912,25,-0.8647915124893188
10913,2,-2.7342987060546875
10914,8,-2.3762075901031494
10915,10,-2.2830073833465576
10916,15,-1.9896281957626343
10917,16,-1.923318862915039
10918,18,-1.7098417282104492
10919,17,-1.7939212322235107
10920,13,-2.116633653640747
10921,14,-2.0270347595214844
10922,26,-0.5732157230377197
10923,18,-1.6908502578735352
10924,22,-1.2335652112960815
10925,12,-2.1777520179748535
10926,23,-1.1627432107925415
10927,15,-1.9959452152252197
10928,20,-1.4874041080474854
10929,24,-1.012366771697998
10930,16,-1.8940455913543701
10931,21,-1.423019289970398
10932,17,-1.8595441579818726
10933,10,-2.2668769359588623
10934,14,-2.0370543003082275
10935,15,-1.9645167589187622
10936,12,-2.199270725250244
10937,19,-1.6345305442810059
10938,18,-1.7145072221755981
10939,25,-0.703332781791687
10940,9,-2.3260653018951416
10941,18,-1.7361180782318115
10942,10,-2.3067755699157715
10943,21,-1.4288208484649658
10944,19,-1.6466741561889648
10945,10,-2.285310983657837
10946,26,-0.5403857231140137
10947,8,-2.384949207305908
10948,15,-1.983140468597412
10949,22,-1.312102198600769
10950,13,-2.1211354732513428
10951,12,-2.1385555267333984
10952,9,-2.3456649780273438
10953,17,-1.839719295501709
10954,25,-0.7928996086120605
10955,8,-2.4015839099884033
10956,12,-2.172978401184082
10957,21,-1.3940787315368652
10958,2,-2.740828275680542
10959,19,-1.6465249061584473
10960,18,-1.693644642829895
10961,19,-1.5954885482788086
10962,17,-1.8393927812576294
10963,16,-1.91214120388031
10964,22,-1.3047317266464233
10965,14,-2.011359930038452
10966,17,-1.8430382013320923
10967,18,-1.7015554904937744
10968,19,-1.6416939496994019
10969,19,-1.5777949094772339
10970,11,-2.2388546466827393
10971,18,-1.7511690855026245
10972,10,-2.2945518493652344
10973,19,-1.618215560913086
10974,14,-2.067467212677002
10975,18,-1.7031605243682861
10976,18,-1.6799602508544922
10977,14,-2.0595571994781494
10978,13,-2.096062660217285
10979,11,-2.215839385986328
10980,14,-2.00722336769104
10981,17,-1.8314025402069092
10982,12,-2.160231828689575
10983,13,-2.0809788703918457
10984,23,-1.1452281475067139
10985,19,-1.6209571361541748
10986,21,-1.377946376800537
10987,16,-1.9088011980056763
10988,21,-1.3951317071914673
10989,12,-2.1685116291046143
10990,19,-1.6436212062835693
10991,11,-2.228647232055664
10992,20,-1.483391284942627
10993,10,-2.2996225357055664
10994,25,-0.7822874784469604
10995,14,-2.051069974899292
10996,22,-1.3353841304779053
10997,24,-0.9838372468948364
10998,10,-2.3118371963500977
10999,12,-2.1539530754089355
11000,25,-0.8688012361526489
11001,17,-1.7798385620117188
11002,17,-1.8506097793579102
11003,23,-1.1250147819519043
11004,9,-2.3307533264160156
11005,13,-2.1141574382781982
11006,15,-1.9544765949249268
11007,13,-2.0985658168792725
11008,21,-1.4094719886779785
11009,12,-2.1433987617492676
11010,22,-1.2846685647964478
11011,23,-1.1515380144119263
11012,15,-2.001103162765503
11013,15,-1.9459378719329834
11014,14,-2.046306610107422
11015,18,-1.7660696506500244
11016,16,-1.8747615814208984
11017,17,-1.8074017763137817
11018,15,-1.9372727870941162
11019,22,-1.3372308015823364
11020,30,0.08705377578735352
11021,13,-2.1153392791748047
11022,22,-1.2886455059051514
11023,24,-1.0353302955627441
11024,18,-1.7486311197280884
11025,10,-2.2639260292053223
11026,15,-1.997900128364563
11027,16,-1.9307042360305786
11028,29,-0.14500832557678223
11029,10,-2.2718732357025146
11030,22,-1.2536696195602417
11031,10,-2.285396099090576
11032,7,-2.4648478031158447
11033,9,-2.3651626110076904
11034,19,-1.6304428577423096
11035,24,-0.8895642757415771
11036,20,-1.5300648212432861
11037,13,-2.115617275238037
11038,14,-2.0486934185028076
11039,19,-1.6204710006713867
11040,20,-1.4804141521453857
11041,20,-1.5458488464355469
11042,18,-1.7467663288116455
11043,24,-0.9168586730957031
11044,8,-2.4172253608703613
11045,11,-2.2262563705444336
11046,18,-1.6963207721710205
11047,19,-1.656583309173584
11048,20,-1.5244140625
11049,11,-2.2089879512786865
11050,20,-1.502810001373291
11051,19,-1.5966107845306396
11052,8,-2.38659930229187
11053,20,-1.525550365447998
11054,11,-2.2053771018981934
11055,11,-2.2568037509918213
11056,22,-1.2387211322784424
11057,16,-1.8964519500732422
11058,20,-1.5211820602416992
11059,14,-2.0470314025878906
11060,24,-0.9906352758407593
11061,14,-2.0209803581237793
11062,22,-1.2386386394500732
11063,10,-2.275202989578247
11064,9,-2.3186702728271484
11065,14,-2.0288021564483643
11066,16,-1.8706870079040527
11067,17,-1.7882440090179443
11068,24,-0.9031193256378174
11069,18,-1.7730200290679932
11070,9,-2.3296990394592285
11071,8,-2.3921849727630615
11072,4,-2.5812559127807617
11073,12,-2.141840934753418
11074,16,-1.9223178625106812
11075,22,-1.2576100826263428
11076,15,-1.9703218936920166
11077,9,-2.3636114597320557
11078,17,-1.8570644855499268
11079,11,-2.2164547443389893
11080,19,-1.6503019332885742
11081,22,-1.323341727256775
11082,8,-2.405029773712158
11083,18,-1.7426611185073853
11084,12,-2.141488552093506
11085,23,-1.166483759880066
11086,14,-2.0308618545532227
11087,20,-1.574214220046997
11088,29,-0.15259504318237305
11089,23,-1.1105940341949463
11090,21,-1.3883581161499023
11091,17,-1.780484914779663
11092,12,-2.192723035812378
11093,12,-2.1905622482299805
11094,24,-1.0323909521102905
11095,15,-1.9690519571304321
11096,21,-1.4587273597717285
11097,25,-0.7691307067871094
11098,13,-2.1230485439300537
11099,23,-1.1234447956085205
11100,10,-2.273503541946411
11101,21,-1.4474725723266602
11102,20,-1.5561617612838745
11103,16,-1.8639049530029297
11104,18,-1.7339279651641846
11105,22,-1.314046859741211
11106,15,-1.9561342000961304
11107,20,-1.4746031761169434
11108,13,-2.1209588050842285
11109,11,-2.220254421234131
11110,27,-0.48716795444488525
11111,8,-2.3694052696228027
11112,23,-1.177785873413086
11113,13,-2.1312596797943115
11114,19,-1.6251819133758545
11115,18,-1.7442529201507568
11116,19,-1.6468756198883057
11117,16,-1.888932228088379
11118,21,-1.3447977304458618
11119,15,-1.9847241640090942
11120,7,-2.4642233848571777
11121,25,-0.8201559782028198
11122,27,-0.3946417570114136
11123,18,-1.7125823497772217
11124,9,-2.336146593093872
11125,21,-1.343278408050537
11126,16,-1.8974801301956177
11127,20,-1.4845978021621704
11128,22,-1.2628790140151978
11129,6,-2.4910829067230225
11130,15,-1.9745440483093262
11131,11,-2.2302846908569336
11132,24,-0.9183062314987183
11133,12,-2.1558167934417725
11134,12,-2.1927833557128906
11135,9,-2.3429789543151855
11136,17,-1.8315155506134033
11137,11,-2.207552671432495
11138,19,-1.5773333311080933
11139,12,-2.158785820007324
11140,10,-2.2945079803466797
11141,17,-1.7905566692352295
11142,21,-1.3430663347244263
11143,14,-2.0422258377075195
11144,29,-0.14549970626831055
11145,17,-1.784705400466919
11146,28,-0.24394917488098145
11147,17,-1.788177490234375
11148,12,-2.1712141036987305
11149,15,-1.9532614946365356
11150,15,-1.9868508577346802
11151,17,-1.815737247467041
11152,10,-2.311886787414551
11153,12,-2.191164493560791
11154,19,-1.5812814235687256
11155,20,-1.5128133296966553
11156,17,-1.83846116065979
11157,13,-2.1328394412994385
11158,22,-1.2704274654388428
11159,11,-2.2486283779144287
11160,23,-1.1213963031768799
11161,14,-2.0444018840789795
11162,10,-2.284475088119507
11163,25,-0.8332157135009766
11164,15,-1.9563381671905518
11165,26,-0.6940934658050537
11166,14,-2.0483765602111816
11167,21,-1.4163129329681396
11168,27,-0.4965088367462158
11169,15,-2.004812717437744
11170,14,-2.018083095550537
11171,14,-2.041978120803833
11172,14,-2.0349440574645996
11173,10,-2.2992329597473145
11174,21,-1.4619510173797607
11175,15,-1.9350781440734863
11176,13,-2.0920653343200684
11177,10,-2.2945477962493896
11178,24,-1.0044844150543213
11179,19,-1.6592910289764404
11180,29,-0.038175344467163086
11181,11,-2.252784490585327
11182,10,-2.30348539352417
11183,10,-2.2966835498809814
11184,22,-1.3184788227081299
11185,13,-2.077997922897339
11186,18,-1.769173264503479
11187,15,-2.0050084590911865
11188,25,-0.8263505697250366
11189,15,-1.973785161972046
11190,30,0.0028362274169921875
11191,21,-1.3421027660369873
11192,29,-0.0829169750213623
11193,19,-1.6750322580337524
11194,12,-2.176158905029297
11195,11,-2.241450786590576
11196,7,-2.4505693912506104
11197,18,-1.7123993635177612
11198,18,-1.7089500427246094
11199,14,-2.046797752380371
11200,12,-2.155684471130371
11201,18,-1.7155907154083252
11202,10,-2.26149582862854
11203,28,-0.18938183784484863
11204,11,-2.231881618499756
11205,16,-1.9258757829666138
11206,25,-0.7706491947174072
11207,13,-2.091214418411255
11208,21,-1.3524668216705322
11209,23,-1.0510904788970947
11210,18,-1.7676559686660767
11211,19,-1.611987590789795
11212,12,-2.1397855281829834
11213,26,-0.6568076610565186
11214,6,-2.509791612625122
11215,26,-0.6267163753509521
11216,19,-1.6074035167694092
11217,14,-2.0425472259521484
11218,13,-2.075120210647583
11219,16,-1.8848782777786255
11220,27,-0.42756974697113037
11221,22,-1.2498033046722412
11222,14,-2.027772903442383
11223,24,-0.9479743242263794
11224,19,-1.599461317062378
11225,12,-2.1675522327423096
11226,30,0.06831216812133789
11227,17,-1.8494746685028076
11228,3,-2.6579947471618652
11229,28,-0.16452622413635254
11230,15,-1.999914526939392
11231,18,-1.773462176322937
11232,14,-2.012390375137329
11233,12,-2.184713363647461
11234,17,-1.846696138381958
11235,22,-1.288259506225586
11236,10,-2.2870614528656006
11237,22,-1.3277769088745117
11238,18,-1.6903959512710571
11239,20,-1.5224695205688477
11240,11,-2.213977098464966
11241,8,-2.3858070373535156
11242,18,-1.7154102325439453
11243,18,-1.7103978395462036
11244,20,-1.4866142272949219
11245,9,-2.3426051139831543
11246,20,-1.5226072072982788
11247,16,-1.9080474376678467
11248,17,-1.8020604848861694
11249,18,-1.7418081760406494
11250,18,-1.7354018688201904
11251,3,-2.704355239868164
11252,20,-1.5541104078292847
11253,21,-1.415825366973877
11254,17,-1.8590744733810425
11255,25,-0.696906566619873
11256,22,-1.32012939453125
11257,18,-1.7028425931930542
11258,17,-1.8212004899978638
11259,19,-1.6625651121139526
11260,16,-1.9042667150497437
11261,23,-1.1499238014221191
11262,7,-2.462926149368286
11263,17,-1.7834703922271729
11264,21,-1.4327996969223022
11265,22,-1.2186057567596436
11266,10,-2.293290853500366
11267,15,-1.9829061031341553
11268,15,-1.9381458759307861
11269,13,-2.1282808780670166
11270,22,-1.2781476974487305
11271,14,-2.0310933589935303
11272,24,-1.026238203048706
11273,13,-2.118683099746704
11274,7,-2.4308106899261475
11275,11,-2.2010557651519775
11276,15,-1.9901866912841797
11277,17,-1.845216989517212
11278,22,-1.2446134090423584
11279,8,-2.4097471237182617
11280,13,-2.074262857437134
11281,25,-0.7941186428070068
11282,16,-1.8628588914871216
11283,12,-2.150317907333374
11284,11,-2.200045585632324
11285,19,-1.6017980575561523
11286,22,-1.2874596118927002
11287,18,-1.7463089227676392
11288,14,-2.0305752754211426
11289,18,-1.6770164966583252
11290,10,-2.284334897994995
11291,20,-1.532742977142334
11292,14,-2.0300750732421875
11293,20,-1.4830783605575562
11294,16,-1.8897989988327026
11295,13,-2.1011321544647217
11296,17,-1.7912049293518066
11297,12,-2.1898341178894043
11298,12,-2.1673412322998047
11299,29,-0.1284782886505127
11300,14,-2.0107195377349854
11301,10,-2.260126829147339
11302,15,-1.9796807765960693
11303,25,-0.7650939226150513
11304,24,-0.9420367479324341
11305,23,-1.1115593910217285
11306,24,-0.9763437509536743
11307,23,-1.1386550664901733
11308,23,-1.1112295389175415
11309,15,-1.963117003440857
11310,12,-2.161423444747925
11311,19,-1.667262077331543
11312,20,-1.5582466125488281
11313,21,-1.3729711771011353
11314,17,-1.8341127634048462
11315,15,-1.9756710529327393
11316,19,-1.6377475261688232
11317,13,-2.0898873805999756
11318,22,-1.3296973705291748
11319,9,-2.3459558486938477
11320,11,-2.245251417160034
11321,14,-2.041804313659668
11322,18,-1.6887083053588867
11323,24,-1.0439245700836182
11324,20,-1.5307888984680176
11325,25,-0.7933834791183472
11326,14,-2.0319316387176514
11327,12,-2.153832197189331
11328,19,-1.5933594703674316
11329,20,-1.5441198348999023
11330,17,-1.8397282361984253
11331,12,-2.1981828212738037
11332,16,-1.8761285543441772
11333,25,-0.8113387823104858
11334,16,-1.9311431646347046
11335,9,-2.3581392765045166
11336,28,-0.26238346099853516
11337,24,-1.0424890518188477
11338,11,-2.205825090408325
11339,14,-2.034285306930542
11340,25,-0.7167898416519165
11341,10,-2.260047674179077
11342,23,-1.1225285530090332
11343,11,-2.2219696044921875
11344,14,-2.07076358795166
11345,12,-2.1535606384277344
11346,6,-2.490422487258911
11347,14,-2.030435562133789
11348,21,-1.374528169631958
11349,17,-1.823171615600586
11350,20,-1.4820635318756104
11351,7,-2.4262125492095947
11352,17,-1.851765751838684
11353,17,-1.7893357276916504
11354,6,-2.486812114715576
11355,25,-0.8033633232116699
11356,24,-0.8854918479919434
11357,18,-1.6795724630355835
11358,17,-1.8452719449996948
11359,24,-1.0039993524551392
11360,14,-2.074227809906006
11361,13,-2.101685047149658
11362,19,-1.6117109060287476
11363,19,-1.6530210971832275
11364,7,-2.4537298679351807
11365,19,-1.671011209487915
11366,13,-2.122302532196045
11367,13,-2.097579002380371
11368,21,-1.4131138324737549
11369,24,-0.9966785907745361
11370,29,-0.14893698692321777
11371,24,-0.9789432287216187
11372,13,-2.0988142490386963
11373,8,-2.394805908203125
11374,8,-2.4046757221221924
11375,16,-1.9146080017089844
11376,17,-1.8257715702056885
11377,25,-0.7108316421508789
11378,19,-1.583031415939331
11379,13,-2.1236929893493652
11380,17,-1.8049390316009521
11381,19,-1.65267014503479
11382,13,-2.130190849304199
11383,10,-2.2740554809570312
11384,18,-1.6986548900604248
11385,14,-2.0362799167633057
11386,12,-2.143223762512207
11387,17,-1.7756484746932983
11388,8,-2.373352289199829
11389,16,-1.8662571907043457
11390,18,-1.6834975481033325
11391,15,-1.9955332279205322
11392,25,-0.879560112953186
11393,13,-2.115058422088623
11394,10,-2.285109519958496
11395,24,-0.9272525310516357
11396,13,-2.11053466796875
11397,25,-0.8281961679458618
11398,12,-2.1429452896118164
11399,14,-2.039370536804199
11400,8,-2.375485897064209
11401,20,-1.5531272888183594
11402,19,-1.6078174114227295
11403,21,-1.3810696601867676
11404,11,-2.248244285583496
11405,16,-1.9166336059570312
11406,21,-1.4367976188659668
11407,14,-2.0083961486816406
11408,11,-2.2083725929260254
11409,6,-2.4970614910125732
11410,21,-1.3523972034454346
11411,30,0.058635711669921875
11412,9,-2.343480348587036
11413,15,-1.937951683998108
11414,11,-2.2260937690734863
11415,16,-1.9059629440307617
11416,15,-2.006444215774536
11417,17,-1.7785542011260986
11418,14,-2.0497348308563232
11419,21,-1.459595799446106
11420,20,-1.4951560497283936
11421,13,-2.1344709396362305
11422,11,-2.2245304584503174
11423,18,-1.7704764604568481
11424,12,-2.1954033374786377
11425,14,-2.012991428375244
11426,22,-1.3290855884552002
11427,15,-1.9470211267471313
11428,21,-1.4072914123535156
11429,25,-0.6950023174285889
11430,9,-2.3451061248779297
11431,10,-2.262277603149414
11432,14,-2.045193910598755
11433,26,-0.51847243309021
11434,18,-1.676805019378662
11435,15,-1.9827907085418701
11436,20,-1.5747883319854736
11437,20,-1.5290416479110718
11438,20,-1.5703763961791992
11439,9,-2.3390331268310547
11440,24,-0.9965076446533203
11441,20,-1.494256854057312
11442,20,-1.529290795326233
11443,22,-1.2394400835037231
11444,15,-1.9582712650299072
11445,13,-2.130967140197754
11446,25,-0.6994040012359619
11447,19,-1.608943223953247
11448,13,-2.125534772872925
11449,13,-2.089818000793457
11450,15,-1.9544633626937866
11451,16,-1.8872063159942627
11452,20,-1.5745097398757935
11453,24,-1.0281949043273926
11454,12,-2.1943464279174805
11455,12,-2.1566269397735596
11456,14,-2.0075743198394775
11457,21,-1.3680707216262817
11458,23,-1.1973217725753784
11459,12,-2.1443588733673096
11460,22,-1.3136191368103027
11461,11,-2.2426512241363525
11462,24,-0.889586329460144
11463,8,-2.413747787475586
11464,13,-2.119959592819214
11465,28,-0.18984389305114746
11466,17,-1.8250943422317505
11467,15,-1.9867618083953857
11468,28,-0.18671441078186035
11469,16,-1.8929197788238525
11470,10,-2.2714481353759766
11471,11,-2.2347936630249023
11472,16,-1.912427544593811
11473,17,-1.8081731796264648
11474,24,-0.9604525566101074
11475,11,-2.252126932144165
11476,21,-1.3686217069625854
11477,19,-1.6318027973175049
11478,13,-2.1293745040893555
11479,2,-2.7263360023498535
11480,14,-2.070131540298462
11481,13,-2.128281354904175
11482,22,-1.2549374103546143
11483,15,-1.96576988697052
11484,7,-2.440389394760132
11485,26,-0.656610369682312
11486,15,-1.9845331907272339
11487,21,-1.3618128299713135
11488,16,-1.8936327695846558
11489,13,-2.094376564025879
11490,12,-2.1910414695739746
11491,16,-1.8891792297363281
11492,18,-1.692446231842041
11493,26,-0.5414326190948486
11494,11,-2.2395071983337402
11495,14,-2.0280990600585938
11496,18,-1.7708582878112793
11497,27,-0.35436439514160156
11498,11,-2.206432580947876
11499,13,-2.084282159805298
11500,9,-2.3538782596588135
11501,30,-0.006969928741455078
11502,16,-1.910501480102539
11503,9,-2.3618452548980713
11504,12,-2.1659324169158936
11505,17,-1.8038609027862549
11506,27,-0.3671990633010864
11507,19,-1.5847339630126953
11508,17,-1.8493766784667969
11509,11,-2.235936403274536
11510,10,-2.2997004985809326
11511,20,-1.5555378198623657
11512,12,-2.151237726211548
11513,22,-1.227163314819336
11514,11,-2.2134597301483154
11515,15,-1.9919579029083252
11516,17,-1.8088454008102417
11517,13,-2.1317245960235596
11518,25,-0.8794715404510498
11519,12,-2.1979758739471436
11520,12,-2.153196096420288
11521,15,-1.9927763938903809
11522,19,-1.6357837915420532
11523,18,-1.7612054347991943
11524,11,-2.2264840602874756
11525,12,-2.191784620285034
11526,21,-1.4602186679840088
11527,27,-0.3459489345550537
11528,17,-1.7960302829742432
11529,20,-1.5372464656829834
11530,18,-1.7216966152191162
11531,25,-0.8403308391571045
11532,14,-2.0624165534973145
11533,23,-1.1308104991912842
11534,21,-1.4317035675048828
11535,24,-1.0388633012771606
11536,19,-1.577810287475586
11537,21,-1.411510944366455
11538,12,-2.166126251220703
11539,19,-1.6762847900390625
11540,12,-2.1926069259643555
11541,22,-1.285873532295227
11542,13,-2.080327272415161
11543,12,-2.1936161518096924
11544,17,-1.799661636352539
11545,23,-1.1659313440322876
11546,20,-1.5033016204833984
11547,12,-2.1937754154205322
11548,25,-0.7847689390182495
11549,22,-1.2570984363555908
11550,28,-0.27405381202697754
11551,16,-1.893112301826477
11552,21,-1.4555587768554688
11553,22,-1.3034074306488037
11554,16,-1.901099443435669
11555,26,-0.5031675100326538
11556,17,-1.850498914718628
11557,15,-2.0065386295318604
11558,22,-1.2175160646438599
11559,29,-0.08006739616394043
11560,18,-1.7406725883483887
11561,18,-1.7186787128448486
11562,13,-2.0932259559631348
11563,21,-1.3723974227905273
11564,16,-1.894521951675415
11565,19,-1.6705784797668457
11566,4,-2.582967758178711
11567,15,-1.9366121292114258
11568,13,-2.111584424972534
11569,23,-1.0892025232315063
11570,21,-1.4141994714736938
11571,14,-2.064011812210083
11572,25,-0.8288549184799194
11573,13,-2.1012494564056396
11574,16,-1.8713921308517456
11575,15,-1.9691280126571655
11576,7,-2.4598636627197266
11577,19,-1.5895863771438599
11578,21,-1.3869708776474
11579,13,-2.112889289855957
11580,8,-2.4054911136627197
11581,17,-1.8120548725128174
11582,20,-1.503799319267273
11583,18,-1.7224938869476318
11584,16,-1.9126911163330078
11585,9,-2.363839864730835
11586,25,-0.83601975440979
11587,16,-1.8759396076202393
11588,13,-2.108492136001587
11589,13,-2.0916311740875244
11590,23,-1.1123404502868652
11591,16,-1.881812334060669
11592,28,-0.2965245246887207
11593,23,-1.1349929571151733
11594,11,-2.2105953693389893
11595,13,-2.1246259212493896
11596,16,-1.8946746587753296
11597,17,-1.843765139579773
11598,13,-2.110064744949341
11599,10,-2.2651052474975586
11600,19,-1.647423505783081
11601,23,-1.0604841709136963
11602,14,-2.058521270751953
11603,18,-1.690619945526123
11604,23,-1.1721289157867432
11605,16,-1.8624283075332642
11606,4,-2.633190631866455
11607,16,-1.8859792947769165
11608,8,-2.3899238109588623
11609,10,-2.283848285675049
11610,9,-2.3385400772094727
11611,13,-2.127366065979004
11612,11,-2.2178096771240234
11613,17,-1.8361964225769043
11614,18,-1.7372348308563232
11615,24,-1.0177977085113525
11616,20,-1.4785714149475098
11617,16,-1.9057124853134155
11618,13,-2.0833754539489746
11619,13,-2.110656261444092
11620,16,-1.867052435874939
11621,16,-1.9043874740600586
11622,20,-1.5689418315887451
11623,15,-1.979180097579956
11624,20,-1.4683537483215332
11625,26,-0.6423534154891968
11626,9,-2.350119113922119
11627,13,-2.128119468688965
11628,19,-1.5894722938537598
11629,17,-1.8234119415283203
11630,13,-2.1217312812805176
11631,13,-2.092125415802002
11632,16,-1.878330111503601
11633,15,-2.004228353500366
11634,19,-1.6342778205871582
11635,11,-2.199580192565918
11636,15,-1.9529763460159302
11637,26,-0.5119237899780273
11638,21,-1.3861260414123535
11639,29,-0.015798091888427734
11640,12,-2.1899185180664062
11641,16,-1.8800855875015259
11642,19,-1.6011643409729004
11643,30,0.05512118339538574
11644,16,-1.908940315246582
11645,9,-2.360934257507324
11646,20,-1.5561954975128174
11647,23,-1.059906244277954
11648,19,-1.580500602722168
11649,15,-1.9839553833007812
11650,10,-2.2652459144592285
11651,10,-2.2885360717773438
11652,11,-2.2147157192230225
11653,11,-2.2243261337280273
11654,18,-1.707157015800476
11655,14,-2.043138265609741
11656,17,-1.8218638896942139
11657,19,-1.6463253498077393
11658,22,-1.3289527893066406
11659,20,-1.4778386354446411
11660,9,-2.322202682495117
11661,13,-2.107727527618408
11662,13,-2.1285197734832764
11663,11,-2.2137622833251953
11664,11,-2.2208595275878906
11665,22,-1.3257853984832764
11666,8,-2.3753132820129395
11667,6,-2.497110605239868
11668,27,-0.46369051933288574
11669,17,-1.824614405632019
11670,17,-1.7813127040863037
11671,18,-1.67963445186615
11672,20,-1.544128656387329
11673,20,-1.467629075050354
11674,19,-1.6343295574188232
11675,21,-1.4440068006515503
11676,23,-1.1569534540176392
11677,18,-1.7284388542175293
11678,23,-1.1890531778335571
11679,18,-1.7600505352020264
11680,20,-1.4870400428771973
11681,19,-1.619262456893921
11682,25,-0.7567653656005859
11683,6,-2.489827871322632
11684,27,-0.3608494997024536
11685,10,-2.295837163925171
11686,19,-1.6630682945251465
11687,14,-2.0117175579071045
11688,22,-1.2242201566696167
11689,8,-2.379427909851074
11690,16,-1.8654916286468506
11691,14,-2.0428714752197266
11692,13,-2.0926027297973633
11693,19,-1.672689437866211
11694,15,-1.9458391666412354
11695,30,0.03512215614318848
11696,20,-1.50879967212677
11697,21,-1.4079258441925049
11698,19,-1.593724250793457
11699,11,-2.2547545433044434
11700,9,-2.3458614349365234
11701,21,-1.4536070823669434
11702,10,-2.2982444763183594
11703,28,-0.29187846183776855
11704,28,-0.2834799289703369
11705,22,-1.2801908254623413
11706,13,-2.1286840438842773
11707,20,-1.4689868688583374
11708,22,-1.337947130203247
11709,19,-1.5937981605529785
11710,17,-1.787790060043335
11711,20,-1.566784143447876
11712,16,-1.924013614654541
11713,23,-1.184337854385376
11714,29,-0.03502607345581055
11715,18,-1.7089495658874512
11716,12,-2.188650608062744
11717,23,-1.115095853805542
11718,10,-2.2851908206939697
11719,11,-2.2347793579101562
11720,19,-1.6220052242279053
11721,18,-1.6882166862487793
11722,21,-1.4532175064086914
11723,15,-1.987154245376587
11724,21,-1.3527729511260986
11725,27,-0.45927679538726807
11726,23,-1.0740541219711304
11727,22,-1.2252483367919922
11728,14,-2.0125391483306885
11729,17,-1.8211848735809326
11730,24,-0.9907753467559814
11731,5,-2.5607247352600098
11732,20,-1.51043701171875
11733,7,-2.459118127822876
11734,12,-2.162998676300049
11735,11,-2.2229325771331787
11736,16,-1.9272339344024658
11737,16,-1.8905118703842163
11738,15,-2.0021533966064453
11739,29,-0.016832828521728516
11740,22,-1.3089932203292847
11741,13,-2.0789904594421387
11742,11,-2.2173879146575928
11743,9,-2.3325095176696777
11744,17,-1.786078691482544
11745,24,-0.9175041913986206
11746,11,-2.2398598194122314
11747,16,-1.9335758686065674
11748,17,-1.8461307287216187
11749,13,-2.1194345951080322
11750,25,-0.7263773679733276
11751,23,-1.143649935722351
11752,22,-1.2859776020050049
11753,21,-1.3692225217819214
11754,23,-1.117943525314331
11755,19,-1.621080994606018
11756,23,-1.18812894821167
11757,21,-1.4027717113494873
11758,18,-1.7615073919296265
11759,27,-0.43287837505340576
11760,19,-1.6251254081726074
11761,20,-1.4729688167572021
11762,15,-1.935062050819397
11763,22,-1.2193756103515625
11764,10,-2.288309335708618
11765,16,-1.8884333372116089
11766,20,-1.4995579719543457
11767,13,-2.089653491973877
11768,16,-1.9326517581939697
11769,17,-1.778820276260376
11770,11,-2.2285335063934326
11771,12,-2.189268112182617
11772,22,-1.2466219663619995
11773,12,-2.1927056312561035
11774,11,-2.205338716506958
11775,9,-2.3198935985565186
11776,17,-1.85635244846344
11777,26,-0.6901997327804565
11778,15,-1.948649287223816
11779,17,-1.8175983428955078
11780,14,-2.032691478729248
11781,5,-2.5661308765411377
11782,23,-1.1881834268569946
11783,7,-2.4468307495117188
11784,25,-0.7090871334075928
11785,13,-2.1355371475219727
11786,12,-2.1639063358306885
11787,13,-2.123157501220703
11788,19,-1.6538302898406982
11789,12,-2.1964123249053955
11790,15,-1.9613499641418457
11791,1,-2.792773962020874
11792,21,-1.4497164487838745
11793,29,-0.04065299034118652
11794,18,-1.691589593887329
11795,3,-2.647761106491089
11796,17,-1.8204526901245117
11797,22,-1.2495049238204956
11798,21,-1.3819286823272705
11799,14,-2.008908748626709
11800,19,-1.5898441076278687
11801,14,-2.0557563304901123
11802,12,-2.1938459873199463
11803,17,-1.856785774230957
11804,28,-0.23963069915771484
11805,14,-2.066175937652588
11806,11,-2.210599184036255
11807,13,-2.1187710762023926
11808,24,-0.9624209403991699
11809,9,-2.3300654888153076
11810,21,-1.3531036376953125
11811,17,-1.803257703781128
11812,14,-2.0503764152526855
11813,20,-1.4756393432617188
11814,23,-1.1137317419052124
11815,12,-2.196298837661743
11816,12,-2.170515298843384
11817,14,-2.032482624053955
11818,17,-1.7790460586547852
11819,18,-1.7616972923278809
11820,26,-0.6787488460540771
11821,25,-0.8604196310043335
11822,9,-2.324491262435913
11823,15,-1.999274730682373
11824,22,-1.3135449886322021
11825,19,-1.6331632137298584
11826,21,-1.403374195098877
11827,21,-1.4556007385253906
11828,22,-1.3246803283691406
11829,13,-2.1087722778320312
11830,12,-2.172868251800537
11831,15,-1.9454774856567383
11832,21,-1.4280810356140137
11833,16,-1.8973414897918701
11834,22,-1.2356089353561401
11835,11,-2.2010765075683594
11836,20,-1.465749979019165
11837,15,-1.974814772605896
11838,14,-2.00933837890625
11839,27,-0.4720420837402344
11840,12,-2.1912190914154053
11841,28,-0.3122398853302002
11842,14,-2.0348429679870605
11843,26,-0.5657967329025269
11844,23,-1.144384503364563
11845,10,-2.280751943588257
11846,13,-2.098874568939209
11847,10,-2.3086459636688232
11848,21,-1.360329031944275
11849,12,-2.199126958847046
11850,24,-0.9452171325683594
11851,16,-1.8963161706924438
11852,21,-1.4286553859710693
11853,24,-0.9050700664520264
11854,14,-2.016031265258789
11855,20,-1.5463438034057617
11856,18,-1.7604081630706787
11857,25,-0.7972842454910278
11858,24,-1.0416865348815918
11859,17,-1.8029019832611084
11860,18,-1.676946997642517
11861,9,-2.340740919113159
11862,19,-1.6636502742767334
11863,29,-0.06057548522949219
11864,24,-0.998136043548584
11865,5,-2.569483995437622
11866,25,-0.8519775867462158
11867,8,-2.3860902786254883
11868,27,-0.4252736568450928
11869,10,-2.312784194946289
11870,30,0.03905224800109863
11871,13,-2.0975611209869385
11872,17,-1.8362592458724976
11873,18,-1.7158417701721191
11874,22,-1.2914292812347412
11875,10,-2.304607391357422
11876,11,-2.2223708629608154
11877,22,-1.2831121683120728
11878,18,-1.769036054611206
11879,13,-2.1205084323883057
11880,29,-0.11899280548095703
11881,29,-0.08614420890808105
11882,22,-1.2098716497421265
11883,12,-2.168936252593994
11884,14,-2.0674729347229004
11885,15,-1.9803205728530884
11886,5,-2.5288474559783936
11887,10,-2.2953014373779297
11888,14,-2.0425610542297363
11889,17,-1.790243148803711
11890,23,-1.1495543718338013
11891,15,-1.94086754322052
11892,13,-2.0814127922058105
11893,16,-1.9098334312438965
11894,23,-1.1543550491333008
11895,16,-1.904688835144043
11896,12,-2.1840713024139404
11897,20,-1.4983333349227905
11898,16,-1.8975690603256226
11899,26,-0.6799763441085815
11900,25,-0.8602972030639648
11901,21,-1.3839013576507568
11902,21,-1.4530677795410156
11903,22,-1.3011436462402344
11904,21,-1.373144507408142
11905,13,-2.131718158721924
11906,23,-1.1208347082138062
11907,19,-1.6158037185668945
11908,23,-1.1208035945892334
11909,20,-1.5591132640838623
11910,15,-1.9850797653198242
11911,19,-1.621744155883789
11912,16,-1.8873012065887451
11913,21,-1.4581255912780762
11914,22,-1.2874360084533691
11915,9,-2.3170652389526367
11916,19,-1.6609468460083008
11917,19,-1.5852004289627075
11918,9,-2.338221788406372
11919,22,-1.2109402418136597
11920,14,-2.0664379596710205
11921,17,-1.849497675895691
11922,22,-1.2565994262695312
11923,14,-2.066793203353882
11924,16,-1.9325631856918335
11925,16,-1.9093198776245117
11926,17,-1.8150196075439453
11927,20,-1.5396769046783447
11928,22,-1.2733259201049805
11929,20,-1.510349988937378
11930,19,-1.6164391040802002
11931,17,-1.8029972314834595
11932,14,-2.065230131149292
11933,18,-1.7278971672058105
11934,11,-2.2321279048919678
11935,13,-2.131732940673828
11936,9,-2.33518385887146
11937,11,-2.208252191543579
11938,19,-1.5928194522857666
11939,15,-1.9575912952423096
11940,12,-2.1448357105255127
11941,19,-1.6248500347137451
11942,5,-2.574697971343994
11943,15,-1.9367722272872925
11944,11,-2.2105720043182373
11945,11,-2.199669599533081
11946,19,-1.5772141218185425
11947,20,-1.548081636428833
11948,15,-1.967061161994934
11949,15,-1.9928356409072876
11950,21,-1.3634227514266968
11951,18,-1.7272217273712158
11952,15,-1.9876174926757812
11953,28,-0.19823336601257324
11954,12,-2.146932363510132
11955,22,-1.2896281480789185
11956,10,-2.2698543071746826
11957,19,-1.6366609334945679
11958,9,-2.349762439727783
11959,18,-1.7224581241607666
11960,20,-1.4919922351837158
11961,21,-1.386814832687378
11962,23,-1.1902238130569458
11963,23,-1.1164016723632812
11964,21,-1.409970760345459
11965,23,-1.1297696828842163
11966,20,-1.5178725719451904
11967,24,-0.9452441930770874
11968,21,-1.4412291049957275
11969,20,-1.4828355312347412
11970,24,-1.001706838607788
11971,12,-2.154951572418213
11972,8,-2.400852918624878
11973,14,-2.014935255050659
11974,29,-0.019884824752807617
11975,14,-2.0549476146698
11976,5,-2.5286972522735596
11977,17,-1.8110477924346924
11978,14,-2.0198583602905273
11979,18,-1.6870756149291992
11980,22,-1.325958013534546
11981,20,-1.5305039882659912
11982,21,-1.4439971446990967
11983,16,-1.8610646724700928
11984,14,-2.0546159744262695
11985,26,-0.5940743684768677
11986,17,-1.8160353899002075
11987,20,-1.5420238971710205
11988,8,-2.3924975395202637
11989,13,-2.1040279865264893
11990,16,-1.8651366233825684
11991,22,-1.2724356651306152
11992,24,-1.040816307067871
11993,22,-1.3381836414337158
11994,2,-2.7625327110290527
11995,16,-1.862229824066162
11996,22,-1.2166584730148315
11997,12,-2.1514735221862793
11998,21,-1.436999797821045
11999,5,-2.5424747467041016
12000,26,-0.5045899152755737
12001,18,-1.7482829093933105
12002,8,-2.3838865756988525
12003,10,-2.313664436340332
12004,22,-1.2613760232925415
12005,24,-0.980764627456665
12006,19,-1.5887861251831055
12007,24,-0.9131096601486206
12008,18,-1.7219481468200684
12009,17,-1.8151662349700928
12010,13,-2.1146819591522217
12011,25,-0.8164961338043213
12012,18,-1.684874176979065
12013,14,-2.0106990337371826
12014,23,-1.1770011186599731
12015,11,-2.2062809467315674
12016,26,-0.5244476795196533
12017,11,-2.254202127456665
12018,24,-0.9591348171234131
12019,15,-1.9660234451293945
12020,16,-1.8814599514007568
12021,20,-1.4915482997894287
12022,22,-1.2154951095581055
12023,26,-0.5724459886550903
12024,16,-1.891656517982483
12025,12,-2.1506385803222656
12026,23,-1.1788172721862793
12027,18,-1.694225788116455
12028,13,-2.090301513671875
12029,13,-2.1321873664855957
12030,18,-1.7327604293823242
12031,20,-1.5237265825271606
12032,16,-1.8702569007873535
12033,22,-1.223907470703125
12034,22,-1.3076491355895996
12035,16,-1.933398962020874
12036,19,-1.6304998397827148
12037,18,-1.7026407718658447
12038,10,-2.2958035469055176
12039,15,-1.9668868780136108
12040,12,-2.1822569370269775
12041,20,-1.533128261566162
12042,22,-1.3139762878417969
12043,12,-2.1722917556762695
12044,24,-1.0305123329162598
12045,10,-2.2601590156555176
12046,22,-1.2304500341415405
12047,9,-2.327146053314209
12048,18,-1.7058275938034058
12049,21,-1.415473461151123
12050,13,-2.0969293117523193
12051,13,-2.114753484725952
12052,12,-2.1964526176452637
12053,14,-2.0446739196777344
12054,13,-2.0772430896759033
12055,17,-1.849288821220398
12056,19,-1.5855567455291748
12057,14,-2.0449697971343994
12058,26,-0.6155253648757935
12059,21,-1.421194314956665
12060,17,-1.789755940437317
12061,20,-1.5229661464691162
12062,23,-1.1475961208343506
12063,20,-1.5278728008270264
12064,20,-1.5277423858642578
12065,13,-2.093358039855957
12066,8,-2.370177984237671
12067,15,-1.9969244003295898
12068,27,-0.4861506223678589
12069,23,-1.0828360319137573
12070,15,-2.0070531368255615
12071,22,-1.2495157718658447
12072,13,-2.1080002784729004
12073,18,-1.7429132461547852
12074,10,-2.2629950046539307
12075,8,-2.3798763751983643
12076,13,-2.093371868133545
12077,15,-1.9722161293029785
12078,13,-2.0874054431915283
12079,17,-1.7849209308624268
12080,16,-1.8613579273223877
12081,15,-2.0012102127075195
12082,8,-2.3818325996398926
12083,13,-2.1047523021698
12084,15,-1.9740490913391113
12085,19,-1.6052359342575073
12086,19,-1.660066843032837
12087,12,-2.1670799255371094
12088,23,-1.1195793151855469
12089,27,-0.3637993335723877
12090,20,-1.5025646686553955
12091,14,-2.01981258392334
12092,23,-1.066688060760498
12093,6,-2.498522996902466
12094,27,-0.4849576950073242
12095,22,-1.3216989040374756
12096,16,-1.894553303718567
12097,15,-1.9883297681808472
12098,24,-1.0167113542556763
12099,10,-2.297874689102173
12100,10,-2.2847695350646973
12101,23,-1.1022443771362305
12102,26,-0.6449464559555054
12103,18,-1.7486472129821777
12104,22,-1.2523367404937744
12105,21,-1.3932485580444336
12106,25,-0.8530113697052002
12107,19,-1.6135460138320923
12108,22,-1.322209358215332
12109,20,-1.4905530214309692
12110,24,-1.023579478263855
12111,21,-1.3689059019088745
12112,10,-2.2997090816497803
12113,24,-0.9991563558578491
12114,24,-1.0404564142227173
12115,18,-1.7241630554199219
12116,16,-1.9196373224258423
12117,19,-1.5866022109985352
12118,19,-1.6689412593841553
12119,12,-2.1413016319274902
12120,12,-2.1960582733154297
12121,29,-0.12799620628356934
12122,15,-1.9701707363128662
12123,14,-2.066127061843872
12124,18,-1.7668578624725342
12125,25,-0.8231885433197021
12126,18,-1.754650354385376
12127,18,-1.7008862495422363
12128,22,-1.293294906616211
12129,22,-1.2132173776626587
12130,23,-1.1109743118286133
12131,13,-2.094268560409546
12132,26,-0.6462403535842896
12133,20,-1.5294888019561768
12134,24,-0.9299492835998535
12135,20,-1.5622503757476807
12136,20,-1.4867191314697266
12137,21,-1.3891992568969727
12138,27,-0.3366096019744873
12139,14,-2.065044641494751
12140,13,-2.12009596824646
12141,6,-2.481527090072632
12142,12,-2.196979284286499
12143,14,-2.032979965209961
12144,21,-1.3791799545288086
12145,16,-1.9066486358642578
12146,16,-1.870002031326294
12147,23,-1.1180707216262817
12148,15,-1.9373029470443726
12149,17,-1.8100600242614746
12150,10,-2.272367477416992
12151,20,-1.5240695476531982
12152,15,-1.9429898262023926
12153,18,-1.7541406154632568
12154,18,-1.7715346813201904
12155,14,-2.0226664543151855
12156,12,-2.1536290645599365
12157,17,-1.8270063400268555
12158,20,-1.5291576385498047
12159,15,-1.93809175491333
12160,9,-2.332209587097168
12161,21,-1.3664451837539673
12162,24,-0.9454120397567749
12163,18,-1.7545537948608398
12164,17,-1.7995622158050537
12165,22,-1.2309373617172241
12166,12,-2.1722359657287598
12167,20,-1.563647985458374
12168,28,-0.2603940963745117
12169,29,-0.1402432918548584
12170,19,-1.6049758195877075
12171,18,-1.750734806060791
12172,16,-1.9038505554199219
12173,23,-1.1205750703811646
12174,18,-1.7288072109222412
12175,26,-0.5235439538955688
12176,14,-2.0336921215057373
12177,22,-1.2150880098342896
12178,28,-0.2330622673034668
12179,17,-1.8471897840499878
12180,24,-1.0209732055664062
12181,20,-1.541182518005371
12182,15,-1.9958760738372803
12183,13,-2.136434316635132
12184,7,-2.463582754135132
12185,9,-2.3289363384246826
12186,22,-1.3361293077468872
12187,25,-0.8689016103744507
12188,19,-1.5856280326843262
12189,15,-1.9919720888137817
12190,21,-1.378918170928955
12191,14,-2.0737640857696533
12192,22,-1.2798855304718018
12193,16,-1.8987091779708862
12194,14,-2.039647102355957
12195,30,0.07375836372375488
12196,18,-1.703887701034546
12197,27,-0.4715350866317749
12198,19,-1.5967204570770264
12199,13,-2.122978925704956
12200,25,-0.8196038007736206
12201,25,-0.766542911529541
12202,17,-1.8449971675872803
12203,11,-2.239323139190674
12204,21,-1.4123965501785278
12205,22,-1.3143168687820435
12206,20,-1.5173214673995972
12207,17,-1.7855647802352905
12208,17,-1.8511422872543335
12209,13,-2.1231560707092285
12210,14,-2.0073506832122803
12211,18,-1.7142820358276367
12212,19,-1.6736159324645996
12213,24,-1.011017084121704
12214,16,-1.8711037635803223
12215,12,-2.1611695289611816
12216,27,-0.4436793327331543
12217,19,-1.6010608673095703
12218,15,-2.002784013748169
12219,14,-2.0101301670074463
12220,18,-1.742387056350708
12221,15,-1.9483510255813599
12222,12,-2.1960535049438477
12223,21,-1.3449528217315674
12224,15,-1.989975094795227
12225,21,-1.3846840858459473
12226,13,-2.1112723350524902
12227,27,-0.4933509826660156
12228,22,-1.3150694370269775
12229,20,-1.5208474397659302
12230,15,-1.9663302898406982
12231,10,-2.2895989418029785
12232,13,-2.134734869003296
12233,23,-1.0952074527740479
12234,29,-0.14573454856872559
12235,30,0.08376383781433105
12236,23,-1.0911214351654053
12237,9,-2.3289971351623535
12238,25,-0.8699368238449097
12239,13,-2.0813188552856445
12240,16,-1.8659114837646484
12241,20,-1.5001810789108276
12242,13,-2.091085433959961
12243,30,0.0006117820739746094
12244,17,-1.844555377960205
12245,17,-1.8288037776947021
12246,25,-0.8810174465179443
12247,14,-2.062098503112793
12248,10,-2.2780544757843018
12249,18,-1.7364870309829712
12250,17,-1.846210241317749
12251,17,-1.819852352142334
12252,22,-1.3139009475708008
12253,16,-1.8849281072616577
12254,23,-1.0462281703948975
12255,22,-1.2370237112045288
12256,21,-1.3740334510803223
12257,24,-0.9720273017883301
12258,19,-1.606494665145874
12259,21,-1.37485671043396
12260,17,-1.8593475818634033
12261,13,-2.1134588718414307
12262,13,-2.1096572875976562
12263,6,-2.511472702026367
12264,15,-1.9928888082504272
12265,16,-1.9071532487869263
12266,21,-1.3904163837432861
12267,14,-2.0685126781463623
12268,10,-2.2790136337280273
12269,19,-1.6357260942459106
12270,19,-1.6009222269058228
12271,9,-2.3200314044952393
12272,29,-0.0397946834564209
12273,13,-2.1062638759613037
12274,21,-1.4453160762786865
12275,10,-2.289376974105835
12276,25,-0.8252854347229004
12277,11,-2.241535186767578
12278,24,-0.9798606634140015
12279,20,-1.546350121498108
12280,18,-1.7042158842086792
12281,16,-1.873258352279663
12282,29,-0.09592390060424805
12283,20,-1.5221003293991089
12284,12,-2.142235517501831
12285,18,-1.7011797428131104
12286,20,-1.4819087982177734
12287,30,0.11741423606872559
12288,19,-1.6158277988433838
12289,21,-1.392151951789856
12290,14,-2.074244260787964
12291,21,-1.44710111618042
12292,23,-1.1280591487884521
12293,11,-2.230532646179199
12294,21,-1.4127883911132812
12295,22,-1.3111793994903564
12296,18,-1.6981710195541382
12297,21,-1.456263780593872
12298,26,-0.666825532913208
12299,26,-0.5190396308898926
12300,17,-1.8421273231506348
12301,26,-0.6548999547958374
12302,25,-0.8652918338775635
12303,26,-0.5430804491043091
12304,24,-1.0320188999176025
12305,22,-1.2151103019714355
12306,24,-0.9491750001907349
12307,21,-1.3785020112991333
12308,15,-1.9414645433425903
12309,22,-1.274817943572998
12310,8,-2.3909740447998047
12311,25,-0.739105224609375
12312,24,-1.0075191259384155
12313,25,-0.8744949102401733
12314,21,-1.3906084299087524
12315,10,-2.2986345291137695
12316,7,-2.437505006790161
12317,25,-0.7572870254516602
12318,15,-1.9931564331054688
12319,14,-2.0607266426086426
12320,22,-1.3090994358062744
12321,14,-2.0199406147003174
12322,10,-2.261030435562134
12323,25,-0.7652875185012817
12324,22,-1.3082107305526733
12325,15,-1.9525086879730225
12326,14,-2.0355637073516846
12327,11,-2.207418918609619
12328,21,-1.3594489097595215
12329,27,-0.4667642116546631
12330,19,-1.635209083557129
12331,21,-1.4098167419433594
12332,17,-1.853597640991211
12333,17,-1.8014191389083862
12334,20,-1.5687878131866455
12335,20,-1.4946160316467285
12336,28,-0.27130985260009766
12337,21,-1.3862065076828003
12338,20,-1.4901230335235596
12339,18,-1.6823301315307617
12340,20,-1.5211855173110962
12341,22,-1.2514418363571167
12342,16,-1.9053428173065186
12343,12,-2.1571044921875
12344,21,-1.4454751014709473
12345,10,-2.2999134063720703
12346,19,-1.6706411838531494
12347,21,-1.3893619775772095
12348,20,-1.5674035549163818
12349,17,-1.8443266153335571
12350,19,-1.6644282341003418
12351,22,-1.331491470336914
12352,25,-0.8264384269714355
12353,11,-2.2123465538024902
12354,24,-0.8848638534545898
12355,15,-1.9379311800003052
12356,16,-1.879216194152832
12357,19,-1.6579099893569946
12358,17,-1.8089714050292969
12359,13,-2.136889696121216
12360,22,-1.2672876119613647
12361,24,-1.0152539014816284
12362,20,-1.4722764492034912
12363,16,-1.9295703172683716
12364,20,-1.4801809787750244
12365,11,-2.2524304389953613
12366,16,-1.8856947422027588
12367,25,-0.7225426435470581
12368,29,-0.11604976654052734
12369,18,-1.686361312866211
12370,11,-2.202993154525757
12371,14,-2.064108371734619
12372,15,-2.001401424407959
12373,12,-2.1552648544311523
12374,25,-0.8209466934204102
12375,13,-2.1128299236297607
12376,21,-1.3709948062896729
12377,19,-1.6030524969100952
12378,22,-1.3036627769470215
12379,22,-1.2214628458023071
12380,21,-1.3710811138153076
12381,26,-0.5588117837905884
12382,23,-1.194413423538208
12383,17,-1.8117321729660034
12384,19,-1.6448349952697754
12385,22,-1.2087093591690063
12386,19,-1.6411652565002441
12387,19,-1.5822398662567139
12388,29,-0.09158635139465332
12389,8,-2.417991876602173
12390,15,-1.985561728477478
12391,14,-2.0682575702667236
12392,17,-1.813060998916626
12393,25,-0.8400756120681763
12394,14,-2.0532093048095703
12395,25,-0.8527482748031616
12396,17,-1.8508517742156982
12397,21,-1.367058515548706
12398,24,-0.9530713558197021
12399,14,-2.0172338485717773
12400,22,-1.3243026733398438
12401,12,-2.147526741027832
12402,19,-1.5816501379013062
12403,15,-1.9842778444290161
12404,13,-2.0778937339782715
12405,14,-2.0723133087158203
12406,13,-2.0890464782714844
12407,20,-1.5528285503387451
12408,18,-1.7138806581497192
12409,23,-1.1700876951217651
12410,27,-0.4227179288864136
12411,19,-1.6573412418365479
12412,17,-1.8336269855499268
12413,9,-2.3274037837982178
12414,10,-2.261596202850342
12415,16,-1.8918811082839966
12416,23,-1.0987389087677002
12417,23,-1.1440613269805908
12418,22,-1.3101704120635986
12419,19,-1.6099729537963867
12420,15,-1.9913592338562012
12421,13,-2.1338391304016113
12422,18,-1.7523037195205688
12423,12,-2.1387486457824707
12424,10,-2.316183090209961
12425,19,-1.670546293258667
12426,13,-2.138193130493164
12427,10,-2.2995505332946777
12428,18,-1.7521452903747559
12429,9,-2.3357253074645996
12430,10,-2.294294595718384
12431,25,-0.7352961301803589
12432,20,-1.5418174266815186
12433,27,-0.48229312896728516
12434,10,-2.2651124000549316
12435,25,-0.7117210626602173
12436,29,-0.1243753433227539
12437,16,-1.8980367183685303
12438,23,-1.1875991821289062
12439,14,-2.052424907684326
12440,12,-2.1561710834503174
12441,25,-0.7888040542602539
12442,18,-1.7049064636230469
12443,17,-1.825958251953125
12444,9,-2.368501901626587
12445,4,-2.6283843517303467
12446,15,-1.9763792753219604
12447,14,-2.0320627689361572
12448,20,-1.5348631143569946
12449,16,-1.8880424499511719
12450,22,-1.28350031375885
12451,13,-2.1034388542175293
12452,21,-1.4119242429733276
12453,17,-1.8553531169891357
12454,25,-0.8758617639541626
12455,16,-1.8979032039642334
12456,17,-1.8004093170166016
12457,22,-1.3150417804718018
12458,13,-2.0989301204681396
12459,17,-1.774850606918335
12460,24,-0.9612628221511841
12461,23,-1.200314998626709
12462,15,-1.9896650314331055
12463,19,-1.582129716873169
12464,18,-1.6984498500823975
12465,14,-2.0144479274749756
12466,27,-0.48529326915740967
12467,15,-2.0030786991119385
12468,20,-1.5371074676513672
12469,19,-1.606950044631958
12470,23,-1.1510511636734009
12471,17,-1.7849209308624268
12472,22,-1.2423038482666016
12473,16,-1.8832993507385254
12474,22,-1.2273035049438477
12475,16,-1.9163649082183838
12476,27,-0.4001643657684326
12477,24,-0.9677033424377441
12478,13,-2.100612163543701
12479,11,-2.2505409717559814
12480,15,-1.9974557161331177
12481,21,-1.3970730304718018
12482,18,-1.6905150413513184
12483,21,-1.4008814096450806
12484,25,-0.793593168258667
12485,17,-1.785787582397461
12486,17,-1.805177927017212
12487,21,-1.3753345012664795
12488,17,-1.795929193496704
12489,23,-1.1172358989715576
12490,18,-1.7489265203475952
12491,15,-1.940793752670288
12492,24,-0.9716464281082153
12493,21,-1.4043772220611572
12494,11,-2.2232518196105957
12495,19,-1.6256650686264038
12496,9,-2.3319735527038574
12497,18,-1.7548649311065674
12498,23,-1.165727972984314
12499,18,-1.7084107398986816
12500,23,-1.104356050491333
12501,19,-1.6564784049987793
12502,22,-1.2042882442474365
12503,18,-1.7423138618469238
12504,18,-1.7551261186599731
12505,12,-2.171956777572632
12506,18,-1.7227694988250732
12507,22,-1.2472259998321533
12508,15,-1.9637670516967773
12509,19,-1.6651647090911865
12510,7,-2.4327609539031982
12511,21,-1.4397588968276978
12512,22,-1.2615692615509033
12513,18,-1.7485511302947998
12514,9,-2.3225979804992676
12515,14,-2.0272417068481445
12516,19,-1.6620968580245972
12517,24,-0.9200607538223267
12518,15,-2.006265640258789
12519,19,-1.6533117294311523
12520,14,-2.030391216278076
12521,11,-2.2389116287231445
12522,14,-2.0349106788635254
12523,20,-1.566088318824768
12524,26,-0.6741818189620972
12525,10,-2.284931182861328
12526,17,-1.8290679454803467
12527,24,-0.910820722579956
12528,19,-1.6214709281921387
12529,25,-0.7453182935714722
12530,15,-1.953515648841858
12531,14,-2.0145514011383057
12532,14,-2.024435520172119
12533,27,-0.4906681776046753
12534,15,-1.9498231410980225
12535,22,-1.2656792402267456
12536,17,-1.825295090675354
12537,25,-0.7974680662155151
12538,13,-2.077996253967285
12539,30,0.04453015327453613
12540,26,-0.5855711698532104
12541,13,-2.1120505332946777
12542,21,-1.4399352073669434
12543,22,-1.2615267038345337
12544,12,-2.1714818477630615
12545,16,-1.9156635999679565
12546,16,-1.9045056104660034
12547,23,-1.0832589864730835
12548,27,-0.4739985466003418
12549,22,-1.3181885480880737
12550,23,-1.170405387878418
12551,22,-1.2713509798049927
12552,20,-1.53358793258667
12553,17,-1.7784035205841064
12554,28,-0.21433806419372559
12555,15,-1.9777710437774658
12556,22,-1.2729815244674683
12557,26,-0.5253547430038452
12558,19,-1.5919406414031982
12559,16,-1.8806301355361938
12560,8,-2.390061616897583
12561,12,-2.1802163124084473
12562,16,-1.886808156967163
12563,15,-1.9377250671386719
12564,12,-2.1924376487731934
12565,15,-1.9460361003875732
12566,19,-1.6451404094696045
12567,17,-1.8157711029052734
12568,17,-1.8519102334976196
12569,13,-2.078866481781006
12570,16,-1.8788986206054688
12571,27,-0.3283956050872803
12572,3,-2.642216920852661
12573,16,-1.9328333139419556
12574,8,-2.4145398139953613
12575,15,-1.949561357498169
12576,14,-2.045167922973633
12577,13,-2.1151914596557617
12578,12,-2.1734275817871094
12579,15,-1.9791404008865356
12580,20,-1.514075756072998
12581,24,-1.0232858657836914
12582,28,-0.315293550491333
12583,21,-1.3496439456939697
12584,18,-1.753706932067871
12585,13,-2.1000235080718994
12586,14,-2.0124568939208984
12587,13,-2.124128818511963
12588,16,-1.8990875482559204
12589,26,-0.6496188640594482
12590,22,-1.2313728332519531
12591,14,-2.0658211708068848
12592,18,-1.721766710281372
12593,18,-1.746217966079712
12594,24,-0.9897335767745972
12595,18,-1.7635951042175293
12596,20,-1.5397992134094238
12597,12,-2.1579105854034424
12598,28,-0.18269944190979004
12599,12,-2.196897268295288
12600,22,-1.3056883811950684
12601,20,-1.4748727083206177
12602,17,-1.7779932022094727
12603,25,-0.7295507192611694
12604,16,-1.900269865989685
12605,14,-2.0502545833587646
12606,12,-2.1766860485076904
12607,13,-2.0908467769622803
12608,13,-2.0966432094573975
12609,10,-2.2900171279907227
12610,28,-0.19039440155029297
12611,11,-2.207456350326538
12612,16,-1.928694486618042
12613,16,-1.8881756067276
12614,18,-1.734137773513794
12615,12,-2.1967649459838867
12616,13,-2.1358704566955566
12617,14,-2.043713092803955
12618,23,-1.1654905080795288
12619,23,-1.1645398139953613
12620,24,-0.9344794750213623
12621,11,-2.207057476043701
12622,22,-1.2842912673950195
12623,23,-1.1657824516296387
12624,12,-2.144848108291626
12625,16,-1.927727222442627
12626,13,-2.116091251373291
12627,16,-1.8857780694961548
12628,13,-2.113318920135498
12629,16,-1.884730339050293
12630,20,-1.531247854232788
12631,13,-2.086202621459961
12632,25,-0.8209221363067627
12633,18,-1.7203571796417236
12634,13,-2.084381103515625
12635,25,-0.7811633348464966
12636,12,-2.1416687965393066
12637,13,-2.0833120346069336
12638,26,-0.6841572523117065
12639,17,-1.821914553642273
12640,9,-2.3360188007354736
12641,15,-1.9654037952423096
12642,20,-1.4842959642410278
12643,18,-1.7014349699020386
12644,24,-1.000564455986023
12645,17,-1.8486601114273071
12646,16,-1.8784912824630737
12647,18,-1.7635951042175293
12648,17,-1.8348160982131958
12649,14,-2.053450584411621
12650,14,-2.069631576538086
12651,23,-1.176362156867981
12652,24,-0.894894003868103
12653,23,-1.1293379068374634
12654,11,-2.248271942138672
12655,17,-1.795583963394165
12656,24,-0.9229742288589478
12657,10,-2.2608232498168945
12658,12,-2.1571221351623535
12659,20,-1.4909136295318604
12660,19,-1.597695231437683
12661,17,-1.7942816019058228
12662,18,-1.7094857692718506
12663,21,-1.3770649433135986
12664,12,-2.1526081562042236
12665,12,-2.1843924522399902
12666,3,-2.677288293838501
12667,16,-1.9029827117919922
12668,21,-1.394821047782898
12669,18,-1.7149767875671387
12670,18,-1.7063674926757812
12671,14,-2.0383176803588867
12672,9,-2.3282692432403564
12673,16,-1.8992924690246582
12674,8,-2.408681869506836
12675,24,-0.9838099479675293
12676,16,-1.9108736515045166
12677,19,-1.592873215675354
12678,16,-1.9161746501922607
12679,13,-2.1174471378326416
12680,14,-2.0463740825653076
12681,26,-0.5096321105957031
12682,21,-1.4298920631408691
12683,24,-0.907625675201416
12684,22,-1.2739384174346924
12685,16,-1.8620703220367432
12686,25,-0.8697453737258911
12687,21,-1.4613120555877686
12688,23,-1.1551488637924194
12689,27,-0.4411739110946655
12690,20,-1.5494259595870972
12691,23,-1.199507236480713
12692,11,-2.208982467651367
12693,23,-1.153422236442566
12694,15,-1.9933860301971436
12695,21,-1.3801017999649048
12696,21,-1.3666616678237915
12697,25,-0.8538745641708374
12698,9,-2.32545804977417
12699,14,-2.0454750061035156
12700,20,-1.5073997974395752
12701,20,-1.4701664447784424
12702,16,-1.879500150680542
12703,20,-1.499192237854004
12704,17,-1.8412913084030151
12705,17,-1.8026385307312012
12706,15,-1.945274829864502
12707,22,-1.202911615371704
12708,27,-0.3882334232330322
12709,22,-1.2057372331619263
12710,21,-1.4013726711273193
12711,21,-1.342573642730713
12712,24,-1.0325751304626465
12713,11,-2.2083139419555664
12714,21,-1.4634733200073242
12715,18,-1.756519079208374
12716,25,-0.8578953742980957
12717,26,-0.6428736448287964
12718,12,-2.179863452911377
12719,18,-1.7464444637298584
12720,29,-0.09583163261413574
12721,16,-1.8649334907531738
12722,13,-2.0791993141174316
12723,26,-0.5558470487594604
12724,25,-0.7987493276596069
12725,12,-2.1443405151367188
12726,17,-1.8384361267089844
12727,17,-1.8595789670944214
12728,25,-0.711724042892456
12729,15,-1.9659852981567383
12730,20,-1.4909327030181885
12731,22,-1.3192044496536255
12732,17,-1.7752935886383057
12733,20,-1.5749367475509644
12734,16,-1.8907248973846436
12735,26,-0.5954195261001587
12736,23,-1.187415361404419
12737,20,-1.4699122905731201
12738,19,-1.6357688903808594
12739,16,-1.879011631011963
12740,13,-2.080167293548584
12741,18,-1.6900889873504639
12742,15,-1.9428389072418213
12743,26,-0.6816164255142212
12744,23,-1.103053331375122
12745,26,-0.5920184850692749
12746,18,-1.7183092832565308
12747,26,-0.5880703926086426
12748,14,-2.030825614929199
12749,23,-1.090533971786499
12750,25,-0.8120230436325073
12751,24,-0.937393307685852
12752,18,-1.6946821212768555
12753,11,-2.219477415084839
12754,26,-0.6435078382492065
12755,16,-1.8789936304092407
12756,22,-1.2769173383712769
12757,17,-1.8199175596237183
12758,22,-1.3264962434768677
12759,18,-1.7539036273956299
12760,20,-1.4838829040527344
12761,19,-1.5946028232574463
12762,19,-1.5916225910186768
12763,15,-1.991405963897705
12764,22,-1.2434403896331787
12765,12,-2.1508090496063232
12766,16,-1.8966494798660278
12767,9,-2.3395795822143555
12768,19,-1.6489994525909424
12769,21,-1.4080160856246948
12770,30,0.043648719787597656
12771,16,-1.9208825826644897
12772,18,-1.756368637084961
12773,24,-0.9616862535476685
12774,3,-2.643106698989868
12775,18,-1.71120023727417
12776,29,-0.045540571212768555
12777,21,-1.3678803443908691
12778,21,-1.3603105545043945
12779,11,-2.2200441360473633
12780,25,-0.8068418502807617
12781,11,-2.211139678955078
12782,15,-1.9878959655761719
12783,11,-2.23018479347229
12784,21,-1.4605364799499512
12785,21,-1.3644297122955322
12786,14,-2.027496337890625
12787,26,-0.5974661111831665
12788,18,-1.7673964500427246
12789,15,-1.9510928392410278
12790,18,-1.7505993843078613
12791,15,-1.9498608112335205
12792,16,-1.8965173959732056
12793,13,-2.077789783477783
12794,26,-0.563593864440918
12795,19,-1.6476531028747559
12796,12,-2.1910932064056396
12797,10,-2.271346092224121
12798,21,-1.443099856376648
12799,24,-0.9358537197113037
12800,15,-1.9502536058425903
12801,30,-0.002593994140625
12802,21,-1.3640782833099365
12803,24,-1.0001685619354248
12804,18,-1.7570557594299316
12805,15,-1.9816858768463135
12806,16,-1.9160385131835938
12807,20,-1.5072927474975586
12808,22,-1.2565661668777466
12809,15,-1.9370710849761963
12810,17,-1.8509883880615234
12811,21,-1.392204761505127
12812,14,-2.040757179260254
12813,19,-1.6746952533721924
12814,15,-1.957819938659668
12815,30,-0.010233879089355469
12816,19,-1.6140737533569336
12817,24,-1.0334913730621338
12818,19,-1.6056785583496094
12819,11,-2.2407493591308594
12820,19,-1.6114263534545898
12821,21,-1.445462942123413
12822,19,-1.6318130493164062
12823,7,-2.4494566917419434
12824,14,-2.035167694091797
12825,16,-1.908459186553955
12826,19,-1.5764975547790527
12827,15,-1.9990780353546143
12828,26,-0.6499680280685425
12829,17,-1.838550329208374
12830,18,-1.7422105073928833
12831,29,-0.11593079566955566
12832,21,-1.4397072792053223
12833,13,-2.1152780055999756
12834,13,-2.1281449794769287
12835,21,-1.3901419639587402
12836,21,-1.4247512817382812
12837,24,-0.9860937595367432
12838,18,-1.7015113830566406
12839,14,-2.0686323642730713
12840,17,-1.8547866344451904
12841,10,-2.2943525314331055
12842,15,-2.0011582374572754
12843,22,-1.2750588655471802
12844,24,-0.9994391202926636
12845,23,-1.1185866594314575
12846,24,-1.016982078552246
12847,25,-0.8218880891799927
12848,2,-2.7090086936950684
12849,21,-1.45561683177948
12850,15,-1.9800074100494385
12851,20,-1.5050965547561646
12852,13,-2.0778379440307617
12853,19,-1.668381929397583
12854,21,-1.454070806503296
12855,20,-1.4842783212661743
12856,10,-2.264838218688965
12857,10,-2.271359920501709
12858,27,-0.4579862356185913
12859,14,-2.0424461364746094
12860,27,-0.3881303071975708
12861,19,-1.640834093093872
12862,14,-2.027608871459961
12863,16,-1.9183388948440552
12864,18,-1.7100634574890137
12865,20,-1.5126374959945679
12866,21,-1.386160135269165
12867,14,-2.0720677375793457
12868,11,-2.2343666553497314
12869,25,-0.7260546684265137
12870,17,-1.8198702335357666
12871,24,-1.0022766590118408
12872,17,-1.8128840923309326
12873,4,-2.6248106956481934
12874,20,-1.5415024757385254
12875,24,-0.945294976234436
12876,25,-0.8619285821914673
12877,22,-1.2297983169555664
12878,20,-1.5366759300231934
12879,16,-1.8987425565719604
12880,20,-1.4731569290161133
12881,22,-1.3189188241958618
12882,19,-1.611551284790039
12883,16,-1.9296467304229736
12884,25,-0.866291880607605
12885,21,-1.4313321113586426
12886,22,-1.2357230186462402
12887,11,-2.2079708576202393
12888,22,-1.3119823932647705
12889,16,-1.8672655820846558
12890,23,-1.0544326305389404
12891,21,-1.3524746894836426
12892,12,-2.1728663444519043
12893,24,-0.9391247034072876
12894,20,-1.5632131099700928
12895,25,-0.8138271570205688
12896,11,-2.207359552383423
12897,28,-0.16502690315246582
12898,19,-1.6443219184875488
12899,26,-0.6555540561676025
12900,15,-1.9714138507843018
12901,23,-1.160834789276123
12902,18,-1.7490265369415283
12903,19,-1.5991750955581665
12904,17,-1.8167020082473755
12905,17,-1.804279088973999
12906,19,-1.6682302951812744
12907,11,-2.246370792388916
12908,11,-2.204136371612549
12909,19,-1.6438419818878174
12910,19,-1.6651803255081177
12911,24,-0.9844139814376831
12912,21,-1.3531060218811035
12913,26,-0.625360369682312
12914,17,-1.8272597789764404
12915,19,-1.6333203315734863
12916,30,0.06956648826599121
12917,29,-0.14983415603637695
12918,17,-1.8593226671218872
12919,16,-1.9230092763900757
12920,18,-1.7425580024719238
12921,25,-0.8355125188827515
12922,15,-1.965072751045227
12923,22,-1.2107738256454468
12924,18,-1.753388524055481
12925,20,-1.543373703956604
12926,27,-0.453014612197876
12927,24,-0.9403445720672607
12928,16,-1.8787102699279785
12929,24,-0.9066978693008423
12930,18,-1.7585537433624268
12931,14,-2.022272825241089
12932,30,0.09990143775939941
12933,20,-1.5351744890213013
12934,24,-0.9960552453994751
12935,22,-1.235776424407959
12936,11,-2.2279701232910156
12937,14,-2.0082755088806152
12938,16,-1.8815973997116089
12939,21,-1.3964262008666992
12940,22,-1.327188491821289
12941,24,-0.9437577724456787
12942,21,-1.3681340217590332
12943,30,0.06668639183044434
12944,18,-1.756210207939148
12945,23,-1.1627908945083618
12946,23,-1.1449062824249268
12947,13,-2.1028969287872314
12948,21,-1.3873165845870972
12949,18,-1.7109891176223755
12950,18,-1.7383837699890137
12951,15,-1.977205514907837
12952,30,0.1089773178100586
12953,17,-1.8383867740631104
12954,25,-0.74440598487854
12955,19,-1.6406993865966797
12956,20,-1.5314185619354248
12957,17,-1.8549643754959106
12958,30,0.11543488502502441
12959,22,-1.2571418285369873
12960,20,-1.565470814704895
12961,18,-1.6932342052459717
12962,22,-1.2282791137695312
12963,14,-2.0546178817749023
12964,15,-2.003812551498413
12965,17,-1.7881098985671997
12966,14,-2.049299716949463
12967,16,-1.8639564514160156
12968,14,-2.042696475982666
12969,12,-2.1540892124176025
12970,25,-0.7995179891586304
12971,12,-2.1710500717163086
12972,12,-2.1525182723999023
12973,24,-0.9567804336547852
12974,17,-1.800475001335144
12975,23,-1.1688542366027832
12976,13,-2.087078332901001
12977,11,-2.210953712463379
12978,19,-1.5994093418121338
12979,14,-2.068788528442383
12980,14,-2.0260426998138428
12981,14,-2.0159912109375
12982,14,-2.05539608001709
12983,26,-0.5240788459777832
12984,16,-1.911458969116211
12985,23,-1.1085466146469116
12986,17,-1.853433609008789
12987,24,-0.9561500549316406
12988,21,-1.3682063817977905
12989,9,-2.3361685276031494
12990,16,-1.8847702741622925
12991,24,-0.9072997570037842
12992,12,-2.1602463722229004
12993,18,-1.7544872760772705
12994,9,-2.3646745681762695
12995,14,-2.0534677505493164
12996,17,-1.8385452032089233
12997,16,-1.929791808128357
12998,14,-2.0177676677703857
12999,17,-1.8080480098724365
13000,24,-1.0095248222351074
13001,28,-0.27506208419799805
13002,14,-2.0678317546844482
13003,15,-1.9423407316207886
13004,16,-1.8669289350509644
13005,25,-0.7482585906982422
13006,28,-0.2739753723144531
13007,20,-1.5399187803268433
13008,10,-2.266950845718384
13009,24,-0.8977334499359131
13010,22,-1.2931162118911743
13011,24,-0.926667332649231
13012,21,-1.4296540021896362
13013,14,-2.0737290382385254
13014,20,-1.55567467212677
13015,17,-1.7755324840545654
13016,13,-2.109417200088501
13017,4,-2.619832754135132
13018,19,-1.583971381187439
13019,20,-1.5249991416931152
13020,22,-1.2536507844924927
13021,17,-1.8014841079711914
13022,27,-0.5002822875976562
13023,30,0.14095568656921387
13024,14,-2.0584332942962646
13025,18,-1.7181768417358398
13026,22,-1.309751272201538
13027,21,-1.4230389595031738
13028,28,-0.21690821647644043
13029,23,-1.1788965463638306
13030,19,-1.6108570098876953
13031,15,-1.9378416538238525
13032,20,-1.5439238548278809
13033,28,-0.2579669952392578
13034,23,-1.182279348373413
13035,24,-1.0135685205459595
13036,22,-1.2150182723999023
13037,18,-1.731055736541748
13038,17,-1.778045892715454
13039,13,-2.0862667560577393
13040,20,-1.4923349618911743
13041,21,-1.4641327857971191
13042,20,-1.537278413772583
13043,17,-1.8533469438552856
13044,15,-1.9647794961929321
13045,19,-1.6578736305236816
13046,23,-1.1754422187805176
13047,30,0.01029658317565918
13048,16,-1.922727346420288
13049,10,-2.276918649673462
13050,23,-1.095945954322815
13051,19,-1.5888397693634033
13052,22,-1.3166415691375732
13053,22,-1.2688748836517334
13054,25,-0.8655518293380737
13055,22,-1.312049388885498
13056,15,-1.9382500648498535
13057,18,-1.7388534545898438
13058,15,-1.9391343593597412
13059,23,-1.1107707023620605
13060,19,-1.6696279048919678
13061,16,-1.9332765340805054
13062,28,-0.2859683036804199
13063,21,-1.4191064834594727
13064,25,-0.7099227905273438
13065,26,-0.6577210426330566
13066,20,-1.4718339443206787
13067,21,-1.392047643661499
13068,26,-0.5600906610488892
13069,13,-2.131467342376709
13070,18,-1.7601988315582275
13071,14,-2.057095527648926
13072,15,-1.9657905101776123
13073,15,-1.9875606298446655
13074,19,-1.6490857601165771
13075,18,-1.7145777940750122
13076,24,-0.965909481048584
13077,9,-2.3228046894073486
13078,23,-1.1349432468414307
13079,23,-1.1204153299331665
13080,15,-1.996624231338501
13081,21,-1.443755030632019
13082,18,-1.7000324726104736
13083,20,-1.4672701358795166
13084,28,-0.3069167137145996
13085,21,-1.4048339128494263
13086,11,-2.2480030059814453
13087,23,-1.1084266901016235
13088,25,-0.8548939228057861
13089,19,-1.6722192764282227
13090,21,-1.4341766834259033
13091,20,-1.5674824714660645
13092,10,-2.2860028743743896
13093,21,-1.3681507110595703
13094,24,-1.0220810174942017
13095,18,-1.6821515560150146
13096,30,0.11591339111328125
13097,19,-1.5812798738479614
13098,25,-0.8618148565292358
13099,16,-1.9254709482192993
13100,15,-1.9871928691864014
13101,22,-1.3229000568389893
13102,14,-2.0431690216064453
13103,26,-0.6104122400283813
13104,22,-1.3080220222473145
13105,13,-2.130281686782837
13106,25,-0.7388311624526978
13107,27,-0.34218811988830566
13108,16,-1.9328235387802124
13109,19,-1.629514217376709
13110,24,-1.0128288269042969
13111,14,-2.0585856437683105
13112,24,-1.0101686716079712
13113,23,-1.0966109037399292
13114,26,-0.6274161338806152
13115,15,-1.965540885925293
13116,27,-0.37578070163726807
13117,27,-0.4048595428466797
13118,20,-1.5606513023376465
13119,14,-2.007725477218628
13120,23,-1.1797090768814087
13121,14,-2.0284836292266846
13122,14,-2.0570905208587646
13123,15,-1.9430334568023682
13124,15,-1.9934401512145996
13125,24,-1.003844976425171
13126,21,-1.422654628753662
13127,24,-0.9742521047592163
13128,26,-0.6448602676391602
13129,17,-1.8180228471755981
13130,15,-1.9953172206878662
13131,19,-1.6072615385055542
13132,23,-1.1291393041610718
13133,14,-2.0117664337158203
13134,2,-2.712604284286499
13135,26,-0.6930685043334961
13136,18,-1.7510807514190674
13137,25,-0.7745155096054077
13138,18,-1.7010118961334229
13139,26,-0.6122798919677734
13140,18,-1.7075753211975098
13141,20,-1.4787445068359375
13142,22,-1.3069071769714355
13143,12,-2.188304901123047
13144,27,-0.4843350648880005
13145,16,-1.8869003057479858
13146,21,-1.3410394191741943
13147,20,-1.558522343635559
13148,14,-2.0639524459838867
13149,20,-1.5115344524383545
13150,16,-1.914565086364746
13151,15,-1.9769684076309204
13152,28,-0.22800278663635254
13153,25,-0.7782860994338989
13154,21,-1.4011058807373047
13155,23,-1.1204808950424194
13156,21,-1.4168586730957031
13157,24,-0.9686123132705688
13158,28,-0.2325582504272461
13159,21,-1.4376835823059082
13160,16,-1.8953590393066406
13161,23,-1.1981819868087769
13162,22,-1.2390367984771729
13163,4,-2.6024274826049805
13164,21,-1.37711501121521
13165,16,-1.8914600610733032
13166,25,-0.8681755065917969
13167,20,-1.4951735734939575
13168,14,-2.037752151489258
13169,20,-1.5247585773468018
13170,26,-0.6149082183837891
13171,19,-1.606783390045166
13172,12,-2.169459819793701
13173,12,-2.1502861976623535
13174,11,-2.2206614017486572
13175,14,-2.0500411987304688
13176,25,-0.818527340888977
13177,20,-1.5084130764007568
13178,23,-1.2022162675857544
13179,12,-2.192641496658325
13180,11,-2.2047927379608154
13181,13,-2.076054096221924
13182,24,-0.9509578943252563
13183,20,-1.4859023094177246
13184,18,-1.6974279880523682
13185,18,-1.770806908607483
13186,15,-1.949835181236267
13187,29,-0.03286600112915039
13188,23,-1.1149570941925049
13189,24,-0.9977623224258423
13190,13,-2.0863895416259766
13191,23,-1.0559941530227661
13192,23,-1.1811997890472412
13193,25,-0.8707089424133301
13194,25,-0.8269650936126709
13195,18,-1.7345304489135742
13196,20,-1.5181137323379517
13197,22,-1.2228999137878418
13198,21,-1.4056950807571411
13199,24,-1.0364083051681519
13200,26,-0.6556422710418701
13201,20,-1.5499727725982666
13202,15,-1.9751064777374268
13203,15,-1.9647408723831177
13204,13,-2.100313425064087
13205,26,-0.6364513635635376
13206,21,-1.4446370601654053
13207,24,-0.9057228565216064
13208,24,-0.9356968402862549
13209,24,-0.8970422744750977
13210,22,-1.3112823963165283
13211,20,-1.5410950183868408
13212,24,-0.9175145626068115
13213,16,-1.874630093574524
13214,26,-0.5942611694335938
13215,28,-0.24218058586120605
13216,17,-1.7937498092651367
13217,17,-1.8352972269058228
13218,12,-2.182152271270752
13219,20,-1.5617952346801758
13220,26,-0.6917654275894165
13221,20,-1.5303610563278198
13222,26,-0.6269088983535767
13223,30,0.04627656936645508
13224,26,-0.6245859861373901
13225,19,-1.6574115753173828
13226,26,-0.6387206315994263
13227,15,-2.0066893100738525
13228,28,-0.2837951183319092
13229,19,-1.6330883502960205
13230,18,-1.772416353225708
13231,10,-2.2954959869384766
13232,14,-2.034719228744507
13233,19,-1.6270521879196167
13234,21,-1.4478002786636353
13235,17,-1.7922399044036865
13236,20,-1.5287827253341675
13237,16,-1.863525152206421
13238,14,-2.021811008453369
13239,14,-2.0161070823669434
13240,26,-0.6269698143005371
13241,19,-1.6015890836715698
13242,24,-0.8900160789489746
13243,21,-1.463136076927185
13244,24,-0.9489694833755493
13245,26,-0.6416399478912354
13246,30,0.04042363166809082
13247,12,-2.1453280448913574
13248,19,-1.5882568359375
13249,15,-1.9539494514465332
13250,17,-1.833522081375122
13251,23,-1.1723779439926147
13252,14,-2.061136245727539
13253,21,-1.452651023864746
13254,22,-1.3221864700317383
13255,17,-1.8081531524658203
13256,5,-2.554480791091919
13257,16,-1.87349271774292
13258,19,-1.6613105535507202
13259,25,-0.792474627494812
13260,26,-0.5430184602737427
13261,8,-2.3990442752838135
13262,13,-2.1058380603790283
13263,12,-2.186400890350342
13264,13,-2.116772174835205
13265,5,-2.54530930519104
13266,15,-1.9700839519500732
13267,16,-1.9210634231567383
13268,21,-1.461274266242981
13269,17,-1.8212482929229736
13270,18,-1.6865084171295166
13271,24,-0.9317069053649902
13272,28,-0.21297931671142578
13273,12,-2.153609037399292
13274,19,-1.603888988494873
13275,24,-0.9000332355499268
13276,23,-1.1294962167739868
13277,16,-1.9116711616516113
13278,20,-1.4681580066680908
13279,16,-1.8938730955123901
13280,17,-1.8079383373260498
13281,17,-1.7957786321640015
13282,14,-2.0530929565429688
13283,22,-1.3009507656097412
13284,16,-1.8961782455444336
13285,20,-1.4720656871795654
13286,23,-1.087333083152771
13287,5,-2.572465658187866
13288,20,-1.5078389644622803
13289,15,-1.96331787109375
13290,24,-0.8954900503158569
13291,19,-1.6344308853149414
13292,19,-1.6611220836639404
13293,18,-1.7238283157348633
13294,18,-1.6964359283447266
13295,16,-1.926145076751709
13296,19,-1.648313283920288
13297,12,-2.1696317195892334
13298,26,-0.5589331388473511
13299,22,-1.2907154560089111
13300,16,-1.9311301708221436
13301,24,-0.9852986335754395
13302,14,-2.0598642826080322
13303,13,-2.086545467376709
13304,22,-1.242609977722168
13305,17,-1.807149887084961
13306,26,-0.6842443943023682
13307,23,-1.060135006904602
13308,17,-1.848136305809021
13309,21,-1.3817957639694214
13310,10,-2.272409677505493
13311,18,-1.7404890060424805
13312,16,-1.8661065101623535
13313,25,-0.8553363084793091
13314,16,-1.9112435579299927
13315,22,-1.3355852365493774
13316,18,-1.6825048923492432
13317,23,-1.1803860664367676
13318,25,-0.7468998432159424
13319,13,-2.100599527359009
13320,15,-1.973832130432129
13321,22,-1.2977501153945923
13322,21,-1.3748955726623535
13323,21,-1.4347710609436035
13324,25,-0.7828563451766968
13325,26,-0.5511902570724487
13326,21,-1.3409361839294434
13327,14,-2.021672010421753
13328,25,-0.8480416536331177
13329,22,-1.2655586004257202
13330,11,-2.252047300338745
13331,19,-1.6476175785064697
13332,20,-1.4925274848937988
13333,24,-0.9614346027374268
13334,13,-2.106743097305298
13335,13,-2.0926132202148438
13336,12,-2.1835203170776367
13337,18,-1.7158682346343994
13338,24,-1.0028421878814697
13339,27,-0.3415144681930542
13340,23,-1.0642579793930054
13341,23,-1.054290533065796
13342,29,-0.06566214561462402
13343,13,-2.1138153076171875
13344,26,-0.6900686025619507
13345,16,-1.9063501358032227
13346,4,-2.624345302581787
13347,15,-1.981100082397461
13348,22,-1.3179993629455566
13349,16,-1.8988913297653198
13350,20,-1.4834110736846924
13351,18,-1.6961084604263306
13352,16,-1.8869497776031494
13353,16,-1.8721767663955688
13354,24,-1.0305522680282593
13355,21,-1.3698437213897705
13356,27,-0.4461829662322998
13357,26,-0.5183190107345581
13358,23,-1.0605902671813965
13359,18,-1.6850683689117432
13360,24,-0.9903720617294312
13361,18,-1.7551883459091187
13362,23,-1.061455249786377
13363,14,-2.033640146255493
13364,19,-1.6319386959075928
13365,19,-1.6028469800949097
13366,17,-1.8556252717971802
13367,8,-2.381618022918701
13368,27,-0.42078590393066406
13369,17,-1.7749748229980469
13370,18,-1.7129822969436646
13371,20,-1.4953407049179077
13372,15,-1.9470936059951782
13373,21,-1.4551806449890137
13374,17,-1.7932229042053223
13375,21,-1.400622844696045
13376,26,-0.6280755996704102
13377,24,-1.0353730916976929
13378,15,-2.006249189376831
13379,21,-1.3802695274353027
13380,22,-1.307327151298523
13381,22,-1.2775120735168457
13382,16,-1.8756250143051147
13383,15,-1.9396713972091675
13384,15,-1.9590950012207031
13385,23,-1.1374070644378662
13386,15,-1.9686884880065918
13387,19,-1.634924292564392
13388,24,-0.8922786712646484
13389,14,-2.044640064239502
13390,15,-1.9644371271133423
13391,16,-1.8805731534957886
13392,22,-1.3353406190872192
13393,13,-2.1317451000213623
13394,23,-1.1328524351119995
13395,13,-2.1134121417999268
13396,17,-1.8371986150741577
13397,15,-2.005859613418579
13398,21,-1.4635008573532104
13399,14,-2.0270471572875977
13400,15,-1.948002815246582
13401,21,-1.3685274124145508
13402,8,-2.3945040702819824
13403,30,0.11403107643127441
13404,27,-0.41113507747650146
13405,15,-1.9398550987243652
13406,17,-1.7810851335525513
13407,22,-1.254743218421936
13408,18,-1.7658860683441162
13409,18,-1.6913902759552002
13410,16,-1.9330503940582275
13411,19,-1.6364367008209229
13412,21,-1.3793542385101318
13413,18,-1.7057125568389893
13414,9,-2.364314556121826
13415,12,-2.196546792984009
13416,16,-1.9055273532867432
13417,16,-1.9336304664611816
13418,20,-1.5312037467956543
13419,16,-1.8944116830825806
13420,16,-1.8737823963165283
13421,27,-0.4742777347564697
13422,15,-1.9533417224884033
13423,23,-1.1453369855880737
13424,16,-1.9030640125274658
13425,25,-0.8655441999435425
13426,16,-1.9346544742584229
13427,21,-1.4505913257598877
13428,14,-2.0198822021484375
13429,22,-1.2236560583114624
13430,17,-1.8069579601287842
13431,25,-0.7950928211212158
13432,19,-1.643770456314087
13433,13,-2.085141658782959
13434,4,-2.5960516929626465
13435,23,-1.141262412071228
13436,6,-2.4956014156341553
13437,23,-1.094971776008606
13438,22,-1.3394134044647217
13439,30,0.03182554244995117
13440,19,-1.669585943222046
13441,22,-1.2349807024002075
13442,24,-0.9874942302703857
13443,18,-1.7726843357086182
13444,24,-0.9360740184783936
13445,22,-1.229365348815918
13446,21,-1.4231315851211548
13447,17,-1.7747886180877686
13448,16,-1.9092084169387817
13449,20,-1.51539146900177
13450,18,-1.7278496026992798
13451,25,-0.8121975660324097
13452,17,-1.8260740041732788
13453,13,-2.0748605728149414
13454,26,-0.5151162147521973
13455,27,-0.4296143054962158
13456,16,-1.8705260753631592
13457,14,-2.0276296138763428
13458,17,-1.8206212520599365
13459,22,-1.2891345024108887
13460,16,-1.8719977140426636
13461,28,-0.2918431758880615
13462,16,-1.891882061958313
13463,17,-1.8202742338180542
13464,2,-2.7180962562561035
13465,23,-1.1180009841918945
13466,24,-1.0199826955795288
13467,23,-1.2022571563720703
13468,17,-1.8376356363296509
13469,16,-1.9223490953445435
13470,25,-0.8472263813018799
13471,21,-1.407946228981018
13472,17,-1.806589126586914
13473,17,-1.821359634399414
13474,10,-2.298806667327881
13475,23,-1.0804046392440796
13476,13,-2.092860221862793
13477,16,-1.8866629600524902
13478,20,-1.472361445426941
13479,18,-1.6945929527282715
13480,18,-1.744030475616455
13481,27,-0.35423600673675537
13482,13,-2.1159563064575195
13483,19,-1.673653244972229
13484,19,-1.6109166145324707
13485,20,-1.5750843286514282
13486,20,-1.567346215248108
13487,23,-1.1777321100234985
13488,18,-1.736853837966919
13489,21,-1.4454143047332764
13490,27,-0.3403207063674927
13491,15,-1.988285779953003
13492,29,-0.08640336990356445
13493,29,-0.12572813034057617
13494,10,-2.3153011798858643
13495,19,-1.6460766792297363
13496,20,-1.5722159147262573
13497,26,-0.6069507598876953
13498,21,-1.4123907089233398
13499,17,-1.7789560556411743
13500,16,-1.9323673248291016
13501,18,-1.7363977432250977
13502,21,-1.4500060081481934
13503,22,-1.2990862131118774
13504,16,-1.91679048538208
13505,18,-1.7639765739440918
13506,15,-1.9386669397354126
13507,26,-0.6602194309234619
13508,18,-1.7196431159973145
13509,20,-1.5038059949874878
13510,13,-2.0888428688049316
13511,23,-1.060927391052246
13512,15,-1.978705883026123
13513,25,-0.8258354663848877
13514,26,-0.6460894346237183
13515,14,-2.0469467639923096
13516,17,-1.8266849517822266
13517,24,-0.8970544338226318
13518,14,-2.0584797859191895
13519,17,-1.8302314281463623
13520,18,-1.761596918106079
13521,27,-0.48009228706359863
13522,24,-0.9962072372436523
13523,18,-1.7589136362075806
13524,22,-1.2306687831878662
13525,16,-1.9222819805145264
13526,16,-1.8791866302490234
13527,19,-1.6243947744369507
13528,23,-1.1322318315505981
13529,22,-1.2234241962432861
13530,13,-2.1300418376922607
13531,16,-1.8913705348968506
13532,18,-1.7098071575164795
13533,21,-1.4606800079345703
13534,17,-1.8242145776748657
13535,16,-1.9219571352005005
13536,14,-2.047346353530884
13537,25,-0.7095546722412109
13538,20,-1.543137788772583
13539,22,-1.2359671592712402
13540,20,-1.4886717796325684
13541,20,-1.4702181816101074
13542,20,-1.5571415424346924
13543,21,-1.462037444114685
13544,20,-1.5679450035095215
13545,19,-1.5899207592010498
13546,20,-1.5615442991256714
13547,11,-2.223428964614868
13548,24,-0.9413057565689087
13549,14,-2.0633678436279297
13550,22,-1.2944376468658447
13551,20,-1.513612151145935
13552,11,-2.2025890350341797
13553,20,-1.495998501777649
13554,11,-2.2227020263671875
13555,20,-1.553828477859497
13556,18,-1.7091773748397827
13557,26,-0.6453804969787598
13558,18,-1.7121950387954712
13559,10,-2.264702320098877
13560,23,-1.1290268898010254
13561,20,-1.5244662761688232
13562,23,-1.0511118173599243
13563,13,-2.079047441482544
13564,16,-1.893438696861267
13565,22,-1.3032604455947876
13566,19,-1.6379022598266602
13567,24,-0.9738388061523438
13568,18,-1.6964670419692993
13569,24,-0.8886255025863647
13570,28,-0.23988890647888184
13571,17,-1.812822937965393
13572,17,-1.8250840902328491
13573,21,-1.4336161613464355
13574,14,-2.0478124618530273
13575,14,-2.063718795776367
13576,18,-1.6888710260391235
13577,22,-1.3276302814483643
13578,12,-2.1877756118774414
13579,25,-0.7538412809371948
13580,28,-0.1891493797302246
13581,15,-1.9824268817901611
13582,14,-2.0210111141204834
13583,23,-1.0978511571884155
13584,15,-1.9557679891586304
13585,17,-1.810875654220581
13586,15,-1.9532402753829956
13587,20,-1.5262587070465088
13588,22,-1.3190817832946777
13589,13,-2.124171257019043
13590,17,-1.7938463687896729
13591,19,-1.6602864265441895
13592,24,-0.9712419509887695
13593,13,-2.118492603302002
13594,15,-1.9811880588531494
13595,15,-1.9967941045761108
13596,17,-1.7892231941223145
13597,15,-2.00400447845459
13598,30,0.11132121086120605
13599,17,-1.791027545928955
13600,17,-1.8233810663223267
13601,24,-0.8917261362075806
13602,26,-0.5866280794143677
13603,24,-0.9101496934890747
13604,21,-1.3568201065063477
13605,18,-1.7368849515914917
13606,29,-0.06984186172485352
13607,19,-1.617537021636963
13608,23,-1.1301759481430054
13609,20,-1.543430209159851
13610,24,-0.9067404270172119
13611,14,-2.0397233963012695
13612,19,-1.674926996231079
13613,20,-1.557837724685669
13614,19,-1.6701219081878662
13615,21,-1.4349002838134766
13616,17,-1.8067115545272827
13617,23,-1.0505985021591187
13618,30,0.0951998233795166
13619,23,-1.1950310468673706
13620,16,-1.8831861019134521
13621,22,-1.2113220691680908
13622,22,-1.2244771718978882
13623,16,-1.9333891868591309
13624,25,-0.739492654800415
13625,26,-0.6552879810333252
13626,15,-1.9672354459762573
13627,14,-2.02597713470459
13628,23,-1.1195451021194458
13629,24,-0.9175529479980469
13630,22,-1.2626858949661255
13631,16,-1.9170798063278198
13632,29,-0.13979291915893555
13633,21,-1.4564425945281982
13634,14,-2.0297470092773438
13635,16,-1.867448091506958
13636,19,-1.6088612079620361
13637,23,-1.1328063011169434
13638,11,-2.249490261077881
13639,26,-0.6428436040878296
13640,15,-1.944542646408081
13641,20,-1.54123055934906
13642,19,-1.5981507301330566
13643,18,-1.7082698345184326
13644,19,-1.6390186548233032
13645,15,-1.9710161685943604
13646,24,-0.9690005779266357
13647,29,-0.016820669174194336
13648,14,-2.0124270915985107
13649,22,-1.3251948356628418
13650,24,-1.0390695333480835
13651,26,-0.5405004024505615
13652,16,-1.8713173866271973
13653,12,-2.1733245849609375
13654,10,-2.299485206604004
13655,15,-1.9554022550582886
13656,20,-1.5551772117614746
13657,23,-1.1016383171081543
13658,17,-1.8331547975540161
13659,17,-1.8064160346984863
13660,25,-0.7662748098373413
13661,26,-0.6892147064208984
13662,27,-0.4755901098251343
13663,13,-2.1382977962493896
13664,21,-1.4329919815063477
13665,15,-1.9870586395263672
13666,13,-2.1143555641174316
13667,17,-1.833244800567627
13668,23,-1.0566978454589844
13669,24,-1.0052844285964966
13670,22,-1.2870169878005981
13671,25,-0.7116134166717529
13672,23,-1.086551547050476
13673,30,0.08905649185180664
13674,20,-1.5587317943572998
13675,11,-2.203784465789795
13676,25,-0.8218801021575928
13677,29,-0.1022024154663086
13678,21,-1.4074389934539795
13679,23,-1.1382232904434204
13680,16,-1.8642897605895996
13681,21,-1.3618687391281128
13682,20,-1.4874800443649292
13683,17,-1.811292290687561
13684,21,-1.4271912574768066
13685,13,-2.091522455215454
13686,21,-1.353482723236084
13687,17,-1.835362195968628
13688,17,-1.8038984537124634
13689,16,-1.931878685951233
13690,21,-1.3669861555099487
13691,25,-0.7741817235946655
13692,21,-1.4333178997039795
13693,22,-1.233701229095459
13694,6,-2.4991848468780518
13695,27,-0.4543355703353882
13696,23,-1.1706122159957886
13697,17,-1.8160109519958496
13698,23,-1.134924054145813
13699,24,-0.9594888687133789
13700,23,-1.1859978437423706
13701,22,-1.3154945373535156
13702,21,-1.4482331275939941
13703,26,-0.6505879163742065
13704,18,-1.7659629583358765
13705,20,-1.4760375022888184
13706,25,-0.7520395517349243
13707,23,-1.04408597946167
13708,24,-1.0316041707992554
13709,22,-1.2877991199493408
13710,28,-0.2704484462738037
13711,22,-1.2230628728866577
13712,25,-0.8389173746109009
13713,10,-2.2816596031188965
13714,16,-1.8629491329193115
13715,11,-2.2323126792907715
13716,13,-2.1068999767303467
13717,16,-1.8748480081558228
13718,21,-1.393035650253296
13719,17,-1.851717233657837
13720,23,-1.0447990894317627
13721,21,-1.3841519355773926
13722,13,-2.0875658988952637
13723,23,-1.0878251791000366
13724,16,-1.905627727508545
13725,20,-1.5748400688171387
13726,18,-1.718614935874939
13727,17,-1.7822997570037842
13728,26,-0.5034892559051514
13729,15,-2.000802755355835
13730,25,-0.860248327255249
13731,22,-1.2995375394821167
13732,16,-1.890517234802246
13733,18,-1.7501564025878906
13734,12,-2.1990458965301514
13735,14,-2.033017873764038
13736,18,-1.6825861930847168
13737,23,-1.0695117712020874
13738,15,-1.981575846672058
13739,14,-2.0649707317352295
13740,18,-1.7207512855529785
13741,15,-1.9844433069229126
13742,7,-2.4637303352355957
13743,26,-0.6678168773651123
13744,17,-1.7752490043640137
13745,16,-1.9212214946746826
13746,20,-1.5170923471450806
13747,19,-1.6126089096069336
13748,17,-1.7804474830627441
13749,26,-0.5555388927459717
13750,21,-1.366802453994751
13751,18,-1.7177307605743408
13752,16,-1.8857892751693726
13753,14,-2.058605432510376
13754,15,-1.9818682670593262
13755,10,-2.271994113922119
13756,22,-1.2465956211090088
13757,5,-2.5347628593444824
13758,19,-1.628161907196045
13759,17,-1.8209210634231567
13760,22,-1.2118425369262695
13761,14,-2.0641603469848633
13762,22,-1.247351050376892
13763,17,-1.7974836826324463
13764,23,-1.1193621158599854
13765,25,-0.8797512054443359
13766,24,-0.9104658365249634
13767,21,-1.4653689861297607
13768,26,-0.5041955709457397
13769,17,-1.8299334049224854
13770,20,-1.482252836227417
13771,10,-2.312885284423828
13772,17,-1.786705493927002
13773,21,-1.4458224773406982
13774,17,-1.835545301437378
13775,24,-1.0329043865203857
13776,21,-1.407147765159607
13777,15,-1.9659624099731445
13778,18,-1.7262060642242432
13779,18,-1.7419848442077637
13780,3,-2.660490036010742
13781,13,-2.1033148765563965
13782,17,-1.8007700443267822
13783,27,-0.4751070737838745
13784,30,0.024779319763183594
13785,7,-2.4626452922821045
13786,23,-1.1765094995498657
13787,23,-1.0803568363189697
13788,18,-1.6931860446929932
13789,25,-0.8448828458786011
13790,26,-0.66502845287323
13791,18,-1.7550630569458008
13792,16,-1.901473045349121
13793,22,-1.2955528497695923
13794,4,-2.6127657890319824
13795,17,-1.815364122390747
13796,19,-1.6677879095077515
13797,15,-1.9376869201660156
13798,18,-1.7530219554901123
13799,24,-1.0327744483947754
13800,17,-1.8304568529129028
13801,18,-1.7735364437103271
13802,26,-0.5020705461502075
13803,10,-2.306821823120117
13804,17,-1.7939623594284058
13805,10,-2.3095591068267822
13806,25,-0.8114235401153564
13807,23,-1.1400072574615479
13808,28,-0.1651921272277832
13809,23,-1.1970211267471313
13810,17,-1.8446776866912842
13811,21,-1.408393144607544
13812,13,-2.0886220932006836
13813,18,-1.6994105577468872
13814,27,-0.33530449867248535
13815,19,-1.6087689399719238
13816,24,-0.9529980421066284
13817,28,-0.28402018547058105
13818,21,-1.4458377361297607
13819,22,-1.336803674697876
13820,12,-2.149477481842041
13821,15,-1.9928656816482544
13822,23,-1.1167676448822021
13823,23,-1.0862239599227905
13824,24,-1.0094282627105713
13825,20,-1.4861867427825928
13826,11,-2.259387969970703
13827,18,-1.69171142578125
13828,21,-1.3600585460662842
13829,21,-1.358081579208374
13830,24,-1.0365482568740845
13831,25,-0.805436372756958
13832,28,-0.19018054008483887
13833,10,-2.303570508956909
13834,15,-1.9669431447982788
13835,26,-0.6847045421600342
13836,14,-2.039238214492798
13837,26,-0.6449428796768188
13838,20,-1.4849144220352173
13839,18,-1.7617253065109253
13840,25,-0.8624652624130249
13841,26,-0.5867279767990112
13842,26,-0.5208011865615845
13843,27,-0.4214644432067871
13844,24,-1.0258716344833374
13845,15,-1.9445422887802124
13846,21,-1.430835485458374
13847,18,-1.6797536611557007
13848,18,-1.7541096210479736
13849,14,-2.0575456619262695
13850,21,-1.4551594257354736
13851,17,-1.852461814880371
13852,11,-2.206528663635254
13853,26,-0.5183171033859253
13854,20,-1.4698175191879272
13855,19,-1.605674386024475
13856,17,-1.8485276699066162
13857,28,-0.22406005859375
13858,11,-2.2406039237976074
13859,25,-0.7327229976654053
13860,23,-1.1262736320495605
13861,16,-1.9045244455337524
13862,18,-1.7140579223632812
13863,12,-2.156154155731201
13864,16,-1.933997392654419
13865,17,-1.7913333177566528
13866,23,-1.114125370979309
13867,25,-0.7679208517074585
13868,17,-1.7883776426315308
13869,22,-1.209312915802002
13870,25,-0.796512246131897
13871,19,-1.6619306802749634
13872,18,-1.746629238128662
13873,13,-2.1360256671905518
13874,18,-1.6798934936523438
13875,16,-1.8606868982315063
13876,2,-2.7205710411071777
13877,17,-1.8317310810089111
13878,24,-0.9700266122817993
13879,28,-0.2806105613708496
13880,15,-1.9954571723937988
13881,19,-1.6711955070495605
13882,24,-0.9296479225158691
13883,22,-1.3334310054779053
13884,23,-1.173865795135498
13885,23,-1.1370381116867065
13886,21,-1.414335012435913
13887,17,-1.8587956428527832
13888,4,-2.579723596572876
13889,17,-1.811565637588501
13890,30,0.017275094985961914
13891,19,-1.675471305847168
13892,16,-1.8658822774887085
13893,24,-0.9182541370391846
13894,20,-1.513061285018921
13895,19,-1.6636004447937012
13896,20,-1.5749390125274658
13897,18,-1.6806929111480713
13898,25,-0.8338558673858643
13899,12,-2.177802324295044
13900,16,-1.9340903759002686
13901,30,0.05362534523010254
13902,25,-0.7047042846679688
13903,17,-1.833625316619873
13904,24,-0.9592896699905396
13905,15,-2.0024831295013428
13906,21,-1.3504618406295776
13907,17,-1.8161509037017822
13908,17,-1.8462932109832764
13909,23,-1.0936052799224854
13910,20,-1.4919723272323608
13911,25,-0.8613314628601074
13912,25,-0.8274204730987549
13913,28,-0.2064192295074463
13914,23,-1.1753252744674683
13915,15,-1.9538861513137817
13916,16,-1.8836551904678345
13917,24,-0.9552534818649292
13918,27,-0.4379028081893921
13919,21,-1.3852382898330688
13920,12,-2.1458663940429688
13921,23,-1.154317021369934
13922,21,-1.430008888244629
13923,30,0.08239626884460449
13924,27,-0.4007720947265625
13925,15,-1.9917007684707642
13926,30,0.0794522762298584
13927,24,-0.9849109649658203
13928,17,-1.8275920152664185
13929,30,0.0005953311920166016
13930,23,-1.0745251178741455
13931,28,-0.16422176361083984
13932,13,-2.0784494876861572
13933,10,-2.2759358882904053
13934,17,-1.8551702499389648
13935,18,-1.7611008882522583
13936,23,-1.1907565593719482
13937,26,-0.5141737461090088
13938,27,-0.4195619821548462
13939,17,-1.81143057346344
13940,23,-1.054858922958374
13941,23,-1.0813462734222412
13942,17,-1.832656741142273
13943,26,-0.5882910490036011
13944,21,-1.44842529296875
13945,26,-0.5573976039886475
13946,15,-1.9583250284194946
13947,15,-1.9658546447753906
13948,23,-1.053163766860962
13949,22,-1.2407255172729492
13950,19,-1.629272699356079
13951,15,-1.977684497833252
13952,19,-1.6731370687484741
13953,15,-1.9905624389648438
13954,21,-1.450785756111145
13955,23,-1.112926959991455
13956,20,-1.5442606210708618
13957,18,-1.7578179836273193
13958,13,-2.079453945159912
13959,16,-1.87383234500885
13960,26,-0.5401240587234497
13961,20,-1.5657696723937988
13962,18,-1.7345519065856934
13963,19,-1.6144418716430664
13964,30,0.11491751670837402
13965,16,-1.9031306505203247
13966,18,-1.7632633447647095
13967,30,0.06693840026855469
13968,14,-2.00868558883667
13969,14,-2.0719761848449707
13970,19,-1.6195216178894043
13971,23,-1.1967271566390991
13972,21,-1.3992583751678467
13973,19,-1.61873197555542
13974,20,-1.5596551895141602
13975,26,-0.621971607208252
13976,25,-0.8411083221435547
13977,22,-1.2167354822158813
13978,24,-0.9523526430130005
13979,25,-0.7353543043136597
13980,30,0.11083507537841797
13981,18,-1.7347050905227661
13982,23,-1.0638246536254883
13983,24,-1.0243899822235107
13984,16,-1.9004534482955933
13985,17,-1.8060312271118164
13986,22,-1.2797327041625977
13987,24,-0.898600697517395
13988,9,-2.3300418853759766
13989,28,-0.24890804290771484
13990,23,-1.1814886331558228
13991,23,-1.100073218345642
13992,16,-1.9232432842254639
13993,20,-1.5013400316238403
13994,21,-1.3395483493804932
13995,28,-0.24540090560913086
13996,17,-1.836552619934082
13997,19,-1.6096339225769043
13998,20,-1.535643458366394
13999,21,-1.4456943273544312
14000,15,-1.9573737382888794
14001,18,-1.6774392127990723
14002,22,-1.3392159938812256
14003,20,-1.5725674629211426
14004,19,-1.6692636013031006
14005,19,-1.6379404067993164
14006,13,-2.1118805408477783
14007,19,-1.582424283027649
14008,21,-1.4253572225570679
14009,22,-1.216723918914795
14010,26,-0.6013758182525635
14011,19,-1.601560354232788
14012,26,-0.5997947454452515
14013,26,-0.5184372663497925
14014,19,-1.6740772724151611
14015,12,-2.1599342823028564
14016,26,-0.6403870582580566
14017,26,-0.5948805809020996
14018,26,-0.6705965995788574
14019,15,-1.9590944051742554
14020,23,-1.1968096494674683
14021,16,-1.8884637355804443
14022,21,-1.464540958404541
14023,16,-1.879356861114502
14024,17,-1.775068759918213
14025,24,-1.0357040166854858
14026,24,-0.997069239616394
14027,18,-1.7391854524612427
14028,20,-1.5405192375183105
14029,21,-1.3424527645111084
14030,22,-1.2513834238052368
14031,15,-2.002906560897827
14032,21,-1.4021918773651123
14033,3,-2.6648342609405518
14034,21,-1.357223629951477
14035,12,-2.1819684505462646
14036,21,-1.4445987939834595
14037,5,-2.528977155685425
14038,23,-1.2018046379089355
14039,21,-1.4061691761016846
14040,26,-0.6365174055099487
14041,17,-1.7816028594970703
14042,17,-1.784226655960083
14043,27,-0.39305567741394043
14044,24,-1.0159720182418823
14045,21,-1.348343849182129
14046,22,-1.2289789915084839
14047,16,-1.9086012840270996
14048,26,-0.5851926803588867
14049,20,-1.5402040481567383
14050,25,-0.8407083749771118
14051,23,-1.05926513671875
14052,16,-1.9280836582183838
14053,16,-1.860827088356018
14054,20,-1.538330078125
14055,25,-0.8699264526367188
14056,10,-2.2916219234466553
14057,19,-1.6595505475997925
14058,13,-2.0946431159973145
14059,21,-1.4627492427825928
14060,13,-2.114269495010376
14061,25,-0.7439193725585938
14062,17,-1.8006619215011597
14063,28,-0.23046135902404785
14064,26,-0.6684005260467529
14065,14,-2.0078701972961426
14066,8,-2.386869430541992
14067,14,-2.0119376182556152
14068,19,-1.6684626340866089
14069,16,-1.9037607908248901
14070,25,-0.7038091421127319
14071,19,-1.6177754402160645
14072,17,-1.8079383373260498
14073,16,-1.866572618484497
14074,17,-1.8273680210113525
14075,28,-0.28028297424316406
14076,23,-1.105207085609436
14077,23,-1.1344568729400635
14078,10,-2.2694852352142334
14079,28,-0.16740632057189941
14080,23,-1.1806941032409668
14081,26,-0.5546095371246338
14082,18,-1.7271783351898193
14083,26,-0.662900447845459
14084,14,-2.0695273876190186
14085,25,-0.8811177015304565
14086,4,-2.5804383754730225
14087,23,-1.087564468383789
14088,20,-1.5277462005615234
14089,26,-0.5441004037857056
14090,22,-1.3029476404190063
14091,24,-0.892277717590332
14092,23,-1.1342805624008179
14093,21,-1.3808523416519165
14094,24,-0.969447135925293
14095,28,-0.18326997756958008
14096,19,-1.6333659887313843
14097,24,-1.04239821434021
14098,10,-2.267460823059082
14099,24,-0.8942998647689819
14100,23,-1.0552278757095337
14101,24,-1.0274558067321777
14102,23,-1.1725938320159912
14103,21,-1.415619134902954
14104,16,-1.9039430618286133
14105,12,-2.153489828109741
14106,19,-1.6694724559783936
14107,26,-0.692439079284668
14108,23,-1.1341444253921509
14109,18,-1.7349483966827393
14110,23,-1.19003164768219
14111,16,-1.8954142332077026
14112,15,-1.9462740421295166
14113,23,-1.1698817014694214
14114,19,-1.6761186122894287
14115,19,-1.6049220561981201
14116,25,-0.755193829536438
14117,21,-1.4531469345092773
14118,18,-1.72572922706604
14119,24,-0.9910563230514526
14120,15,-1.9578701257705688
14121,25,-0.8457324504852295
14122,17,-1.7941551208496094
14123,24,-1.0227011442184448
14124,23,-1.0926251411437988
14125,19,-1.6418404579162598
14126,14,-2.0112645626068115
14127,20,-1.5319263935089111
14128,20,-1.4996917247772217
14129,17,-1.8553624153137207
14130,14,-2.0520758628845215
14131,20,-1.5229930877685547
14132,24,-0.9653952121734619
14133,26,-0.589690089225769
14134,16,-1.8844211101531982
14135,26,-0.661852240562439
14136,25,-0.7695366144180298
14137,18,-1.744027853012085
14138,24,-0.8961309194564819
14139,26,-0.5663801431655884
14140,16,-1.8832882642745972
14141,21,-1.420860767364502
14142,23,-1.0472828149795532
14143,5,-2.536858558654785
14144,16,-1.875903606414795
14145,27,-0.35906946659088135
14146,27,-0.4619077444076538
14147,17,-1.81656813621521
14148,11,-2.2038865089416504
14149,18,-1.7589836120605469
14150,17,-1.7860157489776611
14151,15,-1.9762276411056519
14152,20,-1.544579267501831
14153,26,-0.5298668146133423
14154,24,-0.945124626159668
14155,28,-0.19410157203674316
14156,17,-1.7880786657333374
14157,14,-2.0337562561035156
14158,25,-0.7241177558898926
14159,28,-0.23310446739196777
14160,5,-2.5655789375305176
14161,22,-1.222989559173584
14162,23,-1.1908469200134277
14163,12,-2.1865928173065186
14164,14,-2.016423463821411
14165,12,-2.1482813358306885
14166,23,-1.0814794301986694
14167,17,-1.8069335222244263
14168,27,-0.3520503044128418
14169,23,-1.1841816902160645
14170,20,-1.5665693283081055
14171,14,-2.050992727279663
14172,20,-1.4833762645721436
14173,13,-2.0956594944000244
14174,18,-1.7561163902282715
14175,24,-0.9534207582473755
14176,19,-1.6646816730499268
14177,25,-0.7831152677536011
14178,17,-1.816778540611267
14179,20,-1.4893739223480225
14180,18,-1.6863040924072266
14181,19,-1.5779712200164795
14182,24,-1.0111854076385498
14183,24,-0.9283401966094971
14184,19,-1.6062694787979126
14185,28,-0.3110058307647705
14186,26,-0.5626449584960938
14187,12,-2.1597237586975098
14188,16,-1.8944389820098877
14189,18,-1.7643414735794067
14190,27,-0.3759046792984009
14191,30,0.0650334358215332
14192,20,-1.5374727249145508
14193,15,-1.97830069065094
14194,16,-1.9184412956237793
14195,21,-1.4346256256103516
14196,19,-1.6741721630096436
14197,26,-0.6090734004974365
14198,18,-1.7395045757293701
14199,25,-0.6991255283355713
14200,20,-1.4774419069290161
14201,28,-0.2078535556793213
14202,20,-1.5250273942947388
14203,27,-0.45023930072784424
14204,21,-1.4565260410308838
14205,17,-1.8186404705047607
14206,16,-1.9226834774017334
14207,22,-1.2629952430725098
14208,19,-1.605555772781372
14209,23,-1.0769224166870117
14210,17,-1.8418241739273071
14211,25,-0.7648061513900757
14212,17,-1.8589686155319214
14213,25,-0.7596292495727539
14214,15,-1.9671893119812012
14215,25,-0.8491536378860474
14216,21,-1.3657386302947998
14217,27,-0.4290992021560669
14218,17,-1.8135583400726318
14219,23,-1.0859721899032593
14220,20,-1.5258212089538574
14221,20,-1.4687888622283936
14222,11,-2.2089483737945557
14223,20,-1.5628838539123535
14224,28,-0.215789794921875
14225,24,-0.9197489023208618
14226,18,-1.7211053371429443
14227,16,-1.9128462076187134
14228,21,-1.3740999698638916
14229,22,-1.2529420852661133
14230,20,-1.5214831829071045
14231,17,-1.8257250785827637
14232,8,-2.4123404026031494
14233,15,-1.9803656339645386
14234,27,-0.3562875986099243
14235,27,-0.49268245697021484
14236,12,-2.145820379257202
14237,17,-1.7882024049758911
14238,21,-1.4524431228637695
14239,25,-0.817090630531311
14240,19,-1.5915685892105103
14241,21,-1.3780279159545898
14242,21,-1.4639241695404053
14243,18,-1.6787645816802979
14244,20,-1.4746108055114746
14245,16,-1.8800233602523804
14246,24,-0.9436451196670532
14247,24,-1.041965365409851
14248,12,-2.159966230392456
14249,27,-0.3585609197616577
14250,25,-0.824530839920044
14251,19,-1.6289710998535156
14252,14,-2.0227279663085938
14253,14,-2.0266969203948975
14254,16,-1.8617548942565918
14255,21,-1.4129307270050049
14256,21,-1.4177632331848145
14257,23,-1.189835786819458
14258,15,-1.9579148292541504
14259,23,-1.1954436302185059
14260,26,-0.6876635551452637
14261,10,-2.313444137573242
14262,20,-1.53666090965271
14263,30,0.043488264083862305
14264,24,-0.996103048324585
14265,22,-1.2057234048843384
14266,18,-1.7074153423309326
14267,28,-0.26625680923461914
14268,21,-1.4005022048950195
14269,20,-1.4794228076934814
14270,26,-0.6805765628814697
14271,21,-1.4581093788146973
14272,18,-1.738991379737854
14273,21,-1.4609293937683105
14274,19,-1.6574065685272217
14275,16,-1.8878333568572998
14276,20,-1.5019385814666748
14277,24,-1.0242685079574585
14278,23,-1.1526312828063965
14279,17,-1.8556076288223267
14280,22,-1.240308403968811
14281,17,-1.7748031616210938
14282,23,-1.1460236310958862
14283,21,-1.383044958114624
14284,16,-1.9128386974334717
14285,19,-1.6151976585388184
14286,11,-2.22709059715271
14287,18,-1.7512550354003906
14288,20,-1.5724430084228516
14289,23,-1.1406209468841553
14290,20,-1.5073847770690918
14291,14,-2.0244333744049072
14292,26,-0.6418911218643188
14293,19,-1.6169263124465942
14294,15,-2.004331350326538
14295,16,-1.930546760559082
14296,19,-1.5909955501556396
14297,15,-1.9731234312057495
14298,17,-1.8098809719085693
14299,22,-1.2808144092559814
14300,23,-1.0458346605300903
14301,13,-2.11810040473938
14302,11,-2.2551474571228027
14303,20,-1.5445034503936768
14304,24,-1.0232346057891846
14305,16,-1.9057708978652954
14306,17,-1.7762720584869385
14307,14,-2.018749475479126
14308,17,-1.7793160676956177
14309,23,-1.1701090335845947
14310,26,-0.5815414190292358
14311,25,-0.8357590436935425
14312,15,-1.9552054405212402
14313,25,-0.7795816659927368
14314,20,-1.4771384000778198
14315,18,-1.7593464851379395
14316,9,-2.3379123210906982
14317,26,-0.640182614326477
14318,20,-1.5368826389312744
14319,29,-0.015102863311767578
14320,23,-1.1117924451828003
14321,24,-0.8998935222625732
14322,27,-0.40382707118988037
14323,16,-1.8603556156158447
14324,16,-1.92720627784729
14325,23,-1.1357120275497437
14326,25,-0.8554234504699707
14327,22,-1.3264111280441284
14328,18,-1.7597978115081787
14329,22,-1.286626935005188
14330,20,-1.508723497390747
14331,20,-1.512444019317627
14332,14,-2.0314455032348633
14333,18,-1.7299907207489014
14334,11,-2.2070672512054443
14335,19,-1.6428639888763428
14336,17,-1.8139761686325073
14337,8,-2.3695831298828125
14338,20,-1.5251656770706177
14339,27,-0.494152307510376
14340,23,-1.0831741094589233
14341,17,-1.8399009704589844
14342,27,-0.4180382490158081
14343,22,-1.2519876956939697
14344,20,-1.4749131202697754
14345,19,-1.6749663352966309
14346,26,-0.6767551898956299
14347,20,-1.4677197933197021
14348,20,-1.55806565284729
14349,6,-2.5055623054504395
14350,12,-2.197378635406494
14351,19,-1.625761866569519
14352,17,-1.778948426246643
14353,25,-0.7687469720840454
14354,20,-1.5477622747421265
14355,18,-1.731421947479248
14356,16,-1.9337670803070068
14357,20,-1.4799346923828125
14358,13,-2.1326465606689453
14359,24,-0.9734307527542114
14360,24,-0.9408160448074341
14361,26,-0.6813886165618896
14362,27,-0.499453067779541
14363,15,-1.9509459733963013
14364,20,-1.4706933498382568
14365,16,-1.894590139389038
14366,13,-2.089913845062256
14367,14,-2.031020402908325
14368,18,-1.7454566955566406
14369,13,-2.12458872795105
14370,21,-1.3771122694015503
14371,19,-1.633035659790039
14372,24,-0.9558888673782349
14373,23,-1.1917146444320679
14374,26,-0.5738506317138672
14375,15,-1.9522451162338257
14376,20,-1.5029922723770142
14377,15,-1.9470391273498535
14378,25,-0.8419320583343506
14379,20,-1.4833849668502808
14380,22,-1.2415435314178467
14381,18,-1.7270538806915283
14382,16,-1.9106818437576294
14383,11,-2.2194552421569824
14384,30,0.10546612739562988
14385,30,0.009355783462524414
14386,23,-1.109475016593933
14387,23,-1.2011089324951172
14388,4,-2.627089500427246
14389,22,-1.2828881740570068
14390,19,-1.6365216970443726
14391,13,-2.074817419052124
14392,15,-1.976816177368164
14393,23,-1.1206769943237305
14394,22,-1.3352422714233398
14395,23,-1.130521535873413
14396,21,-1.3970587253570557
14397,18,-1.6993298530578613
14398,25,-0.719336748123169
14399,22,-1.211977243423462
14400,18,-1.728140115737915
14401,16,-1.891438603401184
14402,30,0.06031322479248047
14403,27,-0.3532940149307251
14404,27,-0.42247819900512695
14405,20,-1.5245084762573242
14406,17,-1.8204652070999146
14407,14,-2.024782419204712
14408,19,-1.6708065271377563
14409,20,-1.4689756631851196
14410,19,-1.6022710800170898
14411,19,-1.6726391315460205
14412,19,-1.6619157791137695
14413,20,-1.5008877515792847
14414,13,-2.128403425216675
14415,18,-1.7155747413635254
14416,19,-1.6712778806686401
14417,19,-1.6374948024749756
14418,23,-1.0452533960342407
14419,25,-0.6964248418807983
14420,20,-1.5334328413009644
14421,28,-0.2107696533203125
14422,17,-1.8459129333496094
14423,18,-1.712103009223938
14424,19,-1.606571912765503
14425,26,-0.6407092809677124
14426,24,-0.8855385780334473
14427,25,-0.7631547451019287
14428,17,-1.8575854301452637
14429,17,-1.7920963764190674
14430,15,-1.9457297325134277
14431,18,-1.7428662776947021
14432,25,-0.8276517391204834
14433,18,-1.687567949295044
14434,19,-1.6617984771728516
14435,24,-1.0363101959228516
14436,18,-1.7274174690246582
14437,24,-0.9292442798614502
14438,12,-2.197145938873291
14439,27,-0.4277055263519287
14440,24,-0.986365795135498
14441,25,-0.8141722679138184
14442,19,-1.6459460258483887
14443,14,-2.0230445861816406
14444,25,-0.6951595544815063
14445,21,-1.4042060375213623
14446,21,-1.4256367683410645
14447,18,-1.7192250490188599
14448,15,-1.9484937191009521
14449,10,-2.273623466491699
14450,14,-2.0164313316345215
14451,19,-1.614757776260376
14452,23,-1.0610830783843994
14453,14,-2.041637897491455
14454,22,-1.277486801147461
14455,19,-1.6033482551574707
14456,16,-1.8884385824203491
14457,17,-1.806783676147461
14458,16,-1.878801941871643
14459,27,-0.4612619876861572
14460,21,-1.352160096168518
14461,22,-1.210736632347107
14462,27,-0.49543142318725586
14463,20,-1.4800689220428467
14464,29,-0.06892776489257812
14465,21,-1.4129283428192139
14466,20,-1.4885367155075073
14467,24,-0.8984802961349487
14468,23,-1.170770287513733
14469,17,-1.7850821018218994
14470,21,-1.3831517696380615
14471,27,-0.3466144800186157
14472,24,-1.0300078392028809
14473,23,-1.1781940460205078
14474,22,-1.261096477508545
14475,26,-0.5984963178634644
14476,24,-0.8977929353713989
14477,15,-1.9941461086273193
14478,21,-1.4600306749343872
14479,13,-2.0765957832336426
14480,14,-2.0200119018554688
14481,22,-1.3175601959228516
14482,19,-1.6400134563446045
14483,26,-0.5600177049636841
14484,24,-0.936246395111084
14485,19,-1.6118898391723633
14486,16,-1.9016474485397339
14487,22,-1.263228178024292
14488,21,-1.3537192344665527
14489,17,-1.8304811716079712
14490,18,-1.725765347480774
14491,23,-1.1234253644943237
14492,24,-0.8905515670776367
14493,16,-1.8808836936950684
14494,22,-1.288901925086975
14495,17,-1.8246033191680908
14496,24,-0.9471842050552368
14497,14,-2.007266044616699
14498,20,-1.4765739440917969
14499,21,-1.3928815126419067
14500,29,-0.03242778778076172
14501,17,-1.7974387407302856
14502,14,-2.021224021911621
14503,23,-1.0784393548965454
14504,15,-1.9675525426864624
14505,21,-1.4272215366363525
14506,23,-1.1880221366882324
14507,26,-0.6725870370864868
14508,30,0.010048627853393555
14509,21,-1.3648968935012817
14510,27,-0.3371948003768921
14511,13,-2.1313958168029785
14512,30,0.1219794750213623
14513,15,-1.9788391590118408
14514,18,-1.7293307781219482
14515,27,-0.3883136510848999
14516,29,-0.07566046714782715
14517,13,-2.0985522270202637
14518,18,-1.6950244903564453
14519,19,-1.65244722366333
14520,16,-1.8808774948120117
14521,12,-2.164240598678589
14522,30,0.07572150230407715
14523,21,-1.3743958473205566
14524,24,-0.9562393426895142
14525,23,-1.0777264833450317
14526,17,-1.832784652709961
14527,15,-1.9833204746246338
14528,4,-2.624183177947998
14529,20,-1.5594708919525146
14530,20,-1.5181005001068115
14531,25,-0.7106698751449585
14532,22,-1.2082933187484741
14533,20,-1.4752857685089111
14534,22,-1.2326130867004395
14535,18,-1.6795849800109863
14536,24,-1.0127917528152466
14537,16,-1.9249013662338257
14538,26,-0.6581497192382812
14539,17,-1.8431127071380615
14540,17,-1.8216387033462524
14541,16,-1.868370771408081
14542,23,-1.0731346607208252
14543,21,-1.3489350080490112
14544,27,-0.3887544870376587
14545,21,-1.431946039199829
14546,21,-1.437304139137268
14547,27,-0.3321305513381958
14548,11,-2.200099468231201
14549,3,-2.6992807388305664
14550,17,-1.790702223777771
14551,23,-1.201421856880188
14552,23,-1.0507086515426636
14553,12,-2.1650593280792236
14554,26,-0.6019973754882812
14555,22,-1.2170515060424805
14556,18,-1.734368085861206
14557,18,-1.7107012271881104
14558,13,-2.0807862281799316
14559,27,-0.43528926372528076
14560,25,-0.8184813261032104
14561,21,-1.363011121749878
14562,21,-1.460160493850708
14563,20,-1.5530369281768799
14564,18,-1.7053790092468262
14565,13,-2.098494529724121
14566,15,-1.9986166954040527
14567,28,-0.32259273529052734
14568,28,-0.22787094116210938
14569,27,-0.49136650562286377
14570,13,-2.109168767929077
14571,20,-1.5148370265960693
14572,28,-0.18444085121154785
14573,12,-2.1702818870544434
14574,16,-1.9209496974945068
14575,30,0.12751173973083496
14576,12,-2.1441266536712646
14577,16,-1.895634651184082
14578,27,-0.41600990295410156
14579,12,-2.1918246746063232
14580,26,-0.6763737201690674
14581,19,-1.6451137065887451
14582,27,-0.4095219373703003
14583,22,-1.2362114191055298
14584,21,-1.420723557472229
14585,16,-1.9268829822540283
14586,17,-1.815254807472229
14587,18,-1.6774647235870361
14588,24,-0.8822623491287231
14589,28,-0.19739484786987305
14590,14,-2.01615309715271
14591,11,-2.2249813079833984
14592,18,-1.717650294303894
14593,21,-1.4548060894012451
14594,26,-0.5312308073043823
14595,15,-1.9592554569244385
14596,15,-1.969750165939331
14597,3,-2.6666412353515625
14598,22,-1.2171882390975952
14599,21,-1.4150254726409912
14600,16,-1.8779515027999878
14601,6,-2.5117602348327637
14602,24,-0.9596879482269287
14603,19,-1.6338598728179932
14604,18,-1.6851277351379395
14605,26,-0.6891696453094482
14606,22,-1.3167555332183838
14607,23,-1.1002271175384521
14608,18,-1.743227243423462
14609,23,-1.1830788850784302
14610,25,-0.7811390161514282
14611,28,-0.24280095100402832
14612,17,-1.8205876350402832
14613,22,-1.2424900531768799
14614,26,-0.6597545146942139
14615,17,-1.84177565574646
14616,25,-0.7398473024368286
14617,19,-1.6133123636245728
14618,25,-0.7731256484985352
14619,21,-1.3629155158996582
14620,24,-0.9628345966339111
14621,19,-1.6546015739440918
14622,23,-1.0849262475967407
14623,17,-1.7936580181121826
14624,25,-0.8020412921905518
14625,15,-1.9405343532562256
14626,23,-1.1908248662948608
14627,20,-1.4915547370910645
14628,22,-1.2764484882354736
14629,19,-1.618726372718811
14630,17,-1.7816522121429443
14631,16,-1.9061617851257324
14632,19,-1.6475274562835693
14633,19,-1.5825856924057007
14634,24,-0.9991464614868164
14635,21,-1.4550069570541382
14636,24,-0.9616529941558838
14637,16,-1.8980233669281006
14638,19,-1.6332988739013672
14639,27,-0.43291401863098145
14640,12,-2.1584572792053223
14641,21,-1.4004071950912476
14642,15,-1.9378267526626587
14643,14,-2.0661797523498535
14644,28,-0.3086409568786621
14645,18,-1.707085371017456
14646,18,-1.7275041341781616
14647,10,-2.2659130096435547
14648,16,-1.9252214431762695
14649,21,-1.4103951454162598
14650,27,-0.3881953954696655
14651,17,-1.8080204725265503
14652,30,0.08872818946838379
14653,25,-0.7192862033843994
14654,23,-1.0770282745361328
14655,22,-1.3117856979370117
14656,24,-0.9132753610610962
14657,22,-1.290618658065796
14658,16,-1.8867850303649902
14659,25,-0.7033164501190186
14660,27,-0.40364110469818115
14661,5,-2.54761004447937
14662,26,-0.6507735252380371
14663,15,-1.9403185844421387
14664,18,-1.7014403343200684
14665,15,-1.9668376445770264
14666,20,-1.5603532791137695
14667,22,-1.321373462677002
14668,6,-2.482132911682129
14669,14,-2.057079792022705
14670,15,-1.9523959159851074
14671,25,-0.7718759775161743
14672,26,-0.6023403406143188
14673,25,-0.8589794635772705
14674,23,-1.173327922821045
14675,21,-1.3649297952651978
14676,10,-2.2780139446258545
14677,23,-1.2004386186599731
14678,22,-1.2304370403289795
14679,30,0.04584980010986328
14680,15,-1.951068639755249
14681,22,-1.2771598100662231
14682,24,-0.9532039165496826
14683,19,-1.6594547033309937
14684,10,-2.2603647708892822
14685,23,-1.0578601360321045
14686,16,-1.8977844715118408
14687,19,-1.5783727169036865
14688,17,-1.8227967023849487
14689,11,-2.203634738922119
14690,21,-1.3979121446609497
14691,27,-0.35314345359802246
14692,15,-1.9410250186920166
14693,28,-0.18860864639282227
14694,29,-0.11537933349609375
14695,21,-1.4581568241119385
14696,18,-1.7239768505096436
14697,22,-1.2467538118362427
14698,18,-1.720813274383545
14699,29,-0.10878658294677734
14700,12,-2.1396706104278564
14701,10,-2.3055601119995117
14702,16,-1.8632490634918213
14703,17,-1.8518952131271362
14704,7,-2.473517417907715
14705,18,-1.720625400543213
14706,3,-2.673966646194458
14707,18,-1.7528290748596191
14708,18,-1.7282580137252808
14709,16,-1.871814489364624
14710,15,-1.955304741859436
14711,17,-1.827521800994873
14712,22,-1.2576645612716675
14713,17,-1.8203731775283813
14714,19,-1.658675193786621
14715,14,-2.018080234527588
14716,18,-1.7215240001678467
14717,25,-0.7170053720474243
14718,16,-1.8927308320999146
14719,14,-2.029069185256958
14720,16,-1.9253008365631104
14721,26,-0.6861234903335571
14722,20,-1.5304019451141357
14723,26,-0.6880636215209961
14724,25,-0.7697756290435791
14725,17,-1.8490549325942993
14726,16,-1.8930343389511108
14727,19,-1.650653600692749
14728,15,-1.994186282157898
14729,12,-2.1782193183898926
14730,22,-1.2517015933990479
14731,26,-0.5876950025558472
14732,25,-0.8215912580490112
14733,21,-1.3492056131362915
14734,25,-0.8542453050613403
14735,25,-0.849251389503479
14736,29,-0.03358650207519531
14737,23,-1.0730715990066528
14738,16,-1.885940432548523
14739,19,-1.653337836265564
14740,23,-1.0576727390289307
14741,17,-1.7893714904785156
14742,16,-1.8825973272323608
14743,21,-1.3943815231323242
14744,20,-1.561631441116333
14745,30,0.0826416015625
14746,25,-0.8803859949111938
14747,18,-1.702946424484253
14748,22,-1.2049371004104614
14749,25,-0.7568507194519043
14750,23,-1.1987992525100708
14751,19,-1.672412633895874
14752,27,-0.376468300819397
14753,24,-0.8973090648651123
14754,19,-1.6177754402160645
14755,24,-1.0223534107208252
14756,29,-0.07402634620666504
14757,22,-1.2936558723449707
14758,20,-1.5593827962875366
14759,19,-1.592400074005127
14760,4,-2.5856292247772217
14761,15,-1.9947230815887451
14762,19,-1.585296869277954
14763,22,-1.2996772527694702
14764,18,-1.7121264934539795
14765,16,-1.9246915578842163
14766,18,-1.7381551265716553
14767,22,-1.2609552145004272
14768,24,-1.0100295543670654
14769,22,-1.301063895225525
14770,18,-1.690469741821289
14771,5,-2.559373140335083
14772,21,-1.4544357061386108
14773,24,-1.035297155380249
14774,19,-1.6281189918518066
14775,16,-1.8992059230804443
14776,15,-1.9977205991744995
14777,24,-1.0162720680236816
14778,22,-1.2334790229797363
14779,18,-1.7103347778320312
14780,23,-1.0827943086624146
14781,15,-1.9588000774383545
14782,13,-2.0765199661254883
14783,24,-0.9779024124145508
14784,8,-2.411991834640503
14785,17,-1.8452394008636475
14786,22,-1.2523423433303833
14787,12,-2.1806628704071045
14788,15,-1.992722749710083
14789,22,-1.2631309032440186
14790,25,-0.7758833169937134
14791,23,-1.1014102697372437
14792,17,-1.8049708604812622
14793,20,-1.5630038976669312
14794,14,-2.0227718353271484
14795,20,-1.516656756401062
14796,19,-1.5810188055038452
14797,25,-0.8713020086288452
14798,19,-1.675723671913147
14799,15,-1.9531959295272827
14800,26,-0.5214741230010986
14801,23,-1.1514846086502075
14802,24,-1.034238338470459
14803,28,-0.26461195945739746
14804,26,-0.6868793964385986
14805,18,-1.7383713722229004
14806,15,-1.956025242805481
14807,18,-1.7255496978759766
14808,25,-0.8556170463562012
14809,28,-0.16988754272460938
14810,20,-1.4864249229431152
14811,21,-1.391218900680542
14812,28,-0.24236321449279785
14813,26,-0.6455167531967163
14814,16,-1.8641486167907715
14815,28,-0.23383092880249023
14816,20,-1.4749298095703125
14817,20,-1.4690306186676025
14818,26,-0.537540078163147
14819,24,-0.8858046531677246
14820,18,-1.7122900485992432
14821,25,-0.7912569046020508
14822,18,-1.722403883934021
14823,24,-1.0365339517593384
14824,13,-2.09104323387146
14825,18,-1.7589170932769775
14826,20,-1.5149924755096436
14827,22,-1.2373552322387695
14828,23,-1.1746686697006226
14829,14,-2.007594108581543
14830,19,-1.592130422592163
14831,27,-0.45732367038726807
14832,21,-1.3751060962677002
14833,22,-1.288504958152771
14834,28,-0.2902970314025879
14835,26,-0.519902229309082
14836,14,-2.037729024887085
14837,14,-2.0229239463806152
14838,20,-1.4795928001403809
14839,27,-0.4070560932159424
14840,21,-1.397080898284912
14841,21,-1.403594732284546
14842,22,-1.3210957050323486
14843,16,-1.9158450365066528
14844,19,-1.576648235321045
14845,19,-1.6591880321502686
14846,22,-1.210088849067688
14847,28,-0.2831270694732666
14848,13,-2.129289150238037
14849,26,-0.558823823928833
14850,20,-1.5330119132995605
14851,26,-0.6421239376068115
14852,21,-1.3893399238586426
14853,19,-1.6428964138031006
14854,17,-1.8443552255630493
14855,14,-2.051334857940674
14856,23,-1.0983335971832275
14857,14,-2.056351900100708
14858,28,-0.20730090141296387
14859,20,-1.4656637907028198
14860,28,-0.3126566410064697
14861,22,-1.3381097316741943
14862,24,-0.9816898107528687
14863,20,-1.5674968957901
14864,14,-2.0111658573150635
14865,24,-0.9130432605743408
14866,3,-2.65751576423645
14867,20,-1.5546287298202515
14868,25,-0.8024517297744751
14869,28,-0.26405835151672363
14870,23,-1.1846169233322144
14871,29,-0.15033769607543945
14872,25,-0.7664589881896973
14873,20,-1.4967647790908813
14874,19,-1.6564671993255615
14875,19,-1.6708019971847534
14876,27,-0.45748794078826904
14877,16,-1.8686600923538208
14878,20,-1.5437291860580444
14879,15,-1.9548178911209106
14880,26,-0.5246162414550781
14881,17,-1.8189891576766968
14882,20,-1.5687593221664429
14883,24,-0.999843955039978
14884,24,-0.9410368204116821
14885,21,-1.4099605083465576
14886,26,-0.5566679239273071
14887,21,-1.4002320766448975
14888,23,-1.0567471981048584
14889,24,-0.9527493715286255
14890,9,-2.3561174869537354
14891,24,-0.9150359630584717
14892,23,-1.1981878280639648
14893,25,-0.7625261545181274
14894,25,-0.8409019708633423
14895,26,-0.6492153406143188
14896,26,-0.624087929725647
14897,4,-2.578484535217285
14898,23,-1.1557714939117432
14899,18,-1.714329481124878
14900,25,-0.7045986652374268
14901,26,-0.6360615491867065
14902,21,-1.351266860961914
14903,24,-0.96871018409729
14904,20,-1.5669814348220825
14905,19,-1.5872280597686768
14906,23,-1.118265151977539
14907,21,-1.4137336015701294
14908,24,-0.9681342840194702
14909,23,-1.2021725177764893
14910,17,-1.854576587677002
14911,19,-1.655019998550415
14912,23,-1.077004313468933
14913,13,-2.103375196456909
14914,24,-1.0185840129852295
14915,18,-1.730296015739441
14916,24,-0.969196081161499
14917,23,-1.0881644487380981
14918,17,-1.8210961818695068
14919,24,-0.9723438024520874
14920,18,-1.6822447776794434
14921,25,-0.7003144025802612
14922,19,-1.6750602722167969
14923,21,-1.4438323974609375
14924,22,-1.304455041885376
14925,25,-0.7752591371536255
14926,21,-1.3737666606903076
14927,25,-0.855765700340271
14928,22,-1.2678470611572266
14929,26,-0.6662567853927612
14930,30,0.04752969741821289
14931,16,-1.8830591440200806
14932,21,-1.3535236120224
14933,15,-2.005068778991699
14934,11,-2.2119081020355225
14935,19,-1.6378726959228516
14936,22,-1.3252034187316895
14937,21,-1.4193553924560547
14938,17,-1.82000732421875
14939,20,-1.569321870803833
14940,27,-0.4630775451660156
14941,23,-1.0908745527267456
14942,22,-1.2338680028915405
14943,25,-0.8783736228942871
14944,19,-1.65513014793396
14945,24,-1.013484001159668
14946,24,-0.906645655632019
14947,22,-1.3064298629760742
14948,17,-1.8331942558288574
14949,21,-1.4037775993347168
14950,22,-1.2745909690856934
14951,18,-1.719624638557434
14952,25,-0.6978763341903687
14953,19,-1.580701231956482
14954,21,-1.4466261863708496
14955,19,-1.6632009744644165
14956,21,-1.3553121089935303
14957,24,-0.9529294967651367
14958,26,-0.5197728872299194
14959,25,-0.6963471174240112
14960,20,-1.501700758934021
14961,30,0.09242129325866699
14962,21,-1.389664649963379
14963,28,-0.1813955307006836
14964,29,-0.14406394958496094
14965,21,-1.451775312423706
14966,25,-0.820184588432312
14967,22,-1.2110743522644043
14968,16,-1.9227750301361084
14969,19,-1.6452882289886475
14970,19,-1.664569616317749
14971,25,-0.7273595333099365
14972,27,-0.33770251274108887
14973,12,-2.1487417221069336
14974,24,-0.9298684597015381
14975,18,-1.7542731761932373
14976,30,0.12613272666931152
14977,20,-1.4818644523620605
14978,20,-1.5371487140655518
14979,24,-0.9223889112472534
14980,15,-1.9762389659881592
14981,30,0.02269721031188965
14982,19,-1.642021894454956
14983,24,-1.017384648323059
14984,26,-0.505866527557373
14985,23,-1.12115478515625
14986,26,-0.6886734962463379
14987,25,-0.7702480554580688
14988,22,-1.2776819467544556
14989,27,-0.3975905179977417
14990,24,-0.9566870927810669
14991,20,-1.5011968612670898
14992,21,-1.4654667377471924
14993,19,-1.667069673538208
14994,18,-1.7014635801315308
14995,21,-1.3535494804382324
14996,23,-1.1299207210540771
14997,24,-0.8909108638763428
14998,25,-0.8168613910675049
14999,27,-0.46265602111816406
15000,30,0.036337852478027344
15001,25,-0.8328605890274048
15002,22,-1.3219354152679443
15003,15,-1.9557743072509766
15004,30,0.11596560478210449
15005,19,-1.6727843284606934
15006,18,-1.7109570503234863
15007,15,-1.9696191549301147
15008,21,-1.4109724760055542
15009,22,-1.2646758556365967
15010,25,-0.8561594486236572
15011,16,-1.9205318689346313
15012,26,-0.5529024600982666
15013,23,-1.1242032051086426
15014,24,-0.9378598928451538
15015,24,-0.9726961851119995
15016,18,-1.7730607986450195
15017,21,-1.4021416902542114
15018,18,-1.6789913177490234
15019,20,-1.491179347038269
15020,25,-0.8647116422653198
15021,23,-1.186562418937683
15022,25,-0.7811172008514404
15023,17,-1.846336841583252
15024,19,-1.623260736465454
15025,20,-1.5374116897583008
15026,23,-1.1461812257766724
15027,17,-1.8377583026885986
15028,20,-1.5200321674346924
15029,25,-0.75757896900177
15030,24,-0.9288506507873535
15031,18,-1.7497154474258423
15032,26,-0.658781886100769
15033,25,-0.8289341926574707
15034,7,-2.43851637840271
15035,20,-1.4745769500732422
15036,27,-0.3369898796081543
15037,25,-0.8650718927383423
15038,23,-1.1231142282485962
15039,27,-0.47134602069854736
15040,29,-0.11069893836975098
15041,21,-1.4052449464797974
15042,24,-0.8999836444854736
15043,20,-1.5121374130249023
15044,21,-1.4139182567596436
15045,25,-0.7064075469970703
15046,18,-1.7458661794662476
15047,16,-1.869197964668274
15048,19,-1.6466419696807861
15049,30,0.03494453430175781
15050,26,-0.607213020324707
15051,21,-1.4161133766174316
15052,28,-0.3212301731109619
15053,27,-0.32546961307525635
15054,21,-1.428920030593872
15055,16,-1.9329357147216797
15056,28,-0.1939239501953125
15057,26,-0.6359018087387085
15058,17,-1.8302061557769775
15059,21,-1.458460807800293
15060,20,-1.479196548461914
15061,25,-0.7433710098266602
15062,21,-1.4160075187683105
15063,16,-1.8990644216537476
15064,16,-1.8672032356262207
15065,22,-1.2722278833389282
15066,15,-1.9673100709915161
15067,22,-1.233464002609253
15068,18,-1.6904916763305664
15069,22,-1.2649811506271362
15070,25,-0.7406049966812134
15071,21,-1.3736231327056885
15072,26,-0.6705517768859863
15073,24,-1.0071229934692383
15074,23,-1.1903266906738281
15075,26,-0.6780518293380737
15076,27,-0.5002295970916748
15077,25,-0.8428448438644409
15078,15,-1.9626013040542603
15079,4,-2.6225473880767822
15080,28,-0.1775953769683838
15081,28,-0.18392086029052734
15082,20,-1.5467891693115234
15083,24,-1.0021915435791016
15084,16,-1.8672233819961548
15085,22,-1.290831446647644
15086,28,-0.2388293743133545
15087,18,-1.6932896375656128
15088,30,0.12348246574401855
15089,19,-1.6160821914672852
15090,26,-0.5044515132904053
15091,25,-0.8656997680664062
15092,19,-1.6760503053665161
15093,21,-1.409306287765503
15094,20,-1.4935967922210693
15095,19,-1.6265445947647095
15096,20,-1.5714365243911743
15097,29,-0.08902335166931152
15098,25,-0.7948617935180664
15099,26,-0.6930626630783081
15100,20,-1.4925780296325684
15101,20,-1.491109848022461
15102,27,-0.3905751705169678
15103,19,-1.639427661895752
15104,16,-1.9331791400909424
15105,20,-1.5582358837127686
15106,22,-1.2610177993774414
15107,30,-0.012654304504394531
15108,16,-1.8832539319992065
15109,21,-1.3412448167800903
15110,26,-0.6671479940414429
15111,22,-1.3375784158706665
15112,17,-1.8526263236999512
15113,26,-0.598158597946167
15114,19,-1.655867576599121
15115,25,-0.7944810390472412
15116,25,-0.7939375638961792
15117,16,-1.8834575414657593
15118,21,-1.4227733612060547
15119,19,-1.6562151908874512
15120,22,-1.2773083448410034
15121,22,-1.3125780820846558
15122,25,-0.707735538482666
15123,17,-1.826974868774414
15124,23,-1.1052640676498413
15125,21,-1.3426051139831543
15126,19,-1.670544147491455
15127,13,-2.103914737701416
15128,19,-1.6222319602966309
15129,24,-0.9024316072463989
15130,25,-0.8106940984725952
15131,12,-2.1385109424591064
15132,22,-1.2194256782531738
15133,14,-2.0117719173431396
15134,24,-0.9377938508987427
15135,16,-1.8615014553070068
15136,19,-1.6627006530761719
15137,18,-1.677626371383667
15138,29,-0.06129026412963867
15139,24,-0.9296599626541138
15140,15,-2.0066215991973877
15141,21,-1.3398218154907227
15142,16,-1.863708734512329
15143,18,-1.7185959815979004
15144,30,0.04841947555541992
15145,28,-0.2614436149597168
15146,25,-0.8315269947052002
15147,24,-0.8827277421951294
15148,19,-1.6585793495178223
15149,27,-0.39587855339050293
15150,15,-1.9692505598068237
15151,30,0.019791603088378906
15152,24,-0.9564313888549805
15153,26,-0.6370171308517456
15154,24,-1.0276943445205688
15155,17,-1.7875703573226929
15156,25,-0.7985907793045044
15157,29,-0.11929869651794434
15158,27,-0.44961822032928467
15159,23,-1.0786610841751099
15160,27,-0.4230170249938965
15161,15,-1.9614417552947998
15162,25,-0.6994419097900391
15163,22,-1.2250362634658813
15164,19,-1.6651756763458252
15165,25,-0.7637242078781128
15166,26,-0.6789299249649048
15167,27,-0.39317405223846436
15168,22,-1.2575668096542358
15169,30,0.1408541202545166
15170,15,-1.956916332244873
15171,20,-1.4841785430908203
15172,25,-0.851260781288147
15173,20,-1.4790046215057373
15174,28,-0.2935311794281006
15175,19,-1.5941494703292847
15176,26,-0.5674545764923096
15177,2,-2.7357804775238037
15178,18,-1.7601343393325806
15179,19,-1.6335248947143555
15180,24,-0.9860342741012573
15181,16,-1.8662731647491455
15182,15,-1.9579637050628662
15183,25,-0.7881531715393066
15184,17,-1.8221023082733154
15185,24,-0.9372872114181519
15186,16,-1.9175231456756592
15187,18,-1.7131510972976685
15188,22,-1.2751654386520386
15189,22,-1.2175366878509521
15190,26,-0.611210823059082
15191,19,-1.6048632860183716
15192,22,-1.220670223236084
15193,27,-0.46523332595825195
15194,27,-0.39116036891937256
15195,25,-0.8016349077224731
15196,27,-0.4549027681350708
15197,18,-1.6837501525878906
15198,17,-1.8143322467803955
15199,25,-0.7441176176071167
15200,19,-1.580306053161621
15201,11,-2.214362859725952
15202,24,-0.8874770402908325
15203,15,-1.9385764598846436
15204,23,-1.0775432586669922
15205,21,-1.4478094577789307
15206,24,-0.9440473318099976
15207,22,-1.2132965326309204
15208,24,-0.9544433355331421
15209,15,-1.9446834325790405
15210,19,-1.6570544242858887
15211,28,-0.1600968837738037
15212,27,-0.4991966485977173
15213,22,-1.2505064010620117
15214,26,-0.5016311407089233
15215,19,-1.5868489742279053
15216,19,-1.6296589374542236
15217,20,-1.5757484436035156
15218,24,-0.9253531694412231
15219,19,-1.6309561729431152
15220,26,-0.5016998052597046
15221,18,-1.7709288597106934
15222,25,-0.877596378326416
15223,17,-1.8528722524642944
15224,15,-1.9916605949401855
15225,15,-1.94136643409729
15226,20,-1.496908187866211
15227,15,-1.9859782457351685
15228,24,-1.0106005668640137
15229,28,-0.31229209899902344
15230,25,-0.7747492790222168
15231,27,-0.4157719612121582
15232,18,-1.6974620819091797
15233,20,-1.5607664585113525
15234,23,-1.18230402469635
15235,17,-1.8338572978973389
15236,20,-1.4866652488708496
15237,29,-0.0897824764251709
15238,12,-2.174739122390747
15239,15,-2.000054359436035
15240,30,0.09490633010864258
15241,24,-0.9881525039672852
15242,19,-1.607356309890747
15243,30,0.05096888542175293
15244,23,-1.1783679723739624
15245,22,-1.2943894863128662
15246,19,-1.6652345657348633
15247,20,-1.5532472133636475
15248,19,-1.6072468757629395
15249,17,-1.8008935451507568
15250,19,-1.6748954057693481
15251,25,-0.7347533702850342
15252,21,-1.3547978401184082
15253,23,-1.2026995420455933
15254,18,-1.7334301471710205
15255,16,-1.9083888530731201
15256,30,0.029711484909057617
15257,27,-0.4995063543319702
15258,22,-1.3050645589828491
15259,23,-1.1113154888153076
15260,30,0.042284488677978516
15261,19,-1.6121594905853271
15262,17,-1.8553916215896606
15263,18,-1.716428518295288
15264,27,-0.4081723690032959
15265,19,-1.6644936800003052
15266,21,-1.4538168907165527
15267,26,-0.6349996328353882
15268,27,-0.45932185649871826
15269,18,-1.743599772453308
15270,23,-1.142212152481079
15271,25,-0.7495970726013184
15272,18,-1.7202434539794922
15273,27,-0.4878789186477661
15274,16,-1.8950657844543457
15275,21,-1.4264838695526123
15276,18,-1.7047535181045532
15277,26,-0.6755282878875732
15278,23,-1.1065059900283813
15279,20,-1.5028927326202393
15280,21,-1.3454315662384033
15281,21,-1.404604434967041
15282,29,-0.13773488998413086
15283,26,-0.61156165599823
15284,25,-0.7768490314483643
15285,26,-0.6762537956237793
15286,19,-1.6544430255889893
15287,27,-0.43230366706848145
15288,27,-0.3513537645339966
15289,16,-1.8966333866119385
15290,21,-1.4544693231582642
15291,21,-1.3816115856170654
15292,19,-1.6566801071166992
15293,14,-2.045711040496826
15294,15,-1.9930627346038818
15295,19,-1.6737746000289917
15296,17,-1.8487098217010498
15297,21,-1.3539488315582275
15298,26,-0.5602319240570068
15299,22,-1.2498027086257935
15300,20,-1.501049280166626
15301,15,-2.004774808883667
15302,24,-0.8820821046829224
15303,17,-1.8448292016983032
15304,22,-1.3360768556594849
15305,24,-0.8855409622192383
15306,25,-0.7998919486999512
15307,15,-1.935288906097412
15308,22,-1.2349127531051636
15309,25,-0.854971170425415
15310,26,-0.5574377775192261
15311,18,-1.7360706329345703
15312,17,-1.8073506355285645
15313,24,-0.9687070846557617
15314,13,-2.110264539718628
15315,5,-2.548593521118164
15316,23,-1.1409162282943726
15317,22,-1.2493003606796265
15318,21,-1.4459717273712158
15319,20,-1.5028846263885498
15320,19,-1.6633758544921875
15321,22,-1.2918435335159302
15322,20,-1.5761935710906982
15323,16,-1.88045072555542
15324,21,-1.3897652626037598
15325,22,-1.2426093816757202
15326,24,-1.0090618133544922
15327,19,-1.6013379096984863
15328,15,-1.99037766456604
15329,18,-1.7704644203186035
15330,22,-1.2206002473831177
15331,25,-0.8264502286911011
15332,25,-0.8640186786651611
15333,17,-1.8100444078445435
15334,14,-2.0532641410827637
15335,19,-1.637510895729065
15336,15,-1.966657280921936
15337,23,-1.114328145980835
15338,17,-1.821136474609375
15339,27,-0.4981788396835327
15340,23,-1.1637401580810547
15341,16,-1.8890763521194458
15342,21,-1.3860441446304321
15343,25,-0.8376344442367554
15344,21,-1.4126617908477783
15345,21,-1.344257116317749
15346,22,-1.2772057056427002
15347,17,-1.821662187576294
15348,16,-1.9151976108551025
15349,30,0.12995338439941406
15350,24,-0.997305154800415
15351,20,-1.574974536895752
15352,23,-1.0693793296813965
15353,28,-0.20828461647033691
15354,26,-0.6244488954544067
15355,20,-1.4704957008361816
15356,17,-1.7844538688659668
15357,25,-0.7451561689376831
15358,21,-1.3955351114273071
15359,23,-1.1586681604385376
15360,24,-0.9064674377441406
15361,21,-1.4062557220458984
15362,24,-0.9545491933822632
15363,19,-1.5960338115692139
15364,29,-0.06280207633972168
15365,21,-1.4589340686798096
15366,21,-1.3982532024383545
15367,13,-2.088773250579834
15368,16,-1.931325078010559
15369,20,-1.5145472288131714
15370,21,-1.4068925380706787
15371,25,-0.8583152294158936
15372,25,-0.8066314458847046
15373,20,-1.4753618240356445
15374,25,-0.7755422592163086
15375,25,-0.7196987867355347
15376,27,-0.4934396743774414
15377,14,-2.0117835998535156
15378,22,-1.2175933122634888
15379,20,-1.5762388706207275
15380,28,-0.2761383056640625
15381,22,-1.3047758340835571
15382,28,-0.26826953887939453
15383,25,-0.7775512933731079
15384,28,-0.1847977638244629
15385,7,-2.460948944091797
15386,28,-0.28965306282043457
15387,26,-0.6249737739562988
15388,16,-1.8973610401153564
15389,25,-0.7870098352432251
15390,18,-1.7349019050598145
15391,16,-1.883890151977539
15392,20,-1.5013155937194824
15393,24,-0.9057615995407104
15394,28,-0.2861912250518799
15395,20,-1.5714442729949951
15396,25,-0.7011407613754272
15397,26,-0.5604393482208252
15398,20,-1.525861382484436
15399,23,-1.159767746925354
15400,25,-0.8458465337753296
15401,28,-0.21025800704956055
15402,25,-0.7497806549072266
15403,20,-1.4811186790466309
15404,24,-0.9145559072494507
15405,24,-0.9349981546401978
15406,17,-1.838168978691101
15407,19,-1.647339105606079
15408,22,-1.2164267301559448
15409,22,-1.2852119207382202
15410,23,-1.1723830699920654
15411,19,-1.5837149620056152
15412,26,-0.6049354076385498
15413,23,-1.078494906425476
15414,26,-0.6777673959732056
15415,27,-0.38021624088287354
15416,24,-0.9923999309539795
15417,24,-0.9043315649032593
15418,16,-1.8855119943618774
15419,16,-1.9183778762817383
15420,27,-0.3818960189819336
15421,26,-0.585476279258728
15422,24,-0.9662563800811768
15423,26,-0.5036745071411133
15424,17,-1.7919132709503174
15425,23,-1.078351378440857
15426,20,-1.4802439212799072
15427,21,-1.4533731937408447
15428,27,-0.4979926347732544
15429,24,-0.9842312335968018
15430,12,-2.1667609214782715
15431,27,-0.4239790439605713
15432,22,-1.208033561706543
15433,22,-1.3225914239883423
15434,18,-1.727074384689331
15435,28,-0.18959975242614746
15436,15,-1.955525517463684
15437,22,-1.304516315460205
15438,26,-0.5702159404754639
15439,17,-1.7768155336380005
15440,9,-2.35699725151062
15441,28,-0.16480755805969238
15442,28,-0.17657136917114258
15443,19,-1.6276781558990479
15444,3,-2.6660451889038086
15445,16,-1.861894965171814
15446,18,-1.7103374004364014
15447,19,-1.654229760169983
15448,20,-1.5139005184173584
15449,17,-1.8512048721313477
15450,28,-0.3203403949737549
15451,27,-0.49836182594299316
15452,26,-0.6097413301467896
15453,22,-1.2065328359603882
15454,26,-0.6210415363311768
15455,20,-1.4670994281768799
15456,25,-0.7671918869018555
15457,23,-1.085013747215271
15458,18,-1.6989035606384277
15459,16,-1.922451138496399
15460,25,-0.7950359582901001
15461,13,-2.122134208679199
15462,15,-1.9449129104614258
15463,19,-1.611560583114624
15464,20,-1.5541722774505615
15465,24,-1.005868673324585
15466,19,-1.6507470607757568
15467,21,-1.4217491149902344
15468,30,-0.007967710494995117
15469,24,-0.886479377746582
15470,23,-1.0992352962493896
15471,17,-1.8304359912872314
15472,14,-2.0718116760253906
15473,29,-0.035286903381347656
15474,17,-1.8082671165466309
15475,20,-1.5178306102752686
15476,15,-1.9877432584762573
15477,16,-1.896420955657959
15478,24,-1.0389745235443115
15479,27,-0.36151814460754395
15480,28,-0.17694568634033203
15481,24,-1.0202926397323608
15482,27,-0.38640308380126953
15483,26,-0.6851452589035034
15484,27,-0.48452043533325195
15485,27,-0.34143364429473877
15486,26,-0.5384155511856079
15487,23,-1.0455098152160645
15488,16,-1.8953677415847778
15489,23,-1.1029826402664185
15490,30,0.042781829833984375
15491,25,-0.8328045606613159
15492,22,-1.2200183868408203
15493,26,-0.5968124866485596
15494,24,-0.8911019563674927
15495,26,-0.550708532333374
15496,23,-1.1415451765060425
15497,25,-0.7785471677780151
15498,19,-1.640758752822876
15499,23,-1.1945586204528809
15500,5,-2.5301592350006104
15501,3,-2.692798614501953
15502,23,-1.1705387830734253
15503,20,-1.5530493259429932
15504,21,-1.3748290538787842
15505,24,-0.9197288751602173
15506,15,-1.9946057796478271
15507,24,-0.9546293020248413
15508,20,-1.5294687747955322
15509,24,-0.914696455001831
15510,25,-0.7834681272506714
15511,21,-1.3534560203552246
15512,17,-1.823298692703247
15513,25,-0.8354687690734863
15514,21,-1.3977056741714478
15515,4,-2.5918283462524414
15516,23,-1.1034148931503296
15517,21,-1.3690369129180908
15518,21,-1.3696353435516357
15519,18,-1.752474308013916
15520,23,-1.079466462135315
15521,19,-1.605505108833313
15522,28,-0.25130653381347656
15523,25,-0.8216835260391235
15524,15,-1.9435170888900757
15525,20,-1.5032947063446045
15526,23,-1.1524766683578491
15527,25,-0.8138464689254761
15528,20,-1.4775182008743286
15529,19,-1.6409850120544434
15530,26,-0.6472897529602051
15531,21,-1.433720350265503
15532,30,-0.0071070194244384766
15533,18,-1.7624214887619019
15534,19,-1.6418359279632568
15535,16,-1.860519289970398
15536,19,-1.6348594427108765
15537,19,-1.6240684986114502
15538,22,-1.2203173637390137
15539,25,-0.7371453046798706
15540,26,-0.5467211008071899
15541,27,-0.44712555408477783
15542,23,-1.1459537744522095
15543,22,-1.3388816118240356
15544,19,-1.637398600578308
15545,26,-0.5087382793426514
15546,20,-1.5316016674041748
15547,20,-1.5284184217453003
15548,25,-0.7391171455383301
15549,28,-0.24621844291687012
15550,18,-1.6785986423492432
15551,24,-0.9816076755523682
15552,17,-1.7926487922668457
15553,26,-0.5200715065002441
15554,30,0.10017919540405273
15555,23,-1.066882848739624
15556,19,-1.6173293590545654
15557,27,-0.4304044246673584
15558,26,-0.6192538738250732
15559,24,-0.9408321380615234
15560,25,-0.6947816610336304
15561,21,-1.3886797428131104
15562,14,-2.0115740299224854
15563,20,-1.4700264930725098
15564,19,-1.6657471656799316
15565,29,-0.07085418701171875
15566,24,-1.00810706615448
15567,28,-0.3151273727416992
15568,26,-0.5644222497940063
15569,21,-1.3707334995269775
15570,15,-1.9961891174316406
15571,21,-1.41082763671875
15572,25,-0.859771728515625
15573,29,-0.15686511993408203
15574,26,-0.5213624238967896
15575,29,-0.09637045860290527
15576,28,-0.19508600234985352
15577,26,-0.5709104537963867
15578,23,-1.0462138652801514
15579,22,-1.2496026754379272
15580,24,-1.0110002756118774
15581,26,-0.6613482236862183
15582,29,-0.04963207244873047
15583,20,-1.5570340156555176
15584,28,-0.1796419620513916
15585,25,-0.8665188550949097
15586,22,-1.2872565984725952
15587,15,-1.9484139680862427
15588,24,-1.011098861694336
15589,24,-1.0219682455062866
15590,25,-0.7673370838165283
15591,21,-1.4086134433746338
15592,25,-0.8604862689971924
15593,24,-1.0291723012924194
15594,19,-1.5808172225952148
15595,22,-1.3344199657440186
15596,26,-0.6166342496871948
15597,21,-1.437011480331421
15598,27,-0.3325437307357788
15599,21,-1.3865525722503662
15600,23,-1.0838347673416138
15601,22,-1.2866495847702026
15602,18,-1.7599849700927734
15603,19,-1.599717140197754
15604,26,-0.6182602643966675
15605,22,-1.2652568817138672
15606,16,-1.9290567636489868
15607,30,0.09611105918884277
15608,23,-1.0920380353927612
15609,21,-1.3582098484039307
15610,15,-1.9704524278640747
15611,18,-1.6802341938018799
15612,28,-0.2793009281158447
15613,26,-0.5244878530502319
15614,5,-2.5296096801757812
15615,19,-1.591658353805542
15616,21,-1.4229142665863037
15617,14,-2.032989501953125
15618,26,-0.557365894317627
15619,24,-0.988319993019104
15620,20,-1.5737664699554443
15621,21,-1.3583614826202393
15622,24,-0.9902881383895874
15623,23,-1.0570615530014038
15624,17,-1.7782785892486572
15625,21,-1.3615374565124512
15626,22,-1.2775332927703857
15627,18,-1.6994807720184326
15628,16,-1.879999041557312
15629,27,-0.46139276027679443
15630,23,-1.109815001487732
15631,22,-1.2369056940078735
15632,25,-0.8159483671188354
15633,22,-1.318798542022705
15634,16,-1.8788678646087646
15635,19,-1.6005727052688599
15636,28,-0.15990734100341797
15637,29,-0.10864400863647461
15638,23,-1.1938347816467285
15639,18,-1.7301640510559082
15640,19,-1.6739585399627686
15641,19,-1.6465082168579102
15642,5,-2.5475220680236816
15643,22,-1.2410387992858887
15644,21,-1.3991258144378662
15645,26,-0.5600939989089966
15646,23,-1.0735265016555786
15647,20,-1.5741746425628662
15648,29,-0.04748058319091797
15649,18,-1.700073003768921
15650,25,-0.7793219089508057
15651,24,-0.9164364337921143
15652,23,-1.14794921875
15653,25,-0.7565649747848511
15654,25,-0.8457202911376953
15655,18,-1.6874479055404663
15656,4,-2.6216394901275635
15657,23,-1.1039280891418457
15658,30,0.1107485294342041
15659,17,-1.8290146589279175
15660,21,-1.3711488246917725
15661,19,-1.5802299976348877
15662,15,-1.9822921752929688
15663,23,-1.086695909500122
15664,23,-1.175304651260376
15665,18,-1.7207281589508057
15666,24,-0.9804363250732422
15667,4,-2.621457576751709
15668,17,-1.7827048301696777
15669,24,-0.9400449991226196
15670,18,-1.6980032920837402
15671,25,-0.6971786022186279
15672,23,-1.0688830614089966
15673,24,-0.8923906087875366
15674,27,-0.4502464532852173
15675,23,-1.1497020721435547
15676,11,-2.2133870124816895
15677,28,-0.2782738208770752
15678,24,-0.9060375690460205
15679,23,-1.0479501485824585
15680,24,-0.918012261390686
15681,27,-0.3966994285583496
15682,22,-1.2029463052749634
15683,27,-0.476271390914917
15684,20,-1.5042786598205566
15685,18,-1.7316274642944336
15686,26,-0.617444634437561
15687,19,-1.6147489547729492
15688,13,-2.1024739742279053
15689,26,-0.661281943321228
15690,25,-0.8172309398651123
15691,26,-0.507542610168457
15692,23,-1.0864845514297485
15693,21,-1.3767521381378174
15694,29,-0.044251203536987305
15695,24,-0.9126136302947998
15696,21,-1.3910130262374878
15697,22,-1.2870709896087646
15698,21,-1.4580631256103516
15699,27,-0.32798993587493896
15700,30,0.11262011528015137
15701,20,-1.5025451183319092
15702,27,-0.3468935489654541
15703,26,-0.6318857669830322
15704,17,-1.8163114786148071
15705,24,-0.9202086925506592
15706,23,-1.2016738653182983
15707,29,-0.12165403366088867
15708,22,-1.3352034091949463
15709,18,-1.6962296962738037
15710,23,-1.0843392610549927
15711,21,-1.3578226566314697
15712,18,-1.6975359916687012
15713,26,-0.657544732093811
15714,17,-1.7887650728225708
15715,19,-1.5769133567810059
15716,26,-0.5039632320404053
15717,19,-1.6094496250152588
15718,22,-1.297761082649231
15719,25,-0.7314493656158447
15720,17,-1.7827011346817017
15721,14,-2.0239429473876953
15722,17,-1.8216160535812378
15723,28,-0.18495893478393555
15724,25,-0.8643450736999512
15725,4,-2.5855095386505127
15726,24,-0.9322875738143921
15727,26,-0.5091593265533447
15728,26,-0.6295582056045532
15729,20,-1.5559858083724976
15730,23,-1.1669001579284668
15731,20,-1.54892897605896
15732,26,-0.5641039609909058
15733,23,-1.202002763748169
15734,25,-0.8706138134002686
15735,16,-1.9088847637176514
15736,18,-1.6895546913146973
15737,21,-1.3931444883346558
15738,23,-1.1069954633712769
15739,17,-1.7997345924377441
15740,20,-1.493050217628479
15741,29,-0.1237189769744873
15742,14,-2.0662596225738525
15743,24,-1.040351152420044
15744,20,-1.474400281906128
15745,22,-1.3156447410583496
15746,18,-1.7538812160491943
15747,19,-1.5912413597106934
15748,18,-1.6852672100067139
15749,30,0.0334317684173584
15750,15,-1.9363141059875488
15751,23,-1.128542184829712
15752,23,-1.061445951461792
15753,21,-1.4205262660980225
15754,15,-2.0042197704315186
15755,22,-1.3224360942840576
15756,22,-1.308756947517395
15757,29,-0.026567697525024414
15758,20,-1.5322775840759277
15759,18,-1.6961979866027832
15760,24,-1.0398447513580322
15761,22,-1.2607331275939941
15762,16,-1.9236466884613037
15763,17,-1.8059669733047485
15764,22,-1.3108103275299072
15765,19,-1.6075941324234009
15766,29,-0.03930521011352539
15767,18,-1.6857028007507324
15768,21,-1.4112752676010132
15769,26,-0.5701149702072144
15770,25,-0.7560135126113892
15771,22,-1.240465760231018
15772,21,-1.3522138595581055
15773,26,-0.5656546354293823
15774,27,-0.46486151218414307
15775,24,-0.8988596200942993
15776,9,-2.344791889190674
15777,30,0.08611392974853516
15778,25,-0.7892109155654907
15779,18,-1.732255220413208
15780,26,-0.5609997510910034
15781,25,-0.8585853576660156
15782,28,-0.2620375156402588
15783,22,-1.3159573078155518
15784,21,-1.446923851966858
15785,5,-2.5442755222320557
15786,21,-1.4190607070922852
15787,25,-0.8286761045455933
15788,24,-1.041544795036316
15789,26,-0.5743013620376587
15790,22,-1.3368396759033203
15791,16,-1.8629237413406372
15792,20,-1.5009791851043701
15793,23,-1.0544166564941406
15794,24,-0.9379916191101074
15795,17,-1.7808599472045898
15796,19,-1.631786584854126
15797,21,-1.4649937152862549
15798,23,-1.1184161901474
15799,21,-1.4362742900848389
15800,22,-1.2633568048477173
15801,26,-0.6056957244873047
15802,19,-1.5953247547149658
15803,26,-0.6033722162246704
15804,17,-1.8332191705703735
15805,26,-0.6369836330413818
15806,3,-2.668426752090454
15807,17,-1.841629147529602
15808,24,-0.9893200397491455
15809,25,-0.8310993909835815
15810,21,-1.3835926055908203
15811,20,-1.466705322265625
15812,15,-1.9586715698242188
15813,25,-0.8038098812103271
15814,16,-1.8616584539413452
15815,17,-1.7810547351837158
15816,18,-1.6883561611175537
15817,18,-1.7082310914993286
15818,26,-0.623969554901123
15819,23,-1.120145559310913
15820,17,-1.8159120082855225
15821,19,-1.6580159664154053
15822,22,-1.2434003353118896
15823,25,-0.8035240173339844
15824,25,-0.8444924354553223
15825,19,-1.608783483505249
15826,21,-1.3768446445465088
15827,24,-0.9578865766525269
15828,11,-2.2134041786193848
15829,22,-1.2699164152145386
15830,24,-0.9912762641906738
15831,14,-2.0216317176818848
15832,22,-1.2613749504089355
15833,20,-1.5714514255523682
15834,18,-1.7472985982894897
15835,25,-0.8789863586425781
15836,26,-0.6014503240585327
15837,17,-1.778367042541504
15838,29,-0.08156728744506836
15839,25,-0.8514113426208496
15840,24,-1.03144109249115
15841,22,-1.335667610168457
15842,21,-1.342680811882019
15843,24,-0.9436681270599365
15844,22,-1.2348823547363281
15845,28,-0.2201244831085205
15846,23,-1.2019860744476318
15847,21,-1.3493871688842773
15848,19,-1.6021180152893066
15849,24,-0.9169927835464478
15850,26,-0.6400645971298218
15851,16,-1.9063050746917725
15852,24,-0.9450562000274658
15853,16,-1.873641014099121
15854,24,-0.982927680015564
15855,13,-2.1326541900634766
15856,30,0.1175081729888916
15857,17,-1.8526991605758667
15858,23,-1.1204551458358765
15859,12,-2.146899461746216
15860,20,-1.5041213035583496
15861,18,-1.6771221160888672
15862,25,-0.8543065786361694
15863,22,-1.2706854343414307
15864,11,-2.259284257888794
15865,30,-0.012933969497680664
15866,17,-1.7834110260009766
15867,25,-0.7829890251159668
15868,29,-0.01600360870361328
15869,30,0.11619424819946289
15870,23,-1.184012532234192
15871,25,-0.7220396995544434
15872,17,-1.7838069200515747
15873,26,-0.6522228717803955
15874,19,-1.5933754444122314
15875,29,-0.04211783409118652
15876,23,-1.04628324508667
15877,20,-1.5294616222381592
15878,16,-1.9095661640167236
15879,23,-1.193956732749939
15880,18,-1.7108209133148193
15881,23,-1.1434860229492188
15882,27,-0.43404245376586914
15883,18,-1.7317802906036377
15884,29,-0.11172914505004883
15885,25,-0.7015148401260376
15886,19,-1.6153963804244995
15887,23,-1.1299775838851929
15888,22,-1.2384365797042847
15889,23,-1.100454568862915
15890,21,-1.443912386894226
15891,14,-2.064676284790039
15892,23,-1.118371605873108
15893,18,-1.7473746538162231
15894,25,-0.7048375606536865
15895,27,-0.44638752937316895
15896,18,-1.7391884326934814
15897,15,-1.95353102684021
15898,18,-1.7047114372253418
15899,24,-1.0425400733947754
15900,18,-1.7285282611846924
15901,23,-1.0817700624465942
15902,26,-0.5522382259368896
15903,29,-0.08399510383605957
15904,22,-1.2358802556991577
15905,23,-1.1089664697647095
15906,30,0.08130335807800293
15907,19,-1.6102871894836426
15908,20,-1.567146897315979
15909,21,-1.453139305114746
15910,23,-1.1737992763519287
15911,19,-1.6686227321624756
15912,24,-0.9787499904632568
15913,22,-1.3253564834594727
15914,25,-0.8300546407699585
15915,21,-1.4118812084197998
15916,22,-1.224645733833313
15917,25,-0.8039746284484863
15918,17,-1.8545668125152588
15919,30,0.0950477123260498
15920,20,-1.5155508518218994
15921,24,-0.937504768371582
15922,23,-1.0929619073867798
15923,4,-2.609755039215088
15924,26,-0.5175316333770752
15925,22,-1.270049810409546
15926,20,-1.541250467300415
15927,4,-2.609778881072998
15928,20,-1.5109314918518066
15929,27,-0.4009479284286499
15930,24,-0.8952867984771729
15931,24,-0.9877208471298218
15932,22,-1.3169946670532227
15933,23,-1.1835606098175049
15934,16,-1.870171308517456
15935,19,-1.6462501287460327
15936,25,-0.7065377235412598
15937,19,-1.6098517179489136
15938,24,-0.9250963926315308
15939,22,-1.2071744203567505
15940,30,0.05495905876159668
15941,25,-0.7396676540374756
15942,25,-0.8547676801681519
15943,15,-1.9508925676345825
15944,16,-1.9244335889816284
15945,27,-0.3819466829299927
15946,25,-0.7247902154922485
15947,24,-1.0397427082061768
15948,22,-1.316540002822876
15949,17,-1.8290228843688965
15950,22,-1.3098649978637695
15951,26,-0.5620343685150146
15952,21,-1.4337937831878662
15953,27,-0.45560741424560547
15954,26,-0.500691294670105
15955,20,-1.541198968887329
15956,19,-1.619878888130188
15957,22,-1.2704299688339233
15958,23,-1.0956000089645386
15959,20,-1.4797112941741943
15960,26,-0.6568886041641235
15961,18,-1.751183271408081
15962,19,-1.6153545379638672
15963,27,-0.49875497817993164
15964,20,-1.4719821214675903
15965,27,-0.35565268993377686
15966,18,-1.7593650817871094
15967,21,-1.383580207824707
15968,22,-1.2678028345108032
15969,28,-0.2283773422241211
15970,14,-2.062164783477783
15971,27,-0.3559678792953491
15972,23,-1.1209715604782104
15973,21,-1.4530413150787354
15974,17,-1.8521745204925537
15975,20,-1.5722438097000122
15976,27,-0.4284694194793701
15977,23,-1.0571978092193604
15978,20,-1.5713162422180176
15979,22,-1.2704235315322876
15980,19,-1.640092134475708
15981,27,-0.34039294719696045
15982,24,-0.8878995180130005
15983,17,-1.8339989185333252
15984,17,-1.785334825515747
15985,24,-0.8952318429946899
15986,20,-1.567150592803955
15987,27,-0.4031050205230713
15988,20,-1.5094740390777588
15989,20,-1.502055048942566
15990,26,-0.6015703678131104
15991,21,-1.3640713691711426
15992,20,-1.564996600151062
15993,26,-0.6679037809371948
15994,23,-1.1518441438674927
15995,20,-1.4845186471939087
15996,25,-0.7855525016784668
15997,15,-1.9809153079986572
15998,25,-0.7017496824264526
15999,30,0.02725672721862793
16000,30,0.030218124389648438
16001,18,-1.740818977355957
16002,30,0.03450655937194824
16003,20,-1.4737690687179565
16004,22,-1.2334096431732178
16005,20,-1.4913029670715332
16006,26,-0.6556657552719116
16007,26,-0.5023047924041748
16008,25,-0.7723629474639893
16009,24,-0.9312077760696411
16010,28,-0.21165823936462402
16011,15,-1.9422757625579834
16012,20,-1.507171630859375
16013,11,-2.2514960765838623
16014,29,-0.02052760124206543
16015,15,-2.007112979888916
16016,21,-1.4245963096618652
16017,19,-1.626936435699463
16018,25,-0.8232853412628174
16019,14,-2.0239765644073486
16020,24,-0.9856926202774048
16021,17,-1.838758945465088
16022,26,-0.5078510046005249
16023,25,-0.7074750661849976
16024,28,-0.1676034927368164
16025,22,-1.2786182165145874
16026,28,-0.2883749008178711
16027,21,-1.4621490240097046
16028,27,-0.35552120208740234
16029,24,-0.8963825702667236
16030,19,-1.6078712940216064
16031,26,-0.5677319765090942
16032,24,-0.9007594585418701
16033,27,-0.3272131681442261
16034,22,-1.207576036453247
16035,26,-0.6461324691772461
16036,24,-1.0170059204101562
16037,26,-0.5309044122695923
16038,23,-1.163150429725647
16039,17,-1.8459086418151855
16040,23,-1.0704344511032104
16041,20,-1.513085126876831
16042,24,-0.9736454486846924
16043,27,-0.36462604999542236
16044,15,-2.005507707595825
16045,26,-0.6835798025131226
16046,29,-0.153822660446167
16047,28,-0.29040956497192383
16048,26,-0.6423743963241577
16049,26,-0.640122652053833
16050,25,-0.7595168352127075
16051,23,-1.127638578414917
16052,26,-0.6398661136627197
16053,19,-1.651112675666809
16054,18,-1.737633466720581
16055,21,-1.4517204761505127
16056,26,-0.6243228912353516
16057,22,-1.2771919965744019
16058,23,-1.1998755931854248
16059,30,0.10253238677978516
16060,28,-0.22679591178894043
16061,27,-0.4888678789138794
16062,20,-1.4990060329437256
16063,17,-1.7789835929870605
16064,24,-1.008628487586975
16065,28,-0.319278359413147
16066,19,-1.5991493463516235
16067,23,-1.1251288652420044
16068,22,-1.308447241783142
16069,25,-0.8127437829971313
16070,24,-1.0199326276779175
16071,22,-1.27621328830719
16072,23,-1.100632905960083
16073,26,-0.6088132858276367
16074,29,-0.09999489784240723
16075,24,-0.9061423540115356
16076,18,-1.7212696075439453
16077,17,-1.8455018997192383
16078,22,-1.333606243133545
16079,26,-0.6375720500946045
16080,28,-0.1721649169921875
16081,17,-1.7755751609802246
16082,23,-1.149139165878296
16083,20,-1.5285685062408447
16084,21,-1.4583823680877686
16085,20,-1.5575488805770874
16086,19,-1.6695834398269653
16087,2,-2.7528791427612305
16088,24,-0.9228932857513428
16089,22,-1.3055044412612915
16090,27,-0.34509944915771484
16091,13,-2.0788750648498535
16092,27,-0.3624114990234375
16093,25,-0.8005887269973755
16094,7,-2.453857898712158
16095,25,-0.7417168617248535
16096,27,-0.458370566368103
16097,20,-1.5555675029754639
16098,21,-1.3419946432113647
16099,26,-0.6609123945236206
16100,26,-0.6305433511734009
16101,22,-1.2860044240951538
16102,25,-0.7506991624832153
16103,21,-1.4390738010406494
16104,18,-1.7084331512451172
16105,24,-0.9883831739425659
16106,24,-0.9792540073394775
16107,16,-1.9305365085601807
16108,6,-2.4915223121643066
16109,20,-1.4817177057266235
16110,27,-0.4182548522949219
16111,17,-1.8578741550445557
16112,24,-0.8941612243652344
16113,28,-0.2535512447357178
16114,28,-0.32260358333587646
16115,22,-1.2384523153305054
16116,8,-2.4002511501312256
16117,20,-1.5567615032196045
16118,20,-1.4790292978286743
16119,27,-0.3699829578399658
16120,24,-0.8928486108779907
16121,22,-1.3243207931518555
16122,27,-0.3868616819381714
16123,24,-1.0161763429641724
16124,20,-1.5377768278121948
16125,21,-1.4046156406402588
16126,17,-1.7971550226211548
16127,22,-1.299749732017517
16128,26,-0.6773824691772461
16129,20,-1.5497932434082031
16130,18,-1.7725610733032227
16131,16,-1.8761320114135742
16132,27,-0.4759408235549927
16133,30,0.09162640571594238
16134,26,-0.6503926515579224
16135,30,0.04478645324707031
16136,17,-1.813744306564331
16137,22,-1.3337470293045044
16138,19,-1.640892505645752
16139,22,-1.2170979976654053
16140,22,-1.31007719039917
16141,19,-1.6175267696380615
16142,23,-1.2014745473861694
16143,21,-1.4139106273651123
16144,18,-1.6912384033203125
16145,26,-0.6564912796020508
16146,26,-0.6820406913757324
16147,26,-0.6383843421936035
16148,25,-0.7774147987365723
16149,21,-1.463112473487854
16150,25,-0.7273383140563965
16151,27,-0.4403587579727173
16152,17,-1.7986873388290405
16153,20,-1.5188322067260742
16154,20,-1.5087809562683105
16155,23,-1.0535002946853638
16156,25,-0.8378351926803589
16157,20,-1.485723853111267
16158,28,-0.2093031406402588
16159,24,-0.9660953283309937
16160,22,-1.2595714330673218
16161,30,0.04687023162841797
16162,22,-1.2556325197219849
16163,21,-1.405724287033081
16164,15,-1.9874460697174072
16165,21,-1.4379973411560059
16166,24,-0.9685771465301514
16167,25,-0.69718337059021
16168,27,-0.3863663673400879
16169,22,-1.2373450994491577
16170,21,-1.3856598138809204
16171,18,-1.7253715991973877
16172,23,-1.1232264041900635
16173,19,-1.6721632480621338
16174,29,-0.12983942031860352
16175,26,-0.534403920173645
16176,24,-1.020094394683838
16177,29,-0.06602597236633301
16178,22,-1.3258832693099976
16179,30,0.10273361206054688
16180,23,-1.093614935874939
16181,24,-0.9044713973999023
16182,17,-1.840054988861084
16183,23,-1.165151834487915
16184,16,-1.8762426376342773
16185,14,-2.040120840072632
16186,28,-0.258617639541626
16187,26,-0.600895881652832
16188,28,-0.2334914207458496
16189,24,-0.9399369955062866
16190,22,-1.2902555465698242
16191,27,-0.40092217922210693
16192,22,-1.2777050733566284
16193,24,-1.0407538414001465
16194,29,-0.0943453311920166
16195,19,-1.597495675086975
16196,12,-2.190821647644043
16197,23,-1.108728051185608
16198,4,-2.5815978050231934
16199,21,-1.391951084136963
16200,23,-1.1053111553192139
16201,22,-1.249131679534912
16202,26,-0.6733227968215942
16203,19,-1.592755913734436
16204,27,-0.48264777660369873
16205,24,-1.0279440879821777
16206,27,-0.4417651891708374
16207,30,0.026340246200561523
16208,23,-1.0886080265045166
16209,23,-1.0842716693878174
16210,18,-1.7620387077331543
16211,22,-1.2088106870651245
16212,18,-1.697352647781372
16213,18,-1.70576012134552
16214,22,-1.2271672487258911
16215,25,-0.867851734161377
16216,29,-0.0703585147857666
16217,26,-0.645431637763977
16218,19,-1.6172370910644531
16219,22,-1.3390427827835083
16220,22,-1.2519426345825195
16221,28,-0.16959786415100098
16222,21,-1.4563214778900146
16223,27,-0.4564964771270752
16224,18,-1.700568437576294
16225,25,-0.8349356651306152
16226,28,-0.24925613403320312
16227,26,-0.6705746650695801
16228,28,-0.1726679801940918
16229,22,-1.216870903968811
16230,24,-0.9803749322891235
16231,25,-0.8595843315124512
16232,28,-0.19126272201538086
16233,29,-0.06211209297180176
16234,23,-1.1985198259353638
16235,24,-0.9232118129730225
16236,24,-0.9227786064147949
16237,22,-1.2530055046081543
16238,28,-0.25648975372314453
16239,20,-1.574974536895752
16240,22,-1.2038453817367554
16241,23,-1.0896376371383667
16242,23,-1.059745192527771
16243,21,-1.3906289339065552
16244,16,-1.9148156642913818
16245,25,-0.7680654525756836
16246,10,-2.280241012573242
16247,17,-1.8058154582977295
16248,29,-0.039148569107055664
16249,26,-0.5091023445129395
16250,29,-0.15633535385131836
16251,23,-1.1038753986358643
16252,26,-0.5278915166854858
16253,22,-1.2315605878829956
16254,25,-0.7717738151550293
16255,17,-1.8270071744918823
16256,27,-0.479290246963501
16257,26,-0.6819709539413452
16258,25,-0.8418034315109253
16259,26,-0.614328145980835
16260,25,-0.7232396602630615
16261,29,-0.13389372825622559
16262,22,-1.3322925567626953
16263,21,-1.376966953277588
16264,28,-0.3013885021209717
16265,16,-1.8644105195999146
16266,26,-0.5365512371063232
16267,25,-0.7451207637786865
16268,9,-2.317662477493286
16269,26,-0.5662600994110107
16270,28,-0.19974112510681152
16271,18,-1.726008415222168
16272,24,-0.9504103660583496
16273,25,-0.8747158050537109
16274,24,-0.8913168907165527
16275,19,-1.6618632078170776
16276,25,-0.824323296546936
16277,23,-1.0511406660079956
16278,27,-0.4242689609527588
16279,26,-0.6333823204040527
16280,29,-0.14379286766052246
16281,19,-1.6339893341064453
16282,28,-0.15905380249023438
16283,20,-1.5645668506622314
16284,22,-1.2881721258163452
16285,24,-1.007933497428894
16286,21,-1.456268548965454
16287,18,-1.6937757730484009
16288,24,-0.9356135129928589
16289,21,-1.4391999244689941
16290,24,-1.0244393348693848
16291,18,-1.723146677017212
16292,19,-1.6441378593444824
16293,16,-1.8942863941192627
16294,23,-1.1224007606506348
16295,22,-1.2029023170471191
16296,20,-1.5262377262115479
16297,20,-1.4691436290740967
16298,30,0.12047004699707031
16299,27,-0.4501674175262451
16300,23,-1.0473381280899048
16301,18,-1.7393403053283691
16302,21,-1.4495012760162354
16303,23,-1.098212480545044
16304,19,-1.6481561660766602
16305,24,-0.9719101190567017
16306,24,-0.9868288040161133
16307,26,-0.6031204462051392
16308,27,-0.4468698501586914
16309,29,-0.11652970314025879
16310,21,-1.347217082977295
16311,24,-1.010611891746521
16312,27,-0.3488645553588867
16313,18,-1.6974207162857056
16314,24,-1.0318008661270142
16315,29,-0.07937049865722656
16316,23,-1.1833910942077637
16317,23,-1.053464412689209
16318,26,-0.5599546432495117
16319,20,-1.5531513690948486
16320,19,-1.6572948694229126
16321,23,-1.0911167860031128
16322,26,-0.6656019687652588
16323,23,-1.0532987117767334
16324,23,-1.2008754014968872
16325,8,-2.3884098529815674
16326,22,-1.2602595090866089
16327,24,-0.8979636430740356
16328,25,-0.7310229539871216
16329,23,-1.1543411016464233
16330,22,-1.3360264301300049
16331,24,-0.9652732610702515
16332,23,-1.0563849210739136
16333,20,-1.5228209495544434
16334,24,-0.9814844131469727
16335,23,-1.1784756183624268
16336,26,-0.5027916431427002
16337,30,0.011767148971557617
16338,20,-1.5028148889541626
16339,25,-0.8741823434829712
16340,22,-1.2795521020889282
16341,26,-0.6004873514175415
16342,21,-1.3707001209259033
16343,27,-0.34927070140838623
16344,23,-1.064232349395752
16345,22,-1.322517991065979
16346,22,-1.2837485074996948
16347,26,-0.599084734916687
16348,23,-1.108949899673462
16349,22,-1.282935619354248
16350,27,-0.3720310926437378
16351,19,-1.5786958932876587
16352,22,-1.3287699222564697
16353,22,-1.2968980073928833
16354,21,-1.3519843816757202
16355,6,-2.479574680328369
16356,18,-1.765159249305725
16357,20,-1.5420128107070923
16358,18,-1.7434308528900146
16359,25,-0.7425260543823242
16360,26,-0.5067440271377563
16361,20,-1.5514674186706543
16362,21,-1.4258716106414795
16363,29,-0.06335091590881348
16364,29,-0.07494211196899414
16365,27,-0.45114433765411377
16366,23,-1.1312613487243652
16367,18,-1.6884028911590576
16368,20,-1.5578111410140991
16369,19,-1.593451976776123
16370,28,-0.26509976387023926
16371,27,-0.4878220558166504
16372,18,-1.6853351593017578
16373,25,-0.7923129796981812
16374,17,-1.7996548414230347
16375,24,-0.9286191463470459
16376,26,-0.6308649778366089
16377,15,-1.9585800170898438
16378,23,-1.1395885944366455
16379,25,-0.8504889011383057
16380,26,-0.68080735206604
16381,27,-0.34843993186950684
16382,22,-1.238184928894043
16383,28,-0.2918429374694824
16384,25,-0.7934528589248657
16385,20,-1.5280771255493164
16386,26,-0.6717132329940796
16387,22,-1.2264612913131714
16388,23,-1.1778476238250732
16389,25,-0.7905172109603882
16390,17,-1.7795917987823486
16391,19,-1.5794137716293335
16392,24,-0.9137125015258789
16393,30,0.12745094299316406
16394,25,-0.7829997539520264
16395,19,-1.5814634561538696
16396,24,-1.0317509174346924
16397,28,-0.2934434413909912
16398,19,-1.588308334350586
16399,29,-0.05591607093811035
16400,22,-1.332197904586792
16401,24,-0.8950269222259521
16402,21,-1.4165940284729004
16403,27,-0.46569323539733887
16404,24,-1.0133858919143677
16405,21,-1.3672940731048584
16406,21,-1.4459421634674072
16407,17,-1.7985596656799316
16408,19,-1.5871840715408325
16409,17,-1.848075032234192
16410,22,-1.2867469787597656
16411,24,-0.9765245914459229
16412,27,-0.397311806678772
16413,25,-0.8377794027328491
16414,25,-0.7168065309524536
16415,27,-0.4896376132965088
16416,23,-1.16973078250885
16417,25,-0.7970031499862671
16418,25,-0.7492568492889404
16419,26,-0.6711870431900024
16420,25,-0.7284815311431885
16421,16,-1.8781715631484985
16422,22,-1.2215367555618286
16423,25,-0.7379916906356812
16424,30,0.1318359375
16425,3,-2.639639377593994
16426,11,-2.224090099334717
16427,24,-0.947513222694397
16428,23,-1.1201032400131226
16429,28,-0.24308443069458008
16430,20,-1.5383555889129639
16431,25,-0.7642287015914917
16432,20,-1.5511987209320068
16433,28,-0.17987632751464844
16434,22,-1.3276325464248657
16435,20,-1.4768277406692505
16436,18,-1.7732226848602295
16437,27,-0.33559131622314453
16438,20,-1.5536365509033203
16439,20,-1.5539441108703613
16440,26,-0.5872777700424194
16441,29,-0.11030030250549316
16442,23,-1.1938579082489014
16443,21,-1.3433318138122559
16444,27,-0.4232276678085327
16445,27,-0.4506072998046875
16446,26,-0.5958906412124634
16447,26,-0.6930118799209595
16448,27,-0.36662721633911133
16449,30,0.11485552787780762
16450,29,-0.042170047760009766
16451,17,-1.8091394901275635
16452,26,-0.6661278009414673
16453,24,-0.9137630462646484
16454,23,-1.1238499879837036
16455,12,-2.188387870788574
16456,27,-0.37333202362060547
16457,23,-1.1355693340301514
16458,20,-1.5343878269195557
16459,22,-1.2216708660125732
16460,24,-0.9903614521026611
16461,24,-0.9252802133560181
16462,17,-1.8068546056747437
16463,24,-0.9365949630737305
16464,19,-1.5887703895568848
16465,27,-0.40435659885406494
16466,23,-1.176476240158081
16467,25,-0.7094365358352661
16468,22,-1.3162381649017334
16469,27,-0.4641822576522827
16470,21,-1.3619163036346436
16471,22,-1.310011625289917
16472,21,-1.3954541683197021
16473,20,-1.5323433876037598
16474,19,-1.5841526985168457
16475,18,-1.6895761489868164
16476,20,-1.513758897781372
16477,24,-0.8967142105102539
16478,27,-0.3529036045074463
16479,20,-1.5426383018493652
16480,7,-2.4529030323028564
16481,30,0.0007121562957763672
16482,23,-1.066677451133728
16483,16,-1.8795812129974365
16484,20,-1.4746180772781372
16485,25,-0.8010150194168091
16486,16,-1.9175705909729004
16487,24,-0.881791353225708
16488,22,-1.2166721820831299
16489,23,-1.128542423248291
16490,23,-1.0764931440353394
16491,23,-1.1560662984848022
16492,19,-1.6620389223098755
16493,21,-1.377650499343872
16494,22,-1.236363410949707
16495,24,-0.9172214269638062
16496,30,0.05695056915283203
16497,26,-0.6456819772720337
16498,23,-1.0733113288879395
16499,28,-0.30272626876831055
16500,27,-0.44070398807525635
16501,27,-0.41879332065582275
16502,10,-2.316135883331299
16503,23,-1.17840576171875
16504,23,-1.102894902229309
16505,27,-0.40935277938842773
16506,24,-1.038773775100708
16507,22,-1.2121598720550537
16508,22,-1.330893874168396
16509,24,-0.9041048288345337
16510,24,-1.0345185995101929
16511,21,-1.3669769763946533
16512,25,-0.8558412790298462
16513,22,-1.217461109161377
16514,26,-0.5112941265106201
16515,20,-1.5611143112182617
16516,22,-1.2453924417495728
16517,24,-1.022754430770874
16518,27,-0.36632633209228516
16519,25,-0.8421801328659058
16520,21,-1.3571224212646484
16521,29,-0.09426999092102051
16522,27,-0.4727342128753662
16523,23,-1.0553878545761108
16524,28,-0.18308663368225098
16525,25,-0.8433657884597778
16526,26,-0.5111640691757202
16527,27,-0.4255521297454834
16528,17,-1.825781226158142
16529,24,-0.9096747636795044
16530,22,-1.2507299184799194
16531,30,0.11906886100769043
16532,24,-1.0138832330703735
16533,28,-0.19842195510864258
16534,23,-1.059296727180481
16535,28,-0.3068654537200928
16536,28,-0.1822798252105713
16537,18,-1.7007932662963867
16538,22,-1.2378315925598145
16539,24,-0.9534399509429932
16540,24,-0.8887350559234619
16541,23,-1.1299166679382324
16542,25,-0.8427839279174805
16543,24,-0.94377601146698
16544,27,-0.37211930751800537
16545,23,-1.0804930925369263
16546,28,-0.2537095546722412
16547,14,-2.0092594623565674
16548,22,-1.267683506011963
16549,28,-0.24608516693115234
16550,22,-1.3141028881072998
16551,22,-1.216081142425537
16552,30,0.12267351150512695
16553,5,-2.5467724800109863
16554,14,-2.009723424911499
16555,26,-0.6285818815231323
16556,26,-0.641788125038147
16557,21,-1.3601524829864502
16558,29,-0.03680014610290527
16559,23,-1.1900907754898071
16560,30,0.09270477294921875
16561,26,-0.6395368576049805
16562,30,0.011661291122436523
16563,24,-0.9495766162872314
16564,27,-0.3309861421585083
16565,21,-1.351544976234436
16566,18,-1.7702746391296387
16567,24,-1.0228874683380127
16568,22,-1.2399711608886719
16569,23,-1.1686474084854126
16570,28,-0.2589125633239746
16571,23,-1.1648824214935303
16572,26,-0.5051696300506592
16573,27,-0.369564414024353
16574,25,-0.8280423879623413
16575,18,-1.76469087600708
16576,20,-1.5447027683258057
16577,24,-0.9969887733459473
16578,29,-0.11949634552001953
16579,22,-1.281626582145691
16580,29,-0.1278703212738037
16581,23,-1.155861258506775
16582,23,-1.1177583932876587
16583,26,-0.5867054462432861
16584,26,-0.5478969812393188
16585,22,-1.21009361743927
16586,25,-0.8368091583251953
16587,23,-1.0656863451004028
16588,20,-1.574755311012268
16589,24,-0.8979287147521973
16590,21,-1.3887032270431519
16591,26,-0.5850917100906372
16592,26,-0.5741207599639893
16593,23,-1.1178679466247559
16594,17,-1.7777689695358276
16595,23,-1.1431459188461304
16596,22,-1.22087824344635
16597,27,-0.43531572818756104
16598,28,-0.17637348175048828
16599,26,-0.6499567031860352
16600,19,-1.6200553178787231
16601,21,-1.4042017459869385
16602,20,-1.496957778930664
16603,30,0.02153754234313965
16604,30,0.12328457832336426
16605,30,-0.010256528854370117
16606,27,-0.4172794818878174
16607,17,-1.8245368003845215
16608,24,-1.0022690296173096
16609,22,-1.2438806295394897
16610,27,-0.3673797845840454
16611,26,-0.6167467832565308
16612,22,-1.3323495388031006
16613,19,-1.6507863998413086
16614,28,-0.2363297939300537
16615,19,-1.6504595279693604
16616,27,-0.3822823762893677
16617,21,-1.4277477264404297
16618,26,-0.5615077018737793
16619,27,-0.4000847339630127
16620,24,-0.9937721490859985
16621,30,0.01073145866394043
16622,25,-0.7323497533798218
16623,25,-0.7322871685028076
16624,22,-1.2924613952636719
16625,23,-1.143385410308838
16626,24,-1.0011467933654785
16627,24,-0.9632600545883179
16628,26,-0.5249470472335815
16629,22,-1.2872812747955322
16630,21,-1.4163987636566162
16631,21,-1.4580261707305908
16632,24,-1.001797080039978
16633,25,-0.7087373733520508
16634,30,0.07941436767578125
16635,26,-0.5912541151046753
16636,23,-1.1808466911315918
16637,22,-1.2650127410888672
16638,19,-1.666023850440979
16639,25,-0.8343356847763062
16640,26,-0.579276442527771
16641,25,-0.7961995601654053
16642,27,-0.46524882316589355
16643,23,-1.079661250114441
16644,20,-1.4961074590682983
16645,25,-0.7853614091873169
16646,15,-1.9851930141448975
16647,16,-1.8943252563476562
16648,18,-1.734082579612732
16649,24,-0.9765139818191528
16650,28,-0.19970011711120605
16651,23,-1.189847469329834
16652,22,-1.2339998483657837
16653,21,-1.4154059886932373
16654,25,-0.8628125190734863
16655,24,-1.003999948501587
16656,30,0.05331754684448242
16657,22,-1.2645814418792725
16658,23,-1.1152360439300537
16659,23,-1.1182782649993896
16660,19,-1.602705478668213
16661,27,-0.3656526803970337
16662,17,-1.7935380935668945
16663,22,-1.222939133644104
16664,24,-0.903165340423584
16665,28,-0.22850894927978516
16666,22,-1.3110907077789307
16667,30,0.08411693572998047
16668,25,-0.7455624341964722
16669,24,-0.9246499538421631
16670,25,-0.787158727645874
16671,28,-0.28641414642333984
16672,21,-1.3886549472808838
16673,25,-0.8516491651535034
16674,24,-0.9904391765594482
16675,29,-0.13988804817199707
16676,25,-0.7471039295196533
16677,29,-0.10967063903808594
16678,21,-1.377228021621704
16679,22,-1.3183139562606812
16680,25,-0.8553664684295654
16681,28,-0.2864344120025635
16682,27,-0.32881689071655273
16683,28,-0.24767827987670898
16684,24,-0.9533690214157104
16685,25,-0.7839170694351196
16686,8,-2.3868823051452637
16687,19,-1.6585352420806885
16688,20,-1.511512041091919
16689,17,-1.827620506286621
16690,23,-1.0802301168441772
16691,21,-1.3946168422698975
16692,28,-0.19134283065795898
16693,28,-0.19763565063476562
16694,22,-1.2400729656219482
16695,24,-0.9349122047424316
16696,30,0.09440851211547852
16697,27,-0.3329247236251831
16698,21,-1.370551347732544
16699,27,-0.49121642112731934
16700,21,-1.409308671951294
16701,21,-1.4017829895019531
16702,26,-0.6297988891601562
16703,21,-1.3805125951766968
16704,26,-0.5641771554946899
16705,22,-1.256451964378357
16706,28,-0.2450120449066162
16707,24,-0.883833646774292
16708,24,-0.9169450998306274
16709,27,-0.3763061761856079
16710,20,-1.4897432327270508
16711,22,-1.2234435081481934
16712,24,-0.895593523979187
16713,26,-0.6023730039596558
16714,23,-1.0986204147338867
16715,29,-0.1082773208618164
16716,24,-0.8893015384674072
16717,28,-0.19714879989624023
16718,23,-1.0970776081085205
16719,21,-1.4568713903427124
16720,26,-0.6516560316085815
16721,21,-1.3476777076721191
16722,18,-1.7173595428466797
16723,30,-0.0008027553558349609
16724,22,-1.3281432390213013
16725,21,-1.397947907447815
16726,22,-1.306854486465454
16727,25,-0.8529872894287109
16728,23,-1.0773247480392456
16729,27,-0.4699411392211914
16730,23,-1.0738807916641235
16731,26,-0.6443054676055908
16732,20,-1.5332026481628418
16733,24,-0.9338810443878174
16734,20,-1.5100860595703125
16735,23,-1.0918737649917603
16736,25,-0.7715873718261719
16737,23,-1.1362038850784302
16738,27,-0.4345560073852539
16739,22,-1.2107306718826294
16740,28,-0.2072737216949463
16741,21,-1.42362380027771
16742,23,-1.085293173789978
16743,28,-0.2985820770263672
16744,27,-0.4173702001571655
16745,23,-1.098096251487732
16746,25,-0.8563902378082275
16747,24,-0.9724301099777222
16748,21,-1.432948350906372
16749,19,-1.6445538997650146
16750,26,-0.6660958528518677
16751,20,-1.4857254028320312
16752,17,-1.7886502742767334
16753,26,-0.6778843402862549
16754,19,-1.6172711849212646
16755,26,-0.6144428253173828
16756,20,-1.4771661758422852
16757,25,-0.7664201259613037
16758,29,-0.07716846466064453
16759,21,-1.4165924787521362
16760,20,-1.4698175191879272
16761,14,-2.011430263519287
16762,26,-0.57060706615448
16763,27,-0.45510077476501465
16764,16,-1.8716580867767334
16765,18,-1.7570769786834717
16766,23,-1.0629316568374634
16767,22,-1.3308465480804443
16768,24,-0.8923342227935791
16769,26,-0.531057596206665
16770,22,-1.3202061653137207
16771,24,-0.9089860916137695
16772,29,-0.06764817237854004
16773,23,-1.195946216583252
16774,24,-0.8978235721588135
16775,27,-0.4253842830657959
16776,20,-1.5704193115234375
16777,23,-1.0849905014038086
16778,26,-0.6196720600128174
16779,27,-0.4538499116897583
16780,28,-0.2449054718017578
16781,8,-2.41386342048645
16782,23,-1.0652625560760498
16783,24,-0.9833725690841675
16784,27,-0.33882415294647217
16785,29,-0.024414539337158203
16786,26,-0.5505656003952026
16787,24,-0.9748234748840332
16788,24,-1.0233027935028076
16789,25,-0.7877106666564941
16790,26,-0.5191785097122192
16791,24,-0.8939394950866699
16792,23,-1.0441814661026
16793,26,-0.6393235921859741
16794,30,0.006946086883544922
16795,26,-0.5908163785934448
16796,24,-1.0242106914520264
16797,23,-1.0891072750091553
16798,26,-0.6483234167098999
16799,22,-1.212222695350647
16800,21,-1.4606876373291016
16801,25,-0.8578343391418457
16802,22,-1.2939890623092651
16803,30,0.08725357055664062
16804,26,-0.6520525217056274
16805,25,-0.7290995121002197
16806,25,-0.7583425045013428
16807,27,-0.34732627868652344
16808,21,-1.41998291015625
16809,26,-0.5801514387130737
16810,27,-0.39191460609436035
16811,28,-0.20670175552368164
16812,26,-0.5207275152206421
16813,25,-0.7817099094390869
16814,24,-0.9995311498641968
16815,19,-1.5869204998016357
16816,11,-2.2563767433166504
16817,28,-0.17025065422058105
16818,27,-0.39258015155792236
16819,25,-0.8472188711166382
16820,22,-1.2613166570663452
16821,22,-1.2983506917953491
16822,28,-0.18987488746643066
16823,26,-0.6585724353790283
16824,26,-0.5139819383621216
16825,14,-2.01041579246521
16826,30,0.026022672653198242
16827,28,-0.27392005920410156
16828,24,-0.9653595685958862
16829,27,-0.44605135917663574
16830,20,-1.5106830596923828
16831,26,-0.535149335861206
16832,26,-0.5825077295303345
16833,26,-0.5349935293197632
16834,27,-0.49693191051483154
16835,29,-0.05751490592956543
16836,23,-1.1072276830673218
16837,27,-0.4530982971191406
16838,28,-0.16644072532653809
16839,29,-0.03014969825744629
16840,30,0.11319708824157715
16841,27,-0.3995155096054077
16842,23,-1.157257080078125
16843,27,-0.434684157371521
16844,28,-0.17951035499572754
16845,27,-0.47204768657684326
16846,26,-0.5104886293411255
16847,25,-0.7662687301635742
16848,28,-0.2841012477874756
16849,24,-0.9238041639328003
16850,26,-0.520209550857544
16851,28,-0.258587121963501
16852,26,-0.6491730213165283
16853,18,-1.7211785316467285
16854,23,-1.195160150527954
16855,26,-0.643808126449585
16856,25,-0.7395347356796265
16857,22,-1.2578290700912476
16858,27,-0.3684166669845581
16859,19,-1.6522722244262695
16860,20,-1.5195250511169434
16861,24,-0.9842672348022461
16862,30,0.014069318771362305
16863,27,-0.38876771926879883
16864,30,0.09140396118164062
16865,26,-0.5516833066940308
16866,22,-1.2161247730255127
16867,28,-0.24664306640625
16868,23,-1.100879192352295
16869,5,-2.5683021545410156
16870,27,-0.37421369552612305
16871,21,-1.358816146850586
16872,26,-0.5831421613693237
16873,20,-1.5717544555664062
16874,26,-0.6366903781890869
16875,28,-0.31466424465179443
16876,23,-1.1203550100326538
16877,26,-0.558496356010437
16878,23,-1.1994147300720215
16879,29,-0.05658698081970215
16880,26,-0.5643625259399414
16881,19,-1.6191768646240234
16882,21,-1.4047715663909912
16883,28,-0.27588391304016113
16884,29,-0.032563209533691406
16885,28,-0.257002592086792
16886,28,-0.31252872943878174
16887,23,-1.1502461433410645
16888,24,-0.9504334926605225
16889,16,-1.8793033361434937
16890,28,-0.19013214111328125
16891,24,-0.9013659954071045
16892,19,-1.5844346284866333
16893,18,-1.6885898113250732
16894,25,-0.7306790351867676
16895,22,-1.2452023029327393
16896,26,-0.6615167856216431
16897,19,-1.6247153282165527
16898,22,-1.2741012573242188
16899,24,-1.0315773487091064
16900,26,-0.5559794902801514
16901,27,-0.38086938858032227
16902,20,-1.5688586235046387
16903,27,-0.4725065231323242
16904,24,-1.000936508178711
16905,24,-1.0108493566513062
16906,25,-0.6967693567276001
16907,21,-1.3994312286376953
16908,22,-1.257175326347351
16909,28,-0.23511576652526855
16910,22,-1.2976988554000854
16911,29,-0.13643360137939453
16912,18,-1.701596975326538
16913,25,-0.8677363395690918
16914,24,-1.0036108493804932
16915,7,-2.4718966484069824
16916,27,-0.46739423274993896
16917,27,-0.4137073755264282
16918,21,-1.3956129550933838
16919,26,-0.5061538219451904
16920,19,-1.621155858039856
16921,25,-0.8272435665130615
16922,22,-1.3200677633285522
16923,29,-0.034328460693359375
16924,27,-0.47539687156677246
16925,21,-1.3859949111938477
16926,27,-0.3436928987503052
16927,8,-2.3832244873046875
16928,27,-0.4664381742477417
16929,25,-0.7837846279144287
16930,27,-0.4239375591278076
16931,16,-1.8601762056350708
16932,20,-1.51920747756958
16933,28,-0.28467869758605957
16934,24,-0.950289249420166
16935,24,-1.0376368761062622
16936,23,-1.1731053590774536
16937,28,-0.16440367698669434
16938,26,-0.6687887907028198
16939,21,-1.4035316705703735
16940,25,-0.7144646644592285
16941,22,-1.3306078910827637
16942,22,-1.2533029317855835
16943,22,-1.3233819007873535
16944,26,-0.59171462059021
16945,21,-1.4376835823059082
16946,27,-0.4237719774246216
16947,27,-0.42429912090301514
16948,25,-0.7176711559295654
16949,22,-1.2160314321517944
16950,26,-0.5734190940856934
16951,17,-1.7890915870666504
16952,25,-0.7751376628875732
16953,28,-0.27933287620544434
16954,27,-0.3405805826187134
16955,28,-0.2640724182128906
16956,21,-1.3721461296081543
16957,20,-1.5039207935333252
16958,26,-0.5406336784362793
16959,25,-0.8717807531356812
16960,29,-0.1237497329711914
16961,26,-0.510440468788147
16962,29,-0.12129592895507812
16963,24,-0.904201865196228
16964,18,-1.7178388833999634
16965,24,-1.0179238319396973
16966,30,0.03758430480957031
16967,25,-0.7075487375259399
16968,22,-1.3374574184417725
16969,28,-0.31729602813720703
16970,17,-1.807903528213501
16971,27,-0.4455603361129761
16972,26,-0.5292685031890869
16973,23,-1.152269959449768
16974,23,-1.1791818141937256
16975,25,-0.7553986310958862
16976,20,-1.5036935806274414
16977,28,-0.2715761661529541
16978,23,-1.1932097673416138
16979,28,-0.2536008358001709
16980,27,-0.47665703296661377
16981,24,-1.0243961811065674
16982,27,-0.3413320779800415
16983,25,-0.8131873607635498
16984,29,-0.03366565704345703
16985,25,-0.786135196685791
16986,22,-1.2967112064361572
16987,6,-2.503493547439575
16988,24,-1.0046228170394897
16989,24,-0.9207417964935303
16990,24,-1.0032706260681152
16991,27,-0.46977531909942627
16992,24,-0.9438930749893188
16993,29,-0.05820155143737793
16994,21,-1.3907642364501953
16995,27,-0.44940757751464844
16996,26,-0.683334231376648
16997,27,-0.40986549854278564
16998,22,-1.3297533988952637
16999,26,-0.6053940057754517
17000,24,-0.9630206823348999
17001,27,-0.44399726390838623
17002,23,-1.1969102621078491
17003,21,-1.4182369709014893
17004,22,-1.331577181816101
17005,26,-0.6679702997207642
17006,28,-0.2942965030670166
17007,26,-0.6265448331832886
17008,22,-1.2250585556030273
17009,24,-0.983587384223938
17010,20,-1.4755377769470215
17011,29,-0.0806887149810791
17012,21,-1.4148410558700562
17013,30,0.03433394432067871
17014,20,-1.5710697174072266
17015,25,-0.8702718019485474
17016,23,-1.111310362815857
17017,27,-0.3484379053115845
17018,21,-1.3686161041259766
17019,22,-1.2503498792648315
17020,4,-2.608713388442993
17021,12,-2.1796858310699463
17022,26,-0.6621938943862915
17023,27,-0.4986116886138916
17024,28,-0.24917006492614746
17025,22,-1.233346700668335
17026,21,-1.4294044971466064
17027,26,-0.5109272003173828
17028,21,-1.3782473802566528
17029,30,0.11428594589233398
17030,28,-0.24607157707214355
17031,7,-2.467750310897827
17032,28,-0.18572258949279785
17033,9,-2.351743221282959
17034,22,-1.285659909248352
17035,24,-1.027876853942871
17036,21,-1.369254231452942
17037,24,-1.016405463218689
17038,3,-2.651880979537964
17039,24,-0.9222813844680786
17040,29,-0.0696101188659668
17041,22,-1.2724448442459106
17042,23,-1.107372522354126
17043,20,-1.535717487335205
17044,25,-0.8590772151947021
17045,26,-0.6818238496780396
17046,28,-0.2749505043029785
17047,22,-1.2351915836334229
17048,27,-0.38313329219818115
17049,19,-1.6550618410110474
17050,24,-0.9775230884552002
17051,23,-1.1115081310272217
17052,20,-1.5226807594299316
17053,26,-0.587261438369751
17054,27,-0.3540153503417969
17055,22,-1.2638658285140991
17056,22,-1.281719446182251
17057,23,-1.1630570888519287
17058,29,-0.09998893737792969
17059,29,-0.153778076171875
17060,23,-1.0973759889602661
17061,23,-1.1069661378860474
17062,25,-0.7545431852340698
17063,30,0.023858308792114258
17064,29,-0.0597536563873291
17065,23,-1.056280255317688
17066,11,-2.2160916328430176
17067,30,0.1125783920288086
17068,23,-1.1970723867416382
17069,22,-1.3270413875579834
17070,19,-1.6225273609161377
17071,19,-1.6428513526916504
17072,25,-0.7334872484207153
17073,24,-0.8963007926940918
17074,24,-0.892194390296936
17075,27,-0.4106588363647461
17076,28,-0.19884037971496582
17077,25,-0.779360294342041
17078,26,-0.5446723699569702
17079,28,-0.23662543296813965
17080,20,-1.5580127239227295
17081,24,-0.96466064453125
17082,22,-1.3272814750671387
17083,21,-1.3520801067352295
17084,28,-0.1973879337310791
17085,21,-1.4488716125488281
17086,25,-0.7254800796508789
17087,26,-0.6522819995880127
17088,25,-0.8768885135650635
17089,25,-0.8703348636627197
17090,25,-0.7654056549072266
17091,28,-0.3117191791534424
17092,27,-0.4188418388366699
17093,27,-0.38669848442077637
17094,22,-1.255417823791504
17095,27,-0.3668968677520752
17096,27,-0.39278995990753174
17097,14,-2.0456900596618652
17098,27,-0.37432873249053955
17099,28,-0.16440272331237793
17100,25,-0.7937804460525513
17101,28,-0.30004191398620605
17102,12,-2.1838324069976807
17103,27,-0.3528505563735962
17104,27,-0.4312160015106201
17105,29,-0.10204029083251953
17106,26,-0.5558874607086182
17107,28,-0.2868473529815674
17108,23,-1.0890607833862305
17109,18,-1.767701506614685
17110,23,-1.103179931640625
17111,27,-0.4436180591583252
17112,23,-1.1086117029190063
17113,26,-0.6648058891296387
17114,22,-1.3335742950439453
17115,23,-1.170722484588623
17116,30,0.11454391479492188
17117,19,-1.583451271057129
17118,25,-0.8471666574478149
17119,26,-0.6295582056045532
17120,21,-1.4542382955551147
17121,28,-0.2702662944793701
17122,27,-0.44352924823760986
17123,27,-0.38491928577423096
17124,28,-0.2642984390258789
17125,25,-0.8431084156036377
17126,25,-0.7957519292831421
17127,26,-0.5263253450393677
17128,21,-1.3809502124786377
17129,25,-0.7897690534591675
17130,29,-0.09021997451782227
17131,30,0.11000204086303711
17132,24,-0.974032998085022
17133,27,-0.4106152057647705
17134,27,-0.48075664043426514
17135,29,-0.08542728424072266
17136,23,-1.124520182609558
17137,20,-1.487205982208252
17138,28,-0.2179090976715088
17139,26,-0.6252938508987427
17140,27,-0.4872725009918213
17141,12,-2.1671950817108154
17142,26,-0.656364917755127
17143,25,-0.8725578784942627
17144,25,-0.7430504560470581
17145,29,-0.15147972106933594
17146,28,-0.30735135078430176
17147,13,-2.1358232498168945
17148,29,-0.028165340423583984
17149,30,0.01610565185546875
17150,29,-0.09733271598815918
17151,20,-1.486466646194458
17152,20,-1.533291220664978
17153,25,-0.8299239873886108
17154,27,-0.456298828125
17155,26,-0.5009584426879883
17156,27,-0.3836458921432495
17157,20,-1.5616698265075684
17158,25,-0.7762949466705322
17159,23,-1.128179907798767
17160,27,-0.44576799869537354
17161,21,-1.4065929651260376
17162,29,-0.10672807693481445
17163,25,-0.7727938890457153
17164,29,-0.04150390625
17165,28,-0.2896103858947754
17166,26,-0.5097547769546509
17167,20,-1.4731104373931885
17168,29,-0.0668489933013916
17169,24,-0.9273998737335205
17170,27,-0.3361806869506836
17171,25,-0.7333948612213135
17172,21,-1.4482243061065674
17173,25,-0.866968035697937
17174,29,-0.018087148666381836
17175,20,-1.5478696823120117
17176,25,-0.7108157873153687
17177,22,-1.223286509513855
17178,22,-1.2673649787902832
17179,29,-0.09536504745483398
17180,25,-0.7575793266296387
17181,23,-1.0825183391571045
17182,29,-0.12480473518371582
17183,23,-1.0595537424087524
17184,23,-1.0479872226715088
17185,23,-1.0459083318710327
17186,24,-1.0119421482086182
17187,24,-0.8996262550354004
17188,27,-0.37938618659973145
17189,20,-1.527172565460205
17190,30,0.10597944259643555
17191,5,-2.535008430480957
17192,28,-0.21668481826782227
17193,22,-1.3192107677459717
17194,26,-0.5798070430755615
17195,29,-0.15159249305725098
17196,22,-1.2419558763504028
17197,23,-1.159755825996399
17198,30,-0.006265401840209961
17199,26,-0.5286960601806641
17200,23,-1.0689789056777954
17201,19,-1.663104772567749
17202,23,-1.0481504201889038
17203,27,-0.4364703893661499
17204,16,-1.896191954612732
17205,30,0.11005687713623047
17206,20,-1.5248943567276
17207,27,-0.494617223739624
17208,29,-0.09489274024963379
17209,28,-0.21250200271606445
17210,29,-0.06452298164367676
17211,28,-0.1782519817352295
17212,29,-0.07494258880615234
17213,23,-1.1324594020843506
17214,20,-1.5492610931396484
17215,23,-1.1518806219100952
17216,27,-0.3610926866531372
17217,30,0.13142156600952148
17218,27,-0.3503735065460205
17219,24,-0.9126676321029663
17220,29,-0.07276177406311035
17221,27,-0.3790102005004883
17222,27,-0.3477894067764282
17223,27,-0.3894646167755127
17224,29,-0.07400655746459961
17225,26,-0.6003991365432739
17226,26,-0.5814598798751831
17227,27,-0.4892493486404419
17228,27,-0.45544254779815674
17229,25,-0.8290005922317505
17230,25,-0.7989329099655151
17231,26,-0.524059534072876
17232,20,-1.5708222389221191
17233,20,-1.522660255432129
17234,28,-0.24662017822265625
17235,28,-0.24074459075927734
17236,25,-0.8085799217224121
17237,25,-0.802396297454834
17238,25,-0.7367782592773438
17239,23,-1.119633674621582
17240,28,-0.29296040534973145
17241,26,-0.570298433303833
17242,26,-0.5553234815597534
17243,24,-0.8844246864318848
17244,27,-0.46479475498199463
17245,28,-0.23908138275146484
17246,26,-0.6125297546386719
17247,23,-1.1214406490325928
17248,3,-2.678736686706543
17249,26,-0.6522020101547241
17250,26,-0.662185788154602
17251,26,-0.6226255893707275
17252,29,-0.09681320190429688
17253,26,-0.5044511556625366
17254,29,-0.02720189094543457
17255,27,-0.45066821575164795
17256,28,-0.28186583518981934
17257,22,-1.284722924232483
17258,23,-1.1983304023742676
17259,22,-1.2494702339172363
17260,30,0.047135114669799805
17261,24,-0.9511899948120117
17262,27,-0.32906341552734375
17263,28,-0.27244114875793457
17264,26,-0.5921930074691772
17265,27,-0.48986947536468506
17266,27,-0.3511427640914917
17267,29,-0.13672161102294922
17268,18,-1.712618350982666
17269,23,-1.088279366493225
17270,12,-2.155916690826416
17271,26,-0.5082013607025146
17272,26,-0.5993658304214478
17273,20,-1.4799292087554932
17274,28,-0.2903907299041748
17275,28,-0.1846623420715332
17276,18,-1.7155084609985352
17277,21,-1.3528110980987549
17278,23,-1.1576261520385742
17279,25,-0.8301401138305664
17280,5,-2.557795286178589
17281,26,-0.544249415397644
17282,23,-1.0736232995986938
17283,21,-1.3566168546676636
17284,22,-1.2724370956420898
17285,28,-0.27179503440856934
17286,19,-1.5890424251556396
17287,26,-0.6476794481277466
17288,27,-0.4842045307159424
17289,22,-1.238110899925232
17290,28,-0.3174479007720947
17291,26,-0.6373997926712036
17292,22,-1.2297724485397339
17293,25,-0.8095995187759399
17294,19,-1.5850625038146973
17295,29,-0.08852505683898926
17296,28,-0.2994050979614258
17297,23,-1.1320942640304565
17298,26,-0.6889371871948242
17299,23,-1.05729079246521
17300,23,-1.0446043014526367
17301,19,-1.6170406341552734
17302,28,-0.17415142059326172
17303,24,-0.9013702869415283
17304,26,-0.688957691192627
17305,23,-1.1036334037780762
17306,25,-0.8211865425109863
17307,27,-0.40564823150634766
17308,26,-0.5055196285247803
17309,25,-0.7149335145950317
17310,25,-0.7381279468536377
17311,29,-0.07199454307556152
17312,21,-1.3569507598876953
17313,28,-0.3161749839782715
17314,23,-1.1403088569641113
17315,24,-1.032731056213379
17316,25,-0.8498803377151489
17317,25,-0.8391293287277222
17318,27,-0.4498664140701294
17319,25,-0.7697107791900635
17320,29,-0.11377811431884766
17321,24,-0.9173265695571899
17322,28,-0.29576587677001953
17323,26,-0.5973668098449707
17324,28,-0.17032480239868164
17325,28,-0.2796294689178467
17326,23,-1.0841796398162842
17327,22,-1.2052898406982422
17328,19,-1.6317548751831055
17329,26,-0.5238893032073975
17330,20,-1.4776065349578857
17331,28,-0.17505097389221191
17332,21,-1.3428423404693604
17333,26,-0.5934276580810547
17334,27,-0.40872347354888916
17335,15,-1.9530950784683228
17336,25,-0.8494038581848145
17337,30,0.0235135555267334
17338,21,-1.4643737077713013
17339,27,-0.4852679967880249
17340,26,-0.6720691919326782
17341,30,0.003610372543334961
17342,22,-1.2490662336349487
17343,19,-1.615537405014038
17344,28,-0.25167107582092285
17345,28,-0.2214038372039795
17346,29,-0.11908078193664551
17347,27,-0.3274639844894409
17348,27,-0.40421390533447266
17349,26,-0.6142771244049072
17350,22,-1.308600902557373
17351,21,-1.4087417125701904
17352,25,-0.8165252208709717
17353,27,-0.4673161506652832
17354,28,-0.2497248649597168
17355,22,-1.2172120809555054
17356,6,-2.491848945617676
17357,27,-0.37652790546417236
17358,23,-1.1586127281188965
17359,24,-0.9607131481170654
17360,27,-0.337211012840271
17361,23,-1.1842732429504395
17362,19,-1.630232334136963
17363,22,-1.207154393196106
17364,24,-0.9543776512145996
17365,29,-0.14861130714416504
17366,25,-0.7851694822311401
17367,25,-0.8635239601135254
17368,25,-0.7553954124450684
17369,29,-0.13248944282531738
17370,25,-0.7069696187973022
17371,21,-1.4415693283081055
17372,23,-1.147722601890564
17373,27,-0.4821866750717163
17374,26,-0.5873976945877075
17375,30,0.10435247421264648
17376,27,-0.3782099485397339
17377,27,-0.32481586933135986
17378,25,-0.8394309282302856
17379,30,0.028094768524169922
17380,27,-0.46168744564056396
17381,27,-0.4174489974975586
17382,28,-0.16376900672912598
17383,23,-1.2008310556411743
17384,23,-1.143787145614624
17385,27,-0.35340142250061035
17386,23,-1.0692623853683472
17387,20,-1.5552890300750732
17388,21,-1.4567503929138184
17389,29,-0.026314258575439453
17390,27,-0.36780810356140137
17391,24,-0.9809820652008057
17392,30,0.06891918182373047
17393,26,-0.607154130935669
17394,25,-0.7619493007659912
17395,28,-0.16188859939575195
17396,28,-0.21724295616149902
17397,12,-2.18524169921875
17398,29,-0.01662278175354004
17399,28,-0.19122552871704102
17400,27,-0.5001732110977173
17401,24,-1.0273313522338867
17402,26,-0.5491056442260742
17403,26,-0.5200542211532593
17404,25,-0.7974833250045776
17405,28,-0.3071465492248535
17406,28,-0.30147480964660645
17407,25,-0.7752147912979126
17408,24,-0.9820700883865356
17409,22,-1.3212738037109375
17410,30,0.06577873229980469
17411,27,-0.32373833656311035
17412,26,-0.691163182258606
17413,23,-1.1516220569610596
17414,24,-0.9012656211853027
17415,19,-1.582688331604004
17416,27,-0.3728291988372803
17417,27,-0.41943299770355225
17418,23,-1.1457151174545288
17419,26,-0.6887122392654419
17420,26,-0.6719982624053955
17421,27,-0.4659677743911743
17422,29,-0.1108088493347168
17423,30,0.11750054359436035
17424,21,-1.4243135452270508
17425,30,0.09943723678588867
17426,26,-0.5359768867492676
17427,21,-1.416775107383728
17428,29,-0.024747133255004883
17429,25,-0.7919450998306274
17430,21,-1.3764779567718506
17431,30,0.05529904365539551
17432,27,-0.40868520736694336
17433,26,-0.6036765575408936
17434,28,-0.24434304237365723
17435,22,-1.232956051826477
17436,26,-0.5820111036300659
17437,24,-1.0315419435501099
17438,27,-0.45571696758270264
17439,21,-1.4399304389953613
17440,27,-0.35749006271362305
17441,24,-0.9901760816574097
17442,27,-0.3843357563018799
17443,27,-0.40490567684173584
17444,26,-0.5507303476333618
17445,22,-1.3277826309204102
17446,28,-0.27357935905456543
17447,27,-0.4447852373123169
17448,18,-1.7302210330963135
17449,23,-1.1762183904647827
17450,25,-0.8711433410644531
17451,20,-1.5653550624847412
17452,24,-0.9436808824539185
17453,19,-1.6283265352249146
17454,27,-0.4893980026245117
17455,23,-1.1264233589172363
17456,24,-0.887980580329895
17457,24,-1.015263319015503
17458,27,-0.4936661720275879
17459,21,-1.4581377506256104
17460,25,-0.8146237134933472
17461,28,-0.2767179012298584
17462,25,-0.7706636190414429
17463,22,-1.297573208808899
17464,28,-0.23472285270690918
17465,27,-0.3631173372268677
17466,22,-1.3295536041259766
17467,27,-0.46404266357421875
17468,13,-2.1264541149139404
17469,24,-0.9509434700012207
17470,24,-0.9156827926635742
17471,24,-0.8976563215255737
17472,27,-0.39558446407318115
17473,27,-0.3819066286087036
17474,27,-0.36960673332214355
17475,23,-1.1367915868759155
17476,26,-0.5839563608169556
17477,26,-0.5047041177749634
17478,18,-1.7652477025985718
17479,25,-0.8156235218048096
17480,19,-1.6069388389587402
17481,22,-1.3250408172607422
17482,29,-0.10825824737548828
17483,25,-0.789609432220459
17484,30,0.06998658180236816
17485,21,-1.459423303604126
17486,6,-2.484285354614258
17487,23,-1.1489180326461792
17488,29,-0.10268592834472656
17489,29,-0.14073896408081055
17490,27,-0.46538877487182617
17491,25,-0.8741817474365234
17492,19,-1.5927603244781494
17493,26,-0.6752666234970093
17494,25,-0.8511794805526733
17495,27,-0.4516184329986572
17496,27,-0.40902161598205566
17497,19,-1.5804803371429443
17498,27,-0.47734224796295166
17499,24,-1.004274606704712
17500,28,-0.3151521682739258
17501,26,-0.6522728204727173
17502,24,-1.0288726091384888
17503,28,-0.27324795722961426
17504,28,-0.3048853874206543
17505,27,-0.3919941186904907
17506,28,-0.3149542808532715
17507,28,-0.30211830139160156
17508,25,-0.7400773763656616
17509,21,-1.462387204170227
17510,29,-0.0713348388671875
17511,24,-0.9485704898834229
17512,27,-0.4526634216308594
17513,24,-1.007490634918213
17514,23,-1.131108283996582
17515,20,-1.5471370220184326
17516,30,0.08696269989013672
17517,27,-0.40646684169769287
17518,28,-0.265472412109375
17519,24,-1.0393083095550537
17520,26,-0.6207703351974487
17521,26,-0.5879166126251221
17522,19,-1.5908498764038086
17523,26,-0.6461007595062256
17524,29,-0.07380175590515137
17525,12,-2.1916637420654297
17526,25,-0.7317953109741211
17527,25,-0.7962861061096191
17528,28,-0.1765460968017578
17529,24,-0.9076035022735596
17530,23,-1.1651238203048706
17531,29,-0.1307353973388672
17532,21,-1.4637153148651123
17533,21,-1.4452040195465088
17534,29,-0.10567951202392578
17535,21,-1.4609742164611816
17536,24,-0.9555715322494507
17537,28,-0.254169225692749
17538,30,0.09855222702026367
17539,24,-0.9319889545440674
17540,26,-0.6693122386932373
17541,20,-1.4983898401260376
17542,20,-1.550695776939392
17543,27,-0.4034377336502075
17544,25,-0.716935396194458
17545,27,-0.4968132972717285
17546,27,-0.34204936027526855
17547,22,-1.3090901374816895
17548,29,-0.054123878479003906
17549,25,-0.8430807590484619
17550,27,-0.36113739013671875
17551,28,-0.16444158554077148
17552,19,-1.6183860301971436
17553,29,-0.13988232612609863
17554,23,-1.078240990638733
17555,25,-0.81806480884552
17556,22,-1.2680995464324951
17557,24,-0.954390287399292
17558,28,-0.21534156799316406
17559,30,0.057288408279418945
17560,26,-0.508568286895752
17561,27,-0.4052790403366089
17562,23,-1.0918684005737305
17563,24,-0.9776252508163452
17564,28,-0.15780377388000488
17565,26,-0.5759954452514648
17566,26,-0.6790202856063843
17567,20,-1.5068995952606201
17568,30,0.10832738876342773
17569,28,-0.20674896240234375
17570,28,-0.2300584316253662
17571,16,-1.8938074111938477
17572,27,-0.455263614654541
17573,24,-0.919905424118042
17574,24,-1.0312585830688477
17575,28,-0.17826461791992188
17576,26,-0.6330891847610474
17577,20,-1.499959945678711
17578,8,-2.4160094261169434
17579,27,-0.3267894983291626
17580,26,-0.6681816577911377
17581,23,-1.1824579238891602
17582,29,-0.0690762996673584
17583,24,-0.9777050018310547
17584,26,-0.5819014310836792
17585,19,-1.588266372680664
17586,28,-0.22582125663757324
17587,22,-1.2209335565567017
17588,27,-0.41486048698425293
17589,23,-1.0448124408721924
17590,30,0.12189602851867676
17591,20,-1.484238862991333
17592,24,-1.0239744186401367
17593,30,0.031137466430664062
17594,22,-1.262790560722351
17595,25,-0.7064294815063477
17596,29,-0.038965702056884766
17597,27,-0.41448771953582764
17598,22,-1.2671568393707275
17599,28,-0.308854341506958
17600,27,-0.4357064962387085
17601,28,-0.21996021270751953
17602,22,-1.2659884691238403
17603,22,-1.2725489139556885
17604,21,-1.3867601156234741
17605,26,-0.6358246803283691
17606,7,-2.426218032836914
17607,26,-0.5113323926925659
17608,30,0.1124579906463623
17609,23,-1.14683997631073
17610,26,-0.5456132888793945
17611,15,-1.9808456897735596
17612,30,0.12725305557250977
17613,20,-1.555629014968872
17614,28,-0.22636103630065918
17615,24,-0.9164962768554688
17616,13,-2.107060194015503
17617,26,-0.5057249069213867
17618,27,-0.40081167221069336
17619,28,-0.18818950653076172
17620,24,-0.9414966106414795
17621,24,-0.9515711069107056
17622,29,-0.10660266876220703
17623,28,-0.2639796733856201
17624,27,-0.3702446222305298
17625,22,-1.2261061668395996
17626,23,-1.0687096118927002
17627,21,-1.3441691398620605
17628,28,-0.18639492988586426
17629,28,-0.27246546745300293
17630,20,-1.5134267807006836
17631,27,-0.43199968338012695
17632,29,-0.01704692840576172
17633,28,-0.2053050994873047
17634,25,-0.7571291923522949
17635,30,0.010064363479614258
17636,28,-0.16898488998413086
17637,28,-0.17377257347106934
17638,27,-0.39529311656951904
17639,20,-1.4983148574829102
17640,21,-1.4120023250579834
17641,24,-1.0339035987854004
17642,21,-1.3916720151901245
17643,23,-1.0565412044525146
17644,22,-1.3337609767913818
17645,23,-1.1096640825271606
17646,25,-0.7627278566360474
17647,28,-0.25536656379699707
17648,30,0.04265904426574707
17649,4,-2.6199731826782227
17650,25,-0.8682849407196045
17651,23,-1.1687681674957275
17652,9,-2.363401174545288
17653,20,-1.467149257659912
17654,26,-0.5728957653045654
17655,28,-0.1932692527770996
17656,21,-1.4231138229370117
17657,29,-0.1393723487854004
17658,29,-0.09340071678161621
17659,25,-0.7184993028640747
17660,27,-0.3707081079483032
17661,28,-0.31422996520996094
17662,30,0.12185001373291016
17663,26,-0.560011625289917
17664,29,-0.08516836166381836
17665,27,-0.3954296112060547
17666,30,-0.0020003318786621094
17667,25,-0.8664734363555908
17668,25,-0.8141275644302368
17669,27,-0.34565210342407227
17670,29,-0.10801148414611816
17671,30,0.014800310134887695
17672,26,-0.5799943208694458
17673,27,-0.4943864345550537
17674,7,-2.4268720149993896
17675,27,-0.4532344341278076
17676,23,-1.123603343963623
17677,30,0.11685919761657715
17678,23,-1.1709578037261963
17679,25,-0.7173500061035156
17680,25,-0.7959674596786499
17681,30,0.10391664505004883
17682,26,-0.6295806169509888
17683,28,-0.23100996017456055
17684,25,-0.8396731615066528
17685,30,0.03299546241760254
17686,27,-0.3410085439682007
17687,25,-0.7067722082138062
17688,22,-1.2728439569473267
17689,23,-1.0829137563705444
17690,22,-1.2377365827560425
17691,28,-0.31891608238220215
17692,27,-0.3259856700897217
17693,24,-0.9749126434326172
17694,22,-1.3195383548736572
17695,28,-0.22579503059387207
17696,8,-2.3755528926849365
17697,30,0.0885767936706543
17698,27,-0.42698824405670166
17699,28,-0.1585373878479004
17700,24,-0.8892420530319214
17701,20,-1.4854143857955933
17702,23,-1.0472922325134277
17703,22,-1.2461868524551392
17704,30,0.09120821952819824
17705,26,-0.6722831726074219
17706,20,-1.4700711965560913
17707,26,-0.5512183904647827
17708,25,-0.7497876882553101
17709,28,-0.26513147354125977
17710,4,-2.596574306488037
17711,23,-1.165297269821167
17712,25,-0.8604155778884888
17713,29,-0.07224917411804199
17714,27,-0.3872230052947998
17715,30,0.0206758975982666
17716,26,-0.5347164869308472
17717,29,-0.13462138175964355
17718,27,-0.4318293333053589
17719,24,-0.9953562021255493
17720,24,-0.9916596412658691
17721,22,-1.2456680536270142
17722,26,-0.5417003631591797
17723,24,-1.0265545845031738
17724,21,-1.340710163116455
17725,24,-1.0191118717193604
17726,27,-0.4932674169540405
17727,29,-0.14481115341186523
17728,24,-1.03977370262146
17729,24,-1.0345474481582642
17730,26,-0.6151394844055176
17731,25,-0.8509006500244141
17732,30,0.017183780670166016
17733,29,-0.13307547569274902
17734,30,0.02622079849243164
17735,26,-0.6863209009170532
17736,29,-0.15026283264160156
17737,27,-0.4206044673919678
17738,30,0.1364736557006836
17739,25,-0.8456712961196899
17740,29,-0.06865596771240234
17741,24,-1.0046831369400024
17742,26,-0.6669238805770874
17743,29,-0.06811738014221191
17744,11,-2.235178232192993
17745,27,-0.47237682342529297
17746,9,-2.3489387035369873
17747,24,-0.9332950115203857
17748,27,-0.3550935983657837
17749,22,-1.2381722927093506
17750,27,-0.4456980228424072
17751,27,-0.32817745208740234
17752,26,-0.6850509643554688
17753,27,-0.3662581443786621
17754,25,-0.8391456604003906
17755,17,-1.7795048952102661
17756,13,-2.0882444381713867
17757,19,-1.641026496887207
17758,20,-1.5315396785736084
17759,23,-1.0598186254501343
17760,26,-0.6275060176849365
17761,29,-0.10066580772399902
17762,28,-0.21370482444763184
17763,29,-0.07534503936767578
17764,28,-0.2714557647705078
17765,25,-0.8194787502288818
17766,26,-0.5320268869400024
17767,24,-0.9201986789703369
17768,24,-0.882339596748352
17769,24,-0.8826463222503662
17770,23,-1.172969937324524
17771,23,-1.1738179922103882
17772,28,-0.22436308860778809
17773,24,-0.8826731443405151
17774,25,-0.8357577323913574
17775,20,-1.5513174533843994
17776,27,-0.47422051429748535
17777,13,-2.100322723388672
17778,23,-1.0818710327148438
17779,26,-0.6702443361282349
17780,24,-1.0183157920837402
17781,20,-1.5711218118667603
17782,20,-1.4992053508758545
17783,28,-0.2894423007965088
17784,24,-0.9818352460861206
17785,25,-0.7127903699874878
17786,30,0.016888141632080078
17787,27,-0.3631398677825928
17788,23,-1.1471538543701172
17789,25,-0.7014660835266113
17790,21,-1.4608161449432373
17791,27,-0.353556752204895
17792,28,-0.30290985107421875
17793,29,-0.09287405014038086
17794,27,-0.4933614730834961
17795,26,-0.509455680847168
17796,26,-0.6683789491653442
17797,27,-0.3969157934188843
17798,28,-0.3134666681289673
17799,27,-0.493550181388855
17800,16,-1.9101500511169434
17801,28,-0.2341785430908203
17802,27,-0.34431326389312744
17803,20,-1.5191173553466797
17804,28,-0.1870250701904297
17805,25,-0.7202503681182861
17806,29,-0.03464150428771973
17807,26,-0.6615257263183594
17808,21,-1.392462134361267
17809,24,-0.9233187437057495
17810,24,-0.9948275089263916
17811,18,-1.7409281730651855
17812,29,-0.09805560111999512
17813,25,-0.8332360982894897
17814,8,-2.407895803451538
17815,25,-0.8369964361190796
17816,28,-0.29401278495788574
17817,28,-0.29318881034851074
17818,27,-0.4020470380783081
17819,29,-0.14098000526428223
17820,25,-0.8565244674682617
17821,22,-1.2169218063354492
17822,28,-0.17100095748901367
17823,25,-0.7727547883987427
17824,8,-2.3900222778320312
17825,24,-0.9502441883087158
17826,25,-0.7546710968017578
17827,18,-1.712389349937439
17828,26,-0.5267699956893921
17829,21,-1.3490709066390991
17830,27,-0.3835333585739136
17831,29,-0.14054059982299805
17832,30,0.11142802238464355
17833,28,-0.28914546966552734
17834,29,-0.1464087963104248
17835,23,-1.0713168382644653
17836,7,-2.4553022384643555
17837,23,-1.0551265478134155
17838,28,-0.30441951751708984
17839,24,-0.9027127027511597
17840,28,-0.24947667121887207
17841,30,0.11322212219238281
17842,26,-0.6282147169113159
17843,27,-0.3561875820159912
17844,24,-0.9930449724197388
17845,22,-1.2776435613632202
17846,24,-1.0033776760101318
17847,21,-1.3602561950683594
17848,28,-0.16031146049499512
17849,26,-0.5665174722671509
17850,19,-1.6068649291992188
17851,25,-0.7646216154098511
17852,25,-0.7595158815383911
17853,24,-0.9087446928024292
17854,25,-0.8290627002716064
17855,25,-0.7550781965255737
17856,29,-0.13473773002624512
17857,28,-0.2989175319671631
17858,30,0.13621187210083008
17859,25,-0.7759716510772705
17860,29,-0.04696965217590332
17861,27,-0.32662510871887207
17862,20,-1.4952552318572998
17863,20,-1.4772021770477295
17864,30,0.0037047863006591797
17865,21,-1.3883624076843262
17866,26,-0.5997896194458008
17867,7,-2.423279047012329
17868,20,-1.513385534286499
17869,24,-1.025140643119812
17870,29,-0.0773458480834961
17871,25,-0.8173221349716187
17872,25,-0.8735442161560059
17873,29,-0.0401761531829834
17874,27,-0.38511335849761963
17875,28,-0.26713085174560547
17876,29,-0.09133768081665039
17877,26,-0.6886367797851562
17878,28,-0.23334360122680664
17879,29,-0.07607698440551758
17880,24,-1.0350133180618286
17881,27,-0.36078083515167236
17882,26,-0.6170456409454346
17883,23,-1.1299915313720703
17884,29,-0.06142854690551758
17885,27,-0.37663257122039795
17886,27,-0.48901307582855225
17887,26,-0.6289653778076172
17888,29,-0.13363885879516602
17889,27,-0.46676135063171387
17890,28,-0.272813081741333
17891,30,0.10536479949951172
17892,26,-0.5174001455307007
17893,26,-0.6319266557693481
17894,28,-0.18679356575012207
17895,24,-0.9754152297973633
17896,30,0.050933122634887695
17897,24,-0.9451867341995239
17898,23,-1.0623180866241455
17899,25,-0.7450927495956421
17900,23,-1.161311149597168
17901,30,0.004639148712158203
17902,24,-0.8885014057159424
17903,29,-0.08720088005065918
17904,28,-0.2552006244659424
17905,24,-1.0066615343093872
17906,24,-0.983289361000061
17907,21,-1.3435814380645752
17908,28,-0.26067519187927246
17909,27,-0.45408010482788086
17910,24,-1.0335148572921753
17911,24,-0.9002783298492432
17912,28,-0.1794114112854004
17913,22,-1.2265613079071045
17914,29,-0.023306846618652344
17915,23,-1.1011173725128174
17916,30,0.06877446174621582
17917,24,-1.0011518001556396
17918,27,-0.48878514766693115
17919,24,-0.9461125135421753
17920,18,-1.716418981552124
17921,30,0.08340692520141602
17922,28,-0.20960021018981934
17923,24,-0.9816710948944092
17924,30,0.023474931716918945
17925,29,-0.01464223861694336
17926,27,-0.39171266555786133
17927,26,-0.6382139921188354
17928,25,-0.7929290533065796
17929,22,-1.2028926610946655
17930,24,-0.9535032510757446
17931,27,-0.4603393077850342
17932,22,-1.2667070627212524
17933,26,-0.6336289644241333
17934,22,-1.213952898979187
17935,24,-0.9546257257461548
17936,22,-1.2602403163909912
17937,29,-0.08398222923278809
17938,24,-0.9686901569366455
17939,29,-0.08566403388977051
17940,27,-0.3726910352706909
17941,29,-0.04814791679382324
17942,24,-0.8849833011627197
17943,24,-0.9899375438690186
17944,23,-1.141014814376831
17945,21,-1.3542996644973755
17946,27,-0.448752760887146
17947,27,-0.35779714584350586
17948,30,0.13471031188964844
17949,27,-0.35019564628601074
17950,28,-0.2914707660675049
17951,28,-0.27993273735046387
17952,28,-0.22728586196899414
17953,19,-1.6127009391784668
17954,25,-0.7678514719009399
17955,27,-0.4095313549041748
17956,25,-0.8586311340332031
17957,28,-0.19917607307434082
17958,29,-0.0764915943145752
17959,26,-0.5943371057510376
17960,27,-0.3879115581512451
17961,19,-1.6576563119888306
17962,25,-0.7161593437194824
17963,24,-1.006357192993164
17964,28,-0.15870070457458496
17965,30,0.14189767837524414
17966,22,-1.309691309928894
17967,25,-0.7846311330795288
17968,23,-1.1255022287368774
17969,28,-0.2953808307647705
17970,9,-2.345165491104126
17971,29,-0.036208152770996094
17972,28,-0.3173072338104248
17973,27,-0.42601466178894043
17974,27,-0.3995429277420044
17975,25,-0.8729679584503174
17976,28,-0.2853217124938965
17977,7,-2.435697555541992
17978,29,-0.03523516654968262
17979,26,-0.5149725675582886
17980,25,-0.8075867891311646
17981,24,-0.9668278694152832
17982,23,-1.1889382600784302
17983,24,-1.037740707397461
17984,29,-0.14385604858398438
17985,28,-0.21366524696350098
17986,22,-1.2378851175308228
17987,26,-0.5155311822891235
17988,26,-0.6358845233917236
17989,26,-0.6723569631576538
17990,29,-0.09853672981262207
17991,28,-0.1756293773651123
17992,23,-1.110686182975769
17993,28,-0.20728087425231934
17994,26,-0.5727391242980957
17995,27,-0.4664885997772217
17996,29,-0.10131335258483887
17997,16,-1.9075038433074951
17998,26,-0.6713744401931763
17999,25,-0.7446826696395874
18000,19,-1.6469836235046387
18001,29,-0.08691644668579102
18002,23,-1.1052037477493286
18003,24,-1.0116143226623535
18004,29,-0.1480112075805664
18005,23,-1.0863858461380005
18006,27,-0.4759633541107178
18007,26,-0.5822380781173706
18008,20,-1.4992790222167969
18009,28,-0.2401590347290039
18010,25,-0.7231999635696411
18011,29,-0.12662672996520996
18012,9,-2.3289661407470703
18013,25,-0.7679688930511475
18014,26,-0.6395906209945679
18015,27,-0.4162454605102539
18016,28,-0.27118611335754395
18017,25,-0.7786303758621216
18018,25,-0.7877712249755859
18019,23,-1.1607930660247803
18020,28,-0.2610647678375244
18021,20,-1.471235990524292
18022,21,-1.4087285995483398
18023,28,-0.18561196327209473
18024,30,-0.007052421569824219
18025,25,-0.8007136583328247
18026,22,-1.314979076385498
18027,24,-0.9193384647369385
18028,27,-0.4715690612792969
18029,26,-0.5237503051757812
18030,26,-0.6307921409606934
18031,20,-1.5512166023254395
18032,28,-0.3057386875152588
18033,29,-0.050501346588134766
18034,24,-0.9297635555267334
18035,27,-0.37906599044799805
18036,24,-0.9078885316848755
18037,3,-2.6514947414398193
18038,28,-0.1802835464477539
18039,26,-0.6797130107879639
18040,29,-0.14897537231445312
18041,28,-0.32271385192871094
18042,27,-0.43907952308654785
18043,23,-1.1525790691375732
18044,25,-0.785551905632019
18045,22,-1.2845330238342285
18046,25,-0.7424337863922119
18047,27,-0.46240174770355225
18048,26,-0.5843678712844849
18049,19,-1.5860693454742432
18050,26,-0.6575827598571777
18051,28,-0.2830624580383301
18052,30,0.1307370662689209
18053,23,-1.1146174669265747
18054,27,-0.3354390859603882
18055,15,-1.973369836807251
18056,29,-0.08284282684326172
18057,23,-1.138942837715149
18058,24,-0.9884417057037354
18059,29,-0.15522313117980957
18060,28,-0.23186039924621582
18061,21,-1.4298758506774902
18062,27,-0.32818710803985596
18063,28,-0.29273128509521484
18064,11,-2.2378640174865723
18065,23,-1.1624369621276855
18066,27,-0.49292075634002686
18067,25,-0.801127552986145
18068,22,-1.2380931377410889
18069,7,-2.425593852996826
18070,30,0.008890390396118164
18071,25,-0.7221531867980957
18072,28,-0.21796751022338867
18073,29,-0.12280535697937012
18074,27,-0.46393883228302
18075,15,-1.9737554788589478
18076,27,-0.33157408237457275
18077,28,-0.2093818187713623
18078,28,-0.18840241432189941
18079,8,-2.3768815994262695
18080,22,-1.309065580368042
18081,26,-0.5402510166168213
18082,29,-0.09814691543579102
18083,30,0.03391695022583008
18084,27,-0.42017173767089844
18085,25,-0.7558126449584961
18086,27,-0.4217700958251953
18087,29,-0.01914691925048828
18088,29,-0.07524943351745605
18089,27,-0.44483482837677
18090,26,-0.6722466945648193
18091,30,0.07108426094055176
18092,25,-0.7263873815536499
18093,25,-0.8245911598205566
18094,26,-0.5799757242202759
18095,28,-0.17536187171936035
18096,27,-0.41057395935058594
18097,29,-0.0731964111328125
18098,29,-0.10329508781433105
18099,29,-0.07191252708435059
18100,26,-0.6251511573791504
18101,28,-0.3140493631362915
18102,29,-0.05209207534790039
18103,24,-0.9238429069519043
18104,28,-0.31130778789520264
18105,24,-1.0219424962997437
18106,25,-0.7440404891967773
18107,29,-0.1129918098449707
18108,26,-0.6278387308120728
18109,28,-0.26938962936401367
18110,26,-0.6904507875442505
18111,28,-0.27855968475341797
18112,23,-1.199811577796936
18113,25,-0.8707276582717896
18114,29,-0.12396407127380371
18115,21,-1.3694829940795898
18116,27,-0.39307546615600586
18117,29,-0.10129046440124512
18118,30,0.002464771270751953
18119,28,-0.22222304344177246
18120,29,-0.06720399856567383
18121,30,0.031204938888549805
18122,30,0.023895263671875
18123,30,0.1374657154083252
18124,26,-0.6027761697769165
18125,27,-0.4975292682647705
18126,24,-0.9069468975067139
18127,22,-1.2257256507873535
18128,28,-0.3103504180908203
18129,30,0.056778669357299805
18130,24,-0.9264125823974609
18131,25,-0.8614866733551025
18132,25,-0.7292476892471313
18133,22,-1.2409175634384155
18134,25,-0.7194540500640869
18135,28,-0.2274620532989502
18136,30,0.12103843688964844
18137,27,-0.44649064540863037
18138,30,0.07218146324157715
18139,28,-0.19913649559020996
18140,30,0.042574167251586914
18141,21,-1.438683032989502
18142,22,-1.3155310153961182
18143,28,-0.22584319114685059
18144,29,-0.14476919174194336
18145,27,-0.4433917999267578
18146,29,-0.03403306007385254
18147,29,-0.13893699645996094
18148,27,-0.4039689302444458
18149,29,-0.0791175365447998
18150,26,-0.5010782480239868
18151,28,-0.2899913787841797
18152,27,-0.3478519916534424
18153,25,-0.734980583190918
18154,22,-1.2605609893798828
18155,30,0.057181358337402344
18156,29,-0.08774852752685547
18157,25,-0.7666952610015869
18158,28,-0.201035737991333
18159,25,-0.7681915760040283
18160,26,-0.6540465354919434
18161,27,-0.3415011167526245
18162,16,-1.9083261489868164
18163,26,-0.6642199754714966
18164,26,-0.6017873287200928
18165,28,-0.16988587379455566
18166,26,-0.6129966974258423
18167,28,-0.2748525142669678
18168,28,-0.23850083351135254
18169,27,-0.492419958114624
18170,29,-0.07120370864868164
18171,28,-0.25157976150512695
18172,26,-0.5015836954116821
18173,15,-1.9598594903945923
18174,29,-0.07324743270874023
18175,28,-0.2919166088104248
18176,28,-0.25564122200012207
18177,30,0.0003898143768310547
18178,26,-0.6552551984786987
18179,5,-2.5576252937316895
18180,27,-0.4985302686691284
18181,25,-0.7120565176010132
18182,26,-0.6140557527542114
18183,25,-0.7744020223617554
18184,26,-0.5081088542938232
18185,29,-0.11179089546203613
18186,28,-0.17046070098876953
18187,6,-2.5153002738952637
18188,21,-1.4020979404449463
18189,21,-1.4217188358306885
18190,20,-1.5508296489715576
18191,25,-0.7935088872909546
18192,26,-0.6350791454315186
18193,30,0.11618661880493164
18194,26,-0.5847755670547485
18195,26,-0.532073974609375
18196,29,-0.13461923599243164
18197,28,-0.18028593063354492
18198,27,-0.364025354385376
18199,23,-1.1261985301971436
18200,25,-0.7028295993804932
18201,23,-1.1309438943862915
18202,30,0.1347949504852295
18203,27,-0.49963653087615967
18204,27,-0.3389437198638916
18205,29,-0.03966641426086426
18206,22,-1.2195067405700684
18207,29,-0.12506413459777832
18208,29,-0.10143327713012695
18209,23,-1.1024421453475952
18210,27,-0.32963573932647705
18211,12,-2.153815746307373
18212,24,-1.0116877555847168
18213,20,-1.5687084197998047
18214,29,-0.14856624603271484
18215,29,-0.14473271369934082
18216,30,0.012394428253173828
18217,27,-0.33172309398651123
18218,29,-0.09683656692504883
18219,27,-0.3578145503997803
18220,26,-0.6077879667282104
18221,23,-1.127752661705017
18222,29,-0.03857278823852539
18223,25,-0.8514454364776611
18224,26,-0.5330822467803955
18225,29,-0.05582594871520996
18226,29,-0.08231782913208008
18227,26,-0.5191782712936401
18228,30,0.13285422325134277
18229,29,-0.07306480407714844
18230,26,-0.5786381959915161
18231,25,-0.7312378883361816
18232,30,0.13664793968200684
18233,11,-2.2042760848999023
18234,28,-0.3178088665008545
18235,25,-0.7139543294906616
18236,28,-0.20014476776123047
18237,29,-0.09453654289245605
18238,28,-0.19671988487243652
18239,28,-0.26550984382629395
18240,29,-0.12497711181640625
18241,28,-0.29766273498535156
18242,26,-0.6739842891693115
18243,9,-2.3321874141693115
18244,27,-0.33311331272125244
18245,30,0.07491254806518555
18246,29,-0.14788198471069336
18247,28,-0.21950745582580566
18248,30,0.08323836326599121
18249,10,-2.296360492706299
18250,29,-0.14125800132751465
18251,28,-0.23291897773742676
18252,22,-1.2732268571853638
18253,25,-0.7087713479995728
18254,28,-0.24294447898864746
18255,27,-0.4345630407333374
18256,16,-1.881157398223877
18257,29,-0.10361170768737793
18258,24,-0.9020960330963135
18259,29,-0.03837156295776367
18260,25,-0.7475351095199585
18261,29,-0.14407658576965332
18262,27,-0.4855004549026489
18263,25,-0.7671339511871338
18264,27,-0.3340873718261719
18265,28,-0.30300259590148926
18266,16,-1.9107142686843872
18267,24,-0.9274322986602783
18268,29,-0.07614803314208984
18269,26,-0.6079416275024414
18270,13,-2.123295307159424
18271,29,-0.04372835159301758
18272,29,-0.12675070762634277
18273,24,-0.9007961750030518
18274,25,-0.8641663789749146
18275,18,-1.700333833694458
18276,25,-0.7287559509277344
18277,25,-0.781496524810791
18278,28,-0.19781112670898438
18279,26,-0.5996531248092651
18280,24,-0.9071865081787109
18281,27,-0.4019038677215576
18282,28,-0.18758225440979004
18283,27,-0.4203442335128784
18284,27,-0.4212179183959961
18285,26,-0.645795464515686
18286,28,-0.3055870532989502
18287,28,-0.23354196548461914
18288,25,-0.7605322599411011
18289,22,-1.2670801877975464
18290,26,-0.5589194297790527
18291,25,-0.7424416542053223
18292,29,-0.042287588119506836
18293,27,-0.34536874294281006
18294,24,-0.8886055946350098
18295,26,-0.5150518417358398
18296,30,0.11469602584838867
18297,24,-1.0418102741241455
18298,25,-0.763435959815979
18299,24,-0.9467216730117798
18300,23,-1.1228183507919312
18301,30,0.10882306098937988
18302,26,-0.5015158653259277
18303,29,-0.12787723541259766
18304,27,-0.4049466848373413
18305,29,-0.1351032257080078
18306,28,-0.2183842658996582
18307,25,-0.847021222114563
18308,30,0.12385678291320801
18309,28,-0.28541994094848633
18310,29,-0.09032034873962402
18311,29,-0.14394426345825195
18312,29,-0.08428335189819336
18313,30,0.13626718521118164
18314,22,-1.3081542253494263
18315,29,-0.10502934455871582
18316,22,-1.2684688568115234
18317,24,-0.9562960863113403
18318,29,-0.0946354866027832
18319,30,0.0322113037109375
18320,27,-0.4092494249343872
18321,6,-2.5067527294158936
18322,30,0.12181758880615234
18323,29,-0.04688310623168945
18324,30,0.043355464935302734
18325,29,-0.07404232025146484
18326,28,-0.31077146530151367
18327,13,-2.095377206802368
18328,27,-0.41826748847961426
18329,26,-0.6440225839614868
18330,15,-1.9410005807876587
18331,27,-0.4317774772644043
18332,8,-2.417371988296509
18333,28,-0.19622254371643066
18334,28,-0.25111937522888184
18335,27,-0.43599796295166016
18336,13,-2.074425220489502
18337,28,-0.28197550773620605
18338,24,-0.916151762008667
18339,28,-0.18054676055908203
18340,29,-0.04944181442260742
18341,30,0.03933382034301758
18342,4,-2.604766607284546
18343,28,-0.2848503589630127
18344,27,-0.3745661973953247
18345,29,-0.12345075607299805
18346,29,-0.0277402400970459
18347,29,-0.05417275428771973
18348,28,-0.31117475032806396
18349,29,-0.025769472122192383
18350,27,-0.4723067283630371
18351,30,0.12880802154541016
18352,16,-1.8637266159057617
18353,28,-0.19942688941955566
18354,25,-0.8461031913757324
18355,28,-0.3168755769729614
18356,21,-1.4102582931518555
18357,29,-0.09611797332763672
18358,27,-0.3544842004776001
18359,27,-0.36519384384155273
18360,26,-0.5523446798324585
18361,30,0.08403587341308594
18362,26,-0.6091774702072144
18363,28,-0.19074463844299316
18364,26,-0.5232706069946289
18365,30,0.06279969215393066
18366,26,-0.5647662878036499
18367,28,-0.2910585403442383
18368,28,-0.17261528968811035
18369,28,-0.28725504875183105
18370,27,-0.42509162425994873
18371,26,-0.6856144666671753
18372,28,-0.3075530529022217
18373,30,0.10102367401123047
18374,27,-0.46351897716522217
18375,27,-0.3277161121368408
18376,28,-0.23247289657592773
18377,28,-0.2872953414916992
18378,29,-0.08279705047607422
18379,25,-0.7394826412200928
18380,24,-0.9181180000305176
18381,27,-0.35574817657470703
18382,25,-0.8617038726806641
18383,25,-0.7037352323532104
18384,29,-0.023291349411010742
18385,26,-0.5835384130477905
18386,24,-0.9344974756240845
18387,27,-0.4710577726364136
18388,25,-0.7021061182022095
18389,28,-0.3029627799987793
18390,22,-1.2639522552490234
18391,26,-0.6323632001876831
18392,27,-0.4067575931549072
18393,26,-0.5036072731018066
18394,29,-0.10230875015258789
18395,29,-0.1551978588104248
18396,25,-0.7427265644073486
18397,27,-0.368959903717041
18398,25,-0.8502179384231567
18399,23,-1.0638532638549805
18400,28,-0.26139140129089355
18401,28,-0.20783281326293945
18402,29,-0.10923314094543457
18403,25,-0.7170335054397583
18404,30,0.11194968223571777
18405,28,-0.17798948287963867
18406,27,-0.43438172340393066
18407,29,-0.14919614791870117
18408,27,-0.41661953926086426
18409,30,0.03344082832336426
18410,25,-0.8411077260971069
18411,30,0.09193754196166992
18412,30,0.13259029388427734
18413,30,0.06959009170532227
18414,28,-0.2477741241455078
18415,28,-0.17689156532287598
18416,19,-1.596606969833374
18417,29,-0.03888678550720215
18418,25,-0.7699156999588013
18419,27,-0.33022332191467285
18420,29,-0.1221928596496582
18421,27,-0.331712007522583
18422,28,-0.2806568145751953
18423,24,-0.9390779733657837
18424,27,-0.350724458694458
18425,24,-0.9933059215545654
18426,28,-0.29886746406555176
18427,28,-0.23673224449157715
18428,29,-0.040987253189086914
18429,26,-0.5217692852020264
18430,29,-0.02717280387878418
18431,28,-0.2633357048034668
18432,28,-0.1653451919555664
18433,26,-0.52433180809021
18434,28,-0.20229291915893555
18435,24,-0.9360618591308594
18436,27,-0.4226696491241455
18437,30,0.12293148040771484
18438,13,-2.074601888656616
18439,24,-0.882026195526123
18440,30,-0.009764671325683594
18441,25,-0.8306384086608887
18442,25,-0.8325426578521729
18443,30,0.07437753677368164
18444,27,-0.37212657928466797
18445,30,0.11397814750671387
18446,23,-1.1233129501342773
18447,9,-2.332061529159546
18448,27,-0.43251144886016846
18449,28,-0.31393229961395264
18450,27,-0.353623628616333
18451,24,-1.0164766311645508
18452,28,-0.15834331512451172
18453,28,-0.16717910766601562
18454,30,-0.01087331771850586
18455,29,-0.09380269050598145
18456,26,-0.5294839143753052
18457,26,-0.6124567985534668
18458,29,-0.10812187194824219
18459,30,0.00516819953918457
18460,29,-0.06127142906188965
18461,25,-0.830929160118103
18462,29,-0.057282209396362305
18463,29,-0.1207437515258789
18464,26,-0.6835280656814575
18465,24,-1.0371789932250977
18466,25,-0.8284521102905273
18467,26,-0.5383795499801636
18468,28,-0.16631317138671875
18469,25,-0.8597960472106934
18470,28,-0.24972271919250488
18471,29,-0.11822199821472168
18472,30,0.06794023513793945
18473,30,-0.0008132457733154297
18474,15,-1.9851315021514893
18475,16,-1.9017815589904785
18476,28,-0.2901942729949951
18477,24,-0.9351603984832764
18478,9,-2.344421625137329
18479,28,-0.19672346115112305
18480,10,-2.302271604537964
18481,27,-0.40293705463409424
18482,14,-2.035205364227295
18483,30,0.13900279998779297
18484,8,-2.419124126434326
18485,28,-0.2012624740600586
18486,27,-0.42193102836608887
18487,27,-0.3909318447113037
18488,29,-0.027482032775878906
18489,29,-0.019344329833984375
18490,20,-1.5482903718948364
18491,29,-0.11126255989074707
18492,26,-0.5285906791687012
18493,30,0.08652734756469727
18494,25,-0.714342474937439
18495,22,-1.2056066989898682
18496,25,-0.7064965963363647
18497,27,-0.33296382427215576
18498,27,-0.3379323482513428
18499,14,-2.018376111984253
18500,29,-0.08817720413208008
18501,30,0.011662483215332031
18502,27,-0.3450406789779663
18503,28,-0.30747056007385254
18504,24,-1.007507085800171
18505,30,0.09986162185668945
18506,28,-0.31763994693756104
18507,30,0.13271021842956543
18508,30,0.13445210456848145
18509,30,-0.0006842613220214844
18510,24,-0.9863998889923096
18511,28,-0.22211885452270508
18512,23,-1.0730291604995728
18513,26,-0.6266307830810547
18514,3,-2.6385154724121094
18515,20,-1.5001633167266846
18516,27,-0.4911692142486572
18517,23,-1.0944329500198364
18518,28,-0.21455669403076172
18519,29,-0.14368367195129395
18520,21,-1.4340012073516846
18521,27,-0.3343998193740845
18522,29,-0.12471246719360352
18523,27,-0.3262968063354492
18524,30,0.13638854026794434
18525,29,-0.15193390846252441
18526,26,-0.6849297285079956
18527,26,-0.6153037548065186
18528,29,-0.11033129692077637
18529,25,-0.6967350244522095
18530,27,-0.35672080516815186
18531,25,-0.8746474981307983
18532,28,-0.23384928703308105
18533,22,-1.3149434328079224
18534,29,-0.021609783172607422
18535,28,-0.2783808708190918
18536,26,-0.5643521547317505
18537,30,0.12018775939941406
18538,29,-0.04614615440368652
18539,28,-0.31642282009124756
18540,29,-0.06754779815673828
18541,28,-0.3169289827346802
18542,28,-0.2603435516357422
18543,20,-1.517993688583374
18544,28,-0.30279111862182617
18545,30,0.12011981010437012
18546,26,-0.6584378480911255
18547,23,-1.1073678731918335
18548,24,-0.9167841672897339
18549,27,-0.3394840955734253
18550,27,-0.46295320987701416
18551,27,-0.33813250064849854
18552,28,-0.2995922565460205
18553,22,-1.2426509857177734
18554,28,-0.1897122859954834
18555,26,-0.6588741540908813
18556,25,-0.8791426420211792
18557,12,-2.190798759460449
18558,22,-1.284354567527771
18559,28,-0.30666232109069824
18560,27,-0.385148286819458
18561,25,-0.7985105514526367
18562,30,0.1364591121673584
18563,29,-0.014434099197387695
18564,29,-0.1446845531463623
18565,26,-0.6571109294891357
18566,28,-0.28556275367736816
18567,27,-0.39200353622436523
18568,30,-0.008858442306518555
18569,30,0.06670546531677246
18570,26,-0.6773563623428345
18571,29,-0.14247894287109375
18572,21,-1.4085053205490112
18573,30,0.06380486488342285
18574,13,-2.100947856903076
18575,28,-0.314039945602417
18576,29,-0.15079736709594727
18577,30,0.03249716758728027
18578,28,-0.20101094245910645
18579,17,-1.8464347124099731
18580,30,0.13112592697143555
18581,26,-0.5216684341430664
18582,25,-0.848878026008606
18583,27,-0.49762582778930664
18584,25,-0.8242052793502808
18585,27,-0.47752463817596436
18586,23,-1.0552033185958862
18587,26,-0.6310575008392334
18588,30,0.01164555549621582
18589,26,-0.5167827606201172
18590,27,-0.3278498649597168
18591,23,-1.1362277269363403
18592,17,-1.7808632850646973
18593,29,-0.07803106307983398
18594,27,-0.40508830547332764
18595,23,-1.0932824611663818
18596,30,0.05296015739440918
18597,25,-0.8158038854598999
18598,25,-0.7780051231384277
18599,19,-1.6076672077178955
18600,26,-0.641451358795166
18601,26,-0.6334187984466553
18602,27,-0.47108006477355957
18603,29,-0.1308131217956543
18604,28,-0.19568753242492676
18605,25,-0.7293227910995483
18606,30,0.1277627944946289
18607,27,-0.4164160490036011
18608,25,-0.8157057762145996
18609,28,-0.2703423500061035
18610,28,-0.17058658599853516
18611,29,-0.1421670913696289
18612,29,-0.02534770965576172
18613,30,0.037904977798461914
18614,28,-0.2329573631286621
18615,28,-0.2055671215057373
18616,15,-1.9953864812850952
18617,30,0.0016629695892333984
18618,29,-0.08353734016418457
18619,30,-0.0041866302490234375
18620,22,-1.2936772108078003
18621,27,-0.3602951765060425
18622,29,-0.05323934555053711
18623,29,-0.14199209213256836
18624,25,-0.8341788053512573
18625,30,0.0267031192779541
18626,25,-0.7203199863433838
18627,26,-0.6665352582931519
18628,28,-0.23720407485961914
18629,27,-0.3800584077835083
18630,24,-0.9325083494186401
18631,25,-0.8112475872039795
18632,26,-0.5976834297180176
18633,24,-0.9445191621780396
18634,25,-0.8221194744110107
18635,28,-0.2405555248260498
18636,30,0.03369784355163574
18637,29,-0.04882979393005371
18638,25,-0.7219110727310181
18639,27,-0.3627387285232544
18640,24,-0.8830951452255249
18641,28,-0.2522573471069336
18642,27,-0.34920477867126465
18643,26,-0.6258368492126465
18644,28,-0.2440032958984375
18645,20,-1.474419116973877
18646,23,-1.1178597211837769
18647,27,-0.36061620712280273
18648,26,-0.6088747978210449
18649,28,-0.2730121612548828
18650,23,-1.1523488759994507
18651,26,-0.5744916200637817
18652,29,-0.10855412483215332
18653,20,-1.5296378135681152
18654,29,-0.019566774368286133
18655,25,-0.8177006244659424
18656,26,-0.6436982154846191
18657,29,-0.07368636131286621
18658,25,-0.8412854671478271
18659,29,-0.09354329109191895
18660,26,-0.6076129674911499
18661,9,-2.3492321968078613
18662,26,-0.5322426557540894
18663,28,-0.22169065475463867
18664,28,-0.24968695640563965
18665,29,-0.03790688514709473
18666,27,-0.48217129707336426
18667,24,-0.9276525974273682
18668,28,-0.2454051971435547
18669,25,-0.8064818382263184
18670,13,-2.104381799697876
18671,28,-0.2581024169921875
18672,29,-0.014880180358886719
18673,30,0.13849449157714844
18674,29,-0.04979443550109863
18675,22,-1.3112826347351074
18676,27,-0.44062066078186035
18677,30,0.10219597816467285
18678,11,-2.2234644889831543
18679,22,-1.2909514904022217
18680,8,-2.380594491958618
18681,27,-0.35545456409454346
18682,30,0.10740280151367188
18683,27,-0.3952122926712036
18684,26,-0.6691936254501343
18685,29,-0.12998151779174805
18686,28,-0.1871809959411621
18687,27,-0.42558562755584717
18688,29,-0.15461397171020508
18689,27,-0.3275027275085449
18690,27,-0.3865574598312378
18691,29,-0.13995909690856934
18692,28,-0.18749547004699707
18693,18,-1.682833194732666
18694,30,0.004216670989990234
18695,27,-0.4065742492675781
18696,28,-0.2094426155090332
18697,30,0.03914356231689453
18698,30,0.022693157196044922
18699,29,-0.036226511001586914
18700,27,-0.48293209075927734
18701,29,-0.0826258659362793
18702,28,-0.2457566261291504
18703,27,-0.3553636074066162
18704,24,-0.8904657363891602
18705,30,0.06054806709289551
18706,27,-0.43751800060272217
18707,29,-0.13554716110229492
18708,18,-1.759440541267395
18709,23,-1.1704185009002686
18710,30,-0.0030517578125
18711,30,0.08739733695983887
18712,27,-0.41349101066589355
18713,25,-0.7269184589385986
18714,30,-0.013128519058227539
18715,25,-0.6997594833374023
18716,11,-2.2119805812835693
18717,26,-0.525693416595459
18718,28,-0.20562076568603516
18719,16,-1.9268412590026855
18720,28,-0.2753162384033203
18721,28,-0.24891996383666992
18722,29,-0.07333636283874512
18723,29,-0.0620269775390625
18724,25,-0.7949100732803345
18725,29,-0.13362622261047363
18726,23,-1.0558104515075684
18727,27,-0.32493114471435547
18728,28,-0.26117682456970215
18729,23,-1.1773091554641724
18730,30,0.09689116477966309
18731,30,0.1363201141357422
18732,28,-0.19651031494140625
18733,30,0.12961745262145996
18734,27,-0.4187767505645752
18735,30,0.054839372634887695
18736,27,-0.48789429664611816
18737,20,-1.4779103994369507
18738,27,-0.3637737035751343
18739,28,-0.16668939590454102
18740,22,-1.29548978805542
18741,26,-0.5387321710586548
18742,24,-0.9397546052932739
18743,7,-2.464400291442871
18744,24,-0.8895723819732666
18745,28,-0.2086777687072754
18746,29,-0.10161328315734863
18747,30,0.007943153381347656
18748,25,-0.7245749235153198
18749,25,-0.8729594945907593
18750,30,0.1104269027709961
18751,20,-1.5338003635406494
18752,24,-0.9016931056976318
18753,26,-0.5018441677093506
18754,29,-0.10375404357910156
18755,27,-0.3411848545074463
18756,29,-0.01641106605529785
18757,28,-0.17555594444274902
18758,28,-0.2802281379699707
18759,30,0.12673544883728027
18760,24,-0.9031099081039429
18761,27,-0.4372291564941406
18762,27,-0.490004301071167
18763,29,-0.06909728050231934
18764,27,-0.38181209564208984
18765,29,-0.03453493118286133
18766,30,0.05608677864074707
18767,29,-0.06909775733947754
18768,30,-0.008169889450073242
18769,28,-0.19890403747558594
18770,17,-1.8427379131317139
18771,8,-2.3890490531921387
18772,15,-1.9897778034210205
18773,25,-0.8182605504989624
18774,30,0.11760401725769043
18775,27,-0.33566153049468994
18776,30,0.07257413864135742
18777,27,-0.4276639223098755
18778,21,-1.3476589918136597
18779,27,-0.3564335107803345
18780,27,-0.35378873348236084
18781,29,-0.11838865280151367
18782,23,-1.1586096286773682
18783,26,-0.5110926628112793
18784,5,-2.5770263671875
18785,25,-0.7126069068908691
18786,28,-0.19706201553344727
18787,25,-0.7408468723297119
18788,28,-0.26659369468688965
18789,10,-2.27221941947937
18790,28,-0.3165102005004883
18791,29,-0.0874946117401123
18792,26,-0.603751540184021
18793,26,-0.687869668006897
18794,28,-0.2557411193847656
18795,29,-0.08685874938964844
18796,29,-0.05467820167541504
18797,30,-0.0035858154296875
18798,23,-1.0585803985595703
18799,29,-0.05638861656188965
18800,26,-0.5131903886795044
18801,29,-0.1097419261932373
18802,28,-0.2088303565979004
18803,28,-0.22408652305603027
18804,28,-0.16459250450134277
18805,30,-0.002165555953979492
18806,29,-0.12416529655456543
18807,26,-0.5064294338226318
18808,27,-0.38079988956451416
18809,30,0.08482599258422852
18810,29,-0.10676121711730957
18811,25,-0.701095700263977
18812,23,-1.1372337341308594
18813,28,-0.1770637035369873
18814,28,-0.3029041290283203
18815,30,0.0571599006652832
18816,29,-0.14755558967590332
18817,25,-0.698806881904602
18818,23,-1.0834709405899048
18819,27,-0.33195292949676514
18820,30,0.017414331436157227
18821,10,-2.278843641281128
18822,30,0.06033468246459961
18823,13,-2.108719825744629
18824,26,-0.6244055032730103
18825,25,-0.7486032247543335
18826,15,-1.9757131338119507
18827,30,0.13222432136535645
18828,27,-0.3272744417190552
18829,30,0.10364508628845215
18830,29,-0.10852265357971191
18831,28,-0.26335692405700684
18832,30,0.050101280212402344
18833,25,-0.7153874635696411
18834,29,-0.13057851791381836
18835,29,-0.03281235694885254
18836,26,-0.6664372682571411
18837,30,0.10462808609008789
18838,12,-2.1945223808288574
18839,27,-0.37743330001831055
18840,21,-1.425870418548584
18841,23,-1.0673617124557495
18842,28,-0.27614831924438477
18843,26,-0.5539169311523438
18844,29,-0.020280122756958008
18845,28,-0.20024466514587402
18846,26,-0.5891273021697998
18847,15,-1.9770740270614624
18848,28,-0.1934981346130371
18849,29,-0.03623819351196289
18850,27,-0.3740326166152954
18851,28,-0.17512917518615723
18852,30,0.09090471267700195
18853,30,-0.011899709701538086
18854,25,-0.8308178186416626
18855,29,-0.14206337928771973
18856,16,-1.9042686223983765
18857,11,-2.217334032058716
18858,29,-0.10132336616516113
18859,25,-0.8453834056854248
18860,29,-0.015675067901611328
18861,27,-0.4543147087097168
18862,30,0.1359539031982422
18863,28,-0.2539081573486328
18864,27,-0.4123438596725464
18865,29,-0.08936262130737305
18866,29,-0.10573267936706543
18867,26,-0.6082344055175781
18868,27,-0.3789074420928955
18869,27,-0.4070671796798706
18870,29,-0.1387183666229248
18871,28,-0.21609115600585938
18872,28,-0.20952701568603516
18873,24,-0.9368094205856323
18874,14,-2.025892496109009
18875,29,-0.15645432472229004
18876,30,0.12534117698669434
18877,28,-0.18687868118286133
18878,30,0.024588346481323242
18879,29,-0.10143923759460449
18880,28,-0.20624756813049316
18881,30,0.037809133529663086
18882,30,0.06676173210144043
18883,27,-0.4832456111907959
18884,29,-0.06078338623046875
18885,27,-0.37002861499786377
18886,30,0.041796207427978516
18887,25,-0.7948713302612305
18888,27,-0.3829007148742676
18889,24,-1.029850959777832
18890,27,-0.42020297050476074
18891,23,-1.1421942710876465
18892,28,-0.2525956630706787
18893,29,-0.06908202171325684
18894,30,0.004857778549194336
18895,26,-0.5917133092880249
18896,25,-0.7916305065155029
18897,30,0.060945987701416016
18898,28,-0.1822798252105713
18899,23,-1.1118950843811035
18900,26,-0.6650457382202148
18901,28,-0.22634077072143555
18902,30,0.13544607162475586
18903,30,0.07363724708557129
18904,27,-0.39323437213897705
18905,13,-2.102490186691284
18906,29,-0.04760551452636719
18907,29,-0.1315631866455078
18908,27,-0.3763449192047119
18909,28,-0.21810221672058105
18910,29,-0.13933634757995605
18911,27,-0.4001035690307617
18912,30,0.1244497299194336
18913,29,-0.1267237663269043
18914,28,-0.21195435523986816
18915,21,-1.361220121383667
18916,23,-1.09708833694458
18917,29,-0.13354921340942383
18918,28,-0.3008553981781006
18919,11,-2.2002742290496826
18920,10,-2.2704780101776123
18921,29,-0.12116456031799316
18922,28,-0.226609468460083
18923,27,-0.3712416887283325
18924,28,-0.19223308563232422
18925,30,0.028174638748168945
18926,29,-0.0809333324432373
18927,28,-0.3059866428375244
18928,29,-0.14032983779907227
18929,29,-0.018497705459594727
18930,30,0.007270097732543945
18931,28,-0.1863086223602295
18932,25,-0.8287707567214966
18933,28,-0.2534615993499756
18934,16,-1.9016878604888916
18935,27,-0.413673996925354
18936,29,-0.07052731513977051
18937,28,-0.17311644554138184
18938,30,0.1375131607055664
18939,23,-1.0604418516159058
18940,24,-0.9994677305221558
18941,29,-0.04905986785888672
18942,27,-0.4789731502532959
18943,26,-0.5338935852050781
18944,29,-0.11075973510742188
18945,28,-0.31065869331359863
18946,6,-2.519137382507324
18947,29,-0.11138057708740234
18948,30,0.05848979949951172
18949,27,-0.337557315826416
18950,13,-2.1274895668029785
18951,28,-0.16106009483337402
18952,25,-0.8178920745849609
18953,28,-0.22675013542175293
18954,6,-2.4972383975982666
18955,27,-0.3397047519683838
18956,28,-0.23188066482543945
18957,25,-0.7943313121795654
18958,29,-0.11508822441101074
18959,23,-1.107242226600647
18960,29,-0.09394645690917969
18961,27,-0.41669678688049316
18962,26,-0.5262482166290283
18963,25,-0.8104697465896606
18964,29,-0.10602807998657227
18965,30,0.09155726432800293
18966,29,-0.08668780326843262
18967,30,0.0392146110534668
18968,27,-0.4784700870513916
18969,27,-0.34064579010009766
18970,26,-0.5081174373626709
18971,13,-2.1260640621185303
18972,23,-1.0780057907104492
18973,21,-1.3640978336334229
18974,28,-0.31428492069244385
18975,29,-0.10919070243835449
18976,28,-0.2730717658996582
18977,29,-0.09977388381958008
18978,27,-0.3908809423446655
18979,24,-0.9624754190444946
18980,27,-0.47640252113342285
18981,26,-0.5439263582229614
18982,29,-0.14259767532348633
18983,30,0.044303178787231445
18984,29,-0.024366140365600586
18985,29,-0.10037517547607422
18986,28,-0.2228384017944336
18987,30,-0.004266262054443359
18988,30,0.002257108688354492
18989,28,-0.31846892833709717
18990,29,-0.09299588203430176
18991,28,-0.18398237228393555
18992,27,-0.37503159046173096
18993,28,-0.21527767181396484
18994,25,-0.8550413846969604
18995,24,-0.9108160734176636
18996,29,-0.09696722030639648
18997,29,-0.06882095336914062
18998,30,0.06533026695251465
18999,14,-2.04621958732605
19000,28,-0.1650390625
19001,26,-0.5974572896957397
19002,29,-0.02674579620361328
19003,8,-2.4092040061950684
19004,27,-0.34078896045684814
19005,29,-0.14635419845581055
19006,29,-0.12772774696350098
19007,29,-0.015484333038330078
19008,29,-0.021477222442626953
19009,27,-0.45042192935943604
19010,25,-0.6952778100967407
19011,28,-0.28895115852355957
19012,29,-0.09716081619262695
19013,23,-1.1763900518417358
19014,28,-0.22923707962036133
19015,28,-0.2319622039794922
19016,30,0.01585102081298828
19017,28,-0.262789249420166
19018,28,-0.23971343040466309
19019,30,0.05216693878173828
19020,27,-0.48053956031799316
19021,26,-0.6328917741775513
19022,29,-0.12622952461242676
19023,28,-0.18825483322143555
19024,28,-0.18729925155639648
19025,29,-0.0517115592956543
19026,25,-0.8436890840530396
19027,29,-0.059760093688964844
19028,29,-0.07832598686218262
19029,30,0.05481100082397461
19030,26,-0.6004781723022461
19031,30,0.08243894577026367
19032,30,0.11363077163696289
19033,29,-0.061019182205200195
19034,28,-0.20414423942565918
19035,29,-0.0219271183013916
19036,27,-0.5003798007965088
19037,30,-0.005198001861572266
19038,28,-0.29045724868774414
19039,10,-2.2958667278289795
19040,26,-0.6435761451721191
19041,29,-0.07684111595153809
19042,28,-0.16097450256347656
19043,28,-0.2295389175415039
19044,27,-0.35148346424102783
19045,30,0.06390929222106934
19046,29,-0.02416205406188965
19047,30,0.11916255950927734
19048,30,0.08519864082336426
19049,17,-1.8458843231201172
19050,25,-0.7921186685562134
19051,27,-0.41840994358062744
19052,29,-0.11171102523803711
19053,28,-0.24938035011291504
19054,28,-0.28596043586730957
19055,28,-0.2366011142730713
19056,27,-0.4871584177017212
19057,30,0.02846550941467285
19058,27,-0.4930952787399292
19059,28,-0.16504454612731934
19060,28,-0.24170708656311035
19061,24,-0.9459741115570068
19062,29,-0.07628822326660156
19063,23,-1.0603748559951782
19064,27,-0.32424235343933105
19065,29,-0.09723043441772461
19066,27,-0.39206457138061523
19067,28,-0.1672041416168213
19068,29,-0.07736468315124512
19069,30,0.043868303298950195
19070,30,0.040648698806762695
19071,30,0.10510516166687012
19072,27,-0.4823530912399292
19073,28,-0.19484567642211914
19074,28,-0.2818944454193115
19075,28,-0.28916168212890625
19076,26,-0.5625138282775879
19077,15,-2.0060923099517822
19078,25,-0.8060824871063232
19079,26,-0.650647759437561
19080,28,-0.302001953125
19081,30,0.04976201057434082
19082,29,-0.06257748603820801
19083,28,-0.16378283500671387
19084,26,-0.6474977731704712
19085,24,-0.8898203372955322
19086,29,-0.15520286560058594
19087,30,0.016571521759033203
19088,28,-0.15738487243652344
19089,28,-0.18149447441101074
19090,28,-0.25865960121154785
19091,21,-1.4628359079360962
19092,30,-0.010968208312988281
19093,29,-0.13165998458862305
19094,29,-0.0140228271484375
19095,27,-0.4488729238510132
19096,27,-0.4106377363204956
19097,26,-0.6011064052581787
19098,29,-0.046346426010131836
19099,30,0.0690767765045166
19100,30,-0.0014142990112304688
19101,29,-0.07592654228210449
19102,29,-0.018589496612548828
19103,28,-0.2754783630371094
19104,30,0.04563164710998535
19105,29,-0.15032005310058594
19106,30,0.13606619834899902
19107,28,-0.1937267780303955
19108,28,-0.24123811721801758
19109,28,-0.31288671493530273
19110,29,-0.052710771560668945
19111,26,-0.6503314971923828
19112,14,-2.0165224075317383
19113,27,-0.4049423933029175
19114,29,-0.027280569076538086
19115,26,-0.6694207191467285
19116,30,0.009314537048339844
19117,29,-0.022446870803833008
19118,26,-0.583740234375
19119,25,-0.7629238367080688
19120,29,-0.12093758583068848
19121,30,0.06639719009399414
19122,29,-0.049808502197265625
19123,28,-0.22391414642333984
19124,30,0.07884907722473145
19125,25,-0.7221666574478149
19126,29,-0.08481836318969727
19127,12,-2.17169189453125
19128,29,-0.09996819496154785
19129,27,-0.4492647647857666
19130,30,-0.0006625652313232422
19131,30,0.11698222160339355
19132,27,-0.4834171533584595
19133,30,0.07293128967285156
19134,29,-0.05926346778869629
19135,30,0.021942853927612305
19136,30,0.08511614799499512
19137,28,-0.22298169136047363
19138,30,-0.011603355407714844
19139,28,-0.16791915893554688
19140,13,-2.0767910480499268
19141,29,-0.0625910758972168
19142,26,-0.6137511730194092
19143,23,-1.0659151077270508
19144,26,-0.5883536338806152
19145,27,-0.42173731327056885
19146,27,-0.41613101959228516
19147,29,-0.07618832588195801
19148,29,-0.07255053520202637
19149,29,-0.13083767890930176
19150,27,-0.33757030963897705
19151,27,-0.332275390625
19152,30,0.08328771591186523
19153,27,-0.32418227195739746
19154,27,-0.3276522159576416
19155,30,-0.006591320037841797
19156,30,-0.0074808597564697266
19157,28,-0.22344374656677246
19158,27,-0.4869999885559082
19159,28,-0.29184532165527344
19160,29,-0.14280200004577637
19161,29,-0.13572072982788086
19162,29,-0.06949186325073242
19163,29,-0.09260821342468262
19164,30,0.033852338790893555
19165,29,-0.12312126159667969
19166,27,-0.36711251735687256
19167,28,-0.15901541709899902
19168,26,-0.553309440612793
19169,26,-0.5520099401473999
19170,28,-0.30555009841918945
19171,18,-1.7123699188232422
19172,30,0.10575580596923828
19173,29,-0.013971805572509766
19174,26,-0.5820013284683228
19175,25,-0.8314254283905029
19176,18,-1.7630964517593384
19177,16,-1.9073503017425537
19178,24,-0.9095561504364014
19179,26,-0.6054812669754028
19180,30,0.03953266143798828
19181,17,-1.850752592086792
19182,28,-0.17142748832702637
19183,28,-0.29998230934143066
19184,29,-0.08922052383422852
19185,28,-0.2419891357421875
19186,25,-0.8571732044219971
19187,27,-0.44773149490356445
19188,29,-0.023042917251586914
19189,30,0.0045278072357177734
19190,29,-0.12222170829772949
19191,26,-0.678381085395813
19192,29,-0.017010927200317383
19193,28,-0.26519107818603516
19194,28,-0.17065787315368652
19195,29,-0.049299001693725586
19196,30,0.05358624458312988
19197,30,0.06073641777038574
19198,27,-0.4807475805282593
19199,24,-0.9679369926452637
19200,29,-0.09310626983642578
19201,29,-0.034531593322753906
19202,27,-0.44070637226104736
19203,29,-0.15106868743896484
19204,30,0.1211538314819336
19205,9,-2.3231201171875
19206,11,-2.2416515350341797
19207,28,-0.1831209659576416
19208,30,0.11953234672546387
19209,27,-0.3719271421432495
19210,7,-2.459599494934082
19211,27,-0.3528505563735962
19212,24,-0.9533814191818237
19213,29,-0.07224655151367188
19214,28,-0.3200763463973999
19215,30,0.04564619064331055
19216,28,-0.26200389862060547
19217,28,-0.2121894359588623
19218,29,-0.12738275527954102
19219,28,-0.21486830711364746
19220,30,-0.007505178451538086
19221,24,-0.9185749292373657
19222,30,0.09723567962646484
19223,30,0.10571861267089844
19224,30,0.07464790344238281
19225,29,-0.016840219497680664
19226,26,-0.5666718482971191
19227,29,-0.036203622817993164
19228,27,-0.3795691728591919
19229,30,0.006939411163330078
19230,30,0.1223604679107666
19231,28,-0.19586586952209473
19232,28,-0.2387981414794922
19233,29,-0.05606365203857422
19234,27,-0.3558138608932495
19235,29,-0.047147274017333984
19236,29,-0.030421018600463867
19237,27,-0.3539344072341919
19238,29,-0.06893587112426758
19239,27,-0.43052542209625244
19240,30,0.07677292823791504
19241,29,-0.036017656326293945
19242,9,-2.3189353942871094
19243,29,-0.08113646507263184
19244,25,-0.7089352607727051
19245,28,-0.16102123260498047
19246,29,-0.15525507926940918
19247,18,-1.7099940776824951
19248,29,-0.03795623779296875
19249,29,-0.08059549331665039
19250,29,-0.15558958053588867
19251,29,-0.08159303665161133
19252,27,-0.42386889457702637
19253,26,-0.576238751411438
19254,29,-0.0757899284362793
19255,28,-0.19179129600524902
19256,29,-0.04865574836730957
19257,30,0.030340194702148438
19258,28,-0.23296642303466797
19259,28,-0.20839214324951172
19260,29,-0.1215815544128418
19261,29,-0.10345816612243652
19262,28,-0.16752982139587402
19263,25,-0.7590959072113037
19264,29,-0.052438974380493164
19265,29,-0.04985642433166504
19266,24,-0.9731642007827759
19267,30,0.07673525810241699
19268,24,-0.9135725498199463
19269,20,-1.5432238578796387
19270,28,-0.20235466957092285
19271,29,-0.03213977813720703
19272,27,-0.3602283000946045
19273,28,-0.18335342407226562
19274,30,0.09136199951171875
19275,29,-0.0411686897277832
19276,30,0.022822856903076172
19277,30,0.12491774559020996
19278,29,-0.10959887504577637
19279,4,-2.6129729747772217
19280,28,-0.19330644607543945
19281,28,-0.26964902877807617
19282,30,0.018186330795288086
19283,29,-0.08228421211242676
19284,29,-0.04962944984436035
19285,9,-2.358880043029785
19286,28,-0.2186598777770996
19287,25,-0.7084462642669678
19288,30,0.03661680221557617
19289,30,-0.007677555084228516
19290,28,-0.185835599899292
19291,27,-0.48629307746887207
19292,30,0.06816506385803223
19293,30,0.12748932838439941
19294,29,-0.1451408863067627
19295,30,-0.007923603057861328
19296,30,0.11630940437316895
19297,27,-0.3573349714279175
19298,28,-0.30480289459228516
19299,30,0.048615455627441406
19300,29,-0.029203176498413086
19301,28,-0.24672961235046387
19302,26,-0.5588728189468384
19303,29,-0.13615918159484863
19304,28,-0.16871047019958496
19305,29,-0.13100600242614746
19306,23,-1.0876823663711548
19307,30,0.10588669776916504
19308,26,-0.6913862228393555
19309,29,-0.13195562362670898
19310,28,-0.22197341918945312
19311,28,-0.17670297622680664
19312,26,-0.6209994554519653
19313,29,-0.06253433227539062
19314,29,-0.01794266700744629
19315,28,-0.16559147834777832
19316,30,0.0006253719329833984
19317,30,0.0561373233795166
19318,29,-0.05419468879699707
19319,28,-0.3088071346282959
19320,23,-1.174033761024475
19321,25,-0.8205767869949341
19322,29,-0.04425930976867676
19323,24,-0.970794677734375
19324,27,-0.45710742473602295
19325,26,-0.645890474319458
19326,30,0.06120729446411133
19327,26,-0.5017045736312866
19328,27,-0.3420192003250122
19329,28,-0.31901228427886963
19330,28,-0.1814725399017334
19331,28,-0.22020602226257324
19332,26,-0.605754017829895
19333,27,-0.3930182456970215
19334,29,-0.062186241149902344
19335,29,-0.10486173629760742
19336,29,-0.07850456237792969
19337,29,-0.03602123260498047
19338,30,0.09834790229797363
19339,27,-0.38429832458496094
19340,30,0.007989645004272461
19341,28,-0.1829526424407959
19342,29,-0.1008915901184082
19343,29,-0.11157965660095215
19344,28,-0.16922616958618164
19345,13,-2.1355671882629395
19346,30,0.058537960052490234
19347,25,-0.8181049823760986
19348,30,0.09910726547241211
19349,30,-0.010094404220581055
19350,5,-2.5382943153381348
19351,28,-0.17094922065734863
19352,28,-0.20584726333618164
19353,29,-0.06200885772705078
19354,30,0.10860013961791992
19355,29,-0.10989189147949219
19356,30,0.066070556640625
19357,24,-1.0159600973129272
19358,28,-0.1924123764038086
19359,25,-0.708380937576294
19360,30,0.07178378105163574
19361,29,-0.041402339935302734
19362,28,-0.22847437858581543
19363,26,-0.6068204641342163
19364,29,-0.07868719100952148
19365,29,-0.12057828903198242
19366,30,0.01133275032043457
19367,30,0.05108642578125
19368,29,-0.07331204414367676
19369,29,-0.016514301300048828
19370,27,-0.32475996017456055
19371,20,-1.552196741104126
19372,28,-0.30567073822021484
19373,30,0.14029550552368164
19374,30,0.09822678565979004
19375,28,-0.2399604320526123
19376,28,-0.2941243648529053
19377,30,0.07119488716125488
19378,29,-0.08658266067504883
19379,24,-0.9996193647384644
19380,28,-0.29123353958129883
19381,28,-0.3005635738372803
19382,27,-0.46834611892700195
19383,30,0.08292222023010254
19384,30,0.06050467491149902
19385,30,0.0315706729888916
19386,30,0.012521743774414062
19387,28,-0.30544471740722656
19388,19,-1.6365412473678589
19389,30,0.0580899715423584
19390,20,-1.5054069757461548
19391,28,-0.19698405265808105
19392,30,0.07265639305114746
19393,26,-0.625490665435791
19394,27,-0.3458588123321533
19395,29,-0.028854846954345703
19396,29,-0.07103562355041504
19397,26,-0.550490140914917
19398,27,-0.4659922122955322
19399,8,-2.3724842071533203
19400,30,0.015700817108154297
19401,30,0.03231310844421387
19402,28,-0.20324230194091797
19403,6,-2.4803049564361572
19404,26,-0.5330628156661987
19405,28,-0.17925024032592773
19406,29,-0.08798003196716309
19407,30,-0.008638620376586914
19408,28,-0.17282819747924805
19409,30,0.05003094673156738
19410,30,0.05002450942993164
19411,30,-0.00931406021118164
19412,28,-0.24820923805236816
19413,29,-0.06017708778381348
19414,27,-0.3908771276473999
19415,16,-1.8882336616516113
19416,29,-0.10244536399841309
19417,26,-0.597602128982544
19418,30,-0.0024328231811523438
19419,29,-0.06043505668640137
19420,30,-0.010042190551757812
19421,29,-0.07038354873657227
19422,23,-1.1036334037780762
19423,11,-2.249621629714966
19424,28,-0.16984057426452637
19425,29,-0.036759376525878906
19426,26,-0.6084842681884766
19427,30,-0.004067182540893555
19428,22,-1.3324161767959595
19429,28,-0.21408867835998535
19430,15,-1.9697484970092773
19431,30,0.02731037139892578
19432,7,-2.462043285369873
19433,29,-0.030462265014648438
19434,29,-0.1194767951965332
19435,30,0.02724289894104004
19436,30,0.06000113487243652
19437,29,-0.08314681053161621
19438,10,-2.268317461013794
19439,28,-0.2412886619567871
19440,30,0.012146949768066406
19441,30,0.010526657104492188
19442,28,-0.3097977638244629
19443,27,-0.46114301681518555
19444,30,-0.00883936882019043
19445,10,-2.2635154724121094
19446,20,-1.5620605945587158
19447,28,-0.27654385566711426
19448,29,-0.13879060745239258
19449,30,0.027915000915527344
19450,30,0.032363176345825195
19451,30,0.1008150577545166
19452,29,-0.05256342887878418
19453,28,-0.1835780143737793
19454,10,-2.302363157272339
19455,29,-0.10738158226013184
19456,30,0.10407900810241699
19457,30,0.03696846961975098
19458,29,-0.050963640213012695
19459,30,0.0657036304473877
19460,8,-2.381488800048828
19461,30,0.012081146240234375
19462,30,0.1366713047027588
19463,27,-0.32567548751831055
19464,27,-0.34818387031555176
19465,30,0.011480093002319336
19466,28,-0.2709939479827881
19467,28,-0.16534042358398438
19468,12,-2.1744072437286377
19469,8,-2.400297164916992
19470,20,-1.5613341331481934
19471,16,-1.9045509099960327
19472,28,-0.18384909629821777
19473,27,-0.34316205978393555
19474,29,-0.11036562919616699
19475,29,-0.019745826721191406
19476,30,0.05672287940979004
19477,27,-0.4118911027908325
19478,27,-0.4613809585571289
19479,30,0.10111474990844727
19480,27,-0.40927553176879883
19481,23,-1.1751201152801514
19482,28,-0.20214629173278809
19483,29,-0.014036178588867188
19484,20,-1.5210238695144653
19485,28,-0.16007542610168457
19486,27,-0.3749094009399414
19487,28,-0.19785475730895996
19488,28,-0.2939615249633789
19489,28,-0.17001652717590332
19490,27,-0.35463571548461914
19491,11,-2.246877431869507
19492,25,-0.8760470151901245
19493,28,-0.19350051879882812
19494,15,-1.9448766708374023
19495,29,-0.12188720703125
19496,29,-0.0739905834197998
19497,29,-0.042215824127197266
19498,30,0.13691926002502441
19499,30,-0.009287834167480469
19500,30,0.13545823097229004
19501,29,-0.12190937995910645
19502,30,0.06932830810546875
19503,29,-0.07191348075866699
19504,28,-0.1878955364227295
19505,29,-0.10760760307312012
19506,29,-0.08097052574157715
19507,30,0.13626813888549805
19508,16,-1.8657948970794678
19509,28,-0.31670165061950684
19510,9,-2.3609111309051514
19511,30,-0.0008914470672607422
19512,30,0.04990386962890625
19513,28,-0.2809290885925293
19514,29,-0.05001974105834961
19515,29,-0.061852216720581055
19516,28,-0.21211862564086914
19517,21,-1.3721773624420166
19518,30,0.04507756233215332
19519,29,-0.050660133361816406
19520,17,-1.7823476791381836
19521,30,0.016581296920776367
19522,29,-0.05876421928405762
19523,30,-0.01047205924987793
19524,30,-0.0031156539916992188
19525,27,-0.469529390335083
19526,29,-0.053449392318725586
19527,29,-0.14096808433532715
19528,27,-0.33421921730041504
19529,29,-0.13161110877990723
19530,30,0.05093550682067871
19531,29,-0.0938575267791748
19532,16,-1.8682584762573242
19533,8,-2.4180829524993896
19534,27,-0.3499150276184082
19535,21,-1.4258911609649658
19536,30,0.05237436294555664
19537,28,-0.3077845573425293
19538,23,-1.1465398073196411
19539,30,0.11864995956420898
19540,29,-0.11553621292114258
19541,29,-0.11628222465515137
19542,29,-0.06515073776245117
19543,27,-0.499456524848938
19544,29,-0.08223319053649902
19545,30,0.04367351531982422
19546,28,-0.19436025619506836
19547,30,0.13543462753295898
19548,29,-0.03940701484680176
19549,20,-1.4962575435638428
19550,28,-0.1774125099182129
19551,29,-0.04436087608337402
19552,30,0.10049223899841309
19553,30,0.03353071212768555
19554,29,-0.03319287300109863
19555,13,-2.086310863494873
19556,29,-0.07589101791381836
19557,30,-0.0031926631927490234
19558,30,0.04848766326904297
19559,15,-1.9977155923843384
19560,30,0.0016217231750488281
19561,30,-0.0004725456237792969
19562,30,0.11755585670471191
19563,29,-0.022876739501953125
19564,30,0.052704572677612305
19565,29,-0.07514691352844238
19566,30,0.1298961639404297
19567,28,-0.19743084907531738
19568,29,-0.08031725883483887
19569,29,-0.08054113388061523
19570,5,-2.5538127422332764
19571,30,0.0348663330078125
19572,29,-0.06970620155334473
19573,29,-0.05385589599609375
19574,30,0.05533552169799805
19575,16,-1.9009373188018799
19576,28,-0.1880331039428711
19577,27,-0.3516383171081543
19578,15,-1.9813084602355957
19579,9,-2.365255832672119
19580,20,-1.515000581741333
19581,28,-0.22475171089172363
19582,25,-0.7997065782546997
19583,30,0.06195855140686035
19584,27,-0.37706196308135986
19585,29,-0.031423330307006836
19586,29,-0.026355743408203125
19587,25,-0.7100042104721069
19588,30,0.10634088516235352
19589,14,-2.059234857559204
19590,29,-0.06868433952331543
19591,30,0.11432647705078125
19592,30,0.12491965293884277
19593,29,-0.023792743682861328
19594,27,-0.4049091339111328
19595,30,0.03944802284240723
19596,15,-1.9931747913360596
19597,29,-0.10250020027160645
19598,30,0.1291513442993164
19599,29,-0.1393437385559082
19600,30,0.08830785751342773
19601,30,0.11376714706420898
19602,30,0.1188666820526123
19603,27,-0.44725286960601807
19604,29,-0.0815892219543457
19605,29,-0.09632492065429688
19606,30,-0.0009655952453613281
19607,29,-0.02184295654296875
19608,30,0.03933429718017578
19609,29,-0.12476396560668945
19610,28,-0.16231203079223633
19611,30,0.0008366107940673828
19612,29,-0.13322973251342773
19613,28,-0.20575571060180664
19614,28,-0.26358509063720703
19615,30,-0.0005915164947509766
19616,28,-0.24152183532714844
19617,30,0.04973268508911133
19618,30,0.025317668914794922
19619,27,-0.3390328884124756
19620,29,-0.013429641723632812
19621,29,-0.040831804275512695
19622,29,-0.04929232597351074
19623,28,-0.2514338493347168
19624,30,0.10605382919311523
19625,27,-0.37037110328674316
19626,29,-0.13931703567504883
19627,24,-0.9459784030914307
19628,29,-0.09867119789123535
19629,30,0.08289313316345215
19630,30,0.0908043384552002
19631,29,-0.09864544868469238
19632,29,-0.05643439292907715
19633,30,0.09733271598815918
19634,15,-1.974510908126831
19635,30,0.03894972801208496
19636,29,-0.10896039009094238
19637,30,0.015888690948486328
19638,30,-0.013032674789428711
19639,30,0.11009907722473145
19640,29,-0.11717009544372559
19641,17,-1.7855658531188965
19642,28,-0.2312455177307129
19643,30,0.11708474159240723
19644,30,0.10806560516357422
19645,28,-0.16959214210510254
19646,30,0.0050165653228759766
19647,29,-0.04855847358703613
19648,30,-0.009670257568359375
19649,29,-0.08295226097106934
19650,23,-1.054307460784912
19651,30,0.02305746078491211
19652,30,0.022255897521972656
19653,30,-0.0024237632751464844
19654,23,-1.1826000213623047
19655,30,0.11873483657836914
19656,28,-0.16721892356872559
19657,29,-0.05976152420043945
19658,28,-0.25968122482299805
19659,29,-0.12062454223632812
19660,30,0.009203910827636719
19661,29,-0.024671316146850586
19662,30,-0.0051174163818359375
19663,30,0.12063169479370117
19664,16,-1.882908582687378
19665,29,-0.0340120792388916
19666,29,-0.0310513973236084
19667,27,-0.4534642696380615
19668,30,0.10005998611450195
19669,29,-0.0399017333984375
19670,28,-0.23357343673706055
19671,23,-1.158703088760376
19672,30,0.09908461570739746
19673,29,-0.09409856796264648
19674,29,-0.0756688117980957
19675,28,-0.29616475105285645
19676,30,0.022919654846191406
19677,30,0.11585330963134766
19678,27,-0.38989031314849854
19679,29,-0.10556674003601074
19680,28,-0.16105937957763672
19681,29,-0.07717299461364746
19682,9,-2.3268141746520996
19683,27,-0.40730714797973633
19684,28,-0.3042001724243164
19685,30,0.009619712829589844
19686,30,0.14120244979858398
19687,30,0.09065794944763184
19688,30,0.05973029136657715
19689,29,-0.08584260940551758
19690,29,-0.07579636573791504
19691,30,0.02038121223449707
19692,29,-0.06219625473022461
19693,30,0.11518287658691406
19694,29,-0.038300514221191406
19695,28,-0.26845240592956543
19696,26,-0.6682673692703247
19697,29,-0.04717850685119629
19698,29,-0.04927325248718262
19699,28,-0.3234323263168335
19700,22,-1.3291525840759277
19701,29,-0.014295101165771484
19702,28,-0.16385889053344727
19703,14,-2.033993721008301
19704,30,0.11521506309509277
19705,30,0.028522491455078125
19706,18,-1.677868366241455
19707,29,-0.14743947982788086
19708,30,0.05722689628601074
19709,28,-0.21564531326293945
19710,27,-0.35353267192840576
19711,16,-1.9180917739868164
19712,30,-0.004387855529785156
19713,30,0.003686666488647461
19714,30,0.12880992889404297
19715,30,0.056654930114746094
19716,26,-0.5421875715255737
19717,30,-0.006024837493896484
19718,23,-1.1990916728973389
19719,30,0.03451967239379883
19720,30,0.04104876518249512
19721,29,-0.11526370048522949
19722,30,0.08167338371276855
19723,29,-0.08366656303405762
19724,29,-0.06296539306640625
19725,20,-1.509214997291565
19726,30,0.08513784408569336
19727,29,-0.05240964889526367
19728,27,-0.3443049192428589
19729,7,-2.464123010635376
19730,30,0.07764291763305664
19731,27,-0.42194437980651855
19732,10,-2.2636678218841553
19733,7,-2.446885347366333
19734,28,-0.30706143379211426
19735,30,0.13029861450195312
19736,30,0.09387326240539551
19737,29,-0.13128352165222168
19738,29,-0.07351064682006836
19739,26,-0.6219736337661743
19740,30,0.055622100830078125
19741,29,-0.06385660171508789
19742,30,0.02194690704345703
19743,28,-0.2648899555206299
19744,29,-0.07328319549560547
19745,8,-2.4054291248321533
19746,30,0.13664507865905762
19747,28,-0.24532651901245117
19748,29,-0.06631183624267578
19749,30,0.11028361320495605
19750,28,-0.2209320068359375
19751,30,0.04282665252685547
19752,27,-0.47063374519348145
19753,30,0.06157350540161133
19754,5,-2.540925979614258
19755,29,-0.07828116416931152
19756,30,0.09420657157897949
19757,30,0.14124512672424316
19758,30,0.09221792221069336
19759,27,-0.3909865617752075
19760,29,-0.03317904472351074
19761,24,-0.9510650634765625
19762,29,-0.14581513404846191
19763,29,-0.08683395385742188
19764,30,0.1303730010986328
19765,30,0.02661275863647461
19766,28,-0.24872159957885742
19767,24,-0.937857985496521
19768,27,-0.3639862537384033
19769,29,-0.033682823181152344
19770,29,-0.047749996185302734
19771,29,-0.0442509651184082
19772,18,-1.7526686191558838
19773,28,-0.17050909996032715
19774,23,-1.109119176864624
19775,29,-0.06437301635742188
19776,23,-1.0548886060714722
19777,23,-1.124691367149353
19778,30,0.05289649963378906
19779,28,-0.2804422378540039
19780,30,0.09871292114257812
19781,30,-0.0023360252380371094
19782,20,-1.5497937202453613
19783,30,0.10348796844482422
19784,30,0.08661651611328125
19785,30,0.11638545989990234
19786,30,0.09699440002441406
19787,26,-0.6817525625228882
19788,30,-0.010522603988647461
19789,30,0.07670974731445312
19790,30,0.031401634216308594
19791,30,0.020562410354614258
19792,30,0.059664249420166016
19793,29,-0.0497736930847168
19794,28,-0.2853114604949951
19795,30,-0.0005500316619873047
19796,30,0.04844045639038086
19797,30,0.018563508987426758
19798,29,-0.1292710304260254
19799,29,-0.04563307762145996
19800,15,-1.9956908226013184
19801,12,-2.1468634605407715
19802,29,-0.10337471961975098
19803,13,-2.097503900527954
19804,30,0.019992828369140625
19805,30,0.003437519073486328
19806,29,-0.05318927764892578
19807,30,0.14138531684875488
19808,29,-0.0279388427734375
19809,29,-0.04304790496826172
19810,30,0.11550092697143555
19811,30,0.09842228889465332
19812,12,-2.1624629497528076
19813,27,-0.4046180248260498
19814,12,-2.1468818187713623
19815,30,0.0061609745025634766
19816,29,-0.14505481719970703
19817,30,0.08368134498596191
19818,21,-1.438108205795288
19819,14,-2.0448100566864014
19820,29,-0.12468266487121582
19821,30,0.03858590126037598
19822,8,-2.410510540008545
19823,30,0.046511173248291016
19824,28,-0.21142292022705078
19825,30,0.08127140998840332
19826,29,-0.13215017318725586
19827,30,0.09450316429138184
19828,30,0.050370216369628906
19829,21,-1.3435949087142944
19830,30,-0.006108999252319336
19831,30,0.11350059509277344
19832,30,0.0937337875366211
19833,30,0.06494140625
19834,27,-0.352958083152771
19835,28,-0.17281818389892578
19836,27,-0.41192376613616943
19837,30,0.0029528141021728516
19838,30,0.02834463119506836
19839,28,-0.21022987365722656
19840,7,-2.4719855785369873
19841,30,0.04578518867492676
19842,27,-0.35728585720062256
19843,28,-0.2541680335998535
19844,29,-0.08826446533203125
19845,29,-0.08675193786621094
19846,20,-1.5382776260375977
19847,30,0.08547711372375488
19848,30,0.10226631164550781
19849,30,0.11299967765808105
19850,10,-2.312433958053589
19851,29,-0.05350208282470703
19852,30,0.030962467193603516
19853,30,0.1020362377166748
19854,30,0.11650490760803223
19855,28,-0.1775977611541748
19856,28,-0.24865221977233887
19857,11,-2.2520651817321777
19858,27,-0.48780393600463867
19859,6,-2.486820936203003
19860,26,-0.6527122259140015
19861,28,-0.2246716022491455
19862,30,0.045314788818359375
19863,30,0.06238818168640137
19864,26,-0.5097957849502563
19865,30,0.07220745086669922
19866,28,-0.2280430793762207
19867,30,0.07352972030639648
19868,29,-0.07016301155090332
19869,29,-0.06850862503051758
19870,30,0.1284623146057129
19871,30,0.06213259696960449
19872,29,-0.09120535850524902
19873,30,0.017844438552856445
19874,30,0.08515524864196777
19875,30,-0.00909423828125
19876,27,-0.3728069067001343
19877,30,0.034389495849609375
19878,30,0.09598374366760254
19879,30,0.08599591255187988
19880,16,-1.9174325466156006
19881,29,-0.15446209907531738
19882,30,0.05890059471130371
19883,30,0.13624024391174316
19884,30,0.12510943412780762
19885,30,0.043936967849731445
19886,30,0.12112617492675781
19887,30,0.06257438659667969
19888,29,-0.12003731727600098
19889,30,0.07232856750488281
19890,30,0.12034893035888672
19891,19,-1.6144754886627197
19892,29,-0.07792186737060547
19893,30,0.07767653465270996
19894,26,-0.5976244211196899
19895,30,0.007541656494140625
19896,30,0.02561211585998535
19897,30,0.05951738357543945
19898,28,-0.2061917781829834
19899,30,-0.011198997497558594
19900,24,-0.9338713884353638
19901,30,0.0736691951751709
19902,7,-2.4669647216796875
19903,26,-0.5179791450500488
19904,29,-0.02126479148864746
19905,29,-0.12790393829345703
19906,28,-0.15835809707641602
19907,30,0.13962483406066895
19908,30,0.14475774765014648
19909,30,0.003902912139892578
19910,30,0.021306276321411133
19911,29,-0.020471572875976562
19912,30,0.038587331771850586
19913,13,-2.075385808944702
19914,28,-0.1728818416595459
19915,30,0.08357477188110352
19916,29,-0.06972002983093262
19917,30,0.07552671432495117
19918,30,0.021601200103759766
19919,29,-0.1495652198791504
19920,28,-0.24038100242614746
19921,30,0.028537511825561523
19922,30,0.04911160469055176
19923,30,0.09503769874572754
19924,30,0.0420992374420166
19925,28,-0.19774913787841797
19926,30,0.11706042289733887
19927,17,-1.7962799072265625
19928,30,0.14425230026245117
19929,27,-0.38866281509399414
19930,28,-0.16978883743286133
19931,29,-0.1284341812133789
19932,22,-1.2286944389343262
19933,29,-0.07413148880004883
19934,9,-2.342294931411743
19935,30,0.04580545425415039
19936,29,-0.056710243225097656
19937,30,-0.010140180587768555
19938,30,0.12119102478027344
19939,30,0.10231137275695801
19940,29,-0.04069089889526367
19941,21,-1.4193484783172607
19942,30,0.0395205020904541
19943,26,-0.626354455947876
19944,30,0.09531450271606445
19945,30,0.06534004211425781
19946,30,0.0702970027923584
19947,30,0.039174556732177734
19948,30,-0.012724161148071289
19949,30,0.029742717742919922
19950,30,0.1281299591064453
19951,29,-0.04907655715942383
19952,30,0.07690978050231934
19953,30,0.1262807846069336
19954,30,0.07261991500854492
19955,18,-1.6987091302871704
19956,30,0.0355832576751709
19957,29,-0.14081263542175293
19958,29,-0.013907909393310547
19959,29,-0.025020837783813477
19960,30,0.11007261276245117
19961,29,-0.08579230308532715
19962,30,0.057912349700927734
19963,30,0.03718757629394531
19964,28,-0.16408395767211914
19965,10,-2.300569772720337
19966,30,0.12979412078857422
19967,25,-0.7756239175796509
19968,14,-2.0342721939086914
19969,29,-0.07595539093017578
19970,30,0.026338577270507812
19971,29,-0.06095528602600098
19972,30,0.023916959762573242
19973,30,0.011624813079833984
19974,29,-0.030088186264038086
19975,29,-0.0908052921295166
19976,29,-0.06318902969360352
19977,11,-2.214341402053833
19978,30,0.051568031311035156
19979,29,-0.022156476974487305
19980,30,0.02177906036376953
19981,29,-0.07614660263061523
19982,12,-2.181488037109375
19983,29,-0.07555627822875977
19984,27,-0.43010425567626953
19985,29,-0.06868767738342285
19986,18,-1.7088083028793335
19987,30,0.06409382820129395
19988,11,-2.223292827606201
19989,19,-1.6729321479797363
19990,19,-1.675023078918457
19991,29,-0.10963678359985352
19992,30,-0.0030548572540283203
19993,30,0.11389398574829102
19994,30,0.09985852241516113
19995,30,0.06701898574829102
19996,28,-0.26538777351379395
19997,30,0.08323955535888672
19998,30,0.0018429756164550781
19999,30,0.001800537109375
