sequence_row,prediction_bin,surrogate_prediction
0,1,-2.882904291152954
1,1,-2.856350898742676
2,1,-2.8805277347564697
3,1,-2.8841404914855957
4,1,-2.878520965576172
5,1,-2.852473735809326
6,1,-2.8894777297973633
7,1,-2.850489616394043
8,1,-2.86977481842041
9,1,-2.8754656314849854
10,4,-2.3120479583740234
11,1,-2.8514626026153564
12,1,-2.8636951446533203
13,1,-2.8783535957336426
14,1,-2.85477352142334
15,1,-2.782687187194824
16,2,-2.592845916748047
17,5,-2.1109063625335693
18,2,-2.743469715118408
19,1,-2.885838508605957
20,1,-2.879375696182251
21,2,-2.7152180671691895
22,1,-2.845034122467041
23,1,-2.789052963256836
24,3,-2.451258897781372
25,1,-2.873431444168091
26,1,-2.824526309967041
27,1,-2.8393731117248535
28,1,-2.8541207313537598
29,1,-2.8805079460144043
30,1,-2.844573974609375
31,1,-2.845935344696045
32,1,-2.8704419136047363
33,1,-2.8671915531158447
34,4,-2.2771878242492676
35,1,-2.858132839202881
36,1,-2.867295265197754
37,5,-2.139338493347168
38,1,-2.880697727203369
39,2,-2.7017712593078613
40,1,-2.8154966831207275
41,1,-2.8733725547790527
42,1,-2.8819198608398438
43,1,-2.8434791564941406
44,1,-2.8782286643981934
45,2,-2.672672748565674
46,1,-2.8813161849975586
47,1,-2.876755714416504
48,1,-2.861043930053711
49,1,-2.879826068878174
50,2,-2.6904518604278564
51,1,-2.8738229274749756
52,1,-2.834390163421631
53,1,-2.878568172454834
54,1,-2.8774642944335938
55,1,-2.884836196899414
56,1,-2.8625402450561523
57,1,-2.8567633628845215
58,1,-2.889500856399536
59,1,-2.8807740211486816
60,1,-2.8658242225646973
61,1,-2.8781049251556396
62,1,-2.8467485904693604
63,1,-2.8828604221343994
64,1,-2.8909530639648438
65,1,-2.842628240585327
66,1,-2.886429786682129
67,1,-2.875718593597412
68,1,-2.8914151191711426
69,1,-2.8824548721313477
70,1,-2.8521509170532227
71,7,-1.7828419208526611
72,1,-2.8625259399414062
73,1,-2.886904716491699
74,1,-2.8636369705200195
75,1,-2.877148151397705
76,2,-2.695718765258789
77,1,-2.863894462585449
78,1,-2.8706488609313965
79,1,-2.883291244506836
80,1,-2.8047876358032227
81,1,-2.8610031604766846
82,1,-2.871446371078491
83,3,-2.568777084350586
84,1,-2.854839324951172
85,1,-2.865360975265503
86,1,-2.890949249267578
87,3,-2.5292630195617676
88,1,-2.7663230895996094
89,3,-2.4640233516693115
90,1,-2.8664655685424805
91,1,-2.8485331535339355
92,1,-2.8515357971191406
93,1,-2.8819634914398193
94,1,-2.864534378051758
95,1,-2.8541665077209473
96,1,-2.8598718643188477
97,9,-1.5371198654174805
98,1,-2.8777620792388916
99,1,-2.851494312286377
100,1,-2.8423290252685547
101,1,-2.8473305702209473
102,1,-2.815487861633301
103,1,-2.8402223587036133
104,1,-2.8347487449645996
105,1,-2.8141043186187744
106,1,-2.859811782836914
107,1,-2.85585618019104
108,1,-2.7581520080566406
109,20,0.2997586727142334
110,7,-1.8493320941925049
111,25,1.1553740501403809
112,1,-2.8447494506835938
113,1,-2.837660312652588
114,1,-2.877023220062256
115,6,-2.0760273933410645
116,1,-2.834691286087036
117,2,-2.7439980506896973
118,2,-2.730226755142212
119,1,-2.8649234771728516
120,1,-2.7970449924468994
121,1,-2.85188627243042
122,1,-2.850175380706787
123,1,-2.8489928245544434
124,1,-2.815429925918579
125,1,-2.801569938659668
126,1,-2.805382251739502
127,2,-2.7289881706237793
128,1,-2.8622660636901855
129,9,-1.5550196170806885
130,2,-2.646613597869873
131,2,-2.7438273429870605
132,1,-2.793724536895752
133,1,-2.8636555671691895
134,4,-2.2507386207580566
135,1,-2.8596954345703125
136,1,-2.854793071746826
137,1,-2.813199996948242
138,1,-2.825629711151123
139,1,-2.835960865020752
140,1,-2.857656478881836
141,1,-2.8561601638793945
142,1,-2.870558261871338
143,1,-2.8563733100891113
144,1,-2.845853805541992
145,1,-2.8527565002441406
146,1,-2.8592309951782227
147,11,-1.2888141870498657
148,1,-2.8555173873901367
149,1,-2.820089340209961
150,1,-2.8483409881591797
151,1,-2.8574652671813965
152,2,-2.7190637588500977
153,1,-2.8252038955688477
154,1,-2.819333791732788
155,2,-2.653149127960205
156,1,-2.8914289474487305
157,1,-2.825591564178467
158,1,-2.860018253326416
159,1,-2.84609317779541
160,1,-2.85597562789917
161,1,-2.858315944671631
162,1,-2.829753875732422
163,1,-2.830409049987793
164,1,-2.780385971069336
165,1,-2.851644992828369
166,1,-2.7743611335754395
167,1,-2.8687973022460938
168,1,-2.8515782356262207
169,1,-2.866253614425659
170,1,-2.8586554527282715
171,4,-2.312624931335449
172,1,-2.8577685356140137
173,1,-2.8576407432556152
174,1,-2.8243980407714844
175,1,-2.806429862976074
176,12,-1.0947657823562622
177,1,-2.8441741466522217
178,1,-2.7834854125976562
179,1,-2.829132080078125
180,7,-1.889186143875122
181,1,-2.817023277282715
182,1,-2.8286757469177246
183,4,-2.376296281814575
184,2,-2.7453105449676514
185,1,-2.8597099781036377
186,4,-2.3619043827056885
187,2,-2.7303080558776855
188,1,-2.8410680294036865
189,22,0.6428723335266113
190,1,-2.8410563468933105
191,1,-2.854456901550293
192,1,-2.8411381244659424
193,1,-2.8187499046325684
194,1,-2.8373076915740967
195,1,-2.8473668098449707
196,1,-2.80696964263916
197,1,-2.8603689670562744
198,1,-2.782116174697876
199,1,-2.851893663406372
200,1,-2.8436484336853027
201,1,-2.8560285568237305
202,1,-2.826780080795288
203,1,-2.7728629112243652
204,1,-2.8345322608947754
205,1,-2.777498245239258
206,1,-2.760629653930664
207,1,-2.8433542251586914
208,18,-0.11024689674377441
209,2,-2.7468771934509277
210,3,-2.5126311779022217
211,1,-2.8177926540374756
212,1,-2.8366446495056152
213,5,-2.153859853744507
214,1,-2.845531463623047
215,1,-2.7591028213500977
216,2,-2.7331900596618652
217,1,-2.8209033012390137
218,1,-2.7976417541503906
219,1,-2.808864116668701
220,1,-2.82245135307312
221,1,-2.8050174713134766
222,1,-2.7529754638671875
223,1,-2.8240911960601807
224,2,-2.745278835296631
225,1,-2.8325161933898926
226,1,-2.8040502071380615
227,1,-2.832956075668335
228,1,-2.839722156524658
229,1,-2.807809829711914
230,1,-2.771681308746338
231,1,-2.8316121101379395
232,1,-2.7788567543029785
233,1,-2.8107991218566895
234,1,-2.829134464263916
235,1,-2.8246684074401855
236,1,-2.841012477874756
237,1,-2.827756404876709
238,3,-2.5733819007873535
239,2,-2.7441039085388184
240,1,-2.8194103240966797
241,1,-2.8456201553344727
242,1,-2.7582197189331055
243,1,-2.7744293212890625
244,1,-2.7567458152770996
245,1,-2.8123161792755127
246,1,-2.807766914367676
247,1,-2.817781448364258
248,1,-2.836991310119629
249,1,-2.8417892456054688
250,1,-2.853915214538574
251,1,-2.7942113876342773
252,1,-2.86724853515625
253,1,-2.826648712158203
254,1,-2.787902355194092
255,1,-2.7941670417785645
256,1,-2.839796543121338
257,1,-2.7797772884368896
258,1,-2.807745933532715
259,1,-2.770069122314453
260,3,-2.5646677017211914
261,11,-1.153703212738037
262,1,-2.8151092529296875
263,1,-2.8234095573425293
264,1,-2.817105531692505
265,1,-2.8479366302490234
266,1,-2.860358238220215
267,1,-2.814531087875366
268,1,-2.8054676055908203
269,5,-2.2069814205169678
270,1,-2.758687973022461
271,4,-2.3976893424987793
272,1,-2.7739927768707275
273,1,-2.8407859802246094
274,18,-0.09922623634338379
275,1,-2.827291965484619
276,2,-2.7247087955474854
277,2,-2.6253843307495117
278,1,-2.7760398387908936
279,1,-2.7637929916381836
280,1,-2.8016672134399414
281,1,-2.7531046867370605
282,1,-2.7740702629089355
283,21,0.508225679397583
284,1,-2.774038314819336
285,2,-2.652672290802002
286,1,-2.8428313732147217
287,1,-2.8015828132629395
288,1,-2.8151743412017822
289,1,-2.878446102142334
290,1,-2.7946927547454834
291,23,0.8532524108886719
292,1,-2.8317477703094482
293,5,-2.189406633377075
294,1,-2.824317455291748
295,1,-2.821934223175049
296,1,-2.8865952491760254
297,4,-2.3521602153778076
298,1,-2.7547030448913574
299,9,-1.481614589691162
300,2,-2.713142156600952
301,1,-2.8314208984375
302,8,-1.6649444103240967
303,1,-2.773158073425293
304,1,-2.799384593963623
305,5,-2.1050102710723877
306,1,-2.886570930480957
307,1,-2.838711738586426
308,2,-2.704280138015747
309,1,-2.824934959411621
310,2,-2.6710829734802246
311,1,-2.762770891189575
312,1,-2.783702850341797
313,19,0.10258162021636963
314,2,-2.7352113723754883
315,1,-2.7903428077697754
316,1,-2.762010097503662
317,1,-2.789085865020752
318,15,-0.6274701952934265
319,1,-2.830935478210449
320,1,-2.8336358070373535
321,1,-2.790677547454834
322,1,-2.8329710960388184
323,2,-2.692944049835205
324,1,-2.7878270149230957
325,7,-1.8719556331634521
326,1,-2.779151678085327
327,2,-2.6836886405944824
328,1,-2.807762622833252
329,1,-2.7689902782440186
330,1,-2.8012421131134033
331,14,-0.7800788879394531
332,22,0.737443208694458
333,1,-2.802584648132324
334,1,-2.807086944580078
335,1,-2.8281476497650146
336,1,-2.797783374786377
337,1,-2.867831230163574
338,1,-2.836397171020508
339,2,-2.6813645362854004
340,2,-2.6508262157440186
341,24,1.0819640159606934
342,1,-2.795325517654419
343,1,-2.802048921585083
344,2,-2.7093727588653564
345,1,-2.778836488723755
346,20,0.25156235694885254
347,1,-2.7733044624328613
348,1,-2.828274965286255
349,1,-2.834772825241089
350,1,-2.835834503173828
351,1,-2.8284716606140137
352,1,-2.7538318634033203
353,11,-1.2704235315322876
354,2,-2.6650185585021973
355,1,-2.8330941200256348
356,9,-1.46773362159729
357,2,-2.7457408905029297
358,2,-2.6251063346862793
359,1,-2.8260533809661865
360,1,-2.8366074562072754
361,1,-2.769835948944092
362,1,-2.8050971031188965
363,1,-2.803299903869629
364,1,-2.777287483215332
365,2,-2.608975648880005
366,4,-2.361017942428589
367,1,-2.754105567932129
368,1,-2.8014917373657227
369,1,-2.8741538524627686
370,12,-1.0376474857330322
371,1,-2.7772364616394043
372,1,-2.7962541580200195
373,2,-2.7122671604156494
374,1,-2.8129358291625977
375,25,1.2509229183197021
376,8,-1.6259742975234985
377,2,-2.7372212409973145
378,1,-2.7879562377929688
379,20,0.42176079750061035
380,1,-2.803454637527466
381,2,-2.7457079887390137
382,1,-2.787808418273926
383,23,0.8905274868011475
384,1,-2.792424201965332
385,1,-2.7881250381469727
386,1,-2.8015427589416504
387,1,-2.8164758682250977
388,1,-2.7766103744506836
389,1,-2.7890257835388184
390,1,-2.825718402862549
391,1,-2.8232665061950684
392,1,-2.7869725227355957
393,4,-2.3788535594940186
394,1,-2.8374791145324707
395,1,-2.8730032444000244
396,1,-2.7679343223571777
397,2,-2.7338242530822754
398,2,-2.7468392848968506
399,1,-2.833484649658203
400,1,-2.8656156063079834
401,2,-2.6405210494995117
402,2,-2.747243881225586
403,1,-2.7622532844543457
404,15,-0.5019896030426025
405,1,-2.7881522178649902
406,1,-2.8049912452697754
407,2,-2.7472424507141113
408,6,-2.0401322841644287
409,16,-0.42669010162353516
410,1,-2.7599599361419678
411,2,-2.610626697540283
412,2,-2.6820545196533203
413,2,-2.712559700012207
414,2,-2.6521952152252197
415,1,-2.82181715965271
416,2,-2.711662530899048
417,4,-2.3874638080596924
418,21,0.5346519947052002
419,22,0.688971757888794
420,1,-2.8223655223846436
421,2,-2.6526594161987305
422,4,-2.3142619132995605
423,1,-2.787912368774414
424,2,-2.740447521209717
425,1,-2.7549681663513184
426,2,-2.673034191131592
427,1,-2.758517026901245
428,1,-2.8784339427948
429,1,-2.8088231086730957
430,3,-2.5613925457000732
431,21,0.44677281379699707
432,6,-1.98058021068573
433,2,-2.714188575744629
434,1,-2.7914059162139893
435,1,-2.753131866455078
436,1,-2.7634429931640625
437,1,-2.7787442207336426
438,2,-2.5866174697875977
439,1,-2.783522129058838
440,1,-2.7493209838867188
441,1,-2.8137197494506836
442,1,-2.768537998199463
443,1,-2.7738494873046875
444,2,-2.7025461196899414
445,1,-2.7532668113708496
446,1,-2.804424285888672
447,2,-2.6651344299316406
448,1,-2.7478909492492676
449,1,-2.7630794048309326
450,1,-2.755598545074463
451,1,-2.7626657485961914
452,1,-2.801407814025879
453,1,-2.7709732055664062
454,1,-2.8110599517822266
455,1,-2.7574269771575928
456,1,-2.7765164375305176
457,1,-2.7524728775024414
458,1,-2.8170337677001953
459,7,-1.8343623876571655
460,1,-2.823791027069092
461,1,-2.7579526901245117
462,1,-2.757930040359497
463,2,-2.705810070037842
464,1,-2.8195395469665527
465,2,-2.6415483951568604
466,23,0.9624896049499512
467,1,-2.771047592163086
468,1,-2.8153984546661377
469,1,-2.7781572341918945
470,28,1.620633840560913
471,2,-2.741048812866211
472,1,-2.7615127563476562
473,1,-2.751399517059326
474,9,-1.5298984050750732
475,1,-2.8184773921966553
476,2,-2.7339887619018555
477,2,-2.7320361137390137
478,1,-2.8084592819213867
479,1,-2.761691093444824
480,17,-0.2221440076828003
481,2,-2.6431760787963867
482,1,-2.7732865810394287
483,13,-0.8209021687507629
484,2,-2.65828013420105
485,14,-0.7637684345245361
486,2,-2.7395293712615967
487,1,-2.8397138118743896
488,2,-2.65818452835083
489,1,-2.7605597972869873
490,6,-2.03751802444458
491,1,-2.8336448669433594
492,3,-2.490234375
493,10,-1.4287934303283691
494,1,-2.7676658630371094
495,2,-2.663792848587036
496,24,1.0658249855041504
497,1,-2.8032946586608887
498,1,-2.8231582641601562
499,2,-2.7406606674194336
500,3,-2.5647876262664795
501,1,-2.751471519470215
502,1,-2.754598617553711
503,1,-2.8727855682373047
504,1,-2.7990336418151855
505,1,-2.8629679679870605
506,1,-2.760317325592041
507,2,-2.718175172805786
508,1,-2.794431447982788
509,1,-2.8084564208984375
510,1,-2.7939605712890625
511,1,-2.8015904426574707
512,2,-2.7121644020080566
513,1,-2.7992749214172363
514,2,-2.5871505737304688
515,2,-2.739353656768799
516,1,-2.8099935054779053
517,3,-2.519038200378418
518,3,-2.503880262374878
519,1,-2.806702136993408
520,3,-2.5315322875976562
521,2,-2.667478084564209
522,2,-2.7392210960388184
523,2,-2.7016243934631348
524,2,-2.744262218475342
525,1,-2.785681962966919
526,1,-2.852846145629883
527,2,-2.7347779273986816
528,2,-2.667832374572754
529,2,-2.6593852043151855
530,2,-2.604275703430176
531,2,-2.6608028411865234
532,11,-1.290083885192871
533,2,-2.7187161445617676
534,2,-2.7379002571105957
535,1,-2.762535572052002
536,2,-2.5861129760742188
537,2,-2.6729702949523926
538,16,-0.30545008182525635
539,4,-2.2410528659820557
540,2,-2.697293996810913
541,2,-2.6402535438537598
542,2,-2.747483730316162
543,1,-2.793621063232422
544,15,-0.6348966956138611
545,11,-1.1878387928009033
546,2,-2.734919548034668
547,9,-1.5614365339279175
548,1,-2.756805181503296
549,1,-2.888031005859375
550,1,-2.767742872238159
551,2,-2.643522262573242
552,3,-2.5741934776306152
553,6,-2.0768866539001465
554,2,-2.6102442741394043
555,29,1.7322907447814941
556,2,-2.7335827350616455
557,1,-2.82271671295166
558,1,-2.7915778160095215
559,2,-2.7432544231414795
560,2,-2.6788382530212402
561,1,-2.749706268310547
562,2,-2.604992389678955
563,2,-2.6133980751037598
564,2,-2.7018163204193115
565,3,-2.435685157775879
566,1,-2.7561776638031006
567,2,-2.7346651554107666
568,2,-2.6073694229125977
569,2,-2.739924907684326
570,2,-2.7361865043640137
571,10,-1.3141489028930664
572,2,-2.6708004474639893
573,1,-2.7510173320770264
574,1,-2.8037242889404297
575,2,-2.6808319091796875
576,17,-0.297549843788147
577,2,-2.729499101638794
578,27,1.4910550117492676
579,1,-2.7888755798339844
580,2,-2.7284464836120605
581,5,-2.137798309326172
582,24,1.0445342063903809
583,12,-1.1099045276641846
584,3,-2.490342855453491
585,1,-2.7962334156036377
586,2,-2.743241786956787
587,13,-0.8818520307540894
588,2,-2.7115235328674316
589,2,-2.7116971015930176
590,12,-1.0077183246612549
591,2,-2.6422059535980225
592,2,-2.72196102142334
593,1,-2.8058395385742188
594,1,-2.7727231979370117
595,2,-2.6094346046447754
596,2,-2.586038589477539
597,2,-2.7183837890625
598,1,-2.765324115753174
599,1,-2.794158935546875
600,13,-0.8936064839363098
601,2,-2.694761276245117
602,29,1.694413185119629
603,1,-2.8136141300201416
604,1,-2.797588348388672
605,3,-2.466874361038208
606,18,0.02599334716796875
607,2,-2.721595525741577
608,2,-2.68464994430542
609,2,-2.7222821712493896
610,2,-2.6245718002319336
611,1,-2.812878370285034
612,1,-2.8633432388305664
613,24,1.0512194633483887
614,3,-2.4541211128234863
615,2,-2.6917097568511963
616,1,-2.784770965576172
617,30,1.7556631565093994
618,2,-2.686790943145752
619,3,-2.423023223876953
620,2,-2.6532933712005615
621,3,-2.4972567558288574
622,4,-2.357231855392456
623,1,-2.7877607345581055
624,2,-2.7221999168395996
625,2,-2.715315341949463
626,9,-1.456085205078125
627,27,1.4182515144348145
628,3,-2.5300121307373047
629,2,-2.7144923210144043
630,2,-2.630786180496216
631,24,1.1388704776763916
632,11,-1.2375329732894897
633,3,-2.5389046669006348
634,1,-2.788651704788208
635,3,-2.4355082511901855
636,2,-2.707306385040283
637,1,-2.7496280670166016
638,2,-2.689972162246704
639,2,-2.7106969356536865
640,2,-2.690333366394043
641,25,1.1416029930114746
642,2,-2.6260833740234375
643,2,-2.697800874710083
644,1,-2.7902307510375977
645,3,-2.556792736053467
646,2,-2.6246237754821777
647,2,-2.719771146774292
648,2,-2.7164039611816406
649,2,-2.696784496307373
650,2,-2.683931589126587
651,2,-2.6643238067626953
652,2,-2.5979971885681152
653,2,-2.5864038467407227
654,1,-2.8601980209350586
655,1,-2.788706064224243
656,2,-2.6703696250915527
657,6,-2.0740599632263184
658,2,-2.7041730880737305
659,26,1.3483099937438965
660,1,-2.7810869216918945
661,2,-2.708937883377075
662,1,-2.8485944271087646
663,1,-2.7674570083618164
664,1,-2.778911590576172
665,3,-2.5257349014282227
666,3,-2.5089468955993652
667,2,-2.694955825805664
668,4,-2.2604565620422363
669,25,1.2143352031707764
670,2,-2.718507766723633
671,3,-2.4533348083496094
672,23,0.8661553859710693
673,1,-2.7898054122924805
674,2,-2.6816494464874268
675,2,-2.702704429626465
676,2,-2.698638439178467
677,1,-2.7925162315368652
678,1,-2.8440206050872803
679,13,-0.925214946269989
680,3,-2.5730714797973633
681,28,1.5826416015625
682,1,-2.847379207611084
683,1,-2.7721691131591797
684,4,-2.37986421585083
685,2,-2.628187417984009
686,3,-2.461857318878174
687,2,-2.646080255508423
688,1,-2.889282703399658
689,2,-2.630539894104004
690,2,-2.7004387378692627
691,1,-2.8380398750305176
692,2,-2.581782817840576
693,28,1.6291935443878174
694,2,-2.6999154090881348
695,3,-2.5744643211364746
696,2,-2.721683979034424
697,4,-2.2905352115631104
698,2,-2.6265647411346436
699,3,-2.554164409637451
700,5,-2.2181971073150635
701,1,-2.750906467437744
702,2,-2.732611656188965
703,2,-2.655329465866089
704,23,0.9499149322509766
705,3,-2.409031391143799
706,30,1.759253978729248
707,1,-2.760091781616211
708,2,-2.708463191986084
709,1,-2.774325132369995
710,3,-2.4903101921081543
711,4,-2.3371903896331787
712,2,-2.684434652328491
713,1,-2.7607836723327637
714,1,-2.7750096321105957
715,17,-0.3003978729248047
716,2,-2.599069118499756
717,2,-2.633345603942871
718,2,-2.709723472595215
719,1,-2.7648513317108154
720,2,-2.683523178100586
721,2,-2.6228108406066895
722,28,1.5594444274902344
723,1,-2.7876572608947754
724,2,-2.7038121223449707
725,1,-2.762575149536133
726,2,-2.6649107933044434
727,1,-2.7628631591796875
728,2,-2.731699228286743
729,4,-2.251396656036377
730,3,-2.5052618980407715
731,4,-2.362152338027954
732,2,-2.610124349594116
733,1,-2.7758405208587646
734,2,-2.692439556121826
735,7,-1.830881953239441
736,2,-2.600876808166504
737,2,-2.657174587249756
738,3,-2.472283363342285
739,4,-2.3942079544067383
740,28,1.6100106239318848
741,1,-2.764650583267212
742,2,-2.6504507064819336
743,2,-2.6247334480285645
744,1,-2.773594856262207
745,3,-2.402773380279541
746,2,-2.6930575370788574
747,4,-2.3552651405334473
748,9,-1.546761155128479
749,5,-2.1115074157714844
750,2,-2.705191135406494
751,1,-2.749234676361084
752,4,-2.396698474884033
753,1,-2.771796703338623
754,2,-2.6917343139648438
755,2,-2.7147769927978516
756,2,-2.588061809539795
757,1,-2.7630176544189453
758,2,-2.6687328815460205
759,3,-2.5026185512542725
760,2,-2.6571972370147705
761,3,-2.43338942527771
762,2,-2.677340507507324
763,2,-2.687767505645752
764,3,-2.5089683532714844
765,1,-2.7764225006103516
766,2,-2.6755568981170654
767,3,-2.471900701522827
768,1,-2.768451690673828
769,4,-2.297499656677246
770,2,-2.689568519592285
771,7,-1.8768939971923828
772,4,-2.2716922760009766
773,3,-2.5123472213745117
774,1,-2.7647435665130615
775,2,-2.6771292686462402
776,2,-2.585515022277832
777,3,-2.553807258605957
778,3,-2.5054612159729004
779,10,-1.30036461353302
780,2,-2.7163023948669434
781,24,1.0792229175567627
782,1,-2.765349864959717
783,2,-2.6579337120056152
784,2,-2.6331076622009277
785,2,-2.7309203147888184
786,2,-2.603494882583618
787,5,-2.1712043285369873
788,2,-2.7174911499023438
789,2,-2.6731486320495605
790,2,-2.6787962913513184
791,3,-2.420142650604248
792,3,-2.5319995880126953
793,2,-2.665231943130493
794,1,-2.870453119277954
795,2,-2.7288055419921875
796,3,-2.46054744720459
797,2,-2.660031318664551
798,11,-1.1644891500473022
799,3,-2.5561368465423584
800,2,-2.66978120803833
801,2,-2.603628635406494
802,2,-2.662590503692627
803,2,-2.640622138977051
804,28,1.6083779335021973
805,3,-2.516249179840088
806,4,-2.303473472595215
807,1,-2.7562079429626465
808,3,-2.549771547317505
809,4,-2.386303186416626
810,2,-2.630889415740967
811,2,-2.7455310821533203
812,2,-2.658104419708252
813,4,-2.2297754287719727
814,4,-2.3622350692749023
815,29,1.730391263961792
816,2,-2.655500888824463
817,3,-2.5750067234039307
818,1,-2.754206657409668
819,1,-2.7489511966705322
820,3,-2.4305877685546875
821,1,-2.749061107635498
822,5,-2.1910595893859863
823,1,-2.7505500316619873
824,3,-2.4949655532836914
825,2,-2.601170063018799
826,28,1.6304950714111328
827,2,-2.676037549972534
828,3,-2.420293092727661
829,4,-2.282711982727051
830,3,-2.4064738750457764
831,5,-2.2250585556030273
832,2,-2.5876107215881348
833,1,-2.748865842819214
834,2,-2.672654151916504
835,6,-2.0596041679382324
836,2,-2.74760103225708
837,1,-2.810886859893799
838,24,1.1376216411590576
839,1,-2.8353466987609863
840,14,-0.6538448333740234
841,1,-2.748110294342041
842,2,-2.745922088623047
843,2,-2.7400431632995605
844,2,-2.746898651123047
845,7,-1.8825397491455078
846,3,-2.4347615242004395
847,1,-2.754794120788574
848,4,-2.3701863288879395
849,4,-2.3681511878967285
850,2,-2.6551010608673096
851,2,-2.7311878204345703
852,2,-2.6453349590301514
853,4,-2.356205940246582
854,2,-2.637401580810547
855,2,-2.6285219192504883
856,2,-2.689537525177002
857,3,-2.5066845417022705
858,1,-2.7744131088256836
859,2,-2.6315059661865234
860,1,-2.7598369121551514
861,2,-2.6718063354492188
862,2,-2.7289071083068848
863,3,-2.5108723640441895
864,2,-2.631588935852051
865,3,-2.4720213413238525
866,13,-0.8313558101654053
867,2,-2.6832308769226074
868,1,-2.7533421516418457
869,2,-2.6876683235168457
870,1,-2.768876552581787
871,28,1.6131160259246826
872,2,-2.6169323921203613
873,2,-2.6665549278259277
874,1,-2.7872653007507324
875,4,-2.2373712062835693
876,2,-2.6667447090148926
877,3,-2.5195915699005127
878,2,-2.639129161834717
879,2,-2.7141952514648438
880,7,-1.9009196758270264
881,2,-2.6571857929229736
882,2,-2.7298569679260254
883,2,-2.6631340980529785
884,2,-2.7436892986297607
885,3,-2.4198083877563477
886,2,-2.739226818084717
887,3,-2.436420440673828
888,2,-2.6694345474243164
889,3,-2.50937557220459
890,2,-2.592808723449707
891,1,-2.7642173767089844
892,1,-2.760734796524048
893,1,-2.798140287399292
894,2,-2.617594003677368
895,3,-2.4504919052124023
896,1,-2.7523927688598633
897,3,-2.4389920234680176
898,1,-2.7564375400543213
899,1,-2.7525486946105957
900,2,-2.7440617084503174
901,1,-2.8849220275878906
902,2,-2.6244773864746094
903,24,1.0003652572631836
904,2,-2.7344181537628174
905,2,-2.6315433979034424
906,2,-2.682826042175293
907,3,-2.5510752201080322
908,3,-2.4756839275360107
909,13,-0.8134918212890625
910,2,-2.7312989234924316
911,2,-2.635359764099121
912,2,-2.579922676086426
913,2,-2.7429678440093994
914,2,-2.7375073432922363
915,2,-2.741495132446289
916,2,-2.610719680786133
917,2,-2.614198684692383
918,2,-2.6880297660827637
919,3,-2.425218105316162
920,2,-2.6384167671203613
921,3,-2.540663719177246
922,3,-2.5479090213775635
923,21,0.4844248294830322
924,3,-2.411101818084717
925,18,-0.02246880531311035
926,2,-2.7061495780944824
927,2,-2.6227755546569824
928,22,0.6623961925506592
929,2,-2.7295069694519043
930,2,-2.732962131500244
931,5,-2.1954972743988037
932,11,-1.2707726955413818
933,4,-2.333623170852661
934,2,-2.7425646781921387
935,2,-2.73178768157959
936,2,-2.611530303955078
937,1,-2.7863636016845703
938,2,-2.7386248111724854
939,3,-2.542844295501709
940,1,-2.7489304542541504
941,12,-1.0428476333618164
942,4,-2.3191447257995605
943,29,1.677344799041748
944,2,-2.735032558441162
945,2,-2.619121789932251
946,2,-2.617457628250122
947,2,-2.587886333465576
948,29,1.7162153720855713
949,5,-2.1735055446624756
950,3,-2.564518690109253
951,2,-2.5904247760772705
952,3,-2.474928379058838
953,1,-2.875424861907959
954,2,-2.633450984954834
955,1,-2.8300304412841797
956,2,-2.7362303733825684
957,10,-1.319329023361206
958,4,-2.396925210952759
959,2,-2.746433734893799
960,2,-2.6171371936798096
961,5,-2.1210758686065674
962,4,-2.281917095184326
963,2,-2.727773666381836
964,3,-2.451270580291748
965,3,-2.558797836303711
966,2,-2.739567756652832
967,2,-2.7302041053771973
968,3,-2.5475029945373535
969,5,-2.164480209350586
970,2,-2.7184815406799316
971,2,-2.68519926071167
972,26,1.3853561878204346
973,2,-2.6714553833007812
974,1,-2.8058183193206787
975,2,-2.620241641998291
976,2,-2.6362662315368652
977,2,-2.6924195289611816
978,20,0.3136782646179199
979,2,-2.6080620288848877
980,1,-2.74821138381958
981,2,-2.595555067062378
982,1,-2.749415397644043
983,2,-2.72900652885437
984,3,-2.4007415771484375
985,2,-2.740666151046753
986,23,0.9731788635253906
987,2,-2.726646900177002
988,4,-2.38228178024292
989,1,-2.88283109664917
990,2,-2.716238498687744
991,28,1.5331735610961914
992,19,0.16559994220733643
993,2,-2.6367650032043457
994,2,-2.5862948894500732
995,3,-2.4104115962982178
996,1,-2.811882734298706
997,2,-2.7227554321289062
998,3,-2.4720094203948975
999,4,-2.299788236618042
1000,2,-2.593350410461426
1001,2,-2.7144083976745605
1002,2,-2.6066460609436035
1003,3,-2.5505740642547607
1004,5,-2.1548452377319336
1005,2,-2.602299690246582
1006,1,-2.783998727798462
1007,29,1.7056634426116943
1008,5,-2.1346774101257324
1009,4,-2.2661218643188477
1010,2,-2.733013153076172
1011,2,-2.576138496398926
1012,22,0.7265756130218506
1013,9,-1.4702961444854736
1014,30,1.7730011940002441
1015,2,-2.722421169281006
1016,2,-2.6240670680999756
1017,3,-2.442896842956543
1018,3,-2.5617918968200684
1019,2,-2.598576068878174
1020,4,-2.3248631954193115
1021,2,-2.5969324111938477
1022,2,-2.7297415733337402
1023,6,-2.0801286697387695
1024,2,-2.5937228202819824
1025,3,-2.5450921058654785
1026,6,-2.001786231994629
1027,4,-2.2994425296783447
1028,2,-2.7132346630096436
1029,2,-2.7344627380371094
1030,2,-2.6612706184387207
1031,2,-2.688032388687134
1032,4,-2.2835214138031006
1033,3,-2.570901393890381
1034,3,-2.470149040222168
1035,4,-2.323615074157715
1036,4,-2.3762075901031494
1037,4,-2.253488540649414
1038,2,-2.721113443374634
1039,25,1.272042989730835
1040,4,-2.358755111694336
1041,3,-2.538256883621216
1042,2,-2.5855531692504883
1043,6,-1.9643542766571045
1044,5,-2.114734649658203
1045,2,-2.7461118698120117
1046,2,-2.579530715942383
1047,4,-2.246622085571289
1048,4,-2.2867531776428223
1049,2,-2.5814871788024902
1050,2,-2.731329917907715
1051,2,-2.58095645904541
1052,2,-2.6101529598236084
1053,2,-2.630704641342163
1054,21,0.5854828357696533
1055,2,-2.7147064208984375
1056,2,-2.733250617980957
1057,2,-2.6912331581115723
1058,7,-1.9067555665969849
1059,2,-2.715562343597412
1060,2,-2.595050811767578
1061,6,-1.9624650478363037
1062,2,-2.651002883911133
1063,2,-2.715125799179077
1064,20,0.4054076671600342
1065,2,-2.7121739387512207
1066,2,-2.730173110961914
1067,7,-1.8692511320114136
1068,4,-2.38578200340271
1069,6,-2.0384836196899414
1070,30,1.7608888149261475
1071,6,-1.997643232345581
1072,25,1.2150335311889648
1073,2,-2.713083267211914
1074,2,-2.6241981983184814
1075,2,-2.7260074615478516
1076,2,-2.587827682495117
1077,9,-1.535238265991211
1078,7,-1.778684139251709
1079,1,-2.7479496002197266
1080,7,-1.837526559829712
1081,2,-2.628805160522461
1082,2,-2.7262871265411377
1083,4,-2.2919154167175293
1084,2,-2.5815343856811523
1085,7,-1.9139232635498047
1086,3,-2.4519734382629395
1087,3,-2.57291841506958
1088,25,1.2788982391357422
1089,4,-2.2470827102661133
1090,3,-2.5596764087677
1091,2,-2.713153600692749
1092,3,-2.5580873489379883
1093,2,-2.718984842300415
1094,2,-2.718583583831787
1095,2,-2.740621328353882
1096,2,-2.694190263748169
1097,2,-2.612509250640869
1098,2,-2.5980887413024902
1099,6,-2.033066511154175
1100,30,1.7835545539855957
1101,19,0.18007898330688477
1102,2,-2.6913318634033203
1103,2,-2.693742036819458
1104,3,-2.4489173889160156
1105,3,-2.5091652870178223
1106,19,0.12450015544891357
1107,3,-2.508624315261841
1108,3,-2.574695587158203
1109,3,-2.541673421859741
1110,2,-2.663547992706299
1111,3,-2.4942266941070557
1112,29,1.7345905303955078
1113,5,-2.142861843109131
1114,2,-2.7079296112060547
1115,5,-2.1102662086486816
1116,3,-2.5675644874572754
1117,3,-2.499206066131592
1118,5,-2.086899757385254
1119,5,-2.1153154373168945
1120,3,-2.5649542808532715
1121,3,-2.4986226558685303
1122,7,-1.8708525896072388
1123,2,-2.617351531982422
1124,3,-2.5242223739624023
1125,2,-2.6918129920959473
1126,2,-2.698073148727417
1127,3,-2.5493998527526855
1128,3,-2.4277729988098145
1129,8,-1.7001007795333862
1130,2,-2.6958203315734863
1131,3,-2.535980224609375
1132,3,-2.5687003135681152
1133,4,-2.2816660404205322
1134,2,-2.7033748626708984
1135,5,-2.1412973403930664
1136,4,-2.314236640930176
1137,3,-2.570988893508911
1138,3,-2.538717269897461
1139,3,-2.56911563873291
1140,21,0.4453364610671997
1141,2,-2.695474624633789
1142,6,-1.9749130010604858
1143,6,-2.0380382537841797
1144,2,-2.682443618774414
1145,2,-2.576552629470825
1146,27,1.47218656539917
1147,10,-1.4267187118530273
1148,3,-2.5295891761779785
1149,25,1.1488966941833496
1150,3,-2.5696585178375244
1151,2,-2.7027885913848877
1152,4,-2.337512254714966
1153,3,-2.5310909748077393
1154,2,-2.5848488807678223
1155,2,-2.578787326812744
1156,2,-2.698448896408081
1157,5,-2.1200735569000244
1158,4,-2.272897243499756
1159,4,-2.315218687057495
1160,3,-2.566821336746216
1161,5,-2.0909972190856934
1162,3,-2.565394878387451
1163,3,-2.5209760665893555
1164,3,-2.51948618888855
1165,2,-2.7249789237976074
1166,2,-2.702603816986084
1167,7,-1.913830041885376
1168,5,-2.0882606506347656
1169,4,-2.351863384246826
1170,5,-2.1129469871520996
1171,4,-2.239044189453125
1172,3,-2.54525089263916
1173,6,-2.0201659202575684
1174,3,-2.5251388549804688
1175,3,-2.544430732727051
1176,2,-2.709864616394043
1177,5,-2.1340699195861816
1178,2,-2.708575487136841
1179,2,-2.6544394493103027
1180,2,-2.5860486030578613
1181,1,-2.749037027359009
1182,2,-2.739328384399414
1183,3,-2.5404908657073975
1184,3,-2.563666820526123
1185,2,-2.744845151901245
1186,13,-0.9027548432350159
1187,2,-2.7249608039855957
1188,4,-2.3977127075195312
1189,2,-2.5834269523620605
1190,2,-2.6349117755889893
1191,2,-2.689572811126709
1192,6,-1.971527338027954
1193,15,-0.6243947744369507
1194,3,-2.4004135131835938
1195,4,-2.2312378883361816
1196,2,-2.6831247806549072
1197,7,-1.771056890487671
1198,2,-2.5862526893615723
1199,6,-1.964674711227417
1200,2,-2.6718807220458984
1201,3,-2.5054397583007812
1202,2,-2.694577217102051
1203,7,-1.8288087844848633
1204,2,-2.701446533203125
1205,6,-1.9588508605957031
1206,2,-2.6900508403778076
1207,27,1.449204444885254
1208,5,-2.138514757156372
1209,2,-2.5976123809814453
1210,3,-2.5280258655548096
1211,7,-1.9071284532546997
1212,3,-2.512035846710205
1213,2,-2.6887173652648926
1214,6,-2.0307137966156006
1215,30,1.7466559410095215
1216,3,-2.471580743789673
1217,28,1.6234264373779297
1218,2,-2.678389310836792
1219,2,-2.604897975921631
1220,7,-1.8106422424316406
1221,3,-2.509831428527832
1222,1,-2.8594584465026855
1223,5,-2.20597243309021
1224,7,-1.8911035060882568
1225,1,-2.7734851837158203
1226,5,-2.120108127593994
1227,3,-2.471344232559204
1228,28,1.5886955261230469
1229,6,-1.9897739887237549
1230,29,1.6962668895721436
1231,3,-2.45928692817688
1232,2,-2.6786632537841797
1233,2,-2.6923813819885254
1234,3,-2.4357004165649414
1235,5,-2.206207036972046
1236,3,-2.428074836730957
1237,3,-2.524059295654297
1238,4,-2.3627853393554688
1239,1,-2.8521385192871094
1240,2,-2.6955204010009766
1241,3,-2.5044853687286377
1242,3,-2.4412074089050293
1243,3,-2.515951156616211
1244,5,-2.1037981510162354
1245,30,1.7408764362335205
1246,7,-1.79194176197052
1247,7,-1.9177688360214233
1248,4,-2.2870564460754395
1249,6,-2.0779201984405518
1250,3,-2.502098798751831
1251,6,-1.9590258598327637
1252,3,-2.4796690940856934
1253,2,-2.6545794010162354
1254,21,0.4505467414855957
1255,7,-1.85371994972229
1256,29,1.7095978260040283
1257,2,-2.7047958374023438
1258,4,-2.2798759937286377
1259,4,-2.366938352584839
1260,6,-1.977747917175293
1261,3,-2.5312747955322266
1262,3,-2.4993600845336914
1263,2,-2.685316324234009
1264,3,-2.5306403636932373
1265,6,-1.971174955368042
1266,5,-2.172424793243408
1267,3,-2.5338048934936523
1268,3,-2.4774885177612305
1269,8,-1.6711475849151611
1270,2,-2.6530346870422363
1271,3,-2.559333324432373
1272,9,-1.501172661781311
1273,5,-2.2259111404418945
1274,2,-2.677558422088623
1275,3,-2.5714762210845947
1276,3,-2.4497737884521484
1277,3,-2.537936210632324
1278,5,-2.1326704025268555
1279,1,-2.8751702308654785
1280,4,-2.3440942764282227
1281,7,-1.898989200592041
1282,3,-2.4838855266571045
1283,5,-2.1244711875915527
1284,4,-2.3517868518829346
1285,7,-1.8356714248657227
1286,5,-2.1761646270751953
1287,29,1.6512186527252197
1288,10,-1.3990669250488281
1289,3,-2.536956787109375
1290,3,-2.573667526245117
1291,3,-2.5670034885406494
1292,24,1.0424940586090088
1293,1,-2.791943073272705
1294,3,-2.5296382904052734
1295,9,-1.5327332019805908
1296,6,-1.957532286643982
1297,3,-2.5255250930786133
1298,2,-2.6916956901550293
1299,6,-2.0119924545288086
1300,2,-2.703474998474121
1301,2,-2.6593544483184814
1302,4,-2.3416659832000732
1303,22,0.6716506481170654
1304,3,-2.5541882514953613
1305,2,-2.6913504600524902
1306,2,-2.6698453426361084
1307,7,-1.8720145225524902
1308,6,-2.0197129249572754
1309,3,-2.429563522338867
1310,3,-2.5066170692443848
1311,25,1.1708369255065918
1312,5,-2.1073105335235596
1313,3,-2.569399356842041
1314,2,-2.686234474182129
1315,3,-2.4854729175567627
1316,3,-2.503283977508545
1317,3,-2.5350611209869385
1318,11,-1.163325309753418
1319,3,-2.505918264389038
1320,28,1.5394761562347412
1321,1,-2.8315036296844482
1322,7,-1.8604488372802734
1323,3,-2.4723334312438965
1324,7,-1.7939434051513672
1325,3,-2.483212471008301
1326,24,1.1123757362365723
1327,2,-2.6758623123168945
1328,2,-2.6755032539367676
1329,2,-2.629866123199463
1330,3,-2.477465867996216
1331,2,-2.6859169006347656
1332,2,-2.6766014099121094
1333,4,-2.2424511909484863
1334,2,-2.6666059494018555
1335,6,-2.00374174118042
1336,2,-2.683748722076416
1337,5,-2.093149423599243
1338,4,-2.240732192993164
1339,30,1.7514779567718506
1340,6,-1.9798896312713623
1341,7,-1.7731235027313232
1342,7,-1.9219571352005005
1343,7,-1.8843967914581299
1344,7,-1.8872603178024292
1345,3,-2.4404191970825195
1346,3,-2.4710564613342285
1347,3,-2.501722812652588
1348,1,-2.8042469024658203
1349,7,-1.8227331638336182
1350,2,-2.655985116958618
1351,4,-2.267422676086426
1352,3,-2.406437397003174
1353,2,-2.6596839427948
1354,6,-2.0502758026123047
1355,29,1.694977045059204
1356,2,-2.664597749710083
1357,3,-2.4655492305755615
1358,12,-1.1312116384506226
1359,30,1.7550930976867676
1360,2,-2.677196741104126
1361,1,-2.806525707244873
1362,2,-2.707473039627075
1363,3,-2.46531081199646
1364,2,-2.636969566345215
1365,8,-1.6587084531784058
1366,9,-1.5201419591903687
1367,3,-2.4306108951568604
1368,3,-2.5479631423950195
1369,5,-2.1836068630218506
1370,5,-2.165300130844116
1371,2,-2.6654021739959717
1372,3,-2.4384405612945557
1373,4,-2.3736941814422607
1374,3,-2.4331703186035156
1375,3,-2.422581911087036
1376,4,-2.359734058380127
1377,3,-2.498629331588745
1378,2,-2.699037790298462
1379,2,-2.6633172035217285
1380,3,-2.46523380279541
1381,17,-0.14389848709106445
1382,2,-2.680737257003784
1383,3,-2.499635696411133
1384,3,-2.5211379528045654
1385,5,-2.1979622840881348
1386,3,-2.529174566268921
1387,20,0.2962602376937866
1388,3,-2.5639946460723877
1389,2,-2.687302589416504
1390,7,-1.8412431478500366
1391,8,-1.6427396535873413
1392,5,-2.1490976810455322
1393,7,-1.7886924743652344
1394,6,-2.030622959136963
1395,3,-2.512432098388672
1396,13,-0.9623879790306091
1397,3,-2.5176029205322266
1398,2,-2.649980306625366
1399,3,-2.4968137741088867
1400,2,-2.662231206893921
1401,28,1.553323745727539
1402,4,-2.308140516281128
1403,3,-2.4683966636657715
1404,7,-1.9071109294891357
1405,4,-2.348717212677002
1406,12,-1.1063473224639893
1407,3,-2.4416611194610596
1408,3,-2.5689029693603516
1409,4,-2.3459713459014893
1410,23,0.8339600563049316
1411,2,-2.654541015625
1412,29,1.7046034336090088
1413,7,-1.8555432558059692
1414,2,-2.638770580291748
1415,10,-1.3617771863937378
1416,16,-0.4478112459182739
1417,3,-2.476990222930908
1418,2,-2.6580352783203125
1419,5,-2.201192617416382
1420,7,-1.8796156644821167
1421,6,-1.9880990982055664
1422,7,-1.7854175567626953
1423,8,-1.669285774230957
1424,5,-2.1970064640045166
1425,18,-0.0919419527053833
1426,4,-2.284850835800171
1427,4,-2.3729658126831055
1428,3,-2.399930000305176
1429,25,1.186021089553833
1430,6,-2.0038747787475586
1431,2,-2.672666549682617
1432,29,1.6636946201324463
1433,3,-2.4574191570281982
1434,10,-1.4440464973449707
1435,3,-2.4980220794677734
1436,3,-2.4196033477783203
1437,28,1.5798838138580322
1438,3,-2.506707191467285
1439,26,1.3467304706573486
1440,6,-1.9815208911895752
1441,3,-2.498565196990967
1442,6,-2.025944948196411
1443,6,-1.9743376970291138
1444,6,-2.0760111808776855
1445,5,-2.1016757488250732
1446,4,-2.3969345092773438
1447,5,-2.2165169715881348
1448,3,-2.4843788146972656
1449,6,-2.0144360065460205
1450,3,-2.4669206142425537
1451,13,-0.959348201751709
1452,2,-2.656376361846924
1453,3,-2.4969677925109863
1454,4,-2.3758342266082764
1455,29,1.6980247497558594
1456,4,-2.3618297576904297
1457,7,-1.7949695587158203
1458,2,-2.579864501953125
1459,3,-2.5404605865478516
1460,29,1.7011313438415527
1461,5,-2.205267906188965
1462,3,-2.4706406593322754
1463,5,-2.123993396759033
1464,1,-2.811396598815918
1465,2,-2.6745307445526123
1466,3,-2.5053868293762207
1467,3,-2.4534730911254883
1468,4,-2.317481517791748
1469,7,-1.7734423875808716
1470,3,-2.501225233078003
1471,30,1.7725770473480225
1472,3,-2.437915325164795
1473,4,-2.2639694213867188
1474,2,-2.5950121879577637
1475,6,-2.026857376098633
1476,2,-2.663816452026367
1477,3,-2.4293909072875977
1478,10,-1.3514175415039062
1479,2,-2.6576590538024902
1480,9,-1.5376334190368652
1481,5,-2.2180469036102295
1482,4,-2.3943307399749756
1483,3,-2.437228202819824
1484,6,-2.0733704566955566
1485,3,-2.481353521347046
1486,2,-2.6728320121765137
1487,6,-1.940846562385559
1488,2,-2.6525022983551025
1489,2,-2.690354108810425
1490,23,0.8272042274475098
1491,19,0.18142271041870117
1492,3,-2.515322685241699
1493,26,1.3106179237365723
1494,3,-2.427590847015381
1495,28,1.5503878593444824
1496,6,-1.9833297729492188
1497,3,-2.4749300479888916
1498,1,-2.810515880584717
1499,3,-2.4192183017730713
1500,1,-2.7819433212280273
1501,26,1.3190720081329346
1502,4,-2.3917171955108643
1503,2,-2.663971185684204
1504,7,-1.81108820438385
1505,3,-2.5102853775024414
1506,5,-2.1700189113616943
1507,2,-2.661949396133423
1508,3,-2.47379994392395
1509,3,-2.4700303077697754
1510,2,-2.6421966552734375
1511,30,1.7913844585418701
1512,30,1.7802844047546387
1513,4,-2.33390474319458
1514,3,-2.4114394187927246
1515,3,-2.4205379486083984
1516,5,-2.1641998291015625
1517,3,-2.5084171295166016
1518,2,-2.6385679244995117
1519,3,-2.4144978523254395
1520,1,-2.8663322925567627
1521,3,-2.4213991165161133
1522,5,-2.0912275314331055
1523,2,-2.615415096282959
1524,2,-2.737645149230957
1525,6,-1.9907101392745972
1526,2,-2.668708086013794
1527,11,-1.2459443807601929
1528,4,-2.3612494468688965
1529,4,-2.351248264312744
1530,2,-2.6552305221557617
1531,6,-1.9923386573791504
1532,3,-2.4668097496032715
1533,6,-1.9326235055923462
1534,4,-2.3335373401641846
1535,4,-2.3884921073913574
1536,3,-2.4050369262695312
1537,29,1.724639654159546
1538,4,-2.3015122413635254
1539,9,-1.495441198348999
1540,3,-2.4878294467926025
1541,4,-2.3356900215148926
1542,6,-2.07987380027771
1543,17,-0.2327641248703003
1544,2,-2.63550066947937
1545,3,-2.4547080993652344
1546,1,-2.8075389862060547
1547,7,-1.7836215496063232
1548,4,-2.2610769271850586
1549,3,-2.528254985809326
1550,30,1.762561321258545
1551,3,-2.429398536682129
1552,2,-2.6783547401428223
1553,2,-2.6413233280181885
1554,6,-2.0809643268585205
1555,8,-1.630927324295044
1556,3,-2.398094892501831
1557,2,-2.649101495742798
1558,2,-2.6478331089019775
1559,3,-2.4219086170196533
1560,2,-2.633011817932129
1561,8,-1.6326451301574707
1562,26,1.4104201793670654
1563,4,-2.316148042678833
1564,20,0.2627300024032593
1565,5,-2.182366371154785
1566,2,-2.738093852996826
1567,4,-2.3467299938201904
1568,3,-2.4090380668640137
1569,3,-2.4322128295898438
1570,5,-2.215380907058716
1571,4,-2.357815980911255
1572,3,-2.410633087158203
1573,3,-2.4101054668426514
1574,3,-2.4274487495422363
1575,2,-2.6060233116149902
1576,3,-2.458221912384033
1577,4,-2.3274784088134766
1578,3,-2.5185706615448
1579,5,-2.200932502746582
1580,1,-2.879427433013916
1581,2,-2.6365408897399902
1582,3,-2.4283511638641357
1583,29,1.6684026718139648
1584,24,1.1257963180541992
1585,3,-2.514915943145752
1586,30,1.7760815620422363
1587,2,-2.6465578079223633
1588,3,-2.4006471633911133
1589,3,-2.4583210945129395
1590,2,-2.645984649658203
1591,30,1.7882764339447021
1592,3,-2.510204792022705
1593,3,-2.4553816318511963
1594,4,-2.3550617694854736
1595,2,-2.6715950965881348
1596,5,-2.1099138259887695
1597,29,1.7119691371917725
1598,6,-1.9922420978546143
1599,2,-2.635556221008301
1600,27,1.5289971828460693
1601,7,-1.920799732208252
1602,3,-2.4904799461364746
1603,6,-2.0807838439941406
1604,6,-1.9378570318222046
1605,2,-2.6539523601531982
1606,11,-1.1535587310791016
1607,1,-2.7849419116973877
1608,5,-2.1846976280212402
1609,9,-1.5133752822875977
1610,2,-2.6600685119628906
1611,27,1.5303065776824951
1612,1,-2.792935371398926
1613,2,-2.649836540222168
1614,6,-2.045076370239258
1615,3,-2.4134469032287598
1616,2,-2.61232852935791
1617,30,1.7873547077178955
1618,10,-1.3746042251586914
1619,5,-2.11273193359375
1620,4,-2.3460373878479004
1621,26,1.3229849338531494
1622,5,-2.100843667984009
1623,3,-2.4177730083465576
1624,28,1.609632968902588
1625,3,-2.552224636077881
1626,2,-2.6571571826934814
1627,9,-1.6063592433929443
1628,3,-2.487776756286621
1629,3,-2.465275287628174
1630,4,-2.3978657722473145
1631,3,-2.5388777256011963
1632,2,-2.681621789932251
1633,21,0.500281572341919
1634,4,-2.279134511947632
1635,2,-2.6541495323181152
1636,8,-1.6598938703536987
1637,3,-2.5339512825012207
1638,4,-2.344654083251953
1639,1,-2.836073875427246
1640,4,-2.329777717590332
1641,3,-2.461237907409668
1642,4,-2.3808789253234863
1643,4,-2.344770908355713
1644,3,-2.451723575592041
1645,30,1.7806978225708008
1646,2,-2.627798080444336
1647,13,-0.9482097029685974
1648,5,-2.1528148651123047
1649,21,0.43211424350738525
1650,3,-2.5589256286621094
1651,3,-2.4654617309570312
1652,5,-2.0992231369018555
1653,8,-1.761698603630066
1654,9,-1.4674289226531982
1655,30,1.7624800205230713
1656,4,-2.3595361709594727
1657,7,-1.9054131507873535
1658,25,1.2369921207427979
1659,5,-2.107436180114746
1660,27,1.4412519931793213
1661,3,-2.4183785915374756
1662,30,1.7961812019348145
1663,3,-2.5308237075805664
1664,4,-2.299973487854004
1665,18,-0.009950041770935059
1666,4,-2.3317384719848633
1667,30,1.751708745956421
1668,4,-2.3464250564575195
1669,4,-2.3793821334838867
1670,8,-1.6420196294784546
1671,2,-2.622540235519409
1672,10,-1.3060309886932373
1673,4,-2.3248472213745117
1674,4,-2.369030714035034
1675,8,-1.6725330352783203
1676,1,-2.811706066131592
1677,5,-2.2208213806152344
1678,2,-2.6258397102355957
1679,7,-1.8773783445358276
1680,9,-1.6052827835083008
1681,30,1.7699086666107178
1682,4,-2.3631293773651123
1683,28,1.6162734031677246
1684,2,-2.67790150642395
1685,2,-2.6517128944396973
1686,2,-2.633873224258423
1687,8,-1.7087960243225098
1688,4,-2.3049073219299316
1689,2,-2.601835250854492
1690,9,-1.5772781372070312
1691,3,-2.4296910762786865
1692,29,1.6596333980560303
1693,4,-2.3257246017456055
1694,4,-2.233393430709839
1695,2,-2.6478404998779297
1696,26,1.3057665824890137
1697,1,-2.7938618659973145
1698,13,-0.8824948668479919
1699,2,-2.6153693199157715
1700,2,-2.6534576416015625
1701,21,0.6110963821411133
1702,4,-2.372314691543579
1703,4,-2.379772186279297
1704,4,-2.3962042331695557
1705,8,-1.6710155010223389
1706,2,-2.641843318939209
1707,7,-1.9089889526367188
1708,4,-2.3228771686553955
1709,2,-2.648507595062256
1710,2,-2.5843682289123535
1711,4,-2.2764720916748047
1712,29,1.7254080772399902
1713,6,-1.9859615564346313
1714,7,-1.8190770149230957
1715,8,-1.7607847452163696
1716,4,-2.3471875190734863
1717,1,-2.8001046180725098
1718,7,-1.7820852994918823
1719,3,-2.502079725265503
1720,1,-2.837526559829712
1721,1,-2.786992073059082
1722,4,-2.314976692199707
1723,9,-1.4930626153945923
1724,5,-2.091144561767578
1725,12,-1.019355297088623
1726,3,-2.420107126235962
1727,4,-2.2957963943481445
1728,11,-1.2477811574935913
1729,4,-2.3535594940185547
1730,7,-1.8795392513275146
1731,1,-2.7892136573791504
1732,7,-1.8760677576065063
1733,5,-2.127331018447876
1734,4,-2.362750291824341
1735,2,-2.6440329551696777
1736,2,-2.6068568229675293
1737,11,-1.1435723304748535
1738,9,-1.584701418876648
1739,2,-2.612489700317383
1740,1,-2.88564395904541
1741,3,-2.5106401443481445
1742,4,-2.3198509216308594
1743,4,-2.2982075214385986
1744,1,-2.791482448577881
1745,9,-1.4990214109420776
1746,5,-2.1747491359710693
1747,12,-1.0893335342407227
1748,4,-2.3605048656463623
1749,7,-1.8464689254760742
1750,5,-2.1733345985412598
1751,29,1.7358219623565674
1752,7,-1.8656823635101318
1753,4,-2.350491523742676
1754,11,-1.2845706939697266
1755,13,-0.8438479900360107
1756,3,-2.499948263168335
1757,5,-2.1301958560943604
1758,4,-2.2840776443481445
1759,6,-2.0614664554595947
1760,2,-2.6405162811279297
1761,5,-2.1081647872924805
1762,4,-2.2881031036376953
1763,2,-2.5876541137695312
1764,2,-2.5937469005584717
1765,3,-2.4109535217285156
1766,4,-2.291320562362671
1767,3,-2.414111614227295
1768,2,-2.6446642875671387
1769,2,-2.6416635513305664
1770,2,-2.590514659881592
1771,2,-2.7084221839904785
1772,1,-2.754896879196167
1773,2,-2.5992095470428467
1774,2,-2.623039722442627
1775,25,1.146953821182251
1776,2,-2.6446657180786133
1777,2,-2.6441969871520996
1778,2,-2.589725971221924
1779,2,-2.601010799407959
1780,30,1.790130376815796
1781,3,-2.4750187397003174
1782,4,-2.3029048442840576
1783,8,-1.7343403100967407
1784,7,-1.8844233751296997
1785,8,-1.7375679016113281
1786,29,1.6752471923828125
1787,4,-2.374781847000122
1788,4,-2.302215099334717
1789,3,-2.4706130027770996
1790,9,-1.4775135517120361
1791,5,-2.095973014831543
1792,1,-2.8285367488861084
1793,12,-1.0534180402755737
1794,29,1.6974902153015137
1795,2,-2.617906093597412
1796,7,-1.8800910711288452
1797,3,-2.4218149185180664
1798,4,-2.3144562244415283
1799,2,-2.6049346923828125
1800,2,-2.5798838138580322
1801,11,-1.146901249885559
1802,29,1.6907529830932617
1803,2,-2.603606700897217
1804,9,-1.4959110021591187
1805,2,-2.6072869300842285
1806,12,-1.1223961114883423
1807,2,-2.747128963470459
1808,3,-2.5691568851470947
1809,7,-1.9094799757003784
1810,2,-2.621450424194336
1811,1,-2.880030632019043
1812,4,-2.2668709754943848
1813,4,-2.260378360748291
1814,4,-2.276958465576172
1815,3,-2.5472073554992676
1816,1,-2.885507583618164
1817,4,-2.282133102416992
1818,5,-2.159898281097412
1819,29,1.7157809734344482
1820,4,-2.3655171394348145
1821,9,-1.4570472240447998
1822,3,-2.492230176925659
1823,4,-2.2468197345733643
1824,30,1.7766573429107666
1825,4,-2.29594087600708
1826,9,-1.5186452865600586
1827,2,-2.6353936195373535
1828,4,-2.3471531867980957
1829,6,-2.074471950531006
1830,3,-2.42159366607666
1831,29,1.6939711570739746
1832,11,-1.232405185699463
1833,4,-2.3569393157958984
1834,29,1.674469232559204
1835,3,-2.561776638031006
1836,26,1.3462154865264893
1837,2,-2.5811233520507812
1838,4,-2.3043317794799805
1839,29,1.728224277496338
1840,4,-2.253340244293213
1841,4,-2.324500799179077
1842,11,-1.2802221775054932
1843,3,-2.425323009490967
1844,4,-2.396928310394287
1845,1,-2.8734354972839355
1846,29,1.6900897026062012
1847,2,-2.608599901199341
1848,9,-1.5144087076187134
1849,21,0.49746155738830566
1850,11,-1.2881391048431396
1851,4,-2.2574195861816406
1852,13,-0.8379181027412415
1853,4,-2.335944414138794
1854,2,-2.659119129180908
1855,2,-2.60211181640625
1856,7,-1.8089076280593872
1857,4,-2.2693850994110107
1858,4,-2.3679633140563965
1859,4,-2.2690608501434326
1860,3,-2.5691285133361816
1861,8,-1.7045989036560059
1862,4,-2.3056259155273438
1863,2,-2.6034631729125977
1864,3,-2.398796319961548
1865,2,-2.5888731479644775
1866,21,0.5156524181365967
1867,4,-2.3345260620117188
1868,2,-2.6290574073791504
1869,4,-2.329543113708496
1870,4,-2.3540685176849365
1871,21,0.4903278350830078
1872,4,-2.2590694427490234
1873,4,-2.310053586959839
1874,7,-1.8507384061813354
1875,3,-2.5129475593566895
1876,4,-2.3122284412384033
1877,24,0.9892075061798096
1878,4,-2.280604600906372
1879,2,-2.592498302459717
1880,4,-2.2545812129974365
1881,3,-2.5361998081207275
1882,2,-2.605034351348877
1883,11,-1.1434481143951416
1884,1,-2.775893211364746
1885,1,-2.7873964309692383
1886,6,-1.993084192276001
1887,5,-2.14097261428833
1888,4,-2.258147954940796
1889,2,-2.5762624740600586
1890,4,-2.2821829319000244
1891,19,0.18720591068267822
1892,28,1.554722785949707
1893,5,-2.099527359008789
1894,4,-2.3053150177001953
1895,6,-2.0494449138641357
1896,12,-1.0478699207305908
1897,9,-1.5625876188278198
1898,4,-2.239884614944458
1899,2,-2.6102776527404785
1900,11,-1.1844875812530518
1901,4,-2.355449914932251
1902,30,1.7791695594787598
1903,16,-0.40506303310394287
1904,9,-1.493729591369629
1905,2,-2.6163439750671387
1906,4,-2.33777117729187
1907,4,-2.2738003730773926
1908,3,-2.4748518466949463
1909,12,-1.0192973613739014
1910,5,-2.2122585773468018
1911,4,-2.2755496501922607
1912,2,-2.6298274993896484
1913,4,-2.2692432403564453
1914,4,-2.272263526916504
1915,7,-1.8221697807312012
1916,8,-1.66484797000885
1917,3,-2.5542728900909424
1918,5,-2.2148935794830322
1919,2,-2.5854101181030273
1920,4,-2.385049343109131
1921,12,-1.0990004539489746
1922,5,-2.185549259185791
1923,1,-2.785684585571289
1924,12,-1.0102763175964355
1925,4,-2.2594010829925537
1926,8,-1.6693670749664307
1927,4,-2.3257598876953125
1928,15,-0.6287660598754883
1929,2,-2.6261892318725586
1930,2,-2.5769448280334473
1931,6,-1.9725459814071655
1932,3,-2.442760944366455
1933,3,-2.401458263397217
1934,3,-2.4289605617523193
1935,2,-2.6413607597351074
1936,3,-2.552774429321289
1937,4,-2.3301236629486084
1938,4,-2.32366943359375
1939,8,-1.6869670152664185
1940,1,-2.8505167961120605
1941,4,-2.306600570678711
1942,6,-1.9382590055465698
1943,2,-2.6151199340820312
1944,2,-2.603767156600952
1945,2,-2.584709405899048
1946,10,-1.397024154663086
1947,10,-1.4390430450439453
1948,3,-2.5399186611175537
1949,15,-0.6179508566856384
1950,9,-1.4722739458084106
1951,4,-2.274158477783203
1952,6,-2.0031208992004395
1953,4,-2.3343098163604736
1954,12,-1.0553500652313232
1955,5,-2.2225584983825684
1956,4,-2.3585243225097656
1957,1,-2.826446056365967
1958,2,-2.5823545455932617
1959,30,1.7509589195251465
1960,2,-2.5971450805664062
1961,2,-2.578474521636963
1962,4,-2.3500490188598633
1963,4,-2.240046262741089
1964,15,-0.4868619441986084
1965,4,-2.3624091148376465
1966,13,-0.9421651363372803
1967,4,-2.231414794921875
1968,3,-2.572406768798828
1969,3,-2.5352702140808105
1970,8,-1.7526800632476807
1971,22,0.7237143516540527
1972,4,-2.303689956665039
1973,4,-2.3078348636627197
1974,6,-2.071115493774414
1975,4,-2.3774380683898926
1976,13,-0.9091973900794983
1977,12,-1.0998656749725342
1978,5,-2.198306083679199
1979,5,-2.1310386657714844
1980,10,-1.3846991062164307
1981,3,-2.5660207271575928
1982,5,-2.21290922164917
1983,8,-1.6248594522476196
1984,4,-2.3060734272003174
1985,4,-2.2467660903930664
1986,2,-2.611825466156006
1987,22,0.7139713764190674
1988,4,-2.3828532695770264
1989,3,-2.5529837608337402
1990,4,-2.250009536743164
1991,27,1.4682464599609375
1992,30,1.7528696060180664
1993,4,-2.2942445278167725
1994,12,-1.134777545928955
1995,4,-2.2433691024780273
1996,2,-2.6041526794433594
1997,2,-2.5956225395202637
1998,4,-2.245727777481079
1999,4,-2.301671028137207
2000,10,-1.3120704889297485
2001,3,-2.5543856620788574
2002,4,-2.2864034175872803
2003,7,-1.7905791997909546
2004,8,-1.6342031955718994
2005,14,-0.6493799686431885
2006,2,-2.5927610397338867
2007,5,-2.088893413543701
2008,2,-2.6334147453308105
2009,4,-2.2969374656677246
2010,1,-2.880058765411377
2011,6,-1.9385623931884766
2012,6,-1.9864156246185303
2013,8,-1.661743402481079
2014,2,-2.6102709770202637
2015,9,-1.450973629951477
2016,2,-2.602400302886963
2017,13,-0.9568477869033813
2018,27,1.485107660293579
2019,2,-2.5810370445251465
2020,4,-2.317387104034424
2021,10,-1.4404460191726685
2022,4,-2.243633270263672
2023,5,-2.220792293548584
2024,28,1.5965046882629395
2025,4,-2.386481285095215
2026,4,-2.247945547103882
2027,4,-2.367978096008301
2028,4,-2.3336873054504395
2029,2,-2.5877158641815186
2030,24,0.9951345920562744
2031,4,-2.2495651245117188
2032,4,-2.3412067890167236
2033,11,-1.2011733055114746
2034,4,-2.228555202484131
2035,2,-2.6718969345092773
2036,5,-2.224163055419922
2037,10,-1.4120312929153442
2038,29,1.7177202701568604
2039,6,-2.0384769439697266
2040,8,-1.7290544509887695
2041,2,-2.5827908515930176
2042,29,1.7215747833251953
2043,3,-2.538358211517334
2044,4,-2.2813618183135986
2045,3,-2.475834846496582
2046,2,-2.5841684341430664
2047,4,-2.3763484954833984
2048,27,1.4883713722229004
2049,30,1.7702009677886963
2050,30,1.779106855392456
2051,5,-2.2197232246398926
2052,3,-2.5384621620178223
2053,3,-2.4289050102233887
2054,4,-2.338606834411621
2055,6,-2.006171464920044
2056,9,-1.4679975509643555
2057,4,-2.2463767528533936
2058,3,-2.56174898147583
2059,13,-0.8889293670654297
2060,8,-1.7216582298278809
2061,5,-2.1876118183135986
2062,23,0.9686176776885986
2063,2,-2.600667715072632
2064,4,-2.330500602722168
2065,2,-2.5939273834228516
2066,5,-2.185873031616211
2067,5,-2.200100898742676
2068,15,-0.5855696797370911
2069,5,-2.2141146659851074
2070,3,-2.4617342948913574
2071,4,-2.3442866802215576
2072,8,-1.746077537536621
2073,2,-2.6295504570007324
2074,4,-2.2506277561187744
2075,6,-1.9840295314788818
2076,30,1.7865900993347168
2077,30,1.746776819229126
2078,29,1.6879222393035889
2079,10,-1.3341069221496582
2080,4,-2.2746355533599854
2081,2,-2.5871660709381104
2082,5,-2.175913095474243
2083,2,-2.592735767364502
2084,2,-2.5909018516540527
2085,7,-1.785933256149292
2086,7,-1.891074538230896
2087,2,-2.6092777252197266
2088,4,-2.3464550971984863
2089,8,-1.733305811882019
2090,5,-2.2037429809570312
2091,9,-1.5114500522613525
2092,4,-2.2881035804748535
2093,2,-2.593029022216797
2094,6,-2.017260789871216
2095,13,-0.955916166305542
2096,2,-2.5857467651367188
2097,28,1.5640802383422852
2098,4,-2.309882164001465
2099,14,-0.6981427073478699
2100,5,-2.200918674468994
2101,30,1.774242639541626
2102,8,-1.6787290573120117
2103,2,-2.595608711242676
2104,5,-2.1102652549743652
2105,5,-2.148170232772827
2106,2,-2.598231554031372
2107,2,-2.597485065460205
2108,5,-2.13400936126709
2109,9,-1.4727437496185303
2110,10,-1.3293687105178833
2111,9,-1.47297203540802
2112,5,-2.1960129737854004
2113,5,-2.1906886100769043
2114,2,-2.6077795028686523
2115,4,-2.2577292919158936
2116,30,1.7634570598602295
2117,1,-2.7867484092712402
2118,29,1.7166128158569336
2119,2,-2.6068434715270996
2120,30,1.7405438423156738
2121,5,-2.1649370193481445
2122,5,-2.19520902633667
2123,8,-1.7112152576446533
2124,2,-2.5943760871887207
2125,3,-2.4383509159088135
2126,7,-1.7934765815734863
2127,30,1.792539358139038
2128,8,-1.685401201248169
2129,3,-2.5617971420288086
2130,5,-2.1393773555755615
2131,2,-2.5829219818115234
2132,3,-2.5400543212890625
2133,12,-1.0075864791870117
2134,3,-2.5700926780700684
2135,5,-2.1537163257598877
2136,8,-1.6514983177185059
2137,5,-2.2056872844696045
2138,2,-2.602592945098877
2139,4,-2.3733227252960205
2140,2,-2.597358465194702
2141,7,-1.909480094909668
2142,6,-1.9225300550460815
2143,2,-2.663196563720703
2144,12,-0.9883109331130981
2145,15,-0.6226810812950134
2146,3,-2.5469307899475098
2147,29,1.6818721294403076
2148,1,-2.7697913646698
2149,5,-2.2119979858398438
2150,9,-1.5100926160812378
2151,3,-2.5578556060791016
2152,8,-1.6224726438522339
2153,3,-2.5439095497131348
2154,2,-2.5814754962921143
2155,13,-0.8697440028190613
2156,13,-0.9268671870231628
2157,5,-2.1613237857818604
2158,14,-0.8004130125045776
2159,5,-2.1775050163269043
2160,27,1.4401309490203857
2161,24,1.0107247829437256
2162,7,-1.8285224437713623
2163,5,-2.1039719581604004
2164,22,0.6780288219451904
2165,3,-2.5147764682769775
2166,5,-2.1928982734680176
2167,11,-1.2883296012878418
2168,12,-1.0656757354736328
2169,3,-2.513449192047119
2170,3,-2.5576834678649902
2171,3,-2.484041452407837
2172,3,-2.5456247329711914
2173,4,-2.236764669418335
2174,7,-1.8870972394943237
2175,13,-0.9445730447769165
2176,14,-0.6685830354690552
2177,1,-2.7765543460845947
2178,1,-2.8232016563415527
2179,10,-1.378955602645874
2180,6,-2.0229668617248535
2181,6,-1.995368480682373
2182,13,-0.971850574016571
2183,5,-2.2103397846221924
2184,3,-2.5435538291931152
2185,13,-0.9044151306152344
2186,1,-2.8688056468963623
2187,4,-2.3071625232696533
2188,5,-2.1697726249694824
2189,11,-1.255494475364685
2190,3,-2.5050837993621826
2191,3,-2.57034969329834
2192,5,-2.18194317817688
2193,2,-2.652040481567383
2194,11,-1.2713688611984253
2195,4,-2.34243106842041
2196,4,-2.247206211090088
2197,5,-2.1737923622131348
2198,1,-2.787230968475342
2199,5,-2.130919933319092
2200,8,-1.7128664255142212
2201,3,-2.5265755653381348
2202,14,-0.7825736403465271
2203,25,1.227083444595337
2204,3,-2.4774889945983887
2205,10,-1.3441250324249268
2206,15,-0.5635743737220764
2207,5,-2.1933040618896484
2208,12,-1.1327712535858154
2209,4,-2.2464699745178223
2210,11,-1.1945844888687134
2211,16,-0.427600622177124
2212,5,-2.223331928253174
2213,5,-2.1318483352661133
2214,10,-1.3326221704483032
2215,5,-2.177624225616455
2216,1,-2.820448398590088
2217,5,-2.140709638595581
2218,3,-2.5733845233917236
2219,11,-1.2609262466430664
2220,3,-2.4826767444610596
2221,9,-1.5244427919387817
2222,3,-2.5354325771331787
2223,4,-2.3718161582946777
2224,11,-1.197996735572815
2225,22,0.7620434761047363
2226,3,-2.525989532470703
2227,3,-2.4018990993499756
2228,15,-0.575486421585083
2229,25,1.1675448417663574
2230,5,-2.1387062072753906
2231,14,-0.6646789908409119
2232,5,-2.1140663623809814
2233,3,-2.5544705390930176
2234,7,-1.886993408203125
2235,5,-2.1389172077178955
2236,5,-2.18345308303833
2237,8,-1.6170729398727417
2238,3,-2.516361713409424
2239,5,-2.14858078956604
2240,7,-1.8712457418441772
2241,5,-2.220888614654541
2242,5,-2.143587112426758
2243,5,-2.2035341262817383
2244,11,-1.1847398281097412
2245,5,-2.1549155712127686
2246,13,-0.91807621717453
2247,7,-1.8785085678100586
2248,5,-2.149117946624756
2249,13,-0.9093073010444641
2250,11,-1.1614086627960205
2251,5,-2.103790283203125
2252,5,-2.123042583465576
2253,6,-2.0782976150512695
2254,2,-2.6005845069885254
2255,12,-1.0727890729904175
2256,4,-2.249711751937866
2257,12,-1.117039442062378
2258,3,-2.5615038871765137
2259,3,-2.564145088195801
2260,5,-2.1997036933898926
2261,5,-2.155611991882324
2262,2,-2.579420804977417
2263,5,-2.0978875160217285
2264,8,-1.689992070198059
2265,3,-2.562342405319214
2266,3,-2.5124094486236572
2267,5,-2.131349563598633
2268,5,-2.1058173179626465
2269,5,-2.108752965927124
2270,12,-0.9940237998962402
2271,13,-0.8270263671875
2272,13,-0.9015794396400452
2273,5,-2.2051610946655273
2274,3,-2.558932065963745
2275,3,-2.533289909362793
2276,8,-1.690062165260315
2277,5,-2.206075668334961
2278,4,-2.246272087097168
2279,3,-2.4814906120300293
2280,2,-2.7477431297302246
2281,3,-2.5427439212799072
2282,3,-2.5262742042541504
2283,5,-2.1344733238220215
2284,7,-1.812657117843628
2285,5,-2.1882152557373047
2286,3,-2.5681591033935547
2287,12,-0.9992508888244629
2288,11,-1.2225546836853027
2289,3,-2.57114839553833
2290,12,-1.112168550491333
2291,9,-1.5712685585021973
2292,4,-2.2708446979522705
2293,14,-0.7818431854248047
2294,4,-2.313812494277954
2295,14,-0.6571998000144958
2296,4,-2.3760077953338623
2297,13,-0.9232794642448425
2298,3,-2.499807119369507
2299,5,-2.1551482677459717
2300,30,1.7701971530914307
2301,3,-2.5459680557250977
2302,9,-1.523062825202942
2303,6,-2.07141375541687
2304,5,-2.132741928100586
2305,5,-2.1699469089508057
2306,3,-2.4378368854522705
2307,8,-1.6772098541259766
2308,4,-2.2438974380493164
2309,5,-2.1138010025024414
2310,11,-1.1749255657196045
2311,3,-2.5708870887756348
2312,5,-2.1017556190490723
2313,9,-1.5070714950561523
2314,5,-2.2176058292388916
2315,5,-2.101724624633789
2316,1,-2.827833652496338
2317,4,-2.3092150688171387
2318,5,-2.140383720397949
2319,6,-2.071540117263794
2320,3,-2.5650434494018555
2321,6,-2.058713436126709
2322,11,-1.2053194046020508
2323,3,-2.494419813156128
2324,6,-2.0473809242248535
2325,5,-2.1082606315612793
2326,22,0.6931591033935547
2327,25,1.1716742515563965
2328,30,1.7903313636779785
2329,9,-1.5985790491104126
2330,3,-2.521148681640625
2331,10,-1.321686863899231
2332,5,-2.1555542945861816
2333,11,-1.157624363899231
2334,5,-2.1714892387390137
2335,13,-0.9655761122703552
2336,3,-2.53825044631958
2337,29,1.7067348957061768
2338,9,-1.4628067016601562
2339,19,0.2209562063217163
2340,28,1.563647747039795
2341,12,-1.038855791091919
2342,5,-2.0912411212921143
2343,12,-1.0911428928375244
2344,5,-2.092031717300415
2345,3,-2.562025547027588
2346,16,-0.40191543102264404
2347,2,-2.657362937927246
2348,4,-2.2326457500457764
2349,6,-2.057997226715088
2350,5,-2.1257739067077637
2351,11,-1.166975498199463
2352,2,-2.5750555992126465
2353,20,0.39004361629486084
2354,5,-2.1466472148895264
2355,13,-0.8259782791137695
2356,12,-1.090538501739502
2357,5,-2.1999669075012207
2358,3,-2.4271321296691895
2359,5,-2.151716947555542
2360,6,-2.0493247509002686
2361,5,-2.097538709640503
2362,3,-2.4900412559509277
2363,8,-1.7059855461120605
2364,5,-2.1950788497924805
2365,26,1.2972266674041748
2366,4,-2.353344440460205
2367,7,-1.8595128059387207
2368,27,1.424628496170044
2369,9,-1.603324294090271
2370,3,-2.569117784500122
2371,1,-2.780242443084717
2372,5,-2.186579942703247
2373,5,-2.155374050140381
2374,8,-1.6296281814575195
2375,3,-2.532418727874756
2376,30,1.7914600372314453
2377,5,-2.182305097579956
2378,6,-1.9459006786346436
2379,4,-2.2854695320129395
2380,3,-2.5193188190460205
2381,7,-1.8365180492401123
2382,24,1.085012674331665
2383,5,-2.1396572589874268
2384,13,-0.8268129825592041
2385,14,-0.739154040813446
2386,3,-2.5714688301086426
2387,13,-0.978965163230896
2388,3,-2.5244829654693604
2389,9,-1.5417605638504028
2390,6,-2.073401927947998
2391,30,1.776484489440918
2392,4,-2.2438385486602783
2393,3,-2.5052924156188965
2394,10,-1.3359723091125488
2395,9,-1.5408763885498047
2396,12,-0.9919852018356323
2397,5,-2.1247453689575195
2398,5,-2.1624996662139893
2399,3,-2.5289742946624756
2400,14,-0.642365038394928
2401,6,-2.0773162841796875
2402,6,-2.034431219100952
2403,6,-2.0587711334228516
2404,5,-2.1122448444366455
2405,3,-2.496110439300537
2406,13,-0.8431031703948975
2407,29,1.7092556953430176
2408,1,-2.788970947265625
2409,6,-2.07083797454834
2410,29,1.7335498332977295
2411,6,-2.0460662841796875
2412,19,0.1954514980316162
2413,8,-1.722675085067749
2414,8,-1.7197082042694092
2415,12,-1.0566394329071045
2416,13,-0.8860028982162476
2417,5,-2.1561968326568604
2418,3,-2.541637659072876
2419,5,-2.0893404483795166
2420,11,-1.2360883951187134
2421,4,-2.259378671646118
2422,5,-2.147101879119873
2423,19,0.09642660617828369
2424,2,-2.7255144119262695
2425,6,-2.045516014099121
2426,6,-2.0469698905944824
2427,3,-2.5001626014709473
2428,3,-2.547214984893799
2429,3,-2.5472002029418945
2430,3,-2.5384464263916016
2431,12,-1.117692470550537
2432,13,-0.9459915161132812
2433,13,-0.8916860818862915
2434,27,1.4747791290283203
2435,5,-2.1234488487243652
2436,9,-1.4555306434631348
2437,2,-2.7092511653900146
2438,12,-0.9827896952629089
2439,5,-2.083479166030884
2440,1,-2.869243621826172
2441,12,-1.1394367218017578
2442,6,-2.0400679111480713
2443,30,1.7859923839569092
2444,8,-1.7544878721237183
2445,15,-0.6187989115715027
2446,10,-1.3378574848175049
2447,3,-2.54647159576416
2448,6,-2.0621349811553955
2449,3,-2.488192558288574
2450,5,-2.113013982772827
2451,8,-1.7553801536560059
2452,3,-2.463654041290283
2453,10,-1.3664873838424683
2454,6,-2.0514988899230957
2455,6,-1.9692329168319702
2456,5,-2.1807031631469727
2457,5,-2.166912794113159
2458,27,1.5014472007751465
2459,1,-2.7524166107177734
2460,29,1.7234001159667969
2461,6,-1.9775604009628296
2462,3,-2.5672450065612793
2463,3,-2.5320332050323486
2464,3,-2.3987526893615723
2465,30,1.7721266746520996
2466,6,-2.069603443145752
2467,5,-2.1101789474487305
2468,3,-2.547724723815918
2469,3,-2.511753797531128
2470,5,-2.0954184532165527
2471,15,-0.5306249856948853
2472,5,-2.087919235229492
2473,5,-2.0899205207824707
2474,2,-2.701749324798584
2475,3,-2.4115524291992188
2476,13,-0.867508590221405
2477,3,-2.4719395637512207
2478,3,-2.5485568046569824
2479,5,-2.2193756103515625
2480,2,-2.5838775634765625
2481,1,-2.887596845626831
2482,5,-2.1134872436523438
2483,1,-2.755401611328125
2484,6,-2.06122088432312
2485,3,-2.5451722145080566
2486,29,1.6729094982147217
2487,15,-0.5929341316223145
2488,9,-1.48745858669281
2489,3,-2.529362678527832
2490,27,1.5237746238708496
2491,5,-2.092053174972534
2492,5,-2.197913646697998
2493,1,-2.8848183155059814
2494,13,-0.9604681730270386
2495,5,-2.0863277912139893
2496,3,-2.4776294231414795
2497,5,-2.1138103008270264
2498,5,-2.141014337539673
2499,11,-1.276397943496704
2500,14,-0.7528006434440613
2501,13,-0.9352291822433472
2502,29,1.7093162536621094
2503,11,-1.2702171802520752
2504,10,-1.3636149168014526
2505,11,-1.2796530723571777
2506,30,1.7594685554504395
2507,29,1.7233781814575195
2508,11,-1.2577698230743408
2509,13,-0.8265912532806396
2510,3,-2.442920446395874
2511,30,1.7926363945007324
2512,6,-2.053286552429199
2513,30,1.7628755569458008
2514,6,-2.0611519813537598
2515,25,1.1536102294921875
2516,1,-2.7997918128967285
2517,30,1.7902729511260986
2518,1,-2.787175178527832
2519,3,-2.534444808959961
2520,6,-2.0786898136138916
2521,15,-0.6227241158485413
2522,6,-1.997739315032959
2523,3,-2.4788734912872314
2524,3,-2.44700288772583
2525,11,-1.254995346069336
2526,3,-2.507298469543457
2527,30,1.7881803512573242
2528,11,-1.233232021331787
2529,6,-1.981938362121582
2530,16,-0.3623865842819214
2531,5,-2.088818073272705
2532,3,-2.4843010902404785
2533,5,-2.1873273849487305
2534,18,-0.028610706329345703
2535,24,0.9928336143493652
2536,6,-1.9674464464187622
2537,6,-1.9769606590270996
2538,4,-2.2430849075317383
2539,3,-2.5409913063049316
2540,5,-2.12330961227417
2541,15,-0.5297244787216187
2542,3,-2.4504175186157227
2543,15,-0.5997486114501953
2544,30,1.7910943031311035
2545,6,-2.012066602706909
2546,13,-0.839561402797699
2547,30,1.7976126670837402
2548,3,-2.5118844509124756
2549,14,-0.8059473633766174
2550,6,-1.9506988525390625
2551,13,-0.8966445326805115
2552,30,1.7656095027923584
2553,14,-0.8048691749572754
2554,6,-2.000537395477295
2555,10,-1.3496617078781128
2556,11,-1.154841661453247
2557,6,-2.0468015670776367
2558,5,-2.1402249336242676
2559,5,-2.100780487060547
2560,12,-1.1105949878692627
2561,6,-1.9822101593017578
2562,6,-2.039991855621338
2563,13,-0.9401056170463562
2564,3,-2.5307211875915527
2565,3,-2.426642656326294
2566,4,-2.292759895324707
2567,3,-2.570540428161621
2568,13,-0.9612144231796265
2569,7,-1.8999359607696533
2570,3,-2.4796624183654785
2571,16,-0.34633660316467285
2572,11,-1.179274082183838
2573,3,-2.5080020427703857
2574,1,-2.783182144165039
2575,3,-2.5105504989624023
2576,5,-2.1633095741271973
2577,13,-0.908141553401947
2578,12,-0.9849791526794434
2579,3,-2.487194538116455
2580,5,-2.1172895431518555
2581,9,-1.5670380592346191
2582,6,-2.035409688949585
2583,13,-0.8782020807266235
2584,10,-1.2939090728759766
2585,6,-2.0029008388519287
2586,12,-1.0068151950836182
2587,24,1.0661647319793701
2588,3,-2.4540791511535645
2589,11,-1.1631433963775635
2590,3,-2.5031986236572266
2591,15,-0.6028102040290833
2592,6,-2.0620169639587402
2593,6,-1.9673001766204834
2594,12,-1.084753394126892
2595,13,-0.9706577658653259
2596,30,1.779165506362915
2597,6,-2.0518791675567627
2598,1,-2.7977283000946045
2599,12,-0.9959080219268799
2600,6,-2.0111396312713623
2601,12,-1.0866730213165283
2602,27,1.5316333770751953
2603,11,-1.2457280158996582
2604,5,-2.088724136352539
2605,5,-2.095186710357666
2606,3,-2.4765896797180176
2607,15,-0.520782470703125
2608,5,-2.140571117401123
2609,18,-0.12180376052856445
2610,1,-2.7639060020446777
2611,3,-2.525202989578247
2612,15,-0.5522411465644836
2613,5,-2.118290901184082
2614,13,-0.9221836924552917
2615,17,-0.2622966766357422
2616,4,-2.3762435913085938
2617,3,-2.53255033493042
2618,6,-2.003919839859009
2619,10,-1.4020565748214722
2620,7,-1.8146201372146606
2621,3,-2.4815480709075928
2622,11,-1.2376307249069214
2623,27,1.440838098526001
2624,3,-2.4870171546936035
2625,27,1.467153549194336
2626,11,-1.210384488105774
2627,10,-1.3761372566223145
2628,7,-1.8840402364730835
2629,5,-2.1264092922210693
2630,4,-2.3351857662200928
2631,16,-0.3392409086227417
2632,30,1.7874958515167236
2633,15,-0.6113934516906738
2634,12,-1.0191980600357056
2635,9,-1.5031275749206543
2636,6,-1.9418063163757324
2637,27,1.460247278213501
2638,27,1.4924209117889404
2639,3,-2.4889326095581055
2640,30,1.7431492805480957
2641,9,-1.5905709266662598
2642,3,-2.4817490577697754
2643,14,-0.6605699062347412
2644,5,-2.115302085876465
2645,30,1.7577869892120361
2646,9,-1.5092267990112305
2647,3,-2.4632582664489746
2648,3,-2.5027222633361816
2649,14,-0.7607612609863281
2650,3,-2.524632453918457
2651,12,-1.1352136135101318
2652,1,-2.7818169593811035
2653,6,-2.0186171531677246
2654,6,-2.062267303466797
2655,11,-1.223701000213623
2656,11,-1.1888431310653687
2657,3,-2.4608988761901855
2658,4,-2.3468024730682373
2659,6,-1.9443811178207397
2660,13,-0.8822556734085083
2661,6,-2.050189256668091
2662,9,-1.5707299709320068
2663,6,-2.0677714347839355
2664,12,-1.1030778884887695
2665,28,1.5335142612457275
2666,18,-0.05305981636047363
2667,16,-0.4656745195388794
2668,3,-2.507030963897705
2669,3,-2.5039379596710205
2670,13,-0.9185023903846741
2671,3,-2.4722304344177246
2672,6,-2.0422868728637695
2673,30,1.7447118759155273
2674,6,-1.9942984580993652
2675,1,-2.87198805809021
2676,3,-2.4420599937438965
2677,6,-1.9957237243652344
2678,6,-1.9656851291656494
2679,5,-2.1419243812561035
2680,3,-2.5343692302703857
2681,5,-2.180891990661621
2682,30,1.7718942165374756
2683,3,-2.4610283374786377
2684,6,-1.9836289882659912
2685,6,-1.9365659952163696
2686,7,-1.7933768033981323
2687,11,-1.25972318649292
2688,3,-2.476583957672119
2689,7,-1.8028217554092407
2690,5,-2.111248016357422
2691,6,-2.025465488433838
2692,6,-1.962543249130249
2693,17,-0.2980879545211792
2694,6,-2.034792900085449
2695,8,-1.64667546749115
2696,14,-0.7474043369293213
2697,3,-2.510547161102295
2698,15,-0.5754812359809875
2699,3,-2.4160594940185547
2700,7,-1.9046013355255127
2701,1,-2.8604612350463867
2702,3,-2.4183707237243652
2703,3,-2.444918394088745
2704,3,-2.4895071983337402
2705,14,-0.7145376801490784
2706,23,0.9644126892089844
2707,3,-2.4972646236419678
2708,9,-1.589765191078186
2709,29,1.68703031539917
2710,30,1.7803418636322021
2711,14,-0.6434418559074402
2712,3,-2.4777798652648926
2713,3,-2.5207014083862305
2714,29,1.654850721359253
2715,3,-2.478264331817627
2716,6,-1.990649938583374
2717,15,-0.6243953108787537
2718,16,-0.4527326822280884
2719,3,-2.5055129528045654
2720,22,0.7912547588348389
2721,14,-0.7475176453590393
2722,7,-1.8664919137954712
2723,3,-2.4337317943573
2724,3,-2.4977035522460938
2725,5,-2.2249650955200195
2726,6,-2.0649242401123047
2727,29,1.725797414779663
2728,14,-0.688811719417572
2729,3,-2.454530715942383
2730,6,-1.9745919704437256
2731,7,-1.9072511196136475
2732,3,-2.531259059906006
2733,3,-2.5183651447296143
2734,30,1.779132604598999
2735,3,-2.438734531402588
2736,11,-1.2106170654296875
2737,3,-2.5120320320129395
2738,10,-1.3500887155532837
2739,1,-2.7928948402404785
2740,6,-1.9770839214324951
2741,6,-1.9842244386672974
2742,11,-1.2745006084442139
2743,6,-1.937044620513916
2744,6,-1.995305061340332
2745,19,0.15842163562774658
2746,6,-2.0393073558807373
2747,3,-2.572354793548584
2748,6,-2.0249757766723633
2749,1,-2.8351995944976807
2750,30,1.7828304767608643
2751,3,-2.473292112350464
2752,4,-2.2660605907440186
2753,22,0.7020974159240723
2754,3,-2.531898260116577
2755,5,-2.132552146911621
2756,11,-1.1829864978790283
2757,18,-0.04755067825317383
2758,7,-1.8452720642089844
2759,13,-0.8515673279762268
2760,6,-1.9980131387710571
2761,13,-0.8863898515701294
2762,11,-1.1698428392410278
2763,28,1.5550689697265625
2764,9,-1.5278829336166382
2765,22,0.654637336730957
2766,30,1.7703521251678467
2767,1,-2.766852378845215
2768,3,-2.499566078186035
2769,7,-1.8866965770721436
2770,21,0.4973170757293701
2771,5,-2.1505837440490723
2772,6,-1.9551383256912231
2773,9,-1.58061945438385
2774,3,-2.477402687072754
2775,13,-0.8527128100395203
2776,3,-2.5085337162017822
2777,15,-0.48272502422332764
2778,5,-2.2042202949523926
2779,8,-1.6247775554656982
2780,3,-2.4975242614746094
2781,5,-2.1164050102233887
2782,3,-2.452493906021118
2783,5,-2.1211719512939453
2784,15,-0.5552738308906555
2785,30,1.7885589599609375
2786,29,1.7212378978729248
2787,6,-2.0118489265441895
2788,23,0.8166193962097168
2789,30,1.7810192108154297
2790,6,-1.9474390745162964
2791,30,1.7737658023834229
2792,6,-2.049044609069824
2793,12,-1.0352665185928345
2794,6,-2.0551295280456543
2795,7,-1.8875606060028076
2796,10,-1.36324942111969
2797,1,-2.8363358974456787
2798,5,-2.10219407081604
2799,3,-2.448335886001587
2800,18,-0.11318111419677734
2801,5,-2.1874923706054688
2802,15,-0.5228387117385864
2803,16,-0.3819389343261719
2804,6,-2.0352354049682617
2805,16,-0.46063077449798584
2806,3,-2.44343638420105
2807,19,0.07380962371826172
2808,7,-1.8435511589050293
2809,7,-1.9136993885040283
2810,14,-0.7581875920295715
2811,6,-1.9765281677246094
2812,4,-2.3869473934173584
2813,11,-1.1449775695800781
2814,30,1.797144889831543
2815,14,-0.7090454697608948
2816,11,-1.1701966524124146
2817,9,-1.6018481254577637
2818,17,-0.14349853992462158
2819,9,-1.46489417552948
2820,3,-2.4807474613189697
2821,16,-0.32363414764404297
2822,12,-1.0181820392608643
2823,3,-2.4887146949768066
2824,2,-2.652571678161621
2825,8,-1.7103735208511353
2826,6,-1.941122055053711
2827,30,1.7968194484710693
2828,3,-2.4905474185943604
2829,15,-0.4788163900375366
2830,6,-1.9684255123138428
2831,7,-1.874699354171753
2832,10,-1.3268406391143799
2833,16,-0.3688772916793823
2834,3,-2.4612982273101807
2835,4,-2.3041789531707764
2836,3,-2.4017157554626465
2837,3,-2.4647419452667236
2838,3,-2.499751567840576
2839,13,-0.8720554709434509
2840,5,-2.0947976112365723
2841,1,-2.852649450302124
2842,30,1.7803618907928467
2843,3,-2.44281005859375
2844,6,-1.9916887283325195
2845,14,-0.7263138890266418
2846,6,-2.0114870071411133
2847,17,-0.14323806762695312
2848,13,-0.9810658693313599
2849,13,-0.8660032153129578
2850,14,-0.7165506482124329
2851,6,-1.9578591585159302
2852,15,-0.5305286645889282
2853,3,-2.45576810836792
2854,3,-2.465139389038086
2855,3,-2.5104598999023438
2856,6,-1.9730224609375
2857,6,-1.9696083068847656
2858,3,-2.4691362380981445
2859,17,-0.23747587203979492
2860,5,-2.0989389419555664
2861,7,-1.8126471042633057
2862,3,-2.5074610710144043
2863,26,1.3900330066680908
2864,13,-0.810749351978302
2865,6,-1.9250357151031494
2866,5,-2.0995302200317383
2867,30,1.7467141151428223
2868,12,-1.0287476778030396
2869,5,-2.1386070251464844
2870,3,-2.4544825553894043
2871,7,-1.8940424919128418
2872,30,1.76991605758667
2873,3,-2.487612009048462
2874,3,-2.484825611114502
2875,6,-2.0075478553771973
2876,3,-2.5157718658447266
2877,7,-1.872422456741333
2878,29,1.662081241607666
2879,3,-2.4281132221221924
2880,11,-1.1747667789459229
2881,15,-0.6273519396781921
2882,13,-0.9735937714576721
2883,6,-1.9964748620986938
2884,1,-2.768580913543701
2885,5,-2.103088855743408
2886,6,-1.9617727994918823
2887,15,-0.4802170991897583
2888,11,-1.2616232633590698
2889,14,-0.7303985953330994
2890,3,-2.486992120742798
2891,6,-2.018895387649536
2892,5,-2.1236159801483154
2893,3,-2.47929310798645
2894,3,-2.461243152618408
2895,3,-2.478215217590332
2896,9,-1.580701231956482
2897,16,-0.40345299243927
2898,3,-2.4982762336730957
2899,7,-1.843907356262207
2900,3,-2.4735701084136963
2901,2,-2.695497512817383
2902,17,-0.24598777294158936
2903,7,-1.8564167022705078
2904,8,-1.758954405784607
2905,16,-0.46489274501800537
2906,3,-2.4448459148406982
2907,7,-1.8912765979766846
2908,18,-0.0599440336227417
2909,24,1.1084353923797607
2910,3,-2.430842161178589
2911,15,-0.5880346894264221
2912,7,-1.8844614028930664
2913,9,-1.5341784954071045
2914,7,-1.8581551313400269
2915,6,-1.9441139698028564
2916,3,-2.460374593734741
2917,7,-1.846473217010498
2918,6,-2.007808208465576
2919,7,-1.7882567644119263
2920,4,-2.2861037254333496
2921,15,-0.5539766550064087
2922,1,-2.7627081871032715
2923,6,-1.9632378816604614
2924,3,-2.4494576454162598
2925,7,-1.8375115394592285
2926,15,-0.5277752876281738
2927,9,-1.5395699739456177
2928,7,-1.8390311002731323
2929,29,1.7303292751312256
2930,3,-2.4361939430236816
2931,9,-1.4695992469787598
2932,7,-1.797933578491211
2933,7,-1.8259754180908203
2934,3,-2.4452755451202393
2935,12,-0.9873649477958679
2936,27,1.5300865173339844
2937,17,-0.2705639600753784
2938,13,-0.9093408584594727
2939,3,-2.4862406253814697
2940,3,-2.415217399597168
2941,6,-2.0366530418395996
2942,14,-0.676089346408844
2943,3,-2.4824700355529785
2944,7,-1.920780897140503
2945,7,-1.8265098333358765
2946,13,-0.9354553818702698
2947,17,-0.2710994482040405
2948,11,-1.198114037513733
2949,30,1.780858039855957
2950,11,-1.2309768199920654
2951,2,-2.694009780883789
2952,3,-2.4900450706481934
2953,3,-2.491410732269287
2954,3,-2.451387882232666
2955,11,-1.2445127964019775
2956,14,-0.6800129413604736
2957,7,-1.8923823833465576
2958,3,-2.436917304992676
2959,12,-1.0971063375473022
2960,15,-0.6242333650588989
2961,7,-1.8378727436065674
2962,7,-1.8053693771362305
2963,4,-2.321518659591675
2964,5,-2.084986686706543
2965,6,-2.002830982208252
2966,7,-1.8565092086791992
2967,16,-0.3886920213699341
2968,5,-2.1442618370056152
2969,7,-1.7957079410552979
2970,7,-1.8323636054992676
2971,2,-2.6027026176452637
2972,4,-2.2534892559051514
2973,3,-2.4507200717926025
2974,12,-1.0036286115646362
2975,9,-1.5502997636795044
2976,19,0.09731137752532959
2977,8,-1.751175880432129
2978,30,1.7659385204315186
2979,15,-0.5329616069793701
2980,15,-0.5541885495185852
2981,9,-1.5483044385910034
2982,7,-1.7743576765060425
2983,7,-1.89786958694458
2984,3,-2.47965145111084
2985,3,-2.516033411026001
2986,15,-0.5334177017211914
2987,4,-2.3309695720672607
2988,16,-0.4311918020248413
2989,3,-2.4267754554748535
2990,3,-2.4481186866760254
2991,16,-0.33680856227874756
2992,7,-1.8527568578720093
2993,1,-2.8502392768859863
2994,3,-2.4939749240875244
2995,7,-1.8505864143371582
2996,3,-2.454312324523926
2997,29,1.6995420455932617
2998,5,-2.1615116596221924
2999,7,-1.792242407798767
3000,7,-1.7759523391723633
3001,6,-1.9527908563613892
3002,15,-0.5998485684394836
3003,13,-0.9099100828170776
3004,7,-1.8979694843292236
3005,17,-0.2351912260055542
3006,7,-1.833808422088623
3007,28,1.603121042251587
3008,15,-0.5980104207992554
3009,16,-0.4335923194885254
3010,3,-2.453104019165039
3011,17,-0.24467623233795166
3012,12,-0.987305223941803
3013,9,-1.503617286682129
3014,10,-1.4271690845489502
3015,3,-2.480548858642578
3016,20,0.3714953660964966
3017,17,-0.16571199893951416
3018,3,-2.433169364929199
3019,1,-2.868628740310669
3020,7,-1.8291840553283691
3021,17,-0.16703033447265625
3022,6,-1.9429552555084229
3023,7,-1.7993791103363037
3024,3,-2.4558610916137695
3025,5,-2.122657299041748
3026,9,-1.463517189025879
3027,3,-2.4704596996307373
3028,6,-1.988187313079834
3029,7,-1.8648122549057007
3030,2,-2.650209665298462
3031,16,-0.32312214374542236
3032,3,-2.408515453338623
3033,6,-1.9554935693740845
3034,8,-1.7535682916641235
3035,4,-2.256319284439087
3036,22,0.6526355743408203
3037,7,-1.8954713344573975
3038,3,-2.4481558799743652
3039,7,-1.8356033563613892
3040,1,-2.800527572631836
3041,25,1.1511425971984863
3042,16,-0.47157466411590576
3043,3,-2.4263153076171875
3044,3,-2.464200735092163
3045,6,-2.0530543327331543
3046,14,-0.708970308303833
3047,16,-0.3454395532608032
3048,11,-1.2918329238891602
3049,18,0.0030558109283447266
3050,3,-2.4281704425811768
3051,3,-2.444493532180786
3052,7,-1.813643217086792
3053,3,-2.4737486839294434
3054,3,-2.429408311843872
3055,7,-1.8083648681640625
3056,16,-0.4251539707183838
3057,30,1.7906906604766846
3058,3,-2.3996007442474365
3059,16,-0.36055564880371094
3060,7,-1.8059200048446655
3061,16,-0.3354222774505615
3062,6,-1.9357860088348389
3063,7,-1.8305084705352783
3064,19,0.152382493019104
3065,15,-0.5412670969963074
3066,24,1.0332989692687988
3067,7,-1.8040192127227783
3068,7,-1.816826343536377
3069,4,-2.317154884338379
3070,7,-1.8385303020477295
3071,3,-2.4292826652526855
3072,4,-2.311560869216919
3073,3,-2.4001171588897705
3074,3,-2.4745757579803467
3075,7,-1.8201817274093628
3076,30,1.7894079685211182
3077,6,-2.051360845565796
3078,6,-2.0617172718048096
3079,17,-0.18613505363464355
3080,16,-0.3250758647918701
3081,16,-0.4639265537261963
3082,25,1.2379910945892334
3083,4,-2.356984853744507
3084,11,-1.2215261459350586
3085,6,-1.9875997304916382
3086,30,1.7722156047821045
3087,4,-2.366982936859131
3088,30,1.7929253578186035
3089,12,-1.0836273431777954
3090,3,-2.421948194503784
3091,16,-0.3782585859298706
3092,10,-1.3397364616394043
3093,14,-0.7833207845687866
3094,1,-2.848641872406006
3095,16,-0.38344454765319824
3096,18,-0.08700978755950928
3097,7,-1.7919690608978271
3098,29,1.6728384494781494
3099,3,-2.4794540405273438
3100,5,-2.2155888080596924
3101,17,-0.2568758726119995
3102,7,-1.9072147607803345
3103,7,-1.7687350511550903
3104,7,-1.912536382675171
3105,7,-1.8036789894104004
3106,3,-2.405845880508423
3107,14,-0.6696580052375793
3108,13,-0.88552325963974
3109,8,-1.7278932332992554
3110,7,-1.8932404518127441
3111,3,-2.4238243103027344
3112,8,-1.7417123317718506
3113,7,-1.8763172626495361
3114,17,-0.2619415521621704
3115,5,-2.183335065841675
3116,1,-2.7889928817749023
3117,29,1.6498286724090576
3118,21,0.4859604835510254
3119,30,1.7948665618896484
3120,9,-1.527910828590393
3121,7,-1.9155514240264893
3122,12,-1.1323139667510986
3123,8,-1.7577382326126099
3124,7,-1.8422918319702148
3125,3,-2.4771127700805664
3126,6,-1.9290623664855957
3127,4,-2.3700215816497803
3128,16,-0.32103431224823
3129,14,-0.6518304347991943
3130,10,-1.3369027376174927
3131,3,-2.450058698654175
3132,6,-2.028310775756836
3133,16,-0.35428309440612793
3134,14,-0.7918123602867126
3135,3,-2.4371085166931152
3136,4,-2.3332858085632324
3137,30,1.7618508338928223
3138,4,-2.393203020095825
3139,8,-1.7557742595672607
3140,6,-2.001922607421875
3141,6,-2.02825665473938
3142,8,-1.7178196907043457
3143,12,-1.0416924953460693
3144,3,-2.4633076190948486
3145,3,-2.4213168621063232
3146,13,-0.9246039390563965
3147,3,-2.4016008377075195
3148,6,-1.9967546463012695
3149,8,-1.7429043054580688
3150,16,-0.4183162450790405
3151,4,-2.3520772457122803
3152,3,-2.4318490028381348
3153,15,-0.6260781288146973
3154,8,-1.6719152927398682
3155,18,-0.11229062080383301
3156,7,-1.8235812187194824
3157,7,-1.822458028793335
3158,17,-0.29444801807403564
3159,7,-1.914456844329834
3160,7,-1.8210561275482178
3161,3,-2.4783406257629395
3162,15,-0.5577345490455627
3163,3,-2.4488003253936768
3164,8,-1.6503788232803345
3165,5,-2.1504735946655273
3166,13,-0.9628649353981018
3167,6,-1.9868780374526978
3168,7,-1.8578417301177979
3169,7,-1.915582299232483
3170,20,0.32275474071502686
3171,8,-1.7094414234161377
3172,3,-2.4434711933135986
3173,11,-1.2391924858093262
3174,28,1.5683708190917969
3175,3,-2.4393839836120605
3176,3,-2.4546926021575928
3177,29,1.6814360618591309
3178,6,-1.9715678691864014
3179,3,-2.4600021839141846
3180,7,-1.9220588207244873
3181,18,0.034884095191955566
3182,13,-0.8139493465423584
3183,18,0.01943528652191162
3184,2,-2.7284443378448486
3185,11,-1.1580199003219604
3186,11,-1.1519142389297485
3187,7,-1.8710894584655762
3188,8,-1.6200956106185913
3189,29,1.726545810699463
3190,3,-2.414349317550659
3191,8,-1.7450273036956787
3192,3,-2.4204118251800537
3193,8,-1.7576372623443604
3194,7,-1.9207618236541748
3195,8,-1.7468030452728271
3196,30,1.7567057609558105
3197,4,-2.3969404697418213
3198,3,-2.4464170932769775
3199,7,-1.8200163841247559
3200,18,-0.01066434383392334
3201,22,0.8005788326263428
3202,13,-0.8203117847442627
3203,29,1.637033224105835
3204,20,0.2500718832015991
3205,6,-1.9252874851226807
3206,5,-2.0897674560546875
3207,1,-2.836122989654541
3208,3,-2.437272310256958
3209,7,-1.8597831726074219
3210,30,1.7879042625427246
3211,7,-1.77969491481781
3212,3,-2.4574925899505615
3213,18,0.0037338733673095703
3214,4,-2.395528793334961
3215,7,-1.7906397581100464
3216,7,-1.9131578207015991
3217,3,-2.455937147140503
3218,30,1.7402727603912354
3219,30,1.7710745334625244
3220,9,-1.5256145000457764
3221,15,-0.5818450450897217
3222,16,-0.36952781677246094
3223,13,-0.8423445224761963
3224,4,-2.343944787979126
3225,7,-1.8364078998565674
3226,7,-1.8376102447509766
3227,10,-1.368915319442749
3228,10,-1.3978484869003296
3229,4,-2.3721065521240234
3230,17,-0.2737325429916382
3231,8,-1.7584526538848877
3232,3,-2.427556037902832
3233,7,-1.8479878902435303
3234,6,-2.048091411590576
3235,8,-1.7320911884307861
3236,15,-0.5163317918777466
3237,6,-1.9703959226608276
3238,14,-0.7805905342102051
3239,3,-2.4438652992248535
3240,8,-1.731042504310608
3241,5,-2.098811388015747
3242,13,-0.8129937052726746
3243,6,-1.9303245544433594
3244,16,-0.3818809986114502
3245,3,-2.412541627883911
3246,3,-2.428316593170166
3247,1,-2.812528133392334
3248,7,-1.823509693145752
3249,7,-1.8064624071121216
3250,14,-0.7236807942390442
3251,7,-1.8289161920547485
3252,8,-1.7361630201339722
3253,7,-1.7923035621643066
3254,8,-1.757200837135315
3255,4,-2.2347347736358643
3256,17,-0.27424800395965576
3257,16,-0.46830451488494873
3258,15,-0.5610430240631104
3259,7,-1.8883748054504395
3260,23,0.9712526798248291
3261,6,-2.0333476066589355
3262,3,-2.400491237640381
3263,15,-0.6148682832717896
3264,8,-1.6946210861206055
3265,15,-0.5988213419914246
3266,30,1.7610256671905518
3267,15,-0.4988691806793213
3268,12,-1.0053972005844116
3269,7,-1.8757436275482178
3270,3,-2.447556972503662
3271,3,-2.4511656761169434
3272,3,-2.4427826404571533
3273,8,-1.7614195346832275
3274,17,-0.2229536771774292
3275,18,-0.005401253700256348
3276,10,-1.3056933879852295
3277,11,-1.2409555912017822
3278,6,-2.0348691940307617
3279,12,-1.0111145973205566
3280,17,-0.13170373439788818
3281,14,-0.7671622037887573
3282,6,-2.020876407623291
3283,28,1.598116159439087
3284,15,-0.5669815540313721
3285,8,-1.7489064931869507
3286,4,-2.3079543113708496
3287,3,-2.4513840675354004
3288,15,-0.528327465057373
3289,19,0.16916406154632568
3290,17,-0.1312028169631958
3291,3,-2.42117977142334
3292,3,-2.4480342864990234
3293,5,-2.115293025970459
3294,11,-1.2859472036361694
3295,16,-0.42808759212493896
3296,3,-2.462559461593628
3297,2,-2.657702922821045
3298,8,-1.7474579811096191
3299,17,-0.1934807300567627
3300,7,-1.8428399562835693
3301,10,-1.3215926885604858
3302,29,1.7250664234161377
3303,19,0.1964569091796875
3304,29,1.7195014953613281
3305,9,-1.600275993347168
3306,7,-1.788299322128296
3307,6,-1.9740655422210693
3308,7,-1.7831498384475708
3309,3,-2.459446430206299
3310,3,-2.408785343170166
3311,8,-1.7372106313705444
3312,16,-0.3925877809524536
3313,8,-1.73646879196167
3314,18,0.026851177215576172
3315,8,-1.7405877113342285
3316,3,-2.4222328662872314
3317,10,-1.307408094406128
3318,15,-0.5236945152282715
3319,12,-1.0007734298706055
3320,3,-2.427015542984009
3321,8,-1.7497652769088745
3322,17,-0.14093613624572754
3323,3,-2.406444787979126
3324,15,-0.5261352062225342
3325,3,-2.411748170852661
3326,17,-0.2272052764892578
3327,15,-0.6113862991333008
3328,29,1.6895420551300049
3329,8,-1.7249585390090942
3330,8,-1.7604401111602783
3331,3,-2.448793888092041
3332,3,-2.4171302318573
3333,15,-0.4835844039916992
3334,7,-1.9115887880325317
3335,3,-2.4558448791503906
3336,1,-2.8208305835723877
3337,18,-0.07905077934265137
3338,17,-0.20613360404968262
3339,3,-2.405672788619995
3340,3,-2.410428285598755
3341,8,-1.6546857357025146
3342,9,-1.5254274606704712
3343,8,-1.6666922569274902
3344,4,-2.3384006023406982
3345,2,-2.5926175117492676
3346,3,-2.428936004638672
3347,8,-1.739325761795044
3348,3,-2.4296815395355225
3349,15,-0.5259065628051758
3350,13,-0.8912280797958374
3351,18,-0.02263164520263672
3352,17,-0.1645587682723999
3353,8,-1.686444878578186
3354,6,-1.9535386562347412
3355,7,-1.8643147945404053
3356,3,-2.432860851287842
3357,11,-1.144965648651123
3358,8,-1.7455196380615234
3359,12,-1.087235450744629
3360,3,-2.4318675994873047
3361,18,-0.07621324062347412
3362,18,-0.06279599666595459
3363,18,-0.0036802291870117188
3364,8,-1.7374980449676514
3365,7,-1.896017074584961
3366,7,-1.7735297679901123
3367,4,-2.3917617797851562
3368,8,-1.6924821138381958
3369,8,-1.6475045680999756
3370,28,1.5876727104187012
3371,3,-2.4229624271392822
3372,17,-0.21403956413269043
3373,8,-1.711679220199585
3374,8,-1.7160327434539795
3375,8,-1.7377372980117798
3376,4,-2.3746678829193115
3377,3,-2.4105284214019775
3378,3,-2.4483046531677246
3379,18,0.0189058780670166
3380,6,-1.9997543096542358
3381,7,-1.79298996925354
3382,4,-2.373830795288086
3383,17,-0.13158059120178223
3384,14,-0.6761215925216675
3385,15,-0.639698326587677
3386,7,-1.7678650617599487
3387,3,-2.422152519226074
3388,6,-2.0186331272125244
3389,7,-1.7984325885772705
3390,3,-2.4359214305877686
3391,14,-0.7804754376411438
3392,19,0.1141817569732666
3393,3,-2.431049346923828
3394,8,-1.7187200784683228
3395,7,-1.8565864562988281
3396,10,-1.4307433366775513
3397,9,-1.5443214178085327
3398,8,-1.6626067161560059
3399,2,-2.665846586227417
3400,3,-2.4041829109191895
3401,8,-1.7421250343322754
3402,3,-2.4329376220703125
3403,7,-1.8783015012741089
3404,11,-1.1412467956542969
3405,8,-1.6950045824050903
3406,7,-1.8792166709899902
3407,7,-1.8189605474472046
3408,11,-1.1753995418548584
3409,7,-1.8536676168441772
3410,24,1.110011100769043
3411,2,-2.7370986938476562
3412,18,-0.11556851863861084
3413,8,-1.7157694101333618
3414,3,-2.421856164932251
3415,15,-0.5188379287719727
3416,4,-2.350173234939575
3417,17,-0.18458688259124756
3418,7,-1.8064963817596436
3419,3,-2.4138729572296143
3420,7,-1.793677568435669
3421,18,-0.019321918487548828
3422,4,-2.3276262283325195
3423,2,-2.7262449264526367
3424,30,1.7945070266723633
3425,8,-1.729285717010498
3426,11,-1.2004623413085938
3427,2,-2.64955997467041
3428,23,0.8715195655822754
3429,17,-0.21978116035461426
3430,4,-2.3533213138580322
3431,13,-0.8489594459533691
3432,3,-2.4170360565185547
3433,4,-2.3967678546905518
3434,8,-1.668360710144043
3435,13,-0.8100348114967346
3436,10,-1.4283627271652222
3437,10,-1.3214877843856812
3438,3,-2.4229841232299805
3439,18,0.01589035987854004
3440,3,-2.4091317653656006
3441,7,-1.87178635597229
3442,3,-2.443331241607666
3443,9,-1.5928688049316406
3444,4,-2.373774528503418
3445,6,-1.9340698719024658
3446,3,-2.431220293045044
3447,16,-0.3156864643096924
3448,6,-1.9745054244995117
3449,3,-2.4293630123138428
3450,14,-0.6845782399177551
3451,11,-1.2152681350708008
3452,30,1.791987419128418
3453,3,-2.4299628734588623
3454,8,-1.7055027484893799
3455,3,-2.4190149307250977
3456,4,-2.3665547370910645
3457,6,-1.973933458328247
3458,16,-0.37620866298675537
3459,14,-0.7150716185569763
3460,8,-1.6410001516342163
3461,1,-2.8031389713287354
3462,8,-1.6362478733062744
3463,12,-1.126469612121582
3464,6,-2.015230894088745
3465,30,1.7970426082611084
3466,8,-1.6974117755889893
3467,17,-0.19497251510620117
3468,8,-1.6148816347122192
3469,11,-1.2289950847625732
3470,17,-0.2638111114501953
3471,7,-1.8074623346328735
3472,18,-0.09042787551879883
3473,12,-1.0558300018310547
3474,7,-1.8938863277435303
3475,19,0.20574724674224854
3476,13,-0.8106634616851807
3477,3,-2.4146385192871094
3478,4,-2.357617139816284
3479,15,-0.5752333402633667
3480,20,0.2895008325576782
3481,4,-2.3864076137542725
3482,3,-2.4395861625671387
3483,29,1.7361938953399658
3484,8,-1.741782307624817
3485,16,-0.31963491439819336
3486,8,-1.6781425476074219
3487,7,-1.9140998125076294
3488,13,-0.8569785952568054
3489,6,-2.0224294662475586
3490,4,-2.2941832542419434
3491,3,-2.417405366897583
3492,8,-1.736100196838379
3493,14,-0.6896882653236389
3494,13,-0.8371121883392334
3495,3,-2.424128293991089
3496,17,-0.210868239402771
3497,8,-1.634199619293213
3498,3,-2.4188060760498047
3499,17,-0.18111908435821533
3500,18,0.012079477310180664
3501,3,-2.413736343383789
3502,17,-0.1544489860534668
3503,16,-0.3591315746307373
3504,4,-2.376584053039551
3505,3,-2.408043622970581
3506,7,-1.810247778892517
3507,8,-1.6581186056137085
3508,5,-2.2004494667053223
3509,3,-2.4005987644195557
3510,4,-2.3867270946502686
3511,13,-0.9385745525360107
3512,15,-0.4928354024887085
3513,8,-1.6260690689086914
3514,13,-0.9116371870040894
3515,22,0.7052891254425049
3516,14,-0.6843017339706421
3517,7,-1.793600082397461
3518,4,-2.370927095413208
3519,7,-1.7908811569213867
3520,16,-0.44464290142059326
3521,13,-0.9275916814804077
3522,20,0.2992182970046997
3523,18,-0.10616791248321533
3524,12,-1.069090485572815
3525,3,-2.4185023307800293
3526,4,-2.3859758377075195
3527,2,-2.6339821815490723
3528,7,-1.8190878629684448
3529,8,-1.6168586015701294
3530,17,-0.2983304262161255
3531,30,1.7840344905853271
3532,8,-1.65846848487854
3533,8,-1.6720266342163086
3534,8,-1.7099798917770386
3535,3,-2.4011483192443848
3536,4,-2.3450334072113037
3537,4,-2.3737287521362305
3538,1,-2.8285012245178223
3539,8,-1.6741352081298828
3540,15,-0.5668312311172485
3541,4,-2.307300567626953
3542,8,-1.640952229499817
3543,8,-1.666084885597229
3544,7,-1.8451523780822754
3545,8,-1.6533527374267578
3546,21,0.610541820526123
3547,15,-0.4855750799179077
3548,4,-2.361509323120117
3549,21,0.6171998977661133
3550,19,0.18244516849517822
3551,3,-2.4030120372772217
3552,8,-1.7036657333374023
3553,3,-2.4190382957458496
3554,3,-2.4040355682373047
3555,19,0.06413328647613525
3556,3,-2.4057364463806152
3557,11,-1.2795424461364746
3558,30,1.7747058868408203
3559,8,-1.661372184753418
3560,15,-0.6005631685256958
3561,4,-2.393922805786133
3562,7,-1.7684634923934937
3563,3,-2.555454730987549
3564,28,1.5421180725097656
3565,8,-1.6712157726287842
3566,3,-2.423750638961792
3567,5,-2.141629695892334
3568,13,-0.8365530967712402
3569,17,-0.18945682048797607
3570,30,1.788917064666748
3571,8,-1.6757899522781372
3572,4,-2.3757119178771973
3573,17,-0.26379501819610596
3574,30,1.7874364852905273
3575,30,1.7561075687408447
3576,3,-2.4030613899230957
3577,1,-2.877700090408325
3578,9,-1.5822834968566895
3579,3,-2.4244930744171143
3580,4,-2.3189334869384766
3581,15,-0.47867870330810547
3582,18,0.011388540267944336
3583,5,-2.2123422622680664
3584,4,-2.3541500568389893
3585,1,-2.8642046451568604
3586,4,-2.3828842639923096
3587,4,-2.3017327785491943
3588,15,-0.5705997347831726
3589,4,-2.369422435760498
3590,14,-0.7638208866119385
3591,8,-1.6469358205795288
3592,29,1.6429128646850586
3593,18,-0.09488153457641602
3594,4,-2.3511860370635986
3595,8,-1.656514286994934
3596,7,-1.9132964611053467
3597,17,-0.24167215824127197
3598,8,-1.6612437963485718
3599,8,-1.6379601955413818
3600,7,-1.7812237739562988
3601,3,-2.4659130573272705
3602,8,-1.7404264211654663
3603,3,-2.4113807678222656
3604,7,-1.8246668577194214
3605,14,-0.6447850465774536
3606,4,-2.382025718688965
3607,9,-1.5269416570663452
3608,1,-2.8317666053771973
3609,8,-1.7316226959228516
3610,9,-1.5215250253677368
3611,8,-1.6400415897369385
3612,13,-0.8823626041412354
3613,20,0.2958766222000122
3614,8,-1.7096089124679565
3615,4,-2.3344273567199707
3616,4,-2.3455991744995117
3617,2,-2.6686301231384277
3618,3,-2.4090967178344727
3619,4,-2.3897252082824707
3620,13,-0.9056347608566284
3621,20,0.3153470754623413
3622,3,-2.421280860900879
3623,26,1.3470897674560547
3624,6,-1.9480502605438232
3625,8,-1.6879377365112305
3626,4,-2.3662469387054443
3627,4,-2.326151132583618
3628,8,-1.682716965675354
3629,9,-1.6048771142959595
3630,20,0.37164759635925293
3631,8,-1.6381968259811401
3632,7,-1.7684890031814575
3633,3,-2.406219959259033
3634,3,-2.4112279415130615
3635,3,-2.413640260696411
3636,8,-1.690711498260498
3637,8,-1.6194305419921875
3638,7,-1.7881516218185425
3639,4,-2.3606905937194824
3640,1,-2.850586175918579
3641,8,-1.6266242265701294
3642,30,1.791020393371582
3643,8,-1.715698003768921
3644,4,-2.3644323348999023
3645,3,-2.3985884189605713
3646,8,-1.7080639600753784
3647,4,-2.3325605392456055
3648,8,-1.695875644683838
3649,16,-0.3250997066497803
3650,5,-2.2089731693267822
3651,4,-2.369276523590088
3652,9,-1.5616915225982666
3653,30,1.7906839847564697
3654,12,-1.1171998977661133
3655,18,0.053224921226501465
3656,4,-2.323958158493042
3657,3,-2.4115724563598633
3658,8,-1.6564494371414185
3659,8,-1.616856575012207
3660,9,-1.5776166915893555
3661,8,-1.6930114030838013
3662,4,-2.352710008621216
3663,8,-1.7342427968978882
3664,4,-2.338918924331665
3665,3,-2.4200901985168457
3666,30,1.7742030620574951
3667,8,-1.6839873790740967
3668,8,-1.6683053970336914
3669,8,-1.6451369524002075
3670,4,-2.3409814834594727
3671,19,0.19595682621002197
3672,30,1.7478432655334473
3673,4,-2.374950408935547
3674,8,-1.6318058967590332
3675,16,-0.32079923152923584
3676,7,-1.774821400642395
3677,4,-2.33701753616333
3678,10,-1.3386027812957764
3679,4,-2.2991654872894287
3680,8,-1.6448032855987549
3681,16,-0.3718522787094116
3682,7,-1.8699183464050293
3683,30,1.772653579711914
3684,30,1.7428324222564697
3685,4,-2.370121955871582
3686,4,-2.362203598022461
3687,3,-2.412846088409424
3688,8,-1.6260430812835693
3689,4,-2.391655921936035
3690,4,-2.3770740032196045
3691,15,-0.639930248260498
3692,14,-0.7483707070350647
3693,11,-1.1546984910964966
3694,8,-1.6187739372253418
3695,18,-0.062484025955200195
3696,4,-2.391934871673584
3697,1,-2.8690080642700195
3698,4,-2.331113338470459
3699,4,-2.386059284210205
3700,16,-0.3307377099990845
3701,4,-2.3562865257263184
3702,7,-1.8917651176452637
3703,8,-1.7572813034057617
3704,9,-1.5767523050308228
3705,16,-0.3530256748199463
3706,8,-1.6871436834335327
3707,15,-0.5768079161643982
3708,1,-2.8753321170806885
3709,30,1.750819444656372
3710,1,-2.8569211959838867
3711,18,-0.10779964923858643
3712,8,-1.7183127403259277
3713,8,-1.615485429763794
3714,4,-2.3381810188293457
3715,4,-2.331495523452759
3716,21,0.5486483573913574
3717,4,-2.3970417976379395
3718,8,-1.6557282209396362
3719,8,-1.6249052286148071
3720,4,-2.394188165664673
3721,20,0.4118680953979492
3722,20,0.3151472806930542
3723,17,-0.29066145420074463
3724,19,0.23255479335784912
3725,4,-2.395084857940674
3726,17,-0.13260388374328613
3727,19,0.20168554782867432
3728,4,-2.3573522567749023
3729,20,0.32088541984558105
3730,18,-0.11425220966339111
3731,1,-2.782604455947876
3732,30,1.7831597328186035
3733,4,-2.326871395111084
3734,7,-1.8207042217254639
3735,9,-1.5428584814071655
3736,7,-1.78330397605896
3737,18,-0.003700733184814453
3738,9,-1.5652568340301514
3739,4,-2.349496364593506
3740,9,-1.4972258806228638
3741,9,-1.5691245794296265
3742,18,0.053925156593322754
3743,9,-1.5651581287384033
3744,9,-1.5864386558532715
3745,18,-0.05769145488739014
3746,19,0.1734905242919922
3747,4,-2.381898880004883
3748,30,1.7446730136871338
3749,4,-2.3119289875030518
3750,15,-0.4853554964065552
3751,11,-1.1670987606048584
3752,9,-1.4876354932785034
3753,4,-2.3900279998779297
3754,17,-0.27870476245880127
3755,4,-2.3869261741638184
3756,3,-2.4029664993286133
3757,1,-2.843574285507202
3758,16,-0.32091665267944336
3759,4,-2.380871295928955
3760,12,-1.0085296630859375
3761,25,1.1929643154144287
3762,4,-2.3488478660583496
3763,14,-0.7712748646736145
3764,2,-2.6752724647521973
3765,9,-1.601191520690918
3766,18,-0.08728694915771484
3767,16,-0.4339648485183716
3768,4,-2.3040380477905273
3769,7,-1.850700855255127
3770,4,-2.3594415187835693
3771,4,-2.3669207096099854
3772,1,-2.8091399669647217
3773,9,-1.600635290145874
3774,1,-2.8519046306610107
3775,4,-2.3967390060424805
3776,4,-2.3695240020751953
3777,3,-2.411104202270508
3778,4,-2.3829362392425537
3779,9,-1.597728967666626
3780,7,-1.805621862411499
3781,8,-1.7309099435806274
3782,20,0.25758981704711914
3783,10,-1.325377345085144
3784,4,-2.373218297958374
3785,19,0.1965569257736206
3786,4,-2.3904294967651367
3787,8,-1.6507843732833862
3788,4,-2.39020037651062
3789,4,-2.272855520248413
3790,8,-1.6276397705078125
3791,4,-2.3190970420837402
3792,17,-0.15385103225708008
3793,5,-2.089590072631836
3794,4,-2.3838624954223633
3795,4,-2.3853471279144287
3796,4,-2.385237455368042
3797,9,-1.5704267024993896
3798,18,0.02931225299835205
3799,8,-1.659840703010559
3800,15,-0.5189571380615234
3801,14,-0.7589961886405945
3802,16,-0.38065671920776367
3803,9,-1.5958423614501953
3804,14,-0.8026092648506165
3805,9,-1.5250517129898071
3806,4,-2.3775527477264404
3807,8,-1.7547540664672852
3808,4,-2.368025779724121
3809,9,-1.537494421005249
3810,9,-1.515321969985962
3811,8,-1.7136733531951904
3812,16,-0.3772009611129761
3813,15,-0.55613774061203
3814,21,0.4634413719177246
3815,9,-1.581339955329895
3816,4,-2.3665149211883545
3817,4,-2.3447792530059814
3818,7,-1.8281276226043701
3819,14,-0.72401362657547
3820,13,-0.9454503655433655
3821,19,0.12517225742340088
3822,4,-2.255187511444092
3823,14,-0.7635325789451599
3824,17,-0.22113871574401855
3825,9,-1.5940344333648682
3826,9,-1.561469554901123
3827,13,-0.9263090491294861
3828,18,-0.09276926517486572
3829,8,-1.7336863279342651
3830,19,0.16867268085479736
3831,4,-2.313807487487793
3832,4,-2.3825318813323975
3833,16,-0.44096434116363525
3834,8,-1.6840500831604004
3835,4,-2.3267173767089844
3836,18,-0.020003914833068848
3837,6,-1.9698753356933594
3838,3,-2.464388608932495
3839,4,-2.372910976409912
3840,15,-0.5516625046730042
3841,9,-1.4896377325057983
3842,8,-1.6190205812454224
3843,14,-0.756865382194519
3844,4,-2.318634271621704
3845,8,-1.617775559425354
3846,4,-2.380568027496338
3847,9,-1.5130583047866821
3848,9,-1.5925637483596802
3849,8,-1.625946283340454
3850,30,1.7810029983520508
3851,14,-0.7428888082504272
3852,9,-1.5953034162521362
3853,4,-2.3425912857055664
3854,9,-1.6083142757415771
3855,8,-1.6464903354644775
3856,4,-2.3494133949279785
3857,20,0.4186882972717285
3858,12,-1.054924488067627
3859,4,-2.3315699100494385
3860,10,-1.4467042684555054
3861,29,1.6865761280059814
3862,6,-1.9704899787902832
3863,9,-1.5795114040374756
3864,8,-1.7329111099243164
3865,19,0.20859336853027344
3866,9,-1.584335207939148
3867,4,-2.232186794281006
3868,30,1.7856438159942627
3869,7,-1.9042304754257202
3870,13,-0.8132824897766113
3871,15,-0.5118739604949951
3872,1,-2.7843782901763916
3873,8,-1.6106013059616089
3874,4,-2.3364734649658203
3875,4,-2.396157741546631
3876,17,-0.1419520378112793
3877,14,-0.784991443157196
3878,18,-0.06489086151123047
3879,8,-1.6668986082077026
3880,9,-1.4629167318344116
3881,7,-1.8107043504714966
3882,8,-1.6922746896743774
3883,4,-2.366649866104126
3884,4,-2.364132881164551
3885,17,-0.23868775367736816
3886,7,-1.7736308574676514
3887,7,-1.8981196880340576
3888,18,-0.09648501873016357
3889,15,-0.5554307699203491
3890,4,-2.3474557399749756
3891,8,-1.7149032354354858
3892,7,-1.8864350318908691
3893,8,-1.6488186120986938
3894,4,-2.3394064903259277
3895,4,-2.3722920417785645
3896,17,-0.19100844860076904
3897,4,-2.2879321575164795
3898,5,-2.1940722465515137
3899,10,-1.3543215990066528
3900,4,-2.3635663986206055
3901,9,-1.521200180053711
3902,9,-1.5286632776260376
3903,18,-0.10390079021453857
3904,7,-1.8051378726959229
3905,4,-2.3805503845214844
3906,4,-2.2885870933532715
3907,4,-2.265188217163086
3908,4,-2.3634884357452393
3909,5,-2.2039859294891357
3910,4,-2.3289995193481445
3911,13,-0.9252741932868958
3912,9,-1.4998304843902588
3913,17,-0.2076101303100586
3914,30,1.7939510345458984
3915,4,-2.3203721046447754
3916,9,-1.5841189622879028
3917,8,-1.6453311443328857
3918,4,-2.3615527153015137
3919,4,-2.290865421295166
3920,20,0.3628309965133667
3921,18,-0.033321380615234375
3922,5,-2.1422603130340576
3923,15,-0.5227105617523193
3924,28,1.6113090515136719
3925,16,-0.4329162836074829
3926,9,-1.5163570642471313
3927,4,-2.364626884460449
3928,15,-0.5065076351165771
3929,4,-2.269660711288452
3930,4,-2.326965808868408
3931,9,-1.5369150638580322
3932,4,-2.2544174194335938
3933,9,-1.5772418975830078
3934,1,-2.8362557888031006
3935,4,-2.338724136352539
3936,9,-1.5295231342315674
3937,4,-2.3511505126953125
3938,13,-0.8666182160377502
3939,8,-1.6966863870620728
3940,21,0.44681036472320557
3941,4,-2.3509576320648193
3942,6,-1.930068850517273
3943,21,0.49753522872924805
3944,4,-2.293849468231201
3945,4,-2.3744239807128906
3946,4,-2.318638801574707
3947,9,-1.5351028442382812
3948,18,-0.03294789791107178
3949,4,-2.337533473968506
3950,25,1.233330488204956
3951,9,-1.5292656421661377
3952,18,0.038352012634277344
3953,21,0.6062822341918945
3954,4,-2.3525261878967285
3955,18,-0.1032259464263916
3956,19,0.18681836128234863
3957,3,-2.549140453338623
3958,9,-1.5592138767242432
3959,17,-0.13808512687683105
3960,8,-1.6253511905670166
3961,9,-1.5040687322616577
3962,30,1.797384262084961
3963,8,-1.6339244842529297
3964,4,-2.327892780303955
3965,9,-1.4976016283035278
3966,21,0.5427367687225342
3967,17,-0.19129157066345215
3968,8,-1.7064532041549683
3969,4,-2.245347261428833
3970,7,-1.7965097427368164
3971,19,0.18925237655639648
3972,9,-1.5324548482894897
3973,29,1.6911208629608154
3974,4,-2.3128838539123535
3975,9,-1.5563647747039795
3976,8,-1.6156110763549805
3977,8,-1.6697719097137451
3978,20,0.30089330673217773
3979,13,-0.8499144911766052
3980,19,0.2099628448486328
3981,28,1.5751643180847168
3982,30,1.7894551753997803
3983,16,-0.3037656545639038
3984,20,0.3090924024581909
3985,4,-2.351630687713623
3986,9,-1.5473430156707764
3987,4,-2.3465170860290527
3988,18,-0.10264527797698975
3989,4,-2.3256726264953613
3990,19,0.1465672254562378
3991,9,-1.5170420408248901
3992,17,-0.12990665435791016
3993,5,-2.161381483078003
3994,12,-1.1406601667404175
3995,10,-1.3516618013381958
3996,8,-1.6745051145553589
3997,8,-1.6629005670547485
3998,14,-0.665861964225769
3999,15,-0.49453508853912354
4000,30,1.7882134914398193
4001,19,0.18545877933502197
4002,4,-2.3007802963256836
4003,10,-1.4471614360809326
4004,4,-2.2770369052886963
4005,30,1.7770960330963135
4006,4,-2.346635341644287
4007,17,-0.25736069679260254
4008,12,-1.0138099193572998
4009,9,-1.5164908170700073
4010,4,-2.343932628631592
4011,9,-1.4621106386184692
4012,4,-2.336646318435669
4013,18,0.031490325927734375
4014,4,-2.3449740409851074
4015,30,1.7882609367370605
4016,13,-0.8855044841766357
4017,9,-1.597419261932373
4018,4,-2.3402113914489746
4019,4,-2.329899311065674
4020,9,-1.5785220861434937
4021,4,-2.3427982330322266
4022,16,-0.3223307132720947
4023,4,-2.3312697410583496
4024,8,-1.712617039680481
4025,19,0.21703970432281494
4026,4,-2.3332791328430176
4027,4,-2.352250099182129
4028,9,-1.6096785068511963
4029,17,-0.2322380542755127
4030,9,-1.5165842771530151
4031,9,-1.5068913698196411
4032,4,-2.2921388149261475
4033,9,-1.5866445302963257
4034,8,-1.743923544883728
4035,21,0.5569503307342529
4036,21,0.46721696853637695
4037,9,-1.516464352607727
4038,1,-2.7571120262145996
4039,21,0.43801426887512207
4040,4,-2.3550028800964355
4041,19,0.2446061372756958
4042,18,-0.03885078430175781
4043,16,-0.3035546541213989
4044,9,-1.5243011713027954
4045,4,-2.3034424781799316
4046,9,-1.4770840406417847
4047,1,-2.8484935760498047
4048,16,-0.3432530164718628
4049,16,-0.4627501964569092
4050,9,-1.6070750951766968
4051,4,-2.346271514892578
4052,20,0.33891046047210693
4053,19,0.21372675895690918
4054,9,-1.5617998838424683
4055,9,-1.5954681634902954
4056,9,-1.4720981121063232
4057,6,-2.053453207015991
4058,30,1.7730517387390137
4059,9,-1.5342105627059937
4060,16,-0.4203672409057617
4061,15,-0.481673002243042
4062,14,-0.7296774983406067
4063,30,1.7959835529327393
4064,30,1.7962160110473633
4065,11,-1.2761259078979492
4066,8,-1.6770583391189575
4067,9,-1.4759385585784912
4068,9,-1.5305153131484985
4069,15,-0.596920371055603
4070,18,-0.012174844741821289
4071,11,-1.209928274154663
4072,9,-1.4913095235824585
4073,15,-0.5467501878738403
4074,7,-1.7976844310760498
4075,19,0.09811627864837646
4076,17,-0.24393296241760254
4077,9,-1.5742195844650269
4078,15,-0.5374928116798401
4079,8,-1.7628825902938843
4080,4,-2.3137612342834473
4081,9,-1.5639753341674805
4082,4,-2.337512254714966
4083,18,-0.10726809501647949
4084,4,-2.3595492839813232
4085,2,-2.6868414878845215
4086,4,-2.3382554054260254
4087,4,-2.2997329235076904
4088,4,-2.2930545806884766
4089,4,-2.3345701694488525
4090,10,-1.420125126838684
4091,19,0.2172755002975464
4092,4,-2.2987046241760254
4093,22,0.6788363456726074
4094,4,-2.267991781234741
4095,28,1.5453226566314697
4096,4,-2.3279924392700195
4097,10,-1.2979061603546143
4098,7,-1.7679049968719482
4099,8,-1.6239250898361206
4100,24,0.9850337505340576
4101,18,-0.0449368953704834
4102,29,1.718883991241455
4103,9,-1.5006157159805298
4104,10,-1.382948398590088
4105,30,1.7923643589019775
4106,9,-1.4491863250732422
4107,4,-2.3244566917419434
4108,17,-0.21257424354553223
4109,4,-2.3155555725097656
4110,21,0.5157690048217773
4111,8,-1.6482595205307007
4112,15,-0.5933219790458679
4113,15,-0.5638040900230408
4114,14,-0.6976574659347534
4115,3,-2.541335105895996
4116,8,-1.644970417022705
4117,19,0.22090184688568115
4118,8,-1.7549548149108887
4119,9,-1.5311895608901978
4120,4,-2.3230533599853516
4121,20,0.36959171295166016
4122,28,1.5734269618988037
4123,10,-1.441940188407898
4124,4,-2.33292555809021
4125,15,-0.5790755152702332
4126,4,-2.317634105682373
4127,30,1.795445442199707
4128,30,1.7605092525482178
4129,30,1.7917919158935547
4130,4,-2.331056594848633
4131,15,-0.4933236837387085
4132,30,1.7967896461486816
4133,17,-0.15724682807922363
4134,5,-2.202639579772949
4135,4,-2.3224401473999023
4136,8,-1.6152191162109375
4137,4,-2.311286687850952
4138,18,0.03571188449859619
4139,10,-1.3765114545822144
4140,21,0.45126068592071533
4141,9,-1.5148769617080688
4142,19,0.08138501644134521
4143,10,-1.3456605672836304
4144,18,-0.07221662998199463
4145,9,-1.5156997442245483
4146,4,-2.2875518798828125
4147,9,-1.4957380294799805
4148,30,1.739469051361084
4149,8,-1.734508752822876
4150,18,0.054135918617248535
4151,20,0.2623101472854614
4152,17,-0.2145932912826538
4153,4,-2.3203330039978027
4154,4,-2.271761894226074
4155,14,-0.772929847240448
4156,29,1.673062801361084
4157,4,-2.323430299758911
4158,10,-1.3660762310028076
4159,4,-2.2959649562835693
4160,9,-1.565584659576416
4161,4,-2.285623788833618
4162,4,-2.310316801071167
4163,30,1.760362148284912
4164,4,-2.2809853553771973
4165,4,-2.28863263130188
4166,30,1.7959136962890625
4167,10,-1.3727765083312988
4168,9,-1.552343726158142
4169,10,-1.4118781089782715
4170,4,-2.3151235580444336
4171,10,-1.3786168098449707
4172,4,-2.2898054122924805
4173,9,-1.5864512920379639
4174,1,-2.818880081176758
4175,2,-2.7269301414489746
4176,4,-2.317708969116211
4177,7,-1.8862873315811157
4178,20,0.2612903118133545
4179,5,-2.2112877368927
4180,4,-2.3166377544403076
4181,2,-2.5984883308410645
4182,4,-2.299056053161621
4183,9,-1.5358954668045044
4184,16,-0.3092782497406006
4185,8,-1.633466362953186
4186,18,0.012956857681274414
4187,30,1.7879812717437744
4188,4,-2.3094887733459473
4189,19,0.15916502475738525
4190,2,-2.7159016132354736
4191,16,-0.4059641361236572
4192,17,-0.20525360107421875
4193,8,-1.6161222457885742
4194,4,-2.3325939178466797
4195,9,-1.4921621084213257
4196,13,-0.8328786492347717
4197,10,-1.3822154998779297
4198,9,-1.4539976119995117
4199,13,-0.9413464665412903
4200,30,1.7742624282836914
4201,4,-2.2461788654327393
4202,16,-0.4136718511581421
4203,4,-2.299805164337158
4204,9,-1.4493701457977295
4205,3,-2.5454063415527344
4206,4,-2.319185495376587
4207,4,-2.241093873977661
4208,10,-1.3730159997940063
4209,10,-1.3216835260391235
4210,10,-1.3819776773452759
4211,10,-1.3704739809036255
4212,18,-0.035584211349487305
4213,19,0.1857370138168335
4214,9,-1.4936999082565308
4215,4,-2.279202699661255
4216,9,-1.5691410303115845
4217,4,-2.3495404720306396
4218,4,-2.2913763523101807
4219,19,0.0881814956665039
4220,9,-1.4776442050933838
4221,4,-2.3066978454589844
4222,14,-0.7995020151138306
4223,9,-1.5922181606292725
4224,30,1.7413690090179443
4225,10,-1.4219989776611328
4226,9,-1.5174731016159058
4227,19,0.19851863384246826
4228,29,1.6413204669952393
4229,4,-2.310706615447998
4230,4,-2.320735216140747
4231,10,-1.437068223953247
4232,4,-2.2946701049804688
4233,18,-0.019630789756774902
4234,1,-2.855743169784546
4235,9,-1.4732586145401
4236,10,-1.3934550285339355
4237,10,-1.3777222633361816
4238,10,-1.3968567848205566
4239,10,-1.4049489498138428
4240,4,-2.3121497631073
4241,10,-1.438469409942627
4242,4,-2.3337814807891846
4243,9,-1.5644981861114502
4244,30,1.7774643898010254
4245,4,-2.3345892429351807
4246,4,-2.3505475521087646
4247,22,0.674811840057373
4248,8,-1.6746381521224976
4249,4,-2.3264784812927246
4250,12,-1.1066269874572754
4251,10,-1.4138866662979126
4252,14,-0.6778724193572998
4253,4,-2.26475191116333
4254,10,-1.3508070707321167
4255,21,0.45643913745880127
4256,4,-2.3306803703308105
4257,7,-1.8899766206741333
4258,9,-1.4798249006271362
4259,4,-2.3430399894714355
4260,4,-2.312398910522461
4261,5,-2.2227368354797363
4262,4,-2.303708791732788
4263,17,-0.18005120754241943
4264,4,-2.278463125228882
4265,17,-0.23070120811462402
4266,5,-2.215581178665161
4267,4,-2.2945079803466797
4268,10,-1.4006450176239014
4269,10,-1.4182556867599487
4270,10,-1.4116839170455933
4271,10,-1.4279166460037231
4272,10,-1.4104132652282715
4273,30,1.7402913570404053
4274,12,-1.0165619850158691
4275,10,-1.2949295043945312
4276,4,-2.308568000793457
4277,20,0.3469940423965454
4278,7,-1.8385447263717651
4279,10,-1.3320021629333496
4280,9,-1.5155011415481567
4281,4,-2.261138677597046
4282,9,-1.4782989025115967
4283,19,0.11140561103820801
4284,10,-1.3922805786132812
4285,8,-1.6187212467193604
4286,1,-2.762057065963745
4287,4,-2.3230538368225098
4288,21,0.4320526123046875
4289,4,-2.267211437225342
4290,8,-1.6848280429840088
4291,28,1.60361647605896
4292,8,-1.7287980318069458
4293,27,1.513533353805542
4294,14,-0.6888065934181213
4295,1,-2.7738451957702637
4296,9,-1.5810127258300781
4297,20,0.32499420642852783
4298,4,-2.315358877182007
4299,10,-1.428285002708435
4300,4,-2.3860082626342773
4301,9,-1.4767318964004517
4302,3,-2.4461097717285156
4303,10,-1.4459989070892334
4304,9,-1.5029830932617188
4305,4,-2.3177552223205566
4306,4,-2.2586848735809326
4307,10,-1.3437271118164062
4308,9,-1.4781615734100342
4309,2,-2.582458972930908
4310,10,-1.3448377847671509
4311,19,0.16159391403198242
4312,4,-2.280275821685791
4313,30,1.765000343322754
4314,10,-1.3896496295928955
4315,21,0.6049654483795166
4316,20,0.400341272354126
4317,5,-2.226139783859253
4318,4,-2.328601360321045
4319,4,-2.2732930183410645
4320,10,-1.3237929344177246
4321,12,-0.9816252589225769
4322,10,-1.4215465784072876
4323,4,-2.2580926418304443
4324,26,1.4006550312042236
4325,9,-1.4881987571716309
4326,18,-0.03344905376434326
4327,4,-2.2798426151275635
4328,10,-1.4117132425308228
4329,10,-1.385230302810669
4330,18,0.03896677494049072
4331,18,-0.03521394729614258
4332,18,-0.030542612075805664
4333,10,-1.4228309392929077
4334,4,-2.3178627490997314
4335,11,-1.2314863204956055
4336,10,-1.3894033432006836
4337,19,0.21443963050842285
4338,19,0.23000943660736084
4339,10,-1.4077397584915161
4340,19,0.06027650833129883
4341,16,-0.4622548818588257
4342,4,-2.255305767059326
4343,9,-1.564447045326233
4344,4,-2.3247249126434326
4345,4,-2.320753574371338
4346,10,-1.3757948875427246
4347,4,-2.330913543701172
4348,4,-2.2442474365234375
4349,9,-1.5957335233688354
4350,4,-2.3011341094970703
4351,4,-2.26371431350708
4352,20,0.3775283098220825
4353,4,-2.313384532928467
4354,4,-2.3134541511535645
4355,10,-1.3233846426010132
4356,16,-0.36156463623046875
4357,10,-1.3523447513580322
4358,10,-1.3972065448760986
4359,9,-1.5822012424468994
4360,9,-1.5303623676300049
4361,8,-1.626517653465271
4362,4,-2.294426441192627
4363,28,1.5990996360778809
4364,10,-1.295811653137207
4365,10,-1.403078317642212
4366,19,0.13417267799377441
4367,13,-0.8317529559135437
4368,10,-1.3789680004119873
4369,30,1.792832851409912
4370,10,-1.4402356147766113
4371,4,-2.3053529262542725
4372,12,-1.0014879703521729
4373,20,0.4050619602203369
4374,4,-2.2964205741882324
4375,9,-1.466066837310791
4376,5,-2.221342086791992
4377,13,-0.825889527797699
4378,4,-2.3158886432647705
4379,4,-2.2677266597747803
4380,20,0.29783380031585693
4381,4,-2.2522573471069336
4382,7,-1.7758584022521973
4383,10,-1.42973792552948
4384,10,-1.4166662693023682
4385,4,-2.284160614013672
4386,4,-2.276094913482666
4387,8,-1.7147655487060547
4388,8,-1.6368143558502197
4389,6,-2.0659866333007812
4390,11,-1.2643263339996338
4391,9,-1.4546431303024292
4392,9,-1.4616830348968506
4393,4,-2.2964749336242676
4394,18,-0.11277735233306885
4395,9,-1.5417046546936035
4396,18,-0.011925697326660156
4397,9,-1.5753623247146606
4398,21,0.5793154239654541
4399,21,0.4479067325592041
4400,4,-2.267813205718994
4401,6,-2.0620291233062744
4402,9,-1.5192350149154663
4403,19,0.1950240135192871
4404,18,-0.09991192817687988
4405,30,1.758643627166748
4406,4,-2.245471239089966
4407,19,0.18602979183197021
4408,10,-1.4196771383285522
4409,4,-2.301424264907837
4410,4,-2.2818150520324707
4411,4,-2.256572723388672
4412,14,-0.6857898831367493
4413,4,-2.255270004272461
4414,10,-1.3896739482879639
4415,4,-2.298128843307495
4416,4,-2.2716188430786133
4417,5,-2.195132255554199
4418,10,-1.3820050954818726
4419,4,-2.337596893310547
4420,5,-2.091646909713745
4421,10,-1.361778974533081
4422,10,-1.3667608499526978
4423,21,0.5231359004974365
4424,4,-2.3206114768981934
4425,15,-0.5956629514694214
4426,4,-2.302971363067627
4427,4,-2.281543493270874
4428,4,-2.3971757888793945
4429,4,-2.2512574195861816
4430,2,-2.6775970458984375
4431,18,-0.09771192073822021
4432,5,-2.1280131340026855
4433,11,-1.2632031440734863
4434,4,-2.283554792404175
4435,6,-2.076857805252075
4436,30,1.7917993068695068
4437,9,-1.5186834335327148
4438,4,-2.286898136138916
4439,17,-0.21912825107574463
4440,9,-1.4945042133331299
4441,10,-1.4252980947494507
4442,20,0.41305065155029297
4443,2,-2.6231327056884766
4444,4,-2.305532217025757
4445,10,-1.3524820804595947
4446,4,-2.2547457218170166
4447,18,-0.0007117986679077148
4448,1,-2.80997896194458
4449,10,-1.4285041093826294
4450,23,0.8849036693572998
4451,5,-2.1908681392669678
4452,25,1.252394437789917
4453,1,-2.8216233253479004
4454,1,-2.8408188819885254
4455,19,0.11446845531463623
4456,10,-1.4041354656219482
4457,18,-0.008984923362731934
4458,11,-1.2769238948822021
4459,8,-1.6376044750213623
4460,19,0.2431657314300537
4461,4,-2.386348247528076
4462,12,-1.1246490478515625
4463,1,-2.8642358779907227
4464,9,-1.4953134059906006
4465,4,-2.2545387744903564
4466,4,-2.308379650115967
4467,8,-1.6752351522445679
4468,10,-1.3981173038482666
4469,4,-2.2418107986450195
4470,10,-1.316314458847046
4471,20,0.3572981357574463
4472,1,-2.85012149810791
4473,10,-1.4264947175979614
4474,21,0.5348262786865234
4475,8,-1.731164813041687
4476,9,-1.4723049402236938
4477,3,-2.4134726524353027
4478,16,-0.3499201536178589
4479,4,-2.2972776889801025
4480,10,-1.301557183265686
4481,21,0.4360802173614502
4482,11,-1.2548890113830566
4483,4,-2.278329610824585
4484,1,-2.8627548217773438
4485,4,-2.309739351272583
4486,5,-2.2246341705322266
4487,19,0.11506760120391846
4488,9,-1.4559855461120605
4489,10,-1.2978851795196533
4490,10,-1.3539040088653564
4491,20,0.33035409450531006
4492,30,1.7894294261932373
4493,18,-0.11479973793029785
4494,21,0.4803895950317383
4495,10,-1.3481084108352661
4496,4,-2.317556381225586
4497,12,-1.072475790977478
4498,11,-1.2851488590240479
4499,10,-1.3213274478912354
4500,4,-2.243438243865967
4501,4,-2.298098564147949
4502,21,0.5621883869171143
4503,10,-1.3817517757415771
4504,3,-2.450613021850586
4505,19,0.15893638134002686
4506,10,-1.2988145351409912
4507,19,0.18504393100738525
4508,10,-1.316569447517395
4509,4,-2.2666335105895996
4510,4,-2.291989803314209
4511,10,-1.3548848628997803
4512,17,-0.2923659086227417
4513,5,-2.1521990299224854
4514,10,-1.3305641412734985
4515,4,-2.26985764503479
4516,30,1.7870924472808838
4517,10,-1.3930046558380127
4518,4,-2.2895870208740234
4519,4,-2.2700302600860596
4520,19,0.23269987106323242
4521,29,1.731644868850708
4522,11,-1.1694786548614502
4523,17,-0.24823737144470215
4524,30,1.7860684394836426
4525,4,-2.2347233295440674
4526,30,1.7596156597137451
4527,30,1.796194314956665
4528,10,-1.3390898704528809
4529,21,0.5316305160522461
4530,10,-1.4434312582015991
4531,10,-1.3398350477218628
4532,19,0.206870436668396
4533,10,-1.2993714809417725
4534,4,-2.2477712631225586
4535,22,0.7846910953521729
4536,5,-2.11362886428833
4537,11,-1.1985054016113281
4538,10,-1.3208154439926147
4539,20,0.4266725778579712
4540,5,-2.2194085121154785
4541,4,-2.271482229232788
4542,27,1.4288291931152344
4543,8,-1.6928447484970093
4544,5,-2.2008564472198486
4545,6,-2.0803961753845215
4546,30,1.7953708171844482
4547,10,-1.3295384645462036
4548,22,0.6607074737548828
4549,10,-1.3446365594863892
4550,9,-1.5775132179260254
4551,4,-2.246385335922241
4552,4,-2.2570385932922363
4553,9,-1.4547863006591797
4554,21,0.5058584213256836
4555,4,-2.2386960983276367
4556,4,-2.2597947120666504
4557,4,-2.2716479301452637
4558,2,-2.7464852333068848
4559,9,-1.538877248764038
4560,10,-1.3555128574371338
4561,23,0.915663480758667
4562,27,1.4887893199920654
4563,10,-1.4432917833328247
4564,11,-1.163691759109497
4565,4,-2.273226261138916
4566,17,-0.2215639352798462
4567,6,-2.080193042755127
4568,5,-2.219707727432251
4569,10,-1.447304368019104
4570,19,0.06489264965057373
4571,4,-2.359630584716797
4572,10,-1.343349575996399
4573,12,-1.084915280342102
4574,5,-2.220392942428589
4575,20,0.42115461826324463
4576,6,-2.0082108974456787
4577,4,-2.2726526260375977
4578,8,-1.628454566001892
4579,5,-2.2269535064697266
4580,9,-1.4522814750671387
4581,22,0.6548609733581543
4582,10,-1.347433090209961
4583,4,-2.28700852394104
4584,22,0.6954069137573242
4585,10,-1.3098347187042236
4586,16,-0.31368112564086914
4587,4,-2.258162021636963
4588,4,-2.259021282196045
4589,18,0.019387483596801758
4590,22,0.7391390800476074
4591,4,-2.25655460357666
4592,10,-1.3940136432647705
4593,2,-2.7050156593322754
4594,5,-2.155214786529541
4595,10,-1.3560501337051392
4596,11,-1.223907470703125
4597,17,-0.1286224126815796
4598,10,-1.4462352991104126
4599,10,-1.3589720726013184
4600,19,0.10431504249572754
4601,20,0.42882561683654785
4602,10,-1.4448896646499634
4603,18,0.006637692451477051
4604,4,-2.2278435230255127
4605,20,0.30412161350250244
4606,22,0.7530815601348877
4607,4,-2.254054069519043
4608,30,1.7671737670898438
4609,23,0.8212838172912598
4610,11,-1.2840007543563843
4611,30,1.7933382987976074
4612,19,0.11176931858062744
4613,4,-2.2835536003112793
4614,9,-1.536674976348877
4615,11,-1.2341136932373047
4616,5,-2.210756778717041
4617,4,-2.2571182250976562
4618,12,-1.121841549873352
4619,5,-2.2047266960144043
4620,10,-1.3371405601501465
4621,19,0.10173773765563965
4622,28,1.553926944732666
4623,20,0.3347008228302002
4624,21,0.5641577243804932
4625,10,-1.3704261779785156
4626,18,-0.006153702735900879
4627,10,-1.4476584196090698
4628,10,-1.3021533489227295
4629,4,-2.265773296356201
4630,9,-1.5528725385665894
4631,11,-1.2206075191497803
4632,21,0.5169878005981445
4633,6,-2.0381276607513428
4634,10,-1.3121949434280396
4635,11,-1.2223846912384033
4636,4,-2.3004913330078125
4637,13,-0.9320321083068848
4638,10,-1.3784345388412476
4639,3,-2.524763345718384
4640,11,-1.1467121839523315
4641,10,-1.3524932861328125
4642,11,-1.215225100517273
4643,5,-2.186511278152466
4644,4,-2.2314610481262207
4645,10,-1.294175386428833
4646,4,-2.2854013442993164
4647,10,-1.4226492643356323
4648,4,-2.317868947982788
4649,4,-2.2562968730926514
4650,20,0.2646263837814331
4651,10,-1.447184681892395
4652,10,-1.2974032163619995
4653,4,-2.2735538482666016
4654,23,0.8065769672393799
4655,19,0.11395561695098877
4656,30,1.7705860137939453
4657,10,-1.3492873907089233
4658,16,-0.3177309036254883
4659,20,0.3093907833099365
4660,19,0.09381067752838135
4661,13,-0.9774680137634277
4662,5,-2.190488338470459
4663,4,-2.253753662109375
4664,18,-0.008330106735229492
4665,17,-0.26256752014160156
4666,4,-2.2488527297973633
4667,4,-2.237150192260742
4668,16,-0.35665690898895264
4669,4,-2.257199287414551
4670,22,0.7303032875061035
4671,14,-0.7420040965080261
4672,10,-1.3573641777038574
4673,4,-2.2341039180755615
4674,4,-2.255971908569336
4675,4,-2.253627300262451
4676,11,-1.2639024257659912
4677,16,-0.3396131992340088
4678,4,-2.2568745613098145
4679,5,-2.1729912757873535
4680,4,-2.2351632118225098
4681,4,-2.267460584640503
4682,12,-1.1398786306381226
4683,11,-1.1923317909240723
4684,30,1.7982275485992432
4685,14,-0.7133530378341675
4686,10,-1.352360725402832
4687,4,-2.286397695541382
4688,5,-2.2121832370758057
4689,4,-2.2786571979522705
4690,5,-2.134202241897583
4691,25,1.2144010066986084
4692,19,0.0940859317779541
4693,4,-2.2340328693389893
4694,4,-2.241910696029663
4695,11,-1.2844361066818237
4696,11,-1.2302062511444092
4697,20,0.3030966520309448
4698,11,-1.2524640560150146
4699,20,0.3236064910888672
4700,4,-2.262540817260742
4701,4,-2.2646374702453613
4702,10,-1.4317128658294678
4703,4,-2.2345733642578125
4704,11,-1.2697752714157104
4705,19,0.13477623462677002
4706,4,-2.234569787979126
4707,10,-1.3345988988876343
4708,5,-2.1727731227874756
4709,17,-0.1938408613204956
4710,20,0.24905407428741455
4711,18,0.02663886547088623
4712,10,-1.314853310585022
4713,16,-0.34182727336883545
4714,30,1.7867109775543213
4715,11,-1.1491098403930664
4716,4,-2.2527518272399902
4717,9,-1.5248991250991821
4718,21,0.5458009243011475
4719,4,-2.249600648880005
4720,11,-1.1952526569366455
4721,9,-1.469464898109436
4722,11,-1.2580537796020508
4723,5,-2.2123336791992188
4724,4,-2.2336392402648926
4725,19,0.16605210304260254
4726,12,-1.114358901977539
4727,25,1.202650785446167
4728,22,0.6420474052429199
4729,10,-1.3943397998809814
4730,20,0.38125407695770264
4731,4,-2.27622652053833
4732,10,-1.3051813840866089
4733,30,1.7918274402618408
4734,14,-0.7843104600906372
4735,11,-1.213405728340149
4736,10,-1.4447489976882935
4737,17,-0.1316608190536499
4738,9,-1.600109577178955
4739,1,-2.8177762031555176
4740,19,0.20564532279968262
4741,12,-1.1131396293640137
4742,23,0.8160479068756104
4743,11,-1.1702020168304443
4744,10,-1.3323534727096558
4745,1,-2.7824301719665527
4746,10,-1.3417177200317383
4747,13,-0.978286862373352
4748,4,-2.2344207763671875
4749,5,-2.2139525413513184
4750,20,0.3788865804672241
4751,19,0.14252114295959473
4752,20,0.2969021797180176
4753,10,-1.3574059009552002
4754,5,-2.2220559120178223
4755,5,-2.2190842628479004
4756,10,-1.3112971782684326
4757,30,1.7769896984100342
4758,21,0.4959828853607178
4759,4,-2.242933750152588
4760,18,-0.11785149574279785
4761,28,1.5571870803833008
4762,23,0.8972563743591309
4763,22,0.6299138069152832
4764,18,-0.005486011505126953
4765,6,-1.9553858041763306
4766,11,-1.274654507637024
4767,9,-1.5750083923339844
4768,14,-0.7797521948814392
4769,11,-1.2239688634872437
4770,5,-2.2196080684661865
4771,9,-1.5073367357254028
4772,21,0.5243701934814453
4773,10,-1.2969799041748047
4774,18,-0.08246982097625732
4775,4,-2.2556135654449463
4776,2,-2.636937141418457
4777,4,-2.249922275543213
4778,4,-2.393611192703247
4779,10,-1.3082373142242432
4780,11,-1.2643766403198242
4781,10,-1.3070776462554932
4782,10,-1.4083412885665894
4783,5,-2.0994608402252197
4784,18,-0.04602944850921631
4785,5,-2.227179765701294
4786,11,-1.2046396732330322
4787,21,0.53346848487854
4788,21,0.5118942260742188
4789,21,0.5615975856781006
4790,11,-1.2324877977371216
4791,14,-0.7784178256988525
4792,5,-2.191530466079712
4793,15,-0.5011084079742432
4794,14,-0.6581853032112122
4795,14,-0.7015770077705383
4796,4,-2.2515101432800293
4797,11,-1.2592363357543945
4798,12,-1.0102436542510986
4799,11,-1.2865656614303589
4800,5,-2.204512119293213
4801,4,-2.245619773864746
4802,21,0.4929654598236084
4803,11,-1.1709802150726318
4804,11,-1.1821037530899048
4805,11,-1.1448618173599243
4806,18,-0.0374220609664917
4807,28,1.61478590965271
4808,29,1.7228353023529053
4809,5,-2.179594039916992
4810,5,-2.212533712387085
4811,17,-0.26995277404785156
4812,11,-1.2512943744659424
4813,4,-2.2666664123535156
4814,17,-0.23598337173461914
4815,16,-0.39790892601013184
4816,5,-2.172307014465332
4817,2,-2.5868825912475586
4818,5,-2.1704649925231934
4819,22,0.6690986156463623
4820,11,-1.292483925819397
4821,20,0.3785057067871094
4822,20,0.27426791191101074
4823,11,-1.2893614768981934
4824,18,-0.07968223094940186
4825,4,-2.256938934326172
4826,20,0.3513084650039673
4827,5,-2.2171242237091064
4828,5,-2.224156141281128
4829,9,-1.4706218242645264
4830,23,0.8824887275695801
4831,11,-1.268921136856079
4832,20,0.3981595039367676
4833,12,-1.1272766590118408
4834,1,-2.858276844024658
4835,20,0.3912801742553711
4836,9,-1.4912383556365967
4837,20,0.286495566368103
4838,10,-1.337787389755249
4839,10,-1.3913567066192627
4840,5,-2.222487211227417
4841,5,-2.2214276790618896
4842,11,-1.240561842918396
4843,30,1.7876813411712646
4844,4,-2.2395706176757812
4845,5,-2.1009724140167236
4846,11,-1.1740165948867798
4847,4,-2.242793560028076
4848,9,-1.4963372945785522
4849,5,-2.196530342102051
4850,18,-0.09381818771362305
4851,10,-1.3637707233428955
4852,5,-2.2208399772644043
4853,4,-2.2605996131896973
4854,11,-1.1878725290298462
4855,11,-1.2614266872406006
4856,5,-2.2068796157836914
4857,9,-1.5352120399475098
4858,5,-2.22641921043396
4859,9,-1.4684354066848755
4860,15,-0.4855308532714844
4861,5,-2.217794895172119
4862,7,-1.7799969911575317
4863,5,-2.1797170639038086
4864,20,0.38946425914764404
4865,10,-1.4392303228378296
4866,10,-1.3677996397018433
4867,4,-2.2383785247802734
4868,4,-2.2349822521209717
4869,11,-1.2927095890045166
4870,5,-2.1849851608276367
4871,11,-1.2766869068145752
4872,5,-2.0973567962646484
4873,30,1.778911828994751
4874,5,-2.1828880310058594
4875,20,0.24943482875823975
4876,5,-2.1673574447631836
4877,19,0.17398536205291748
4878,17,-0.12952721118927002
4879,20,0.3405724763870239
4880,10,-1.3304541110992432
4881,5,-2.2273924350738525
4882,30,1.7966523170471191
4883,11,-1.1859371662139893
4884,10,-1.3138312101364136
4885,23,0.8757281303405762
4886,11,-1.2308802604675293
4887,13,-0.8132482767105103
4888,19,0.24349212646484375
4889,5,-2.154087543487549
4890,4,-2.241607427597046
4891,30,1.7798774242401123
4892,7,-1.8503592014312744
4893,4,-2.248685836791992
4894,11,-1.2652111053466797
4895,11,-1.2180495262145996
4896,9,-1.4809656143188477
4897,8,-1.764683723449707
4898,12,-1.120408058166504
4899,11,-1.2477052211761475
4900,5,-2.2127645015716553
4901,12,-1.1391875743865967
4902,23,0.853020191192627
4903,18,0.049935221672058105
4904,10,-1.3726342916488647
4905,11,-1.2140963077545166
4906,30,1.7814247608184814
4907,4,-2.2458369731903076
4908,11,-1.2863237857818604
4909,18,0.01233983039855957
4910,20,0.3110905885696411
4911,11,-1.2159643173217773
4912,21,0.5988106727600098
4913,12,-1.0696468353271484
4914,17,-0.25657129287719727
4915,21,0.6163637638092041
4916,6,-2.0581278800964355
4917,5,-2.225233793258667
4918,1,-2.881068229675293
4919,5,-2.223546266555786
4920,10,-1.3690319061279297
4921,11,-1.2164216041564941
4922,19,0.23632287979125977
4923,5,-2.1465368270874023
4924,5,-2.204770565032959
4925,22,0.663825511932373
4926,4,-2.257476568222046
4927,5,-2.205249547958374
4928,21,0.4370439052581787
4929,18,-0.0028992891311645508
4930,21,0.5870225429534912
4931,19,0.0803380012512207
4932,20,0.3943566083908081
4933,5,-2.168250560760498
4934,5,-2.1524739265441895
4935,11,-1.1629064083099365
4936,22,0.6380281448364258
4937,11,-1.1447715759277344
4938,30,1.7431659698486328
4939,10,-1.2974568605422974
4940,18,-0.08167433738708496
4941,4,-2.24891996383667
4942,5,-2.1652252674102783
4943,10,-1.335439682006836
4944,27,1.4894587993621826
4945,10,-1.3100295066833496
4946,30,1.7444911003112793
4947,22,0.6440792083740234
4948,4,-2.230220079421997
4949,11,-1.2571762800216675
4950,5,-2.2092385292053223
4951,14,-0.7236085534095764
4952,28,1.6002581119537354
4953,5,-2.2034385204315186
4954,4,-2.2531352043151855
4955,21,0.5287024974822998
4956,5,-2.217940330505371
4957,8,-1.6550813913345337
4958,5,-2.1863603591918945
4959,30,1.7527339458465576
4960,10,-1.3275340795516968
4961,11,-1.2090344429016113
4962,19,0.1536421775817871
4963,5,-2.206320285797119
4964,4,-2.2395119667053223
4965,11,-1.191845178604126
4966,4,-2.2707865238189697
4967,11,-1.2417019605636597
4968,11,-1.2402280569076538
4969,9,-1.5363816022872925
4970,11,-1.2052239179611206
4971,5,-2.182631015777588
4972,5,-2.222404956817627
4973,15,-0.613138735294342
4974,5,-2.2010414600372314
4975,11,-1.2303447723388672
4976,5,-2.1832611560821533
4977,5,-2.2177646160125732
4978,5,-2.16369366645813
4979,11,-1.1872656345367432
4980,4,-2.246018409729004
4981,19,0.1778041124343872
4982,5,-2.1766161918640137
4983,21,0.4717869758605957
4984,10,-1.349740743637085
4985,18,0.04322683811187744
4986,5,-2.218850612640381
4987,17,-0.23787391185760498
4988,21,0.6167342662811279
4989,10,-1.4079641103744507
4990,5,-2.2257087230682373
4991,5,-2.173356771469116
4992,5,-2.1854324340820312
4993,10,-1.3072857856750488
4994,5,-2.1668150424957275
4995,15,-0.6365900039672852
4996,5,-2.2086994647979736
4997,11,-1.2373323440551758
4998,4,-2.2399611473083496
4999,11,-1.2094907760620117
5000,5,-2.1899361610412598
5001,21,0.5395479202270508
5002,5,-2.141543388366699
5003,7,-1.796775460243225
5004,15,-0.5055323839187622
5005,21,0.4723484516143799
5006,5,-2.172045946121216
5007,5,-2.1553099155426025
5008,11,-1.2599153518676758
5009,11,-1.1592036485671997
5010,5,-2.182648181915283
5011,12,-1.0957218408584595
5012,11,-1.2359637022018433
5013,5,-2.199296712875366
5014,5,-2.2185745239257812
5015,5,-2.1594531536102295
5016,5,-2.207230806350708
5017,5,-2.1873443126678467
5018,5,-2.1768298149108887
5019,5,-2.2275147438049316
5020,30,1.7856452465057373
5021,5,-2.2098793983459473
5022,5,-2.173206329345703
5023,10,-1.3594111204147339
5024,5,-2.2024121284484863
5025,11,-1.1901144981384277
5026,9,-1.4535421133041382
5027,5,-2.14180588722229
5028,1,-2.790679454803467
5029,1,-2.7719287872314453
5030,2,-2.742685317993164
5031,5,-2.15273118019104
5032,5,-2.174818515777588
5033,11,-1.2722128629684448
5034,5,-2.1081621646881104
5035,5,-2.202601432800293
5036,22,0.6435563564300537
5037,11,-1.1800123453140259
5038,4,-2.2522058486938477
5039,11,-1.2850103378295898
5040,28,1.5856752395629883
5041,18,-0.00791168212890625
5042,16,-0.30717766284942627
5043,22,0.6884047985076904
5044,11,-1.2159793376922607
5045,10,-1.370672345161438
5046,11,-1.1870982646942139
5047,19,0.1169745922088623
5048,5,-2.1781423091888428
5049,10,-1.360400676727295
5050,12,-1.0520761013031006
5051,5,-2.159054756164551
5052,21,0.5250563621520996
5053,17,-0.16610634326934814
5054,1,-2.769155502319336
5055,5,-2.227659225463867
5056,9,-1.5616084337234497
5057,10,-1.3397753238677979
5058,12,-1.1320054531097412
5059,4,-2.239123821258545
5060,5,-2.1899874210357666
5061,12,-1.1056036949157715
5062,5,-2.1625185012817383
5063,11,-1.2017481327056885
5064,17,-0.25323569774627686
5065,5,-2.1664533615112305
5066,30,1.792311429977417
5067,11,-1.1675180196762085
5068,10,-1.3665099143981934
5069,19,0.11161351203918457
5070,21,0.5868277549743652
5071,21,0.6107780933380127
5072,5,-2.1910650730133057
5073,5,-2.2192506790161133
5074,5,-2.2006564140319824
5075,5,-2.172945022583008
5076,23,0.9149746894836426
5077,5,-2.1802821159362793
5078,5,-2.151027202606201
5079,2,-2.737809896469116
5080,5,-2.220993757247925
5081,11,-1.1418136358261108
5082,12,-0.9840940237045288
5083,23,0.8228607177734375
5084,11,-1.2432200908660889
5085,11,-1.22334885597229
5086,11,-1.1626336574554443
5087,13,-0.8690181374549866
5088,5,-2.1447594165802
5089,10,-1.38218092918396
5090,2,-2.6210241317749023
5091,4,-2.250657796859741
5092,11,-1.1926987171173096
5093,22,0.6775839328765869
5094,5,-2.205862045288086
5095,18,0.04809153079986572
5096,19,0.16175854206085205
5097,11,-1.1434000730514526
5098,11,-1.1760427951812744
5099,5,-2.1361441612243652
5100,9,-1.4778928756713867
5101,5,-2.2022807598114014
5102,5,-2.172797203063965
5103,5,-2.134063243865967
5104,23,0.8690102100372314
5105,5,-2.167233943939209
5106,5,-2.1973695755004883
5107,12,-1.1104810237884521
5108,18,0.006943464279174805
5109,5,-2.1909618377685547
5110,30,1.7702093124389648
5111,30,1.7624545097351074
5112,12,-1.0427217483520508
5113,10,-1.4322056770324707
5114,5,-2.0939037799835205
5115,5,-2.2055163383483887
5116,5,-2.2023110389709473
5117,5,-2.1241118907928467
5118,22,0.6978957653045654
5119,5,-2.1790690422058105
5120,5,-2.2122671604156494
5121,5,-2.1841344833374023
5122,5,-2.1327433586120605
5123,29,1.7357194423675537
5124,5,-2.1613895893096924
5125,26,1.401310682296753
5126,5,-2.175511360168457
5127,10,-1.3193024396896362
5128,21,0.5753512382507324
5129,5,-2.2047057151794434
5130,10,-1.3038254976272583
5131,5,-2.081904411315918
5132,5,-2.214603900909424
5133,17,-0.2676258087158203
5134,12,-1.121529221534729
5135,12,-1.0964316129684448
5136,11,-1.204537034034729
5137,29,1.7126154899597168
5138,24,1.1232678890228271
5139,29,1.7011744976043701
5140,19,0.16692614555358887
5141,14,-0.7555165886878967
5142,5,-2.1513400077819824
5143,20,0.3788219690322876
5144,11,-1.1832754611968994
5145,22,0.7382426261901855
5146,11,-1.1851178407669067
5147,5,-2.1777873039245605
5148,22,0.6327755451202393
5149,23,0.819035530090332
5150,12,-1.0766571760177612
5151,1,-2.835052490234375
5152,12,-1.0699665546417236
5153,11,-1.2039474248886108
5154,12,-1.0428881645202637
5155,30,1.7965025901794434
5156,24,0.9878981113433838
5157,5,-2.188476800918579
5158,8,-1.64309823513031
5159,29,1.7211754322052002
5160,5,-2.1899123191833496
5161,11,-1.2014429569244385
5162,5,-2.164297580718994
5163,17,-0.1447352170944214
5164,23,0.8040275573730469
5165,5,-2.2206878662109375
5166,5,-2.1823298931121826
5167,5,-2.220827341079712
5168,20,0.40794622898101807
5169,5,-2.1897482872009277
5170,5,-2.1396641731262207
5171,12,-1.0843905210494995
5172,12,-1.1394238471984863
5173,5,-2.178957462310791
5174,19,0.19758427143096924
5175,10,-1.3041958808898926
5176,5,-2.1661033630371094
5177,5,-2.1639504432678223
5178,5,-2.165787935256958
5179,5,-2.098433017730713
5180,5,-2.132082939147949
5181,5,-2.175908327102661
5182,9,-1.48415207862854
5183,10,-1.390519618988037
5184,30,1.7466230392456055
5185,5,-2.145176410675049
5186,17,-0.2852717638015747
5187,20,0.25295841693878174
5188,9,-1.5430469512939453
5189,10,-1.3004995584487915
5190,23,0.9291608333587646
5191,11,-1.1724307537078857
5192,5,-2.1652309894561768
5193,5,-2.219999313354492
5194,5,-2.1673591136932373
5195,19,0.23350679874420166
5196,5,-2.2161166667938232
5197,11,-1.2287681102752686
5198,18,0.009470224380493164
5199,5,-2.1619715690612793
5200,5,-2.184445858001709
5201,5,-2.1316428184509277
5202,5,-2.1350038051605225
5203,12,-1.1156672239303589
5204,14,-0.7976601123809814
5205,11,-1.2422189712524414
5206,5,-2.1664605140686035
5207,5,-2.1774086952209473
5208,10,-1.4276705980300903
5209,30,1.7868289947509766
5210,5,-2.1734700202941895
5211,10,-1.4410078525543213
5212,20,0.4256753921508789
5213,13,-0.936388373374939
5214,15,-0.5646085739135742
5215,20,0.39282357692718506
5216,10,-1.3303474187850952
5217,12,-1.140704870223999
5218,12,-1.1410633325576782
5219,12,-1.0445033311843872
5220,10,-1.4012982845306396
5221,5,-2.2122762203216553
5222,12,-1.1233139038085938
5223,11,-1.1671961545944214
5224,27,1.515453577041626
5225,10,-1.3812921047210693
5226,11,-1.2430627346038818
5227,5,-2.1796681880950928
5228,5,-2.1880178451538086
5229,11,-1.1986252069473267
5230,5,-2.1115212440490723
5231,12,-1.0647828578948975
5232,5,-2.170302391052246
5233,12,-1.135360598564148
5234,13,-0.9037455320358276
5235,5,-2.1605262756347656
5236,5,-2.211603879928589
5237,12,-1.0739673376083374
5238,12,-1.0291574001312256
5239,22,0.7666604518890381
5240,30,1.7920145988464355
5241,11,-1.2512683868408203
5242,30,1.7518911361694336
5243,5,-2.2250988483428955
5244,11,-1.155151605606079
5245,12,-1.0041249990463257
5246,6,-2.009800672531128
5247,5,-2.2221121788024902
5248,5,-2.1619601249694824
5249,12,-1.072249174118042
5250,12,-1.1142417192459106
5251,6,-2.0481457710266113
5252,11,-1.1638482809066772
5253,5,-2.177154541015625
5254,23,0.8952846527099609
5255,5,-2.2174205780029297
5256,5,-2.2193639278411865
5257,17,-0.12921357154846191
5258,5,-2.217616081237793
5259,5,-2.091543197631836
5260,12,-1.093956470489502
5261,21,0.5774087905883789
5262,12,-1.0698411464691162
5263,5,-2.192805767059326
5264,23,0.8721339702606201
5265,5,-2.1556973457336426
5266,5,-2.1796231269836426
5267,19,0.06092679500579834
5268,19,0.11277580261230469
5269,22,0.6662955284118652
5270,9,-1.471364974975586
5271,12,-1.0569210052490234
5272,15,-0.5275365114212036
5273,20,0.261227011680603
5274,23,0.8191509246826172
5275,23,0.8746600151062012
5276,5,-2.1697709560394287
5277,21,0.5742061138153076
5278,12,-1.0731185674667358
5279,12,-0.9919559359550476
5280,10,-1.3124860525131226
5281,21,0.5389599800109863
5282,11,-1.261652946472168
5283,12,-1.0114526748657227
5284,18,-0.04341280460357666
5285,20,0.30500996112823486
5286,30,1.7828726768493652
5287,21,0.4730346202850342
5288,6,-2.0756773948669434
5289,20,0.3684922456741333
5290,5,-2.1900646686553955
5291,5,-2.1678662300109863
5292,5,-2.1588997840881348
5293,5,-2.18385910987854
5294,24,0.9880256652832031
5295,12,-1.0927891731262207
5296,11,-1.2224963903427124
5297,12,-1.1075448989868164
5298,5,-2.192312717437744
5299,10,-1.3970069885253906
5300,12,-1.1359648704528809
5301,5,-2.1468863487243652
5302,13,-0.9382340312004089
5303,12,-1.0530343055725098
5304,5,-2.1858925819396973
5305,5,-2.1944186687469482
5306,5,-2.1280362606048584
5307,5,-2.1338629722595215
5308,5,-2.1735870838165283
5309,5,-2.164856433868408
5310,5,-2.1642873287200928
5311,23,0.8958740234375
5312,7,-1.8230687379837036
5313,5,-2.122340679168701
5314,11,-1.2307261228561401
5315,21,0.5377297401428223
5316,17,-0.21324646472930908
5317,20,0.3504195213317871
5318,5,-2.13582706451416
5319,11,-1.1853156089782715
5320,12,-1.0197185277938843
5321,12,-1.0040626525878906
5322,1,-2.8507213592529297
5323,20,0.37708747386932373
5324,22,0.6619253158569336
5325,12,-1.0144590139389038
5326,5,-2.1622681617736816
5327,5,-2.126014232635498
5328,11,-1.162812352180481
5329,20,0.391826868057251
5330,5,-2.124842405319214
5331,20,0.37011003494262695
5332,5,-2.1692144870758057
5333,23,0.8493549823760986
5334,5,-2.182976245880127
5335,5,-2.1557841300964355
5336,5,-2.100436210632324
5337,11,-1.2779673337936401
5338,23,0.8077669143676758
5339,12,-1.1232799291610718
5340,12,-0.9851054549217224
5341,2,-2.7297685146331787
5342,12,-1.009528636932373
5343,5,-2.1152100563049316
5344,12,-1.0683917999267578
5345,20,0.3088836669921875
5346,5,-2.1634674072265625
5347,5,-2.1630959510803223
5348,16,-0.4225732088088989
5349,5,-2.1797280311584473
5350,4,-2.273049831390381
5351,30,1.7999742031097412
5352,30,1.797574758529663
5353,6,-2.0706381797790527
5354,19,0.23884797096252441
5355,21,0.44676196575164795
5356,5,-2.1407177448272705
5357,5,-2.1585769653320312
5358,10,-1.3723076581954956
5359,5,-2.1646323204040527
5360,19,0.15932834148406982
5361,12,-1.0926282405853271
5362,11,-1.2884376049041748
5363,11,-1.2289822101593018
5364,5,-2.1935064792633057
5365,5,-2.2068862915039062
5366,19,0.09575188159942627
5367,5,-2.0812549591064453
5368,11,-1.230196237564087
5369,11,-1.213001012802124
5370,21,0.5257375240325928
5371,3,-2.451160430908203
5372,20,0.402909517288208
5373,20,0.3529534339904785
5374,11,-1.2285758256912231
5375,12,-1.0882552862167358
5376,12,-1.0922095775604248
5377,8,-1.6598550081253052
5378,5,-2.156745433807373
5379,5,-2.1918859481811523
5380,16,-0.4332726001739502
5381,6,-2.054096221923828
5382,30,1.798607349395752
5383,20,0.3225606679916382
5384,12,-1.0894584655761719
5385,12,-1.0557819604873657
5386,5,-2.140005588531494
5387,5,-2.094050168991089
5388,11,-1.1876091957092285
5389,21,0.4911074638366699
5390,12,-1.0917401313781738
5391,5,-2.1146180629730225
5392,12,-1.0202465057373047
5393,12,-1.0615159273147583
5394,1,-2.7885875701904297
5395,5,-2.1394433975219727
5396,10,-1.34210205078125
5397,22,0.726555585861206
5398,11,-1.1965420246124268
5399,11,-1.1882120370864868
5400,5,-2.1173253059387207
5401,21,0.5266482830047607
5402,12,-1.1251842975616455
5403,10,-1.3314985036849976
5404,12,-1.0668437480926514
5405,12,-1.0656514167785645
5406,12,-1.0280555486679077
5407,5,-2.1650185585021973
5408,12,-0.9973190426826477
5409,12,-1.1343514919281006
5410,30,1.7708284854888916
5411,22,0.7733640670776367
5412,5,-2.0883119106292725
5413,5,-2.1270618438720703
5414,5,-2.1563305854797363
5415,5,-2.1316723823547363
5416,6,-1.955177664756775
5417,5,-2.1691579818725586
5418,5,-2.091261863708496
5419,5,-2.157562732696533
5420,5,-2.143916130065918
5421,5,-2.1249747276306152
5422,12,-1.0316797494888306
5423,11,-1.1572015285491943
5424,5,-2.1106066703796387
5425,12,-1.0423462390899658
5426,6,-2.0792739391326904
5427,5,-2.1607301235198975
5428,5,-2.159839391708374
5429,5,-2.1138832569122314
5430,5,-2.123035192489624
5431,11,-1.188450574874878
5432,18,-0.07019543647766113
5433,10,-1.3424994945526123
5434,5,-2.1754262447357178
5435,6,-2.0380444526672363
5436,18,0.04635775089263916
5437,11,-1.2654221057891846
5438,30,1.7710790634155273
5439,30,1.7773175239562988
5440,12,-1.1408175230026245
5441,5,-2.1327590942382812
5442,22,0.7360918521881104
5443,5,-2.0939865112304688
5444,12,-1.1177431344985962
5445,12,-1.0107245445251465
5446,21,0.47464418411254883
5447,5,-2.1673896312713623
5448,22,0.6792676448822021
5449,5,-2.148775815963745
5450,5,-2.141385793685913
5451,18,-0.002652406692504883
5452,5,-2.1084976196289062
5453,17,-0.15469980239868164
5454,22,0.7553858757019043
5455,5,-2.134166955947876
5456,20,0.42541444301605225
5457,5,-2.1562955379486084
5458,12,-1.0652728080749512
5459,5,-2.1534414291381836
5460,5,-2.118666887283325
5461,21,0.5245418548583984
5462,5,-2.1384904384613037
5463,24,0.9861583709716797
5464,12,-1.0298118591308594
5465,5,-2.1505796909332275
5466,5,-2.162778615951538
5467,18,-0.05933642387390137
5468,6,-2.0793228149414062
5469,18,-0.02452695369720459
5470,5,-2.163057565689087
5471,12,-1.07198166847229
5472,18,0.051104068756103516
5473,5,-2.1158933639526367
5474,11,-1.287017583847046
5475,5,-2.124910593032837
5476,3,-2.514909505844116
5477,5,-2.110713005065918
5478,5,-2.1684603691101074
5479,5,-2.1539502143859863
5480,22,0.789231538772583
5481,20,0.3956519365310669
5482,10,-1.3143342733383179
5483,5,-2.161436080932617
5484,5,-2.1468851566314697
5485,21,0.5570681095123291
5486,12,-1.0806547403335571
5487,12,-1.130327582359314
5488,5,-2.1195569038391113
5489,6,-2.0564627647399902
5490,12,-0.9826201796531677
5491,12,-1.062204122543335
5492,5,-2.157806873321533
5493,5,-2.1410655975341797
5494,5,-2.1640665531158447
5495,18,-0.04976809024810791
5496,12,-1.019791603088379
5497,5,-2.1132359504699707
5498,21,0.5615363121032715
5499,22,0.7712306976318359
5500,30,1.7965598106384277
5501,30,1.7966675758361816
5502,22,0.7373466491699219
5503,12,-1.0476185083389282
5504,22,0.748359203338623
5505,5,-2.0961081981658936
5506,14,-0.6912925243377686
5507,23,0.8741939067840576
5508,5,-2.0927484035491943
5509,5,-2.1404471397399902
5510,20,0.2511047124862671
5511,21,0.5667757987976074
5512,6,-2.0608253479003906
5513,21,0.45910394191741943
5514,7,-1.92128586769104
5515,13,-0.8157889246940613
5516,12,-0.983773410320282
5517,5,-2.1410491466522217
5518,12,-1.0437812805175781
5519,12,-1.0189836025238037
5520,13,-0.8115169405937195
5521,8,-1.6574028730392456
5522,21,0.6196911334991455
5523,6,-2.0760371685028076
5524,13,-0.8618868589401245
5525,5,-2.1157801151275635
5526,21,0.5588469505310059
5527,11,-1.1854703426361084
5528,13,-0.9770362377166748
5529,12,-1.0325326919555664
5530,5,-2.103198289871216
5531,13,-0.9768491387367249
5532,6,-2.0443241596221924
5533,5,-2.1272692680358887
5534,4,-2.3498945236206055
5535,12,-1.097132682800293
5536,19,0.09001731872558594
5537,19,0.10262703895568848
5538,5,-2.1243104934692383
5539,5,-2.187016725540161
5540,12,-1.0778181552886963
5541,6,-1.9248497486114502
5542,19,0.19981300830841064
5543,5,-2.1343181133270264
5544,5,-2.177577018737793
5545,20,0.4006150960922241
5546,5,-2.1257638931274414
5547,11,-1.1632062196731567
5548,5,-2.1187214851379395
5549,5,-2.1253302097320557
5550,22,0.6509613990783691
5551,11,-1.1488248109817505
5552,16,-0.31964123249053955
5553,5,-2.108152151107788
5554,11,-1.1977827548980713
5555,5,-2.1058285236358643
5556,5,-2.092292308807373
5557,16,-0.4054293632507324
5558,30,1.759143352508545
5559,13,-0.900583028793335
5560,5,-2.17413330078125
5561,11,-1.2644754648208618
5562,7,-1.7723959684371948
5563,5,-2.117107391357422
5564,5,-2.114773750305176
5565,5,-2.0953969955444336
5566,1,-2.809852361679077
5567,13,-0.8985224962234497
5568,5,-2.139648675918579
5569,21,0.5856974124908447
5570,12,-0.9811350107192993
5571,12,-1.042462706565857
5572,13,-0.8910253643989563
5573,14,-0.8054559826850891
5574,5,-2.1851978302001953
5575,13,-0.9672210812568665
5576,5,-2.141909599304199
5577,21,0.5402975082397461
5578,22,0.7963151931762695
5579,12,-1.0367183685302734
5580,10,-1.3223214149475098
5581,12,-1.016448736190796
5582,30,1.794832706451416
5583,21,0.5363149642944336
5584,5,-2.145233631134033
5585,21,0.5929543972015381
5586,11,-1.201085090637207
5587,5,-2.140394687652588
5588,6,-2.0766706466674805
5589,5,-2.1146509647369385
5590,5,-2.0892868041992188
5591,19,0.20282936096191406
5592,5,-2.0843088626861572
5593,24,1.0248169898986816
5594,22,0.7657833099365234
5595,14,-0.7303382158279419
5596,5,-2.1347787380218506
5597,6,-2.073275089263916
5598,11,-1.2677141427993774
5599,11,-1.2398512363433838
5600,13,-0.8188684582710266
5601,5,-2.1489267349243164
5602,5,-2.0967111587524414
5603,5,-2.1134068965911865
5604,28,1.6066172122955322
5605,21,0.47820377349853516
5606,20,0.35478103160858154
5607,24,1.1225545406341553
5608,5,-2.11431622505188
5609,13,-0.8902349472045898
5610,13,-0.905632734298706
5611,6,-2.0511765480041504
5612,17,-0.23998010158538818
5613,9,-1.5525957345962524
5614,30,1.744645118713379
5615,6,-1.9221272468566895
5616,19,0.20342159271240234
5617,13,-0.9714015126228333
5618,22,0.6836140155792236
5619,19,0.21431255340576172
5620,25,1.232452392578125
5621,10,-1.3123297691345215
5622,6,-1.9784431457519531
5623,19,0.2387939691543579
5624,20,0.29396140575408936
5625,30,1.7756943702697754
5626,12,-1.0869553089141846
5627,23,0.9254741668701172
5628,19,0.21759283542633057
5629,5,-2.125264883041382
5630,12,-1.027733564376831
5631,5,-2.081068992614746
5632,5,-2.081177234649658
5633,30,1.7941803932189941
5634,21,0.5423629283905029
5635,12,-1.028663158416748
5636,19,0.08519089221954346
5637,11,-1.1893068552017212
5638,13,-0.9359105825424194
5639,22,0.7707579135894775
5640,1,-2.761704921722412
5641,13,-0.902448832988739
5642,13,-0.9034932851791382
5643,20,0.3980525732040405
5644,22,0.6576149463653564
5645,12,-1.0701805353164673
5646,28,1.5694077014923096
5647,13,-0.8605401515960693
5648,5,-2.138861656188965
5649,5,-2.1682310104370117
5650,5,-2.149242877960205
5651,30,1.763902187347412
5652,12,-0.9860256314277649
5653,12,-1.068690538406372
5654,12,-1.0518563985824585
5655,5,-2.084503650665283
5656,21,0.6145861148834229
5657,12,-1.0981708765029907
5658,5,-2.119325637817383
5659,24,1.032172441482544
5660,5,-2.1160528659820557
5661,21,0.5315325260162354
5662,30,1.771949052810669
5663,22,0.6285629272460938
5664,5,-2.119692802429199
5665,5,-2.100813388824463
5666,5,-2.1078386306762695
5667,5,-2.1304802894592285
5668,12,-1.0248136520385742
5669,15,-0.5077683925628662
5670,12,-1.087249755859375
5671,22,0.7420697212219238
5672,12,-1.0287282466888428
5673,12,-1.0123683214187622
5674,5,-2.135335683822632
5675,1,-2.8582165241241455
5676,5,-2.0853137969970703
5677,5,-2.097935676574707
5678,23,0.8206250667572021
5679,11,-1.1850600242614746
5680,23,0.8826267719268799
5681,12,-1.1087367534637451
5682,1,-2.869746446609497
5683,5,-2.1568312644958496
5684,5,-2.1328253746032715
5685,17,-0.19036173820495605
5686,17,-0.19363975524902344
5687,20,0.34149301052093506
5688,23,0.8329412937164307
5689,12,-1.126634955406189
5690,12,-1.1331349611282349
5691,12,-1.0309607982635498
5692,22,0.6458592414855957
5693,19,0.1737079620361328
5694,5,-2.0908172130584717
5695,6,-2.0578651428222656
5696,5,-2.152256727218628
5697,5,-2.138338804244995
5698,5,-2.099393129348755
5699,12,-1.0289509296417236
5700,30,1.7542359828948975
5701,5,-2.1390018463134766
5702,30,1.7634773254394531
5703,21,0.5175879001617432
5704,13,-0.9256585836410522
5705,12,-1.0226376056671143
5706,5,-2.1139984130859375
5707,13,-0.9671942591667175
5708,9,-1.4579293727874756
5709,11,-1.1872611045837402
5710,7,-1.8441234827041626
5711,8,-1.7475214004516602
5712,1,-2.8463292121887207
5713,5,-2.124185562133789
5714,26,1.4106779098510742
5715,10,-1.3639789819717407
5716,5,-2.1268296241760254
5717,5,-2.154951810836792
5718,23,0.9578502178192139
5719,20,0.40766584873199463
5720,21,0.599651575088501
5721,5,-2.120131015777588
5722,5,-2.1121106147766113
5723,18,-0.07269632816314697
5724,23,0.9730539321899414
5725,6,-2.055349111557007
5726,12,-1.020087718963623
5727,5,-2.166534185409546
5728,21,0.558708667755127
5729,5,-2.0996222496032715
5730,18,0.03370165824890137
5731,13,-0.9271550178527832
5732,5,-2.1204514503479004
5733,21,0.536386251449585
5734,22,0.749359130859375
5735,12,-1.0813971757888794
5736,12,-1.114246129989624
5737,14,-0.8088803291320801
5738,29,1.703268051147461
5739,23,0.943892240524292
5740,5,-2.102445602416992
5741,19,0.2117445468902588
5742,5,-2.114957809448242
5743,5,-2.095264434814453
5744,11,-1.166431188583374
5745,12,-1.0094795227050781
5746,12,-1.000680685043335
5747,22,0.7254540920257568
5748,23,0.9792032241821289
5749,12,-1.0725107192993164
5750,12,-1.0650666952133179
5751,13,-0.8437339067459106
5752,19,0.18773126602172852
5753,5,-2.0828452110290527
5754,5,-2.0846047401428223
5755,13,-0.8997572660446167
5756,12,-1.1355912685394287
5757,5,-2.1087584495544434
5758,5,-2.1177780628204346
5759,6,-2.034860134124756
5760,13,-0.8236381411552429
5761,11,-1.2698447704315186
5762,8,-1.6356332302093506
5763,12,-1.0581719875335693
5764,5,-2.1372265815734863
5765,5,-2.0901482105255127
5766,6,-2.070988416671753
5767,13,-0.954102635383606
5768,23,0.862586498260498
5769,13,-0.8874101638793945
5770,5,-2.0994620323181152
5771,12,-0.9946894645690918
5772,6,-2.0644655227661133
5773,5,-2.1138274669647217
5774,13,-0.8962972164154053
5775,19,0.24403297901153564
5776,24,1.0627338886260986
5777,5,-2.1240968704223633
5778,19,0.15070557594299316
5779,12,-1.0892282724380493
5780,23,0.8091816902160645
5781,13,-0.9675363898277283
5782,8,-1.6808456182479858
5783,6,-2.0678443908691406
5784,5,-2.1125688552856445
5785,13,-0.8848501443862915
5786,27,1.478308916091919
5787,13,-0.9242456555366516
5788,6,-2.076709270477295
5789,19,0.22224700450897217
5790,6,-2.059028387069702
5791,21,0.49608516693115234
5792,5,-2.1239218711853027
5793,12,-1.05295991897583
5794,5,-2.1133899688720703
5795,30,1.7765271663665771
5796,17,-0.1814953088760376
5797,21,0.44705116748809814
5798,5,-2.129659414291382
5799,12,-0.9953418970108032
5800,21,0.516329288482666
5801,5,-2.082252264022827
5802,12,-1.080193281173706
5803,6,-2.0729169845581055
5804,6,-2.003310203552246
5805,13,-0.934518039226532
5806,13,-0.8581929802894592
5807,12,-1.0272278785705566
5808,12,-1.047339677810669
5809,5,-2.1026523113250732
5810,21,0.5872812271118164
5811,12,-1.100651741027832
5812,30,1.7661495208740234
5813,12,-1.0403562784194946
5814,6,-2.0325801372528076
5815,13,-0.96067214012146
5816,16,-0.46104633808135986
5817,21,0.48807644844055176
5818,1,-2.831052780151367
5819,5,-2.0873899459838867
5820,5,-2.1458873748779297
5821,5,-2.0819878578186035
5822,6,-2.0167078971862793
5823,23,0.8254759311676025
5824,23,0.8428988456726074
5825,3,-2.509608268737793
5826,20,0.30140864849090576
5827,24,1.1059916019439697
5828,21,0.5049567222595215
5829,21,0.491117000579834
5830,6,-2.0613884925842285
5831,23,0.8541922569274902
5832,14,-0.7954687476158142
5833,13,-0.9127900004386902
5834,13,-0.9219182729721069
5835,10,-1.3963273763656616
5836,5,-2.0937390327453613
5837,12,-1.0202264785766602
5838,6,-2.069990873336792
5839,6,-1.9423984289169312
5840,14,-0.7509636878967285
5841,30,1.7851293087005615
5842,5,-2.0972776412963867
5843,6,-2.046440601348877
5844,29,1.6460497379302979
5845,6,-2.018630266189575
5846,6,-1.9705538749694824
5847,11,-1.1982746124267578
5848,13,-0.8989788293838501
5849,11,-1.2762082815170288
5850,5,-2.0824010372161865
5851,13,-0.8616020083427429
5852,24,1.0891778469085693
5853,13,-0.8376412987709045
5854,22,0.7319841384887695
5855,6,-2.0722389221191406
5856,24,1.0743706226348877
5857,12,-0.9989596009254456
5858,13,-0.9797579646110535
5859,5,-2.0873985290527344
5860,11,-1.2352632284164429
5861,23,0.8824849128723145
5862,5,-2.135509729385376
5863,12,-1.0321705341339111
5864,5,-2.1514198780059814
5865,6,-1.957866907119751
5866,12,-1.0346055030822754
5867,12,-1.095686912536621
5868,12,-1.0910183191299438
5869,6,-2.030582904815674
5870,1,-2.8520026206970215
5871,13,-0.8884425759315491
5872,13,-0.9373740553855896
5873,13,-0.9218870401382446
5874,5,-2.086944341659546
5875,22,0.6646335124969482
5876,6,-2.080073118209839
5877,12,-0.9915865659713745
5878,13,-0.9546961784362793
5879,30,1.7960846424102783
5880,23,0.8756415843963623
5881,6,-2.0185444355010986
5882,12,-0.9986577033996582
5883,23,0.9240436553955078
5884,22,0.6773953437805176
5885,29,1.7106435298919678
5886,6,-2.068459987640381
5887,5,-2.0892670154571533
5888,12,-1.0158947706222534
5889,5,-2.0962469577789307
5890,11,-1.1484977006912231
5891,5,-2.158705472946167
5892,13,-0.9567572474479675
5893,6,-2.0619049072265625
5894,5,-2.090301990509033
5895,12,-1.1339548826217651
5896,13,-0.8876135349273682
5897,12,-1.0253238677978516
5898,21,0.5197291374206543
5899,21,0.5127460956573486
5900,5,-2.091935396194458
5901,13,-0.9169320464134216
5902,5,-2.1144015789031982
5903,6,-2.0206222534179688
5904,11,-1.1825958490371704
5905,10,-1.3231537342071533
5906,22,0.7853102684020996
5907,6,-2.066345691680908
5908,4,-2.2755448818206787
5909,14,-0.7949215173721313
5910,13,-0.8582095503807068
5911,13,-0.9587602615356445
5912,6,-2.0710175037384033
5913,6,-2.075287103652954
5914,5,-2.10020112991333
5915,1,-2.8621106147766113
5916,24,1.0343260765075684
5917,18,-0.05099141597747803
5918,12,-1.0058671236038208
5919,13,-0.911849856376648
5920,21,0.5036108493804932
5921,17,-0.17213737964630127
5922,6,-2.026472568511963
5923,22,0.662938117980957
5924,6,-2.0645463466644287
5925,6,-2.0157885551452637
5926,6,-2.051452875137329
5927,14,-0.8024123907089233
5928,24,1.1024558544158936
5929,12,-0.9826673865318298
5930,5,-2.107430934906006
5931,30,1.7837955951690674
5932,13,-0.9380021095275879
5933,6,-2.0092244148254395
5934,6,-2.0261926651000977
5935,5,-2.085339307785034
5936,14,-0.6973899006843567
5937,5,-2.085123062133789
5938,5,-2.10776686668396
5939,5,-2.115192413330078
5940,14,-0.6994016766548157
5941,6,-2.0720157623291016
5942,23,0.8652184009552002
5943,20,0.3010050058364868
5944,13,-0.8811214566230774
5945,5,-2.1175103187561035
5946,22,0.6915154457092285
5947,5,-2.1410741806030273
5948,13,-0.9348869919776917
5949,14,-0.7935711741447449
5950,12,-1.0925194025039673
5951,13,-0.8184080123901367
5952,12,-0.990415096282959
5953,13,-0.8575791716575623
5954,22,0.797440767288208
5955,5,-2.1032023429870605
5956,6,-2.0692663192749023
5957,6,-2.021613359451294
5958,5,-2.0912532806396484
5959,23,0.9223508834838867
5960,14,-0.7338370084762573
5961,5,-2.111339569091797
5962,5,-2.0912022590637207
5963,13,-0.925878643989563
5964,5,-2.0843257904052734
5965,18,-0.08621883392333984
5966,24,1.028815746307373
5967,6,-1.9790343046188354
5968,14,-0.7364892959594727
5969,12,-1.0269618034362793
5970,12,-1.1268250942230225
5971,14,-0.7867244482040405
5972,5,-2.1358680725097656
5973,6,-2.063616991043091
5974,13,-0.9512449502944946
5975,13,-0.9647678136825562
5976,22,0.7702877521514893
5977,12,-0.9877190589904785
5978,20,0.36065828800201416
5979,12,-1.06146240234375
5980,6,-2.079286813735962
5981,13,-0.85821932554245
5982,6,-2.051265239715576
5983,12,-1.037300705909729
5984,7,-1.9198368787765503
5985,14,-0.6674754619598389
5986,13,-0.9052932262420654
5987,5,-2.1269383430480957
5988,3,-2.466310501098633
5989,19,0.21879184246063232
5990,6,-2.026327133178711
5991,12,-1.076022982597351
5992,13,-0.9270988702774048
5993,16,-0.4639946222305298
5994,16,-0.4422339200973511
5995,22,0.7810211181640625
5996,30,1.790372371673584
5997,6,-2.038100481033325
5998,20,0.38839006423950195
5999,12,-1.0831247568130493
6000,5,-2.0901758670806885
6001,16,-0.34935617446899414
6002,6,-1.9975188970565796
6003,5,-2.1017892360687256
6004,14,-0.8076286315917969
6005,6,-2.0277135372161865
6006,5,-2.12849760055542
6007,5,-2.1229896545410156
6008,12,-0.9889733195304871
6009,6,-2.0538811683654785
6010,11,-1.231271505355835
6011,19,0.19108343124389648
6012,11,-1.1504600048065186
6013,23,0.9769878387451172
6014,14,-0.7850810885429382
6015,6,-2.018993854522705
6016,6,-2.022846221923828
6017,13,-0.9145843386650085
6018,20,0.428234338760376
6019,23,0.857567310333252
6020,6,-2.0655477046966553
6021,13,-0.8279876112937927
6022,10,-1.2960456609725952
6023,6,-2.03460431098938
6024,6,-2.0764002799987793
6025,15,-0.4765331745147705
6026,22,0.6846137046813965
6027,13,-0.8367776274681091
6028,6,-2.057115077972412
6029,3,-2.574955940246582
6030,6,-2.0470356941223145
6031,6,-2.064734935760498
6032,14,-0.7717565298080444
6033,14,-0.7742513418197632
6034,13,-0.9576510190963745
6035,22,0.7847080230712891
6036,23,0.9110367298126221
6037,24,1.1221342086791992
6038,14,-0.7819110751152039
6039,5,-2.1357221603393555
6040,5,-2.1214165687561035
6041,14,-0.7425218820571899
6042,6,-2.0756640434265137
6043,5,-2.085362195968628
6044,13,-0.9742353558540344
6045,6,-2.036264657974243
6046,5,-2.09035587310791
6047,3,-2.5533030033111572
6048,13,-0.8362552523612976
6049,5,-2.0929958820343018
6050,6,-2.0797643661499023
6051,22,0.748497724533081
6052,5,-2.0855798721313477
6053,6,-2.028247117996216
6054,11,-1.1475762128829956
6055,13,-0.8691465854644775
6056,13,-0.8556615710258484
6057,13,-0.8313984274864197
6058,6,-2.0167109966278076
6059,13,-0.8428121209144592
6060,21,0.5074009895324707
6061,6,-2.052671194076538
6062,5,-2.088347911834717
6063,22,0.7143244743347168
6064,5,-2.1081504821777344
6065,6,-2.017636299133301
6066,28,1.557833194732666
6067,6,-2.0112922191619873
6068,13,-0.8467794060707092
6069,6,-2.0066938400268555
6070,9,-1.5638552904129028
6071,12,-1.0099939107894897
6072,6,-2.076458692550659
6073,12,-0.9907833337783813
6074,19,0.05479395389556885
6075,14,-0.711509108543396
6076,6,-2.0023205280303955
6077,14,-0.7101312279701233
6078,20,0.31663572788238525
6079,4,-2.2374749183654785
6080,9,-1.5575815439224243
6081,23,0.8965868949890137
6082,23,0.8104677200317383
6083,13,-0.8536504507064819
6084,19,0.09326016902923584
6085,13,-0.91471928358078
6086,13,-0.9610133171081543
6087,22,0.7475814819335938
6088,6,-2.0552287101745605
6089,20,0.34506988525390625
6090,7,-1.8515571355819702
6091,2,-2.7406582832336426
6092,22,0.6502230167388916
6093,14,-0.7785632014274597
6094,6,-2.0499825477600098
6095,19,0.14984023571014404
6096,13,-0.919494092464447
6097,6,-2.036576986312866
6098,5,-2.10080623626709
6099,13,-0.8151978850364685
6100,6,-1.926368236541748
6101,6,-2.0444514751434326
6102,13,-0.9125121831893921
6103,6,-1.9589636325836182
6104,23,0.814979076385498
6105,14,-0.7783327698707581
6106,22,0.7492561340332031
6107,7,-1.8961142301559448
6108,12,-0.9968382716178894
6109,14,-0.7700901627540588
6110,6,-2.054104804992676
6111,5,-2.0847370624542236
6112,6,-2.0286355018615723
6113,14,-0.7881525158882141
6114,20,0.43059098720550537
6115,6,-1.9459421634674072
6116,21,0.5163686275482178
6117,6,-2.0365633964538574
6118,13,-0.8247542977333069
6119,14,-0.7649964094161987
6120,18,-0.020819783210754395
6121,12,-1.0436915159225464
6122,13,-0.9492310285568237
6123,7,-1.9184983968734741
6124,30,1.7900841236114502
6125,14,-0.775982141494751
6126,14,-0.734724760055542
6127,23,0.9116039276123047
6128,13,-0.8452942371368408
6129,24,1.0706391334533691
6130,21,0.49916601181030273
6131,1,-2.8015246391296387
6132,6,-2.0218255519866943
6133,21,0.5749258995056152
6134,12,-0.991624116897583
6135,18,-0.007108569145202637
6136,23,0.8421759605407715
6137,6,-2.0340213775634766
6138,19,0.1452544927597046
6139,6,-2.0153236389160156
6140,22,0.7121379375457764
6141,13,-0.8757720589637756
6142,6,-2.0221447944641113
6143,6,-2.0289318561553955
6144,6,-2.06387996673584
6145,6,-1.9817452430725098
6146,6,-2.036884307861328
6147,5,-2.0908689498901367
6148,14,-0.7044693231582642
6149,6,-2.046445846557617
6150,13,-0.8367175459861755
6151,13,-0.8172770142555237
6152,23,0.9270937442779541
6153,14,-0.6726550459861755
6154,6,-2.0008256435394287
6155,5,-2.0855069160461426
6156,14,-0.7835824489593506
6157,5,-2.0852322578430176
6158,23,0.9697051048278809
6159,12,-0.9876909852027893
6160,7,-1.8564165830612183
6161,24,1.005075216293335
6162,6,-2.033848285675049
6163,6,-2.0640616416931152
6164,12,-1.0602130889892578
6165,12,-1.091813087463379
6166,13,-0.8515413999557495
6167,6,-1.9728020429611206
6168,22,0.717411994934082
6169,20,0.41437530517578125
6170,10,-1.4144384860992432
6171,9,-1.5649867057800293
6172,6,-2.0623319149017334
6173,6,-2.0561418533325195
6174,18,-0.05335092544555664
6175,6,-2.0452425479888916
6176,6,-2.0569169521331787
6177,13,-0.884786069393158
6178,27,1.5097506046295166
6179,6,-2.0396673679351807
6180,24,1.096066951751709
6181,21,0.519444465637207
6182,5,-2.106642723083496
6183,3,-2.5176022052764893
6184,26,1.3624391555786133
6185,5,-2.0848469734191895
6186,6,-2.067194700241089
6187,6,-2.009701728820801
6188,13,-0.8569503426551819
6189,19,0.10321164131164551
6190,9,-1.5601651668548584
6191,23,0.9662806987762451
6192,24,1.032592535018921
6193,14,-0.8001155853271484
6194,23,0.8826420307159424
6195,6,-2.0386803150177
6196,5,-2.0868258476257324
6197,6,-2.010122299194336
6198,23,0.9059522151947021
6199,13,-0.8133558034896851
6200,25,1.1648969650268555
6201,6,-1.9534416198730469
6202,6,-2.061305046081543
6203,6,-1.97417414188385
6204,13,-0.9801035523414612
6205,6,-2.057847023010254
6206,13,-0.8211891651153564
6207,14,-0.7966234683990479
6208,13,-0.8369010090827942
6209,22,0.7039616107940674
6210,24,0.9866046905517578
6211,6,-2.0405664443969727
6212,13,-0.8237636089324951
6213,14,-0.789436399936676
6214,6,-1.9665589332580566
6215,14,-0.7558919191360474
6216,12,-1.1103073358535767
6217,6,-2.021793842315674
6218,6,-2.0602023601531982
6219,6,-2.075392246246338
6220,14,-0.6797385811805725
6221,6,-2.0607357025146484
6222,6,-2.048159122467041
6223,11,-1.1770415306091309
6224,30,1.7743556499481201
6225,6,-2.018216371536255
6226,6,-2.007091999053955
6227,6,-2.0485799312591553
6228,14,-0.7863166332244873
6229,24,1.0771863460540771
6230,22,0.722832441329956
6231,14,-0.7291482090950012
6232,13,-0.9382262825965881
6233,6,-2.0566723346710205
6234,13,-0.9076043367385864
6235,13,-0.8806664943695068
6236,6,-2.0623342990875244
6237,21,0.5506753921508789
6238,23,0.9693477153778076
6239,14,-0.7298333048820496
6240,5,-2.082545518875122
6241,19,0.21305060386657715
6242,14,-0.6495853662490845
6243,6,-2.047151803970337
6244,14,-0.7309404611587524
6245,15,-0.619132936000824
6246,14,-0.694818913936615
6247,6,-2.0623998641967773
6248,6,-1.9346091747283936
6249,12,-1.0517557859420776
6250,19,0.15716493129730225
6251,6,-2.0584464073181152
6252,6,-1.9504578113555908
6253,6,-2.0641231536865234
6254,13,-0.8915525078773499
6255,20,0.26295673847198486
6256,14,-0.7431546449661255
6257,6,-1.9954249858856201
6258,14,-0.7490490674972534
6259,6,-1.9540934562683105
6260,22,0.654608964920044
6261,8,-1.7676208019256592
6262,20,0.3391026258468628
6263,6,-1.9899592399597168
6264,13,-0.8209425210952759
6265,22,0.6830182075500488
6266,14,-0.7845005989074707
6267,14,-0.7194640040397644
6268,14,-0.7643420696258545
6269,22,0.79156494140625
6270,14,-0.7957552075386047
6271,6,-2.061896562576294
6272,14,-0.7803257703781128
6273,14,-0.8074582815170288
6274,6,-1.948960304260254
6275,6,-1.98613703250885
6276,6,-2.0195751190185547
6277,12,-1.0560601949691772
6278,6,-2.0066425800323486
6279,2,-2.712909698486328
6280,6,-1.9649704694747925
6281,13,-0.9070858955383301
6282,13,-0.8335704207420349
6283,6,-2.0661301612854004
6284,6,-1.975009799003601
6285,12,-1.1087239980697632
6286,6,-1.979748249053955
6287,14,-0.7749043107032776
6288,23,0.840552806854248
6289,24,1.06744384765625
6290,6,-1.9701619148254395
6291,13,-0.8478686809539795
6292,14,-0.7197971343994141
6293,21,0.5059194564819336
6294,6,-1.997212290763855
6295,6,-2.0272929668426514
6296,19,0.14648032188415527
6297,24,1.0840609073638916
6298,15,-0.571416974067688
6299,30,1.793121099472046
6300,6,-2.0782711505889893
6301,23,0.8503110408782959
6302,15,-0.6166358590126038
6303,6,-2.0387203693389893
6304,6,-2.000023126602173
6305,6,-2.0109004974365234
6306,15,-0.4910496473312378
6307,1,-2.7781500816345215
6308,6,-2.01918625831604
6309,30,1.76237154006958
6310,6,-2.0022788047790527
6311,6,-2.0054337978363037
6312,23,0.9654829502105713
6313,6,-2.005335807800293
6314,23,0.8547439575195312
6315,6,-2.052868604660034
6316,23,0.8384382724761963
6317,6,-2.0489144325256348
6318,6,-1.999572992324829
6319,14,-0.7713745832443237
6320,6,-1.986517071723938
6321,8,-1.7230587005615234
6322,14,-0.7596217393875122
6323,6,-1.9661887884140015
6324,15,-0.6321982145309448
6325,22,0.7014076709747314
6326,21,0.5725250244140625
6327,6,-2.0219459533691406
6328,6,-1.9649487733840942
6329,6,-2.0339369773864746
6330,24,0.9942982196807861
6331,6,-1.9861242771148682
6332,24,1.019627332687378
6333,22,0.7509970664978027
6334,3,-2.411379337310791
6335,12,-1.0801308155059814
6336,6,-2.0169384479522705
6337,14,-0.7623388171195984
6338,6,-2.013331413269043
6339,6,-2.042226791381836
6340,21,0.47372984886169434
6341,24,1.0806021690368652
6342,14,-0.7532584071159363
6343,6,-1.9909367561340332
6344,21,0.5222947597503662
6345,6,-2.059988498687744
6346,14,-0.8069958686828613
6347,23,0.8710501194000244
6348,6,-2.0532147884368896
6349,14,-0.6758521199226379
6350,23,0.8952555656433105
6351,29,1.7249672412872314
6352,6,-1.9513201713562012
6353,19,0.09059488773345947
6354,6,-1.985302209854126
6355,14,-0.6616385579109192
6356,6,-2.004244089126587
6357,30,1.7834391593933105
6358,6,-2.0067710876464844
6359,6,-2.0529470443725586
6360,6,-1.9383143186569214
6361,6,-2.031348466873169
6362,14,-0.7893555760383606
6363,14,-0.7285757660865784
6364,6,-1.943385362625122
6365,6,-1.9326108694076538
6366,13,-0.890708327293396
6367,14,-0.7749910950660706
6368,30,1.7979228496551514
6369,22,0.7984204292297363
6370,25,1.1584830284118652
6371,20,0.3648027181625366
6372,14,-0.7991310358047485
6373,6,-1.9450180530548096
6374,6,-2.0542116165161133
6375,6,-1.9370319843292236
6376,13,-0.9779544472694397
6377,20,0.3514772653579712
6378,6,-1.9624097347259521
6379,30,1.7895855903625488
6380,16,-0.47032642364501953
6381,6,-1.9326131343841553
6382,11,-1.1587008237838745
6383,6,-2.04653263092041
6384,30,1.7962040901184082
6385,14,-0.7024600505828857
6386,24,1.0732171535491943
6387,27,1.4553775787353516
6388,14,-0.808018147945404
6389,21,0.5644528865814209
6390,6,-2.0313282012939453
6391,6,-1.9768080711364746
6392,13,-0.8485605716705322
6393,24,1.07846999168396
6394,30,1.765489101409912
6395,20,0.3534022569656372
6396,5,-2.0818417072296143
6397,6,-2.0347914695739746
6398,6,-1.929736614227295
6399,24,1.1222257614135742
6400,13,-0.9473318457603455
6401,14,-0.7904386520385742
6402,6,-2.0223653316497803
6403,19,0.10681915283203125
6404,6,-2.0364065170288086
6405,21,0.6040122509002686
6406,6,-1.9246935844421387
6407,5,-2.118934154510498
6408,6,-2.0127644538879395
6409,12,-1.1394447088241577
6410,22,0.7011926174163818
6411,6,-1.9730594158172607
6412,6,-1.9951112270355225
6413,6,-2.0267910957336426
6414,13,-0.8601149320602417
6415,14,-0.7633522748947144
6416,14,-0.7117031812667847
6417,6,-2.0072450637817383
6418,6,-1.9680219888687134
6419,6,-2.060640335083008
6420,15,-0.6285077333450317
6421,6,-2.034536838531494
6422,14,-0.781792163848877
6423,23,0.8114738464355469
6424,30,1.7946152687072754
6425,6,-2.0480589866638184
6426,7,-1.8908288478851318
6427,15,-0.6145594120025635
6428,22,0.6391491889953613
6429,21,0.6111841201782227
6430,22,0.6504740715026855
6431,13,-0.9529978632926941
6432,21,0.5018279552459717
6433,6,-1.9817557334899902
6434,14,-0.8004214763641357
6435,24,0.998920202255249
6436,30,1.7481138706207275
6437,13,-0.88845294713974
6438,6,-2.0006895065307617
6439,6,-2.0431227684020996
6440,6,-1.9366024732589722
6441,19,0.23797965049743652
6442,11,-1.2536827325820923
6443,6,-2.026512861251831
6444,14,-0.8004018664360046
6445,22,0.7033498287200928
6446,30,1.7947580814361572
6447,14,-0.8070825338363647
6448,14,-0.7518735527992249
6449,6,-2.0641028881073
6450,24,0.98142409324646
6451,14,-0.7811632752418518
6452,15,-0.5904074311256409
6453,12,-0.9828472137451172
6454,6,-1.9850622415542603
6455,21,0.45556628704071045
6456,6,-2.0325558185577393
6457,22,0.72031569480896
6458,6,-1.9496570825576782
6459,2,-2.732081651687622
6460,19,0.12804853916168213
6461,24,1.0410261154174805
6462,6,-1.9871641397476196
6463,6,-1.997236967086792
6464,14,-0.6421326398849487
6465,14,-0.7794784307479858
6466,6,-1.9896585941314697
6467,14,-0.7148664593696594
6468,12,-1.0469499826431274
6469,22,0.6851258277893066
6470,14,-0.7237098217010498
6471,14,-0.7327155470848083
6472,21,0.5657200813293457
6473,30,1.7875087261199951
6474,23,0.9784622192382812
6475,6,-1.9386199712753296
6476,23,0.8967990875244141
6477,6,-2.0137200355529785
6478,14,-0.8075690269470215
6479,13,-0.8130921125411987
6480,29,1.660473108291626
6481,21,0.4928717613220215
6482,13,-0.9358168244361877
6483,14,-0.7722458839416504
6484,6,-1.9312978982925415
6485,13,-0.8836221098899841
6486,6,-1.9591957330703735
6487,21,0.5207042694091797
6488,30,1.7834055423736572
6489,6,-2.000602960586548
6490,14,-0.7627173662185669
6491,13,-0.9049060940742493
6492,6,-1.9705575704574585
6493,7,-1.9219629764556885
6494,30,1.7953851222991943
6495,21,0.5555188655853271
6496,11,-1.1715693473815918
6497,14,-0.7904950380325317
6498,8,-1.7431812286376953
6499,14,-0.6793497204780579
6500,6,-2.021199941635132
6501,6,-1.968830943107605
6502,6,-1.9355525970458984
6503,21,0.5301775932312012
6504,13,-0.9222159385681152
6505,23,0.9211945533752441
6506,6,-1.944092035293579
6507,30,1.7877883911132812
6508,14,-0.6912835240364075
6509,24,1.024397373199463
6510,18,-0.07257461547851562
6511,13,-0.9110952019691467
6512,6,-1.939324975013733
6513,14,-0.8048238754272461
6514,23,0.9567928314208984
6515,15,-0.5255168676376343
6516,20,0.4158170223236084
6517,22,0.6899063587188721
6518,6,-1.9651142358779907
6519,6,-1.9833457469940186
6520,6,-1.9932279586791992
6521,13,-0.8303120136260986
6522,15,-0.5270503759384155
6523,24,1.1219170093536377
6524,14,-0.7658119201660156
6525,13,-0.8472836017608643
6526,18,-0.07508373260498047
6527,14,-0.6649004817008972
6528,16,-0.30555200576782227
6529,6,-2.0315449237823486
6530,24,0.9863841533660889
6531,23,0.9009907245635986
6532,14,-0.6838895082473755
6533,6,-2.0566983222961426
6534,22,0.7497684955596924
6535,6,-2.039206027984619
6536,6,-1.995434045791626
6537,6,-2.018218755722046
6538,15,-0.6299585103988647
6539,7,-1.9055678844451904
6540,6,-1.9489786624908447
6541,13,-0.8449430465698242
6542,14,-0.7816640138626099
6543,2,-2.7380385398864746
6544,22,0.7677052021026611
6545,6,-1.9861690998077393
6546,6,-1.9428982734680176
6547,14,-0.7495423555374146
6548,6,-1.995698094367981
6549,24,1.0079667568206787
6550,14,-0.7180601358413696
6551,14,-0.6813642978668213
6552,14,-0.6993129253387451
6553,23,0.8496248722076416
6554,6,-2.0162253379821777
6555,6,-2.0259740352630615
6556,6,-1.9352915287017822
6557,14,-0.713579535484314
6558,7,-1.9000017642974854
6559,6,-1.968519926071167
6560,15,-0.5701426863670349
6561,13,-0.8500456213951111
6562,14,-0.771441638469696
6563,13,-0.8517464995384216
6564,6,-1.9687457084655762
6565,14,-0.6715821623802185
6566,6,-1.9551490545272827
6567,3,-2.52388858795166
6568,6,-2.030074119567871
6569,14,-0.6489107608795166
6570,6,-1.9788665771484375
6571,14,-0.7822654843330383
6572,14,-0.801069438457489
6573,14,-0.6727492213249207
6574,13,-0.8833349943161011
6575,13,-0.8770310282707214
6576,15,-0.6155980825424194
6577,20,0.35884082317352295
6578,14,-0.661060631275177
6579,22,0.7348711490631104
6580,7,-1.9138352870941162
6581,6,-2.0118885040283203
6582,21,0.6012368202209473
6583,13,-0.8918436765670776
6584,6,-2.0014419555664062
6585,6,-2.036406993865967
6586,6,-1.9975841045379639
6587,29,1.722895860671997
6588,7,-1.8844594955444336
6589,7,-1.8562628030776978
6590,14,-0.6840364933013916
6591,13,-0.9230282306671143
6592,24,1.1033790111541748
6593,14,-0.6592332124710083
6594,14,-0.6416791677474976
6595,14,-0.6602828502655029
6596,6,-1.9374101161956787
6597,14,-0.7707867622375488
6598,23,0.9401571750640869
6599,6,-2.0569560527801514
6600,15,-0.6367596387863159
6601,6,-2.0200066566467285
6602,6,-2.0097694396972656
6603,22,0.7090854644775391
6604,20,0.36868715286254883
6605,6,-1.9615814685821533
6606,13,-0.8564828038215637
6607,6,-1.9866228103637695
6608,14,-0.6970546245574951
6609,6,-1.9248689413070679
6610,6,-1.997068166732788
6611,24,1.1089673042297363
6612,22,0.6560297012329102
6613,6,-1.9597787857055664
6614,7,-1.8896844387054443
6615,13,-0.9696195125579834
6616,6,-1.9755436182022095
6617,6,-1.9862823486328125
6618,22,0.6903669834136963
6619,6,-1.9837214946746826
6620,13,-0.8689805865287781
6621,6,-1.9837926626205444
6622,14,-0.6662556529045105
6623,1,-2.8309240341186523
6624,24,1.0081377029418945
6625,6,-1.9333727359771729
6626,30,1.7922794818878174
6627,12,-1.073875069618225
6628,13,-0.939761757850647
6629,15,-0.6212361454963684
6630,6,-1.9367605447769165
6631,24,1.117241382598877
6632,16,-0.4566490650177002
6633,6,-2.039588451385498
6634,6,-1.9997347593307495
6635,24,0.9997406005859375
6636,24,0.9939110279083252
6637,14,-0.7055176496505737
6638,23,0.8813986778259277
6639,6,-1.9446998834609985
6640,20,0.40023255348205566
6641,25,1.1452186107635498
6642,6,-1.9961265325546265
6643,19,0.11899340152740479
6644,14,-0.6766491532325745
6645,6,-2.0542383193969727
6646,15,-0.5441983938217163
6647,7,-1.9047415256500244
6648,7,-1.8973370790481567
6649,23,0.9597275257110596
6650,15,-0.5841637849807739
6651,15,-0.6031219363212585
6652,6,-2.033177614212036
6653,29,1.6664133071899414
6654,30,1.7968060970306396
6655,23,0.923093318939209
6656,6,-2.040921449661255
6657,6,-1.9592618942260742
6658,12,-1.0416643619537354
6659,11,-1.2625515460968018
6660,6,-2.0151994228363037
6661,6,-1.97178053855896
6662,16,-0.32270050048828125
6663,6,-2.007742404937744
6664,14,-0.6739784479141235
6665,6,-1.9789440631866455
6666,6,-1.994044542312622
6667,10,-1.3256499767303467
6668,9,-1.4804739952087402
6669,7,-1.9020781517028809
6670,14,-0.7886157631874084
6671,7,-1.9037537574768066
6672,7,-1.8870489597320557
6673,6,-1.986496090888977
6674,21,0.48931169509887695
6675,8,-1.7129566669464111
6676,6,-1.9499390125274658
6677,6,-1.9933860301971436
6678,7,-1.8650789260864258
6679,14,-0.6789629459381104
6680,13,-0.8406093716621399
6681,6,-1.9902746677398682
6682,20,0.3613269329071045
6683,6,-1.9336355924606323
6684,6,-1.9839107990264893
6685,24,1.0024490356445312
6686,24,1.0383145809173584
6687,14,-0.7220489382743835
6688,6,-1.9805908203125
6689,7,-1.907099962234497
6690,14,-0.6693350672721863
6691,14,-0.6833337545394897
6692,13,-0.9317190051078796
6693,14,-0.6788640022277832
6694,23,0.8247897624969482
6695,7,-1.8871357440948486
6696,4,-2.2731149196624756
6697,12,-1.0256879329681396
6698,14,-0.7329272627830505
6699,6,-2.0091991424560547
6700,6,-1.9334248304367065
6701,6,-1.9634647369384766
6702,30,1.786480188369751
6703,6,-1.9823603630065918
6704,14,-0.7186794281005859
6705,17,-0.24748384952545166
6706,13,-0.8351236581802368
6707,6,-1.962766170501709
6708,24,0.9980268478393555
6709,14,-0.7075842618942261
6710,6,-1.9782350063323975
6711,24,1.0777199268341064
6712,6,-1.9299174547195435
6713,1,-2.8399152755737305
6714,24,1.0069522857666016
6715,8,-1.730272650718689
6716,6,-1.9333741664886475
6717,2,-2.634385108947754
6718,6,-1.9379044771194458
6719,22,0.6699767112731934
6720,23,0.8895511627197266
6721,6,-2.0108442306518555
6722,30,1.785964012145996
6723,14,-0.6660455465316772
6724,6,-2.003267288208008
6725,15,-0.5934300422668457
6726,29,1.7363333702087402
6727,3,-2.5571913719177246
6728,6,-2.003121852874756
6729,22,0.6842465400695801
6730,6,-1.9638652801513672
6731,6,-1.9708597660064697
6732,24,1.0686213970184326
6733,6,-1.9611350297927856
6734,6,-1.9884982109069824
6735,14,-0.8042471408843994
6736,7,-1.9051536321640015
6737,14,-0.8063413500785828
6738,14,-0.6994725465774536
6739,24,1.0098292827606201
6740,20,0.31195759773254395
6741,6,-2.0142056941986084
6742,6,-1.9675177335739136
6743,15,-0.5418302416801453
6744,20,0.32266104221343994
6745,15,-0.60248863697052
6746,6,-1.990788459777832
6747,6,-1.9306070804595947
6748,24,1.089475393295288
6749,21,0.500002384185791
6750,14,-0.7725120186805725
6751,6,-1.926901936531067
6752,25,1.180706262588501
6753,14,-0.7499051094055176
6754,22,0.7044129371643066
6755,14,-0.7292992472648621
6756,7,-1.9120408296585083
6757,6,-2.0261082649230957
6758,30,1.797844409942627
6759,6,-1.9984887838363647
6760,13,-0.8638726472854614
6761,13,-0.9590439200401306
6762,7,-1.8895454406738281
6763,15,-0.5532855987548828
6764,27,1.4277279376983643
6765,6,-1.9459807872772217
6766,6,-1.9941695928573608
6767,6,-1.9530301094055176
6768,7,-1.8929102420806885
6769,22,0.697113037109375
6770,12,-1.1008633375167847
6771,6,-1.9554634094238281
6772,7,-1.9157023429870605
6773,21,0.4640324115753174
6774,6,-2.0002291202545166
6775,7,-1.8174619674682617
6776,7,-1.8981349468231201
6777,6,-1.9867064952850342
6778,23,0.9433867931365967
6779,22,0.6461446285247803
6780,3,-2.5653436183929443
6781,27,1.513176441192627
6782,6,-1.9525346755981445
6783,6,-1.9795979261398315
6784,6,-1.947723627090454
6785,15,-0.61895751953125
6786,25,1.1927568912506104
6787,14,-0.6428862810134888
6788,15,-0.5497921705245972
6789,22,0.7549314498901367
6790,7,-1.8708864450454712
6791,14,-0.6929663419723511
6792,24,1.0009138584136963
6793,23,0.8705487251281738
6794,14,-0.7544541954994202
6795,24,1.1334137916564941
6796,6,-2.030301570892334
6797,12,-1.027462363243103
6798,6,-1.97348153591156
6799,6,-1.966691493988037
6800,14,-0.6786356568336487
6801,15,-0.5405231714248657
6802,6,-1.9698894023895264
6803,15,-0.538481593132019
6804,14,-0.7486289739608765
6805,6,-2.0026276111602783
6806,7,-1.8909531831741333
6807,30,1.7912521362304688
6808,20,0.27584731578826904
6809,14,-0.6683472394943237
6810,22,0.7177765369415283
6811,6,-1.9930431842803955
6812,6,-2.0015501976013184
6813,6,-1.9607418775558472
6814,20,0.41119158267974854
6815,24,1.1214025020599365
6816,15,-0.5298910140991211
6817,7,-1.9179513454437256
6818,29,1.7125849723815918
6819,15,-0.6182265877723694
6820,6,-1.9775139093399048
6821,15,-0.6283718347549438
6822,6,-2.0145726203918457
6823,14,-0.7019698619842529
6824,6,-2.013962984085083
6825,15,-0.585642397403717
6826,15,-0.6199772357940674
6827,15,-0.5291510820388794
6828,22,0.6927762031555176
6829,24,1.1396121978759766
6830,19,0.09729540348052979
6831,6,-1.9629805088043213
6832,6,-2.029407024383545
6833,6,-1.977468490600586
6834,6,-1.963126301765442
6835,22,0.7550384998321533
6836,22,0.6693315505981445
6837,13,-0.9480018019676208
6838,6,-2.0357563495635986
6839,23,0.8960349559783936
6840,6,-1.9751518964767456
6841,7,-1.9176044464111328
6842,15,-0.5831158757209778
6843,23,0.9645755290985107
6844,15,-0.5302236080169678
6845,7,-1.914189338684082
6846,7,-1.8047728538513184
6847,6,-1.9708878993988037
6848,14,-0.6472644209861755
6849,4,-2.324209451675415
6850,18,-0.013592123985290527
6851,19,0.14328694343566895
6852,8,-1.7609670162200928
6853,14,-0.6661391258239746
6854,6,-1.9270434379577637
6855,11,-1.1544036865234375
6856,6,-1.9792953729629517
6857,6,-2.007312536239624
6858,14,-0.8006902933120728
6859,6,-1.9688293933868408
6860,6,-1.9588534832000732
6861,6,-1.9507838487625122
6862,13,-0.886047899723053
6863,30,1.7986114025115967
6864,15,-0.5948556065559387
6865,7,-1.9210489988327026
6866,12,-1.0607969760894775
6867,5,-2.197813034057617
6868,15,-0.6112801432609558
6869,6,-1.9363360404968262
6870,6,-2.0325429439544678
6871,15,-0.5726178884506226
6872,13,-0.9205878973007202
6873,6,-1.9369868040084839
6874,15,-0.5990133881568909
6875,15,-0.5783439874649048
6876,6,-1.987122893333435
6877,23,0.9321274757385254
6878,29,1.6879711151123047
6879,9,-1.48381769657135
6880,14,-0.6839715242385864
6881,7,-1.8589861392974854
6882,7,-1.8890695571899414
6883,21,0.4890303611755371
6884,24,1.0334441661834717
6885,6,-1.9930659532546997
6886,30,1.796445608139038
6887,13,-0.9029929041862488
6888,22,0.7367982864379883
6889,23,0.8789255619049072
6890,15,-0.49335503578186035
6891,6,-1.9415051937103271
6892,13,-0.9124622344970703
6893,14,-0.6736836433410645
6894,12,-0.9870075583457947
6895,24,1.0240707397460938
6896,6,-2.0047619342803955
6897,20,0.3355780839920044
6898,7,-1.8327085971832275
6899,14,-0.6493963003158569
6900,14,-0.7633577585220337
6901,7,-1.8835519552230835
6902,24,1.0928168296813965
6903,14,-0.7120110988616943
6904,14,-0.6406247615814209
6905,30,1.7892885208129883
6906,15,-0.591404139995575
6907,15,-0.47614192962646484
6908,21,0.5578875541687012
6909,20,0.25532615184783936
6910,27,1.495922565460205
6911,7,-1.891322135925293
6912,14,-0.6910992860794067
6913,7,-1.8970062732696533
6914,6,-1.944003701210022
6915,20,0.3643587827682495
6916,6,-1.9501383304595947
6917,1,-2.8261845111846924
6918,21,0.4870729446411133
6919,6,-1.950140118598938
6920,6,-1.954838514328003
6921,15,-0.5653062462806702
6922,7,-1.870669960975647
6923,24,0.9863669872283936
6924,6,-1.92257821559906
6925,7,-1.815958023071289
6926,6,-1.9460527896881104
6927,13,-0.8306812047958374
6928,24,1.0613946914672852
6929,14,-0.6777755618095398
6930,21,0.5412912368774414
6931,14,-0.7535526156425476
6932,7,-1.9134135246276855
6933,6,-1.9480708837509155
6934,6,-2.0078277587890625
6935,13,-0.9336971044540405
6936,30,1.7919766902923584
6937,23,0.9128975868225098
6938,6,-2.004173994064331
6939,15,-0.5109950304031372
6940,7,-1.857985496520996
6941,24,0.9895980358123779
6942,26,1.3221876621246338
6943,6,-1.945552110671997
6944,6,-1.9538261890411377
6945,7,-1.860761284828186
6946,6,-1.961409330368042
6947,6,-1.9725778102874756
6948,13,-0.9358566999435425
6949,24,1.1359305381774902
6950,6,-1.9333070516586304
6951,14,-0.7904022336006165
6952,23,0.9159021377563477
6953,7,-1.9133479595184326
6954,7,-1.8143467903137207
6955,7,-1.894952654838562
6956,2,-2.7018520832061768
6957,7,-1.7719769477844238
6958,7,-1.8628093004226685
6959,22,0.7691571712493896
6960,18,0.0258331298828125
6961,7,-1.880683422088623
6962,14,-0.7221032381057739
6963,6,-1.9972515106201172
6964,15,-0.5521240830421448
6965,6,-1.9603012800216675
6966,6,-1.9549188613891602
6967,6,-1.9914640188217163
6968,6,-1.9360663890838623
6969,27,1.473371982574463
6970,25,1.2511727809906006
6971,14,-0.7674709558486938
6972,7,-1.8999234437942505
6973,15,-0.5415921807289124
6974,15,-0.5072704553604126
6975,14,-0.7337266206741333
6976,6,-1.9873865842819214
6977,22,0.7719652652740479
6978,13,-0.9112136363983154
6979,14,-0.7698874473571777
6980,22,0.6524150371551514
6981,8,-1.7377346754074097
6982,7,-1.894317865371704
6983,23,0.9033927917480469
6984,23,0.8554129600524902
6985,24,1.0601427555084229
6986,15,-0.6132749915122986
6987,6,-1.9482735395431519
6988,6,-1.9272571802139282
6989,6,-1.979238510131836
6990,7,-1.8508144617080688
6991,15,-0.6146815419197083
6992,23,0.8604030609130859
6993,7,-1.8882496356964111
6994,6,-1.9725711345672607
6995,15,-0.5629716515541077
6996,7,-1.8976787328720093
6997,2,-2.595913887023926
6998,15,-0.599439263343811
6999,14,-0.7543410658836365
7000,15,-0.5236320495605469
7001,6,-1.9455000162124634
7002,15,-0.5858682990074158
7003,6,-1.9511935710906982
7004,6,-1.949416160583496
7005,30,1.791933536529541
7006,14,-0.7193976640701294
7007,6,-1.923825979232788
7008,7,-1.903802752494812
7009,7,-1.904641032218933
7010,26,1.3526628017425537
7011,20,0.33054399490356445
7012,6,-1.9415332078933716
7013,21,0.49799084663391113
7014,14,-0.7343106865882874
7015,15,-0.4969968795776367
7016,7,-1.9173393249511719
7017,2,-2.719463586807251
7018,14,-0.6417931914329529
7019,6,-1.9677042961120605
7020,14,-0.7381264567375183
7021,6,-1.971672534942627
7022,7,-1.8766131401062012
7023,13,-0.8875564932823181
7024,7,-1.9078365564346313
7025,12,-1.1135005950927734
7026,6,-1.9341678619384766
7027,24,0.9850850105285645
7028,14,-0.645967423915863
7029,14,-0.6783153414726257
7030,14,-0.7423537969589233
7031,30,1.7935118675231934
7032,15,-0.6061580181121826
7033,15,-0.49743974208831787
7034,6,-2.0086402893066406
7035,23,0.8853778839111328
7036,30,1.737647294998169
7037,7,-1.9027390480041504
7038,15,-0.5245575904846191
7039,13,-0.9333372712135315
7040,14,-0.7209111452102661
7041,22,0.679419755935669
7042,30,1.7951760292053223
7043,16,-0.45972442626953125
7044,15,-0.5221297740936279
7045,7,-1.883223295211792
7046,15,-0.5454450249671936
7047,15,-0.5633912086486816
7048,30,1.772826910018921
7049,6,-1.93704354763031
7050,16,-0.45796263217926025
7051,6,-1.9561219215393066
7052,6,-1.9543521404266357
7053,7,-1.8853516578674316
7054,15,-0.5762144327163696
7055,6,-1.9664466381072998
7056,6,-1.9630223512649536
7057,7,-1.7879352569580078
7058,7,-1.8710049390792847
7059,14,-0.7273293733596802
7060,9,-1.4505491256713867
7061,22,0.7844455242156982
7062,16,-0.4454483985900879
7063,25,1.1730313301086426
7064,15,-0.5323528051376343
7065,11,-1.2874250411987305
7066,7,-1.9177398681640625
7067,21,0.5860588550567627
7068,23,0.9001102447509766
7069,17,-0.241388201713562
7070,16,-0.4581611156463623
7071,30,1.7961809635162354
7072,19,0.06517219543457031
7073,23,0.9587135314941406
7074,24,1.0300452709197998
7075,16,-0.45512282848358154
7076,14,-0.8049859404563904
7077,15,-0.48980796337127686
7078,7,-1.7772458791732788
7079,15,-0.4782836437225342
7080,23,0.8871080875396729
7081,14,-0.808006227016449
7082,1,-2.8551292419433594
7083,6,-1.9249029159545898
7084,23,0.8455548286437988
7085,30,1.794029951095581
7086,15,-0.6166249513626099
7087,15,-0.6060530543327332
7088,7,-1.8924466371536255
7089,7,-1.9215906858444214
7090,15,-0.4798325300216675
7091,6,-1.94658625125885
7092,7,-1.8659290075302124
7093,6,-1.9387216567993164
7094,2,-2.6878342628479004
7095,2,-2.725576639175415
7096,7,-1.8044025897979736
7097,21,0.5754423141479492
7098,6,-1.9516918659210205
7099,16,-0.43907272815704346
7100,7,-1.8613431453704834
7101,24,0.9936721324920654
7102,20,0.34809350967407227
7103,25,1.1664302349090576
7104,29,1.6689090728759766
7105,16,-0.3912109136581421
7106,24,1.060392141342163
7107,12,-1.0028314590454102
7108,7,-1.8116439580917358
7109,6,-1.9387378692626953
7110,25,1.1752910614013672
7111,7,-1.9157265424728394
7112,6,-1.9359917640686035
7113,14,-0.6635918021202087
7114,7,-1.8514723777770996
7115,15,-0.4869718551635742
7116,22,0.7541778087615967
7117,24,1.0322539806365967
7118,16,-0.37512528896331787
7119,6,-1.9928027391433716
7120,15,-0.6200985312461853
7121,6,-1.948067307472229
7122,16,-0.4714723825454712
7123,7,-1.9018362760543823
7124,8,-1.652929663658142
7125,30,1.7487032413482666
7126,16,-0.45472192764282227
7127,6,-1.9651069641113281
7128,15,-0.6123557090759277
7129,7,-1.9059581756591797
7130,7,-1.9073662757873535
7131,7,-1.9148859977722168
7132,14,-0.7390411496162415
7133,7,-1.9083271026611328
7134,6,-1.931549310684204
7135,14,-0.7298514246940613
7136,6,-1.9367706775665283
7137,6,-1.9386546611785889
7138,11,-1.2388073205947876
7139,7,-1.8318591117858887
7140,6,-1.9504352807998657
7141,7,-1.7693407535552979
7142,19,0.2303699254989624
7143,7,-1.9022825956344604
7144,6,-1.9590028524398804
7145,3,-2.5131587982177734
7146,14,-0.7282482385635376
7147,7,-1.9197492599487305
7148,30,1.7827959060668945
7149,8,-1.6325616836547852
7150,14,-0.7609235048294067
7151,7,-1.8899719715118408
7152,19,0.15299785137176514
7153,16,-0.44951438903808594
7154,30,1.7921147346496582
7155,6,-1.9439263343811035
7156,22,0.7297463417053223
7157,7,-1.869736909866333
7158,15,-0.4919201135635376
7159,6,-1.9357984066009521
7160,17,-0.25654101371765137
7161,28,1.580765724182129
7162,14,-0.771750271320343
7163,11,-1.166996717453003
7164,14,-0.6411909461021423
7165,15,-0.6053186655044556
7166,24,1.0889830589294434
7167,19,0.2199646234512329
7168,15,-0.4985600709915161
7169,14,-0.6403518319129944
7170,24,1.1016807556152344
7171,25,1.270650863647461
7172,21,0.49285435676574707
7173,7,-1.8600714206695557
7174,7,-1.8460545539855957
7175,15,-0.545421302318573
7176,15,-0.5853814482688904
7177,7,-1.88698410987854
7178,15,-0.5063284635543823
7179,22,0.7422325611114502
7180,6,-1.9509174823760986
7181,15,-0.5174651145935059
7182,24,1.096313714981079
7183,15,-0.6070876717567444
7184,7,-1.8108830451965332
7185,2,-2.7267117500305176
7186,6,-1.993194341659546
7187,2,-2.709308624267578
7188,21,0.4776644706726074
7189,15,-0.5038248300552368
7190,15,-0.6348264813423157
7191,15,-0.4886070489883423
7192,24,1.0051343441009521
7193,6,-1.9360324144363403
7194,21,0.5473849773406982
7195,15,-0.5096029043197632
7196,13,-0.8292087316513062
7197,14,-0.7170763611793518
7198,24,1.1268434524536133
7199,7,-1.8666067123413086
7200,30,1.7850878238677979
7201,19,0.06544196605682373
7202,23,0.9662046432495117
7203,8,-1.70864737033844
7204,7,-1.8885674476623535
7205,23,0.8144760131835938
7206,14,-0.7816833853721619
7207,15,-0.5787767767906189
7208,7,-1.8973082304000854
7209,15,-0.607952892780304
7210,7,-1.8986196517944336
7211,7,-1.7976253032684326
7212,30,1.7959389686584473
7213,7,-1.7960474491119385
7214,16,-0.4534491300582886
7215,16,-0.47209668159484863
7216,7,-1.8250759840011597
7217,16,-0.45340633392333984
7218,7,-1.9105802774429321
7219,14,-0.7091518640518188
7220,15,-0.4853721857070923
7221,16,-0.4620985984802246
7222,6,-1.9233801364898682
7223,25,1.2132089138031006
7224,12,-1.0540876388549805
7225,15,-0.5378063917160034
7226,24,1.0722606182098389
7227,24,1.0735328197479248
7228,15,-0.5523518919944763
7229,15,-0.478161096572876
7230,29,1.6713416576385498
7231,6,-1.9462895393371582
7232,16,-0.4084663391113281
7233,23,0.8362417221069336
7234,23,0.904740571975708
7235,15,-0.6233866214752197
7236,7,-1.8776293992996216
7237,15,-0.5711705684661865
7238,16,-0.4319533109664917
7239,7,-1.9048247337341309
7240,7,-1.9036208391189575
7241,23,0.9793891906738281
7242,25,1.2273879051208496
7243,6,-1.9338548183441162
7244,16,-0.38428473472595215
7245,23,0.8164124488830566
7246,15,-0.6323893666267395
7247,7,-1.8388676643371582
7248,7,-1.8936183452606201
7249,6,-1.9447885751724243
7250,19,0.0738445520401001
7251,30,1.786682367324829
7252,22,0.6523022651672363
7253,30,1.7953665256500244
7254,15,-0.5084314346313477
7255,6,-1.9577226638793945
7256,6,-1.9268300533294678
7257,7,-1.8037636280059814
7258,15,-0.612561047077179
7259,10,-1.3871153593063354
7260,16,-0.4378587007522583
7261,16,-0.4733400344848633
7262,20,0.34998977184295654
7263,15,-0.5192482471466064
7264,7,-1.879410982131958
7265,7,-1.8814870119094849
7266,7,-1.8847421407699585
7267,6,-1.9759998321533203
7268,7,-1.8222436904907227
7269,7,-1.8903498649597168
7270,22,0.7020516395568848
7271,7,-1.8975214958190918
7272,8,-1.7451927661895752
7273,15,-0.5894279479980469
7274,6,-1.9451298713684082
7275,26,1.3131775856018066
7276,7,-1.8225243091583252
7277,16,-0.3792572021484375
7278,7,-1.881587266921997
7279,18,-0.0012369155883789062
7280,24,1.096876621246338
7281,23,0.8624873161315918
7282,19,0.21081137657165527
7283,16,-0.45145976543426514
7284,7,-1.8983731269836426
7285,23,0.9463272094726562
7286,13,-0.8270372748374939
7287,7,-1.8683600425720215
7288,7,-1.916589379310608
7289,23,0.9506971836090088
7290,15,-0.5267410278320312
7291,25,1.1746206283569336
7292,6,-1.9624797105789185
7293,3,-2.566622257232666
7294,15,-0.524437427520752
7295,29,1.671726942062378
7296,30,1.7850847244262695
7297,7,-1.779138207435608
7298,15,-0.6249570846557617
7299,7,-1.8956255912780762
7300,16,-0.46394169330596924
7301,16,-0.3877434730529785
7302,14,-0.6621755957603455
7303,22,0.7895333766937256
7304,16,-0.4743664264678955
7305,7,-1.8459912538528442
7306,22,0.6994943618774414
7307,7,-1.9201908111572266
7308,6,-1.9454681873321533
7309,16,-0.4612560272216797
7310,16,-0.424747109413147
7311,24,1.0075197219848633
7312,14,-0.7264693975448608
7313,7,-1.9188677072525024
7314,7,-1.835876703262329
7315,24,1.0753870010375977
7316,14,-0.7315400242805481
7317,6,-1.94789457321167
7318,23,0.8773255348205566
7319,14,-0.6493473052978516
7320,16,-0.464855432510376
7321,30,1.788917064666748
7322,7,-1.8263071775436401
7323,7,-1.8978410959243774
7324,6,-1.9476032257080078
7325,7,-1.8374184370040894
7326,7,-1.8942254781723022
7327,6,-1.9589636325836182
7328,7,-1.9010515213012695
7329,8,-1.6919537782669067
7330,15,-0.5937394499778748
7331,16,-0.4160439968109131
7332,7,-1.849102258682251
7333,15,-0.5040856599807739
7334,7,-1.841194987297058
7335,24,1.0814995765686035
7336,15,-0.5251601934432983
7337,23,0.8410012722015381
7338,16,-0.4217177629470825
7339,3,-2.5671744346618652
7340,7,-1.901895523071289
7341,14,-0.6524067521095276
7342,7,-1.8656983375549316
7343,17,-0.12643325328826904
7344,24,1.1280360221862793
7345,22,0.7730998992919922
7346,7,-1.816214919090271
7347,7,-1.9035522937774658
7348,6,-1.9308385848999023
7349,7,-1.8136849403381348
7350,7,-1.8673286437988281
7351,24,1.0918471813201904
7352,25,1.1953444480895996
7353,2,-2.596769332885742
7354,25,1.1956796646118164
7355,16,-0.46524953842163086
7356,16,-0.43430566787719727
7357,24,1.117690086364746
7358,7,-1.8488171100616455
7359,6,-1.9260287284851074
7360,21,0.5400936603546143
7361,7,-1.8261311054229736
7362,25,1.152491807937622
7363,7,-1.9098392724990845
7364,17,-0.2699620723724365
7365,7,-1.9210432767868042
7366,15,-0.5413311123847961
7367,15,-0.6114683747291565
7368,7,-1.889618158340454
7369,8,-1.7609026432037354
7370,7,-1.9177086353302002
7371,15,-0.5317564010620117
7372,15,-0.5493470430374146
7373,15,-0.5624303817749023
7374,7,-1.9182168245315552
7375,14,-0.7930889129638672
7376,15,-0.5746133327484131
7377,24,1.1369574069976807
7378,16,-0.44499409198760986
7379,7,-1.9068400859832764
7380,15,-0.5205519199371338
7381,7,-1.9045400619506836
7382,6,-1.9279190301895142
7383,7,-1.8068591356277466
7384,7,-1.8870041370391846
7385,24,1.0225882530212402
7386,30,1.7776024341583252
7387,23,0.9322574138641357
7388,13,-0.8455407023429871
7389,6,-1.9654865264892578
7390,20,0.2647745609283447
7391,16,-0.4294564723968506
7392,7,-1.854008436203003
7393,30,1.7909274101257324
7394,22,0.7222309112548828
7395,24,1.137157678604126
7396,23,0.9258232116699219
7397,24,1.1268525123596191
7398,7,-1.907762050628662
7399,7,-1.9089840650558472
7400,24,1.0382933616638184
7401,23,0.9173617362976074
7402,7,-1.8501543998718262
7403,7,-1.8717557191848755
7404,6,-1.9714757204055786
7405,15,-0.5979074239730835
7406,16,-0.46190059185028076
7407,7,-1.8674196004867554
7408,23,0.8804292678833008
7409,25,1.1686749458312988
7410,24,1.0007166862487793
7411,7,-1.920339822769165
7412,7,-1.8596601486206055
7413,16,-0.4203392267227173
7414,16,-0.4557911157608032
7415,25,1.2152793407440186
7416,7,-1.8956844806671143
7417,24,1.00124192237854
7418,23,0.8240666389465332
7419,7,-1.914092779159546
7420,15,-0.48321104049682617
7421,7,-1.849703311920166
7422,7,-1.90623140335083
7423,29,1.6463181972503662
7424,7,-1.892530918121338
7425,15,-0.5540075898170471
7426,6,-1.9270906448364258
7427,7,-1.882217288017273
7428,1,-2.850062370300293
7429,16,-0.4665341377258301
7430,16,-0.3944530487060547
7431,30,1.7848119735717773
7432,16,-0.35247957706451416
7433,25,1.2371222972869873
7434,25,1.1568117141723633
7435,7,-1.8804941177368164
7436,21,0.5887343883514404
7437,16,-0.42407798767089844
7438,6,-1.928452968597412
7439,7,-1.7715593576431274
7440,6,-1.922068476676941
7441,15,-0.48039543628692627
7442,6,-1.945742130279541
7443,7,-1.8040430545806885
7444,22,0.7225146293640137
7445,7,-1.898094892501831
7446,15,-0.5348238945007324
7447,15,-0.5357328653335571
7448,7,-1.8363964557647705
7449,7,-1.868661880493164
7450,14,-0.6514483690261841
7451,16,-0.367151141166687
7452,7,-1.8953253030776978
7453,23,0.9635403156280518
7454,15,-0.6270111799240112
7455,24,1.0150792598724365
7456,7,-1.8384895324707031
7457,7,-1.8493666648864746
7458,22,0.8022334575653076
7459,25,1.1637938022613525
7460,6,-1.9696909189224243
7461,7,-1.811957836151123
7462,15,-0.5221127271652222
7463,14,-0.6684691905975342
7464,15,-0.5096918344497681
7465,7,-1.8424732685089111
7466,16,-0.3976646661758423
7467,16,-0.37242579460144043
7468,23,0.9008946418762207
7469,7,-1.8250787258148193
7470,7,-1.8712254762649536
7471,15,-0.5076144933700562
7472,7,-1.8417072296142578
7473,13,-0.8674876093864441
7474,22,0.7385497093200684
7475,23,0.9201490879058838
7476,16,-0.3282512426376343
7477,8,-1.728317141532898
7478,15,-0.5471091866493225
7479,7,-1.8204983472824097
7480,15,-0.5793158411979675
7481,7,-1.7886630296707153
7482,7,-1.8710224628448486
7483,23,0.9596142768859863
7484,7,-1.8510674238204956
7485,16,-0.40734732151031494
7486,16,-0.46899378299713135
7487,7,-1.8483902215957642
7488,16,-0.422576904296875
7489,7,-1.8812932968139648
7490,7,-1.83516263961792
7491,7,-1.9022988080978394
7492,16,-0.4447157382965088
7493,16,-0.4206569194793701
7494,7,-1.8949246406555176
7495,13,-0.8606786131858826
7496,14,-0.7885618805885315
7497,7,-1.7680065631866455
7498,7,-1.8790783882141113
7499,2,-2.74367356300354
7500,7,-1.8288631439208984
7501,7,-1.85470449924469
7502,16,-0.4472419023513794
7503,24,1.0692765712738037
7504,15,-0.5450966358184814
7505,16,-0.3511761426925659
7506,15,-0.6328790783882141
7507,7,-1.866143822669983
7508,16,-0.41890788078308105
7509,7,-1.8682353496551514
7510,7,-1.8876991271972656
7511,7,-1.8840227127075195
7512,24,1.1106574535369873
7513,11,-1.2574968338012695
7514,7,-1.9109004735946655
7515,7,-1.8564932346343994
7516,7,-1.8483150005340576
7517,22,0.6864147186279297
7518,7,-1.8988045454025269
7519,7,-1.7883423566818237
7520,7,-1.8660529851913452
7521,17,-0.2559546232223511
7522,15,-0.6165746450424194
7523,7,-1.8568569421768188
7524,16,-0.3626354932785034
7525,21,0.5664994716644287
7526,23,0.848914384841919
7527,14,-0.7043893933296204
7528,1,-2.828840732574463
7529,16,-0.42891407012939453
7530,7,-1.8461589813232422
7531,16,-0.461551308631897
7532,17,-0.27494871616363525
7533,16,-0.38392794132232666
7534,7,-1.8300381898880005
7535,7,-1.77249276638031
7536,16,-0.33569538593292236
7537,16,-0.3034675121307373
7538,15,-0.5662999749183655
7539,7,-1.867504358291626
7540,7,-1.8417713642120361
7541,25,1.2470886707305908
7542,16,-0.40434908866882324
7543,21,0.4349946975708008
7544,24,1.0501835346221924
7545,24,1.0828697681427002
7546,7,-1.775933027267456
7547,15,-0.4852088689804077
7548,21,0.4326176643371582
7549,16,-0.3451119661331177
7550,17,-0.28709423542022705
7551,30,1.793379783630371
7552,1,-2.794943332672119
7553,11,-1.2835693359375
7554,7,-1.8020460605621338
7555,23,0.8387162685394287
7556,15,-0.5552263855934143
7557,7,-1.8795197010040283
7558,15,-0.48693180084228516
7559,7,-1.8612816333770752
7560,7,-1.8390781879425049
7561,7,-1.8636181354522705
7562,7,-1.8030664920806885
7563,16,-0.4014822244644165
7564,7,-1.886162519454956
7565,24,1.1104800701141357
7566,25,1.2122249603271484
7567,15,-0.5632762908935547
7568,24,1.0604345798492432
7569,23,0.9774353504180908
7570,22,0.6295669078826904
7571,16,-0.4224778413772583
7572,7,-1.8477542400360107
7573,16,-0.40800321102142334
7574,25,1.1536190509796143
7575,23,0.9770357608795166
7576,7,-1.8498073816299438
7577,7,-1.848266363143921
7578,4,-2.2531237602233887
7579,27,1.4586622714996338
7580,15,-0.4788320064544678
7581,23,0.9190278053283691
7582,14,-0.7065824270248413
7583,15,-0.6002408862113953
7584,19,0.09434068202972412
7585,4,-2.330935478210449
7586,15,-0.48810625076293945
7587,15,-0.49645137786865234
7588,24,1.1164135932922363
7589,8,-1.7655903100967407
7590,22,0.6856269836425781
7591,7,-1.7834467887878418
7592,7,-1.8784902095794678
7593,19,0.11720883846282959
7594,22,0.6633520126342773
7595,15,-0.525495171546936
7596,7,-1.89011549949646
7597,11,-1.1889342069625854
7598,25,1.1740660667419434
7599,15,-0.5108402967453003
7600,7,-1.850247859954834
7601,7,-1.7959911823272705
7602,7,-1.8211231231689453
7603,16,-0.36043810844421387
7604,24,0.982175350189209
7605,30,1.7969515323638916
7606,7,-1.8221757411956787
7607,7,-1.8910589218139648
7608,16,-0.39112114906311035
7609,7,-1.8290246725082397
7610,7,-1.8423364162445068
7611,7,-1.830122470855713
7612,8,-1.7641026973724365
7613,25,1.1619226932525635
7614,8,-1.7412195205688477
7615,7,-1.8624300956726074
7616,8,-1.7493834495544434
7617,7,-1.8623985052108765
7618,7,-1.8691508769989014
7619,7,-1.8973149061203003
7620,15,-0.5236661434173584
7621,16,-0.44616782665252686
7622,23,0.977663516998291
7623,7,-1.8380239009857178
7624,7,-1.8543769121170044
7625,14,-0.6418134570121765
7626,15,-0.6081476211547852
7627,7,-1.9148520231246948
7628,30,1.7962143421173096
7629,30,1.7994318008422852
7630,24,1.0773532390594482
7631,25,1.1902875900268555
7632,7,-1.8075942993164062
7633,7,-1.8565764427185059
7634,7,-1.9133145809173584
7635,16,-0.43951117992401123
7636,16,-0.34993457794189453
7637,22,0.7073872089385986
7638,19,0.23282074928283691
7639,7,-1.8528201580047607
7640,15,-0.4919506311416626
7641,17,-0.29001522064208984
7642,25,1.2871131896972656
7643,8,-1.6562765836715698
7644,30,1.7830541133880615
7645,16,-0.4196981191635132
7646,7,-1.8622757196426392
7647,7,-1.8545676469802856
7648,7,-1.7797107696533203
7649,23,0.9004881381988525
7650,7,-1.83306884765625
7651,17,-0.2479081153869629
7652,14,-0.6458595991134644
7653,7,-1.8420073986053467
7654,8,-1.704068660736084
7655,16,-0.41215503215789795
7656,19,0.060189127922058105
7657,30,1.7861888408660889
7658,8,-1.7254078388214111
7659,8,-1.7601088285446167
7660,7,-1.8131861686706543
7661,24,1.1399836540222168
7662,7,-1.9034767150878906
7663,15,-0.47742533683776855
7664,25,1.2277531623840332
7665,7,-1.8813693523406982
7666,16,-0.3717501163482666
7667,17,-0.29624032974243164
7668,7,-1.8178361654281616
7669,7,-1.9050469398498535
7670,7,-1.828669548034668
7671,7,-1.7820274829864502
7672,6,-1.9284098148345947
7673,7,-1.8454322814941406
7674,7,-1.7809854745864868
7675,23,0.8792166709899902
7676,16,-0.3434867858886719
7677,17,-0.28354907035827637
7678,4,-2.288358449935913
7679,22,0.6308505535125732
7680,7,-1.8397153615951538
7681,17,-0.20775043964385986
7682,16,-0.3945392370223999
7683,16,-0.4244023561477661
7684,7,-1.862898826599121
7685,20,0.3156200647354126
7686,23,0.9623730182647705
7687,21,0.6235535144805908
7688,8,-1.6992902755737305
7689,7,-1.8923041820526123
7690,15,-0.4978865385055542
7691,15,-0.6358169913291931
7692,24,1.0021593570709229
7693,14,-0.722804844379425
7694,7,-1.8770785331726074
7695,17,-0.2644801139831543
7696,7,-1.845847725868225
7697,7,-1.8882803916931152
7698,8,-1.7127659320831299
7699,7,-1.8583035469055176
7700,7,-1.8046479225158691
7701,7,-1.861372470855713
7702,16,-0.4092198610305786
7703,16,-0.4527682065963745
7704,16,-0.3512495756149292
7705,7,-1.8887649774551392
7706,23,0.9196970462799072
7707,24,0.9798638820648193
7708,7,-1.8099260330200195
7709,16,-0.3386315107345581
7710,7,-1.8250601291656494
7711,7,-1.8535890579223633
7712,17,-0.2844846248626709
7713,6,-1.927091360092163
7714,24,1.041372537612915
7715,17,-0.28038156032562256
7716,25,1.1816484928131104
7717,24,1.0767452716827393
7718,15,-0.53559410572052
7719,30,1.7991931438446045
7720,7,-1.8109691143035889
7721,23,0.8126962184906006
7722,7,-1.7746742963790894
7723,15,-0.5944483280181885
7724,23,0.85658860206604
7725,7,-1.8248335123062134
7726,15,-0.4993995428085327
7727,16,-0.39445996284484863
7728,7,-1.8921985626220703
7729,28,1.5582852363586426
7730,16,-0.37983059883117676
7731,21,0.5871942043304443
7732,7,-1.8633227348327637
7733,7,-1.7953357696533203
7734,25,1.1697006225585938
7735,8,-1.7335604429244995
7736,16,-0.3708127737045288
7737,16,-0.33206987380981445
7738,16,-0.4322969913482666
7739,7,-1.8375415802001953
7740,14,-0.6812776327133179
7741,7,-1.782459020614624
7742,16,-0.39134538173675537
7743,23,0.8391299247741699
7744,30,1.7973849773406982
7745,7,-1.87473726272583
7746,17,-0.30068016052246094
7747,7,-1.789214849472046
7748,16,-0.30413949489593506
7749,8,-1.7596112489700317
7750,7,-1.8781697750091553
7751,16,-0.36474108695983887
7752,7,-1.8482582569122314
7753,8,-1.7591944932937622
7754,15,-0.48821377754211426
7755,25,1.1645236015319824
7756,16,-0.40470361709594727
7757,7,-1.8648006916046143
7758,15,-0.5820679068565369
7759,16,-0.3212383985519409
7760,24,1.0694518089294434
7761,7,-1.8684628009796143
7762,22,0.7859935760498047
7763,7,-1.849459171295166
7764,30,1.7526731491088867
7765,7,-1.834924578666687
7766,7,-1.8207811117172241
7767,8,-1.7493791580200195
7768,23,0.869391679763794
7769,19,0.05812036991119385
7770,15,-0.527574896812439
7771,7,-1.8555200099945068
7772,13,-0.8134289383888245
7773,17,-0.24637210369110107
7774,7,-1.7699097394943237
7775,7,-1.8444995880126953
7776,8,-1.7015507221221924
7777,17,-0.2588620185852051
7778,2,-2.6298956871032715
7779,7,-1.8496631383895874
7780,15,-0.48782503604888916
7781,8,-1.7179304361343384
7782,7,-1.7934858798980713
7783,7,-1.7878133058547974
7784,16,-0.4680682420730591
7785,17,-0.27063071727752686
7786,8,-1.722299575805664
7787,7,-1.805076003074646
7788,7,-1.8134803771972656
7789,16,-0.42725372314453125
7790,17,-0.2478196620941162
7791,7,-1.8211357593536377
7792,16,-0.3612159490585327
7793,15,-0.4870072603225708
7794,23,0.8194279670715332
7795,7,-1.869638204574585
7796,7,-1.8025400638580322
7797,7,-1.8509736061096191
7798,14,-0.6628257036209106
7799,7,-1.8926036357879639
7800,25,1.282804250717163
7801,25,1.1773505210876465
7802,30,1.7694284915924072
7803,16,-0.44248533248901367
7804,22,0.7555978298187256
7805,7,-1.8002450466156006
7806,16,-0.34758687019348145
7807,16,-0.432811975479126
7808,7,-1.8043016195297241
7809,15,-0.5412622094154358
7810,24,0.9908864498138428
7811,7,-1.8237700462341309
7812,26,1.3379833698272705
7813,15,-0.494360089302063
7814,7,-1.8648654222488403
7815,16,-0.42333710193634033
7816,16,-0.34206247329711914
7817,15,-0.6292667984962463
7818,7,-1.8559556007385254
7819,7,-1.8595829010009766
7820,7,-1.7708046436309814
7821,22,0.7745182514190674
7822,17,-0.2756650447845459
7823,13,-0.9095919132232666
7824,17,-0.2641338109970093
7825,15,-0.5293097496032715
7826,16,-0.35835909843444824
7827,16,-0.32359015941619873
7828,7,-1.8259813785552979
7829,24,1.1394033432006836
7830,24,1.0811817646026611
7831,15,-0.4862915277481079
7832,15,-0.5192548036575317
7833,7,-1.8264880180358887
7834,16,-0.41418635845184326
7835,7,-1.7932225465774536
7836,8,-1.7295963764190674
7837,16,-0.43012094497680664
7838,7,-1.8971405029296875
7839,16,-0.33141231536865234
7840,7,-1.7680469751358032
7841,7,-1.793209433555603
7842,16,-0.3531069755554199
7843,29,1.7169623374938965
7844,16,-0.44788289070129395
7845,7,-1.8350939750671387
7846,13,-0.815423846244812
7847,23,0.9779434204101562
7848,17,-0.2984243631362915
7849,8,-1.7634168863296509
7850,17,-0.26951098442077637
7851,7,-1.7914083003997803
7852,23,0.8655581474304199
7853,15,-0.5558425188064575
7854,25,1.220635175704956
7855,7,-1.8115744590759277
7856,15,-0.5181291103363037
7857,24,1.0663762092590332
7858,7,-1.776407241821289
7859,7,-1.7935534715652466
7860,22,0.7093205451965332
7861,15,-0.5784071683883667
7862,21,0.6255402565002441
7863,7,-1.8774968385696411
7864,25,1.2779622077941895
7865,8,-1.7629362344741821
7866,18,-0.087302565574646
7867,17,-0.2510998249053955
7868,23,0.8206939697265625
7869,25,1.2178685665130615
7870,7,-1.7846211194992065
7871,25,1.272688627243042
7872,20,0.3276134729385376
7873,7,-1.786479115486145
7874,16,-0.3218194246292114
7875,24,1.0391552448272705
7876,16,-0.47129523754119873
7877,22,0.7930774688720703
7878,26,1.381103754043579
7879,17,-0.27275049686431885
7880,17,-0.12452888488769531
7881,24,1.0703418254852295
7882,8,-1.7081161737442017
7883,24,1.0040199756622314
7884,7,-1.844087839126587
7885,16,-0.42966771125793457
7886,23,0.8671970367431641
7887,7,-1.772133231163025
7888,16,-0.3908323049545288
7889,16,-0.42026829719543457
7890,24,1.011268138885498
7891,15,-0.4906407594680786
7892,24,1.065504550933838
7893,7,-1.7764955759048462
7894,7,-1.8053488731384277
7895,17,-0.280997633934021
7896,8,-1.753137469291687
7897,16,-0.42758893966674805
7898,17,-0.2649637460708618
7899,7,-1.828188419342041
7900,16,-0.3018021583557129
7901,7,-1.785457730293274
7902,7,-1.8297979831695557
7903,7,-1.8670059442520142
7904,24,1.0349557399749756
7905,7,-1.8551304340362549
7906,17,-0.2568892240524292
7907,1,-2.8072304725646973
7908,16,-0.46720433235168457
7909,7,-1.7886576652526855
7910,7,-1.8254683017730713
7911,7,-1.7994835376739502
7912,17,-0.19552135467529297
7913,16,-0.47163164615631104
7914,25,1.2345354557037354
7915,7,-1.8361767530441284
7916,22,0.7458047866821289
7917,16,-0.40504705905914307
7918,23,0.8596234321594238
7919,14,-0.7719464898109436
7920,26,1.2960519790649414
7921,25,1.2259535789489746
7922,16,-0.3573470115661621
7923,7,-1.8045870065689087
7924,16,-0.34615421295166016
7925,16,-0.3858523368835449
7926,17,-0.226179838180542
7927,16,-0.34323692321777344
7928,24,1.129894495010376
7929,24,1.0336215496063232
7930,17,-0.2190101146697998
7931,16,-0.34085381031036377
7932,8,-1.7058511972427368
7933,16,-0.4282597303390503
7934,7,-1.866561770439148
7935,19,0.1713106632232666
7936,24,1.110496997833252
7937,7,-1.851183295249939
7938,7,-1.7795411348342896
7939,8,-1.7154701948165894
7940,25,1.177037000656128
7941,7,-1.7783926725387573
7942,22,0.7459287643432617
7943,17,-0.24684762954711914
7944,15,-0.5108983516693115
7945,7,-1.8409740924835205
7946,16,-0.30533289909362793
7947,8,-1.7286343574523926
7948,16,-0.47133123874664307
7949,7,-1.7890841960906982
7950,17,-0.28980565071105957
7951,23,0.82206130027771
7952,16,-0.37866759300231934
7953,8,-1.7371896505355835
7954,24,0.9991335868835449
7955,16,-0.44470977783203125
7956,24,1.1341612339019775
7957,16,-0.4577775001525879
7958,25,1.260619878768921
7959,8,-1.7330397367477417
7960,18,0.04392874240875244
7961,16,-0.37768280506134033
7962,23,0.8889238834381104
7963,17,-0.25523924827575684
7964,26,1.3828797340393066
7965,8,-1.6663241386413574
7966,15,-0.5603139400482178
7967,8,-1.7358641624450684
7968,16,-0.40416085720062256
7969,7,-1.820710301399231
7970,7,-1.786998987197876
7971,25,1.2759389877319336
7972,8,-1.7486271858215332
7973,24,1.139435052871704
7974,25,1.2151148319244385
7975,16,-0.31781911849975586
7976,7,-1.7973315715789795
7977,17,-0.2677673101425171
7978,17,-0.2198270559310913
7979,16,-0.3964211940765381
7980,8,-1.7194032669067383
7981,28,1.5773861408233643
7982,8,-1.7161650657653809
7983,8,-1.7380423545837402
7984,8,-1.717146635055542
7985,7,-1.8171862363815308
7986,16,-0.3924373388290405
7987,7,-1.8378406763076782
7988,17,-0.14016520977020264
7989,7,-1.780823826789856
7990,25,1.151073694229126
7991,7,-1.803880214691162
7992,7,-1.8811357021331787
7993,25,1.2446184158325195
7994,25,1.1720287799835205
7995,7,-1.8002197742462158
7996,15,-0.5139398574829102
7997,16,-0.4631088972091675
7998,7,-1.7821005582809448
7999,14,-0.7225878834724426
8000,8,-1.7618733644485474
8001,7,-1.778751254081726
8002,7,-1.7895913124084473
8003,7,-1.8257497549057007
8004,8,-1.6993896961212158
8005,15,-0.4766566753387451
8006,17,-0.1303730010986328
8007,17,-0.2830568552017212
8008,16,-0.39358437061309814
8009,9,-1.5133171081542969
8010,20,0.3444877862930298
8011,16,-0.4251668453216553
8012,8,-1.7440543174743652
8013,16,-0.3848227262496948
8014,7,-1.8452163934707642
8015,17,-0.24176883697509766
8016,16,-0.39850592613220215
8017,15,-0.5486666560173035
8018,7,-1.795534372329712
8019,7,-1.7735416889190674
8020,17,-0.19214892387390137
8021,7,-1.791539192199707
8022,16,-0.35830867290496826
8023,7,-1.78465735912323
8024,24,1.0053329467773438
8025,16,-0.3070659637451172
8026,7,-1.8605010509490967
8027,15,-0.5418181419372559
8028,17,-0.25599658489227295
8029,7,-1.7796375751495361
8030,24,1.0052564144134521
8031,30,1.796665906906128
8032,30,1.75081467628479
8033,8,-1.7619359493255615
8034,17,-0.26385200023651123
8035,7,-1.7787156105041504
8036,17,-0.29395127296447754
8037,16,-0.3782937526702881
8038,24,1.1376338005065918
8039,7,-1.813740611076355
8040,8,-1.6850857734680176
8041,17,-0.2827267646789551
8042,15,-0.4754166603088379
8043,8,-1.7217825651168823
8044,25,1.232755184173584
8045,17,-0.24587762355804443
8046,7,-1.7938545942306519
8047,25,1.2364106178283691
8048,16,-0.428653359413147
8049,15,-0.5495067834854126
8050,16,-0.3325873613357544
8051,18,-0.10647702217102051
8052,8,-1.722669005393982
8053,7,-1.8324172496795654
8054,7,-1.769900918006897
8055,7,-1.76954185962677
8056,15,-0.6134297251701355
8057,15,-0.6294864416122437
8058,17,-0.2080855369567871
8059,7,-1.8051868677139282
8060,16,-0.34038078784942627
8061,7,-1.8274638652801514
8062,8,-1.7306314706802368
8063,7,-1.8121068477630615
8064,3,-2.487844467163086
8065,17,-0.14342129230499268
8066,17,-0.19251012802124023
8067,15,-0.5568745136260986
8068,15,-0.5127588510513306
8069,17,-0.2712823152542114
8070,24,1.139265775680542
8071,7,-1.817056655883789
8072,17,-0.14786124229431152
8073,15,-0.5340147018432617
8074,6,-2.0179874897003174
8075,8,-1.7466689348220825
8076,17,-0.2733304500579834
8077,7,-1.8236851692199707
8078,7,-1.814511775970459
8079,24,1.0220396518707275
8080,8,-1.7324711084365845
8081,19,0.16708576679229736
8082,16,-0.3039611577987671
8083,24,1.027442216873169
8084,22,0.7967839241027832
8085,16,-0.40413713455200195
8086,25,1.1779310703277588
8087,8,-1.74460768699646
8088,8,-1.7343785762786865
8089,7,-1.876594066619873
8090,14,-0.7377005219459534
8091,16,-0.33551299571990967
8092,8,-1.7533215284347534
8093,17,-0.22019243240356445
8094,16,-0.33613014221191406
8095,18,-0.10101175308227539
8096,17,-0.2166767120361328
8097,17,-0.2708326578140259
8098,16,-0.39451348781585693
8099,16,-0.3504643440246582
8100,8,-1.7586970329284668
8101,14,-0.6837154626846313
8102,7,-1.7925552129745483
8103,17,-0.20176458358764648
8104,30,1.7987327575683594
8105,24,1.0412464141845703
8106,30,1.7973957061767578
8107,7,-1.8108240365982056
8108,16,-0.4414311647415161
8109,17,-0.29771578311920166
8110,18,-0.1224219799041748
8111,8,-1.6844758987426758
8112,25,1.1907601356506348
8113,16,-0.306099534034729
8114,7,-1.7749038934707642
8115,23,0.9416394233703613
8116,8,-1.7658956050872803
8117,14,-0.7239484786987305
8118,16,-0.44451701641082764
8119,30,1.7969481945037842
8120,8,-1.7097303867340088
8121,30,1.7979834079742432
8122,7,-1.8443543910980225
8123,7,-1.8190054893493652
8124,8,-1.7565624713897705
8125,24,1.1224286556243896
8126,15,-0.5286357402801514
8127,16,-0.4617851972579956
8128,7,-1.7679834365844727
8129,25,1.1793622970581055
8130,24,1.0433344841003418
8131,8,-1.7321538925170898
8132,7,-1.7967431545257568
8133,8,-1.6227058172225952
8134,7,-1.812199592590332
8135,7,-1.8320993185043335
8136,11,-1.1587563753128052
8137,30,1.7980990409851074
8138,23,0.9390866756439209
8139,11,-1.2093689441680908
8140,8,-1.7673128843307495
8141,22,0.6770493984222412
8142,8,-1.6585791110992432
8143,7,-1.7961235046386719
8144,7,-1.7807424068450928
8145,16,-0.33728277683258057
8146,8,-1.7466113567352295
8147,15,-0.539982259273529
8148,8,-1.7431893348693848
8149,16,-0.3317328691482544
8150,8,-1.6355035305023193
8151,8,-1.7552920579910278
8152,7,-1.8099757432937622
8153,22,0.6477360725402832
8154,17,-0.18853449821472168
8155,17,-0.28124821186065674
8156,17,-0.268518328666687
8157,16,-0.3835393190383911
8158,25,1.2268397808074951
8159,26,1.359999179840088
8160,7,-1.7879332304000854
8161,7,-1.805401086807251
8162,8,-1.7591131925582886
8163,16,-0.30243194103240967
8164,21,0.5206501483917236
8165,8,-1.7225996255874634
8166,16,-0.3845858573913574
8167,19,0.22395634651184082
8168,8,-1.756740927696228
8169,11,-1.1608808040618896
8170,7,-1.8298826217651367
8171,30,1.739152431488037
8172,8,-1.7023346424102783
8173,8,-1.7603645324707031
8174,16,-0.4076571464538574
8175,7,-1.768243670463562
8176,8,-1.7427313327789307
8177,15,-0.5490742921829224
8178,17,-0.2912743091583252
8179,25,1.1415772438049316
8180,23,0.9514164924621582
8181,7,-1.7700268030166626
8182,8,-1.6974029541015625
8183,26,1.3990869522094727
8184,17,-0.21508967876434326
8185,26,1.313122034072876
8186,8,-1.6871886253356934
8187,23,0.8108315467834473
8188,17,-0.28202927112579346
8189,17,-0.27576231956481934
8190,17,-0.17567753791809082
8191,7,-1.8395764827728271
8192,8,-1.7518937587738037
8193,20,0.32045161724090576
8194,8,-1.6518993377685547
8195,7,-1.7721737623214722
8196,16,-0.3217134475708008
8197,23,0.8596494197845459
8198,8,-1.7200145721435547
8199,25,1.169572353363037
8200,29,1.711639165878296
8201,17,-0.12858378887176514
8202,23,0.9294745922088623
8203,17,-0.20504426956176758
8204,8,-1.6959196329116821
8205,15,-0.5996989607810974
8206,8,-1.6270732879638672
8207,17,-0.18684601783752441
8208,24,1.0179171562194824
8209,8,-1.7615768909454346
8210,7,-1.8182060718536377
8211,8,-1.732043743133545
8212,7,-1.844414234161377
8213,26,1.3083953857421875
8214,7,-1.8017008304595947
8215,23,0.9279828071594238
8216,17,-0.2816317081451416
8217,23,0.9350531101226807
8218,7,-1.7932825088500977
8219,25,1.2535271644592285
8220,8,-1.762669563293457
8221,16,-0.3222438097000122
8222,24,1.0880498886108398
8223,17,-0.23041892051696777
8224,17,-0.15666711330413818
8225,15,-0.49892985820770264
8226,16,-0.36295604705810547
8227,8,-1.7028862237930298
8228,7,-1.7814539670944214
8229,17,-0.22340703010559082
8230,7,-1.815464735031128
8231,7,-1.7719082832336426
8232,10,-1.3213835954666138
8233,16,-0.3544600009918213
8234,8,-1.7452232837677002
8235,8,-1.7538124322891235
8236,8,-1.761199951171875
8237,17,-0.19690823554992676
8238,16,-0.33581697940826416
8239,25,1.1588127613067627
8240,23,0.9758496284484863
8241,16,-0.44964027404785156
8242,16,-0.35150647163391113
8243,8,-1.6948705911636353
8244,8,-1.7619354724884033
8245,19,0.14521002769470215
8246,7,-1.770095944404602
8247,8,-1.7359391450881958
8248,17,-0.16798508167266846
8249,2,-2.603729724884033
8250,17,-0.22607600688934326
8251,24,1.0564298629760742
8252,17,-0.14839017391204834
8253,16,-0.36148571968078613
8254,8,-1.6328325271606445
8255,8,-1.7560741901397705
8256,7,-1.8030674457550049
8257,24,1.0993080139160156
8258,15,-0.6046974658966064
8259,8,-1.7355066537857056
8260,26,1.3249378204345703
8261,7,-1.7783209085464478
8262,17,-0.20130276679992676
8263,7,-1.7687746286392212
8264,25,1.1598072052001953
8265,17,-0.1489049196243286
8266,23,0.8346679210662842
8267,1,-2.77227520942688
8268,25,1.1925561428070068
8269,21,0.5100650787353516
8270,16,-0.3712310791015625
8271,24,1.108513593673706
8272,23,0.9363605976104736
8273,26,1.3998687267303467
8274,11,-1.1412527561187744
8275,30,1.7918269634246826
8276,7,-1.7896064519882202
8277,14,-0.671144962310791
8278,7,-1.868074893951416
8279,15,-0.49781060218811035
8280,24,1.0492913722991943
8281,7,-1.7926313877105713
8282,8,-1.7044529914855957
8283,8,-1.6809937953948975
8284,8,-1.7529876232147217
8285,7,-1.7892614603042603
8286,17,-0.16150259971618652
8287,17,-0.1681349277496338
8288,30,1.7863166332244873
8289,20,0.2882791757583618
8290,7,-1.8018248081207275
8291,2,-2.6403403282165527
8292,11,-1.1888277530670166
8293,17,-0.18063318729400635
8294,16,-0.32725799083709717
8295,8,-1.6265676021575928
8296,9,-1.600327968597412
8297,10,-1.3802123069763184
8298,7,-1.8011478185653687
8299,16,-0.3989197015762329
8300,25,1.2296597957611084
8301,7,-1.7777105569839478
8302,17,-0.16121602058410645
8303,25,1.2548892498016357
8304,8,-1.7559921741485596
8305,8,-1.7323863506317139
8306,17,-0.14696359634399414
8307,25,1.1827630996704102
8308,7,-1.7833776473999023
8309,7,-1.7772222757339478
8310,17,-0.24118006229400635
8311,8,-1.6436759233474731
8312,23,0.9583578109741211
8313,7,-1.7982239723205566
8314,8,-1.748158574104309
8315,16,-0.38828182220458984
8316,23,0.8882546424865723
8317,25,1.1619398593902588
8318,7,-1.7755757570266724
8319,7,-1.7777280807495117
8320,25,1.1750760078430176
8321,17,-0.1558818817138672
8322,8,-1.7450881004333496
8323,8,-1.727262020111084
8324,26,1.3785319328308105
8325,24,1.0195777416229248
8326,25,1.248593807220459
8327,15,-0.5904504060745239
8328,8,-1.7440099716186523
8329,8,-1.737267255783081
8330,17,-0.21757471561431885
8331,8,-1.7059662342071533
8332,8,-1.7521650791168213
8333,9,-1.4905097484588623
8334,8,-1.701492190361023
8335,8,-1.7571194171905518
8336,17,-0.28338074684143066
8337,8,-1.762261152267456
8338,24,1.0174005031585693
8339,17,-0.16565072536468506
8340,25,1.28348970413208
8341,8,-1.7407089471817017
8342,25,1.2246196269989014
8343,23,0.9769411087036133
8344,18,-0.10726094245910645
8345,8,-1.7237024307250977
8346,17,-0.16305744647979736
8347,18,-0.11869955062866211
8348,16,-0.42909765243530273
8349,8,-1.703832745552063
8350,8,-1.6462903022766113
8351,18,-0.11351394653320312
8352,8,-1.7650728225708008
8353,8,-1.6899927854537964
8354,23,0.9344666004180908
8355,17,-0.26363813877105713
8356,8,-1.758048415184021
8357,17,-0.21217834949493408
8358,17,-0.1924912929534912
8359,8,-1.741505742073059
8360,8,-1.7443403005599976
8361,17,-0.21626710891723633
8362,7,-1.781074047088623
8363,17,-0.19861507415771484
8364,24,1.1245253086090088
8365,8,-1.7478673458099365
8366,17,-0.14789509773254395
8367,9,-1.5768462419509888
8368,17,-0.2793053388595581
8369,16,-0.3246757984161377
8370,22,0.7825608253479004
8371,17,-0.2173224687576294
8372,16,-0.3021833896636963
8373,8,-1.6961326599121094
8374,21,0.5393753051757812
8375,8,-1.7639795541763306
8376,8,-1.7220709323883057
8377,10,-1.44650137424469
8378,22,0.7771692276000977
8379,23,0.904268741607666
8380,9,-1.5899428129196167
8381,29,1.7027661800384521
8382,30,1.795640230178833
8383,9,-1.6045820713043213
8384,16,-0.32639801502227783
8385,16,-0.3064030408859253
8386,17,-0.126633882522583
8387,8,-1.7163047790527344
8388,8,-1.6366866827011108
8389,24,1.060288906097412
8390,8,-1.7460687160491943
8391,7,-1.7819924354553223
8392,25,1.212125301361084
8393,25,1.2441158294677734
8394,17,-0.12394344806671143
8395,8,-1.7544481754302979
8396,30,1.7653672695159912
8397,25,1.2373566627502441
8398,8,-1.6475765705108643
8399,8,-1.7574098110198975
8400,17,-0.19015729427337646
8401,25,1.217374563217163
8402,18,-0.11425793170928955
8403,25,1.2800085544586182
8404,24,1.1128408908843994
8405,17,-0.15046584606170654
8406,17,-0.22780203819274902
8407,8,-1.7450306415557861
8408,8,-1.6904211044311523
8409,8,-1.721433162689209
8410,23,0.8853776454925537
8411,8,-1.6700215339660645
8412,17,-0.2792707681655884
8413,18,-0.10211360454559326
8414,15,-0.6122488975524902
8415,16,-0.3823997974395752
8416,8,-1.7046922445297241
8417,8,-1.7129353284835815
8418,8,-1.7630025148391724
8419,17,-0.12428486347198486
8420,22,0.6967430114746094
8421,8,-1.6946223974227905
8422,8,-1.7239099740982056
8423,28,1.631699562072754
8424,25,1.2071387767791748
8425,7,-1.7709077596664429
8426,9,-1.5845087766647339
8427,8,-1.751086711883545
8428,24,1.1107749938964844
8429,17,-0.21345162391662598
8430,24,1.0306272506713867
8431,8,-1.7228788137435913
8432,17,-0.2913275957107544
8433,17,-0.279008150100708
8434,8,-1.7611041069030762
8435,17,-0.2684108018875122
8436,17,-0.1595693826675415
8437,8,-1.6302573680877686
8438,8,-1.7267431020736694
8439,8,-1.644232153892517
8440,8,-1.7222108840942383
8441,8,-1.739869475364685
8442,24,1.0795023441314697
8443,17,-0.22468054294586182
8444,25,1.1828982830047607
8445,18,-0.03584277629852295
8446,18,-0.11925184726715088
8447,26,1.2889387607574463
8448,8,-1.7263773679733276
8449,19,0.06597411632537842
8450,17,-0.22657954692840576
8451,17,-0.2150803804397583
8452,8,-1.7378957271575928
8453,9,-1.5708001852035522
8454,15,-0.47594237327575684
8455,17,-0.26136624813079834
8456,8,-1.7440358400344849
8457,18,0.028304576873779297
8458,17,-0.2875325679779053
8459,8,-1.6551876068115234
8460,17,-0.20229089260101318
8461,17,-0.13371431827545166
8462,8,-1.6694788932800293
8463,18,-0.12079071998596191
8464,8,-1.6752322912216187
8465,8,-1.7574741840362549
8466,8,-1.6504307985305786
8467,17,-0.1964874267578125
8468,25,1.2600774765014648
8469,24,1.1279997825622559
8470,8,-1.6449909210205078
8471,8,-1.664659857749939
8472,5,-2.090486764907837
8473,17,-0.16903305053710938
8474,8,-1.6624374389648438
8475,17,-0.29655659198760986
8476,16,-0.32643330097198486
8477,24,1.0481722354888916
8478,12,-1.1315120458602905
8479,16,-0.3124459981918335
8480,26,1.3660786151885986
8481,18,-0.059099435806274414
8482,30,1.790226936340332
8483,15,-0.566131055355072
8484,30,1.797321081161499
8485,17,-0.23531198501586914
8486,16,-0.3439819812774658
8487,16,-0.33015692234039307
8488,22,0.7950549125671387
8489,15,-0.5055629014968872
8490,22,0.7820835113525391
8491,17,-0.28242743015289307
8492,16,-0.3196730613708496
8493,9,-1.5601680278778076
8494,26,1.304748296737671
8495,8,-1.7537434101104736
8496,24,1.0617012977600098
8497,24,1.0561718940734863
8498,8,-1.7177345752716064
8499,8,-1.761831283569336
8500,25,1.1500179767608643
8501,8,-1.7235966920852661
8502,18,-0.07847356796264648
8503,17,-0.1820617914199829
8504,8,-1.6890064477920532
8505,26,1.316438913345337
8506,22,0.6289615631103516
8507,8,-1.7642970085144043
8508,24,1.138911485671997
8509,24,1.0787034034729004
8510,8,-1.6805988550186157
8511,8,-1.7259587049484253
8512,8,-1.7409343719482422
8513,16,-0.3250546455383301
8514,26,1.3940539360046387
8515,16,-0.3298996686935425
8516,17,-0.16988134384155273
8517,15,-0.603593647480011
8518,8,-1.738033652305603
8519,8,-1.724481463432312
8520,8,-1.6105130910873413
8521,24,1.0528533458709717
8522,25,1.2611966133117676
8523,18,-0.10134255886077881
8524,11,-1.2539396286010742
8525,17,-0.24136114120483398
8526,18,-0.045485854148864746
8527,25,1.2525038719177246
8528,8,-1.6742932796478271
8529,30,1.7992074489593506
8530,7,-1.7818536758422852
8531,8,-1.7478687763214111
8532,8,-1.6634258031845093
8533,2,-2.6346302032470703
8534,8,-1.6677043437957764
8535,15,-0.5193721055984497
8536,24,1.0721526145935059
8537,8,-1.711214303970337
8538,9,-1.5068970918655396
8539,8,-1.7413771152496338
8540,8,-1.6975383758544922
8541,17,-0.29078149795532227
8542,8,-1.766357660293579
8543,17,-0.25931453704833984
8544,7,-1.8172168731689453
8545,30,1.7966454029083252
8546,18,-0.11621177196502686
8547,9,-1.4536322355270386
8548,8,-1.7472846508026123
8549,25,1.207829236984253
8550,8,-1.668896198272705
8551,22,0.769620418548584
8552,7,-1.7774419784545898
8553,17,-0.26864612102508545
8554,4,-2.3497068881988525
8555,8,-1.6169533729553223
8556,17,-0.22291147708892822
8557,17,-0.12379252910614014
8558,8,-1.6276192665100098
8559,8,-1.725595474243164
8560,8,-1.7078049182891846
8561,9,-1.5947474241256714
8562,8,-1.717719316482544
8563,30,1.7785828113555908
8564,23,0.9036831855773926
8565,18,-0.03220105171203613
8566,17,-0.2044072151184082
8567,23,0.8443520069122314
8568,17,-0.22101223468780518
8569,7,-1.7697257995605469
8570,16,-0.34362125396728516
8571,18,-0.041890859603881836
8572,25,1.2023417949676514
8573,22,0.6883761882781982
8574,17,-0.23882949352264404
8575,25,1.1799092292785645
8576,8,-1.632245659828186
8577,16,-0.35431551933288574
8578,8,-1.7454487085342407
8579,8,-1.7576367855072021
8580,17,-0.16378307342529297
8581,8,-1.6738642454147339
8582,24,1.116304636001587
8583,17,-0.22121703624725342
8584,17,-0.17863798141479492
8585,24,1.1213414669036865
8586,9,-1.6006548404693604
8587,8,-1.6691560745239258
8588,8,-1.739229679107666
8589,17,-0.2826181650161743
8590,8,-1.7662323713302612
8591,8,-1.7221304178237915
8592,8,-1.659113883972168
8593,17,-0.16144132614135742
8594,23,0.8623800277709961
8595,9,-1.4725539684295654
8596,18,-0.10025298595428467
8597,7,-1.7695573568344116
8598,7,-1.8074142932891846
8599,17,-0.16265606880187988
8600,9,-1.6049917936325073
8601,25,1.2836008071899414
8602,7,-1.772524356842041
8603,25,1.2172479629516602
8604,8,-1.688530683517456
8605,8,-1.762286901473999
8606,25,1.2379987239837646
8607,8,-1.701566457748413
8608,17,-0.24517357349395752
8609,8,-1.723860263824463
8610,8,-1.7075920104980469
8611,9,-1.5726996660232544
8612,8,-1.6439051628112793
8613,8,-1.7484445571899414
8614,16,-0.3207744359970093
8615,17,-0.19701242446899414
8616,9,-1.5665383338928223
8617,17,-0.16007208824157715
8618,8,-1.758293867111206
8619,7,-1.8053154945373535
8620,24,1.113265037536621
8621,9,-1.5710995197296143
8622,9,-1.608877182006836
8623,8,-1.7666659355163574
8624,8,-1.705085277557373
8625,8,-1.709470510482788
8626,7,-1.783591628074646
8627,8,-1.7313364744186401
8628,8,-1.7061820030212402
8629,9,-1.609678030014038
8630,25,1.2513935565948486
8631,8,-1.7256741523742676
8632,16,-0.35252392292022705
8633,20,0.3406475782394409
8634,17,-0.19378662109375
8635,8,-1.7106934785842896
8636,26,1.3117311000823975
8637,8,-1.754643201828003
8638,16,-0.39592111110687256
8639,6,-1.9825130701065063
8640,8,-1.6977853775024414
8641,24,1.120511770248413
8642,18,-0.045314908027648926
8643,8,-1.7022294998168945
8644,26,1.3154144287109375
8645,16,-0.31170809268951416
8646,8,-1.7225782871246338
8647,15,-0.6149795055389404
8648,17,-0.22868704795837402
8649,25,1.2085449695587158
8650,8,-1.6650874614715576
8651,8,-1.6797317266464233
8652,17,-0.22717082500457764
8653,24,0.995429515838623
8654,8,-1.6734427213668823
8655,26,1.3775725364685059
8656,24,1.0003626346588135
8657,8,-1.7201629877090454
8658,8,-1.7392487525939941
8659,9,-1.604003667831421
8660,23,0.8365356922149658
8661,8,-1.721631407737732
8662,9,-1.5582501888275146
8663,24,1.0394823551177979
8664,17,-0.19669091701507568
8665,22,0.6881718635559082
8666,9,-1.5507704019546509
8667,17,-0.22138798236846924
8668,9,-1.5974688529968262
8669,8,-1.7024085521697998
8670,8,-1.6155542135238647
8671,30,1.743419885635376
8672,9,-1.5957900285720825
8673,9,-1.4946560859680176
8674,8,-1.654310703277588
8675,8,-1.626163125038147
8676,8,-1.6793479919433594
8677,17,-0.14439213275909424
8678,8,-1.7063997983932495
8679,25,1.226841688156128
8680,25,1.2249658107757568
8681,17,-0.22202730178833008
8682,16,-0.32254254817962646
8683,6,-2.0135722160339355
8684,9,-1.5734058618545532
8685,18,-0.10555291175842285
8686,8,-1.7008835077285767
8687,8,-1.6146774291992188
8688,8,-1.7274168729782104
8689,8,-1.6577967405319214
8690,16,-0.38274359703063965
8691,30,1.7939817905426025
8692,14,-0.7746086716651917
8693,8,-1.7019779682159424
8694,8,-1.6116608381271362
8695,8,-1.7622371912002563
8696,8,-1.6893399953842163
8697,8,-1.6298952102661133
8698,30,1.7978589534759521
8699,17,-0.26978635787963867
8700,8,-1.6386208534240723
8701,25,1.2526202201843262
8702,17,-0.1654740571975708
8703,17,-0.1662282943725586
8704,16,-0.4507714509963989
8705,17,-0.2127389907836914
8706,8,-1.7054812908172607
8707,8,-1.7300214767456055
8708,17,-0.20715582370758057
8709,18,-0.0316697359085083
8710,18,-0.10594940185546875
8711,17,-0.22112035751342773
8712,24,1.0320219993591309
8713,26,1.3343119621276855
8714,27,1.433617115020752
8715,23,0.8522253036499023
8716,8,-1.68040931224823
8717,17,-0.1698601245880127
8718,25,1.189638376235962
8719,17,-0.23415255546569824
8720,18,-0.06414997577667236
8721,8,-1.7213900089263916
8722,16,-0.35084307193756104
8723,9,-1.6071349382400513
8724,8,-1.6572723388671875
8725,25,1.2585086822509766
8726,9,-1.5158661603927612
8727,16,-0.3138524293899536
8728,25,1.1527328491210938
8729,26,1.4099628925323486
8730,17,-0.2677035331726074
8731,18,-0.07596766948699951
8732,24,1.1151413917541504
8733,24,1.1027777194976807
8734,8,-1.6593879461288452
8735,26,1.3408260345458984
8736,8,-1.6590156555175781
8737,25,1.2402114868164062
8738,17,-0.14726829528808594
8739,18,0.045888423919677734
8740,30,1.7943220138549805
8741,18,-0.08167243003845215
8742,8,-1.7670315504074097
8743,8,-1.7115273475646973
8744,8,-1.7231663465499878
8745,27,1.4548134803771973
8746,8,-1.6182196140289307
8747,18,-0.10639309883117676
8748,17,-0.15071260929107666
8749,17,-0.16314911842346191
8750,25,1.2530899047851562
8751,8,-1.7233408689498901
8752,24,1.0064189434051514
8753,19,0.09748029708862305
8754,30,1.7428081035614014
8755,25,1.2451026439666748
8756,8,-1.6263313293457031
8757,17,-0.16948628425598145
8758,18,0.016138434410095215
8759,24,1.0834240913391113
8760,8,-1.6944830417633057
8761,18,-0.10233855247497559
8762,22,0.7686481475830078
8763,9,-1.5989766120910645
8764,15,-0.5092473030090332
8765,18,-0.06724369525909424
8766,9,-1.5716948509216309
8767,8,-1.6370350122451782
8768,19,0.21071207523345947
8769,25,1.188164472579956
8770,25,1.2667698860168457
8771,16,-0.4133073091506958
8772,8,-1.6442246437072754
8773,8,-1.6487187147140503
8774,17,-0.2850850820541382
8775,8,-1.7253625392913818
8776,8,-1.7030537128448486
8777,8,-1.677016258239746
8778,15,-0.5058512687683105
8779,8,-1.6454012393951416
8780,17,-0.22242629528045654
8781,17,-0.1617136001586914
8782,18,-0.11602592468261719
8783,8,-1.6337064504623413
8784,8,-1.7037698030471802
8785,17,-0.2287735939025879
8786,8,-1.6671125888824463
8787,8,-1.674255609512329
8788,8,-1.6863633394241333
8789,26,1.2908952236175537
8790,18,0.04600846767425537
8791,23,0.964057445526123
8792,24,1.0990540981292725
8793,8,-1.6791527271270752
8794,18,-0.03109896183013916
8795,5,-2.2105865478515625
8796,17,-0.1281747817993164
8797,16,-0.3513740301132202
8798,8,-1.7058693170547485
8799,16,-0.335784912109375
8800,9,-1.5728740692138672
8801,17,-0.1382288932800293
8802,17,-0.1598738431930542
8803,26,1.288478136062622
8804,10,-1.3257057666778564
8805,9,-1.5251377820968628
8806,18,0.005694866180419922
8807,8,-1.6929961442947388
8808,8,-1.7194678783416748
8809,18,-0.10856103897094727
8810,16,-0.3328418731689453
8811,17,-0.24891316890716553
8812,9,-1.5700749158859253
8813,8,-1.707546591758728
8814,24,1.0532934665679932
8815,8,-1.7070775032043457
8816,8,-1.6375994682312012
8817,8,-1.6172009706497192
8818,4,-2.3314461708068848
8819,17,-0.17972302436828613
8820,24,1.1401543617248535
8821,8,-1.6368340253829956
8822,18,-0.12078917026519775
8823,18,-0.10003304481506348
8824,9,-1.5225666761398315
8825,23,0.8488752841949463
8826,29,1.734696388244629
8827,8,-1.652640461921692
8828,18,-0.09675753116607666
8829,8,-1.6303004026412964
8830,7,-1.8110272884368896
8831,8,-1.7071609497070312
8832,9,-1.543069839477539
8833,23,0.8558883666992188
8834,8,-1.6877902746200562
8835,18,-0.06281828880310059
8836,20,0.3244823217391968
8837,8,-1.73566472530365
8838,8,-1.6486308574676514
8839,8,-1.7048676013946533
8840,25,1.1641254425048828
8841,8,-1.695354700088501
8842,1,-2.8804144859313965
8843,18,-0.11362409591674805
8844,18,-0.10849273204803467
8845,25,1.1782538890838623
8846,23,0.8554832935333252
8847,8,-1.695235252380371
8848,9,-1.604746699333191
8849,25,1.1743464469909668
8850,8,-1.7044117450714111
8851,13,-0.8332521319389343
8852,8,-1.6991584300994873
8853,30,1.7963025569915771
8854,18,-0.013123273849487305
8855,18,-0.030739545822143555
8856,8,-1.709826946258545
8857,8,-1.6338891983032227
8858,9,-1.5668258666992188
8859,22,0.7177908420562744
8860,17,-0.1674741506576538
8861,8,-1.7417880296707153
8862,17,-0.276858925819397
8863,25,1.165921926498413
8864,24,1.0708813667297363
8865,8,-1.7445858716964722
8866,9,-1.566834807395935
8867,19,0.23643076419830322
8868,17,-0.21871745586395264
8869,9,-1.5360021591186523
8870,17,-0.17183852195739746
8871,9,-1.5801326036453247
8872,18,-0.0580672025680542
8873,18,-0.033582210540771484
8874,8,-1.6487338542938232
8875,18,-0.08533501625061035
8876,17,-0.17282354831695557
8877,18,-0.025934338569641113
8878,8,-1.6806676387786865
8879,8,-1.6178206205368042
8880,9,-1.6062716245651245
8881,8,-1.687729001045227
8882,17,-0.17688190937042236
8883,16,-0.3181213140487671
8884,30,1.778120994567871
8885,17,-0.12624073028564453
8886,17,-0.2712883949279785
8887,8,-1.7194386720657349
8888,8,-1.6243375539779663
8889,8,-1.6823716163635254
8890,9,-1.5540845394134521
8891,8,-1.66118586063385
8892,30,1.7968623638153076
8893,17,-0.18156957626342773
8894,19,0.07440221309661865
8895,9,-1.6074780225753784
8896,27,1.452662706375122
8897,30,1.790464162826538
8898,22,0.6570615768432617
8899,8,-1.7087483406066895
8900,26,1.355212688446045
8901,18,-0.00839078426361084
8902,18,-0.08373475074768066
8903,18,-0.05856728553771973
8904,7,-1.7737196683883667
8905,17,-0.2542531490325928
8906,16,-0.3953315019607544
8907,26,1.3685595989227295
8908,8,-1.6300479173660278
8909,21,0.5788960456848145
8910,25,1.2030017375946045
8911,9,-1.5847218036651611
8912,8,-1.6947373151779175
8913,27,1.4298465251922607
8914,26,1.3137588500976562
8915,26,1.3736166954040527
8916,22,0.7242569923400879
8917,9,-1.596631407737732
8918,9,-1.4892828464508057
8919,8,-1.6125891208648682
8920,27,1.4333446025848389
8921,8,-1.7005248069763184
8922,25,1.2580082416534424
8923,9,-1.5655046701431274
8924,26,1.3579392433166504
8925,9,-1.5815232992172241
8926,8,-1.6984972953796387
8927,9,-1.5902279615402222
8928,8,-1.681522011756897
8929,8,-1.714543342590332
8930,1,-2.7565531730651855
8931,18,0.013784170150756836
8932,8,-1.646085500717163
8933,22,0.7007429599761963
8934,10,-1.4475419521331787
8935,18,-0.033180952072143555
8936,26,1.3081433773040771
8937,3,-2.5164432525634766
8938,8,-1.6640039682388306
8939,9,-1.6022237539291382
8940,26,1.3102121353149414
8941,9,-1.6087685823440552
8942,16,-0.33917784690856934
8943,18,-0.0553818941116333
8944,16,-0.33463919162750244
8945,8,-1.621651530265808
8946,18,-0.06484758853912354
8947,9,-1.518474817276001
8948,8,-1.6964728832244873
8949,8,-1.6229071617126465
8950,17,-0.17939448356628418
8951,2,-2.5910191535949707
8952,25,1.2621684074401855
8953,26,1.2994825839996338
8954,22,0.7140789031982422
8955,8,-1.6108311414718628
8956,8,-1.6711403131484985
8957,16,-0.30536413192749023
8958,24,1.0867960453033447
8959,9,-1.5988951921463013
8960,18,0.0005950927734375
8961,20,0.43020808696746826
8962,8,-1.6369014978408813
8963,18,-0.029538869857788086
8964,26,1.3161132335662842
8965,19,0.060874223709106445
8966,17,-0.24256384372711182
8967,17,-0.16298389434814453
8968,17,-0.18540191650390625
8969,8,-1.622255563735962
8970,24,1.0861408710479736
8971,8,-1.6291719675064087
8972,22,0.6874852180480957
8973,17,-0.13371562957763672
8974,14,-0.7432901859283447
8975,17,-0.1401304006576538
8976,18,-0.04632210731506348
8977,8,-1.6513606309890747
8978,18,-0.08846414089202881
8979,8,-1.6331140995025635
8980,13,-0.8361555337905884
8981,17,-0.13496911525726318
8982,26,1.3833048343658447
8983,8,-1.6134129762649536
8984,25,1.1952502727508545
8985,8,-1.613329291343689
8986,30,1.7915513515472412
8987,8,-1.70621657371521
8988,25,1.1956241130828857
8989,9,-1.6007529497146606
8990,8,-1.6648192405700684
8991,8,-1.692438006401062
8992,17,-0.195975661277771
8993,17,-0.13339018821716309
8994,9,-1.4552686214447021
8995,18,-0.014134883880615234
8996,8,-1.6733694076538086
8997,9,-1.456221580505371
8998,16,-0.31723666191101074
8999,11,-1.2624671459197998
9000,9,-1.5900248289108276
9001,22,0.7496330738067627
9002,18,-0.07751691341400146
9003,26,1.2897069454193115
9004,8,-1.6767983436584473
9005,8,-1.6531637907028198
9006,17,-0.12302112579345703
9007,9,-1.5682933330535889
9008,8,-1.6690638065338135
9009,23,0.9614202976226807
9010,9,-1.6014647483825684
9011,8,-1.6864739656448364
9012,9,-1.551757574081421
9013,8,-1.624840259552002
9014,8,-1.6952600479125977
9015,8,-1.618997573852539
9016,25,1.2547199726104736
9017,9,-1.6086045503616333
9018,17,-0.12811195850372314
9019,8,-1.6103785037994385
9020,18,0.011859536170959473
9021,8,-1.674206018447876
9022,16,-0.3044809103012085
9023,18,0.003809809684753418
9024,25,1.2190728187561035
9025,1,-2.833404541015625
9026,19,0.10443258285522461
9027,8,-1.623164176940918
9028,8,-1.650813341140747
9029,8,-1.6341609954833984
9030,8,-1.6151708364486694
9031,9,-1.5410007238388062
9032,8,-1.6327446699142456
9033,22,0.6597115993499756
9034,8,-1.671743631362915
9035,9,-1.58991539478302
9036,8,-1.7485558986663818
9037,18,-0.09372866153717041
9038,9,-1.585015058517456
9039,8,-1.6253598928451538
9040,8,-1.6464519500732422
9041,16,-0.3160381317138672
9042,22,0.793647289276123
9043,18,-0.010968327522277832
9044,18,-0.0904386043548584
9045,8,-1.6110633611679077
9046,9,-1.5384780168533325
9047,25,1.2085919380187988
9048,25,1.1817927360534668
9049,24,1.116499900817871
9050,25,1.2378275394439697
9051,18,-0.04728543758392334
9052,8,-1.646597146987915
9053,18,0.01020205020904541
9054,24,0.983504056930542
9055,24,1.1105849742889404
9056,18,0.0028382539749145508
9057,10,-1.334640383720398
9058,19,0.056224822998046875
9059,9,-1.5434064865112305
9060,18,-0.07752454280853271
9061,8,-1.668962001800537
9062,18,-0.029572129249572754
9063,8,-1.68059504032135
9064,9,-1.580475091934204
9065,8,-1.6137551069259644
9066,9,-1.5981314182281494
9067,25,1.1909101009368896
9068,8,-1.6348217725753784
9069,26,1.3203885555267334
9070,8,-1.6644346714019775
9071,22,0.7685942649841309
9072,8,-1.6857260465621948
9073,8,-1.6325980424880981
9074,9,-1.6017835140228271
9075,25,1.1900832653045654
9076,26,1.293755292892456
9077,18,-0.08306336402893066
9078,8,-1.6296086311340332
9079,8,-1.678781270980835
9080,21,0.4455897808074951
9081,8,-1.6705518960952759
9082,8,-1.6508827209472656
9083,17,-0.12454283237457275
9084,8,-1.642825961112976
9085,22,0.6941874027252197
9086,8,-1.6492804288864136
9087,8,-1.675552248954773
9088,9,-1.5985673666000366
9089,25,1.1943795680999756
9090,8,-1.6676634550094604
9091,9,-1.5011969804763794
9092,7,-1.8110642433166504
9093,8,-1.6581885814666748
9094,8,-1.6484030485153198
9095,9,-1.4845656156539917
9096,8,-1.6461992263793945
9097,26,1.3533079624176025
9098,22,0.741457462310791
9099,9,-1.5670322179794312
9100,18,0.025166988372802734
9101,19,0.13643932342529297
9102,8,-1.6142657995224
9103,9,-1.5670955181121826
9104,9,-1.6066869497299194
9105,9,-1.4609555006027222
9106,7,-1.90353524684906
9107,9,-1.5593349933624268
9108,15,-0.49053120613098145
9109,25,1.1689245700836182
9110,8,-1.637519121170044
9111,25,1.264425277709961
9112,24,1.0396745204925537
9113,18,-0.04669082164764404
9114,24,1.0506443977355957
9115,9,-1.5252997875213623
9116,26,1.3326659202575684
9117,8,-1.6652064323425293
9118,25,1.1870167255401611
9119,9,-1.506184458732605
9120,8,-1.617168664932251
9121,8,-1.6502492427825928
9122,8,-1.6798378229141235
9123,18,-0.07954573631286621
9124,8,-1.6251553297042847
9125,17,-0.2670074701309204
9126,24,1.132183313369751
9127,9,-1.5329407453536987
9128,9,-1.568328857421875
9129,18,-0.07810032367706299
9130,15,-0.6207060217857361
9131,17,-0.16764378547668457
9132,25,1.2209453582763672
9133,9,-1.5210762023925781
9134,24,1.1144585609436035
9135,8,-1.6341344118118286
9136,8,-1.6423171758651733
9137,18,-0.03349959850311279
9138,18,-0.015029311180114746
9139,5,-2.1445844173431396
9140,17,-0.2622720003128052
9141,9,-1.5375940799713135
9142,26,1.3552639484405518
9143,17,-0.17169976234436035
9144,8,-1.6783021688461304
9145,18,-0.03137660026550293
9146,25,1.269702434539795
9147,24,1.1251616477966309
9148,24,1.0326838493347168
9149,18,0.019546031951904297
9150,9,-1.5815693140029907
9151,18,0.014587044715881348
9152,8,-1.6127694845199585
9153,19,0.06773924827575684
9154,26,1.3897697925567627
9155,8,-1.6531150341033936
9156,16,-0.37574541568756104
9157,9,-1.5563812255859375
9158,9,-1.5498673915863037
9159,8,-1.6357735395431519
9160,24,1.083479404449463
9161,8,-1.6140248775482178
9162,18,0.038988590240478516
9163,8,-1.630558967590332
9164,25,1.1697132587432861
9165,18,-0.05789971351623535
9166,19,0.1408543586730957
9167,8,-1.6465065479278564
9168,8,-1.650701642036438
9169,18,-0.06663942337036133
9170,17,-0.22586166858673096
9171,17,-0.2632249593734741
9172,17,-0.24431383609771729
9173,15,-0.5028403997421265
9174,25,1.2272017002105713
9175,24,1.0918161869049072
9176,26,1.3255023956298828
9177,8,-1.629085659980774
9178,30,1.7952501773834229
9179,9,-1.5540435314178467
9180,9,-1.5839506387710571
9181,18,0.005197644233703613
9182,8,-1.617193579673767
9183,17,-0.2982466220855713
9184,8,-1.6829650402069092
9185,18,-0.11799895763397217
9186,9,-1.6033660173416138
9187,26,1.393864631652832
9188,8,-1.6657147407531738
9189,26,1.2913992404937744
9190,17,-0.12350952625274658
9191,16,-0.4453868865966797
9192,8,-1.639873743057251
9193,18,0.04769599437713623
9194,18,-0.05303776264190674
9195,24,1.106440544128418
9196,17,-0.19170939922332764
9197,19,0.09538984298706055
9198,30,1.7934648990631104
9199,25,1.1886837482452393
9200,18,-0.046291232109069824
9201,9,-1.5991978645324707
9202,26,1.304490089416504
9203,30,1.7703967094421387
9204,25,1.2847909927368164
9205,9,-1.5830713510513306
9206,9,-1.5923902988433838
9207,8,-1.6115834712982178
9208,18,-0.038460612297058105
9209,18,0.03926849365234375
9210,9,-1.5075483322143555
9211,30,1.7857880592346191
9212,8,-1.6350551843643188
9213,8,-1.6395263671875
9214,9,-1.5631608963012695
9215,18,-0.062470316886901855
9216,9,-1.5745604038238525
9217,9,-1.593747854232788
9218,26,1.3825323581695557
9219,18,-0.03250300884246826
9220,8,-1.6340614557266235
9221,20,0.4290214776992798
9222,9,-1.5915038585662842
9223,8,-1.6544746160507202
9224,23,0.9450445175170898
9225,20,0.407629132270813
9226,19,0.13488829135894775
9227,9,-1.5115928649902344
9228,9,-1.5217869281768799
9229,8,-1.6278995275497437
9230,8,-1.6297531127929688
9231,8,-1.6418695449829102
9232,17,-0.15938198566436768
9233,17,-0.19714629650115967
9234,26,1.391160488128662
9235,27,1.506133794784546
9236,18,-0.03338587284088135
9237,26,1.3537249565124512
9238,9,-1.5662040710449219
9239,18,-0.04362332820892334
9240,25,1.1944794654846191
9241,8,-1.6352912187576294
9242,9,-1.5594611167907715
9243,1,-2.8159193992614746
9244,8,-1.7182352542877197
9245,9,-1.5473138093948364
9246,28,1.6316206455230713
9247,25,1.2307097911834717
9248,9,-1.5528653860092163
9249,26,1.3349623680114746
9250,18,0.02726912498474121
9251,20,0.3096860647201538
9252,6,-2.009652614593506
9253,24,1.1129846572875977
9254,18,-0.06815695762634277
9255,9,-1.4545114040374756
9256,30,1.7746682167053223
9257,25,1.285306453704834
9258,28,1.570502758026123
9259,17,-0.25467705726623535
9260,25,1.229280710220337
9261,19,0.1336517333984375
9262,9,-1.6001935005187988
9263,9,-1.5607810020446777
9264,18,0.0511775016784668
9265,25,1.1556403636932373
9266,18,-0.07078230381011963
9267,18,-0.020468831062316895
9268,9,-1.5498545169830322
9269,8,-1.6226767301559448
9270,8,-1.665608286857605
9271,9,-1.49729323387146
9272,8,-1.6216342449188232
9273,19,0.07656073570251465
9274,25,1.2572050094604492
9275,24,1.0236742496490479
9276,17,-0.29760098457336426
9277,27,1.4209413528442383
9278,9,-1.5725828409194946
9279,25,1.24196195602417
9280,8,-1.6564017534255981
9281,17,-0.2529280185699463
9282,8,-1.621861219406128
9283,18,-0.05397176742553711
9284,8,-1.6822731494903564
9285,8,-1.6303226947784424
9286,24,1.1036255359649658
9287,18,-0.10512101650238037
9288,9,-1.5443620681762695
9289,9,-1.5866928100585938
9290,17,-0.13026344776153564
9291,9,-1.5761997699737549
9292,18,-0.06748342514038086
9293,9,-1.6023671627044678
9294,11,-1.2165584564208984
9295,17,-0.21843552589416504
9296,16,-0.35026752948760986
9297,22,0.7474606037139893
9298,8,-1.6430706977844238
9299,8,-1.6633577346801758
9300,18,0.006993889808654785
9301,9,-1.6073925495147705
9302,18,-0.044869303703308105
9303,18,-0.03639233112335205
9304,25,1.166698694229126
9305,9,-1.5819170475006104
9306,26,1.416236162185669
9307,18,-0.05791950225830078
9308,1,-2.806722640991211
9309,10,-1.4338836669921875
9310,19,0.10801780223846436
9311,8,-1.6289790868759155
9312,9,-1.5466259717941284
9313,30,1.7912404537200928
9314,30,1.7773520946502686
9315,24,1.0726306438446045
9316,26,1.2975218296051025
9317,18,-0.07907891273498535
9318,17,-0.29743969440460205
9319,9,-1.5914686918258667
9320,18,-0.06437897682189941
9321,9,-1.5625840425491333
9322,19,0.10510635375976562
9323,9,-1.6074119806289673
9324,24,1.1383931636810303
9325,17,-0.15047085285186768
9326,30,1.7752187252044678
9327,18,-0.033055663108825684
9328,9,-1.5308514833450317
9329,9,-1.5682038068771362
9330,18,-0.07095718383789062
9331,17,-0.284984827041626
9332,17,-0.14590084552764893
9333,24,1.0523314476013184
9334,18,-0.12104475498199463
9335,9,-1.5972932577133179
9336,27,1.4276258945465088
9337,9,-1.5742040872573853
9338,9,-1.512144684791565
9339,26,1.3484125137329102
9340,19,0.06795668601989746
9341,9,-1.527262806892395
9342,18,-0.08116805553436279
9343,24,1.0973069667816162
9344,18,0.04590559005737305
9345,9,-1.5354434251785278
9346,18,0.013416528701782227
9347,26,1.2980153560638428
9348,9,-1.5212918519973755
9349,8,-1.703031063079834
9350,9,-1.4901775121688843
9351,19,0.10266685485839844
9352,18,0.011268258094787598
9353,9,-1.5739762783050537
9354,27,1.4636619091033936
9355,18,-0.08847713470458984
9356,26,1.3108789920806885
9357,8,-1.6600852012634277
9358,18,0.03746390342712402
9359,18,-0.0014464855194091797
9360,18,-0.11648404598236084
9361,8,-1.611261010169983
9362,26,1.3957395553588867
9363,9,-1.5740407705307007
9364,9,-1.566771149635315
9365,18,-0.022749900817871094
9366,25,1.1825916767120361
9367,11,-1.2794681787490845
9368,18,0.007760524749755859
9369,9,-1.5677119493484497
9370,30,1.7898306846618652
9371,8,-1.628363013267517
9372,23,0.886354923248291
9373,9,-1.5191009044647217
9374,9,-1.5875695943832397
9375,25,1.2392358779907227
9376,18,-0.09214293956756592
9377,8,-1.6228606700897217
9378,8,-1.626583456993103
9379,8,-1.6211397647857666
9380,9,-1.4951965808868408
9381,18,-0.026019692420959473
9382,8,-1.6401076316833496
9383,23,0.9268560409545898
9384,17,-0.20444679260253906
9385,8,-1.6412855386734009
9386,11,-1.239772081375122
9387,9,-1.5479793548583984
9388,26,1.3564844131469727
9389,8,-1.631713628768921
9390,9,-1.5358819961547852
9391,29,1.7076640129089355
9392,26,1.3512611389160156
9393,24,1.0110218524932861
9394,10,-1.4130162000656128
9395,19,0.07287931442260742
9396,18,0.04665195941925049
9397,18,0.043425559997558594
9398,9,-1.5623422861099243
9399,9,-1.5267609357833862
9400,19,0.09084820747375488
9401,18,0.024723291397094727
9402,9,-1.5677236318588257
9403,9,-1.5708000659942627
9404,9,-1.562970519065857
9405,25,1.2429389953613281
9406,10,-1.3712016344070435
9407,9,-1.5096790790557861
9408,19,0.09482204914093018
9409,18,-0.08630847930908203
9410,18,-0.06292450428009033
9411,9,-1.460819959640503
9412,30,1.7905187606811523
9413,19,0.15509212017059326
9414,9,-1.5525884628295898
9415,19,0.0867537260055542
9416,18,0.020420074462890625
9417,8,-1.6282391548156738
9418,18,0.0026760101318359375
9419,18,-0.0514148473739624
9420,19,0.19079387187957764
9421,10,-1.385490894317627
9422,26,1.412674903869629
9423,25,1.221510410308838
9424,8,-1.6364508867263794
9425,9,-1.5746581554412842
9426,18,-0.059855103492736816
9427,9,-1.4754403829574585
9428,18,0.009990930557250977
9429,30,1.7397215366363525
9430,21,0.5206029415130615
9431,23,0.892333984375
9432,19,0.0650099515914917
9433,27,1.5267612934112549
9434,25,1.206648588180542
9435,25,1.2106008529663086
9436,18,-0.0314640998840332
9437,9,-1.4834166765213013
9438,18,-0.029937028884887695
9439,9,-1.5283654928207397
9440,18,-0.02327251434326172
9441,1,-2.827885627746582
9442,17,-0.22826147079467773
9443,26,1.3437941074371338
9444,9,-1.574313998222351
9445,9,-1.4935808181762695
9446,1,-2.8772571086883545
9447,26,1.349970817565918
9448,9,-1.481508493423462
9449,9,-1.5310055017471313
9450,26,1.3329637050628662
9451,19,0.09280252456665039
9452,17,-0.18247973918914795
9453,18,0.014575362205505371
9454,9,-1.5911648273468018
9455,18,-0.0020084381103515625
9456,10,-1.3832560777664185
9457,18,0.02073812484741211
9458,18,0.015522122383117676
9459,15,-0.574737548828125
9460,9,-1.5484521389007568
9461,8,-1.6153724193572998
9462,8,-1.6239157915115356
9463,27,1.4331939220428467
9464,9,-1.5522871017456055
9465,30,1.7836055755615234
9466,8,-1.631316900253296
9467,9,-1.588593602180481
9468,18,-0.06581699848175049
9469,25,1.2612054347991943
9470,9,-1.51996910572052
9471,5,-2.1941938400268555
9472,9,-1.4768632650375366
9473,9,-1.4669638872146606
9474,8,-1.6173514127731323
9475,18,-0.09861218929290771
9476,9,-1.5864063501358032
9477,9,-1.5526002645492554
9478,18,0.05198180675506592
9479,9,-1.5174072980880737
9480,9,-1.5913615226745605
9481,11,-1.2624049186706543
9482,18,0.05436551570892334
9483,18,0.04026210308074951
9484,26,1.3033061027526855
9485,18,-0.09092605113983154
9486,9,-1.5885446071624756
9487,9,-1.458478331565857
9488,22,0.7388179302215576
9489,9,-1.5729656219482422
9490,9,-1.5660456418991089
9491,9,-1.557780146598816
9492,18,-0.10393047332763672
9493,8,-1.6331125497817993
9494,20,0.302970290184021
9495,9,-1.5868254899978638
9496,24,1.0044941902160645
9497,26,1.3786025047302246
9498,19,0.07439565658569336
9499,9,-1.5331100225448608
9500,10,-1.390319585800171
9501,16,-0.34815239906311035
9502,25,1.280919075012207
9503,18,-0.057937026023864746
9504,10,-1.4013768434524536
9505,9,-1.5769665241241455
9506,9,-1.5329389572143555
9507,19,0.10646963119506836
9508,19,0.12434709072113037
9509,18,-0.02434098720550537
9510,26,1.3503012657165527
9511,9,-1.469299554824829
9512,9,-1.4877532720565796
9513,9,-1.5551868677139282
9514,9,-1.5651930570602417
9515,22,0.7375137805938721
9516,18,-0.08328568935394287
9517,26,1.3830311298370361
9518,27,1.4341204166412354
9519,18,-0.04940164089202881
9520,26,1.3532533645629883
9521,9,-1.5261350870132446
9522,18,0.040840744972229004
9523,26,1.3139896392822266
9524,9,-1.4947155714035034
9525,18,-0.011454105377197266
9526,9,-1.5323928594589233
9527,23,0.8777563571929932
9528,18,-0.045862436294555664
9529,9,-1.4526221752166748
9530,18,-0.04693961143493652
9531,26,1.3268516063690186
9532,25,1.2144155502319336
9533,17,-0.13033366203308105
9534,9,-1.562984585762024
9535,26,1.3147516250610352
9536,18,-0.051280856132507324
9537,9,-1.5342892408370972
9538,30,1.799311637878418
9539,19,0.13498461246490479
9540,18,0.04986584186553955
9541,8,-1.6371649503707886
9542,18,-0.04414403438568115
9543,18,-0.08675777912139893
9544,26,1.316741943359375
9545,24,0.9886786937713623
9546,18,0.039337158203125
9547,9,-1.5691025257110596
9548,8,-1.7427922487258911
9549,17,-0.13274788856506348
9550,9,-1.5921118259429932
9551,11,-1.1542807817459106
9552,18,0.0538027286529541
9553,25,1.1902873516082764
9554,9,-1.4926331043243408
9555,25,1.2853467464447021
9556,9,-1.5773494243621826
9557,19,0.07345998287200928
9558,30,1.7952735424041748
9559,9,-1.517228603363037
9560,24,1.120814323425293
9561,9,-1.4746567010879517
9562,9,-1.574560284614563
9563,18,-0.08204889297485352
9564,9,-1.509289026260376
9565,9,-1.593247890472412
9566,19,0.07359766960144043
9567,9,-1.5851414203643799
9568,9,-1.5592200756072998
9569,26,1.3369829654693604
9570,18,-0.0743715763092041
9571,9,-1.5159664154052734
9572,10,-1.4435421228408813
9573,9,-1.493809700012207
9574,9,-1.5029605627059937
9575,19,0.20546293258666992
9576,8,-1.6345783472061157
9577,17,-0.2996070384979248
9578,18,-0.023499131202697754
9579,9,-1.4495161771774292
9580,19,0.11357283592224121
9581,16,-0.3936183452606201
9582,24,1.0270593166351318
9583,25,1.1699886322021484
9584,28,1.5713627338409424
9585,18,-0.020641326904296875
9586,18,-0.05572211742401123
9587,9,-1.5486119985580444
9588,10,-1.368474006652832
9589,23,0.8079652786254883
9590,17,-0.20670032501220703
9591,9,-1.5534054040908813
9592,19,0.11038482189178467
9593,25,1.2474586963653564
9594,17,-0.2047806978225708
9595,26,1.288689374923706
9596,8,-1.62245512008667
9597,9,-1.5918056964874268
9598,9,-1.5658701658248901
9599,9,-1.5064080953598022
9600,20,0.31733667850494385
9601,9,-1.4983628988265991
9602,9,-1.489672064781189
9603,18,-0.0378875732421875
9604,20,0.2717331647872925
9605,30,1.800201654434204
9606,18,-0.12172126770019531
9607,18,-0.09119796752929688
9608,25,1.1413967609405518
9609,18,0.011590957641601562
9610,26,1.389615535736084
9611,8,-1.620376706123352
9612,18,-0.041846632957458496
9613,19,0.18920528888702393
9614,8,-1.6156848669052124
9615,24,1.0457792282104492
9616,19,0.1213064193725586
9617,9,-1.4875330924987793
9618,9,-1.5669219493865967
9619,19,0.06336104869842529
9620,19,0.14002740383148193
9621,18,-0.017545342445373535
9622,9,-1.5783528089523315
9623,18,-0.07714009284973145
9624,15,-0.5802300572395325
9625,8,-1.6116828918457031
9626,9,-1.5758509635925293
9627,19,0.06761777400970459
9628,9,-1.4835284948349
9629,10,-1.4229236841201782
9630,9,-1.5929069519042969
9631,9,-1.455933690071106
9632,18,0.025804758071899414
9633,9,-1.541419267654419
9634,19,0.055907487869262695
9635,25,1.2556447982788086
9636,10,-1.4226834774017334
9637,17,-0.2794225215911865
9638,9,-1.4707475900650024
9639,19,0.19453191757202148
9640,9,-1.5621088743209839
9641,9,-1.4965392351150513
9642,9,-1.449273943901062
9643,19,0.11028969287872314
9644,8,-1.6527435779571533
9645,9,-1.5576690435409546
9646,26,1.3624284267425537
9647,10,-1.4205067157745361
9648,24,1.0921308994293213
9649,16,-0.3122814893722534
9650,18,-0.047454833984375
9651,19,0.20023095607757568
9652,19,0.07624709606170654
9653,19,0.07734835147857666
9654,9,-1.5102367401123047
9655,9,-1.5680549144744873
9656,19,0.11877119541168213
9657,19,0.11750507354736328
9658,9,-1.517706036567688
9659,19,0.17508387565612793
9660,9,-1.5993902683258057
9661,9,-1.4790579080581665
9662,19,0.17460548877716064
9663,17,-0.25751054286956787
9664,10,-1.409375786781311
9665,26,1.3640165328979492
9666,19,0.06182897090911865
9667,17,-0.1359654664993286
9668,9,-1.571195363998413
9669,18,-0.01805901527404785
9670,19,0.197343111038208
9671,18,-0.05739295482635498
9672,9,-1.4947243928909302
9673,3,-2.454042911529541
9674,9,-1.570180892944336
9675,9,-1.4996836185455322
9676,10,-1.4438151121139526
9677,9,-1.5213637351989746
9678,19,0.15654170513153076
9679,26,1.3849880695343018
9680,9,-1.4945029020309448
9681,10,-1.4475743770599365
9682,9,-1.530925989151001
9683,19,0.06782913208007812
9684,19,0.08075392246246338
9685,9,-1.542750597000122
9686,9,-1.575972318649292
9687,9,-1.4939372539520264
9688,9,-1.5409958362579346
9689,9,-1.5888080596923828
9690,18,-0.0886465311050415
9691,9,-1.495802402496338
9692,22,0.8021502494812012
9693,10,-1.446693778038025
9694,18,-0.08284449577331543
9695,9,-1.525498628616333
9696,10,-1.4104522466659546
9697,19,0.06615424156188965
9698,26,1.349616289138794
9699,26,1.3155994415283203
9700,26,1.3602714538574219
9701,10,-1.363913893699646
9702,25,1.211979627609253
9703,19,0.23301851749420166
9704,23,0.9241385459899902
9705,18,-0.1033865213394165
9706,19,0.09173619747161865
9707,9,-1.4629380702972412
9708,25,1.2263314723968506
9709,18,0.052190303802490234
9710,19,0.149757981300354
9711,10,-1.4365915060043335
9712,9,-1.5283775329589844
9713,9,-1.6042841672897339
9714,25,1.2835168838500977
9715,19,0.09002220630645752
9716,23,0.8792545795440674
9717,19,0.10783135890960693
9718,25,1.1902143955230713
9719,9,-1.596773386001587
9720,26,1.2934532165527344
9721,25,1.1721675395965576
9722,26,1.3671879768371582
9723,1,-2.8582396507263184
9724,18,0.02972710132598877
9725,9,-1.4539868831634521
9726,9,-1.4886929988861084
9727,27,1.4873993396759033
9728,9,-1.5604476928710938
9729,9,-1.5112617015838623
9730,8,-1.6217126846313477
9731,18,0.027602672576904297
9732,10,-1.358938217163086
9733,9,-1.5133521556854248
9734,17,-0.19370293617248535
9735,23,0.868981122970581
9736,10,-1.433496356010437
9737,9,-1.527013897895813
9738,9,-1.460007905960083
9739,16,-0.448516845703125
9740,25,1.2037875652313232
9741,29,1.6932649612426758
9742,9,-1.4809218645095825
9743,24,1.0996739864349365
9744,18,-0.10595250129699707
9745,19,0.11529779434204102
9746,19,0.17223644256591797
9747,19,0.20193862915039062
9748,3,-2.455220937728882
9749,15,-0.5104395151138306
9750,19,0.15268731117248535
9751,18,-0.031000614166259766
9752,26,1.3216743469238281
9753,18,-0.04963839054107666
9754,9,-1.546748399734497
9755,24,1.132192611694336
9756,9,-1.4868390560150146
9757,9,-1.5487959384918213
9758,27,1.470184087753296
9759,9,-1.5124778747558594
9760,9,-1.489888072013855
9761,26,1.295381784439087
9762,19,0.0918734073638916
9763,19,0.11722195148468018
9764,30,1.7368311882019043
9765,9,-1.4850791692733765
9766,24,1.008357286453247
9767,9,-1.556523084640503
9768,25,1.1708755493164062
9769,19,0.2182307243347168
9770,10,-1.4422767162322998
9771,19,0.22967374324798584
9772,18,0.034055233001708984
9773,8,-1.6257810592651367
9774,26,1.3348522186279297
9775,9,-1.5649783611297607
9776,27,1.5302236080169678
9777,19,0.09717333316802979
9778,9,-1.4980511665344238
9779,27,1.4638185501098633
9780,26,1.3005576133728027
9781,5,-2.1990697383880615
9782,9,-1.518235683441162
9783,8,-1.627393126487732
9784,10,-1.4284218549728394
9785,10,-1.4110139608383179
9786,18,-0.05189859867095947
9787,30,1.7728040218353271
9788,23,0.8684594631195068
9789,10,-1.385585904121399
9790,9,-1.4969983100891113
9791,18,-0.053530097007751465
9792,19,0.19080018997192383
9793,19,0.10002601146697998
9794,9,-1.4658931493759155
9795,17,-0.19756042957305908
9796,9,-1.5252282619476318
9797,9,-1.5290580987930298
9798,18,0.0005176067352294922
9799,26,1.3086106777191162
9800,9,-1.5101139545440674
9801,10,-1.3957395553588867
9802,25,1.1672589778900146
9803,10,-1.385969877243042
9804,9,-1.6094337701797485
9805,18,-0.03427290916442871
9806,10,-1.4162578582763672
9807,9,-1.4991114139556885
9808,10,-1.4285682439804077
9809,9,-1.4663159847259521
9810,30,1.7794387340545654
9811,18,-0.0635838508605957
9812,23,0.8877987861633301
9813,9,-1.5339179039001465
9814,18,-0.046938538551330566
9815,25,1.2619476318359375
9816,19,0.13881850242614746
9817,14,-0.7559006810188293
9818,25,1.1577937602996826
9819,9,-1.536425232887268
9820,18,0.012196183204650879
9821,9,-1.5423014163970947
9822,10,-1.4218653440475464
9823,19,0.14370572566986084
9824,18,-0.002474188804626465
9825,9,-1.4703940153121948
9826,17,-0.1655275821685791
9827,25,1.1628966331481934
9828,26,1.2987985610961914
9829,9,-1.507083535194397
9830,19,0.05672264099121094
9831,9,-1.578338384628296
9832,26,1.3907947540283203
9833,25,1.2700672149658203
9834,2,-2.5798654556274414
9835,8,-1.6103461980819702
9836,19,0.07070672512054443
9837,18,0.020684361457824707
9838,19,0.08816266059875488
9839,20,0.2474120855331421
9840,9,-1.5115758180618286
9841,23,0.8772637844085693
9842,26,1.311253309249878
9843,9,-1.5059269666671753
9844,9,-1.4773876667022705
9845,10,-1.4291203022003174
9846,9,-1.567312240600586
9847,19,0.14283299446105957
9848,10,-1.4018083810806274
9849,11,-1.2888097763061523
9850,9,-1.5448951721191406
9851,9,-1.4589924812316895
9852,2,-2.7165935039520264
9853,26,1.365915060043335
9854,10,-1.4447797536849976
9855,9,-1.537866473197937
9856,19,0.22405409812927246
9857,10,-1.3925726413726807
9858,9,-1.4526273012161255
9859,19,0.07821130752563477
9860,30,1.7816541194915771
9861,23,0.8644595146179199
9862,19,0.07210981845855713
9863,9,-1.5825258493423462
9864,18,-0.08198869228363037
9865,9,-1.4571317434310913
9866,9,-1.5058410167694092
9867,9,-1.5221953392028809
9868,9,-1.5085773468017578
9869,19,0.15616154670715332
9870,9,-1.5050811767578125
9871,9,-1.4588617086410522
9872,1,-2.778285026550293
9873,9,-1.5408190488815308
9874,27,1.4508106708526611
9875,16,-0.38826441764831543
9876,26,1.4164886474609375
9877,25,1.157013177871704
9878,9,-1.4890015125274658
9879,9,-1.47935152053833
9880,30,1.7820160388946533
9881,1,-2.8588812351226807
9882,9,-1.5504508018493652
9883,18,-0.0045702457427978516
9884,9,-1.4723159074783325
9885,9,-1.5542364120483398
9886,20,0.2615779638290405
9887,10,-1.4408049583435059
9888,26,1.2908639907836914
9889,9,-1.5101916790008545
9890,10,-1.3830509185791016
9891,19,0.09027886390686035
9892,30,1.7978456020355225
9893,26,1.3412787914276123
9894,9,-1.4591151475906372
9895,9,-1.5506492853164673
9896,25,1.1927506923675537
9897,9,-1.4653791189193726
9898,9,-1.4678210020065308
9899,9,-1.4577466249465942
9900,18,-0.07985031604766846
9901,18,0.0005704164505004883
9902,9,-1.5305601358413696
9903,12,-1.1283892393112183
9904,18,-0.05573427677154541
9905,9,-1.5069940090179443
9906,19,0.16848766803741455
9907,26,1.381800651550293
9908,1,-2.7489066123962402
9909,9,-1.5100334882736206
9910,9,-1.5352189540863037
9911,10,-1.4212640523910522
9912,22,0.7799429893493652
9913,5,-2.098379135131836
9914,9,-1.540663480758667
9915,24,0.9835455417633057
9916,19,0.12419092655181885
9917,9,-1.4709985256195068
9918,10,-1.409754991531372
9919,9,-1.5638391971588135
9920,10,-1.412469506263733
9921,19,0.15389132499694824
9922,9,-1.4830341339111328
9923,18,0.017570853233337402
9924,9,-1.4998077154159546
9925,9,-1.525962471961975
9926,24,1.0048274993896484
9927,27,1.4314513206481934
9928,9,-1.5262635946273804
9929,10,-1.4023773670196533
9930,9,-1.5000560283660889
9931,9,-1.5460119247436523
9932,9,-1.4532967805862427
9933,30,1.7994534969329834
9934,10,-1.3710834980010986
9935,10,-1.4394779205322266
9936,10,-1.4034837484359741
9937,18,0.05295538902282715
9938,10,-1.437856674194336
9939,25,1.2110676765441895
9940,9,-1.5596635341644287
9941,30,1.7955682277679443
9942,10,-1.4083232879638672
9943,11,-1.2546489238739014
9944,9,-1.5796618461608887
9945,19,0.18999695777893066
9946,9,-1.5109584331512451
9947,10,-1.4224517345428467
9948,9,-1.4968398809432983
9949,27,1.4459431171417236
9950,9,-1.4890192747116089
9951,9,-1.5039608478546143
9952,17,-0.14552700519561768
9953,19,0.17786526679992676
9954,24,1.0957636833190918
9955,10,-1.3911670446395874
9956,10,-1.3268992900848389
9957,9,-1.5670723915100098
9958,10,-1.4227687120437622
9959,9,-1.5433475971221924
9960,26,1.3496103286743164
9961,10,-1.4246660470962524
9962,10,-1.439072847366333
9963,9,-1.4930185079574585
9964,10,-1.3224555253982544
9965,9,-1.5015822649002075
9966,19,0.21389448642730713
9967,18,0.0383530855178833
9968,19,0.1695246696472168
9969,18,0.03543257713317871
9970,18,0.04462993144989014
9971,19,0.10636484622955322
9972,9,-1.5029059648513794
9973,18,0.04175972938537598
9974,30,1.792022943496704
9975,19,0.20667767524719238
9976,10,-1.422568440437317
9977,10,-1.3509657382965088
9978,19,0.14333224296569824
9979,26,1.2971513271331787
9980,9,-1.48158860206604
9981,9,-1.5259586572647095
9982,19,0.08017504215240479
9983,19,0.21161282062530518
9984,9,-1.5933226346969604
9985,26,1.3944270610809326
9986,27,1.4680047035217285
9987,9,-1.5010405778884888
9988,18,0.017714977264404297
9989,10,-1.4025099277496338
9990,25,1.2290244102478027
9991,10,-1.3410674333572388
9992,19,0.18405139446258545
9993,9,-1.500748872756958
9994,9,-1.4792652130126953
9995,9,-1.4971795082092285
9996,19,0.22371315956115723
9997,18,0.0037975311279296875
9998,20,0.27620625495910645
9999,16,-0.3254396915435791
10000,10,-1.4346903562545776
10001,10,-1.4077638387680054
10002,9,-1.5327279567718506
10003,9,-1.543097734451294
10004,19,0.21242856979370117
10005,9,-1.5727447271347046
10006,10,-1.443332314491272
10007,10,-1.3342026472091675
10008,10,-1.3888784646987915
10009,11,-1.2291030883789062
10010,19,0.11472439765930176
10011,10,-1.3838385343551636
10012,9,-1.517059087753296
10013,19,0.14367341995239258
10014,18,0.04721212387084961
10015,18,0.03087472915649414
10016,19,0.18253016471862793
10017,9,-1.5633879899978638
10018,19,0.2202465534210205
10019,9,-1.5020623207092285
10020,9,-1.5099875926971436
10021,10,-1.4348444938659668
10022,9,-1.5770093202590942
10023,26,1.354308843612671
10024,19,0.19439411163330078
10025,30,1.7982590198516846
10026,18,0.03519797325134277
10027,19,0.23625731468200684
10028,19,0.10796821117401123
10029,19,0.0902642011642456
10030,27,1.4605369567871094
10031,26,1.4039275646209717
10032,19,0.11213982105255127
10033,18,0.015671730041503906
10034,19,0.18069565296173096
10035,20,0.24800503253936768
10036,26,1.3977844715118408
10037,10,-1.4183688163757324
10038,30,1.7992827892303467
10039,19,0.20865392684936523
10040,23,0.9481565952301025
10041,18,0.008627533912658691
10042,18,-0.10136234760284424
10043,19,0.13270163536071777
10044,23,0.8652267456054688
10045,9,-1.4855210781097412
10046,3,-2.413391590118408
10047,9,-1.4846000671386719
10048,10,-1.4082794189453125
10049,19,0.23800241947174072
10050,9,-1.5215413570404053
10051,19,0.23029053211212158
10052,10,-1.3956294059753418
10053,9,-1.4548248052597046
10054,25,1.1619226932525635
10055,9,-1.4713066816329956
10056,10,-1.4282591342926025
10057,19,0.13304078578948975
10058,10,-1.39687979221344
10059,9,-1.4689608812332153
10060,9,-1.5008249282836914
10061,10,-1.4166947603225708
10062,23,0.9248294830322266
10063,26,1.3297455310821533
10064,9,-1.5195711851119995
10065,9,-1.4907573461532593
10066,19,0.2010326385498047
10067,19,0.24533367156982422
10068,20,0.3344157934188843
10069,19,0.08355391025543213
10070,9,-1.4792957305908203
10071,26,1.4127848148345947
10072,20,0.26464056968688965
10073,17,-0.13664579391479492
10074,19,0.07304394245147705
10075,18,-0.010184645652770996
10076,20,0.2762763500213623
10077,12,-1.1218349933624268
10078,9,-1.5064301490783691
10079,10,-1.4334098100662231
10080,10,-1.3922638893127441
10081,10,-1.3453997373580933
10082,10,-1.438123345375061
10083,19,0.17967402935028076
10084,10,-1.445878028869629
10085,10,-1.4110318422317505
10086,21,0.6230895519256592
10087,9,-1.515966534614563
10088,9,-1.5151221752166748
10089,9,-1.5269837379455566
10090,11,-1.229360818862915
10091,25,1.1769180297851562
10092,27,1.424119472503662
10093,9,-1.5152642726898193
10094,19,0.2376856803894043
10095,9,-1.5186342000961304
10096,9,-1.5148260593414307
10097,9,-1.503108263015747
10098,26,1.385511875152588
10099,9,-1.4902905225753784
10100,9,-1.4959473609924316
10101,19,0.1260126829147339
10102,10,-1.4341490268707275
10103,14,-0.7297142744064331
10104,19,0.19828760623931885
10105,26,1.2901701927185059
10106,26,1.3135933876037598
10107,9,-1.5048391819000244
10108,9,-1.4679824113845825
10109,9,-1.4667664766311646
10110,23,0.8968329429626465
10111,10,-1.401295781135559
10112,9,-1.4953255653381348
10113,19,0.09539949893951416
10114,26,1.3599584102630615
10115,25,1.2270793914794922
10116,9,-1.479518175125122
10117,19,0.2166842222213745
10118,25,1.1759181022644043
10119,20,0.2678793668746948
10120,29,1.694944143295288
10121,9,-1.5322471857070923
10122,30,1.7874441146850586
10123,30,1.7790191173553467
10124,24,1.1260061264038086
10125,20,0.32616353034973145
10126,19,0.21365010738372803
10127,4,-2.337430000305176
10128,19,0.22253942489624023
10129,10,-1.3967385292053223
10130,9,-1.5084813833236694
10131,9,-1.4891602993011475
10132,26,1.3601477146148682
10133,19,0.22737526893615723
10134,9,-1.4559385776519775
10135,19,0.22238755226135254
10136,25,1.1899209022521973
10137,10,-1.4325437545776367
10138,10,-1.3433043956756592
10139,19,0.2258380651473999
10140,19,0.17006945610046387
10141,4,-2.398061752319336
10142,19,0.19348621368408203
10143,26,1.388596773147583
10144,10,-1.3567559719085693
10145,8,-1.6336597204208374
10146,19,0.14835989475250244
10147,24,1.1247034072875977
10148,9,-1.504455327987671
10149,9,-1.5130970478057861
10150,18,-0.04057002067565918
10151,10,-1.3355406522750854
10152,25,1.2539491653442383
10153,10,-1.4489132165908813
10154,25,1.2570960521697998
10155,9,-1.5742183923721313
10156,20,0.2993985414505005
10157,10,-1.4240148067474365
10158,9,-1.5362329483032227
10159,9,-1.4868032932281494
10160,17,-0.28359198570251465
10161,9,-1.4783555269241333
10162,9,-1.5267577171325684
10163,9,-1.4748632907867432
10164,10,-1.3197517395019531
10165,9,-1.464301586151123
10166,18,0.049790024757385254
10167,24,1.0585899353027344
10168,9,-1.4741157293319702
10169,9,-1.5078245401382446
10170,10,-1.33004891872406
10171,9,-1.5060522556304932
10172,26,1.3816912174224854
10173,19,0.20379281044006348
10174,18,0.04337453842163086
10175,19,0.06690025329589844
10176,30,1.7969310283660889
10177,20,0.3195890188217163
10178,26,1.4172823429107666
10179,1,-2.7937002182006836
10180,10,-1.3651853799819946
10181,11,-1.2741320133209229
10182,19,0.18523657321929932
10183,19,0.1885141134262085
10184,24,1.0463125705718994
10185,26,1.314121961593628
10186,10,-1.392581582069397
10187,10,-1.3843914270401
10188,25,1.199026346206665
10189,18,-0.10194027423858643
10190,19,0.104164719581604
10191,19,0.2037818431854248
10192,20,0.37945306301116943
10193,10,-1.4103010892868042
10194,10,-1.3362675905227661
10195,19,0.15154767036437988
10196,20,0.34556007385253906
10197,18,0.020145297050476074
10198,17,-0.198577880859375
10199,11,-1.2530601024627686
10200,19,0.15768778324127197
10201,24,1.0509388446807861
10202,17,-0.2097264528274536
10203,19,0.2033684253692627
10204,19,0.24005281925201416
10205,9,-1.4823410511016846
10206,10,-1.4338222742080688
10207,9,-1.4722362756729126
10208,19,0.2064211368560791
10209,10,-1.3894696235656738
10210,11,-1.2229158878326416
10211,25,1.2516906261444092
10212,19,0.20155882835388184
10213,9,-1.466911792755127
10214,19,0.05655503273010254
10215,18,-0.07347893714904785
10216,10,-1.4352744817733765
10217,10,-1.3892583847045898
10218,24,1.0295472145080566
10219,10,-1.428913950920105
10220,18,-0.011724114418029785
10221,18,-0.02938711643218994
10222,25,1.2029211521148682
10223,20,0.2487781047821045
10224,19,0.18544769287109375
10225,27,1.4233806133270264
10226,24,1.0111603736877441
10227,20,0.24821865558624268
10228,9,-1.4495174884796143
10229,9,-1.4577107429504395
10230,9,-1.480968952178955
10231,10,-1.4038617610931396
10232,29,1.7158560752868652
10233,9,-1.4607104063034058
10234,19,0.12603652477264404
10235,22,0.757847785949707
10236,10,-1.4171243906021118
10237,30,1.7591736316680908
10238,19,0.207025408744812
10239,9,-1.5010443925857544
10240,25,1.185096263885498
10241,10,-1.4413154125213623
10242,26,1.3938117027282715
10243,10,-1.3875912427902222
10244,10,-1.4186815023422241
10245,19,0.11971044540405273
10246,10,-1.432828664779663
10247,27,1.5038583278656006
10248,19,0.07398676872253418
10249,25,1.167435884475708
10250,10,-1.351593255996704
10251,21,0.5417826175689697
10252,25,1.273540735244751
10253,9,-1.5528165102005005
10254,19,0.23944830894470215
10255,10,-1.4212173223495483
10256,9,-1.5298413038253784
10257,19,0.15475940704345703
10258,9,-1.4777090549468994
10259,10,-1.4402645826339722
10260,20,0.2525426149368286
10261,10,-1.3379532098770142
10262,19,0.16710829734802246
10263,9,-1.5380991697311401
10264,19,0.13823115825653076
10265,10,-1.304907202720642
10266,19,0.21762144565582275
10267,9,-1.465002417564392
10268,18,-0.10082066059112549
10269,30,1.7976107597351074
10270,10,-1.3191444873809814
10271,26,1.407907247543335
10272,20,0.24790167808532715
10273,10,-1.4341236352920532
10274,12,-1.1107122898101807
10275,25,1.2013940811157227
10276,25,1.1992223262786865
10277,10,-1.369241714477539
10278,26,1.3002164363861084
10279,10,-1.3577438592910767
10280,20,0.3226916790008545
10281,10,-1.413368821144104
10282,19,0.07364416122436523
10283,20,0.33722591400146484
10284,26,1.3279576301574707
10285,10,-1.4374802112579346
10286,20,0.29528892040252686
10287,20,0.2585763931274414
10288,9,-1.4567492008209229
10289,10,-1.347785234451294
10290,19,0.19008100032806396
10291,26,1.4127342700958252
10292,10,-1.3637182712554932
10293,10,-1.4043023586273193
10294,20,0.3000088930130005
10295,26,1.3473765850067139
10296,10,-1.4355337619781494
10297,10,-1.4106314182281494
10298,26,1.2887272834777832
10299,25,1.2271604537963867
10300,20,0.2560476064682007
10301,9,-1.5127278566360474
10302,19,0.12748253345489502
10303,9,-1.4644016027450562
10304,9,-1.5453718900680542
10305,7,-1.775212287902832
10306,11,-1.2205841541290283
10307,10,-1.300176978111267
10308,10,-1.403991460800171
10309,10,-1.4056909084320068
10310,19,0.07403647899627686
10311,27,1.4268798828125
10312,11,-1.231615662574768
10313,10,-1.4244757890701294
10314,20,0.29863691329956055
10315,10,-1.4015659093856812
10316,30,1.7977027893066406
10317,11,-1.2836925983428955
10318,9,-1.4704995155334473
10319,19,0.09048843383789062
10320,24,1.071831226348877
10321,1,-2.7866740226745605
10322,9,-1.492911458015442
10323,25,1.2420856952667236
10324,23,0.828399658203125
10325,10,-1.4025427103042603
10326,9,-1.471644639968872
10327,20,0.2844959497451782
10328,10,-1.4171289205551147
10329,10,-1.4158027172088623
10330,9,-1.47568941116333
10331,10,-1.4481916427612305
10332,26,1.3777236938476562
10333,10,-1.3333852291107178
10334,12,-1.022627592086792
10335,9,-1.4509409666061401
10336,26,1.3932976722717285
10337,9,-1.4685251712799072
10338,10,-1.4410779476165771
10339,9,-1.5076192617416382
10340,27,1.4693951606750488
10341,18,-0.04364800453186035
10342,19,0.056862711906433105
10343,25,1.2206859588623047
10344,10,-1.3258285522460938
10345,19,0.17481887340545654
10346,21,0.592684268951416
10347,10,-1.3437573909759521
10348,26,1.3546874523162842
10349,27,1.4515981674194336
10350,10,-1.350789189338684
10351,17,-0.27673470973968506
10352,20,0.3387566804885864
10353,20,0.2783430814743042
10354,30,1.7551991939544678
10355,10,-1.371872067451477
10356,25,1.2744498252868652
10357,10,-1.3581883907318115
10358,18,-0.026413798332214355
10359,9,-1.4872957468032837
10360,9,-1.5570566654205322
10361,10,-1.4070985317230225
10362,19,0.19530999660491943
10363,9,-1.5063450336456299
10364,19,0.08036470413208008
10365,23,0.871375322341919
10366,20,0.2568436861038208
10367,19,0.23205232620239258
10368,10,-1.4463165998458862
10369,24,1.0254173278808594
10370,10,-1.3835784196853638
10371,19,0.17496097087860107
10372,18,0.041680216789245605
10373,10,-1.4168404340744019
10374,19,0.1634272336959839
10375,10,-1.4332070350646973
10376,24,1.1222903728485107
10377,10,-1.3835726976394653
10378,10,-1.434262752532959
10379,11,-1.2647120952606201
10380,9,-1.497815728187561
10381,10,-1.4006457328796387
10382,17,-0.12368607521057129
10383,18,-0.10125982761383057
10384,19,0.19463109970092773
10385,27,1.423473834991455
10386,20,0.2735494375228882
10387,10,-1.416028380393982
10388,24,1.1011021137237549
10389,19,0.1287553310394287
10390,20,0.2762237787246704
10391,10,-1.4469192028045654
10392,19,0.23856604099273682
10393,10,-1.3908401727676392
10394,10,-1.4125900268554688
10395,25,1.2022387981414795
10396,25,1.171208143234253
10397,19,0.1329803466796875
10398,10,-1.3577229976654053
10399,10,-1.3960061073303223
10400,27,1.4851772785186768
10401,10,-1.4233540296554565
10402,10,-1.4258569478988647
10403,11,-1.260742425918579
10404,10,-1.389024257659912
10405,24,1.0233309268951416
10406,19,0.15737855434417725
10407,19,0.2340714931488037
10408,20,0.315921425819397
10409,19,0.17247116565704346
10410,26,1.3345983028411865
10411,11,-1.2796262502670288
10412,10,-1.3145828247070312
10413,25,1.185020923614502
10414,10,-1.3886566162109375
10415,19,0.24093317985534668
10416,26,1.3526747226715088
10417,16,-0.37077879905700684
10418,9,-1.4501982927322388
10419,20,0.29069507122039795
10420,23,0.9728555679321289
10421,25,1.2570343017578125
10422,29,1.7344772815704346
10423,17,-0.17459595203399658
10424,26,1.398465633392334
10425,10,-1.3789703845977783
10426,10,-1.3787058591842651
10427,20,0.33420276641845703
10428,19,0.21260643005371094
10429,26,1.4156880378723145
10430,10,-1.4289332628250122
10431,10,-1.3018481731414795
10432,10,-1.399898886680603
10433,27,1.4643685817718506
10434,10,-1.421463131904602
10435,9,-1.452696442604065
10436,27,1.4206116199493408
10437,9,-1.4530128240585327
10438,30,1.7898190021514893
10439,11,-1.2762759923934937
10440,10,-1.4130948781967163
10441,10,-1.4354839324951172
10442,25,1.2006192207336426
10443,20,0.26870203018188477
10444,25,1.1544857025146484
10445,29,1.6374881267547607
10446,20,0.26481950283050537
10447,1,-2.7931675910949707
10448,12,-1.0964419841766357
10449,17,-0.1781907081604004
10450,19,0.12358033657073975
10451,10,-1.4354881048202515
10452,11,-1.27584707736969
10453,19,0.1188046932220459
10454,19,0.05704796314239502
10455,27,1.4279956817626953
10456,25,1.2775378227233887
10457,26,1.3760168552398682
10458,25,1.2866911888122559
10459,19,0.22943687438964844
10460,20,0.3108881711959839
10461,24,1.0659797191619873
10462,20,0.27409327030181885
10463,11,-1.2648717164993286
10464,24,0.9851422309875488
10465,26,1.3611395359039307
10466,15,-0.6097447276115417
10467,9,-1.4569165706634521
10468,10,-1.3647187948226929
10469,20,0.2929316759109497
10470,9,-1.513242244720459
10471,1,-2.8311986923217773
10472,19,0.2206047773361206
10473,24,1.007359504699707
10474,26,1.3399784564971924
10475,18,-0.05766308307647705
10476,10,-1.4407585859298706
10477,10,-1.4384032487869263
10478,27,1.4182841777801514
10479,19,0.06604063510894775
10480,28,1.6336545944213867
10481,10,-1.4150550365447998
10482,10,-1.4208253622055054
10483,19,0.15168428421020508
10484,13,-0.8683695793151855
10485,9,-1.4614291191101074
10486,19,0.17212295532226562
10487,2,-2.6118433475494385
10488,9,-1.4754401445388794
10489,9,-1.461890697479248
10490,3,-2.486128807067871
10491,9,-1.4860726594924927
10492,10,-1.389329195022583
10493,19,0.1966930627822876
10494,19,0.1640925407409668
10495,20,0.28505992889404297
10496,20,0.36081933975219727
10497,26,1.4049391746520996
10498,20,0.2697291374206543
10499,10,-1.399680495262146
10500,27,1.4479119777679443
10501,26,1.2987353801727295
10502,10,-1.4239917993545532
10503,10,-1.4348429441452026
10504,27,1.4858381748199463
10505,19,0.22861731052398682
10506,10,-1.350534439086914
10507,18,-0.11124730110168457
10508,9,-1.4657384157180786
10509,10,-1.3840605020523071
10510,10,-1.3783067464828491
10511,10,-1.439677357673645
10512,25,1.1958942413330078
10513,20,0.29659712314605713
10514,19,0.08105278015136719
10515,28,1.558809518814087
10516,10,-1.445587396621704
10517,30,1.7866897583007812
10518,10,-1.3613985776901245
10519,22,0.7986059188842773
10520,10,-1.4122307300567627
10521,20,0.2718712091445923
10522,24,0.9893310070037842
10523,10,-1.4318746328353882
10524,24,1.0699970722198486
10525,25,1.2497427463531494
10526,25,1.2207794189453125
10527,10,-1.3905619382858276
10528,20,0.3590198755264282
10529,10,-1.3559010028839111
10530,10,-1.4144703149795532
10531,26,1.4147512912750244
10532,19,0.06511473655700684
10533,10,-1.3770558834075928
10534,9,-1.4756203889846802
10535,19,0.0876610279083252
10536,27,1.43861985206604
10537,19,0.14580297470092773
10538,10,-1.3314526081085205
10539,11,-1.2645049095153809
10540,21,0.4618474245071411
10541,27,1.4215915203094482
10542,10,-1.36905837059021
10543,10,-1.441886305809021
10544,19,0.23857855796813965
10545,10,-1.4231326580047607
10546,4,-2.3123345375061035
10547,6,-1.998995304107666
10548,8,-1.6310945749282837
10549,19,0.20661306381225586
10550,27,1.4405419826507568
10551,18,-0.022664546966552734
10552,20,0.3709667921066284
10553,19,0.14279937744140625
10554,27,1.4337224960327148
10555,20,0.3008689880371094
10556,10,-1.3772467374801636
10557,30,1.7577943801879883
10558,9,-1.4867889881134033
10559,20,0.2649728059768677
10560,19,0.1462010145187378
10561,27,1.4682443141937256
10562,11,-1.1930108070373535
10563,27,1.4631013870239258
10564,10,-1.4257354736328125
10565,19,0.15323984622955322
10566,10,-1.4042255878448486
10567,10,-1.4365217685699463
10568,26,1.3735277652740479
10569,10,-1.29617178440094
10570,25,1.2489855289459229
10571,10,-1.424667239189148
10572,23,0.9256868362426758
10573,10,-1.362910509109497
10574,25,1.1891663074493408
10575,11,-1.2075409889221191
10576,10,-1.4216972589492798
10577,10,-1.446806788444519
10578,10,-1.3605320453643799
10579,10,-1.3063322305679321
10580,11,-1.1911123991012573
10581,10,-1.3301998376846313
10582,19,0.14237558841705322
10583,20,0.254280686378479
10584,20,0.37430262565612793
10585,24,1.045173168182373
10586,10,-1.4411976337432861
10587,10,-1.4050899744033813
10588,9,-1.4525002241134644
10589,11,-1.2733310461044312
10590,10,-1.3308154344558716
10591,20,0.2761586904525757
10592,25,1.1494834423065186
10593,18,-0.06777417659759521
10594,19,0.1931009292602539
10595,10,-1.303244948387146
10596,10,-1.3472211360931396
10597,10,-1.4190155267715454
10598,10,-1.293487548828125
10599,25,1.2537131309509277
10600,25,1.17704176902771
10601,18,0.02516317367553711
10602,9,-1.4697703123092651
10603,27,1.4995996952056885
10604,27,1.4413535594940186
10605,10,-1.424959659576416
10606,10,-1.4021613597869873
10607,19,0.23382747173309326
10608,20,0.3720020055770874
10609,20,0.3599717617034912
10610,10,-1.3996214866638184
10611,12,-1.0777077674865723
10612,10,-1.3546109199523926
10613,9,-1.5194884538650513
10614,10,-1.3827825784683228
10615,27,1.441849708557129
10616,10,-1.4017953872680664
10617,20,0.32500481605529785
10618,10,-1.4095726013183594
10619,20,0.3411303758621216
10620,19,0.201002836227417
10621,21,0.4967234134674072
10622,11,-1.1850039958953857
10623,20,0.29724371433258057
10624,10,-1.3701523542404175
10625,20,0.26328229904174805
10626,21,0.4330573081970215
10627,9,-1.4624321460723877
10628,20,0.3404611349105835
10629,10,-1.377687692642212
10630,12,-1.082169771194458
10631,10,-1.3627668619155884
10632,17,-0.23580503463745117
10633,10,-1.3432979583740234
10634,9,-1.4563509225845337
10635,19,0.1938166618347168
10636,20,0.28082752227783203
10637,10,-1.3896681070327759
10638,19,0.09855890274047852
10639,20,0.34164929389953613
10640,10,-1.3570836782455444
10641,20,0.24644804000854492
10642,19,0.12905383110046387
10643,20,0.3020639419555664
10644,19,0.15019738674163818
10645,25,1.157163381576538
10646,27,1.4515695571899414
10647,20,0.36859118938446045
10648,10,-1.4180151224136353
10649,18,0.05449378490447998
10650,26,1.3082120418548584
10651,25,1.2554562091827393
10652,19,0.07207560539245605
10653,11,-1.1784244775772095
10654,26,1.3095192909240723
10655,23,0.8918836116790771
10656,10,-1.3351203203201294
10657,20,0.24958980083465576
10658,30,1.767146110534668
10659,10,-1.4186164140701294
10660,10,-1.36081862449646
10661,21,0.4949300289154053
10662,9,-1.4720382690429688
10663,10,-1.3831167221069336
10664,24,1.140411615371704
10665,20,0.31774699687957764
10666,18,-0.0473790168762207
10667,25,1.195051670074463
10668,7,-1.8229713439941406
10669,14,-0.6804400086402893
10670,10,-1.4362891912460327
10671,10,-1.4130628108978271
10672,18,-0.021555662155151367
10673,10,-1.3814700841903687
10674,11,-1.2776901721954346
10675,19,0.17446565628051758
10676,20,0.30197417736053467
10677,27,1.4486680030822754
10678,10,-1.3167569637298584
10679,19,0.1954401731491089
10680,25,1.2101550102233887
10681,21,0.6204144954681396
10682,18,0.03753030300140381
10683,13,-0.8510688543319702
10684,9,-1.4970221519470215
10685,11,-1.1990017890930176
10686,10,-1.4026435613632202
10687,10,-1.409449577331543
10688,19,0.06732940673828125
10689,10,-1.3637875318527222
10690,10,-1.4092406034469604
10691,10,-1.3136276006698608
10692,25,1.1960742473602295
10693,20,0.33526527881622314
10694,27,1.4483816623687744
10695,10,-1.3958255052566528
10696,19,0.138755202293396
10697,10,-1.4100267887115479
10698,20,0.4043084383010864
10699,20,0.3105126619338989
10700,25,1.2173538208007812
10701,19,0.20157206058502197
10702,10,-1.3350070714950562
10703,10,-1.4408955574035645
10704,20,0.36945009231567383
10705,20,0.36055803298950195
10706,10,-1.4057295322418213
10707,20,0.32773053646087646
10708,20,0.3937565088272095
10709,10,-1.377532720565796
10710,25,1.2467105388641357
10711,27,1.4296493530273438
10712,10,-1.4339919090270996
10713,11,-1.2852295637130737
10714,11,-1.1992634534835815
10715,11,-1.2369818687438965
10716,11,-1.2931610345840454
10717,20,0.37536537647247314
10718,20,0.29807376861572266
10719,20,0.3641998767852783
10720,20,0.3566547632217407
10721,26,1.3319544792175293
10722,11,-1.2786667346954346
10723,20,0.33212780952453613
10724,11,-1.2475776672363281
10725,10,-1.383538007736206
10726,10,-1.3157329559326172
10727,10,-1.3933088779449463
10728,10,-1.4010467529296875
10729,10,-1.3023639917373657
10730,20,0.3529698848724365
10731,11,-1.2665526866912842
10732,10,-1.351405143737793
10733,5,-2.1360044479370117
10734,27,1.422595500946045
10735,10,-1.3570102453231812
10736,20,0.315468430519104
10737,9,-1.4726988077163696
10738,10,-1.4195774793624878
10739,23,0.9363679885864258
10740,27,1.4564790725708008
10741,20,0.3591674566268921
10742,20,0.3348773717880249
10743,10,-1.3649612665176392
10744,11,-1.2814133167266846
10745,26,1.3545947074890137
10746,19,0.07053780555725098
10747,30,1.7999756336212158
10748,20,0.38701021671295166
10749,10,-1.2946699857711792
10750,10,-1.3444956541061401
10751,10,-1.317995309829712
10752,20,0.3347511291503906
10753,10,-1.389074683189392
10754,10,-1.3439412117004395
10755,20,0.32089924812316895
10756,27,1.4578280448913574
10757,10,-1.4050953388214111
10758,20,0.3392730951309204
10759,19,0.23449623584747314
10760,10,-1.3158327341079712
10761,19,0.15410184860229492
10762,18,0.05050241947174072
10763,10,-1.4466664791107178
10764,20,0.2696218490600586
10765,19,0.1357177495956421
10766,18,0.012734651565551758
10767,10,-1.386202096939087
10768,25,1.2625486850738525
10769,20,0.36909353733062744
10770,26,1.3612627983093262
10771,10,-1.376752257347107
10772,20,0.27661454677581787
10773,10,-1.4088828563690186
10774,10,-1.3867334127426147
10775,10,-1.3284989595413208
10776,10,-1.4037084579467773
10777,10,-1.3818602561950684
10778,10,-1.4025839567184448
10779,20,0.3862636089324951
10780,19,0.23099088668823242
10781,10,-1.3976696729660034
10782,23,0.9353694915771484
10783,20,0.3033548593521118
10784,20,0.40226471424102783
10785,10,-1.3541903495788574
10786,11,-1.2780609130859375
10787,26,1.3400273323059082
10788,20,0.3819127082824707
10789,30,1.7616779804229736
10790,26,1.3559937477111816
10791,10,-1.3673670291900635
10792,20,0.35286903381347656
10793,26,1.3848083019256592
10794,26,1.3197367191314697
10795,26,1.3976459503173828
10796,10,-1.343774437904358
10797,12,-1.0841227769851685
10798,10,-1.4453433752059937
10799,20,0.4024127721786499
10800,26,1.3516666889190674
10801,11,-1.248582363128662
10802,5,-2.1130149364471436
10803,10,-1.384432315826416
10804,11,-1.254272699356079
10805,10,-1.3083511590957642
10806,29,1.6456036567687988
10807,10,-1.3408432006835938
10808,19,0.1662461757659912
10809,20,0.3280278444290161
10810,20,0.3395836353302002
10811,10,-1.3541618585586548
10812,9,-1.452508568763733
10813,11,-1.2396740913391113
10814,27,1.4198977947235107
10815,20,0.35501861572265625
10816,30,1.7732954025268555
10817,10,-1.3742122650146484
10818,19,0.23590850830078125
10819,11,-1.2131733894348145
10820,11,-1.2435611486434937
10821,26,1.406491994857788
10822,26,1.3750574588775635
10823,21,0.46988368034362793
10824,11,-1.242313027381897
10825,10,-1.3381402492523193
10826,20,0.3933171033859253
10827,10,-1.3877723217010498
10828,10,-1.3689229488372803
10829,11,-1.2081063985824585
10830,11,-1.2756657600402832
10831,20,0.2767215967178345
10832,19,0.11178874969482422
10833,19,0.15440309047698975
10834,10,-1.3344080448150635
10835,19,0.1672452688217163
10836,10,-1.3481690883636475
10837,10,-1.3694393634796143
10838,11,-1.1885976791381836
10839,19,0.24305438995361328
10840,19,0.17265582084655762
10841,10,-1.3401710987091064
10842,20,0.3610881567001343
10843,20,0.2851830720901489
10844,20,0.40866518020629883
10845,27,1.4803600311279297
10846,20,0.3361748456954956
10847,10,-1.347259759902954
10848,10,-1.4068328142166138
10849,19,0.10414350032806396
10850,11,-1.2805336713790894
10851,7,-1.8407251834869385
10852,20,0.28896963596343994
10853,28,1.5518269538879395
10854,10,-1.4240474700927734
10855,20,0.37728047370910645
10856,20,0.4088689088821411
10857,10,-1.374837040901184
10858,10,-1.2959184646606445
10859,21,0.4810500144958496
10860,10,-1.395611047744751
10861,10,-1.386645793914795
10862,10,-1.351022481918335
10863,20,0.36094820499420166
10864,11,-1.236009955406189
10865,4,-2.376626968383789
10866,21,0.4592386484146118
10867,10,-1.3480865955352783
10868,11,-1.1979188919067383
10869,11,-1.2254910469055176
10870,26,1.412768840789795
10871,3,-2.445998191833496
10872,20,0.3929938077926636
10873,10,-1.3419145345687866
10874,20,0.32405900955200195
10875,26,1.415609359741211
10876,10,-1.399011492729187
10877,10,-1.3220648765563965
10878,10,-1.3589421510696411
10879,19,0.12805628776550293
10880,11,-1.287244439125061
10881,20,0.3102654218673706
10882,9,-1.4526346921920776
10883,19,0.15903961658477783
10884,30,1.7741785049438477
10885,11,-1.2686870098114014
10886,20,0.3865067958831787
10887,25,1.2839982509613037
10888,25,1.1771092414855957
10889,18,-0.0286637544631958
10890,11,-1.272704005241394
10891,10,-1.3450570106506348
10892,20,0.28703129291534424
10893,27,1.5229320526123047
10894,10,-1.4312117099761963
10895,26,1.3560194969177246
10896,20,0.2569549083709717
10897,11,-1.198466181755066
10898,20,0.33998870849609375
10899,10,-1.304697871208191
10900,24,1.031926155090332
10901,27,1.43497633934021
10902,11,-1.2555854320526123
10903,10,-1.2962380647659302
10904,12,-1.111112117767334
10905,20,0.38812124729156494
10906,20,0.3130967617034912
10907,27,1.452880859375
10908,11,-1.1654448509216309
10909,13,-0.9234963655471802
10910,20,0.42010676860809326
10911,10,-1.2955093383789062
10912,25,1.1857717037200928
10913,1,-2.8457083702087402
10914,10,-1.4120584726333618
10915,10,-1.3748542070388794
10916,21,0.4349222183227539
10917,28,1.552231788635254
10918,27,1.439119577407837
10919,20,0.2577834129333496
10920,10,-1.3396871089935303
10921,20,0.4066885709762573
10922,18,-0.038759708404541016
10923,20,0.3195575475692749
10924,19,0.14065611362457275
10925,10,-1.346576452255249
10926,11,-1.2248207330703735
10927,20,0.3995898962020874
10928,25,1.1829118728637695
10929,19,0.1257106065750122
10930,20,0.2981983423233032
10931,11,-1.1747949123382568
10932,20,0.3153724670410156
10933,10,-1.3617860078811646
10934,20,0.39174044132232666
10935,11,-1.2697199583053589
10936,10,-1.3428783416748047
10937,11,-1.1934046745300293
10938,27,1.445885419845581
10939,12,-1.0644524097442627
10940,10,-1.3747584819793701
10941,11,-1.2277820110321045
10942,10,-1.3895058631896973
10943,26,1.2943239212036133
10944,26,1.4137001037597656
10945,10,-1.3916151523590088
10946,18,-0.09000325202941895
10947,10,-1.397903323173523
10948,20,0.32066822052001953
10949,26,1.3258914947509766
10950,10,-1.338914394378662
10951,10,-1.356872797012329
10952,10,-1.3774892091751099
10953,27,1.4670560359954834
10954,25,1.246372938156128
10955,10,-1.3587965965270996
10956,10,-1.3053905963897705
10957,19,0.2288573980331421
10958,1,-2.8222146034240723
10959,27,1.4915242195129395
10960,19,0.22708868980407715
10961,20,0.25145745277404785
10962,20,0.3234473466873169
10963,20,0.31117963790893555
10964,11,-1.1960954666137695
10965,10,-1.2999578714370728
10966,20,0.34549736976623535
10967,11,-1.272850513458252
10968,20,0.29912400245666504
10969,20,0.30966007709503174
10970,10,-1.3325282335281372
10971,27,1.5116448402404785
10972,10,-1.3418363332748413
10973,20,0.313900351524353
10974,10,-1.325446367263794
10975,20,0.3093973398208618
10976,20,0.26614344120025635
10977,10,-1.3355278968811035
10978,10,-1.3417810201644897
10979,10,-1.3622523546218872
10980,20,0.3552209138870239
10981,11,-1.261548638343811
10982,10,-1.3209470510482788
10983,10,-1.3254472017288208
10984,12,-1.1183868646621704
10985,19,0.24437904357910156
10986,20,0.28353357315063477
10987,20,0.37059223651885986
10988,19,0.2246994972229004
10989,20,0.4285416603088379
10990,27,1.4209105968475342
10991,10,-1.3113791942596436
10992,26,1.342371940612793
10993,10,-1.3759422302246094
10994,24,1.0548222064971924
10995,10,-1.339798927307129
10996,19,0.23623991012573242
10997,25,1.2085213661193848
10998,10,-1.3416963815689087
10999,9,-1.480590581893921
11000,24,1.1017298698425293
11001,19,0.24539828300476074
11002,20,0.3627023696899414
11003,25,1.1699776649475098
11004,6,-2.004204273223877
11005,10,-1.3056995868682861
11006,20,0.39863598346710205
11007,20,0.38051652908325195
11008,27,1.4470252990722656
11009,10,-1.3399869203567505
11010,25,1.2811620235443115
11011,26,1.3267810344696045
11012,28,1.5835015773773193
11013,10,-1.2936463356018066
11014,11,-1.2470171451568604
11015,27,1.4995472431182861
11016,20,0.353640079498291
11017,11,-1.2427682876586914
11018,11,-1.2917698621749878
11019,20,0.254514217376709
11020,30,1.7981758117675781
11021,10,-1.3153210878372192
11022,26,1.3096201419830322
11023,25,1.2549216747283936
11024,20,0.30687451362609863
11025,21,0.4774785041809082
11026,10,-1.3064936399459839
11027,20,0.4058563709259033
11028,17,-0.16762375831604004
11029,10,-1.3507131338119507
11030,26,1.3054704666137695
11031,10,-1.388942837715149
11032,10,-1.4204591512680054
11033,10,-1.3679784536361694
11034,27,1.5241098403930664
11035,19,0.08555638790130615
11036,27,1.4462249279022217
11037,10,-1.3018386363983154
11038,20,0.38880717754364014
11039,19,0.23659241199493408
11040,20,0.27573084831237793
11041,11,-1.2066352367401123
11042,11,-1.1790268421173096
11043,25,1.1763060092926025
11044,10,-1.4077446460723877
11045,10,-1.3233880996704102
11046,11,-1.2548518180847168
11047,11,-1.2275679111480713
11048,11,-1.2004246711730957
11049,10,-1.303640365600586
11050,26,1.331634283065796
11051,11,-1.194573163986206
11052,21,0.5589792728424072
11053,11,-1.1498634815216064
11054,10,-1.3057924509048462
11055,10,-1.354601263999939
11056,25,1.2288925647735596
11057,20,0.352840781211853
11058,11,-1.2005988359451294
11059,20,0.41136181354522705
11060,11,-1.1456973552703857
11061,11,-1.2816671133041382
11062,25,1.28116774559021
11063,10,-1.3107563257217407
11064,10,-1.357424020767212
11065,10,-1.308932900428772
11066,11,-1.2313814163208008
11067,20,0.365689754486084
11068,19,0.18933749198913574
11069,27,1.5119218826293945
11070,10,-1.3751848936080933
11071,10,-1.409741997718811
11072,3,-2.4243826866149902
11073,11,-1.2918568849563599
11074,20,0.31135082244873047
11075,12,-1.1227495670318604
11076,20,0.34025001525878906
11077,10,-1.37101149559021
11078,20,0.33706164360046387
11079,10,-1.3323051929473877
11080,20,0.3472328186035156
11081,11,-1.1702260971069336
11082,10,-1.357546329498291
11083,11,-1.244173288345337
11084,21,0.47296786308288574
11085,25,1.2686703205108643
11086,20,0.4185750484466553
11087,19,0.1901688575744629
11088,30,1.7921428680419922
11089,25,1.2124457359313965
11090,26,1.4176084995269775
11091,11,-1.2125024795532227
11092,10,-1.340144157409668
11093,10,-1.3207848072052002
11094,19,0.14356517791748047
11095,11,-1.2535477876663208
11096,20,0.25441932678222656
11097,29,1.728266954421997
11098,11,-1.2740241289138794
11099,19,0.17937231063842773
11100,10,-1.3714220523834229
11101,27,1.4334027767181396
11102,20,0.3140007257461548
11103,11,-1.2587953805923462
11104,11,-1.230433464050293
11105,26,1.3761670589447021
11106,11,-1.2175195217132568
11107,20,0.3512622117996216
11108,21,0.47869133949279785
11109,10,-1.3684583902359009
11110,19,0.058991312980651855
11111,10,-1.3299810886383057
11112,20,0.28514885902404785
11113,11,-1.2507120370864868
11114,11,-1.1859320402145386
11115,20,0.28632867336273193
11116,11,-1.2385683059692383
11117,20,0.39009392261505127
11118,26,1.3694605827331543
11119,20,0.3941349983215332
11120,9,-1.599344253540039
11121,12,-1.0971739292144775
11122,30,1.7534489631652832
11123,28,1.5471222400665283
11124,10,-1.3422386646270752
11125,11,-1.1472525596618652
11126,21,0.45070087909698486
11127,20,0.36936986446380615
11128,26,1.3026328086853027
11129,5,-2.214555263519287
11130,11,-1.2572531700134277
11131,10,-1.3159379959106445
11132,19,0.16396164894104004
11133,11,-1.2712349891662598
11134,10,-1.3251911401748657
11135,10,-1.3459478616714478
11136,20,0.4020887613296509
11137,10,-1.3043197393417358
11138,20,0.29965174198150635
11139,11,-1.2138102054595947
11140,10,-1.348902940750122
11141,20,0.3892951011657715
11142,26,1.4176714420318604
11143,11,-1.2855442762374878
11144,30,1.7897632122039795
11145,20,0.4055265188217163
11146,21,0.5328421592712402
11147,20,0.34420502185821533
11148,10,-1.3449761867523193
11149,28,1.5523955821990967
11150,11,-1.2875224351882935
11151,11,-1.2240852117538452
11152,10,-1.3417117595672607
11153,11,-1.2829397916793823
11154,20,0.24829232692718506
11155,26,1.3527474403381348
11156,11,-1.2616995573043823
11157,11,-1.2894601821899414
11158,19,0.1909576654434204
11159,10,-1.303223729133606
11160,12,-1.1108486652374268
11161,11,-1.273531436920166
11162,10,-1.351578712463379
11163,24,1.0059430599212646
11164,11,-1.2614718675613403
11165,19,0.1831601858139038
11166,20,0.3827695846557617
11167,20,0.248998761177063
11168,21,0.5551047325134277
11169,20,0.4225754737854004
11170,11,-1.238883137702942
11171,11,-1.2879115343093872
11172,21,0.4637882709503174
11173,10,-1.3167723417282104
11174,20,0.3135254383087158
11175,20,0.38595902919769287
11176,10,-1.3321723937988281
11177,10,-1.3433070182800293
11178,25,1.224175214767456
11179,11,-1.229330062866211
11180,30,1.7924835681915283
11181,10,-1.320826768875122
11182,10,-1.3105943202972412
11183,10,-1.3371288776397705
11184,20,0.28073394298553467
11185,10,-1.3137571811676025
11186,11,-1.2104942798614502
11187,11,-1.2592411041259766
11188,12,-1.1107592582702637
11189,11,-1.268453598022461
11190,30,1.7983424663543701
11191,19,0.16684842109680176
11192,17,-0.16388368606567383
11193,27,1.4341671466827393
11194,10,-1.3419301509857178
11195,10,-1.3238636255264282
11196,10,-1.3923386335372925
11197,20,0.29138314723968506
11198,11,-1.2301735877990723
11199,21,0.437341570854187
11200,11,-1.2787537574768066
11201,11,-1.230219841003418
11202,12,-1.025549292564392
11203,18,-0.006821632385253906
11204,11,-1.2912373542785645
11205,11,-1.2636449337005615
11206,19,0.1731797456741333
11207,11,-1.2705540657043457
11208,26,1.334069013595581
11209,19,0.12398910522460938
11210,11,-1.1537654399871826
11211,20,0.34186339378356934
11212,10,-1.2977339029312134
11213,23,0.9247126579284668
11214,3,-2.4373621940612793
11215,12,-1.0167169570922852
11216,26,1.4137659072875977
11217,11,-1.2272365093231201
11218,11,-1.245689868927002
11219,20,0.38045287132263184
11220,18,0.028653860092163086
11221,26,1.3610224723815918
11222,11,-1.2772254943847656
11223,19,0.23984503746032715
11224,27,1.4742217063903809
11225,11,-1.2844957113265991
11226,30,1.7985384464263916
11227,11,-1.21274995803833
11228,2,-2.6296496391296387
11229,18,-0.032868266105651855
11230,20,0.39459359645843506
11231,20,0.36271023750305176
11232,21,0.4655168056488037
11233,10,-1.2941920757293701
11234,11,-1.2105010747909546
11235,26,1.3510706424713135
11236,10,-1.3085191249847412
11237,26,1.3760130405426025
11238,11,-1.2635775804519653
11239,20,0.32587313652038574
11240,10,-1.299271583557129
11241,10,-1.349172830581665
11242,21,0.43805205821990967
11243,26,1.3844256401062012
11244,27,1.426769733428955
11245,10,-1.3165903091430664
11246,20,0.2671471834182739
11247,11,-1.234516978263855
11248,20,0.28985631465911865
11249,27,1.5130970478057861
11250,27,1.4621241092681885
11251,1,-2.7986412048339844
11252,20,0.28955280780792236
11253,12,-1.0456297397613525
11254,11,-1.2151377201080322
11255,23,0.8073413372039795
11256,26,1.364586591720581
11257,20,0.3682969808578491
11258,27,1.5082166194915771
11259,20,0.3897956609725952
11260,20,0.40609705448150635
11261,26,1.329596757888794
11262,10,-1.3766545057296753
11263,11,-1.23459792137146
11264,26,1.3973042964935303
11265,26,1.3009562492370605
11266,10,-1.331107497215271
11267,20,0.4107245206832886
11268,20,0.4236713647842407
11269,11,-1.247914433479309
11270,26,1.329827070236206
11271,10,-1.2972110509872437
11272,26,1.298170566558838
11273,11,-1.2890936136245728
11274,10,-1.3598999977111816
11275,10,-1.3038520812988281
11276,11,-1.2556366920471191
11277,21,0.43208539485931396
11278,20,0.3397665023803711
11279,10,-1.3982000350952148
11280,11,-1.2290021181106567
11281,12,-1.0680797100067139
11282,11,-1.2103209495544434
11283,10,-1.2931849956512451
11284,10,-1.3014196157455444
11285,27,1.460106611251831
11286,26,1.378575325012207
11287,27,1.473597764968872
11288,11,-1.2797566652297974
11289,20,0.3699195384979248
11290,10,-1.3619720935821533
11291,11,-1.142564058303833
11292,20,0.3777087926864624
11293,27,1.4407811164855957
11294,20,0.39166688919067383
11295,11,-1.2903839349746704
11296,11,-1.1992312669754028
11297,11,-1.285244107246399
11298,11,-1.2752182483673096
11299,20,0.41455602645874023
11300,21,0.4907076358795166
11301,11,-1.276578664779663
11302,11,-1.1914739608764648
11303,29,1.7157924175262451
11304,25,1.2851133346557617
11305,12,-1.0587207078933716
11306,25,1.228804349899292
11307,26,1.3312454223632812
11308,12,-1.1008647680282593
11309,21,0.46384525299072266
11310,11,-1.283132553100586
11311,20,0.3742915391921997
11312,20,0.36956024169921875
11313,26,1.3855576515197754
11314,21,0.4565753936767578
11315,11,-1.2597945928573608
11316,27,1.5045502185821533
11317,11,-1.2573628425598145
11318,20,0.30747663974761963
11319,10,-1.3612116575241089
11320,11,-1.287087321281433
11321,11,-1.2791495323181152
11322,20,0.35415101051330566
11323,29,1.6750991344451904
11324,27,1.5052149295806885
11325,12,-1.0811176300048828
11326,28,1.5663540363311768
11327,21,0.5036220550537109
11328,11,-1.1527544260025024
11329,12,-1.1389412879943848
11330,20,0.4255753755569458
11331,10,-1.3083457946777344
11332,21,0.4847402572631836
11333,24,1.0970361232757568
11334,11,-1.2365994453430176
11335,10,-1.3388561010360718
11336,30,1.7888076305389404
11337,25,1.2369751930236816
11338,11,-1.273424744606018
11339,11,-1.2748639583587646
11340,12,-1.0114569664001465
11341,11,-1.267642855644226
11342,25,1.1508638858795166
11343,21,0.5169575214385986
11344,11,-1.2603278160095215
11345,11,-1.2730348110198975
11346,10,-1.3387033939361572
11347,21,0.4550098180770874
11348,26,1.3217196464538574
11349,21,0.46240711212158203
11350,26,1.399402379989624
11351,10,-1.3282982110977173
11352,11,-1.1564034223556519
11353,11,-1.2083680629730225
11354,10,-1.3779851198196411
11355,12,-1.02553391456604
11356,24,1.1331777572631836
11357,20,0.3954954147338867
11358,11,-1.1872310638427734
11359,25,1.225447177886963
11360,11,-1.2537862062454224
11361,21,0.49293017387390137
11362,27,1.5128681659698486
11363,20,0.41828596591949463
11364,10,-1.356604814529419
11365,11,-1.2115378379821777
11366,11,-1.240105390548706
11367,11,-1.2421427965164185
11368,20,0.32168030738830566
11369,19,0.23537170886993408
11370,30,1.7904272079467773
11371,20,0.30078649520874023
11372,11,-1.2787492275238037
11373,10,-1.3485264778137207
11374,10,-1.3666471242904663
11375,21,0.4406472444534302
11376,11,-1.2200883626937866
11377,19,0.211081862449646
11378,20,0.3747471570968628
11379,15,-0.5464394688606262
11380,20,0.4208662509918213
11381,20,0.4159085750579834
11382,11,-1.246412754058838
11383,10,-1.2964462041854858
11384,11,-1.1742397546768188
11385,10,-1.300844669342041
11386,11,-1.2722969055175781
11387,12,-1.1190695762634277
11388,10,-1.3856751918792725
11389,20,0.3971909284591675
11390,11,-1.182295560836792
11391,11,-1.232576608657837
11392,12,-1.029703140258789
11393,11,-1.2640366554260254
11394,10,-1.3171480894088745
11395,24,1.0980339050292969
11396,21,0.5010237693786621
11397,24,1.0334272384643555
11398,11,-1.2555484771728516
11399,21,0.4672985076904297
11400,10,-1.313704252243042
11401,20,0.3577617406845093
11402,20,0.4018498659133911
11403,26,1.4100010395050049
11404,21,0.5689036846160889
11405,11,-1.2327582836151123
11406,26,1.4172325134277344
11407,11,-1.2316575050354004
11408,11,-1.2630283832550049
11409,10,-1.3477758169174194
11410,12,-1.1181070804595947
11411,30,1.7982902526855469
11412,10,-1.3054479360580444
11413,11,-1.212173342704773
11414,21,0.5811083316802979
11415,21,0.4657289981842041
11416,11,-1.196582555770874
11417,11,-1.2131613492965698
11418,11,-1.2147767543792725
11419,20,0.3473628759384155
11420,12,-1.1408193111419678
11421,11,-1.2469369173049927
11422,11,-1.285005807876587
11423,21,0.4568169116973877
11424,10,-1.3151905536651611
11425,21,0.4577223062515259
11426,26,1.4138195514678955
11427,21,0.49267029762268066
11428,25,1.1444766521453857
11429,19,0.1817864179611206
11430,10,-1.3297960758209229
11431,11,-1.2356595993041992
11432,11,-1.1823759078979492
11433,22,0.7225093841552734
11434,11,-1.1610243320465088
11435,11,-1.1582645177841187
11436,20,0.41423189640045166
11437,20,0.3876030445098877
11438,11,-1.1600627899169922
11439,10,-1.2972358465194702
11440,20,0.29090118408203125
11441,12,-1.1298623085021973
11442,27,1.4893317222595215
11443,20,0.32008469104766846
11444,11,-1.2096741199493408
11445,11,-1.253722906112671
11446,19,0.14988088607788086
11447,11,-1.1463725566864014
11448,21,0.5192475318908691
11449,21,0.5064096450805664
11450,28,1.6014912128448486
11451,11,-1.204688549041748
11452,20,0.3957486152648926
11453,12,-1.077284336090088
11454,11,-1.2595443725585938
11455,21,0.5348477363586426
11456,11,-1.226582646369934
11457,20,0.36850297451019287
11458,20,0.2996823787689209
11459,11,-1.2481944561004639
11460,26,1.3514430522918701
11461,10,-1.29429292678833
11462,12,-1.0069267749786377
11463,10,-1.3427988290786743
11464,21,0.43411386013031006
11465,18,-0.028108835220336914
11466,20,0.43009471893310547
11467,21,0.4730992317199707
11468,21,0.4985220432281494
11469,21,0.4850895404815674
11470,10,-1.3375639915466309
11471,11,-1.2683919668197632
11472,28,1.5806348323822021
11473,11,-1.1427223682403564
11474,20,0.26524972915649414
11475,11,-1.2804505825042725
11476,20,0.3399693965911865
11477,27,1.5110433101654053
11478,11,-1.248082160949707
11479,2,-2.7378110885620117
11480,11,-1.224213719367981
11481,11,-1.2292940616607666
11482,12,-1.023188829421997
11483,11,-1.2188341617584229
11484,10,-1.3758950233459473
11485,23,0.8649334907531738
11486,20,0.42757654190063477
11487,20,0.38751840591430664
11488,11,-1.2172088623046875
11489,11,-1.2414562702178955
11490,11,-1.2746615409851074
11491,11,-1.2142589092254639
11492,12,-1.1271040439605713
11493,30,1.7676997184753418
11494,11,-1.2706928253173828
11495,21,0.5142438411712646
11496,11,-1.186614990234375
11497,21,0.44615066051483154
11498,11,-1.2668023109436035
11499,21,0.5093142986297607
11500,21,0.6154325008392334
11501,30,1.795180320739746
11502,21,0.5085721015930176
11503,11,-1.2522475719451904
11504,11,-1.244605541229248
11505,12,-1.1242353916168213
11506,23,0.9246346950531006
11507,12,-1.1087274551391602
11508,11,-1.1636250019073486
11509,11,-1.2658917903900146
11510,7,-1.86994469165802
11511,21,0.49017858505249023
11512,13,-0.9458332657814026
11513,26,1.3338582515716553
11514,11,-1.2918890714645386
11515,11,-1.2484030723571777
11516,20,0.41832876205444336
11517,11,-1.2477810382843018
11518,25,1.2377643585205078
11519,11,-1.2476365566253662
11520,11,-1.267175316810608
11521,11,-1.2109143733978271
11522,27,1.499436616897583
11523,27,1.516484022140503
11524,11,-1.2394353151321411
11525,11,-1.2166951894760132
11526,11,-1.1483830213546753
11527,30,1.7811646461486816
11528,21,0.4728400707244873
11529,27,1.4957895278930664
11530,21,0.478316068649292
11531,20,0.3256685733795166
11532,11,-1.2255914211273193
11533,25,1.2557971477508545
11534,11,-1.1471307277679443
11535,20,0.2512010335922241
11536,27,1.4957160949707031
11537,20,0.36745548248291016
11538,21,0.49209094047546387
11539,20,0.3712421655654907
11540,11,-1.2527364492416382
11541,26,1.3455464839935303
11542,11,-1.1979080438613892
11543,11,-1.2218173742294312
11544,21,0.483443021774292
11545,20,0.39894378185272217
11546,27,1.4950666427612305
11547,11,-1.2486238479614258
11548,19,0.2161499261856079
11549,26,1.3841137886047363
11550,30,1.7832911014556885
11551,11,-1.1750767230987549
11552,27,1.4889006614685059
11553,20,0.34450721740722656
11554,21,0.47429585456848145
11555,23,0.8964712619781494
11556,21,0.4969193935394287
11557,11,-1.2022099494934082
11558,26,1.414909839630127
11559,30,1.788055658340454
11560,11,-1.1942458152770996
11561,27,1.5240755081176758
11562,21,0.5647923946380615
11563,27,1.4877798557281494
11564,12,-1.1265023946762085
11565,20,0.3344709873199463
11566,4,-2.3789010047912598
11567,11,-1.1889808177947998
11568,21,0.49643373489379883
11569,20,0.29441285133361816
11570,21,0.4429488182067871
11571,21,0.5249137878417969
11572,19,0.24436688423156738
11573,21,0.4899134635925293
11574,11,-1.210728645324707
11575,11,-1.1475526094436646
11576,10,-1.3209534883499146
11577,12,-1.092858076095581
11578,27,1.435899019241333
11579,11,-1.2172340154647827
11580,10,-1.3170104026794434
11581,11,-1.1820299625396729
11582,27,1.451988935470581
11583,11,-1.1948485374450684
11584,21,0.452103853225708
11585,10,-1.3257019519805908
11586,29,1.7060251235961914
11587,11,-1.2067509889602661
11588,11,-1.236619234085083
11589,11,-1.2152061462402344
11590,26,1.30503511428833
11591,11,-1.1764352321624756
11592,22,0.6501216888427734
11593,12,-1.0769401788711548
11594,11,-1.2322211265563965
11595,11,-1.2192778587341309
11596,21,0.4659695625305176
11597,21,0.5149846076965332
11598,11,-1.181743860244751
11599,11,-1.2839196920394897
11600,20,0.42437469959259033
11601,12,-1.0339049100875854
11602,11,-1.2128312587738037
11603,27,1.4812488555908203
11604,20,0.33501148223876953
11605,12,-1.1157267093658447
11606,3,-2.5714077949523926
11607,11,-1.1998552083969116
11608,10,-1.3304802179336548
11609,11,-1.2647910118103027
11610,11,-1.2548730373382568
11611,21,0.5190539360046387
11612,11,-1.2513182163238525
11613,12,-1.1360632181167603
11614,21,0.4969503879547119
11615,13,-0.9570498466491699
11616,27,1.5234661102294922
11617,21,0.5016605854034424
11618,11,-1.1834732294082642
11619,11,-1.2410310506820679
11620,11,-1.1720398664474487
11621,21,0.5093874931335449
11622,21,0.4504646062850952
11623,11,-1.1939263343811035
11624,12,-1.0714917182922363
11625,30,1.748638391494751
11626,11,-1.2805566787719727
11627,11,-1.2047686576843262
11628,27,1.5128731727600098
11629,21,0.4949526786804199
11630,11,-1.2110469341278076
11631,11,-1.2240700721740723
11632,11,-1.1868226528167725
11633,11,-1.191480278968811
11634,21,0.5063509941101074
11635,21,0.5645363330841064
11636,12,-1.1194047927856445
11637,30,1.7585692405700684
11638,26,1.4160997867584229
11639,30,1.7992522716522217
11640,11,-1.214431643486023
11641,12,-1.1193753480911255
11642,12,-1.1278846263885498
11643,30,1.7977304458618164
11644,21,0.5297174453735352
11645,11,-1.2480783462524414
11646,23,0.8999757766723633
11647,25,1.182852029800415
11648,20,0.3765439987182617
11649,21,0.495128870010376
11650,11,-1.2574748992919922
11651,11,-1.2482166290283203
11652,11,-1.2132633924484253
11653,11,-1.2478363513946533
11654,21,0.46511387825012207
11655,11,-1.2412946224212646
11656,12,-1.131022572517395
11657,20,0.39519381523132324
11658,26,1.3630280494689941
11659,20,0.32797443866729736
11660,11,-1.2554396390914917
11661,11,-1.2346560955047607
11662,11,-1.1739675998687744
11663,11,-1.211125373840332
11664,11,-1.2257399559020996
11665,26,1.3881256580352783
11666,10,-1.2969343662261963
11667,10,-1.3663930892944336
11668,22,0.7745542526245117
11669,21,0.46258974075317383
11670,21,0.4591010808944702
11671,12,-1.1279492378234863
11672,12,-1.1100678443908691
11673,20,0.4094620943069458
11674,20,0.4087834358215332
11675,20,0.33508169651031494
11676,25,1.2876062393188477
11677,12,-1.1376781463623047
11678,12,-1.0319929122924805
11679,20,0.42952775955200195
11680,20,0.3954951763153076
11681,12,-1.0732637643814087
11682,20,0.2493218183517456
11683,10,-1.3498454093933105
11684,21,0.6102309226989746
11685,11,-1.2613062858581543
11686,21,0.44919002056121826
11687,21,0.5541248321533203
11688,12,-1.0047603845596313
11689,11,-1.2613184452056885
11690,11,-1.163109540939331
11691,11,-1.2075488567352295
11692,11,-1.2188115119934082
11693,12,-1.1129930019378662
11694,11,-1.1915088891983032
11695,30,1.7954058647155762
11696,27,1.5019571781158447
11697,27,1.4347443580627441
11698,12,-1.1248209476470947
11699,11,-1.2515898942947388
11700,11,-1.2478381395339966
11701,21,0.4877500534057617
11702,21,0.5922908782958984
11703,19,0.21792948246002197
11704,30,1.763744592666626
11705,20,0.35858452320098877
11706,11,-1.2168481349945068
11707,20,0.42489373683929443
11708,20,0.4226776361465454
11709,27,1.5223193168640137
11710,12,-1.1390247344970703
11711,26,1.4090802669525146
11712,11,-1.1601918935775757
11713,12,-1.0289760828018188
11714,30,1.7893285751342773
11715,12,-1.0968645811080933
11716,11,-1.205012321472168
11717,20,0.4148064851760864
11718,11,-1.2664786577224731
11719,11,-1.221152663230896
11720,12,-1.096182107925415
11721,27,1.5142107009887695
11722,12,-1.0763744115829468
11723,11,-1.1532522439956665
11724,26,1.3971848487854004
11725,24,1.016084909439087
11726,20,0.3063887357711792
11727,26,1.2888641357421875
11728,11,-1.1445653438568115
11729,12,-1.1283907890319824
11730,26,1.3091535568237305
11731,4,-2.308958053588867
11732,27,1.4448368549346924
11733,11,-1.283857822418213
11734,11,-1.2011220455169678
11735,11,-1.2453640699386597
11736,21,0.5065629482269287
11737,11,-1.157835602760315
11738,11,-1.2361348867416382
11739,30,1.7941324710845947
11740,26,1.3978993892669678
11741,11,-1.1676757335662842
11742,11,-1.2314443588256836
11743,11,-1.224116563796997
11744,12,-1.1170079708099365
11745,26,1.344132661819458
11746,11,-1.2244689464569092
11747,21,0.5269837379455566
11748,12,-1.1134072542190552
11749,11,-1.1916327476501465
11750,20,0.2633521556854248
11751,12,-1.0132739543914795
11752,26,1.403062343597412
11753,20,0.42769312858581543
11754,20,0.33681297302246094
11755,27,1.5007531642913818
11756,20,0.4028056859970093
11757,27,1.4329407215118408
11758,12,-1.1172031164169312
11759,23,0.8755702972412109
11760,21,0.4374135732650757
11761,12,-1.0326173305511475
11762,11,-1.2034825086593628
11763,26,1.411149024963379
11764,11,-1.212587594985962
11765,21,0.5074553489685059
11766,20,0.3879486322402954
11767,11,-1.190878987312317
11768,11,-1.1689130067825317
11769,21,0.4919850826263428
11770,11,-1.231717586517334
11771,11,-1.2003371715545654
11772,20,0.37100183963775635
11773,11,-1.2099714279174805
11774,11,-1.2260500192642212
11775,11,-1.2545106410980225
11776,11,-1.1635451316833496
11777,20,0.25723564624786377
11778,21,0.581078052520752
11779,21,0.5094780921936035
11780,11,-1.1423485279083252
11781,5,-2.197990655899048
11782,12,-1.0489752292633057
11783,2,-2.6106152534484863
11784,25,1.1737892627716064
11785,16,-0.417557954788208
11786,21,0.573711633682251
11787,11,-1.2233482599258423
11788,12,-1.1124413013458252
11789,11,-1.209653377532959
11790,21,0.5060880184173584
11791,1,-2.8532042503356934
11792,21,0.45098137855529785
11793,30,1.7936937808990479
11794,12,-1.1345949172973633
11795,1,-2.791140079498291
11796,21,0.5085508823394775
11797,12,-1.0629605054855347
11798,26,1.3921818733215332
11799,11,-1.1710909605026245
11800,27,1.4729855060577393
11801,22,0.6342806816101074
11802,11,-1.1991431713104248
11803,21,0.5957231521606445
11804,19,0.15311217308044434
11805,11,-1.199054479598999
11806,11,-1.1945396661758423
11807,11,-1.1870625019073486
11808,24,1.1117775440216064
11809,11,-1.260676622390747
11810,27,1.5130946636199951
11811,21,0.4945073127746582
11812,11,-1.1607556343078613
11813,21,0.45474958419799805
11814,12,-1.0037455558776855
11815,11,-1.188367486000061
11816,11,-1.1976902484893799
11817,21,0.5821592807769775
11818,21,0.526052713394165
11819,12,-1.1118102073669434
11820,13,-0.953309178352356
11821,19,0.24145710468292236
11822,11,-1.29051673412323
11823,11,-1.17634117603302
11824,26,1.4076943397521973
11825,12,-1.0264878273010254
11826,27,1.4634363651275635
11827,21,0.47250795364379883
11828,27,1.4678120613098145
11829,11,-1.1868727207183838
11830,11,-1.22140371799469
11831,21,0.5936541557312012
11832,27,1.4312937259674072
11833,21,0.5100319385528564
11834,20,0.31264185905456543
11835,11,-1.2064839601516724
11836,20,0.4179413318634033
11837,21,0.513965368270874
11838,11,-1.1592350006103516
11839,23,0.9004080295562744
11840,11,-1.2113128900527954
11841,13,-0.8258071541786194
11842,11,-1.1623567342758179
11843,24,0.9808084964752197
11844,20,0.31749749183654785
11845,11,-1.2233268022537231
11846,11,-1.1884599924087524
11847,11,-1.2019251585006714
11848,20,0.4036426544189453
11849,11,-1.2175045013427734
11850,12,-0.9854444265365601
11851,11,-1.1675825119018555
11852,27,1.4417996406555176
11853,26,1.381103277206421
11854,11,-1.1447316408157349
11855,27,1.5136311054229736
11856,12,-1.0862171649932861
11857,30,1.7674450874328613
11858,25,1.2658953666687012
11859,12,-1.0916285514831543
11860,21,0.4947996139526367
11861,11,-1.2443947792053223
11862,21,0.4584498405456543
11863,30,1.7897541522979736
11864,20,0.3331981897354126
11865,3,-2.4281647205352783
11866,20,0.290802001953125
11867,11,-1.2863503694534302
11868,24,0.9836986064910889
11869,11,-1.2112388610839844
11870,30,1.7960209846496582
11871,11,-1.1440486907958984
11872,11,-1.1443121433258057
11873,21,0.46802353858947754
11874,28,1.5929038524627686
11875,11,-1.2102330923080444
11876,11,-1.194240689277649
11877,26,1.3809189796447754
11878,21,0.5499482154846191
11879,11,-1.186194658279419
11880,30,1.7915067672729492
11881,19,0.20688509941101074
11882,20,0.39461207389831543
11883,21,0.5954315662384033
11884,11,-1.1789692640304565
11885,11,-1.167266845703125
11886,1,-2.7488017082214355
11887,11,-1.2426738739013672
11888,11,-1.1787468194961548
11889,11,-1.1610345840454102
11890,26,1.4091479778289795
11891,12,-1.1310673952102661
11892,11,-1.2147160768508911
11893,12,-1.1041862964630127
11894,26,1.376845121383667
11895,11,-1.1430333852767944
11896,11,-1.1759501695632935
11897,21,0.4503875970840454
11898,12,-1.1287428140640259
11899,24,1.1003518104553223
11900,26,1.3251292705535889
11901,20,0.42832183837890625
11902,12,-1.017387866973877
11903,27,1.427171230316162
11904,21,0.4560171365737915
11905,22,0.6319746971130371
11906,12,-1.0161383152008057
11907,27,1.5174369812011719
11908,20,0.3408963680267334
11909,12,-0.9949907064437866
11910,21,0.5209834575653076
11911,21,0.5083932876586914
11912,21,0.5772216320037842
11913,27,1.5203146934509277
11914,21,0.44367754459381104
11915,12,-1.0899008512496948
11916,12,-1.100799798965454
11917,12,-1.062462568283081
11918,11,-1.2413339614868164
11919,27,1.458085298538208
11920,21,0.5990262031555176
11921,12,-1.043116807937622
11922,26,1.3868396282196045
11923,11,-1.1535022258758545
11924,12,-1.1311761140823364
11925,21,0.5868120193481445
11926,12,-1.1029434204101562
11927,12,-1.0841706991195679
11928,27,1.4405040740966797
11929,21,0.4761979579925537
11930,21,0.5070991516113281
11931,12,-1.104886531829834
11932,21,0.5822725296020508
11933,12,-1.0651522874832153
11934,11,-1.2223000526428223
11935,11,-1.1652801036834717
11936,11,-1.2357696294784546
11937,11,-1.2298974990844727
11938,28,1.5343823432922363
11939,21,0.5845041275024414
11940,11,-1.1840287446975708
11941,12,-1.0848928689956665
11942,4,-2.388908624649048
11943,11,-1.1546062231063843
11944,11,-1.198967695236206
11945,22,0.6719985008239746
11946,12,-1.0899592638015747
11947,27,1.5134127140045166
11948,12,-1.1395289897918701
11949,12,-1.1337168216705322
11950,27,1.4802579879760742
11951,21,0.5529544353485107
11952,22,0.6520202159881592
11953,19,0.06611549854278564
11954,11,-1.1949632167816162
11955,21,0.45952701568603516
11956,11,-1.2278504371643066
11957,21,0.5175907611846924
11958,11,-1.2422840595245361
11959,21,0.48421359062194824
11960,21,0.49783873558044434
11961,21,0.48828816413879395
11962,26,1.3981528282165527
11963,26,1.413048267364502
11964,12,-1.0605335235595703
11965,20,0.41271960735321045
11966,21,0.49907398223876953
11967,26,1.354583501815796
11968,27,1.4827907085418701
11969,21,0.46322667598724365
11970,26,1.3741912841796875
11971,11,-1.1422958374023438
11972,11,-1.253069519996643
11973,11,-1.1597752571105957
11974,30,1.796480655670166
11975,12,-1.103446125984192
11976,2,-2.7017784118652344
11977,11,-1.151350975036621
11978,11,-1.1573472023010254
11979,12,-1.1312671899795532
11980,20,0.3825414180755615
11981,12,-1.0224252939224243
11982,21,0.44458186626434326
11983,21,0.5643892288208008
11984,12,-1.1257317066192627
11985,20,0.2603203058242798
11986,12,-1.116868495941162
11987,27,1.4840610027313232
11988,11,-1.2508299350738525
11989,11,-1.1854534149169922
11990,21,0.5486431121826172
11991,20,0.4004049301147461
11992,27,1.4452009201049805
11993,20,0.4207642078399658
11994,1,-2.831339120864868
11995,21,0.5471651554107666
11996,21,0.43334054946899414
11997,11,-1.1454792022705078
11998,27,1.4462883472442627
11999,2,-2.731694221496582
12000,19,0.23513031005859375
12001,21,0.5607845783233643
12002,11,-1.261275053024292
12003,11,-1.1979960203170776
12004,27,1.4487762451171875
12005,26,1.3318331241607666
12006,12,-1.067314624786377
12007,20,0.4137176275253296
12008,21,0.5152084827423096
12009,21,0.560499906539917
12010,12,-1.1356679201126099
12011,20,0.28934967517852783
12012,21,0.5761268138885498
12013,12,-1.1292864084243774
12014,20,0.42088305950164795
12015,17,-0.26815831661224365
12016,24,1.1046648025512695
12017,11,-1.1878011226654053
12018,26,1.3749845027923584
12019,12,-1.0988185405731201
12020,21,0.6043345928192139
12021,21,0.5218861103057861
12022,12,-1.0002985000610352
12023,25,1.1561832427978516
12024,21,0.6168117523193359
12025,11,-1.1839865446090698
12026,27,1.4389605522155762
12027,21,0.5370235443115234
12028,12,-1.132110357284546
12029,11,-1.1653149127960205
12030,21,0.5193262100219727
12031,12,-1.0718566179275513
12032,12,-1.0922770500183105
12033,13,-0.9471195340156555
12034,21,0.43164491653442383
12035,22,0.6488914489746094
12036,12,-1.0251872539520264
12037,21,0.539294958114624
12038,7,-1.9167588949203491
12039,21,0.6064004898071289
12040,11,-1.1617181301116943
12041,21,0.526411771774292
12042,21,0.48625779151916504
12043,11,-1.1739997863769531
12044,12,-0.9939689636230469
12045,11,-1.2002618312835693
12046,13,-0.9559720754623413
12047,12,-1.0732452869415283
12048,12,-0.999236524105072
12049,12,-1.0247902870178223
12050,12,-1.1255247592926025
12051,12,-1.1071057319641113
12052,11,-1.1560924053192139
12053,11,-1.1533395051956177
12054,12,-1.1170333623886108
12055,21,0.5663321018218994
12056,21,0.5186891555786133
12057,12,-1.13139808177948
12058,24,1.0659339427947998
12059,12,-1.0191757678985596
12060,28,1.5799624919891357
12061,27,1.4935593605041504
12062,26,1.3739664554595947
12063,28,1.5449140071868896
12064,12,-1.0934981107711792
12065,12,-1.1344757080078125
12066,11,-1.2460256814956665
12067,21,0.6171329021453857
12068,20,0.28563761711120605
12069,20,0.34105074405670166
12070,11,-1.163254976272583
12071,20,0.38141167163848877
12072,12,-1.126028299331665
12073,28,1.557044506072998
12074,11,-1.261152744293213
12075,11,-1.2515301704406738
12076,12,-1.115599274635315
12077,12,-1.1129372119903564
12078,11,-1.1569714546203613
12079,21,0.596003532409668
12080,12,-1.0128968954086304
12081,21,0.5914461612701416
12082,11,-1.205716609954834
12083,11,-1.147313117980957
12084,12,-1.120300054550171
12085,12,-1.070326805114746
12086,27,1.5258386135101318
12087,12,-1.1272618770599365
12088,21,0.4441711902618408
12089,30,1.7578301429748535
12090,28,1.5418035984039307
12091,12,-1.131574273109436
12092,21,0.4346662759780884
12093,11,-1.261409044265747
12094,24,1.0646986961364746
12095,20,0.42383241653442383
12096,12,-1.0942214727401733
12097,12,-1.1147680282592773
12098,25,1.234236478805542
12099,11,-1.2109403610229492
12100,11,-1.1871838569641113
12101,27,1.4278593063354492
12102,20,0.2951524257659912
12103,12,-1.0539941787719727
12104,21,0.47608017921447754
12105,29,1.6395840644836426
12106,20,0.4018845558166504
12107,21,0.47594571113586426
12108,26,1.4071180820465088
12109,27,1.5092401504516602
12110,20,0.406455397605896
12111,27,1.491598129272461
12112,7,-1.7745896577835083
12113,26,1.346191167831421
12114,12,-0.9877906441688538
12115,21,0.5369713306427002
12116,21,0.5987246036529541
12117,21,0.5359349250793457
12118,28,1.5763940811157227
12119,11,-1.1997284889221191
12120,11,-1.203430414199829
12121,14,-0.7747111320495605
12122,12,-1.1160471439361572
12123,12,-1.1050493717193604
12124,12,-1.0984470844268799
12125,25,1.2563576698303223
12126,21,0.5745174884796143
12127,21,0.5342509746551514
12128,27,1.451488733291626
12129,21,0.4606659412384033
12130,21,0.4610586166381836
12131,12,-1.1271917819976807
12132,19,0.23435986042022705
12133,21,0.4955296516418457
12134,26,1.3036811351776123
12135,21,0.574223518371582
12136,12,-1.034974217414856
12137,21,0.4450451135635376
12138,19,0.2137049436569214
12139,12,-1.104162573814392
12140,12,-1.1360175609588623
12141,4,-2.2471494674682617
12142,12,-1.1302897930145264
12143,22,0.6306824684143066
12144,21,0.4764730930328369
12145,12,-1.110693097114563
12146,22,0.6458494663238525
12147,26,1.4170379638671875
12148,12,-1.0589251518249512
12149,12,-1.02911376953125
12150,11,-1.1768990755081177
12151,21,0.49271416664123535
12152,12,-1.1212027072906494
12153,21,0.551245927810669
12154,12,-1.0626400709152222
12155,12,-1.1314945220947266
12156,11,-1.1653802394866943
12157,12,-1.089437484741211
12158,28,1.532097578048706
12159,12,-1.1169458627700806
12160,11,-1.1976150274276733
12161,27,1.5064709186553955
12162,25,1.2627694606781006
12163,21,0.5723550319671631
12164,12,-1.0453007221221924
12165,12,-0.9910126328468323
12166,11,-1.1767020225524902
12167,28,1.5733819007873535
12168,19,0.21567296981811523
12169,19,0.0811319351196289
12170,21,0.5473902225494385
12171,21,0.5739641189575195
12172,12,-1.0894991159439087
12173,21,0.47156310081481934
12174,12,-1.0857322216033936
12175,29,1.6895439624786377
12176,12,-1.0653131008148193
12177,26,1.3399453163146973
12178,20,0.35577070713043213
12179,21,0.5809714794158936
12180,26,1.4129598140716553
12181,21,0.542572021484375
12182,12,-1.1084399223327637
12183,12,-1.130696177482605
12184,11,-1.231742024421692
12185,11,-1.1809234619140625
12186,13,-0.9478369355201721
12187,13,-0.9007507562637329
12188,21,0.5482082366943359
12189,12,-1.0726131200790405
12190,13,-0.9369488954544067
12191,22,0.6715531349182129
12192,21,0.4501810073852539
12193,12,-1.0165178775787354
12194,12,-1.1181060075759888
12195,30,1.796891212463379
12196,21,0.4351227283477783
12197,29,1.7094342708587646
12198,28,1.5611319541931152
12199,12,-1.131640076637268
12200,20,0.35940825939178467
12201,25,1.212000846862793
12202,21,0.6020286083221436
12203,12,-1.1373121738433838
12204,21,0.5632004737854004
12205,13,-0.9320384860038757
12206,12,-1.0105743408203125
12207,12,-1.0441298484802246
12208,21,0.5484960079193115
12209,12,-1.1126787662506104
12210,12,-1.1074893474578857
12211,21,0.5698437690734863
12212,12,-1.0557154417037964
12213,21,0.44105029106140137
12214,12,-1.0617988109588623
12215,12,-1.0952657461166382
12216,24,1.0220715999603271
12217,12,-1.0123345851898193
12218,12,-1.1000847816467285
12219,12,-1.081068515777588
12220,21,0.6198070049285889
12221,22,0.6346511840820312
12222,11,-1.143239974975586
12223,12,-1.004313588142395
12224,12,-1.1100536584854126
12225,28,1.5489518642425537
12226,12,-1.1155966520309448
12227,25,1.2099418640136719
12228,21,0.43670713901519775
12229,21,0.5561373233795166
12230,12,-1.0829750299453735
12231,11,-1.1446113586425781
12232,12,-1.122524619102478
12233,27,1.4534416198730469
12234,30,1.7807657718658447
12235,30,1.7976040840148926
12236,13,-0.8958545923233032
12237,12,-1.1395347118377686
12238,26,1.347200870513916
12239,12,-1.1143150329589844
12240,12,-1.063788652420044
12241,12,-1.0260063409805298
12242,12,-1.136815071105957
12243,18,-0.06086373329162598
12244,12,-1.0940154790878296
12245,28,1.6081552505493164
12246,20,0.4205058813095093
12247,12,-1.091699481010437
12248,11,-1.1742167472839355
12249,12,-1.0639963150024414
12250,21,0.5740096569061279
12251,21,0.5057377815246582
12252,12,-0.9943270087242126
12253,22,0.6912741661071777
12254,20,0.3546278476715088
12255,27,1.4431087970733643
12256,27,1.4965565204620361
12257,20,0.3953167200088501
12258,12,-1.0179003477096558
12259,21,0.5069243907928467
12260,25,1.274993658065796
12261,12,-1.108316421508789
12262,12,-1.1109040975570679
12263,3,-2.5661263465881348
12264,22,0.6570630073547363
12265,12,-1.0854419469833374
12266,27,1.4927270412445068
12267,22,0.6731505393981934
12268,11,-1.1510112285614014
12269,21,0.5897870063781738
12270,21,0.5574984550476074
12271,11,-1.1969130039215088
12272,19,0.20385408401489258
12273,12,-1.123847484588623
12274,28,1.5738131999969482
12275,11,-1.1508082151412964
12276,25,1.2058229446411133
12277,11,-1.1515319347381592
12278,21,0.4380136728286743
12279,27,1.5275871753692627
12280,27,1.5202155113220215
12281,12,-1.053825855255127
12282,21,0.5251071453094482
12283,28,1.5768256187438965
12284,22,0.6738741397857666
12285,21,0.583336353302002
12286,13,-0.9453851580619812
12287,30,1.7994420528411865
12288,12,-1.0820002555847168
12289,21,0.532609224319458
12290,12,-1.1238443851470947
12291,13,-0.9423253536224365
12292,13,-0.9768093824386597
12293,11,-1.1550092697143555
12294,12,-1.0011651515960693
12295,26,1.393017292022705
12296,21,0.5887210369110107
12297,13,-0.9389235973358154
12298,25,1.2062170505523682
12299,14,-0.7836595177650452
12300,21,0.5223712921142578
12301,30,1.746183156967163
12302,26,1.359515905380249
12303,20,0.3875056505203247
12304,26,1.3411650657653809
12305,27,1.509498119354248
12306,29,1.6780612468719482
12307,12,-1.0213545560836792
12308,12,-1.0632712841033936
12309,21,0.5341670513153076
12310,11,-1.1725730895996094
12311,21,0.43572068214416504
12312,20,0.3805248737335205
12313,26,1.330594539642334
12314,21,0.535151481628418
12315,9,-1.4917746782302856
12316,11,-1.2327163219451904
12317,20,0.28101110458374023
12318,12,-1.0765488147735596
12319,12,-1.1149693727493286
12320,21,0.4404630661010742
12321,22,0.6687500476837158
12322,11,-1.1501288414001465
12323,26,1.3240296840667725
12324,27,1.4654960632324219
12325,22,0.6435883045196533
12326,12,-1.1040089130401611
12327,12,-1.1387544870376587
12328,13,-0.9053762555122375
12329,20,0.37184906005859375
12330,12,-1.0273411273956299
12331,13,-0.9688655734062195
12332,21,0.6145267486572266
12333,12,-1.0387309789657593
12334,22,0.6329386234283447
12335,28,1.540764331817627
12336,20,0.2733222246170044
12337,21,0.5470609664916992
12338,27,1.530519723892212
12339,22,0.6649186611175537
12340,13,-0.9670092463493347
12341,27,1.4892728328704834
12342,12,-1.1047627925872803
12343,12,-1.1375093460083008
12344,13,-0.9285538792610168
12345,11,-1.1673163175582886
12346,21,0.6015512943267822
12347,13,-0.9631585478782654
12348,28,1.5630481243133545
12349,22,0.6582381725311279
12350,22,0.6284973621368408
12351,13,-0.9513267278671265
12352,25,1.1880650520324707
12353,11,-1.1415276527404785
12354,20,0.4061422348022461
12355,22,0.6846964359283447
12356,12,-1.0169117450714111
12357,21,0.5408356189727783
12358,22,0.6916546821594238
12359,12,-1.1146060228347778
12360,21,0.5415890216827393
12361,26,1.3999874591827393
12362,13,-0.9408552646636963
12363,12,-1.0289826393127441
12364,21,0.5437328815460205
12365,11,-1.1539814472198486
12366,12,-1.0131070613861084
12367,25,1.2863729000091553
12368,21,0.44733917713165283
12369,12,-1.0019416809082031
12370,12,-1.1035065650939941
12371,12,-1.0957159996032715
12372,12,-1.109674334526062
12373,22,0.69596266746521
12374,25,1.2172319889068604
12375,12,-1.1343120336532593
12376,27,1.4787681102752686
12377,27,1.5079331398010254
12378,13,-0.9613721370697021
12379,13,-0.9429731369018555
12380,21,0.5125021934509277
12381,20,0.3453272581100464
12382,27,1.531245470046997
12383,21,0.6088542938232422
12384,12,-1.0355029106140137
12385,21,0.5028107166290283
12386,13,-0.9530138373374939
12387,13,-0.9788482189178467
12388,22,0.634817361831665
12389,11,-1.1909315586090088
12390,22,0.694713830947876
12391,22,0.6928699016571045
12392,22,0.6540184020996094
12393,13,-0.8453744649887085
12394,12,-1.101257562637329
12395,29,1.6819019317626953
12396,21,0.5675883293151855
12397,13,-0.9295423626899719
12398,27,1.4339957237243652
12399,12,-1.1071149110794067
12400,29,1.669118881225586
12401,12,-1.0778862237930298
12402,13,-0.9432767629623413
12403,12,-1.049131155014038
12404,12,-1.099314570426941
12405,12,-1.0691980123519897
12406,12,-1.0794975757598877
12407,12,-0.9916856288909912
12408,22,0.6456944942474365
12409,27,1.4955165386199951
12410,20,0.34109389781951904
12411,12,-0.9930559396743774
12412,12,-1.025730013847351
12413,11,-1.1695597171783447
12414,12,-1.1305391788482666
12415,22,0.6825354099273682
12416,27,1.4238054752349854
12417,21,0.5234758853912354
12418,21,0.4998319149017334
12419,21,0.5522801876068115
12420,12,-1.0383219718933105
12421,12,-1.0987951755523682
12422,12,-1.0290584564208984
12423,12,-1.135082483291626
12424,11,-1.1536636352539062
12425,13,-0.970885157585144
12426,12,-1.0564953088760376
12427,12,-1.1192336082458496
12428,12,-0.9916013479232788
12429,11,-1.1767737865447998
12430,12,-1.134849190711975
12431,25,1.2200188636779785
12432,21,0.570465087890625
12433,25,1.1750481128692627
12434,17,-0.19323980808258057
12435,26,1.3252451419830322
12436,30,1.7729721069335938
12437,12,-1.0253562927246094
12438,27,1.5041332244873047
12439,22,0.6970598697662354
12440,12,-1.0795978307724
12441,21,0.47559332847595215
12442,29,1.6447343826293945
12443,22,0.6465399265289307
12444,22,0.7958035469055176
12445,2,-2.6251020431518555
12446,12,-1.05862295627594
12447,22,0.7735719680786133
12448,21,0.6097853183746338
12449,21,0.6146457195281982
12450,21,0.5330092906951904
12451,22,0.7563662528991699
12452,21,0.5625665187835693
12453,12,-1.0212321281433105
12454,21,0.4458138942718506
12455,22,0.6940293312072754
12456,22,0.6555571556091309
12457,13,-0.9040452241897583
12458,22,0.7182519435882568
12459,22,0.6730308532714844
12460,26,1.411128282546997
12461,27,1.4725048542022705
12462,12,-1.0690832138061523
12463,21,0.5643618106842041
12464,22,0.6315009593963623
12465,12,-1.0943019390106201
12466,24,1.1018636226654053
12467,12,-1.0523912906646729
12468,12,-0.9824944734573364
12469,22,0.6595449447631836
12470,27,1.496886968612671
12471,12,-1.0225841999053955
12472,27,1.5279817581176758
12473,22,0.6320681571960449
12474,28,1.6239666938781738
12475,12,-1.0125038623809814
12476,20,0.31756842136383057
12477,13,-0.8206328749656677
12478,12,-1.0864856243133545
12479,12,-1.1115673780441284
12480,12,-1.0817499160766602
12481,27,1.5189595222473145
12482,21,0.61869215965271
12483,22,0.633594274520874
12484,13,-0.8577250242233276
12485,12,-1.0341947078704834
12486,12,-1.0223466157913208
12487,28,1.5473203659057617
12488,22,0.6507313251495361
12489,21,0.49446916580200195
12490,21,0.6104974746704102
12491,21,0.600614070892334
12492,14,-0.8007863163948059
12493,27,1.5041372776031494
12494,12,-1.112980842590332
12495,12,-0.9932485222816467
12496,11,-1.1430797576904297
12497,21,0.6251115798950195
12498,27,1.4367384910583496
12499,12,-1.0492935180664062
12500,27,1.4722137451171875
12501,13,-0.9790247678756714
12502,27,1.499638557434082
12503,22,0.6346781253814697
12504,28,1.5734310150146484
12505,12,-1.070207118988037
12506,12,-1.0109500885009766
12507,21,0.5926690101623535
12508,12,-1.0401537418365479
12509,13,-0.9491706490516663
12510,2,-2.671128749847412
12511,28,1.536628246307373
12512,27,1.5284786224365234
12513,22,0.6451067924499512
12514,11,-1.1516085863113403
12515,13,-0.9749951362609863
12516,13,-0.9656522274017334
12517,20,0.4297248125076294
12518,12,-1.0541679859161377
12519,22,0.6487655639648438
12520,12,-1.0386054515838623
12521,12,-1.1324037313461304
12522,12,-1.036502480506897
12523,21,0.5682339668273926
12524,25,1.2580187320709229
12525,12,-1.069406509399414
12526,22,0.7231333255767822
12527,27,1.444918155670166
12528,21,0.5849535465240479
12529,26,1.3468656539916992
12530,12,-1.0205910205841064
12531,12,-1.0671939849853516
12532,12,-1.00537109375
12533,25,1.1708154678344727
12534,22,0.6842195987701416
12535,27,1.466965913772583
12536,12,-1.0338996648788452
12537,26,1.3445026874542236
12538,12,-1.0717281103134155
12539,30,1.7968189716339111
12540,20,0.3982628583908081
12541,12,-1.0888596773147583
12542,28,1.5368506908416748
12543,13,-0.8369408845901489
12544,12,-1.080575942993164
12545,22,0.6835267543792725
12546,12,-1.0011940002441406
12547,21,0.5470869541168213
12548,23,0.9630825519561768
12549,13,-0.92601478099823
12550,13,-0.8868738412857056
12551,13,-0.8668824434280396
12552,28,1.5632553100585938
12553,22,0.6997168064117432
12554,22,0.6596570014953613
12555,22,0.6817498207092285
12556,27,1.494197130203247
12557,14,-0.7349224090576172
12558,22,0.6519668102264404
12559,12,-1.025404691696167
12560,11,-1.184265375137329
12561,11,-1.154252290725708
12562,12,-1.0547833442687988
12563,12,-1.009192705154419
12564,12,-1.0869253873825073
12565,12,-1.0260757207870483
12566,21,0.6221218109130859
12567,13,-0.9693418741226196
12568,12,-1.0239059925079346
12569,12,-1.0584793090820312
12570,12,-1.0009299516677856
12571,23,0.9643435478210449
12572,1,-2.773360252380371
12573,12,-1.0110580921173096
12574,11,-1.198366403579712
12575,12,-1.0477763414382935
12576,12,-1.0625625848770142
12577,12,-1.0619843006134033
12578,12,-1.0798611640930176
12579,14,-0.7893065810203552
12580,28,1.5510156154632568
12581,27,1.4528234004974365
12582,30,1.787132978439331
12583,13,-0.9316019415855408
12584,21,0.6011679172515869
12585,12,-1.043403148651123
12586,12,-1.0848872661590576
12587,12,-1.1142576932907104
12588,12,-0.9861971735954285
12589,25,1.2396142482757568
12590,27,1.4988353252410889
12591,12,-1.0508666038513184
12592,12,-1.0206940174102783
12593,13,-0.9533089399337769
12594,27,1.527832269668579
12595,12,-1.02902090549469
12596,21,0.6168475151062012
12597,22,0.7600347995758057
12598,20,0.24676990509033203
12599,12,-1.0930290222167969
12600,27,1.5132288932800293
12601,22,0.6448819637298584
12602,12,-0.9885140061378479
12603,14,-0.784712016582489
12604,13,-0.9576570391654968
12605,12,-1.0742740631103516
12606,12,-1.0413322448730469
12607,22,0.7330200672149658
12608,12,-1.0299973487854004
12609,12,-1.1389899253845215
12610,15,-0.626621425151825
12611,12,-1.1088893413543701
12612,12,-0.9897232055664062
12613,22,0.6984224319458008
12614,13,-0.9222761988639832
12615,12,-1.0732508897781372
12616,12,-1.0994163751602173
12617,12,-1.003247857093811
12618,27,1.4718248844146729
12619,21,0.5328214168548584
12620,13,-0.8121563792228699
12621,12,-1.062464952468872
12622,13,-0.8222061991691589
12623,13,-0.9021395444869995
12624,12,-1.050891637802124
12625,22,0.682600736618042
12626,22,0.8019533157348633
12627,22,0.7183926105499268
12628,12,-1.0445313453674316
12629,12,-1.025831937789917
12630,21,0.58925461769104
12631,12,-1.031732439994812
12632,26,1.4056828022003174
12633,13,-0.9764533638954163
12634,12,-1.069200038909912
12635,25,1.2443468570709229
12636,12,-1.0699763298034668
12637,12,-1.0242125988006592
12638,29,1.7365920543670654
12639,12,-0.9844328165054321
12640,11,-1.1642529964447021
12641,22,0.706690788269043
12642,28,1.570385217666626
12643,13,-0.9396200180053711
12644,27,1.4307386875152588
12645,12,-1.0112597942352295
12646,22,0.6972033977508545
12647,22,0.6863911151885986
12648,12,-1.0014715194702148
12649,22,0.6288554668426514
12650,12,-0.9899712800979614
12651,13,-0.865565299987793
12652,27,1.4468555450439453
12653,21,0.4882948398590088
12654,12,-1.1082594394683838
12655,12,-1.0056123733520508
12656,21,0.4894692897796631
12657,12,-1.0894749164581299
12658,12,-1.1282325983047485
12659,13,-0.9672899842262268
12660,22,0.6447577476501465
12661,13,-0.9405015110969543
12662,22,0.6776552200317383
12663,27,1.5286645889282227
12664,12,-1.081789255142212
12665,12,-1.0913749933242798
12666,3,-2.5500736236572266
12667,22,0.7274785041809082
12668,21,0.6182243824005127
12669,28,1.61391282081604
12670,21,0.625476598739624
12671,22,0.7156312465667725
12672,12,-1.1012107133865356
12673,12,-1.0086734294891357
12674,12,-1.1219929456710815
12675,21,0.525202751159668
12676,12,-1.0243511199951172
12677,13,-0.8941952586174011
12678,12,-1.0283451080322266
12679,12,-1.0314178466796875
12680,12,-1.0772820711135864
12681,14,-0.7515443563461304
12682,27,1.520704746246338
12683,21,0.5475246906280518
12684,21,0.5363271236419678
12685,22,0.6677165031433105
12686,21,0.5106041431427002
12687,28,1.5634632110595703
12688,21,0.5426788330078125
12689,22,0.7118813991546631
12690,21,0.6212992668151855
12691,27,1.475445032119751
12692,12,-1.1070189476013184
12693,21,0.5804276466369629
12694,12,-1.0451945066452026
12695,27,1.5115985870361328
12696,22,0.6309807300567627
12697,21,0.4639768600463867
12698,12,-1.1025724411010742
12699,12,-0.9934160709381104
12700,22,0.6660630702972412
12701,13,-0.9011322855949402
12702,13,-0.9714561104774475
12703,13,-0.9239805340766907
12704,12,-1.0143669843673706
12705,13,-0.9093082547187805
12706,22,0.7673170566558838
12707,21,0.5899007320404053
12708,24,1.0969014167785645
12709,14,-0.8084777593612671
12710,28,1.54423189163208
12711,21,0.6067008972167969
12712,13,-0.8446638584136963
12713,12,-1.0509979724884033
12714,28,1.5785572528839111
12715,13,-0.9655022621154785
12716,21,0.45048093795776367
12717,25,1.272216796875
12718,12,-1.0043281316757202
12719,13,-0.9714349508285522
12720,30,1.786133050918579
12721,22,0.7609412670135498
12722,22,0.7597267627716064
12723,25,1.2147631645202637
12724,26,1.383108377456665
12725,12,-1.0645020008087158
12726,13,-0.9672593474388123
12727,22,0.7305648326873779
12728,26,1.3723058700561523
12729,12,-1.032714605331421
12730,28,1.566640853881836
12731,13,-0.8880556225776672
12732,13,-0.9694607853889465
12733,28,1.5630509853363037
12734,13,-0.9747476577758789
12735,21,0.4327753782272339
12736,21,0.5299255847930908
12737,22,0.6490507125854492
12738,13,-0.9126112461090088
12739,12,-0.9931478500366211
12740,12,-0.9851916432380676
12741,22,0.6783363819122314
12742,22,0.7299354076385498
12743,25,1.1902039051055908
12744,21,0.5539376735687256
12745,25,1.2849667072296143
12746,28,1.5796055793762207
12747,25,1.255326747894287
12748,12,-1.0256654024124146
12749,21,0.5544459819793701
12750,26,1.3984599113464355
12751,26,1.3681292533874512
12752,13,-0.971157968044281
12753,12,-1.0824687480926514
12754,26,1.2922086715698242
12755,13,-0.9620625376701355
12756,28,1.5326621532440186
12757,22,0.7213015556335449
12758,13,-0.8501563668251038
12759,22,0.7308342456817627
12760,28,1.5816147327423096
12761,13,-0.8989356756210327
12762,22,0.6649975776672363
12763,13,-0.9648592472076416
12764,13,-0.864553689956665
12765,12,-1.0533915758132935
12766,22,0.7102341651916504
12767,12,-1.1276122331619263
12768,22,0.6768522262573242
12769,13,-0.8767015337944031
12770,30,1.7970519065856934
12771,12,-0.9836496114730835
12772,28,1.6174442768096924
12773,27,1.4313390254974365
12774,2,-2.6031570434570312
12775,13,-0.9558043479919434
12776,15,-0.5476526618003845
12777,13,-0.8827603459358215
12778,21,0.5931196212768555
12779,12,-1.032196044921875
12780,26,1.4080100059509277
12781,12,-1.0766887664794922
12782,12,-1.0012884140014648
12783,23,0.8231556415557861
12784,13,-0.9564367532730103
12785,28,1.5526559352874756
12786,12,-1.0215121507644653
12787,25,1.1624500751495361
12788,22,0.6694509983062744
12789,12,-1.0382941961288452
12790,12,-0.9894970059394836
12791,12,-0.9907635450363159
12792,12,-0.9836540818214417
12793,12,-1.0120956897735596
12794,14,-0.7029167413711548
12795,13,-0.9158738255500793
12796,12,-1.0252203941345215
12797,12,-1.0637539625167847
12798,22,0.6704354286193848
12799,25,1.2456939220428467
12800,22,0.7675380706787109
12801,19,0.16373932361602783
12802,27,1.5107505321502686
12803,21,0.5632503032684326
12804,22,0.6993482112884521
12805,13,-0.9742578268051147
12806,12,-0.9936370253562927
12807,13,-0.9467930197715759
12808,27,1.5093317031860352
12809,13,-0.960719645023346
12810,13,-0.9074166417121887
12811,13,-0.8860344886779785
12812,12,-1.003367304801941
12813,13,-0.8949912786483765
12814,12,-1.0097935199737549
12815,30,1.7945644855499268
12816,22,0.6844515800476074
12817,26,1.3832731246948242
12818,28,1.5752205848693848
12819,12,-1.074390172958374
12820,13,-0.9070822596549988
12821,22,0.6455328464508057
12822,28,1.5831327438354492
12823,12,-1.130913257598877
12824,12,-0.9940679669380188
12825,12,-1.0036600828170776
12826,22,0.694918155670166
12827,12,-0.9893337488174438
12828,14,-0.7078088521957397
12829,22,0.730567216873169
12830,22,0.7104613780975342
12831,20,0.2595205307006836
12832,22,0.6987347602844238
12833,12,-1.0038901567459106
12834,12,-1.0720804929733276
12835,22,0.6551964282989502
12836,22,0.6686210632324219
12837,27,1.4234392642974854
12838,13,-0.8645041584968567
12839,22,0.7437465190887451
12840,23,0.8073923587799072
12841,12,-1.0961419343948364
12842,12,-1.0219268798828125
12843,13,-0.8201747536659241
12844,14,-0.7578455805778503
12845,13,-0.8544637560844421
12846,26,1.3341715335845947
12847,26,1.3684492111206055
12848,1,-2.7999746799468994
12849,28,1.5643823146820068
12850,22,0.7420895099639893
12851,28,1.5728998184204102
12852,12,-0.9864998459815979
12853,22,0.6958446502685547
12854,13,-0.9111490845680237
12855,22,0.6541008949279785
12856,12,-1.1003272533416748
12857,12,-1.0533846616744995
12858,21,0.45613396167755127
12859,12,-1.0047892332077026
12860,14,-0.7058718800544739
12861,13,-0.9583266377449036
12862,13,-0.9633989930152893
12863,13,-0.937307596206665
12864,22,0.6654653549194336
12865,22,0.6954910755157471
12866,13,-0.8757345080375671
12867,13,-0.9641165137290955
12868,12,-1.0471808910369873
12869,26,1.360330581665039
12870,13,-0.9765637516975403
12871,27,1.486431360244751
12872,13,-0.935280442237854
12873,2,-2.699044704437256
12874,21,0.6100935935974121
12875,27,1.4501373767852783
12876,14,-0.8057864904403687
12877,27,1.4412686824798584
12878,22,0.6805069446563721
12879,22,0.7424635887145996
12880,22,0.6595523357391357
12881,21,0.6278138160705566
12882,22,0.6697053909301758
12883,13,-0.9494551420211792
12884,29,1.649564504623413
12885,13,-0.8971354365348816
12886,21,0.5705747604370117
12887,12,-1.0132741928100586
12888,13,-0.8642513155937195
12889,12,-0.9828090071678162
12890,27,1.4517765045166016
12891,13,-0.8165603876113892
12892,12,-1.053497552871704
12893,21,0.4850473403930664
12894,13,-0.898747980594635
12895,26,1.4138920307159424
12896,12,-1.0618866682052612
12897,20,0.3338433504104614
12898,13,-0.9410672783851624
12899,21,0.46216297149658203
12900,13,-0.972740650177002
12901,22,0.6389734745025635
12902,22,0.6968457698822021
12903,13,-0.8356643319129944
12904,22,0.7726271152496338
12905,13,-0.9296249151229858
12906,13,-0.8826355338096619
12907,12,-1.0101659297943115
12908,12,-1.0421619415283203
12909,28,1.6063017845153809
12910,13,-0.9149699211120605
12911,27,1.5095813274383545
12912,22,0.6665222644805908
12913,21,0.48105573654174805
12914,13,-0.9113720655441284
12915,22,0.6964931488037109
12916,18,-0.0407254695892334
12917,15,-0.5760678052902222
12918,13,-0.9785580039024353
12919,12,-0.9838368892669678
12920,13,-0.9121561646461487
12921,26,1.3906872272491455
12922,22,0.7983055114746094
12923,27,1.5189781188964844
12924,13,-0.9063636064529419
12925,21,0.6221010684967041
12926,25,1.2575960159301758
12927,27,1.4283976554870605
12928,13,-0.8880078196525574
12929,27,1.4669766426086426
12930,22,0.7399177551269531
12931,12,-0.9947412610054016
12932,9,-1.523769497871399
12933,13,-0.8774397373199463
12934,21,0.5765156745910645
12935,21,0.6078779697418213
12936,12,-1.0641982555389404
12937,12,-1.0237679481506348
12938,13,-0.9520370960235596
12939,13,-0.8149321675300598
12940,13,-0.8546668291091919
12941,14,-0.7618042826652527
12942,28,1.5694952011108398
12943,30,1.7938804626464844
12944,22,0.7262377738952637
12945,13,-0.8544281125068665
12946,14,-0.7780464887619019
12947,22,0.7883248329162598
12948,27,1.5299766063690186
12949,22,0.733623743057251
12950,13,-0.8890751004219055
12951,13,-0.9745777249336243
12952,30,1.799377679824829
12953,13,-0.9604730010032654
12954,14,-0.7509783506393433
12955,13,-0.8626390099525452
12956,22,0.6452186107635498
12957,22,0.7178616523742676
12958,30,1.7991504669189453
12959,21,0.6025090217590332
12960,22,0.7453980445861816
12961,13,-0.9059854745864868
12962,13,-0.8362128138542175
12963,12,-0.9837977886199951
12964,13,-0.9650511741638184
12965,22,0.7406563758850098
12966,12,-0.9972746968269348
12967,22,0.7678096294403076
12968,13,-0.9614524245262146
12969,13,-0.9801548719406128
12970,26,1.3558847904205322
12971,12,-0.9988086223602295
12972,12,-1.0290729999542236
12973,27,1.5111610889434814
12974,13,-0.9605441689491272
12975,21,0.6152455806732178
12976,12,-0.9857851266860962
12977,12,-1.0382853746414185
12978,21,0.4876720905303955
12979,12,-0.9991756081581116
12980,22,0.7732398509979248
12981,13,-0.9324707388877869
12982,22,0.7864601612091064
12983,21,0.4318808317184448
12984,13,-0.959583044052124
12985,26,1.4152750968933105
12986,22,0.728111982345581
12987,27,1.42124342918396
12988,22,0.6810746192932129
12989,12,-1.1011743545532227
12990,22,0.7653491497039795
12991,21,0.512035608291626
12992,12,-1.055885672569275
12993,13,-0.9549776911735535
12994,7,-1.817676067352295
12995,13,-0.9575793147087097
12996,13,-0.8650879859924316
12997,13,-0.9072606563568115
12998,12,-1.0096248388290405
12999,22,0.7641391754150391
13000,27,1.5022492408752441
13001,20,0.35874056816101074
13002,13,-0.9790467619895935
13003,13,-0.9577268362045288
13004,13,-0.9509090781211853
13005,21,0.5614798069000244
13006,21,0.43077874183654785
13007,22,0.744513988494873
13008,12,-1.0312175750732422
13009,14,-0.7551065683364868
13010,21,0.5791733264923096
13011,27,1.4823102951049805
13012,13,-0.8481858372688293
13013,13,-0.9154285788536072
13014,13,-0.8742690682411194
13015,13,-0.9118909239768982
13016,13,-0.9804295897483826
13017,1,-2.754535675048828
13018,22,0.7101070880889893
13019,22,0.7456834316253662
13020,27,1.4763598442077637
13021,22,0.7543907165527344
13022,21,0.517986536026001
13023,15,-0.5485547780990601
13024,13,-0.9312369227409363
13025,13,-0.9016667604446411
13026,13,-0.8189202547073364
13027,22,0.6780281066894531
13028,24,1.0897958278656006
13029,14,-0.8035447001457214
13030,13,-0.849827766418457
13031,13,-0.9448667168617249
13032,22,0.7623231410980225
13033,20,0.4147735834121704
13034,22,0.6675870418548584
13035,27,1.4860966205596924
13036,28,1.6000292301177979
13037,13,-0.8518614768981934
13038,13,-0.9065276384353638
13039,12,-0.98531174659729
13040,22,0.6832973957061768
13041,28,1.6200637817382812
13042,22,0.6693811416625977
13043,13,-0.8894776105880737
13044,12,-0.9907755255699158
13045,13,-0.9233832359313965
13046,22,0.6595253944396973
13047,20,0.2899343967437744
13048,13,-0.9188985228538513
13049,12,-1.0355501174926758
13050,13,-0.8278804421424866
13051,13,-0.8989118337631226
13052,13,-0.8484525680541992
13053,28,1.5493788719177246
13054,27,1.4208266735076904
13055,13,-0.8411121964454651
13056,23,0.8052160739898682
13057,22,0.7757871150970459
13058,13,-0.9455626606941223
13059,14,-0.7269457578659058
13060,13,-0.849987804889679
13061,13,-0.9394366145133972
13062,24,1.1111648082733154
13063,22,0.6901071071624756
13064,27,1.4481370449066162
13065,14,-0.6674301028251648
13066,28,1.5782368183135986
13067,22,0.6825926303863525
13068,25,1.272001028060913
13069,13,-0.9797657132148743
13070,13,-0.8909711837768555
13071,13,-0.9789879322052002
13072,23,0.8053619861602783
13073,23,0.8126938343048096
13074,22,0.730247974395752
13075,22,0.7727847099304199
13076,14,-0.7726423144340515
13077,12,-1.052903413772583
13078,22,0.680222749710083
13079,27,1.4537348747253418
13080,13,-0.9779062271118164
13081,22,0.7394163608551025
13082,13,-0.9003531336784363
13083,13,-0.8660652041435242
13084,24,1.067106008529663
13085,13,-0.8354935646057129
13086,12,-0.9817599654197693
13087,21,0.6224222183227539
13088,26,1.384091854095459
13089,22,0.7171669006347656
13090,22,0.6944341659545898
13091,13,-0.8874241709709167
13092,12,-1.044297695159912
13093,13,-0.8442614078521729
13094,21,0.5723567008972168
13095,13,-0.9244405627250671
13096,11,-1.2208057641983032
13097,22,0.7167274951934814
13098,21,0.5838706493377686
13099,13,-0.8913847208023071
13100,13,-0.9475803375244141
13101,22,0.6980078220367432
13102,13,-0.9126143455505371
13103,26,1.2948837280273438
13104,22,0.7419037818908691
13105,13,-0.9259495139122009
13106,27,1.4338583946228027
13107,25,1.249178409576416
13108,22,0.7995269298553467
13109,28,1.6251628398895264
13110,28,1.563633680343628
13111,13,-0.9029693603515625
13112,28,1.5566675662994385
13113,22,0.6827588081359863
13114,21,0.47649693489074707
13115,13,-0.9693784713745117
13116,25,1.1619887351989746
13117,21,0.4846649169921875
13118,13,-0.820032000541687
13119,13,-0.9398020505905151
13120,27,1.5019772052764893
13121,13,-0.9326815009117126
13122,13,-0.9024426937103271
13123,13,-0.9010319709777832
13124,13,-0.8895565271377563
13125,27,1.52473783493042
13126,22,0.6576385498046875
13127,14,-0.7816126346588135
13128,26,1.345977783203125
13129,22,0.787825345993042
13130,13,-0.923187255859375
13131,13,-0.8638777732849121
13132,27,1.5124778747558594
13133,23,0.810462474822998
13134,1,-2.865912675857544
13135,14,-0.689564049243927
13136,13,-0.8934698700904846
13137,27,1.4321584701538086
13138,13,-0.9380678534507751
13139,26,1.358185052871704
13140,22,0.7545111179351807
13141,22,0.7000117301940918
13142,13,-0.8323912620544434
13143,13,-0.9747006893157959
13144,30,1.782752275466919
13145,23,0.8296136856079102
13146,28,1.5583338737487793
13147,13,-0.8233577013015747
13148,13,-0.9332026243209839
13149,26,1.342759132385254
13150,13,-0.863351047039032
13151,23,0.8393423557281494
13152,24,1.112342119216919
13153,27,1.4268450736999512
13154,22,0.6556167602539062
13155,22,0.6776957511901855
13156,22,0.6783907413482666
13157,21,0.577509880065918
13158,21,0.4488159418106079
13159,22,0.6989908218383789
13160,13,-0.9154558181762695
13161,21,0.613656759262085
13162,28,1.565509557723999
13163,8,-1.6867657899856567
13164,28,1.553891658782959
13165,22,0.7566931247711182
13166,26,1.3098280429840088
13167,28,1.5858516693115234
13168,13,-0.9787122011184692
13169,28,1.599233627319336
13170,26,1.3490831851959229
13171,22,0.7615482807159424
13172,12,-1.004526138305664
13173,12,-0.9909291863441467
13174,10,-1.2941973209381104
13175,12,-0.9937377572059631
13176,14,-0.6683756113052368
13177,22,0.7490088939666748
13178,22,0.6353797912597656
13179,12,-0.9832032322883606
13180,12,-0.9849456548690796
13181,13,-0.9454776048660278
13182,14,-0.7156007885932922
13183,22,0.7236113548278809
13184,22,0.7415871620178223
13185,13,-0.9011764526367188
13186,13,-0.956664502620697
13187,15,-0.48707079887390137
13188,22,0.715604305267334
13189,14,-0.6435131430625916
13190,13,-0.9489848017692566
13191,22,0.6283392906188965
13192,28,1.5402872562408447
13193,27,1.4725635051727295
13194,14,-0.7427253127098083
13195,22,0.7450885772705078
13196,13,-0.8771845698356628
13197,13,-0.82627934217453
13198,13,-0.8192680478096008
13199,22,0.6966309547424316
13200,26,1.3457062244415283
13201,13,-0.8457269668579102
13202,13,-0.8537156581878662
13203,13,-0.9086246490478516
13204,13,-0.9503511190414429
13205,29,1.7106835842132568
13206,22,0.7017645835876465
13207,26,1.3290581703186035
13208,22,0.6484897136688232
13209,14,-0.7014021277427673
13210,28,1.5432555675506592
13211,13,-0.8323307633399963
13212,26,1.382457971572876
13213,13,-0.899467408657074
13214,15,-0.6266573667526245
13215,24,1.0126302242279053
13216,13,-0.875036358833313
13217,13,-0.8945093750953674
13218,13,-0.9396043419837952
13219,22,0.7527194023132324
13220,26,1.3967931270599365
13221,22,0.7244172096252441
13222,27,1.4432892799377441
13223,30,1.7945282459259033
13224,14,-0.6840153932571411
13225,13,-0.821370005607605
13226,14,-0.6900603771209717
13227,13,-0.9290329813957214
13228,30,1.7603123188018799
13229,22,0.7760522365570068
13230,13,-0.8946512341499329
13231,12,-1.0193696022033691
13232,13,-0.9304072856903076
13233,22,0.7624945640563965
13234,24,1.0392107963562012
13235,13,-0.8580508232116699
13236,22,0.6912293434143066
13237,13,-0.9344953298568726
13238,13,-0.8911417126655579
13239,13,-0.9496727585792542
13240,25,1.2786781787872314
13241,22,0.7359757423400879
13242,27,1.4607501029968262
13243,28,1.5749564170837402
13244,27,1.4543960094451904
13245,21,0.5717699527740479
13246,16,-0.38175857067108154
13247,12,-0.9961622357368469
13248,22,0.7341213226318359
13249,13,-0.9331080913543701
13250,22,0.8006541728973389
13251,27,1.5232279300689697
13252,13,-0.9045246243476868
13253,22,0.7119145393371582
13254,22,0.7197723388671875
13255,22,0.7780764102935791
13256,2,-2.595442771911621
13257,13,-0.8869370818138123
13258,13,-0.8225511312484741
13259,21,0.6147704124450684
13260,26,1.3474016189575195
13261,4,-2.3044588565826416
13262,13,-0.9098628759384155
13263,13,-0.9667075276374817
13264,23,0.8392648696899414
13265,2,-2.601428985595703
13266,13,-0.9292467832565308
13267,23,0.8096683025360107
13268,22,0.7574653625488281
13269,13,-0.8117921352386475
13270,13,-0.8894445300102234
13271,27,1.5123004913330078
13272,24,1.0569980144500732
13273,13,-0.9712355732917786
13274,22,0.7811777591705322
13275,14,-0.6826733350753784
13276,14,-0.7776092290878296
13277,22,0.7788295745849609
13278,22,0.7128376960754395
13279,23,0.8390336036682129
13280,22,0.7844257354736328
13281,13,-0.8712581396102905
13282,13,-0.979171872138977
13283,22,0.7387278079986572
13284,23,0.8093140125274658
13285,22,0.664212703704834
13286,14,-0.735887885093689
13287,1,-2.754877805709839
13288,22,0.7148816585540771
13289,13,-0.851909339427948
13290,26,1.3558919429779053
13291,13,-0.8592469692230225
13292,22,0.7366786003112793
13293,13,-0.8314915299415588
13294,13,-0.85146164894104
13295,13,-0.9288838505744934
13296,22,0.8028807640075684
13297,13,-0.9714595079421997
13298,21,0.559302568435669
13299,14,-0.7499867677688599
13300,13,-0.8932873010635376
13301,14,-0.6659499406814575
13302,13,-0.9555431604385376
13303,6,-2.0575594902038574
13304,14,-0.729631781578064
13305,13,-0.8540449142456055
13306,27,1.4254424571990967
13307,22,0.6698367595672607
13308,13,-0.8499089479446411
13309,27,1.5191690921783447
13310,13,-0.9525583982467651
13311,22,0.786139965057373
13312,13,-0.8527420163154602
13313,22,0.6455888748168945
13314,13,-0.9253708720207214
13315,22,0.7489628791809082
13316,13,-0.8460504412651062
13317,14,-0.7465026378631592
13318,26,1.3900020122528076
13319,13,-0.9506298303604126
13320,13,-0.8401861190795898
13321,22,0.7115688323974609
13322,22,0.7092528343200684
13323,22,0.7720739841461182
13324,22,0.6786668300628662
13325,21,0.5146975517272949
13326,14,-0.7298445701599121
13327,13,-0.8991752862930298
13328,22,0.7061631679534912
13329,22,0.7420151233673096
13330,13,-0.9707136154174805
13331,13,-0.8596959710121155
13332,22,0.7749645709991455
13333,14,-0.7310211658477783
13334,13,-0.8661180734634399
13335,13,-0.9195862412452698
13336,13,-0.9505292773246765
13337,22,0.7413508892059326
13338,27,1.5139734745025635
13339,24,1.0536813735961914
13340,27,1.492065191268921
13341,14,-0.7514139413833618
13342,30,1.7912397384643555
13343,13,-0.9108347296714783
13344,14,-0.6761677861213684
13345,13,-0.8820428848266602
13346,1,-2.862619400024414
13347,13,-0.9049715995788574
13348,14,-0.7805739641189575
13349,13,-0.8746824860572815
13350,13,-0.8341939449310303
13351,13,-0.861616849899292
13352,23,0.834465503692627
13353,13,-0.899317741394043
13354,27,1.5252487659454346
13355,14,-0.7783874869346619
13356,26,1.3249740600585938
13357,25,1.1992924213409424
13358,27,1.4745006561279297
13359,22,0.7870831489562988
13360,26,1.3766789436340332
13361,13,-0.8747433423995972
13362,14,-0.7119612693786621
13363,23,0.9190301895141602
13364,13,-0.8308802247047424
13365,22,0.7379717826843262
13366,13,-0.8758003115653992
13367,12,-1.0186578035354614
13368,25,1.2725086212158203
13369,13,-0.88462233543396
13370,23,0.8607356548309326
13371,22,0.7740757465362549
13372,13,-0.8839126229286194
13373,22,0.6797778606414795
13374,13,-0.833336353302002
13375,22,0.6890897750854492
13376,26,1.3463551998138428
13377,22,0.6402692794799805
13378,23,0.8686885833740234
13379,28,1.5944054126739502
13380,14,-0.7480494379997253
13381,28,1.579831600189209
13382,13,-0.8953248262405396
13383,13,-0.8993520140647888
13384,13,-0.8794997334480286
13385,14,-0.764219343662262
13386,13,-0.8807446956634521
13387,22,0.7909035682678223
13388,14,-0.7397149801254272
13389,13,-0.9270130395889282
13390,13,-0.8855552673339844
13391,13,-0.9317536354064941
13392,22,0.7653331756591797
13393,13,-0.96077960729599
13394,28,1.5356292724609375
13395,18,-0.048287034034729004
13396,13,-0.8931933641433716
13397,13,-0.8816378712654114
13398,13,-0.8252413868904114
13399,13,-0.8915511965751648
13400,13,-0.8646267056465149
13401,14,-0.6969946622848511
13402,2,-2.677790641784668
13403,30,1.79948091506958
13404,30,1.7523910999298096
13405,13,-0.8966403603553772
13406,13,-0.8301220536231995
13407,22,0.758167028427124
13408,13,-0.8612195253372192
13409,23,0.8089749813079834
13410,13,-0.8313453793525696
13411,22,0.7988483905792236
13412,28,1.5631356239318848
13413,13,-0.8185474872589111
13414,12,-0.9992486238479614
13415,13,-0.9310874938964844
13416,23,0.8399670124053955
13417,13,-0.8694524765014648
13418,13,-0.8118210434913635
13419,23,0.84869384765625
13420,23,0.8260352611541748
13421,25,1.2545056343078613
13422,23,0.8521988391876221
13423,27,1.5143353939056396
13424,23,0.8335163593292236
13425,14,-0.7018308043479919
13426,13,-0.9162546992301941
13427,14,-0.7180358171463013
13428,13,-0.8669540882110596
13429,28,1.5670104026794434
13430,23,0.8131160736083984
13431,27,1.4947941303253174
13432,22,0.8014247417449951
13433,13,-0.9310716986656189
13434,1,-2.827728748321533
13435,14,-0.6650059223175049
13436,5,-2.163299560546875
13437,22,0.6982748508453369
13438,22,0.7684123516082764
13439,30,1.7986061573028564
13440,23,0.8194007873535156
13441,22,0.6623866558074951
13442,27,1.5298850536346436
13443,13,-0.8332907557487488
13444,15,-0.6339542269706726
13445,14,-0.7407085299491882
13446,22,0.7840163707733154
13447,13,-0.8384011387825012
13448,23,0.8557107448577881
13449,22,0.7992184162139893
13450,13,-0.8759373426437378
13451,14,-0.6410252451896667
13452,23,0.8292155265808105
13453,13,-0.8882396817207336
13454,26,1.3672664165496826
13455,15,-0.5999126434326172
13456,23,0.8541929721832275
13457,13,-0.8816645741462708
13458,23,0.8704733848571777
13459,28,1.570164680480957
13460,13,-0.8692029714584351
13461,15,-0.5084325075149536
13462,23,0.8247783184051514
13463,13,-0.8484284281730652
13464,1,-2.793750524520874
13465,14,-0.7499156594276428
13466,27,1.4997947216033936
13467,14,-0.7105066180229187
13468,13,-0.8671169877052307
13469,23,0.8655269145965576
13470,21,0.6131324768066406
13471,22,0.7589111328125
13472,13,-0.8440187573432922
13473,13,-0.8656037449836731
13474,13,-0.918463408946991
13475,27,1.5191490650177002
13476,13,-0.8957239389419556
13477,23,0.8409585952758789
13478,22,0.7648706436157227
13479,23,0.8357789516448975
13480,22,0.7961862087249756
13481,21,0.5296657085418701
13482,23,0.9067676067352295
13483,14,-0.785725474357605
13484,14,-0.7798650860786438
13485,14,-0.769663393497467
13486,23,0.8089392185211182
13487,28,1.534975290298462
13488,13,-0.8525899648666382
13489,14,-0.7073923349380493
13490,21,0.5055744647979736
13491,13,-0.8915933966636658
13492,20,0.3855189085006714
13493,20,0.38649535179138184
13494,13,-0.9601566791534424
13495,22,0.6564028263092041
13496,29,1.6923272609710693
13497,14,-0.6407159566879272
13498,28,1.5978319644927979
13499,13,-0.8450955152511597
13500,13,-0.8232095837593079
13501,13,-0.8217689394950867
13502,22,0.7630014419555664
13503,14,-0.7685179710388184
13504,13,-0.8433245420455933
13505,13,-0.8550366759300232
13506,13,-0.869780957698822
13507,26,1.3299345970153809
13508,13,-0.812044620513916
13509,14,-0.7577206492424011
13510,13,-0.887246310710907
13511,14,-0.7237424254417419
13512,13,-0.8791249394416809
13513,14,-0.6998409032821655
13514,26,1.387922763824463
13515,23,0.8864591121673584
13516,23,0.8691587448120117
13517,27,1.4493343830108643
13518,13,-0.8874601721763611
13519,13,-0.8209871053695679
13520,13,-0.8585138916969299
13521,15,-0.5179336071014404
13522,28,1.5495545864105225
13523,23,0.8308067321777344
13524,28,1.5894107818603516
13525,13,-0.8569348454475403
13526,13,-0.8374556303024292
13527,22,0.8008675575256348
13528,14,-0.7317209243774414
13529,14,-0.742355465888977
13530,13,-0.8844631314277649
13531,13,-0.8201936483383179
13532,14,-0.7386974096298218
13533,28,1.6335372924804688
13534,13,-0.8486576080322266
13535,13,-0.8479121327400208
13536,13,-0.8676316738128662
13537,15,-0.5954765677452087
13538,22,0.7748699188232422
13539,14,-0.6756524443626404
13540,15,-0.6264220476150513
13541,14,-0.7303634285926819
13542,22,0.7886335849761963
13543,23,0.8658764362335205
13544,23,0.8375301361083984
13545,14,-0.7745518088340759
13546,13,-0.8441469669342041
13547,13,-0.9196885228157043
13548,22,0.7006576061248779
13549,13,-0.8779106140136719
13550,22,0.68776535987854
13551,22,0.7927494049072266
13552,13,-0.9431063532829285
13553,22,0.789553165435791
13554,13,-0.9791857004165649
13555,22,0.7569270133972168
13556,13,-0.8243218064308167
13557,26,1.4147393703460693
13558,23,0.8941299915313721
13559,13,-0.9250431060791016
13560,14,-0.6752541065216064
13561,14,-0.7779145836830139
13562,22,0.6986374855041504
13563,13,-0.9348829984664917
13564,13,-0.8495911955833435
13565,22,0.7406659126281738
13566,14,-0.7502335906028748
13567,27,1.503150224685669
13568,14,-0.766135573387146
13569,27,1.5209646224975586
13570,25,1.1995596885681152
13571,13,-0.8277040123939514
13572,13,-0.8503838181495667
13573,22,0.7098681926727295
13574,13,-0.8649681210517883
13575,13,-0.8482572436332703
13576,13,-0.8102490305900574
13577,28,1.584165334701538
13578,13,-0.885845959186554
13579,27,1.4243035316467285
13580,25,1.1999313831329346
13581,13,-0.8672546148300171
13582,13,-0.898582398891449
13583,28,1.5616250038146973
13584,13,-0.8181336522102356
13585,23,0.8426868915557861
13586,23,0.8365902900695801
13587,23,0.820319414138794
13588,22,0.7461650371551514
13589,23,0.8866047859191895
13590,13,-0.8479027152061462
13591,14,-0.7494097948074341
13592,15,-0.612359344959259
13593,11,-1.2054979801177979
13594,23,0.8934175968170166
13595,13,-0.8846848011016846
13596,23,0.8700640201568604
13597,23,0.9199202060699463
13598,30,1.7983810901641846
13599,23,0.8508510589599609
13600,14,-0.7547731399536133
13601,27,1.4961133003234863
13602,15,-0.6296629905700684
13603,15,-0.6063688397407532
13604,14,-0.755581796169281
13605,13,-0.8192864060401917
13606,23,0.8673770427703857
13607,13,-0.8247048854827881
13608,22,0.7496316432952881
13609,23,0.8270437717437744
13610,15,-0.6317325830459595
13611,13,-0.8723207116127014
13612,14,-0.7868244051933289
13613,23,0.8290350437164307
13614,14,-0.7024489045143127
13615,14,-0.746030330657959
13616,14,-0.8089547753334045
13617,27,1.5153815746307373
13618,30,1.7985706329345703
13619,15,-0.6323068141937256
13620,23,0.9321718215942383
13621,28,1.570552110671997
13622,22,0.7926437854766846
13623,13,-0.8538710474967957
13624,15,-0.5971614718437195
13625,22,0.6344330310821533
13626,23,0.8862800598144531
13627,13,-0.8449122905731201
13628,14,-0.6537332534790039
13629,22,0.6744823455810547
13630,23,0.8197877407073975
13631,13,-0.8263792395591736
13632,24,1.0671062469482422
13633,23,0.850419282913208
13634,13,-0.8557223081588745
13635,23,0.8539972305297852
13636,14,-0.7042626738548279
13637,28,1.5623970031738281
13638,13,-0.8989546895027161
13639,26,1.4149487018585205
13640,13,-0.8533748984336853
13641,23,0.8163070678710938
13642,14,-0.7905029654502869
13643,13,-0.8354147672653198
13644,14,-0.7787526845932007
13645,13,-0.8204787373542786
13646,22,0.7041032314300537
13647,30,1.7937219142913818
13648,13,-0.8767130970954895
13649,22,0.7636213302612305
13650,15,-0.6086971163749695
13651,15,-0.5215729475021362
13652,23,0.8535678386688232
13653,13,-0.8565958738327026
13654,13,-0.9598996639251709
13655,13,-0.843880832195282
13656,14,-0.6905602216720581
13657,28,1.5331904888153076
13658,23,0.8429439067840576
13659,13,-0.8500623106956482
13660,22,0.7252330780029297
13661,22,0.6680428981781006
13662,25,1.28587007522583
13663,13,-0.8389597535133362
13664,22,0.7737946510314941
13665,23,0.8829684257507324
13666,13,-0.8935858607292175
13667,14,-0.7920681834220886
13668,27,1.5209529399871826
13669,22,0.7608740329742432
13670,14,-0.7032817006111145
13671,26,1.3867216110229492
13672,28,1.5804414749145508
13673,30,1.7986199855804443
13674,14,-0.7921308279037476
13675,13,-0.8962323665618896
13676,27,1.5147621631622314
13677,23,0.8391454219818115
13678,22,0.7905292510986328
13679,14,-0.6727096438407898
13680,13,-0.8185988664627075
13681,28,1.6095795631408691
13682,14,-0.7980833053588867
13683,14,-0.7684928774833679
13684,14,-0.7006688714027405
13685,13,-0.924358069896698
13686,14,-0.7093291282653809
13687,14,-0.7856479287147522
13688,14,-0.7872744202613831
13689,14,-0.8015507459640503
13690,22,0.7453393936157227
13691,28,1.545792818069458
13692,28,1.6174402236938477
13693,14,-0.7118593454360962
13694,3,-2.4426329135894775
13695,26,1.331172227859497
13696,23,0.8133511543273926
13697,14,-0.7328291535377502
13698,22,0.6589887142181396
13699,22,0.7113807201385498
13700,22,0.7710306644439697
13701,22,0.7765593528747559
13702,14,-0.667378306388855
13703,21,0.6132874488830566
13704,13,-0.8111629486083984
13705,14,-0.7293531894683838
13706,22,0.705883264541626
13707,22,0.7881455421447754
13708,22,0.7579171657562256
13709,22,0.7793929576873779
13710,15,-0.47716856002807617
13711,28,1.6188304424285889
13712,22,0.6787097454071045
13713,13,-0.8844024538993835
13714,14,-0.7844164967536926
13715,13,-0.8659161925315857
13716,13,-0.8431320190429688
13717,14,-0.8062809705734253
13718,23,0.8363709449768066
13719,23,0.8851678371429443
13720,15,-0.6197790503501892
13721,28,1.6200134754180908
13722,13,-0.9043639898300171
13723,28,1.5821127891540527
13724,14,-0.7956448197364807
13725,14,-0.747134268283844
13726,14,-0.7656912207603455
13727,23,0.9021353721618652
13728,26,1.358311414718628
13729,13,-0.8291277885437012
13730,27,1.490781307220459
13731,22,0.7995173931121826
13732,23,0.9069900512695312
13733,14,-0.7423915863037109
13734,13,-0.8487693071365356
13735,13,-0.8303601145744324
13736,14,-0.7595536708831787
13737,28,1.5591485500335693
13738,14,-0.7991399168968201
13739,13,-0.8758800029754639
13740,14,-0.8055170774459839
13741,13,-0.8410260677337646
13742,3,-2.41176700592041
13743,22,0.7198562622070312
13744,14,-0.7713243365287781
13745,13,-0.822245180606842
13746,14,-0.7527361512184143
13747,14,-0.6869340538978577
13748,14,-0.8006162643432617
13749,22,0.6725318431854248
13750,15,-0.6352032423019409
13751,14,-0.7800776958465576
13752,13,-0.8478119373321533
13753,13,-0.8328220844268799
13754,14,-0.7868269681930542
13755,13,-0.8678310513496399
13756,14,-0.6595478057861328
13757,2,-2.687117099761963
13758,14,-0.796178936958313
13759,23,0.907766580581665
13760,14,-0.6534152626991272
13761,13,-0.8714812994003296
13762,22,0.7532958984375
13763,23,0.9124650955200195
13764,22,0.7888820171356201
13765,22,0.7189812660217285
13766,22,0.740471363067627
13767,23,0.806931734085083
13768,15,-0.5203152894973755
13769,14,-0.7829369902610779
13770,23,0.8314285278320312
13771,13,-0.9038930535316467
13772,14,-0.7732780575752258
13773,22,0.7820897102355957
13774,23,0.9119722843170166
13775,28,1.572174072265625
13776,28,1.6040561199188232
13777,13,-0.811331570148468
13778,23,0.8535628318786621
13779,23,0.8572454452514648
13780,2,-2.6389498710632324
13781,13,-0.8630275130271912
13782,14,-0.771975576877594
13783,22,0.6518154144287109
13784,30,1.7917566299438477
13785,2,-2.6383004188537598
13786,15,-0.6290254592895508
13787,22,0.761030912399292
13788,14,-0.7726775407791138
13789,22,0.7191755771636963
13790,15,-0.5447190403938293
13791,14,-0.764218807220459
13792,14,-0.7982615232467651
13793,14,-0.7064859867095947
13794,3,-2.5447325706481934
13795,14,-0.8025319576263428
13796,23,0.8387010097503662
13797,13,-0.831926167011261
13798,14,-0.7596167325973511
13799,28,1.555037260055542
13800,14,-0.7406348586082458
13801,14,-0.7588129043579102
13802,27,1.4637925624847412
13803,13,-0.8979912996292114
13804,14,-0.764352023601532
13805,13,-0.8922653198242188
13806,27,1.4860291481018066
13807,28,1.556077241897583
13808,30,1.7940089702606201
13809,23,0.81559157371521
13810,14,-0.7941566109657288
13811,28,1.6127219200134277
13812,13,-0.8118035793304443
13813,23,0.9215350151062012
13814,25,1.2350678443908691
13815,23,0.8988938331604004
13816,15,-0.6009973287582397
13817,25,1.2621757984161377
13818,28,1.6134295463562012
13819,14,-0.6838937997817993
13820,13,-0.8147243857383728
13821,13,-0.8266248106956482
13822,14,-0.6527144908905029
13823,28,1.6042084693908691
13824,15,-0.564854085445404
13825,23,0.8749773502349854
13826,13,-0.8843274712562561
13827,14,-0.7393975853919983
13828,28,1.6149115562438965
13829,14,-0.6871781349182129
13830,15,-0.57559734582901
13831,26,1.401397705078125
13832,16,-0.42236292362213135
13833,13,-0.8574579954147339
13834,14,-0.7867801785469055
13835,15,-0.49500739574432373
13836,14,-0.807269275188446
13837,22,0.7094907760620117
13838,23,0.8798294067382812
13839,14,-0.770442008972168
13840,15,-0.6043161749839783
13841,15,-0.5950735211372375
13842,26,1.403080940246582
13843,26,1.3782830238342285
13844,22,0.7141492366790771
13845,14,-0.7828671932220459
13846,23,0.8406152725219727
13847,14,-0.7507798075675964
13848,14,-0.7511890530586243
13849,13,-0.8135070204734802
13850,14,-0.6756290197372437
13851,23,0.9182741641998291
13852,17,-0.26446640491485596
13853,27,1.4558629989624023
13854,22,0.784677267074585
13855,23,0.8751232624053955
13856,23,0.9025161266326904
13857,25,1.2061355113983154
13858,13,-0.8522155284881592
13859,22,0.7187654972076416
13860,28,1.569169044494629
13861,13,-0.8379485607147217
13862,23,0.8258471488952637
13863,13,-0.8619790077209473
13864,13,-0.8396220207214355
13865,23,0.8849644660949707
13866,14,-0.6543805599212646
13867,27,1.4961864948272705
13868,23,0.905297040939331
13869,22,0.7894408702850342
13870,22,0.7650151252746582
13871,14,-0.7556484341621399
13872,13,-0.826306939125061
13873,13,-0.8318614363670349
13874,14,-0.7436176538467407
13875,23,0.9209113121032715
13876,1,-2.806591510772705
13877,26,1.3643932342529297
13878,28,1.582740306854248
13879,25,1.1971871852874756
13880,14,-0.8060228228569031
13881,14,-0.7464559078216553
13882,27,1.4425737857818604
13883,23,0.8132047653198242
13884,15,-0.6012532711029053
13885,15,-0.6252799034118652
13886,23,0.8691699504852295
13887,23,0.8958613872528076
13888,2,-2.7255942821502686
13889,14,-0.7796620726585388
13890,30,1.7956571578979492
13891,14,-0.7676559686660767
13892,23,0.8745205402374268
13893,15,-0.5635836124420166
13894,27,1.439263105392456
13895,14,-0.7234354019165039
13896,23,0.8868281841278076
13897,14,-0.7826146483421326
13898,27,1.4962680339813232
13899,13,-0.8759658336639404
13900,14,-0.78892982006073
13901,30,1.7885770797729492
13902,27,1.4542186260223389
13903,14,-0.7804636359214783
13904,15,-0.6176952719688416
13905,24,1.0650019645690918
13906,14,-0.6845831274986267
13907,14,-0.7449989318847656
13908,14,-0.7570675611495972
13909,28,1.5913269519805908
13910,14,-0.7433133125305176
13911,22,0.7227418422698975
13912,28,1.5814988613128662
13913,30,1.7773544788360596
13914,23,0.8260190486907959
13915,14,-0.756784975528717
13916,14,-0.7726680040359497
13917,28,1.5714678764343262
13918,26,1.356433391571045
13919,15,-0.6348589658737183
13920,24,1.0153234004974365
13921,23,0.82159423828125
13922,14,-0.6865404844284058
13923,18,-0.08224844932556152
13924,22,0.6412746906280518
13925,13,-0.8125385642051697
13926,30,1.7974183559417725
13927,14,-0.6479591727256775
13928,14,-0.7373315691947937
13929,30,1.7882680892944336
13930,28,1.5720241069793701
13931,21,0.6237661838531494
13932,13,-0.8231245875358582
13933,13,-0.8468538522720337
13934,14,-0.787286639213562
13935,14,-0.7488313913345337
13936,28,1.5904593467712402
13937,15,-0.5474637150764465
13938,22,0.6500732898712158
13939,14,-0.7943582534790039
13940,23,0.8166615962982178
13941,28,1.5767793655395508
13942,14,-0.7057712078094482
13943,27,1.4687910079956055
13944,15,-0.6356205940246582
13945,15,-0.5300202369689941
13946,14,-0.757737934589386
13947,14,-0.7708734273910522
13948,28,1.556821584701538
13949,15,-0.5594903826713562
13950,23,0.8893051147460938
13951,14,-0.8017786145210266
13952,14,-0.765339732170105
13953,13,-0.809724748134613
13954,23,0.8520286083221436
13955,28,1.6147658824920654
13956,29,1.6583058834075928
13957,14,-0.7181244492530823
13958,14,-0.7719663381576538
13959,14,-0.7477428913116455
13960,27,1.483483076095581
13961,23,0.8911325931549072
13962,14,-0.7089239954948425
13963,14,-0.708371639251709
13964,30,1.7991108894348145
13965,23,0.9376091957092285
13966,23,0.9315149784088135
13967,30,1.7971642017364502
13968,14,-0.7743242979049683
13969,14,-0.8022263646125793
13970,23,0.8755762577056885
13971,15,-0.5789921879768372
13972,23,0.8694639205932617
13973,14,-0.7167164087295532
13974,14,-0.6688523292541504
13975,22,0.7371656894683838
13976,27,1.5024571418762207
13977,23,0.8098609447479248
13978,23,0.8096749782562256
13979,15,-0.530371904373169
13980,11,-1.1589570045471191
13981,14,-0.7304481267929077
13982,23,0.8221516609191895
13983,15,-0.6294424533843994
13984,14,-0.776515781879425
13985,23,0.9043478965759277
13986,22,0.7528383731842041
13987,27,1.5072383880615234
13988,13,-0.8821708559989929
13989,21,0.6062400341033936
13990,22,0.7745053768157959
13991,28,1.5497264862060547
13992,24,0.9896805286407471
13993,28,1.6109273433685303
13994,15,-0.600304365158081
13995,25,1.279015064239502
13996,14,-0.746237576007843
13997,14,-0.7312090992927551
13998,23,0.8744471073150635
13999,15,-0.6281728148460388
14000,14,-0.7273740172386169
14001,23,0.9293723106384277
14002,23,0.8930160999298096
14003,14,-0.6601819396018982
14004,22,0.7347145080566406
14005,14,-0.7188765406608582
14006,14,-0.7775356769561768
14007,14,-0.652229905128479
14008,14,-0.6540712118148804
14009,23,0.8454339504241943
14010,27,1.4225356578826904
14011,23,0.8719339370727539
14012,22,0.7364017963409424
14013,27,1.4370455741882324
14014,23,0.9019968509674072
14015,13,-0.823677122592926
14016,15,-0.5635830163955688
14017,22,0.6918578147888184
14018,22,0.7419726848602295
14019,14,-0.752217173576355
14020,15,-0.583043098449707
14021,14,-0.769977331161499
14022,23,0.9051101207733154
14023,14,-0.7183892726898193
14024,22,0.7461936473846436
14025,15,-0.609466552734375
14026,28,1.5612294673919678
14027,14,-0.7264582514762878
14028,14,-0.6517966985702515
14029,29,1.6374037265777588
14030,15,-0.6192648410797119
14031,14,-0.7474547624588013
14032,15,-0.6381661891937256
14033,1,-2.839367151260376
14034,23,0.8923995494842529
14035,14,-0.7966905236244202
14036,22,0.8027825355529785
14037,3,-2.4030449390411377
14038,15,-0.6329860687255859
14039,23,0.8621764183044434
14040,22,0.7150113582611084
14041,14,-0.7208034992218018
14042,14,-0.7202327847480774
14043,22,0.6733732223510742
14044,15,-0.6170872449874878
14045,23,0.8931300640106201
14046,23,0.8175058364868164
14047,14,-0.7362632155418396
14048,30,1.7396247386932373
14049,23,0.8911952972412109
14050,22,0.7807888984680176
14051,22,0.7982838153839111
14052,14,-0.7778269052505493
14053,14,-0.7462732791900635
14054,15,-0.6230818033218384
14055,22,0.7551085948944092
14056,13,-0.850043773651123
14057,14,-0.6904071569442749
14058,14,-0.7705539464950562
14059,14,-0.7086883783340454
14060,14,-0.7997601628303528
14061,22,0.747802734375
14062,14,-0.7382084131240845
14063,24,1.0877740383148193
14064,27,1.4803342819213867
14065,14,-0.7730298638343811
14066,7,-1.8020939826965332
14067,14,-0.7564927339553833
14068,15,-0.6345804929733276
14069,14,-0.7192524075508118
14070,27,1.5005614757537842
14071,23,0.9163134098052979
14072,23,0.927098274230957
14073,14,-0.6688454151153564
14074,14,-0.7649668455123901
14075,22,0.6980071067810059
14076,15,-0.568649411201477
14077,15,-0.5954613089561462
14078,13,-0.8641309142112732
14079,16,-0.3794909715652466
14080,22,0.7873404026031494
14081,16,-0.41964006423950195
14082,23,0.9637863636016846
14083,27,1.4921066761016846
14084,14,-0.7611985206604004
14085,27,1.5197079181671143
14086,3,-2.4714601039886475
14087,28,1.5809929370880127
14088,14,-0.676141619682312
14089,22,0.73757004737854
14090,14,-0.643597424030304
14091,22,0.7852187156677246
14092,28,1.5923712253570557
14093,23,0.8675580024719238
14094,22,0.7641003131866455
14095,30,1.7836644649505615
14096,29,1.6536972522735596
14097,28,1.5722150802612305
14098,14,-0.7849025130271912
14099,22,0.7325539588928223
14100,28,1.6027827262878418
14101,15,-0.5614650249481201
14102,23,0.8588941097259521
14103,23,0.918726921081543
14104,14,-0.7423034906387329
14105,14,-0.7630817294120789
14106,23,0.9403889179229736
14107,23,0.8261306285858154
14108,28,1.6218082904815674
14109,14,-0.741867184638977
14110,28,1.618760347366333
14111,14,-0.6973674893379211
14112,14,-0.7219790816307068
14113,23,0.8354644775390625
14114,14,-0.7112735509872437
14115,23,0.8748335838317871
14116,15,-0.477022647857666
14117,14,-0.658480703830719
14118,14,-0.69846111536026
14119,28,1.5495975017547607
14120,14,-0.7825663685798645
14121,15,-0.5080548524856567
14122,14,-0.6867495179176331
14123,28,1.591804027557373
14124,15,-0.5573434233665466
14125,23,0.9119875431060791
14126,14,-0.7591837048530579
14127,14,-0.6462790369987488
14128,23,0.9573404788970947
14129,14,-0.711270272731781
14130,14,-0.7556054592132568
14131,23,0.8802103996276855
14132,23,0.842461109161377
14133,27,1.4853568077087402
14134,14,-0.7256903648376465
14135,27,1.5044171810150146
14136,27,1.500878095626831
14137,14,-0.663730800151825
14138,22,0.7796335220336914
14139,27,1.4812068939208984
14140,14,-0.6459226012229919
14141,15,-0.601235032081604
14142,22,0.7828197479248047
14143,2,-2.623957872390747
14144,14,-0.7320906519889832
14145,26,1.39371919631958
14146,22,0.7332582473754883
14147,14,-0.7202574014663696
14148,14,-0.7688718438148499
14149,14,-0.6898481249809265
14150,14,-0.6989690661430359
14151,14,-0.7619673609733582
14152,23,0.8946688175201416
14153,22,0.7000298500061035
14154,23,0.804391622543335
14155,22,0.6772453784942627
14156,14,-0.7322912216186523
14157,14,-0.7572706341743469
14158,22,0.7835395336151123
14159,30,1.7652912139892578
14160,1,-2.7785651683807373
14161,23,0.806767463684082
14162,15,-0.584123432636261
14163,13,-0.8219023942947388
14164,14,-0.7420191168785095
14165,14,-0.7857340574264526
14166,23,0.8146047592163086
14167,14,-0.681911289691925
14168,22,0.7271101474761963
14169,23,0.8850080966949463
14170,23,0.9239916801452637
14171,14,-0.7618204951286316
14172,14,-0.6723233461380005
14173,14,-0.752456784248352
14174,23,0.9252972602844238
14175,23,0.8117706775665283
14176,14,-0.7069444060325623
14177,27,1.471013069152832
14178,14,-0.7051374912261963
14179,15,-0.6047992706298828
14180,14,-0.7151544094085693
14181,14,-0.6562068462371826
14182,15,-0.5354387760162354
14183,23,0.8462369441986084
14184,23,0.9339420795440674
14185,22,0.673537015914917
14186,27,1.4758398532867432
14187,13,-0.8243958353996277
14188,14,-0.7019873261451721
14189,14,-0.7152851819992065
14190,22,0.7439184188842773
14191,30,1.7891762256622314
14192,23,0.9127306938171387
14193,14,-0.7603657245635986
14194,14,-0.7342287302017212
14195,15,-0.5870583653450012
14196,23,0.9507875442504883
14197,27,1.4884943962097168
14198,14,-0.7094919085502625
14199,27,1.5119693279266357
14200,23,0.9468340873718262
14201,25,1.2221267223358154
14202,14,-0.6845847964286804
14203,22,0.7601759433746338
14204,23,0.9260590076446533
14205,14,-0.7499839663505554
14206,14,-0.720080554485321
14207,23,0.9185385704040527
14208,23,0.9296412467956543
14209,23,0.8193540573120117
14210,24,0.9938106536865234
14211,15,-0.5094298124313354
14212,23,0.9550185203552246
14213,28,1.5649685859680176
14214,24,1.0148558616638184
14215,16,-0.4709421396255493
14216,15,-0.5734359622001648
14217,27,1.4529774188995361
14218,14,-0.7158905267715454
14219,15,-0.616551399230957
14220,23,0.9368646144866943
14221,23,0.9329869747161865
14222,14,-0.7501001358032227
14223,15,-0.6379227638244629
14224,30,1.7779247760772705
14225,23,0.8451581001281738
14226,14,-0.6961638331413269
14227,14,-0.6811510920524597
14228,23,0.8599469661712646
14229,23,0.9366915225982666
14230,14,-0.6913105249404907
14231,23,0.972327470779419
14232,10,-1.3825629949569702
14233,14,-0.72491455078125
14234,22,0.7049787044525146
14235,27,1.4814584255218506
14236,14,-0.6739941835403442
14237,14,-0.6858072876930237
14238,23,0.9199271202087402
14239,28,1.5593464374542236
14240,14,-0.6415393352508545
14241,29,1.6511669158935547
14242,23,0.9120290279388428
14243,23,0.9311130046844482
14244,23,0.9512572288513184
14245,14,-0.7348012328147888
14246,28,1.5671305656433105
14247,15,-0.5374013781547546
14248,14,-0.770199179649353
14249,26,1.403867244720459
14250,23,0.9014201164245605
14251,14,-0.6584156155586243
14252,14,-0.7542244791984558
14253,14,-0.7705877423286438
14254,14,-0.6786133050918579
14255,28,1.6285817623138428
14256,23,0.9009714126586914
14257,15,-0.6005659699440002
14258,14,-0.7439362406730652
14259,23,0.8531153202056885
14260,22,0.7946782112121582
14261,13,-0.8261488080024719
14262,23,0.8810970783233643
14263,18,-0.06452834606170654
14264,15,-0.5303714275360107
14265,23,0.8628444671630859
14266,23,0.9794270992279053
14267,16,-0.34668397903442383
14268,15,-0.6089863777160645
14269,23,0.9119763374328613
14270,22,0.7599587440490723
14271,15,-0.5475764870643616
14272,24,0.9881856441497803
14273,15,-0.6103035807609558
14274,14,-0.6703393459320068
14275,14,-0.6753208041191101
14276,23,0.9045019149780273
14277,23,0.8441243171691895
14278,15,-0.5446917414665222
14279,14,-0.7152954339981079
14280,23,0.8887827396392822
14281,14,-0.6663283705711365
14282,28,1.6310734748840332
14283,23,0.908008337020874
14284,14,-0.6659509539604187
14285,14,-0.6743780374526978
14286,14,-0.7539215087890625
14287,14,-0.7058150172233582
14288,23,0.9570767879486084
14289,23,0.8915560245513916
14290,15,-0.5615506172180176
14291,14,-0.7807143926620483
14292,22,0.7769248485565186
14293,15,-0.6257614493370056
14294,14,-0.7179960012435913
14295,14,-0.7383597493171692
14296,15,-0.6160845160484314
14297,23,0.9622471332550049
14298,14,-0.6807360053062439
14299,23,0.8970186710357666
14300,23,0.8730404376983643
14301,6,-2.0416085720062256
14302,13,-0.8293818831443787
14303,15,-0.6329920887947083
14304,23,0.8289132118225098
14305,14,-0.6932473182678223
14306,14,-0.6913983821868896
14307,14,-0.683660626411438
14308,23,0.9557762145996094
14309,15,-0.5483198761940002
14310,27,1.4893202781677246
14311,28,1.574209213256836
14312,14,-0.7525700330734253
14313,15,-0.5097800493240356
14314,23,0.9711809158325195
14315,14,-0.6473103165626526
14316,8,-1.7123206853866577
14317,27,1.501128911972046
14318,15,-0.629241943359375
14319,30,1.7898914813995361
14320,15,-0.49184536933898926
14321,23,0.9075796604156494
14322,26,1.3642771244049072
14323,14,-0.7274261713027954
14324,14,-0.6834691762924194
14325,28,1.6069855690002441
14326,22,0.7961199283599854
14327,15,-0.5661489963531494
14328,23,0.9763245582580566
14329,15,-0.5348145961761475
14330,23,0.9507911205291748
14331,23,0.9718787670135498
14332,14,-0.7064962387084961
14333,14,-0.6954200267791748
14334,14,-0.7749053239822388
14335,15,-0.614245593547821
14336,15,-0.6156991124153137
14337,13,-0.8856783509254456
14338,23,0.9437265396118164
14339,23,0.822922945022583
14340,28,1.6167850494384766
14341,15,-0.6324774622917175
14342,16,-0.41367459297180176
14343,23,0.8948450088500977
14344,14,-0.6563158631324768
14345,15,-0.6360183358192444
14346,22,0.8002469539642334
14347,15,-0.6200379729270935
14348,15,-0.6360471844673157
14349,3,-2.4001712799072266
14350,14,-0.7794823050498962
14351,14,-0.6636896729469299
14352,14,-0.6564620137214661
14353,15,-0.47803163528442383
14354,15,-0.5829973816871643
14355,14,-0.6642569899559021
14356,14,-0.7136735320091248
14357,15,-0.6063196063041687
14358,14,-0.7541350722312927
14359,23,0.859870195388794
14360,16,-0.4496340751647949
14361,28,1.5483617782592773
14362,26,1.4032437801361084
14363,14,-0.6903016567230225
14364,15,-0.6106337308883667
14365,14,-0.675899863243103
14366,14,-0.757430911064148
14367,14,-0.77825528383255
14368,14,-0.6706119179725647
14369,14,-0.7167582511901855
14370,15,-0.5646055340766907
14371,14,-0.6562098264694214
14372,23,0.8526856899261475
14373,15,-0.48562681674957275
14374,27,1.5287835597991943
14375,14,-0.6817846894264221
14376,14,-0.6423963308334351
14377,14,-0.6721458435058594
14378,16,-0.4653540849685669
14379,15,-0.5777981877326965
14380,23,0.9136104583740234
14381,24,0.9846937656402588
14382,14,-0.6854679584503174
14383,14,-0.7364500761032104
14384,30,1.7992825508117676
14385,30,1.7923619747161865
14386,27,1.5165319442749023
14387,15,-0.5366095304489136
14388,1,-2.820981025695801
14389,15,-0.551497220993042
14390,14,-0.6709223985671997
14391,14,-0.7733020186424255
14392,24,1.030029058456421
14393,15,-0.5623965263366699
14394,15,-0.537918210029602
14395,28,1.617506980895996
14396,23,0.906874418258667
14397,23,0.9765996932983398
14398,27,1.5209147930145264
14399,28,1.6000807285308838
14400,24,1.0019261837005615
14401,24,1.0371205806732178
14402,30,1.7961316108703613
14403,17,-0.2907888889312744
14404,22,0.7834689617156982
14405,23,0.9496927261352539
14406,15,-0.6231075525283813
14407,17,-0.2353978157043457
14408,24,1.0052261352539062
14409,23,0.9650702476501465
14410,15,-0.6065815687179565
14411,14,-0.65852290391922
14412,14,-0.6417161822319031
14413,23,0.9452669620513916
14414,14,-0.7330775260925293
14415,15,-0.6138471961021423
14416,14,-0.6554182171821594
14417,15,-0.6169816851615906
14418,15,-0.5070490837097168
14419,28,1.566148281097412
14420,15,-0.6129971742630005
14421,22,0.6973767280578613
14422,14,-0.6785773038864136
14423,23,0.9603803157806396
14424,15,-0.623092532157898
14425,16,-0.40104854106903076
14426,15,-0.4890977144241333
14427,16,-0.45631635189056396
14428,14,-0.6554843187332153
14429,15,-0.6369117498397827
14430,14,-0.6553746461868286
14431,14,-0.6507142782211304
14432,15,-0.5070395469665527
14433,15,-0.6188498735427856
14434,15,-0.6183540225028992
14435,28,1.6087911128997803
14436,14,-0.6665432453155518
14437,15,-0.5225337743759155
14438,14,-0.7162901163101196
14439,22,0.7752189636230469
14440,15,-0.5207839012145996
14441,28,1.5797755718231201
14442,15,-0.6320071816444397
14443,14,-0.7365381121635437
14444,27,1.5306220054626465
14445,15,-0.574741542339325
14446,23,0.9449772834777832
14447,23,0.9673037528991699
14448,15,-0.6371641755104065
14449,14,-0.7691726684570312
14450,14,-0.6772575974464417
14451,15,-0.630733072757721
14452,28,1.5878286361694336
14453,14,-0.657974123954773
14454,15,-0.5632599592208862
14455,15,-0.6015056371688843
14456,24,1.03886079788208
14457,15,-0.6276137828826904
14458,14,-0.7382062673568726
14459,22,0.7907388210296631
14460,29,1.652845859527588
14461,23,0.9227359294891357
14462,16,-0.34594202041625977
14463,15,-0.5585940480232239
14464,21,0.556100606918335
14465,15,-0.5981159806251526
14466,15,-0.5559341311454773
14467,28,1.582787275314331
14468,29,1.63950514793396
14469,14,-0.6445770859718323
14470,23,0.9358134269714355
14471,16,-0.3342113494873047
14472,28,1.5981945991516113
14473,15,-0.5438312292098999
14474,23,0.9444503784179688
14475,27,1.5227220058441162
14476,23,0.8821337223052979
14477,14,-0.6799787878990173
14478,15,-0.5614817142486572
14479,14,-0.7432786822319031
14480,14,-0.7110176682472229
14481,15,-0.5971823930740356
14482,24,0.993685245513916
14483,23,0.8288295269012451
14484,15,-0.5096467733383179
14485,15,-0.6270207762718201
14486,15,-0.6280491352081299
14487,15,-0.5265660285949707
14488,15,-0.5613056421279907
14489,14,-0.6894341707229614
14490,15,-0.5935973525047302
14491,15,-0.5708744525909424
14492,28,1.6129369735717773
14493,14,-0.6733716130256653
14494,15,-0.4954770803451538
14495,14,-0.6682662963867188
14496,28,1.5911588668823242
14497,15,-0.6398833394050598
14498,23,0.9161574840545654
14499,29,1.6471962928771973
14500,21,0.5595748424530029
14501,15,-0.5948561429977417
14502,14,-0.6771306991577148
14503,16,-0.4629232883453369
14504,14,-0.6841397285461426
14505,15,-0.6073611378669739
14506,16,-0.42594730854034424
14507,16,-0.3691112995147705
14508,30,1.78721022605896
14509,24,0.9967892169952393
14510,22,0.747687816619873
14511,20,0.331030011177063
14512,30,1.798173189163208
14513,14,-0.6705347895622253
14514,15,-0.637922465801239
14515,17,-0.2723987102508545
14516,30,1.7793149948120117
14517,24,1.0720279216766357
14518,24,1.031473159790039
14519,15,-0.5944027304649353
14520,15,-0.6014394760131836
14521,14,-0.6808310151100159
14522,30,1.7971186637878418
14523,15,-0.4903538227081299
14524,23,0.8239517211914062
14525,23,0.9333047866821289
14526,15,-0.6128765940666199
14527,24,1.0359351634979248
14528,1,-2.7679524421691895
14529,23,0.9639372825622559
14530,15,-0.56810063123703
14531,28,1.5487046241760254
14532,23,0.9537205696105957
14533,29,1.6777534484863281
14534,28,1.590599775314331
14535,15,-0.5830292701721191
14536,15,-0.48439180850982666
14537,15,-0.6159932017326355
14538,27,1.4885003566741943
14539,15,-0.5995744466781616
14540,15,-0.6261414885520935
14541,15,-0.6275395750999451
14542,28,1.5999946594238281
14543,23,0.9473621845245361
14544,27,1.4384479522705078
14545,15,-0.5635656714439392
14546,15,-0.5477026700973511
14547,27,1.4198014736175537
14548,14,-0.7279354333877563
14549,1,-2.8570919036865234
14550,24,1.051814317703247
14551,15,-0.5434272885322571
14552,28,1.6003670692443848
14553,14,-0.7232130169868469
14554,30,1.7462239265441895
14555,15,-0.5143542289733887
14556,15,-0.5798145532608032
14557,15,-0.6082755327224731
14558,14,-0.6596906781196594
14559,16,-0.3490748405456543
14560,16,-0.42917656898498535
14561,15,-0.5109760761260986
14562,15,-0.5301311016082764
14563,24,1.0278782844543457
14564,15,-0.6027179956436157
14565,14,-0.6824278831481934
14566,14,-0.6628819108009338
14567,16,-0.34220731258392334
14568,25,1.2474260330200195
14569,27,1.46512770652771
14570,14,-0.689767599105835
14571,23,0.9697275161743164
14572,16,-0.3356512784957886
14573,14,-0.700887143611908
14574,14,-0.6696169972419739
14575,19,0.10205960273742676
14576,14,-0.6799916625022888
14577,14,-0.6427640318870544
14578,16,-0.3447486162185669
14579,14,-0.7511405348777771
14580,22,0.7830586433410645
14581,15,-0.5712741017341614
14582,26,1.4135777950286865
14583,23,0.9439172744750977
14584,15,-0.5601922273635864
14585,14,-0.6833367943763733
14586,14,-0.6475093960762024
14587,15,-0.6158236265182495
14588,15,-0.5080893039703369
14589,17,-0.24570679664611816
14590,14,-0.6863898634910583
14591,14,-0.7171363234519958
14592,15,-0.6209636926651001
14593,15,-0.5716339349746704
14594,23,0.8396081924438477
14595,14,-0.6820135116577148
14596,14,-0.6738486886024475
14597,1,-2.7932658195495605
14598,15,-0.49225401878356934
14599,15,-0.5429394245147705
14600,14,-0.6604438424110413
14601,8,-1.6460589170455933
14602,23,0.9100656509399414
14603,24,0.9978084564208984
14604,15,-0.5815894603729248
14605,16,-0.39206838607788086
14606,15,-0.5578064918518066
14607,23,0.8848264217376709
14608,15,-0.517642617225647
14609,15,-0.47700607776641846
14610,16,-0.4400899410247803
14611,22,0.7088472843170166
14612,15,-0.6075050830841064
14613,16,-0.41658568382263184
14614,28,1.5731337070465088
14615,15,-0.6006945371627808
14616,16,-0.3312879800796509
14617,23,0.9729149341583252
14618,27,1.5244615077972412
14619,15,-0.5013595819473267
14620,28,1.5723741054534912
14621,24,1.0276963710784912
14622,23,0.9400405883789062
14623,15,-0.6050867438316345
14624,23,0.8506779670715332
14625,27,1.4453861713409424
14626,23,0.9624137878417969
14627,24,0.9956140518188477
14628,15,-0.5224387645721436
14629,15,-0.5943552255630493
14630,15,-0.5956236124038696
14631,24,1.0426559448242188
14632,24,1.0101251602172852
14633,24,0.9997146129608154
14634,28,1.6350085735321045
14635,23,0.9613852500915527
14636,23,0.9205646514892578
14637,24,1.0513286590576172
14638,24,1.0160834789276123
14639,27,1.4746475219726562
14640,14,-0.6849299669265747
14641,15,-0.5355887413024902
14642,14,-0.6663736701011658
14643,15,-0.6373592019081116
14644,22,0.7966127395629883
14645,15,-0.5961136221885681
14646,15,-0.5546084642410278
14647,11,-1.2537801265716553
14648,14,-0.6508294343948364
14649,15,-0.5801926851272583
14650,27,1.4938726425170898
14651,14,-0.6621939539909363
14652,30,1.7944624423980713
14653,16,-0.3989628553390503
14654,23,0.9323573112487793
14655,16,-0.44656288623809814
14656,16,-0.40578925609588623
14657,23,0.9725944995880127
14658,15,-0.6398949027061462
14659,27,1.4664151668548584
14660,22,0.7967946529388428
14661,1,-2.756779909133911
14662,23,0.8338241577148438
14663,15,-0.6084770560264587
14664,24,1.0272622108459473
14665,15,-0.6191439628601074
14666,15,-0.5593456029891968
14667,15,-0.5198718309402466
14668,3,-2.3984968662261963
14669,14,-0.6918150782585144
14670,11,-1.1798501014709473
14671,23,0.9373176097869873
14672,23,0.9026908874511719
14673,28,1.6061580181121826
14674,16,-0.45493412017822266
14675,23,0.9730887413024902
14676,12,-0.9961559772491455
14677,15,-0.5346381664276123
14678,23,0.9678857326507568
14679,30,1.7939574718475342
14680,15,-0.6091377139091492
14681,28,1.6233017444610596
14682,16,-0.4715985059738159
14683,15,-0.5548070073127747
14684,14,-0.7712554931640625
14685,23,0.9190263748168945
14686,15,-0.6164236068725586
14687,23,0.9622290134429932
14688,15,-0.5759693384170532
14689,12,-1.0519379377365112
14690,23,0.9722189903259277
14691,22,0.7777724266052246
14692,15,-0.6296305656433105
14693,22,0.7416098117828369
14694,25,1.2723379135131836
14695,29,1.6625666618347168
14696,15,-0.608898937702179
14697,29,1.705376148223877
14698,15,-0.5645787715911865
14699,22,0.7106645107269287
14700,14,-0.6975947618484497
14701,14,-0.728266179561615
14702,15,-0.5987623333930969
14703,15,-0.6215305328369141
14704,4,-2.3157832622528076
14705,24,1.0078880786895752
14706,2,-2.7155394554138184
14707,15,-0.5864138603210449
14708,15,-0.5977421402931213
14709,15,-0.606075644493103
14710,14,-0.6543673872947693
14711,15,-0.5435038208961487
14712,23,0.9476699829101562
14713,15,-0.5676692128181458
14714,24,1.0204317569732666
14715,15,-0.6325567960739136
14716,15,-0.5435231924057007
14717,23,0.904768705368042
14718,15,-0.6030531525611877
14719,14,-0.6441466808319092
14720,14,-0.6440028548240662
14721,16,-0.4047069549560547
14722,16,-0.45617151260375977
14723,28,1.5707170963287354
14724,23,0.8558237552642822
14725,15,-0.5854683518409729
14726,15,-0.6135597229003906
14727,15,-0.5620951652526855
14728,14,-0.641253650188446
14729,14,-0.6664853692054749
14730,16,-0.44728732109069824
14731,16,-0.3304431438446045
14732,28,1.619959831237793
14733,16,-0.4422398805618286
14734,23,0.8786227703094482
14735,28,1.5646193027496338
14736,30,1.7924139499664307
14737,16,-0.3577982187271118
14738,15,-0.6203626990318298
14739,15,-0.5574122071266174
14740,23,0.9020719528198242
14741,15,-0.5900848507881165
14742,14,-0.6417949795722961
14743,24,0.986274242401123
14744,24,0.99009108543396
14745,30,1.797867774963379
14746,16,-0.4515697956085205
14747,15,-0.5061533451080322
14748,23,0.9342875480651855
14749,28,1.5436303615570068
14750,15,-0.4933398962020874
14751,15,-0.5647943615913391
14752,27,1.5072290897369385
14753,16,-0.4332258701324463
14754,24,1.0524113178253174
14755,16,-0.4732480049133301
14756,25,1.2048101425170898
14757,23,0.975754976272583
14758,24,1.016254186630249
14759,24,0.9870173931121826
14760,2,-2.7147083282470703
14761,14,-0.6505088806152344
14762,24,0.9885637760162354
14763,15,-0.5252161026000977
14764,15,-0.5574679970741272
14765,15,-0.6089255809783936
14766,15,-0.6072981357574463
14767,16,-0.46493279933929443
14768,28,1.576328992843628
14769,23,0.9319939613342285
14770,24,1.0505132675170898
14771,4,-2.3536689281463623
14772,15,-0.48355209827423096
14773,15,-0.4828674793243408
14774,15,-0.5648036003112793
14775,14,-0.6407654881477356
14776,15,-0.6102786064147949
14777,23,0.921929121017456
14778,23,0.9780757427215576
14779,15,-0.5949538350105286
14780,23,0.9399981498718262
14781,15,-0.5944096446037292
14782,15,-0.6055030822753906
14783,29,1.6373002529144287
14784,4,-2.294111728668213
14785,24,1.0577902793884277
14786,28,1.5523359775543213
14787,14,-0.6954814791679382
14788,15,-0.6238305568695068
14789,23,0.944434642791748
14790,28,1.5994791984558105
14791,28,1.6295859813690186
14792,15,-0.5938644409179688
14793,15,-0.510361909866333
14794,14,-0.6819221377372742
14795,24,0.9963545799255371
14796,15,-0.5575544238090515
14797,28,1.5999908447265625
14798,15,-0.5834461450576782
14799,15,-0.6299958229064941
14800,30,1.750493049621582
14801,16,-0.437042236328125
14802,23,0.9429242610931396
14803,23,0.8107800483703613
14804,28,1.596137285232544
14805,24,1.029172658920288
14806,15,-0.5972734689712524
14807,15,-0.5784088969230652
14808,23,0.9225218296051025
14809,30,1.7735085487365723
14810,24,1.0719959735870361
14811,15,-0.4787943363189697
14812,26,1.2923574447631836
14813,16,-0.33519768714904785
14814,15,-0.6274417638778687
14815,26,1.4167053699493408
14816,24,1.0158145427703857
14817,15,-0.5017533302307129
14818,23,0.8969159126281738
14819,16,-0.39303624629974365
14820,15,-0.49490058422088623
14821,28,1.614649772644043
14822,15,-0.5849744081497192
14823,16,-0.3846747875213623
14824,14,-0.6443039178848267
14825,15,-0.547820508480072
14826,15,-0.5233378410339355
14827,24,0.9881658554077148
14828,24,0.9995672702789307
14829,24,1.0953121185302734
14830,15,-0.5418061017990112
14831,23,0.8089039325714111
14832,24,1.0293855667114258
14833,16,-0.4619176387786865
14834,22,0.7513301372528076
14835,23,0.8510363101959229
14836,14,-0.651689887046814
14837,15,-0.5817632675170898
14838,29,1.6660313606262207
14839,26,1.2983636856079102
14840,15,-0.5020991563796997
14841,16,-0.45416271686553955
14842,15,-0.48303163051605225
14843,15,-0.5866298079490662
14844,15,-0.49218642711639404
14845,15,-0.5172939300537109
14846,24,0.9921154975891113
14847,17,-0.25757062435150146
14848,15,-0.6315250396728516
14849,16,-0.3020894527435303
14850,15,-0.510036826133728
14851,28,1.5630953311920166
14852,15,-0.49224960803985596
14853,15,-0.5532112121582031
14854,15,-0.5800630450248718
14855,15,-0.6009119153022766
14856,28,1.6318576335906982
14857,14,-0.6498156189918518
14858,22,0.8019256591796875
14859,24,1.0508813858032227
14860,26,1.3906376361846924
14861,16,-0.4717658758163452
14862,28,1.5645949840545654
14863,16,-0.43654143810272217
14864,15,-0.6340245008468628
14865,28,1.6221237182617188
14866,1,-2.8371760845184326
14867,15,-0.49522650241851807
14868,28,1.603238821029663
14869,22,0.7848107814788818
14870,24,1.0115692615509033
14871,30,1.7661314010620117
14872,23,0.935645341873169
14873,15,-0.5026021003723145
14874,16,-0.47491252422332764
14875,24,1.0812733173370361
14876,27,1.4521384239196777
14877,15,-0.6248826384544373
14878,15,-0.5274355411529541
14879,15,-0.6069903373718262
14880,16,-0.3207740783691406
14881,15,-0.5548096299171448
14882,15,-0.48903584480285645
14883,16,-0.43331313133239746
14884,23,0.9555468559265137
14885,16,-0.45143330097198486
14886,28,1.5882515907287598
14887,15,-0.4909794330596924
14888,23,0.9463913440704346
14889,28,1.6344327926635742
14890,5,-2.1821351051330566
14891,23,0.956749439239502
14892,24,1.00716233253479
14893,23,0.9103865623474121
14894,28,1.626448631286621
14895,28,1.5366003513336182
14896,16,-0.3445413112640381
14897,2,-2.607813835144043
14898,27,1.4977176189422607
14899,15,-0.5747528672218323
14900,17,-0.28832757472991943
14901,23,0.9098279476165771
14902,24,1.0221099853515625
14903,16,-0.38186168670654297
14904,15,-0.523461103439331
14905,15,-0.5187662839889526
14906,24,1.005584478378296
14907,15,-0.4984564781188965
14908,23,0.9472370147705078
14909,24,1.011188268661499
14910,15,-0.5229451656341553
14911,24,1.050501823425293
14912,23,0.9610309600830078
14913,15,-0.5889140963554382
14914,16,-0.40918779373168945
14915,15,-0.5095704793930054
14916,29,1.6379294395446777
14917,16,-0.4597560167312622
14918,15,-0.5849408507347107
14919,16,-0.43635547161102295
14920,15,-0.5560777187347412
14921,16,-0.31973516941070557
14922,15,-0.532386064529419
14923,16,-0.4396209716796875
14924,24,1.0223064422607422
14925,16,-0.3466007709503174
14926,15,-0.48586440086364746
14927,16,-0.4213376045227051
14928,24,1.0442836284637451
14929,16,-0.32475316524505615
14930,30,1.7885470390319824
14931,15,-0.5738384127616882
14932,24,1.044865369796753
14933,15,-0.5997442603111267
14934,15,-0.613264799118042
14935,15,-0.5021388530731201
14936,16,-0.4584542512893677
14937,23,0.978144645690918
14938,15,-0.5478000640869141
14939,24,1.085911750793457
14940,17,-0.2725335359573364
14941,24,0.9992177486419678
14942,16,-0.44770121574401855
14943,28,1.5881292819976807
14944,15,-0.538081705570221
14945,28,1.6306934356689453
14946,28,1.5723495483398438
14947,24,1.0240774154663086
14948,15,-0.5541617274284363
14949,24,1.0337047576904297
14950,16,-0.42540574073791504
14951,15,-0.5499394536018372
14952,28,1.5726289749145508
14953,15,-0.508543848991394
14954,24,1.0021169185638428
14955,16,-0.4723968505859375
14956,24,1.0043580532073975
14957,28,1.6167304515838623
14958,23,0.9033293724060059
14959,28,1.5784943103790283
14960,16,-0.4548724889755249
14961,30,1.7959012985229492
14962,16,-0.4714905023574829
14963,25,1.2706027030944824
14964,22,0.7701315879821777
14965,16,-0.46334028244018555
14966,28,1.6122982501983643
14967,16,-0.4409574270248413
14968,15,-0.5760400295257568
14969,15,-0.5089025497436523
14970,15,-0.5697869658470154
14971,23,0.8745174407958984
14972,23,0.8315482139587402
14973,15,-0.6175474524497986
14974,28,1.5782904624938965
14975,15,-0.5504946112632751
14976,30,1.7998247146606445
14977,24,1.0138728618621826
14978,16,-0.43473708629608154
14979,23,0.9633855819702148
14980,15,-0.6304062008857727
14981,30,1.793673038482666
14982,16,-0.4673745632171631
14983,28,1.6206040382385254
14984,29,1.7186133861541748
14985,23,0.9583745002746582
14986,16,-0.3444833755493164
14987,16,-0.3627539873123169
14988,24,1.0224542617797852
14989,27,1.5119445323944092
14990,23,0.9742357730865479
14991,24,1.031722068786621
14992,16,-0.43982017040252686
14993,15,-0.4893430471420288
14994,15,-0.5311344861984253
14995,16,-0.45157885551452637
14996,24,0.9935815334320068
14997,28,1.622934341430664
14998,16,-0.38692378997802734
14999,23,0.8903453350067139
15000,21,0.573192834854126
15001,28,1.6166784763336182
15002,16,-0.4208202362060547
15003,15,-0.5842871069908142
15004,30,1.7994823455810547
15005,16,-0.4701942205429077
15006,15,-0.5031135082244873
15007,15,-0.5900862812995911
15008,16,-0.4082447290420532
15009,16,-0.46769070625305176
15010,23,0.9634861946105957
15011,15,-0.5357389450073242
15012,17,-0.2942690849304199
15013,16,-0.33178210258483887
15014,23,0.9414577484130859
15015,24,1.0266852378845215
15016,15,-0.573024570941925
15017,24,1.0421407222747803
15018,15,-0.5502589344978333
15019,24,1.0545735359191895
15020,28,1.595088005065918
15021,16,-0.3767355680465698
15022,28,1.5542378425598145
15023,24,1.0835578441619873
15024,16,-0.46433913707733154
15025,15,-0.4865955114364624
15026,16,-0.41939377784729004
15027,15,-0.5661383867263794
15028,24,1.0204169750213623
15029,28,1.6096985340118408
15030,28,1.626509666442871
15031,24,1.0840463638305664
15032,16,-0.34869134426116943
15033,16,-0.35775506496429443
15034,3,-2.5520505905151367
15035,15,-0.49549615383148193
15036,23,0.8777127265930176
15037,23,0.9280509948730469
15038,16,-0.37667739391326904
15039,23,0.8765454292297363
15040,17,-0.13837778568267822
15041,15,-0.4967513084411621
15042,23,0.9766998291015625
15043,24,1.0624606609344482
15044,16,-0.44736921787261963
15045,17,-0.25611233711242676
15046,15,-0.4997737407684326
15047,15,-0.5315895080566406
15048,15,-0.49937593936920166
15049,30,1.7959115505218506
15050,16,-0.32130372524261475
15051,16,-0.38256728649139404
15052,27,1.4448792934417725
15053,27,1.4530940055847168
15054,24,1.0449800491333008
15055,15,-0.5421574115753174
15056,30,1.7465884685516357
15057,27,1.5265827178955078
15058,15,-0.550050675868988
15059,16,-0.428020715713501
15060,24,1.0542097091674805
15061,16,-0.35267210006713867
15062,16,-0.42768216133117676
15063,15,-0.5534984469413757
15064,15,-0.5017513036727905
15065,16,-0.3829629421234131
15066,15,-0.5503615736961365
15067,16,-0.3787115812301636
15068,24,1.0984001159667969
15069,16,-0.43157660961151123
15070,28,1.555286169052124
15071,16,-0.4267514944076538
15072,28,1.5666368007659912
15073,23,0.9527637958526611
15074,24,1.007321834564209
15075,28,1.5708210468292236
15076,28,1.5773813724517822
15077,16,-0.39481937885284424
15078,15,-0.576461911201477
15079,3,-2.4525911808013916
15080,30,1.7531116008758545
15081,25,1.2867684364318848
15082,15,-0.5072234869003296
15083,16,-0.3904768228530884
15084,15,-0.5294359922409058
15085,16,-0.41953158378601074
15086,30,1.740858554840088
15087,15,-0.4790688753128052
15088,30,1.8000550270080566
15089,16,-0.4736487865447998
15090,28,1.5739994049072266
15091,28,1.553602933883667
15092,15,-0.48995327949523926
15093,15,-0.4955517053604126
15094,16,-0.4636094570159912
15095,16,-0.4283233880996704
15096,24,1.0608227252960205
15097,23,0.8125312328338623
15098,28,1.6140015125274658
15099,23,0.9206364154815674
15100,16,-0.4371887445449829
15101,16,-0.46059322357177734
15102,27,1.4827396869659424
15103,16,-0.4500010013580322
15104,15,-0.5512088537216187
15105,16,-0.3698369264602661
15106,16,-0.3804119825363159
15107,18,-0.10625684261322021
15108,15,-0.5533366799354553
15109,16,-0.36032402515411377
15110,23,0.9172394275665283
15111,16,-0.39742255210876465
15112,15,-0.5240395069122314
15113,28,1.584409236907959
15114,16,-0.45440673828125
15115,16,-0.33854806423187256
15116,23,0.9765000343322754
15117,16,-0.47416019439697266
15118,16,-0.4631218910217285
15119,16,-0.4147242307662964
15120,16,-0.41109395027160645
15121,16,-0.3540302515029907
15122,28,1.626645803451538
15123,15,-0.5475562810897827
15124,29,1.6446964740753174
15125,16,-0.40477824211120605
15126,24,1.1075472831726074
15127,15,-0.5055751800537109
15128,24,1.081850528717041
15129,23,0.9608094692230225
15130,28,1.6224498748779297
15131,15,-0.5937826037406921
15132,24,1.0325825214385986
15133,15,-0.5475212335586548
15134,24,1.0053727626800537
15135,15,-0.5194823741912842
15136,15,-0.5234807729721069
15137,16,-0.47516191005706787
15138,17,-0.15063345432281494
15139,16,-0.3568432331085205
15140,15,-0.5264685153961182
15141,24,1.0562760829925537
15142,15,-0.5771840214729309
15143,16,-0.4622504711151123
15144,30,1.7950901985168457
15145,23,0.8504133224487305
15146,23,0.9317004680633545
15147,24,0.9815442562103271
15148,24,1.0989105701446533
15149,17,-0.20251834392547607
15150,15,-0.4969521760940552
15151,23,0.9601876735687256
15152,29,1.6446287631988525
15153,17,-0.24724674224853516
15154,16,-0.34926390647888184
15155,15,-0.49044132232666016
15156,24,0.990962028503418
15157,26,1.3006596565246582
15158,27,1.4823238849639893
15159,29,1.646482229232788
15160,27,1.5142872333526611
15161,15,-0.5881158709526062
15162,28,1.5930674076080322
15163,24,1.010209321975708
15164,24,1.083646297454834
15165,24,1.007664442062378
15166,23,0.9786105155944824
15167,23,0.9133145809173584
15168,24,1.0259349346160889
15169,18,-0.042569756507873535
15170,15,-0.542582094669342
15171,16,-0.4391162395477295
15172,24,1.0040907859802246
15173,16,-0.46360158920288086
15174,23,0.8537170886993408
15175,16,-0.4619683027267456
15176,27,1.5145847797393799
15177,1,-2.7723898887634277
15178,15,-0.4864826202392578
15179,24,1.081810474395752
15180,24,1.0060667991638184
15181,24,1.1021990776062012
15182,15,-0.4911055564880371
15183,28,1.600985050201416
15184,15,-0.5056957006454468
15185,28,1.6275336742401123
15186,15,-0.5170220136642456
15187,15,-0.5120328664779663
15188,16,-0.4526216983795166
15189,16,-0.368869423866272
15190,17,-0.23759174346923828
15191,16,-0.4661780595779419
15192,24,1.061795949935913
15193,23,0.889779806137085
15194,27,1.5040478706359863
15195,23,0.9627399444580078
15196,17,-0.19887471199035645
15197,15,-0.5070340633392334
15198,24,1.1214697360992432
15199,28,1.5621631145477295
15200,15,-0.4763239622116089
15201,6,-1.9537899494171143
15202,24,0.9808444976806641
15203,15,-0.5110056400299072
15204,24,1.0542142391204834
15205,16,-0.4331783056259155
15206,28,1.5460565090179443
15207,24,1.039851188659668
15208,16,-0.30424630641937256
15209,16,-0.4237786531448364
15210,16,-0.4142402410507202
15211,18,-0.08176136016845703
15212,23,0.963615894317627
15213,16,-0.344706654548645
15214,30,1.7474749088287354
15215,16,-0.45357513427734375
15216,25,1.1414995193481445
15217,16,-0.42534780502319336
15218,23,0.978931188583374
15219,16,-0.47163844108581543
15220,17,-0.2580655813217163
15221,15,-0.4932056665420532
15222,24,1.0016417503356934
15223,15,-0.5092403888702393
15224,15,-0.5430224537849426
15225,15,-0.5154845714569092
15226,16,-0.4124748706817627
15227,15,-0.4815506935119629
15228,16,-0.31589412689208984
15229,23,0.8834400177001953
15230,28,1.5624642372131348
15231,28,1.550673484802246
15232,16,-0.4555375576019287
15233,16,-0.4502602815628052
15234,16,-0.3680849075317383
15235,15,-0.48497867584228516
15236,24,1.0800731182098389
15237,18,-0.09103977680206299
15238,11,-1.2560194730758667
15239,16,-0.4403878450393677
15240,30,1.7971932888031006
15241,24,1.0320396423339844
15242,16,-0.4292548894882202
15243,23,0.8301064968109131
15244,16,-0.3398994207382202
15245,16,-0.3167060613632202
15246,16,-0.47013092041015625
15247,16,-0.4376349449157715
15248,24,1.0888950824737549
15249,15,-0.4907311201095581
15250,15,-0.48338592052459717
15251,28,1.5943293571472168
15252,24,1.0668814182281494
15253,24,1.0331847667694092
15254,16,-0.4718754291534424
15255,16,-0.46874797344207764
15256,23,0.8571999073028564
15257,28,1.569469690322876
15258,16,-0.3668818473815918
15259,29,1.6567118167877197
15260,22,0.7352323532104492
15261,24,1.1000125408172607
15262,15,-0.4826228618621826
15263,20,0.3546931743621826
15264,27,1.4766595363616943
15265,16,-0.4356116056442261
15266,24,1.1093719005584717
15267,24,0.9842028617858887
15268,27,1.5157907009124756
15269,16,-0.4638286828994751
15270,16,-0.32954132556915283
15271,24,0.9953300952911377
15272,15,-0.48576438426971436
15273,17,-0.25289976596832275
15274,15,-0.4859187602996826
15275,16,-0.40921902656555176
15276,16,-0.4252110719680786
15277,28,1.6215553283691406
15278,29,1.6485364437103271
15279,16,-0.42117488384246826
15280,16,-0.45880866050720215
15281,24,1.0646259784698486
15282,26,1.3266544342041016
15283,17,-0.25398290157318115
15284,23,0.9232182502746582
15285,23,0.956925630569458
15286,24,1.110459566116333
15287,23,0.923635721206665
15288,27,1.4891688823699951
15289,15,-0.5151283740997314
15290,16,-0.40519237518310547
15291,24,1.0986459255218506
15292,16,-0.47254467010498047
15293,15,-0.5784192681312561
15294,15,-0.5250488519668579
15295,16,-0.43989527225494385
15296,15,-0.49562668800354004
15297,24,1.0871679782867432
15298,28,1.566575050354004
15299,16,-0.34976398944854736
15300,24,1.0982530117034912
15301,15,-0.48621463775634766
15302,24,1.0412399768829346
15303,16,-0.44694507122039795
15304,24,1.1092236042022705
15305,16,-0.32809197902679443
15306,17,-0.25982964038848877
15307,16,-0.4592686891555786
15308,17,-0.29435694217681885
15309,24,0.9973492622375488
15310,24,1.0085608959197998
15311,16,-0.4408959150314331
15312,16,-0.42904043197631836
15313,24,1.033637285232544
15314,15,-0.49298644065856934
15315,3,-2.565491199493408
15316,29,1.668179988861084
15317,16,-0.320354700088501
15318,16,-0.3117382526397705
15319,16,-0.40706348419189453
15320,16,-0.4334220886230469
15321,16,-0.38382506370544434
15322,24,1.1030926704406738
15323,15,-0.49689459800720215
15324,24,1.0734302997589111
15325,24,1.0913000106811523
15326,29,1.6386744976043701
15327,16,-0.43429017066955566
15328,15,-0.5451135635375977
15329,16,-0.440815806388855
15330,29,1.6658658981323242
15331,29,1.6412498950958252
15332,29,1.6395645141601562
15333,16,-0.47059476375579834
15334,15,-0.48206639289855957
15335,16,-0.4390072822570801
15336,16,-0.4641607999801636
15337,16,-0.3290669918060303
15338,16,-0.45539093017578125
15339,24,1.0089542865753174
15340,16,-0.3379887342453003
15341,15,-0.4885457754135132
15342,16,-0.38165271282196045
15343,24,0.9807910919189453
15344,24,1.0985679626464844
15345,24,1.0653233528137207
15346,16,-0.32344377040863037
15347,15,-0.48093974590301514
15348,21,0.46398067474365234
15349,20,0.3500983715057373
15350,17,-0.27037084102630615
15351,16,-0.42748796939849854
15352,16,-0.3457467555999756
15353,23,0.8960654735565186
15354,28,1.587475061416626
15355,24,1.1108992099761963
15356,15,-0.49420976638793945
15357,29,1.6440472602844238
15358,16,-0.368991494178772
15359,24,1.0019855499267578
15360,28,1.6029925346374512
15361,24,1.1187958717346191
15362,24,0.9867017269134521
15363,16,-0.4031566381454468
15364,23,0.8602597713470459
15365,24,1.111495018005371
15366,16,-0.36455559730529785
15367,15,-0.5097951889038086
15368,16,-0.44363105297088623
15369,16,-0.43541252613067627
15370,16,-0.3928849697113037
15371,17,-0.2844499349594116
15372,24,1.0189688205718994
15373,16,-0.4315450191497803
15374,17,-0.2956275939941406
15375,23,0.920903205871582
15376,28,1.5712769031524658
15377,16,-0.46549999713897705
15378,24,1.0541298389434814
15379,24,1.0889904499053955
15380,17,-0.14570260047912598
15381,24,1.0953891277313232
15382,27,1.4765257835388184
15383,24,1.006147861480713
15384,23,0.8978621959686279
15385,2,-2.712953567504883
15386,23,0.9662532806396484
15387,28,1.597550868988037
15388,16,-0.4515777826309204
15389,28,1.6274709701538086
15390,16,-0.45210957527160645
15391,15,-0.4941619634628296
15392,24,1.096614122390747
15393,29,1.6473424434661865
15394,23,0.9437780380249023
15395,16,-0.41086316108703613
15396,24,0.9936275482177734
15397,17,-0.2639334201812744
15398,24,1.1224806308746338
15399,24,1.0623893737792969
15400,24,1.02921724319458
15401,23,0.8536386489868164
15402,17,-0.18596255779266357
15403,16,-0.32097721099853516
15404,17,-0.291098952293396
15405,29,1.6599695682525635
15406,24,0.9811344146728516
15407,16,-0.39899110794067383
15408,24,1.0584583282470703
15409,16,-0.31967782974243164
15410,16,-0.3334759473800659
15411,24,1.1207096576690674
15412,28,1.6255557537078857
15413,17,-0.258459210395813
15414,28,1.6141502857208252
15415,27,1.46110200881958
15416,29,1.6393990516662598
15417,24,1.0187759399414062
15418,16,-0.4326883554458618
15419,25,1.2025303840637207
15420,23,0.9347398281097412
15421,24,1.0191330909729004
15422,29,1.6390185356140137
15423,24,1.0500688552856445
15424,16,-0.4568626880645752
15425,17,-0.2834123373031616
15426,16,-0.36909759044647217
15427,25,1.1423823833465576
15428,28,1.546922206878662
15429,17,-0.2834005355834961
15430,6,-2.0188817977905273
15431,17,-0.1580885648727417
15432,24,1.1021943092346191
15433,16,-0.332416296005249
15434,25,1.169429063796997
15435,23,0.8957300186157227
15436,15,-0.480975866317749
15437,24,1.1141812801361084
15438,23,0.9526124000549316
15439,22,0.7631373405456543
15440,3,-2.472914934158325
15441,23,0.9218049049377441
15442,23,0.9037656784057617
15443,24,1.0955488681793213
15444,1,-2.77901029586792
15445,16,-0.47362399101257324
15446,16,-0.41894352436065674
15447,16,-0.41815006732940674
15448,24,1.1347346305847168
15449,16,-0.40354692935943604
15450,30,1.7733628749847412
15451,28,1.6013336181640625
15452,17,-0.19877135753631592
15453,24,1.062854290008545
15454,23,0.9758932590484619
15455,16,-0.3863804340362549
15456,17,-0.24995708465576172
15457,16,-0.3105947971343994
15458,16,-0.4057939052581787
15459,15,-0.505211353302002
15460,24,1.031538486480713
15461,17,-0.2607377767562866
15462,16,-0.44862961769104004
15463,16,-0.3743351697921753
15464,16,-0.3990384340286255
15465,29,1.6818852424621582
15466,16,-0.39118289947509766
15467,24,1.0878736972808838
15468,30,1.7935395240783691
15469,24,1.0335514545440674
15470,24,1.0690791606903076
15471,21,0.4849224090576172
15472,15,-0.49159955978393555
15473,25,1.253633737564087
15474,16,-0.4160722494125366
15475,16,-0.3855710029602051
15476,16,-0.45423614978790283
15477,16,-0.4235638380050659
15478,29,1.6789145469665527
15479,24,0.9814374446868896
15480,30,1.7644412517547607
15481,24,1.0618114471435547
15482,28,1.5391051769256592
15483,23,0.9691648483276367
15484,28,1.5975160598754883
15485,17,-0.1798630952835083
15486,17,-0.20119154453277588
15487,17,-0.2693905830383301
15488,16,-0.44371509552001953
15489,16,-0.34123945236206055
15490,24,1.0405981540679932
15491,17,-0.24087929725646973
15492,17,-0.29469943046569824
15493,17,-0.24257540702819824
15494,28,1.5993189811706543
15495,28,1.5737841129302979
15496,16,-0.31830501556396484
15497,29,1.6425600051879883
15498,16,-0.4069085121154785
15499,24,1.049255609512329
15500,2,-2.735764741897583
15501,1,-2.8464081287384033
15502,17,-0.2431575059890747
15503,16,-0.3631894588470459
15504,24,1.0944783687591553
15505,24,1.0778324604034424
15506,15,-0.4764920473098755
15507,24,1.0462133884429932
15508,16,-0.3688375949859619
15509,24,1.07716703414917
15510,24,1.0162780284881592
15511,24,1.1085011959075928
15512,16,-0.401455283164978
15513,29,1.6430292129516602
15514,16,-0.30728936195373535
15515,3,-2.519977331161499
15516,24,1.055858850479126
15517,16,-0.35332584381103516
15518,16,-0.3217313289642334
15519,16,-0.44322025775909424
15520,17,-0.2702986001968384
15521,16,-0.3925158977508545
15522,30,1.7714810371398926
15523,24,1.039079189300537
15524,16,-0.4698662757873535
15525,16,-0.3542206287384033
15526,24,1.1012697219848633
15527,28,1.6307170391082764
15528,16,-0.344030499458313
15529,24,1.1073386669158936
15530,28,1.5633230209350586
15531,16,-0.33515846729278564
15532,30,1.7947039604187012
15533,16,-0.4240826368331909
15534,16,-0.3799806833267212
15535,23,0.8722343444824219
15536,16,-0.36329519748687744
15537,16,-0.3767979145050049
15538,24,1.1114976406097412
15539,17,-0.19435226917266846
15540,28,1.5900094509124756
15541,17,-0.2163175344467163
15542,29,1.670095682144165
15543,17,-0.2833312749862671
15544,16,-0.42445456981658936
15545,24,0.991016149520874
15546,16,-0.39913761615753174
15547,16,-0.35715794563293457
15548,24,1.0093920230865479
15549,30,1.7818288803100586
15550,16,-0.4313325881958008
15551,29,1.6821856498718262
15552,16,-0.4169372320175171
15553,28,1.591510534286499
15554,30,1.797518253326416
15555,24,1.090646505355835
15556,16,-0.4290633201599121
15557,30,1.740403175354004
15558,28,1.5651075839996338
15559,17,-0.21724963188171387
15560,17,-0.18789637088775635
15561,16,-0.38965904712677
15562,16,-0.40157949924468994
15563,16,-0.35501909255981445
15564,16,-0.38757312297821045
15565,25,1.2683308124542236
15566,24,1.0758388042449951
15567,27,1.4910087585449219
15568,23,0.9755673408508301
15569,24,1.0984857082366943
15570,16,-0.4498084783554077
15571,16,-0.3162733316421509
15572,24,1.0485334396362305
15573,23,0.8713562488555908
15574,27,1.5306065082550049
15575,23,0.91438889503479
15576,27,1.418522596359253
15577,24,0.9843857288360596
15578,24,1.0634889602661133
15579,24,1.0794703960418701
15580,24,1.037752628326416
15581,28,1.5988743305206299
15582,18,-0.03056812286376953
15583,16,-0.3247910737991333
15584,18,-0.0776205062866211
15585,24,1.0487875938415527
15586,17,-0.28280341625213623
15587,16,-0.44034290313720703
15588,17,-0.23871028423309326
15589,24,1.0561692714691162
15590,28,1.580937147140503
15591,17,-0.286657452583313
15592,29,1.639904260635376
15593,24,1.1051080226898193
15594,16,-0.39994072914123535
15595,17,-0.2978060245513916
15596,17,-0.14023208618164062
15597,24,1.1247992515563965
15598,18,-0.09384441375732422
15599,25,1.1410298347473145
15600,24,1.0732860565185547
15601,17,-0.29007649421691895
15602,16,-0.362545371055603
15603,25,1.1734213829040527
15604,17,-0.17495477199554443
15605,16,-0.3154776096343994
15606,16,-0.442996621131897
15607,30,1.7985775470733643
15608,17,-0.23780548572540283
15609,25,1.1537435054779053
15610,16,-0.41756749153137207
15611,16,-0.40130555629730225
15612,27,1.4871387481689453
15613,17,-0.1635364294052124
15614,2,-2.6686577796936035
15615,16,-0.3807028532028198
15616,17,-0.29552507400512695
15617,16,-0.4573845863342285
15618,24,1.062422513961792
15619,29,1.6502010822296143
15620,16,-0.3813290596008301
15621,16,-0.3492377996444702
15622,17,-0.19755136966705322
15623,24,1.1056439876556396
15624,16,-0.33777570724487305
15625,24,1.1239023208618164
15626,24,1.1328444480895996
15627,14,-0.6852589845657349
15628,16,-0.4192543029785156
15629,17,-0.1561657190322876
15630,17,-0.29925620555877686
15631,24,1.1075198650360107
15632,17,-0.23981249332427979
15633,17,-0.2843971252441406
15634,16,-0.3676818609237671
15635,16,-0.30258142948150635
15636,27,1.4726274013519287
15637,30,1.7757444381713867
15638,24,1.1020731925964355
15639,16,-0.370447039604187
15640,16,-0.36236321926116943
15641,16,-0.3097473382949829
15642,4,-2.3499770164489746
15643,17,-0.2213224172592163
15644,16,-0.31858837604522705
15645,17,-0.1600358486175537
15646,17,-0.2806187868118286
15647,16,-0.3317418098449707
15648,26,1.2906475067138672
15649,25,1.1480190753936768
15650,28,1.6194524765014648
15651,29,1.653254508972168
15652,17,-0.2564985752105713
15653,28,1.5861687660217285
15654,28,1.6128685474395752
15655,16,-0.36341190338134766
15656,2,-2.697525978088379
15657,25,1.1460258960723877
15658,18,0.03068399429321289
15659,16,-0.4106135368347168
15660,17,-0.27057087421417236
15661,24,1.1345844268798828
15662,16,-0.414553165435791
15663,17,-0.2695474624633789
15664,29,1.676496982574463
15665,24,1.1391079425811768
15666,29,1.6495764255523682
15667,2,-2.703888416290283
15668,16,-0.38120925426483154
15669,17,-0.2508960962295532
15670,25,1.148221492767334
15671,24,1.0568311214447021
15672,24,1.0826282501220703
15673,28,1.616978406906128
15674,28,1.5671412944793701
15675,24,1.0815165042877197
15676,5,-2.2087416648864746
15677,24,1.0027015209197998
15678,28,1.6303510665893555
15679,24,1.083505630493164
15680,24,1.0742871761322021
15681,30,1.7666211128234863
15682,24,1.1258177757263184
15683,28,1.5926499366760254
15684,25,1.152277946472168
15685,16,-0.389104962348938
15686,24,1.0348711013793945
15687,16,-0.38353967666625977
15688,16,-0.4155385494232178
15689,17,-0.1629568338394165
15690,17,-0.2415386438369751
15691,17,-0.15003550052642822
15692,24,1.0935873985290527
15693,24,1.132943868637085
15694,30,1.7900505065917969
15695,24,1.1013565063476562
15696,24,1.1213068962097168
15697,16,-0.31761622428894043
15698,24,1.1326382160186768
15699,28,1.5375521183013916
15700,18,-0.06572175025939941
15701,25,1.1719601154327393
15702,28,1.5558831691741943
15703,28,1.6180098056793213
15704,16,-0.39264512062072754
15705,24,1.079087495803833
15706,17,-0.19262826442718506
15707,27,1.419576644897461
15708,17,-0.24548673629760742
15709,16,-0.3589043617248535
15710,24,1.097635269165039
15711,17,-0.23987126350402832
15712,16,-0.31755053997039795
15713,17,-0.1505032777786255
15714,16,-0.38671576976776123
15715,16,-0.3588426113128662
15716,24,1.0070044994354248
15717,17,-0.30113685131073
15718,25,1.144921064376831
15719,18,-0.10604214668273926
15720,16,-0.3805685043334961
15721,16,-0.37640368938446045
15722,16,-0.38682711124420166
15723,23,0.954195499420166
15724,17,-0.17301034927368164
15725,4,-2.323655605316162
15726,24,1.065596342086792
15727,28,1.599362850189209
15728,28,1.5989394187927246
15729,16,-0.3297863006591797
15730,25,1.1419572830200195
15731,25,1.165755033493042
15732,29,1.6374561786651611
15733,17,-0.2031407356262207
15734,28,1.6340253353118896
15735,16,-0.3929339647293091
15736,25,1.1716279983520508
15737,17,-0.24906444549560547
15738,24,1.0988209247589111
15739,16,-0.35875844955444336
15740,16,-0.3356260061264038
15741,23,0.9676845073699951
15742,16,-0.43227672576904297
15743,17,-0.18514013290405273
15744,16,-0.33358967304229736
15745,17,-0.2460019588470459
15746,25,1.1881988048553467
15747,16,-0.3264366388320923
15748,16,-0.32862722873687744
15749,30,1.7938566207885742
15750,16,-0.4204634428024292
15751,27,1.527719497680664
15752,17,-0.26587629318237305
15753,16,-0.31233155727386475
15754,16,-0.3798314332962036
15755,17,-0.2902899980545044
15756,17,-0.29921388626098633
15757,23,0.925936222076416
15758,16,-0.3236353397369385
15759,25,1.1951632499694824
15760,29,1.6771149635314941
15761,25,1.1455678939819336
15762,16,-0.39844048023223877
15763,16,-0.36974596977233887
15764,17,-0.24208807945251465
15765,25,1.1950793266296387
15766,23,0.9429941177368164
15767,16,-0.36299002170562744
15768,16,-0.33637404441833496
15769,28,1.6359763145446777
15770,29,1.6375019550323486
15771,25,1.1415367126464844
15772,25,1.1573433876037598
15773,28,1.626671314239502
15774,28,1.580625295639038
15775,29,1.646554946899414
15776,8,-1.6898345947265625
15777,30,1.7975354194641113
15778,29,1.6597380638122559
15779,16,-0.35958707332611084
15780,24,1.0643537044525146
15781,24,1.0817780494689941
15782,27,1.527656078338623
15783,25,1.1592977046966553
15784,16,-0.3059922456741333
15785,3,-2.4766082763671875
15786,25,1.1642696857452393
15787,24,1.0885753631591797
15788,17,-0.23634576797485352
15789,24,1.0654029846191406
15790,24,1.1363582611083984
15791,16,-0.3647819757461548
15792,16,-0.3178623914718628
15793,17,-0.17861056327819824
15794,24,1.1059527397155762
15795,16,-0.3607757091522217
15796,16,-0.34906303882598877
15797,16,-0.3025096654891968
15798,24,1.1147959232330322
15799,25,1.1437129974365234
15800,25,1.1430153846740723
15801,28,1.62917160987854
15802,25,1.2033662796020508
15803,17,-0.19745540618896484
15804,16,-0.372353196144104
15805,24,1.0619306564331055
15806,1,-2.752051830291748
15807,16,-0.3589705228805542
15808,17,-0.17931389808654785
15809,24,1.1092007160186768
15810,17,-0.2217235565185547
15811,17,-0.28817081451416016
15812,25,1.2487380504608154
15813,25,1.1410882472991943
15814,16,-0.3114207983016968
15815,17,-0.290671706199646
15816,25,1.1999521255493164
15817,16,-0.3206256628036499
15818,29,1.6529185771942139
15819,24,1.1339004039764404
15820,16,-0.337709903717041
15821,15,-0.4927250146865845
15822,25,1.180741548538208
15823,29,1.656907081604004
15824,29,1.650026559829712
15825,17,-0.29357707500457764
15826,17,-0.28629744052886963
15827,24,1.113335132598877
15828,15,-0.5001040697097778
15829,17,-0.20766592025756836
15830,17,-0.22373545169830322
15831,12,-1.084395408630371
15832,17,-0.22428321838378906
15833,16,-0.314050555229187
15834,16,-0.3295786380767822
15835,24,1.095569133758545
15836,17,-0.12723815441131592
15837,25,1.2021992206573486
15838,25,1.1929192543029785
15839,24,1.1076009273529053
15840,17,-0.15251779556274414
15841,25,1.1679723262786865
15842,17,-0.19736266136169434
15843,29,1.6687638759613037
15844,17,-0.20081758499145508
15845,24,1.0281736850738525
15846,17,-0.22160029411315918
15847,25,1.1823394298553467
15848,16,-0.32725465297698975
15849,17,-0.16638922691345215
15850,24,1.1053698062896729
15851,16,-0.36770951747894287
15852,29,1.6833240985870361
15853,19,0.22099804878234863
15854,29,1.6783297061920166
15855,16,-0.3915172815322876
15856,30,1.7981626987457275
15857,16,-0.37312471866607666
15858,17,-0.22703659534454346
15859,16,-0.39357924461364746
15860,17,-0.27051103115081787
15861,16,-0.3057098388671875
15862,29,1.6562554836273193
15863,25,1.1413233280181885
15864,3,-2.4439706802368164
15865,23,0.8449544906616211
15866,16,-0.34261441230773926
15867,28,1.6293268203735352
15868,25,1.1731986999511719
15869,20,0.2556978464126587
15870,29,1.6778159141540527
15871,28,1.6176507472991943
15872,16,-0.38172078132629395
15873,18,-0.07845008373260498
15874,17,-0.25608015060424805
15875,30,1.788952350616455
15876,29,1.6651577949523926
15877,16,-0.32366299629211426
15878,16,-0.3878626823425293
15879,25,1.1665563583374023
15880,16,-0.32970130443573
15881,24,1.136479139328003
15882,28,1.554330825805664
15883,25,1.208855152130127
15884,23,0.9443893432617188
15885,29,1.65091872215271
15886,17,-0.26401638984680176
15887,24,1.1350183486938477
15888,17,-0.2791639566421509
15889,17,-0.17490458488464355
15890,17,-0.27953851222991943
15891,24,1.0788958072662354
15892,25,1.159703016281128
15893,16,-0.3317774534225464
15894,24,1.0914337635040283
15895,28,1.5554208755493164
15896,16,-0.3380887508392334
15897,16,-0.3984335660934448
15898,16,-0.37137818336486816
15899,17,-0.1522359848022461
15900,17,-0.2963036298751831
15901,29,1.6755235195159912
15902,18,-0.11605072021484375
15903,30,1.7923734188079834
15904,17,-0.19929933547973633
15905,17,-0.21329021453857422
15906,22,0.776531457901001
15907,17,-0.30055177211761475
15908,17,-0.2697540521621704
15909,17,-0.2394731044769287
15910,24,1.1290347576141357
15911,17,-0.29960596561431885
15912,17,-0.13293635845184326
15913,25,1.1975831985473633
15914,29,1.6739273071289062
15915,25,1.156024694442749
15916,25,1.159611701965332
15917,24,1.1071739196777344
15918,16,-0.318576455116272
15919,30,1.7985007762908936
15920,17,-0.2713139057159424
15921,25,1.1425373554229736
15922,17,-0.1254967451095581
15923,1,-2.7837679386138916
15924,18,-0.07405316829681396
15925,17,-0.18254995346069336
15926,25,1.1846978664398193
15927,2,-2.691007375717163
15928,26,1.368096113204956
15929,28,1.5668153762817383
15930,24,1.085547685623169
15931,24,1.140791893005371
15932,17,-0.21976184844970703
15933,17,-0.23119831085205078
15934,16,-0.30982446670532227
15935,17,-0.2666795253753662
15936,17,-0.12548768520355225
15937,17,-0.28576016426086426
15938,24,1.072096347808838
15939,17,-0.19593274593353271
15940,23,0.9680042266845703
15941,24,1.1047067642211914
15942,24,1.1301183700561523
15943,16,-0.33147895336151123
15944,16,-0.3697761297225952
15945,28,1.5328736305236816
15946,24,1.1203298568725586
15947,17,-0.16707956790924072
15948,17,-0.20117950439453125
15949,16,-0.3544015884399414
15950,17,-0.20112621784210205
15951,18,-0.06471645832061768
15952,25,1.2238574028015137
15953,18,-0.030448079109191895
15954,28,1.6182482242584229
15955,25,1.22642183303833
15956,17,-0.29026126861572266
15957,29,1.6955718994140625
15958,25,1.1630268096923828
15959,17,-0.2676602602005005
15960,24,1.1006686687469482
15961,16,-0.3451191186904907
15962,17,-0.24919843673706055
15963,28,1.6153738498687744
15964,25,1.1685481071472168
15965,24,1.05985426902771
15966,16,-0.341533899307251
15967,17,-0.2710857391357422
15968,17,-0.18525636196136475
15969,27,1.4966027736663818
15970,16,-0.33430516719818115
15971,28,1.564805507659912
15972,25,1.1610188484191895
15973,25,1.1683144569396973
15974,16,-0.33343505859375
15975,17,-0.26708388328552246
15976,28,1.581249713897705
15977,24,1.1032044887542725
15978,17,-0.258044958114624
15979,17,-0.18404769897460938
15980,17,-0.2950679063796997
15981,24,1.0274178981781006
15982,18,-0.12018215656280518
15983,22,0.772979736328125
15984,16,-0.3275332450866699
15985,17,-0.16052329540252686
15986,17,-0.2708110809326172
15987,30,1.7670092582702637
15988,17,-0.2701129913330078
15989,17,-0.24444007873535156
15990,28,1.6191508769989014
15991,17,-0.2671945095062256
15992,16,-0.31400585174560547
15993,24,1.0538537502288818
15994,25,1.1635854244232178
15995,17,-0.26540231704711914
15996,29,1.6577520370483398
15997,16,-0.3709249496459961
15998,29,1.6508617401123047
15999,23,0.8879764080047607
16000,30,1.7749593257904053
16001,17,-0.24923276901245117
16002,25,1.221928596496582
16003,17,-0.2438753843307495
16004,17,-0.19187641143798828
16005,17,-0.2185683250427246
16006,24,1.090893030166626
16007,28,1.6218273639678955
16008,29,1.6728239059448242
16009,25,1.1626160144805908
16010,28,1.5541729927062988
16011,16,-0.30889391899108887
16012,25,1.229358434677124
16013,11,-1.2867791652679443
16014,19,0.14511191844940186
16015,16,-0.3193308115005493
16016,17,-0.24973857402801514
16017,17,-0.28226912021636963
16018,24,1.131131887435913
16019,9,-1.4953877925872803
16020,29,1.694000482559204
16021,16,-0.3078455924987793
16022,24,1.0872137546539307
16023,28,1.6205108165740967
16024,27,1.430535078048706
16025,25,1.1842772960662842
16026,18,-0.028246521949768066
16027,17,-0.19265401363372803
16028,18,-0.024363279342651367
16029,17,-0.16090214252471924
16030,25,1.2322380542755127
16031,24,1.11299729347229
16032,18,-0.08681273460388184
16033,18,0.04047417640686035
16034,17,-0.1735016107559204
16035,18,-0.10030233860015869
16036,25,1.1424956321716309
16037,24,1.0782215595245361
16038,25,1.1951513290405273
16039,17,-0.28704404830932617
16040,25,1.1643972396850586
16041,29,1.706568956375122
16042,17,-0.16236364841461182
16043,28,1.56186842918396
16044,16,-0.3708864450454712
16045,29,1.6471247673034668
16046,27,1.4583089351654053
16047,28,1.5673441886901855
16048,24,1.109583854675293
16049,29,1.6481707096099854
16050,24,1.0771563053131104
16051,17,-0.1494886875152588
16052,29,1.655104637145996
16053,17,-0.2665598392486572
16054,17,-0.295438289642334
16055,17,-0.21179819107055664
16056,18,-0.03510403633117676
16057,25,1.178210735321045
16058,17,-0.15669786930084229
16059,30,1.798565149307251
16060,18,0.022800326347351074
16061,24,1.11187744140625
16062,17,-0.2722581624984741
16063,16,-0.30680859088897705
16064,17,-0.1758284568786621
16065,18,0.016572117805480957
16066,17,-0.26798784732818604
16067,25,1.1465578079223633
16068,17,-0.1893099546432495
16069,29,1.6610500812530518
16070,24,1.127770185470581
16071,17,-0.19732367992401123
16072,25,1.1457812786102295
16073,29,1.6544601917266846
16074,26,1.3829402923583984
16075,29,1.6830172538757324
16076,17,-0.2655390501022339
16077,16,-0.3623850345611572
16078,17,-0.1827104091644287
16079,24,1.032271385192871
16080,19,0.07688045501708984
16081,16,-0.31699132919311523
16082,25,1.14202880859375
16083,17,-0.22846341133117676
16084,17,-0.23867416381835938
16085,17,-0.2387077808380127
16086,17,-0.22090661525726318
16087,1,-2.8754329681396484
16088,25,1.1500742435455322
16089,17,-0.22240400314331055
16090,28,1.6057980060577393
16091,16,-0.3616393804550171
16092,28,1.5566191673278809
16093,17,-0.13069188594818115
16094,2,-2.673361301422119
16095,29,1.6710357666015625
16096,28,1.586561679840088
16097,17,-0.160630464553833
16098,17,-0.15301847457885742
16099,18,-0.05531430244445801
16100,29,1.6558105945587158
16101,17,-0.20993542671203613
16102,29,1.6778407096862793
16103,17,-0.1967400312423706
16104,17,-0.2920043468475342
16105,25,1.1674296855926514
16106,25,1.1702418327331543
16107,16,-0.332485556602478
16108,3,-2.529039144515991
16109,17,-0.24726927280426025
16110,24,1.12278413772583
16111,17,-0.26420533657073975
16112,18,-0.08289384841918945
16113,18,0.026074647903442383
16114,30,1.7667155265808105
16115,17,-0.15234076976776123
16116,3,-2.4575881958007812
16117,17,-0.22047901153564453
16118,25,1.2211205959320068
16119,24,1.0640313625335693
16120,25,1.1559603214263916
16121,17,-0.2056741714477539
16122,28,1.621875524520874
16123,18,-0.04702866077423096
16124,17,-0.20191693305969238
16125,17,-0.21125197410583496
16126,17,-0.27317214012145996
16127,17,-0.13441169261932373
16128,29,1.6472196578979492
16129,17,-0.2558177709579468
16130,17,-0.2219313383102417
16131,16,-0.3259437084197998
16132,24,1.0855238437652588
16133,22,0.7988264560699463
16134,18,-0.11535108089447021
16135,30,1.792818546295166
16136,17,-0.25482749938964844
16137,17,-0.1863614320755005
16138,17,-0.2706495523452759
16139,25,1.1969621181488037
16140,17,-0.20222759246826172
16141,17,-0.2857266664505005
16142,18,-0.11912751197814941
16143,17,-0.21731185913085938
16144,17,-0.2481856346130371
16145,29,1.637800693511963
16146,29,1.6656906604766846
16147,18,0.015347957611083984
16148,24,1.1363697052001953
16149,17,-0.21718716621398926
16150,29,1.6801221370697021
16151,27,1.4963092803955078
16152,16,-0.33074700832366943
16153,17,-0.23986947536468506
16154,17,-0.22819364070892334
16155,25,1.1845734119415283
16156,25,1.1561293601989746
16157,17,-0.22043001651763916
16158,24,1.0408189296722412
16159,18,-0.10750126838684082
16160,29,1.7127857208251953
16161,30,1.7900581359863281
16162,17,-0.17133831977844238
16163,17,-0.15080738067626953
16164,16,-0.3069770336151123
16165,17,-0.25382912158966064
16166,25,1.1930291652679443
16167,24,1.1159789562225342
16168,28,1.603684425354004
16169,25,1.1774649620056152
16170,17,-0.22662842273712158
16171,17,-0.23994982242584229
16172,17,-0.15882587432861328
16173,22,0.6791329383850098
16174,19,0.055602312088012695
16175,28,1.5978217124938965
16176,25,1.1901021003723145
16177,27,1.4341092109680176
16178,17,-0.18021702766418457
16179,30,1.7974534034729004
16180,18,-0.09844577312469482
16181,18,-0.11632215976715088
16182,17,-0.2551240921020508
16183,17,-0.1724921464920044
16184,17,-0.25676655769348145
16185,20,0.4075353145599365
16186,19,0.07277226448059082
16187,18,-0.04381263256072998
16188,28,1.5418727397918701
16189,17,-0.13972115516662598
16190,25,1.1946845054626465
16191,24,1.0823960304260254
16192,17,-0.14954829216003418
16193,17,-0.16609406471252441
16194,26,1.3317158222198486
16195,17,-0.22443509101867676
16196,16,-0.4149892330169678
16197,17,-0.16958415508270264
16198,3,-2.5485644340515137
16199,17,-0.1731719970703125
16200,17,-0.16729629039764404
16201,26,1.3557376861572266
16202,25,1.1580476760864258
16203,17,-0.1823866367340088
16204,18,-0.020264029502868652
16205,25,1.160750389099121
16206,28,1.6319139003753662
16207,25,1.2610385417938232
16208,18,-0.11368870735168457
16209,17,-0.13634324073791504
16210,17,-0.2070401906967163
16211,18,-0.09513044357299805
16212,25,1.2440917491912842
16213,17,-0.24594461917877197
16214,25,1.1735589504241943
16215,18,0.0024808645248413086
16216,24,1.0186338424682617
16217,25,1.1678884029388428
16218,17,-0.20422351360321045
16219,17,-0.12561285495758057
16220,25,1.2180635929107666
16221,24,1.0875189304351807
16222,17,-0.15225517749786377
16223,29,1.6435282230377197
16224,17,-0.22292518615722656
16225,18,-0.10280656814575195
16226,19,0.12998580932617188
16227,28,1.6307504177093506
16228,24,1.0461175441741943
16229,17,-0.1535937786102295
16230,18,-0.02979755401611328
16231,18,-0.035660505294799805
16232,24,1.0029823780059814
16233,30,1.7701752185821533
16234,25,1.2142040729522705
16235,25,1.201542615890503
16236,29,1.6855156421661377
16237,29,1.7061285972595215
16238,18,0.03378474712371826
16239,17,-0.187669038772583
16240,17,-0.18880701065063477
16241,29,1.6436686515808105
16242,25,1.1501941680908203
16243,17,-0.1579364538192749
16244,17,-0.24538230895996094
16245,24,1.1398539543151855
16246,10,-1.3003915548324585
16247,17,-0.2394404411315918
16248,26,1.359518051147461
16249,29,1.6531808376312256
16250,28,1.533764362335205
16251,18,-0.10612928867340088
16252,29,1.6370747089385986
16253,25,1.248692512512207
16254,24,1.1333351135253906
16255,17,-0.2099287509918213
16256,24,1.1253368854522705
16257,18,0.023554563522338867
16258,18,-0.0744866132736206
16259,24,1.1089770793914795
16260,29,1.656761646270752
16261,24,1.0250523090362549
16262,17,-0.15508782863616943
16263,17,-0.15080714225769043
16264,24,1.0534300804138184
16265,17,-0.23809397220611572
16266,18,-0.07712364196777344
16267,29,1.685086965560913
16268,9,-1.4659006595611572
16269,24,1.1205012798309326
16270,28,1.5343389511108398
16271,25,1.2708561420440674
16272,25,1.1982297897338867
16273,29,1.6955535411834717
16274,18,-0.0718226432800293
16275,25,1.279637336730957
16276,29,1.6864650249481201
16277,18,-0.0572361946105957
16278,18,0.006376862525939941
16279,29,1.6657564640045166
16280,19,0.15997743606567383
16281,17,-0.2343909740447998
16282,27,1.5317997932434082
16283,17,-0.17618310451507568
16284,17,-0.171103835105896
16285,25,1.2116763591766357
16286,17,-0.22481119632720947
16287,17,-0.20547091960906982
16288,17,-0.1386791467666626
16289,17,-0.22514116764068604
16290,18,-0.052857398986816406
16291,17,-0.2913529872894287
16292,17,-0.18654108047485352
16293,17,-0.26527273654937744
16294,25,1.1978509426116943
16295,25,1.218261957168579
16296,17,-0.14419376850128174
16297,17,-0.17944765090942383
16298,30,1.7993836402893066
16299,30,1.739513635635376
16300,25,1.202848196029663
16301,17,-0.1832493543624878
16302,17,-0.1756458282470703
16303,25,1.1692907810211182
16304,17,-0.20195186138153076
16305,18,-0.048409104347229004
16306,18,-0.06473302841186523
16307,24,1.1278469562530518
16308,29,1.6441965103149414
16309,24,1.0560648441314697
16310,18,-0.09351575374603271
16311,25,1.1933259963989258
16312,28,1.5965900421142578
16313,17,-0.2039397954940796
16314,18,-0.09418952465057373
16315,24,1.0408051013946533
16316,25,1.237074613571167
16317,18,-0.033295392990112305
16318,29,1.6433196067810059
16319,17,-0.2014864683151245
16320,17,-0.15812146663665771
16321,25,1.212327003479004
16322,18,-0.015181779861450195
16323,18,-0.12245309352874756
16324,18,-0.09669911861419678
16325,3,-2.4649274349212646
16326,25,1.2343721389770508
16327,18,-0.025778532028198242
16328,25,1.1914684772491455
16329,18,-0.09095191955566406
16330,17,-0.14059138298034668
16331,18,-0.015615701675415039
16332,25,1.1899828910827637
16333,17,-0.1699995994567871
16334,17,-0.13098716735839844
16335,18,-0.11657905578613281
16336,18,-0.0003464221954345703
16337,30,1.7767224311828613
16338,17,-0.14932477474212646
16339,18,-0.08541464805603027
16340,25,1.2546501159667969
16341,25,1.1728887557983398
16342,17,-0.14478254318237305
16343,18,0.004766225814819336
16344,18,-0.07946288585662842
16345,18,-0.11920547485351562
16346,17,-0.1523597240447998
16347,25,1.1433370113372803
16348,25,1.222318410873413
16349,17,-0.16552555561065674
16350,19,0.09629201889038086
16351,17,-0.21658122539520264
16352,25,1.2465791702270508
16353,17,-0.12776565551757812
16354,25,1.2271666526794434
16355,4,-2.320659637451172
16356,17,-0.22781717777252197
16357,17,-0.17712855339050293
16358,17,-0.19792163372039795
16359,29,1.669562578201294
16360,25,1.155512809753418
16361,17,-0.13724398612976074
16362,17,-0.17316102981567383
16363,24,1.020153522491455
16364,27,1.5109703540802002
16365,29,1.6507210731506348
16366,18,-0.08329510688781738
16367,17,-0.13860106468200684
16368,17,-0.19377052783966064
16369,17,-0.19088351726531982
16370,28,1.6144416332244873
16371,25,1.1636366844177246
16372,17,-0.16575145721435547
16373,18,-0.012342572212219238
16374,17,-0.17308437824249268
16375,25,1.2146072387695312
16376,24,1.137190580368042
16377,17,-0.24519550800323486
16378,25,1.2261414527893066
16379,18,-0.06664001941680908
16380,18,-0.01736736297607422
16381,28,1.6126587390899658
16382,17,-0.14480292797088623
16383,28,1.6046559810638428
16384,24,1.1232964992523193
16385,17,-0.1555314064025879
16386,25,1.1720173358917236
16387,18,-0.10422658920288086
16388,18,-0.07539498805999756
16389,25,1.1932029724121094
16390,17,-0.26248323917388916
16391,17,-0.1655731201171875
16392,18,-0.0670936107635498
16393,15,-0.4776507616043091
16394,25,1.2058889865875244
16395,17,-0.20997655391693115
16396,25,1.1731908321380615
16397,19,0.07080066204071045
16398,17,-0.1320328712463379
16399,30,1.7746598720550537
16400,17,-0.12875854969024658
16401,18,-0.05933868885040283
16402,17,-0.1584162712097168
16403,25,1.152231216430664
16404,18,-0.016843318939208984
16405,17,-0.16011011600494385
16406,18,-0.11150145530700684
16407,17,-0.2014392614364624
16408,17,-0.1430361270904541
16409,13,-0.8820095658302307
16410,25,1.2390327453613281
16411,25,1.194772720336914
16412,28,1.629321813583374
16413,18,-0.025143027305603027
16414,28,1.6355643272399902
16415,28,1.6276617050170898
16416,25,1.2569386959075928
16417,25,1.1930270195007324
16418,18,-0.03973972797393799
16419,18,0.042835235595703125
16420,18,-0.014411687850952148
16421,17,-0.22556662559509277
16422,25,1.2452309131622314
16423,25,1.191800594329834
16424,30,1.7998528480529785
16425,2,-2.726586103439331
16426,7,-1.9171760082244873
16427,18,-0.0747380256652832
16428,25,1.236069917678833
16429,28,1.5332410335540771
16430,17,-0.15418756008148193
16431,25,1.1682841777801514
16432,18,-0.1205744743347168
16433,19,0.11949646472930908
16434,18,-0.0974116325378418
16435,17,-0.15875744819641113
16436,17,-0.21919918060302734
16437,28,1.5641438961029053
16438,19,0.22221779823303223
16439,17,-0.18796372413635254
16440,28,1.6298117637634277
16441,19,0.13757801055908203
16442,25,1.233297348022461
16443,18,-0.061272263526916504
16444,28,1.6197938919067383
16445,19,0.09820294380187988
16446,24,1.139709711074829
16447,25,1.1950547695159912
16448,28,1.6215944290161133
16449,30,1.7981886863708496
16450,27,1.4480562210083008
16451,17,-0.221358060836792
16452,25,1.1734318733215332
16453,18,-0.09210669994354248
16454,18,-0.07861673831939697
16455,10,-1.3613797426223755
16456,25,1.144733190536499
16457,25,1.233396053314209
16458,17,-0.14468741416931152
16459,25,1.248317003250122
16460,25,1.2176661491394043
16461,25,1.1944918632507324
16462,17,-0.19856321811676025
16463,18,-0.004761934280395508
16464,18,-0.12134242057800293
16465,28,1.621004581451416
16466,18,-0.11521315574645996
16467,18,-0.016855239868164062
16468,17,-0.14815497398376465
16469,29,1.6485486030578613
16470,25,1.2732579708099365
16471,25,1.2310986518859863
16472,18,-0.04384291172027588
16473,18,-0.11139905452728271
16474,17,-0.16036081314086914
16475,17,-0.1593329906463623
16476,17,-0.18406915664672852
16477,18,0.009374856948852539
16478,29,1.6464190483093262
16479,17,-0.1597306728363037
16480,4,-2.2860794067382812
16481,26,1.3379888534545898
16482,25,1.2146577835083008
16483,17,-0.1682513952255249
16484,25,1.2470195293426514
16485,25,1.1567955017089844
16486,17,-0.21975409984588623
16487,29,1.6884100437164307
16488,25,1.2371010780334473
16489,25,1.229745864868164
16490,18,-0.08540999889373779
16491,25,1.2459471225738525
16492,17,-0.18235373497009277
16493,18,-0.09279310703277588
16494,18,-0.09009933471679688
16495,18,-0.04599952697753906
16496,30,1.791741132736206
16497,29,1.6662626266479492
16498,25,1.203345775604248
16499,28,1.6111009120941162
16500,18,0.04073452949523926
16501,28,1.6243784427642822
16502,6,-1.9841347932815552
16503,18,-0.05436301231384277
16504,18,-0.07457339763641357
16505,29,1.6456856727600098
16506,25,1.1903321743011475
16507,18,-0.07911562919616699
16508,18,-0.10101532936096191
16509,25,1.2445127964019775
16510,25,1.2280247211456299
16511,18,-0.09533870220184326
16512,25,1.1898717880249023
16513,25,1.2289650440216064
16514,29,1.640854835510254
16515,17,-0.13804709911346436
16516,18,-0.03948533535003662
16517,18,-0.05255603790283203
16518,19,0.06844913959503174
16519,18,0.03722786903381348
16520,18,-0.07491040229797363
16521,27,1.4702365398406982
16522,29,1.6593215465545654
16523,29,1.7057843208312988
16524,24,1.076127290725708
16525,29,1.6678898334503174
16526,25,1.1677443981170654
16527,28,1.6109049320220947
16528,17,-0.13724839687347412
16529,25,1.1776399612426758
16530,18,-0.043111324310302734
16531,30,1.799508810043335
16532,25,1.2355778217315674
16533,28,1.5842440128326416
16534,18,-0.023389101028442383
16535,19,0.16958832740783691
16536,19,0.20727312564849854
16537,17,-0.17025256156921387
16538,18,-0.10345339775085449
16539,18,0.031304001808166504
16540,18,0.008963823318481445
16541,18,-0.08188283443450928
16542,29,1.6948156356811523
16543,18,0.0003103017807006836
16544,28,1.6205947399139404
16545,18,-0.03433215618133545
16546,28,1.607825756072998
16547,17,-0.2265993356704712
16548,25,1.2562060356140137
16549,19,0.15400564670562744
16550,18,-0.09700918197631836
16551,25,1.2545313835144043
16552,21,0.49874329566955566
16553,2,-2.5899429321289062
16554,17,-0.18145179748535156
16555,25,1.175682783126831
16556,25,1.2127208709716797
16557,18,-0.10162031650543213
16558,27,1.4236054420471191
16559,25,1.2530391216278076
16560,30,1.7970430850982666
16561,18,0.046404242515563965
16562,30,1.7820472717285156
16563,18,0.018918991088867188
16564,19,0.058434247970581055
16565,25,1.2769806385040283
16566,17,-0.12794363498687744
16567,25,1.2482976913452148
16568,18,-0.10957026481628418
16569,18,-0.10757958889007568
16570,28,1.6034290790557861
16571,18,-0.06836318969726562
16572,19,0.062001705169677734
16573,28,1.6316330432891846
16574,29,1.6893181800842285
16575,17,-0.1943192481994629
16576,17,-0.17385649681091309
16577,18,0.015990376472473145
16578,28,1.5536041259765625
16579,18,-0.10696959495544434
16580,27,1.5196914672851562
16581,25,1.2604403495788574
16582,25,1.248448371887207
16583,18,0.007962346076965332
16584,29,1.6669464111328125
16585,17,-0.12729084491729736
16586,18,-0.01764070987701416
16587,25,1.230062484741211
16588,17,-0.14138543605804443
16589,25,1.1993563175201416
16590,17,-0.13069117069244385
16591,29,1.6454029083251953
16592,29,1.667323350906372
16593,18,0.02326071262359619
16594,17,-0.18741834163665771
16595,18,0.012415409088134766
16596,25,1.2701339721679688
16597,24,1.1327836513519287
16598,28,1.5716431140899658
16599,29,1.6792047023773193
16600,18,-0.12274587154388428
16601,18,-0.026491761207580566
16602,18,-0.11847114562988281
16603,26,1.3953516483306885
16604,30,1.7999660968780518
16605,24,1.0306618213653564
16606,25,1.1892170906066895
16607,17,-0.1245800256729126
16608,25,1.2456164360046387
16609,25,1.2749571800231934
16610,19,0.1052008867263794
16611,19,0.1150740385055542
16612,18,-0.06168782711029053
16613,18,-0.07536303997039795
16614,24,1.13059663772583
16615,17,-0.14023828506469727
16616,29,1.643437147140503
16617,18,-0.0928192138671875
16618,29,1.6702275276184082
16619,25,1.1562793254852295
16620,18,-0.04149353504180908
16621,26,1.3482844829559326
16622,19,0.07437574863433838
16623,25,1.222747802734375
16624,25,1.2716343402862549
16625,25,1.2654569149017334
16626,29,1.6519370079040527
16627,18,-0.05111801624298096
16628,25,1.2207930088043213
16629,18,-0.00835263729095459
16630,26,1.3062775135040283
16631,20,0.37860107421875
16632,18,-0.02944624423980713
16633,25,1.2113499641418457
16634,20,0.40830767154693604
16635,29,1.6767871379852295
16636,18,-0.08243942260742188
16637,18,0.002135634422302246
16638,18,-0.12283241748809814
16639,18,0.04989051818847656
16640,25,1.2209739685058594
16641,29,1.6939821243286133
16642,19,0.13564884662628174
16643,18,-0.039987921714782715
16644,18,-0.07764101028442383
16645,25,1.235196590423584
16646,12,-1.021597146987915
16647,20,0.30083930492401123
16648,17,-0.1690678596496582
16649,25,1.2434940338134766
16650,28,1.5566339492797852
16651,18,-0.04582107067108154
16652,18,-0.052382707595825195
16653,18,-0.10238170623779297
16654,18,0.017817974090576172
16655,18,-0.03731882572174072
16656,25,1.2698888778686523
16657,22,0.7282319068908691
16658,18,-0.01581549644470215
16659,18,0.028680801391601562
16660,26,1.3047399520874023
16661,25,1.1491138935089111
16662,17,-0.15662670135498047
16663,18,-0.056851744651794434
16664,25,1.2704741954803467
16665,28,1.583055019378662
16666,18,-0.08758056163787842
16667,20,0.35266292095184326
16668,25,1.1990888118743896
16669,25,1.2480390071868896
16670,18,0.0506281852722168
16671,28,1.6162281036376953
16672,18,-0.036034584045410156
16673,25,1.2400949001312256
16674,27,1.4991543292999268
16675,19,0.18547499179840088
16676,29,1.6842334270477295
16677,24,1.0868825912475586
16678,24,0.9828612804412842
16679,18,-0.055516719818115234
16680,25,1.2151687145233154
16681,28,1.584970235824585
16682,28,1.5346431732177734
16683,25,1.1616551876068115
16684,25,1.2498300075531006
16685,25,1.2164819240570068
16686,4,-2.3133528232574463
16687,26,1.3202908039093018
16688,18,-0.10363578796386719
16689,17,-0.19055020809173584
16690,18,-0.004181385040283203
16691,18,-0.07085657119750977
16692,28,1.539060115814209
16693,19,0.14116191864013672
16694,18,-0.057146668434143066
16695,18,0.03543829917907715
16696,30,1.7971315383911133
16697,28,1.6019325256347656
16698,26,1.292670488357544
16699,28,1.6339759826660156
16700,18,-0.10196900367736816
16701,18,-0.046819090843200684
16702,29,1.6756782531738281
16703,18,-0.04131889343261719
16704,29,1.6773717403411865
16705,18,-0.042386651039123535
16706,28,1.6296586990356445
16707,29,1.7019598484039307
16708,19,0.05723237991333008
16709,29,1.6696457862854004
16710,18,-0.10859179496765137
16711,18,0.024189233779907227
16712,19,0.08370006084442139
16713,25,1.1698734760284424
16714,25,1.2442669868469238
16715,28,1.5587527751922607
16716,19,0.06192481517791748
16717,25,1.1475036144256592
16718,25,1.2868497371673584
16719,18,-0.054094552993774414
16720,29,1.6825239658355713
16721,18,-0.06197071075439453
16722,18,-0.11394631862640381
16723,26,1.3904685974121094
16724,26,1.3136317729949951
16725,25,1.245431900024414
16726,26,1.3048710823059082
16727,29,1.7101092338562012
16728,18,0.012616395950317383
16729,29,1.6555671691894531
16730,18,-0.03507232666015625
16731,29,1.6958539485931396
16732,18,-0.09182727336883545
16733,19,0.0668172836303711
16734,18,-0.05294632911682129
16735,18,-0.023524761199951172
16736,25,1.2360620498657227
16737,25,1.2792918682098389
16738,19,0.1379014253616333
16739,25,1.2574710845947266
16740,24,1.10744047164917
16741,18,-0.0571364164352417
16742,18,0.009831905364990234
16743,25,1.1789186000823975
16744,19,0.1702944040298462
16745,18,-0.003969430923461914
16746,29,1.6934478282928467
16747,18,0.04781758785247803
16748,18,-0.09154820442199707
16749,18,-0.09364664554595947
16750,29,1.6941277980804443
16751,18,-0.04024362564086914
16752,17,-0.13648390769958496
16753,19,0.1395789384841919
16754,17,-0.12808847427368164
16755,25,1.2116563320159912
16756,26,1.3121356964111328
16757,25,1.245851755142212
16758,27,1.4444162845611572
16759,18,-0.04458010196685791
16760,25,1.2701778411865234
16761,17,-0.18540120124816895
16762,25,1.2348859310150146
16763,19,0.13466250896453857
16764,11,-1.1552865505218506
16765,17,-0.16934239864349365
16766,25,1.2823717594146729
16767,18,-0.03137922286987305
16768,25,1.266791820526123
16769,25,1.2228524684906006
16770,18,-0.029058098793029785
16771,19,0.06843852996826172
16772,28,1.5434749126434326
16773,26,1.2944002151489258
16774,25,1.2441024780273438
16775,29,1.6504738330841064
16776,18,-0.03495430946350098
16777,18,-0.040819406509399414
16778,25,1.2063376903533936
16779,29,1.6681792736053467
16780,28,1.6201074123382568
16781,3,-2.5343282222747803
16782,25,1.2151563167572021
16783,18,0.01902925968170166
16784,25,1.1794042587280273
16785,27,1.4531521797180176
16786,29,1.677241325378418
16787,18,0.013996601104736328
16788,18,-0.004158616065979004
16789,25,1.2427887916564941
16790,29,1.661203145980835
16791,25,1.2610962390899658
16792,26,1.4119994640350342
16793,29,1.6814472675323486
16794,27,1.464811086654663
16795,25,1.2032263278961182
16796,25,1.2749652862548828
16797,18,-0.02148294448852539
16798,29,1.6831016540527344
16799,18,0.026144981384277344
16800,18,-0.003825545310974121
16801,19,0.10911917686462402
16802,18,0.0030056238174438477
16803,23,0.8820867538452148
16804,25,1.2233614921569824
16805,19,0.0750652551651001
16806,25,1.246654748916626
16807,29,1.6521482467651367
16808,26,1.319443941116333
16809,25,1.208327054977417
16810,25,1.2230408191680908
16811,25,1.193749189376831
16812,25,1.1603257656097412
16813,18,0.020203351974487305
16814,19,0.06816112995147705
16815,18,-0.03599858283996582
16816,11,-1.1700057983398438
16817,28,1.550309419631958
16818,29,1.644169569015503
16819,25,1.2737329006195068
16820,18,0.013629674911499023
16821,18,0.009746313095092773
16822,28,1.549872636795044
16823,25,1.2330214977264404
16824,25,1.2318029403686523
16825,24,1.0139734745025635
16826,30,1.789724349975586
16827,28,1.6320908069610596
16828,19,0.07813942432403564
16829,29,1.6651084423065186
16830,26,1.3333938121795654
16831,19,0.11161160469055176
16832,29,1.690256118774414
16833,29,1.6911184787750244
16834,19,0.15362787246704102
16835,27,1.5320031642913818
16836,18,-0.004257559776306152
16837,29,1.6765847206115723
16838,28,1.5494484901428223
16839,24,1.0937554836273193
16840,30,1.7987682819366455
16841,29,1.637882947921753
16842,18,0.023659706115722656
16843,25,1.236828088760376
16844,20,0.2722517251968384
16845,29,1.6743063926696777
16846,29,1.6802012920379639
16847,29,1.6822047233581543
16848,28,1.5994906425476074
16849,19,0.0659412145614624
16850,19,0.1276007890701294
16851,25,1.216177225112915
16852,19,0.07231080532073975
16853,18,-0.11606895923614502
16854,18,0.03777647018432617
16855,25,1.2150664329528809
16856,25,1.228606939315796
16857,18,0.004886031150817871
16858,29,1.6533277034759521
16859,18,-0.04210972785949707
16860,18,-0.05069148540496826
16861,19,0.08027136325836182
16862,27,1.4351460933685303
16863,29,1.6434659957885742
16864,30,1.7987167835235596
16865,29,1.6659998893737793
16866,18,0.005879640579223633
16867,30,1.7769312858581543
16868,18,0.036486029624938965
16869,1,-2.853785991668701
16870,25,1.2108924388885498
16871,18,-0.04624664783477783
16872,19,0.06529653072357178
16873,18,-0.00842893123626709
16874,25,1.2508625984191895
16875,28,1.6346652507781982
16876,19,0.05687367916107178
16877,29,1.6785402297973633
16878,18,-0.006258249282836914
16879,28,1.569246530532837
16880,19,0.1319657564163208
16881,18,-0.05823540687561035
16882,18,-0.0027093887329101562
16883,25,1.1996736526489258
16884,20,0.2683912515640259
16885,28,1.6170079708099365
16886,19,0.1736663579940796
16887,18,-0.02061152458190918
16888,19,0.08346939086914062
16889,17,-0.16658341884613037
16890,25,1.1778125762939453
16891,19,0.06576931476593018
16892,26,1.3144733905792236
16893,18,-0.08457398414611816
16894,25,1.2724742889404297
16895,18,0.030373573303222656
16896,25,1.2216541767120361
16897,18,-0.04542207717895508
16898,26,1.301415205001831
16899,19,0.08258402347564697
16900,29,1.7146697044372559
16901,25,1.2144355773925781
16902,18,-0.019457340240478516
16903,25,1.211564540863037
16904,25,1.2860596179962158
16905,18,0.050073981285095215
16906,25,1.2486259937286377
16907,18,-0.040226101875305176
16908,18,-0.005192160606384277
16909,28,1.583317756652832
16910,26,1.3258306980133057
16911,20,0.2616616487503052
16912,18,-0.05944681167602539
16913,19,0.09594333171844482
16914,19,0.07484376430511475
16915,3,-2.5015976428985596
16916,25,1.2146613597869873
16917,29,1.637021541595459
16918,18,0.024762272834777832
16919,29,1.6880834102630615
16920,18,-0.048331260681152344
16921,19,0.15182697772979736
16922,18,0.00807797908782959
16923,27,1.510349988937378
16924,29,1.6661179065704346
16925,18,-0.0078002214431762695
16926,29,1.662466287612915
16927,4,-2.2929368019104004
16928,19,0.16706573963165283
16929,25,1.2815518379211426
16930,25,1.200881004333496
16931,18,-0.045918941497802734
16932,26,1.3218069076538086
16933,19,0.21003615856170654
16934,18,0.05133199691772461
16935,19,0.06160151958465576
16936,18,0.007642626762390137
16937,25,1.1545541286468506
16938,25,1.2553913593292236
16939,18,-0.005110740661621094
16940,29,1.7119824886322021
16941,18,-0.033702731132507324
16942,18,0.01597285270690918
16943,26,1.3018901348114014
16944,29,1.696312427520752
16945,18,0.018883824348449707
16946,25,1.2347135543823242
16947,29,1.6499710083007812
16948,19,0.13144123554229736
16949,18,0.029555916786193848
16950,29,1.68900465965271
16951,18,-0.042064547538757324
16952,25,1.2559034824371338
16953,29,1.6384837627410889
16954,28,1.6285128593444824
16955,25,1.2064249515533447
16956,18,0.002104640007019043
16957,18,-0.012580394744873047
16958,25,1.277233600616455
16959,25,1.2732594013214111
16960,27,1.4732060432434082
16961,29,1.6547045707702637
16962,20,0.300528883934021
16963,26,1.3012089729309082
16964,18,-0.040071725845336914
16965,19,0.10329222679138184
16966,26,1.3985042572021484
16967,25,1.2484681606292725
16968,18,-0.027382254600524902
16969,25,1.228177547454834
16970,26,1.3743360042572021
16971,19,0.1767570972442627
16972,19,0.18501782417297363
16973,19,0.062342166900634766
16974,19,0.06592082977294922
16975,25,1.271456003189087
16976,19,0.06226611137390137
16977,25,1.1491296291351318
16978,26,1.2979466915130615
16979,25,1.1846060752868652
16980,29,1.6635074615478516
16981,25,1.285886526107788
16982,25,1.1742639541625977
16983,25,1.263951301574707
16984,30,1.7762455940246582
16985,25,1.2481446266174316
16986,18,0.02916109561920166
16987,4,-2.2433242797851562
16988,25,1.2782981395721436
16989,19,0.09599053859710693
16990,18,0.023880481719970703
16991,28,1.5980937480926514
16992,25,1.2787582874298096
16993,20,0.33034515380859375
16994,18,-0.0369337797164917
16995,28,1.633171796798706
16996,19,0.13017356395721436
16997,29,1.6636409759521484
16998,19,0.05549287796020508
16999,29,1.6840298175811768
17000,25,1.2839024066925049
17001,25,1.2344913482666016
17002,26,1.3100745677947998
17003,18,0.01622486114501953
17004,18,0.02060091495513916
17005,29,1.7008790969848633
17006,25,1.226963758468628
17007,29,1.6990163326263428
17008,19,0.05740487575531006
17009,26,1.3018276691436768
17010,26,1.330005407333374
17011,28,1.5648245811462402
17012,26,1.3164160251617432
17013,30,1.7969598770141602
17014,18,-0.018417835235595703
17015,19,0.10269474983215332
17016,26,1.3290209770202637
17017,29,1.664186716079712
17018,26,1.3210439682006836
17019,19,0.06564640998840332
17020,1,-2.8108978271484375
17021,6,-1.941962480545044
17022,19,0.20315515995025635
17023,29,1.6627585887908936
17024,28,1.6212530136108398
17025,19,0.07159864902496338
17026,18,0.036074280738830566
17027,25,1.2607266902923584
17028,18,0.02504146099090576
17029,30,1.7975621223449707
17030,25,1.1986114978790283
17031,3,-2.564058542251587
17032,28,1.606487512588501
17033,3,-2.4704713821411133
17034,26,1.3070218563079834
17035,19,0.06635427474975586
17036,18,0.02054452896118164
17037,18,0.03722524642944336
17038,1,-2.8389475345611572
17039,26,1.3064703941345215
17040,24,1.114943265914917
17041,18,0.009559035301208496
17042,26,1.3192226886749268
17043,18,-0.030665993690490723
17044,29,1.7044897079467773
17045,19,0.19186246395111084
17046,25,1.1862962245941162
17047,26,1.3234362602233887
17048,29,1.6378757953643799
17049,26,1.33681321144104
17050,25,1.2722926139831543
17051,18,0.03465068340301514
17052,18,-0.017343997955322266
17053,25,1.2560920715332031
17054,25,1.2269599437713623
17055,26,1.2920806407928467
17056,18,0.04100525379180908
17057,19,0.07256579399108887
17058,20,0.31279802322387695
17059,25,1.186675786972046
17060,26,1.3042707443237305
17061,18,0.05470931529998779
17062,19,0.19430315494537354
17063,30,1.7885196208953857
17064,27,1.5032556056976318
17065,19,0.0762481689453125
17066,4,-2.347475528717041
17067,30,1.7982959747314453
17068,19,0.09005200862884521
17069,18,0.039385437965393066
17070,16,-0.31145167350769043
17071,18,0.008786201477050781
17072,19,0.11917006969451904
17073,25,1.2798397541046143
17074,19,0.12064063549041748
17075,25,1.2127039432525635
17076,28,1.5932607650756836
17077,19,0.10142958164215088
17078,29,1.726309061050415
17079,28,1.616866111755371
17080,18,-0.022365212440490723
17081,26,1.3095009326934814
17082,19,0.05518627166748047
17083,26,1.3312315940856934
17084,25,1.1927423477172852
17085,18,0.01034533977508545
17086,25,1.2798514366149902
17087,19,0.1767956018447876
17088,19,0.1409134864807129
17089,26,1.2907164096832275
17090,19,0.12462770938873291
17091,20,0.25655460357666016
17092,29,1.637840986251831
17093,25,1.2518630027770996
17094,19,0.06746649742126465
17095,25,1.2421159744262695
17096,20,0.24917376041412354
17097,18,-0.027969002723693848
17098,29,1.6445751190185547
17099,25,1.1818945407867432
17100,26,1.308784008026123
17101,20,0.2605081796646118
17102,6,-2.034271717071533
17103,29,1.6682651042938232
17104,29,1.6694869995117188
17105,25,1.2042088508605957
17106,29,1.6664071083068848
17107,20,0.29200851917266846
17108,19,0.092903733253479
17109,18,-0.009851813316345215
17110,19,0.10045194625854492
17111,25,1.2487614154815674
17112,26,1.3337624073028564
17113,25,1.2620320320129395
17114,19,0.07166934013366699
17115,26,1.3464527130126953
17116,30,1.7982943058013916
17117,18,0.018032073974609375
17118,26,1.2988245487213135
17119,19,0.20180213451385498
17120,18,0.03544116020202637
17121,29,1.6569297313690186
17122,19,0.22134363651275635
17123,19,0.2452601194381714
17124,25,1.2519700527191162
17125,26,1.3021824359893799
17126,29,1.7085976600646973
17127,20,0.24677419662475586
17128,26,1.3398118019104004
17129,29,1.7272765636444092
17130,27,1.518439769744873
17131,22,0.6836442947387695
17132,26,1.3173651695251465
17133,25,1.2334611415863037
17134,25,1.2544984817504883
17135,20,0.35726118087768555
17136,26,1.3379614353179932
17137,26,1.3662793636322021
17138,28,1.6091554164886475
17139,19,0.1951274871826172
17140,25,1.2756259441375732
17141,2,-2.628216028213501
17142,25,1.2616307735443115
17143,26,1.2902724742889404
17144,19,0.1938307285308838
17145,28,1.6083076000213623
17146,29,1.6769661903381348
17147,6,-2.0298147201538086
17148,25,1.1434917449951172
17149,24,1.096435546875
17150,30,1.7786188125610352
17151,18,0.0423886775970459
17152,18,0.044917941093444824
17153,19,0.1422722339630127
17154,25,1.2359340190887451
17155,29,1.6868996620178223
17156,29,1.6393601894378662
17157,18,0.029271364212036133
17158,26,1.2893285751342773
17159,26,1.341590404510498
17160,19,0.22111010551452637
17161,18,0.045738935470581055
17162,28,1.5725700855255127
17163,19,0.11358428001403809
17164,27,1.518946647644043
17165,25,1.2627644538879395
17166,25,1.2826101779937744
17167,18,0.03663074970245361
17168,27,1.4894258975982666
17169,25,1.2874228954315186
17170,29,1.6640288829803467
17171,25,1.2645912170410156
17172,18,0.029092788696289062
17173,26,1.3084969520568848
17174,28,1.5705199241638184
17175,18,-0.010913610458374023
17176,25,1.2759459018707275
17177,19,0.09714460372924805
17178,18,0.04155552387237549
17179,28,1.5981755256652832
17180,19,0.14474153518676758
17181,19,0.10167896747589111
17182,28,1.5997889041900635
17183,19,0.09583616256713867
17184,18,0.05151474475860596
17185,26,1.34922456741333
17186,26,1.3230526447296143
17187,19,0.18822669982910156
17188,29,1.6718261241912842
17189,18,0.03083014488220215
17190,23,0.8954405784606934
17191,2,-2.6946301460266113
17192,28,1.5958938598632812
17193,19,0.0873802900314331
17194,19,0.16072595119476318
17195,28,1.5957307815551758
17196,19,0.0870981216430664
17197,26,1.2921075820922852
17198,25,1.1494178771972656
17199,19,0.1775575876235962
17200,21,0.5625424385070801
17201,18,0.012499332427978516
17202,19,0.15267372131347656
17203,20,0.28561949729919434
17204,18,-0.03997611999511719
17205,23,0.9748842716217041
17206,19,0.059223175048828125
17207,29,1.7014470100402832
17208,28,1.5568547248840332
17209,28,1.6126251220703125
17210,28,1.5680303573608398
17211,25,1.191112756729126
17212,20,0.3449230194091797
17213,26,1.3692712783813477
17214,18,0.05396890640258789
17215,19,0.09612894058227539
17216,20,0.30625009536743164
17217,30,1.7997922897338867
17218,25,1.287785291671753
17219,19,0.21603608131408691
17220,28,1.583158254623413
17221,25,1.2774569988250732
17222,25,1.2664663791656494
17223,19,0.22822165489196777
17224,30,1.7754271030426025
17225,29,1.7050716876983643
17226,25,1.281700611114502
17227,19,0.24536120891571045
17228,29,1.6752824783325195
17229,19,0.15449368953704834
17230,29,1.7143840789794922
17231,26,1.304131031036377
17232,18,0.05472159385681152
17233,18,0.03381991386413574
17234,25,1.2267401218414307
17235,29,1.6525800228118896
17236,19,0.1631087064743042
17237,26,1.290574312210083
17238,19,0.17060673236846924
17239,26,1.3357136249542236
17240,25,1.2404685020446777
17241,29,1.7015666961669922
17242,19,0.2259129285812378
17243,26,1.3060548305511475
17244,29,1.6698977947235107
17245,28,1.60563325881958
17246,25,1.2783308029174805
17247,26,1.3615977764129639
17248,1,-2.813431978225708
17249,20,0.2466970682144165
17250,26,1.2950313091278076
17251,26,1.31113862991333
17252,28,1.6098389625549316
17253,29,1.6729419231414795
17254,28,1.5711708068847656
17255,25,1.281069278717041
17256,29,1.6458609104156494
17257,19,0.09579694271087646
17258,26,1.3422725200653076
17259,26,1.3463945388793945
17260,30,1.7955796718597412
17261,19,0.18930506706237793
17262,29,1.6713838577270508
17263,20,0.25668811798095703
17264,19,0.22910964488983154
17265,29,1.6860318183898926
17266,29,1.6479215621948242
17267,29,1.645768642425537
17268,18,0.033417582511901855
17269,19,0.10105311870574951
17270,8,-1.6953094005584717
17271,26,1.2942745685577393
17272,26,1.2994990348815918
17273,19,0.09145462512969971
17274,20,0.2752084732055664
17275,20,0.32169151306152344
17276,18,0.03675389289855957
17277,18,0.05116987228393555
17278,19,0.07480764389038086
17279,26,1.3061456680297852
17280,2,-2.6916377544403076
17281,29,1.713498592376709
17282,19,0.12893283367156982
17283,21,0.5919244289398193
17284,23,0.9475960731506348
17285,29,1.650062084197998
17286,18,0.0179290771484375
17287,29,1.6995806694030762
17288,29,1.6892707347869873
17289,19,0.155043363571167
17290,20,0.2946230173110962
17291,19,0.20664703845977783
17292,26,1.359260082244873
17293,19,0.16296136379241943
17294,18,0.002374410629272461
17295,28,1.6144814491271973
17296,25,1.286914587020874
17297,19,0.1492685079574585
17298,26,1.2978835105895996
17299,26,1.3193912506103516
17300,19,0.1538170576095581
17301,19,0.0916205644607544
17302,25,1.1981134414672852
17303,19,0.17468249797821045
17304,26,1.291102409362793
17305,19,0.13189220428466797
17306,26,1.3481535911560059
17307,20,0.33679306507110596
17308,20,0.24848997592926025
17309,19,0.21791911125183105
17310,19,0.24289250373840332
17311,27,1.4980669021606445
17312,19,0.09634971618652344
17313,29,1.6810951232910156
17314,19,0.17860019207000732
17315,26,1.3581736087799072
17316,19,0.2347409725189209
17317,19,0.19715511798858643
17318,26,1.3092963695526123
17319,26,1.3382771015167236
17320,25,1.2177579402923584
17321,19,0.22291123867034912
17322,29,1.6527416706085205
17323,26,1.315748929977417
17324,25,1.2329471111297607
17325,28,1.6052205562591553
17326,26,1.3528826236724854
17327,19,0.12419867515563965
17328,19,0.10679507255554199
17329,19,0.19642436504364014
17330,19,0.08090841770172119
17331,28,1.6128764152526855
17332,19,0.11591839790344238
17333,26,1.3084776401519775
17334,25,1.2468676567077637
17335,8,-1.6885223388671875
17336,26,1.3005280494689941
17337,24,0.9878125190734863
17338,19,0.10229909420013428
17339,26,1.3222441673278809
17340,26,1.3263254165649414
17341,20,0.41938555240631104
17342,26,1.3612172603607178
17343,19,0.08990418910980225
17344,26,1.2993481159210205
17345,26,1.2886171340942383
17346,28,1.6255834102630615
17347,20,0.38933610916137695
17348,29,1.694288730621338
17349,19,0.24334371089935303
17350,19,0.1293574571609497
17351,19,0.11147534847259521
17352,19,0.19607973098754883
17353,26,1.3028290271759033
17354,25,1.2544608116149902
17355,19,0.18008196353912354
17356,2,-2.593425750732422
17357,29,1.6825122833251953
17358,19,0.12204372882843018
17359,26,1.3653483390808105
17360,29,1.6761829853057861
17361,19,0.13361167907714844
17362,17,-0.2062208652496338
17363,19,0.16015076637268066
17364,19,0.22796261310577393
17365,28,1.5884320735931396
17366,19,0.1855686902999878
17367,19,0.24235761165618896
17368,19,0.23598289489746094
17369,20,0.3647949695587158
17370,29,1.7101552486419678
17371,19,0.12171149253845215
17372,26,1.370490550994873
17373,25,1.276176929473877
17374,20,0.27867448329925537
17375,30,1.7933123111724854
17376,25,1.2740366458892822
17377,29,1.666898488998413
17378,26,1.3241722583770752
17379,30,1.7961077690124512
17380,20,0.27987945079803467
17381,29,1.6931891441345215
17382,28,1.61824369430542
17383,19,0.1741722822189331
17384,26,1.345278263092041
17385,29,1.6583430767059326
17386,26,1.3748853206634521
17387,19,0.08065414428710938
17388,19,0.07150101661682129
17389,28,1.5578365325927734
17390,29,1.69008469581604
17391,26,1.3536601066589355
17392,30,1.7955875396728516
17393,20,0.29799723625183105
17394,26,1.292855978012085
17395,20,0.3452392816543579
17396,25,1.2674803733825684
17397,5,-2.170252561569214
17398,28,1.5660407543182373
17399,20,0.33451247215270996
17400,29,1.6951167583465576
17401,19,0.18237829208374023
17402,29,1.6989436149597168
17403,20,0.260259747505188
17404,29,1.7000117301940918
17405,29,1.6750061511993408
17406,29,1.7281248569488525
17407,19,0.23367631435394287
17408,19,0.19131457805633545
17409,19,0.14255797863006592
17410,25,1.206268548965454
17411,26,1.2895476818084717
17412,26,1.3323521614074707
17413,26,1.361232042312622
17414,20,0.2556033134460449
17415,18,-0.06997263431549072
17416,29,1.6601612567901611
17417,26,1.318345308303833
17418,19,0.1588510274887085
17419,26,1.3067243099212646
17420,26,1.3379764556884766
17421,29,1.7045106887817383
17422,25,1.1898980140686035
17423,30,1.7988109588623047
17424,19,0.1266995668411255
17425,21,0.61295485496521
17426,29,1.671259880065918
17427,23,0.8248062133789062
17428,30,1.7628414630889893
17429,26,1.3251783847808838
17430,26,1.374046802520752
17431,24,1.1278584003448486
17432,29,1.6741759777069092
17433,26,1.3287193775177002
17434,25,1.2505371570587158
17435,19,0.1915760040283203
17436,29,1.7101194858551025
17437,19,0.17482411861419678
17438,26,1.31593656539917
17439,19,0.08461010456085205
17440,26,1.2981138229370117
17441,19,0.1995333433151245
17442,20,0.31504666805267334
17443,20,0.3098411560058594
17444,29,1.7068703174591064
17445,19,0.15332281589508057
17446,29,1.6551902294158936
17447,26,1.3031980991363525
17448,19,0.09847164154052734
17449,26,1.3900291919708252
17450,26,1.3519384860992432
17451,19,0.12549853324890137
17452,26,1.3487322330474854
17453,19,0.152596116065979
17454,29,1.6940333843231201
17455,19,0.18753337860107422
17456,19,0.18753445148468018
17457,26,1.3833751678466797
17458,26,1.3439011573791504
17459,19,0.1368563175201416
17460,26,1.3309099674224854
17461,25,1.280613660812378
17462,26,1.3207261562347412
17463,19,0.18520736694335938
17464,28,1.6262400150299072
17465,29,1.6735954284667969
17466,26,1.3787472248077393
17467,20,0.30537188053131104
17468,4,-2.2348427772521973
17469,19,0.23637402057647705
17470,26,1.3468213081359863
17471,26,1.3324320316314697
17472,26,1.3114709854125977
17473,29,1.6813907623291016
17474,25,1.2493083477020264
17475,19,0.18928301334381104
17476,26,1.3287575244903564
17477,25,1.2714056968688965
17478,16,-0.4525364637374878
17479,20,0.24587297439575195
17480,19,0.10916721820831299
17481,19,0.1156303882598877
17482,28,1.575831413269043
17483,19,0.20741736888885498
17484,21,0.5214481353759766
17485,19,0.12525033950805664
17486,4,-2.3462142944335938
17487,19,0.17075896263122559
17488,29,1.6364974975585938
17489,20,0.3923814296722412
17490,29,1.6840956211090088
17491,26,1.3524608612060547
17492,19,0.10677731037139893
17493,26,1.3469722270965576
17494,19,0.23325443267822266
17495,20,0.30661535263061523
17496,26,1.3127317428588867
17497,19,0.09918868541717529
17498,29,1.697551965713501
17499,26,1.33479905128479
17500,20,0.37596917152404785
17501,26,1.321012020111084
17502,20,0.2963566780090332
17503,20,0.3465350866317749
17504,29,1.6612610816955566
17505,25,1.282684326171875
17506,29,1.6753339767456055
17507,20,0.3885679244995117
17508,26,1.347538948059082
17509,24,1.0165910720825195
17510,27,1.5217111110687256
17511,19,0.21297872066497803
17512,26,1.314115285873413
17513,26,1.3832881450653076
17514,19,0.22711944580078125
17515,19,0.19735872745513916
17516,26,1.4002759456634521
17517,29,1.6990680694580078
17518,26,1.29787278175354
17519,19,0.21504461765289307
17520,20,0.32615411281585693
17521,26,1.3327786922454834
17522,27,1.4203665256500244
17523,20,0.29341256618499756
17524,28,1.5798838138580322
17525,5,-2.163205862045288
17526,26,1.37001371383667
17527,26,1.3680675029754639
17528,29,1.647951602935791
17529,20,0.2615412473678589
17530,19,0.1700533628463745
17531,28,1.6340646743774414
17532,19,0.1266613006591797
17533,19,0.1577669382095337
17534,28,1.5857057571411133
17535,19,0.11888611316680908
17536,26,1.3760027885437012
17537,26,1.316502332687378
17538,26,1.326042890548706
17539,19,0.2366962432861328
17540,29,1.7102775573730469
17541,19,0.16556954383850098
17542,26,1.4104423522949219
17543,20,0.334497332572937
17544,20,0.2929384708404541
17545,26,1.3337523937225342
17546,25,1.2811942100524902
17547,19,0.17209184169769287
17548,21,0.4383043050765991
17549,26,1.3621711730957031
17550,20,0.3523237705230713
17551,28,1.6302564144134521
17552,19,0.09329867362976074
17553,29,1.640409231185913
17554,19,0.23234140872955322
17555,26,1.3529226779937744
17556,19,0.22073698043823242
17557,19,0.21663665771484375
17558,29,1.670231580734253
17559,30,1.788942575454712
17560,20,0.3177582025527954
17561,26,1.3026411533355713
17562,19,0.20695698261260986
17563,26,1.416294813156128
17564,21,0.45465612411499023
17565,26,1.3211548328399658
17566,26,1.3221971988677979
17567,19,0.13785696029663086
17568,30,1.795989751815796
17569,25,1.2737631797790527
17570,29,1.6728465557098389
17571,19,0.08038604259490967
17572,20,0.3368417024612427
17573,28,1.5323841571807861
17574,20,0.25528478622436523
17575,29,1.651418924331665
17576,20,0.3040807247161865
17577,19,0.16857826709747314
17578,3,-2.5139224529266357
17579,29,1.6618843078613281
17580,26,1.3556528091430664
17581,19,0.24541521072387695
17582,21,0.45332610607147217
17583,20,0.25776004791259766
17584,26,1.3541851043701172
17585,19,0.10464656352996826
17586,25,1.2492365837097168
17587,20,0.24878442287445068
17588,26,1.3115434646606445
17589,19,0.188515305519104
17590,30,1.7978684902191162
17591,19,0.13606464862823486
17592,19,0.23039734363555908
17593,30,1.787092924118042
17594,19,0.18686282634735107
17595,26,1.342820405960083
17596,28,1.5751259326934814
17597,26,1.3153350353240967
17598,19,0.1759042739868164
17599,29,1.6789438724517822
17600,29,1.6912336349487305
17601,20,0.35700953006744385
17602,19,0.16971325874328613
17603,19,0.23557579517364502
17604,19,0.16971707344055176
17605,26,1.3698554039001465
17606,2,-2.5845704078674316
17607,20,0.3271883726119995
17608,30,1.797905445098877
17609,20,0.3033263683319092
17610,20,0.3307945728302002
17611,17,-0.13164973258972168
17612,30,1.7991924285888672
17613,19,0.1325523853302002
17614,29,1.659827709197998
17615,26,1.373075008392334
17616,12,-1.108466625213623
17617,26,1.3622221946716309
17618,20,0.38973116874694824
17619,25,1.2730624675750732
17620,20,0.2922857999801636
17621,20,0.31395065784454346
17622,25,1.248072624206543
17623,29,1.690986156463623
17624,21,0.4679992198944092
17625,19,0.16231811046600342
17626,26,1.3913931846618652
17627,26,1.4136707782745361
17628,21,0.4372788667678833
17629,20,0.4002453088760376
17630,19,0.1667097806930542
17631,29,1.7059290409088135
17632,27,1.507523536682129
17633,21,0.46601128578186035
17634,20,0.35680723190307617
17635,28,1.569899559020996
17636,26,1.2901246547698975
17637,25,1.2579386234283447
17638,29,1.698662519454956
17639,19,0.12771642208099365
17640,19,0.1912691593170166
17641,20,0.2502995729446411
17642,19,0.18561828136444092
17643,19,0.23875677585601807
17644,19,0.15846467018127441
17645,20,0.2706979513168335
17646,20,0.2724665403366089
17647,20,0.3825496435165405
17648,30,1.7917673587799072
17649,2,-2.726715087890625
17650,20,0.34697282314300537
17651,26,1.4070854187011719
17652,2,-2.5976614952087402
17653,19,0.1810368299484253
17654,20,0.31558382511138916
17655,25,1.2667264938354492
17656,19,0.13127410411834717
17657,28,1.5983984470367432
17658,28,1.6236226558685303
17659,20,0.2850726842880249
17660,29,1.7040438652038574
17661,26,1.3532016277313232
17662,30,1.7991595268249512
17663,26,1.3391644954681396
17664,25,1.2735581398010254
17665,26,1.3430335521697998
17666,25,1.2377269268035889
17667,26,1.381246566772461
17668,26,1.3753230571746826
17669,29,1.7039275169372559
17670,28,1.6191623210906982
17671,25,1.2238798141479492
17672,29,1.7176330089569092
17673,26,1.3314645290374756
17674,2,-2.7111339569091797
17675,26,1.352005958557129
17676,19,0.20438241958618164
17677,30,1.7966909408569336
17678,19,0.2249823808670044
17679,20,0.31009483337402344
17680,20,0.30792713165283203
17681,30,1.7988941669464111
17682,26,1.3585095405578613
17683,21,0.46119117736816406
17684,19,0.2211010456085205
17685,30,1.7948994636535645
17686,29,1.69022798538208
17687,26,1.3633458614349365
17688,19,0.20107567310333252
17689,20,0.2501060962677002
17690,26,1.405536413192749
17691,26,1.3212168216705322
17692,29,1.6720376014709473
17693,26,1.3663229942321777
17694,21,0.4594268798828125
17695,20,0.4153478145599365
17696,7,-1.7996771335601807
17697,25,1.173853874206543
17698,26,1.3358795642852783
17699,26,1.288278579711914
17700,26,1.3907465934753418
17701,19,0.22246038913726807
17702,19,0.2457125186920166
17703,20,0.259682297706604
17704,30,1.7949128150939941
17705,26,1.383263111114502
17706,19,0.16428816318511963
17707,26,1.3564927577972412
17708,20,0.34999120235443115
17709,30,1.7531418800354004
17710,1,-2.759580135345459
17711,20,0.27803194522857666
17712,20,0.30440473556518555
17713,21,0.48302459716796875
17714,29,1.6893835067749023
17715,28,1.5433297157287598
17716,20,0.37385571002960205
17717,26,1.3164987564086914
17718,26,1.3406612873077393
17719,20,0.2540231943130493
17720,20,0.29467105865478516
17721,19,0.2431255578994751
17722,29,1.723865032196045
17723,20,0.29988741874694824
17724,19,0.24288630485534668
17725,20,0.2540498971939087
17726,26,1.3401539325714111
17727,29,1.6479010581970215
17728,20,0.270719051361084
17729,20,0.24853837490081787
17730,26,1.383192777633667
17731,26,1.3686575889587402
17732,21,0.5942201614379883
17733,26,1.2992558479309082
17734,27,1.4903197288513184
17735,20,0.34080827236175537
17736,28,1.6344010829925537
17737,26,1.3405005931854248
17738,23,0.9459662437438965
17739,20,0.3802372217178345
17740,25,1.2497410774230957
17741,26,1.3873941898345947
17742,20,0.3255429267883301
17743,28,1.5983514785766602
17744,3,-2.4998505115509033
17745,29,1.7071514129638672
17746,5,-2.2079873085021973
17747,20,0.3163723945617676
17748,20,0.4157785177230835
17749,19,0.23625600337982178
17750,26,1.3720996379852295
17751,29,1.6885931491851807
17752,20,0.3076152801513672
17753,20,0.3726084232330322
17754,26,1.4007000923156738
17755,19,0.12267887592315674
17756,12,-1.050451397895813
17757,19,0.13569998741149902
17758,19,0.2014387845993042
17759,20,0.2684847116470337
17760,26,1.349358081817627
17761,26,1.3068292140960693
17762,26,1.3098180294036865
17763,21,0.4785804748535156
17764,20,0.4051753282546997
17765,20,0.36094844341278076
17766,20,0.38194549083709717
17767,26,1.376875877380371
17768,26,1.400846004486084
17769,20,0.30967915058135986
17770,19,0.22604405879974365
17771,19,0.22546958923339844
17772,29,1.6721186637878418
17773,26,1.4082834720611572
17774,20,0.29440581798553467
17775,19,0.19263076782226562
17776,26,1.3427817821502686
17777,4,-2.3717455863952637
17778,19,0.21441221237182617
17779,28,1.6161532402038574
17780,20,0.30365240573883057
17781,19,0.15054285526275635
17782,19,0.2088683843612671
17783,26,1.3279130458831787
17784,26,1.3850715160369873
17785,20,0.402279257774353
17786,27,1.5274181365966797
17787,29,1.6948413848876953
17788,27,1.4220333099365234
17789,20,0.3763927221298218
17790,19,0.20043814182281494
17791,28,1.6239323616027832
17792,29,1.6950774192810059
17793,26,1.3076362609863281
17794,20,0.3575242757797241
17795,26,1.3409948348999023
17796,26,1.3857777118682861
17797,21,0.4375731945037842
17798,29,1.6960699558258057
17799,26,1.3633577823638916
17800,15,-0.5085951089859009
17801,26,1.3261351585388184
17802,26,1.3713672161102295
17803,19,0.18013346195220947
17804,26,1.3381741046905518
17805,26,1.4041011333465576
17806,25,1.2639081478118896
17807,20,0.425675630569458
17808,19,0.22682726383209229
17809,20,0.34684765338897705
17810,22,0.6836390495300293
17811,10,-1.3740346431732178
17812,28,1.6308834552764893
17813,26,1.3984684944152832
17814,2,-2.58133864402771
17815,20,0.2939167022705078
17816,26,1.339576244354248
17817,29,1.7031831741333008
17818,21,0.4498201608657837
17819,29,1.6736998558044434
17820,23,0.9077599048614502
17821,20,0.24682176113128662
17822,26,1.2887985706329346
17823,20,0.3454982042312622
17824,3,-2.569861650466919
17825,20,0.2928527593612671
17826,20,0.3168555498123169
17827,21,0.487471342086792
17828,26,1.3663177490234375
17829,20,0.2957918643951416
17830,20,0.4258469343185425
17831,21,0.4807565212249756
17832,30,1.7984278202056885
17833,29,1.7053253650665283
17834,29,1.6612555980682373
17835,26,1.4166240692138672
17836,3,-2.4489047527313232
17837,20,0.2882521152496338
17838,26,1.3391337394714355
17839,20,0.25947487354278564
17840,29,1.6837835311889648
17841,30,1.7994797229766846
17842,26,1.3842883110046387
17843,29,1.6993114948272705
17844,27,1.4220325946807861
17845,20,0.262637734413147
17846,20,0.27969086170196533
17847,19,0.23607087135314941
17848,29,1.6659438610076904
17849,20,0.4125213623046875
17850,19,0.2300870418548584
17851,20,0.3244248628616333
17852,20,0.3698759078979492
17853,20,0.31387925148010254
17854,20,0.404721736907959
17855,27,1.4186930656433105
17856,21,0.5421695709228516
17857,29,1.701866626739502
17858,30,1.7999703884124756
17859,20,0.3267338275909424
17860,25,1.265746831893921
17861,21,0.45216822624206543
17862,19,0.21808385848999023
17863,19,0.24493408203125
17864,28,1.5813512802124023
17865,19,0.20731616020202637
17866,20,0.3875746726989746
17867,2,-2.704951047897339
17868,19,0.21773552894592285
17869,20,0.30634987354278564
17870,21,0.5247831344604492
17871,20,0.3368877172470093
17872,26,1.400357961654663
17873,28,1.596146583557129
17874,26,1.3458528518676758
17875,29,1.6948843002319336
17876,30,1.7636616230010986
17877,20,0.3990788459777832
17878,29,1.676328420639038
17879,28,1.6358418464660645
17880,20,0.2842944860458374
17881,29,1.7019453048706055
17882,27,1.4682540893554688
17883,20,0.27672338485717773
17884,25,1.2585480213165283
17885,26,1.3464446067810059
17886,20,0.4074658155441284
17887,20,0.3976924419403076
17888,29,1.6630539894104004
17889,29,1.711472988128662
17890,26,1.3604159355163574
17891,30,1.7980799674987793
17892,26,1.3769779205322266
17893,26,1.3614764213562012
17894,21,0.48282957077026367
17895,20,0.3169684410095215
17896,25,1.205941915512085
17897,20,0.34536945819854736
17898,27,1.418759822845459
17899,20,0.37297332286834717
17900,20,0.31484222412109375
17901,28,1.56131911277771
17902,27,1.4348325729370117
17903,21,0.5392274856567383
17904,21,0.47086215019226074
17905,27,1.429093360900879
17906,26,1.4166340827941895
17907,20,0.2825127840042114
17908,21,0.4884984493255615
17909,29,1.7148866653442383
17910,26,1.4101521968841553
17911,20,0.42902612686157227
17912,28,1.632478952407837
17913,20,0.3176690340042114
17914,28,1.605940580368042
17915,20,0.2932894229888916
17916,30,1.797349214553833
17917,27,1.43314528465271
17918,26,1.389458417892456
17919,27,1.4224934577941895
17920,19,0.21993303298950195
17921,30,1.7947709560394287
17922,26,1.362349033355713
17923,27,1.4218177795410156
17924,30,1.792403221130371
17925,28,1.5351219177246094
17926,29,1.7156982421875
17927,20,0.3999190330505371
17928,20,0.3583493232727051
17929,20,0.37261176109313965
17930,20,0.3134903907775879
17931,20,0.42551374435424805
17932,20,0.26522529125213623
17933,26,1.4108126163482666
17934,20,0.31771719455718994
17935,27,1.4300897121429443
17936,20,0.27204740047454834
17937,21,0.5491230487823486
17938,20,0.3435112237930298
17939,28,1.634138822555542
17940,29,1.6747922897338867
17941,28,1.627537488937378
17942,26,1.398470163345337
17943,20,0.3580138683319092
17944,20,0.3276280164718628
17945,19,0.24382376670837402
17946,26,1.3933048248291016
17947,29,1.7186450958251953
17948,30,1.8001387119293213
17949,29,1.709223985671997
17950,26,1.3856573104858398
17951,21,0.4847126007080078
17952,26,1.3697795867919922
17953,19,0.2455981969833374
17954,20,0.3248668909072876
17955,21,0.491940975189209
17956,20,0.36614203453063965
17957,26,1.3552448749542236
17958,29,1.6387152671813965
17959,21,0.44525599479675293
17960,26,1.3653168678283691
17961,20,0.2482072114944458
17962,26,1.3918592929840088
17963,20,0.3617597818374634
17964,26,1.362161636352539
17965,12,-1.0142616033554077
17966,17,-0.15832018852233887
17967,26,1.404224157333374
17968,20,0.2815970182418823
17969,29,1.703369379043579
17970,4,-2.3068971633911133
17971,28,1.6236186027526855
17972,29,1.7116682529449463
17973,26,1.3839943408966064
17974,29,1.7191519737243652
17975,20,0.3761330842971802
17976,21,0.5133249759674072
17977,3,-2.5245914459228516
17978,28,1.5924367904663086
17979,26,1.388352632522583
17980,27,1.417844533920288
17981,20,0.38416099548339844
17982,20,0.304813027381897
17983,20,0.31191444396972656
17984,21,0.5137338638305664
17985,21,0.4752674102783203
17986,20,0.2981584072113037
17987,21,0.4402337074279785
17988,26,1.4029877185821533
17989,26,1.3873636722564697
17990,29,1.6612684726715088
17991,29,1.6678404808044434
17992,20,0.3276296854019165
17993,29,1.676954984664917
17994,20,0.409032940864563
17995,26,1.3908131122589111
17996,26,1.3323383331298828
17997,9,-1.4879426956176758
17998,20,0.41418373584747314
17999,26,1.4147241115570068
18000,19,0.2427070140838623
18001,29,1.6498661041259766
18002,20,0.31130313873291016
18003,20,0.36573314666748047
18004,29,1.6843392848968506
18005,27,1.437577724456787
18006,26,1.3768706321716309
18007,26,1.412144422531128
18008,20,0.2754223346710205
18009,29,1.7041130065917969
18010,20,0.4234098196029663
18011,29,1.6699411869049072
18012,3,-2.537858247756958
18013,20,0.4112880229949951
18014,30,1.7387025356292725
18015,21,0.4745914936065674
18016,29,1.7107934951782227
18017,20,0.39527297019958496
18018,21,0.4721677303314209
18019,20,0.3233436346054077
18020,30,1.7586398124694824
18021,20,0.33069074153900146
18022,20,0.3097665309906006
18023,26,1.3674495220184326
18024,28,1.6192786693572998
18025,27,1.4406652450561523
18026,20,0.30438053607940674
18027,20,0.3736562728881836
18028,29,1.7277748584747314
18029,21,0.4955883026123047
18030,29,1.7323758602142334
18031,20,0.29401695728302
18032,29,1.69559907913208
18033,28,1.6329565048217773
18034,20,0.3803516626358032
18035,29,1.7073159217834473
18036,20,0.3760206699371338
18037,1,-2.813687801361084
18038,29,1.680635929107666
18039,21,0.44989871978759766
18040,26,1.3676021099090576
18041,26,1.3794052600860596
18042,26,1.3905582427978516
18043,20,0.31280410289764404
18044,27,1.435453176498413
18045,20,0.3233140707015991
18046,27,1.427612066268921
18047,26,1.3790583610534668
18048,21,0.43213534355163574
18049,20,0.31233441829681396
18050,20,0.3790559768676758
18051,29,1.7026939392089844
18052,30,1.7994441986083984
18053,20,0.32212960720062256
18054,29,1.7090818881988525
18055,10,-1.432343602180481
18056,26,1.341383695602417
18057,20,0.3722712993621826
18058,20,0.38244521617889404
18059,26,1.3350627422332764
18060,26,1.36672043800354
18061,20,0.32310783863067627
18062,26,1.3634295463562012
18063,21,0.5316579341888428
18064,4,-2.334961414337158
18065,20,0.3647785186767578
18066,21,0.4833686351776123
18067,27,1.4191844463348389
18068,27,1.4358580112457275
18069,6,-2.047672748565674
18070,26,1.3366072177886963
18071,27,1.4214022159576416
18072,29,1.6966958045959473
18073,26,1.3499884605407715
18074,29,1.6436102390289307
18075,15,-0.5654783844947815
18076,29,1.7042276859283447
18077,26,1.3765084743499756
18078,29,1.70314621925354
18079,3,-2.4033284187316895
18080,20,0.3208385705947876
18081,21,0.47009706497192383
18082,26,1.3126473426818848
18083,30,1.7811012268066406
18084,26,1.3860046863555908
18085,26,1.4036953449249268
18086,21,0.4773542881011963
18087,26,1.3036186695098877
18088,26,1.3278110027313232
18089,21,0.4910421371459961
18090,21,0.4396228790283203
18091,22,0.6550493240356445
18092,27,1.4190106391906738
18093,27,1.4479291439056396
18094,20,0.42432546615600586
18095,21,0.5928313732147217
18096,21,0.508497953414917
18097,29,1.651993751525879
18098,26,1.3399879932403564
18099,26,1.3350467681884766
18100,26,1.4050517082214355
18101,29,1.718290090560913
18102,29,1.6380565166473389
18103,21,0.468766450881958
18104,29,1.696228265762329
18105,20,0.3832528591156006
18106,20,0.41546356678009033
18107,26,1.3856031894683838
18108,21,0.4473881721496582
18109,29,1.7202880382537842
18110,21,0.46659255027770996
18111,26,1.3787600994110107
18112,20,0.3590508699417114
18113,21,0.4334219694137573
18114,26,1.365330696105957
18115,20,0.3327528238296509
18116,26,1.4104907512664795
18117,26,1.3666157722473145
18118,26,1.3032362461090088
18119,26,1.3700079917907715
18120,29,1.6586642265319824
18121,26,1.2998876571655273
18122,26,1.306307315826416
18123,30,1.800063133239746
18124,27,1.433117151260376
18125,21,0.4794290065765381
18126,27,1.4568040370941162
18127,20,0.355826735496521
18128,29,1.7059807777404785
18129,30,1.7891530990600586
18130,20,0.38568782806396484
18131,21,0.449870228767395
18132,21,0.5128157138824463
18133,27,1.471337080001831
18134,27,1.4430913925170898
18135,29,1.7001218795776367
18136,30,1.7952971458435059
18137,26,1.4083812236785889
18138,27,1.5181047916412354
18139,26,1.3880047798156738
18140,25,1.2864232063293457
18141,20,0.3382711410522461
18142,20,0.3292672634124756
18143,26,1.3741283416748047
18144,26,1.382512092590332
18145,26,1.4140801429748535
18146,28,1.6310615539550781
18147,29,1.6917533874511719
18148,26,1.4120721817016602
18149,29,1.6811814308166504
18150,27,1.4295170307159424
18151,21,0.5003931522369385
18152,21,0.5200521945953369
18153,20,0.39517855644226074
18154,20,0.32903528213500977
18155,30,1.7915518283843994
18156,28,1.6350600719451904
18157,26,1.4116744995117188
18158,26,1.3732733726501465
18159,20,0.40726733207702637
18160,21,0.4537355899810791
18161,21,0.5026545524597168
18162,9,-1.5648314952850342
18163,20,0.40909361839294434
18164,21,0.5098166465759277
18165,26,1.3585243225097656
18166,27,1.4307560920715332
18167,29,1.7164201736450195
18168,26,1.3836753368377686
18169,21,0.5145101547241211
18170,26,1.3801813125610352
18171,29,1.7022194862365723
18172,27,1.422346830368042
18173,8,-1.629260778427124
18174,29,1.6640689373016357
18175,26,1.3791828155517578
18176,21,0.5737340450286865
18177,28,1.5517017841339111
18178,21,0.4804363250732422
18179,1,-2.8152379989624023
18180,27,1.4199750423431396
18181,27,1.456343173980713
18182,21,0.48114824295043945
18183,20,0.40427982807159424
18184,26,1.409273386001587
18185,26,1.352980136871338
18186,26,1.3793635368347168
18187,2,-2.7177178859710693
18188,20,0.34300875663757324
18189,28,1.6063010692596436
18190,20,0.2933769226074219
18191,21,0.4544975757598877
18192,27,1.4263768196105957
18193,24,1.0696744918823242
18194,29,1.7352862358093262
18195,21,0.4948756694793701
18196,29,1.6680192947387695
18197,29,1.67457914352417
18198,27,1.419327974319458
18199,20,0.40802001953125
18200,27,1.4195940494537354
18201,20,0.4096473455429077
18202,30,1.7997665405273438
18203,21,0.4865889549255371
18204,21,0.5159659385681152
18205,26,1.343813419342041
18206,20,0.3863978385925293
18207,26,1.372239112854004
18208,29,1.6511468887329102
18209,20,0.41755640506744385
18210,26,1.4062745571136475
18211,13,-0.9437283873558044
18212,27,1.4554383754730225
18213,20,0.33606231212615967
18214,29,1.6670281887054443
18215,26,1.3674421310424805
18216,29,1.6406824588775635
18217,27,1.4202001094818115
18218,21,0.6218867301940918
18219,29,1.6980879306793213
18220,21,0.515899658203125
18221,20,0.40028083324432373
18222,26,1.3516902923583984
18223,21,0.45860087871551514
18224,27,1.4349336624145508
18225,26,1.3655638694763184
18226,29,1.672461986541748
18227,27,1.4235785007476807
18228,30,1.7999567985534668
18229,26,1.3800597190856934
18230,21,0.5084166526794434
18231,27,1.4583497047424316
18232,18,0.03394663333892822
18233,4,-2.2418055534362793
18234,26,1.3773210048675537
18235,21,0.4867093563079834
18236,29,1.6781985759735107
18237,26,1.3703525066375732
18238,21,0.5582983493804932
18239,21,0.618433952331543
18240,29,1.6858665943145752
18241,29,1.7139718532562256
18242,27,1.4469454288482666
18243,4,-2.3155887126922607
18244,26,1.3949120044708252
18245,25,1.2596385478973389
18246,29,1.697765827178955
18247,26,1.4051868915557861
18248,27,1.4793105125427246
18249,3,-2.537201404571533
18250,30,1.7737555503845215
18251,26,1.4001867771148682
18252,21,0.4482918977737427
18253,27,1.434260368347168
18254,26,1.4023661613464355
18255,26,1.4146885871887207
18256,19,0.2364964485168457
18257,29,1.6486198902130127
18258,20,0.4062793254852295
18259,28,1.6221086978912354
18260,21,0.5143637657165527
18261,26,1.4009594917297363
18262,29,1.7347807884216309
18263,21,0.4688866138458252
18264,29,1.7128965854644775
18265,29,1.7125887870788574
18266,6,-1.991042971611023
18267,21,0.48006248474121094
18268,29,1.6656570434570312
18269,27,1.4338078498840332
18270,9,-1.4531927108764648
18271,29,1.6772446632385254
18272,21,0.6126854419708252
18273,20,0.42273712158203125
18274,21,0.4975566864013672
18275,14,-0.7958968877792358
18276,21,0.4949615001678467
18277,21,0.4426611661911011
18278,21,0.5929591655731201
18279,21,0.5142481327056885
18280,28,1.5662388801574707
18281,21,0.5580317974090576
18282,29,1.6841638088226318
18283,27,1.423459529876709
18284,26,1.4146685600280762
18285,21,0.5131816864013672
18286,21,0.5594120025634766
18287,26,1.4019055366516113
18288,21,0.49889135360717773
18289,20,0.37875938415527344
18290,21,0.47905707359313965
18291,21,0.51409912109375
18292,26,1.349355936050415
18293,21,0.5767767429351807
18294,28,1.5426585674285889
18295,27,1.4271245002746582
18296,24,1.0101335048675537
18297,20,0.4108622074127197
18298,21,0.4864051342010498
18299,21,0.49219179153442383
18300,21,0.4308127164840698
18301,24,1.1111137866973877
18302,21,0.5330805778503418
18303,29,1.6875720024108887
18304,21,0.5860204696655273
18305,26,1.4107139110565186
18306,26,1.4129250049591064
18307,21,0.45881831645965576
18308,25,1.2171313762664795
18309,26,1.4088568687438965
18310,26,1.382338047027588
18311,21,0.596691370010376
18312,29,1.6710376739501953
18313,30,1.7997403144836426
18314,21,0.43385791778564453
18315,30,1.7447211742401123
18316,20,0.4126143455505371
18317,21,0.4823722839355469
18318,26,1.3626928329467773
18319,28,1.6126024723052979
18320,29,1.7289581298828125
18321,2,-2.7362942695617676
18322,30,1.799288272857666
18323,30,1.7664141654968262
18324,28,1.6177077293395996
18325,29,1.6914536952972412
18326,21,0.5875663757324219
18327,11,-1.2832975387573242
18328,21,0.5958473682403564
18329,21,0.48484325408935547
18330,10,-1.3668569326400757
18331,21,0.5763192176818848
18332,2,-2.618119239807129
18333,26,1.3841850757598877
18334,21,0.6238758563995361
18335,21,0.5709552764892578
18336,10,-1.3587985038757324
18337,26,1.4091806411743164
18338,27,1.4608981609344482
18339,26,1.4071683883666992
18340,30,1.7892978191375732
18341,28,1.615452527999878
18342,1,-2.8538098335266113
18343,27,1.4235036373138428
18344,21,0.5777285099029541
18345,22,0.6538159847259521
18346,26,1.3844947814941406
18347,26,1.386836051940918
18348,29,1.7115490436553955
18349,26,1.3530356884002686
18350,27,1.4241235256195068
18351,23,0.826256275177002
18352,9,-1.5819069147109985
18353,21,0.615344762802124
18354,26,1.3456106185913086
18355,26,1.4023380279541016
18356,20,0.3960477113723755
18357,29,1.682107925415039
18358,27,1.4395768642425537
18359,21,0.4960017204284668
18360,27,1.4334042072296143
18361,26,1.4114303588867188
18362,27,1.4524779319763184
18363,21,0.624896764755249
18364,27,1.424860954284668
18365,28,1.5743811130523682
18366,27,1.4430372714996338
18367,29,1.7194957733154297
18368,29,1.705392599105835
18369,21,0.5876400470733643
18370,21,0.5780978202819824
18371,27,1.4395644664764404
18372,21,0.5955352783203125
18373,30,1.7980999946594238
18374,26,1.4049139022827148
18375,21,0.5987827777862549
18376,26,1.366595983505249
18377,29,1.7066993713378906
18378,29,1.675086259841919
18379,21,0.5242810249328613
18380,26,1.3096508979797363
18381,29,1.7257215976715088
18382,27,1.4712438583374023
18383,21,0.4993400573730469
18384,26,1.3678584098815918
18385,21,0.5544211864471436
18386,21,0.4842679500579834
18387,21,0.5923528671264648
18388,21,0.4983527660369873
18389,27,1.4198505878448486
18390,20,0.4104654788970947
18391,21,0.5563099384307861
18392,25,1.2180285453796387
18393,27,1.4235293865203857
18394,29,1.6951138973236084
18395,22,0.6324605941772461
18396,27,1.445784091949463
18397,22,0.640169620513916
18398,21,0.4692678451538086
18399,20,0.42237329483032227
18400,27,1.455066442489624
18401,22,0.656416654586792
18402,26,1.400172472000122
18403,27,1.4730355739593506
18404,30,1.7979061603546143
18405,26,1.412792444229126
18406,21,0.5812039375305176
18407,30,1.7513105869293213
18408,21,0.585906982421875
18409,30,1.7869174480438232
18410,21,0.4984767436981201
18411,27,1.422093391418457
18412,30,1.8000192642211914
18413,27,1.519468069076538
18414,22,0.6557798385620117
18415,29,1.7051684856414795
18416,12,-1.073336124420166
18417,29,1.6726758480072021
18418,21,0.5445787906646729
18419,29,1.7360360622406006
18420,29,1.692201852798462
18421,27,1.4184436798095703
18422,22,0.6347074508666992
18423,21,0.48921990394592285
18424,27,1.4572107791900635
18425,21,0.5039551258087158
18426,22,0.6531057357788086
18427,27,1.4345355033874512
18428,29,1.6903927326202393
18429,27,1.4502136707305908
18430,28,1.6308534145355225
18431,22,0.677821159362793
18432,26,1.4017603397369385
18433,21,0.5628347396850586
18434,22,0.6535415649414062
18435,21,0.5111901760101318
18436,21,0.6134142875671387
18437,30,1.798548698425293
18438,3,-2.5040478706359863
18439,21,0.49491024017333984
18440,26,1.3720166683197021
18441,21,0.5420327186584473
18442,21,0.5371544361114502
18443,28,1.5468640327453613
18444,29,1.7318263053894043
18445,30,1.7989301681518555
18446,20,0.4286142587661743
18447,4,-2.318535804748535
18448,27,1.438000202178955
18449,27,1.4298114776611328
18450,27,1.4258460998535156
18451,21,0.46257007122039795
18452,29,1.7059965133666992
18453,26,1.4130187034606934
18454,22,0.7235863208770752
18455,30,1.7626101970672607
18456,21,0.6239771842956543
18457,21,0.54054856300354
18458,27,1.4220104217529297
18459,26,1.3550293445587158
18460,29,1.6607275009155273
18461,21,0.5366973876953125
18462,22,0.6982638835906982
18463,26,1.4144172668457031
18464,21,0.5045599937438965
18465,21,0.4802563190460205
18466,21,0.5009133815765381
18467,21,0.5849959850311279
18468,29,1.7115631103515625
18469,21,0.5478992462158203
18470,22,0.6510465145111084
18471,26,1.379281997680664
18472,26,1.3140385150909424
18473,22,0.7017412185668945
18474,8,-1.6943638324737549
18475,7,-1.9169198274612427
18476,27,1.4347128868103027
18477,21,0.4634079933166504
18478,6,-2.0699784755706787
18479,29,1.6973481178283691
18480,4,-2.285343647003174
18481,21,0.6059961318969727
18482,9,-1.4883042573928833
18483,30,1.800323724746704
18484,2,-2.6644110679626465
18485,26,1.4153425693511963
18486,21,0.6261286735534668
18487,22,0.6323413848876953
18488,30,1.7857656478881836
18489,26,1.3900985717773438
18490,19,0.22459280490875244
18491,26,1.4112021923065186
18492,30,1.7370476722717285
18493,26,1.3898813724517822
18494,27,1.4623076915740967
18495,18,0.0007379055023193359
18496,27,1.448073148727417
18497,22,0.6311800479888916
18498,27,1.443962812423706
18499,8,-1.6302378177642822
18500,26,1.4129290580749512
18501,28,1.6271889209747314
18502,29,1.733031988143921
18503,27,1.4638726711273193
18504,21,0.5056369304656982
18505,30,1.7984962463378906
18506,27,1.4672787189483643
18507,21,0.475372314453125
18508,30,1.799565315246582
18509,26,1.3610851764678955
18510,21,0.5104885101318359
18511,29,1.7186017036437988
18512,25,1.1623594760894775
18513,21,0.6146223545074463
18514,1,-2.8713135719299316
18515,11,-1.2520849704742432
18516,27,1.4528822898864746
18517,27,1.4902987480163574
18518,27,1.4198505878448486
18519,27,1.4211454391479492
18520,21,0.4852454662322998
18521,27,1.463212251663208
18522,27,1.4218997955322266
18523,27,1.4593219757080078
18524,24,1.1299846172332764
18525,27,1.4536588191986084
18526,21,0.5428106784820557
18527,21,0.6214578151702881
18528,27,1.4289417266845703
18529,21,0.6082217693328857
18530,22,0.6591079235076904
18531,21,0.5499553680419922
18532,27,1.4312963485717773
18533,21,0.47002243995666504
18534,26,1.4045300483703613
18535,27,1.4442353248596191
18536,27,1.4533147811889648
18537,30,1.79819917678833
18538,29,1.6491687297821045
18539,29,1.6655004024505615
18540,26,1.416149616241455
18541,27,1.4548835754394531
18542,27,1.4276137351989746
18543,20,0.43013620376586914
18544,27,1.4270851612091064
18545,30,1.7952518463134766
18546,27,1.4773814678192139
18547,21,0.5055103302001953
18548,21,0.5330877304077148
18549,27,1.4629833698272705
18550,27,1.476684808731079
18551,29,1.7306122779846191
18552,27,1.4610633850097656
18553,21,0.541027307510376
18554,27,1.436004877090454
18555,27,1.4745280742645264
18556,27,1.5102028846740723
18557,8,-1.7104065418243408
18558,21,0.480114221572876
18559,22,0.6646058559417725
18560,21,0.6152844429016113
18561,21,0.5651538372039795
18562,18,-0.009036660194396973
18563,29,1.669759750366211
18564,29,1.7107770442962646
18565,27,1.492898941040039
18566,22,0.6735515594482422
18567,27,1.4660239219665527
18568,22,0.7245399951934814
18569,28,1.5634500980377197
18570,27,1.4784035682678223
18571,22,0.6643543243408203
18572,21,0.6199235916137695
18573,27,1.5311884880065918
18574,11,-1.1672967672348022
18575,22,0.664764404296875
18576,22,0.7401731014251709
18577,28,1.6269476413726807
18578,29,1.7049884796142578
18579,17,-0.16796338558197021
18580,30,1.7994804382324219
18581,27,1.4602456092834473
18582,21,0.5213890075683594
18583,22,0.6375458240509033
18584,21,0.527033805847168
18585,27,1.4863088130950928
18586,21,0.5706362724304199
18587,21,0.5113470554351807
18588,29,1.6601531505584717
18589,27,1.4568874835968018
18590,27,1.4670138359069824
18591,21,0.507016658782959
18592,10,-1.4327646493911743
18593,29,1.7016310691833496
18594,27,1.465627670288086
18595,21,0.4897189140319824
18596,30,1.7903897762298584
18597,21,0.5337488651275635
18598,21,0.5943577289581299
18599,20,0.42973172664642334
18600,27,1.4869871139526367
18601,27,1.501258373260498
18602,22,0.6741063594818115
18603,29,1.7162489891052246
18604,29,1.710265874862671
18605,21,0.5653560161590576
18606,30,1.7990162372589111
18607,27,1.4897427558898926
18608,21,0.5554714202880859
18609,27,1.4577322006225586
18610,22,0.7040307521820068
18611,29,1.697413682937622
18612,29,1.6775567531585693
18613,23,0.8094658851623535
18614,27,1.4486074447631836
18615,27,1.4569952487945557
18616,10,-1.446372389793396
18617,26,1.4077038764953613
18618,29,1.708448886871338
18619,26,1.4134654998779297
18620,21,0.548095703125
18621,27,1.460824966430664
18622,22,0.7400734424591064
18623,27,1.435725212097168
18624,27,1.4954867362976074
18625,30,1.7856919765472412
18626,21,0.5903115272521973
18627,30,1.7452802658081055
18628,29,1.7078561782836914
18629,22,0.6632082462310791
18630,21,0.5841491222381592
18631,21,0.552370548248291
18632,27,1.4981391429901123
18633,21,0.5448329448699951
18634,21,0.6090431213378906
18635,29,1.7293791770935059
18636,28,1.5385892391204834
18637,26,1.413752794265747
18638,27,1.487236738204956
18639,27,1.4611382484436035
18640,21,0.5737645626068115
18641,27,1.4419276714324951
18642,22,0.6791598796844482
18643,21,0.5802357196807861
18644,22,0.6933791637420654
18645,15,-0.6052663922309875
18646,21,0.5240511894226074
18647,22,0.6977286338806152
18648,21,0.5830838680267334
18649,28,1.6357591152191162
18650,21,0.5006682872772217
18651,27,1.491041660308838
18652,30,1.7395339012145996
18653,21,0.5929849147796631
18654,22,0.756558895111084
18655,27,1.5030951499938965
18656,27,1.5073845386505127
18657,29,1.7001674175262451
18658,21,0.5663456916809082
18659,29,1.7022919654846191
18660,21,0.607203483581543
18661,2,-2.6751723289489746
18662,22,0.6590914726257324
18663,22,0.7078509330749512
18664,27,1.4632487297058105
18665,29,1.68129563331604
18666,21,0.6001527309417725
18667,21,0.5187766551971436
18668,27,1.4657948017120361
18669,27,1.5120234489440918
18670,5,-2.145761013031006
18671,30,1.7370343208312988
18672,27,1.4225280284881592
18673,30,1.8002362251281738
18674,29,1.6931493282318115
18675,12,-1.0908458232879639
18676,27,1.4765496253967285
18677,26,1.2935128211975098
18678,2,-2.656920909881592
18679,10,-1.3567925691604614
18680,7,-1.7739062309265137
18681,21,0.6225509643554688
18682,30,1.7977075576782227
18683,29,1.7360541820526123
18684,22,0.6280663013458252
18685,22,0.7829196453094482
18686,30,1.7554244995117188
18687,27,1.4662175178527832
18688,29,1.715848445892334
18689,27,1.4566378593444824
18690,27,1.4714117050170898
18691,22,0.7044289112091064
18692,29,1.7174692153930664
18693,10,-1.3741819858551025
18694,30,1.7822229862213135
18695,22,0.6786031723022461
18696,22,0.6772496700286865
18697,26,1.3804287910461426
18698,28,1.610652208328247
18699,29,1.6837403774261475
18700,22,0.6740407943725586
18701,29,1.7110159397125244
18702,27,1.4848766326904297
18703,27,1.4815068244934082
18704,21,0.5756113529205322
18705,29,1.656398057937622
18706,27,1.5077886581420898
18707,27,1.445143699645996
18708,20,0.2900203466415405
18709,21,0.5648636817932129
18710,27,1.441908359527588
18711,30,1.792320966720581
18712,22,0.6853470802307129
18713,21,0.5997905731201172
18714,29,1.6997220516204834
18715,27,1.5027241706848145
18716,3,-2.479740619659424
18717,27,1.5035619735717773
18718,29,1.7258226871490479
18719,8,-1.6454269886016846
18720,29,1.7330093383789062
18721,27,1.484959363937378
18722,29,1.698441505432129
18723,26,1.4115400314331055
18724,22,0.6466717720031738
18725,27,1.4620769023895264
18726,21,0.5824556350708008
18727,27,1.4782359600067139
18728,27,1.4724860191345215
18729,21,0.5409862995147705
18730,27,1.496117115020752
18731,30,1.8001389503479004
18732,29,1.7219200134277344
18733,24,0.9983515739440918
18734,27,1.4939253330230713
18735,30,1.7936205863952637
18736,27,1.4871482849121094
18737,18,-0.10768532752990723
18738,22,0.6882522106170654
18739,29,1.724245548248291
18740,20,0.35146963596343994
18741,22,0.6723949909210205
18742,27,1.5180189609527588
18743,2,-2.7192206382751465
18744,21,0.5804152488708496
18745,29,1.7310748100280762
18746,27,1.4606413841247559
18747,29,1.6784546375274658
18748,21,0.6276886463165283
18749,21,0.5973548889160156
18750,26,1.3398797512054443
18751,21,0.46797966957092285
18752,21,0.5940520763397217
18753,22,0.6699783802032471
18754,22,0.7340478897094727
18755,22,0.715120792388916
18756,22,0.7871787548065186
18757,29,1.7279417514801025
18758,27,1.4726061820983887
18759,26,1.2966535091400146
18760,21,0.5844137668609619
18761,27,1.5019500255584717
18762,27,1.4842243194580078
18763,29,1.7140469551086426
18764,27,1.4806227684020996
18765,29,1.6817560195922852
18766,28,1.6042535305023193
18767,27,1.4515621662139893
18768,29,1.6788477897644043
18769,22,0.7499575614929199
18770,17,-0.2277127504348755
18771,4,-2.302689790725708
18772,13,-0.8471713662147522
18773,27,1.5181303024291992
18774,23,0.9500308036804199
18775,22,0.696833610534668
18776,28,1.5393664836883545
18777,27,1.4806265830993652
18778,26,1.3229186534881592
18779,27,1.486316442489624
18780,22,0.7369003295898438
18781,27,1.455733060836792
18782,25,1.2339868545532227
18783,22,0.6635308265686035
18784,1,-2.829009771347046
18785,25,1.15553879737854
18786,22,0.7329580783843994
18787,21,0.5833446979522705
18788,27,1.441699743270874
18789,3,-2.5655875205993652
18790,22,0.736393928527832
18791,27,1.4449405670166016
18792,27,1.4995067119598389
18793,21,0.5950229167938232
18794,27,1.483391284942627
18795,29,1.6984221935272217
18796,29,1.6968562602996826
18797,29,1.6626179218292236
18798,24,1.0783534049987793
18799,29,1.6575298309326172
18800,27,1.5173885822296143
18801,29,1.7107152938842773
18802,30,1.7406680583953857
18803,27,1.4793481826782227
18804,22,0.7781691551208496
18805,27,1.4471485614776611
18806,22,0.8020927906036377
18807,22,0.6740431785583496
18808,27,1.48948073387146
18809,28,1.5849156379699707
18810,29,1.7214372158050537
18811,22,0.6946170330047607
18812,21,0.6081221103668213
18813,22,0.7769880294799805
18814,27,1.4940507411956787
18815,29,1.6432271003723145
18816,27,1.4879214763641357
18817,22,0.673100471496582
18818,21,0.5936603546142578
18819,22,0.7544398307800293
18820,27,1.4388532638549805
18821,2,-2.6211867332458496
18822,28,1.59157395362854
18823,3,-2.4866979122161865
18824,22,0.7123939990997314
18825,22,0.6323573589324951
18826,10,-1.3633170127868652
18827,24,1.0431804656982422
18828,22,0.755134105682373
18829,30,1.7929596900939941
18830,29,1.7095937728881836
18831,27,1.4951114654541016
18832,30,1.7776174545288086
18833,22,0.6387550830841064
18834,22,0.7875845432281494
18835,29,1.6923604011535645
18836,22,0.680109977722168
18837,30,1.7954072952270508
18838,4,-2.3975603580474854
18839,27,1.491842269897461
18840,18,-0.10822570323944092
18841,21,0.5776326656341553
18842,22,0.7517404556274414
18843,22,0.7320048809051514
18844,23,0.8549013137817383
18845,22,0.7864341735839844
18846,27,1.5201354026794434
18847,7,-1.8013336658477783
18848,27,1.478177547454834
18849,27,1.428727149963379
18850,22,0.7660210132598877
18851,22,0.7923791408538818
18852,28,1.6198821067810059
18853,29,1.689246654510498
18854,28,1.5702130794525146
18855,29,1.7280313968658447
18856,7,-1.8320907354354858
18857,4,-2.349303722381592
18858,27,1.4454524517059326
18859,22,0.6423759460449219
18860,27,1.4419896602630615
18861,30,1.7507658004760742
18862,23,0.8664050102233887
18863,30,1.736945390701294
18864,22,0.7035861015319824
18865,27,1.4525434970855713
18866,29,1.7211854457855225
18867,22,0.6616957187652588
18868,30,1.7478179931640625
18869,22,0.7089540958404541
18870,22,0.7348811626434326
18871,27,1.4888453483581543
18872,22,0.7643907070159912
18873,22,0.6299753189086914
18874,10,-1.347938895225525
18875,22,0.7718744277954102
18876,25,1.2286124229431152
18877,22,0.790886402130127
18878,26,1.4033548831939697
18879,27,1.4485149383544922
18880,22,0.7476682662963867
18881,29,1.63954758644104
18882,28,1.559359073638916
18883,22,0.701404333114624
18884,29,1.7158911228179932
18885,22,0.757835865020752
18886,23,0.8707168102264404
18887,27,1.5287368297576904
18888,30,1.740654706954956
18889,27,1.5283043384552002
18890,22,0.7570199966430664
18891,21,0.610490083694458
18892,27,1.481877326965332
18893,29,1.6942660808563232
18894,29,1.6703014373779297
18895,27,1.5319578647613525
18896,21,0.611365556716919
18897,30,1.7938268184661865
18898,27,1.4768157005310059
18899,20,0.29082751274108887
18900,22,0.6659958362579346
18901,22,0.7822813987731934
18902,30,1.7995030879974365
18903,28,1.5500595569610596
18904,27,1.515359878540039
18905,3,-2.509399175643921
18906,27,1.4719066619873047
18907,29,1.7230684757232666
18908,22,0.7475719451904297
18909,22,0.7824549674987793
18910,22,0.8023891448974609
18911,27,1.5280041694641113
18912,30,1.7978525161743164
18913,23,0.8186037540435791
18914,22,0.7662086486816406
18915,21,0.5373592376708984
18916,19,0.20505845546722412
18917,27,1.4477717876434326
18918,22,0.7877256870269775
18919,6,-1.9903556108474731
18920,2,-2.6906025409698486
18921,23,0.8314390182495117
18922,22,0.7846150398254395
18923,23,0.8053193092346191
18924,27,1.4873673915863037
18925,30,1.7916779518127441
18926,29,1.7146623134613037
18927,27,1.502598762512207
18928,23,0.8177533149719238
18929,27,1.4442758560180664
18930,23,0.8640344142913818
18931,30,1.7367188930511475
18932,22,0.6492252349853516
18933,22,0.7744982242584229
18934,7,-1.8560636043548584
18935,28,1.6349196434020996
18936,29,1.7253029346466064
18937,29,1.7322452068328857
18938,22,0.644646167755127
18939,13,-0.812369167804718
18940,20,0.29837357997894287
18941,29,1.7061057090759277
18942,27,1.5271778106689453
18943,22,0.7605617046356201
18944,27,1.4755990505218506
18945,22,0.7669122219085693
18946,2,-2.74019718170166
18947,23,0.8080005645751953
18948,28,1.6264429092407227
18949,30,1.7466933727264404
18950,5,-2.1014723777770996
18951,27,1.4738450050354004
18952,22,0.6882967948913574
18953,27,1.5063483715057373
18954,1,-2.8242692947387695
18955,22,0.7614574432373047
18956,27,1.5125610828399658
18957,22,0.6736078262329102
18958,23,0.8472778797149658
18959,22,0.6803641319274902
18960,23,0.8454127311706543
18961,28,1.5323405265808105
18962,22,0.7571423053741455
18963,25,1.199399471282959
18964,29,1.7180445194244385
18965,28,1.5559794902801514
18966,22,0.7927424907684326
18967,27,1.4504668712615967
18968,22,0.7495825290679932
18969,27,1.5056469440460205
18970,28,1.5408837795257568
18971,3,-2.5653061866760254
18972,22,0.643946647644043
18973,21,0.59175705909729
18974,27,1.5152552127838135
18975,27,1.4777169227600098
18976,27,1.4822981357574463
18977,23,0.8382785320281982
18978,27,1.5195209980010986
18979,28,1.5458660125732422
18980,22,0.7495825290679932
18981,22,0.7193610668182373
18982,27,1.492140293121338
18983,30,1.7866532802581787
18984,29,1.7029786109924316
18985,29,1.7055506706237793
18986,22,0.7689614295959473
18987,30,1.7740025520324707
18988,29,1.6804320812225342
18989,22,0.7926955223083496
18990,29,1.7304437160491943
18991,29,1.7340373992919922
18992,22,0.726301908493042
18993,22,0.7846918106079102
18994,22,0.6681761741638184
18995,24,1.084315538406372
18996,29,1.7010622024536133
18997,27,1.4652493000030518
18998,23,0.9279875755310059
18999,5,-2.0923688411712646
19000,27,1.488309383392334
19001,28,1.546186923980713
19002,23,0.9227972030639648
19003,2,-2.6483097076416016
19004,22,0.7700307369232178
19005,27,1.4954640865325928
19006,27,1.4915001392364502
19007,27,1.4748406410217285
19008,29,1.7102389335632324
19009,28,1.5464649200439453
19010,28,1.549957036972046
19011,27,1.5068438053131104
19012,27,1.4987244606018066
19013,22,0.6435744762420654
19014,27,1.500028371810913
19015,27,1.4982881546020508
19016,29,1.687283992767334
19017,27,1.5047495365142822
19018,30,1.7652175426483154
19019,30,1.7850704193115234
19020,27,1.5208885669708252
19021,28,1.532177448272705
19022,23,0.8475005626678467
19023,27,1.5120513439178467
19024,27,1.5109083652496338
19025,23,0.8838636875152588
19026,29,1.6421043872833252
19027,23,0.8516280651092529
19028,27,1.4675354957580566
19029,29,1.6544899940490723
19030,22,0.7380249500274658
19031,30,1.7911171913146973
19032,26,1.3799808025360107
19033,29,1.7065227031707764
19034,23,0.836735725402832
19035,27,1.4751701354980469
19036,28,1.5330419540405273
19037,27,1.4608409404754639
19038,27,1.5183730125427246
19039,2,-2.5769972801208496
19040,22,0.72898268699646
19041,27,1.4939675331115723
19042,22,0.8013515472412109
19043,23,0.827643871307373
19044,27,1.5264577865600586
19045,29,1.6751446723937988
19046,27,1.4679756164550781
19047,26,1.3733973503112793
19048,28,1.6171979904174805
19049,6,-2.0703282356262207
19050,28,1.5388753414154053
19051,22,0.7669098377227783
19052,29,1.7280123233795166
19053,27,1.5225317478179932
19054,27,1.514622688293457
19055,27,1.5203583240509033
19056,28,1.5332841873168945
19057,29,1.670295238494873
19058,28,1.5430333614349365
19059,27,1.4915194511413574
19060,23,0.8231277465820312
19061,22,0.6785175800323486
19062,27,1.4840052127838135
19063,22,0.6736674308776855
19064,30,1.7495675086975098
19065,27,1.4842479228973389
19066,22,0.7822127342224121
19067,27,1.491562843322754
19068,23,0.8733699321746826
19069,29,1.6830806732177734
19070,29,1.6763489246368408
19071,26,1.4089231491088867
19072,25,1.281306505203247
19073,27,1.4978516101837158
19074,23,0.8185312747955322
19075,30,1.7444722652435303
19076,22,0.7345297336578369
19077,5,-2.2012200355529785
19078,22,0.7312183380126953
19079,28,1.5529420375823975
19080,23,0.8038527965545654
19081,29,1.6579868793487549
19082,29,1.7302751541137695
19083,23,0.8247549533843994
19084,22,0.7393975257873535
19085,22,0.6825048923492432
19086,27,1.5008656978607178
19087,29,1.6897501945495605
19088,27,1.491523265838623
19089,29,1.7357609272003174
19090,22,0.7981734275817871
19091,16,-0.3778756856918335
19092,29,1.7049176692962646
19093,27,1.4815349578857422
19094,23,0.9352564811706543
19095,22,0.7743113040924072
19096,22,0.76790452003479
19097,28,1.5426781177520752
19098,27,1.4560444355010986
19099,27,1.4837324619293213
19100,27,1.4635405540466309
19101,23,0.9066290855407715
19102,29,1.7277560234069824
19103,23,0.8792893886566162
19104,29,1.6905279159545898
19105,27,1.5149500370025635
19106,30,1.8003716468811035
19107,28,1.6105642318725586
19108,23,0.8304281234741211
19109,23,0.8452258110046387
19110,29,1.7339258193969727
19111,28,1.56489896774292
19112,4,-2.2520833015441895
19113,22,0.791752815246582
19114,29,1.7221300601959229
19115,22,0.7722880840301514
19116,27,1.4758362770080566
19117,27,1.465925693511963
19118,28,1.556361436843872
19119,22,0.7181112766265869
19120,27,1.516338586807251
19121,30,1.7907671928405762
19122,23,0.8937132358551025
19123,28,1.5394737720489502
19124,28,1.6017327308654785
19125,22,0.7584488391876221
19126,29,1.7276012897491455
19127,5,-2.147916316986084
19128,23,0.866344690322876
19129,22,0.8003549575805664
19130,23,0.9458775520324707
19131,30,1.7969045639038086
19132,22,0.7831254005432129
19133,23,0.9682068824768066
19134,23,0.9023375511169434
19135,29,1.6928746700286865
19136,30,1.7960116863250732
19137,23,0.8326044082641602
19138,29,1.7020385265350342
19139,28,1.5369038581848145
19140,7,-1.905006766319275
19141,29,1.7296903133392334
19142,23,0.8192887306213379
19143,22,0.7071120738983154
19144,28,1.5475118160247803
19145,28,1.5553960800170898
19146,29,1.7104411125183105
19147,29,1.7282726764678955
19148,29,1.728508710861206
19149,29,1.7140533924102783
19150,23,0.8345742225646973
19151,27,1.5265002250671387
19152,28,1.6096932888031006
19153,23,0.8343720436096191
19154,23,0.8245117664337158
19155,29,1.7179453372955322
19156,23,0.924466609954834
19157,27,1.4731030464172363
19158,27,1.5249156951904297
19159,23,0.8503518104553223
19160,27,1.508476972579956
19161,23,0.8842606544494629
19162,27,1.4618632793426514
19163,27,1.4856667518615723
19164,29,1.6890473365783691
19165,23,0.8917262554168701
19166,23,0.8208136558532715
19167,23,0.8444802761077881
19168,29,1.7002878189086914
19169,23,0.8121323585510254
19170,23,0.8475015163421631
19171,13,-0.8348382711410522
19172,30,1.7966787815093994
19173,30,1.7804174423217773
19174,22,0.7653470039367676
19175,22,0.7204382419586182
19176,5,-2.0957748889923096
19177,11,-1.2672958374023438
19178,23,0.8239049911499023
19179,22,0.7452976703643799
19180,29,1.70265793800354
19181,11,-1.245671272277832
19182,27,1.5186946392059326
19183,27,1.5158092975616455
19184,27,1.5186641216278076
19185,27,1.530048131942749
19186,26,1.4087762832641602
19187,22,0.8029577732086182
19188,29,1.6936917304992676
19189,27,1.4621458053588867
19190,27,1.513582706451416
19191,22,0.7337405681610107
19192,23,0.9444444179534912
19193,27,1.4403226375579834
19194,29,1.7254188060760498
19195,27,1.4949707984924316
19196,29,1.6811180114746094
19197,23,0.9439504146575928
19198,28,1.5577173233032227
19199,22,0.7003490924835205
19200,30,1.7385118007659912
19201,30,1.777648687362671
19202,28,1.5321459770202637
19203,23,0.902446985244751
19204,24,1.1020557880401611
19205,1,-2.762467622756958
19206,7,-1.8619697093963623
19207,23,0.8838560581207275
19208,30,1.796555519104004
19209,28,1.559122085571289
19210,1,-2.813176155090332
19211,23,0.8830718994140625
19212,28,1.5951128005981445
19213,23,0.9022796154022217
19214,28,1.6292107105255127
19215,29,1.6906569004058838
19216,28,1.5457262992858887
19217,30,1.748920202255249
19218,23,0.9248316287994385
19219,23,0.8997964859008789
19220,29,1.6961989402770996
19221,28,1.572991132736206
19222,27,1.446868896484375
19223,27,1.45365309715271
19224,29,1.6383585929870605
19225,29,1.7080721855163574
19226,28,1.5678889751434326
19227,23,0.9589371681213379
19228,23,0.8560435771942139
19229,27,1.4913406372070312
19230,30,1.795928716659546
19231,28,1.5338423252105713
19232,23,0.8832027912139893
19233,27,1.502805471420288
19234,23,0.8731539249420166
19235,27,1.515772819519043
19236,23,0.9321568012237549
19237,23,0.8296644687652588
19238,27,1.5100789070129395
19239,23,0.81815505027771
19240,27,1.4506855010986328
19241,27,1.5087966918945312
19242,1,-2.759000301361084
19243,27,1.5131945610046387
19244,22,0.7617895603179932
19245,30,1.7402656078338623
19246,23,0.8971514701843262
19247,10,-1.4414761066436768
19248,27,1.4829964637756348
19249,27,1.531611442565918
19250,23,0.9164974689483643
19251,28,1.5422825813293457
19252,23,0.8453059196472168
19253,27,1.4896042346954346
19254,29,1.723811149597168
19255,28,1.545647144317627
19256,27,1.511734962463379
19257,29,1.67610764503479
19258,23,0.8693375587463379
19259,28,1.5437648296356201
19260,30,1.7464959621429443
19261,27,1.527834177017212
19262,23,0.8951752185821533
19263,22,0.7512423992156982
19264,29,1.7184710502624512
19265,29,1.7155585289001465
19266,19,0.17129993438720703
19267,27,1.4458117485046387
19268,16,-0.3394204378128052
19269,13,-0.9444860219955444
19270,23,0.8868751525878906
19271,29,1.6857268810272217
19272,23,0.8551740646362305
19273,27,1.521606683731079
19274,30,1.7935681343078613
19275,29,1.7206246852874756
19276,29,1.7055957317352295
19277,30,1.7985188961029053
19278,29,1.7314341068267822
19279,1,-2.842228412628174
19280,29,1.7042865753173828
19281,28,1.5465610027313232
19282,27,1.4792454242706299
19283,27,1.5256693363189697
19284,29,1.6849689483642578
19285,2,-2.651622772216797
19286,28,1.5523433685302734
19287,23,0.8031675815582275
19288,27,1.5090687274932861
19289,29,1.7107570171356201
19290,23,0.8865172863006592
19291,28,1.566040277481079
19292,29,1.6638355255126953
19293,26,1.3951280117034912
19294,23,0.8864743709564209
19295,27,1.4936161041259766
19296,30,1.7939491271972656
19297,23,0.8687372207641602
19298,23,0.8427307605743408
19299,29,1.6934003829956055
19300,29,1.7360177040100098
19301,23,0.9157960414886475
19302,23,0.8273019790649414
19303,23,0.9360418319702148
19304,29,1.7322697639465332
19305,28,1.5494377613067627
19306,22,0.7943170070648193
19307,30,1.7960820198059082
19308,28,1.5963146686553955
19309,28,1.5484874248504639
19310,28,1.5625908374786377
19311,28,1.555424690246582
19312,28,1.5752525329589844
19313,27,1.5285208225250244
19314,29,1.7196998596191406
19315,23,0.9090933799743652
19316,29,1.7301890850067139
19317,29,1.6613938808441162
19318,30,1.739255428314209
19319,28,1.5404417514801025
19320,22,0.7479853630065918
19321,23,0.8034629821777344
19322,27,1.5065884590148926
19323,20,0.3595545291900635
19324,28,1.5671775341033936
19325,23,0.894221305847168
19326,29,1.689681053161621
19327,23,0.846515417098999
19328,28,1.5631558895111084
19329,23,0.8985717296600342
19330,28,1.5511744022369385
19331,23,0.9051406383514404
19332,27,1.4992623329162598
19333,28,1.6358811855316162
19334,27,1.5257594585418701
19335,28,1.533905029296875
19336,29,1.731926441192627
19337,28,1.538264274597168
19338,27,1.5159447193145752
19339,23,0.9141898155212402
19340,23,0.9652540683746338
19341,23,0.9198184013366699
19342,30,1.7769920825958252
19343,23,0.9456827640533447
19344,29,1.7332432270050049
19345,4,-2.2321524620056152
19346,27,1.4558727741241455
19347,22,0.8000969886779785
19348,29,1.636488676071167
19349,29,1.712552547454834
19350,1,-2.841768264770508
19351,28,1.5495100021362305
19352,23,0.9250228404998779
19353,27,1.5258488655090332
19354,26,1.4090602397918701
19355,28,1.5347299575805664
19356,29,1.6906075477600098
19357,27,1.461859941482544
19358,30,1.7526755332946777
19359,23,0.8357622623443604
19360,27,1.4816374778747559
19361,29,1.7200422286987305
19362,28,1.5619566440582275
19363,28,1.580057144165039
19364,23,0.9153804779052734
19365,23,0.9367485046386719
19366,29,1.7149221897125244
19367,30,1.783092975616455
19368,30,1.7406911849975586
19369,27,1.5282094478607178
19370,23,0.892167329788208
19371,14,-0.7302983999252319
19372,27,1.5148775577545166
19373,30,1.8003089427947998
19374,28,1.5395233631134033
19375,23,0.9404067993164062
19376,28,1.5498127937316895
19377,29,1.6516926288604736
19378,27,1.5286297798156738
19379,22,0.7890415191650391
19380,23,0.9069628715515137
19381,28,1.5537207126617432
19382,28,1.5698163509368896
19383,29,1.674626350402832
19384,27,1.4839181900024414
19385,29,1.6986181735992432
19386,30,1.7645280361175537
19387,23,0.9103353023529053
19388,26,1.2985258102416992
19389,29,1.6950719356536865
19390,12,-1.136981725692749
19391,23,0.909027099609375
19392,24,1.0681560039520264
19393,23,0.8651087284088135
19394,23,0.9256954193115234
19395,28,1.5358364582061768
19396,27,1.5307724475860596
19397,28,1.571765661239624
19398,28,1.5624346733093262
19399,2,-2.602776050567627
19400,24,1.010099172592163
19401,29,1.7227611541748047
19402,30,1.7523279190063477
19403,2,-2.6255247592926025
19404,23,0.8961045742034912
19405,28,1.5520343780517578
19406,30,1.7370729446411133
19407,28,1.5384154319763184
19408,23,0.9451115131378174
19409,29,1.7205030918121338
19410,29,1.7148587703704834
19411,30,1.7637066841125488
19412,28,1.561091423034668
19413,30,1.7379534244537354
19414,23,0.9144680500030518
19415,3,-2.469489812850952
19416,23,0.9682135581970215
19417,23,0.924476146697998
19418,29,1.720391035079956
19419,30,1.7415907382965088
19420,24,1.0540399551391602
19421,24,0.9929811954498291
19422,18,0.03075277805328369
19423,4,-2.3810133934020996
19424,23,0.9534838199615479
19425,29,1.7354402542114258
19426,23,0.8522448539733887
19427,29,1.717557668685913
19428,18,-0.048153042793273926
19429,28,1.5583171844482422
19430,12,-1.056567907333374
19431,29,1.7000956535339355
19432,1,-2.7971041202545166
19433,28,1.5455601215362549
19434,30,1.7443363666534424
19435,29,1.7072515487670898
19436,30,1.7943637371063232
19437,28,1.5511538982391357
19438,4,-2.363191843032837
19439,28,1.5736548900604248
19440,29,1.7266688346862793
19441,24,1.0071070194244385
19442,23,0.9549160003662109
19443,23,0.8793609142303467
19444,29,1.6999120712280273
19445,9,-1.5961135625839233
19446,14,-0.8091154098510742
19447,28,1.5631470680236816
19448,28,1.5534520149230957
19449,29,1.7211105823516846
19450,29,1.721797227859497
19451,28,1.6203773021697998
19452,28,1.5397403240203857
19453,23,0.9485747814178467
19454,2,-2.678457021713257
19455,23,0.966465950012207
19456,25,1.1466522216796875
19457,27,1.5216224193572998
19458,28,1.534782886505127
19459,30,1.791872501373291
19460,2,-2.644284248352051
19461,29,1.7189788818359375
19462,30,1.7998888492584229
19463,23,0.9312293529510498
19464,23,0.935741662979126
19465,27,1.4924979209899902
19466,28,1.5631468296051025
19467,28,1.5788092613220215
19468,3,-2.5280187129974365
19469,3,-2.5709080696105957
19470,19,0.05563068389892578
19471,4,-2.3171298503875732
19472,23,0.9633009433746338
19473,28,1.5663657188415527
19474,28,1.5526690483093262
19475,30,1.7716364860534668
19476,29,1.6678619384765625
19477,28,1.5799219608306885
19478,23,0.9120397567749023
19479,27,1.4714088439941406
19480,23,0.9013707637786865
19481,22,0.6998498439788818
19482,23,0.9701492786407471
19483,29,1.736511468887329
19484,8,-1.6873441934585571
19485,28,1.5674996376037598
19486,28,1.5733964443206787
19487,23,0.9494221210479736
19488,23,0.938178300857544
19489,28,1.5496726036071777
19490,23,0.9317595958709717
19491,4,-2.335900068283081
19492,23,0.904874324798584
19493,30,1.7493622303009033
19494,9,-1.603312611579895
19495,23,0.9615676403045654
19496,28,1.5333421230316162
19497,29,1.73244309425354
19498,30,1.7993252277374268
19499,29,1.7304155826568604
19500,26,1.353076457977295
19501,24,1.0015568733215332
19502,29,1.7081210613250732
19503,28,1.575195550918579
19504,28,1.569685459136963
19505,28,1.576584815979004
19506,30,1.7406988143920898
19507,30,1.799773931503296
19508,8,-1.6395950317382812
19509,24,0.9853000640869141
19510,1,-2.787208080291748
19511,29,1.726924180984497
19512,29,1.6532819271087646
19513,28,1.56797456741333
19514,28,1.5551447868347168
19515,28,1.536574125289917
19516,24,0.9897902011871338
19517,19,0.19958806037902832
19518,28,1.5386254787445068
19519,24,1.0267341136932373
19520,8,-1.6840410232543945
19521,24,1.0559380054473877
19522,28,1.5609803199768066
19523,24,1.053722858428955
19524,24,1.0841481685638428
19525,28,1.590958833694458
19526,24,1.0140461921691895
19527,28,1.569133996963501
19528,24,0.9944729804992676
19529,30,1.755096197128296
19530,29,1.7094380855560303
19531,24,1.0243072509765625
19532,8,-1.6593185663223267
19533,1,-2.773101329803467
19534,28,1.5903818607330322
19535,12,-1.0561461448669434
19536,29,1.7089323997497559
19537,23,0.9736926555633545
19538,21,0.5971651077270508
19539,30,1.7965853214263916
19540,30,1.7489409446716309
19541,28,1.5691463947296143
19542,24,1.031928539276123
19543,23,0.9152412414550781
19544,30,1.7669353485107422
19545,24,1.0986380577087402
19546,24,1.0079872608184814
19547,25,1.169612169265747
19548,28,1.555668592453003
19549,16,-0.3681671619415283
19550,28,1.5615363121032715
19551,28,1.5646982192993164
19552,29,1.668578863143921
19553,27,1.5162982940673828
19554,28,1.5379104614257812
19555,7,-1.8500322103500366
19556,24,1.0003736019134521
19557,28,1.5573596954345703
19558,28,1.5353801250457764
19559,9,-1.5250641107559204
19560,29,1.7282228469848633
19561,28,1.5514030456542969
19562,27,1.4920034408569336
19563,24,1.0668013095855713
19564,29,1.695228099822998
19565,28,1.5718047618865967
19566,26,1.412675142288208
19567,28,1.5861151218414307
19568,24,1.0445775985717773
19569,28,1.5559275150299072
19570,1,-2.815070152282715
19571,24,1.053844928741455
19572,24,1.037886142730713
19573,30,1.74961256980896
19574,30,1.7861533164978027
19575,14,-0.8095124363899231
19576,24,0.9872796535491943
19577,29,1.6478650569915771
19578,9,-1.4621816873550415
19579,2,-2.5785021781921387
19580,15,-0.6124759316444397
19581,24,1.0088913440704346
19582,23,0.8863918781280518
19583,29,1.7011735439300537
19584,23,0.910292387008667
19585,29,1.7247514724731445
19586,28,1.5562188625335693
19587,23,0.8882567882537842
19588,28,1.5680086612701416
19589,3,-2.5169849395751953
19590,28,1.5554752349853516
19591,27,1.479182243347168
19592,30,1.7977943420410156
19593,24,1.0290019512176514
19594,24,1.1263530254364014
19595,29,1.7062621116638184
19596,6,-2.003815174102783
19597,30,1.749645709991455
19598,30,1.7994208335876465
19599,30,1.7481560707092285
19600,29,1.6864242553710938
19601,30,1.7976255416870117
19602,28,1.5855834484100342
19603,28,1.5979063510894775
19604,28,1.576740026473999
19605,28,1.5813848972320557
19606,28,1.5558972358703613
19607,28,1.5722224712371826
19608,24,1.1217520236968994
19609,24,1.0548834800720215
19610,24,1.0348632335662842
19611,30,1.7421910762786865
19612,24,1.029597520828247
19613,28,1.588780164718628
19614,27,1.4721579551696777
19615,30,1.7373309135437012
19616,28,1.5922064781188965
19617,28,1.5526399612426758
19618,24,1.1059675216674805
19619,24,0.9817702770233154
19620,29,1.7313826084136963
19621,24,1.0748851299285889
19622,24,1.0731234550476074
19623,24,1.0253422260284424
19624,28,1.632446527481079
19625,24,0.9916775226593018
19626,28,1.5926845073699951
19627,20,0.3165433406829834
19628,28,1.5838115215301514
19629,30,1.7909343242645264
19630,27,1.5178184509277344
19631,24,1.033794641494751
19632,28,1.559518814086914
19633,28,1.5376989841461182
19634,3,-2.436474323272705
19635,29,1.7259361743927002
19636,28,1.5799694061279297
19637,30,1.7780718803405762
19638,24,1.085566759109497
19639,30,1.7975902557373047
19640,24,1.063486099243164
19641,9,-1.5033609867095947
19642,24,1.0147392749786377
19643,30,1.798457384109497
19644,29,1.6459095478057861
19645,30,1.761965274810791
19646,24,1.1222786903381348
19647,24,1.0587599277496338
19648,30,1.7384498119354248
19649,24,1.0408399105072021
19650,22,0.6991415023803711
19651,28,1.5477004051208496
19652,29,1.7328522205352783
19653,30,1.7418842315673828
19654,23,0.9308850765228271
19655,30,1.7978925704956055
19656,28,1.5766565799713135
19657,24,1.0606224536895752
19658,28,1.5984256267547607
19659,24,1.0566096305847168
19660,28,1.5498979091644287
19661,24,1.0815565586090088
19662,30,1.7380261421203613
19663,28,1.6081838607788086
19664,17,-0.22330403327941895
19665,28,1.5712318420410156
19666,28,1.5667719841003418
19667,24,0.983555793762207
19668,27,1.490433692932129
19669,28,1.556917667388916
19670,28,1.5911567211151123
19671,10,-1.2949371337890625
19672,27,1.5237674713134766
19673,28,1.5803122520446777
19674,30,1.7422332763671875
19675,28,1.5966060161590576
19676,28,1.546915054321289
19677,30,1.7922461032867432
19678,23,0.9555261135101318
19679,28,1.5721495151519775
19680,24,1.0550570487976074
19681,30,1.769608736038208
19682,2,-2.622696876525879
19683,28,1.607539176940918
19684,28,1.5936505794525146
19685,29,1.7198846340179443
19686,22,0.6605429649353027
19687,27,1.51650071144104
19688,27,1.527594804763794
19689,24,1.0379838943481445
19690,24,1.0760302543640137
19691,29,1.7302846908569336
19692,30,1.7635564804077148
19693,28,1.5767393112182617
19694,30,1.7467987537384033
19695,28,1.5995533466339111
19696,23,0.9276611804962158
19697,24,1.06215238571167
19698,28,1.5658607482910156
19699,24,1.0107035636901855
19700,11,-1.1762152910232544
19701,30,1.7529816627502441
19702,24,1.0508592128753662
19703,6,-2.0532383918762207
19704,27,1.4745845794677734
19705,30,1.7376830577850342
19706,14,-0.7469573020935059
19707,24,1.089615821838379
19708,29,1.7234249114990234
19709,28,1.6011943817138672
19710,24,1.0613744258880615
19711,6,-2.056968927383423
19712,30,1.746053695678711
19713,28,1.5864765644073486
19714,27,1.4772231578826904
19715,29,1.7243616580963135
19716,28,1.6283738613128662
19717,30,1.7401542663574219
19718,19,0.2369908094406128
19719,30,1.7825331687927246
19720,25,1.160149097442627
19721,24,1.0774412155151367
19722,30,1.7933385372161865
19723,28,1.580322027206421
19724,24,1.103785514831543
19725,18,-0.10469162464141846
19726,25,1.1499202251434326
19727,28,1.5774784088134766
19728,24,1.0629706382751465
19729,1,-2.8217215538024902
19730,29,1.7091565132141113
19731,24,1.0459034442901611
19732,1,-2.8005199432373047
19733,1,-2.752631187438965
19734,24,1.057359218597412
19735,27,1.5067880153656006
19736,27,1.522629976272583
19737,30,1.7597408294677734
19738,28,1.5933640003204346
19739,23,0.9614768028259277
19740,29,1.6999578475952148
19741,28,1.5916647911071777
19742,24,1.1360042095184326
19743,28,1.6116175651550293
19744,28,1.597092628479004
19745,3,-2.5151634216308594
19746,25,1.2783150672912598
19747,24,1.0488274097442627
19748,28,1.5773396492004395
19749,30,1.79823899269104
19750,28,1.5982515811920166
19751,29,1.7167401313781738
19752,24,1.0499634742736816
19753,29,1.7115724086761475
19754,1,-2.818979024887085
19755,29,1.7041926383972168
19756,29,1.7119698524475098
19757,30,1.8001782894134521
19758,30,1.7942955493927002
19759,24,0.9995899200439453
19760,28,1.5620496273040771
19761,23,0.9062798023223877
19762,30,1.757779836654663
19763,28,1.586822748184204
19764,30,1.7980451583862305
19765,25,1.1429388523101807
19766,28,1.6194684505462646
19767,26,1.3927128314971924
19768,24,0.9910557270050049
19769,30,1.7602553367614746
19770,24,1.1096537113189697
19771,24,1.1083316802978516
19772,10,-1.3264333009719849
19773,24,1.0649182796478271
19774,18,0.019378066062927246
19775,24,1.0691266059875488
19776,27,1.4328622817993164
19777,14,-0.7841655611991882
19778,29,1.7229323387145996
19779,29,1.644134283065796
19780,28,1.584970235824585
19781,30,1.736910343170166
19782,16,-0.43316566944122314
19783,30,1.7939236164093018
19784,30,1.7957372665405273
19785,27,1.4865012168884277
19786,29,1.6771185398101807
19787,26,1.3355746269226074
19788,30,1.7530996799468994
19789,29,1.715444564819336
19790,30,1.7429394721984863
19791,29,1.731121301651001
19792,30,1.7911832332611084
19793,24,1.0778613090515137
19794,30,1.743154764175415
19795,28,1.5741143226623535
19796,28,1.557849407196045
19797,29,1.7359299659729004
19798,24,1.0748708248138428
19799,28,1.587646722793579
19800,5,-2.1939656734466553
19801,4,-2.340792179107666
19802,24,1.111534595489502
19803,3,-2.56809401512146
19804,28,1.5986318588256836
19805,30,1.7516567707061768
19806,28,1.6123149394989014
19807,21,0.604381799697876
19808,28,1.5853369235992432
19809,30,1.7385945320129395
19810,27,1.508692979812622
19811,29,1.6782889366149902
19812,4,-2.3710200786590576
19813,24,1.0189146995544434
19814,3,-2.5567026138305664
19815,28,1.590592861175537
19816,24,1.0924012660980225
19817,28,1.5624282360076904
19818,12,-1.085759162902832
19819,2,-2.6522464752197266
19820,24,1.084338665008545
19821,29,1.7337241172790527
19822,1,-2.762974262237549
19823,28,1.5809738636016846
19824,28,1.6169116497039795
19825,30,1.7715330123901367
19826,28,1.6088130474090576
19827,29,1.7009978294372559
19828,28,1.5789680480957031
19829,12,-1.0922956466674805
19830,28,1.5889863967895508
19831,28,1.5345561504364014
19832,29,1.6819429397583008
19833,28,1.5686862468719482
19834,25,1.1844964027404785
19835,28,1.6143381595611572
19836,29,1.6411283016204834
19837,30,1.740523338317871
19838,29,1.7341585159301758
19839,27,1.5238621234893799
19840,2,-2.670471429824829
19841,28,1.5794808864593506
19842,28,1.6349036693572998
19843,28,1.6103708744049072
19844,24,1.0968034267425537
19845,24,1.1385793685913086
19846,4,-2.342918872833252
19847,28,1.5523920059204102
19848,28,1.5321106910705566
19849,30,1.7960238456726074
19850,3,-2.527280330657959
19851,28,1.6023077964782715
19852,28,1.562314510345459
19853,28,1.6179978847503662
19854,28,1.631286859512329
19855,30,1.7657949924468994
19856,24,1.0858325958251953
19857,2,-2.7005746364593506
19858,26,1.3084068298339844
19859,2,-2.7092912197113037
19860,27,1.4982779026031494
19861,28,1.6070318222045898
19862,25,1.1554419994354248
19863,25,1.2112212181091309
19864,24,1.0737626552581787
19865,30,1.7817931175231934
19866,24,1.0551323890686035
19867,25,1.199800968170166
19868,28,1.604151725769043
19869,28,1.5951883792877197
19870,27,1.4422225952148438
19871,29,1.7299678325653076
19872,30,1.7628974914550781
19873,30,1.7378497123718262
19874,29,1.7156436443328857
19875,28,1.593543529510498
19876,24,1.0708351135253906
19877,29,1.7337102890014648
19878,30,1.7858960628509521
19879,29,1.6937730312347412
19880,4,-2.3330698013305664
19881,24,1.115900993347168
19882,29,1.7309486865997314
19883,30,1.8000843524932861
19884,30,1.7987682819366455
19885,30,1.7453129291534424
19886,28,1.6131951808929443
19887,29,1.7352418899536133
19888,24,1.1033306121826172
19889,29,1.734050989151001
19890,27,1.4711499214172363
19891,6,-1.9796335697174072
19892,28,1.6063225269317627
19893,29,1.7179858684539795
19894,25,1.1476192474365234
19895,28,1.6003193855285645
19896,25,1.1499361991882324
19897,29,1.7241437435150146
19898,24,1.0827054977416992
19899,28,1.589662790298462
19900,20,0.41614842414855957
19901,28,1.5740997791290283
19902,2,-2.680053234100342
19903,24,1.008434772491455
19904,28,1.6083152294158936
19905,25,1.1420481204986572
19906,24,1.115804672241211
19907,24,1.0048508644104004
19908,30,1.8003613948822021
19909,30,1.7511169910430908
19910,28,1.5819954872131348
19911,28,1.601240634918213
19912,30,1.7491865158081055
19913,2,-2.579545021057129
19914,25,1.1602427959442139
19915,28,1.5606529712677002
19916,28,1.6153168678283691
19917,30,1.7813124656677246
19918,28,1.590799331665039
19919,25,1.1478145122528076
19920,29,1.648362636566162
19921,30,1.7445006370544434
19922,29,1.733910083770752
19923,28,1.5590598583221436
19924,28,1.5861461162567139
19925,24,1.1173107624053955
19926,28,1.5559005737304688
19927,3,-2.4822781085968018
19928,20,0.3468160629272461
19929,24,1.1159424781799316
19930,24,1.1248469352722168
19931,30,1.7562365531921387
19932,13,-0.9321520924568176
19933,25,1.1512584686279297
19934,2,-2.731417179107666
19935,29,1.7333450317382812
19936,25,1.168929100036621
19937,30,1.7633304595947266
19938,30,1.7939338684082031
19939,29,1.6765532493591309
19940,30,1.764596700668335
19941,8,-1.7651481628417969
19942,30,1.7382521629333496
19943,26,1.3883497714996338
19944,25,1.2339470386505127
19945,28,1.5824944972991943
19946,29,1.7295749187469482
19947,28,1.5973925590515137
19948,28,1.6138319969177246
19949,25,1.1912806034088135
19950,27,1.5030372142791748
19951,28,1.608769416809082
19952,30,1.7395539283752441
19953,30,1.795013427734375
19954,29,1.7332708835601807
19955,7,-1.9029650688171387
19956,30,1.7436559200286865
19957,25,1.1580255031585693
19958,30,1.7496118545532227
19959,30,1.7561960220336914
19960,29,1.6429061889648438
19961,25,1.1486127376556396
19962,28,1.603226900100708
19963,29,1.733851671218872
19964,30,1.7383997440338135
19965,5,-2.1030168533325195
19966,30,1.7989673614501953
19967,23,0.872211217880249
19968,3,-2.4860925674438477
19969,28,1.6148016452789307
19970,30,1.7460618019104004
19971,25,1.172347068786621
19972,30,1.7466490268707275
19973,28,1.6094787120819092
19974,30,1.7579636573791504
19975,28,1.6130120754241943
19976,28,1.623661994934082
19977,1,-2.7648215293884277
19978,25,1.2403929233551025
19979,28,1.6148076057434082
19980,29,1.733635425567627
19981,30,1.742170810699463
19982,12,-1.060654878616333
19983,25,1.1792020797729492
19984,24,1.097883939743042
19985,28,1.6182477474212646
19986,16,-0.40978360176086426
19987,28,1.5956127643585205
19988,1,-2.7553024291992188
19989,8,-1.6360721588134766
19990,5,-2.175745964050293
19991,25,1.1479196548461914
19992,28,1.595421552658081
19993,30,1.7974305152893066
19994,30,1.7941131591796875
19995,29,1.7313482761383057
19996,28,1.634028434753418
19997,25,1.2465076446533203
19998,30,1.753223180770874
19999,28,1.6097724437713623
