sequence_row,prediction_bin,surrogate_prediction
0,3,-1.9928193092346191
1,1,-2.780001640319824
2,1,-2.818079948425293
3,1,-2.839561939239502
4,1,-2.803149461746216
5,1,-2.788691997528076
6,1,-2.833151340484619
7,5,-1.1943750381469727
8,1,-2.7969112396240234
9,1,-2.8236870765686035
10,2,-2.5992095470428467
11,1,-2.8059022426605225
12,1,-2.7350540161132812
13,1,-2.838820695877075
14,1,-2.723862886428833
15,2,-2.3462703227996826
16,6,-0.9477170705795288
17,12,0.27604037523269653
18,11,0.05846220254898071
19,1,-2.8415849208831787
20,2,-2.5302700996398926
21,3,-1.915360927581787
22,2,-2.3165383338928223
23,2,-2.3055107593536377
24,8,-0.47829359769821167
25,1,-2.737110137939453
26,5,-1.436619520187378
27,1,-2.6965630054473877
28,1,-2.819891929626465
29,1,-2.824209451675415
30,1,-2.743640184402466
31,10,-0.06726419925689697
32,1,-2.701460361480713
33,4,-1.5163661241531372
34,10,-0.1262357234954834
35,2,-2.369868278503418
36,1,-2.8375191688537598
37,3,-2.061990261077881
38,1,-2.831150770187378
39,3,-2.003836154937744
40,5,-1.379886269569397
41,1,-2.8194403648376465
42,1,-2.8401150703430176
43,5,-1.1617565155029297
44,1,-2.797720193862915
45,6,-1.0353481769561768
46,1,-2.8239896297454834
47,1,-2.819218635559082
48,1,-2.7501461505889893
49,1,-2.8411011695861816
50,3,-2.0641510486602783
51,2,-2.6336162090301514
52,3,-1.852949857711792
53,1,-2.8394627571105957
54,3,-2.2821850776672363
55,1,-2.8418121337890625
56,3,-1.9855685234069824
57,1,-2.7944581508636475
58,1,-2.8430936336517334
59,1,-2.8387503623962402
60,1,-2.7841391563415527
61,1,-2.8031623363494873
62,1,-2.7024481296539307
63,1,-2.7574877738952637
64,1,-2.8434205055236816
65,1,-2.782870292663574
66,1,-2.8429269790649414
67,2,-2.6284050941467285
68,1,-2.841726064682007
69,1,-2.8421382904052734
70,1,-2.7871854305267334
71,10,-0.04166501760482788
72,2,-2.3837215900421143
73,5,-1.3509984016418457
74,2,-2.6309890747070312
75,1,-2.8433549404144287
76,2,-2.5918214321136475
77,1,-2.763258695602417
78,1,-2.744816780090332
79,1,-2.8362314701080322
80,2,-2.619821310043335
81,1,-2.7991156578063965
82,1,-2.828199625015259
83,5,-1.387622594833374
84,1,-2.757291793823242
85,1,-2.826223850250244
86,1,-2.836925745010376
87,9,-0.31210029125213623
88,1,-2.7192838191986084
89,7,-0.6303123235702515
90,4,-1.7427730560302734
91,1,-2.7565462589263916
92,1,-2.78969144821167
93,1,-2.8409297466278076
94,1,-2.824333906173706
95,2,-2.6061019897460938
96,1,-2.825436592102051
97,8,-0.4867683947086334
98,1,-2.8430817127227783
99,1,-2.7229068279266357
100,1,-2.7958502769470215
101,1,-2.8314731121063232
102,3,-2.123760223388672
103,1,-2.746877431869507
104,1,-2.77020001411438
105,3,-1.8977718353271484
106,1,-2.8350977897644043
107,1,-2.761678695678711
108,2,-2.3057353496551514
109,8,-0.5246390104293823
110,5,-1.1518464088439941
111,14,0.5646772980690002
112,2,-2.6100709438323975
113,1,-2.751915454864502
114,2,-2.6825778484344482
115,6,-0.9973350167274475
116,1,-2.7853517532348633
117,3,-2.2585930824279785
118,5,-1.2789024114608765
119,1,-2.813383102416992
120,3,-1.8713817596435547
121,1,-2.83499813079834
122,2,-2.6677615642547607
123,1,-2.8081047534942627
124,1,-2.8286592960357666
125,2,-2.6180813312530518
126,2,-2.649878740310669
127,3,-2.0511319637298584
128,1,-2.7645630836486816
129,8,-0.3988912105560303
130,8,-0.43471652269363403
131,2,-2.3706586360931396
132,4,-1.5554931163787842
133,1,-2.8354296684265137
134,5,-1.3820146322250366
135,1,-2.8412396907806396
136,1,-2.8427722454071045
137,2,-2.6357805728912354
138,3,-2.2727630138397217
139,2,-2.570181131362915
140,1,-2.759676218032837
141,1,-2.8078126907348633
142,2,-2.5070300102233887
143,1,-2.8365278244018555
144,1,-2.7325801849365234
145,1,-2.76994252204895
146,1,-2.811291456222534
147,15,0.6658894419670105
148,1,-2.7703464031219482
149,2,-2.51232647895813
150,1,-2.818493127822876
151,1,-2.8098628520965576
152,13,0.44495517015457153
153,1,-2.7151401042938232
154,1,-2.73296856880188
155,5,-1.3518987894058228
156,1,-2.8435399532318115
157,3,-2.183720350265503
158,1,-2.7707924842834473
159,1,-2.8396849632263184
160,1,-2.822632312774658
161,1,-2.772456169128418
162,2,-2.4425981044769287
163,3,-2.0448691844940186
164,2,-2.455310583114624
165,1,-2.816228151321411
166,15,0.614772379398346
167,1,-2.8287949562072754
168,1,-2.8052961826324463
169,1,-2.7618815898895264
170,1,-2.7932958602905273
171,2,-2.4396309852600098
172,1,-2.837205410003662
173,1,-2.8393242359161377
174,1,-2.7553210258483887
175,11,0.15395110845565796
176,8,-0.5626814961433411
177,2,-2.6605043411254883
178,1,-2.703092575073242
179,2,-2.5377702713012695
180,21,1.2131338119506836
181,2,-2.48073673248291
182,10,0.01291954517364502
183,5,-1.2351858615875244
184,2,-2.4942359924316406
185,1,-2.8338348865509033
186,18,0.984757125377655
187,2,-2.4133920669555664
188,2,-2.6123194694519043
189,27,1.5061266422271729
190,1,-2.8063180446624756
191,1,-2.7975997924804688
192,1,-2.7421419620513916
193,1,-2.7661073207855225
194,1,-2.790560722351074
195,1,-2.8005478382110596
196,2,-2.3310484886169434
197,1,-2.8274877071380615
198,4,-1.7312142848968506
199,2,-2.5104761123657227
200,1,-2.7425241470336914
201,1,-2.785764694213867
202,1,-2.7378222942352295
203,1,-2.6928677558898926
204,1,-2.839705228805542
205,1,-2.7086575031280518
206,2,-2.5747246742248535
207,1,-2.7089271545410156
208,13,0.3578494191169739
209,3,-2.228004217147827
210,10,-0.12678873538970947
211,2,-2.6653928756713867
212,1,-2.8115992546081543
213,6,-0.9553852081298828
214,1,-2.8034827709198
215,3,-2.13407301902771
216,2,-2.5452311038970947
217,2,-2.5270729064941406
218,1,-2.7308313846588135
219,1,-2.776292562484741
220,1,-2.8327529430389404
221,1,-2.7011284828186035
222,3,-2.050985813140869
223,1,-2.755263566970825
224,2,-2.3208444118499756
225,1,-2.8327770233154297
226,2,-2.665623664855957
227,1,-2.836719274520874
228,1,-2.819489002227783
229,2,-2.382469654083252
230,3,-2.2596511840820312
231,1,-2.8294544219970703
232,3,-2.182797908782959
233,2,-2.6243832111358643
234,1,-2.8102941513061523
235,1,-2.788466453552246
236,1,-2.811908483505249
237,2,-2.4993815422058105
238,3,-2.081432580947876
239,3,-1.8334598541259766
240,1,-2.774717092514038
241,1,-2.8359830379486084
242,2,-2.3808367252349854
243,3,-2.2099056243896484
244,2,-2.5050532817840576
245,2,-2.582075595855713
246,2,-2.672828435897827
247,1,-2.751629114151001
248,1,-2.796785593032837
249,1,-2.779808759689331
250,1,-2.7408807277679443
251,3,-1.8957065343856812
252,1,-2.806013584136963
253,1,-2.8195979595184326
254,2,-2.36525297164917
255,2,-2.6133575439453125
256,1,-2.7997100353240967
257,2,-2.6107592582702637
258,2,-2.505734920501709
259,2,-2.555898666381836
260,2,-2.475478172302246
261,17,0.8499420285224915
262,2,-2.601349115371704
263,1,-2.7998862266540527
264,1,-2.830918550491333
265,1,-2.818070650100708
266,1,-2.7748477458953857
267,1,-2.757972240447998
268,2,-2.652937173843384
269,5,-1.2931174039840698
270,1,-2.7635209560394287
271,7,-0.6844933032989502
272,3,-1.9598073959350586
273,1,-2.843398332595825
274,24,1.3794200420379639
275,1,-2.839320182800293
276,2,-2.3409583568573
277,5,-1.34212327003479
278,2,-2.588291883468628
279,1,-2.7256999015808105
280,2,-2.453517436981201
281,2,-2.482822895050049
282,3,-2.1529150009155273
283,30,1.6069762706756592
284,1,-2.6996078491210938
285,2,-2.6495046615600586
286,1,-2.750272750854492
287,2,-2.4382596015930176
288,1,-2.752596378326416
289,1,-2.8417136669158936
290,2,-2.6560819149017334
291,15,0.6718084216117859
292,2,-2.6095612049102783
293,22,1.2784686088562012
294,1,-2.838416814804077
295,1,-2.807722330093384
296,1,-2.82173228263855
297,14,0.49503737688064575
298,2,-2.4933419227600098
299,21,1.2034568786621094
300,3,-1.9164012670516968
301,1,-2.7900092601776123
302,9,-0.30605632066726685
303,2,-2.60756516456604
304,1,-2.735945463180542
305,7,-0.8053469061851501
306,1,-2.835404396057129
307,1,-2.7596640586853027
308,5,-1.1351139545440674
309,1,-2.8195295333862305
310,5,-1.3828964233398438
311,2,-2.333329677581787
312,2,-2.593479633331299
313,29,1.5798721313476562
314,3,-2.0095558166503906
315,2,-2.6154849529266357
316,2,-2.4715218544006348
317,2,-2.6358866691589355
318,9,-0.2992643117904663
319,1,-2.7492709159851074
320,1,-2.779862403869629
321,2,-2.5491418838500977
322,1,-2.8042478561401367
323,5,-1.2206835746765137
324,2,-2.662691593170166
325,24,1.3701367378234863
326,2,-2.6112775802612305
327,11,0.092684805393219
328,1,-2.746649980545044
329,2,-2.318676710128784
330,1,-2.7836432456970215
331,14,0.5482140183448792
332,29,1.5986278057098389
333,2,-2.6848745346069336
334,2,-2.6476855278015137
335,1,-2.761617422103882
336,2,-2.648507833480835
337,1,-2.818082571029663
338,2,-2.6508607864379883
339,2,-2.501373529434204
340,3,-2.009979009628296
341,21,1.1685364246368408
342,1,-2.8129241466522217
343,1,-2.7986340522766113
344,4,-1.828810453414917
345,2,-2.357224464416504
346,20,1.1456153392791748
347,2,-2.5066142082214355
348,1,-2.7634425163269043
349,1,-2.794954776763916
350,1,-2.7836060523986816
351,2,-2.6895809173583984
352,2,-2.6681466102600098
353,10,-0.04289621114730835
354,3,-2.1547887325286865
355,1,-2.7534139156341553
356,9,-0.37302112579345703
357,3,-2.2566752433776855
358,3,-1.8408982753753662
359,1,-2.7952678203582764
360,1,-2.7845702171325684
361,3,-2.134706497192383
362,2,-2.690749406814575
363,1,-2.750638723373413
364,2,-2.53493070602417
365,3,-1.9818987846374512
366,4,-1.7246745824813843
367,2,-2.6527490615844727
368,1,-2.806709051132202
369,1,-2.698101043701172
370,4,-1.5407278537750244
371,3,-1.9816670417785645
372,2,-2.6896772384643555
373,2,-2.5048298835754395
374,1,-2.819495916366577
375,30,1.6126708984375
376,21,1.2067015171051025
377,2,-2.49777889251709
378,2,-2.5131919384002686
379,25,1.411090612411499
380,1,-2.8116016387939453
381,4,-1.4811427593231201
382,2,-2.667074203491211
383,14,0.5301387906074524
384,2,-2.6850621700286865
385,2,-2.6640946865081787
386,4,-1.729780673980713
387,1,-2.8120357990264893
388,1,-2.7759387493133545
389,2,-2.677053451538086
390,1,-2.791242837905884
391,1,-2.7466015815734863
392,2,-2.6361002922058105
393,14,0.517910897731781
394,1,-2.7500603199005127
395,1,-2.780858039855957
396,1,-2.7172958850860596
397,2,-2.5928971767425537
398,2,-2.3280954360961914
399,1,-2.7565219402313232
400,1,-2.839982509613037
401,2,-2.569706916809082
402,2,-2.5561108589172363
403,2,-2.3605570793151855
404,15,0.6257719397544861
405,1,-2.8320860862731934
406,1,-2.774777412414551
407,2,-2.5503180027008057
408,17,0.823870837688446
409,14,0.5247860550880432
410,2,-2.4532766342163086
411,3,-2.0248210430145264
412,14,0.5712220072746277
413,3,-2.080087661743164
414,21,1.183868408203125
415,1,-2.76637864112854
416,2,-2.6159541606903076
417,20,1.110691785812378
418,28,1.553086519241333
419,27,1.5224480628967285
420,2,-2.668916702270508
421,3,-2.155200481414795
422,9,-0.3490085005760193
423,2,-2.6813368797302246
424,1,-2.77013897895813
425,3,-2.1994290351867676
426,2,-2.313663959503174
427,2,-2.527357578277588
428,1,-2.831789016723633
429,1,-2.7584784030914307
430,5,-1.4368282556533813
431,13,0.45252853631973267
432,30,1.6077640056610107
433,2,-2.5877320766448975
434,23,1.3219103813171387
435,2,-2.3269031047821045
436,1,-2.709885597229004
437,2,-2.6479709148406982
438,4,-1.5047030448913574
439,1,-2.834744453430176
440,2,-2.35579514503479
441,1,-2.737185478210449
442,1,-2.7824673652648926
443,3,-2.2124502658843994
444,25,1.4458472728729248
445,2,-2.653916120529175
446,1,-2.711780548095703
447,3,-2.146442413330078
448,2,-2.6457338333129883
449,2,-2.5429463386535645
450,2,-2.484306812286377
451,2,-2.317394733428955
452,1,-2.8314170837402344
453,2,-2.629586935043335
454,1,-2.778268814086914
455,2,-2.5791590213775635
456,2,-2.5040087699890137
457,2,-2.555671215057373
458,1,-2.7438974380493164
459,19,1.0490548610687256
460,1,-2.748767375946045
461,1,-2.6936261653900146
462,2,-2.6169002056121826
463,4,-1.8061010837554932
464,1,-2.7698001861572266
465,3,-1.941993236541748
466,12,0.2960065007209778
467,2,-2.3557679653167725
468,1,-2.8256969451904297
469,1,-2.709031820297241
470,30,1.6023242473602295
471,3,-2.201500177383423
472,2,-2.5082428455352783
473,2,-2.5917181968688965
474,28,1.5572874546051025
475,1,-2.730638265609741
476,1,-2.788823127746582
477,2,-2.331404209136963
478,1,-2.7551703453063965
479,2,-2.621500015258789
480,23,1.2985191345214844
481,2,-2.3831465244293213
482,2,-2.661886215209961
483,23,1.3118901252746582
484,5,-1.437772274017334
485,29,1.59731125831604
486,2,-2.558257818222046
487,3,-2.1130306720733643
488,3,-2.2794744968414307
489,1,-2.7415921688079834
490,10,-0.11816084384918213
491,1,-2.6995275020599365
492,13,0.45421189069747925
493,16,0.795897901058197
494,2,-2.6866886615753174
495,6,-1.067261815071106
496,27,1.5316050052642822
497,1,-2.7806715965270996
498,1,-2.697666645050049
499,3,-2.1807806491851807
500,6,-1.0401347875595093
501,2,-2.676793098449707
502,2,-2.5545403957366943
503,1,-2.774977445602417
504,1,-2.694364070892334
505,4,-1.5677717924118042
506,2,-2.3201396465301514
507,3,-2.219442367553711
508,1,-2.7506322860717773
509,2,-2.6147022247314453
510,2,-2.679734945297241
511,2,-2.626460075378418
512,4,-1.4561127424240112
513,1,-2.8429641723632812
514,6,-1.109740138053894
515,1,-2.7967004776000977
516,1,-2.7273049354553223
517,5,-1.1746768951416016
518,4,-1.7682733535766602
519,1,-2.7122135162353516
520,22,1.285360336303711
521,3,-2.1553945541381836
522,2,-2.683756113052368
523,1,-2.7285754680633545
524,2,-2.6132144927978516
525,3,-1.948765516281128
526,2,-2.5942094326019287
527,2,-2.461258888244629
528,2,-2.3939809799194336
529,6,-1.0004428625106812
530,5,-1.1877102851867676
531,5,-1.4228200912475586
532,13,0.4418866038322449
533,2,-2.512399673461914
534,3,-2.2563905715942383
535,1,-2.806553363800049
536,4,-1.561851978302002
537,8,-0.41451871395111084
538,16,0.8009013533592224
539,13,0.42446810007095337
540,2,-2.4507484436035156
541,3,-2.1747944355010986
542,2,-2.468693971633911
543,1,-2.754297971725464
544,4,-1.8226368427276611
545,10,-0.10856133699417114
546,2,-2.6866893768310547
547,18,0.9584258198738098
548,2,-2.573251485824585
549,1,-2.8434336185455322
550,1,-2.8221256732940674
551,2,-2.3057589530944824
552,5,-1.4031977653503418
553,27,1.5045807361602783
554,4,-1.5386455059051514
555,24,1.3597805500030518
556,2,-2.4115703105926514
557,1,-2.769542932510376
558,3,-1.9722375869750977
559,2,-2.322899341583252
560,2,-2.5824360847473145
561,1,-2.803377389907837
562,7,-0.6338181495666504
563,3,-2.069114923477173
564,3,-1.9237847328186035
565,3,-1.898149013519287
566,2,-2.666349411010742
567,2,-2.4736437797546387
568,3,-2.2388293743133545
569,2,-2.532054901123047
570,2,-2.4302563667297363
571,26,1.4639291763305664
572,4,-1.8049565553665161
573,3,-2.0699117183685303
574,1,-2.730102300643921
575,3,-1.8589856624603271
576,30,1.6024179458618164
577,2,-2.512568235397339
578,29,1.5810539722442627
579,1,-2.7518539428710938
580,1,-2.7288978099823
581,8,-0.44471418857574463
582,9,-0.33808231353759766
583,16,0.7674937844276428
584,3,-2.0150787830352783
585,1,-2.7549004554748535
586,2,-2.3836519718170166
587,22,1.248598575592041
588,2,-2.636495351791382
589,2,-2.4345760345458984
590,8,-0.37596243619918823
591,4,-1.6456923484802246
592,2,-2.451756715774536
593,1,-2.714344024658203
594,1,-2.8116531372070312
595,2,-2.529888868331909
596,8,-0.38783353567123413
597,2,-2.607818365097046
598,1,-2.827301025390625
599,1,-2.752830743789673
600,2,-2.5828471183776855
601,1,-2.701035499572754
602,21,1.2102077007293701
603,1,-2.837156295776367
604,2,-2.644660472869873
605,6,-1.0457738637924194
606,27,1.5319125652313232
607,2,-2.4195361137390137
608,3,-2.145362615585327
609,2,-2.476438522338867
610,3,-2.1296935081481934
611,8,-0.4157867431640625
612,1,-2.7796688079833984
613,29,1.598010778427124
614,6,-0.9001191258430481
615,3,-2.1747004985809326
616,2,-2.57340407371521
617,29,1.591068983078003
618,3,-1.887293815612793
619,3,-1.8597071170806885
620,17,0.804373562335968
621,3,-2.2800967693328857
622,3,-1.952120065689087
623,2,-2.6807141304016113
624,3,-2.1551601886749268
625,2,-2.471071481704712
626,12,0.2889276146888733
627,12,0.2822290062904358
628,8,-0.542669415473938
629,3,-2.2021913528442383
630,3,-2.2760169506073
631,30,1.5998735427856445
632,14,0.48649948835372925
633,6,-1.0157158374786377
634,2,-2.6361501216888428
635,3,-1.845151424407959
636,2,-2.5207746028900146
637,2,-2.6353933811187744
638,6,-1.0567208528518677
639,3,-2.215317487716675
640,3,-1.9887428283691406
641,30,1.6100566387176514
642,4,-1.8038926124572754
643,3,-1.9874074459075928
644,1,-2.71222186088562
645,3,-2.125436782836914
646,3,-1.9378652572631836
647,2,-2.339439630508423
648,2,-2.4106733798980713
649,2,-2.5062131881713867
650,3,-2.179379463195801
651,2,-2.4152722358703613
652,6,-0.945550262928009
653,2,-2.368602752685547
654,1,-2.7912988662719727
655,2,-2.6822938919067383
656,3,-2.2006101608276367
657,5,-1.2118619680404663
658,2,-2.3311591148376465
659,21,1.1935360431671143
660,1,-2.717909812927246
661,2,-2.597188949584961
662,3,-2.2155978679656982
663,2,-2.6655266284942627
664,6,-0.9919860363006592
665,3,-1.9436736106872559
666,8,-0.524398922920227
667,2,-2.5336291790008545
668,5,-1.1865649223327637
669,25,1.436568021774292
670,2,-2.5840706825256348
671,18,0.9502431750297546
672,19,1.0456440448760986
673,2,-2.6755313873291016
674,2,-2.369081974029541
675,2,-2.580718755722046
676,4,-1.7707430124282837
677,1,-2.6949477195739746
678,6,-0.870526134967804
679,21,1.2185320854187012
680,4,-1.4944467544555664
681,27,1.521399736404419
682,1,-2.833378553390503
683,2,-2.4889378547668457
684,4,-1.5274989604949951
685,2,-2.413034439086914
686,5,-1.3886964321136475
687,3,-2.0712149143218994
688,1,-2.843430995941162
689,4,-1.659574270248413
690,3,-2.202256917953491
691,1,-2.788458824157715
692,3,-2.049224615097046
693,29,1.5744922161102295
694,3,-2.2955756187438965
695,2,-2.6044840812683105
696,3,-2.185246467590332
697,13,0.39312928915023804
698,3,-2.290642738342285
699,4,-1.7269772291183472
700,4,-1.8226251602172852
701,1,-2.7885141372680664
702,1,-2.7978620529174805
703,5,-1.3177244663238525
704,30,1.6090521812438965
705,4,-1.764631748199463
706,30,1.6116435527801514
707,2,-2.6548891067504883
708,1,-2.7952773571014404
709,1,-2.698377847671509
710,5,-1.3650308847427368
711,3,-1.8919041156768799
712,4,-1.778907299041748
713,2,-2.644057035446167
714,2,-2.5484704971313477
715,15,0.6818899512290955
716,3,-2.0047194957733154
717,1,-2.723759412765503
718,3,-2.232370138168335
719,1,-2.69582200050354
720,2,-2.6571004390716553
721,8,-0.5141683220863342
722,13,0.3942137360572815
723,2,-2.568131923675537
724,2,-2.429373264312744
725,2,-2.609992504119873
726,3,-2.1030852794647217
727,2,-2.6268043518066406
728,4,-1.6165220737457275
729,5,-1.1915596723556519
730,5,-1.2998453378677368
731,8,-0.5956165790557861
732,8,-0.5766587257385254
733,2,-2.567803382873535
734,1,-2.72121000289917
735,2,-2.366715431213379
736,2,-2.355318307876587
737,2,-2.5250906944274902
738,3,-2.191079616546631
739,3,-1.932366132736206
740,28,1.5623219013214111
741,2,-2.6516852378845215
742,2,-2.4256231784820557
743,2,-2.619441032409668
744,2,-2.4979186058044434
745,9,-0.27693235874176025
746,2,-2.3641600608825684
747,5,-1.1829136610031128
748,2,-2.380852222442627
749,25,1.4343130588531494
750,1,-2.722998857498169
751,2,-2.62272310256958
752,4,-1.6982746124267578
753,2,-2.611541509628296
754,2,-2.420546293258667
755,1,-2.7058072090148926
756,3,-2.1776881217956543
757,1,-2.704373836517334
758,3,-1.84895658493042
759,4,-1.6234664916992188
760,2,-2.375368118286133
761,5,-1.321765422821045
762,2,-2.3792471885681152
763,2,-2.5635852813720703
764,3,-2.1887366771698
765,2,-2.6140122413635254
766,3,-1.8481647968292236
767,7,-0.8208901286125183
768,2,-2.623366117477417
769,3,-1.867321252822876
770,3,-2.2375683784484863
771,14,0.5038427710533142
772,7,-0.8001647591590881
773,3,-2.049281597137451
774,2,-2.673480272293091
775,2,-2.3470988273620605
776,5,-1.4146347045898438
777,4,-1.8269323110580444
778,9,-0.19866156578063965
779,9,-0.1756020188331604
780,1,-2.801729917526245
781,9,-0.2776261568069458
782,2,-2.605518341064453
783,2,-2.4354214668273926
784,3,-2.132863759994507
785,2,-2.63226056098938
786,3,-2.2165324687957764
787,5,-1.44688081741333
788,1,-2.8026938438415527
789,3,-1.8540655374526978
790,1,-2.7212226390838623
791,4,-1.695958137512207
792,7,-0.6754536628723145
793,2,-2.4689736366271973
794,1,-2.8423845767974854
795,1,-2.796079158782959
796,4,-1.7437909841537476
797,4,-1.7971415519714355
798,10,-0.013409256935119629
799,3,-2.140796422958374
800,2,-2.5470173358917236
801,3,-2.020371913909912
802,2,-2.3526997566223145
803,4,-1.7250896692276
804,30,1.6101717948913574
805,3,-2.0189595222473145
806,7,-0.675360918045044
807,2,-2.6092047691345215
808,3,-1.9261358976364136
809,3,-2.093616247177124
810,3,-2.167776584625244
811,2,-2.3619332313537598
812,3,-1.8652671575546265
813,10,0.015067756175994873
814,3,-2.179607391357422
815,30,1.6094355583190918
816,6,-0.9665846824645996
817,3,-2.2966442108154297
818,1,-2.7200703620910645
819,2,-2.631873846054077
820,4,-1.6451873779296875
821,2,-2.6357014179229736
822,6,-0.8770894408226013
823,2,-2.6723368167877197
824,3,-1.9009969234466553
825,4,-1.5039863586425781
826,29,1.5846292972564697
827,2,-2.673025608062744
828,9,-0.3001818060874939
829,4,-1.6775033473968506
830,5,-1.2520420551300049
831,22,1.2399699687957764
832,2,-2.4342384338378906
833,2,-2.460965394973755
834,2,-2.4526336193084717
835,4,-1.7616164684295654
836,2,-2.6589818000793457
837,2,-2.5749146938323975
838,29,1.5873770713806152
839,1,-2.7859725952148438
840,14,0.5125574469566345
841,2,-2.6047122478485107
842,2,-2.507343053817749
843,2,-2.5474796295166016
844,2,-2.635627031326294
845,2,-2.376500368118286
846,13,0.3603619933128357
847,2,-2.601058006286621
848,5,-1.2799659967422485
849,6,-1.0264757871627808
850,2,-2.425274610519409
851,2,-2.6840009689331055
852,2,-2.4302258491516113
853,4,-1.8044127225875854
854,2,-2.3205666542053223
855,3,-2.2691807746887207
856,2,-2.641174793243408
857,6,-1.0314244031906128
858,2,-2.6005971431732178
859,4,-1.5254275798797607
860,2,-2.642764091491699
861,3,-2.2266364097595215
862,1,-2.7735865116119385
863,3,-2.2980713844299316
864,3,-2.038738250732422
865,3,-2.1135668754577637
866,7,-0.8044362664222717
867,1,-2.7698941230773926
868,4,-1.609710693359375
869,1,-2.765531063079834
870,1,-2.8362174034118652
871,27,1.523613691329956
872,2,-2.3739938735961914
873,2,-2.3668620586395264
874,2,-2.349435329437256
875,4,-1.6125595569610596
876,2,-2.4001569747924805
877,2,-2.635545253753662
878,3,-2.200495719909668
879,1,-2.7354588508605957
880,12,0.30402785539627075
881,3,-2.1490871906280518
882,1,-2.726367950439453
883,2,-2.5062639713287354
884,2,-2.611499309539795
885,3,-2.034675121307373
886,2,-2.6890339851379395
887,3,-2.2326831817626953
888,6,-1.0295720100402832
889,5,-1.3752784729003906
890,3,-2.0861008167266846
891,2,-2.5396499633789062
892,2,-2.6628291606903076
893,1,-2.775437355041504
894,2,-2.402735710144043
895,4,-1.6649816036224365
896,2,-2.62247896194458
897,5,-1.2045307159423828
898,2,-2.6825387477874756
899,2,-2.5766232013702393
900,2,-2.535815477371216
901,1,-2.84311580657959
902,3,-2.1200790405273438
903,12,0.1931738257408142
904,5,-1.263005256652832
905,2,-2.365711212158203
906,2,-2.4998245239257812
907,3,-2.138867139816284
908,4,-1.727499008178711
909,8,-0.39261454343795776
910,2,-2.5007338523864746
911,2,-2.30361008644104
912,4,-1.7942219972610474
913,2,-2.5123233795166016
914,2,-2.510010004043579
915,2,-2.5781939029693604
916,2,-2.4153711795806885
917,4,-1.6770398616790771
918,7,-0.6387349367141724
919,18,0.9060580134391785
920,5,-1.3233683109283447
921,1,-2.6972837448120117
922,8,-0.48963773250579834
923,19,0.9939659237861633
924,3,-2.1783809661865234
925,6,-0.8775978684425354
926,1,-2.701188802719116
927,4,-1.8212779760360718
928,23,1.3298625946044922
929,2,-2.550743579864502
930,2,-2.580883741378784
931,9,-0.34056806564331055
932,19,1.0278825759887695
933,5,-1.4096554517745972
934,2,-2.4996542930603027
935,2,-2.5592596530914307
936,5,-1.3367071151733398
937,1,-2.7802209854125977
938,2,-2.565640926361084
939,6,-1.1169356107711792
940,3,-2.2589566707611084
941,5,-1.3965892791748047
942,2,-2.4941632747650146
943,29,1.5902223587036133
944,2,-2.4627394676208496
945,3,-2.203317403793335
946,3,-2.201028347015381
947,3,-1.9964170455932617
948,14,0.5573977828025818
949,6,-1.102704405784607
950,3,-2.2685654163360596
951,3,-2.235306978225708
952,4,-1.4880459308624268
953,1,-2.8411176204681396
954,3,-1.9364537000656128
955,1,-2.8381388187408447
956,2,-2.4470088481903076
957,23,1.3476333618164062
958,9,-0.22194385528564453
959,2,-2.5150508880615234
960,2,-2.579002618789673
961,3,-2.0926175117492676
962,3,-2.1625611782073975
963,2,-2.6378469467163086
964,3,-2.1695735454559326
965,2,-2.660081148147583
966,2,-2.520747184753418
967,2,-2.562638998031616
968,7,-0.7656748294830322
969,4,-1.52571439743042
970,1,-2.703730344772339
971,3,-1.9178528785705566
972,23,1.3005390167236328
973,2,-2.650139331817627
974,5,-1.4191105365753174
975,3,-2.2400968074798584
976,2,-2.6393043994903564
977,2,-2.4664862155914307
978,16,0.7037524580955505
979,3,-2.2424557209014893
980,2,-2.5474698543548584
981,2,-2.4340555667877197
982,2,-2.498485565185547
983,2,-2.5095129013061523
984,18,0.9663597941398621
985,2,-2.468151569366455
986,16,0.7698145508766174
987,2,-2.6074180603027344
988,15,0.6473049521446228
989,1,-2.843266010284424
990,2,-2.470210552215576
991,18,0.913547694683075
992,22,1.237640142440796
993,2,-2.3220412731170654
994,2,-2.299722671508789
995,3,-1.9540600776672363
996,4,-1.6408119201660156
997,2,-2.471820116043091
998,2,-2.3315885066986084
999,9,-0.2910146713256836
1000,19,1.0021915435791016
1001,2,-2.496730327606201
1002,7,-0.7099944353103638
1003,4,-1.6614322662353516
1004,4,-1.6509592533111572
1005,2,-2.376204252243042
1006,1,-2.8354451656341553
1007,30,1.603365182876587
1008,8,-0.5126979947090149
1009,6,-0.9355148077011108
1010,2,-2.4239892959594727
1011,3,-2.270219326019287
1012,28,1.5540015697479248
1013,7,-0.6359504461288452
1014,30,1.6032512187957764
1015,2,-2.5430524349212646
1016,4,-1.6940759420394897
1017,3,-2.241119146347046
1018,4,-1.5382416248321533
1019,3,-1.956610918045044
1020,4,-1.7381024360656738
1021,3,-2.155973196029663
1022,2,-2.4267451763153076
1023,2,-2.6411187648773193
1024,3,-2.1388776302337646
1025,3,-2.1943602561950684
1026,5,-1.1694289445877075
1027,10,-0.12097817659378052
1028,2,-2.4905011653900146
1029,2,-2.543006181716919
1030,1,-2.8135955333709717
1031,9,-0.21932369470596313
1032,9,-0.20273041725158691
1033,3,-2.084320306777954
1034,4,-1.5654945373535156
1035,4,-1.6734883785247803
1036,4,-1.5452134609222412
1037,6,-1.0050575733184814
1038,2,-2.53755521774292
1039,25,1.4425249099731445
1040,3,-2.146115779876709
1041,3,-2.009462594985962
1042,7,-0.6714971661567688
1043,8,-0.41845643520355225
1044,4,-1.5257329940795898
1045,1,-2.84137225151062
1046,5,-1.3910510540008545
1047,3,-2.171063184738159
1048,6,-1.0253055095672607
1049,3,-2.2351882457733154
1050,2,-2.4010214805603027
1051,3,-2.028465986251831
1052,3,-2.294853448867798
1053,2,-2.6904022693634033
1054,4,-1.8167529106140137
1055,2,-2.4661262035369873
1056,3,-1.9170043468475342
1057,1,-2.8217720985412598
1058,4,-1.543498158454895
1059,2,-2.457655906677246
1060,2,-2.4814534187316895
1061,3,-1.8431966304779053
1062,4,-1.5207548141479492
1063,2,-2.538381338119507
1064,27,1.537872314453125
1065,2,-2.583784341812134
1066,2,-2.6292202472686768
1067,4,-1.5060681104660034
1068,3,-1.8587367534637451
1069,7,-0.6004009246826172
1070,25,1.4204885959625244
1071,7,-0.6154384613037109
1072,17,0.8222289681434631
1073,2,-2.480853796005249
1074,2,-2.6243772506713867
1075,2,-2.6051185131073
1076,4,-1.726302981376648
1077,18,0.9396676421165466
1078,9,-0.2840622067451477
1079,2,-2.5256311893463135
1080,6,-1.1036169528961182
1081,2,-2.379606246948242
1082,2,-2.430474281311035
1083,6,-1.132112979888916
1084,5,-1.2048428058624268
1085,23,1.3354077339172363
1086,2,-2.612668037414551
1087,3,-1.9995827674865723
1088,29,1.5809199810028076
1089,7,-0.7895530462265015
1090,3,-2.1330947875976562
1091,2,-2.479307174682617
1092,4,-1.4768050909042358
1093,1,-2.778433322906494
1094,2,-2.4886860847473145
1095,2,-2.4426140785217285
1096,3,-2.2259554862976074
1097,1,-2.7493457794189453
1098,4,-1.8010921478271484
1099,21,1.1920289993286133
1100,30,1.6017735004425049
1101,12,0.2071494460105896
1102,2,-2.3968899250030518
1103,2,-2.496419906616211
1104,5,-1.248885154724121
1105,3,-2.289153575897217
1106,16,0.7962248921394348
1107,4,-1.6066808700561523
1108,6,-0.9968593120574951
1109,7,-0.8351537585258484
1110,26,1.4695403575897217
1111,3,-2.0370442867279053
1112,28,1.5537898540496826
1113,6,-0.8996728658676147
1114,2,-2.514202356338501
1115,5,-1.3152859210968018
1116,4,-1.76131272315979
1117,5,-1.3521713018417358
1118,5,-1.221389889717102
1119,6,-0.8599327802658081
1120,2,-2.551758289337158
1121,1,-2.7252800464630127
1122,7,-0.647331953048706
1123,1,-2.6952054500579834
1124,17,0.8595383763313293
1125,2,-2.575331449508667
1126,2,-2.5105843544006348
1127,5,-1.2217915058135986
1128,4,-1.6307995319366455
1129,8,-0.5967026948928833
1130,2,-2.5636844635009766
1131,4,-1.6427844762802124
1132,3,-1.9775545597076416
1133,15,0.6817710995674133
1134,2,-2.461381435394287
1135,5,-1.3012455701828003
1136,9,-0.27191299200057983
1137,3,-1.9085354804992676
1138,4,-1.7079731225967407
1139,4,-1.749027967453003
1140,25,1.4561200141906738
1141,2,-2.5054590702056885
1142,6,-0.8661596775054932
1143,9,-0.2941279411315918
1144,2,-2.6723501682281494
1145,3,-2.209721326828003
1146,28,1.5457313060760498
1147,10,-0.021845757961273193
1148,5,-1.4139678478240967
1149,23,1.3215970993041992
1150,3,-2.05420184135437
1151,2,-2.4806106090545654
1152,4,-1.7392096519470215
1153,6,-1.0737801790237427
1154,2,-2.568512201309204
1155,3,-2.034001111984253
1156,2,-2.5252010822296143
1157,5,-1.2068604230880737
1158,4,-1.5391407012939453
1159,7,-0.7830634117126465
1160,4,-1.733205795288086
1161,9,-0.22624188661575317
1162,5,-1.2369284629821777
1163,4,-1.556272268295288
1164,5,-1.3907086849212646
1165,2,-2.554847478866577
1166,2,-2.4092495441436768
1167,28,1.555191993713379
1168,12,0.20681196451187134
1169,3,-2.037726402282715
1170,10,-0.04069000482559204
1171,4,-1.769871473312378
1172,2,-2.6825733184814453
1173,22,1.268888235092163
1174,4,-1.5486490726470947
1175,4,-1.5921239852905273
1176,2,-2.447439193725586
1177,5,-1.2856801748275757
1178,2,-2.3097288608551025
1179,1,-2.705092191696167
1180,3,-1.8956279754638672
1181,10,-0.1704314947128296
1182,2,-2.5034165382385254
1183,4,-1.8149583339691162
1184,4,-1.463626503944397
1185,2,-2.6795058250427246
1186,15,0.6093148589134216
1187,2,-2.433659315109253
1188,11,0.114979088306427
1189,3,-2.1981077194213867
1190,1,-2.7904224395751953
1191,2,-2.527369260787964
1192,3,-1.8396661281585693
1193,28,1.5468106269836426
1194,5,-1.2818429470062256
1195,11,0.0654030442237854
1196,2,-2.5512096881866455
1197,10,-0.04267972707748413
1198,3,-2.0836434364318848
1199,6,-0.8830088376998901
1200,1,-2.8421285152435303
1201,4,-1.6759965419769287
1202,2,-2.429326295852661
1203,5,-1.1650534868240356
1204,2,-2.298818588256836
1205,4,-1.6690945625305176
1206,3,-2.279144287109375
1207,29,1.5947749614715576
1208,8,-0.5564953088760376
1209,1,-2.8313674926757812
1210,2,-2.6433637142181396
1211,20,1.144622802734375
1212,4,-1.5866104364395142
1213,2,-2.310882806777954
1214,4,-1.5365490913391113
1215,26,1.4997670650482178
1216,5,-1.4174244403839111
1217,18,0.9056152701377869
1218,2,-2.6399459838867188
1219,16,0.699522078037262
1220,11,0.0900924801826477
1221,3,-2.0008182525634766
1222,1,-2.8148763179779053
1223,4,-1.600214958190918
1224,5,-1.1810321807861328
1225,3,-2.203096628189087
1226,6,-1.1162242889404297
1227,4,-1.7673487663269043
1228,28,1.557192087173462
1229,7,-0.8124992847442627
1230,28,1.5636670589447021
1231,3,-2.063643217086792
1232,2,-2.6892611980438232
1233,2,-2.4904837608337402
1234,4,-1.5238834619522095
1235,12,0.19990533590316772
1236,11,0.026484668254852295
1237,3,-2.153296947479248
1238,3,-2.088418483734131
1239,1,-2.770352363586426
1240,2,-2.4525253772735596
1241,3,-2.077418327331543
1242,3,-2.0007529258728027
1243,2,-2.331857204437256
1244,4,-1.5864520072937012
1245,29,1.576899528503418
1246,7,-0.7445151805877686
1247,11,0.048608362674713135
1248,7,-0.7106826901435852
1249,4,-1.5640878677368164
1250,6,-0.8793256282806396
1251,18,0.906608521938324
1252,3,-2.264432668685913
1253,1,-2.6978044509887695
1254,18,0.9061703085899353
1255,5,-1.343224048614502
1256,30,1.6126115322113037
1257,2,-2.4745659828186035
1258,5,-1.4102333784103394
1259,5,-1.2127125263214111
1260,3,-2.1207306385040283
1261,3,-2.018946647644043
1262,3,-2.0693511962890625
1263,2,-2.457223653793335
1264,2,-2.328165054321289
1265,8,-0.5700950622558594
1266,11,0.18552559614181519
1267,3,-2.003377676010132
1268,15,0.6168455481529236
1269,7,-0.7063935399055481
1270,2,-2.5674819946289062
1271,3,-2.220463514328003
1272,10,0.009877920150756836
1273,8,-0.5859675407409668
1274,2,-2.579928398132324
1275,2,-2.4509267807006836
1276,6,-0.9973393082618713
1277,3,-2.1395609378814697
1278,5,-1.3652293682098389
1279,1,-2.842987537384033
1280,3,-2.180614948272705
1281,29,1.5949313640594482
1282,5,-1.1875613927841187
1283,7,-0.6693447828292847
1284,7,-0.8208503127098083
1285,2,-2.3721015453338623
1286,9,-0.3281474709510803
1287,24,1.4021525382995605
1288,12,0.2085455060005188
1289,2,-2.5718321800231934
1290,4,-1.7371776103973389
1291,3,-1.9724712371826172
1292,21,1.224613904953003
1293,1,-2.7141025066375732
1294,3,-1.9940555095672607
1295,18,0.9805970788002014
1296,7,-0.6166452169418335
1297,3,-2.1899302005767822
1298,2,-2.3934810161590576
1299,4,-1.6349339485168457
1300,2,-2.6165199279785156
1301,3,-2.263017416000366
1302,3,-2.039039134979248
1303,27,1.523946762084961
1304,2,-2.5482163429260254
1305,2,-2.4187633991241455
1306,2,-2.3900458812713623
1307,11,0.10022777318954468
1308,5,-1.390672206878662
1309,4,-1.7620248794555664
1310,3,-1.834168791770935
1311,28,1.551112413406372
1312,6,-1.1099516153335571
1313,3,-2.1705312728881836
1314,2,-2.3756372928619385
1315,5,-1.3092948198318481
1316,3,-1.9137132167816162
1317,3,-1.8979548215866089
1318,22,1.2446508407592773
1319,4,-1.7561089992523193
1320,25,1.4239614009857178
1321,7,-0.832310676574707
1322,7,-0.789639413356781
1323,6,-0.8803887963294983
1324,9,-0.17809009552001953
1325,3,-1.904885172843933
1326,22,1.256314992904663
1327,3,-2.142448902130127
1328,2,-2.568480968475342
1329,1,-2.705655574798584
1330,5,-1.426702857017517
1331,2,-2.3882265090942383
1332,3,-2.2696986198425293
1333,6,-0.9059612154960632
1334,2,-2.3985304832458496
1335,10,-0.04494583606719971
1336,2,-2.4496102333068848
1337,5,-1.3953551054000854
1338,5,-1.355008602142334
1339,27,1.5418214797973633
1340,15,0.6855280995368958
1341,9,-0.36986643075942993
1342,19,1.0229246616363525
1343,7,-0.7422047257423401
1344,12,0.23890739679336548
1345,4,-1.576550006866455
1346,4,-1.8323214054107666
1347,5,-1.3370604515075684
1348,2,-2.3865551948547363
1349,6,-0.8597272634506226
1350,2,-2.392889976501465
1351,4,-1.6748812198638916
1352,9,-0.2780020833015442
1353,2,-2.3824148178100586
1354,9,-0.31460773944854736
1355,19,1.0311801433563232
1356,2,-2.4546077251434326
1357,3,-2.098170042037964
1358,29,1.586303949356079
1359,25,1.4367592334747314
1360,2,-2.4220871925354004
1361,1,-2.825762987136841
1362,2,-2.46919846534729
1363,5,-1.2732768058776855
1364,1,-2.790797710418701
1365,7,-0.8093777894973755
1366,25,1.4076533317565918
1367,15,0.6596776843070984
1368,2,-2.427408456802368
1369,7,-0.6684408187866211
1370,9,-0.31568074226379395
1371,2,-2.5754623413085938
1372,4,-1.7759795188903809
1373,5,-1.213259220123291
1374,5,-1.1928154230117798
1375,4,-1.609781265258789
1376,4,-1.6810648441314697
1377,3,-2.0538980960845947
1378,2,-2.4276695251464844
1379,2,-2.3490240573883057
1380,5,-1.3397679328918457
1381,25,1.4393277168273926
1382,3,-2.1345508098602295
1383,4,-1.7276350259780884
1384,4,-1.6310539245605469
1385,5,-1.3473283052444458
1386,3,-2.2714827060699463
1387,24,1.396085262298584
1388,1,-2.6963868141174316
1389,2,-2.415264844894409
1390,4,-1.4900875091552734
1391,17,0.8137688040733337
1392,2,-2.330296039581299
1393,9,-0.35031944513320923
1394,3,-1.9997961521148682
1395,3,-2.2393856048583984
1396,15,0.6138184666633606
1397,5,-1.2993426322937012
1398,2,-2.3508236408233643
1399,7,-0.7270100116729736
1400,3,-2.19144868850708
1401,28,1.5568201541900635
1402,8,-0.43906575441360474
1403,6,-0.9921526312828064
1404,11,0.13608723878860474
1405,6,-0.8926080465316772
1406,16,0.802659809589386
1407,7,-0.7859770059585571
1408,2,-2.6390273571014404
1409,4,-1.5592241287231445
1410,27,1.5190911293029785
1411,2,-2.4804232120513916
1412,12,0.2915824055671692
1413,8,-0.5860772132873535
1414,2,-2.587026596069336
1415,11,0.09382981061935425
1416,11,0.04436135292053223
1417,4,-1.5687676668167114
1418,2,-2.3241262435913086
1419,13,0.4591643214225769
1420,18,0.9136303067207336
1421,8,-0.5478968620300293
1422,5,-1.4297804832458496
1423,9,-0.3600841760635376
1424,7,-0.6663612723350525
1425,27,1.514662265777588
1426,3,-2.0717647075653076
1427,3,-2.1209497451782227
1428,4,-1.700922966003418
1429,24,1.3744826316833496
1430,7,-0.7474877834320068
1431,2,-2.4477827548980713
1432,30,1.6077423095703125
1433,3,-2.043318271636963
1434,12,0.3128466010093689
1435,4,-1.6000933647155762
1436,4,-1.7276958227157593
1437,26,1.4778778553009033
1438,2,-2.3226730823516846
1439,4,-1.5527963638305664
1440,20,1.0751640796661377
1441,4,-1.5047965049743652
1442,13,0.42026036977767944
1443,6,-0.9000001549720764
1444,10,-0.1653881072998047
1445,9,-0.21017354726791382
1446,4,-1.7253024578094482
1447,5,-1.2931921482086182
1448,4,-1.8186798095703125
1449,6,-1.0334042310714722
1450,6,-0.8566077351570129
1451,23,1.3106229305267334
1452,2,-2.3251266479492188
1453,5,-1.1825616359710693
1454,3,-1.9608798027038574
1455,22,1.2731285095214844
1456,6,-1.0206650495529175
1457,11,0.018524527549743652
1458,1,-2.7956130504608154
1459,1,-2.780463695526123
1460,26,1.5029637813568115
1461,5,-1.2102258205413818
1462,6,-1.0530167818069458
1463,7,-0.8224294185638428
1464,1,-2.7969257831573486
1465,2,-2.4260571002960205
1466,4,-1.578141450881958
1467,4,-1.5234851837158203
1468,2,-2.384608745574951
1469,4,-1.4682457447052002
1470,4,-1.6782445907592773
1471,29,1.5798509120941162
1472,4,-1.6110831499099731
1473,7,-0.7858852744102478
1474,1,-2.779829978942871
1475,9,-0.17652636766433716
1476,2,-2.384629487991333
1477,4,-1.6220614910125732
1478,8,-0.45751580595970154
1479,3,-2.283937454223633
1480,9,-0.238905131816864
1481,7,-0.6675170660018921
1482,5,-1.3055131435394287
1483,4,-1.6540100574493408
1484,12,0.3118920922279358
1485,2,-2.6025168895721436
1486,2,-2.4066712856292725
1487,9,-0.27507615089416504
1488,2,-2.4541430473327637
1489,2,-2.3401782512664795
1490,29,1.5928254127502441
1491,29,1.5990631580352783
1492,2,-2.6645796298980713
1493,27,1.5200831890106201
1494,4,-1.6346397399902344
1495,10,-0.012853264808654785
1496,4,-1.8157880306243896
1497,2,-2.5633444786071777
1498,1,-2.7276499271392822
1499,3,-2.1281707286834717
1500,12,0.23063963651657104
1501,29,1.5762887001037598
1502,3,-1.9750468730926514
1503,2,-2.306283473968506
1504,17,0.875249445438385
1505,1,-2.693887710571289
1506,24,1.3626723289489746
1507,3,-2.235257387161255
1508,4,-1.8290793895721436
1509,2,-2.5135271549224854
1510,3,-2.2811741828918457
1511,27,1.528308629989624
1512,23,1.3022255897521973
1513,5,-1.4081988334655762
1514,9,-0.2562388777732849
1515,3,-2.0982985496520996
1516,13,0.36575549840927124
1517,5,-1.413632869720459
1518,3,-2.188288927078247
1519,4,-1.4923741817474365
1520,1,-2.8374063968658447
1521,4,-1.7169615030288696
1522,6,-0.8694566488265991
1523,2,-2.5975160598754883
1524,1,-2.808570384979248
1525,12,0.20058172941207886
1526,2,-2.3024561405181885
1527,10,-0.09051311016082764
1528,5,-1.3810968399047852
1529,3,-1.939619541168213
1530,2,-2.4290716648101807
1531,7,-0.8341552019119263
1532,6,-1.1245766878128052
1533,8,-0.42938536405563354
1534,8,-0.5680830478668213
1535,2,-2.491347074508667
1536,3,-2.2294116020202637
1537,30,1.607067346572876
1538,5,-1.1982402801513672
1539,7,-0.6024508476257324
1540,22,1.251908540725708
1541,23,1.3443281650543213
1542,5,-1.3275034427642822
1543,19,1.0331106185913086
1544,2,-2.505112409591675
1545,4,-1.7173861265182495
1546,3,-1.9407674074172974
1547,8,-0.5807487964630127
1548,3,-2.124361038208008
1549,2,-2.53130841255188
1550,29,1.5845882892608643
1551,4,-1.490261435508728
1552,3,-2.289781093597412
1553,3,-2.257915735244751
1554,5,-1.44887113571167
1555,8,-0.4057069420814514
1556,10,-0.03850758075714111
1557,2,-2.3051936626434326
1558,3,-2.1347568035125732
1559,4,-1.717188835144043
1560,2,-2.5113415718078613
1561,9,-0.20114827156066895
1562,27,1.5116167068481445
1563,14,0.5830778479576111
1564,29,1.5918889045715332
1565,3,-1.841293454170227
1566,1,-2.8189353942871094
1567,5,-1.2496578693389893
1568,3,-1.954028844833374
1569,4,-1.4714970588684082
1570,7,-0.6124167442321777
1571,4,-1.5887751579284668
1572,4,-1.5504536628723145
1573,7,-0.7954279184341431
1574,4,-1.6407328844070435
1575,2,-2.4487192630767822
1576,5,-1.449615478515625
1577,6,-1.0917350053787231
1578,3,-2.214768409729004
1579,12,0.24832743406295776
1580,2,-2.61914324760437
1581,2,-2.4607834815979004
1582,4,-1.5821356773376465
1583,30,1.6071813106536865
1584,6,-0.9984039068222046
1585,3,-2.186811923980713
1586,30,1.6017506122589111
1587,2,-2.3568973541259766
1588,3,-2.024468183517456
1589,3,-2.0239779949188232
1590,3,-2.26408314704895
1591,30,1.6011114120483398
1592,2,-2.5613651275634766
1593,4,-1.6946417093276978
1594,3,-2.0813567638397217
1595,2,-2.3790152072906494
1596,3,-1.9844613075256348
1597,28,1.5650053024291992
1598,8,-0.47295913100242615
1599,2,-2.3321847915649414
1600,29,1.5851786136627197
1601,12,0.22779971361160278
1602,2,-2.6800782680511475
1603,7,-0.8453972339630127
1604,11,0.1301901936531067
1605,3,-1.972874641418457
1606,8,-0.46472057700157166
1607,7,-0.7113790512084961
1608,5,-1.3820337057113647
1609,6,-0.9376010894775391
1610,4,-1.545414686203003
1611,27,1.530263900756836
1612,1,-2.7793376445770264
1613,4,-1.817539930343628
1614,6,-0.9990624785423279
1615,5,-1.292272925376892
1616,2,-2.486631155014038
1617,27,1.5045523643493652
1618,9,-0.2915149927139282
1619,12,0.2122998833656311
1620,10,-0.12066680192947388
1621,13,0.4380839467048645
1622,18,0.9176953434944153
1623,3,-2.102086305618286
1624,26,1.4737918376922607
1625,4,-1.6673171520233154
1626,2,-2.421980619430542
1627,10,-0.1315588355064392
1628,4,-1.662839651107788
1629,3,-2.0785329341888428
1630,4,-1.7068164348602295
1631,1,-2.7318530082702637
1632,1,-2.7756803035736084
1633,6,-0.9867696762084961
1634,7,-0.6238673329353333
1635,2,-2.328465461730957
1636,12,0.31785303354263306
1637,1,-2.765467882156372
1638,5,-1.2341128587722778
1639,2,-2.461088180541992
1640,5,-1.3957421779632568
1641,2,-2.359531879425049
1642,5,-1.1786727905273438
1643,5,-1.3226720094680786
1644,3,-2.059584617614746
1645,29,1.5849189758300781
1646,3,-2.2467944622039795
1647,12,0.23016637563705444
1648,4,-1.6859257221221924
1649,5,-1.4153244495391846
1650,1,-2.8137497901916504
1651,5,-1.393963098526001
1652,2,-2.405970573425293
1653,7,-0.8209566473960876
1654,9,-0.19905269145965576
1655,30,1.6142871379852295
1656,3,-1.8519706726074219
1657,10,-0.12314921617507935
1658,26,1.4902303218841553
1659,22,1.2402269840240479
1660,26,1.4769182205200195
1661,6,-1.061859369277954
1662,30,1.6140506267547607
1663,4,-1.7595162391662598
1664,4,-1.7473900318145752
1665,20,1.1025354862213135
1666,6,-0.8622887134552002
1667,30,1.602344036102295
1668,3,-1.8833606243133545
1669,4,-1.6959428787231445
1670,3,-1.9734487533569336
1671,2,-2.3580708503723145
1672,11,0.09643250703811646
1673,4,-1.7432355880737305
1674,4,-1.7562679052352905
1675,15,0.6771839261054993
1676,2,-2.3989880084991455
1677,9,-0.19964748620986938
1678,3,-2.178406000137329
1679,5,-1.2675983905792236
1680,5,-1.3320488929748535
1681,30,1.6144375801086426
1682,3,-2.114694833755493
1683,6,-0.9134041666984558
1684,2,-2.6534504890441895
1685,3,-2.227508068084717
1686,2,-2.47823429107666
1687,10,-0.04569435119628906
1688,4,-1.708544135093689
1689,2,-2.611732244491577
1690,8,-0.5542579889297485
1691,3,-1.9645793437957764
1692,27,1.537626028060913
1693,8,-0.406455397605896
1694,3,-1.9972527027130127
1695,2,-2.3960564136505127
1696,29,1.5880682468414307
1697,1,-2.7753567695617676
1698,6,-0.9007185101509094
1699,3,-2.28204083442688
1700,1,-2.8406221866607666
1701,23,1.347034215927124
1702,5,-1.3931653499603271
1703,4,-1.6630210876464844
1704,5,-1.1462730169296265
1705,6,-0.97145676612854
1706,3,-2.2781894207000732
1707,12,0.26710575819015503
1708,4,-1.808919906616211
1709,3,-2.12912654876709
1710,2,-2.335392713546753
1711,4,-1.6020020246505737
1712,27,1.520747423171997
1713,9,-0.23850136995315552
1714,10,0.013424217700958252
1715,28,1.5509941577911377
1716,3,-2.0213463306427
1717,1,-2.7643980979919434
1718,4,-1.5739259719848633
1719,1,-2.8095574378967285
1720,1,-2.8399243354797363
1721,1,-2.7402305603027344
1722,8,-0.4106568694114685
1723,10,-0.13807106018066406
1724,7,-0.7588366866111755
1725,15,0.6392058730125427
1726,3,-2.018805980682373
1727,4,-1.5125095844268799
1728,16,0.7025355696678162
1729,3,-1.8337504863739014
1730,7,-0.6134804487228394
1731,1,-2.841334104537964
1732,7,-0.6930602788925171
1733,4,-1.5882763862609863
1734,3,-2.0535826683044434
1735,3,-1.950662612915039
1736,2,-2.364487409591675
1737,10,-0.14080363512039185
1738,11,0.14416414499282837
1739,2,-2.3152222633361816
1740,1,-2.82674503326416
1741,4,-1.8155218362808228
1742,6,-0.8733164072036743
1743,4,-1.7777810096740723
1744,2,-2.6303634643554688
1745,10,-0.07799851894378662
1746,7,-0.6473890542984009
1747,7,-0.6787629127502441
1748,4,-1.6151823997497559
1749,13,0.4217042326927185
1750,11,0.0836600661277771
1751,20,1.1315748691558838
1752,6,-1.094447374343872
1753,4,-1.7380344867706299
1754,13,0.4531242251396179
1755,17,0.845919668674469
1756,1,-2.75010347366333
1757,12,0.2923200726509094
1758,3,-1.8359800577163696
1759,7,-0.846634030342102
1760,2,-2.335418939590454
1761,27,1.5159647464752197
1762,5,-1.1564165353775024
1763,2,-2.530015468597412
1764,3,-2.2567481994628906
1765,6,-0.9027923345565796
1766,7,-0.6134406328201294
1767,3,-2.1599972248077393
1768,3,-1.8376636505126953
1769,2,-2.3755550384521484
1770,2,-2.588747262954712
1771,1,-2.841773748397827
1772,27,1.5065643787384033
1773,7,-0.6519495248794556
1774,3,-2.20172119140625
1775,7,-0.7406424880027771
1776,2,-2.3490655422210693
1777,3,-2.1873714923858643
1778,3,-2.2261264324188232
1779,3,-2.1891980171203613
1780,28,1.553502082824707
1781,3,-1.9026142358779907
1782,5,-1.3365542888641357
1783,12,0.28090614080429077
1784,5,-1.2752760648727417
1785,6,-1.1340610980987549
1786,4,-1.5294427871704102
1787,5,-1.1923389434814453
1788,5,-1.3560439348220825
1789,2,-2.333650588989258
1790,5,-1.1887733936309814
1791,13,0.3818376660346985
1792,1,-2.8011622428894043
1793,9,-0.28669553995132446
1794,10,-0.12636852264404297
1795,3,-2.109529733657837
1796,7,-0.7871685028076172
1797,3,-2.1015408039093018
1798,2,-2.3419692516326904
1799,3,-2.0691235065460205
1800,3,-2.206437349319458
1801,18,0.9538750052452087
1802,24,1.3770506381988525
1803,3,-2.251314163208008
1804,10,-0.06628131866455078
1805,3,-2.226301431655884
1806,18,0.9295747876167297
1807,12,0.26750046014785767
1808,4,-1.679413080215454
1809,4,-1.740873098373413
1810,2,-2.3014559745788574
1811,1,-2.8434972763061523
1812,5,-1.3022544384002686
1813,4,-1.5829823017120361
1814,4,-1.6374887228012085
1815,1,-2.7828547954559326
1816,1,-2.843533992767334
1817,5,-1.3776278495788574
1818,17,0.8824220299720764
1819,30,1.6064276695251465
1820,5,-1.1893508434295654
1821,8,-0.5715678930282593
1822,1,-2.7756175994873047
1823,6,-0.9874957799911499
1824,28,1.55879807472229
1825,3,-1.9193472862243652
1826,12,0.3045918345451355
1827,2,-2.315868377685547
1828,5,-1.2364397048950195
1829,3,-2.13006329536438
1830,3,-2.1148574352264404
1831,25,1.4092292785644531
1832,13,0.3447663187980652
1833,5,-1.3568402528762817
1834,27,1.5239801406860352
1835,1,-2.693859815597534
1836,27,1.542630910873413
1837,2,-2.3754584789276123
1838,7,-0.7504432201385498
1839,24,1.3802247047424316
1840,4,-1.6423053741455078
1841,3,-2.040595054626465
1842,9,-0.3141520619392395
1843,3,-2.2939999103546143
1844,2,-2.41731595993042
1845,1,-2.8207244873046875
1846,27,1.5124385356903076
1847,2,-2.5432333946228027
1848,25,1.4359986782073975
1849,14,0.5479394793510437
1850,6,-1.0141255855560303
1851,8,-0.5722087621688843
1852,8,-0.3964077830314636
1853,9,-0.304157555103302
1854,1,-2.7874529361724854
1855,3,-2.22760009765625
1856,13,0.44589895009994507
1857,6,-1.0775902271270752
1858,4,-1.5697169303894043
1859,3,-1.9485588073730469
1860,3,-1.8444099426269531
1861,4,-1.4718180894851685
1862,10,-0.1449107527732849
1863,3,-2.24475359916687
1864,5,-1.4479717016220093
1865,3,-2.2028026580810547
1866,17,0.8741820454597473
1867,3,-2.1194605827331543
1868,2,-2.3565077781677246
1869,6,-0.8835530281066895
1870,6,-0.860237717628479
1871,28,1.5602834224700928
1872,10,-0.11455047130584717
1873,2,-2.3409509658813477
1874,9,-0.18311601877212524
1875,7,-0.7542511224746704
1876,7,-0.8068951964378357
1877,29,1.5805864334106445
1878,4,-1.7558588981628418
1879,3,-2.072436809539795
1880,7,-0.7300731539726257
1881,26,1.4709389209747314
1882,3,-2.197662353515625
1883,9,-0.2972450852394104
1884,3,-2.2284836769104004
1885,1,-2.8175623416900635
1886,6,-0.9793739914894104
1887,3,-1.8526804447174072
1888,5,-1.1894207000732422
1889,3,-2.1822502613067627
1890,8,-0.5892881155014038
1891,26,1.4622175693511963
1892,9,-0.17760807275772095
1893,5,-1.3584034442901611
1894,4,-1.4684479236602783
1895,16,0.7249012589454651
1896,9,-0.20433491468429565
1897,6,-1.0402272939682007
1898,11,0.1321144700050354
1899,3,-2.1951892375946045
1900,7,-0.8026661276817322
1901,4,-1.5107855796813965
1902,30,1.605264663696289
1903,18,0.926986038684845
1904,8,-0.4169387221336365
1905,3,-2.1809937953948975
1906,5,-1.3758585453033447
1907,4,-1.488098382949829
1908,1,-2.7758572101593018
1909,9,-0.3035117983818054
1910,9,-0.3403514623641968
1911,6,-0.899200975894928
1912,3,-2.1381354331970215
1913,6,-1.0046265125274658
1914,2,-2.5835602283477783
1915,10,-0.13098633289337158
1916,4,-1.702930212020874
1917,2,-2.3461720943450928
1918,7,-0.6580506563186646
1919,3,-1.9815137386322021
1920,3,-2.0048394203186035
1921,12,0.29298824071884155
1922,4,-1.666341781616211
1923,1,-2.7588281631469727
1924,13,0.34203702211380005
1925,5,-1.2653069496154785
1926,10,-0.05804556608200073
1927,1,-2.718952178955078
1928,12,0.29507237672805786
1929,2,-2.3122472763061523
1930,3,-2.2640268802642822
1931,16,0.7684629559516907
1932,1,-2.7736735343933105
1933,2,-2.5579476356506348
1934,3,-2.2661285400390625
1935,5,-1.2861557006835938
1936,3,-2.1757445335388184
1937,6,-0.8910895586013794
1938,2,-2.5760834217071533
1939,7,-0.7792478203773499
1940,1,-2.699007749557495
1941,5,-1.2548420429229736
1942,3,-1.856494426727295
1943,2,-2.3562254905700684
1944,2,-2.321044683456421
1945,3,-2.134474039077759
1946,7,-0.6549001336097717
1947,7,-0.6346733570098877
1948,3,-2.2691307067871094
1949,25,1.4080913066864014
1950,13,0.4632635712623596
1951,4,-1.459903597831726
1952,16,0.7420160174369812
1953,3,-1.879003643989563
1954,14,0.5822519659996033
1955,6,-0.9911331534385681
1956,4,-1.6266639232635498
1957,1,-2.7513015270233154
1958,3,-2.19626784324646
1959,30,1.6106929779052734
1960,3,-1.8361222743988037
1961,3,-2.2803235054016113
1962,5,-1.4012924432754517
1963,9,-0.3308253288269043
1964,14,0.4822748303413391
1965,6,-1.049511194229126
1966,10,-0.1657952070236206
1967,4,-1.47246253490448
1968,3,-2.1871345043182373
1969,2,-2.62528395652771
1970,5,-1.2332236766815186
1971,30,1.6108489036560059
1972,5,-1.426684021949768
1973,4,-1.662423849105835
1974,9,-0.2995135188102722
1975,2,-2.4415478706359863
1976,6,-0.9810570478439331
1977,14,0.4981028437614441
1978,6,-0.9133545756340027
1979,7,-0.8227469325065613
1980,8,-0.4278184771537781
1981,2,-2.520815849304199
1982,4,-1.6512848138809204
1983,4,-1.8055832386016846
1984,3,-1.9957122802734375
1985,4,-1.6105494499206543
1986,9,-0.29579997062683105
1987,4,-1.7579526901245117
1988,3,-2.274153709411621
1989,3,-2.1236681938171387
1990,9,-0.2565240263938904
1991,28,1.5459809303283691
1992,27,1.5257587432861328
1993,7,-0.7770493626594543
1994,8,-0.5309014320373535
1995,4,-1.5538135766983032
1996,3,-2.1093969345092773
1997,2,-2.299318552017212
1998,3,-1.8683433532714844
1999,2,-2.345308780670166
2000,11,0.06909245252609253
2001,3,-2.0706076622009277
2002,5,-1.3841142654418945
2003,11,0.09024828672409058
2004,10,0.003077864646911621
2005,26,1.4887175559997559
2006,2,-2.3989202976226807
2007,2,-2.519784688949585
2008,1,-2.787263870239258
2009,4,-1.8028998374938965
2010,1,-2.84313702583313
2011,6,-0.9276593923568726
2012,7,-0.7049562335014343
2013,12,0.31854182481765747
2014,3,-2.1970672607421875
2015,25,1.4281940460205078
2016,3,-2.259110450744629
2017,9,-0.2018585205078125
2018,24,1.3625411987304688
2019,3,-2.1824281215667725
2020,5,-1.3199851512908936
2021,11,0.12302535772323608
2022,5,-1.1530399322509766
2023,4,-1.527357578277588
2024,29,1.5833590030670166
2025,3,-2.1357264518737793
2026,5,-1.3599164485931396
2027,2,-2.6495323181152344
2028,3,-2.08536434173584
2029,3,-2.0595178604125977
2030,27,1.5189015865325928
2031,4,-1.8267484903335571
2032,4,-1.8010259866714478
2033,17,0.8258336186408997
2034,3,-2.051469087600708
2035,1,-2.7427010536193848
2036,3,-2.1369407176971436
2037,4,-1.6228008270263672
2038,17,0.8935968279838562
2039,8,-0.3755562901496887
2040,3,-1.9629576206207275
2041,3,-2.208481550216675
2042,26,1.4928996562957764
2043,2,-2.5905985832214355
2044,7,-0.821828305721283
2045,1,-2.8254988193511963
2046,3,-1.868026852607727
2047,3,-1.9983513355255127
2048,2,-2.361384630203247
2049,28,1.5527479648590088
2050,24,1.379305362701416
2051,6,-1.0900640487670898
2052,3,-2.1546578407287598
2053,3,-2.2552919387817383
2054,2,-2.602282762527466
2055,17,0.8624224066734314
2056,5,-1.4045132398605347
2057,7,-0.7923641204833984
2058,3,-2.074551820755005
2059,13,0.44268888235092163
2060,11,0.09613877534866333
2061,4,-1.6187481880187988
2062,27,1.5282251834869385
2063,3,-2.210933208465576
2064,5,-1.4264212846755981
2065,3,-2.093599557876587
2066,5,-1.4066036939620972
2067,5,-1.1565406322479248
2068,25,1.4568893909454346
2069,4,-1.8226879835128784
2070,2,-2.687722682952881
2071,4,-1.740767478942871
2072,18,0.9434189200401306
2073,3,-2.0570337772369385
2074,4,-1.5250732898712158
2075,4,-1.7304723262786865
2076,30,1.6123573780059814
2077,26,1.5023672580718994
2078,30,1.602726697921753
2079,13,0.3946121335029602
2080,6,-0.893982470035553
2081,3,-2.117321491241455
2082,4,-1.6603951454162598
2083,3,-2.048123598098755
2084,3,-2.1190524101257324
2085,7,-0.6015604138374329
2086,14,0.5324859023094177
2087,3,-2.134946346282959
2088,3,-2.0283827781677246
2089,5,-1.2410614490509033
2090,5,-1.3798456192016602
2091,11,0.15590327978134155
2092,6,-0.91678786277771
2093,3,-2.068542003631592
2094,5,-1.2519195079803467
2095,7,-0.8244521617889404
2096,3,-2.064375877380371
2097,27,1.5169274806976318
2098,5,-1.204599142074585
2099,9,-0.2253071665763855
2100,4,-1.692535161972046
2101,29,1.5996482372283936
2102,4,-1.591770887374878
2103,3,-2.176438331604004
2104,3,-2.098571538925171
2105,5,-1.359951138496399
2106,3,-2.2032124996185303
2107,2,-2.3028159141540527
2108,7,-0.6290761232376099
2109,15,0.6622690558433533
2110,16,0.8018937706947327
2111,10,0.002089262008666992
2112,3,-2.0574049949645996
2113,3,-1.9445180892944336
2114,3,-2.0946202278137207
2115,4,-1.6167786121368408
2116,26,1.487786054611206
2117,1,-2.798736333847046
2118,23,1.3482329845428467
2119,3,-2.2138373851776123
2120,30,1.6063988208770752
2121,3,-2.1128177642822266
2122,5,-1.3555914163589478
2123,5,-1.150483250617981
2124,3,-2.2476394176483154
2125,3,-2.2806434631347656
2126,6,-0.9716104865074158
2127,29,1.5897836685180664
2128,19,1.0654144287109375
2129,3,-2.279197931289673
2130,6,-1.0067936182022095
2131,3,-2.0172977447509766
2132,3,-2.15089750289917
2133,10,-0.1197812557220459
2134,3,-2.1480712890625
2135,5,-1.154989242553711
2136,5,-1.4122629165649414
2137,4,-1.7999756336212158
2138,3,-2.251168727874756
2139,2,-2.6816320419311523
2140,3,-2.0360453128814697
2141,8,-0.45810768008232117
2142,9,-0.24582499265670776
2143,5,-1.273646354675293
2144,19,1.0168678760528564
2145,19,0.9914533495903015
2146,3,-1.9153237342834473
2147,14,0.5291182398796082
2148,1,-2.7496402263641357
2149,3,-2.1273868083953857
2150,9,-0.33031153678894043
2151,3,-2.2465858459472656
2152,8,-0.4504915177822113
2153,3,-2.1429853439331055
2154,3,-2.1710479259490967
2155,17,0.8487825989723206
2156,11,0.13639503717422485
2157,5,-1.2074670791625977
2158,10,-0.044985055923461914
2159,4,-1.457141399383545
2160,15,0.6382772326469421
2161,26,1.4762649536132812
2162,7,-0.7979618906974792
2163,8,-0.41707944869995117
2164,29,1.5897479057312012
2165,1,-2.7671103477478027
2166,5,-1.284899115562439
2167,4,-1.6475505828857422
2168,3,-1.9680237770080566
2169,2,-2.4412004947662354
2170,3,-2.2817318439483643
2171,2,-2.3391048908233643
2172,3,-2.2852416038513184
2173,4,-1.7083169221878052
2174,4,-1.6034188270568848
2175,10,-0.1503809094429016
2176,9,-0.1793493628501892
2177,1,-2.752586603164673
2178,1,-2.8417091369628906
2179,6,-1.0125576257705688
2180,4,-1.475078821182251
2181,10,0.01477748155593872
2182,11,0.09229332208633423
2183,3,-1.9001145362854004
2184,3,-2.1757149696350098
2185,7,-0.8503608703613281
2186,1,-2.837651252746582
2187,6,-1.0811713933944702
2188,5,-1.2668932676315308
2189,12,0.3336864113807678
2190,3,-2.118271827697754
2191,3,-1.868561029434204
2192,5,-1.3254363536834717
2193,1,-2.841578722000122
2194,9,-0.2662290334701538
2195,4,-1.6563681364059448
2196,4,-1.7141926288604736
2197,4,-1.8049123287200928
2198,24,1.375272274017334
2199,6,-0.9876692295074463
2200,7,-0.8224459290504456
2201,4,-1.7397956848144531
2202,18,0.9252409338951111
2203,30,1.6052143573760986
2204,2,-2.4343318939208984
2205,7,-0.7393980622291565
2206,15,0.5890739560127258
2207,4,-1.6990547180175781
2208,9,-0.30883365869522095
2209,3,-1.9144092798233032
2210,9,-0.28783923387527466
2211,19,1.049353837966919
2212,4,-1.4978399276733398
2213,4,-1.5704777240753174
2214,9,-0.2192397117614746
2215,5,-1.2787096500396729
2216,2,-2.333740234375
2217,6,-1.0756548643112183
2218,3,-2.253415584564209
2219,9,-0.3541683554649353
2220,1,-2.7406117916107178
2221,9,-0.3094111680984497
2222,3,-2.1025259494781494
2223,2,-2.507290840148926
2224,27,1.525322675704956
2225,26,1.4659173488616943
2226,3,-2.2647969722747803
2227,4,-1.7626800537109375
2228,23,1.3389739990234375
2229,26,1.4616429805755615
2230,5,-1.3339605331420898
2231,15,0.6458995938301086
2232,6,-1.1266112327575684
2233,3,-2.121652603149414
2234,5,-1.283394694328308
2235,6,-1.111292839050293
2236,5,-1.39446222782135
2237,6,-0.9783312082290649
2238,19,1.065256118774414
2239,4,-1.7832167148590088
2240,9,-0.171733558177948
2241,2,-2.681551933288574
2242,14,0.5698469281196594
2243,7,-0.6854256987571716
2244,10,-0.16926389932632446
2245,6,-1.1119909286499023
2246,7,-0.7026382088661194
2247,4,-1.7615187168121338
2248,4,-1.7659614086151123
2249,16,0.7346240878105164
2250,9,-0.33786821365356445
2251,5,-1.3223695755004883
2252,6,-1.1101105213165283
2253,4,-1.460902214050293
2254,3,-2.1012136936187744
2255,6,-1.0967271327972412
2256,6,-1.0612449645996094
2257,8,-0.5218982696533203
2258,3,-2.0797643661499023
2259,3,-2.15543270111084
2260,4,-1.7666168212890625
2261,5,-1.391343355178833
2262,3,-2.195502758026123
2263,6,-1.1319518089294434
2264,21,1.165241003036499
2265,3,-2.192830801010132
2266,3,-2.2380194664001465
2267,4,-1.4550039768218994
2268,7,-0.8049728274345398
2269,4,-1.5319215059280396
2270,11,0.05792170763015747
2271,24,1.3858911991119385
2272,15,0.5909984707832336
2273,4,-1.6660826206207275
2274,3,-2.250437021255493
2275,3,-2.0534238815307617
2276,12,0.24076968431472778
2277,2,-2.4405314922332764
2278,4,-1.610987663269043
2279,2,-2.5904183387756348
2280,1,-2.8371076583862305
2281,3,-2.1483242511749268
2282,3,-2.182596445083618
2283,6,-1.1126465797424316
2284,13,0.3446384072303772
2285,5,-1.3633791208267212
2286,3,-2.183917284011841
2287,15,0.6719298958778381
2288,12,0.2694494128227234
2289,3,-2.1045148372650146
2290,24,1.392681360244751
2291,10,-0.006598353385925293
2292,9,-0.2908603549003601
2293,15,0.6588233113288879
2294,4,-1.5982334613800049
2295,27,1.5249240398406982
2296,2,-2.5603973865509033
2297,16,0.7439079880714417
2298,3,-2.2120466232299805
2299,9,-0.18525445461273193
2300,22,1.2847912311553955
2301,3,-1.9213274717330933
2302,27,1.506277084350586
2303,5,-1.4056005477905273
2304,8,-0.5168039798736572
2305,2,-2.468677043914795
2306,9,-0.23724251985549927
2307,9,-0.2533930540084839
2308,3,-2.105562925338745
2309,6,-0.9390177726745605
2310,7,-0.8467170596122742
2311,3,-2.0752298831939697
2312,6,-0.9455647468566895
2313,8,-0.3846438527107239
2314,3,-1.8357312679290771
2315,6,-0.9943720102310181
2316,1,-2.830843687057495
2317,2,-2.5160326957702637
2318,5,-1.2280139923095703
2319,10,-0.1334344744682312
2320,3,-2.1395111083984375
2321,7,-0.6663868427276611
2322,18,0.9422089457511902
2323,3,-2.17224383354187
2324,5,-1.2880158424377441
2325,4,-1.580757737159729
2326,22,1.2671144008636475
2327,16,0.7436211705207825
2328,30,1.6034126281738281
2329,7,-0.6598464846611023
2330,3,-2.1350643634796143
2331,11,0.04736125469207764
2332,8,-0.44628509879112244
2333,6,-0.9170401692390442
2334,8,-0.5495178699493408
2335,19,0.9980303645133972
2336,4,-1.73416006565094
2337,28,1.5517804622650146
2338,13,0.4409574866294861
2339,21,1.2054426670074463
2340,22,1.2713444232940674
2341,3,-2.193885564804077
2342,6,-1.104629397392273
2343,9,-0.24401050806045532
2344,5,-1.228737235069275
2345,3,-2.0043785572052
2346,19,1.0464775562286377
2347,1,-2.7394230365753174
2348,5,-1.3996104001998901
2349,7,-0.8310121893882751
2350,5,-1.4061816930770874
2351,10,-0.15214449167251587
2352,3,-2.0469841957092285
2353,21,1.1794383525848389
2354,5,-1.2138344049453735
2355,12,0.3096603751182556
2356,11,0.07369762659072876
2357,4,-1.6148838996887207
2358,12,0.3283594250679016
2359,4,-1.6118031740188599
2360,6,-1.0839201211929321
2361,7,-0.7152653932571411
2362,3,-2.0534560680389404
2363,5,-1.2163825035095215
2364,5,-1.155940294265747
2365,30,1.6100375652313232
2366,3,-1.9695825576782227
2367,7,-0.6688621044158936
2368,8,-0.44527992606163025
2369,14,0.48096054792404175
2370,3,-2.055461883544922
2371,3,-1.899827003479004
2372,3,-1.9278693199157715
2373,6,-1.0163631439208984
2374,22,1.2490406036376953
2375,3,-2.0580954551696777
2376,28,1.5642194747924805
2377,3,-2.0874850749969482
2378,8,-0.3817112445831299
2379,5,-1.1837902069091797
2380,2,-2.3011112213134766
2381,9,-0.2564336061477661
2382,27,1.5137500762939453
2383,5,-1.2445414066314697
2384,14,0.5190674662590027
2385,14,0.5617378354072571
2386,3,-2.064652442932129
2387,23,1.290395736694336
2388,2,-2.3126916885375977
2389,22,1.2849533557891846
2390,8,-0.5181287527084351
2391,30,1.6094105243682861
2392,5,-1.2982393503189087
2393,3,-2.005218982696533
2394,11,0.1671544909477234
2395,17,0.8590366244316101
2396,10,-0.14403396844863892
2397,14,0.5655699372291565
2398,6,-1.0303740501403809
2399,3,-2.015444278717041
2400,11,0.14598649740219116
2401,6,-0.9854079484939575
2402,8,-0.44987884163856506
2403,7,-0.8124315738677979
2404,4,-1.616548776626587
2405,3,-1.9315236806869507
2406,10,-0.12890523672103882
2407,26,1.484717607498169
2408,2,-2.48346209526062
2409,4,-1.4775080680847168
2410,28,1.5434010028839111
2411,6,-0.8789590001106262
2412,25,1.4571623802185059
2413,10,-0.06106311082839966
2414,6,-0.998731791973114
2415,11,0.0640820860862732
2416,4,-1.708620548248291
2417,8,-0.48204800486564636
2418,3,-2.0601823329925537
2419,8,-0.4310535788536072
2420,20,1.126251220703125
2421,2,-2.4040138721466064
2422,4,-1.6059430837631226
2423,18,0.94679194688797
2424,1,-2.7804481983184814
2425,7,-0.7748540043830872
2426,10,-0.15158110857009888
2427,3,-1.8413925170898438
2428,3,-1.920335292816162
2429,3,-2.063305377960205
2430,3,-1.955413818359375
2431,12,0.2581537365913391
2432,24,1.3576724529266357
2433,11,0.14558249711990356
2434,30,1.6003413200378418
2435,19,1.0641882419586182
2436,11,0.029581189155578613
2437,4,-1.5903211832046509
2438,11,0.18299680948257446
2439,6,-1.05842924118042
2440,1,-2.8423593044281006
2441,15,0.5898036360740662
2442,7,-0.6675341129302979
2443,29,1.5807812213897705
2444,8,-0.5188776254653931
2445,12,0.3100958466529846
2446,26,1.4917752742767334
2447,3,-1.9723453521728516
2448,5,-1.2606678009033203
2449,3,-2.013563871383667
2450,7,-0.8316890597343445
2451,24,1.3950212001800537
2452,2,-2.5728838443756104
2453,8,-0.42796385288238525
2454,6,-0.8869834542274475
2455,7,-0.7280658483505249
2456,8,-0.584274172782898
2457,6,-1.125939130783081
2458,25,1.4401462078094482
2459,2,-2.4152028560638428
2460,30,1.609102487564087
2461,10,-0.04410356283187866
2462,3,-1.9753799438476562
2463,3,-2.203239917755127
2464,22,1.2540061473846436
2465,29,1.5751867294311523
2466,4,-1.6337836980819702
2467,5,-1.2374935150146484
2468,3,-1.9534897804260254
2469,4,-1.8070927858352661
2470,9,-0.25975501537323
2471,10,-0.049123406410217285
2472,6,-0.9438740015029907
2473,6,-1.025933027267456
2474,1,-2.832467555999756
2475,2,-2.667910575866699
2476,8,-0.5596039295196533
2477,3,-1.9195616245269775
2478,2,-2.4504055976867676
2479,4,-1.5767172574996948
2480,1,-2.808194160461426
2481,1,-2.843271493911743
2482,5,-1.3907417058944702
2483,5,-1.3811427354812622
2484,4,-1.6558722257614136
2485,3,-2.044618844985962
2486,17,0.8515107035636902
2487,13,0.3445112109184265
2488,16,0.7319713234901428
2489,3,-2.092064380645752
2490,6,-1.1002395153045654
2491,4,-1.6221168041229248
2492,6,-0.9745029211044312
2493,1,-2.841418743133545
2494,16,0.7528842091560364
2495,5,-1.3803791999816895
2496,3,-2.2664408683776855
2497,2,-2.3364663124084473
2498,7,-0.7550443410873413
2499,6,-0.8741380572319031
2500,12,0.30792897939682007
2501,10,-0.12428665161132812
2502,29,1.5951495170593262
2503,6,-0.8657225370407104
2504,13,0.3498557209968567
2505,7,-0.6367968320846558
2506,26,1.4985227584838867
2507,30,1.6074326038360596
2508,15,0.6430183053016663
2509,6,-0.9506203532218933
2510,2,-2.4185407161712646
2511,28,1.5582048892974854
2512,9,-0.3730848431587219
2513,27,1.5206806659698486
2514,4,-1.6283438205718994
2515,30,1.6073529720306396
2516,1,-2.7165963649749756
2517,29,1.59407639503479
2518,1,-2.839937925338745
2519,3,-2.1289258003234863
2520,10,-0.06339675188064575
2521,14,0.5526542067527771
2522,5,-1.2175685167312622
2523,1,-2.8292908668518066
2524,4,-1.732248067855835
2525,14,0.5864542126655579
2526,3,-2.0911900997161865
2527,30,1.6122336387634277
2528,7,-0.7487177848815918
2529,9,-0.27432674169540405
2530,25,1.4433996677398682
2531,5,-1.2928662300109863
2532,3,-1.9396569728851318
2533,1,-2.717930555343628
2534,17,0.8316892981529236
2535,22,1.261490821838379
2536,7,-0.7803093194961548
2537,20,1.0752589702606201
2538,3,-2.189422369003296
2539,3,-2.048569679260254
2540,9,-0.3253178596496582
2541,13,0.4099884629249573
2542,3,-2.271101474761963
2543,10,0.008424520492553711
2544,30,1.6084208488464355
2545,5,-1.151171326637268
2546,9,-0.3668823838233948
2547,30,1.6034650802612305
2548,3,-2.191728353500366
2549,16,0.7083237767219543
2550,11,0.07900422811508179
2551,13,0.34520596265792847
2552,30,1.6119356155395508
2553,15,0.6795443892478943
2554,11,0.08120161294937134
2555,17,0.8443759083747864
2556,13,0.46066588163375854
2557,5,-1.273542881011963
2558,4,-1.4960968494415283
2559,2,-2.359180450439453
2560,7,-0.8098178505897522
2561,4,-1.7663087844848633
2562,6,-1.0525349378585815
2563,10,-0.03717327117919922
2564,3,-1.9186395406723022
2565,2,-2.389195203781128
2566,2,-2.5129783153533936
2567,5,-1.2090098857879639
2568,12,0.3111955523490906
2569,7,-0.6978777647018433
2570,2,-2.3893349170684814
2571,15,0.6628032326698303
2572,8,-0.5200861692428589
2573,3,-2.010737657546997
2574,1,-2.6921896934509277
2575,3,-2.0293309688568115
2576,4,-1.6760056018829346
2577,11,0.020500898361206055
2578,11,0.08584636449813843
2579,7,-0.6991017460823059
2580,4,-1.6641783714294434
2581,5,-1.4338468313217163
2582,11,0.14244765043258667
2583,10,-0.08565890789031982
2584,21,1.1796586513519287
2585,4,-1.6195430755615234
2586,9,-0.2624325752258301
2587,21,1.1905384063720703
2588,3,-1.9861249923706055
2589,10,-0.14426612854003906
2590,3,-2.039215087890625
2591,23,1.332984209060669
2592,8,-0.41244006156921387
2593,8,-0.49386242032051086
2594,10,-0.04302793741226196
2595,9,-0.3033097982406616
2596,30,1.6038708686828613
2597,17,0.8335590958595276
2598,3,-2.066175699234009
2599,12,0.25420695543289185
2600,6,-1.0246156454086304
2601,7,-0.8139761090278625
2602,6,-0.9347269535064697
2603,16,0.7329122424125671
2604,5,-1.301844835281372
2605,2,-2.5108702182769775
2606,4,-1.5861937999725342
2607,14,0.49211210012435913
2608,7,-0.8170357942581177
2609,13,0.38301461935043335
2610,1,-2.6994235515594482
2611,4,-1.7671997547149658
2612,13,0.4277796149253845
2613,4,-1.6216598749160767
2614,23,1.3100616931915283
2615,19,1.0059213638305664
2616,3,-2.171210765838623
2617,3,-2.002060890197754
2618,5,-1.2396751642227173
2619,6,-0.9959779381752014
2620,13,0.4037596583366394
2621,3,-1.8844414949417114
2622,7,-0.6137611269950867
2623,30,1.606804609298706
2624,3,-2.262441396713257
2625,24,1.3965373039245605
2626,4,-1.5093016624450684
2627,9,-0.31146639585494995
2628,7,-0.6543419361114502
2629,11,0.11121124029159546
2630,1,-2.702517032623291
2631,10,-0.041773438453674316
2632,30,1.6086277961730957
2633,12,0.21001607179641724
2634,15,0.6877301335334778
2635,11,0.1711556315422058
2636,7,-0.7240483164787292
2637,13,0.3684541583061218
2638,22,1.2566747665405273
2639,3,-2.0036728382110596
2640,26,1.4776403903961182
2641,14,0.49545902013778687
2642,3,-1.8979339599609375
2643,10,-0.12876558303833008
2644,5,-1.452413558959961
2645,30,1.6121292114257812
2646,6,-1.1203923225402832
2647,4,-1.5777125358581543
2648,3,-1.9303970336914062
2649,9,-0.24670445919036865
2650,3,-1.864086627960205
2651,9,-0.3275730609893799
2652,1,-2.8424999713897705
2653,4,-1.6052769422531128
2654,5,-1.1745340824127197
2655,6,-0.924397349357605
2656,11,0.06309837102890015
2657,3,-2.1755192279815674
2658,1,-2.7919161319732666
2659,7,-0.8192785978317261
2660,7,-0.633367657661438
2661,5,-1.2299166917800903
2662,17,0.8917188048362732
2663,12,0.32354527711868286
2664,6,-0.9234585165977478
2665,28,1.5540697574615479
2666,17,0.8089548945426941
2667,17,0.8486337065696716
2668,3,-2.0099000930786133
2669,2,-2.4519059658050537
2670,6,-0.9061979651451111
2671,4,-1.7831456661224365
2672,12,0.29983657598495483
2673,27,1.511040449142456
2674,6,-0.9912754893302917
2675,1,-2.7413394451141357
2676,4,-1.6756030321121216
2677,4,-1.6694613695144653
2678,8,-0.47891566157341003
2679,3,-2.213141441345215
2680,3,-2.169954299926758
2681,6,-0.8624208569526672
2682,29,1.5881941318511963
2683,3,-2.0994784832000732
2684,6,-1.0546648502349854
2685,6,-0.8658464550971985
2686,12,0.3075879216194153
2687,14,0.5088735222816467
2688,3,-1.990189552307129
2689,14,0.4887811541557312
2690,5,-1.4229810237884521
2691,4,-1.69520103931427
2692,3,-2.2677674293518066
2693,19,1.050422191619873
2694,4,-1.5164990425109863
2695,6,-0.8601800799369812
2696,13,0.4476117491722107
2697,3,-2.114919900894165
2698,13,0.3958924412727356
2699,1,-2.840726852416992
2700,7,-0.8426399230957031
2701,1,-2.744734764099121
2702,3,-1.8716206550598145
2703,3,-1.8835771083831787
2704,3,-1.9105980396270752
2705,8,-0.5703491568565369
2706,28,1.5689899921417236
2707,3,-2.1193063259124756
2708,13,0.4293364882469177
2709,29,1.5911989212036133
2710,27,1.5243675708770752
2711,12,0.28875309228897095
2712,3,-2.053920030593872
2713,4,-1.8090887069702148
2714,28,1.5516326427459717
2715,3,-1.8753974437713623
2716,8,-0.4884171485900879
2717,9,-0.3226638436317444
2718,14,0.5698300004005432
2719,3,-2.2416977882385254
2720,18,0.9531795382499695
2721,12,0.25659292936325073
2722,6,-0.8592213988304138
2723,3,-1.940364122390747
2724,3,-2.169501304626465
2725,2,-2.3720474243164062
2726,6,-1.0541439056396484
2727,28,1.5722568035125732
2728,12,0.3271806836128235
2729,1,-2.8329319953918457
2730,5,-1.4029240608215332
2731,6,-0.9428809285163879
2732,3,-1.9895529747009277
2733,4,-1.7360427379608154
2734,30,1.6017322540283203
2735,3,-1.988264560699463
2736,5,-1.2478896379470825
2737,3,-1.99989652633667
2738,5,-1.235183596611023
2739,2,-2.6789305210113525
2740,7,-0.7555769085884094
2741,10,-0.04238414764404297
2742,4,-1.4751132726669312
2743,5,-1.368210792541504
2744,5,-1.3668566942214966
2745,18,0.9492599368095398
2746,5,-1.4482661485671997
2747,9,-0.37384265661239624
2748,10,-0.10552364587783813
2749,1,-2.8263115882873535
2750,17,0.8583521246910095
2751,3,-2.003542184829712
2752,3,-2.137363910675049
2753,6,-0.9839882850646973
2754,3,-2.0443294048309326
2755,8,-0.5285648703575134
2756,11,0.059721291065216064
2757,20,1.088223934173584
2758,10,-0.13068616390228271
2759,6,-1.0972297191619873
2760,5,-1.3873839378356934
2761,18,0.9531044363975525
2762,8,-0.4358300566673279
2763,4,-1.673998475074768
2764,5,-1.3191879987716675
2765,28,1.5519921779632568
2766,27,1.5402727127075195
2767,1,-2.7543556690216064
2768,3,-1.9914731979370117
2769,4,-1.6139947175979614
2770,24,1.399308443069458
2771,2,-2.553333282470703
2772,7,-0.686957836151123
2773,30,1.606048583984375
2774,3,-1.9519941806793213
2775,11,0.03732132911682129
2776,3,-2.0165023803710938
2777,9,-0.26888585090637207
2778,2,-2.585871458053589
2779,4,-1.580654263496399
2780,3,-1.8620197772979736
2781,9,-0.22084861993789673
2782,4,-1.7996313571929932
2783,7,-0.70650714635849
2784,12,0.2657095789909363
2785,29,1.5975286960601807
2786,30,1.6126980781555176
2787,7,-0.7874605059623718
2788,24,1.4016261100769043
2789,23,1.3219349384307861
2790,5,-1.4357407093048096
2791,30,1.6096019744873047
2792,8,-0.4499167501926422
2793,11,0.07181185483932495
2794,5,-1.2823654413223267
2795,7,-0.6270804405212402
2796,9,-0.35870105028152466
2797,1,-2.830749750137329
2798,4,-1.5098897218704224
2799,3,-1.9104053974151611
2800,13,0.40983277559280396
2801,3,-2.0176661014556885
2802,13,0.42544859647750854
2803,14,0.5691861510276794
2804,9,-0.21741557121276855
2805,20,1.1456844806671143
2806,6,-1.0332398414611816
2807,22,1.2420761585235596
2808,10,-0.15611088275909424
2809,5,-1.3331577777862549
2810,9,-0.3740471601486206
2811,6,-0.9555126428604126
2812,2,-2.6693692207336426
2813,14,0.5558684468269348
2814,30,1.6152033805847168
2815,10,-0.14621371030807495
2816,8,-0.5290706157684326
2817,4,-1.7825961112976074
2818,14,0.5143768191337585
2819,9,-0.1756541132926941
2820,3,-2.0174431800842285
2821,14,0.5741552710533142
2822,19,1.0362896919250488
2823,4,-1.7831122875213623
2824,11,0.050987958908081055
2825,5,-1.285221815109253
2826,7,-0.7687962055206299
2827,30,1.6137964725494385
2828,3,-2.0024688243865967
2829,19,1.021576166152954
2830,6,-1.0386302471160889
2831,8,-0.4460456073284149
2832,8,-0.5468363761901855
2833,18,0.9709401726722717
2834,3,-1.8889442682266235
2835,2,-2.595898389816284
2836,4,-1.7725746631622314
2837,4,-1.5310497283935547
2838,3,-2.0085179805755615
2839,10,0.015197813510894775
2840,6,-1.0743656158447266
2841,1,-2.7110202312469482
2842,28,1.5697479248046875
2843,3,-2.0312962532043457
2844,6,-1.038861632347107
2845,20,1.0942420959472656
2846,12,0.21855074167251587
2847,15,0.6369848847389221
2848,19,1.0459191799163818
2849,7,-0.6243728399276733
2850,17,0.8259853720664978
2851,8,-0.49961185455322266
2852,12,0.22956961393356323
2853,3,-1.9859020709991455
2854,3,-1.8850094079971313
2855,4,-1.720973014831543
2856,4,-1.5502357482910156
2857,10,-0.16428536176681519
2858,3,-1.8848114013671875
2859,15,0.6044303774833679
2860,3,-2.0954532623291016
2861,11,0.13203734159469604
2862,3,-1.913727045059204
2863,29,1.5906872749328613
2864,6,-0.96246737241745
2865,10,-0.0889844298362732
2866,3,-2.2054173946380615
2867,24,1.3784828186035156
2868,11,0.19159871339797974
2869,3,-2.2867863178253174
2870,3,-2.053922176361084
2871,7,-0.7307872772216797
2872,29,1.5863842964172363
2873,3,-1.922593116760254
2874,3,-2.030452013015747
2875,6,-0.9032937288284302
2876,4,-1.6049786806106567
2877,8,-0.5621145963668823
2878,26,1.4985039234161377
2879,3,-1.95695161819458
2880,14,0.4958067536354065
2881,9,-0.31329894065856934
2882,14,0.4893779158592224
2883,5,-1.3067578077316284
2884,1,-2.8148703575134277
2885,5,-1.2002134323120117
2886,7,-0.610955536365509
2887,11,0.19012802839279175
2888,19,1.0108284950256348
2889,9,-0.1978229284286499
2890,3,-1.9806087017059326
2891,15,0.6413096785545349
2892,4,-1.4939733743667603
2893,4,-1.8046305179595947
2894,3,-1.8888108730316162
2895,3,-2.074533462524414
2896,13,0.4107603430747986
2897,12,0.24961096048355103
2898,3,-1.9906480312347412
2899,2,-2.5481812953948975
2900,3,-2.13970685005188
2901,1,-2.8108508586883545
2902,8,-0.43700581789016724
2903,7,-0.6400585174560547
2904,8,-0.4131034016609192
2905,12,0.32609087228775024
2906,3,-2.126739025115967
2907,6,-0.9675238728523254
2908,13,0.4137970805168152
2909,10,-0.1452876329421997
2910,4,-1.7422022819519043
2911,9,-0.1927480697631836
2912,7,-0.6492622494697571
2913,4,-1.4860788583755493
2914,6,-0.9856758713722229
2915,7,-0.7994430661201477
2916,5,-1.2463395595550537
2917,9,-0.2068803310394287
2918,5,-1.3691787719726562
2919,6,-0.9232946038246155
2920,1,-2.7625977993011475
2921,13,0.44146472215652466
2922,1,-2.725619077682495
2923,5,-1.2384545803070068
2924,4,-1.581697702407837
2925,6,-0.8966310024261475
2926,8,-0.39779722690582275
2927,11,0.08145397901535034
2928,8,-0.5552646517753601
2929,30,1.6084439754486084
2930,2,-2.3327953815460205
2931,18,0.8985936045646667
2932,8,-0.5605033040046692
2933,6,-1.023905634880066
2934,4,-1.4958443641662598
2935,7,-0.6478136777877808
2936,30,1.6043500900268555
2937,9,-0.1802493929862976
2938,7,-0.7758671045303345
2939,3,-1.8617637157440186
2940,3,-2.045912027359009
2941,3,-1.886297583580017
2942,16,0.7479727864265442
2943,3,-1.9594926834106445
2944,4,-1.7990883588790894
2945,6,-0.977901041507721
2946,17,0.8072032332420349
2947,16,0.7990903258323669
2948,18,0.9389539361000061
2949,29,1.5811100006103516
2950,13,0.454773485660553
2951,2,-2.691335916519165
2952,3,-1.8730937242507935
2953,11,0.1425359845161438
2954,3,-1.9370099306106567
2955,15,0.6452663540840149
2956,15,0.643645703792572
2957,8,-0.4187086820602417
2958,3,-1.8794302940368652
2959,14,0.5234398245811462
2960,11,0.05114471912384033
2961,7,-0.6225560903549194
2962,11,0.15001922845840454
2963,1,-2.838312864303589
2964,10,-0.06135648488998413
2965,8,-0.44739362597465515
2966,5,-1.2561681270599365
2967,13,0.33909112215042114
2968,6,-0.9471554756164551
2969,9,-0.2169499397277832
2970,8,-0.3937755823135376
2971,1,-2.814275026321411
2972,2,-2.559234380722046
2973,3,-1.8435074090957642
2974,12,0.24011629819869995
2975,11,0.05121201276779175
2976,16,0.7983418107032776
2977,7,-0.7989223003387451
2978,28,1.5486772060394287
2979,7,-0.7491757869720459
2980,8,-0.5175108909606934
2981,21,1.2129487991333008
2982,10,-0.09213799238204956
2983,7,-0.8540058732032776
2984,4,-1.7927157878875732
2985,4,-1.7475674152374268
2986,13,0.4544033408164978
2987,16,0.7318711876869202
2988,13,0.403994619846344
2989,7,-0.7466267347335815
2990,3,-1.883242130279541
2991,17,0.8547632098197937
2992,3,-1.8861010074615479
2993,1,-2.818875551223755
2994,2,-2.4833409786224365
2995,6,-1.106177806854248
2996,4,-1.666093111038208
2997,30,1.6140453815460205
2998,3,-2.0207347869873047
2999,7,-0.8199868202209473
3000,9,-0.26908767223358154
3001,5,-1.3588426113128662
3002,17,0.8163884282112122
3003,6,-1.0271679162979126
3004,8,-0.3948236107826233
3005,15,0.6224762797355652
3006,9,-0.32116520404815674
3007,29,1.577636957168579
3008,8,-0.4945871829986572
3009,15,0.6464223265647888
3010,4,-1.8275477886199951
3011,28,1.5588934421539307
3012,16,0.7006774544715881
3013,7,-0.6096876859664917
3014,10,0.017740845680236816
3015,3,-1.9173226356506348
3016,19,1.0535435676574707
3017,14,0.5574397444725037
3018,4,-1.7011083364486694
3019,1,-2.831066370010376
3020,7,-0.8267630338668823
3021,13,0.39111191034317017
3022,5,-1.1442904472351074
3023,6,-0.9225202798843384
3024,4,-1.822795033454895
3025,7,-0.6633070707321167
3026,8,-0.5234380960464478
3027,7,-0.6451684236526489
3028,6,-1.0260646343231201
3029,6,-0.9450723528862
3030,2,-2.3341422080993652
3031,15,0.5880294442176819
3032,5,-1.331274390220642
3033,11,0.18606120347976685
3034,6,-0.8585137128829956
3035,2,-2.5841455459594727
3036,8,-0.528223991394043
3037,8,-0.4296768307685852
3038,4,-1.7966883182525635
3039,8,-0.508355438709259
3040,3,-2.2284297943115234
3041,20,1.1416058540344238
3042,11,0.0396120548248291
3043,3,-1.8372738361358643
3044,4,-1.826488971710205
3045,5,-1.3240004777908325
3046,18,0.9696747660636902
3047,9,-0.33390504121780396
3048,8,-0.38318300247192383
3049,21,1.2188012599945068
3050,3,-2.129075527191162
3051,3,-1.9554038047790527
3052,6,-0.8612251281738281
3053,4,-1.4686648845672607
3054,3,-1.919344425201416
3055,7,-0.8210453987121582
3056,11,0.057086050510406494
3057,30,1.6110835075378418
3058,4,-1.8207182884216309
3059,15,0.5873616337776184
3060,9,-0.3635825514793396
3061,15,0.610029399394989
3062,6,-1.1303651332855225
3063,11,0.11310571432113647
3064,18,0.981006920337677
3065,10,-0.16419154405593872
3066,24,1.374819278717041
3067,7,-0.6988241672515869
3068,6,-0.8597282767295837
3069,2,-2.5345003604888916
3070,5,-1.2845865488052368
3071,5,-1.3541032075881958
3072,3,-2.254788875579834
3073,4,-1.5446431636810303
3074,3,-1.935718297958374
3075,5,-1.148678183555603
3076,29,1.5892934799194336
3077,6,-1.0046197175979614
3078,8,-0.5485192537307739
3079,14,0.5298593640327454
3080,16,0.7967424988746643
3081,15,0.6188974976539612
3082,24,1.365398645401001
3083,4,-1.7411563396453857
3084,8,-0.5047000646591187
3085,5,-1.4280803203582764
3086,30,1.613649606704712
3087,2,-2.5111498832702637
3088,30,1.61431884765625
3089,18,0.9034302830696106
3090,3,-1.897615671157837
3091,23,1.3166923522949219
3092,11,0.08215612173080444
3093,16,0.7085683941841125
3094,1,-2.729966640472412
3095,16,0.7132719159126282
3096,19,1.0410566329956055
3097,8,-0.4248661398887634
3098,30,1.6108343601226807
3099,4,-1.6863574981689453
3100,2,-2.5986015796661377
3101,13,0.3876975178718567
3102,8,-0.4224734306335449
3103,9,-0.20229017734527588
3104,4,-1.4688313007354736
3105,5,-1.172551155090332
3106,4,-1.6196386814117432
3107,15,0.6369993090629578
3108,14,0.4692128300666809
3109,7,-0.602593183517456
3110,7,-0.6405518054962158
3111,4,-1.6366208791732788
3112,12,0.3330417275428772
3113,5,-1.21029531955719
3114,16,0.7531833052635193
3115,1,-2.7572314739227295
3116,1,-2.839789867401123
3117,28,1.5446760654449463
3118,20,1.1109638214111328
3119,30,1.6003222465515137
3120,9,-0.3524414300918579
3121,8,-0.5659388303756714
3122,20,1.1120073795318604
3123,8,-0.5427365899085999
3124,6,-0.9104823470115662
3125,3,-1.8922384977340698
3126,6,-0.9315357208251953
3127,2,-2.642180919647217
3128,10,-0.037328481674194336
3129,7,-0.6554344892501831
3130,7,-0.7640235424041748
3131,4,-1.69380784034729
3132,5,-1.3472386598587036
3133,19,1.0046195983886719
3134,9,-0.3499046564102173
3135,3,-1.9520363807678223
3136,3,-1.9027435779571533
3137,30,1.6110639572143555
3138,3,-1.9298031330108643
3139,8,-0.495863139629364
3140,2,-2.329317092895508
3141,6,-0.9177671670913696
3142,10,-0.030497968196868896
3143,10,-0.10134446620941162
3144,3,-1.883098840713501
3145,4,-1.5856363773345947
3146,6,-1.062821865081787
3147,4,-1.5611846446990967
3148,4,-1.4543852806091309
3149,7,-0.678692102432251
3150,11,0.11632221937179565
3151,3,-2.0789337158203125
3152,3,-1.969552993774414
3153,17,0.8391987681388855
3154,14,0.53738933801651
3155,4,-1.5869370698928833
3156,6,-1.1279094219207764
3157,5,-1.3228363990783691
3158,14,0.49492591619491577
3159,5,-1.2865002155303955
3160,7,-0.7601106762886047
3161,4,-1.819286823272705
3162,10,-0.022373497486114502
3163,4,-1.8222155570983887
3164,7,-0.6758444309234619
3165,4,-1.7188363075256348
3166,15,0.6914077401161194
3167,8,-0.3846384882926941
3168,7,-0.8084809184074402
3169,9,-0.32997554540634155
3170,22,1.2654309272766113
3171,7,-0.743992805480957
3172,3,-1.893521785736084
3173,11,0.037451982498168945
3174,30,1.615107774734497
3175,3,-1.8674094676971436
3176,4,-1.768684983253479
3177,27,1.5185046195983887
3178,7,-0.6815991401672363
3179,5,-1.2605781555175781
3180,4,-1.6716952323913574
3181,11,0.14775770902633667
3182,10,-0.0636405348777771
3183,20,1.096799612045288
3184,3,-2.154731035232544
3185,3,-2.291139602661133
3186,8,-0.40270519256591797
3187,6,-0.9161304235458374
3188,14,0.5128794312477112
3189,29,1.587054967880249
3190,4,-1.7845205068588257
3191,11,0.12773746252059937
3192,4,-1.7821409702301025
3193,7,-0.6277520656585693
3194,6,-0.874415934085846
3195,3,-1.873685598373413
3196,15,0.6412349343299866
3197,3,-2.0582451820373535
3198,3,-2.192275285720825
3199,8,-0.5166371464729309
3200,14,0.5774328112602234
3201,28,1.5549182891845703
3202,19,1.0082025527954102
3203,27,1.5354583263397217
3204,17,0.8162100911140442
3205,9,-0.31495189666748047
3206,18,0.9476731419563293
3207,1,-2.830195665359497
3208,3,-1.9083633422851562
3209,4,-1.5162668228149414
3210,29,1.59531831741333
3211,7,-0.7276765704154968
3212,3,-2.069680690765381
3213,19,1.0181646347045898
3214,4,-1.7441048622131348
3215,10,-0.1614457368850708
3216,7,-0.6084420680999756
3217,3,-1.9449377059936523
3218,30,1.6020278930664062
3219,28,1.5657861232757568
3220,10,-0.13405734300613403
3221,8,-0.5636100769042969
3222,18,0.9299125075340271
3223,12,0.31411880254745483
3224,4,-1.7563591003417969
3225,10,-0.04969507455825806
3226,7,-0.6723287105560303
3227,4,-1.534910798072815
3228,13,0.3805081248283386
3229,3,-1.92353093624115
3230,13,0.3894025683403015
3231,8,-0.5992304086685181
3232,3,-1.9305109977722168
3233,7,-0.6167116165161133
3234,6,-0.9518465399742126
3235,9,-0.34132254123687744
3236,14,0.4952635169029236
3237,6,-1.0364580154418945
3238,20,1.070359706878662
3239,4,-1.8138563632965088
3240,7,-0.760373592376709
3241,3,-1.9939947128295898
3242,13,0.366232693195343
3243,5,-1.4453980922698975
3244,15,0.6214376091957092
3245,3,-1.9434947967529297
3246,3,-1.8412895202636719
3247,1,-2.8021202087402344
3248,6,-1.0167375802993774
3249,7,-0.675849199295044
3250,9,-0.23643618822097778
3251,4,-1.6532278060913086
3252,8,-0.4501708745956421
3253,9,-0.20670706033706665
3254,7,-0.764191746711731
3255,21,1.1945009231567383
3256,12,0.3157885670661926
3257,14,0.4782678484916687
3258,15,0.6331320405006409
3259,6,-0.9459002614021301
3260,28,1.5438637733459473
3261,5,-1.2377817630767822
3262,4,-1.6050283908843994
3263,12,0.30006927251815796
3264,9,-0.20055413246154785
3265,12,0.25824493169784546
3266,28,1.565122365951538
3267,17,0.859693706035614
3268,22,1.2851409912109375
3269,8,-0.528305172920227
3270,4,-1.7869155406951904
3271,3,-2.1248626708984375
3272,4,-1.5264147520065308
3273,12,0.20598489046096802
3274,13,0.4384731650352478
3275,12,0.2629856467247009
3276,11,0.13523179292678833
3277,7,-0.7228893041610718
3278,6,-1.0031436681747437
3279,17,0.8365351557731628
3280,15,0.6527772545814514
3281,23,1.3212504386901855
3282,6,-1.0238319635391235
3283,29,1.5996363162994385
3284,12,0.2557390332221985
3285,7,-0.7718563079833984
3286,4,-1.4853358268737793
3287,5,-1.33498215675354
3288,14,0.49247509241104126
3289,20,1.1083965301513672
3290,10,-0.004987359046936035
3291,4,-1.646783709526062
3292,4,-1.69838547706604
3293,11,0.10450142621994019
3294,12,0.3013147711753845
3295,13,0.42317503690719604
3296,4,-1.7357261180877686
3297,18,0.97829669713974
3298,9,-0.3163021206855774
3299,11,0.10632234811782837
3300,5,-1.1368374824523926
3301,22,1.2337372303009033
3302,28,1.5521152019500732
3303,30,1.61375093460083
3304,30,1.6093356609344482
3305,21,1.178863763809204
3306,6,-1.0648163557052612
3307,7,-0.6493832468986511
3308,5,-1.3421401977539062
3309,1,-2.7533390522003174
3310,4,-1.7509249448776245
3311,14,0.4884342551231384
3312,26,1.4588193893432617
3313,13,0.40693193674087524
3314,16,0.7822313904762268
3315,7,-0.839226245880127
3316,4,-1.8299505710601807
3317,13,0.40688174962997437
3318,27,1.5233888626098633
3319,22,1.2473032474517822
3320,4,-1.624155044555664
3321,7,-0.7568067312240601
3322,12,0.32583504915237427
3323,3,-2.0486929416656494
3324,18,0.9089086651802063
3325,6,-1.005751132965088
3326,17,0.8943955302238464
3327,6,-0.9418050646781921
3328,30,1.6137211322784424
3329,8,-0.5903975367546082
3330,15,0.6137489676475525
3331,4,-1.7545465230941772
3332,4,-1.8035268783569336
3333,18,0.9691430926322937
3334,8,-0.4131356477737427
3335,4,-1.7485191822052002
3336,1,-2.7780933380126953
3337,16,0.742588460445404
3338,17,0.8156061768531799
3339,3,-1.8783104419708252
3340,3,-1.8484349250793457
3341,10,-0.09773045778274536
3342,17,0.8410001397132874
3343,9,-0.31480348110198975
3344,3,-1.894901990890503
3345,1,-2.6923093795776367
3346,3,-1.8331828117370605
3347,7,-0.6622238159179688
3348,1,-2.8374485969543457
3349,11,0.08657878637313843
3350,6,-1.1106655597686768
3351,17,0.8976730704307556
3352,15,0.5942220091819763
3353,8,-0.5005722045898438
3354,4,-1.464621663093567
3355,8,-0.4564734697341919
3356,4,-1.768237590789795
3357,9,-0.26945286989212036
3358,10,-0.026936233043670654
3359,16,0.7968881726264954
3360,4,-1.5952532291412354
3361,15,0.6516953110694885
3362,13,0.3930218815803528
3363,19,1.0006756782531738
3364,11,0.07164353132247925
3365,6,-0.9038596749305725
3366,8,-0.4663892090320587
3367,3,-1.9072338342666626
3368,10,-0.034386515617370605
3369,7,-0.7869240641593933
3370,15,0.6563372015953064
3371,4,-1.6051054000854492
3372,20,1.142143964767456
3373,11,0.18126899003982544
3374,13,0.3504851460456848
3375,8,-0.5021699666976929
3376,3,-2.2171478271484375
3377,4,-1.703034520149231
3378,4,-1.7496733665466309
3379,14,0.5506392121315002
3380,5,-1.3151415586471558
3381,7,-0.7673168182373047
3382,4,-1.5666918754577637
3383,11,0.09318143129348755
3384,23,1.3427577018737793
3385,13,0.4592037796974182
3386,10,-0.08243215084075928
3387,4,-1.806917667388916
3388,5,-1.1648646593093872
3389,6,-0.9219315052032471
3390,3,-1.8509297370910645
3391,9,-0.3594510555267334
3392,17,0.8870071768760681
3393,4,-1.743211030960083
3394,8,-0.4131571054458618
3395,8,-0.5677840113639832
3396,11,0.14260584115982056
3397,4,-1.4900197982788086
3398,12,0.3260853886604309
3399,1,-2.69648814201355
3400,5,-1.4379808902740479
3401,8,-0.39475446939468384
3402,4,-1.6307361125946045
3403,9,-0.3586100935935974
3404,15,0.6788597702980042
3405,9,-0.3544679880142212
3406,11,0.0808146595954895
3407,9,-0.36528605222702026
3408,13,0.35604506731033325
3409,11,0.10199826955795288
3410,16,0.741974413394928
3411,2,-2.563185453414917
3412,12,0.24763184785842896
3413,7,-0.6791495084762573
3414,4,-1.656426191329956
3415,12,0.2788885235786438
3416,4,-1.7901958227157593
3417,12,0.2623942494392395
3418,10,-0.058873653411865234
3419,4,-1.8009543418884277
3420,7,-0.7501190304756165
3421,15,0.6607063412666321
3422,3,-1.8684887886047363
3423,3,-2.000030279159546
3424,29,1.5988564491271973
3425,10,-0.004270434379577637
3426,8,-0.5493286848068237
3427,1,-2.8138647079467773
3428,30,1.6042709350585938
3429,19,1.0154650211334229
3430,3,-2.0135762691497803
3431,9,-0.3238152265548706
3432,4,-1.7466747760772705
3433,5,-1.4240124225616455
3434,6,-0.8779184818267822
3435,6,-0.8864009976387024
3436,22,1.2503268718719482
3437,4,-1.4650225639343262
3438,4,-1.5974957942962646
3439,15,0.6824997067451477
3440,4,-1.805393934249878
3441,4,-1.750439167022705
3442,4,-1.7175629138946533
3443,10,-0.004295706748962402
3444,4,-1.7260937690734863
3445,6,-0.8790814280509949
3446,4,-1.7124559879302979
3447,18,0.98385089635849
3448,6,-0.8840979933738708
3449,4,-1.7905869483947754
3450,9,-0.2808821201324463
3451,13,0.37216752767562866
3452,30,1.6117467880249023
3453,4,-1.6998213529586792
3454,9,-0.3175505995750427
3455,3,-1.8447710275650024
3456,4,-1.7643752098083496
3457,7,-0.7458276152610779
3458,10,-0.022426366806030273
3459,10,-0.04530918598175049
3460,9,-0.25235944986343384
3461,2,-2.3194258213043213
3462,7,-0.6285203099250793
3463,7,-0.8414449691772461
3464,6,-1.1308355331420898
3465,30,1.6097893714904785
3466,7,-0.6426462531089783
3467,14,0.5449977517127991
3468,9,-0.34341561794281006
3469,2,-2.628067970275879
3470,9,-0.35325324535369873
3471,5,-1.353319764137268
3472,17,0.8858936429023743
3473,8,-0.4131206274032593
3474,7,-0.7048477530479431
3475,18,0.9080867171287537
3476,4,-1.5306915044784546
3477,5,-1.412255883216858
3478,4,-1.546144723892212
3479,4,-1.4738259315490723
3480,19,1.034888505935669
3481,4,-1.6547377109527588
3482,4,-1.6902023553848267
3483,29,1.5781886577606201
3484,9,-0.3530011773109436
3485,10,-0.08721286058425903
3486,7,-0.6052883863449097
3487,9,-0.25560152530670166
3488,13,0.38342517614364624
3489,25,1.4308669567108154
3490,4,-1.8125052452087402
3491,3,-1.8901779651641846
3492,7,-0.7202595472335815
3493,9,-0.2938796281814575
3494,9,-0.24246984720230103
3495,4,-1.616744041442871
3496,22,1.232128381729126
3497,10,-0.15319788455963135
3498,4,-1.7976608276367188
3499,12,0.22012430429458618
3500,11,0.19082456827163696
3501,3,-1.9337143898010254
3502,12,0.22039049863815308
3503,12,0.26305967569351196
3504,4,-1.6722218990325928
3505,4,-1.7831144332885742
3506,6,-1.1205791234970093
3507,9,-0.34178996086120605
3508,1,-2.8243050575256348
3509,3,-1.8342366218566895
3510,5,-1.2879579067230225
3511,9,-0.3203834891319275
3512,17,0.8044586777687073
3513,7,-0.7304329872131348
3514,8,-0.4123792052268982
3515,4,-1.5386954545974731
3516,15,0.656933605670929
3517,6,-1.0749635696411133
3518,4,-1.517256736755371
3519,7,-0.7941100597381592
3520,11,0.14931195974349976
3521,6,-0.8917434215545654
3522,17,0.8151251673698425
3523,15,0.6068421006202698
3524,10,0.0017854571342468262
3525,4,-1.7642055749893188
3526,5,-1.3130513429641724
3527,2,-2.677281379699707
3528,12,0.24683839082717896
3529,9,-0.31990963220596313
3530,23,1.2994277477264404
3531,29,1.5876045227050781
3532,6,-0.9168673157691956
3533,7,-0.7306922674179077
3534,8,-0.446094274520874
3535,4,-1.5658968687057495
3536,4,-1.702317714691162
3537,4,-1.7702033519744873
3538,1,-2.8309452533721924
3539,10,-0.10449129343032837
3540,9,-0.217157244682312
3541,4,-1.758427619934082
3542,5,-1.3446311950683594
3543,7,-0.6203826665878296
3544,6,-0.9141157269477844
3545,8,-0.427560031414032
3546,13,0.3831469416618347
3547,10,-0.036738038063049316
3548,4,-1.8201994895935059
3549,25,1.4153063297271729
3550,19,1.0097575187683105
3551,4,-1.7321600914001465
3552,6,-0.9917767643928528
3553,5,-1.4479113817214966
3554,5,-1.4158210754394531
3555,23,1.2972135543823242
3556,4,-1.7135725021362305
3557,20,1.0914125442504883
3558,27,1.5322813987731934
3559,9,-0.32743382453918457
3560,10,-0.04688668251037598
3561,4,-1.8100310564041138
3562,8,-0.4580165445804596
3563,1,-2.8306775093078613
3564,28,1.566049575805664
3565,14,0.5834675431251526
3566,3,-1.939059853553772
3567,8,-0.5200525522232056
3568,13,0.3925815224647522
3569,16,0.7181344628334045
3570,30,1.6004385948181152
3571,9,-0.3251494765281677
3572,3,-1.833909034729004
3573,13,0.36550575494766235
3574,28,1.573486089706421
3575,23,1.328047513961792
3576,4,-1.5642576217651367
3577,1,-2.843571662902832
3578,8,-0.4241834282875061
3579,4,-1.8004302978515625
3580,3,-1.8574727773666382
3581,11,0.18941372632980347
3582,18,0.9105485081672668
3583,2,-2.6887331008911133
3584,4,-1.6877033710479736
3585,1,-2.8433079719543457
3586,4,-1.82871675491333
3587,4,-1.7943356037139893
3588,13,0.3622594475746155
3589,4,-1.5734972953796387
3590,16,0.7377777695655823
3591,8,-0.4675746560096741
3592,30,1.6015689373016357
3593,14,0.48648959398269653
3594,3,-1.8844950199127197
3595,7,-0.6844799518585205
3596,4,-1.5487456321716309
3597,13,0.4539594054222107
3598,10,-0.08849972486495972
3599,10,-0.09930950403213501
3600,8,-0.4481554925441742
3601,1,-2.8240652084350586
3602,5,-1.269162893295288
3603,4,-1.5765414237976074
3604,7,-0.7416487336158752
3605,13,0.4113379120826721
3606,5,-1.152714490890503
3607,17,0.8211942315101624
3608,1,-2.819533109664917
3609,6,-0.9549070000648499
3610,10,-0.009791254997253418
3611,10,-0.13474684953689575
3612,10,-0.14407193660736084
3613,21,1.1572389602661133
3614,9,-0.3455770015716553
3615,4,-1.8091613054275513
3616,4,-1.8298500776290894
3617,2,-2.601585865020752
3618,4,-1.5840965509414673
3619,3,-1.9360860586166382
3620,8,-0.4245556592941284
3621,15,0.630586564540863
3622,4,-1.6465308666229248
3623,11,0.06815272569656372
3624,4,-1.5389161109924316
3625,19,1.0447943210601807
3626,4,-1.8023003339767456
3627,4,-1.6586408615112305
3628,8,-0.38049739599227905
3629,9,-0.21052998304367065
3630,18,0.9459804892539978
3631,7,-0.8094598054885864
3632,6,-1.0499401092529297
3633,4,-1.6707704067230225
3634,4,-1.7556209564208984
3635,4,-1.733415961265564
3636,9,-0.22888410091400146
3637,5,-1.180271863937378
3638,6,-1.125867247581482
3639,5,-1.3408640623092651
3640,1,-2.8430206775665283
3641,12,0.2019621729850769
3642,30,1.6060900688171387
3643,9,-0.29872608184814453
3644,4,-1.539869785308838
3645,4,-1.6659576892852783
3646,8,-0.5113492608070374
3647,3,-2.2620158195495605
3648,14,0.49612706899642944
3649,13,0.36055999994277954
3650,4,-1.7125290632247925
3651,4,-1.6440767049789429
3652,11,0.023656606674194336
3653,28,1.566603183746338
3654,26,1.4657819271087646
3655,22,1.2842051982879639
3656,10,-0.014973223209381104
3657,4,-1.7985410690307617
3658,10,-0.0716562271118164
3659,8,-0.5432687997817993
3660,7,-0.691389799118042
3661,7,-0.8100340962409973
3662,5,-1.3594870567321777
3663,9,-0.32075220346450806
3664,4,-1.6254761219024658
3665,4,-1.7914998531341553
3666,28,1.5728981494903564
3667,7,-0.6912264227867126
3668,9,-0.174130380153656
3669,6,-1.1144853830337524
3670,4,-1.743261694908142
3671,12,0.325303852558136
3672,24,1.4003887176513672
3673,4,-1.7956469058990479
3674,12,0.31114107370376587
3675,12,0.26665765047073364
3676,4,-1.5740787982940674
3677,4,-1.629778265953064
3678,19,1.057785987854004
3679,3,-1.907170057296753
3680,9,-0.27031731605529785
3681,17,0.8584333062171936
3682,7,-0.7931679487228394
3683,30,1.601959466934204
3684,10,-0.048302292823791504
3685,4,-1.4743181467056274
3686,4,-1.7513699531555176
3687,4,-1.6933438777923584
3688,6,-1.1103999614715576
3689,5,-1.2928080558776855
3690,5,-1.4427977800369263
3691,8,-0.4369339942932129
3692,9,-0.3017066717147827
3693,14,0.5781510472297668
3694,6,-0.906467854976654
3695,17,0.8212077021598816
3696,4,-1.8007493019104004
3697,1,-2.82527756690979
3698,5,-1.3233202695846558
3699,3,-2.009256362915039
3700,11,0.09598928689956665
3701,4,-1.765317678451538
3702,5,-1.1409075260162354
3703,12,0.2037070393562317
3704,8,-0.49731966853141785
3705,10,0.011627435684204102
3706,4,-1.4799836874008179
3707,21,1.1548142433166504
3708,1,-2.8380062580108643
3709,30,1.6135754585266113
3710,2,-2.5040385723114014
3711,17,0.8324173092842102
3712,10,-0.006000041961669922
3713,7,-0.7581744194030762
3714,4,-1.5630481243133545
3715,3,-1.8876056671142578
3716,29,1.5857234001159668
3717,4,-1.7600094079971313
3718,6,-1.1028380393981934
3719,9,-0.24149209260940552
3720,4,-1.6323795318603516
3721,19,1.0529842376708984
3722,21,1.1638274192810059
3723,30,1.6104519367218018
3724,16,0.7821291089057922
3725,4,-1.6190602779388428
3726,17,0.8840282559394836
3727,16,0.6998323798179626
3728,4,-1.671187400817871
3729,16,0.7489790320396423
3730,8,-0.398942768573761
3731,2,-2.502654790878296
3732,30,1.6133086681365967
3733,4,-1.6391551494598389
3734,3,-2.039630889892578
3735,10,-0.02151775360107422
3736,6,-0.9043129086494446
3737,17,0.8116673827171326
3738,9,-0.31616270542144775
3739,3,-1.8617277145385742
3740,12,0.21781593561172485
3741,8,-0.48310884833335876
3742,18,0.9125385880470276
3743,9,-0.3183855414390564
3744,7,-0.8478742241859436
3745,9,-0.18884265422821045
3746,30,1.614232063293457
3747,7,-0.6298385262489319
3748,30,1.6069724559783936
3749,4,-1.7312326431274414
3750,12,0.3169434666633606
3751,7,-0.7936279773712158
3752,22,1.2845146656036377
3753,4,-1.551363468170166
3754,17,0.8482387661933899
3755,4,-1.6941773891448975
3756,4,-1.6431784629821777
3757,1,-2.787443161010742
3758,14,0.5838012099266052
3759,4,-1.7575244903564453
3760,6,-0.934924840927124
3761,23,1.3074243068695068
3762,6,-0.9571437239646912
3763,8,-0.4834805727005005
3764,2,-2.500596523284912
3765,12,0.21973425149917603
3766,25,1.4138445854187012
3767,12,0.22540539503097534
3768,5,-1.1841626167297363
3769,21,1.1881918907165527
3770,4,-1.6987853050231934
3771,4,-1.7013508081436157
3772,1,-2.843222141265869
3773,8,-0.47450321912765503
3774,1,-2.7963156700134277
3775,4,-1.6236565113067627
3776,3,-2.0051467418670654
3777,4,-1.7776548862457275
3778,4,-1.765394926071167
3779,6,-0.8777041435241699
3780,5,-1.1826248168945312
3781,12,0.3048411011695862
3782,20,1.1002228260040283
3783,13,0.4399726986885071
3784,4,-1.6796810626983643
3785,16,0.7494799494743347
3786,5,-1.3225281238555908
3787,14,0.5204855799674988
3788,4,-1.7964966297149658
3789,3,-2.036869764328003
3790,8,-0.4637943506240845
3791,4,-1.5389087200164795
3792,12,0.21417707204818726
3793,1,-2.765846014022827
3794,3,-1.834040641784668
3795,4,-1.5818593502044678
3796,4,-1.599892258644104
3797,10,-0.12936288118362427
3798,21,1.1812217235565186
3799,6,-1.0117955207824707
3800,10,-0.00036197900772094727
3801,19,1.035257339477539
3802,16,0.7963365912437439
3803,9,-0.3018879294395447
3804,17,0.8454920649528503
3805,8,-0.4755181074142456
3806,4,-1.506652593612671
3807,6,-0.8560803532600403
3808,4,-1.7121846675872803
3809,8,-0.520818829536438
3810,10,-0.014014899730682373
3811,10,-0.1360536813735962
3812,14,0.552678644657135
3813,16,0.7691357731819153
3814,17,0.8304749131202698
3815,11,0.15637582540512085
3816,4,-1.6311225891113281
3817,6,-1.1214925050735474
3818,5,-1.2368762493133545
3819,13,0.355455219745636
3820,8,-0.52635657787323
3821,19,1.0269439220428467
3822,4,-1.6463379859924316
3823,20,1.1397614479064941
3824,19,0.9954995512962341
3825,6,-0.9058982729911804
3826,6,-0.9041846394538879
3827,10,-0.09310793876647949
3828,16,0.6971353888511658
3829,8,-0.5058820247650146
3830,19,1.0031509399414062
3831,4,-1.5040018558502197
3832,4,-1.6657240390777588
3833,14,0.5557981133460999
3834,9,-0.3735164999961853
3835,4,-1.6475197076797485
3836,13,0.4238261580467224
3837,14,0.543558657169342
3838,1,-2.7562475204467773
3839,4,-1.77117121219635
3840,20,1.1177146434783936
3841,9,-0.17370545864105225
3842,9,-0.3672600984573364
3843,12,0.27585989236831665
3844,4,-1.7763036489486694
3845,8,-0.5707486867904663
3846,4,-1.794052004814148
3847,7,-0.6482932567596436
3848,9,-0.2848091125488281
3849,7,-0.6482009291648865
3850,29,1.5801100730895996
3851,7,-0.6635100841522217
3852,7,-0.624843955039978
3853,4,-1.7588906288146973
3854,11,0.04452592134475708
3855,11,0.09698551893234253
3856,5,-1.4227254390716553
3857,19,1.0344746112823486
3858,22,1.2621066570281982
3859,4,-1.6521697044372559
3860,12,0.27631717920303345
3861,29,1.5782787799835205
3862,3,-1.9364664554595947
3863,7,-0.6578527688980103
3864,8,-0.3957933187484741
3865,21,1.2063114643096924
3866,5,-1.328997015953064
3867,5,-1.3402917385101318
3868,30,1.6151564121246338
3869,6,-0.8708884716033936
3870,14,0.538394033908844
3871,8,-0.3923272490501404
3872,2,-2.6755948066711426
3873,6,-0.8717722296714783
3874,4,-1.4796483516693115
3875,4,-1.7313909530639648
3876,4,-1.4955058097839355
3877,8,-0.3977746367454529
3878,7,-0.6501414775848389
3879,9,-0.2527124285697937
3880,7,-0.7155877947807312
3881,9,-0.25908827781677246
3882,6,-1.054196834564209
3883,3,-1.8507647514343262
3884,4,-1.7903900146484375
3885,16,0.7120829224586487
3886,8,-0.556200385093689
3887,8,-0.5655591487884521
3888,16,0.7145853638648987
3889,15,0.6889335513114929
3890,16,0.7347486615180969
3891,7,-0.6247948408126831
3892,4,-1.5187640190124512
3893,5,-1.3731763362884521
3894,4,-1.6842546463012695
3895,4,-1.5739915370941162
3896,14,0.5454508662223816
3897,4,-1.6769216060638428
3898,4,-1.523533582687378
3899,22,1.2321817874908447
3900,4,-1.5142931938171387
3901,11,0.13451474905014038
3902,15,0.6667093634605408
3903,13,0.4310917258262634
3904,5,-1.1720577478408813
3905,4,-1.599475383758545
3906,3,-1.9598026275634766
3907,4,-1.7512359619140625
3908,4,-1.642507791519165
3909,5,-1.418946385383606
3910,5,-1.4238550662994385
3911,19,1.0663962364196777
3912,7,-0.7161540985107422
3913,17,0.8229212164878845
3914,30,1.6015422344207764
3915,4,-1.4701460599899292
3916,8,-0.5601481199264526
3917,7,-0.7289703488349915
3918,4,-1.7298768758773804
3919,4,-1.662859559059143
3920,16,0.7167385220527649
3921,16,0.6978453993797302
3922,3,-2.090799570083618
3923,15,0.62750643491745
3924,26,1.49564528465271
3925,8,-0.5191694498062134
3926,9,-0.31395602226257324
3927,5,-1.3471500873565674
3928,10,-0.055004119873046875
3929,5,-1.3372387886047363
3930,4,-1.7697416543960571
3931,10,-0.13245302438735962
3932,6,-0.9450498819351196
3933,10,-0.06801849603652954
3934,11,0.18829530477523804
3935,4,-1.6112756729125977
3936,7,-0.8052258491516113
3937,4,-1.6804543733596802
3938,7,-0.7709683775901794
3939,9,-0.28282636404037476
3940,13,0.43153852224349976
3941,4,-1.6503326892852783
3942,5,-1.431997537612915
3943,18,0.9185360074043274
3944,4,-1.523939847946167
3945,5,-1.2555370330810547
3946,4,-1.5763863325119019
3947,9,-0.2866790294647217
3948,17,0.8949711918830872
3949,5,-1.3466897010803223
3950,26,1.49220871925354
3951,10,-0.0917978286743164
3952,20,1.136528491973877
3953,29,1.5834705829620361
3954,5,-1.4020251035690308
3955,18,0.9470321536064148
3956,20,1.0813713073730469
3957,3,-1.9469428062438965
3958,8,-0.558712363243103
3959,9,-0.3067697286605835
3960,6,-1.0883182287216187
3961,7,-0.6746317148208618
3962,30,1.6145734786987305
3963,5,-1.4504945278167725
3964,4,-1.5963783264160156
3965,9,-0.28602010011672974
3966,16,0.7684478163719177
3967,12,0.3150807023048401
3968,10,-0.14604580402374268
3969,4,-1.6106846332550049
3970,5,-1.2349555492401123
3971,17,0.8700209259986877
3972,8,-0.5270941257476807
3973,29,1.580190896987915
3974,4,-1.6335833072662354
3975,10,-0.13055700063705444
3976,10,-0.0789344310760498
3977,9,-0.27190887928009033
3978,25,1.4145264625549316
3979,26,1.4957499504089355
3980,17,0.8563615679740906
3981,5,-1.4349017143249512
3982,29,1.5819721221923828
3983,20,1.0739173889160156
3984,15,0.6788957715034485
3985,4,-1.4968819618225098
3986,9,-0.3030138611793518
3987,4,-1.6250005960464478
3988,18,0.982890784740448
3989,3,-1.884193778038025
3990,23,1.3295154571533203
3991,8,-0.5304181575775146
3992,11,0.16985052824020386
3993,4,-1.6426148414611816
3994,15,0.6549952626228333
3995,24,1.366342306137085
3996,7,-0.6762064099311829
3997,5,-1.1959742307662964
3998,12,0.2653889060020447
3999,10,-0.03441888093948364
4000,29,1.5968017578125
4001,18,0.9363710284233093
4002,4,-1.7414445877075195
4003,9,-0.29785770177841187
4004,5,-1.2747881412506104
4005,28,1.569657325744629
4006,4,-1.5467991828918457
4007,10,-0.09601849317550659
4008,10,-0.0008713603019714355
4009,7,-0.6961574554443359
4010,4,-1.6056532859802246
4011,9,-0.20045578479766846
4012,4,-1.540285587310791
4013,17,0.8545024991035461
4014,5,-1.4401204586029053
4015,30,1.6094741821289062
4016,8,-0.5398865938186646
4017,8,-0.5274927616119385
4018,3,-1.898003101348877
4019,5,-1.4099392890930176
4020,9,-0.32862937450408936
4021,14,0.5494325757026672
4022,10,-0.11114060878753662
4023,4,-1.598099946975708
4024,8,-0.38322532176971436
4025,19,0.9968032240867615
4026,4,-1.6093672513961792
4027,4,-1.5534138679504395
4028,8,-0.47323209047317505
4029,17,0.8058199286460876
4030,7,-0.6888269186019897
4031,13,0.3932545781135559
4032,6,-1.0668100118637085
4033,10,-0.06405740976333618
4034,10,-0.10590904951095581
4035,22,1.281841516494751
4036,21,1.205859899520874
4037,6,-0.8724132776260376
4038,2,-2.6229264736175537
4039,21,1.2229831218719482
4040,5,-1.4182631969451904
4041,21,1.1907129287719727
4042,14,0.4716365933418274
4043,13,0.38115090131759644
4044,11,0.06538301706314087
4045,4,-1.6149381399154663
4046,9,-0.1779741644859314
4047,1,-2.8324878215789795
4048,19,1.0472862720489502
4049,14,0.5124406218528748
4050,8,-0.42137449979782104
4051,4,-1.5592702627182007
4052,11,0.1874588131904602
4053,19,1.0213220119476318
4054,9,-0.31876951456069946
4055,7,-0.8350588083267212
4056,11,0.18597406148910522
4057,21,1.2199513912200928
4058,28,1.5670416355133057
4059,8,-0.5022480487823486
4060,12,0.23827379941940308
4061,21,1.172257423400879
4062,15,0.6788217425346375
4063,30,1.6134355068206787
4064,30,1.6123573780059814
4065,12,0.21695846319198608
4066,14,0.546070396900177
4067,9,-0.31266337633132935
4068,12,0.24463099241256714
4069,13,0.4043657183647156
4070,18,0.9827024340629578
4071,15,0.6171833872795105
4072,11,0.19152170419692993
4073,15,0.6810120940208435
4074,8,-0.4336138963699341
4075,20,1.142845630645752
4076,22,1.2412002086639404
4077,6,-1.0937310457229614
4078,19,1.0376379489898682
4079,8,-0.4608886241912842
4080,4,-1.7566254138946533
4081,9,-0.19878530502319336
4082,4,-1.7731071710586548
4083,24,1.3676488399505615
4084,4,-1.6323270797729492
4085,3,-2.195348024368286
4086,4,-1.6537623405456543
4087,4,-1.7840509414672852
4088,4,-1.5248534679412842
4089,4,-1.493208408355713
4090,8,-0.45370757579803467
4091,13,0.3878719210624695
4092,5,-1.3266159296035767
4093,24,1.4019019603729248
4094,4,-1.6965341567993164
4095,27,1.5165462493896484
4096,4,-1.4796733856201172
4097,13,0.4443874955177307
4098,11,0.0813186764717102
4099,7,-0.7176334261894226
4100,23,1.307602882385254
4101,15,0.6424203515052795
4102,30,1.6079010963439941
4103,9,-0.36253660917282104
4104,11,0.04508942365646362
4105,29,1.5887444019317627
4106,11,0.06798619031906128
4107,5,-1.438441514968872
4108,20,1.0875813961029053
4109,4,-1.57918119430542
4110,20,1.1141226291656494
4111,11,0.14775818586349487
4112,14,0.5521789193153381
4113,13,0.4581223130226135
4114,13,0.41806739568710327
4115,1,-2.8299927711486816
4116,4,-1.4681024551391602
4117,13,0.3422589898109436
4118,3,-2.1661951541900635
4119,9,-0.3529384732246399
4120,5,-1.4443495273590088
4121,18,0.9463534951210022
4122,15,0.6830561757087708
4123,9,-0.21350765228271484
4124,6,-1.0931155681610107
4125,23,1.3421194553375244
4126,4,-1.4643040895462036
4127,30,1.60843825340271
4128,30,1.6053974628448486
4129,26,1.4595673084259033
4130,5,-1.15797758102417
4131,16,0.7839315533638
4132,30,1.6143794059753418
4133,17,0.8313817381858826
4134,4,-1.7744529247283936
4135,4,-1.4852406978607178
4136,9,-0.32066214084625244
4137,4,-1.4829158782958984
4138,17,0.853267252445221
4139,7,-0.7516752481460571
4140,24,1.4030444622039795
4141,8,-0.48083314299583435
4142,20,1.1420369148254395
4143,10,0.014620542526245117
4144,13,0.4634445309638977
4145,8,-0.39331120252609253
4146,4,-1.5056531429290771
4147,8,-0.4205409288406372
4148,29,1.586595058441162
4149,7,-0.7357842326164246
4150,16,0.702262818813324
4151,16,0.7601591944694519
4152,11,0.10099822282791138
4153,6,-1.0715497732162476
4154,4,-1.6476304531097412
4155,9,-0.3590974807739258
4156,11,0.10440772771835327
4157,4,-1.5820882320404053
4158,10,0.007624506950378418
4159,4,-1.6502243280410767
4160,8,-0.5352510213851929
4161,4,-1.6486256122589111
4162,4,-1.467928171157837
4163,30,1.607137680053711
4164,4,-1.5795693397521973
4165,4,-1.6554230451583862
4166,30,1.6062736511230469
4167,13,0.34898072481155396
4168,9,-0.30167555809020996
4169,9,-0.24214184284210205
4170,4,-1.7021169662475586
4171,21,1.1499614715576172
4172,4,-1.8049969673156738
4173,8,-0.49796751141548157
4174,1,-2.83400559425354
4175,1,-2.7708628177642822
4176,4,-1.5417869091033936
4177,3,-1.9165539741516113
4178,15,0.6826755404472351
4179,4,-1.6292498111724854
4180,4,-1.5459985733032227
4181,6,-0.8928868770599365
4182,5,-1.29667067527771
4183,5,-1.2978878021240234
4184,14,0.5205954909324646
4185,15,0.5969875454902649
4186,12,0.3167340159416199
4187,30,1.6100823879241943
4188,5,-1.4397618770599365
4189,16,0.6978482604026794
4190,10,-0.14702928066253662
4191,11,0.13560575246810913
4192,18,0.9056428074836731
4193,5,-1.2453687191009521
4194,4,-1.4553648233413696
4195,8,-0.4306372404098511
4196,14,0.48288077116012573
4197,5,-1.2923169136047363
4198,10,-0.039881110191345215
4199,8,-0.3849905729293823
4200,30,1.6147286891937256
4201,4,-1.5836503505706787
4202,18,0.9030755162239075
4203,4,-1.679095983505249
4204,6,-0.8668259382247925
4205,1,-2.820342540740967
4206,4,-1.5501922369003296
4207,4,-1.4907426834106445
4208,12,0.19672566652297974
4209,12,0.2450914978981018
4210,11,0.17354220151901245
4211,11,0.1467534899711609
4212,10,-0.011910855770111084
4213,19,1.0191459655761719
4214,9,-0.1760433316230774
4215,4,-1.5872628688812256
4216,9,-0.3216617703437805
4217,5,-1.3735610246658325
4218,4,-1.5900299549102783
4219,19,1.0105493068695068
4220,13,0.42443376779556274
4221,6,-0.8908316493034363
4222,6,-0.8750837445259094
4223,11,0.12007254362106323
4224,29,1.5986599922180176
4225,8,-0.5237133502960205
4226,8,-0.4397522807121277
4227,20,1.0768978595733643
4228,3,-1.8347301483154297
4229,4,-1.483188271522522
4230,4,-1.4738723039627075
4231,12,0.28456658124923706
4232,4,-1.5911591053009033
4233,16,0.7518370747566223
4234,1,-2.841214895248413
4235,9,-0.22129559516906738
4236,10,-0.09260457754135132
4237,9,-0.2812964916229248
4238,8,-0.5772535800933838
4239,12,0.21764010190963745
4240,4,-1.4604382514953613
4241,10,-0.004195153713226318
4242,4,-1.5338921546936035
4243,8,-0.5525219440460205
4244,24,1.3941607475280762
4245,4,-1.6201093196868896
4246,5,-1.1922698020935059
4247,20,1.1270840167999268
4248,2,-2.357527017593384
4249,4,-1.4580570459365845
4250,16,0.7208673357963562
4251,12,0.1992674469947815
4252,10,-0.11841899156570435
4253,5,-1.3599363565444946
4254,27,1.539191484451294
4255,19,0.9886884093284607
4256,4,-1.8269803524017334
4257,2,-2.4435617923736572
4258,7,-0.6718146800994873
4259,4,-1.6506273746490479
4260,4,-1.7037110328674316
4261,9,-0.2952142357826233
4262,4,-1.6199324131011963
4263,18,0.9645770192146301
4264,4,-1.584246039390564
4265,19,1.0621261596679688
4266,3,-2.2192282676696777
4267,5,-1.353406310081482
4268,10,-0.11250585317611694
4269,11,0.054092347621917725
4270,10,-0.060508549213409424
4271,9,-0.2929198741912842
4272,10,-0.11568111181259155
4273,26,1.4738223552703857
4274,5,-1.1550889015197754
4275,14,0.4862019419670105
4276,5,-1.3642096519470215
4277,24,1.3521816730499268
4278,16,0.7086166739463806
4279,12,0.23812156915664673
4280,9,-0.2667441964149475
4281,4,-1.4658794403076172
4282,7,-0.6693436503410339
4283,12,0.30363112688064575
4284,11,0.04261559247970581
4285,8,-0.44699567556381226
4286,7,-0.7271122932434082
4287,4,-1.5246471166610718
4288,24,1.3963136672973633
4289,8,-0.487687885761261
4290,7,-0.8464669585227966
4291,29,1.591146469116211
4292,3,-2.140078067779541
4293,25,1.4488723278045654
4294,18,0.9019625782966614
4295,1,-2.7321295738220215
4296,8,-0.5786852836608887
4297,17,0.8897783160209656
4298,5,-1.443349838256836
4299,12,0.29349976778030396
4300,2,-2.5022261142730713
4301,8,-0.38051480054855347
4302,2,-2.481754779815674
4303,10,-0.08048492670059204
4304,7,-0.7646557688713074
4305,5,-1.3560606241226196
4306,6,-0.9530462026596069
4307,8,-0.3980987071990967
4308,9,-0.3026946783065796
4309,2,-2.6075925827026367
4310,10,-0.08563095331192017
4311,17,0.8367285132408142
4312,4,-1.5520521402359009
4313,18,0.9815652966499329
4314,8,-0.5616968274116516
4315,18,0.9702498316764832
4316,17,0.821948230266571
4317,4,-1.551816701889038
4318,5,-1.2972522974014282
4319,4,-1.4889731407165527
4320,11,0.10930472612380981
4321,13,0.3616335988044739
4322,8,-0.5301355123519897
4323,4,-1.6338086128234863
4324,30,1.6016566753387451
4325,7,-0.8118939995765686
4326,16,0.7258519530296326
4327,5,-1.211721420288086
4328,8,-0.45111387968063354
4329,7,-0.6299228668212891
4330,17,0.8797768950462341
4331,21,1.153005838394165
4332,23,1.3021962642669678
4333,13,0.37661105394363403
4334,5,-1.3015716075897217
4335,15,0.6778494715690613
4336,10,-0.08707213401794434
4337,17,0.888006865978241
4338,12,0.2574048638343811
4339,7,-0.7568269968032837
4340,20,1.0730786323547363
4341,11,0.048104822635650635
4342,5,-1.2918555736541748
4343,9,-0.1742447018623352
4344,4,-1.6528609991073608
4345,4,-1.4869495630264282
4346,6,-1.0900938510894775
4347,5,-1.220167875289917
4348,4,-1.4750902652740479
4349,7,-0.8146030902862549
4350,5,-1.395103096961975
4351,4,-1.4632422924041748
4352,21,1.2056856155395508
4353,4,-1.512729287147522
4354,4,-1.6030588150024414
4355,7,-0.6509304046630859
4356,16,0.7268974184989929
4357,10,0.002358376979827881
4358,8,-0.46585947275161743
4359,3,-2.2111451625823975
4360,9,-0.3338424563407898
4361,7,-0.6830959320068359
4362,5,-1.350924015045166
4363,30,1.6070587635040283
4364,9,-0.28762751817703247
4365,9,-0.2781103849411011
4366,8,-0.4261739253997803
4367,16,0.7831857800483704
4368,9,-0.2719951272010803
4369,30,1.6150233745574951
4370,16,0.7608583569526672
4371,6,-0.9882413744926453
4372,12,0.25954562425613403
4373,15,0.6145122647285461
4374,4,-1.5803709030151367
4375,11,0.10418683290481567
4376,4,-1.589280605316162
4377,12,0.258436381816864
4378,5,-1.3998764753341675
4379,5,-1.4433008432388306
4380,11,0.0596274733543396
4381,3,-1.8324871063232422
4382,5,-1.4233403205871582
4383,7,-0.6832829713821411
4384,8,-0.4747675657272339
4385,4,-1.5164231061935425
4386,4,-1.5716161727905273
4387,10,-0.06526720523834229
4388,11,0.0949907898902893
4389,2,-2.3097853660583496
4390,11,0.06631988286972046
4391,9,-0.27560412883758545
4392,11,0.1280161738395691
4393,4,-1.5701241493225098
4394,12,0.2168927788734436
4395,8,-0.5934723019599915
4396,15,0.6467975974082947
4397,6,-0.9646897315979004
4398,17,0.8154394030570984
4399,19,1.0254385471343994
4400,5,-1.327233076095581
4401,4,-1.8218402862548828
4402,9,-0.25208669900894165
4403,14,0.5307255387306213
4404,13,0.4318435788154602
4405,29,1.5917601585388184
4406,5,-1.3563426733016968
4407,12,0.29212015867233276
4408,10,-0.10086500644683838
4409,5,-1.2610710859298706
4410,6,-1.0585262775421143
4411,4,-1.8007514476776123
4412,8,-0.5001907348632812
4413,4,-1.5898354053497314
4414,9,-0.2370617389678955
4415,4,-1.498457431793213
4416,5,-1.253077507019043
4417,5,-1.412797212600708
4418,10,0.010042548179626465
4419,5,-1.3053407669067383
4420,3,-1.9864954948425293
4421,12,0.2712227702140808
4422,9,-0.19012820720672607
4423,16,0.7270085215568542
4424,5,-1.2078828811645508
4425,13,0.34628480672836304
4426,5,-1.3893532752990723
4427,4,-1.8115602731704712
4428,1,-2.8375513553619385
4429,4,-1.5068562030792236
4430,1,-2.8320932388305664
4431,10,-0.04358798265457153
4432,6,-0.9697158932685852
4433,14,0.5697259306907654
4434,5,-1.2164926528930664
4435,6,-1.1095800399780273
4436,27,1.5379209518432617
4437,12,0.25597184896469116
4438,4,-1.6034657955169678
4439,15,0.6139926314353943
4440,5,-1.2942883968353271
4441,9,-0.34115612506866455
4442,19,1.020885705947876
4443,3,-2.111543655395508
4444,6,-1.0154696702957153
4445,9,-0.32957470417022705
4446,4,-1.5591957569122314
4447,26,1.4802188873291016
4448,1,-2.839118242263794
4449,8,-0.4221566319465637
4450,26,1.4669687747955322
4451,4,-1.5615686178207397
4452,25,1.4504547119140625
4453,1,-2.8332786560058594
4454,1,-2.7841410636901855
4455,25,1.4500789642333984
4456,8,-0.46242621541023254
4457,17,0.8181706070899963
4458,11,0.0785333514213562
4459,2,-2.596666097640991
4460,21,1.164806842803955
4461,2,-2.458014965057373
4462,2,-2.5928728580474854
4463,1,-2.74436616897583
4464,8,-0.5651641488075256
4465,6,-1.0157171487808228
4466,4,-1.5182347297668457
4467,13,0.39927440881729126
4468,10,-0.14387822151184082
4469,4,-1.550567388534546
4470,12,0.2756504416465759
4471,12,0.2669067978858948
4472,1,-2.8430449962615967
4473,10,-0.15530723333358765
4474,17,0.8813566565513611
4475,4,-1.6553411483764648
4476,17,0.8928700089454651
4477,11,0.04948049783706665
4478,2,-2.4364144802093506
4479,4,-1.463857889175415
4480,9,-0.21261346340179443
4481,18,0.9427066445350647
4482,12,0.3364374041557312
4483,4,-1.7346220016479492
4484,1,-2.8428666591644287
4485,5,-1.3232882022857666
4486,5,-1.3916312456130981
4487,12,0.31009918451309204
4488,10,-0.15475183725357056
4489,11,0.12769466638565063
4490,12,0.2684399485588074
4491,19,0.9898054003715515
4492,28,1.5712621212005615
4493,11,0.09605652093887329
4494,15,0.6172184348106384
4495,14,0.5831822752952576
4496,4,-1.557131290435791
4497,20,1.0998611450195312
4498,9,-0.23988878726959229
4499,9,-0.3309318423271179
4500,5,-1.4442771673202515
4501,4,-1.5083369016647339
4502,15,0.5894109606742859
4503,10,0.0008441805839538574
4504,17,0.8345891833305359
4505,18,0.9647853970527649
4506,12,0.2945302128791809
4507,20,1.0715835094451904
4508,16,0.7603065371513367
4509,4,-1.626859426498413
4510,5,-1.4162282943725586
4511,8,-0.5514492988586426
4512,12,0.23276907205581665
4513,5,-1.3707674741744995
4514,11,0.060967981815338135
4515,5,-1.3788156509399414
4516,28,1.571195363998413
4517,12,0.22135847806930542
4518,5,-1.3151472806930542
4519,4,-1.5053226947784424
4520,19,1.065075397491455
4521,12,0.27753669023513794
4522,10,-0.11274033784866333
4523,15,0.6842369437217712
4524,29,1.5769155025482178
4525,4,-1.566483497619629
4526,26,1.4649429321289062
4527,30,1.6132869720458984
4528,12,0.24977141618728638
4529,24,1.3708412647247314
4530,6,-0.9684346318244934
4531,10,-0.08159869909286499
4532,14,0.565433919429779
4533,12,0.336020290851593
4534,4,-1.5237369537353516
4535,19,1.020737648010254
4536,4,-1.5593124628067017
4537,11,0.14450424909591675
4538,9,-0.2790132761001587
4539,18,0.9342266917228699
4540,5,-1.1919572353363037
4541,5,-1.1577937602996826
4542,29,1.5846004486083984
4543,9,-0.21361428499221802
4544,5,-1.2818903923034668
4545,4,-1.565742015838623
4546,30,1.6151490211486816
4547,11,0.08223813772201538
4548,18,0.9316748976707458
4549,9,-0.24257832765579224
4550,7,-0.6372545957565308
4551,4,-1.4902318716049194
4552,4,-1.4736964702606201
4553,10,-0.10827398300170898
4554,17,0.8325430750846863
4555,7,-0.8142823576927185
4556,5,-1.4165968894958496
4557,4,-1.5585529804229736
4558,2,-2.6733970642089844
4559,16,0.7779198288917542
4560,8,-0.5574415922164917
4561,18,0.9626261591911316
4562,25,1.412569284439087
4563,6,-0.8820712566375732
4564,12,0.2573468089103699
4565,4,-1.4804184436798096
4566,14,0.483295738697052
4567,3,-2.1518640518188477
4568,4,-1.475111961364746
4569,10,-0.14298295974731445
4570,13,0.42821115255355835
4571,1,-2.814072370529175
4572,12,0.30132347345352173
4573,16,0.7350824475288391
4574,4,-1.6436984539031982
4575,19,1.0587716102600098
4576,7,-0.7633540630340576
4577,5,-1.3702419996261597
4578,8,-0.5733938217163086
4579,4,-1.52524733543396
4580,6,-0.9437233805656433
4581,17,0.8744706511497498
4582,11,0.051391005516052246
4583,5,-1.2412254810333252
4584,20,1.1084818840026855
4585,10,-0.14696431159973145
4586,5,-1.3777477741241455
4587,5,-1.3562781810760498
4588,4,-1.7507305145263672
4589,13,0.3495634198188782
4590,20,1.091047763824463
4591,5,-1.3802181482315063
4592,7,-0.7543669939041138
4593,1,-2.816969156265259
4594,5,-1.2803572416305542
4595,9,-0.27426350116729736
4596,13,0.4063877463340759
4597,16,0.7831928133964539
4598,9,-0.2165238857269287
4599,12,0.24022549390792847
4600,13,0.4363827109336853
4601,19,1.0450875759124756
4602,2,-2.556145191192627
4603,8,-0.49179983139038086
4604,5,-1.2495958805084229
4605,8,-0.41024619340896606
4606,21,1.1889653205871582
4607,5,-1.389538049697876
4608,30,1.6091017723083496
4609,30,1.6041443347930908
4610,12,0.2838122248649597
4611,29,1.593581199645996
4612,16,0.7485169768333435
4613,4,-1.4790455102920532
4614,6,-1.0511276721954346
4615,13,0.4306486248970032
4616,4,-1.5388411283493042
4617,6,-0.9072325825691223
4618,18,0.9471706748008728
4619,4,-1.519827127456665
4620,10,-0.14331519603729248
4621,13,0.3540111184120178
4622,30,1.6070520877838135
4623,16,0.7390921711921692
4624,12,0.3300856947898865
4625,8,-0.44692862033843994
4626,13,0.44432300329208374
4627,9,-0.3095585107803345
4628,10,-0.1260485053062439
4629,5,-1.195563554763794
4630,8,-0.4484589993953705
4631,10,0.009146332740783691
4632,19,1.0191407203674316
4633,5,-1.4038476943969727
4634,11,0.07404512166976929
4635,9,-0.3544444441795349
4636,8,-0.42174583673477173
4637,11,0.1914690136909485
4638,9,-0.3197726011276245
4639,1,-2.6992878913879395
4640,22,1.2507858276367188
4641,17,0.8811931014060974
4642,9,-0.2557242512702942
4643,4,-1.470691442489624
4644,6,-0.9833394885063171
4645,10,-0.02856004238128662
4646,4,-1.4866251945495605
4647,7,-0.6825416684150696
4648,5,-1.3388891220092773
4649,5,-1.3321924209594727
4650,15,0.6282545924186707
4651,12,0.23527508974075317
4652,11,0.18867391347885132
4653,4,-1.502153754234314
4654,2,-2.343482732772827
4655,15,0.6106341481208801
4656,28,1.5474109649658203
4657,12,0.27083319425582886
4658,16,0.7151395678520203
4659,12,0.23352164030075073
4660,16,0.7658812403678894
4661,22,1.2580361366271973
4662,4,-1.6041843891143799
4663,5,-1.2062474489212036
4664,17,0.8050152659416199
4665,22,1.2747387886047363
4666,5,-1.236116886138916
4667,5,-1.2965877056121826
4668,8,-0.4748131036758423
4669,5,-1.2983027696609497
4670,22,1.2410557270050049
4671,13,0.35013705492019653
4672,9,-0.19918721914291382
4673,4,-1.5411248207092285
4674,5,-1.4074251651763916
4675,4,-1.5519957542419434
4676,7,-0.7155373096466064
4677,15,0.6432123780250549
4678,6,-1.0669124126434326
4679,6,-1.1225695610046387
4680,5,-1.4027506113052368
4681,5,-1.376949667930603
4682,19,1.0384929180145264
4683,14,0.5023929476737976
4684,30,1.6125149726867676
4685,2,-2.6108851432800293
4686,9,-0.2352079153060913
4687,5,-1.2620903253555298
4688,5,-1.2021414041519165
4689,4,-1.5176887512207031
4690,6,-0.9667060971260071
4691,29,1.5840809345245361
4692,17,0.8160410523414612
4693,4,-1.5595753192901611
4694,5,-1.4491510391235352
4695,7,-0.602327287197113
4696,11,0.14032334089279175
4697,15,0.6017301678657532
4698,8,-0.489409863948822
4699,22,1.2607219219207764
4700,5,-1.4127070903778076
4701,5,-1.2858880758285522
4702,8,-0.44952890276908875
4703,5,-1.326352834701538
4704,15,0.6207734942436218
4705,18,0.9320254921913147
4706,4,-1.457195520401001
4707,12,0.2644323706626892
4708,25,1.4295568466186523
4709,19,0.9989755749702454
4710,22,1.2479190826416016
4711,20,1.1095647811889648
4712,9,-0.3467661142349243
4713,17,0.895939290523529
4714,19,1.04150390625
4715,5,-1.2392654418945312
4716,5,-1.3165022134780884
4717,9,-0.32400572299957275
4718,14,0.5372270941734314
4719,5,-1.3289152383804321
4720,14,0.5048488974571228
4721,6,-0.9722456336021423
4722,14,0.5228146910667419
4723,5,-1.1950968503952026
4724,5,-1.314753770828247
4725,13,0.34823840856552124
4726,14,0.5847563147544861
4727,28,1.5500643253326416
4728,25,1.4152500629425049
4729,8,-0.5422834753990173
4730,17,0.8964372277259827
4731,5,-1.34749436378479
4732,9,-0.2437174916267395
4733,30,1.614551067352295
4734,13,0.43879979848861694
4735,9,-0.3371780514717102
4736,8,-0.40378713607788086
4737,19,1.019573450088501
4738,10,-0.08466285467147827
4739,2,-2.5743863582611084
4740,14,0.5114702582359314
4741,13,0.39931637048721313
4742,19,1.0437583923339844
4743,14,0.49632126092910767
4744,23,1.3101396560668945
4745,1,-2.8183515071868896
4746,10,-0.010572969913482666
4747,26,1.4744086265563965
4748,6,-0.9668639898300171
4749,4,-1.5437490940093994
4750,17,0.8126681447029114
4751,16,0.7202534079551697
4752,23,1.3334274291992188
4753,10,-0.052529752254486084
4754,4,-1.5433149337768555
4755,6,-0.9773560762405396
4756,7,-0.7092522382736206
4757,27,1.535881519317627
4758,14,0.5634573101997375
4759,5,-1.3106796741485596
4760,13,0.43451040983200073
4761,10,0.01636219024658203
4762,22,1.2729966640472412
4763,19,1.0202267169952393
4764,20,1.115180253982544
4765,2,-2.676151990890503
4766,9,-0.17179203033447266
4767,10,-0.16452568769454956
4768,13,0.4192027449607849
4769,9,-0.1969221830368042
4770,4,-1.4596681594848633
4771,4,-1.5627262592315674
4772,22,1.2766470909118652
4773,14,0.47614723443984985
4774,10,-0.14438605308532715
4775,4,-1.4702136516571045
4776,3,-2.192034959793091
4777,5,-1.319427490234375
4778,4,-1.806044101715088
4779,14,0.527263343334198
4780,11,0.12196296453475952
4781,11,0.1327776312828064
4782,9,-0.263927698135376
4783,5,-1.239824652671814
4784,22,1.2603209018707275
4785,5,-1.3278741836547852
4786,12,0.3183514475822449
4787,20,1.1412301063537598
4788,18,0.9305548071861267
4789,22,1.2594490051269531
4790,13,0.43133074045181274
4791,20,1.0942351818084717
4792,5,-1.3912945985794067
4793,19,1.0238702297210693
4794,23,1.297302007675171
4795,12,0.278099000453949
4796,5,-1.236764907836914
4797,12,0.19669824838638306
4798,13,0.4286319613456726
4799,13,0.36653369665145874
4800,5,-1.3467772006988525
4801,5,-1.3241552114486694
4802,19,1.0229971408843994
4803,12,0.2042967677116394
4804,14,0.4961617588996887
4805,14,0.5204231142997742
4806,15,0.6056134104728699
4807,28,1.569366693496704
4808,30,1.6136512756347656
4809,5,-1.3755569458007812
4810,4,-1.4985334873199463
4811,15,0.5886735320091248
4812,12,0.23659080266952515
4813,6,-0.9372333288192749
4814,28,1.5674302577972412
4815,16,0.7670227885246277
4816,6,-1.1080635786056519
4817,2,-2.5506227016448975
4818,5,-1.1912868022918701
4819,21,1.1930811405181885
4820,9,-0.18199777603149414
4821,17,0.8314830660820007
4822,17,0.8120371699333191
4823,3,-1.98040771484375
4824,20,1.1438720226287842
4825,5,-1.2775077819824219
4826,24,1.3761281967163086
4827,5,-1.2380276918411255
4828,4,-1.4962143898010254
4829,11,0.06926053762435913
4830,26,1.466597080230713
4831,11,0.0536423921585083
4832,16,0.7234774231910706
4833,14,0.5575479865074158
4834,1,-2.8068010807037354
4835,19,0.9886619448661804
4836,14,0.5791189074516296
4837,21,1.2066679000854492
4838,11,0.055757105350494385
4839,8,-0.5864224433898926
4840,5,-1.2497272491455078
4841,6,-1.1021203994750977
4842,10,-0.10600030422210693
4843,30,1.6103734970092773
4844,5,-1.3132398128509521
4845,5,-1.364525318145752
4846,12,0.20842653512954712
4847,5,-1.3625876903533936
4848,13,0.39161282777786255
4849,5,-1.392211675643921
4850,13,0.4141128659248352
4851,8,-0.45528921484947205
4852,5,-1.4191019535064697
4853,4,-1.477698564529419
4854,10,-0.13863009214401245
4855,15,0.6370306611061096
4856,6,-1.1284053325653076
4857,5,-1.3719412088394165
4858,5,-1.3459248542785645
4859,7,-0.7965755462646484
4860,6,-0.8592787384986877
4861,6,-1.1312170028686523
4862,9,-0.32871443033218384
4863,6,-0.9920778870582581
4864,19,0.9973179697990417
4865,7,-0.7485483884811401
4866,14,0.5415827631950378
4867,20,1.1426575183868408
4868,5,-1.3401411771774292
4869,8,-0.4309343695640564
4870,5,-1.440424919128418
4871,15,0.5899959206581116
4872,5,-1.3921016454696655
4873,27,1.5107500553131104
4874,5,-1.1976224184036255
4875,21,1.1761524677276611
4876,5,-1.326708197593689
4877,14,0.5185275673866272
4878,13,0.4422944188117981
4879,16,0.7405063509941101
4880,13,0.35554343461990356
4881,5,-1.450458288192749
4882,30,1.6105000972747803
4883,14,0.5065191388130188
4884,9,-0.19635462760925293
4885,22,1.2353723049163818
4886,12,0.20997744798660278
4887,11,0.10016793012619019
4888,25,1.4352760314941406
4889,4,-1.4732587337493896
4890,5,-1.4218758344650269
4891,30,1.6121222972869873
4892,2,-2.3925976753234863
4893,6,-0.9471889734268188
4894,10,-0.02900874614715576
4895,11,0.020656108856201172
4896,10,-0.05917179584503174
4897,10,-0.03876394033432007
4898,12,0.2945325970649719
4899,9,-0.33248770236968994
4900,5,-1.357337474822998
4901,11,0.0809057354927063
4902,23,1.3352296352386475
4903,10,-0.006387054920196533
4904,11,0.10338073968887329
4905,14,0.5675484538078308
4906,30,1.6123502254486084
4907,5,-1.2433996200561523
4908,10,-0.1213427186012268
4909,17,0.8652879595756531
4910,17,0.8706764578819275
4911,13,0.41167670488357544
4912,12,0.22123903036117554
4913,13,0.3910074830055237
4914,12,0.2364843487739563
4915,17,0.8079795241355896
4916,5,-1.4343440532684326
4917,5,-1.3032132387161255
4918,1,-2.8429219722747803
4919,4,-1.462583065032959
4920,12,0.22630614042282104
4921,10,0.008628666400909424
4922,14,0.48949772119522095
4923,5,-1.2770638465881348
4924,5,-1.4067023992538452
4925,15,0.6154645085334778
4926,5,-1.3620498180389404
4927,5,-1.32422935962677
4928,21,1.1682777404785156
4929,17,0.8303123116493225
4930,14,0.5469080805778503
4931,16,0.7762747406959534
4932,18,0.9669415354728699
4933,5,-1.2688159942626953
4934,5,-1.3949909210205078
4935,12,0.303738534450531
4936,18,0.9608998894691467
4937,10,-0.03902989625930786
4938,29,1.5746030807495117
4939,9,-0.3254696726799011
4940,12,0.26082807779312134
4941,5,-1.3100428581237793
4942,5,-1.2207921743392944
4943,14,0.47971147298812866
4944,29,1.5855073928833008
4945,15,0.6879273056983948
4946,30,1.6011912822723389
4947,21,1.1796748638153076
4948,5,-1.2598836421966553
4949,9,-0.2893686890602112
4950,6,-1.1062275171279907
4951,14,0.5441892743110657
4952,30,1.603203296661377
4953,5,-1.3365422487258911
4954,5,-1.248529076576233
4955,25,1.4232523441314697
4956,5,-1.28315269947052
4957,6,-1.1344139575958252
4958,4,-1.4990229606628418
4959,28,1.549260139465332
4960,11,0.15841835737228394
4961,7,-0.7416547536849976
4962,18,0.9128530621528625
4963,5,-1.3075464963912964
4964,5,-1.2335762977600098
4965,9,-0.20476555824279785
4966,6,-1.0006974935531616
4967,11,0.0889635682106018
4968,15,0.6319053769111633
4969,19,1.0151243209838867
4970,10,-0.07135379314422607
4971,6,-1.0062896013259888
4972,5,-1.1816608905792236
4973,14,0.5331234335899353
4974,5,-1.3581690788269043
4975,13,0.4200790524482727
4976,3,-2.1317543983459473
4977,5,-1.1556209325790405
4978,4,-1.5935128927230835
4979,9,-0.18010079860687256
4980,5,-1.2662162780761719
4981,18,0.9561697840690613
4982,13,0.4658434987068176
4983,25,1.4453375339508057
4984,11,0.10722368955612183
4985,15,0.655251681804657
4986,6,-1.121289849281311
4987,13,0.4351121783256531
4988,21,1.1693484783172607
4989,8,-0.38876962661743164
4990,5,-1.3401856422424316
4991,15,0.5911476016044617
4992,5,-1.229941725730896
4993,9,-0.20079416036605835
4994,5,-1.2790248394012451
4995,4,-1.5032024383544922
4996,5,-1.3315426111221313
4997,13,0.42312484979629517
4998,6,-0.9039024710655212
4999,7,-0.6956716775894165
5000,5,-1.4456489086151123
5001,9,-0.2546520233154297
5002,4,-1.5776292085647583
5003,2,-2.441796064376831
5004,12,0.1948809027671814
5005,26,1.501915693283081
5006,5,-1.371098518371582
5007,5,-1.3376953601837158
5008,12,0.21902793645858765
5009,10,0.017586052417755127
5010,5,-1.4004433155059814
5011,10,-0.04468721151351929
5012,10,-0.07197332382202148
5013,5,-1.3443191051483154
5014,6,-0.8843830823898315
5015,3,-2.106632947921753
5016,6,-1.133635401725769
5017,5,-1.2220596075057983
5018,6,-1.1266874074935913
5019,5,-1.308030605316162
5020,29,1.5867571830749512
5021,6,-0.9936843514442444
5022,6,-1.0643516778945923
5023,10,-0.08467036485671997
5024,5,-1.347358226776123
5025,10,-0.14744782447814941
5026,9,-0.22849977016448975
5027,5,-1.4059339761734009
5028,1,-2.7344813346862793
5029,1,-2.8142988681793213
5030,2,-2.587444543838501
5031,5,-1.1390652656555176
5032,6,-0.9150277376174927
5033,6,-1.0464447736740112
5034,4,-1.6790754795074463
5035,5,-1.409652590751648
5036,20,1.069927453994751
5037,15,0.6188217997550964
5038,5,-1.2604142427444458
5039,9,-0.21279680728912354
5040,27,1.522458553314209
5041,22,1.2483782768249512
5042,14,0.4686405062675476
5043,18,0.9535990357398987
5044,11,0.18971854448318481
5045,7,-0.6302756071090698
5046,10,-0.15686708688735962
5047,17,0.8081280589103699
5048,5,-1.3197088241577148
5049,9,-0.17884594202041626
5050,11,0.03454720973968506
5051,4,-1.6526902914047241
5052,16,0.7546308636665344
5053,11,0.03707242012023926
5054,2,-2.6460232734680176
5055,6,-1.1067488193511963
5056,6,-0.9106282591819763
5057,8,-0.4943506717681885
5058,12,0.29195791482925415
5059,5,-1.3235522508621216
5060,4,-1.5796633958816528
5061,14,0.5107478499412537
5062,5,-1.4200336933135986
5063,7,-0.6224599480628967
5064,17,0.8304416537284851
5065,5,-1.3914434909820557
5066,30,1.6107678413391113
5067,9,-0.3240625262260437
5068,8,-0.5470201373100281
5069,15,0.6467674374580383
5070,18,0.9824759364128113
5071,21,1.1555531024932861
5072,5,-1.251436710357666
5073,5,-1.291373372077942
5074,5,-1.348313570022583
5075,5,-1.1655633449554443
5076,19,1.0207021236419678
5077,9,-0.27166616916656494
5078,5,-1.1930248737335205
5079,3,-1.8416088819503784
5080,5,-1.3801167011260986
5081,14,0.47124141454696655
5082,18,0.906871497631073
5083,23,1.3402111530303955
5084,10,-0.10834866762161255
5085,11,0.10399395227432251
5086,14,0.4736332297325134
5087,7,-0.6099855899810791
5088,4,-1.5089125633239746
5089,6,-0.9370863437652588
5090,1,-2.7958993911743164
5091,6,-1.0970678329467773
5092,8,-0.5289382934570312
5093,24,1.3974697589874268
5094,4,-1.5636861324310303
5095,19,1.0376160144805908
5096,22,1.2530758380889893
5097,10,0.004446685314178467
5098,11,0.020693659782409668
5099,5,-1.3036112785339355
5100,12,0.23020058870315552
5101,6,-1.0558116436004639
5102,5,-1.385754942893982
5103,5,-1.4240798950195312
5104,17,0.8820063471794128
5105,6,-1.1128101348876953
5106,5,-1.3992011547088623
5107,22,1.2351698875427246
5108,18,0.9598502516746521
5109,5,-1.2231987714767456
5110,30,1.6084578037261963
5111,30,1.60768461227417
5112,11,0.01914876699447632
5113,12,0.3131864666938782
5114,5,-1.383910894393921
5115,5,-1.1947635412216187
5116,6,-1.1074943542480469
5117,5,-1.3741037845611572
5118,22,1.262526273727417
5119,5,-1.3224892616271973
5120,5,-1.3223551511764526
5121,3,-1.9107120037078857
5122,5,-1.4236516952514648
5123,30,1.603715181350708
5124,5,-1.2135568857192993
5125,27,1.5394582748413086
5126,4,-1.615329623222351
5127,9,-0.2163398265838623
5128,22,1.242347002029419
5129,6,-1.1311475038528442
5130,13,0.3582448363304138
5131,5,-1.2008016109466553
5132,5,-1.1447938680648804
5133,16,0.729990541934967
5134,10,-0.039861440658569336
5135,12,0.2295883297920227
5136,19,1.0570101737976074
5137,13,0.43227118253707886
5138,26,1.4746637344360352
5139,26,1.471376657485962
5140,19,1.0367553234100342
5141,16,0.701016366481781
5142,5,-1.294879674911499
5143,19,0.9997530579566956
5144,10,0.00264739990234375
5145,20,1.0962252616882324
5146,12,0.24021536111831665
5147,5,-1.4117207527160645
5148,18,0.9432390332221985
5149,20,1.115703821182251
5150,11,0.11491507291793823
5151,1,-2.8432276248931885
5152,13,0.37539416551589966
5153,13,0.4010546803474426
5154,10,-0.010189592838287354
5155,30,1.614138126373291
5156,10,-0.016054153442382812
5157,5,-1.2143144607543945
5158,3,-1.8792366981506348
5159,30,1.6090881824493408
5160,5,-1.1946109533309937
5161,13,0.36171048879623413
5162,5,-1.2314350605010986
5163,16,0.7678514122962952
5164,22,1.233536958694458
5165,6,-0.9964764714241028
5166,5,-1.348611831665039
5167,5,-1.267612099647522
5168,23,1.3033723831176758
5169,6,-1.0951335430145264
5170,6,-1.047704815864563
5171,11,0.17153388261795044
5172,9,-0.19209933280944824
5173,5,-1.181168556213379
5174,11,0.110232412815094
5175,14,0.5239322781562805
5176,5,-1.2204627990722656
5177,4,-1.4837956428527832
5178,7,-0.7722027897834778
5179,13,0.4081466794013977
5180,5,-1.3089020252227783
5181,5,-1.4244025945663452
5182,5,-1.234534502029419
5183,9,-0.36710280179977417
5184,23,1.3165018558502197
5185,4,-1.5251052379608154
5186,14,0.4787401556968689
5187,20,1.0790045261383057
5188,9,-0.18410688638687134
5189,16,0.7243064045906067
5190,22,1.2888538837432861
5191,10,-0.01611149311065674
5192,6,-1.1236271858215332
5193,5,-1.4294135570526123
5194,5,-1.289035439491272
5195,13,0.3959202170372009
5196,5,-1.3257155418395996
5197,14,0.4920678734779358
5198,19,1.0239002704620361
5199,5,-1.3852828741073608
5200,5,-1.1871784925460815
5201,4,-1.4816765785217285
5202,3,-1.8470900058746338
5203,9,-0.28290271759033203
5204,18,0.8992406725883484
5205,17,0.8088894486427307
5206,6,-1.13202965259552
5207,6,-1.0469365119934082
5208,8,-0.37577033042907715
5209,30,1.6057095527648926
5210,5,-1.188324213027954
5211,3,-2.251333475112915
5212,17,0.8790434002876282
5213,17,0.8185529112815857
5214,14,0.48827868700027466
5215,19,0.9985546469688416
5216,8,-0.5927881598472595
5217,8,-0.37913602590560913
5218,10,-0.06232649087905884
5219,11,0.1771029829978943
5220,12,0.20557695627212524
5221,5,-1.218780279159546
5222,11,0.023800969123840332
5223,14,0.4735124707221985
5224,21,1.2245428562164307
5225,16,0.7697119116783142
5226,13,0.4277574419975281
5227,5,-1.1414053440093994
5228,5,-1.2697522640228271
5229,10,-0.15469485521316528
5230,5,-1.2327702045440674
5231,11,0.11010521650314331
5232,5,-1.3849422931671143
5233,15,0.6777555346488953
5234,13,0.40175777673721313
5235,6,-1.1029963493347168
5236,5,-1.274795413017273
5237,12,0.21231526136398315
5238,12,0.2369900345802307
5239,13,0.43655461072921753
5240,29,1.5902621746063232
5241,8,-0.4073229432106018
5242,30,1.612818717956543
5243,5,-1.1407438516616821
5244,12,0.27673107385635376
5245,10,-0.07274049520492554
5246,3,-2.1410529613494873
5247,6,-0.88737553358078
5248,5,-1.2210309505462646
5249,12,0.2546505331993103
5250,13,0.44555240869522095
5251,6,-1.0522278547286987
5252,12,0.201535165309906
5253,6,-1.0250601768493652
5254,20,1.1347391605377197
5255,5,-1.204937219619751
5256,6,-0.9880623817443848
5257,15,0.6073048710823059
5258,5,-1.1695122718811035
5259,5,-1.360846757888794
5260,12,0.2967527508735657
5261,21,1.1631486415863037
5262,11,0.08759289979934692
5263,5,-1.2335401773452759
5264,23,1.3247270584106445
5265,5,-1.2211592197418213
5266,6,-1.0862398147583008
5267,26,1.4582951068878174
5268,21,1.2183141708374023
5269,21,1.1821002960205078
5270,11,0.12144476175308228
5271,13,0.4320300221443176
5272,19,1.008678913116455
5273,21,1.1530370712280273
5274,20,1.1118743419647217
5275,20,1.1091787815093994
5276,5,-1.4116284847259521
5277,18,0.9167785048484802
5278,18,0.9257587790489197
5279,15,0.5891199707984924
5280,15,0.6506642699241638
5281,17,0.8937762379646301
5282,6,-1.1129423379898071
5283,11,0.11838310956954956
5284,10,-0.12065035104751587
5285,25,1.428605079650879
5286,30,1.6109955310821533
5287,18,0.8991582989692688
5288,7,-0.6900816559791565
5289,18,0.9488598704338074
5290,5,-1.1832982301712036
5291,5,-1.3087774515151978
5292,6,-0.8948208689689636
5293,5,-1.1739729642868042
5294,12,0.19653981924057007
5295,12,0.30934423208236694
5296,16,0.7890902161598206
5297,8,-0.3980974555015564
5298,5,-1.2133188247680664
5299,9,-0.2872777581214905
5300,9,-0.22756952047348022
5301,5,-1.2647478580474854
5302,13,0.3890621066093445
5303,13,0.39833778142929077
5304,5,-1.2289412021636963
5305,6,-1.014866590499878
5306,4,-1.7089972496032715
5307,6,-1.0037091970443726
5308,6,-1.1217161417007446
5309,6,-1.0182785987854004
5310,5,-1.2343676090240479
5311,24,1.3677399158477783
5312,1,-2.7115421295166016
5313,5,-1.339239478111267
5314,7,-0.839085578918457
5315,23,1.343412160873413
5316,10,0.009153664112091064
5317,14,0.5757288336753845
5318,6,-0.8601148128509521
5319,14,0.5768601298332214
5320,10,-0.031410813331604004
5321,11,0.1686500906944275
5322,3,-2.120795249938965
5323,20,1.1050965785980225
5324,16,0.7779610753059387
5325,17,0.8439201712608337
5326,3,-1.8642492294311523
5327,5,-1.1695126295089722
5328,15,0.6568538546562195
5329,12,0.33136993646621704
5330,5,-1.3495419025421143
5331,20,1.0962798595428467
5332,5,-1.348738670349121
5333,18,0.9819765686988831
5334,6,-1.0377864837646484
5335,5,-1.2284648418426514
5336,5,-1.226637363433838
5337,10,-0.15532034635543823
5338,17,0.8932228684425354
5339,11,0.08151549100875854
5340,13,0.4580269455909729
5341,3,-1.970362901687622
5342,20,1.1266517639160156
5343,4,-1.5443540811538696
5344,11,0.062025606632232666
5345,14,0.5748873353004456
5346,6,-0.968684732913971
5347,6,-1.1240862607955933
5348,29,1.5862140655517578
5349,7,-0.7862342000007629
5350,13,0.36424726247787476
5351,30,1.6150164604187012
5352,30,1.6146841049194336
5353,6,-0.9041521549224854
5354,10,-0.027458667755126953
5355,23,1.300196647644043
5356,5,-1.2808125019073486
5357,7,-0.6018965244293213
5358,11,0.14670878648757935
5359,5,-1.2517931461334229
5360,16,0.794391930103302
5361,11,0.11210721731185913
5362,9,-0.20933395624160767
5363,12,0.3310263752937317
5364,5,-1.2444074153900146
5365,6,-0.9351308941841125
5366,14,0.5345520377159119
5367,4,-1.7959482669830322
5368,11,0.04381483793258667
5369,10,-0.06314575672149658
5370,16,0.7301830649375916
5371,4,-1.7097984552383423
5372,18,0.9579663872718811
5373,18,0.9518852829933167
5374,9,-0.31897813081741333
5375,9,-0.2789468765258789
5376,10,-0.044294655323028564
5377,5,-1.2358478307724
5378,4,-1.475146770477295
5379,5,-1.345552682876587
5380,21,1.2196269035339355
5381,6,-0.9792131185531616
5382,30,1.613703727722168
5383,18,0.9709716439247131
5384,9,-0.27525079250335693
5385,11,0.03195953369140625
5386,5,-1.314937710762024
5387,5,-1.2088083028793335
5388,10,0.007033348083496094
5389,21,1.1977109909057617
5390,9,-0.19182050228118896
5391,5,-1.1475976705551147
5392,14,0.4816510081291199
5393,10,-0.04479604959487915
5394,1,-2.828524112701416
5395,6,-1.0670627355575562
5396,11,0.01864522695541382
5397,19,1.0497379302978516
5398,10,-0.07081091403961182
5399,8,-0.5150297284126282
5400,6,-1.0373897552490234
5401,22,1.2542486190795898
5402,11,0.07978981733322144
5403,5,-1.1945573091506958
5404,9,-0.24583709239959717
5405,6,-0.9438796639442444
5406,13,0.40970009565353394
5407,5,-1.1817686557769775
5408,11,0.09589284658432007
5409,7,-0.6282186508178711
5410,29,1.5842673778533936
5411,23,1.3088264465332031
5412,5,-1.3181544542312622
5413,6,-1.0874923467636108
5414,5,-1.362135648727417
5415,5,-1.2707494497299194
5416,5,-1.3676810264587402
5417,6,-0.9655013084411621
5418,5,-1.2015727758407593
5419,5,-1.1846177577972412
5420,6,-0.8576808571815491
5421,5,-1.4304372072219849
5422,10,-0.024659395217895508
5423,10,-0.008588910102844238
5424,5,-1.249261736869812
5425,13,0.38470548391342163
5426,6,-1.0893343687057495
5427,6,-1.12099289894104
5428,5,-1.178714632987976
5429,5,-1.297917366027832
5430,5,-1.3149470090866089
5431,11,0.06085175275802612
5432,19,1.0556623935699463
5433,10,-0.057834506034851074
5434,6,-1.0683882236480713
5435,5,-1.2642780542373657
5436,28,1.5483314990997314
5437,12,0.3364775776863098
5438,18,0.9538878798484802
5439,30,1.608680248260498
5440,9,-0.30584681034088135
5441,6,-1.0988831520080566
5442,16,0.738991916179657
5443,5,-1.224591612815857
5444,13,0.35829514265060425
5445,11,0.040857136249542236
5446,21,1.166137933731079
5447,5,-1.1458340883255005
5448,20,1.0757412910461426
5449,6,-1.0200467109680176
5450,5,-1.325495719909668
5451,15,0.6461818814277649
5452,5,-1.2325494289398193
5453,15,0.6757597327232361
5454,16,0.7012396454811096
5455,6,-1.0735658407211304
5456,20,1.0777254104614258
5457,5,-1.1659932136535645
5458,13,0.3935636878013611
5459,6,-1.1052215099334717
5460,6,-1.0244510173797607
5461,25,1.4433941841125488
5462,4,-1.516420602798462
5463,19,1.0607993602752686
5464,12,0.26048678159713745
5465,5,-1.3908772468566895
5466,6,-0.9880542755126953
5467,22,1.245753526687622
5468,7,-0.6631283164024353
5469,9,-0.2466164231300354
5470,5,-1.3717237710952759
5471,19,1.063554048538208
5472,11,0.08000010251998901
5473,7,-0.6409180760383606
5474,8,-0.47030460834503174
5475,5,-1.3724430799484253
5476,10,-0.14299577474594116
5477,5,-1.2585303783416748
5478,5,-1.2254098653793335
5479,5,-1.139725923538208
5480,17,0.8358482718467712
5481,23,1.3344142436981201
5482,6,-0.8983654379844666
5483,6,-1.108299970626831
5484,6,-1.0899988412857056
5485,27,1.530740737915039
5486,9,-0.236233651638031
5487,10,0.01641744375228882
5488,5,-1.1676403284072876
5489,5,-1.3876733779907227
5490,15,0.5951047539710999
5491,14,0.5613048672676086
5492,6,-1.0385595560073853
5493,6,-0.9710240960121155
5494,5,-1.3042864799499512
5495,16,0.7071837782859802
5496,10,-0.13192719221115112
5497,5,-1.3020110130310059
5498,18,0.9021256566047668
5499,21,1.1633415222167969
5500,30,1.6047310829162598
5501,30,1.612577199935913
5502,23,1.3282110691070557
5503,10,-0.06580394506454468
5504,20,1.078202724456787
5505,5,-1.2014691829681396
5506,11,0.17457741498947144
5507,25,1.4506287574768066
5508,5,-1.236791729927063
5509,5,-1.1802376508712769
5510,26,1.4804396629333496
5511,19,1.0641770362854004
5512,4,-1.8055927753448486
5513,16,0.7793354392051697
5514,5,-1.237967848777771
5515,16,0.7608136534690857
5516,14,0.4767753481864929
5517,6,-1.118704915046692
5518,13,0.4027695059776306
5519,12,0.3123607039451599
5520,20,1.0754306316375732
5521,2,-2.3223938941955566
5522,20,1.1140265464782715
5523,6,-1.035844326019287
5524,13,0.36558598279953003
5525,6,-1.0025914907455444
5526,21,1.1582684516906738
5527,13,0.3659057021141052
5528,11,0.16203361749649048
5529,13,0.3587186932563782
5530,5,-1.1815590858459473
5531,18,0.98770672082901
5532,8,-0.40867185592651367
5533,7,-0.6144732236862183
5534,8,-0.597023606300354
5535,9,-0.21140623092651367
5536,23,1.3228216171264648
5537,14,0.4889184832572937
5538,5,-1.134932041168213
5539,5,-1.1854192018508911
5540,17,0.8168773055076599
5541,5,-1.39235520362854
5542,18,0.9830995202064514
5543,6,-1.0342557430267334
5544,5,-1.2724666595458984
5545,23,1.317519187927246
5546,5,-1.141054391860962
5547,11,0.16059547662734985
5548,6,-0.993539571762085
5549,8,-0.5885564088821411
5550,20,1.076688528060913
5551,11,0.1616002917289734
5552,21,1.2044548988342285
5553,5,-1.2625935077667236
5554,9,-0.2567230463027954
5555,5,-1.3558313846588135
5556,7,-0.8394845724105835
5557,14,0.4754102826118469
5558,30,1.607712984085083
5559,18,0.9078643918037415
5560,4,-1.745464563369751
5561,6,-0.9209659099578857
5562,9,-0.3122307062149048
5563,5,-1.210693359375
5564,6,-1.095438838005066
5565,5,-1.180368185043335
5566,1,-2.7190685272216797
5567,15,0.6233851313591003
5568,6,-0.8554680347442627
5569,11,0.04121387004852295
5570,14,0.5786219239234924
5571,7,-0.8265911936759949
5572,13,0.44952112436294556
5573,28,1.5580499172210693
5574,5,-1.2072975635528564
5575,14,0.47427576780319214
5576,5,-1.2309321165084839
5577,16,0.7836058735847473
5578,21,1.18467378616333
5579,12,0.21718281507492065
5580,10,-0.14471840858459473
5581,11,0.10875207185745239
5582,30,1.604659080505371
5583,18,0.9308403134346008
5584,6,-0.9613810777664185
5585,17,0.8288283944129944
5586,9,-0.3622593283653259
5587,6,-1.0666762590408325
5588,5,-1.1934781074523926
5589,6,-1.0406723022460938
5590,7,-0.7987114191055298
5591,15,0.5866305232048035
5592,6,-1.0741863250732422
5593,20,1.1441004276275635
5594,21,1.2039282321929932
5595,18,0.964210569858551
5596,6,-0.9498093128204346
5597,6,-1.0694149732589722
5598,15,0.6440203785896301
5599,10,-0.046985745429992676
5600,12,0.3321182131767273
5601,7,-0.7960373759269714
5602,6,-1.1008679866790771
5603,6,-0.9963457584381104
5604,28,1.573808193206787
5605,18,0.9435074925422668
5606,14,0.48698586225509644
5607,23,1.2963330745697021
5608,6,-0.9870093464851379
5609,22,1.2738988399505615
5610,13,0.3642047047615051
5611,5,-1.2885926961898804
5612,17,0.840207040309906
5613,8,-0.43219059705734253
5614,28,1.5506250858306885
5615,5,-1.2891485691070557
5616,23,1.3333699703216553
5617,12,0.322065532207489
5618,19,1.0399043560028076
5619,16,0.7883829474449158
5620,30,1.6037390232086182
5621,6,-0.8642305731773376
5622,5,-1.290726900100708
5623,29,1.5881962776184082
5624,8,-0.4393578767776489
5625,29,1.5916273593902588
5626,13,0.4470793604850769
5627,27,1.5401244163513184
5628,14,0.5284175276756287
5629,6,-1.1187169551849365
5630,8,-0.41164278984069824
5631,5,-1.2386150360107422
5632,6,-1.1077712774276733
5633,30,1.6031458377838135
5634,24,1.38027024269104
5635,10,-0.09784913063049316
5636,22,1.2733650207519531
5637,13,0.4092249274253845
5638,16,0.7687199711799622
5639,10,-0.04037243127822876
5640,1,-2.783684015274048
5641,11,0.18969684839248657
5642,11,0.021851658821105957
5643,21,1.168750286102295
5644,20,1.1266746520996094
5645,11,0.17426139116287231
5646,30,1.6135108470916748
5647,11,0.09971779584884644
5648,5,-1.1735385656356812
5649,9,-0.28089648485183716
5650,5,-1.1720130443572998
5651,28,1.5554065704345703
5652,11,0.1327497363090515
5653,9,-0.24179154634475708
5654,12,0.3042709231376648
5655,5,-1.2511920928955078
5656,23,1.2899878025054932
5657,11,0.16268020868301392
5658,5,-1.162360668182373
5659,25,1.4566166400909424
5660,6,-1.098068356513977
5661,18,0.9418959021568298
5662,29,1.5863292217254639
5663,22,1.2611379623413086
5664,5,-1.3452684879302979
5665,5,-1.251286268234253
5666,6,-0.9900330305099487
5667,7,-0.6527886390686035
5668,12,0.19685107469558716
5669,26,1.4798612594604492
5670,11,0.02679342031478882
5671,21,1.1913609504699707
5672,12,0.20355385541915894
5673,11,0.17376893758773804
5674,6,-0.9206050634384155
5675,1,-2.8208320140838623
5676,6,-1.0133674144744873
5677,6,-1.1097064018249512
5678,25,1.4531621932983398
5679,14,0.5775279402732849
5680,24,1.3916642665863037
5681,7,-0.6797202229499817
5682,1,-2.836886405944824
5683,5,-1.1364314556121826
5684,6,-1.087659239768982
5685,17,0.8774284720420837
5686,9,-0.24742525815963745
5687,16,0.7364111542701721
5688,18,0.9133352637290955
5689,20,1.1284635066986084
5690,6,-1.0167704820632935
5691,10,-0.08597135543823242
5692,14,0.5625203251838684
5693,16,0.7634772658348083
5694,5,-1.147228479385376
5695,6,-0.8989707827568054
5696,6,-0.9618202447891235
5697,6,-1.1183584928512573
5698,5,-1.34132719039917
5699,12,0.31139904260635376
5700,30,1.6130216121673584
5701,6,-1.024928331375122
5702,20,1.0687670707702637
5703,21,1.1573073863983154
5704,14,0.47213083505630493
5705,13,0.4327746033668518
5706,5,-1.1685341596603394
5707,17,0.8309962153434753
5708,11,0.10743635892868042
5709,10,-0.08972156047821045
5710,7,-0.7663916349411011
5711,1,-2.8107495307922363
5712,1,-2.8330466747283936
5713,5,-1.3256913423538208
5714,21,1.1856205463409424
5715,16,0.7248508334159851
5716,6,-1.133061408996582
5717,5,-1.1447978019714355
5718,24,1.4015913009643555
5719,17,0.8878121972084045
5720,18,0.9426688551902771
5721,6,-0.8764827251434326
5722,6,-0.9877781867980957
5723,19,1.0223822593688965
5724,19,1.0619676113128662
5725,7,-0.7994402647018433
5726,11,0.05146867036819458
5727,6,-0.90871661901474
5728,28,1.5534212589263916
5729,6,-1.1135625839233398
5730,19,1.038724422454834
5731,17,0.8586031794548035
5732,6,-0.9970036745071411
5733,22,1.2884154319763184
5734,23,1.3149192333221436
5735,10,-0.015990376472473145
5736,12,0.2321808934211731
5737,3,-1.8976463079452515
5738,23,1.3440957069396973
5739,25,1.4179096221923828
5740,5,-1.4017153978347778
5741,13,0.4498748183250427
5742,5,-1.1984623670578003
5743,6,-1.108580231666565
5744,11,0.11478668451309204
5745,12,0.2933192849159241
5746,13,0.40324777364730835
5747,19,1.016845703125
5748,17,0.8818739056587219
5749,10,-0.12215608358383179
5750,13,0.42977768182754517
5751,11,0.13616794347763062
5752,18,0.9874580502510071
5753,9,-0.3085675835609436
5754,6,-0.9203877449035645
5755,11,0.06651943922042847
5756,14,0.4663493037223816
5757,6,-1.1277470588684082
5758,6,-1.0976899862289429
5759,6,-1.0934133529663086
5760,12,0.3180624842643738
5761,10,-0.16818350553512573
5762,3,-2.0741465091705322
5763,9,-0.2664737105369568
5764,6,-1.019666314125061
5765,6,-1.0023534297943115
5766,6,-0.9728475213050842
5767,12,0.20514577627182007
5768,20,1.142716884613037
5769,12,0.23862296342849731
5770,5,-1.1408629417419434
5771,11,0.12976402044296265
5772,6,-1.127716302871704
5773,5,-1.2277603149414062
5774,12,0.20712703466415405
5775,14,0.5329459309577942
5776,20,1.1479804515838623
5777,7,-0.603500247001648
5778,14,0.5659562945365906
5779,10,-0.10912227630615234
5780,20,1.1023211479187012
5781,11,0.18290573358535767
5782,2,-2.6164638996124268
5783,6,-1.0358062982559204
5784,6,-0.935075581073761
5785,14,0.5629011988639832
5786,21,1.1920483112335205
5787,13,0.38846904039382935
5788,6,-0.9823680520057678
5789,15,0.6720302700996399
5790,6,-1.1302815675735474
5791,15,0.6810786128044128
5792,5,-1.3868074417114258
5793,11,0.03611135482788086
5794,6,-0.9297922849655151
5795,30,1.6039958000183105
5796,17,0.883105456829071
5797,22,1.2393090724945068
5798,6,-1.1174168586730957
5799,16,0.7629979252815247
5800,24,1.3577864170074463
5801,6,-1.0579466819763184
5802,13,0.42241328954696655
5803,6,-0.9904820919036865
5804,5,-1.1730436086654663
5805,11,0.18799597024917603
5806,13,0.43433207273483276
5807,11,0.1795991063117981
5808,15,0.6904851794242859
5809,6,-0.8838425874710083
5810,20,1.1041743755340576
5811,10,-0.1619868278503418
5812,29,1.5882391929626465
5813,14,0.5816527009010315
5814,4,-1.6249265670776367
5815,13,0.4022875428199768
5816,8,-0.3969571590423584
5817,23,1.3446598052978516
5818,3,-1.9607183933258057
5819,6,-0.9971908330917358
5820,7,-0.8066033124923706
5821,6,-0.9579312205314636
5822,4,-1.5676411390304565
5823,21,1.1707801818847656
5824,23,1.3022761344909668
5825,5,-1.2145516872406006
5826,22,1.282658576965332
5827,26,1.4669106006622314
5828,21,1.1821691989898682
5829,23,1.2915024757385254
5830,6,-1.0611058473587036
5831,24,1.3686866760253906
5832,12,0.3230467438697815
5833,12,0.3194560408592224
5834,8,-0.43150782585144043
5835,4,-1.6869956254959106
5836,6,-0.9767535924911499
5837,9,-0.24630063772201538
5838,6,-0.8950451612472534
5839,6,-1.1002774238586426
5840,15,0.6762086749076843
5841,30,1.6120645999908447
5842,6,-0.8883700370788574
5843,5,-1.166959524154663
5844,28,1.5518159866333008
5845,6,-1.1125540733337402
5846,6,-0.9172976016998291
5847,9,-0.32826119661331177
5848,14,0.49839264154434204
5849,9,-0.30741721391677856
5850,5,-1.4319231510162354
5851,13,0.44632524251937866
5852,23,1.3333568572998047
5853,17,0.8289969563484192
5854,21,1.2035400867462158
5855,6,-1.0950729846954346
5856,24,1.3528468608856201
5857,11,0.13696318864822388
5858,10,-0.0875057578086853
5859,6,-1.0344375371932983
5860,6,-1.008851170539856
5861,21,1.1608397960662842
5862,7,-0.7753728032112122
5863,9,-0.17748594284057617
5864,6,-1.0472711324691772
5865,7,-0.8346339464187622
5866,9,-0.21345043182373047
5867,10,-0.0081099271774292
5868,8,-0.43401265144348145
5869,6,-1.061842441558838
5870,1,-2.8268730640411377
5871,14,0.4999615550041199
5872,14,0.5327466130256653
5873,13,0.42822104692459106
5874,6,-0.9586339592933655
5875,19,1.0593535900115967
5876,6,-1.094803810119629
5877,14,0.4716694951057434
5878,14,0.5206709504127502
5879,30,1.6104536056518555
5880,25,1.4214932918548584
5881,5,-1.3874768018722534
5882,10,-0.17026716470718384
5883,21,1.1731767654418945
5884,25,1.4336860179901123
5885,23,1.329625129699707
5886,6,-0.9580893516540527
5887,8,-0.5861591696739197
5888,8,-0.46540820598602295
5889,5,-1.2624679803848267
5890,9,-0.2717173099517822
5891,9,-0.3158532381057739
5892,9,-0.2879505157470703
5893,5,-1.2114399671554565
5894,7,-0.6576993465423584
5895,11,0.10722774267196655
5896,12,0.27670222520828247
5897,9,-0.35908961296081543
5898,19,0.9975045323371887
5899,23,1.3021636009216309
5900,5,-1.283156394958496
5901,11,0.18509763479232788
5902,6,-0.9460946321487427
5903,9,-0.33154767751693726
5904,3,-1.946967601776123
5905,2,-2.3017685413360596
5906,16,0.712102472782135
5907,6,-1.0559884309768677
5908,5,-1.3553913831710815
5909,10,-0.0892227292060852
5910,17,0.8553622364997864
5911,11,0.12147670984268188
5912,6,-1.034828543663025
5913,5,-1.1813373565673828
5914,6,-0.8979365825653076
5915,1,-2.8428397178649902
5916,25,1.417989730834961
5917,12,0.28430503606796265
5918,14,0.5017253756523132
5919,10,-0.014998793601989746
5920,19,1.0650370121002197
5921,20,1.1372346878051758
5922,6,-0.8670228123664856
5923,21,1.2054150104522705
5924,6,-1.026928186416626
5925,6,-1.0949186086654663
5926,7,-0.7256152629852295
5927,17,0.8768406510353088
5928,25,1.4242722988128662
5929,13,0.46142715215682983
5930,7,-0.6622740030288696
5931,30,1.6134703159332275
5932,14,0.5316147208213806
5933,7,-0.733761191368103
5934,9,-0.22075819969177246
5935,7,-0.7744840383529663
5936,18,0.9153614640235901
5937,6,-0.9348312020301819
5938,6,-0.9373828172683716
5939,6,-0.9394992589950562
5940,13,0.38820844888687134
5941,6,-0.9519057869911194
5942,21,1.221053123474121
5943,13,0.4113895297050476
5944,12,0.23282474279403687
5945,6,-1.1197150945663452
5946,23,1.3233776092529297
5947,6,-0.8944624662399292
5948,14,0.5457482933998108
5949,15,0.6339042782783508
5950,8,-0.5691037178039551
5951,15,0.6569880843162537
5952,11,0.1732601523399353
5953,15,0.5938517451286316
5954,23,1.317894458770752
5955,5,-1.1854599714279175
5956,6,-0.9333152770996094
5957,6,-1.1076750755310059
5958,6,-0.9970642328262329
5959,23,1.3220024108886719
5960,21,1.169823169708252
5961,6,-0.970318078994751
5962,6,-0.8826603889465332
5963,12,0.29977947473526
5964,7,-0.7020200490951538
5965,23,1.3132669925689697
5966,26,1.470003366470337
5967,7,-0.7218203544616699
5968,14,0.5247864127159119
5969,13,0.4126371741294861
5970,11,0.14801663160324097
5971,15,0.5990201830863953
5972,6,-1.0654147863388062
5973,6,-1.0272389650344849
5974,14,0.5610811114311218
5975,11,0.05789691209793091
5976,24,1.4011263847351074
5977,11,0.08877986669540405
5978,20,1.1309192180633545
5979,9,-0.3629753589630127
5980,6,-1.112410545349121
5981,14,0.4770185351371765
5982,6,-1.0151602029800415
5983,13,0.4029539227485657
5984,6,-1.0577815771102905
5985,23,1.3399810791015625
5986,16,0.7505804896354675
5987,6,-0.904280960559845
5988,1,-2.7362349033355713
5989,13,0.4005885720252991
5990,7,-0.6582468152046204
5991,9,-0.3581424355506897
5992,11,0.07971280813217163
5993,6,-1.1015537977218628
5994,4,-1.4720957279205322
5995,21,1.2117857933044434
5996,30,1.612612009048462
5997,6,-1.0353436470031738
5998,10,-0.12076854705810547
5999,9,-0.3039889931678772
6000,6,-1.0993696451187134
6001,20,1.1389846801757812
6002,6,-0.8717550039291382
6003,6,-1.1294410228729248
6004,10,-0.07451510429382324
6005,6,-1.0521824359893799
6006,7,-0.8348908424377441
6007,7,-0.7614408731460571
6008,10,-0.09203106164932251
6009,6,-1.054165005683899
6010,11,0.12294882535934448
6011,15,0.6493651270866394
6012,11,0.17739778757095337
6013,21,1.2134976387023926
6014,13,0.3675524592399597
6015,8,-0.39842331409454346
6016,6,-0.9272489547729492
6017,14,0.48795658349990845
6018,18,0.9535971283912659
6019,21,1.1869544982910156
6020,7,-0.8139907121658325
6021,14,0.46684402227401733
6022,5,-1.2903470993041992
6023,6,-0.8771975040435791
6024,5,-1.2455388307571411
6025,4,-1.761504888534546
6026,16,0.7087755799293518
6027,12,0.24698024988174438
6028,5,-1.2083580493927002
6029,1,-2.814497470855713
6030,7,-0.7478728294372559
6031,6,-1.0654016733169556
6032,14,0.47367924451828003
6033,12,0.2960793375968933
6034,11,0.08549028635025024
6035,30,1.6133272647857666
6036,21,1.1648268699645996
6037,22,1.2532808780670166
6038,15,0.6174078583717346
6039,7,-0.7766037583351135
6040,6,-1.021925687789917
6041,15,0.6640947461128235
6042,6,-1.0768992900848389
6043,5,-1.1916307210922241
6044,13,0.41916292905807495
6045,5,-1.1603587865829468
6046,6,-0.9557590484619141
6047,12,0.3290711045265198
6048,14,0.5287368893623352
6049,7,-0.8539272546768188
6050,7,-0.783819317817688
6051,19,0.9886414408683777
6052,6,-1.1134436130523682
6053,9,-0.37280726432800293
6054,15,0.6223261952400208
6055,14,0.4946597218513489
6056,13,0.4016086459159851
6057,14,0.47553330659866333
6058,7,-0.7205707430839539
6059,12,0.20700234174728394
6060,24,1.3507661819458008
6061,6,-1.1229788064956665
6062,7,-0.8506154417991638
6063,25,1.4467427730560303
6064,5,-1.154549241065979
6065,5,-1.158597707748413
6066,29,1.5753188133239746
6067,6,-0.9943440556526184
6068,14,0.5809585452079773
6069,6,-0.9655621647834778
6070,16,0.738603413105011
6071,13,0.44853824377059937
6072,7,-0.7395594120025635
6073,12,0.20111101865768433
6074,23,1.3181469440460205
6075,14,0.47415560483932495
6076,6,-1.0591973066329956
6077,13,0.3969915509223938
6078,22,1.2475779056549072
6079,1,-2.839763641357422
6080,11,0.024591684341430664
6081,24,1.3723154067993164
6082,15,0.6873496174812317
6083,11,0.07098430395126343
6084,16,0.7016143202781677
6085,14,0.49097150564193726
6086,8,-0.4134674668312073
6087,23,1.29551100730896
6088,5,-1.1435092687606812
6089,24,1.3737239837646484
6090,5,-1.1796892881393433
6091,1,-2.8287384510040283
6092,23,1.3094308376312256
6093,13,0.4444529414176941
6094,6,-0.8952804803848267
6095,22,1.2384757995605469
6096,18,0.9776539206504822
6097,6,-0.8591398000717163
6098,6,-0.9326006770133972
6099,14,0.5583983063697815
6100,5,-1.2635407447814941
6101,7,-0.8459632396697998
6102,12,0.25272995233535767
6103,4,-1.5271310806274414
6104,18,0.9725837111473083
6105,13,0.3778204321861267
6106,20,1.0868442058563232
6107,6,-1.0711380243301392
6108,12,0.32854610681533813
6109,16,0.7666683793067932
6110,6,-0.9836980104446411
6111,6,-1.032647728919983
6112,6,-1.073180913925171
6113,15,0.6480812430381775
6114,12,0.2209210991859436
6115,6,-0.9591532945632935
6116,22,1.288193941116333
6117,17,0.8633843064308167
6118,11,0.18305808305740356
6119,13,0.42058104276657104
6120,21,1.1750259399414062
6121,11,0.10402530431747437
6122,13,0.40292471647262573
6123,6,-1.0565316677093506
6124,30,1.614708662033081
6125,21,1.1586647033691406
6126,14,0.5417786240577698
6127,20,1.1104259490966797
6128,15,0.606235682964325
6129,23,1.331498622894287
6130,19,1.0522534847259521
6131,4,-1.7983078956604004
6132,6,-1.0154484510421753
6133,17,0.8354091048240662
6134,9,-0.2839130163192749
6135,13,0.35070401430130005
6136,17,0.8247210383415222
6137,7,-0.848781943321228
6138,15,0.6798954606056213
6139,5,-1.2546608448028564
6140,23,1.3294100761413574
6141,12,0.3162420392036438
6142,5,-1.1673880815505981
6143,6,-0.9435142874717712
6144,7,-0.7465630769729614
6145,2,-2.6626040935516357
6146,6,-0.9338405132293701
6147,6,-0.8844019174575806
6148,13,0.3715347647666931
6149,7,-0.7869914770126343
6150,14,0.5152373909950256
6151,10,-0.16064023971557617
6152,21,1.196164846420288
6153,15,0.6389544606208801
6154,7,-0.8220124244689941
6155,7,-0.765900194644928
6156,12,0.2689281105995178
6157,6,-0.8541481494903564
6158,25,1.4152369499206543
6159,11,0.15554267168045044
6160,5,-1.1831638813018799
6161,23,1.3470399379730225
6162,6,-0.9157770872116089
6163,6,-0.9929195046424866
6164,18,0.93455570936203
6165,13,0.4610815644264221
6166,12,0.20142310857772827
6167,6,-0.9989715814590454
6168,19,1.0305287837982178
6169,20,1.1491618156433105
6170,10,-0.0054454803466796875
6171,7,-0.7604576945304871
6172,6,-1.0234179496765137
6173,5,-1.3726977109909058
6174,9,-0.2714671492576599
6175,6,-0.9379377365112305
6176,6,-0.9162434935569763
6177,10,-0.06291484832763672
6178,4,-1.5424607992172241
6179,7,-0.7836231589317322
6180,17,0.8844305872917175
6181,21,1.2125377655029297
6182,6,-0.8597332239151001
6183,2,-2.3145501613616943
6184,8,-0.4091987609863281
6185,5,-1.2030531167984009
6186,6,-1.0323141813278198
6187,5,-1.2036775350570679
6188,13,0.40173453092575073
6189,14,0.5253222584724426
6190,16,0.7604799866676331
6191,17,0.8867860436439514
6192,23,1.309812307357788
6193,12,0.25038546323776245
6194,22,1.2674334049224854
6195,7,-0.84935063123703
6196,6,-0.8757159113883972
6197,6,-0.9664071202278137
6198,24,1.3545010089874268
6199,19,0.9966793656349182
6200,24,1.3818228244781494
6201,6,-1.0022517442703247
6202,7,-0.8362408876419067
6203,8,-0.57338547706604
6204,17,0.8805128931999207
6205,6,-0.9729490280151367
6206,13,0.4139612317085266
6207,14,0.5034311413764954
6208,16,0.791619598865509
6209,24,1.36012864112854
6210,21,1.196732759475708
6211,7,-0.8247135877609253
6212,13,0.42276281118392944
6213,11,0.10564714670181274
6214,6,-1.0739750862121582
6215,11,0.16538947820663452
6216,8,-0.37582921981811523
6217,6,-1.0727803707122803
6218,6,-0.8654080033302307
6219,7,-0.7297019958496094
6220,13,0.42209821939468384
6221,6,-0.9132809042930603
6222,6,-0.9677219986915588
6223,26,1.4939296245574951
6224,30,1.61452054977417
6225,6,-1.0785681009292603
6226,5,-1.3079277276992798
6227,8,-0.4220314621925354
6228,13,0.442923367023468
6229,21,1.1535611152648926
6230,22,1.2544281482696533
6231,21,1.2126741409301758
6232,11,0.06874340772628784
6233,6,-0.9371426105499268
6234,10,-0.1045951247215271
6235,9,-0.2419392466545105
6236,6,-0.9607043862342834
6237,22,1.2486186027526855
6238,19,1.0229060649871826
6239,15,0.6584811806678772
6240,6,-0.9063440561294556
6241,16,0.735335648059845
6242,15,0.6211666464805603
6243,7,-0.7414916753768921
6244,12,0.2994399666786194
6245,16,0.740374743938446
6246,12,0.239271342754364
6247,7,-0.8374522924423218
6248,9,-0.2564065456390381
6249,15,0.6206725239753723
6250,17,0.8192042708396912
6251,6,-1.017411231994629
6252,5,-1.1949725151062012
6253,6,-0.8872498869895935
6254,14,0.5494248270988464
6255,18,0.9070295691490173
6256,13,0.3820022940635681
6257,6,-1.0415090322494507
6258,12,0.319585382938385
6259,6,-0.9421023726463318
6260,18,0.9482255578041077
6261,7,-0.6675843596458435
6262,21,1.211451530456543
6263,5,-1.3439544439315796
6264,17,0.8244038224220276
6265,18,0.9353256821632385
6266,11,0.10502678155899048
6267,18,0.9148858189582825
6268,13,0.40514689683914185
6269,22,1.2639319896697998
6270,13,0.35582655668258667
6271,6,-0.8749158978462219
6272,13,0.4153873324394226
6273,14,0.4783030152320862
6274,5,-1.2561314105987549
6275,6,-0.9113683700561523
6276,7,-0.6314973831176758
6277,14,0.573445737361908
6278,7,-0.6876382231712341
6279,1,-2.815247058868408
6280,6,-0.9569364190101624
6281,15,0.6079818606376648
6282,10,-0.1201791763305664
6283,6,-1.0331928730010986
6284,7,-0.7480733394622803
6285,13,0.39461785554885864
6286,5,-1.192764163017273
6287,10,-0.05261862277984619
6288,22,1.268660068511963
6289,22,1.2344610691070557
6290,2,-2.4897706508636475
6291,16,0.7641121745109558
6292,16,0.8017967343330383
6293,24,1.3575503826141357
6294,6,-0.8974341154098511
6295,6,-1.0087114572525024
6296,21,1.2203774452209473
6297,26,1.4939804077148438
6298,23,1.3109843730926514
6299,30,1.614896297454834
6300,7,-0.813859224319458
6301,23,1.3475117683410645
6302,14,0.556678831577301
6303,6,-0.9074721336364746
6304,7,-0.7874909043312073
6305,6,-0.9592679738998413
6306,20,1.1273338794708252
6307,8,-0.5624771118164062
6308,5,-1.176747441291809
6309,30,1.6029736995697021
6310,7,-0.790694534778595
6311,8,-0.4466353952884674
6312,20,1.1100420951843262
6313,7,-0.7622154355049133
6314,20,1.105236291885376
6315,6,-1.1316331624984741
6316,26,1.503617286682129
6317,7,-0.7482105493545532
6318,7,-0.647134006023407
6319,14,0.5519124865531921
6320,7,-0.8356917500495911
6321,2,-2.447777271270752
6322,12,0.2528720498085022
6323,7,-0.7992600202560425
6324,16,0.779535710811615
6325,21,1.1626942157745361
6326,24,1.3817670345306396
6327,7,-0.7617467641830444
6328,7,-0.8137867450714111
6329,6,-0.8853021264076233
6330,21,1.1624171733856201
6331,6,-0.954461932182312
6332,20,1.1083426475524902
6333,22,1.2441651821136475
6334,8,-0.5265181660652161
6335,15,0.696496307849884
6336,7,-0.8372882604598999
6337,15,0.6794043183326721
6338,6,-0.9692724347114563
6339,7,-0.8395612239837646
6340,16,0.7440378069877625
6341,23,1.3239550590515137
6342,15,0.6473326086997986
6343,7,-0.7171103954315186
6344,12,0.30719929933547974
6345,7,-0.8168679475784302
6346,11,0.1158093810081482
6347,22,1.2812981605529785
6348,7,-0.8247015476226807
6349,13,0.4369869828224182
6350,23,1.2940123081207275
6351,19,0.9948247075080872
6352,6,-0.9137254357337952
6353,18,0.9840450882911682
6354,7,-0.6835433840751648
6355,13,0.43821579217910767
6356,6,-0.9469709396362305
6357,30,1.6151599884033203
6358,6,-0.9881975650787354
6359,6,-1.0761322975158691
6360,5,-1.153430700302124
6361,6,-0.8579700589179993
6362,10,-0.08962076902389526
6363,14,0.5802881121635437
6364,5,-1.181091070175171
6365,6,-0.8974078297615051
6366,12,0.3092889189720154
6367,13,0.38613516092300415
6368,30,1.611661672592163
6369,19,1.0290203094482422
6370,25,1.4208941459655762
6371,19,1.04184889793396
6372,12,0.22415858507156372
6373,7,-0.7560213804244995
6374,7,-0.7401240468025208
6375,6,-0.8821151852607727
6376,13,0.34043437242507935
6377,12,0.21995550394058228
6378,3,-2.1470961570739746
6379,30,1.605905294418335
6380,18,0.9357001185417175
6381,6,-0.9267938733100891
6382,11,0.03901314735412598
6383,9,-0.3553764224052429
6384,30,1.6122455596923828
6385,16,0.7655779719352722
6386,23,1.325103998184204
6387,28,1.5460312366485596
6388,16,0.7611173987388611
6389,20,1.146592617034912
6390,6,-1.0279608964920044
6391,7,-0.7719928026199341
6392,13,0.342257559299469
6393,24,1.3669469356536865
6394,28,1.5609314441680908
6395,10,-0.09983640909194946
6396,7,-0.7946116924285889
6397,6,-0.8646312355995178
6398,6,-1.0869065523147583
6399,22,1.2537107467651367
6400,11,0.05221545696258545
6401,10,-0.09647059440612793
6402,7,-0.6460756659507751
6403,18,0.9361867308616638
6404,6,-0.9342609643936157
6405,17,0.8709713816642761
6406,8,-0.5944629907608032
6407,7,-0.6599718332290649
6408,7,-0.7391212582588196
6409,7,-0.6242958307266235
6410,21,1.1894168853759766
6411,6,-1.0504626035690308
6412,7,-0.6846957206726074
6413,6,-1.008355736732483
6414,21,1.1663544178009033
6415,11,0.14342433214187622
6416,15,0.6449759602546692
6417,10,-0.140602707862854
6418,6,-0.9118549227714539
6419,6,-0.9491163492202759
6420,13,0.3563660979270935
6421,6,-0.87642902135849
6422,8,-0.4201911687850952
6423,19,1.0576393604278564
6424,30,1.6124913692474365
6425,5,-1.1367003917694092
6426,6,-0.8970073461532593
6427,15,0.6474112868309021
6428,14,0.5413654446601868
6429,12,0.19973224401474
6430,17,0.8720037341117859
6431,12,0.2747580409049988
6432,18,0.9401947855949402
6433,7,-0.6990978717803955
6434,9,-0.24137020111083984
6435,19,0.9900208115577698
6436,30,1.6146881580352783
6437,13,0.40329283475875854
6438,7,-0.6596602201461792
6439,8,-0.5937643051147461
6440,7,-0.8090605735778809
6441,12,0.25053125619888306
6442,9,-0.30301082134246826
6443,7,-0.7846362590789795
6444,18,0.908585250377655
6445,17,0.8743324875831604
6446,30,1.6115198135375977
6447,12,0.3293611407279968
6448,6,-1.046376347541809
6449,6,-1.0505520105361938
6450,22,1.2441744804382324
6451,17,0.8064622282981873
6452,19,1.050441026687622
6453,15,0.6463724970817566
6454,6,-0.9681283831596375
6455,18,0.9723990559577942
6456,6,-0.9480940699577332
6457,20,1.0794081687927246
6458,4,-1.4711899757385254
6459,1,-2.8307857513427734
6460,14,0.48585420846939087
6461,24,1.3585991859436035
6462,6,-0.9561410546302795
6463,7,-0.845973551273346
6464,15,0.6854584813117981
6465,13,0.39306312799453735
6466,9,-0.31685560941696167
6467,17,0.8464475274085999
6468,13,0.3722880482673645
6469,16,0.7213495373725891
6470,14,0.5084617733955383
6471,15,0.6735584139823914
6472,23,1.3025760650634766
6473,30,1.613163948059082
6474,22,1.2504916191101074
6475,7,-0.8021550178527832
6476,18,0.9768527150154114
6477,6,-1.0118005275726318
6478,15,0.6050968766212463
6479,9,-0.2868965268135071
6480,25,1.4498991966247559
6481,26,1.4978537559509277
6482,9,-0.3130136728286743
6483,14,0.5363546013832092
6484,7,-0.792819619178772
6485,10,0.00496673583984375
6486,8,-0.43021661043167114
6487,15,0.6500607132911682
6488,23,1.3131465911865234
6489,8,-0.5878247022628784
6490,4,-1.8054780960083008
6491,12,0.31951457262039185
6492,6,-1.0374032258987427
6493,6,-1.025907039642334
6494,30,1.614656686782837
6495,23,1.3387835025787354
6496,7,-0.7401256561279297
6497,13,0.3407898545265198
6498,8,-0.5574612021446228
6499,14,0.48379844427108765
6500,6,-0.8541499376296997
6501,7,-0.7842275500297546
6502,6,-1.0678062438964844
6503,20,1.1201653480529785
6504,11,0.18083757162094116
6505,20,1.1166057586669922
6506,6,-1.0905697345733643
6507,28,1.5473427772521973
6508,14,0.5118152499198914
6509,25,1.435518741607666
6510,6,-1.0103660821914673
6511,17,0.8488287329673767
6512,7,-0.8346158266067505
6513,10,-0.12604916095733643
6514,24,1.360804796218872
6515,15,0.6970580220222473
6516,14,0.5609675049781799
6517,26,1.5019516944885254
6518,6,-1.0064373016357422
6519,7,-0.6425028443336487
6520,9,-0.35752344131469727
6521,14,0.5750798583030701
6522,14,0.5589188933372498
6523,21,1.2014210224151611
6524,14,0.5487404465675354
6525,10,-0.1594839096069336
6526,20,1.1242761611938477
6527,13,0.446674644947052
6528,9,-0.30674904584884644
6529,7,-0.7468897104263306
6530,21,1.1667795181274414
6531,22,1.2256231307983398
6532,16,0.727019727230072
6533,6,-0.9484728574752808
6534,21,1.1520609855651855
6535,7,-0.840971827507019
6536,4,-1.583944320678711
6537,6,-0.8980123996734619
6538,13,0.4359428286552429
6539,7,-0.7078646421432495
6540,6,-1.114650845527649
6541,13,0.3699656128883362
6542,11,0.11164826154708862
6543,2,-2.5060341358184814
6544,18,0.9110196232795715
6545,6,-0.9110269546508789
6546,6,-0.9753429293632507
6547,18,0.9336571097373962
6548,6,-0.8929693698883057
6549,24,1.3960468769073486
6550,15,0.6855674386024475
6551,13,0.35453957319259644
6552,14,0.4887933135032654
6553,26,1.4813601970672607
6554,6,-0.8806895017623901
6555,7,-0.8290085196495056
6556,7,-0.7954540252685547
6557,11,0.18346017599105835
6558,6,-0.9094653725624084
6559,6,-0.9777845144271851
6560,20,1.1108620166778564
6561,12,0.23507577180862427
6562,13,0.45318835973739624
6563,13,0.39065033197402954
6564,7,-0.7829251289367676
6565,9,-0.17802304029464722
6566,7,-0.78657066822052
6567,16,0.7245225310325623
6568,6,-0.9637444019317627
6569,14,0.5612191557884216
6570,7,-0.6737056970596313
6571,13,0.3677605986595154
6572,13,0.4582974314689636
6573,15,0.5928743481636047
6574,11,0.1747635006904602
6575,19,1.001934289932251
6576,15,0.6867093443870544
6577,19,1.0313541889190674
6578,10,0.01788485050201416
6579,20,1.0853147506713867
6580,7,-0.6572141051292419
6581,7,-0.7663685083389282
6582,15,0.6854093670845032
6583,14,0.5475686192512512
6584,9,-0.2135753631591797
6585,7,-0.6709955930709839
6586,6,-1.0886120796203613
6587,30,1.6146786212921143
6588,6,-0.8898507356643677
6589,6,-0.9711365103721619
6590,17,0.8244033455848694
6591,16,0.7988062500953674
6592,23,1.3202919960021973
6593,13,0.37398964166641235
6594,13,0.36559122800827026
6595,19,1.0164411067962646
6596,6,-1.005339503288269
6597,16,0.7213752865791321
6598,24,1.3628735542297363
6599,7,-0.7897291779518127
6600,11,0.05218237638473511
6601,7,-0.8239504098892212
6602,8,-0.5023737549781799
6603,20,1.11909818649292
6604,24,1.4041807651519775
6605,5,-1.2162344455718994
6606,9,-0.19434434175491333
6607,7,-0.693313479423523
6608,14,0.554473340511322
6609,7,-0.8239942789077759
6610,6,-0.8621517419815063
6611,22,1.26707124710083
6612,26,1.486586570739746
6613,5,-1.1494383811950684
6614,6,-0.9243296384811401
6615,10,-0.09056669473648071
6616,7,-0.6804198622703552
6617,6,-0.8816249966621399
6618,22,1.236102819442749
6619,7,-0.6342722177505493
6620,14,0.4776635766029358
6621,6,-0.8936745524406433
6622,13,0.42694491147994995
6623,1,-2.7928338050842285
6624,29,1.5808477401733398
6625,6,-1.0021530389785767
6626,30,1.6098136901855469
6627,9,-0.24950629472732544
6628,9,-0.24730712175369263
6629,17,0.8863975405693054
6630,7,-0.7599043250083923
6631,25,1.44136381149292
6632,14,0.5629578232765198
6633,7,-0.6666935682296753
6634,7,-0.8019915819168091
6635,23,1.3432888984680176
6636,18,0.9177821278572083
6637,13,0.3769682049751282
6638,21,1.195295810699463
6639,6,-0.968100905418396
6640,17,0.8526667952537537
6641,23,1.296363115310669
6642,6,-0.8583500385284424
6643,20,1.1444549560546875
6644,15,0.63383549451828
6645,7,-0.8147256970405579
6646,15,0.6328040957450867
6647,6,-0.8853485584259033
6648,5,-1.1444814205169678
6649,20,1.1297998428344727
6650,16,0.7812162041664124
6651,13,0.36876481771469116
6652,6,-0.962695837020874
6653,29,1.5895781517028809
6654,30,1.6110687255859375
6655,20,1.0921857357025146
6656,7,-0.7029533982276917
6657,6,-0.9559314250946045
6658,9,-0.25463807582855225
6659,7,-0.6426974534988403
6660,6,-0.8745556473731995
6661,6,-0.906713604927063
6662,24,1.3892464637756348
6663,8,-0.5502740740776062
6664,14,0.5260568261146545
6665,6,-0.9268628358840942
6666,6,-1.0625824928283691
6667,14,0.4891660809516907
6668,8,-0.5116873979568481
6669,5,-1.1494390964508057
6670,16,0.7920356392860413
6671,6,-0.8823901414871216
6672,6,-0.8614159226417542
6673,7,-0.8333942890167236
6674,16,0.7910106778144836
6675,9,-0.3392442464828491
6676,7,-0.7884521484375
6677,7,-0.6938256025314331
6678,6,-0.962591826915741
6679,14,0.4781193137168884
6680,17,0.8714736104011536
6681,8,-0.4545401632785797
6682,21,1.2048954963684082
6683,5,-1.2725512981414795
6684,6,-0.9751150012016296
6685,22,1.2457973957061768
6686,23,1.3009159564971924
6687,11,0.04905211925506592
6688,5,-1.2372467517852783
6689,7,-0.6182848215103149
6690,12,0.20417934656143188
6691,16,0.7449497580528259
6692,12,0.32840055227279663
6693,10,-0.1637502908706665
6694,15,0.6588603854179382
6695,7,-0.655464768409729
6696,7,-0.7867801189422607
6697,7,-0.8309217095375061
6698,15,0.6040696501731873
6699,6,-0.8793294429779053
6700,6,-0.9646487236022949
6701,6,-1.0336811542510986
6702,29,1.5754592418670654
6703,7,-0.6942907571792603
6704,13,0.4142701029777527
6705,15,0.6446762681007385
6706,14,0.47827619314193726
6707,6,-1.031185269355774
6708,20,1.0824570655822754
6709,11,0.0884045958518982
6710,7,-0.8374994993209839
6711,21,1.213663101196289
6712,7,-0.7520231008529663
6713,1,-2.831899404525757
6714,21,1.1720483303070068
6715,7,-0.6058419942855835
6716,7,-0.7452658414840698
6717,2,-2.58864164352417
6718,6,-0.8801480531692505
6719,22,1.2362258434295654
6720,22,1.2656736373901367
6721,4,-1.5837373733520508
6722,24,1.352078914642334
6723,15,0.6146451830863953
6724,7,-0.710377037525177
6725,13,0.4099368453025818
6726,29,1.5903615951538086
6727,1,-2.755666494369507
6728,7,-0.697822093963623
6729,24,1.370312213897705
6730,7,-0.8067809343338013
6731,6,-0.9464374780654907
6732,22,1.2495746612548828
6733,7,-0.7340807914733887
6734,7,-0.74335116147995
6735,14,0.5760087370872498
6736,7,-0.783810019493103
6737,14,0.5495958924293518
6738,14,0.4816606640815735
6739,26,1.4947984218597412
6740,27,1.5385215282440186
6741,7,-0.6154888868331909
6742,7,-0.8185661435127258
6743,17,0.82943195104599
6744,10,-0.056408584117889404
6745,13,0.41967660188674927
6746,8,-0.5938800573348999
6747,4,-1.7044848203659058
6748,20,1.0913186073303223
6749,22,1.258636236190796
6750,13,0.4032743573188782
6751,6,-0.8597716689109802
6752,26,1.4620635509490967
6753,11,0.17050963640213013
6754,25,1.4180874824523926
6755,11,0.15328437089920044
6756,6,-1.0243459939956665
6757,7,-0.705239474773407
6758,30,1.6128175258636475
6759,7,-0.66689133644104
6760,14,0.5286393761634827
6761,13,0.4453890919685364
6762,7,-0.7331258058547974
6763,13,0.4040289521217346
6764,27,1.5077564716339111
6765,7,-0.7318572402000427
6766,7,-0.7388591766357422
6767,8,-0.5174130201339722
6768,7,-0.8231561183929443
6769,11,0.17276889085769653
6770,15,0.6086519360542297
6771,7,-0.851855456829071
6772,7,-0.6572041511535645
6773,21,1.1940348148345947
6774,7,-0.7429213523864746
6775,6,-0.911714494228363
6776,8,-0.5994762182235718
6777,6,-0.9256678819656372
6778,25,1.452413558959961
6779,20,1.1141254901885986
6780,29,1.5959868431091309
6781,28,1.558234691619873
6782,8,-0.597000777721405
6783,7,-0.8441165089607239
6784,7,-0.7795976400375366
6785,14,0.514627993106842
6786,24,1.3824174404144287
6787,14,0.4740143418312073
6788,20,1.1180355548858643
6789,13,0.3730432391166687
6790,6,-1.12449049949646
6791,17,0.8439801335334778
6792,23,1.3405261039733887
6793,20,1.110224962234497
6794,12,0.3020816445350647
6795,23,1.3396568298339844
6796,6,-0.90601646900177
6797,5,-1.1581727266311646
6798,7,-0.8480928540229797
6799,7,-0.6988101601600647
6800,13,0.4453069567680359
6801,16,0.751329243183136
6802,7,-0.7252269387245178
6803,11,0.13569217920303345
6804,11,0.03780674934387207
6805,7,-0.6899212598800659
6806,7,-0.6883977055549622
6807,29,1.583244800567627
6808,25,1.413700819015503
6809,11,0.03472554683685303
6810,23,1.3223183155059814
6811,6,-0.9385714530944824
6812,9,-0.2557774782180786
6813,7,-0.8203003406524658
6814,14,0.5167872309684753
6815,24,1.3713598251342773
6816,16,0.7587377429008484
6817,11,0.15605813264846802
6818,29,1.5890922546386719
6819,14,0.5796896815299988
6820,7,-0.7269695401191711
6821,21,1.1956324577331543
6822,7,-0.835716962814331
6823,14,0.476392924785614
6824,7,-0.8405776023864746
6825,15,0.6538786292076111
6826,15,0.6045019030570984
6827,18,0.9093419909477234
6828,23,1.2916803359985352
6829,19,1.0048115253448486
6830,7,-0.8026087880134583
6831,7,-0.8209599852561951
6832,7,-0.6016063690185547
6833,8,-0.5195432305335999
6834,6,-0.8915650844573975
6835,21,1.1896982192993164
6836,17,0.8776164650917053
6837,7,-0.692691445350647
6838,7,-0.8261778950691223
6839,24,1.3548133373260498
6840,6,-1.0752191543579102
6841,7,-0.7566205263137817
6842,14,0.4683604836463928
6843,17,0.8080403208732605
6844,13,0.4456067681312561
6845,6,-0.9257658123970032
6846,6,-0.9134905338287354
6847,6,-0.9443341493606567
6848,13,0.43857914209365845
6849,17,0.8612733483314514
6850,27,1.5154240131378174
6851,16,0.773195207118988
6852,6,-0.9530722498893738
6853,13,0.4209287762641907
6854,7,-0.736567497253418
6855,10,-0.08337146043777466
6856,7,-0.8317327499389648
6857,6,-0.9552220106124878
6858,10,-0.010088920593261719
6859,7,-0.690254271030426
6860,7,-0.6532171964645386
6861,8,-0.5698670148849487
6862,8,-0.38972705602645874
6863,30,1.6130475997924805
6864,13,0.3381195664405823
6865,7,-0.6290255784988403
6866,8,-0.3794916868209839
6867,11,0.12334543466567993
6868,15,0.6572054028511047
6869,7,-0.8307449817657471
6870,7,-0.7765348553657532
6871,16,0.7189175486564636
6872,11,0.16896826028823853
6873,8,-0.494931161403656
6874,13,0.45736461877822876
6875,14,0.5506697297096252
6876,7,-0.7572134733200073
6877,25,1.4235825538635254
6878,29,1.5965378284454346
6879,2,-2.492771863937378
6880,11,0.07885032892227173
6881,6,-0.8837711215019226
6882,7,-0.6548821330070496
6883,23,1.29754638671875
6884,18,0.9023354649543762
6885,7,-0.8336214423179626
6886,30,1.6132614612579346
6887,7,-0.7033254504203796
6888,21,1.2055199146270752
6889,18,0.9871266484260559
6890,16,0.7658267617225647
6891,7,-0.7766819000244141
6892,18,0.9074758887290955
6893,11,0.15417557954788208
6894,11,0.028742313385009766
6895,23,1.33668851852417
6896,8,-0.4819888770580292
6897,19,1.041031837463379
6898,6,-1.0358552932739258
6899,11,0.17622143030166626
6900,19,1.0122411251068115
6901,6,-0.8910557627677917
6902,26,1.472869873046875
6903,12,0.30288416147232056
6904,13,0.3623468279838562
6905,30,1.6147181987762451
6906,13,0.3444860577583313
6907,16,0.7110931277275085
6908,22,1.232985496520996
6909,24,1.3650219440460205
6910,29,1.58670973777771
6911,8,-0.5236251354217529
6912,17,0.8782724738121033
6913,6,-0.9150768518447876
6914,7,-0.6794450283050537
6915,15,0.6965605616569519
6916,7,-0.7565646171569824
6917,1,-2.8235135078430176
6918,14,0.5793824791908264
6919,6,-0.8918942809104919
6920,13,0.44233137369155884
6921,17,0.8698187470436096
6922,8,-0.45621874928474426
6923,24,1.3489410877227783
6924,6,-0.9111945033073425
6925,7,-0.7943629622459412
6926,8,-0.42879700660705566
6927,15,0.6784794926643372
6928,21,1.211787462234497
6929,10,-0.15364116430282593
6930,15,0.668040931224823
6931,16,0.7546473145484924
6932,6,-0.9098197221755981
6933,7,-0.7896389961242676
6934,7,-0.6962047815322876
6935,5,-1.3231257200241089
6936,30,1.6081011295318604
6937,21,1.179616928100586
6938,10,-0.0038322806358337402
6939,13,0.4013209939002991
6940,5,-1.2265310287475586
6941,28,1.5620720386505127
6942,21,1.183643102645874
6943,7,-0.8191731572151184
6944,8,-0.5260012149810791
6945,7,-0.7257654070854187
6946,7,-0.723183810710907
6947,7,-0.6855744123458862
6948,8,-0.44228577613830566
6949,22,1.2419004440307617
6950,9,-0.29619014263153076
6951,5,-1.314711570739746
6952,21,1.2248473167419434
6953,7,-0.6522140502929688
6954,5,-1.140796422958374
6955,7,-0.645124614238739
6956,1,-2.8305323123931885
6957,7,-0.7341128587722778
6958,8,-0.570379376411438
6959,16,0.7448810935020447
6960,22,1.2782976627349854
6961,7,-0.7960700988769531
6962,14,0.5645566582679749
6963,8,-0.5180140733718872
6964,14,0.49346500635147095
6965,6,-0.8762366771697998
6966,7,-0.6875536441802979
6967,6,-0.8627376556396484
6968,7,-0.761161208152771
6969,29,1.5892410278320312
6970,23,1.3428230285644531
6971,11,0.19271773099899292
6972,7,-0.6181439757347107
6973,21,1.1524991989135742
6974,16,0.8024434447288513
6975,15,0.6095978617668152
6976,7,-0.814134418964386
6977,20,1.1182937622070312
6978,17,0.8722376227378845
6979,15,0.6312810778617859
6980,13,0.3867219090461731
6981,5,-1.1719053983688354
6982,7,-0.6674548983573914
6983,20,1.1019480228424072
6984,21,1.22529935836792
6985,18,0.9728010296821594
6986,17,0.8798146843910217
6987,8,-0.4711999297142029
6988,6,-0.976689338684082
6989,10,-0.022451937198638916
6990,8,-0.5990731716156006
6991,18,0.9706971049308777
6992,21,1.2191972732543945
6993,7,-0.7558029890060425
6994,8,-0.542655348777771
6995,10,-0.09187299013137817
6996,8,-0.5340684652328491
6997,1,-2.8354909420013428
6998,11,0.14566916227340698
6999,12,0.3032214045524597
7000,14,0.5756391882896423
7001,6,-0.88416588306427
7002,12,0.2480350136756897
7003,8,-0.49548226594924927
7004,7,-0.7069202065467834
7005,28,1.5484895706176758
7006,11,0.1627001166343689
7007,7,-0.6631770133972168
7008,8,-0.4677308201789856
7009,7,-0.8391476273536682
7010,27,1.5229594707489014
7011,14,0.4830086827278137
7012,8,-0.5779666900634766
7013,13,0.33749252557754517
7014,14,0.5824635624885559
7015,13,0.45583707094192505
7016,7,-0.828747570514679
7017,23,1.3116025924682617
7018,14,0.5064107775688171
7019,8,-0.5439697504043579
7020,19,1.0560142993927002
7021,7,-0.771507978439331
7022,6,-1.0139026641845703
7023,13,0.4326743483543396
7024,7,-0.7049492001533508
7025,5,-1.3838989734649658
7026,7,-0.647991418838501
7027,6,-0.9036155343055725
7028,16,0.7254994511604309
7029,14,0.507451593875885
7030,20,1.1350953578948975
7031,26,1.4819920063018799
7032,12,0.1982991099357605
7033,15,0.590950071811676
7034,8,-0.3871312737464905
7035,25,1.4403464794158936
7036,14,0.5296878218650818
7037,8,-0.572717547416687
7038,22,1.2608942985534668
7039,12,0.24029439687728882
7040,13,0.35941654443740845
7041,16,0.7762797474861145
7042,30,1.6090691089630127
7043,17,0.8626249432563782
7044,12,0.22848135232925415
7045,7,-0.6948750615119934
7046,13,0.3944818377494812
7047,19,1.0456938743591309
7048,22,1.2311525344848633
7049,8,-0.4936932921409607
7050,14,0.5568329691886902
7051,8,-0.5531439781188965
7052,8,-0.5606948137283325
7053,8,-0.552741527557373
7054,12,0.28046196699142456
7055,7,-0.7493318319320679
7056,6,-0.9634865522384644
7057,6,-0.9979209899902344
7058,6,-0.9795311093330383
7059,7,-0.7915660738945007
7060,4,-1.70042085647583
7061,19,1.055694341659546
7062,16,0.7156016230583191
7063,18,0.9235745072364807
7064,14,0.49695736169815063
7065,8,-0.4752982556819916
7066,8,-0.5920031070709229
7067,19,1.0448808670043945
7068,20,1.1042366027832031
7069,5,-1.254473090171814
7070,15,0.6912025809288025
7071,30,1.6115849018096924
7072,14,0.5128799080848694
7073,26,1.4793033599853516
7074,24,1.35959792137146
7075,13,0.35088974237442017
7076,13,0.3511332869529724
7077,16,0.7594812512397766
7078,6,-0.9537513852119446
7079,15,0.6874950528144836
7080,24,1.3517236709594727
7081,13,0.37957316637039185
7082,1,-2.843021869659424
7083,8,-0.4280050992965698
7084,20,1.1194050312042236
7085,30,1.6132473945617676
7086,15,0.6069288849830627
7087,15,0.6190395951271057
7088,7,-0.6514523029327393
7089,6,-0.8778338432312012
7090,4,-1.630466103553772
7091,7,-0.7190306186676025
7092,8,-0.4966021776199341
7093,7,-0.6942108869552612
7094,28,1.561760663986206
7095,1,-2.83716082572937
7096,7,-0.7556464672088623
7097,24,1.350431203842163
7098,6,-1.0779166221618652
7099,17,0.8856828808784485
7100,10,-0.10923606157302856
7101,18,0.9607018828392029
7102,23,1.334411382675171
7103,23,1.3130848407745361
7104,30,1.607816457748413
7105,16,0.748211681842804
7106,16,0.726292073726654
7107,2,-2.6255271434783936
7108,6,-0.9556347131729126
7109,7,-0.7858965396881104
7110,27,1.5124707221984863
7111,8,-0.39886415004730225
7112,7,-0.6815287470817566
7113,10,-0.019556283950805664
7114,7,-0.6597402095794678
7115,16,0.7337173819541931
7116,16,0.7253132462501526
7117,22,1.2467339038848877
7118,7,-0.792681097984314
7119,8,-0.5843527317047119
7120,15,0.659628689289093
7121,8,-0.588056206703186
7122,14,0.5113094449043274
7123,7,-0.7857440114021301
7124,2,-2.6284611225128174
7125,29,1.5744168758392334
7126,14,0.5527487397193909
7127,7,-0.7502245306968689
7128,16,0.7012549042701721
7129,7,-0.7495561242103577
7130,8,-0.3926849961280823
7131,6,-0.9478029608726501
7132,15,0.6679338812828064
7133,7,-0.621740460395813
7134,8,-0.5442858934402466
7135,16,0.7155415415763855
7136,7,-0.6486514806747437
7137,7,-0.7076345086097717
7138,8,-0.5085247755050659
7139,6,-0.8797774314880371
7140,7,-0.6929761171340942
7141,6,-0.8779159188270569
7142,26,1.4719743728637695
7143,8,-0.41644221544265747
7144,8,-0.5892825126647949
7145,8,-0.5892373323440552
7146,12,0.21495884656906128
7147,7,-0.7605733871459961
7148,30,1.6137287616729736
7149,2,-2.670551061630249
7150,10,-0.06255125999450684
7151,1,-2.831263303756714
7152,16,0.7324060797691345
7153,14,0.5686702132225037
7154,27,1.5245318412780762
7155,6,-0.8760241270065308
7156,17,0.8817164301872253
7157,7,-0.7288625240325928
7158,14,0.5332664847373962
7159,6,-0.9809839725494385
7160,19,1.026773452758789
7161,20,1.0973806381225586
7162,15,0.6813564896583557
7163,10,-0.010382115840911865
7164,11,0.09686011075973511
7165,13,0.3382728695869446
7166,21,1.2252490520477295
7167,2,-2.5092825889587402
7168,16,0.7639680504798889
7169,13,0.4635249972343445
7170,22,1.2533130645751953
7171,24,1.365617036819458
7172,17,0.8343003392219543
7173,6,-0.9764442443847656
7174,9,-0.2885999083518982
7175,15,0.6155815720558167
7176,13,0.3624005913734436
7177,8,-0.4954942464828491
7178,14,0.5350293517112732
7179,21,1.149853229522705
7180,8,-0.5442582368850708
7181,16,0.7314596772193909
7182,26,1.4836382865905762
7183,13,0.4216187596321106
7184,8,-0.49748465418815613
7185,1,-2.81410551071167
7186,6,-0.8827481269836426
7187,3,-2.2602226734161377
7188,23,1.3215186595916748
7189,19,1.030397891998291
7190,15,0.6698299050331116
7191,16,0.7296680808067322
7192,23,1.3304827213287354
7193,9,-0.3311895728111267
7194,21,1.2165708541870117
7195,14,0.46847182512283325
7196,21,1.1982293128967285
7197,13,0.4100794196128845
7198,20,1.1417431831359863
7199,7,-0.6580995917320251
7200,30,1.6047778129577637
7201,27,1.5253863334655762
7202,21,1.200462818145752
7203,8,-0.5232858657836914
7204,7,-0.6104038953781128
7205,20,1.1152563095092773
7206,12,0.2815515398979187
7207,14,0.5398078560829163
7208,8,-0.4147684574127197
7209,13,0.4090995192527771
7210,7,-0.6907931566238403
7211,6,-0.8925175666809082
7212,30,1.6105506420135498
7213,8,-0.5556282997131348
7214,14,0.46635884046554565
7215,14,0.5732467770576477
7216,7,-0.6422930955886841
7217,14,0.5803261399269104
7218,6,-0.9957857131958008
7219,11,0.10960406064987183
7220,12,0.287043035030365
7221,14,0.485291063785553
7222,7,-0.7368336915969849
7223,24,1.3647561073303223
7224,5,-1.2925059795379639
7225,17,0.8481265902519226
7226,25,1.4458212852478027
7227,21,1.1836023330688477
7228,13,0.4188750386238098
7229,19,1.0223796367645264
7230,27,1.522843599319458
7231,7,-0.6603175401687622
7232,16,0.7345263361930847
7233,15,0.635505735874176
7234,27,1.5127291679382324
7235,14,0.5337898135185242
7236,7,-0.6360397338867188
7237,13,0.3775331377983093
7238,12,0.2501303553581238
7239,7,-0.6450087428092957
7240,7,-0.6956311464309692
7241,25,1.4253208637237549
7242,25,1.443213701248169
7243,7,-0.807584822177887
7244,19,1.0395243167877197
7245,15,0.6826174855232239
7246,14,0.5387818217277527
7247,7,-0.7786582112312317
7248,8,-0.5431396961212158
7249,8,-0.5442773103713989
7250,23,1.3476784229278564
7251,30,1.610504150390625
7252,14,0.5181742310523987
7253,30,1.6149241924285889
7254,16,0.7355937361717224
7255,8,-0.5761106610298157
7256,7,-0.8443567752838135
7257,7,-0.6602636575698853
7258,12,0.25202256441116333
7259,29,1.5840606689453125
7260,13,0.3385053277015686
7261,16,0.7019172310829163
7262,20,1.1217458248138428
7263,15,0.6799253821372986
7264,10,-0.09544581174850464
7265,7,-0.7374576330184937
7266,6,-0.9244526624679565
7267,8,-0.5688055753707886
7268,7,-0.750856876373291
7269,7,-0.8174006938934326
7270,21,1.1642143726348877
7271,7,-0.6002621650695801
7272,5,-1.3936110734939575
7273,12,0.20458060503005981
7274,9,-0.28119957447052
7275,26,1.469261884689331
7276,7,-0.7434947490692139
7277,16,0.724378764629364
7278,7,-0.6539767384529114
7279,25,1.409369945526123
7280,24,1.390017032623291
7281,23,1.310502529144287
7282,6,-1.1343867778778076
7283,17,0.8311395049095154
7284,7,-0.7174545526504517
7285,26,1.4963030815124512
7286,5,-1.4329476356506348
7287,7,-0.6124374866485596
7288,7,-0.7306469678878784
7289,19,1.0622236728668213
7290,14,0.5655322670936584
7291,25,1.4351353645324707
7292,6,-0.8581646084785461
7293,10,-0.06089019775390625
7294,16,0.7248073220252991
7295,17,0.8185445666313171
7296,30,1.6131372451782227
7297,6,-0.9491013884544373
7298,13,0.4055890440940857
7299,7,-0.7827376127243042
7300,11,0.036360204219818115
7301,18,0.9070841670036316
7302,13,0.44968217611312866
7303,23,1.3062067031860352
7304,15,0.6158168911933899
7305,9,-0.37277501821517944
7306,27,1.5209410190582275
7307,8,-0.5233974456787109
7308,8,-0.5172456502914429
7309,18,0.9272500872612
7310,16,0.742847740650177
7311,22,1.2273385524749756
7312,14,0.47759395837783813
7313,8,-0.546891450881958
7314,8,-0.4457509219646454
7315,20,1.0687670707702637
7316,3,-1.9186179637908936
7317,6,-0.8578757047653198
7318,25,1.4517688751220703
7319,11,0.16652029752731323
7320,13,0.3709568381309509
7321,28,1.5672972202301025
7322,7,-0.6151797771453857
7323,7,-0.7280146479606628
7324,8,-0.3914147615432739
7325,7,-0.721230149269104
7326,8,-0.5130256414413452
7327,9,-0.36926567554473877
7328,7,-0.6633758544921875
7329,7,-0.6493627429008484
7330,14,0.5058107972145081
7331,18,0.9401375651359558
7332,7,-0.7017204761505127
7333,15,0.6224351525306702
7334,9,-0.33166927099227905
7335,22,1.2430553436279297
7336,11,0.1094312071800232
7337,16,0.7307567000389099
7338,15,0.6067898869514465
7339,2,-2.4426496028900146
7340,8,-0.39308595657348633
7341,14,0.47100144624710083
7342,6,-0.8728446364402771
7343,23,1.3038702011108398
7344,25,1.4337971210479736
7345,17,0.8465054631233215
7346,7,-0.6254338026046753
7347,8,-0.5779101848602295
7348,7,-0.7675822973251343
7349,6,-1.0011426210403442
7350,8,-0.4953061640262604
7351,25,1.4570221900939941
7352,10,-0.10949063301086426
7353,4,-1.5514806509017944
7354,25,1.4216077327728271
7355,12,0.3313642144203186
7356,17,0.8840366005897522
7357,21,1.2046198844909668
7358,7,-0.7611125707626343
7359,7,-0.6282143592834473
7360,21,1.1912908554077148
7361,7,-0.7347038984298706
7362,19,1.055201530456543
7363,8,-0.573891282081604
7364,5,-1.1503689289093018
7365,8,-0.3963479995727539
7366,14,0.4838023781776428
7367,16,0.7610732913017273
7368,7,-0.6555753946304321
7369,8,-0.5376530885696411
7370,8,-0.4916899502277374
7371,13,0.33926016092300415
7372,22,1.250054121017456
7373,12,0.2993592619895935
7374,6,-0.8951216340065002
7375,11,0.02682650089263916
7376,14,0.5033498406410217
7377,22,1.288942813873291
7378,14,0.5103247761726379
7379,7,-0.6891048550605774
7380,17,0.8620733618736267
7381,7,-0.6997027397155762
7382,10,-0.022881388664245605
7383,7,-0.7526845335960388
7384,8,-0.4305608868598938
7385,25,1.4248480796813965
7386,27,1.5135712623596191
7387,20,1.0721032619476318
7388,12,0.21446555852890015
7389,7,-0.776374101638794
7390,5,-1.3575305938720703
7391,16,0.6977972388267517
7392,7,-0.7275964021682739
7393,30,1.602311134338379
7394,23,1.3231897354125977
7395,22,1.2659413814544678
7396,20,1.1070408821105957
7397,24,1.3679115772247314
7398,8,-0.3873968720436096
7399,7,-0.6048765182495117
7400,22,1.2659993171691895
7401,22,1.2329339981079102
7402,7,-0.7195743918418884
7403,8,-0.5266174077987671
7404,9,-0.20137453079223633
7405,14,0.5494276881217957
7406,16,0.7372650504112244
7407,7,-0.6734392642974854
7408,22,1.253175973892212
7409,22,1.2480852603912354
7410,23,1.3286705017089844
7411,9,-0.347575843334198
7412,6,-1.0016895532608032
7413,15,0.6650711894035339
7414,17,0.8740378022193909
7415,25,1.4256114959716797
7416,7,-0.7068747878074646
7417,20,1.1361579895019531
7418,23,1.3042328357696533
7419,8,-0.5737829208374023
7420,16,0.7016740441322327
7421,7,-0.7656397819519043
7422,8,-0.5683298110961914
7423,19,0.993118941783905
7424,7,-0.6257356405258179
7425,15,0.6181584000587463
7426,8,-0.5585628151893616
7427,11,0.11064249277114868
7428,1,-2.8429880142211914
7429,13,0.42450588941574097
7430,17,0.8170425295829773
7431,27,1.538694143295288
7432,16,0.8026650547981262
7433,25,1.448101282119751
7434,27,1.504833698272705
7435,6,-0.900216817855835
7436,27,1.5128498077392578
7437,3,-2.045274496078491
7438,8,-0.3858712315559387
7439,8,-0.5177785158157349
7440,7,-0.6922210454940796
7441,14,0.4948797821998596
7442,7,-0.6448756456375122
7443,7,-0.766653299331665
7444,20,1.1257567405700684
7445,7,-0.7119051218032837
7446,17,0.8965380787849426
7447,18,0.9476153254508972
7448,7,-0.6838390827178955
7449,8,-0.4289458394050598
7450,12,0.25395911931991577
7451,19,1.067131757736206
7452,8,-0.6001704931259155
7453,22,1.2711749076843262
7454,14,0.49920862913131714
7455,19,1.0353574752807617
7456,9,-0.24504005908966064
7457,8,-0.38478904962539673
7458,21,1.1960575580596924
7459,23,1.3419382572174072
7460,8,-0.4372997283935547
7461,7,-0.802211344242096
7462,13,0.4533085227012634
7463,19,1.0578439235687256
7464,17,0.8828055262565613
7465,11,0.17455607652664185
7466,14,0.5107858777046204
7467,15,0.6221504807472229
7468,18,0.9170827269554138
7469,7,-0.6312614679336548
7470,7,-0.7947519421577454
7471,19,1.058211326599121
7472,7,-0.7216047644615173
7473,18,0.9494596123695374
7474,21,1.203965425491333
7475,22,1.2264330387115479
7476,14,0.4734073281288147
7477,7,-0.751957893371582
7478,16,0.7789484858512878
7479,7,-0.7605410814285278
7480,17,0.8673457503318787
7481,8,-0.5339462757110596
7482,8,-0.5993499755859375
7483,19,1.001342535018921
7484,6,-0.9639775156974792
7485,17,0.8908030390739441
7486,15,0.6940671801567078
7487,8,-0.5290675163269043
7488,16,0.7661857008934021
7489,7,-0.6388910412788391
7490,6,-1.0817393064498901
7491,7,-0.6166843175888062
7492,14,0.5241456627845764
7493,16,0.7021735310554504
7494,7,-0.8343026638031006
7495,4,-1.5007972717285156
7496,13,0.35700923204421997
7497,7,-0.7089179754257202
7498,8,-0.5047207474708557
7499,1,-2.843235731124878
7500,7,-0.6022862195968628
7501,8,-0.4226083755493164
7502,16,0.7852465510368347
7503,24,1.4041166305541992
7504,10,-0.05824548006057739
7505,15,0.6667998433113098
7506,14,0.5595303177833557
7507,8,-0.4679538309574127
7508,12,0.20229357481002808
7509,8,-0.5920519232749939
7510,7,-0.6528602838516235
7511,8,-0.4584375023841858
7512,24,1.3597135543823242
7513,2,-2.4551355838775635
7514,8,-0.5152803063392639
7515,7,-0.7283408045768738
7516,7,-0.7642492651939392
7517,27,1.5212676525115967
7518,8,-0.44027870893478394
7519,7,-0.6220753192901611
7520,6,-1.030517816543579
7521,19,0.988063633441925
7522,15,0.6195690035820007
7523,8,-0.49496161937713623
7524,12,0.31954294443130493
7525,10,-0.07674264907836914
7526,21,1.1498451232910156
7527,11,0.11026197671890259
7528,1,-2.830843210220337
7529,15,0.6091068387031555
7530,7,-0.6227086782455444
7531,14,0.556611955165863
7532,18,0.8985829949378967
7533,14,0.5406016707420349
7534,7,-0.720918595790863
7535,7,-0.6960710883140564
7536,10,-0.06415063142776489
7537,17,0.879503071308136
7538,11,0.09283298254013062
7539,7,-0.6008179783821106
7540,9,-0.37417328357696533
7541,26,1.4652838706970215
7542,15,0.6336466670036316
7543,24,1.3506810665130615
7544,21,1.2232425212860107
7545,23,1.3278369903564453
7546,12,0.19527047872543335
7547,18,0.9557566046714783
7548,10,-0.16044992208480835
7549,18,0.9203526377677917
7550,15,0.6636831164360046
7551,30,1.6101164817810059
7552,1,-2.8360068798065186
7553,7,-0.7942934036254883
7554,8,-0.5578054189682007
7555,24,1.354567527770996
7556,14,0.4829326272010803
7557,7,-0.7761653065681458
7558,15,0.6566947102546692
7559,4,-1.4801989793777466
7560,7,-0.6209731101989746
7561,8,-0.4355435371398926
7562,8,-0.5109983086585999
7563,19,1.0685579776763916
7564,7,-0.609693169593811
7565,24,1.3916072845458984
7566,26,1.4846370220184326
7567,12,0.27261263132095337
7568,22,1.2734730243682861
7569,25,1.4183332920074463
7570,10,-0.12518519163131714
7571,17,0.8326858878135681
7572,8,-0.5774503946304321
7573,16,0.725169837474823
7574,22,1.2454283237457275
7575,22,1.2418999671936035
7576,8,-0.4125492572784424
7577,7,-0.7529358863830566
7578,18,0.9610714316368103
7579,15,0.658375084400177
7580,16,0.7869783043861389
7581,20,1.0718903541564941
7582,16,0.7927586436271667
7583,13,0.4348446726799011
7584,28,1.5609488487243652
7585,2,-2.6469132900238037
7586,16,0.7208161950111389
7587,15,0.6629616618156433
7588,20,1.129478931427002
7589,8,-0.5900075435638428
7590,15,0.5983931422233582
7591,7,-0.6459077596664429
7592,8,-0.4954514503479004
7593,17,0.8895605206489563
7594,25,1.4448058605194092
7595,16,0.7407401204109192
7596,8,-0.5306336879730225
7597,7,-0.8368319869041443
7598,22,1.2771093845367432
7599,13,0.44681912660598755
7600,9,-0.3420097827911377
7601,7,-0.8120661377906799
7602,7,-0.6147052645683289
7603,11,0.10313278436660767
7604,23,1.3225288391113281
7605,30,1.6133852005004883
7606,7,-0.7007571458816528
7607,8,-0.5182622671127319
7608,17,0.8608619570732117
7609,8,-0.3795597553253174
7610,7,-0.7649723291397095
7611,6,-1.1001813411712646
7612,8,-0.571875274181366
7613,24,1.3667950630187988
7614,9,-0.19206851720809937
7615,8,-0.48571527004241943
7616,8,-0.5897445678710938
7617,9,-0.2980860471725464
7618,8,-0.4979502558708191
7619,7,-0.8440646529197693
7620,15,0.6059481501579285
7621,15,0.5965879559516907
7622,16,0.7703050971031189
7623,8,-0.41298186779022217
7624,7,-0.6694191694259644
7625,15,0.6086408495903015
7626,16,0.7275233864784241
7627,8,-0.5203933715820312
7628,30,1.611196756362915
7629,30,1.614804983139038
7630,17,0.8647633194923401
7631,20,1.0929901599884033
7632,13,0.3674547076225281
7633,7,-0.650901198387146
7634,7,-0.7314728498458862
7635,15,0.6197190880775452
7636,17,0.8317062258720398
7637,17,0.806933581829071
7638,15,0.6959752440452576
7639,8,-0.5156056880950928
7640,14,0.5032522082328796
7641,18,0.9149138331413269
7642,23,1.3423097133636475
7643,7,-0.8472139239311218
7644,30,1.602677583694458
7645,15,0.5868971943855286
7646,8,-0.5274509787559509
7647,7,-0.6315819025039673
7648,9,-0.369437038898468
7649,23,1.317107915878296
7650,8,-0.502615213394165
7651,17,0.8221634030342102
7652,13,0.39089030027389526
7653,7,-0.8219740986824036
7654,8,-0.4769105613231659
7655,14,0.5423519015312195
7656,25,1.4263124465942383
7657,30,1.6093826293945312
7658,9,-0.2097761034965515
7659,8,-0.4055730700492859
7660,8,-0.5565996170043945
7661,25,1.4100713729858398
7662,8,-0.5464942455291748
7663,15,0.6769755482673645
7664,27,1.5168871879577637
7665,8,-0.4894825518131256
7666,11,0.11984509229660034
7667,24,1.36037015914917
7668,8,-0.40609312057495117
7669,8,-0.4850008487701416
7670,9,-0.3030901551246643
7671,9,-0.32860130071640015
7672,9,-0.36916583776474
7673,10,-0.08161044120788574
7674,7,-0.6890504360198975
7675,25,1.4569919109344482
7676,15,0.6809830069541931
7677,18,0.908980667591095
7678,1,-2.833906650543213
7679,20,1.0865461826324463
7680,8,-0.5428116321563721
7681,20,1.0796725749969482
7682,18,0.9143593907356262
7683,20,1.097583532333374
7684,8,-0.4118121862411499
7685,15,0.681959331035614
7686,23,1.3339767456054688
7687,12,0.22632020711898804
7688,7,-0.7527087330818176
7689,8,-0.5161001682281494
7690,22,1.2735748291015625
7691,11,0.038961708545684814
7692,22,1.2401139736175537
7693,8,-0.39171499013900757
7694,8,-0.5398845672607422
7695,16,0.7946961522102356
7696,8,-0.5815482139587402
7697,8,-0.4729364216327667
7698,7,-0.674238383769989
7699,7,-0.6027408838272095
7700,8,-0.46204137802124023
7701,8,-0.5242719650268555
7702,15,0.6870394349098206
7703,18,0.9873196482658386
7704,15,0.6479211449623108
7705,8,-0.5914183259010315
7706,24,1.4001243114471436
7707,24,1.3800230026245117
7708,8,-0.4904971718788147
7709,16,0.7122253775596619
7710,7,-0.7623528838157654
7711,8,-0.5131723880767822
7712,16,0.77533358335495
7713,5,-1.3723703622817993
7714,21,1.1652541160583496
7715,18,0.8991015553474426
7716,23,1.3032689094543457
7717,24,1.395756483078003
7718,14,0.5249341130256653
7719,30,1.6147246360778809
7720,7,-0.7604503631591797
7721,27,1.5341081619262695
7722,7,-0.6775165796279907
7723,12,0.3214583992958069
7724,20,1.070899486541748
7725,8,-0.5693860650062561
7726,9,-0.19009852409362793
7727,16,0.746833860874176
7728,8,-0.5028177499771118
7729,29,1.5902690887451172
7730,18,0.9580315947532654
7731,23,1.3414416313171387
7732,9,-0.1725272536277771
7733,6,-0.9148609042167664
7734,27,1.5235590934753418
7735,7,-0.631305456161499
7736,16,0.741690456867218
7737,15,0.6929765343666077
7738,14,0.5499685406684875
7739,9,-0.36345934867858887
7740,15,0.6521946787834167
7741,7,-0.8050962686538696
7742,13,0.4527685046195984
7743,13,0.43085795640945435
7744,30,1.6018109321594238
7745,8,-0.5429908037185669
7746,19,1.0152959823608398
7747,7,-0.7447903752326965
7748,13,0.3475962281227112
7749,8,-0.5208745002746582
7750,8,-0.5089937448501587
7751,12,0.24455136060714722
7752,7,-0.8411961793899536
7753,13,0.3586556315422058
7754,12,0.19485145807266235
7755,23,1.3264312744140625
7756,11,0.1547909379005432
7757,7,-0.7155696153640747
7758,16,0.7660689949989319
7759,12,0.26308733224868774
7760,19,0.9880821108818054
7761,8,-0.381442666053772
7762,19,0.999222457408905
7763,8,-0.45292213559150696
7764,28,1.5584774017333984
7765,7,-0.6425038576126099
7766,7,-0.6444946527481079
7767,10,-0.04825282096862793
7768,20,1.0741338729858398
7769,11,0.07103878259658813
7770,14,0.5264245867729187
7771,8,-0.4791356325149536
7772,5,-1.1381558179855347
7773,20,1.1452968120574951
7774,7,-0.6312967538833618
7775,8,-0.4690150320529938
7776,8,-0.5509488582611084
7777,19,1.0213875770568848
7778,1,-2.7967424392700195
7779,8,-0.5062764883041382
7780,14,0.4901450276374817
7781,7,-0.789537250995636
7782,8,-0.5544772744178772
7783,8,-0.5142122507095337
7784,16,0.7097920775413513
7785,15,0.6653762459754944
7786,10,-0.10723179578781128
7787,9,-0.31944042444229126
7788,7,-0.6825550198554993
7789,13,0.45247989892959595
7790,17,0.8316810727119446
7791,6,-0.8800883293151855
7792,5,-1.3636894226074219
7793,11,0.14145559072494507
7794,28,1.5488810539245605
7795,8,-0.559253454208374
7796,7,-0.7522995471954346
7797,7,-0.6639517545700073
7798,6,-0.9932692646980286
7799,8,-0.5842968225479126
7800,25,1.4170262813568115
7801,23,1.323927402496338
7802,30,1.604607343673706
7803,12,0.26224368810653687
7804,15,0.5943097472190857
7805,7,-0.6959840059280396
7806,17,0.8618574738502502
7807,16,0.71900874376297
7808,7,-0.6006198525428772
7809,15,0.6286618113517761
7810,14,0.5156973004341125
7811,7,-0.7389879822731018
7812,24,1.386122465133667
7813,17,0.8563711047172546
7814,8,-0.4021136164665222
7815,18,0.9536460041999817
7816,13,0.45068079233169556
7817,8,-0.44306403398513794
7818,9,-0.3070281744003296
7819,9,-0.3603678345680237
7820,8,-0.5271624326705933
7821,17,0.8507372736930847
7822,21,1.2117102146148682
7823,16,0.7115198969841003
7824,14,0.5399103760719299
7825,17,0.8705560564994812
7826,15,0.61454838514328
7827,15,0.6589073538780212
7828,8,-0.5740039348602295
7829,23,1.2997963428497314
7830,23,1.3366034030914307
7831,15,0.605038583278656
7832,11,0.027339577674865723
7833,9,-0.37115180492401123
7834,15,0.6912516951560974
7835,7,-0.7964939475059509
7836,7,-0.8067128658294678
7837,16,0.7181945443153381
7838,7,-0.8055505156517029
7839,21,1.1592912673950195
7840,8,-0.59876549243927
7841,7,-0.6610804796218872
7842,14,0.5347058176994324
7843,22,1.225557804107666
7844,15,0.689174473285675
7845,8,-0.5160387754440308
7846,12,0.22961372137069702
7847,18,0.9329645037651062
7848,17,0.8565104603767395
7849,8,-0.46689170598983765
7850,16,0.7870394587516785
7851,7,-0.8237651586532593
7852,24,1.366635799407959
7853,18,0.9683178067207336
7854,22,1.2640886306762695
7855,8,-0.4340875744819641
7856,12,0.3276492953300476
7857,17,0.8086349368095398
7858,8,-0.5159111022949219
7859,8,-0.4288896322250366
7860,19,1.0295288562774658
7861,12,0.2520741820335388
7862,22,1.2438578605651855
7863,8,-0.44884225726127625
7864,23,1.299755334854126
7865,5,-1.3778882026672363
7866,15,0.6914343237876892
7867,16,0.8017056584358215
7868,20,1.1227350234985352
7869,25,1.410139560699463
7870,8,-0.590660572052002
7871,27,1.5147600173950195
7872,22,1.2573935985565186
7873,8,-0.48721835017204285
7874,15,0.630195677280426
7875,26,1.4729185104370117
7876,15,0.6286013722419739
7877,20,1.086576223373413
7878,17,0.8382729887962341
7879,14,0.5627322793006897
7880,16,0.7899472117424011
7881,24,1.3675878047943115
7882,9,-0.3605802059173584
7883,24,1.3485455513000488
7884,8,-0.5409607887268066
7885,12,0.31505149602890015
7886,13,0.45646435022354126
7887,4,-1.5462168455123901
7888,17,0.8845381140708923
7889,16,0.7156744599342346
7890,18,0.903573215007782
7891,23,1.3315610885620117
7892,18,0.9065080285072327
7893,7,-0.6044230461120605
7894,6,-0.8673040270805359
7895,15,0.6417599320411682
7896,8,-0.6001210808753967
7897,14,0.5045241713523865
7898,19,1.0270211696624756
7899,7,-0.6287027597427368
7900,18,0.9060476422309875
7901,9,-0.34893661737442017
7902,8,-0.530603289604187
7903,8,-0.44592851400375366
7904,24,1.3745288848876953
7905,7,-0.7499161958694458
7906,20,1.1283421516418457
7907,1,-2.828531503677368
7908,13,0.4490998387336731
7909,12,0.2831736207008362
7910,8,-0.4107136130332947
7911,8,-0.4726274311542511
7912,20,1.1060025691986084
7913,18,0.9606782793998718
7914,25,1.4438340663909912
7915,8,-0.45426759123802185
7916,23,1.3141822814941406
7917,14,0.5223231911659241
7918,20,1.1198046207427979
7919,4,-1.4980838298797607
7920,28,1.5466392040252686
7921,25,1.455392599105835
7922,16,0.7331779599189758
7923,7,-0.645992636680603
7924,19,1.0173046588897705
7925,12,0.307036817073822
7926,19,0.9983956217765808
7927,15,0.6528900265693665
7928,26,1.4617133140563965
7929,18,0.9793792366981506
7930,18,0.9776881337165833
7931,14,0.5264944434165955
7932,8,-0.48274892568588257
7933,16,0.7581103444099426
7934,8,-0.5246145129203796
7935,6,-0.951594352722168
7936,24,1.3750696182250977
7937,8,-0.4548536241054535
7938,7,-0.6569311618804932
7939,9,-0.27685099840164185
7940,25,1.4253313541412354
7941,6,-0.8956335783004761
7942,20,1.115112543106079
7943,17,0.814115583896637
7944,20,1.1278414726257324
7945,9,-0.3663002848625183
7946,19,1.0562469959259033
7947,8,-0.5144346952438354
7948,14,0.5144545435905457
7949,8,-0.4782169461250305
7950,16,0.7166739106178284
7951,22,1.249424695968628
7952,12,0.2551211714744568
7953,8,-0.5919016599655151
7954,22,1.2490859031677246
7955,16,0.6994594931602478
7956,23,1.2908527851104736
7957,14,0.520501434803009
7958,25,1.4553990364074707
7959,7,-0.652137041091919
7960,23,1.322918176651001
7961,13,0.33800965547561646
7962,26,1.4663655757904053
7963,17,0.8973893523216248
7964,23,1.3012349605560303
7965,6,-0.8982229828834534
7966,18,0.9047933220863342
7967,8,-0.47818541526794434
7968,19,1.0316898822784424
7969,8,-0.5089524388313293
7970,9,-0.31557971239089966
7971,19,1.044936180114746
7972,8,-0.5777269601821899
7973,19,1.0249669551849365
7974,23,1.3063054084777832
7975,17,0.8782814145088196
7976,8,-0.570784866809845
7977,17,0.8263880610466003
7978,16,0.7468796372413635
7979,22,1.2525510787963867
7980,8,-0.5951294302940369
7981,30,1.601243257522583
7982,7,-0.6183992028236389
7983,9,-0.295526385307312
7984,13,0.3622196316719055
7985,8,-0.38756483793258667
7986,17,0.8788133263587952
7987,8,-0.49071064591407776
7988,19,1.0144455432891846
7989,8,-0.5304936170578003
7990,25,1.4527080059051514
7991,7,-0.6991285681724548
7992,8,-0.5485015511512756
7993,26,1.4609334468841553
7994,27,1.5384001731872559
7995,7,-0.702389121055603
7996,17,0.8677836060523987
7997,9,-0.3137766718864441
7998,9,-0.2539408802986145
7999,17,0.8744609951972961
8000,9,-0.3031638264656067
8001,8,-0.4426787495613098
8002,8,-0.4226553440093994
8003,10,-0.13191604614257812
8004,8,-0.4428997039794922
8005,10,-0.11076754331588745
8006,19,0.9903357625007629
8007,18,0.9783176779747009
8008,15,0.6563852429389954
8009,2,-2.600343704223633
8010,17,0.8093037009239197
8011,14,0.5146591067314148
8012,7,-0.8367165327072144
8013,20,1.087301254272461
8014,10,-0.05707836151123047
8015,16,0.7468774914741516
8016,13,0.3899807333946228
8017,12,0.3015701174736023
8018,8,-0.44458699226379395
8019,8,-0.5994522571563721
8020,20,1.0886712074279785
8021,8,-0.40576010942459106
8022,15,0.6027010083198547
8023,8,-0.4532255530357361
8024,24,1.372926950454712
8025,16,0.7079835534095764
8026,10,-0.14784783124923706
8027,15,0.687616765499115
8028,14,0.4896063208580017
8029,8,-0.4838863015174866
8030,23,1.345391035079956
8031,30,1.6146197319030762
8032,9,-0.22203683853149414
8033,8,-0.49326127767562866
8034,15,0.5942619442939758
8035,7,-0.6028195023536682
8036,16,0.7561027407646179
8037,15,0.6756035685539246
8038,19,1.0029480457305908
8039,9,-0.36420881748199463
8040,9,-0.19219624996185303
8041,17,0.8809123635292053
8042,17,0.8636600375175476
8043,8,-0.4625331163406372
8044,25,1.4504547119140625
8045,16,0.7535809874534607
8046,8,-0.45715466141700745
8047,23,1.3338501453399658
8048,16,0.7525388598442078
8049,14,0.4744313359260559
8050,22,1.2584469318389893
8051,17,0.8368691802024841
8052,6,-0.8663471937179565
8053,8,-0.5519989728927612
8054,6,-0.8968805074691772
8055,8,-0.5993255376815796
8056,14,0.470661461353302
8057,13,0.4254623055458069
8058,19,0.9972012639045715
8059,8,-0.48650655150413513
8060,15,0.6430298686027527
8061,8,-0.4036528468132019
8062,7,-0.6599592566490173
8063,8,-0.46673092246055603
8064,1,-2.814068078994751
8065,17,0.8756826519966125
8066,20,1.0827751159667969
8067,14,0.5246992707252502
8068,14,0.5394524931907654
8069,16,0.723261296749115
8070,22,1.243337631225586
8071,8,-0.4536930322647095
8072,20,1.136490821838379
8073,13,0.3927688002586365
8074,2,-2.431793689727783
8075,9,-0.24662017822265625
8076,16,0.7224226593971252
8077,8,-0.4653473496437073
8078,9,-0.2861127257347107
8079,20,1.1250879764556885
8080,6,-1.0332072973251343
8081,26,1.4830543994903564
8082,20,1.0896050930023193
8083,22,1.2799527645111084
8084,23,1.3438711166381836
8085,16,0.7828388810157776
8086,23,1.3121626377105713
8087,7,-0.670721173286438
8088,8,-0.47732385993003845
8089,9,-0.21822524070739746
8090,13,0.35453230142593384
8091,15,0.6945083737373352
8092,8,-0.5584079027175903
8093,18,0.9399997591972351
8094,14,0.47655338048934937
8095,18,0.9769911170005798
8096,17,0.8319922089576721
8097,15,0.677394688129425
8098,16,0.7666381001472473
8099,15,0.6064085364341736
8100,9,-0.30080723762512207
8101,11,0.08356446027755737
8102,8,-0.39533495903015137
8103,18,0.9488646388053894
8104,30,1.6151177883148193
8105,19,1.0079524517059326
8106,29,1.5933496952056885
8107,8,-0.5426084995269775
8108,16,0.7537952065467834
8109,17,0.8117092251777649
8110,19,0.9925366044044495
8111,8,-0.41264450550079346
8112,25,1.4137728214263916
8113,3,-2.245933771133423
8114,7,-0.6095861792564392
8115,25,1.4279263019561768
8116,7,-0.7221288084983826
8117,7,-0.7600772380828857
8118,13,0.42743581533432007
8119,30,1.6129233837127686
8120,8,-0.563502311706543
8121,29,1.593611717224121
8122,12,0.24289757013320923
8123,7,-0.6469566822052002
8124,9,-0.3049648404121399
8125,24,1.360933542251587
8126,11,0.0526617169380188
8127,12,0.3273084759712219
8128,8,-0.5379412174224854
8129,26,1.490166425704956
8130,25,1.4213216304779053
8131,8,-0.5110254287719727
8132,9,-0.20776426792144775
8133,9,-0.36852794885635376
8134,9,-0.36916351318359375
8135,7,-0.6221815943717957
8136,12,0.28871089220046997
8137,29,1.5941848754882812
8138,26,1.4690024852752686
8139,1,-2.7168331146240234
8140,8,-0.5322511792182922
8141,18,0.9074237942695618
8142,9,-0.17139047384262085
8143,8,-0.4712503254413605
8144,11,0.1732284426689148
8145,12,0.2341119647026062
8146,5,-1.1354247331619263
8147,16,0.7046144604682922
8148,8,-0.4529481530189514
8149,15,0.6541444659233093
8150,8,-0.5685241222381592
8151,9,-0.2011699676513672
8152,9,-0.31181299686431885
8153,22,1.266561508178711
8154,16,0.7527520060539246
8155,20,1.0844693183898926
8156,14,0.5856065154075623
8157,17,0.8705412745475769
8158,25,1.4176058769226074
8159,26,1.492807388305664
8160,8,-0.5559577345848083
8161,9,-0.2605580687522888
8162,8,-0.534818708896637
8163,16,0.7569579482078552
8164,25,1.4485793113708496
8165,9,-0.37201792001724243
8166,19,1.0191707611083984
8167,24,1.397407054901123
8168,8,-0.44966602325439453
8169,30,1.6141107082366943
8170,8,-0.4691419005393982
8171,29,1.5838894844055176
8172,8,-0.5717687606811523
8173,8,-0.4383736848831177
8174,16,0.7901125550270081
8175,8,-0.41994285583496094
8176,9,-0.25233280658721924
8177,14,0.5302527546882629
8178,11,0.0351179838180542
8179,24,1.3700809478759766
8180,22,1.2632677555084229
8181,9,-0.24664604663848877
8182,11,0.06199556589126587
8183,25,1.4160511493682861
8184,15,0.6541356444358826
8185,26,1.4889845848083496
8186,8,-0.48990193009376526
8187,22,1.261979341506958
8188,16,0.7414830327033997
8189,16,0.7965666651725769
8190,14,0.5725007653236389
8191,14,0.5570531487464905
8192,8,-0.38591498136520386
8193,23,1.3115618228912354
8194,8,-0.4234839677810669
8195,8,-0.5224649310112
8196,14,0.5661353468894958
8197,25,1.4403278827667236
8198,8,-0.451175332069397
8199,24,1.366140604019165
8200,30,1.6141917705535889
8201,16,0.7706941962242126
8202,12,0.2629069685935974
8203,18,0.9663222432136536
8204,10,-0.13428103923797607
8205,3,-1.8801848888397217
8206,7,-0.6305235624313354
8207,16,0.7246735692024231
8208,23,1.328723430633545
8209,9,-0.23824942111968994
8210,8,-0.5899350643157959
8211,7,-0.8446938991546631
8212,9,-0.25343871116638184
8213,25,1.452354907989502
8214,8,-0.4920932948589325
8215,22,1.2858638763427734
8216,16,0.7302845120429993
8217,25,1.408904790878296
8218,8,-0.4579165279865265
8219,26,1.4889826774597168
8220,8,-0.4127084016799927
8221,17,0.8544545769691467
8222,26,1.45933198928833
8223,14,0.5484339594841003
8224,19,1.0158207416534424
8225,17,0.8891311287879944
8226,14,0.5132302641868591
8227,8,-0.571162223815918
8228,9,-0.257387638092041
8229,18,0.9618081450462341
8230,8,-0.4362393617630005
8231,9,-0.2908148765563965
8232,3,-1.9079225063323975
8233,17,0.8079530596733093
8234,8,-0.5439387559890747
8235,8,-0.4174852967262268
8236,7,-0.7890828847885132
8237,18,0.9399990439414978
8238,15,0.6329788565635681
8239,22,1.26951265335083
8240,23,1.3059728145599365
8241,17,0.8742381930351257
8242,16,0.715175211429596
8243,7,-0.6111674904823303
8244,11,0.16455894708633423
8245,3,-2.2817137241363525
8246,7,-0.6662890911102295
8247,8,-0.548646092414856
8248,21,1.1738228797912598
8249,10,-0.11443144083023071
8250,15,0.6003178954124451
8251,24,1.3719792366027832
8252,14,0.5228851437568665
8253,15,0.6431248784065247
8254,9,-0.352682888507843
8255,8,-0.5422365665435791
8256,7,-0.613778829574585
8257,23,1.3428115844726562
8258,9,-0.2979815602302551
8259,9,-0.19386684894561768
8260,24,1.3904249668121338
8261,8,-0.3758085370063782
8262,14,0.5769901871681213
8263,8,-0.5760074257850647
8264,23,1.3476037979125977
8265,20,1.11810302734375
8266,24,1.3934850692749023
8267,1,-2.7974843978881836
8268,24,1.406449317932129
8269,17,0.8641809821128845
8270,19,1.000546932220459
8271,20,1.1107666492462158
8272,22,1.243868350982666
8273,23,1.296459436416626
8274,2,-2.4225432872772217
8275,30,1.6150152683258057
8276,8,-0.46983641386032104
8277,11,0.15671640634536743
8278,9,-0.24661535024642944
8279,17,0.8977429270744324
8280,26,1.4751946926116943
8281,7,-0.6235547661781311
8282,7,-0.6050465106964111
8283,9,-0.2594175934791565
8284,8,-0.5156643390655518
8285,9,-0.3145047426223755
8286,16,0.7858889698982239
8287,17,0.8465991616249084
8288,29,1.5972838401794434
8289,18,0.9544336199760437
8290,8,-0.4041818380355835
8291,19,1.011744737625122
8292,2,-2.3306407928466797
8293,16,0.779125988483429
8294,16,0.8013315796852112
8295,10,-0.11637431383132935
8296,10,-0.1160157322883606
8297,7,-0.8030179738998413
8298,8,-0.38427770137786865
8299,19,1.023327112197876
8300,24,1.3776209354400635
8301,8,-0.4328274726867676
8302,16,0.7568181157112122
8303,26,1.4762043952941895
8304,9,-0.3369936943054199
8305,9,-0.33152276277542114
8306,20,1.1110239028930664
8307,18,0.939676821231842
8308,9,-0.21909761428833008
8309,8,-0.513314425945282
8310,16,0.7491642832756042
8311,10,-0.10033261775970459
8312,16,0.7746126055717468
8313,10,-0.05423557758331299
8314,9,-0.3101566433906555
8315,16,0.7824212908744812
8316,26,1.476332664489746
8317,22,1.233628749847412
8318,9,-0.3336142301559448
8319,9,-0.24149227142333984
8320,26,1.4736309051513672
8321,12,0.23430079221725464
8322,8,-0.596724271774292
8323,9,-0.18563580513000488
8324,25,1.4322583675384521
8325,26,1.496234655380249
8326,21,1.2251832485198975
8327,10,-0.1422562599182129
8328,8,-0.4103180170059204
8329,9,-0.2173081636428833
8330,21,1.1562581062316895
8331,8,-0.44171327352523804
8332,9,-0.34379273653030396
8333,10,-0.11237919330596924
8334,10,-0.15546411275863647
8335,9,-0.3298909664154053
8336,12,0.24941092729568481
8337,10,-0.1652662754058838
8338,23,1.3336710929870605
8339,15,0.6625949740409851
8340,26,1.4707605838775635
8341,8,-0.4219820499420166
8342,23,1.3079495429992676
8343,20,1.1405365467071533
8344,17,0.8770576119422913
8345,8,-0.45012331008911133
8346,15,0.6056397557258606
8347,16,0.7412886023521423
8348,13,0.36786335706710815
8349,8,-0.5640031099319458
8350,8,-0.5222854614257812
8351,17,0.8955596089363098
8352,8,-0.4602719843387604
8353,5,-1.2893729209899902
8354,21,1.157963514328003
8355,20,1.0784728527069092
8356,8,-0.44607099890708923
8357,17,0.815127432346344
8358,16,0.7873453497886658
8359,8,-0.4521274268627167
8360,7,-0.7125111818313599
8361,16,0.7762331366539001
8362,8,-0.40629392862319946
8363,19,1.005934476852417
8364,24,1.3570449352264404
8365,8,-0.4450685381889343
8366,9,-0.2156807780265808
8367,6,-0.9838346838951111
8368,15,0.6958208680152893
8369,16,0.7312604784965515
8370,19,1.0573163032531738
8371,17,0.8061569333076477
8372,15,0.654140293598175
8373,8,-0.43961071968078613
8374,20,1.0985910892486572
8375,8,-0.4580986201763153
8376,8,-0.5146157741546631
8377,6,-0.9267725348472595
8378,19,1.029343843460083
8379,23,1.321070671081543
8380,7,-0.805433988571167
8381,28,1.56718111038208
8382,30,1.614443063735962
8383,8,-0.4279446601867676
8384,14,0.48424726724624634
8385,15,0.6933298707008362
8386,14,0.5589701533317566
8387,9,-0.23277002573013306
8388,8,-0.4540812373161316
8389,26,1.4876677989959717
8390,7,-0.6605633497238159
8391,8,-0.401225209236145
8392,23,1.290910005569458
8393,25,1.4163293838500977
8394,18,0.9831579327583313
8395,8,-0.5276375412940979
8396,30,1.605912208557129
8397,25,1.4346256256103516
8398,12,0.2238176465034485
8399,8,-0.4946122467517853
8400,16,0.7818259596824646
8401,25,1.441669225692749
8402,17,0.8624758124351501
8403,26,1.4876749515533447
8404,24,1.3735361099243164
8405,16,0.7463765740394592
8406,16,0.7521411776542664
8407,8,-0.48975667357444763
8408,8,-0.3781837821006775
8409,8,-0.5032510161399841
8410,23,1.3117499351501465
8411,9,-0.3511296510696411
8412,20,1.0766243934631348
8413,14,0.47260576486587524
8414,16,0.7256540656089783
8415,15,0.6119059920310974
8416,9,-0.3024178147315979
8417,7,-0.7579977512359619
8418,9,-0.3648029565811157
8419,13,0.4365515112876892
8420,20,1.0876893997192383
8421,10,-0.16272276639938354
8422,8,-0.37525248527526855
8423,27,1.5293846130371094
8424,25,1.4340076446533203
8425,9,-0.293671190738678
8426,5,-1.2703704833984375
8427,9,-0.23152589797973633
8428,18,0.9144299626350403
8429,17,0.8129318356513977
8430,22,1.2255687713623047
8431,9,-0.29051101207733154
8432,16,0.7969669699668884
8433,13,0.374883234500885
8434,8,-0.5660847425460815
8435,22,1.2661771774291992
8436,15,0.6847031712532043
8437,7,-0.6033949851989746
8438,8,-0.40894877910614014
8439,8,-0.5321236848831177
8440,7,-0.7826815247535706
8441,9,-0.2521924376487732
8442,23,1.3099267482757568
8443,18,0.9098196625709534
8444,23,1.2926695346832275
8445,20,1.1046850681304932
8446,23,1.3366215229034424
8447,24,1.3968639373779297
8448,10,-0.14081114530563354
8449,10,-0.09896516799926758
8450,11,0.1298695206642151
8451,17,0.8854579329490662
8452,9,-0.32529544830322266
8453,8,-0.5821294784545898
8454,13,0.4101026654243469
8455,13,0.4316473603248596
8456,8,-0.5549366474151611
8457,20,1.1493453979492188
8458,16,0.7409959435462952
8459,11,0.032927751541137695
8460,13,0.363713800907135
8461,18,0.9778152108192444
8462,8,-0.5943980813026428
8463,16,0.7005059123039246
8464,8,-0.5529596209526062
8465,8,-0.5483360886573792
8466,8,-0.5173081159591675
8467,15,0.6705053448677063
8468,27,1.5215954780578613
8469,25,1.4230778217315674
8470,9,-0.2657126784324646
8471,8,-0.5233974456787109
8472,18,0.9713185429573059
8473,18,0.9622665047645569
8474,9,-0.37040024995803833
8475,17,0.8179784417152405
8476,19,1.0384395122528076
8477,19,1.068312644958496
8478,12,0.3037877678871155
8479,17,0.8425441384315491
8480,25,1.426283836364746
8481,20,1.1046123504638672
8482,30,1.604985237121582
8483,17,0.8299248814582825
8484,30,1.6151084899902344
8485,14,0.5550783276557922
8486,21,1.2152447700500488
8487,17,0.8502982258796692
8488,28,1.56282639503479
8489,13,0.3640907406806946
8490,16,0.7959364056587219
8491,5,-1.3777357339859009
8492,15,0.6534774899482727
8493,8,-0.41798514127731323
8494,23,1.297168254852295
8495,9,-0.2614786624908447
8496,22,1.262789249420166
8497,25,1.4407029151916504
8498,9,-0.2723599672317505
8499,6,-0.8957567811012268
8500,17,0.8594221472740173
8501,9,-0.33346080780029297
8502,15,0.6686596274375916
8503,15,0.6111180186271667
8504,9,-0.31681495904922485
8505,27,1.5320680141448975
8506,24,1.3612885475158691
8507,9,-0.2742997407913208
8508,22,1.2465898990631104
8509,26,1.5023291110992432
8510,9,-0.2747800946235657
8511,9,-0.2532091736793518
8512,8,-0.39540958404541016
8513,13,0.3781812787055969
8514,27,1.5115447044372559
8515,17,0.8682166934013367
8516,17,0.8045070767402649
8517,16,0.7477597594261169
8518,8,-0.4368792772293091
8519,7,-0.612944483757019
8520,8,-0.42900699377059937
8521,23,1.343198299407959
8522,27,1.5124757289886475
8523,17,0.8794985413551331
8524,20,1.1078293323516846
8525,15,0.6251160502433777
8526,19,1.0106732845306396
8527,24,1.3519096374511719
8528,10,-0.003569364547729492
8529,30,1.613109827041626
8530,9,-0.22537410259246826
8531,8,-0.5775659680366516
8532,7,-0.7252442836761475
8533,12,0.2332969307899475
8534,7,-0.7304967045783997
8535,13,0.4250040650367737
8536,21,1.1905951499938965
8537,8,-0.405129075050354
8538,9,-0.24440497159957886
8539,8,-0.45966601371765137
8540,9,-0.23324906826019287
8541,13,0.3424155116081238
8542,7,-0.6051427125930786
8543,18,0.9263643622398376
8544,10,-0.053608238697052
8545,29,1.5939509868621826
8546,14,0.5650565028190613
8547,9,-0.33625465631484985
8548,7,-0.820865273475647
8549,24,1.3573038578033447
8550,8,-0.5660851001739502
8551,24,1.3706121444702148
8552,9,-0.2570875883102417
8553,18,0.9044526219367981
8554,7,-0.82464200258255
8555,8,-0.5983501672744751
8556,14,0.54388028383255
8557,19,1.0296971797943115
8558,10,-0.15936201810836792
8559,8,-0.4464731216430664
8560,10,-0.13078123331069946
8561,6,-0.9502511620521545
8562,9,-0.2638624310493469
8563,27,1.5297155380249023
8564,19,1.034186601638794
8565,17,0.8228743672370911
8566,13,0.35665708780288696
8567,20,1.1008906364440918
8568,16,0.7262404561042786
8569,5,-1.299517273902893
8570,15,0.6049782633781433
8571,20,1.0869569778442383
8572,25,1.420192003250122
8573,26,1.48032808303833
8574,11,0.12205272912979126
8575,23,1.3200275897979736
8576,8,-0.3971335291862488
8577,19,1.001570701599121
8578,9,-0.30758631229400635
8579,7,-0.6079906225204468
8580,19,0.988498866558075
8581,9,-0.17817366123199463
8582,24,1.3673591613769531
8583,20,1.0957810878753662
8584,18,0.9878702759742737
8585,26,1.4610278606414795
8586,9,-0.24606847763061523
8587,7,-0.6275830268859863
8588,9,-0.2856658697128296
8589,19,1.0667998790740967
8590,8,-0.3757292628288269
8591,9,-0.2907569408416748
8592,9,-0.2528241276741028
8593,18,0.9059520363807678
8594,16,0.7952365279197693
8595,6,-1.007503867149353
8596,15,0.608953058719635
8597,9,-0.33729302883148193
8598,8,-0.4291769862174988
8599,17,0.8881648182868958
8600,9,-0.2804226279258728
8601,25,1.457972764968872
8602,8,-0.5421476364135742
8603,22,1.2499909400939941
8604,10,-0.061809539794921875
8605,10,-0.1115233302116394
8606,24,1.3891727924346924
8607,9,-0.33820968866348267
8608,9,-0.3605714440345764
8609,8,-0.4131702780723572
8610,8,-0.506737232208252
8611,8,-0.3850855827331543
8612,6,-0.9524834752082825
8613,8,-0.48187151551246643
8614,21,1.1734564304351807
8615,18,0.9572295546531677
8616,9,-0.3081355690956116
8617,17,0.8611482977867126
8618,9,-0.3687572479248047
8619,14,0.49025124311447144
8620,25,1.4231295585632324
8621,8,-0.5699295997619629
8622,9,-0.3648553490638733
8623,8,-0.4177967309951782
8624,8,-0.4363824129104614
8625,9,-0.3405081629753113
8626,8,-0.5378149747848511
8627,10,-0.12412106990814209
8628,9,-0.22451156377792358
8629,8,-0.3951483368873596
8630,25,1.4439263343811035
8631,8,-0.45808371901512146
8632,13,0.46235328912734985
8633,7,-0.6388413906097412
8634,17,0.8918415904045105
8635,10,-0.08159303665161133
8636,22,1.2660622596740723
8637,8,-0.41206592321395874
8638,10,-0.08901160955429077
8639,9,-0.36056846380233765
8640,9,-0.2223992943763733
8641,27,1.50429368019104
8642,14,0.5373895764350891
8643,9,-0.21824336051940918
8644,24,1.3777577877044678
8645,14,0.509802520275116
8646,9,-0.21613001823425293
8647,12,0.25157278776168823
8648,23,1.330448865890503
8649,23,1.345491886138916
8650,8,-0.47933778166770935
8651,8,-0.48934993147850037
8652,18,0.9156789183616638
8653,17,0.8093203902244568
8654,5,-1.4035329818725586
8655,26,1.4627339839935303
8656,22,1.2299437522888184
8657,10,-0.06375807523727417
8658,9,-0.2099187970161438
8659,9,-0.21074038743972778
8660,26,1.466597080230713
8661,8,-0.501706600189209
8662,12,0.2718809247016907
8663,23,1.322047472000122
8664,18,0.9486348032951355
8665,20,1.0782227516174316
8666,9,-0.29869168996810913
8667,20,1.1329951286315918
8668,3,-2.2968173027038574
8669,9,-0.31492698192596436
8670,7,-0.8331111669540405
8671,30,1.6072461605072021
8672,8,-0.4364497661590576
8673,4,-1.6888740062713623
8674,10,-0.04163193702697754
8675,9,-0.20689135789871216
8676,8,-0.4370490312576294
8677,21,1.1511478424072266
8678,13,0.43601351976394653
8679,24,1.3618016242980957
8680,21,1.159137487411499
8681,15,0.6939162611961365
8682,16,0.7362132668495178
8683,24,1.359806776046753
8684,6,-0.9855697751045227
8685,17,0.8709778189659119
8686,8,-0.3939164876937866
8687,9,-0.24633640050888062
8688,9,-0.34596145153045654
8689,8,-0.4710030257701874
8690,15,0.6533085703849792
8691,30,1.606989860534668
8692,5,-1.2795753479003906
8693,9,-0.24733573198318481
8694,9,-0.27921611070632935
8695,9,-0.3306240439414978
8696,9,-0.18074524402618408
8697,9,-0.2572172284126282
8698,30,1.615020513534546
8699,19,1.0457637310028076
8700,9,-0.3558579683303833
8701,24,1.3565690517425537
8702,22,1.2318475246429443
8703,15,0.695492684841156
8704,13,0.3835774064064026
8705,19,1.0518057346343994
8706,9,-0.26511114835739136
8707,10,-0.1705893874168396
8708,24,1.376979112625122
8709,19,1.0292134284973145
8710,18,0.9632377028465271
8711,14,0.5662359595298767
8712,23,1.3397407531738281
8713,23,1.337454080581665
8714,28,1.5550248622894287
8715,26,1.5016369819641113
8716,9,-0.22602587938308716
8717,21,1.1820595264434814
8718,24,1.3797461986541748
8719,15,0.6123402714729309
8720,16,0.7695167660713196
8721,9,-0.1858053207397461
8722,15,0.661133348941803
8723,9,-0.23674172163009644
8724,9,-0.21818506717681885
8725,24,1.399991750717163
8726,9,-0.36200058460235596
8727,18,0.9811001420021057
8728,25,1.4446053504943848
8729,28,1.5697004795074463
8730,14,0.5300406813621521
8731,18,0.9455531239509583
8732,23,1.3056397438049316
8733,25,1.4472739696502686
8734,8,-0.5176717042922974
8735,24,1.3603734970092773
8736,8,-0.420329213142395
8737,20,1.130201816558838
8738,20,1.0953645706176758
8739,18,0.9839362502098083
8740,30,1.6099021434783936
8741,17,0.8129530549049377
8742,12,0.27569204568862915
8743,9,-0.2657235264778137
8744,9,-0.2888539433479309
8745,28,1.5615813732147217
8746,8,-0.3931404948234558
8747,15,0.6946172118186951
8748,20,1.0742123126983643
8749,19,1.0191318988800049
8750,24,1.3902406692504883
8751,9,-0.35112738609313965
8752,21,1.2237000465393066
8753,19,1.026210069656372
8754,21,1.1691374778747559
8755,24,1.3845617771148682
8756,7,-0.6339644193649292
8757,23,1.2920408248901367
8758,20,1.1132991313934326
8759,17,0.8288894295692444
8760,8,-0.4199443459510803
8761,16,0.7328576445579529
8762,27,1.512843132019043
8763,5,-1.2377439737319946
8764,5,-1.2114745378494263
8765,17,0.850584089756012
8766,9,-0.34266912937164307
8767,8,-0.37951481342315674
8768,10,-0.06168484687805176
8769,25,1.443789005279541
8770,28,1.5715596675872803
8771,11,0.17060405015945435
8772,8,-0.5537916421890259
8773,9,-0.34330326318740845
8774,10,0.010464012622833252
8775,10,-0.1444387435913086
8776,9,-0.3275226950645447
8777,8,-0.4178980588912964
8778,5,-1.431635856628418
8779,8,-0.49788525700569153
8780,16,0.795144259929657
8781,18,0.9620470404624939
8782,5,-1.3037374019622803
8783,10,-0.026411592960357666
8784,8,-0.549023449420929
8785,25,1.4469316005706787
8786,8,-0.3867865800857544
8787,22,1.2627203464508057
8788,9,-0.2066950798034668
8789,22,1.2852907180786133
8790,4,-1.8211989402770996
8791,25,1.4211225509643555
8792,21,1.2180416584014893
8793,8,-0.5399332642555237
8794,17,0.8911331295967102
8795,2,-2.368267059326172
8796,19,1.0254113674163818
8797,11,0.14909368753433228
8798,9,-0.3467943072319031
8799,11,0.1589859127998352
8800,9,-0.32367783784866333
8801,12,0.26185041666030884
8802,17,0.8315582871437073
8803,25,1.4375970363616943
8804,6,-0.9787113666534424
8805,8,-0.3766865134239197
8806,19,1.064744234085083
8807,10,-0.02476733922958374
8808,9,-0.26496660709381104
8809,17,0.8730682730674744
8810,16,0.766802966594696
8811,14,0.5039758086204529
8812,9,-0.35893702507019043
8813,10,-0.02761852741241455
8814,20,1.1336421966552734
8815,7,-0.8054143190383911
8816,9,-0.173723042011261
8817,9,-0.2644093632698059
8818,25,1.452178955078125
8819,19,1.0191407203674316
8820,25,1.4533815383911133
8821,9,-0.3030514717102051
8822,17,0.8362982869148254
8823,18,0.9511855244636536
8824,8,-0.3834441900253296
8825,9,-0.2800273299217224
8826,25,1.4478487968444824
8827,8,-0.41701042652130127
8828,19,1.0084648132324219
8829,8,-0.4846752882003784
8830,14,0.5808196663856506
8831,9,-0.2545732259750366
8832,8,-0.43842649459838867
8833,27,1.5178992748260498
8834,9,-0.24365448951721191
8835,17,0.8121306300163269
8836,16,0.7087793946266174
8837,9,-0.1806812882423401
8838,9,-0.35416024923324585
8839,10,-0.14211130142211914
8840,22,1.2453296184539795
8841,8,-0.3929010033607483
8842,1,-2.8377721309661865
8843,19,1.043424129486084
8844,21,1.1656060218811035
8845,22,1.2581920623779297
8846,17,0.8496436476707458
8847,9,-0.20767128467559814
8848,9,-0.3097754120826721
8849,20,1.1149978637695312
8850,8,-0.5409547090530396
8851,8,-0.41956228017807007
8852,9,-0.25434738397598267
8853,30,1.6130805015563965
8854,17,0.8922753930091858
8855,16,0.7560357451438904
8856,9,-0.34472930431365967
8857,9,-0.24991410970687866
8858,8,-0.4273974299430847
8859,19,1.059408187866211
8860,14,0.4958149790763855
8861,9,-0.24077969789505005
8862,17,0.8240891098976135
8863,22,1.2449250221252441
8864,20,1.1253015995025635
8865,9,-0.22825497388839722
8866,10,-0.1535940170288086
8867,28,1.5451936721801758
8868,17,0.8799590468406677
8869,5,-1.2266708612442017
8870,16,0.7540506720542908
8871,10,-0.05767035484313965
8872,20,1.0821125507354736
8873,15,0.66905277967453
8874,9,-0.24468964338302612
8875,21,1.1507678031921387
8876,14,0.48702627420425415
8877,19,1.03574800491333
8878,9,-0.26249784231185913
8879,8,-0.39402836561203003
8880,8,-0.39078545570373535
8881,8,-0.49040302634239197
8882,16,0.7675860524177551
8883,7,-0.786937952041626
8884,30,1.6145908832550049
8885,19,1.0144615173339844
8886,13,0.3820289969444275
8887,9,-0.3422815203666687
8888,10,-0.025118649005889893
8889,8,-0.5083848237991333
8890,10,-0.03718447685241699
8891,9,-0.19025665521621704
8892,30,1.6047120094299316
8893,17,0.8654702305793762
8894,20,1.1238384246826172
8895,10,-0.13346368074417114
8896,24,1.3752391338348389
8897,30,1.6133191585540771
8898,21,1.1826460361480713
8899,9,-0.265264093875885
8900,28,1.554978370666504
8901,20,1.093482494354248
8902,19,1.008707046508789
8903,15,0.6653206944465637
8904,9,-0.2003016471862793
8905,15,0.6716378331184387
8906,17,0.871557891368866
8907,24,1.3483197689056396
8908,8,-0.41194403171539307
8909,21,1.1606881618499756
8910,20,1.142338752746582
8911,8,-0.39209020137786865
8912,8,-0.4530999958515167
8913,22,1.2467677593231201
8914,26,1.466081142425537
8915,27,1.5401651859283447
8916,27,1.5231914520263672
8917,8,-0.3767460584640503
8918,10,-0.07396441698074341
8919,9,-0.22608405351638794
8920,26,1.4924705028533936
8921,9,-0.26966577768325806
8922,25,1.4536314010620117
8923,10,-0.14691299200057983
8924,28,1.5628595352172852
8925,9,-0.31186115741729736
8926,7,-0.601151704788208
8927,6,-0.9054408669471741
8928,9,-0.2172953486442566
8929,10,-0.08459991216659546
8930,2,-2.5484941005706787
8931,19,0.9944571852684021
8932,9,-0.32651400566101074
8933,21,1.214392900466919
8934,13,0.4620898365974426
8935,17,0.8109018206596375
8936,29,1.5836749076843262
8937,1,-2.8198442459106445
8938,10,-0.16709887981414795
8939,9,-0.36040377616882324
8940,27,1.5107927322387695
8941,10,-0.14784908294677734
8942,18,0.900567352771759
8943,20,1.1133992671966553
8944,7,-0.8506897687911987
8945,8,-0.4117588400840759
8946,15,0.6943046450614929
8947,10,-0.06529515981674194
8948,7,-0.7696416974067688
8949,8,-0.4422087073326111
8950,17,0.8349511027336121
8951,1,-2.814188003540039
8952,23,1.2903902530670166
8953,25,1.4473998546600342
8954,3,-1.8919882774353027
8955,9,-0.18996506929397583
8956,8,-0.39385294914245605
8957,14,0.5166022181510925
8958,21,1.1637535095214844
8959,9,-0.30335497856140137
8960,20,1.1032543182373047
8961,6,-0.9269430637359619
8962,6,-0.9089725017547607
8963,19,1.0660803318023682
8964,30,1.6047725677490234
8965,18,0.9876328110694885
8966,16,0.7334701418876648
8967,20,1.0959210395812988
8968,16,0.7748931050300598
8969,8,-0.5268457531929016
8970,22,1.2832999229431152
8971,8,-0.527700662612915
8972,21,1.2095794677734375
8973,20,1.0847549438476562
8974,13,0.4608752131462097
8975,20,1.1414241790771484
8976,19,1.0148966312408447
8977,8,-0.5756775140762329
8978,15,0.6920858025550842
8979,9,-0.25645744800567627
8980,13,0.3422251343727112
8981,22,1.2282209396362305
8982,24,1.3677377700805664
8983,8,-0.4403148889541626
8984,22,1.2800307273864746
8985,6,-0.8767666816711426
8986,26,1.4813427925109863
8987,9,-0.20203590393066406
8988,24,1.3540058135986328
8989,9,-0.2275177240371704
8990,9,-0.21146178245544434
8991,9,-0.3065342307090759
8992,19,1.0571813583374023
8993,18,0.9606679081916809
8994,10,-0.05659455060958862
8995,16,0.8010327219963074
8996,9,-0.24392080307006836
8997,9,-0.2599976062774658
8998,12,0.22213810682296753
8999,6,-0.9111942648887634
9000,13,0.420468270778656
9001,25,1.4291954040527344
9002,19,0.99370938539505
9003,25,1.4293015003204346
9004,9,-0.36429363489151
9005,9,-0.17331808805465698
9006,15,0.6338594555854797
9007,9,-0.24228692054748535
9008,8,-0.5153412818908691
9009,20,1.1024813652038574
9010,9,-0.2405768632888794
9011,9,-0.2576661705970764
9012,9,-0.21204954385757446
9013,7,-0.6160528063774109
9014,12,0.28937262296676636
9015,8,-0.43823838233947754
9016,25,1.4408142566680908
9017,9,-0.2921902537345886
9018,20,1.103158950805664
9019,10,-0.15979760885238647
9020,19,1.0128943920135498
9021,10,-0.13695210218429565
9022,16,0.7118819355964661
9023,21,1.2005114555358887
9024,27,1.5115346908569336
9025,1,-2.8434431552886963
9026,17,0.8123169541358948
9027,10,-0.13778752088546753
9028,9,-0.1747037172317505
9029,9,-0.20428436994552612
9030,9,-0.21078497171401978
9031,9,-0.24514949321746826
9032,10,-0.15145516395568848
9033,23,1.3047311305999756
9034,10,-0.07029527425765991
9035,9,-0.2536102533340454
9036,9,-0.2064887285232544
9037,18,0.9841962456703186
9038,10,-0.013411760330200195
9039,11,0.08873623609542847
9040,8,-0.5098772048950195
9041,10,-0.02882516384124756
9042,25,1.4127635955810547
9043,20,1.0928645133972168
9044,19,0.9983155131340027
9045,9,-0.29148995876312256
9046,6,-0.9372783899307251
9047,24,1.3637876510620117
9048,20,1.1321027278900146
9049,22,1.2778985500335693
9050,25,1.4443068504333496
9051,16,0.7078726887702942
9052,10,-0.15687620639801025
9053,19,1.052278995513916
9054,25,1.4283392429351807
9055,25,1.4397268295288086
9056,19,1.058525562286377
9057,10,-0.00852203369140625
9058,15,0.6865358948707581
9059,10,-0.08791196346282959
9060,20,1.107724666595459
9061,8,-0.4104384183883667
9062,19,0.995887815952301
9063,10,-0.14217263460159302
9064,8,-0.4475814998149872
9065,10,-0.08060979843139648
9066,8,-0.46558165550231934
9067,24,1.3976311683654785
9068,8,-0.4209407567977905
9069,23,1.3349733352661133
9070,9,-0.22004592418670654
9071,24,1.3676724433898926
9072,9,-0.1932247281074524
9073,15,0.6941782832145691
9074,9,-0.34194427728652954
9075,21,1.2058618068695068
9076,21,1.186561107635498
9077,19,1.0289533138275146
9078,9,-0.35686248540878296
9079,9,-0.26730912923812866
9080,12,0.29566818475723267
9081,9,-0.2879629135131836
9082,8,-0.4451744854450226
9083,14,0.5429558157920837
9084,9,-0.1924026608467102
9085,17,0.8867234587669373
9086,8,-0.5023849010467529
9087,10,-0.08383989334106445
9088,8,-0.3939353823661804
9089,25,1.4148454666137695
9090,9,-0.24929428100585938
9091,7,-0.6845105290412903
9092,2,-2.4783711433410645
9093,1,-2.808615207672119
9094,10,-0.1686229705810547
9095,9,-0.2968406081199646
9096,10,-0.12626594305038452
9097,26,1.4722585678100586
9098,19,1.0381386280059814
9099,13,0.4088514447212219
9100,16,0.7704420685768127
9101,19,1.0076842308044434
9102,10,-0.07814359664916992
9103,9,-0.26019513607025146
9104,8,-0.5739797353744507
9105,6,-1.0454578399658203
9106,3,-2.1323623657226562
9107,9,-0.2733893394470215
9108,19,1.045072317123413
9109,24,1.3580951690673828
9110,10,-0.16585469245910645
9111,24,1.3742563724517822
9112,24,1.3626577854156494
9113,18,0.9804801344871521
9114,24,1.3772475719451904
9115,9,-0.34465140104293823
9116,22,1.2708730697631836
9117,10,-0.06072884798049927
9118,24,1.362304449081421
9119,8,-0.4719793200492859
9120,8,-0.48214709758758545
9121,10,-0.1387850046157837
9122,10,-0.15364646911621094
9123,22,1.248988151550293
9124,9,-0.2593690752983093
9125,19,1.002955436706543
9126,23,1.3043363094329834
9127,7,-0.6070523858070374
9128,9,-0.32422125339508057
9129,20,1.0751521587371826
9130,10,-0.054725587368011475
9131,13,0.36016732454299927
9132,23,1.3445954322814941
9133,9,-0.17889493703842163
9134,17,0.8603474497795105
9135,12,0.2527218461036682
9136,9,-0.18967169523239136
9137,15,0.5948510766029358
9138,23,1.2914998531341553
9139,1,-2.7921502590179443
9140,18,0.9767419695854187
9141,8,-0.470752090215683
9142,24,1.3775508403778076
9143,18,0.9602906107902527
9144,10,-0.14038372039794922
9145,14,0.5578237175941467
9146,20,1.1176316738128662
9147,29,1.5789260864257812
9148,26,1.5014064311981201
9149,19,0.995979368686676
9150,10,-0.060493528842926025
9151,21,1.1569314002990723
9152,10,-0.08056861162185669
9153,19,1.029360294342041
9154,26,1.4834179878234863
9155,10,-0.1418474316596985
9156,15,0.6010438799858093
9157,9,-0.19902253150939941
9158,8,-0.4097166061401367
9159,10,-0.15807044506072998
9160,17,0.8960472941398621
9161,12,0.27309006452560425
9162,21,1.1760239601135254
9163,10,-0.08292216062545776
9164,27,1.504648208618164
9165,11,0.17997878789901733
9166,24,1.3760013580322266
9167,13,0.4337471127510071
9168,9,-0.1789507269859314
9169,20,1.0821902751922607
9170,18,0.89858478307724
9171,16,0.7572620511054993
9172,12,0.21506160497665405
9173,21,1.1860840320587158
9174,24,1.3554596900939941
9175,26,1.4854795932769775
9176,22,1.2837321758270264
9177,10,-0.08938384056091309
9178,30,1.612936019897461
9179,8,-0.5418347716331482
9180,9,-0.22374433279037476
9181,14,0.48441416025161743
9182,9,-0.2964777946472168
9183,19,1.0486252307891846
9184,10,-0.11816161870956421
9185,20,1.1447997093200684
9186,10,-0.14434677362442017
9187,24,1.3980391025543213
9188,10,-0.1119266152381897
9189,23,1.3039538860321045
9190,19,1.016674518585205
9191,11,0.12293452024459839
9192,10,-0.13725495338439941
9193,20,1.1163251399993896
9194,19,0.9901619553565979
9195,20,1.1092233657836914
9196,15,0.6218658089637756
9197,18,0.9672606587409973
9198,29,1.5807774066925049
9199,23,1.3474047183990479
9200,17,0.8584837317466736
9201,10,-0.04366058111190796
9202,30,1.612788200378418
9203,27,1.5425188541412354
9204,21,1.1826682090759277
9205,9,-0.215232253074646
9206,9,-0.28590911626815796
9207,10,-0.1644609570503235
9208,20,1.1189758777618408
9209,19,1.0516505241394043
9210,10,-0.10322761535644531
9211,30,1.6096749305725098
9212,10,-0.117953360080719
9213,10,-0.14513319730758667
9214,9,-0.2824922204017639
9215,21,1.225175142288208
9216,8,-0.43272513151168823
9217,9,-0.21868878602981567
9218,22,1.2507576942443848
9219,20,1.1058402061462402
9220,8,-0.44187217950820923
9221,16,0.7490420937538147
9222,10,0.017235994338989258
9223,9,-0.22650516033172607
9224,22,1.2617192268371582
9225,16,0.7534900307655334
9226,20,1.1170103549957275
9227,10,-0.06386679410934448
9228,9,-0.18706458806991577
9229,10,-0.15685373544692993
9230,9,-0.1828574538230896
9231,8,-0.3979780077934265
9232,14,0.5658262372016907
9233,17,0.8966400027275085
9234,27,1.5075023174285889
9235,25,1.4087309837341309
9236,18,0.9165621399879456
9237,24,1.366260051727295
9238,9,-0.37418192625045776
9239,20,1.0977118015289307
9240,26,1.4649715423583984
9241,6,-0.9546567797660828
9242,10,-0.0065580010414123535
9243,1,-2.795729875564575
9244,11,0.16014379262924194
9245,9,-0.27966803312301636
9246,23,1.3387846946716309
9247,24,1.3960235118865967
9248,9,-0.29813897609710693
9249,23,1.3160362243652344
9250,18,0.9858517050743103
9251,20,1.0822124481201172
9252,2,-2.3019118309020996
9253,25,1.4243502616882324
9254,14,0.4913037419319153
9255,12,0.22112900018692017
9256,30,1.6136107444763184
9257,24,1.386322021484375
9258,30,1.6140177249908447
9259,21,1.2240183353424072
9260,24,1.3697381019592285
9261,18,0.9188275933265686
9262,10,-0.05800604820251465
9263,9,-0.28112995624542236
9264,20,1.105959415435791
9265,25,1.4437928199768066
9266,17,0.8056452870368958
9267,17,0.8555850386619568
9268,9,-0.3707622289657593
9269,9,-0.3191717863082886
9270,9,-0.1818528175354004
9271,9,-0.3648686408996582
9272,9,-0.27944493293762207
9273,19,1.0444731712341309
9274,25,1.432246446609497
9275,28,1.5511131286621094
9276,11,0.18462949991226196
9277,24,1.3550255298614502
9278,6,-1.0435395240783691
9279,26,1.469099998474121
9280,10,-0.08931374549865723
9281,20,1.1212239265441895
9282,7,-0.6290718913078308
9283,10,-0.05665171146392822
9284,10,-0.16175514459609985
9285,10,-0.167014479637146
9286,24,1.358813762664795
9287,22,1.2535603046417236
9288,10,-0.13799726963043213
9289,9,-0.24452638626098633
9290,14,0.5129445195198059
9291,10,-0.13038641214370728
9292,16,0.7713776230812073
9293,9,-0.2198660969734192
9294,1,-2.841676712036133
9295,7,-0.7012229561805725
9296,14,0.5094773173332214
9297,29,1.5986013412475586
9298,10,-0.030445575714111328
9299,9,-0.3228453993797302
9300,20,1.1151669025421143
9301,8,-0.3863345980644226
9302,18,0.9068368077278137
9303,21,1.184326410293579
9304,22,1.2865097522735596
9305,10,-0.16530340909957886
9306,27,1.5329008102416992
9307,17,0.8731037974357605
9308,1,-2.7778382301330566
9309,9,-0.2805402874946594
9310,17,0.8834882378578186
9311,9,-0.25018399953842163
9312,9,-0.20855718851089478
9313,30,1.604945421218872
9314,26,1.5019972324371338
9315,21,1.2198801040649414
9316,23,1.3029813766479492
9317,19,1.0094711780548096
9318,23,1.3439531326293945
9319,10,-0.0794522762298584
9320,23,1.318126916885376
9321,7,-0.6702035665512085
9322,17,0.8630848526954651
9323,8,-0.4031462073326111
9324,27,1.5197501182556152
9325,12,0.26254814863204956
9326,28,1.5680983066558838
9327,20,1.0754423141479492
9328,8,-0.4866015613079071
9329,10,-0.02471059560775757
9330,16,0.7070761322975159
9331,13,0.4567151665687561
9332,22,1.2803657054901123
9333,21,1.2202513217926025
9334,17,0.8353082537651062
9335,9,-0.27333933115005493
9336,27,1.5120747089385986
9337,9,-0.1721864938735962
9338,9,-0.26722317934036255
9339,27,1.5379700660705566
9340,18,0.9558026194572449
9341,7,-0.7392660975456238
9342,17,0.8462260365486145
9343,24,1.3979039192199707
9344,17,0.8058505654335022
9345,9,-0.20315349102020264
9346,18,0.9658970236778259
9347,23,1.3101820945739746
9348,10,-0.08784753084182739
9349,8,-0.5567451119422913
9350,9,-0.23100543022155762
9351,20,1.1306564807891846
9352,19,1.0540969371795654
9353,10,-0.00041860342025756836
9354,26,1.5011658668518066
9355,12,0.2578358054161072
9356,26,1.4721837043762207
9357,10,-0.1383810043334961
9358,19,1.0089137554168701
9359,18,0.9088473916053772
9360,20,1.0940320491790771
9361,8,-0.397098183631897
9362,24,1.3837900161743164
9363,9,-0.2105582356452942
9364,10,-0.05280148983001709
9365,16,0.7604523301124573
9366,24,1.3554291725158691
9367,9,-0.2761821746826172
9368,18,0.9402007460594177
9369,10,-0.1616673469543457
9370,26,1.4643449783325195
9371,10,-0.063484787940979
9372,26,1.4781506061553955
9373,9,-0.27665942907333374
9374,10,-0.017232775688171387
9375,25,1.4256525039672852
9376,17,0.8418599963188171
9377,9,-0.3605538606643677
9378,10,-0.043621182441711426
9379,10,-0.010522782802581787
9380,11,0.07525771856307983
9381,18,0.9007933735847473
9382,8,-0.402529239654541
9383,23,1.2969615459442139
9384,19,1.0124993324279785
9385,9,-0.271049439907074
9386,10,-0.17127448320388794
9387,8,-0.5549463033676147
9388,26,1.4962003231048584
9389,9,-0.18200206756591797
9390,9,-0.2885230779647827
9391,28,1.5513012409210205
9392,27,1.512615442276001
9393,21,1.16243577003479
9394,10,0.003355264663696289
9395,18,0.9470673203468323
9396,21,1.1575915813446045
9397,18,0.9084418416023254
9398,9,-0.20572799444198608
9399,8,-0.3874332904815674
9400,18,0.9144313931465149
9401,19,1.0660855770111084
9402,10,-0.11858099699020386
9403,10,-0.1521487832069397
9404,9,-0.1963101029396057
9405,27,1.542740821838379
9406,11,0.1578194499015808
9407,9,-0.243055522441864
9408,20,1.0808813571929932
9409,19,1.0081267356872559
9410,18,0.9373744130134583
9411,10,-0.14738565683364868
9412,30,1.6089937686920166
9413,18,0.9527904391288757
9414,9,-0.1895909309387207
9415,19,1.0183773040771484
9416,19,1.0185377597808838
9417,11,0.09936052560806274
9418,17,0.8713595271110535
9419,19,1.0282697677612305
9420,19,1.0182325839996338
9421,12,0.2454649806022644
9422,27,1.5109591484069824
9423,24,1.3595013618469238
9424,9,-0.2263423204421997
9425,9,-0.18163460493087769
9426,14,0.5467173457145691
9427,7,-0.6872891783714294
9428,12,0.24499493837356567
9429,20,1.116851806640625
9430,26,1.4798181056976318
9431,19,1.0175464153289795
9432,14,0.5444011092185974
9433,27,1.5375261306762695
9434,26,1.4646503925323486
9435,26,1.461533784866333
9436,16,0.7506646513938904
9437,10,-0.03485590219497681
9438,19,1.040522575378418
9439,9,-0.21758520603179932
9440,20,1.078434705734253
9441,2,-2.6523149013519287
9442,16,0.750034511089325
9443,22,1.28729248046875
9444,10,-0.0006327629089355469
9445,11,0.08133679628372192
9446,1,-2.841261863708496
9447,26,1.4970934391021729
9448,9,-0.23889398574829102
9449,9,-0.2528914213180542
9450,24,1.3737459182739258
9451,18,0.9877098202705383
9452,13,0.41522103548049927
9453,18,0.9839933514595032
9454,9,-0.31036585569381714
9455,18,0.9746469855308533
9456,21,1.1893558502197266
9457,18,0.973411500453949
9458,17,0.8130096793174744
9459,2,-2.4603734016418457
9460,9,-0.3595423698425293
9461,10,-0.12262070178985596
9462,10,-0.07434773445129395
9463,27,1.5077478885650635
9464,12,0.19588536024093628
9465,29,1.5865404605865479
9466,10,-0.024641871452331543
9467,8,-0.41173744201660156
9468,23,1.3009729385375977
9469,26,1.4795801639556885
9470,10,-0.038109779357910156
9471,4,-1.8293054103851318
9472,9,-0.2773361802101135
9473,12,0.3280307650566101
9474,9,-0.3056145906448364
9475,17,0.8371968865394592
9476,9,-0.25750452280044556
9477,9,-0.20341134071350098
9478,18,0.9164416193962097
9479,9,-0.3500651717185974
9480,10,-0.14802420139312744
9481,10,-0.09096425771713257
9482,19,1.038708209991455
9483,17,0.8125614523887634
9484,23,1.2930822372436523
9485,15,0.6463842988014221
9486,10,-0.02094191312789917
9487,8,-0.5168517827987671
9488,11,0.15295404195785522
9489,16,0.6991103291511536
9490,11,0.027853965759277344
9491,10,-0.038485705852508545
9492,15,0.5892335772514343
9493,11,0.06408017873764038
9494,10,-0.035703837871551514
9495,9,-0.19735467433929443
9496,24,1.3892934322357178
9497,25,1.456840991973877
9498,18,0.9029796719551086
9499,8,-0.4031665325164795
9500,9,-0.19080281257629395
9501,19,0.9991742968559265
9502,27,1.5161945819854736
9503,20,1.1196742057800293
9504,10,-0.028901398181915283
9505,11,0.09155851602554321
9506,9,-0.26897478103637695
9507,18,0.9650605320930481
9508,22,1.2639210224151611
9509,18,0.987673819065094
9510,23,1.3433656692504883
9511,10,-0.1263790726661682
9512,10,-0.1530848741531372
9513,8,-0.4682215452194214
9514,10,-0.06104564666748047
9515,24,1.3707430362701416
9516,18,0.9423970580101013
9517,27,1.5311672687530518
9518,24,1.4007172584533691
9519,15,0.6032148003578186
9520,24,1.3691763877868652
9521,10,-0.05850106477737427
9522,17,0.8113502860069275
9523,23,1.3108749389648438
9524,12,0.20405668020248413
9525,18,0.9324970841407776
9526,10,-0.050967514514923096
9527,25,1.4464609622955322
9528,21,1.187939167022705
9529,10,-0.14009374380111694
9530,17,0.8594452738761902
9531,27,1.5166041851043701
9532,28,1.5709607601165771
9533,13,0.4512332081794739
9534,10,-0.035035014152526855
9535,24,1.3991923332214355
9536,16,0.7599411606788635
9537,11,0.02549433708190918
9538,30,1.6142959594726562
9539,20,1.1292765140533447
9540,16,0.7961860299110413
9541,11,0.08139604330062866
9542,17,0.8763713240623474
9543,10,0.009182631969451904
9544,22,1.2321600914001465
9545,22,1.2535126209259033
9546,12,0.3073180317878723
9547,9,-0.19360721111297607
9548,1,-2.840850830078125
9549,15,0.6734727025032043
9550,10,-0.17110085487365723
9551,17,0.8808799386024475
9552,23,1.3099536895751953
9553,26,1.4771559238433838
9554,10,-0.11063790321350098
9555,24,1.3941521644592285
9556,11,0.0431445837020874
9557,17,0.819294273853302
9558,30,1.6113195419311523
9559,10,-0.1304582953453064
9560,18,0.928316056728363
9561,11,0.12590163946151733
9562,8,-0.4365089535713196
9563,16,0.7058497071266174
9564,11,0.058784425258636475
9565,7,-0.6459169387817383
9566,18,0.9385318160057068
9567,9,-0.21221107244491577
9568,9,-0.2309139370918274
9569,24,1.3560965061187744
9570,18,0.9079490303993225
9571,10,-0.011522352695465088
9572,10,0.01841801404953003
9573,10,-0.07569921016693115
9574,10,-0.0662086009979248
9575,18,0.9050549864768982
9576,10,-0.10515093803405762
9577,9,-0.31501829624176025
9578,19,1.0131285190582275
9579,10,-0.1451830267906189
9580,15,0.6303905844688416
9581,13,0.3695914149284363
9582,28,1.5671942234039307
9583,22,1.2538080215454102
9584,30,1.6123230457305908
9585,15,0.6607256531715393
9586,21,1.1818888187408447
9587,9,-0.1835923194885254
9588,8,-0.447767436504364
9589,11,0.09404116868972778
9590,11,0.09428399801254272
9591,9,-0.32311421632766724
9592,18,0.9483718276023865
9593,20,1.0688691139221191
9594,11,0.07658940553665161
9595,23,1.296370029449463
9596,10,-0.03248113393783569
9597,9,-0.2599647045135498
9598,10,-0.039862096309661865
9599,10,0.00518721342086792
9600,19,1.0684740543365479
9601,9,-0.24357962608337402
9602,10,-0.05417227745056152
9603,19,1.0101566314697266
9604,22,1.2515654563903809
9605,30,1.6142075061798096
9606,18,0.9521247744560242
9607,18,0.9545016884803772
9608,15,0.626735508441925
9609,20,1.1342813968658447
9610,28,1.5480625629425049
9611,9,-0.2779024839401245
9612,21,1.2159757614135742
9613,19,1.0562384128570557
9614,9,-0.17227566242218018
9615,24,1.3838496208190918
9616,12,0.29316264390945435
9617,10,-0.07175719738006592
9618,11,0.09938043355941772
9619,18,0.9273273348808289
9620,18,0.9636396765708923
9621,18,0.9834672808647156
9622,10,-0.09653502702713013
9623,18,0.9828192591667175
9624,17,0.8658799529075623
9625,9,-0.235545814037323
9626,10,-0.03333693742752075
9627,19,0.9969689249992371
9628,10,-0.06521916389465332
9629,9,-0.307661235332489
9630,10,-7.921457290649414e-05
9631,9,-0.18187904357910156
9632,20,1.1391761302947998
9633,9,-0.33023500442504883
9634,15,0.5974482893943787
9635,30,1.602315902709961
9636,13,0.3849256634712219
9637,18,0.9665973782539368
9638,10,-0.06944996118545532
9639,18,0.9023141264915466
9640,9,-0.17482680082321167
9641,10,-0.015713632106781006
9642,12,0.19979435205459595
9643,19,1.028059959411621
9644,10,-0.0694459080696106
9645,10,-0.14631003141403198
9646,27,1.5148913860321045
9647,9,-0.18525415658950806
9648,26,1.4776396751403809
9649,11,0.16240233182907104
9650,16,0.7682991623878479
9651,23,1.3220338821411133
9652,22,1.2329561710357666
9653,21,1.1526594161987305
9654,9,-0.20360440015792847
9655,11,0.043128371238708496
9656,15,0.6093875765800476
9657,19,0.9908137917518616
9658,6,-0.9367443323135376
9659,20,1.1351308822631836
9660,10,-0.11425834894180298
9661,9,-0.3627026677131653
9662,20,1.0689587593078613
9663,11,0.17598110437393188
9664,9,-0.2895820736885071
9665,23,1.3190605640411377
9666,17,0.8154733777046204
9667,12,0.3288176655769348
9668,10,-0.12440836429595947
9669,18,0.9193331599235535
9670,19,1.0175354480743408
9671,14,0.5356587767601013
9672,10,-0.09885931015014648
9673,3,-2.2573862075805664
9674,9,-0.17403697967529297
9675,9,-0.2854517698287964
9676,10,-0.11510318517684937
9677,9,-0.17777645587921143
9678,18,0.9010899662971497
9679,25,1.4200773239135742
9680,11,0.16575747728347778
9681,10,-0.1124923825263977
9682,10,-0.06255125999450684
9683,16,0.7462690472602844
9684,20,1.085320234298706
9685,10,-0.09430080652236938
9686,10,-0.11015951633453369
9687,12,0.26095789670944214
9688,10,-0.1359052062034607
9689,9,-0.27353864908218384
9690,13,0.4088732600212097
9691,9,-0.37039726972579956
9692,24,1.3996248245239258
9693,10,-0.09208434820175171
9694,16,0.711082398891449
9695,10,0.0017134547233581543
9696,9,-0.30309319496154785
9697,20,1.0960781574249268
9698,25,1.4307148456573486
9699,26,1.4680628776550293
9700,25,1.4428541660308838
9701,8,-0.38011813163757324
9702,16,0.7490152716636658
9703,22,1.249279260635376
9704,25,1.4175596237182617
9705,16,0.7431637644767761
9706,19,1.042466640472412
9707,9,-0.21393120288848877
9708,17,0.8838300108909607
9709,16,0.803671658039093
9710,20,1.1450181007385254
9711,10,-0.11101055145263672
9712,11,0.09320968389511108
9713,9,-0.1736387014389038
9714,19,1.0008809566497803
9715,17,0.8708468079566956
9716,17,0.8668197989463806
9717,16,0.7411693930625916
9718,26,1.4642233848571777
9719,11,0.18029242753982544
9720,24,1.3777077198028564
9721,26,1.499302625656128
9722,22,1.2302329540252686
9723,1,-2.8324365615844727
9724,27,1.5128633975982666
9725,9,-0.19156414270401
9726,9,-0.2526800036430359
9727,27,1.5306897163391113
9728,9,-0.22120285034179688
9729,10,-0.0742684006690979
9730,10,-0.1333661675453186
9731,18,0.9172847867012024
9732,10,-0.16603201627731323
9733,11,0.16798430681228638
9734,18,0.9370868802070618
9735,13,0.4465368390083313
9736,9,-0.21416330337524414
9737,10,-0.1093827486038208
9738,8,-0.42579174041748047
9739,15,0.6672500967979431
9740,26,1.4844021797180176
9741,30,1.606693983078003
9742,12,0.22456997632980347
9743,11,0.16135793924331665
9744,22,1.2738945484161377
9745,18,0.961558997631073
9746,20,1.0945510864257812
9747,19,1.0215578079223633
9748,1,-2.8175950050354004
9749,15,0.6498566269874573
9750,22,1.2636549472808838
9751,19,1.0601234436035156
9752,24,1.38043212890625
9753,17,0.852902352809906
9754,10,-0.1665669083595276
9755,26,1.471555471420288
9756,9,-0.22662967443466187
9757,10,-0.11048877239227295
9758,28,1.558887004852295
9759,10,0.003797471523284912
9760,13,0.4504871964454651
9761,23,1.3045458793640137
9762,20,1.0975310802459717
9763,19,1.017441987991333
9764,30,1.6099143028259277
9765,10,-0.15066617727279663
9766,21,1.18863844871521
9767,10,0.010060787200927734
9768,25,1.450538158416748
9769,17,0.8918961882591248
9770,12,0.2697649598121643
9771,21,1.158742904663086
9772,20,1.140014886856079
9773,10,-0.023649752140045166
9774,28,1.5535941123962402
9775,9,-0.17237913608551025
9776,30,1.6053898334503174
9777,16,0.7605311274528503
9778,15,0.6874688267707825
9779,26,1.493217945098877
9780,26,1.466069221496582
9781,3,-2.255552053451538
9782,10,-0.03865766525268555
9783,10,-0.010068118572235107
9784,13,0.4558752179145813
9785,8,-0.38786643743515015
9786,19,0.9966437220573425
9787,22,1.2405292987823486
9788,17,0.8885694146156311
9789,10,-0.1675092577934265
9790,10,0.0019178986549377441
9791,19,1.0293056964874268
9792,19,1.0199484825134277
9793,19,1.0404787063598633
9794,9,-0.1810394525527954
9795,19,0.9903109669685364
9796,10,-0.010910868644714355
9797,11,0.07756048440933228
9798,16,0.7987646460533142
9799,28,1.5685241222381592
9800,11,0.07176798582077026
9801,9,-0.24345701932907104
9802,25,1.4241981506347656
9803,10,-0.07993990182876587
9804,10,-0.11452758312225342
9805,16,0.7749956250190735
9806,10,-0.08476155996322632
9807,8,-0.4998466372489929
9808,11,0.10204046964645386
9809,10,-0.03082805871963501
9810,29,1.5819759368896484
9811,19,1.0395703315734863
9812,23,1.3155062198638916
9813,10,-0.12404870986938477
9814,19,0.9953096508979797
9815,25,1.4274802207946777
9816,15,0.6870809197425842
9817,2,-2.487321615219116
9818,24,1.3891949653625488
9819,11,0.0421750545501709
9820,15,0.5866413712501526
9821,11,0.10499411821365356
9822,9,-0.17777866125106812
9823,18,0.9539422392845154
9824,18,0.9696492552757263
9825,10,-0.12059253454208374
9826,17,0.8404679894447327
9827,27,1.527698040008545
9828,24,1.391191005706787
9829,10,-0.04159444570541382
9830,14,0.4790046811103821
9831,12,0.2127261757850647
9832,24,1.3960230350494385
9833,22,1.2446858882904053
9834,2,-2.3655755519866943
9835,12,0.2863137125968933
9836,16,0.7154485583305359
9837,18,0.9765223860740662
9838,17,0.8175014853477478
9839,22,1.2667832374572754
9840,11,0.06018596887588501
9841,23,1.2924768924713135
9842,25,1.4181396961212158
9843,11,0.02698540687561035
9844,9,-0.3725770115852356
9845,11,0.030780553817749023
9846,10,-0.049366533756256104
9847,19,1.061154842376709
9848,11,0.0814017653465271
9849,9,-0.2573264241218567
9850,9,-0.25277698040008545
9851,9,-0.29118263721466064
9852,5,-1.3726390600204468
9853,24,1.4023513793945312
9854,9,-0.3168714642524719
9855,11,0.03403162956237793
9856,20,1.1086704730987549
9857,10,-0.10359710454940796
9858,11,0.024650871753692627
9859,19,1.0307729244232178
9860,29,1.5777318477630615
9861,24,1.358741283416748
9862,18,0.900967538356781
9863,11,0.04842567443847656
9864,17,0.8377675414085388
9865,12,0.21188956499099731
9866,10,-0.03500008583068848
9867,10,-0.1579088568687439
9868,9,-0.17188745737075806
9869,16,0.7938576340675354
9870,10,-0.019512593746185303
9871,11,0.15032917261123657
9872,1,-2.841972589492798
9873,10,-0.15287107229232788
9874,27,1.5179145336151123
9875,9,-0.18582212924957275
9876,26,1.4802591800689697
9877,23,1.3015339374542236
9878,10,-0.030153393745422363
9879,9,-0.1823040246963501
9880,21,1.2062983512878418
9881,1,-2.8376948833465576
9882,10,-0.03842586278915405
9883,22,1.2729017734527588
9884,11,0.18651074171066284
9885,10,-0.12116396427154541
9886,19,1.01619291305542
9887,10,-0.07291305065155029
9888,28,1.5449745655059814
9889,9,-0.17362189292907715
9890,18,0.9745741486549377
9891,13,0.37517064809799194
9892,30,1.6146214008331299
9893,27,1.525038480758667
9894,11,0.11823707818984985
9895,11,0.09112316370010376
9896,25,1.4352641105651855
9897,10,-0.16610151529312134
9898,11,0.1805381178855896
9899,9,-0.22575706243515015
9900,17,0.8354149460792542
9901,13,0.3482542634010315
9902,10,-0.0034220218658447266
9903,12,0.229755699634552
9904,19,1.038766622543335
9905,11,0.13156265020370483
9906,18,0.9764426350593567
9907,28,1.5694162845611572
9908,3,-2.1112289428710938
9909,11,0.03972363471984863
9910,9,-0.1869773268699646
9911,9,-0.34413206577301025
9912,9,-0.35450297594070435
9913,21,1.1708946228027344
9914,10,-0.171383798122406
9915,27,1.538022756576538
9916,19,1.0308773517608643
9917,10,-0.03348797559738159
9918,12,0.31736069917678833
9919,11,0.11868494749069214
9920,9,-0.18415510654449463
9921,19,1.019099235534668
9922,11,0.08396691083908081
9923,19,1.0539419651031494
9924,11,0.028795838356018066
9925,10,-0.06484711170196533
9926,14,0.4748539328575134
9927,24,1.3984529972076416
9928,10,-0.0767335295677185
9929,13,0.36265283823013306
9930,9,-0.3122444748878479
9931,11,0.1818496584892273
9932,10,-0.058464765548706055
9933,30,1.6138505935668945
9934,11,0.09548825025558472
9935,10,-0.12390238046646118
9936,9,-0.2952670454978943
9937,16,0.7542192339897156
9938,12,0.21060150861740112
9939,26,1.4964466094970703
9940,10,-0.03717947006225586
9941,30,1.6135432720184326
9942,10,-0.15760952234268188
9943,10,-0.0062285661697387695
9944,10,-0.025120258331298828
9945,20,1.145596981048584
9946,11,0.056353867053985596
9947,11,0.10484415292739868
9948,11,0.08710390329360962
9949,25,1.4511187076568604
9950,11,0.10916692018508911
9951,13,0.3601228594779968
9952,17,0.8708578944206238
9953,24,1.3819894790649414
9954,23,1.3402574062347412
9955,8,-0.4561542868614197
9956,11,0.1391332745552063
9957,10,-0.15765196084976196
9958,11,0.09851354360580444
9959,11,0.12356549501419067
9960,24,1.4059603214263916
9961,7,-0.6103127598762512
9962,8,-0.40453433990478516
9963,10,-0.10079783201217651
9964,10,-0.04781949520111084
9965,10,-0.0009784698486328125
9966,18,0.9756341576576233
9967,17,0.8428463339805603
9968,23,1.3237745761871338
9969,13,0.4110005497932434
9970,19,1.0058045387268066
9971,20,1.0690045356750488
9972,11,0.023247361183166504
9973,21,1.1606407165527344
9974,25,1.4131417274475098
9975,17,0.837674081325531
9976,11,0.09700983762741089
9977,8,-0.5620020031929016
9978,16,0.7521658539772034
9979,23,1.3226335048675537
9980,11,0.02026200294494629
9981,10,-0.13059037923812866
9982,14,0.5401535630226135
9983,20,1.148378610610962
9984,12,0.24698525667190552
9985,25,1.4095079898834229
9986,26,1.481220006942749
9987,11,0.1050613522529602
9988,14,0.5742438435554504
9989,9,-0.21635830402374268
9990,19,1.051283836364746
9991,10,-0.14730340242385864
9992,18,0.9098147749900818
9993,11,0.11193305253982544
9994,10,-0.08180230855941772
9995,11,0.12667769193649292
9996,20,1.0992510318756104
9997,18,0.9577803015708923
9998,21,1.1538023948669434
9999,7,-0.7115945816040039
10000,12,0.26769739389419556
10001,12,0.2893231511116028
10002,11,0.027370870113372803
10003,10,-0.06658333539962769
10004,19,1.0332975387573242
10005,10,-0.026828229427337646
10006,10,-0.1683037281036377
10007,10,-0.06129199266433716
10008,9,-0.3172588348388672
10009,10,-0.030225753784179688
10010,22,1.2456519603729248
10011,10,0.0014402270317077637
10012,8,-0.4820667505264282
10013,19,0.9999449849128723
10014,22,1.2890315055847168
10015,16,0.7653501629829407
10016,21,1.1592340469360352
10017,10,0.0034098029136657715
10018,17,0.8160553574562073
10019,12,0.2546544671058655
10020,10,-0.0593419075012207
10021,9,-0.3258424401283264
10022,11,0.042457520961761475
10023,24,1.4015231132507324
10024,16,0.706439197063446
10025,30,1.6151390075683594
10026,19,0.9973528981208801
10027,21,1.1629886627197266
10028,15,0.6837051510810852
10029,20,1.1207702159881592
10030,25,1.4172468185424805
10031,25,1.4153101444244385
10032,18,0.9544067978858948
10033,16,0.7089956402778625
10034,21,1.214979887008667
10035,23,1.3233461380004883
10036,27,1.5093650817871094
10037,11,0.11084407567977905
10038,30,1.614668846130371
10039,20,1.1089191436767578
10040,24,1.3787994384765625
10041,21,1.2108137607574463
10042,16,0.7499638199806213
10043,19,1.0488691329956055
10044,25,1.422856092453003
10045,11,0.07868748903274536
10046,1,-2.719038963317871
10047,10,-0.04098808765411377
10048,10,-0.029461979866027832
10049,18,0.9037286639213562
10050,10,-0.09697657823562622
10051,21,1.197202205657959
10052,11,0.074826180934906
10053,12,0.20626705884933472
10054,25,1.432171106338501
10055,9,-0.18156152963638306
10056,9,-0.21868908405303955
10057,22,1.2340261936187744
10058,11,0.04874545335769653
10059,11,0.056129634380340576
10060,10,-0.06893366575241089
10061,7,-0.7080340385437012
10062,28,1.5516114234924316
10063,24,1.3772242069244385
10064,10,-0.08565974235534668
10065,9,-0.27955788373947144
10066,21,1.1652841567993164
10067,19,1.049041986465454
10068,23,1.3256797790527344
10069,17,0.8779488205909729
10070,11,0.10724979639053345
10071,23,1.2969074249267578
10072,22,1.2404959201812744
10073,18,0.9008190035820007
10074,21,1.1848742961883545
10075,19,1.0469191074371338
10076,24,1.3519935607910156
10077,11,0.05970209836959839
10078,11,0.10012060403823853
10079,11,0.05139899253845215
10080,10,-0.00612795352935791
10081,10,-0.07208633422851562
10082,11,0.022944092750549316
10083,20,1.0712018013000488
10084,9,-0.1733728051185608
10085,9,-0.2829242944717407
10086,21,1.1650753021240234
10087,10,-0.16291296482086182
10088,11,0.17481929063796997
10089,10,-0.1258556842803955
10090,4,-1.6956945657730103
10091,18,0.9682714343070984
10092,26,1.4753649234771729
10093,9,-0.27232789993286133
10094,20,1.0950210094451904
10095,11,0.03562188148498535
10096,11,0.08318847417831421
10097,10,-0.1243295669555664
10098,25,1.425851583480835
10099,11,0.16495078802108765
10100,10,-0.09445935487747192
10101,19,1.011566400527954
10102,10,-0.008565187454223633
10103,8,-0.5685153007507324
10104,15,0.6071913838386536
10105,23,1.3163456916809082
10106,22,1.2852973937988281
10107,10,-0.06726819276809692
10108,11,0.06815987825393677
10109,10,-0.13848847150802612
10110,23,1.3066685199737549
10111,12,0.1993085741996765
10112,11,0.06662577390670776
10113,18,0.958713948726654
10114,25,1.4577264785766602
10115,23,1.3481011390686035
10116,12,0.19442015886306763
10117,19,1.0135924816131592
10118,23,1.3185441493988037
10119,19,1.0242950916290283
10120,30,1.6075761318206787
10121,10,-0.0064681172370910645
10122,30,1.6087305545806885
10123,24,1.3907482624053955
10124,28,1.5670421123504639
10125,23,1.3102102279663086
10126,19,0.9923538565635681
10127,2,-2.6286098957061768
10128,20,1.1224303245544434
10129,9,-0.20878756046295166
10130,11,0.11094778776168823
10131,12,0.25676172971725464
10132,23,1.3093483448028564
10133,20,1.1206965446472168
10134,10,-0.05081278085708618
10135,25,1.4268102645874023
10136,21,1.1801650524139404
10137,11,0.05739825963973999
10138,10,-0.10959076881408691
10139,18,0.9670987725257874
10140,27,1.5202984809875488
10141,2,-2.659977436065674
10142,18,0.9352667927742004
10143,25,1.4512553215026855
10144,10,0.015557944774627686
10145,1,-2.8297104835510254
10146,23,1.3026800155639648
10147,26,1.487198829650879
10148,11,0.09043043851852417
10149,10,-0.04255741834640503
10150,15,0.6861109137535095
10151,10,-0.032704174518585205
10152,26,1.4657747745513916
10153,11,0.10813325643539429
10154,26,1.4926633834838867
10155,12,0.2986031174659729
10156,21,1.1932778358459473
10157,11,0.033306002616882324
10158,10,-0.003846406936645508
10159,11,0.07505625486373901
10160,18,0.9579625725746155
10161,11,0.15212589502334595
10162,11,0.06581991910934448
10163,11,0.026858210563659668
10164,12,0.31299012899398804
10165,12,0.206182062625885
10166,15,0.6237208247184753
10167,19,1.0124361515045166
10168,10,-0.055586397647857666
10169,11,0.019845783710479736
10170,11,0.1104474663734436
10171,11,0.05208444595336914
10172,27,1.519906997680664
10173,19,1.016206979751587
10174,18,0.9060379862785339
10175,19,1.0097997188568115
10176,30,1.6115922927856445
10177,19,1.0680859088897705
10178,27,1.5125863552093506
10179,1,-2.842329978942871
10180,11,0.05089026689529419
10181,10,-0.036502718925476074
10182,18,0.9480404257774353
10183,12,0.2767876982688904
10184,22,1.237372875213623
10185,24,1.3792316913604736
10186,10,-0.07971489429473877
10187,9,-0.33763450384140015
10188,22,1.2511780261993408
10189,12,0.29215162992477417
10190,18,0.9224663376808167
10191,22,1.270580768585205
10192,20,1.0873456001281738
10193,11,0.15665310621261597
10194,12,0.20741158723831177
10195,22,1.2822470664978027
10196,23,1.304462194442749
10197,14,0.5210644602775574
10198,3,-1.9361493587493896
10199,10,-0.1174858808517456
10200,16,0.773624837398529
10201,26,1.4897983074188232
10202,17,0.8396633267402649
10203,18,0.9770939946174622
10204,21,1.199598789215088
10205,10,0.0014110207557678223
10206,10,-0.05839413404464722
10207,11,0.12923890352249146
10208,20,1.134580373764038
10209,9,-0.2820090055465698
10210,10,0.014852821826934814
10211,26,1.4951014518737793
10212,22,1.233281135559082
10213,11,0.08831840753555298
10214,22,1.2319865226745605
10215,17,0.8766416907310486
10216,11,0.09575778245925903
10217,11,0.07812124490737915
10218,28,1.5471279621124268
10219,10,-0.06552112102508545
10220,10,-0.03867459297180176
10221,17,0.8402388691902161
10222,21,1.1539199352264404
10223,20,1.1038141250610352
10224,22,1.232893705368042
10225,25,1.4342741966247559
10226,23,1.333296537399292
10227,21,1.1676926612854004
10228,10,-0.07436507940292358
10229,10,-0.1271936297416687
10230,10,-0.020861506462097168
10231,10,0.015268564224243164
10232,28,1.572157621383667
10233,11,0.1342441439628601
10234,17,0.8792312741279602
10235,19,1.0637478828430176
10236,10,-0.09500819444656372
10237,13,0.4247913956642151
10238,19,1.044816493988037
10239,9,-0.193628191947937
10240,23,1.3419623374938965
10241,9,-0.1887800097465515
10242,28,1.563974142074585
10243,13,0.3930665850639343
10244,10,-0.09169948101043701
10245,20,1.113121509552002
10246,10,-0.04020547866821289
10247,30,1.6026191711425781
10248,21,1.150625228881836
10249,22,1.2285842895507812
10250,11,0.042236924171447754
10251,22,1.2442190647125244
10252,24,1.4058265686035156
10253,12,0.24598652124404907
10254,19,1.0235114097595215
10255,10,-0.025966644287109375
10256,10,-0.10365694761276245
10257,16,0.7989646792411804
10258,11,0.09308797121047974
10259,9,-0.18617254495620728
10260,17,0.8819745182991028
10261,11,0.13762420415878296
10262,19,1.0282361507415771
10263,10,-0.16820669174194336
10264,20,1.1273887157440186
10265,12,0.22871428728103638
10266,18,0.9200940728187561
10267,10,0.008772969245910645
10268,16,0.7804563641548157
10269,30,1.6139037609100342
10270,8,-0.5620459318161011
10271,26,1.4931988716125488
10272,19,1.022902488708496
10273,11,0.06479209661483765
10274,5,-1.2071316242218018
10275,29,1.582589864730835
10276,26,1.4821128845214844
10277,11,0.1357089877128601
10278,22,1.240251064300537
10279,9,-0.1830453872680664
10280,2,-2.407222032546997
10281,11,0.08904439210891724
10282,19,1.0610864162445068
10283,22,1.2370367050170898
10284,24,1.378894329071045
10285,11,0.176227867603302
10286,17,0.8536307215690613
10287,19,1.0248064994812012
10288,11,0.14160627126693726
10289,10,-0.10706460475921631
10290,20,1.079012155532837
10291,27,1.5074195861816406
10292,10,-0.1249237060546875
10293,10,-0.00295335054397583
10294,22,1.2864060401916504
10295,24,1.3953747749328613
10296,9,-0.1991647481918335
10297,10,0.006424844264984131
10298,25,1.4209530353546143
10299,22,1.2884953022003174
10300,20,1.1339633464813232
10301,10,0.007785975933074951
10302,18,0.9385008215904236
10303,10,-0.14960670471191406
10304,9,-0.25966548919677734
10305,1,-2.814978837966919
10306,8,-0.48078039288520813
10307,10,-0.043813347816467285
10308,11,0.07671254873275757
10309,10,-0.0326421856880188
10310,17,0.857327401638031
10311,28,1.5617754459381104
10312,10,-0.14135068655014038
10313,10,-0.028684496879577637
10314,18,0.9841901659965515
10315,11,0.03426718711853027
10316,30,1.6133933067321777
10317,12,0.30889981985092163
10318,11,0.06875389814376831
10319,20,1.0907487869262695
10320,24,1.4049301147460938
10321,2,-2.665750026702881
10322,10,-0.16380614042282104
10323,29,1.5765507221221924
10324,25,1.4320964813232422
10325,11,0.08590978384017944
10326,10,0.013007402420043945
10327,19,1.0329585075378418
10328,11,0.09084302186965942
10329,10,-0.05628657341003418
10330,11,0.0756414532661438
10331,11,0.02079218626022339
10332,26,1.460796594619751
10333,10,-0.08257204294204712
10334,2,-2.540884494781494
10335,10,-0.12569844722747803
10336,28,1.5730087757110596
10337,11,0.06277137994766235
10338,11,0.17970329523086548
10339,11,0.02269381284713745
10340,26,1.4802320003509521
10341,9,-0.20379489660263062
10342,18,0.911876380443573
10343,27,1.533479928970337
10344,10,-0.06780940294265747
10345,18,0.9594510197639465
10346,11,0.11126989126205444
10347,10,-0.10461115837097168
10348,27,1.510730266571045
10349,24,1.399017095565796
10350,11,0.025439858436584473
10351,9,-0.3245784044265747
10352,22,1.2579476833343506
10353,21,1.1648242473602295
10354,30,1.6051228046417236
10355,9,-0.18882453441619873
10356,25,1.4559471607208252
10357,11,0.07143241167068481
10358,19,1.0545239448547363
10359,11,0.06369441747665405
10360,11,0.039204180240631104
10361,12,0.21769922971725464
10362,18,0.9203235507011414
10363,15,0.5988995432853699
10364,19,1.0401060581207275
10365,16,0.7005026936531067
10366,19,1.0034053325653076
10367,21,1.1729822158813477
10368,10,-0.05539500713348389
10369,6,-0.8937920928001404
10370,11,0.08544522523880005
10371,21,1.208845853805542
10372,22,1.2518794536590576
10373,10,-0.0520627498626709
10374,18,0.9378156065940857
10375,10,-0.043275415897369385
10376,26,1.4658870697021484
10377,9,-0.21222645044326782
10378,10,-0.05319005250930786
10379,10,-0.16683149337768555
10380,12,0.2006261944770813
10381,11,0.15179795026779175
10382,18,0.9049020409584045
10383,17,0.857870876789093
10384,22,1.2761292457580566
10385,24,1.3974287509918213
10386,21,1.1645963191986084
10387,11,0.04002940654754639
10388,29,1.5874278545379639
10389,8,-0.5451014041900635
10390,18,0.9129669070243835
10391,10,0.010407209396362305
10392,18,0.9322572350502014
10393,9,-0.19422686100006104
10394,11,0.12252110242843628
10395,21,1.1647682189941406
10396,23,1.2910032272338867
10397,19,1.0407843589782715
10398,14,0.4910699725151062
10399,11,0.06435734033584595
10400,26,1.4901256561279297
10401,11,0.05295795202255249
10402,11,0.17424434423446655
10403,7,-0.8517730832099915
10404,12,0.22062307596206665
10405,21,1.1619272232055664
10406,20,1.0761384963989258
10407,20,1.111968755722046
10408,19,1.0543859004974365
10409,21,1.1923449039459229
10410,26,1.490194320678711
10411,12,0.2906950116157532
10412,12,0.27253490686416626
10413,23,1.3063769340515137
10414,11,0.047228217124938965
10415,19,1.0671288967132568
10416,24,1.3748583793640137
10417,24,1.3863229751586914
10418,11,0.0888945460319519
10419,20,1.0769717693328857
10420,12,0.23457318544387817
10421,22,1.2697744369506836
10422,29,1.5779340267181396
10423,15,0.6908325552940369
10424,25,1.4126708507537842
10425,11,0.05276751518249512
10426,11,0.09775930643081665
10427,19,1.0150506496429443
10428,14,0.49891263246536255
10429,25,1.4221227169036865
10430,11,0.031169652938842773
10431,9,-0.23663592338562012
10432,10,-0.02210599184036255
10433,27,1.5110795497894287
10434,11,0.029763758182525635
10435,11,0.13262897729873657
10436,28,1.5480740070343018
10437,11,0.066561758518219
10438,29,1.59757661819458
10439,10,0.01105809211730957
10440,12,0.3359230160713196
10441,11,0.10492414236068726
10442,26,1.4966709613800049
10443,22,1.2653908729553223
10444,23,1.29844331741333
10445,22,1.2837388515472412
10446,19,1.0356667041778564
10447,1,-2.8166420459747314
10448,9,-0.254433810710907
10449,13,0.375923216342926
10450,16,0.7753048539161682
10451,11,0.08288329839706421
10452,10,-0.03387176990509033
10453,20,1.1390550136566162
10454,20,1.0721831321716309
10455,23,1.306572437286377
10456,24,1.3639745712280273
10457,26,1.4786262512207031
10458,26,1.4754161834716797
10459,19,1.0672812461853027
10460,24,1.3921403884887695
10461,20,1.1034924983978271
10462,21,1.1700847148895264
10463,11,0.18888837099075317
10464,20,1.1207010746002197
10465,26,1.4715337753295898
10466,3,-1.9631507396697998
10467,10,-0.15989470481872559
10468,11,0.09621042013168335
10469,19,0.9893261790275574
10470,11,0.12999063730239868
10471,1,-2.8430213928222656
10472,20,1.1086304187774658
10473,21,1.2105076313018799
10474,24,1.3578448295593262
10475,11,0.08879822492599487
10476,12,0.19448822736740112
10477,11,0.08350175619125366
10478,26,1.4854850769042969
10479,13,0.44704192876815796
10480,25,1.4582653045654297
10481,11,0.11312180757522583
10482,11,0.12173503637313843
10483,22,1.2695438861846924
10484,26,1.4749047756195068
10485,11,0.13956910371780396
10486,18,0.9768652319908142
10487,1,-2.832122325897217
10488,11,0.15798062086105347
10489,10,-0.061459124088287354
10490,12,0.30364102125167847
10491,11,0.033751487731933594
10492,11,0.15139621496200562
10493,22,1.2404367923736572
10494,18,0.9053786396980286
10495,19,0.9922934174537659
10496,22,1.2691729068756104
10497,22,1.2518181800842285
10498,20,1.1121525764465332
10499,12,0.2958064675331116
10500,29,1.5746474266052246
10501,22,1.2720251083374023
10502,10,0.018285155296325684
10503,11,0.18893498182296753
10504,26,1.497452974319458
10505,18,0.9534491896629333
10506,12,0.27630096673965454
10507,18,0.9151982665061951
10508,11,0.14936918020248413
10509,10,-0.01615917682647705
10510,12,0.2399342656135559
10511,10,-0.011965811252593994
10512,27,1.5222105979919434
10513,21,1.1773641109466553
10514,15,0.6677631735801697
10515,29,1.5804071426391602
10516,11,0.1039779782295227
10517,30,1.6033875942230225
10518,11,0.16656523942947388
10519,26,1.4867877960205078
10520,10,-0.06126326322555542
10521,8,-0.4041471481323242
10522,26,1.4922053813934326
10523,11,0.10641437768936157
10524,18,0.9414394497871399
10525,20,1.1001074314117432
10526,24,1.4054384231567383
10527,12,0.22873538732528687
10528,22,1.2488939762115479
10529,11,0.045983731746673584
10530,11,0.06072467565536499
10531,22,1.2681262493133545
10532,18,0.9538550972938538
10533,12,0.2015206217765808
10534,11,0.14792495965957642
10535,24,1.370788812637329
10536,26,1.4631977081298828
10537,18,0.9014876484870911
10538,10,-0.09112489223480225
10539,14,0.5176824927330017
10540,22,1.2702357769012451
10541,27,1.5061309337615967
10542,11,0.10375839471817017
10543,11,0.18579524755477905
10544,18,0.9322453141212463
10545,11,0.1891602873802185
10546,11,0.11610919237136841
10547,2,-2.3486950397491455
10548,18,0.9047850966453552
10549,21,1.2023019790649414
10550,26,1.4770665168762207
10551,18,0.9385241866111755
10552,20,1.0857493877410889
10553,21,1.176091194152832
10554,24,1.361593246459961
10555,21,1.165419101715088
10556,13,0.4341278672218323
10557,30,1.6011300086975098
10558,11,0.13401848077774048
10559,24,1.3682334423065186
10560,16,0.8042699694633484
10561,27,1.5226478576660156
10562,12,0.19959956407546997
10563,26,1.4895598888397217
10564,11,0.07830804586410522
10565,26,1.490825891494751
10566,11,0.06643170118331909
10567,11,0.12190335988998413
10568,26,1.4745943546295166
10569,12,0.22962039709091187
10570,27,1.5277595520019531
10571,11,0.06243830919265747
10572,6,-0.8761276006698608
10573,10,-0.023594915866851807
10574,21,1.1565463542938232
10575,10,-0.012130916118621826
10576,11,0.14969581365585327
10577,11,0.1750686764717102
10578,12,0.20720785856246948
10579,11,0.16035491228103638
10580,10,-0.14312314987182617
10581,12,0.2644936442375183
10582,19,1.0130805969238281
10583,20,1.08001708984375
10584,20,1.0736289024353027
10585,26,1.4695985317230225
10586,10,-0.08655226230621338
10587,11,0.06083732843399048
10588,11,0.1581701636314392
10589,13,0.37963205575942993
10590,11,0.019293665885925293
10591,21,1.1537470817565918
10592,8,-0.5653611421585083
10593,16,0.7896574139595032
10594,20,1.122307538986206
10595,11,0.16958433389663696
10596,12,0.2914808392524719
10597,11,0.11926001310348511
10598,13,0.36701899766921997
10599,23,1.3156518936157227
10600,24,1.356510877609253
10601,16,0.7046493887901306
10602,13,0.3711617588996887
10603,28,1.553532600402832
10604,26,1.4650423526763916
10605,12,0.229364812374115
10606,11,0.03637963533401489
10607,20,1.101994514465332
10608,20,1.075378179550171
10609,20,1.1178960800170898
10610,11,0.05355024337768555
10611,2,-2.51092791557312
10612,10,-0.13344413042068481
10613,9,-0.3321896195411682
10614,10,-0.04498147964477539
10615,30,1.612536907196045
10616,11,0.16329056024551392
10617,21,1.1592743396759033
10618,11,0.02829134464263916
10619,21,1.1562318801879883
10620,19,0.9890548586845398
10621,23,1.3382470607757568
10622,11,0.11019843816757202
10623,18,0.9756415486335754
10624,11,0.16213959455490112
10625,19,0.9894549250602722
10626,19,1.0613486766815186
10627,11,0.06859606504440308
10628,23,1.3287670612335205
10629,11,0.022376298904418945
10630,12,0.2642337679862976
10631,8,-0.3967233896255493
10632,4,-1.8009027242660522
10633,11,0.1470678448677063
10634,13,0.38182443380355835
10635,19,1.0395598411560059
10636,18,0.9344257712364197
10637,10,0.0023740530014038086
10638,18,0.9865264296531677
10639,20,1.1105952262878418
10640,11,0.1597040295600891
10641,18,0.9774919152259827
10642,18,0.9829613566398621
10643,21,1.162238597869873
10644,21,1.178941249847412
10645,23,1.2938754558563232
10646,28,1.5621647834777832
10647,19,1.0637660026550293
10648,14,0.5484431385993958
10649,14,0.4895351529121399
10650,26,1.4832775592803955
10651,26,1.4659144878387451
10652,16,0.7823664546012878
10653,4,-1.7442998886108398
10654,25,1.457221508026123
10655,26,1.4966681003570557
10656,10,-0.0573350191116333
10657,19,1.037027359008789
10658,30,1.6117286682128906
10659,10,-0.06848138570785522
10660,11,0.14144951105117798
10661,23,1.3172574043273926
10662,11,0.18207889795303345
10663,10,-0.030611634254455566
10664,28,1.547874927520752
10665,20,1.128990650177002
10666,17,0.8648691773414612
10667,22,1.2890598773956299
10668,3,-2.0350186824798584
10669,4,-1.563375473022461
10670,11,0.18773895502090454
10671,11,0.039784133434295654
10672,15,0.6167986989021301
10673,10,-0.07085859775543213
10674,12,0.22307437658309937
10675,21,1.1944823265075684
10676,23,1.3434617519378662
10677,26,1.4801857471466064
10678,11,0.05172622203826904
10679,24,1.3703901767730713
10680,29,1.5757250785827637
10681,3,-2.027263879776001
10682,20,1.0909180641174316
10683,23,1.3414273262023926
10684,13,0.45158594846725464
10685,11,0.055124759674072266
10686,12,0.2448907494544983
10687,11,0.05071735382080078
10688,15,0.6483301520347595
10689,11,0.1848544478416443
10690,11,0.15721362829208374
10691,11,0.09569603204727173
10692,28,1.5708656311035156
10693,21,1.1798791885375977
10694,24,1.3929762840270996
10695,11,0.08708411455154419
10696,20,1.1486916542053223
10697,11,0.1856955885887146
10698,23,1.2934319972991943
10699,21,1.1740362644195557
10700,27,1.5077106952667236
10701,21,1.206634521484375
10702,10,-0.026692211627960205
10703,11,0.15329033136367798
10704,22,1.2766704559326172
10705,23,1.3117461204528809
10706,12,0.2527243494987488
10707,18,0.956341564655304
10708,19,1.054560899734497
10709,12,0.28856784105300903
10710,25,1.4370465278625488
10711,26,1.4636666774749756
10712,11,0.19089275598526
10713,11,0.10577481985092163
10714,9,-0.3424586057662964
10715,11,0.0764128565788269
10716,12,0.2281246781349182
10717,23,1.2957830429077148
10718,19,0.9899764657020569
10719,21,1.2013497352600098
10720,19,1.0007085800170898
10721,26,1.4594802856445312
10722,11,0.09988409280776978
10723,20,1.074120044708252
10724,10,-0.06179612874984741
10725,11,0.018744289875030518
10726,11,0.09502238035202026
10727,12,0.31633108854293823
10728,12,0.30283087491989136
10729,9,-0.3682558536529541
10730,21,1.2174606323242188
10731,9,-0.18388348817825317
10732,10,-0.16187655925750732
10733,19,1.0456733703613281
10734,24,1.3748345375061035
10735,11,0.06129580736160278
10736,17,0.8676132559776306
10737,12,0.2989606261253357
10738,10,-0.10419988632202148
10739,5,-1.3231515884399414
10740,23,1.3415119647979736
10741,21,1.1992568969726562
10742,21,1.1793217658996582
10743,11,0.0660598874092102
10744,10,-0.05826061964035034
10745,25,1.4147331714630127
10746,11,0.15549927949905396
10747,30,1.614631175994873
10748,22,1.2293636798858643
10749,14,0.5376229882240295
10750,13,0.38613420724868774
10751,10,-0.017956316471099854
10752,21,1.2116470336914062
10753,12,0.20652014017105103
10754,9,-0.20262378454208374
10755,21,1.1505179405212402
10756,25,1.4371328353881836
10757,13,0.3684820532798767
10758,21,1.2126350402832031
10759,17,0.871376097202301
10760,10,-0.01004403829574585
10761,17,0.8338947892189026
10762,17,0.8927748799324036
10763,12,0.20062857866287231
10764,22,1.280815839767456
10765,21,1.178241491317749
10766,16,0.7215787768363953
10767,11,0.1361042857170105
10768,26,1.4694886207580566
10769,18,0.8992368578910828
10770,26,1.4745149612426758
10771,14,0.5660721659660339
10772,21,1.1565897464752197
10773,12,0.23613351583480835
10774,10,-0.06956064701080322
10775,11,0.09357351064682007
10776,12,0.2952197194099426
10777,12,0.2551112771034241
10778,11,0.18614798784255981
10779,20,1.1253232955932617
10780,21,1.176044225692749
10781,10,-0.07193565368652344
10782,19,1.0446929931640625
10783,22,1.2261366844177246
10784,21,1.1628670692443848
10785,12,0.20406299829483032
10786,11,0.10534411668777466
10787,25,1.444312334060669
10788,20,1.1115798950195312
10789,22,1.2345688343048096
10790,24,1.393784523010254
10791,12,0.2202644944190979
10792,18,0.9734951853752136
10793,26,1.4606187343597412
10794,22,1.2337698936462402
10795,26,1.4803285598754883
10796,10,-0.16526716947555542
10797,7,-0.6809689402580261
10798,11,0.11007565259933472
10799,25,1.4215888977050781
10800,17,0.8498480916023254
10801,11,0.033331990242004395
10802,5,-1.3571155071258545
10803,12,0.28324633836746216
10804,11,0.1607632040977478
10805,11,0.034435808658599854
10806,5,-1.3436830043792725
10807,12,0.21788698434829712
10808,9,-0.23030930757522583
10809,17,0.89239102602005
10810,18,0.9689975380897522
10811,10,-0.13988202810287476
10812,11,0.12545353174209595
10813,11,0.05782276391983032
10814,23,1.3192758560180664
10815,19,1.059786319732666
10816,27,1.5084669589996338
10817,11,0.12416094541549683
10818,20,1.0757007598876953
10819,13,0.3638148903846741
10820,11,0.02075517177581787
10821,21,1.1843035221099854
10822,20,1.113663911819458
10823,20,1.131943702697754
10824,10,-0.008133769035339355
10825,13,0.35170501470565796
10826,19,1.005274772644043
10827,11,0.14285367727279663
10828,12,0.19865316152572632
10829,10,-0.07699042558670044
10830,11,0.0779687762260437
10831,20,1.0711524486541748
10832,19,1.0425546169281006
10833,21,1.1911826133728027
10834,10,-0.048931002616882324
10835,25,1.4410209655761719
10836,12,0.21736544370651245
10837,11,0.1394680142402649
10838,12,0.22144335508346558
10839,19,1.0237162113189697
10840,14,0.5198939442634583
10841,11,0.17516273260116577
10842,21,1.2137391567230225
10843,24,1.3983399868011475
10844,22,1.251328706741333
10845,27,1.5199174880981445
10846,16,0.775854766368866
10847,12,0.24831217527389526
10848,11,0.13139575719833374
10849,13,0.3651962876319885
10850,13,0.3959490656852722
10851,3,-1.9235732555389404
10852,17,0.8885346055030823
10853,28,1.5458853244781494
10854,11,0.12027889490127563
10855,20,1.0841312408447266
10856,20,1.089980125427246
10857,11,0.03652900457382202
10858,10,0.006586849689483643
10859,19,1.034466028213501
10860,12,0.3074032664299011
10861,12,0.32872456312179565
10862,12,0.19396334886550903
10863,19,1.039750337600708
10864,11,0.10279470682144165
10865,7,-0.7244783043861389
10866,20,1.1252985000610352
10867,12,0.2714313864707947
10868,13,0.3530883193016052
10869,13,0.33769911527633667
10870,24,1.393728256225586
10871,1,-2.7022857666015625
10872,20,1.1418795585632324
10873,15,0.6074128746986389
10874,19,1.0176188945770264
10875,28,1.5688824653625488
10876,11,0.04204672574996948
10877,11,0.17774802446365356
10878,12,0.21318453550338745
10879,18,0.9693923592567444
10880,11,0.16683250665664673
10881,18,0.9875211119651794
10882,11,0.1810423731803894
10883,18,0.9310733675956726
10884,30,1.604506015777588
10885,11,0.0546761155128479
10886,20,1.113074779510498
10887,22,1.2862401008605957
10888,18,0.9701873660087585
10889,20,1.124521017074585
10890,12,0.26048213243484497
10891,11,0.16901415586471558
10892,21,1.2107970714569092
10893,27,1.5067481994628906
10894,10,-0.06559330224990845
10895,24,1.3696823120117188
10896,21,1.1747148036956787
10897,10,-0.08930021524429321
10898,23,1.2968828678131104
10899,12,0.24000471830368042
10900,9,-0.23789674043655396
10901,27,1.513871192932129
10902,10,-0.022509515285491943
10903,11,0.02380228042602539
10904,13,0.4048087000846863
10905,14,0.5544663071632385
10906,20,1.1311564445495605
10907,27,1.5069172382354736
10908,12,0.3352472186088562
10909,2,-2.385913133621216
10910,21,1.216928482055664
10911,10,-0.08127516508102417
10912,27,1.5091552734375
10913,1,-2.841611623764038
10914,12,0.24971002340316772
10915,11,0.09225553274154663
10916,22,1.2546629905700684
10917,28,1.5715305805206299
10918,26,1.5035920143127441
10919,18,0.957728922367096
10920,12,0.2492164969444275
10921,23,1.329538106918335
10922,21,1.215592384338379
10923,18,0.986827552318573
10924,12,0.3298357129096985
10925,11,0.03525608777999878
10926,12,0.2092399001121521
10927,21,1.1862239837646484
10928,24,1.3669497966766357
10929,15,0.6540303826332092
10930,20,1.134892463684082
10931,10,6.890296936035156e-05
10932,21,1.1694746017456055
10933,11,0.1738988757133484
10934,20,1.1320991516113281
10935,11,0.17083507776260376
10936,13,0.39858299493789673
10937,13,0.4250994324684143
10938,27,1.5169105529785156
10939,11,0.14838474988937378
10940,12,0.19914907217025757
10941,11,0.11196810007095337
10942,11,0.15458446741104126
10943,24,1.3582417964935303
10944,23,1.337639570236206
10945,12,0.28223055601119995
10946,15,0.6100860238075256
10947,10,0.002750992774963379
10948,23,1.3068861961364746
10949,26,1.458364486694336
10950,11,0.11786800622940063
10951,11,0.06141120195388794
10952,12,0.29938167333602905
10953,25,1.4330742359161377
10954,26,1.4946098327636719
10955,11,0.1361902356147766
10956,11,0.07224172353744507
10957,22,1.229917049407959
10958,1,-2.757615089416504
10959,26,1.4952301979064941
10960,20,1.110170602798462
10961,19,0.9978109002113342
10962,20,1.1333048343658447
10963,18,0.9020763039588928
10964,11,0.131214439868927
10965,11,0.054645419120788574
10966,17,0.8611008524894714
10967,14,0.5673336386680603
10968,19,1.0140764713287354
10969,19,1.0388646125793457
10970,11,0.11885064840316772
10971,24,1.3983039855957031
10972,13,0.3672996163368225
10973,22,1.2669014930725098
10974,11,0.09410840272903442
10975,19,1.062779426574707
10976,22,1.2514660358428955
10977,12,0.3110654950141907
10978,10,-0.12870454788208008
10979,12,0.285987913608551
10980,21,1.1981329917907715
10981,11,0.11906963586807251
10982,12,0.24795228242874146
10983,13,0.3997665047645569
10984,10,-0.03314507007598877
10985,22,1.2384729385375977
10986,21,1.1719603538513184
10987,20,1.1207451820373535
10988,18,0.9401047825813293
10989,21,1.1746084690093994
10990,25,1.4081289768218994
10991,11,0.07947725057601929
10992,22,1.2340774536132812
10993,12,0.31404298543930054
10994,26,1.4649770259857178
10995,11,0.1183289885520935
10996,18,0.9720517992973328
10997,22,1.2886998653411865
10998,11,0.06853240728378296
10999,2,-2.3054566383361816
11000,23,1.3103077411651611
11001,20,1.1178944110870361
11002,15,0.5906813740730286
11003,28,1.5635504722595215
11004,27,1.5374259948730469
11005,11,0.12250906229019165
11006,19,1.0235724449157715
11007,17,0.8837993741035461
11008,27,1.5313444137573242
11009,12,0.2574893832206726
11010,26,1.5006399154663086
11011,23,1.3350343704223633
11012,27,1.5396006107330322
11013,11,0.03776174783706665
11014,11,0.17907530069351196
11015,27,1.5076475143432617
11016,22,1.2689456939697266
11017,11,0.1557942032814026
11018,14,0.5216198563575745
11019,18,0.9071816802024841
11020,30,1.6151368618011475
11021,11,0.18757730722427368
11022,24,1.3839848041534424
11023,25,1.4569528102874756
11024,19,0.9972968697547913
11025,19,1.061429738998413
11026,12,0.24345237016677856
11027,21,1.1705350875854492
11028,17,0.8783593773841858
11029,11,0.1737918257713318
11030,26,1.5020051002502441
11031,19,0.993660032749176
11032,12,0.23849278688430786
11033,12,0.33617180585861206
11034,26,1.4862744808197021
11035,20,1.1061761379241943
11036,27,1.5126409530639648
11037,13,0.3664202094078064
11038,25,1.424943447113037
11039,23,1.3126742839813232
11040,18,0.9319990277290344
11041,10,0.014119744300842285
11042,10,-0.004593372344970703
11043,24,1.3819022178649902
11044,12,0.27175790071487427
11045,12,0.3109131455421448
11046,11,0.05039405822753906
11047,10,0.004438579082489014
11048,11,0.19117695093154907
11049,10,-0.12664061784744263
11050,24,1.3862338066101074
11051,11,0.18107444047927856
11052,23,1.3272826671600342
11053,11,0.10797816514968872
11054,13,0.36570268869400024
11055,12,0.30210691690444946
11056,25,1.427276849746704
11057,16,0.7609246373176575
11058,11,0.13844436407089233
11059,21,1.159316062927246
11060,11,0.04614335298538208
11061,12,0.2132590413093567
11062,28,1.546907663345337
11063,11,0.12908178567886353
11064,12,0.19688564538955688
11065,11,0.18250292539596558
11066,11,0.11906832456588745
11067,23,1.2996821403503418
11068,22,1.2508056163787842
11069,28,1.57059645652771
11070,13,0.35401827096939087
11071,12,0.3258804678916931
11072,3,-2.2922935485839844
11073,13,0.3734402060508728
11074,19,1.011894702911377
11075,13,0.38501685857772827
11076,18,0.9251933693885803
11077,12,0.1999107003211975
11078,18,0.9020441174507141
11079,12,0.1986711621284485
11080,19,1.0225086212158203
11081,11,0.11765486001968384
11082,12,0.21227151155471802
11083,14,0.5848498940467834
11084,18,0.9569712281227112
11085,19,0.9977605938911438
11086,22,1.2259972095489502
11087,19,1.0286872386932373
11088,30,1.6130166053771973
11089,20,1.0742642879486084
11090,28,1.5550510883331299
11091,14,0.4986798167228699
11092,12,0.22445803880691528
11093,12,0.27467626333236694
11094,14,0.544899046421051
11095,11,0.12460702657699585
11096,18,0.9797825217247009
11097,29,1.5882818698883057
11098,11,0.1387651562690735
11099,15,0.6450899243354797
11100,12,0.33199542760849
11101,26,1.4669201374053955
11102,20,1.0736210346221924
11103,12,0.21245557069778442
11104,11,0.026959240436553955
11105,26,1.495049238204956
11106,11,0.0845981240272522
11107,21,1.1496448516845703
11108,21,1.2033329010009766
11109,12,0.2618737816810608
11110,16,0.7483659386634827
11111,13,0.4413052201271057
11112,18,0.9545322060585022
11113,13,0.3426324725151062
11114,11,0.15199536085128784
11115,22,1.2805695533752441
11116,10,-0.031835973262786865
11117,20,1.0844826698303223
11118,27,1.504580020904541
11119,22,1.2505805492401123
11120,3,-2.0912888050079346
11121,11,0.11627429723739624
11122,30,1.614626407623291
11123,28,1.5717840194702148
11124,12,0.2844887375831604
11125,12,0.19821053743362427
11126,22,1.2387194633483887
11127,19,1.0312232971191406
11128,24,1.3942551612854004
11129,22,1.2404944896697998
11130,11,0.18356174230575562
11131,12,0.29606205224990845
11132,22,1.242537021636963
11133,12,0.3222443461418152
11134,11,0.1693142056465149
11135,11,0.12879842519760132
11136,18,0.9167371392250061
11137,12,0.31807368993759155
11138,18,0.9461511969566345
11139,11,0.02669626474380493
11140,11,0.16071182489395142
11141,21,1.1910274028778076
11142,26,1.4637863636016846
11143,11,0.16327303647994995
11144,30,1.6084709167480469
11145,19,1.0228753089904785
11146,29,1.578256368637085
11147,15,0.6864061951637268
11148,11,0.17592507600784302
11149,27,1.505328893661499
11150,12,0.21358221769332886
11151,12,0.29076236486434937
11152,13,0.4280739426612854
11153,12,0.24228674173355103
11154,21,1.2151446342468262
11155,24,1.3909456729888916
11156,13,0.373160183429718
11157,12,0.280068576335907
11158,18,0.9293056130409241
11159,12,0.2909535765647888
11160,11,0.08371728658676147
11161,10,-0.02631509304046631
11162,12,0.19394737482070923
11163,26,1.4659976959228516
11164,10,-0.09046494960784912
11165,17,0.8260472416877747
11166,23,1.3087925910949707
11167,12,0.33151406049728394
11168,25,1.4243347644805908
11169,17,0.8159821629524231
11170,11,0.15548497438430786
11171,11,0.15563338994979858
11172,25,1.423572063446045
11173,12,0.28605490922927856
11174,21,1.2028963565826416
11175,20,1.1139545440673828
11176,12,0.21560651063919067
11177,12,0.3105071187019348
11178,26,1.470393180847168
11179,11,0.17883068323135376
11180,30,1.6150827407836914
11181,11,0.16315358877182007
11182,14,0.4813578724861145
11183,12,0.23579102754592896
11184,19,1.0443816184997559
11185,11,0.1270471215248108
11186,12,0.29459792375564575
11187,11,0.09107440710067749
11188,9,-0.2811647653579712
11189,12,0.2987591624259949
11190,30,1.6151912212371826
11191,21,1.1854252815246582
11192,14,0.5394944548606873
11193,25,1.430224895477295
11194,11,0.03378874063491821
11195,13,0.37907081842422485
11196,11,0.0886492133140564
11197,19,1.0243704319000244
11198,10,-0.08539628982543945
11199,18,0.9294971823692322
11200,12,0.2817522883415222
11201,11,0.07354050874710083
11202,22,1.2613096237182617
11203,9,-0.36846768856048584
11204,12,0.2648589015007019
11205,12,0.30707961320877075
11206,15,0.6156696677207947
11207,12,0.24203747510910034
11208,26,1.489994764328003
11209,16,0.7409355044364929
11210,11,0.1314714550971985
11211,20,1.1011791229248047
11212,12,0.2569742798805237
11213,25,1.447354793548584
11214,3,-1.9703493118286133
11215,7,-0.7417186498641968
11216,28,1.5534873008728027
11217,12,0.2861410975456238
11218,12,0.2008724808692932
11219,18,0.9352284073829651
11220,20,1.1096937656402588
11221,24,1.3600609302520752
11222,11,0.09249323606491089
11223,19,1.0340745449066162
11224,24,1.373462438583374
11225,13,0.3462957739830017
11226,30,1.6139600276947021
11227,13,0.46297401189804077
11228,2,-2.5147993564605713
11229,8,-0.5140223503112793
11230,22,1.2528984546661377
11231,21,1.208245038986206
11232,20,1.0958402156829834
11233,12,0.25151532888412476
11234,7,-0.6922436952590942
11235,22,1.2869997024536133
11236,11,0.09831017255783081
11237,25,1.4087347984313965
11238,13,0.40170401334762573
11239,20,1.1404259204864502
11240,12,0.27137571573257446
11241,14,0.48675209283828735
11242,17,0.8929063677787781
11243,17,0.8127806782722473
11244,27,1.524679183959961
11245,12,0.22754663228988647
11246,10,-0.02981013059616089
11247,10,-0.016312003135681152
11248,20,1.0819945335388184
11249,21,1.1611757278442383
11250,25,1.4521992206573486
11251,1,-2.8095993995666504
11252,20,1.1062288284301758
11253,13,0.3887631297111511
11254,11,0.09253150224685669
11255,13,0.36961907148361206
11256,29,1.5935637950897217
11257,25,1.4092614650726318
11258,27,1.5182363986968994
11259,22,1.2287001609802246
11260,19,1.0440278053283691
11261,25,1.4271979331970215
11262,10,-0.0016867518424987793
11263,11,0.09089559316635132
11264,23,1.3481996059417725
11265,22,1.2607955932617188
11266,12,0.31885915994644165
11267,21,1.155395269393921
11268,24,1.3881990909576416
11269,13,0.370100200176239
11270,24,1.3974359035491943
11271,13,0.4090351462364197
11272,21,1.1772956848144531
11273,12,0.2914336323738098
11274,12,0.21874183416366577
11275,12,0.2562592625617981
11276,12,0.23599523305892944
11277,20,1.1110963821411133
11278,16,0.7416358590126038
11279,12,0.27458328008651733
11280,11,0.046678245067596436
11281,13,0.3409348130226135
11282,13,0.36767488718032837
11283,12,0.2064005732536316
11284,12,0.33103877305984497
11285,24,1.3926284313201904
11286,24,1.3937053680419922
11287,27,1.508072853088379
11288,10,-0.023693382740020752
11289,21,1.1684253215789795
11290,12,0.30694419145584106
11291,12,0.2371038794517517
11292,21,1.222665548324585
11293,24,1.4018242359161377
11294,21,1.1678721904754639
11295,11,0.13853853940963745
11296,9,-0.24934428930282593
11297,12,0.27809804677963257
11298,13,0.3671627640724182
11299,5,-1.3656723499298096
11300,18,0.9220747351646423
11301,12,0.2612995505332947
11302,14,0.536383330821991
11303,24,1.3810746669769287
11304,24,1.4003992080688477
11305,12,0.21808701753616333
11306,25,1.4572758674621582
11307,25,1.4284977912902832
11308,13,0.42458873987197876
11309,22,1.2871675491333008
11310,11,0.1093783974647522
11311,21,1.1773343086242676
11312,16,0.8038879036903381
11313,26,1.4616010189056396
11314,21,1.1597156524658203
11315,12,0.23139363527297974
11316,25,1.4167454242706299
11317,14,0.5436851382255554
11318,21,1.1971511840820312
11319,12,0.30196303129196167
11320,12,0.291875422000885
11321,13,0.40932291746139526
11322,23,1.309434413909912
11323,30,1.6117053031921387
11324,26,1.4666831493377686
11325,13,0.4007592797279358
11326,28,1.5470445156097412
11327,24,1.384324312210083
11328,13,0.3673667311668396
11329,13,0.39093178510665894
11330,21,1.1815543174743652
11331,12,0.2878383994102478
11332,22,1.272491693496704
11333,18,0.9390644431114197
11334,11,0.16667813062667847
11335,12,0.3299592137336731
11336,22,1.2560627460479736
11337,25,1.4419517517089844
11338,10,-0.0146598219871521
11339,12,0.24440830945968628
11340,13,0.4270203709602356
11341,12,0.2776852250099182
11342,15,0.6565077900886536
11343,22,1.2719261646270752
11344,13,0.3370351195335388
11345,10,0.0017079710960388184
11346,12,0.33247190713882446
11347,21,1.2153065204620361
11348,18,0.9145388007164001
11349,22,1.2345900535583496
11350,28,1.5507967472076416
11351,11,0.05107539892196655
11352,12,0.19979530572891235
11353,14,0.5001829266548157
11354,11,0.1316346526145935
11355,11,0.1021224856376648
11356,28,1.5683867931365967
11357,17,0.8779264092445374
11358,11,0.10093122720718384
11359,28,1.5544676780700684
11360,12,0.23162752389907837
11361,24,1.365621566772461
11362,26,1.4941084384918213
11363,21,1.1737570762634277
11364,14,0.5352988839149475
11365,11,0.03341716527938843
11366,12,0.33071309328079224
11367,12,0.2035650610923767
11368,14,0.5422685742378235
11369,20,1.1146728992462158
11370,29,1.5819365978240967
11371,21,1.2159039974212646
11372,11,0.050676941871643066
11373,12,0.2736080288887024
11374,11,0.06046396493911743
11375,21,1.1509814262390137
11376,12,0.22851139307022095
11377,20,1.0872657299041748
11378,20,1.080289602279663
11379,4,-1.6319329738616943
11380,21,1.1670637130737305
11381,20,1.0956752300262451
11382,12,0.31346791982650757
11383,11,0.15354198217391968
11384,12,0.21042853593826294
11385,11,0.1273975968360901
11386,13,0.3880975842475891
11387,11,0.17321938276290894
11388,10,-0.04144716262817383
11389,21,1.1513113975524902
11390,12,0.32239192724227905
11391,12,0.24287134408950806
11392,12,0.28791171312332153
11393,12,0.31057673692703247
11394,11,0.19270581007003784
11395,23,1.331918478012085
11396,25,1.4144997596740723
11397,21,1.2193963527679443
11398,12,0.3016292452812195
11399,21,1.1516242027282715
11400,13,0.4105808138847351
11401,19,1.035090446472168
11402,21,1.2004683017730713
11403,23,1.3334391117095947
11404,19,1.0084469318389893
11405,11,0.10441631078720093
11406,29,1.5846667289733887
11407,11,0.16789859533309937
11408,11,0.12544149160385132
11409,11,0.11638063192367554
11410,13,0.3885219693183899
11411,30,1.6019325256347656
11412,11,0.11154884099960327
11413,11,0.18574243783950806
11414,17,0.8531541228294373
11415,21,1.1984457969665527
11416,18,0.9025768637657166
11417,13,0.33978384733200073
11418,12,0.3292486071586609
11419,18,0.9734428524971008
11420,11,0.10493272542953491
11421,13,0.38622814416885376
11422,11,0.18788224458694458
11423,21,1.1762659549713135
11424,11,0.1683226227760315
11425,20,1.1212420463562012
11426,24,1.40401291847229
11427,20,1.1364927291870117
11428,18,0.9604236483573914
11429,21,1.196155309677124
11430,12,0.21849578619003296
11431,10,-0.0861731767654419
11432,11,0.12388581037521362
11433,15,0.6720004677772522
11434,12,0.27814429998397827
11435,13,0.36481302976608276
11436,22,1.255941390991211
11437,19,1.0442380905151367
11438,10,-0.0008614063262939453
11439,13,0.42005616426467896
11440,23,1.3405158519744873
11441,15,0.6580061316490173
11442,27,1.5326085090637207
11443,19,1.0576765537261963
11444,13,0.37272244691848755
11445,13,0.4185580611228943
11446,22,1.2486417293548584
11447,12,0.24250191450119019
11448,24,1.3839738368988037
11449,21,1.1512260437011719
11450,27,1.5348987579345703
11451,11,0.09267264604568481
11452,17,0.8953599333763123
11453,11,0.08072108030319214
11454,13,0.37208908796310425
11455,22,1.2647569179534912
11456,12,0.2573702931404114
11457,21,1.1816718578338623
11458,19,1.0268700122833252
11459,13,0.3373273015022278
11460,25,1.4452481269836426
11461,12,0.33205264806747437
11462,13,0.3629559874534607
11463,11,0.18042951822280884
11464,20,1.1398346424102783
11465,5,-1.3395386934280396
11466,20,1.102860927581787
11467,22,1.24202561378479
11468,4,-1.7487090826034546
11469,23,1.3022816181182861
11470,10,-0.0205380916595459
11471,12,0.32212013006210327
11472,26,1.4883675575256348
11473,12,0.29913395643234253
11474,17,0.8083898425102234
11475,12,0.26497548818588257
11476,17,0.8636041283607483
11477,27,1.5350043773651123
11478,11,0.08625394105911255
11479,1,-2.7670698165893555
11480,11,0.1236143708229065
11481,12,0.26390761137008667
11482,12,0.19475263357162476
11483,12,0.21634703874588013
11484,12,0.19579273462295532
11485,28,1.5549211502075195
11486,18,0.9222231507301331
11487,21,1.2242350578308105
11488,12,0.29817789793014526
11489,12,0.2539147734642029
11490,13,0.4420906901359558
11491,13,0.3668903708457947
11492,12,0.19344371557235718
11493,30,1.610008716583252
11494,12,0.2984157204627991
11495,20,1.145691156387329
11496,12,0.29670077562332153
11497,12,0.20603150129318237
11498,12,0.2208743691444397
11499,19,0.9995413422584534
11500,22,1.2895722389221191
11501,30,1.614206314086914
11502,21,1.1658620834350586
11503,13,0.4557446837425232
11504,11,0.18211394548416138
11505,18,0.9596388936042786
11506,23,1.320427417755127
11507,12,0.29012078046798706
11508,12,0.33497124910354614
11509,13,0.3383604884147644
11510,12,0.24040991067886353
11511,18,0.9108204245567322
11512,2,-2.3863155841827393
11513,29,1.5758123397827148
11514,12,0.297651469707489
11515,13,0.36076027154922485
11516,21,1.1836059093475342
11517,12,0.23344749212265015
11518,26,1.47735595703125
11519,14,0.5046259760856628
11520,12,0.19429868459701538
11521,13,0.3765503764152527
11522,25,1.4357738494873047
11523,28,1.5527899265289307
11524,12,0.27311545610427856
11525,13,0.42823702096939087
11526,11,0.10040992498397827
11527,30,1.6130292415618896
11528,19,1.0566339492797852
11529,28,1.543154239654541
11530,21,1.1555445194244385
11531,24,1.3716754913330078
11532,12,0.19919532537460327
11533,24,1.3701417446136475
11534,12,0.29202908277511597
11535,19,1.0464622974395752
11536,25,1.45440673828125
11537,18,0.9497374892234802
11538,21,1.1654901504516602
11539,15,0.6874698996543884
11540,12,0.19723087549209595
11541,23,1.3244578838348389
11542,11,0.08578449487686157
11543,10,-0.07792282104492188
11544,25,1.4171242713928223
11545,21,1.1774652004241943
11546,27,1.5333421230316162
11547,13,0.3384614586830139
11548,21,1.1592893600463867
11549,24,1.3927648067474365
11550,30,1.612015962600708
11551,13,0.35617560148239136
11552,26,1.468151569366455
11553,20,1.1065969467163086
11554,19,1.0282378196716309
11555,19,1.003218173980713
11556,20,1.0951733589172363
11557,13,0.4386522173881531
11558,27,1.5417490005493164
11559,30,1.6046390533447266
11560,13,0.35255903005599976
11561,25,1.4447605609893799
11562,23,1.3082714080810547
11563,28,1.567227840423584
11564,11,0.04475212097167969
11565,21,1.2086257934570312
11566,2,-2.6850228309631348
11567,14,0.5178326964378357
11568,23,1.3111097812652588
11569,15,0.6116048693656921
11570,20,1.1022109985351562
11571,21,1.1882374286651611
11572,17,0.8315714001655579
11573,21,1.1772081851959229
11574,11,0.07190722227096558
11575,10,-0.020932137966156006
11576,13,0.416093647480011
11577,12,0.21607178449630737
11578,25,1.4271583557128906
11579,12,0.272840678691864
11580,11,0.18059831857681274
11581,13,0.38090330362319946
11582,28,1.5651285648345947
11583,11,0.11743682622909546
11584,14,0.4880078434944153
11585,13,0.36837273836135864
11586,28,1.5716543197631836
11587,12,0.30877071619033813
11588,13,0.35440653562545776
11589,12,0.22684019804000854
11590,28,1.5621981620788574
11591,12,0.3028941750526428
11592,18,0.9536746144294739
11593,13,0.3493139147758484
11594,12,0.3012140393257141
11595,12,0.26195138692855835
11596,18,0.9634835124015808
11597,21,1.2102470397949219
11598,11,0.17280179262161255
11599,15,0.6739127039909363
11600,23,1.2959156036376953
11601,12,0.2988014817237854
11602,12,0.29986029863357544
11603,30,1.6046652793884277
11604,17,0.8270086646080017
11605,12,0.2008783221244812
11606,5,-1.4196796417236328
11607,11,0.09347468614578247
11608,13,0.43821078538894653
11609,13,0.4469214081764221
11610,13,0.34082263708114624
11611,21,1.1542949676513672
11612,12,0.1989724040031433
11613,12,0.2856835722923279
11614,24,1.3581161499023438
11615,12,0.2759031653404236
11616,29,1.5753467082977295
11617,21,1.1496024131774902
11618,12,0.2830391526222229
11619,15,0.6691058278083801
11620,13,0.3511502146720886
11621,20,1.1110477447509766
11622,17,0.8917372822761536
11623,14,0.5337496399879456
11624,17,0.8914943337440491
11625,28,1.5703504085540771
11626,13,0.3776952624320984
11627,13,0.3478274941444397
11628,29,1.5968384742736816
11629,19,1.001279354095459
11630,11,0.10816818475723267
11631,13,0.43421393632888794
11632,12,0.2988181710243225
11633,12,0.31571704149246216
11634,24,1.3798727989196777
11635,25,1.4344053268432617
11636,15,0.5865775942802429
11637,29,1.5973131656646729
11638,29,1.5802674293518066
11639,29,1.5935943126678467
11640,13,0.4373018145561218
11641,12,0.29755085706710815
11642,12,0.31748610734939575
11643,30,1.6136987209320068
11644,24,1.3924224376678467
11645,13,0.36070841550827026
11646,29,1.5749197006225586
11647,6,-0.9944199919700623
11648,23,1.2911450862884521
11649,22,1.2832558155059814
11650,12,0.2695314288139343
11651,12,0.23993557691574097
11652,13,0.33750003576278687
11653,12,0.31979721784591675
11654,19,1.0084033012390137
11655,12,0.3315688967704773
11656,13,0.3574764132499695
11657,23,1.3183116912841797
11658,27,1.5383763313293457
11659,20,1.0787758827209473
11660,13,0.3507264256477356
11661,12,0.23478323221206665
11662,12,0.30036598443984985
11663,13,0.45675522089004517
11664,13,0.3925028443336487
11665,26,1.4810712337493896
11666,14,0.5082605481147766
11667,13,0.3389098048210144
11668,22,1.2642900943756104
11669,21,1.2118582725524902
11670,25,1.453345537185669
11671,13,0.3515574336051941
11672,12,0.3254551291465759
11673,21,1.1889135837554932
11674,23,1.3425590991973877
11675,21,1.1824827194213867
11676,24,1.367495059967041
11677,11,0.12451094388961792
11678,12,0.26522988080978394
11679,19,1.0135657787322998
11680,20,1.1492159366607666
11681,17,0.8431939482688904
11682,21,1.1567389965057373
11683,13,0.3561243414878845
11684,6,-1.0433670282363892
11685,13,0.3424767851829529
11686,21,1.1799571514129639
11687,19,1.0544047355651855
11688,12,0.21688348054885864
11689,12,0.21244770288467407
11690,14,0.5263038277626038
11691,10,-0.06469851732254028
11692,12,0.25544053316116333
11693,10,-0.1118515133857727
11694,12,0.318586528301239
11695,27,1.5180611610412598
11696,28,1.5620369911193848
11697,26,1.5033166408538818
11698,12,0.32333511114120483
11699,16,0.7588708996772766
11700,13,0.344635546207428
11701,19,0.9965059161186218
11702,22,1.2786200046539307
11703,3,-2.274779796600342
11704,26,1.4739189147949219
11705,20,1.0999693870544434
11706,13,0.41692739725112915
11707,16,0.7792009711265564
11708,21,1.2069599628448486
11709,27,1.5047523975372314
11710,13,0.39596301317214966
11711,26,1.4973154067993164
11712,12,0.27648645639419556
11713,12,0.21278053522109985
11714,29,1.575026035308838
11715,13,0.41989725828170776
11716,12,0.28017526865005493
11717,24,1.360518455505371
11718,12,0.2141985297203064
11719,13,0.42097359895706177
11720,14,0.4821012616157532
11721,27,1.5406560897827148
11722,11,0.11751288175582886
11723,13,0.35216981172561646
11724,26,1.500422716140747
11725,23,1.3236608505249023
11726,16,0.6975166201591492
11727,23,1.307060718536377
11728,13,0.36565572023391724
11729,13,0.42439156770706177
11730,28,1.5456194877624512
11731,5,-1.3831415176391602
11732,26,1.4623432159423828
11733,13,0.4348065257072449
11734,12,0.3288026452064514
11735,12,0.2348899245262146
11736,23,1.3405823707580566
11737,12,0.3058425784111023
11738,10,-0.0011851191520690918
11739,24,1.3745841979980469
11740,24,1.385265827178955
11741,13,0.4342276453971863
11742,12,0.23189705610275269
11743,11,0.11914950609207153
11744,13,0.4581356644630432
11745,25,1.4185912609100342
11746,12,0.3014909625053406
11747,20,1.138634443283081
11748,18,0.9492401480674744
11749,12,0.30631154775619507
11750,15,0.6620311141014099
11751,13,0.4521246552467346
11752,27,1.5316333770751953
11753,23,1.2995004653930664
11754,19,1.0298149585723877
11755,27,1.5357396602630615
11756,23,1.3096568584442139
11757,26,1.482140302658081
11758,10,-0.03953677415847778
11759,20,1.112846851348877
11760,17,0.8456873297691345
11761,12,0.2999618649482727
11762,11,0.11582189798355103
11763,27,1.5155916213989258
11764,13,0.4034443497657776
11765,21,1.1905713081359863
11766,23,1.2939927577972412
11767,13,0.3767222762107849
11768,14,0.5138170123100281
11769,22,1.2575979232788086
11770,14,0.5439782738685608
11771,12,0.315121591091156
11772,19,0.9979445338249207
11773,12,0.2791065573692322
11774,12,0.3206002116203308
11775,14,0.5247823596000671
11776,13,0.40568214654922485
11777,20,1.1192138195037842
11778,21,1.2009732723236084
11779,22,1.253525972366333
11780,14,0.5373300909996033
11781,2,-2.686302661895752
11782,11,0.1464408040046692
11783,3,-1.9800324440002441
11784,21,1.1953825950622559
11785,10,-0.03512418270111084
11786,20,1.1033525466918945
11787,13,0.37367159128189087
11788,12,0.2889595627784729
11789,12,0.2872270941734314
11790,20,1.1272459030151367
11791,1,-2.821340799331665
11792,22,1.2378339767456055
11793,30,1.6139812469482422
11794,12,0.21222764253616333
11795,1,-2.8411014080047607
11796,20,1.1435253620147705
11797,12,0.24547451734542847
11798,24,1.3483812808990479
11799,13,0.4352642893791199
11800,25,1.4494869709014893
11801,23,1.344003677368164
11802,12,0.1980913281440735
11803,22,1.2758851051330566
11804,10,-0.1482899785041809
11805,16,0.6984588503837585
11806,11,0.040490686893463135
11807,15,0.6959413886070251
11808,20,1.0762102603912354
11809,12,0.3084375262260437
11810,26,1.489151954650879
11811,25,1.4378139972686768
11812,12,0.23155063390731812
11813,19,1.0408015251159668
11814,10,-0.014895737171173096
11815,12,0.321746289730072
11816,13,0.40370815992355347
11817,21,1.1861653327941895
11818,20,1.096252679824829
11819,12,0.2264372706413269
11820,14,0.49958163499832153
11821,16,0.7065126299858093
11822,12,0.3287511467933655
11823,12,0.2776537537574768
11824,25,1.4165780544281006
11825,14,0.4859219193458557
11826,23,1.3472533226013184
11827,18,0.972039520740509
11828,28,1.556873083114624
11829,13,0.35360878705978394
11830,13,0.38094180822372437
11831,21,1.1547420024871826
11832,27,1.5356152057647705
11833,20,1.1375696659088135
11834,25,1.4547274112701416
11835,13,0.4159243702888489
11836,20,1.1224455833435059
11837,23,1.3116328716278076
11838,12,0.27194446325302124
11839,9,-0.18970811367034912
11840,11,0.14939016103744507
11841,12,0.2870892882347107
11842,13,0.3753843903541565
11843,28,1.554016351699829
11844,17,0.8898636698722839
11845,13,0.39787453413009644
11846,12,0.2715449929237366
11847,13,0.340273916721344
11848,23,1.3407843112945557
11849,13,0.3770495057106018
11850,13,0.3661952614784241
11851,13,0.4619576334953308
11852,28,1.5481061935424805
11853,24,1.3803236484527588
11854,12,0.2570483088493347
11855,26,1.465390920639038
11856,13,0.4198710322380066
11857,30,1.6151678562164307
11858,26,1.4798033237457275
11859,14,0.510211169719696
11860,22,1.2394931316375732
11861,12,0.3027133345603943
11862,23,1.3171298503875732
11863,30,1.6017475128173828
11864,22,1.271867275238037
11865,2,-2.595858335494995
11866,16,0.7408841252326965
11867,11,0.07555252313613892
11868,25,1.4326000213623047
11869,13,0.3458942770957947
11870,30,1.6093952655792236
11871,13,0.34198445081710815
11872,12,0.22525209188461304
11873,20,1.1243536472320557
11874,22,1.2707812786102295
11875,12,0.3244480490684509
11876,10,-0.03021097183227539
11877,25,1.4508256912231445
11878,20,1.096435546875
11879,13,0.3518633246421814
11880,30,1.614304542541504
11881,22,1.2588045597076416
11882,16,0.7932159304618835
11883,23,1.2969326972961426
11884,14,0.46731501817703247
11885,11,0.13469523191452026
11886,3,-1.847666621208191
11887,13,0.43280738592147827
11888,14,0.5126782059669495
11889,13,0.3503698706626892
11890,27,1.5094270706176758
11891,13,0.42697960138320923
11892,11,0.1743122935295105
11893,10,-0.0009286999702453613
11894,22,1.2570436000823975
11895,12,0.23621267080307007
11896,13,0.44563716650009155
11897,20,1.1120226383209229
11898,12,0.3319632411003113
11899,25,1.4341909885406494
11900,24,1.3548967838287354
11901,20,1.0698812007904053
11902,14,0.5234244465827942
11903,26,1.4971566200256348
11904,17,0.8845183253288269
11905,20,1.0708379745483398
11906,10,-0.009897112846374512
11907,25,1.4115397930145264
11908,21,1.1942319869995117
11909,12,0.2865949273109436
11910,23,1.3053004741668701
11911,18,0.9162744879722595
11912,21,1.1585781574249268
11913,26,1.4670960903167725
11914,21,1.1819484233856201
11915,5,-1.2529691457748413
11916,12,0.23698145151138306
11917,12,0.22309893369674683
11918,14,0.5788093209266663
11919,27,1.5137429237365723
11920,22,1.2566704750061035
11921,11,0.19257241487503052
11922,26,1.4594404697418213
11923,13,0.4164385199546814
11924,14,0.5373936295509338
11925,20,1.0781030654907227
11926,13,0.3648393750190735
11927,12,0.2845523953437805
11928,28,1.544753074645996
11929,23,1.3211688995361328
11930,22,1.267369031906128
11931,13,0.4574630856513977
11932,22,1.2468466758728027
11933,14,0.522686779499054
11934,13,0.44195884466171265
11935,13,0.3653866648674011
11936,13,0.3378996253013611
11937,14,0.521380603313446
11938,29,1.5779712200164795
11939,22,1.237511157989502
11940,12,0.2490132451057434
11941,12,0.2457466721534729
11942,9,-0.2035800814628601
11943,12,0.2630240321159363
11944,14,0.5652808547019958
11945,25,1.4471278190612793
11946,13,0.4551801085472107
11947,22,1.2700695991516113
11948,13,0.3400586247444153
11949,12,0.32575803995132446
11950,26,1.4974305629730225
11951,15,0.6357185244560242
11952,20,1.1177456378936768
11953,15,0.664168655872345
11954,12,0.30029362440109253
11955,15,0.6470500826835632
11956,12,0.32052451372146606
11957,21,1.2039761543273926
11958,13,0.39220982789993286
11959,24,1.398144245147705
11960,20,1.1180226802825928
11961,23,1.3053405284881592
11962,23,1.3416247367858887
11963,24,1.372041940689087
11964,12,0.32196885347366333
11965,20,1.120518684387207
11966,20,1.0987391471862793
11967,26,1.4649004936218262
11968,25,1.4196786880493164
11969,21,1.169212818145752
11970,24,1.382432222366333
11971,13,0.35516494512557983
11972,13,0.3497740626335144
11973,11,0.10662513971328735
11974,30,1.6144039630889893
11975,13,0.3985082507133484
11976,1,-2.7684452533721924
11977,13,0.34854644536972046
11978,12,0.23096662759780884
11979,12,0.22708827257156372
11980,23,1.2945022583007812
11981,12,0.23458045721054077
11982,21,1.1681480407714844
11983,22,1.2793774604797363
11984,13,0.37433940172195435
11985,9,-0.36571258306503296
11986,12,0.20355528593063354
11987,27,1.5393354892730713
11988,14,0.5803214907646179
11989,12,0.288513720035553
11990,21,1.193114995956421
11991,21,1.1834454536437988
11992,27,1.538722038269043
11993,21,1.221113681793213
11994,1,-2.841644048690796
11995,21,1.1939103603363037
11996,22,1.238706111907959
11997,13,0.3508678078651428
11998,25,1.4349820613861084
11999,3,-2.2499754428863525
12000,11,0.14585930109024048
12001,25,1.4114296436309814
12002,14,0.581946074962616
12003,11,0.12931960821151733
12004,27,1.5423924922943115
12005,24,1.3699047565460205
12006,14,0.5015221238136292
12007,21,1.170738935470581
12008,22,1.2884862422943115
12009,21,1.2167165279388428
12010,13,0.3658711314201355
12011,18,0.9301667809486389
12012,21,1.1615548133850098
12013,14,0.46676260232925415
12014,24,1.3946101665496826
12015,5,-1.4120535850524902
12016,25,1.4536383152008057
12017,13,0.38714057207107544
12018,26,1.4799761772155762
12019,14,0.5244510769844055
12020,23,1.3327076435089111
12021,22,1.2590477466583252
12022,12,0.3098669648170471
12023,28,1.5464434623718262
12024,22,1.289433240890503
12025,12,0.2962384819984436
12026,26,1.4703683853149414
12027,22,1.2853310108184814
12028,13,0.3830994963645935
12029,13,0.39938777685165405
12030,21,1.218177318572998
12031,12,0.3062068819999695
12032,12,0.30017226934432983
12033,14,0.4944620728492737
12034,21,1.2185468673706055
12035,24,1.3645203113555908
12036,12,0.21938759088516235
12037,23,1.3094136714935303
12038,13,0.363009512424469
12039,22,1.2316608428955078
12040,13,0.39345651865005493
12041,22,1.2781195640563965
12042,20,1.0765135288238525
12043,12,0.25542348623275757
12044,12,0.2468910813331604
12045,14,0.533283531665802
12046,13,0.4508576989173889
12047,9,-0.31995248794555664
12048,11,0.08769220113754272
12049,17,0.8749977946281433
12050,12,0.23450082540512085
12051,13,0.3376311659812927
12052,13,0.35915619134902954
12053,10,-0.13448470830917358
12054,11,0.12421637773513794
12055,23,1.3290865421295166
12056,21,1.1974785327911377
12057,13,0.4639437794685364
12058,24,1.3690340518951416
12059,12,0.32803457975387573
12060,29,1.5914580821990967
12061,28,1.5517640113830566
12062,26,1.4967875480651855
12063,26,1.4995975494384766
12064,15,0.6710687279701233
12065,11,0.16658347845077515
12066,13,0.3647385239601135
12067,21,1.150313138961792
12068,20,1.0972557067871094
12069,23,1.2903625965118408
12070,12,0.2524837851524353
12071,20,1.075444221496582
12072,15,0.6001413464546204
12073,27,1.5317587852478027
12074,13,0.3848801255226135
12075,14,0.4669361710548401
12076,12,0.3122180104255676
12077,11,0.1768288016319275
12078,14,0.5771740078926086
12079,22,1.230788230895996
12080,14,0.5537617802619934
12081,20,1.1294617652893066
12082,12,0.20310550928115845
12083,12,0.19536644220352173
12084,15,0.6145986914634705
12085,14,0.5304917693138123
12086,28,1.553847312927246
12087,15,0.657528817653656
12088,20,1.1109166145324707
12089,30,1.613804578781128
12090,27,1.5317025184631348
12091,14,0.4791119694709778
12092,22,1.2608625888824463
12093,14,0.5616829991340637
12094,17,0.809441864490509
12095,8,-0.5267900228500366
12096,14,0.5322638154029846
12097,11,0.10420042276382446
12098,22,1.245136022567749
12099,14,0.4741972088813782
12100,14,0.5257999300956726
12101,26,1.4762442111968994
12102,11,0.0327223539352417
12103,11,0.18922072649002075
12104,22,1.2666547298431396
12105,30,1.6094863414764404
12106,19,0.9927296042442322
12107,21,1.2192180156707764
12108,26,1.478905200958252
12109,26,1.5036852359771729
12110,23,1.3143408298492432
12111,25,1.4314124584197998
12112,1,-2.801090717315674
12113,26,1.4802684783935547
12114,15,0.6584582924842834
12115,23,1.2976253032684326
12116,20,1.101365566253662
12117,23,1.2998027801513672
12118,28,1.5508852005004883
12119,13,0.38169437646865845
12120,13,0.3403399586677551
12121,4,-1.4573705196380615
12122,14,0.5205374360084534
12123,14,0.4912254214286804
12124,12,0.2627500891685486
12125,24,1.3934276103973389
12126,22,1.2373390197753906
12127,20,1.112678050994873
12128,27,1.5163118839263916
12129,20,1.105724573135376
12130,23,1.303837776184082
12131,13,0.34147220849990845
12132,21,1.1782104969024658
12133,22,1.2467515468597412
12134,26,1.4599111080169678
12135,19,1.0150058269500732
12136,13,0.4205666184425354
12137,21,1.2224197387695312
12138,15,0.6557592749595642
12139,10,-0.062487900257110596
12140,12,0.24507325887680054
12141,6,-0.9043393135070801
12142,13,0.4662488102912903
12143,21,1.1810874938964844
12144,21,1.1702115535736084
12145,13,0.3418840765953064
12146,23,1.295396327972412
12147,28,1.5615272521972656
12148,12,0.2749742865562439
12149,13,0.36420637369155884
12150,15,0.6494316458702087
12151,19,1.010538101196289
12152,12,0.2505362629890442
12153,25,1.446730375289917
12154,13,0.35733240842819214
12155,13,0.3444928526878357
12156,14,0.5707815289497375
12157,11,0.1896345019340515
12158,28,1.5445096492767334
12159,13,0.36723071336746216
12160,14,0.4723767638206482
12161,28,1.5455646514892578
12162,24,1.3974010944366455
12163,22,1.2529478073120117
12164,13,0.4657737612724304
12165,12,0.31724315881729126
12166,13,0.3976944088935852
12167,28,1.560865879058838
12168,15,0.6119740605354309
12169,10,-0.10865479707717896
12170,21,1.198758840560913
12171,20,1.0812416076660156
12172,13,0.4020344614982605
12173,20,1.1452882289886475
12174,13,0.3914371132850647
12175,28,1.551567792892456
12176,13,0.4116749167442322
12177,30,1.6105217933654785
12178,11,0.10163551568984985
12179,21,1.1510038375854492
12180,23,1.3294870853424072
12181,24,1.349966049194336
12182,12,0.24977391958236694
12183,14,0.49390798807144165
12184,14,0.5243850350379944
12185,14,0.5239928364753723
12186,12,0.2738627791404724
12187,15,0.6121140122413635
12188,19,1.0232043266296387
12189,10,0.005801081657409668
12190,15,0.6903846859931946
12191,21,1.2210462093353271
12192,18,0.9348770976066589
12193,12,0.319200336933136
12194,14,0.5133712887763977
12195,30,1.6140193939208984
12196,23,1.322166919708252
12197,30,1.6135437488555908
12198,27,1.5374860763549805
12199,14,0.46635252237319946
12200,22,1.2289519309997559
12201,26,1.4662141799926758
12202,19,1.0542426109313965
12203,12,0.2981014847755432
12204,20,1.100414752960205
12205,12,0.28467315435409546
12206,13,0.4028567671775818
12207,13,0.40642887353897095
12208,16,0.7061311602592468
12209,14,0.4871681332588196
12210,14,0.4849693179130554
12211,22,1.272273063659668
12212,13,0.46480685472488403
12213,18,0.9132665991783142
12214,12,0.23103398084640503
12215,15,0.5930224061012268
12216,24,1.403459072113037
12217,14,0.47988659143447876
12218,12,0.32462018728256226
12219,13,0.3658612370491028
12220,21,1.1852102279663086
12221,21,1.157245397567749
12222,12,0.26864510774612427
12223,13,0.3543015122413635
12224,11,0.05975538492202759
12225,26,1.5039398670196533
12226,13,0.4486772418022156
12227,24,1.3981881141662598
12228,21,1.2117507457733154
12229,21,1.197760820388794
12230,14,0.49116212129592896
12231,12,0.27075332403182983
12232,15,0.6288221478462219
12233,23,1.3246307373046875
12234,30,1.6018693447113037
12235,30,1.6142451763153076
12236,8,-0.4813072681427002
12237,12,0.30323272943496704
12238,18,0.9607251286506653
12239,14,0.4830031991004944
12240,14,0.5125619769096375
12241,12,0.2592150568962097
12242,13,0.43915098905563354
12243,2,-2.339083433151245
12244,12,0.32252877950668335
12245,28,1.5595321655273438
12246,20,1.1181166172027588
12247,14,0.5393961071968079
12248,14,0.510389506816864
12249,13,0.36827927827835083
12250,21,1.1730217933654785
12251,12,0.253132164478302
12252,12,0.28723782300949097
12253,20,1.1235380172729492
12254,21,1.1581931114196777
12255,27,1.5353622436523438
12256,26,1.4704527854919434
12257,26,1.4585766792297363
12258,13,0.38787132501602173
12259,19,1.004540205001831
12260,30,1.6004648208618164
12261,15,0.6002985835075378
12262,13,0.4262605309486389
12263,4,-1.7781543731689453
12264,23,1.3197052478790283
12265,13,0.3587886691093445
12266,28,1.5605278015136719
12267,22,1.2567987442016602
12268,14,0.5264554619789124
12269,21,1.153792142868042
12270,23,1.3261728286743164
12271,14,0.5832555890083313
12272,7,-0.6903989315032959
12273,13,0.3453903794288635
12274,26,1.5027294158935547
12275,13,0.4503571391105652
12276,19,1.0576815605163574
12277,13,0.43850618600845337
12278,25,1.4266879558563232
12279,27,1.5400958061218262
12280,25,1.4257445335388184
12281,13,0.38508373498916626
12282,21,1.1607890129089355
12283,27,1.5221025943756104
12284,24,1.388005256652832
12285,22,1.2506046295166016
12286,13,0.3636801838874817
12287,30,1.614349365234375
12288,12,0.30247944593429565
12289,21,1.200242519378662
12290,14,0.5333272814750671
12291,15,0.6349138617515564
12292,11,0.12451332807540894
12293,14,0.4864874482154846
12294,14,0.4739329218864441
12295,27,1.505216360092163
12296,21,1.1727771759033203
12297,13,0.37973397970199585
12298,22,1.2313816547393799
12299,12,0.32653194665908813
12300,13,0.39152079820632935
12301,27,1.505791187286377
12302,18,0.9693353772163391
12303,22,1.2331554889678955
12304,12,0.335136353969574
12305,26,1.4911043643951416
12306,23,1.3337819576263428
12307,12,0.25578612089157104
12308,13,0.4342884421348572
12309,19,1.0206644535064697
12310,14,0.5034195780754089
12311,21,1.2185461521148682
12312,18,0.9729730486869812
12313,26,1.5037152767181396
12314,25,1.4526762962341309
12315,5,-1.1428122520446777
12316,14,0.5270331501960754
12317,19,0.9880754351615906
12318,12,0.2840602993965149
12319,10,-0.10893791913986206
12320,23,1.3009543418884277
12321,24,1.3551394939422607
12322,12,0.29981034994125366
12323,25,1.4202117919921875
12324,27,1.524463176727295
12325,24,1.371910810470581
12326,12,0.28628700971603394
12327,13,0.4194335341453552
12328,13,0.36787813901901245
12329,19,1.0470142364501953
12330,12,0.29378777742385864
12331,15,0.6449851393699646
12332,24,1.372758388519287
12333,13,0.37805360555648804
12334,16,0.7926437258720398
12335,27,1.5087652206420898
12336,20,1.1107323169708252
12337,22,1.2355530261993408
12338,26,1.4629719257354736
12339,21,1.1742560863494873
12340,13,0.4311686158180237
12341,28,1.5689184665679932
12342,13,0.3956001400947571
12343,15,0.624784529209137
12344,12,0.30409544706344604
12345,14,0.5196121335029602
12346,21,1.222428560256958
12347,15,0.6276895403862
12348,27,1.5244228839874268
12349,19,1.0346837043762207
12350,22,1.2844839096069336
12351,11,0.12321799993515015
12352,26,1.4932136535644531
12353,14,0.5089471936225891
12354,19,1.0202407836914062
12355,21,1.1546831130981445
12356,14,0.49478739500045776
12357,23,1.326840877532959
12358,24,1.3551340103149414
12359,12,0.28816884756088257
12360,21,1.198033332824707
12361,22,1.225539207458496
12362,18,0.9735210537910461
12363,13,0.41349726915359497
12364,17,0.8667903542518616
12365,12,0.31815654039382935
12366,13,0.3898913264274597
12367,27,1.5361297130584717
12368,19,1.0434775352478027
12369,13,0.397513210773468
12370,13,0.36518150568008423
12371,12,0.2883300185203552
12372,14,0.49183064699172974
12373,27,1.5113120079040527
12374,26,1.496654987335205
12375,14,0.5183618664741516
12376,26,1.4831047058105469
12377,27,1.5219600200653076
12378,13,0.3494139313697815
12379,14,0.5487697720527649
12380,24,1.3539645671844482
12381,24,1.375741958618164
12382,24,1.403794765472412
12383,22,1.2731902599334717
12384,14,0.5535187125205994
12385,22,1.2593283653259277
12386,14,0.5744362473487854
12387,13,0.34398871660232544
12388,20,1.1411223411560059
12389,14,0.5557482838630676
12390,23,1.296173334121704
12391,21,1.1606411933898926
12392,21,1.1633765697479248
12393,14,0.46840721368789673
12394,13,0.4014356732368469
12395,29,1.5998263359069824
12396,22,1.2601213455200195
12397,14,0.48291128873825073
12398,27,1.532895803451538
12399,14,0.47212451696395874
12400,25,1.4475221633911133
12401,12,0.32166773080825806
12402,12,0.24977141618728638
12403,14,0.5505444407463074
12404,15,0.6127722859382629
12405,13,0.4558197855949402
12406,14,0.5637274384498596
12407,14,0.4920235276222229
12408,19,1.0045456886291504
12409,24,1.402115821838379
12410,21,1.1751654148101807
12411,13,0.43291229009628296
12412,14,0.48866087198257446
12413,12,0.28275448083877563
12414,13,0.36044663190841675
12415,23,1.2978975772857666
12416,26,1.4896478652954102
12417,20,1.1336612701416016
12418,22,1.2740533351898193
12419,24,1.3549165725708008
12420,13,0.3449839949607849
12421,14,0.4819560647010803
12422,12,0.3321262001991272
12423,14,0.5790943503379822
12424,12,0.32567280530929565
12425,12,0.2182808518409729
12426,12,0.33430129289627075
12427,15,0.6314193606376648
12428,13,0.4472033381462097
12429,3,-2.046004056930542
12430,13,0.40952402353286743
12431,5,-1.195650339126587
12432,22,1.287121295928955
12433,25,1.4231517314910889
12434,30,1.6110131740570068
12435,28,1.5617151260375977
12436,30,1.6082909107208252
12437,14,0.5771624445915222
12438,26,1.5013890266418457
12439,23,1.326639175415039
12440,14,0.5134435296058655
12441,22,1.2549915313720703
12442,29,1.5760424137115479
12443,22,1.2824552059173584
12444,25,1.4093377590179443
12445,2,-2.6136269569396973
12446,13,0.4099387526512146
12447,25,1.4264960289001465
12448,18,0.9735791087150574
12449,22,1.2321016788482666
12450,21,1.1844964027404785
12451,24,1.3594601154327393
12452,20,1.1491484642028809
12453,13,0.4469216465950012
12454,11,0.06810146570205688
12455,20,1.1367793083190918
12456,23,1.3449771404266357
12457,14,0.47097355127334595
12458,22,1.2575457096099854
12459,21,1.1651339530944824
12460,25,1.4086530208587646
12461,23,1.3099098205566406
12462,12,0.31376951932907104
12463,19,1.0095691680908203
12464,20,1.1488420963287354
12465,13,0.4234597086906433
12466,24,1.3791451454162598
12467,15,0.6125072836875916
12468,13,0.4354115128517151
12469,21,1.2196097373962402
12470,27,1.5059335231781006
12471,14,0.5415278077125549
12472,26,1.4878644943237305
12473,21,1.2077264785766602
12474,16,0.7440986037254333
12475,14,0.5116646885871887
12476,15,0.6555563807487488
12477,13,0.35168391466140747
12478,14,0.49850529432296753
12479,16,0.7363714575767517
12480,14,0.5305162072181702
12481,25,1.4527084827423096
12482,21,1.201164722442627
12483,23,1.3131694793701172
12484,13,0.3735911250114441
12485,14,0.4857562184333801
12486,12,0.33546191453933716
12487,29,1.5967435836791992
12488,22,1.283557653427124
12489,20,1.1085143089294434
12490,24,1.3836607933044434
12491,19,1.009798526763916
12492,8,-0.462378591299057
12493,21,1.2194466590881348
12494,15,0.6499912142753601
12495,13,0.3515215516090393
12496,15,0.6042796969413757
12497,24,1.3841805458068848
12498,28,1.5723330974578857
12499,14,0.48492974042892456
12500,26,1.4836363792419434
12501,13,0.4011611342430115
12502,25,1.4483444690704346
12503,23,1.2994136810302734
12504,27,1.518705129623413
12505,14,0.48935502767562866
12506,13,0.43463414907455444
12507,21,1.1644928455352783
12508,14,0.5336427092552185
12509,9,-0.32911592721939087
12510,9,-0.37042778730392456
12511,27,1.5387005805969238
12512,27,1.5198497772216797
12513,25,1.407498836517334
12514,13,0.4612930417060852
12515,13,0.39472073316574097
12516,14,0.5710118412971497
12517,18,0.9774063229560852
12518,13,0.3465889096260071
12519,21,1.1648645401000977
12520,13,0.4293038249015808
12521,15,0.6662824749946594
12522,14,0.5034840703010559
12523,23,1.311032772064209
12524,26,1.4822735786437988
12525,14,0.5071552395820618
12526,22,1.2762227058410645
12527,23,1.3042724132537842
12528,18,0.9737864136695862
12529,24,1.3623020648956299
12530,12,0.26623374223709106
12531,14,0.5266268849372864
12532,13,0.455170214176178
12533,19,0.9945662617683411
12534,21,1.219022512435913
12535,27,1.5188937187194824
12536,15,0.6077951788902283
12537,24,1.3731980323791504
12538,14,0.4912959933280945
12539,30,1.6097354888916016
12540,21,1.2141730785369873
12541,13,0.4251165986061096
12542,26,1.4775118827819824
12543,14,0.4753602147102356
12544,14,0.4932348132133484
12545,23,1.3219125270843506
12546,14,0.49659448862075806
12547,22,1.2386856079101562
12548,4,-1.7616569995880127
12549,8,-0.46339288353919983
12550,12,0.22501426935195923
12551,13,0.41762620210647583
12552,26,1.4977266788482666
12553,21,1.2231590747833252
12554,26,1.5005357265472412
12555,24,1.350428581237793
12556,26,1.496354579925537
12557,13,0.4077231287956238
12558,21,1.184701681137085
12559,14,0.5493528246879578
12560,11,0.08808892965316772
12561,13,0.4439166188240051
12562,13,0.44717198610305786
12563,12,0.2824856638908386
12564,13,0.39471691846847534
12565,13,0.4188486933708191
12566,23,1.3407819271087646
12567,14,0.5187163949012756
12568,14,0.48959094285964966
12569,16,0.7509390711784363
12570,13,0.421278178691864
12571,25,1.4282629489898682
12572,8,-0.4719572365283966
12573,13,0.4357932209968567
12574,11,0.1882423758506775
12575,13,0.3655887246131897
12576,15,0.6084598898887634
12577,12,0.306712806224823
12578,14,0.534633457660675
12579,20,1.0856592655181885
12580,28,1.5585789680480957
12581,26,1.4749741554260254
12582,26,1.4851610660552979
12583,15,0.5889272093772888
12584,20,1.0878324508666992
12585,16,0.7346259951591492
12586,14,0.517049252986908
12587,13,0.3870779871940613
12588,13,0.45179611444473267
12589,23,1.3283476829528809
12590,29,1.5867125988006592
12591,15,0.6097703576087952
12592,11,0.061842501163482666
12593,13,0.3767552971839905
12594,3,-1.870732307434082
12595,14,0.5311526656150818
12596,21,1.2230398654937744
12597,23,1.334890604019165
12598,22,1.2677059173583984
12599,15,0.693691074848175
12600,28,1.5738656520843506
12601,24,1.3499057292938232
12602,15,0.664933979511261
12603,13,0.35291188955307007
12604,15,0.6182367205619812
12605,13,0.42037516832351685
12606,12,0.2411544919013977
12607,23,1.308548927307129
12608,13,0.45779484510421753
12609,13,0.4625280499458313
12610,7,-0.8505933284759521
12611,16,0.7252683043479919
12612,13,0.36515575647354126
12613,23,1.3320682048797607
12614,14,0.568001925945282
12615,13,0.3526555895805359
12616,13,0.44106560945510864
12617,11,0.10338753461837769
12618,22,1.28765869140625
12619,16,0.8043270707130432
12620,13,0.38593119382858276
12621,16,0.7270565629005432
12622,14,0.5016339421272278
12623,14,0.5003157258033752
12624,12,0.33138030767440796
12625,20,1.080775260925293
12626,21,1.1844902038574219
12627,22,1.286175012588501
12628,14,0.4669495224952698
12629,17,0.862265408039093
12630,22,1.2677440643310547
12631,14,0.5046364665031433
12632,27,1.5140023231506348
12633,15,0.6823392510414124
12634,13,0.3550700545310974
12635,6,-0.989240288734436
12636,14,0.5615227818489075
12637,13,0.3678740859031677
12638,29,1.5759515762329102
12639,13,0.3631036877632141
12640,12,0.30287283658981323
12641,24,1.3718390464782715
12642,27,1.524862289428711
12643,13,0.4358060956001282
12644,24,1.4046413898468018
12645,12,0.33397239446640015
12646,23,1.3155341148376465
12647,23,1.296036720275879
12648,13,0.4177168011665344
12649,5,-1.2227333784103394
12650,14,0.4832383990287781
12651,14,0.5750722289085388
12652,27,1.532628059387207
12653,21,1.184067726135254
12654,14,0.47368115186691284
12655,13,0.4304562211036682
12656,23,1.34153151512146
12657,16,0.7568517327308655
12658,13,0.45147496461868286
12659,14,0.5157893300056458
12660,22,1.2768847942352295
12661,15,0.6953465342521667
12662,24,1.3867950439453125
12663,28,1.5733582973480225
12664,14,0.4991310238838196
12665,14,0.5506479144096375
12666,1,-2.7918009757995605
12667,22,1.2287588119506836
12668,23,1.309037208557129
12669,26,1.4703307151794434
12670,25,1.414478063583374
12671,23,1.338874101638794
12672,11,0.13809341192245483
12673,14,0.49752122163772583
12674,14,0.5862424969673157
12675,22,1.234062671661377
12676,14,0.5669636130332947
12677,15,0.6091355681419373
12678,15,0.6099048256874084
12679,14,0.4986686110496521
12680,14,0.5259184241294861
12681,15,0.6673710942268372
12682,25,1.445587396621704
12683,20,1.0704820156097412
12684,22,1.285625696182251
12685,22,1.2790718078613281
12686,21,1.1832685470581055
12687,27,1.522801160812378
12688,22,1.2307054996490479
12689,16,0.7594836354255676
12690,22,1.2350733280181885
12691,28,1.56966233253479
12692,12,0.3077436089515686
12693,18,0.9563270211219788
12694,14,0.5436833500862122
12695,26,1.5005431175231934
12696,20,1.1482744216918945
12697,15,0.5915762782096863
12698,15,0.6925488114356995
12699,14,0.493496835231781
12700,21,1.2166736125946045
12701,14,0.514563262462616
12702,15,0.6326677203178406
12703,14,0.49852079153060913
12704,14,0.5352980494499207
12705,14,0.5489874482154846
12706,24,1.4045991897583008
12707,20,1.1293220520019531
12708,25,1.4429738521575928
12709,14,0.5456660389900208
12710,27,1.5286800861358643
12711,20,1.1193110942840576
12712,13,0.41877061128616333
12713,13,0.369623601436615
12714,27,1.5081157684326172
12715,13,0.4624428153038025
12716,22,1.2814993858337402
12717,25,1.4216654300689697
12718,12,0.2250538468360901
12719,12,0.3305162787437439
12720,16,0.7942406535148621
12721,21,1.2051317691802979
12722,16,0.7458966374397278
12723,22,1.2763466835021973
12724,25,1.411241054534912
12725,15,0.6537260413169861
12726,14,0.48864632844924927
12727,26,1.4612197875976562
12728,28,1.5644261837005615
12729,14,0.49267512559890747
12730,28,1.5590603351593018
12731,14,0.5251263976097107
12732,13,0.36104685068130493
12733,29,1.5783195495605469
12734,15,0.6389380097389221
12735,22,1.2697467803955078
12736,24,1.3985390663146973
12737,24,1.3729650974273682
12738,13,0.3834382891654968
12739,13,0.4344910979270935
12740,13,0.3914927840232849
12741,21,1.1723556518554688
12742,22,1.2500929832458496
12743,24,1.3781816959381104
12744,20,1.144545078277588
12745,27,1.5101771354675293
12746,27,1.5100657939910889
12747,13,0.3926839232444763
12748,15,0.5875151753425598
12749,21,1.1799068450927734
12750,29,1.5886313915252686
12751,27,1.5330655574798584
12752,14,0.5148943066596985
12753,14,0.5022051930427551
12754,23,1.2970879077911377
12755,14,0.5280136466026306
12756,26,1.4657354354858398
12757,23,1.3218169212341309
12758,14,0.5716260075569153
12759,21,1.194950819015503
12760,29,1.5744400024414062
12761,15,0.6168487668037415
12762,23,1.2918643951416016
12763,14,0.5634960532188416
12764,14,0.5542125105857849
12765,14,0.5573756098747253
12766,20,1.1389625072479248
12767,15,0.6632702946662903
12768,21,1.1648235321044922
12769,13,0.3922702670097351
12770,30,1.6139867305755615
12771,13,0.4337056279182434
12772,27,1.5400748252868652
12773,26,1.480576515197754
12774,1,-2.8109729290008545
12775,13,0.44203025102615356
12776,6,-0.9755228161811829
12777,10,-0.13554120063781738
12778,21,1.154160499572754
12779,15,0.5945677161216736
12780,26,1.46970534324646
12781,15,0.600186288356781
12782,14,0.5258412957191467
12783,23,1.327934980392456
12784,14,0.5464906096458435
12785,26,1.4667267799377441
12786,13,0.4413455128669739
12787,21,1.223034381866455
12788,22,1.2667937278747559
12789,14,0.5498257279396057
12790,13,0.358037531375885
12791,12,0.2382602095603943
12792,14,0.5207440257072449
12793,13,0.35431963205337524
12794,14,0.5177103877067566
12795,14,0.5092849135398865
12796,13,0.4075295329093933
12797,14,0.4673786759376526
12798,23,1.2911231517791748
12799,26,1.497802495956421
12800,22,1.2294373512268066
12801,19,1.0673291683197021
12802,25,1.4108428955078125
12803,21,1.193605899810791
12804,22,1.2330567836761475
12805,14,0.5722454190254211
12806,14,0.5586809515953064
12807,12,0.32419782876968384
12808,29,1.587691068649292
12809,15,0.586617648601532
12810,15,0.5965263247489929
12811,13,0.41987448930740356
12812,15,0.6234531998634338
12813,15,0.6005826592445374
12814,14,0.46912068128585815
12815,28,1.573049545288086
12816,24,1.3546326160430908
12817,20,1.1298604011535645
12818,28,1.5603299140930176
12819,15,0.6586316227912903
12820,13,0.454986035823822
12821,23,1.3127219676971436
12822,26,1.489961862564087
12823,16,0.7763040661811829
12824,15,0.6537780165672302
12825,15,0.6209364533424377
12826,23,1.2964088916778564
12827,14,0.48670774698257446
12828,9,-0.2517995834350586
12829,24,1.3638262748718262
12830,21,1.2172081470489502
12831,13,0.42293626070022583
12832,22,1.2801783084869385
12833,15,0.5940266251564026
12834,15,0.6830342411994934
12835,22,1.2728958129882812
12836,20,1.1205813884735107
12837,25,1.4563636779785156
12838,15,0.6344152092933655
12839,22,1.2348697185516357
12840,22,1.2357308864593506
12841,15,0.6109523177146912
12842,14,0.48902636766433716
12843,12,0.3368733525276184
12844,14,0.4717310070991516
12845,15,0.5902796387672424
12846,23,1.3443195819854736
12847,26,1.4767894744873047
12848,1,-2.8392834663391113
12849,28,1.5514013767242432
12850,26,1.4676134586334229
12851,26,1.4991374015808105
12852,15,0.6384957432746887
12853,22,1.259821891784668
12854,14,0.47946709394454956
12855,18,0.9450709223747253
12856,13,0.428200900554657
12857,11,0.19098728895187378
12858,7,-0.6741670370101929
12859,15,0.616352379322052
12860,14,0.578918993473053
12861,14,0.5542543530464172
12862,13,0.4395599961280823
12863,12,0.30504661798477173
12864,24,1.3685078620910645
12865,24,1.3532013893127441
12866,11,0.11348754167556763
12867,15,0.5967735648155212
12868,15,0.6598473191261292
12869,24,1.4067950248718262
12870,14,0.5228020548820496
12871,26,1.4837367534637451
12872,14,0.49121981859207153
12873,1,-2.796335220336914
12874,25,1.4070801734924316
12875,26,1.481158971786499
12876,15,0.6868472695350647
12877,28,1.5512831211090088
12878,22,1.2332632541656494
12879,23,1.347740650177002
12880,18,0.9625336527824402
12881,21,1.1567447185516357
12882,23,1.3144042491912842
12883,14,0.5049095749855042
12884,26,1.4704618453979492
12885,13,0.360462486743927
12886,21,1.2046668529510498
12887,15,0.6001374125480652
12888,13,0.35601478815078735
12889,14,0.5007022023200989
12890,27,1.5350570678710938
12891,14,0.4829496741294861
12892,14,0.5604966282844543
12893,22,1.2816228866577148
12894,14,0.5857762694358826
12895,24,1.4021005630493164
12896,15,0.6632961630821228
12897,16,0.7426953911781311
12898,13,0.4519047141075134
12899,23,1.3167333602905273
12900,15,0.671983540058136
12901,22,1.280381441116333
12902,23,1.3007969856262207
12903,14,0.5068703293800354
12904,24,1.3532235622406006
12905,13,0.41328030824661255
12906,15,0.6296135783195496
12907,15,0.6189253926277161
12908,14,0.5813154578208923
12909,28,1.5564789772033691
12910,15,0.6061875224113464
12911,29,1.582977056503296
12912,20,1.0883338451385498
12913,4,-1.6213874816894531
12914,15,0.6389942765235901
12915,22,1.2309796810150146
12916,11,0.1368224024772644
12917,7,-0.6512513160705566
12918,13,0.34926432371139526
12919,14,0.5254724621772766
12920,15,0.5937036871910095
12921,27,1.5296785831451416
12922,24,1.366736650466919
12923,28,1.572941780090332
12924,14,0.583975613117218
12925,24,1.375732660293579
12926,27,1.505753517150879
12927,21,1.1783084869384766
12928,15,0.5957794785499573
12929,24,1.3582918643951416
12930,24,1.3736474514007568
12931,14,0.5528157353401184
12932,1,-2.835897922515869
12933,14,0.5170608162879944
12934,22,1.2604339122772217
12935,20,1.1422886848449707
12936,12,0.2852700352668762
12937,14,0.5385510325431824
12938,13,0.4225195050239563
12939,7,-0.6874358654022217
12940,15,0.6490945219993591
12941,16,0.803896963596344
12942,27,1.5225906372070312
12943,30,1.6001548767089844
12944,21,1.2186377048492432
12945,14,0.5664094090461731
12946,15,0.6860399842262268
12947,24,1.3690526485443115
12948,27,1.505284070968628
12949,22,1.264604091644287
12950,14,0.5755459666252136
12951,14,0.5201000571250916
12952,30,1.6149725914001465
12953,17,0.8282777667045593
12954,14,0.5024874806404114
12955,15,0.6690927147865295
12956,20,1.091714859008789
12957,23,1.3098244667053223
12958,30,1.6137325763702393
12959,22,1.2321324348449707
12960,23,1.3164632320404053
12961,13,0.39334017038345337
12962,15,0.6446264386177063
12963,16,0.7167956233024597
12964,14,0.4851071238517761
12965,23,1.3381197452545166
12966,15,0.6346061825752258
12967,21,1.221064567565918
12968,15,0.6374728083610535
12969,14,0.48872774839401245
12970,28,1.5501036643981934
12971,14,0.47193092107772827
12972,13,0.43213993310928345
12973,28,1.5587871074676514
12974,15,0.5868995785713196
12975,24,1.4062395095825195
12976,14,0.5227102637290955
12977,13,0.4063902497291565
12978,4,-1.495762825012207
12979,17,0.8243327736854553
12980,20,1.108503818511963
12981,14,0.524668276309967
12982,22,1.2553651332855225
12983,21,1.1653790473937988
12984,17,0.8739609122276306
12985,28,1.545459270477295
12986,24,1.3723702430725098
12987,18,0.9458134770393372
12988,22,1.2730686664581299
12989,12,0.3239886164665222
12990,23,1.3086090087890625
12991,15,0.638719379901886
12992,13,0.4040152430534363
12993,14,0.4867766499519348
12994,7,-0.7911413908004761
12995,13,0.3470771908760071
12996,14,0.5685355067253113
12997,14,0.5522881150245667
12998,16,0.7201777100563049
12999,22,1.2763991355895996
13000,28,1.5622639656066895
13001,2,-2.397887706756592
13002,14,0.484971821308136
13003,15,0.6678953766822815
13004,14,0.552604615688324
13005,19,1.0352787971496582
13006,20,1.130159854888916
13007,23,1.3449268341064453
13008,15,0.6068158745765686
13009,21,1.2220485210418701
13010,4,-1.5949692726135254
13011,28,1.5637943744659424
13012,13,0.33875852823257446
13013,15,0.595613420009613
13014,14,0.5073373913764954
13015,13,0.45989078283309937
13016,14,0.5243025422096252
13017,6,-0.8599804043769836
13018,22,1.269728183746338
13019,20,1.131408929824829
13020,26,1.4969482421875
13021,24,1.379056692123413
13022,18,0.9511777758598328
13023,1,-2.834744453430176
13024,14,0.5406209826469421
13025,13,0.42726248502731323
13026,15,0.6548894047737122
13027,21,1.2245159149169922
13028,27,1.5275583267211914
13029,16,0.7493481040000916
13030,14,0.5503364205360413
13031,14,0.5523166060447693
13032,24,1.3711743354797363
13033,25,1.436220645904541
13034,24,1.3875539302825928
13035,22,1.2752964496612549
13036,26,1.4609050750732422
13037,15,0.6436848044395447
13038,15,0.6175021529197693
13039,14,0.5642068982124329
13040,23,1.3192675113677979
13041,26,1.4669601917266846
13042,22,1.2382450103759766
13043,16,0.7320787310600281
13044,13,0.35489875078201294
13045,14,0.5573285222053528
13046,21,1.1774632930755615
13047,14,0.5341425538063049
13048,15,0.6040005087852478
13049,14,0.540374219417572
13050,14,0.5000708699226379
13051,14,0.5444574952125549
13052,13,0.4599873423576355
13053,26,1.4696903228759766
13054,26,1.4722304344177246
13055,13,0.40720051527023315
13056,24,1.3739356994628906
13057,22,1.2883870601654053
13058,15,0.5967175364494324
13059,14,0.5836496949195862
13060,18,0.9178763031959534
13061,16,0.7569512724876404
13062,23,1.334913730621338
13063,22,1.2489759922027588
13064,23,1.3400940895080566
13065,13,0.40528613328933716
13066,27,1.5282745361328125
13067,21,1.198927402496338
13068,18,0.9328331351280212
13069,15,0.5922612547874451
13070,14,0.49753910303115845
13071,13,0.4538777470588684
13072,21,1.2050230503082275
13073,23,1.3269565105438232
13074,21,1.203092336654663
13075,20,1.1116416454315186
13076,17,0.881808340549469
13077,14,0.5029855370521545
13078,24,1.3494453430175781
13079,23,1.3391077518463135
13080,15,0.6617915034294128
13081,24,1.4040021896362305
13082,15,0.5917688012123108
13083,15,0.65811687707901
13084,27,1.522735595703125
13085,15,0.5977799296379089
13086,15,0.680844247341156
13087,23,1.2981436252593994
13088,20,1.1002018451690674
13089,21,1.2180187702178955
13090,23,1.3049242496490479
13091,14,0.4673057198524475
13092,16,0.7290300726890564
13093,15,0.6237183213233948
13094,21,1.163158655166626
13095,13,0.44398683309555054
13096,1,-2.811984062194824
13097,22,1.2519280910491943
13098,21,1.1769602298736572
13099,12,0.25880593061447144
13100,15,0.6123040318489075
13101,23,1.3229625225067139
13102,15,0.5986490845680237
13103,26,1.4728212356567383
13104,20,1.0846619606018066
13105,16,0.7101172804832458
13106,27,1.5385169982910156
13107,28,1.5490055084228516
13108,24,1.3864190578460693
13109,29,1.5830790996551514
13110,21,1.2165110111236572
13111,16,0.7241669297218323
13112,29,1.5825350284576416
13113,23,1.3151593208312988
13114,21,1.1611990928649902
13115,15,0.6689881682395935
13116,23,1.3191251754760742
13117,21,1.1495511531829834
13118,15,0.6036147475242615
13119,14,0.5572202801704407
13120,28,1.5436270236968994
13121,15,0.5889385342597961
13122,14,0.496734082698822
13123,12,0.31990426778793335
13124,14,0.503229558467865
13125,27,1.519883632659912
13126,23,1.3124842643737793
13127,13,0.36224454641342163
13128,25,1.4453036785125732
13129,22,1.2757728099822998
13130,15,0.5973326563835144
13131,13,0.4106070399284363
13132,26,1.4859495162963867
13133,22,1.2658452987670898
13134,1,-2.842186212539673
13135,11,0.12807697057724
13136,15,0.6425339579582214
13137,24,1.364553689956665
13138,14,0.5716723799705505
13139,27,1.5186207294464111
13140,22,1.2694556713104248
13141,23,1.3440778255462646
13142,16,0.7901615500450134
13143,14,0.5758954882621765
13144,30,1.6100218296051025
13145,25,1.422459363937378
13146,27,1.5248334407806396
13147,15,0.5920953154563904
13148,13,0.4335845112800598
13149,30,1.6090924739837646
13150,15,0.6808626055717468
13151,21,1.2049858570098877
13152,13,0.4127904772758484
13153,27,1.5325241088867188
13154,23,1.3426234722137451
13155,21,1.209733247756958
13156,26,1.4635319709777832
13157,21,1.1657578945159912
13158,23,1.3424742221832275
13159,23,1.3430142402648926
13160,15,0.6401254534721375
13161,22,1.2364561557769775
13162,29,1.579709529876709
13163,3,-2.109389543533325
13164,27,1.5278997421264648
13165,21,1.1805484294891357
13166,5,-1.1497234106063843
13167,28,1.5449004173278809
13168,14,0.4900209307670593
13169,29,1.581547498703003
13170,29,1.582568645477295
13171,23,1.3085837364196777
13172,15,0.5932000279426575
13173,14,0.5418433547019958
13174,24,1.356445074081421
13175,14,0.5637945532798767
13176,15,0.6787888407707214
13177,22,1.264613389968872
13178,21,1.2019588947296143
13179,13,0.4604566693305969
13180,13,0.35803502798080444
13181,15,0.6754546761512756
13182,14,0.5086529850959778
13183,22,1.285858392715454
13184,23,1.3217053413391113
13185,14,0.5412574410438538
13186,15,0.6366482377052307
13187,14,0.5829256176948547
13188,24,1.38576078414917
13189,13,0.3538619875907898
13190,14,0.46811503171920776
13191,23,1.3066082000732422
13192,28,1.550473928451538
13193,29,1.586252212524414
13194,13,0.37178367376327515
13195,22,1.2646431922912598
13196,15,0.6409962773323059
13197,22,1.2670650482177734
13198,13,0.3735502362251282
13199,23,1.3119120597839355
13200,25,1.449223279953003
13201,14,0.5711191296577454
13202,14,0.5757688879966736
13203,13,0.3860248923301697
13204,14,0.5062807202339172
13205,16,0.6975529789924622
13206,25,1.4420890808105469
13207,6,-1.0131633281707764
13208,24,1.3887693881988525
13209,14,0.4911096692085266
13210,26,1.495373249053955
13211,15,0.6003517508506775
13212,20,1.0847177505493164
13213,15,0.6291409134864807
13214,15,0.636660635471344
13215,12,0.21287685632705688
13216,13,0.41010457277297974
13217,14,0.5263316035270691
13218,15,0.5950457453727722
13219,23,1.2908713817596436
13220,26,1.4966108798980713
13221,26,1.48703932762146
13222,24,1.3488245010375977
13223,30,1.6152312755584717
13224,16,0.7245998978614807
13225,16,0.7512578368186951
13226,14,0.5800393223762512
13227,15,0.6367762684822083
13228,29,1.588639736175537
13229,23,1.297316074371338
13230,15,0.5874531865119934
13231,17,0.8146217465400696
13232,16,0.7332019209861755
13233,26,1.499976396560669
13234,17,0.8661542534828186
13235,15,0.6112635731697083
13236,16,0.801906406879425
13237,15,0.6630485653877258
13238,14,0.541196882724762
13239,15,0.6229135394096375
13240,26,1.4790465831756592
13241,21,1.1752946376800537
13242,27,1.5163898468017578
13243,28,1.5504612922668457
13244,27,1.528733491897583
13245,22,1.2280879020690918
13246,6,-1.034461498260498
13247,12,0.22398048639297485
13248,22,1.2446568012237549
13249,15,0.6301195025444031
13250,22,1.2352733612060547
13251,28,1.552570104598999
13252,15,0.626150906085968
13253,18,0.9461659789085388
13254,20,1.1467363834381104
13255,25,1.4481441974639893
13256,6,-0.9757931232452393
13257,16,0.7016739249229431
13258,15,0.5909376740455627
13259,21,1.2121877670288086
13260,27,1.506091594696045
13261,9,-0.20062905550003052
13262,13,0.44887739419937134
13263,16,0.7142458558082581
13264,22,1.2310588359832764
13265,3,-1.8365896940231323
13266,14,0.5814511179924011
13267,24,1.3532342910766602
13268,22,1.2719097137451172
13269,16,0.7024112343788147
13270,14,0.4842023253440857
13271,27,1.5417625904083252
13272,26,1.4662609100341797
13273,15,0.6848340630531311
13274,21,1.2113959789276123
13275,13,0.42601722478866577
13276,15,0.6179806590080261
13277,23,1.3221631050109863
13278,22,1.2664403915405273
13279,25,1.4077060222625732
13280,22,1.2643711566925049
13281,15,0.6257719397544861
13282,14,0.5190121531486511
13283,21,1.1817958354949951
13284,22,1.2547013759613037
13285,20,1.1328043937683105
13286,12,0.25468188524246216
13287,1,-2.7053117752075195
13288,21,1.1808443069458008
13289,12,0.2683562636375427
13290,26,1.4740939140319824
13291,13,0.33715373277664185
13292,24,1.3776538372039795
13293,15,0.6369598507881165
13294,15,0.637870728969574
13295,14,0.46780186891555786
13296,20,1.1170320510864258
13297,14,0.5864365696907043
13298,19,1.0394103527069092
13299,11,0.04842334985733032
13300,14,0.490217387676239
13301,14,0.5261501669883728
13302,14,0.5436885952949524
13303,20,1.090522289276123
13304,16,0.7337998747825623
13305,15,0.6337267756462097
13306,29,1.5915980339050293
13307,22,1.2722129821777344
13308,14,0.5733979344367981
13309,27,1.508331060409546
13310,16,0.7781253457069397
13311,23,1.3325839042663574
13312,15,0.6094086766242981
13313,22,1.244840145111084
13314,14,0.5258708596229553
13315,23,1.3376080989837646
13316,13,0.4488980174064636
13317,14,0.4896281361579895
13318,25,1.4503796100616455
13319,15,0.6119082570075989
13320,14,0.5297172665596008
13321,20,1.1216378211975098
13322,22,1.2449703216552734
13323,20,1.1487641334533691
13324,19,1.0264441967010498
13325,24,1.3750269412994385
13326,14,0.4680350422859192
13327,16,0.7826130986213684
13328,26,1.4805870056152344
13329,22,1.2550370693206787
13330,16,0.7419386506080627
13331,15,0.6247105002403259
13332,22,1.2576963901519775
13333,15,0.602080762386322
13334,14,0.5178024172782898
13335,16,0.7491772770881653
13336,14,0.5653325915336609
13337,22,1.2292792797088623
13338,26,1.4836533069610596
13339,19,1.058917760848999
13340,27,1.5270731449127197
13341,14,0.5108432173728943
13342,30,1.6122422218322754
13343,15,0.6262553334236145
13344,14,0.533478319644928
13345,17,0.8135663866996765
13346,1,-2.7739744186401367
13347,14,0.5030468106269836
13348,13,0.44735437631607056
13349,14,0.5212246775627136
13350,15,0.6458544135093689
13351,14,0.5850065350532532
13352,21,1.2234463691711426
13353,16,0.7033432126045227
13354,23,1.3051226139068604
13355,14,0.5418850779533386
13356,29,1.5745766162872314
13357,17,0.8863385319709778
13358,26,1.4785137176513672
13359,20,1.1342313289642334
13360,8,-0.5363247394561768
13361,16,0.759651243686676
13362,14,0.5240076184272766
13363,26,1.5001118183135986
13364,15,0.6896403431892395
13365,25,1.443115472793579
13366,11,0.05169486999511719
13367,15,0.6254045367240906
13368,28,1.5593247413635254
13369,15,0.6014841198921204
13370,23,1.3117599487304688
13371,22,1.281743049621582
13372,15,0.6420196890830994
13373,26,1.4645583629608154
13374,13,0.33839505910873413
13375,24,1.3946118354797363
13376,24,1.399815559387207
13377,22,1.2825469970703125
13378,24,1.3718621730804443
13379,27,1.511502742767334
13380,15,0.6890191435813904
13381,28,1.5633552074432373
13382,13,0.440605103969574
13383,15,0.6560387015342712
13384,15,0.6760770678520203
13385,15,0.6584654450416565
13386,14,0.5798929333686829
13387,21,1.1786015033721924
13388,14,0.46731239557266235
13389,14,0.5525385737419128
13390,13,0.41896313428878784
13391,15,0.6345276236534119
13392,21,1.1700305938720703
13393,15,0.6012824177742004
13394,29,1.5906267166137695
13395,5,-1.3427287340164185
13396,14,0.5772061944007874
13397,13,0.45828408002853394
13398,14,0.5025798678398132
13399,14,0.5620896220207214
13400,10,-0.0020622611045837402
13401,16,0.7548046708106995
13402,2,-2.335049867630005
13403,30,1.6151444911956787
13404,30,1.6134936809539795
13405,16,0.7930380702018738
13406,15,0.6880853772163391
13407,22,1.2765498161315918
13408,14,0.5731822848320007
13409,24,1.373157024383545
13410,16,0.7443034052848816
13411,27,1.5059406757354736
13412,27,1.542452335357666
13413,14,0.5474072098731995
13414,15,0.6790611147880554
13415,15,0.6724726557731628
13416,25,1.439997911453247
13417,14,0.5296712517738342
13418,15,0.675509512424469
13419,22,1.227097511291504
13420,22,1.243990421295166
13421,25,1.4386706352233887
13422,22,1.23292875289917
13423,29,1.576296091079712
13424,23,1.3071389198303223
13425,16,0.7422874569892883
13426,16,0.7009899020195007
13427,12,0.28962165117263794
13428,16,0.7975330948829651
13429,28,1.562934160232544
13430,22,1.2737534046173096
13431,29,1.5965909957885742
13432,24,1.3641893863677979
13433,16,0.7517773509025574
13434,1,-2.8422765731811523
13435,20,1.1056759357452393
13436,11,0.1577940583229065
13437,22,1.284317970275879
13438,21,1.195263147354126
13439,30,1.6152424812316895
13440,24,1.3910346031188965
13441,25,1.4112534523010254
13442,28,1.564643144607544
13443,15,0.5959996581077576
13444,16,0.6979436278343201
13445,14,0.5730189681053162
13446,22,1.2391877174377441
13447,13,0.4546443819999695
13448,24,1.3925952911376953
13449,22,1.2484080791473389
13450,15,0.6245095133781433
13451,10,-0.028433799743652344
13452,24,1.3701679706573486
13453,16,0.770290195941925
13454,16,0.7081331610679626
13455,7,-0.6724853515625
13456,22,1.2626023292541504
13457,15,0.6070320010185242
13458,22,1.2477796077728271
13459,29,1.5824065208435059
13460,16,0.7089827656745911
13461,9,-0.27301257848739624
13462,20,1.1018481254577637
13463,14,0.5269239544868469
13464,1,-2.8111135959625244
13465,17,0.8287619948387146
13466,27,1.5416905879974365
13467,17,0.8145144581794739
13468,13,0.42910557985305786
13469,23,1.3457417488098145
13470,25,1.457061529159546
13471,24,1.3494622707366943
13472,14,0.5331684947013855
13473,15,0.6081414818763733
13474,13,0.3634490370750427
13475,23,1.2973098754882812
13476,15,0.6864109635353088
13477,24,1.4025466442108154
13478,23,1.3167402744293213
13479,22,1.259977102279663
13480,21,1.1804068088531494
13481,20,1.072554588317871
13482,25,1.4467825889587402
13483,15,0.6519996523857117
13484,15,0.6637083888053894
13485,8,-0.39015936851501465
13486,24,1.3498821258544922
13487,27,1.5424654483795166
13488,13,0.4216457009315491
13489,14,0.5586100220680237
13490,22,1.2667412757873535
13491,14,0.5083222985267639
13492,16,0.772301971912384
13493,20,1.1391119956970215
13494,15,0.6315012574195862
13495,5,-1.2854688167572021
13496,28,1.5460503101348877
13497,13,0.41972607374191284
13498,29,1.5846874713897705
13499,18,0.984635055065155
13500,15,0.6216532588005066
13501,14,0.5429143309593201
13502,25,1.4473819732666016
13503,14,0.5176747441291809
13504,15,0.6504437327384949
13505,15,0.6589334607124329
13506,16,0.7619792819023132
13507,27,1.5067510604858398
13508,15,0.6391108632087708
13509,16,0.7156186699867249
13510,15,0.6711280941963196
13511,16,0.7554189562797546
13512,15,0.6054524779319763
13513,16,0.7617936730384827
13514,14,0.5350096821784973
13515,23,1.3283302783966064
13516,23,1.3040754795074463
13517,21,1.158937931060791
13518,15,0.6531708836555481
13519,16,0.698829710483551
13520,15,0.6012231707572937
13521,14,0.5756025910377502
13522,27,1.5341391563415527
13523,23,1.3148691654205322
13524,28,1.571955919265747
13525,15,0.6247337460517883
13526,14,0.5452674031257629
13527,23,1.295569658279419
13528,16,0.7318487763404846
13529,16,0.7262704968452454
13530,15,0.6626532673835754
13531,13,0.45720773935317993
13532,16,0.6983508467674255
13533,27,1.512495756149292
13534,17,0.8108226656913757
13535,15,0.6538024544715881
13536,14,0.5303465723991394
13537,15,0.589888870716095
13538,25,1.4394781589508057
13539,16,0.6987348198890686
13540,14,0.5081518292427063
13541,16,0.7742539048194885
13542,23,1.2969920635223389
13543,9,-0.23191779851913452
13544,22,1.2431182861328125
13545,15,0.5894321799278259
13546,18,0.9156724810600281
13547,16,0.7247101664543152
13548,22,1.276310682296753
13549,15,0.6849479079246521
13550,24,1.3673045635223389
13551,24,1.348433256149292
13552,15,0.6838052868843079
13553,24,1.378708839416504
13554,11,0.18858379125595093
13555,20,1.1312949657440186
13556,16,0.7234148383140564
13557,25,1.4345338344573975
13558,24,1.3716254234313965
13559,16,0.7158378958702087
13560,15,0.6599002480506897
13561,15,0.6379351019859314
13562,21,1.1871910095214844
13563,14,0.546105682849884
13564,17,0.8488059639930725
13565,22,1.2482378482818604
13566,13,0.34731239080429077
13567,25,1.4136731624603271
13568,15,0.6889440417289734
13569,29,1.5991597175598145
13570,22,1.2553744316101074
13571,15,0.6370524764060974
13572,15,0.6400430798530579
13573,23,1.3188567161560059
13574,16,0.7978803515434265
13575,16,0.7085101008415222
13576,15,0.660264790058136
13577,27,1.5392308235168457
13578,15,0.6596522927284241
13579,25,1.4575154781341553
13580,26,1.4600744247436523
13581,16,0.7163495421409607
13582,14,0.5766542553901672
13583,21,1.2229993343353271
13584,16,0.7433314919471741
13585,23,1.3034849166870117
13586,23,1.3461930751800537
13587,25,1.4303040504455566
13588,25,1.4451227188110352
13589,23,1.3157334327697754
13590,15,0.6443824172019958
13591,14,0.4849579930305481
13592,14,0.5749651789665222
13593,1,-2.702291488647461
13594,26,1.4828946590423584
13595,13,0.385303795337677
13596,22,1.2876551151275635
13597,26,1.5017220973968506
13598,30,1.6145734786987305
13599,25,1.435549259185791
13600,15,0.6827905774116516
13601,29,1.5806829929351807
13602,12,0.33233898878097534
13603,16,0.7550656199455261
13604,16,0.773394763469696
13605,14,0.5070680975914001
13606,25,1.4364118576049805
13607,13,0.46496397256851196
13608,21,1.2035846710205078
13609,26,1.465378999710083
13610,14,0.5847858786582947
13611,15,0.6093445420265198
13612,15,0.6473785042762756
13613,19,1.0509099960327148
13614,16,0.7060433030128479
13615,15,0.5960356593132019
13616,12,0.3218863606452942
13617,28,1.5511364936828613
13618,30,1.6131117343902588
13619,15,0.6504727005958557
13620,22,1.2257020473480225
13621,28,1.5567739009857178
13622,23,1.3344981670379639
13623,15,0.6022761464118958
13624,10,-0.08637875318527222
13625,21,1.1700763702392578
13626,25,1.4251716136932373
13627,15,0.6036655306816101
13628,17,0.8537173867225647
13629,24,1.3989958763122559
13630,22,1.2688257694244385
13631,14,0.5689399838447571
13632,12,0.23088806867599487
13633,22,1.2788722515106201
13634,16,0.7746676802635193
13635,25,1.4194889068603516
13636,14,0.5401446223258972
13637,29,1.5748600959777832
13638,15,0.6389756798744202
13639,26,1.4684724807739258
13640,16,0.7532581686973572
13641,23,1.291407823562622
13642,16,0.7303745150566101
13643,15,0.6267295479774475
13644,15,0.6774784922599792
13645,16,0.7317129969596863
13646,22,1.2403862476348877
13647,30,1.6101467609405518
13648,16,0.7653668522834778
13649,25,1.4448010921478271
13650,16,0.7175012230873108
13651,14,0.4746233820915222
13652,20,1.0811512470245361
13653,16,0.7893469929695129
13654,17,0.8368397355079651
13655,17,0.813668429851532
13656,16,0.7383920550346375
13657,26,1.4995691776275635
13658,22,1.277632236480713
13659,15,0.6594615578651428
13660,22,1.2337851524353027
13661,18,0.9023873209953308
13662,28,1.5644557476043701
13663,16,0.7811039090156555
13664,24,1.3729488849639893
13665,23,1.3378236293792725
13666,14,0.5306090712547302
13667,15,0.5996816754341125
13668,27,1.523388147354126
13669,23,1.3056128025054932
13670,15,0.6656599640846252
13671,22,1.2791495323181152
13672,29,1.5986390113830566
13673,30,1.6132729053497314
13674,15,0.6722362637519836
13675,17,0.8149426579475403
13676,27,1.5192782878875732
13677,29,1.5984971523284912
13678,24,1.363201379776001
13679,16,0.7024795413017273
13680,13,0.39441460371017456
13681,29,1.579653024673462
13682,15,0.6693324446678162
13683,15,0.6494473814964294
13684,13,0.4504179358482361
13685,15,0.6224491000175476
13686,15,0.5979964137077332
13687,15,0.5896323323249817
13688,13,0.3818351626396179
13689,15,0.674898087978363
13690,14,0.5686553120613098
13691,27,1.5182127952575684
13692,27,1.5386669635772705
13693,9,-0.30340057611465454
13694,2,-2.645435333251953
13695,13,0.44500643014907837
13696,24,1.3837649822235107
13697,15,0.6172574162483215
13698,24,1.3670399188995361
13699,22,1.247338056564331
13700,23,1.3097665309906006
13701,18,0.9708946347236633
13702,16,0.7233428359031677
13703,19,0.9881494641304016
13704,16,0.7360844016075134
13705,15,0.6307854056358337
13706,23,1.3228156566619873
13707,25,1.4132554531097412
13708,20,1.0811278820037842
13709,22,1.276778221130371
13710,9,-0.34040969610214233
13711,29,1.5850155353546143
13712,19,0.9960177540779114
13713,16,0.7418363690376282
13714,16,0.7621291279792786
13715,15,0.6086743474006653
13716,16,0.7246753573417664
13717,14,0.5366004109382629
13718,23,1.306633472442627
13719,24,1.3627541065216064
13720,16,0.7387158274650574
13721,28,1.5737354755401611
13722,14,0.4793773293495178
13723,29,1.5826005935668945
13724,15,0.6914457678794861
13725,15,0.6714573502540588
13726,15,0.5963788628578186
13727,23,1.314453363418579
13728,26,1.4931983947753906
13729,15,0.6667988896369934
13730,28,1.563650131225586
13731,24,1.3511805534362793
13732,23,1.322859525680542
13733,15,0.5994693636894226
13734,14,0.4858207106590271
13735,15,0.617122232913971
13736,15,0.6656562685966492
13737,27,1.5302221775054932
13738,15,0.5909135937690735
13739,14,0.5280659794807434
13740,16,0.7065531611442566
13741,14,0.5241678357124329
13742,2,-2.6492748260498047
13743,24,1.353764295578003
13744,15,0.6703974604606628
13745,17,0.8966788649559021
13746,16,0.719488799571991
13747,15,0.6365225911140442
13748,15,0.6762916445732117
13749,24,1.3650767803192139
13750,15,0.5939286351203918
13751,16,0.721167266368866
13752,15,0.6292148232460022
13753,18,0.9185468554496765
13754,13,0.4641755223274231
13755,15,0.6735436320304871
13756,15,0.5890060067176819
13757,7,-0.7248327732086182
13758,13,0.3511425852775574
13759,23,1.3479206562042236
13760,15,0.6017491221427917
13761,15,0.6854713559150696
13762,19,1.0095536708831787
13763,21,1.1838910579681396
13764,21,1.216029405593872
13765,22,1.2487504482269287
13766,19,1.0507433414459229
13767,19,1.0426175594329834
13768,14,0.5807859301567078
13769,15,0.6064072251319885
13770,24,1.3542039394378662
13771,17,0.8364645838737488
13772,15,0.6942855715751648
13773,23,1.2978651523590088
13774,25,1.4556968212127686
13775,27,1.5300288200378418
13776,28,1.5559461116790771
13777,16,0.735383927822113
13778,21,1.2129192352294922
13779,24,1.3926067352294922
13780,2,-2.555147409439087
13781,16,0.7687734961509705
13782,13,0.3584522604942322
13783,11,0.03925001621246338
13784,30,1.6147124767303467
13785,2,-2.620375394821167
13786,16,0.7390053868293762
13787,24,1.3620736598968506
13788,12,0.2524389624595642
13789,23,1.3067433834075928
13790,14,0.5367091298103333
13791,16,0.7383570075035095
13792,15,0.6590142846107483
13793,15,0.6226580739021301
13794,2,-2.39141583442688
13795,12,0.2796921133995056
13796,24,1.4027156829833984
13797,16,0.7391040921211243
13798,14,0.5658263564109802
13799,28,1.5575227737426758
13800,16,0.7062483429908752
13801,15,0.6741994023323059
13802,26,1.4913318157196045
13803,16,0.7523600459098816
13804,15,0.6856946349143982
13805,16,0.7882639765739441
13806,28,1.5709731578826904
13807,28,1.5664875507354736
13808,30,1.6137964725494385
13809,25,1.428894281387329
13810,15,0.6780856251716614
13811,28,1.554713249206543
13812,17,0.813429057598114
13813,24,1.35770845413208
13814,16,0.733113706111908
13815,21,1.1988627910614014
13816,16,0.703917920589447
13817,25,1.4388155937194824
13818,19,1.0453262329101562
13819,17,0.8249459862709045
13820,16,0.7344761490821838
13821,13,0.41609054803848267
13822,13,0.4648277163505554
13823,28,1.5629265308380127
13824,17,0.8469988703727722
13825,25,1.4214136600494385
13826,18,0.9406722187995911
13827,15,0.5949299931526184
13828,27,1.5336358547210693
13829,15,0.688683807849884
13830,15,0.6946040987968445
13831,29,1.5756785869598389
13832,14,0.5324577689170837
13833,13,0.45589524507522583
13834,16,0.7272762656211853
13835,11,0.0644577145576477
13836,16,0.765200674533844
13837,20,1.1411845684051514
13838,23,1.3373537063598633
13839,15,0.6025394797325134
13840,15,0.6539810299873352
13841,14,0.5197617411613464
13842,27,1.5125384330749512
13843,27,1.5274524688720703
13844,25,1.4538612365722656
13845,15,0.667445957660675
13846,26,1.4803121089935303
13847,16,0.7246223092079163
13848,15,0.6892918944358826
13849,16,0.7094109654426575
13850,20,1.1386847496032715
13851,23,1.3432457447052002
13852,5,-1.228462815284729
13853,30,1.600353479385376
13854,25,1.431955337524414
13855,24,1.356513261795044
13856,21,1.209383487701416
13857,21,1.1518940925598145
13858,16,0.7006461024284363
13859,15,0.5986703038215637
13860,28,1.5502943992614746
13861,16,0.7839723229408264
13862,24,1.355635166168213
13863,15,0.6575492024421692
13864,16,0.7130014300346375
13865,23,1.3249635696411133
13866,14,0.5392891764640808
13867,28,1.567457675933838
13868,22,1.2420995235443115
13869,23,1.3085122108459473
13870,22,1.2833869457244873
13871,13,0.3798448443412781
13872,15,0.6486690640449524
13873,15,0.5957775712013245
13874,17,0.8065986037254333
13875,25,1.4210424423217773
13876,1,-2.832751750946045
13877,29,1.591637134552002
13878,26,1.4764578342437744
13879,24,1.396803855895996
13880,17,0.8115021586418152
13881,16,0.7101467251777649
13882,19,1.0361688137054443
13883,22,1.2703697681427002
13884,17,0.8868775963783264
13885,15,0.5988088250160217
13886,24,1.3812456130981445
13887,25,1.412799596786499
13888,4,-1.6674151420593262
13889,15,0.6131582856178284
13890,30,1.6150665283203125
13891,16,0.7209314703941345
13892,24,1.352095603942871
13893,15,0.6332020163536072
13894,22,1.2794432640075684
13895,15,0.6350379586219788
13896,24,1.3694069385528564
13897,15,0.6328273415565491
13898,28,1.5462586879730225
13899,17,0.824763834476471
13900,16,0.7183292508125305
13901,30,1.6116392612457275
13902,17,0.8591141104698181
13903,15,0.6595656275749207
13904,16,0.7724336981773376
13905,24,1.3530216217041016
13906,15,0.6468273997306824
13907,16,0.7337127327919006
13908,16,0.8031343817710876
13909,28,1.555997371673584
13910,15,0.6332188248634338
13911,25,1.4106810092926025
13912,28,1.548218011856079
13913,28,1.5657060146331787
13914,21,1.2206172943115234
13915,17,0.8785386681556702
13916,15,0.6805735230445862
13917,28,1.544966220855713
13918,13,0.3625050187110901
13919,17,0.8798715472221375
13920,23,1.3428394794464111
13921,23,1.3196687698364258
13922,16,0.7230663895606995
13923,2,-2.6077003479003906
13924,18,0.9027696251869202
13925,16,0.7940636277198792
13926,30,1.6152191162109375
13927,15,0.6708975434303284
13928,15,0.6319881081581116
13929,30,1.6091108322143555
13930,27,1.5131022930145264
13931,18,0.9832351803779602
13932,15,0.6252864003181458
13933,14,0.5614952445030212
13934,16,0.7623823285102844
13935,16,0.6995061039924622
13936,29,1.5902040004730225
13937,18,0.9128720164299011
13938,24,1.3778026103973389
13939,17,0.8393517136573792
13940,23,1.3199512958526611
13941,27,1.5170037746429443
13942,18,0.9425979256629944
13943,29,1.5801975727081299
13944,20,1.0931413173675537
13945,13,0.35210996866226196
13946,15,0.6603906750679016
13947,15,0.6953887343406677
13948,28,1.5483450889587402
13949,15,0.6422949433326721
13950,19,1.0418126583099365
13951,14,0.5078245997428894
13952,15,0.5997858643531799
13953,18,0.96917325258255
13954,23,1.3391730785369873
13955,28,1.5698208808898926
13956,29,1.584923267364502
13957,16,0.701900064945221
13958,15,0.6769910454750061
13959,16,0.7990811467170715
13960,26,1.4648957252502441
13961,22,1.27028489112854
13962,15,0.5957269072532654
13963,16,0.7631048560142517
13964,30,1.6146526336669922
13965,25,1.457702398300171
13966,25,1.445981502532959
13967,30,1.612541675567627
13968,12,0.22832053899765015
13969,16,0.7456623911857605
13970,22,1.2891120910644531
13971,17,0.8777052760124207
13972,23,1.3174505233764648
13973,16,0.757748544216156
13974,18,0.9056459069252014
13975,24,1.371995210647583
13976,28,1.5642004013061523
13977,21,1.2133467197418213
13978,21,1.1791348457336426
13979,17,0.8184413313865662
13980,1,-2.841097116470337
13981,17,0.8517400622367859
13982,24,1.3994898796081543
13983,14,0.5547839999198914
13984,18,0.8989388346672058
13985,24,1.369943618774414
13986,22,1.226994276046753
13987,27,1.5208113193511963
13988,17,0.8442761301994324
13989,24,1.352919101715088
13990,23,1.2974908351898193
13991,28,1.5488157272338867
13992,25,1.4145400524139404
13993,27,1.5100882053375244
13994,16,0.7616898417472839
13995,20,1.11826753616333
13996,15,0.6343168616294861
13997,14,0.4914705157279968
13998,27,1.5064330101013184
13999,15,0.6480627655982971
14000,16,0.7797302603721619
14001,23,1.3252089023590088
14002,24,1.3735954761505127
14003,11,0.023023128509521484
14004,18,0.9109082818031311
14005,14,0.4853643774986267
14006,16,0.790736734867096
14007,16,0.7711179852485657
14008,14,0.49186164140701294
14009,24,1.3518469333648682
14010,27,1.5308988094329834
14011,23,1.2918365001678467
14012,22,1.2292025089263916
14013,29,1.5935626029968262
14014,21,1.1808197498321533
14015,16,0.7971646189689636
14016,15,0.6504912972450256
14017,23,1.310607671737671
14018,22,1.288501501083374
14019,17,0.8172276616096497
14020,17,0.8597051501274109
14021,16,0.7868519425392151
14022,22,1.276366949081421
14023,15,0.6818345189094543
14024,3,-2.089533567428589
14025,15,0.5985557436943054
14026,24,1.396146535873413
14027,15,0.6740159392356873
14028,17,0.8956919312477112
14029,29,1.5848734378814697
14030,12,0.323908269405365
14031,17,0.8448687195777893
14032,11,0.08561402559280396
14033,1,-2.83188533782959
14034,27,1.513289213180542
14035,16,0.7768396735191345
14036,22,1.2526094913482666
14037,1,-2.750314235687256
14038,16,0.715903103351593
14039,23,1.3430664539337158
14040,23,1.314964771270752
14041,17,0.8361098170280457
14042,15,0.6365571618080139
14043,22,1.2610461711883545
14044,14,0.5497717261314392
14045,24,1.378404140472412
14046,23,1.3258934020996094
14047,16,0.737018883228302
14048,24,1.3655407428741455
14049,27,1.5098373889923096
14050,23,1.3376853466033936
14051,22,1.2279038429260254
14052,17,0.8100792765617371
14053,15,0.6935153603553772
14054,15,0.6236788630485535
14055,24,1.3769981861114502
14056,17,0.8737861514091492
14057,14,0.5703908801078796
14058,15,0.695985734462738
14059,14,0.5818131566047668
14060,11,0.17277759313583374
14061,13,0.4113907217979431
14062,15,0.6600443720817566
14063,7,-0.805655300617218
14064,26,1.4643504619598389
14065,16,0.6991329789161682
14066,8,-0.41330957412719727
14067,15,0.6631956696510315
14068,14,0.5634531378746033
14069,17,0.8779093623161316
14070,28,1.5635716915130615
14071,23,1.2966232299804688
14072,24,1.3521087169647217
14073,17,0.8112534880638123
14074,17,0.8238067030906677
14075,9,-0.20484304428100586
14076,16,0.7157089114189148
14077,15,0.694570004940033
14078,16,0.7356705069541931
14079,15,0.6173043847084045
14080,19,1.0649147033691406
14081,19,1.0241687297821045
14082,25,1.441746711730957
14083,29,1.5824835300445557
14084,16,0.7701027989387512
14085,25,1.4152615070343018
14086,1,-2.7552907466888428
14087,29,1.5799853801727295
14088,16,0.7394832968711853
14089,22,1.2433497905731201
14090,15,0.694694459438324
14091,24,1.3688485622406006
14092,30,1.6025185585021973
14093,22,1.2846786975860596
14094,25,1.4423155784606934
14095,30,1.6134109497070312
14096,28,1.5482964515686035
14097,28,1.5609607696533203
14098,15,0.6194178462028503
14099,16,0.7832518219947815
14100,28,1.5450479984283447
14101,16,0.7280836701393127
14102,23,1.3470306396484375
14103,25,1.4083242416381836
14104,16,0.7767569422721863
14105,16,0.7478038668632507
14106,25,1.4216532707214355
14107,23,1.3407676219940186
14108,27,1.5181972980499268
14109,14,0.473192036151886
14110,29,1.5932955741882324
14111,16,0.7577033638954163
14112,13,0.443634569644928
14113,14,0.5447576642036438
14114,15,0.6565062403678894
14115,25,1.4313466548919678
14116,15,0.6324521899223328
14117,16,0.787763774394989
14118,16,0.7032398581504822
14119,28,1.5443594455718994
14120,16,0.7701066136360168
14121,14,0.5705727934837341
14122,15,0.6471269726753235
14123,30,1.607086420059204
14124,16,0.7389172911643982
14125,21,1.1940443515777588
14126,16,0.7297410368919373
14127,16,0.7775750756263733
14128,25,1.443847894668579
14129,16,0.7371347546577454
14130,15,0.6909101605415344
14131,25,1.452186107635498
14132,21,1.2163281440734863
14133,27,1.5224974155426025
14134,15,0.612700879573822
14135,28,1.5531606674194336
14136,26,1.495373010635376
14137,15,0.6818615794181824
14138,25,1.4511439800262451
14139,28,1.5601863861083984
14140,18,0.9321945309638977
14141,16,0.7435509562492371
14142,25,1.4232182502746582
14143,1,-2.8271164894104004
14144,16,0.7596697211265564
14145,25,1.4222016334533691
14146,21,1.2107439041137695
14147,15,0.6459279656410217
14148,16,0.7867273688316345
14149,14,0.5109713673591614
14150,17,0.8049336075782776
14151,16,0.7444677948951721
14152,23,1.305542230606079
14153,21,1.2122912406921387
14154,24,1.3696348667144775
14155,23,1.3099174499511719
14156,16,0.7328314185142517
14157,16,0.7974449992179871
14158,23,1.3235104084014893
14159,18,0.970958411693573
14160,1,-2.829848051071167
14161,26,1.4670464992523193
14162,10,-0.12374264001846313
14163,13,0.41816598176956177
14164,16,0.8009828925132751
14165,17,0.8323908448219299
14166,21,1.2025504112243652
14167,15,0.6104599833488464
14168,15,0.6211721301078796
14169,23,1.2972376346588135
14170,24,1.397845983505249
14171,16,0.8041015267372131
14172,15,0.612693727016449
14173,17,0.8054593205451965
14174,24,1.3577749729156494
14175,18,0.9505886435508728
14176,16,0.7949385046958923
14177,26,1.4870429039001465
14178,16,0.7775829434394836
14179,16,0.770691454410553
14180,16,0.77072674036026
14181,16,0.7568607926368713
14182,14,0.5685366988182068
14183,25,1.4112937450408936
14184,25,1.4150941371917725
14185,25,1.4580700397491455
14186,26,1.4747123718261719
14187,17,0.8538309931755066
14188,16,0.7689496874809265
14189,15,0.6237214207649231
14190,25,1.4479784965515137
14191,30,1.6097350120544434
14192,24,1.3603711128234863
14193,16,0.7336763739585876
14194,14,0.49781137704849243
14195,16,0.7482276558876038
14196,23,1.308570384979248
14197,27,1.5378515720367432
14198,14,0.5580366253852844
14199,23,1.337087631225586
14200,21,1.2075178623199463
14201,19,1.0140018463134766
14202,17,0.8136959671974182
14203,24,1.3900022506713867
14204,23,1.3411283493041992
14205,15,0.675905168056488
14206,14,0.5533338189125061
14207,23,1.3403713703155518
14208,23,1.3422865867614746
14209,27,1.5045583248138428
14210,24,1.3720147609710693
14211,15,0.5936666131019592
14212,25,1.419693946838379
14213,29,1.574660062789917
14214,25,1.4156019687652588
14215,15,0.6633850932121277
14216,19,0.9994249939918518
14217,26,1.4829144477844238
14218,13,0.4540638327598572
14219,17,0.8584639430046082
14220,22,1.27630615234375
14221,26,1.4607419967651367
14222,16,0.7374748587608337
14223,18,0.9228357672691345
14224,30,1.6029624938964844
14225,23,1.307126522064209
14226,16,0.7268458008766174
14227,14,0.5398485064506531
14228,24,1.3494372367858887
14229,25,1.445197343826294
14230,15,0.6813580393791199
14231,22,1.2472410202026367
14232,2,-2.6216964721679688
14233,16,0.7801823019981384
14234,10,-0.031134724617004395
14235,28,1.5668768882751465
14236,16,0.728992760181427
14237,17,0.8139814734458923
14238,23,1.3224828243255615
14239,29,1.5800769329071045
14240,16,0.7396643757820129
14241,29,1.5754759311676025
14242,22,1.2886481285095215
14243,24,1.396693229675293
14244,24,1.3910608291625977
14245,16,0.7935847640037537
14246,27,1.5097813606262207
14247,16,0.7713770270347595
14248,17,0.8216487765312195
14249,28,1.5629146099090576
14250,21,1.2030839920043945
14251,17,0.8931817412376404
14252,16,0.7948948740959167
14253,17,0.8900251984596252
14254,17,0.8093021512031555
14255,27,1.5362217426300049
14256,25,1.4129729270935059
14257,16,0.7886025309562683
14258,15,0.6277175545692444
14259,25,1.4581730365753174
14260,23,1.2945654392242432
14261,16,0.7420589327812195
14262,22,1.232175350189209
14263,13,0.3917904496192932
14264,16,0.7151479125022888
14265,25,1.4071521759033203
14266,24,1.3796851634979248
14267,17,0.8866059184074402
14268,17,0.8339548707008362
14269,23,1.3001623153686523
14270,21,1.2192413806915283
14271,16,0.7857292294502258
14272,25,1.4341137409210205
14273,16,0.7895793318748474
14274,17,0.8789166808128357
14275,17,0.8593941330909729
14276,26,1.4858109951019287
14277,19,1.05818772315979
14278,20,1.0721008777618408
14279,14,0.5384880900382996
14280,25,1.4441859722137451
14281,20,1.111332893371582
14282,28,1.5646286010742188
14283,20,1.0957751274108887
14284,13,0.37345367670059204
14285,19,1.0535714626312256
14286,16,0.8039477467536926
14287,16,0.7432017922401428
14288,25,1.45723295211792
14289,22,1.2645323276519775
14290,15,0.676784336566925
14291,17,0.8207593560218811
14292,21,1.2238733768463135
14293,17,0.8587920069694519
14294,15,0.6250250935554504
14295,15,0.6055848002433777
14296,14,0.5726718306541443
14297,23,1.3016464710235596
14298,14,0.5466547608375549
14299,23,1.2908143997192383
14300,25,1.432568073272705
14301,9,-0.31569117307662964
14302,17,0.8046106696128845
14303,17,0.8248546719551086
14304,24,1.361088752746582
14305,17,0.8808121085166931
14306,16,0.7383032441139221
14307,15,0.5877639651298523
14308,24,1.3687503337860107
14309,16,0.7738863825798035
14310,24,1.3518128395080566
14311,29,1.5827879905700684
14312,16,0.7001851201057434
14313,16,0.8023741841316223
14314,23,1.3149871826171875
14315,16,0.7350755333900452
14316,15,0.6819059252738953
14317,27,1.53379487991333
14318,14,0.47728806734085083
14319,28,1.5542480945587158
14320,17,0.8259626030921936
14321,24,1.3574678897857666
14322,17,0.8456540703773499
14323,17,0.8530063033103943
14324,17,0.8360834717750549
14325,26,1.466479778289795
14326,24,1.3960213661193848
14327,14,0.5388033986091614
14328,24,1.405707836151123
14329,22,1.257418155670166
14330,24,1.3601830005645752
14331,26,1.4638371467590332
14332,16,0.7033490538597107
14333,17,0.8216784596443176
14334,16,0.7109670042991638
14335,16,0.7261063456535339
14336,16,0.7860227227210999
14337,17,0.8921917080879211
14338,24,1.399681568145752
14339,24,1.3502447605133057
14340,29,1.5850961208343506
14341,16,0.7267748713493347
14342,15,0.6267089247703552
14343,26,1.490818977355957
14344,16,0.7037683129310608
14345,16,0.8033166527748108
14346,17,0.8222734332084656
14347,16,0.7898572087287903
14348,16,0.790276825428009
14349,1,-2.8288300037384033
14350,16,0.7615241408348083
14351,18,0.9143374562263489
14352,19,1.0609149932861328
14353,17,0.865986168384552
14354,18,0.9360372424125671
14355,16,0.7373173832893372
14356,16,0.7289384007453918
14357,16,0.784378707408905
14358,18,0.9354987740516663
14359,24,1.3819305896759033
14360,17,0.8101751208305359
14361,29,1.59739351272583
14362,27,1.539426565170288
14363,18,0.9203037619590759
14364,20,1.1149256229400635
14365,16,0.7910857796669006
14366,18,0.9646028876304626
14367,17,0.8108682036399841
14368,16,0.7650582194328308
14369,16,0.7687422633171082
14370,17,0.8277062773704529
14371,15,0.6884484887123108
14372,23,1.314769983291626
14373,15,0.6655001044273376
14374,28,1.5736637115478516
14375,16,0.7497817873954773
14376,16,0.7831920981407166
14377,17,0.8671301007270813
14378,16,0.7480568289756775
14379,16,0.7177407145500183
14380,20,1.0773754119873047
14381,25,1.4265706539154053
14382,13,0.42086154222488403
14383,15,0.6324658989906311
14384,30,1.6129331588745117
14385,30,1.6120424270629883
14386,25,1.4472227096557617
14387,10,-0.0498204231262207
14388,1,-2.8384506702423096
14389,16,0.7171126008033752
14390,17,0.804465115070343
14391,16,0.7538238167762756
14392,23,1.3313219547271729
14393,18,0.9286009669303894
14394,16,0.6981067061424255
14395,28,1.5670557022094727
14396,24,1.3979201316833496
14397,28,1.5490763187408447
14398,28,1.5673251152038574
14399,28,1.5507612228393555
14400,25,1.424034595489502
14401,24,1.3715577125549316
14402,30,1.6114673614501953
14403,15,0.6332957148551941
14404,23,1.2983622550964355
14405,22,1.227189540863037
14406,17,0.8624133467674255
14407,8,-0.5384337306022644
14408,23,1.3124258518218994
14409,25,1.4102370738983154
14410,17,0.8972540497779846
14411,16,0.7456400990486145
14412,17,0.8864009976387024
14413,23,1.3187847137451172
14414,17,0.8689268231391907
14415,17,0.8311156630516052
14416,16,0.7365676760673523
14417,15,0.6904577612876892
14418,16,0.7597641348838806
14419,27,1.5331425666809082
14420,16,0.7404695153236389
14421,19,0.9996673464775085
14422,16,0.7629837393760681
14423,27,1.5060551166534424
14424,16,0.7496580481529236
14425,16,0.7021651864051819
14426,15,0.6018063426017761
14427,16,0.7268592715263367
14428,17,0.8063356280326843
14429,17,0.8287757039070129
14430,15,0.6798704266548157
14431,17,0.8484439253807068
14432,15,0.688195526599884
14433,17,0.8603834509849548
14434,16,0.781547486782074
14435,28,1.573723316192627
14436,16,0.7967601418495178
14437,16,0.7179508805274963
14438,17,0.8406859040260315
14439,27,1.5063755512237549
14440,17,0.8516804575920105
14441,28,1.5467674732208252
14442,16,0.7777138352394104
14443,17,0.811613142490387
14444,29,1.5944368839263916
14445,15,0.6658535599708557
14446,23,1.3199284076690674
14447,22,1.2290873527526855
14448,16,0.7364935278892517
14449,15,0.6505112051963806
14450,16,0.7832209467887878
14451,16,0.7631033062934875
14452,29,1.5869765281677246
14453,17,0.872467577457428
14454,16,0.7595351338386536
14455,15,0.6070249676704407
14456,24,1.3705909252166748
14457,18,0.9204933047294617
14458,16,0.7534665465354919
14459,23,1.3407726287841797
14460,28,1.5654246807098389
14461,23,1.3361070156097412
14462,12,0.3302587866783142
14463,17,0.853686511516571
14464,21,1.2169792652130127
14465,13,0.3912861943244934
14466,16,0.7775117754936218
14467,25,1.4515388011932373
14468,27,1.5334057807922363
14469,15,0.6051737666130066
14470,26,1.478095531463623
14471,19,1.0429260730743408
14472,29,1.57916259765625
14473,15,0.6858091950416565
14474,25,1.426117181777954
14475,28,1.5662720203399658
14476,25,1.4240896701812744
14477,17,0.8231449723243713
14478,16,0.8022105097770691
14479,20,1.089482307434082
14480,16,0.7351750731468201
14481,16,0.790368378162384
14482,26,1.4628791809082031
14483,21,1.1912462711334229
14484,16,0.7269590497016907
14485,16,0.7576720118522644
14486,17,0.8735345005989075
14487,16,0.7823000550270081
14488,18,0.9332436919212341
14489,15,0.639120876789093
14490,16,0.7808125615119934
14491,17,0.8177487254142761
14492,28,1.5586345195770264
14493,16,0.7907096743583679
14494,17,0.8617067933082581
14495,16,0.794396698474884
14496,27,1.5271108150482178
14497,12,0.23960357904434204
14498,23,1.3410224914550781
14499,28,1.5598385334014893
14500,26,1.4757542610168457
14501,17,0.8367173075675964
14502,17,0.8496108651161194
14503,17,0.8385177254676819
14504,16,0.7799747586250305
14505,16,0.7665272355079651
14506,10,-0.11622089147567749
14507,16,0.747176468372345
14508,30,1.6047885417938232
14509,25,1.4490375518798828
14510,21,1.2047781944274902
14511,28,1.5701730251312256
14512,30,1.6147856712341309
14513,17,0.8443499207496643
14514,17,0.8346906304359436
14515,15,0.6532651782035828
14516,30,1.612480640411377
14517,25,1.4499990940093994
14518,25,1.4241650104522705
14519,17,0.8819453120231628
14520,14,0.5429386496543884
14521,14,0.5387925505638123
14522,30,1.6047801971435547
14523,16,0.7931088805198669
14524,15,0.6545311808586121
14525,27,1.5088574886322021
14526,17,0.8057473301887512
14527,24,1.3529560565948486
14528,1,-2.7769505977630615
14529,22,1.2759592533111572
14530,16,0.7982137799263
14531,27,1.5265445709228516
14532,22,1.2604670524597168
14533,29,1.5767948627471924
14534,28,1.5541441440582275
14535,16,0.7427950501441956
14536,13,0.37665265798568726
14537,17,0.885335385799408
14538,29,1.595329999923706
14539,16,0.6989808678627014
14540,16,0.7700746655464172
14541,14,0.48611122369766235
14542,28,1.5504586696624756
14543,23,1.2923030853271484
14544,28,1.5626423358917236
14545,18,0.917479932308197
14546,14,0.5381329655647278
14547,17,0.8381742835044861
14548,17,0.8334388136863708
14549,1,-2.837444543838501
14550,22,1.2835438251495361
14551,17,0.8962419629096985
14552,29,1.5936298370361328
14553,17,0.8872302174568176
14554,28,1.5667119026184082
14555,17,0.8595042824745178
14556,19,1.0204310417175293
14557,17,0.8292973637580872
14558,16,0.716917097568512
14559,23,1.3023152351379395
14560,16,0.7937518954277039
14561,16,0.7871376872062683
14562,18,0.9097582697868347
14563,24,1.361954689025879
14564,11,0.042431771755218506
14565,16,0.7936808466911316
14566,19,1.068293809890747
14567,15,0.6880198121070862
14568,28,1.5567166805267334
14569,28,1.5568959712982178
14570,17,0.8476946949958801
14571,23,1.3263015747070312
14572,14,0.46755605936050415
14573,17,0.8556163907051086
14574,17,0.8281486630439758
14575,1,-2.8117079734802246
14576,18,0.9611073136329651
14577,17,0.8234719634056091
14578,18,0.9383090138435364
14579,16,0.7548225522041321
14580,7,-0.6899830102920532
14581,15,0.6436601281166077
14582,26,1.5010628700256348
14583,25,1.4281063079833984
14584,16,0.7838959097862244
14585,17,0.8164348006248474
14586,16,0.8028344511985779
14587,17,0.8311606049537659
14588,13,0.4398542046546936
14589,3,-2.0944879055023193
14590,17,0.8881507515907288
14591,18,0.9116383194923401
14592,17,0.863858163356781
14593,16,0.7838520407676697
14594,25,1.4337174892425537
14595,15,0.6676998734474182
14596,17,0.8461249470710754
14597,1,-2.842410087585449
14598,15,0.6908345818519592
14599,17,0.8445562720298767
14600,16,0.7040113806724548
14601,3,-2.1230974197387695
14602,24,1.3868134021759033
14603,23,1.3410296440124512
14604,17,0.8824931979179382
14605,16,0.7259138226509094
14606,18,0.9128929972648621
14607,23,1.293245553970337
14608,18,0.9114877581596375
14609,16,0.7293666005134583
14610,16,0.7943829894065857
14611,24,1.4015486240386963
14612,17,0.8115753531455994
14613,12,0.20264846086502075
14614,27,1.5229134559631348
14615,17,0.8056222796440125
14616,16,0.7898133397102356
14617,24,1.370582103729248
14618,22,1.2690656185150146
14619,16,0.7909474968910217
14620,27,1.5241665840148926
14621,25,1.4534845352172852
14622,21,1.1977043151855469
14623,15,0.6082424521446228
14624,7,-0.6879204511642456
14625,21,1.1960511207580566
14626,23,1.3263170719146729
14627,25,1.4462542533874512
14628,14,0.549805223941803
14629,15,0.6206222176551819
14630,16,0.7031530737876892
14631,25,1.4230930805206299
14632,24,1.390151023864746
14633,25,1.4394989013671875
14634,26,1.497260332107544
14635,23,1.330427885055542
14636,24,1.3520333766937256
14637,25,1.4120168685913086
14638,24,1.3949790000915527
14639,24,1.401871681213379
14640,17,0.8049036860466003
14641,14,0.560731828212738
14642,15,0.65619295835495
14643,18,0.9675273299217224
14644,21,1.1715915203094482
14645,15,0.6878803372383118
14646,16,0.7052306532859802
14647,5,-1.2374882698059082
14648,16,0.7429892420768738
14649,16,0.7904639840126038
14650,29,1.5922043323516846
14651,17,0.8285840153694153
14652,30,1.614281415939331
14653,18,0.9104918837547302
14654,26,1.4847559928894043
14655,18,0.91305011510849
14656,17,0.8253628611564636
14657,25,1.4188005924224854
14658,16,0.7859618067741394
14659,19,1.059661865234375
14660,27,1.5422556400299072
14661,1,-2.8000106811523438
14662,21,1.1516056060791016
14663,15,0.6850079894065857
14664,25,1.4363515377044678
14665,18,0.9507519602775574
14666,15,0.6964141726493835
14667,16,0.78621906042099
14668,2,-2.3625426292419434
14669,17,0.8083371520042419
14670,2,-2.364140033721924
14671,23,1.3210299015045166
14672,20,1.0934998989105225
14673,27,1.5111048221588135
14674,17,0.8298330903053284
14675,23,1.3405869007110596
14676,14,0.5716461539268494
14677,17,0.8253151774406433
14678,22,1.2424249649047852
14679,30,1.6149353981018066
14680,17,0.818586528301239
14681,26,1.4729623794555664
14682,16,0.7694472670555115
14683,16,0.7436835169792175
14684,17,0.84161776304245
14685,25,1.435166597366333
14686,18,0.9866840243339539
14687,30,1.6090123653411865
14688,17,0.8610531687736511
14689,5,-1.3088440895080566
14690,24,1.383195161819458
14691,20,1.1219279766082764
14692,19,1.0080687999725342
14693,25,1.4193611145019531
14694,28,1.5594100952148438
14695,29,1.5945796966552734
14696,18,0.9352695345878601
14697,15,0.6032904982566833
14698,17,0.8251357674598694
14699,26,1.4618921279907227
14700,16,0.8005495667457581
14701,16,0.7642820477485657
14702,19,0.9996377825737
14703,17,0.8589146733283997
14704,1,-2.824899673461914
14705,25,1.4507851600646973
14706,1,-2.8328545093536377
14707,17,0.8047624230384827
14708,17,0.8646661639213562
14709,16,0.7117545008659363
14710,18,0.9409077763557434
14711,15,0.6608768105506897
14712,27,1.5095915794372559
14713,17,0.8633164763450623
14714,25,1.4259648323059082
14715,17,0.8698522448539734
14716,17,0.8487932085990906
14717,23,1.2945384979248047
14718,17,0.8461224436759949
14719,18,0.984355628490448
14720,16,0.7731344103813171
14721,18,0.917449414730072
14722,15,0.6832384467124939
14723,29,1.5883817672729492
14724,25,1.422051191329956
14725,16,0.7623023390769958
14726,17,0.8403109908103943
14727,18,0.919564425945282
14728,18,0.9527518153190613
14729,16,0.7813223004341125
14730,18,0.9189164042472839
14731,16,0.7460660338401794
14732,28,1.5440244674682617
14733,17,0.8654597401618958
14734,24,1.391587495803833
14735,29,1.5863709449768066
14736,30,1.611790657043457
14737,19,1.0640814304351807
14738,17,0.8549690842628479
14739,17,0.8122416138648987
14740,23,1.3060214519500732
14741,17,0.8056910634040833
14742,17,0.8102462887763977
14743,26,1.4597549438476562
14744,23,1.3176922798156738
14745,30,1.614680290222168
14746,16,0.7012471556663513
14747,16,0.8001137375831604
14748,25,1.4328134059906006
14749,20,1.108510971069336
14750,16,0.7720822691917419
14751,16,0.7957985997200012
14752,24,1.3865783214569092
14753,18,0.923861563205719
14754,25,1.440079689025879
14755,17,0.8198110461235046
14756,14,0.4697180390357971
14757,25,1.407043218612671
14758,25,1.442823886871338
14759,26,1.4731223583221436
14760,2,-2.5946462154388428
14761,8,-0.4603544771671295
14762,25,1.4086742401123047
14763,17,0.8947734236717224
14764,17,0.884922444820404
14765,17,0.8511198163032532
14766,17,0.8115668892860413
14767,18,0.9805166125297546
14768,28,1.5614943504333496
14769,23,1.3475470542907715
14770,25,1.4366943836212158
14771,1,-2.8260767459869385
14772,17,0.8584213852882385
14773,16,0.7564747929573059
14774,18,0.9450317025184631
14775,17,0.8726493716239929
14776,18,0.9064870476722717
14777,23,1.3203718662261963
14778,22,1.2812669277191162
14779,16,0.7734255194664001
14780,23,1.3411638736724854
14781,14,0.5693921446800232
14782,18,0.9029815793037415
14783,28,1.558600664138794
14784,1,-2.80317759513855
14785,24,1.385071039199829
14786,27,1.533613920211792
14787,19,1.0668549537658691
14788,16,0.7691889405250549
14789,23,1.3035621643066406
14790,28,1.5485920906066895
14791,28,1.5670409202575684
14792,17,0.8148754239082336
14793,18,0.9015393853187561
14794,18,0.9178516268730164
14795,23,1.3388948440551758
14796,17,0.8636757731437683
14797,28,1.5674543380737305
14798,16,0.7961665987968445
14799,18,0.9611191153526306
14800,22,1.239173173904419
14801,16,0.796396791934967
14802,25,1.4194920063018799
14803,24,1.404749870300293
14804,27,1.5294561386108398
14805,24,1.3572874069213867
14806,18,0.9716131091117859
14807,16,0.7288945317268372
14808,27,1.5235438346862793
14809,30,1.6138989925384521
14810,26,1.4832067489624023
14811,18,0.9687355160713196
14812,27,1.5340690612792969
14813,18,0.9175829291343689
14814,18,0.9186115860939026
14815,25,1.4402215480804443
14816,24,1.3980858325958252
14817,17,0.8549697995185852
14818,22,1.2378101348876953
14819,17,0.8097465634346008
14820,15,0.6517029404640198
14821,27,1.5147535800933838
14822,16,0.7647395730018616
14823,17,0.8672680258750916
14824,2,-2.5368568897247314
14825,16,0.7352190613746643
14826,17,0.8901471495628357
14827,26,1.4596595764160156
14828,22,1.231461763381958
14829,24,1.3941843509674072
14830,17,0.8970981240272522
14831,20,1.0776231288909912
14832,24,1.3744642734527588
14833,15,0.6196370720863342
14834,25,1.4428465366363525
14835,23,1.2996277809143066
14836,17,0.8731960654258728
14837,16,0.7969797253608704
14838,27,1.5362763404846191
14839,6,-0.9605339765548706
14840,18,0.9401236176490784
14841,16,0.7212705016136169
14842,17,0.8540483117103577
14843,16,0.7229037880897522
14844,17,0.8815240263938904
14845,17,0.835425078868866
14846,24,1.3754844665527344
14847,17,0.864798367023468
14848,18,0.899928629398346
14849,13,0.4163917899131775
14850,17,0.883741557598114
14851,29,1.595099925994873
14852,16,0.7548553347587585
14853,17,0.8309890627861023
14854,17,0.8766091465950012
14855,17,0.8936477303504944
14856,29,1.575185775756836
14857,18,0.9543556571006775
14858,24,1.3850781917572021
14859,25,1.4078564643859863
14860,23,1.3333065509796143
14861,18,0.9057548642158508
14862,27,1.5178954601287842
14863,18,0.9876119494438171
14864,17,0.894766628742218
14865,28,1.5726232528686523
14866,1,-2.8428666591644287
14867,17,0.8160626292228699
14868,28,1.5672340393066406
14869,9,-0.28253936767578125
14870,24,1.3852880001068115
14871,27,1.5243775844573975
14872,25,1.4497578144073486
14873,17,0.82876056432724
14874,16,0.792186439037323
14875,26,1.479785442352295
14876,28,1.5576279163360596
14877,17,0.888936460018158
14878,18,0.9310961365699768
14879,18,0.9201536774635315
14880,18,0.9387791752815247
14881,17,0.835591733455658
14882,15,0.6971214413642883
14883,16,0.8031819462776184
14884,23,1.2949237823486328
14885,14,0.5557041764259338
14886,28,1.558417558670044
14887,17,0.8122194409370422
14888,23,1.3201806545257568
14889,28,1.5510177612304688
14890,7,-0.6452186107635498
14891,25,1.409165620803833
14892,23,1.3204340934753418
14893,25,1.4296910762786865
14894,26,1.4964876174926758
14895,27,1.537397861480713
14896,18,0.8994444012641907
14897,1,-2.836730718612671
14898,17,0.8246751427650452
14899,18,0.9693796038627625
14900,18,0.9868014454841614
14901,26,1.4654083251953125
14902,25,1.4137811660766602
14903,17,0.8796849846839905
14904,17,0.8166890740394592
14905,18,0.9451897740364075
14906,24,1.403667688369751
14907,16,0.7789118885993958
14908,22,1.271735668182373
14909,25,1.4156737327575684
14910,16,0.762348473072052
14911,23,1.297358751296997
14912,23,1.3470978736877441
14913,17,0.8353955149650574
14914,18,0.9210593104362488
14915,16,0.7796632647514343
14916,27,1.5356817245483398
14917,16,0.7596763968467712
14918,17,0.8924259543418884
14919,18,0.9439577460289001
14920,16,0.7863988280296326
14921,17,0.8331506848335266
14922,17,0.8800211548805237
14923,18,0.9246469140052795
14924,23,1.315612554550171
14925,18,0.9051433205604553
14926,17,0.8676493763923645
14927,16,0.7394950985908508
14928,24,1.4046008586883545
14929,19,1.0422947406768799
14930,21,1.1728096008300781
14931,18,0.9231377243995667
14932,26,1.4786901473999023
14933,16,0.8010589480400085
14934,18,0.9493369460105896
14935,15,0.6929270625114441
14936,17,0.8490769267082214
14937,24,1.3996624946594238
14938,18,0.9700524210929871
14939,25,1.4326062202453613
14940,15,0.6392915844917297
14941,23,1.3037114143371582
14942,17,0.8314173817634583
14943,28,1.571875810623169
14944,16,0.8011792302131653
14945,28,1.564131736755371
14946,28,1.5649735927581787
14947,23,1.3345565795898438
14948,17,0.8864503502845764
14949,27,1.5316743850708008
14950,21,1.176912784576416
14951,14,0.49267059564590454
14952,27,1.5222268104553223
14953,17,0.8400489687919617
14954,25,1.42161226272583
14955,17,0.8244399428367615
14956,23,1.3465383052825928
14957,27,1.5204322338104248
14958,23,1.3193061351776123
14959,29,1.5902729034423828
14960,19,1.0447933673858643
14961,30,1.6124963760375977
14962,17,0.8246548771858215
14963,10,-0.12490487098693848
14964,19,1.0233821868896484
14965,18,0.9700155854225159
14966,28,1.5497558116912842
14967,17,0.8516227602958679
14968,14,0.47994452714920044
14969,17,0.8920734524726868
14970,16,0.7484892010688782
14971,25,1.4102001190185547
14972,23,1.3139081001281738
14973,17,0.8062817454338074
14974,22,1.2325079441070557
14975,17,0.8820319771766663
14976,30,1.6147220134735107
14977,24,1.383244276046753
14978,18,0.9466264843940735
14979,26,1.46170973777771
14980,19,1.0346009731292725
14981,29,1.5785071849822998
14982,17,0.872020423412323
14983,29,1.5897209644317627
14984,30,1.6006734371185303
14985,23,1.3001124858856201
14986,17,0.8097482323646545
14987,16,0.7203913331031799
14988,23,1.3421556949615479
14989,27,1.5389988422393799
14990,17,0.8658666014671326
14991,24,1.3652746677398682
14992,19,1.010838270187378
14993,16,0.7941628098487854
14994,19,1.0094172954559326
14995,15,0.6789065003395081
14996,26,1.458420753479004
14997,29,1.578376293182373
14998,16,0.7156214118003845
14999,23,1.2989141941070557
15000,3,-2.1744608879089355
15001,29,1.596012830734253
15002,16,0.7261688113212585
15003,17,0.8649128079414368
15004,30,1.6144633293151855
15005,17,0.8178127408027649
15006,17,0.8064987063407898
15007,18,0.938230574131012
15008,18,0.9571846127510071
15009,16,0.7756364941596985
15010,24,1.3959743976593018
15011,16,0.7196908593177795
15012,20,1.0760505199432373
15013,17,0.845729410648346
15014,26,1.4641201496124268
15015,23,1.29140043258667
15016,17,0.8493247628211975
15017,24,1.3757741451263428
15018,18,0.920958936214447
15019,25,1.4084482192993164
15020,28,1.5470852851867676
15021,19,1.0255801677703857
15022,28,1.5555000305175781
15023,23,1.3236658573150635
15024,17,0.8605504631996155
15025,18,0.9522374272346497
15026,16,0.7822596430778503
15027,18,0.9347156882286072
15028,22,1.2728772163391113
15029,29,1.5899145603179932
15030,29,1.585585355758667
15031,26,1.4624321460723877
15032,18,0.9037781357765198
15033,12,0.23480993509292603
15034,1,-2.840381145477295
15035,17,0.8560411334037781
15036,24,1.395545244216919
15037,25,1.4522416591644287
15038,18,0.9238191246986389
15039,22,1.2570536136627197
15040,3,-2.279848337173462
15041,17,0.8137423396110535
15042,25,1.4306809902191162
15043,24,1.3579401969909668
15044,17,0.8820328116416931
15045,17,0.8811481595039368
15046,18,0.9780980944633484
15047,18,0.9059622883796692
15048,17,0.8616355061531067
15049,30,1.6064772605895996
15050,15,0.5969987511634827
15051,18,0.9162785410881042
15052,27,1.5115172863006592
15053,26,1.4756524562835693
15054,25,1.41768217086792
15055,18,0.969471275806427
15056,30,1.6135525703430176
15057,23,1.2946839332580566
15058,18,0.9173893332481384
15059,17,0.8543024659156799
15060,24,1.3928248882293701
15061,19,0.9961639046669006
15062,18,0.9265541434288025
15063,18,0.9732117056846619
15064,18,0.9626712203025818
15065,17,0.8597894310951233
15066,17,0.8469344973564148
15067,17,0.8653648495674133
15068,24,1.3948266506195068
15069,18,0.9738922715187073
15070,29,1.58646821975708
15071,18,0.9519709944725037
15072,29,1.588449239730835
15073,22,1.2287030220031738
15074,24,1.3651432991027832
15075,26,1.4694488048553467
15076,29,1.5959601402282715
15077,18,0.9368539452552795
15078,17,0.8264253735542297
15079,1,-2.832274913787842
15080,20,1.0928969383239746
15081,3,-2.009497880935669
15082,17,0.875834047794342
15083,15,0.6937499642372131
15084,16,0.7688129544258118
15085,17,0.8665390610694885
15086,25,1.4516711235046387
15087,16,0.7999839186668396
15088,30,1.6151237487792969
15089,19,1.0611162185668945
15090,27,1.5194175243377686
15091,28,1.560171127319336
15092,17,0.8232758641242981
15093,17,0.8945381045341492
15094,17,0.8715435862541199
15095,18,0.9402498602867126
15096,24,1.3489360809326172
15097,22,1.2715868949890137
15098,26,1.501037836074829
15099,22,1.2412166595458984
15100,17,0.8209804892539978
15101,17,0.8562399744987488
15102,29,1.5840961933135986
15103,16,0.8004233241081238
15104,16,0.7954687476158142
15105,18,0.9489753842353821
15106,20,1.0928258895874023
15107,12,0.22984057664871216
15108,18,0.955055296421051
15109,17,0.8941016793251038
15110,22,1.2818107604980469
15111,17,0.8159083724021912
15112,17,0.8722252249717712
15113,27,1.53855562210083
15114,18,0.922307550907135
15115,18,0.9552666544914246
15116,25,1.4479827880859375
15117,17,0.8690962195396423
15118,17,0.8446796536445618
15119,17,0.881520688533783
15120,18,0.9840419888496399
15121,18,0.9388203024864197
15122,30,1.6145546436309814
15123,19,1.0336909294128418
15124,29,1.5956413745880127
15125,19,0.9985383152961731
15126,22,1.254772424697876
15127,17,0.8489990830421448
15128,25,1.4277911186218262
15129,24,1.3878188133239746
15130,29,1.5796191692352295
15131,17,0.8937507271766663
15132,19,1.0567777156829834
15133,19,0.9958485960960388
15134,25,1.4255321025848389
15135,18,0.9371345639228821
15136,18,0.9061573147773743
15137,15,0.6659169793128967
15138,18,0.912595808506012
15139,18,0.9724763035774231
15140,15,0.603786289691925
15141,27,1.5182416439056396
15142,17,0.8501182198524475
15143,17,0.8542320132255554
15144,29,1.5929203033447266
15145,27,1.5061008930206299
15146,26,1.4741594791412354
15147,23,1.3433547019958496
15148,25,1.4450459480285645
15149,19,0.989597499370575
15150,15,0.6236976981163025
15151,4,-1.5740864276885986
15152,27,1.5075225830078125
15153,17,0.8602604269981384
15154,17,0.8456347584724426
15155,18,0.9539191126823425
15156,24,1.3985772132873535
15157,12,0.30600064992904663
15158,16,0.7831659913063049
15159,27,1.5168533325195312
15160,27,1.5219988822937012
15161,17,0.8936281800270081
15162,29,1.581855058670044
15163,18,0.9663979411125183
15164,27,1.508340835571289
15165,23,1.3082191944122314
15166,25,1.4295017719268799
15167,23,1.3009586334228516
15168,25,1.4128501415252686
15169,1,-2.837404489517212
15170,17,0.8298892378807068
15171,17,0.8640318512916565
15172,24,1.354217290878296
15173,17,0.8962008357048035
15174,23,1.3281419277191162
15175,17,0.8762064576148987
15176,29,1.5927894115447998
15177,1,-2.8369297981262207
15178,16,0.7590264678001404
15179,24,1.3995697498321533
15180,25,1.4437882900238037
15181,23,1.3071467876434326
15182,17,0.8933022618293762
15183,28,1.5448980331420898
15184,18,0.9434083104133606
15185,28,1.5691502094268799
15186,18,0.9198983311653137
15187,18,0.9185536503791809
15188,17,0.8682088255882263
15189,18,0.9518917202949524
15190,12,0.3176005482673645
15191,16,0.7852522730827332
15192,25,1.44541597366333
15193,21,1.1850898265838623
15194,25,1.4391870498657227
15195,22,1.2737245559692383
15196,13,0.43017297983169556
15197,16,0.7889981865882874
15198,25,1.4249722957611084
15199,26,1.4768009185791016
15200,18,0.9602040648460388
15201,2,-2.3309152126312256
15202,24,1.3591456413269043
15203,17,0.8061150908470154
15204,24,1.3838980197906494
15205,17,0.8656103014945984
15206,29,1.5940468311309814
15207,25,1.4412438869476318
15208,19,1.0208420753479004
15209,19,1.005767583847046
15210,17,0.8798993229866028
15211,19,1.0219042301177979
15212,23,1.3031654357910156
15213,17,0.8634652495384216
15214,30,1.6036758422851562
15215,16,0.7251273989677429
15216,24,1.355536937713623
15217,17,0.8736432194709778
15218,24,1.3840076923370361
15219,18,0.950686514377594
15220,17,0.8467138409614563
15221,18,0.9619943499565125
15222,27,1.5204076766967773
15223,17,0.8971665501594543
15224,19,1.0544593334197998
15225,17,0.8723639845848083
15226,19,1.0527825355529785
15227,18,0.9226657748222351
15228,19,1.054203748703003
15229,18,0.9357690215110779
15230,28,1.566519021987915
15231,27,1.5091896057128906
15232,18,0.9179823994636536
15233,18,0.9234117865562439
15234,16,0.7534659504890442
15235,18,0.9298295378684998
15236,26,1.461259126663208
15237,9,-0.35978835821151733
15238,3,-2.1783318519592285
15239,18,0.9521207213401794
15240,30,1.6126151084899902
15241,24,1.3888883590698242
15242,14,0.5739002823829651
15243,7,-0.617843747138977
15244,19,1.0272879600524902
15245,19,0.9949809908866882
15246,19,1.0033764839172363
15247,17,0.8928434252738953
15248,26,1.4631855487823486
15249,17,0.8474809527397156
15250,16,0.7608744502067566
15251,30,1.6062726974487305
15252,25,1.4117519855499268
15253,24,1.3888740539550781
15254,16,0.7636794447898865
15255,20,1.1381371021270752
15256,17,0.8383355736732483
15257,27,1.5404903888702393
15258,18,0.9724261164665222
15259,29,1.5933668613433838
15260,7,-0.6150730848312378
15261,26,1.4740290641784668
15262,17,0.811763346195221
15263,22,1.2403926849365234
15264,27,1.5061790943145752
15265,18,0.9626150727272034
15266,25,1.4117305278778076
15267,24,1.3955395221710205
15268,25,1.4226641654968262
15269,19,1.0145597457885742
15270,19,1.004239797592163
15271,23,1.3233096599578857
15272,15,0.6587225794792175
15273,16,0.7939178347587585
15274,17,0.8401023745536804
15275,17,0.8880295157432556
15276,18,0.9144943356513977
15277,28,1.5561058521270752
15278,29,1.5912675857543945
15279,17,0.8868243098258972
15280,15,0.6076022982597351
15281,23,1.3078863620758057
15282,21,1.220421314239502
15283,17,0.8526632189750671
15284,25,1.4435184001922607
15285,20,1.078418254852295
15286,25,1.4544508457183838
15287,24,1.382331371307373
15288,28,1.564826488494873
15289,18,0.9503054022789001
15290,17,0.8400288224220276
15291,26,1.4584293365478516
15292,18,0.9126573204994202
15293,20,1.076026439666748
15294,16,0.7494390606880188
15295,19,1.0131146907806396
15296,17,0.8205323815345764
15297,22,1.2595906257629395
15298,29,1.580549955368042
15299,16,0.7984029650688171
15300,25,1.446613073348999
15301,19,1.0568127632141113
15302,25,1.441849708557129
15303,18,0.9205568432807922
15304,16,0.770587146282196
15305,21,1.197239875793457
15306,19,1.0476906299591064
15307,17,0.8747950196266174
15308,17,0.8921071887016296
15309,24,1.3741135597229004
15310,23,1.2936906814575195
15311,18,0.9261489510536194
15312,19,1.016676425933838
15313,23,1.347306728363037
15314,18,0.939850389957428
15315,2,-2.3606364727020264
15316,29,1.5851469039916992
15317,17,0.878932774066925
15318,19,1.034043788909912
15319,16,0.8027783036231995
15320,16,0.7739890217781067
15321,15,0.6625627875328064
15322,24,1.3566772937774658
15323,18,0.9832027554512024
15324,25,1.4419007301330566
15325,24,1.4060146808624268
15326,27,1.533583641052246
15327,19,1.0321910381317139
15328,19,1.0317072868347168
15329,19,1.046501874923706
15330,28,1.5649514198303223
15331,29,1.5873193740844727
15332,26,1.4910314083099365
15333,18,0.9720364212989807
15334,15,0.6209703087806702
15335,19,1.017845869064331
15336,17,0.8962860703468323
15337,18,0.9052483439445496
15338,18,0.9731413722038269
15339,22,1.2373437881469727
15340,19,1.0089805126190186
15341,19,1.0081377029418945
15342,18,0.9036683440208435
15343,25,1.4446134567260742
15344,26,1.4866907596588135
15345,23,1.315528392791748
15346,19,1.0308213233947754
15347,15,0.6756237149238586
15348,19,1.0575025081634521
15349,2,-2.569896697998047
15350,18,0.9201542735099792
15351,19,1.0209155082702637
15352,16,0.7738636136054993
15353,25,1.4309642314910889
15354,25,1.4503538608551025
15355,24,1.3693687915802002
15356,18,0.9652019143104553
15357,28,1.5696971416473389
15358,16,0.7889149785041809
15359,26,1.4619698524475098
15360,28,1.5650603771209717
15361,25,1.4408955574035645
15362,25,1.4452142715454102
15363,18,0.9765912890434265
15364,23,1.295649528503418
15365,23,1.325289011001587
15366,15,0.6232776045799255
15367,16,0.7701022028923035
15368,19,1.001833438873291
15369,17,0.8368296027183533
15370,20,1.122398853302002
15371,19,1.020885944366455
15372,25,1.4357609748840332
15373,18,0.9481077790260315
15374,11,0.1899849772453308
15375,26,1.4761383533477783
15376,28,1.5455811023712158
15377,18,0.9187257885932922
15378,25,1.435866117477417
15379,25,1.4510350227355957
15380,17,0.8141685128211975
15381,26,1.4593329429626465
15382,22,1.2550694942474365
15383,23,1.3056435585021973
15384,21,1.1866819858551025
15385,2,-2.47735857963562
15386,21,1.169633388519287
15387,28,1.558774709701538
15388,16,0.729425847530365
15389,30,1.606600046157837
15390,17,0.8730620741844177
15391,17,0.8921117186546326
15392,22,1.2277803421020508
15393,27,1.5419588088989258
15394,21,1.152862548828125
15395,18,0.9606991410255432
15396,26,1.461010456085205
15397,19,0.987943708896637
15398,25,1.4492518901824951
15399,26,1.464003086090088
15400,23,1.3254995346069336
15401,25,1.4358017444610596
15402,19,1.0057945251464844
15403,19,1.04447340965271
15404,18,0.8985897898674011
15405,29,1.5845673084259033
15406,22,1.2752361297607422
15407,17,0.8837792277336121
15408,26,1.4912853240966797
15409,18,0.9675783514976501
15410,18,0.9456773400306702
15411,25,1.4223244190216064
15412,28,1.562422275543213
15413,19,1.0191783905029297
15414,29,1.578763484954834
15415,24,1.3628878593444824
15416,28,1.552781581878662
15417,26,1.4912211894989014
15418,17,0.8715446591377258
15419,26,1.4636547565460205
15420,22,1.2429986000061035
15421,23,1.3131399154663086
15422,30,1.6041936874389648
15423,25,1.445955514907837
15424,18,0.9872880578041077
15425,19,0.9952977299690247
15426,18,0.944476306438446
15427,25,1.4457895755767822
15428,28,1.5434322357177734
15429,18,0.9477660059928894
15430,16,0.772641122341156
15431,15,0.5878905653953552
15432,24,1.406900405883789
15433,18,0.9573379158973694
15434,27,1.529714584350586
15435,20,1.122316598892212
15436,18,0.9548323750495911
15437,26,1.4858825206756592
15438,7,-0.6730258464813232
15439,7,-0.7894042730331421
15440,1,-2.8263168334960938
15441,27,1.5350654125213623
15442,23,1.3085391521453857
15443,27,1.5167486667633057
15444,1,-2.8387398719787598
15445,18,0.9006742835044861
15446,18,0.9710004925727844
15447,18,0.9443833231925964
15448,26,1.470879316329956
15449,18,0.9174852967262268
15450,28,1.5587148666381836
15451,29,1.5840060710906982
15452,17,0.8472034335136414
15453,25,1.4115033149719238
15454,17,0.8167265057563782
15455,21,1.193910837173462
15456,18,0.939213216304779
15457,16,0.7353246808052063
15458,18,0.9743445515632629
15459,18,0.9654200673103333
15460,25,1.4348666667938232
15461,4,-1.5386708974838257
15462,17,0.8697518706321716
15463,18,0.9194291234016418
15464,20,1.0727672576904297
15465,29,1.5917010307312012
15466,17,0.8970921635627747
15467,25,1.4175126552581787
15468,30,1.6148090362548828
15469,24,1.3786842823028564
15470,25,1.4214098453521729
15471,28,1.5685570240020752
15472,18,0.9490681290626526
15473,25,1.4312942028045654
15474,18,0.9523679614067078
15475,18,0.9220719933509827
15476,18,0.9714699387550354
15477,18,0.9624713063240051
15478,29,1.5942463874816895
15479,21,1.183440923690796
15480,30,1.6074278354644775
15481,26,1.4708530902862549
15482,27,1.5294766426086426
15483,27,1.5078508853912354
15484,30,1.6008508205413818
15485,14,0.5494394898414612
15486,18,0.9831300377845764
15487,15,0.6290585398674011
15488,19,0.9974920153617859
15489,20,1.1265854835510254
15490,17,0.8365313410758972
15491,18,0.9222912192344666
15492,17,0.8506113886833191
15493,16,0.705098569393158
15494,26,1.4945824146270752
15495,26,1.4998588562011719
15496,15,0.6489855647087097
15497,28,1.5726723670959473
15498,18,0.9789974093437195
15499,26,1.4918444156646729
15500,3,-2.2709836959838867
15501,1,-2.8422300815582275
15502,18,0.9595293402671814
15503,19,1.028855323791504
15504,26,1.4634549617767334
15505,22,1.2330830097198486
15506,18,0.9260773062705994
15507,25,1.4416944980621338
15508,18,0.9794936776161194
15509,25,1.4494099617004395
15510,24,1.3674695491790771
15511,23,1.3231725692749023
15512,16,0.7875246405601501
15513,26,1.4992196559906006
15514,19,1.0245890617370605
15515,1,-2.7686822414398193
15516,27,1.505089521408081
15517,2,-2.4564359188079834
15518,19,1.0323824882507324
15519,18,0.9551442265510559
15520,19,1.0369572639465332
15521,19,1.0098023414611816
15522,29,1.5964903831481934
15523,26,1.4655942916870117
15524,19,1.0142505168914795
15525,16,0.7899408936500549
15526,25,1.409782886505127
15527,29,1.575650930404663
15528,20,1.0850231647491455
15529,17,0.8432316184043884
15530,28,1.5484235286712646
15531,16,0.7873354554176331
15532,29,1.5833277702331543
15533,18,0.937860906124115
15534,18,0.9260489344596863
15535,7,-0.7615512609481812
15536,16,0.7837817072868347
15537,16,0.7662230134010315
15538,25,1.4240522384643555
15539,7,-0.7098634243011475
15540,28,1.5476627349853516
15541,16,0.752703845500946
15542,28,1.564162254333496
15543,18,0.965106189250946
15544,19,1.0034105777740479
15545,25,1.429962158203125
15546,19,1.0417640209197998
15547,18,0.9320655465126038
15548,24,1.3961577415466309
15549,23,1.3253223896026611
15550,17,0.8570995926856995
15551,29,1.5884995460510254
15552,18,0.9822126030921936
15553,28,1.5567657947540283
15554,30,1.6085879802703857
15555,25,1.4528629779815674
15556,17,0.8637086749076843
15557,30,1.6145319938659668
15558,27,1.5291414260864258
15559,19,1.0674540996551514
15560,17,0.8588866591453552
15561,17,0.8843536972999573
15562,19,1.007683277130127
15563,19,1.0590906143188477
15564,18,0.9613611102104187
15565,28,1.550828456878662
15566,25,1.436422348022461
15567,26,1.4887447357177734
15568,23,1.2897281646728516
15569,26,1.4684438705444336
15570,17,0.886004626750946
15571,19,0.9975811839103699
15572,24,1.3876128196716309
15573,19,1.002115249633789
15574,25,1.430523157119751
15575,26,1.4585134983062744
15576,27,1.5413949489593506
15577,27,1.5300099849700928
15578,24,1.4047613143920898
15579,25,1.4081988334655762
15580,22,1.2775580883026123
15581,30,1.6027801036834717
15582,18,0.9552415013313293
15583,18,0.9222012162208557
15584,18,0.9528525471687317
15585,25,1.4209578037261963
15586,18,0.9476044774055481
15587,17,0.815926730632782
15588,17,0.8760817646980286
15589,18,0.9612811207771301
15590,30,1.6022052764892578
15591,18,0.9723204970359802
15592,28,1.5505671501159668
15593,25,1.435898780822754
15594,17,0.8468843102455139
15595,19,1.0098538398742676
15596,18,0.9442512392997742
15597,27,1.5248475074768066
15598,15,0.6070170998573303
15599,25,1.4328389167785645
15600,26,1.4925930500030518
15601,17,0.8570078015327454
15602,18,0.9707487225532532
15603,25,1.416978120803833
15604,19,1.0040979385375977
15605,19,1.018920660018921
15606,18,0.9306183457374573
15607,30,1.6019811630249023
15608,16,0.7430190443992615
15609,25,1.4561100006103516
15610,20,1.0946450233459473
15611,19,1.0346524715423584
15612,17,0.8491948246955872
15613,16,0.7887440323829651
15614,4,-1.5633333921432495
15615,16,0.8004245162010193
15616,19,0.9942743182182312
15617,19,1.0246853828430176
15618,23,1.2935736179351807
15619,28,1.5515716075897217
15620,19,1.0190074443817139
15621,20,1.0888540744781494
15622,19,1.0403048992156982
15623,23,1.310002088546753
15624,19,1.0372860431671143
15625,26,1.5009441375732422
15626,24,1.3968262672424316
15627,26,1.4791054725646973
15628,20,1.0687499046325684
15629,19,1.0571935176849365
15630,17,0.8082008957862854
15631,25,1.4580726623535156
15632,18,0.9435449242591858
15633,18,0.9037650227546692
15634,19,1.0282857418060303
15635,19,1.024712085723877
15636,28,1.5659940242767334
15637,25,1.4518861770629883
15638,24,1.4045724868774414
15639,18,0.9725186228752136
15640,17,0.8922887444496155
15641,20,1.0838634967803955
15642,15,0.6916325688362122
15643,18,0.9104499220848083
15644,19,1.0136854648590088
15645,19,0.9899198412895203
15646,18,0.9575116038322449
15647,19,1.0660698413848877
15648,29,1.5893256664276123
15649,23,1.3405470848083496
15650,29,1.5809502601623535
15651,29,1.5952682495117188
15652,18,0.9785829186439514
15653,26,1.5024490356445312
15654,29,1.57930326461792
15655,19,1.0084865093231201
15656,1,-2.8417093753814697
15657,26,1.4768826961517334
15658,3,-2.179320812225342
15659,18,0.9296357035636902
15660,19,1.0024917125701904
15661,24,1.3931224346160889
15662,18,0.9184535145759583
15663,17,0.8158002495765686
15664,27,1.5192925930023193
15665,24,1.3976821899414062
15666,29,1.5951666831970215
15667,2,-2.6881563663482666
15668,18,0.9713361859321594
15669,19,1.0456047058105469
15670,26,1.48569655418396
15671,26,1.4869916439056396
15672,24,1.4010508060455322
15673,29,1.598975419998169
15674,29,1.5779142379760742
15675,26,1.4997546672821045
15676,24,1.3963191509246826
15677,23,1.331608533859253
15678,26,1.496051549911499
15679,26,1.4598031044006348
15680,24,1.365734338760376
15681,30,1.6152057647705078
15682,23,1.3026983737945557
15683,30,1.601008415222168
15684,25,1.4226036071777344
15685,18,0.979448139667511
15686,25,1.4220430850982666
15687,18,0.9861821532249451
15688,16,0.7739519476890564
15689,18,0.9796714186668396
15690,18,0.9549083113670349
15691,19,1.0600244998931885
15692,25,1.4420232772827148
15693,23,1.3235347270965576
15694,28,1.5527946949005127
15695,25,1.4513261318206787
15696,26,1.4692494869232178
15697,16,0.794401228427887
15698,24,1.3832981586456299
15699,25,1.426891565322876
15700,2,-2.46830677986145
15701,25,1.4575831890106201
15702,27,1.5106217861175537
15703,19,1.0067031383514404
15704,20,1.0984179973602295
15705,27,1.509401798248291
15706,19,1.01139497756958
15707,25,1.441993236541748
15708,19,1.0051982402801514
15709,19,0.9908513426780701
15710,24,1.3868117332458496
15711,18,0.9163772463798523
15712,18,0.9334915280342102
15713,16,0.7157211899757385
15714,18,0.9152342677116394
15715,19,1.0307481288909912
15716,22,1.2512550354003906
15717,18,0.9818437695503235
15718,26,1.4614231586456299
15719,15,0.6447845101356506
15720,20,1.081376075744629
15721,19,0.9891695380210876
15722,19,1.0320923328399658
15723,9,-0.3275167942047119
15724,20,1.1016902923583984
15725,3,-1.9637298583984375
15726,25,1.4172961711883545
15727,27,1.5417499542236328
15728,27,1.5045442581176758
15729,17,0.8334959149360657
15730,27,1.5127434730529785
15731,26,1.4676642417907715
15732,28,1.5641345977783203
15733,18,0.9640780091285706
15734,28,1.5669853687286377
15735,17,0.8978736996650696
15736,25,1.4312162399291992
15737,19,1.0655090808868408
15738,24,1.38535475730896
15739,19,1.059262752532959
15740,18,0.9706304669380188
15741,24,1.4049122333526611
15742,18,0.9818853735923767
15743,18,0.9875413775444031
15744,17,0.8636156916618347
15745,21,1.1554462909698486
15746,26,1.45839524269104
15747,19,1.0176653861999512
15748,19,0.9889869093894958
15749,30,1.6129562854766846
15750,19,0.988610565662384
15751,14,0.4713897109031677
15752,21,1.1531074047088623
15753,15,0.673030436038971
15754,17,0.8688414692878723
15755,18,0.9845245480537415
15756,20,1.0988245010375977
15757,22,1.2880516052246094
15758,17,0.8583099246025085
15759,26,1.4989421367645264
15760,28,1.5483794212341309
15761,25,1.4414937496185303
15762,19,1.0080864429473877
15763,18,0.920306384563446
15764,20,1.081017017364502
15765,25,1.418283224105835
15766,27,1.5205347537994385
15767,17,0.8915016055107117
15768,18,0.9330790638923645
15769,28,1.5568459033966064
15770,29,1.5871601104736328
15771,26,1.4642560482025146
15772,26,1.4878253936767578
15773,29,1.5890257358551025
15774,29,1.5870885848999023
15775,27,1.513138771057129
15776,1,-2.835711717605591
15777,30,1.6151776313781738
15778,30,1.6024882793426514
15779,18,0.9399663805961609
15780,27,1.5063066482543945
15781,25,1.4579648971557617
15782,29,1.58998703956604
15783,25,1.4370572566986084
15784,17,0.8045434355735779
15785,6,-0.8711896538734436
15786,25,1.407341718673706
15787,25,1.4573884010314941
15788,19,1.0386664867401123
15789,23,1.2964258193969727
15790,20,1.0898346900939941
15791,17,0.8298463225364685
15792,19,1.0109350681304932
15793,18,0.9738439917564392
15794,24,1.402540922164917
15795,19,1.0651452541351318
15796,19,1.051750898361206
15797,18,0.9524206519126892
15798,25,1.413210153579712
15799,26,1.466280460357666
15800,25,1.417971134185791
15801,29,1.5973563194274902
15802,27,1.5196683406829834
15803,18,0.9143339991569519
15804,20,1.0692858695983887
15805,26,1.4595506191253662
15806,1,-2.7647669315338135
15807,19,1.01473069190979
15808,18,0.9338389039039612
15809,23,1.3439137935638428
15810,19,1.0458934307098389
15811,19,0.9903225302696228
15812,25,1.4304392337799072
15813,26,1.4893338680267334
15814,19,1.0318043231964111
15815,18,0.9420526623725891
15816,25,1.449242353439331
15817,18,0.982166588306427
15818,29,1.5888550281524658
15819,24,1.3601629734039307
15820,18,0.9177051186561584
15821,10,-0.15676653385162354
15822,26,1.4737226963043213
15823,30,1.5999650955200195
15824,22,1.2258048057556152
15825,17,0.878060519695282
15826,17,0.8437218070030212
15827,29,1.5873069763183594
15828,18,0.9494790434837341
15829,15,0.6925962567329407
15830,20,1.0774517059326172
15831,8,-0.414082407951355
15832,19,1.0403213500976562
15833,18,0.9798464179039001
15834,17,0.8402366042137146
15835,24,1.3990495204925537
15836,17,0.8907167315483093
15837,24,1.4039392471313477
15838,23,1.322516679763794
15839,26,1.5012340545654297
15840,19,1.0230679512023926
15841,26,1.4605422019958496
15842,18,0.9843243956565857
15843,29,1.5983870029449463
15844,19,1.0047597885131836
15845,17,0.8686391711235046
15846,17,0.8818368315696716
15847,24,1.4016516208648682
15848,20,1.0825724601745605
15849,18,0.9404440522193909
15850,25,1.423997163772583
15851,19,1.0534420013427734
15852,28,1.5731472969055176
15853,25,1.4167191982269287
15854,28,1.5595598220825195
15855,17,0.8561980128288269
15856,30,1.6145713329315186
15857,20,1.1010262966156006
15858,19,1.0634617805480957
15859,18,0.9449470639228821
15860,18,0.939695417881012
15861,16,0.7920548319816589
15862,29,1.593017339706421
15863,22,1.2597203254699707
15864,2,-2.420114278793335
15865,28,1.5490837097167969
15866,20,1.1363844871520996
15867,29,1.5775666236877441
15868,14,0.5410698056221008
15869,16,0.7370551228523254
15870,29,1.5894231796264648
15871,30,1.6128339767456055
15872,18,0.9647141098976135
15873,18,0.962632954120636
15874,18,0.9573630690574646
15875,30,1.6115202903747559
15876,28,1.5492949485778809
15877,16,0.7118276953697205
15878,19,1.0256354808807373
15879,24,1.3681004047393799
15880,19,1.03340482711792
15881,25,1.4136261940002441
15882,28,1.5702109336853027
15883,26,1.475921869277954
15884,27,1.530439853668213
15885,27,1.5185623168945312
15886,18,0.9513459801673889
15887,24,1.3892102241516113
15888,18,0.9576117396354675
15889,20,1.0717430114746094
15890,19,1.048262357711792
15891,9,-0.28741925954818726
15892,26,1.4998888969421387
15893,17,0.8919485211372375
15894,25,1.4293420314788818
15895,28,1.5460443496704102
15896,17,0.8892655968666077
15897,19,1.0359718799591064
15898,19,1.0052778720855713
15899,20,1.1225032806396484
15900,19,1.0168232917785645
15901,29,1.5862865447998047
15902,18,0.9351053833961487
15903,30,1.615217924118042
15904,20,1.1396679878234863
15905,20,1.1002256870269775
15906,11,0.058535754680633545
15907,19,1.0601460933685303
15908,19,1.0097730159759521
15909,19,1.0349407196044922
15910,24,1.3846690654754639
15911,13,0.4614223837852478
15912,19,1.0322234630584717
15913,26,1.4838037490844727
15914,28,1.5579285621643066
15915,27,1.5315804481506348
15916,23,1.3454809188842773
15917,23,1.3462738990783691
15918,19,1.0276918411254883
15919,30,1.6085822582244873
15920,17,0.8489205241203308
15921,26,1.4705603122711182
15922,19,1.0443193912506104
15923,1,-2.8413589000701904
15924,19,1.0086479187011719
15925,21,1.2189748287200928
15926,25,1.4182014465332031
15927,1,-2.835813522338867
15928,25,1.422670602798462
15929,28,1.5653607845306396
15930,25,1.4407899379730225
15931,26,1.486478567123413
15932,19,1.0173566341400146
15933,17,0.8362371325492859
15934,17,0.8045963644981384
15935,20,1.0775158405303955
15936,17,0.8937165141105652
15937,17,0.8635457158088684
15938,25,1.4545068740844727
15939,19,0.9951173663139343
15940,15,0.6963027119636536
15941,24,1.3882365226745605
15942,24,1.3843610286712646
15943,18,0.9626536965370178
15944,26,1.4723167419433594
15945,9,-0.21587598323822021
15946,25,1.4518992900848389
15947,21,1.182830572128296
15948,16,0.7568697333335876
15949,18,0.9091616272926331
15950,20,1.0934865474700928
15951,17,0.8817430138587952
15952,26,1.5002214908599854
15953,19,1.0557105541229248
15954,28,1.555830478668213
15955,27,1.5133867263793945
15956,15,0.6758474707603455
15957,28,1.5647964477539062
15958,25,1.4106574058532715
15959,19,1.032386064529419
15960,26,1.4664111137390137
15961,20,1.1244113445281982
15962,17,0.8472275137901306
15963,29,1.578583002090454
15964,25,1.413517713546753
15965,27,1.5122461318969727
15966,20,1.092679500579834
15967,19,0.9926854968070984
15968,19,1.0575439929962158
15969,29,1.581026554107666
15970,18,0.9278653264045715
15971,26,1.4928650856018066
15972,27,1.524312973022461
15973,20,1.1276390552520752
15974,20,1.1005914211273193
15975,19,1.000950813293457
15976,28,1.564945936203003
15977,26,1.4729814529418945
15978,19,1.060650110244751
15979,19,1.039200782775879
15980,18,0.9172437787055969
15981,14,0.5828235745429993
15982,18,0.9590718150138855
15983,24,1.3547637462615967
15984,18,0.9583047032356262
15985,19,1.0286002159118652
15986,17,0.8756228089332581
15987,28,1.5644702911376953
15988,14,0.4787772297859192
15989,20,1.0738978385925293
15990,28,1.5680491924285889
15991,19,1.058375358581543
15992,20,1.0752787590026855
15993,25,1.4144752025604248
15994,27,1.5132112503051758
15995,18,0.9847518801689148
15996,26,1.4962172508239746
15997,17,0.8792899250984192
15998,29,1.5964632034301758
15999,13,0.4586213231086731
16000,28,1.5559101104736328
16001,18,0.9347522854804993
16002,12,0.290504515171051
16003,20,1.113563060760498
16004,18,0.9335233569145203
16005,18,0.9301260113716125
16006,26,1.4689390659332275
16007,27,1.5362892150878906
16008,29,1.5866923332214355
16009,27,1.534675121307373
16010,13,0.4289833903312683
16011,19,0.9989284873008728
16012,26,1.4967572689056396
16013,2,-2.5461318492889404
16014,10,-0.15347445011138916
16015,16,0.7585845589637756
16016,18,0.9147552847862244
16017,19,1.0579888820648193
16018,25,1.4247875213623047
16019,20,1.0698449611663818
16020,30,1.6081392765045166
16021,18,0.9446341395378113
16022,26,1.5024871826171875
16023,29,1.5884220600128174
16024,28,1.556168556213379
16025,26,1.4742510318756104
16026,20,1.090790033340454
16027,18,0.93503338098526
16028,14,0.5145133137702942
16029,19,1.0220658779144287
16030,25,1.4238183498382568
16031,26,1.4912102222442627
16032,19,1.036592960357666
16033,16,0.7159404158592224
16034,19,1.0552613735198975
16035,21,1.1668944358825684
16036,25,1.45210599899292
16037,28,1.5565173625946045
16038,25,1.4409935474395752
16039,21,1.1950600147247314
16040,27,1.5087740421295166
16041,28,1.5709216594696045
16042,20,1.0741276741027832
16043,29,1.5972118377685547
16044,21,1.1528801918029785
16045,29,1.5921247005462646
16046,28,1.5569326877593994
16047,27,1.5397486686706543
16048,26,1.4668519496917725
16049,28,1.5628383159637451
16050,20,1.142761468887329
16051,19,1.0459401607513428
16052,28,1.5560450553894043
16053,19,1.0572257041931152
16054,19,1.0657169818878174
16055,19,1.0527892112731934
16056,22,1.2773234844207764
16057,25,1.4118719100952148
16058,19,1.0483832359313965
16059,30,1.6148500442504883
16060,18,0.9479929804801941
16061,23,1.290405035018921
16062,17,0.8542793393135071
16063,20,1.131845474243164
16064,20,1.1102454662322998
16065,20,1.1090185642242432
16066,18,0.9249588847160339
16067,25,1.4433679580688477
16068,20,1.1211791038513184
16069,29,1.5912697315216064
16070,27,1.524256706237793
16071,20,1.0980284214019775
16072,23,1.3470978736877441
16073,29,1.599602222442627
16074,16,0.7098942399024963
16075,29,1.5864169597625732
16076,20,1.0848472118377686
16077,18,0.9774293303489685
16078,20,1.0811455249786377
16079,24,1.3830299377441406
16080,20,1.0772535800933838
16081,19,1.0234529972076416
16082,27,1.5209770202636719
16083,19,1.0605227947235107
16084,19,1.0568053722381592
16085,20,1.0889477729797363
16086,20,1.1207201480865479
16087,1,-2.84358811378479
16088,25,1.4157016277313232
16089,20,1.1121656894683838
16090,27,1.5398142337799072
16091,21,1.2014994621276855
16092,29,1.5837645530700684
16093,20,1.0932540893554688
16094,1,-2.7594523429870605
16095,29,1.580122947692871
16096,28,1.5690100193023682
16097,18,0.9766704440116882
16098,21,1.1807281970977783
16099,18,0.9357529282569885
16100,29,1.5797476768493652
16101,20,1.1203389167785645
16102,29,1.593259572982788
16103,19,1.0644299983978271
16104,18,0.9753536581993103
16105,27,1.5332355499267578
16106,27,1.5159258842468262
16107,20,1.1026744842529297
16108,2,-2.673255681991577
16109,20,1.084385871887207
16110,26,1.5011112689971924
16111,18,0.9779784083366394
16112,21,1.1616318225860596
16113,18,0.9841544032096863
16114,30,1.6145594120025635
16115,20,1.0701992511749268
16116,3,-2.0945630073547363
16117,19,1.0114662647247314
16118,23,1.2909777164459229
16119,25,1.445542573928833
16120,25,1.442756175994873
16121,19,1.062819242477417
16122,29,1.5767271518707275
16123,20,1.0710210800170898
16124,22,1.2285141944885254
16125,18,0.9469397664070129
16126,17,0.8465350270271301
16127,20,1.0813734531402588
16128,28,1.5639195442199707
16129,20,1.1134681701660156
16130,18,0.9606695771217346
16131,20,1.091707706451416
16132,28,1.5508370399475098
16133,7,-0.7474862337112427
16134,20,1.1408917903900146
16135,30,1.6061434745788574
16136,20,1.0732698440551758
16137,17,0.8969202637672424
16138,20,1.0931620597839355
16139,24,1.4063458442687988
16140,19,1.0011003017425537
16141,19,1.0413339138031006
16142,19,1.05228853225708
16143,20,1.0846226215362549
16144,18,0.9840306639671326
16145,26,1.4786417484283447
16146,28,1.5567238330841064
16147,18,0.952872097492218
16148,25,1.4268040657043457
16149,20,1.0974066257476807
16150,28,1.5509836673736572
16151,5,-1.166388988494873
16152,19,1.0266306400299072
16153,18,0.9584596753120422
16154,20,1.1487419605255127
16155,24,1.4032855033874512
16156,26,1.4790725708007812
16157,19,0.9968878626823425
16158,15,0.6567848324775696
16159,19,1.0514042377471924
16160,29,1.583536148071289
16161,28,1.5661227703094482
16162,19,1.01192045211792
16163,18,0.9748619198799133
16164,18,0.9320897459983826
16165,18,0.9397653937339783
16166,28,1.5645859241485596
16167,24,1.390878677368164
16168,29,1.5885534286499023
16169,20,1.1260688304901123
16170,19,1.021172046661377
16171,17,0.8735420107841492
16172,18,0.963269054889679
16173,28,1.554347276687622
16174,10,-0.1635473370552063
16175,21,1.1893725395202637
16176,25,1.4088716506958008
16177,28,1.5670039653778076
16178,20,1.139611005783081
16179,30,1.6152386665344238
16180,20,1.0860960483551025
16181,20,1.1292915344238281
16182,18,0.9729335904121399
16183,18,0.9113356471061707
16184,18,0.9757466912269592
16185,7,-0.6267764568328857
16186,14,0.49928754568099976
16187,19,1.0340495109558105
16188,29,1.59354567527771
16189,20,1.0981361865997314
16190,24,1.40407395362854
16191,25,1.4480106830596924
16192,19,1.0531632900238037
16193,20,1.091994047164917
16194,27,1.532806158065796
16195,19,1.000924825668335
16196,19,1.0059387683868408
16197,18,0.9554151892662048
16198,1,-2.8402011394500732
16199,19,1.0217945575714111
16200,18,0.9592111706733704
16201,9,-0.3246176838874817
16202,25,1.4457275867462158
16203,19,0.9967275261878967
16204,20,1.0756235122680664
16205,26,1.501328945159912
16206,29,1.5996451377868652
16207,15,0.6110060811042786
16208,21,1.1544549465179443
16209,20,1.100782871246338
16210,19,1.0527091026306152
16211,20,1.1084246635437012
16212,27,1.5230259895324707
16213,19,1.0152311325073242
16214,24,1.3661706447601318
16215,12,0.2813670039176941
16216,21,1.1522905826568604
16217,26,1.4938974380493164
16218,20,1.096447229385376
16219,21,1.1513993740081787
16220,26,1.4710276126861572
16221,23,1.290250301361084
16222,18,0.9640559554100037
16223,28,1.5657861232757568
16224,19,1.0137057304382324
16225,20,1.125715732574463
16226,19,1.0296142101287842
16227,28,1.5443453788757324
16228,22,1.261833667755127
16229,16,0.7942075133323669
16230,20,1.1029815673828125
16231,19,1.0654985904693604
16232,16,0.7291275858879089
16233,27,1.5291228294372559
16234,26,1.4822413921356201
16235,25,1.4536819458007812
16236,29,1.5960547924041748
16237,29,1.590683937072754
16238,18,0.9604385495185852
16239,17,0.8205572962760925
16240,18,0.9714012742042542
16241,21,1.1881332397460938
16242,24,1.4041252136230469
16243,19,1.030167579650879
16244,18,0.979002058506012
16245,26,1.4875729084014893
16246,3,-2.2171428203582764
16247,19,1.0468125343322754
16248,26,1.4882349967956543
16249,29,1.5753614902496338
16250,29,1.590139389038086
16251,18,0.9315242171287537
16252,28,1.5666050910949707
16253,26,1.492426872253418
16254,26,1.4873411655426025
16255,20,1.1339607238769531
16256,27,1.5265560150146484
16257,19,1.0516393184661865
16258,22,1.2731456756591797
16259,25,1.4550533294677734
16260,29,1.5803430080413818
16261,26,1.485647439956665
16262,18,0.9530428051948547
16263,20,1.1075103282928467
16264,22,1.2367444038391113
16265,20,1.141394853591919
16266,19,1.0265250205993652
16267,28,1.5527048110961914
16268,8,-0.5301264524459839
16269,26,1.4738883972167969
16270,28,1.5577833652496338
16271,26,1.467494010925293
16272,24,1.3548431396484375
16273,29,1.5778284072875977
16274,14,0.5009074807167053
16275,27,1.5106515884399414
16276,28,1.5699529647827148
16277,21,1.1862764358520508
16278,19,1.0384228229522705
16279,29,1.5949532985687256
16280,20,1.0726516246795654
16281,19,1.058389663696289
16282,30,1.6066877841949463
16283,20,1.1102204322814941
16284,19,1.005237340927124
16285,24,1.382690191268921
16286,19,1.0097253322601318
16287,19,1.0545692443847656
16288,18,0.9819452166557312
16289,18,0.9479991793632507
16290,21,1.1921372413635254
16291,19,1.0232172012329102
16292,19,1.048882246017456
16293,20,1.086679220199585
16294,24,1.3666348457336426
16295,27,1.5261561870574951
16296,18,0.9869548678398132
16297,20,1.1292860507965088
16298,29,1.5836756229400635
16299,30,1.6039581298828125
16300,26,1.4651110172271729
16301,18,0.9752036929130554
16302,17,0.8047109246253967
16303,25,1.4389078617095947
16304,21,1.1545708179473877
16305,20,1.117722511291504
16306,20,1.1256537437438965
16307,12,0.3211063742637634
16308,25,1.439847469329834
16309,27,1.5071182250976562
16310,20,1.1103973388671875
16311,25,1.444718599319458
16312,29,1.5921404361724854
16313,21,1.1565372943878174
16314,20,1.1058907508850098
16315,27,1.5126042366027832
16316,25,1.4076087474822998
16317,24,1.3968427181243896
16318,27,1.5248253345489502
16319,19,1.0470304489135742
16320,19,0.9992589354515076
16321,24,1.3486452102661133
16322,18,0.9575926661491394
16323,13,0.4265511631965637
16324,20,1.0850625038146973
16325,3,-1.9242278337478638
16326,27,1.5116057395935059
16327,20,1.1322307586669922
16328,23,1.3226370811462402
16329,17,0.8178048729896545
16330,20,1.1397314071655273
16331,19,1.0576605796813965
16332,26,1.495419979095459
16333,18,0.967707097530365
16334,19,1.0542380809783936
16335,17,0.8164903521537781
16336,20,1.1166434288024902
16337,30,1.6151793003082275
16338,20,1.1037776470184326
16339,19,1.0527524948120117
16340,26,1.484555721282959
16341,22,1.2360002994537354
16342,19,1.0074982643127441
16343,21,1.1960475444793701
16344,18,0.9307424426078796
16345,20,1.0817275047302246
16346,19,1.0242118835449219
16347,26,1.4783871173858643
16348,25,1.4519009590148926
16349,18,0.9307833313941956
16350,20,1.073920488357544
16351,19,0.9898621439933777
16352,26,1.4958715438842773
16353,21,1.1503777503967285
16354,26,1.5014753341674805
16355,2,-2.623246431350708
16356,19,1.036609411239624
16357,21,1.191939353942871
16358,20,1.1344387531280518
16359,28,1.565622091293335
16360,22,1.263326644897461
16361,20,1.115987777709961
16362,19,1.048795223236084
16363,18,0.9181268811225891
16364,27,1.509037971496582
16365,27,1.5304632186889648
16366,20,1.1271052360534668
16367,18,0.9635569453239441
16368,20,1.1205601692199707
16369,16,0.7707374691963196
16370,20,1.1375620365142822
16371,25,1.4568288326263428
16372,16,0.7978110909461975
16373,18,0.9376198649406433
16374,19,0.9881277680397034
16375,26,1.4809446334838867
16376,26,1.476780652999878
16377,20,1.086928129196167
16378,26,1.481130599975586
16379,21,1.210118055343628
16380,20,1.1321494579315186
16381,29,1.5847063064575195
16382,19,1.0382096767425537
16383,28,1.5717425346374512
16384,25,1.4363536834716797
16385,19,1.0163218975067139
16386,26,1.463761329650879
16387,20,1.1208298206329346
16388,20,1.12379789352417
16389,24,1.400296926498413
16390,19,1.068364143371582
16391,20,1.0843255519866943
16392,19,1.0645906925201416
16393,1,-2.842402935028076
16394,26,1.464707612991333
16395,20,1.0844147205352783
16396,25,1.4155585765838623
16397,20,1.1250061988830566
16398,20,1.102823257446289
16399,27,1.5391113758087158
16400,20,1.0971417427062988
16401,19,0.9940242171287537
16402,19,1.0189435482025146
16403,20,1.1055998802185059
16404,19,1.0558900833129883
16405,17,0.8773409724235535
16406,19,1.0310213565826416
16407,20,1.0967559814453125
16408,17,0.838232696056366
16409,7,-0.6937494277954102
16410,28,1.5453693866729736
16411,27,1.5335867404937744
16412,28,1.5664923191070557
16413,20,1.134267807006836
16414,28,1.5714569091796875
16415,28,1.5699377059936523
16416,26,1.483572006225586
16417,26,1.4757959842681885
16418,20,1.0803487300872803
16419,20,1.120610237121582
16420,20,1.090965747833252
16421,20,1.113785743713379
16422,25,1.4447681903839111
16423,25,1.4425833225250244
16424,30,1.6151998043060303
16425,1,-2.8160059452056885
16426,5,-1.27556574344635
16427,18,0.9816208481788635
16428,24,1.3929948806762695
16429,14,0.5422891974449158
16430,19,1.0016257762908936
16431,27,1.5151350498199463
16432,19,1.0257811546325684
16433,11,0.15296119451522827
16434,19,1.058492660522461
16435,20,1.123878002166748
16436,18,0.9327515959739685
16437,29,1.5769691467285156
16438,8,-0.5148798227310181
16439,20,1.0768535137176514
16440,27,1.5323717594146729
16441,21,1.2117702960968018
16442,25,1.4423542022705078
16443,18,0.9284577965736389
16444,28,1.5611493587493896
16445,18,0.9582547545433044
16446,27,1.5072896480560303
16447,25,1.4362151622772217
16448,29,1.577519178390503
16449,30,1.615077257156372
16450,24,1.3854222297668457
16451,19,1.0556631088256836
16452,25,1.436466932296753
16453,19,1.0067861080169678
16454,20,1.1259849071502686
16455,6,-1.023533582687378
16456,25,1.440762996673584
16457,26,1.5034713745117188
16458,21,1.1679577827453613
16459,26,1.4938642978668213
16460,27,1.5059928894042969
16461,27,1.519263744354248
16462,19,1.0344908237457275
16463,21,1.1848783493041992
16464,20,1.1449954509735107
16465,29,1.5909414291381836
16466,20,1.1048665046691895
16467,19,1.0675160884857178
16468,18,0.9229434132575989
16469,25,1.4560768604278564
16470,27,1.5122995376586914
16471,25,1.426340103149414
16472,22,1.2274961471557617
16473,20,1.0828232765197754
16474,20,1.1289470195770264
16475,19,1.0536561012268066
16476,18,0.9053544402122498
16477,19,1.051924228668213
16478,27,1.5396926403045654
16479,21,1.1589243412017822
16480,1,-2.7699718475341797
16481,26,1.49159836769104
16482,24,1.3849084377288818
16483,17,0.8446021676063538
16484,27,1.507758617401123
16485,24,1.3696715831756592
16486,18,0.9710181355476379
16487,29,1.594386339187622
16488,26,1.465404987335205
16489,25,1.4262735843658447
16490,18,0.9684255719184875
16491,27,1.506971836090088
16492,21,1.1868700981140137
16493,21,1.159470796585083
16494,19,1.004016399383545
16495,16,0.7893140912055969
16496,30,1.6085827350616455
16497,30,1.6030488014221191
16498,26,1.4993250370025635
16499,29,1.596050500869751
16500,19,1.0519447326660156
16501,27,1.5359597206115723
16502,2,-2.4919373989105225
16503,18,0.9784530997276306
16504,19,1.026932716369629
16505,30,1.600104808807373
16506,23,1.3117647171020508
16507,20,1.1490859985351562
16508,20,1.1330926418304443
16509,27,1.5139315128326416
16510,25,1.4365901947021484
16511,20,1.1029226779937744
16512,24,1.358635425567627
16513,27,1.520787239074707
16514,28,1.5488066673278809
16515,19,1.0209829807281494
16516,21,1.1752026081085205
16517,19,1.0534462928771973
16518,20,1.0867969989776611
16519,18,0.9875800013542175
16520,16,0.7760303616523743
16521,5,-1.1595120429992676
16522,29,1.5906922817230225
16523,28,1.5630013942718506
16524,22,1.2634375095367432
16525,29,1.5882039070129395
16526,27,1.5053060054779053
16527,27,1.5181629657745361
16528,20,1.0862302780151367
16529,24,1.406013011932373
16530,12,0.22146958112716675
16531,30,1.6114351749420166
16532,27,1.5113098621368408
16533,29,1.5814659595489502
16534,20,1.1363790035247803
16535,18,0.9435072541236877
16536,19,0.993236243724823
16537,19,1.0571503639221191
16538,20,1.1367812156677246
16539,20,1.1341025829315186
16540,20,1.1054856777191162
16541,19,1.046614408493042
16542,28,1.5572640895843506
16543,21,1.191796064376831
16544,27,1.5393409729003906
16545,21,1.1496033668518066
16546,28,1.564380407333374
16547,21,1.1720201969146729
16548,26,1.5035462379455566
16549,21,1.1602673530578613
16550,22,1.2315661907196045
16551,29,1.5798001289367676
16552,3,-2.1054723262786865
16553,1,-2.792963981628418
16554,20,1.127657413482666
16555,25,1.4386026859283447
16556,27,1.5301682949066162
16557,20,1.079267978668213
16558,28,1.5686736106872559
16559,27,1.5144174098968506
16560,30,1.615097999572754
16561,21,1.1597394943237305
16562,28,1.568253755569458
16563,21,1.1799840927124023
16564,19,1.0633583068847656
16565,26,1.4891140460968018
16566,20,1.1218876838684082
16567,25,1.4248051643371582
16568,20,1.0911340713500977
16569,20,1.0981919765472412
16570,27,1.5303170680999756
16571,19,1.0329651832580566
16572,22,1.2582614421844482
16573,28,1.5581297874450684
16574,29,1.582207202911377
16575,17,0.8870428204536438
16576,19,1.0620951652526855
16577,21,1.1549105644226074
16578,29,1.5757949352264404
16579,19,1.0340559482574463
16580,27,1.526336669921875
16581,26,1.496614694595337
16582,26,1.4884111881256104
16583,21,1.1565830707550049
16584,28,1.5717356204986572
16585,19,1.0521652698516846
16586,21,1.1649467945098877
16587,24,1.3832623958587646
16588,20,1.0859332084655762
16589,25,1.4148128032684326
16590,19,1.0048511028289795
16591,29,1.5947508811950684
16592,29,1.5780441761016846
16593,20,1.1228556632995605
16594,21,1.193772315979004
16595,20,1.094463586807251
16596,25,1.4474742412567139
16597,27,1.5354130268096924
16598,28,1.566864252090454
16599,28,1.5664892196655273
16600,20,1.0916273593902588
16601,18,0.9773595929145813
16602,20,1.1186158657073975
16603,22,1.250415563583374
16604,30,1.6150550842285156
16605,28,1.5441303253173828
16606,24,1.3520469665527344
16607,19,0.9955568909645081
16608,27,1.5072896480560303
16609,27,1.542729377746582
16610,20,1.0901882648468018
16611,20,1.088144302368164
16612,20,1.1063807010650635
16613,20,1.1071200370788574
16614,29,1.580449104309082
16615,21,1.1872835159301758
16616,28,1.5671112537384033
16617,20,1.1106336116790771
16618,29,1.5752878189086914
16619,25,1.40920090675354
16620,19,1.0138461589813232
16621,16,0.7964738011360168
16622,22,1.2313635349273682
16623,27,1.5272300243377686
16624,26,1.4735584259033203
16625,26,1.4983978271484375
16626,27,1.5188896656036377
16627,21,1.172698736190796
16628,25,1.4343388080596924
16629,20,1.0692236423492432
16630,27,1.538822889328003
16631,25,1.4476759433746338
16632,18,0.9396865963935852
16633,24,1.383720874786377
16634,12,0.3338313698768616
16635,29,1.5934133529663086
16636,20,1.1126453876495361
16637,20,1.082075834274292
16638,21,1.201331615447998
16639,22,1.2362024784088135
16640,23,1.3329076766967773
16641,30,1.6030161380767822
16642,20,1.1481618881225586
16643,21,1.1793317794799805
16644,19,1.0352118015289307
16645,27,1.5258171558380127
16646,4,-1.5327107906341553
16647,6,-0.9941807985305786
16648,21,1.153843879699707
16649,26,1.4582805633544922
16650,29,1.5868175029754639
16651,21,1.193009614944458
16652,21,1.1670780181884766
16653,19,1.0181152820587158
16654,21,1.1906118392944336
16655,20,1.1363558769226074
16656,25,1.4273271560668945
16657,14,0.5633073449134827
16658,19,1.0317010879516602
16659,21,1.225102186203003
16660,25,1.449690818786621
16661,23,1.330502986907959
16662,17,0.8798756003379822
16663,19,1.0245306491851807
16664,25,1.45713472366333
16665,19,1.0662400722503662
16666,20,1.1054842472076416
16667,5,-1.409518837928772
16668,28,1.55281662940979
16669,25,1.411365270614624
16670,18,0.971984326839447
16671,29,1.5850493907928467
16672,19,0.9894065260887146
16673,26,1.4768776893615723
16674,25,1.4408214092254639
16675,24,1.378326177597046
16676,30,1.6024665832519531
16677,27,1.5257289409637451
16678,7,-0.8295004367828369
16679,21,1.1978778839111328
16680,24,1.388361930847168
16681,29,1.575195074081421
16682,10,-0.013928115367889404
16683,24,1.3818705081939697
16684,25,1.4402503967285156
16685,25,1.4457781314849854
16686,11,0.14646798372268677
16687,28,1.5505867004394531
16688,20,1.1233210563659668
16689,18,0.9718099236488342
16690,19,1.0330746173858643
16691,18,0.9030264019966125
16692,19,1.0485010147094727
16693,20,1.115757942199707
16694,19,1.05552339553833
16695,13,0.4317123293876648
16696,30,1.6009113788604736
16697,30,1.5999646186828613
16698,27,1.5085859298706055
16699,28,1.559535264968872
16700,20,1.0834863185882568
16701,20,1.0765457153320312
16702,29,1.583009958267212
16703,22,1.2574713230133057
16704,29,1.577141284942627
16705,21,1.168729305267334
16706,29,1.5834150314331055
16707,29,1.5786018371582031
16708,21,1.1849751472473145
16709,29,1.593932867050171
16710,19,1.0373954772949219
16711,20,1.1090164184570312
16712,20,1.1204450130462646
16713,17,0.8537673354148865
16714,25,1.4554541110992432
16715,28,1.5652093887329102
16716,20,1.1288065910339355
16717,24,1.3573567867279053
16718,26,1.4856038093566895
16719,16,0.7766534686088562
16720,29,1.5962119102478027
16721,21,1.1962816715240479
16722,20,1.0778751373291016
16723,28,1.552863359451294
16724,25,1.453859806060791
16725,27,1.5241742134094238
16726,27,1.5382544994354248
16727,29,1.5828804969787598
16728,20,1.0880329608917236
16729,28,1.5712039470672607
16730,18,0.9731371998786926
16731,30,1.6047742366790771
16732,18,0.9080056548118591
16733,22,1.269639015197754
16734,20,1.1354460716247559
16735,20,1.093148946762085
16736,27,1.5276668071746826
16737,25,1.4500339031219482
16738,21,1.1713488101959229
16739,26,1.4743027687072754
16740,26,1.4993484020233154
16741,21,1.194826364517212
16742,20,1.1152360439300537
16743,27,1.5331683158874512
16744,21,1.184408187866211
16745,19,1.0681395530700684
16746,30,1.6027708053588867
16747,22,1.2309129238128662
16748,19,1.052105188369751
16749,21,1.2029836177825928
16750,29,1.5740623474121094
16751,19,1.0121009349822998
16752,18,0.9681856036186218
16753,21,1.1980550289154053
16754,18,0.9503527283668518
16755,25,1.4331929683685303
16756,27,1.5068080425262451
16757,25,1.4550676345825195
16758,15,0.6550083756446838
16759,20,1.1450190544128418
16760,28,1.548515796661377
16761,19,0.9966880679130554
16762,26,1.4704060554504395
16763,23,1.3088524341583252
16764,2,-2.458590269088745
16765,21,1.1518025398254395
16766,27,1.5211567878723145
16767,22,1.2582449913024902
16768,27,1.507441759109497
16769,25,1.4166150093078613
16770,20,1.0813319683074951
16771,21,1.1852092742919922
16772,29,1.59663987159729
16773,26,1.4935364723205566
16774,27,1.5252342224121094
16775,29,1.584136962890625
16776,20,1.083061695098877
16777,19,1.022662878036499
16778,26,1.4888010025024414
16779,28,1.5616695880889893
16780,30,1.6051106452941895
16781,3,-2.1045782566070557
16782,26,1.4627411365509033
16783,20,1.1071751117706299
16784,26,1.5011992454528809
16785,28,1.5696260929107666
16786,27,1.537367343902588
16787,22,1.2360949516296387
16788,19,1.066425085067749
16789,26,1.4795637130737305
16790,29,1.5953643321990967
16791,25,1.448373794555664
16792,27,1.5286462306976318
16793,27,1.5169694423675537
16794,19,1.0273983478546143
16795,28,1.5530760288238525
16796,26,1.4908225536346436
16797,20,1.130976915359497
16798,30,1.6036417484283447
16799,17,0.8409300446510315
16800,17,0.8555218577384949
16801,21,1.1633720397949219
16802,20,1.0907366275787354
16803,13,0.45911043882369995
16804,28,1.5673747062683105
16805,20,1.1292755603790283
16806,26,1.4855923652648926
16807,27,1.5326924324035645
16808,27,1.5207288265228271
16809,23,1.3459205627441406
16810,12,0.22619277238845825
16811,25,1.453369379043579
16812,19,1.0307376384735107
16813,20,1.132413387298584
16814,20,1.0804245471954346
16815,21,1.179731845855713
16816,13,0.3956272006034851
16817,10,-0.004109680652618408
16818,28,1.5507497787475586
16819,26,1.4965338706970215
16820,20,1.0810327529907227
16821,21,1.1829469203948975
16822,26,1.4707834720611572
16823,22,1.2378442287445068
16824,26,1.5008103847503662
16825,15,0.6108420491218567
16826,22,1.244375228881836
16827,28,1.5555682182312012
16828,20,1.082942008972168
16829,28,1.5607099533081055
16830,26,1.4940648078918457
16831,20,1.0757019519805908
16832,29,1.5995228290557861
16833,21,1.2231645584106445
16834,21,1.214796543121338
16835,28,1.5460548400878906
16836,20,1.14042067527771
16837,29,1.5912129878997803
16838,12,0.19490808248519897
16839,25,1.4327518939971924
16840,30,1.6138439178466797
16841,29,1.5856196880340576
16842,20,1.1213276386260986
16843,26,1.4715266227722168
16844,17,0.8714125752449036
16845,29,1.5803372859954834
16846,29,1.588136911392212
16847,29,1.5894947052001953
16848,29,1.5994384288787842
16849,20,1.0724632740020752
16850,20,1.145354986190796
16851,22,1.245622158050537
16852,20,1.0816380977630615
16853,21,1.164128303527832
16854,22,1.25803542137146
16855,20,1.0766243934631348
16856,26,1.4812185764312744
16857,18,0.9712986350059509
16858,28,1.5463392734527588
16859,22,1.2465500831604004
16860,21,1.1888470649719238
16861,18,0.9617471098899841
16862,14,0.552468478679657
16863,29,1.5802268981933594
16864,30,1.612004041671753
16865,29,1.5808639526367188
16866,21,1.1519451141357422
16867,29,1.5994174480438232
16868,21,1.2102024555206299
16869,2,-2.5384387969970703
16870,28,1.551877498626709
16871,21,1.1991140842437744
16872,20,1.0809838771820068
16873,22,1.2503225803375244
16874,28,1.5604188442230225
16875,28,1.5618584156036377
16876,21,1.215627908706665
16877,30,1.6025338172912598
16878,21,1.1805155277252197
16879,27,1.5411262512207031
16880,21,1.1580779552459717
16881,19,1.0549678802490234
16882,20,1.1046104431152344
16883,25,1.44875168800354
16884,20,1.07517409324646
16885,29,1.5925521850585938
16886,21,1.1890761852264404
16887,19,1.0628643035888672
16888,22,1.2618317604064941
16889,20,1.1351490020751953
16890,26,1.4754180908203125
16891,20,1.0732197761535645
16892,24,1.3961856365203857
16893,17,0.8985446095466614
16894,25,1.452040672302246
16895,20,1.1394803524017334
16896,26,1.503547191619873
16897,20,1.107555627822876
16898,26,1.461930513381958
16899,25,1.42128586769104
16900,27,1.533846139907837
16901,28,1.5607519149780273
16902,22,1.2350263595581055
16903,27,1.5352380275726318
16904,24,1.3827977180480957
16905,21,1.1999588012695312
16906,27,1.5226821899414062
16907,21,1.2081568241119385
16908,20,1.0993552207946777
16909,22,1.2289268970489502
16910,26,1.485403060913086
16911,15,0.5886194109916687
16912,22,1.2433626651763916
16913,18,0.9217178225517273
16914,20,1.1483230590820312
16915,1,-2.720588445663452
16916,28,1.5533528327941895
16917,26,1.4989745616912842
16918,21,1.182645320892334
16919,29,1.5924272537231445
16920,19,1.0147333145141602
16921,22,1.2308740615844727
16922,20,1.1486265659332275
16923,26,1.4907419681549072
16924,27,1.526212453842163
16925,18,0.9374180436134338
16926,29,1.5739667415618896
16927,1,-2.727858781814575
16928,22,1.2495038509368896
16929,26,1.4982850551605225
16930,27,1.5075018405914307
16931,22,1.2402498722076416
16932,26,1.4771766662597656
16933,21,1.1909210681915283
16934,14,0.5457983613014221
16935,22,1.2411155700683594
16936,20,1.089554786682129
16937,27,1.52264404296875
16938,26,1.480494737625122
16939,21,1.1958458423614502
16940,29,1.5944859981536865
16941,20,1.089327096939087
16942,22,1.2367744445800781
16943,26,1.4887518882751465
16944,30,1.609635591506958
16945,20,1.1010546684265137
16946,25,1.4258384704589844
16947,26,1.4925036430358887
16948,21,1.1969239711761475
16949,22,1.277205228805542
16950,29,1.5946242809295654
16951,21,1.1925981044769287
16952,25,1.4310526847839355
16953,29,1.5845248699188232
16954,29,1.576794147491455
16955,26,1.4922361373901367
16956,20,1.1321794986724854
16957,19,1.021092176437378
16958,26,1.4783954620361328
16959,26,1.4877374172210693
16960,7,-0.6499300003051758
16961,21,1.1848783493041992
16962,18,0.9074941277503967
16963,27,1.519819974899292
16964,19,1.0176424980163574
16965,20,1.0895767211914062
16966,17,0.8765257000923157
16967,24,1.3645119667053223
16968,19,1.043670892715454
16969,26,1.4659755229949951
16970,27,1.5215909481048584
16971,21,1.195021152496338
16972,21,1.2070746421813965
16973,22,1.2557508945465088
16974,20,1.1192784309387207
16975,25,1.4149229526519775
16976,22,1.2448501586914062
16977,25,1.4471032619476318
16978,26,1.4702539443969727
16979,10,-0.1647210717201233
16980,29,1.5927462577819824
16981,26,1.4712762832641602
16982,26,1.4592204093933105
16983,26,1.4984650611877441
16984,30,1.6150877475738525
16985,26,1.473919153213501
16986,21,1.1968982219696045
16987,2,-2.3656105995178223
16988,26,1.4993717670440674
16989,19,1.0267090797424316
16990,19,1.0169610977172852
16991,15,0.5967052578926086
16992,26,1.4615364074707031
16993,20,1.0742886066436768
16994,20,1.143975019454956
16995,27,1.5199007987976074
16996,20,1.109520435333252
16997,30,1.6103730201721191
16998,21,1.1544559001922607
16999,28,1.5487916469573975
17000,24,1.3888697624206543
17001,26,1.503345012664795
17002,25,1.4563217163085938
17003,21,1.1757967472076416
17004,20,1.1414391994476318
17005,28,1.562328577041626
17006,28,1.5482213497161865
17007,29,1.59928297996521
17008,17,0.8750227093696594
17009,27,1.519519567489624
17010,27,1.507157802581787
17011,27,1.5132594108581543
17012,25,1.4454147815704346
17013,30,1.6150691509246826
17014,21,1.1794650554656982
17015,20,1.1126973628997803
17016,27,1.5050272941589355
17017,28,1.5483486652374268
17018,26,1.5026345252990723
17019,18,0.9713574051856995
17020,1,-2.8433549404144287
17021,3,-2.096296548843384
17022,20,1.1150672435760498
17023,29,1.5774481296539307
17024,28,1.5675415992736816
17025,18,0.9740607142448425
17026,21,1.1841566562652588
17027,27,1.5304250717163086
17028,21,1.1992089748382568
17029,30,1.612870454788208
17030,25,1.4379847049713135
17031,2,-2.5626230239868164
17032,28,1.5617461204528809
17033,1,-2.8251736164093018
17034,26,1.4863636493682861
17035,19,1.0100069046020508
17036,19,1.0409493446350098
17037,20,1.1245975494384766
17038,1,-2.8038792610168457
17039,26,1.4772677421569824
17040,5,-1.2057150602340698
17041,22,1.232252836227417
17042,26,1.481891393661499
17043,19,1.0370111465454102
17044,30,1.6079680919647217
17045,20,1.1378519535064697
17046,23,1.3356807231903076
17047,26,1.4909238815307617
17048,28,1.5616381168365479
17049,27,1.5047826766967773
17050,28,1.5498058795928955
17051,20,1.0862653255462646
17052,20,1.07625150680542
17053,26,1.4832990169525146
17054,24,1.3617031574249268
17055,26,1.459310531616211
17056,22,1.2364227771759033
17057,15,0.6066864132881165
17058,18,0.9232746958732605
17059,26,1.485147476196289
17060,26,1.4775724411010742
17061,21,1.2134790420532227
17062,20,1.0874300003051758
17063,19,0.9970512986183167
17064,29,1.588569164276123
17065,21,1.2070014476776123
17066,25,1.455951452255249
17067,30,1.6149096488952637
17068,18,0.9764285683631897
17069,17,0.8164505362510681
17070,8,-0.5937774181365967
17071,18,0.9781736731529236
17072,19,1.0266358852386475
17073,27,1.5189003944396973
17074,21,1.1910784244537354
17075,25,1.4342012405395508
17076,28,1.5608947277069092
17077,20,1.1146352291107178
17078,30,1.6143345832824707
17079,27,1.5312321186065674
17080,19,1.0040638446807861
17081,25,1.4515464305877686
17082,21,1.1959507465362549
17083,27,1.5073699951171875
17084,26,1.493180274963379
17085,22,1.2320482730865479
17086,26,1.4789135456085205
17087,19,1.0574169158935547
17088,20,1.1316511631011963
17089,27,1.5102229118347168
17090,20,1.1252682209014893
17091,22,1.2861552238464355
17092,27,1.5282764434814453
17093,28,1.5569806098937988
17094,20,1.1240763664245605
17095,27,1.5338315963745117
17096,18,0.9470444321632385
17097,6,-0.86955326795578
17098,30,1.6076464653015137
17099,25,1.4493358135223389
17100,27,1.511988639831543
17101,22,1.2468101978302002
17102,2,-2.5410585403442383
17103,29,1.589778184890747
17104,30,1.6070423126220703
17105,27,1.5403506755828857
17106,30,1.6036138534545898
17107,22,1.2480947971343994
17108,18,0.9823892712593079
17109,22,1.2786614894866943
17110,20,1.1370820999145508
17111,28,1.556790828704834
17112,26,1.4907565116882324
17113,24,1.4068305492401123
17114,22,1.2632625102996826
17115,27,1.5098762512207031
17116,30,1.614941120147705
17117,20,1.12849760055542
17118,26,1.492035150527954
17119,22,1.260071039199829
17120,21,1.1671345233917236
17121,30,1.607041358947754
17122,20,1.0774681568145752
17123,19,1.0145246982574463
17124,28,1.5681092739105225
17125,27,1.5189952850341797
17126,29,1.5790996551513672
17127,22,1.2613766193389893
17128,27,1.5330846309661865
17129,29,1.5974578857421875
17130,25,1.4352984428405762
17131,10,-0.05209219455718994
17132,27,1.5353577136993408
17133,22,1.2702159881591797
17134,26,1.4942550659179688
17135,22,1.2334742546081543
17136,27,1.5165915489196777
17137,27,1.5379548072814941
17138,29,1.5954160690307617
17139,21,1.1630759239196777
17140,27,1.5337846279144287
17141,2,-2.485024929046631
17142,28,1.571793556213379
17143,27,1.5396063327789307
17144,20,1.1009390354156494
17145,30,1.6036972999572754
17146,30,1.6040184497833252
17147,4,-1.5800468921661377
17148,12,0.268449604511261
17149,16,0.7021260857582092
17150,30,1.6151282787322998
17151,21,1.2021420001983643
17152,21,1.1567304134368896
17153,20,1.073650598526001
17154,25,1.4468350410461426
17155,29,1.5792603492736816
17156,29,1.5840318202972412
17157,24,1.3758459091186523
17158,28,1.5457227230072021
17159,26,1.5032289028167725
17160,19,1.0680904388427734
17161,22,1.286454677581787
17162,17,0.8490093350410461
17163,22,1.2681069374084473
17164,28,1.5571632385253906
17165,20,1.0965297222137451
17166,26,1.482945442199707
17167,20,1.1478712558746338
17168,23,1.3061175346374512
17169,24,1.383150339126587
17170,27,1.5264708995819092
17171,25,1.4160828590393066
17172,20,1.1288683414459229
17173,27,1.5089468955993652
17174,28,1.5589599609375
17175,21,1.1612722873687744
17176,25,1.42336106300354
17177,22,1.2396368980407715
17178,17,0.8765448927879333
17179,26,1.4674427509307861
17180,19,1.026038646697998
17181,19,1.006772756576538
17182,29,1.597093105316162
17183,20,1.1095881462097168
17184,18,0.9431470036506653
17185,28,1.5493886470794678
17186,27,1.5421295166015625
17187,21,1.155519723892212
17188,30,1.6079926490783691
17189,22,1.2432255744934082
17190,3,-1.9372503757476807
17191,1,-2.8363916873931885
17192,28,1.5610361099243164
17193,21,1.2108776569366455
17194,20,1.0895321369171143
17195,30,1.6129729747772217
17196,18,0.9129390120506287
17197,26,1.4668550491333008
17198,26,1.4619340896606445
17199,21,1.179753065109253
17200,13,0.38040465116500854
17201,21,1.222130298614502
17202,22,1.287804126739502
17203,23,1.2901325225830078
17204,21,1.1667101383209229
17205,5,-1.1720447540283203
17206,20,1.0942399501800537
17207,29,1.590291976928711
17208,27,1.5262682437896729
17209,25,1.407259225845337
17210,29,1.5786125659942627
17211,14,0.5401175618171692
17212,20,1.1461498737335205
17213,27,1.5259764194488525
17214,20,1.080235481262207
17215,21,1.2049009799957275
17216,22,1.2622430324554443
17217,30,1.612156867980957
17218,26,1.4597387313842773
17219,23,1.3191888332366943
17220,29,1.578096628189087
17221,26,1.4646344184875488
17222,23,1.3394854068756104
17223,19,1.0489144325256348
17224,29,1.5835239887237549
17225,29,1.5864088535308838
17226,27,1.5301764011383057
17227,21,1.1785919666290283
17228,30,1.6050119400024414
17229,21,1.1774256229400635
17230,30,1.606313705444336
17231,27,1.5165057182312012
17232,23,1.2991719245910645
17233,21,1.2105915546417236
17234,27,1.5421764850616455
17235,29,1.5917925834655762
17236,22,1.2599823474884033
17237,27,1.5304818153381348
17238,22,1.235051155090332
17239,26,1.4968972206115723
17240,25,1.4221534729003906
17241,29,1.5779178142547607
17242,20,1.081343412399292
17243,24,1.3664731979370117
17244,27,1.5234930515289307
17245,20,1.1239008903503418
17246,27,1.5394923686981201
17247,28,1.560821771621704
17248,1,-2.843388319015503
17249,21,1.2210288047790527
17250,27,1.5069959163665771
17251,27,1.517592191696167
17252,29,1.588240385055542
17253,28,1.5463941097259521
17254,29,1.5982599258422852
17255,27,1.5197772979736328
17256,29,1.5964195728302002
17257,18,0.9759474396705627
17258,26,1.5039656162261963
17259,26,1.4907827377319336
17260,28,1.5469484329223633
17261,21,1.2223010063171387
17262,29,1.5895166397094727
17263,21,1.187389850616455
17264,18,0.9365814328193665
17265,29,1.5933139324188232
17266,29,1.584789752960205
17267,28,1.5636284351348877
17268,21,1.1731901168823242
17269,20,1.1288723945617676
17270,5,-1.331850528717041
17271,27,1.5415706634521484
17272,26,1.50337815284729
17273,20,1.0948994159698486
17274,22,1.2501204013824463
17275,22,1.2624685764312744
17276,6,-0.9400280714035034
17277,22,1.2622954845428467
17278,21,1.1822240352630615
17279,26,1.495542049407959
17280,3,-2.2587027549743652
17281,29,1.595104455947876
17282,22,1.227095603942871
17283,15,0.6688387989997864
17284,29,1.5789697170257568
17285,29,1.5978994369506836
17286,23,1.2972302436828613
17287,30,1.6080543994903564
17288,28,1.5686111450195312
17289,17,0.8270127177238464
17290,21,1.2102577686309814
17291,21,1.1679713726043701
17292,26,1.4686851501464844
17293,22,1.2452635765075684
17294,22,1.245558738708496
17295,27,1.5110926628112793
17296,23,1.2978742122650146
17297,22,1.238358497619629
17298,24,1.38987135887146
17299,27,1.5401899814605713
17300,23,1.3141744136810303
17301,22,1.2668132781982422
17302,26,1.4715702533721924
17303,22,1.248788595199585
17304,17,0.8452100157737732
17305,21,1.165142297744751
17306,26,1.4748961925506592
17307,23,1.3039536476135254
17308,21,1.1633830070495605
17309,22,1.2732782363891602
17310,22,1.2781124114990234
17311,18,0.9518447518348694
17312,22,1.273470401763916
17313,29,1.582207202911377
17314,21,1.1880409717559814
17315,27,1.5389323234558105
17316,20,1.1388888359069824
17317,21,1.215151071548462
17318,27,1.5419416427612305
17319,27,1.5158095359802246
17320,24,1.3890533447265625
17321,20,1.1188149452209473
17322,30,1.6063988208770752
17323,26,1.4868667125701904
17324,27,1.5045404434204102
17325,28,1.556042194366455
17326,26,1.4873378276824951
17327,20,1.081519365310669
17328,20,1.1002306938171387
17329,20,1.1356046199798584
17330,22,1.2726061344146729
17331,29,1.5747966766357422
17332,21,1.1641263961791992
17333,26,1.476820468902588
17334,8,-0.46122103929519653
17335,6,-0.9794793725013733
17336,28,1.5625317096710205
17337,7,-0.8530365228652954
17338,21,1.1895041465759277
17339,25,1.45322847366333
17340,27,1.5142779350280762
17341,23,1.2903661727905273
17342,25,1.4271485805511475
17343,22,1.2575838565826416
17344,25,1.4410438537597656
17345,27,1.5240836143493652
17346,28,1.5467185974121094
17347,20,1.1217923164367676
17348,28,1.562239170074463
17349,20,1.128312587738037
17350,20,1.1053729057312012
17351,19,1.0531785488128662
17352,21,1.2049205303192139
17353,26,1.4933927059173584
17354,25,1.4370026588439941
17355,21,1.175417184829712
17356,1,-2.7916746139526367
17357,29,1.5953102111816406
17358,18,0.9865617156028748
17359,26,1.503504753112793
17360,30,1.6083967685699463
17361,19,1.0031871795654297
17362,16,0.7002902626991272
17363,19,1.0343728065490723
17364,19,1.05361008644104
17365,28,1.5665359497070312
17366,22,1.2631754875183105
17367,21,1.1855146884918213
17368,22,1.2687830924987793
17369,23,1.314263105392456
17370,29,1.5926711559295654
17371,22,1.280867338180542
17372,26,1.4892082214355469
17373,25,1.4468131065368652
17374,22,1.2326452732086182
17375,25,1.4191081523895264
17376,27,1.510040283203125
17377,30,1.607151746749878
17378,28,1.543750286102295
17379,30,1.6142759323120117
17380,21,1.2003529071807861
17381,29,1.5917353630065918
17382,28,1.565403938293457
17383,22,1.2792139053344727
17384,26,1.4987435340881348
17385,29,1.579195499420166
17386,28,1.560298204421997
17387,22,1.2485237121582031
17388,20,1.1260998249053955
17389,29,1.5853469371795654
17390,30,1.6105430126190186
17391,28,1.5448572635650635
17392,30,1.601083517074585
17393,22,1.2363860607147217
17394,26,1.4687914848327637
17395,12,0.2455114722251892
17396,26,1.4952454566955566
17397,1,-2.808091163635254
17398,29,1.5958638191223145
17399,21,1.175347089767456
17400,29,1.5940375328063965
17401,21,1.2112290859222412
17402,28,1.5617377758026123
17403,21,1.1709790229797363
17404,29,1.5942208766937256
17405,29,1.5835802555084229
17406,30,1.6083869934082031
17407,21,1.1970007419586182
17408,19,1.0319573879241943
17409,20,1.1238746643066406
17410,8,-0.3850827217102051
17411,16,0.718437135219574
17412,26,1.501795768737793
17413,27,1.50657057762146
17414,23,1.3230242729187012
17415,11,0.1659722924232483
17416,29,1.5947606563568115
17417,29,1.5756564140319824
17418,22,1.2381346225738525
17419,25,1.4345312118530273
17420,28,1.5473201274871826
17421,29,1.5952601432800293
17422,24,1.3872675895690918
17423,30,1.6146652698516846
17424,22,1.2642698287963867
17425,13,0.34561687707901
17426,30,1.6084058284759521
17427,7,-0.8353720903396606
17428,30,1.6052062511444092
17429,26,1.4935357570648193
17430,26,1.5011844635009766
17431,14,0.5622039437294006
17432,28,1.5438168048858643
17433,26,1.4893372058868408
17434,27,1.530651569366455
17435,22,1.2257695198059082
17436,29,1.5796802043914795
17437,21,1.1573500633239746
17438,27,1.5233066082000732
17439,21,1.218496561050415
17440,26,1.4993009567260742
17441,20,1.146202802658081
17442,21,1.1599104404449463
17443,22,1.2808215618133545
17444,29,1.5963592529296875
17445,21,1.1913831233978271
17446,27,1.516813039779663
17447,28,1.5531840324401855
17448,21,1.212860345840454
17449,27,1.5238564014434814
17450,26,1.4670155048370361
17451,21,1.2077059745788574
17452,26,1.4983885288238525
17453,21,1.1587162017822266
17454,29,1.590430498123169
17455,21,1.2042081356048584
17456,22,1.2289247512817383
17457,27,1.5364813804626465
17458,27,1.5246398448944092
17459,22,1.2460951805114746
17460,26,1.4900968074798584
17461,28,1.558366298675537
17462,27,1.508897304534912
17463,22,1.2582788467407227
17464,25,1.423889398574829
17465,29,1.5977702140808105
17466,26,1.50008225440979
17467,21,1.2143611907958984
17468,1,-2.8248484134674072
17469,22,1.254873514175415
17470,20,1.1490631103515625
17471,21,1.1688685417175293
17472,27,1.534172534942627
17473,28,1.5664079189300537
17474,8,-0.4872162342071533
17475,21,1.2228572368621826
17476,27,1.5249927043914795
17477,27,1.5402891635894775
17478,30,1.6079792976379395
17479,22,1.2753796577453613
17480,23,1.2904257774353027
17481,21,1.2251076698303223
17482,16,0.6998944878578186
17483,21,1.1980717182159424
17484,16,0.7343228459358215
17485,23,1.331111192703247
17486,6,-0.9719992876052856
17487,23,1.3129003047943115
17488,30,1.6017391681671143
17489,17,0.8138828873634338
17490,24,1.3931481838226318
17491,27,1.508162260055542
17492,20,1.0735909938812256
17493,26,1.4722692966461182
17494,22,1.2352778911590576
17495,19,1.0485937595367432
17496,27,1.5051076412200928
17497,21,1.1800103187561035
17498,30,1.6000659465789795
17499,27,1.5408365726470947
17500,21,1.2226958274841309
17501,28,1.549670696258545
17502,12,0.26826566457748413
17503,21,1.1858136653900146
17504,29,1.5869464874267578
17505,27,1.5269474983215332
17506,30,1.6003165245056152
17507,22,1.2654776573181152
17508,28,1.5530242919921875
17509,23,1.3135597705841064
17510,9,-0.36649399995803833
17511,21,1.1699132919311523
17512,27,1.5270414352416992
17513,27,1.5102643966674805
17514,23,1.3052680492401123
17515,20,1.1433699131011963
17516,27,1.505080223083496
17517,30,1.606391191482544
17518,26,1.484372615814209
17519,19,1.0508182048797607
17520,22,1.2483289241790771
17521,27,1.5135772228240967
17522,27,1.5080041885375977
17523,23,1.3216183185577393
17524,26,1.4987878799438477
17525,2,-2.4699270725250244
17526,27,1.5425713062286377
17527,28,1.5462379455566406
17528,29,1.577744960784912
17529,20,1.119572401046753
17530,21,1.193385362625122
17531,29,1.5840098857879639
17532,20,1.0861449241638184
17533,20,1.131648063659668
17534,29,1.5789031982421875
17535,22,1.2795782089233398
17536,27,1.5188562870025635
17537,26,1.5038554668426514
17538,6,-1.063429832458496
17539,23,1.3283708095550537
17540,30,1.6026649475097656
17541,22,1.258394479751587
17542,27,1.5330829620361328
17543,23,1.3022856712341309
17544,23,1.2930526733398438
17545,25,1.4378771781921387
17546,27,1.5269923210144043
17547,21,1.217771291732788
17548,17,0.8676952719688416
17549,27,1.5200581550598145
17550,21,1.1794764995574951
17551,25,1.4210991859436035
17552,21,1.2128627300262451
17553,28,1.5500168800354004
17554,21,1.2170422077178955
17555,29,1.5790014266967773
17556,21,1.1946556568145752
17557,21,1.16329026222229
17558,30,1.6031110286712646
17559,30,1.6149475574493408
17560,23,1.3159217834472656
17561,28,1.560023307800293
17562,23,1.3135335445404053
17563,27,1.5372858047485352
17564,20,1.117987871170044
17565,26,1.4982457160949707
17566,26,1.5042376518249512
17567,21,1.1675658226013184
17568,30,1.6028766632080078
17569,24,1.4033660888671875
17570,29,1.5905001163482666
17571,21,1.209768533706665
17572,22,1.2536165714263916
17573,5,-1.1842544078826904
17574,18,0.9373872876167297
17575,29,1.5756580829620361
17576,22,1.225703239440918
17577,22,1.2636733055114746
17578,2,-2.4021379947662354
17579,29,1.5907647609710693
17580,29,1.5755290985107422
17581,22,1.2593152523040771
17582,23,1.3093245029449463
17583,20,1.098006248474121
17584,27,1.5155658721923828
17585,19,0.998163640499115
17586,7,-0.6548563241958618
17587,22,1.2499332427978516
17588,27,1.5374834537506104
17589,21,1.2233195304870605
17590,30,1.614163875579834
17591,21,1.1784472465515137
17592,21,1.1893699169158936
17593,30,1.6150619983673096
17594,22,1.2677617073059082
17595,26,1.4906375408172607
17596,28,1.5634217262268066
17597,28,1.5583291053771973
17598,19,1.0637128353118896
17599,29,1.5938539505004883
17600,29,1.5904974937438965
17601,21,1.169970989227295
17602,22,1.259242057800293
17603,22,1.2492573261260986
17604,22,1.2822766304016113
17605,26,1.4893462657928467
17606,2,-2.66355037689209
17607,20,1.1381030082702637
17608,30,1.615123987197876
17609,21,1.1860766410827637
17610,21,1.2163009643554688
17611,3,-2.2222509384155273
17612,29,1.589259147644043
17613,21,1.2049143314361572
17614,29,1.5984296798706055
17615,26,1.4961860179901123
17616,18,0.934116542339325
17617,27,1.509795904159546
17618,23,1.3043544292449951
17619,26,1.4641268253326416
17620,23,1.3294181823730469
17621,21,1.1860814094543457
17622,28,1.5551471710205078
17623,29,1.5824105739593506
17624,22,1.2455577850341797
17625,22,1.245149850845337
17626,28,1.5479943752288818
17627,27,1.520103931427002
17628,5,-1.4225139617919922
17629,18,0.9193533062934875
17630,23,1.3150115013122559
17631,29,1.574662685394287
17632,27,1.5399670600891113
17633,22,1.2751872539520264
17634,23,1.3265843391418457
17635,25,1.4496104717254639
17636,27,1.5211410522460938
17637,26,1.4981670379638672
17638,29,1.5957391262054443
17639,23,1.3199076652526855
17640,22,1.2893543243408203
17641,22,1.2696099281311035
17642,22,1.2585909366607666
17643,22,1.2735285758972168
17644,22,1.2817866802215576
17645,21,1.2193012237548828
17646,22,1.2848854064941406
17647,23,1.3431077003479004
17648,29,1.5896072387695312
17649,1,-2.8307647705078125
17650,22,1.2719626426696777
17651,27,1.5153985023498535
17652,2,-2.6438353061676025
17653,21,1.2084665298461914
17654,22,1.2552785873413086
17655,22,1.2531819343566895
17656,23,1.3350059986114502
17657,27,1.5422654151916504
17658,28,1.5629756450653076
17659,23,1.32076096534729
17660,29,1.5854196548461914
17661,26,1.4617509841918945
17662,30,1.612518548965454
17663,26,1.4960596561431885
17664,26,1.4889225959777832
17665,27,1.5188491344451904
17666,27,1.5289642810821533
17667,27,1.5294222831726074
17668,27,1.5371670722961426
17669,30,1.6028258800506592
17670,13,0.4444606900215149
17671,25,1.4522340297698975
17672,29,1.599768877029419
17673,27,1.5099644660949707
17674,1,-2.7541627883911133
17675,28,1.5570945739746094
17676,20,1.1243464946746826
17677,30,1.6138715744018555
17678,22,1.2530386447906494
17679,21,1.1647841930389404
17680,22,1.288618564605713
17681,30,1.6135389804840088
17682,29,1.5751018524169922
17683,21,1.182950735092163
17684,21,1.1924049854278564
17685,30,1.6149415969848633
17686,29,1.595961570739746
17687,27,1.5381989479064941
17688,22,1.278263807296753
17689,20,1.113532304763794
17690,27,1.520914077758789
17691,12,0.2920166850090027
17692,29,1.5835790634155273
17693,27,1.5051336288452148
17694,13,0.4302663207054138
17695,22,1.2559049129486084
17696,3,-2.1047282218933105
17697,7,-0.7481961250305176
17698,28,1.5667047500610352
17699,27,1.5342068672180176
17700,26,1.50343656539917
17701,21,1.224241018295288
17702,20,1.1188993453979492
17703,22,1.280745029449463
17704,28,1.5537004470825195
17705,27,1.536370038986206
17706,3,-1.9710168838500977
17707,28,1.5527558326721191
17708,23,1.3386459350585938
17709,28,1.55314040184021
17710,2,-2.3864493370056152
17711,22,1.2623014450073242
17712,18,0.9827833771705627
17713,23,1.3153202533721924
17714,29,1.5909953117370605
17715,28,1.54632568359375
17716,22,1.2895090579986572
17717,26,1.482229471206665
17718,29,1.580620288848877
17719,22,1.2613959312438965
17720,21,1.1999073028564453
17721,21,1.185297966003418
17722,30,1.6058228015899658
17723,20,1.1340138912200928
17724,23,1.3013250827789307
17725,22,1.2642402648925781
17726,21,1.1948299407958984
17727,27,1.5390326976776123
17728,22,1.2554559707641602
17729,23,1.3443539142608643
17730,24,1.3917145729064941
17731,26,1.4957263469696045
17732,23,1.3473083972930908
17733,27,1.5217840671539307
17734,17,0.8043444752693176
17735,23,1.3007323741912842
17736,28,1.5634500980377197
17737,26,1.5029397010803223
17738,4,-1.5978657007217407
17739,23,1.2906780242919922
17740,22,1.2476541996002197
17741,27,1.5206577777862549
17742,21,1.2051985263824463
17743,28,1.5562689304351807
17744,3,-1.8517513275146484
17745,29,1.5765430927276611
17746,2,-2.576681137084961
17747,23,1.3041408061981201
17748,19,0.9884997010231018
17749,22,1.2732949256896973
17750,28,1.544640302658081
17751,30,1.602055549621582
17752,23,1.3029627799987793
17753,18,0.9798770546913147
17754,28,1.5488102436065674
17755,21,1.209326982498169
17756,14,0.4815348982810974
17757,20,1.0815541744232178
17758,20,1.1471741199493408
17759,20,1.0850601196289062
17760,27,1.530149221420288
17761,26,1.4591083526611328
17762,22,1.250502586364746
17763,19,1.0666248798370361
17764,21,1.1849796772003174
17765,23,1.2902131080627441
17766,22,1.236039400100708
17767,28,1.5651323795318604
17768,27,1.513838291168213
17769,22,1.268333911895752
17770,21,1.1885056495666504
17771,23,1.327953577041626
17772,30,1.607787847518921
17773,28,1.5513250827789307
17774,19,1.0489211082458496
17775,21,1.1555099487304688
17776,27,1.5272328853607178
17777,5,-1.4296209812164307
17778,20,1.1445598602294922
17779,17,0.804581344127655
17780,23,1.305182933807373
17781,22,1.2611865997314453
17782,23,1.2966187000274658
17783,27,1.5085999965667725
17784,28,1.5651133060455322
17785,23,1.341554880142212
17786,10,-0.12996679544448853
17787,30,1.6065170764923096
17788,28,1.5606935024261475
17789,21,1.1973462104797363
17790,23,1.2915740013122559
17791,29,1.5891337394714355
17792,29,1.5974359512329102
17793,25,1.4297966957092285
17794,21,1.1844203472137451
17795,26,1.4985096454620361
17796,28,1.5478291511535645
17797,23,1.3141508102416992
17798,30,1.6030657291412354
17799,28,1.5460388660430908
17800,9,-0.24653923511505127
17801,28,1.5685348510742188
17802,28,1.5612437725067139
17803,23,1.3066184520721436
17804,28,1.5450687408447266
17805,27,1.5221922397613525
17806,27,1.5128955841064453
17807,24,1.3847525119781494
17808,23,1.2946858406066895
17809,24,1.366499900817871
17810,2,-2.517176866531372
17811,4,-1.7560603618621826
17812,29,1.5990304946899414
17813,27,1.5323903560638428
17814,1,-2.8351328372955322
17815,22,1.2528722286224365
17816,27,1.5260162353515625
17817,29,1.5902891159057617
17818,23,1.3042950630187988
17819,29,1.5961620807647705
17820,26,1.4975335597991943
17821,21,1.1864056587219238
17822,25,1.4299521446228027
17823,22,1.2732024192810059
17824,1,-2.7310540676116943
17825,21,1.214250087738037
17826,23,1.3314869403839111
17827,2,-2.319422721862793
17828,28,1.5605223178863525
17829,28,1.5606014728546143
17830,22,1.2841284275054932
17831,21,1.1642978191375732
17832,30,1.6140716075897217
17833,29,1.5777945518493652
17834,30,1.6004242897033691
17835,28,1.54826021194458
17836,1,-2.8415398597717285
17837,20,1.1324710845947266
17838,28,1.5491619110107422
17839,22,1.2534148693084717
17840,29,1.5794613361358643
17841,30,1.6151924133300781
17842,28,1.5534424781799316
17843,29,1.5856361389160156
17844,27,1.5066232681274414
17845,21,1.160660743713379
17846,21,1.1864259243011475
17847,20,1.1247613430023193
17848,29,1.574841022491455
17849,23,1.3095927238464355
17850,24,1.4023346900939941
17851,24,1.3511831760406494
17852,23,1.3396291732788086
17853,21,1.1546406745910645
17854,23,1.3247346878051758
17855,28,1.5434670448303223
17856,23,1.3102366924285889
17857,29,1.5975031852722168
17858,30,1.6150877475738525
17859,23,1.3362727165222168
17860,8,-0.4740567207336426
17861,23,1.3101778030395508
17862,23,1.3209114074707031
17863,24,1.3718314170837402
17864,28,1.5490145683288574
17865,23,1.3083281517028809
17866,22,1.2711029052734375
17867,1,-2.8044910430908203
17868,22,1.262359857559204
17869,23,1.3361787796020508
17870,22,1.2774310111999512
17871,23,1.3421554565429688
17872,27,1.5315561294555664
17873,28,1.566141128540039
17874,27,1.5072336196899414
17875,29,1.5915799140930176
17876,30,1.6150412559509277
17877,21,1.1653375625610352
17878,27,1.5298731327056885
17879,29,1.5739896297454834
17880,22,1.2345116138458252
17881,29,1.5922746658325195
17882,5,-1.440132737159729
17883,20,1.1452996730804443
17884,24,1.3753318786621094
17885,29,1.5893900394439697
17886,23,1.295165777206421
17887,22,1.2811331748962402
17888,29,1.5780432224273682
17889,29,1.5942003726959229
17890,26,1.497802495956421
17891,30,1.6103615760803223
17892,26,1.4650888442993164
17893,26,1.4871203899383545
17894,22,1.2857184410095215
17895,23,1.3167946338653564
17896,6,-0.9904099702835083
17897,22,1.2256033420562744
17898,28,1.5577595233917236
17899,23,1.3366262912750244
17900,22,1.2805671691894531
17901,26,1.5030739307403564
17902,27,1.5353567600250244
17903,22,1.2846300601959229
17904,22,1.2480506896972656
17905,28,1.5524892807006836
17906,27,1.5409631729125977
17907,23,1.3219549655914307
17908,22,1.2411913871765137
17909,30,1.6044280529022217
17910,27,1.5324716567993164
17911,21,1.2161378860473633
17912,18,0.9759847521781921
17913,21,1.1503500938415527
17914,29,1.5981688499450684
17915,22,1.261014699935913
17916,29,1.5910122394561768
17917,28,1.5437638759613037
17918,28,1.5617661476135254
17919,27,1.5328326225280762
17920,22,1.2421109676361084
17921,30,1.6063523292541504
17922,28,1.5523133277893066
17923,26,1.4937233924865723
17924,30,1.6126933097839355
17925,20,1.1045942306518555
17926,30,1.6049845218658447
17927,24,1.3628642559051514
17928,23,1.3106606006622314
17929,23,1.3246357440948486
17930,24,1.354006290435791
17931,22,1.251046895980835
17932,23,1.3332724571228027
17933,24,1.362722396850586
17934,21,1.1696228981018066
17935,26,1.5041923522949219
17936,23,1.3301432132720947
17937,20,1.1252005100250244
17938,24,1.3507938385009766
17939,29,1.5854699611663818
17940,28,1.573709487915039
17941,18,0.9250275492668152
17942,28,1.548995018005371
17943,22,1.2708475589752197
17944,23,1.3010475635528564
17945,23,1.3412528038024902
17946,27,1.5079598426818848
17947,30,1.6046700477600098
17948,30,1.6151995658874512
17949,30,1.6032567024230957
17950,28,1.5573480129241943
17951,21,1.2249059677124023
17952,25,1.4495344161987305
17953,22,1.2268495559692383
17954,20,1.092942476272583
17955,23,1.328627109527588
17956,22,1.2470102310180664
17957,28,1.552001953125
17958,23,1.3386950492858887
17959,22,1.2486023902893066
17960,28,1.552403211593628
17961,20,1.079483985900879
17962,26,1.4811530113220215
17963,23,1.336183786392212
17964,28,1.5636441707611084
17965,1,-2.843458890914917
17966,10,-0.05212819576263428
17967,29,1.5821340084075928
17968,25,1.4099409580230713
17969,30,1.5999455451965332
17970,1,-2.7761759757995605
17971,28,1.5646476745605469
17972,28,1.5544507503509521
17973,24,1.394796371459961
17974,30,1.6066741943359375
17975,23,1.3145055770874023
17976,23,1.3351860046386719
17977,1,-2.8192617893218994
17978,30,1.6003189086914062
17979,29,1.5761909484863281
17980,27,1.5220005512237549
17981,23,1.30369234085083
17982,22,1.237675428390503
17983,22,1.2504210472106934
17984,20,1.0782809257507324
17985,23,1.2920482158660889
17986,23,1.3263709545135498
17987,21,1.166623592376709
17988,24,1.387683629989624
17989,28,1.5647327899932861
17990,29,1.5948207378387451
17991,28,1.5665626525878906
17992,22,1.2698562145233154
17993,29,1.5943751335144043
17994,21,1.1613152027130127
17995,26,1.4970743656158447
17996,29,1.5771024227142334
17997,28,1.5439362525939941
17998,23,1.2911388874053955
17999,26,1.458644151687622
18000,22,1.2727453708648682
18001,29,1.5815248489379883
18002,23,1.3044688701629639
18003,20,1.0832865238189697
18004,27,1.529571294784546
18005,27,1.5421841144561768
18006,27,1.5091283321380615
18007,26,1.5032083988189697
18008,22,1.2824969291687012
18009,29,1.5953519344329834
18010,22,1.237281322479248
18011,26,1.4916157722473145
18012,2,-2.593350648880005
18013,22,1.257249116897583
18014,29,1.5960824489593506
18015,22,1.2835097312927246
18016,28,1.573479413986206
18017,22,1.26023530960083
18018,23,1.300685167312622
18019,22,1.2464334964752197
18020,26,1.4622972011566162
18021,21,1.2247164249420166
18022,21,1.1899762153625488
18023,27,1.5280141830444336
18024,23,1.3386194705963135
18025,27,1.5263352394104004
18026,23,1.3473241329193115
18027,22,1.2859668731689453
18028,30,1.6042211055755615
18029,24,1.362576961517334
18030,29,1.5743579864501953
18031,21,1.1826915740966797
18032,27,1.5424277782440186
18033,29,1.5805318355560303
18034,24,1.3585939407348633
18035,30,1.610098123550415
18036,21,1.2085745334625244
18037,1,-2.8376612663269043
18038,29,1.5955960750579834
18039,24,1.3854484558105469
18040,25,1.4506800174713135
18041,28,1.5702648162841797
18042,27,1.5201067924499512
18043,24,1.3645081520080566
18044,28,1.5728247165679932
18045,23,1.2983992099761963
18046,26,1.4853737354278564
18047,28,1.5628185272216797
18048,21,1.180419683456421
18049,24,1.3680932521820068
18050,23,1.3059821128845215
18051,29,1.575080394744873
18052,30,1.6149821281433105
18053,24,1.3868591785430908
18054,28,1.555945634841919
18055,10,-0.16878312826156616
18056,29,1.575319766998291
18057,23,1.3405449390411377
18058,21,1.2001562118530273
18059,26,1.482828140258789
18060,27,1.5216383934020996
18061,22,1.285750150680542
18062,29,1.579946756362915
18063,21,1.177088737487793
18064,1,-2.8366518020629883
18065,24,1.365278720855713
18066,24,1.351144552230835
18067,29,1.5870366096496582
18068,28,1.5607900619506836
18069,1,-2.827044725418091
18070,25,1.418874740600586
18071,28,1.5428597927093506
18072,28,1.5501468181610107
18073,29,1.5807747840881348
18074,30,1.612499713897705
18075,18,0.9415027499198914
18076,29,1.5832257270812988
18077,27,1.5223708152770996
18078,29,1.5920140743255615
18079,1,-2.768042802810669
18080,21,1.2241079807281494
18081,24,1.3633654117584229
18082,26,1.4734807014465332
18083,28,1.5721673965454102
18084,28,1.5545251369476318
18085,27,1.510669469833374
18086,22,1.2679154872894287
18087,29,1.5872361660003662
18088,21,1.184175729751587
18089,22,1.2821929454803467
18090,24,1.3651056289672852
18091,17,0.8598460555076599
18092,26,1.4980063438415527
18093,27,1.5304419994354248
18094,23,1.3294720649719238
18095,21,1.1869783401489258
18096,23,1.3431267738342285
18097,26,1.5024182796478271
18098,25,1.4378252029418945
18099,27,1.5201220512390137
18100,27,1.5049240589141846
18101,29,1.5908279418945312
18102,27,1.5188896656036377
18103,25,1.4120469093322754
18104,29,1.5892815589904785
18105,23,1.297003984451294
18106,22,1.2826404571533203
18107,27,1.5056707859039307
18108,21,1.203460931777954
18109,26,1.481297492980957
18110,17,0.8693559765815735
18111,28,1.5733904838562012
18112,23,1.325486421585083
18113,22,1.268570899963379
18114,29,1.5856213569641113
18115,21,1.1979401111602783
18116,27,1.5164296627044678
18117,27,1.5144190788269043
18118,15,0.6590369343757629
18119,27,1.5318870544433594
18120,22,1.282381296157837
18121,28,1.553044319152832
18122,27,1.539682149887085
18123,30,1.6148865222930908
18124,26,1.4587657451629639
18125,23,1.3117263317108154
18126,26,1.5037615299224854
18127,23,1.3146522045135498
18128,29,1.5933303833007812
18129,21,1.2191855907440186
18130,22,1.2712428569793701
18131,22,1.2371914386749268
18132,24,1.382727861404419
18133,27,1.5127613544464111
18134,27,1.516205072402954
18135,29,1.5922844409942627
18136,30,1.6126346588134766
18137,28,1.5656673908233643
18138,8,-0.42901527881622314
18139,27,1.511427640914917
18140,13,0.3433768153190613
18141,23,1.340188980102539
18142,23,1.3089931011199951
18143,28,1.5585510730743408
18144,26,1.4714927673339844
18145,27,1.522897481918335
18146,30,1.6068065166473389
18147,30,1.6036138534545898
18148,25,1.4414196014404297
18149,28,1.5597634315490723
18150,27,1.5162029266357422
18151,22,1.2581853866577148
18152,22,1.2707839012145996
18153,21,1.1939785480499268
18154,23,1.307525396347046
18155,25,1.413666009902954
18156,24,1.4055202007293701
18157,27,1.5385713577270508
18158,28,1.5709285736083984
18159,22,1.2696223258972168
18160,23,1.317887306213379
18161,18,0.951621949672699
18162,2,-2.5174336433410645
18163,22,1.2716591358184814
18164,24,1.366330862045288
18165,25,1.441155195236206
18166,27,1.5200707912445068
18167,29,1.5991156101226807
18168,26,1.4950857162475586
18169,23,1.3366079330444336
18170,25,1.4083497524261475
18171,30,1.6042845249176025
18172,29,1.5846848487854004
18173,19,0.9967944025993347
18174,29,1.5950181484222412
18175,27,1.5345251560211182
18176,22,1.2825331687927246
18177,27,1.535745620727539
18178,22,1.244422435760498
18179,1,-2.8272125720977783
18180,29,1.5754938125610352
18181,28,1.5428555011749268
18182,21,1.1668059825897217
18183,23,1.30879545211792
18184,28,1.5510632991790771
18185,27,1.5132200717926025
18186,19,1.0467798709869385
18187,1,-2.8400819301605225
18188,21,1.1980009078979492
18189,27,1.5112061500549316
18190,22,1.289355754852295
18191,22,1.2729499340057373
18192,28,1.5502328872680664
18193,4,-1.8018877506256104
18194,30,1.6059050559997559
18195,22,1.2798588275909424
18196,28,1.573345422744751
18197,13,0.4461565613746643
18198,27,1.5127537250518799
18199,22,1.2486343383789062
18200,22,1.2486116886138916
18201,24,1.3675000667572021
18202,30,1.6152338981628418
18203,20,1.126044511795044
18204,23,1.3381168842315674
18205,17,0.8789038062095642
18206,22,1.2450590133666992
18207,27,1.5356481075286865
18208,30,1.6085929870605469
18209,24,1.3912222385406494
18210,28,1.562403678894043
18211,1,-2.8290092945098877
18212,28,1.5618457794189453
18213,22,1.2433788776397705
18214,30,1.6024062633514404
18215,28,1.5670087337493896
18216,18,0.9609602093696594
18217,27,1.5215036869049072
18218,24,1.3542447090148926
18219,30,1.6070427894592285
18220,24,1.3668937683105469
18221,24,1.381209135055542
18222,26,1.4893481731414795
18223,24,1.3572182655334473
18224,27,1.5311241149902344
18225,28,1.5472469329833984
18226,30,1.6024515628814697
18227,28,1.5704965591430664
18228,30,1.61513352394104
18229,26,1.4728991985321045
18230,22,1.2740049362182617
18231,27,1.5149502754211426
18232,1,-2.8392691612243652
18233,3,-2.0882043838500977
18234,27,1.5401294231414795
18235,23,1.3312244415283203
18236,25,1.4513933658599854
18237,25,1.4546139240264893
18238,8,-0.5479803085327148
18239,22,1.2375705242156982
18240,29,1.5864989757537842
18241,30,1.602454423904419
18242,28,1.545248031616211
18243,3,-2.162476062774658
18244,30,1.6003673076629639
18245,25,1.4399352073669434
18246,29,1.5815510749816895
18247,28,1.5609471797943115
18248,18,0.9733414053916931
18249,1,-2.8113863468170166
18250,28,1.5563714504241943
18251,27,1.5369410514831543
18252,23,1.3357574939727783
18253,28,1.571155309677124
18254,27,1.5063893795013428
18255,29,1.5867838859558105
18256,23,1.3073649406433105
18257,29,1.5779640674591064
18258,22,1.2410919666290283
18259,21,1.1597044467926025
18260,23,1.317079782485962
18261,25,1.4531688690185547
18262,29,1.5995442867279053
18263,23,1.29667067527771
18264,30,1.6024227142333984
18265,28,1.5704541206359863
18266,5,-1.2489616870880127
18267,23,1.3129687309265137
18268,30,1.6072783470153809
18269,28,1.5546622276306152
18270,11,0.08640199899673462
18271,29,1.5944712162017822
18272,24,1.3814716339111328
18273,23,1.3189036846160889
18274,23,1.341844081878662
18275,14,0.5143733620643616
18276,22,1.2648332118988037
18277,22,1.242750883102417
18278,23,1.2910220623016357
18279,23,1.2955365180969238
18280,28,1.5557234287261963
18281,22,1.2640600204467773
18282,30,1.6035926342010498
18283,27,1.5337321758270264
18284,28,1.5432326793670654
18285,24,1.3556625843048096
18286,21,1.2077786922454834
18287,27,1.5381622314453125
18288,24,1.3697266578674316
18289,23,1.3160061836242676
18290,23,1.3400347232818604
18291,22,1.2658772468566895
18292,28,1.551140308380127
18293,24,1.3769214153289795
18294,24,1.4010193347930908
18295,26,1.4917700290679932
18296,2,-2.3182711601257324
18297,24,1.3875391483306885
18298,23,1.3046317100524902
18299,24,1.3582894802093506
18300,22,1.2584877014160156
18301,23,1.3057222366333008
18302,24,1.3511128425598145
18303,29,1.5962035655975342
18304,24,1.3900883197784424
18305,27,1.5168101787567139
18306,27,1.5053489208221436
18307,23,1.3083455562591553
18308,20,1.1476056575775146
18309,25,1.4142799377441406
18310,23,1.2995054721832275
18311,23,1.293870449066162
18312,29,1.5977048873901367
18313,30,1.614877700805664
18314,22,1.2709789276123047
18315,15,0.6425135731697083
18316,24,1.3614139556884766
18317,21,1.2160298824310303
18318,27,1.5358169078826904
18319,28,1.5673036575317383
18320,29,1.599452018737793
18321,1,-2.828153371810913
18322,30,1.6143252849578857
18323,30,1.6040120124816895
18324,30,1.6098990440368652
18325,30,1.6029376983642578
18326,24,1.3586959838867188
18327,2,-2.5978686809539795
18328,23,1.3284120559692383
18329,22,1.2844247817993164
18330,1,-2.734142780303955
18331,22,1.2895214557647705
18332,1,-2.8365824222564697
18333,29,1.5803077220916748
18334,23,1.3264703750610352
18335,24,1.392481803894043
18336,2,-2.4629580974578857
18337,27,1.5080897808074951
18338,27,1.522489070892334
18339,26,1.502354621887207
18340,28,1.5653221607208252
18341,26,1.503702163696289
18342,1,-2.826777458190918
18343,27,1.5226619243621826
18344,23,1.3233327865600586
18345,22,1.2760214805603027
18346,25,1.4123594760894775
18347,21,1.196120262145996
18348,30,1.6042191982269287
18349,14,0.48761218786239624
18350,27,1.5354959964752197
18351,2,-2.6233456134796143
18352,25,1.4438188076019287
18353,23,1.2939300537109375
18354,19,1.0152132511138916
18355,28,1.5531246662139893
18356,23,1.3392958641052246
18357,30,1.6000542640686035
18358,27,1.5211853981018066
18359,23,1.3043057918548584
18360,27,1.542790412902832
18361,18,0.9541046023368835
18362,26,1.475501537322998
18363,24,1.381702184677124
18364,29,1.5878932476043701
18365,28,1.563777208328247
18366,27,1.5394346714019775
18367,29,1.5907297134399414
18368,29,1.5820326805114746
18369,23,1.3145520687103271
18370,23,1.3149669170379639
18371,29,1.5760679244995117
18372,24,1.3667666912078857
18373,30,1.6143324375152588
18374,24,1.3574113845825195
18375,23,1.3045895099639893
18376,26,1.4942545890808105
18377,29,1.5940251350402832
18378,26,1.4858672618865967
18379,24,1.3521091938018799
18380,5,-1.452405333518982
18381,29,1.5965805053710938
18382,27,1.5391407012939453
18383,24,1.359438180923462
18384,24,1.3815805912017822
18385,25,1.4577171802520752
18386,23,1.302191972732544
18387,24,1.3565261363983154
18388,23,1.3284180164337158
18389,28,1.5431296825408936
18390,24,1.3627488613128662
18391,23,1.3237714767456055
18392,23,1.3335556983947754
18393,27,1.530369758605957
18394,30,1.6043503284454346
18395,24,1.35780930519104
18396,26,1.475019931793213
18397,27,1.531768798828125
18398,22,1.2300794124603271
18399,24,1.3502955436706543
18400,29,1.5771450996398926
18401,24,1.379105806350708
18402,28,1.5714824199676514
18403,28,1.5439791679382324
18404,30,1.6149976253509521
18405,27,1.5338726043701172
18406,24,1.396000862121582
18407,30,1.613236904144287
18408,24,1.3880603313446045
18409,21,1.1600570678710938
18410,23,1.3308329582214355
18411,12,0.2006722092628479
18412,30,1.6152479648590088
18413,8,-0.3809020519256592
18414,22,1.287975549697876
18415,30,1.607703447341919
18416,22,1.2621300220489502
18417,29,1.5976438522338867
18418,25,1.4225544929504395
18419,30,1.6072332859039307
18420,29,1.5986254215240479
18421,28,1.5563738346099854
18422,23,1.341108798980713
18423,24,1.3716835975646973
18424,29,1.5818238258361816
18425,21,1.2046048641204834
18426,23,1.3129687309265137
18427,28,1.56471848487854
18428,29,1.5952930450439453
18429,27,1.523608684539795
18430,18,0.9593793749809265
18431,24,1.3938870429992676
18432,28,1.5495624542236328
18433,22,1.2880916595458984
18434,25,1.4356002807617188
18435,24,1.3626103401184082
18436,23,1.3390679359436035
18437,30,1.6124827861785889
18438,4,-1.4930856227874756
18439,24,1.3934850692749023
18440,18,0.9568161368370056
18441,21,1.1615612506866455
18442,22,1.2866125106811523
18443,26,1.4688611030578613
18444,30,1.6093041896820068
18445,30,1.6152245998382568
18446,2,-2.339463233947754
18447,1,-2.840430974960327
18448,17,0.8887209296226501
18449,27,1.5338387489318848
18450,27,1.5231752395629883
18451,24,1.364865779876709
18452,29,1.577876329421997
18453,23,1.3451578617095947
18454,25,1.4124407768249512
18455,26,1.495166301727295
18456,21,1.193098783493042
18457,24,1.3963844776153564
18458,29,1.5745275020599365
18459,22,1.278442144393921
18460,26,1.4994258880615234
18461,24,1.3639838695526123
18462,24,1.4015028476715088
18463,28,1.559180498123169
18464,21,1.2177767753601074
18465,23,1.2950701713562012
18466,24,1.3815844058990479
18467,24,1.37678861618042
18468,25,1.4078502655029297
18469,22,1.2755801677703857
18470,21,1.2223479747772217
18471,29,1.5784554481506348
18472,23,1.32035231590271
18473,23,1.3459160327911377
18474,4,-1.7804895639419556
18475,3,-1.846134901046753
18476,28,1.561751365661621
18477,23,1.3161685466766357
18478,1,-2.831782341003418
18479,27,1.539219856262207
18480,3,-2.187110185623169
18481,24,1.3621189594268799
18482,1,-2.777536392211914
18483,30,1.6152279376983643
18484,1,-2.836893081665039
18485,29,1.577085256576538
18486,21,1.2121200561523438
18487,25,1.4364392757415771
18488,30,1.6115334033966064
18489,25,1.4258792400360107
18490,29,1.5858113765716553
18491,25,1.4469757080078125
18492,30,1.60982084274292
18493,29,1.5959582328796387
18494,27,1.5394456386566162
18495,4,-1.5423578023910522
18496,27,1.538017749786377
18497,25,1.4266688823699951
18498,28,1.543929100036621
18499,17,0.8455851674079895
18500,28,1.5708587169647217
18501,28,1.5606083869934082
18502,30,1.6040141582489014
18503,28,1.572702407836914
18504,23,1.3341543674468994
18505,28,1.5730743408203125
18506,27,1.517939805984497
18507,3,-2.0508601665496826
18508,30,1.6143214702606201
18509,10,-0.07076644897460938
18510,24,1.3872990608215332
18511,30,1.6050746440887451
18512,15,0.6045128703117371
18513,20,1.129577875137329
18514,1,-2.8414723873138428
18515,22,1.2765607833862305
18516,26,1.4991018772125244
18517,28,1.5671453475952148
18518,28,1.544487714767456
18519,29,1.5902063846588135
18520,24,1.357677936553955
18521,28,1.5579283237457275
18522,26,1.4590020179748535
18523,28,1.5474026203155518
18524,4,-1.653498649597168
18525,27,1.5357446670532227
18526,24,1.3953866958618164
18527,23,1.3435728549957275
18528,29,1.588275671005249
18529,24,1.3665883541107178
18530,25,1.4225082397460938
18531,24,1.3512656688690186
18532,28,1.5540571212768555
18533,24,1.3673489093780518
18534,27,1.5415542125701904
18535,27,1.5188000202178955
18536,28,1.5554602146148682
18537,30,1.6146361827850342
18538,16,0.7632823586463928
18539,30,1.612377405166626
18540,26,1.4927752017974854
18541,28,1.543290615081787
18542,28,1.5547480583190918
18543,24,1.4045565128326416
18544,28,1.5692057609558105
18545,30,1.614609956741333
18546,25,1.4324731826782227
18547,24,1.392263650894165
18548,23,1.3049366474151611
18549,27,1.5411348342895508
18550,27,1.5267424583435059
18551,30,1.604414939880371
18552,27,1.5381674766540527
18553,23,1.3457024097442627
18554,24,1.3681457042694092
18555,27,1.5213909149169922
18556,29,1.5783720016479492
18557,1,-2.7913942337036133
18558,25,1.4137909412384033
18559,23,1.338791847229004
18560,25,1.423619031906128
18561,19,1.0351965427398682
18562,1,-2.841060161590576
18563,19,1.0295579433441162
18564,30,1.610473394393921
18565,28,1.5477452278137207
18566,24,1.3661267757415771
18567,28,1.567763090133667
18568,19,1.0085794925689697
18569,28,1.5730209350585938
18570,28,1.563288688659668
18571,24,1.3603863716125488
18572,16,0.8036077618598938
18573,7,-0.7576078176498413
18574,4,-1.6689820289611816
18575,22,1.2821779251098633
18576,25,1.4321568012237549
18577,28,1.566455364227295
18578,30,1.6068096160888672
18579,2,-2.5581369400024414
18580,30,1.6130340099334717
18581,27,1.5186266899108887
18582,22,1.2287201881408691
18583,24,1.399951696395874
18584,23,1.3105254173278809
18585,28,1.5552432537078857
18586,21,1.207188606262207
18587,23,1.2956945896148682
18588,28,1.5645854473114014
18589,28,1.555882215499878
18590,29,1.5766634941101074
18591,24,1.3665578365325928
18592,4,-1.5217803716659546
18593,30,1.6010377407073975
18594,28,1.5448005199432373
18595,24,1.3543434143066406
18596,30,1.6004979610443115
18597,24,1.38822603225708
18598,23,1.2997150421142578
18599,24,1.4067599773406982
18600,28,1.5702195167541504
18601,29,1.579932451248169
18602,23,1.3147943019866943
18603,29,1.5986475944519043
18604,30,1.6027140617370605
18605,23,1.309462070465088
18606,30,1.6146106719970703
18607,27,1.5207295417785645
18608,24,1.3661668300628662
18609,25,1.4497699737548828
18610,24,1.351318597793579
18611,23,1.332693338394165
18612,27,1.5050489902496338
18613,15,0.649028480052948
18614,29,1.5992236137390137
18615,27,1.5067410469055176
18616,17,0.8734989762306213
18617,14,0.5498959422111511
18618,30,1.6047232151031494
18619,25,1.4289934635162354
18620,20,1.1329388618469238
18621,29,1.580810546875
18622,24,1.4038586616516113
18623,28,1.5442214012145996
18624,29,1.582350492477417
18625,29,1.5878827571868896
18626,24,1.3990309238433838
18627,22,1.2324085235595703
18628,29,1.583939552307129
18629,24,1.3966598510742188
18630,23,1.3102991580963135
18631,24,1.3780937194824219
18632,27,1.5260708332061768
18633,23,1.3325164318084717
18634,24,1.3922669887542725
18635,27,1.5169854164123535
18636,21,1.183809518814087
18637,29,1.5758428573608398
18638,27,1.5334601402282715
18639,27,1.5351779460906982
18640,25,1.4221112728118896
18641,29,1.5818612575531006
18642,24,1.377830982208252
18643,24,1.4062964916229248
18644,24,1.3821132183074951
18645,17,0.8701295256614685
18646,23,1.3343877792358398
18647,22,1.2549004554748535
18648,25,1.435563087463379
18649,17,0.8631885647773743
18650,24,1.4026598930358887
18651,28,1.5575792789459229
18652,29,1.585667610168457
18653,24,1.3923394680023193
18654,24,1.3839874267578125
18655,28,1.565445899963379
18656,27,1.5411741733551025
18657,30,1.6105802059173584
18658,22,1.2830989360809326
18659,30,1.6080307960510254
18660,22,1.237168550491333
18661,1,-2.7915661334991455
18662,24,1.3837378025054932
18663,24,1.368661642074585
18664,28,1.567228078842163
18665,30,1.6101489067077637
18666,24,1.369826316833496
18667,24,1.3873553276062012
18668,16,0.7931297421455383
18669,29,1.5765092372894287
18670,19,1.0650911331176758
18671,29,1.5928127765655518
18672,27,1.5201420783996582
18673,30,1.61458420753479
18674,30,1.6074855327606201
18675,14,0.48444777727127075
18676,27,1.5418567657470703
18677,11,0.13847261667251587
18678,1,-2.8257570266723633
18679,3,-2.1555802822113037
18680,1,-2.6972007751464844
18681,21,1.2119216918945312
18682,30,1.6004254817962646
18683,29,1.5899860858917236
18684,25,1.4130983352661133
18685,23,1.2921802997589111
18686,30,1.6090288162231445
18687,27,1.530529260635376
18688,30,1.6061882972717285
18689,28,1.5705227851867676
18690,27,1.5377180576324463
18691,23,1.3165035247802734
18692,29,1.5773768424987793
18693,2,-2.5380637645721436
18694,30,1.6118779182434082
18695,25,1.4307701587677002
18696,23,1.3316020965576172
18697,21,1.1498708724975586
18698,10,-0.17043578624725342
18699,30,1.6032254695892334
18700,25,1.413583755493164
18701,29,1.5951049327850342
18702,28,1.5430009365081787
18703,29,1.5819318294525146
18704,23,1.3415448665618896
18705,29,1.5812091827392578
18706,28,1.5709354877471924
18707,28,1.5709950923919678
18708,4,-1.6310120820999146
18709,24,1.3884572982788086
18710,27,1.5302767753601074
18711,30,1.612607717514038
18712,25,1.4137673377990723
18713,21,1.2015206813812256
18714,30,1.5998868942260742
18715,27,1.5262501239776611
18716,1,-2.836186170578003
18717,27,1.533799171447754
18718,29,1.5894784927368164
18719,3,-2.090203046798706
18720,29,1.5990245342254639
18721,28,1.557030200958252
18722,30,1.6111886501312256
18723,13,0.377017080783844
18724,25,1.4314703941345215
18725,28,1.5696699619293213
18726,24,1.3550243377685547
18727,29,1.583631992340088
18728,27,1.542820930480957
18729,24,1.3757352828979492
18730,14,0.5409033894538879
18731,30,1.6152217388153076
18732,30,1.6022462844848633
18733,14,0.5409321188926697
18734,26,1.480975866317749
18735,30,1.6133842468261719
18736,28,1.5667579174041748
18737,22,1.281877040863037
18738,25,1.4362294673919678
18739,29,1.5979740619659424
18740,3,-1.858473777770996
18741,25,1.4101366996765137
18742,28,1.558666467666626
18743,1,-2.764878749847412
18744,24,1.3711967468261719
18745,29,1.5998506546020508
18746,27,1.5291228294372559
18747,19,1.0342040061950684
18748,25,1.43519926071167
18749,25,1.440629243850708
18750,20,1.0815002918243408
18751,24,1.4053750038146973
18752,24,1.3930397033691406
18753,24,1.3569259643554688
18754,21,1.1528127193450928
18755,25,1.4324581623077393
18756,7,-0.6015018224716187
18757,30,1.6069221496582031
18758,29,1.5778872966766357
18759,8,-0.5181457996368408
18760,24,1.3955295085906982
18761,28,1.5651488304138184
18762,29,1.593416452407837
18763,30,1.6095702648162842
18764,29,1.581587553024292
18765,29,1.5975842475891113
18766,27,1.507509469985962
18767,27,1.5259425640106201
18768,27,1.5236005783081055
18769,22,1.2568185329437256
18770,9,-0.19156068563461304
18771,1,-2.7742457389831543
18772,12,0.3139854073524475
18773,28,1.5669870376586914
18774,6,-1.0075409412384033
18775,23,1.324181079864502
18776,6,-1.0963637828826904
18777,27,1.528397560119629
18778,7,-0.6626622676849365
18779,28,1.5655009746551514
18780,25,1.420588731765747
18781,29,1.578641414642334
18782,26,1.488074541091919
18783,25,1.417722463607788
18784,1,-2.7947473526000977
18785,26,1.486084222793579
18786,25,1.4340901374816895
18787,23,1.3192954063415527
18788,24,1.3521571159362793
18789,3,-2.2128591537475586
18790,23,1.2960281372070312
18791,28,1.5433878898620605
18792,28,1.5539765357971191
18793,22,1.2882661819458008
18794,28,1.5660829544067383
18795,29,1.59287428855896
18796,30,1.6021382808685303
18797,30,1.6086416244506836
18798,24,1.3520863056182861
18799,14,0.46885544061660767
18800,28,1.550635814666748
18801,26,1.496683120727539
18802,30,1.6036345958709717
18803,28,1.5569684505462646
18804,25,1.4082281589508057
18805,28,1.5441696643829346
18806,24,1.3652184009552002
18807,23,1.2958307266235352
18808,29,1.5905160903930664
18809,18,0.9489338994026184
18810,29,1.595839262008667
18811,16,0.7377349734306335
18812,25,1.4208946228027344
18813,25,1.4078032970428467
18814,26,1.4998407363891602
18815,25,1.4377272129058838
18816,27,1.5218160152435303
18817,25,1.44700288772583
18818,24,1.3660533428192139
18819,24,1.3834962844848633
18820,27,1.508619785308838
18821,3,-2.2934749126434326
18822,11,0.021970927715301514
18823,1,-2.7055516242980957
18824,25,1.4473814964294434
18825,24,1.3945081233978271
18826,3,-2.244209051132202
18827,3,-2.1897592544555664
18828,24,1.404876708984375
18829,30,1.6152267456054688
18830,28,1.5732252597808838
18831,29,1.5782008171081543
18832,27,1.5380091667175293
18833,23,1.3242676258087158
18834,24,1.4045953750610352
18835,29,1.5930604934692383
18836,23,1.3338549137115479
18837,30,1.6129341125488281
18838,1,-2.7843732833862305
18839,28,1.5688531398773193
18840,22,1.2403678894042969
18841,25,1.4348528385162354
18842,25,1.4387867450714111
18843,25,1.451066017150879
18844,23,1.3087525367736816
18845,26,1.46213960647583
18846,29,1.590193271636963
18847,14,0.5157899260520935
18848,21,1.2102530002593994
18849,28,1.5469238758087158
18850,24,1.3970482349395752
18851,25,1.439349889755249
18852,28,1.5706079006195068
18853,29,1.5919520854949951
18854,27,1.5319743156433105
18855,30,1.609466552734375
18856,2,-2.4597182273864746
18857,3,-1.9950642585754395
18858,17,0.8057995438575745
18859,24,1.350764274597168
18860,27,1.5225915908813477
18861,30,1.6012215614318848
18862,3,-2.1956145763397217
18863,30,1.6023547649383545
18864,24,1.3966546058654785
18865,24,1.4037292003631592
18866,30,1.610022783279419
18867,24,1.3908541202545166
18868,30,1.6080167293548584
18869,24,1.3810746669769287
18870,24,1.3804445266723633
18871,28,1.5470852851867676
18872,24,1.4067530632019043
18873,24,1.3552453517913818
18874,6,-1.0610847473144531
18875,25,1.432997226715088
18876,12,0.28013092279434204
18877,24,1.3951528072357178
18878,28,1.5676605701446533
18879,19,1.0338053703308105
18880,23,1.2943191528320312
18881,21,1.221073865890503
18882,15,0.6962347626686096
18883,24,1.3890376091003418
18884,29,1.5788121223449707
18885,24,1.3917064666748047
18886,26,1.4691312313079834
18887,27,1.514458417892456
18888,30,1.6075594425201416
18889,29,1.5790033340454102
18890,25,1.4388713836669922
18891,22,1.2679674625396729
18892,28,1.5584008693695068
18893,29,1.5874569416046143
18894,28,1.5496652126312256
18895,28,1.5487749576568604
18896,23,1.3446903228759766
18897,30,1.6120116710662842
18898,28,1.5715773105621338
18899,26,1.5041029453277588
18900,20,1.100752353668213
18901,26,1.4622628688812256
18902,30,1.6126229763031006
18903,8,-0.5401613712310791
18904,29,1.5851407051086426
18905,2,-2.452877998352051
18906,25,1.4298529624938965
18907,30,1.6031606197357178
18908,20,1.1057915687561035
18909,24,1.380192756652832
18910,25,1.451460838317871
18911,28,1.566694736480713
18912,30,1.6151540279388428
18913,25,1.443795919418335
18914,19,1.022099494934082
18915,2,-2.6585419178009033
18916,26,1.461460828781128
18917,28,1.564232587814331
18918,25,1.446319818496704
18919,4,-1.5311081409454346
18920,1,-2.825744152069092
18921,23,1.3251152038574219
18922,8,-0.47119200229644775
18923,25,1.4395103454589844
18924,29,1.5809130668640137
18925,26,1.4736905097961426
18926,24,1.3875370025634766
18927,28,1.5608546733856201
18928,25,1.4249958992004395
18929,28,1.5476455688476562
18930,22,1.2621092796325684
18931,30,1.6052825450897217
18932,25,1.43888258934021
18933,20,1.0782673358917236
18934,3,-2.1608941555023193
18935,13,0.43282550573349
18936,30,1.6033456325531006
18937,30,1.6050364971160889
18938,2,-2.5286998748779297
18939,26,1.4810118675231934
18940,30,1.6036872863769531
18941,30,1.60638427734375
18942,29,1.5771100521087646
18943,22,1.251659631729126
18944,28,1.5605223178863525
18945,24,1.3899345397949219
18946,1,-2.8417165279388428
18947,22,1.2292256355285645
18948,22,1.284736156463623
18949,30,1.6079840660095215
18950,17,0.8420211672782898
18951,28,1.5533432960510254
18952,25,1.4176065921783447
18953,28,1.5667519569396973
18954,1,-2.841323137283325
18955,23,1.324706792831421
18956,28,1.573063850402832
18957,25,1.4419445991516113
18958,26,1.4856042861938477
18959,23,1.2966892719268799
18960,22,1.2807893753051758
18961,29,1.5747401714324951
18962,24,1.3928015232086182
18963,27,1.5346629619598389
18964,30,1.606762409210205
18965,17,0.8593941330909729
18966,24,1.3855509757995605
18967,27,1.5348830223083496
18968,25,1.4380245208740234
18969,27,1.5114455223083496
18970,28,1.565004825592041
18971,8,-0.517421305179596
18972,24,1.366727352142334
18973,22,1.252326250076294
18974,29,1.5843398571014404
18975,28,1.5626189708709717
18976,28,1.5535914897918701
18977,25,1.4221901893615723
18978,28,1.5665338039398193
18979,28,1.5729994773864746
18980,24,1.3748927116394043
18981,24,1.4012339115142822
18982,28,1.5615477561950684
18983,28,1.5538215637207031
18984,26,1.468322515487671
18985,28,1.5703246593475342
18986,24,1.3921921253204346
18987,26,1.4989628791809082
18988,16,0.6979513764381409
18989,23,1.3418598175048828
18990,30,1.6054656505584717
18991,29,1.5949463844299316
18992,24,1.4051804542541504
18993,25,1.434401512145996
18994,25,1.4287934303283691
18995,24,1.405355453491211
18996,26,1.4694812297821045
18997,26,1.4966061115264893
18998,15,0.6493248343467712
18999,11,0.17170089483261108
19000,29,1.578324556350708
19001,29,1.583160400390625
19002,4,-1.569113850593567
19003,1,-2.8250598907470703
19004,25,1.4345593452453613
19005,29,1.576735019683838
19006,29,1.5957841873168945
19007,29,1.5809392929077148
19008,30,1.6039044857025146
19009,28,1.5658886432647705
19010,28,1.5683910846710205
19011,28,1.5673446655273438
19012,19,1.0320391654968262
19013,25,1.4202570915222168
19014,28,1.573774814605713
19015,28,1.5671281814575195
19016,27,1.5158555507659912
19017,27,1.5095384120941162
19018,29,1.5975139141082764
19019,30,1.6071288585662842
19020,26,1.5036044120788574
19021,27,1.508084774017334
19022,25,1.4498405456542969
19023,29,1.5830283164978027
19024,22,1.249345064163208
19025,24,1.3526711463928223
19026,28,1.5635340213775635
19027,26,1.4723386764526367
19028,29,1.5903680324554443
19029,27,1.5401604175567627
19030,25,1.4564859867095947
19031,21,1.1713707447052002
19032,19,0.9907787442207336
19033,30,1.6036591529846191
19034,25,1.4395370483398438
19035,17,0.8470850586891174
19036,28,1.5516366958618164
19037,27,1.515470266342163
19038,29,1.589280366897583
19039,1,-2.7952957153320312
19040,24,1.3961365222930908
19041,28,1.554163932800293
19042,25,1.436589241027832
19043,26,1.4611759185791016
19044,29,1.5987703800201416
19045,29,1.5901970863342285
19046,28,1.5732924938201904
19047,25,1.4300286769866943
19048,26,1.468641996383667
19049,8,-0.5894964933395386
19050,28,1.5573606491088867
19051,25,1.4135024547576904
19052,29,1.598905086517334
19053,27,1.5428407192230225
19054,28,1.562255620956421
19055,29,1.579155683517456
19056,29,1.5957951545715332
19057,19,0.9948340058326721
19058,29,1.581679344177246
19059,24,1.3716187477111816
19060,9,-0.2516742944717407
19061,25,1.4427731037139893
19062,29,1.574315071105957
19063,25,1.4502263069152832
19064,30,1.603043556213379
19065,22,1.2454485893249512
19066,25,1.4136643409729004
19067,27,1.539022445678711
19068,25,1.4563462734222412
19069,29,1.5962257385253906
19070,27,1.5295696258544922
19071,15,0.6534108519554138
19072,9,-0.19998687505722046
19073,29,1.580808401107788
19074,25,1.4489047527313232
19075,30,1.603154182434082
19076,24,1.379805088043213
19077,1,-2.766162395477295
19078,25,1.452239751815796
19079,28,1.5722463130950928
19080,24,1.369201421737671
19081,26,1.4603772163391113
19082,28,1.5727286338806152
19083,25,1.4244184494018555
19084,25,1.4433047771453857
19085,25,1.4104912281036377
19086,28,1.5708324909210205
19087,26,1.5041923522949219
19088,29,1.574155569076538
19089,29,1.5909178256988525
19090,24,1.391937017440796
19091,4,-1.5128247737884521
19092,30,1.6067144870758057
19093,13,0.44567424058914185
19094,24,1.3685822486877441
19095,26,1.4776151180267334
19096,24,1.3809261322021484
19097,29,1.5915117263793945
19098,28,1.5622999668121338
19099,18,0.9589311480522156
19100,20,1.1480517387390137
19101,25,1.4500982761383057
19102,30,1.6045527458190918
19103,25,1.441903829574585
19104,29,1.5927534103393555
19105,26,1.4721412658691406
19106,30,1.615056037902832
19107,29,1.5890038013458252
19108,25,1.454214096069336
19109,25,1.448498249053955
19110,30,1.6066758632659912
19111,28,1.5651607513427734
19112,1,-2.7393877506256104
19113,24,1.391141414642334
19114,30,1.612978458404541
19115,26,1.4696629047393799
19116,29,1.5993571281433105
19117,27,1.525841236114502
19118,29,1.5890436172485352
19119,24,1.389674425125122
19120,28,1.5705265998840332
19121,30,1.6122896671295166
19122,24,1.3764066696166992
19123,28,1.5545718669891357
19124,28,1.5701243877410889
19125,24,1.3820717334747314
19126,30,1.603714942932129
19127,4,-1.699416995048523
19128,26,1.4707813262939453
19129,22,1.231105089187622
19130,4,-1.470331072807312
19131,30,1.6145904064178467
19132,26,1.4775605201721191
19133,20,1.1017429828643799
19134,26,1.5021698474884033
19135,29,1.5788066387176514
19136,29,1.5903573036193848
19137,24,1.384552001953125
19138,23,1.3391449451446533
19139,29,1.5833790302276611
19140,1,-2.747704267501831
19141,29,1.5803651809692383
19142,17,0.8186485171318054
19143,25,1.4533793926239014
19144,21,1.175372838973999
19145,28,1.5553483963012695
19146,26,1.4616646766662598
19147,29,1.5895650386810303
19148,30,1.6080527305603027
19149,30,1.611839771270752
19150,26,1.4863946437835693
19151,20,1.079374074935913
19152,29,1.5757198333740234
19153,25,1.4278974533081055
19154,6,-1.1163616180419922
19155,30,1.6038119792938232
19156,25,1.4124433994293213
19157,12,0.2685820460319519
19158,29,1.5823347568511963
19159,26,1.476114273071289
19160,28,1.5577828884124756
19161,24,1.3994197845458984
19162,10,-0.07564353942871094
19163,25,1.4439547061920166
19164,29,1.5759212970733643
19165,25,1.447481393814087
19166,24,1.3569602966308594
19167,25,1.41510009765625
19168,27,1.5427594184875488
19169,24,1.382314920425415
19170,24,1.3953876495361328
19171,18,0.9006960988044739
19172,30,1.6045746803283691
19173,30,1.6097233295440674
19174,22,1.2803668975830078
19175,25,1.4168305397033691
19176,2,-2.3246676921844482
19177,8,-0.46396633982658386
19178,22,1.2560713291168213
19179,26,1.467780351638794
19180,28,1.56471586227417
19181,1,-2.8158175945281982
19182,29,1.5872538089752197
19183,28,1.5469965934753418
19184,29,1.5739538669586182
19185,27,1.5280683040618896
19186,21,1.2016355991363525
19187,23,1.3059813976287842
19188,25,1.4536688327789307
19189,11,0.18849557638168335
19190,29,1.5760424137115479
19191,25,1.434140682220459
19192,5,-1.3305439949035645
19193,27,1.5249550342559814
19194,30,1.6146056652069092
19195,28,1.5719077587127686
19196,25,1.4540650844573975
19197,18,0.9559542536735535
19198,28,1.5648090839385986
19199,25,1.4336059093475342
19200,29,1.5918927192687988
19201,30,1.604804515838623
19202,29,1.5770654678344727
19203,17,0.8173786997795105
19204,15,0.6679813265800476
19205,1,-2.8215534687042236
19206,2,-2.6117892265319824
19207,26,1.4743034839630127
19208,29,1.579272747039795
19209,27,1.5282819271087646
19210,1,-2.8388686180114746
19211,24,1.401521921157837
19212,29,1.582674503326416
19213,20,1.1195123195648193
19214,30,1.607182502746582
19215,29,1.5965576171875
19216,28,1.5677950382232666
19217,29,1.5924265384674072
19218,25,1.4539520740509033
19219,23,1.3040406703948975
19220,20,1.0905396938323975
19221,29,1.585270643234253
19222,13,0.42059749364852905
19223,7,-0.707658052444458
19224,13,0.4628300070762634
19225,28,1.5588107109069824
19226,28,1.5732455253601074
19227,24,1.3704617023468018
19228,25,1.4448773860931396
19229,19,0.9889608025550842
19230,30,1.61507248878479
19231,28,1.547532558441162
19232,24,1.3709726333618164
19233,28,1.5578584671020508
19234,26,1.4790666103363037
19235,29,1.574371576309204
19236,18,0.9874314665794373
19237,26,1.4653689861297607
19238,29,1.5937542915344238
19239,23,1.3451640605926514
19240,23,1.3475892543792725
19241,28,1.5710577964782715
19242,3,-1.8934214115142822
19243,28,1.5675928592681885
19244,25,1.4141087532043457
19245,29,1.5923848152160645
19246,26,1.4925930500030518
19247,7,-0.6937520503997803
19248,28,1.5522029399871826
19249,25,1.4144704341888428
19250,26,1.474581003189087
19251,28,1.5700228214263916
19252,26,1.4742238521575928
19253,12,0.31807810068130493
19254,29,1.5892877578735352
19255,27,1.5314981937408447
19256,26,1.4679317474365234
19257,28,1.5641229152679443
19258,24,1.4027323722839355
19259,29,1.5777058601379395
19260,30,1.6011254787445068
19261,29,1.5946102142333984
19262,25,1.4278976917266846
19263,25,1.408332347869873
19264,28,1.5505430698394775
19265,30,1.6082723140716553
19266,12,0.28335922956466675
19267,28,1.5501904487609863
19268,30,1.61179780960083
19269,17,0.8198487162590027
19270,24,1.3917615413665771
19271,22,1.2380807399749756
19272,25,1.4511189460754395
19273,28,1.5562989711761475
19274,28,1.5622591972351074
19275,30,1.6084425449371338
19276,24,1.4066424369812012
19277,30,1.6151268482208252
19278,30,1.6099400520324707
19279,1,-2.84033465385437
19280,30,1.6151123046875
19281,29,1.5887491703033447
19282,23,1.3318109512329102
19283,27,1.5159497261047363
19284,22,1.231048583984375
19285,2,-2.5866594314575195
19286,28,1.568413496017456
19287,26,1.4773139953613281
19288,26,1.4710352420806885
19289,28,1.5695335865020752
19290,24,1.3812885284423828
19291,29,1.5766286849975586
19292,23,1.3319923877716064
19293,23,1.3404629230499268
19294,21,1.1790118217468262
19295,28,1.5642828941345215
19296,29,1.5860199928283691
19297,25,1.4120256900787354
19298,23,1.3422706127166748
19299,28,1.5436842441558838
19300,30,1.6140985488891602
19301,24,1.3777470588684082
19302,24,1.3951594829559326
19303,25,1.4557459354400635
19304,30,1.6128661632537842
19305,29,1.5769431591033936
19306,25,1.4494805335998535
19307,29,1.5903620719909668
19308,29,1.5818374156951904
19309,29,1.5869829654693604
19310,29,1.5786452293395996
19311,29,1.57865571975708
19312,28,1.5540838241577148
19313,28,1.5736773014068604
19314,30,1.6003878116607666
19315,25,1.4166603088378906
19316,29,1.579441785812378
19317,27,1.5362811088562012
19318,30,1.6092822551727295
19319,29,1.5743885040283203
19320,25,1.445317268371582
19321,26,1.477560043334961
19322,25,1.4429476261138916
19323,28,1.5529985427856445
19324,29,1.5781989097595215
19325,17,0.8505379557609558
19326,28,1.5639846324920654
19327,25,1.4202866554260254
19328,27,1.5343010425567627
19329,25,1.4332964420318604
19330,29,1.5739474296569824
19331,25,1.450636863708496
19332,27,1.5291588306427002
19333,26,1.4874098300933838
19334,28,1.5637075901031494
19335,29,1.5852346420288086
19336,30,1.6029331684112549
19337,26,1.504082202911377
19338,13,0.3570396304130554
19339,24,1.400205135345459
19340,25,1.4306509494781494
19341,25,1.407299518585205
19342,8,-0.533466637134552
19343,26,1.486149787902832
19344,11,0.11659389734268188
19345,1,-2.795433521270752
19346,6,-0.9052316546440125
19347,26,1.4697065353393555
19348,15,0.6917621493339539
19349,27,1.5226593017578125
19350,1,-2.843193292617798
19351,29,1.592665672302246
19352,25,1.4393882751464844
19353,29,1.5963127613067627
19354,10,-0.1212734580039978
19355,30,1.6032943725585938
19356,29,1.5978450775146484
19357,7,-0.816535472869873
19358,30,1.6081197261810303
19359,26,1.480240821838379
19360,25,1.4132707118988037
19361,29,1.5991950035095215
19362,29,1.5798819065093994
19363,29,1.598973274230957
19364,26,1.4676141738891602
19365,26,1.4811427593231201
19366,30,1.610623836517334
19367,19,1.030489444732666
19368,30,1.6026554107666016
19369,28,1.5473077297210693
19370,23,1.325911283493042
19371,5,-1.3713572025299072
19372,21,1.2196249961853027
19373,30,1.6152386665344238
19374,16,0.7882917523384094
19375,24,1.378873586654663
19376,28,1.5687994956970215
19377,30,1.6029458045959473
19378,29,1.5897367000579834
19379,25,1.4582409858703613
19380,26,1.48246169090271
19381,29,1.5754141807556152
19382,28,1.5715515613555908
19383,28,1.5707480907440186
19384,25,1.433727502822876
19385,28,1.5581824779510498
19386,30,1.6040968894958496
19387,26,1.4691152572631836
19388,26,1.4645373821258545
19389,27,1.5078365802764893
19390,5,-1.452723741531372
19391,26,1.4589004516601562
19392,26,1.4830851554870605
19393,26,1.4775152206420898
19394,26,1.4909968376159668
19395,29,1.590559720993042
19396,28,1.547060489654541
19397,28,1.5710899829864502
19398,29,1.5869450569152832
19399,1,-2.8426499366760254
19400,27,1.5064325332641602
19401,28,1.5621795654296875
19402,30,1.6081006526947021
19403,1,-2.8421778678894043
19404,26,1.475837230682373
19405,19,1.05875825881958
19406,28,1.570204257965088
19407,23,1.297187089920044
19408,24,1.4002704620361328
19409,30,1.6000208854675293
19410,30,1.6115121841430664
19411,17,0.8601288199424744
19412,29,1.585050344467163
19413,30,1.610527753829956
19414,25,1.4252862930297852
19415,1,-2.8382720947265625
19416,21,1.1635339260101318
19417,26,1.4932653903961182
19418,30,1.612034559249878
19419,30,1.606252670288086
19420,5,-1.2681629657745361
19421,25,1.4310297966003418
19422,10,-0.03609973192214966
19423,2,-2.327410936355591
19424,21,1.1594452857971191
19425,30,1.604607343673706
19426,23,1.3112528324127197
19427,30,1.6041853427886963
19428,13,0.3784955143928528
19429,29,1.5770633220672607
19430,24,1.3980543613433838
19431,29,1.5850160121917725
19432,1,-2.786987066268921
19433,29,1.5896837711334229
19434,30,1.6025598049163818
19435,16,0.728857696056366
19436,29,1.59340238571167
19437,29,1.59604811668396
19438,2,-2.457706928253174
19439,28,1.5581605434417725
19440,30,1.6075410842895508
19441,26,1.4626414775848389
19442,26,1.4955286979675293
19443,24,1.3483166694641113
19444,19,1.0396263599395752
19445,1,-2.7896275520324707
19446,19,1.0007662773132324
19447,28,1.5721030235290527
19448,29,1.5902509689331055
19449,30,1.6095435619354248
19450,30,1.603630781173706
19451,27,1.5407462120056152
19452,28,1.5693235397338867
19453,25,1.4249136447906494
19454,14,0.5058361887931824
19455,24,1.3834924697875977
19456,4,-1.6840925216674805
19457,17,0.8971303105354309
19458,29,1.5868618488311768
19459,27,1.5280966758728027
19460,1,-2.8340365886688232
19461,29,1.597229242324829
19462,30,1.6142454147338867
19463,23,1.3383653163909912
19464,26,1.4849538803100586
19465,24,1.3484222888946533
19466,23,1.3460516929626465
19467,28,1.5707213878631592
19468,1,-2.8378498554229736
19469,1,-2.6929333209991455
19470,6,-1.0048805475234985
19471,2,-2.644345998764038
19472,27,1.5116565227508545
19473,25,1.4409599304199219
19474,29,1.5811655521392822
19475,20,1.1127684116363525
19476,28,1.557136058807373
19477,28,1.5537171363830566
19478,24,1.3546679019927979
19479,24,1.3686127662658691
19480,25,1.4376988410949707
19481,19,1.0053305625915527
19482,26,1.4855504035949707
19483,30,1.6132657527923584
19484,14,0.5715606808662415
19485,27,1.5408568382263184
19486,29,1.5843777656555176
19487,25,1.4314179420471191
19488,26,1.473069190979004
19489,22,1.2559876441955566
19490,26,1.497788906097412
19491,1,-2.7783241271972656
19492,26,1.479748249053955
19493,30,1.6059346199035645
19494,7,-0.7172328233718872
19495,25,1.408980131149292
19496,30,1.6055712699890137
19497,25,1.435943603515625
19498,30,1.6151039600372314
19499,30,1.6051716804504395
19500,14,0.56336909532547
19501,26,1.470306158065796
19502,30,1.605334758758545
19503,28,1.5711994171142578
19504,28,1.5568392276763916
19505,29,1.5772340297698975
19506,30,1.6042866706848145
19507,30,1.608644962310791
19508,1,-2.7703158855438232
19509,12,0.19620639085769653
19510,1,-2.830371856689453
19511,22,1.2260832786560059
19512,23,1.2967581748962402
19513,28,1.5666346549987793
19514,29,1.5900726318359375
19515,26,1.472473382949829
19516,25,1.4305667877197266
19517,20,1.1473536491394043
19518,28,1.56795334815979
19519,10,-0.00022351741790771484
19520,2,-2.3310585021972656
19521,26,1.4971950054168701
19522,28,1.564607858657837
19523,27,1.5129454135894775
19524,26,1.4783902168273926
19525,29,1.583838701248169
19526,26,1.4973466396331787
19527,28,1.5687706470489502
19528,12,0.2332705855369568
19529,30,1.6116163730621338
19530,29,1.5961215496063232
19531,25,1.4145069122314453
19532,14,0.4705567955970764
19533,1,-2.761047840118408
19534,28,1.5477800369262695
19535,4,-1.6911816596984863
19536,30,1.6089136600494385
19537,25,1.4182710647583008
19538,24,1.3774785995483398
19539,29,1.5997083187103271
19540,30,1.6084671020507812
19541,29,1.5867156982421875
19542,26,1.4776837825775146
19543,25,1.4357969760894775
19544,28,1.5557973384857178
19545,26,1.4906227588653564
19546,27,1.5279269218444824
19547,5,-1.292076587677002
19548,29,1.5987811088562012
19549,2,-2.446214199066162
19550,29,1.5924229621887207
19551,29,1.5829732418060303
19552,28,1.5664689540863037
19553,23,1.305302381515503
19554,29,1.59055757522583
19555,1,-2.8336098194122314
19556,25,1.4480102062225342
19557,27,1.5318193435668945
19558,15,0.6255849003791809
19559,15,0.6160878539085388
19560,28,1.5534284114837646
19561,29,1.5789790153503418
19562,27,1.5134522914886475
19563,27,1.5285906791687012
19564,29,1.5777068138122559
19565,29,1.5899286270141602
19566,3,-1.901109218597412
19567,29,1.5861034393310547
19568,12,0.2080504298210144
19569,29,1.5942776203155518
19570,1,-2.8427062034606934
19571,20,1.136390209197998
19572,27,1.5058140754699707
19573,30,1.6120336055755615
19574,24,1.363358497619629
19575,5,-1.2006497383117676
19576,26,1.4770987033843994
19577,18,0.9651955962181091
19578,3,-1.8460733890533447
19579,1,-2.842068910598755
19580,1,-2.7352664470672607
19581,26,1.4890737533569336
19582,24,1.3886125087738037
19583,28,1.557297945022583
19584,24,1.3785736560821533
19585,29,1.5880346298217773
19586,28,1.571148157119751
19587,27,1.5238730907440186
19588,19,0.9888837933540344
19589,2,-2.50472354888916
19590,26,1.4595484733581543
19591,19,1.0645592212677002
19592,30,1.6142489910125732
19593,26,1.4925282001495361
19594,28,1.5660665035247803
19595,29,1.5849740505218506
19596,1,-2.8340415954589844
19597,19,1.0050413608551025
19598,30,1.6141703128814697
19599,28,1.5732455253601074
19600,29,1.599745750427246
19601,28,1.5635693073272705
19602,14,0.5620041489601135
19603,28,1.56565523147583
19604,28,1.5727291107177734
19605,29,1.5930554866790771
19606,21,1.22114896774292
19607,29,1.5840387344360352
19608,5,-1.2610211372375488
19609,25,1.4413340091705322
19610,26,1.5037949085235596
19611,30,1.6106963157653809
19612,24,1.3690688610076904
19613,29,1.580195426940918
19614,29,1.5983431339263916
19615,22,1.2553205490112305
19616,29,1.5953545570373535
19617,28,1.5654525756835938
19618,27,1.52022123336792
19619,25,1.4213485717773438
19620,30,1.6078181266784668
19621,27,1.5174603462219238
19622,12,0.23850423097610474
19623,27,1.5142195224761963
19624,12,0.3206215500831604
19625,27,1.5296993255615234
19626,29,1.5880038738250732
19627,3,-1.8536192178726196
19628,29,1.5891344547271729
19629,30,1.6135802268981934
19630,16,0.7664487957954407
19631,25,1.4481353759765625
19632,27,1.5046143531799316
19633,11,0.030413031578063965
19634,1,-2.762655019760132
19635,29,1.5830070972442627
19636,24,1.3528900146484375
19637,28,1.5442798137664795
19638,27,1.5153210163116455
19639,30,1.614586353302002
19640,26,1.4698522090911865
19641,11,0.05586189031600952
19642,25,1.430912733078003
19643,30,1.6149311065673828
19644,28,1.5641710758209229
19645,30,1.6056575775146484
19646,27,1.5297560691833496
19647,26,1.4659600257873535
19648,30,1.6128349304199219
19649,25,1.4199225902557373
19650,15,0.6430068612098694
19651,28,1.5528323650360107
19652,29,1.5906376838684082
19653,30,1.6130354404449463
19654,17,0.8144637942314148
19655,29,1.5891718864440918
19656,29,1.580864667892456
19657,27,1.5128321647644043
19658,28,1.566288948059082
19659,26,1.4745585918426514
19660,28,1.5614285469055176
19661,26,1.5042011737823486
19662,30,1.6085455417633057
19663,28,1.5497841835021973
19664,5,-1.4264999628067017
19665,29,1.5805411338806152
19666,13,0.4237162470817566
19667,27,1.5078825950622559
19668,27,1.5306861400604248
19669,18,0.982938826084137
19670,29,1.5756723880767822
19671,2,-2.523320198059082
19672,18,0.9852905869483948
19673,29,1.591031789779663
19674,28,1.5676321983337402
19675,27,1.515326738357544
19676,28,1.5431923866271973
19677,30,1.61497163772583
19678,26,1.459700584411621
19679,29,1.5847303867340088
19680,22,1.2748007774353027
19681,23,1.3072350025177002
19682,1,-2.8258068561553955
19683,28,1.5476338863372803
19684,29,1.5864434242248535
19685,25,1.4458746910095215
19686,1,-2.84059476852417
19687,17,0.8344116806983948
19688,8,-0.49113455414772034
19689,27,1.53890061378479
19690,10,-0.13806504011154175
19691,30,1.6098723411560059
19692,24,1.3756742477416992
19693,8,-0.543067455291748
19694,26,1.4665086269378662
19695,28,1.561657190322876
19696,25,1.4281609058380127
19697,21,1.2152724266052246
19698,27,1.5315263271331787
19699,19,1.0070619583129883
19700,29,1.5846037864685059
19701,30,1.6054916381835938
19702,26,1.4937152862548828
19703,1,-2.7272796630859375
19704,15,0.6567985415458679
19705,28,1.550506353378296
19706,3,-2.2478039264678955
19707,26,1.4940829277038574
19708,25,1.4508707523345947
19709,29,1.588390588760376
19710,26,1.493095874786377
19711,1,-2.707977056503296
19712,30,1.6105387210845947
19713,29,1.5926780700683594
19714,20,1.0721042156219482
19715,25,1.424698829650879
19716,29,1.5814087390899658
19717,30,1.601658821105957
19718,1,-2.8061132431030273
19719,29,1.589409589767456
19720,27,1.509864091873169
19721,26,1.4693901538848877
19722,29,1.5949292182922363
19723,19,1.0105292797088623
19724,27,1.5394902229309082
19725,10,-0.10740286111831665
19726,26,1.460477352142334
19727,29,1.5818989276885986
19728,27,1.515570878982544
19729,1,-2.842813014984131
19730,23,1.3312454223632812
19731,26,1.4773986339569092
19732,1,-2.834169864654541
19733,1,-2.804980754852295
19734,6,-0.9686037302017212
19735,5,-1.365445613861084
19736,10,-0.10849529504776001
19737,30,1.606433629989624
19738,28,1.561065912246704
19739,27,1.5229854583740234
19740,30,1.6041820049285889
19741,29,1.5988059043884277
19742,27,1.5377094745635986
19743,29,1.5906000137329102
19744,28,1.5680737495422363
19745,1,-2.7622504234313965
19746,6,-1.0116076469421387
19747,26,1.4710173606872559
19748,29,1.5892536640167236
19749,30,1.6126599311828613
19750,28,1.5568997859954834
19751,30,1.6130187511444092
19752,19,1.0438313484191895
19753,22,1.2414636611938477
19754,1,-2.8432281017303467
19755,11,0.14959055185317993
19756,28,1.5574703216552734
19757,30,1.6152102947235107
19758,28,1.546295166015625
19759,27,1.5227859020233154
19760,15,0.689920961856842
19761,27,1.5065371990203857
19762,30,1.6089410781860352
19763,29,1.5811617374420166
19764,30,1.6143913269042969
19765,5,-1.3030924797058105
19766,29,1.5949175357818604
19767,17,0.8161634802818298
19768,27,1.515669584274292
19769,30,1.611588478088379
19770,27,1.5313591957092285
19771,25,1.4536197185516357
19772,10,-0.017600536346435547
19773,27,1.5211334228515625
19774,2,-2.3884847164154053
19775,25,1.4470629692077637
19776,8,-0.3932678699493408
19777,21,1.2239305973052979
19778,29,1.582962989807129
19779,20,1.1452586650848389
19780,11,0.17137938737869263
19781,29,1.5806772708892822
19782,1,-2.828390121459961
19783,21,1.1789262294769287
19784,29,1.5940489768981934
19785,24,1.3977160453796387
19786,15,0.6680617928504944
19787,28,1.5738415718078613
19788,29,1.5933489799499512
19789,26,1.498384714126587
19790,30,1.6011176109313965
19791,29,1.598149299621582
19792,30,1.6060583591461182
19793,26,1.4996669292449951
19794,23,1.3306715488433838
19795,29,1.5882000923156738
19796,19,1.031449317932129
19797,23,1.3064696788787842
19798,25,1.4481656551361084
19799,29,1.5917150974273682
19800,1,-2.699025869369507
19801,1,-2.716719150543213
19802,22,1.2827587127685547
19803,1,-2.838484287261963
19804,28,1.572676658630371
19805,30,1.609961748123169
19806,29,1.5972936153411865
19807,6,-1.0671086311340332
19808,29,1.5793735980987549
19809,27,1.5317506790161133
19810,12,0.33156245946884155
19811,30,1.6083362102508545
19812,2,-2.690469264984131
19813,25,1.4163658618927002
19814,1,-2.83512544631958
19815,29,1.5769078731536865
19816,26,1.495875597000122
19817,27,1.5144681930541992
19818,3,-2.0079855918884277
19819,1,-2.7408738136291504
19820,27,1.5386409759521484
19821,30,1.6114740371704102
19822,1,-2.8398711681365967
19823,15,0.661137044429779
19824,28,1.5641283988952637
19825,17,0.8767363429069519
19826,29,1.5994446277618408
19827,27,1.5087053775787354
19828,17,0.8190577626228333
19829,10,0.01651841402053833
19830,18,0.9414597153663635
19831,7,-0.8344686031341553
19832,22,1.2489886283874512
19833,29,1.5804860591888428
19834,2,-2.5514159202575684
19835,29,1.5892982482910156
19836,30,1.6023695468902588
19837,30,1.6041574478149414
19838,30,1.6036930084228516
19839,27,1.535757303237915
19840,1,-2.843092441558838
19841,28,1.5730197429656982
19842,29,1.5905704498291016
19843,25,1.4361846446990967
19844,26,1.4928014278411865
19845,26,1.4814600944519043
19846,1,-2.705446243286133
19847,8,-0.5748254060745239
19848,4,-1.6718285083770752
19849,30,1.606391429901123
19850,1,-2.841014862060547
19851,29,1.5950038433074951
19852,27,1.5364670753479004
19853,21,1.2056095600128174
19854,11,0.12484616041183472
19855,30,1.6133017539978027
19856,27,1.540039300918579
19857,1,-2.8316545486450195
19858,30,1.6150729656219482
19859,1,-2.841364860534668
19860,17,0.8701865077018738
19861,29,1.584580898284912
19862,26,1.4838511943817139
19863,6,-1.0724170207977295
19864,26,1.4768826961517334
19865,29,1.5817372798919678
19866,26,1.501457691192627
19867,26,1.4859347343444824
19868,27,1.5367064476013184
19869,29,1.5810434818267822
19870,10,-0.14583009481430054
19871,27,1.5397791862487793
19872,30,1.6088628768920898
19873,29,1.5865256786346436
19874,30,1.6011621952056885
19875,29,1.5975773334503174
19876,14,0.47033005952835083
19877,27,1.5408687591552734
19878,29,1.5935044288635254
19879,17,0.8687965273857117
19880,1,-2.727532148361206
19881,26,1.4865303039550781
19882,26,1.4685251712799072
19883,30,1.6149251461029053
19884,30,1.6134300231933594
19885,30,1.6027679443359375
19886,28,1.5663082599639893
19887,28,1.5641202926635742
19888,27,1.5167632102966309
19889,28,1.5732624530792236
19890,12,0.19524115324020386
19891,1,-2.7865285873413086
19892,29,1.5846991539001465
19893,30,1.612964153289795
19894,26,1.4985179901123047
19895,29,1.5824863910675049
19896,26,1.500504732131958
19897,21,1.2103800773620605
19898,8,-0.4751386344432831
19899,29,1.59846830368042
19900,28,1.5704703330993652
19901,14,0.5335267186164856
19902,1,-2.8374087810516357
19903,15,0.630185067653656
19904,30,1.6030919551849365
19905,27,1.5295066833496094
19906,25,1.4572951793670654
19907,2,-2.6905384063720703
19908,30,1.6143417358398438
19909,30,1.6012728214263916
19910,12,0.2752041220664978
19911,29,1.59773588180542
19912,30,1.61387038230896
19913,1,-2.765439510345459
19914,27,1.510932207107544
19915,21,1.2095532417297363
19916,29,1.5938982963562012
19917,30,1.6057422161102295
19918,26,1.4600696563720703
19919,27,1.5414962768554688
19920,25,1.4425945281982422
19921,30,1.6041991710662842
19922,30,1.6145834922790527
19923,28,1.544036626815796
19924,29,1.5897421836853027
19925,25,1.4401648044586182
19926,14,0.5269371867179871
19927,1,-2.8404524326324463
19928,1,-2.843332052230835
19929,26,1.4991700649261475
19930,26,1.490722894668579
19931,24,1.3742527961730957
19932,28,1.5510001182556152
19933,26,1.4770636558532715
19934,2,-2.651822328567505
19935,27,1.533196210861206
19936,26,1.4932801723480225
19937,30,1.610337495803833
19938,30,1.6149094104766846
19939,17,0.863271176815033
19940,30,1.6106767654418945
19941,3,-1.9894509315490723
19942,27,1.5297884941101074
19943,24,1.363600254058838
19944,27,1.538792371749878
19945,27,1.5081982612609863
19946,28,1.5734248161315918
19947,29,1.5859177112579346
19948,28,1.5559351444244385
19949,27,1.5047481060028076
19950,6,-0.8596956133842468
19951,29,1.599433422088623
19952,30,1.6081345081329346
19953,30,1.6048810482025146
19954,30,1.6095571517944336
19955,3,-1.9201061725616455
19956,30,1.6071584224700928
19957,7,-0.6071357727050781
19958,30,1.6112542152404785
19959,28,1.5704014301300049
19960,23,1.3095242977142334
19961,25,1.4562830924987793
19962,28,1.5673458576202393
19963,30,1.6118757724761963
19964,30,1.6094672679901123
19965,1,-2.8193483352661133
19966,30,1.6142685413360596
19967,21,1.2240169048309326
19968,2,-2.538402795791626
19969,29,1.598707675933838
19970,30,1.613032341003418
19971,23,1.3105251789093018
19972,27,1.5162897109985352
19973,29,1.5978646278381348
19974,29,1.591454029083252
19975,29,1.5835137367248535
19976,30,1.6054515838623047
19977,1,-2.804983377456665
19978,6,-0.9256638288497925
19979,29,1.5910608768463135
19980,30,1.6033782958984375
19981,28,1.5738072395324707
19982,3,-1.8699452877044678
19983,28,1.5451140403747559
19984,27,1.5232126712799072
19985,19,1.0001225471496582
19986,2,-2.6432435512542725
19987,25,1.456712245941162
19988,2,-2.5881094932556152
19989,2,-2.6123664379119873
19990,2,-2.372504472732544
19991,26,1.47389817237854
19992,26,1.4880015850067139
19993,30,1.6150703430175781
19994,29,1.5920429229736328
19995,30,1.6099138259887695
19996,29,1.594614028930664
19997,5,-1.1410648822784424
19998,30,1.6101422309875488
19999,30,1.6046476364135742
