{"potts/n_edges": 165, "potts/edge_density": 0.868421052631579, "potts/J_mean_abs": 3.1835458278656006, "potts/J_std": 3.0577571392059326, "_timestamp": 1773545421.6013694, "_runtime": 459.3792304992676, "_step": 21, "gt_scores/additive/std": 1.426379881017352, "gt_scores/additive/min": -10.008467674255371, "gt_scores/additive/pct5": -7.166622185707093, "gt_scores/additive_pairwise/std": 75.57612693632379, "gt_scores/additive_pairwise/min": -517.7893676757812, "gt_scores/additive_pairwise/pct5": -372.29493408203126, "gt_scores/nonlin_additive/std": 0.13946177757028871, "gt_scores/nonlin_additive/min": -0.8313426784103302, "gt_scores/nonlin_additive/pct5": -0.8034810610065, "gt_scores/nonlin_additive_pairwise/std": 8.489669752521987e-14, "gt_scores/nonlin_additive_pairwise/min": -0.8358896588447285, "gt_scores/nonlin_additive_pairwise/pct5": -0.8358896588447285, "rho_curated/additive/additive": 0.9999973688558947, "rho_random/additive/additive": 0.9999907177114533, "rho_curated/pairwise/additive": 0.9999452947818116, "rho_random/pairwise/additive": 0.9998838886081777, "rho_curated/additive_GE/additive": 0.9999825724473027, "rho_random/additive_GE/additive": 0.9999574315954185, "rho_curated/pairwise_GE/additive": 0.9920085572237669, "rho_random/pairwise_GE/additive": 0.984184698234796, "rho_curated/additive/additive_pairwise": 0.9746977529866955, "rho_random/additive/additive_pairwise": 0.9568012868427167, "rho_curated/pairwise/additive_pairwise": 0.9999424081816921, "rho_random/pairwise/additive_pairwise": 0.9998773966124285, "rho_curated/additive_GE/additive_pairwise": 0.9748868506496658, "rho_random/additive_GE/additive_pairwise": 0.9524484177358886, "rho_curated/pairwise_GE/additive_pairwise": 0.9990789467791135, "rho_random/pairwise_GE/additive_pairwise": 0.9986572436312028, "rho_curated/additive/nonlin_additive": 0.9966071208000405, "rho_random/additive/nonlin_additive": 0.9959516758554336, "rho_curated/pairwise/nonlin_additive": 0.9985009428280017, "rho_random/pairwise/nonlin_additive": 0.9962980800570547, "rho_curated/additive_GE/nonlin_additive": 0.9999898608875936, "rho_random/additive_GE/nonlin_additive": 0.9999867849574752, "rho_curated/pairwise_GE/nonlin_additive": 0.9978836144672938, "rho_random/pairwise_GE/nonlin_additive": 0.9978855267942499, "rho_curated/additive/nonlin_additive_pairwise": NaN, "rho_random/additive/nonlin_additive_pairwise": NaN, "rho_curated/pairwise/nonlin_additive_pairwise": NaN, "rho_random/pairwise/nonlin_additive_pairwise": NaN, "rho_curated/additive_GE/nonlin_additive_pairwise": NaN, "rho_random/additive_GE/nonlin_additive_pairwise": NaN, "rho_curated/pairwise_GE/nonlin_additive_pairwise": NaN, "rho_random/pairwise_GE/nonlin_additive_pairwise": NaN, "rho_curated_mean": 0.9944601075740728, "rho_random_mean": 0.9901602623863578, "_wandb": {"runtime": 459}}