{"potts/n_edges": 68, "potts/edge_density": 0.6476190476190476, "potts/J_mean_abs": 3.102856397628784, "potts/J_std": 2.43908953666687, "_timestamp": 1773476878.6398368, "_runtime": 538.0316288471222, "_step": 21, "gt_scores/additive/std": 0.9557475539592777, "gt_scores/additive/min": -7.033940315246582, "gt_scores/additive/pct5": -5.159853672981262, "gt_scores/additive_pairwise/std": 29.220816241897552, "gt_scores/additive_pairwise/min": -251.1453399658203, "gt_scores/additive_pairwise/pct5": -213.11416778564453, "gt_scores/nonlin_additive/std": 0.1307311439252841, "gt_scores/nonlin_additive/min": -0.8613129322410867, "gt_scores/nonlin_additive/pct5": -0.8371371284084792, "gt_scores/nonlin_additive_pairwise/std": 1.1102230246251565e-16, "gt_scores/nonlin_additive_pairwise/min": -0.8653877661321029, "gt_scores/nonlin_additive_pairwise/pct5": -0.8653877661321029, "rho_curated/additive/additive": 0.9999981982719277, "rho_random/additive/additive": 0.9999950688573523, "rho_curated/pairwise/additive": 0.9999744250229745, "rho_random/pairwise/additive": 0.9999404594110556, "rho_curated/additive_GE/additive": 0.9999834388473373, "rho_random/additive_GE/additive": 0.9999627213197488, "rho_curated/pairwise_GE/additive": 0.999766208214637, "rho_random/pairwise_GE/additive": 0.9996236833517562, "rho_curated/additive/additive_pairwise": 0.9195951482999464, "rho_random/additive/additive_pairwise": 0.8752731761103882, "rho_curated/pairwise/additive_pairwise": 0.9999675119666988, "rho_random/pairwise/additive_pairwise": 0.999935192976925, "rho_curated/additive_GE/additive_pairwise": 0.918203855018265, "rho_random/additive_GE/additive_pairwise": 0.8667311128464542, "rho_curated/pairwise_GE/additive_pairwise": 0.9996291432491655, "rho_random/pairwise_GE/additive_pairwise": 0.9994157757753198, "rho_curated/additive/nonlin_additive": 0.9970217713122277, "rho_random/additive/nonlin_additive": 0.9978319878804923, "rho_curated/pairwise/nonlin_additive": 0.9992278735530409, "rho_random/pairwise/nonlin_additive": 0.9956895488050322, "rho_curated/additive_GE/nonlin_additive": 0.9999917117196675, "rho_random/additive_GE/nonlin_additive": 0.9999905070971568, "rho_curated/pairwise_GE/nonlin_additive": 0.9991310654211594, "rho_random/pairwise_GE/nonlin_additive": 0.999272845662026, "rho_curated/additive/nonlin_additive_pairwise": NaN, "rho_random/additive/nonlin_additive_pairwise": NaN, "rho_curated/pairwise/nonlin_additive_pairwise": NaN, "rho_random/pairwise/nonlin_additive_pairwise": NaN, "rho_curated/additive_GE/nonlin_additive_pairwise": NaN, "rho_random/additive_GE/nonlin_additive_pairwise": NaN, "rho_curated/pairwise_GE/nonlin_additive_pairwise": NaN, "rho_random/pairwise_GE/nonlin_additive_pairwise": NaN, "rho_curated_mean": 0.9860408625747542, "rho_random_mean": 0.9778051733411423, "_wandb": {"runtime": 537}}