{"potts/n_edges": 357, "potts/edge_density": 0.8206896551724138, "potts/J_mean_abs": 2.474684476852417, "potts/J_std": 1.9535982608795166, "_timestamp": 1773541287.2275767, "_runtime": 544.5732338428497, "_step": 21, "gt_scores/additive/std": 1.3145519307288893, "gt_scores/additive/min": -9.543702125549316, "gt_scores/additive/pct5": -6.543755149841308, "gt_scores/additive_pairwise/std": 76.22091952266437, "gt_scores/additive_pairwise/min": -519.246337890625, "gt_scores/additive_pairwise/pct5": -328.45055999755857, "gt_scores/nonlin_additive/std": 0.1415948963973883, "gt_scores/nonlin_additive/min": -0.8305795334928087, "gt_scores/nonlin_additive/pct5": -0.8006284573354645, "gt_scores/nonlin_additive_pairwise/std": 0.00021454400437116402, "gt_scores/nonlin_additive_pairwise/min": -0.8341020215334246, "gt_scores/nonlin_additive_pairwise/pct5": -0.8341020215334246, "rho_curated/additive/additive": 0.9999971214638849, "rho_random/additive/additive": 0.9999908398091368, "rho_curated/pairwise/additive": 0.9992027244560899, "rho_random/pairwise/additive": 0.9987326634501795, "rho_curated/additive_GE/additive": 0.9999729424229171, "rho_random/additive_GE/additive": 0.9999379239089964, "rho_curated/pairwise_GE/additive": 0.9691097709883907, "rho_random/pairwise_GE/additive": 0.955897453657816, "rho_curated/additive/additive_pairwise": 0.986010280016411, "rho_random/additive/additive_pairwise": 0.9750291341461957, "rho_curated/pairwise/additive_pairwise": 0.9933649653985984, "rho_random/pairwise/additive_pairwise": 0.989673423239832, "rho_curated/additive_GE/additive_pairwise": 0.9863081870356701, "rho_random/additive_GE/additive_pairwise": 0.9770179036752182, "rho_curated/pairwise_GE/additive_pairwise": 0.9571750485659741, "rho_random/pairwise_GE/additive_pairwise": 0.9376041132766678, "rho_curated/additive/nonlin_additive": 0.9968776192669551, "rho_random/additive/nonlin_additive": 0.9963426273678603, "rho_curated/pairwise/nonlin_additive": 0.9890376176729787, "rho_random/pairwise/nonlin_additive": 0.9817517887559238, "rho_curated/additive_GE/nonlin_additive": 0.9999839319033567, "rho_random/additive_GE/nonlin_additive": 0.9999781785535002, "rho_curated/pairwise_GE/nonlin_additive": 0.9803255044986594, "rho_random/pairwise_GE/nonlin_additive": 0.9773476951687596, "rho_curated/additive/nonlin_additive_pairwise": NaN, "rho_random/additive/nonlin_additive_pairwise": NaN, "rho_curated/pairwise/nonlin_additive_pairwise": NaN, "rho_random/pairwise/nonlin_additive_pairwise": 0.05370689426565313, "rho_curated/additive_GE/nonlin_additive_pairwise": NaN, "rho_random/additive_GE/nonlin_additive_pairwise": NaN, "rho_curated/pairwise_GE/nonlin_additive_pairwise": NaN, "rho_random/pairwise_GE/nonlin_additive_pairwise": NaN, "rho_curated_mean": 0.9881138094741573, "rho_random_mean": 0.9110008184058261, "_wandb": {"runtime": 544}}