{"potts/n_edges": 414, "potts/edge_density": 0.9517241379310345, "potts/J_mean_abs": 3.200084924697876, "potts/J_std": 2.477834463119507, "_timestamp": 1773636280.2781436, "_runtime": 523.6357836723328, "_step": 21, "gt_scores/additive/std": 1.3145519307288893, "gt_scores/additive/min": -9.543702125549316, "gt_scores/additive/pct5": -6.543755149841308, "gt_scores/additive_pairwise/std": 105.1624932063662, "gt_scores/additive_pairwise/min": -738.677734375, "gt_scores/additive_pairwise/pct5": -452.70851745605466, "gt_scores/nonlin_additive/std": 0.1415948963973883, "gt_scores/nonlin_additive/min": -0.8305795334928087, "gt_scores/nonlin_additive/pct5": -0.8006284573354645, "gt_scores/nonlin_additive_pairwise/std": 1.2454395987121753e-05, "gt_scores/nonlin_additive_pairwise/min": -0.8341020215334246, "gt_scores/nonlin_additive_pairwise/pct5": -0.8341020215334246, "rho_curated/additive/additive": 0.9999979752159187, "rho_random/additive/additive": 0.9999930757247246, "rho_curated/pairwise/additive": 0.999212570192427, "rho_random/pairwise/additive": 0.9986046799026486, "rho_curated/additive_GE/additive": 0.9999784170631342, "rho_random/additive_GE/additive": 0.9999539121085296, "rho_curated/pairwise_GE/additive": 0.9681500542909444, "rho_random/pairwise_GE/additive": 0.9479687050189959, "rho_curated/additive/additive_pairwise": 0.986580899046592, "rho_random/additive/additive_pairwise": 0.9767982282485781, "rho_curated/pairwise/additive_pairwise": 0.9931679042465521, "rho_random/pairwise/additive_pairwise": 0.9884948579386651, "rho_curated/additive_GE/additive_pairwise": 0.9868219670556138, "rho_random/additive_GE/additive_pairwise": 0.9788611217195814, "rho_curated/pairwise_GE/additive_pairwise": 0.9569273134750252, "rho_random/pairwise_GE/additive_pairwise": 0.9459447381322513, "rho_curated/additive/nonlin_additive": 0.9970764158829164, "rho_random/additive/nonlin_additive": 0.9964686942022495, "rho_curated/pairwise/nonlin_additive": 0.9893964193673479, "rho_random/pairwise/nonlin_additive": 0.9814429629744345, "rho_curated/additive_GE/nonlin_additive": 0.9999836927193471, "rho_random/additive_GE/nonlin_additive": 0.9999808331452927, "rho_curated/pairwise_GE/nonlin_additive": 0.9811571417093814, "rho_random/pairwise_GE/nonlin_additive": 0.9802991468871637, "rho_curated/additive/nonlin_additive_pairwise": NaN, "rho_random/additive/nonlin_additive_pairwise": NaN, "rho_curated/pairwise/nonlin_additive_pairwise": NaN, "rho_random/pairwise/nonlin_additive_pairwise": NaN, "rho_curated/additive_GE/nonlin_additive_pairwise": NaN, "rho_random/additive_GE/nonlin_additive_pairwise": NaN, "rho_curated/pairwise_GE/nonlin_additive_pairwise": NaN, "rho_random/pairwise_GE/nonlin_additive_pairwise": NaN, "rho_curated_mean": 0.9882042308554332, "rho_random_mean": 0.9829009130002594, "_wandb": {"runtime": 523}}