{"potts/n_edges": 243, "potts/edge_density": 0.81, "potts/J_mean_abs": 3.2771048545837402, "potts/J_std": 2.633206844329834, "_timestamp": 1773408768.6617255, "_runtime": 540.7274055480957, "_step": 21, "gt_scores/additive/std": 1.3248437107940993, "gt_scores/additive/min": -8.832763671875, "gt_scores/additive/pct5": -6.012066531181335, "gt_scores/additive_pairwise/std": 62.61910823161333, "gt_scores/additive_pairwise/min": -405.7798767089844, "gt_scores/additive_pairwise/pct5": -234.79122924804688, "gt_scores/nonlin_additive/std": 0.15375831462288475, "gt_scores/nonlin_additive/min": -0.7960807527928047, "gt_scores/nonlin_additive/pct5": -0.7598627144532697, "gt_scores/nonlin_additive_pairwise/std": 0.010018083689823973, "gt_scores/nonlin_additive_pairwise/min": -0.8011811168353298, "gt_scores/nonlin_additive_pairwise/pct5": -0.8011811168353298, "rho_curated/additive/additive": 0.9999974402318976, "rho_random/additive/additive": 0.9999924212469037, "rho_curated/pairwise/additive": 0.999680968251231, "rho_random/pairwise/additive": 0.999477929428355, "rho_curated/additive_GE/additive": 0.9999721215988847, "rho_random/additive_GE/additive": 0.9999264041646854, "rho_curated/pairwise_GE/additive": 0.9805787007911478, "rho_random/pairwise_GE/additive": 0.9681855928840896, "rho_curated/additive/additive_pairwise": 0.9772022777909967, "rho_random/additive/additive_pairwise": 0.9655696257379623, "rho_curated/pairwise/additive_pairwise": 0.9987205471567911, "rho_random/pairwise/additive_pairwise": 0.9981574489022277, "rho_curated/additive_GE/additive_pairwise": 0.9773573721097516, "rho_random/additive_GE/additive_pairwise": 0.9635534314800616, "rho_curated/pairwise_GE/additive_pairwise": 0.9811894927986767, "rho_random/pairwise_GE/additive_pairwise": 0.9783108482679981, "rho_curated/additive/nonlin_additive": 0.9974507495858466, "rho_random/additive/nonlin_additive": 0.9969812407060129, "rho_curated/pairwise/nonlin_additive": 0.9961022075559014, "rho_random/pairwise/nonlin_additive": 0.9927715396535585, "rho_curated/additive_GE/nonlin_additive": 0.9999838861353548, "rho_random/additive_GE/nonlin_additive": 0.9999739063331876, "rho_curated/pairwise_GE/nonlin_additive": 0.9921326834051185, "rho_random/pairwise_GE/nonlin_additive": 0.9884153985650582, "rho_curated/additive/nonlin_additive_pairwise": 0.7744953811699948, "rho_random/additive/nonlin_additive_pairwise": 0.25449843824065127, "rho_curated/pairwise/nonlin_additive_pairwise": 0.717539292965446, "rho_random/pairwise/nonlin_additive_pairwise": 0.22871828708607547, "rho_curated/additive_GE/nonlin_additive_pairwise": 0.3586784171072028, "rho_random/additive_GE/nonlin_additive_pairwise": 0.10899070442361238, "rho_curated/pairwise_GE/nonlin_additive_pairwise": 0.731688449255426, "rho_random/pairwise_GE/nonlin_additive_pairwise": 0.24612958282930197, "rho_curated_mean": 0.9051731242443541, "rho_random_mean": 0.7931032999968588, "_wandb": {"runtime": 540}}