{"potts/n_edges": 778, "potts/edge_density": 0.948780487804878, "potts/J_mean_abs": 2.396324872970581, "potts/J_std": 1.9541953802108765, "_timestamp": 1773685704.7144797, "_runtime": 508.7831017971039, "_step": 21, "gt_scores/additive/std": 1.3716052166180124, "gt_scores/additive/min": -9.657029151916504, "gt_scores/additive/pct5": -6.695575809478759, "gt_scores/additive_pairwise/std": 95.20865282516802, "gt_scores/additive_pairwise/min": -693.5100708007812, "gt_scores/additive_pairwise/pct5": -388.5181259155273, "gt_scores/nonlin_additive/std": 0.1440377317855033, "gt_scores/nonlin_additive/min": -0.8210666984264194, "gt_scores/nonlin_additive/pct5": -0.790616199558326, "gt_scores/nonlin_additive_pairwise/std": 1.0539156478563765e-05, "gt_scores/nonlin_additive_pairwise/min": -0.8251824253573227, "gt_scores/nonlin_additive_pairwise/pct5": -0.8251824253573227, "rho_curated/additive/additive": 0.9999963924878557, "rho_random/additive/additive": 0.999989981693155, "rho_curated/pairwise/additive": 0.9988540870021361, "rho_random/pairwise/additive": 0.9983682448378565, "rho_curated/additive_GE/additive": 0.9999513077660466, "rho_random/additive_GE/additive": 0.9998987754581292, "rho_curated/pairwise_GE/additive": 0.9563510455639468, "rho_random/pairwise_GE/additive": 0.9307691850540114, "rho_curated/additive/additive_pairwise": 0.9878940584277622, "rho_random/additive/additive_pairwise": 0.9793576732326988, "rho_curated/pairwise/additive_pairwise": 0.983828232904353, "rho_random/pairwise/additive_pairwise": 0.978092361547144, "rho_curated/additive_GE/additive_pairwise": 0.9881292812366012, "rho_random/additive_GE/additive_pairwise": 0.983305110334426, "rho_curated/pairwise_GE/additive_pairwise": 0.9466884794102597, "rho_random/pairwise_GE/additive_pairwise": 0.9304441808453402, "rho_curated/additive/nonlin_additive": 0.9955432015256211, "rho_random/additive/nonlin_additive": 0.9948837262658615, "rho_curated/pairwise/nonlin_additive": 0.9863416215330091, "rho_random/pairwise/nonlin_additive": 0.9808939877805385, "rho_curated/additive_GE/nonlin_additive": 0.999983083719323, "rho_random/additive_GE/nonlin_additive": 0.9999778696706663, "rho_curated/pairwise_GE/nonlin_additive": 0.9809597788299343, "rho_random/pairwise_GE/nonlin_additive": 0.9779722275385618, "rho_curated/additive/nonlin_additive_pairwise": NaN, "rho_random/additive/nonlin_additive_pairwise": 0.07207624140470323, "rho_curated/pairwise/nonlin_additive_pairwise": NaN, "rho_random/pairwise/nonlin_additive_pairwise": 0.055203415489802, "rho_curated/additive_GE/nonlin_additive_pairwise": NaN, "rho_random/additive_GE/nonlin_additive_pairwise": NaN, "rho_curated/pairwise_GE/nonlin_additive_pairwise": NaN, "rho_random/pairwise_GE/nonlin_additive_pairwise": -0.04583669443624112, "rho_curated_mean": 0.9853767142005707, "rho_random_mean": 0.7890264191144435, "_wandb": {"runtime": 508}}