{"potts/n_edges": 213, "potts/edge_density": 0.71, "potts/J_mean_abs": 2.2492215633392334, "potts/J_std": 1.8043031692504883, "_timestamp": 1773552899.2000492, "_runtime": 544.4308562278748, "_step": 21, "gt_scores/additive/std": 1.1398200883094438, "gt_scores/additive/min": -9.020009994506836, "gt_scores/additive/pct5": -6.03385751247406, "gt_scores/additive_pairwise/std": 54.61535298757697, "gt_scores/additive_pairwise/min": -367.65582275390625, "gt_scores/additive_pairwise/pct5": -244.73505859375, "gt_scores/nonlin_additive/std": 0.13291535666614748, "gt_scores/nonlin_additive/min": -0.8512857583768847, "gt_scores/nonlin_additive/pct5": -0.8249976913530378, "gt_scores/nonlin_additive_pairwise/std": 3.6256115660258125e-07, "gt_scores/nonlin_additive_pairwise/min": -0.853410595172368, "gt_scores/nonlin_additive_pairwise/pct5": -0.853410595172368, "rho_curated/additive/additive": 0.9999977949999117, "rho_random/additive/additive": 0.999992427707471, "rho_curated/pairwise/additive": 0.9997194437327777, "rho_random/pairwise/additive": 0.9995513190415675, "rho_curated/additive_GE/additive": 0.9999807347192283, "rho_random/additive_GE/additive": 0.9999593148908543, "rho_curated/pairwise_GE/additive": 0.9807289685166962, "rho_random/pairwise_GE/additive": 0.9697366237350777, "rho_curated/additive/additive_pairwise": 0.9818139095596832, "rho_random/additive/additive_pairwise": 0.9707090398011166, "rho_curated/pairwise/additive_pairwise": 0.9995010309800053, "rho_random/pairwise/additive_pairwise": 0.9991404195358412, "rho_curated/additive_GE/additive_pairwise": 0.9817513601331784, "rho_random/additive_GE/additive_pairwise": 0.9659835142009436, "rho_curated/pairwise_GE/additive_pairwise": 0.978762405102496, "rho_random/pairwise_GE/additive_pairwise": 0.9692727759057362, "rho_curated/additive/nonlin_additive": 0.996370291670376, "rho_random/additive/nonlin_additive": 0.9968215789181167, "rho_curated/pairwise/nonlin_additive": 0.994622157184499, "rho_random/pairwise/nonlin_additive": 0.9869643335166671, "rho_curated/additive_GE/nonlin_additive": 0.9999885338315406, "rho_random/additive_GE/nonlin_additive": 0.9999844169531362, "rho_curated/pairwise_GE/nonlin_additive": 0.9884605654175919, "rho_random/pairwise_GE/nonlin_additive": 0.9842090613908686, "rho_curated/additive/nonlin_additive_pairwise": NaN, "rho_random/additive/nonlin_additive_pairwise": NaN, "rho_curated/pairwise/nonlin_additive_pairwise": NaN, "rho_random/pairwise/nonlin_additive_pairwise": NaN, "rho_curated/additive_GE/nonlin_additive_pairwise": NaN, "rho_random/additive_GE/nonlin_additive_pairwise": NaN, "rho_curated/pairwise_GE/nonlin_additive_pairwise": NaN, "rho_random/pairwise_GE/nonlin_additive_pairwise": NaN, "rho_curated_mean": 0.9918080996539987, "rho_random_mean": 0.9868604021331163, "_wandb": {"runtime": 544}}