{"potts/n_edges": 144, "potts/edge_density": 0.7578947368421053, "potts/J_mean_abs": 3.047207832336426, "potts/J_std": 2.447087526321411, "_timestamp": 1773363584.1060123, "_runtime": 491.7923324108124, "_step": 21, "gt_scores/additive/std": 1.210202704410808, "gt_scores/additive/min": -8.911455154418945, "gt_scores/additive/pct5": -6.663809275627136, "gt_scores/additive_pairwise/std": 53.09386077252331, "gt_scores/additive_pairwise/min": -364.6516418457031, "gt_scores/additive_pairwise/pct5": -261.50962219238284, "gt_scores/nonlin_additive/std": 0.125785236402486, "gt_scores/nonlin_additive/min": -0.8664681453126024, "gt_scores/nonlin_additive/pct5": -0.8440971430509998, "gt_scores/nonlin_additive_pairwise/std": 4.251036638856649e-09, "gt_scores/nonlin_additive_pairwise/min": -0.8707194432537088, "gt_scores/nonlin_additive_pairwise/pct5": -0.8707194432537088, "rho_curated/additive/additive": 0.9999978622239142, "rho_random/additive/additive": 0.9999927013816191, "rho_curated/pairwise/additive": 0.9999419187016684, "rho_random/pairwise/additive": 0.9998860505044926, "rho_curated/additive_GE/additive": 0.9999787414951471, "rho_random/additive_GE/additive": 0.9999548885709834, "rho_curated/pairwise_GE/additive": 0.9991060483481989, "rho_random/pairwise_GE/additive": 0.9985294540447766, "rho_curated/additive/additive_pairwise": 0.968683150329823, "rho_random/additive/additive_pairwise": 0.9449724915426579, "rho_curated/pairwise/additive_pairwise": 0.9999422814136898, "rho_random/pairwise/additive_pairwise": 0.9998702630289263, "rho_curated/additive_GE/additive_pairwise": 0.9686515784013108, "rho_random/additive_GE/additive_pairwise": 0.9553104479520466, "rho_curated/pairwise_GE/additive_pairwise": 0.9900475153691841, "rho_random/pairwise_GE/additive_pairwise": 0.9837064222251843, "rho_curated/additive/nonlin_additive": 0.9942695814982331, "rho_random/additive/nonlin_additive": 0.994874171385084, "rho_curated/pairwise/nonlin_additive": 0.9978207144006718, "rho_random/pairwise/nonlin_additive": 0.9937446930737173, "rho_curated/additive_GE/nonlin_additive": 0.9999877893515107, "rho_random/additive_GE/nonlin_additive": 0.999985967358581, "rho_curated/pairwise_GE/nonlin_additive": 0.9991091200602792, "rho_random/pairwise_GE/nonlin_additive": 0.999196497194043, "rho_curated/additive/nonlin_additive_pairwise": NaN, "rho_random/additive/nonlin_additive_pairwise": NaN, "rho_curated/pairwise/nonlin_additive_pairwise": NaN, "rho_random/pairwise/nonlin_additive_pairwise": NaN, "rho_curated/additive_GE/nonlin_additive_pairwise": NaN, "rho_random/additive_GE/nonlin_additive_pairwise": NaN, "rho_curated/pairwise_GE/nonlin_additive_pairwise": NaN, "rho_random/pairwise_GE/nonlin_additive_pairwise": NaN, "rho_curated_mean": 0.9931280251328025, "rho_random_mean": 0.9891686706885093, "_wandb": {"runtime": 491}}