{"potts/n_edges": 244, "potts/edge_density": 0.8133333333333334, "potts/J_mean_abs": 2.6349074840545654, "potts/J_std": 2.0767018795013428, "_timestamp": 1773544945.484234, "_runtime": 533.5580141544342, "_step": 21, "gt_scores/additive/std": 1.4607008917297066, "gt_scores/additive/min": -10.880603790283203, "gt_scores/additive/pct5": -7.648485493659973, "gt_scores/additive_pairwise/std": 66.63157629106755, "gt_scores/additive_pairwise/min": -474.9375305175781, "gt_scores/additive_pairwise/pct5": -297.3268768310547, "gt_scores/nonlin_additive/std": 0.1329364744996366, "gt_scores/nonlin_additive/min": -0.8491222741790089, "gt_scores/nonlin_additive/pct5": -0.8226467537292117, "gt_scores/nonlin_additive_pairwise/std": 7.269201513331149e-05, "gt_scores/nonlin_additive_pairwise/min": -0.8524745773399738, "gt_scores/nonlin_additive_pairwise/pct5": -0.8524745773399738, "rho_curated/additive/additive": 0.9999975460479016, "rho_random/additive/additive": 0.999991984357559, "rho_curated/pairwise/additive": 0.999771876918864, "rho_random/pairwise/additive": 0.9995478210827902, "rho_curated/additive_GE/additive": NaN, "rho_random/additive_GE/additive": NaN, "rho_curated/pairwise_GE/additive": 0.9844006241676507, "rho_random/pairwise_GE/additive": 0.9750344777584149, "rho_curated/additive/additive_pairwise": 0.9818586561694753, "rho_random/additive/additive_pairwise": 0.9705500009644575, "rho_curated/pairwise/additive_pairwise": 0.9993912430236059, "rho_random/pairwise/additive_pairwise": 0.998912004561877, "rho_curated/additive_GE/additive_pairwise": 0.9817201822128072, "rho_random/additive_GE/additive_pairwise": 0.9711730984118554, "rho_curated/pairwise_GE/additive_pairwise": 0.9760073168545651, "rho_random/pairwise_GE/additive_pairwise": 0.9634699137281652, "rho_curated/additive/nonlin_additive": 0.9974559699699336, "rho_random/additive/nonlin_additive": 0.9973392424750344, "rho_curated/pairwise/nonlin_additive": 0.9940033136077009, "rho_random/pairwise/nonlin_additive": 0.9841325639540909, "rho_curated/additive_GE/nonlin_additive": 0.9999798587431928, "rho_random/additive_GE/nonlin_additive": 0.9999769829394345, "rho_curated/pairwise_GE/nonlin_additive": 0.9884473431693391, "rho_random/pairwise_GE/nonlin_additive": 0.9858750798681086, "rho_curated/additive/nonlin_additive_pairwise": NaN, "rho_random/additive/nonlin_additive_pairwise": -0.001029862315627929, "rho_curated/pairwise/nonlin_additive_pairwise": NaN, "rho_random/pairwise/nonlin_additive_pairwise": 0.05532145384594951, "rho_curated/additive_GE/nonlin_additive_pairwise": NaN, "rho_random/additive_GE/nonlin_additive_pairwise": NaN, "rho_curated/pairwise_GE/nonlin_additive_pairwise": NaN, "rho_random/pairwise_GE/nonlin_additive_pairwise": -0.0014693129903303656, "rho_curated_mean": 0.9911849028077306, "rho_random_mean": 0.7784875320458414, "_wandb": {"runtime": 533}}