{"potts/n_edges": 82, "potts/edge_density": 0.780952380952381, "potts/J_mean_abs": 2.5910441875457764, "potts/J_std": 1.9948632717132568, "_timestamp": 1773368083.134021, "_runtime": 525.0851011276245, "_step": 21, "gt_scores/additive/std": 0.9557475539592777, "gt_scores/additive/min": -7.033940315246582, "gt_scores/additive/pct5": -5.159853672981262, "gt_scores/additive_pairwise/std": 29.464592668619037, "gt_scores/additive_pairwise/min": -252.31094360351562, "gt_scores/additive_pairwise/pct5": -218.5332992553711, "gt_scores/nonlin_additive/std": 0.1307311439252841, "gt_scores/nonlin_additive/min": -0.8613129322410867, "gt_scores/nonlin_additive/pct5": -0.8371371284084792, "gt_scores/nonlin_additive_pairwise/std": 1.1102230246251565e-16, "gt_scores/nonlin_additive_pairwise/min": -0.8653877661321029, "gt_scores/nonlin_additive_pairwise/pct5": -0.8653877661321029, "rho_curated/additive/additive": 0.9999978424239138, "rho_random/additive/additive": 0.9999922575492742, "rho_curated/pairwise/additive": 0.9999758182950311, "rho_random/pairwise/additive": 0.9999506835402381, "rho_curated/additive_GE/additive": 0.999989705703588, "rho_random/additive_GE/additive": 0.9999751663924366, "rho_curated/pairwise_GE/additive": 0.9997226064048911, "rho_random/pairwise_GE/additive": 0.999555247481038, "rho_curated/additive/additive_pairwise": 0.935212900996077, "rho_random/additive/additive_pairwise": 0.9073863400073549, "rho_curated/pairwise/additive_pairwise": 0.9999677289987068, "rho_random/pairwise/additive_pairwise": 0.9999412295227419, "rho_curated/additive_GE/additive_pairwise": 0.9350434099490597, "rho_random/additive_GE/additive_pairwise": 0.9078378646655908, "rho_curated/pairwise_GE/additive_pairwise": 0.9996248760249502, "rho_random/pairwise_GE/additive_pairwise": 0.9994857744890963, "rho_curated/additive/nonlin_additive": 0.9958998666194042, "rho_random/additive/nonlin_additive": 0.9962644650923117, "rho_curated/pairwise/nonlin_additive": 0.9992517822099992, "rho_random/pairwise/nonlin_additive": 0.996189209246315, "rho_curated/additive_GE/nonlin_additive": 0.9999835647753406, "rho_random/additive_GE/nonlin_additive": 0.9999813724394279, "rho_curated/pairwise_GE/nonlin_additive": 0.9995860170714008, "rho_random/pairwise_GE/nonlin_additive": 0.9996873287747161, "rho_curated/additive/nonlin_additive_pairwise": NaN, "rho_random/additive/nonlin_additive_pairwise": NaN, "rho_curated/pairwise/nonlin_additive_pairwise": NaN, "rho_random/pairwise/nonlin_additive_pairwise": NaN, "rho_curated/additive_GE/nonlin_additive_pairwise": NaN, "rho_random/additive_GE/nonlin_additive_pairwise": NaN, "rho_curated/pairwise_GE/nonlin_additive_pairwise": NaN, "rho_random/pairwise_GE/nonlin_additive_pairwise": NaN, "rho_curated_mean": 0.9886880099560301, "rho_random_mean": 0.9838539116000452, "_wandb": {"runtime": 524}}