{"potts/n_edges": 174, "potts/edge_density": 0.9157894736842105, "potts/J_mean_abs": 6.978535175323486, "potts/J_std": 14.559343338012695, "_timestamp": 1773588742.3925123, "_runtime": 535.6020424365997, "_step": 21, "gt_scores/additive/std": 1.2097035595556864, "gt_scores/additive/min": -8.994394302368164, "gt_scores/additive/pct5": -6.638693571090698, "gt_scores/additive_pairwise/std": 210.4383579208601, "gt_scores/additive_pairwise/min": -1633.0662841796875, "gt_scores/additive_pairwise/pct5": -964.4475952148438, "gt_scores/nonlin_additive/std": 0.12780147869164835, "gt_scores/nonlin_additive/min": -0.8633649983358815, "gt_scores/nonlin_additive/pct5": -0.8409005929909275, "gt_scores/nonlin_additive_pairwise/std": 1.1102230246251565e-16, "gt_scores/nonlin_additive_pairwise/min": -0.8672038070001775, "gt_scores/nonlin_additive_pairwise/pct5": -0.8672038070001775, "rho_curated/additive/additive": 0.9999979437279175, "rho_random/additive/additive": 0.9999926849667653, "rho_curated/pairwise/additive": 0.9999483696379335, "rho_random/pairwise/additive": 0.9998985713853892, "rho_curated/additive_GE/additive": 0.9999584467823356, "rho_random/additive_GE/additive": 0.9999080070093228, "rho_curated/pairwise_GE/additive": 0.9988867853954713, "rho_random/pairwise_GE/additive": 0.997944314025135, "rho_curated/additive/additive_pairwise": 0.8968803921742662, "rho_random/additive/additive_pairwise": 0.8882115174234178, "rho_curated/pairwise/additive_pairwise": 0.99992704333308, "rho_random/pairwise/additive_pairwise": 0.9998021812299517, "rho_curated/additive_GE/additive_pairwise": 0.8073765403018159, "rho_random/additive_GE/additive_pairwise": 0.8844540297601003, "rho_curated/pairwise_GE/additive_pairwise": 0.9967945641916289, "rho_random/pairwise_GE/additive_pairwise": 0.9936224151473744, "rho_curated/additive/nonlin_additive": 0.9962634770739113, "rho_random/additive/nonlin_additive": 0.9964497775850213, "rho_curated/pairwise/nonlin_additive": 0.9983695602705478, "rho_random/pairwise/nonlin_additive": 0.9941922625647811, "rho_curated/additive_GE/nonlin_additive": NaN, "rho_random/additive_GE/nonlin_additive": NaN, "rho_curated/pairwise_GE/nonlin_additive": 0.9987849215431926, "rho_random/pairwise_GE/nonlin_additive": 0.9988105565032624, "rho_curated/additive/nonlin_additive_pairwise": NaN, "rho_random/additive/nonlin_additive_pairwise": NaN, "rho_curated/pairwise/nonlin_additive_pairwise": NaN, "rho_random/pairwise/nonlin_additive_pairwise": NaN, "rho_curated/additive_GE/nonlin_additive_pairwise": NaN, "rho_random/additive_GE/nonlin_additive_pairwise": NaN, "rho_curated/pairwise_GE/nonlin_additive_pairwise": NaN, "rho_random/pairwise_GE/nonlin_additive_pairwise": NaN, "rho_curated_mean": 0.972108004039282, "rho_random_mean": 0.9775714834182291, "_wandb": {"runtime": 535}}