{"potts/n_edges": 88, "potts/edge_density": 0.4631578947368421, "potts/J_mean_abs": 6.746984958648682, "potts/J_std": 8.263092994689941, "_timestamp": 1773449415.4837775, "_runtime": 506.1175684928894, "_step": 21, "gt_scores/additive/std": 1.2097035595556864, "gt_scores/additive/min": -8.994394302368164, "gt_scores/additive/pct5": -6.638693571090698, "gt_scores/additive_pairwise/std": 99.95560149106761, "gt_scores/additive_pairwise/min": -689.9049072265625, "gt_scores/additive_pairwise/pct5": -463.8424041748047, "gt_scores/nonlin_additive/std": 0.12780147869164835, "gt_scores/nonlin_additive/min": -0.8633649983358815, "gt_scores/nonlin_additive/pct5": -0.8409005929909275, "gt_scores/nonlin_additive_pairwise/std": 8.144193053069076e-09, "gt_scores/nonlin_additive_pairwise/min": -0.8672038070001775, "gt_scores/nonlin_additive_pairwise/pct5": -0.8672038070001775, "rho_curated/additive/additive": 0.9999980239119208, "rho_random/additive/additive": 0.9999931866089786, "rho_curated/pairwise/additive": 0.9999442348697654, "rho_random/pairwise/additive": 0.99985965959211, "rho_curated/additive_GE/additive": 0.9999813361832521, "rho_random/additive_GE/additive": 0.9999643691080843, "rho_curated/pairwise_GE/additive": 0.9993328117812486, "rho_random/pairwise_GE/additive": 0.9986936798708625, "rho_curated/additive/additive_pairwise": 0.9405946993837878, "rho_random/additive/additive_pairwise": 0.9059289073434571, "rho_curated/pairwise/additive_pairwise": 0.9999256112050227, "rho_random/pairwise/additive_pairwise": 0.9998397080123935, "rho_curated/additive_GE/additive_pairwise": 0.940057929186317, "rho_random/additive_GE/additive_pairwise": 0.8951346910154789, "rho_curated/pairwise_GE/additive_pairwise": 0.9990393189615496, "rho_random/pairwise_GE/additive_pairwise": 0.9984825513932685, "rho_curated/additive/nonlin_additive": 0.9969098417162455, "rho_random/additive/nonlin_additive": 0.9968980249449827, "rho_curated/pairwise/nonlin_additive": 0.9981673911025637, "rho_random/pairwise/nonlin_additive": 0.9928097764767396, "rho_curated/additive_GE/nonlin_additive": 0.999987871191514, "rho_random/additive_GE/nonlin_additive": 0.9999849849849399, "rho_curated/pairwise_GE/nonlin_additive": 0.9981786626550154, "rho_random/pairwise_GE/nonlin_additive": 0.998291600384452, "rho_curated/additive/nonlin_additive_pairwise": NaN, "rho_random/additive/nonlin_additive_pairwise": NaN, "rho_curated/pairwise/nonlin_additive_pairwise": NaN, "rho_random/pairwise/nonlin_additive_pairwise": NaN, "rho_curated/additive_GE/nonlin_additive_pairwise": NaN, "rho_random/additive_GE/nonlin_additive_pairwise": NaN, "rho_curated/pairwise_GE/nonlin_additive_pairwise": NaN, "rho_random/pairwise_GE/nonlin_additive_pairwise": NaN, "rho_curated_mean": 0.9893431443456836, "rho_random_mean": 0.9821567616446455, "_wandb": {"runtime": 505}}