{"potts/n_edges": 71, "potts/edge_density": 0.6761904761904762, "potts/J_mean_abs": 4.126893520355225, "potts/J_std": 3.7020692825317383, "_timestamp": 1773679437.3789608, "_runtime": 535.0241358280182, "_step": 21, "gt_scores/additive/std": 0.9354941049529601, "gt_scores/additive/min": -6.730696678161621, "gt_scores/additive/pct5": -5.088986277580261, "gt_scores/additive_pairwise/std": 45.88019647883463, "gt_scores/additive_pairwise/min": -398.1709289550781, "gt_scores/additive_pairwise/pct5": -326.4590301513672, "gt_scores/nonlin_additive/std": 0.12695859792178035, "gt_scores/nonlin_additive/min": -0.8594803927815321, "gt_scores/nonlin_additive/pct5": -0.8373509757801759, "gt_scores/nonlin_additive_pairwise/std": 1.1102230246251565e-16, "gt_scores/nonlin_additive_pairwise/min": -0.8642349522941661, "gt_scores/nonlin_additive_pairwise/pct5": -0.8642349522941661, "rho_curated/additive/additive": 0.9999979291839165, "rho_random/additive/additive": 0.9999934028962723, "rho_curated/pairwise/additive": 0.9999757985910239, "rho_random/pairwise/additive": 0.9999531998047597, "rho_curated/additive_GE/additive": 0.9999866797354623, "rho_random/additive_GE/additive": 0.9999646542356925, "rho_curated/pairwise_GE/additive": 0.9997335508372527, "rho_random/pairwise_GE/additive": 0.9995428733104093, "rho_curated/additive/additive_pairwise": 0.938092860896743, "rho_random/additive/additive_pairwise": 0.8992019272019273, "rho_curated/pairwise/additive_pairwise": 0.9999726809909062, "rho_random/pairwise/additive_pairwise": 0.9999539190115845, "rho_curated/additive_GE/additive_pairwise": NaN, "rho_random/additive_GE/additive_pairwise": NaN, "rho_curated/pairwise_GE/additive_pairwise": 0.9995806660071965, "rho_random/pairwise_GE/additive_pairwise": 0.9993445567757822, "rho_curated/additive/nonlin_additive": 0.9952735673690144, "rho_random/additive/nonlin_additive": 0.9942340092853811, "rho_curated/pairwise/nonlin_additive": 0.9991380117892308, "rho_random/pairwise/nonlin_additive": 0.9974750236758214, "rho_curated/additive_GE/nonlin_additive": 0.9999847125753833, "rho_random/additive_GE/nonlin_additive": 0.9999849623999497, "rho_curated/pairwise_GE/nonlin_additive": 0.9997088775642504, "rho_random/pairwise_GE/nonlin_additive": 0.9997255806305061, "rho_curated/additive/nonlin_additive_pairwise": NaN, "rho_random/additive/nonlin_additive_pairwise": NaN, "rho_curated/pairwise/nonlin_additive_pairwise": NaN, "rho_random/pairwise/nonlin_additive_pairwise": NaN, "rho_curated/additive_GE/nonlin_additive_pairwise": NaN, "rho_random/additive_GE/nonlin_additive_pairwise": NaN, "rho_curated/pairwise_GE/nonlin_additive_pairwise": NaN, "rho_random/pairwise_GE/nonlin_additive_pairwise": NaN, "rho_curated_mean": 0.9937677577763983, "rho_random_mean": 0.9899431008389169, "_wandb": {"runtime": 534}}