{"potts/n_edges": 166, "potts/edge_density": 0.8736842105263158, "potts/J_mean_abs": 3.817033290863037, "potts/J_std": 3.6602020263671875, "_timestamp": 1773700783.8974333, "_runtime": 455.94756531715393, "_step": 21, "gt_scores/additive/std": 1.426379881017352, "gt_scores/additive/min": -10.008467674255371, "gt_scores/additive/pct5": -7.166622185707093, "gt_scores/additive_pairwise/std": 88.21407200688105, "gt_scores/additive_pairwise/min": -604.6705932617188, "gt_scores/additive_pairwise/pct5": -436.33294677734375, "gt_scores/nonlin_additive/std": 0.13946177757028871, "gt_scores/nonlin_additive/min": -0.8313426784103302, "gt_scores/nonlin_additive/pct5": -0.8034810610065, "gt_scores/nonlin_additive_pairwise/std": 2.5466977119558427e-16, "gt_scores/nonlin_additive_pairwise/min": -0.8358896588447285, "gt_scores/nonlin_additive_pairwise/pct5": -0.8358896588447285, "rho_curated/additive/additive": 0.9999973271678929, "rho_random/additive/additive": 0.9999921754891815, "rho_curated/pairwise/additive": 0.9999428191577113, "rho_random/pairwise/additive": 0.9998675120701584, "rho_curated/additive_GE/additive": NaN, "rho_random/additive_GE/additive": NaN, "rho_curated/pairwise_GE/additive": 0.9901591680301306, "rho_random/pairwise_GE/additive": 0.9809287283000908, "rho_curated/additive/additive_pairwise": 0.9722760526643806, "rho_random/additive/additive_pairwise": 0.9548621760352922, "rho_curated/pairwise/additive_pairwise": 0.9999320795892783, "rho_random/pairwise/additive_pairwise": 0.9998888418710294, "rho_curated/additive_GE/additive_pairwise": 0.9726834162020254, "rho_random/additive_GE/additive_pairwise": 0.9533793575233763, "rho_curated/pairwise_GE/additive_pairwise": 0.9989468123738218, "rho_random/pairwise_GE/additive_pairwise": 0.9983230469833823, "rho_curated/additive/nonlin_additive": 0.9961966610237752, "rho_random/additive/nonlin_additive": 0.9947355353640118, "rho_curated/pairwise/nonlin_additive": 0.9982589554982747, "rho_random/pairwise/nonlin_additive": 0.9967685802377032, "rho_curated/additive_GE/nonlin_additive": 0.9999888993275555, "rho_random/additive_GE/nonlin_additive": 0.9999847172492888, "rho_curated/pairwise_GE/nonlin_additive": 0.9984547585461164, "rho_random/pairwise_GE/nonlin_additive": 0.9983633408108716, "rho_curated/additive/nonlin_additive_pairwise": NaN, "rho_random/additive/nonlin_additive_pairwise": NaN, "rho_curated/pairwise/nonlin_additive_pairwise": NaN, "rho_random/pairwise/nonlin_additive_pairwise": NaN, "rho_curated/additive_GE/nonlin_additive_pairwise": NaN, "rho_random/additive_GE/nonlin_additive_pairwise": NaN, "rho_curated/pairwise_GE/nonlin_additive_pairwise": NaN, "rho_random/pairwise_GE/nonlin_additive_pairwise": NaN, "rho_curated_mean": 0.9933488135982693, "rho_random_mean": 0.9888267283576716, "_wandb": {"runtime": 455}}