{"potts/n_edges": 241, "potts/edge_density": 0.8033333333333333, "potts/J_mean_abs": 4.1513166427612305, "potts/J_std": 3.4823696613311768, "_timestamp": 1773650959.3066168, "_runtime": 533.8866226673126, "_step": 21, "gt_scores/additive/std": 1.0845397655127298, "gt_scores/additive/min": -7.869518280029297, "gt_scores/additive/pct5": -4.928722500801086, "gt_scores/additive_pairwise/std": 75.91636036323366, "gt_scores/additive_pairwise/min": -640.7406005859375, "gt_scores/additive_pairwise/pct5": -284.55309295654297, "gt_scores/nonlin_additive/std": 0.1521633644541054, "gt_scores/nonlin_additive/min": -0.7983750201741924, "gt_scores/nonlin_additive/pct5": -0.7601459147927325, "gt_scores/nonlin_additive_pairwise/std": 0.009576899533826897, "gt_scores/nonlin_additive_pairwise/min": -0.8012119156418135, "gt_scores/nonlin_additive_pairwise/pct5": -0.8012119156418135, "rho_curated/additive/additive": 0.9999975739359027, "rho_random/additive/additive": 0.9999918344674082, "rho_curated/pairwise/additive": 0.9997362336534492, "rho_random/pairwise/additive": 0.9995023609207139, "rho_curated/additive_GE/additive": 0.999973662182946, "rho_random/additive_GE/additive": 0.999946405630878, "rho_curated/pairwise_GE/additive": 0.9816115830471394, "rho_random/pairwise_GE/additive": 0.971795304641144, "rho_curated/additive/additive_pairwise": 0.9750102875752122, "rho_random/additive/additive_pairwise": 0.9559054338728432, "rho_curated/pairwise/additive_pairwise": 0.9988085119123119, "rho_random/pairwise/additive_pairwise": 0.9979866259866261, "rho_curated/additive_GE/additive_pairwise": 0.9753162037314634, "rho_random/additive_GE/additive_pairwise": 0.9578871925525243, "rho_curated/pairwise_GE/additive_pairwise": 0.9815209517710642, "rho_random/pairwise_GE/additive_pairwise": 0.9712862138168712, "rho_curated/additive/nonlin_additive": 0.9976674584344742, "rho_random/additive/nonlin_additive": 0.9970258203180193, "rho_curated/pairwise/nonlin_additive": 0.9960836553388764, "rho_random/pairwise/nonlin_additive": 0.9922593415058344, "rho_curated/additive_GE/nonlin_additive": 0.9999878747675138, "rho_random/additive_GE/nonlin_additive": 0.9999841620603729, "rho_curated/pairwise_GE/nonlin_additive": 0.9912079672552638, "rho_random/pairwise_GE/nonlin_additive": 0.9884713412502445, "rho_curated/additive/nonlin_additive_pairwise": NaN, "rho_random/additive/nonlin_additive_pairwise": 0.18961293924680042, "rho_curated/pairwise/nonlin_additive_pairwise": NaN, "rho_random/pairwise/nonlin_additive_pairwise": 0.17457953448973432, "rho_curated/additive_GE/nonlin_additive_pairwise": NaN, "rho_random/additive_GE/nonlin_additive_pairwise": 0.04088648967364637, "rho_curated/pairwise_GE/nonlin_additive_pairwise": NaN, "rho_random/pairwise_GE/nonlin_additive_pairwise": 0.18091888282776325, "rho_curated_mean": 0.9914101636338016, "rho_random_mean": 0.7761274927038391, "_wandb": {"runtime": 533}}