{"potts/n_edges": 275, "potts/edge_density": 0.9166666666666666, "potts/J_mean_abs": 3.8213343620300293, "potts/J_std": 3.207284927368164, "_timestamp": 1773411192.1408143, "_runtime": 404.5395703315735, "_step": 21, "gt_scores/additive/std": 1.1692382790629163, "gt_scores/additive/min": -8.865388870239258, "gt_scores/additive/pct5": -6.260699653625488, "gt_scores/additive_pairwise/std": 112.50784355103772, "gt_scores/additive_pairwise/min": -817.2138061523438, "gt_scores/additive_pairwise/pct5": -498.74483184814454, "gt_scores/nonlin_additive/std": 0.1299774051589443, "gt_scores/nonlin_additive/min": -0.8570875160669313, "gt_scores/nonlin_additive/pct5": -0.8319475404672109, "gt_scores/nonlin_additive_pairwise/std": 4.312525199766205e-10, "gt_scores/nonlin_additive_pairwise/min": -0.8602126915025169, "gt_scores/nonlin_additive_pairwise/pct5": -0.8602126915025169, "rho_curated/additive/additive": 0.9999970848158832, "rho_random/additive/additive": 0.9999921268483302, "rho_curated/pairwise/additive": 0.9997629187265055, "rho_random/pairwise/additive": 0.9995905179857848, "rho_curated/additive_GE/additive": 0.99998551537542, "rho_random/additive_GE/additive": 0.9999655497920623, "rho_curated/pairwise_GE/additive": 0.9784275488800668, "rho_random/pairwise_GE/additive": 0.964811112995768, "rho_curated/additive/additive_pairwise": 0.9826175594327022, "rho_random/additive/additive_pairwise": 0.9703242385331092, "rho_curated/pairwise/additive_pairwise": 0.9994257743210172, "rho_random/pairwise/additive_pairwise": 0.9990169046863088, "rho_curated/additive_GE/additive_pairwise": 0.9827137975873073, "rho_random/additive_GE/additive_pairwise": 0.9726340669693946, "rho_curated/pairwise_GE/additive_pairwise": 0.9766849453628382, "rho_random/pairwise_GE/additive_pairwise": 0.963009902164832, "rho_curated/additive/nonlin_additive": 0.995925050900122, "rho_random/additive/nonlin_additive": 0.9962614319200713, "rho_curated/pairwise/nonlin_additive": 0.9934210869998962, "rho_random/pairwise/nonlin_additive": 0.9848269490172212, "rho_curated/additive_GE/nonlin_additive": 0.9999868962154742, "rho_random/additive_GE/nonlin_additive": 0.9999861751709348, "rho_curated/pairwise_GE/nonlin_additive": 0.9886573477129328, "rho_random/pairwise_GE/nonlin_additive": 0.9879095919095919, "rho_curated/additive/nonlin_additive_pairwise": NaN, "rho_random/additive/nonlin_additive_pairwise": NaN, "rho_curated/pairwise/nonlin_additive_pairwise": NaN, "rho_random/pairwise/nonlin_additive_pairwise": NaN, "rho_curated/additive_GE/nonlin_additive_pairwise": NaN, "rho_random/additive_GE/nonlin_additive_pairwise": NaN, "rho_curated/pairwise_GE/nonlin_additive_pairwise": NaN, "rho_random/pairwise_GE/nonlin_additive_pairwise": NaN, "rho_curated_mean": 0.9914671271941805, "rho_random_mean": 0.9865273806661176, "_wandb": {"runtime": 404}}