{"potts/n_edges": 96, "potts/edge_density": 0.9142857142857143, "potts/J_mean_abs": 2.0423734188079834, "potts/J_std": 1.608188509941101, "_timestamp": 1773711367.569781, "_runtime": 537.0786781311035, "_step": 21, "gt_scores/additive/std": 0.9557475539592777, "gt_scores/additive/min": -7.033940315246582, "gt_scores/additive/pct5": -5.159853672981262, "gt_scores/additive_pairwise/std": 26.52062438729206, "gt_scores/additive_pairwise/min": -227.32215881347656, "gt_scores/additive_pairwise/pct5": -194.0654754638672, "gt_scores/nonlin_additive/std": 0.1307311439252841, "gt_scores/nonlin_additive/min": -0.8613129322410867, "gt_scores/nonlin_additive/pct5": -0.8371371284084792, "gt_scores/nonlin_additive_pairwise/std": 1.1102230246251565e-16, "gt_scores/nonlin_additive_pairwise/min": -0.8653877661321029, "gt_scores/nonlin_additive_pairwise/pct5": -0.8653877661321029, "rho_curated/additive/additive": 0.9999984898479396, "rho_random/additive/additive": 0.9999932879367152, "rho_curated/pairwise/additive": 0.9999775968391034, "rho_random/pairwise/additive": 0.9999560810936989, "rho_curated/additive_GE/additive": 0.9999926519917054, "rho_random/additive_GE/additive": 0.9999778061201842, "rho_curated/pairwise_GE/additive": 0.9997169420446573, "rho_random/pairwise_GE/additive": 0.999510686664839, "rho_curated/additive/additive_pairwise": 0.9426034182933816, "rho_random/additive/additive_pairwise": 0.9122469546405034, "rho_curated/pairwise/additive_pairwise": 0.9999687207267466, "rho_random/pairwise/additive_pairwise": 0.9999391635134297, "rho_curated/additive_GE/additive_pairwise": 0.9424860857193024, "rho_random/additive_GE/additive_pairwise": 0.9283196548146134, "rho_curated/pairwise_GE/additive_pairwise": 0.9996501238580049, "rho_random/pairwise_GE/additive_pairwise": 0.9993744591069221, "rho_curated/additive/nonlin_additive": 0.9959124850758128, "rho_random/additive/nonlin_additive": 0.9967233359123092, "rho_curated/pairwise/nonlin_additive": 0.9991855711033445, "rho_random/pairwise/nonlin_additive": 0.9969836978759614, "rho_curated/additive_GE/nonlin_additive": 0.9999890306555597, "rho_random/additive_GE/nonlin_additive": 0.9999891217010912, "rho_curated/pairwise_GE/nonlin_additive": 0.9996905078195981, "rho_random/pairwise_GE/nonlin_additive": 0.999726816376073, "rho_curated/additive/nonlin_additive_pairwise": NaN, "rho_random/additive/nonlin_additive_pairwise": NaN, "rho_curated/pairwise/nonlin_additive_pairwise": NaN, "rho_random/pairwise/nonlin_additive_pairwise": NaN, "rho_curated/additive_GE/nonlin_additive_pairwise": NaN, "rho_random/additive_GE/nonlin_additive_pairwise": NaN, "rho_curated/pairwise_GE/nonlin_additive_pairwise": NaN, "rho_random/pairwise_GE/nonlin_additive_pairwise": NaN, "rho_curated_mean": 0.9899309686645964, "rho_random_mean": 0.9860617554796951, "_wandb": {"runtime": 536}}