{"potts/n_edges": 4299, "potts/edge_density": 0.8684848484848485, "potts/J_mean_abs": 4.056487083435059, "potts/J_std": 3.1655807495117188, "_timestamp": 1773536465.1943073, "_runtime": 621.6856043338776, "_step": 21, "gt_scores/additive/std": 0.8552700147205357, "gt_scores/additive/min": -5.869731426239014, "gt_scores/additive/pct5": -2.807101261615753, "gt_scores/additive_pairwise/std": 24.211023334673893, "gt_scores/additive_pairwise/min": -244.3203125, "gt_scores/additive_pairwise/pct5": -69.02503929138183, "gt_scores/nonlin_additive/std": 0.18076503425587506, "gt_scores/nonlin_additive/min": -0.6729526546600073, "gt_scores/nonlin_additive/pct5": -0.6027404348736587, "gt_scores/nonlin_additive_pairwise/std": 0.2076385991563354, "gt_scores/nonlin_additive_pairwise/min": -0.6751210954863314, "gt_scores/nonlin_additive_pairwise/pct5": -0.6751210954863314, "rho_curated/additive/additive": 0.9999928343891281, "rho_random/additive/additive": 0.9999813142033138, "rho_curated/pairwise/additive": 0.9997114561870237, "rho_random/pairwise/additive": 0.9997469191308938, "rho_curated/additive_GE/additive": 0.9999170658063985, "rho_random/additive_GE/additive": 0.9998357288663113, "rho_curated/pairwise_GE/additive": 0.9987086754202831, "rho_random/pairwise_GE/additive": 0.9977793874357892, "rho_curated/additive/additive_pairwise": 0.8946235598734066, "rho_random/additive/additive_pairwise": 0.8900652624710432, "rho_curated/pairwise/additive_pairwise": 0.8916844404818355, "rho_random/pairwise/additive_pairwise": 0.8906127477610922, "rho_curated/additive_GE/additive_pairwise": 0.9053137772806776, "rho_random/additive_GE/additive_pairwise": 0.8970925930165243, "rho_curated/pairwise_GE/additive_pairwise": 0.8945247460611243, "rho_random/pairwise_GE/additive_pairwise": 0.8980494323134015, "rho_curated/additive/nonlin_additive": 0.9938815745418943, "rho_random/additive/nonlin_additive": 0.9921074140990723, "rho_curated/pairwise/nonlin_additive": 0.9969106089698028, "rho_random/pairwise/nonlin_additive": 0.9960708178213574, "rho_curated/additive_GE/nonlin_additive": 0.999791405681345, "rho_random/additive_GE/nonlin_additive": 0.9996613890094213, "rho_curated/pairwise_GE/nonlin_additive": 0.998947998017338, "rho_random/pairwise_GE/nonlin_additive": 0.9982028370907202, "rho_curated/additive/nonlin_additive_pairwise": 0.4915116150188844, "rho_random/additive/nonlin_additive_pairwise": 0.7383771976335006, "rho_curated/pairwise/nonlin_additive_pairwise": 0.5218953891971922, "rho_random/pairwise/nonlin_additive_pairwise": 0.7590630128813858, "rho_curated/additive_GE/nonlin_additive_pairwise": 0.4974204423174254, "rho_random/additive_GE/nonlin_additive_pairwise": 0.7635780564565393, "rho_curated/pairwise_GE/nonlin_additive_pairwise": 0.4908639556855989, "rho_random/pairwise_GE/nonlin_additive_pairwise": 0.7451437767813566, "rho_curated_mean": 0.8484812215580848, "rho_random_mean": 0.9103354929357328, "_wandb": {"runtime": 621}}