{"potts/n_edges": 138, "potts/edge_density": 0.7263157894736842, "potts/J_mean_abs": 3.9557759761810303, "potts/J_std": 3.0411934852600098, "_timestamp": 1773406721.5471284, "_runtime": 521.3009314537048, "_step": 21, "gt_scores/additive/std": 1.2097035595556864, "gt_scores/additive/min": -8.994394302368164, "gt_scores/additive/pct5": -6.638693571090698, "gt_scores/additive_pairwise/std": 83.58901589684126, "gt_scores/additive_pairwise/min": -582.7509155273438, "gt_scores/additive_pairwise/pct5": -411.28681030273435, "gt_scores/nonlin_additive/std": 0.12780147869164835, "gt_scores/nonlin_additive/min": -0.8633649983358815, "gt_scores/nonlin_additive/pct5": -0.8409005929909275, "gt_scores/nonlin_additive_pairwise/std": 1.3074260873949166e-16, "gt_scores/nonlin_additive_pairwise/min": -0.8672038070001775, "gt_scores/nonlin_additive_pairwise/pct5": -0.8672038070001775, "rho_curated/additive/additive": 0.9999975590079023, "rho_random/additive/additive": 0.9999911822602281, "rho_curated/pairwise/additive": 0.9999339718693587, "rho_random/pairwise/additive": 0.9998778604824975, "rho_curated/additive_GE/additive": 0.999970029278801, "rho_random/additive_GE/additive": 0.9999303196506638, "rho_curated/pairwise_GE/additive": 0.9992310971852437, "rho_random/pairwise_GE/additive": 0.9986111516347304, "rho_curated/additive/additive_pairwise": 0.9819906692551945, "rho_random/additive/additive_pairwise": 0.9723154311939872, "rho_curated/pairwise/additive_pairwise": 0.9999451287738012, "rho_random/pairwise/additive_pairwise": 0.9998934337891346, "rho_curated/additive_GE/additive_pairwise": 0.9821691515259103, "rho_random/additive_GE/additive_pairwise": 0.9690545522672038, "rho_curated/pairwise_GE/additive_pairwise": 0.9987159944285783, "rho_random/pairwise_GE/additive_pairwise": 0.9981011779346657, "rho_curated/additive/nonlin_additive": 0.9962333471609724, "rho_random/additive/nonlin_additive": 0.9963993633761998, "rho_curated/pairwise/nonlin_additive": 0.9982959820517167, "rho_random/pairwise/nonlin_additive": 0.9933352690156146, "rho_curated/additive_GE/nonlin_additive": 0.9999904146396162, "rho_random/additive_GE/nonlin_additive": 0.9999876696141206, "rho_curated/pairwise_GE/nonlin_additive": 0.9983564431421393, "rho_random/pairwise_GE/nonlin_additive": 0.9983331730448878, "rho_curated/additive/nonlin_additive_pairwise": NaN, "rho_random/additive/nonlin_additive_pairwise": NaN, "rho_curated/pairwise/nonlin_additive_pairwise": NaN, "rho_random/pairwise/nonlin_additive_pairwise": NaN, "rho_curated/additive_GE/nonlin_additive_pairwise": NaN, "rho_random/additive_GE/nonlin_additive_pairwise": NaN, "rho_curated/pairwise_GE/nonlin_additive_pairwise": NaN, "rho_random/pairwise_GE/nonlin_additive_pairwise": NaN, "rho_curated_mean": 0.9962358156932695, "rho_random_mean": 0.9938192153553279, "_wandb": {"runtime": 520}}