{"potts/n_edges": 86, "potts/edge_density": 0.819047619047619, "potts/J_mean_abs": 3.161654233932495, "potts/J_std": 2.632525682449341, "_timestamp": 1773464550.4703562, "_runtime": 527.8121042251587, "_step": 21, "gt_scores/additive/std": 0.7770162874764199, "gt_scores/additive/min": -5.525506973266602, "gt_scores/additive/pct5": -4.092422103881836, "gt_scores/additive_pairwise/std": 35.95094199803041, "gt_scores/additive_pairwise/min": -308.298583984375, "gt_scores/additive_pairwise/pct5": -258.7614379882813, "gt_scores/nonlin_additive/std": 0.13179785214960515, "gt_scores/nonlin_additive/min": -0.851066460422529, "gt_scores/nonlin_additive/pct5": -0.8261551473383105, "gt_scores/nonlin_additive_pairwise/std": 2.220446049250313e-16, "gt_scores/nonlin_additive_pairwise/min": -0.8558889585984598, "gt_scores/nonlin_additive_pairwise/pct5": -0.8558889585984598, "rho_curated/additive/additive": 0.9999985349199413, "rho_random/additive/additive": 0.999995484260946, "rho_curated/pairwise/additive": 0.9999789933751578, "rho_random/pairwise/additive": 0.9999533439533441, "rho_curated/additive_GE/additive": 0.9999826629993053, "rho_random/additive_GE/additive": 0.9999483663786962, "rho_curated/pairwise_GE/additive": 0.999664901258572, "rho_random/pairwise_GE/additive": 0.9994286681808289, "rho_curated/additive/additive_pairwise": 0.9296340600746071, "rho_random/additive/additive_pairwise": 0.8839829522439917, "rho_curated/pairwise/additive_pairwise": 0.999965919998635, "rho_random/pairwise/additive_pairwise": 0.9999276292947118, "rho_curated/additive_GE/additive_pairwise": 0.9299713894034941, "rho_random/additive_GE/additive_pairwise": 0.8742917701086264, "rho_curated/pairwise_GE/additive_pairwise": 0.9996850710273725, "rho_random/pairwise_GE/additive_pairwise": 0.9995884872333404, "rho_curated/additive/nonlin_additive": 0.9971488211016789, "rho_random/additive/nonlin_additive": 0.9976190559377249, "rho_curated/pairwise/nonlin_additive": 0.9993434765416918, "rho_random/pairwise/nonlin_additive": 0.9979214052536807, "rho_curated/additive_GE/nonlin_additive": 0.9999919927356787, "rho_random/additive_GE/nonlin_additive": 0.9999879961799285, "rho_curated/pairwise_GE/nonlin_additive": 0.9997458088858079, "rho_random/pairwise_GE/nonlin_additive": 0.9997092908351455, "rho_curated/additive/nonlin_additive_pairwise": NaN, "rho_random/additive/nonlin_additive_pairwise": NaN, "rho_curated/pairwise/nonlin_additive_pairwise": NaN, "rho_random/pairwise/nonlin_additive_pairwise": NaN, "rho_curated/additive_GE/nonlin_additive_pairwise": NaN, "rho_random/additive_GE/nonlin_additive_pairwise": NaN, "rho_curated/pairwise_GE/nonlin_additive_pairwise": NaN, "rho_random/pairwise_GE/nonlin_additive_pairwise": NaN, "rho_curated_mean": 0.9879259693601616, "rho_random_mean": 0.9793628708217472, "_wandb": {"runtime": 527}}