{"potts/n_edges": 250, "potts/edge_density": 0.8333333333333334, "potts/J_mean_abs": 1.9442591667175293, "potts/J_std": 1.5505366325378418, "_timestamp": 1773619052.9356544, "_runtime": 610.4076013565063, "_step": 21, "gt_scores/additive/std": 1.1398200883094438, "gt_scores/additive/min": -9.020009994506836, "gt_scores/additive/pct5": -6.03385751247406, "gt_scores/additive_pairwise/std": 50.20109028299517, "gt_scores/additive_pairwise/min": -343.747314453125, "gt_scores/additive_pairwise/pct5": -224.9212989807129, "gt_scores/nonlin_additive/std": 0.13291535666614748, "gt_scores/nonlin_additive/min": -0.8512857583768847, "gt_scores/nonlin_additive/pct5": -0.8249976913530378, "gt_scores/nonlin_additive_pairwise/std": 2.562834971610083e-07, "gt_scores/nonlin_additive_pairwise/min": -0.853410595172368, "gt_scores/nonlin_additive_pairwise/pct5": -0.853410595172368, "rho_curated/additive/additive": 0.9999972468158899, "rho_random/additive/additive": 0.9999913183261988, "rho_curated/pairwise/additive": 0.9997286198691383, "rho_random/pairwise/additive": 0.9994126308161894, "rho_curated/additive_GE/additive": 0.9999804239672162, "rho_random/additive_GE/additive": 0.9999589528169804, "rho_curated/pairwise_GE/additive": 0.9831723475812787, "rho_random/pairwise_GE/additive": 0.9692559495343239, "rho_curated/additive/additive_pairwise": 0.981686256338571, "rho_random/additive/additive_pairwise": 0.9690810188213973, "rho_curated/pairwise/additive_pairwise": 0.999231995313206, "rho_random/pairwise/additive_pairwise": 0.9987350844797704, "rho_curated/additive_GE/additive_pairwise": 0.981786534582587, "rho_random/additive_GE/additive_pairwise": 0.9696621350720426, "rho_curated/pairwise_GE/additive_pairwise": 0.9736517143601714, "rho_random/pairwise_GE/additive_pairwise": 0.9651897064225979, "rho_curated/additive/nonlin_additive": 0.9962503023938322, "rho_random/additive/nonlin_additive": 0.9968284028788852, "rho_curated/pairwise/nonlin_additive": 0.9942271469525318, "rho_random/pairwise/nonlin_additive": 0.985516037529149, "rho_curated/additive_GE/nonlin_additive": 0.9999895019435792, "rho_random/additive_GE/nonlin_additive": 0.9999858468038921, "rho_curated/pairwise_GE/nonlin_additive": 0.9893415687091512, "rho_random/pairwise_GE/nonlin_additive": 0.9883611299346805, "rho_curated/additive/nonlin_additive_pairwise": NaN, "rho_random/additive/nonlin_additive_pairwise": NaN, "rho_curated/pairwise/nonlin_additive_pairwise": NaN, "rho_random/pairwise/nonlin_additive_pairwise": NaN, "rho_curated/additive_GE/nonlin_additive_pairwise": NaN, "rho_random/additive_GE/nonlin_additive_pairwise": NaN, "rho_curated/pairwise_GE/nonlin_additive_pairwise": NaN, "rho_random/pairwise_GE/nonlin_additive_pairwise": -0.0010183299389002038, "rho_curated_mean": 0.9915869715689295, "rho_random_mean": 0.9108430679613236, "_wandb": {"runtime": 610}}