{"potts/n_edges": 74, "potts/edge_density": 0.7047619047619048, "potts/J_mean_abs": 3.4056668281555176, "potts/J_std": 2.704044818878174, "_timestamp": 1773539257.8625803, "_runtime": 556.46932721138, "_step": 21, "gt_scores/additive/std": 0.9354941049529601, "gt_scores/additive/min": -6.730696678161621, "gt_scores/additive/pct5": -5.088986277580261, "gt_scores/additive_pairwise/std": 35.59593817771405, "gt_scores/additive_pairwise/min": -316.12139892578125, "gt_scores/additive_pairwise/pct5": -267.2277496337891, "gt_scores/nonlin_additive/std": 0.12695859792178035, "gt_scores/nonlin_additive/min": -0.8594803927815321, "gt_scores/nonlin_additive/pct5": -0.8373509757801759, "gt_scores/nonlin_additive_pairwise/std": 1.1102230246251565e-16, "gt_scores/nonlin_additive_pairwise/min": -0.8642349522941661, "gt_scores/nonlin_additive_pairwise/pct5": -0.8642349522941661, "rho_curated/additive/additive": 0.9999978051279118, "rho_random/additive/additive": 0.9999940073171582, "rho_curated/pairwise/additive": 0.9999724010548896, "rho_random/pairwise/additive": 0.9999484557887754, "rho_curated/additive_GE/additive": 0.9999836868153443, "rho_random/additive_GE/additive": 0.9999625226205988, "rho_curated/pairwise_GE/additive": 0.9997393232455166, "rho_random/pairwise_GE/additive": 0.9994946288974343, "rho_curated/additive/additive_pairwise": 0.9335142075646118, "rho_random/additive/additive_pairwise": 0.8856673552062703, "rho_curated/pairwise/additive_pairwise": 0.9999627405265007, "rho_random/pairwise/additive_pairwise": 0.9999325359325361, "rho_curated/additive_GE/additive_pairwise": 0.9328286642186376, "rho_random/additive_GE/additive_pairwise": 0.886664993287284, "rho_curated/pairwise_GE/additive_pairwise": 0.9996262089609765, "rho_random/pairwise_GE/additive_pairwise": 0.9994663408393951, "rho_curated/additive/nonlin_additive": 0.9958184708543302, "rho_random/additive/nonlin_additive": 0.9951793359324287, "rho_curated/pairwise/nonlin_additive": 0.9990388351690229, "rho_random/pairwise/nonlin_additive": 0.9973999239001284, "rho_curated/additive_GE/nonlin_additive": 0.999979227015157, "rho_random/additive_GE/nonlin_additive": 0.9999805182692347, "rho_curated/pairwise_GE/nonlin_additive": 0.9996110777522285, "rho_random/pairwise_GE/nonlin_additive": 0.9996834856327571, "rho_curated/additive/nonlin_additive_pairwise": NaN, "rho_random/additive/nonlin_additive_pairwise": NaN, "rho_curated/pairwise/nonlin_additive_pairwise": NaN, "rho_random/pairwise/nonlin_additive_pairwise": NaN, "rho_curated/additive_GE/nonlin_additive_pairwise": NaN, "rho_random/additive_GE/nonlin_additive_pairwise": NaN, "rho_curated/pairwise_GE/nonlin_additive_pairwise": NaN, "rho_random/pairwise_GE/nonlin_additive_pairwise": NaN, "rho_curated_mean": 0.9883393873587606, "rho_random_mean": 0.9802811753019999, "_wandb": {"runtime": 556}}