{"potts/n_edges": 286, "potts/edge_density": 0.6574712643678161, "potts/J_mean_abs": 4.0283331871032715, "potts/J_std": 3.322563648223877, "_timestamp": 1773697737.8067248, "_runtime": 396.0292568206787, "_step": 21, "gt_scores/additive/std": 1.1925536417782636, "gt_scores/additive/min": -9.211626052856445, "gt_scores/additive/pct5": -6.01135892868042, "gt_scores/additive_pairwise/std": 100.19840704636391, "gt_scores/additive_pairwise/min": -696.065673828125, "gt_scores/additive_pairwise/pct5": -427.37087097167966, "gt_scores/nonlin_additive/std": 0.1394448448352391, "gt_scores/nonlin_additive/min": -0.8371870805299297, "gt_scores/nonlin_additive/pct5": -0.8067663836145071, "gt_scores/nonlin_additive_pairwise/std": 2.495578880637367e-09, "gt_scores/nonlin_additive_pairwise/min": -0.8394933305681229, "gt_scores/nonlin_additive_pairwise/pct5": -0.8394933305681229, "rho_curated/additive/additive": 0.9999972612878902, "rho_random/additive/additive": 0.9999915378721802, "rho_curated/pairwise/additive": 0.999193498615682, "rho_random/pairwise/additive": 0.9985954994829552, "rho_curated/additive_GE/additive": 0.9999675162867004, "rho_random/additive_GE/additive": 0.9999314420996006, "rho_curated/pairwise_GE/additive": 0.9679245409002118, "rho_random/pairwise_GE/additive": 0.9482413431054749, "rho_curated/additive/additive_pairwise": 0.98026550317862, "rho_random/additive/additive_pairwise": 0.9694989532879297, "rho_curated/pairwise/additive_pairwise": 0.9913053014442119, "rho_random/pairwise/additive_pairwise": 0.9847990571983968, "rho_curated/additive_GE/additive_pairwise": 0.9805422878212245, "rho_random/additive_GE/additive_pairwise": 0.9674450454239079, "rho_curated/pairwise_GE/additive_pairwise": 0.9536364375694574, "rho_random/pairwise_GE/additive_pairwise": 0.9385302533458441, "rho_curated/additive/nonlin_additive": 0.9970175665365596, "rho_random/additive/nonlin_additive": 0.9967844723027681, "rho_curated/pairwise/nonlin_additive": 0.9887194862125088, "rho_random/pairwise/nonlin_additive": 0.9789928133156237, "rho_curated/additive_GE/nonlin_additive": 0.9999768813270742, "rho_random/additive_GE/nonlin_additive": 0.9999688192428138, "rho_curated/pairwise_GE/nonlin_additive": 0.9813105315950756, "rho_random/pairwise_GE/nonlin_additive": 0.977357470510196, "rho_curated/additive/nonlin_additive_pairwise": NaN, "rho_random/additive/nonlin_additive_pairwise": NaN, "rho_curated/pairwise/nonlin_additive_pairwise": NaN, "rho_random/pairwise/nonlin_additive_pairwise": NaN, "rho_curated/additive_GE/nonlin_additive_pairwise": NaN, "rho_random/additive_GE/nonlin_additive_pairwise": NaN, "rho_curated/pairwise_GE/nonlin_additive_pairwise": NaN, "rho_random/pairwise_GE/nonlin_additive_pairwise": NaN, "rho_curated_mean": 0.9866547343979347, "rho_random_mean": 0.9800113922656409, "_wandb": {"runtime": 395}}