{"potts/n_edges": 266, "potts/edge_density": 0.8866666666666667, "potts/J_mean_abs": 3.29944109916687, "potts/J_std": 2.633138656616211, "_timestamp": 1773645787.798547, "_runtime": 413.10486912727356, "_step": 21, "gt_scores/additive/std": 1.4607008917297066, "gt_scores/additive/min": -10.880603790283203, "gt_scores/additive/pct5": -7.648485493659973, "gt_scores/additive_pairwise/std": 99.95277882170717, "gt_scores/additive_pairwise/min": -691.8169555664062, "gt_scores/additive_pairwise/pct5": -452.4462097167969, "gt_scores/nonlin_additive/std": 0.1329364744996366, "gt_scores/nonlin_additive/min": -0.8491222741790089, "gt_scores/nonlin_additive/pct5": -0.8226467537292117, "gt_scores/nonlin_additive_pairwise/std": 3.293348709129787e-09, "gt_scores/nonlin_additive_pairwise/min": -0.8524745773399738, "gt_scores/nonlin_additive_pairwise/pct5": -0.8524745773399738, "rho_curated/additive/additive": 0.9999975008318999, "rho_random/additive/additive": 0.9999909741182842, "rho_curated/pairwise/additive": 0.9997732570149193, "rho_random/pairwise/additive": 0.9995118234457848, "rho_curated/additive_GE/additive": 0.9999679468947132, "rho_random/additive_GE/additive": 0.99993080100081, "rho_curated/pairwise_GE/additive": 0.9801064640513036, "rho_random/pairwise_GE/additive": 0.9649894613305453, "rho_curated/additive/additive_pairwise": 0.9864060482159157, "rho_random/additive/additive_pairwise": 0.9775573280693526, "rho_curated/pairwise/additive_pairwise": 0.9995126743165068, "rho_random/pairwise/additive_pairwise": 0.9991280588356743, "rho_curated/additive_GE/additive_pairwise": 0.986363303902532, "rho_random/additive_GE/additive_pairwise": 0.9780719378621081, "rho_curated/pairwise_GE/additive_pairwise": 0.9787271663810866, "rho_random/pairwise_GE/additive_pairwise": 0.967465243875975, "rho_curated/additive/nonlin_additive": 0.9969451062135107, "rho_random/additive/nonlin_additive": 0.9969980785532117, "rho_curated/pairwise/nonlin_additive": 0.9947571717339093, "rho_random/pairwise/nonlin_additive": 0.9863822915526149, "rho_curated/additive_GE/nonlin_additive": 0.9999854618314167, "rho_random/additive_GE/nonlin_additive": 0.9999840876492359, "rho_curated/pairwise_GE/nonlin_additive": 0.9897831314788348, "rho_random/pairwise_GE/nonlin_additive": 0.988918268683017, "rho_curated/additive/nonlin_additive_pairwise": NaN, "rho_random/additive/nonlin_additive_pairwise": NaN, "rho_curated/pairwise/nonlin_additive_pairwise": NaN, "rho_random/pairwise/nonlin_additive_pairwise": NaN, "rho_curated/additive_GE/nonlin_additive_pairwise": NaN, "rho_random/additive_GE/nonlin_additive_pairwise": NaN, "rho_curated/pairwise_GE/nonlin_additive_pairwise": NaN, "rho_random/pairwise_GE/nonlin_additive_pairwise": NaN, "rho_curated_mean": 0.9926937694055455, "rho_random_mean": 0.9882440295813845, "_wandb": {"runtime": 412}}