{"potts/n_edges": 86, "potts/edge_density": 0.819047619047619, "potts/J_mean_abs": 3.2571983337402344, "potts/J_std": 2.5189106464385986, "_timestamp": 1773476325.5295324, "_runtime": 566.4087874889374, "_step": 21, "gt_scores/additive/std": 0.9354941049529601, "gt_scores/additive/min": -6.730696678161621, "gt_scores/additive/pct5": -5.088986277580261, "gt_scores/additive_pairwise/std": 36.4228414388951, "gt_scores/additive_pairwise/min": -329.4910583496094, "gt_scores/additive_pairwise/pct5": -279.78087005615237, "gt_scores/nonlin_additive/std": 0.12695859792178035, "gt_scores/nonlin_additive/min": -0.8594803927815321, "gt_scores/nonlin_additive/pct5": -0.8373509757801759, "gt_scores/nonlin_additive_pairwise/std": 1.1102230246251565e-16, "gt_scores/nonlin_additive_pairwise/min": -0.8642349522941661, "gt_scores/nonlin_additive_pairwise/pct5": -0.8642349522941661, "rho_curated/additive/additive": 0.9999981595119258, "rho_random/additive/additive": 0.9999946001567, "rho_curated/pairwise/additive": 0.9999739087349463, "rho_random/pairwise/additive": 0.999939790924225, "rho_curated/additive_GE/additive": NaN, "rho_random/additive_GE/additive": NaN, "rho_curated/pairwise_GE/additive": 0.999644077225635, "rho_random/pairwise_GE/additive": 0.9993082518171904, "rho_curated/additive/additive_pairwise": 0.9359159711649486, "rho_random/additive/additive_pairwise": 0.8852204309570091, "rho_curated/pairwise/additive_pairwise": 0.9999716016628627, "rho_random/pairwise/additive_pairwise": 0.9999393878129041, "rho_curated/additive_GE/additive_pairwise": 0.936345864798196, "rho_random/additive_GE/additive_pairwise": 0.8849559064924479, "rho_curated/pairwise_GE/additive_pairwise": 0.9995685500147005, "rho_random/pairwise_GE/additive_pairwise": 0.9994022499104331, "rho_curated/additive/nonlin_additive": 0.9956884208014671, "rho_random/additive/nonlin_additive": 0.9943310580834055, "rho_curated/pairwise/nonlin_additive": 0.9992443807054486, "rho_random/pairwise/nonlin_additive": 0.9956859048956607, "rho_curated/additive_GE/nonlin_additive": 0.9999901884396031, "rho_random/additive_GE/nonlin_additive": 0.999988385092092, "rho_curated/pairwise_GE/nonlin_additive": 0.9995570946940818, "rho_random/pairwise_GE/nonlin_additive": 0.9995792207831449, "rho_curated/additive/nonlin_additive_pairwise": NaN, "rho_random/additive/nonlin_additive_pairwise": NaN, "rho_curated/pairwise/nonlin_additive_pairwise": NaN, "rho_random/pairwise/nonlin_additive_pairwise": NaN, "rho_curated/additive_GE/nonlin_additive_pairwise": NaN, "rho_random/additive_GE/nonlin_additive_pairwise": NaN, "rho_curated/pairwise_GE/nonlin_additive_pairwise": NaN, "rho_random/pairwise_GE/nonlin_additive_pairwise": NaN, "rho_curated_mean": 0.9878089288867106, "rho_random_mean": 0.9780313806295649, "_wandb": {"runtime": 566}}