{"potts/n_edges": 96, "potts/edge_density": 0.9142857142857143, "potts/J_mean_abs": 2.1405131816864014, "potts/J_std": 1.6780188083648682, "_timestamp": 1773360892.3255818, "_runtime": 526.019612789154, "_step": 21, "gt_scores/additive/std": 0.9557475539592777, "gt_scores/additive/min": -7.033940315246582, "gt_scores/additive/pct5": -5.159853672981262, "gt_scores/additive_pairwise/std": 28.563603423215596, "gt_scores/additive_pairwise/min": -248.548828125, "gt_scores/additive_pairwise/pct5": -213.6795753479004, "gt_scores/nonlin_additive/std": 0.1307311439252841, "gt_scores/nonlin_additive/min": -0.8613129322410867, "gt_scores/nonlin_additive/pct5": -0.8371371284084792, "gt_scores/nonlin_additive_pairwise/std": 1.1102230246251565e-16, "gt_scores/nonlin_additive_pairwise/min": -0.8653877661321029, "gt_scores/nonlin_additive_pairwise/pct5": -0.8653877661321029, "rho_curated/additive/additive": 0.9999985609839422, "rho_random/additive/additive": 0.9999948103777023, "rho_curated/pairwise/additive": 0.9999748540469895, "rho_random/pairwise/additive": 0.9999432939865428, "rho_curated/additive_GE/additive": 0.9999880961675214, "rho_random/additive_GE/additive": 0.9999715404015079, "rho_curated/pairwise_GE/additive": 0.9997624371664576, "rho_random/pairwise_GE/additive": 0.9995342854606878, "rho_curated/additive/additive_pairwise": 0.9494617970228331, "rho_random/additive/additive_pairwise": 0.917289530460853, "rho_curated/pairwise/additive_pairwise": 0.9999682651347293, "rho_random/pairwise/additive_pairwise": 0.9999427296651952, "rho_curated/additive_GE/additive_pairwise": 0.9496537203745239, "rho_random/additive_GE/additive_pairwise": 0.9145661661225516, "rho_curated/pairwise_GE/additive_pairwise": 0.9996558508822176, "rho_random/pairwise_GE/additive_pairwise": 0.9995203431218403, "rho_curated/additive/nonlin_additive": 0.9955866823504083, "rho_random/additive/nonlin_additive": 0.996285501463643, "rho_curated/pairwise/nonlin_additive": 0.9991248036288662, "rho_random/pairwise/nonlin_additive": 0.99772822788549, "rho_curated/additive_GE/nonlin_additive": 0.9999939117277554, "rho_random/additive_GE/nonlin_additive": 0.9999923978645524, "rho_curated/pairwise_GE/nonlin_additive": 0.9995816279751547, "rho_random/pairwise_GE/nonlin_additive": 0.9995891088359915, "rho_curated/additive/nonlin_additive_pairwise": NaN, "rho_random/additive/nonlin_additive_pairwise": NaN, "rho_curated/pairwise/nonlin_additive_pairwise": NaN, "rho_random/pairwise/nonlin_additive_pairwise": NaN, "rho_curated/additive_GE/nonlin_additive_pairwise": NaN, "rho_random/additive_GE/nonlin_additive_pairwise": NaN, "rho_curated/pairwise_GE/nonlin_additive_pairwise": NaN, "rho_random/pairwise_GE/nonlin_additive_pairwise": NaN, "rho_curated_mean": 0.9910625506217833, "rho_random_mean": 0.9853631613038797, "_wandb": {"runtime": 525}}