{"potts/n_edges": 259, "potts/edge_density": 0.8633333333333333, "potts/J_mean_abs": 3.3021717071533203, "potts/J_std": 2.856846332550049, "_timestamp": 1773651974.2205374, "_runtime": 417.6792793273926, "_step": 21, "gt_scores/additive/std": 1.1398200883094438, "gt_scores/additive/min": -9.020009994506836, "gt_scores/additive/pct5": -6.03385751247406, "gt_scores/additive_pairwise/std": 92.6105491120158, "gt_scores/additive_pairwise/min": -663.8726196289062, "gt_scores/additive_pairwise/pct5": -416.3446975708008, "gt_scores/nonlin_additive/std": 0.13291535666614748, "gt_scores/nonlin_additive/min": -0.8512857583768847, "gt_scores/nonlin_additive/pct5": -0.8249976913530378, "gt_scores/nonlin_additive_pairwise/std": 2.4473268050162963e-12, "gt_scores/nonlin_additive_pairwise/min": -0.853410595172368, "gt_scores/nonlin_additive_pairwise/pct5": -0.853410595172368, "rho_curated/additive/additive": 0.9999979305279171, "rho_random/additive/additive": 0.9999934004654067, "rho_curated/pairwise/additive": 0.9997554835502135, "rho_random/pairwise/additive": 0.9995341215065457, "rho_curated/additive_GE/additive": 0.9999836063673442, "rho_random/additive_GE/additive": 0.9999638759076543, "rho_curated/pairwise_GE/additive": 0.9844551044814579, "rho_random/pairwise_GE/additive": 0.9706759654098109, "rho_curated/additive/additive_pairwise": 0.9808562258817897, "rho_random/additive/additive_pairwise": 0.9670460215833402, "rho_curated/pairwise/additive_pairwise": 0.9994286223051312, "rho_random/pairwise/additive_pairwise": 0.9988960215043212, "rho_curated/additive_GE/additive_pairwise": 0.9808542222421688, "rho_random/additive_GE/additive_pairwise": 0.9718167059481361, "rho_curated/pairwise_GE/additive_pairwise": 0.9789271017725784, "rho_random/pairwise_GE/additive_pairwise": 0.9639866386401461, "rho_curated/additive/nonlin_additive": 0.9972063200879177, "rho_random/additive/nonlin_additive": 0.9974477414477415, "rho_curated/pairwise/nonlin_additive": 0.9953292252687207, "rho_random/pairwise/nonlin_additive": 0.9891266068334006, "rho_curated/additive_GE/nonlin_additive": 0.999986897175475, "rho_random/additive_GE/nonlin_additive": 0.9999829451479573, "rho_curated/pairwise_GE/nonlin_additive": 0.9903968078069506, "rho_random/pairwise_GE/nonlin_additive": 0.9892332937486074, "rho_curated/additive/nonlin_additive_pairwise": NaN, "rho_random/additive/nonlin_additive_pairwise": NaN, "rho_curated/pairwise/nonlin_additive_pairwise": NaN, "rho_random/pairwise/nonlin_additive_pairwise": NaN, "rho_curated/additive_GE/nonlin_additive_pairwise": NaN, "rho_random/additive_GE/nonlin_additive_pairwise": NaN, "rho_curated/pairwise_GE/nonlin_additive_pairwise": NaN, "rho_random/pairwise_GE/nonlin_additive_pairwise": NaN, "rho_curated_mean": 0.9922647956223054, "rho_random_mean": 0.9873086115119224, "_wandb": {"runtime": 417}}