{"potts/n_edges": 374, "potts/edge_density": 0.8597701149425288, "potts/J_mean_abs": 3.032622814178467, "potts/J_std": 2.5108251571655273, "_timestamp": 1773704423.4545164, "_runtime": 519.0396842956543, "_step": 21, "gt_scores/additive/std": 1.3145519307288893, "gt_scores/additive/min": -9.543702125549316, "gt_scores/additive/pct5": -6.543755149841308, "gt_scores/additive_pairwise/std": 97.73769711200129, "gt_scores/additive_pairwise/min": -704.6004028320312, "gt_scores/additive_pairwise/pct5": -420.63397216796875, "gt_scores/nonlin_additive/std": 0.1415948963973883, "gt_scores/nonlin_additive/min": -0.8305795334928087, "gt_scores/nonlin_additive/pct5": -0.8006284573354645, "gt_scores/nonlin_additive_pairwise/std": 0.0006161619789016492, "gt_scores/nonlin_additive_pairwise/min": -0.8341020215334246, "gt_scores/nonlin_additive_pairwise/pct5": -0.8341020215334246, "rho_curated/additive/additive": 0.9999977027679079, "rho_random/additive/additive": 0.9999933541271966, "rho_curated/pairwise/additive": 0.9991931774476691, "rho_random/pairwise/additive": 0.9987127333831513, "rho_curated/additive_GE/additive": 0.9999711603748428, "rho_random/additive_GE/additive": 0.9999405442917363, "rho_curated/pairwise_GE/additive": 0.9643940985634911, "rho_random/pairwise_GE/additive": 0.9446588216677146, "rho_curated/additive/additive_pairwise": 0.9854944314114291, "rho_random/additive/additive_pairwise": 0.9749284837294993, "rho_curated/pairwise/additive_pairwise": 0.9931459049575074, "rho_random/pairwise/additive_pairwise": 0.9875083313697111, "rho_curated/additive_GE/additive_pairwise": 0.985938559973205, "rho_random/additive_GE/additive_pairwise": 0.97335751801554, "rho_curated/pairwise_GE/additive_pairwise": 0.9596135150226022, "rho_random/pairwise_GE/additive_pairwise": 0.9363848730044223, "rho_curated/additive/nonlin_additive": 0.9968708773546099, "rho_random/additive/nonlin_additive": 0.9968629690676499, "rho_curated/pairwise/nonlin_additive": 0.988277423017409, "rho_random/pairwise/nonlin_additive": 0.9818259396614601, "rho_curated/additive_GE/nonlin_additive": 0.9999824179112947, "rho_random/additive_GE/nonlin_additive": 0.9999767262303887, "rho_curated/pairwise_GE/nonlin_additive": 0.9802207083034041, "rho_random/pairwise_GE/nonlin_additive": 0.9775940401471305, "rho_curated/additive/nonlin_additive_pairwise": NaN, "rho_random/additive/nonlin_additive_pairwise": NaN, "rho_curated/pairwise/nonlin_additive_pairwise": NaN, "rho_random/pairwise/nonlin_additive_pairwise": NaN, "rho_curated/additive_GE/nonlin_additive_pairwise": NaN, "rho_random/additive_GE/nonlin_additive_pairwise": NaN, "rho_curated/pairwise_GE/nonlin_additive_pairwise": NaN, "rho_random/pairwise_GE/nonlin_additive_pairwise": NaN, "rho_curated_mean": 0.9877583314254478, "rho_random_mean": 0.9809786945579666, "_wandb": {"runtime": 518}}