{"potts/n_edges": 3749, "potts/edge_density": 0.7573737373737374, "potts/J_mean_abs": 3.1807072162628174, "potts/J_std": 2.594327926635742, "_timestamp": 1773538128.793941, "_runtime": 589.0004389286041, "_step": 21, "gt_scores/additive/std": 1.5499381677782906, "gt_scores/additive/min": -11.220993995666504, "gt_scores/additive/pct5": -7.041671586036682, "gt_scores/additive_pairwise/std": 109.91658983464013, "gt_scores/additive_pairwise/min": -746.6453857421875, "gt_scores/additive_pairwise/pct5": -418.4692810058594, "gt_scores/nonlin_additive/std": 0.1519094066091214, "gt_scores/nonlin_additive/min": -0.7986814691725639, "gt_scores/nonlin_additive/pct5": -0.7603640208912466, "gt_scores/nonlin_additive_pairwise/std": 0.0026078079185007314, "gt_scores/nonlin_additive_pairwise/min": -0.8015717919679708, "gt_scores/nonlin_additive_pairwise/pct5": -0.8015717919679708, "rho_curated/additive/additive": 0.9999945547117818, "rho_random/additive/additive": 0.9999852279639597, "rho_curated/pairwise/additive": 0.9994264311290298, "rho_random/pairwise/additive": 0.9994096873543317, "rho_curated/additive_GE/additive": 0.9999581732303251, "rho_random/additive_GE/additive": 0.9999022504408442, "rho_curated/pairwise_GE/additive": 0.9979740240788639, "rho_random/pairwise_GE/additive": 0.9967106497575391, "rho_curated/additive/additive_pairwise": 0.9779259759063902, "rho_random/additive/additive_pairwise": 0.9677877981750985, "rho_curated/pairwise/additive_pairwise": 0.973346314493213, "rho_random/pairwise/additive_pairwise": 0.9600710771331031, "rho_curated/additive_GE/additive_pairwise": 0.9791790044376609, "rho_random/additive_GE/additive_pairwise": 0.9709943740291724, "rho_curated/pairwise_GE/additive_pairwise": 0.9714978047044921, "rho_random/pairwise_GE/additive_pairwise": 0.9615405277393144, "rho_curated/additive/nonlin_additive": 0.9918462190330661, "rho_random/additive/nonlin_additive": 0.9909029119069727, "rho_curated/pairwise/nonlin_additive": 0.991736233581251, "rho_random/pairwise/nonlin_additive": 0.9914036241373794, "rho_curated/additive_GE/nonlin_additive": 0.9999562160542476, "rho_random/additive_GE/nonlin_additive": 0.9999379698781731, "rho_curated/pairwise_GE/nonlin_additive": 0.995664903514284, "rho_random/pairwise_GE/nonlin_additive": 0.9959709914459856, "rho_curated/additive/nonlin_additive_pairwise": NaN, "rho_random/additive/nonlin_additive_pairwise": 0.13993781485773218, "rho_curated/pairwise/nonlin_additive_pairwise": NaN, "rho_random/pairwise/nonlin_additive_pairwise": 0.12192713075957712, "rho_curated/additive_GE/nonlin_additive_pairwise": NaN, "rho_random/additive_GE/nonlin_additive_pairwise": 0.03575980727606212, "rho_curated/pairwise_GE/nonlin_additive_pairwise": NaN, "rho_random/pairwise_GE/nonlin_additive_pairwise": 0.09723712417112948, "rho_curated_mean": 0.9898754879062172, "rho_random_mean": 0.7643424354391484, "_wandb": {"runtime": 588}}