{"potts/n_edges": 70, "potts/edge_density": 0.6666666666666666, "potts/J_mean_abs": 3.798370838165283, "potts/J_std": 3.336064577102661, "_timestamp": 1773557683.115349, "_runtime": 523.4050581455231, "_step": 21, "gt_scores/additive/std": 0.9557475539592777, "gt_scores/additive/min": -7.033940315246582, "gt_scores/additive/pct5": -5.159853672981262, "gt_scores/additive_pairwise/std": 39.9974837112395, "gt_scores/additive_pairwise/min": -342.71337890625, "gt_scores/additive_pairwise/pct5": -272.4347091674805, "gt_scores/nonlin_additive/std": 0.1307311439252841, "gt_scores/nonlin_additive/min": -0.8613129322410867, "gt_scores/nonlin_additive/pct5": -0.8371371284084792, "gt_scores/nonlin_additive_pairwise/std": 1.1102230246251565e-16, "gt_scores/nonlin_additive_pairwise/min": -0.8653877661321029, "gt_scores/nonlin_additive_pairwise/pct5": -0.8653877661321029, "rho_curated/additive/additive": 0.9999980419359215, "rho_random/additive/additive": 0.9999940213474101, "rho_curated/pairwise/additive": 0.9999780901351231, "rho_random/pairwise/additive": 0.9999489220941151, "rho_curated/additive_GE/additive": 0.9999756841830256, "rho_random/additive_GE/additive": 0.9999453154252721, "rho_curated/pairwise_GE/additive": 0.9997167789646711, "rho_random/pairwise_GE/additive": 0.9995364059809885, "rho_curated/additive/additive_pairwise": 0.9355199028961536, "rho_random/additive/additive_pairwise": 0.8770886927463551, "rho_curated/pairwise/additive_pairwise": 0.9999716307508612, "rho_random/pairwise/additive_pairwise": 0.9999498547403382, "rho_curated/additive_GE/additive_pairwise": 0.9350615160011095, "rho_random/additive_GE/additive_pairwise": 0.8912645398120695, "rho_curated/pairwise_GE/additive_pairwise": 0.9995752869109705, "rho_random/pairwise_GE/additive_pairwise": 0.9992487451510176, "rho_curated/additive/nonlin_additive": 0.9966885401070648, "rho_random/additive/nonlin_additive": 0.9973804070456198, "rho_curated/pairwise/nonlin_additive": 0.9993271818609902, "rho_random/pairwise/nonlin_additive": 0.9969080129140362, "rho_curated/additive_GE/nonlin_additive": NaN, "rho_random/additive_GE/nonlin_additive": NaN, "rho_curated/pairwise_GE/nonlin_additive": 0.9994041723281097, "rho_random/pairwise_GE/nonlin_additive": 0.9994792807724051, "rho_curated/additive/nonlin_additive_pairwise": NaN, "rho_random/additive/nonlin_additive_pairwise": NaN, "rho_curated/pairwise/nonlin_additive_pairwise": NaN, "rho_random/pairwise/nonlin_additive_pairwise": NaN, "rho_curated/additive_GE/nonlin_additive_pairwise": NaN, "rho_random/additive_GE/nonlin_additive_pairwise": NaN, "rho_curated/pairwise_GE/nonlin_additive_pairwise": NaN, "rho_random/pairwise_GE/nonlin_additive_pairwise": NaN, "rho_curated_mean": 0.9877469841885455, "rho_random_mean": 0.978249472548148, "_wandb": {"runtime": 523}}