{"potts/n_edges": 121, "potts/edge_density": 0.6368421052631579, "potts/J_mean_abs": 3.8057730197906494, "potts/J_std": 3.1253061294555664, "_timestamp": 1773653031.5630262, "_runtime": 521.0941491127014, "_step": 21, "gt_scores/additive/std": 1.426379881017352, "gt_scores/additive/min": -10.008467674255371, "gt_scores/additive/pct5": -7.166622185707093, "gt_scores/additive_pairwise/std": 64.71769532441331, "gt_scores/additive_pairwise/min": -438.4137268066406, "gt_scores/additive_pairwise/pct5": -315.4066787719727, "gt_scores/nonlin_additive/std": 0.13946177757028871, "gt_scores/nonlin_additive/min": -0.8313426784103302, "gt_scores/nonlin_additive/pct5": -0.8034810610065, "gt_scores/nonlin_additive_pairwise/std": 3.4531218391378564e-12, "gt_scores/nonlin_additive_pairwise/min": -0.8358896588447285, "gt_scores/nonlin_additive_pairwise/pct5": -0.8358896588447285, "rho_curated/additive/additive": 0.9999970921598835, "rho_random/additive/additive": 0.9999923221061425, "rho_curated/pairwise/additive": 0.9999505987580204, "rho_random/pairwise/additive": 0.9998849311917082, "rho_curated/additive_GE/additive": 0.9999794747671779, "rho_random/additive_GE/additive": 0.9999538098443673, "rho_curated/pairwise_GE/additive": 0.9988473844018952, "rho_random/pairwise_GE/additive": 0.9978569464809384, "rho_curated/additive/additive_pairwise": 0.9690868690339909, "rho_random/additive/additive_pairwise": 0.9474553858582154, "rho_curated/pairwise/additive_pairwise": 0.9999399767895947, "rho_random/pairwise/additive_pairwise": 0.9998747885073713, "rho_curated/additive_GE/additive_pairwise": 0.9690957642488636, "rho_random/additive_GE/additive_pairwise": 0.9502068371922849, "rho_curated/pairwise_GE/additive_pairwise": 0.9987894641674914, "rho_random/pairwise_GE/additive_pairwise": 0.9981519026469021, "rho_curated/additive/nonlin_additive": 0.9964236493366884, "rho_random/additive/nonlin_additive": 0.9953265509231414, "rho_curated/pairwise/nonlin_additive": 0.9984964048357121, "rho_random/pairwise/nonlin_additive": 0.9963866223488685, "rho_curated/additive_GE/nonlin_additive": 0.9999845635113822, "rho_random/additive_GE/nonlin_additive": 0.9999805475831613, "rho_curated/pairwise_GE/nonlin_additive": 0.9991315287892404, "rho_random/pairwise_GE/nonlin_additive": 0.9991703696686366, "rho_curated/additive/nonlin_additive_pairwise": NaN, "rho_random/additive/nonlin_additive_pairwise": NaN, "rho_curated/pairwise/nonlin_additive_pairwise": NaN, "rho_random/pairwise/nonlin_additive_pairwise": NaN, "rho_curated/additive_GE/nonlin_additive_pairwise": NaN, "rho_random/additive_GE/nonlin_additive_pairwise": NaN, "rho_curated/pairwise_GE/nonlin_additive_pairwise": NaN, "rho_random/pairwise_GE/nonlin_additive_pairwise": NaN, "rho_curated_mean": 0.9941435642333284, "rho_random_mean": 0.9903534178626449, "_wandb": {"runtime": 520}}