{"potts/n_edges": 298, "potts/edge_density": 0.6850574712643678, "potts/J_mean_abs": 4.018440246582031, "potts/J_std": 3.223628520965576, "_timestamp": 1773392546.6672907, "_runtime": 523.844301700592, "_step": 21, "gt_scores/additive/std": 1.0729940944949605, "gt_scores/additive/min": -6.946595668792725, "gt_scores/additive/pct5": -4.709865760803223, "gt_scores/additive_pairwise/std": 59.611978371411695, "gt_scores/additive_pairwise/min": -404.0557556152344, "gt_scores/additive_pairwise/pct5": -219.64110717773437, "gt_scores/nonlin_additive/std": 0.1581717190045135, "gt_scores/nonlin_additive/min": -0.7826526964144471, "gt_scores/nonlin_additive/pct5": -0.7441898438970552, "gt_scores/nonlin_additive_pairwise/std": 0.020725760505112534, "gt_scores/nonlin_additive_pairwise/min": -0.7883677805180209, "gt_scores/nonlin_additive_pairwise/pct5": -0.7883677805180209, "rho_curated/additive/additive": 0.9999977832639114, "rho_random/additive/additive": 0.999993257863168, "rho_curated/pairwise/additive": 0.9991502728859906, "rho_random/pairwise/additive": 0.9986233837018147, "rho_curated/additive_GE/additive": 0.9999722699908902, "rho_random/additive_GE/additive": 0.9999367911296928, "rho_curated/pairwise_GE/additive": 0.9695955083270905, "rho_random/pairwise_GE/additive": 0.9601660915102724, "rho_curated/additive/additive_pairwise": 0.9653490701979627, "rho_random/additive/additive_pairwise": 0.9449066014776031, "rho_curated/pairwise/additive_pairwise": 0.9850964919798595, "rho_random/pairwise/additive_pairwise": 0.9793688352587067, "rho_curated/additive_GE/additive_pairwise": 0.965903320721678, "rho_random/additive_GE/additive_pairwise": 0.9458307749704606, "rho_curated/pairwise_GE/additive_pairwise": 0.9558833494812162, "rho_random/pairwise_GE/additive_pairwise": 0.9405901057870996, "rho_curated/additive/nonlin_additive": 0.9972511838417832, "rho_random/additive/nonlin_additive": 0.9967706216641765, "rho_curated/pairwise/nonlin_additive": 0.9913844304549635, "rho_random/pairwise/nonlin_additive": 0.9862508340621774, "rho_curated/additive_GE/nonlin_additive": 0.9999915947436632, "rho_random/additive_GE/nonlin_additive": 0.9999829606568224, "rho_curated/pairwise_GE/nonlin_additive": 0.9860112224471058, "rho_random/pairwise_GE/nonlin_additive": 0.9810044990943112, "rho_curated/additive/nonlin_additive_pairwise": 0.33124710160614557, "rho_random/additive/nonlin_additive_pairwise": 0.2916916171075054, "rho_curated/pairwise/nonlin_additive_pairwise": 0.2957980924785605, "rho_random/pairwise/nonlin_additive_pairwise": 0.30684135425769493, "rho_curated/additive_GE/nonlin_additive_pairwise": NaN, "rho_random/additive_GE/nonlin_additive_pairwise": NaN, "rho_curated/pairwise_GE/nonlin_additive_pairwise": 0.29921743581147403, "rho_random/pairwise_GE/nonlin_additive_pairwise": 0.2904356403437914, "rho_curated_mean": 0.8494566085488198, "rho_random_mean": 0.8414928912590197, "_wandb": {"runtime": 523}}