{"potts/n_edges": 176, "potts/edge_density": 0.9263157894736842, "potts/J_mean_abs": 3.434175968170166, "potts/J_std": 2.7420878410339355, "_timestamp": 1773642480.829827, "_runtime": 519.8570091724396, "_step": 21, "gt_scores/additive/std": 1.426379881017352, "gt_scores/additive/min": -10.008467674255371, "gt_scores/additive/pct5": -7.166622185707093, "gt_scores/additive_pairwise/std": 89.73128403920933, "gt_scores/additive_pairwise/min": -641.541259765625, "gt_scores/additive_pairwise/pct5": -448.3964416503906, "gt_scores/nonlin_additive/std": 0.13946177757028871, "gt_scores/nonlin_additive/min": -0.8313426784103302, "gt_scores/nonlin_additive/pct5": -0.8034810610065, "gt_scores/nonlin_additive_pairwise/std": 1.734223803652547e-17, "gt_scores/nonlin_additive_pairwise/min": -0.8358896588447285, "gt_scores/nonlin_additive_pairwise/pct5": -0.8358896588447285, "rho_curated/additive/additive": 0.9999975652239023, "rho_random/additive/additive": 0.9999913798474943, "rho_curated/pairwise/additive": 0.9999412904776486, "rho_random/pairwise/additive": 0.9998772298006974, "rho_curated/additive_GE/additive": 0.9999519039260728, "rho_random/additive_GE/additive": 0.9998990076188259, "rho_curated/pairwise_GE/additive": 0.9991817246952102, "rho_random/pairwise_GE/additive": 0.9984075685321881, "rho_curated/additive/additive_pairwise": 0.9831227571001003, "rho_random/additive/additive_pairwise": 0.9726339295140092, "rho_curated/pairwise/additive_pairwise": 0.9999372475094884, "rho_random/pairwise/additive_pairwise": 0.9998576720865303, "rho_curated/additive_GE/additive_pairwise": 0.983465548706225, "rho_random/additive_GE/additive_pairwise": 0.9741574725383386, "rho_curated/pairwise_GE/additive_pairwise": 0.999150860022014, "rho_random/pairwise_GE/additive_pairwise": 0.9984310598644084, "rho_curated/additive/nonlin_additive": 0.9966176798883015, "rho_random/additive/nonlin_additive": 0.9960050492157838, "rho_curated/pairwise/nonlin_additive": 0.9986772333709623, "rho_random/pairwise/nonlin_additive": 0.996511619023228, "rho_curated/additive_GE/nonlin_additive": 0.9999892326635675, "rho_random/additive_GE/nonlin_additive": 0.9999872818628495, "rho_curated/pairwise_GE/nonlin_additive": 0.9987408962774849, "rho_random/pairwise_GE/nonlin_additive": 0.9987460924577729, "rho_curated/additive/nonlin_additive_pairwise": NaN, "rho_random/additive/nonlin_additive_pairwise": NaN, "rho_curated/pairwise/nonlin_additive_pairwise": NaN, "rho_random/pairwise/nonlin_additive_pairwise": NaN, "rho_curated/additive_GE/nonlin_additive_pairwise": NaN, "rho_random/additive_GE/nonlin_additive_pairwise": NaN, "rho_curated/pairwise_GE/nonlin_additive_pairwise": NaN, "rho_random/pairwise_GE/nonlin_additive_pairwise": NaN, "rho_curated_mean": 0.9965644949884149, "rho_random_mean": 0.9945421135301772, "_wandb": {"runtime": 519}}