{"potts/n_edges": 69, "potts/edge_density": 0.6571428571428571, "potts/J_mean_abs": 2.862213373184204, "potts/J_std": 2.157895803451538, "_timestamp": 1773609998.6447163, "_runtime": 500.5767421722412, "_step": 21, "gt_scores/additive/std": 0.9557475539592777, "gt_scores/additive/min": -7.033940315246582, "gt_scores/additive/pct5": -5.159853672981262, "gt_scores/additive_pairwise/std": 25.896680132260524, "gt_scores/additive_pairwise/min": -212.17747497558594, "gt_scores/additive_pairwise/pct5": -181.04910049438476, "gt_scores/nonlin_additive/std": 0.1307311439252841, "gt_scores/nonlin_additive/min": -0.8613129322410867, "gt_scores/nonlin_additive/pct5": -0.8371371284084792, "gt_scores/nonlin_additive_pairwise/std": 1.1102230246251565e-16, "gt_scores/nonlin_additive_pairwise/min": -0.8653877661321029, "gt_scores/nonlin_additive_pairwise/pct5": -0.8653877661321029, "rho_curated/additive/additive": 0.9999981465519258, "rho_random/additive/additive": 0.9999938024624212, "rho_curated/pairwise/additive": 0.9999793411351725, "rho_random/pairwise/additive": 0.9999558544551088, "rho_curated/additive_GE/additive": 0.9999818421032733, "rho_random/additive_GE/additive": 0.9999606399606399, "rho_curated/pairwise_GE/additive": 0.9966201868807263, "rho_random/pairwise_GE/additive": 0.9942736675177163, "rho_curated/additive/additive_pairwise": 0.9147161960602733, "rho_random/additive/additive_pairwise": 0.8678313022210162, "rho_curated/pairwise/additive_pairwise": 0.9999621451344803, "rho_random/pairwise/additive_pairwise": 0.9999353592137207, "rho_curated/additive_GE/additive_pairwise": 0.9155436125615828, "rho_random/additive_GE/additive_pairwise": 0.8658051379042735, "rho_curated/pairwise_GE/additive_pairwise": 0.9996224032808597, "rho_random/pairwise_GE/additive_pairwise": 0.9994129511238764, "rho_curated/additive/nonlin_additive": 0.9955877901908762, "rho_random/additive/nonlin_additive": 0.9967277493506129, "rho_curated/pairwise/nonlin_additive": 0.9992875352034329, "rho_random/pairwise/nonlin_additive": 0.9969927794431391, "rho_curated/additive_GE/nonlin_additive": 0.999980814063228, "rho_random/additive_GE/nonlin_additive": 0.9999838321009913, "rho_curated/pairwise_GE/nonlin_additive": 0.9994133905604654, "rho_random/pairwise_GE/nonlin_additive": 0.9995426527534611, "rho_curated/additive/nonlin_additive_pairwise": NaN, "rho_random/additive/nonlin_additive_pairwise": NaN, "rho_curated/pairwise/nonlin_additive_pairwise": NaN, "rho_random/pairwise/nonlin_additive_pairwise": NaN, "rho_curated/additive_GE/nonlin_additive_pairwise": NaN, "rho_random/additive_GE/nonlin_additive_pairwise": NaN, "rho_curated/pairwise_GE/nonlin_additive_pairwise": NaN, "rho_random/pairwise_GE/nonlin_additive_pairwise": NaN, "rho_curated_mean": 0.985057783643858, "rho_random_mean": 0.9767013107089149, "_wandb": {"runtime": 500}}