{"potts/n_edges": 217, "potts/edge_density": 0.7233333333333334, "potts/J_mean_abs": 3.256800889968872, "potts/J_std": 2.5774552822113037, "_timestamp": 1773442240.8786216, "_runtime": 567.9078786373138, "_step": 21, "gt_scores/additive/std": 1.0845397655127298, "gt_scores/additive/min": -7.869518280029297, "gt_scores/additive/pct5": -4.928722500801086, "gt_scores/additive_pairwise/std": 56.77413490115045, "gt_scores/additive_pairwise/min": -384.8036804199219, "gt_scores/additive_pairwise/pct5": -213.14105834960938, "gt_scores/nonlin_additive/std": 0.1521633644541054, "gt_scores/nonlin_additive/min": -0.7983750201741924, "gt_scores/nonlin_additive/pct5": -0.7601459147927325, "gt_scores/nonlin_additive_pairwise/std": 0.009889412218358956, "gt_scores/nonlin_additive_pairwise/min": -0.8012119156418135, "gt_scores/nonlin_additive_pairwise/pct5": -0.8012119156418135, "rho_curated/additive/additive": 0.9999969489518779, "rho_random/additive/additive": 0.9999922613243614, "rho_curated/pairwise/additive": 0.9996818576912667, "rho_random/pairwise/additive": 0.9994691804122802, "rho_curated/additive_GE/additive": 0.9999845728233826, "rho_random/additive_GE/additive": 0.9999654777918339, "rho_curated/pairwise_GE/additive": 0.9812657016581784, "rho_random/pairwise_GE/additive": 0.9742157559906138, "rho_curated/additive/additive_pairwise": 0.9751232963809318, "rho_random/additive/additive_pairwise": 0.9575560718742294, "rho_curated/pairwise/additive_pairwise": 0.9985612663744505, "rho_random/pairwise/additive_pairwise": 0.9971832518493928, "rho_curated/additive_GE/additive_pairwise": 0.9754924072756962, "rho_random/additive_GE/additive_pairwise": 0.9611305830796929, "rho_curated/pairwise_GE/additive_pairwise": 0.9814611585535563, "rho_random/pairwise_GE/additive_pairwise": 0.9757071915722509, "rho_curated/additive/nonlin_additive": 0.9969653289026131, "rho_random/additive/nonlin_additive": 0.9963197069415081, "rho_curated/pairwise/nonlin_additive": 0.9961415194134755, "rho_random/pairwise/nonlin_additive": 0.9922532307047093, "rho_curated/additive_GE/nonlin_additive": 0.9999856610554255, "rho_random/additive_GE/nonlin_additive": 0.9999788816312679, "rho_curated/pairwise_GE/nonlin_additive": 0.9912733150109324, "rho_random/pairwise_GE/nonlin_additive": 0.9878433796029483, "rho_curated/additive/nonlin_additive_pairwise": NaN, "rho_random/additive/nonlin_additive_pairwise": 0.2035122659169774, "rho_curated/pairwise/nonlin_additive_pairwise": NaN, "rho_random/pairwise/nonlin_additive_pairwise": 0.18697687231657206, "rho_curated/additive_GE/nonlin_additive_pairwise": NaN, "rho_random/additive_GE/nonlin_additive_pairwise": -0.02753719988926816, "rho_curated/pairwise_GE/nonlin_additive_pairwise": NaN, "rho_random/pairwise_GE/nonlin_additive_pairwise": 0.19096141173269646, "rho_curated_mean": 0.9913277528409824, "rho_random_mean": 0.7747205201782542, "_wandb": {"runtime": 567}}