{"potts/n_edges": 91, "potts/edge_density": 0.8666666666666667, "potts/J_mean_abs": 4.252263069152832, "potts/J_std": 3.8571455478668213, "_timestamp": 1773447838.50015, "_runtime": 527.2496140003204, "_step": 21, "gt_scores/additive/std": 0.9557475539592777, "gt_scores/additive/min": -7.033940315246582, "gt_scores/additive/pct5": -5.159853672981262, "gt_scores/additive_pairwise/std": 56.22118757259826, "gt_scores/additive_pairwise/min": -476.229736328125, "gt_scores/additive_pairwise/pct5": -394.6099090576172, "gt_scores/nonlin_additive/std": 0.1307311439252841, "gt_scores/nonlin_additive/min": -0.8613129322410867, "gt_scores/nonlin_additive/pct5": -0.8371371284084792, "gt_scores/nonlin_additive_pairwise/std": 1.1102230246251565e-16, "gt_scores/nonlin_additive_pairwise/min": -0.8653877661321029, "gt_scores/nonlin_additive_pairwise/pct5": -0.8653877661321029, "rho_curated/additive/additive": 0.9999986136639444, "rho_random/additive/additive": 0.9999953620091553, "rho_curated/pairwise/additive": 0.9999755088390185, "rho_random/pairwise/additive": 0.9999496279601052, "rho_curated/additive_GE/additive": 0.9999847164873874, "rho_random/additive_GE/additive": 0.9999629490727607, "rho_curated/pairwise_GE/additive": 0.9997588501023308, "rho_random/pairwise_GE/additive": 0.9995065535366815, "rho_curated/additive/additive_pairwise": 0.9419090949309696, "rho_random/additive/additive_pairwise": 0.9111807876717986, "rho_curated/pairwise/additive_pairwise": 0.9999693633507739, "rho_random/pairwise/additive_pairwise": 0.9999475500411392, "rho_curated/additive_GE/additive_pairwise": 0.9418839132405672, "rho_random/additive_GE/additive_pairwise": 0.9027659106942213, "rho_curated/pairwise_GE/additive_pairwise": 0.9996279095771075, "rho_random/pairwise_GE/additive_pairwise": 0.999465105994326, "rho_curated/additive/nonlin_additive": 0.9965247229407387, "rho_random/additive/nonlin_additive": 0.9973413768773642, "rho_curated/pairwise/nonlin_additive": 0.9992322478412164, "rho_random/pairwise/nonlin_additive": 0.995833008211699, "rho_curated/additive_GE/nonlin_additive": 0.9999892457195686, "rho_random/additive_GE/nonlin_additive": 0.9999889544204623, "rho_curated/pairwise_GE/nonlin_additive": 0.9995469361658448, "rho_random/pairwise_GE/nonlin_additive": 0.9995353061941603, "rho_curated/additive/nonlin_additive_pairwise": NaN, "rho_random/additive/nonlin_additive_pairwise": NaN, "rho_curated/pairwise/nonlin_additive_pairwise": NaN, "rho_random/pairwise/nonlin_additive_pairwise": NaN, "rho_curated/additive_GE/nonlin_additive_pairwise": NaN, "rho_random/additive_GE/nonlin_additive_pairwise": NaN, "rho_curated/pairwise_GE/nonlin_additive_pairwise": NaN, "rho_random/pairwise_GE/nonlin_additive_pairwise": NaN, "rho_curated_mean": 0.989866760238289, "rho_random_mean": 0.9837893743903229, "_wandb": {"runtime": 526}}