{"potts/n_edges": 252, "potts/edge_density": 0.84, "potts/J_mean_abs": 3.9096434116363525, "potts/J_std": 3.2504749298095703, "_timestamp": 1773589716.8530486, "_runtime": 410.02914667129517, "_step": 21, "gt_scores/additive/std": 1.1398200883094438, "gt_scores/additive/min": -9.020009994506836, "gt_scores/additive/pct5": -6.03385751247406, "gt_scores/additive_pairwise/std": 108.62950265435741, "gt_scores/additive_pairwise/min": -761.6817626953125, "gt_scores/additive_pairwise/pct5": -486.77866516113284, "gt_scores/nonlin_additive/std": 0.13291535666614748, "gt_scores/nonlin_additive/min": -0.8512857583768847, "gt_scores/nonlin_additive/pct5": -0.8249976913530378, "gt_scores/nonlin_additive_pairwise/std": 5.192474594974362e-14, "gt_scores/nonlin_additive_pairwise/min": -0.853410595172368, "gt_scores/nonlin_additive_pairwise/pct5": -0.853410595172368, "rho_curated/additive/additive": 0.9999976827279072, "rho_random/additive/additive": 0.9999933994200334, "rho_curated/pairwise/additive": 0.9997403807576025, "rho_random/pairwise/additive": 0.9994871966679811, "rho_curated/additive_GE/additive": 0.9998984239079297, "rho_random/additive_GE/additive": 0.9997562581932441, "rho_curated/pairwise_GE/additive": 0.9802348685213945, "rho_random/pairwise_GE/additive": 0.9636254034566205, "rho_curated/additive/additive_pairwise": 0.9830200279288008, "rho_random/additive/additive_pairwise": 0.9744811936318667, "rho_curated/pairwise/additive_pairwise": 0.9993425835736716, "rho_random/pairwise/additive_pairwise": 0.9988323117781809, "rho_curated/additive_GE/additive_pairwise": 0.9829425618532931, "rho_random/additive_GE/additive_pairwise": 0.974878323183408, "rho_curated/pairwise_GE/additive_pairwise": 0.9759085724517648, "rho_random/pairwise_GE/additive_pairwise": 0.9581878763452507, "rho_curated/additive/nonlin_additive": 0.9966458666415932, "rho_random/additive/nonlin_additive": 0.9970239139965769, "rho_curated/pairwise/nonlin_additive": 0.9942972750274804, "rho_random/pairwise/nonlin_additive": 0.9844409381560918, "rho_curated/additive_GE/nonlin_additive": 0.9999790055911588, "rho_random/additive_GE/nonlin_additive": 0.9999774308451658, "rho_curated/pairwise_GE/nonlin_additive": 0.9902913008271861, "rho_random/pairwise_GE/nonlin_additive": 0.9883827622565663, "rho_curated/additive/nonlin_additive_pairwise": NaN, "rho_random/additive/nonlin_additive_pairwise": NaN, "rho_curated/pairwise/nonlin_additive_pairwise": NaN, "rho_random/pairwise/nonlin_additive_pairwise": NaN, "rho_curated/additive_GE/nonlin_additive_pairwise": NaN, "rho_random/additive_GE/nonlin_additive_pairwise": NaN, "rho_curated/pairwise_GE/nonlin_additive_pairwise": NaN, "rho_random/pairwise_GE/nonlin_additive_pairwise": NaN, "rho_curated_mean": 0.9918582124841486, "rho_random_mean": 0.9865889173275822, "_wandb": {"runtime": 409}}