{"potts/n_edges": 66, "potts/edge_density": 0.3473684210526316, "potts/J_mean_abs": 2.9910900592803955, "potts/J_std": 2.8889095783233643, "_timestamp": 1773385701.204893, "_runtime": 586.8112480640411, "_step": 21, "gt_scores/additive/std": 1.112745089612462, "gt_scores/additive/min": -6.402132511138916, "gt_scores/additive/pct5": -4.05882933139801, "gt_scores/additive_pairwise/std": 13.691239665206648, "gt_scores/additive_pairwise/min": -106.48361206054688, "gt_scores/additive_pairwise/pct5": -43.76774787902832, "gt_scores/nonlin_additive/std": 0.17651970494882727, "gt_scores/nonlin_additive/min": -0.7025442434716214, "gt_scores/nonlin_additive/pct5": -0.650225736828544, "gt_scores/nonlin_additive_pairwise/std": 0.15207739419027066, "gt_scores/nonlin_additive_pairwise/min": -0.7102594727384771, "gt_scores/nonlin_additive_pairwise/pct5": -0.7102594727384771, "rho_curated/additive/additive": 0.9999974364878342, "rho_random/additive/additive": 0.999993268385269, "rho_curated/pairwise/additive": 0.9999203964108483, "rho_random/pairwise/additive": 0.9998681887588344, "rho_curated/additive_GE/additive": 0.9999860672070983, "rho_random/additive_GE/additive": 0.999967170321393, "rho_curated/pairwise_GE/additive": 0.996607024740407, "rho_random/pairwise_GE/additive": 0.9969696639748082, "rho_curated/additive/additive_pairwise": 0.8629457004133816, "rho_random/additive/additive_pairwise": 0.8151647638929731, "rho_curated/pairwise/additive_pairwise": 0.9998751009469891, "rho_random/pairwise/additive_pairwise": 0.9997573585302105, "rho_curated/additive_GE/additive_pairwise": 0.855115203635222, "rho_random/additive_GE/additive_pairwise": 0.8358876633916559, "rho_curated/pairwise_GE/additive_pairwise": 0.9938644895136961, "rho_random/pairwise_GE/additive_pairwise": 0.9903088701241953, "rho_curated/additive/nonlin_additive": 0.9975813805550053, "rho_random/additive/nonlin_additive": 0.996418454801764, "rho_curated/pairwise/nonlin_additive": 0.9989384205164681, "rho_random/pairwise/nonlin_additive": 0.9986898639293704, "rho_curated/additive_GE/nonlin_additive": 0.999988448678832, "rho_random/additive_GE/nonlin_additive": 0.9999813942382771, "rho_curated/pairwise_GE/nonlin_additive": 0.997136670589958, "rho_random/pairwise_GE/nonlin_additive": 0.9968781767781805, "rho_curated/additive/nonlin_additive_pairwise": 0.5480274439229035, "rho_random/additive/nonlin_additive_pairwise": 0.8082228785192214, "rho_curated/pairwise/nonlin_additive_pairwise": 0.6139555313422511, "rho_random/pairwise/nonlin_additive_pairwise": 0.7659912492983134, "rho_curated/additive_GE/nonlin_additive_pairwise": 0.47380069135030184, "rho_random/additive_GE/nonlin_additive_pairwise": 0.7851606958641034, "rho_curated/pairwise_GE/nonlin_additive_pairwise": 0.6349084691883736, "rho_random/pairwise_GE/nonlin_additive_pairwise": 0.8378218930197375, "rho_curated_mean": 0.8732905297187231, "rho_random_mean": 0.9266925971142692, "_wandb": {"runtime": 586}}