{"potts/n_edges": 62, "potts/edge_density": 0.5904761904761905, "potts/J_mean_abs": 6.934258460998535, "potts/J_std": 12.984598159790039, "_timestamp": 1773689456.787337, "_runtime": 515.9774820804596, "_step": 21, "gt_scores/additive/std": 0.9354941049529601, "gt_scores/additive/min": -6.730696678161621, "gt_scores/additive/pct5": -5.088986277580261, "gt_scores/additive_pairwise/std": 103.38610486953272, "gt_scores/additive_pairwise/min": -836.1102905273438, "gt_scores/additive_pairwise/pct5": -588.0397766113281, "gt_scores/nonlin_additive/std": 0.12695859792178035, "gt_scores/nonlin_additive/min": -0.8594803927815321, "gt_scores/nonlin_additive/pct5": -0.8373509757801759, "gt_scores/nonlin_additive_pairwise/std": 1.1102230246251565e-16, "gt_scores/nonlin_additive_pairwise/min": -0.8642349522941661, "gt_scores/nonlin_additive_pairwise/pct5": -0.8642349522941661, "rho_curated/additive/additive": 0.9999981029919237, "rho_random/additive/additive": 0.9999953224739963, "rho_curated/pairwise/additive": 0.9999758378550279, "rho_random/pairwise/additive": 0.9999553707610284, "rho_curated/additive_GE/additive": 0.9999859714474351, "rho_random/additive_GE/additive": 0.9999696472473161, "rho_curated/pairwise_GE/additive": 0.9996871181313798, "rho_random/pairwise_GE/additive": 0.9995250190900794, "rho_curated/additive/additive_pairwise": 0.8694300152140668, "rho_random/additive/additive_pairwise": 0.7281095614425466, "rho_curated/pairwise/additive_pairwise": 0.9999663979826557, "rho_random/pairwise/additive_pairwise": 0.9998929155991313, "rho_curated/additive_GE/additive_pairwise": 0.7963779248946823, "rho_random/additive_GE/additive_pairwise": 0.7468154952931108, "rho_curated/pairwise_GE/additive_pairwise": 0.9994771045150718, "rho_random/pairwise_GE/additive_pairwise": 0.9985990512185415, "rho_curated/additive/nonlin_additive": 0.9953718911967654, "rho_random/additive/nonlin_additive": 0.9949821259835192, "rho_curated/pairwise/nonlin_additive": 0.9991229671965819, "rho_random/pairwise/nonlin_additive": 0.9970432333230612, "rho_curated/additive_GE/nonlin_additive": 0.9999937853917492, "rho_random/additive_GE/nonlin_additive": 0.999991093434646, "rho_curated/pairwise_GE/nonlin_additive": 0.9994933271715263, "rho_random/pairwise_GE/nonlin_additive": 0.9996198995917961, "rho_curated/additive/nonlin_additive_pairwise": NaN, "rho_random/additive/nonlin_additive_pairwise": NaN, "rho_curated/pairwise/nonlin_additive_pairwise": NaN, "rho_random/pairwise/nonlin_additive_pairwise": NaN, "rho_curated/additive_GE/nonlin_additive_pairwise": NaN, "rho_random/additive_GE/nonlin_additive_pairwise": NaN, "rho_curated/pairwise_GE/nonlin_additive_pairwise": NaN, "rho_random/pairwise_GE/nonlin_additive_pairwise": NaN, "rho_curated_mean": 0.9715733703324055, "rho_random_mean": 0.9553748946215644, "_wandb": {"runtime": 515}}