{"potts/n_edges": 112, "potts/edge_density": 0.5894736842105263, "potts/J_mean_abs": 1.8890790939331055, "potts/J_std": 1.489206314086914, "_timestamp": 1773348211.4366753, "_runtime": 602.4205553531647, "_step": 21, "gt_scores/additive/std": 1.210202704410808, "gt_scores/additive/min": -8.911455154418945, "gt_scores/additive/pct5": -6.663809275627136, "gt_scores/additive_pairwise/std": 29.64588588021404, "gt_scores/additive_pairwise/min": -198.53997802734375, "gt_scores/additive_pairwise/pct5": -144.89902267456054, "gt_scores/nonlin_additive/std": 0.125785236402486, "gt_scores/nonlin_additive/min": -0.8664681453126024, "gt_scores/nonlin_additive/pct5": -0.8440971430509998, "gt_scores/nonlin_additive_pairwise/std": 1.2462186854637001e-07, "gt_scores/nonlin_additive_pairwise/min": -0.8707194432537088, "gt_scores/nonlin_additive_pairwise/pct5": -0.8707194432537088, "rho_curated/additive/additive": 0.9999977874879116, "rho_random/additive/additive": 0.9999931754068164, "rho_curated/pairwise/additive": 0.9999407893336301, "rho_random/pairwise/additive": 0.9998747480064846, "rho_curated/additive_GE/additive": 0.9999857715994304, "rho_random/additive_GE/additive": 0.9999655335851635, "rho_curated/pairwise_GE/additive": 0.999175037718942, "rho_random/pairwise_GE/additive": 0.9985370380400438, "rho_curated/additive/additive_pairwise": 0.9692894433941035, "rho_random/additive/additive_pairwise": 0.9459675781432156, "rho_curated/pairwise/additive_pairwise": 0.999936663829465, "rho_random/pairwise/additive_pairwise": 0.9998609832277165, "rho_curated/additive_GE/additive_pairwise": 0.9692227448489097, "rho_random/additive_GE/additive_pairwise": 0.9515727025257636, "rho_curated/pairwise_GE/additive_pairwise": 0.9923091022523639, "rho_random/pairwise_GE/additive_pairwise": 0.9885348616674664, "rho_curated/additive/nonlin_additive": 0.9946740239703218, "rho_random/additive/nonlin_additive": 0.9956913806398748, "rho_curated/pairwise/nonlin_additive": 0.9981845326232506, "rho_random/pairwise/nonlin_additive": 0.9928165181671483, "rho_curated/additive_GE/nonlin_additive": 0.9999890103035596, "rho_random/additive_GE/nonlin_additive": 0.9999870779502891, "rho_curated/pairwise_GE/nonlin_additive": 0.9980978282757307, "rho_random/pairwise_GE/nonlin_additive": 0.9980904110198584, "rho_curated/additive/nonlin_additive_pairwise": NaN, "rho_random/additive/nonlin_additive_pairwise": NaN, "rho_curated/pairwise/nonlin_additive_pairwise": NaN, "rho_random/pairwise/nonlin_additive_pairwise": -0.005734559932984626, "rho_curated/additive_GE/nonlin_additive_pairwise": NaN, "rho_random/additive_GE/nonlin_additive_pairwise": NaN, "rho_curated/pairwise_GE/nonlin_additive_pairwise": NaN, "rho_random/pairwise_GE/nonlin_additive_pairwise": NaN, "rho_curated_mean": 0.9934002279698015, "rho_random_mean": 0.9127044191112965, "_wandb": {"runtime": 602}}