{"potts/n_edges": 386, "potts/edge_density": 0.8873563218390804, "potts/J_mean_abs": 1.5343210697174072, "potts/J_std": 1.2090356349945068, "_timestamp": 1773691002.4406326, "_runtime": 500.1585605144501, "_step": 21, "gt_scores/additive/std": 1.1925536417782636, "gt_scores/additive/min": -9.211626052856445, "gt_scores/additive/pct5": -6.01135892868042, "gt_scores/additive_pairwise/std": 45.32530472568653, "gt_scores/additive_pairwise/min": -311.2043762207031, "gt_scores/additive_pairwise/pct5": -194.73551025390626, "gt_scores/nonlin_additive/std": 0.1394448448352391, "gt_scores/nonlin_additive/min": -0.8371870805299297, "gt_scores/nonlin_additive/pct5": -0.8067663836145071, "gt_scores/nonlin_additive_pairwise/std": 2.2645996951063944e-05, "gt_scores/nonlin_additive_pairwise/min": -0.8394933305681229, "gt_scores/nonlin_additive_pairwise/pct5": -0.8394933305681229, "rho_curated/additive/additive": 0.9999973991438957, "rho_random/additive/additive": 0.9999928986520612, "rho_curated/pairwise/additive": 0.9992654547465653, "rho_random/pairwise/additive": 0.9987461543178151, "rho_curated/additive_GE/additive": 0.9999807762152287, "rho_random/additive_GE/additive": 0.9999538685486866, "rho_curated/pairwise_GE/additive": 0.9684277094148351, "rho_random/pairwise_GE/additive": 0.9437933928392471, "rho_curated/additive/additive_pairwise": 0.9837443046617721, "rho_random/additive/additive_pairwise": 0.9754733033839615, "rho_curated/pairwise/additive_pairwise": 0.9919916420234735, "rho_random/pairwise/additive_pairwise": 0.9884337653551218, "rho_curated/additive_GE/additive_pairwise": 0.9837454353010372, "rho_random/additive_GE/additive_pairwise": 0.9738369573952255, "rho_curated/pairwise_GE/additive_pairwise": 0.9615491457259657, "rho_random/pairwise_GE/additive_pairwise": 0.9469404515170099, "rho_curated/additive/nonlin_additive": 0.9969677799264203, "rho_random/additive/nonlin_additive": 0.9969513588645579, "rho_curated/pairwise/nonlin_additive": 0.9884903511225092, "rho_random/pairwise/nonlin_additive": 0.9816124925066018, "rho_curated/additive_GE/nonlin_additive": 0.9999843736953736, "rho_random/additive_GE/nonlin_additive": 0.9999797910896722, "rho_curated/pairwise_GE/nonlin_additive": 0.9799893944211744, "rho_random/pairwise_GE/nonlin_additive": 0.9769060429084655, "rho_curated/additive/nonlin_additive_pairwise": NaN, "rho_random/additive/nonlin_additive_pairwise": NaN, "rho_curated/pairwise/nonlin_additive_pairwise": NaN, "rho_random/pairwise/nonlin_additive_pairwise": 0.07828759880768314, "rho_curated/additive_GE/nonlin_additive_pairwise": NaN, "rho_random/additive_GE/nonlin_additive_pairwise": 0.04661904792622054, "rho_curated/pairwise_GE/nonlin_additive_pairwise": NaN, "rho_random/pairwise_GE/nonlin_additive_pairwise": 0.06918672461940957, "rho_curated_mean": 0.9878444805331875, "rho_random_mean": 0.7984475899154493, "_wandb": {"runtime": 499}}