{"potts/n_edges": 162, "potts/edge_density": 0.8526315789473684, "potts/J_mean_abs": 3.2761480808258057, "potts/J_std": 2.8090696334838867, "_timestamp": 1773542813.1921508, "_runtime": 475.58463287353516, "_step": 21, "gt_scores/additive/std": 1.210202704410808, "gt_scores/additive/min": -8.911455154418945, "gt_scores/additive/pct5": -6.663809275627136, "gt_scores/additive_pairwise/std": 75.80622010111718, "gt_scores/additive_pairwise/min": -518.3761596679688, "gt_scores/additive_pairwise/pct5": -373.311833190918, "gt_scores/nonlin_additive/std": 0.125785236402486, "gt_scores/nonlin_additive/min": -0.8664681453126024, "gt_scores/nonlin_additive/pct5": -0.8440971430509998, "gt_scores/nonlin_additive_pairwise/std": 5.2192291704247924e-17, "gt_scores/nonlin_additive_pairwise/min": -0.8707194432537088, "gt_scores/nonlin_additive_pairwise/pct5": -0.8707194432537088, "rho_curated/additive/additive": 0.999998330343933, "rho_random/additive/additive": 0.9999949078259613, "rho_curated/pairwise/additive": 0.9999469117338726, "rho_random/pairwise/additive": 0.9998915562506636, "rho_curated/additive_GE/additive": 0.9999827358393079, "rho_random/additive_GE/additive": 0.9999606794848256, "rho_curated/pairwise_GE/additive": 0.99929022980349, "rho_random/pairwise_GE/additive": 0.9987757909707555, "rho_curated/additive/additive_pairwise": 0.9773172257241447, "rho_random/additive/additive_pairwise": 0.9632259744822389, "rho_curated/pairwise/additive_pairwise": 0.9999445056137778, "rho_random/pairwise/additive_pairwise": 0.9998950628985899, "rho_curated/additive_GE/additive_pairwise": 0.9771803339415703, "rho_random/additive_GE/additive_pairwise": 0.9651409525642172, "rho_curated/pairwise_GE/additive_pairwise": 0.9912777767062738, "rho_random/pairwise_GE/additive_pairwise": 0.9852539560901811, "rho_curated/additive/nonlin_additive": 0.9945849155906168, "rho_random/additive/nonlin_additive": 0.9948929046659427, "rho_curated/pairwise/nonlin_additive": 0.9978722300667361, "rho_random/pairwise/nonlin_additive": 0.9941284890971358, "rho_curated/additive_GE/nonlin_additive": 0.9999874518634978, "rho_random/additive_GE/nonlin_additive": 0.9999834487616843, "rho_curated/pairwise_GE/nonlin_additive": 0.9979967520316778, "rho_random/pairwise_GE/nonlin_additive": 0.9979982479787616, "rho_curated/additive/nonlin_additive_pairwise": NaN, "rho_random/additive/nonlin_additive_pairwise": NaN, "rho_curated/pairwise/nonlin_additive_pairwise": NaN, "rho_random/pairwise/nonlin_additive_pairwise": NaN, "rho_curated/additive_GE/nonlin_additive_pairwise": NaN, "rho_random/additive_GE/nonlin_additive_pairwise": NaN, "rho_curated/pairwise_GE/nonlin_additive_pairwise": NaN, "rho_random/pairwise_GE/nonlin_additive_pairwise": NaN, "rho_curated_mean": 0.9946149499382417, "rho_random_mean": 0.9915951642559131, "_wandb": {"runtime": 475}}