{"potts/n_edges": 239, "potts/edge_density": 0.7966666666666666, "potts/J_mean_abs": 3.334287166595459, "potts/J_std": 2.6645593643188477, "_timestamp": 1773659483.9333217, "_runtime": 409.77088475227356, "_step": 21, "gt_scores/additive/std": 1.1692382790629163, "gt_scores/additive/min": -8.865388870239258, "gt_scores/additive/pct5": -6.260699653625488, "gt_scores/additive_pairwise/std": 84.13753541306835, "gt_scores/additive_pairwise/min": -605.7584838867188, "gt_scores/additive_pairwise/pct5": -373.66954040527344, "gt_scores/nonlin_additive/std": 0.1299774051589443, "gt_scores/nonlin_additive/min": -0.8570875160669313, "gt_scores/nonlin_additive/pct5": -0.8319475404672109, "gt_scores/nonlin_additive_pairwise/std": 4.222967696289029e-13, "gt_scores/nonlin_additive_pairwise/min": -0.8602126915025169, "gt_scores/nonlin_additive_pairwise/pct5": -0.8602126915025169, "rho_curated/additive/additive": 0.9999974804798992, "rho_random/additive/additive": 0.9999917910734882, "rho_curated/pairwise/additive": 0.9997125112124936, "rho_random/pairwise/additive": 0.9995124129222159, "rho_curated/additive_GE/additive": 0.9999694794147784, "rho_random/additive_GE/additive": 0.9999356464079181, "rho_curated/pairwise_GE/additive": 0.9835271231322943, "rho_random/pairwise_GE/additive": 0.9737494914674731, "rho_curated/additive/additive_pairwise": 0.981176370054603, "rho_random/additive/additive_pairwise": 0.9678929146828773, "rho_curated/pairwise/additive_pairwise": 0.9995063743882431, "rho_random/pairwise/additive_pairwise": 0.9991510698697865, "rho_curated/additive_GE/additive_pairwise": 0.9813758172390326, "rho_random/additive_GE/additive_pairwise": 0.9655502445282883, "rho_curated/pairwise_GE/additive_pairwise": 0.9753712590862592, "rho_random/pairwise_GE/additive_pairwise": 0.9615642328754295, "rho_curated/additive/nonlin_additive": 0.9954201700081473, "rho_random/additive/nonlin_additive": 0.9956209334011076, "rho_curated/pairwise/nonlin_additive": 0.9939343082042079, "rho_random/pairwise/nonlin_additive": 0.9827494725200343, "rho_curated/additive_GE/nonlin_additive": 0.9999783424711302, "rho_random/additive_GE/nonlin_additive": 0.9999738536339622, "rho_curated/pairwise_GE/nonlin_additive": 0.9891276799558028, "rho_random/pairwise_GE/nonlin_additive": 0.9885306998496397, "rho_curated/additive/nonlin_additive_pairwise": NaN, "rho_random/additive/nonlin_additive_pairwise": NaN, "rho_curated/pairwise/nonlin_additive_pairwise": NaN, "rho_random/pairwise/nonlin_additive_pairwise": NaN, "rho_curated/additive_GE/nonlin_additive_pairwise": NaN, "rho_random/additive_GE/nonlin_additive_pairwise": NaN, "rho_curated/pairwise_GE/nonlin_additive_pairwise": NaN, "rho_random/pairwise_GE/nonlin_additive_pairwise": NaN, "rho_curated_mean": 0.9915914096372411, "rho_random_mean": 0.9861852302693518, "_wandb": {"runtime": 409}}