{"potts/n_edges": 90, "potts/edge_density": 0.8571428571428571, "potts/J_mean_abs": 3.676966428756714, "potts/J_std": 2.9591617584228516, "_timestamp": 1773405032.039662, "_runtime": 549.0696918964386, "_step": 21, "gt_scores/additive/std": 0.9557475539592777, "gt_scores/additive/min": -7.033940315246582, "gt_scores/additive/pct5": -5.159853672981262, "gt_scores/additive_pairwise/std": 43.86785672244776, "gt_scores/additive_pairwise/min": -380.16949462890625, "gt_scores/additive_pairwise/pct5": -322.8208404541016, "gt_scores/nonlin_additive/std": 0.1307311439252841, "gt_scores/nonlin_additive/min": -0.8613129322410867, "gt_scores/nonlin_additive/pct5": -0.8371371284084792, "gt_scores/nonlin_additive_pairwise/std": 1.1102230246251565e-16, "gt_scores/nonlin_additive_pairwise/min": -0.8653877661321029, "gt_scores/nonlin_additive_pairwise/pct5": -0.8653877661321029, "rho_curated/additive/additive": 0.9999982540959301, "rho_random/additive/additive": 0.9999938475215215, "rho_curated/pairwise/additive": 0.9999790583191615, "rho_random/pairwise/additive": 0.9999535255231125, "rho_curated/additive_GE/additive": 0.9999876511115058, "rho_random/additive_GE/additive": 0.9999715809669153, "rho_curated/pairwise_GE/additive": 0.9997523396700818, "rho_random/pairwise_GE/additive": 0.9995807768411673, "rho_curated/additive/additive_pairwise": 0.9335236737729699, "rho_random/additive/additive_pairwise": 0.8983508615396597, "rho_curated/pairwise/additive_pairwise": 0.9999679632627125, "rho_random/pairwise/additive_pairwise": 0.9999445087909747, "rho_curated/additive_GE/additive_pairwise": 0.9335502099052239, "rho_random/additive_GE/additive_pairwise": 0.8943732839466552, "rho_curated/pairwise_GE/additive_pairwise": 0.9996175218966733, "rho_random/pairwise_GE/additive_pairwise": 0.9995492009551527, "rho_curated/additive/nonlin_additive": 0.9960234260886507, "rho_random/additive/nonlin_additive": 0.9969384215720498, "rho_curated/pairwise/nonlin_additive": 0.9992634315224664, "rho_random/pairwise/nonlin_additive": 0.9966678662112867, "rho_curated/additive_GE/nonlin_additive": 0.9999889312475557, "rho_random/additive_GE/nonlin_additive": 0.9999886490188721, "rho_curated/pairwise_GE/nonlin_additive": 0.9995119670844084, "rho_random/pairwise_GE/nonlin_additive": 0.9996225819872152, "rho_curated/additive/nonlin_additive_pairwise": NaN, "rho_random/additive/nonlin_additive_pairwise": NaN, "rho_curated/pairwise/nonlin_additive_pairwise": NaN, "rho_random/pairwise/nonlin_additive_pairwise": NaN, "rho_curated/additive_GE/nonlin_additive_pairwise": NaN, "rho_random/additive_GE/nonlin_additive_pairwise": NaN, "rho_curated/pairwise_GE/nonlin_additive_pairwise": NaN, "rho_random/pairwise_GE/nonlin_additive_pairwise": NaN, "rho_curated_mean": 0.9884303689981117, "rho_random_mean": 0.9820779254062152, "_wandb": {"runtime": 548}}