{"potts/n_edges": 82, "potts/edge_density": 0.780952380952381, "potts/J_mean_abs": 3.5618414878845215, "potts/J_std": 2.945586919784546, "_timestamp": 1773464004.9988844, "_runtime": 496.62391233444214, "_step": 21, "gt_scores/additive/std": 0.7770162874764199, "gt_scores/additive/min": -5.525506973266602, "gt_scores/additive/pct5": -4.092422103881836, "gt_scores/additive_pairwise/std": 41.65507355867789, "gt_scores/additive_pairwise/min": -375.77960205078125, "gt_scores/additive_pairwise/pct5": -318.11699829101565, "gt_scores/nonlin_additive/std": 0.13179785214960515, "gt_scores/nonlin_additive/min": -0.851066460422529, "gt_scores/nonlin_additive/pct5": -0.8261551473383105, "gt_scores/nonlin_additive_pairwise/std": 2.220446049250313e-16, "gt_scores/nonlin_additive_pairwise/min": -0.8558889585984598, "gt_scores/nonlin_additive_pairwise/pct5": -0.8558889585984598, "rho_curated/additive/additive": 0.9999980203599207, "rho_random/additive/additive": 0.9999934243579682, "rho_curated/pairwise/additive": 0.9999785063431378, "rho_random/pairwise/additive": 0.9999431597308955, "rho_curated/additive_GE/additive": 0.9999924567516971, "rho_random/additive_GE/additive": 0.9999812004165812, "rho_curated/pairwise_GE/additive": 0.9964767897785641, "rho_random/pairwise_GE/additive": 0.993309160759796, "rho_curated/additive/additive_pairwise": 0.9357049710989404, "rho_random/additive/additive_pairwise": 0.9037751876525161, "rho_curated/pairwise/additive_pairwise": 0.9999671652866813, "rho_random/pairwise/additive_pairwise": 0.9999370431016839, "rho_curated/additive_GE/additive_pairwise": 0.9357296740568471, "rho_random/additive_GE/additive_pairwise": 0.9000894856607393, "rho_curated/pairwise_GE/additive_pairwise": 0.9996145029605246, "rho_random/pairwise_GE/additive_pairwise": 0.9995260400004367, "rho_curated/additive/nonlin_additive": 0.9972729484343945, "rho_random/additive/nonlin_additive": 0.9978187262126026, "rho_curated/pairwise/nonlin_additive": 0.9993835071032665, "rho_random/pairwise/nonlin_additive": 0.9966333370353043, "rho_curated/additive_GE/nonlin_additive": 0.9999895700315813, "rho_random/additive_GE/nonlin_additive": 0.9999877813694779, "rho_curated/pairwise_GE/nonlin_additive": 0.999725686564988, "rho_random/pairwise_GE/nonlin_additive": 0.9996841121550994, "rho_curated/additive/nonlin_additive_pairwise": NaN, "rho_random/additive/nonlin_additive_pairwise": NaN, "rho_curated/pairwise/nonlin_additive_pairwise": NaN, "rho_random/pairwise/nonlin_additive_pairwise": NaN, "rho_curated/additive_GE/nonlin_additive_pairwise": NaN, "rho_random/additive_GE/nonlin_additive_pairwise": NaN, "rho_curated/pairwise_GE/nonlin_additive_pairwise": NaN, "rho_random/pairwise_GE/nonlin_additive_pairwise": NaN, "rho_curated_mean": 0.9886528165642118, "rho_random_mean": 0.9825565548710918, "_wandb": {"runtime": 496}}