{"potts/n_edges": 353, "potts/edge_density": 0.5932773109243697, "potts/J_mean_abs": 3.3942601680755615, "potts/J_std": 2.61820650100708, "_timestamp": 1773409724.488251, "_runtime": 517.651615858078, "_step": 21, "gt_scores/additive/std": 1.3842610764793362, "gt_scores/additive/min": -11.451440811157227, "gt_scores/additive/pct5": -7.0325216293334964, "gt_scores/additive_pairwise/std": 85.15844823611963, "gt_scores/additive_pairwise/min": -590.9450073242188, "gt_scores/additive_pairwise/pct5": -349.9601333618164, "gt_scores/nonlin_additive/std": 0.13690464032538527, "gt_scores/nonlin_additive/min": -0.8426039102770062, "gt_scores/nonlin_additive/pct5": -0.8114426650877217, "gt_scores/nonlin_additive_pairwise/std": 2.2373319087546156e-06, "gt_scores/nonlin_additive_pairwise/min": -0.8439837195431337, "gt_scores/nonlin_additive_pairwise/pct5": -0.8439837195431337, "rho_curated/additive/additive": 0.9999974342078972, "rho_random/additive/additive": 0.9999925371890751, "rho_curated/pairwise/additive": 0.9990028103281123, "rho_random/pairwise/additive": 0.9985943096133482, "rho_curated/additive_GE/additive": 0.9999487342939483, "rho_random/additive_GE/additive": 0.9999005353428108, "rho_curated/pairwise_GE/additive": 0.9553461374666304, "rho_random/pairwise_GE/additive": 0.9302002427066114, "rho_curated/additive/additive_pairwise": 0.9799386904615475, "rho_random/additive/additive_pairwise": 0.9678463476379078, "rho_curated/pairwise/additive_pairwise": 0.98532950251718, "rho_random/pairwise/additive_pairwise": 0.9791559249391513, "rho_curated/additive_GE/additive_pairwise": 0.980241552521662, "rho_random/additive_GE/additive_pairwise": 0.9710726294292078, "rho_curated/pairwise_GE/additive_pairwise": 0.942687860207388, "rho_random/pairwise_GE/additive_pairwise": 0.9249716167364193, "rho_curated/additive/nonlin_additive": 0.99656081956602, "rho_random/additive/nonlin_additive": 0.996770335562417, "rho_curated/pairwise/nonlin_additive": 0.987444120665162, "rho_random/pairwise/nonlin_additive": 0.9802161426789883, "rho_curated/additive_GE/nonlin_additive": 0.9999811431752434, "rho_random/additive_GE/nonlin_additive": 0.9999749465263679, "rho_curated/pairwise_GE/nonlin_additive": 0.980795089165499, "rho_random/pairwise_GE/nonlin_additive": 0.9727697824785717, "rho_curated/additive/nonlin_additive_pairwise": NaN, "rho_random/additive/nonlin_additive_pairwise": 0.08846341928865399, "rho_curated/pairwise/nonlin_additive_pairwise": NaN, "rho_random/pairwise/nonlin_additive_pairwise": 0.09346816445998636, "rho_curated/additive_GE/nonlin_additive_pairwise": NaN, "rho_random/additive_GE/nonlin_additive_pairwise": NaN, "rho_curated/pairwise_GE/nonlin_additive_pairwise": NaN, "rho_random/pairwise_GE/nonlin_additive_pairwise": -0.10854688168685675, "rho_curated_mean": 0.9839394912146909, "rho_random_mean": 0.7863233368601775, "_wandb": {"runtime": 517}}