{"potts/n_edges": 980, "potts/edge_density": 0.5536723163841808, "potts/J_mean_abs": 1.1398731470108032, "potts/J_std": 0.926882803440094, "_timestamp": 1773504191.810911, "_runtime": 521.8737959861755, "_step": 21, "gt_scores/additive/std": 1.1744741132789402, "gt_scores/additive/min": -8.163891792297363, "gt_scores/additive/pct5": -4.647789335250854, "gt_scores/additive_pairwise/std": 11.262960530127312, "gt_scores/additive_pairwise/min": -83.65838623046875, "gt_scores/additive_pairwise/pct5": -37.72977085113525, "gt_scores/nonlin_additive/std": 0.1689570050480655, "gt_scores/nonlin_additive/min": -0.7429807561159633, "gt_scores/nonlin_additive/pct5": -0.6926860122105037, "gt_scores/nonlin_additive_pairwise/std": 0.11062629495873018, "gt_scores/nonlin_additive_pairwise/min": -0.745782066749144, "gt_scores/nonlin_additive_pairwise/pct5": -0.7457820667491113, "rho_curated/additive/additive": 0.9999962471198495, "rho_random/additive/additive": 0.9999898266978532, "rho_curated/pairwise/additive": 0.9991415574295593, "rho_random/pairwise/additive": 0.9991794573208743, "rho_curated/additive_GE/additive": 0.9999806273672227, "rho_random/additive_GE/additive": 0.9999540912499559, "rho_curated/pairwise_GE/additive": 0.9888889966811601, "rho_random/pairwise_GE/additive": 0.9842655752950134, "rho_curated/additive/additive_pairwise": 0.9340843817697934, "rho_random/additive/additive_pairwise": 0.9184187526184655, "rho_curated/pairwise/additive_pairwise": 0.9275434013959971, "rho_random/pairwise/additive_pairwise": 0.9225049495697394, "rho_curated/additive_GE/additive_pairwise": 0.9333629656673198, "rho_random/additive_GE/additive_pairwise": 0.9216491173497162, "rho_curated/pairwise_GE/additive_pairwise": 0.9179005542160812, "rho_random/pairwise_GE/additive_pairwise": 0.9189204652495866, "rho_curated/additive/nonlin_additive": 0.9963852541588898, "rho_random/additive/nonlin_additive": 0.9955862869449422, "rho_curated/pairwise/nonlin_additive": 0.9954229353364782, "rho_random/pairwise/nonlin_additive": 0.9931697239315437, "rho_curated/additive_GE/nonlin_additive": 0.9999535685421386, "rho_random/additive_GE/nonlin_additive": 0.9999314325426585, "rho_curated/pairwise_GE/nonlin_additive": 0.9964265271525466, "rho_random/pairwise_GE/nonlin_additive": 0.9958716913055858, "rho_curated/additive/nonlin_additive_pairwise": 0.4613775019267625, "rho_random/additive/nonlin_additive_pairwise": 0.8326473906290052, "rho_curated/pairwise/nonlin_additive_pairwise": 0.4737964453811593, "rho_random/pairwise/nonlin_additive_pairwise": 0.844285988825401, "rho_curated/additive_GE/nonlin_additive_pairwise": 0.48326762390324735, "rho_random/additive_GE/nonlin_additive_pairwise": 0.8830360963672677, "rho_curated/pairwise_GE/nonlin_additive_pairwise": 0.4761222285813704, "rho_random/pairwise_GE/nonlin_additive_pairwise": 0.8827736995302351, "rho_curated_mean": 0.8489781760393486, "rho_random_mean": 0.9432615340892402, "_wandb": {"runtime": 521}}