{"potts/n_edges": 948, "potts/edge_density": 0.535593220338983, "potts/J_mean_abs": 2.4728872776031494, "potts/J_std": 2.26492977142334, "_timestamp": 1773483766.7914338, "_runtime": 538.7671978473663, "_step": 21, "gt_scores/additive/std": 1.3340984823309705, "gt_scores/additive/min": -9.362010955810547, "gt_scores/additive/pct5": -5.5176349401474, "gt_scores/additive_pairwise/std": 34.483492421253686, "gt_scores/additive_pairwise/min": -246.11074829101562, "gt_scores/additive_pairwise/pct5": -123.39667854309081, "gt_scores/nonlin_additive/std": 0.16251816317624962, "gt_scores/nonlin_additive/min": -0.7604760693167422, "gt_scores/nonlin_additive/pct5": -0.7143106960595582, "gt_scores/nonlin_additive_pairwise/std": 0.0462015273163303, "gt_scores/nonlin_additive_pairwise/min": -0.7633583097961529, "gt_scores/nonlin_additive_pairwise/pct5": -0.7633583097961529, "rho_curated/additive/additive": 0.9999952489118094, "rho_random/additive/additive": 0.9999862401963182, "rho_curated/pairwise/additive": 0.9990097605603192, "rho_random/pairwise/additive": 0.9990497650137958, "rho_curated/additive_GE/additive": 0.999953186726124, "rho_random/additive_GE/additive": 0.9998852462509696, "rho_curated/pairwise_GE/additive": 0.9904472513454313, "rho_random/pairwise_GE/additive": 0.9853542608344737, "rho_curated/additive/additive_pairwise": 0.941775397256029, "rho_random/additive/additive_pairwise": 0.9170752102948652, "rho_curated/pairwise/additive_pairwise": 0.9367649087570787, "rho_random/pairwise/additive_pairwise": 0.909368258609006, "rho_curated/additive_GE/additive_pairwise": 0.9429303891931065, "rho_random/additive_GE/additive_pairwise": 0.9231806577372929, "rho_curated/pairwise_GE/additive_pairwise": 0.9268354394316616, "rho_random/pairwise_GE/additive_pairwise": 0.9065098405572685, "rho_curated/additive/nonlin_additive": 0.9964894208354085, "rho_random/additive/nonlin_additive": 0.9950264365619191, "rho_curated/pairwise/nonlin_additive": 0.9935372669970254, "rho_random/pairwise/nonlin_additive": 0.9918249909872242, "rho_curated/additive_GE/nonlin_additive": 0.9999800807912027, "rho_random/additive_GE/nonlin_additive": 0.9999712562412668, "rho_curated/pairwise_GE/nonlin_additive": 0.9949930604234823, "rho_random/pairwise_GE/nonlin_additive": 0.9941998219718016, "rho_curated/additive/nonlin_additive_pairwise": 0.1122667386371767, "rho_random/additive/nonlin_additive_pairwise": 0.5128189269612717, "rho_curated/pairwise/nonlin_additive_pairwise": 0.14184055260180709, "rho_random/pairwise/nonlin_additive_pairwise": 0.523286361793374, "rho_curated/additive_GE/nonlin_additive_pairwise": 0.1456875694119227, "rho_random/additive_GE/nonlin_additive_pairwise": 0.5505128403247358, "rho_curated/pairwise_GE/nonlin_additive_pairwise": 0.166794382952574, "rho_random/pairwise_GE/nonlin_additive_pairwise": 0.5281306603650747, "rho_curated_mean": 0.7680812909270099, "rho_random_mean": 0.858511298418791, "_wandb": {"runtime": 538}}