{"potts/n_edges": 100, "potts/edge_density": 0.5263157894736842, "potts/J_mean_abs": 1.629535436630249, "potts/J_std": 1.395155429840088, "_timestamp": 1773524916.3190222, "_runtime": 638.8940870761871, "_step": 21, "gt_scores/additive/std": 1.210202704410808, "gt_scores/additive/min": -8.911455154418945, "gt_scores/additive/pct5": -6.663809275627136, "gt_scores/additive_pairwise/std": 22.821440399519933, "gt_scores/additive_pairwise/min": -164.05690002441406, "gt_scores/additive_pairwise/pct5": -109.86765060424804, "gt_scores/nonlin_additive/std": 0.125785236402486, "gt_scores/nonlin_additive/min": -0.8664681453126024, "gt_scores/nonlin_additive/pct5": -0.8440971430509998, "gt_scores/nonlin_additive_pairwise/std": 7.95570905047308e-06, "gt_scores/nonlin_additive_pairwise/min": -0.8707194432537088, "gt_scores/nonlin_additive_pairwise/pct5": -0.8707194432537088, "rho_curated/additive/additive": 0.9999973075598921, "rho_random/additive/additive": 0.9999923252507629, "rho_curated/pairwise/additive": 0.9999486012379403, "rho_random/pairwise/additive": 0.9998803755774868, "rho_curated/additive_GE/additive": 0.999973892606953, "rho_random/additive_GE/additive": 0.999945350888855, "rho_curated/pairwise_GE/additive": 0.9993139248845239, "rho_random/pairwise_GE/additive": 0.9986530077668344, "rho_curated/additive/additive_pairwise": 0.9641726704780469, "rho_random/additive/additive_pairwise": 0.9328503241644844, "rho_curated/pairwise/additive_pairwise": 0.9999397001895879, "rho_random/pairwise/additive_pairwise": 0.9998810498552503, "rho_curated/additive_GE/additive_pairwise": 0.9640971181141613, "rho_random/additive_GE/additive_pairwise": 0.9338769915100533, "rho_curated/pairwise_GE/additive_pairwise": 0.9919718207102949, "rho_random/pairwise_GE/additive_pairwise": 0.985800374623436, "rho_curated/additive/nonlin_additive": 0.9938768793466344, "rho_random/additive/nonlin_additive": 0.9945928739771247, "rho_curated/pairwise/nonlin_additive": 0.9982423229696085, "rho_random/pairwise/nonlin_additive": 0.993107909512719, "rho_curated/additive_GE/nonlin_additive": 0.999992932959717, "rho_random/additive_GE/nonlin_additive": 0.9999914121335371, "rho_curated/pairwise_GE/nonlin_additive": 0.9989428285176623, "rho_random/pairwise_GE/nonlin_additive": 0.9988389199365189, "rho_curated/additive/nonlin_additive_pairwise": NaN, "rho_random/additive/nonlin_additive_pairwise": 0.13275292843476816, "rho_curated/pairwise/nonlin_additive_pairwise": NaN, "rho_random/pairwise/nonlin_additive_pairwise": 0.07704740897516477, "rho_curated/additive_GE/nonlin_additive_pairwise": NaN, "rho_random/additive_GE/nonlin_additive_pairwise": 0.08198316032238215, "rho_curated/pairwise_GE/nonlin_additive_pairwise": NaN, "rho_random/pairwise_GE/nonlin_additive_pairwise": 0.0763683807007963, "rho_curated_mean": 0.9925391666312519, "rho_random_mean": 0.7628476746018859, "_wandb": {"runtime": 638}}