{"potts/n_edges": 69, "potts/edge_density": 0.6571428571428571, "potts/J_mean_abs": 3.6957781314849854, "potts/J_std": 3.1170268058776855, "_timestamp": 1773375291.1981847, "_runtime": 539.7398126125336, "_step": 21, "gt_scores/additive/std": 0.9557475539592777, "gt_scores/additive/min": -7.033940315246582, "gt_scores/additive/pct5": -5.159853672981262, "gt_scores/additive_pairwise/std": 34.175201053590506, "gt_scores/additive_pairwise/min": -293.7442626953125, "gt_scores/additive_pairwise/pct5": -227.08452987670898, "gt_scores/nonlin_additive/std": 0.1307311439252841, "gt_scores/nonlin_additive/min": -0.8613129322410867, "gt_scores/nonlin_additive/pct5": -0.8371371284084792, "gt_scores/nonlin_additive_pairwise/std": 1.1102230246251565e-16, "gt_scores/nonlin_additive_pairwise/min": -0.8653877661321029, "gt_scores/nonlin_additive_pairwise/pct5": -0.8653877661321029, "rho_curated/additive/additive": 0.9999975029919002, "rho_random/additive/additive": 0.9999920274985642, "rho_curated/pairwise/additive": 0.999976823919072, "rho_random/pairwise/additive": 0.9999524544295129, "rho_curated/additive_GE/additive": 0.9999798088231908, "rho_random/additive_GE/additive": 0.9999467732261381, "rho_curated/pairwise_GE/additive": 0.9997727281508982, "rho_random/pairwise_GE/additive": 0.9995789017528465, "rho_curated/additive/additive_pairwise": 0.9209853582360362, "rho_random/additive/additive_pairwise": 0.8667957033562622, "rho_curated/pairwise/additive_pairwise": 0.9999686305107394, "rho_random/pairwise/additive_pairwise": 0.999945838592545, "rho_curated/additive_GE/additive_pairwise": 0.9200287254494718, "rho_random/additive_GE/additive_pairwise": 0.8640164772887392, "rho_curated/pairwise_GE/additive_pairwise": 0.9996396472335339, "rho_random/pairwise_GE/additive_pairwise": 0.9993995659510294, "rho_curated/additive/nonlin_additive": 0.9963495434056311, "rho_random/additive/nonlin_additive": 0.9971197199116542, "rho_curated/pairwise/nonlin_additive": 0.9991669720386189, "rho_random/pairwise/nonlin_additive": 0.9954522089358003, "rho_curated/additive_GE/nonlin_additive": 0.9999876352715039, "rho_random/additive_GE/nonlin_additive": 0.9999844877135159, "rho_curated/pairwise_GE/nonlin_additive": 0.9995841714473369, "rho_random/pairwise_GE/nonlin_additive": 0.9996475066878188, "rho_curated/additive/nonlin_additive_pairwise": NaN, "rho_random/additive/nonlin_additive_pairwise": NaN, "rho_curated/pairwise/nonlin_additive_pairwise": NaN, "rho_random/pairwise/nonlin_additive_pairwise": NaN, "rho_curated/additive_GE/nonlin_additive_pairwise": NaN, "rho_random/additive_GE/nonlin_additive_pairwise": NaN, "rho_curated/pairwise_GE/nonlin_additive_pairwise": NaN, "rho_random/pairwise_GE/nonlin_additive_pairwise": NaN, "rho_curated_mean": 0.9862864622898279, "rho_random_mean": 0.9768193054453688, "_wandb": {"runtime": 539}}