{"potts/n_edges": 90, "potts/edge_density": 0.8571428571428571, "potts/J_mean_abs": 2.05466890335083, "potts/J_std": 1.5956026315689087, "_timestamp": 1773694659.481507, "_runtime": 515.0693809986115, "_step": 21, "gt_scores/additive/std": 0.9354941049529601, "gt_scores/additive/min": -6.730696678161621, "gt_scores/additive/pct5": -5.088986277580261, "gt_scores/additive_pairwise/std": 23.56350887893187, "gt_scores/additive_pairwise/min": -211.6372833251953, "gt_scores/additive_pairwise/pct5": -177.71719360351562, "gt_scores/nonlin_additive/std": 0.12695859792178035, "gt_scores/nonlin_additive/min": -0.8594803927815321, "gt_scores/nonlin_additive/pct5": -0.8373509757801759, "gt_scores/nonlin_additive_pairwise/std": 1.1102230246251565e-16, "gt_scores/nonlin_additive_pairwise/min": -0.8642349522941661, "gt_scores/nonlin_additive_pairwise/pct5": -0.8642349522941661, "rho_curated/additive/additive": 0.9999985922559435, "rho_random/additive/additive": 0.999995468015963, "rho_curated/pairwise/additive": 0.9999771507990795, "rho_random/pairwise/additive": 0.9999531161743946, "rho_curated/additive_GE/additive": 0.9999899228795942, "rho_random/additive_GE/additive": 0.999975560387775, "rho_curated/pairwise_GE/additive": 0.9996833378432424, "rho_random/pairwise_GE/additive": 0.9993328233328235, "rho_curated/additive/additive_pairwise": 0.9303644838575655, "rho_random/additive/additive_pairwise": 0.8843258969819399, "rho_curated/pairwise/additive_pairwise": 0.9999692068707661, "rho_random/pairwise/additive_pairwise": 0.9999457646286358, "rho_curated/additive_GE/additive_pairwise": 0.9302559347778682, "rho_random/additive_GE/additive_pairwise": 0.8815056473755527, "rho_curated/pairwise_GE/additive_pairwise": 0.9996033678000871, "rho_random/pairwise_GE/additive_pairwise": 0.9993507940098639, "rho_curated/additive/nonlin_additive": 0.9956704507525321, "rho_random/additive/nonlin_additive": 0.9938866229481563, "rho_curated/pairwise/nonlin_additive": 0.9992506314096655, "rho_random/pairwise/nonlin_additive": 0.9968320351355526, "rho_curated/additive_GE/nonlin_additive": 0.9999893526155686, "rho_random/additive_GE/nonlin_additive": 0.9999887618383241, "rho_curated/pairwise_GE/nonlin_additive": 0.9995260065808127, "rho_random/pairwise_GE/nonlin_additive": 0.9995926640548017, "rho_curated/additive/nonlin_additive_pairwise": NaN, "rho_random/additive/nonlin_additive_pairwise": NaN, "rho_curated/pairwise/nonlin_additive_pairwise": NaN, "rho_random/pairwise/nonlin_additive_pairwise": NaN, "rho_curated/additive_GE/nonlin_additive_pairwise": NaN, "rho_random/additive_GE/nonlin_additive_pairwise": NaN, "rho_curated/pairwise_GE/nonlin_additive_pairwise": NaN, "rho_random/pairwise_GE/nonlin_additive_pairwise": NaN, "rho_curated_mean": 0.9878565365368939, "rho_random_mean": 0.9795570962403154, "_wandb": {"runtime": 514}}