{"potts/n_edges": 208, "potts/edge_density": 0.6933333333333334, "potts/J_mean_abs": 1.880294919013977, "potts/J_std": 1.5021135807037354, "_timestamp": 1773462338.2200608, "_runtime": 535.7945427894592, "_step": 21, "gt_scores/additive/std": 1.1398200883094438, "gt_scores/additive/min": -9.020009994506836, "gt_scores/additive/pct5": -6.03385751247406, "gt_scores/additive_pairwise/std": 39.530450368889014, "gt_scores/additive_pairwise/min": -288.8302917480469, "gt_scores/additive_pairwise/pct5": -176.00865020751954, "gt_scores/nonlin_additive/std": 0.13291535666614748, "gt_scores/nonlin_additive/min": -0.8512857583768847, "gt_scores/nonlin_additive/pct5": -0.8249976913530378, "gt_scores/nonlin_additive_pairwise/std": 2.6543150409616765e-05, "gt_scores/nonlin_additive_pairwise/min": -0.853410595172368, "gt_scores/nonlin_additive_pairwise/pct5": -0.853410595172368, "rho_curated/additive/additive": 0.9999972966398917, "rho_random/additive/additive": 0.9999905070971568, "rho_curated/pairwise/additive": 0.9997362763734382, "rho_random/pairwise/additive": 0.999467903159368, "rho_curated/additive_GE/additive": 0.9999728247029115, "rho_random/additive_GE/additive": 0.9999434635390007, "rho_curated/pairwise_GE/additive": 0.9829495395175725, "rho_random/pairwise_GE/additive": 0.9719104576635114, "rho_curated/additive/additive_pairwise": 0.9756767552179028, "rho_random/additive/additive_pairwise": 0.9575177495177496, "rho_curated/pairwise/additive_pairwise": 0.999325754701014, "rho_random/pairwise/additive_pairwise": 0.9988056937095791, "rho_curated/additive_GE/additive_pairwise": 0.9756127282553388, "rho_random/additive_GE/additive_pairwise": 0.9580834115949844, "rho_curated/pairwise_GE/additive_pairwise": 0.9764964262672929, "rho_random/pairwise_GE/additive_pairwise": 0.965178416515058, "rho_curated/additive/nonlin_additive": 0.99645125329788, "rho_random/additive/nonlin_additive": 0.9968337270024247, "rho_curated/pairwise/nonlin_additive": 0.9945326995811767, "rho_random/pairwise/nonlin_additive": 0.9883469410997545, "rho_curated/additive_GE/nonlin_additive": 0.999978875727154, "rho_random/additive_GE/nonlin_additive": 0.9999702018333416, "rho_curated/pairwise_GE/nonlin_additive": 0.9888769276577425, "rho_random/pairwise_GE/nonlin_additive": 0.9869652759408004, "rho_curated/additive/nonlin_additive_pairwise": NaN, "rho_random/additive/nonlin_additive_pairwise": 0.11021448724222747, "rho_curated/pairwise/nonlin_additive_pairwise": NaN, "rho_random/pairwise/nonlin_additive_pairwise": NaN, "rho_curated/additive_GE/nonlin_additive_pairwise": NaN, "rho_random/additive_GE/nonlin_additive_pairwise": NaN, "rho_curated/pairwise_GE/nonlin_additive_pairwise": NaN, "rho_random/pairwise_GE/nonlin_additive_pairwise": 0.0007912216130676593, "rho_curated_mean": 0.9908006131616096, "rho_random_mean": 0.8524299612520017, "_wandb": {"runtime": 535}}