{"potts/n_edges": 89, "potts/edge_density": 0.8476190476190476, "potts/J_nonzero": 757, "potts/J_mean_abs": 2.450347423553467, "potts/J_std": 2.156057834625244, "_timestamp": 1773343332.1499074, "_runtime": 682.8842453956604, "_step": 21, "gt_scores/additive/std": 0.817120574178026, "gt_scores/additive/min": -4.868854522705078, "gt_scores/additive/pct5": -2.931928503513336, "gt_scores/additive_pairwise/std": 32.50703830048415, "gt_scores/additive_pairwise/min": -238.8808135986328, "gt_scores/additive_pairwise/pct5": -100.53761215209961, "gt_scores/nonlin_additive/std": 0.17688003287811785, "gt_scores/nonlin_additive/min": -0.7028748968733042, "gt_scores/nonlin_additive/pct5": -0.6459801853924634, "gt_scores/nonlin_additive_pairwise/std": 0.1186757538833283, "gt_scores/nonlin_additive_pairwise/min": -0.7091344521458358, "gt_scores/nonlin_additive_pairwise/pct5": -0.7091344521458358, "rho_curated/additive/additive": 0.9999979295917453, "rho_random/additive/additive": 0.9999940278587645, "rho_curated/pairwise/additive": 0.9999735323887113, "rho_random/pairwise/additive": 0.9999524710403647, "rho_curated/additive_GE/additive": 0.999986025950265, "rho_random/additive_GE/additive": 0.9999743006775967, "rho_curated/pairwise_GE/additive": 0.9993188852432833, "rho_random/pairwise_GE/additive": 0.9991487501954163, "rho_curated/additive/additive_pairwise": 0.946966866733762, "rho_random/additive/additive_pairwise": 0.9610786336314062, "rho_curated/pairwise/additive_pairwise": 0.9999237585248587, "rho_random/pairwise/additive_pairwise": 0.9999005454548009, "rho_curated/additive_GE/additive_pairwise": 0.9479740262220324, "rho_random/additive_GE/additive_pairwise": 0.963190789092732, "rho_curated/pairwise_GE/additive_pairwise": 0.9986112740227845, "rho_random/pairwise_GE/additive_pairwise": 0.9988564235944092, "rho_curated/additive/nonlin_additive": 0.9979890434573123, "rho_random/additive/nonlin_additive": 0.9975206608581239, "rho_curated/pairwise/nonlin_additive": 0.9996421424668207, "rho_random/pairwise/nonlin_additive": 0.9993092615317903, "rho_curated/additive_GE/nonlin_additive": 0.9999923189901877, "rho_random/additive_GE/nonlin_additive": 0.9999882887682431, "rho_curated/pairwise_GE/nonlin_additive": 0.9997725965378836, "rho_random/pairwise_GE/nonlin_additive": 0.9996961160154058, "rho_curated/additive/nonlin_additive_pairwise": 0.40991077227089706, "rho_random/additive/nonlin_additive_pairwise": 0.7432015791035971, "rho_curated/pairwise/nonlin_additive_pairwise": 0.43009040563739315, "rho_random/pairwise/nonlin_additive_pairwise": 0.7059068706007996, "rho_curated/additive_GE/nonlin_additive_pairwise": 0.3950734559987696, "rho_random/additive_GE/nonlin_additive_pairwise": 0.7273226781321985, "rho_curated/pairwise_GE/nonlin_additive_pairwise": 0.501481235840552, "rho_random/pairwise_GE/nonlin_additive_pairwise": 0.7444770018257192, "rho_curated_mean": 0.8516690168673287, "rho_random_mean": 0.9274698998988354, "_wandb": {"runtime": 682}}