{"potts/n_edges": 160, "potts/edge_density": 0.8421052631578947, "potts/J_mean_abs": 2.579169988632202, "potts/J_std": 2.068495512008667, "_timestamp": 1773361961.5047386, "_runtime": 518.1107704639435, "_step": 21, "gt_scores/additive/std": 1.210202704410808, "gt_scores/additive/min": -8.911455154418945, "gt_scores/additive/pct5": -6.663809275627136, "gt_scores/additive_pairwise/std": 58.10784097635379, "gt_scores/additive_pairwise/min": -415.3971252441406, "gt_scores/additive_pairwise/pct5": -287.7914764404297, "gt_scores/nonlin_additive/std": 0.125785236402486, "gt_scores/nonlin_additive/min": -0.8664681453126024, "gt_scores/nonlin_additive/pct5": -0.8440971430509998, "gt_scores/nonlin_additive_pairwise/std": 3.24334273321935e-12, "gt_scores/nonlin_additive_pairwise/min": -0.8707194432537088, "gt_scores/nonlin_additive_pairwise/pct5": -0.8707194432537088, "rho_curated/additive/additive": 0.9999977477439096, "rho_random/additive/additive": 0.9999933447950751, "rho_curated/pairwise/additive": 0.9999400052295944, "rho_random/pairwise/additive": 0.999891374644915, "rho_curated/additive_GE/additive": 0.9999849693993976, "rho_random/additive_GE/additive": 0.9999674754914256, "rho_curated/pairwise_GE/additive": 0.9992639054985033, "rho_random/pairwise_GE/additive": 0.9986609402082799, "rho_curated/additive/additive_pairwise": 0.9780671673381602, "rho_random/additive/additive_pairwise": 0.963723766573659, "rho_curated/pairwise/additive_pairwise": 0.999942209845687, "rho_random/pairwise/additive_pairwise": 0.9998655494395337, "rho_curated/additive_GE/additive_pairwise": NaN, "rho_random/additive_GE/additive_pairwise": NaN, "rho_curated/pairwise_GE/additive_pairwise": 0.9985074254202612, "rho_random/pairwise_GE/additive_pairwise": 0.9976427124203116, "rho_curated/additive/nonlin_additive": 0.9951936561994001, "rho_random/additive/nonlin_additive": 0.9953202370912055, "rho_curated/pairwise/nonlin_additive": 0.9979906066633832, "rho_random/pairwise/nonlin_additive": 0.9937573735527832, "rho_curated/additive_GE/nonlin_additive": 0.9999905066316187, "rho_random/additive_GE/nonlin_additive": 0.9999899154876357, "rho_curated/pairwise_GE/nonlin_additive": 0.9987126756844762, "rho_random/pairwise_GE/nonlin_additive": 0.9985791988131671, "rho_curated/additive/nonlin_additive_pairwise": NaN, "rho_random/additive/nonlin_additive_pairwise": NaN, "rho_curated/pairwise/nonlin_additive_pairwise": NaN, "rho_random/pairwise/nonlin_additive_pairwise": NaN, "rho_curated/additive_GE/nonlin_additive_pairwise": NaN, "rho_random/additive_GE/nonlin_additive_pairwise": NaN, "rho_curated/pairwise_GE/nonlin_additive_pairwise": NaN, "rho_random/pairwise_GE/nonlin_additive_pairwise": NaN, "rho_curated_mean": 0.9970537159685811, "rho_random_mean": 0.9952174444107265, "_wandb": {"runtime": 517}}