{"potts/n_edges": 1456, "potts/edge_density": 0.8225988700564971, "potts/J_mean_abs": 4.1255598068237305, "potts/J_std": 3.341343879699707, "_timestamp": 1773530351.4170237, "_runtime": 531.5435535907745, "_step": 21, "gt_scores/additive/std": 1.1832354436262664, "gt_scores/additive/min": -8.542335510253906, "gt_scores/additive/pct5": -4.846619439125061, "gt_scores/additive_pairwise/std": 98.71820196212664, "gt_scores/additive_pairwise/min": -705.33740234375, "gt_scores/additive_pairwise/pct5": -355.4208160400391, "gt_scores/nonlin_additive/std": 0.16402120129453077, "gt_scores/nonlin_additive/min": -0.7585703320830396, "gt_scores/nonlin_additive/pct5": -0.7106111572045939, "gt_scores/nonlin_additive_pairwise/std": 0.02057935825148306, "gt_scores/nonlin_additive_pairwise/min": -0.7608949327241471, "gt_scores/nonlin_additive_pairwise/pct5": -0.7608949327241471, "rho_curated/additive/additive": 0.9999958014878314, "rho_random/additive/additive": 0.9999885557742538, "rho_curated/pairwise/additive": 0.999106024108198, "rho_random/pairwise/additive": 0.9992228892182355, "rho_curated/additive_GE/additive": 0.9999589167743538, "rho_random/additive_GE/additive": 0.999911669365481, "rho_curated/pairwise_GE/additive": 0.9910903609387589, "rho_random/pairwise_GE/additive": 0.9866536031267711, "rho_curated/additive/additive_pairwise": 0.9754468799926967, "rho_random/additive/additive_pairwise": 0.9669045526624005, "rho_curated/pairwise/additive_pairwise": 0.9651863512937833, "rho_random/pairwise/additive_pairwise": 0.9573212907055972, "rho_curated/additive_GE/additive_pairwise": 0.9766698799371155, "rho_random/additive_GE/additive_pairwise": 0.9649154709317106, "rho_curated/pairwise_GE/additive_pairwise": 0.9559565609081486, "rho_random/pairwise_GE/additive_pairwise": 0.9571864127299614, "rho_curated/additive/nonlin_additive": 0.9964113532482818, "rho_random/additive/nonlin_additive": 0.9952925415006441, "rho_curated/pairwise/nonlin_additive": 0.993586693991006, "rho_random/pairwise/nonlin_additive": 0.9912311345898722, "rho_curated/additive_GE/nonlin_additive": 0.9999788864551529, "rho_random/additive_GE/nonlin_additive": 0.9999672013277439, "rho_curated/pairwise_GE/nonlin_additive": 0.9946603506900296, "rho_random/pairwise_GE/nonlin_additive": 0.994392795212362, "rho_curated/additive/nonlin_additive_pairwise": NaN, "rho_random/additive/nonlin_additive_pairwise": 0.2133979894070476, "rho_curated/pairwise/nonlin_additive_pairwise": NaN, "rho_random/pairwise/nonlin_additive_pairwise": 0.27370780089596913, "rho_curated/additive_GE/nonlin_additive_pairwise": NaN, "rho_random/additive_GE/nonlin_additive_pairwise": 0.01623022214102527, "rho_curated/pairwise_GE/nonlin_additive_pairwise": NaN, "rho_random/pairwise_GE/nonlin_additive_pairwise": -0.16350410639241506, "rho_curated_mean": 0.9873373383187798, "rho_random_mean": 0.7595512514497913, "_wandb": {"runtime": 531}}