{"potts/n_edges": 69, "potts/edge_density": 0.6571428571428571, "potts/J_mean_abs": 1.22714364528656, "potts/J_std": 1.0324727296829224, "_timestamp": 1773663063.4670384, "_runtime": 557.0737493038177, "_step": 21, "gt_scores/additive/std": 0.7770162874764199, "gt_scores/additive/min": -5.525506973266602, "gt_scores/additive/pct5": -4.092422103881836, "gt_scores/additive_pairwise/std": 11.035395231954299, "gt_scores/additive_pairwise/min": -98.7385482788086, "gt_scores/additive_pairwise/pct5": -75.62471313476563, "gt_scores/nonlin_additive/std": 0.13179785214960515, "gt_scores/nonlin_additive/min": -0.851066460422529, "gt_scores/nonlin_additive/pct5": -0.8261551473383105, "gt_scores/nonlin_additive_pairwise/std": 2.469400718947729e-10, "gt_scores/nonlin_additive_pairwise/min": -0.8558889585984598, "gt_scores/nonlin_additive_pairwise/pct5": -0.8558889585984598, "rho_curated/additive/additive": 0.9999977752719109, "rho_random/additive/additive": 0.9999924495707434, "rho_curated/pairwise/additive": 0.9999769119030756, "rho_random/pairwise/additive": 0.9999541704173458, "rho_curated/additive_GE/additive": NaN, "rho_random/additive_GE/additive": NaN, "rho_curated/pairwise_GE/additive": 0.9996225204008465, "rho_random/pairwise_GE/additive": 0.9993532455651444, "rho_curated/additive/additive_pairwise": 0.910339566143127, "rho_random/additive/additive_pairwise": 0.8495230553608679, "rho_curated/pairwise/additive_pairwise": 0.999968945726755, "rho_random/pairwise/additive_pairwise": 0.9999440981199388, "rho_curated/additive_GE/additive_pairwise": 0.9103044272878719, "rho_random/additive_GE/additive_pairwise": 0.840747480868569, "rho_curated/pairwise_GE/additive_pairwise": 0.9996644718265629, "rho_random/pairwise_GE/additive_pairwise": 0.9995210687110485, "rho_curated/additive/nonlin_additive": 0.9965888405753079, "rho_random/additive/nonlin_additive": 0.9968739356529119, "rho_curated/pairwise/nonlin_additive": 0.999402612520076, "rho_random/pairwise/nonlin_additive": 0.9975762328676863, "rho_curated/additive_GE/nonlin_additive": 0.9999902383356092, "rho_random/additive_GE/nonlin_additive": 0.9999896581009812, "rho_curated/pairwise_GE/nonlin_additive": 0.9996473902098789, "rho_random/pairwise_GE/nonlin_additive": 0.9996525668040127, "rho_curated/additive/nonlin_additive_pairwise": NaN, "rho_random/additive/nonlin_additive_pairwise": NaN, "rho_curated/pairwise/nonlin_additive_pairwise": NaN, "rho_random/pairwise/nonlin_additive_pairwise": NaN, "rho_curated/additive_GE/nonlin_additive_pairwise": NaN, "rho_random/additive_GE/nonlin_additive_pairwise": NaN, "rho_curated/pairwise_GE/nonlin_additive_pairwise": NaN, "rho_random/pairwise_GE/nonlin_additive_pairwise": NaN, "rho_curated_mean": 0.9832276091091837, "rho_random_mean": 0.9711934510944773, "_wandb": {"runtime": 556}}