{"potts/n_edges": 204, "potts/edge_density": 0.68, "potts/J_mean_abs": 2.1995131969451904, "potts/J_std": 1.7557315826416016, "_timestamp": 1773347593.5207071, "_runtime": 543.9109630584717, "_step": 21, "gt_scores/additive/std": 1.1398200883094438, "gt_scores/additive/min": -9.020009994506836, "gt_scores/additive/pct5": -6.03385751247406, "gt_scores/additive_pairwise/std": 41.156871000106754, "gt_scores/additive_pairwise/min": -273.7732849121094, "gt_scores/additive_pairwise/pct5": -182.91116333007812, "gt_scores/nonlin_additive/std": 0.13291535666614748, "gt_scores/nonlin_additive/min": -0.8512857583768847, "gt_scores/nonlin_additive/pct5": -0.8249976913530378, "gt_scores/nonlin_additive_pairwise/std": 3.1101056677520674e-05, "gt_scores/nonlin_additive_pairwise/min": -0.853410595172368, "gt_scores/nonlin_additive_pairwise/pct5": -0.853410595172368, "rho_curated/additive/additive": 0.9999979487679177, "rho_random/additive/additive": 0.9999926109667788, "rho_curated/pairwise/additive": 0.9997369206294767, "rho_random/pairwise/additive": 0.9995085796786934, "rho_curated/additive_GE/additive": 0.9999772825590912, "rho_random/additive_GE/additive": 0.9999475610021402, "rho_curated/pairwise_GE/additive": 0.9819001128591356, "rho_random/pairwise_GE/additive": 0.9701949240587743, "rho_curated/additive/additive_pairwise": 0.9712034451521377, "rho_random/additive/additive_pairwise": 0.9488455990868405, "rho_curated/pairwise/additive_pairwise": 0.9990538977621333, "rho_random/pairwise/additive_pairwise": 0.9983446852548647, "rho_curated/additive_GE/additive_pairwise": 0.9712274692490985, "rho_random/additive_GE/additive_pairwise": 0.9544128678697573, "rho_curated/pairwise_GE/additive_pairwise": 0.9770272791685398, "rho_random/pairwise_GE/additive_pairwise": 0.9675279255716699, "rho_curated/additive/nonlin_additive": 0.996423345496848, "rho_random/additive/nonlin_additive": 0.9970174406031672, "rho_curated/pairwise/nonlin_additive": 0.9946929788594646, "rho_random/pairwise/nonlin_additive": 0.9873607305347754, "rho_curated/additive_GE/nonlin_additive": 0.9999806028872237, "rho_random/additive_GE/nonlin_additive": 0.9999807331964208, "rho_curated/pairwise_GE/nonlin_additive": 0.9896830161710729, "rho_random/pairwise_GE/nonlin_additive": 0.98831443508523, "rho_curated/additive/nonlin_additive_pairwise": NaN, "rho_random/additive/nonlin_additive_pairwise": NaN, "rho_curated/pairwise/nonlin_additive_pairwise": NaN, "rho_random/pairwise/nonlin_additive_pairwise": 0.06983576562888977, "rho_curated/additive_GE/nonlin_additive_pairwise": NaN, "rho_random/additive_GE/nonlin_additive_pairwise": NaN, "rho_curated/pairwise_GE/nonlin_additive_pairwise": NaN, "rho_random/pairwise_GE/nonlin_additive_pairwise": 0.039647332361623364, "rho_curated_mean": 0.990075358296845, "rho_random_mean": 0.8514950850642587, "_wandb": {"runtime": 543}}