{"potts/n_edges": 141, "potts/edge_density": 0.7421052631578947, "potts/J_mean_abs": 3.6265108585357666, "potts/J_std": 3.4352710247039795, "_timestamp": 1773523138.9665773, "_runtime": 605.3292443752289, "_step": 21, "gt_scores/additive/std": 1.3328169946638528, "gt_scores/additive/min": -8.54687213897705, "gt_scores/additive/pct5": -5.66396427154541, "gt_scores/additive_pairwise/std": 62.57924126175776, "gt_scores/additive_pairwise/min": -474.59100341796875, "gt_scores/additive_pairwise/pct5": -245.34116897583007, "gt_scores/nonlin_additive/std": 0.16085671890946024, "gt_scores/nonlin_additive/min": -0.7713287382205405, "gt_scores/nonlin_additive/pct5": -0.7296449659409056, "gt_scores/nonlin_additive_pairwise/std": 0.002612869674978403, "gt_scores/nonlin_additive_pairwise/min": -0.7770133472475471, "gt_scores/nonlin_additive_pairwise/pct5": -0.7770133472475471, "rho_curated/additive/additive": 0.9999976009359041, "rho_random/additive/additive": 0.9999936162118757, "rho_curated/pairwise/additive": 0.9999431165897221, "rho_random/pairwise/additive": 0.9998884269025706, "rho_curated/additive_GE/additive": 0.9999781279831231, "rho_random/additive_GE/additive": 0.9999438903878289, "rho_curated/pairwise_GE/additive": 0.9949132825962873, "rho_random/pairwise_GE/additive": 0.9929763012948124, "rho_curated/additive/additive_pairwise": 0.9702737143222352, "rho_random/additive/additive_pairwise": 0.9513989340978122, "rho_curated/pairwise/additive_pairwise": 0.9999274221010916, "rho_random/pairwise/additive_pairwise": 0.9998473348767318, "rho_curated/additive_GE/additive_pairwise": 0.9705478999085025, "rho_random/additive_GE/additive_pairwise": 0.9533225347778097, "rho_curated/pairwise_GE/additive_pairwise": 0.9965492802698884, "rho_random/pairwise_GE/additive_pairwise": 0.9950506109720181, "rho_curated/additive/nonlin_additive": 0.9972573451938332, "rho_random/additive/nonlin_additive": 0.9958186638882295, "rho_curated/pairwise/nonlin_additive": 0.9990616265062848, "rho_random/pairwise/nonlin_additive": 0.9981307399419157, "rho_curated/additive_GE/nonlin_additive": 0.9999917166636675, "rho_random/additive_GE/nonlin_additive": 0.9999840771965628, "rho_curated/pairwise_GE/nonlin_additive": 0.9977097205880041, "rho_random/pairwise_GE/nonlin_additive": 0.99709670952937, "rho_curated/additive/nonlin_additive_pairwise": NaN, "rho_random/additive/nonlin_additive_pairwise": 0.1918296836654808, "rho_curated/pairwise/nonlin_additive_pairwise": NaN, "rho_random/pairwise/nonlin_additive_pairwise": 0.2053443121739474, "rho_curated/additive_GE/nonlin_additive_pairwise": NaN, "rho_random/additive_GE/nonlin_additive_pairwise": 0.16290048032460705, "rho_curated/pairwise_GE/nonlin_additive_pairwise": NaN, "rho_random/pairwise_GE/nonlin_additive_pairwise": 0.16034686437972281, "rho_curated_mean": 0.9938459044715452, "rho_random_mean": 0.787742073788831, "_wandb": {"runtime": 605}}