{"potts/n_edges": 176, "potts/edge_density": 0.9263157894736842, "potts/J_mean_abs": 3.523414134979248, "potts/J_std": 2.980635404586792, "_timestamp": 1773417570.9246278, "_runtime": 535.5066046714783, "_step": 21, "gt_scores/additive/std": 1.2097035595556864, "gt_scores/additive/min": -8.994394302368164, "gt_scores/additive/pct5": -6.638693571090698, "gt_scores/additive_pairwise/std": 94.24377104359704, "gt_scores/additive_pairwise/min": -696.6939697265625, "gt_scores/additive_pairwise/pct5": -470.47901153564453, "gt_scores/nonlin_additive/std": 0.12780147869164835, "gt_scores/nonlin_additive/min": -0.8633649983358815, "gt_scores/nonlin_additive/pct5": -0.8409005929909275, "gt_scores/nonlin_additive_pairwise/std": 1.1101119967710238e-16, "gt_scores/nonlin_additive_pairwise/min": -0.8672038070001775, "gt_scores/nonlin_additive_pairwise/pct5": -0.8672038070001775, "rho_curated/additive/additive": 0.9999981677919267, "rho_random/additive/additive": 0.9999926032051558, "rho_curated/pairwise/additive": 0.9999408510616299, "rho_random/pairwise/additive": 0.9998822604123138, "rho_curated/additive_GE/additive": 0.9999746660309855, "rho_random/additive_GE/additive": 0.9999394099419924, "rho_curated/pairwise_GE/additive": 0.9991805181911816, "rho_random/pairwise_GE/additive": 0.9983947581890454, "rho_curated/additive/additive_pairwise": 0.9828572767694684, "rho_random/additive/additive_pairwise": 0.9724976794034162, "rho_curated/pairwise/additive_pairwise": 0.9999374845574964, "rho_random/pairwise/additive_pairwise": 0.9998846650119297, "rho_curated/additive_GE/additive_pairwise": 0.9828944597065469, "rho_random/additive_GE/additive_pairwise": 0.9730559544995651, "rho_curated/pairwise_GE/additive_pairwise": 0.9989509194459866, "rho_random/pairwise_GE/additive_pairwise": 0.9984669645698094, "rho_curated/additive/nonlin_additive": 0.9957017103479652, "rho_random/additive/nonlin_additive": 0.9961364012670925, "rho_curated/pairwise/nonlin_additive": 0.998205200944165, "rho_random/pairwise/nonlin_additive": 0.9933232256650639, "rho_curated/additive_GE/nonlin_additive": NaN, "rho_random/additive_GE/nonlin_additive": NaN, "rho_curated/pairwise_GE/nonlin_additive": 0.998817387064667, "rho_random/pairwise_GE/nonlin_additive": 0.9985691309343867, "rho_curated/additive/nonlin_additive_pairwise": NaN, "rho_random/additive/nonlin_additive_pairwise": NaN, "rho_curated/pairwise/nonlin_additive_pairwise": NaN, "rho_random/pairwise/nonlin_additive_pairwise": NaN, "rho_curated/additive_GE/nonlin_additive_pairwise": NaN, "rho_random/additive_GE/nonlin_additive_pairwise": NaN, "rho_curated/pairwise_GE/nonlin_additive_pairwise": NaN, "rho_random/pairwise_GE/nonlin_additive_pairwise": NaN, "rho_curated_mean": 0.9960416947192745, "rho_random_mean": 0.9936493684636155, "_wandb": {"runtime": 535}}