{"potts/n_edges": 86, "potts/edge_density": 0.819047619047619, "potts/J_mean_abs": 3.29976224899292, "potts/J_std": 2.7903616428375244, "_timestamp": 1773561130.7006671, "_runtime": 521.6434872150421, "_step": 21, "gt_scores/additive/std": 0.9354941049529601, "gt_scores/additive/min": -6.730696678161621, "gt_scores/additive/pct5": -5.088986277580261, "gt_scores/additive_pairwise/std": 34.844797230816155, "gt_scores/additive_pairwise/min": -308.21942138671875, "gt_scores/additive_pairwise/pct5": -260.5390853881836, "gt_scores/nonlin_additive/std": 0.12695859792178035, "gt_scores/nonlin_additive/min": -0.8594803927815321, "gt_scores/nonlin_additive/pct5": -0.8373509757801759, "gt_scores/nonlin_additive_pairwise/std": 1.1102230246251565e-16, "gt_scores/nonlin_additive_pairwise/min": -0.8642349522941661, "gt_scores/nonlin_additive_pairwise/pct5": -0.8642349522941661, "rho_curated/additive/additive": 0.999998787951951, "rho_random/additive/additive": 0.9999959704764741, "rho_curated/pairwise/additive": 0.9999761008230356, "rho_random/pairwise/additive": 0.9999456181603604, "rho_curated/additive_GE/additive": 0.9999873135514876, "rho_random/additive_GE/additive": 0.9999665058375631, "rho_curated/pairwise_GE/additive": 0.9997013202999454, "rho_random/pairwise_GE/additive": 0.9993889549661653, "rho_curated/additive/additive_pairwise": 0.9250393376059756, "rho_random/additive/additive_pairwise": 0.8628719566421131, "rho_curated/pairwise/additive_pairwise": 0.9999672171986858, "rho_random/pairwise/additive_pairwise": 0.9999248493444561, "rho_curated/additive_GE/additive_pairwise": 0.9245330198798872, "rho_random/additive_GE/additive_pairwise": 0.8737233107257674, "rho_curated/pairwise_GE/additive_pairwise": 0.9996133484165156, "rho_random/pairwise_GE/additive_pairwise": 0.9994424106587316, "rho_curated/additive/nonlin_additive": 0.9960057467025042, "rho_random/additive/nonlin_additive": 0.9950206299036256, "rho_curated/pairwise/nonlin_additive": 0.9992369551291302, "rho_random/pairwise/nonlin_additive": 0.9964166390480987, "rho_curated/additive_GE/nonlin_additive": 0.999979764255178, "rho_random/additive_GE/nonlin_additive": 0.9999787884776887, "rho_curated/pairwise_GE/nonlin_additive": 0.9996264385928961, "rho_random/pairwise_GE/nonlin_additive": 0.9996971007245461, "rho_curated/additive/nonlin_additive_pairwise": NaN, "rho_random/additive/nonlin_additive_pairwise": NaN, "rho_curated/pairwise/nonlin_additive_pairwise": NaN, "rho_random/pairwise/nonlin_additive_pairwise": NaN, "rho_curated/additive_GE/nonlin_additive_pairwise": NaN, "rho_random/additive_GE/nonlin_additive_pairwise": NaN, "rho_curated/pairwise_GE/nonlin_additive_pairwise": NaN, "rho_random/pairwise_GE/nonlin_additive_pairwise": NaN, "rho_curated_mean": 0.9869721125339327, "rho_random_mean": 0.9771977279137992, "_wandb": {"runtime": 521}}