{"potts/n_edges": 280, "potts/edge_density": 0.6436781609195402, "potts/J_mean_abs": 2.465294361114502, "potts/J_std": 1.919136881828308, "_timestamp": 1773478896.94476, "_runtime": 502.3592131137848, "_step": 21, "gt_scores/additive/std": 0.7870454703529555, "gt_scores/additive/min": -5.349576473236084, "gt_scores/additive/pct5": -2.6347108602523805, "gt_scores/additive_pairwise/std": 11.327579536332125, "gt_scores/additive_pairwise/min": -113.7708511352539, "gt_scores/additive_pairwise/pct5": -33.145938301086424, "gt_scores/nonlin_additive/std": 0.1814863583436525, "gt_scores/nonlin_additive/min": -0.6787263166317397, "gt_scores/nonlin_additive/pct5": -0.6112395983919493, "gt_scores/nonlin_additive_pairwise/std": 0.217702097798796, "gt_scores/nonlin_additive_pairwise/min": -0.6811065481301857, "gt_scores/nonlin_additive_pairwise/pct5": -0.6811065481301857, "rho_curated/additive/additive": 0.9999973336471476, "rho_random/additive/additive": 0.9999895092311439, "rho_curated/pairwise/additive": 0.9988328409519921, "rho_random/pairwise/additive": 0.9989006591699848, "rho_curated/additive_GE/additive": 0.9999720743588372, "rho_random/additive_GE/additive": 0.9999235950007376, "rho_curated/pairwise_GE/additive": 0.9871814326306134, "rho_random/pairwise_GE/additive": 0.9855152364381604, "rho_curated/additive/additive_pairwise": 0.8895569944252574, "rho_random/additive/additive_pairwise": 0.8524211342113198, "rho_curated/pairwise/additive_pairwise": 0.9116383105552943, "rho_random/pairwise/additive_pairwise": 0.9143747651594786, "rho_curated/additive_GE/additive_pairwise": 0.8931295682623415, "rho_random/additive_GE/additive_pairwise": 0.8559158124186896, "rho_curated/pairwise_GE/additive_pairwise": 0.9228977652208501, "rho_random/pairwise_GE/additive_pairwise": 0.9147296362459595, "rho_curated/additive/nonlin_additive": 0.9972495194836457, "rho_random/additive/nonlin_additive": 0.995886817957287, "rho_curated/pairwise/nonlin_additive": 0.9939419018490935, "rho_random/pairwise/nonlin_additive": 0.9914937363105083, "rho_curated/additive_GE/nonlin_additive": 0.999958738618657, "rho_random/additive_GE/nonlin_additive": 0.9999337758275001, "rho_curated/pairwise_GE/nonlin_additive": 0.9955576253871339, "rho_random/pairwise_GE/nonlin_additive": 0.9943228587314558, "rho_curated/additive/nonlin_additive_pairwise": 0.6201301790206565, "rho_random/additive/nonlin_additive_pairwise": 0.815857344828137, "rho_curated/pairwise/nonlin_additive_pairwise": 0.6460314312824046, "rho_random/pairwise/nonlin_additive_pairwise": 0.8313188584289567, "rho_curated/additive_GE/nonlin_additive_pairwise": 0.48685697288004526, "rho_random/additive_GE/nonlin_additive_pairwise": 0.7300871537490968, "rho_curated/pairwise_GE/nonlin_additive_pairwise": 0.6645448987222938, "rho_random/pairwise_GE/nonlin_additive_pairwise": 0.8542271586578914, "rho_curated_mean": 0.8754673492060164, "rho_random_mean": 0.9209311282728943, "_wandb": {"runtime": 502}}