{"potts/n_edges": 217, "potts/edge_density": 0.7233333333333334, "potts/J_mean_abs": 3.4524285793304443, "potts/J_std": 2.9015064239501953, "_timestamp": 1773457543.0547757, "_runtime": 553.7939608097076, "_step": 21, "gt_scores/additive/std": 1.0845397655127298, "gt_scores/additive/min": -7.869518280029297, "gt_scores/additive/pct5": -4.928722500801086, "gt_scores/additive_pairwise/std": 62.75283881317517, "gt_scores/additive_pairwise/min": -434.7351379394531, "gt_scores/additive_pairwise/pct5": -237.54452819824218, "gt_scores/nonlin_additive/std": 0.1521633644541054, "gt_scores/nonlin_additive/min": -0.7983750201741924, "gt_scores/nonlin_additive/pct5": -0.7601459147927325, "gt_scores/nonlin_additive_pairwise/std": 0.010474842773003826, "gt_scores/nonlin_additive_pairwise/min": -0.8012119156418135, "gt_scores/nonlin_additive_pairwise/pct5": -0.8012119156418135, "rho_curated/additive/additive": 0.9999979773759189, "rho_random/additive/additive": 0.9999938673448031, "rho_curated/pairwise/additive": 0.9997589806623591, "rho_random/pairwise/additive": 0.9996324643272103, "rho_curated/additive_GE/additive": 0.9999572730622899, "rho_random/additive_GE/additive": 0.9999197112830355, "rho_curated/pairwise_GE/additive": 0.9826983438199337, "rho_random/pairwise_GE/additive": 0.976437957446619, "rho_curated/additive/additive_pairwise": 0.9758143826719948, "rho_random/additive/additive_pairwise": 0.963989773502764, "rho_curated/pairwise/additive_pairwise": 0.9988614998584598, "rho_random/pairwise/additive_pairwise": 0.9981010258027007, "rho_curated/additive_GE/additive_pairwise": 0.97609993350685, "rho_random/additive_GE/additive_pairwise": 0.9647813828858555, "rho_curated/pairwise_GE/additive_pairwise": 0.9802888935070827, "rho_random/pairwise_GE/additive_pairwise": 0.9749845694349614, "rho_curated/additive/nonlin_additive": 0.9969245226367595, "rho_random/additive/nonlin_additive": 0.9959043894462271, "rho_curated/pairwise/nonlin_additive": 0.9963015350279726, "rho_random/pairwise/nonlin_additive": 0.9927120981942861, "rho_curated/additive_GE/nonlin_additive": 0.9999879401435172, "rho_random/additive_GE/nonlin_additive": 0.9999790168643702, "rho_curated/pairwise_GE/nonlin_additive": 0.9915262997644418, "rho_random/pairwise_GE/nonlin_additive": 0.990142811168301, "rho_curated/additive/nonlin_additive_pairwise": NaN, "rho_random/additive/nonlin_additive_pairwise": 0.15847073995504474, "rho_curated/pairwise/nonlin_additive_pairwise": NaN, "rho_random/pairwise/nonlin_additive_pairwise": 0.1226239550507349, "rho_curated/additive_GE/nonlin_additive_pairwise": NaN, "rho_random/additive_GE/nonlin_additive_pairwise": -0.033638060692936095, "rho_curated/pairwise_GE/nonlin_additive_pairwise": NaN, "rho_random/pairwise_GE/nonlin_additive_pairwise": 0.17825579266554187, "rho_curated_mean": 0.991518131836465, "rho_random_mean": 0.76764321841747, "_wandb": {"runtime": 553}}