{"potts/n_edges": 74, "potts/edge_density": 0.7047619047619048, "potts/J_mean_abs": 3.370086193084717, "potts/J_std": 2.601012945175171, "_timestamp": 1773364118.0201652, "_runtime": 519.4767861366272, "_step": 21, "gt_scores/additive/std": 0.9557475539592777, "gt_scores/additive/min": -7.033940315246582, "gt_scores/additive/pct5": -5.159853672981262, "gt_scores/additive_pairwise/std": 30.812513465660164, "gt_scores/additive_pairwise/min": -253.47726440429688, "gt_scores/additive_pairwise/pct5": -207.53112182617187, "gt_scores/nonlin_additive/std": 0.1307311439252841, "gt_scores/nonlin_additive/min": -0.8613129322410867, "gt_scores/nonlin_additive/pct5": -0.8371371284084792, "gt_scores/nonlin_additive_pairwise/std": 1.1102230246251565e-16, "gt_scores/nonlin_additive_pairwise/min": -0.8653877661321029, "gt_scores/nonlin_additive_pairwise/pct5": -0.8653877661321029, "rho_curated/additive/additive": 0.9999982867839311, "rho_random/additive/additive": 0.9999933805411075, "rho_curated/pairwise/additive": 0.9999750710070003, "rho_random/pairwise/additive": 0.9999497383782441, "rho_curated/additive_GE/additive": 0.9999821727272857, "rho_random/additive_GE/additive": 0.9999693612873601, "rho_curated/pairwise_GE/additive": 0.9997521316380614, "rho_random/pairwise_GE/additive": 0.9994655230195704, "rho_curated/additive/additive_pairwise": 0.907858971298879, "rho_random/additive/additive_pairwise": 0.863617632567024, "rho_curated/pairwise/additive_pairwise": 0.9999680213187154, "rho_random/pairwise/additive_pairwise": 0.9999398034106122, "rho_curated/additive_GE/additive_pairwise": 0.9075365756641486, "rho_random/additive_GE/additive_pairwise": 0.8551568837030439, "rho_curated/pairwise_GE/additive_pairwise": 0.9997123649804395, "rho_random/pairwise_GE/additive_pairwise": 0.999528195104918, "rho_curated/additive/nonlin_additive": 0.995673205114409, "rho_random/additive/nonlin_additive": 0.9964673007371614, "rho_curated/pairwise/nonlin_additive": 0.9991049764600702, "rho_random/pairwise/nonlin_additive": 0.9974913493159123, "rho_curated/additive_GE/nonlin_additive": 0.9999896815835864, "rho_random/additive_GE/nonlin_additive": 0.9999877261356114, "rho_curated/pairwise_GE/nonlin_additive": 0.999543891189701, "rho_random/pairwise_GE/nonlin_additive": 0.9995813945033023, "rho_curated/additive/nonlin_additive_pairwise": NaN, "rho_random/additive/nonlin_additive_pairwise": NaN, "rho_curated/pairwise/nonlin_additive_pairwise": NaN, "rho_random/pairwise/nonlin_additive_pairwise": NaN, "rho_curated/additive_GE/nonlin_additive_pairwise": NaN, "rho_random/additive_GE/nonlin_additive_pairwise": NaN, "rho_curated/pairwise_GE/nonlin_additive_pairwise": NaN, "rho_random/pairwise_GE/nonlin_additive_pairwise": NaN, "rho_curated_mean": 0.9840912791471857, "rho_random_mean": 0.9759290240586557, "_wandb": {"runtime": 519}}