{"potts/n_edges": 352, "potts/edge_density": 0.8091954022988506, "potts/J_mean_abs": 3.0368049144744873, "potts/J_std": 2.4692556858062744, "_timestamp": 1773600664.7789836, "_runtime": 510.2483365535736, "_step": 21, "gt_scores/additive/std": 1.3026329914510024, "gt_scores/additive/min": -9.520788192749023, "gt_scores/additive/pct5": -6.589263129234314, "gt_scores/additive_pairwise/std": 91.69960586130944, "gt_scores/additive_pairwise/min": -610.88720703125, "gt_scores/additive_pairwise/pct5": -394.57738494873047, "gt_scores/nonlin_additive/std": 0.13748413835948767, "gt_scores/nonlin_additive/min": -0.8383537187280119, "gt_scores/nonlin_additive/pct5": -0.8091688078450335, "gt_scores/nonlin_additive_pairwise/std": 1.822446547753138e-08, "gt_scores/nonlin_additive_pairwise/min": -0.8419067452138076, "gt_scores/nonlin_additive_pairwise/pct5": -0.8419067452138076, "rho_curated/additive/additive": 0.9999973653998946, "rho_random/additive/additive": 0.9999932320787479, "rho_curated/pairwise/additive": 0.9992903956675816, "rho_random/pairwise/additive": 0.9988033554616548, "rho_curated/additive_GE/additive": 0.9999726442709043, "rho_random/additive_GE/additive": 0.999941797818022, "rho_curated/pairwise_GE/additive": 0.9645788258791529, "rho_random/pairwise_GE/additive": 0.9381135233181446, "rho_curated/additive/additive_pairwise": 0.9850412476492908, "rho_random/additive/additive_pairwise": 0.9747840326467023, "rho_curated/pairwise/additive_pairwise": 0.9922283329367604, "rho_random/pairwise/additive_pairwise": 0.9884538815045268, "rho_curated/additive_GE/additive_pairwise": 0.9851507219493163, "rho_random/additive_GE/additive_pairwise": 0.9717813357148387, "rho_curated/pairwise_GE/additive_pairwise": 0.9604524976712525, "rho_random/pairwise_GE/additive_pairwise": 0.9491264982253721, "rho_curated/additive/nonlin_additive": 0.996119377324682, "rho_random/additive/nonlin_additive": 0.9958738839018023, "rho_curated/pairwise/nonlin_additive": 0.9882471342493214, "rho_random/pairwise/nonlin_additive": 0.9822805043906502, "rho_curated/additive_GE/nonlin_additive": 0.9999885852875432, "rho_random/additive_GE/nonlin_additive": 0.999982543452633, "rho_curated/pairwise_GE/nonlin_additive": 0.9793513496210628, "rho_random/pairwise_GE/nonlin_additive": 0.9767887314323531, "rho_curated/additive/nonlin_additive_pairwise": NaN, "rho_random/additive/nonlin_additive_pairwise": NaN, "rho_curated/pairwise/nonlin_additive_pairwise": NaN, "rho_random/pairwise/nonlin_additive_pairwise": NaN, "rho_curated/additive_GE/nonlin_additive_pairwise": NaN, "rho_random/additive_GE/nonlin_additive_pairwise": NaN, "rho_curated/pairwise_GE/nonlin_additive_pairwise": NaN, "rho_random/pairwise_GE/nonlin_additive_pairwise": NaN, "rho_curated_mean": 0.9875348731588969, "rho_random_mean": 0.9813269433287873, "_wandb": {"runtime": 509}}