{"potts/n_edges": 1345, "potts/edge_density": 0.7598870056497176, "potts/J_mean_abs": 3.6058590412139893, "potts/J_std": 2.8207428455352783, "_timestamp": 1773492987.551474, "_runtime": 563.8733131885529, "_step": 21, "gt_scores/additive/std": 1.3633645805803485, "gt_scores/additive/min": -9.40889835357666, "gt_scores/additive/pct5": -6.215056300163269, "gt_scores/additive_pairwise/std": 126.97668201704487, "gt_scores/additive_pairwise/min": -975.2841796875, "gt_scores/additive_pairwise/pct5": -495.6354095458984, "gt_scores/nonlin_additive/std": 0.15173912896701205, "gt_scores/nonlin_additive/min": -0.7978490636737724, "gt_scores/nonlin_additive/pct5": -0.7612221365114886, "gt_scores/nonlin_additive_pairwise/std": 0.00018877568882708553, "gt_scores/nonlin_additive_pairwise/min": -0.8019071509953049, "gt_scores/nonlin_additive_pairwise/pct5": -0.8019071509953049, "rho_curated/additive/additive": 0.9999954355838174, "rho_random/additive/additive": 0.9999858970955325, "rho_curated/pairwise/additive": 0.9989719631508538, "rho_random/pairwise/additive": 0.9987627294722834, "rho_curated/additive_GE/additive": 0.9999789364231569, "rho_random/additive_GE/additive": 0.9999510428117917, "rho_curated/pairwise_GE/additive": 0.9947924285030724, "rho_random/pairwise_GE/additive": 0.992876538700322, "rho_curated/additive/additive_pairwise": 0.9832783710903321, "rho_random/additive/additive_pairwise": 0.9777012060882652, "rho_curated/pairwise/additive_pairwise": 0.9772336817208008, "rho_random/pairwise/additive_pairwise": 0.973907203393461, "rho_curated/additive_GE/additive_pairwise": 0.9840056658242264, "rho_random/additive_GE/additive_pairwise": 0.9770553226139284, "rho_curated/pairwise_GE/additive_pairwise": 0.9669470452450886, "rho_random/pairwise_GE/additive_pairwise": 0.961906573906574, "rho_curated/additive/nonlin_additive": 0.9952960838357304, "rho_random/additive/nonlin_additive": 0.995246689373732, "rho_curated/pairwise/nonlin_additive": 0.9903247629729904, "rho_random/pairwise/nonlin_additive": 0.9875180375159115, "rho_curated/additive_GE/nonlin_additive": 0.9999744424469763, "rho_random/additive_GE/nonlin_additive": 0.999965779221937, "rho_curated/pairwise_GE/nonlin_additive": 0.992645938449661, "rho_random/pairwise_GE/nonlin_additive": 0.9920464274249651, "rho_curated/additive/nonlin_additive_pairwise": NaN, "rho_random/additive/nonlin_additive_pairwise": NaN, "rho_curated/pairwise/nonlin_additive_pairwise": NaN, "rho_random/pairwise/nonlin_additive_pairwise": 0.07116587118942663, "rho_curated/additive_GE/nonlin_additive_pairwise": NaN, "rho_random/additive_GE/nonlin_additive_pairwise": 0.006346460871145545, "rho_curated/pairwise_GE/nonlin_additive_pairwise": NaN, "rho_random/pairwise_GE/nonlin_additive_pairwise": 0.04340937207614105, "rho_curated_mean": 0.9902870629372256, "rho_random_mean": 0.7985230101170279, "_wandb": {"runtime": 563}}