{"potts/n_edges": 404, "potts/edge_density": 0.9287356321839081, "potts/J_mean_abs": 3.596085786819458, "potts/J_std": 2.977666139602661, "_timestamp": 1773380964.5000281, "_runtime": 497.8983311653137, "_step": 21, "gt_scores/additive/std": 1.3145519307288893, "gt_scores/additive/min": -9.543702125549316, "gt_scores/additive/pct5": -6.543755149841308, "gt_scores/additive_pairwise/std": 121.33542138817329, "gt_scores/additive_pairwise/min": -872.1478881835938, "gt_scores/additive_pairwise/pct5": -526.8190368652344, "gt_scores/nonlin_additive/std": 0.1415948963973883, "gt_scores/nonlin_additive/min": -0.8305795334928087, "gt_scores/nonlin_additive/pct5": -0.8006284573354645, "gt_scores/nonlin_additive_pairwise/std": 3.699587383453549e-08, "gt_scores/nonlin_additive_pairwise/min": -0.8341020215334246, "gt_scores/nonlin_additive_pairwise/pct5": -0.8341020215334246, "rho_curated/additive/additive": 0.999996230847849, "rho_random/additive/additive": 0.9999903925331468, "rho_curated/pairwise/additive": 0.9992218262728728, "rho_random/pairwise/additive": 0.9988306446098512, "rho_curated/additive_GE/additive": 0.9999759775350378, "rho_random/additive_GE/additive": 0.9999475799998883, "rho_curated/pairwise_GE/additive": 0.9640270957842205, "rho_random/pairwise_GE/additive": 0.952452016909858, "rho_curated/additive/additive_pairwise": 0.9857140497075333, "rho_random/additive/additive_pairwise": 0.9750212533281112, "rho_curated/pairwise/additive_pairwise": 0.9929784967182972, "rho_random/pairwise/additive_pairwise": 0.9874655781099367, "rho_curated/additive_GE/additive_pairwise": 0.985925649267337, "rho_random/additive_GE/additive_pairwise": 0.9746723135543441, "rho_curated/pairwise_GE/additive_pairwise": 0.949925695343019, "rho_random/pairwise_GE/additive_pairwise": 0.938349505492388, "rho_curated/additive/nonlin_additive": 0.9967136383003876, "rho_random/additive/nonlin_additive": 0.9962067722583007, "rho_curated/pairwise/nonlin_additive": 0.9885780302062988, "rho_random/pairwise/nonlin_additive": 0.9818862650675617, "rho_curated/additive_GE/nonlin_additive": 0.9999863970154549, "rho_random/additive_GE/nonlin_additive": 0.9999845552869052, "rho_curated/pairwise_GE/nonlin_additive": 0.9779134298824167, "rho_random/pairwise_GE/nonlin_additive": 0.9756410111935692, "rho_curated/additive/nonlin_additive_pairwise": NaN, "rho_random/additive/nonlin_additive_pairwise": NaN, "rho_curated/pairwise/nonlin_additive_pairwise": NaN, "rho_random/pairwise/nonlin_additive_pairwise": NaN, "rho_curated/additive_GE/nonlin_additive_pairwise": NaN, "rho_random/additive_GE/nonlin_additive_pairwise": NaN, "rho_curated/pairwise_GE/nonlin_additive_pairwise": NaN, "rho_random/pairwise_GE/nonlin_additive_pairwise": NaN, "rho_curated_mean": 0.9867463764067271, "rho_random_mean": 0.9817039906953218, "_wandb": {"runtime": 497}}