{"potts/n_edges": 508, "potts/edge_density": 0.853781512605042, "potts/J_mean_abs": 2.8313236236572266, "potts/J_std": 2.2488718032836914, "_timestamp": 1773487403.5108912, "_runtime": 511.02507424354553, "_step": 21, "gt_scores/additive/std": 1.2980668102345851, "gt_scores/additive/min": -10.26136302947998, "gt_scores/additive/pct5": -6.319049310684204, "gt_scores/additive_pairwise/std": 97.95546156388411, "gt_scores/additive_pairwise/min": -718.1937255859375, "gt_scores/additive_pairwise/pct5": -409.0937561035156, "gt_scores/nonlin_additive/std": 0.14330294331091115, "gt_scores/nonlin_additive/min": -0.8247283449624246, "gt_scores/nonlin_additive/pct5": -0.7911553785664509, "gt_scores/nonlin_additive_pairwise/std": 0.0012775399421503196, "gt_scores/nonlin_additive_pairwise/min": -0.8264821477501916, "gt_scores/nonlin_additive_pairwise/pct5": -0.8264821477501916, "rho_curated/additive/additive": 0.9999968590478743, "rho_random/additive/additive": 0.9999909063581373, "rho_curated/pairwise/additive": 0.9989180718446711, "rho_random/pairwise/additive": 0.9985154246603813, "rho_curated/additive_GE/additive": 0.9999521115740833, "rho_random/additive_GE/additive": 0.999889523690796, "rho_curated/pairwise_GE/additive": 0.965510306977929, "rho_random/pairwise_GE/additive": 0.9500726928347542, "rho_curated/additive/additive_pairwise": 0.9867379569972, "rho_random/additive/additive_pairwise": 0.9788217942915348, "rho_curated/pairwise/additive_pairwise": 0.9882952207478087, "rho_random/pairwise/additive_pairwise": 0.9811809421571662, "rho_curated/additive_GE/additive_pairwise": 0.9870788979388458, "rho_random/additive_GE/additive_pairwise": 0.9803167540918287, "rho_curated/pairwise_GE/additive_pairwise": 0.9499207816128311, "rho_random/pairwise_GE/additive_pairwise": 0.9322743158573299, "rho_curated/additive/nonlin_additive": 0.9973048790200011, "rho_random/additive/nonlin_additive": 0.9973950328476765, "rho_curated/pairwise/nonlin_additive": 0.9862222461522284, "rho_random/pairwise/nonlin_additive": 0.9812989962791692, "rho_curated/additive_GE/nonlin_additive": 0.9999809683592364, "rho_random/additive_GE/nonlin_additive": 0.9999749823123228, "rho_curated/pairwise_GE/nonlin_additive": 0.9796976215624431, "rho_random/pairwise_GE/nonlin_additive": 0.9731710955493339, "rho_curated/additive/nonlin_additive_pairwise": NaN, "rho_random/additive/nonlin_additive_pairwise": 0.045553627824770924, "rho_curated/pairwise/nonlin_additive_pairwise": NaN, "rho_random/pairwise/nonlin_additive_pairwise": 0.07645548014091882, "rho_curated/additive_GE/nonlin_additive_pairwise": NaN, "rho_random/additive_GE/nonlin_additive_pairwise": NaN, "rho_curated/pairwise_GE/nonlin_additive_pairwise": NaN, "rho_random/pairwise_GE/nonlin_additive_pairwise": 0.002551529418411583, "rho_curated_mean": 0.9866346601529296, "rho_random_mean": 0.7931642065543022, "_wandb": {"runtime": 510}}