{"potts/n_edges": 501, "potts/edge_density": 0.8420168067226891, "potts/J_mean_abs": 4.295750617980957, "potts/J_std": 3.5490293502807617, "_timestamp": 1773548185.9239163, "_runtime": 564.8617563247681, "_step": 21, "gt_scores/additive/std": 1.1528579720739938, "gt_scores/additive/min": -7.998189926147461, "gt_scores/additive/pct5": -4.932051467895508, "gt_scores/additive_pairwise/std": 96.95670473701594, "gt_scores/additive_pairwise/min": -755.224609375, "gt_scores/additive_pairwise/pct5": -354.92736053466797, "gt_scores/nonlin_additive/std": 0.16041102297053694, "gt_scores/nonlin_additive/min": -0.774008956831814, "gt_scores/nonlin_additive/pct5": -0.7311924216093711, "gt_scores/nonlin_additive_pairwise/std": 0.02030181267410334, "gt_scores/nonlin_additive_pairwise/min": -0.7773865618694825, "gt_scores/nonlin_additive_pairwise/pct5": -0.7773865618694825, "rho_curated/additive/additive": 0.9999969807278791, "rho_random/additive/additive": 0.9999922353096006, "rho_curated/pairwise/additive": 0.9988907473396033, "rho_random/pairwise/additive": 0.998594719193827, "rho_curated/additive_GE/additive": 0.9999742824389695, "rho_random/additive_GE/additive": 0.9999468196474185, "rho_curated/pairwise_GE/additive": 0.974136927947615, "rho_random/pairwise_GE/additive": 0.9604365137335067, "rho_curated/additive/additive_pairwise": 0.9798677579532608, "rho_random/additive/additive_pairwise": 0.9691090566600257, "rho_curated/pairwise/additive_pairwise": 0.9801745444935545, "rho_random/pairwise/additive_pairwise": 0.9736242315777331, "rho_curated/additive_GE/additive_pairwise": 0.9799907893972304, "rho_random/additive_GE/additive_pairwise": 0.9734570039397537, "rho_curated/pairwise_GE/additive_pairwise": 0.9583183094417312, "rho_random/pairwise_GE/additive_pairwise": 0.9501379572363708, "rho_curated/additive/nonlin_additive": 0.9972461934495174, "rho_random/additive/nonlin_additive": 0.9964326668347654, "rho_curated/pairwise/nonlin_additive": 0.9910035750624158, "rho_random/pairwise/nonlin_additive": 0.9858796118507892, "rho_curated/additive_GE/nonlin_additive": 0.9999876968555064, "rho_random/additive_GE/nonlin_additive": 0.9999784301745824, "rho_curated/pairwise_GE/nonlin_additive": 0.9844080851417041, "rho_random/pairwise_GE/nonlin_additive": 0.9811983219333895, "rho_curated/additive/nonlin_additive_pairwise": NaN, "rho_random/additive/nonlin_additive_pairwise": 0.1852144348186251, "rho_curated/pairwise/nonlin_additive_pairwise": NaN, "rho_random/pairwise/nonlin_additive_pairwise": 0.22215300169254318, "rho_curated/additive_GE/nonlin_additive_pairwise": NaN, "rho_random/additive_GE/nonlin_additive_pairwise": 0.003118456928488351, "rho_curated/pairwise_GE/nonlin_additive_pairwise": NaN, "rho_random/pairwise_GE/nonlin_additive_pairwise": 0.18007566320371546, "rho_curated_mean": 0.9869996575207489, "rho_random_mean": 0.773709320295946, "_wandb": {"runtime": 564}}