{"potts/n_edges": 96, "potts/edge_density": 0.9142857142857143, "potts/J_mean_abs": 2.171846628189087, "potts/J_std": 1.693687915802002, "_timestamp": 1773400419.549277, "_runtime": 509.32685899734497, "_step": 21, "gt_scores/additive/std": 0.9557475539592777, "gt_scores/additive/min": -7.033940315246582, "gt_scores/additive/pct5": -5.159853672981262, "gt_scores/additive_pairwise/std": 25.121900657550295, "gt_scores/additive_pairwise/min": -221.56422424316406, "gt_scores/additive_pairwise/pct5": -183.0322624206543, "gt_scores/nonlin_additive/std": 0.1307311439252841, "gt_scores/nonlin_additive/min": -0.8613129322410867, "gt_scores/nonlin_additive/pct5": -0.8371371284084792, "gt_scores/nonlin_additive_pairwise/std": 1.1102230246251565e-16, "gt_scores/nonlin_additive_pairwise/min": -0.8653877661321029, "gt_scores/nonlin_additive_pairwise/pct5": -0.8653877661321029, "rho_curated/additive/additive": 0.9999983369679336, "rho_random/additive/additive": 0.9999953489376545, "rho_curated/pairwise/additive": 0.9999750472950018, "rho_random/pairwise/additive": 0.9999489193713973, "rho_curated/additive_GE/additive": 0.9999885252635404, "rho_random/additive_GE/additive": 0.9999735026628254, "rho_curated/pairwise_GE/additive": 0.9962508139298524, "rho_random/pairwise_GE/additive": 0.9946660675929864, "rho_curated/additive/additive_pairwise": 0.932504384250456, "rho_random/additive/additive_pairwise": 0.8968374590690547, "rho_curated/pairwise/additive_pairwise": 0.9999705931108216, "rho_random/pairwise/additive_pairwise": 0.9999432499711558, "rho_curated/additive_GE/additive_pairwise": 0.9323805668599771, "rho_random/additive_GE/additive_pairwise": 0.9072592039736405, "rho_curated/pairwise_GE/additive_pairwise": 0.9996178695606873, "rho_random/pairwise_GE/additive_pairwise": 0.999454389921456, "rho_curated/additive/nonlin_additive": 0.9957344172851718, "rho_random/additive/nonlin_additive": 0.9963427414310131, "rho_curated/pairwise/nonlin_additive": 0.9992445760657467, "rho_random/pairwise/nonlin_additive": 0.997246424042401, "rho_curated/additive_GE/nonlin_additive": 0.9999867869434707, "rho_random/additive_GE/nonlin_additive": 0.9999875569916615, "rho_curated/pairwise_GE/nonlin_additive": 0.9995602220623665, "rho_random/pairwise_GE/nonlin_additive": 0.9996491484487057, "rho_curated/additive/nonlin_additive_pairwise": NaN, "rho_random/additive/nonlin_additive_pairwise": NaN, "rho_curated/pairwise/nonlin_additive_pairwise": NaN, "rho_random/pairwise/nonlin_additive_pairwise": NaN, "rho_curated/additive_GE/nonlin_additive_pairwise": NaN, "rho_random/additive_GE/nonlin_additive_pairwise": NaN, "rho_curated/pairwise_GE/nonlin_additive_pairwise": NaN, "rho_random/pairwise_GE/nonlin_additive_pairwise": NaN, "rho_curated_mean": 0.9879343449662521, "rho_random_mean": 0.9826086677011626, "_wandb": {"runtime": 509}}