{"potts/n_edges": 93, "potts/edge_density": 0.8857142857142857, "potts/J_mean_abs": 3.7288525104522705, "potts/J_std": 2.9755797386169434, "_timestamp": 1773509442.0418575, "_runtime": 552.9347264766693, "_step": 21, "gt_scores/additive/std": 0.9557475539592777, "gt_scores/additive/min": -7.033940315246582, "gt_scores/additive/pct5": -5.159853672981262, "gt_scores/additive_pairwise/std": 47.06529417379236, "gt_scores/additive_pairwise/min": -417.2988586425781, "gt_scores/additive_pairwise/pct5": -336.63955841064455, "gt_scores/nonlin_additive/std": 0.1307311439252841, "gt_scores/nonlin_additive/min": -0.8613129322410867, "gt_scores/nonlin_additive/pct5": -0.8371371284084792, "gt_scores/nonlin_additive_pairwise/std": 1.1102230246251565e-16, "gt_scores/nonlin_additive_pairwise/min": -0.8653877661321029, "gt_scores/nonlin_additive_pairwise/pct5": -0.8653877661321029, "rho_curated/additive/additive": 0.9999985070559405, "rho_random/additive/additive": 0.9999945337923101, "rho_curated/pairwise/additive": 0.9999743465669733, "rho_random/pairwise/additive": 0.9999435847461343, "rho_curated/additive_GE/additive": 0.9999935596717422, "rho_random/additive_GE/additive": 0.9999839995123662, "rho_curated/pairwise_GE/additive": 0.9997154743486122, "rho_random/pairwise_GE/additive": 0.9995149000280616, "rho_curated/additive/additive_pairwise": 0.9384560655578115, "rho_random/additive/additive_pairwise": 0.9089103654100366, "rho_curated/pairwise/additive_pairwise": 0.9999636166945405, "rho_random/pairwise/additive_pairwise": 0.9999284462443, "rho_curated/additive_GE/additive_pairwise": 0.9386589393674134, "rho_random/additive_GE/additive_pairwise": 0.8979287032283185, "rho_curated/pairwise_GE/additive_pairwise": 0.9996491802259337, "rho_random/pairwise_GE/additive_pairwise": 0.9995399863268076, "rho_curated/additive/nonlin_additive": 0.9965685306223294, "rho_random/additive/nonlin_additive": 0.9973354314408991, "rho_curated/pairwise/nonlin_additive": 0.9991785627670244, "rho_random/pairwise/nonlin_additive": 0.9959565568205848, "rho_curated/additive_GE/nonlin_additive": 0.9999906507996248, "rho_random/additive_GE/nonlin_additive": 0.9999911465779728, "rho_curated/pairwise_GE/nonlin_additive": 0.999586660583397, "rho_random/pairwise_GE/nonlin_additive": 0.9996364991165226, "rho_curated/additive/nonlin_additive_pairwise": NaN, "rho_random/additive/nonlin_additive_pairwise": NaN, "rho_curated/pairwise/nonlin_additive_pairwise": NaN, "rho_random/pairwise/nonlin_additive_pairwise": NaN, "rho_curated/additive_GE/nonlin_additive_pairwise": NaN, "rho_random/additive_GE/nonlin_additive_pairwise": NaN, "rho_curated/pairwise_GE/nonlin_additive_pairwise": NaN, "rho_random/pairwise_GE/nonlin_additive_pairwise": NaN, "rho_curated_mean": 0.9893111745217785, "rho_random_mean": 0.9832220127703595, "_wandb": {"runtime": 552}}