{"potts/n_edges": 1675, "potts/edge_density": 0.9463276836158192, "potts/J_mean_abs": 3.895637273788452, "potts/J_std": 3.7089390754699707, "_timestamp": 1773593830.9629629, "_runtime": 567.4441277980804, "_step": 21, "gt_scores/additive/std": 1.3633645805803485, "gt_scores/additive/min": -9.40889835357666, "gt_scores/additive/pct5": -6.215056300163269, "gt_scores/additive_pairwise/std": 144.76637600026518, "gt_scores/additive_pairwise/min": -1029.8988037109375, "gt_scores/additive_pairwise/pct5": -567.2944641113281, "gt_scores/nonlin_additive/std": 0.15173912896701205, "gt_scores/nonlin_additive/min": -0.7978490636737724, "gt_scores/nonlin_additive/pct5": -0.7612221365114886, "gt_scores/nonlin_additive_pairwise/std": 0.002373521881147189, "gt_scores/nonlin_additive_pairwise/min": -0.8019071509953049, "gt_scores/nonlin_additive_pairwise/pct5": -0.8019071509953049, "rho_curated/additive/additive": 0.9999952867838112, "rho_random/additive/additive": 0.9999886099913643, "rho_curated/pairwise/additive": 0.9989687599186267, "rho_random/pairwise/additive": 0.9988289396359349, "rho_curated/additive_GE/additive": 0.9999423853336913, "rho_random/additive_GE/additive": 0.9998833552427288, "rho_curated/pairwise_GE/additive": 0.9950096554159074, "rho_random/pairwise_GE/additive": 0.9920349829731848, "rho_curated/additive/additive_pairwise": 0.9778149459755328, "rho_random/additive/additive_pairwise": 0.9685161221374243, "rho_curated/pairwise/additive_pairwise": 0.972337305229492, "rho_random/pairwise/additive_pairwise": 0.959692518064396, "rho_curated/additive_GE/additive_pairwise": 0.9791007505870268, "rho_random/additive_GE/additive_pairwise": 0.9667869678970513, "rho_curated/pairwise_GE/additive_pairwise": 0.9609783939271356, "rho_random/pairwise_GE/additive_pairwise": 0.9572681004994938, "rho_curated/additive/nonlin_additive": 0.9948045931920592, "rho_random/additive/nonlin_additive": 0.9938548728496037, "rho_curated/pairwise/nonlin_additive": 0.9906537816257028, "rho_random/pairwise/nonlin_additive": 0.9892253166424197, "rho_curated/additive_GE/nonlin_additive": 0.9999688018707508, "rho_random/additive_GE/nonlin_additive": 0.9999627106422498, "rho_curated/pairwise_GE/nonlin_additive": 0.9932107642401048, "rho_random/pairwise_GE/nonlin_additive": 0.9940106523469062, "rho_curated/additive/nonlin_additive_pairwise": NaN, "rho_random/additive/nonlin_additive_pairwise": NaN, "rho_curated/pairwise/nonlin_additive_pairwise": NaN, "rho_random/pairwise/nonlin_additive_pairwise": NaN, "rho_curated/additive_GE/nonlin_additive_pairwise": NaN, "rho_random/additive_GE/nonlin_additive_pairwise": -0.018318106528873227, "rho_curated/pairwise_GE/nonlin_additive_pairwise": NaN, "rho_random/pairwise_GE/nonlin_additive_pairwise": NaN, "rho_curated_mean": 0.98856545200832, "rho_random_mean": 0.9078257724918372, "_wandb": {"runtime": 567}}