{"potts/n_edges": 241, "potts/edge_density": 0.8033333333333333, "potts/J_mean_abs": 3.6160292625427246, "potts/J_std": 2.9765126705169678, "_timestamp": 1773398756.4856496, "_runtime": 582.7393336296082, "_step": 21, "gt_scores/additive/std": 1.4607008917297066, "gt_scores/additive/min": -10.880603790283203, "gt_scores/additive/pct5": -7.648485493659973, "gt_scores/additive_pairwise/std": 89.08818245495598, "gt_scores/additive_pairwise/min": -622.071044921875, "gt_scores/additive_pairwise/pct5": -395.33434448242184, "gt_scores/nonlin_additive/std": 0.1329364744996366, "gt_scores/nonlin_additive/min": -0.8491222741790089, "gt_scores/nonlin_additive/pct5": -0.8226467537292117, "gt_scores/nonlin_additive_pairwise/std": 5.166336852308346e-06, "gt_scores/nonlin_additive_pairwise/min": -0.8524745773399738, "gt_scores/nonlin_additive_pairwise/pct5": -0.8524745773399738, "rho_curated/additive/additive": 0.9999975888879036, "rho_random/additive/additive": 0.9999932751723724, "rho_curated/pairwise/additive": 0.9997204322688106, "rho_random/pairwise/additive": 0.9994135547085059, "rho_curated/additive_GE/additive": 0.9997321674772865, "rho_random/additive_GE/additive": 0.9995016700066799, "rho_curated/pairwise_GE/additive": 0.9878550154899093, "rho_random/pairwise_GE/additive": 0.979391140728788, "rho_curated/additive/additive_pairwise": 0.9785474480613832, "rho_random/additive/additive_pairwise": 0.9569346738522034, "rho_curated/pairwise/additive_pairwise": 0.9994121566724723, "rho_random/pairwise/additive_pairwise": 0.9989910938284536, "rho_curated/additive_GE/additive_pairwise": 0.9786389333760193, "rho_random/additive_GE/additive_pairwise": 0.9670064930861423, "rho_curated/pairwise_GE/additive_pairwise": 0.9780641684655139, "rho_random/pairwise_GE/additive_pairwise": 0.9701453736657185, "rho_curated/additive/nonlin_additive": 0.9975890409512723, "rho_random/additive/nonlin_additive": 0.9978410621304582, "rho_curated/pairwise/nonlin_additive": 0.9945300828852033, "rho_random/pairwise/nonlin_additive": 0.9884981143445712, "rho_curated/additive_GE/nonlin_additive": 0.9999874708234985, "rho_random/additive_GE/nonlin_additive": 0.9999836132195435, "rho_curated/pairwise_GE/nonlin_additive": 0.9895332739493308, "rho_random/pairwise_GE/nonlin_additive": 0.9864869533030942, "rho_curated/additive/nonlin_additive_pairwise": NaN, "rho_random/additive/nonlin_additive_pairwise": 0.047727541989986695, "rho_curated/pairwise/nonlin_additive_pairwise": NaN, "rho_random/pairwise/nonlin_additive_pairwise": -0.006801627332522044, "rho_curated/additive_GE/nonlin_additive_pairwise": NaN, "rho_random/additive_GE/nonlin_additive_pairwise": NaN, "rho_curated/pairwise_GE/nonlin_additive_pairwise": NaN, "rho_random/pairwise_GE/nonlin_additive_pairwise": NaN, "rho_curated_mean": 0.9919673149423837, "rho_random_mean": 0.8489366380502855, "_wandb": {"runtime": 582}}