{"potts/n_edges": 281, "potts/edge_density": 0.6459770114942529, "potts/J_mean_abs": 2.944755792617798, "potts/J_std": 2.308588743209839, "_timestamp": 1773424909.9957623, "_runtime": 549.1797683238983, "_step": 21, "gt_scores/additive/std": 1.0743941274795366, "gt_scores/additive/min": -7.073641300201416, "gt_scores/additive/pct5": -4.352555847167968, "gt_scores/additive_pairwise/std": 37.23006463070008, "gt_scores/additive_pairwise/min": -275.6724548339844, "gt_scores/additive_pairwise/pct5": -129.0709571838379, "gt_scores/nonlin_additive/std": 0.16650966428864922, "gt_scores/nonlin_additive/min": -0.7501342833711792, "gt_scores/nonlin_additive/pct5": -0.7036312687315641, "gt_scores/nonlin_additive_pairwise/std": 0.05204315124710561, "gt_scores/nonlin_additive_pairwise/min": -0.7543621194587329, "gt_scores/nonlin_additive_pairwise/pct5": -0.7543621194587329, "rho_curated/additive/additive": 0.9999972063758877, "rho_random/additive/additive": 0.9999922481198343, "rho_curated/pairwise/additive": 0.9991935424635867, "rho_random/pairwise/additive": 0.9987431568787611, "rho_curated/additive_GE/additive": 0.9999558393502262, "rho_random/additive_GE/additive": 0.9999080749256709, "rho_curated/pairwise_GE/additive": 0.9723230268076071, "rho_random/pairwise_GE/additive": 0.9627001778280415, "rho_curated/additive/additive_pairwise": 0.9641790304783014, "rho_random/additive/additive_pairwise": 0.9464215250448103, "rho_curated/pairwise/additive_pairwise": 0.9830212046968481, "rho_random/pairwise/additive_pairwise": 0.9770754367986169, "rho_curated/additive_GE/additive_pairwise": 0.9642785466031418, "rho_random/additive_GE/additive_pairwise": 0.9485001235955073, "rho_curated/pairwise_GE/additive_pairwise": 0.9624167866797696, "rho_random/pairwise_GE/additive_pairwise": 0.9587551714581376, "rho_curated/additive/nonlin_additive": 0.9976101957757196, "rho_random/additive/nonlin_additive": 0.9966601082028679, "rho_curated/pairwise/nonlin_additive": 0.9921328698110492, "rho_random/pairwise/nonlin_additive": 0.9885468648640211, "rho_curated/additive_GE/nonlin_additive": 0.9999885177755379, "rho_random/additive_GE/nonlin_additive": 0.9999776115336139, "rho_curated/pairwise_GE/nonlin_additive": 0.9899390021711455, "rho_random/pairwise_GE/nonlin_additive": 0.9882325698253841, "rho_curated/additive/nonlin_additive_pairwise": 0.21413363044546158, "rho_random/additive/nonlin_additive_pairwise": 0.5031415545355693, "rho_curated/pairwise/nonlin_additive_pairwise": 0.19694096202545358, "rho_random/pairwise/nonlin_additive_pairwise": 0.4975026831574575, "rho_curated/additive_GE/nonlin_additive_pairwise": 0.1809756688620068, "rho_random/additive_GE/nonlin_additive_pairwise": 0.49074042523647465, "rho_curated/pairwise_GE/nonlin_additive_pairwise": 0.16497047115076865, "rho_random/pairwise_GE/nonlin_additive_pairwise": 0.5242373787960876, "rho_curated_mean": 0.786378531342032, "rho_random_mean": 0.8613209444250536, "_wandb": {"runtime": 548}}