{"potts/n_edges": 96, "potts/edge_density": 0.9142857142857143, "potts/J_mean_abs": 3.7947328090667725, "potts/J_std": 2.9568257331848145, "_timestamp": 1773369174.1766024, "_runtime": 520.318341255188, "_step": 21, "gt_scores/additive/std": 0.9354941049529601, "gt_scores/additive/min": -6.730696678161621, "gt_scores/additive/pct5": -5.088986277580261, "gt_scores/additive_pairwise/std": 48.28209508677431, "gt_scores/additive_pairwise/min": -432.6246337890625, "gt_scores/additive_pairwise/pct5": -361.4366256713867, "gt_scores/nonlin_additive/std": 0.12695859792178035, "gt_scores/nonlin_additive/min": -0.8594803927815321, "gt_scores/nonlin_additive/pct5": -0.8373509757801759, "gt_scores/nonlin_additive_pairwise/std": 1.1102230246251565e-16, "gt_scores/nonlin_additive_pairwise/min": -0.8642349522941661, "gt_scores/nonlin_additive_pairwise/pct5": -0.8642349522941661, "rho_curated/additive/additive": 0.9999986187039438, "rho_random/additive/additive": 0.9999943710284209, "rho_curated/pairwise/additive": 0.9999729459509047, "rho_random/pairwise/additive": 0.9999396016974323, "rho_curated/additive_GE/additive": 0.9999846330633761, "rho_random/additive_GE/additive": 0.9999658070747376, "rho_curated/pairwise_GE/additive": 0.999708225196182, "rho_random/pairwise_GE/additive": 0.9994814277229745, "rho_curated/additive/additive_pairwise": 0.9495817041476381, "rho_random/additive/additive_pairwise": 0.9163841193312323, "rho_curated/pairwise/additive_pairwise": 0.9999689375187546, "rho_random/pairwise/additive_pairwise": 0.999942193226212, "rho_curated/additive_GE/additive_pairwise": 0.9494098587191802, "rho_random/additive_GE/additive_pairwise": 0.9128874648737639, "rho_curated/pairwise_GE/additive_pairwise": 0.9996283276330975, "rho_random/pairwise_GE/additive_pairwise": 0.9995442970939075, "rho_curated/additive/nonlin_additive": 0.9965984086784668, "rho_random/additive/nonlin_additive": 0.9955411084885973, "rho_curated/pairwise/nonlin_additive": 0.9991576496699218, "rho_random/pairwise/nonlin_additive": 0.9973616422830411, "rho_curated/additive_GE/nonlin_additive": 0.9999899386955926, "rho_random/additive_GE/nonlin_additive": 0.9999871592556988, "rho_curated/pairwise_GE/nonlin_additive": 0.9995518347818799, "rho_random/pairwise_GE/nonlin_additive": 0.999610333282522, "rho_curated/additive/nonlin_additive_pairwise": NaN, "rho_random/additive/nonlin_additive_pairwise": NaN, "rho_curated/pairwise/nonlin_additive_pairwise": NaN, "rho_random/pairwise/nonlin_additive_pairwise": NaN, "rho_curated/additive_GE/nonlin_additive_pairwise": NaN, "rho_random/additive_GE/nonlin_additive_pairwise": NaN, "rho_curated/pairwise_GE/nonlin_additive_pairwise": NaN, "rho_random/pairwise_GE/nonlin_additive_pairwise": NaN, "rho_curated_mean": 0.9911292568965783, "rho_random_mean": 0.9850532937798784, "_wandb": {"runtime": 519}}