{"potts/n_edges": 82, "potts/edge_density": 0.780952380952381, "potts/J_mean_abs": 3.169309139251709, "potts/J_std": 2.6196448802948, "_timestamp": 1773594493.260414, "_runtime": 648.6042439937592, "_step": 21, "gt_scores/additive/std": 0.7478419753922801, "gt_scores/additive/min": -4.990938663482666, "gt_scores/additive/pct5": -3.301434588432312, "gt_scores/additive_pairwise/std": 45.283852510822804, "gt_scores/additive_pairwise/min": -303.27294921875, "gt_scores/additive_pairwise/pct5": -192.69725189208984, "gt_scores/nonlin_additive/std": 0.15626632297714066, "gt_scores/nonlin_additive/min": -0.7844779057526228, "gt_scores/nonlin_additive/pct5": -0.7458549698064931, "gt_scores/nonlin_additive_pairwise/std": 5.999271337777881e-07, "gt_scores/nonlin_additive_pairwise/min": -0.7891859569495114, "gt_scores/nonlin_additive_pairwise/pct5": -0.7891859569495114, "rho_curated/additive/additive": 0.9999983785119348, "rho_random/additive/additive": 0.999993731641031, "rho_curated/pairwise/additive": 0.9999769696470775, "rho_random/pairwise/additive": 0.9999516590780071, "rho_curated/additive_GE/additive": 0.9999784258711357, "rho_random/additive_GE/additive": 0.999948344966915, "rho_curated/pairwise_GE/additive": 0.9995278692450693, "rho_random/pairwise_GE/additive": 0.9991310059782226, "rho_curated/additive/additive_pairwise": 0.9719586609336736, "rho_random/additive/additive_pairwise": 0.9584074526471049, "rho_curated/pairwise/additive_pairwise": 0.9999755041590191, "rho_random/pairwise/additive_pairwise": 0.999944098240469, "rho_curated/additive_GE/additive_pairwise": 0.9721821012539489, "rho_random/additive_GE/additive_pairwise": 0.9573147699112269, "rho_curated/pairwise_GE/additive_pairwise": 0.9996771893310723, "rho_random/pairwise_GE/additive_pairwise": 0.9995161248846568, "rho_curated/additive/nonlin_additive": 0.9977306846607917, "rho_random/additive/nonlin_additive": 0.9970274907197356, "rho_curated/pairwise/nonlin_additive": 0.9995548300541184, "rho_random/pairwise/nonlin_additive": 0.9992072204889898, "rho_curated/additive_GE/nonlin_additive": 0.9999768648390696, "rho_random/additive_GE/nonlin_additive": 0.9999636501935784, "rho_curated/pairwise_GE/nonlin_additive": 0.9997921319596454, "rho_random/pairwise_GE/nonlin_additive": 0.9997195604638087, "rho_curated/additive/nonlin_additive_pairwise": NaN, "rho_random/additive/nonlin_additive_pairwise": NaN, "rho_curated/pairwise/nonlin_additive_pairwise": NaN, "rho_random/pairwise/nonlin_additive_pairwise": NaN, "rho_curated/additive_GE/nonlin_additive_pairwise": NaN, "rho_random/additive_GE/nonlin_additive_pairwise": NaN, "rho_curated/pairwise_GE/nonlin_additive_pairwise": NaN, "rho_random/pairwise_GE/nonlin_additive_pairwise": NaN, "rho_curated_mean": 0.9950274675388796, "rho_random_mean": 0.9925104257678122, "_wandb": {"runtime": 648}}