{"potts/n_edges": 62, "potts/edge_density": 0.5904761904761905, "potts/J_mean_abs": 3.670043468475342, "potts/J_std": 3.284135580062866, "_timestamp": 1773446717.638071, "_runtime": 528.4317059516907, "_step": 21, "gt_scores/additive/std": 0.9354941049529601, "gt_scores/additive/min": -6.730696678161621, "gt_scores/additive/pct5": -5.088986277580261, "gt_scores/additive_pairwise/std": 34.46497735907417, "gt_scores/additive_pairwise/min": -295.36199951171875, "gt_scores/additive_pairwise/pct5": -245.1078872680664, "gt_scores/nonlin_additive/std": 0.12695859792178035, "gt_scores/nonlin_additive/min": -0.8594803927815321, "gt_scores/nonlin_additive/pct5": -0.8373509757801759, "gt_scores/nonlin_additive_pairwise/std": 1.1102230246251565e-16, "gt_scores/nonlin_additive_pairwise/min": -0.8642349522941661, "gt_scores/nonlin_additive_pairwise/pct5": -0.8642349522941661, "rho_curated/additive/additive": 0.9999974300318963, "rho_random/additive/additive": 0.9999929073443686, "rho_curated/pairwise/additive": 0.9999771980550807, "rho_random/pairwise/additive": 0.9999544247550247, "rho_curated/additive_GE/additive": 0.9999836397513395, "rho_random/additive_GE/additive": 0.999965650029072, "rho_curated/pairwise_GE/additive": 0.9997103415643093, "rho_random/pairwise_GE/additive": 0.999511383963831, "rho_curated/additive/additive_pairwise": 0.9119384121053097, "rho_random/additive/additive_pairwise": 0.8338487772892705, "rho_curated/pairwise/additive_pairwise": 0.9999700046547989, "rho_random/pairwise/additive_pairwise": 0.9999418997646948, "rho_curated/additive_GE/additive_pairwise": 0.9120148489142591, "rho_random/additive_GE/additive_pairwise": 0.854906408503729, "rho_curated/pairwise_GE/additive_pairwise": 0.9995446647817648, "rho_random/pairwise_GE/additive_pairwise": 0.9993556590092941, "rho_curated/additive/nonlin_additive": 0.9949392628105339, "rho_random/additive/nonlin_additive": 0.994234495465056, "rho_curated/pairwise/nonlin_additive": 0.9991553720936879, "rho_random/pairwise/nonlin_additive": 0.9979187731399355, "rho_curated/additive_GE/nonlin_additive": 0.9999854913274099, "rho_random/additive_GE/nonlin_additive": 0.999983202098204, "rho_curated/pairwise_GE/nonlin_additive": 0.9997194299566156, "rho_random/pairwise_GE/nonlin_additive": 0.9997366912516519, "rho_curated/additive/nonlin_additive_pairwise": NaN, "rho_random/additive/nonlin_additive_pairwise": NaN, "rho_curated/pairwise/nonlin_additive_pairwise": NaN, "rho_random/pairwise/nonlin_additive_pairwise": NaN, "rho_curated/additive_GE/nonlin_additive_pairwise": NaN, "rho_random/additive_GE/nonlin_additive_pairwise": NaN, "rho_curated/pairwise_GE/nonlin_additive_pairwise": NaN, "rho_random/pairwise_GE/nonlin_additive_pairwise": NaN, "rho_curated_mean": 0.9847446746705838, "rho_random_mean": 0.9732791893845109, "_wandb": {"runtime": 528}}