{"potts/n_edges": 88, "potts/edge_density": 0.8380952380952381, "potts/J_mean_abs": 3.0483665466308594, "potts/J_std": 2.473771095275879, "_timestamp": 1773592599.1357994, "_runtime": 654.5096263885498, "_step": 21, "gt_scores/additive/std": 0.7478419753922801, "gt_scores/additive/min": -4.990938663482666, "gt_scores/additive/pct5": -3.301434588432312, "gt_scores/additive_pairwise/std": 47.20744409566283, "gt_scores/additive_pairwise/min": -333.11517333984375, "gt_scores/additive_pairwise/pct5": -202.50962142944334, "gt_scores/nonlin_additive/std": 0.15626632297714066, "gt_scores/nonlin_additive/min": -0.7844779057526228, "gt_scores/nonlin_additive/pct5": -0.7458549698064931, "gt_scores/nonlin_additive_pairwise/std": 3.64064997631819e-08, "gt_scores/nonlin_additive_pairwise/min": -0.7891859569495114, "gt_scores/nonlin_additive_pairwise/pct5": -0.7891859569495114, "rho_curated/additive/additive": 0.9999975232959006, "rho_random/additive/additive": 0.9999930905230893, "rho_curated/pairwise/additive": 0.9999761768310447, "rho_random/pairwise/additive": 0.9999501533505964, "rho_curated/additive_GE/additive": 0.9999872409034882, "rho_random/additive_GE/additive": 0.9999652717002657, "rho_curated/pairwise_GE/additive": 0.9995923663196555, "rho_random/pairwise_GE/additive": 0.9994497671811988, "rho_curated/additive/additive_pairwise": 0.9764725106983358, "rho_random/additive/additive_pairwise": 0.9607306256894023, "rho_curated/pairwise/additive_pairwise": 0.9999712053988477, "rho_random/pairwise/additive_pairwise": 0.9999434635055711, "rho_curated/additive_GE/additive_pairwise": NaN, "rho_random/additive_GE/additive_pairwise": NaN, "rho_curated/pairwise_GE/additive_pairwise": 0.9989734594548645, "rho_random/pairwise_GE/additive_pairwise": 0.998629068131242, "rho_curated/additive/nonlin_additive": 0.9980251380567685, "rho_random/additive/nonlin_additive": 0.9973164524838545, "rho_curated/pairwise/nonlin_additive": 0.9995682542626784, "rho_random/pairwise/nonlin_additive": 0.9992054553893297, "rho_curated/additive_GE/nonlin_additive": 0.9999874968634982, "rho_random/additive_GE/nonlin_additive": 0.9999799742307831, "rho_curated/pairwise_GE/nonlin_additive": 0.9997625311024728, "rho_random/pairwise_GE/nonlin_additive": 0.999673807396191, "rho_curated/additive/nonlin_additive_pairwise": NaN, "rho_random/additive/nonlin_additive_pairwise": NaN, "rho_curated/pairwise/nonlin_additive_pairwise": NaN, "rho_random/pairwise/nonlin_additive_pairwise": NaN, "rho_curated/additive_GE/nonlin_additive_pairwise": NaN, "rho_random/additive_GE/nonlin_additive_pairwise": NaN, "rho_curated/pairwise_GE/nonlin_additive_pairwise": NaN, "rho_random/pairwise_GE/nonlin_additive_pairwise": NaN, "rho_curated_mean": 0.9974830821079596, "rho_random_mean": 0.9958942845074112, "_wandb": {"runtime": 653}}