{"potts/n_edges": 270, "potts/edge_density": 0.9, "potts/J_mean_abs": 3.600341320037842, "potts/J_std": 2.868537187576294, "_timestamp": 1773413367.6388164, "_runtime": 413.6462664604187, "_step": 21, "gt_scores/additive/std": 1.1398200883094438, "gt_scores/additive/min": -9.020009994506836, "gt_scores/additive/pct5": -6.03385751247406, "gt_scores/additive_pairwise/std": 110.70210067235641, "gt_scores/additive_pairwise/min": -762.9644165039062, "gt_scores/additive_pairwise/pct5": -496.97472076416017, "gt_scores/nonlin_additive/std": 0.13291535666614748, "gt_scores/nonlin_additive/min": -0.8512857583768847, "gt_scores/nonlin_additive/pct5": -0.8249976913530378, "gt_scores/nonlin_additive_pairwise/std": 1.083053191756494e-12, "gt_scores/nonlin_additive_pairwise/min": -0.853410595172368, "gt_scores/nonlin_additive_pairwise/pct5": -0.853410595172368, "rho_curated/additive/additive": 0.9999979271679169, "rho_random/additive/additive": 0.9999923429433147, "rho_curated/pairwise/additive": 0.9997298232291864, "rho_random/pairwise/additive": 0.9995182163934737, "rho_curated/additive_GE/additive": 0.9999553683262137, "rho_random/additive_GE/additive": 0.999906261345502, "rho_curated/pairwise_GE/additive": 0.9847017299077021, "rho_random/pairwise_GE/additive": 0.9715785075654078, "rho_curated/additive/additive_pairwise": 0.9870384780735388, "rho_random/additive/additive_pairwise": 0.9749368524475748, "rho_curated/pairwise/additive_pairwise": 0.9996132121445284, "rho_random/pairwise/additive_pairwise": 0.9992859781398087, "rho_curated/additive_GE/additive_pairwise": 0.9870094645440669, "rho_random/additive_GE/additive_pairwise": 0.9777381540888095, "rho_curated/pairwise_GE/additive_pairwise": 0.9800631946905276, "rho_random/pairwise_GE/additive_pairwise": 0.9690448907056693, "rho_curated/additive/nonlin_additive": 0.9970741441865447, "rho_random/additive/nonlin_additive": 0.9974384945006883, "rho_curated/pairwise/nonlin_additive": 0.9948706432104565, "rho_random/pairwise/nonlin_additive": 0.985345543872729, "rho_curated/additive_GE/nonlin_additive": 0.9999816219992623, "rho_random/additive_GE/nonlin_additive": 0.9999772122450283, "rho_curated/pairwise_GE/nonlin_additive": 0.9889133128834683, "rho_random/pairwise_GE/nonlin_additive": 0.9857787674122644, "rho_curated/additive/nonlin_additive_pairwise": NaN, "rho_random/additive/nonlin_additive_pairwise": NaN, "rho_curated/pairwise/nonlin_additive_pairwise": NaN, "rho_random/pairwise/nonlin_additive_pairwise": NaN, "rho_curated/additive_GE/nonlin_additive_pairwise": NaN, "rho_random/additive_GE/nonlin_additive_pairwise": NaN, "rho_curated/pairwise_GE/nonlin_additive_pairwise": NaN, "rho_random/pairwise_GE/nonlin_additive_pairwise": NaN, "rho_curated_mean": 0.9932457433636177, "rho_random_mean": 0.9883784351383559, "_wandb": {"runtime": 413}}