{"potts/n_edges": 369, "potts/edge_density": 0.8482758620689655, "potts/J_mean_abs": 3.7495434284210205, "potts/J_std": 3.0622804164886475, "_timestamp": 1773635740.356635, "_runtime": 391.1654450893402, "_step": 17, "gt_scores/additive/std": 1.3026329914510024, "gt_scores/additive/min": -9.520788192749023, "gt_scores/additive/pct5": -6.589263129234314, "gt_scores/additive_pairwise/std": 115.30445412696065, "gt_scores/additive_pairwise/min": -814.1945190429688, "gt_scores/additive_pairwise/pct5": -500.4554672241211, "gt_scores/nonlin_additive/std": 0.13748413835948767, "gt_scores/nonlin_additive/min": -0.8383537187280119, "gt_scores/nonlin_additive/pct5": -0.8091688078450335, "gt_scores/nonlin_additive_pairwise/std": 2.100041756973974e-08, "gt_scores/nonlin_additive_pairwise/min": -0.8419067452138076, "gt_scores/nonlin_additive_pairwise/pct5": -0.8419067452138076, "rho_curated/additive/additive": 0.9999973052798922, "rho_random/additive/additive": 0.9999916747389792, "rho_curated/pairwise/additive": 0.9992319155852398, "rho_random/pairwise/additive": 0.9986944681271556, "rho_curated/additive_GE/additive": 0.9999567135502665, "rho_random/additive_GE/additive": 0.9999081566683014, "rho_curated/pairwise_GE/additive": 0.9637977798533047, "rho_random/pairwise_GE/additive": 0.9490732836540392, "rho_curated/additive/additive_pairwise": 0.9846031341117558, "rho_random/additive/additive_pairwise": 0.9746225770965145, "rho_curated/pairwise/additive_pairwise": 0.9934235933924702, "rho_random/pairwise/additive_pairwise": 0.9889528803154534, "rho_curated/additive_GE/additive_pairwise": 0.984756465101527, "rho_random/additive_GE/additive_pairwise": 0.9724174537467949, "rho_curated/pairwise_GE/additive_pairwise": 0.9552432804955829, "rho_random/pairwise_GE/additive_pairwise": 0.9376065070006908, "rho_curated/additive/nonlin_additive": 0.9956108399360123, "rho_random/additive/nonlin_additive": 0.9954297213815078, "rho_curated/pairwise/nonlin_additive": 0.988665053296698, "rho_random/pairwise/nonlin_additive": 0.9812620278498668, "rho_curated/additive_GE/nonlin_additive": 0.999975618471023, "rho_random/additive_GE/nonlin_additive": 0.9999725691744783, "rho_curated/pairwise_GE/nonlin_additive": 0.9788591044163347, "rho_random/pairwise_GE/nonlin_additive": 0.9761848405945035, "rho_curated/additive/nonlin_additive_pairwise": NaN, "rho_random/additive/nonlin_additive_pairwise": NaN, "_wandb": {"runtime": 390}}