{"potts/n_edges": 249, "potts/edge_density": 0.83, "potts/J_mean_abs": 3.364645481109619, "potts/J_std": 2.6689629554748535, "_timestamp": 1773619601.1488166, "_runtime": 532.9547004699707, "_step": 21, "gt_scores/additive/std": 1.1692382790629163, "gt_scores/additive/min": -8.865388870239258, "gt_scores/additive/pct5": -6.260699653625488, "gt_scores/additive_pairwise/std": 85.56746372755549, "gt_scores/additive_pairwise/min": -584.2400512695312, "gt_scores/additive_pairwise/pct5": -381.3487075805664, "gt_scores/nonlin_additive/std": 0.1299774051589443, "gt_scores/nonlin_additive/min": -0.8570875160669313, "gt_scores/nonlin_additive/pct5": -0.8319475404672109, "gt_scores/nonlin_additive_pairwise/std": 4.491163094518005e-09, "gt_scores/nonlin_additive_pairwise/min": -0.8602126915025169, "gt_scores/nonlin_additive_pairwise/pct5": -0.8602126915025169, "rho_curated/additive/additive": 0.9999973889438953, "rho_random/additive/additive": 0.9999927256560969, "rho_curated/pairwise/additive": 0.999740355965608, "rho_random/pairwise/additive": 0.9994845675086474, "rho_curated/additive_GE/additive": 0.9999868754794747, "rho_random/additive_GE/additive": 0.9999632567989717, "rho_curated/pairwise_GE/additive": 0.980725185516082, "rho_random/pairwise_GE/additive": 0.9702752240355331, "rho_curated/additive/additive_pairwise": 0.9795729657024285, "rho_random/additive/additive_pairwise": 0.9694764315010623, "rho_curated/pairwise/additive_pairwise": 0.9991587617583504, "rho_random/pairwise/additive_pairwise": 0.9984716074906356, "rho_curated/additive_GE/additive_pairwise": 0.9799340717808812, "rho_random/additive_GE/additive_pairwise": 0.968725279511345, "rho_curated/pairwise_GE/additive_pairwise": 0.9781732661328354, "rho_random/pairwise_GE/additive_pairwise": 0.9661718855899375, "rho_curated/additive/nonlin_additive": 0.9954452719935925, "rho_random/additive/nonlin_additive": 0.9962894444354473, "rho_curated/pairwise/nonlin_additive": 0.9929177525963704, "rho_random/pairwise/nonlin_additive": 0.9835765200731935, "rho_curated/additive_GE/nonlin_additive": 0.9999816923192669, "rho_random/additive_GE/nonlin_additive": 0.9999804560899253, "rho_curated/pairwise_GE/nonlin_additive": 0.9902019824473739, "rho_random/pairwise_GE/nonlin_additive": 0.9879077212454144, "rho_curated/additive/nonlin_additive_pairwise": NaN, "rho_random/additive/nonlin_additive_pairwise": NaN, "rho_curated/pairwise/nonlin_additive_pairwise": NaN, "rho_random/pairwise/nonlin_additive_pairwise": NaN, "rho_curated/additive_GE/nonlin_additive_pairwise": NaN, "rho_random/additive_GE/nonlin_additive_pairwise": NaN, "rho_curated/pairwise_GE/nonlin_additive_pairwise": NaN, "rho_random/pairwise_GE/nonlin_additive_pairwise": NaN, "rho_curated_mean": 0.9913196308863466, "rho_random_mean": 0.9866929266613509, "_wandb": {"runtime": 532}}