{"potts/n_edges": 55, "potts/edge_density": 0.2894736842105263, "potts/J_mean_abs": 0.6812263131141663, "potts/J_std": 0.5656982660293579, "_timestamp": 1773662488.430194, "_runtime": 568.2197678089142, "_step": 21, "gt_scores/additive/std": 0.9371926267512323, "gt_scores/additive/min": -6.261115074157715, "gt_scores/additive/pct5": -3.1511101722717285, "gt_scores/additive_pairwise/std": 2.053706241751158, "gt_scores/additive_pairwise/min": -14.879956245422363, "gt_scores/additive_pairwise/pct5": -6.452244901657105, "gt_scores/nonlin_additive/std": 0.18090545302242209, "gt_scores/nonlin_additive/min": -0.6677499297379063, "gt_scores/nonlin_additive/pct5": -0.6044760550333372, "gt_scores/nonlin_additive_pairwise/std": 0.21726850137438747, "gt_scores/nonlin_additive_pairwise/min": -0.6702943692969298, "gt_scores/nonlin_additive_pairwise/pct5": -0.668218420131938, "rho_curated/additive/additive": 0.9999968669368398, "rho_random/additive/additive": 0.9999879737983948, "rho_curated/pairwise/additive": 0.9998780880242254, "rho_random/pairwise/additive": 0.9998133773996283, "rho_curated/additive_GE/additive": 0.999975684747239, "rho_random/additive_GE/additive": 0.9999353842021376, "rho_curated/pairwise_GE/additive": 0.995596098090623, "rho_random/pairwise_GE/additive": 0.9958950453798612, "rho_curated/additive/additive_pairwise": 0.8831643871343285, "rho_random/additive/additive_pairwise": 0.8771512937338372, "rho_curated/pairwise/additive_pairwise": 0.9994596249097534, "rho_random/pairwise/additive_pairwise": 0.9990903160580719, "rho_curated/additive_GE/additive_pairwise": 0.8472324552604465, "rho_random/additive_GE/additive_pairwise": 0.8753485717975895, "rho_curated/pairwise_GE/additive_pairwise": 0.9956665623221782, "rho_random/pairwise_GE/additive_pairwise": 0.9950692515752296, "rho_curated/additive/nonlin_additive": 0.9972583414345186, "rho_random/additive/nonlin_additive": 0.9959759049913314, "rho_curated/pairwise/nonlin_additive": 0.9981761279002079, "rho_random/pairwise/nonlin_additive": 0.9980417241918396, "rho_curated/additive_GE/nonlin_additive": 0.9999887979846297, "rho_random/additive_GE/nonlin_additive": 0.9999771845456068, "rho_curated/pairwise_GE/nonlin_additive": 0.99778478844921, "rho_random/pairwise_GE/nonlin_additive": 0.997329092687725, "rho_curated/additive/nonlin_additive_pairwise": 0.8573869681247613, "rho_random/additive/nonlin_additive_pairwise": 0.8807651560301766, "rho_curated/pairwise/nonlin_additive_pairwise": 0.9278860140292714, "rho_random/pairwise/nonlin_additive_pairwise": 0.9314556220932622, "rho_curated/additive_GE/nonlin_additive_pairwise": 0.8642536306766302, "rho_random/additive_GE/nonlin_additive_pairwise": 0.8576181914828664, "rho_curated/pairwise_GE/nonlin_additive_pairwise": 0.972902123431888, "rho_random/pairwise_GE/nonlin_additive_pairwise": 0.9813001919158635, "rho_curated_mean": 0.9585379099660469, "rho_random_mean": 0.9615471426177138, "_wandb": {"runtime": 567}}