{"potts/n_edges": 97, "potts/edge_density": 0.9238095238095239, "potts/J_mean_abs": 3.578054189682007, "potts/J_std": 2.795664072036743, "_timestamp": 1773489678.092997, "_runtime": 671.0834560394287, "_step": 21, "gt_scores/additive/std": 0.9086341193915439, "gt_scores/additive/min": -5.885261058807373, "gt_scores/additive/pct5": -4.087509632110596, "gt_scores/additive_pairwise/std": 58.43822033276378, "gt_scores/additive_pairwise/min": -389.8907470703125, "gt_scores/additive_pairwise/pct5": -253.1273811340332, "gt_scores/nonlin_additive/std": 0.15546503153337984, "gt_scores/nonlin_additive/min": -0.7906516977346099, "gt_scores/nonlin_additive/pct5": -0.7548789649667715, "gt_scores/nonlin_additive_pairwise/std": 1.4183570020279962e-07, "gt_scores/nonlin_additive_pairwise/min": -0.7966420048824534, "gt_scores/nonlin_additive_pairwise/pct5": -0.7966420048824534, "rho_curated/additive/additive": 0.9999981817599265, "rho_random/additive/additive": 0.9999937013623061, "rho_curated/pairwise/additive": 0.9999769618950703, "rho_random/pairwise/additive": 0.999932878407592, "rho_curated/additive_GE/additive": 0.999990922359634, "rho_random/additive_GE/additive": 0.9999777913258733, "rho_curated/pairwise_GE/additive": 0.9991975369276703, "rho_random/pairwise_GE/additive": 0.998386836868199, "rho_curated/additive/additive_pairwise": 0.9786249459599717, "rho_random/additive/additive_pairwise": 0.9681196034995668, "rho_curated/pairwise/additive_pairwise": 0.9999755091750198, "rho_random/pairwise/additive_pairwise": 0.9999467162887081, "rho_curated/additive_GE/additive_pairwise": 0.9788866374584518, "rho_random/additive_GE/additive_pairwise": 0.9656121614876213, "rho_curated/pairwise_GE/additive_pairwise": 0.999161577726463, "rho_random/pairwise_GE/additive_pairwise": 0.9988593266470039, "rho_curated/additive/nonlin_additive": 0.9974908804165641, "rho_random/additive/nonlin_additive": 0.9961636891683275, "rho_curated/pairwise/nonlin_additive": 0.9995585162618003, "rho_random/pairwise/nonlin_additive": 0.9989989699122608, "rho_curated/additive_GE/nonlin_additive": 0.9999926992236993, "rho_random/additive_GE/nonlin_additive": 0.9999893241079487, "rho_curated/pairwise_GE/nonlin_additive": 0.9998206717526119, "rho_random/pairwise_GE/nonlin_additive": 0.9997527163000858, "rho_curated/additive/nonlin_additive_pairwise": NaN, "rho_random/additive/nonlin_additive_pairwise": -0.0013885260017537683, "rho_curated/pairwise/nonlin_additive_pairwise": NaN, "rho_random/pairwise/nonlin_additive_pairwise": 0.13965047653715357, "rho_curated/additive_GE/nonlin_additive_pairwise": NaN, "rho_random/additive_GE/nonlin_additive_pairwise": NaN, "rho_curated/pairwise_GE/nonlin_additive_pairwise": NaN, "rho_random/pairwise_GE/nonlin_additive_pairwise": NaN, "rho_curated_mean": 0.9960562534097402, "rho_random_mean": 0.8617139761364924, "_wandb": {"runtime": 670}}