{"potts/n_edges": 87, "potts/edge_density": 0.8285714285714286, "potts/J_mean_abs": 2.3075764179229736, "potts/J_std": 1.7794567346572876, "_timestamp": 1773395976.3579175, "_runtime": 518.8445785045624, "_step": 21, "gt_scores/additive/std": 0.9557475539592777, "gt_scores/additive/min": -7.033940315246582, "gt_scores/additive/pct5": -5.159853672981262, "gt_scores/additive_pairwise/std": 26.09258804627463, "gt_scores/additive_pairwise/min": -244.97216796875, "gt_scores/additive_pairwise/pct5": -188.23589172363282, "gt_scores/nonlin_additive/std": 0.1307311439252841, "gt_scores/nonlin_additive/min": -0.8613129322410867, "gt_scores/nonlin_additive/pct5": -0.8371371284084792, "gt_scores/nonlin_additive_pairwise/std": 1.1102230246251565e-16, "gt_scores/nonlin_additive_pairwise/min": -0.8653877661321029, "gt_scores/nonlin_additive_pairwise/pct5": -0.8653877661321029, "rho_curated/additive/additive": 0.9999982800879312, "rho_random/additive/additive": 0.999993508223712, "rho_curated/pairwise/additive": 0.9999735872069404, "rho_random/pairwise/additive": 0.9999488350409463, "rho_curated/additive_GE/additive": 0.9999893233115714, "rho_random/additive_GE/additive": 0.9999744008078489, "rho_curated/pairwise_GE/additive": 0.9997552563661811, "rho_random/pairwise_GE/additive": 0.9995985959889695, "rho_curated/additive/additive_pairwise": 0.9356372864208574, "rho_random/additive/additive_pairwise": 0.9018959615029891, "rho_curated/pairwise/additive_pairwise": 0.9999688748067527, "rho_random/pairwise/additive_pairwise": 0.9999474224629206, "rho_curated/additive_GE/additive_pairwise": NaN, "rho_random/additive_GE/additive_pairwise": NaN, "rho_curated/pairwise_GE/additive_pairwise": 0.999670350410806, "rho_random/pairwise_GE/additive_pairwise": 0.999489846152247, "rho_curated/additive/nonlin_additive": 0.9966995779717456, "rho_random/additive/nonlin_additive": 0.9974387854288493, "rho_curated/pairwise/nonlin_additive": 0.9990986281958802, "rho_random/pairwise/nonlin_additive": 0.9963658366347056, "rho_curated/additive_GE/nonlin_additive": 0.9999883082075307, "rho_random/additive_GE/nonlin_additive": 0.999985990676179, "rho_curated/pairwise_GE/nonlin_additive": 0.9994222238808332, "rho_random/pairwise_GE/nonlin_additive": 0.9994595720705794, "rho_curated/additive/nonlin_additive_pairwise": NaN, "rho_random/additive/nonlin_additive_pairwise": NaN, "rho_curated/pairwise/nonlin_additive_pairwise": NaN, "rho_random/pairwise/nonlin_additive_pairwise": NaN, "rho_curated/additive_GE/nonlin_additive_pairwise": NaN, "rho_random/additive_GE/nonlin_additive_pairwise": NaN, "rho_curated/pairwise_GE/nonlin_additive_pairwise": NaN, "rho_random/pairwise_GE/nonlin_additive_pairwise": NaN, "rho_curated_mean": 0.9936546997151846, "rho_random_mean": 0.9903726140899951, "_wandb": {"runtime": 518}}