{"potts/n_edges": 189, "potts/edge_density": 0.43448275862068964, "potts/J_mean_abs": 4.292932510375977, "potts/J_std": 7.495172023773193, "_timestamp": 1773564460.5987349, "_runtime": 580.6274199485779, "_step": 21, "gt_scores/additive/std": 0.9840544994781497, "gt_scores/additive/min": -6.60841178894043, "gt_scores/additive/pct5": -4.015690493583679, "gt_scores/additive_pairwise/std": 39.068906488065004, "gt_scores/additive_pairwise/min": -422.42083740234375, "gt_scores/additive_pairwise/pct5": -118.92703704833984, "gt_scores/nonlin_additive/std": 0.16708482524378082, "gt_scores/nonlin_additive/min": -0.7547590419002032, "gt_scores/nonlin_additive/pct5": -0.7081499601109438, "gt_scores/nonlin_additive_pairwise/std": 0.08105258105457208, "gt_scores/nonlin_additive_pairwise/min": -0.7585522794893246, "gt_scores/nonlin_additive_pairwise/pct5": -0.7585522794893246, "rho_curated/additive/additive": 0.9999978781839147, "rho_random/additive/additive": 0.9999920030396485, "rho_curated/pairwise/additive": 0.9991774057509579, "rho_random/pairwise/additive": 0.9987332745837736, "rho_curated/additive_GE/additive": 0.9999867264394667, "rho_random/additive_GE/additive": 0.9999679043308806, "rho_curated/pairwise_GE/additive": 0.9753072415995487, "rho_random/pairwise_GE/additive": 0.9632577926411837, "rho_curated/additive/additive_pairwise": 0.8043596182223847, "rho_random/additive/additive_pairwise": 0.8253466670564117, "rho_curated/pairwise/additive_pairwise": 0.8650308105467538, "rho_random/pairwise/additive_pairwise": 0.86230872602867, "rho_curated/additive_GE/additive_pairwise": 0.7763929743837189, "rho_random/additive_GE/additive_pairwise": 0.8652950393734328, "rho_curated/pairwise_GE/additive_pairwise": 0.8827215571700476, "rho_random/pairwise_GE/additive_pairwise": 0.9103895137532294, "rho_curated/additive/nonlin_additive": 0.9979963771750376, "rho_random/additive/nonlin_additive": 0.9973224359050006, "rho_curated/pairwise/nonlin_additive": 0.992741843602364, "rho_random/pairwise/nonlin_additive": 0.9879523589859858, "rho_curated/additive_GE/nonlin_additive": 0.9999805658792137, "rho_random/additive_GE/nonlin_additive": 0.9999693160023403, "rho_curated/pairwise_GE/nonlin_additive": 0.9905260740891776, "rho_random/pairwise_GE/nonlin_additive": 0.9865630007961992, "rho_curated/additive/nonlin_additive_pairwise": 0.15510065951877353, "rho_random/additive/nonlin_additive_pairwise": 0.5630398553972442, "rho_curated/pairwise/nonlin_additive_pairwise": 0.14980157493039106, "rho_random/pairwise/nonlin_additive_pairwise": 0.513278434671541, "rho_curated/additive_GE/nonlin_additive_pairwise": 0.14625746544510643, "rho_random/additive_GE/nonlin_additive_pairwise": 0.5575608202926218, "rho_curated/pairwise_GE/nonlin_additive_pairwise": 0.17302776985348312, "rho_random/pairwise_GE/nonlin_additive_pairwise": 0.6006804013819335, "rho_curated_mean": 0.7442754089243963, "rho_random_mean": 0.851978596515006, "_wandb": {"runtime": 580}}