{"potts/n_edges": 132, "potts/edge_density": 0.6947368421052632, "potts/J_mean_abs": 2.4926164150238037, "potts/J_std": 2.034865379333496, "_timestamp": 1773637322.3261576, "_runtime": 506.2217466831207, "_step": 21, "gt_scores/additive/std": 1.210202704410808, "gt_scores/additive/min": -8.911455154418945, "gt_scores/additive/pct5": -6.663809275627136, "gt_scores/additive_pairwise/std": 40.1808972926453, "gt_scores/additive_pairwise/min": -280.3785705566406, "gt_scores/additive_pairwise/pct5": -195.4357116699219, "gt_scores/nonlin_additive/std": 0.125785236402486, "gt_scores/nonlin_additive/min": -0.8664681453126024, "gt_scores/nonlin_additive/pct5": -0.8440971430509998, "gt_scores/nonlin_additive_pairwise/std": 4.568491368486288e-09, "gt_scores/nonlin_additive_pairwise/min": -0.8707194432537088, "gt_scores/nonlin_additive_pairwise/pct5": -0.8707194432537088, "rho_curated/additive/additive": 0.9999975672639027, "rho_random/additive/additive": 0.9999925783564223, "rho_curated/pairwise/additive": 0.9999431005097211, "rho_random/pairwise/additive": 0.9998870991022208, "rho_curated/additive_GE/additive": 0.9999839569833578, "rho_random/additive_GE/additive": 0.9999557679557679, "rho_curated/pairwise_GE/additive": 0.999048175801927, "rho_random/pairwise_GE/additive": 0.9983411080216005, "rho_curated/additive/additive_pairwise": 0.967034730999807, "rho_random/additive/additive_pairwise": 0.9450635633920581, "rho_curated/pairwise/additive_pairwise": 0.999937838869512, "rho_random/pairwise/additive_pairwise": 0.9998732109363224, "rho_curated/additive_GE/additive_pairwise": 0.9671142703366247, "rho_random/additive_GE/additive_pairwise": 0.9459893280372322, "rho_curated/pairwise_GE/additive_pairwise": 0.9989896060554875, "rho_random/pairwise_GE/additive_pairwise": 0.9983909936738908, "rho_curated/additive/nonlin_additive": 0.994683470082956, "rho_random/additive/nonlin_additive": 0.9958991722912767, "rho_curated/pairwise/nonlin_additive": 0.997972077414737, "rho_random/pairwise/nonlin_additive": 0.9930363803097733, "rho_curated/additive_GE/nonlin_additive": 0.9999872282794877, "rho_random/additive_GE/nonlin_additive": 0.9999827016865532, "rho_curated/pairwise_GE/nonlin_additive": 0.9984699106346128, "rho_random/pairwise_GE/nonlin_additive": 0.9985298231017352, "rho_curated/additive/nonlin_additive_pairwise": NaN, "rho_random/additive/nonlin_additive_pairwise": NaN, "rho_curated/pairwise/nonlin_additive_pairwise": NaN, "rho_random/pairwise/nonlin_additive_pairwise": NaN, "rho_curated/additive_GE/nonlin_additive_pairwise": NaN, "rho_random/additive_GE/nonlin_additive_pairwise": NaN, "rho_curated/pairwise_GE/nonlin_additive_pairwise": NaN, "rho_random/pairwise_GE/nonlin_additive_pairwise": NaN, "rho_curated_mean": 0.9935968277693443, "rho_random_mean": 0.9895784772387378, "_wandb": {"runtime": 505}}