{"potts/n_edges": 379, "potts/edge_density": 0.871264367816092, "potts/J_mean_abs": 3.83005428314209, "potts/J_std": 3.053804397583008, "_timestamp": 1773582611.9073842, "_runtime": 387.4772970676422, "_step": 21, "gt_scores/additive/std": 1.3026329914510024, "gt_scores/additive/min": -9.520788192749023, "gt_scores/additive/pct5": -6.589263129234314, "gt_scores/additive_pairwise/std": 108.600934458178, "gt_scores/additive_pairwise/min": -733.6046142578125, "gt_scores/additive_pairwise/pct5": -470.9145111083984, "gt_scores/nonlin_additive/std": 0.13748413835948767, "gt_scores/nonlin_additive/min": -0.8383537187280119, "gt_scores/nonlin_additive/pct5": -0.8091688078450335, "gt_scores/nonlin_additive_pairwise/std": 4.717645359449076e-10, "gt_scores/nonlin_additive_pairwise/min": -0.8419067452138076, "gt_scores/nonlin_additive_pairwise/pct5": -0.8419067452138076, "rho_curated/additive/additive": 0.9999973711358948, "rho_random/additive/additive": 0.9999912064446396, "rho_curated/pairwise/additive": 0.9991442587016883, "rho_random/pairwise/additive": 0.9986255294628108, "rho_curated/additive_GE/additive": 0.9999356080934183, "rho_random/additive_GE/additive": 0.9998756020740777, "rho_curated/pairwise_GE/additive": 0.9646721584251908, "rho_random/pairwise_GE/additive": 0.938134600446986, "rho_curated/additive/additive_pairwise": 0.982719558187953, "rho_random/additive/additive_pairwise": 0.9718623916654366, "rho_curated/pairwise/additive_pairwise": 0.9927346862292131, "rho_random/pairwise/additive_pairwise": 0.9878878953194078, "rho_curated/additive_GE/additive_pairwise": 0.9826567288970204, "rho_random/additive_GE/additive_pairwise": 0.9716725338847185, "rho_curated/pairwise_GE/additive_pairwise": 0.9549455863807422, "rho_random/pairwise_GE/additive_pairwise": 0.9384870533329277, "rho_curated/additive/nonlin_additive": 0.9961803486788472, "rho_random/additive/nonlin_additive": 0.995092847272488, "rho_curated/pairwise/nonlin_additive": 0.9892359616969217, "rho_random/pairwise/nonlin_additive": 0.9808841225995534, "rho_curated/additive_GE/nonlin_additive": 0.999983421375335, "rho_random/additive_GE/nonlin_additive": 0.9999770128824992, "rho_curated/pairwise_GE/nonlin_additive": 0.9795875088625203, "rho_random/pairwise_GE/nonlin_additive": 0.9694009865413231, "rho_curated/additive/nonlin_additive_pairwise": NaN, "rho_random/additive/nonlin_additive_pairwise": NaN, "rho_curated/pairwise/nonlin_additive_pairwise": NaN, "rho_random/pairwise/nonlin_additive_pairwise": NaN, "rho_curated/additive_GE/nonlin_additive_pairwise": NaN, "rho_random/additive_GE/nonlin_additive_pairwise": NaN, "rho_curated/pairwise_GE/nonlin_additive_pairwise": NaN, "rho_random/pairwise_GE/nonlin_additive_pairwise": NaN, "rho_curated_mean": 0.9868160997220622, "rho_random_mean": 0.9793243151605724, "_wandb": {"runtime": 387}}