{"potts/n_edges": 769, "potts/edge_density": 0.9378048780487804, "potts/J_mean_abs": 3.8840456008911133, "potts/J_std": 3.1977896690368652, "_timestamp": 1773691960.5393205, "_runtime": 374.2484714984894, "_step": 21, "gt_scores/additive/std": 1.3716052166180124, "gt_scores/additive/min": -9.657029151916504, "gt_scores/additive/pct5": -6.695575809478759, "gt_scores/additive_pairwise/std": 143.90565690273033, "gt_scores/additive_pairwise/min": -1035.950439453125, "gt_scores/additive_pairwise/pct5": -582.7749420166016, "gt_scores/nonlin_additive/std": 0.1440377317855033, "gt_scores/nonlin_additive/min": -0.8210666984264194, "gt_scores/nonlin_additive/pct5": -0.790616199558326, "gt_scores/nonlin_additive_pairwise/std": 2.4242846853189347e-09, "gt_scores/nonlin_additive_pairwise/min": -0.8251824253573227, "gt_scores/nonlin_additive_pairwise/pct5": -0.8251824253573227, "rho_curated/additive/additive": 0.9999971583278864, "rho_random/additive/additive": 0.9999903783760364, "rho_curated/pairwise/additive": 0.9987859719754097, "rho_random/pairwise/additive": 0.9984179330030282, "rho_curated/additive_GE/additive": 0.9999645866545833, "rho_random/additive_GE/additive": 0.9999195718899699, "rho_curated/pairwise_GE/additive": 0.9634536339301454, "rho_random/pairwise_GE/additive": 0.944681992113936, "rho_curated/additive/additive_pairwise": 0.9857509084540362, "rho_random/additive/additive_pairwise": 0.9794042860495766, "rho_curated/pairwise/additive_pairwise": 0.9820784923627096, "rho_random/pairwise/additive_pairwise": 0.9775150597804483, "rho_curated/additive_GE/additive_pairwise": 0.9857030340201214, "rho_random/additive_GE/additive_pairwise": 0.9797118433901255, "rho_curated/pairwise_GE/additive_pairwise": 0.94337522556565, "rho_random/pairwise_GE/additive_pairwise": 0.9338011918112319, "rho_curated/additive/nonlin_additive": 0.9956588206660404, "rho_random/additive/nonlin_additive": 0.9952928502820512, "rho_curated/pairwise/nonlin_additive": 0.9871474224529715, "rho_random/pairwise/nonlin_additive": 0.9837677613635709, "rho_curated/additive_GE/nonlin_additive": 0.9999792568951684, "rho_random/additive_GE/nonlin_additive": 0.9999720108333237, "rho_curated/pairwise_GE/nonlin_additive": 0.983564813885015, "rho_random/pairwise_GE/nonlin_additive": 0.9804085474468485, "rho_curated/additive/nonlin_additive_pairwise": NaN, "rho_random/additive/nonlin_additive_pairwise": NaN, "rho_curated/pairwise/nonlin_additive_pairwise": NaN, "rho_random/pairwise/nonlin_additive_pairwise": NaN, "rho_curated/additive_GE/nonlin_additive_pairwise": NaN, "rho_random/additive_GE/nonlin_additive_pairwise": NaN, "rho_curated/pairwise_GE/nonlin_additive_pairwise": NaN, "rho_random/pairwise_GE/nonlin_additive_pairwise": NaN, "rho_curated_mean": 0.9854549437658114, "rho_random_mean": 0.981073618861679, "_wandb": {"runtime": 373}}