{"potts/n_edges": 406, "potts/edge_density": 0.9333333333333333, "potts/J_mean_abs": 3.2059273719787598, "potts/J_std": 2.5269947052001953, "_timestamp": 1773500908.509123, "_runtime": 393.262216091156, "_step": 21, "gt_scores/additive/std": 1.3026329914510024, "gt_scores/additive/min": -9.520788192749023, "gt_scores/additive/pct5": -6.589263129234314, "gt_scores/additive_pairwise/std": 112.59865515585317, "gt_scores/additive_pairwise/min": -707.9939575195312, "gt_scores/additive_pairwise/pct5": -488.530290222168, "gt_scores/nonlin_additive/std": 0.13748413835948767, "gt_scores/nonlin_additive/min": -0.8383537187280119, "gt_scores/nonlin_additive/pct5": -0.8091688078450335, "gt_scores/nonlin_additive_pairwise/std": 2.733423538046419e-09, "gt_scores/nonlin_additive_pairwise/min": -0.8419067452138076, "gt_scores/nonlin_additive_pairwise/pct5": -0.8419067452138076, "rho_curated/additive/additive": 0.9999971982398876, "rho_random/additive/additive": 0.9999906407459641, "rho_curated/pairwise/additive": 0.9991980577278452, "rho_random/pairwise/additive": 0.9986944804659798, "rho_curated/additive_GE/additive": 0.9999346856053827, "rho_random/additive_GE/additive": 0.9998683809120184, "rho_curated/pairwise_GE/additive": 0.9639879422040604, "rho_random/pairwise_GE/additive": 0.9439980512938413, "rho_curated/additive/additive_pairwise": 0.9891474175333755, "rho_random/additive/additive_pairwise": 0.9807584983019659, "rho_curated/pairwise/additive_pairwise": 0.9935786141748362, "rho_random/pairwise/additive_pairwise": 0.9893630235177611, "rho_curated/additive_GE/additive_pairwise": 0.9892708259703179, "rho_random/additive_GE/additive_pairwise": 0.9815900340361352, "rho_curated/pairwise_GE/additive_pairwise": 0.952558733556072, "rho_random/pairwise_GE/additive_pairwise": 0.927461619730146, "rho_curated/additive/nonlin_additive": 0.9959344773089887, "rho_random/additive/nonlin_additive": 0.9956114692194509, "rho_curated/pairwise/nonlin_additive": 0.988150254309157, "rho_random/pairwise/nonlin_additive": 0.9807104944288577, "rho_curated/additive_GE/nonlin_additive": 0.9999823986152947, "rho_random/additive_GE/nonlin_additive": 0.9999768071407915, "rho_curated/pairwise_GE/nonlin_additive": 0.9810825876019416, "rho_random/pairwise_GE/nonlin_additive": 0.9776139173195397, "rho_curated/additive/nonlin_additive_pairwise": NaN, "rho_random/additive/nonlin_additive_pairwise": NaN, "rho_curated/pairwise/nonlin_additive_pairwise": NaN, "rho_random/pairwise/nonlin_additive_pairwise": NaN, "rho_curated/additive_GE/nonlin_additive_pairwise": NaN, "rho_random/additive_GE/nonlin_additive_pairwise": NaN, "rho_curated/pairwise_GE/nonlin_additive_pairwise": NaN, "rho_random/pairwise_GE/nonlin_additive_pairwise": NaN, "rho_curated_mean": 0.9877352660705966, "rho_random_mean": 0.9813031180927042, "_wandb": {"runtime": 392}}