{"potts/n_edges": 515, "potts/edge_density": 0.6280487804878049, "potts/J_mean_abs": 4.647608757019043, "potts/J_std": 7.905547618865967, "_timestamp": 1773684111.5518873, "_runtime": 436.15308237075806, "_step": 21, "gt_scores/additive/std": 0.6073876875821947, "gt_scores/additive/min": -3.921494483947754, "gt_scores/additive/pct5": -1.8033410251140594, "gt_scores/additive_pairwise/std": 11.936321611383738, "gt_scores/additive_pairwise/min": -284.4241943359375, "gt_scores/additive_pairwise/pct5": -23.647571849823, "gt_scores/nonlin_additive/std": 0.1851906321560001, "gt_scores/nonlin_additive/min": -0.6164641093610886, "gt_scores/nonlin_additive/pct5": -0.5419981171247509, "gt_scores/nonlin_additive_pairwise/std": 0.2610818891755156, "gt_scores/nonlin_additive_pairwise/min": -0.6190093467817134, "gt_scores/nonlin_additive_pairwise/pct5": -0.6190093467817134, "rho_curated/additive/additive": 0.9999940413446319, "rho_random/additive/additive": 0.999961768804624, "rho_curated/pairwise/additive": 0.999125549376975, "rho_random/pairwise/additive": 0.9994744069778501, "rho_curated/additive_GE/additive": 0.9999268545546419, "rho_random/additive_GE/additive": 0.9998220934016147, "rho_curated/pairwise_GE/additive": 0.9933904887408221, "rho_random/pairwise_GE/additive": 0.9931303511933203, "rho_curated/additive/additive_pairwise": 0.5228212949528118, "rho_random/additive/additive_pairwise": 0.5922933814865197, "rho_curated/pairwise/additive_pairwise": 0.5980622496807123, "rho_random/pairwise/additive_pairwise": 0.6502458923554628, "rho_curated/additive_GE/additive_pairwise": 0.5186165032339597, "rho_random/additive_GE/additive_pairwise": 0.7189730086164284, "rho_curated/pairwise_GE/additive_pairwise": 0.5744405448034687, "rho_random/pairwise_GE/additive_pairwise": 0.6351598441527732, "rho_curated/additive/nonlin_additive": 0.9941256885867126, "rho_random/additive/nonlin_additive": 0.9931521916453623, "rho_curated/pairwise/nonlin_additive": 0.9927891848634138, "rho_random/pairwise/nonlin_additive": 0.9919142102790823, "rho_curated/additive_GE/nonlin_additive": 0.9975876237131484, "rho_random/additive_GE/nonlin_additive": 0.9965619360853405, "rho_curated/pairwise_GE/nonlin_additive": 0.9960643483813795, "rho_random/pairwise_GE/nonlin_additive": 0.9949185482971489, "rho_curated/additive/nonlin_additive_pairwise": 0.6353561811967791, "rho_random/additive/nonlin_additive_pairwise": 0.6781834046468266, "rho_curated/pairwise/nonlin_additive_pairwise": 0.6882149046485286, "rho_random/pairwise/nonlin_additive_pairwise": 0.6780022255055123, "rho_curated/additive_GE/nonlin_additive_pairwise": 0.24480817056188892, "rho_random/additive_GE/nonlin_additive_pairwise": 0.44300490550612076, "rho_curated/pairwise_GE/nonlin_additive_pairwise": 0.6875959235977782, "rho_random/pairwise_GE/nonlin_additive_pairwise": 0.6661769251797967, "rho_curated_mean": 0.7776824720148532, "rho_random_mean": 0.8144359433833614, "_wandb": {"runtime": 435}}