{"potts/n_edges": 94, "potts/edge_density": 0.8952380952380953, "potts/J_mean_abs": 2.9924800395965576, "potts/J_std": 2.3274357318878174, "_timestamp": 1773617089.1936736, "_runtime": 699.0118796825409, "_step": 21, "gt_scores/additive/std": 0.9086341193915439, "gt_scores/additive/min": -5.885261058807373, "gt_scores/additive/pct5": -4.087509632110596, "gt_scores/additive_pairwise/std": 48.87666056632033, "gt_scores/additive_pairwise/min": -300.06884765625, "gt_scores/additive_pairwise/pct5": -213.57852935791016, "gt_scores/nonlin_additive/std": 0.15546503153337984, "gt_scores/nonlin_additive/min": -0.7906516977346099, "gt_scores/nonlin_additive/pct5": -0.7548789649667715, "gt_scores/nonlin_additive_pairwise/std": 4.195698637679068e-05, "gt_scores/nonlin_additive_pairwise/min": -0.7966420048824534, "gt_scores/nonlin_additive_pairwise/pct5": -0.7966420048824534, "rho_curated/additive/additive": 0.9999978135999119, "rho_random/additive/additive": 0.9999933049281545, "rho_curated/pairwise/additive": 0.9999770384070722, "rho_random/pairwise/additive": 0.9999456616026785, "rho_curated/additive_GE/additive": 0.9999816135032584, "rho_random/additive_GE/additive": 0.9999548306422474, "rho_curated/pairwise_GE/additive": 0.9997062165881428, "rho_random/pairwise_GE/additive": 0.9994258939547164, "rho_curated/additive/additive_pairwise": 0.9785205534907603, "rho_random/additive/additive_pairwise": 0.9661492042119414, "rho_curated/pairwise/additive_pairwise": 0.9999694762467768, "rho_random/pairwise/additive_pairwise": 0.9999383904984853, "rho_curated/additive_GE/additive_pairwise": 0.9786756144014892, "rho_random/additive_GE/additive_pairwise": 0.9658955987717504, "rho_curated/pairwise_GE/additive_pairwise": 0.9994471123618315, "rho_random/pairwise_GE/additive_pairwise": 0.9992622793243897, "rho_curated/additive/nonlin_additive": 0.9971745231555225, "rho_random/additive/nonlin_additive": 0.9948539487339659, "rho_curated/pairwise/nonlin_additive": 0.9995102143158207, "rho_random/pairwise/nonlin_additive": 0.9990177951353374, "rho_curated/additive_GE/nonlin_additive": 0.9999895260395681, "rho_random/additive_GE/nonlin_additive": 0.9999858576268958, "rho_curated/pairwise_GE/nonlin_additive": 0.9998089306401233, "rho_random/pairwise_GE/nonlin_additive": 0.9997003616843295, "rho_curated/additive/nonlin_additive_pairwise": NaN, "rho_random/additive/nonlin_additive_pairwise": NaN, "rho_curated/pairwise/nonlin_additive_pairwise": NaN, "rho_random/pairwise/nonlin_additive_pairwise": 0.08893034194046162, "rho_curated/additive_GE/nonlin_additive_pairwise": NaN, "rho_random/additive_GE/nonlin_additive_pairwise": NaN, "rho_curated/pairwise_GE/nonlin_additive_pairwise": NaN, "rho_random/pairwise_GE/nonlin_additive_pairwise": 0.034921583916356636, "rho_curated_mean": 0.9960632193958565, "rho_random_mean": 0.8605696466408365, "_wandb": {"runtime": 698}}