{"potts/n_edges": 176, "potts/edge_density": 0.9263157894736842, "potts/J_mean_abs": 3.5666422843933105, "potts/J_std": 2.8449034690856934, "_timestamp": 1773646363.8641963, "_runtime": 560.5938353538513, "_step": 21, "gt_scores/additive/std": 1.426379881017352, "gt_scores/additive/min": -10.008467674255371, "gt_scores/additive/pct5": -7.166622185707093, "gt_scores/additive_pairwise/std": 87.55533515672967, "gt_scores/additive_pairwise/min": -621.9989624023438, "gt_scores/additive_pairwise/pct5": -435.80360107421876, "gt_scores/nonlin_additive/std": 0.13946177757028871, "gt_scores/nonlin_additive/min": -0.8313426784103302, "gt_scores/nonlin_additive/pct5": -0.8034810610065, "gt_scores/nonlin_additive_pairwise/std": 1.570092458683775e-17, "gt_scores/nonlin_additive_pairwise/min": -0.8358896588447285, "gt_scores/nonlin_additive_pairwise/pct5": -0.8358896588447285, "rho_curated/additive/additive": 0.999997154583886, "rho_random/additive/additive": 0.999991403800656, "rho_curated/pairwise/additive": 0.9999330484213205, "rho_random/pairwise/additive": 0.9998519602106913, "rho_curated/additive_GE/additive": 0.9999849974073999, "rho_random/additive_GE/additive": 0.9999657744086211, "rho_curated/pairwise_GE/additive": 0.9990187435206791, "rho_random/pairwise_GE/additive": 0.998352681175004, "rho_curated/additive/additive_pairwise": 0.9807358536614341, "rho_random/additive/additive_pairwise": 0.967271466430338, "rho_curated/pairwise/additive_pairwise": 0.999935828605433, "rho_random/pairwise/additive_pairwise": 0.9998727821729071, "rho_curated/additive_GE/additive_pairwise": 0.9809241022045063, "rho_random/additive_GE/additive_pairwise": 0.9668091999026612, "rho_curated/pairwise_GE/additive_pairwise": 0.9989935317356927, "rho_random/pairwise_GE/additive_pairwise": 0.9983627665993399, "rho_curated/additive/nonlin_additive": 0.99633584312517, "rho_random/additive/nonlin_additive": 0.9960557779218527, "rho_curated/pairwise/nonlin_additive": 0.998430696745115, "rho_random/pairwise/nonlin_additive": 0.9966691515382586, "rho_curated/additive_GE/nonlin_additive": 0.9999878537915131, "rho_random/additive_GE/nonlin_additive": 0.9999855300498566, "rho_curated/pairwise_GE/nonlin_additive": 0.9979201357247057, "rho_random/pairwise_GE/nonlin_additive": 0.9978972064041779, "rho_curated/additive/nonlin_additive_pairwise": NaN, "rho_random/additive/nonlin_additive_pairwise": NaN, "rho_curated/pairwise/nonlin_additive_pairwise": NaN, "rho_random/pairwise/nonlin_additive_pairwise": NaN, "rho_curated/additive_GE/nonlin_additive_pairwise": NaN, "rho_random/additive_GE/nonlin_additive_pairwise": NaN, "rho_curated/pairwise_GE/nonlin_additive_pairwise": NaN, "rho_random/pairwise_GE/nonlin_additive_pairwise": NaN, "rho_curated_mean": 0.9960164824605712, "rho_random_mean": 0.9934238083845304, "_wandb": {"runtime": 559}}