{"potts/n_edges": 146, "potts/edge_density": 0.7684210526315789, "potts/J_mean_abs": 3.005938768386841, "potts/J_std": 2.7322170734405518, "_timestamp": 1773418119.411694, "_runtime": 524.0940780639648, "_step": 21, "gt_scores/additive/std": 1.210202704410808, "gt_scores/additive/min": -8.911455154418945, "gt_scores/additive/pct5": -6.663809275627136, "gt_scores/additive_pairwise/std": 59.20537951172941, "gt_scores/additive_pairwise/min": -414.9360656738281, "gt_scores/additive_pairwise/pct5": -290.9209274291992, "gt_scores/nonlin_additive/std": 0.125785236402486, "gt_scores/nonlin_additive/min": -0.8664681453126024, "gt_scores/nonlin_additive/pct5": -0.8440971430509998, "gt_scores/nonlin_additive_pairwise/std": 3.587444513319365e-11, "gt_scores/nonlin_additive_pairwise/min": -0.8707194432537088, "gt_scores/nonlin_additive_pairwise/pct5": -0.8707194432537088, "rho_curated/additive/additive": 0.9999980260479209, "rho_random/additive/additive": 0.9999932887517216, "rho_curated/pairwise/additive": 0.9999418583416729, "rho_random/pairwise/additive": 0.9998769178051813, "rho_curated/additive_GE/additive": 0.9999803759432146, "rho_random/additive_GE/additive": 0.9999564094684161, "rho_curated/pairwise_GE/additive": 0.9992687097707309, "rho_random/pairwise_GE/additive": 0.9986757443477972, "rho_curated/additive/additive_pairwise": 0.9710963977558559, "rho_random/additive/additive_pairwise": 0.9524268654996298, "rho_curated/pairwise/additive_pairwise": 0.9999295242851809, "rho_random/pairwise/additive_pairwise": 0.9998738565259772, "rho_curated/additive_GE/additive_pairwise": 0.9713161801152702, "rho_random/additive_GE/additive_pairwise": 0.9554709460524023, "rho_curated/pairwise_GE/additive_pairwise": 0.998930591517198, "rho_random/pairwise_GE/additive_pairwise": 0.9981614936437134, "rho_curated/additive/nonlin_additive": 0.9943019810195324, "rho_random/additive/nonlin_additive": 0.9947920256306013, "rho_curated/pairwise/nonlin_additive": 0.997867687922554, "rho_random/pairwise/nonlin_additive": 0.9938018619822224, "rho_curated/additive_GE/nonlin_additive": 0.9999858556234325, "rho_random/additive_GE/nonlin_additive": 0.9999832707027888, "rho_curated/pairwise_GE/nonlin_additive": 0.9990287859130584, "rho_random/pairwise_GE/nonlin_additive": 0.9989275727022519, "rho_curated/additive/nonlin_additive_pairwise": NaN, "rho_random/additive/nonlin_additive_pairwise": NaN, "rho_curated/pairwise/nonlin_additive_pairwise": NaN, "rho_random/pairwise/nonlin_additive_pairwise": NaN, "rho_curated/additive_GE/nonlin_additive_pairwise": NaN, "rho_random/additive_GE/nonlin_additive_pairwise": NaN, "rho_curated/pairwise_GE/nonlin_additive_pairwise": NaN, "rho_random/pairwise_GE/nonlin_additive_pairwise": NaN, "rho_curated_mean": 0.9943038311879685, "rho_random_mean": 0.9909950210927252, "_wandb": {"runtime": 523}}