{"potts/n_edges": 149, "potts/edge_density": 0.7842105263157895, "potts/J_mean_abs": 2.0556845664978027, "potts/J_std": 1.6495920419692993, "_timestamp": 1773399892.8530192, "_runtime": 548.996217250824, "_step": 19, "gt_scores/additive/std": 1.426379881017352, "gt_scores/additive/min": -10.008467674255371, "gt_scores/additive/pct5": -7.166622185707093, "gt_scores/additive_pairwise/std": 45.94577084446367, "gt_scores/additive_pairwise/min": -315.9238586425781, "gt_scores/additive_pairwise/pct5": -226.68501739501954, "gt_scores/nonlin_additive/std": 0.13946177757028871, "gt_scores/nonlin_additive/min": -0.8313426784103302, "gt_scores/nonlin_additive/pct5": -0.8034810610065, "gt_scores/nonlin_additive_pairwise/std": 3.041509182168476e-08, "gt_scores/nonlin_additive_pairwise/min": -0.8358896588447285, "gt_scores/nonlin_additive_pairwise/pct5": -0.8358896588447285, "rho_curated/additive/additive": 0.999997581159903, "rho_random/additive/additive": 0.9999916833900117, "rho_curated/pairwise/additive": 0.9999430490057191, "rho_random/pairwise/additive": 0.9998512339995305, "rho_curated/additive_GE/additive": 0.9999830990313228, "rho_random/additive_GE/additive": 0.9999623540336703, "rho_curated/pairwise_GE/additive": 0.9988718942347404, "rho_random/pairwise_GE/additive": 0.998208583033994, "rho_curated/additive/additive_pairwise": 0.9798772603461244, "rho_random/additive/additive_pairwise": 0.9703003756514325, "rho_curated/pairwise/additive_pairwise": 0.9999437700377496, "rho_random/pairwise/additive_pairwise": 0.9998854797896713, "rho_curated/additive_GE/additive_pairwise": 0.9799726879264268, "rho_random/additive_GE/additive_pairwise": 0.9710031518111596, "rho_curated/pairwise_GE/additive_pairwise": 0.9922768501148886, "rho_random/pairwise_GE/additive_pairwise": 0.988205565816124, "rho_curated/additive/nonlin_additive": 0.9969630105743016, "rho_random/additive/nonlin_additive": 0.9958402381977526, "rho_curated/pairwise/nonlin_additive": 0.9985477799818764, "rho_random/pairwise/nonlin_additive": 0.9960992978523966, "rho_curated/additive_GE/nonlin_additive": 0.9999876831995069, "rho_random/additive_GE/nonlin_additive": 0.9999860124098326, "rho_curated/pairwise_GE/nonlin_additive": 0.99926712795465, "rho_random/pairwise_GE/nonlin_additive": 0.9992726333935458, "rho_curated/additive/nonlin_additive_pairwise": NaN, "rho_random/additive/nonlin_additive_pairwise": NaN, "rho_curated/pairwise/nonlin_additive_pairwise": NaN, "rho_random/pairwise/nonlin_additive_pairwise": NaN, "rho_curated/additive_GE/nonlin_additive_pairwise": NaN, "rho_random/additive_GE/nonlin_additive_pairwise": NaN, "_wandb": {"runtime": 548}}