{"potts/n_edges": 165, "potts/edge_density": 0.868421052631579, "potts/J_mean_abs": 3.2048232555389404, "potts/J_std": 2.5462281703948975, "_timestamp": 1773695816.1075864, "_runtime": 534.4422082901001, "_step": 21, "gt_scores/additive/std": 1.210202704410808, "gt_scores/additive/min": -8.911455154418945, "gt_scores/additive/pct5": -6.663809275627136, "gt_scores/additive_pairwise/std": 78.52017875448456, "gt_scores/additive_pairwise/min": -564.2389526367188, "gt_scores/additive_pairwise/pct5": -391.280744934082, "gt_scores/nonlin_additive/std": 0.125785236402486, "gt_scores/nonlin_additive/min": -0.8664681453126024, "gt_scores/nonlin_additive/pct5": -0.8440971430509998, "gt_scores/nonlin_additive_pairwise/std": 9.420554752102651e-18, "gt_scores/nonlin_additive_pairwise/min": -0.8707194432537088, "gt_scores/nonlin_additive_pairwise/pct5": -0.8707194432537088, "rho_curated/additive/additive": 0.9999977412879095, "rho_random/additive/additive": 0.9999932659952259, "rho_curated/pairwise/additive": 0.9999430524377179, "rho_random/pairwise/additive": 0.9998785646886716, "rho_curated/additive_GE/additive": 0.999979709703188, "rho_random/additive_GE/additive": 0.999958289586291, "rho_curated/pairwise_GE/additive": 0.9991114036604136, "rho_random/pairwise_GE/additive": 0.9986609200075214, "rho_curated/additive/additive_pairwise": 0.9830640312341549, "rho_random/additive/additive_pairwise": 0.9728921711174419, "rho_curated/pairwise/additive_pairwise": 0.9999362094614469, "rho_random/pairwise/additive_pairwise": 0.9998669742234891, "rho_curated/additive_GE/additive_pairwise": 0.9830772089602455, "rho_random/additive_GE/additive_pairwise": 0.9717529481423848, "rho_curated/pairwise_GE/additive_pairwise": 0.9989967237118449, "rho_random/pairwise_GE/additive_pairwise": 0.9984046907454243, "rho_curated/additive/nonlin_additive": 0.9948839452343755, "rho_random/additive/nonlin_additive": 0.9952367563930042, "rho_curated/pairwise/nonlin_additive": 0.9979145864203331, "rho_random/pairwise/nonlin_additive": 0.9937150818152821, "rho_curated/additive_GE/nonlin_additive": 0.9999776118391022, "rho_random/additive_GE/nonlin_additive": 0.9999751374621829, "rho_curated/pairwise_GE/nonlin_additive": 0.9986660208105126, "rho_random/pairwise_GE/nonlin_additive": 0.9987261711122063, "rho_curated/additive/nonlin_additive_pairwise": NaN, "rho_random/additive/nonlin_additive_pairwise": NaN, "rho_curated/pairwise/nonlin_additive_pairwise": NaN, "rho_random/pairwise/nonlin_additive_pairwise": NaN, "rho_curated/additive_GE/nonlin_additive_pairwise": NaN, "rho_random/additive_GE/nonlin_additive_pairwise": NaN, "rho_curated/pairwise_GE/nonlin_additive_pairwise": NaN, "rho_random/pairwise_GE/nonlin_additive_pairwise": NaN, "rho_curated_mean": 0.9962956870634369, "rho_random_mean": 0.9940884142740938, "_wandb": {"runtime": 533}}