{"potts/n_edges": 79, "potts/edge_density": 0.7523809523809524, "potts/J_mean_abs": 3.698410749435425, "potts/J_std": 3.0670223236083984, "_timestamp": 1773590774.4638631, "_runtime": 505.04974007606506, "_step": 21, "gt_scores/additive/std": 0.7770162874764199, "gt_scores/additive/min": -5.525506973266602, "gt_scores/additive/pct5": -4.092422103881836, "gt_scores/additive_pairwise/std": 39.75212550274914, "gt_scores/additive_pairwise/min": -353.9142761230469, "gt_scores/additive_pairwise/pct5": -294.2875061035156, "gt_scores/nonlin_additive/std": 0.13179785214960515, "gt_scores/nonlin_additive/min": -0.851066460422529, "gt_scores/nonlin_additive/pct5": -0.8261551473383105, "gt_scores/nonlin_additive_pairwise/std": 2.220446049250313e-16, "gt_scores/nonlin_additive_pairwise/min": -0.8558889585984598, "gt_scores/nonlin_additive_pairwise/pct5": -0.8558889585984598, "rho_curated/additive/additive": 0.9999982844319311, "rho_random/additive/additive": 0.9999945869498247, "rho_curated/pairwise/additive": 0.9999765261270586, "rho_random/pairwise/additive": 0.9999541949504348, "rho_curated/additive_GE/additive": 0.9999860177674397, "rho_random/additive_GE/additive": 0.9999637392900382, "rho_curated/pairwise_GE/additive": 0.9969584077101172, "rho_random/pairwise_GE/additive": 0.9948155071501698, "rho_curated/additive/additive_pairwise": 0.9282202891156434, "rho_random/additive/additive_pairwise": 0.8914592124419345, "rho_curated/pairwise/additive_pairwise": 0.9999711332548447, "rho_random/pairwise/additive_pairwise": 0.9999406879168905, "rho_curated/additive_GE/additive_pairwise": 0.928360758244711, "rho_random/additive_GE/additive_pairwise": 0.8628810658808468, "rho_curated/pairwise_GE/additive_pairwise": 0.9996877362755093, "rho_random/pairwise_GE/additive_pairwise": 0.9995497024610369, "rho_curated/additive/nonlin_additive": 0.9970302882647839, "rho_random/additive/nonlin_additive": 0.997486155021098, "rho_curated/pairwise/nonlin_additive": 0.9992893843314903, "rho_random/pairwise/nonlin_additive": 0.9969907658706505, "rho_curated/additive_GE/nonlin_additive": 0.9999884734235372, "rho_random/additive_GE/nonlin_additive": 0.9999886050058822, "rho_curated/pairwise_GE/nonlin_additive": 0.999726988733047, "rho_random/pairwise_GE/nonlin_additive": 0.9997263480962858, "rho_curated/additive/nonlin_additive_pairwise": NaN, "rho_random/additive/nonlin_additive_pairwise": NaN, "rho_curated/pairwise/nonlin_additive_pairwise": NaN, "rho_random/pairwise/nonlin_additive_pairwise": NaN, "rho_curated/additive_GE/nonlin_additive_pairwise": NaN, "rho_random/additive_GE/nonlin_additive_pairwise": NaN, "rho_curated/pairwise_GE/nonlin_additive_pairwise": NaN, "rho_random/pairwise_GE/nonlin_additive_pairwise": NaN, "rho_curated_mean": 0.987432857306676, "rho_random_mean": 0.9785625475862577, "_wandb": {"runtime": 504}}