{"potts/n_edges": 1049, "potts/edge_density": 0.5926553672316384, "potts/J_mean_abs": 2.9074480533599854, "potts/J_std": 2.2971105575561523, "_timestamp": 1773707128.3955524, "_runtime": 576.5983273983002, "_step": 21, "gt_scores/additive/std": 1.5378494799327518, "gt_scores/additive/min": -10.391035079956055, "gt_scores/additive/pct5": -7.101400303840637, "gt_scores/additive_pairwise/std": 82.396693971565, "gt_scores/additive_pairwise/min": -591.540283203125, "gt_scores/additive_pairwise/pct5": -324.5675018310547, "gt_scores/nonlin_additive/std": 0.14945225373834564, "gt_scores/nonlin_additive/min": -0.8018450392779615, "gt_scores/nonlin_additive/pct5": -0.767099911032629, "gt_scores/nonlin_additive_pairwise/std": 0.00425066038567388, "gt_scores/nonlin_additive_pairwise/min": -0.8066738208869829, "gt_scores/nonlin_additive_pairwise/pct5": -0.8066738208869829, "rho_curated/additive/additive": 0.99999551243182, "rho_random/additive/additive": 0.9999874569341348, "rho_curated/pairwise/additive": 0.9990210083287931, "rho_random/pairwise/additive": 0.9989356971122689, "rho_curated/additive_GE/additive": 0.9999496422379831, "rho_random/additive_GE/additive": 0.9998779542919672, "rho_curated/pairwise_GE/additive": 0.9957960377674377, "rho_random/pairwise_GE/additive": 0.9928454372601832, "rho_curated/additive/additive_pairwise": 0.9781976114468581, "rho_random/additive/additive_pairwise": 0.967060539312634, "rho_curated/pairwise/additive_pairwise": 0.9741071404670429, "rho_random/pairwise/additive_pairwise": 0.962247056196192, "rho_curated/additive_GE/additive_pairwise": 0.9784677767216777, "rho_random/additive_GE/additive_pairwise": 0.965121546052081, "rho_curated/pairwise_GE/additive_pairwise": 0.9635180303718456, "rho_random/pairwise_GE/additive_pairwise": 0.9511650126508492, "rho_curated/additive/nonlin_additive": 0.9955652701743981, "rho_random/additive/nonlin_additive": 0.9948803764455909, "rho_curated/pairwise/nonlin_additive": 0.9901051669239692, "rho_random/pairwise/nonlin_additive": 0.9901540650439228, "rho_curated/additive_GE/nonlin_additive": 0.9999762346710485, "rho_random/additive_GE/nonlin_additive": 0.9999643445113119, "rho_curated/pairwise_GE/nonlin_additive": 0.993277637506783, "rho_random/pairwise_GE/nonlin_additive": 0.9938820584111163, "rho_curated/additive/nonlin_additive_pairwise": NaN, "rho_random/additive/nonlin_additive_pairwise": 0.1361512841638738, "rho_curated/pairwise/nonlin_additive_pairwise": NaN, "rho_random/pairwise/nonlin_additive_pairwise": 0.1539831505385042, "rho_curated/additive_GE/nonlin_additive_pairwise": NaN, "rho_random/additive_GE/nonlin_additive_pairwise": NaN, "rho_curated/pairwise_GE/nonlin_additive_pairwise": NaN, "rho_random/pairwise_GE/nonlin_additive_pairwise": 0.08143070019907357, "rho_curated_mean": 0.9889980890874713, "rho_random_mean": 0.8125124452749137, "_wandb": {"runtime": 575}}