{"potts/n_edges": 404, "potts/edge_density": 0.9287356321839081, "potts/J_mean_abs": 3.5187673568725586, "potts/J_std": 3.154672384262085, "_timestamp": 1773577121.8524053, "_runtime": 560.0940072536469, "_step": 21, "gt_scores/additive/std": 1.171527274585528, "gt_scores/additive/min": -8.120271682739258, "gt_scores/additive/pct5": -5.117099380493164, "gt_scores/additive_pairwise/std": 84.32626992587444, "gt_scores/additive_pairwise/min": -600.0755004882812, "gt_scores/additive_pairwise/pct5": -316.31104736328126, "gt_scores/nonlin_additive/std": 0.15758704638940746, "gt_scores/nonlin_additive/min": -0.7858942776032621, "gt_scores/nonlin_additive/pct5": -0.7441416081595725, "gt_scores/nonlin_additive_pairwise/std": 0.005902163361252889, "gt_scores/nonlin_additive_pairwise/min": -0.7895450085969645, "gt_scores/nonlin_additive_pairwise/pct5": -0.7895450085969645, "rho_curated/additive/additive": 0.9999970107998802, "rho_random/additive/additive": 0.9999917125238252, "rho_curated/pairwise/additive": 0.9991303211812127, "rho_random/pairwise/additive": 0.9985349841170658, "rho_curated/additive_GE/additive": 0.9999728907509156, "rho_random/additive_GE/additive": 0.9999401439401441, "rho_curated/pairwise_GE/additive": 0.9695692156060383, "rho_random/pairwise_GE/additive": 0.9614008484999365, "rho_curated/additive/additive_pairwise": 0.9799110839079612, "rho_random/additive/additive_pairwise": 0.9666903027885698, "rho_curated/pairwise/additive_pairwise": 0.9879519772929226, "rho_random/pairwise/additive_pairwise": 0.9841033991058822, "rho_curated/additive_GE/additive_pairwise": 0.9801149748836447, "rho_random/additive_GE/additive_pairwise": 0.9684456367046604, "rho_curated/pairwise_GE/additive_pairwise": 0.9635181878101008, "rho_random/pairwise_GE/additive_pairwise": 0.9558571180839422, "rho_curated/additive/nonlin_additive": 0.9974705835707626, "rho_random/additive/nonlin_additive": 0.9968113957589715, "rho_curated/pairwise/nonlin_additive": 0.9911228936367028, "rho_random/pairwise/nonlin_additive": 0.9875404808923332, "rho_curated/additive_GE/nonlin_additive": 0.9999879150395161, "rho_random/additive_GE/nonlin_additive": 0.9999816925509372, "rho_curated/pairwise_GE/nonlin_additive": 0.9881287114285787, "rho_random/pairwise_GE/nonlin_additive": 0.9824687321708742, "rho_curated/additive/nonlin_additive_pairwise": NaN, "rho_random/additive/nonlin_additive_pairwise": 0.1034613116742386, "rho_curated/pairwise/nonlin_additive_pairwise": NaN, "rho_random/pairwise/nonlin_additive_pairwise": 0.16309520369165673, "rho_curated/additive_GE/nonlin_additive_pairwise": NaN, "rho_random/additive_GE/nonlin_additive_pairwise": NaN, "rho_curated/pairwise_GE/nonlin_additive_pairwise": NaN, "rho_random/pairwise_GE/nonlin_additive_pairwise": 0.16948427842047625, "rho_curated_mean": 0.988072980492353, "rho_random_mean": 0.8158538160615676, "_wandb": {"runtime": 559}}