{"potts/n_edges": 277, "potts/edge_density": 0.9233333333333333, "potts/J_mean_abs": 3.761472225189209, "potts/J_std": 2.93304181098938, "_timestamp": 1773627001.153086, "_runtime": 549.0216548442841, "_step": 21, "gt_scores/additive/std": 1.0845397655127298, "gt_scores/additive/min": -7.869518280029297, "gt_scores/additive/pct5": -4.928722500801086, "gt_scores/additive_pairwise/std": 85.0368444434867, "gt_scores/additive_pairwise/min": -660.942138671875, "gt_scores/additive_pairwise/pct5": -321.7388198852539, "gt_scores/nonlin_additive/std": 0.1521633644541054, "gt_scores/nonlin_additive/min": -0.7983750201741924, "gt_scores/nonlin_additive/pct5": -0.7601459147927325, "gt_scores/nonlin_additive_pairwise/std": 1.9541014493179536e-05, "gt_scores/nonlin_additive_pairwise/min": -0.8012119156418135, "gt_scores/nonlin_additive_pairwise/pct5": -0.8012119156418135, "rho_curated/additive/additive": 0.9999976904799076, "rho_random/additive/additive": 0.9999927643294211, "rho_curated/pairwise/additive": 0.9997290171171541, "rho_random/pairwise/additive": 0.9995203410547265, "rho_curated/additive_GE/additive": 0.9999686087667429, "rho_random/additive_GE/additive": 0.9999429809468523, "rho_curated/pairwise_GE/additive": 0.9819051449149029, "rho_random/pairwise_GE/additive": 0.9733919723628328, "rho_curated/additive/additive_pairwise": 0.9839096217319987, "rho_random/additive/additive_pairwise": 0.9741744314771262, "rho_curated/pairwise/additive_pairwise": 0.9992952837478113, "rho_random/pairwise/additive_pairwise": 0.9989098390384314, "rho_curated/additive_GE/additive_pairwise": 0.9842903197556127, "rho_random/additive_GE/additive_pairwise": 0.9728573297025441, "rho_curated/pairwise_GE/additive_pairwise": 0.9818343644725025, "rho_random/pairwise_GE/additive_pairwise": 0.9794522303513743, "rho_curated/additive/nonlin_additive": 0.9977637538784426, "rho_random/additive/nonlin_additive": 0.997815201285339, "rho_curated/pairwise/nonlin_additive": 0.9962984798276726, "rho_random/pairwise/nonlin_additive": 0.9928060643776, "rho_curated/additive_GE/nonlin_additive": 0.9999881412395236, "rho_random/additive_GE/nonlin_additive": 0.9999820479101197, "rho_curated/pairwise_GE/nonlin_additive": 0.9918999795636103, "rho_random/pairwise_GE/nonlin_additive": 0.988361529424646, "rho_curated/additive/nonlin_additive_pairwise": NaN, "rho_random/additive/nonlin_additive_pairwise": 0.13667354946117782, "rho_curated/pairwise/nonlin_additive_pairwise": NaN, "rho_random/pairwise/nonlin_additive_pairwise": 0.11499982420787733, "rho_curated/additive_GE/nonlin_additive_pairwise": NaN, "rho_random/additive_GE/nonlin_additive_pairwise": NaN, "rho_curated/pairwise_GE/nonlin_additive_pairwise": NaN, "rho_random/pairwise_GE/nonlin_additive_pairwise": 0.14693368558216685, "rho_curated_mean": 0.9930733671246568, "rho_random_mean": 0.8183875861008157, "_wandb": {"runtime": 548}}