{"potts/n_edges": 3636, "potts/edge_density": 0.7345454545454545, "potts/J_mean_abs": 3.7627670764923096, "potts/J_std": 2.9415903091430664, "_timestamp": 1773411793.8272226, "_runtime": 586.2128796577454, "_step": 21, "gt_scores/additive/std": 1.341045468676588, "gt_scores/additive/min": -9.052918434143066, "gt_scores/additive/pct5": -5.564203548431396, "gt_scores/additive_pairwise/std": 69.86699159391948, "gt_scores/additive_pairwise/min": -560.4359130859375, "gt_scores/additive_pairwise/pct5": -243.11366653442383, "gt_scores/nonlin_additive/std": 0.16349607627610277, "gt_scores/nonlin_additive/min": -0.7629609142948688, "gt_scores/nonlin_additive/pct5": -0.7174741370844288, "gt_scores/nonlin_additive_pairwise/std": 0.038551152454203354, "gt_scores/nonlin_additive_pairwise/min": -0.766793603552254, "gt_scores/nonlin_additive_pairwise/pct5": -0.766793603552254, "rho_curated/additive/additive": 0.9999946094077842, "rho_random/additive/additive": 0.9999858859776661, "rho_curated/pairwise/additive": 0.9994421176016713, "rho_random/pairwise/additive": 0.9994875293049948, "rho_curated/additive_GE/additive": 0.9999609140544357, "rho_random/additive_GE/additive": 0.9999317274203041, "rho_curated/pairwise_GE/additive": 0.9982679152026751, "rho_random/pairwise_GE/additive": 0.99751921984976, "rho_curated/additive/additive_pairwise": 0.9606888288026096, "rho_random/additive/additive_pairwise": 0.9425656836887938, "rho_curated/pairwise/additive_pairwise": 0.9499982529667301, "rho_random/pairwise/additive_pairwise": 0.9407233301739211, "rho_curated/additive_GE/additive_pairwise": 0.9598637917385515, "rho_random/additive_GE/additive_pairwise": 0.9497760969535903, "rho_curated/pairwise_GE/additive_pairwise": 0.9470231735836555, "rho_random/pairwise_GE/additive_pairwise": 0.9344761289876898, "rho_curated/additive/nonlin_additive": 0.9938959405072517, "rho_random/additive/nonlin_additive": 0.992966074031029, "rho_curated/pairwise/nonlin_additive": 0.9945739525585674, "rho_random/pairwise/nonlin_additive": 0.9933442283906732, "rho_curated/additive_GE/nonlin_additive": 0.9999475599739011, "rho_random/additive_GE/nonlin_additive": 0.999933644684784, "rho_curated/pairwise_GE/nonlin_additive": 0.9971101963642692, "rho_random/pairwise_GE/nonlin_additive": 0.9966668738095451, "rho_curated/additive/nonlin_additive_pairwise": 0.10176302154810397, "rho_random/additive/nonlin_additive_pairwise": 0.38720366592252103, "rho_curated/pairwise/nonlin_additive_pairwise": 0.11708809774348915, "rho_random/pairwise/nonlin_additive_pairwise": 0.3474069646672042, "rho_curated/additive_GE/nonlin_additive_pairwise": 0.10808466637760604, "rho_random/additive_GE/nonlin_additive_pairwise": 0.33330719533292397, "rho_curated/pairwise_GE/nonlin_additive_pairwise": 0.07713274622228146, "rho_random/pairwise_GE/nonlin_additive_pairwise": 0.3138381349595833, "rho_curated_mean": 0.7628022365408489, "rho_random_mean": 0.8205707740096865, "_wandb": {"runtime": 585}}