{"potts/n_edges": 608, "potts/edge_density": 0.7414634146341463, "potts/J_mean_abs": 3.6806960105895996, "potts/J_std": 2.996737241744995, "_timestamp": 1773704937.2026882, "_runtime": 496.7930681705475, "_step": 21, "gt_scores/additive/std": 1.3716052166180124, "gt_scores/additive/min": -9.657029151916504, "gt_scores/additive/pct5": -6.695575809478759, "gt_scores/additive_pairwise/std": 106.25916629546552, "gt_scores/additive_pairwise/min": -772.1566162109375, "gt_scores/additive_pairwise/pct5": -429.5759674072265, "gt_scores/nonlin_additive/std": 0.1440377317855033, "gt_scores/nonlin_additive/min": -0.8210666984264194, "gt_scores/nonlin_additive/pct5": -0.790616199558326, "gt_scores/nonlin_additive_pairwise/std": 4.61219941707221e-05, "gt_scores/nonlin_additive_pairwise/min": -0.8251824253573227, "gt_scores/nonlin_additive_pairwise/pct5": -0.8251824253573227, "rho_curated/additive/additive": 0.9999969023678758, "rho_random/additive/additive": 0.9999901832464276, "rho_curated/pairwise/additive": 0.9988085041602829, "rho_random/pairwise/additive": 0.9984369825254612, "rho_curated/additive_GE/additive": 0.9999658847426346, "rho_random/additive_GE/additive": 0.9999210759244689, "rho_curated/pairwise_GE/additive": 0.9603642963966691, "rho_random/pairwise_GE/additive": 0.9392373557461902, "rho_curated/additive/additive_pairwise": 0.9801798174132897, "rho_random/additive/additive_pairwise": 0.9672057090872458, "rho_curated/pairwise/additive_pairwise": 0.9803910772542312, "rho_random/pairwise/additive_pairwise": 0.9699601222969824, "rho_curated/additive_GE/additive_pairwise": 0.9806209945745142, "rho_random/additive_GE/additive_pairwise": 0.9702751636845643, "rho_curated/pairwise_GE/additive_pairwise": 0.9332258101002247, "rho_random/pairwise_GE/additive_pairwise": 0.9235003216424558, "rho_curated/additive/nonlin_additive": 0.9964697049306186, "rho_random/additive/nonlin_additive": 0.9960428047433768, "rho_curated/pairwise/nonlin_additive": 0.9873587353100461, "rho_random/pairwise/nonlin_additive": 0.9828750812851177, "rho_curated/additive_GE/nonlin_additive": 0.9999764368230569, "rho_random/additive_GE/nonlin_additive": 0.9999681865600656, "rho_curated/pairwise_GE/nonlin_additive": 0.9836197588403973, "rho_random/pairwise_GE/nonlin_additive": 0.98350879297835, "rho_curated/additive/nonlin_additive_pairwise": NaN, "rho_random/additive/nonlin_additive_pairwise": NaN, "rho_curated/pairwise/nonlin_additive_pairwise": NaN, "rho_random/pairwise/nonlin_additive_pairwise": NaN, "rho_curated/additive_GE/nonlin_additive_pairwise": NaN, "rho_random/additive_GE/nonlin_additive_pairwise": NaN, "rho_curated/pairwise_GE/nonlin_additive_pairwise": NaN, "rho_random/pairwise_GE/nonlin_additive_pairwise": -0.016097681201140034, "rho_curated_mean": 0.9834148269094868, "rho_random_mean": 0.9011403152707358, "_wandb": {"runtime": 496}}