{"potts/n_edges": 277, "potts/edge_density": 0.9233333333333333, "potts/J_mean_abs": 2.823622703552246, "potts/J_std": 2.2064313888549805, "_timestamp": 1773377823.4396393, "_runtime": 413.12900829315186, "_step": 21, "gt_scores/additive/std": 1.1692382790629163, "gt_scores/additive/min": -8.865388870239258, "gt_scores/additive/pct5": -6.260699653625488, "gt_scores/additive_pairwise/std": 81.87890105567121, "gt_scores/additive_pairwise/min": -604.9467163085938, "gt_scores/additive_pairwise/pct5": -366.42254333496095, "gt_scores/nonlin_additive/std": 0.1299774051589443, "gt_scores/nonlin_additive/min": -0.8570875160669313, "gt_scores/nonlin_additive/pct5": -0.8319475404672109, "gt_scores/nonlin_additive_pairwise/std": 2.5272987689088854e-13, "gt_scores/nonlin_additive_pairwise/min": -0.8602126915025169, "gt_scores/nonlin_additive_pairwise/pct5": -0.8602126915025169, "rho_curated/additive/additive": 0.9999975303759012, "rho_random/additive/additive": 0.9999928455471797, "rho_curated/pairwise/additive": 0.9997058356362192, "rho_random/pairwise/additive": 0.9993902762827858, "rho_curated/additive_GE/additive": 0.9999787814791509, "rho_random/additive_GE/additive": 0.9999477026826189, "rho_curated/pairwise_GE/additive": 0.9837452795418111, "rho_random/pairwise_GE/additive": 0.9733975024696162, "rho_curated/additive/additive_pairwise": 0.9848007576320302, "rho_random/additive/additive_pairwise": 0.9716393129167604, "rho_curated/pairwise/additive_pairwise": 0.9993754900229895, "rho_random/pairwise/additive_pairwise": 0.9987625224847688, "rho_curated/additive_GE/additive_pairwise": 0.9849000733069156, "rho_random/additive_GE/additive_pairwise": 0.9735614220025973, "rho_curated/pairwise_GE/additive_pairwise": 0.9770945831392336, "rho_random/pairwise_GE/additive_pairwise": 0.9685042347578026, "rho_curated/additive/nonlin_additive": 0.996589911767433, "rho_random/additive/nonlin_additive": 0.9969163121156713, "rho_curated/pairwise/nonlin_additive": 0.9932626956096995, "rho_random/pairwise/nonlin_additive": 0.9849539352354106, "rho_curated/additive_GE/nonlin_additive": 0.9999558319582323, "rho_random/additive_GE/nonlin_additive": 0.9999560321009243, "rho_curated/pairwise_GE/nonlin_additive": 0.9891245036521971, "rho_random/pairwise_GE/nonlin_additive": 0.9887322676432144, "rho_curated/additive/nonlin_additive_pairwise": NaN, "rho_random/additive/nonlin_additive_pairwise": NaN, "rho_curated/pairwise/nonlin_additive_pairwise": NaN, "rho_random/pairwise/nonlin_additive_pairwise": NaN, "rho_curated/additive_GE/nonlin_additive_pairwise": NaN, "rho_random/additive_GE/nonlin_additive_pairwise": NaN, "rho_curated/pairwise_GE/nonlin_additive_pairwise": NaN, "rho_random/pairwise_GE/nonlin_additive_pairwise": NaN, "rho_curated_mean": 0.9923776061768178, "rho_random_mean": 0.9879795305199458, "_wandb": {"runtime": 412}}