{"potts/n_edges": 166, "potts/edge_density": 0.8736842105263158, "potts/J_mean_abs": 3.833078622817993, "potts/J_std": 3.2073922157287598, "_timestamp": 1773490221.978387, "_runtime": 527.2206101417542, "_step": 21, "gt_scores/additive/std": 1.426379881017352, "gt_scores/additive/min": -10.008467674255371, "gt_scores/additive/pct5": -7.166622185707093, "gt_scores/additive_pairwise/std": 87.1139671521126, "gt_scores/additive_pairwise/min": -601.6343383789062, "gt_scores/additive_pairwise/pct5": -428.7204223632813, "gt_scores/nonlin_additive/std": 0.13946177757028871, "gt_scores/nonlin_additive/min": -0.8313426784103302, "gt_scores/nonlin_additive/pct5": -0.8034810610065, "gt_scores/nonlin_additive_pairwise/std": 9.180678479404856e-17, "gt_scores/nonlin_additive_pairwise/min": -0.8358896588447285, "gt_scores/nonlin_additive_pairwise/pct5": -0.8358896588447285, "rho_curated/additive/additive": 0.9999969915518798, "rho_random/additive/additive": 0.9999899289243911, "rho_curated/pairwise/additive": 0.9999449472857965, "rho_random/pairwise/additive": 0.9998812696770455, "rho_curated/additive_GE/additive": 0.9999849045033958, "rho_random/additive_GE/additive": 0.9999659859003189, "rho_curated/pairwise_GE/additive": 0.9991360410294209, "rho_random/pairwise_GE/additive": 0.9985363101588952, "rho_curated/additive/additive_pairwise": 0.9764159573595061, "rho_random/additive/additive_pairwise": 0.9609473314544891, "rho_curated/pairwise/additive_pairwise": 0.9999322295892843, "rho_random/pairwise/additive_pairwise": 0.9998709637444577, "rho_curated/additive_GE/additive_pairwise": 0.9764956284346967, "rho_random/additive_GE/additive_pairwise": 0.9626894449969218, "rho_curated/pairwise_GE/additive_pairwise": 0.999108442492252, "rho_random/pairwise_GE/additive_pairwise": 0.9986120302724364, "rho_curated/additive/nonlin_additive": 0.9962783816749569, "rho_random/additive/nonlin_additive": 0.9957091875447868, "rho_curated/pairwise/nonlin_additive": 0.9984890279315249, "rho_random/pairwise/nonlin_additive": 0.9957366147238246, "rho_curated/additive_GE/nonlin_additive": 0.9999883044875313, "rho_random/additive_GE/nonlin_additive": 0.999985635985636, "rho_curated/pairwise_GE/nonlin_additive": 0.9964671975306031, "rho_random/pairwise_GE/nonlin_additive": 0.9966033746534058, "rho_curated/additive/nonlin_additive_pairwise": NaN, "rho_random/additive/nonlin_additive_pairwise": NaN, "rho_curated/pairwise/nonlin_additive_pairwise": NaN, "rho_random/pairwise/nonlin_additive_pairwise": NaN, "rho_curated/additive_GE/nonlin_additive_pairwise": NaN, "rho_random/additive_GE/nonlin_additive_pairwise": NaN, "rho_curated/pairwise_GE/nonlin_additive_pairwise": NaN, "rho_random/pairwise_GE/nonlin_additive_pairwise": NaN, "rho_curated_mean": 0.9951865044892374, "rho_random_mean": 0.9923773398363841, "_wandb": {"runtime": 526}}