{"potts/n_edges": 377, "potts/edge_density": 0.8666666666666667, "potts/J_mean_abs": 4.5413594245910645, "potts/J_std": 4.375635147094727, "_timestamp": 1773688218.8348897, "_runtime": 439.8920567035675, "_step": 19, "gt_scores/additive/std": 1.3145519307288893, "gt_scores/additive/min": -9.543702125549316, "gt_scores/additive/pct5": -6.543755149841308, "gt_scores/additive_pairwise/std": 139.2448177409822, "gt_scores/additive_pairwise/min": -1019.5731811523438, "gt_scores/additive_pairwise/pct5": -595.7227966308593, "gt_scores/nonlin_additive/std": 0.1415948963973883, "gt_scores/nonlin_additive/min": -0.8305795334928087, "gt_scores/nonlin_additive/pct5": -0.8006284573354645, "gt_scores/nonlin_additive_pairwise/std": 4.476916736757091e-06, "gt_scores/nonlin_additive_pairwise/min": -0.8341020215334246, "gt_scores/nonlin_additive_pairwise/pct5": -0.8341020215334246, "rho_curated/additive/additive": 0.9999968926958754, "rho_random/additive/additive": 0.9999909215191829, "rho_curated/pairwise/additive": 0.9991944756797019, "rho_random/pairwise/additive": 0.9986692378982457, "rho_curated/additive_GE/additive": 0.9999769407510757, "rho_random/additive_GE/additive": 0.999946902697943, "rho_curated/pairwise_GE/additive": 0.9686827637115524, "rho_random/pairwise_GE/additive": 0.9511299287597239, "rho_curated/additive/additive_pairwise": 0.9792824045283128, "rho_random/additive/additive_pairwise": 0.959181868528349, "rho_curated/pairwise/additive_pairwise": 0.9901114831467982, "rho_random/pairwise/additive_pairwise": 0.9826095050530084, "rho_curated/additive_GE/additive_pairwise": 0.9788865762809296, "rho_random/additive_GE/additive_pairwise": 0.964642485029896, "rho_curated/pairwise_GE/additive_pairwise": 0.9523155648949007, "rho_random/pairwise_GE/additive_pairwise": 0.9364908380580514, "rho_curated/additive/nonlin_additive": 0.9974366130572799, "rho_random/additive/nonlin_additive": 0.9972260326884883, "rho_curated/pairwise/nonlin_additive": 0.989059098033051, "rho_random/pairwise/nonlin_additive": 0.9842760936204774, "rho_curated/additive_GE/nonlin_additive": 0.9999837161913463, "rho_random/additive_GE/nonlin_additive": 0.9999809301966963, "rho_curated/pairwise_GE/nonlin_additive": 0.9790659402636234, "rho_random/pairwise_GE/nonlin_additive": 0.9775869432911848, "rho_curated/additive/nonlin_additive_pairwise": NaN, "rho_random/additive/nonlin_additive_pairwise": NaN, "rho_curated/pairwise/nonlin_additive_pairwise": NaN, "rho_random/pairwise/nonlin_additive_pairwise": NaN, "rho_curated/additive_GE/nonlin_additive_pairwise": NaN, "rho_random/additive_GE/nonlin_additive_pairwise": NaN, "_wandb": {"runtime": 439}}