{"potts/n_edges": 74, "potts/edge_density": 0.7047619047619048, "potts/J_mean_abs": 3.0790162086486816, "potts/J_std": 2.6654553413391113, "_timestamp": 1773534636.3997781, "_runtime": 509.36093521118164, "_step": 21, "gt_scores/additive/std": 0.7770162874764199, "gt_scores/additive/min": -5.525506973266602, "gt_scores/additive/pct5": -4.092422103881836, "gt_scores/additive_pairwise/std": 30.846001810316984, "gt_scores/additive_pairwise/min": -268.87091064453125, "gt_scores/additive_pairwise/pct5": -226.8388786315918, "gt_scores/nonlin_additive/std": 0.13179785214960515, "gt_scores/nonlin_additive/min": -0.851066460422529, "gt_scores/nonlin_additive/pct5": -0.8261551473383105, "gt_scores/nonlin_additive_pairwise/std": 2.220446049250313e-16, "gt_scores/nonlin_additive_pairwise/min": -0.8558889585984598, "gt_scores/nonlin_additive_pairwise/pct5": -0.8558889585984598, "rho_curated/additive/additive": 0.9999986144079445, "rho_random/additive/additive": 0.9999947739960378, "rho_curated/pairwise/additive": 0.9999780676471214, "rho_random/pairwise/additive": 0.9999479474982819, "rho_curated/additive_GE/additive": 0.9999873210394922, "rho_random/additive_GE/additive": 0.9999734879337769, "rho_curated/pairwise_GE/additive": 0.9995587242463385, "rho_random/pairwise_GE/additive": 0.9992910559661884, "rho_curated/additive/additive_pairwise": 0.9214774293734436, "rho_random/additive/additive_pairwise": 0.8716787376965146, "rho_curated/pairwise/additive_pairwise": 0.9999668032946707, "rho_random/pairwise/additive_pairwise": 0.9999466217708992, "rho_curated/additive_GE/additive_pairwise": 0.9219078257624389, "rho_random/additive_GE/additive_pairwise": 0.8676637950135085, "rho_curated/pairwise_GE/additive_pairwise": 0.9996062703362131, "rho_random/pairwise_GE/additive_pairwise": 0.999496759370488, "rho_curated/additive/nonlin_additive": 0.9970142818002847, "rho_random/additive/nonlin_additive": 0.9975099513236869, "rho_curated/pairwise/nonlin_additive": 0.9993656200225641, "rho_random/pairwise/nonlin_additive": 0.998382485494762, "rho_curated/additive_GE/nonlin_additive": 0.9999887817995491, "rho_random/additive_GE/nonlin_additive": 0.999986487041576, "rho_curated/pairwise_GE/nonlin_additive": 0.9996946431877566, "rho_random/pairwise_GE/nonlin_additive": 0.9997714828565878, "rho_curated/additive/nonlin_additive_pairwise": NaN, "rho_random/additive/nonlin_additive_pairwise": NaN, "rho_curated/pairwise/nonlin_additive_pairwise": NaN, "rho_random/pairwise/nonlin_additive_pairwise": NaN, "rho_curated/additive_GE/nonlin_additive_pairwise": NaN, "rho_random/additive_GE/nonlin_additive_pairwise": NaN, "rho_curated/pairwise_GE/nonlin_additive_pairwise": NaN, "rho_random/pairwise_GE/nonlin_additive_pairwise": NaN, "rho_curated_mean": 0.9865453652431516, "rho_random_mean": 0.9778036321635257, "_wandb": {"runtime": 509}}