{"potts/n_edges": 82, "potts/edge_density": 0.780952380952381, "potts/J_mean_abs": 2.975615978240967, "potts/J_std": 2.484684467315674, "_timestamp": 1773680856.0551553, "_runtime": 546.441159248352, "_step": 21, "gt_scores/additive/std": 0.7770162874764199, "gt_scores/additive/min": -5.525506973266602, "gt_scores/additive/pct5": -4.092422103881836, "gt_scores/additive_pairwise/std": 34.48509303864706, "gt_scores/additive_pairwise/min": -312.2472839355469, "gt_scores/additive_pairwise/pct5": -265.9941665649414, "gt_scores/nonlin_additive/std": 0.13179785214960515, "gt_scores/nonlin_additive/min": -0.851066460422529, "gt_scores/nonlin_additive/pct5": -0.8261551473383105, "gt_scores/nonlin_additive_pairwise/std": 2.220446049250313e-16, "gt_scores/nonlin_additive_pairwise/min": -0.8558889585984598, "gt_scores/nonlin_additive_pairwise/pct5": -0.8558889585984598, "rho_curated/additive/additive": 0.999997778463911, "rho_random/additive/additive": 0.9999928699019507, "rho_curated/pairwise/additive": 0.999975853983034, "rho_random/pairwise/additive": 0.9999438764673784, "rho_curated/additive_GE/additive": NaN, "rho_random/additive_GE/additive": NaN, "rho_curated/pairwise_GE/additive": 0.999586024295431, "rho_random/pairwise_GE/additive": 0.999247499188748, "rho_curated/additive/additive_pairwise": 0.9393613786122678, "rho_random/additive/additive_pairwise": 0.8942877369469718, "rho_curated/pairwise/additive_pairwise": 0.999972145238881, "rho_random/pairwise/additive_pairwise": 0.9999461857900199, "rho_curated/additive_GE/additive_pairwise": 0.9395356840403672, "rho_random/additive_GE/additive_pairwise": 0.9007377380099612, "rho_curated/pairwise_GE/additive_pairwise": 0.9995365416933728, "rho_random/pairwise_GE/additive_pairwise": 0.999416541862787, "rho_curated/additive/nonlin_additive": 0.9965603090381647, "rho_random/additive/nonlin_additive": 0.9971409463479052, "rho_curated/pairwise/nonlin_additive": 0.9992398366895571, "rho_random/pairwise/nonlin_additive": 0.9967667138422894, "rho_curated/additive_GE/nonlin_additive": 0.9999892036955678, "rho_random/additive_GE/nonlin_additive": 0.9999865812570312, "rho_curated/pairwise_GE/nonlin_additive": 0.999557840230303, "rho_random/pairwise_GE/nonlin_additive": 0.9996113848242356, "rho_curated/additive/nonlin_additive_pairwise": NaN, "rho_random/additive/nonlin_additive_pairwise": NaN, "rho_curated/pairwise/nonlin_additive_pairwise": NaN, "rho_random/pairwise/nonlin_additive_pairwise": NaN, "rho_curated/additive_GE/nonlin_additive_pairwise": NaN, "rho_random/additive_GE/nonlin_additive_pairwise": NaN, "rho_curated/pairwise_GE/nonlin_additive_pairwise": NaN, "rho_random/pairwise_GE/nonlin_additive_pairwise": NaN, "rho_curated_mean": 0.9884829632709871, "rho_random_mean": 0.9806434613126617, "_wandb": {"runtime": 545}}