{"potts/n_edges": 96, "potts/edge_density": 0.9142857142857143, "potts/J_mean_abs": 1.9086192846298218, "potts/J_std": 1.4853883981704712, "_timestamp": 1773351442.0142097, "_runtime": 519.3119146823883, "_step": 21, "gt_scores/additive/std": 0.9557475539592777, "gt_scores/additive/min": -7.033940315246582, "gt_scores/additive/pct5": -5.159853672981262, "gt_scores/additive_pairwise/std": 21.919936392989424, "gt_scores/additive_pairwise/min": -193.34046936035156, "gt_scores/additive_pairwise/pct5": -159.83272323608398, "gt_scores/nonlin_additive/std": 0.1307311439252841, "gt_scores/nonlin_additive/min": -0.8613129322410867, "gt_scores/nonlin_additive/pct5": -0.8371371284084792, "gt_scores/nonlin_additive_pairwise/std": 1.1102230246251565e-16, "gt_scores/nonlin_additive_pairwise/min": -0.8653877661321029, "gt_scores/nonlin_additive_pairwise/pct5": -0.8653877661321029, "rho_curated/additive/additive": 0.9999987698559509, "rho_random/additive/additive": 0.9999959557073993, "rho_curated/pairwise/additive": 0.9999753727110131, "rho_random/pairwise/additive": 0.999944833971889, "rho_curated/additive_GE/additive": 0.9999847288953878, "rho_random/additive_GE/additive": 0.9999642324233423, "rho_curated/pairwise_GE/additive": 0.999796441855843, "rho_random/pairwise_GE/additive": 0.999588207844642, "rho_curated/additive/additive_pairwise": 0.9323692181938993, "rho_random/additive/additive_pairwise": 0.8917947488701128, "rho_curated/pairwise/additive_pairwise": 0.999968577470743, "rho_random/pairwise/additive_pairwise": 0.9999419783894026, "rho_curated/additive_GE/additive_pairwise": 0.9319083353306992, "rho_random/additive_GE/additive_pairwise": 0.8856368250729746, "rho_curated/pairwise_GE/additive_pairwise": 0.9996190140247148, "rho_random/pairwise_GE/additive_pairwise": 0.9994690252266758, "rho_curated/additive/nonlin_additive": 0.9958409259533375, "rho_random/additive/nonlin_additive": 0.9958284758936479, "rho_curated/pairwise/nonlin_additive": 0.9991661313425654, "rho_random/pairwise/nonlin_additive": 0.9959827332416222, "rho_curated/additive_GE/nonlin_additive": NaN, "rho_random/additive_GE/nonlin_additive": NaN, "rho_curated/pairwise_GE/nonlin_additive": 0.9994354218893491, "rho_random/pairwise_GE/nonlin_additive": 0.9996024936817444, "rho_curated/additive/nonlin_additive_pairwise": NaN, "rho_random/additive/nonlin_additive_pairwise": NaN, "rho_curated/pairwise/nonlin_additive_pairwise": NaN, "rho_random/pairwise/nonlin_additive_pairwise": NaN, "rho_curated/additive_GE/nonlin_additive_pairwise": NaN, "rho_random/additive_GE/nonlin_additive_pairwise": NaN, "rho_curated/pairwise_GE/nonlin_additive_pairwise": NaN, "rho_random/pairwise_GE/nonlin_additive_pairwise": NaN, "rho_curated_mean": 0.9870966306839548, "rho_random_mean": 0.9788863191203138, "_wandb": {"runtime": 518}}