{"potts/n_edges": 85, "potts/edge_density": 0.8095238095238095, "potts/J_mean_abs": 4.135292053222656, "potts/J_std": 3.368358612060547, "_timestamp": 1773505255.9869032, "_runtime": 499.0605311393738, "_step": 21, "gt_scores/additive/std": 0.7770162874764199, "gt_scores/additive/min": -5.525506973266602, "gt_scores/additive/pct5": -4.092422103881836, "gt_scores/additive_pairwise/std": 42.68744743372652, "gt_scores/additive_pairwise/min": -368.5324401855469, "gt_scores/additive_pairwise/pct5": -309.7710693359375, "gt_scores/nonlin_additive/std": 0.13179785214960515, "gt_scores/nonlin_additive/min": -0.851066460422529, "gt_scores/nonlin_additive/pct5": -0.8261551473383105, "gt_scores/nonlin_additive_pairwise/std": 2.220446049250313e-16, "gt_scores/nonlin_additive_pairwise/min": -0.8558889585984598, "gt_scores/nonlin_additive_pairwise/pct5": -0.8558889585984598, "rho_curated/additive/additive": 0.9999984813279392, "rho_random/additive/additive": 0.9999943448097203, "rho_curated/pairwise/additive": 0.9999756697590246, "rho_random/pairwise/additive": 0.9999427016474112, "rho_curated/additive_GE/additive": 0.9999879836555186, "rho_random/additive_GE/additive": 0.9999614854094793, "rho_curated/pairwise_GE/additive": 0.996734948549006, "rho_random/pairwise_GE/additive": 0.9944322305657161, "rho_curated/additive/additive_pairwise": 0.9220518905164634, "rho_random/additive/additive_pairwise": 0.8676461402814383, "rho_curated/pairwise/additive_pairwise": 0.9999682599987272, "rho_random/pairwise/additive_pairwise": 0.9999437808617765, "rho_curated/additive_GE/additive_pairwise": 0.9218429779702159, "rho_random/additive_GE/additive_pairwise": 0.8589525154936007, "rho_curated/pairwise_GE/additive_pairwise": 0.9995291093491305, "rho_random/pairwise_GE/additive_pairwise": 0.9992933672933674, "rho_curated/additive/nonlin_additive": 0.9968093900000692, "rho_random/additive/nonlin_additive": 0.9970665848400149, "rho_curated/pairwise/nonlin_additive": 0.9993306293651607, "rho_random/pairwise/nonlin_additive": 0.9973583257184222, "rho_curated/additive_GE/nonlin_additive": 0.9999933101437314, "rho_random/additive_GE/nonlin_additive": 0.999990583447406, "rho_curated/pairwise_GE/nonlin_additive": 0.9996776369310898, "rho_random/pairwise_GE/nonlin_additive": 0.999662492408531, "rho_curated/additive/nonlin_additive_pairwise": NaN, "rho_random/additive/nonlin_additive_pairwise": NaN, "rho_curated/pairwise/nonlin_additive_pairwise": NaN, "rho_random/pairwise/nonlin_additive_pairwise": NaN, "rho_curated/additive_GE/nonlin_additive_pairwise": NaN, "rho_random/additive_GE/nonlin_additive_pairwise": NaN, "rho_curated/pairwise_GE/nonlin_additive_pairwise": NaN, "rho_random/pairwise_GE/nonlin_additive_pairwise": NaN, "rho_curated_mean": 0.9863250239638397, "rho_random_mean": 0.9761870460647404, "_wandb": {"runtime": 498}}