{"potts/n_edges": 121, "potts/edge_density": 0.6368421052631579, "potts/J_mean_abs": 3.903578281402588, "potts/J_std": 3.2019999027252197, "_timestamp": 1773450928.238565, "_runtime": 570.4764890670776, "_step": 21, "gt_scores/additive/std": 1.426379881017352, "gt_scores/additive/min": -10.008467674255371, "gt_scores/additive/pct5": -7.166622185707093, "gt_scores/additive_pairwise/std": 63.015751542306944, "gt_scores/additive_pairwise/min": -429.8769836425781, "gt_scores/additive_pairwise/pct5": -304.12390289306643, "gt_scores/nonlin_additive/std": 0.13946177757028871, "gt_scores/nonlin_additive/min": -0.8313426784103302, "gt_scores/nonlin_additive/pct5": -0.8034810610065, "gt_scores/nonlin_additive_pairwise/std": 2.795446533538625e-12, "gt_scores/nonlin_additive_pairwise/min": -0.8358896588447285, "gt_scores/nonlin_additive_pairwise/pct5": -0.8358896588447285, "rho_curated/additive/additive": 0.9999972836318911, "rho_random/additive/additive": 0.9999921047990422, "rho_curated/pairwise/additive": 0.999949979197999, "rho_random/pairwise/additive": 0.9998851663968507, "rho_curated/additive_GE/additive": 0.9999865037674599, "rho_random/additive_GE/additive": 0.999970314419604, "rho_curated/pairwise_GE/additive": 0.9990198857527953, "rho_random/pairwise_GE/additive": 0.9983320306863236, "rho_curated/additive/additive_pairwise": 0.9675387135944324, "rho_random/additive/additive_pairwise": 0.9404706759933404, "rho_curated/pairwise/additive_pairwise": 0.9999400729095973, "rho_random/pairwise/additive_pairwise": 0.999880266420465, "rho_curated/additive_GE/additive_pairwise": 0.967366764291538, "rho_random/additive_GE/additive_pairwise": 0.9458285320556145, "rho_curated/pairwise_GE/additive_pairwise": 0.9989019503479989, "rho_random/pairwise_GE/additive_pairwise": 0.998125467824156, "rho_curated/additive/nonlin_additive": 0.9965749007989139, "rho_random/additive/nonlin_additive": 0.9958656964207382, "rho_curated/pairwise/nonlin_additive": 0.9983655146145028, "rho_random/pairwise/nonlin_additive": 0.9961733943328739, "rho_curated/additive_GE/nonlin_additive": 0.999991314879652, "rho_random/additive_GE/nonlin_additive": 0.9999873140325007, "rho_curated/pairwise_GE/nonlin_additive": 0.999137280317491, "rho_random/pairwise_GE/nonlin_additive": 0.999154132341556, "rho_curated/additive/nonlin_additive_pairwise": NaN, "rho_random/additive/nonlin_additive_pairwise": NaN, "rho_curated/pairwise/nonlin_additive_pairwise": NaN, "rho_random/pairwise/nonlin_additive_pairwise": NaN, "rho_curated/additive_GE/nonlin_additive_pairwise": NaN, "rho_random/additive_GE/nonlin_additive_pairwise": NaN, "rho_curated/pairwise_GE/nonlin_additive_pairwise": NaN, "rho_random/pairwise_GE/nonlin_additive_pairwise": NaN, "rho_curated_mean": 0.9938975136753561, "rho_random_mean": 0.9894720913102554, "_wandb": {"runtime": 570}}