{"potts/n_edges": 222, "potts/edge_density": 0.74, "potts/J_mean_abs": 2.410470962524414, "potts/J_std": 2.0512328147888184, "_timestamp": 1773618428.4826894, "_runtime": 683.523398399353, "_step": 21, "gt_scores/additive/std": 1.1398200883094438, "gt_scores/additive/min": -9.020009994506836, "gt_scores/additive/pct5": -6.03385751247406, "gt_scores/additive_pairwise/std": 53.83361814076315, "gt_scores/additive_pairwise/min": -424.45977783203125, "gt_scores/additive_pairwise/pct5": -235.6109489440918, "gt_scores/nonlin_additive/std": 0.13291535666614748, "gt_scores/nonlin_additive/min": -0.8512857583768847, "gt_scores/nonlin_additive/pct5": -0.8249976913530378, "gt_scores/nonlin_additive_pairwise/std": 2.4689905272004017e-05, "gt_scores/nonlin_additive_pairwise/min": -0.853410595172368, "gt_scores/nonlin_additive_pairwise/pct5": -0.853410595172368, "rho_curated/additive/additive": 0.9999977958879116, "rho_random/additive/additive": 0.9999922746727277, "rho_curated/pairwise/additive": 0.9997698980227848, "rho_random/pairwise/additive": 0.9996117846535383, "rho_curated/additive_GE/additive": 0.9999801041912031, "rho_random/additive_GE/additive": 0.999952594582647, "rho_curated/pairwise_GE/additive": 0.9827826720473067, "rho_random/pairwise_GE/additive": 0.9699024347186326, "rho_curated/additive/additive_pairwise": 0.9755047235236011, "rho_random/additive/additive_pairwise": 0.9535948806797117, "rho_curated/pairwise/additive_pairwise": 0.9992903519635972, "rho_random/pairwise/additive_pairwise": 0.9987863140646045, "rho_curated/additive_GE/additive_pairwise": 0.9759159140029025, "rho_random/additive_GE/additive_pairwise": 0.9552529806190779, "rho_curated/pairwise_GE/additive_pairwise": 0.980420543663882, "rho_random/pairwise_GE/additive_pairwise": 0.9620422142133367, "rho_curated/additive/nonlin_additive": 0.9970640859542111, "rho_random/additive/nonlin_additive": 0.9973156115616096, "rho_curated/pairwise/nonlin_additive": 0.9944113540880518, "rho_random/pairwise/nonlin_additive": 0.9875475447650768, "rho_curated/additive_GE/nonlin_additive": 0.9999907512876294, "rho_random/additive_GE/nonlin_additive": 0.9999891217010912, "rho_curated/pairwise_GE/nonlin_additive": 0.9900285525834671, "rho_random/pairwise_GE/nonlin_additive": 0.9881293691617103, "rho_curated/additive/nonlin_additive_pairwise": NaN, "rho_random/additive/nonlin_additive_pairwise": 0.07688413689520109, "rho_curated/pairwise/nonlin_additive_pairwise": NaN, "rho_random/pairwise/nonlin_additive_pairwise": NaN, "rho_curated/additive_GE/nonlin_additive_pairwise": NaN, "rho_random/additive_GE/nonlin_additive_pairwise": NaN, "rho_curated/pairwise_GE/nonlin_additive_pairwise": NaN, "rho_random/pairwise_GE/nonlin_additive_pairwise": NaN, "rho_curated_mean": 0.9912630622680458, "rho_random_mean": 0.9145385586376127, "_wandb": {"runtime": 683}}