{"potts/n_edges": 4634, "potts/edge_density": 0.9361616161616162, "potts/J_mean_abs": 3.999971628189087, "potts/J_std": 3.293933391571045, "_timestamp": 1773591928.5375798, "_runtime": 599.6597247123718, "_step": 21, "gt_scores/additive/std": 1.4613880390458585, "gt_scores/additive/min": -11.255273818969727, "gt_scores/additive/pct5": -6.664780235290527, "gt_scores/additive_pairwise/std": 176.0612344343221, "gt_scores/additive_pairwise/min": -1310.230224609375, "gt_scores/additive_pairwise/pct5": -674.45634765625, "gt_scores/nonlin_additive/std": 0.15053504055955275, "gt_scores/nonlin_additive/min": -0.8019886617597319, "gt_scores/nonlin_additive/pct5": -0.7627513127923603, "gt_scores/nonlin_additive_pairwise/std": 5.8900512567282535e-06, "gt_scores/nonlin_additive_pairwise/min": -0.8038375591019028, "gt_scores/nonlin_additive_pairwise/pct5": -0.8038375591019028, "rho_curated/additive/additive": 0.9999923247756926, "rho_random/additive/additive": 0.9999827022056297, "rho_curated/pairwise/additive": 0.9993720339508361, "rho_random/pairwise/additive": 0.999420030815776, "rho_curated/additive_GE/additive": 0.999933786157345, "rho_random/additive_GE/additive": 0.999862595407798, "rho_curated/pairwise_GE/additive": 0.9980160277524031, "rho_random/pairwise_GE/additive": 0.9966216596128077, "rho_curated/additive/additive_pairwise": 0.9849469593735172, "rho_random/additive/additive_pairwise": 0.9788058853683397, "rho_curated/pairwise/additive_pairwise": 0.979204103974667, "rho_random/pairwise/additive_pairwise": 0.9710431629517191, "rho_curated/additive_GE/additive_pairwise": 0.9863841123103841, "rho_random/additive_GE/additive_pairwise": 0.9804395175036138, "rho_curated/pairwise_GE/additive_pairwise": 0.9797754584625329, "rho_random/pairwise_GE/additive_pairwise": 0.9710937549363658, "rho_curated/additive/nonlin_additive": 0.9918089962319666, "rho_random/additive/nonlin_additive": 0.9908207600782453, "rho_curated/pairwise/nonlin_additive": 0.9911075088923001, "rho_random/pairwise/nonlin_additive": 0.9875160755160756, "rho_curated/additive_GE/nonlin_additive": 0.9999117884524652, "rho_random/additive_GE/nonlin_additive": 0.9998945419092162, "rho_curated/pairwise_GE/nonlin_additive": 0.997050077226003, "rho_random/pairwise_GE/nonlin_additive": 0.9975640358768706, "rho_curated/additive/nonlin_additive_pairwise": NaN, "rho_random/additive/nonlin_additive_pairwise": 0.32590541715196497, "rho_curated/pairwise/nonlin_additive_pairwise": NaN, "rho_random/pairwise/nonlin_additive_pairwise": 0.06764272213959029, "rho_curated/additive_GE/nonlin_additive_pairwise": NaN, "rho_random/additive_GE/nonlin_additive_pairwise": NaN, "rho_curated/pairwise_GE/nonlin_additive_pairwise": NaN, "rho_random/pairwise_GE/nonlin_additive_pairwise": 0.04860677290347839, "rho_curated_mean": 0.9922919314633427, "rho_random_mean": 0.8210146422918326, "_wandb": {"runtime": 599}}