{"potts/n_edges": 265, "potts/edge_density": 0.8833333333333333, "potts/J_mean_abs": 4.168734073638916, "potts/J_std": 3.4182240962982178, "_timestamp": 1773660982.203897, "_runtime": 413.56848192214966, "_step": 18, "gt_scores/additive/std": 1.1692382790629163, "gt_scores/additive/min": -8.865388870239258, "gt_scores/additive/pct5": -6.260699653625488, "gt_scores/additive_pairwise/std": 110.60470758299255, "gt_scores/additive_pairwise/min": -767.9828491210938, "gt_scores/additive_pairwise/pct5": -488.6717254638672, "gt_scores/nonlin_additive/std": 0.1299774051589443, "gt_scores/nonlin_additive/min": -0.8570875160669313, "gt_scores/nonlin_additive/pct5": -0.8319475404672109, "gt_scores/nonlin_additive_pairwise/std": 8.16451943112621e-08, "gt_scores/nonlin_additive_pairwise/min": -0.8602126915025169, "gt_scores/nonlin_additive_pairwise/pct5": -0.8602126915025169, "rho_curated/additive/additive": 0.9999980510319219, "rho_random/additive/additive": 0.999994021864234, "rho_curated/pairwise/additive": 0.9997135233645134, "rho_random/pairwise/additive": 0.9994782722442509, "rho_curated/additive_GE/additive": 0.9999849176313959, "rho_random/additive_GE/additive": 0.9999689495161298, "rho_curated/pairwise_GE/additive": 0.9803754177806618, "rho_random/pairwise_GE/additive": 0.964596912517573, "rho_curated/additive/additive_pairwise": 0.9798693979467757, "rho_random/additive/additive_pairwise": 0.9690787888977312, "rho_curated/pairwise/additive_pairwise": 0.9993885476314978, "rho_random/pairwise/additive_pairwise": 0.9989060440473391, "rho_curated/additive_GE/additive_pairwise": 0.9802935794827972, "rho_random/additive_GE/additive_pairwise": 0.9713100208819749, "rho_curated/pairwise_GE/additive_pairwise": 0.9780268044480173, "rho_random/pairwise_GE/additive_pairwise": 0.9655245399348666, "rho_curated/additive/nonlin_additive": 0.9961952016313513, "rho_random/additive/nonlin_additive": 0.9963636374807573, "rho_curated/pairwise/nonlin_additive": 0.9927029696757684, "rho_random/pairwise/nonlin_additive": 0.9865819190694542, "rho_curated/additive_GE/nonlin_additive": 0.9999808605512339, "rho_random/additive_GE/nonlin_additive": 0.9999801659804386, "rho_curated/pairwise_GE/nonlin_additive": 0.9898908849076353, "rho_random/pairwise_GE/nonlin_additive": 0.9892542474659566, "rho_curated/additive/nonlin_additive_pairwise": NaN, "rho_random/additive/nonlin_additive_pairwise": NaN, "rho_curated/pairwise/nonlin_additive_pairwise": NaN, "rho_random/pairwise/nonlin_additive_pairwise": NaN, "_wandb": {"runtime": 413}}