{"potts/n_edges": 70, "potts/edge_density": 0.6666666666666666, "potts/J_mean_abs": 3.721669912338257, "potts/J_std": 3.0361855030059814, "_timestamp": 1773349753.0699167, "_runtime": 528.2005226612091, "_step": 21, "gt_scores/additive/std": 0.9557475539592777, "gt_scores/additive/min": -7.033940315246582, "gt_scores/additive/pct5": -5.159853672981262, "gt_scores/additive_pairwise/std": 34.523427263046116, "gt_scores/additive_pairwise/min": -286.7560729980469, "gt_scores/additive_pairwise/pct5": -240.63902053833007, "gt_scores/nonlin_additive/std": 0.1307311439252841, "gt_scores/nonlin_additive/min": -0.8613129322410867, "gt_scores/nonlin_additive/pct5": -0.8371371284084792, "gt_scores/nonlin_additive_pairwise/std": 1.1102230246251565e-16, "gt_scores/nonlin_additive_pairwise/min": -0.8653877661321029, "gt_scores/nonlin_additive_pairwise/pct5": -0.8653877661321029, "rho_curated/additive/additive": 0.9999979600479185, "rho_random/additive/additive": 0.9999933216733067, "rho_curated/pairwise/additive": 0.9999763303110516, "rho_random/pairwise/additive": 0.9999531687728256, "rho_curated/additive_GE/additive": 0.9999832163433282, "rho_random/additive_GE/additive": 0.9999547084480839, "rho_curated/pairwise_GE/additive": 0.999730171061194, "rho_random/pairwise_GE/additive": 0.9995703177243942, "rho_curated/additive/additive_pairwise": 0.9063137343005493, "rho_random/additive/additive_pairwise": 0.8434902983935777, "rho_curated/pairwise/additive_pairwise": 0.9999683100387301, "rho_random/pairwise/additive_pairwise": 0.9999352915918536, "rho_curated/additive_GE/additive_pairwise": 0.9068529513678825, "rho_random/additive_GE/additive_pairwise": 0.8517943899174849, "rho_curated/pairwise_GE/additive_pairwise": 0.9996358104254236, "rho_random/pairwise_GE/additive_pairwise": 0.9994931576833787, "rho_curated/additive/nonlin_additive": 0.9953596374939401, "rho_random/additive/nonlin_additive": 0.9967275272134333, "rho_curated/pairwise/nonlin_additive": 0.9991902617355521, "rho_random/pairwise/nonlin_additive": 0.9973784502496601, "rho_curated/additive_GE/nonlin_additive": 0.9999943732957743, "rho_random/additive_GE/nonlin_additive": 0.9999931896418994, "rho_curated/pairwise_GE/nonlin_additive": 0.9996915371316244, "rho_random/pairwise_GE/nonlin_additive": 0.9997430744925062, "rho_curated/additive/nonlin_additive_pairwise": NaN, "rho_random/additive/nonlin_additive_pairwise": NaN, "rho_curated/pairwise/nonlin_additive_pairwise": NaN, "rho_random/pairwise/nonlin_additive_pairwise": NaN, "rho_curated/additive_GE/nonlin_additive_pairwise": NaN, "rho_random/additive_GE/nonlin_additive_pairwise": NaN, "rho_curated/pairwise_GE/nonlin_additive_pairwise": NaN, "rho_random/pairwise_GE/nonlin_additive_pairwise": NaN, "rho_curated_mean": 0.9838911911294143, "rho_random_mean": 0.9740022413168671, "_wandb": {"runtime": 527}}