{"potts/n_edges": 1679, "potts/edge_density": 0.9485875706214689, "potts/J_mean_abs": 2.117431640625, "potts/J_std": 1.6443225145339966, "_timestamp": 1773673453.9960577, "_runtime": 540.3050527572632, "_step": 21, "gt_scores/additive/std": 1.5378494799327518, "gt_scores/additive/min": -10.391035079956055, "gt_scores/additive/pct5": -7.101400303840637, "gt_scores/additive_pairwise/std": 80.32867643252739, "gt_scores/additive_pairwise/min": -582.9921264648438, "gt_scores/additive_pairwise/pct5": -316.9572784423828, "gt_scores/nonlin_additive/std": 0.14945225373834564, "gt_scores/nonlin_additive/min": -0.8018450392779615, "gt_scores/nonlin_additive/pct5": -0.767099911032629, "gt_scores/nonlin_additive_pairwise/std": 0.0015169664548395217, "gt_scores/nonlin_additive_pairwise/min": -0.8066738208869829, "gt_scores/nonlin_additive_pairwise/pct5": -0.8066738208869829, "rho_curated/additive/additive": 0.9999954439118175, "rho_random/additive/additive": 0.9999870491734217, "rho_curated/pairwise/additive": 0.998968468630689, "rho_random/pairwise/additive": 0.9989474955582701, "rho_curated/additive_GE/additive": 0.9999509398700328, "rho_random/additive_GE/additive": 0.9998876073859846, "rho_curated/pairwise_GE/additive": 0.9938794390188835, "rho_random/pairwise_GE/additive": 0.9910689670689673, "rho_curated/additive/additive_pairwise": 0.9847429674286201, "rho_random/additive/additive_pairwise": 0.9793720442298477, "rho_curated/pairwise/additive_pairwise": 0.9786122777749513, "rho_random/pairwise/additive_pairwise": 0.9698770267004097, "rho_curated/additive_GE/additive_pairwise": 0.985194088319053, "rho_random/additive_GE/additive_pairwise": 0.9783680053209168, "rho_curated/pairwise_GE/additive_pairwise": 0.9633561498124873, "rho_random/pairwise_GE/additive_pairwise": 0.9598550337576354, "rho_curated/additive/nonlin_additive": 0.9955310412765982, "rho_random/additive/nonlin_additive": 0.9948034739699659, "rho_curated/pairwise/nonlin_additive": 0.9899890660786014, "rho_random/pairwise/nonlin_additive": 0.9879160062989412, "rho_curated/additive_GE/nonlin_additive": 0.9999754051350137, "rho_random/additive_GE/nonlin_additive": 0.9999651766819043, "rho_curated/pairwise_GE/nonlin_additive": 0.9924118484637453, "rho_random/pairwise_GE/nonlin_additive": 0.9904771000526377, "rho_curated/additive/nonlin_additive_pairwise": NaN, "rho_random/additive/nonlin_additive_pairwise": 0.12632416111005404, "rho_curated/pairwise/nonlin_additive_pairwise": NaN, "rho_random/pairwise/nonlin_additive_pairwise": 0.08254488228676482, "rho_curated/additive_GE/nonlin_additive_pairwise": NaN, "rho_random/additive_GE/nonlin_additive_pairwise": 0.0460127487056006, "rho_curated/pairwise_GE/nonlin_additive_pairwise": NaN, "rho_random/pairwise_GE/nonlin_additive_pairwise": -0.08957229304704854, "rho_curated_mean": 0.9902172613100412, "rho_random_mean": 0.7509896553283921, "_wandb": {"runtime": 539}}