{"potts/n_edges": 71, "potts/edge_density": 0.6761904761904762, "potts/J_mean_abs": 3.978858709335327, "potts/J_std": 3.4797003269195557, "_timestamp": 1773447295.507825, "_runtime": 560.4852159023285, "_step": 21, "gt_scores/additive/std": 0.9354941049529601, "gt_scores/additive/min": -6.730696678161621, "gt_scores/additive/pct5": -5.088986277580261, "gt_scores/additive_pairwise/std": 38.734699193206666, "gt_scores/additive_pairwise/min": -345.9443664550781, "gt_scores/additive_pairwise/pct5": -279.1462661743164, "gt_scores/nonlin_additive/std": 0.12695859792178035, "gt_scores/nonlin_additive/min": -0.8594803927815321, "gt_scores/nonlin_additive/pct5": -0.8373509757801759, "gt_scores/nonlin_additive_pairwise/std": 1.1102230246251565e-16, "gt_scores/nonlin_additive_pairwise/min": -0.8642349522941661, "gt_scores/nonlin_additive_pairwise/pct5": -0.8642349522941661, "rho_curated/additive/additive": 0.9999979054719158, "rho_random/additive/additive": 0.9999942759942759, "rho_curated/pairwise/additive": 0.9999744011429694, "rho_random/pairwise/additive": 0.9999421827114745, "rho_curated/additive_GE/additive": NaN, "rho_random/additive_GE/additive": NaN, "rho_curated/pairwise_GE/additive": 0.9996890330674942, "rho_random/pairwise_GE/additive": 0.9994505170440446, "rho_curated/additive/additive_pairwise": 0.9153867567974396, "rho_random/additive/additive_pairwise": 0.8532506437028324, "rho_curated/pairwise/additive_pairwise": 0.9999723538468935, "rho_random/pairwise/additive_pairwise": 0.9999477021678083, "rho_curated/additive_GE/additive_pairwise": 0.915399433323795, "rho_random/additive_GE/additive_pairwise": 0.846693208027982, "rho_curated/pairwise_GE/additive_pairwise": 0.9996953595157779, "rho_random/pairwise_GE/additive_pairwise": 0.9995200182446884, "rho_curated/additive/nonlin_additive": 0.9955493182358365, "rho_random/additive/nonlin_additive": 0.9948161737555148, "rho_curated/pairwise/nonlin_additive": 0.9992199325764602, "rho_random/pairwise/nonlin_additive": 0.9963491382720165, "rho_curated/additive_GE/nonlin_additive": 0.9999922077756849, "rho_random/additive_GE/nonlin_additive": 0.9999905923503875, "rho_curated/pairwise_GE/nonlin_additive": 0.9995343967891414, "rho_random/pairwise_GE/nonlin_additive": 0.9995939651889534, "rho_curated/additive/nonlin_additive_pairwise": NaN, "rho_random/additive/nonlin_additive_pairwise": NaN, "rho_curated/pairwise/nonlin_additive_pairwise": NaN, "rho_random/pairwise/nonlin_additive_pairwise": NaN, "rho_curated/additive_GE/nonlin_additive_pairwise": NaN, "rho_random/additive_GE/nonlin_additive_pairwise": NaN, "rho_curated/pairwise_GE/nonlin_additive_pairwise": NaN, "rho_random/pairwise_GE/nonlin_additive_pairwise": NaN, "rho_curated_mean": 0.9840373725948552, "rho_random_mean": 0.9717771288599981, "_wandb": {"runtime": 560}}