{"potts/n_edges": 88, "potts/edge_density": 0.8380952380952381, "potts/J_mean_abs": 4.267617225646973, "potts/J_std": 3.5958974361419678, "_timestamp": 1773558913.2808528, "_runtime": 673.2391839027405, "_step": 21, "gt_scores/additive/std": 0.9086341193915439, "gt_scores/additive/min": -5.885261058807373, "gt_scores/additive/pct5": -4.087509632110596, "gt_scores/additive_pairwise/std": 59.17827856454011, "gt_scores/additive_pairwise/min": -373.69403076171875, "gt_scores/additive_pairwise/pct5": -253.99376754760743, "gt_scores/nonlin_additive/std": 0.15546503153337984, "gt_scores/nonlin_additive/min": -0.7906516977346099, "gt_scores/nonlin_additive/pct5": -0.7548789649667715, "gt_scores/nonlin_additive_pairwise/std": 6.248353659520987e-05, "gt_scores/nonlin_additive_pairwise/min": -0.7966420048824534, "gt_scores/nonlin_additive_pairwise/pct5": -0.7966420048824534, "rho_curated/additive/additive": 0.9999981788559268, "rho_random/additive/additive": 0.9999949218356333, "rho_curated/pairwise/additive": 0.9999764453430523, "rho_random/pairwise/additive": 0.9999460115937332, "rho_curated/additive_GE/additive": 0.9999882632315272, "rho_random/additive_GE/additive": 0.9999678243961307, "rho_curated/pairwise_GE/additive": 0.9995218649007712, "rho_random/pairwise_GE/additive": 0.9992421912752604, "rho_curated/additive/additive_pairwise": 0.9670751755382169, "rho_random/additive/additive_pairwise": 0.9456173675961679, "rho_curated/pairwise/additive_pairwise": 0.9999758655030345, "rho_random/pairwise/additive_pairwise": 0.9999525893266988, "rho_curated/additive_GE/additive_pairwise": NaN, "rho_random/additive_GE/additive_pairwise": NaN, "rho_curated/pairwise_GE/additive_pairwise": 0.9993064222442567, "rho_random/pairwise_GE/additive_pairwise": 0.9988695459662791, "rho_curated/additive/nonlin_additive": 0.9973759374761404, "rho_random/additive/nonlin_additive": 0.9961301373917684, "rho_curated/pairwise/nonlin_additive": 0.9995618009260092, "rho_random/pairwise/nonlin_additive": 0.9987829673656133, "rho_curated/additive_GE/nonlin_additive": 0.9999949968397944, "rho_random/additive_GE/nonlin_additive": 0.9999913936083319, "rho_curated/pairwise_GE/nonlin_additive": 0.9997628519582521, "rho_random/pairwise_GE/nonlin_additive": 0.9996941451316667, "rho_curated/additive/nonlin_additive_pairwise": NaN, "rho_random/additive/nonlin_additive_pairwise": 0.045029145153169484, "rho_curated/pairwise/nonlin_additive_pairwise": NaN, "rho_random/pairwise/nonlin_additive_pairwise": 0.05121472311088532, "rho_curated/additive_GE/nonlin_additive_pairwise": NaN, "rho_random/additive_GE/nonlin_additive_pairwise": NaN, "rho_curated/pairwise_GE/nonlin_additive_pairwise": NaN, "rho_random/pairwise_GE/nonlin_additive_pairwise": 0.02793552394969297, "rho_curated_mean": 0.9965943457106348, "rho_random_mean": 0.7901691776929308, "_wandb": {"runtime": 672}}