{"potts/n_edges": 354, "potts/edge_density": 0.5949579831932773, "potts/J_mean_abs": 3.563997268676758, "potts/J_std": 3.3332502841949463, "_timestamp": 1773419728.3561761, "_runtime": 436.6895661354065, "_step": 21, "gt_scores/additive/std": 0.5176697514373942, "gt_scores/additive/min": -3.1981842517852783, "gt_scores/additive/pct5": -1.535003513097763, "gt_scores/additive_pairwise/std": 7.1890090983957675, "gt_scores/additive_pairwise/min": -69.71073913574219, "gt_scores/additive_pairwise/pct5": -19.122671699523924, "gt_scores/nonlin_additive/std": 0.1852053527682531, "gt_scores/nonlin_additive/min": -0.6243358517670341, "gt_scores/nonlin_additive/pct5": -0.5478217460281328, "gt_scores/nonlin_additive_pairwise/std": 0.26485642452957314, "gt_scores/nonlin_additive_pairwise/min": -0.6278230933514332, "gt_scores/nonlin_additive_pairwise/pct5": -0.627823093351433, "rho_curated/additive/additive": 0.9999930488708154, "rho_random/additive/additive": 0.9999776740076548, "rho_curated/pairwise/additive": 0.9989035098450395, "rho_random/pairwise/additive": 0.9992745321268511, "rho_curated/additive_GE/additive": 0.9997703748417315, "rho_random/additive_GE/additive": 0.9995435376691527, "rho_curated/pairwise_GE/additive": 0.9901869566357214, "rho_random/pairwise_GE/additive": 0.9901650013713535, "rho_curated/additive/additive_pairwise": 0.71477412128328, "rho_random/additive/additive_pairwise": 0.694633860400927, "rho_curated/pairwise/additive_pairwise": 0.7597021986697624, "rho_random/pairwise/additive_pairwise": 0.8171932982480016, "rho_curated/additive_GE/additive_pairwise": 0.7073505988709646, "rho_random/additive_GE/additive_pairwise": 0.7422664544289104, "rho_curated/pairwise_GE/additive_pairwise": 0.7193695888398488, "rho_random/pairwise_GE/additive_pairwise": 0.7421868901872872, "rho_curated/additive/nonlin_additive": 0.9937464613246335, "rho_random/additive/nonlin_additive": 0.9925182515350327, "rho_curated/pairwise/nonlin_additive": 0.9928370607038237, "rho_random/pairwise/nonlin_additive": 0.9916091445113884, "rho_curated/additive_GE/nonlin_additive": 0.9978870762202166, "rho_random/additive_GE/nonlin_additive": 0.9974867744670897, "rho_curated/pairwise_GE/nonlin_additive": 0.9950507436790071, "rho_random/pairwise_GE/nonlin_additive": 0.9928676362646242, "rho_curated/additive/nonlin_additive_pairwise": 0.6225843717050107, "rho_random/additive/nonlin_additive_pairwise": 0.6590941429351174, "rho_curated/pairwise/nonlin_additive_pairwise": 0.6603215637611458, "rho_random/pairwise/nonlin_additive_pairwise": 0.748298913740667, "rho_curated/additive_GE/nonlin_additive_pairwise": 0.39934280191279553, "rho_random/additive_GE/nonlin_additive_pairwise": 0.598182490380209, "rho_curated/pairwise_GE/nonlin_additive_pairwise": 0.7337729978735931, "rho_random/pairwise_GE/nonlin_additive_pairwise": 0.7443614113130079, "rho_curated_mean": 0.8303495921898368, "rho_random_mean": 0.8568537508492047, "_wandb": {"runtime": 436}}