{"potts/n_edges": 97, "potts/edge_density": 0.9238095238095239, "potts/J_mean_abs": 3.499559164047241, "potts/J_std": 2.7674741744995117, "_timestamp": 1773684645.011758, "_runtime": 518.1900970935822, "_step": 21, "gt_scores/additive/std": 0.9354941049529601, "gt_scores/additive/min": -6.730696678161621, "gt_scores/additive/pct5": -5.088986277580261, "gt_scores/additive_pairwise/std": 42.95495440338872, "gt_scores/additive_pairwise/min": -385.42535400390625, "gt_scores/additive_pairwise/pct5": -329.96752777099607, "gt_scores/nonlin_additive/std": 0.12695859792178035, "gt_scores/nonlin_additive/min": -0.8594803927815321, "gt_scores/nonlin_additive/pct5": -0.8373509757801759, "gt_scores/nonlin_additive_pairwise/std": 1.1102230246251565e-16, "gt_scores/nonlin_additive_pairwise/min": -0.8642349522941661, "gt_scores/nonlin_additive_pairwise/pct5": -0.8642349522941661, "rho_curated/additive/additive": 0.9999985594479418, "rho_random/additive/additive": 0.9999948990458194, "rho_curated/pairwise/additive": 0.9999765604710539, "rho_random/pairwise/additive": 0.9999554892069076, "rho_curated/additive_GE/additive": 0.999984560247376, "rho_random/additive_GE/additive": 0.9999686269989625, "rho_curated/pairwise_GE/additive": 0.999756111270151, "rho_random/pairwise_GE/additive": 0.9995219075535164, "rho_curated/additive/additive_pairwise": 0.9426891349406881, "rho_random/additive/additive_pairwise": 0.9003623831904128, "rho_curated/pairwise/additive_pairwise": 0.9999674789186953, "rho_random/pairwise/additive_pairwise": 0.9999335319422842, "rho_curated/additive_GE/additive_pairwise": 0.942293890278216, "rho_random/additive_GE/additive_pairwise": 0.9020331685860996, "rho_curated/pairwise_GE/additive_pairwise": 0.9995517932379752, "rho_random/pairwise_GE/additive_pairwise": 0.9993751208404522, "rho_curated/additive/nonlin_additive": 0.995565170835946, "rho_random/additive/nonlin_additive": 0.9946319368251574, "rho_curated/pairwise/nonlin_additive": 0.9991088179958394, "rho_random/pairwise/nonlin_additive": 0.9971643288087386, "rho_curated/additive_GE/nonlin_additive": 0.9999917676876655, "rho_random/additive_GE/nonlin_additive": 0.9999910070002898, "rho_curated/pairwise_GE/nonlin_additive": 0.999612649992292, "rho_random/pairwise_GE/nonlin_additive": 0.9996664174149205, "rho_curated/additive/nonlin_additive_pairwise": NaN, "rho_random/additive/nonlin_additive_pairwise": NaN, "rho_curated/pairwise/nonlin_additive_pairwise": NaN, "rho_random/pairwise/nonlin_additive_pairwise": NaN, "rho_curated/additive_GE/nonlin_additive_pairwise": NaN, "rho_random/additive_GE/nonlin_additive_pairwise": NaN, "rho_curated/pairwise_GE/nonlin_additive_pairwise": NaN, "rho_random/pairwise_GE/nonlin_additive_pairwise": NaN, "rho_curated_mean": 0.9898747079436534, "rho_random_mean": 0.9827165681177967, "_wandb": {"runtime": 517}}