{"potts/n_edges": 261, "potts/edge_density": 0.87, "potts/J_mean_abs": 3.469799518585205, "potts/J_std": 2.9192004203796387, "_timestamp": 1773563328.5002015, "_runtime": 422.3152394294739, "_step": 16, "gt_scores/additive/std": 1.1398200883094438, "gt_scores/additive/min": -9.020009994506836, "gt_scores/additive/pct5": -6.03385751247406, "gt_scores/additive_pairwise/std": 92.1177473833214, "gt_scores/additive_pairwise/min": -607.06787109375, "gt_scores/additive_pairwise/pct5": -410.4968536376953, "gt_scores/nonlin_additive/std": 0.13291535666614748, "gt_scores/nonlin_additive/min": -0.8512857583768847, "gt_scores/nonlin_additive/pct5": -0.8249976913530378, "gt_scores/nonlin_additive_pairwise/std": 2.2776361039930625e-07, "gt_scores/nonlin_additive_pairwise/min": -0.853410595172368, "gt_scores/nonlin_additive_pairwise/pct5": -0.853410595172368, "rho_curated/additive/additive": 0.9999976594959061, "rho_random/additive/additive": 0.9999927869950883, "rho_curated/pairwise/additive": 0.999727481477086, "rho_random/pairwise/additive": 0.9994616374573705, "rho_curated/additive_GE/additive": 0.999988157967525, "rho_random/additive_GE/additive": 0.9999642360684623, "rho_curated/pairwise_GE/additive": 0.9835456879482477, "rho_random/pairwise_GE/additive": 0.9720299199351315, "rho_curated/additive/additive_pairwise": 0.9804376274885662, "rho_random/additive/additive_pairwise": 0.967125194711284, "rho_curated/pairwise/additive_pairwise": 0.9994459514818116, "rho_random/pairwise/additive_pairwise": 0.9989911109911109, "rho_curated/additive_GE/additive_pairwise": 0.9806557677457665, "rho_random/additive_GE/additive_pairwise": 0.969341774724969, "rho_curated/pairwise_GE/additive_pairwise": 0.9803784340301955, "rho_random/pairwise_GE/additive_pairwise": 0.9728530463497425, "rho_curated/additive/nonlin_additive": 0.9953923452951408, "rho_random/additive/nonlin_additive": 0.9961943752738611, "rho_curated/pairwise/nonlin_additive": 0.9932579404656703, "rho_random/pairwise/nonlin_additive": 0.9842565776470044, "rho_curated/additive_GE/nonlin_additive": 0.9999869073514754, "rho_random/additive_GE/nonlin_additive": 0.9999844823500857, "rho_curated/pairwise_GE/nonlin_additive": 0.9869149552507139, "rho_random/pairwise_GE/nonlin_additive": 0.9847532958155176, "_wandb": {"runtime": 422}}