{"potts/n_edges": 89, "potts/edge_density": 0.8476190476190476, "potts/J_mean_abs": 2.990551233291626, "potts/J_std": 2.2894203662872314, "_timestamp": 1773629846.1119442, "_runtime": 523.2497701644897, "_step": 21, "gt_scores/additive/std": 0.9557475539592777, "gt_scores/additive/min": -7.033940315246582, "gt_scores/additive/pct5": -5.159853672981262, "gt_scores/additive_pairwise/std": 37.46125698039542, "gt_scores/additive_pairwise/min": -331.3332214355469, "gt_scores/additive_pairwise/pct5": -289.213134765625, "gt_scores/nonlin_additive/std": 0.1307311439252841, "gt_scores/nonlin_additive/min": -0.8613129322410867, "gt_scores/nonlin_additive/pct5": -0.8371371284084792, "gt_scores/nonlin_additive_pairwise/std": 1.1102230246251565e-16, "gt_scores/nonlin_additive_pairwise/min": -0.8653877661321029, "gt_scores/nonlin_additive_pairwise/pct5": -0.8653877661321029, "rho_curated/additive/additive": 0.9999985702719426, "rho_random/additive/additive": 0.9999957431879953, "rho_curated/pairwise/additive": 0.9999773999190946, "rho_random/pairwise/additive": 0.9999457707552676, "rho_curated/additive_GE/additive": 0.9999868114234717, "rho_random/additive_GE/additive": 0.9999740019197924, "rho_curated/pairwise_GE/additive": 0.9997622539504731, "rho_random/pairwise_GE/additive": 0.9995183635777735, "rho_curated/additive/additive_pairwise": 0.9503050450246238, "rho_random/additive/additive_pairwise": 0.9225030387782186, "rho_curated/pairwise/additive_pairwise": 0.9999656959346214, "rho_random/pairwise/additive_pairwise": 0.9999410462197279, "rho_curated/additive_GE/additive_pairwise": 0.9500542348133748, "rho_random/additive_GE/additive_pairwise": 0.9148790404321299, "rho_curated/pairwise_GE/additive_pairwise": 0.9995475577418264, "rho_random/pairwise_GE/additive_pairwise": 0.999381842775439, "rho_curated/additive/nonlin_additive": 0.9961175699565166, "rho_random/additive/nonlin_additive": 0.9970422397344606, "rho_curated/pairwise/nonlin_additive": 0.9992506330899895, "rho_random/pairwise/nonlin_additive": 0.9967758028117517, "rho_curated/additive_GE/nonlin_additive": 0.9999164490846542, "rho_random/additive_GE/nonlin_additive": 0.9999348262948344, "rho_curated/pairwise_GE/nonlin_additive": 0.9995086407082869, "rho_random/pairwise_GE/nonlin_additive": 0.9993741106110503, "rho_curated/additive/nonlin_additive_pairwise": NaN, "rho_random/additive/nonlin_additive_pairwise": NaN, "rho_curated/pairwise/nonlin_additive_pairwise": NaN, "rho_random/pairwise/nonlin_additive_pairwise": NaN, "rho_curated/additive_GE/nonlin_additive_pairwise": NaN, "rho_random/additive_GE/nonlin_additive_pairwise": NaN, "rho_curated/pairwise_GE/nonlin_additive_pairwise": NaN, "rho_random/pairwise_GE/nonlin_additive_pairwise": NaN, "rho_curated_mean": 0.9911992384932398, "rho_random_mean": 0.9857721522582034, "_wandb": {"runtime": 522}}