{"potts/n_edges": 2928, "potts/edge_density": 0.9265822784810127, "potts/J_mean_abs": 3.3971052169799805, "potts/J_std": 2.7727017402648926, "_timestamp": 1773437793.1986732, "_runtime": 579.6648352146149, "_step": 21, "gt_scores/additive/std": 1.7425627716340433, "gt_scores/additive/min": -13.187027931213379, "gt_scores/additive/pct5": -8.117160367965699, "gt_scores/additive_pairwise/std": 150.5042388701851, "gt_scores/additive_pairwise/min": -1151.605224609375, "gt_scores/additive_pairwise/pct5": -583.2560516357422, "gt_scores/nonlin_additive/std": 0.14955072976137943, "gt_scores/nonlin_additive/min": -0.8083376938669797, "gt_scores/nonlin_additive/pct5": -0.7715522343925328, "gt_scores/nonlin_additive_pairwise/std": 1.571855188100101e-05, "gt_scores/nonlin_additive_pairwise/min": -0.8105443801125422, "gt_scores/nonlin_additive_pairwise/pct5": -0.8105443801125422, "rho_curated/additive/additive": 0.9999959018798358, "rho_random/additive/additive": 0.9999868064470118, "rho_curated/pairwise/additive": 0.99930658395623, "rho_random/pairwise/additive": 0.9993173258675121, "rho_curated/additive_GE/additive": 0.9999644454625752, "rho_random/additive_GE/additive": 0.9999258919226263, "rho_curated/pairwise_GE/additive": 0.9966168066965098, "rho_random/pairwise_GE/additive": 0.9946941099871736, "rho_curated/additive/additive_pairwise": 0.986497558755254, "rho_random/additive/additive_pairwise": 0.9788836952637241, "rho_curated/pairwise/additive_pairwise": 0.9804731951775217, "rho_random/pairwise/additive_pairwise": 0.974137325894897, "rho_curated/additive_GE/additive_pairwise": 0.9878441936488926, "rho_random/additive_GE/additive_pairwise": 0.9838699384447888, "rho_curated/pairwise_GE/additive_pairwise": 0.9780010405429855, "rho_random/pairwise_GE/additive_pairwise": 0.9755469035603139, "rho_curated/additive/nonlin_additive": 0.99441975238479, "rho_random/additive/nonlin_additive": 0.9944971760408688, "rho_curated/pairwise/nonlin_additive": 0.9919674609185056, "rho_random/pairwise/nonlin_additive": 0.9910562841219729, "rho_curated/additive_GE/nonlin_additive": 0.9999540967581628, "rho_random/additive_GE/nonlin_additive": 0.9999430525304693, "rho_curated/pairwise_GE/nonlin_additive": 0.9955389762533448, "rho_random/pairwise_GE/nonlin_additive": 0.9951815430654076, "rho_curated/additive/nonlin_additive_pairwise": NaN, "rho_random/additive/nonlin_additive_pairwise": 0.051935958722785884, "rho_curated/pairwise/nonlin_additive_pairwise": NaN, "rho_random/pairwise/nonlin_additive_pairwise": 0.06239437924259365, "rho_curated/additive_GE/nonlin_additive_pairwise": NaN, "rho_random/additive_GE/nonlin_additive_pairwise": NaN, "rho_curated/pairwise_GE/nonlin_additive_pairwise": NaN, "rho_random/pairwise_GE/nonlin_additive_pairwise": 0.018307822654015076, "rho_curated_mean": 0.9925483343695506, "rho_random_mean": 0.801311880917744, "_wandb": {"runtime": 579}}