{"potts/n_edges": 322, "potts/edge_density": 0.7402298850574712, "potts/J_mean_abs": 4.072420597076416, "potts/J_std": 3.2559351921081543, "_timestamp": 1773415526.3531556, "_runtime": 511.3908715248108, "_step": 21, "gt_scores/additive/std": 1.171527274585528, "gt_scores/additive/min": -8.120271682739258, "gt_scores/additive/pct5": -5.117099380493164, "gt_scores/additive_pairwise/std": 71.91621108752622, "gt_scores/additive_pairwise/min": -462.70721435546875, "gt_scores/additive_pairwise/pct5": -269.0603424072266, "gt_scores/nonlin_additive/std": 0.15758704638940746, "gt_scores/nonlin_additive/min": -0.7858942776032621, "gt_scores/nonlin_additive/pct5": -0.7441416081595725, "gt_scores/nonlin_additive_pairwise/std": 0.01422626918460729, "gt_scores/nonlin_additive_pairwise/min": -0.7895450085969645, "gt_scores/nonlin_additive_pairwise/pct5": -0.7895450085969645, "rho_curated/additive/additive": 0.9999971689358867, "rho_random/additive/additive": 0.9999914004212488, "rho_curated/pairwise/additive": 0.9990455577377763, "rho_random/pairwise/additive": 0.9987069468229881, "rho_curated/additive_GE/additive": 0.9999759998550387, "rho_random/additive_GE/additive": 0.9999483033328529, "rho_curated/pairwise_GE/additive": 0.9736795982579205, "rho_random/pairwise_GE/additive": 0.961296128019008, "rho_curated/additive/additive_pairwise": 0.9733163468414517, "rho_random/additive/additive_pairwise": 0.9587259701598739, "rho_curated/pairwise/additive_pairwise": 0.9884652421300558, "rho_random/pairwise/additive_pairwise": 0.9807206549580257, "rho_curated/additive_GE/additive_pairwise": 0.9733214313389363, "rho_random/additive_GE/additive_pairwise": 0.9565349320207828, "rho_curated/pairwise_GE/additive_pairwise": 0.9612195508539898, "rho_random/pairwise_GE/additive_pairwise": 0.9520804150786332, "rho_curated/additive/nonlin_additive": 0.9972497157857905, "rho_random/additive/nonlin_additive": 0.9955868891975369, "rho_curated/pairwise/nonlin_additive": 0.9919161535716762, "rho_random/pairwise/nonlin_additive": 0.9869171592343595, "rho_curated/additive_GE/nonlin_additive": 0.9999777662791091, "rho_random/additive_GE/nonlin_additive": 0.9999682224582809, "rho_curated/pairwise_GE/nonlin_additive": 0.9858192000470664, "rho_random/pairwise_GE/nonlin_additive": 0.9814487457529582, "rho_curated/additive/nonlin_additive_pairwise": NaN, "rho_random/additive/nonlin_additive_pairwise": 0.23319275410463172, "rho_curated/pairwise/nonlin_additive_pairwise": NaN, "rho_random/pairwise/nonlin_additive_pairwise": 0.19752459543373138, "rho_curated/additive_GE/nonlin_additive_pairwise": NaN, "rho_random/additive_GE/nonlin_additive_pairwise": NaN, "rho_curated/pairwise_GE/nonlin_additive_pairwise": NaN, "rho_random/pairwise_GE/nonlin_additive_pairwise": 0.20146937045755742, "rho_curated_mean": 0.9869986443028914, "rho_random_mean": 0.8269408324968313, "_wandb": {"runtime": 510}}