{"potts/n_edges": 98, "potts/edge_density": 0.9333333333333333, "potts/J_mean_abs": 3.2815258502960205, "potts/J_std": 2.7147507667541504, "_timestamp": 1773676831.2570806, "_runtime": 657.0259876251221, "_step": 21, "gt_scores/additive/std": 0.8585679836310052, "gt_scores/additive/min": -5.308662414550781, "gt_scores/additive/pct5": -3.522884654998779, "gt_scores/additive_pairwise/std": 44.85844633669681, "gt_scores/additive_pairwise/min": -277.4250183105469, "gt_scores/additive_pairwise/pct5": -170.80040969848633, "gt_scores/nonlin_additive/std": 0.1653544469639066, "gt_scores/nonlin_additive/min": -0.7544436006595712, "gt_scores/nonlin_additive/pct5": -0.711007353530966, "gt_scores/nonlin_additive_pairwise/std": 0.0175810514580135, "gt_scores/nonlin_additive_pairwise/min": -0.7609713320242051, "gt_scores/nonlin_additive_pairwise/pct5": -0.7609713320242051, "rho_curated/additive/additive": 0.9999977288559009, "rho_random/additive/additive": 0.9999933100231713, "rho_curated/pairwise/additive": 0.9999769468709941, "rho_random/pairwise/additive": 0.999951843266449, "rho_curated/additive_GE/additive": 0.9999927117276818, "rho_random/additive_GE/additive": 0.9999835014999802, "rho_curated/pairwise_GE/additive": 0.9995638805969956, "rho_random/pairwise_GE/additive": 0.9993324525976266, "rho_curated/additive/additive_pairwise": 0.9742676585460888, "rho_random/additive/additive_pairwise": 0.9582808141406193, "rho_curated/pairwise/additive_pairwise": 0.9999701531908054, "rho_random/pairwise/additive_pairwise": 0.9999409874775934, "rho_curated/additive_GE/additive_pairwise": 0.9744696548421734, "rho_random/additive_GE/additive_pairwise": 0.9571574784383877, "rho_curated/pairwise_GE/additive_pairwise": 0.9994424302496706, "rho_random/pairwise_GE/additive_pairwise": 0.9991437435348126, "rho_curated/additive/nonlin_additive": 0.9977152493207545, "rho_random/additive/nonlin_additive": 0.9956429196434636, "rho_curated/pairwise/nonlin_additive": 0.9996525241898647, "rho_random/pairwise/nonlin_additive": 0.9992980331486743, "rho_curated/additive_GE/nonlin_additive": 0.9999917646635704, "rho_random/additive_GE/nonlin_additive": 0.9999880541862355, "rho_curated/pairwise_GE/nonlin_additive": 0.999817754238484, "rho_random/pairwise_GE/nonlin_additive": 0.9997343633177972, "rho_curated/additive/nonlin_additive_pairwise": 0.6774465733661914, "rho_random/additive/nonlin_additive_pairwise": 0.19572202917179787, "rho_curated/pairwise/nonlin_additive_pairwise": 0.7501251847894762, "rho_random/pairwise/nonlin_additive_pairwise": 0.21002645185587704, "rho_curated/additive_GE/nonlin_additive_pairwise": -0.08081286879918816, "rho_random/additive_GE/nonlin_additive_pairwise": 0.016778921984150708, "rho_curated/pairwise_GE/nonlin_additive_pairwise": 0.7473910385964349, "rho_random/pairwise_GE/nonlin_additive_pairwise": 0.18209458224765226, "rho_curated_mean": 0.8774380240778688, "rho_random_mean": 0.782066842908393, "_wandb": {"runtime": 656}}