{"potts/n_edges": 203, "potts/edge_density": 0.6766666666666666, "potts/J_mean_abs": 3.4209344387054443, "potts/J_std": 2.774871349334717, "_timestamp": 1773681941.077869, "_runtime": 541.1364839076996, "_step": 21, "gt_scores/additive/std": 1.1398200883094438, "gt_scores/additive/min": -9.020009994506836, "gt_scores/additive/pct5": -6.03385751247406, "gt_scores/additive_pairwise/std": 73.00359774574159, "gt_scores/additive_pairwise/min": -480.2626953125, "gt_scores/additive_pairwise/pct5": -323.11260375976565, "gt_scores/nonlin_additive/std": 0.13291535666614748, "gt_scores/nonlin_additive/min": -0.8512857583768847, "gt_scores/nonlin_additive/pct5": -0.8249976913530378, "gt_scores/nonlin_additive_pairwise/std": 1.7388182207065802e-08, "gt_scores/nonlin_additive_pairwise/min": -0.853410595172368, "gt_scores/nonlin_additive_pairwise/pct5": -0.853410595172368, "rho_curated/additive/additive": 0.9999974862638994, "rho_random/additive/additive": 0.9999929663067287, "rho_curated/pairwise/additive": 0.999751893990064, "rho_random/pairwise/additive": 0.999521850806323, "rho_curated/additive_GE/additive": 0.9999862282234486, "rho_random/additive_GE/additive": 0.9999619076075137, "rho_curated/pairwise_GE/additive": 0.9862282971528012, "rho_random/pairwise_GE/additive": 0.9776540249186526, "rho_curated/additive/additive_pairwise": 0.9768538728724884, "rho_random/additive/additive_pairwise": 0.957705331063386, "rho_curated/pairwise/additive_pairwise": 0.9991904408475785, "rho_random/pairwise/additive_pairwise": 0.9986262440929449, "rho_curated/additive_GE/additive_pairwise": 0.9770692680565692, "rho_random/additive_GE/additive_pairwise": 0.9630570504546012, "rho_curated/pairwise_GE/additive_pairwise": 0.9790966048983591, "rho_random/pairwise_GE/additive_pairwise": 0.9703067375551465, "rho_curated/additive/nonlin_additive": 0.9964391491848825, "rho_random/additive/nonlin_additive": 0.9972131397687566, "rho_curated/pairwise/nonlin_additive": 0.9939948049112158, "rho_random/pairwise/nonlin_additive": 0.9887444120592231, "rho_curated/additive_GE/nonlin_additive": 0.9999725462068978, "rho_random/additive_GE/nonlin_additive": 0.9999700099996507, "rho_curated/pairwise_GE/nonlin_additive": 0.9881016547383528, "rho_random/pairwise_GE/nonlin_additive": 0.9875238175800914, "rho_curated/additive/nonlin_additive_pairwise": NaN, "rho_random/additive/nonlin_additive_pairwise": NaN, "rho_curated/pairwise/nonlin_additive_pairwise": NaN, "rho_random/pairwise/nonlin_additive_pairwise": NaN, "rho_curated/additive_GE/nonlin_additive_pairwise": NaN, "rho_random/additive_GE/nonlin_additive_pairwise": NaN, "rho_curated/pairwise_GE/nonlin_additive_pairwise": NaN, "rho_random/pairwise_GE/nonlin_additive_pairwise": NaN, "rho_curated_mean": 0.9913901872788798, "rho_random_mean": 0.9866897910177514, "_wandb": {"runtime": 540}}