{"potts/n_edges": 88, "potts/edge_density": 0.29333333333333333, "potts/J_mean_abs": 3.6135246753692627, "potts/J_std": 4.933870315551758, "_timestamp": 1773574236.8600209, "_runtime": 482.5458118915558, "_step": 21, "gt_scores/additive/std": 0.7332715611182224, "gt_scores/additive/min": -5.124159812927246, "gt_scores/additive/pct5": -2.484205913543701, "gt_scores/additive_pairwise/std": 11.427086158015817, "gt_scores/additive_pairwise/min": -103.97835540771484, "gt_scores/additive_pairwise/pct5": -32.14067363739014, "gt_scores/nonlin_additive/std": 0.1807189105424124, "gt_scores/nonlin_additive/min": -0.684958244128019, "gt_scores/nonlin_additive/pct5": -0.6179569225369222, "gt_scores/nonlin_additive_pairwise/std": 0.22947494340379468, "gt_scores/nonlin_additive_pairwise/min": -0.6869794372043926, "gt_scores/nonlin_additive_pairwise/pct5": -0.6869794372043926, "rho_curated/additive/additive": 0.9999980040634711, "rho_random/additive/additive": 0.9999938194969102, "rho_curated/pairwise/additive": 0.9994296630761276, "rho_random/pairwise/additive": 0.9992197502824216, "rho_curated/additive_GE/additive": 0.9999794442583967, "rho_random/additive_GE/additive": 0.9999497200671925, "rho_curated/pairwise_GE/additive": 0.9896726833692716, "rho_random/pairwise_GE/additive": 0.9890153272395309, "rho_curated/additive/additive_pairwise": 0.6476432754167626, "rho_random/additive/additive_pairwise": 0.7658351188460292, "rho_curated/pairwise/additive_pairwise": 0.7771874617072482, "rho_random/pairwise/additive_pairwise": 0.8364363025749147, "rho_curated/additive_GE/additive_pairwise": 0.5944384179472268, "rho_random/additive_GE/additive_pairwise": 0.7662991679511282, "rho_curated/pairwise_GE/additive_pairwise": 0.9018444172447008, "rho_random/pairwise_GE/additive_pairwise": 0.8668080952141884, "rho_curated/additive/nonlin_additive": 0.9986627640579073, "rho_random/additive/nonlin_additive": 0.9979241267779293, "rho_curated/pairwise/nonlin_additive": 0.9960537728973098, "rho_random/pairwise/nonlin_additive": 0.9933789339255912, "rho_curated/additive_GE/nonlin_additive": 0.9999772905877484, "rho_random/additive_GE/nonlin_additive": 0.9999656867507347, "rho_curated/pairwise_GE/nonlin_additive": 0.9951145214913037, "rho_random/pairwise_GE/nonlin_additive": 0.9926183632315457, "rho_curated/additive/nonlin_additive_pairwise": 0.7069103265645832, "rho_random/additive/nonlin_additive_pairwise": 0.7471572219344351, "rho_curated/pairwise/nonlin_additive_pairwise": 0.7715485738133361, "rho_random/pairwise/nonlin_additive_pairwise": 0.8217386658674312, "rho_curated/additive_GE/nonlin_additive_pairwise": 0.37371385171767035, "rho_random/additive_GE/nonlin_additive_pairwise": 0.5830943378187505, "rho_curated/pairwise_GE/nonlin_additive_pairwise": 0.7909708174287723, "rho_random/pairwise_GE/nonlin_additive_pairwise": 0.8383699658289923, "rho_curated_mean": 0.8464465803526149, "rho_random_mean": 0.8873627877379828, "_wandb": {"runtime": 482}}