{"potts/n_edges": 90, "potts/edge_density": 0.8571428571428571, "potts/J_mean_abs": 4.180185794830322, "potts/J_std": 3.5170395374298096, "_timestamp": 1773649337.9351783, "_runtime": 524.4561793804169, "_step": 21, "gt_scores/additive/std": 0.9354941049529601, "gt_scores/additive/min": -6.730696678161621, "gt_scores/additive/pct5": -5.088986277580261, "gt_scores/additive_pairwise/std": 43.64102399985323, "gt_scores/additive_pairwise/min": -388.0091247558594, "gt_scores/additive_pairwise/pct5": -316.4009704589844, "gt_scores/nonlin_additive/std": 0.12695859792178035, "gt_scores/nonlin_additive/min": -0.8594803927815321, "gt_scores/nonlin_additive/pct5": -0.8373509757801759, "gt_scores/nonlin_additive_pairwise/std": 1.1102230246251565e-16, "gt_scores/nonlin_additive_pairwise/min": -0.8642349522941661, "gt_scores/nonlin_additive_pairwise/pct5": -0.8642349522941661, "rho_curated/additive/additive": 0.9999983700879342, "rho_random/additive/additive": 0.99999526888835, "rho_curated/pairwise/additive": 0.9999777159271016, "rho_random/pairwise/additive": 0.9999504367917882, "rho_curated/additive_GE/additive": 0.9999703086868039, "rho_random/additive_GE/additive": 0.9999416109767687, "rho_curated/pairwise_GE/additive": 0.9997121502764031, "rho_random/pairwise_GE/additive": 0.999363020886124, "rho_curated/additive/additive_pairwise": 0.9137849379072593, "rho_random/additive/additive_pairwise": 0.8579379033350385, "rho_curated/pairwise/additive_pairwise": 0.9999602855664096, "rho_random/pairwise/additive_pairwise": 0.9999209924292302, "rho_curated/additive_GE/additive_pairwise": 0.913230911207154, "rho_random/additive_GE/additive_pairwise": 0.8568096542137317, "rho_curated/pairwise_GE/additive_pairwise": 0.9996147217685797, "rho_random/pairwise_GE/additive_pairwise": 0.9994459462951104, "rho_curated/additive/nonlin_additive": 0.9960341610714628, "rho_random/additive/nonlin_additive": 0.9955249173363762, "rho_curated/pairwise/nonlin_additive": 0.9991870762631122, "rho_random/pairwise/nonlin_additive": 0.9965808068442423, "rho_curated/additive_GE/nonlin_additive": 0.9999934098877332, "rho_random/additive_GE/nonlin_additive": 0.9999909862907491, "rho_curated/pairwise_GE/nonlin_additive": 0.9993100802280058, "rho_random/pairwise_GE/nonlin_additive": 0.9993555631198475, "rho_curated/additive/nonlin_additive_pairwise": NaN, "rho_random/additive/nonlin_additive_pairwise": NaN, "rho_curated/pairwise/nonlin_additive_pairwise": NaN, "rho_random/pairwise/nonlin_additive_pairwise": NaN, "rho_curated/additive_GE/nonlin_additive_pairwise": NaN, "rho_random/additive_GE/nonlin_additive_pairwise": NaN, "rho_curated/pairwise_GE/nonlin_additive_pairwise": NaN, "rho_random/pairwise_GE/nonlin_additive_pairwise": NaN, "rho_curated_mean": 0.9850645107398299, "rho_random_mean": 0.9754014256172797, "_wandb": {"runtime": 524}}