{"potts/n_edges": 158, "potts/edge_density": 0.8315789473684211, "potts/J_mean_abs": 3.3400509357452393, "potts/J_std": 2.7766597270965576, "_timestamp": 1773394335.5156486, "_runtime": 525.9664976596832, "_step": 21, "gt_scores/additive/std": 1.426379881017352, "gt_scores/additive/min": -10.008467674255371, "gt_scores/additive/pct5": -7.166622185707093, "gt_scores/additive_pairwise/std": 74.74759566944238, "gt_scores/additive_pairwise/min": -525.8432006835938, "gt_scores/additive_pairwise/pct5": -368.51501922607423, "gt_scores/nonlin_additive/std": 0.13946177757028871, "gt_scores/nonlin_additive/min": -0.8313426784103302, "gt_scores/nonlin_additive/pct5": -0.8034810610065, "gt_scores/nonlin_additive_pairwise/std": 1.1436163382994945e-12, "gt_scores/nonlin_additive_pairwise/min": -0.8358896588447285, "gt_scores/nonlin_additive_pairwise/pct5": -0.8358896588447285, "rho_curated/additive/additive": 0.9999963633278545, "rho_random/additive/additive": 0.9999890024526356, "rho_curated/pairwise/additive": 0.9999499874299983, "rho_random/pairwise/additive": 0.9998837297304994, "rho_curated/additive_GE/additive": 0.9999813501992535, "rho_random/additive_GE/additive": 0.999954314723456, "rho_curated/pairwise_GE/additive": 0.9987873902073793, "rho_random/pairwise_GE/additive": 0.9976330631359155, "rho_curated/additive/additive_pairwise": 0.9784959073393202, "rho_random/additive/additive_pairwise": 0.9676671386401743, "rho_curated/pairwise/additive_pairwise": 0.9999451694298054, "rho_random/pairwise/additive_pairwise": 0.9998760053374642, "rho_curated/additive_GE/additive_pairwise": 0.978301742819549, "rho_random/additive_GE/additive_pairwise": 0.9656462206405136, "rho_curated/pairwise_GE/additive_pairwise": 0.9991506257820046, "rho_random/pairwise_GE/additive_pairwise": 0.9987023551979674, "rho_curated/additive/nonlin_additive": 0.9967405990376238, "rho_random/additive/nonlin_additive": 0.9960212550684056, "rho_curated/pairwise/nonlin_additive": 0.9984472051698136, "rho_random/pairwise/nonlin_additive": 0.9974720352689039, "rho_curated/additive_GE/nonlin_additive": 0.999980234055208, "rho_random/additive_GE/nonlin_additive": 0.9999815079815081, "rho_curated/pairwise_GE/nonlin_additive": 0.9992545774661294, "rho_random/pairwise_GE/nonlin_additive": 0.9993357001873163, "rho_curated/additive/nonlin_additive_pairwise": NaN, "rho_random/additive/nonlin_additive_pairwise": NaN, "rho_curated/pairwise/nonlin_additive_pairwise": NaN, "rho_random/pairwise/nonlin_additive_pairwise": NaN, "rho_curated/additive_GE/nonlin_additive_pairwise": NaN, "rho_random/additive_GE/nonlin_additive_pairwise": NaN, "rho_curated/pairwise_GE/nonlin_additive_pairwise": NaN, "rho_random/pairwise_GE/nonlin_additive_pairwise": NaN, "rho_curated_mean": 0.995752596021995, "rho_random_mean": 0.9935135273637301, "_wandb": {"runtime": 525}}