{"potts/n_edges": 74, "potts/edge_density": 0.7047619047619048, "potts/J_mean_abs": 4.147929668426514, "potts/J_std": 3.5920357704162598, "_timestamp": 1773440532.8225336, "_runtime": 530.5362586975098, "_step": 21, "gt_scores/additive/std": 0.7770162874764199, "gt_scores/additive/min": -5.525506973266602, "gt_scores/additive/pct5": -4.092422103881836, "gt_scores/additive_pairwise/std": 40.84531683513298, "gt_scores/additive_pairwise/min": -356.9112854003906, "gt_scores/additive_pairwise/pct5": -298.0062026977539, "gt_scores/nonlin_additive/std": 0.13179785214960515, "gt_scores/nonlin_additive/min": -0.851066460422529, "gt_scores/nonlin_additive/pct5": -0.8261551473383105, "gt_scores/nonlin_additive_pairwise/std": 2.220446049250313e-16, "gt_scores/nonlin_additive_pairwise/min": -0.8558889585984598, "gt_scores/nonlin_additive_pairwise/pct5": -0.8558889585984598, "rho_curated/additive/additive": 0.9999981676479267, "rho_random/additive/additive": 0.9999939063422009, "rho_curated/pairwise/additive": 0.9999780002311174, "rho_random/pairwise/additive": 0.9999480811374988, "rho_curated/additive_GE/additive": 0.9999900302556, "rho_random/additive_GE/additive": 0.9999744961338053, "rho_curated/pairwise_GE/additive": 0.999305732940146, "rho_random/pairwise_GE/additive": 0.9988961134077666, "rho_curated/additive/additive_pairwise": 0.9140734737386902, "rho_random/additive/additive_pairwise": 0.844825569783052, "rho_curated/pairwise/additive_pairwise": 0.999968209454727, "rho_random/pairwise/additive_pairwise": 0.9999414167736075, "rho_curated/additive_GE/additive_pairwise": 0.9135143526282715, "rho_random/additive_GE/additive_pairwise": 0.8667560498239951, "rho_curated/pairwise_GE/additive_pairwise": 0.9995779554710779, "rho_random/pairwise_GE/additive_pairwise": 0.9994092781633761, "rho_curated/additive/nonlin_additive": 0.9964626694263368, "rho_random/additive/nonlin_additive": 0.997334023875275, "rho_curated/pairwise/nonlin_additive": 0.9993508017020319, "rho_random/pairwise/nonlin_additive": 0.9968405853733229, "rho_curated/additive_GE/nonlin_additive": 0.9999862368634486, "rho_random/additive_GE/nonlin_additive": 0.999984124924075, "rho_curated/pairwise_GE/nonlin_additive": 0.9997147401165895, "rho_random/pairwise_GE/nonlin_additive": 0.9997386159345689, "rho_curated/additive/nonlin_additive_pairwise": NaN, "rho_random/additive/nonlin_additive_pairwise": NaN, "rho_curated/pairwise/nonlin_additive_pairwise": NaN, "rho_random/pairwise/nonlin_additive_pairwise": NaN, "rho_curated/additive_GE/nonlin_additive_pairwise": NaN, "rho_random/additive_GE/nonlin_additive_pairwise": NaN, "rho_curated/pairwise_GE/nonlin_additive_pairwise": NaN, "rho_random/pairwise_GE/nonlin_additive_pairwise": NaN, "rho_curated_mean": 0.9851600308729968, "rho_random_mean": 0.9753035218060454, "_wandb": {"runtime": 530}}