{"potts/n_edges": 83, "potts/edge_density": 0.7904761904761904, "potts/J_mean_abs": 2.944284200668335, "potts/J_std": 2.2453901767730713, "_timestamp": 1773362511.9257731, "_runtime": 521.1365852355957, "_step": 21, "gt_scores/additive/std": 0.9557475539592777, "gt_scores/additive/min": -7.033940315246582, "gt_scores/additive/pct5": -5.159853672981262, "gt_scores/additive_pairwise/std": 31.25405546567696, "gt_scores/additive_pairwise/min": -265.6236267089844, "gt_scores/additive_pairwise/pct5": -218.1962432861328, "gt_scores/nonlin_additive/std": 0.1307311439252841, "gt_scores/nonlin_additive/min": -0.8613129322410867, "gt_scores/nonlin_additive/pct5": -0.8371371284084792, "gt_scores/nonlin_additive_pairwise/std": 1.1102230246251565e-16, "gt_scores/nonlin_additive_pairwise/min": -0.8653877661321029, "gt_scores/nonlin_additive_pairwise/pct5": -0.8653877661321029, "rho_curated/additive/additive": 0.9999981159279244, "rho_random/additive/additive": 0.9999937787040485, "rho_curated/pairwise/additive": 0.9999741147029622, "rho_random/pairwise/additive": 0.9999427075217716, "rho_curated/additive_GE/additive": 0.9999659328866332, "rho_random/additive_GE/additive": 0.9999281445774431, "rho_curated/pairwise_GE/additive": 0.9997964072478319, "rho_random/pairwise_GE/additive": 0.9995942609534221, "rho_curated/additive/additive_pairwise": 0.9281159711914632, "rho_random/additive/additive_pairwise": 0.8893968971583434, "rho_curated/pairwise/additive_pairwise": 0.999969952262796, "rho_random/pairwise/additive_pairwise": 0.9999421267122969, "rho_curated/additive_GE/additive_pairwise": 0.9278874302703051, "rho_random/additive_GE/additive_pairwise": 0.8790475675580792, "rho_curated/pairwise_GE/additive_pairwise": 0.9996265094170514, "rho_random/pairwise_GE/additive_pairwise": 0.999435216349591, "rho_curated/additive/nonlin_additive": 0.9960740449223021, "rho_random/additive/nonlin_additive": 0.9967563730546558, "rho_curated/pairwise/nonlin_additive": 0.9992577009221479, "rho_random/pairwise/nonlin_additive": 0.9955025247291982, "rho_curated/additive_GE/nonlin_additive": 0.9999889085195541, "rho_random/additive_GE/nonlin_additive": 0.9999859367309941, "rho_curated/pairwise_GE/nonlin_additive": 0.9996025971360468, "rho_random/pairwise_GE/nonlin_additive": 0.9996253922714448, "rho_curated/additive/nonlin_additive_pairwise": NaN, "rho_random/additive/nonlin_additive_pairwise": NaN, "rho_curated/pairwise/nonlin_additive_pairwise": NaN, "rho_random/pairwise/nonlin_additive_pairwise": NaN, "rho_curated/additive_GE/nonlin_additive_pairwise": NaN, "rho_random/additive_GE/nonlin_additive_pairwise": NaN, "rho_curated/pairwise_GE/nonlin_additive_pairwise": NaN, "rho_random/pairwise_GE/nonlin_additive_pairwise": NaN, "rho_curated_mean": 0.9875214737839183, "rho_random_mean": 0.9799292438601075, "_wandb": {"runtime": 520}}