{"potts/n_edges": 223, "potts/edge_density": 0.5126436781609195, "potts/J_mean_abs": 1.6461025476455688, "potts/J_std": 1.5428736209869385, "_timestamp": 1773343503.7968574, "_runtime": 151.88773345947266, "_step": 8, "gt_scores/additive/std": 0.7450958713690431, "gt_scores/additive/min": -4.540323734283447, "gt_scores/additive/pct5": -2.48071084022522, "gt_scores/additive_pairwise/std": 6.203974755326348, "gt_scores/additive_pairwise/min": -49.419189453125, "gt_scores/additive_pairwise/pct5": -18.457721328735353, "gt_scores/nonlin_additive/std": 0.18237658241858568, "gt_scores/nonlin_additive/min": -0.6764232215330093, "gt_scores/nonlin_additive/pct5": -0.6101283840836528, "gt_scores/nonlin_additive_pairwise/std": 0.22764277366192298, "gt_scores/nonlin_additive_pairwise/min": -0.6812237903607005, "gt_scores/nonlin_additive_pairwise/pct5": -0.6812237903234317, "rho_curated/additive/additive": 0.9999967995746998, "rho_random/additive/additive": 0.9999889183192672, "rho_curated/pairwise/additive": 0.9989396624665582, "rho_random/pairwise/additive": 0.9988755606760138, "rho_curated/additive_GE/additive": 0.9999638969528777, "rho_random/additive_GE/additive": 0.9999159945449424, "rho_curated/pairwise_GE/additive": 0.9873220221055686, "rho_random/pairwise_GE/additive": 0.9859724444875922}