{"potts/n_edges": 85, "potts/edge_density": 0.8095238095238095, "potts/J_mean_abs": 3.416431188583374, "potts/J_std": 2.7445502281188965, "_timestamp": 1773660550.7799075, "_runtime": 507.6417455673218, "_step": 21, "gt_scores/additive/std": 0.7770162874764199, "gt_scores/additive/min": -5.525506973266602, "gt_scores/additive/pct5": -4.092422103881836, "gt_scores/additive_pairwise/std": 37.833275735391275, "gt_scores/additive_pairwise/min": -337.9787902832031, "gt_scores/additive_pairwise/pct5": -283.7027618408203, "gt_scores/nonlin_additive/std": 0.13179785214960515, "gt_scores/nonlin_additive/min": -0.851066460422529, "gt_scores/nonlin_additive/pct5": -0.8261551473383105, "gt_scores/nonlin_additive_pairwise/std": 2.220446049250313e-16, "gt_scores/nonlin_additive_pairwise/min": -0.8558889585984598, "gt_scores/nonlin_additive_pairwise/pct5": -0.8558889585984598, "rho_curated/additive/additive": 0.9999980691759226, "rho_random/additive/additive": 0.9999938024207349, "rho_curated/pairwise/additive": 0.9999784443031359, "rho_random/pairwise/additive": 0.9999479784066578, "rho_curated/additive_GE/additive": 0.9999922850796905, "rho_random/additive_GE/additive": 0.9999813592597393, "rho_curated/pairwise_GE/additive": 0.9997241103649313, "rho_random/pairwise_GE/additive": 0.9995175241651382, "rho_curated/additive/additive_pairwise": 0.9334373622015195, "rho_random/additive/additive_pairwise": 0.8827728103654363, "rho_curated/pairwise/additive_pairwise": 0.9999706653748209, "rho_random/pairwise/additive_pairwise": 0.9999329135241413, "rho_curated/additive_GE/additive_pairwise": 0.9333381342711266, "rho_random/additive_GE/additive_pairwise": 0.8888675177090773, "rho_curated/pairwise_GE/additive_pairwise": 0.9995219695407757, "rho_random/pairwise_GE/additive_pairwise": 0.9991834109488817, "rho_curated/additive/nonlin_additive": 0.9960335404086752, "rho_random/additive/nonlin_additive": 0.9967504281856895, "rho_curated/pairwise/nonlin_additive": 0.9994000533039444, "rho_random/pairwise/nonlin_additive": 0.9963839675978747, "rho_curated/additive_GE/nonlin_additive": NaN, "rho_random/additive_GE/nonlin_additive": NaN, "rho_curated/pairwise_GE/nonlin_additive": 0.99971634432464, "rho_random/pairwise_GE/nonlin_additive": 0.9996943269008131, "rho_curated/additive/nonlin_additive_pairwise": NaN, "rho_random/additive/nonlin_additive_pairwise": NaN, "rho_curated/pairwise/nonlin_additive_pairwise": NaN, "rho_random/pairwise/nonlin_additive_pairwise": NaN, "rho_curated/additive_GE/nonlin_additive_pairwise": NaN, "rho_random/additive_GE/nonlin_additive_pairwise": NaN, "rho_curated/pairwise_GE/nonlin_additive_pairwise": NaN, "rho_random/pairwise_GE/nonlin_additive_pairwise": NaN, "rho_curated_mean": 0.987373725304471, "rho_random_mean": 0.9784569126803806, "_wandb": {"runtime": 507}}