{"potts/n_edges": 138, "potts/edge_density": 0.46, "potts/J_mean_abs": 2.326754570007324, "potts/J_std": 1.977084755897522, "_timestamp": 1773391485.0224516, "_runtime": 408.46121764183044, "_step": 21, "gt_scores/additive/std": 0.5318075068794367, "gt_scores/additive/min": -3.2469277381896973, "gt_scores/additive/pct5": -1.5702964961528778, "gt_scores/additive_pairwise/std": 4.2618542467648375, "gt_scores/additive_pairwise/min": -43.83000946044922, "gt_scores/additive_pairwise/pct5": -11.396525478363037, "gt_scores/nonlin_additive/std": 0.18886959788866547, "gt_scores/nonlin_additive/min": -0.6281012974474177, "gt_scores/nonlin_additive/pct5": -0.5496772062614298, "gt_scores/nonlin_additive_pairwise/std": 0.25627792593927146, "gt_scores/nonlin_additive_pairwise/min": -0.6319162300134946, "gt_scores/nonlin_additive_pairwise/pct5": -0.6319162291664568, "rho_curated/additive/additive": 0.9999952078626434, "rho_random/additive/additive": 0.9999841680077277, "rho_curated/pairwise/additive": 0.9986631974982314, "rho_random/pairwise/additive": 0.9988533799550582, "rho_curated/additive_GE/additive": 0.9998069768205167, "rho_random/additive_GE/additive": 0.9996794584085259, "rho_curated/pairwise_GE/additive": 0.9886529513714961, "rho_random/pairwise_GE/additive": 0.986432155909047, "rho_curated/additive/additive_pairwise": 0.7469005527977578, "rho_random/additive/additive_pairwise": 0.7217778738102316, "rho_curated/pairwise/additive_pairwise": 0.8271852118505504, "rho_random/pairwise/additive_pairwise": 0.8138710504001285, "rho_curated/additive_GE/additive_pairwise": 0.720653534311773, "rho_random/additive_GE/additive_pairwise": 0.7637739827800144, "rho_curated/pairwise_GE/additive_pairwise": 0.7892258167180933, "rho_random/pairwise_GE/additive_pairwise": 0.7077914904639894, "rho_curated/additive/nonlin_additive": 0.9962138227212078, "rho_random/additive/nonlin_additive": 0.994474349775656, "rho_curated/pairwise/nonlin_additive": 0.9925774386065371, "rho_random/pairwise/nonlin_additive": 0.9885877015094744, "rho_curated/additive_GE/nonlin_additive": 0.997103556974947, "rho_random/additive_GE/nonlin_additive": 0.9936599601262978, "rho_curated/pairwise_GE/nonlin_additive": 0.9944625264557199, "rho_random/pairwise_GE/nonlin_additive": 0.9910396050506617, "rho_curated/additive/nonlin_additive_pairwise": 0.701568500353856, "rho_random/additive/nonlin_additive_pairwise": 0.6756729575927454, "rho_curated/pairwise/nonlin_additive_pairwise": 0.7608856782581807, "rho_random/pairwise/nonlin_additive_pairwise": 0.7632791577383805, "rho_curated/additive_GE/nonlin_additive_pairwise": 0.40446523253425715, "rho_random/additive_GE/nonlin_additive_pairwise": 0.6355838408236343, "rho_curated/pairwise_GE/nonlin_additive_pairwise": 0.7962063778470813, "rho_random/pairwise_GE/nonlin_additive_pairwise": 0.796104275773781, "rho_curated_mean": 0.8571604114364281, "rho_random_mean": 0.8644103380078345, "_wandb": {"runtime": 408}}