{"potts/n_edges": 545, "potts/edge_density": 0.6646341463414634, "potts/J_mean_abs": 2.410081148147583, "potts/J_std": 1.9560898542404175, "_timestamp": 1773590250.5703127, "_runtime": 515.9889488220215, "_step": 21, "gt_scores/additive/std": 1.4141204252484063, "gt_scores/additive/min": -10.380922317504883, "gt_scores/additive/pct5": -6.623820447921753, "gt_scores/additive_pairwise/std": 64.18782066733304, "gt_scores/additive_pairwise/min": -478.36431884765625, "gt_scores/additive_pairwise/pct5": -259.60097351074216, "gt_scores/nonlin_additive/std": 0.14875548528076443, "gt_scores/nonlin_additive/min": -0.8106068374500198, "gt_scores/nonlin_additive/pct5": -0.7746956196886492, "gt_scores/nonlin_additive_pairwise/std": 0.0008946373444661026, "gt_scores/nonlin_additive_pairwise/min": -0.8134260444472015, "gt_scores/nonlin_additive_pairwise/pct5": -0.8134260444472015, "rho_curated/additive/additive": 0.999996528183861, "rho_random/additive/additive": 0.9999904660831198, "rho_curated/pairwise/additive": 0.998861192850393, "rho_random/pairwise/additive": 0.9987216481078979, "rho_curated/additive_GE/additive": 0.999880696835225, "rho_random/additive_GE/additive": 0.9997383351361018, "rho_curated/pairwise_GE/additive": 0.9668384271215369, "rho_random/pairwise_GE/additive": 0.9467961346319214, "rho_curated/additive/additive_pairwise": 0.9786356024414239, "rho_random/additive/additive_pairwise": 0.9626105480533128, "rho_curated/pairwise/additive_pairwise": 0.9781385860834447, "rho_random/pairwise/additive_pairwise": 0.9716792301427972, "rho_curated/additive_GE/additive_pairwise": 0.9789059864032268, "rho_random/additive_GE/additive_pairwise": 0.9681249893618123, "rho_curated/pairwise_GE/additive_pairwise": 0.9396245806315342, "rho_random/pairwise_GE/additive_pairwise": 0.9198693121979693, "rho_curated/additive/nonlin_additive": 0.9968924408515483, "rho_random/additive/nonlin_additive": 0.9960524757876371, "rho_curated/pairwise/nonlin_additive": 0.9890515244255353, "rho_random/pairwise/nonlin_additive": 0.9834921608083009, "rho_curated/additive_GE/nonlin_additive": 0.9999841293993648, "rho_random/additive_GE/nonlin_additive": 0.9999764180359055, "rho_curated/pairwise_GE/nonlin_additive": 0.984045429409817, "rho_random/pairwise_GE/nonlin_additive": 0.9805534409020602, "rho_curated/additive/nonlin_additive_pairwise": NaN, "rho_random/additive/nonlin_additive_pairwise": 0.15273958480284403, "rho_curated/pairwise/nonlin_additive_pairwise": NaN, "rho_random/pairwise/nonlin_additive_pairwise": 0.11862194779430128, "rho_curated/additive_GE/nonlin_additive_pairwise": NaN, "rho_random/additive_GE/nonlin_additive_pairwise": 0.027201327432559336, "rho_curated/pairwise_GE/nonlin_additive_pairwise": NaN, "rho_random/pairwise_GE/nonlin_additive_pairwise": -0.06527476315848262, "rho_curated_mean": 0.9842379270530759, "rho_random_mean": 0.7475558285075037, "_wandb": {"runtime": 515}}