{"potts/n_edges": 180, "potts/edge_density": 0.9473684210526315, "potts/J_mean_abs": 2.7557384967803955, "potts/J_std": 2.255680561065674, "_timestamp": 1773701434.1619754, "_runtime": 584.275913476944, "_step": 21, "gt_scores/additive/std": 1.3328169946638528, "gt_scores/additive/min": -8.54687213897705, "gt_scores/additive/pct5": -5.66396427154541, "gt_scores/additive_pairwise/std": 58.68744824959171, "gt_scores/additive_pairwise/min": -402.2994689941406, "gt_scores/additive_pairwise/pct5": -233.54635162353514, "gt_scores/nonlin_additive/std": 0.16085671890946024, "gt_scores/nonlin_additive/min": -0.7713287382205405, "gt_scores/nonlin_additive/pct5": -0.7296449659409056, "gt_scores/nonlin_additive_pairwise/std": 0.0031305788077746386, "gt_scores/nonlin_additive_pairwise/min": -0.7770133472475471, "gt_scores/nonlin_additive_pairwise/pct5": -0.7770133472475471, "rho_curated/additive/additive": 0.9999972958958914, "rho_random/additive/additive": 0.999990309147797, "rho_curated/pairwise/additive": 0.9999359455094301, "rho_random/pairwise/additive": 0.9998818635337463, "rho_curated/additive_GE/additive": 0.9999759131910336, "rho_random/additive_GE/additive": 0.9999484658983497, "rho_curated/pairwise_GE/additive": 0.993779564742287, "rho_random/pairwise_GE/additive": 0.9910373057501028, "rho_curated/additive/additive_pairwise": 0.9822273948730957, "rho_random/additive/additive_pairwise": 0.97425898380843, "rho_curated/pairwise/additive_pairwise": 0.9999317415012696, "rho_random/pairwise/additive_pairwise": 0.9998419995891478, "rho_curated/additive_GE/additive_pairwise": 0.9824444222493557, "rho_random/additive_GE/additive_pairwise": 0.9754359754359755, "rho_curated/pairwise_GE/additive_pairwise": 0.9979456685337774, "rho_random/pairwise_GE/additive_pairwise": 0.9973254630486764, "rho_curated/additive/nonlin_additive": 0.997421306240419, "rho_random/additive/nonlin_additive": 0.9968121579019783, "rho_curated/pairwise/nonlin_additive": 0.9988997822598331, "rho_random/pairwise/nonlin_additive": 0.9980815506938437, "rho_curated/additive_GE/nonlin_additive": 0.9999919008396746, "rho_random/additive_GE/nonlin_additive": 0.9999853229911675, "rho_curated/pairwise_GE/nonlin_additive": 0.9978548800339377, "rho_random/pairwise_GE/nonlin_additive": 0.9973911866409065, "rho_curated/additive/nonlin_additive_pairwise": NaN, "rho_random/additive/nonlin_additive_pairwise": 0.17204246042926996, "rho_curated/pairwise/nonlin_additive_pairwise": NaN, "rho_random/pairwise/nonlin_additive_pairwise": 0.18083707172843733, "rho_curated/additive_GE/nonlin_additive_pairwise": NaN, "rho_random/additive_GE/nonlin_additive_pairwise": 0.0856919172751911, "rho_curated/pairwise_GE/nonlin_additive_pairwise": NaN, "rho_random/pairwise_GE/nonlin_additive_pairwise": 0.1878147394976442, "rho_curated_mean": 0.9958671513225004, "rho_random_mean": 0.7847735483356665, "_wandb": {"runtime": 583}}