{"potts/n_edges": 271, "potts/edge_density": 0.9033333333333333, "potts/J_mean_abs": 2.3762664794921875, "potts/J_std": 1.88947594165802, "_timestamp": 1773538683.2404525, "_runtime": 537.3179795742035, "_step": 21, "gt_scores/additive/std": 1.1692382790629163, "gt_scores/additive/min": -8.865388870239258, "gt_scores/additive/pct5": -6.260699653625488, "gt_scores/additive_pairwise/std": 70.2966890795569, "gt_scores/additive_pairwise/min": -488.02423095703125, "gt_scores/additive_pairwise/pct5": -314.6520080566406, "gt_scores/nonlin_additive/std": 0.1299774051589443, "gt_scores/nonlin_additive/min": -0.8570875160669313, "gt_scores/nonlin_additive/pct5": -0.8319475404672109, "gt_scores/nonlin_additive_pairwise/std": 1.1652979276219014e-05, "gt_scores/nonlin_additive_pairwise/min": -0.8602126915025169, "gt_scores/nonlin_additive_pairwise/pct5": -0.8602126915025169, "rho_curated/additive/additive": 0.9999973821998951, "rho_random/additive/additive": 0.9999923266523626, "rho_curated/pairwise/additive": 0.9997796917991768, "rho_random/pairwise/additive": 0.999634875388025, "rho_curated/additive_GE/additive": 0.9999696146547828, "rho_random/additive_GE/additive": 0.9999304417654441, "rho_curated/pairwise_GE/additive": 0.9847071978035538, "rho_random/pairwise_GE/additive": 0.9719287278937079, "rho_curated/additive/additive_pairwise": 0.9850755600666643, "rho_random/additive/additive_pairwise": 0.974524977230492, "rho_curated/pairwise/additive_pairwise": 0.9995045974041603, "rho_random/pairwise/additive_pairwise": 0.9991382311382312, "rho_curated/additive_GE/additive_pairwise": 0.9849726814225466, "rho_random/additive_GE/additive_pairwise": 0.975647213417862, "rho_curated/pairwise_GE/additive_pairwise": 0.9802738741624817, "rho_random/pairwise_GE/additive_pairwise": 0.9712825302060666, "rho_curated/additive/nonlin_additive": 0.9957854359833163, "rho_random/additive/nonlin_additive": 0.9964052746076052, "rho_curated/pairwise/nonlin_additive": 0.9942808946908241, "rho_random/pairwise/nonlin_additive": 0.9881634666336053, "rho_curated/additive_GE/nonlin_additive": 0.9999787574551494, "rho_random/additive_GE/nonlin_additive": 0.9999742911146868, "rho_curated/pairwise_GE/nonlin_additive": 0.9893453544450471, "rho_random/pairwise_GE/nonlin_additive": 0.9886101165238144, "rho_curated/additive/nonlin_additive_pairwise": NaN, "rho_random/additive/nonlin_additive_pairwise": 0.04810660025385477, "rho_curated/pairwise/nonlin_additive_pairwise": NaN, "rho_random/pairwise/nonlin_additive_pairwise": 0.005952815146755365, "rho_curated/additive_GE/nonlin_additive_pairwise": NaN, "rho_random/additive_GE/nonlin_additive_pairwise": NaN, "rho_curated/pairwise_GE/nonlin_additive_pairwise": NaN, "rho_random/pairwise_GE/nonlin_additive_pairwise": 0.035461656698751974, "rho_curated_mean": 0.9928059201739666, "rho_random_mean": 0.7969835696447508, "_wandb": {"runtime": 537}}