{"potts/n_edges": 1673, "potts/edge_density": 0.9451977401129944, "potts/J_mean_abs": 4.06820821762085, "potts/J_std": 3.1810495853424072, "_timestamp": 1773423399.1557484, "_runtime": 535.2456743717194, "_step": 21, "gt_scores/additive/std": 1.5378494799327518, "gt_scores/additive/min": -10.391035079956055, "gt_scores/additive/pct5": -7.101400303840637, "gt_scores/additive_pairwise/std": 177.93931093421043, "gt_scores/additive_pairwise/min": -1310.22705078125, "gt_scores/additive_pairwise/pct5": -700.1126190185546, "gt_scores/nonlin_additive/std": 0.14945225373834564, "gt_scores/nonlin_additive/min": -0.8018450392779615, "gt_scores/nonlin_additive/pct5": -0.767099911032629, "gt_scores/nonlin_additive_pairwise/std": 0.0005835345045196199, "gt_scores/nonlin_additive_pairwise/min": -0.8066738208869829, "gt_scores/nonlin_additive_pairwise/pct5": -0.8066738208869829, "rho_curated/additive/additive": 0.9999957914798313, "rho_random/additive/additive": 0.9999859538897614, "rho_curated/pairwise/additive": 0.9989376348694035, "rho_random/pairwise/additive": 0.9988139596972254, "rho_curated/additive_GE/additive": 0.9999511716380458, "rho_random/additive_GE/additive": 0.9999046772004553, "rho_curated/pairwise_GE/additive": 0.9902918301474403, "rho_random/pairwise_GE/additive": 0.9852245604373396, "rho_curated/additive/additive_pairwise": 0.9883472633098904, "rho_random/additive/additive_pairwise": 0.9844621710084646, "rho_curated/pairwise/additive_pairwise": 0.9818901012351695, "rho_random/pairwise/additive_pairwise": 0.9761822920719103, "rho_curated/additive_GE/additive_pairwise": 0.9889336281653449, "rho_random/additive_GE/additive_pairwise": 0.9831643427720197, "rho_curated/pairwise_GE/additive_pairwise": 0.9644681813610215, "rho_random/pairwise_GE/additive_pairwise": 0.963242056874335, "rho_curated/additive/nonlin_additive": 0.9946908367633783, "rho_random/additive/nonlin_additive": 0.9937470015011161, "rho_curated/pairwise/nonlin_additive": 0.9901878558063367, "rho_random/pairwise/nonlin_additive": 0.9897355297283337, "rho_curated/additive_GE/nonlin_additive": 0.9999722493988867, "rho_random/additive_GE/nonlin_additive": 0.9999662864537255, "rho_curated/pairwise_GE/nonlin_additive": 0.9942355628891457, "rho_random/pairwise_GE/nonlin_additive": 0.9934455113206472, "rho_curated/additive/nonlin_additive_pairwise": NaN, "rho_random/additive/nonlin_additive_pairwise": NaN, "rho_curated/pairwise/nonlin_additive_pairwise": NaN, "rho_random/pairwise/nonlin_additive_pairwise": NaN, "rho_curated/additive_GE/nonlin_additive_pairwise": NaN, "rho_random/additive_GE/nonlin_additive_pairwise": NaN, "rho_curated/pairwise_GE/nonlin_additive_pairwise": NaN, "rho_random/pairwise_GE/nonlin_additive_pairwise": NaN, "rho_curated_mean": 0.9909918422553247, "rho_random_mean": 0.9889895285796112, "_wandb": {"runtime": 534}}