{"potts/n_edges": 254, "potts/edge_density": 0.8466666666666667, "potts/J_mean_abs": 2.3415565490722656, "potts/J_std": 1.9754565954208374, "_timestamp": 1773386243.4738162, "_runtime": 526.4729602336884, "_step": 21, "gt_scores/additive/std": 1.1692382790629163, "gt_scores/additive/min": -8.865388870239258, "gt_scores/additive/pct5": -6.260699653625488, "gt_scores/additive_pairwise/std": 59.01753894934193, "gt_scores/additive_pairwise/min": -394.20556640625, "gt_scores/additive_pairwise/pct5": -260.37071990966797, "gt_scores/nonlin_additive/std": 0.1299774051589443, "gt_scores/nonlin_additive/min": -0.8570875160669313, "gt_scores/nonlin_additive/pct5": -0.8319475404672109, "gt_scores/nonlin_additive_pairwise/std": 0.00019621511041087832, "gt_scores/nonlin_additive_pairwise/min": -0.8602126915025169, "gt_scores/nonlin_additive_pairwise/pct5": -0.8602126915025169, "rho_curated/additive/additive": 0.9999975621759024, "rho_random/additive/additive": 0.99999213959693, "rho_curated/pairwise/additive": 0.9997558375982276, "rho_random/pairwise/additive": 0.9995389397370515, "rho_curated/additive_GE/additive": 0.9999718157428724, "rho_random/additive_GE/additive": 0.999933541618984, "rho_curated/pairwise_GE/additive": 0.9800889314275572, "rho_random/pairwise_GE/additive": 0.9639742128197079, "rho_curated/additive/additive_pairwise": 0.978737058628972, "rho_random/additive/additive_pairwise": 0.9647131463736218, "rho_curated/pairwise/additive_pairwise": 0.9993653944706157, "rho_random/pairwise/additive_pairwise": 0.9987630686173371, "rho_curated/additive_GE/additive_pairwise": 0.9784346807918345, "rho_random/additive_GE/additive_pairwise": 0.9691118307427943, "rho_curated/pairwise_GE/additive_pairwise": 0.9755357696134306, "rho_random/pairwise_GE/additive_pairwise": 0.9622571876282163, "rho_curated/additive/nonlin_additive": 0.9950835269868692, "rho_random/additive/nonlin_additive": 0.9957720325132026, "rho_curated/pairwise/nonlin_additive": 0.993535908164971, "rho_random/pairwise/nonlin_additive": 0.9856261110189564, "rho_curated/additive_GE/nonlin_additive": 0.999982166607286, "rho_random/additive_GE/nonlin_additive": 0.9999804328258912, "rho_curated/pairwise_GE/nonlin_additive": 0.9887272021885471, "rho_random/pairwise_GE/nonlin_additive": 0.9871647831661202, "rho_curated/additive/nonlin_additive_pairwise": NaN, "rho_random/additive/nonlin_additive_pairwise": 0.0690713171449575, "rho_curated/pairwise/nonlin_additive_pairwise": NaN, "rho_random/pairwise/nonlin_additive_pairwise": 0.07594638115686306, "rho_curated/additive_GE/nonlin_additive_pairwise": NaN, "rho_random/additive_GE/nonlin_additive_pairwise": NaN, "rho_curated/pairwise_GE/nonlin_additive_pairwise": NaN, "rho_random/pairwise_GE/nonlin_additive_pairwise": 0.0738350134880196, "rho_curated_mean": 0.9907679878664237, "rho_random_mean": 0.8030453425632434, "_wandb": {"runtime": 526}}