{"potts/n_edges": 150, "potts/edge_density": 0.7894736842105263, "potts/J_mean_abs": 4.038715839385986, "potts/J_std": 3.6017136573791504, "_timestamp": 1773612709.3385332, "_runtime": 494.0049612522125, "_step": 21, "gt_scores/additive/std": 1.426379881017352, "gt_scores/additive/min": -10.008467674255371, "gt_scores/additive/pct5": -7.166622185707093, "gt_scores/additive_pairwise/std": 85.62613045157552, "gt_scores/additive_pairwise/min": -577.073974609375, "gt_scores/additive_pairwise/pct5": -420.1217041015625, "gt_scores/nonlin_additive/std": 0.13946177757028871, "gt_scores/nonlin_additive/min": -0.8313426784103302, "gt_scores/nonlin_additive/pct5": -0.8034810610065, "gt_scores/nonlin_additive_pairwise/std": 2.51214793389404e-17, "gt_scores/nonlin_additive_pairwise/min": -0.8358896588447285, "gt_scores/nonlin_additive_pairwise/pct5": -0.8358896588447285, "rho_curated/additive/additive": 0.9999974450078977, "rho_random/additive/additive": 0.9999923054511823, "rho_curated/pairwise/additive": 0.9999409743016388, "rho_random/pairwise/additive": 0.9998746271356562, "rho_curated/additive_GE/additive": 0.999976778943071, "rho_random/additive_GE/additive": 0.9999511880323704, "rho_curated/pairwise_GE/additive": 0.9985125917805036, "rho_random/pairwise_GE/additive": 0.9975041006989015, "rho_curated/additive/additive_pairwise": 0.9733029139474759, "rho_random/additive/additive_pairwise": 0.9475257683996732, "rho_curated/pairwise/additive_pairwise": 0.9999386004855426, "rho_random/pairwise/additive_pairwise": 0.9998895588164786, "rho_curated/additive_GE/additive_pairwise": 0.972951560388764, "rho_random/additive_GE/additive_pairwise": 0.9567377877577051, "rho_curated/pairwise_GE/additive_pairwise": 0.9919789461431577, "rho_random/pairwise_GE/additive_pairwise": 0.9895649247546351, "rho_curated/additive/nonlin_additive": 0.9964979438356655, "rho_random/additive/nonlin_additive": 0.995332820475945, "rho_curated/pairwise/nonlin_additive": 0.9982826438831408, "rho_random/pairwise/nonlin_additive": 0.9966204914446647, "rho_curated/additive_GE/nonlin_additive": 0.9999866692714657, "rho_random/additive_GE/nonlin_additive": 0.9999833588565985, "rho_curated/pairwise_GE/nonlin_additive": 0.9969944101354876, "rho_random/pairwise_GE/nonlin_additive": 0.9969519098256572, "rho_curated/additive/nonlin_additive_pairwise": NaN, "rho_random/additive/nonlin_additive_pairwise": NaN, "rho_curated/pairwise/nonlin_additive_pairwise": NaN, "rho_random/pairwise/nonlin_additive_pairwise": NaN, "rho_curated/additive_GE/nonlin_additive_pairwise": NaN, "rho_random/additive_GE/nonlin_additive_pairwise": NaN, "rho_curated/pairwise_GE/nonlin_additive_pairwise": NaN, "rho_random/pairwise_GE/nonlin_additive_pairwise": NaN, "rho_curated_mean": 0.9940301231769842, "rho_random_mean": 0.9899940701374557, "_wandb": {"runtime": 493}}