{"potts/n_edges": 239, "potts/edge_density": 0.7966666666666666, "potts/J_mean_abs": 3.7906906604766846, "potts/J_std": 3.3832550048828125, "_timestamp": 1773696255.0676785, "_runtime": 416.23459553718567, "_step": 21, "gt_scores/additive/std": 1.1398200883094438, "gt_scores/additive/min": -9.020009994506836, "gt_scores/additive/pct5": -6.03385751247406, "gt_scores/additive_pairwise/std": 83.8079346829057, "gt_scores/additive_pairwise/min": -591.5979614257812, "gt_scores/additive_pairwise/pct5": -370.97020263671874, "gt_scores/nonlin_additive/std": 0.13291535666614748, "gt_scores/nonlin_additive/min": -0.8512857583768847, "gt_scores/nonlin_additive/pct5": -0.8249976913530378, "gt_scores/nonlin_additive_pairwise/std": 5.688553717749111e-09, "gt_scores/nonlin_additive_pairwise/min": -0.853410595172368, "gt_scores/nonlin_additive_pairwise/pct5": -0.853410595172368, "rho_curated/additive/additive": 0.9999974319758972, "rho_random/additive/additive": 0.9999918622440679, "rho_curated/pairwise/additive": 0.9997247755969711, "rho_random/pairwise/additive": 0.9994229211962681, "rho_curated/additive_GE/additive": 0.9999805400792205, "rho_random/additive_GE/additive": 0.9999509337078598, "rho_curated/pairwise_GE/additive": 0.9819559685160735, "rho_random/pairwise_GE/additive": 0.9691137338865055, "rho_curated/additive/additive_pairwise": 0.970119952916798, "rho_random/additive/additive_pairwise": 0.9526093900693012, "rho_curated/pairwise/additive_pairwise": 0.9992005133360014, "rho_random/pairwise/additive_pairwise": 0.9987218147452471, "rho_curated/additive_GE/additive_pairwise": 0.9707419571976781, "rho_random/additive_GE/additive_pairwise": 0.9574397707421534, "rho_curated/pairwise_GE/additive_pairwise": 0.9760941818586196, "rho_random/pairwise_GE/additive_pairwise": 0.9646552436048929, "rho_curated/additive/nonlin_additive": 0.9965893340390823, "rho_random/additive/nonlin_additive": 0.9969611423792359, "rho_curated/pairwise/nonlin_additive": 0.9945290967007699, "rho_random/pairwise/nonlin_additive": 0.9879903942359637, "rho_curated/additive_GE/nonlin_additive": NaN, "rho_random/additive_GE/nonlin_additive": NaN, "rho_curated/pairwise_GE/nonlin_additive": 0.9894278715601003, "rho_random/pairwise_GE/nonlin_additive": 0.9872239241012273, "rho_curated/additive/nonlin_additive_pairwise": NaN, "rho_random/additive/nonlin_additive_pairwise": NaN, "rho_curated/pairwise/nonlin_additive_pairwise": NaN, "rho_random/pairwise/nonlin_additive_pairwise": NaN, "rho_curated/additive_GE/nonlin_additive_pairwise": NaN, "rho_random/additive_GE/nonlin_additive_pairwise": NaN, "rho_curated/pairwise_GE/nonlin_additive_pairwise": NaN, "rho_random/pairwise_GE/nonlin_additive_pairwise": NaN, "rho_curated_mean": 0.9889419657979283, "rho_random_mean": 0.9830982846284293, "_wandb": {"runtime": 415}}