{"potts/n_edges": 246, "potts/edge_density": 0.82, "potts/J_mean_abs": 3.0412821769714355, "potts/J_std": 2.556100845336914, "_timestamp": 1773677365.8787603, "_runtime": 519.5604383945465, "_step": 21, "gt_scores/additive/std": 1.3248437107940993, "gt_scores/additive/min": -8.832763671875, "gt_scores/additive/pct5": -6.012066531181335, "gt_scores/additive_pairwise/std": 58.8425701707987, "gt_scores/additive_pairwise/min": -445.895751953125, "gt_scores/additive_pairwise/pct5": -222.18197326660157, "gt_scores/nonlin_additive/std": 0.15375831462288475, "gt_scores/nonlin_additive/min": -0.7960807527928047, "gt_scores/nonlin_additive/pct5": -0.7598627144532697, "gt_scores/nonlin_additive_pairwise/std": 0.004695513885047292, "gt_scores/nonlin_additive_pairwise/min": -0.8011811168353298, "gt_scores/nonlin_additive_pairwise/pct5": -0.8011811168353298, "rho_curated/additive/additive": 0.9999974497838978, "rho_random/additive/additive": 0.9999919932953549, "rho_curated/pairwise/additive": 0.999753572262119, "rho_random/pairwise/additive": 0.9995621483193479, "rho_curated/additive_GE/additive": 0.9999602850144086, "rho_random/additive_GE/additive": 0.9999198913095511, "rho_curated/pairwise_GE/additive": 0.9829872950702669, "rho_random/pairwise_GE/additive": 0.9735858821793862, "rho_curated/additive/additive_pairwise": 0.9758529933689608, "rho_random/additive/additive_pairwise": 0.9625784164714833, "rho_curated/pairwise/additive_pairwise": 0.999096797283807, "rho_random/pairwise/additive_pairwise": 0.9986559812388417, "rho_curated/additive_GE/additive_pairwise": 0.9760609072727127, "rho_random/additive_GE/additive_pairwise": 0.9586721695578635, "rho_curated/pairwise_GE/additive_pairwise": 0.9799187464117861, "rho_random/pairwise_GE/additive_pairwise": 0.973258579108917, "rho_curated/additive/nonlin_additive": 0.9979873390154453, "rho_random/additive/nonlin_additive": 0.9974617604368011, "rho_curated/pairwise/nonlin_additive": 0.9962085172401586, "rho_random/pairwise/nonlin_additive": 0.9929241298301243, "rho_curated/additive_GE/nonlin_additive": 0.9999888250235524, "rho_random/additive_GE/nonlin_additive": 0.9999837658887943, "rho_curated/pairwise_GE/nonlin_additive": 0.9922761032106733, "rho_random/pairwise_GE/nonlin_additive": 0.9885780567657777, "rho_curated/additive/nonlin_additive_pairwise": 0.41070951146673373, "rho_random/additive/nonlin_additive_pairwise": 0.24738539998614278, "rho_curated/pairwise/nonlin_additive_pairwise": 0.46295131837082276, "rho_random/pairwise/nonlin_additive_pairwise": 0.2846472883306683, "rho_curated/additive_GE/nonlin_additive_pairwise": NaN, "rho_random/additive_GE/nonlin_additive_pairwise": NaN, "rho_curated/pairwise_GE/nonlin_additive_pairwise": 0.4240955601062829, "rho_random/pairwise_GE/nonlin_additive_pairwise": 0.27579921791682743, "rho_curated_mean": 0.8798563480601086, "rho_random_mean": 0.8435336453757254, "_wandb": {"runtime": 519}}