{"potts/n_edges": 157, "potts/edge_density": 0.8263157894736842, "potts/J_mean_abs": 3.0762200355529785, "potts/J_std": 2.469923734664917, "_timestamp": 1773422283.578529, "_runtime": 484.17692279815674, "_step": 21, "gt_scores/additive/std": 1.210202704410808, "gt_scores/additive/min": -8.911455154418945, "gt_scores/additive/pct5": -6.663809275627136, "gt_scores/additive_pairwise/std": 73.21182625478724, "gt_scores/additive_pairwise/min": -516.2133178710938, "gt_scores/additive_pairwise/pct5": -364.8576965332031, "gt_scores/nonlin_additive/std": 0.125785236402486, "gt_scores/nonlin_additive/min": -0.8664681453126024, "gt_scores/nonlin_additive/pct5": -0.8440971430509998, "gt_scores/nonlin_additive_pairwise/std": 3.221522884547262e-14, "gt_scores/nonlin_additive_pairwise/min": -0.8707194432537088, "gt_scores/nonlin_additive_pairwise/pct5": -0.8707194432537088, "rho_curated/additive/additive": 0.9999979517439183, "rho_random/additive/additive": 0.9999936824906865, "rho_curated/pairwise/additive": 0.999941541421659, "rho_random/pairwise/additive": 0.9998912038425809, "rho_curated/additive_GE/additive": 0.9999839629113572, "rho_random/additive_GE/additive": 0.9999637539974009, "rho_curated/pairwise_GE/additive": 0.999063744122505, "rho_random/pairwise_GE/additive": 0.998391632821043, "rho_curated/additive/additive_pairwise": 0.9822668160022471, "rho_random/additive/additive_pairwise": 0.9653510874695891, "rho_curated/pairwise/additive_pairwise": 0.9999453445338098, "rho_random/pairwise/additive_pairwise": 0.9998790932833095, "rho_curated/additive_GE/additive_pairwise": 0.9825084375479176, "rho_random/additive_GE/additive_pairwise": 0.9686732676761456, "rho_curated/pairwise_GE/additive_pairwise": 0.9914419619366517, "rho_random/pairwise_GE/additive_pairwise": 0.9874766742999452, "rho_curated/additive/nonlin_additive": 0.9943630270859797, "rho_random/additive/nonlin_additive": 0.9946433753350797, "rho_curated/pairwise/nonlin_additive": 0.9982144265684054, "rho_random/pairwise/nonlin_additive": 0.9934944256070928, "rho_curated/additive_GE/nonlin_additive": 0.9999868886554747, "rho_random/additive_GE/nonlin_additive": 0.999985170968834, "rho_curated/pairwise_GE/nonlin_additive": 0.997817541000492, "rho_random/pairwise_GE/nonlin_additive": 0.9977414560952739, "rho_curated/additive/nonlin_additive_pairwise": NaN, "rho_random/additive/nonlin_additive_pairwise": NaN, "rho_curated/pairwise/nonlin_additive_pairwise": NaN, "rho_random/pairwise/nonlin_additive_pairwise": NaN, "rho_curated/additive_GE/nonlin_additive_pairwise": NaN, "rho_random/additive_GE/nonlin_additive_pairwise": NaN, "rho_curated/pairwise_GE/nonlin_additive_pairwise": NaN, "rho_random/pairwise_GE/nonlin_additive_pairwise": NaN, "rho_curated_mean": 0.9954609702942014, "rho_random_mean": 0.9921237353239151, "_wandb": {"runtime": 483}}