{"potts/n_edges": 160, "potts/edge_density": 0.8421052631578947, "potts/J_mean_abs": 2.7121646404266357, "potts/J_std": 2.1665213108062744, "_timestamp": 1773473731.9626067, "_runtime": 551.4887037277222, "_step": 21, "gt_scores/additive/std": 1.426379881017352, "gt_scores/additive/min": -10.008467674255371, "gt_scores/additive/pct5": -7.166622185707093, "gt_scores/additive_pairwise/std": 62.07536518537789, "gt_scores/additive_pairwise/min": -420.6851501464844, "gt_scores/additive_pairwise/pct5": -306.10511627197263, "gt_scores/nonlin_additive/std": 0.13946177757028871, "gt_scores/nonlin_additive/min": -0.8313426784103302, "gt_scores/nonlin_additive/pct5": -0.8034810610065, "gt_scores/nonlin_additive_pairwise/std": 2.223817589121475e-13, "gt_scores/nonlin_additive_pairwise/min": -0.8358896588447285, "gt_scores/nonlin_additive_pairwise/pct5": -0.8358896588447285, "rho_curated/additive/additive": 0.9999974937278995, "rho_random/additive/additive": 0.9999915848954243, "rho_curated/pairwise/additive": 0.9999428144537085, "rho_random/pairwise/additive": 0.999881234925415, "rho_curated/additive_GE/additive": 0.9999867771034704, "rho_random/additive_GE/additive": 0.9999687890827157, "rho_curated/pairwise_GE/additive": 0.9991648396865334, "rho_random/pairwise_GE/additive": 0.9984304666794285, "rho_curated/additive/additive_pairwise": 0.9789427259866766, "rho_random/additive/additive_pairwise": 0.9645781091850504, "rho_curated/pairwise/additive_pairwise": 0.9999358992374254, "rho_random/pairwise/additive_pairwise": 0.9998733542292247, "rho_curated/additive_GE/additive_pairwise": 0.9793336981218762, "rho_random/additive_GE/additive_pairwise": 0.9685387539737228, "rho_curated/pairwise_GE/additive_pairwise": 0.9990218639047104, "rho_random/pairwise_GE/additive_pairwise": 0.9984660656195553, "rho_curated/additive/nonlin_additive": 0.9962359344813471, "rho_random/additive/nonlin_additive": 0.9952103704678553, "rho_curated/pairwise/nonlin_additive": 0.9985264151089861, "rho_random/pairwise/nonlin_additive": 0.9968623141331951, "rho_curated/additive_GE/nonlin_additive": 0.9999820941992825, "rho_random/additive_GE/nonlin_additive": 0.9999808654576883, "rho_curated/pairwise_GE/nonlin_additive": 0.9991914238635987, "rho_random/pairwise_GE/nonlin_additive": 0.9991541505443361, "rho_curated/additive/nonlin_additive_pairwise": NaN, "rho_random/additive/nonlin_additive_pairwise": NaN, "rho_curated/pairwise/nonlin_additive_pairwise": NaN, "rho_random/pairwise/nonlin_additive_pairwise": NaN, "rho_curated/additive_GE/nonlin_additive_pairwise": NaN, "rho_random/additive_GE/nonlin_additive_pairwise": NaN, "rho_curated/pairwise_GE/nonlin_additive_pairwise": NaN, "rho_random/pairwise_GE/nonlin_additive_pairwise": NaN, "rho_curated_mean": 0.9958551649896261, "rho_random_mean": 0.9934113382661343, "_wandb": {"runtime": 551}}