{"potts/n_edges": 469, "potts/edge_density": 0.788235294117647, "potts/J_mean_abs": 2.7171549797058105, "potts/J_std": 2.2130959033966064, "_timestamp": 1773420282.9044635, "_runtime": 538.0653865337372, "_step": 21, "gt_scores/additive/std": 1.3842610764793362, "gt_scores/additive/min": -11.451440811157227, "gt_scores/additive/pct5": -7.0325216293334964, "gt_scores/additive_pairwise/std": 81.53306464890561, "gt_scores/additive_pairwise/min": -552.5645141601562, "gt_scores/additive_pairwise/pct5": -334.9942855834961, "gt_scores/nonlin_additive/std": 0.13690464032538527, "gt_scores/nonlin_additive/min": -0.8426039102770062, "gt_scores/nonlin_additive/pct5": -0.8114426650877217, "gt_scores/nonlin_additive_pairwise/std": 1.327288579977244e-05, "gt_scores/nonlin_additive_pairwise/min": -0.8439837195431337, "gt_scores/nonlin_additive_pairwise/pct5": -0.8439837195431337, "rho_curated/additive/additive": 0.9999968480318737, "rho_random/additive/additive": 0.9999897762186658, "rho_curated/pairwise/additive": 0.9989944497837777, "rho_random/pairwise/additive": 0.9985863267104637, "rho_curated/additive_GE/additive": 0.9999723532948926, "rho_random/additive_GE/additive": 0.9999434486808115, "rho_curated/pairwise_GE/additive": 0.9655140870277359, "rho_random/pairwise_GE/additive": 0.9332463726546668, "rho_curated/additive/additive_pairwise": 0.9830529863613059, "rho_random/additive/additive_pairwise": 0.9703055547634315, "rho_curated/pairwise/additive_pairwise": 0.9849222052201644, "rho_random/pairwise/additive_pairwise": 0.978778375910661, "rho_curated/additive_GE/additive_pairwise": 0.9833387234615488, "rho_random/additive_GE/additive_pairwise": 0.9750472574147292, "rho_curated/pairwise_GE/additive_pairwise": 0.9475440215312428, "rho_random/pairwise_GE/additive_pairwise": 0.9262709578991944, "rho_curated/additive/nonlin_additive": 0.9959200567640191, "rho_random/additive/nonlin_additive": 0.996091253581914, "rho_curated/pairwise/nonlin_additive": 0.9879556254364906, "rho_random/pairwise/nonlin_additive": 0.9817242601743701, "rho_curated/additive_GE/nonlin_additive": 0.999986338839452, "rho_random/additive_GE/nonlin_additive": 0.9999799850543766, "rho_curated/pairwise_GE/nonlin_additive": 0.9805694751889137, "rho_random/pairwise_GE/nonlin_additive": 0.9766381763961993, "rho_curated/additive/nonlin_additive_pairwise": NaN, "rho_random/additive/nonlin_additive_pairwise": 0.05225939850484501, "rho_curated/pairwise/nonlin_additive_pairwise": NaN, "rho_random/pairwise/nonlin_additive_pairwise": 0.07955744111664893, "rho_curated/additive_GE/nonlin_additive_pairwise": NaN, "rho_random/additive_GE/nonlin_additive_pairwise": NaN, "rho_curated/pairwise_GE/nonlin_additive_pairwise": NaN, "rho_random/pairwise_GE/nonlin_additive_pairwise": 0.033730094797128934, "rho_curated_mean": 0.9856472642451181, "rho_random_mean": 0.7934765786585404, "_wandb": {"runtime": 537}}