{"potts/n_edges": 94, "potts/edge_density": 0.8952380952380953, "potts/J_mean_abs": 2.7909505367279053, "potts/J_std": 2.199526309967041, "_timestamp": 1773503652.5692887, "_runtime": 517.8436417579651, "_step": 21, "gt_scores/additive/std": 0.9557475539592777, "gt_scores/additive/min": -7.033940315246582, "gt_scores/additive/pct5": -5.159853672981262, "gt_scores/additive_pairwise/std": 35.609593559493355, "gt_scores/additive_pairwise/min": -331.32525634765625, "gt_scores/additive_pairwise/pct5": -266.0696258544922, "gt_scores/nonlin_additive/std": 0.1307311439252841, "gt_scores/nonlin_additive/min": -0.8613129322410867, "gt_scores/nonlin_additive/pct5": -0.8371371284084792, "gt_scores/nonlin_additive_pairwise/std": 1.1102230246251565e-16, "gt_scores/nonlin_additive_pairwise/min": -0.8653877661321029, "gt_scores/nonlin_additive_pairwise/pct5": -0.8653877661321029, "rho_curated/additive/additive": 0.9999986552319462, "rho_random/additive/additive": 0.9999961111012932, "rho_curated/pairwise/additive": 0.9999786300871437, "rho_random/pairwise/additive": 0.9999512449539913, "rho_curated/additive_GE/additive": 0.9999710049028381, "rho_random/additive_GE/additive": 0.9999431981344454, "rho_curated/pairwise_GE/additive": 0.9997634120465195, "rho_random/pairwise_GE/additive": 0.99960897527616, "rho_curated/additive/additive_pairwise": 0.9414218410272504, "rho_random/additive/additive_pairwise": 0.9075989702579882, "rho_curated/pairwise/additive_pairwise": 0.9999692369907682, "rho_random/pairwise/additive_pairwise": 0.9999415891823177, "rho_curated/additive_GE/additive_pairwise": 0.9420119585483031, "rho_random/additive_GE/additive_pairwise": 0.9016330536442564, "rho_curated/pairwise_GE/additive_pairwise": 0.9996114049444378, "rho_random/pairwise_GE/additive_pairwise": 0.9995139981092113, "rho_curated/additive/nonlin_additive": 0.9963112706280082, "rho_random/additive/nonlin_additive": 0.9970197587567411, "rho_curated/pairwise/nonlin_additive": 0.9991732813268521, "rho_random/pairwise/nonlin_additive": 0.9968724780944375, "rho_curated/additive_GE/nonlin_additive": NaN, "rho_random/additive_GE/nonlin_additive": NaN, "rho_curated/pairwise_GE/nonlin_additive": 0.9996792484351392, "rho_random/pairwise_GE/nonlin_additive": 0.9996919824937394, "rho_curated/additive/nonlin_additive_pairwise": NaN, "rho_random/additive/nonlin_additive_pairwise": NaN, "rho_curated/pairwise/nonlin_additive_pairwise": NaN, "rho_random/pairwise/nonlin_additive_pairwise": NaN, "rho_curated/additive_GE/nonlin_additive_pairwise": NaN, "rho_random/additive_GE/nonlin_additive_pairwise": NaN, "rho_curated/pairwise_GE/nonlin_additive_pairwise": NaN, "rho_random/pairwise_GE/nonlin_additive_pairwise": NaN, "rho_curated_mean": 0.9888990858335642, "rho_random_mean": 0.981979214545871, "_wandb": {"runtime": 517}}