{"potts/n_edges": 385, "potts/edge_density": 0.4695121951219512, "potts/J_mean_abs": 2.6139166355133057, "potts/J_std": 2.096055030822754, "_timestamp": 1773493502.7295659, "_runtime": 498.7259659767151, "_step": 21, "gt_scores/additive/std": 1.1860614228345705, "gt_scores/additive/min": -9.174449920654297, "gt_scores/additive/pct5": -5.963141226768494, "gt_scores/additive_pairwise/std": 48.09547835561459, "gt_scores/additive_pairwise/min": -366.3083801269531, "gt_scores/additive_pairwise/pct5": -191.72455215454102, "gt_scores/nonlin_additive/std": 0.13932092218207864, "gt_scores/nonlin_additive/min": -0.8387769497608178, "gt_scores/nonlin_additive/pct5": -0.8075601255595296, "gt_scores/nonlin_additive_pairwise/std": 0.010909922918710006, "gt_scores/nonlin_additive_pairwise/min": -0.8410853302405211, "gt_scores/nonlin_additive_pairwise/pct5": -0.8410853302405211, "rho_curated/additive/additive": 0.999996325359853, "rho_random/additive/additive": 0.9999884998871756, "rho_curated/pairwise/additive": 0.9989352280053583, "rho_random/pairwise/additive": 0.9984020728612418, "rho_curated/additive_GE/additive": 0.9999655982786215, "rho_random/additive_GE/additive": 0.9999257362289646, "rho_curated/pairwise_GE/additive": 0.9714782032097593, "rho_random/pairwise_GE/additive": 0.9479319550246579, "rho_curated/additive/additive_pairwise": 0.9663436978929402, "rho_random/additive/additive_pairwise": 0.9367982961841044, "rho_curated/pairwise/additive_pairwise": 0.9723559388289108, "rho_random/pairwise/additive_pairwise": 0.9550149631554952, "rho_curated/additive_GE/additive_pairwise": 0.9667510067092424, "rho_random/additive_GE/additive_pairwise": 0.9499580483083588, "rho_curated/pairwise_GE/additive_pairwise": 0.9330207299447918, "rho_random/pairwise_GE/additive_pairwise": 0.9099493475407107, "rho_curated/additive/nonlin_additive": 0.9964858338430962, "rho_random/additive/nonlin_additive": 0.996454078329821, "rho_curated/pairwise/nonlin_additive": 0.9868707867785164, "rho_random/pairwise/nonlin_additive": 0.984344367828341, "rho_curated/additive_GE/nonlin_additive": 0.9999784813831387, "rho_random/additive_GE/nonlin_additive": 0.9999684834952338, "rho_curated/pairwise_GE/nonlin_additive": 0.9810919902272258, "rho_random/pairwise_GE/nonlin_additive": 0.9770522242024554, "rho_curated/additive/nonlin_additive_pairwise": NaN, "rho_random/additive/nonlin_additive_pairwise": 0.1398020683944382, "rho_curated/pairwise/nonlin_additive_pairwise": NaN, "rho_random/pairwise/nonlin_additive_pairwise": 0.19393348156202952, "rho_curated/additive_GE/nonlin_additive_pairwise": NaN, "rho_random/additive_GE/nonlin_additive_pairwise": NaN, "rho_curated/pairwise_GE/nonlin_additive_pairwise": NaN, "rho_random/pairwise_GE/nonlin_additive_pairwise": 0.12421540999717591, "rho_curated_mean": 0.981106151705121, "rho_random_mean": 0.8075826022000135, "_wandb": {"runtime": 498}}