{"potts/n_edges": 45, "potts/edge_density": 0.42857142857142855, "potts/J_mean_abs": 4.050571441650391, "potts/J_std": 3.1997127532958984, "_timestamp": 1773477835.663986, "_runtime": 526.0423469543457, "_step": 21, "gt_scores/additive/std": 0.9557475539592777, "gt_scores/additive/min": -7.033940315246582, "gt_scores/additive/pct5": -5.159853672981262, "gt_scores/additive_pairwise/std": 28.641088627032172, "gt_scores/additive_pairwise/min": -225.91966247558594, "gt_scores/additive_pairwise/pct5": -186.61146850585936, "gt_scores/nonlin_additive/std": 0.1307311439252841, "gt_scores/nonlin_additive/min": -0.8613129322410867, "gt_scores/nonlin_additive/pct5": -0.8371371284084792, "gt_scores/nonlin_additive_pairwise/std": 1.1105560415874904e-16, "gt_scores/nonlin_additive_pairwise/min": -0.8653877661321029, "gt_scores/nonlin_additive_pairwise/pct5": -0.8653877661321029, "rho_curated/additive/additive": 0.9999988411839533, "rho_random/additive/additive": 0.999995621074861, "rho_curated/pairwise/additive": 0.9999758259030318, "rho_random/pairwise/additive": 0.9999463828568701, "rho_curated/additive_GE/additive": 0.9999865479274603, "rho_random/additive_GE/additive": 0.9999691114680335, "rho_curated/pairwise_GE/additive": 0.9997431571737139, "rho_random/pairwise_GE/additive": 0.9995619735666277, "rho_curated/additive/additive_pairwise": 0.9103088523775912, "rho_random/additive/additive_pairwise": 0.8383517545601712, "rho_curated/pairwise/additive_pairwise": 0.9999657929186293, "rho_random/pairwise/additive_pairwise": 0.9999188475045161, "rho_curated/additive_GE/additive_pairwise": NaN, "rho_random/additive_GE/additive_pairwise": NaN, "rho_curated/pairwise_GE/additive_pairwise": 0.9996110115364033, "rho_random/pairwise_GE/additive_pairwise": 0.9993662640596507, "rho_curated/additive/nonlin_additive": 0.9967126213961103, "rho_random/additive/nonlin_additive": 0.9970083618346828, "rho_curated/pairwise/nonlin_additive": 0.9991866036553665, "rho_random/pairwise/nonlin_additive": 0.9965135608636287, "rho_curated/additive_GE/nonlin_additive": 0.9999887820395499, "rho_random/additive_GE/nonlin_additive": 0.9999867374722095, "rho_curated/pairwise_GE/nonlin_additive": 0.9996050185441441, "rho_random/pairwise_GE/nonlin_additive": 0.999648144837967, "rho_curated/additive/nonlin_additive_pairwise": NaN, "rho_random/additive/nonlin_additive_pairwise": NaN, "rho_curated/pairwise/nonlin_additive_pairwise": NaN, "rho_random/pairwise/nonlin_additive_pairwise": NaN, "rho_curated/additive_GE/nonlin_additive_pairwise": NaN, "rho_random/additive_GE/nonlin_additive_pairwise": NaN, "rho_curated/pairwise_GE/nonlin_additive_pairwise": NaN, "rho_random/pairwise_GE/nonlin_additive_pairwise": NaN, "rho_curated_mean": 0.9913711867869051, "rho_random_mean": 0.9845697054635653, "_wandb": {"runtime": 525}}