{"potts/n_edges": 257, "potts/edge_density": 0.4319327731092437, "potts/J_mean_abs": 1.6353152990341187, "potts/J_std": 1.5205845832824707, "_timestamp": 1773416050.2082636, "_runtime": 486.58948969841003, "_step": 21, "gt_scores/additive/std": 0.8317332348513757, "gt_scores/additive/min": -6.750481605529785, "gt_scores/additive/pct5": -2.856691825389862, "gt_scores/additive_pairwise/std": 6.832273486186179, "gt_scores/additive_pairwise/min": -56.120643615722656, "gt_scores/additive_pairwise/pct5": -20.04412212371826, "gt_scores/nonlin_additive/std": 0.17994177614780715, "gt_scores/nonlin_additive/min": -0.6887291607212336, "gt_scores/nonlin_additive/pct5": -0.6226185479125796, "gt_scores/nonlin_additive_pairwise/std": 0.21823630009793454, "gt_scores/nonlin_additive_pairwise/min": -0.6893916220567825, "gt_scores/nonlin_additive_pairwise/pct5": -0.6893916219809081, "rho_curated/additive/additive": 0.9999972132866423, "rho_random/additive/additive": 0.9999922604821128, "rho_curated/pairwise/additive": 0.9989036340937073, "rho_random/pairwise/additive": 0.9989837358372953, "rho_curated/additive_GE/additive": 0.999979061045597, "rho_random/additive_GE/additive": 0.999948740329694, "rho_curated/pairwise_GE/additive": 0.9866854371650111, "rho_random/pairwise_GE/additive": 0.985757276064793, "rho_curated/additive/additive_pairwise": 0.8460416010802577, "rho_random/additive/additive_pairwise": 0.8476753855178071, "rho_curated/pairwise/additive_pairwise": 0.8756545680165626, "rho_random/pairwise/additive_pairwise": 0.8963067837884774, "rho_curated/additive_GE/additive_pairwise": 0.8397028960620808, "rho_random/additive_GE/additive_pairwise": 0.8720527656929193, "rho_curated/pairwise_GE/additive_pairwise": 0.8728395485307682, "rho_random/pairwise_GE/additive_pairwise": 0.8830785228355489, "rho_curated/additive/nonlin_additive": 0.9980692776557135, "rho_random/additive/nonlin_additive": 0.9972535312711551, "rho_curated/pairwise/nonlin_additive": 0.9953154371169954, "rho_random/pairwise/nonlin_additive": 0.9929287617157242, "rho_curated/additive_GE/nonlin_additive": 0.9999824016260446, "rho_random/additive_GE/nonlin_additive": 0.9999662770672293, "rho_curated/pairwise_GE/nonlin_additive": 0.9956253610769, "rho_random/pairwise_GE/nonlin_additive": 0.9931328054906968, "rho_curated/additive/nonlin_additive_pairwise": 0.7092070101915527, "rho_random/additive/nonlin_additive_pairwise": 0.8489010423162023, "rho_curated/pairwise/nonlin_additive_pairwise": 0.746509387429103, "rho_random/pairwise/nonlin_additive_pairwise": 0.8601401305002575, "rho_curated/additive_GE/nonlin_additive_pairwise": 0.6752645318322014, "rho_random/additive_GE/nonlin_additive_pairwise": 0.8505445049712909, "rho_curated/pairwise_GE/nonlin_additive_pairwise": 0.7621307271485239, "rho_random/pairwise_GE/nonlin_additive_pairwise": 0.8770261926461439, "rho_curated_mean": 0.8938692558348538, "rho_random_mean": 0.9314805447829593, "_wandb": {"runtime": 486}}