{"potts/n_edges": 99, "potts/edge_density": 0.9428571428571428, "potts/J_mean_abs": 3.231010675430298, "potts/J_std": 2.6242213249206543, "_timestamp": 1773587574.0153055, "_runtime": 561.264972448349, "_step": 21, "gt_scores/additive/std": 0.7478419753922801, "gt_scores/additive/min": -4.990938663482666, "gt_scores/additive/pct5": -3.301434588432312, "gt_scores/additive_pairwise/std": 54.685295500931886, "gt_scores/additive_pairwise/min": -352.18212890625, "gt_scores/additive_pairwise/pct5": -237.51664657592772, "gt_scores/nonlin_additive/std": 0.15626632297714066, "gt_scores/nonlin_additive/min": -0.7844779057526228, "gt_scores/nonlin_additive/pct5": -0.7458549698064931, "gt_scores/nonlin_additive_pairwise/std": 3.798662642040184e-10, "gt_scores/nonlin_additive_pairwise/min": -0.7891859569495114, "gt_scores/nonlin_additive_pairwise/pct5": -0.7891859569495114, "rho_curated/additive/additive": 0.9999975773679027, "rho_random/additive/additive": 0.9999905232632035, "rho_curated/pairwise/additive": 0.9999761236950417, "rho_random/pairwise/additive": 0.999934408125, "rho_curated/additive_GE/additive": 0.9999819183272746, "rho_random/additive_GE/additive": 0.9999604955678345, "rho_curated/pairwise_GE/additive": 0.9995380587814561, "rho_random/pairwise_GE/additive": 0.9991718267563366, "rho_curated/additive/additive_pairwise": 0.9781710452463178, "rho_random/additive/additive_pairwise": 0.963326574063936, "rho_curated/pairwise/additive_pairwise": 0.99997428409497, "rho_random/pairwise/additive_pairwise": 0.9999443096469184, "rho_curated/additive_GE/additive_pairwise": 0.9780910357231156, "rho_random/additive_GE/additive_pairwise": 0.9661126148880624, "rho_curated/pairwise_GE/additive_pairwise": 0.9996101777764069, "rho_random/pairwise_GE/additive_pairwise": 0.9993949171351163, "rho_curated/additive/nonlin_additive": 0.99809122244342, "rho_random/additive/nonlin_additive": 0.9974443063208722, "rho_curated/pairwise/nonlin_additive": 0.999644176897733, "rho_random/pairwise/nonlin_additive": 0.9991215616107058, "rho_curated/additive_GE/nonlin_additive": 0.9999934019917354, "rho_random/additive_GE/nonlin_additive": 0.9999887428786689, "rho_curated/pairwise_GE/nonlin_additive": 0.9998180726247012, "rho_random/pairwise_GE/nonlin_additive": 0.9997493052071258, "rho_curated/additive/nonlin_additive_pairwise": NaN, "rho_random/additive/nonlin_additive_pairwise": NaN, "rho_curated/pairwise/nonlin_additive_pairwise": NaN, "rho_random/pairwise/nonlin_additive_pairwise": NaN, "rho_curated/additive_GE/nonlin_additive_pairwise": NaN, "rho_random/additive_GE/nonlin_additive_pairwise": NaN, "rho_curated/pairwise_GE/nonlin_additive_pairwise": NaN, "rho_random/pairwise_GE/nonlin_additive_pairwise": NaN, "rho_curated_mean": 0.9960739245808398, "rho_random_mean": 0.9936782987886484, "_wandb": {"runtime": 560}}