{"potts/n_edges": 181, "potts/edge_density": 0.4160919540229885, "potts/J_mean_abs": 3.9260988235473633, "potts/J_std": 2.9767723083496094, "_timestamp": 1773643624.0578876, "_runtime": 506.40936946868896, "_step": 21, "gt_scores/additive/std": 1.1925536417782636, "gt_scores/additive/min": -9.211626052856445, "gt_scores/additive/pct5": -6.01135892868042, "gt_scores/additive_pairwise/std": 63.60497782278001, "gt_scores/additive_pairwise/min": -418.2613525390625, "gt_scores/additive_pairwise/pct5": -266.1654647827148, "gt_scores/nonlin_additive/std": 0.1394448448352391, "gt_scores/nonlin_additive/min": -0.8371870805299297, "gt_scores/nonlin_additive/pct5": -0.8067663836145071, "gt_scores/nonlin_additive_pairwise/std": 7.063134283669962e-08, "gt_scores/nonlin_additive_pairwise/min": -0.8394933305681229, "gt_scores/nonlin_additive_pairwise/pct5": -0.8394933305681229, "rho_curated/additive/additive": 0.9999969410798777, "rho_random/additive/additive": 0.9999917221358282, "rho_curated/pairwise/additive": 0.9991731072069044, "rho_random/pairwise/additive": 0.9984176461360299, "rho_curated/additive_GE/additive": 0.9999724218148961, "rho_random/additive_GE/additive": 0.9999444031660067, "rho_curated/pairwise_GE/additive": 0.9692122265110115, "rho_random/pairwise_GE/additive": 0.9558168167424219, "rho_curated/additive/additive_pairwise": 0.9711023800660146, "rho_random/additive/additive_pairwise": 0.952813237575204, "rho_curated/pairwise/additive_pairwise": 0.9882637354808596, "rho_random/pairwise/additive_pairwise": 0.9807395042404675, "rho_curated/additive_GE/additive_pairwise": 0.9712531192939853, "rho_random/additive_GE/additive_pairwise": 0.945605376476538, "rho_curated/pairwise_GE/additive_pairwise": 0.9536144472990117, "rho_random/pairwise_GE/additive_pairwise": 0.9369698030271257, "rho_curated/additive/nonlin_additive": 0.996491080003138, "rho_random/additive/nonlin_additive": 0.9959938122515578, "rho_curated/pairwise/nonlin_additive": 0.9886171287270461, "rho_random/pairwise/nonlin_additive": 0.9824333589960969, "rho_curated/additive_GE/nonlin_additive": 0.9999794834311758, "rho_random/additive_GE/nonlin_additive": 0.9999774023674987, "rho_curated/pairwise_GE/nonlin_additive": 0.9811324803861295, "rho_random/pairwise_GE/nonlin_additive": 0.9792760871359004, "rho_curated/additive/nonlin_additive_pairwise": NaN, "rho_random/additive/nonlin_additive_pairwise": NaN, "rho_curated/pairwise/nonlin_additive_pairwise": NaN, "rho_random/pairwise/nonlin_additive_pairwise": 0.06734131988171929, "rho_curated/additive_GE/nonlin_additive_pairwise": NaN, "rho_random/additive_GE/nonlin_additive_pairwise": NaN, "rho_curated/pairwise_GE/nonlin_additive_pairwise": NaN, "rho_random/pairwise_GE/nonlin_additive_pairwise": NaN, "rho_curated_mean": 0.9849007126083374, "rho_random_mean": 0.9073323453947997, "_wandb": {"runtime": 506}}