{"potts/n_edges": 247, "potts/edge_density": 0.8233333333333334, "potts/J_mean_abs": 4.493615627288818, "potts/J_std": 4.3233537673950195, "_timestamp": 1773420723.239951, "_runtime": 423.71786999702454, "_step": 21, "gt_scores/additive/std": 1.1692382790629163, "gt_scores/additive/min": -8.865388870239258, "gt_scores/additive/pct5": -6.260699653625488, "gt_scores/additive_pairwise/std": 126.37420781878572, "gt_scores/additive_pairwise/min": -880.9509887695312, "gt_scores/additive_pairwise/pct5": -555.445068359375, "gt_scores/nonlin_additive/std": 0.1299774051589443, "gt_scores/nonlin_additive/min": -0.8570875160669313, "gt_scores/nonlin_additive/pct5": -0.8319475404672109, "gt_scores/nonlin_additive_pairwise/std": 8.30942334359536e-11, "gt_scores/nonlin_additive_pairwise/min": -0.8602126915025169, "gt_scores/nonlin_additive_pairwise/pct5": -0.8602126915025169, "rho_curated/additive/additive": 0.9999974986718999, "rho_random/additive/additive": 0.9999916382756415, "rho_curated/pairwise/additive": 0.9997695572707713, "rho_random/pairwise/additive": 0.9995950790326072, "rho_curated/additive_GE/additive": NaN, "rho_random/additive_GE/additive": NaN, "rho_curated/pairwise_GE/additive": 0.9867258970920801, "rho_random/pairwise_GE/additive": 0.9790640371077739, "rho_curated/additive/additive_pairwise": 0.9774890988019431, "rho_random/additive/additive_pairwise": 0.9623062712126319, "rho_curated/pairwise/additive_pairwise": 0.9993443696057747, "rho_random/pairwise/additive_pairwise": 0.998799231137743, "rho_curated/additive_GE/additive_pairwise": 0.9775695211966275, "rho_random/additive_GE/additive_pairwise": 0.9668691391845962, "rho_curated/pairwise_GE/additive_pairwise": 0.9780104706724188, "rho_random/pairwise_GE/additive_pairwise": 0.9625035720693221, "rho_curated/additive/nonlin_additive": 0.9961740056946847, "rho_random/additive/nonlin_additive": 0.9961470219878331, "rho_curated/pairwise/nonlin_additive": 0.9934674381066974, "rho_random/pairwise/nonlin_additive": 0.9858135306881295, "rho_curated/additive_GE/nonlin_additive": 0.9999808310792319, "rho_random/additive_GE/nonlin_additive": 0.9999769265322904, "rho_curated/pairwise_GE/nonlin_additive": 0.9890948567395326, "rho_random/pairwise_GE/nonlin_additive": 0.98737906321384, "rho_curated/additive/nonlin_additive_pairwise": NaN, "rho_random/additive/nonlin_additive_pairwise": NaN, "rho_curated/pairwise/nonlin_additive_pairwise": NaN, "rho_random/pairwise/nonlin_additive_pairwise": NaN, "rho_curated/additive_GE/nonlin_additive_pairwise": NaN, "rho_random/additive_GE/nonlin_additive_pairwise": NaN, "rho_curated/pairwise_GE/nonlin_additive_pairwise": NaN, "rho_random/pairwise_GE/nonlin_additive_pairwise": NaN, "rho_curated_mean": 0.9906930495392419, "rho_random_mean": 0.9853132282220373, "_wandb": {"runtime": 423}}