{"potts/n_edges": 88, "potts/edge_density": 0.8380952380952381, "potts/J_mean_abs": 2.636794328689575, "potts/J_std": 2.1862504482269287, "_timestamp": 1773531439.463112, "_runtime": 519.7569742202759, "_step": 21, "gt_scores/additive/std": 0.7770162874764199, "gt_scores/additive/min": -5.525506973266602, "gt_scores/additive/pct5": -4.092422103881836, "gt_scores/additive_pairwise/std": 30.65722745405142, "gt_scores/additive_pairwise/min": -271.1004333496094, "gt_scores/additive_pairwise/pct5": -231.7504425048828, "gt_scores/nonlin_additive/std": 0.13179785214960515, "gt_scores/nonlin_additive/min": -0.851066460422529, "gt_scores/nonlin_additive/pct5": -0.8261551473383105, "gt_scores/nonlin_additive_pairwise/std": 2.220446049250313e-16, "gt_scores/nonlin_additive_pairwise/min": -0.8558889585984598, "gt_scores/nonlin_additive_pairwise/pct5": -0.8558889585984598, "rho_curated/additive/additive": 0.9999980922159236, "rho_random/additive/additive": 0.9999940404090378, "rho_curated/pairwise/additive": 0.9999768401910727, "rho_random/pairwise/additive": 0.9999462226219751, "rho_curated/additive_GE/additive": 0.9999910825356427, "rho_random/additive_GE/additive": 0.9999752134806157, "rho_curated/pairwise_GE/additive": 0.9995637964785311, "rho_random/pairwise_GE/additive": 0.9992848171739889, "rho_curated/additive/additive_pairwise": 0.9310802640365944, "rho_random/additive/additive_pairwise": 0.893479502601581, "rho_curated/pairwise/additive_pairwise": 0.9999644287345705, "rho_random/pairwise/additive_pairwise": 0.9999320374344763, "rho_curated/additive_GE/additive_pairwise": 0.930964246466972, "rho_random/additive_GE/additive_pairwise": 0.8959241014427005, "rho_curated/pairwise_GE/additive_pairwise": 0.999622177920851, "rho_random/pairwise_GE/additive_pairwise": 0.9995257752433695, "rho_curated/additive/nonlin_additive": 0.9963156320520064, "rho_random/additive/nonlin_additive": 0.996776841391766, "rho_curated/pairwise/nonlin_additive": 0.9993452524937001, "rho_random/pairwise/nonlin_additive": 0.9969396126955401, "rho_curated/additive_GE/nonlin_additive": 0.9999937117357472, "rho_random/additive_GE/nonlin_additive": 0.99999192978725, "rho_curated/pairwise_GE/nonlin_additive": 0.9997385803014993, "rho_random/pairwise_GE/nonlin_additive": 0.9997638454870361, "rho_curated/additive/nonlin_additive_pairwise": NaN, "rho_random/additive/nonlin_additive_pairwise": NaN, "rho_curated/pairwise/nonlin_additive_pairwise": NaN, "rho_random/pairwise/nonlin_additive_pairwise": NaN, "rho_curated/additive_GE/nonlin_additive_pairwise": NaN, "rho_random/additive_GE/nonlin_additive_pairwise": NaN, "rho_curated/pairwise_GE/nonlin_additive_pairwise": NaN, "rho_random/pairwise_GE/nonlin_additive_pairwise": NaN, "rho_curated_mean": 0.9880461754302594, "rho_random_mean": 0.9817944949807781, "_wandb": {"runtime": 519}}