{"potts/n_edges": 290, "potts/edge_density": 0.6666666666666666, "potts/J_mean_abs": 4.228893756866455, "potts/J_std": 3.499866247177124, "_timestamp": 1773460725.139134, "_runtime": 501.005304813385, "_step": 21, "gt_scores/additive/std": 1.3145519307288893, "gt_scores/additive/min": -9.543702125549316, "gt_scores/additive/pct5": -6.543755149841308, "gt_scores/additive_pairwise/std": 108.65649976732446, "gt_scores/additive_pairwise/min": -762.01123046875, "gt_scores/additive_pairwise/pct5": -464.89226684570315, "gt_scores/nonlin_additive/std": 0.1415948963973883, "gt_scores/nonlin_additive/min": -0.8305795334928087, "gt_scores/nonlin_additive/pct5": -0.8006284573354645, "gt_scores/nonlin_additive_pairwise/std": 4.465627615723927e-06, "gt_scores/nonlin_additive_pairwise/min": -0.8341020215334246, "gt_scores/nonlin_additive_pairwise/pct5": -0.8341020215334246, "rho_curated/additive/additive": 0.9999978153039125, "rho_random/additive/additive": 0.9999932730799671, "rho_curated/pairwise/additive": 0.9992578204182773, "rho_random/pairwise/additive": 0.9988430751702531, "rho_curated/additive_GE/additive": 0.9999725568628998, "rho_random/additive_GE/additive": 0.999938543827337, "rho_curated/pairwise_GE/additive": 0.9623282131864161, "rho_random/pairwise_GE/additive": 0.9396831649981261, "rho_curated/additive/additive_pairwise": 0.9799174934686996, "rho_random/additive/additive_pairwise": 0.9667349795931935, "rho_curated/pairwise/additive_pairwise": 0.9916708350904333, "rho_random/pairwise/additive_pairwise": 0.9875102146149095, "rho_curated/additive_GE/additive_pairwise": 0.9802127027670835, "rho_random/additive_GE/additive_pairwise": 0.96967600088142, "rho_curated/pairwise_GE/additive_pairwise": 0.954845314328729, "rho_random/pairwise_GE/additive_pairwise": 0.938330551467089, "rho_curated/additive/nonlin_additive": 0.9960730598188281, "rho_random/additive/nonlin_additive": 0.9958948789182797, "rho_curated/pairwise/nonlin_additive": 0.9889606918133681, "rho_random/pairwise/nonlin_additive": 0.9805529591822317, "rho_curated/additive_GE/nonlin_additive": 0.9999839990553593, "rho_random/additive_GE/nonlin_additive": 0.9999775453706982, "rho_curated/pairwise_GE/nonlin_additive": 0.9788118499279655, "rho_random/pairwise_GE/nonlin_additive": 0.9770382834772172, "rho_curated/additive/nonlin_additive_pairwise": NaN, "rho_random/additive/nonlin_additive_pairwise": NaN, "rho_curated/pairwise/nonlin_additive_pairwise": NaN, "rho_random/pairwise/nonlin_additive_pairwise": 0.012281897032506196, "rho_curated/additive_GE/nonlin_additive_pairwise": NaN, "rho_random/additive_GE/nonlin_additive_pairwise": NaN, "rho_curated/pairwise_GE/nonlin_additive_pairwise": NaN, "rho_random/pairwise_GE/nonlin_additive_pairwise": NaN, "rho_curated_mean": 0.9860026960034975, "rho_random_mean": 0.9051119513548637, "_wandb": {"runtime": 500}}