{"potts/n_edges": 404, "potts/edge_density": 0.9287356321839081, "potts/J_mean_abs": 3.2861902713775635, "potts/J_std": 2.721193313598633, "_timestamp": 1773433317.2489676, "_runtime": 383.67471075057983, "_step": 17, "gt_scores/additive/std": 1.3145519307288893, "gt_scores/additive/min": -9.543702125549316, "gt_scores/additive/pct5": -6.543755149841308, "gt_scores/additive_pairwise/std": 109.36251488964295, "gt_scores/additive_pairwise/min": -788.589599609375, "gt_scores/additive_pairwise/pct5": -475.8433563232422, "gt_scores/nonlin_additive/std": 0.1415948963973883, "gt_scores/nonlin_additive/min": -0.8305795334928087, "gt_scores/nonlin_additive/pct5": -0.8006284573354645, "gt_scores/nonlin_additive_pairwise/std": 1.2547166714845328e-07, "gt_scores/nonlin_additive_pairwise/min": -0.8341020215334246, "gt_scores/nonlin_additive_pairwise/pct5": -0.8341020215334246, "rho_curated/additive/additive": 0.9999977855919112, "rho_random/additive/additive": 0.9999936521459087, "rho_curated/pairwise/additive": 0.9992312875532146, "rho_random/pairwise/additive": 0.9986795443286075, "rho_curated/additive_GE/additive": 0.999971134982842, "rho_random/additive_GE/additive": 0.999936501446115, "rho_curated/pairwise_GE/additive": 0.9697066276813568, "rho_random/pairwise_GE/additive": 0.9501329941342175, "rho_curated/additive/additive_pairwise": 0.9854971448271898, "rho_random/additive/additive_pairwise": 0.9759529796417907, "rho_curated/pairwise/additive_pairwise": 0.9928560959457295, "rho_random/pairwise/additive_pairwise": 0.9880467022991108, "rho_curated/additive_GE/additive_pairwise": 0.9855249249479549, "rho_random/additive_GE/additive_pairwise": 0.9746114489695895, "rho_curated/pairwise_GE/additive_pairwise": 0.956103714203095, "rho_random/pairwise_GE/additive_pairwise": 0.9388429666783472, "rho_curated/additive/nonlin_additive": 0.9974271713848397, "rho_random/additive/nonlin_additive": 0.9974053145261972, "rho_curated/pairwise/nonlin_additive": 0.9878406078336242, "rho_random/pairwise/nonlin_additive": 0.9819026076881854, "rho_curated/additive_GE/nonlin_additive": 0.9999872502634897, "rho_random/additive_GE/nonlin_additive": 0.9999821886965113, "rho_curated/pairwise_GE/nonlin_additive": 0.9800972451229343, "rho_random/pairwise_GE/nonlin_additive": 0.9789757884251127, "rho_curated/additive/nonlin_additive_pairwise": NaN, "rho_random/additive/nonlin_additive_pairwise": NaN, "_wandb": {"runtime": 383}}