{"potts/n_edges": 234, "potts/edge_density": 0.78, "potts/J_mean_abs": 2.615100383758545, "potts/J_std": 2.0965821743011475, "_timestamp": 1773485890.0525393, "_runtime": 440.9817883968353, "_step": 21, "gt_scores/additive/std": 1.1692382790629163, "gt_scores/additive/min": -8.865388870239258, "gt_scores/additive/pct5": -6.260699653625488, "gt_scores/additive_pairwise/std": 66.01521300278738, "gt_scores/additive_pairwise/min": -451.8539123535156, "gt_scores/additive_pairwise/pct5": -294.22496185302737, "gt_scores/nonlin_additive/std": 0.1299774051589443, "gt_scores/nonlin_additive/min": -0.8570875160669313, "gt_scores/nonlin_additive/pct5": -0.8319475404672109, "gt_scores/nonlin_additive_pairwise/std": 1.4968599276949608e-09, "gt_scores/nonlin_additive_pairwise/min": -0.8602126915025169, "gt_scores/nonlin_additive_pairwise/pct5": -0.8602126915025169, "rho_curated/additive/additive": 0.9999975713919027, "rho_random/additive/additive": 0.9999917961124557, "rho_curated/pairwise/additive": 0.9997464242698508, "rho_random/pairwise/additive": 0.9995160812307792, "rho_curated/additive_GE/additive": 0.9999614072064535, "rho_random/additive_GE/additive": 0.9999053899662733, "rho_curated/pairwise_GE/additive": 0.9823946827989424, "rho_random/pairwise_GE/additive": 0.9691594284207138, "rho_curated/additive/additive_pairwise": 0.9802860458344954, "rho_random/additive/additive_pairwise": 0.9660500386079254, "rho_curated/pairwise/additive_pairwise": 0.9993964114958274, "rho_random/pairwise/additive_pairwise": 0.9989657686042804, "rho_curated/additive_GE/additive_pairwise": 0.9805832934539338, "rho_random/additive_GE/additive_pairwise": 0.9659512326934687, "rho_curated/pairwise_GE/additive_pairwise": 0.9787168898431432, "rho_random/pairwise_GE/additive_pairwise": 0.966368183220374, "rho_curated/additive/nonlin_additive": 0.995725089348593, "rho_random/additive/nonlin_additive": 0.9953643671642914, "rho_curated/pairwise/nonlin_additive": 0.9929907287511245, "rho_random/pairwise/nonlin_additive": 0.9824447763933108, "rho_curated/additive_GE/nonlin_additive": 0.9999557074942251, "rho_random/additive_GE/nonlin_additive": 0.9999615958758876, "rho_curated/pairwise_GE/nonlin_additive": 0.989697254242901, "rho_random/pairwise_GE/nonlin_additive": 0.9867512414678934, "rho_curated/additive/nonlin_additive_pairwise": NaN, "rho_random/additive/nonlin_additive_pairwise": NaN, "rho_curated/pairwise/nonlin_additive_pairwise": NaN, "rho_random/pairwise/nonlin_additive_pairwise": NaN, "rho_curated/additive_GE/nonlin_additive_pairwise": NaN, "rho_random/additive_GE/nonlin_additive_pairwise": NaN, "rho_curated/pairwise_GE/nonlin_additive_pairwise": NaN, "rho_random/pairwise_GE/nonlin_additive_pairwise": NaN, "rho_curated_mean": 0.9916209588442827, "rho_random_mean": 0.9858691583131378, "_wandb": {"runtime": 440}}