{"potts/n_edges": 268, "potts/edge_density": 0.8933333333333333, "potts/J_mean_abs": 3.318685293197632, "potts/J_std": 2.9577178955078125, "_timestamp": 1773663504.3213289, "_runtime": 426.3956229686737, "_step": 21, "gt_scores/additive/std": 1.4607008917297066, "gt_scores/additive/min": -10.880603790283203, "gt_scores/additive/pct5": -7.648485493659973, "gt_scores/additive_pairwise/std": 96.99165204612281, "gt_scores/additive_pairwise/min": -647.5325927734375, "gt_scores/additive_pairwise/pct5": -433.772151184082, "gt_scores/nonlin_additive/std": 0.1329364744996366, "gt_scores/nonlin_additive/min": -0.8491222741790089, "gt_scores/nonlin_additive/pct5": -0.8226467537292117, "gt_scores/nonlin_additive_pairwise/std": 9.97623417890086e-09, "gt_scores/nonlin_additive_pairwise/min": -0.8524745773399738, "gt_scores/nonlin_additive_pairwise/pct5": -0.8524745773399738, "rho_curated/additive/additive": 0.999997451463898, "rho_random/additive/additive": 0.9999897169204198, "rho_curated/pairwise/additive": 0.999703524772127, "rho_random/pairwise/additive": 0.9995901830852332, "rho_curated/additive_GE/additive": 0.9999765668310616, "rho_random/additive_GE/additive": 0.9999450355996807, "rho_curated/pairwise_GE/additive": 0.9866849264504383, "rho_random/pairwise_GE/additive": 0.9813694158987442, "rho_curated/additive/additive_pairwise": 0.9803002491310645, "rho_random/additive/additive_pairwise": 0.9704946769062278, "rho_curated/pairwise/additive_pairwise": 0.9995214454528352, "rho_random/pairwise/additive_pairwise": 0.9990886190943973, "rho_curated/additive_GE/additive_pairwise": 0.9805514239966566, "rho_random/additive_GE/additive_pairwise": 0.9687211471649233, "rho_curated/pairwise_GE/additive_pairwise": 0.9770630992894231, "rho_random/pairwise_GE/additive_pairwise": 0.9636869359001001, "rho_curated/additive/nonlin_additive": 0.9968911851713488, "rho_random/additive/nonlin_additive": 0.9965982380348313, "rho_curated/pairwise/nonlin_additive": 0.9946007752237717, "rho_random/pairwise/nonlin_additive": 0.9881302706464388, "rho_curated/additive_GE/nonlin_additive": 0.9999762064470437, "rho_random/additive_GE/nonlin_additive": 0.9999718043152096, "rho_curated/pairwise_GE/nonlin_additive": 0.9898266045763316, "rho_random/pairwise_GE/nonlin_additive": 0.9884778668980115, "rho_curated/additive/nonlin_additive_pairwise": NaN, "rho_random/additive/nonlin_additive_pairwise": NaN, "rho_curated/pairwise/nonlin_additive_pairwise": NaN, "rho_random/pairwise/nonlin_additive_pairwise": NaN, "rho_curated/additive_GE/nonlin_additive_pairwise": NaN, "rho_random/additive_GE/nonlin_additive_pairwise": NaN, "rho_curated/pairwise_GE/nonlin_additive_pairwise": NaN, "rho_random/pairwise_GE/nonlin_additive_pairwise": NaN, "rho_curated_mean": 0.9920911215671665, "rho_random_mean": 0.9880053258720181, "_wandb": {"runtime": 426}}