{"potts/n_edges": 76, "potts/edge_density": 0.7238095238095238, "potts/J_mean_abs": 2.6711227893829346, "potts/J_std": 2.236077308654785, "_timestamp": 1773466515.5344367, "_runtime": 531.0767107009888, "_step": 21, "gt_scores/additive/std": 0.7770162874764199, "gt_scores/additive/min": -5.525506973266602, "gt_scores/additive/pct5": -4.092422103881836, "gt_scores/additive_pairwise/std": 29.82572093479677, "gt_scores/additive_pairwise/min": -270.4098205566406, "gt_scores/additive_pairwise/pct5": -223.46363067626953, "gt_scores/nonlin_additive/std": 0.13179785214960515, "gt_scores/nonlin_additive/min": -0.851066460422529, "gt_scores/nonlin_additive/pct5": -0.8261551473383105, "gt_scores/nonlin_additive_pairwise/std": 2.220446049250313e-16, "gt_scores/nonlin_additive_pairwise/min": -0.8558889585984598, "gt_scores/nonlin_additive_pairwise/pct5": -0.8558889585984598, "rho_curated/additive/additive": 0.9999980008719199, "rho_random/additive/additive": 0.9999921828223315, "rho_curated/pairwise/additive": 0.9999788856391539, "rho_random/pairwise/additive": 0.9999514746344834, "rho_curated/additive_GE/additive": 0.9999302537652018, "rho_random/additive_GE/additive": 0.9998414662072436, "rho_curated/pairwise_GE/additive": 0.9996774633630674, "rho_random/pairwise_GE/additive": 0.9995111056789518, "rho_curated/additive/additive_pairwise": 0.9399636553979009, "rho_random/additive/additive_pairwise": 0.9091884488739256, "rho_curated/pairwise/additive_pairwise": 0.9999675158306983, "rho_random/pairwise/additive_pairwise": 0.999945946435831, "rho_curated/additive_GE/additive_pairwise": 0.9401650887302954, "rho_random/additive_GE/additive_pairwise": 0.8924340191080483, "rho_curated/pairwise_GE/additive_pairwise": 0.9996366800894412, "rho_random/pairwise_GE/additive_pairwise": 0.9994221812718418, "rho_curated/additive/nonlin_additive": 0.9969623357662019, "rho_random/additive/nonlin_additive": 0.9974451110237721, "rho_curated/pairwise/nonlin_additive": 0.9993455050937574, "rho_random/pairwise/nonlin_additive": 0.9968844548807944, "rho_curated/additive_GE/nonlin_additive": 0.9999897909275902, "rho_random/additive_GE/nonlin_additive": 0.999988678237827, "rho_curated/pairwise_GE/nonlin_additive": 0.9996729879628803, "rho_random/pairwise_GE/nonlin_additive": 0.9996651392990734, "rho_curated/additive/nonlin_additive_pairwise": NaN, "rho_random/additive/nonlin_additive_pairwise": NaN, "rho_curated/pairwise/nonlin_additive_pairwise": NaN, "rho_random/pairwise/nonlin_additive_pairwise": NaN, "rho_curated/additive_GE/nonlin_additive_pairwise": NaN, "rho_random/additive_GE/nonlin_additive_pairwise": NaN, "rho_curated/pairwise_GE/nonlin_additive_pairwise": NaN, "rho_random/pairwise_GE/nonlin_additive_pairwise": NaN, "rho_curated_mean": 0.9896073469531755, "rho_random_mean": 0.982855850706177, "_wandb": {"runtime": 530}}