{"potts/n_edges": 241, "potts/edge_density": 0.8033333333333333, "potts/J_mean_abs": 3.216336727142334, "potts/J_std": 2.5249547958374023, "_timestamp": 1773496165.7468367, "_runtime": 543.1000597476959, "_step": 21, "gt_scores/additive/std": 1.3248437107940993, "gt_scores/additive/min": -8.832763671875, "gt_scores/additive/pct5": -6.012066531181335, "gt_scores/additive_pairwise/std": 64.48489393248656, "gt_scores/additive_pairwise/min": -455.3150329589844, "gt_scores/additive_pairwise/pct5": -243.4767822265625, "gt_scores/nonlin_additive/std": 0.15375831462288475, "gt_scores/nonlin_additive/min": -0.7960807527928047, "gt_scores/nonlin_additive/pct5": -0.7598627144532697, "gt_scores/nonlin_additive_pairwise/std": 0.004157609674234076, "gt_scores/nonlin_additive_pairwise/min": -0.8011811168353298, "gt_scores/nonlin_additive_pairwise/pct5": -0.8011811168353298, "rho_curated/additive/additive": 0.9999967857038713, "rho_random/additive/additive": 0.9999902262788386, "rho_curated/pairwise/additive": 0.9997233689569148, "rho_random/pairwise/additive": 0.99953888243485, "rho_curated/additive_GE/additive": 0.9999578638703127, "rho_random/additive_GE/additive": 0.9999197689547272, "rho_curated/pairwise_GE/additive": 0.979254630263696, "rho_random/pairwise_GE/additive": 0.9701658414460946, "rho_curated/additive/additive_pairwise": 0.9798320303763134, "rho_random/additive/additive_pairwise": 0.9719359671875021, "rho_curated/pairwise/additive_pairwise": 0.9989113984284299, "rho_random/pairwise/additive_pairwise": 0.998302598500866, "rho_curated/additive_GE/additive_pairwise": 0.9800924967707445, "rho_random/additive_GE/additive_pairwise": 0.9714369941435809, "rho_curated/pairwise_GE/additive_pairwise": 0.9808343669209147, "rho_random/pairwise_GE/additive_pairwise": 0.9774252566873142, "rho_curated/additive/nonlin_additive": 0.9983542308700507, "rho_random/additive/nonlin_additive": 0.9980976760767973, "rho_curated/pairwise/nonlin_additive": 0.9962925049551664, "rho_random/pairwise/nonlin_additive": 0.9924948748885707, "rho_curated/additive_GE/nonlin_additive": 0.9999899366075964, "rho_random/additive_GE/nonlin_additive": 0.9999797180096259, "rho_curated/pairwise_GE/nonlin_additive": 0.991703408779539, "rho_random/pairwise_GE/nonlin_additive": 0.9886997148676591, "rho_curated/additive/nonlin_additive_pairwise": NaN, "rho_random/additive/nonlin_additive_pairwise": 0.2202839707633619, "rho_curated/pairwise/nonlin_additive_pairwise": NaN, "rho_random/pairwise/nonlin_additive_pairwise": 0.285822646682107, "rho_curated/additive_GE/nonlin_additive_pairwise": NaN, "rho_random/additive_GE/nonlin_additive_pairwise": 0.014429322647418634, "rho_curated/pairwise_GE/nonlin_additive_pairwise": NaN, "rho_random/pairwise_GE/nonlin_additive_pairwise": 0.252496255722214, "rho_curated_mean": 0.9920785852086292, "rho_random_mean": 0.7900637322057205, "_wandb": {"runtime": 542}}