{"potts/n_edges": 169, "potts/edge_density": 0.8894736842105263, "potts/J_mean_abs": 4.153785705566406, "potts/J_std": 3.4507970809936523, "_timestamp": 1773695261.6441221, "_runtime": 585.6227462291718, "_step": 21, "gt_scores/additive/std": 1.3328169946638528, "gt_scores/additive/min": -8.54687213897705, "gt_scores/additive/pct5": -5.66396427154541, "gt_scores/additive_pairwise/std": 83.18446391388444, "gt_scores/additive_pairwise/min": -584.8359375, "gt_scores/additive_pairwise/pct5": -330.18407135009767, "gt_scores/nonlin_additive/std": 0.16085671890946024, "gt_scores/nonlin_additive/min": -0.7713287382205405, "gt_scores/nonlin_additive/pct5": -0.7296449659409056, "gt_scores/nonlin_additive_pairwise/std": 0.008587638941249096, "gt_scores/nonlin_additive_pairwise/min": -0.7770133472475471, "gt_scores/nonlin_additive_pairwise/pct5": -0.7770133472475471, "rho_curated/additive/additive": 0.9999974891918996, "rho_random/additive/additive": 0.9999919972292788, "rho_curated/pairwise/additive": 0.9999458112618299, "rho_random/pairwise/additive": 0.9999042310329025, "rho_curated/additive_GE/additive": 0.9999592093343674, "rho_random/additive_GE/additive": 0.9999105089981015, "rho_curated/pairwise_GE/additive": 0.9945812147191186, "rho_random/pairwise_GE/additive": 0.9918124124071644, "rho_curated/additive/additive_pairwise": 0.9810655293866211, "rho_random/additive/additive_pairwise": 0.968232651466352, "rho_curated/pairwise/additive_pairwise": 0.9999251170210045, "rho_random/pairwise/additive_pairwise": 0.9998635763054367, "rho_curated/additive_GE/additive_pairwise": 0.9813460646298425, "rho_random/additive_GE/additive_pairwise": 0.9670511709047074, "rho_curated/pairwise_GE/additive_pairwise": 0.9921332195893285, "rho_random/pairwise_GE/additive_pairwise": 0.9868679688033742, "rho_curated/additive/nonlin_additive": 0.9973096582598697, "rho_random/additive/nonlin_additive": 0.9959947150598261, "rho_curated/pairwise/nonlin_additive": 0.998949112749788, "rho_random/pairwise/nonlin_additive": 0.9983574933048507, "rho_curated/additive_GE/nonlin_additive": 0.9999893759675734, "rho_random/additive_GE/nonlin_additive": 0.9999846338836292, "rho_curated/pairwise_GE/nonlin_additive": 0.9993552874461187, "rho_random/pairwise_GE/nonlin_additive": 0.9992566770727898, "rho_curated/additive/nonlin_additive_pairwise": NaN, "rho_random/additive/nonlin_additive_pairwise": 0.0556004906298061, "rho_curated/pairwise/nonlin_additive_pairwise": NaN, "rho_random/pairwise/nonlin_additive_pairwise": 0.12841601592651947, "rho_curated/additive_GE/nonlin_additive_pairwise": NaN, "rho_random/additive_GE/nonlin_additive_pairwise": NaN, "rho_curated/pairwise_GE/nonlin_additive_pairwise": NaN, "rho_random/pairwise_GE/nonlin_additive_pairwise": 0.008862032051253774, "rho_curated_mean": 0.9953797574631134, "rho_random_mean": 0.8066737716717327, "_wandb": {"runtime": 585}}