{"potts/n_edges": 662, "potts/edge_density": 0.8073170731707318, "potts/J_mean_abs": 2.061738967895508, "potts/J_std": 1.6792657375335693, "_timestamp": 1773537524.494431, "_runtime": 504.43989610671997, "_step": 21, "gt_scores/additive/std": 0.8002701258031687, "gt_scores/additive/min": -5.624780654907227, "gt_scores/additive/pct5": -2.752644395828247, "gt_scores/additive_pairwise/std": 12.849784235432605, "gt_scores/additive_pairwise/min": -152.642578125, "gt_scores/additive_pairwise/pct5": -38.03811893463135, "gt_scores/nonlin_additive/std": 0.18070867169676313, "gt_scores/nonlin_additive/min": -0.6818670302424842, "gt_scores/nonlin_additive/pct5": -0.6189185240331687, "gt_scores/nonlin_additive_pairwise/std": 0.1970460918613481, "gt_scores/nonlin_additive_pairwise/min": -0.6837795744277079, "gt_scores/nonlin_additive_pairwise/pct5": -0.6837795744277079, "rho_curated/additive/additive": 0.9999966849749249, "rho_random/additive/additive": 0.9999913463213529, "rho_curated/pairwise/additive": 0.9989699600504878, "rho_random/pairwise/additive": 0.999038499343691, "rho_curated/additive_GE/additive": 0.999972285030834, "rho_random/additive_GE/additive": 0.9999400406184913, "rho_curated/pairwise_GE/additive": 0.9877694582323764, "rho_random/pairwise_GE/additive": 0.9860357493465466, "rho_curated/additive/additive_pairwise": 0.9215810009725004, "rho_random/additive/additive_pairwise": 0.9133363188315641, "rho_curated/pairwise/additive_pairwise": 0.9111479727507008, "rho_random/pairwise/additive_pairwise": 0.9223936994704459, "rho_curated/additive_GE/additive_pairwise": 0.9237252405607821, "rho_random/additive_GE/additive_pairwise": 0.912819617180611, "rho_curated/pairwise_GE/additive_pairwise": 0.9000299638310005, "rho_random/pairwise_GE/additive_pairwise": 0.9017580400188757, "rho_curated/additive/nonlin_additive": 0.9972289527476851, "rho_random/additive/nonlin_additive": 0.996022948895833, "rho_curated/pairwise/nonlin_additive": 0.9952369301827828, "rho_random/pairwise/nonlin_additive": 0.9918746109472092, "rho_curated/additive_GE/nonlin_additive": 0.9999793414821171, "rho_random/additive_GE/nonlin_additive": 0.9999620775907078, "rho_curated/pairwise_GE/nonlin_additive": 0.9960414059036301, "rho_random/pairwise_GE/nonlin_additive": 0.9937393562146489, "rho_curated/additive/nonlin_additive_pairwise": 0.623952200135306, "rho_random/additive/nonlin_additive_pairwise": 0.8627877264399672, "rho_curated/pairwise/nonlin_additive_pairwise": 0.625932342920693, "rho_random/pairwise/nonlin_additive_pairwise": 0.8654656039448569, "rho_curated/additive_GE/nonlin_additive_pairwise": 0.5955073374556069, "rho_random/additive_GE/nonlin_additive_pairwise": 0.86191741550105, "rho_curated/pairwise_GE/nonlin_additive_pairwise": 0.6294907816833134, "rho_random/pairwise_GE/nonlin_additive_pairwise": 0.8903701706854371, "rho_curated_mean": 0.8816601161821713, "rho_random_mean": 0.9435908263344555, "_wandb": {"runtime": 504}}