{"potts/n_edges": 277, "potts/edge_density": 0.9233333333333333, "potts/J_mean_abs": 3.0534117221832275, "potts/J_std": 2.5484697818756104, "_timestamp": 1773620806.5971365, "_runtime": 567.0267534255981, "_step": 21, "gt_scores/additive/std": 1.0845397655127298, "gt_scores/additive/min": -7.869518280029297, "gt_scores/additive/pct5": -4.928722500801086, "gt_scores/additive_pairwise/std": 68.4739956318752, "gt_scores/additive_pairwise/min": -538.6426391601562, "gt_scores/additive_pairwise/pct5": -259.9428482055664, "gt_scores/nonlin_additive/std": 0.1521633644541054, "gt_scores/nonlin_additive/min": -0.7983750201741924, "gt_scores/nonlin_additive/pct5": -0.7601459147927325, "gt_scores/nonlin_additive_pairwise/std": 0.002942168028289232, "gt_scores/nonlin_additive_pairwise/min": -0.8012119156418135, "gt_scores/nonlin_additive_pairwise/pct5": -0.8012119156418135, "rho_curated/additive/additive": 0.9999978545919141, "rho_random/additive/additive": 0.9999931489384065, "rho_curated/pairwise/additive": 0.9997274450450977, "rho_random/pairwise/additive": 0.9995623420776562, "rho_curated/additive_GE/additive": 0.9999808048232317, "rho_random/additive_GE/additive": 0.999961610082554, "rho_curated/pairwise_GE/additive": 0.9780441612732396, "rho_random/pairwise_GE/additive": 0.9654495338338286, "rho_curated/additive/additive_pairwise": 0.9812466048094141, "rho_random/additive/additive_pairwise": 0.9694528904671847, "rho_curated/pairwise/additive_pairwise": 0.9991509233820166, "rho_random/pairwise/additive_pairwise": 0.9984655922595927, "rho_curated/additive_GE/additive_pairwise": 0.9818002590791367, "rho_random/additive_GE/additive_pairwise": 0.9694677901030718, "rho_curated/pairwise_GE/additive_pairwise": 0.9798040255667069, "rho_random/pairwise_GE/additive_pairwise": 0.9727137717467578, "rho_curated/additive/nonlin_additive": 0.9980627928584653, "rho_random/additive/nonlin_additive": 0.9973203420006969, "rho_curated/pairwise/nonlin_additive": 0.9964678343466287, "rho_random/pairwise/nonlin_additive": 0.9923740515075377, "rho_curated/additive_GE/nonlin_additive": 0.9999911971116472, "rho_random/additive_GE/nonlin_additive": 0.9999858815695069, "rho_curated/pairwise_GE/nonlin_additive": 0.9907944242471142, "rho_random/pairwise_GE/nonlin_additive": 0.9873736575843668, "rho_curated/additive/nonlin_additive_pairwise": NaN, "rho_random/additive/nonlin_additive_pairwise": 0.10609113841593579, "rho_curated/pairwise/nonlin_additive_pairwise": NaN, "rho_random/pairwise/nonlin_additive_pairwise": 0.13741602629881344, "rho_curated/additive_GE/nonlin_additive_pairwise": NaN, "rho_random/additive_GE/nonlin_additive_pairwise": NaN, "rho_curated/pairwise_GE/nonlin_additive_pairwise": NaN, "rho_random/pairwise_GE/nonlin_additive_pairwise": 0.035160040220443625, "rho_curated_mean": 0.9920890272612178, "rho_random_mean": 0.8087191878070902, "_wandb": {"runtime": 566}}