{"potts/n_edges": 138, "potts/edge_density": 0.7263157894736842, "potts/J_mean_abs": 4.041347503662109, "potts/J_std": 3.351557731628418, "_timestamp": 1773702466.4788837, "_runtime": 497.79629778862, "_step": 21, "gt_scores/additive/std": 1.426379881017352, "gt_scores/additive/min": -10.008467674255371, "gt_scores/additive/pct5": -7.166622185707093, "gt_scores/additive_pairwise/std": 85.38739883470913, "gt_scores/additive_pairwise/min": -560.7781982421875, "gt_scores/additive_pairwise/pct5": -424.5299728393555, "gt_scores/nonlin_additive/std": 0.13946177757028871, "gt_scores/nonlin_additive/min": -0.8313426784103302, "gt_scores/nonlin_additive/pct5": -0.8034810610065, "gt_scores/nonlin_additive_pairwise/std": 2.2931999904374954e-15, "gt_scores/nonlin_additive_pairwise/min": -0.8358896588447285, "gt_scores/nonlin_additive_pairwise/pct5": -0.8358896588447285, "rho_curated/additive/additive": 0.9999972149438887, "rho_random/additive/additive": 0.9999913162020418, "rho_curated/pairwise/additive": 0.9999391966695651, "rho_random/pairwise/additive": 0.9998841414657658, "rho_curated/additive_GE/additive": NaN, "rho_random/additive_GE/additive": NaN, "rho_curated/pairwise_GE/additive": 0.9991550993101636, "rho_random/pairwise_GE/additive": 0.9985224903497272, "rho_curated/additive/additive_pairwise": 0.9786641457845174, "rho_random/additive/additive_pairwise": 0.9660520304097835, "rho_curated/pairwise/additive_pairwise": 0.9999354198614122, "rho_random/pairwise/additive_pairwise": 0.9998595565663098, "rho_curated/additive_GE/additive_pairwise": 0.9788036037186181, "rho_random/additive_GE/additive_pairwise": 0.963996765849023, "rho_curated/pairwise_GE/additive_pairwise": 0.9989826575752085, "rho_random/pairwise_GE/additive_pairwise": 0.9984569042318211, "rho_curated/additive/nonlin_additive": 0.9957881534309199, "rho_random/additive/nonlin_additive": 0.9944637113015592, "rho_curated/pairwise/nonlin_additive": 0.9986256799288955, "rho_random/pairwise/nonlin_additive": 0.9960351872064924, "rho_curated/additive_GE/nonlin_additive": NaN, "rho_random/additive_GE/nonlin_additive": NaN, "rho_curated/pairwise_GE/nonlin_additive": 0.997626147784761, "rho_random/pairwise_GE/nonlin_additive": 0.9979534703873587, "rho_curated/additive/nonlin_additive_pairwise": NaN, "rho_random/additive/nonlin_additive_pairwise": NaN, "rho_curated/pairwise/nonlin_additive_pairwise": NaN, "rho_random/pairwise/nonlin_additive_pairwise": NaN, "rho_curated/additive_GE/nonlin_additive_pairwise": NaN, "rho_random/additive_GE/nonlin_additive_pairwise": NaN, "rho_curated/pairwise_GE/nonlin_additive_pairwise": NaN, "rho_random/pairwise_GE/nonlin_additive_pairwise": NaN, "rho_curated_mean": 0.994751731900795, "rho_random_mean": 0.9915215573969881, "_wandb": {"runtime": 497}}