{"potts/n_edges": 256, "potts/edge_density": 0.8533333333333334, "potts/J_mean_abs": 3.7950000762939453, "potts/J_std": 3.201378107070923, "_timestamp": 1773506715.3164103, "_runtime": 441.3417992591858, "_step": 21, "gt_scores/additive/std": 1.1692382790629163, "gt_scores/additive/min": -8.865388870239258, "gt_scores/additive/pct5": -6.260699653625488, "gt_scores/additive_pairwise/std": 102.80602403347314, "gt_scores/additive_pairwise/min": -711.2117309570312, "gt_scores/additive_pairwise/pct5": -455.7982009887695, "gt_scores/nonlin_additive/std": 0.1299774051589443, "gt_scores/nonlin_additive/min": -0.8570875160669313, "gt_scores/nonlin_additive/pct5": -0.8319475404672109, "gt_scores/nonlin_additive_pairwise/std": 7.097412196132117e-11, "gt_scores/nonlin_additive_pairwise/min": -0.8602126915025169, "gt_scores/nonlin_additive_pairwise/pct5": -0.8602126915025169, "rho_curated/additive/additive": 0.9999960669518426, "rho_random/additive/additive": 0.9999888125730886, "rho_curated/pairwise/additive": 0.9997655354706159, "rho_random/pairwise/additive": 0.9995386319135838, "rho_curated/additive_GE/additive": 0.9999752030790062, "rho_random/additive_GE/additive": 0.9999405605023327, "rho_curated/pairwise_GE/additive": 0.9861447075974559, "rho_random/pairwise_GE/additive": 0.9764638900550756, "rho_curated/additive/additive_pairwise": 0.9816672283462491, "rho_random/additive/additive_pairwise": 0.970699053151738, "rho_curated/pairwise/additive_pairwise": 0.9993866509114512, "rho_random/pairwise/additive_pairwise": 0.9988908866378853, "rho_curated/additive_GE/additive_pairwise": 0.9816191497683249, "rho_random/additive_GE/additive_pairwise": 0.9682476781592284, "rho_curated/pairwise_GE/additive_pairwise": 0.9760635397859672, "rho_random/pairwise_GE/additive_pairwise": 0.9626319363350005, "rho_curated/additive/nonlin_additive": 0.9955829123109985, "rho_random/additive/nonlin_additive": 0.9959599920561845, "rho_curated/pairwise/nonlin_additive": 0.9936021919439342, "rho_random/pairwise/nonlin_additive": 0.9831441385865178, "rho_curated/additive_GE/nonlin_additive": 0.9999757651590288, "rho_random/additive_GE/nonlin_additive": 0.9999692431355327, "rho_curated/pairwise_GE/nonlin_additive": 0.9901319324925668, "rho_random/pairwise_GE/nonlin_additive": 0.9882594587440922, "rho_curated/additive/nonlin_additive_pairwise": NaN, "rho_random/additive/nonlin_additive_pairwise": NaN, "rho_curated/pairwise/nonlin_additive_pairwise": NaN, "rho_random/pairwise/nonlin_additive_pairwise": NaN, "rho_curated/additive_GE/nonlin_additive_pairwise": NaN, "rho_random/additive_GE/nonlin_additive_pairwise": NaN, "rho_curated/pairwise_GE/nonlin_additive_pairwise": NaN, "rho_random/pairwise_GE/nonlin_additive_pairwise": NaN, "rho_curated_mean": 0.9919925736514533, "rho_random_mean": 0.986977856820855, "_wandb": {"runtime": 440}}