{"potts/n_edges": 382, "potts/edge_density": 0.8781609195402299, "potts/J_mean_abs": 3.720494270324707, "potts/J_std": 2.922988176345825, "_timestamp": 1773655070.607214, "_runtime": 386.7890169620514, "_step": 21, "gt_scores/additive/std": 1.3026329914510024, "gt_scores/additive/min": -9.520788192749023, "gt_scores/additive/pct5": -6.589263129234314, "gt_scores/additive_pairwise/std": 108.8227800093919, "gt_scores/additive_pairwise/min": -707.8170776367188, "gt_scores/additive_pairwise/pct5": -469.9612533569336, "gt_scores/nonlin_additive/std": 0.13748413835948767, "gt_scores/nonlin_additive/min": -0.8383537187280119, "gt_scores/nonlin_additive/pct5": -0.8091688078450335, "gt_scores/nonlin_additive_pairwise/std": 1.310485159931421e-09, "gt_scores/nonlin_additive_pairwise/min": -0.8419067452138076, "gt_scores/nonlin_additive_pairwise/pct5": -0.8419067452138076, "rho_curated/additive/additive": 0.9999974724398989, "rho_random/additive/additive": 0.9999925570677524, "rho_curated/pairwise/additive": 0.9992542509221521, "rho_random/pairwise/additive": 0.9988036713156575, "rho_curated/additive_GE/additive": 0.9999218470448683, "rho_random/additive_GE/additive": 0.9998396604443016, "rho_curated/pairwise_GE/additive": 0.9656708362180095, "rho_random/pairwise_GE/additive": 0.9451825833185843, "rho_curated/additive/additive_pairwise": 0.9836945413317815, "rho_random/additive/additive_pairwise": 0.9727754379192937, "rho_curated/pairwise/additive_pairwise": 0.992552330742093, "rho_random/pairwise/additive_pairwise": 0.9887259443274307, "rho_curated/additive_GE/additive_pairwise": 0.9838676197859303, "rho_random/additive_GE/additive_pairwise": 0.9716272595143393, "rho_curated/pairwise_GE/additive_pairwise": 0.9608159911276993, "rho_random/pairwise_GE/additive_pairwise": 0.9297839605713035, "rho_curated/additive/nonlin_additive": 0.9960933462755461, "rho_random/additive/nonlin_additive": 0.9956022230895399, "rho_curated/pairwise/nonlin_additive": 0.9881296902926178, "rho_random/pairwise/nonlin_additive": 0.9815457946472308, "rho_curated/additive_GE/nonlin_additive": 0.9999867021994678, "rho_random/additive_GE/nonlin_additive": 0.9999804009118931, "rho_curated/pairwise_GE/nonlin_additive": 0.9806801770427434, "rho_random/pairwise_GE/nonlin_additive": 0.9771098252971041, "rho_curated/additive/nonlin_additive_pairwise": NaN, "rho_random/additive/nonlin_additive_pairwise": NaN, "rho_curated/pairwise/nonlin_additive_pairwise": NaN, "rho_random/pairwise/nonlin_additive_pairwise": NaN, "rho_curated/additive_GE/nonlin_additive_pairwise": NaN, "rho_random/additive_GE/nonlin_additive_pairwise": NaN, "rho_curated/pairwise_GE/nonlin_additive_pairwise": NaN, "rho_random/pairwise_GE/nonlin_additive_pairwise": NaN, "rho_curated_mean": 0.9875554004519006, "rho_random_mean": 0.9800807765353691, "_wandb": {"runtime": 386}}