{"potts/n_edges": 237, "potts/edge_density": 0.79, "potts/J_mean_abs": 3.7924556732177734, "potts/J_std": 3.178363800048828, "_timestamp": 1773691567.2255707, "_runtime": 526.1990487575531, "_step": 21, "gt_scores/additive/std": 1.0845397655127298, "gt_scores/additive/min": -7.869518280029297, "gt_scores/additive/pct5": -4.928722500801086, "gt_scores/additive_pairwise/std": 68.81313742308899, "gt_scores/additive_pairwise/min": -584.96923828125, "gt_scores/additive_pairwise/pct5": -257.44386138916013, "gt_scores/nonlin_additive/std": 0.1521633644541054, "gt_scores/nonlin_additive/min": -0.7983750201741924, "gt_scores/nonlin_additive/pct5": -0.7601459147927325, "gt_scores/nonlin_additive_pairwise/std": 0.010011671810413337, "gt_scores/nonlin_additive_pairwise/min": -0.8012119156418135, "gt_scores/nonlin_additive_pairwise/pct5": -0.8012119156418135, "rho_curated/additive/additive": 0.9999978724719146, "rho_random/additive/additive": 0.9999940743243285, "rho_curated/pairwise/additive": 0.9996880065875129, "rho_random/pairwise/additive": 0.999456775156449, "rho_curated/additive_GE/additive": 0.9999838517673528, "rho_random/additive_GE/additive": 0.9999670489631182, "rho_curated/pairwise_GE/additive": 0.9811351531729533, "rho_random/pairwise_GE/additive": 0.9698009721763945, "rho_curated/additive/additive_pairwise": 0.9742045280315621, "rho_random/additive/additive_pairwise": 0.9598072603074995, "rho_curated/pairwise/additive_pairwise": 0.9988705068907933, "rho_random/pairwise/additive_pairwise": 0.9981333705873556, "rho_curated/additive_GE/additive_pairwise": NaN, "rho_random/additive_GE/additive_pairwise": NaN, "rho_curated/pairwise_GE/additive_pairwise": 0.9794994693474868, "rho_random/pairwise_GE/additive_pairwise": 0.9695517745896423, "rho_curated/additive/nonlin_additive": 0.9981509104219474, "rho_random/additive/nonlin_additive": 0.9978086157477041, "rho_curated/pairwise/nonlin_additive": 0.99559239303159, "rho_random/pairwise/nonlin_additive": 0.9924356771716519, "rho_curated/additive_GE/nonlin_additive": 0.9999909474636377, "rho_random/additive_GE/nonlin_additive": 0.99998598184995, "rho_curated/pairwise_GE/nonlin_additive": 0.9927872059113151, "rho_random/pairwise_GE/nonlin_additive": 0.9918780844241923, "rho_curated/additive/nonlin_additive_pairwise": NaN, "rho_random/additive/nonlin_additive_pairwise": 0.17326328603621527, "rho_curated/pairwise/nonlin_additive_pairwise": NaN, "rho_random/pairwise/nonlin_additive_pairwise": 0.21072620757810487, "rho_curated/additive_GE/nonlin_additive_pairwise": NaN, "rho_random/additive_GE/nonlin_additive_pairwise": NaN, "rho_curated/pairwise_GE/nonlin_additive_pairwise": NaN, "rho_random/pairwise_GE/nonlin_additive_pairwise": 0.16234755502024287, "rho_curated_mean": 0.9927182586452786, "rho_random_mean": 0.8160826202809178, "_wandb": {"runtime": 525}}