{"potts/n_edges": 1235, "potts/edge_density": 0.6977401129943502, "potts/J_mean_abs": 4.035634994506836, "potts/J_std": 3.7021143436431885, "_timestamp": 1773438907.7635486, "_runtime": 529.5561256408691, "_step": 21, "gt_scores/additive/std": 1.5378494799327518, "gt_scores/additive/min": -10.391035079956055, "gt_scores/additive/pct5": -7.101400303840637, "gt_scores/additive_pairwise/std": 112.00391053889491, "gt_scores/additive_pairwise/min": -794.4434814453125, "gt_scores/additive_pairwise/pct5": -437.8352737426758, "gt_scores/nonlin_additive/std": 0.14945225373834564, "gt_scores/nonlin_additive/min": -0.8018450392779615, "gt_scores/nonlin_additive/pct5": -0.767099911032629, "gt_scores/nonlin_additive_pairwise/std": 0.00041218949574765677, "gt_scores/nonlin_additive_pairwise/min": -0.8066738208869829, "gt_scores/nonlin_additive_pairwise/pct5": -0.8066738208869829, "rho_curated/additive/additive": 0.9999951187358048, "rho_random/additive/additive": 0.999988073441126, "rho_curated/pairwise/additive": 0.9990215532248153, "rho_random/pairwise/additive": 0.999030887725718, "rho_curated/additive_GE/additive": 0.9999679564227161, "rho_random/additive_GE/additive": 0.9999261149439775, "rho_curated/pairwise_GE/additive": 0.9919390892685964, "rho_random/pairwise_GE/additive": 0.9876933933044126, "rho_curated/additive/additive_pairwise": 0.9703379190055166, "rho_random/additive/additive_pairwise": 0.957272589177475, "rho_curated/pairwise/additive_pairwise": 0.9665852144626066, "rho_random/pairwise/additive_pairwise": 0.9602612525501808, "rho_curated/additive_GE/additive_pairwise": 0.9705731036302179, "rho_random/additive_GE/additive_pairwise": 0.9585442520010502, "rho_curated/pairwise_GE/additive_pairwise": 0.9490108173524325, "rho_random/pairwise_GE/additive_pairwise": 0.9417930265950315, "rho_curated/additive/nonlin_additive": 0.9952426155771338, "rho_random/additive/nonlin_additive": 0.9944795388522724, "rho_curated/pairwise/nonlin_additive": 0.9906028360552115, "rho_random/pairwise/nonlin_additive": 0.9890382189594922, "rho_curated/additive_GE/nonlin_additive": 0.9999659974946358, "rho_random/additive_GE/nonlin_additive": 0.9999548646843234, "rho_curated/pairwise_GE/nonlin_additive": 0.99197070408625, "rho_random/pairwise_GE/nonlin_additive": 0.9924252125568639, "rho_curated/additive/nonlin_additive_pairwise": NaN, "rho_random/additive/nonlin_additive_pairwise": 0.035257112374326584, "rho_curated/pairwise/nonlin_additive_pairwise": NaN, "rho_random/pairwise/nonlin_additive_pairwise": 0.10152169170027082, "rho_curated/additive_GE/nonlin_additive_pairwise": NaN, "rho_random/additive_GE/nonlin_additive_pairwise": 0.03317674964827797, "rho_curated/pairwise_GE/nonlin_additive_pairwise": NaN, "rho_random/pairwise_GE/nonlin_additive_pairwise": 0.051062660003612516, "rho_curated_mean": 0.9854344104429948, "rho_random_mean": 0.7500891024074007, "_wandb": {"runtime": 529}}