{"potts/n_edges": 87, "potts/edge_density": 0.8285714285714286, "potts/J_mean_abs": 2.4562175273895264, "potts/J_std": 1.91377592086792, "_timestamp": 1773591313.7858937, "_runtime": 524.4751257896423, "_step": 21, "gt_scores/additive/std": 0.9354941049529601, "gt_scores/additive/min": -6.730696678161621, "gt_scores/additive/pct5": -5.088986277580261, "gt_scores/additive_pairwise/std": 29.197641826758048, "gt_scores/additive_pairwise/min": -263.9132995605469, "gt_scores/additive_pairwise/pct5": -227.74392471313476, "gt_scores/nonlin_additive/std": 0.12695859792178035, "gt_scores/nonlin_additive/min": -0.8594803927815321, "gt_scores/nonlin_additive/pct5": -0.8373509757801759, "gt_scores/nonlin_additive_pairwise/std": 1.1102230246251565e-16, "gt_scores/nonlin_additive_pairwise/min": -0.8642349522941661, "gt_scores/nonlin_additive_pairwise/pct5": -0.8642349522941661, "rho_curated/additive/additive": 0.9999975123758996, "rho_random/additive/additive": 0.9999926284353786, "rho_curated/pairwise/additive": 0.9999750356069926, "rho_random/pairwise/additive": 0.9999439517943487, "rho_curated/additive_GE/additive": 0.9999839312313511, "rho_random/additive_GE/additive": 0.9999660238976553, "rho_curated/pairwise_GE/additive": 0.9997161706365311, "rho_random/pairwise_GE/additive": 0.9994660905572451, "rho_curated/additive/additive_pairwise": 0.9457766464591618, "rho_random/additive/additive_pairwise": 0.9028083465406009, "rho_curated/pairwise/additive_pairwise": 0.9999657265346283, "rho_random/pairwise/additive_pairwise": 0.999936557344685, "rho_curated/additive_GE/additive_pairwise": 0.9457118605458688, "rho_random/additive_GE/additive_pairwise": 0.901632402957694, "rho_curated/pairwise_GE/additive_pairwise": 0.999565337902572, "rho_random/pairwise_GE/additive_pairwise": 0.9994292115999481, "rho_curated/additive/nonlin_additive": 0.9957026426983523, "rho_random/additive/nonlin_additive": 0.9948493258923211, "rho_curated/pairwise/nonlin_additive": 0.9991814843349058, "rho_random/pairwise/nonlin_additive": 0.9966078391065591, "rho_curated/additive_GE/nonlin_additive": 0.9999881650715216, "rho_random/additive_GE/nonlin_additive": 0.9999875106344, "rho_curated/pairwise_GE/nonlin_additive": 0.9995637431503404, "rho_random/pairwise_GE/nonlin_additive": 0.9996289372241476, "rho_curated/additive/nonlin_additive_pairwise": NaN, "rho_random/additive/nonlin_additive_pairwise": NaN, "rho_curated/pairwise/nonlin_additive_pairwise": NaN, "rho_random/pairwise/nonlin_additive_pairwise": NaN, "rho_curated/additive_GE/nonlin_additive_pairwise": NaN, "rho_random/additive_GE/nonlin_additive_pairwise": NaN, "rho_curated/pairwise_GE/nonlin_additive_pairwise": NaN, "rho_random/pairwise_GE/nonlin_additive_pairwise": NaN, "rho_curated_mean": 0.9904273547123438, "rho_random_mean": 0.9828540688320819, "_wandb": {"runtime": 524}}