{"potts/n_edges": 468, "potts/edge_density": 0.7865546218487395, "potts/J_mean_abs": 3.5658516883850098, "potts/J_std": 2.8436756134033203, "_timestamp": 1773652490.9016159, "_runtime": 501.26018476486206, "_step": 21, "gt_scores/additive/std": 1.2980668102345851, "gt_scores/additive/min": -10.26136302947998, "gt_scores/additive/pct5": -6.319049310684204, "gt_scores/additive_pairwise/std": 102.25201092351432, "gt_scores/additive_pairwise/min": -726.5286865234375, "gt_scores/additive_pairwise/pct5": -419.7596221923828, "gt_scores/nonlin_additive/std": 0.14330294331091115, "gt_scores/nonlin_additive/min": -0.8247283449624246, "gt_scores/nonlin_additive/pct5": -0.7911553785664509, "gt_scores/nonlin_additive_pairwise/std": 1.2150356879491497e-05, "gt_scores/nonlin_additive_pairwise/min": -0.8264821477501916, "gt_scores/nonlin_additive_pairwise/pct5": -0.8264821477501916, "rho_curated/additive/additive": 0.9999968236238727, "rho_random/additive/additive": 0.999989432492569, "rho_curated/pairwise/additive": 0.9989151963325297, "rho_random/pairwise/additive": 0.9983410243850883, "rho_curated/additive_GE/additive": 0.9999590575103593, "rho_random/additive_GE/additive": 0.999909397044193, "rho_curated/pairwise_GE/additive": 0.9597347187695232, "rho_random/pairwise_GE/additive": 0.9318827831015927, "rho_curated/additive/additive_pairwise": 0.9818070894558469, "rho_random/additive/additive_pairwise": 0.9699659213274193, "rho_curated/pairwise/additive_pairwise": 0.9846804656668509, "rho_random/pairwise/additive_pairwise": 0.9786718129202653, "rho_curated/additive_GE/additive_pairwise": 0.9820122081511932, "rho_random/additive_GE/additive_pairwise": 0.9700137922044628, "rho_curated/pairwise_GE/additive_pairwise": 0.9462242081756778, "rho_random/pairwise_GE/additive_pairwise": 0.9334964106632949, "rho_curated/additive/nonlin_additive": 0.9966637862183915, "rho_random/additive/nonlin_additive": 0.9967803755136707, "rho_curated/pairwise/nonlin_additive": 0.9867026357394674, "rho_random/pairwise/nonlin_additive": 0.9802459842907835, "rho_curated/additive_GE/nonlin_additive": 0.9999745598789818, "rho_random/additive_GE/nonlin_additive": 0.9999715211282918, "rho_curated/pairwise_GE/nonlin_additive": 0.9814587873534616, "rho_random/pairwise_GE/nonlin_additive": 0.9777200484262853, "rho_curated/additive/nonlin_additive_pairwise": NaN, "rho_random/additive/nonlin_additive_pairwise": 0.052986351548406835, "rho_curated/pairwise/nonlin_additive_pairwise": NaN, "rho_random/pairwise/nonlin_additive_pairwise": NaN, "rho_curated/additive_GE/nonlin_additive_pairwise": NaN, "rho_random/additive_GE/nonlin_additive_pairwise": NaN, "rho_curated/pairwise_GE/nonlin_additive_pairwise": NaN, "rho_random/pairwise_GE/nonlin_additive_pairwise": 0.05324419473782635, "rho_curated_mean": 0.984844128073013, "rho_random_mean": 0.845944217841725, "_wandb": {"runtime": 500}}