library_index,position_i_1based,position_j_1based,interaction
19902,2,3,0.07389986515045166
19902,2,10,-0.06558108329772949
19902,2,12,-0.0030618906021118164
19902,2,13,-0.08846545219421387
19902,2,15,0.06405282020568848
19902,2,19,0.0618741512298584
19902,2,20,-0.17157119512557983
19902,2,21,0.050713300704956055
19902,2,22,0.029904603958129883
19902,2,23,-0.15562224388122559
19902,2,24,-0.06550049781799316
19902,2,26,-0.017243027687072754
19902,2,29,-0.10596919059753418
19902,2,40,0.03205430507659912
19902,3,10,-0.4517486095428467
19902,3,12,-0.0900464653968811
19902,3,13,-0.36131829023361206
19902,3,15,0.4408370852470398
19902,3,19,0.4358951449394226
19902,3,20,-0.6308925151824951
19902,3,21,0.4198896288871765
19902,3,22,0.29829686880111694
19902,3,23,-0.5125024914741516
19902,3,24,0.1530582308769226
19902,3,26,-0.06747192144393921
19902,3,29,-0.6558770537376404
19902,3,40,0.13903385400772095
19902,10,12,-0.29846465587615967
19902,10,13,-0.14766418933868408
19902,10,15,0.3393747806549072
19902,10,19,0.332366943359375
19902,10,20,-0.6075904965400696
19902,10,21,0.30811524391174316
19902,10,22,0.25103068351745605
19902,10,23,-0.4683194160461426
19902,10,24,0.07634973526000977
19902,10,26,-0.07529574632644653
19902,10,29,-0.5639564990997314
19902,10,40,0.1165313720703125
19902,12,13,-0.3648594617843628
19902,12,15,0.034081220626831055
19902,12,19,0.025332927703857422
19902,12,20,-0.10847383737564087
19902,12,21,-0.0008628368377685547
19902,12,22,0.028209447860717773
19902,12,23,-0.12559378147125244
19902,12,24,-0.021683454513549805
19902,12,26,0.010945320129394531
19902,12,29,-0.10142397880554199
19902,12,40,0.014185309410095215
19902,13,15,2.1345242261886597
19902,13,19,1.9475456476211548
19902,13,20,0.19477075338363647
19902,13,21,2.3084899187088013
19902,13,22,2.057479977607727
19902,13,23,0.4493824243545532
19902,13,24,1.6327029466629028
19902,13,26,-0.04506850242614746
19902,13,29,0.02792227268218994
19902,13,40,0.47440147399902344
19902,15,19,-0.2769124507904053
19902,15,20,1.359922707080841
19902,15,21,0.15350675582885742
19902,15,22,1.1572924852371216
19902,15,23,1.6628650426864624
19902,15,24,1.880836546421051
19902,15,26,0.08368968963623047
19902,15,29,1.2625722885131836
19902,15,40,-0.11224448680877686
19902,19,20,1.2192088961601257
19902,19,21,-0.045348405838012695
19902,19,22,0.6995999813079834
19902,19,23,1.636041283607483
19902,19,24,1.9849441051483154
19902,19,26,0.09276330471038818
19902,19,29,1.2703207731246948
19902,19,40,-0.11088407039642334
19902,20,21,1.518735945224762
19902,20,22,1.4224432110786438
19902,20,23,-0.15051311254501343
19902,20,24,0.9795451760292053
19902,20,26,0.4117140769958496
19902,20,29,-0.04210084676742554
19902,20,40,0.36870113015174866
19902,21,22,3.831813097000122
19902,21,23,1.842242956161499
19902,21,24,3.327287435531616
19902,21,26,0.2000110149383545
19902,21,29,1.3192803859710693
19902,21,40,-0.08088076114654541
19902,22,23,1.799842119216919
19902,22,24,3.319108009338379
19902,22,26,0.07443785667419434
19902,22,29,1.1907260417938232
19902,22,40,0.03343045711517334
19902,23,24,1.513096570968628
19902,23,26,-0.8064937591552734
19902,23,29,-0.34847044944763184
19902,23,40,0.41994041204452515
19902,24,26,0.2003624439239502
19902,24,29,0.8813412189483643
19902,24,40,0.3828028440475464
19902,26,29,-0.4587063789367676
19902,26,40,0.04166209697723389
19902,29,40,0.3356689214706421
19928,9,21,-0.01691889762878418
19928,9,22,0.0001895427703857422
19928,9,23,0.0835731029510498
19928,9,24,-0.033341169357299805
19928,9,25,0.008872747421264648
19928,9,39,-0.025570154190063477
19928,21,22,3.621968984603882
19928,21,23,2.518791675567627
19928,21,24,3.4705874919891357
19928,21,25,3.463770627975464
19928,21,39,0.09487652778625488
19928,22,23,2.6630191802978516
19928,22,24,3.655565023422241
19928,22,25,3.575934410095215
19928,22,39,-0.025792837142944336
19928,23,24,2.5186686515808105
19928,23,25,2.406209707260132
19928,23,39,0.5006446838378906
19928,24,25,3.505178928375244
19928,24,39,0.06002974510192871
19928,25,39,0.12500691413879395
19988,4,8,0.10943210124969482
19988,4,10,-0.2859887480735779
19988,4,15,0.1286935806274414
19988,4,17,0.010084152221679688
19988,4,18,-0.2041190266609192
19988,4,19,-0.20720350742340088
19988,4,20,0.03963935375213623
19988,4,22,-0.016264796257019043
19988,4,24,0.0720587968826294
19988,4,25,0.06616461277008057
19988,4,27,-0.1105271577835083
19988,4,38,-0.3585579991340637
19988,4,39,0.015257835388183594
19988,4,41,0.046097636222839355
19988,8,10,0.24621111154556274
19988,8,15,-0.12086868286132812
19988,8,17,-0.0117340087890625
19988,8,18,0.21566009521484375
19988,8,19,0.5016323328018188
19988,8,20,-0.037406325340270996
19988,8,22,0.18480944633483887
19988,8,24,0.08466577529907227
19988,8,25,0.0486910343170166
19988,8,27,0.2631723880767822
19988,8,38,0.5478030443191528
19988,8,39,-0.008057951927185059
19988,8,41,-0.039585113525390625
19988,10,15,0.38054150342941284
19988,10,17,0.20021790266036987
19988,10,18,-0.37515145540237427
19988,10,19,-0.20654374361038208
19988,10,20,0.061205923557281494
19988,10,22,0.11655110120773315
19988,10,24,0.26466506719589233
19988,10,25,0.25473135709762573
19988,10,27,-0.02098923921585083
19988,10,38,-0.6582323312759399
19988,10,39,0.046119868755340576
19988,10,41,0.11386674642562866
19988,15,17,-0.012635469436645508
19988,15,18,0.42901182174682617
19988,15,19,1.949907898902893
19988,15,20,-0.07792162895202637
19988,15,22,0.8144079446792603
19988,15,24,0.31305432319641113
19988,15,25,0.31319236755371094
19988,15,27,1.130086064338684
19988,15,38,1.0914271473884583
19988,15,39,-0.029904603958129883
19988,15,41,-0.06918537616729736
19988,17,18,0.12259268760681152
19988,17,19,0.4460184574127197
19988,17,20,-0.010338306427001953
19988,17,22,-0.0524904727935791
19988,17,24,0.013228893280029297
19988,17,25,0.06383895874023438
19988,17,27,0.1243293285369873
19988,17,38,0.17243081331253052
19988,17,39,-0.010988712310791016
19988,17,41,-0.030720233917236328
19988,18,19,0.10798215866088867
19988,18,20,0.24590563774108887
19988,18,22,-0.022985219955444336
19988,18,24,0.21288800239562988
19988,18,25,0.2154695987701416
19988,18,27,-0.03602337837219238
19988,18,38,-0.5852189660072327
19988,18,39,0.08150815963745117
19988,18,41,0.10679233074188232
19988,19,20,0.030241966247558594
19988,19,22,2.2938730716705322
19988,19,24,2.600653648376465
19988,19,25,2.5977096557617188
19988,19,27,2.092311382293701
19988,19,38,0.5939339995384216
19988,19,39,0.03520345687866211
19988,19,41,0.29755961894989014
19988,20,22,0.5184144973754883
19988,20,24,0.10461807250976562
19988,20,25,0.24072003364562988
19988,20,27,0.214766263961792
19988,20,38,0.33479440212249756
19988,20,39,-0.009802103042602539
19988,20,41,-0.025194883346557617
19988,22,24,3.2631313800811768
19988,22,25,3.2636470794677734
19988,22,27,2.6745002269744873
19988,22,38,1.0545782446861267
19988,22,39,0.1571516990661621
19988,22,41,0.22326970100402832
19988,24,25,3.667262315750122
19988,24,27,2.902402639389038
19988,24,38,1.2718965411186218
19988,24,39,-0.02878260612487793
19988,24,41,0.005853414535522461
19988,25,27,2.910729169845581
19988,25,38,1.3201674818992615
19988,25,39,0.01598644256591797
19988,25,41,0.07878971099853516
19988,27,38,0.8159601092338562
19988,27,39,-0.0706324577331543
19988,27,41,0.05358386039733887
19988,38,39,0.4087350368499756
19988,38,41,0.3851051926612854
19988,39,41,-0.011940956115722656
19903,3,5,0.1956465244293213
19903,3,7,0.18111079931259155
19903,3,11,-0.3562319874763489
19903,3,18,-0.0021516084671020508
19903,3,19,0.12607836723327637
19903,3,22,-0.28536128997802734
19903,3,23,0.46794062852859497
19903,3,24,-0.33420294523239136
19903,3,26,-0.48434627056121826
19903,3,27,0.5025306344032288
19903,3,28,0.7867605090141296
19903,3,32,-0.7587121427059174
19903,3,37,-0.11914104223251343
19903,3,38,-0.2555316090583801
19903,5,7,0.01635444164276123
19903,5,11,0.06136512756347656
19903,5,18,-0.0047037601470947266
19903,5,19,-0.020188093185424805
19903,5,22,0.07198315858840942
19903,5,23,-0.039284586906433105
19903,5,24,0.41755229234695435
19903,5,26,0.09336888790130615
19903,5,27,0.01055598258972168
19903,5,28,-0.0629199743270874
19903,5,32,0.16553112864494324
19903,5,37,0.1341155767440796
19903,5,38,0.22485125064849854
19903,7,11,0.09015536308288574
19903,7,18,-0.0055768489837646484
19903,7,19,0.0034972429275512695
19903,7,22,-0.21748584508895874
19903,7,23,-0.007762312889099121
19903,7,24,-0.25898540019989014
19903,7,26,0.0442577600479126
19903,7,27,0.03998887538909912
19903,7,28,-0.0230410099029541
19903,7,32,0.043319135904312134
19903,7,37,0.04631531238555908
19903,7,38,0.13342416286468506
19903,11,18,-0.0667334794998169
19903,11,19,0.10469388961791992
19903,11,22,-0.21725958585739136
19903,11,23,0.1438922882080078
19903,11,24,-0.07027661800384521
19903,11,26,-0.1519390344619751
19903,11,27,0.08730196952819824
19903,11,28,0.24032211303710938
19903,11,32,-0.46319642663002014
19903,11,37,-0.2751634120941162
19903,11,38,-0.3256598711013794
19903,18,19,-0.07428562641143799
19903,18,22,0.4832738935947418
19903,18,23,-0.03865456581115723
19903,18,24,0.2661173343658447
19903,18,26,0.06920313835144043
19903,18,27,-0.0003743171691894531
19903,18,28,0.0041571855545043945
19903,18,32,-0.03570780158042908
19903,18,37,0.020534753799438477
19903,18,38,-0.06870245933532715
19903,19,22,-0.27508026361465454
19903,19,23,-0.04187667369842529
19903,19,24,0.5424391031265259
19903,19,26,0.05762135982513428
19903,19,27,0.10548973083496094
19903,19,28,-0.05325520038604736
19903,19,32,0.08634528517723083
19903,19,37,0.1539919376373291
19903,19,38,0.2006380558013916
19903,22,23,0.6003477573394775
19903,22,24,2.90924072265625
19903,22,26,1.0303339958190918
19903,22,27,1.341319501399994
19903,22,28,1.444005310535431
19903,22,32,-0.502962201833725
19903,22,37,0.44555777311325073
19903,22,38,0.2645493149757385
19903,23,24,1.2599736452102661
19903,23,26,-0.23242521286010742
19903,23,27,0.5554444789886475
19903,23,28,-0.2036653757095337
19903,23,32,0.5738501250743866
19903,23,37,0.9566380977630615
19903,23,38,0.8722822070121765
19903,24,26,0.4689173698425293
19903,24,27,1.687086820602417
19903,24,28,1.9120616912841797
19903,24,32,-0.39110806584358215
19903,24,37,0.721991777420044
19903,24,38,0.6547075510025024
19903,26,27,0.3787863254547119
19903,26,28,0.3341134786605835
19903,26,32,-0.451486736536026
19903,26,37,-0.20683884620666504
19903,26,38,-0.2383486032485962
19903,27,28,2.4423640072345734
19903,27,32,0.8561131656169891
19903,27,37,2.3410041332244873
19903,27,38,2.0780316591262817
19903,28,32,0.9469350278377533
19903,28,37,2.6497186422348022
19903,28,38,2.4377365112304688
19903,32,37,-0.06044843792915344
19903,32,38,-0.3534683287143707
19903,37,38,1.9732061624526978
19955,3,7,0.24123036861419678
19955,3,12,0.23038828372955322
19955,3,15,0.40252041816711426
19955,3,19,0.18868958950042725
19955,3,20,-0.5106052160263062
19955,3,21,-0.11630773544311523
19955,3,24,-0.228753924369812
19955,3,25,-0.39728641510009766
19955,3,26,-0.21947866678237915
19955,3,29,-0.024290084838867188
19955,3,33,0.30401575565338135
19955,3,35,0.38024353981018066
19955,3,36,0.2246379852294922
19955,3,39,0.016840219497680664
19955,7,12,-0.07818853855133057
19955,7,15,-0.1370624303817749
19955,7,19,-0.06372284889221191
19955,7,20,0.34719955921173096
19955,7,21,0.33089911937713623
19955,7,24,0.3365565538406372
19955,7,25,0.47715631127357483
19955,7,26,0.10227739810943604
19955,7,29,0.03591203689575195
19955,7,33,-0.1017155647277832
19955,7,35,-0.0981149673461914
19955,7,36,0.08811759948730469
19955,7,39,-0.020052790641784668
19955,12,15,-0.16165101528167725
19955,12,19,-0.07722675800323486
19955,12,20,0.35658013820648193
19955,12,21,0.3439033031463623
19955,12,24,0.566089391708374
19955,12,25,0.5947420597076416
19955,12,26,0.09536945819854736
19955,12,29,0.022526025772094727
19955,12,33,-0.12074339389801025
19955,12,35,-0.11493945121765137
19955,12,36,0.09289884567260742
19955,12,39,-0.023943185806274414
19955,15,19,-0.1460810899734497
19955,15,20,0.7336362600326538
19955,15,21,2.5163779258728027
19955,15,24,2.173049569129944
19955,15,25,1.4644041061401367
19955,15,26,0.27981483936309814
19955,15,29,0.042315006256103516
19955,15,33,-0.22134912014007568
19955,15,35,0.34394991397857666
19955,15,36,2.151792347431183
19955,15,39,-0.04755961894989014
19955,19,20,0.10261183977127075
19955,19,21,-0.20353901386260986
19955,19,24,0.9908904433250427
19955,19,25,0.6011192202568054
19955,19,26,0.14224028587341309
19955,19,29,-0.0017769336700439453
19955,19,33,-0.10673749446868896
19955,19,35,-0.10205566883087158
19955,19,36,0.08335721492767334
19955,19,39,-0.021450281143188477
19955,20,21,0.7889118194580078
19955,20,24,-0.14117109775543213
19955,20,25,0.33626461029052734
19955,20,26,0.12707892060279846
19955,20,29,0.20527833700180054
19955,20,33,0.5293575525283813
19955,20,35,0.7504851818084717
19955,20,36,0.5529537200927734
19955,20,39,0.09586799144744873
19955,21,24,2.2930848598480225
19955,21,25,1.3538846969604492
19955,21,26,0.499836802482605
19955,21,29,0.0045233964920043945
19955,21,33,0.8633497953414917
19955,21,35,3.0011264085769653
19955,21,36,2.6966077089309692
19955,21,39,0.05152904987335205
19955,24,25,2.8903759717941284
19955,24,26,0.4971010684967041
19955,24,29,0.058782100677490234
19955,24,33,1.1775729954242706
19955,24,35,2.491875410079956
19955,24,36,2.2039339542388916
19955,24,39,0.026943087577819824
19955,25,26,-0.4407702684402466
19955,25,29,-1.0736117362976074
19955,25,33,1.0206937789916992
19955,25,35,1.6654913425445557
19955,25,36,1.4146056175231934
19955,25,39,0.15444952249526978
19955,26,29,-0.200556218624115
19955,26,33,0.1571967601776123
19955,26,35,0.2821711301803589
19955,26,36,0.17694318294525146
19955,26,39,0.031845808029174805
19955,29,33,0.036100029945373535
19955,29,35,0.04283797740936279
19955,29,36,0.008243203163146973
19955,29,39,0.00662684440612793
19955,33,35,-0.20654559135437012
19955,33,36,0.3055992126464844
19955,33,39,-0.02135014533996582
19955,35,36,3.83664071559906
19955,35,39,-0.01959860324859619
19955,36,39,-0.015025019645690918
19981,1,2,-0.0310361385345459
19981,1,7,-0.005080819129943848
19981,1,8,-0.014803051948547363
19981,1,10,-0.015933990478515625
19981,1,11,-0.013261556625366211
19981,1,12,0.0026826858520507812
19981,1,16,-0.001150369644165039
19981,1,19,0.04103434085845947
19981,1,21,-0.0003268718719482422
19981,1,22,0.24343466758728027
19981,1,26,0.08688491582870483
19981,1,27,0.019275665283203125
19981,1,35,0.003065943717956543
19981,1,37,-0.0451812744140625
19981,2,7,-0.051865220069885254
19981,2,8,-0.024599075317382812
19981,2,10,-0.04727029800415039
19981,2,11,0.0029861927032470703
19981,2,12,0.11644768714904785
19981,2,16,-0.019427061080932617
19981,2,19,0.24666494131088257
19981,2,21,0.06625247001647949
19981,2,22,0.30061662197113037
19981,2,26,0.5605501532554626
19981,2,27,0.27663397789001465
19981,2,35,-0.01754319667816162
19981,2,37,0.15708088874816895
19981,7,8,0.014735102653503418
19981,7,10,-0.0357893705368042
19981,7,11,-0.007682085037231445
19981,7,12,0.12691926956176758
19981,7,16,0.02256941795349121
19981,7,19,0.26621848344802856
19981,7,21,0.04544711112976074
19981,7,22,0.20133233070373535
19981,7,26,0.41722506284713745
19981,7,27,0.22860217094421387
19981,7,35,-0.008348584175109863
19981,7,37,0.17294073104858398
19981,8,10,0.006350398063659668
19981,8,11,-0.0350186824798584
19981,8,12,0.13457858562469482
19981,8,16,-0.008638501167297363
19981,8,19,0.12107342481613159
19981,8,21,0.05023002624511719
19981,8,22,0.2231217622756958
19981,8,26,0.1672440767288208
19981,8,27,-0.0014618635177612305
19981,8,35,-0.023391246795654297
19981,8,37,0.045642733573913574
19981,10,11,-0.0691232681274414
19981,10,12,0.0534367561340332
19981,10,16,0.014560818672180176
19981,10,19,0.2230420708656311
19981,10,21,0.08182001113891602
19981,10,22,0.3721802830696106
19981,10,26,0.377915620803833
19981,10,27,0.10520601272583008
19981,10,35,-0.009928107261657715
19981,10,37,0.12196755409240723
19981,11,12,0.0354689359664917
19981,11,16,-0.0004965066909790039
19981,11,19,-0.07316702604293823
19981,11,21,-0.014333724975585938
19981,11,22,0.19306576251983643
19981,11,26,0.09895575046539307
19981,11,27,-0.02215576171875
19981,11,35,-0.018714070320129395
19981,11,37,0.0404738187789917
19981,12,16,0.025619983673095703
19981,12,19,-0.6632193922996521
19981,12,21,-0.3250194787979126
19981,12,22,-0.10537302494049072
19981,12,26,-0.6170320510864258
19981,12,27,-0.08507418632507324
19981,12,35,0.042386651039123535
19981,12,37,-0.22848880290985107
19981,16,19,0.009807825088500977
19981,16,21,-0.276302695274353
19981,16,22,-0.06410360336303711
19981,16,26,0.12911683320999146
19981,16,27,0.060770273208618164
19981,16,35,-0.009610652923583984
19981,16,37,0.008678197860717773
19981,19,21,-0.4952927231788635
19981,19,22,1.163765013217926
19981,19,26,-0.4961034655570984
19981,19,27,0.23963826894760132
19981,19,35,0.13229113817214966
19981,19,37,-0.5502848029136658
19981,21,22,1.6671014428138733
19981,21,26,0.7050696611404419
19981,21,27,0.4018890857696533
19981,21,35,0.04832291603088379
19981,21,37,-0.09647327661514282
19981,22,26,0.8874930143356323
19981,22,27,1.6509912014007568
19981,22,35,0.25078892707824707
19981,22,37,-0.16227436065673828
19981,26,27,1.1512833833694458
19981,26,35,-0.13354229927062988
19981,26,37,-0.45840978622436523
19981,27,35,0.014636397361755371
19981,27,37,0.05171537399291992
19981,35,37,-0.3065423369407654
19989,3,6,-0.028887152671813965
19989,3,7,0.0006155967712402344
19989,3,11,-0.0893174409866333
19989,3,14,-0.07793271541595459
19989,3,16,-0.46965229511260986
19989,3,17,-0.5038188099861145
19989,3,19,-0.290027379989624
19989,3,23,-0.40056562423706055
19989,3,24,0.1000288724899292
19989,3,25,-0.33486175537109375
19989,3,26,-0.41732287406921387
19989,3,27,-0.49872660636901855
19989,3,37,0.13560032844543457
19989,3,39,0.07684648036956787
19989,6,7,-0.01131904125213623
19989,6,11,0.03860044479370117
19989,6,14,0.033541083335876465
19989,6,16,0.14055687189102173
19989,6,17,0.0629885196685791
19989,6,19,0.053838253021240234
19989,6,23,0.08446240425109863
19989,6,24,0.02013838291168213
19989,6,25,-0.10406017303466797
19989,6,26,0.08008432388305664
19989,6,27,0.02949845790863037
19989,6,37,-0.010716080665588379
19989,6,39,-0.0024684667587280273
19989,7,11,-0.021381616592407227
19989,7,14,-0.012401819229125977
19989,7,16,-0.1054885983467102
19989,7,17,-0.08196276426315308
19989,7,19,-0.1436460018157959
19989,7,23,-0.14981675148010254
19989,7,24,0.15674805641174316
19989,7,25,-0.09593844413757324
19989,7,26,-0.12052226066589355
19989,7,27,-0.08317035436630249
19989,7,37,0.024618864059448242
19989,7,39,0.016339540481567383
19989,11,14,0.03019559383392334
19989,11,16,-0.1518695056438446
19989,11,17,-0.11796104907989502
19989,11,19,-0.3128073215484619
19989,11,23,-0.3530397415161133
19989,11,24,-0.010183930397033691
19989,11,25,-0.3169548511505127
19989,11,26,-0.27918827533721924
19989,11,27,-0.32293593883514404
19989,11,37,0.08702027797698975
19989,11,39,0.07113301753997803
19989,14,16,0.0168495774269104
19989,14,17,0.23269140720367432
19989,14,19,0.21201860904693604
19989,14,23,0.007151603698730469
19989,14,24,0.0077626705169677734
19989,14,25,-0.19055521488189697
19989,14,26,-0.12784862518310547
19989,14,27,-0.011686921119689941
19989,14,37,-0.0016231536865234375
19989,14,39,-0.00028014183044433594
19989,16,17,0.2600763440132141
19989,16,19,-0.40897440910339355
19989,16,23,-0.44166338443756104
19989,16,24,0.30056703090667725
19989,16,25,-0.7078969478607178
19989,16,26,-0.3721179962158203
19989,16,27,-0.818618893623352
19989,16,37,0.4420725107192993
19989,16,39,0.31343352794647217
19989,17,19,0.04826122522354126
19989,17,23,-0.37441951036453247
19989,17,24,0.8161162734031677
19989,17,25,-0.20153993368148804
19989,17,26,0.0724974274635315
19989,17,27,-0.6030979752540588
19989,17,37,0.5951990485191345
19989,17,39,0.4292812943458557
19989,19,23,0.25599586963653564
19989,19,24,1.6936668157577515
19989,19,25,0.3901333808898926
19989,19,26,0.550452709197998
19989,19,27,-0.04214012622833252
19989,19,37,0.855046808719635
19989,19,39,0.4027073383331299
19989,23,24,1.4991860389709473
19989,23,25,0.4723576307296753
19989,23,26,0.7851196527481079
19989,23,27,-0.14879894256591797
19989,23,37,0.6515926718711853
19989,23,39,0.41484588384628296
19989,24,25,3.6736029982566833
19989,24,26,1.60934317111969
19989,24,27,0.7365684509277344
19989,24,37,0.28258681297302246
19989,24,39,0.1320643424987793
19989,25,26,0.3815732002258301
19989,25,27,-0.16392982006072998
19989,25,37,0.586974173784256
19989,25,39,0.48862969875335693
19989,26,27,0.1385124921798706
19989,26,37,0.8193649649620056
19989,26,39,0.4301972985267639
19989,27,37,0.5357497930526733
19989,27,39,0.37050575017929077
19989,37,39,-0.07349634170532227
19982,4,5,0.09443318843841553
19982,4,9,0.021488547325134277
19982,4,10,-0.25069260597229004
19982,4,13,-0.4031177759170532
19982,4,19,0.23895859718322754
19982,4,20,-0.37505120038986206
19982,4,21,0.11964499950408936
19982,4,23,-0.39973294734954834
19982,4,24,0.09515917301177979
19982,4,25,-0.11022698879241943
19982,4,29,-0.5590506494045258
19982,4,34,0.23061561584472656
19982,4,38,-0.39397794008255005
19982,4,41,-0.026527047157287598
19982,5,9,0.014856815338134766
19982,5,10,0.065024733543396
19982,5,13,0.15346932411193848
19982,5,19,-0.06000685691833496
19982,5,20,0.15421611070632935
19982,5,21,0.011986136436462402
19982,5,23,0.23838090896606445
19982,5,24,0.014902949333190918
19982,5,25,0.2037259340286255
19982,5,29,0.16058436036109924
19982,5,34,-0.05670726299285889
19982,5,38,0.14435893297195435
19982,5,41,0.004566311836242676
19982,9,10,-0.033705830574035645
19982,9,13,-0.07767999172210693
19982,9,19,-0.02329838275909424
19982,9,20,0.01896798610687256
19982,9,21,0.009438157081604004
19982,9,23,0.06850719451904297
19982,9,24,0.04216611385345459
19982,9,25,0.010578036308288574
19982,9,29,0.1057557761669159
19982,9,34,-0.023978590965270996
19982,9,38,0.04575502872467041
19982,9,41,0.00236356258392334
19982,10,13,-0.2058473825454712
19982,10,19,0.32562220096588135
19982,10,20,-0.473694384098053
19982,10,21,0.19381201267242432
19982,10,23,-0.4117468595504761
19982,10,24,0.10020363330841064
19982,10,25,-0.08224570751190186
19982,10,29,-0.5571130216121674
19982,10,34,0.318825364112854
19982,10,38,-0.4976584315299988
19982,10,41,-0.020954012870788574
19982,13,19,1.5338553190231323
19982,13,20,-0.4752044081687927
19982,13,21,1.8362642526626587
19982,13,23,0.3820377588272095
19982,13,24,1.4535845518112183
19982,13,25,1.0209628343582153
19982,13,29,-0.3596852719783783
19982,13,34,1.5793159008026123
19982,13,38,-0.5611444115638733
19982,13,41,-0.03757810592651367
19982,19,20,0.5605089068412781
19982,19,21,0.1995856761932373
19982,19,23,1.647816777229309
19982,19,24,1.0154367685317993
19982,19,25,1.5076040625572205
19982,19,29,0.9542324841022491
19982,19,34,-0.24188292026519775
19982,19,38,0.54607754945755
19982,19,41,0.02037811279296875
19982,20,21,0.6519635319709778
19982,20,23,-0.2002694010734558
19982,20,24,0.3667195439338684
19982,20,25,0.2192590832710266
19982,20,29,-0.09658315777778625
19982,20,34,0.5817925333976746
19982,20,38,-0.5466560125350952
19982,20,41,-0.06064194440841675
19982,21,23,1.9262276887893677
19982,21,24,3.2363287210464478
19982,21,25,2.8372873067855835
19982,21,29,0.8669182360172272
19982,21,34,0.6690371036529541
19982,21,38,0.4432772994041443
19982,21,41,-0.02428758144378662
19982,23,24,1.8516536951065063
19982,23,25,1.344826102256775
19982,23,29,-0.361212819814682
19982,23,34,1.5548555850982666
19982,23,38,-0.46711426973342896
19982,23,41,-0.01289057731628418
19982,24,25,2.9997249841690063
19982,24,29,0.746262937784195
19982,24,34,1.18849778175354
19982,24,38,0.34047526121139526
19982,24,41,0.007206559181213379
19982,25,29,0.4478384554386139
19982,25,34,1.4432572722434998
19982,25,38,0.28255051374435425
19982,25,41,0.011874079704284668
19982,29,34,0.8658721745014191
19982,29,38,-0.880192905664444
19982,29,41,-0.06763973832130432
19982,34,38,0.5103583931922913
19982,34,41,0.01682114601135254
19982,38,41,-0.035137176513671875
19977,3,6,0.03773295879364014
19977,3,8,0.07254111766815186
19977,3,10,-0.3415963649749756
19977,3,11,-0.10772156715393066
19977,3,15,0.28784430027008057
19977,3,20,-0.5280120968818665
19977,3,22,-0.24373459815979004
19977,3,24,-0.2830054759979248
19977,3,25,-0.09142982959747314
19977,3,28,-0.17374193668365479
19977,3,29,0.17818963527679443
19977,3,30,-0.014171361923217773
19977,3,33,-0.024184584617614746
19977,3,37,-0.02905583381652832
19977,6,8,-0.05440497398376465
19977,6,10,0.2784404158592224
19977,6,11,0.08874154090881348
19977,6,15,-0.11164820194244385
19977,6,20,0.45309340953826904
19977,6,22,0.21810543537139893
19977,6,24,0.3420252799987793
19977,6,25,0.2018139362335205
19977,6,28,0.2730048894882202
19977,6,29,0.0027350187301635742
19977,6,30,0.01369929313659668
19977,6,33,0.15141785144805908
19977,6,37,0.03314030170440674
19977,8,10,0.2389419674873352
19977,8,11,0.0746924877166748
19977,8,15,-0.0942380428314209
19977,8,20,0.48564034700393677
19977,8,22,0.39248281717300415
19977,8,24,0.2540940046310425
19977,8,25,0.40203261375427246
19977,8,28,0.20642471313476562
19977,8,29,0.015426397323608398
19977,8,30,-0.0031807422637939453
19977,8,33,0.19243502616882324
19977,8,37,0.011305689811706543
19977,10,11,-0.24385961890220642
19977,10,15,0.5773280262947083
19977,10,20,-0.6871963739395142
19977,10,22,-0.35442787408828735
19977,10,24,-0.2538655400276184
19977,10,25,-0.031059205532073975
19977,10,28,-0.015913188457489014
19977,10,29,0.41364842653274536
19977,10,30,-0.078072190284729
19977,10,33,0.16213637590408325
19977,10,37,-0.12895292043685913
19977,11,15,0.18380916118621826
19977,11,20,-0.3447733521461487
19977,11,22,-0.20877671241760254
19977,11,24,-0.300889253616333
19977,11,25,-0.12027084827423096
19977,11,28,-0.1648770570755005
19977,11,29,0.09379184246063232
19977,11,30,0.0006120204925537109
19977,11,33,-0.017734169960021973
19977,11,37,-0.01609480381011963
19977,15,20,1.4808053374290466
19977,15,22,1.7608286142349243
19977,15,24,1.9862221479415894
19977,15,25,1.92329603433609
19977,15,28,2.425016760826111
19977,15,29,1.4724702835083008
19977,15,30,0.04084455966949463
19977,15,33,2.4542644023895264
19977,15,37,0.06718564033508301
19977,20,22,0.13644808530807495
19977,20,24,0.25903934240341187
19977,20,25,0.7255881428718567
19977,20,28,0.5977018475532532
19977,20,29,1.5873032212257385
19977,20,30,0.6399487257003784
19977,20,33,1.0654814839363098
19977,20,37,-0.10634523630142212
19977,22,24,2.8620911836624146
19977,22,25,1.9913724660873413
19977,22,28,1.0906115770339966
19977,22,29,1.7524691820144653
19977,22,30,-0.8370130062103271
19977,22,33,1.531384825706482
19977,22,37,-0.09989392757415771
19977,24,25,1.7751516103744507
19977,24,28,1.488890290260315
19977,24,29,2.1510597467422485
19977,24,30,-0.3428027629852295
19977,24,33,1.8966907262802124
19977,24,37,0.06293153762817383
19977,25,28,1.9094650745391846
19977,25,29,2.6233296394348145
19977,25,30,0.2992743253707886
19977,25,33,2.346033811569214
19977,25,37,-0.07420086860656738
19977,28,29,3.0088629722595215
19977,28,30,1.20611572265625
19977,28,33,2.4045705795288086
19977,28,37,-0.19619059562683105
19977,29,30,0.22819888591766357
19977,29,33,3.178098201751709
19977,29,37,-0.021859169006347656
19977,30,33,-0.028763413429260254
19977,30,37,-0.13073253631591797
19977,33,37,0.1534280776977539
19900,2,6,-0.07906186580657959
19900,2,8,0.010894775390625
19900,2,10,-0.015079140663146973
19900,2,12,-0.005089879035949707
19900,2,14,0.005286812782287598
19900,2,16,-0.0649726390838623
19900,2,19,-0.004774928092956543
19900,2,20,0.00689542293548584
19900,2,21,0.001457512378692627
19900,2,24,0.08869922161102295
19900,2,27,-0.017874598503112793
19900,2,29,-0.07831382751464844
19900,2,32,-0.011835575103759766
19900,2,38,-0.031264305114746094
19900,6,8,-0.026512503623962402
19900,6,10,0.04913747310638428
19900,6,12,0.05925631523132324
19900,6,14,0.007938742637634277
19900,6,16,-0.005487561225891113
19900,6,19,-0.017622530460357666
19900,6,20,0.04974865913391113
19900,6,21,-0.1773362159729004
19900,6,24,0.017473459243774414
19900,6,27,-0.03516817092895508
19900,6,29,-0.08719837665557861
19900,6,32,-0.01033484935760498
19900,6,38,-0.0471339225769043
19900,8,10,-0.09187459945678711
19900,8,12,0.11442875862121582
19900,8,14,0.04072296619415283
19900,8,16,0.22540056705474854
19900,8,19,0.3478964567184448
19900,8,20,0.03635454177856445
19900,8,21,0.7381298542022705
19900,8,24,0.03577125072479248
19900,8,27,0.3916144371032715
19900,8,29,0.9287457466125488
19900,8,32,0.005954265594482422
19900,8,38,0.21353161334991455
19900,10,12,-0.0733499526977539
19900,10,14,0.017574429512023926
19900,10,16,0.05976724624633789
19900,10,19,0.061866164207458496
19900,10,20,0.004777193069458008
19900,10,21,0.4773457944393158
19900,10,24,0.10780775547027588
19900,10,27,0.10883092880249023
19900,10,29,0.3467731475830078
19900,10,32,0.003692150115966797
19900,10,38,0.10128891468048096
19900,12,14,-0.0006197690963745117
19900,12,16,-0.06586843729019165
19900,12,19,-0.3378872871398926
19900,12,20,-0.06228029727935791
19900,12,21,-0.46202778816223145
19900,12,24,-0.03798079490661621
19900,12,27,-0.0718224048614502
19900,12,29,-0.3270050287246704
19900,12,32,-0.000530242919921875
19900,12,38,-0.13748371601104736
19900,14,16,-0.057446181774139404
19900,14,19,0.19301623106002808
19900,14,20,-0.03789877891540527
19900,14,21,-0.09940612316131592
19900,14,24,0.07002103328704834
19900,14,27,-0.012427210807800293
19900,14,29,-0.17750823497772217
19900,14,32,-0.0419696569442749
19900,14,38,-0.05557572841644287
19900,16,19,-0.4404311776161194
19900,16,20,0.012717843055725098
19900,16,21,-0.4164302349090576
19900,16,24,-0.07401281595230103
19900,16,27,0.11285877227783203
19900,16,29,-0.5305479764938354
19900,16,32,0.03016030788421631
19900,16,38,-0.25789543986320496
19900,19,20,-0.8179616928100586
19900,19,21,-0.641925573348999
19900,19,24,0.6005103588104248
19900,19,27,0.21632695198059082
19900,19,29,0.1423935890197754
19900,19,32,-0.09508943557739258
19900,19,38,-0.3746289014816284
19900,20,21,1.4135533571243286
19900,20,24,-0.1189197301864624
19900,20,27,-0.18494033813476562
19900,20,29,0.6287993788719177
19900,20,32,-0.0382237434387207
19900,20,38,0.010726094245910645
19900,21,24,1.6840369701385498
19900,21,27,1.3267326354980469
19900,21,29,-0.05880391597747803
19900,21,32,-0.015399813652038574
19900,21,38,-0.15343725681304932
19900,24,27,0.6610441207885742
19900,24,29,-0.11767327785491943
19900,24,32,-0.05864918231964111
19900,24,38,0.21633541584014893
19900,27,29,1.4813581705093384
19900,27,32,0.5591464042663574
19900,27,38,0.0052765607833862305
19900,29,32,-0.12447965145111084
19900,29,38,-0.5152907371520996
19900,32,38,-0.13493114709854126
19972,3,8,0.19237232208251953
19972,3,9,-0.2859486937522888
19972,3,10,-0.1113232970237732
19972,3,14,-0.08755886554718018
19972,3,20,-0.5343170166015625
19972,3,21,0.2676352262496948
19972,3,27,-0.35483473539352417
19972,3,28,-0.03901022672653198
19972,3,31,0.14455962181091309
19972,3,34,0.23429465293884277
19972,3,37,-0.3256567716598511
19972,3,38,-0.42100656032562256
19972,3,39,0.10141134262084961
19972,3,40,0.04241931438446045
19972,8,9,0.19374263286590576
19972,8,10,-0.014920234680175781
19972,8,14,0.2006216049194336
19972,8,20,0.5026721954345703
19972,8,21,-0.11146986484527588
19972,8,27,0.20342779159545898
19972,8,28,0.06650412082672119
19972,8,31,-0.08063864707946777
19972,8,34,-0.10084939002990723
19972,8,37,0.7505683898925781
19972,8,38,0.7359444499015808
19972,8,39,-0.045944809913635254
19972,8,40,-0.019405007362365723
19972,9,10,-0.42774635553359985
19972,9,14,-0.06586205959320068
19972,9,20,-0.49796760082244873
19972,9,21,0.18704771995544434
19972,9,27,-0.29776009917259216
19972,9,28,-0.08780676126480103
19972,9,31,0.11228835582733154
19972,9,34,0.16851556301116943
19972,9,37,-0.24598228931427002
19972,9,38,-0.42867767810821533
19972,9,39,0.0634385347366333
19972,9,40,0.06736791133880615
19972,10,14,0.344268798828125
19972,10,20,-0.21041810512542725
19972,10,21,0.055409908294677734
19972,10,27,-0.10834622383117676
19972,10,28,-0.022120237350463867
19972,10,31,0.058420419692993164
19972,10,34,0.05037951469421387
19972,10,37,-0.17468571662902832
19972,10,38,-0.18591082096099854
19972,10,39,0.030835986137390137
19972,10,40,-0.004640340805053711
19972,14,20,1.6033790111541748
19972,14,21,2.0780608654022217
19972,14,27,-0.07910001277923584
19972,14,28,-0.023970961570739746
19972,14,31,0.5448681116104126
19972,14,34,0.8665069341659546
19972,14,37,1.5291080474853516
19972,14,38,1.3071563243865967
19972,14,39,0.21498239040374756
19972,14,40,0.07219505310058594
19972,20,21,1.5551050901412964
19972,20,27,0.1804347038269043
19972,20,28,-1.2277625799179077
19972,20,31,0.49286842346191406
19972,20,34,0.7426908612251282
19972,20,37,0.2393484115600586
19972,20,38,0.05797719955444336
19972,20,39,0.3288520574569702
19972,20,40,0.15601158142089844
19972,21,27,0.14279639720916748
19972,21,28,0.12093508243560791
19972,21,31,-0.1728510856628418
19972,21,34,-0.1655890941619873
19972,21,37,1.4950242042541504
19972,21,38,1.4416735172271729
19972,21,39,-0.06705939769744873
19972,21,40,-0.03323054313659668
19972,27,28,0.604887843132019
19972,27,31,0.10166442394256592
19972,27,34,0.35618793964385986
19972,27,37,-0.38165056705474854
19972,27,38,-0.3741103410720825
19972,27,39,0.08260488510131836
19972,27,40,0.09880435466766357
19972,28,31,0.10911798477172852
19972,28,34,0.13481462001800537
19972,28,37,-0.39732348918914795
19972,28,38,-0.3987308740615845
19972,28,39,0.05837857723236084
19972,28,40,0.05429089069366455
19972,31,34,-0.07910120487213135
19972,31,37,0.6599817276000977
19972,31,38,0.6924782991409302
19972,31,39,-0.039597153663635254
19972,31,40,-0.03873801231384277
19972,34,37,0.8283553719520569
19972,34,38,0.8461548089981079
19972,34,39,-0.08026361465454102
19972,34,40,-0.05514419078826904
19972,37,38,1.86570405960083
19972,37,39,0.31279802322387695
19972,37,40,0.18856310844421387
19972,38,39,0.37359821796417236
19972,38,40,0.18594634532928467
19972,39,40,-0.023914217948913574
19927,2,4,-0.08823442459106445
19927,2,6,0.07046008110046387
19927,2,18,0.029348015785217285
19927,2,21,0.10045671463012695
19927,2,22,0.02343440055847168
19927,2,23,-0.21716833114624023
19927,2,24,0.0895071029663086
19927,2,25,0.0056073665618896484
19927,2,29,-0.2431822419166565
19927,2,30,0.09815943241119385
19927,2,31,0.10050737857818604
19927,2,32,-0.03463339805603027
19927,2,35,-0.23381435871124268
19927,2,36,-0.043813228607177734
19927,4,6,0.0038181543350219727
19927,4,18,0.019086599349975586
19927,4,21,0.06537389755249023
19927,4,22,0.044794559478759766
19927,4,23,-0.19199776649475098
19927,4,24,0.04361152648925781
19927,4,25,-0.0015685558319091797
19927,4,29,-0.2628938555717468
19927,4,30,0.06622326374053955
19927,4,31,0.06618130207061768
19927,4,32,-0.02894306182861328
19927,4,35,-0.14236193895339966
19927,4,36,-0.03077220916748047
19927,6,18,-0.026099085807800293
19927,6,21,-0.06330180168151855
19927,6,22,-0.015030622482299805
19927,6,23,0.29533278942108154
19927,6,24,0.025940656661987305
19927,6,25,0.005775928497314453
19927,6,29,0.1802164912223816
19927,6,30,-0.0752335786819458
19927,6,31,-0.0705329179763794
19927,6,32,0.023876309394836426
19927,6,35,0.1766178011894226
19927,6,36,0.025106430053710938
19927,18,21,-0.007822275161743164
19927,18,22,-0.08724546432495117
19927,18,23,0.11078155040740967
19927,18,24,0.010965347290039062
19927,18,25,0.16155076026916504
19927,18,29,0.1578088402748108
19927,18,30,-0.07468271255493164
19927,18,31,-0.08019459247589111
19927,18,32,0.00717926025390625
19927,18,35,0.15509063005447388
19927,18,36,0.03677773475646973
19927,21,22,3.8631837368011475
19927,21,23,2.307204484939575
19927,21,24,3.744076728820801
19927,21,25,3.6561357975006104
19927,21,29,0.8050230145454407
19927,21,30,-0.09559953212738037
19927,21,31,-0.08444583415985107
19927,21,32,0.022167682647705078
19927,21,35,0.6765266060829163
19927,21,36,0.07624411582946777
19927,22,23,2.1842219829559326
19927,22,24,3.6069352626800537
19927,22,25,3.509481430053711
19927,22,29,0.73957759141922
19927,22,30,0.17719662189483643
19927,22,31,0.054653286933898926
19927,22,32,0.10196948051452637
19927,22,35,0.6126595139503479
19927,22,36,0.039553165435791016
19927,23,24,1.976590871810913
19927,23,25,1.8988020420074463
19927,23,29,-0.3362049460411072
19927,23,30,1.7624655961990356
19927,23,31,1.9553302526474
19927,23,32,0.05891728401184082
19927,23,35,-0.3863007426261902
19927,23,36,-0.1939678192138672
19927,24,25,3.467489004135132
19927,24,29,0.6780877709388733
19927,24,30,0.9721895456314087
19927,24,31,0.9506863355636597
19927,24,32,0.0535123348236084
19927,24,35,0.49483901262283325
19927,24,36,-0.014364957809448242
19927,25,29,0.5413027405738831
19927,25,30,1.2669949531555176
19927,25,31,0.6890588998794556
19927,25,32,-0.10616421699523926
19927,25,35,0.4376130700111389
19927,25,36,-0.010205268859863281
19927,29,30,0.6976372599601746
19927,29,31,0.6851453185081482
19927,29,32,-0.36730682849884033
19927,29,35,-0.4638446569442749
19927,29,36,-0.1563132107257843
19927,30,31,-0.21940481662750244
19927,30,32,0.011423230171203613
19927,30,35,0.6179843544960022
19927,30,36,0.073036789894104
19927,31,32,0.03515732288360596
19927,31,35,0.5259758830070496
19927,31,36,0.06526720523834229
19927,32,35,0.06605756282806396
19927,32,36,0.06119382381439209
19927,35,36,-0.15627145767211914
19986,1,2,-0.037433743476867676
19986,1,7,0.0021927356719970703
19986,1,10,-0.030592918395996094
19986,1,11,-0.0011053085327148438
19986,1,12,-0.0333864688873291
19986,1,16,-0.0014258623123168945
19986,1,22,-0.054375648498535156
19986,1,23,-0.11606001853942871
19986,1,24,0.060950279235839844
19986,1,25,0.054526567459106445
19986,1,26,-0.0144805908203125
19986,1,30,0.02072453498840332
19986,1,35,-0.0070307254791259766
19986,1,38,-0.048670053482055664
19986,2,7,0.08518600463867188
19986,2,10,-0.10766327381134033
19986,2,11,0.00018465518951416016
19986,2,12,-0.02137136459350586
19986,2,16,0.03870236873626709
19986,2,22,-0.07828879356384277
19986,2,23,-0.1802656650543213
19986,2,24,0.03865551948547363
19986,2,25,0.02204275131225586
19986,2,26,0.007893562316894531
19986,2,30,0.0683673620223999
19986,2,35,-0.018976926803588867
19986,2,38,-0.17767876386642456
19986,7,10,0.08953845500946045
19986,7,11,0.001752614974975586
19986,7,12,-0.003405332565307617
19986,7,16,-0.05612337589263916
19986,7,22,0.47775745391845703
19986,7,23,0.7767649590969086
19986,7,24,0.18128514289855957
19986,7,25,0.16403436660766602
19986,7,26,-0.04391920566558838
19986,7,30,-0.11997485160827637
19986,7,35,0.30945372581481934
19986,7,38,0.31776636838912964
19986,10,11,-0.02546381950378418
19986,10,12,-0.25527632236480713
19986,10,16,0.036454081535339355
19986,10,22,0.05219316482543945
19986,10,23,-0.27962684631347656
19986,10,24,0.06894636154174805
19986,10,25,0.10755681991577148
19986,10,26,0.04838967323303223
19986,10,30,0.11967706680297852
19986,10,35,0.012953519821166992
19986,10,38,-0.24830475449562073
19986,11,12,-0.024531841278076172
19986,11,16,0.014716863632202148
19986,11,22,0.09158909320831299
19986,11,23,0.0285947322845459
19986,11,24,0.005979180335998535
19986,11,25,0.01506650447845459
19986,11,26,0.007868170738220215
19986,11,30,-0.005499482154846191
19986,11,35,-0.011621832847595215
19986,11,38,0.0025297999382019043
19986,12,16,0.023033976554870605
19986,12,22,-0.0018012523651123047
19986,12,23,-0.18991971015930176
19986,12,24,0.03928208351135254
19986,12,25,0.002033710479736328
19986,12,26,0.025130510330200195
19986,12,30,0.041405439376831055
19986,12,35,-0.05005145072937012
19986,12,38,-0.13009923696517944
19986,16,22,-0.11241757869720459
19986,16,23,0.5982194542884827
19986,16,24,-0.0504683256149292
19986,16,25,-0.007665753364562988
19986,16,26,-0.041342854499816895
19986,16,30,-0.07290828227996826
19986,16,35,0.13595807552337646
19986,16,38,0.167086660861969
19986,22,23,1.6373487710952759
19986,22,24,2.910365104675293
19986,22,25,2.9246013164520264
19986,22,26,0.24594831466674805
19986,22,30,0.3715345859527588
19986,22,35,2.735656261444092
19986,22,38,0.18886178731918335
19986,23,24,1.7698856592178345
19986,23,25,1.5738164186477661
19986,23,26,-0.4225879907608032
19986,23,30,0.623714417219162
19986,23,35,1.5000628232955933
19986,23,38,-0.5330066084861755
19986,24,25,3.2628378868103027
19986,24,26,0.3054177761077881
19986,24,30,0.6497111320495605
19986,24,35,3.169297933578491
19986,24,38,0.33891600370407104
19986,25,26,0.21263575553894043
19986,25,30,0.9218012094497681
19986,25,35,3.1348190307617188
19986,25,38,0.3001977801322937
19986,26,30,-0.01791691780090332
19986,26,35,0.11894965171813965
19986,26,38,0.13012832403182983
19986,30,35,0.18033051490783691
19986,30,38,0.37408262491226196
19986,35,38,0.12866777181625366
19943,3,4,-0.8149076700210571
19943,3,5,0.3085688352584839
19943,3,7,0.42383909225463867
19943,3,9,0.09420406818389893
19943,3,12,-0.5518672466278076
19943,3,19,-0.14701944589614868
19943,3,22,-0.022692203521728516
19943,3,23,-0.34338074922561646
19943,3,24,-0.11607611179351807
19943,3,25,-0.438159704208374
19943,3,27,0.2938750982284546
19943,3,35,0.4098001718521118
19943,3,37,-0.5668283700942993
19943,3,38,-0.31427788734436035
19943,4,5,0.3382965326309204
19943,4,7,0.3821372985839844
19943,4,9,0.14648234844207764
19943,4,12,-0.5404983758926392
19943,4,19,-0.11371243000030518
19943,4,22,-0.2907521724700928
19943,4,23,-0.36777693033218384
19943,4,24,-0.10982263088226318
19943,4,25,-0.5014952421188354
19943,4,27,0.19723355770111084
19943,4,35,0.35881054401397705
19943,4,37,-0.469662606716156
19943,4,38,-0.2741963565349579
19943,5,7,-0.06133854389190674
19943,5,9,0.015188932418823242
19943,5,12,0.07354062795639038
19943,5,19,0.037015557289123535
19943,5,22,0.3579901456832886
19943,5,23,0.0825967788696289
19943,5,24,0.2599806785583496
19943,5,25,0.08327317237854004
19943,5,27,0.02655482292175293
19943,5,35,-0.06641137599945068
19943,5,37,0.16633617877960205
19943,5,38,0.06964898109436035
19943,7,9,-0.052663326263427734
19943,7,12,0.326795756816864
19943,7,19,0.09028387069702148
19943,7,22,0.9904165267944336
19943,7,23,0.1896277666091919
19943,7,24,1.0620037913322449
19943,7,25,0.759168267250061
19943,7,27,0.5501974821090698
19943,7,35,-0.16593456268310547
19943,7,37,0.45561540126800537
19943,7,38,0.19122803211212158
19943,9,12,-0.12538570165634155
19943,9,19,0.039691805839538574
19943,9,22,-0.03534579277038574
19943,9,23,0.04399263858795166
19943,9,24,-0.10105466842651367
19943,9,25,0.09353822469711304
19943,9,27,0.053018808364868164
19943,9,35,-0.03557765483856201
19943,9,37,0.12457603216171265
19943,9,38,0.045465707778930664
19943,12,19,-0.03168219327926636
19943,12,22,-0.09213441610336304
19943,12,23,-0.18584835529327393
19943,12,24,-0.1944604516029358
19943,12,25,-0.5956926941871643
19943,12,27,0.16087931394577026
19943,12,35,0.3081778883934021
19943,12,37,-0.457150399684906
19943,12,38,-0.2508902847766876
19943,19,22,-0.5073220729827881
19943,19,23,-0.15178179740905762
19943,19,24,-0.12319910526275635
19943,19,25,-0.04336303472518921
19943,19,27,0.08838856220245361
19943,19,35,0.07981085777282715
19943,19,37,-0.15202510356903076
19943,19,38,-0.09707975387573242
19943,22,23,-0.486080527305603
19943,22,24,2.762709617614746
19943,22,25,2.0202457904815674
19943,22,27,2.1796194314956665
19943,22,35,1.1636970043182373
19943,22,37,-0.09298622608184814
19943,22,38,-0.19118893146514893
19943,23,24,-0.07868099212646484
19943,23,25,-0.6649247407913208
19943,23,27,0.1902933120727539
19943,23,35,0.18318521976470947
19943,23,37,-0.34093910455703735
19943,23,38,-0.1394694447517395
19943,24,25,2.036059617996216
19943,24,27,2.290740728378296
19943,24,35,0.9932111501693726
19943,24,37,-0.061110496520996094
19943,24,38,-0.07787823677062988
19943,25,27,1.101513147354126
19943,25,35,0.854324460029602
19943,25,37,-0.7127130031585693
19943,25,38,-0.15236413478851318
19943,27,35,0.3797053098678589
19943,27,37,0.3449289798736572
19943,27,38,0.024227619171142578
19943,35,37,0.1609652042388916
19943,35,38,0.15125584602355957
19943,37,38,-0.16715949773788452
19994,6,9,-0.04282808303833008
19994,6,15,-0.0336766242980957
19994,6,16,-0.0058629512786865234
19994,6,17,0.025144100189208984
19994,6,18,0.11577385663986206
19994,6,19,0.024811744689941406
19994,6,21,-0.0364612340927124
19994,6,26,-0.007374763488769531
19994,6,33,-0.03173530101776123
19994,6,35,-0.00727391242980957
19994,6,36,0.029008865356445312
19994,6,38,0.0031337738037109375
19994,6,39,0.001707315444946289
19994,6,40,-0.0013729333877563477
19994,9,15,0.04633069038391113
19994,9,16,0.02320730686187744
19994,9,17,-0.08460068702697754
19994,9,18,-0.14011478424072266
19994,9,19,0.010091304779052734
19994,9,21,0.05872488021850586
19994,9,26,0.0013741254806518555
19994,9,33,0.049978017807006836
19994,9,35,0.004685759544372559
19994,9,36,0.013235211372375488
19994,9,38,-0.00629878044128418
19994,9,39,0.01642632484436035
19994,9,40,0.01741039752960205
19994,15,16,-0.08807790279388428
19994,15,17,0.22067439556121826
19994,15,18,0.8437735438346863
19994,15,19,0.12934482097625732
19994,15,21,-0.16884469985961914
19994,15,26,-0.06764471530914307
19994,15,33,-0.14224576950073242
19994,15,35,0.23434054851531982
19994,15,36,0.22078144550323486
19994,15,38,0.030846595764160156
19994,15,39,-0.017563462257385254
19994,15,40,-0.0071076154708862305
19994,16,17,0.023973584175109863
19994,16,18,0.032966792583465576
19994,16,19,-0.011135697364807129
19994,16,21,-0.0985114574432373
19994,16,26,0.0006853342056274414
19994,16,33,-0.08513522148132324
19994,16,35,0.020822644233703613
19994,16,36,0.06969726085662842
19994,16,38,0.029593229293823242
19994,16,39,-0.007666945457458496
19994,16,40,-0.011843085289001465
19994,17,18,0.6404165625572205
19994,17,19,0.1462165117263794
19994,17,21,0.2419278621673584
19994,17,26,0.039487242698669434
19994,17,33,0.20059609413146973
19994,17,35,0.14639580249786377
19994,17,36,0.07216036319732666
19994,17,38,-0.04094088077545166
19994,17,39,0.024785757064819336
19994,17,40,0.0341644287109375
19994,18,19,-0.6056734919548035
19994,18,21,0.826786458492279
19994,18,26,0.2682728171348572
19994,18,33,0.7401404976844788
19994,18,35,0.640741765499115
19994,18,36,0.5945963263511658
19994,18,38,-0.14721137285232544
19994,18,39,-0.036349356174468994
19994,18,40,0.01886957883834839
19994,19,21,0.08700871467590332
19994,19,26,0.004616379737854004
19994,19,33,0.13618123531341553
19994,19,35,0.049614548683166504
19994,19,36,0.016545653343200684
19994,19,38,-0.010209441184997559
19994,19,39,0.035701632499694824
19994,19,40,0.016426444053649902
19994,21,26,-0.034357309341430664
19994,21,33,-0.23254883289337158
19994,21,35,1.9265953302383423
19994,21,36,1.6784634590148926
19994,21,38,0.06934750080108643
19994,21,39,-0.03192269802093506
19994,21,40,-0.023284912109375
19994,26,33,-0.08743119239807129
19994,26,35,0.14364254474639893
19994,26,36,0.12038910388946533
19994,26,38,0.021378636360168457
19994,26,39,0.0018444061279296875
19994,26,40,0.01578700542449951
19994,33,35,0.006474018096923828
19994,33,36,0.7018277645111084
19994,33,38,0.06668543815612793
19994,33,39,-0.022355079650878906
19994,33,40,-0.008898377418518066
19994,35,36,3.4324904680252075
19994,35,38,-0.008784294128417969
19994,35,39,0.0024396181106567383
19994,35,40,-0.036118149757385254
19994,36,38,0.004961252212524414
19994,36,39,0.0666581392288208
19994,36,40,0.03802454471588135
19994,38,39,0.006230592727661133
19994,38,40,0.01239633560180664
19994,39,40,-0.013775944709777832
19926,4,19,-0.09922099113464355
19926,4,25,0.09336411952972412
19926,4,30,0.08023178577423096
19926,4,35,0.047681331634521484
19926,4,36,-0.025515317916870117
19926,4,41,0.04108452796936035
19926,19,25,0.19379985332489014
19926,19,30,0.15582513809204102
19926,19,35,0.09576499462127686
19926,19,36,-0.00312197208404541
19926,19,41,0.06686794757843018
19926,25,30,-0.13811242580413818
19926,25,35,1.151149034500122
19926,25,36,1.140047550201416
19926,25,41,-0.056351661682128906
19926,30,35,0.004036545753479004
19926,30,36,0.4934781789779663
19926,30,41,-0.05566275119781494
19926,35,36,3.51155161857605
19926,35,41,-0.052399396896362305
19926,36,41,0.05364871025085449
19964,3,7,0.02531278133392334
19964,3,8,0.014107704162597656
19964,3,10,0.026091337203979492
19964,3,11,0.039258599281311035
19964,3,17,0.020046234130859375
19964,3,20,0.010819077491760254
19964,3,21,0.001795351505279541
19964,3,23,-0.10281723737716675
19964,3,27,-0.15939807891845703
19964,3,29,-0.16678375005722046
19964,3,35,0.029508113861083984
19964,3,36,-0.21753162145614624
19964,3,37,-0.022130489349365234
19964,3,38,-0.10640537738800049
19964,7,8,0.02062392234802246
19964,7,10,-0.012501239776611328
19964,7,11,-0.04139542579650879
19964,7,17,-0.00795447826385498
19964,7,20,0.022156238555908203
19964,7,21,0.046787798404693604
19964,7,23,0.07788670063018799
19964,7,27,0.17213284969329834
19964,7,29,0.19285082817077637
19964,7,35,-0.024489521980285645
19964,7,36,0.1797802448272705
19964,7,37,0.048993825912475586
19964,7,38,0.08554649353027344
19964,8,10,0.012520551681518555
19964,8,11,-0.04906260967254639
19964,8,17,0.008181333541870117
19964,8,20,-0.0009468793869018555
19964,8,21,0.07513684034347534
19964,8,23,0.11150217056274414
19964,8,27,0.06512904167175293
19964,8,29,0.09975278377532959
19964,8,35,-0.023568034172058105
19964,8,36,0.10364198684692383
19964,8,37,0.01606297492980957
19964,8,38,0.08628928661346436
19964,10,11,-0.1446521282196045
19964,10,17,0.020262718200683594
19964,10,20,-0.011145710945129395
19964,10,21,0.04725593328475952
19964,10,23,0.07592523097991943
19964,10,27,0.07581782341003418
19964,10,29,0.031350135803222656
19964,10,35,-0.014766693115234375
19964,10,36,0.038045406341552734
19964,10,37,0.02362346649169922
19964,10,38,0.03398489952087402
19964,11,17,-0.014894485473632812
19964,11,20,0.01550912857055664
19964,11,21,0.10886067152023315
19964,11,23,0.13523387908935547
19964,11,27,0.23325014114379883
19964,11,29,0.1501866579055786
19964,11,35,-0.03921520709991455
19964,11,36,0.15387725830078125
19964,11,37,0.05660831928253174
19964,11,38,0.08827292919158936
19964,17,20,0.017470717430114746
19964,17,21,0.20570915937423706
19964,17,23,-0.011582136154174805
19964,17,27,0.3455789089202881
19964,17,29,0.12857365608215332
19964,17,35,-0.01710033416748047
19964,17,36,0.16458463668823242
19964,17,37,0.03311586380004883
19964,17,38,0.10059380531311035
19964,20,21,0.5086162686347961
19964,20,23,-0.1196063756942749
19964,20,27,0.0432049036026001
19964,20,29,0.1814882755279541
19964,20,35,0.011873126029968262
19964,20,36,-0.0032695531845092773
19964,20,37,-0.0013288259506225586
19964,20,38,-0.009447813034057617
19964,21,23,0.08661645650863647
19964,21,27,1.111423909664154
19964,21,29,-0.35487180948257446
19964,21,35,0.06183141469955444
19964,21,36,-0.07455438375473022
19964,21,37,0.06485408544540405
19964,21,38,-0.16646641492843628
19964,23,27,0.09485006332397461
19964,23,29,-1.0494706630706787
19964,23,35,0.0765371322631836
19964,23,36,-0.24064642190933228
19964,23,37,-0.08598029613494873
19964,23,38,-0.17518258094787598
19964,27,29,0.2802354097366333
19964,27,35,0.05097651481628418
19964,27,36,-0.12288022041320801
19964,27,37,0.004564046859741211
19964,27,38,-0.1687237024307251
19964,29,35,0.2709324359893799
19964,29,36,-0.5339521169662476
19964,29,37,-0.3038606345653534
19964,29,38,-0.3205934166908264
19964,35,36,0.30100512504577637
19964,35,37,-0.2441720962524414
19964,35,38,0.16340768337249756
19964,36,37,-0.2882702350616455
19964,36,38,-0.2453950047492981
19964,37,38,-0.05834007263183594
19968,6,7,0.043787598609924316
19968,6,8,-0.033149123191833496
19968,6,10,0.09753262996673584
19968,6,16,0.005262911319732666
19968,6,20,0.030319690704345703
19968,6,22,-0.09098124504089355
19968,6,24,-0.028620243072509766
19968,6,25,-0.09722042083740234
19968,6,26,0.0069963932037353516
19968,6,27,0.00022721290588378906
19968,6,35,-0.015592098236083984
19968,6,37,0.0036339759826660156
19968,6,38,-0.04887282848358154
19968,6,39,0.004044175148010254
19968,7,8,0.014022231101989746
19968,7,10,0.19029486179351807
19968,7,16,0.25758886337280273
19968,7,20,0.45520925521850586
19968,7,22,0.023029804229736328
19968,7,24,0.0750875473022461
19968,7,25,0.14023053646087646
19968,7,26,0.18564647436141968
19968,7,27,0.2772555947303772
19968,7,35,-0.004976391792297363
19968,7,37,0.0818021297454834
19968,7,38,0.09858107566833496
19968,7,39,0.04108428955078125
19968,8,10,0.18000829219818115
19968,8,16,0.2040967345237732
19968,8,20,0.2197967767715454
19968,8,22,0.03039395809173584
19968,8,24,0.09537255764007568
19968,8,25,0.03554856777191162
19968,8,26,0.05535215139389038
19968,8,27,0.11049753427505493
19968,8,35,-0.004425048828125
19968,8,37,0.02315056324005127
19968,8,38,0.06291759014129639
19968,8,39,0.02463352680206299
19968,10,16,-0.7091341018676758
19968,10,20,-0.3058356046676636
19968,10,22,0.17473304271697998
19968,10,24,-0.00797426700592041
19968,10,25,-0.11038863658905029
19968,10,26,-0.42800724506378174
19968,10,27,-0.6281166672706604
19968,10,35,-0.011736929416656494
19968,10,37,-0.21738827228546143
19968,10,38,-0.27595800161361694
19968,10,39,-0.10165202617645264
19968,16,20,-0.00906383991241455
19968,16,22,0.35887277126312256
19968,16,24,0.05381953716278076
19968,16,25,0.07436072826385498
19968,16,26,-0.6946864724159241
19968,16,27,-0.8117632269859314
19968,16,35,0.032106876373291016
19968,16,37,-0.41326212882995605
19968,16,38,-0.378223717212677
19968,16,39,-0.08976221084594727
19968,20,22,2.288656711578369
19968,20,24,1.704052209854126
19968,20,25,1.5896461009979248
19968,20,26,0.14042562246322632
19968,20,27,0.2719898819923401
19968,20,35,0.11425590515136719
19968,20,37,-0.21982955932617188
19968,20,38,-0.19748640060424805
19968,20,39,-0.16748762130737305
19968,22,24,3.0187809467315674
19968,22,25,2.572730541229248
19968,22,26,0.3665751814842224
19968,22,27,0.27320605516433716
19968,22,35,0.06480729579925537
19968,22,37,0.12333130836486816
19968,22,38,0.0641641616821289
19968,22,39,0.01625990867614746
19968,24,25,3.0500690937042236
19968,24,26,0.1637226939201355
19968,24,27,0.25616055727005005
19968,24,35,0.11368858814239502
19968,24,37,-0.10198450088500977
19968,24,38,-0.01669907569885254
19968,24,39,-0.12187838554382324
19968,25,26,0.03056567907333374
19968,25,27,0.15047556161880493
19968,25,35,0.16575396060943604
19968,25,37,-0.21129250526428223
19968,25,38,-0.0332486629486084
19968,25,39,-0.21195673942565918
19968,26,27,0.16392028331756592
19968,26,35,-0.12389969825744629
19968,26,37,-0.3852624297142029
19968,26,38,-0.39470887184143066
19968,26,39,-0.18351900577545166
19968,27,35,-0.11959683895111084
19968,27,37,-0.4073646664619446
19968,27,38,-0.3852519989013672
19968,27,39,-0.22112467885017395
19968,35,37,-0.31415319442749023
19968,35,38,-0.09110152721405029
19968,35,39,0.0005724430084228516
19968,37,38,-0.03277087211608887
19968,37,39,0.008403420448303223
19968,38,39,-0.06371593475341797
19967,2,4,-0.04459822177886963
19967,2,9,-0.013101339340209961
19967,2,11,-0.021538734436035156
19967,2,12,-0.019730091094970703
19967,2,14,-0.015465736389160156
19967,2,17,0.011504530906677246
19967,2,22,0.02768087387084961
19967,2,24,0.018125295639038086
19967,2,28,0.020539045333862305
19967,2,29,-0.010450661182403564
19967,2,33,-0.052542924880981445
19967,2,37,0.025587797164916992
19967,2,38,-0.0345304012298584
19967,2,39,-0.01527714729309082
19967,4,9,-0.14113152027130127
19967,4,11,-0.14055293798446655
19967,4,12,-0.0018665790557861328
19967,4,14,0.0023534297943115234
19967,4,17,0.04148232936859131
19967,4,22,0.024766921997070312
19967,4,24,0.03655111789703369
19967,4,28,-0.041521668434143066
19967,4,29,-0.19602471590042114
19967,4,33,-0.13086795806884766
19967,4,37,0.0029685497283935547
19967,4,38,-0.06451249122619629
19967,4,39,-0.010100841522216797
19967,9,11,0.02201002836227417
19967,9,12,0.027663111686706543
19967,9,14,-0.07017743587493896
19967,9,17,0.23677802085876465
19967,9,22,-0.11250483989715576
19967,9,24,-0.18652141094207764
19967,9,28,-0.013891100883483887
19967,9,29,-0.4426513910293579
19967,9,33,-0.1645674705505371
19967,9,37,0.05016064643859863
19967,9,38,-0.11802101135253906
19967,9,39,-0.009572982788085938
19967,11,12,0.25800037384033203
19967,11,14,0.10878103971481323
19967,11,17,0.2292006015777588
19967,11,22,-0.03689157962799072
19967,11,24,0.03192359209060669
19967,11,28,0.11161541938781738
19967,11,29,-0.47807252407073975
19967,11,33,-0.03962552547454834
19967,11,37,0.11836731433868408
19967,11,38,-0.011136174201965332
19967,11,39,0.017489373683929443
19967,12,14,0.05065751075744629
19967,12,17,-0.04877817630767822
19967,12,22,-0.04790341854095459
19967,12,24,-0.030035972595214844
19967,12,28,0.00034117698669433594
19967,12,29,0.1421757936477661
19967,12,33,0.15993309020996094
19967,12,37,0.1859126091003418
19967,12,38,0.24312233924865723
19967,12,39,0.006330013275146484
19967,14,17,0.00942075252532959
19967,14,22,0.024851679801940918
19967,14,24,-0.042572975158691406
19967,14,28,-0.014101028442382812
19967,14,29,0.007252037525177002
19967,14,33,0.0005159378051757812
19967,14,37,0.044919729232788086
19967,14,38,0.05595231056213379
19967,14,39,0.010363340377807617
19967,17,22,0.0444713830947876
19967,17,24,0.1025686264038086
19967,17,28,0.027749180793762207
19967,17,29,0.326835036277771
19967,17,33,0.906704306602478
19967,17,37,0.6120012998580933
19967,17,38,0.7247829437255859
19967,17,39,-0.008805394172668457
19967,22,24,0.6898109912872314
19967,22,28,0.16091513633728027
19967,22,29,0.34348779916763306
19967,22,33,0.9941389560699463
19967,22,37,0.033463239669799805
19967,22,38,0.167891263961792
19967,22,39,-0.027722835540771484
19967,24,28,-0.13820242881774902
19967,24,29,0.35676854848861694
19967,24,33,0.7776873111724854
19967,24,37,0.08317744731903076
19967,24,38,0.14216458797454834
19967,24,39,0.033745646476745605
19967,28,29,0.14679187536239624
19967,28,33,0.2758324146270752
19967,28,37,-0.12046480178833008
19967,28,38,-0.12129807472229004
19967,28,39,0.01447451114654541
19967,29,33,-0.11920082569122314
19967,29,37,0.157875657081604
19967,29,38,-0.05662572383880615
19967,29,39,0.010804712772369385
19967,33,37,2.242501735687256
19967,33,38,2.0237789154052734
19967,33,39,0.15171313285827637
19967,37,38,2.6217668056488037
19967,37,39,0.0059430599212646484
19967,38,39,0.03563356399536133
19941,2,3,-0.15193897485733032
19941,2,5,0.029328346252441406
19941,2,9,0.02662062644958496
19941,2,18,-0.016254663467407227
19941,2,19,-0.16871178150177002
19941,2,20,-0.0698239803314209
19941,2,21,-0.10331559181213379
19941,2,22,-0.04297757148742676
19941,2,25,-0.011977672576904297
19941,2,30,0.07807040214538574
19941,2,35,-0.065521240234375
19941,2,38,-0.033641815185546875
19941,2,39,0.051253437995910645
19941,2,40,0.018086910247802734
19941,3,5,0.14541220664978027
19941,3,9,-0.018577098846435547
19941,3,18,-0.074951171875
19941,3,19,-0.5151252746582031
19941,3,20,-0.19970417022705078
19941,3,21,-0.10225391387939453
19941,3,22,0.20601201057434082
19941,3,25,-0.23260283470153809
19941,3,30,0.31740760803222656
19941,3,35,-0.019290447235107422
19941,3,38,-0.10429501533508301
19941,3,39,0.19053363800048828
19941,3,40,0.13561952114105225
19941,5,9,0.006817817687988281
19941,5,18,0.008092403411865234
19941,5,19,0.24394893646240234
19941,5,20,0.23565149307250977
19941,5,21,0.2728726863861084
19941,5,22,0.050375938415527344
19941,5,25,0.4050476551055908
19941,5,30,-0.08487796783447266
19941,5,35,0.13835501670837402
19941,5,38,0.023264646530151367
19941,5,39,-0.055062294006347656
19941,5,40,-0.04297959804534912
19941,9,18,-0.015928983688354492
19941,9,19,0.03637969493865967
19941,9,20,0.005868434906005859
19941,9,21,0.0417172908782959
19941,9,22,0.05952048301696777
19941,9,25,0.052620768547058105
19941,9,30,-0.034773826599121094
19941,9,35,0.0402836799621582
19941,9,38,0.008569478988647461
19941,9,39,-0.017648816108703613
19941,9,40,-0.006068706512451172
19941,18,19,0.27934545278549194
19941,18,20,0.6007035970687866
19941,18,21,0.17447590827941895
19941,18,22,-0.08635950088500977
19941,18,25,-0.27797365188598633
19941,18,30,0.012140035629272461
19941,18,35,0.05692481994628906
19941,18,38,-0.05830717086791992
19941,18,39,0.0014140605926513672
19941,18,40,-0.0005958080291748047
19941,19,20,-0.11772274971008301
19941,19,21,0.13056588172912598
19941,19,22,1.041696548461914
19941,19,25,0.07072710990905762
19941,19,30,0.7977886199951172
19941,19,35,0.3883402347564697
19941,19,38,-0.22776812314987183
19941,19,39,0.42604315280914307
19941,19,40,0.22904622554779053
19941,20,21,2.2894206047058105
19941,20,22,2.4177558422088623
19941,20,25,1.334667444229126
19941,20,30,1.96049165725708
19941,20,35,2.136718988418579
19941,20,38,-0.0828244686126709
19941,20,39,0.6242544651031494
19941,20,40,0.2800893783569336
19941,21,22,2.571666955947876
19941,21,25,1.779768466949463
19941,21,30,1.2577382326126099
19941,21,35,2.3460476398468018
19941,21,38,-0.0626230239868164
19941,21,39,0.47751736640930176
19941,21,40,0.1009821891784668
19941,22,25,2.3195888996124268
19941,22,30,0.9032669067382812
19941,22,35,2.7699129581451416
19941,22,38,0.03131985664367676
19941,22,39,0.18742847442626953
19941,22,40,0.1369478702545166
19941,25,30,1.7156990766525269
19941,25,35,1.8523387908935547
19941,25,38,-0.03926265239715576
19941,25,39,0.48564648628234863
19941,25,40,0.4214656352996826
19941,30,35,1.5967305898666382
19941,30,38,0.10890555381774902
19941,30,39,-0.14757561683654785
19941,30,40,-0.09172558784484863
19941,35,38,-0.06614279747009277
19941,35,39,0.36534714698791504
19941,35,40,0.07758331298828125
19941,38,39,0.06303179264068604
19941,38,40,0.04610168933868408
19941,39,40,-0.0599827766418457
19932,2,3,0.007265210151672363
19932,2,11,-0.04074859619140625
19932,2,13,0.053650856018066406
19932,2,17,-0.04269528388977051
19932,2,20,0.08557701110839844
19932,2,21,0.11796236038208008
19932,2,22,0.003549933433532715
19932,2,23,0.08360469341278076
19932,2,27,-0.008479833602905273
19932,2,29,0.08635783195495605
19932,2,31,-0.06429529190063477
19932,2,34,-0.04255831241607666
19932,2,35,0.1332082748413086
19932,2,36,0.016543984413146973
19932,3,11,0.07367312908172607
19932,3,13,-0.21880030632019043
19932,3,17,0.14996337890625
19932,3,20,0.013908743858337402
19932,3,21,-0.02438533306121826
19932,3,22,-0.022156864404678345
19932,3,23,-0.27411970496177673
19932,3,27,0.09344470500946045
19932,3,29,-0.3525480031967163
19932,3,31,0.23024916648864746
19932,3,34,0.13911068439483643
19932,3,35,-0.4078449010848999
19932,3,36,-0.05845379829406738
19932,11,13,-0.14086508750915527
19932,11,17,-0.07721519470214844
19932,11,20,0.18180251121520996
19932,11,21,0.33478236198425293
19932,11,22,0.25740039348602295
19932,11,23,0.13360321521759033
19932,11,27,0.013275146484375
19932,11,29,0.20461022853851318
19932,11,31,-0.09813916683197021
19932,11,34,-0.056024789810180664
19932,11,35,0.2825441360473633
19932,11,36,0.04200100898742676
19932,13,17,0.26146388053894043
19932,13,20,0.145338773727417
19932,13,21,0.035152435302734375
19932,13,22,-0.15473639965057373
19932,13,23,-0.20018643140792847
19932,13,27,0.2541370391845703
19932,13,29,-0.547892689704895
19932,13,31,0.3806326389312744
19932,13,34,0.21690165996551514
19932,13,35,-0.4223344326019287
19932,13,36,-0.09430176019668579
19932,17,20,0.7780085802078247
19932,17,21,0.8853887319564819
19932,17,22,0.3479189872741699
19932,17,23,0.34112250804901123
19932,17,27,0.251888632774353
19932,17,29,0.49249696731567383
19932,17,31,-0.2141282558441162
19932,17,34,-0.13445639610290527
19932,17,35,1.242089569568634
19932,17,36,0.09396827220916748
19932,20,21,2.789384365081787
19932,20,22,0.8150573968887329
19932,20,23,0.2616403102874756
19932,20,27,3.243263006210327
19932,20,29,0.507023811340332
19932,20,31,3.221461534500122
19932,20,34,0.3133695125579834
19932,20,35,1.829258918762207
19932,20,36,-0.001970052719116211
19932,21,22,1.7679672241210938
19932,21,23,0.16277599334716797
19932,21,27,2.9302101135253906
19932,21,29,0.18101978302001953
19932,21,31,3.006072998046875
19932,21,34,0.5668016672134399
19932,21,35,1.669553279876709
19932,21,36,-0.02520918846130371
19932,22,23,-0.7788360118865967
19932,22,27,0.8201249837875366
19932,22,29,-0.699586033821106
19932,22,31,0.6745885610580444
19932,22,34,0.19450807571411133
19932,22,35,1.0015352964401245
19932,22,36,-0.18770062923431396
19932,23,27,0.4111645221710205
19932,23,29,-1.2610161304473877
19932,23,31,0.5479799509048462
19932,23,34,0.33330512046813965
19932,23,35,-0.33626794815063477
19932,23,36,-0.24927404522895813
19932,27,29,0.6128876209259033
19932,27,31,1.9581367373466492
19932,27,34,0.4419586658477783
19932,27,35,2.057211399078369
19932,27,36,0.05898475646972656
19932,29,31,0.7366845607757568
19932,29,34,0.35217487812042236
19932,29,35,-0.23623895645141602
19932,29,36,-0.22049295902252197
19932,31,34,-0.2031780481338501
19932,31,35,2.279725193977356
19932,31,36,0.15402436256408691
19932,34,35,0.7509592771530151
19932,34,36,0.08770918846130371
19932,35,36,-0.10627985000610352
19917,1,3,-0.032625794410705566
19917,1,5,0.025476455688476562
19917,1,6,-0.0264279842376709
19917,1,7,0.0055463314056396484
19917,1,8,-0.01654231548309326
19917,1,9,-0.002620697021484375
19917,1,11,-0.02028334140777588
19917,1,16,-0.017787933349609375
19917,1,20,-0.010684967041015625
19917,1,25,-0.021886229515075684
19917,1,34,-0.022624611854553223
19917,1,35,-0.01832723617553711
19917,1,36,0.00596928596496582
19917,1,41,-0.0037698745727539062
19917,3,5,0.10315227508544922
19917,3,6,-0.19092696905136108
19917,3,7,0.029578208923339844
19917,3,8,0.028590917587280273
19917,3,9,-0.024466276168823242
19917,3,11,-0.07381629943847656
19917,3,16,-0.1000400185585022
19917,3,20,0.01734626293182373
19917,3,25,0.12242782115936279
19917,3,34,0.10651886463165283
19917,3,35,0.04059290885925293
19917,3,36,0.035562753677368164
19917,3,41,0.04961240291595459
19917,5,6,0.06027567386627197
19917,5,7,0.04893779754638672
19917,5,8,-0.010026693344116211
19917,5,9,-0.02911210060119629
19917,5,11,0.05854368209838867
19917,5,16,0.009795546531677246
19917,5,20,-0.007971763610839844
19917,5,25,-0.02753293514251709
19917,5,34,-0.01911747455596924
19917,5,35,0.0055506229400634766
19917,5,36,0.00039958953857421875
19917,5,41,-0.0074040889739990234
19917,6,7,0.15599286556243896
19917,6,8,-0.02548670768737793
19917,6,9,-0.0224229097366333
19917,6,11,-0.023075461387634277
19917,6,16,-0.015146136283874512
19917,6,20,0.060801029205322266
19917,6,25,0.09560787677764893
19917,6,34,0.08242166042327881
19917,6,35,0.038948774337768555
19917,6,36,0.03825807571411133
19917,6,41,0.029591917991638184
19917,7,8,0.1109459400177002
19917,7,9,-0.009311914443969727
19917,7,11,-0.054836153984069824
19917,7,16,0.058423519134521484
19917,7,20,0.0242002010345459
19917,7,25,0.08645737171173096
19917,7,34,0.07711303234100342
19917,7,35,0.054244041442871094
19917,7,36,0.038622379302978516
19917,7,41,0.021883130073547363
19917,8,9,0.013472795486450195
19917,8,11,-0.021024703979492188
19917,8,16,0.04586374759674072
19917,8,20,0.029964923858642578
19917,8,25,-0.06495416164398193
19917,8,34,-0.06377661228179932
19917,8,35,-0.02594590187072754
19917,8,36,0.009643316268920898
19917,8,41,-0.018063664436340332
19917,9,11,-0.008057355880737305
19917,9,16,0.012158989906311035
19917,9,20,0.01951766014099121
19917,9,25,-0.021872878074645996
19917,9,34,-0.022576212882995605
19917,9,35,-0.0032775402069091797
19917,9,36,0.02074432373046875
19917,9,41,-0.004090666770935059
19917,11,16,-0.04174983501434326
19917,11,20,-0.018329143524169922
19917,11,25,0.06641387939453125
19917,11,34,0.04926621913909912
19917,11,35,0.04561758041381836
19917,11,36,0.001767873764038086
19917,11,41,0.01887524127960205
19917,16,20,0.02559363842010498
19917,16,25,0.1536722183227539
19917,16,34,0.14029192924499512
19917,16,35,0.10994064807891846
19917,16,36,0.10409820079803467
19917,16,41,0.0256270170211792
19917,20,25,0.025141239166259766
19917,20,34,0.004579305648803711
19917,20,35,-0.022045373916625977
19917,20,36,-0.02267003059387207
19917,20,41,0.014139771461486816
19917,25,34,-0.1957387924194336
19917,25,35,1.5914335250854492
19917,25,36,1.0844142436981201
19917,25,41,-0.061469078063964844
19917,34,35,0.039187073707580566
19917,34,36,0.545906662940979
19917,34,41,-0.061882734298706055
19917,35,36,3.602295160293579
19917,35,41,-0.04337012767791748
19917,36,41,0.06250059604644775
19965,2,3,-0.16964757442474365
19965,2,7,0.05659127235412598
19965,2,10,-0.03621268272399902
19965,2,11,-0.29173725843429565
19965,2,14,0.036901235580444336
19965,2,15,0.08901643753051758
19965,2,19,-0.19724661111831665
19965,2,21,0.03981208801269531
19965,2,24,-0.04607391357421875
19965,2,25,-0.10379338264465332
19965,2,26,-0.1954164206981659
19965,2,29,-0.04539310932159424
19965,2,36,-0.017761588096618652
19965,2,41,0.008468389511108398
19965,3,7,0.10699474811553955
19965,3,10,-0.05553078651428223
19965,3,11,-0.5749037265777588
19965,3,14,0.31016814708709717
19965,3,15,0.4157266616821289
19965,3,19,-0.4933844208717346
19965,3,21,0.23832619190216064
19965,3,24,0.014487385749816895
19965,3,25,-0.2902461290359497
19965,3,26,-0.5653892159461975
19965,3,29,-0.22301816940307617
19965,3,36,0.007364094257354736
19965,3,41,0.11875736713409424
19965,7,10,0.007470369338989258
19965,7,11,0.2123144268989563
19965,7,14,-0.014637470245361328
19965,7,15,-0.03561234474182129
19965,7,19,0.1168174147605896
19965,7,21,-0.015513896942138672
19965,7,24,0.0643608570098877
19965,7,25,-0.1425386667251587
19965,7,26,0.10597914457321167
19965,7,29,0.036273956298828125
19965,7,36,0.006541848182678223
19965,7,41,-0.020407676696777344
19965,10,11,0.03813600540161133
19965,10,14,0.08381080627441406
19965,10,15,0.05517983436584473
19965,10,19,-0.1403895616531372
19965,10,21,-0.04535222053527832
19965,10,24,-0.07139086723327637
19965,10,25,0.028689146041870117
19965,10,26,-0.11588400602340698
19965,10,29,-0.016597628593444824
19965,10,36,-0.006024479866027832
19965,10,41,0.01913630962371826
19965,11,14,0.616848349571228
19965,11,15,0.7336934804916382
19965,11,19,-0.7927160859107971
19965,11,21,0.510886549949646
19965,11,24,0.2435847520828247
19965,11,25,-0.24302613735198975
19965,11,26,-0.6110833287239075
19965,11,29,-0.34743207693099976
19965,11,36,-0.03112471103668213
19965,11,41,0.21072441339492798
19965,14,15,0.8685324192047119
19965,14,19,0.9602523446083069
19965,14,21,3.411839723587036
19965,14,24,2.8912885189056396
19965,14,25,2.231243371963501
19965,14,26,0.5446311831474304
19965,14,29,0.148382306098938
19965,14,36,0.001811385154724121
19965,14,41,-0.010164022445678711
19965,15,19,1.0371678471565247
19965,15,21,0.8136178255081177
19965,15,24,1.6531009674072266
19965,15,25,1.5625745058059692
19965,15,26,0.591167151927948
19965,15,29,0.22158336639404297
19965,15,36,0.01245582103729248
19965,15,41,-0.08757829666137695
19965,19,21,0.6985576748847961
19965,19,24,0.5005996823310852
19965,19,25,0.08895069360733032
19965,19,26,-0.5332814455032349
19965,19,29,-0.3494890332221985
19965,19,36,-0.09312057495117188
19965,19,41,0.27525538206100464
19965,21,24,3.0309255123138428
19965,21,25,2.3344991207122803
19965,21,26,0.6273443102836609
19965,21,29,0.09048926830291748
19965,21,36,0.05948007106781006
19965,21,41,0.01692509651184082
19965,24,25,2.1824147701263428
19965,24,26,0.3257843852043152
19965,24,29,0.2745758295059204
19965,24,36,-0.003995776176452637
19965,24,41,0.20234227180480957
19965,25,26,0.04135364294052124
19965,25,29,0.5050199031829834
19965,25,36,0.05027580261230469
19965,25,41,0.29994356632232666
19965,26,29,-0.1279582381248474
19965,26,36,-0.08355879783630371
19965,26,41,0.16943520307540894
19965,29,36,-0.023778796195983887
19965,29,41,0.06541502475738525
19965,36,41,-0.011173486709594727
19990,2,4,-0.019429922103881836
19990,2,14,-0.0091400146484375
19990,2,15,0.006620287895202637
19990,2,16,0.0064231157302856445
19990,2,19,-0.011210978031158447
19990,2,22,-0.19712382555007935
19990,2,24,0.23101472854614258
19990,2,27,5.3763389587402344e-05
19990,2,29,-0.05872452259063721
19990,2,32,-0.06794825196266174
19990,2,33,-0.10758596658706665
19990,2,38,-0.0022351741790771484
19990,2,39,0.0067479610443115234
19990,2,40,-0.0029783248901367188
19990,4,14,-0.07028019428253174
19990,4,15,0.09666275978088379
19990,4,16,0.05234718322753906
19990,4,19,-0.17349988222122192
19990,4,22,-0.2825595736503601
19990,4,24,-0.09806418418884277
19990,4,27,0.08485937118530273
19990,4,29,-0.22049295902252197
19990,4,32,-0.2566153407096863
19990,4,33,-0.32425975799560547
19990,4,38,-0.002269744873046875
19990,4,39,0.014980077743530273
19990,4,40,0.03706049919128418
19990,14,15,0.1430220603942871
19990,14,16,-0.1351025104522705
19990,14,19,-0.11964994668960571
19990,14,22,0.5586872100830078
19990,14,24,0.5970327854156494
19990,14,27,0.10688591003417969
19990,14,29,-0.3446544408798218
19990,14,32,-0.4625609517097473
19990,14,33,-0.5226331949234009
19990,14,38,-0.021680474281311035
19990,14,39,0.031219959259033203
19990,14,40,0.06373786926269531
19990,15,16,-0.15340256690979004
19990,15,19,0.49754273891448975
19990,15,22,0.9965341687202454
19990,15,24,1.4442558288574219
19990,15,27,0.32209038734436035
19990,15,29,1.4965232610702515
19990,15,32,0.7462522983551025
19990,15,33,1.088577151298523
19990,15,38,0.045307278633117676
19990,15,39,-0.04950666427612305
19990,15,40,-0.09856605529785156
19990,16,19,0.2432488203048706
19990,16,22,0.4410219192504883
19990,16,24,0.7580868005752563
19990,16,27,0.02466106414794922
19990,16,29,0.8288106024265289
19990,16,32,0.43678951263427734
19990,16,33,0.6038353443145752
19990,16,38,0.028380990028381348
19990,16,39,-0.030597686767578125
19990,16,40,-0.07457375526428223
19990,19,22,-0.5963569283485413
19990,19,24,-0.14429032802581787
19990,19,27,0.4678910970687866
19990,19,29,-0.22678470611572266
19990,19,32,-0.6493059396743774
19990,19,33,-0.6159824132919312
19990,19,38,-0.08706158399581909
19990,19,39,0.08849775791168213
19990,19,40,0.18831241130828857
19990,22,24,2.8909681141376495
19990,22,27,1.4652758240699768
19990,22,29,0.31492775678634644
19990,22,32,-0.3223876357078552
19990,22,33,0.8212528824806213
19990,22,38,0.12042635679244995
19990,22,39,-0.011823058128356934
19990,22,40,0.2753603458404541
19990,24,27,2.2192041873931885
19990,24,29,0.7205137014389038
19990,24,32,-0.15774154663085938
19990,24,33,0.6769319772720337
19990,24,38,0.15476083755493164
19990,24,39,0.19804632663726807
19990,24,40,0.6397882699966431
19990,27,29,1.9137412309646606
19990,27,32,0.9639697074890137
19990,27,33,1.0736311674118042
19990,27,38,0.00037467479705810547
19990,27,39,-0.018639087677001953
19990,27,40,-0.0949246883392334
19990,29,32,-0.5791605710983276
19990,29,33,-0.30949950218200684
19990,29,38,-0.23402464389801025
19990,29,39,0.18208467960357666
19990,29,40,0.3534776568412781
19990,32,33,-0.6748114824295044
19990,32,38,-0.344882607460022
19990,32,39,0.033879101276397705
19990,32,40,0.30066436529159546
19990,33,38,0.023827552795410156
19990,33,39,0.32717692852020264
19990,33,40,0.5612407326698303
19990,38,39,0.007285118103027344
19990,38,40,0.01644754409790039
19990,39,40,-0.012595415115356445
19913,5,7,-0.07868742942810059
19913,5,8,0.022222042083740234
19913,5,10,-0.019520998001098633
19913,5,11,0.09327340126037598
19913,5,13,0.3841540813446045
19913,5,21,0.1378185749053955
19913,5,22,0.2767484188079834
19913,5,25,0.4031788110733032
19913,5,26,0.6439602971076965
19913,5,27,-0.03658270835876465
19913,5,29,0.4504532814025879
19913,5,32,-0.14508748054504395
19913,5,33,0.8525293469429016
19913,5,36,0.33009058237075806
19913,7,8,0.04878354072570801
19913,7,10,-0.01874363422393799
19913,7,11,0.04201316833496094
19913,7,13,0.517440676689148
19913,7,21,0.0685427188873291
19913,7,22,0.040673017501831055
19913,7,25,0.3084251880645752
19913,7,26,0.569907546043396
19913,7,27,-0.045589447021484375
19913,7,29,0.4318268299102783
19913,7,32,-0.13695645332336426
19913,7,33,0.6637793779373169
19913,7,36,0.3667147755622864
19913,8,10,0.036010146141052246
19913,8,11,-0.06433570384979248
19913,8,13,-0.003735661506652832
19913,8,21,0.03733205795288086
19913,8,22,0.011977910995483398
19913,8,25,-0.04061627388000488
19913,8,26,-0.03893935680389404
19913,8,27,-0.008635401725769043
19913,8,29,-0.039860427379608154
19913,8,32,0.01080632209777832
19913,8,33,0.07268452644348145
19913,8,36,-0.05577826499938965
19913,10,11,-0.24045443534851074
19913,10,13,-0.12151026725769043
19913,10,21,0.019120097160339355
19913,10,22,0.12420809268951416
19913,10,25,0.2240067720413208
19913,10,26,0.10535478591918945
19913,10,27,-0.0009980201721191406
19913,10,29,0.08431482315063477
19913,10,32,-0.03495466709136963
19913,10,33,-0.0013259649276733398
19913,10,36,0.0290219783782959
19913,11,13,-0.4084487557411194
19913,11,21,0.05559134483337402
19913,11,22,0.0667874813079834
19913,11,25,0.02898573875427246
19913,11,26,-0.0990750789642334
19913,11,27,0.03644394874572754
19913,11,29,-0.23225247859954834
19913,11,32,0.10334563255310059
19913,11,33,-0.14401614665985107
19913,11,36,-0.2306671440601349
19913,13,21,0.5241419076919556
19913,13,22,0.5319451093673706
19913,13,25,0.10149633884429932
19913,13,26,-0.2567511796951294
19913,13,27,0.1419009566307068
19913,13,29,-0.7731004953384399
19913,13,32,0.6295070648193359
19913,13,33,-0.3161756992340088
19913,13,36,-0.6537967324256897
19913,21,22,3.3444766998291016
19913,21,25,2.716914415359497
19913,21,26,2.0971457958221436
19913,21,27,0.15223479270935059
19913,21,29,0.7873733043670654
19913,21,32,0.7471332550048828
19913,21,33,2.1403809785842896
19913,21,36,0.5615853667259216
19913,22,25,2.6555705070495605
19913,22,26,2.036909818649292
19913,22,27,0.14987921714782715
19913,22,29,0.6878039836883545
19913,22,32,0.6620385646820068
19913,22,33,2.0285555124282837
19913,22,36,0.4844016432762146
19913,25,26,1.3213255405426025
19913,25,27,0.47969353199005127
19913,25,29,0.2758033275604248
19913,25,32,1.2579200267791748
19913,25,33,1.5971752405166626
19913,25,36,0.09706133604049683
19913,26,27,0.4997440576553345
19913,26,29,-0.05840134620666504
19913,26,32,1.7120400667190552
19913,26,33,0.8847166299819946
19913,26,36,-0.2062721848487854
19913,27,29,-0.23467057943344116
19913,27,32,-0.06749904155731201
19913,27,33,0.48613035678863525
19913,27,36,0.22835785150527954
19913,29,32,0.6758190393447876
19913,29,33,-0.2588571310043335
19913,29,36,-0.7239498496055603
19913,32,33,1.3706371188163757
19913,32,36,0.4950825572013855
19913,33,36,-0.30924171209335327
19950,8,25,-0.12720704078674316
19950,8,26,-0.04644215106964111
19950,8,35,-0.06117057800292969
19950,8,36,0.13656949996948242
19950,25,26,-0.06502509117126465
19950,25,35,1.4088910818099976
19950,25,36,1.9831857681274414
19950,26,35,-0.008803129196166992
19950,26,36,0.14258432388305664
19950,35,36,3.61667799949646
19920,2,4,-0.0899667739868164
19920,2,5,0.02752554416656494
19920,2,10,-0.01989758014678955
19920,2,11,-0.02623164653778076
19920,2,12,0.008576035499572754
19920,2,17,0.01563572883605957
19920,2,21,-0.07388061285018921
19920,2,24,-0.11343541741371155
19920,2,27,0.033322691917419434
19920,2,32,-0.26323091983795166
19920,2,35,-0.05836069583892822
19920,2,37,0.021863579750061035
19920,2,38,-0.02645432949066162
19920,2,41,0.048113465309143066
19920,4,5,0.22488880157470703
19920,4,10,-0.023477673530578613
19920,4,11,-0.160905659198761
19920,4,12,0.011998295783996582
19920,4,17,0.01678752899169922
19920,4,21,-0.45120376348495483
19920,4,24,-0.30262646079063416
19920,4,27,0.1144028902053833
19920,4,32,-0.4426525831222534
19920,4,35,-0.0858575701713562
19920,4,37,-0.01792585849761963
19920,4,38,-0.06238633394241333
19920,4,41,0.12975633144378662
19920,5,10,-0.0067424774169921875
19920,5,11,0.10064315795898438
19920,5,12,-0.0006878376007080078
19920,5,17,-0.006954193115234375
19920,5,21,0.4345095753669739
19920,5,24,0.25795844197273254
19920,5,27,0.012620687484741211
19920,5,32,0.609023779630661
19920,5,35,0.06311202049255371
19920,5,37,0.0304110050201416
19920,5,38,0.08859360218048096
19920,5,41,-0.0766744613647461
19920,10,11,-0.27371716499328613
19920,10,12,0.04882633686065674
19920,10,17,0.03837692737579346
19920,10,21,0.017872095108032227
19920,10,24,0.20301523804664612
19920,10,27,-0.009950637817382812
19920,10,32,0.04637432098388672
19920,10,35,0.00016987323760986328
19920,10,37,-0.0050508975982666016
19920,10,38,0.0018720626831054688
19920,10,41,-0.012665748596191406
19920,11,12,0.1289733648300171
19920,11,17,0.03721809387207031
19920,11,21,-0.33072876930236816
19920,11,24,0.031164735555648804
19920,11,27,0.05638933181762695
19920,11,32,-0.33619225025177
19920,11,35,-0.09372997283935547
19920,11,37,0.007919788360595703
19920,11,38,-0.0710211992263794
19920,11,41,0.06465721130371094
19920,12,17,0.03405427932739258
19920,12,21,-0.2897283434867859
19920,12,24,-0.07923862338066101
19920,12,27,-0.029296875
19920,12,32,0.06585335731506348
19920,12,35,-0.007300376892089844
19920,12,37,0.008495330810546875
19920,12,38,-0.0016431808471679688
19920,12,41,-0.002756834030151367
19920,17,21,0.3059301972389221
19920,17,24,0.19994112849235535
19920,17,27,0.0453951358795166
19920,17,32,0.10312545299530029
19920,17,35,0.030251622200012207
19920,17,37,0.00762939453125
19920,17,38,0.05611228942871094
19920,17,41,-0.018319129943847656
19920,21,24,2.0761190354824066
19920,21,27,1.1433290839195251
19920,21,32,-0.532270610332489
19920,21,35,-0.13928532600402832
19920,21,37,-0.1216360330581665
19920,21,38,-0.19575846195220947
19920,21,41,0.4349554181098938
19920,24,27,0.9235297739505768
19920,24,32,-0.14458796381950378
19920,24,35,-0.1895923912525177
19920,24,37,0.09113511443138123
19920,24,38,0.009598851203918457
19920,24,41,0.39903751015663147
19920,27,32,1.6259745359420776
19920,27,35,0.06331300735473633
19920,27,37,0.07053184509277344
19920,27,38,0.08761239051818848
19920,27,41,-0.016180038452148438
19920,32,35,-0.13095808029174805
19920,32,37,-0.24419128894805908
19920,32,38,-0.48309779167175293
19920,32,41,0.7261307239532471
19920,35,37,-0.20958662033081055
19920,35,38,0.04118847846984863
19920,35,41,0.04108309745788574
19920,37,38,-0.07074451446533203
19920,37,41,0.020236492156982422
19920,38,41,0.05957496166229248
19934,3,5,0.17479974031448364
19934,3,8,0.23872607946395874
19934,3,12,0.307489812374115
19934,3,16,-0.4729248881340027
19934,3,19,0.14942115545272827
19934,3,20,-0.6162293553352356
19934,3,21,0.4551989436149597
19934,3,22,0.35170596837997437
19934,3,23,-0.345106303691864
19934,3,24,0.29205435514450073
19934,3,26,-0.6078877449035645
19934,3,30,0.5534523129463196
19934,3,35,0.1654157042503357
19934,3,39,0.1315743327140808
19934,5,8,-0.0303342342376709
19934,5,12,-0.02337789535522461
19934,5,16,0.07013726234436035
19934,5,19,-0.02607870101928711
19934,5,20,0.26641446352005005
19934,5,21,0.005164146423339844
19934,5,22,0.0005514621734619141
19934,5,23,0.2204662561416626
19934,5,24,0.18517374992370605
19934,5,26,0.13292038440704346
19934,5,30,-0.0628664493560791
19934,5,35,0.07143998146057129
19934,5,39,-0.019234061241149902
19934,8,12,-0.08359038829803467
19934,8,16,0.1280902624130249
19934,8,19,-0.03849196434020996
19934,8,20,0.6846538186073303
19934,8,21,0.08953297138214111
19934,8,22,0.25544750690460205
19934,8,23,0.5577354431152344
19934,8,24,0.18902075290679932
19934,8,26,0.3053974509239197
19934,8,30,-0.1296861171722412
19934,8,35,0.19233334064483643
19934,8,39,-0.03492927551269531
19934,12,16,0.17011427879333496
19934,12,19,-0.04102504253387451
19934,12,20,0.6545412540435791
19934,12,21,0.026924490928649902
19934,12,22,0.1468106508255005
19934,12,23,0.789441704750061
19934,12,24,0.2868880033493042
19934,12,26,0.3653056025505066
19934,12,30,-0.15575885772705078
19934,12,35,0.40486204624176025
19934,12,39,-0.038338422775268555
19934,16,19,0.06472504138946533
19934,16,20,-0.4432913064956665
19934,16,21,0.250602126121521
19934,16,22,0.14065253734588623
19934,16,23,-0.4040982723236084
19934,16,24,0.08001387119293213
19934,16,26,-0.5547321438789368
19934,16,30,0.3397914171218872
19934,16,35,0.008994460105895996
19934,16,39,0.0847320556640625
19934,19,20,-0.050316452980041504
19934,19,21,-0.12240397930145264
19934,19,22,-0.1259077787399292
19934,19,23,0.3057643175125122
19934,19,24,0.30558955669403076
19934,19,26,0.34200388193130493
19934,19,30,-0.06186068058013916
19934,19,35,0.11633002758026123
19934,19,39,-0.01736927032470703
19934,20,21,1.6290611028671265
19934,20,22,1.2133044004440308
19934,20,23,0.28187108039855957
19934,20,24,1.116634726524353
19934,20,26,-0.3957332968711853
19934,20,30,1.6256827116012573
19934,20,35,1.089624047279358
19934,20,39,0.3079209327697754
19934,21,22,3.2777074575424194
19934,21,23,2.0782408714294434
19934,21,24,3.243596911430359
19934,21,26,0.6722379326820374
19934,21,30,0.463581919670105
19934,21,35,3.1255301237106323
19934,21,39,-0.005209684371948242
19934,22,23,1.9860382080078125
19934,22,24,3.214535355567932
19934,22,26,0.47303396463394165
19934,22,30,0.7025458812713623
19934,22,35,2.8029290437698364
19934,22,39,-0.0341644287109375
19934,23,24,1.8791792392730713
19934,23,26,-0.6095815300941467
19934,23,30,1.5282270312309265
19934,23,35,1.6392545700073242
19934,23,39,0.1891242265701294
19934,24,26,0.4380958676338196
19934,24,30,1.7098026275634766
19934,24,35,2.7955039739608765
19934,24,39,0.08695435523986816
19934,26,30,0.7222631573677063
19934,26,35,0.33405834436416626
19934,26,39,0.17529833316802979
19934,30,35,1.078906774520874
19934,30,39,-0.06067037582397461
19934,35,39,0.07179880142211914
19907,8,22,0.6071124076843262
19907,8,23,0.9121342301368713
19907,8,24,0.24439764022827148
19907,8,25,0.6783677339553833
19907,8,26,-0.049306511878967285
19907,8,27,0.21082043647766113
19907,22,23,2.120720863342285
19907,22,24,3.2094533443450928
19907,22,25,2.6672749519348145
19907,22,26,-0.21825718879699707
19907,22,27,3.1491799354553223
19907,23,24,2.1353721618652344
19907,23,25,1.5076379776000977
19907,23,26,-0.0673896074295044
19907,23,27,2.0859858989715576
19907,24,25,2.957139015197754
19907,24,26,-0.08797717094421387
19907,24,27,3.205092430114746
19907,25,26,0.5071576833724976
19907,25,27,2.535752773284912
19907,26,27,0.24243879318237305
19853,16,23,-0.1358059048652649
19853,16,24,0.24992108345031738
19853,16,31,0.16723895072937012
19853,16,35,0.1725311279296875
19853,16,36,0.10248780250549316
19853,16,39,0.06249392032623291
19853,23,24,0.59534752368927
19853,23,31,0.4178541898727417
19853,23,35,0.45793259143829346
19853,23,36,0.32676398754119873
19853,23,39,0.025554656982421875
19853,24,31,-0.2328188419342041
19853,24,35,3.174148917198181
19853,24,36,3.066480875015259
19853,24,39,-0.04825592041015625
19853,31,35,-0.12510931491851807
19853,31,36,0.42441117763519287
19853,31,39,-0.02713644504547119
19853,35,36,3.560918927192688
19853,35,39,0.04788339138031006
19853,36,39,-0.006043791770935059
19850,2,3,0.19674408435821533
19850,2,6,0.0027196407318115234
19850,2,12,-0.03994417190551758
19850,2,13,0.08485668897628784
19850,2,14,-0.038105130195617676
19850,2,16,0.05183911323547363
19850,2,18,-0.023535490036010742
19850,2,20,0.0663188099861145
19850,2,21,0.09200167655944824
19850,2,22,-0.0013246536254882812
19850,2,23,0.11039990186691284
19850,2,24,0.07246208190917969
19850,2,28,0.006686806678771973
19850,2,33,0.1330552101135254
19850,3,6,-0.13867425918579102
19850,3,12,0.22454595565795898
19850,3,13,-0.4088992476463318
19850,3,14,0.205283522605896
19850,3,16,-0.30217891931533813
19850,3,18,0.03236269950866699
19850,3,20,-0.36887896060943604
19850,3,21,0.07155704498291016
19850,3,22,0.13977694511413574
19850,3,23,-0.41358065605163574
19850,3,24,0.01993393898010254
19850,3,28,-0.0705636739730835
19850,3,33,-0.06723666191101074
19850,6,12,0.03363192081451416
19850,6,13,0.005552828311920166
19850,6,14,0.03199493885040283
19850,6,16,-0.021256566047668457
19850,6,18,0.03838050365447998
19850,6,20,0.011311471462249756
19850,6,21,-0.05770576000213623
19850,6,22,-0.0723046064376831
19850,6,23,-0.09510195255279541
19850,6,24,-0.059008240699768066
19850,6,28,-0.013513565063476562
19850,6,33,-0.037807345390319824
19850,12,13,0.32261162996292114
19850,12,14,-0.11491692066192627
19850,12,16,0.22090542316436768
19850,12,18,-0.04536116123199463
19850,12,20,0.22012370824813843
19850,12,21,0.28665459156036377
19850,12,22,0.2523099184036255
19850,12,23,0.391330361366272
19850,12,24,0.4114323854446411
19850,12,28,0.011653304100036621
19850,12,33,0.5072236061096191
19850,13,14,0.29013127088546753
19850,13,16,-0.48184770345687866
19850,13,18,-0.43866270780563354
19850,13,20,-0.26371461153030396
19850,13,21,0.10168462991714478
19850,13,22,0.22896724939346313
19850,13,23,-0.6397609114646912
19850,13,24,0.2537084221839905
19850,13,28,-0.08577865362167358
19850,13,33,0.004401266574859619
19850,14,16,0.28072500228881836
19850,14,18,-0.03293955326080322
19850,14,20,0.31879156827926636
19850,14,21,0.5622744560241699
19850,14,22,0.07655739784240723
19850,14,23,0.4390869140625
19850,14,24,0.3189551830291748
19850,14,28,0.011524796485900879
19850,14,33,0.6458585262298584
19850,16,18,-0.14252245426177979
19850,16,20,-0.18274450302124023
19850,16,21,0.14461219310760498
19850,16,22,0.22506654262542725
19850,16,23,-0.7149062156677246
19850,16,24,0.1177593469619751
19850,16,28,-0.0884169340133667
19850,16,33,0.008524775505065918
19850,18,20,0.24899190664291382
19850,18,21,-0.03979837894439697
19850,18,22,0.37234246730804443
19850,18,23,-0.15915071964263916
19850,18,24,0.15742671489715576
19850,18,28,0.03813934326171875
19850,18,33,0.11834204196929932
19850,20,21,0.7129014134407043
19850,20,22,0.3849979043006897
19850,20,23,-0.7029305100440979
19850,20,24,0.3270156979560852
19850,20,28,-0.6257284879684448
19850,20,33,0.14205628633499146
19850,21,22,3.02698290348053
19850,21,23,0.41726529598236084
19850,21,24,2.8704103231430054
19850,21,28,0.16021060943603516
19850,21,33,2.6300188302993774
19850,22,23,0.9079231023788452
19850,22,24,3.06721293926239
19850,22,28,0.07097244262695312
19850,22,33,2.7683881521224976
19850,23,24,0.1604822874069214
19850,23,28,0.4375119209289551
19850,23,33,0.22107064723968506
19850,24,28,0.3752460479736328
19850,24,33,2.5219236612319946
19850,28,33,0.21750092506408691
19860,3,10,0.06928002834320068
19860,3,14,0.07992100715637207
19860,3,16,0.03902614116668701
19860,3,17,0.11602556705474854
19860,3,20,-0.335147500038147
19860,3,25,0.15164172649383545
19860,3,28,-0.07128459215164185
19860,3,29,-0.15906107425689697
19860,3,30,-0.19485342502593994
19860,3,33,-0.46420586109161377
19860,3,37,-0.31935226917266846
19860,3,38,-0.03878939151763916
19860,3,39,0.016139745712280273
19860,3,41,0.11624300479888916
19860,10,14,-0.028254032135009766
19860,10,16,-0.008428096771240234
19860,10,17,-0.025337696075439453
19860,10,20,0.159507155418396
19860,10,25,-0.026816129684448242
19860,10,28,0.05209696292877197
19860,10,29,0.21219325065612793
19860,10,30,0.0325474739074707
19860,10,33,0.08466446399688721
19860,10,37,0.22351503372192383
19860,10,38,0.0701758861541748
19860,10,39,0.006438136100769043
19860,10,41,-0.024515867233276367
19860,14,16,-0.010968208312988281
19860,14,17,-0.022745132446289062
19860,14,20,0.11653941869735718
19860,14,25,-0.0603024959564209
19860,14,28,0.08185195922851562
19860,14,29,0.12869906425476074
19860,14,30,0.036884188652038574
19860,14,33,0.33559536933898926
19860,14,37,0.3074280023574829
19860,14,38,0.1427929401397705
19860,14,39,0.025103211402893066
19860,14,41,-0.025955915451049805
19860,16,17,-0.05754196643829346
19860,16,20,0.18503302335739136
19860,16,25,0.014726996421813965
19860,16,28,0.060660481452941895
19860,16,29,0.05629265308380127
19860,16,30,0.061916470527648926
19860,16,33,0.3271191120147705
19860,16,37,0.13396990299224854
19860,16,38,0.04901254177093506
19860,16,39,0.0024747848510742188
19860,16,41,-0.03141188621520996
19860,17,20,0.3579230308532715
19860,17,25,-0.042041778564453125
19860,17,28,0.1328521966934204
19860,17,29,0.5798162221908569
19860,17,30,0.12186110019683838
19860,17,33,0.9009446501731873
19860,17,37,0.7085992097854614
19860,17,38,0.42544984817504883
19860,17,39,0.006680846214294434
19860,17,41,-0.06034553050994873
19860,20,25,0.4828531742095947
19860,20,28,-1.7707397937774658
19860,20,29,1.3511241674423218
19860,20,30,0.2905657887458801
19860,20,33,-0.26770544052124023
19860,20,37,-0.3867509365081787
19860,20,38,0.2258765697479248
19860,20,39,-0.08569180965423584
19860,20,41,0.3035883903503418
19860,25,28,0.1188737154006958
19860,25,29,0.7436734437942505
19860,25,30,0.24480175971984863
19860,25,33,1.684283435344696
19860,25,37,0.4243727922439575
19860,25,38,0.6337862014770508
19860,25,39,-0.047960877418518066
19860,25,41,-0.05212831497192383
19860,28,29,1.1804473400115967
19860,28,30,0.2796691656112671
19860,28,33,0.0015118122100830078
19860,28,37,-0.46988415718078613
19860,28,38,-0.08661365509033203
19860,28,39,-0.023384928703308105
19860,28,41,0.09804081916809082
19860,29,30,0.3571130037307739
19860,29,33,1.1500539779663086
19860,29,37,1.2601549625396729
19860,29,38,2.1290061473846436
19860,29,39,-0.10770165920257568
19860,29,41,0.3199499845504761
19860,30,33,-0.3910285234451294
19860,30,37,-0.4380406141281128
19860,30,38,0.05910360813140869
19860,30,39,-0.023423433303833008
19860,30,41,0.12649905681610107
19860,33,37,0.8048670291900635
19860,33,38,1.560610055923462
19860,33,39,-0.11040544509887695
19860,33,41,0.3523064851760864
19860,37,38,2.151381254196167
19860,37,39,0.06307494640350342
19860,37,41,0.21440744400024414
19860,38,39,0.0789417028427124
19860,38,41,0.25042724609375
19860,39,41,-0.010045766830444336
19859,3,6,-0.007565975189208984
19859,3,8,0.019616007804870605
19859,3,9,-0.03680622577667236
19859,3,17,-0.012227177619934082
19859,3,19,0.1371912956237793
19859,3,20,-0.325761079788208
19859,3,21,0.08685111999511719
19859,3,22,0.06556820869445801
19859,3,23,-0.21908915042877197
19859,3,25,-0.14048469066619873
19859,3,29,-0.289162814617157
19859,3,31,0.04657769203186035
19859,3,33,0.16894245147705078
19859,3,37,0.14963972568511963
19859,6,8,-0.04342758655548096
19859,6,9,-0.02391684055328369
19859,6,17,-0.008384346961975098
19859,6,19,-0.09662985801696777
19859,6,20,0.49825769662857056
19859,6,21,0.11776852607727051
19859,6,22,0.09180951118469238
19859,6,23,0.5416387319564819
19859,6,25,0.2909390926361084
19859,6,29,0.2951088547706604
19859,6,31,0.008424758911132812
19859,6,33,-0.09706950187683105
19859,6,37,-0.10265111923217773
19859,8,9,0.024454951286315918
19859,8,17,0.029511332511901855
19859,8,19,-0.038808465003967285
19859,8,20,0.17833900451660156
19859,8,21,-0.0027579069137573242
19859,8,22,0.09214937686920166
19859,8,23,0.13285911083221436
19859,8,25,0.29413771629333496
19859,8,29,0.1504620909690857
19859,8,31,0.005643606185913086
19859,8,33,-0.034039855003356934
19859,8,37,-0.04418361186981201
19859,9,17,-0.023992300033569336
19859,9,19,-0.005963683128356934
19859,9,20,-0.06506061553955078
19859,9,21,0.012027382850646973
19859,9,22,0.044078946113586426
19859,9,23,0.012352585792541504
19859,9,25,0.023075461387634277
19859,9,29,0.0642423927783966
19859,9,31,0.0050994157791137695
19859,9,33,-0.007282137870788574
19859,9,37,-0.006693005561828613
19859,17,19,0.006510615348815918
19859,17,20,0.42457306385040283
19859,17,21,0.09696900844573975
19859,17,22,0.03133285045623779
19859,17,23,0.13014304637908936
19859,17,25,0.2932239770889282
19859,17,29,0.08087384700775146
19859,17,31,-0.06682074069976807
19859,17,33,-0.012000679969787598
19859,17,37,-0.028823256492614746
19859,19,20,0.495242178440094
19859,19,21,-0.15343451499938965
19859,19,22,0.28595685958862305
19859,19,23,1.085839331150055
19859,19,25,0.40286076068878174
19859,19,29,0.9014188051223755
19859,19,31,0.024524807929992676
19859,19,33,-0.10997986793518066
19859,19,37,-0.192513108253479
19859,20,21,1.8244472742080688
19859,20,22,1.7457114458084106
19859,20,23,0.6588449478149414
19859,20,25,0.6631686687469482
19859,20,29,0.5607422590255737
19859,20,31,-0.375691294670105
19859,20,33,2.0258065462112427
19859,20,37,1.353614091873169
19859,21,22,3.068213701248169
19859,21,23,2.140498995780945
19859,21,25,2.3283015489578247
19859,21,29,0.6723277568817139
19859,21,31,-0.0869225263595581
19859,21,33,3.6551764011383057
19859,21,37,0.45472216606140137
19859,22,23,2.0214160680770874
19859,22,25,2.210427403450012
19859,22,29,0.42998719215393066
19859,22,31,-0.47773706912994385
19859,22,33,3.2441484928131104
19859,22,37,0.8723570108413696
19859,23,25,0.9550318717956543
19859,23,29,0.2831622362136841
19859,23,31,-0.06141924858093262
19859,23,33,2.3986746072769165
19859,23,37,1.3916889429092407
19859,25,29,0.016931891441345215
19859,25,31,0.08611941337585449
19859,25,33,2.3404511213302612
19859,25,37,1.081596851348877
19859,29,31,-0.5707504749298096
19859,29,33,0.9580228328704834
19859,29,37,0.7420589923858643
19859,31,33,0.9258719682693481
19859,31,37,-0.010859847068786621
19859,33,37,-0.08040022850036621
19800,2,4,-0.0007511377334594727
19800,2,6,-0.07297492027282715
19800,2,8,-0.06535816192626953
19800,2,9,-0.020580291748046875
19800,2,10,0.11470097303390503
19800,2,14,0.3162000775337219
19800,2,17,-0.08904492855072021
19800,2,22,-0.04801523685455322
19800,2,23,0.1835026741027832
19800,2,24,0.18897974491119385
19800,2,25,0.275898814201355
19800,2,27,0.17066103219985962
19800,2,28,-0.003585219383239746
19800,2,33,0.2657701373100281
19800,4,6,0.0018229484558105469
19800,4,8,0.0721510648727417
19800,4,9,0.021544694900512695
19800,4,10,-0.208408921957016
19800,4,14,-0.22597968578338623
19800,4,17,0.10071027278900146
19800,4,22,0.10385251045227051
19800,4,23,-0.20474737882614136
19800,4,24,0.031328678131103516
19800,4,25,-0.16589808464050293
19800,4,27,-0.2328033447265625
19800,4,28,-0.02094435691833496
19800,4,33,-0.3231614828109741
19800,6,8,-0.10357511043548584
19800,6,9,-0.04938066005706787
19800,6,10,0.31547147035598755
19800,6,14,0.47484761476516724
19800,6,17,-0.10995841026306152
19800,6,22,-0.03667330741882324
19800,6,23,0.23675572872161865
19800,6,24,0.1259019374847412
19800,6,25,0.40971410274505615
19800,6,27,0.2067880630493164
19800,6,28,0.031125783920288086
19800,6,33,0.4078969955444336
19800,8,9,-0.0037840604782104492
19800,8,10,0.37118977308273315
19800,8,14,0.6042037010192871
19800,8,17,-0.17812788486480713
19800,8,22,-0.020732522010803223
19800,8,23,0.4061157703399658
19800,8,24,0.2766367197036743
19800,8,25,0.8747586011886597
19800,8,27,0.3489261865615845
19800,8,28,0.0441058874130249
19800,8,33,0.8931372165679932
19800,9,10,-0.052431583404541016
19800,9,14,0.18744659423828125
19800,9,17,-0.05565333366394043
19800,9,22,-0.05599379539489746
19800,9,23,0.09864884614944458
19800,9,24,-0.0699613094329834
19800,9,25,0.1950761079788208
19800,9,27,0.1648775339126587
19800,9,28,-0.013384819030761719
19800,9,33,0.14279413223266602
19800,10,14,-0.07215625047683716
19800,10,17,0.5068077445030212
19800,10,22,0.5078820586204529
19800,10,23,-0.6509131789207458
19800,10,24,0.2415885329246521
19800,10,25,-0.1303296685218811
19800,10,27,-0.668598473072052
19800,10,28,-0.025595545768737793
19800,10,33,-0.5999954342842102
19800,14,17,1.0073343515396118
19800,14,22,1.3911195993423462
19800,14,23,-0.7389552593231201
19800,14,24,1.0722793340682983
19800,14,25,0.5495413541793823
19800,14,27,-0.6902228593826294
19800,14,28,-0.0198519229888916
19800,14,33,-0.26176369190216064
19800,17,22,0.1182565689086914
19800,17,23,0.556014895439148
19800,17,24,1.3391658067703247
19800,17,25,1.949598252773285
19800,17,27,0.5951077938079834
19800,17,28,0.06289851665496826
19800,17,33,1.5091581344604492
19800,22,23,0.7369402647018433
19800,22,24,3.4156441688537598
19800,22,25,2.6911988258361816
19800,22,27,0.7415575981140137
19800,22,28,0.08559989929199219
19800,22,33,1.7624413967132568
19800,23,24,0.22348320484161377
19800,23,25,-0.1890014410018921
19800,23,27,-0.8505500555038452
19800,23,28,0.3672367334365845
19800,23,33,-0.48500025272369385
19800,24,25,2.4517743587493896
19800,24,27,0.6493332386016846
19800,24,28,0.24311017990112305
19800,24,33,1.464738130569458
19800,25,27,-0.3025195598602295
19800,25,28,0.32143139839172363
19800,25,33,1.1388611793518066
19800,27,28,-0.7220757007598877
19800,27,33,-1.0990955829620361
19800,28,33,0.2120903730392456
19839,3,5,0.19660139083862305
19839,3,9,0.011226534843444824
19839,3,10,-0.15563535690307617
19839,3,11,-0.023462653160095215
19839,3,12,0.036220550537109375
19839,3,14,-0.03183770179748535
19839,3,17,0.037081360816955566
19839,3,24,0.26270222663879395
19839,3,28,-0.19736313819885254
19839,3,34,0.1411672830581665
19839,3,35,0.258286714553833
19839,3,36,0.08811068534851074
19839,3,37,0.22057700157165527
19839,3,38,-0.3103488087654114
19839,5,9,-0.01131892204284668
19839,5,10,0.024280905723571777
19839,5,11,0.019719243049621582
19839,5,12,0.010272622108459473
19839,5,14,0.005606293678283691
19839,5,17,-0.006398200988769531
19839,5,24,-0.05782032012939453
19839,5,28,0.06558692455291748
19839,5,34,-0.03396904468536377
19839,5,35,-0.04431569576263428
19839,5,36,0.05112159252166748
19839,5,37,-0.06348133087158203
19839,5,38,0.12316322326660156
19839,9,10,-0.09436643123626709
19839,9,11,0.04722762107849121
19839,9,12,-0.034705400466918945
19839,9,14,0.06053328514099121
19839,9,17,-0.000630497932434082
19839,9,24,-0.004305362701416016
19839,9,28,-0.046998023986816406
19839,9,34,-0.015668630599975586
19839,9,35,0.0004080533981323242
19839,9,36,0.02113020420074463
19839,9,37,-0.007863879203796387
19839,9,38,0.025654315948486328
19839,10,11,-0.05038917064666748
19839,10,12,0.07038402557373047
19839,10,14,-0.06170976161956787
19839,10,17,-0.022258996963500977
19839,10,24,0.10624814033508301
19839,10,28,0.008393645286560059
19839,10,34,0.0430525541305542
19839,10,35,0.08141708374023438
19839,10,36,-0.00665736198425293
19839,10,37,0.07686185836791992
19839,10,38,-0.10949194431304932
19839,11,12,0.02923750877380371
19839,11,14,0.00864565372467041
19839,11,17,0.05971789360046387
19839,11,24,0.039624691009521484
19839,11,28,-0.04826772212982178
19839,11,34,0.015988945960998535
19839,11,35,0.02445530891418457
19839,11,36,-0.026733875274658203
19839,11,37,0.03309035301208496
19839,11,38,-0.10121989250183105
19839,12,14,0.020824551582336426
19839,12,17,0.01932549476623535
19839,12,24,-0.029801130294799805
19839,12,28,-0.020524144172668457
19839,12,34,-0.013210773468017578
19839,12,35,-0.016656875610351562
19839,12,36,-0.017691612243652344
19839,12,37,-0.008782505989074707
19839,12,38,-0.0028210878372192383
19839,14,17,0.0697641372680664
19839,14,24,0.09006714820861816
19839,14,28,-0.08899974822998047
19839,14,34,0.04674363136291504
19839,14,35,0.08001399040222168
19839,14,36,-0.002895832061767578
19839,14,37,0.06217920780181885
19839,14,38,-0.0895758867263794
19839,17,24,0.01545262336730957
19839,17,28,-0.0015300512313842773
19839,17,34,-0.048371315002441406
19839,17,35,0.0012786388397216797
19839,17,36,0.03864479064941406
19839,17,37,-0.027832508087158203
19839,17,38,0.057111263275146484
19839,24,28,0.3118877410888672
19839,24,34,-0.10508179664611816
19839,24,35,0.3674886226654053
19839,24,36,0.7583248615264893
19839,24,37,-0.14706361293792725
19839,24,38,0.317240834236145
19839,28,34,0.20005273818969727
19839,28,35,0.21160554885864258
19839,28,36,0.060921430587768555
19839,28,37,0.11663174629211426
19839,28,38,-0.30861136317253113
19839,34,35,-0.09276938438415527
19839,34,36,0.2934386730194092
19839,34,37,-0.10957789421081543
19839,34,38,0.19591128826141357
19839,35,36,3.6004719734191895
19839,35,37,-0.15362048149108887
19839,35,38,0.3941432237625122
19839,36,37,0.26533055305480957
19839,36,38,0.1801375150680542
19839,37,38,0.2520560026168823
19854,14,16,0.024414777755737305
19854,14,21,-0.0471494197845459
19854,14,26,0.13900327682495117
19854,14,27,0.025372982025146484
19854,14,29,0.24342751502990723
19854,14,34,-0.010027408599853516
19854,16,21,-0.054489850997924805
19854,16,26,-0.027733296155929565
19854,16,27,0.028360366821289062
19854,16,29,-0.04593980312347412
19854,16,34,-0.015564441680908203
19854,21,26,0.7992455959320068
19854,21,27,0.788783073425293
19854,21,29,1.5065566301345825
19854,21,34,-0.017388463020324707
19854,26,27,0.7595796585083008
19854,26,29,-0.1580580472946167
19854,26,34,0.2843250632286072
19854,27,29,2.0019184350967407
19854,27,34,0.12090921401977539
19854,29,34,0.034581661224365234
19803,3,10,-0.18413019180297852
19803,3,11,0.01975882053375244
19803,3,12,-0.3163444995880127
19803,3,14,0.01056361198425293
19803,3,16,0.1648869514465332
19803,3,21,0.14176034927368164
19803,3,22,0.17307710647583008
19803,3,23,-0.12110757827758789
19803,3,24,0.08216381072998047
19803,3,25,0.19690632820129395
19803,3,28,-0.0634772777557373
19803,3,32,0.23524999618530273
19803,3,37,-0.09502178430557251
19803,3,38,-0.31318044662475586
19803,10,11,-0.0018897056579589844
19803,10,12,-0.46066775918006897
19803,10,14,0.05063343048095703
19803,10,16,0.14498209953308105
19803,10,21,0.11252808570861816
19803,10,22,0.223846435546875
19803,10,23,-0.0743681788444519
19803,10,24,0.09807586669921875
19803,10,25,0.14519858360290527
19803,10,28,0.008250117301940918
19803,10,32,0.21754968166351318
19803,10,37,-0.14330685138702393
19803,10,38,-0.22804629802703857
19803,11,12,-0.056255459785461426
19803,11,14,0.026896953582763672
19803,11,16,0.02774178981781006
19803,11,21,-0.006802558898925781
19803,11,22,0.03001260757446289
19803,11,23,0.011093497276306152
19803,11,24,-0.0058956146240234375
19803,11,25,0.006110191345214844
19803,11,28,-0.015902280807495117
19803,11,32,0.010477900505065918
19803,11,37,0.011517643928527832
19803,11,38,-0.03513824939727783
19803,12,14,0.020340323448181152
19803,12,16,0.12866556644439697
19803,12,21,0.01825547218322754
19803,12,22,0.09555983543395996
19803,12,23,-0.02485811710357666
19803,12,24,0.05910158157348633
19803,12,25,0.11133027076721191
19803,12,28,0.03032398223876953
19803,12,32,0.17595374584197998
19803,12,37,-0.11087918281555176
19803,12,38,-0.18297892808914185
19803,14,16,-0.0018069744110107422
19803,14,21,0.11592388153076172
19803,14,22,0.004744529724121094
19803,14,23,0.023200511932373047
19803,14,24,-0.051828622817993164
19803,14,25,-0.04091477394104004
19803,14,28,-0.03698277473449707
19803,14,32,-0.005756974220275879
19803,14,37,0.03252255916595459
19803,14,38,-0.012779712677001953
19803,16,21,-0.054972171783447266
19803,16,22,-0.03633761405944824
19803,16,23,0.12056088447570801
19803,16,24,0.11817049980163574
19803,16,25,0.07530069351196289
19803,16,28,0.02844822406768799
19803,16,32,-0.14078032970428467
19803,16,37,0.08417105674743652
19803,16,38,0.20163893699645996
19803,21,22,3.4245798587799072
19803,21,23,0.1691272258758545
19803,21,24,3.1983344554901123
19803,21,25,3.3927419185638428
19803,21,28,0.046086788177490234
19803,21,32,0.4362233877182007
19803,21,37,0.04451119899749756
19803,21,38,0.1821751594543457
19803,22,23,0.07007932662963867
19803,22,24,3.219388008117676
19803,22,25,3.416555881500244
19803,22,28,0.23332548141479492
19803,22,32,0.31944429874420166
19803,22,37,0.09736931324005127
19803,22,38,0.2288496494293213
19803,23,24,0.09085297584533691
19803,23,25,-0.016846418380737305
19803,23,28,-0.5386275053024292
19803,23,32,0.08200860023498535
19803,23,37,-0.07613050937652588
19803,23,38,-0.10285645723342896
19803,24,25,3.366882801055908
19803,24,28,0.26640772819519043
19803,24,32,0.5120676755905151
19803,24,37,-0.00431978702545166
19803,24,38,0.15871882438659668
19803,25,28,0.4511144161224365
19803,25,32,0.20005977153778076
19803,25,37,0.07571685314178467
19803,25,38,0.21614813804626465
19803,28,32,0.015784859657287598
19803,28,37,-0.1093055009841919
19803,28,38,-0.03198683261871338
19803,32,37,0.10891151428222656
19803,32,38,0.21688425540924072
19803,37,38,0.05197763442993164
19840,1,15,0.07932507991790771
19840,1,16,-0.026722073554992676
19840,1,17,-0.17523866891860962
19840,1,18,-0.1978282928466797
19840,1,19,-0.21509790420532227
19840,1,20,-0.11569881439208984
19840,1,21,-0.042968034744262695
19840,1,22,0.10262441635131836
19840,1,23,-0.22958624362945557
19840,1,24,0.0523982048034668
19840,1,28,-0.22307568788528442
19840,1,30,0.08170342445373535
19840,1,34,0.09610271453857422
19840,1,41,-0.0044689178466796875
19840,15,16,0.0449446439743042
19840,15,17,0.5734657645225525
19840,15,18,1.8883246183395386
19840,15,19,1.4777154922485352
19840,15,20,0.886120080947876
19840,15,21,0.07875263690948486
19840,15,22,-0.05357253551483154
19840,15,23,0.7885283827781677
19840,15,24,0.16554534435272217
19840,15,28,0.4995257258415222
19840,15,30,-0.16666018962860107
19840,15,34,-0.17948567867279053
19840,15,41,-0.01155698299407959
19840,16,17,-0.2910565435886383
19840,16,18,-0.41297245025634766
19840,16,19,-0.24546027183532715
19840,16,20,0.07645988464355469
19840,16,21,0.0402979850769043
19840,16,22,0.12242531776428223
19840,16,23,-0.22741210460662842
19840,16,24,-0.004878520965576172
19840,16,28,-0.3016030788421631
19840,16,30,0.09587574005126953
19840,16,34,0.09617006778717041
19840,16,41,-0.007820606231689453
19840,17,18,0.517638623714447
19840,17,19,-0.10811871290206909
19840,17,20,0.02966064214706421
19840,17,21,0.2328614592552185
19840,17,22,0.48104017972946167
19840,17,23,-0.31933802366256714
19840,17,24,0.2304651141166687
19840,17,28,-0.6784735918045044
19840,17,30,0.37556689977645874
19840,17,34,0.43123549222946167
19840,17,41,0.05084437131881714
19840,18,19,0.8719862699508667
19840,18,20,1.464662790298462
19840,18,21,1.894984245300293
19840,18,22,2.406785011291504
19840,18,23,0.9920026063919067
19840,18,24,2.0947606563568115
19840,18,28,-0.1016431450843811
19840,18,30,0.8106017708778381
19840,18,34,1.3240867853164673
19840,18,41,0.0029889345169067383
19840,19,20,1.0177377462387085
19840,19,21,1.5812398195266724
19840,19,22,2.1344274282455444
19840,19,23,0.695331335067749
19840,19,24,1.748897671699524
19840,19,28,-0.3945385813713074
19840,19,30,1.3727725744247437
19840,19,34,1.464439332485199
19840,19,41,0.07938587665557861
19840,20,21,2.486020088195801
19840,20,22,2.789316415786743
19840,20,23,1.262109398841858
19840,20,24,2.395768165588379
19840,20,28,0.15232771635055542
19840,20,30,1.1951590180397034
19840,20,34,1.3142606616020203
19840,20,41,0.007323503494262695
19840,21,22,3.3613650798797607
19840,21,23,1.9270082712173462
19840,21,24,3.055711030960083
19840,21,28,0.45529645681381226
19840,21,30,0.6431175470352173
19840,21,34,0.9600590467453003
19840,21,41,-0.02007269859313965
19840,22,23,2.307150959968567
19840,22,24,3.537949323654175
19840,22,28,0.7382354140281677
19840,22,30,-0.1507718563079834
19840,22,34,-0.038924217224121094
19840,22,41,-0.02714705467224121
19840,23,24,2.0991722345352173
19840,23,28,-0.3537737727165222
19840,23,30,0.9084340929985046
19840,23,34,1.4714108109474182
19840,23,41,0.10323810577392578
19840,24,28,0.5797011256217957
19840,24,30,0.9776002168655396
19840,24,34,0.37971019744873047
19840,24,41,0.026346683502197266
19840,28,30,0.8478139042854309
19840,28,34,0.7306037545204163
19840,28,41,0.04381769895553589
19840,30,34,-0.1902637481689453
19840,30,41,-0.013499855995178223
19840,34,41,-0.01627063751220703
19818,1,3,-0.03818225860595703
19818,1,7,-0.013962149620056152
19818,1,10,-0.05014759302139282
19818,1,14,-0.011116623878479004
19818,1,16,0.016389667987823486
19818,1,20,0.010296463966369629
19818,1,21,-0.019554972648620605
19818,1,24,0.15381848812103271
19818,1,25,-0.03865516185760498
19818,1,31,0.005025625228881836
19818,1,32,-0.007828474044799805
19818,1,37,0.0007033348083496094
19818,1,39,-0.008552312850952148
19818,1,41,-0.003586292266845703
19818,3,7,0.030423760414123535
19818,3,10,-0.4614366888999939
19818,3,14,0.2588890790939331
19818,3,16,-0.3489060401916504
19818,3,20,0.03161299228668213
19818,3,21,-0.012624144554138184
19818,3,24,-0.04451644420623779
19818,3,25,-0.020453810691833496
19818,3,31,0.3599836826324463
19818,3,32,0.11835265159606934
19818,3,37,0.13735830783843994
19818,3,39,0.06685733795166016
19818,3,41,0.1606663465499878
19818,7,10,-0.08426547050476074
19818,7,14,-0.04492080211639404
19818,7,16,-0.0259552001953125
19818,7,20,0.014979958534240723
19818,7,21,0.05218303203582764
19818,7,24,0.3508802652359009
19818,7,25,0.07929098606109619
19818,7,31,-0.02201521396636963
19818,7,32,0.0043915510177612305
19818,7,37,-0.012653470039367676
19818,7,39,-0.003009319305419922
19818,7,41,0.0024715662002563477
19818,10,14,0.42921435832977295
19818,10,16,-0.6667343974113464
19818,10,20,0.07841336727142334
19818,10,21,0.00014269351959228516
19818,10,24,0.022037386894226074
19818,10,25,0.010855793952941895
19818,10,31,0.46379852294921875
19818,10,32,0.11898016929626465
19818,10,37,0.1515723466873169
19818,10,39,0.11087191104888916
19818,10,41,0.23428988456726074
19818,14,16,0.37487727403640747
19818,14,20,3.136370539665222
19818,14,21,2.9503570795059204
19818,14,24,2.7114158868789673
19818,14,25,2.6452337503433228
19818,14,31,1.0550252199172974
19818,14,32,-0.03928852081298828
19818,14,37,-0.01735985279083252
19818,14,39,-0.007372140884399414
19818,14,41,-0.006224632263183594
19818,16,20,0.184329092502594
19818,16,21,-0.022891223430633545
19818,16,24,-0.056614816188812256
19818,16,25,0.032034218311309814
19818,16,31,0.4577208161354065
19818,16,32,0.12270611524581909
19818,16,37,0.15498727560043335
19818,16,39,0.09635776281356812
19818,16,41,0.1664561629295349
19818,20,21,2.6997300386428833
19818,20,24,2.2487858533859253
19818,20,25,2.181029200553894
19818,20,31,1.8176588416099548
19818,20,32,0.07878899574279785
19818,20,37,0.11090362071990967
19818,20,39,0.07868027687072754
19818,20,41,0.2255537509918213
19818,21,24,2.593870759010315
19818,21,25,2.306257128715515
19818,21,31,0.9775447845458984
19818,21,32,0.054360389709472656
19818,21,37,0.14324724674224854
19818,21,39,0.04119753837585449
19818,21,41,0.157456636428833
19818,24,25,3.0736714601516724
19818,24,31,2.2183135747909546
19818,24,32,0.414581298828125
19818,24,37,0.16120469570159912
19818,24,39,0.14455604553222656
19818,24,41,0.26227593421936035
19818,25,31,2.0267125964164734
19818,25,32,0.06380724906921387
19818,25,37,0.2945246696472168
19818,25,39,0.10259890556335449
19818,25,41,0.2537585496902466
19818,31,32,-0.09359884262084961
19818,31,37,-0.09861338138580322
19818,31,39,-0.05176711082458496
19818,31,41,-0.117331862449646
19818,32,37,-0.04679524898529053
19818,32,39,-0.041220664978027344
19818,32,41,-0.02680230140686035
19818,37,39,-0.0184096097946167
19818,37,41,-0.04638040065765381
19818,39,41,-0.024881958961486816
19819,3,11,-0.1318061351776123
19819,3,13,0.03171586990356445
19819,3,18,-0.01790463924407959
19819,3,20,-8.380413055419922e-05
19819,3,21,0.2261723279953003
19819,3,22,0.015567898750305176
19819,3,25,-0.1859215497970581
19819,3,27,0.08098506927490234
19819,3,30,0.31034648418426514
19819,3,33,-0.06967675685882568
19819,3,36,-0.5109546184539795
19819,3,37,-0.3715609908103943
19819,3,39,0.06311500072479248
19819,3,40,0.20758545398712158
19819,11,13,-0.0038716793060302734
19819,11,18,-0.09897887706756592
19819,11,20,0.02127230167388916
19819,11,21,0.14044559001922607
19819,11,22,0.013301253318786621
19819,11,25,-0.17704570293426514
19819,11,27,0.07770919799804688
19819,11,30,0.15928661823272705
19819,11,33,-0.02576625347137451
19819,11,36,-0.3555566072463989
19819,11,37,-0.2588004469871521
19819,11,39,0.0322190523147583
19819,11,40,0.09781897068023682
19819,13,18,-0.0258638858795166
19819,13,20,0.07649755477905273
19819,13,21,0.018769264221191406
19819,13,22,0.0860908031463623
19819,13,25,0.18789935111999512
19819,13,27,-0.021648764610290527
19819,13,30,-0.08313417434692383
19819,13,33,0.05024123191833496
19819,13,36,0.3030415177345276
19819,13,37,0.09701544046401978
19819,13,39,-0.024396896362304688
19819,13,40,-0.05324578285217285
19819,18,20,0.4126100540161133
19819,18,21,0.12108516693115234
19819,18,22,-0.42776966094970703
19819,18,25,-0.027233123779296875
19819,18,27,-0.04078054428100586
19819,18,30,0.07430040836334229
19819,18,33,0.007984161376953125
19819,18,36,-0.1240530014038086
19819,18,37,-0.054485857486724854
19819,18,39,0.01736927032470703
19819,18,40,0.04411625862121582
19819,20,21,3.154550790786743
19819,20,22,2.4825832843780518
19819,20,25,2.0389716625213623
19819,20,27,0.6399062871932983
19819,20,30,2.836862802505493
19819,20,33,2.5500080585479736
19819,20,36,0.8449428081512451
19819,20,37,0.19302910566329956
19819,20,39,0.07313966751098633
19819,20,40,0.5363578796386719
19819,21,22,2.962221622467041
19819,21,25,2.6248316764831543
19819,21,27,0.18867719173431396
19819,21,30,1.1539900302886963
19819,21,33,3.0655908584594727
19819,21,36,1.2639973163604736
19819,21,37,0.5122105479240417
19819,21,39,-0.03239560127258301
19819,21,40,-0.018408775329589844
19819,22,25,2.3398284912109375
19819,22,27,0.4198939800262451
19819,22,30,2.4128998517990112
19819,22,33,2.29974102973938
19819,22,36,0.6761295795440674
19819,22,37,0.13934725522994995
19819,22,39,-0.03812599182128906
19819,22,40,0.5448237657546997
19819,25,27,0.6037386655807495
19819,25,30,2.480656623840332
19819,25,33,2.0951919555664062
19819,25,36,0.44719409942626953
19819,25,37,-0.17594462633132935
19819,25,39,0.11545348167419434
19819,25,40,0.7152115106582642
19819,27,30,-0.12796175479888916
19819,27,33,0.3389066457748413
19819,27,36,0.4203958511352539
19819,27,37,0.2220049500465393
19819,27,39,-0.022739052772521973
19819,27,40,-0.06720852851867676
19819,30,33,2.7786526679992676
19819,30,36,1.3833770751953125
19819,30,37,0.6089007258415222
19819,30,39,-0.061025381088256836
19819,30,40,-0.20930147171020508
19819,33,36,0.7752292156219482
19819,33,37,0.2715844511985779
19819,33,39,0.1973412036895752
19819,33,40,0.8299143314361572
19819,36,37,-0.768724262714386
19819,36,39,0.3085933029651642
19819,36,40,0.8974220752716064
19819,37,39,0.10267692804336548
19819,37,40,0.39564353227615356
19819,39,40,-0.036359548568725586
19807,12,14,0.28012120723724365
19807,12,16,-0.007038712501525879
19807,12,24,0.2918582558631897
19807,12,25,0.2789968252182007
19807,12,33,0.3436456322669983
19807,12,35,0.30573391914367676
19807,14,16,0.013371706008911133
19807,14,24,0.23607444763183594
19807,14,25,0.48606741428375244
19807,14,33,-0.746070146560669
19807,14,35,0.05234038829803467
19807,16,24,-0.008147716522216797
19807,16,25,0.08249270915985107
19807,16,33,-0.2483118772506714
19807,16,35,-0.1555694341659546
19807,24,25,3.9052140712738037
19807,24,33,0.6585489511489868
19807,24,35,1.2786295413970947
19807,25,33,1.166696548461914
19807,25,35,2.2021201848983765
19807,33,35,0.4201371669769287
19846,3,4,-0.35724782943725586
19846,3,12,-0.3959038257598877
19846,3,13,-0.4745941162109375
19846,3,14,0.11873090267181396
19846,3,15,0.40992653369903564
19846,3,16,0.27717125415802
19846,3,21,0.29784655570983887
19846,3,22,0.38476109504699707
19846,3,24,0.3517911434173584
19846,3,25,0.06279444694519043
19846,3,32,0.10831189155578613
19846,3,33,0.1434950828552246
19846,3,38,-0.5991442203521729
19846,3,39,0.25399792194366455
19846,4,12,-0.14675664901733398
19846,4,13,-0.10790616273880005
19846,4,14,0.03450608253479004
19846,4,15,0.08581256866455078
19846,4,16,0.050514817237854004
19846,4,21,0.006668210029602051
19846,4,22,0.03911316394805908
19846,4,24,0.05485641956329346
19846,4,25,-0.02487027645111084
19846,4,32,0.02502274513244629
19846,4,33,0.011863112449645996
19846,4,38,-0.2449713945388794
19846,4,39,0.05725967884063721
19846,12,13,-0.9624971151351929
19846,12,14,0.08239889144897461
19846,12,15,0.2916163206100464
19846,12,16,0.1844550371170044
19846,12,21,0.06053817272186279
19846,12,22,0.22444307804107666
19846,12,24,0.17668569087982178
19846,12,25,-0.04571378231048584
19846,12,32,0.1203157901763916
19846,12,33,0.09484970569610596
19846,12,38,-0.5737957954406738
19846,12,39,0.14907467365264893
19846,13,14,-0.144659161567688
19846,13,15,0.3592514991760254
19846,13,16,0.04905390739440918
19846,13,21,0.23483622074127197
19846,13,22,0.3279503583908081
19846,13,24,0.35043060779571533
19846,13,25,0.013861775398254395
19846,13,32,0.08224022388458252
19846,13,33,0.060265183448791504
19846,13,38,-0.5759106874465942
19846,13,39,0.20541727542877197
19846,14,15,-0.02966463565826416
19846,14,16,-0.04057812690734863
19846,14,21,0.1805567741394043
19846,14,22,-0.09416532516479492
19846,14,24,-0.09984827041625977
19846,14,25,0.034539222717285156
19846,14,32,-0.029677391052246094
19846,14,33,-0.01559591293334961
19846,14,38,0.22638869285583496
19846,14,39,-0.0344240665435791
19846,15,16,-0.14011657238006592
19846,15,21,0.3183417320251465
19846,15,22,0.4349093437194824
19846,15,24,0.08638834953308105
19846,15,25,1.0567700862884521
19846,15,32,-0.06103777885437012
19846,15,33,-0.050452470779418945
19846,15,38,0.9425619840621948
19846,15,39,-0.1338672637939453
19846,16,21,-0.03146183490753174
19846,16,22,0.12430751323699951
19846,16,24,-0.043399930000305176
19846,16,25,0.4241902828216553
19846,16,32,-0.04857766628265381
19846,16,33,-0.03104245662689209
19846,16,38,0.6146925091743469
19846,16,39,-0.09455406665802002
19846,21,22,3.3857537508010864
19846,21,24,3.4433361291885376
19846,21,25,2.850157856941223
19846,21,32,0.003581404685974121
19846,21,33,-0.044457077980041504
19846,21,38,0.934011697769165
19846,21,39,0.12548863887786865
19846,22,24,3.5081297159194946
19846,22,25,2.9360467195510864
19846,22,32,0.10235488414764404
19846,22,33,-0.12106406688690186
19846,22,38,0.9849145412445068
19846,22,39,0.032733798027038574
19846,24,25,3.0297054052352905
19846,24,32,0.053140997886657715
19846,24,33,0.03855717182159424
19846,24,38,1.0459191799163818
19846,24,39,0.05798232555389404
19846,25,32,-0.1442040205001831
19846,25,33,-0.016184210777282715
19846,25,38,0.7024595737457275
19846,25,39,0.26180970668792725
19846,32,33,-0.008335709571838379
19846,32,38,-0.24755561351776123
19846,32,39,-0.048439860343933105
19846,33,38,0.4202479124069214
19846,33,39,-0.03277182579040527
19846,38,39,0.5443862676620483
19822,3,7,0.27487891912460327
19822,3,13,-0.2749474048614502
19822,3,14,-0.0645751953125
19822,3,17,0.58318030834198
19822,3,21,0.7695186138153076
19822,3,22,0.250823974609375
19822,3,24,0.1703336238861084
19822,3,26,-0.4541327953338623
19822,3,27,-0.4263079762458801
19822,3,30,0.7469899654388428
19822,3,36,0.01181703805923462
19822,3,37,0.0009443759918212891
19822,3,38,-0.5749667286872864
19822,3,39,0.21033751964569092
19822,7,13,0.5381532907485962
19822,7,14,0.15551340579986572
19822,7,17,-0.05615127086639404
19822,7,21,-0.07330501079559326
19822,7,22,0.04525291919708252
19822,7,24,-0.08611118793487549
19822,7,26,0.28891682624816895
19822,7,27,0.02937150001525879
19822,7,30,-0.0762033462524414
19822,7,36,0.00901496410369873
19822,7,37,-0.00248110294342041
19822,7,38,0.31028467416763306
19822,7,39,-0.029291391372680664
19822,13,14,1.1205352544784546
19822,13,17,1.4505881667137146
19822,13,21,2.3822258710861206
19822,13,22,1.5172356367111206
19822,13,24,1.3797417879104614
19822,13,26,0.5659874677658081
19822,13,27,-0.2704439163208008
19822,13,30,2.171671986579895
19822,13,36,0.023148298263549805
19822,13,37,0.04105710983276367
19822,13,38,0.2139759659767151
19822,13,39,0.4185088872909546
19822,14,17,0.8976866006851196
19822,14,21,2.7754005193710327
19822,14,22,1.934003233909607
19822,14,24,1.8184064626693726
19822,14,26,0.8836225271224976
19822,14,27,-0.1556844711303711
19822,14,30,2.5249332189559937
19822,14,36,-0.03981435298919678
19822,14,37,-0.0675497055053711
19822,14,38,0.5198143124580383
19822,14,39,0.2627972364425659
19822,17,21,-0.14076733589172363
19822,17,22,1.015618085861206
19822,17,24,1.3048739433288574
19822,17,26,1.226646363735199
19822,17,27,0.21501314640045166
19822,17,30,-0.25168466567993164
19822,17,36,0.013658523559570312
19822,17,37,0.0072002410888671875
19822,17,38,1.0995590090751648
19822,17,39,-0.07655048370361328
19822,21,22,3.1771785020828247
19822,21,24,3.0112329721450806
19822,21,26,1.965422511100769
19822,21,27,0.2803621292114258
19822,21,30,-0.06930339336395264
19822,21,36,0.024324774742126465
19822,21,37,0.010821819305419922
19822,21,38,1.5786758065223694
19822,21,39,-0.09126031398773193
19822,22,24,2.904176115989685
19822,22,26,1.40508234500885
19822,22,27,0.10781192779541016
19822,22,30,2.0950352549552917
19822,22,36,0.006926894187927246
19822,22,37,0.017034053802490234
19822,22,38,0.9086828827857971
19822,22,39,0.049704670906066895
19822,24,26,1.2042731046676636
19822,24,27,0.27816295623779297
19822,24,30,2.5481133460998535
19822,24,36,-0.1127387285232544
19822,24,37,-0.07258009910583496
19822,24,38,0.8062034249305725
19822,24,39,0.2437664270401001
19822,26,27,-0.18494975566864014
19822,26,30,1.6977819204330444
19822,26,36,-0.12399172782897949
19822,26,37,0.12256896495819092
19822,26,38,0.01966458559036255
19822,26,39,0.3709641695022583
19822,27,30,0.24808239936828613
19822,27,36,-0.015700221061706543
19822,27,37,0.04806983470916748
19822,27,38,-0.36811965703964233
19822,27,39,0.06946516036987305
19822,30,36,0.02397012710571289
19822,30,37,0.002285480499267578
19822,30,38,1.4983776211738586
19822,30,39,-0.09545981884002686
19822,36,37,-0.029023408889770508
19822,36,38,-0.13553565740585327
19822,36,39,-0.03111875057220459
19822,37,38,0.15337342023849487
19822,37,39,0.0039637088775634766
19822,38,39,0.3503605127334595
19812,1,4,-0.1509680151939392
19812,1,9,0.057514309883117676
19812,1,11,-0.21098583936691284
19812,1,13,-0.06271147727966309
19812,1,14,0.06509757041931152
19812,1,16,0.027240633964538574
19812,1,17,0.06044578552246094
19812,1,21,-0.06059229373931885
19812,1,22,-0.1467834711074829
19812,1,24,0.02688157558441162
19812,1,25,0.0419236421585083
19812,1,26,-0.13256680965423584
19812,1,27,0.029828548431396484
19812,1,37,-0.3039036989212036
19812,4,9,0.09420192241668701
19812,4,11,-0.3829999566078186
19812,4,13,-0.21694308519363403
19812,4,14,0.17175257205963135
19812,4,16,0.0026863813400268555
19812,4,17,0.15318429470062256
19812,4,21,-0.01668250560760498
19812,4,22,-0.012304902076721191
19812,4,24,0.14687025547027588
19812,4,25,0.0772017240524292
19812,4,26,-0.27903854846954346
19812,4,27,0.017979860305786133
19812,4,37,-0.37486082315444946
19812,9,11,0.06406503915786743
19812,9,13,-0.01909017562866211
19812,9,14,-0.018768906593322754
19812,9,16,-0.007186770439147949
19812,9,17,-0.04331409931182861
19812,9,21,0.05226624011993408
19812,9,22,-0.060211777687072754
19812,9,24,0.020397543907165527
19812,9,25,0.014925837516784668
19812,9,26,0.2003011703491211
19812,9,27,-0.004740595817565918
19812,9,37,0.10929244756698608
19812,11,13,-0.41318732500076294
19812,11,14,0.3096063733100891
19812,11,16,-0.04384613037109375
19812,11,17,0.19495850801467896
19812,11,21,0.10002630949020386
19812,11,22,0.05210632085800171
19812,11,24,0.3249592185020447
19812,11,25,0.23665565252304077
19812,11,26,-0.1382959485054016
19812,11,27,0.07765352725982666
19812,11,37,-0.4828055500984192
19812,13,14,0.1140362024307251
19812,13,16,0.0037806034088134766
19812,13,17,0.09023547172546387
19812,13,21,0.1652839183807373
19812,13,22,-0.1131138801574707
19812,13,24,0.13682270050048828
19812,13,25,0.12123227119445801
19812,13,26,-0.09943222999572754
19812,13,27,0.013124585151672363
19812,13,37,-0.4156777262687683
19812,14,16,-0.0003437995910644531
19812,14,17,-0.06928014755249023
19812,14,21,0.45356249809265137
19812,14,22,0.5097306966781616
19812,14,24,0.050052642822265625
19812,14,25,0.10000228881835938
19812,14,26,0.6190204620361328
19812,14,27,-0.010866880416870117
19812,14,37,0.3984726667404175
19812,16,17,0.06019175052642822
19812,16,21,-0.10273134708404541
19812,16,22,0.01810634136199951
19812,16,24,0.01100456714630127
19812,16,25,0.08334958553314209
19812,16,26,0.012595772743225098
19812,16,27,-0.007784008979797363
19812,16,37,-0.03621029853820801
19812,17,21,0.08831179141998291
19812,17,22,0.12016046047210693
19812,17,24,0.04687678813934326
19812,17,25,0.3988989591598511
19812,17,26,1.021860957145691
19812,17,27,0.008181929588317871
19812,17,37,0.37133991718292236
19812,21,22,2.4495400190353394
19812,21,24,3.082016348838806
19812,21,25,2.851986050605774
19812,21,26,2.083429455757141
19812,21,27,-0.41798579692840576
19812,21,37,0.2836415767669678
19812,22,24,2.884489893913269
19812,22,25,2.7686368227005005
19812,22,26,1.7954155206680298
19812,22,27,-0.028183579444885254
19812,22,37,0.12236428260803223
19812,24,25,3.1652623414993286
19812,24,26,2.3154605627059937
19812,24,27,0.07266056537628174
19812,24,37,0.5067553520202637
19812,25,26,2.1548672914505005
19812,25,27,0.2541877031326294
19812,25,37,0.3424696922302246
19812,26,27,0.6661391258239746
19812,26,37,-0.052477359771728516
19812,27,37,-0.050452589988708496
19891,3,5,0.25853240489959717
19891,3,8,0.02612537145614624
19891,3,10,-0.36793869733810425
19891,3,18,-0.49927616119384766
19891,3,20,0.11078286170959473
19891,3,21,0.3683500289916992
19891,3,22,0.4258549213409424
19891,3,23,-0.5286847352981567
19891,3,25,-0.3000071048736572
19891,3,27,0.4480171203613281
19891,3,33,0.5442895889282227
19891,3,34,0.47788453102111816
19891,3,36,-0.25528743863105774
19891,3,40,0.48749029636383057
19891,5,8,-0.01105356216430664
19891,5,10,0.13897502422332764
19891,5,18,0.13245612382888794
19891,5,20,0.1722952127456665
19891,5,21,0.06906139850616455
19891,5,22,0.00454103946685791
19891,5,23,0.2328263521194458
19891,5,25,0.33577167987823486
19891,5,27,0.00368344783782959
19891,5,33,-0.09834325313568115
19891,5,34,-0.09161651134490967
19891,5,36,0.0431215763092041
19891,5,40,-0.0933682918548584
19891,8,10,0.10573256015777588
19891,8,18,0.11727935075759888
19891,8,20,0.05790841579437256
19891,8,21,0.05362093448638916
19891,8,22,0.016317009925842285
19891,8,23,0.12752151489257812
19891,8,25,0.07178115844726562
19891,8,27,-0.03605926036834717
19891,8,33,-0.03255903720855713
19891,8,34,-0.029352545738220215
19891,8,36,0.04814565181732178
19891,8,40,-0.028885841369628906
19891,10,18,-0.5019760131835938
19891,10,20,-0.07032358646392822
19891,10,21,0.16887390613555908
19891,10,22,0.2789078950881958
19891,10,23,-0.42982572317123413
19891,10,25,-0.3336437940597534
19891,10,27,0.21523845195770264
19891,10,33,0.32599687576293945
19891,10,34,0.286493182182312
19891,10,36,-0.22157621383666992
19891,10,40,0.2914777994155884
19891,18,20,0.1703823208808899
19891,18,21,0.20561200380325317
19891,18,22,0.41050606966018677
19891,18,23,-0.8120808005332947
19891,18,25,-0.0726812481880188
19891,18,27,0.2977469563484192
19891,18,33,0.41010981798171997
19891,18,34,0.3221905827522278
19891,18,36,-0.18735283613204956
19891,18,40,0.3557981848716736
19891,20,21,2.9229475259780884
19891,20,22,2.9203075170516968
19891,20,23,0.17465591430664062
19891,20,25,1.2323793172836304
19891,20,27,2.967840552330017
19891,20,33,1.6853966116905212
19891,20,34,1.0674591064453125
19891,20,36,-0.06203877925872803
19891,20,40,1.2483571767807007
19891,21,22,3.403912663459778
19891,21,23,0.484588623046875
19891,21,25,1.9532054662704468
19891,21,27,3.401368021965027
19891,21,33,0.8108536005020142
19891,21,34,0.5841795206069946
19891,21,36,0.07070815563201904
19891,21,40,0.4947049617767334
19891,22,23,0.7572438716888428
19891,22,25,2.0534638166427612
19891,22,27,3.4852105379104614
19891,22,33,0.7146304845809937
19891,22,34,0.2571529150009155
19891,22,36,0.05926024913787842
19891,22,40,0.3337717056274414
19891,23,25,-0.4695870876312256
19891,23,27,0.4674375057220459
19891,23,33,0.6042572259902954
19891,23,34,0.5363026857376099
19891,23,36,-0.2600644826889038
19891,23,40,0.5512970685958862
19891,25,27,1.6825662851333618
19891,25,33,1.294571042060852
19891,25,34,0.921364963054657
19891,25,36,-0.2179114818572998
19891,25,40,1.1867927312850952
19891,27,33,0.00868070125579834
19891,27,34,0.7842873334884644
19891,27,36,0.07312309741973877
19891,27,40,0.38016581535339355
19891,33,34,-0.2369098663330078
19891,33,36,0.15273642539978027
19891,33,40,-0.24153614044189453
19891,34,36,0.12307465076446533
19891,34,40,-0.21644437313079834
19891,36,40,0.1468905210494995
19801,4,8,0.08802151679992676
19801,4,11,-0.060835957527160645
19801,4,12,-0.22129827737808228
19801,4,16,-0.11596822738647461
19801,4,20,-0.30187922716140747
19801,4,22,0.04244637489318848
19801,4,23,-0.2653886079788208
19801,4,25,-0.024023771286010742
19801,4,26,-0.412697970867157
19801,4,28,0.051937103271484375
19801,4,33,-0.011579751968383789
19801,4,36,0.09182584285736084
19801,4,37,-0.05512392520904541
19801,4,39,0.0815279483795166
19801,8,11,0.007693886756896973
19801,8,12,0.27337026596069336
19801,8,16,0.12878680229187012
19801,8,20,0.41062891483306885
19801,8,22,0.03543710708618164
19801,8,23,0.494037389755249
19801,8,25,0.17541027069091797
19801,8,26,0.488447368144989
19801,8,28,-0.07845020294189453
19801,8,33,0.24014568328857422
19801,8,36,-0.07030296325683594
19801,8,37,0.09181642532348633
19801,8,39,-0.03694784641265869
19801,11,12,-0.2427222728729248
19801,11,16,0.026376008987426758
19801,11,20,0.12189328670501709
19801,11,22,0.05276155471801758
19801,11,23,0.026955485343933105
19801,11,25,0.15100955963134766
19801,11,26,0.036994874477386475
19801,11,28,-0.004467487335205078
19801,11,33,0.026530027389526367
19801,11,36,-0.00548553466796875
19801,11,37,-0.013610601425170898
19801,11,39,-0.0034428834915161133
19801,12,16,-0.3060116469860077
19801,12,20,-0.5607612729072571
19801,12,22,0.14396452903747559
19801,12,23,-0.4250274896621704
19801,12,25,0.01164865493774414
19801,12,26,-0.6393445134162903
19801,12,28,0.2044694423675537
19801,12,33,0.09796261787414551
19801,12,36,0.1620781421661377
19801,12,37,-0.17164266109466553
19801,12,39,0.05743765830993652
19801,16,20,-0.2484714388847351
19801,16,22,0.10355734825134277
19801,16,23,-0.12501037120819092
19801,16,25,0.08730363845825195
19801,16,26,-0.46600502729415894
19801,16,28,0.12239718437194824
19801,16,33,0.08495616912841797
19801,16,36,0.12872576713562012
19801,16,37,-0.15753203630447388
19801,16,39,0.058239102363586426
19801,20,22,1.2299661040306091
19801,20,23,0.0024202466011047363
19801,20,25,0.8562929034233093
19801,20,26,-0.03209793567657471
19801,20,28,0.7648600339889526
19801,20,33,0.9471160769462585
19801,20,36,0.5189271569252014
19801,20,37,-0.3938230872154236
19801,20,39,0.19218319654464722
19801,22,23,2.0240241289138794
19801,22,25,3.0372579097747803
19801,22,26,1.202737033367157
19801,22,28,0.36962103843688965
19801,22,33,3.0117852687835693
19801,22,36,0.035349130630493164
19801,22,37,0.018730998039245605
19801,22,39,0.04376685619354248
19801,23,25,1.5742055177688599
19801,23,26,0.718196451663971
19801,23,28,0.3969414234161377
19801,23,33,1.719255805015564
19801,23,36,0.3941088914871216
19801,23,37,-0.32088613510131836
19801,23,39,0.10307013988494873
19801,25,26,0.8601908087730408
19801,25,28,1.5391599535942078
19801,25,33,2.7546117305755615
19801,25,36,0.18575692176818848
19801,25,37,-0.023859620094299316
19801,25,39,-0.00398099422454834
19801,26,28,-0.1033850908279419
19801,26,33,0.9873601794242859
19801,26,36,0.624497652053833
19801,26,37,-0.18768996000289917
19801,26,39,0.21204960346221924
19801,28,33,0.4957733154296875
19801,28,36,-0.0907139778137207
19801,28,37,0.035428762435913086
19801,28,39,-0.04939448833465576
19801,33,36,0.26140713691711426
19801,33,37,0.1465386152267456
19801,33,39,0.02538144588470459
19801,36,37,0.03543412685394287
19801,36,39,-0.06540501117706299
19801,37,39,0.09188580513000488
19858,5,6,0.03717541694641113
19858,5,7,0.048929691314697266
19858,5,11,0.14128220081329346
19858,5,12,0.20287656784057617
19858,5,16,0.11511635780334473
19858,5,19,0.0018162727355957031
19858,5,22,0.1944306492805481
19858,5,25,0.30643242597579956
19858,5,27,0.2882230281829834
19858,5,28,-0.0758671760559082
19858,5,35,0.3773932456970215
19858,5,36,-0.01129305362701416
19858,5,37,-0.03582262992858887
19858,5,38,0.10000872611999512
19858,6,7,-0.03323471546173096
19858,6,11,0.009710550308227539
19858,6,12,0.09449851512908936
19858,6,16,0.005387663841247559
19858,6,19,-0.030018210411071777
19858,6,22,-0.12767291069030762
19858,6,25,-0.1057555079460144
19858,6,27,-0.10628128051757812
19858,6,28,0.01180720329284668
19858,6,35,-0.08246171474456787
19858,6,36,0.0028456449508666992
19858,6,37,-0.005198121070861816
19858,6,38,-0.03691303730010986
19858,7,11,0.08610141277313232
19858,7,12,-0.09825623035430908
19858,7,16,-0.15191572904586792
19858,7,19,-0.0023093223571777344
19858,7,22,0.0689549446105957
19858,7,25,-0.15198582410812378
19858,7,27,-0.09479451179504395
19858,7,28,0.06185555458068848
19858,7,35,-0.170937180519104
19858,7,36,-0.001997709274291992
19858,7,37,0.013144135475158691
19858,7,38,-0.07046103477478027
19858,11,12,-0.5725907683372498
19858,11,16,-0.2818419635295868
19858,11,19,0.09316110610961914
19858,11,22,-0.2763805389404297
19858,11,25,-0.15606564283370972
19858,11,27,-0.3792099952697754
19858,11,28,0.2072995901107788
19858,11,35,-0.3174213171005249
19858,11,36,0.0060013532638549805
19858,11,37,0.05383718013763428
19858,11,38,-0.18407833576202393
19858,12,16,-0.2842186689376831
19858,12,19,0.09743058681488037
19858,12,22,-0.3449056148529053
19858,12,25,-0.45749038457870483
19858,12,27,-0.5739799737930298
19858,12,28,0.29824888706207275
19858,12,35,-0.4041714668273926
19858,12,36,-0.018925607204437256
19858,12,37,0.08817911148071289
19858,12,38,-0.33891168236732483
19858,16,19,-0.00991058349609375
19858,16,22,-0.20734906196594238
19858,16,25,-0.6159217953681946
19858,16,27,-0.3831193447113037
19858,16,28,0.27915358543395996
19858,16,35,-0.38511645793914795
19858,16,36,0.03347766399383545
19858,16,37,0.09847700595855713
19858,16,38,-0.21543288230895996
19858,19,22,0.09585022926330566
19858,19,25,0.10150647163391113
19858,19,27,0.3250049352645874
19858,19,28,-0.1022498607635498
19858,19,35,0.07214939594268799
19858,19,36,-0.015570759773254395
19858,19,37,-0.005360603332519531
19858,19,38,0.03616595268249512
19858,22,25,2.734986186027527
19858,22,27,1.170253872871399
19858,22,28,1.0253121256828308
19858,22,35,1.1657452583312988
19858,22,36,0.08253931999206543
19858,22,37,0.3007481098175049
19858,22,38,0.1483687162399292
19858,25,27,0.25597697496414185
19858,25,28,1.1208863854408264
19858,25,35,0.9547426104545593
19858,25,36,0.045390963554382324
19858,25,37,0.34722989797592163
19858,25,38,0.32172244787216187
19858,27,28,0.34052616357803345
19858,27,35,0.526309609413147
19858,27,36,0.030212998390197754
19858,27,37,0.5059041976928711
19858,27,38,-0.5521857738494873
19858,28,35,1.1558697521686554
19858,28,36,-0.006350278854370117
19858,28,37,-0.06367850303649902
19858,28,38,0.16233384609222412
19858,35,36,0.19502043724060059
19858,35,37,-0.37428033351898193
19858,35,38,-0.6736572980880737
19858,36,37,-0.022753477096557617
19858,36,38,-0.03273308277130127
19858,37,38,0.1343247890472412
19890,2,5,0.0033599138259887695
19890,2,22,0.024978041648864746
19890,2,35,-0.0039058923721313477
19890,2,36,-0.011411309242248535
19890,5,22,-0.15974164009094238
19890,5,35,-0.02194523811340332
19890,5,36,0.16173911094665527
19890,22,35,2.491964101791382
19890,22,36,2.785485625267029
19890,35,36,3.513978958129883
19829,2,3,0.12481719255447388
19829,2,8,-0.020597100257873535
19829,2,9,-0.011887669563293457
19829,2,12,-0.042903244495391846
19829,2,14,0.004176020622253418
19829,2,15,0.03692305088043213
19829,2,17,-0.0005028247833251953
19829,2,21,-0.02363133430480957
19829,2,23,-0.04209768772125244
19829,2,24,-0.11469829082489014
19829,2,25,-0.08472800254821777
19829,2,33,-0.005087375640869141
19829,2,35,0.011706113815307617
19829,2,40,-0.018153667449951172
19829,3,8,-0.16416966915130615
19829,3,9,-0.11560755968093872
19829,3,12,-0.48823726177215576
19829,3,14,0.064785897731781
19829,3,15,0.41014331579208374
19829,3,17,-0.03430187702178955
19829,3,21,-0.17235487699508667
19829,3,23,-0.1493455171585083
19829,3,24,-0.3953714966773987
19829,3,25,-0.1310216784477234
19829,3,33,-0.14351385831832886
19829,3,35,0.14954501390457153
19829,3,40,-0.2263093888759613
19829,8,9,0.23610246181488037
19829,8,12,0.02416050434112549
19829,8,14,-0.008956551551818848
19829,8,15,0.10157692432403564
19829,8,17,0.03665030002593994
19829,8,21,-0.06136810779571533
19829,8,23,0.0009467601776123047
19829,8,24,-0.32342076301574707
19829,8,25,-0.20170581340789795
19829,8,33,-0.04742395877838135
19829,8,35,-0.028969407081604004
19829,8,40,-0.08014088869094849
19829,9,12,-0.4297041594982147
19829,9,14,0.06854534149169922
19829,9,15,0.10383820533752441
19829,9,17,-0.008765101432800293
19829,9,21,-0.30565905570983887
19829,9,23,-0.04001617431640625
19829,9,24,-0.3119443655014038
19829,9,25,-0.2248551845550537
19829,9,33,-0.1440415382385254
19829,9,35,0.0042724609375
19829,9,40,-0.05997192859649658
19829,12,14,0.06542497873306274
19829,12,15,0.5106251239776611
19829,12,17,0.15036839246749878
19829,12,21,-0.33383381366729736
19829,12,23,-0.08417731523513794
19829,12,24,-0.5425028800964355
19829,12,25,-0.2663215398788452
19829,12,33,-0.09329426288604736
19829,12,35,0.21087610721588135
19829,12,40,-0.371809720993042
19829,14,15,-0.010050296783447266
19829,14,17,0.05542457103729248
19829,14,21,0.14456844329833984
19829,14,23,0.012438535690307617
19829,14,24,-0.2578479051589966
19829,14,25,-0.2631247043609619
19829,14,33,0.07668471336364746
19829,14,35,0.05861377716064453
19829,14,40,0.029124855995178223
19829,15,17,0.037328481674194336
19829,15,21,1.7194463014602661
19829,15,23,0.11322391033172607
19829,15,24,1.0729124546051025
19829,15,25,1.796096682548523
19829,15,33,2.205513596534729
19829,15,35,1.8537622094154358
19829,15,40,0.2651689052581787
19829,17,21,-0.1353282928466797
19829,17,23,-0.09780526161193848
19829,17,24,-0.23120808601379395
19829,17,25,0.1951225996017456
19829,17,33,0.11151003837585449
19829,17,35,0.09208202362060547
19829,17,40,-0.008513569831848145
19829,21,23,0.13212740421295166
19829,21,24,2.095201849937439
19829,21,25,2.149325370788574
19829,21,33,1.680682897567749
19829,21,35,2.169609546661377
19829,21,40,-0.22814905643463135
19829,23,24,-0.25406742095947266
19829,23,25,-0.3415931463241577
19829,23,33,-0.12777411937713623
19829,23,35,0.02174961566925049
19829,23,40,-0.09578299522399902
19829,24,25,1.9439624547958374
19829,24,33,0.9715704917907715
19829,24,35,1.253730297088623
19829,24,40,-0.27180981636047363
19829,25,33,1.7185378074645996
19829,25,35,2.1302406787872314
19829,25,40,-0.1512991189956665
19829,33,35,2.4013125896453857
19829,33,40,0.04073679447174072
19829,35,40,0.041653990745544434
19834,2,3,0.22843599319458008
19834,2,9,-0.030719637870788574
19834,2,10,0.020095348358154297
19834,2,13,0.08280062675476074
19834,2,16,0.030215978622436523
19834,2,20,0.1303626298904419
19834,2,22,-0.03788590431213379
19834,2,23,0.19157367944717407
19834,2,26,-0.015109896659851074
19834,2,28,0.20531457662582397
19834,2,30,0.0050733089447021484
19834,2,31,0.029828786849975586
19834,2,33,0.08022570610046387
19834,2,34,-0.04591023921966553
19834,3,9,0.20610404014587402
19834,3,10,-0.04884970188140869
19834,3,13,-0.46319466829299927
19834,3,16,-0.30465131998062134
19834,3,20,-0.5409167408943176
19834,3,22,0.21481823921203613
19834,3,23,-0.5714907646179199
19834,3,26,0.19712448120117188
19834,3,28,-0.6117983460426331
19834,3,30,-0.0920095443725586
19834,3,31,0.051071882247924805
19834,3,33,0.16263747215270996
19834,3,34,0.3104609251022339
19834,9,10,0.009253263473510742
19834,9,13,0.08400869369506836
19834,9,16,0.11429810523986816
19834,9,20,0.27399855852127075
19834,9,22,0.0007994174957275391
19834,9,23,0.494454562664032
19834,9,26,-0.06571626663208008
19834,9,28,0.3765091300010681
19834,9,30,0.0074880123138427734
19834,9,31,0.23676466941833496
19834,9,33,0.1440427303314209
19834,9,34,-0.08925855159759521
19834,10,13,-0.2576231360435486
19834,10,16,-0.12978827953338623
19834,10,20,-0.18945160508155823
19834,10,22,0.08328962326049805
19834,10,23,-0.11685764789581299
19834,10,26,0.021106839179992676
19834,10,28,-0.06449896097183228
19834,10,30,0.006328105926513672
19834,10,31,0.029129981994628906
19834,10,33,-0.05359530448913574
19834,10,34,0.047339558601379395
19834,13,16,-0.3008289933204651
19834,13,20,-0.32202285528182983
19834,13,22,0.23219239711761475
19834,13,23,-0.5675971508026123
19834,13,26,0.20918262004852295
19834,13,28,-0.6353134512901306
19834,13,30,-0.09278661012649536
19834,13,31,0.03572440147399902
19834,13,33,0.12550902366638184
19834,13,34,0.24614465236663818
19834,16,20,-0.050531983375549316
19834,16,22,0.07725191116333008
19834,16,23,-0.5669429302215576
19834,16,26,0.1558070182800293
19834,16,28,-0.5205085873603821
19834,16,30,-0.07930988073348999
19834,16,31,-0.07605648040771484
19834,16,33,0.03937077522277832
19834,16,34,0.14788568019866943
19834,20,22,0.943379819393158
19834,20,23,-0.4689515233039856
19834,20,26,0.5536962151527405
19834,20,28,-0.3514425754547119
19834,20,30,-0.027785181999206543
19834,20,31,0.1046256422996521
19834,20,33,0.3958436846733093
19834,20,34,0.310310423374176
19834,22,23,1.4197918772697449
19834,22,26,0.26075851917266846
19834,22,28,-0.0170975923538208
19834,22,30,-0.3793131709098816
19834,22,31,-0.45741868019104004
19834,22,33,0.49456024169921875
19834,22,34,-0.14203059673309326
19834,23,26,0.05825304985046387
19834,23,28,0.12356477975845337
19834,23,30,-0.18686115741729736
19834,23,31,1.2612392902374268
19834,23,33,1.2520530223846436
19834,23,34,0.8196831941604614
19834,26,28,-0.2374194860458374
19834,26,30,0.003519296646118164
19834,26,31,-0.27221524715423584
19834,26,33,0.2146073579788208
19834,26,34,-0.06887507438659668
19834,28,30,0.6120456755161285
19834,28,31,1.154386818408966
19834,28,33,0.9983752369880676
19834,28,34,0.9363970160484314
19834,30,31,0.6937747001647949
19834,30,33,-0.0012903213500976562
19834,30,34,0.08064806461334229
19834,31,33,3.215759038925171
19834,31,34,1.1641764640808105
19834,33,34,-0.011568188667297363
19870,3,17,0.028199195861816406
19870,3,22,0.05703449249267578
19870,3,35,0.030066728591918945
19870,3,36,-0.010393142700195312
19870,17,22,-0.17995226383209229
19870,17,35,-0.01842212677001953
19870,17,36,0.23749971389770508
19870,22,35,2.028070092201233
19870,22,36,2.6112704277038574
19870,35,36,3.6495232582092285
19857,1,4,-0.08803552389144897
19857,1,7,0.11567831039428711
19857,1,8,0.11903703212738037
19857,1,11,-0.2549746036529541
19857,1,12,0.09383654594421387
19857,1,21,0.09238576889038086
19857,1,22,0.0743551254272461
19857,1,24,0.14432215690612793
19857,1,25,0.14174127578735352
19857,1,27,-0.11996376514434814
19857,1,28,-0.3554345965385437
19857,1,30,0.13416409492492676
19857,1,31,0.1563652753829956
19857,1,38,-0.3785361051559448
19857,4,7,0.1944965124130249
19857,4,8,0.19188272953033447
19857,4,11,-0.3711274266242981
19857,4,12,0.1737689971923828
19857,4,21,0.1557772159576416
19857,4,22,0.09205484390258789
19857,4,24,0.22486400604248047
19857,4,25,0.21509265899658203
19857,4,27,-0.5701166391372681
19857,4,28,-0.5487974286079407
19857,4,30,0.21424520015716553
19857,4,31,0.24075686931610107
19857,4,38,-0.4332033395767212
19857,7,8,-0.19745862483978271
19857,7,11,0.36801934242248535
19857,7,12,-0.16870498657226562
19857,7,21,0.19009089469909668
19857,7,22,0.40428709983825684
19857,7,24,-0.13623332977294922
19857,7,25,-0.06923699378967285
19857,7,27,1.2905004024505615
19857,7,28,0.8409251570701599
19857,7,30,-0.2237861156463623
19857,7,31,-0.25012123584747314
19857,7,38,0.8179394006729126
19857,8,11,0.37257349491119385
19857,8,12,-0.163954496383667
19857,8,21,0.15378713607788086
19857,8,22,0.6809823513031006
19857,8,24,-0.13081836700439453
19857,8,25,-0.07989788055419922
19857,8,27,1.1329303979873657
19857,8,28,0.8540990948677063
19857,8,30,-0.22023046016693115
19857,8,31,-0.2466188669204712
19857,8,38,0.81308913230896
19857,11,12,0.3984842300415039
19857,11,21,0.3579583168029785
19857,11,22,0.2851405143737793
19857,11,24,0.4582364559173584
19857,11,25,0.44603586196899414
19857,11,27,-0.5065616369247437
19857,11,28,-0.530878484249115
19857,11,30,0.4214550256729126
19857,11,31,0.47521090507507324
19857,11,38,-0.671583890914917
19857,12,21,-0.09147179126739502
19857,12,22,0.1757434606552124
19857,12,24,-0.13116610050201416
19857,12,25,-0.07171547412872314
19857,12,27,0.8595408201217651
19857,12,28,0.6220125555992126
19857,12,30,-0.1779714822769165
19857,12,31,-0.20006489753723145
19857,12,38,0.6208420991897583
19857,21,22,3.506578803062439
19857,21,24,3.8675886392593384
19857,21,25,3.822329878807068
19857,21,27,1.8469436168670654
19857,21,28,1.1018885970115662
19857,21,30,0.4111287593841553
19857,21,31,0.7812802791595459
19857,21,38,0.9558755159378052
19857,22,24,3.6563838720321655
19857,22,25,3.5923341512680054
19857,22,27,1.7070584297180176
19857,22,28,0.9410952925682068
19857,22,30,0.36450815200805664
19857,22,31,0.8699636459350586
19857,22,38,0.8095179796218872
19857,24,25,4.014891505241394
19857,24,27,1.9015707969665527
19857,24,28,1.287188470363617
19857,24,30,0.058094024658203125
19857,24,31,0.2383260726928711
19857,24,38,1.0801633596420288
19857,25,27,1.8663828372955322
19857,25,28,1.2209987044334412
19857,25,30,0.3931126594543457
19857,25,31,0.4912092685699463
19857,25,38,1.0457171201705933
19857,27,28,-0.4673923850059509
19857,27,30,-0.35655999183654785
19857,27,31,1.1485653519630432
19857,27,38,-0.417752742767334
19857,28,30,1.274550974369049
19857,28,31,1.2248054146766663
19857,28,38,-0.6923349499702454
19857,30,31,-0.27854788303375244
19857,30,38,0.9625427722930908
19857,31,38,1.0481209754943848
19880,7,13,-0.04233419895172119
19880,7,16,-0.0625603199005127
19880,7,17,0.04147160053253174
19880,7,21,-0.08404457569122314
19880,7,22,-0.1101604700088501
19880,7,24,0.1311889886856079
19880,7,26,-0.1311420202255249
19880,7,28,-0.08779686689376831
19880,7,29,-0.15295171737670898
19880,7,34,0.013193249702453613
19880,7,36,-0.11959123611450195
19880,7,37,-0.011150002479553223
19880,7,38,-0.1742134392261505
19880,7,40,-0.03148794174194336
19880,13,16,-0.07226288318634033
19880,13,17,0.2712991237640381
19880,13,21,0.19104671478271484
19880,13,22,-0.6830552816390991
19880,13,24,0.12503480911254883
19880,13,26,-0.28238439559936523
19880,13,28,-0.5018582940101624
19880,13,29,-0.4422401785850525
19880,13,34,0.007227540016174316
19880,13,36,-0.41531574726104736
19880,13,37,-0.015141010284423828
19880,13,38,-0.4863782823085785
19880,13,40,-0.07916420698165894
19880,16,17,-0.028058290481567383
19880,16,21,-0.21028947830200195
19880,16,22,-0.2524930238723755
19880,16,24,0.02301788330078125
19880,16,26,0.008623123168945312
19880,16,28,-0.016588687896728516
19880,16,29,-0.1339859962463379
19880,16,34,-0.03195798397064209
19880,16,36,-0.1828688383102417
19880,16,37,0.007063508033752441
19880,16,38,-0.10282304883003235
19880,16,40,-0.031002402305603027
19880,17,21,0.07243728637695312
19880,17,22,0.06272614002227783
19880,17,24,0.4705996513366699
19880,17,26,0.8924000263214111
19880,17,28,0.258802592754364
19880,17,29,0.06955975294113159
19880,17,34,-0.0070879459381103516
19880,17,36,0.4723464846611023
19880,17,37,0.012467503547668457
19880,17,38,0.3496542274951935
19880,17,40,0.03323936462402344
19880,21,22,1.609963059425354
19880,21,24,2.6698126792907715
19880,21,26,1.6239476203918457
19880,21,28,0.0873214602470398
19880,21,29,-0.25157350301742554
19880,21,34,-0.11067676544189453
19880,21,36,0.8683568239212036
19880,21,37,-0.04952383041381836
19880,21,38,0.18784800171852112
19880,21,40,-0.21657049655914307
19880,22,24,2.7951709032058716
19880,22,26,1.0526920557022095
19880,22,28,-0.13842934370040894
19880,22,29,-0.1244707703590393
19880,22,34,-0.3092552423477173
19880,22,36,0.4681427478790283
19880,22,37,0.20963513851165771
19880,22,38,-0.012224644422531128
19880,22,40,0.018575310707092285
19880,24,26,2.158925771713257
19880,24,28,0.3257216811180115
19880,24,29,0.3768334984779358
19880,24,34,0.029928207397460938
19880,24,36,1.4346188306808472
19880,24,37,-0.032930850982666016
19880,24,38,0.6797548830509186
19880,24,40,0.05855214595794678
19880,26,28,-0.44936972856521606
19880,26,29,-0.10420721769332886
19880,26,34,0.9284491539001465
19880,26,36,0.6730002164840698
19880,26,37,0.11070585250854492
19880,26,38,0.043862730264663696
19880,26,40,-0.04852402210235596
19880,28,29,0.9050878286361694
19880,28,34,0.18715548515319824
19880,28,36,-0.493771493434906
19880,28,37,-0.098766028881073
19880,28,38,-0.7909362614154816
19880,28,40,-0.04353374242782593
19880,29,34,0.15640157461166382
19880,29,36,-0.26891857385635376
19880,29,37,-0.2162802815437317
19880,29,38,-0.4049527943134308
19880,29,40,-0.11649817228317261
19880,34,36,0.27556025981903076
19880,34,37,0.035254836082458496
19880,34,38,-0.15195021033287048
19880,34,40,-0.03672659397125244
19880,36,37,-0.3094625473022461
19880,36,38,-0.5372681319713593
19880,36,40,-0.0863344669342041
19880,37,38,0.13595381379127502
19880,37,40,0.00906217098236084
19880,38,40,-0.13062253594398499
19836,6,9,-0.038008928298950195
19836,6,10,-0.02247309684753418
19836,6,11,0.012895345687866211
19836,6,12,0.009862422943115234
19836,6,14,0.033244967460632324
19836,6,16,0.0322415828704834
19836,6,18,0.013216376304626465
19836,6,21,-0.12905925512313843
19836,6,23,-0.00717473030090332
19836,6,25,0.006319999694824219
19836,6,27,-0.05143117904663086
19836,6,33,0.009220480918884277
19836,6,35,0.0006482601165771484
19836,6,36,0.011003732681274414
19836,9,10,0.005135655403137207
19836,9,11,-0.05368208885192871
19836,9,12,-0.010723590850830078
19836,9,14,0.05364990234375
19836,9,16,0.026294946670532227
19836,9,18,-0.05033397674560547
19836,9,21,0.05424374341964722
19836,9,23,0.022037029266357422
19836,9,25,-0.017983436584472656
19836,9,27,0.13656830787658691
19836,9,33,-0.08286643028259277
19836,9,35,-0.04348278045654297
19836,9,36,0.05070972442626953
19836,10,11,0.055187225341796875
19836,10,12,0.0624845027923584
19836,10,14,0.08306801319122314
19836,10,16,0.04353451728820801
19836,10,18,0.017780542373657227
19836,10,21,-0.14267629384994507
19836,10,23,-0.005302906036376953
19836,10,25,0.014038562774658203
19836,10,27,-0.14177042245864868
19836,10,33,0.04694235324859619
19836,10,35,0.026360034942626953
19836,10,36,-0.005913972854614258
19836,11,12,0.07567095756530762
19836,11,14,0.04912734031677246
19836,11,16,-0.0461958646774292
19836,11,18,-0.045018672943115234
19836,11,21,0.25766050815582275
19836,11,23,0.043151140213012695
19836,11,25,-0.0026574134826660156
19836,11,27,0.028680801391601562
19836,11,33,-0.026209354400634766
19836,11,35,-0.019338130950927734
19836,11,36,-0.007557392120361328
19836,12,14,0.13602972030639648
19836,12,16,0.10066807270050049
19836,12,18,0.08165836334228516
19836,12,21,-0.47728341817855835
19836,12,23,-0.15385764837265015
19836,12,25,0.005095481872558594
19836,12,27,-0.11666631698608398
19836,12,33,0.11560654640197754
19836,12,35,0.08123087882995605
19836,12,36,0.0050585269927978516
19836,14,16,-0.022411346435546875
19836,14,18,0.0825810432434082
19836,14,21,-0.3458881974220276
19836,14,23,-0.06693410873413086
19836,14,25,-0.04036545753479004
19836,14,27,-0.07569944858551025
19836,14,33,0.17003333568572998
19836,14,35,0.15329456329345703
19836,14,36,0.036769866943359375
19836,16,18,-0.03384590148925781
19836,16,21,-0.606220543384552
19836,16,23,0.03964126110076904
19836,16,25,0.012209415435791016
19836,16,27,-0.06809651851654053
19836,16,33,0.11056303977966309
19836,16,35,0.0869598388671875
19836,16,36,0.061008453369140625
19836,18,21,0.6389694213867188
19836,18,23,0.09875845909118652
19836,18,25,-0.06894278526306152
19836,18,27,0.3388237953186035
19836,18,33,-0.2054438591003418
19836,18,35,-0.004075765609741211
19836,18,36,0.2910585403442383
19836,21,23,1.0782293677330017
19836,21,25,1.532223403453827
19836,21,27,0.9325445294380188
19836,21,33,1.2535458207130432
19836,21,35,1.3052759766578674
19836,21,36,1.0624683499336243
19836,23,25,0.17786026000976562
19836,23,27,0.09181821346282959
19836,23,33,0.2066638469696045
19836,23,35,0.1993851661682129
19836,23,36,0.06763863563537598
19836,25,27,-0.13742035627365112
19836,25,33,-0.1119225025177002
19836,25,35,0.24411535263061523
19836,25,36,0.28882503509521484
19836,27,33,0.31940293312072754
19836,27,35,0.32811999320983887
19836,27,36,0.1611642837524414
19836,33,35,0.28769922256469727
19836,33,36,2.2235020995140076
19836,35,36,3.633517026901245
19814,2,4,-0.06020772457122803
19814,2,5,-0.00666356086730957
19814,2,8,-0.005391240119934082
19814,2,11,0.019139766693115234
19814,2,13,-0.010549068450927734
19814,2,15,-0.00506901741027832
19814,2,18,-0.12507522106170654
19814,2,21,0.01800382137298584
19814,2,22,-0.03578174114227295
19814,2,24,0.036931395530700684
19814,2,25,-0.0042830705642700195
19814,2,27,0.039293885231018066
19814,2,33,-0.03026759624481201
19814,2,34,-0.00493621826171875
19814,4,5,0.13880693912506104
19814,4,8,0.1411834955215454
19814,4,11,-0.3769698739051819
19814,4,13,0.03880739212036133
19814,4,15,0.19606459140777588
19814,4,18,-0.33019745349884033
19814,4,21,0.15159225463867188
19814,4,22,0.1336069107055664
19814,4,24,0.11187577247619629
19814,4,25,0.10232996940612793
19814,4,27,-0.23511308431625366
19814,4,33,0.005035400390625
19814,4,34,0.21231842041015625
19814,5,8,-0.043897271156311035
19814,5,11,0.24058115482330322
19814,5,13,0.02656733989715576
19814,5,15,-0.07545268535614014
19814,5,18,0.2174673080444336
19814,5,21,-0.04339921474456787
19814,5,22,-0.04818165302276611
19814,5,24,-0.007757306098937988
19814,5,25,-0.020633816719055176
19814,5,27,0.0651007890701294
19814,5,33,0.07895982265472412
19814,5,34,-0.08481884002685547
19814,8,11,0.3804326057434082
19814,8,13,-0.03789830207824707
19814,8,15,-0.20567107200622559
19814,8,18,1.0595225989818573
19814,8,21,0.02957308292388916
19814,8,22,0.09303939342498779
19814,8,24,0.14301884174346924
19814,8,25,0.20797550678253174
19814,8,27,0.25816142559051514
19814,8,33,0.4836815595626831
19814,8,34,-0.2148878574371338
19814,11,13,-0.008885502815246582
19814,11,15,0.5724176168441772
19814,11,18,-0.23330175876617432
19814,11,21,0.4744760990142822
19814,11,22,0.4630444049835205
19814,11,24,0.3553764820098877
19814,11,25,0.4226870536804199
19814,11,27,-0.40513521432876587
19814,11,33,0.27818822860717773
19814,11,34,0.5755966901779175
19814,13,15,0.0032976865768432617
19814,13,18,-0.163354754447937
19814,13,21,0.026813268661499023
19814,13,22,-0.0039386749267578125
19814,13,24,0.022909164428710938
19814,13,25,-0.007777214050292969
19814,13,27,0.015674233436584473
19814,13,33,-0.0428166389465332
19814,13,34,0.0027611255645751953
19814,15,18,2.1761595010757446
19814,15,21,0.2694389820098877
19814,15,22,0.672435998916626
19814,15,24,0.8882997035980225
19814,15,25,0.4347085952758789
19814,15,27,0.3665999174118042
19814,15,33,1.7426276803016663
19814,15,34,-0.2996605634689331
19814,18,21,2.1488089561462402
19814,18,22,2.100240468978882
19814,18,24,2.0030362606048584
19814,18,25,2.0557668209075928
19814,18,27,-0.40762078762054443
19814,18,33,1.8092904090881348
19814,18,34,2.017451763153076
19814,21,22,3.705806851387024
19814,21,24,3.5376616716384888
19814,21,25,3.626477360725403
19814,21,27,0.3833644390106201
19814,21,33,3.329140782356262
19814,21,34,0.9085314273834229
19814,22,24,3.51150119304657
19814,22,25,3.5771719217300415
19814,22,27,0.32596850395202637
19814,22,33,3.274147868156433
19814,22,34,1.0053653717041016
19814,24,25,3.4254311323165894
19814,24,27,0.35453224182128906
19814,24,33,3.134355902671814
19814,24,34,1.6779133081436157
19814,25,27,0.31214308738708496
19814,25,33,3.216551899909973
19814,25,34,1.1038448810577393
19814,27,33,0.1865522861480713
19814,27,34,0.38654911518096924
19814,33,34,1.9888539910316467
19894,2,4,-0.03544270992279053
19894,2,12,0.012920141220092773
19894,2,13,-0.022472620010375977
19894,2,14,-0.004113674163818359
19894,2,16,0.004184365272521973
19894,2,20,-0.08092904090881348
19894,2,21,-0.01963949203491211
19894,2,24,0.010792016983032227
19894,2,26,0.02079927921295166
19894,2,32,-0.007416963577270508
19894,2,33,0.007759690284729004
19894,2,35,-0.006486177444458008
19894,2,36,-0.08738097548484802
19894,2,40,0.020293354988098145
19894,4,12,0.11237835884094238
19894,4,13,-0.33383119106292725
19894,4,14,0.040198564529418945
19894,4,16,-0.011508464813232422
19894,4,20,-0.31889939308166504
19894,4,21,-0.012265682220458984
19894,4,24,0.044982194900512695
19894,4,26,0.0751948356628418
19894,4,32,0.05064284801483154
19894,4,33,0.0034894943237304688
19894,4,35,-0.04297780990600586
19894,4,36,-0.40668678283691406
19894,4,40,0.12663400173187256
19894,12,13,1.1358174085617065
19894,12,14,0.1740431785583496
19894,12,16,0.005457639694213867
19894,12,20,0.9207760095596313
19894,12,21,0.18972206115722656
19894,12,24,-0.019799232482910156
19894,12,26,-0.05087757110595703
19894,12,32,-0.020525813102722168
19894,12,33,0.0022535324096679688
19894,12,35,0.05939376354217529
19894,12,36,0.5143003463745117
19894,12,40,-0.14242088794708252
19894,13,14,1.278265357017517
19894,13,16,-0.03872859477996826
19894,13,20,0.19486987590789795
19894,13,21,1.518684983253479
19894,13,24,0.13341295719146729
19894,13,26,0.283724308013916
19894,13,32,0.09185844659805298
19894,13,33,0.04586803913116455
19894,13,35,-0.2942509651184082
19894,13,36,-0.5062155723571777
19894,13,40,0.8231268525123596
19894,14,16,0.11784124374389648
19894,14,20,2.009704113006592
19894,14,21,3.0714945793151855
19894,14,24,0.4406757354736328
19894,14,26,0.1239159107208252
19894,14,32,0.038932204246520996
19894,14,33,-0.00564265251159668
19894,14,35,0.006201028823852539
19894,14,36,0.5516124963760376
19894,14,40,0.3286820650100708
19894,16,20,0.18048739433288574
19894,16,21,-0.08786916732788086
19894,16,24,0.008956432342529297
19894,16,26,0.030408620834350586
19894,16,32,-0.029191136360168457
19894,16,33,0.00018286705017089844
19894,16,35,-0.011815786361694336
19894,16,36,0.0378572940826416
19894,16,40,0.007762551307678223
19894,20,21,1.737384557723999
19894,20,24,0.8350374102592468
19894,20,26,-0.05410778522491455
19894,20,32,0.07465755939483643
19894,20,33,-0.09880328178405762
19894,20,35,-0.32923567295074463
19894,20,36,-0.325142502784729
19894,20,40,0.8708779215812683
19894,21,24,2.9320921897888184
19894,21,26,0.07358813285827637
19894,21,32,0.014832377433776855
19894,21,33,-0.07912445068359375
19894,21,35,-0.060968875885009766
19894,21,36,0.5102580785751343
19894,21,40,0.24377858638763428
19894,24,26,-0.23066174983978271
19894,24,32,0.01129305362701416
19894,24,33,0.03411149978637695
19894,24,35,-0.011972188949584961
19894,24,36,0.37653815746307373
19894,24,40,-0.05420506000518799
19894,26,32,0.020682215690612793
19894,26,33,-0.06236457824707031
19894,26,35,0.013225197792053223
19894,26,36,0.17519772052764893
19894,26,40,-0.033086180686950684
19894,32,33,0.011968255043029785
19894,32,35,0.09764087200164795
19894,32,36,-0.3944116234779358
19894,32,40,-0.005936145782470703
19894,33,35,0.10860776901245117
19894,33,36,-0.09321659803390503
19894,33,40,0.012614011764526367
19894,35,36,0.11988234519958496
19894,35,40,0.04474341869354248
19894,36,40,0.5864293575286865
19787,4,13,-0.012939453125
19787,4,18,0.05847728252410889
19787,4,20,-0.10912227630615234
19787,4,21,0.060875535011291504
19787,4,23,-0.026643037796020508
19787,4,27,-0.17240524291992188
19787,4,28,-0.17776209115982056
19787,4,29,-0.14938604831695557
19787,4,31,0.06354045867919922
19787,4,33,-0.18460914492607117
19787,4,35,-0.3605806827545166
19787,4,38,-0.05935239791870117
19787,4,40,0.006983757019042969
19787,4,41,0.0008676052093505859
19787,13,18,-0.05743110179901123
19787,13,20,-0.08223962783813477
19787,13,21,0.02525651454925537
19787,13,23,-0.03508448600769043
19787,13,27,-0.18053805828094482
19787,13,28,-0.05375337600708008
19787,13,29,-0.11040103435516357
19787,13,31,0.061098575592041016
19787,13,33,-0.24213925004005432
19787,13,35,-0.1463690996170044
19787,13,38,-0.08493959903717041
19787,13,40,0.015694499015808105
19787,13,41,-0.0014622211456298828
19787,18,20,1.4012553095817566
19787,18,21,-0.15078961849212646
19787,18,23,0.031032323837280273
19787,18,27,0.8279728889465332
19787,18,28,0.34181833267211914
19787,18,29,0.9421389698982239
19787,18,31,-0.1947026252746582
19787,18,33,0.46727126836776733
19787,18,35,0.993118941783905
19787,18,38,0.12222099304199219
19787,18,40,-7.772445678710938e-05
19787,18,41,-0.03205561637878418
19787,20,21,2.4348655939102173
19787,20,23,0.3301042318344116
19787,20,27,1.289405345916748
19787,20,28,-0.4905223846435547
19787,20,29,1.122497320175171
19787,20,31,2.0134423971176147
19787,20,33,0.0515323281288147
19787,20,35,0.647528886795044
19787,20,38,-0.1754094362258911
19787,20,40,0.044193387031555176
19787,20,41,0.1094750165939331
19787,21,23,0.0979011058807373
19787,21,27,0.3425261378288269
19787,21,28,0.38518083095550537
19787,21,29,1.059426188468933
19787,21,31,-0.22493600845336914
19787,21,33,0.6854091286659241
19787,21,35,1.4017118215560913
19787,21,38,0.16171491146087646
19787,21,40,0.00804436206817627
19787,21,41,-0.041603922843933105
19787,23,27,-0.6431128978729248
19787,23,28,-0.16293245553970337
19787,23,29,-0.16999053955078125
19787,23,31,0.09757506847381592
19787,23,33,-0.044298768043518066
19787,23,35,-0.2938237190246582
19787,23,38,-0.03845548629760742
19787,23,40,0.008324742317199707
19787,23,41,0.013669371604919434
19787,27,28,0.8617978096008301
19787,27,29,0.1291261911392212
19787,27,31,1.264005422592163
19787,27,33,-0.3165968060493469
19787,27,35,-0.029871106147766113
19787,27,38,-0.38922882080078125
19787,27,40,-0.00704503059387207
19787,27,41,0.09138935804367065
19787,28,29,-0.121956467628479
19787,28,31,0.5599370002746582
19787,28,33,-0.13576942682266235
19787,28,35,-0.46958935260772705
19787,28,38,-0.2540140151977539
19787,28,40,0.0847550630569458
19787,28,41,0.0978313684463501
19787,29,31,1.5445916652679443
19787,29,33,-0.05053788423538208
19787,29,35,0.12870609760284424
19787,29,38,-0.32067322731018066
19787,29,40,0.03653407096862793
19787,29,41,0.04858803749084473
19787,31,33,0.5061860680580139
19787,31,35,0.8213006854057312
19787,31,38,0.1803135871887207
19787,31,40,0.007849812507629395
19787,31,41,-0.044419288635253906
19787,33,35,-0.897405207157135
19787,33,38,-0.5114578604698181
19787,33,40,0.18006300926208496
19787,33,41,0.05886024236679077
19787,35,38,0.32776743173599243
19787,35,40,-0.17494070529937744
19787,35,41,0.38193583488464355
19787,38,40,0.025806546211242676
19787,38,41,0.03131699562072754
19787,40,41,-0.0196455717086792
19706,5,6,0.01739060878753662
19706,5,12,0.03189361095428467
19706,5,13,-0.08145424723625183
19706,5,15,0.01754772663116455
19706,5,16,0.023062586784362793
19706,5,18,-0.01856362819671631
19706,5,19,-0.025868535041809082
19706,5,24,0.12227976322174072
19706,5,25,-0.06801962852478027
19706,5,26,-0.006412863731384277
19706,5,27,-0.024618029594421387
19706,5,28,-0.02075517177581787
19706,5,29,0.047037482261657715
19706,5,37,0.010818719863891602
19706,6,12,0.014673352241516113
19706,6,13,0.03592473268508911
19706,6,15,0.032450199127197266
19706,6,16,-0.05240905284881592
19706,6,18,-0.01295328140258789
19706,6,19,-0.09518468379974365
19706,6,24,-0.00899052619934082
19706,6,25,-0.0650794506072998
19706,6,26,-0.016978025436401367
19706,6,27,-0.10124945640563965
19706,6,28,-0.12915384769439697
19706,6,29,-0.03674888610839844
19706,6,37,0.02984297275543213
19706,12,13,0.2085999846458435
19706,12,15,-0.018749117851257324
19706,12,16,-0.0023894309997558594
19706,12,18,0.04418468475341797
19706,12,19,0.058307528495788574
19706,12,24,-0.061681151390075684
19706,12,25,0.05559039115905762
19706,12,26,-0.07056891918182373
19706,12,27,0.04741013050079346
19706,12,28,-0.0037381649017333984
19706,12,29,-0.019803881645202637
19706,12,37,-0.0008858442306518555
19706,13,15,0.7154964804649353
19706,13,16,0.005435645580291748
19706,13,18,-0.9986613392829895
19706,13,19,-0.7119899392127991
19706,13,24,0.33406418561935425
19706,13,25,-0.38600456714630127
19706,13,26,-0.07343295216560364
19706,13,27,0.04325979948043823
19706,13,28,-0.32434409856796265
19706,13,29,0.35052984952926636
19706,13,37,0.3519544005393982
19706,15,16,0.0655907392501831
19706,15,18,0.22044503688812256
19706,15,19,1.453244924545288
19706,15,24,1.1522908210754395
19706,15,25,0.5032597184181213
19706,15,26,0.05290794372558594
19706,15,27,1.4800357818603516
19706,15,28,1.468489646911621
19706,15,29,1.203578233718872
19706,15,37,-0.15183639526367188
19706,16,18,-0.2900049090385437
19706,16,19,-0.04931199550628662
19706,16,24,0.16254186630249023
19706,16,25,0.04273408651351929
19706,16,26,0.0663747787475586
19706,16,27,-0.04662966728210449
19706,16,28,-0.1482846736907959
19706,16,29,-0.07758641242980957
19706,16,37,0.0271914005279541
19706,18,19,-0.1469045877456665
19706,18,24,0.03890407085418701
19706,18,25,0.15285903215408325
19706,18,26,-0.042693257331848145
19706,18,27,-0.13195574283599854
19706,18,28,-0.18607378005981445
19706,18,29,-0.08070695400238037
19706,18,37,0.08555054664611816
19706,19,24,1.231040596961975
19706,19,25,-0.13869887590408325
19706,19,26,0.16915035247802734
19706,19,27,0.8379625082015991
19706,19,28,0.24559950828552246
19706,19,29,1.1341041326522827
19706,19,37,0.7161498069763184
19706,24,25,3.0471218824386597
19706,24,26,0.24386537075042725
19706,24,27,2.1791917085647583
19706,24,28,1.6765778064727783
19706,24,29,2.4265605211257935
19706,24,37,0.3049452304840088
19706,25,26,0.15705937147140503
19706,25,27,0.7912444472312927
19706,25,28,0.2609279751777649
19706,25,29,0.8695225119590759
19706,25,37,0.12047994136810303
19706,26,27,0.08657944202423096
19706,26,28,-0.6074917316436768
19706,26,29,0.28468167781829834
19706,26,37,0.06431293487548828
19706,27,28,1.203599214553833
19706,27,29,2.3139432668685913
19706,27,37,0.629951000213623
19706,28,29,2.5808358192443848
19706,28,37,0.6410744786262512
19706,29,37,0.32079029083251953
19746,4,9,0.022774100303649902
19746,4,21,-0.3909621238708496
19746,4,22,-0.21901395916938782
19746,4,24,-0.22312843799591064
19746,4,35,0.1715104579925537
19746,4,38,-0.3389202356338501
19746,9,21,-0.17818737030029297
19746,9,22,-0.18916529417037964
19746,9,24,-0.17971718311309814
19746,9,35,0.031352996826171875
19746,9,38,-0.09518581628799438
19746,21,22,1.1075072288513184
19746,21,24,2.266947865486145
19746,21,35,1.7891473770141602
19746,21,38,-0.32625311613082886
19746,22,24,2.700643837451935
19746,22,35,0.7114356160163879
19746,22,38,-0.3465992212295532
19746,24,35,2.2579675912857056
19746,24,38,-0.010832607746124268
19746,35,38,0.7064033150672913
19777,1,3,-0.012052655220031738
19777,1,10,-0.013221263885498047
19777,1,12,-0.02779984474182129
19777,1,14,-0.002443075180053711
19777,1,19,0.01932579278945923
19777,1,22,-0.017443180084228516
19777,1,23,0.06017935276031494
19777,1,24,0.02526688575744629
19777,1,27,-0.03759312629699707
19777,1,28,0.014835357666015625
19777,1,33,-0.06749045848846436
19777,1,36,-0.0009573698043823242
19777,1,37,-0.022465229034423828
19777,1,41,-0.008960604667663574
19777,3,10,-0.06003975868225098
19777,3,12,-0.07027161121368408
19777,3,14,-0.017060041427612305
19777,3,19,-0.1266370415687561
19777,3,22,-0.19283318519592285
19777,3,23,-0.21109670400619507
19777,3,24,0.12503862380981445
19777,3,27,-0.30051255226135254
19777,3,28,0.04212212562561035
19777,3,33,-0.4015922546386719
19777,3,36,0.0636976957321167
19777,3,37,-0.032174110412597656
19777,3,41,0.0961378812789917
19777,10,12,-0.21531295776367188
19777,10,14,-0.007236838340759277
19777,10,19,-0.3794358968734741
19777,10,22,0.17018580436706543
19777,10,23,-0.0847664475440979
19777,10,24,0.09847140312194824
19777,10,27,-0.188002347946167
19777,10,28,0.04988968372344971
19777,10,33,-0.22483402490615845
19777,10,36,0.04516875743865967
19777,10,37,-0.015582442283630371
19777,10,41,0.037300705909729004
19777,12,14,0.023557186126708984
19777,12,19,-0.3933590054512024
19777,12,22,-0.05406832695007324
19777,12,23,-0.014961421489715576
19777,12,24,-0.01772284507751465
19777,12,27,-0.3086446523666382
19777,12,28,0.04787766933441162
19777,12,33,-0.20408368110656738
19777,12,36,0.03728973865509033
19777,12,37,-0.041600704193115234
19777,12,41,0.053557634353637695
19777,14,19,0.3774481415748596
19777,14,22,0.20085525512695312
19777,14,23,0.11671620607376099
19777,14,24,0.07849001884460449
19777,14,27,0.3379784822463989
19777,14,28,-0.04184591770172119
19777,14,33,0.11629635095596313
19777,14,36,-0.0395815372467041
19777,14,37,0.05116569995880127
19777,14,41,-0.04823863506317139
19777,19,22,0.27180176973342896
19777,19,23,-0.28354930877685547
19777,19,24,0.9471212029457092
19777,19,27,-0.16528433561325073
19777,19,28,0.12509572505950928
19777,19,33,-0.6019890904426575
19777,19,36,0.3976292610168457
19777,19,37,-0.3096030354499817
19777,19,41,0.5566597580909729
19777,22,23,-0.22030895948410034
19777,22,24,2.9757931232452393
19777,22,27,1.404200553894043
19777,22,28,0.9215753078460693
19777,22,33,0.8567806482315063
19777,22,36,0.30982935428619385
19777,22,37,-0.023799896240234375
19777,22,41,0.43100690841674805
19777,23,24,0.2756953835487366
19777,23,27,-0.06755036115646362
19777,23,28,-0.48889726400375366
19777,23,33,-0.6005058884620667
19777,23,36,0.2114209532737732
19777,23,37,-0.17790144681930542
19777,23,41,0.292396605014801
19777,24,27,1.7306978702545166
19777,24,28,1.3677761554718018
19777,24,33,1.0221530199050903
19777,24,36,0.05395996570587158
19777,24,37,-0.04294872283935547
19777,24,41,0.5913916826248169
19777,27,28,-0.33129262924194336
19777,27,33,-0.4934481382369995
19777,27,36,0.36950623989105225
19777,27,37,-0.023140668869018555
19777,27,41,0.739994466304779
19777,28,33,0.5599578619003296
19777,28,36,-0.061304569244384766
19777,28,37,-0.030966877937316895
19777,28,41,-0.05319249629974365
19777,33,36,0.5412099361419678
19777,33,37,0.13434046506881714
19777,33,41,0.5937447547912598
19777,36,37,0.023524880409240723
19777,36,41,-0.09913897514343262
19777,37,41,0.0771859884262085
19779,2,3,-0.07996344566345215
19779,2,6,0.06463825702667236
19779,2,8,0.05439150333404541
19779,2,11,-0.1832667589187622
19779,2,12,-0.0320124626159668
19779,2,16,0.0663139820098877
19779,2,18,-0.013061881065368652
19779,2,20,-0.14060509204864502
19779,2,21,-0.14790576696395874
19779,2,24,0.0376591682434082
19779,2,29,-0.12012511491775513
19779,2,33,0.010392427444458008
19779,2,37,-0.07125413417816162
19779,2,38,-0.09997260570526123
19779,3,6,-0.0880967378616333
19779,3,8,0.057125210762023926
19779,3,11,-0.14882111549377441
19779,3,12,-0.006267547607421875
19779,3,16,0.06738197803497314
19779,3,18,-0.0006409883499145508
19779,3,20,-0.13061583042144775
19779,3,21,-0.12452423572540283
19779,3,24,0.06665778160095215
19779,3,29,-0.10810065269470215
19779,3,33,-0.0061113834381103516
19779,3,37,-0.15536868572235107
19779,3,38,-0.04974806308746338
19779,6,8,-0.003295421600341797
19779,6,11,0.1423105001449585
19779,6,12,0.05253779888153076
19779,6,16,-0.014507055282592773
19779,6,18,0.019974946975708008
19779,6,20,0.1855475902557373
19779,6,21,0.03425103425979614
19779,6,24,-0.04948830604553223
19779,6,29,0.039633870124816895
19779,6,33,-0.023200631141662598
19779,6,37,0.04244065284729004
19779,6,38,0.015518903732299805
19779,8,11,0.2147681713104248
19779,8,12,0.06720209121704102
19779,8,16,-0.0768883228302002
19779,8,18,0.005950450897216797
19779,8,20,0.4085116386413574
19779,8,21,0.12622034549713135
19779,8,24,-0.07934093475341797
19779,8,29,0.15076017379760742
19779,8,33,-0.0006421804428100586
19779,8,37,0.4770580530166626
19779,8,38,0.37406396865844727
19779,11,12,0.11136770248413086
19779,11,16,0.3230975866317749
19779,11,18,0.03918194770812988
19779,11,20,-0.11693751811981201
19779,11,21,-0.5334186553955078
19779,11,24,0.2858428955078125
19779,11,29,-0.41723716259002686
19779,11,33,-0.0241050124168396
19779,11,37,-0.07276833057403564
19779,11,38,-0.019988417625427246
19779,12,16,0.11607956886291504
19779,12,18,0.05997931957244873
19779,12,20,-0.174657940864563
19779,12,21,-0.20201346278190613
19779,12,24,0.008673429489135742
19779,12,29,-0.17771649360656738
19779,12,33,-0.0262296199798584
19779,12,37,-0.11644351482391357
19779,12,38,-0.07731258869171143
19779,16,18,-0.07671093940734863
19779,16,20,0.8376939296722412
19779,16,21,0.08902406692504883
19779,16,24,-0.11449694633483887
19779,16,29,0.23483550548553467
19779,16,33,0.026881933212280273
19779,16,37,0.7638570070266724
19779,16,38,0.6830136775970459
19779,18,20,0.3705172538757324
19779,18,21,0.18482637405395508
19779,18,24,0.0677633285522461
19779,18,29,-0.21160507202148438
19779,18,33,-0.010854005813598633
19779,18,37,-0.02667856216430664
19779,18,38,-0.0022132396697998047
19779,20,21,1.1441893577575684
19779,20,24,0.3310115337371826
19779,20,29,1.4706308841705322
19779,20,33,0.052504897117614746
19779,20,37,1.6805682182312012
19779,20,38,1.9125933647155762
19779,21,24,0.8167779445648193
19779,21,29,-0.8404031991958618
19779,21,33,-0.4010798931121826
19779,21,37,-0.0532224178314209
19779,21,38,0.09069561958312988
19779,24,29,0.4204528331756592
19779,24,33,0.030553221702575684
19779,24,37,0.5486619472503662
19779,24,38,0.7376383543014526
19779,29,33,0.18990373611450195
19779,29,37,-0.12689387798309326
19779,29,38,0.052546143531799316
19779,33,37,-0.11224329471588135
19779,33,38,-0.011336445808410645
19779,37,38,2.3511300086975098
19782,9,10,0.15549159049987793
19782,9,11,-0.05336320400238037
19782,9,16,-0.028230488300323486
19782,9,17,0.38444948196411133
19782,9,20,-0.34969866275787354
19782,9,21,-0.6002328991889954
19782,9,22,-0.07247886061668396
19782,9,23,-0.4956793785095215
19782,9,29,-0.7205095887184143
19782,9,31,-0.47214168310165405
19782,9,32,0.2872730493545532
19782,9,33,0.4492610692977905
19782,9,36,-0.4205724000930786
19782,9,39,0.05573087930679321
19782,10,11,-0.10557997226715088
19782,10,16,0.00983130931854248
19782,10,17,-0.02474844455718994
19782,10,20,0.13463222980499268
19782,10,21,0.15056967735290527
19782,10,22,0.06916534900665283
19782,10,23,0.1526901125907898
19782,10,29,0.20524045825004578
19782,10,31,0.13983052968978882
19782,10,32,-0.025965571403503418
19782,10,33,-0.041544556617736816
19782,10,36,0.03491085767745972
19782,10,39,-0.015136122703552246
19782,11,16,-0.026671886444091797
19782,11,17,-0.002208232879638672
19782,11,20,-0.05839335918426514
19782,11,21,-0.02467593550682068
19782,11,22,0.1273036003112793
19782,11,23,-0.052533864974975586
19782,11,29,-0.02504432201385498
19782,11,31,-0.024274826049804688
19782,11,32,0.019477128982543945
19782,11,33,0.008527278900146484
19782,11,36,-0.03476768732070923
19782,11,39,-0.010468721389770508
19782,16,17,0.016405105590820312
19782,16,20,0.10114216804504395
19782,16,21,-0.1995999813079834
19782,16,22,0.11034166812896729
19782,16,23,0.306796133518219
19782,16,29,-0.10204464197158813
19782,16,31,-0.07347428798675537
19782,16,32,-0.01668548583984375
19782,16,33,0.00827479362487793
19782,16,36,0.05440002679824829
19782,16,39,-0.00195920467376709
19782,17,20,1.1762286722660065
19782,17,21,0.7172780632972717
19782,17,22,0.19127511978149414
19782,17,23,0.8979196548461914
19782,17,29,0.8619534373283386
19782,17,31,0.3649926781654358
19782,17,32,-0.1549135446548462
19782,17,33,0.01668715476989746
19782,17,36,0.37269049882888794
19782,17,39,-0.039254069328308105
19782,20,21,1.1382258534431458
19782,20,22,0.06928324699401855
19782,20,23,0.3843144178390503
19782,20,29,0.3203350901603699
19782,20,31,0.09788161516189575
19782,20,32,0.7962457537651062
19782,20,33,2.2288010120391846
19782,20,36,-0.38501495122909546
19782,20,39,0.22412514686584473
19782,21,22,1.011881411075592
19782,21,23,0.6021556258201599
19782,21,29,-0.5574043989181519
19782,21,31,-1.4881563186645508
19782,21,32,0.4958649277687073
19782,21,33,0.9551317095756531
19782,21,36,-0.3336060047149658
19782,21,39,0.05959388613700867
19782,22,23,1.6865609884262085
19782,22,29,-0.5253053307533264
19782,22,31,-0.7629920840263367
19782,22,32,0.1744534969329834
19782,22,33,0.45101332664489746
19782,22,36,0.23246002197265625
19782,22,39,-0.0474550724029541
19782,23,29,-0.24334782361984253
19782,23,31,-0.5741623044013977
19782,23,32,0.7982058525085449
19782,23,33,1.6373947858810425
19782,23,36,-0.5277243256568909
19782,23,39,0.1241181492805481
19782,29,31,-0.6396384239196777
19782,29,32,0.6178543567657471
19782,29,33,1.184281051158905
19782,29,36,-0.6064202785491943
19782,29,39,0.19798478484153748
19782,31,32,0.6174545884132385
19782,31,33,1.42746502161026
19782,31,36,-0.61039137840271
19782,31,39,0.0634080171585083
19782,32,33,-0.12296867370605469
19782,32,36,0.12204128503799438
19782,32,39,-0.03190922737121582
19782,33,36,0.4576471447944641
19782,33,39,-0.01200723648071289
19782,36,39,0.1552029252052307
19719,2,3,-0.05816078186035156
19719,2,9,0.016558051109313965
19719,2,10,-0.00866544246673584
19719,2,11,0.005229592323303223
19719,2,12,-0.011511802673339844
19719,2,18,-0.0061986446380615234
19719,2,19,-2.276897430419922e-05
19719,2,24,0.022612333297729492
19719,2,31,0.028765439987182617
19719,2,33,-0.008959174156188965
19719,2,38,-0.06653046607971191
19719,2,39,0.006160616874694824
19719,2,40,-0.025374889373779297
19719,2,41,-0.02375495433807373
19719,3,9,0.009019732475280762
19719,3,10,0.04948842525482178
19719,3,11,0.006870388984680176
19719,3,12,-0.14679253101348877
19719,3,18,-0.033487915992736816
19719,3,19,-0.015799403190612793
19719,3,24,0.08614540100097656
19719,3,31,-0.12375140190124512
19719,3,33,0.02926194667816162
19719,3,38,-0.09532514214515686
19719,3,39,-0.00524294376373291
19719,3,40,-0.020936250686645508
19719,3,41,0.02278590202331543
19719,9,10,-0.014625906944274902
19719,9,11,-0.013378024101257324
19719,9,12,-0.08313310146331787
19719,9,18,-0.03729045391082764
19719,9,19,0.018718719482421875
19719,9,24,-0.024343013763427734
19719,9,31,0.11102330684661865
19719,9,33,-0.008363127708435059
19719,9,38,0.06271439790725708
19719,9,39,0.005566596984863281
19719,9,40,0.02545320987701416
19719,9,41,-0.0013343095779418945
19719,10,11,-0.15277040004730225
19719,10,12,-0.051633477210998535
19719,10,18,0.05200624465942383
19719,10,19,0.02523517608642578
19719,10,24,-0.09416460990905762
19719,10,31,0.5666998028755188
19719,10,33,-0.03587949275970459
19719,10,38,0.22708475589752197
19719,10,39,0.0006538629531860352
19719,10,40,0.05666625499725342
19719,10,41,-0.018430233001708984
19719,11,12,0.04589211940765381
19719,11,18,0.08353567123413086
19719,11,19,0.012144684791564941
19719,11,24,-0.016475200653076172
19719,11,31,0.02323901653289795
19719,11,33,0.007607102394104004
19719,11,38,-0.01993882656097412
19719,11,39,-0.011825799942016602
19719,11,40,0.012426018714904785
19719,11,41,-0.010062575340270996
19719,12,18,0.010048747062683105
19719,12,19,0.04502856731414795
19719,12,24,0.15722215175628662
19719,12,31,-0.2558048963546753
19719,12,33,0.09619021415710449
19719,12,38,-0.33509260416030884
19719,12,39,-0.015480518341064453
19719,12,40,-0.09596872329711914
19719,12,41,0.021777629852294922
19719,18,19,-0.187089204788208
19719,18,24,0.13005995750427246
19719,18,31,-0.2504091262817383
19719,18,33,0.071502685546875
19719,18,38,-0.13530102372169495
19719,18,39,0.0017485618591308594
19719,18,40,-0.052377939224243164
19719,18,41,-0.0013031959533691406
19719,19,24,0.039972782135009766
19719,19,31,0.022544264793395996
19719,19,33,0.029830574989318848
19719,19,38,-0.030137240886688232
19719,19,39,-0.002188563346862793
19719,19,40,-0.035479187965393066
19719,19,41,-0.0038094520568847656
19719,24,31,1.3942447304725647
19719,24,33,1.2616441249847412
19719,24,38,0.674004077911377
19719,24,39,0.014293432235717773
19719,24,40,0.12236332893371582
19719,24,41,-0.015033721923828125
19719,31,33,2.494406580924988
19719,31,38,-0.23298430442810059
19719,31,39,-0.07677638530731201
19719,31,40,-0.30647027492523193
19719,31,41,0.0027178525924682617
19719,33,38,0.641089916229248
19719,33,39,0.04284012317657471
19719,33,40,0.12892687320709229
19719,33,41,-0.01611483097076416
19719,38,39,0.01220548152923584
19719,38,40,-0.1770607829093933
19719,38,41,0.033512771129608154
19719,39,40,-0.024912118911743164
19719,39,41,0.03451895713806152
19719,40,41,0.02816617488861084
19776,1,3,0.005724906921386719
19776,1,8,-0.04850268363952637
19776,1,9,0.14061373472213745
19776,1,12,-0.07182586193084717
19776,1,18,-0.035726070404052734
19776,1,19,0.09990143775939941
19776,1,20,0.1614498496055603
19776,1,22,0.1154828667640686
19776,1,23,0.2630503475666046
19776,1,27,0.3704260587692261
19776,1,29,0.3119175434112549
19776,1,33,0.011766314506530762
19776,1,35,0.1778937578201294
19776,1,38,0.050330162048339844
19776,3,8,0.02596139907836914
19776,3,9,-0.18423384428024292
19776,3,12,0.056294918060302734
19776,3,18,0.02360999584197998
19776,3,19,-0.11278623342514038
19776,3,20,-0.1174958348274231
19776,3,22,0.013276278972625732
19776,3,23,-0.11566594243049622
19776,3,27,-0.2597846984863281
19776,3,29,-0.09438657760620117
19776,3,33,-0.11181175708770752
19776,3,35,-0.09024584293365479
19776,3,38,-0.039103150367736816
19776,8,9,0.3182811141014099
19776,8,12,-0.05864429473876953
19776,8,18,-0.03909599781036377
19776,8,19,0.08603072166442871
19776,8,20,0.278545081615448
19776,8,22,0.06414979696273804
19776,8,23,0.2158709466457367
19776,8,27,0.16428446769714355
19776,8,29,0.2302321195602417
19776,8,33,0.050626158714294434
19776,8,35,0.1385713815689087
19776,8,38,0.0622105598449707
19776,9,12,0.2330734133720398
19776,9,18,-0.007520079612731934
19776,9,19,-0.34122729301452637
19776,9,20,-0.5711197853088379
19776,9,22,-0.15896981954574585
19776,9,23,-0.5487193763256073
19776,9,27,-0.4030638337135315
19776,9,29,-0.2291143536567688
19776,9,33,-0.22950959205627441
19776,9,35,-0.37714678049087524
19776,9,38,-0.21744126081466675
19776,12,18,-0.0473552942276001
19776,12,19,0.22163641452789307
19776,12,20,0.41658586263656616
19776,12,22,0.15579229593276978
19776,12,23,0.49740955233573914
19776,12,27,0.8435799479484558
19776,12,29,0.7579488754272461
19776,12,33,0.079567551612854
19776,12,35,0.30601608753204346
19776,12,38,0.0797719955444336
19776,18,19,0.15545058250427246
19776,18,20,0.44207149744033813
19776,18,22,0.026898324489593506
19776,18,23,0.0881337821483612
19776,18,27,0.6143873929977417
19776,18,29,-0.037088871002197266
19776,18,33,0.0560145378112793
19776,18,35,0.17715930938720703
19776,18,38,0.0045223236083984375
19776,19,20,-0.8269229531288147
19776,19,22,-0.6085727214813232
19776,19,23,-0.7019465267658234
19776,19,27,-0.4109607934951782
19776,19,29,0.3519202470779419
19776,19,33,-0.11297339200973511
19776,19,35,-0.4553689956665039
19776,19,38,-0.0834926962852478
19776,20,22,-0.022951722145080566
19776,20,23,-0.4929881989955902
19776,20,27,-0.7514724135398865
19776,20,29,1.4375779032707214
19776,20,33,-0.050700873136520386
19776,20,35,-0.7192477583885193
19776,20,38,-0.24028772115707397
19776,22,23,1.4015320837497711
19776,22,27,1.2930792570114136
19776,22,29,0.011746227741241455
19776,22,33,0.7126432061195374
19776,22,35,0.17455369234085083
19776,22,38,0.022655189037322998
19776,23,27,-0.14165189862251282
19776,23,29,0.4183623492717743
19776,23,33,0.17162978649139404
19776,23,35,-0.5922006666660309
19776,23,38,-0.1749102771282196
19776,27,29,0.820379376411438
19776,27,33,-1.1855813264846802
19776,27,35,-0.5286206007003784
19776,27,38,-0.3247795104980469
19776,29,33,-0.05912673473358154
19776,29,35,-0.1852172613143921
19776,29,38,-0.03955388069152832
19776,33,35,-0.3777605891227722
19776,33,38,-0.1937878131866455
19776,35,38,-0.004615485668182373
19700,1,2,0.06410562992095947
19700,1,6,-0.01692640781402588
19700,1,13,0.03569686412811279
19700,1,18,0.07854056358337402
19700,1,21,-0.16676142811775208
19700,1,25,-0.10274374485015869
19700,1,26,-0.23809385299682617
19700,1,27,-0.16190311312675476
19700,1,29,-0.033186912536621094
19700,1,33,-0.232985258102417
19700,1,35,-0.23991620540618896
19700,1,36,0.06105995178222656
19700,1,38,-0.3051978349685669
19700,1,39,0.07198131084442139
19700,2,6,0.010540604591369629
19700,2,13,0.0065441131591796875
19700,2,18,0.032340049743652344
19700,2,21,-0.03985112905502319
19700,2,25,0.023074626922607422
19700,2,26,-0.11652541160583496
19700,2,27,-0.10336083173751831
19700,2,29,0.0016558170318603516
19700,2,33,-0.04411125183105469
19700,2,35,-0.0581127405166626
19700,2,36,0.018052339553833008
19700,2,38,-0.12556183338165283
19700,2,39,0.039411306381225586
19700,6,13,-0.013024091720581055
19700,6,18,-0.019168734550476074
19700,6,21,0.014396250247955322
19700,6,25,0.09108877182006836
19700,6,26,0.09159326553344727
19700,6,27,0.10879111289978027
19700,6,29,-0.0014004707336425781
19700,6,33,0.0811842679977417
19700,6,35,0.08617687225341797
19700,6,36,-0.0245513916015625
19700,6,38,0.08121275901794434
19700,6,39,-0.025344014167785645
19700,13,18,-0.026325106620788574
19700,13,21,0.058457374572753906
19700,13,25,-0.010096430778503418
19700,13,26,0.15460646152496338
19700,13,27,0.10055208206176758
19700,13,29,-0.01642024517059326
19700,13,33,0.009354114532470703
19700,13,35,0.04530048370361328
19700,13,36,-0.02974379062652588
19700,13,38,0.10903656482696533
19700,13,39,-0.03109872341156006
19700,18,21,0.23167431354522705
19700,18,25,0.36189061403274536
19700,18,26,0.8231566548347473
19700,18,27,0.23057377338409424
19700,18,29,-0.03827810287475586
19700,18,33,0.6468473672866821
19700,18,35,0.7569754123687744
19700,18,36,-0.0923774242401123
19700,18,38,0.40814054012298584
19700,18,39,-0.09480428695678711
19700,21,25,1.867751657962799
19700,21,26,0.15586817264556885
19700,21,27,-1.1594594717025757
19700,21,29,0.3334099054336548
19700,21,33,0.41051697731018066
19700,21,35,0.4198569059371948
19700,21,36,0.20502984523773193
19700,21,38,-0.243646502494812
19700,21,39,0.2951970100402832
19700,25,26,0.29396605491638184
19700,25,27,-0.13769924640655518
19700,25,29,0.426932692527771
19700,25,33,1.1063977479934692
19700,25,35,1.0221400260925293
19700,25,36,0.4992031157016754
19700,25,38,0.07560467720031738
19700,25,39,0.446677029132843
19700,26,27,0.26176917552948
19700,26,29,0.08597230911254883
19700,26,33,0.8639692068099976
19700,26,35,0.8030717372894287
19700,26,36,0.7871204018592834
19700,26,38,-0.2003476619720459
19700,26,39,0.6688492894172668
19700,27,29,0.157842218875885
19700,27,33,-0.06180620193481445
19700,27,35,-0.10287487506866455
19700,27,36,0.31624114513397217
19700,27,38,-0.5225552320480347
19700,27,39,0.2487553358078003
19700,29,33,0.08986032009124756
19700,29,35,0.022309422492980957
19700,29,36,0.027181386947631836
19700,29,38,0.11351555585861206
19700,29,39,0.017197132110595703
19700,33,35,0.9986370801925659
19700,33,36,0.8209128975868225
19700,33,38,0.1567596197128296
19700,33,39,0.8475243449211121
19700,35,36,0.326479434967041
19700,35,38,-0.32868003845214844
19700,35,39,0.652495265007019
19700,36,38,0.4669991731643677
19700,36,39,-0.139082670211792
19700,38,39,0.45456182956695557
19735,2,3,-0.14094078540802002
19735,2,7,0.0074007511138916016
19735,2,21,-0.04418027400970459
19735,2,25,0.03567326068878174
19735,2,27,0.03581130504608154
19735,2,29,-0.20514202117919922
19735,3,7,0.0237271785736084
19735,3,21,-0.3924597501754761
19735,3,25,0.14939403533935547
19735,3,27,0.19809377193450928
19735,3,29,-0.4253348112106323
19735,7,21,0.08909377455711365
19735,7,25,0.00731348991394043
19735,7,27,0.00684666633605957
19735,7,29,0.05702316761016846
19735,21,25,1.3459117412567139
19735,21,27,1.1629281044006348
19735,21,29,-0.011172056198120117
19735,25,27,0.3350917100906372
19735,25,29,0.6616936922073364
19735,27,29,1.7377065420150757
19780,4,13,-0.05463278293609619
19780,4,15,0.07075858116149902
19780,4,17,0.01438140869140625
19780,4,25,0.09519827365875244
19780,4,35,0.06638085842132568
19780,4,36,-0.029695868492126465
19780,13,15,0.20117640495300293
19780,13,17,0.08306920528411865
19780,13,25,0.21160411834716797
19780,13,35,0.1676654815673828
19780,13,36,0.05741286277770996
19780,15,17,-0.001277327537536621
19780,15,25,-0.23301172256469727
19780,15,35,0.0002465248107910156
19780,15,36,0.4099009037017822
19780,17,25,-0.049190521240234375
19780,17,35,0.001069188117980957
19780,17,36,0.03712737560272217
19780,25,35,1.3258250951766968
19780,25,36,2.1274604201316833
19780,35,36,3.5561413764953613
19733,3,10,-0.26771029829978943
19733,3,11,-0.21657973527908325
19733,3,16,0.23594152927398682
19733,3,19,-0.5517220497131348
19733,3,20,-0.478668212890625
19733,3,22,0.1880418062210083
19733,3,23,-0.2970552444458008
19733,3,24,0.38846051692962646
19733,3,25,0.2033311128616333
19733,3,29,-0.5405410528182983
19733,3,31,0.43619096279144287
19733,3,32,0.00581592321395874
19733,3,35,-0.10832613706588745
19733,3,38,-0.5005544424057007
19733,10,11,-0.21105217933654785
19733,10,16,0.17193365097045898
19733,10,19,-0.5145469307899475
19733,10,20,-0.5124795436859131
19733,10,22,0.21834540367126465
19733,10,23,-0.30576789379119873
19733,10,24,0.296828031539917
19733,10,25,0.09037184715270996
19733,10,29,-0.4816049337387085
19733,10,31,0.33552980422973633
19733,10,32,0.0022023916244506836
19733,10,35,-0.0709385871887207
19733,10,38,-0.4602581262588501
19733,11,16,0.09697175025939941
19733,11,19,-0.37891530990600586
19733,11,20,-0.42236918210983276
19733,11,22,0.11159253120422363
19733,11,23,-0.21632063388824463
19733,11,24,0.2136554718017578
19733,11,25,0.1087195873260498
19733,11,29,-0.3027639389038086
19733,11,31,0.22661232948303223
19733,11,32,0.008604049682617188
19733,11,35,-0.02670145034790039
19733,11,38,-0.3273579478263855
19733,16,19,0.33888936042785645
19733,16,20,0.5181267261505127
19733,16,22,0.02403545379638672
19733,16,23,0.955887496471405
19733,16,24,-0.1410837173461914
19733,16,25,0.21556925773620605
19733,16,29,0.7570736408233643
19733,16,31,-0.19236254692077637
19733,16,32,-0.011285543441772461
19733,16,35,0.035053253173828125
19733,16,38,0.40536344051361084
19733,19,20,-0.7918503284454346
19733,19,22,0.4536951780319214
19733,19,23,-0.21783804893493652
19733,19,24,0.6155179738998413
19733,19,25,0.4377638101577759
19733,19,29,-0.5128768682479858
19733,19,31,0.6475479602813721
19733,19,32,-0.11325949430465698
19733,19,35,-0.02127474546432495
19733,19,38,-0.5839468240737915
19733,20,22,0.6241364479064941
19733,20,23,0.0276869535446167
19733,20,24,0.7786216735839844
19733,20,25,0.5417745113372803
19733,20,29,-0.01928412914276123
19733,20,31,0.7642694711685181
19733,20,32,0.12587112188339233
19733,20,35,-0.1265658140182495
19733,20,38,-0.6166074275970459
19733,22,23,2.1452611684799194
19733,22,24,3.407968044281006
19733,22,25,3.0754475593566895
19733,22,29,1.2294824123382568
19733,22,31,1.3988194465637207
19733,22,32,-0.11841511726379395
19733,22,35,-0.12685322761535645
19733,22,38,0.46000802516937256
19733,23,24,2.3687912225723267
19733,23,25,1.9662243127822876
19733,23,29,0.31778204441070557
19733,23,31,2.0940080881118774
19733,23,32,-0.11221063137054443
19733,23,35,-0.15462720394134521
19733,23,38,-0.15056180953979492
19733,24,25,3.4214344024658203
19733,24,29,1.6025876998901367
19733,24,31,0.6152060031890869
19733,24,32,0.07758378982543945
19733,24,35,0.05235767364501953
19733,24,38,0.7238951921463013
19733,25,29,1.2049851417541504
19733,25,31,2.2128648161888123
19733,25,32,-0.16081881523132324
19733,25,35,-0.05756330490112305
19733,25,38,0.4591408967971802
19733,29,31,1.413270354270935
19733,29,32,-0.30691850185394287
19733,29,35,-0.2724027633666992
19733,29,38,-0.596833348274231
19733,31,32,-0.007792830467224121
19733,31,35,0.07483315467834473
19733,31,38,0.767440915107727
19733,32,35,0.18651676177978516
19733,32,38,-0.0953010618686676
19733,35,38,0.09005224704742432
19754,2,3,-0.3697565793991089
19754,2,7,-0.06595361232757568
19754,2,14,0.048632264137268066
19754,2,18,0.2052757740020752
19754,2,20,0.029383063316345215
19754,2,22,0.10841047763824463
19754,2,23,-0.3368842601776123
19754,2,24,0.24737775325775146
19754,2,25,0.21888816356658936
19754,2,27,-0.09959501028060913
19754,2,28,0.21723663806915283
19754,2,30,0.12253189086914062
19754,2,39,0.03803682327270508
19754,2,40,-0.04770553112030029
19754,3,7,-0.06662791967391968
19754,3,14,0.26771944761276245
19754,3,18,0.45248526334762573
19754,3,20,0.18147820234298706
19754,3,22,0.401944100856781
19754,3,23,-0.5459561944007874
19754,3,24,0.5441617369651794
19754,3,25,0.49043649435043335
19754,3,27,-0.2926468849182129
19754,3,28,0.47867029905319214
19754,3,30,0.22593456506729126
19754,3,39,-0.04665333032608032
19754,3,40,-0.05871784687042236
19754,7,14,-0.0642932653427124
19754,7,18,0.06852412223815918
19754,7,20,-0.037314772605895996
19754,7,22,0.09068524837493896
19754,7,23,-0.19844716787338257
19754,7,24,0.1097954511642456
19754,7,25,0.06956827640533447
19754,7,27,-0.05668187141418457
19754,7,28,0.09093856811523438
19754,7,30,0.04375755786895752
19754,7,39,-0.0038374662399291992
19754,7,40,-0.02041923999786377
19754,14,18,0.12728893756866455
19754,14,20,2.95553195476532
19754,14,22,3.1870914697647095
19754,14,23,0.6471782922744751
19754,14,24,3.4523473978042603
19754,14,25,3.3641544580459595
19754,14,27,0.05875754356384277
19754,14,28,1.0516672134399414
19754,14,30,0.4285987615585327
19754,14,39,0.008115410804748535
19754,14,40,-0.01956045627593994
19754,18,20,1.8041504621505737
19754,18,22,0.21978580951690674
19754,18,23,0.5737184286117554
19754,18,24,-0.060768723487854004
19754,18,25,0.04215657711029053
19754,18,27,0.1374964714050293
19754,18,28,-0.22375285625457764
19754,18,30,-0.1278935670852661
19754,18,39,0.0039037466049194336
19754,18,40,0.022629141807556152
19754,20,22,3.0864917039871216
19754,20,23,0.5056873559951782
19754,20,24,3.31013023853302
19754,20,25,3.2280012369155884
19754,20,27,0.2612590789794922
19754,20,28,0.3454042673110962
19754,20,30,0.3713182210922241
19754,20,39,0.008679747581481934
19754,20,40,-0.018855929374694824
19754,22,23,1.2085319757461548
19754,22,24,3.741570830345154
19754,22,25,3.670727849006653
19754,22,27,0.19036436080932617
19754,22,28,0.41636979579925537
19754,22,30,-0.1794224977493286
19754,22,39,0.057855963706970215
19754,22,40,0.00971829891204834
19754,23,24,1.0168949365615845
19754,23,25,0.9443732500076294
19754,23,27,-0.09261345863342285
19754,23,28,0.1108168363571167
19754,23,30,0.06910288333892822
19754,23,39,-0.03218284249305725
19754,23,40,-0.09798508882522583
19754,24,25,3.9467450380325317
19754,24,27,0.24184894561767578
19754,24,28,-0.01842653751373291
19754,24,30,-0.08700025081634521
19754,24,39,-0.010677218437194824
19754,24,40,0.04096949100494385
19754,25,27,0.2045609951019287
19754,25,28,0.031458497047424316
19754,25,30,0.03286588191986084
19754,25,39,0.005186200141906738
19754,25,40,0.028166651725769043
19754,27,28,0.17774677276611328
19754,27,30,-0.01967298984527588
19754,27,39,-0.01853799819946289
19754,27,40,-0.029094696044921875
19754,28,30,-0.08912980556488037
19754,28,39,0.004691958427429199
19754,28,40,0.033190369606018066
19754,30,39,0.02733480930328369
19754,30,40,0.033727049827575684
19754,39,40,-0.011006951332092285
19703,4,5,0.12226355075836182
19703,4,8,0.1302279233932495
19703,4,12,0.13525712490081787
19703,4,13,-0.34138381481170654
19703,4,14,0.0986548662185669
19703,4,20,-0.3151280879974365
19703,4,21,0.190964937210083
19703,4,22,0.1237947940826416
19703,4,25,-0.30966514348983765
19703,4,26,-0.4498472213745117
19703,4,29,-0.46226775646209717
19703,4,35,0.06940853595733643
19703,4,36,-0.07726967334747314
19703,4,39,0.1043863296508789
19703,5,8,-0.07456159591674805
19703,5,12,-0.03287971019744873
19703,5,13,0.3200334310531616
19703,5,14,-0.039791226387023926
19703,5,20,0.4295750856399536
19703,5,21,-0.04593920707702637
19703,5,22,-0.00548553466796875
19703,5,25,0.43844062089920044
19703,5,26,0.4675763249397278
19703,5,29,0.3643087148666382
19703,5,35,-0.04215431213378906
19703,5,36,0.02619338035583496
19703,5,39,-0.053673505783081055
19703,8,12,-0.08038341999053955
19703,8,13,0.660187304019928
19703,8,14,-0.059715867042541504
19703,8,20,0.9177030324935913
19703,8,21,-0.025866031646728516
19703,8,22,0.20885229110717773
19703,8,25,0.719474732875824
19703,8,26,0.8220375776290894
19703,8,29,0.8092160820960999
19703,8,35,-0.04776918888092041
19703,8,36,0.05737638473510742
19703,8,39,-0.08530914783477783
19703,12,13,0.7655742466449738
19703,12,14,-0.03100144863128662
19703,12,20,0.3671574592590332
19703,12,21,-0.13195574283599854
19703,12,22,-0.016887545585632324
19703,12,25,0.30170971155166626
19703,12,26,0.216560959815979
19703,12,29,0.39564943313598633
19703,12,35,-0.03033459186553955
19703,12,36,0.04263138771057129
19703,12,39,-0.05081140995025635
19703,13,14,0.14439702033996582
19703,13,20,0.38230788707733154
19703,13,21,1.847999930381775
19703,13,22,1.5718389749526978
19703,13,25,-0.0524333119392395
19703,13,26,0.2154451608657837
19703,13,29,0.08930909633636475
19703,13,35,0.11719942092895508
19703,13,36,-0.12810397148132324
19703,13,39,0.423347532749176
19703,14,20,0.25441086292266846
19703,14,21,-0.04136478900909424
19703,14,22,0.12998855113983154
19703,14,25,0.0644184947013855
19703,14,26,0.2354406714439392
19703,14,29,0.32501792907714844
19703,14,35,-6.520748138427734e-05
19703,14,36,0.029926776885986328
19703,14,39,-0.04092252254486084
19703,20,21,2.087149143218994
19703,20,22,1.9469754695892334
19703,20,25,0.3537452816963196
19703,20,26,0.555708646774292
19703,20,29,0.5175104141235352
19703,20,35,0.21406853199005127
19703,20,36,-0.06056702136993408
19703,20,39,0.45130205154418945
19703,21,22,3.6033244132995605
19703,21,25,1.6599968075752258
19703,21,26,1.7886722087860107
19703,21,29,1.6652486324310303
19703,21,35,-0.05237388610839844
19703,21,36,0.08777379989624023
19703,21,39,-0.07140612602233887
19703,22,25,1.8529987931251526
19703,22,26,1.7142078876495361
19703,22,29,1.5233798027038574
19703,22,35,0.0011260509490966797
19703,22,36,0.047495365142822266
19703,22,39,0.0013551712036132812
19703,25,26,0.2184467911720276
19703,25,29,0.17257815599441528
19703,25,35,0.09660130739212036
19703,25,36,-0.1943541169166565
19703,25,39,0.4754592180252075
19703,26,29,0.21638035774230957
19703,26,35,0.09865212440490723
19703,26,36,-0.2708008289337158
19703,26,39,0.43652039766311646
19703,29,35,0.11023807525634766
19703,29,36,-0.2028430700302124
19703,29,39,0.4396517276763916
19703,35,36,0.0504603385925293
19703,35,39,0.004123687744140625
19703,36,39,7.343292236328125e-05
19732,3,4,-0.23524659872055054
19732,3,5,0.2623945474624634
19732,3,6,0.04973649978637695
19732,3,9,-0.4695029854774475
19732,3,15,0.42330968379974365
19732,3,17,-0.4393664002418518
19732,3,21,0.17937803268432617
19732,3,22,0.22391629219055176
19732,3,24,0.45220255851745605
19732,3,25,0.43776631355285645
19732,3,27,0.4260892868041992
19732,3,34,0.3713409900665283
19732,3,40,0.18991923332214355
19732,3,41,0.2156696319580078
19732,4,5,0.05303966999053955
19732,4,6,-0.06180286407470703
19732,4,9,-0.14430534839630127
19732,4,15,0.0458676815032959
19732,4,17,-0.10315638780593872
19732,4,21,-0.03945422172546387
19732,4,22,-0.022111177444458008
19732,4,24,0.051755428314208984
19732,4,25,0.056288957595825195
19732,4,27,0.05051994323730469
19732,4,34,0.03644919395446777
19732,4,40,0.01701200008392334
19732,4,41,0.0272369384765625
19732,5,6,-0.0082855224609375
19732,5,9,0.02241373062133789
19732,5,15,-0.06697118282318115
19732,5,17,0.12216174602508545
19732,5,21,0.057956814765930176
19732,5,22,-0.010699152946472168
19732,5,24,-0.05863034725189209
19732,5,25,-0.05050003528594971
19732,5,27,-0.05435001850128174
19732,5,34,-0.06491422653198242
19732,5,40,-0.028088927268981934
19732,5,41,-0.03982257843017578
19732,6,9,0.14866197109222412
19732,6,15,-0.10964787006378174
19732,6,17,0.17792022228240967
19732,6,21,0.07657039165496826
19732,6,22,0.07699906826019287
19732,6,24,-0.06251060962677002
19732,6,25,-0.06519448757171631
19732,6,27,-0.06436145305633545
19732,6,34,-0.09073591232299805
19732,6,40,-0.05516362190246582
19732,6,41,-0.05470550060272217
19732,9,15,0.3911139965057373
19732,9,17,-0.4085761308670044
19732,9,21,0.13015294075012207
19732,9,22,0.20444440841674805
19732,9,24,0.3719820976257324
19732,9,25,0.3452115058898926
19732,9,27,0.3601243495941162
19732,9,34,0.32415735721588135
19732,9,40,0.12078595161437988
19732,9,41,0.18566274642944336
19732,15,17,0.4914662837982178
19732,15,21,0.5710964202880859
19732,15,22,0.8936425447463989
19732,15,24,-0.06440496444702148
19732,15,25,0.03689265251159668
19732,15,27,0.13843750953674316
19732,15,34,-0.22080779075622559
19732,15,40,-0.11662459373474121
19732,15,41,-0.12723851203918457
19732,17,21,0.1885242462158203
19732,17,22,0.19953560829162598
19732,17,24,0.4472343921661377
19732,17,25,0.4307413101196289
19732,17,27,0.40616798400878906
19732,17,34,0.31162333488464355
19732,17,40,0.174851655960083
19732,17,41,0.16907131671905518
19732,21,22,3.0056614875793457
19732,21,24,3.3818368911743164
19732,21,25,3.350266933441162
19732,21,27,3.3106276988983154
19732,21,34,0.6766338348388672
19732,21,40,0.19788384437561035
19732,21,41,0.16127324104309082
19732,22,24,3.466362476348877
19732,22,25,3.4341776371002197
19732,22,27,3.3605265617370605
19732,22,34,0.3071169853210449
19732,22,40,0.07611823081970215
19732,22,41,-0.021055221557617188
19732,24,25,3.9430246353149414
19732,24,27,3.8862156867980957
19732,24,34,-0.014129877090454102
19732,24,40,-0.04734921455383301
19732,24,41,-0.056864261627197266
19732,25,27,3.835305690765381
19732,25,34,-0.0752861499786377
19732,25,40,-0.007335186004638672
19732,25,41,-0.046965837478637695
19732,27,34,0.2258012294769287
19732,27,40,-0.1146700382232666
19732,27,41,-0.08731794357299805
19732,34,40,-0.10833501815795898
19732,34,41,-0.11500954627990723
19732,40,41,-0.06905508041381836
19774,1,4,-0.019892394542694092
19774,1,9,-0.05315673351287842
19774,1,14,-0.057485342025756836
19774,1,16,-0.052013278007507324
19774,1,19,-0.030954360961914062
19774,1,22,-0.03196859359741211
19774,1,23,-0.11460083723068237
19774,1,24,0.0016884803771972656
19774,1,28,0.03507816791534424
19774,1,30,0.022381067276000977
19774,1,31,-0.0453607439994812
19774,1,32,0.013120293617248535
19774,1,33,0.003068685531616211
19774,1,39,-0.008026719093322754
19774,4,9,-0.32150769233703613
19774,4,14,-0.004769802093505859
19774,4,16,-0.2953057587146759
19774,4,19,-0.09781527519226074
19774,4,22,-0.2784080505371094
19774,4,23,-0.4588252902030945
19774,4,24,-0.010689973831176758
19774,4,28,-0.4800727367401123
19774,4,30,0.03913748264312744
19774,4,31,-0.3904421925544739
19774,4,32,0.24323296546936035
19774,4,33,0.12952733039855957
19774,4,39,0.005644440650939941
19774,9,14,0.016402244567871094
19774,9,16,-0.4263803958892822
19774,9,19,-0.12629055976867676
19774,9,22,-0.18567049503326416
19774,9,23,-0.4072878956794739
19774,9,24,-0.09291362762451172
19774,9,28,-0.3604121208190918
19774,9,30,-0.04873859882354736
19774,9,31,-0.28938525915145874
19774,9,32,0.19012153148651123
19774,9,33,0.08355879783630371
19774,9,39,0.005615115165710449
19774,14,16,0.07024610042572021
19774,14,19,2.2961835861206055
19774,14,22,1.2567230463027954
19774,14,23,0.8608593344688416
19774,14,24,2.3282907009124756
19774,14,28,0.7913247346878052
19774,14,30,0.06972336769104004
19774,14,31,0.1771431565284729
19774,14,32,0.8981343507766724
19774,14,33,0.30956411361694336
19774,14,39,0.028459906578063965
19774,16,19,-0.06962525844573975
19774,16,22,-0.22871196269989014
19774,16,23,-0.5091661810874939
19774,16,24,-0.022290587425231934
19774,16,28,-0.5771243572235107
19774,16,30,-0.04537838697433472
19774,16,31,-0.4158417582511902
19774,16,32,0.2671928405761719
19774,16,33,0.11508393287658691
19774,16,39,0.03479135036468506
19774,19,22,1.4838443994522095
19774,19,23,0.69122713804245
19774,19,24,2.259408950805664
19774,19,28,0.6363002061843872
19774,19,30,0.11870360374450684
19774,19,31,0.08183342218399048
19774,19,32,0.7898290157318115
19774,19,33,0.3252415657043457
19774,19,39,0.022042155265808105
19774,22,23,1.4378668665885925
19774,22,24,2.9807504415512085
19774,22,28,-0.11476397514343262
19774,22,30,-0.8630458116531372
19774,22,31,-0.8466799855232239
19774,22,32,0.6559378504753113
19774,22,33,-0.0774834156036377
19774,22,39,-0.14385104179382324
19774,23,24,1.2455448508262634
19774,23,28,-0.4936620593070984
19774,23,30,-0.4332006573677063
19774,23,31,-0.06580984592437744
19774,23,32,0.8432652354240417
19774,23,33,0.3500705361366272
19774,23,39,0.03620845079421997
19774,24,28,1.1646925210952759
19774,24,30,0.12616777420043945
19774,24,31,0.15919309854507446
19774,24,32,0.7483400106430054
19774,24,33,0.1805720329284668
19774,24,39,0.05096757411956787
19774,28,30,1.1461442708969116
19774,28,31,0.06183105707168579
19774,28,32,0.47817254066467285
19774,28,33,0.3513806462287903
19774,28,39,0.21917426586151123
19774,30,31,0.6071303486824036
19774,30,32,-0.025446057319641113
19774,30,33,0.025237321853637695
19774,30,39,0.02000582218170166
19774,31,32,0.5843732953071594
19774,31,33,0.2712327837944031
19774,31,39,0.14543980360031128
19774,32,33,-0.10833168029785156
19774,32,39,-0.016106367111206055
19774,33,39,0.002184748649597168
19714,11,14,-0.2151271104812622
19714,11,20,-0.10814881324768066
19714,11,22,0.1994696855545044
19714,11,27,-0.07876276969909668
19714,11,36,0.01814711093902588
19714,11,38,-0.09173256158828735
19714,14,20,2.0281087160110474
19714,14,22,1.8140809535980225
19714,14,27,1.574457049369812
19714,14,36,0.09310400485992432
19714,14,38,-0.22415435314178467
19714,20,22,2.4234498739242554
19714,20,27,2.2212469577789307
19714,20,36,0.14176857471466064
19714,20,38,-0.08795714378356934
19714,22,27,2.5606645345687866
19714,22,36,-0.07417428493499756
19714,22,38,0.134194016456604
19714,27,36,-0.041353583335876465
19714,27,38,-0.09625792503356934
19714,36,38,0.08342885971069336
19711,4,5,0.4168884754180908
19711,4,7,-0.023411929607391357
19711,4,10,-0.03399735689163208
19711,4,12,-0.1830565333366394
19711,4,18,-0.17516446113586426
19711,4,19,-0.4028155207633972
19711,4,20,-0.580832451581955
19711,4,21,0.08703255653381348
19711,4,22,-0.09091401100158691
19711,4,25,-0.051371097564697266
19711,4,32,-0.19978192448616028
19711,4,33,0.25098752975463867
19711,4,37,-0.1909240186214447
19711,4,40,-0.136286199092865
19711,5,7,0.04544174671173096
19711,5,10,-0.004872798919677734
19711,5,12,0.02234816551208496
19711,5,18,0.06240689754486084
19711,5,19,0.13350462913513184
19711,5,20,0.4536114037036896
19711,5,21,0.43063604831695557
19711,5,22,0.453535795211792
19711,5,25,0.30106258392333984
19711,5,32,0.08014249801635742
19711,5,33,0.2465968132019043
19711,5,37,0.09841179847717285
19711,5,40,0.05043065547943115
19711,7,10,-0.014712691307067871
19711,7,12,-0.014667630195617676
19711,7,18,-0.05258035659790039
19711,7,19,-0.05051064491271973
19711,7,20,-0.045782238245010376
19711,7,21,-0.05278480052947998
19711,7,22,0.13468825817108154
19711,7,25,-0.03367149829864502
19711,7,32,0.01495063304901123
19711,7,33,0.004709839820861816
19711,7,37,-0.0348665714263916
19711,7,40,-0.02476024627685547
19711,10,12,-0.14438998699188232
19711,10,18,0.025739192962646484
19711,10,19,-0.04696786403656006
19711,10,20,-0.024322301149368286
19711,10,21,0.05678510665893555
19711,10,22,0.18812739849090576
19711,10,25,0.16229534149169922
19711,10,32,0.004132390022277832
19711,10,33,-0.03850197792053223
19711,10,37,-0.0035331249237060547
19711,10,40,0.017937064170837402
19711,12,18,0.022595763206481934
19711,12,19,-0.22987091541290283
19711,12,20,-0.10131564736366272
19711,12,21,-0.17742300033569336
19711,12,22,0.034311771392822266
19711,12,25,-0.08286190032958984
19711,12,32,-0.012378811836242676
19711,12,33,-0.0057985782623291016
19711,12,37,-0.05727970600128174
19711,12,40,-0.05498003959655762
19711,18,19,0.2278449535369873
19711,18,20,0.10525360703468323
19711,18,21,-0.15293776988983154
19711,18,22,-0.3751307725906372
19711,18,25,-0.0655592679977417
19711,18,32,-0.06764960289001465
19711,18,33,0.05099928379058838
19711,18,37,-0.09366369247436523
19711,18,40,-0.0556485652923584
19711,19,20,-0.6263175904750824
19711,19,21,-0.07764315605163574
19711,19,22,0.38268136978149414
19711,19,25,0.05847811698913574
19711,19,32,-0.24780166149139404
19711,19,33,0.11358261108398438
19711,19,37,-0.17732805013656616
19711,19,40,-0.10862445831298828
19711,20,21,0.8955687582492828
19711,20,22,0.3513285219669342
19711,20,25,0.3682486116886139
19711,20,32,-0.14069697260856628
19711,20,33,0.678741842508316
19711,20,37,-0.25075671076774597
19711,20,40,-0.26996609568595886
19711,21,22,2.3672139644622803
19711,21,25,2.4179961681365967
19711,21,32,-0.03141772747039795
19711,21,33,2.6355643272399902
19711,21,37,-0.07287359237670898
19711,21,40,-0.05099797248840332
19711,22,25,2.379833698272705
19711,22,32,0.13368070125579834
19711,22,33,2.3776540756225586
19711,22,37,-0.1487133502960205
19711,22,40,-0.12231898307800293
19711,25,32,-0.2932988405227661
19711,25,33,2.408231735229492
19711,25,37,-0.136918306350708
19711,25,40,0.0188143253326416
19711,32,33,0.03734910488128662
19711,32,37,-0.14917713403701782
19711,32,40,-0.0557398796081543
19711,33,37,0.16347384452819824
19711,33,40,0.12517261505126953
19711,37,40,-0.037084341049194336
19745,2,7,0.05857515335083008
19745,2,14,-0.02637934684753418
19745,2,20,-0.16948354244232178
19745,2,21,0.09598350524902344
19745,2,22,-0.03392601013183594
19745,2,23,-0.12495040893554688
19745,2,24,-0.03263211250305176
19745,2,25,0.006948947906494141
19745,2,31,0.08801555633544922
19745,2,32,0.006139278411865234
19745,2,34,0.0868375301361084
19745,2,38,-0.07953149080276489
19745,2,39,0.0328747034072876
19745,2,41,-0.04513859748840332
19745,7,14,0.7976716756820679
19745,7,20,1.0447179079055786
19745,7,21,-0.21534442901611328
19745,7,22,0.4318528175354004
19745,7,23,1.1670891046524048
19745,7,24,0.9233053922653198
19745,7,25,0.5537033081054688
19745,7,31,-0.23483669757843018
19745,7,32,-0.058234333992004395
19745,7,34,-0.23064661026000977
19745,7,38,0.35580819845199585
19745,7,39,-0.0731649398803711
19745,7,41,0.035477280616760254
19745,14,20,1.0801210403442383
19745,14,21,3.427558183670044
19745,14,22,2.94822096824646
19745,14,23,1.9974071979522705
19745,14,24,2.1444664001464844
19745,14,25,2.7307639122009277
19745,14,31,1.8921360969543457
19745,14,32,-0.004473686218261719
19745,14,34,1.6126241087913513
19745,14,38,0.14099472761154175
19745,14,39,0.10306215286254883
19745,14,41,-0.03773617744445801
19745,20,21,1.6779265403747559
19745,20,22,1.3104784488677979
19745,20,23,0.6694462299346924
19745,20,24,0.6613008975982666
19745,20,25,1.0711596012115479
19745,20,31,1.4630424976348877
19745,20,32,0.2694382667541504
19745,20,34,1.3998827934265137
19745,20,38,-0.5393829941749573
19745,20,39,0.3791165351867676
19745,20,41,-0.07186698913574219
19745,21,22,3.6596627235412598
19745,21,23,2.670530319213867
19745,21,24,2.753297805786133
19745,21,25,3.3766238689422607
19745,21,31,-0.2357792854309082
19745,21,32,-0.08232831954956055
19745,21,34,-0.23203039169311523
19745,21,38,0.5013458132743835
19745,21,39,-0.09713411331176758
19745,21,41,0.03347587585449219
19745,22,23,2.3450729846954346
19745,22,24,2.7218313217163086
19745,22,25,3.063643217086792
19745,22,31,0.23303651809692383
19745,22,32,0.22314715385437012
19745,22,34,0.4873802661895752
19745,22,38,0.29535096883773804
19745,22,39,-0.03056645393371582
19745,22,41,0.03856992721557617
19745,23,24,1.3975143432617188
19745,23,25,1.9589433670043945
19745,23,31,1.9694852828979492
19745,23,32,0.34743738174438477
19745,23,34,1.925124704837799
19745,23,38,-0.19873720407485962
19745,23,39,0.2588951587677002
19745,23,41,-0.049248456954956055
19745,24,25,2.5105624198913574
19745,24,31,1.556811809539795
19745,24,32,-0.05428624153137207
19745,24,34,1.422864317893982
19745,24,38,-0.03650599718093872
19745,24,39,0.31079840660095215
19745,24,41,-0.02550673484802246
19745,25,31,1.7427746057510376
19745,25,32,-0.042910099029541016
19745,25,34,1.316656231880188
19745,25,38,0.23088735342025757
19745,25,39,0.09401726722717285
19745,25,41,-0.02945256233215332
19745,31,32,-0.09024953842163086
19745,31,34,-0.2862098217010498
19745,31,38,0.4509316086769104
19745,31,39,-0.09130465984344482
19745,31,41,0.03398942947387695
19745,32,34,-0.06705689430236816
19745,32,38,0.03515833616256714
19745,32,39,-0.04703950881958008
19745,32,41,0.010350227355957031
19745,34,38,0.44999951124191284
19745,34,39,-0.09957468509674072
19745,34,41,0.03713369369506836
19745,38,39,0.18370145559310913
19745,38,41,-0.04282921552658081
19745,39,41,0.039595723152160645
19794,1,5,0.036646127700805664
19794,1,9,-0.05214226245880127
19794,1,10,0.04335510730743408
19794,1,13,0.040463924407958984
19794,1,19,-0.01444864273071289
19794,1,20,0.11376392841339111
19794,1,24,0.13890814781188965
19794,1,28,0.028250455856323242
19794,1,29,-0.13831424713134766
19794,1,30,0.06192183494567871
19794,1,33,0.08702492713928223
19794,1,35,0.08082890510559082
19794,1,36,0.08819079399108887
19794,1,38,-0.2335626482963562
19794,5,9,0.08371508121490479
19794,5,10,-0.0031098127365112305
19794,5,13,-0.02826404571533203
19794,5,19,0.010258316993713379
19794,5,20,-0.028944730758666992
19794,5,24,-0.04858565330505371
19794,5,28,0.0023860931396484375
19794,5,29,0.1804354190826416
19794,5,30,-0.023397326469421387
19794,5,33,-0.02102065086364746
19794,5,35,-0.020026445388793945
19794,5,36,-0.023976564407348633
19794,5,38,0.1422526240348816
19794,9,10,0.050121426582336426
19794,9,13,-0.0016193389892578125
19794,9,19,0.03879129886627197
19794,9,20,0.09251666069030762
19794,9,24,0.13303923606872559
19794,9,28,0.002884387969970703
19794,9,29,-0.1431030035018921
19794,9,30,0.03785979747772217
19794,9,33,0.03960573673248291
19794,9,35,0.08497369289398193
19794,9,36,0.0802990198135376
19794,9,38,-0.19167178869247437
19794,10,13,-0.024679899215698242
19794,10,19,-0.004631161689758301
19794,10,20,-0.10747015476226807
19794,10,24,-0.1340041160583496
19794,10,28,-0.009983658790588379
19794,10,29,0.4078716039657593
19794,10,30,-0.03587138652801514
19794,10,33,-0.060541510581970215
19794,10,35,-0.030503153800964355
19794,10,36,0.0005422830581665039
19794,10,38,0.29583901166915894
19794,13,19,-0.05606436729431152
19794,13,20,-0.045107245445251465
19794,13,24,-0.04085230827331543
19794,13,28,-0.02377033233642578
19794,13,29,0.026943445205688477
19794,13,30,-0.009781837463378906
19794,13,33,-0.013424158096313477
19794,13,35,-0.031150341033935547
19794,13,36,0.003819704055786133
19794,13,38,0.11885279417037964
19794,19,20,-0.05238962173461914
19794,19,24,-0.03831911087036133
19794,19,28,-0.42249608039855957
19794,19,29,0.7706825733184814
19794,19,30,0.08353710174560547
19794,19,33,0.010832428932189941
19794,19,35,0.010463237762451172
19794,19,36,-0.0027892589569091797
19794,19,38,0.0662379264831543
19794,20,24,-0.20720267295837402
19794,20,28,-0.24142193794250488
19794,20,29,1.8800277709960938
19794,20,30,-0.036330461502075195
19794,20,33,-0.09380197525024414
19794,20,35,0.12316107749938965
19794,20,36,0.17549490928649902
19794,20,38,0.5486137270927429
19794,24,28,-0.036313772201538086
19794,24,29,2.530139446258545
19794,24,30,-0.09472990036010742
19794,24,33,-0.12800860404968262
19794,24,35,2.341329514980316
19794,24,36,1.744299054145813
19794,24,38,0.8578559756278992
19794,28,29,1.6793931722640991
19794,28,30,0.17580163478851318
19794,28,33,0.017351865768432617
19794,28,35,0.014002323150634766
19794,28,36,-0.0014469623565673828
19794,28,38,0.04296255111694336
19794,29,30,0.24402391910552979
19794,29,33,0.5176037549972534
19794,29,35,2.6235861778259277
19794,29,36,2.57218599319458
19794,29,38,0.16519302129745483
19794,30,33,-0.012241601943969727
19794,30,35,-0.1401987075805664
19794,30,36,0.0418705940246582
19794,30,38,0.2550547122955322
19794,33,35,-0.2153029441833496
19794,33,36,-0.02148127555847168
19794,33,38,0.2338576316833496
19794,35,36,3.674064874649048
19794,35,38,0.7952372431755066
19794,36,38,0.7041561007499695
19767,1,4,-0.02971827983856201
19767,1,7,-0.0901341438293457
19767,1,9,-0.034906625747680664
19767,1,10,-0.01918935775756836
19767,1,11,-0.02731919288635254
19767,1,18,-0.13711810111999512
19767,1,20,-0.02928328514099121
19767,1,21,-0.1443181037902832
19767,1,23,-0.10400843620300293
19767,1,24,0.03329658508300781
19767,1,31,0.061247944831848145
19767,1,33,-0.1911887526512146
19767,1,36,-0.002895951271057129
19767,1,39,0.035048723220825195
19767,4,7,-0.08952653408050537
19767,4,9,-0.10453253984451294
19767,4,10,0.010023355484008789
19767,4,11,-0.2847970128059387
19767,4,18,-0.23028159141540527
19767,4,20,-0.02002716064453125
19767,4,21,-0.2941572666168213
19767,4,23,-0.27219390869140625
19767,4,24,0.10194683074951172
19767,4,31,0.20616388320922852
19767,4,33,-0.42194491624832153
19767,4,36,0.007617950439453125
19767,4,39,0.07994639873504639
19767,7,9,-0.04826521873474121
19767,7,10,0.014831781387329102
19767,7,11,0.023186802864074707
19767,7,18,-0.27212095260620117
19767,7,20,0.05330514907836914
19767,7,21,-0.2592892646789551
19767,7,23,-0.12239223718643188
19767,7,24,0.09480619430541992
19767,7,31,0.1889336109161377
19767,7,33,-0.30478090047836304
19767,7,36,0.0089949369430542
19767,7,39,0.0016789436340332031
19767,9,10,0.0275270938873291
19767,9,11,-0.05477166175842285
19767,9,18,-0.19331443309783936
19767,9,20,0.0302351713180542
19767,9,21,-0.227148175239563
19767,9,23,-0.19778650999069214
19767,9,24,-0.011141777038574219
19767,9,31,0.15722715854644775
19767,9,33,-0.2803565263748169
19767,9,36,0.01647651195526123
19767,9,39,0.015267133712768555
19767,10,11,0.07408583164215088
19767,10,18,0.020961523056030273
19767,10,20,0.004492044448852539
19767,10,21,-0.20740973949432373
19767,10,23,-0.004959702491760254
19767,10,24,0.02776932716369629
19767,10,31,0.032588839530944824
19767,10,33,-0.19515830278396606
19767,10,36,-0.0007152557373046875
19767,10,39,0.005708813667297363
19767,11,18,-0.30656540393829346
19767,11,20,0.09262430667877197
19767,11,21,-0.09218084812164307
19767,11,23,-0.4282888174057007
19767,11,24,0.14100182056427002
19767,11,31,0.3129502534866333
19767,11,33,-0.38796550035476685
19767,11,36,0.021779298782348633
19767,11,39,0.020413756370544434
19767,18,20,2.5022640228271484
19767,18,21,1.0626168251037598
19767,18,23,-0.36723899841308594
19767,18,24,0.6415389776229858
19767,18,31,1.4468932151794434
19767,18,33,0.01125413179397583
19767,18,36,0.039717793464660645
19767,18,39,0.04095637798309326
19767,20,21,1.9083478450775146
19767,20,23,0.2877941131591797
19767,20,24,0.12844395637512207
19767,20,31,1.450016975402832
19767,20,33,0.5159521698951721
19767,20,36,0.013477921485900879
19767,20,39,-0.006573200225830078
19767,21,23,1.2754459381103516
19767,21,24,2.1248971223831177
19767,21,31,1.1775643825531006
19767,21,33,0.2415032982826233
19767,21,36,0.24184906482696533
19767,21,39,-0.003583073616027832
19767,23,24,-0.16627991199493408
19767,23,31,0.3702964782714844
19767,23,33,-0.45341962575912476
19767,23,36,0.012294352054595947
19767,23,39,-0.04795259237289429
19767,24,31,0.006562232971191406
19767,24,33,0.7800361514091492
19767,24,36,0.030594229698181152
19767,24,39,-0.02337813377380371
19767,31,33,0.5978214144706726
19767,31,36,-0.04057013988494873
19767,31,39,-0.03155016899108887
19767,33,36,0.12434768676757812
19767,33,39,0.02570265531539917
19767,36,39,-0.013559699058532715
19772,1,5,0.07881617546081543
19772,1,6,-0.015363574028015137
19772,1,10,-0.13066399097442627
19772,1,14,-0.2495734691619873
19772,1,21,-0.05896639823913574
19772,1,24,0.06253433227539062
19772,1,25,-0.017357826232910156
19772,1,26,-0.1357107162475586
19772,1,33,-0.29019784927368164
19772,1,34,0.08730459213256836
19772,1,35,-0.18282639980316162
19772,1,36,0.048595428466796875
19772,1,37,0.0049364566802978516
19772,1,41,0.043868064880371094
19772,5,6,0.10694968700408936
19772,5,10,0.16692590713500977
19772,5,14,0.9249514937400818
19772,5,21,0.4678640365600586
19772,5,24,0.3928263187408447
19772,5,25,0.3103783130645752
19772,5,26,0.6932201385498047
19772,5,33,0.9019949436187744
19772,5,34,-0.21467983722686768
19772,5,35,0.8673833608627319
19772,5,36,-0.11045026779174805
19772,5,37,-0.06084132194519043
19772,5,41,-0.10745739936828613
19772,6,10,0.027233242988586426
19772,6,14,-0.03074061870574951
19772,6,21,-0.04844653606414795
19772,6,24,-0.046752095222473145
19772,6,25,-0.14477217197418213
19772,6,26,-0.23554742336273193
19772,6,33,-0.2563514709472656
19772,6,34,0.10516977310180664
19772,6,35,-0.19366466999053955
19772,6,36,0.05965316295623779
19772,6,37,0.040749311447143555
19772,6,41,0.04532933235168457
19772,10,14,-0.16414523124694824
19772,10,21,-0.0065729618072509766
19772,10,24,0.10151338577270508
19772,10,25,0.029592275619506836
19772,10,26,-0.42504799365997314
19772,10,33,-0.517446756362915
19772,10,34,0.2592031955718994
19772,10,35,-0.4151432514190674
19772,10,36,0.10893964767456055
19772,10,37,0.060153961181640625
19772,10,41,0.12064933776855469
19772,14,21,1.3697775602340698
19772,14,24,1.518438458442688
19772,14,25,1.4102445840835571
19772,14,26,0.018591761589050293
19772,14,33,-0.06695902347564697
19772,14,34,1.7313519716262817
19772,14,35,0.17122209072113037
19772,14,36,0.499605655670166
19772,14,37,0.23121702671051025
19772,14,41,0.5632296204566956
19772,21,24,2.879415273666382
19772,21,25,2.6983895301818848
19772,21,26,1.016193151473999
19772,21,33,1.0366289615631104
19772,21,34,2.093923568725586
19772,21,35,1.3300120830535889
19772,21,36,0.16149687767028809
19772,21,37,0.10037541389465332
19772,21,41,0.2995584011077881
19772,24,25,3.20414662361145
19772,24,26,1.0692265033721924
19772,24,33,1.3306691646575928
19772,24,34,1.6285730004310608
19772,24,35,1.5671744346618652
19772,24,36,0.07003903388977051
19772,24,37,0.06926918029785156
19772,24,41,0.364973783493042
19772,25,26,0.9723708629608154
19772,25,33,1.3755767345428467
19772,25,34,2.0522766411304474
19772,25,35,1.5909016132354736
19772,25,36,0.12484979629516602
19772,25,37,0.16946983337402344
19772,25,41,0.34572768211364746
19772,26,33,-0.25727248191833496
19772,26,34,1.3489930629730225
19772,26,35,0.02057647705078125
19772,26,36,0.6238643527030945
19772,26,37,0.4077223539352417
19772,26,41,0.4933326244354248
19772,33,34,1.3595203161239624
19772,33,35,-0.15917301177978516
19772,33,36,0.6442568302154541
19772,33,37,0.6652126312255859
19772,33,41,0.49823540449142456
19772,34,35,1.6272852420806885
19772,34,36,-0.15751409530639648
19772,34,37,-0.09715032577514648
19772,34,41,-0.1726694107055664
19772,35,36,0.1988227367401123
19772,35,37,-0.37485170364379883
19772,35,41,0.4747461676597595
19772,36,37,-0.06920361518859863
19772,36,41,-0.08454489707946777
19772,37,41,-0.059049367904663086
19725,5,6,-0.07789206504821777
19725,5,11,-0.06482076644897461
19725,5,12,0.2401394248008728
19725,5,17,0.044251322746276855
19725,5,19,1.0320379137992859
19725,5,22,1.1189013123512268
19725,5,25,-0.01720297336578369
19725,5,26,0.46068787574768066
19725,5,27,0.42152267694473267
19725,5,28,-0.24232101440429688
19725,5,35,-0.10655641555786133
19725,5,36,0.2751436233520508
19725,5,37,-0.048006296157836914
19725,5,39,-0.015174627304077148
19725,6,11,-0.04809463024139404
19725,6,12,0.2121240496635437
19725,6,17,0.023943066596984863
19725,6,19,0.3953709602355957
19725,6,22,0.2142045497894287
19725,6,25,-0.07568252086639404
19725,6,26,0.25401246547698975
19725,6,27,0.17046576738357544
19725,6,28,-0.127821683883667
19725,6,35,-0.08547544479370117
19725,6,36,0.03831601142883301
19725,6,37,-0.03561103343963623
19725,6,39,-0.011458039283752441
19725,11,12,-0.058965861797332764
19725,11,17,-0.053244829177856445
19725,11,19,0.24444293975830078
19725,11,22,0.5816563367843628
19725,11,25,0.009167909622192383
19725,11,26,0.24949395656585693
19725,11,27,0.22761648893356323
19725,11,28,-0.11070811748504639
19725,11,35,-0.08163964748382568
19725,11,36,0.01666700839996338
19725,11,37,-0.028865933418273926
19725,11,39,-0.010317683219909668
19725,12,17,0.11695820093154907
19725,12,19,-0.4621966481208801
19725,12,22,-0.07073885202407837
19725,12,25,0.008511126041412354
19725,12,26,-0.5710753798484802
19725,12,27,-0.2872341275215149
19725,12,28,0.3831321597099304
19725,12,35,0.34462541341781616
19725,12,36,0.18251508474349976
19725,12,37,0.09581798315048218
19725,12,39,-0.01673060655593872
19725,17,19,0.28821861743927
19725,17,22,-0.45450007915496826
19725,17,25,0.0866389274597168
19725,17,26,0.29969823360443115
19725,17,27,0.11921161413192749
19725,17,28,0.055126070976257324
19725,17,35,0.06603038311004639
19725,17,36,0.023818612098693848
19725,17,37,0.04546475410461426
19725,17,39,-0.008743762969970703
19725,19,22,1.4320487976074219
19725,19,25,0.36877429485321045
19725,19,26,-0.15021002292633057
19725,19,27,0.16305261850357056
19725,19,28,2.180006742477417
19725,19,35,2.267022132873535
19725,19,36,1.9643375873565674
19725,19,37,0.13482880592346191
19725,19,39,0.03776144981384277
19725,22,25,2.1934958696365356
19725,22,26,0.9875452518463135
19725,22,27,-0.2337900996208191
19725,22,28,1.797400951385498
19725,22,35,2.1199374198913574
19725,22,36,1.8278582096099854
19725,22,37,0.5855810046195984
19725,22,39,0.1442805528640747
19725,25,26,0.394018292427063
19725,25,27,0.1983460783958435
19725,25,28,-0.0008624792098999023
19725,25,35,0.19653713703155518
19725,25,36,0.11167442798614502
19725,25,37,-0.0034265518188476562
19725,25,39,-0.04409778118133545
19725,26,27,-0.3215710520744324
19725,26,28,0.6558879613876343
19725,26,35,0.7073036432266235
19725,26,36,0.5190695524215698
19725,26,37,0.20418912172317505
19725,26,39,0.00675654411315918
19725,27,28,0.6011765599250793
19725,27,35,0.5929482579231262
19725,27,36,0.39945727586746216
19725,27,37,0.1549001932144165
19725,27,39,-0.02393817901611328
19725,28,35,0.5706620216369629
19725,28,36,2.3558479845523834
19725,28,37,-0.07762730121612549
19725,28,39,-0.012177467346191406
19725,35,36,3.694624900817871
19725,35,37,-0.12885034084320068
19725,35,39,-0.020839452743530273
19725,36,37,-0.04371750354766846
19725,36,39,0.004086017608642578
19725,37,39,0.02563023567199707
19704,17,18,0.7178853750228882
19704,17,25,0.17522716522216797
19704,17,34,0.13036346435546875
19704,17,35,0.14562559127807617
19704,17,36,0.08034348487854004
19704,17,40,0.055988192558288574
19704,18,25,0.8941195011138916
19704,18,34,0.771120548248291
19704,18,35,0.8459277153015137
19704,18,36,0.7115433216094971
19704,18,40,0.23175382614135742
19704,25,34,-0.2599904537200928
19704,25,35,1.259218692779541
19704,25,36,1.113942265510559
19704,25,40,-0.09427785873413086
19704,34,35,0.03583359718322754
19704,34,36,1.0626319646835327
19704,34,40,-0.11327052116394043
19704,35,36,3.6512019634246826
19704,35,40,-0.07493340969085693
19704,36,40,0.02637612819671631
19718,8,9,0.23071861267089844
19718,8,10,0.02528965473175049
19718,8,12,-0.019433021545410156
19718,8,15,-0.060240864753723145
19718,8,18,0.22208762168884277
19718,8,19,-0.009871482849121094
19718,8,20,0.06348049640655518
19718,8,24,-0.058135032653808594
19718,8,26,-0.04694688320159912
19718,8,29,0.11928761005401611
19718,8,30,-0.004983782768249512
19718,8,31,-0.06444668769836426
19718,8,35,-0.01127779483795166
19718,8,36,0.01007068157196045
19718,9,10,-0.47961315512657166
19718,9,12,0.057625770568847656
19718,9,15,0.2930253744125366
19718,9,18,-0.41472601890563965
19718,9,19,-0.018906354904174805
19718,9,20,0.14408886432647705
19718,9,24,0.30976903438568115
19718,9,26,0.1968785524368286
19718,9,29,-0.4929870367050171
19718,9,30,-0.07889938354492188
19718,9,31,0.31491661071777344
19718,9,35,0.21809279918670654
19718,9,36,0.1784912347793579
19718,10,12,0.06456422805786133
19718,10,15,0.04661989212036133
19718,10,18,-0.2171107530593872
19718,10,19,0.025863170623779297
19718,10,20,-0.010148763656616211
19718,10,24,0.05996894836425781
19718,10,26,0.043233633041381836
19718,10,29,-0.15901213884353638
19718,10,30,0.018159151077270508
19718,10,31,0.055443406105041504
19718,10,35,0.024933815002441406
19718,10,36,0.0035843849182128906
19718,12,15,-0.10313725471496582
19718,12,18,0.5110163688659668
19718,12,19,0.021349430084228516
19718,12,20,0.05682516098022461
19718,12,24,-0.12849509716033936
19718,12,26,-0.10013055801391602
19718,12,29,0.3176165819168091
19718,12,30,0.02661609649658203
19718,12,31,-0.1302553415298462
19718,12,35,-0.013410329818725586
19718,12,36,0.031707048416137695
19718,15,18,1.9467636346817017
19718,15,19,0.029108047485351562
19718,15,20,0.46947360038757324
19718,15,24,-0.22884607315063477
19718,15,26,-0.15634989738464355
19718,15,29,0.7722269296646118
19718,15,30,0.0438082218170166
19718,15,31,-0.24123609066009521
19718,15,35,0.23687338829040527
19718,15,36,0.3775496482849121
19718,18,19,-0.3000081777572632
19718,18,20,2.4320653676986694
19718,18,24,1.6800901293754578
19718,18,26,0.8418218493461609
19718,18,29,0.004083037376403809
19718,18,30,-0.4322870969772339
19718,18,31,1.7850468158721924
19718,18,35,2.2015970945358276
19718,18,36,2.077410578727722
19718,19,20,-0.08130860328674316
19718,19,24,0.03999781608581543
19718,19,26,0.019626140594482422
19718,19,29,0.028505444526672363
19718,19,30,0.036486148834228516
19718,19,31,0.035275816917419434
19718,19,35,0.02175760269165039
19718,19,36,0.0022118091583251953
19718,20,24,0.9250355958938599
19718,20,26,0.2597815990447998
19718,20,29,1.3096251487731934
19718,20,30,0.284130334854126
19718,20,31,1.9291347861289978
19718,20,35,3.3650944232940674
19718,20,36,3.2264626026153564
19718,24,26,-0.1411687135696411
19718,24,29,1.0971763134002686
19718,24,30,0.039427757263183594
19718,24,31,-0.26712918281555176
19718,24,35,1.5674949884414673
19718,24,36,1.1705483198165894
19718,26,29,0.6884890794754028
19718,26,30,0.05305492877960205
19718,26,31,-0.20151007175445557
19718,26,35,0.14986848831176758
19718,26,36,0.23957514762878418
19718,29,30,0.6260684728622437
19718,29,31,0.875200629234314
19718,29,35,1.000617265701294
19718,29,36,0.9276161193847656
19718,30,31,0.11870348453521729
19718,30,35,-0.013194561004638672
19718,30,36,0.020116567611694336
19718,31,35,0.17048704624176025
19718,31,36,1.1058722734451294
19718,35,36,3.5685083866119385
19729,1,3,-0.08320719003677368
19729,1,12,0.04765725135803223
19729,1,15,0.07658886909484863
19729,1,18,-0.15604153275489807
19729,1,19,-0.11882615089416504
19729,1,21,-0.008302450180053711
19729,1,22,0.0817418098449707
19729,1,24,-0.042973995208740234
19729,1,25,0.0033431053161621094
19729,1,29,-0.0699431300163269
19729,1,33,-0.13004422187805176
19729,1,34,0.07768547534942627
19729,1,35,0.010208368301391602
19729,1,39,0.04344499111175537
19729,3,12,0.4035933017730713
19729,3,15,0.655214786529541
19729,3,18,-0.6164033710956573
19729,3,19,-0.18440485000610352
19729,3,21,0.4282810688018799
19729,3,22,0.6836230754852295
19729,3,24,0.3662235736846924
19729,3,25,0.38454127311706543
19729,3,29,-0.34301531314849854
19729,3,33,0.10652565956115723
19729,3,34,0.6579548120498657
19729,3,35,0.02954202890396118
19729,3,39,0.02325582504272461
19729,12,15,-0.2056407928466797
19729,12,18,0.40309223532676697
19729,12,19,0.8572909832000732
19729,12,21,0.22045207023620605
19729,12,22,-0.14529037475585938
19729,12,24,0.3531641960144043
19729,12,25,0.25619006156921387
19729,12,29,0.1999509334564209
19729,12,33,0.6660479307174683
19729,12,34,-0.20704877376556396
19729,12,35,-0.013726592063903809
19729,12,39,-0.013638973236083984
19729,15,18,0.8565948903560638
19729,15,19,2.142744302749634
19729,15,21,1.1702361106872559
19729,15,22,0.12362885475158691
19729,15,24,1.138427734375
19729,15,25,1.277626872062683
19729,15,29,0.30329394340515137
19729,15,33,2.235297203063965
19729,15,34,-0.31393706798553467
19729,15,35,-0.021171212196350098
19729,15,39,-0.01916515827178955
19729,18,19,-0.02039995789527893
19729,18,21,0.5120490491390228
19729,18,22,0.8339270055294037
19729,18,24,0.4835143983364105
19729,18,25,0.603078693151474
19729,18,29,-0.5981564819812775
19729,18,33,0.26466497778892517
19729,18,34,0.7697982490062714
19729,18,35,-0.042018115520477295
19729,18,39,-0.0068017542362213135
19729,19,21,2.0024092197418213
19729,19,22,2.4492440223693848
19729,19,24,1.922468662261963
19729,19,25,1.917435884475708
19729,19,29,-0.20996785163879395
19729,19,33,1.5831849575042725
19729,19,34,2.0457345247268677
19729,19,35,0.15195322036743164
19729,19,39,0.043099284172058105
19729,21,22,3.5382797718048096
19729,21,24,3.1066150665283203
19729,21,25,3.1322622299194336
19729,21,29,0.26936793327331543
19729,21,33,2.6333954334259033
19729,21,34,1.6218546628952026
19729,21,35,-0.06755411624908447
19729,21,39,0.008700132369995117
19729,22,24,3.443979263305664
19729,22,25,3.4279849529266357
19729,22,29,0.29604125022888184
19729,22,33,3.0220701694488525
19729,22,34,0.04101884365081787
19729,22,35,-0.01962864398956299
19729,22,39,-0.0019426345825195312
19729,24,25,2.937401533126831
19729,24,29,0.3117704391479492
19729,24,33,2.5465126037597656
19729,24,34,1.3324711322784424
19729,24,35,-0.0014990568161010742
19729,24,39,-0.05612969398498535
19729,25,29,0.2011885643005371
19729,25,33,2.575601100921631
19729,25,34,1.1941633224487305
19729,25,35,-0.006077885627746582
19729,25,39,-0.09702157974243164
19729,29,33,0.008958101272583008
19729,29,34,0.3172227144241333
19729,29,35,0.07220184803009033
19729,29,39,-0.043588995933532715
19729,33,34,1.6347087025642395
19729,33,35,-0.07057344913482666
19729,33,39,-0.020365476608276367
19729,34,35,-0.015376091003417969
19729,34,39,-0.014751672744750977
19729,35,39,0.04733586311340332
19663,6,10,-0.21613997220993042
19663,6,14,-0.023561596870422363
19663,6,21,0.052449584007263184
19663,6,35,-0.19508302211761475
19663,6,37,0.053617000579833984
19663,6,38,-0.07671713829040527
19663,10,14,0.12951171398162842
19663,10,21,0.1249232292175293
19663,10,35,-0.4974973201751709
19663,10,37,0.1577165126800537
19663,10,38,-0.24622571468353271
19663,14,21,1.6347168684005737
19663,14,35,-0.2728309631347656
19663,14,37,0.43896543979644775
19663,14,38,-0.45887672901153564
19663,21,35,0.9460505247116089
19663,21,37,-0.052790164947509766
19663,21,38,0.16646301746368408
19663,35,37,-0.16058385372161865
19663,35,38,0.23045754432678223
19663,37,38,0.10804831981658936
19664,2,14,0.0008331537246704102
19664,2,19,0.0023698806762695312
19664,2,23,-0.09668046236038208
19664,2,24,-0.04096066951751709
19664,2,25,-0.049457550048828125
19664,2,26,0.05991041660308838
19664,2,28,-0.24029475450515747
19664,2,29,-0.01120460033416748
19664,2,33,-0.13460171222686768
19664,2,35,-0.05909454822540283
19664,2,37,0.03910088539123535
19664,2,39,0.024039864540100098
19664,2,40,0.05612540245056152
19664,2,41,-0.039028048515319824
19664,14,19,0.04401671886444092
19664,14,23,0.35662221908569336
19664,14,24,0.20789682865142822
19664,14,25,0.11388599872589111
19664,14,26,-0.08985137939453125
19664,14,28,0.14303290843963623
19664,14,29,0.14723777770996094
19664,14,33,0.1870579719543457
19664,14,35,0.3275008201599121
19664,14,37,0.0010031461715698242
19664,14,39,-0.0491718053817749
19664,14,40,-0.0736083984375
19664,14,41,0.008859872817993164
19664,19,23,0.05884832143783569
19664,19,24,0.07204341888427734
19664,19,25,0.1973947286605835
19664,19,26,0.0009577274322509766
19664,19,28,-0.7174608707427979
19664,19,29,0.051814913749694824
19664,19,33,0.046436190605163574
19664,19,35,0.02226245403289795
19664,19,37,-0.00260007381439209
19664,19,39,0.0033320188522338867
19664,19,40,-0.0020841360092163086
19664,19,41,-0.006988525390625
19664,23,24,1.3554152250289917
19664,23,25,0.6493691205978394
19664,23,26,0.6699408292770386
19664,23,28,-0.7759594917297363
19664,23,29,0.9281973838806152
19664,23,33,0.5767474174499512
19664,23,35,0.8020672798156738
19664,23,37,0.04111826419830322
19664,23,39,0.2537696659564972
19664,23,40,0.6470881700515747
19664,23,41,-0.019714951515197754
19664,24,25,2.2048096656799316
19664,24,26,0.801437258720398
19664,24,28,0.008048176765441895
19664,24,29,1.3436275720596313
19664,24,33,1.2385088205337524
19664,24,35,1.4099615812301636
19664,24,37,0.08662688732147217
19664,24,39,0.3278834819793701
19664,24,40,0.6990355551242828
19664,24,41,-0.013581991195678711
19664,25,26,0.8478808999061584
19664,25,28,0.23258435726165771
19664,25,29,1.8690294027328491
19664,25,33,1.694012999534607
19664,25,35,1.9397965669631958
19664,25,37,0.1236342191696167
19664,25,39,0.2527468204498291
19664,25,40,0.777811586856842
19664,25,41,-0.0643841028213501
19664,26,28,-0.11969935894012451
19664,26,29,0.926999568939209
19664,26,33,1.2163273692131042
19664,26,35,0.9747213125228882
19664,26,37,-0.01793539524078369
19664,26,39,-0.08801150321960449
19664,26,40,-0.16885817050933838
19664,26,41,0.011560916900634766
19664,28,29,2.4915366172790527
19664,28,33,0.22823858261108398
19664,28,35,0.40282535552978516
19664,28,37,-0.10011830925941467
19664,28,39,0.205832839012146
19664,28,40,0.4798790216445923
19664,28,41,-0.053995341062545776
19664,29,33,2.1783063411712646
19664,29,35,2.5434939861297607
19664,29,37,-0.1090707778930664
19664,29,39,0.11163330078125
19664,29,40,0.5644640922546387
19664,29,41,-0.025957822799682617
19664,33,35,2.10044002532959
19664,33,37,0.39974069595336914
19664,33,39,0.2534703016281128
19664,33,40,1.0792733430862427
19664,33,41,-0.06054329872131348
19664,35,37,-0.2808809280395508
19664,35,39,0.09527134895324707
19664,35,40,0.6361448764801025
19664,35,41,0.11397767066955566
19664,37,39,0.015200138092041016
19664,37,40,-0.010471820831298828
19664,37,41,0.0012097358703613281
19664,39,40,-0.10823023319244385
19664,39,41,-0.005506753921508789
19664,40,41,0.033799052238464355
19602,7,13,0.1143413782119751
19602,7,16,0.008305668830871582
19602,7,20,-0.024121224880218506
19602,7,21,0.006859183311462402
19602,7,27,0.04162156581878662
19602,7,36,-0.005942583084106445
19602,13,16,0.19842392206192017
19602,13,20,-0.45903709530830383
19602,13,21,0.05139109492301941
19602,13,27,0.3363354802131653
19602,13,36,-0.09375748038291931
19602,16,20,0.2649599611759186
19602,16,21,-0.060275912284851074
19602,16,27,0.06283462047576904
19602,16,36,0.0065310001373291016
19602,20,21,0.9535249769687653
19602,20,27,0.8665648996829987
19602,20,36,-0.08246299624443054
19602,21,27,1.33054518699646
19602,21,36,0.062195420265197754
19602,27,36,-0.027824044227600098
19686,11,21,0.09092187881469727
19686,11,22,0.10749268531799316
19686,11,24,-0.061928510665893555
19686,11,25,0.06969547271728516
19686,11,36,-0.3879680633544922
19686,11,41,0.12119102478027344
19686,21,22,3.3188140392303467
19686,21,24,2.971181631088257
19686,21,25,3.2185044288635254
19686,21,36,1.4430359601974487
19686,21,41,0.08051753044128418
19686,22,24,3.0616555213928223
19686,22,25,3.0680549144744873
19686,22,36,1.3024801015853882
19686,22,41,0.03272080421447754
19686,24,25,2.812943458557129
19686,24,36,1.063317894935608
19686,24,41,0.5437899827957153
19686,25,36,1.2549751996994019
19686,25,41,0.25759291648864746
19686,36,41,0.6474266350269318
19641,1,5,0.014307975769042969
19641,1,11,-0.04459589719772339
19641,1,14,-0.0014019012451171875
19641,1,18,0.013914823532104492
19641,1,21,-0.05998802185058594
19641,1,24,0.08010673522949219
19641,1,25,-0.20484840869903564
19641,1,27,0.004548311233520508
19641,1,28,-0.021162986755371094
19641,1,29,-0.09019142389297485
19641,1,34,0.013267755508422852
19641,1,37,-0.13664567470550537
19641,1,39,0.03726398944854736
19641,1,41,-0.002015352249145508
19641,5,11,0.01702892780303955
19641,5,14,0.019751310348510742
19641,5,18,0.0061920881271362305
19641,5,21,0.020565509796142578
19641,5,24,0.08717179298400879
19641,5,25,0.04025077819824219
19641,5,27,-0.004410266876220703
19641,5,28,0.0015106201171875
19641,5,29,0.07556197047233582
19641,5,34,-0.009574413299560547
19641,5,37,-0.03647041320800781
19641,5,39,0.01350104808807373
19641,5,41,0.0032824277877807617
19641,11,14,0.13601481914520264
19641,11,18,0.07674992084503174
19641,11,21,0.03141176700592041
19641,11,24,0.2084263563156128
19641,11,25,-0.1097877025604248
19641,11,27,0.16410553455352783
19641,11,28,-0.13225513696670532
19641,11,29,-0.4211737811565399
19641,11,34,0.09583306312561035
19641,11,37,-0.3489077687263489
19641,11,39,-0.07956814765930176
19641,11,41,0.07076108455657959
19641,14,18,-0.06408822536468506
19641,14,21,0.2403407096862793
19641,14,24,0.09354710578918457
19641,14,25,0.1183326244354248
19641,14,27,0.08662843704223633
19641,14,28,0.09932601451873779
19641,14,29,0.20673778653144836
19641,14,34,-0.03166317939758301
19641,14,37,0.1253311038017273
19641,14,39,0.008710980415344238
19641,14,41,-0.019747376441955566
19641,18,21,0.6834243535995483
19641,18,24,0.3415323495864868
19641,18,25,0.3087276220321655
19641,18,27,0.31941425800323486
19641,18,28,0.2067495584487915
19641,18,29,0.1883617341518402
19641,18,34,-0.048064351081848145
19641,18,37,0.19469457864761353
19641,18,39,0.03229236602783203
19641,18,41,-0.03275001049041748
19641,21,24,2.7703566551208496
19641,21,25,1.8454290628433228
19641,21,27,2.6058337688446045
19641,21,28,0.14370429515838623
19641,21,29,0.13819578289985657
19641,21,34,0.08499622344970703
19641,21,37,0.0016240477561950684
19641,21,39,-0.03775060176849365
19641,21,41,0.0675201416015625
19641,24,25,3.6591449975967407
19641,24,27,3.0394396781921387
19641,24,28,0.2121063470840454
19641,24,29,0.6217856705188751
19641,24,34,-0.019945859909057617
19641,24,37,0.17943233251571655
19641,24,39,-0.023152709007263184
19641,24,41,0.027904272079467773
19641,25,27,1.958372950553894
19641,25,28,-0.00920867919921875
19641,25,29,0.0957435667514801
19641,25,34,-0.0559229850769043
19641,25,37,-0.18166321516036987
19641,25,39,-0.27364087104797363
19641,25,41,0.24031949043273926
19641,27,28,0.19128739833831787
19641,27,29,0.698231965303421
19641,27,34,0.2521183490753174
19641,27,37,0.26376718282699585
19641,27,39,0.03970515727996826
19641,27,41,-0.04010605812072754
19641,28,29,1.0142077505588531
19641,28,34,0.13824379444122314
19641,28,37,-0.6242066025733948
19641,28,39,-0.09337484836578369
19641,28,41,0.12046754360198975
19641,29,34,0.3479357063770294
19641,29,37,-0.5020284950733185
19641,29,39,-0.2142128050327301
19641,29,41,0.1258523166179657
19641,34,37,0.11638730764389038
19641,34,39,0.019411087036132812
19641,34,41,0.0034322738647460938
19641,37,39,0.014048278331756592
19641,37,41,0.05590027570724487
19641,39,41,-0.0064351558685302734
19650,2,9,0.01367330551147461
19650,2,12,-0.03629946708679199
19650,2,14,-0.047283172607421875
19650,2,15,0.022655606269836426
19650,2,18,-0.1048421859741211
19650,2,19,-0.034687817096710205
19650,2,20,0.0043985843658447266
19650,2,23,-0.0469280481338501
19650,2,24,0.033576369285583496
19650,2,27,-0.13336098194122314
19650,2,29,-0.07782995700836182
19650,2,33,0.005532622337341309
19650,2,36,0.009327411651611328
19650,2,37,0.012952685356140137
19650,9,12,-0.09740889072418213
19650,9,14,0.05267143249511719
19650,9,15,-0.06219077110290527
19650,9,18,0.20187914371490479
19650,9,19,0.16701281070709229
19650,9,20,-0.011664628982543945
19650,9,23,0.06430655717849731
19650,9,24,-0.07789862155914307
19650,9,27,0.09893643856048584
19650,9,29,0.1963750123977661
19650,9,33,0.03148317337036133
19650,9,36,-0.015914201736450195
19650,9,37,0.08046603202819824
19650,12,14,-0.08280199766159058
19650,12,15,0.18834459781646729
19650,12,18,-0.4728034734725952
19650,12,19,-0.13688340783119202
19650,12,20,0.1177142858505249
19650,12,23,-0.295257031917572
19650,12,24,0.21733665466308594
19650,12,27,-0.16869616508483887
19650,12,29,-0.40184473991394043
19650,12,33,-0.12290686368942261
19650,12,36,-0.0044471025466918945
19650,12,37,-0.09515774250030518
19650,14,15,0.16736304759979248
19650,14,18,-0.3632662296295166
19650,14,19,-0.03073263168334961
19650,14,20,0.1642608642578125
19650,14,23,-0.17332696914672852
19650,14,24,0.17887461185455322
19650,14,27,-0.18720710277557373
19650,14,29,-0.29848146438598633
19650,14,33,-0.10832911729812622
19650,14,36,0.016318559646606445
19650,14,37,-0.09449326992034912
19650,15,18,1.3090626001358032
19650,15,19,0.3942103385925293
19650,15,20,0.10268831253051758
19650,15,23,0.22235798835754395
19650,15,24,-0.198175311088562
19650,15,27,0.6873797178268433
19650,15,29,0.6073263585567474
19650,15,33,0.12777352333068848
19650,15,36,-0.020563125610351562
19650,15,37,0.12709081172943115
19650,18,19,-0.4333881139755249
19650,18,20,2.3429572582244873
19650,18,23,-0.21859824657440186
19650,18,24,2.074132800102234
19650,18,27,0.9269336462020874
19650,18,29,0.3300117254257202
19650,18,33,-0.24015426635742188
19650,18,36,0.06676971912384033
19650,18,37,-0.2523195743560791
19650,19,20,0.4471780061721802
19650,19,23,-0.4478100538253784
19650,19,24,0.6268310546875
19650,19,27,0.21744370460510254
19650,19,29,-0.41295671463012695
19650,19,33,-0.2556096911430359
19650,19,36,0.01483064889907837
19650,19,37,-0.27130788564682007
19650,20,23,0.4457463026046753
19650,20,24,1.1029284000396729
19650,20,27,2.3541895151138306
19650,20,29,1.745416522026062
19650,20,33,0.16257500648498535
19650,20,36,-0.011415481567382812
19650,20,37,0.13184571266174316
19650,23,24,0.6185343265533447
19650,23,27,0.05251026153564453
19650,23,29,0.25861620903015137
19650,23,33,-0.3025432825088501
19650,23,36,0.07575559616088867
19650,23,37,-0.18672671914100647
19650,24,27,2.303497076034546
19650,24,29,1.6867685317993164
19650,24,33,0.22271215915679932
19650,24,36,-0.03890669345855713
19650,24,37,0.24607670307159424
19650,27,29,0.6001236438751221
19650,27,33,-0.2156001329421997
19650,27,36,0.19451236724853516
19650,27,37,-0.2813960313796997
19650,29,33,-0.0027446746826171875
19650,29,36,0.06220424175262451
19650,29,37,-0.35445117950439453
19650,33,36,0.10217249393463135
19650,33,37,-0.20646584033966064
19650,36,37,-0.061423659324645996
19671,1,14,0.060028791427612305
19671,1,15,0.22326385974884033
19671,1,16,-0.19818925857543945
19671,1,17,-0.016541361808776855
19671,1,21,0.1415804624557495
19671,1,22,0.14053189754486084
19671,1,23,-0.25132834911346436
19671,1,24,0.06161987781524658
19671,1,27,0.2364109754562378
19671,1,32,-0.14131295680999756
19671,1,34,0.20541799068450928
19671,1,36,-0.0361933708190918
19671,1,39,0.14578211307525635
19671,1,40,0.10366237163543701
19671,14,15,-0.0804983377456665
19671,14,16,0.06991147994995117
19671,14,17,0.04701542854309082
19671,14,21,-0.014595627784729004
19671,14,22,0.11112797260284424
19671,14,23,0.06036186218261719
19671,14,24,-0.08054745197296143
19671,14,27,-0.07210314273834229
19671,14,32,0.0026024580001831055
19671,14,34,-0.07352960109710693
19671,14,36,0.011335372924804688
19671,14,39,-0.0479811429977417
19671,14,40,-0.016986966133117676
19671,15,16,0.1684321165084839
19671,15,17,0.03330361843109131
19671,15,21,0.42463386058807373
19671,15,22,0.9977612495422363
19671,15,23,1.7044395208358765
19671,15,24,1.351921796798706
19671,15,27,-0.07730281352996826
19671,15,32,0.1631714105606079
19671,15,34,-0.2864736318588257
19671,15,36,0.03503763675689697
19671,15,39,-0.197440505027771
19671,15,40,-0.08693850040435791
19671,16,17,-0.06619226932525635
19671,16,21,0.08214688301086426
19671,16,22,0.14470791816711426
19671,16,23,-0.24488234519958496
19671,16,24,0.11052298545837402
19671,16,27,0.19543933868408203
19671,16,32,-0.03657388687133789
19671,16,34,0.16703557968139648
19671,16,36,-0.0009410381317138672
19671,16,39,0.12371134757995605
19671,16,40,0.039160966873168945
19671,17,21,0.0566636323928833
19671,17,22,-0.0030635595321655273
19671,17,23,0.040999531745910645
19671,17,24,0.06530272960662842
19671,17,27,0.015107274055480957
19671,17,32,-0.05920815467834473
19671,17,34,-0.007920622825622559
19671,17,36,-0.03514599800109863
19671,17,39,-0.008597731590270996
19671,17,40,0.01742255687713623
19671,21,22,3.4952467679977417
19671,21,23,2.2005146741867065
19671,21,24,3.3037668466567993
19671,21,27,3.7912617921829224
19671,21,32,0.09651684761047363
19671,21,34,0.3694096803665161
19671,21,36,0.05393707752227783
19671,21,39,0.04454696178436279
19671,21,40,-0.04419076442718506
19671,22,23,2.212262511253357
19671,22,24,3.269433617591858
19671,22,27,3.675026774406433
19671,22,32,-0.010113239288330078
19671,22,34,0.6355568170547485
19671,22,36,0.032546401023864746
19671,22,39,0.07043564319610596
19671,22,40,0.015729308128356934
19671,23,24,1.977117896080017
19671,23,27,2.3385249376296997
19671,23,32,-0.25353503227233887
19671,23,34,1.5178599953651428
19671,23,36,-0.03208494186401367
19671,23,39,0.7709932923316956
19671,23,40,0.20855426788330078
19671,24,27,3.396063208580017
19671,24,32,0.01314854621887207
19671,24,34,0.5187951326370239
19671,24,36,-0.002718329429626465
19671,24,39,0.32254040241241455
19671,24,40,0.18724119663238525
19671,27,32,0.22574710845947266
19671,27,34,-0.015530228614807129
19671,27,36,0.033511996269226074
19671,27,39,-0.15109622478485107
19671,27,40,-0.09210669994354248
19671,32,34,0.18262851238250732
19671,32,36,0.024871110916137695
19671,32,39,0.10895240306854248
19671,32,40,-0.005498051643371582
19671,34,36,0.03008425235748291
19671,34,39,-0.19143211841583252
19671,34,40,-0.08692061901092529
19671,36,39,-0.004194140434265137
19671,36,40,-6.663799285888672e-05
19671,39,40,-0.06180441379547119
19682,6,9,-0.0937967300415039
19682,6,12,0.23481065034866333
19682,6,13,0.2549378275871277
19682,6,16,0.23291265964508057
19682,6,17,-0.09184145927429199
19682,6,20,0.4909183382987976
19682,6,21,0.09966802597045898
19682,6,22,0.021355628967285156
19682,6,24,-0.029885053634643555
19682,6,25,-0.09957361221313477
19682,6,27,0.1305394172668457
19682,6,37,-0.09788990020751953
19682,6,38,0.12237131595611572
19682,6,39,0.018121838569641113
19682,9,12,0.09634214639663696
19682,9,13,0.3135088086128235
19682,9,16,0.30885326862335205
19682,9,17,-0.12291884422302246
19682,9,20,0.6181548237800598
19682,9,21,0.1468510627746582
19682,9,22,0.133528470993042
19682,9,24,-0.041306257247924805
19682,9,25,0.013731718063354492
19682,9,27,0.14016413688659668
19682,9,37,-0.12720513343811035
19682,9,38,0.22913813591003418
19682,9,39,0.022159337997436523
19682,12,13,-0.8212080001831055
19682,12,16,-0.4236251711845398
19682,12,17,0.41080278158187866
19682,12,20,-0.3621811270713806
19682,12,21,0.11197954416275024
19682,12,22,0.2744629979133606
19682,12,24,0.37043243646621704
19682,12,25,0.40770775079727173
19682,12,27,-0.26126986742019653
19682,12,37,0.3634093403816223
19682,12,38,-0.38426291942596436
19682,12,39,-0.08566892147064209
19682,13,16,-0.3205344080924988
19682,13,17,0.3660784363746643
19682,13,20,-0.3501128554344177
19682,13,21,0.2958689332008362
19682,13,22,0.37972599267959595
19682,13,24,0.5075188279151917
19682,13,25,0.5017998814582825
19682,13,27,-0.3609800934791565
19682,13,37,0.40504056215286255
19682,13,38,-0.4273124933242798
19682,13,39,0.08046263456344604
19682,16,17,0.3533245325088501
19682,16,20,-0.19020402431488037
19682,16,21,0.3089495897293091
19682,16,22,0.4110201597213745
19682,16,24,0.47857677936553955
19682,16,25,0.5239938497543335
19682,16,27,-0.5202029943466187
19682,16,37,0.43963849544525146
19682,16,38,-0.4389309883117676
19682,16,39,0.00022345781326293945
19682,17,20,0.804800271987915
19682,17,21,0.5002856254577637
19682,17,22,0.5002079010009766
19682,17,24,0.17370247840881348
19682,17,25,0.25007033348083496
19682,17,27,0.25331902503967285
19682,17,37,-0.17409193515777588
19682,17,38,0.3071095943450928
19682,17,39,0.023919343948364258
19682,20,21,1.6420021057128906
19682,20,22,1.586082935333252
19682,20,24,1.7492856979370117
19682,20,25,1.8266966342926025
19682,20,27,0.3993872404098511
19682,20,37,1.0503417253494263
19682,20,38,-0.3855738639831543
19682,20,39,-0.062185049057006836
19682,21,22,2.9999656677246094
19682,21,24,3.153752088546753
19682,21,25,3.2216334342956543
19682,21,27,-0.08846378326416016
19682,21,37,0.37869858741760254
19682,21,38,0.20340681076049805
19682,21,39,-0.008037090301513672
19682,22,24,3.340538501739502
19682,22,25,3.4111740589141846
19682,22,27,0.18387484550476074
19682,22,37,0.21967339515686035
19682,22,38,0.24783062934875488
19682,22,39,-0.0158541202545166
19682,24,25,3.6273789405822754
19682,24,27,0.3031959533691406
19682,24,37,0.1270756721496582
19682,24,38,0.3486146926879883
19682,24,39,-0.0054891109466552734
19682,25,27,0.32135891914367676
19682,25,37,0.03221607208251953
19682,25,38,0.37367987632751465
19682,25,39,-0.009582757949829102
19682,27,37,0.22440528869628906
19682,27,38,-0.2901497483253479
19682,27,39,-0.0822674036026001
19682,37,38,0.31947243213653564
19682,37,39,0.03197312355041504
19682,38,39,-0.0365176796913147
19681,4,5,0.11040425300598145
19681,4,13,0.029107332229614258
19681,4,14,-0.26779353618621826
19681,4,17,0.07452893257141113
19681,4,18,-0.03662383556365967
19681,4,20,-0.0008016824722290039
19681,4,21,-0.2646780014038086
19681,4,27,0.04734385013580322
19681,4,28,0.12029469013214111
19681,4,32,-0.3095847964286804
19681,4,36,-0.08179241418838501
19681,4,37,0.024909496307373047
19681,4,38,0.03516590595245361
19681,4,41,0.08575105667114258
19681,5,13,-0.047533631324768066
19681,5,14,0.5785363912582397
19681,5,17,-0.12495732307434082
19681,5,18,0.017426133155822754
19681,5,20,0.22418749332427979
19681,5,21,0.7442876100540161
19681,5,27,0.26232731342315674
19681,5,28,-0.1845310926437378
19681,5,32,0.42144179344177246
19681,5,36,0.1886826753616333
19681,5,37,-0.026442766189575195
19681,5,38,-0.047776222229003906
19681,5,41,-0.1325303316116333
19681,13,14,-0.16977941989898682
19681,13,17,-0.0843881368637085
19681,13,18,-0.20191311836242676
19681,13,20,0.15123748779296875
19681,13,21,0.6791929006576538
19681,13,27,0.18341493606567383
19681,13,28,-0.06627535820007324
19681,13,32,0.15524893999099731
19681,13,36,0.10242092609405518
19681,13,37,-0.022308945655822754
19681,13,38,-0.007425069808959961
19681,13,41,-0.053330421447753906
19681,14,17,0.2846505641937256
19681,14,18,-0.8540239334106445
19681,14,20,1.4573954343795776
19681,14,21,0.37701117992401123
19681,14,27,0.659554123878479
19681,14,28,0.961665153503418
19681,14,32,-0.5908317565917969
19681,14,36,-0.4819176197052002
19681,14,37,0.07619991898536682
19681,14,38,0.14056000113487244
19681,14,41,0.5566376447677612
19681,17,18,0.0926198959350586
19681,17,20,0.6184698343276978
19681,17,21,0.8986883461475372
19681,17,27,0.5556613206863403
19681,17,28,-0.1974109411239624
19681,17,32,0.458107590675354
19681,17,36,0.18966519832611084
19681,17,37,-0.037129759788513184
19681,17,38,-0.03356051445007324
19681,17,41,-0.13891589641571045
19681,18,20,0.3467559814453125
19681,18,21,0.22241592407226562
19681,18,27,0.14577555656433105
19681,18,28,0.026534318923950195
19681,18,32,0.04419231414794922
19681,18,36,0.0461956262588501
19681,18,37,0.0027049779891967773
19681,18,38,-0.031462907791137695
19681,18,41,0.023829102516174316
19681,20,21,2.0037529468536377
19681,20,27,2.9337024688720703
19681,20,28,0.4544811248779297
19681,20,32,0.4686468839645386
19681,20,36,0.11572563648223877
19681,20,37,-0.002528548240661621
19681,20,38,0.07710111141204834
19681,20,41,0.3812596797943115
19681,21,27,1.603276252746582
19681,21,28,1.7080941200256348
19681,21,32,-0.38928496837615967
19681,21,36,-0.1941002607345581
19681,21,37,-0.14601099491119385
19681,21,38,0.25348567962646484
19681,21,41,0.7284711599349976
19681,27,28,0.691879153251648
19681,27,32,0.8116804361343384
19681,27,36,0.10371959209442139
19681,27,37,0.0555342435836792
19681,27,38,-0.05204498767852783
19681,27,41,0.2698237895965576
19681,28,32,0.6534887552261353
19681,28,36,0.3227243423461914
19681,28,37,-0.04687535762786865
19681,28,38,-0.0537412166595459
19681,28,41,-0.20134341716766357
19681,32,36,-0.13179618120193481
19681,32,37,0.24967092275619507
19681,32,38,-0.04174697399139404
19681,32,41,0.45641446113586426
19681,36,37,0.11282551288604736
19681,36,38,0.09283638000488281
19681,36,41,0.21299850940704346
19681,37,38,-0.007598757743835449
19681,37,41,-0.038012027740478516
19681,38,41,-0.04081714153289795
19614,3,8,0.1435251235961914
19614,3,13,-0.30142879486083984
19614,3,16,-0.16883891820907593
19614,3,20,-0.31404078006744385
19614,3,21,-0.21342721581459045
19614,3,25,-0.14289900660514832
19614,3,26,-0.23204249143600464
19614,3,27,-0.3085147738456726
19614,3,33,-0.49283498525619507
19614,3,34,0.2741771936416626
19614,3,35,-0.3951343297958374
19614,3,36,-0.13175278902053833
19614,3,40,0.001493692398071289
19614,3,41,-0.011287569999694824
19614,8,13,0.24937355518341064
19614,8,16,0.0939246416091919
19614,8,20,0.5376126766204834
19614,8,21,0.14631646871566772
19614,8,25,0.2533237636089325
19614,8,26,0.16934722661972046
19614,8,27,0.3661218285560608
19614,8,33,0.5748684406280518
19614,8,34,-0.164023756980896
19614,8,35,0.6280393600463867
19614,8,36,0.1501002311706543
19614,8,40,0.03151535987854004
19614,8,41,0.011590838432312012
19614,13,16,-0.05691802501678467
19614,13,20,-0.3748478889465332
19614,13,21,0.048154473304748535
19614,13,25,-0.4046395719051361
19614,13,26,-0.257598340511322
19614,13,27,-0.5391361117362976
19614,13,33,-0.6021727919578552
19614,13,34,0.5142340660095215
19614,13,35,-0.36995458602905273
19614,13,36,-0.221388578414917
19614,13,40,-0.08313232660293579
19614,13,41,-0.003230571746826172
19614,16,20,-0.0523679256439209
19614,16,21,-0.38947051763534546
19614,16,25,-0.34151437878608704
19614,16,26,-0.0987970232963562
19614,16,27,-0.46705955266952515
19614,16,33,-0.3874590992927551
19614,16,34,0.2185307741165161
19614,16,35,-0.34920501708984375
19614,16,36,-0.12193018198013306
19614,16,40,-0.04616594314575195
19614,16,41,-0.031006932258605957
19614,20,21,1.0532918572425842
19614,20,25,0.49263766407966614
19614,20,26,-0.3910885453224182
19614,20,27,0.2520906329154968
19614,20,33,-0.05117708444595337
19614,20,34,1.6945503950119019
19614,20,35,0.519014835357666
19614,20,36,-0.251619815826416
19614,20,40,-0.17151057720184326
19614,20,41,-0.05683779716491699
19614,21,25,1.1366686522960663
19614,21,26,-0.2809595465660095
19614,21,27,-1.4904104471206665
19614,21,33,-0.0015205144882202148
19614,21,34,0.4342312216758728
19614,21,35,0.148281991481781
19614,21,36,-0.05703681707382202
19614,21,40,-0.18850189447402954
19614,21,41,-0.05262398719787598
19614,25,26,-1.0031777918338776
19614,25,27,0.09189686179161072
19614,25,33,0.8144414126873016
19614,25,34,0.7074234783649445
19614,25,35,0.6790083944797516
19614,25,36,-0.4157935082912445
19614,25,40,0.05979374051094055
19614,25,41,0.045689016580581665
19614,26,27,0.3801634609699249
19614,26,33,-0.34670794010162354
19614,26,34,0.3813510537147522
19614,26,35,-0.20084887742996216
19614,26,36,-0.31751346588134766
19614,26,40,0.02314126491546631
19614,26,41,-0.04166358709335327
19614,27,33,-0.3125194311141968
19614,27,34,0.872288167476654
19614,27,35,-0.024957716464996338
19614,27,36,-0.2585437297821045
19614,27,40,-0.03229740262031555
19614,27,41,-0.06150057911872864
19614,33,34,1.159954011440277
19614,33,35,-0.10707193613052368
19614,33,36,-0.3300170302391052
19614,33,40,0.256777822971344
19614,33,41,-0.06092500686645508
19614,34,35,1.6409895420074463
19614,34,36,0.2682563066482544
19614,34,40,0.04076504707336426
19614,34,41,0.009151577949523926
19614,35,36,-0.16608905792236328
19614,35,40,-0.19921863079071045
19614,35,41,0.21681809425354004
19614,36,40,-0.05433577299118042
19614,36,41,-0.04652583599090576
19614,40,41,0.018555283546447754
19692,1,3,-0.07941699028015137
19692,1,5,0.032825469970703125
19692,1,7,-0.03750753402709961
19692,1,13,-0.043272972106933594
19692,1,14,0.0025109052658081055
19692,1,16,0.005772829055786133
19692,1,20,-0.11832296848297119
19692,1,21,-0.011364221572875977
19692,1,26,-0.020926356315612793
19692,1,27,0.07134318351745605
19692,1,29,-0.10897576808929443
19692,1,32,-0.042415618896484375
19692,1,39,0.00542449951171875
19692,1,40,0.004288911819458008
19692,3,5,0.14428019523620605
19692,3,7,0.02240169048309326
19692,3,13,-0.25015369057655334
19692,3,14,-0.013633966445922852
19692,3,16,0.0435483455657959
19692,3,20,-0.2711132764816284
19692,3,21,0.05837702751159668
19692,3,26,-0.043031394481658936
19692,3,27,-0.01989579200744629
19692,3,29,-0.23539108037948608
19692,3,32,-0.22995030879974365
19692,3,39,0.0665137767791748
19692,3,40,0.05562722682952881
19692,5,7,0.04212641716003418
19692,5,13,0.13258200883865356
19692,5,14,-0.011441588401794434
19692,5,16,-0.014902472496032715
19692,5,20,0.470483660697937
19692,5,21,-0.0027838945388793945
19692,5,26,0.04434514045715332
19692,5,27,0.04434049129486084
19692,5,29,0.19503557682037354
19692,5,32,0.1496027112007141
19692,5,39,-0.043301939964294434
19692,5,40,-0.033699631690979004
19692,7,13,0.06417638063430786
19692,7,14,-0.002588629722595215
19692,7,16,0.01638615131378174
19692,7,20,0.0597190260887146
19692,7,21,0.0039517879486083984
19692,7,26,-0.017384767532348633
19692,7,27,0.02709019184112549
19692,7,29,-0.10898536443710327
19692,7,32,-0.03919166326522827
19692,7,39,0.011889815330505371
19692,7,40,-0.008557915687561035
19692,13,14,-0.18007129430770874
19692,13,16,0.20917123556137085
19692,13,20,-0.5202484726905823
19692,13,21,0.0933220386505127
19692,13,26,-0.06831449270248413
19692,13,27,0.12890416383743286
19692,13,29,-0.47362709045410156
19692,13,32,-0.5166520476341248
19692,13,39,0.20515519380569458
19692,13,40,0.2249118685722351
19692,14,16,-0.02216517925262451
19692,14,20,0.5268654227256775
19692,14,21,0.09447205066680908
19692,14,26,0.008880972862243652
19692,14,27,0.1253446340560913
19692,14,29,0.17251837253570557
19692,14,32,0.08430343866348267
19692,14,39,-0.04140889644622803
19692,14,40,-0.041300177574157715
19692,16,20,0.40263620018959045
19692,16,21,-0.04171454906463623
19692,16,26,0.08648455142974854
19692,16,27,0.12116968631744385
19692,16,29,0.16096776723861694
19692,16,32,0.10812783241271973
19692,16,39,-0.06763327121734619
19692,16,40,-0.04486405849456787
19692,20,21,1.1912691593170166
19692,20,26,-0.907755970954895
19692,20,27,0.9284384250640869
19692,20,29,1.4909619688987732
19692,20,32,-0.6641371250152588
19692,20,39,0.5771269798278809
19692,20,40,0.5188949108123779
19692,21,26,0.01086735725402832
19692,21,27,1.2846814393997192
19692,21,29,0.002359151840209961
19692,21,32,-0.1282247006893158
19692,21,39,-0.007071375846862793
19692,21,40,-0.009126067161560059
19692,26,27,0.23554253578186035
19692,26,29,-0.09553050994873047
19692,26,32,-0.2514546513557434
19692,26,39,0.06432712078094482
19692,26,40,0.09611237049102783
19692,27,29,0.6930721402168274
19692,27,32,0.7384222745895386
19692,27,39,0.09408318996429443
19692,27,40,-0.025645852088928223
19692,29,32,-0.5479306578636169
19692,29,39,0.4634072184562683
19692,29,40,0.4509466290473938
19692,32,39,0.32264935970306396
19692,32,40,0.28407084941864014
19692,39,40,-0.06292831897735596
19654,4,6,0.06071901321411133
19654,4,8,0.08936214447021484
19654,4,12,-0.28547096252441406
19654,4,13,-0.15040934085845947
19654,4,16,-0.17899078130722046
19654,4,22,-0.16980648040771484
19654,4,24,-0.035900115966796875
19654,4,25,-0.09841012954711914
19654,4,29,-0.32007843255996704
19654,4,32,-0.16719293594360352
19654,4,33,0.16005122661590576
19654,4,35,0.049257755279541016
19654,4,38,-0.08532357215881348
19654,4,41,0.07897591590881348
19654,6,8,-0.019436120986938477
19654,6,12,0.23450428247451782
19654,6,13,0.13135570287704468
19654,6,16,0.1867350935935974
19654,6,22,0.5036840438842773
19654,6,24,0.21891939640045166
19654,6,25,0.20410311222076416
19654,6,29,0.25952374935150146
19654,6,32,0.16788411140441895
19654,6,33,-0.16038262844085693
19654,6,35,0.048319101333618164
19654,6,38,0.1209416389465332
19654,6,41,-0.08223152160644531
19654,8,12,0.18484240770339966
19654,8,13,0.10781997442245483
19654,8,16,0.05049163103103638
19654,8,22,0.08760941028594971
19654,8,24,0.1336383819580078
19654,8,25,0.20680463314056396
19654,8,29,0.12711507081985474
19654,8,32,0.11415982246398926
19654,8,33,-0.08680284023284912
19654,8,35,-0.03568887710571289
19654,8,38,0.07675611972808838
19654,8,41,-0.03815662860870361
19654,12,13,-0.9603047370910645
19654,12,16,-0.24478358030319214
19654,12,22,-0.18115228414535522
19654,12,24,-0.06643003225326538
19654,12,25,-0.2715606093406677
19654,12,29,-0.40785568952560425
19654,12,32,-0.19940900802612305
19654,12,33,0.34358423948287964
19654,12,35,0.2081654667854309
19654,12,38,-0.18292385339736938
19654,12,41,0.16663485765457153
19654,13,16,-0.36708563566207886
19654,13,22,-0.19477540254592896
19654,13,24,0.10395902395248413
19654,13,25,-0.07742434740066528
19654,13,29,-0.46338075399398804
19654,13,32,-0.3733585476875305
19654,13,33,0.3804042935371399
19654,13,35,0.2636687159538269
19654,13,38,-0.2818933427333832
19654,13,41,0.14062994718551636
19654,16,22,-0.10200005769729614
19654,16,24,-0.13226372003555298
19654,16,25,-0.051261961460113525
19654,16,29,-0.4183492064476013
19654,16,32,-0.3315114378929138
19654,16,33,0.40725797414779663
19654,16,35,0.27404969930648804
19654,16,38,-0.20768404006958008
19654,16,41,0.1777551770210266
19654,22,24,2.6375235319137573
19654,22,25,2.299685835838318
19654,22,29,0.3279886245727539
19654,22,32,0.014954566955566406
19654,22,33,1.365824580192566
19654,22,35,2.068126916885376
19654,22,38,-0.10155820846557617
19654,22,41,0.12579607963562012
19654,24,25,2.280289888381958
19654,24,29,0.35962414741516113
19654,24,32,-0.2757999897003174
19654,24,33,2.0592345595359802
19654,24,35,2.545797824859619
19654,24,38,0.015744447708129883
19654,24,41,0.622138261795044
19654,25,29,0.11473321914672852
19654,25,32,-0.439971923828125
19654,25,33,1.5859476923942566
19654,25,35,2.1430163383483887
19654,25,38,-0.028609514236450195
19654,25,41,0.545196533203125
19654,29,32,-0.6723979711532593
19654,29,33,0.5752637386322021
19654,29,35,0.42577123641967773
19654,29,38,-0.41170382499694824
19654,29,41,0.24169588088989258
19654,32,33,0.27355682849884033
19654,32,35,0.6406600475311279
19654,32,38,-0.410898357629776
19654,32,41,0.12612366676330566
19654,33,35,0.22827374935150146
19654,33,38,0.24486148357391357
19654,33,41,-0.15005743503570557
19654,35,38,0.13193917274475098
19654,35,41,-0.0251157283782959
19654,38,41,0.14851176738739014
19627,3,4,-0.22754257917404175
19627,3,8,0.1413252353668213
19627,3,11,-0.18854331970214844
19627,3,14,-0.06771320104598999
19627,3,18,0.06181478500366211
19627,3,20,-0.12967616319656372
19627,3,24,0.18954932689666748
19627,3,27,-0.23076021671295166
19627,3,28,0.11479759216308594
19627,3,29,0.14345169067382812
19627,3,30,-0.0887824296951294
19627,3,34,0.08211266994476318
19627,3,36,-0.392293244600296
19627,3,39,0.03432011604309082
19627,4,8,0.1882091760635376
19627,4,11,-0.22721266746520996
19627,4,14,-0.07645738124847412
19627,4,18,0.08047211170196533
19627,4,20,-0.1970565915107727
19627,4,24,0.1804128885269165
19627,4,27,-0.2817181348800659
19627,4,28,0.1289982795715332
19627,4,29,0.13547015190124512
19627,4,30,-0.06043100357055664
19627,4,34,0.05605661869049072
19627,4,36,-0.45814958214759827
19627,4,39,0.0775824785232544
19627,8,11,0.2056370973587036
19627,8,14,-0.000637054443359375
19627,8,18,-0.05733788013458252
19627,8,20,0.21917444467544556
19627,8,24,-0.16501617431640625
19627,8,27,0.8195714950561523
19627,8,28,0.17692780494689941
19627,8,29,0.145982027053833
19627,8,30,0.14291179180145264
19627,8,34,-0.04549694061279297
19627,8,36,0.5438092648983002
19627,8,39,-0.044089674949645996
19627,11,14,-0.04023319482803345
19627,11,18,0.19549107551574707
19627,11,20,-0.2560971975326538
19627,11,24,0.31457340717315674
19627,11,27,-0.2776525020599365
19627,11,28,0.2427753210067749
19627,11,29,0.2615410089492798
19627,11,30,-0.181329607963562
19627,11,34,0.06532251834869385
19627,11,36,-0.5148501694202423
19627,11,39,0.03487265110015869
19627,14,18,-0.36805880069732666
19627,14,20,0.06094855070114136
19627,14,24,0.17739176750183105
19627,14,27,-0.1847689151763916
19627,14,28,0.0827784538269043
19627,14,29,0.06634831428527832
19627,14,30,0.04971349239349365
19627,14,34,0.004614353179931641
19627,14,36,-0.1869058907032013
19627,14,39,0.027599692344665527
19627,18,20,0.23583275079727173
19627,18,24,-0.02804112434387207
19627,18,27,0.13648319244384766
19627,18,28,-0.023554444313049316
19627,18,29,-0.028100132942199707
19627,18,30,-0.011289596557617188
19627,18,34,-0.04772818088531494
19627,18,36,0.23234149813652039
19627,18,39,-0.007248878479003906
19627,20,24,0.3617555499076843
19627,20,27,0.40739113092422485
19627,20,28,0.12092524766921997
19627,20,29,0.4324670433998108
19627,20,30,-0.21814143657684326
19627,20,34,0.026284396648406982
19627,20,36,-0.37175413966178894
19627,20,39,0.06522899866104126
19627,24,27,1.1566087007522583
19627,24,28,0.6151334047317505
19627,24,29,0.547787070274353
19627,24,30,0.10023462772369385
19627,24,34,-0.12916624546051025
19627,24,36,0.763925164937973
19627,24,39,-0.05910658836364746
19627,27,28,1.8942641019821167
19627,27,29,1.8569632768630981
19627,27,30,-0.00923299789428711
19627,27,34,0.42579853534698486
19627,27,36,-0.237969309091568
19627,27,39,0.19992804527282715
19627,28,29,3.540649652481079
19627,28,30,0.5446770191192627
19627,28,34,0.12736129760742188
19627,28,36,0.7216932475566864
19627,28,39,0.008663058280944824
19627,29,30,0.3166179656982422
19627,29,34,0.10124945640563965
19627,29,36,0.7822777926921844
19627,29,39,0.010603070259094238
19627,30,34,0.07215213775634766
19627,30,36,-0.34007528424263
19627,30,39,0.04407370090484619
19627,34,36,0.314363032579422
19627,34,39,-0.01359105110168457
19627,36,39,0.10229316353797913
19637,1,4,-0.005643010139465332
19637,1,6,0.010377645492553711
19637,1,8,-0.005747318267822266
19637,1,9,-0.10863563418388367
19637,1,14,0.0211942195892334
19637,1,15,0.041567325592041016
19637,1,16,-0.0013326406478881836
19637,1,20,0.03934633731842041
19637,1,25,0.045705556869506836
19637,1,34,0.048272013664245605
19637,1,35,-0.03781604766845703
19637,1,36,0.03274655342102051
19637,1,37,-0.22312206029891968
19637,1,38,-0.1696789264678955
19637,4,6,-0.05371224880218506
19637,4,8,-0.025615453720092773
19637,4,9,-0.11760884523391724
19637,4,14,0.023114800453186035
19637,4,15,0.012118935585021973
19637,4,16,0.0017948150634765625
19637,4,20,0.004573822021484375
19637,4,25,0.014363408088684082
19637,4,34,0.014676094055175781
19637,4,35,-0.08616483211517334
19637,4,36,0.011182665824890137
19637,4,37,0.059907495975494385
19637,4,38,-0.023925185203552246
19637,6,8,-0.045574069023132324
19637,6,9,0.18911468982696533
19637,6,14,0.04459571838378906
19637,6,15,-0.12164807319641113
19637,6,16,0.006615996360778809
19637,6,20,-0.012791991233825684
19637,6,25,-0.1214141845703125
19637,6,34,-0.11852741241455078
19637,6,35,0.14462971687316895
19637,6,36,0.04378461837768555
19637,6,37,0.37260550260543823
19637,6,38,0.35458219051361084
19637,8,9,0.3658307194709778
19637,8,14,-0.0283358097076416
19637,8,15,-0.04847836494445801
19637,8,16,0.025707364082336426
19637,8,20,-0.020880579948425293
19637,8,25,-0.0721735954284668
19637,8,34,-0.06346964836120605
19637,8,35,0.08227777481079102
19637,8,36,0.0246732234954834
19637,8,37,0.31165921688079834
19637,8,38,0.2907786965370178
19637,9,14,0.09196239709854126
19637,9,15,0.7562883496284485
19637,9,16,-0.17885267734527588
19637,9,20,0.16440647840499878
19637,9,25,0.7265816330909729
19637,9,34,0.7339532971382141
19637,9,35,0.4196832776069641
19637,9,36,0.6161323189735413
19637,9,37,-0.4570915699005127
19637,9,38,-0.5137612223625183
19637,14,15,0.025791525840759277
19637,14,16,0.012042641639709473
19637,14,20,-0.007704377174377441
19637,14,25,0.002473592758178711
19637,14,34,0.019862890243530273
19637,14,35,0.053594350814819336
19637,14,36,0.0018610954284667969
19637,14,37,0.005628407001495361
19637,14,38,-0.0013364553451538086
19637,15,16,0.08789193630218506
19637,15,20,-0.07682955265045166
19637,15,25,-0.2749370336532593
19637,15,34,-0.26869726181030273
19637,15,35,1.238379955291748
19637,15,36,0.6300363540649414
19637,15,37,1.0947335362434387
19637,15,38,1.1988357305526733
19637,16,20,0.07323527336120605
19637,16,25,0.08960282802581787
19637,16,34,0.06620001792907715
19637,16,35,-0.017578482627868652
19637,16,36,0.0409168004989624
19637,16,37,-0.22831672430038452
19637,16,38,-0.222817063331604
19637,20,25,-0.011824965476989746
19637,20,34,-0.05629146099090576
19637,20,35,0.11028873920440674
19637,20,36,0.024367451667785645
19637,20,37,0.1818230152130127
19637,20,38,0.2682473063468933
19637,25,34,-0.28508877754211426
19637,25,35,2.482367753982544
19637,25,36,1.2315711975097656
19637,25,37,1.1449912190437317
19637,25,38,1.44309663772583
19637,34,35,0.7049504518508911
19637,34,36,1.08464777469635
19637,34,37,1.1600444912910461
19637,34,38,1.2214747667312622
19637,35,36,3.308032751083374
19637,35,37,0.8346001505851746
19637,35,38,1.0465285778045654
19637,36,37,1.1499125361442566
19637,36,38,1.3203108310699463
19637,37,38,1.9551908373832703
19634,3,7,0.1923198699951172
19634,3,9,-0.018107891082763672
19634,3,10,-0.15070176124572754
19634,3,16,0.143324613571167
19634,3,18,0.18605256080627441
19634,3,20,-0.2561919689178467
19634,3,21,-0.4389599561691284
19634,3,22,-0.10351896286010742
19634,3,25,-0.07160329818725586
19634,3,28,-0.2775622606277466
19634,3,29,-0.20816826820373535
19634,3,33,-0.11337637901306152
19634,3,35,-0.016374647617340088
19634,3,37,0.0568310022354126
19634,7,9,-0.007648110389709473
19634,7,10,0.055241942405700684
19634,7,16,-0.0909203290939331
19634,7,18,-0.11629664897918701
19634,7,20,0.6346805095672607
19634,7,21,0.6274253726005554
19634,7,22,0.404746949672699
19634,7,25,0.3942784070968628
19634,7,28,0.5549224615097046
19634,7,29,0.6719897985458374
19634,7,33,0.4385322332382202
19634,7,35,0.02383136749267578
19634,7,37,-0.028220772743225098
19634,9,10,-0.033887267112731934
19634,9,16,-0.023062467575073242
19634,9,18,-0.04250764846801758
19634,9,20,0.04775106906890869
19634,9,21,0.06824946403503418
19634,9,22,0.1619030237197876
19634,9,25,0.02597832679748535
19634,9,28,0.09786605834960938
19634,9,29,0.1312018632888794
19634,9,33,0.055165767669677734
19634,9,35,0.022822260856628418
19634,9,37,-0.004367232322692871
19634,10,16,0.04774904251098633
19634,10,18,0.08265113830566406
19634,10,20,-0.16454243659973145
19634,10,21,-0.31968235969543457
19634,10,22,-0.056556105613708496
19634,10,25,-0.020076513290405273
19634,10,28,-0.07321655750274658
19634,10,29,-0.19442963600158691
19634,10,33,-0.11921906471252441
19634,10,35,-0.018516063690185547
19634,10,37,0.023455500602722168
19634,16,18,-0.12782859802246094
19634,16,20,0.8303653001785278
19634,16,21,0.03990912437438965
19634,16,22,0.5137759447097778
19634,16,25,0.35161590576171875
19634,16,28,0.7202550172805786
19634,16,29,0.4262056350708008
19634,16,33,0.4367854595184326
19634,16,35,0.021538972854614258
19634,16,37,-0.029016613960266113
19634,18,20,1.034048080444336
19634,18,21,0.9097383618354797
19634,18,22,0.0016841888427734375
19634,18,25,0.40329575538635254
19634,18,28,0.6095789670944214
19634,18,29,0.6121388673782349
19634,18,33,0.5869965553283691
19634,18,35,0.02404642105102539
19634,18,37,-0.03041994571685791
19634,20,21,1.1415778398513794
19634,20,22,1.1011844873428345
19634,20,25,1.3779053688049316
19634,20,28,0.7697862386703491
19634,20,29,1.2746038436889648
19634,20,33,1.5366551876068115
19634,20,35,-0.04094195365905762
19634,20,37,0.17032980918884277
19634,21,22,1.4885005950927734
19634,21,25,1.5144838094711304
19634,21,28,0.3707122802734375
19634,21,29,0.4829448461532593
19634,21,33,1.0978590250015259
19634,21,35,-0.028255343437194824
19634,21,37,0.06730973720550537
19634,22,25,2.3302608728408813
19634,22,28,0.5762956142425537
19634,22,29,0.7051452398300171
19634,22,33,1.329999327659607
19634,22,35,0.032569289207458496
19634,22,37,0.18699777126312256
19634,25,28,1.4326025247573853
19634,25,29,1.4207322597503662
19634,25,33,2.0844359397888184
19634,25,35,-0.1658015251159668
19634,25,37,0.1684194803237915
19634,28,29,2.859181046485901
19634,28,33,1.4684284925460815
19634,28,35,-0.0659334659576416
19634,28,37,-0.08461928367614746
19634,29,33,1.5998890399932861
19634,29,35,-0.03945755958557129
19634,29,37,-0.14731895923614502
19634,33,35,-0.15566158294677734
19634,33,37,0.36758291721343994
19634,35,37,-0.13001596927642822
