{"potts/n_edges": 598, "potts/edge_density": 0.7292682926829268, "potts/J_mean_abs": 2.4010415077209473, "potts/J_std": 1.9685957431793213, "_timestamp": 1773512697.9159343, "_runtime": 542.2545702457428, "_step": 21, "gt_scores/additive/std": 1.3716052166180124, "gt_scores/additive/min": -9.657029151916504, "gt_scores/additive/pct5": -6.695575809478759, "gt_scores/additive_pairwise/std": 73.23479095750733, "gt_scores/additive_pairwise/min": -579.1045532226562, "gt_scores/additive_pairwise/pct5": -296.4565704345703, "gt_scores/nonlin_additive/std": 0.1440377317855033, "gt_scores/nonlin_additive/min": -0.8210666984264194, "gt_scores/nonlin_additive/pct5": -0.790616199558326, "gt_scores/nonlin_additive_pairwise/std": 0.00022786174128777058, "gt_scores/nonlin_additive_pairwise/min": -0.8251824253573227, "gt_scores/nonlin_additive_pairwise/pct5": -0.8251824253573227, "rho_curated/additive/additive": 0.9999968162318725, "rho_random/additive/additive": 0.9999910689910422, "rho_curated/pairwise/additive": 0.9987224447168367, "rho_random/pairwise/additive": 0.9983152229773808, "rho_curated/additive_GE/additive": 0.9999678936147145, "rho_random/additive_GE/additive": 0.9999215587451317, "rho_curated/pairwise_GE/additive": 0.9645276746042556, "rho_random/pairwise_GE/additive": 0.9502799182799184, "rho_curated/additive/additive_pairwise": 0.981816665142921, "rho_random/additive/additive_pairwise": 0.9705929991166362, "rho_curated/pairwise/additive_pairwise": 0.9810184172389144, "rho_random/pairwise/additive_pairwise": 0.9771591861890345, "rho_curated/additive_GE/additive_pairwise": 0.982089011994271, "rho_random/additive_GE/additive_pairwise": 0.9711533353353569, "rho_curated/pairwise_GE/additive_pairwise": 0.9470979968455716, "rho_random/pairwise_GE/additive_pairwise": 0.9377690277271946, "rho_curated/additive/nonlin_additive": 0.9956711335546378, "rho_random/additive/nonlin_additive": 0.994626417357322, "rho_curated/pairwise/nonlin_additive": 0.9868912304830202, "rho_random/pairwise/nonlin_additive": 0.9816158790674876, "rho_curated/additive_GE/nonlin_additive": 0.9999787510471485, "rho_random/additive_GE/nonlin_additive": 0.9999697038482308, "rho_curated/pairwise_GE/nonlin_additive": 0.9846138305274454, "rho_random/pairwise_GE/nonlin_additive": 0.980382114876192, "rho_curated/additive/nonlin_additive_pairwise": NaN, "rho_random/additive/nonlin_additive_pairwise": 0.15366280138591734, "rho_curated/pairwise/nonlin_additive_pairwise": NaN, "rho_random/pairwise/nonlin_additive_pairwise": 0.14076102205372126, "rho_curated/additive_GE/nonlin_additive_pairwise": NaN, "rho_random/additive_GE/nonlin_additive_pairwise": 0.0006813149212160841, "rho_curated/pairwise_GE/nonlin_additive_pairwise": NaN, "rho_random/pairwise_GE/nonlin_additive_pairwise": -0.09351341971557563, "rho_curated_mean": 0.9851993221668006, "rho_random_mean": 0.7477105094472629, "_wandb": {"runtime": 541}}