{"potts/n_edges": 85, "potts/edge_density": 0.8095238095238095, "potts/J_mean_abs": 3.6604576110839844, "potts/J_std": 2.7962729930877686, "_timestamp": 1773463489.3072546, "_runtime": 546.1011874675751, "_step": 21, "gt_scores/additive/std": 0.9557475539592777, "gt_scores/additive/min": -7.033940315246582, "gt_scores/additive/pct5": -5.159853672981262, "gt_scores/additive_pairwise/std": 43.128229449385586, "gt_scores/additive_pairwise/min": -384.3996887207031, "gt_scores/additive_pairwise/pct5": -320.26539001464846, "gt_scores/nonlin_additive/std": 0.1307311439252841, "gt_scores/nonlin_additive/min": -0.8613129322410867, "gt_scores/nonlin_additive/pct5": -0.8371371284084792, "gt_scores/nonlin_additive_pairwise/std": 1.1102230246251565e-16, "gt_scores/nonlin_additive_pairwise/min": -0.8653877661321029, "gt_scores/nonlin_additive_pairwise/pct5": -0.8653877661321029, "rho_curated/additive/additive": 0.999998152455926, "rho_random/additive/additive": 0.9999950967835695, "rho_curated/pairwise/additive": 0.9999762689670502, "rho_random/pairwise/additive": 0.9999427968470973, "rho_curated/additive_GE/additive": 0.9999748872869949, "rho_random/additive_GE/additive": 0.9999385644295824, "rho_curated/pairwise_GE/additive": 0.999714998236593, "rho_random/pairwise_GE/additive": 0.999534006973125, "rho_curated/additive/additive_pairwise": 0.9467572178104552, "rho_random/additive/additive_pairwise": 0.9184153329421345, "rho_curated/pairwise/additive_pairwise": 0.9999665048546562, "rho_random/pairwise/additive_pairwise": 0.9999416895860526, "rho_curated/additive_GE/additive_pairwise": 0.9470108574046191, "rho_random/additive_GE/additive_pairwise": 0.9100305621876218, "rho_curated/pairwise_GE/additive_pairwise": 0.9995031780440793, "rho_random/pairwise_GE/additive_pairwise": 0.9993519127503088, "rho_curated/additive/nonlin_additive": 0.9953321252129489, "rho_random/additive/nonlin_additive": 0.9960257269437434, "rho_curated/pairwise/nonlin_additive": 0.9992681379466729, "rho_random/pairwise/nonlin_additive": 0.995255236958498, "rho_curated/additive_GE/nonlin_additive": NaN, "rho_random/additive_GE/nonlin_additive": NaN, "rho_curated/pairwise_GE/nonlin_additive": 0.9996176907366526, "rho_random/pairwise_GE/nonlin_additive": 0.999697434703041, "rho_curated/additive/nonlin_additive_pairwise": NaN, "rho_random/additive/nonlin_additive_pairwise": NaN, "rho_curated/pairwise/nonlin_additive_pairwise": NaN, "rho_random/pairwise/nonlin_additive_pairwise": NaN, "rho_curated/additive_GE/nonlin_additive_pairwise": NaN, "rho_random/additive_GE/nonlin_additive_pairwise": NaN, "rho_curated/pairwise_GE/nonlin_additive_pairwise": NaN, "rho_random/pairwise_GE/nonlin_additive_pairwise": NaN, "rho_curated_mean": 0.9897381835415135, "rho_random_mean": 0.9834662146458886, "_wandb": {"runtime": 545}}