{"potts/n_edges": 80, "potts/edge_density": 0.7619047619047619, "potts/J_mean_abs": 3.2520430088043213, "potts/J_std": 2.4367406368255615, "_timestamp": 1773572244.7350557, "_runtime": 527.4623997211456, "_step": 21, "gt_scores/additive/std": 0.9557475539592777, "gt_scores/additive/min": -7.033940315246582, "gt_scores/additive/pct5": -5.159853672981262, "gt_scores/additive_pairwise/std": 35.97388199145892, "gt_scores/additive_pairwise/min": -320.9593505859375, "gt_scores/additive_pairwise/pct5": -265.27720642089844, "gt_scores/nonlin_additive/std": 0.1307311439252841, "gt_scores/nonlin_additive/min": -0.8613129322410867, "gt_scores/nonlin_additive/pct5": -0.8371371284084792, "gt_scores/nonlin_additive_pairwise/std": 1.1102230246251565e-16, "gt_scores/nonlin_additive_pairwise/min": -0.8653877661321029, "gt_scores/nonlin_additive_pairwise/pct5": -0.8653877661321029, "rho_curated/additive/additive": 0.999998731167949, "rho_random/additive/additive": 0.999995763995764, "rho_curated/pairwise/additive": 0.9999738627029497, "rho_random/pairwise/additive": 0.9999504765964269, "rho_curated/additive_GE/additive": 0.9999680571507177, "rho_random/additive_GE/additive": 0.9999200425833483, "rho_curated/pairwise_GE/additive": 0.9997550965981686, "rho_random/pairwise_GE/additive": 0.9995742587369395, "rho_curated/additive/additive_pairwise": 0.9402347835585229, "rho_random/additive/additive_pairwise": 0.9019271660370357, "rho_curated/pairwise/additive_pairwise": 0.9999668355986719, "rho_random/pairwise/additive_pairwise": 0.9999469025827651, "rho_curated/additive_GE/additive_pairwise": 0.9404543500378867, "rho_random/additive_GE/additive_pairwise": 0.902839795654516, "rho_curated/pairwise_GE/additive_pairwise": 0.9995802781192011, "rho_random/pairwise_GE/additive_pairwise": 0.9994336089203747, "rho_curated/additive/nonlin_additive": 0.9968471508578104, "rho_random/additive/nonlin_additive": 0.9973691363954486, "rho_curated/pairwise/nonlin_additive": 0.9990839808992933, "rho_random/pairwise/nonlin_additive": 0.997037951830796, "rho_curated/additive_GE/nonlin_additive": 0.9999767763990699, "rho_random/additive_GE/nonlin_additive": 0.9999793647964488, "rho_curated/pairwise_GE/nonlin_additive": 0.9995549087501748, "rho_random/pairwise_GE/nonlin_additive": 0.9995845051642458, "rho_curated/additive/nonlin_additive_pairwise": NaN, "rho_random/additive/nonlin_additive_pairwise": NaN, "rho_curated/pairwise/nonlin_additive_pairwise": NaN, "rho_random/pairwise/nonlin_additive_pairwise": NaN, "rho_curated/additive_GE/nonlin_additive_pairwise": NaN, "rho_random/additive_GE/nonlin_additive_pairwise": NaN, "rho_curated/pairwise_GE/nonlin_additive_pairwise": NaN, "rho_random/pairwise_GE/nonlin_additive_pairwise": NaN, "rho_curated_mean": 0.9896162343200348, "rho_random_mean": 0.9831299144411757, "_wandb": {"runtime": 527}}