{"potts/n_edges": 174, "potts/edge_density": 0.9157894736842105, "potts/J_mean_abs": 3.372523069381714, "potts/J_std": 2.7260851860046387, "_timestamp": 1773438361.1538858, "_runtime": 549.0724267959595, "_step": 21, "gt_scores/additive/std": 1.2097035595556864, "gt_scores/additive/min": -8.994394302368164, "gt_scores/additive/pct5": -6.638693571090698, "gt_scores/additive_pairwise/std": 80.8135580566273, "gt_scores/additive_pairwise/min": -543.2482299804688, "gt_scores/additive_pairwise/pct5": -404.43681182861326, "gt_scores/nonlin_additive/std": 0.12780147869164835, "gt_scores/nonlin_additive/min": -0.8633649983358815, "gt_scores/nonlin_additive/pct5": -0.8409005929909275, "gt_scores/nonlin_additive_pairwise/std": 4.933514332957357e-16, "gt_scores/nonlin_additive_pairwise/min": -0.8672038070001775, "gt_scores/nonlin_additive_pairwise/pct5": -0.8672038070001775, "rho_curated/additive/additive": 0.9999978772479149, "rho_random/additive/additive": 0.9999938372060087, "rho_curated/pairwise/additive": 0.9999439491497578, "rho_random/pairwise/additive": 0.9998719726285618, "rho_curated/additive_GE/additive": 0.999981827775273, "rho_random/additive_GE/additive": 0.9999516296219706, "rho_curated/pairwise_GE/additive": 0.9993681169587094, "rho_random/pairwise_GE/additive": 0.9989149349750549, "rho_curated/additive/additive_pairwise": 0.9815988729835133, "rho_random/additive/additive_pairwise": 0.9718663336176095, "rho_curated/pairwise/additive_pairwise": 0.999942084229682, "rho_random/pairwise/additive_pairwise": 0.9998835709181547, "rho_curated/additive_GE/additive_pairwise": 0.9816126104645043, "rho_random/additive_GE/additive_pairwise": 0.9667407275005464, "rho_curated/pairwise_GE/additive_pairwise": 0.99915300387012, "rho_random/pairwise_GE/additive_pairwise": 0.9985621573477285, "rho_curated/additive/nonlin_additive": 0.9961835718309767, "rho_random/additive/nonlin_additive": 0.9966185464021134, "rho_curated/pairwise/nonlin_additive": 0.998350890117917, "rho_random/pairwise/nonlin_additive": 0.992747391311034, "rho_curated/additive_GE/nonlin_additive": 0.9999884895515386, "rho_random/additive_GE/nonlin_additive": 0.9999845477962974, "rho_curated/pairwise_GE/nonlin_additive": 0.9987834465512503, "rho_random/pairwise_GE/nonlin_additive": 0.9988774242457912, "rho_curated/additive/nonlin_additive_pairwise": NaN, "rho_random/additive/nonlin_additive_pairwise": NaN, "rho_curated/pairwise/nonlin_additive_pairwise": NaN, "rho_random/pairwise/nonlin_additive_pairwise": NaN, "rho_curated/additive_GE/nonlin_additive_pairwise": NaN, "rho_random/additive_GE/nonlin_additive_pairwise": NaN, "rho_curated/pairwise_GE/nonlin_additive_pairwise": NaN, "rho_random/pairwise_GE/nonlin_additive_pairwise": NaN, "rho_curated_mean": 0.9962420617275966, "rho_random_mean": 0.9936677561309059, "_wandb": {"runtime": 548}}