{"potts/n_edges": 298, "potts/edge_density": 0.6850574712643678, "potts/J_mean_abs": 3.3581933975219727, "potts/J_std": 2.636460781097412, "_timestamp": 1773628698.5989714, "_runtime": 531.2551884651184, "_step": 21, "gt_scores/additive/std": 1.3145519307288893, "gt_scores/additive/min": -9.543702125549316, "gt_scores/additive/pct5": -6.543755149841308, "gt_scores/additive_pairwise/std": 75.83421339870968, "gt_scores/additive_pairwise/min": -546.1964721679688, "gt_scores/additive_pairwise/pct5": -325.1263671875, "gt_scores/nonlin_additive/std": 0.1415948963973883, "gt_scores/nonlin_additive/min": -0.8305795334928087, "gt_scores/nonlin_additive/pct5": -0.8006284573354645, "gt_scores/nonlin_additive_pairwise/std": 0.0002469570584900568, "gt_scores/nonlin_additive_pairwise/min": -0.8341020215334246, "gt_scores/nonlin_additive_pairwise/pct5": -0.8341020215334246, "rho_curated/additive/additive": 0.999997551519902, "rho_random/additive/additive": 0.9999913701276425, "rho_curated/pairwise/additive": 0.9991679613666985, "rho_random/pairwise/additive": 0.9984326786798514, "rho_curated/additive_GE/additive": 0.9999765873270632, "rho_random/additive_GE/additive": 0.9999499080672454, "rho_curated/pairwise_GE/additive": 0.9673499791492156, "rho_random/pairwise_GE/additive": 0.9475813867588413, "rho_curated/additive/additive_pairwise": 0.9774015131515181, "rho_random/additive/additive_pairwise": 0.9663596852944587, "rho_curated/pairwise/additive_pairwise": 0.9901412551014136, "rho_random/pairwise/additive_pairwise": 0.9844292794485658, "rho_curated/additive_GE/additive_pairwise": 0.9780051206860934, "rho_random/additive_GE/additive_pairwise": 0.9624908681560582, "rho_curated/pairwise_GE/additive_pairwise": 0.957348800410881, "rho_random/pairwise_GE/additive_pairwise": 0.9416126295014533, "rho_curated/additive/nonlin_additive": 0.99657790905487, "rho_random/additive/nonlin_additive": 0.9960673965625012, "rho_curated/pairwise/nonlin_additive": 0.9897691960935402, "rho_random/pairwise/nonlin_additive": 0.983289471465451, "rho_curated/additive_GE/nonlin_additive": 0.9999859997674391, "rho_random/additive_GE/nonlin_additive": 0.9999824622621217, "rho_curated/pairwise_GE/nonlin_additive": 0.9790124606049725, "rho_random/pairwise_GE/nonlin_additive": 0.9768418378262729, "rho_curated/additive/nonlin_additive_pairwise": NaN, "rho_random/additive/nonlin_additive_pairwise": 0.07262177281246994, "rho_curated/pairwise/nonlin_additive_pairwise": NaN, "rho_random/pairwise/nonlin_additive_pairwise": 0.06924180491815472, "rho_curated/additive_GE/nonlin_additive_pairwise": NaN, "rho_random/additive_GE/nonlin_additive_pairwise": NaN, "rho_curated/pairwise_GE/nonlin_additive_pairwise": NaN, "rho_random/pairwise_GE/nonlin_additive_pairwise": 0.22012199042191666, "rho_curated_mean": 0.9862278611861339, "rho_random_mean": 0.8079343028202003, "_wandb": {"runtime": 530}}