{"potts/n_edges": 1502, "potts/edge_density": 0.4753164556962025, "potts/J_mean_abs": 3.818025588989258, "potts/J_std": 3.425163507461548, "_timestamp": 1773647857.5990505, "_runtime": 553.5291936397552, "_step": 21, "gt_scores/additive/std": 1.3191666111784341, "gt_scores/additive/min": -8.816962242126465, "gt_scores/additive/pct5": -5.650838112831115, "gt_scores/additive_pairwise/std": 46.12010379347468, "gt_scores/additive_pairwise/min": -371.49462890625, "gt_scores/additive_pairwise/pct5": -160.1580696105957, "gt_scores/nonlin_additive/std": 0.16030615934199635, "gt_scores/nonlin_additive/min": -0.7734730510360052, "gt_scores/nonlin_additive/pct5": -0.7317696883200671, "gt_scores/nonlin_additive_pairwise/std": 0.04720368288259025, "gt_scores/nonlin_additive_pairwise/min": -0.777834207508563, "gt_scores/nonlin_additive_pairwise/pct5": -0.777834207508563, "rho_curated/additive/additive": 0.9999938268877526, "rho_random/additive/additive": 0.9999843926192695, "rho_curated/pairwise/additive": 0.999375617798995, "rho_random/pairwise/additive": 0.9993702969832529, "rho_curated/additive_GE/additive": 0.9999726467669047, "rho_random/additive_GE/additive": 0.9999404494204672, "rho_curated/pairwise_GE/additive": 0.9975733221508747, "rho_random/pairwise_GE/additive": 0.9964640334116234, "rho_curated/additive/additive_pairwise": 0.9267182484607299, "rho_random/additive/additive_pairwise": 0.892451600723546, "rho_curated/pairwise/additive_pairwise": 0.9251157348668322, "rho_random/pairwise/additive_pairwise": 0.8898269741231414, "rho_curated/additive_GE/additive_pairwise": 0.9272339904521205, "rho_random/additive_GE/additive_pairwise": 0.9169007384501962, "rho_curated/pairwise_GE/additive_pairwise": 0.9179765321970927, "rho_random/pairwise_GE/additive_pairwise": 0.8796473219603944, "rho_curated/additive/nonlin_additive": 0.9948228799209151, "rho_random/additive/nonlin_additive": 0.9941298991455937, "rho_curated/pairwise/nonlin_additive": 0.9945197159405255, "rho_random/pairwise/nonlin_additive": 0.9923586056084774, "rho_curated/additive_GE/nonlin_additive": 0.999968918246756, "rho_random/additive_GE/nonlin_additive": 0.9999440341169448, "rho_curated/pairwise_GE/nonlin_additive": 0.995303777540151, "rho_random/pairwise_GE/nonlin_additive": 0.9944099518764303, "rho_curated/additive/nonlin_additive_pairwise": 0.11858308148646052, "rho_random/additive/nonlin_additive_pairwise": 0.5081539777468385, "rho_curated/pairwise/nonlin_additive_pairwise": 0.13281246126291008, "rho_random/pairwise/nonlin_additive_pairwise": 0.5261302911981145, "rho_curated/additive_GE/nonlin_additive_pairwise": 0.13404261261841402, "rho_random/additive_GE/nonlin_additive_pairwise": 0.4875429800491702, "rho_curated/pairwise_GE/nonlin_additive_pairwise": 0.1125186759295423, "rho_random/pairwise_GE/nonlin_additive_pairwise": 0.4793209009772786, "rho_curated_mean": 0.7610332526579361, "rho_random_mean": 0.8472860280256711, "_wandb": {"runtime": 553}}