{"potts/n_edges": 97, "potts/edge_density": 0.9238095238095239, "potts/J_mean_abs": 2.9333860874176025, "potts/J_std": 2.417355537414551, "_timestamp": 1773351989.9467034, "_runtime": 528.6765003204346, "_step": 21, "gt_scores/additive/std": 0.9354941049529601, "gt_scores/additive/min": -6.730696678161621, "gt_scores/additive/pct5": -5.088986277580261, "gt_scores/additive_pairwise/std": 38.17215852556234, "gt_scores/additive_pairwise/min": -342.8997497558594, "gt_scores/additive_pairwise/pct5": -301.11474151611327, "gt_scores/nonlin_additive/std": 0.12695859792178035, "gt_scores/nonlin_additive/min": -0.8594803927815321, "gt_scores/nonlin_additive/pct5": -0.8373509757801759, "gt_scores/nonlin_additive_pairwise/std": 1.1102230246251565e-16, "gt_scores/nonlin_additive_pairwise/min": -0.8642349522941661, "gt_scores/nonlin_additive_pairwise/pct5": -0.8642349522941661, "rho_curated/additive/additive": 0.9999977907039114, "rho_random/additive/additive": 0.9999923240937175, "rho_curated/pairwise/additive": 0.9999733495829277, "rho_random/pairwise/additive": 0.9999472762209215, "rho_curated/additive_GE/additive": NaN, "rho_random/additive_GE/additive": NaN, "rho_curated/pairwise_GE/additive": 0.9997949728877596, "rho_random/pairwise_GE/additive": 0.9996349632791792, "rho_curated/additive/additive_pairwise": 0.9416723323266937, "rho_random/additive/additive_pairwise": 0.9061227741104427, "rho_curated/pairwise/additive_pairwise": 0.9999685454067402, "rho_random/pairwise/additive_pairwise": 0.9999438378547015, "rho_curated/additive_GE/additive_pairwise": 0.9415336064397313, "rho_random/additive_GE/additive_pairwise": 0.9062552554409945, "rho_curated/pairwise_GE/additive_pairwise": 0.9995160054685936, "rho_random/pairwise_GE/additive_pairwise": 0.9993726983999635, "rho_curated/additive/nonlin_additive": 0.9952474555590465, "rho_random/additive/nonlin_additive": 0.9935973685936808, "rho_curated/pairwise/nonlin_additive": 0.9991451979412949, "rho_random/pairwise/nonlin_additive": 0.9976037701992312, "rho_curated/additive_GE/nonlin_additive": 0.999994486191776, "rho_random/additive_GE/nonlin_additive": 0.9999923416709491, "rho_curated/pairwise_GE/nonlin_additive": 0.9991932987432477, "rho_random/pairwise_GE/nonlin_additive": 0.9993441079295301, "rho_curated/additive/nonlin_additive_pairwise": NaN, "rho_random/additive/nonlin_additive_pairwise": NaN, "rho_curated/pairwise/nonlin_additive_pairwise": NaN, "rho_random/pairwise/nonlin_additive_pairwise": NaN, "rho_curated/additive_GE/nonlin_additive_pairwise": NaN, "rho_random/additive_GE/nonlin_additive_pairwise": NaN, "rho_curated/pairwise_GE/nonlin_additive_pairwise": NaN, "rho_random/pairwise_GE/nonlin_additive_pairwise": NaN, "rho_curated_mean": 0.988730640113793, "rho_random_mean": 0.9819824288903011, "_wandb": {"runtime": 528}}