{"potts/n_edges": 211, "potts/edge_density": 0.7033333333333334, "potts/J_mean_abs": 2.94923734664917, "potts/J_std": 2.4616575241088867, "_timestamp": 1773503118.94567, "_runtime": 544.823205947876, "_step": 21, "gt_scores/additive/std": 1.4607008917297066, "gt_scores/additive/min": -10.880603790283203, "gt_scores/additive/pct5": -7.648485493659973, "gt_scores/additive_pairwise/std": 70.20887647243426, "gt_scores/additive_pairwise/min": -480.25628662109375, "gt_scores/additive_pairwise/pct5": -310.4795837402344, "gt_scores/nonlin_additive/std": 0.1329364744996366, "gt_scores/nonlin_additive/min": -0.8491222741790089, "gt_scores/nonlin_additive/pct5": -0.8226467537292117, "gt_scores/nonlin_additive_pairwise/std": 1.7357994480363236e-06, "gt_scores/nonlin_additive_pairwise/min": -0.8524745773399738, "gt_scores/nonlin_additive_pairwise/pct5": -0.8524745773399738, "rho_curated/additive/additive": 0.9999975815679032, "rho_random/additive/additive": 0.9999932251156782, "rho_curated/pairwise/additive": 0.9997554861902136, "rho_random/pairwise/additive": 0.9995477206366271, "rho_curated/additive_GE/additive": 0.9999634714225388, "rho_random/additive_GE/additive": 0.9999044130251743, "rho_curated/pairwise_GE/additive": 0.9817861867274473, "rho_random/pairwise_GE/additive": 0.9702045380422121, "rho_curated/additive/additive_pairwise": 0.9788874746754989, "rho_random/additive/additive_pairwise": 0.965113663097295, "rho_curated/pairwise/additive_pairwise": 0.9994464207778566, "rho_random/pairwise/additive_pairwise": 0.999103663356244, "rho_curated/additive_GE/additive_pairwise": 0.9788128364965133, "rho_random/additive_GE/additive_pairwise": 0.9700777180351413, "rho_curated/pairwise_GE/additive_pairwise": 0.9840212232008488, "rho_random/pairwise_GE/additive_pairwise": 0.9765789687333746, "rho_curated/additive/nonlin_additive": 0.9964764424749731, "rho_random/additive/nonlin_additive": 0.9969298148964716, "rho_curated/pairwise/nonlin_additive": 0.9942103408802748, "rho_random/pairwise/nonlin_additive": 0.9871070683172225, "rho_curated/additive_GE/nonlin_additive": 0.999982352799294, "rho_random/additive_GE/nonlin_additive": 0.9999781393622771, "rho_curated/pairwise_GE/nonlin_additive": 0.9889906716550982, "rho_random/pairwise_GE/nonlin_additive": 0.9876086066073487, "rho_curated/additive/nonlin_additive_pairwise": NaN, "rho_random/additive/nonlin_additive_pairwise": 0.06616762130872737, "rho_curated/pairwise/nonlin_additive_pairwise": NaN, "rho_random/pairwise/nonlin_additive_pairwise": 0.5748733785332971, "rho_curated/additive_GE/nonlin_additive_pairwise": NaN, "rho_random/additive_GE/nonlin_additive_pairwise": NaN, "rho_curated/pairwise_GE/nonlin_additive_pairwise": NaN, "rho_random/pairwise_GE/nonlin_additive_pairwise": -0.01655691110026834, "rho_curated_mean": 0.9918608740723718, "rho_random_mean": 0.8317754418644548, "_wandb": {"runtime": 544}}