{"potts/n_edges": 252, "potts/edge_density": 0.84, "potts/J_mean_abs": 3.110597848892212, "potts/J_std": 2.4666190147399902, "_timestamp": 1773584210.1051517, "_runtime": 564.2751955986023, "_step": 21, "gt_scores/additive/std": 1.4607008917297066, "gt_scores/additive/min": -10.880603790283203, "gt_scores/additive/pct5": -7.648485493659973, "gt_scores/additive_pairwise/std": 71.15191456476268, "gt_scores/additive_pairwise/min": -500.37652587890625, "gt_scores/additive_pairwise/pct5": -315.1184310913086, "gt_scores/nonlin_additive/std": 0.1329364744996366, "gt_scores/nonlin_additive/min": -0.8491222741790089, "gt_scores/nonlin_additive/pct5": -0.8226467537292117, "gt_scores/nonlin_additive_pairwise/std": 4.378854186672075e-06, "gt_scores/nonlin_additive_pairwise/min": -0.8524745773399738, "gt_scores/nonlin_additive_pairwise/pct5": -0.8524745773399738, "rho_curated/additive/additive": 0.9999975958959036, "rho_random/additive/additive": 0.9999927414167548, "rho_curated/pairwise/additive": 0.9997560113822285, "rho_random/pairwise/additive": 0.9995179938641392, "rho_curated/additive_GE/additive": 0.9999822892232911, "rho_random/additive_GE/additive": 0.9999553539736772, "rho_curated/pairwise_GE/additive": 0.9810548572581941, "rho_random/pairwise_GE/additive": 0.9627790988205818, "rho_curated/additive/additive_pairwise": 0.97613031978864, "rho_random/additive/additive_pairwise": 0.9633571001864855, "rho_curated/pairwise/additive_pairwise": 0.9994104345764032, "rho_random/pairwise/additive_pairwise": 0.9988170149910953, "rho_curated/additive_GE/additive_pairwise": 0.9766568958885952, "rho_random/additive_GE/additive_pairwise": 0.9615185140469623, "rho_curated/pairwise_GE/additive_pairwise": 0.9790983955394343, "rho_random/pairwise_GE/additive_pairwise": 0.9687750169975137, "rho_curated/additive/nonlin_additive": 0.9971141598202893, "rho_random/additive/nonlin_additive": 0.9972140785794897, "rho_curated/pairwise/nonlin_additive": 0.9948367009449721, "rho_random/pairwise/nonlin_additive": 0.9888940594219245, "rho_curated/additive_GE/nonlin_additive": 0.9999827466393089, "rho_random/additive_GE/nonlin_additive": 0.9999795816305697, "rho_curated/pairwise_GE/nonlin_additive": 0.9899532715894075, "rho_random/pairwise_GE/nonlin_additive": 0.9882596181273967, "rho_curated/additive/nonlin_additive_pairwise": NaN, "rho_random/additive/nonlin_additive_pairwise": NaN, "rho_curated/pairwise/nonlin_additive_pairwise": NaN, "rho_random/pairwise/nonlin_additive_pairwise": NaN, "rho_curated/additive_GE/nonlin_additive_pairwise": NaN, "rho_random/additive_GE/nonlin_additive_pairwise": -0.0020693247891181155, "rho_curated/pairwise_GE/nonlin_additive_pairwise": NaN, "rho_random/pairwise_GE/nonlin_additive_pairwise": NaN, "rho_curated_mean": 0.9911644732122223, "rho_random_mean": 0.9097685267128826, "_wandb": {"runtime": 563}}