{"potts/n_edges": 100, "potts/edge_density": 0.9523809523809523, "potts/J_mean_abs": 4.128990650177002, "potts/J_std": 3.23755145072937, "_timestamp": 1773611045.4697628, "_runtime": 498.83787775039673, "_step": 21, "gt_scores/additive/std": 0.9354941049529601, "gt_scores/additive/min": -6.730696678161621, "gt_scores/additive/pct5": -5.088986277580261, "gt_scores/additive_pairwise/std": 54.77586205502451, "gt_scores/additive_pairwise/min": -485.2648010253906, "gt_scores/additive_pairwise/pct5": -430.4432571411133, "gt_scores/nonlin_additive/std": 0.12695859792178035, "gt_scores/nonlin_additive/min": -0.8594803927815321, "gt_scores/nonlin_additive/pct5": -0.8373509757801759, "gt_scores/nonlin_additive_pairwise/std": 1.1102230246251565e-16, "gt_scores/nonlin_additive_pairwise/min": -0.8642349522941661, "gt_scores/nonlin_additive_pairwise/pct5": -0.8642349522941661, "rho_curated/additive/additive": 0.9999979759839185, "rho_random/additive/additive": 0.9999933897208875, "rho_curated/pairwise/additive": 0.9999761691510388, "rho_random/pairwise/additive": 0.9999467162553334, "rho_curated/additive_GE/additive": 0.9999858743434307, "rho_random/additive_GE/additive": 0.9999692355624629, "rho_curated/pairwise_GE/additive": 0.9997152565965419, "rho_random/pairwise_GE/additive": 0.9995042129262975, "rho_curated/additive/additive_pairwise": 0.9458251402825046, "rho_random/additive/additive_pairwise": 0.913079356230132, "rho_curated/pairwise/additive_pairwise": 0.9999662063186434, "rho_random/pairwise/additive_pairwise": 0.9999318790228547, "rho_curated/additive_GE/additive_pairwise": 0.9455990242734329, "rho_random/additive_GE/additive_pairwise": 0.9049053374956937, "rho_curated/pairwise_GE/additive_pairwise": 0.9969551917819155, "rho_random/pairwise_GE/additive_pairwise": 0.995250827153742, "rho_curated/additive/nonlin_additive": 0.9957335027155994, "rho_random/additive/nonlin_additive": 0.9948120585733483, "rho_curated/pairwise/nonlin_additive": 0.9992382539612192, "rho_random/pairwise/nonlin_additive": 0.9969778601214497, "rho_curated/additive_GE/nonlin_additive": 0.9999933827437325, "rho_random/additive_GE/nonlin_additive": 0.9999899993034856, "rho_curated/pairwise_GE/nonlin_additive": 0.9996967608277176, "rho_random/pairwise_GE/nonlin_additive": 0.9997506101597554, "rho_curated/additive/nonlin_additive_pairwise": NaN, "rho_random/additive/nonlin_additive_pairwise": NaN, "rho_curated/pairwise/nonlin_additive_pairwise": NaN, "rho_random/pairwise/nonlin_additive_pairwise": NaN, "rho_curated/additive_GE/nonlin_additive_pairwise": NaN, "rho_random/additive_GE/nonlin_additive_pairwise": NaN, "rho_curated/pairwise_GE/nonlin_additive_pairwise": NaN, "rho_random/pairwise_GE/nonlin_additive_pairwise": NaN, "rho_curated_mean": 0.9902235615816414, "rho_random_mean": 0.9836759568771202, "_wandb": {"runtime": 498}}