{"potts/n_edges": 229, "potts/edge_density": 0.7633333333333333, "potts/J_mean_abs": 2.526115655899048, "potts/J_std": 2.132058620452881, "_timestamp": 1773394906.5265913, "_runtime": 553.6372454166412, "_step": 21, "gt_scores/additive/std": 1.4607008917297066, "gt_scores/additive/min": -10.880603790283203, "gt_scores/additive/pct5": -7.648485493659973, "gt_scores/additive_pairwise/std": 66.40778145320142, "gt_scores/additive_pairwise/min": -470.5831604003906, "gt_scores/additive_pairwise/pct5": -297.59303894042966, "gt_scores/nonlin_additive/std": 0.1329364744996366, "gt_scores/nonlin_additive/min": -0.8491222741790089, "gt_scores/nonlin_additive/pct5": -0.8226467537292117, "gt_scores/nonlin_additive_pairwise/std": 0.00019897399505351893, "gt_scores/nonlin_additive_pairwise/min": -0.8524745773399738, "gt_scores/nonlin_additive_pairwise/pct5": -0.8524745773399738, "rho_curated/additive/additive": 0.9999973742558951, "rho_random/additive/additive": 0.9999898132327192, "rho_curated/pairwise/additive": 0.9997379024215036, "rho_random/pairwise/additive": 0.9995648068406069, "rho_curated/additive_GE/additive": 0.9999668772146737, "rho_random/additive_GE/additive": 0.9999261317037512, "rho_curated/pairwise_GE/additive": 0.9797905351906514, "rho_random/pairwise_GE/additive": 0.9618267130045796, "rho_curated/additive/additive_pairwise": 0.9807100209244007, "rho_random/additive/additive_pairwise": 0.9696565297214053, "rho_curated/pairwise/additive_pairwise": 0.999441358673641, "rho_random/pairwise/additive_pairwise": 0.9991400748316035, "rho_curated/additive_GE/additive_pairwise": 0.9806974690914355, "rho_random/additive_GE/additive_pairwise": 0.967665962555742, "rho_curated/pairwise_GE/additive_pairwise": 0.9771634144219884, "rho_random/pairwise_GE/additive_pairwise": 0.9682415349137263, "rho_curated/additive/nonlin_additive": 0.9969956142155363, "rho_random/additive/nonlin_additive": 0.9967417144347231, "rho_curated/pairwise/nonlin_additive": 0.9939574410860075, "rho_random/pairwise/nonlin_additive": 0.9874190643298681, "rho_curated/additive_GE/nonlin_additive": 0.9999833421033325, "rho_random/additive_GE/nonlin_additive": 0.9999801950703168, "rho_curated/pairwise_GE/nonlin_additive": 0.9869048265558789, "rho_random/pairwise_GE/nonlin_additive": 0.9853045367025959, "rho_curated/additive/nonlin_additive_pairwise": NaN, "rho_random/additive/nonlin_additive_pairwise": 0.0003864610807511658, "rho_curated/pairwise/nonlin_additive_pairwise": NaN, "rho_random/pairwise/nonlin_additive_pairwise": NaN, "rho_curated/additive_GE/nonlin_additive_pairwise": NaN, "rho_random/additive_GE/nonlin_additive_pairwise": NaN, "rho_curated/pairwise_GE/nonlin_additive_pairwise": NaN, "rho_random/pairwise_GE/nonlin_additive_pairwise": -0.021636456937199323, "rho_curated_mean": 0.9912788480129119, "rho_random_mean": 0.8438719343917993, "_wandb": {"runtime": 553}}