{"potts/n_edges": 3769, "potts/edge_density": 0.7614141414141414, "potts/J_mean_abs": 0.5854811668395996, "potts/J_std": 0.45961207151412964, "_timestamp": 1773435537.0589356, "_runtime": 591.089596748352, "_step": 21, "gt_scores/additive/std": 1.4613880390458585, "gt_scores/additive/min": -11.255273818969727, "gt_scores/additive/pct5": -6.664780235290527, "gt_scores/additive_pairwise/std": 19.61255486289234, "gt_scores/additive_pairwise/min": -142.68679809570312, "gt_scores/additive_pairwise/pct5": -75.91129417419434, "gt_scores/nonlin_additive/std": 0.15053504055955275, "gt_scores/nonlin_additive/min": -0.8019886617597319, "gt_scores/nonlin_additive/pct5": -0.7627513127923603, "gt_scores/nonlin_additive_pairwise/std": 0.01816818127299919, "gt_scores/nonlin_additive_pairwise/min": -0.8038375591019028, "gt_scores/nonlin_additive_pairwise/pct5": -0.8038375591019028, "rho_curated/additive/additive": 0.9999933170077325, "rho_random/additive/additive": 0.9999815360196836, "rho_curated/pairwise/additive": 0.999343245277714, "rho_random/pairwise/additive": 0.9993839962829617, "rho_curated/additive_GE/additive": 0.9999623969904942, "rho_random/additive_GE/additive": 0.9999206320076046, "rho_curated/pairwise_GE/additive": 0.9982638462184706, "rho_random/pairwise_GE/additive": 0.9969516712545885, "rho_curated/additive/additive_pairwise": 0.978238354809534, "rho_random/additive/additive_pairwise": 0.9670105573156864, "rho_curated/pairwise/additive_pairwise": 0.9736996888753563, "rho_random/pairwise/additive_pairwise": 0.9635442691867707, "rho_curated/additive_GE/additive_pairwise": 0.9792331224973247, "rho_random/additive_GE/additive_pairwise": 0.9692729439298031, "rho_curated/pairwise_GE/additive_pairwise": 0.9710044116547846, "rho_random/pairwise_GE/additive_pairwise": 0.9620624210625385, "rho_curated/additive/nonlin_additive": 0.9926309173048831, "rho_random/additive/nonlin_additive": 0.9921776561573378, "rho_curated/pairwise/nonlin_additive": 0.9907850532785177, "rho_random/pairwise/nonlin_additive": 0.9906395887068522, "rho_curated/additive_GE/nonlin_additive": 0.9999467652618682, "rho_random/additive_GE/nonlin_additive": 0.9999317187270167, "rho_curated/pairwise_GE/nonlin_additive": 0.9966197299687082, "rho_random/pairwise_GE/nonlin_additive": 0.9964931060038041, "rho_curated/additive/nonlin_additive_pairwise": 0.20109700547186643, "rho_random/additive/nonlin_additive_pairwise": 0.6199797036118546, "rho_curated/pairwise/nonlin_additive_pairwise": 0.18145632007855683, "rho_random/pairwise/nonlin_additive_pairwise": 0.5439199403218729, "rho_curated/additive_GE/nonlin_additive_pairwise": 0.2559002176583611, "rho_random/additive_GE/nonlin_additive_pairwise": 0.6448285587573523, "rho_curated/pairwise_GE/nonlin_additive_pairwise": 0.2129274840380998, "rho_random/pairwise_GE/nonlin_additive_pairwise": 0.6513717710478697, "rho_curated_mean": 0.795693867274517, "rho_random_mean": 0.8935918793995998, "_wandb": {"runtime": 590}}