{"potts/n_edges": 139, "potts/edge_density": 0.7315789473684211, "potts/J_mean_abs": 3.277284622192383, "potts/J_std": 2.890441656112671, "_timestamp": 1773455875.475272, "_runtime": 603.0970239639282, "_step": 21, "gt_scores/additive/std": 1.1679848925803606, "gt_scores/additive/min": -7.822732448577881, "gt_scores/additive/pct5": -5.290616750717163, "gt_scores/additive_pairwise/std": 48.084567469175475, "gt_scores/additive_pairwise/min": -338.4146423339844, "gt_scores/additive_pairwise/pct5": -185.53574829101564, "gt_scores/nonlin_additive/std": 0.15481317080016796, "gt_scores/nonlin_additive/min": -0.7984893206648476, "gt_scores/nonlin_additive/pct5": -0.7612731900288069, "gt_scores/nonlin_additive_pairwise/std": 0.010536381404550951, "gt_scores/nonlin_additive_pairwise/min": -0.8035095018786592, "gt_scores/nonlin_additive_pairwise/pct5": -0.8035095018786592, "rho_curated/additive/additive": 0.9999976158879047, "rho_random/additive/additive": 0.9999927140707091, "rho_curated/pairwise/additive": 0.99994455966178, "rho_random/pairwise/additive": 0.9998967849093018, "rho_curated/additive_GE/additive": 0.9999517647740671, "rho_random/additive_GE/additive": 0.9999136315349471, "rho_curated/pairwise_GE/additive": 0.9989956952158038, "rho_random/pairwise_GE/additive": 0.9985748232848257, "rho_curated/additive/additive_pairwise": 0.9650069493202778, "rho_random/additive/additive_pairwise": 0.946035185140789, "rho_curated/pairwise/additive_pairwise": 0.9999272849890912, "rho_random/pairwise/additive_pairwise": 0.999864974543493, "rho_curated/additive_GE/additive_pairwise": 0.965592354655694, "rho_random/additive_GE/additive_pairwise": 0.946277323032709, "rho_curated/pairwise_GE/additive_pairwise": 0.9914215386566557, "rho_random/pairwise_GE/additive_pairwise": 0.9893258395751435, "rho_curated/additive/nonlin_additive": 0.9975115819084036, "rho_random/additive/nonlin_additive": 0.9973141287879707, "rho_curated/pairwise/nonlin_additive": 0.9987864803434301, "rho_random/pairwise/nonlin_additive": 0.9969319826273008, "rho_curated/additive_GE/nonlin_additive": 0.9999921151596844, "rho_random/additive_GE/nonlin_additive": 0.9999869693127316, "rho_curated/pairwise_GE/nonlin_additive": 0.9971866382874655, "rho_random/pairwise_GE/nonlin_additive": 0.9969969190777871, "rho_curated/additive/nonlin_additive_pairwise": 0.7769142179821873, "rho_random/additive/nonlin_additive_pairwise": 0.22127919871670915, "rho_curated/pairwise/nonlin_additive_pairwise": 0.7371673323472017, "rho_random/pairwise/nonlin_additive_pairwise": 0.1861216483495667, "rho_curated/additive_GE/nonlin_additive_pairwise": 0.032663221607965594, "rho_random/additive_GE/nonlin_additive_pairwise": -0.0033994353316427082, "rho_curated/pairwise_GE/nonlin_additive_pairwise": 0.6502531251302204, "rho_random/pairwise_GE/nonlin_additive_pairwise": 0.18776213909307748, "rho_curated_mean": 0.8819570297454895, "rho_random_mean": 0.7789296766703386, "_wandb": {"runtime": 602}}