{"potts/n_edges": 73, "potts/edge_density": 0.6952380952380952, "potts/J_mean_abs": 2.847203493118286, "potts/J_std": 2.234506845474243, "_timestamp": 1773614712.6225007, "_runtime": 527.0149285793304, "_step": 21, "gt_scores/additive/std": 0.9557475539592777, "gt_scores/additive/min": -7.033940315246582, "gt_scores/additive/pct5": -5.159853672981262, "gt_scores/additive_pairwise/std": 28.228778238777732, "gt_scores/additive_pairwise/min": -232.74110412597656, "gt_scores/additive_pairwise/pct5": -198.8941223144531, "gt_scores/nonlin_additive/std": 0.1307311439252841, "gt_scores/nonlin_additive/min": -0.8613129322410867, "gt_scores/nonlin_additive/pct5": -0.8371371284084792, "gt_scores/nonlin_additive_pairwise/std": 1.1102230246251565e-16, "gt_scores/nonlin_additive_pairwise/min": -0.8653877661321029, "gt_scores/nonlin_additive_pairwise/pct5": -0.8653877661321029, "rho_curated/additive/additive": 0.9999980576799219, "rho_random/additive/additive": 0.9999939864892079, "rho_curated/pairwise/additive": 0.9999728584469129, "rho_random/pairwise/additive": 0.9999413193651431, "rho_curated/additive_GE/additive": 0.9999884574395377, "rho_random/additive_GE/additive": 0.9999722878446381, "rho_curated/pairwise_GE/additive": 0.9997705135748094, "rho_random/pairwise_GE/additive": 0.9996003586995588, "rho_curated/additive/additive_pairwise": 0.9201560071284915, "rho_random/additive/additive_pairwise": 0.880078439699111, "rho_curated/pairwise/additive_pairwise": 0.9999705635908204, "rho_random/pairwise/additive_pairwise": 0.999953798467974, "rho_curated/additive_GE/additive_pairwise": 0.9203613290528966, "rho_random/additive_GE/additive_pairwise": 0.8683412186649931, "rho_curated/pairwise_GE/additive_pairwise": 0.999588028367462, "rho_random/pairwise_GE/additive_pairwise": 0.9994725212571804, "rho_curated/additive/nonlin_additive": 0.9966544453459368, "rho_random/additive/nonlin_additive": 0.997237100837295, "rho_curated/pairwise/nonlin_additive": 0.9991032262360429, "rho_random/pairwise/nonlin_additive": 0.9979016179831584, "rho_curated/additive_GE/nonlin_additive": 0.9999881955515265, "rho_random/additive_GE/nonlin_additive": 0.9999874891221668, "rho_curated/pairwise_GE/nonlin_additive": 0.9992529539619925, "rho_random/pairwise_GE/nonlin_additive": 0.9993722758258555, "rho_curated/additive/nonlin_additive_pairwise": NaN, "rho_random/additive/nonlin_additive_pairwise": NaN, "rho_curated/pairwise/nonlin_additive_pairwise": NaN, "rho_random/pairwise/nonlin_additive_pairwise": NaN, "rho_curated/additive_GE/nonlin_additive_pairwise": NaN, "rho_random/additive_GE/nonlin_additive_pairwise": NaN, "rho_curated/pairwise_GE/nonlin_additive_pairwise": NaN, "rho_random/pairwise_GE/nonlin_additive_pairwise": NaN, "rho_curated_mean": 0.9862337196980294, "rho_random_mean": 0.9784877011880235, "_wandb": {"runtime": 526}}