{"potts/n_edges": 168, "potts/edge_density": 0.8842105263157894, "potts/J_mean_abs": 2.4014625549316406, "potts/J_std": 1.913283348083496, "_timestamp": 1773406184.089026, "_runtime": 541.2746238708496, "_step": 21, "gt_scores/additive/std": 1.210202704410808, "gt_scores/additive/min": -8.911455154418945, "gt_scores/additive/pct5": -6.663809275627136, "gt_scores/additive_pairwise/std": 58.19449206830333, "gt_scores/additive_pairwise/min": -406.2068786621094, "gt_scores/additive_pairwise/pct5": -291.88433837890625, "gt_scores/nonlin_additive/std": 0.125785236402486, "gt_scores/nonlin_additive/min": -0.8664681453126024, "gt_scores/nonlin_additive/pct5": -0.8440971430509998, "gt_scores/nonlin_additive_pairwise/std": 4.1806733109835734e-15, "gt_scores/nonlin_additive_pairwise/min": -0.8707194432537088, "gt_scores/nonlin_additive_pairwise/pct5": -0.8707194432537088, "rho_curated/additive/additive": 0.9999979039119159, "rho_random/additive/additive": 0.99999329968891, "rho_curated/pairwise/additive": 0.9999441749417618, "rho_random/pairwise/additive": 0.9998985526943548, "rho_curated/additive_GE/additive": 0.9999840612873613, "rho_random/additive_GE/additive": 0.999961371863633, "rho_curated/pairwise_GE/additive": 0.9993488499978759, "rho_random/pairwise_GE/additive": 0.9989695104340923, "rho_curated/additive/additive_pairwise": 0.980675153339006, "rho_random/additive/additive_pairwise": 0.9682515399994194, "rho_curated/pairwise/additive_pairwise": 0.9999409103416349, "rho_random/pairwise/additive_pairwise": 0.9998765396275472, "rho_curated/additive_GE/additive_pairwise": 0.9808775863391034, "rho_random/additive_GE/additive_pairwise": 0.9692892297384482, "rho_curated/pairwise_GE/additive_pairwise": 0.999133143125305, "rho_random/pairwise_GE/additive_pairwise": 0.998612221775549, "rho_curated/additive/nonlin_additive": 0.9944878283631163, "rho_random/additive/nonlin_additive": 0.9952124748781445, "rho_curated/pairwise/nonlin_additive": 0.9979220124048306, "rho_random/pairwise/nonlin_additive": 0.993007058458187, "rho_curated/additive_GE/nonlin_additive": 0.9999804198632154, "rho_random/additive_GE/nonlin_additive": 0.9999796531200831, "rho_curated/pairwise_GE/nonlin_additive": 0.9984040823520868, "rho_random/pairwise_GE/nonlin_additive": 0.9986353178549107, "rho_curated/additive/nonlin_additive_pairwise": NaN, "rho_random/additive/nonlin_additive_pairwise": NaN, "rho_curated/pairwise/nonlin_additive_pairwise": NaN, "rho_random/pairwise/nonlin_additive_pairwise": NaN, "rho_curated/additive_GE/nonlin_additive_pairwise": NaN, "rho_random/additive_GE/nonlin_additive_pairwise": NaN, "rho_curated/pairwise_GE/nonlin_additive_pairwise": NaN, "rho_random/pairwise_GE/nonlin_additive_pairwise": NaN, "rho_curated_mean": 0.9958913438556011, "rho_random_mean": 0.9934738975111066, "_wandb": {"runtime": 540}}