{"potts/n_edges": 71, "potts/edge_density": 0.6761904761904762, "potts/J_mean_abs": 3.116250991821289, "potts/J_std": 2.736177921295166, "_timestamp": 1773516073.7838, "_runtime": 523.9690699577332, "_step": 21, "gt_scores/additive/std": 0.7770162874764199, "gt_scores/additive/min": -5.525506973266602, "gt_scores/additive/pct5": -4.092422103881836, "gt_scores/additive_pairwise/std": 32.14508723443353, "gt_scores/additive_pairwise/min": -273.7324523925781, "gt_scores/additive_pairwise/pct5": -220.19210968017578, "gt_scores/nonlin_additive/std": 0.13179785214960515, "gt_scores/nonlin_additive/min": -0.851066460422529, "gt_scores/nonlin_additive/pct5": -0.8261551473383105, "gt_scores/nonlin_additive_pairwise/std": 2.220446049250313e-16, "gt_scores/nonlin_additive_pairwise/min": -0.8558889585984598, "gt_scores/nonlin_additive_pairwise/pct5": -0.8558889585984598, "rho_curated/additive/additive": 0.9999983333439332, "rho_random/additive/additive": 0.9999939836000012, "rho_curated/pairwise/additive": 0.9999768659910742, "rho_random/pairwise/additive": 0.9999453164478403, "rho_curated/additive_GE/additive": 0.9999870529594821, "rho_random/additive_GE/additive": 0.9999658217007592, "rho_curated/pairwise_GE/additive": 0.9993344058373602, "rho_random/pairwise_GE/additive": 0.9992206774937047, "rho_curated/additive/additive_pairwise": 0.9288507075569055, "rho_random/additive/additive_pairwise": 0.8790117169917623, "rho_curated/pairwise/additive_pairwise": 0.9999716839588653, "rho_random/pairwise/additive_pairwise": 0.999940263940264, "rho_curated/additive_GE/additive_pairwise": NaN, "rho_random/additive_GE/additive_pairwise": NaN, "rho_curated/pairwise_GE/additive_pairwise": 0.9996694267947533, "rho_random/pairwise_GE/additive_pairwise": 0.9994940037467651, "rho_curated/additive/nonlin_additive": 0.9960638909062722, "rho_random/additive/nonlin_additive": 0.9965164743857984, "rho_curated/pairwise/nonlin_additive": 0.9993636659904854, "rho_random/pairwise/nonlin_additive": 0.99622429851959, "rho_curated/additive_GE/nonlin_additive": 0.9999941984077675, "rho_random/additive_GE/nonlin_additive": 0.9999923896882225, "rho_curated/pairwise_GE/nonlin_additive": 0.999596773151832, "rho_random/pairwise_GE/nonlin_additive": 0.9996076705935862, "rho_curated/additive/nonlin_additive_pairwise": NaN, "rho_random/additive/nonlin_additive_pairwise": NaN, "rho_curated/pairwise/nonlin_additive_pairwise": NaN, "rho_random/pairwise/nonlin_additive_pairwise": NaN, "rho_curated/additive_GE/nonlin_additive_pairwise": NaN, "rho_random/additive_GE/nonlin_additive_pairwise": NaN, "rho_curated/pairwise_GE/nonlin_additive_pairwise": NaN, "rho_random/pairwise_GE/nonlin_additive_pairwise": NaN, "rho_curated_mean": 0.9929824549907937, "rho_random_mean": 0.9881738742825722, "_wandb": {"runtime": 523}}