{"potts/n_edges": 61, "potts/edge_density": 0.580952380952381, "potts/J_mean_abs": 2.9365739822387695, "potts/J_std": 2.6473050117492676, "_timestamp": 1773482684.2395184, "_runtime": 690.178076505661, "_step": 21, "gt_scores/additive/std": 0.8585679836310052, "gt_scores/additive/min": -5.308662414550781, "gt_scores/additive/pct5": -3.522884654998779, "gt_scores/additive_pairwise/std": 25.850915500768533, "gt_scores/additive_pairwise/min": -175.59536743164062, "gt_scores/additive_pairwise/pct5": -94.37584762573242, "gt_scores/nonlin_additive/std": 0.1653544469639066, "gt_scores/nonlin_additive/min": -0.7544436006595712, "gt_scores/nonlin_additive/pct5": -0.711007353530966, "gt_scores/nonlin_additive_pairwise/std": 0.027979824686688866, "gt_scores/nonlin_additive_pairwise/min": -0.7609713320242051, "gt_scores/nonlin_additive_pairwise/pct5": -0.7609713320242051, "rho_curated/additive/additive": 0.999998021511915, "rho_random/additive/additive": 0.9999930792195253, "rho_curated/pairwise/additive": 0.999975192566931, "rho_random/pairwise/additive": 0.9999402368128929, "rho_curated/additive_GE/additive": 0.9999911005836166, "rho_random/additive_GE/additive": 0.999975735289221, "rho_curated/pairwise_GE/additive": 0.9996733271059296, "rho_random/pairwise_GE/additive": 0.9995273900677154, "rho_curated/additive/additive_pairwise": 0.9493317412779736, "rho_random/additive/additive_pairwise": 0.9191468725168107, "rho_curated/pairwise/additive_pairwise": 0.9999711216148409, "rho_random/pairwise/additive_pairwise": 0.9999412823496533, "rho_curated/additive_GE/additive_pairwise": 0.9487099991250144, "rho_random/additive_GE/additive_pairwise": 0.931093950163226, "rho_curated/pairwise_GE/additive_pairwise": 0.999615162744542, "rho_random/pairwise_GE/additive_pairwise": 0.9994294670895875, "rho_curated/additive/nonlin_additive": 0.998077891886357, "rho_random/additive/nonlin_additive": 0.9970309520518805, "rho_curated/pairwise/nonlin_additive": 0.9995581754575872, "rho_random/pairwise/nonlin_additive": 0.9992522183960336, "rho_curated/additive_GE/nonlin_additive": 0.9999874163913618, "rho_random/additive_GE/nonlin_additive": 0.9999774925939181, "rho_curated/pairwise_GE/nonlin_additive": 0.9998501309603975, "rho_random/pairwise_GE/nonlin_additive": 0.9997939468716933, "rho_curated/additive/nonlin_additive_pairwise": 0.09843982463599146, "rho_random/additive/nonlin_additive_pairwise": 0.42452456360795665, "rho_curated/pairwise/nonlin_additive_pairwise": 0.03569843878311406, "rho_random/pairwise/nonlin_additive_pairwise": 0.3898281090597244, "rho_curated/additive_GE/nonlin_additive_pairwise": 0.07980105494658048, "rho_random/additive_GE/nonlin_additive_pairwise": 0.30970857909960386, "rho_curated/pairwise_GE/nonlin_additive_pairwise": 0.09075773308925521, "rho_random/pairwise_GE/nonlin_additive_pairwise": 0.4547287553290921, "rho_curated_mean": 0.762464770792588, "rho_random_mean": 0.8389932894074084, "_wandb": {"runtime": 689}}