{"potts/n_edges": 157, "potts/edge_density": 0.8263157894736842, "potts/J_mean_abs": 2.8342087268829346, "potts/J_std": 2.2967777252197266, "_timestamp": 1773357029.9334128, "_runtime": 519.8315188884735, "_step": 21, "gt_scores/additive/std": 1.210202704410808, "gt_scores/additive/min": -8.911455154418945, "gt_scores/additive/pct5": -6.663809275627136, "gt_scores/additive_pairwise/std": 54.79310709917834, "gt_scores/additive_pairwise/min": -409.7985534667969, "gt_scores/additive_pairwise/pct5": -271.52956237792966, "gt_scores/nonlin_additive/std": 0.125785236402486, "gt_scores/nonlin_additive/min": -0.8664681453126024, "gt_scores/nonlin_additive/pct5": -0.8440971430509998, "gt_scores/nonlin_additive_pairwise/std": 5.340222083285523e-12, "gt_scores/nonlin_additive_pairwise/min": -0.8707194432537088, "gt_scores/nonlin_additive_pairwise/pct5": -0.8707194432537088, "rho_curated/additive/additive": 0.9999976617279063, "rho_random/additive/additive": 0.9999933127806238, "rho_curated/pairwise/additive": 0.9999435610217423, "rho_random/pairwise/additive": 0.9998775364273629, "rho_curated/additive_GE/additive": 0.9999846313113843, "rho_random/additive_GE/additive": 0.9999637653248422, "rho_curated/pairwise_GE/additive": 0.9992461861057931, "rho_random/pairwise_GE/additive": 0.9986563254969691, "rho_curated/additive/additive_pairwise": 0.9720111225344297, "rho_random/additive/additive_pairwise": 0.9546513610117974, "rho_curated/pairwise/additive_pairwise": 0.9999421872616846, "rho_random/pairwise/additive_pairwise": 0.9998630153506863, "rho_curated/additive_GE/additive_pairwise": 0.9718920047216564, "rho_random/additive_GE/additive_pairwise": 0.9531451906989381, "rho_curated/pairwise_GE/additive_pairwise": 0.9991452526857278, "rho_random/pairwise_GE/additive_pairwise": 0.9987226916022003, "rho_curated/additive/nonlin_additive": 0.9949292791726846, "rho_random/additive/nonlin_additive": 0.9958390121827264, "rho_curated/pairwise/nonlin_additive": 0.9978567400581669, "rho_random/pairwise/nonlin_additive": 0.9929649872665292, "rho_curated/additive_GE/nonlin_additive": 0.999986730183469, "rho_random/additive_GE/nonlin_additive": 0.9999861076566161, "rho_curated/pairwise_GE/nonlin_additive": 0.9989567001581928, "rho_random/pairwise_GE/nonlin_additive": 0.9989237468693482, "rho_curated/additive/nonlin_additive_pairwise": NaN, "rho_random/additive/nonlin_additive_pairwise": NaN, "rho_curated/pairwise/nonlin_additive_pairwise": NaN, "rho_random/pairwise/nonlin_additive_pairwise": NaN, "rho_curated/additive_GE/nonlin_additive_pairwise": NaN, "rho_random/additive_GE/nonlin_additive_pairwise": NaN, "rho_curated/pairwise_GE/nonlin_additive_pairwise": NaN, "rho_random/pairwise_GE/nonlin_additive_pairwise": NaN, "rho_curated_mean": 0.9944910047452363, "rho_random_mean": 0.9910489210557198, "_wandb": {"runtime": 519}}