{"potts/n_edges": 130, "potts/edge_density": 0.6842105263157895, "potts/J_mean_abs": 1.342085361480713, "potts/J_std": 1.1059417724609375, "_timestamp": 1773705992.2981544, "_runtime": 615.8539884090424, "_step": 21, "gt_scores/additive/std": 1.210202704410808, "gt_scores/additive/min": -8.911455154418945, "gt_scores/additive/pct5": -6.663809275627136, "gt_scores/additive_pairwise/std": 26.265111884814228, "gt_scores/additive_pairwise/min": -194.53125, "gt_scores/additive_pairwise/pct5": -130.81381454467774, "gt_scores/nonlin_additive/std": 0.125785236402486, "gt_scores/nonlin_additive/min": -0.8664681453126024, "gt_scores/nonlin_additive/pct5": -0.8440971430509998, "gt_scores/nonlin_additive_pairwise/std": 1.1580081143960629e-08, "gt_scores/nonlin_additive_pairwise/min": -0.8707194432537088, "gt_scores/nonlin_additive_pairwise/pct5": -0.8707194432537088, "rho_curated/additive/additive": 0.9999981392559253, "rho_random/additive/additive": 0.9999925773893138, "rho_curated/pairwise/additive": 0.9999494014459726, "rho_random/pairwise/additive": 0.9998970439046305, "rho_curated/additive_GE/additive": 0.9999878477915126, "rho_random/additive_GE/additive": 0.9999700599697016, "rho_curated/pairwise_GE/additive": 0.999277463411029, "rho_random/pairwise_GE/additive": 0.9987125615232381, "rho_curated/additive/additive_pairwise": 0.9761965857815784, "rho_random/additive/additive_pairwise": 0.9610682312744936, "rho_curated/pairwise/additive_pairwise": 0.9999294691571737, "rho_random/pairwise/additive_pairwise": 0.9998435201188808, "rho_curated/additive_GE/additive_pairwise": 0.976534639091133, "rho_random/additive_GE/additive_pairwise": 0.9611305019861057, "rho_curated/pairwise_GE/additive_pairwise": 0.9919908894064824, "rho_random/pairwise_GE/additive_pairwise": 0.9866146602239652, "rho_curated/additive/nonlin_additive": 0.9946340227369745, "rho_random/additive/nonlin_additive": 0.9953229740022415, "rho_curated/pairwise/nonlin_additive": 0.9981233054528871, "rho_random/pairwise/nonlin_additive": 0.9917116291728879, "rho_curated/additive_GE/nonlin_additive": 0.9999888946955556, "rho_random/additive_GE/nonlin_additive": 0.9999874321871647, "rho_curated/pairwise_GE/nonlin_additive": 0.9988671857706057, "rho_random/pairwise_GE/nonlin_additive": 0.9988538358602875, "rho_curated/additive/nonlin_additive_pairwise": NaN, "rho_random/additive/nonlin_additive_pairwise": NaN, "rho_curated/pairwise/nonlin_additive_pairwise": NaN, "rho_random/pairwise/nonlin_additive_pairwise": NaN, "rho_curated/additive_GE/nonlin_additive_pairwise": NaN, "rho_random/additive_GE/nonlin_additive_pairwise": NaN, "rho_curated/pairwise_GE/nonlin_additive_pairwise": NaN, "rho_random/pairwise_GE/nonlin_additive_pairwise": NaN, "rho_curated_mean": 0.9946231536664024, "rho_random_mean": 0.9910920856344094, "_wandb": {"runtime": 615}}