{"potts/n_edges": 111, "potts/edge_density": 0.5842105263157895, "potts/J_mean_abs": 3.601374626159668, "potts/J_std": 3.10014009475708, "_timestamp": 1773649857.9743516, "_runtime": 504.00008964538574, "_step": 21, "gt_scores/additive/std": 1.210202704410808, "gt_scores/additive/min": -8.911455154418945, "gt_scores/additive/pct5": -6.663809275627136, "gt_scores/additive_pairwise/std": 58.8080860882559, "gt_scores/additive_pairwise/min": -403.4778137207031, "gt_scores/additive_pairwise/pct5": -281.8884674072266, "gt_scores/nonlin_additive/std": 0.125785236402486, "gt_scores/nonlin_additive/min": -0.8664681453126024, "gt_scores/nonlin_additive/pct5": -0.8440971430509998, "gt_scores/nonlin_additive_pairwise/std": 2.488123384028781e-12, "gt_scores/nonlin_additive_pairwise/min": -0.8707194432537088, "gt_scores/nonlin_additive_pairwise/pct5": -0.8707194432537088, "rho_curated/additive/additive": 0.9999985140399404, "rho_random/additive/additive": 0.9999957188298936, "rho_curated/pairwise/additive": 0.9999420328456783, "rho_random/pairwise/additive": 0.9998846803489699, "rho_curated/additive_GE/additive": 0.9999701585668056, "rho_random/additive_GE/additive": 0.9999347732080758, "rho_curated/pairwise_GE/additive": 0.9992828112353123, "rho_random/pairwise_GE/additive": 0.998688138346951, "rho_curated/additive/additive_pairwise": 0.9674628884249539, "rho_random/additive/additive_pairwise": 0.9511571400049338, "rho_curated/pairwise/additive_pairwise": 0.9999373372694889, "rho_random/pairwise/additive_pairwise": 0.9998938736520686, "rho_curated/additive_GE/additive_pairwise": 0.9674931412901656, "rho_random/additive_GE/additive_pairwise": 0.9505679833557253, "rho_curated/pairwise_GE/additive_pairwise": 0.9986526765940749, "rho_random/pairwise_GE/additive_pairwise": 0.9979304009934136, "rho_curated/additive/nonlin_additive": 0.9951819875190484, "rho_random/additive/nonlin_additive": 0.9960042427195603, "rho_curated/pairwise/nonlin_additive": 0.99808754019541, "rho_random/pairwise/nonlin_additive": 0.991410757549597, "rho_curated/additive_GE/nonlin_additive": 0.9999868089514714, "rho_random/additive_GE/nonlin_additive": 0.9999812223081861, "rho_curated/pairwise_GE/nonlin_additive": 0.9980416544256192, "rho_random/pairwise_GE/nonlin_additive": 0.9981426196083524, "rho_curated/additive/nonlin_additive_pairwise": NaN, "rho_random/additive/nonlin_additive_pairwise": NaN, "rho_curated/pairwise/nonlin_additive_pairwise": NaN, "rho_random/pairwise/nonlin_additive_pairwise": NaN, "rho_curated/additive_GE/nonlin_additive_pairwise": NaN, "rho_random/additive_GE/nonlin_additive_pairwise": NaN, "rho_curated/pairwise_GE/nonlin_additive_pairwise": NaN, "rho_random/pairwise_GE/nonlin_additive_pairwise": NaN, "rho_curated_mean": 0.9936697959464974, "rho_random_mean": 0.9902992959104773, "_wandb": {"runtime": 503}}