{"potts/n_edges": 350, "potts/edge_density": 0.8045977011494253, "potts/J_mean_abs": 2.4017584323883057, "potts/J_std": 1.8704655170440674, "_timestamp": 1773395440.0824206, "_runtime": 514.1265325546265, "_step": 21, "gt_scores/additive/std": 1.3145519307288893, "gt_scores/additive/min": -9.543702125549316, "gt_scores/additive/pct5": -6.543755149841308, "gt_scores/additive_pairwise/std": 66.78905472327288, "gt_scores/additive_pairwise/min": -434.61126708984375, "gt_scores/additive_pairwise/pct5": -287.0008941650391, "gt_scores/nonlin_additive/std": 0.1415948963973883, "gt_scores/nonlin_additive/min": -0.8305795334928087, "gt_scores/nonlin_additive/pct5": -0.8006284573354645, "gt_scores/nonlin_additive_pairwise/std": 3.816324314121733e-05, "gt_scores/nonlin_additive_pairwise/min": -0.8341020215334246, "gt_scores/nonlin_additive_pairwise/pct5": -0.8341020215334246, "rho_curated/additive/additive": 0.9999973924478954, "rho_random/additive/additive": 0.9999931034859547, "rho_curated/pairwise/additive": 0.9991560308701805, "rho_random/pairwise/additive": 0.9986793157713476, "rho_curated/additive_GE/additive": 0.9999794892631785, "rho_random/additive_GE/additive": 0.9999539685654636, "rho_curated/pairwise_GE/additive": 0.969815127511156, "rho_random/pairwise_GE/additive": 0.9538305558129442, "rho_curated/additive/additive_pairwise": 0.9833948801745996, "rho_random/additive/additive_pairwise": 0.9734564471727865, "rho_curated/pairwise/additive_pairwise": 0.9915311590930431, "rho_random/pairwise/additive_pairwise": 0.9855737874138576, "rho_curated/additive_GE/additive_pairwise": 0.9832004937272134, "rho_random/additive_GE/additive_pairwise": 0.9730153209016592, "rho_curated/pairwise_GE/additive_pairwise": 0.9522790895037276, "rho_random/pairwise_GE/additive_pairwise": 0.9280300640049813, "rho_curated/additive/nonlin_additive": 0.9971581239581203, "rho_random/additive/nonlin_additive": 0.997094653849145, "rho_curated/pairwise/nonlin_additive": 0.9886207704888306, "rho_random/pairwise/nonlin_additive": 0.9832778592482659, "rho_curated/additive_GE/nonlin_additive": 0.9999832318713276, "rho_random/additive_GE/nonlin_additive": 0.999980948963616, "rho_curated/pairwise_GE/nonlin_additive": 0.9797471987738878, "rho_random/pairwise_GE/nonlin_additive": 0.9751328609148862, "rho_curated/additive/nonlin_additive_pairwise": NaN, "rho_random/additive/nonlin_additive_pairwise": NaN, "rho_curated/pairwise/nonlin_additive_pairwise": NaN, "rho_random/pairwise/nonlin_additive_pairwise": NaN, "rho_curated/additive_GE/nonlin_additive_pairwise": NaN, "rho_random/additive_GE/nonlin_additive_pairwise": NaN, "rho_curated/pairwise_GE/nonlin_additive_pairwise": NaN, "rho_random/pairwise_GE/nonlin_additive_pairwise": 0.07575916753802209, "rho_curated_mean": 0.9870719156402634, "rho_random_mean": 0.9110598502802254, "_wandb": {"runtime": 513}}