{"potts/n_edges": 71, "potts/edge_density": 0.6761904761904762, "potts/J_mean_abs": 3.144280195236206, "potts/J_std": 2.8676793575286865, "_timestamp": 1773369678.3371377, "_runtime": 486.50604271888733, "_step": 21, "gt_scores/additive/std": 0.7770162874764199, "gt_scores/additive/min": -5.525506973266602, "gt_scores/additive/pct5": -4.092422103881836, "gt_scores/additive_pairwise/std": 32.08137329068303, "gt_scores/additive_pairwise/min": -300.283447265625, "gt_scores/additive_pairwise/pct5": -228.19654693603516, "gt_scores/nonlin_additive/std": 0.13179785214960515, "gt_scores/nonlin_additive/min": -0.851066460422529, "gt_scores/nonlin_additive/pct5": -0.8261551473383105, "gt_scores/nonlin_additive_pairwise/std": 2.220446049250313e-16, "gt_scores/nonlin_additive_pairwise/min": -0.8558889585984598, "gt_scores/nonlin_additive_pairwise/pct5": -0.8558889585984598, "rho_curated/additive/additive": 0.999997653375906, "rho_random/additive/additive": 0.9999933128057956, "rho_curated/pairwise/additive": 0.9999742744949686, "rho_random/pairwise/additive": 0.9999524252763938, "rho_curated/additive_GE/additive": 0.9999864656794576, "rho_random/additive_GE/additive": 0.9999664523658178, "rho_curated/pairwise_GE/additive": 0.9972549254899337, "rho_random/pairwise_GE/additive": 0.9947510307155271, "rho_curated/additive/additive_pairwise": 0.9107912359590853, "rho_random/additive/additive_pairwise": 0.8451908585112151, "rho_curated/pairwise/additive_pairwise": 0.9999692171187655, "rho_random/pairwise/additive_pairwise": 0.9999433982599535, "rho_curated/additive_GE/additive_pairwise": 0.910436565694715, "rho_random/additive_GE/additive_pairwise": 0.8513056312878057, "rho_curated/pairwise_GE/additive_pairwise": 0.9995768494310231, "rho_random/pairwise_GE/additive_pairwise": 0.9993781988754552, "rho_curated/additive/nonlin_additive": 0.9964572834896113, "rho_random/additive/nonlin_additive": 0.9965790782750205, "rho_curated/pairwise/nonlin_additive": 0.9992942891635853, "rho_random/pairwise/nonlin_additive": 0.9975807354568078, "rho_curated/additive_GE/nonlin_additive": 0.999983448135332, "rho_random/additive_GE/nonlin_additive": 0.9999846069889763, "rho_curated/pairwise_GE/nonlin_additive": 0.999737554805452, "rho_random/pairwise_GE/nonlin_additive": 0.9997359174900597, "rho_curated/additive/nonlin_additive_pairwise": NaN, "rho_random/additive/nonlin_additive_pairwise": NaN, "rho_curated/pairwise/nonlin_additive_pairwise": NaN, "rho_random/pairwise/nonlin_additive_pairwise": NaN, "rho_curated/additive_GE/nonlin_additive_pairwise": NaN, "rho_random/additive_GE/nonlin_additive_pairwise": NaN, "rho_curated/pairwise_GE/nonlin_additive_pairwise": NaN, "rho_random/pairwise_GE/nonlin_additive_pairwise": NaN, "rho_curated_mean": 0.9844549802364863, "rho_random_mean": 0.973696803859069, "_wandb": {"runtime": 486}}