{"potts/n_edges": 666, "potts/edge_density": 0.8121951219512196, "potts/J_mean_abs": 2.651146650314331, "potts/J_std": 2.148444890975952, "_timestamp": 1773693021.5783215, "_runtime": 516.3113934993744, "_step": 21, "gt_scores/additive/std": 1.3716052166180124, "gt_scores/additive/min": -9.657029151916504, "gt_scores/additive/pct5": -6.695575809478759, "gt_scores/additive_pairwise/std": 89.07831752055522, "gt_scores/additive_pairwise/min": -637.94189453125, "gt_scores/additive_pairwise/pct5": -358.3949569702148, "gt_scores/nonlin_additive/std": 0.1440377317855033, "gt_scores/nonlin_additive/min": -0.8210666984264194, "gt_scores/nonlin_additive/pct5": -0.790616199558326, "gt_scores/nonlin_additive_pairwise/std": 8.066738704615914e-05, "gt_scores/nonlin_additive_pairwise/min": -0.8251824253573227, "gt_scores/nonlin_additive_pairwise/pct5": -0.8251824253573227, "rho_curated/additive/additive": 0.9999964797518592, "rho_random/additive/additive": 0.9999902345753086, "rho_curated/pairwise/additive": 0.998801083575957, "rho_random/pairwise/additive": 0.998358577510864, "rho_curated/additive_GE/additive": 0.9999702835828101, "rho_random/additive_GE/additive": 0.999936195936196, "rho_curated/pairwise_GE/additive": 0.9609486531471345, "rho_random/pairwise_GE/additive": 0.9360865221661907, "rho_curated/additive/additive_pairwise": 0.9850793716981004, "rho_random/additive/additive_pairwise": 0.9783569787752752, "rho_curated/pairwise/additive_pairwise": 0.9821639145581286, "rho_random/pairwise/additive_pairwise": 0.9793378173564332, "rho_curated/additive_GE/additive_pairwise": 0.985135107212691, "rho_random/additive_GE/additive_pairwise": 0.9745924491273871, "rho_curated/pairwise_GE/additive_pairwise": 0.9383021488026052, "rho_random/pairwise_GE/additive_pairwise": 0.9224163907731253, "rho_curated/additive/nonlin_additive": 0.9958603083780151, "rho_random/additive/nonlin_additive": 0.9958680069497857, "rho_curated/pairwise/nonlin_additive": 0.9869334533243973, "rho_random/pairwise/nonlin_additive": 0.9826388402060731, "rho_curated/additive_GE/nonlin_additive": 0.999967244822689, "rho_random/additive_GE/nonlin_additive": 0.9999623656655184, "rho_curated/pairwise_GE/nonlin_additive": 0.9847413102292861, "rho_random/pairwise_GE/nonlin_additive": 0.9846430679216054, "rho_curated/additive/nonlin_additive_pairwise": NaN, "rho_random/additive/nonlin_additive_pairwise": 0.05400441155208237, "rho_curated/pairwise/nonlin_additive_pairwise": NaN, "rho_random/pairwise/nonlin_additive_pairwise": 0.09428068165718065, "rho_curated/additive_GE/nonlin_additive_pairwise": NaN, "rho_random/additive_GE/nonlin_additive_pairwise": NaN, "rho_curated/pairwise_GE/nonlin_additive_pairwise": NaN, "rho_random/pairwise_GE/nonlin_additive_pairwise": 0.0638069720684248, "rho_curated_mean": 0.984824946590306, "rho_random_mean": 0.79761863414943, "_wandb": {"runtime": 515}}