{"potts/n_edges": 228, "potts/edge_density": 0.76, "potts/J_mean_abs": 4.092400074005127, "potts/J_std": 3.630851984024048, "_timestamp": 1773484328.4972196, "_runtime": 545.0908634662628, "_step": 21, "gt_scores/additive/std": 1.1398200883094438, "gt_scores/additive/min": -9.020009994506836, "gt_scores/additive/pct5": -6.03385751247406, "gt_scores/additive_pairwise/std": 96.67198657840369, "gt_scores/additive_pairwise/min": -720.7265625, "gt_scores/additive_pairwise/pct5": -427.54007415771486, "gt_scores/nonlin_additive/std": 0.13291535666614748, "gt_scores/nonlin_additive/min": -0.8512857583768847, "gt_scores/nonlin_additive/pct5": -0.8249976913530378, "gt_scores/nonlin_additive_pairwise/std": 2.1510255659935654e-07, "gt_scores/nonlin_additive_pairwise/min": -0.853410595172368, "gt_scores/nonlin_additive_pairwise/pct5": -0.853410595172368, "rho_curated/additive/additive": 0.9999972249278889, "rho_random/additive/additive": 0.9999907619688734, "rho_curated/pairwise/additive": 0.9997569910862621, "rho_random/pairwise/additive": 0.9996169870234265, "rho_curated/additive_GE/additive": 0.9999683751747342, "rho_random/additive_GE/additive": 0.9999192332135792, "rho_curated/pairwise_GE/additive": 0.9815340501329188, "rho_random/pairwise_GE/additive": 0.9712523953069168, "rho_curated/additive/additive_pairwise": 0.9754663723626548, "rho_random/additive/additive_pairwise": 0.9586955448909873, "rho_curated/pairwise/additive_pairwise": 0.9991721687108668, "rho_random/pairwise/additive_pairwise": 0.9984577861014191, "rho_curated/additive_GE/additive_pairwise": 0.9755108520444339, "rho_random/additive_GE/additive_pairwise": 0.9533529018443968, "rho_curated/pairwise_GE/additive_pairwise": 0.9797989762554742, "rho_random/pairwise_GE/additive_pairwise": 0.9720486077446183, "rho_curated/additive/nonlin_additive": 0.9962949523794424, "rho_random/additive/nonlin_additive": 0.9963868855656484, "rho_curated/pairwise/nonlin_additive": 0.9935163879314108, "rho_random/pairwise/nonlin_additive": 0.985433947595361, "rho_curated/additive_GE/nonlin_additive": 0.9999889569515565, "rho_random/additive_GE/nonlin_additive": 0.9999862114860265, "rho_curated/pairwise_GE/nonlin_additive": 0.9891883268057169, "rho_random/pairwise_GE/nonlin_additive": 0.989228273858673, "rho_curated/additive/nonlin_additive_pairwise": NaN, "rho_random/additive/nonlin_additive_pairwise": NaN, "rho_curated/pairwise/nonlin_additive_pairwise": NaN, "rho_random/pairwise/nonlin_additive_pairwise": NaN, "rho_curated/additive_GE/nonlin_additive_pairwise": NaN, "rho_random/additive_GE/nonlin_additive_pairwise": NaN, "rho_curated/pairwise_GE/nonlin_additive_pairwise": NaN, "rho_random/pairwise_GE/nonlin_additive_pairwise": NaN, "rho_curated_mean": 0.9908494695636133, "rho_random_mean": 0.9853641280499938, "_wandb": {"runtime": 544}}