{"potts/n_edges": 139, "potts/edge_density": 0.7315789473684211, "potts/J_mean_abs": 4.09546422958374, "potts/J_std": 3.6069729328155518, "_timestamp": 1773525455.7243354, "_runtime": 521.1219854354858, "_step": 21, "gt_scores/additive/std": 1.210202704410808, "gt_scores/additive/min": -8.911455154418945, "gt_scores/additive/pct5": -6.663809275627136, "gt_scores/additive_pairwise/std": 77.74792904246415, "gt_scores/additive_pairwise/min": -552.5838623046875, "gt_scores/additive_pairwise/pct5": -379.8047897338867, "gt_scores/nonlin_additive/std": 0.125785236402486, "gt_scores/nonlin_additive/min": -0.8664681453126024, "gt_scores/nonlin_additive/pct5": -0.8440971430509998, "gt_scores/nonlin_additive_pairwise/std": 8.011530159794564e-11, "gt_scores/nonlin_additive_pairwise/min": -0.8707194432537088, "gt_scores/nonlin_additive_pairwise/pct5": -0.8707194432537088, "rho_curated/additive/additive": 0.999998102055924, "rho_random/additive/additive": 0.9999934436820666, "rho_curated/pairwise/additive": 0.9999450057737977, "rho_random/pairwise/additive": 0.9998929937889717, "rho_curated/additive_GE/additive": 0.9999758221110308, "rho_random/additive_GE/additive": 0.9999378851691713, "rho_curated/pairwise_GE/additive": 0.9991356394134049, "rho_random/pairwise_GE/additive": 0.998671008344285, "rho_curated/additive/additive_pairwise": 0.969954879588032, "rho_random/additive/additive_pairwise": 0.9510105438967631, "rho_curated/pairwise/additive_pairwise": 0.9999408994696334, "rho_random/pairwise/additive_pairwise": 0.9998956733844135, "rho_curated/additive_GE/additive_pairwise": 0.9698704561766489, "rho_random/additive_GE/additive_pairwise": 0.9546264546024679, "rho_curated/pairwise_GE/additive_pairwise": 0.9991116142124431, "rho_random/pairwise_GE/additive_pairwise": 0.9984506520524231, "rho_curated/additive/nonlin_additive": 0.9950074516878186, "rho_random/additive/nonlin_additive": 0.9953643300468721, "rho_curated/pairwise/nonlin_additive": 0.998296137811641, "rho_random/pairwise/nonlin_additive": 0.9917629683622736, "rho_curated/additive_GE/nonlin_additive": 0.999986045535441, "rho_random/additive_GE/nonlin_additive": 0.9999848722635217, "rho_curated/pairwise_GE/nonlin_additive": 0.9990366239773724, "rho_random/pairwise_GE/nonlin_additive": 0.9991296172511515, "rho_curated/additive/nonlin_additive_pairwise": NaN, "rho_random/additive/nonlin_additive_pairwise": NaN, "rho_curated/pairwise/nonlin_additive_pairwise": NaN, "rho_random/pairwise/nonlin_additive_pairwise": NaN, "rho_curated/additive_GE/nonlin_additive_pairwise": NaN, "rho_random/additive_GE/nonlin_additive_pairwise": NaN, "rho_curated/pairwise_GE/nonlin_additive_pairwise": NaN, "rho_random/pairwise_GE/nonlin_additive_pairwise": NaN, "rho_curated_mean": 0.9941882231510989, "rho_random_mean": 0.9907267035703651, "_wandb": {"runtime": 520}}