{"potts/n_edges": 78, "potts/edge_density": 0.7428571428571429, "potts/J_mean_abs": 3.7862560749053955, "potts/J_std": 2.9305388927459717, "_timestamp": 1773586994.0900042, "_runtime": 521.1771211624146, "_step": 21, "gt_scores/additive/std": 0.9557475539592777, "gt_scores/additive/min": -7.033940315246582, "gt_scores/additive/pct5": -5.159853672981262, "gt_scores/additive_pairwise/std": 42.876910720076424, "gt_scores/additive_pairwise/min": -374.4863586425781, "gt_scores/additive_pairwise/pct5": -318.83619537353513, "gt_scores/nonlin_additive/std": 0.1307311439252841, "gt_scores/nonlin_additive/min": -0.8613129322410867, "gt_scores/nonlin_additive/pct5": -0.8371371284084792, "gt_scores/nonlin_additive_pairwise/std": 1.1102230246251565e-16, "gt_scores/nonlin_additive_pairwise/min": -0.8653877661321029, "gt_scores/nonlin_additive_pairwise/pct5": -0.8653877661321029, "rho_curated/additive/additive": 0.9999989751039592, "rho_random/additive/additive": 0.9999961246909089, "rho_curated/pairwise/additive": 0.9999759024630351, "rho_random/pairwise/additive": 0.9999415185750058, "rho_curated/additive_GE/additive": NaN, "rho_random/additive_GE/additive": NaN, "rho_curated/pairwise_GE/additive": 0.9997729985349092, "rho_random/pairwise_GE/additive": 0.9996252375485318, "rho_curated/additive/additive_pairwise": 0.9377927438097378, "rho_random/additive/additive_pairwise": 0.9062620057509415, "rho_curated/pairwise/additive_pairwise": 0.9999654614306143, "rho_random/pairwise/additive_pairwise": 0.9999287127350214, "rho_curated/additive_GE/additive_pairwise": 0.9386304627138542, "rho_random/additive_GE/additive_pairwise": 0.9018285588432434, "rho_curated/pairwise_GE/additive_pairwise": 0.9996002080559604, "rho_random/pairwise_GE/additive_pairwise": 0.9994884208086672, "rho_curated/additive/nonlin_additive": 0.9968612448342989, "rho_random/additive/nonlin_additive": 0.9972095118615046, "rho_curated/pairwise/nonlin_additive": 0.9992050672161262, "rho_random/pairwise/nonlin_additive": 0.9980432407915311, "rho_curated/additive_GE/nonlin_additive": 0.9999822867992888, "rho_random/additive_GE/nonlin_additive": 0.9999829570227208, "rho_curated/pairwise_GE/nonlin_additive": 0.9981157581004492, "rho_random/pairwise_GE/nonlin_additive": 0.9983791829698753, "rho_curated/additive/nonlin_additive_pairwise": NaN, "rho_random/additive/nonlin_additive_pairwise": NaN, "rho_curated/pairwise/nonlin_additive_pairwise": NaN, "rho_random/pairwise/nonlin_additive_pairwise": NaN, "rho_curated/additive_GE/nonlin_additive_pairwise": NaN, "rho_random/additive_GE/nonlin_additive_pairwise": NaN, "rho_curated/pairwise_GE/nonlin_additive_pairwise": NaN, "rho_random/pairwise_GE/nonlin_additive_pairwise": NaN, "rho_curated_mean": 0.9881728280965667, "rho_random_mean": 0.9818804974179958, "_wandb": {"runtime": 520}}