{"potts/n_edges": 137, "potts/edge_density": 0.7210526315789474, "potts/J_mean_abs": 4.173554420471191, "potts/J_std": 3.452303886413574, "_timestamp": 1773657244.561742, "_runtime": 494.9105980396271, "_step": 21, "gt_scores/additive/std": 1.426379881017352, "gt_scores/additive/min": -10.008467674255371, "gt_scores/additive/pct5": -7.166622185707093, "gt_scores/additive_pairwise/std": 79.49607132461335, "gt_scores/additive_pairwise/min": -520.4688110351562, "gt_scores/additive_pairwise/pct5": -393.10522003173827, "gt_scores/nonlin_additive/std": 0.13946177757028871, "gt_scores/nonlin_additive/min": -0.8313426784103302, "gt_scores/nonlin_additive/pct5": -0.8034810610065, "gt_scores/nonlin_additive_pairwise/std": 3.306967536999889e-13, "gt_scores/nonlin_additive_pairwise/min": -0.8358896588447285, "gt_scores/nonlin_additive_pairwise/pct5": -0.8358896588447285, "rho_curated/additive/additive": 0.9999978738639149, "rho_random/additive/additive": 0.9999917073874891, "rho_curated/pairwise/additive": 0.9999425152696991, "rho_random/pairwise/additive": 0.9998675334807706, "rho_curated/additive_GE/additive": 0.9999703269268118, "rho_random/additive_GE/additive": 0.9999371524682985, "rho_curated/pairwise_GE/additive": 0.9987152357165169, "rho_random/pairwise_GE/additive": 0.9979130688269324, "rho_curated/additive/additive_pairwise": 0.9737215473082312, "rho_random/additive/additive_pairwise": 0.9566930140688867, "rho_curated/pairwise/additive_pairwise": 0.9999408357016322, "rho_random/pairwise/additive_pairwise": 0.9998881633033938, "rho_curated/additive_GE/additive_pairwise": 0.9738453087371847, "rho_random/additive_GE/additive_pairwise": 0.9565367965216688, "rho_curated/pairwise_GE/additive_pairwise": 0.9991094580282929, "rho_random/pairwise_GE/additive_pairwise": 0.9985373603338865, "rho_curated/additive/nonlin_additive": 0.9965018902998237, "rho_random/additive/nonlin_additive": 0.9949471988590134, "rho_curated/pairwise/nonlin_additive": 0.9983536461821064, "rho_random/pairwise/nonlin_additive": 0.9959218255714081, "rho_curated/additive_GE/nonlin_additive": 0.9999889729355581, "rho_random/additive_GE/nonlin_additive": 0.9999842294885345, "rho_curated/pairwise_GE/nonlin_additive": 0.996720865852677, "rho_random/pairwise_GE/nonlin_additive": 0.996665576806233, "rho_curated/additive/nonlin_additive_pairwise": NaN, "rho_random/additive/nonlin_additive_pairwise": NaN, "rho_curated/pairwise/nonlin_additive_pairwise": NaN, "rho_random/pairwise/nonlin_additive_pairwise": NaN, "rho_curated/additive_GE/nonlin_additive_pairwise": NaN, "rho_random/additive_GE/nonlin_additive_pairwise": NaN, "rho_curated/pairwise_GE/nonlin_additive_pairwise": NaN, "rho_random/pairwise_GE/nonlin_additive_pairwise": NaN, "rho_curated_mean": 0.9947340397352041, "rho_random_mean": 0.9914069689263764, "_wandb": {"runtime": 494}}