{"potts/n_edges": 98, "potts/edge_density": 0.9333333333333333, "potts/J_mean_abs": 1.8755345344543457, "potts/J_std": 1.4987038373947144, "_timestamp": 1773611613.6388767, "_runtime": 553.2718517780304, "_step": 21, "gt_scores/additive/std": 0.9557475539592777, "gt_scores/additive/min": -7.033940315246582, "gt_scores/additive/pct5": -5.159853672981262, "gt_scores/additive_pairwise/std": 25.1081752671119, "gt_scores/additive_pairwise/min": -229.12533569335938, "gt_scores/additive_pairwise/pct5": -190.06572647094725, "gt_scores/nonlin_additive/std": 0.1307311439252841, "gt_scores/nonlin_additive/min": -0.8613129322410867, "gt_scores/nonlin_additive/pct5": -0.8371371284084792, "gt_scores/nonlin_additive_pairwise/std": 1.1102230246251565e-16, "gt_scores/nonlin_additive_pairwise/min": -0.8653877661321029, "gt_scores/nonlin_additive_pairwise/pct5": -0.8653877661321029, "rho_curated/additive/additive": 0.9999985716399428, "rho_random/additive/additive": 0.9999951113764756, "rho_curated/pairwise/additive": 0.9999749398469947, "rho_random/pairwise/additive": 0.9999434544765204, "rho_curated/additive_GE/additive": 0.9999775299750976, "rho_random/additive_GE/additive": 0.9999501408790606, "rho_curated/pairwise_GE/additive": 0.9997234801729062, "rho_random/pairwise_GE/additive": 0.9995528331510516, "rho_curated/additive/additive_pairwise": 0.9472416092993334, "rho_random/additive/additive_pairwise": 0.9077423161871562, "rho_curated/pairwise/additive_pairwise": 0.999966269870646, "rho_random/pairwise/additive_pairwise": 0.9999441268960169, "rho_curated/additive_GE/additive_pairwise": 0.9473823542077173, "rho_random/additive_GE/additive_pairwise": 0.9209545738798264, "rho_curated/pairwise_GE/additive_pairwise": 0.9996841952673375, "rho_random/pairwise_GE/additive_pairwise": 0.9996489948979139, "rho_curated/additive/nonlin_additive": 0.9959322126928004, "rho_random/additive/nonlin_additive": 0.9960912261817065, "rho_curated/pairwise/nonlin_additive": 0.999215318120481, "rho_random/pairwise/nonlin_additive": 0.9954283994509211, "rho_curated/additive_GE/nonlin_additive": 0.9999664754306549, "rho_random/additive_GE/nonlin_additive": 0.9999728950143167, "rho_curated/pairwise_GE/nonlin_additive": 0.9995462221417837, "rho_random/pairwise_GE/nonlin_additive": 0.9994742436775272, "rho_curated/additive/nonlin_additive_pairwise": NaN, "rho_random/additive/nonlin_additive_pairwise": NaN, "rho_curated/pairwise/nonlin_additive_pairwise": NaN, "rho_random/pairwise/nonlin_additive_pairwise": NaN, "rho_curated/additive_GE/nonlin_additive_pairwise": NaN, "rho_random/additive_GE/nonlin_additive_pairwise": NaN, "rho_curated/pairwise_GE/nonlin_additive_pairwise": NaN, "rho_random/pairwise_GE/nonlin_additive_pairwise": NaN, "rho_curated_mean": 0.9907174315554746, "rho_random_mean": 0.984891526339041, "_wandb": {"runtime": 552}}