{"potts/n_edges": 162, "potts/edge_density": 0.8526315789473684, "potts/J_mean_abs": 3.730097770690918, "potts/J_std": 2.957312822341919, "_timestamp": 1773660027.3253007, "_runtime": 524.9030997753143, "_step": 21, "gt_scores/additive/std": 1.210202704410808, "gt_scores/additive/min": -8.911455154418945, "gt_scores/additive/pct5": -6.663809275627136, "gt_scores/additive_pairwise/std": 91.33641443037253, "gt_scores/additive_pairwise/min": -630.9921264648438, "gt_scores/additive_pairwise/pct5": -452.45215606689453, "gt_scores/nonlin_additive/std": 0.125785236402486, "gt_scores/nonlin_additive/min": -0.8664681453126024, "gt_scores/nonlin_additive/pct5": -0.8440971430509998, "gt_scores/nonlin_additive_pairwise/std": 6.2803698347351e-18, "gt_scores/nonlin_additive_pairwise/min": -0.8707194432537088, "gt_scores/nonlin_additive_pairwise/pct5": -0.8707194432537088, "rho_curated/additive/additive": 0.999997905471916, "rho_random/additive/additive": 0.9999934444499416, "rho_curated/pairwise/additive": 0.999950214902005, "rho_random/pairwise/additive": 0.9999041302424877, "rho_curated/additive_GE/additive": 0.9999870128794798, "rho_random/additive_GE/additive": 0.9999702538501299, "rho_curated/pairwise_GE/additive": 0.9992148196645549, "rho_random/pairwise_GE/additive": 0.9986896520256814, "rho_curated/additive/additive_pairwise": 0.9826347533441397, "rho_random/additive/additive_pairwise": 0.9680641386412835, "rho_curated/pairwise/additive_pairwise": 0.9999416369896629, "rho_random/pairwise/additive_pairwise": 0.999856060359462, "rho_curated/additive_GE/additive_pairwise": 0.9826696632663706, "rho_random/additive_GE/additive_pairwise": 0.972269884606069, "rho_curated/pairwise_GE/additive_pairwise": 0.9989969790958313, "rho_random/pairwise_GE/additive_pairwise": 0.998337491686854, "rho_curated/additive/nonlin_additive": 0.9944778692025844, "rho_random/additive/nonlin_additive": 0.9953659515644181, "rho_curated/pairwise/nonlin_additive": 0.9980990560198708, "rho_random/pairwise/nonlin_additive": 0.9936263860321205, "rho_curated/additive_GE/nonlin_additive": 0.9999765206310558, "rho_random/additive_GE/nonlin_additive": 0.9999802246852428, "rho_curated/pairwise_GE/nonlin_additive": 0.9988710320827869, "rho_random/pairwise_GE/nonlin_additive": 0.9990184491130346, "rho_curated/additive/nonlin_additive_pairwise": NaN, "rho_random/additive/nonlin_additive_pairwise": NaN, "rho_curated/pairwise/nonlin_additive_pairwise": NaN, "rho_random/pairwise/nonlin_additive_pairwise": NaN, "rho_curated/additive_GE/nonlin_additive_pairwise": NaN, "rho_random/additive_GE/nonlin_additive_pairwise": NaN, "rho_curated/pairwise_GE/nonlin_additive_pairwise": NaN, "rho_random/pairwise_GE/nonlin_additive_pairwise": NaN, "rho_curated_mean": 0.9962347886291881, "rho_random_mean": 0.9937563389380605, "_wandb": {"runtime": 524}}