{"potts/n_edges": 141, "potts/edge_density": 0.7421052631578947, "potts/J_mean_abs": 2.6285629272460938, "potts/J_std": 2.04632568359375, "_timestamp": 1773657857.3385584, "_runtime": 598.3618094921112, "_step": 21, "gt_scores/additive/std": 1.1523767070841298, "gt_scores/additive/min": -7.738286018371582, "gt_scores/additive/pct5": -5.224474596977234, "gt_scores/additive_pairwise/std": 41.53892449931913, "gt_scores/additive_pairwise/min": -282.12139892578125, "gt_scores/additive_pairwise/pct5": -164.7454704284668, "gt_scores/nonlin_additive/std": 0.15566557923492758, "gt_scores/nonlin_additive/min": -0.7982763601893211, "gt_scores/nonlin_additive/pct5": -0.7612027655341534, "gt_scores/nonlin_additive_pairwise/std": 0.011632043165263495, "gt_scores/nonlin_additive_pairwise/min": -0.8032006105826088, "gt_scores/nonlin_additive_pairwise/pct5": -0.8032006105826088, "rho_curated/additive/additive": 0.9999980880879233, "rho_random/additive/additive": 0.9999927157860644, "rho_curated/pairwise/additive": 0.9999456185178209, "rho_random/pairwise/additive": 0.999898423218672, "rho_curated/additive_GE/additive": 0.9999754924710191, "rho_random/additive_GE/additive": 0.999943270911801, "rho_curated/pairwise_GE/additive": 0.9921457596132649, "rho_random/pairwise_GE/additive": 0.9884643842208779, "rho_curated/additive/additive_pairwise": 0.97520125520005, "rho_random/additive/additive_pairwise": 0.9619551535503438, "rho_curated/pairwise/additive_pairwise": 0.999932170693282, "rho_random/pairwise/additive_pairwise": 0.9998785920188724, "rho_curated/additive_GE/additive_pairwise": NaN, "rho_random/additive_GE/additive_pairwise": NaN, "rho_curated/pairwise_GE/additive_pairwise": 0.9935259380368823, "rho_random/pairwise_GE/additive_pairwise": 0.9894822000131006, "rho_curated/additive/nonlin_additive": 0.9978657453623736, "rho_random/additive/nonlin_additive": 0.9975503259947723, "rho_curated/pairwise/nonlin_additive": 0.9990058024081369, "rho_random/pairwise/nonlin_additive": 0.9977804233728021, "rho_curated/additive_GE/nonlin_additive": 0.9999902266716073, "rho_random/additive_GE/nonlin_additive": 0.9999860286364911, "rho_curated/pairwise_GE/nonlin_additive": 0.9993389154374773, "rho_random/pairwise_GE/nonlin_additive": 0.9989846823367426, "rho_curated/additive/nonlin_additive_pairwise": 0.5658604656814152, "rho_random/additive/nonlin_additive_pairwise": 0.2264623597678108, "rho_curated/pairwise/nonlin_additive_pairwise": 0.6217056292044283, "rho_random/pairwise/nonlin_additive_pairwise": 0.24486145972124337, "rho_curated/additive_GE/nonlin_additive_pairwise": NaN, "rho_random/additive_GE/nonlin_additive_pairwise": NaN, "rho_curated/pairwise_GE/nonlin_additive_pairwise": 0.4963736734904087, "rho_random/pairwise_GE/nonlin_additive_pairwise": 0.19536297420150456, "rho_curated_mean": 0.9029189129197207, "rho_random_mean": 0.8286144995536497, "_wandb": {"runtime": 598}}