{"potts/n_edges": 120, "potts/edge_density": 0.631578947368421, "potts/J_mean_abs": 2.9200873374938965, "potts/J_std": 2.6210999488830566, "_timestamp": 1773550424.0040326, "_runtime": 637.3580086231232, "_step": 21, "gt_scores/additive/std": 1.426379881017352, "gt_scores/additive/min": -10.008467674255371, "gt_scores/additive/pct5": -7.166622185707093, "gt_scores/additive_pairwise/std": 53.12453272097078, "gt_scores/additive_pairwise/min": -368.01373291015625, "gt_scores/additive_pairwise/pct5": -257.70570373535156, "gt_scores/nonlin_additive/std": 0.13946177757028871, "gt_scores/nonlin_additive/min": -0.8313426784103302, "gt_scores/nonlin_additive/pct5": -0.8034810610065, "gt_scores/nonlin_additive_pairwise/std": 4.348712821745213e-08, "gt_scores/nonlin_additive_pairwise/min": -0.8358896588447285, "gt_scores/nonlin_additive_pairwise/pct5": -0.8358896588447285, "rho_curated/additive/additive": 0.9999965681438627, "rho_random/additive/additive": 0.9999899621336747, "rho_curated/pairwise/additive": 0.9999403369336091, "rho_random/pairwise/additive": 0.9998496636346056, "rho_curated/additive_GE/additive": 0.9999774664710981, "rho_random/additive_GE/additive": 0.999938649784909, "rho_curated/pairwise_GE/additive": 0.9991597997103518, "rho_random/pairwise_GE/additive": 0.9986933278743877, "rho_curated/additive/additive_pairwise": 0.9720724176988966, "rho_random/additive/additive_pairwise": 0.9494639320101683, "rho_curated/pairwise/additive_pairwise": 0.9999370774934816, "rho_random/pairwise/additive_pairwise": 0.9998511703532903, "rho_curated/additive_GE/additive_pairwise": 0.9722635925865435, "rho_random/additive_GE/additive_pairwise": 0.9503036598776912, "rho_curated/pairwise_GE/additive_pairwise": 0.999118829980753, "rho_random/pairwise_GE/additive_pairwise": 0.9984833659377217, "rho_curated/additive/nonlin_additive": 0.9964732826828467, "rho_random/additive/nonlin_additive": 0.9955503168827621, "rho_curated/pairwise/nonlin_additive": 0.9983259773729589, "rho_random/pairwise/nonlin_additive": 0.9964211316859005, "rho_curated/additive_GE/nonlin_additive": 0.9999899623595977, "rho_random/additive_GE/nonlin_additive": 0.9999886221731917, "rho_curated/pairwise_GE/nonlin_additive": 0.9970725501306912, "rho_random/pairwise_GE/nonlin_additive": 0.9967068366205353, "rho_curated/additive/nonlin_additive_pairwise": NaN, "rho_random/additive/nonlin_additive_pairwise": NaN, "rho_curated/pairwise/nonlin_additive_pairwise": NaN, "rho_random/pairwise/nonlin_additive_pairwise": NaN, "rho_curated/additive_GE/nonlin_additive_pairwise": NaN, "rho_random/additive_GE/nonlin_additive_pairwise": NaN, "rho_curated/pairwise_GE/nonlin_additive_pairwise": NaN, "rho_random/pairwise_GE/nonlin_additive_pairwise": NaN, "rho_curated_mean": 0.9945273217970575, "rho_random_mean": 0.9904367199140699, "_wandb": {"runtime": 637}}