{"potts/n_edges": 180, "potts/edge_density": 0.9473684210526315, "potts/J_mean_abs": 3.4259636402130127, "potts/J_std": 2.972266435623169, "_timestamp": 1773693578.7322848, "_runtime": 511.9004616737366, "_step": 21, "gt_scores/additive/std": 1.2097035595556864, "gt_scores/additive/min": -8.994394302368164, "gt_scores/additive/pct5": -6.638693571090698, "gt_scores/additive_pairwise/std": 80.19698018477038, "gt_scores/additive_pairwise/min": -571.6416015625, "gt_scores/additive_pairwise/pct5": -396.55592956542966, "gt_scores/nonlin_additive/std": 0.12780147869164835, "gt_scores/nonlin_additive/min": -0.8633649983358815, "gt_scores/nonlin_additive/pct5": -0.8409005929909275, "gt_scores/nonlin_additive_pairwise/std": 6.811071220061627e-16, "gt_scores/nonlin_additive_pairwise/min": -0.8672038070001775, "gt_scores/nonlin_additive_pairwise/pct5": -0.8672038070001775, "rho_curated/additive/additive": 0.9999974136158962, "rho_random/additive/additive": 0.9999910034153493, "rho_curated/pairwise/additive": 0.9999474127338964, "rho_random/pairwise/additive": 0.9998832913575896, "rho_curated/additive_GE/additive": 0.9999737229749488, "rho_random/additive_GE/additive": 0.9999414586789336, "rho_curated/pairwise_GE/additive": 0.9992402058576081, "rho_random/pairwise_GE/additive": 0.9986197454293883, "rho_curated/additive/additive_pairwise": 0.9759117591238923, "rho_random/additive/additive_pairwise": 0.9611722406604956, "rho_curated/pairwise/additive_pairwise": 0.9999423975976905, "rho_random/pairwise/additive_pairwise": 0.9998920720618762, "rho_curated/additive_GE/additive_pairwise": 0.9758397802644317, "rho_random/additive_GE/additive_pairwise": 0.9591718476090846, "rho_curated/pairwise_GE/additive_pairwise": 0.9987564018621665, "rho_random/pairwise_GE/additive_pairwise": 0.9982803471108321, "rho_curated/additive/nonlin_additive": 0.9961584331982452, "rho_random/additive/nonlin_additive": 0.9962153161289989, "rho_curated/pairwise/nonlin_additive": 0.9981028310040677, "rho_random/pairwise/nonlin_additive": 0.9949404581861275, "rho_curated/additive_GE/nonlin_additive": 0.9999838663353537, "rho_random/additive_GE/nonlin_additive": 0.9999828602038043, "rho_curated/pairwise_GE/nonlin_additive": 0.9985337696933155, "rho_random/pairwise_GE/nonlin_additive": 0.9985536208955368, "rho_curated/additive/nonlin_additive_pairwise": NaN, "rho_random/additive/nonlin_additive_pairwise": NaN, "rho_curated/pairwise/nonlin_additive_pairwise": NaN, "rho_random/pairwise/nonlin_additive_pairwise": NaN, "rho_curated/additive_GE/nonlin_additive_pairwise": NaN, "rho_random/additive_GE/nonlin_additive_pairwise": NaN, "rho_curated/pairwise_GE/nonlin_additive_pairwise": NaN, "rho_random/pairwise_GE/nonlin_additive_pairwise": NaN, "rho_curated_mean": 0.9951989995217928, "rho_random_mean": 0.9922203551448346, "_wandb": {"runtime": 511}}