{"potts/n_edges": 2842, "potts/edge_density": 0.899367088607595, "potts/J_mean_abs": 3.697974443435669, "potts/J_std": 2.8751473426818848, "_timestamp": 1773515004.7802644, "_runtime": 565.3262283802032, "_step": 21, "gt_scores/additive/std": 1.5568376386992655, "gt_scores/additive/min": -11.396342277526855, "gt_scores/additive/pct5": -7.418794846534729, "gt_scores/additive_pairwise/std": 150.11217585181322, "gt_scores/additive_pairwise/min": -1413.1435546875, "gt_scores/additive_pairwise/pct5": -576.3437255859375, "gt_scores/nonlin_additive/std": 0.146525459861713, "gt_scores/nonlin_additive/min": -0.8127376912579128, "gt_scores/nonlin_additive/pct5": -0.7793280167230962, "gt_scores/nonlin_additive_pairwise/std": 1.7397249540769595e-05, "gt_scores/nonlin_additive_pairwise/min": -0.8156584652741159, "gt_scores/nonlin_additive_pairwise/pct5": -0.8156584652741159, "rho_curated/additive/additive": 0.9999942308317687, "rho_random/additive/additive": 0.9999837614779348, "rho_curated/pairwise/additive": 0.9992267912010715, "rho_random/pairwise/additive": 0.9991076838412591, "rho_curated/additive_GE/additive": 0.9999493385899734, "rho_random/additive_GE/additive": 0.9998913654010594, "rho_curated/pairwise_GE/additive": 0.9971922438236897, "rho_random/pairwise_GE/additive": 0.9958421132256848, "rho_curated/additive/additive_pairwise": 0.9851012705949781, "rho_random/additive/additive_pairwise": 0.9786694880591209, "rho_curated/pairwise/additive_pairwise": 0.9774335711282596, "rho_random/pairwise/additive_pairwise": 0.9703716839392249, "rho_curated/additive_GE/additive_pairwise": 0.9859740109499506, "rho_random/additive_GE/additive_pairwise": 0.9795515018217192, "rho_curated/pairwise_GE/additive_pairwise": 0.9759519087711905, "rho_random/pairwise_GE/additive_pairwise": 0.9693993085042025, "rho_curated/additive/nonlin_additive": 0.9940014936157716, "rho_random/additive/nonlin_additive": 0.9934634851507627, "rho_curated/pairwise/nonlin_additive": 0.9908885992666693, "rho_random/pairwise/nonlin_additive": 0.9905620428237448, "rho_curated/additive_GE/nonlin_additive": 0.9999581101343215, "rho_random/additive_GE/nonlin_additive": 0.9999433655252491, "rho_curated/pairwise_GE/nonlin_additive": 0.9957036573001462, "rho_random/pairwise_GE/nonlin_additive": 0.9953309561894338, "rho_curated/additive/nonlin_additive_pairwise": NaN, "rho_random/additive/nonlin_additive_pairwise": 0.09508120952307406, "rho_curated/pairwise/nonlin_additive_pairwise": NaN, "rho_random/pairwise/nonlin_additive_pairwise": 0.09021906889940057, "rho_curated/additive_GE/nonlin_additive_pairwise": NaN, "rho_random/additive_GE/nonlin_additive_pairwise": NaN, "rho_curated/pairwise_GE/nonlin_additive_pairwise": NaN, "rho_random/pairwise_GE/nonlin_additive_pairwise": -0.0671663995438888, "rho_curated_mean": 0.9917812688506492, "rho_random_mean": 0.7993500423225323, "_wandb": {"runtime": 565}}