{"potts/n_edges": 1430, "potts/edge_density": 0.807909604519774, "potts/J_mean_abs": 0.5572904944419861, "potts/J_std": 0.45635175704956055, "_timestamp": 1773511521.8891702, "_runtime": 584.3394920825958, "_step": 21, "gt_scores/additive/std": 1.5378494799327518, "gt_scores/additive/min": -10.391035079956055, "gt_scores/additive/pct5": -7.101400303840637, "gt_scores/additive_pairwise/std": 19.452040979342517, "gt_scores/additive_pairwise/min": -143.7882537841797, "gt_scores/additive_pairwise/pct5": -78.85675315856933, "gt_scores/nonlin_additive/std": 0.14945225373834564, "gt_scores/nonlin_additive/min": -0.8018450392779615, "gt_scores/nonlin_additive/pct5": -0.767099911032629, "gt_scores/nonlin_additive_pairwise/std": 0.011548391100625426, "gt_scores/nonlin_additive_pairwise/min": -0.8066738208869829, "gt_scores/nonlin_additive_pairwise/pct5": -0.8066738208869829, "rho_curated/additive/additive": 0.9999955285598208, "rho_random/additive/additive": 0.9999869363641025, "rho_curated/pairwise/additive": 0.9989795584070842, "rho_random/pairwise/additive": 0.9987650279275, "rho_curated/additive_GE/additive": 0.9999710049748373, "rho_random/additive_GE/additive": 0.9999393903407549, "rho_curated/pairwise_GE/additive": 0.9934648683299673, "rho_random/pairwise_GE/additive": 0.9898415175848727, "rho_curated/additive/additive_pairwise": 0.9821270712210828, "rho_random/additive/additive_pairwise": 0.9729629290591788, "rho_curated/pairwise/additive_pairwise": 0.9770966296673156, "rho_random/pairwise/additive_pairwise": 0.9689352183113548, "rho_curated/additive_GE/additive_pairwise": 0.9826797808743598, "rho_random/additive_GE/additive_pairwise": 0.9757507457157688, "rho_curated/pairwise_GE/additive_pairwise": 0.9681137895710209, "rho_random/pairwise_GE/additive_pairwise": 0.9610634296909972, "rho_curated/additive/nonlin_additive": 0.994691908195549, "rho_random/additive/nonlin_additive": 0.9936290635574244, "rho_curated/pairwise/nonlin_additive": 0.9903386795650833, "rho_random/pairwise/nonlin_additive": 0.9896095652662821, "rho_curated/additive_GE/nonlin_additive": 0.9999654059426121, "rho_random/additive_GE/nonlin_additive": 0.9999526845023713, "rho_curated/pairwise_GE/nonlin_additive": 0.9916677829143112, "rho_random/pairwise_GE/nonlin_additive": 0.9907697340395767, "rho_curated/additive/nonlin_additive_pairwise": 0.2591273933710028, "rho_random/additive/nonlin_additive_pairwise": 0.6659863999114369, "rho_curated/pairwise/nonlin_additive_pairwise": 0.17270966356773174, "rho_random/pairwise/nonlin_additive_pairwise": 0.6415896547606096, "rho_curated/additive_GE/nonlin_additive_pairwise": 0.27416507655259653, "rho_random/additive_GE/nonlin_additive_pairwise": 0.69725038861878, "rho_curated/pairwise_GE/nonlin_additive_pairwise": 0.21084814521588333, "rho_random/pairwise_GE/nonlin_additive_pairwise": 0.574190747722228, "rho_curated_mean": 0.7997463929331412, "rho_random_mean": 0.9012639645858274, "_wandb": {"runtime": 584}}