{"potts/n_edges": 352, "potts/edge_density": 0.8091954022988506, "potts/J_mean_abs": 3.789750576019287, "potts/J_std": 3.0234522819519043, "_timestamp": 1773477293.2741444, "_runtime": 396.8081703186035, "_step": 21, "gt_scores/additive/std": 1.3026329914510024, "gt_scores/additive/min": -9.520788192749023, "gt_scores/additive/pct5": -6.589263129234314, "gt_scores/additive_pairwise/std": 110.20700747802836, "gt_scores/additive_pairwise/min": -701.7476196289062, "gt_scores/additive_pairwise/pct5": -472.89497833251954, "gt_scores/nonlin_additive/std": 0.13748413835948767, "gt_scores/nonlin_additive/min": -0.8383537187280119, "gt_scores/nonlin_additive/pct5": -0.8091688078450335, "gt_scores/nonlin_additive_pairwise/std": 9.519257698069874e-11, "gt_scores/nonlin_additive_pairwise/min": -0.8419067452138076, "gt_scores/nonlin_additive_pairwise/pct5": -0.8419067452138076, "rho_curated/additive/additive": 0.9999977257119087, "rho_random/additive/additive": 0.9999937308268297, "rho_curated/pairwise/additive": 0.9992421685776502, "rho_random/pairwise/additive": 0.9986791531478659, "rho_curated/additive_GE/additive": 0.9999497570539853, "rho_random/additive_GE/additive": 0.9999010649897767, "rho_curated/pairwise_GE/additive": 0.9638246446135128, "rho_random/pairwise_GE/additive": 0.9465902366919946, "rho_curated/additive/additive_pairwise": 0.9841067892522715, "rho_random/additive/additive_pairwise": 0.9704359512335605, "rho_curated/pairwise/additive_pairwise": 0.9929711458308456, "rho_random/pairwise/additive_pairwise": 0.9876279574062188, "rho_curated/additive_GE/additive_pairwise": 0.9842181919767277, "rho_random/additive_GE/additive_pairwise": 0.9700139753971052, "rho_curated/pairwise_GE/additive_pairwise": 0.957540231595571, "rho_random/pairwise_GE/additive_pairwise": 0.9422808396717516, "rho_curated/additive/nonlin_additive": 0.9961621653184863, "rho_random/additive/nonlin_additive": 0.9955620421181738, "rho_curated/pairwise/nonlin_additive": 0.988756544877722, "rho_random/pairwise/nonlin_additive": 0.9821655918544648, "rho_curated/additive_GE/nonlin_additive": 0.9999837191193478, "rho_random/additive_GE/nonlin_additive": 0.9999789034842418, "rho_curated/pairwise_GE/nonlin_additive": 0.982536604069464, "rho_random/pairwise_GE/nonlin_additive": 0.9803520109996612, "rho_curated/additive/nonlin_additive_pairwise": NaN, "rho_random/additive/nonlin_additive_pairwise": NaN, "rho_curated/pairwise/nonlin_additive_pairwise": NaN, "rho_random/pairwise/nonlin_additive_pairwise": NaN, "rho_curated/additive_GE/nonlin_additive_pairwise": NaN, "rho_random/additive_GE/nonlin_additive_pairwise": NaN, "rho_curated/pairwise_GE/nonlin_additive_pairwise": NaN, "rho_random/pairwise_GE/nonlin_additive_pairwise": NaN, "rho_curated_mean": 0.9874408073331243, "rho_random_mean": 0.9811317881518038, "_wandb": {"runtime": 396}}