{"potts/n_edges": 125, "potts/edge_density": 0.6578947368421053, "potts/J_mean_abs": 4.357492923736572, "potts/J_std": 4.477713108062744, "_timestamp": 1773479852.9470506, "_runtime": 514.5836944580078, "_step": 21, "gt_scores/additive/std": 1.2097035595556864, "gt_scores/additive/min": -8.994394302368164, "gt_scores/additive/pct5": -6.638693571090698, "gt_scores/additive_pairwise/std": 80.28584475930833, "gt_scores/additive_pairwise/min": -594.4605102539062, "gt_scores/additive_pairwise/pct5": -385.0585968017578, "gt_scores/nonlin_additive/std": 0.12780147869164835, "gt_scores/nonlin_additive/min": -0.8633649983358815, "gt_scores/nonlin_additive/pct5": -0.8409005929909275, "gt_scores/nonlin_additive_pairwise/std": 1.762016690638328e-09, "gt_scores/nonlin_additive_pairwise/min": -0.8672038070001775, "gt_scores/nonlin_additive_pairwise/pct5": -0.8672038070001775, "rho_curated/additive/additive": 0.9999978995679156, "rho_random/additive/additive": 0.9999944461293695, "rho_curated/pairwise/additive": 0.9999422400136866, "rho_random/pairwise/additive": 0.9998821620116151, "rho_curated/additive_GE/additive": 0.9999637333105474, "rho_random/additive_GE/additive": 0.9999233812710491, "rho_curated/pairwise_GE/additive": 0.9991750822629439, "rho_random/pairwise_GE/additive": 0.9985548686182305, "rho_curated/additive/additive_pairwise": 0.95945532657724, "rho_random/additive/additive_pairwise": 0.9323577824326454, "rho_curated/pairwise/additive_pairwise": 0.9999378589575112, "rho_random/pairwise/additive_pairwise": 0.9998916998916999, "rho_curated/additive_GE/additive_pairwise": NaN, "rho_random/additive_GE/additive_pairwise": NaN, "rho_curated/pairwise_GE/additive_pairwise": 0.9989197079007625, "rho_random/pairwise_GE/additive_pairwise": 0.9982632317264912, "rho_curated/additive/nonlin_additive": 0.9968617151140919, "rho_random/additive/nonlin_additive": 0.9968349785094291, "rho_curated/pairwise/nonlin_additive": 0.998520959452661, "rho_random/pairwise/nonlin_additive": 0.9916354321675219, "rho_curated/additive_GE/nonlin_additive": 0.9999863826634527, "rho_random/additive_GE/nonlin_additive": 0.9999850437908986, "rho_curated/pairwise_GE/nonlin_additive": 0.9986599259142686, "rho_random/pairwise_GE/nonlin_additive": 0.9985686781097781, "rho_curated/additive/nonlin_additive_pairwise": NaN, "rho_random/additive/nonlin_additive_pairwise": NaN, "rho_curated/pairwise/nonlin_additive_pairwise": NaN, "rho_random/pairwise/nonlin_additive_pairwise": NaN, "rho_curated/additive_GE/nonlin_additive_pairwise": NaN, "rho_random/additive_GE/nonlin_additive_pairwise": NaN, "rho_curated/pairwise_GE/nonlin_additive_pairwise": NaN, "rho_random/pairwise_GE/nonlin_additive_pairwise": NaN, "rho_curated_mean": 0.9955837119759163, "rho_random_mean": 0.9923537913326118, "_wandb": {"runtime": 514}}