{"potts/n_edges": 559, "potts/edge_density": 0.9394957983193277, "potts/J_mean_abs": 4.029699802398682, "potts/J_std": 3.3202240467071533, "_timestamp": 1773701953.028392, "_runtime": 500.05912613868713, "_step": 21, "gt_scores/additive/std": 1.2980668102345851, "gt_scores/additive/min": -10.26136302947998, "gt_scores/additive/pct5": -6.319049310684204, "gt_scores/additive_pairwise/std": 155.7810384827805, "gt_scores/additive_pairwise/min": -1111.492431640625, "gt_scores/additive_pairwise/pct5": -647.0851043701172, "gt_scores/nonlin_additive/std": 0.14330294331091115, "gt_scores/nonlin_additive/min": -0.8247283449624246, "gt_scores/nonlin_additive/pct5": -0.7911553785664509, "gt_scores/nonlin_additive_pairwise/std": 1.4682931022317941e-06, "gt_scores/nonlin_additive_pairwise/min": -0.8264821477501916, "gt_scores/nonlin_additive_pairwise/pct5": -0.8264821477501916, "rho_curated/additive/additive": 0.999997233303889, "rho_random/additive/additive": 0.9999919823858276, "rho_curated/pairwise/additive": 0.9989807997112076, "rho_random/pairwise/additive": 0.998371895785551, "rho_curated/additive_GE/additive": 0.9999689978307562, "rho_random/additive_GE/additive": 0.9999290800522782, "rho_curated/pairwise_GE/additive": 0.9626908562498436, "rho_random/pairwise_GE/additive": 0.9380743254169689, "rho_curated/additive/additive_pairwise": 0.9879026672518163, "rho_random/additive/additive_pairwise": 0.9798356167225255, "rho_curated/pairwise/additive_pairwise": 0.9879103997398355, "rho_random/pairwise/additive_pairwise": 0.9846663986145326, "rho_curated/additive_GE/additive_pairwise": 0.9881466542855817, "rho_random/additive_GE/additive_pairwise": 0.9814086660058704, "rho_curated/pairwise_GE/additive_pairwise": 0.9429887943501835, "rho_random/pairwise_GE/additive_pairwise": 0.919585216917017, "rho_curated/additive/nonlin_additive": 0.9970920706994039, "rho_random/additive/nonlin_additive": 0.9968575156813441, "rho_curated/pairwise/nonlin_additive": 0.9873401787480879, "rho_random/pairwise/nonlin_additive": 0.9788768282950452, "rho_curated/additive_GE/nonlin_additive": 0.9999726165749022, "rho_random/additive_GE/nonlin_additive": 0.9999690402909996, "rho_curated/pairwise_GE/nonlin_additive": 0.9785301113716586, "rho_random/pairwise_GE/nonlin_additive": 0.9755068178569087, "rho_curated/additive/nonlin_additive_pairwise": NaN, "rho_random/additive/nonlin_additive_pairwise": NaN, "rho_curated/pairwise/nonlin_additive_pairwise": NaN, "rho_random/pairwise/nonlin_additive_pairwise": 0.05584304098235466, "rho_curated/additive_GE/nonlin_additive_pairwise": NaN, "rho_random/additive_GE/nonlin_additive_pairwise": NaN, "rho_curated/pairwise_GE/nonlin_additive_pairwise": NaN, "rho_random/pairwise_GE/nonlin_additive_pairwise": NaN, "rho_curated_mean": 0.9859601150097639, "rho_random_mean": 0.9083781865390171, "_wandb": {"runtime": 499}}