{"potts/n_edges": 89, "potts/edge_density": 0.8476190476190476, "potts/J_mean_abs": 4.001342296600342, "potts/J_std": 3.3367204666137695, "_timestamp": 1773622713.8495567, "_runtime": 589.5829555988312, "_step": 21, "gt_scores/additive/std": 0.7770162874764199, "gt_scores/additive/min": -5.525506973266602, "gt_scores/additive/pct5": -4.092422103881836, "gt_scores/additive_pairwise/std": 49.646194753924696, "gt_scores/additive_pairwise/min": -458.0513610839844, "gt_scores/additive_pairwise/pct5": -372.5240081787109, "gt_scores/nonlin_additive/std": 0.13179785214960515, "gt_scores/nonlin_additive/min": -0.851066460422529, "gt_scores/nonlin_additive/pct5": -0.8261551473383105, "gt_scores/nonlin_additive_pairwise/std": 2.220446049250313e-16, "gt_scores/nonlin_additive_pairwise/min": -0.8558889585984598, "gt_scores/nonlin_additive_pairwise/pct5": -0.8558889585984598, "rho_curated/additive/additive": 0.9999979867839192, "rho_random/additive/additive": 0.999993250537383, "rho_curated/pairwise/additive": 0.9999750027029988, "rho_random/pairwise/additive": 0.9999432600292585, "rho_curated/additive_GE/additive": 0.9999896463035852, "rho_random/additive_GE/additive": 0.9999731113867096, "rho_curated/pairwise_GE/additive": 0.9996029174400974, "rho_random/pairwise_GE/additive": 0.9992747805052135, "rho_curated/additive/additive_pairwise": 0.9387124229826133, "rho_random/additive/additive_pairwise": 0.9096153812720764, "rho_curated/pairwise/additive_pairwise": 0.9999651852146023, "rho_random/pairwise/additive_pairwise": 0.9999386081717812, "rho_curated/additive_GE/additive_pairwise": 0.938597276879049, "rho_random/additive_GE/additive_pairwise": 0.9013637856633535, "rho_curated/pairwise_GE/additive_pairwise": 0.9995852454473403, "rho_random/pairwise_GE/additive_pairwise": 0.999464856564849, "rho_curated/additive/nonlin_additive": 0.9964912132513116, "rho_random/additive/nonlin_additive": 0.9968493049502904, "rho_curated/pairwise/nonlin_additive": 0.9993816877352378, "rho_random/pairwise/nonlin_additive": 0.9975418701444186, "rho_curated/additive_GE/nonlin_additive": 0.9999908544156332, "rho_random/additive_GE/nonlin_additive": 0.9999890351273115, "rho_curated/pairwise_GE/nonlin_additive": 0.9996025451520634, "rho_random/pairwise_GE/nonlin_additive": 0.999611480837093, "rho_curated/additive/nonlin_additive_pairwise": NaN, "rho_random/additive/nonlin_additive_pairwise": NaN, "rho_curated/pairwise/nonlin_additive_pairwise": NaN, "rho_random/pairwise/nonlin_additive_pairwise": NaN, "rho_curated/additive_GE/nonlin_additive_pairwise": NaN, "rho_random/additive_GE/nonlin_additive_pairwise": NaN, "rho_curated/pairwise_GE/nonlin_additive_pairwise": NaN, "rho_random/pairwise_GE/nonlin_additive_pairwise": NaN, "rho_curated_mean": 0.9893243320257042, "rho_random_mean": 0.9836298937658116, "_wandb": {"runtime": 589}}