{"potts/n_edges": 244, "potts/edge_density": 0.8133333333333334, "potts/J_mean_abs": 3.8605215549468994, "potts/J_std": 3.226547956466675, "_timestamp": 1773458614.8500516, "_runtime": 535.459285736084, "_step": 21, "gt_scores/additive/std": 1.0845397655127298, "gt_scores/additive/min": -7.869518280029297, "gt_scores/additive/pct5": -4.928722500801086, "gt_scores/additive_pairwise/std": 76.01614380729531, "gt_scores/additive_pairwise/min": -627.1507568359375, "gt_scores/additive_pairwise/pct5": -288.4197250366211, "gt_scores/nonlin_additive/std": 0.1521633644541054, "gt_scores/nonlin_additive/min": -0.7983750201741924, "gt_scores/nonlin_additive/pct5": -0.7601459147927325, "gt_scores/nonlin_additive_pairwise/std": 0.01091090935477571, "gt_scores/nonlin_additive_pairwise/min": -0.8012119156418135, "gt_scores/nonlin_additive_pairwise/pct5": -0.8012119156418135, "rho_curated/additive/additive": 0.9999978189999127, "rho_random/additive/additive": 0.9999937816719516, "rho_curated/pairwise/additive": 0.9997025530121021, "rho_random/pairwise/additive": 0.9995442351792319, "rho_curated/additive_GE/additive": 0.9999526329501043, "rho_random/additive_GE/additive": 0.99990979732152, "rho_curated/pairwise_GE/additive": 0.9816402240487275, "rho_random/pairwise_GE/additive": 0.9735695759444544, "rho_curated/additive/additive_pairwise": 0.9784208590237985, "rho_random/additive/additive_pairwise": 0.9633598718077238, "rho_curated/pairwise/additive_pairwise": 0.9988023368800933, "rho_random/pairwise/additive_pairwise": 0.9981670818513713, "rho_curated/additive_GE/additive_pairwise": 0.9785684335651943, "rho_random/additive_GE/additive_pairwise": 0.9632713353084412, "rho_curated/pairwise_GE/additive_pairwise": 0.9810364606570035, "rho_random/pairwise_GE/additive_pairwise": 0.9749307048168245, "rho_curated/additive/nonlin_additive": 0.9982179487126323, "rho_random/additive/nonlin_additive": 0.9979387590932345, "rho_curated/pairwise/nonlin_additive": 0.9965352959732454, "rho_random/pairwise/nonlin_additive": 0.9923013276664286, "rho_curated/additive_GE/nonlin_additive": 0.9999909942156391, "rho_random/additive_GE/nonlin_additive": 0.9999858190781138, "rho_curated/pairwise_GE/nonlin_additive": 0.9921200260922336, "rho_random/pairwise_GE/nonlin_additive": 0.988769557545943, "rho_curated/additive/nonlin_additive_pairwise": NaN, "rho_random/additive/nonlin_additive_pairwise": 0.12634874707948462, "rho_curated/pairwise/nonlin_additive_pairwise": NaN, "rho_random/pairwise/nonlin_additive_pairwise": 0.10202961464290503, "rho_curated/additive_GE/nonlin_additive_pairwise": NaN, "rho_random/additive_GE/nonlin_additive_pairwise": -0.11569001269592905, "rho_curated/pairwise_GE/nonlin_additive_pairwise": NaN, "rho_random/pairwise_GE/nonlin_additive_pairwise": 0.14723676690603926, "rho_curated_mean": 0.9920821320108907, "rho_random_mean": 0.7569791852011087, "_wandb": {"runtime": 535}}