{"potts/n_edges": 134, "potts/edge_density": 0.7052631578947368, "potts/J_mean_abs": 3.135136842727661, "potts/J_std": 2.5069096088409424, "_timestamp": 1773454232.9888713, "_runtime": 485.4529514312744, "_step": 21, "gt_scores/additive/std": 1.210202704410808, "gt_scores/additive/min": -8.911455154418945, "gt_scores/additive/pct5": -6.663809275627136, "gt_scores/additive_pairwise/std": 58.638461643268215, "gt_scores/additive_pairwise/min": -391.70391845703125, "gt_scores/additive_pairwise/pct5": -289.3776489257813, "gt_scores/nonlin_additive/std": 0.125785236402486, "gt_scores/nonlin_additive/min": -0.8664681453126024, "gt_scores/nonlin_additive/pct5": -0.8440971430509998, "gt_scores/nonlin_additive_pairwise/std": 1.2232777707932566e-12, "gt_scores/nonlin_additive_pairwise/min": -0.8707194432537088, "gt_scores/nonlin_additive_pairwise/pct5": -0.8707194432537088, "rho_curated/additive/additive": 0.9999971818718869, "rho_random/additive/additive": 0.9999902104351923, "rho_curated/pairwise/additive": 0.9999435773657391, "rho_random/pairwise/additive": 0.9998775014994511, "rho_curated/additive_GE/additive": 0.9999767731110693, "rho_random/additive_GE/additive": 0.9999415264373253, "rho_curated/pairwise_GE/additive": 0.9990592268662561, "rho_random/pairwise_GE/additive": 0.9984059986430712, "rho_curated/additive/additive_pairwise": 0.976165974958067, "rho_random/additive/additive_pairwise": 0.9544966010574604, "rho_curated/pairwise/additive_pairwise": 0.9999450916698024, "rho_random/pairwise/additive_pairwise": 0.9998816287546919, "rho_curated/additive_GE/additive_pairwise": 0.9764061035105454, "rho_random/additive_GE/additive_pairwise": 0.9598629905005235, "rho_curated/pairwise_GE/additive_pairwise": 0.9906426897368095, "rho_random/pairwise_GE/additive_pairwise": 0.9842378791045284, "rho_curated/additive/nonlin_additive": 0.9944555719775575, "rho_random/additive/nonlin_additive": 0.9954986247371772, "rho_curated/pairwise/nonlin_additive": 0.9979127385883093, "rho_random/pairwise/nonlin_additive": 0.9941202020070886, "rho_curated/additive_GE/nonlin_additive": 0.9999923541036936, "rho_random/additive_GE/nonlin_additive": 0.9999905339850598, "rho_curated/pairwise_GE/nonlin_additive": 0.9989572437101646, "rho_random/pairwise_GE/nonlin_additive": 0.9990026317009486, "rho_curated/additive/nonlin_additive_pairwise": NaN, "rho_random/additive/nonlin_additive_pairwise": NaN, "rho_curated/pairwise/nonlin_additive_pairwise": NaN, "rho_random/pairwise/nonlin_additive_pairwise": NaN, "rho_curated/additive_GE/nonlin_additive_pairwise": NaN, "rho_random/additive_GE/nonlin_additive_pairwise": NaN, "rho_curated/pairwise_GE/nonlin_additive_pairwise": NaN, "rho_random/pairwise_GE/nonlin_additive_pairwise": NaN, "rho_curated_mean": 0.994454543955825, "rho_random_mean": 0.9904421940718765, "_wandb": {"runtime": 485}}