{"potts/n_edges": 165, "potts/edge_density": 0.868421052631579, "potts/J_mean_abs": 2.9448113441467285, "potts/J_std": 2.558880567550659, "_timestamp": 1773404465.992659, "_runtime": 539.9627339839935, "_step": 21, "gt_scores/additive/std": 1.210202704410808, "gt_scores/additive/min": -8.911455154418945, "gt_scores/additive/pct5": -6.663809275627136, "gt_scores/additive_pairwise/std": 66.17620654531919, "gt_scores/additive_pairwise/min": -438.3186340332031, "gt_scores/additive_pairwise/pct5": -323.277033996582, "gt_scores/nonlin_additive/std": 0.125785236402486, "gt_scores/nonlin_additive/min": -0.8664681453126024, "gt_scores/nonlin_additive/pct5": -0.8440971430509998, "gt_scores/nonlin_additive_pairwise/std": 5.056843462065812e-16, "gt_scores/nonlin_additive_pairwise/min": -0.8707194432537088, "gt_scores/nonlin_additive_pairwise/pct5": -0.8707194432537088, "rho_curated/additive/additive": 0.999997158495886, "rho_random/additive/additive": 0.9999919078631012, "rho_curated/pairwise/additive": 0.9999402639256062, "rho_random/pairwise/additive": 0.9998840281418946, "rho_curated/additive_GE/additive": 0.9999895086635796, "rho_random/additive_GE/additive": 0.9999756295576534, "rho_curated/pairwise_GE/additive": 0.9990631682183918, "rho_random/pairwise_GE/additive": 0.9986523570883381, "rho_curated/additive/additive_pairwise": 0.9758370111443208, "rho_random/additive/additive_pairwise": 0.9564764814896065, "rho_curated/pairwise/additive_pairwise": 0.9999353288534085, "rho_random/pairwise/additive_pairwise": 0.9998654671486452, "rho_curated/additive_GE/additive_pairwise": 0.9758921016339482, "rho_random/additive_GE/additive_pairwise": 0.9584951845155879, "rho_curated/pairwise_GE/additive_pairwise": 0.998483309643296, "rho_random/pairwise_GE/additive_pairwise": 0.9976198539019584, "rho_curated/additive/nonlin_additive": 0.9953745472306489, "rho_random/additive/nonlin_additive": 0.9962803793592482, "rho_curated/pairwise/nonlin_additive": 0.9978999328598966, "rho_random/pairwise/nonlin_additive": 0.9931346943049713, "rho_curated/additive_GE/nonlin_additive": 0.999992082351683, "rho_random/additive_GE/nonlin_additive": 0.9999888187905349, "rho_curated/pairwise_GE/nonlin_additive": 0.9983179196606363, "rho_random/pairwise_GE/nonlin_additive": 0.9984459918115725, "rho_curated/additive/nonlin_additive_pairwise": NaN, "rho_random/additive/nonlin_additive_pairwise": NaN, "rho_curated/pairwise/nonlin_additive_pairwise": NaN, "rho_random/pairwise/nonlin_additive_pairwise": NaN, "rho_curated/additive_GE/nonlin_additive_pairwise": NaN, "rho_random/additive_GE/nonlin_additive_pairwise": NaN, "rho_curated/pairwise_GE/nonlin_additive_pairwise": NaN, "rho_random/pairwise_GE/nonlin_additive_pairwise": NaN, "rho_curated_mean": 0.9950601943901084, "rho_random_mean": 0.9915675661644258, "_wandb": {"runtime": 539}}