{"potts/n_edges": 398, "potts/edge_density": 0.9149425287356322, "potts/J_mean_abs": 2.867555618286133, "potts/J_std": 2.229112386703491, "_timestamp": 1773689933.466397, "_runtime": 453.86098313331604, "_step": 19, "gt_scores/additive/std": 1.3145519307288893, "gt_scores/additive/min": -9.543702125549316, "gt_scores/additive/pct5": -6.543755149841308, "gt_scores/additive_pairwise/std": 92.02995956178259, "gt_scores/additive_pairwise/min": -628.3189086914062, "gt_scores/additive_pairwise/pct5": -395.8673461914062, "gt_scores/nonlin_additive/std": 0.1415948963973883, "gt_scores/nonlin_additive/min": -0.8305795334928087, "gt_scores/nonlin_additive/pct5": -0.8006284573354645, "gt_scores/nonlin_additive_pairwise/std": 1.0722511357138543e-05, "gt_scores/nonlin_additive_pairwise/min": -0.8341020215334246, "gt_scores/nonlin_additive_pairwise/pct5": -0.8341020215334246, "rho_curated/additive/additive": 0.999996853143874, "rho_random/additive/additive": 0.9999920800929337, "rho_curated/pairwise/additive": 0.9992228723128962, "rho_random/pairwise/additive": 0.9987443421326757, "rho_curated/additive_GE/additive": 0.9999738464069533, "rho_random/additive_GE/additive": 0.9999492623801631, "rho_curated/pairwise_GE/additive": 0.9691384024585734, "rho_random/pairwise_GE/additive": 0.9523086852282717, "rho_curated/additive/additive_pairwise": 0.9862909218426498, "rho_random/additive/additive_pairwise": 0.9774498380859379, "rho_curated/pairwise/additive_pairwise": 0.9927919916793339, "rho_random/pairwise/additive_pairwise": 0.988411983178029, "rho_curated/additive_GE/additive_pairwise": 0.9864420768253578, "rho_random/additive_GE/additive_pairwise": 0.9793328363776413, "rho_curated/pairwise_GE/additive_pairwise": 0.9573172685125934, "rho_random/pairwise_GE/additive_pairwise": 0.9311662403529707, "rho_curated/additive/nonlin_additive": 0.9971280558689847, "rho_random/additive/nonlin_additive": 0.9968848856081565, "rho_curated/pairwise/nonlin_additive": 0.988667818938169, "rho_random/pairwise/nonlin_additive": 0.9831441054367089, "rho_curated/additive_GE/nonlin_additive": 0.9999795231271786, "rho_random/additive_GE/nonlin_additive": 0.9999782588415971, "rho_curated/pairwise_GE/nonlin_additive": 0.9796599553849337, "rho_random/pairwise_GE/nonlin_additive": 0.9760442302755482, "rho_curated/additive/nonlin_additive_pairwise": NaN, "rho_random/additive/nonlin_additive_pairwise": NaN, "rho_curated/pairwise/nonlin_additive_pairwise": NaN, "rho_random/pairwise/nonlin_additive_pairwise": NaN, "rho_curated/additive_GE/nonlin_additive_pairwise": NaN, "rho_random/additive_GE/nonlin_additive_pairwise": NaN, "_wandb": {"runtime": 453}}