{"potts/n_edges": 750, "potts/edge_density": 0.9146341463414634, "potts/J_mean_abs": 3.6973876953125, "potts/J_std": 2.977466106414795, "_timestamp": 1773562890.682726, "_runtime": 534.5230967998505, "_step": 21, "gt_scores/additive/std": 1.4141204252484063, "gt_scores/additive/min": -10.380922317504883, "gt_scores/additive/pct5": -6.623820447921753, "gt_scores/additive_pairwise/std": 132.80573103271698, "gt_scores/additive_pairwise/min": -1016.5166625976562, "gt_scores/additive_pairwise/pct5": -544.6050201416016, "gt_scores/nonlin_additive/std": 0.14875548528076443, "gt_scores/nonlin_additive/min": -0.8106068374500198, "gt_scores/nonlin_additive/pct5": -0.7746956196886492, "gt_scores/nonlin_additive_pairwise/std": 2.455612773140152e-06, "gt_scores/nonlin_additive_pairwise/min": -0.8134260444472015, "gt_scores/nonlin_additive_pairwise/pct5": -0.8134260444472015, "rho_curated/additive/additive": 0.9999965571518621, "rho_random/additive/additive": 0.9999913423056432, "rho_curated/pairwise/additive": 0.9989182949966797, "rho_random/pairwise/additive": 0.9983426197090098, "rho_curated/additive_GE/additive": 0.9999566219902617, "rho_random/additive_GE/additive": 0.9998973852886882, "rho_curated/pairwise_GE/additive": 0.9749361443710396, "rho_random/pairwise_GE/additive": 0.9602569449214494, "rho_curated/additive/additive_pairwise": 0.9859135592918664, "rho_random/additive/additive_pairwise": 0.9806059943447759, "rho_curated/pairwise/additive_pairwise": 0.9822232174067957, "rho_random/pairwise/additive_pairwise": 0.9750356586859161, "rho_curated/additive_GE/additive_pairwise": 0.9863972061349089, "rho_random/additive_GE/additive_pairwise": 0.9782957188061685, "rho_curated/pairwise_GE/additive_pairwise": 0.947793621877239, "rho_random/pairwise_GE/additive_pairwise": 0.9330969237888276, "rho_curated/additive/nonlin_additive": 0.9962609849620803, "rho_random/additive/nonlin_additive": 0.9961961887275428, "rho_curated/pairwise/nonlin_additive": 0.988988746206757, "rho_random/pairwise/nonlin_additive": 0.9845505182023855, "rho_curated/additive_GE/nonlin_additive": 0.9999864044794554, "rho_random/additive_GE/nonlin_additive": 0.9999812932766707, "rho_curated/pairwise_GE/nonlin_additive": 0.9839682738211918, "rho_random/pairwise_GE/nonlin_additive": 0.980933683819676, "rho_curated/additive/nonlin_additive_pairwise": NaN, "rho_random/additive/nonlin_additive_pairwise": NaN, "rho_curated/pairwise/nonlin_additive_pairwise": NaN, "rho_random/pairwise/nonlin_additive_pairwise": NaN, "rho_curated/additive_GE/nonlin_additive_pairwise": NaN, "rho_random/additive_GE/nonlin_additive_pairwise": NaN, "rho_curated/pairwise_GE/nonlin_additive_pairwise": NaN, "rho_random/pairwise_GE/nonlin_additive_pairwise": -0.0002521905648864822, "rho_curated_mean": 0.9871116360575116, "rho_random_mean": 0.906687083177836, "_wandb": {"runtime": 534}}