{"potts/n_edges": 3609, "potts/edge_density": 0.7290909090909091, "potts/J_mean_abs": 3.951733112335205, "potts/J_std": 3.2471251487731934, "_timestamp": 1773347031.618904, "_runtime": 588.929276227951, "_step": 21, "gt_scores/additive/std": 0.8010849147708755, "gt_scores/additive/min": -4.989753723144531, "gt_scores/additive/pct5": -2.6788434267044066, "gt_scores/additive_pairwise/std": 19.564478751855123, "gt_scores/additive_pairwise/min": -186.24624633789062, "gt_scores/additive_pairwise/pct5": -55.76962165832519, "gt_scores/nonlin_additive/std": 0.18100068273254472, "gt_scores/nonlin_additive/min": -0.671683788923291, "gt_scores/nonlin_additive/pct5": -0.6072530900455996, "gt_scores/nonlin_additive_pairwise/std": 0.21517882222583112, "gt_scores/nonlin_additive_pairwise/min": -0.6757770436438884, "gt_scores/nonlin_additive_pairwise/pct5": -0.6757770436438884, "rho_curated/additive/additive": 0.9999935918054526, "rho_random/additive/additive": 0.9999847404509095, "rho_curated/pairwise/additive": 0.999597807718198, "rho_random/pairwise/additive": 0.999613418080845, "rho_curated/additive_GE/additive": 0.9999390960875286, "rho_random/additive_GE/additive": 0.9998934335329479, "rho_curated/pairwise_GE/additive": 0.9979627794123995, "rho_random/pairwise_GE/additive": 0.9968363971810941, "rho_curated/additive/additive_pairwise": 0.8602234479031359, "rho_random/additive/additive_pairwise": 0.8549650016782065, "rho_curated/pairwise/additive_pairwise": 0.8664447378928616, "rho_random/pairwise/additive_pairwise": 0.8663112971189147, "rho_curated/additive_GE/additive_pairwise": 0.8720264861144181, "rho_random/additive_GE/additive_pairwise": 0.8702308819854339, "rho_curated/pairwise_GE/additive_pairwise": 0.8704288124963, "rho_random/pairwise_GE/additive_pairwise": 0.8622566222794508, "rho_curated/additive/nonlin_additive": 0.9953879603553423, "rho_random/additive/nonlin_additive": 0.9930313380003627, "rho_curated/pairwise/nonlin_additive": 0.9967511649335316, "rho_random/pairwise/nonlin_additive": 0.9953116722860534, "rho_curated/additive_GE/nonlin_additive": 0.9994060566721765, "rho_random/additive_GE/nonlin_additive": 0.9992327706298674, "rho_curated/pairwise_GE/nonlin_additive": 0.9957202091915526, "rho_random/pairwise_GE/nonlin_additive": 0.9942249214386606, "rho_curated/additive/nonlin_additive_pairwise": 0.5098071561244943, "rho_random/additive/nonlin_additive_pairwise": 0.7575443004354526, "rho_curated/pairwise/nonlin_additive_pairwise": 0.5339124226836592, "rho_random/pairwise/nonlin_additive_pairwise": 0.7501301592009605, "rho_curated/additive_GE/nonlin_additive_pairwise": 0.4521411990644359, "rho_random/additive_GE/nonlin_additive_pairwise": 0.7286732129632462, "rho_curated/pairwise_GE/nonlin_additive_pairwise": 0.46978209418768246, "rho_random/pairwise_GE/nonlin_additive_pairwise": 0.736446866066275, "rho_curated_mean": 0.8387203139151981, "rho_random_mean": 0.9002929395830426, "_wandb": {"runtime": 588}}