{"potts/n_edges": 174, "potts/edge_density": 0.9157894736842105, "potts/J_mean_abs": 3.0979859828948975, "potts/J_std": 2.367403984069824, "_timestamp": 1773472742.498815, "_runtime": 531.6843650341034, "_step": 21, "gt_scores/additive/std": 1.2097035595556864, "gt_scores/additive/min": -8.994394302368164, "gt_scores/additive/pct5": -6.638693571090698, "gt_scores/additive_pairwise/std": 78.12315810165163, "gt_scores/additive_pairwise/min": -543.476318359375, "gt_scores/additive_pairwise/pct5": -389.40517578125, "gt_scores/nonlin_additive/std": 0.12780147869164835, "gt_scores/nonlin_additive/min": -0.8633649983358815, "gt_scores/nonlin_additive/pct5": -0.8409005929909275, "gt_scores/nonlin_additive_pairwise/std": 1.9691387416403203e-14, "gt_scores/nonlin_additive_pairwise/min": -0.8672038070001775, "gt_scores/nonlin_additive_pairwise/pct5": -0.8672038070001775, "rho_curated/additive/additive": 0.9999977324799093, "rho_random/additive/additive": 0.9999933731882136, "rho_curated/pairwise/additive": 0.9999451844778049, "rho_random/pairwise/additive": 0.9998883381180013, "rho_curated/additive_GE/additive": 0.999968558414741, "rho_random/additive_GE/additive": 0.9999273840577935, "rho_curated/pairwise_GE/additive": 0.999190266847572, "rho_random/pairwise_GE/additive": 0.998546120211449, "rho_curated/additive/additive_pairwise": 0.9838607024820407, "rho_random/additive/additive_pairwise": 0.973581230545246, "rho_curated/pairwise/additive_pairwise": 0.9999381634215264, "rho_random/pairwise/additive_pairwise": 0.9998878237694167, "rho_curated/additive_GE/additive_pairwise": 0.9837607191256492, "rho_random/additive_GE/additive_pairwise": 0.9745044008136636, "rho_curated/pairwise_GE/additive_pairwise": 0.998885092795377, "rho_random/pairwise_GE/additive_pairwise": 0.9981054891073539, "rho_curated/additive/nonlin_additive": 0.9959171645003927, "rho_random/additive/nonlin_additive": 0.9961304612427868, "rho_curated/pairwise/nonlin_additive": 0.9983568441341555, "rho_random/pairwise/nonlin_additive": 0.9934943104156035, "rho_curated/additive_GE/nonlin_additive": 0.9999793533511726, "rho_random/additive_GE/nonlin_additive": 0.999975675975676, "rho_curated/pairwise_GE/nonlin_additive": 0.997893514851589, "rho_random/pairwise_GE/nonlin_additive": 0.9979812341873079, "rho_curated/additive/nonlin_additive_pairwise": NaN, "rho_random/additive/nonlin_additive_pairwise": NaN, "rho_curated/pairwise/nonlin_additive_pairwise": NaN, "rho_random/pairwise/nonlin_additive_pairwise": NaN, "rho_curated/additive_GE/nonlin_additive_pairwise": NaN, "rho_random/additive_GE/nonlin_additive_pairwise": NaN, "rho_curated/pairwise_GE/nonlin_additive_pairwise": NaN, "rho_random/pairwise_GE/nonlin_additive_pairwise": NaN, "rho_curated_mean": 0.9964744414068275, "rho_random_mean": 0.9943346534693761, "_wandb": {"runtime": 531}}