{"potts/n_edges": 180, "potts/edge_density": 0.9473684210526315, "potts/J_mean_abs": 1.8359808921813965, "potts/J_std": 1.405365228652954, "_timestamp": 1773676156.534129, "_runtime": 524.1887137889862, "_step": 21, "gt_scores/additive/std": 1.2097035595556864, "gt_scores/additive/min": -8.994394302368164, "gt_scores/additive/pct5": -6.638693571090698, "gt_scores/additive_pairwise/std": 50.650179125599756, "gt_scores/additive_pairwise/min": -370.0272521972656, "gt_scores/additive_pairwise/pct5": -253.89566116333006, "gt_scores/nonlin_additive/std": 0.12780147869164835, "gt_scores/nonlin_additive/min": -0.8633649983358815, "gt_scores/nonlin_additive/pct5": -0.8409005929909275, "gt_scores/nonlin_additive_pairwise/std": 2.0015788432643905e-11, "gt_scores/nonlin_additive_pairwise/min": -0.8672038070001775, "gt_scores/nonlin_additive_pairwise/pct5": -0.8672038070001775, "rho_curated/additive/additive": 0.9999972928958917, "rho_random/additive/additive": 0.9999913540386547, "rho_curated/pairwise/additive": 0.9999426676697054, "rho_random/pairwise/additive": 0.999883543836558, "rho_curated/additive_GE/additive": 0.9999776113591036, "rho_random/additive_GE/additive": 0.9999494527660846, "rho_curated/pairwise_GE/additive": 0.9991457510217893, "rho_random/pairwise_GE/additive": 0.9984965349752164, "rho_curated/additive/additive_pairwise": 0.9864536322498202, "rho_random/additive/additive_pairwise": 0.9754292253179879, "rho_curated/pairwise/additive_pairwise": 0.9999314213412568, "rho_random/pairwise/additive_pairwise": 0.9998684588668264, "rho_curated/additive_GE/additive_pairwise": 0.9865661682543243, "rho_random/additive_GE/additive_pairwise": 0.9753609116173607, "rho_curated/pairwise_GE/additive_pairwise": 0.9987617402303804, "rho_random/pairwise_GE/additive_pairwise": 0.9979300238366359, "rho_curated/additive/nonlin_additive": 0.9967456463574355, "rho_random/additive/nonlin_additive": 0.9970364847089792, "rho_curated/pairwise/nonlin_additive": 0.9980079900319372, "rho_random/pairwise/nonlin_additive": 0.993887727957396, "rho_curated/additive_GE/nonlin_additive": 0.9999881105435229, "rho_random/additive_GE/nonlin_additive": 0.999983517469651, "rho_curated/pairwise_GE/nonlin_additive": 0.9986910844674235, "rho_random/pairwise_GE/nonlin_additive": 0.9984940637653656, "rho_curated/additive/nonlin_additive_pairwise": NaN, "rho_random/additive/nonlin_additive_pairwise": NaN, "rho_curated/pairwise/nonlin_additive_pairwise": NaN, "rho_random/pairwise/nonlin_additive_pairwise": NaN, "rho_curated/additive_GE/nonlin_additive_pairwise": NaN, "rho_random/additive_GE/nonlin_additive_pairwise": NaN, "rho_curated/pairwise_GE/nonlin_additive_pairwise": NaN, "rho_random/pairwise_GE/nonlin_additive_pairwise": NaN, "rho_curated_mean": 0.9970174263685493, "rho_random_mean": 0.9946926082630597, "_wandb": {"runtime": 523}}