{"potts/n_edges": 159, "potts/edge_density": 0.8368421052631579, "potts/J_mean_abs": 3.9911727905273438, "potts/J_std": 3.4424245357513428, "_timestamp": 1773424341.8531597, "_runtime": 522.8597726821899, "_step": 21, "gt_scores/additive/std": 1.2097035595556864, "gt_scores/additive/min": -8.994394302368164, "gt_scores/additive/pct5": -6.638693571090698, "gt_scores/additive_pairwise/std": 87.64933680073396, "gt_scores/additive_pairwise/min": -609.5704956054688, "gt_scores/additive_pairwise/pct5": -424.13902435302737, "gt_scores/nonlin_additive/std": 0.12780147869164835, "gt_scores/nonlin_additive/min": -0.8633649983358815, "gt_scores/nonlin_additive/pct5": -0.8409005929909275, "gt_scores/nonlin_additive_pairwise/std": 7.443153422673471e-15, "gt_scores/nonlin_additive_pairwise/min": -0.8672038070001775, "gt_scores/nonlin_additive_pairwise/pct5": -0.8672038070001775, "rho_curated/additive/additive": 0.9999975601359025, "rho_random/additive/additive": 0.9999927764709501, "rho_curated/pairwise/additive": 0.9999429776537178, "rho_random/pairwise/additive": 0.9998826160353604, "rho_curated/additive_GE/additive": 0.9999847905033906, "rho_random/additive_GE/additive": 0.9999605642026814, "rho_curated/pairwise_GE/additive": 0.9991287713331299, "rho_random/pairwise_GE/additive": 0.9984921300701756, "rho_curated/additive/additive_pairwise": 0.9754069270459164, "rho_random/additive/additive_pairwise": 0.9633252292254437, "rho_curated/pairwise/additive_pairwise": 0.9999291093491627, "rho_random/pairwise/additive_pairwise": 0.9998670705549229, "rho_curated/additive_GE/additive_pairwise": 0.9754980879307475, "rho_random/additive_GE/additive_pairwise": 0.9542632244008153, "rho_curated/pairwise_GE/additive_pairwise": 0.9991961344397875, "rho_random/pairwise_GE/additive_pairwise": 0.9986873593892677, "rho_curated/additive/nonlin_additive": 0.9964052432559509, "rho_random/additive/nonlin_additive": 0.9962204422697325, "rho_curated/pairwise/nonlin_additive": 0.9984477583698357, "rho_random/pairwise/nonlin_additive": 0.9927110464132353, "rho_curated/additive_GE/nonlin_additive": NaN, "rho_random/additive_GE/nonlin_additive": NaN, "rho_curated/pairwise_GE/nonlin_additive": 0.9989464227578062, "rho_random/pairwise_GE/nonlin_additive": 0.9989081486508834, "rho_curated/additive/nonlin_additive_pairwise": NaN, "rho_random/additive/nonlin_additive_pairwise": NaN, "rho_curated/pairwise/nonlin_additive_pairwise": NaN, "rho_random/pairwise/nonlin_additive_pairwise": NaN, "rho_curated/additive_GE/nonlin_additive_pairwise": NaN, "rho_random/additive_GE/nonlin_additive_pairwise": NaN, "rho_curated/pairwise_GE/nonlin_additive_pairwise": NaN, "rho_random/pairwise_GE/nonlin_additive_pairwise": NaN, "rho_curated_mean": 0.9948076166159406, "rho_random_mean": 0.9911191461530428, "_wandb": {"runtime": 522}}