{"potts/n_edges": 59, "potts/edge_density": 0.3105263157894737, "potts/J_mean_abs": 3.291482448577881, "potts/J_std": 2.6370718479156494, "_timestamp": 1773412932.8070679, "_runtime": 535.2241318225861, "_step": 21, "gt_scores/additive/std": 1.1523767070841298, "gt_scores/additive/min": -7.738286018371582, "gt_scores/additive/pct5": -5.224474596977234, "gt_scores/additive_pairwise/std": 22.477107997227694, "gt_scores/additive_pairwise/min": -130.66563415527344, "gt_scores/additive_pairwise/pct5": -84.4195987701416, "gt_scores/nonlin_additive/std": 0.15566557923492758, "gt_scores/nonlin_additive/min": -0.7982763601893211, "gt_scores/nonlin_additive/pct5": -0.7612027655341534, "gt_scores/nonlin_additive_pairwise/std": 0.03732193413681598, "gt_scores/nonlin_additive_pairwise/min": -0.8032006105826088, "gt_scores/nonlin_additive_pairwise/pct5": -0.8032006105826088, "rho_curated/additive/additive": 0.9999976678479064, "rho_random/additive/additive": 0.9999918292495783, "rho_curated/pairwise/additive": 0.9999368445734707, "rho_random/pairwise/additive": 0.9998870487307179, "rho_curated/additive_GE/additive": 0.9999782823991291, "rho_random/additive_GE/additive": 0.9999484865321232, "rho_curated/pairwise_GE/additive": 0.9879678483495588, "rho_random/pairwise_GE/additive": 0.9811075387564605, "rho_curated/additive/additive_pairwise": 0.9307674561426981, "rho_random/additive/additive_pairwise": 0.8905932716100188, "rho_curated/pairwise/additive_pairwise": 0.9999182868127313, "rho_random/pairwise/additive_pairwise": 0.9998296138548987, "rho_curated/additive_GE/additive_pairwise": 0.9300860820034432, "rho_random/additive_GE/additive_pairwise": 0.8861009498192463, "rho_curated/pairwise_GE/additive_pairwise": 0.9943476126777688, "rho_random/pairwise_GE/additive_pairwise": 0.9903471421331929, "rho_curated/additive/nonlin_additive": 0.9976621901218705, "rho_random/additive/nonlin_additive": 0.9975072156454126, "rho_curated/pairwise/nonlin_additive": 0.99885039812974, "rho_random/pairwise/nonlin_additive": 0.9975301721706511, "rho_curated/additive_GE/nonlin_additive": 0.9999924703836969, "rho_random/additive_GE/nonlin_additive": 0.9999882415351316, "rho_curated/pairwise_GE/nonlin_additive": 0.9975563325735494, "rho_random/pairwise_GE/nonlin_additive": 0.9968717707783434, "rho_curated/additive/nonlin_additive_pairwise": 0.08687629443974079, "rho_random/additive/nonlin_additive_pairwise": 0.43121642570238516, "rho_curated/pairwise/nonlin_additive_pairwise": 0.10356843044710899, "rho_random/pairwise/nonlin_additive_pairwise": 0.47151989754837925, "rho_curated/additive_GE/nonlin_additive_pairwise": NaN, "rho_random/additive_GE/nonlin_additive_pairwise": NaN, "rho_curated/pairwise_GE/nonlin_additive_pairwise": 0.14589292408503385, "rho_random/pairwise_GE/nonlin_additive_pairwise": 0.5801792188302681, "rho_curated_mean": 0.8115599413991631, "rho_random_mean": 0.8815079215264539, "_wandb": {"runtime": 534}}