{"potts/n_edges": 402, "potts/edge_density": 0.9241379310344827, "potts/J_mean_abs": 3.5430314540863037, "potts/J_std": 3.281510353088379, "_timestamp": 1773379914.3682523, "_runtime": 515.2370042800903, "_step": 21, "gt_scores/additive/std": 1.3145519307288893, "gt_scores/additive/min": -9.543702125549316, "gt_scores/additive/pct5": -6.543755149841308, "gt_scores/additive_pairwise/std": 114.17185223144679, "gt_scores/additive_pairwise/min": -784.6692504882812, "gt_scores/additive_pairwise/pct5": -493.1454833984375, "gt_scores/nonlin_additive/std": 0.1415948963973883, "gt_scores/nonlin_additive/min": -0.8305795334928087, "gt_scores/nonlin_additive/pct5": -0.8006284573354645, "gt_scores/nonlin_additive_pairwise/std": 6.827893070105246e-06, "gt_scores/nonlin_additive_pairwise/min": -0.8341020215334246, "gt_scores/nonlin_additive_pairwise/pct5": -0.8341020215334246, "rho_curated/additive/additive": 0.999996726423869, "rho_random/additive/additive": 0.9999904430039066, "rho_curated/pairwise/additive": 0.999247284417855, "rho_random/pairwise/additive": 0.998876298254286, "rho_curated/additive_GE/additive": 0.9999746797829854, "rho_random/additive_GE/additive": 0.9999452671560468, "rho_curated/pairwise_GE/additive": 0.9662851000914038, "rho_random/pairwise_GE/additive": 0.9515617914520133, "rho_curated/additive/additive_pairwise": 0.9821116636516077, "rho_random/additive/additive_pairwise": 0.9705993680946196, "rho_curated/pairwise/additive_pairwise": 0.9918381107775243, "rho_random/pairwise/additive_pairwise": 0.9842753529264467, "rho_curated/additive_GE/additive_pairwise": 0.9822255825125967, "rho_random/additive_GE/additive_pairwise": 0.9692628456180261, "rho_curated/pairwise_GE/additive_pairwise": 0.9581054315722171, "rho_random/pairwise_GE/additive_pairwise": 0.937621951154066, "rho_curated/additive/nonlin_additive": 0.9972414955453287, "rho_random/additive/nonlin_additive": 0.9970311294439325, "rho_curated/pairwise/nonlin_additive": 0.9892652942808086, "rho_random/pairwise/nonlin_additive": 0.9832245564899672, "rho_curated/additive_GE/nonlin_additive": 0.9999861183514437, "rho_random/additive_GE/nonlin_additive": 0.9999857192733624, "rho_curated/pairwise_GE/nonlin_additive": 0.9810015121662368, "rho_random/pairwise_GE/nonlin_additive": 0.9788249927923557, "rho_curated/additive/nonlin_additive_pairwise": NaN, "rho_random/additive/nonlin_additive_pairwise": NaN, "rho_curated/pairwise/nonlin_additive_pairwise": NaN, "rho_random/pairwise/nonlin_additive_pairwise": NaN, "rho_curated/additive_GE/nonlin_additive_pairwise": NaN, "rho_random/additive_GE/nonlin_additive_pairwise": NaN, "rho_curated/pairwise_GE/nonlin_additive_pairwise": NaN, "rho_random/pairwise_GE/nonlin_additive_pairwise": NaN, "rho_curated_mean": 0.9872732499644897, "rho_random_mean": 0.9809333096382525, "_wandb": {"runtime": 514}}