{"potts/n_edges": 67, "potts/edge_density": 0.638095238095238, "potts/J_mean_abs": 1.115031123161316, "potts/J_std": 1.0030497312545776, "_timestamp": 1773565131.2353637, "_runtime": 654.989132642746, "_step": 21, "gt_scores/additive/std": 0.9153219739721773, "gt_scores/additive/min": -6.102260112762451, "gt_scores/additive/pct5": -4.102987623214721, "gt_scores/additive_pairwise/std": 11.3057362282542, "gt_scores/additive_pairwise/min": -74.82390594482422, "gt_scores/additive_pairwise/pct5": -47.614573287963864, "gt_scores/nonlin_additive/std": 0.15664702317102136, "gt_scores/nonlin_additive/min": -0.7942014928090024, "gt_scores/nonlin_additive/pct5": -0.7561757150458371, "gt_scores/nonlin_additive_pairwise/std": 0.007977900259212564, "gt_scores/nonlin_additive_pairwise/min": -0.7992418339748336, "gt_scores/nonlin_additive_pairwise/pct5": -0.7992418339748336, "rho_curated/additive/additive": 0.9999979622559182, "rho_random/additive/additive": 0.9999938881310461, "rho_curated/pairwise/additive": 0.9999768692310737, "rho_random/pairwise/additive": 0.9999417313952832, "rho_curated/additive_GE/additive": 0.999990892839635, "rho_random/additive_GE/additive": 0.9999782660152303, "rho_curated/pairwise_GE/additive": 0.9996722038828646, "rho_random/pairwise_GE/additive": 0.9994953984246981, "rho_curated/additive/additive_pairwise": 0.9527493101717045, "rho_random/additive/additive_pairwise": 0.9296724230115652, "rho_curated/pairwise/additive_pairwise": 0.9999683244147317, "rho_random/pairwise/additive_pairwise": 0.9999222170626028, "rho_curated/additive_GE/additive_pairwise": 0.9525090809392235, "rho_random/additive_GE/additive_pairwise": 0.9250743717386374, "rho_curated/pairwise_GE/additive_pairwise": 0.9995785025991097, "rho_random/pairwise_GE/additive_pairwise": 0.9993647797221447, "rho_curated/additive/nonlin_additive": 0.9987075057962692, "rho_random/additive/nonlin_additive": 0.9984011188839815, "rho_curated/pairwise/nonlin_additive": 0.9996232590729124, "rho_random/pairwise/nonlin_additive": 0.9992294499376398, "rho_curated/additive_GE/nonlin_additive": 0.9999923652876945, "rho_random/additive_GE/nonlin_additive": 0.9999881560008067, "rho_curated/pairwise_GE/nonlin_additive": 0.9998137641925461, "rho_random/pairwise_GE/nonlin_additive": 0.9997196200138398, "rho_curated/additive/nonlin_additive_pairwise": 0.035096643895889554, "rho_random/additive/nonlin_additive_pairwise": 0.3175756021607422, "rho_curated/pairwise/nonlin_additive_pairwise": 0.1504139864736965, "rho_random/pairwise/nonlin_additive_pairwise": 0.4343173871797214, "rho_curated/additive_GE/nonlin_additive_pairwise": 0.23881097127185835, "rho_random/additive_GE/nonlin_additive_pairwise": 0.6796792562415962, "rho_curated/pairwise_GE/nonlin_additive_pairwise": 0.29761906880379024, "rho_random/pairwise_GE/nonlin_additive_pairwise": 0.5932838529880884, "rho_curated_mean": 0.7890325444455574, "rho_random_mean": 0.8672273449317265, "_wandb": {"runtime": 654}}