{"potts/n_edges": 548, "potts/edge_density": 0.9210084033613445, "potts/J_mean_abs": 2.2760257720947266, "potts/J_std": 1.8089213371276855, "_timestamp": 1773572770.1205356, "_runtime": 507.714638710022, "_step": 21, "gt_scores/additive/std": 1.1528579720739938, "gt_scores/additive/min": -7.998189926147461, "gt_scores/additive/pct5": -4.932051467895508, "gt_scores/additive_pairwise/std": 55.247154094909995, "gt_scores/additive_pairwise/min": -407.0262145996094, "gt_scores/additive_pairwise/pct5": -204.57782669067382, "gt_scores/nonlin_additive/std": 0.16041102297053694, "gt_scores/nonlin_additive/min": -0.774008956831814, "gt_scores/nonlin_additive/pct5": -0.7311924216093711, "gt_scores/nonlin_additive_pairwise/std": 0.020112923051607903, "gt_scores/nonlin_additive_pairwise/min": -0.7773865618694825, "gt_scores/nonlin_additive_pairwise/pct5": -0.7773865618694825, "rho_curated/additive/additive": 0.9999973240958928, "rho_random/additive/additive": 0.9999910773911755, "rho_curated/pairwise/additive": 0.9988912932436251, "rho_random/pairwise/additive": 0.9985657213202331, "rho_curated/additive_GE/additive": 0.999976478367059, "rho_random/additive_GE/additive": 0.9999462806946995, "rho_curated/pairwise_GE/additive": 0.971399156327966, "rho_random/pairwise_GE/additive": 0.957576240676105, "rho_curated/additive/additive_pairwise": 0.9818111106324443, "rho_random/additive/additive_pairwise": 0.9737038687611006, "rho_curated/pairwise/additive_pairwise": 0.9814454641613732, "rho_random/pairwise/additive_pairwise": 0.9757031376428991, "rho_curated/additive_GE/additive_pairwise": 0.9826953116353971, "rho_random/additive_GE/additive_pairwise": 0.9738686337761189, "rho_curated/pairwise_GE/additive_pairwise": 0.9541743352618737, "rho_random/pairwise_GE/additive_pairwise": 0.9484542523076236, "rho_curated/additive/nonlin_additive": 0.99802386958486, "rho_random/additive/nonlin_additive": 0.9975523868478757, "rho_curated/pairwise/nonlin_additive": 0.9913144841563709, "rho_random/pairwise/nonlin_additive": 0.9870845637734402, "rho_curated/additive_GE/nonlin_additive": 0.9999858563434333, "rho_random/additive_GE/nonlin_additive": 0.9999784992011919, "rho_curated/pairwise_GE/nonlin_additive": 0.986086206057111, "rho_random/pairwise_GE/nonlin_additive": 0.9810445501350052, "rho_curated/additive/nonlin_additive_pairwise": 0.14348984262297457, "rho_random/additive/nonlin_additive_pairwise": 0.26425424141176507, "rho_curated/pairwise/nonlin_additive_pairwise": 0.30430689830755514, "rho_random/pairwise/nonlin_additive_pairwise": 0.2942609411223157, "rho_curated/additive_GE/nonlin_additive_pairwise": 0.11883983988528563, "rho_random/additive_GE/nonlin_additive_pairwise": 0.07225920218982572, "rho_curated/pairwise_GE/nonlin_additive_pairwise": 0.2003354909216143, "rho_random/pairwise_GE/nonlin_additive_pairwise": 0.24566670955775377, "rho_curated_mean": 0.7882983101003023, "rho_random_mean": 0.7918693941755706, "_wandb": {"runtime": 507}}