{"potts/n_edges": 2838, "potts/edge_density": 0.5733333333333334, "potts/J_mean_abs": 3.2312710285186768, "potts/J_std": 2.5333797931671143, "_timestamp": 1773631492.0152721, "_runtime": 611.4930100440979, "_step": 21, "gt_scores/additive/std": 1.5499381677782906, "gt_scores/additive/min": -11.220993995666504, "gt_scores/additive/pct5": -7.041671586036682, "gt_scores/additive_pairwise/std": 82.02334850343817, "gt_scores/additive_pairwise/min": -541.8623657226562, "gt_scores/additive_pairwise/pct5": -311.42427520751954, "gt_scores/nonlin_additive/std": 0.1519094066091214, "gt_scores/nonlin_additive/min": -0.7986814691725639, "gt_scores/nonlin_additive/pct5": -0.7603640208912466, "gt_scores/nonlin_additive_pairwise/std": 0.005005711052581749, "gt_scores/nonlin_additive_pairwise/min": -0.8015717919679708, "gt_scores/nonlin_additive_pairwise/pct5": -0.8015717919679708, "rho_curated/additive/additive": 0.9999942441277696, "rho_random/additive/additive": 0.9999816258455589, "rho_curated/pairwise/additive": 0.9994159973206397, "rho_random/pairwise/additive": 0.9994778804683758, "rho_curated/additive_GE/additive": 0.9999387611175503, "rho_random/additive_GE/additive": 0.9998832278832279, "rho_curated/pairwise_GE/additive": 0.9981477537978211, "rho_random/pairwise_GE/additive": 0.9968224307793008, "rho_curated/additive/additive_pairwise": 0.9689342446046242, "rho_random/additive/additive_pairwise": 0.9539895495734921, "rho_curated/pairwise/additive_pairwise": 0.9648288421434653, "rho_random/pairwise/additive_pairwise": 0.9513315671031367, "rho_curated/additive_GE/additive_pairwise": 0.970357379358295, "rho_random/additive_GE/additive_pairwise": 0.9532428028739318, "rho_curated/pairwise_GE/additive_pairwise": 0.9619736473020332, "rho_random/pairwise_GE/additive_pairwise": 0.9411453979688343, "rho_curated/additive/nonlin_additive": 0.9914613971136363, "rho_random/additive/nonlin_additive": 0.9903818915264712, "rho_curated/pairwise/nonlin_additive": 0.9918353559844344, "rho_random/pairwise/nonlin_additive": 0.9910670286419255, "rho_curated/additive_GE/nonlin_additive": 0.9999373186934882, "rho_random/additive_GE/nonlin_additive": 0.9999185675486015, "rho_curated/pairwise_GE/nonlin_additive": 0.9961789026546977, "rho_random/pairwise_GE/nonlin_additive": 0.9958854200158528, "rho_curated/additive/nonlin_additive_pairwise": NaN, "rho_random/additive/nonlin_additive_pairwise": 0.18876406646529084, "rho_curated/pairwise/nonlin_additive_pairwise": NaN, "rho_random/pairwise/nonlin_additive_pairwise": 0.11450695504172101, "rho_curated/additive_GE/nonlin_additive_pairwise": NaN, "rho_random/additive_GE/nonlin_additive_pairwise": 0.10289644880711646, "rho_curated/pairwise_GE/nonlin_additive_pairwise": NaN, "rho_random/pairwise_GE/nonlin_additive_pairwise": 0.09544399931714262, "rho_curated_mean": 0.9869169870182047, "rho_random_mean": 0.7671711787412487, "_wandb": {"runtime": 611}}