{"potts/n_edges": 146, "potts/edge_density": 0.7684210526315789, "potts/J_mean_abs": 3.451136350631714, "potts/J_std": 2.836946964263916, "_timestamp": 1773389890.7118893, "_runtime": 416.43705320358276, "_step": 21, "gt_scores/additive/std": 0.6136261276288377, "gt_scores/additive/min": -3.8348684310913086, "gt_scores/additive/pct5": -1.866703951358795, "gt_scores/additive_pairwise/std": 6.81188199470834, "gt_scores/additive_pairwise/min": -55.08613586425781, "gt_scores/additive_pairwise/pct5": -18.24032859802246, "gt_scores/nonlin_additive/std": 0.18631029587286135, "gt_scores/nonlin_additive/min": -0.6294751918235092, "gt_scores/nonlin_additive/pct5": -0.5567848594121261, "gt_scores/nonlin_additive_pairwise/std": 0.26244797253822466, "gt_scores/nonlin_additive_pairwise/min": -0.6327924158997472, "gt_scores/nonlin_additive_pairwise/pct5": -0.6327924158995349, "rho_curated/additive/additive": 0.9999952172924746, "rho_random/additive/additive": 0.9999860152257692, "rho_curated/pairwise/additive": 0.9984814968040212, "rho_random/pairwise/additive": 0.9987773706972702, "rho_curated/additive_GE/additive": 0.9999540886287793, "rho_random/additive_GE/additive": 0.9998674158602018, "rho_curated/pairwise_GE/additive": 0.9909281086241126, "rho_random/pairwise_GE/additive": 0.9894218333155474, "rho_curated/additive/additive_pairwise": 0.7812833808406524, "rho_random/additive/additive_pairwise": 0.7519018667809507, "rho_curated/pairwise/additive_pairwise": 0.8657410434603481, "rho_random/pairwise/additive_pairwise": 0.837276917070401, "rho_curated/additive_GE/additive_pairwise": 0.7700749977749386, "rho_random/additive_GE/additive_pairwise": 0.7582759909764399, "rho_curated/pairwise_GE/additive_pairwise": 0.8757996892433975, "rho_random/pairwise_GE/additive_pairwise": 0.8569341571145079, "rho_curated/additive/nonlin_additive": 0.9964866780687682, "rho_random/additive/nonlin_additive": 0.9956949415597283, "rho_curated/pairwise/nonlin_additive": 0.9926033442955228, "rho_random/pairwise/nonlin_additive": 0.9901086755727446, "rho_curated/additive_GE/nonlin_additive": 0.9960480305695921, "rho_random/additive_GE/nonlin_additive": 0.9961257086928164, "rho_curated/pairwise_GE/nonlin_additive": 0.9957332785728435, "rho_random/pairwise_GE/nonlin_additive": 0.994387629166533, "rho_curated/additive/nonlin_additive_pairwise": 0.6872003658074616, "rho_random/additive/nonlin_additive_pairwise": 0.670316990213447, "rho_curated/pairwise/nonlin_additive_pairwise": 0.7640140265221136, "rho_random/pairwise/nonlin_additive_pairwise": 0.7406571162963168, "rho_curated/additive_GE/nonlin_additive_pairwise": 0.21024071361686422, "rho_random/additive_GE/nonlin_additive_pairwise": 0.4136649908276922, "rho_curated/pairwise_GE/nonlin_additive_pairwise": 0.7744290185061004, "rho_random/pairwise_GE/nonlin_additive_pairwise": 0.7762322481293529, "rho_curated_mean": 0.8561883424142495, "rho_random_mean": 0.8606018667187325, "_wandb": {"runtime": 416}}