{"potts/n_edges": 1659, "potts/edge_density": 0.9372881355932203, "potts/J_mean_abs": 3.5718629360198975, "potts/J_std": 2.94551157951355, "_timestamp": 1773456971.602053, "_runtime": 547.2363789081573, "_step": 21, "gt_scores/additive/std": 1.5378494799327518, "gt_scores/additive/min": -10.391035079956055, "gt_scores/additive/pct5": -7.101400303840637, "gt_scores/additive_pairwise/std": 148.72994151315498, "gt_scores/additive_pairwise/min": -1080.5902099609375, "gt_scores/additive_pairwise/pct5": -588.4886291503906, "gt_scores/nonlin_additive/std": 0.14945225373834564, "gt_scores/nonlin_additive/min": -0.8018450392779615, "gt_scores/nonlin_additive/pct5": -0.767099911032629, "gt_scores/nonlin_additive_pairwise/std": 5.578338733171721e-06, "gt_scores/nonlin_additive_pairwise/min": -0.8066738208869829, "gt_scores/nonlin_additive_pairwise/pct5": -0.8066738208869829, "rho_curated/additive/additive": 0.9999964466558579, "rho_random/additive/additive": 0.9999889634209821, "rho_curated/pairwise/additive": 0.9990050102401766, "rho_random/pairwise/additive": 0.9989553245837905, "rho_curated/additive_GE/additive": 0.999964955534595, "rho_random/additive_GE/additive": 0.9999307734310232, "rho_curated/pairwise_GE/additive": 0.988893817898953, "rho_random/pairwise_GE/additive": 0.9816807013140035, "rho_curated/additive/additive_pairwise": 0.9855722888308913, "rho_random/additive/additive_pairwise": 0.9791371857142669, "rho_curated/pairwise/additive_pairwise": 0.9793721977498977, "rho_random/pairwise/additive_pairwise": 0.9753560251088231, "rho_curated/additive_GE/additive_pairwise": 0.9863214179725285, "rho_random/additive_GE/additive_pairwise": 0.9798661500296385, "rho_curated/pairwise_GE/additive_pairwise": 0.9661994390959775, "rho_random/pairwise_GE/additive_pairwise": 0.9608010230213888, "rho_curated/additive/nonlin_additive": 0.9953239259966203, "rho_random/additive/nonlin_additive": 0.9943701099956503, "rho_curated/pairwise/nonlin_additive": 0.9899437937965452, "rho_random/pairwise/nonlin_additive": 0.9875098278638316, "rho_curated/additive_GE/nonlin_additive": 0.9999631738945244, "rho_random/additive_GE/nonlin_additive": 0.9999530834675466, "rho_curated/pairwise_GE/nonlin_additive": 0.994237307833216, "rho_random/pairwise_GE/nonlin_additive": 0.9941635377901713, "rho_curated/additive/nonlin_additive_pairwise": NaN, "rho_random/additive/nonlin_additive_pairwise": 0.053571470104649285, "rho_curated/pairwise/nonlin_additive_pairwise": NaN, "rho_random/pairwise/nonlin_additive_pairwise": 0.10575532383997692, "rho_curated/additive_GE/nonlin_additive_pairwise": NaN, "rho_random/additive_GE/nonlin_additive_pairwise": NaN, "rho_curated/pairwise_GE/nonlin_additive_pairwise": NaN, "rho_random/pairwise_GE/nonlin_additive_pairwise": 0.059601014288191895, "rho_curated_mean": 0.9903994812916487, "rho_random_mean": 0.8047093675982625, "_wandb": {"runtime": 546}}