{"potts/n_edges": 411, "potts/edge_density": 0.6907563025210084, "potts/J_mean_abs": 3.720515727996826, "potts/J_std": 3.004877805709839, "_timestamp": 1773416597.60481, "_runtime": 521.8843100070953, "_step": 21, "gt_scores/additive/std": 1.1528579720739938, "gt_scores/additive/min": -7.998189926147461, "gt_scores/additive/pct5": -4.932051467895508, "gt_scores/additive_pairwise/std": 70.13804010420586, "gt_scores/additive_pairwise/min": -521.3419189453125, "gt_scores/additive_pairwise/pct5": -259.7959976196289, "gt_scores/nonlin_additive/std": 0.16041102297053694, "gt_scores/nonlin_additive/min": -0.774008956831814, "gt_scores/nonlin_additive/pct5": -0.7311924216093711, "gt_scores/nonlin_additive_pairwise/std": 0.022017037334618825, "gt_scores/nonlin_additive_pairwise/min": -0.7773865618694825, "gt_scores/nonlin_additive_pairwise/pct5": -0.7773865618694825, "rho_curated/additive/additive": 0.9999970631918824, "rho_random/additive/additive": 0.9999906983344443, "rho_curated/pairwise/additive": 0.9988718594108204, "rho_random/pairwise/additive": 0.9985782454202006, "rho_curated/additive_GE/additive": 0.9999589083743554, "rho_random/additive_GE/additive": 0.9999084684685857, "rho_curated/pairwise_GE/additive": 0.9663834618593047, "rho_random/pairwise_GE/additive": 0.9439017179067756, "rho_curated/additive/additive_pairwise": 0.9747416200444523, "rho_random/additive/additive_pairwise": 0.9528122836869017, "rho_curated/pairwise/additive_pairwise": 0.977060937729887, "rho_random/pairwise/additive_pairwise": 0.9718235701766681, "rho_curated/additive_GE/additive_pairwise": 0.9749666602786662, "rho_random/additive_GE/additive_pairwise": 0.953929299271269, "rho_curated/pairwise_GE/additive_pairwise": 0.9447917830716712, "rho_random/pairwise_GE/additive_pairwise": 0.940444451141985, "rho_curated/additive/nonlin_additive": 0.997182837743043, "rho_random/additive/nonlin_additive": 0.9965173067446684, "rho_curated/pairwise/nonlin_additive": 0.9911865543579818, "rho_random/pairwise/nonlin_additive": 0.9831110185023172, "rho_curated/additive_GE/nonlin_additive": 0.9999698562387914, "rho_random/additive_GE/nonlin_additive": 0.9999600116583938, "rho_curated/pairwise_GE/nonlin_additive": 0.9861611311084525, "rho_random/pairwise_GE/nonlin_additive": 0.9807854279132402, "rho_curated/additive/nonlin_additive_pairwise": 0.7697120972597638, "rho_random/additive/nonlin_additive_pairwise": 0.24847778192076939, "rho_curated/pairwise/nonlin_additive_pairwise": 0.759900028941622, "rho_random/pairwise/nonlin_additive_pairwise": 0.24671258951150116, "rho_curated/additive_GE/nonlin_additive_pairwise": NaN, "rho_random/additive_GE/nonlin_additive_pairwise": NaN, "rho_curated/pairwise_GE/nonlin_additive_pairwise": 0.7290629420993546, "rho_random/pairwise_GE/nonlin_additive_pairwise": 0.28738247417121765, "rho_curated_mean": 0.9379965161140034, "rho_random_mean": 0.833622356321929, "_wandb": {"runtime": 521}}