{"potts/n_edges": 166, "potts/edge_density": 0.8736842105263158, "potts/J_mean_abs": 3.540332555770874, "potts/J_std": 2.8102545738220215, "_timestamp": 1773513779.8529747, "_runtime": 517.5466496944427, "_step": 21, "gt_scores/additive/std": 1.210202704410808, "gt_scores/additive/min": -8.911455154418945, "gt_scores/additive/pct5": -6.663809275627136, "gt_scores/additive_pairwise/std": 84.99977201959217, "gt_scores/additive_pairwise/min": -583.4359130859375, "gt_scores/additive_pairwise/pct5": -424.5428268432617, "gt_scores/nonlin_additive/std": 0.125785236402486, "gt_scores/nonlin_additive/min": -0.8664681453126024, "gt_scores/nonlin_additive/pct5": -0.8440971430509998, "gt_scores/nonlin_additive_pairwise/std": 0.0, "gt_scores/nonlin_additive_pairwise/min": -0.8707194432537088, "gt_scores/nonlin_additive_pairwise/pct5": -0.8707194432537088, "rho_curated/additive/additive": 0.9999971060798841, "rho_random/additive/additive": 0.9999906673708081, "rho_curated/pairwise/additive": 0.9999455896698224, "rho_random/pairwise/additive": 0.9998826369866339, "rho_curated/additive_GE/additive": 0.999984415215376, "rho_random/additive_GE/additive": 0.999966137424315, "rho_curated/pairwise_GE/additive": 0.9989546716541369, "rho_random/pairwise_GE/additive": 0.9981601933871568, "rho_curated/additive/additive_pairwise": 0.9828562734498396, "rho_random/additive/additive_pairwise": 0.9701909343748233, "rho_curated/pairwise/additive_pairwise": 0.9999378812055137, "rho_random/pairwise/additive_pairwise": 0.9998813583119383, "rho_curated/additive_GE/additive_pairwise": 0.9828675971302927, "rho_random/additive_GE/additive_pairwise": 0.9711253442171518, "rho_curated/pairwise_GE/additive_pairwise": 0.998880962707185, "rho_random/pairwise_GE/additive_pairwise": 0.9980582809598553, "rho_curated/additive/nonlin_additive": 0.995012032279763, "rho_random/additive/nonlin_additive": 0.9959622268773275, "rho_curated/pairwise/nonlin_additive": 0.9979571605261882, "rho_random/pairwise/nonlin_additive": 0.9933162960302367, "rho_curated/additive_GE/nonlin_additive": 0.9999873290554918, "rho_random/additive_GE/nonlin_additive": 0.9999839693742958, "rho_curated/pairwise_GE/nonlin_additive": 0.9980647437944039, "rho_random/pairwise_GE/nonlin_additive": 0.9978591643247242, "rho_curated/additive/nonlin_additive_pairwise": NaN, "rho_random/additive/nonlin_additive_pairwise": NaN, "rho_curated/pairwise/nonlin_additive_pairwise": NaN, "rho_random/pairwise/nonlin_additive_pairwise": NaN, "rho_curated/additive_GE/nonlin_additive_pairwise": NaN, "rho_random/additive_GE/nonlin_additive_pairwise": NaN, "rho_curated/pairwise_GE/nonlin_additive_pairwise": NaN, "rho_random/pairwise_GE/nonlin_additive_pairwise": NaN, "rho_curated_mean": 0.9962038135639913, "rho_random_mean": 0.9936981008032721, "_wandb": {"runtime": 517}}