{"potts/n_edges": 426, "potts/edge_density": 0.7159663865546219, "potts/J_mean_abs": 2.3841214179992676, "potts/J_std": 1.908028483390808, "_timestamp": 1773434929.1542962, "_runtime": 545.3199660778046, "_step": 21, "gt_scores/additive/std": 1.237503791415277, "gt_scores/additive/min": -9.738248825073242, "gt_scores/additive/pct5": -5.471342945098877, "gt_scores/additive_pairwise/std": 47.12038041469209, "gt_scores/additive_pairwise/min": -325.01605224609375, "gt_scores/additive_pairwise/pct5": -172.85452880859376, "gt_scores/nonlin_additive/std": 0.15545232461665565, "gt_scores/nonlin_additive/min": -0.7919230597702269, "gt_scores/nonlin_additive/pct5": -0.7492722987205834, "gt_scores/nonlin_additive_pairwise/std": 0.023437747288368276, "gt_scores/nonlin_additive_pairwise/min": -0.7933889990198305, "gt_scores/nonlin_additive_pairwise/pct5": -0.7933889990198305, "rho_curated/additive/additive": 0.9999965897918635, "rho_random/additive/additive": 0.9999898038104513, "rho_curated/pairwise/additive": 0.9989245649489308, "rho_random/pairwise/additive": 0.9985642537748706, "rho_curated/additive_GE/additive": 0.999976837143073, "rho_random/additive_GE/additive": 0.999941059480433, "rho_curated/pairwise_GE/additive": 0.9690281102171243, "rho_random/pairwise_GE/additive": 0.955514379439318, "rho_curated/additive/additive_pairwise": 0.9755249933238249, "rho_random/additive/additive_pairwise": 0.9651919451697766, "rho_curated/pairwise/additive_pairwise": 0.9797705886948235, "rho_random/pairwise/additive_pairwise": 0.9714292194292194, "rho_curated/additive_GE/additive_pairwise": 0.97583474739165, "rho_random/additive_GE/additive_pairwise": 0.9615158846308882, "rho_curated/pairwise_GE/additive_pairwise": 0.9538656972655206, "rho_random/pairwise_GE/additive_pairwise": 0.9442444200463506, "rho_curated/additive/nonlin_additive": 0.9970851366191256, "rho_random/additive/nonlin_additive": 0.9964962870845812, "rho_curated/pairwise/nonlin_additive": 0.9918650593698213, "rho_random/pairwise/nonlin_additive": 0.9887197947584132, "rho_curated/additive_GE/nonlin_additive": 0.9999784499671369, "rho_random/additive_GE/nonlin_additive": 0.9999662462143559, "rho_curated/pairwise_GE/nonlin_additive": 0.9863923896463891, "rho_random/pairwise_GE/nonlin_additive": 0.9814594187938932, "rho_curated/additive/nonlin_additive_pairwise": 0.05409132793687167, "rho_random/additive/nonlin_additive_pairwise": 0.39108006877435736, "rho_curated/pairwise/nonlin_additive_pairwise": 0.07916929309953352, "rho_random/pairwise/nonlin_additive_pairwise": 0.3622211712253551, "rho_curated/additive_GE/nonlin_additive_pairwise": 0.08788865336813487, "rho_random/additive_GE/nonlin_additive_pairwise": 0.06968201966436095, "rho_curated/pairwise_GE/nonlin_additive_pairwise": 0.10843495450646294, "rho_random/pairwise_GE/nonlin_additive_pairwise": 0.35551520706920603, "rho_curated_mean": 0.7598642120806429, "rho_random_mean": 0.8088456987103644, "_wandb": {"runtime": 544}}