{"potts/n_edges": 551, "potts/edge_density": 0.9260504201680673, "potts/J_mean_abs": 4.122681617736816, "potts/J_std": 3.770596504211426, "_timestamp": 1773640962.1636941, "_runtime": 387.5447950363159, "_step": 21, "gt_scores/additive/std": 1.3842610764793362, "gt_scores/additive/min": -11.451440811157227, "gt_scores/additive/pct5": -7.0325216293334964, "gt_scores/additive_pairwise/std": 146.17692563009126, "gt_scores/additive_pairwise/min": -1096.9859619140625, "gt_scores/additive_pairwise/pct5": -604.9409118652344, "gt_scores/nonlin_additive/std": 0.13690464032538527, "gt_scores/nonlin_additive/min": -0.8426039102770062, "gt_scores/nonlin_additive/pct5": -0.8114426650877217, "gt_scores/nonlin_additive_pairwise/std": 2.0059986498536117e-09, "gt_scores/nonlin_additive_pairwise/min": -0.8439837195431337, "gt_scores/nonlin_additive_pairwise/pct5": -0.8439837195431337, "rho_curated/additive/additive": 0.9999969915758795, "rho_random/additive/additive": 0.9999907264157165, "rho_curated/pairwise/additive": 0.9989366705494158, "rho_random/pairwise/additive": 0.9985836304091189, "rho_curated/additive_GE/additive": 0.9999716271028639, "rho_random/additive_GE/additive": 0.9999397132909654, "rho_curated/pairwise_GE/additive": 0.9597749222770663, "rho_random/pairwise_GE/additive": 0.9317303133640181, "rho_curated/additive/additive_pairwise": 0.9830074567030748, "rho_random/additive/additive_pairwise": 0.97628332932178, "rho_curated/pairwise/additive_pairwise": 0.9853462380058493, "rho_random/pairwise/additive_pairwise": 0.9787262224742787, "rho_curated/additive_GE/additive_pairwise": 0.9828801104183825, "rho_random/additive_GE/additive_pairwise": 0.9760937863161473, "rho_curated/pairwise_GE/additive_pairwise": 0.9481206913235826, "rho_random/pairwise_GE/additive_pairwise": 0.9313450715458724, "rho_curated/additive/nonlin_additive": 0.996919094868616, "rho_random/additive/nonlin_additive": 0.9966434064932278, "rho_curated/pairwise/nonlin_additive": 0.9881212289962792, "rho_random/pairwise/nonlin_additive": 0.9803155649304778, "rho_curated/additive_GE/nonlin_additive": 0.9999811202792435, "rho_random/additive_GE/nonlin_additive": 0.9999754017832043, "rho_curated/pairwise_GE/nonlin_additive": 0.979213169592028, "rho_random/pairwise_GE/nonlin_additive": 0.9741776785269253, "rho_curated/additive/nonlin_additive_pairwise": NaN, "rho_random/additive/nonlin_additive_pairwise": NaN, "rho_curated/pairwise/nonlin_additive_pairwise": NaN, "rho_random/pairwise/nonlin_additive_pairwise": NaN, "rho_curated/additive_GE/nonlin_additive_pairwise": NaN, "rho_random/additive_GE/nonlin_additive_pairwise": NaN, "rho_curated/pairwise_GE/nonlin_additive_pairwise": NaN, "rho_random/pairwise_GE/nonlin_additive_pairwise": NaN, "rho_curated_mean": 0.9851891101410234, "rho_random_mean": 0.978650403739311, "_wandb": {"runtime": 387}}