{"potts/n_edges": 183, "potts/edge_density": 0.9631578947368421, "potts/J_mean_abs": 2.4412600994110107, "potts/J_std": 1.865555763244629, "_timestamp": 1773495065.6028023, "_runtime": 517.8398742675781, "_step": 21, "gt_scores/additive/std": 1.2097035595556864, "gt_scores/additive/min": -8.994394302368164, "gt_scores/additive/pct5": -6.638693571090698, "gt_scores/additive_pairwise/std": 64.38324365302074, "gt_scores/additive_pairwise/min": -441.12237548828125, "gt_scores/additive_pairwise/pct5": -322.4498123168945, "gt_scores/nonlin_additive/std": 0.12780147869164835, "gt_scores/nonlin_additive/min": -0.8633649983358815, "gt_scores/nonlin_additive/pct5": -0.8409005929909275, "gt_scores/nonlin_additive_pairwise/std": 2.468874124186697e-12, "gt_scores/nonlin_additive_pairwise/min": -0.8672038070001775, "gt_scores/nonlin_additive_pairwise/pct5": -0.8672038070001775, "rho_curated/additive/additive": 0.9999979708479189, "rho_random/additive/additive": 0.9999931003597486, "rho_curated/pairwise/additive": 0.9999421199176793, "rho_random/pairwise/additive": 0.9998432937627464, "rho_curated/additive_GE/additive": 0.9999699614307979, "rho_random/additive_GE/additive": 0.9999345650729541, "rho_curated/pairwise_GE/additive": 0.9988448807217399, "rho_random/pairwise_GE/additive": 0.9980837820233659, "rho_curated/additive/additive_pairwise": 0.9844289844887857, "rho_random/additive/additive_pairwise": 0.9756786673507288, "rho_curated/pairwise/additive_pairwise": 0.9999371749334854, "rho_random/pairwise/additive_pairwise": 0.9998802211820286, "rho_curated/additive_GE/additive_pairwise": 0.98453025131721, "rho_random/additive_GE/additive_pairwise": 0.9741717133911818, "rho_curated/pairwise_GE/additive_pairwise": 0.9992899551475811, "rho_random/pairwise_GE/additive_pairwise": 0.998875606462147, "rho_curated/additive/nonlin_additive": 0.9957866903673664, "rho_random/additive/nonlin_additive": 0.9966381839921872, "rho_curated/pairwise/nonlin_additive": 0.9979157763165308, "rho_random/pairwise/nonlin_additive": 0.9939936083249872, "rho_curated/additive_GE/nonlin_additive": 0.9999810625592424, "rho_random/additive_GE/nonlin_additive": 0.9999761212467695, "rho_curated/pairwise_GE/nonlin_additive": 0.9984378942974033, "rho_random/pairwise_GE/nonlin_additive": 0.9983722036537694, "rho_curated/additive/nonlin_additive_pairwise": NaN, "rho_random/additive/nonlin_additive_pairwise": NaN, "rho_curated/pairwise/nonlin_additive_pairwise": NaN, "rho_random/pairwise/nonlin_additive_pairwise": NaN, "rho_curated/additive_GE/nonlin_additive_pairwise": NaN, "rho_random/additive_GE/nonlin_additive_pairwise": NaN, "rho_curated/pairwise_GE/nonlin_additive_pairwise": NaN, "rho_random/pairwise_GE/nonlin_additive_pairwise": NaN, "rho_curated_mean": 0.9965885601954784, "rho_random_mean": 0.9946200889018845, "_wandb": {"runtime": 517}}