{"potts/n_edges": 82, "potts/edge_density": 0.780952380952381, "potts/J_mean_abs": 3.043360471725464, "potts/J_std": 2.511126756668091, "_timestamp": 1773698693.7618783, "_runtime": 510.8605053424835, "_step": 21, "gt_scores/additive/std": 0.7770162874764199, "gt_scores/additive/min": -5.525506973266602, "gt_scores/additive/pct5": -4.092422103881836, "gt_scores/additive_pairwise/std": 32.08138316885871, "gt_scores/additive_pairwise/min": -292.30767822265625, "gt_scores/additive_pairwise/pct5": -240.8888252258301, "gt_scores/nonlin_additive/std": 0.13179785214960515, "gt_scores/nonlin_additive/min": -0.851066460422529, "gt_scores/nonlin_additive/pct5": -0.8261551473383105, "gt_scores/nonlin_additive_pairwise/std": 2.220446049250313e-16, "gt_scores/nonlin_additive_pairwise/min": -0.8558889585984598, "gt_scores/nonlin_additive_pairwise/pct5": -0.8558889585984598, "rho_curated/additive/additive": 0.999998324487933, "rho_random/additive/additive": 0.9999945683059456, "rho_curated/pairwise/additive": 0.9999763262310525, "rho_random/pairwise/additive": 0.999945639211313, "rho_curated/additive_GE/additive": 0.9999915356076609, "rho_random/additive_GE/additive": 0.9999761985341259, "rho_curated/pairwise_GE/additive": 0.9995730773029129, "rho_random/pairwise_GE/additive": 0.9992362389952752, "rho_curated/additive/additive_pairwise": 0.9200520170702431, "rho_random/additive/additive_pairwise": 0.8841284632287778, "rho_curated/pairwise/additive_pairwise": 0.9999635745025421, "rho_random/pairwise/additive_pairwise": 0.9999331848667443, "rho_curated/additive_GE/additive_pairwise": NaN, "rho_random/additive_GE/additive_pairwise": NaN, "rho_curated/pairwise_GE/additive_pairwise": 0.9995455106377985, "rho_random/pairwise_GE/additive_pairwise": 0.9993453309652074, "rho_curated/additive/nonlin_additive": 0.9959896283512001, "rho_random/additive/nonlin_additive": 0.9962338457544252, "rho_curated/pairwise/nonlin_additive": 0.9992362617453404, "rho_random/pairwise/nonlin_additive": 0.9982113351180505, "rho_curated/additive_GE/nonlin_additive": 0.9999831367593236, "rho_random/additive_GE/nonlin_additive": 0.9999792805447696, "rho_curated/pairwise_GE/nonlin_additive": 0.999487575619417, "rho_random/pairwise_GE/nonlin_additive": 0.9995370418308117, "rho_curated/additive/nonlin_additive_pairwise": NaN, "rho_random/additive/nonlin_additive_pairwise": NaN, "rho_curated/pairwise/nonlin_additive_pairwise": NaN, "rho_random/pairwise/nonlin_additive_pairwise": NaN, "rho_curated/additive_GE/nonlin_additive_pairwise": NaN, "rho_random/additive_GE/nonlin_additive_pairwise": NaN, "rho_curated/pairwise_GE/nonlin_additive_pairwise": NaN, "rho_random/pairwise_GE/nonlin_additive_pairwise": NaN, "rho_curated_mean": 0.9921633607559478, "rho_random_mean": 0.9887746479414041, "_wandb": {"runtime": 510}}