{"potts/n_edges": 2766, "potts/edge_density": 0.8753164556962025, "potts/J_mean_abs": 1.535322904586792, "potts/J_std": 1.2068947553634644, "_timestamp": 1773640557.8400545, "_runtime": 579.181985616684, "_step": 21, "gt_scores/additive/std": 1.7425627716340433, "gt_scores/additive/min": -13.187027931213379, "gt_scores/additive/pct5": -8.117160367965699, "gt_scores/additive_pairwise/std": 66.39542694542021, "gt_scores/additive_pairwise/min": -467.2742919921875, "gt_scores/additive_pairwise/pct5": -260.33643493652346, "gt_scores/nonlin_additive/std": 0.14955072976137943, "gt_scores/nonlin_additive/min": -0.8083376938669797, "gt_scores/nonlin_additive/pct5": -0.7715522343925328, "gt_scores/nonlin_additive_pairwise/std": 0.0019597134623057996, "gt_scores/nonlin_additive_pairwise/min": -0.8105443801125422, "gt_scores/nonlin_additive_pairwise/pct5": -0.8105443801125422, "rho_curated/additive/additive": 0.9999951484958058, "rho_random/additive/additive": 0.9999872637871772, "rho_curated/pairwise/additive": 0.9992507435859939, "rho_random/pairwise/additive": 0.9991819623502676, "rho_curated/additive_GE/additive": 0.9999070014122778, "rho_random/additive_GE/additive": 0.9997832292759119, "rho_curated/pairwise_GE/additive": 0.9973387391572943, "rho_random/pairwise_GE/additive": 0.9956565274746775, "rho_curated/additive/additive_pairwise": 0.9865265031167367, "rho_random/additive/additive_pairwise": 0.9801810478403452, "rho_curated/pairwise/additive_pairwise": 0.9814015440391692, "rho_random/pairwise/additive_pairwise": 0.9742123315147624, "rho_curated/additive_GE/additive_pairwise": 0.9874522428414877, "rho_random/additive_GE/additive_pairwise": 0.979584250054519, "rho_curated/pairwise_GE/additive_pairwise": 0.9805111773879794, "rho_random/pairwise_GE/additive_pairwise": 0.9723931610043309, "rho_curated/additive/nonlin_additive": 0.9939984579036504, "rho_random/additive/nonlin_additive": 0.9936141316829313, "rho_curated/pairwise/nonlin_additive": 0.9916184105201331, "rho_random/pairwise/nonlin_additive": 0.9909312483207564, "rho_curated/additive_GE/nonlin_additive": 0.9999541705581604, "rho_random/additive_GE/nonlin_additive": 0.9999462978338465, "rho_curated/pairwise_GE/nonlin_additive": 0.9957626517983028, "rho_random/pairwise_GE/nonlin_additive": 0.9955675930777691, "rho_curated/additive/nonlin_additive_pairwise": 0.7678481262862669, "rho_random/additive/nonlin_additive_pairwise": 0.23572874646552108, "rho_curated/pairwise/nonlin_additive_pairwise": 0.6584753216167846, "rho_random/pairwise/nonlin_additive_pairwise": 0.2018098463857572, "rho_curated/additive_GE/nonlin_additive_pairwise": 0.7476980300299296, "rho_random/additive_GE/nonlin_additive_pairwise": 0.26425396694283204, "rho_curated/pairwise_GE/nonlin_additive_pairwise": 0.5239196599507058, "rho_random/pairwise_GE/nonlin_additive_pairwise": 0.1583020967783655, "rho_curated_mean": 0.9132286205437924, "rho_random_mean": 0.7963208562993607, "_wandb": {"runtime": 578}}