{"potts/n_edges": 323, "potts/edge_density": 0.7425287356321839, "potts/J_mean_abs": 3.9939677715301514, "potts/J_std": 3.739614963531494, "_timestamp": 1773483213.3406096, "_runtime": 510.9067964553833, "_step": 21, "gt_scores/additive/std": 1.3145519307288893, "gt_scores/additive/min": -9.543702125549316, "gt_scores/additive/pct5": -6.543755149841308, "gt_scores/additive_pairwise/std": 104.11955929854952, "gt_scores/additive_pairwise/min": -708.7910766601562, "gt_scores/additive_pairwise/pct5": -444.0807846069336, "gt_scores/nonlin_additive/std": 0.1415948963973883, "gt_scores/nonlin_additive/min": -0.8305795334928087, "gt_scores/nonlin_additive/pct5": -0.8006284573354645, "gt_scores/nonlin_additive_pairwise/std": 3.1358933490044374e-06, "gt_scores/nonlin_additive_pairwise/min": -0.8341020215334246, "gt_scores/nonlin_additive_pairwise/pct5": -0.8341020215334246, "rho_curated/additive/additive": 0.9999963668798544, "rho_random/additive/additive": 0.999990080417649, "rho_curated/pairwise/additive": 0.9992543208581192, "rho_random/pairwise/additive": 0.998719063298714, "rho_curated/additive_GE/additive": 0.9999764715510554, "rho_random/additive_GE/additive": 0.9999456337689498, "rho_curated/pairwise_GE/additive": 0.9643208014831193, "rho_random/pairwise_GE/additive": 0.9435307754144254, "rho_curated/additive/additive_pairwise": 0.9752239364489573, "rho_random/additive/additive_pairwise": 0.9568963093943154, "rho_curated/pairwise/additive_pairwise": 0.9906979480119178, "rho_random/pairwise/additive_pairwise": 0.9843836624422646, "rho_curated/additive_GE/additive_pairwise": 0.9752187272721543, "rho_random/additive_GE/additive_pairwise": 0.9581506781506782, "rho_curated/pairwise_GE/additive_pairwise": 0.9551587946863517, "rho_random/pairwise_GE/additive_pairwise": 0.9331104541062644, "rho_curated/additive/nonlin_additive": 0.9970675218906306, "rho_random/additive/nonlin_additive": 0.996871962081419, "rho_curated/pairwise/nonlin_additive": 0.9892709918820672, "rho_random/pairwise/nonlin_additive": 0.9812236794527587, "rho_curated/additive_GE/nonlin_additive": 0.9999832462713297, "rho_random/additive_GE/nonlin_additive": 0.9999832382272037, "rho_curated/pairwise_GE/nonlin_additive": 0.9812060432228885, "rho_random/pairwise_GE/nonlin_additive": 0.9801603848861192, "rho_curated/additive/nonlin_additive_pairwise": NaN, "rho_random/additive/nonlin_additive_pairwise": NaN, "rho_curated/pairwise/nonlin_additive_pairwise": NaN, "rho_random/pairwise/nonlin_additive_pairwise": NaN, "rho_curated/additive_GE/nonlin_additive_pairwise": NaN, "rho_random/additive_GE/nonlin_additive_pairwise": NaN, "rho_curated/pairwise_GE/nonlin_additive_pairwise": NaN, "rho_random/pairwise_GE/nonlin_additive_pairwise": NaN, "rho_curated_mean": 0.9856145975382037, "rho_random_mean": 0.9777471601367301, "_wandb": {"runtime": 510}}