{"potts/n_edges": 275, "potts/edge_density": 0.9166666666666666, "potts/J_mean_abs": 2.7142229080200195, "potts/J_std": 2.2326674461364746, "_timestamp": 1773571161.15723, "_runtime": 422.74704694747925, "_step": 21, "gt_scores/additive/std": 1.4607008917297066, "gt_scores/additive/min": -10.880603790283203, "gt_scores/additive/pct5": -7.648485493659973, "gt_scores/additive_pairwise/std": 78.42473847591188, "gt_scores/additive_pairwise/min": -564.9171142578125, "gt_scores/additive_pairwise/pct5": -352.33782653808595, "gt_scores/nonlin_additive/std": 0.1329364744996366, "gt_scores/nonlin_additive/min": -0.8491222741790089, "gt_scores/nonlin_additive/pct5": -0.8226467537292117, "gt_scores/nonlin_additive_pairwise/std": 7.524206563618355e-11, "gt_scores/nonlin_additive_pairwise/min": -0.8524745773399738, "gt_scores/nonlin_additive_pairwise/pct5": -0.8524745773399738, "rho_curated/additive/additive": 0.9999974181518966, "rho_random/additive/additive": 0.999992011420778, "rho_curated/pairwise/additive": 0.9997379935255074, "rho_random/pairwise/additive": 0.9994936845739769, "rho_curated/additive_GE/additive": 0.9999639789505582, "rho_random/additive_GE/additive": 0.999922855220128, "rho_curated/pairwise_GE/additive": 0.9863514055654012, "rho_random/pairwise_GE/additive": 0.9774387664909676, "rho_curated/additive/additive_pairwise": 0.9833270303486811, "rho_random/additive/additive_pairwise": 0.9714730985776315, "rho_curated/pairwise/additive_pairwise": 0.9991469209258766, "rho_random/pairwise/additive_pairwise": 0.9983611441792298, "rho_curated/additive_GE/additive_pairwise": 0.9834287516167524, "rho_random/additive_GE/additive_pairwise": 0.9717552541674999, "rho_curated/pairwise_GE/additive_pairwise": 0.978395251934773, "rho_random/pairwise_GE/additive_pairwise": 0.9679128885975438, "rho_curated/additive/nonlin_additive": 0.9971790594708915, "rho_random/additive/nonlin_additive": 0.9975521442478928, "rho_curated/pairwise/nonlin_additive": 0.9937190452600081, "rho_random/pairwise/nonlin_additive": 0.9868002593326132, "rho_curated/additive_GE/nonlin_additive": 0.9999892674395695, "rho_random/additive_GE/nonlin_additive": 0.9999836173351343, "rho_curated/pairwise_GE/nonlin_additive": 0.9890771919465632, "rho_random/pairwise_GE/nonlin_additive": 0.9861825776394206, "rho_curated/additive/nonlin_additive_pairwise": NaN, "rho_random/additive/nonlin_additive_pairwise": NaN, "rho_curated/pairwise/nonlin_additive_pairwise": NaN, "rho_random/pairwise/nonlin_additive_pairwise": NaN, "rho_curated/additive_GE/nonlin_additive_pairwise": NaN, "rho_random/additive_GE/nonlin_additive_pairwise": NaN, "rho_curated/pairwise_GE/nonlin_additive_pairwise": NaN, "rho_random/pairwise_GE/nonlin_additive_pairwise": NaN, "rho_curated_mean": 0.9925261095947066, "rho_random_mean": 0.9880723584819013, "_wandb": {"runtime": 422}}