{"potts/n_edges": 390, "potts/edge_density": 0.896551724137931, "potts/J_mean_abs": 3.778134822845459, "potts/J_std": 3.0954935550689697, "_timestamp": 1773582206.5398533, "_runtime": 384.62236642837524, "_step": 21, "gt_scores/additive/std": 1.1925536417782636, "gt_scores/additive/min": -9.211626052856445, "gt_scores/additive/pct5": -6.01135892868042, "gt_scores/additive_pairwise/std": 121.4424242037319, "gt_scores/additive_pairwise/min": -843.2935791015625, "gt_scores/additive_pairwise/pct5": -518.8441162109375, "gt_scores/nonlin_additive/std": 0.1394448448352391, "gt_scores/nonlin_additive/min": -0.8371870805299297, "gt_scores/nonlin_additive/pct5": -0.8067663836145071, "gt_scores/nonlin_additive_pairwise/std": 7.25518319123558e-15, "gt_scores/nonlin_additive_pairwise/min": -0.8394933305681229, "gt_scores/nonlin_additive_pairwise/pct5": -0.8394933305681229, "rho_curated/additive/additive": 0.9999977288319091, "rho_random/additive/additive": 0.9999938288323967, "rho_curated/pairwise/additive": 0.9992486180259266, "rho_random/pairwise/additive": 0.9986349818286844, "rho_curated/additive_GE/additive": 0.9999400941976022, "rho_random/additive_GE/additive": 0.9998790927758989, "rho_curated/pairwise_GE/additive": 0.9655137171148932, "rho_random/pairwise_GE/additive": 0.9454523428744837, "rho_curated/additive/additive_pairwise": 0.9853957098554779, "rho_random/additive/additive_pairwise": 0.9751795124842492, "rho_curated/pairwise/additive_pairwise": 0.9927670430066816, "rho_random/pairwise/additive_pairwise": 0.9876132857997211, "rho_curated/additive_GE/additive_pairwise": 0.9855837992786599, "rho_random/additive_GE/additive_pairwise": 0.9778060207365628, "rho_curated/pairwise_GE/additive_pairwise": 0.962561604676667, "rho_random/pairwise_GE/additive_pairwise": 0.9474354362787047, "rho_curated/additive/nonlin_additive": 0.9970204720006044, "rho_random/additive/nonlin_additive": 0.9970833329767134, "rho_curated/pairwise/nonlin_additive": 0.9889371714041593, "rho_random/pairwise/nonlin_additive": 0.9791308304709032, "rho_curated/additive_GE/nonlin_additive": 0.9999780687991205, "rho_random/additive_GE/nonlin_additive": 0.9999722316899263, "rho_curated/pairwise_GE/nonlin_additive": 0.981578508597814, "rho_random/pairwise_GE/nonlin_additive": 0.9767552665278555, "rho_curated/additive/nonlin_additive_pairwise": NaN, "rho_random/additive/nonlin_additive_pairwise": NaN, "rho_curated/pairwise/nonlin_additive_pairwise": NaN, "rho_random/pairwise/nonlin_additive_pairwise": NaN, "rho_curated/additive_GE/nonlin_additive_pairwise": NaN, "rho_random/additive_GE/nonlin_additive_pairwise": NaN, "rho_curated/pairwise_GE/nonlin_additive_pairwise": NaN, "rho_random/pairwise_GE/nonlin_additive_pairwise": NaN, "rho_curated_mean": 0.9882102113157929, "rho_random_mean": 0.9820780136063414, "_wandb": {"runtime": 384}}