{"potts/n_edges": 354, "potts/edge_density": 0.5949579831932773, "potts/J_mean_abs": 4.586978912353516, "potts/J_std": 4.303680896759033, "_timestamp": 1773547056.3020847, "_runtime": 571.304928779602, "_step": 21, "gt_scores/additive/std": 1.1399712195415943, "gt_scores/additive/min": -8.926271438598633, "gt_scores/additive/pct5": -4.639535355567932, "gt_scores/additive_pairwise/std": 57.870639873334646, "gt_scores/additive_pairwise/min": -591.7869262695312, "gt_scores/additive_pairwise/pct5": -197.85529098510742, "gt_scores/nonlin_additive/std": 0.16494025223891945, "gt_scores/nonlin_additive/min": -0.7608295583481333, "gt_scores/nonlin_additive/pct5": -0.7102257210886327, "gt_scores/nonlin_additive_pairwise/std": 0.05299529844048688, "gt_scores/nonlin_additive_pairwise/min": -0.7621013884743456, "gt_scores/nonlin_additive_pairwise/pct5": -0.7621013884743456, "rho_curated/additive/additive": 0.9999969160958759, "rho_random/additive/additive": 0.9999912636852187, "rho_curated/pairwise/additive": 0.9989905151754268, "rho_random/pairwise/additive": 0.9987319562904832, "rho_curated/additive_GE/additive": 0.9999717839668645, "rho_random/additive_GE/additive": 0.9999354909019319, "rho_curated/pairwise_GE/additive": 0.9762597812846936, "rho_random/pairwise_GE/additive": 0.9708631924829481, "rho_curated/additive/additive_pairwise": 0.9471778567351141, "rho_random/additive/additive_pairwise": 0.9333317925591483, "rho_curated/pairwise/additive_pairwise": 0.9595316822212673, "rho_random/pairwise/additive_pairwise": 0.9526688522290496, "rho_curated/additive_GE/additive_pairwise": 0.9473916941516677, "rho_random/additive_GE/additive_pairwise": 0.9370841375739644, "rho_curated/pairwise_GE/additive_pairwise": 0.9464895164515805, "rho_random/pairwise_GE/additive_pairwise": 0.9455715849393524, "rho_curated/additive/nonlin_additive": 0.997338377932577, "rho_random/additive/nonlin_additive": 0.996488439270577, "rho_curated/pairwise/nonlin_additive": 0.9932233915264962, "rho_random/pairwise/nonlin_additive": 0.9900044613773867, "rho_curated/additive_GE/nonlin_additive": 0.9999863656234502, "rho_random/additive_GE/nonlin_additive": 0.9999779137807966, "rho_curated/pairwise_GE/nonlin_additive": 0.9883791390275399, "rho_random/pairwise_GE/nonlin_additive": 0.9845947441714568, "rho_curated/additive/nonlin_additive_pairwise": 0.13862343137619476, "rho_random/additive/nonlin_additive_pairwise": 0.5050008072702574, "rho_curated/pairwise/nonlin_additive_pairwise": 0.12421311580688547, "rho_random/pairwise/nonlin_additive_pairwise": 0.4545143653545671, "rho_curated/additive_GE/nonlin_additive_pairwise": -0.04134624146746527, "rho_random/additive_GE/nonlin_additive_pairwise": -0.11454092985529453, "rho_curated/pairwise_GE/nonlin_additive_pairwise": 0.17830256170879794, "rho_random/pairwise_GE/nonlin_additive_pairwise": 0.45645337987058027, "rho_curated_mean": 0.7596581179760604, "rho_random_mean": 0.8131669657439016, "_wandb": {"runtime": 570}}