{"potts/n_edges": 581, "potts/edge_density": 0.7085365853658536, "potts/J_mean_abs": 1.985448956489563, "potts/J_std": 1.5737903118133545, "_timestamp": 1773520202.4820483, "_runtime": 500.60447931289673, "_step": 21, "gt_scores/additive/std": 1.4141204252484063, "gt_scores/additive/min": -10.380922317504883, "gt_scores/additive/pct5": -6.623820447921753, "gt_scores/additive_pairwise/std": 60.80759122171977, "gt_scores/additive_pairwise/min": -469.201171875, "gt_scores/additive_pairwise/pct5": -247.69582824707032, "gt_scores/nonlin_additive/std": 0.14875548528076443, "gt_scores/nonlin_additive/min": -0.8106068374500198, "gt_scores/nonlin_additive/pct5": -0.7746956196886492, "gt_scores/nonlin_additive_pairwise/std": 0.0004051367726370871, "gt_scores/nonlin_additive_pairwise/min": -0.8134260444472015, "gt_scores/nonlin_additive_pairwise/pct5": -0.8134260444472015, "rho_curated/additive/additive": 0.999997107471884, "rho_random/additive/additive": 0.9999914294372303, "rho_curated/pairwise/additive": 0.998819031040648, "rho_random/pairwise/additive": 0.9985756086416238, "rho_curated/additive_GE/additive": 0.9999697807587877, "rho_random/additive_GE/additive": 0.9999316486938646, "rho_curated/pairwise_GE/additive": 0.9633672706431742, "rho_random/pairwise_GE/additive": 0.9413476818257609, "rho_curated/additive/additive_pairwise": 0.9828853258350023, "rho_random/additive/additive_pairwise": 0.972247744780528, "rho_curated/pairwise/additive_pairwise": 0.9815434681172959, "rho_random/pairwise/additive_pairwise": 0.972733397931574, "rho_curated/additive_GE/additive_pairwise": 0.9833373448290939, "rho_random/additive_GE/additive_pairwise": 0.9713047632236526, "rho_curated/pairwise_GE/additive_pairwise": 0.9411781297788901, "rho_random/pairwise_GE/additive_pairwise": 0.9257485191564453, "rho_curated/additive/nonlin_additive": 0.9960583480102394, "rho_random/additive/nonlin_additive": 0.9950631233142107, "rho_curated/pairwise/nonlin_additive": 0.9889551853976771, "rho_random/pairwise/nonlin_additive": 0.9846591777737627, "rho_curated/additive_GE/nonlin_additive": 0.9999887224955487, "rho_random/additive_GE/nonlin_additive": 0.9999824449846777, "rho_curated/pairwise_GE/nonlin_additive": 0.9833086287083451, "rho_random/pairwise_GE/nonlin_additive": 0.9804397093016457, "rho_curated/additive/nonlin_additive_pairwise": NaN, "rho_random/additive/nonlin_additive_pairwise": 0.162667322914626, "rho_curated/pairwise/nonlin_additive_pairwise": NaN, "rho_random/pairwise/nonlin_additive_pairwise": 0.1377824641966819, "rho_curated/additive_GE/nonlin_additive_pairwise": NaN, "rho_random/additive_GE/nonlin_additive_pairwise": 0.05610130463194462, "rho_curated/pairwise_GE/nonlin_additive_pairwise": NaN, "rho_random/pairwise_GE/nonlin_additive_pairwise": 0.10182271998327332, "rho_curated_mean": 0.9849506952572153, "rho_random_mean": 0.7625249412994688, "_wandb": {"runtime": 500}}