{"potts/n_edges": 281, "potts/edge_density": 0.9366666666666666, "potts/J_mean_abs": 2.7798659801483154, "potts/J_std": 2.3198156356811523, "_timestamp": 1773381418.7162352, "_runtime": 436.5761122703552, "_step": 21, "gt_scores/additive/std": 1.1692382790629163, "gt_scores/additive/min": -8.865388870239258, "gt_scores/additive/pct5": -6.260699653625488, "gt_scores/additive_pairwise/std": 88.3656044393332, "gt_scores/additive_pairwise/min": -605.7073364257812, "gt_scores/additive_pairwise/pct5": -392.9241546630859, "gt_scores/nonlin_additive/std": 0.1299774051589443, "gt_scores/nonlin_additive/min": -0.8570875160669313, "gt_scores/nonlin_additive/pct5": -0.8319475404672109, "gt_scores/nonlin_additive_pairwise/std": 2.1964303553330627e-10, "gt_scores/nonlin_additive_pairwise/min": -0.8602126915025169, "gt_scores/nonlin_additive_pairwise/pct5": -0.8602126915025169, "rho_curated/additive/additive": 0.9999978595599143, "rho_random/additive/additive": 0.9999939827054205, "rho_curated/pairwise/additive": 0.9997994539759686, "rho_random/pairwise/additive": 0.9995958253187915, "rho_curated/additive_GE/additive": 0.9999644486785771, "rho_random/additive_GE/additive": 0.9999212589705367, "rho_curated/pairwise_GE/additive": 0.9882470507055999, "rho_random/pairwise_GE/additive": 0.9814764411490358, "rho_curated/additive/additive_pairwise": 0.9857918812549934, "rho_random/additive/additive_pairwise": 0.9753232514461062, "rho_curated/pairwise/additive_pairwise": 0.9996172339446802, "rho_random/pairwise/additive_pairwise": 0.9993167073167074, "rho_curated/additive_GE/additive_pairwise": 0.985930371844202, "rho_random/additive_GE/additive_pairwise": 0.9735892852135192, "rho_curated/pairwise_GE/additive_pairwise": 0.9753837091569852, "rho_random/pairwise_GE/additive_pairwise": 0.9606058220482079, "rho_curated/additive/nonlin_additive": 0.996385298319065, "rho_random/additive/nonlin_additive": 0.9959379914376736, "rho_curated/pairwise/nonlin_additive": 0.9928020816392195, "rho_random/pairwise/nonlin_additive": 0.9796405985277745, "rho_curated/additive_GE/nonlin_additive": 0.999984357687373, "rho_random/additive_GE/nonlin_additive": 0.9999783425315343, "rho_curated/pairwise_GE/nonlin_additive": 0.9913067965232286, "rho_random/pairwise_GE/nonlin_additive": 0.9908162986227825, "rho_curated/additive/nonlin_additive_pairwise": NaN, "rho_random/additive/nonlin_additive_pairwise": NaN, "rho_curated/pairwise/nonlin_additive_pairwise": NaN, "rho_random/pairwise/nonlin_additive_pairwise": NaN, "rho_curated/additive_GE/nonlin_additive_pairwise": NaN, "rho_random/additive_GE/nonlin_additive_pairwise": NaN, "rho_curated/pairwise_GE/nonlin_additive_pairwise": NaN, "rho_random/pairwise_GE/nonlin_additive_pairwise": NaN, "rho_curated_mean": 0.9929342119408173, "rho_random_mean": 0.9880163171073408, "_wandb": {"runtime": 436}}