{"potts/n_edges": 152, "potts/edge_density": 0.8, "potts/J_mean_abs": 3.773763656616211, "potts/J_std": 3.3207666873931885, "_timestamp": 1773624750.311339, "_runtime": 482.60994601249695, "_step": 21, "gt_scores/additive/std": 1.210202704410808, "gt_scores/additive/min": -8.911455154418945, "gt_scores/additive/pct5": -6.663809275627136, "gt_scores/additive_pairwise/std": 77.32812521123277, "gt_scores/additive_pairwise/min": -512.207275390625, "gt_scores/additive_pairwise/pct5": -379.31579132080077, "gt_scores/nonlin_additive/std": 0.125785236402486, "gt_scores/nonlin_additive/min": -0.8664681453126024, "gt_scores/nonlin_additive/pct5": -0.8440971430509998, "gt_scores/nonlin_additive_pairwise/std": 1.2955216688207813e-14, "gt_scores/nonlin_additive_pairwise/min": -0.8707194432537088, "gt_scores/nonlin_additive_pairwise/pct5": -0.8707194432537088, "rho_curated/additive/additive": 0.9999976179999047, "rho_random/additive/additive": 0.9999926463751806, "rho_curated/pairwise/additive": 0.9999426976937054, "rho_random/pairwise/additive": 0.999889398315615, "rho_curated/additive_GE/additive": 0.9999677920707093, "rho_random/additive_GE/additive": 0.9999302917791192, "rho_curated/pairwise_GE/additive": 0.9989044119321502, "rho_random/pairwise_GE/additive": 0.9982061828530886, "rho_curated/additive/additive_pairwise": 0.9727230359056483, "rho_random/additive/additive_pairwise": 0.9517950826944843, "rho_curated/pairwise/additive_pairwise": 0.9999394975575729, "rho_random/pairwise/additive_pairwise": 0.9998749380470936, "rho_curated/additive_GE/additive_pairwise": 0.9729195509141823, "rho_random/additive_GE/additive_pairwise": 0.958943301743531, "rho_curated/pairwise_GE/additive_pairwise": 0.9925454832531037, "rho_random/pairwise_GE/additive_pairwise": 0.9879020992556731, "rho_curated/additive/nonlin_additive": 0.9948846668427728, "rho_random/additive/nonlin_additive": 0.9951688821757603, "rho_curated/pairwise/nonlin_additive": 0.998061514570321, "rho_random/pairwise/nonlin_additive": 0.9935930126247987, "rho_curated/additive_GE/nonlin_additive": 0.9999889942715591, "rho_random/additive_GE/nonlin_additive": 0.9999891129890804, "rho_curated/pairwise_GE/nonlin_additive": 0.998549392277906, "rho_random/pairwise_GE/nonlin_additive": 0.9984873769184862, "rho_curated/additive/nonlin_additive_pairwise": NaN, "rho_random/additive/nonlin_additive_pairwise": NaN, "rho_curated/pairwise/nonlin_additive_pairwise": NaN, "rho_random/pairwise/nonlin_additive_pairwise": NaN, "rho_curated/additive_GE/nonlin_additive_pairwise": NaN, "rho_random/additive_GE/nonlin_additive_pairwise": NaN, "rho_curated/pairwise_GE/nonlin_additive_pairwise": NaN, "rho_random/pairwise_GE/nonlin_additive_pairwise": NaN, "rho_curated_mean": 0.9940353879407947, "rho_random_mean": 0.9903143604809926, "_wandb": {"runtime": 482}}