{"potts/n_edges": 143, "potts/edge_density": 0.7526315789473684, "potts/J_mean_abs": 3.8706843852996826, "potts/J_std": 3.492464542388916, "_timestamp": 1773426952.3967218, "_runtime": 429.5551688671112, "_step": 21, "gt_scores/additive/std": 1.426379881017352, "gt_scores/additive/min": -10.008467674255371, "gt_scores/additive/pct5": -7.166622185707093, "gt_scores/additive_pairwise/std": 78.36490322799186, "gt_scores/additive_pairwise/min": -560.1354370117188, "gt_scores/additive_pairwise/pct5": -381.612126159668, "gt_scores/nonlin_additive/std": 0.13946177757028871, "gt_scores/nonlin_additive/min": -0.8313426784103302, "gt_scores/nonlin_additive/pct5": -0.8034810610065, "gt_scores/nonlin_additive_pairwise/std": 2.631076874146333e-12, "gt_scores/nonlin_additive_pairwise/min": -0.8358896588447285, "gt_scores/nonlin_additive_pairwise/pct5": -0.8358896588447285, "rho_curated/additive/additive": 0.9999974697278987, "rho_random/additive/additive": 0.9999904907862743, "rho_curated/pairwise/additive": 0.9999432045497268, "rho_random/pairwise/additive": 0.9998845422903737, "rho_curated/additive_GE/additive": 0.9999836807433469, "rho_random/additive_GE/additive": 0.9999642617206604, "rho_curated/pairwise_GE/additive": 0.991883395539141, "rho_random/pairwise_GE/additive": 0.985790641430566, "rho_curated/additive/additive_pairwise": 0.970910652699728, "rho_random/additive/additive_pairwise": 0.9487171246916977, "rho_curated/pairwise/additive_pairwise": 0.9999350631014025, "rho_random/pairwise/additive_pairwise": 0.9998648788953333, "rho_curated/additive_GE/additive_pairwise": 0.9708933974423387, "rho_random/additive_GE/additive_pairwise": 0.9559095270677053, "rho_curated/pairwise_GE/additive_pairwise": 0.9926540033139839, "rho_random/pairwise_GE/additive_pairwise": 0.987227384156465, "rho_curated/additive/nonlin_additive": 0.9967461942536914, "rho_random/additive/nonlin_additive": 0.9961580795176164, "rho_curated/pairwise/nonlin_additive": 0.9985857847753634, "rho_random/pairwise/nonlin_additive": 0.996586958800887, "rho_curated/additive_GE/nonlin_additive": 0.9999800499032009, "rho_random/additive_GE/nonlin_additive": 0.9999745351599376, "rho_curated/pairwise_GE/nonlin_additive": 0.9974609543383773, "rho_random/pairwise_GE/nonlin_additive": 0.9975434023957537, "rho_curated/additive/nonlin_additive_pairwise": NaN, "rho_random/additive/nonlin_additive_pairwise": NaN, "rho_curated/pairwise/nonlin_additive_pairwise": NaN, "rho_random/pairwise/nonlin_additive_pairwise": NaN, "rho_curated/additive_GE/nonlin_additive_pairwise": NaN, "rho_random/additive_GE/nonlin_additive_pairwise": NaN, "rho_curated/pairwise_GE/nonlin_additive_pairwise": NaN, "rho_random/pairwise_GE/nonlin_additive_pairwise": NaN, "rho_curated_mean": 0.9932478208656833, "rho_random_mean": 0.9889676522427725, "_wandb": {"runtime": 428}}