{"potts/n_edges": 86, "potts/edge_density": 0.819047619047619, "potts/J_mean_abs": 4.29731559753418, "potts/J_std": 3.579153537750244, "_timestamp": 1773661510.4919705, "_runtime": 508.4769444465637, "_step": 21, "gt_scores/additive/std": 0.9354941049529601, "gt_scores/additive/min": -6.730696678161621, "gt_scores/additive/pct5": -5.088986277580261, "gt_scores/additive_pairwise/std": 52.141228786726316, "gt_scores/additive_pairwise/min": -494.3138427734375, "gt_scores/additive_pairwise/pct5": -399.45898284912107, "gt_scores/nonlin_additive/std": 0.12695859792178035, "gt_scores/nonlin_additive/min": -0.8594803927815321, "gt_scores/nonlin_additive/pct5": -0.8373509757801759, "gt_scores/nonlin_additive_pairwise/std": 1.1102230246251565e-16, "gt_scores/nonlin_additive_pairwise/min": -0.8642349522941661, "gt_scores/nonlin_additive_pairwise/pct5": -0.8642349522941661, "rho_curated/additive/additive": 0.9999976134879044, "rho_random/additive/additive": 0.9999926656758562, "rho_curated/pairwise/additive": 0.9999734990789371, "rho_random/pairwise/additive": 0.9999406978116763, "rho_curated/additive_GE/additive": 0.9999725278948967, "rho_random/additive_GE/additive": 0.9999419148701687, "rho_curated/pairwise_GE/additive": 0.9997231079088977, "rho_random/pairwise_GE/additive": 0.9995291139449284, "rho_curated/additive/additive_pairwise": 0.9414536884017168, "rho_random/additive/additive_pairwise": 0.8963635111354619, "rho_curated/pairwise/additive_pairwise": 0.9999689141907535, "rho_random/pairwise/additive_pairwise": 0.9999363441172227, "rho_curated/additive_GE/additive_pairwise": 0.9414131684320903, "rho_random/additive_GE/additive_pairwise": 0.8936334878101847, "rho_curated/pairwise_GE/additive_pairwise": 0.9996729877949037, "rho_random/pairwise_GE/additive_pairwise": 0.999487714623114, "rho_curated/additive/nonlin_additive": 0.995944743283162, "rho_random/additive/nonlin_additive": 0.9952079376281826, "rho_curated/pairwise/nonlin_additive": 0.9992367086970471, "rho_random/pairwise/nonlin_additive": 0.9958277050088047, "rho_curated/additive_GE/nonlin_additive": 0.9999875510074947, "rho_random/additive_GE/nonlin_additive": 0.9999883295856551, "rho_curated/pairwise_GE/nonlin_additive": 0.9996869173233038, "rho_random/pairwise_GE/nonlin_additive": 0.9997321678247902, "rho_curated/additive/nonlin_additive_pairwise": NaN, "rho_random/additive/nonlin_additive_pairwise": NaN, "rho_curated/pairwise/nonlin_additive_pairwise": NaN, "rho_random/pairwise/nonlin_additive_pairwise": NaN, "rho_curated/additive_GE/nonlin_additive_pairwise": NaN, "rho_random/additive_GE/nonlin_additive_pairwise": NaN, "rho_curated/pairwise_GE/nonlin_additive_pairwise": NaN, "rho_random/pairwise_GE/nonlin_additive_pairwise": NaN, "rho_curated_mean": 0.9897526189584257, "rho_random_mean": 0.9816317991696705, "_wandb": {"runtime": 508}}