{"potts/n_edges": 300, "potts/edge_density": 0.6896551724137931, "potts/J_mean_abs": 4.158347129821777, "potts/J_std": 3.4584484100341797, "_timestamp": 1773620220.689275, "_runtime": 602.4224441051483, "_step": 21, "gt_scores/additive/std": 1.170066235861912, "gt_scores/additive/min": -8.504539489746094, "gt_scores/additive/pct5": -5.08946385383606, "gt_scores/additive_pairwise/std": 72.83833294735588, "gt_scores/additive_pairwise/min": -549.3987426757812, "gt_scores/additive_pairwise/pct5": -268.2543090820312, "gt_scores/nonlin_additive/std": 0.15818688959616178, "gt_scores/nonlin_additive/min": -0.7819405808126558, "gt_scores/nonlin_additive/pct5": -0.739590085936338, "gt_scores/nonlin_additive_pairwise/std": 0.020909110632152315, "gt_scores/nonlin_additive_pairwise/min": -0.7844718337635869, "gt_scores/nonlin_additive_pairwise/pct5": -0.7844718337635869, "rho_curated/additive/additive": 0.9999976621599062, "rho_random/additive/additive": 0.99999180636185, "rho_curated/pairwise/additive": 0.9992405390255485, "rho_random/pairwise/additive": 0.9988774148184875, "rho_curated/additive_GE/additive": 0.9999710310148391, "rho_random/additive_GE/additive": 0.9999327376076594, "rho_curated/pairwise_GE/additive": 0.9721087601543422, "rho_random/pairwise_GE/additive": 0.956007169736345, "rho_curated/additive/additive_pairwise": 0.9718229714302141, "rho_random/additive/additive_pairwise": 0.9530450296247822, "rho_curated/pairwise/additive_pairwise": 0.9868595599614363, "rho_random/pairwise/additive_pairwise": 0.9792769891607103, "rho_curated/additive_GE/additive_pairwise": 0.9722782548331342, "rho_random/additive_GE/additive_pairwise": 0.9573076800976691, "rho_curated/pairwise_GE/additive_pairwise": 0.9601271063782133, "rho_random/pairwise_GE/additive_pairwise": 0.9521379243675189, "rho_curated/additive/nonlin_additive": 0.9971701085265325, "rho_random/additive/nonlin_additive": 0.9963747453170768, "rho_curated/pairwise/nonlin_additive": 0.9914690232337372, "rho_random/pairwise/nonlin_additive": 0.9874172711356526, "rho_curated/additive_GE/nonlin_additive": 0.999981334359252, "rho_random/additive_GE/nonlin_additive": 0.9999755028249842, "rho_curated/pairwise_GE/nonlin_additive": 0.986857327505662, "rho_random/pairwise_GE/nonlin_additive": 0.984166584635971, "rho_curated/additive/nonlin_additive_pairwise": NaN, "rho_random/additive/nonlin_additive_pairwise": 0.23259786755897408, "rho_curated/pairwise/nonlin_additive_pairwise": NaN, "rho_random/pairwise/nonlin_additive_pairwise": 0.2454627695351403, "rho_curated/additive_GE/nonlin_additive_pairwise": NaN, "rho_random/additive_GE/nonlin_additive_pairwise": 0.18763284946098524, "rho_curated/pairwise_GE/nonlin_additive_pairwise": NaN, "rho_random/pairwise_GE/nonlin_additive_pairwise": 0.2481083002474811, "rho_curated_mean": 0.9864903065485681, "rho_random_mean": 0.7923945401557055, "_wandb": {"runtime": 602}}