{"potts/n_edges": 86, "potts/edge_density": 0.819047619047619, "potts/J_mean_abs": 3.215287208557129, "potts/J_std": 2.4757609367370605, "_timestamp": 1773427504.0462735, "_runtime": 533.8000075817108, "_step": 21, "gt_scores/additive/std": 0.9354941049529601, "gt_scores/additive/min": -6.730696678161621, "gt_scores/additive/pct5": -5.088986277580261, "gt_scores/additive_pairwise/std": 35.261320304879035, "gt_scores/additive_pairwise/min": -307.5479431152344, "gt_scores/additive_pairwise/pct5": -265.3190673828125, "gt_scores/nonlin_additive/std": 0.12695859792178035, "gt_scores/nonlin_additive/min": -0.8594803927815321, "gt_scores/nonlin_additive/pct5": -0.8373509757801759, "gt_scores/nonlin_additive_pairwise/std": 1.1102230246251565e-16, "gt_scores/nonlin_additive_pairwise/min": -0.8642349522941661, "gt_scores/nonlin_additive_pairwise/pct5": -0.8642349522941661, "rho_curated/additive/additive": 0.999997083783882, "rho_random/additive/additive": 0.9999921400843375, "rho_curated/pairwise/additive": 0.9999758888070256, "rho_random/pairwise/additive": 0.9999470388151462, "rho_curated/additive_GE/additive": 0.9999710349508295, "rho_random/additive_GE/additive": 0.9999332599457317, "rho_curated/pairwise_GE/additive": 0.9997350590212817, "rho_random/pairwise_GE/additive": 0.9995457122420458, "rho_curated/additive/additive_pairwise": 0.9316055269536551, "rho_random/additive/additive_pairwise": 0.8786365094182471, "rho_curated/pairwise/additive_pairwise": 0.9999682349427262, "rho_random/pairwise/additive_pairwise": 0.999946071946072, "rho_curated/additive_GE/additive_pairwise": 0.9312450813328529, "rho_random/additive_GE/additive_pairwise": 0.8867122155474455, "rho_curated/pairwise_GE/additive_pairwise": 0.9996320177772453, "rho_random/pairwise_GE/additive_pairwise": 0.9994162997023437, "rho_curated/additive/nonlin_additive": 0.9954089245902635, "rho_random/additive/nonlin_additive": 0.9942383592363739, "rho_curated/pairwise/nonlin_additive": 0.9991830268869095, "rho_random/pairwise/nonlin_additive": 0.9970945985534692, "rho_curated/additive_GE/nonlin_additive": NaN, "rho_random/additive_GE/nonlin_additive": NaN, "rho_curated/pairwise_GE/nonlin_additive": 0.9996106512242485, "rho_random/pairwise_GE/nonlin_additive": 0.9996399799260686, "rho_curated/additive/nonlin_additive_pairwise": NaN, "rho_random/additive/nonlin_additive_pairwise": NaN, "rho_curated/pairwise/nonlin_additive_pairwise": NaN, "rho_random/pairwise/nonlin_additive_pairwise": NaN, "rho_curated/additive_GE/nonlin_additive_pairwise": NaN, "rho_random/additive_GE/nonlin_additive_pairwise": NaN, "rho_curated/pairwise_GE/nonlin_additive_pairwise": NaN, "rho_random/pairwise_GE/nonlin_additive_pairwise": NaN, "rho_curated_mean": 0.9869393209337199, "rho_random_mean": 0.9777365623106619, "_wandb": {"runtime": 533}}