{"potts/n_edges": 2184, "potts/edge_density": 0.6911392405063291, "potts/J_mean_abs": 2.2936747074127197, "potts/J_std": 1.7973982095718384, "_timestamp": 1773566605.5711281, "_runtime": 574.9060280323029, "_step": 21, "gt_scores/additive/std": 1.7425627716340433, "gt_scores/additive/min": -13.187027931213379, "gt_scores/additive/pct5": -8.117160367965699, "gt_scores/additive_pairwise/std": 78.8559421637774, "gt_scores/additive_pairwise/min": -574.3922119140625, "gt_scores/additive_pairwise/pct5": -304.8250045776367, "gt_scores/nonlin_additive/std": 0.14955072976137943, "gt_scores/nonlin_additive/min": -0.8083376938669797, "gt_scores/nonlin_additive/pct5": -0.7715522343925328, "gt_scores/nonlin_additive_pairwise/std": 0.0011650420798563362, "gt_scores/nonlin_additive_pairwise/min": -0.8105443801125422, "gt_scores/nonlin_additive_pairwise/pct5": -0.8105443801125422, "rho_curated/additive/additive": 0.9999952714238105, "rho_random/additive/additive": 0.9999861561460197, "rho_curated/pairwise/additive": 0.9992352009934079, "rho_random/pairwise/additive": 0.9992591715488928, "rho_curated/additive_GE/additive": 0.9999623367744926, "rho_random/additive_GE/additive": 0.9999116470898728, "rho_curated/pairwise_GE/additive": 0.9971778539270465, "rho_random/pairwise_GE/additive": 0.9960792165898911, "rho_curated/additive/additive_pairwise": 0.9812312734168005, "rho_random/additive/additive_pairwise": 0.9731634602137491, "rho_curated/pairwise/additive_pairwise": 0.9759300119652002, "rho_random/pairwise/additive_pairwise": 0.9684049502158649, "rho_curated/additive_GE/additive_pairwise": 0.9821333779169064, "rho_random/additive_GE/additive_pairwise": 0.9749178767930894, "rho_curated/pairwise_GE/additive_pairwise": 0.9723390806288994, "rho_random/pairwise_GE/additive_pairwise": 0.9641277162101752, "rho_curated/additive/nonlin_additive": 0.9942572524821524, "rho_random/additive/nonlin_additive": 0.9940322210081002, "rho_curated/pairwise/nonlin_additive": 0.9913290726287469, "rho_random/pairwise/nonlin_additive": 0.9903551913817733, "rho_curated/additive_GE/nonlin_additive": 0.9999589957823589, "rho_random/additive_GE/nonlin_additive": 0.9999420195141022, "rho_curated/pairwise_GE/nonlin_additive": 0.9944282237128615, "rho_random/pairwise_GE/nonlin_additive": 0.9940830000855985, "rho_curated/additive/nonlin_additive_pairwise": NaN, "rho_random/additive/nonlin_additive_pairwise": 0.17518176050337905, "rho_curated/pairwise/nonlin_additive_pairwise": NaN, "rho_random/pairwise/nonlin_additive_pairwise": 0.15501839744314766, "rho_curated/additive_GE/nonlin_additive_pairwise": NaN, "rho_random/additive_GE/nonlin_additive_pairwise": 0.07203590590024168, "rho_curated/pairwise_GE/nonlin_additive_pairwise": NaN, "rho_random/pairwise_GE/nonlin_additive_pairwise": 0.17230828039481796, "rho_curated_mean": 0.9906648293043903, "rho_random_mean": 0.7768004356899196, "_wandb": {"runtime": 574}}