{"potts/n_edges": 99, "potts/edge_density": 0.9428571428571428, "potts/J_mean_abs": 2.6022815704345703, "potts/J_std": 2.052950859069824, "_timestamp": 1773365233.3581893, "_runtime": 530.6286194324493, "_step": 21, "gt_scores/additive/std": 0.9557475539592777, "gt_scores/additive/min": -7.033940315246582, "gt_scores/additive/pct5": -5.159853672981262, "gt_scores/additive_pairwise/std": 34.02545047163638, "gt_scores/additive_pairwise/min": -302.0989685058594, "gt_scores/additive_pairwise/pct5": -247.70636215209962, "gt_scores/nonlin_additive/std": 0.1307311439252841, "gt_scores/nonlin_additive/min": -0.8613129322410867, "gt_scores/nonlin_additive/pct5": -0.8371371284084792, "gt_scores/nonlin_additive_pairwise/std": 1.1102230246251565e-16, "gt_scores/nonlin_additive_pairwise/min": -0.8653877661321029, "gt_scores/nonlin_additive_pairwise/pct5": -0.8653877661321029, "rho_curated/additive/additive": 0.9999982338639292, "rho_random/additive/additive": 0.9999940525706497, "rho_curated/pairwise/additive": 0.9999766554390652, "rho_random/pairwise/additive": 0.9999476492297817, "rho_curated/additive_GE/additive": 0.99998426396737, "rho_random/additive_GE/additive": 0.9999679995318557, "rho_curated/pairwise_GE/additive": 0.9997404103016102, "rho_random/pairwise_GE/additive": 0.9995633326718043, "rho_curated/additive/additive_pairwise": 0.9428547690074476, "rho_random/additive/additive_pairwise": 0.9029227301223138, "rho_curated/pairwise/additive_pairwise": 0.9999681821427271, "rho_random/pairwise/additive_pairwise": 0.9999446620164885, "rho_curated/additive_GE/additive_pairwise": 0.9421592922275952, "rho_random/additive_GE/additive_pairwise": 0.9074689418166992, "rho_curated/pairwise_GE/additive_pairwise": 0.9996265327450344, "rho_random/pairwise_GE/additive_pairwise": 0.9994254562916641, "rho_curated/additive/nonlin_additive": 0.9962328326252229, "rho_random/additive/nonlin_additive": 0.996412549707497, "rho_curated/pairwise/nonlin_additive": 0.9993573421822936, "rho_random/pairwise/nonlin_additive": 0.9952088512182835, "rho_curated/additive_GE/nonlin_additive": 0.9999925017996999, "rho_random/additive_GE/nonlin_additive": 0.9999899090579666, "rho_curated/pairwise_GE/nonlin_additive": 0.9995200114767889, "rho_random/pairwise_GE/nonlin_additive": 0.9996068730486726, "rho_curated/additive/nonlin_additive_pairwise": NaN, "rho_random/additive/nonlin_additive_pairwise": NaN, "rho_curated/pairwise/nonlin_additive_pairwise": NaN, "rho_random/pairwise/nonlin_additive_pairwise": NaN, "rho_curated/additive_GE/nonlin_additive_pairwise": NaN, "rho_random/additive_GE/nonlin_additive_pairwise": NaN, "rho_curated/pairwise_GE/nonlin_additive_pairwise": NaN, "rho_random/pairwise_GE/nonlin_additive_pairwise": NaN, "rho_curated_mean": 0.9899509189815653, "rho_random_mean": 0.9833710839403064, "_wandb": {"runtime": 530}}