{"potts/n_edges": 261, "potts/edge_density": 0.87, "potts/J_mean_abs": 3.2271316051483154, "potts/J_std": 2.69828724861145, "_timestamp": 1773426503.521386, "_runtime": 418.00039887428284, "_step": 21, "gt_scores/additive/std": 1.1398200883094438, "gt_scores/additive/min": -9.020009994506836, "gt_scores/additive/pct5": -6.03385751247406, "gt_scores/additive_pairwise/std": 93.25525735692852, "gt_scores/additive_pairwise/min": -617.6553955078125, "gt_scores/additive_pairwise/pct5": -416.9971298217773, "gt_scores/nonlin_additive/std": 0.13291535666614748, "gt_scores/nonlin_additive/min": -0.8512857583768847, "gt_scores/nonlin_additive/pct5": -0.8249976913530378, "gt_scores/nonlin_additive_pairwise/std": 2.0012375008977402e-11, "gt_scores/nonlin_additive_pairwise/min": -0.853410595172368, "gt_scores/nonlin_additive_pairwise/pct5": -0.853410595172368, "rho_curated/additive/additive": 0.9999974169278963, "rho_random/additive/additive": 0.9999917003423611, "rho_curated/pairwise/additive": 0.9997270406930553, "rho_random/pairwise/additive": 0.999578684261376, "rho_curated/additive_GE/additive": 0.999952916606112, "rho_random/additive_GE/additive": 0.9999018649383183, "rho_curated/pairwise_GE/additive": 0.9812771657621878, "rho_random/pairwise_GE/additive": 0.9645982382340317, "rho_curated/additive/additive_pairwise": 0.9833020015392784, "rho_random/additive/additive_pairwise": 0.97674503074209, "rho_curated/pairwise/additive_pairwise": 0.9993778037190821, "rho_random/pairwise/additive_pairwise": 0.9989758496845972, "rho_curated/additive_GE/additive_pairwise": 0.9834029980545265, "rho_random/additive_GE/additive_pairwise": 0.9729410333250377, "rho_curated/pairwise_GE/additive_pairwise": 0.97804934548892, "rho_random/pairwise_GE/additive_pairwise": 0.9677679524536518, "rho_curated/additive/nonlin_additive": 0.996595341863487, "rho_random/additive/nonlin_additive": 0.9964862637495396, "rho_curated/pairwise/nonlin_additive": 0.9937073017956881, "rho_random/pairwise/nonlin_additive": 0.9843334284825381, "rho_curated/additive_GE/nonlin_additive": 0.9999833960313345, "rho_random/additive_GE/nonlin_additive": 0.9999789382205502, "rho_curated/pairwise_GE/nonlin_additive": 0.9895896517265867, "rho_random/pairwise_GE/nonlin_additive": 0.9888389789533298, "rho_curated/additive/nonlin_additive_pairwise": NaN, "rho_random/additive/nonlin_additive_pairwise": NaN, "rho_curated/pairwise/nonlin_additive_pairwise": NaN, "rho_random/pairwise/nonlin_additive_pairwise": NaN, "rho_curated/additive_GE/nonlin_additive_pairwise": NaN, "rho_random/additive_GE/nonlin_additive_pairwise": NaN, "rho_curated/pairwise_GE/nonlin_additive_pairwise": NaN, "rho_random/pairwise_GE/nonlin_additive_pairwise": NaN, "rho_curated_mean": 0.9920801983506794, "rho_random_mean": 0.9875114969489519, "_wandb": {"runtime": 417}}