{"potts/n_edges": 94, "potts/edge_density": 0.8952380952380953, "potts/J_mean_abs": 3.0607476234436035, "potts/J_std": 2.400125503540039, "_timestamp": 1773645360.4977722, "_runtime": 541.1056292057037, "_step": 21, "gt_scores/additive/std": 0.9557475539592777, "gt_scores/additive/min": -7.033940315246582, "gt_scores/additive/pct5": -5.159853672981262, "gt_scores/additive_pairwise/std": 38.48892459266939, "gt_scores/additive_pairwise/min": -327.23028564453125, "gt_scores/additive_pairwise/pct5": -277.0033264160156, "gt_scores/nonlin_additive/std": 0.1307311439252841, "gt_scores/nonlin_additive/min": -0.8613129322410867, "gt_scores/nonlin_additive/pct5": -0.8371371284084792, "gt_scores/nonlin_additive_pairwise/std": 1.1102230246251565e-16, "gt_scores/nonlin_additive_pairwise/min": -0.8653877661321029, "gt_scores/nonlin_additive_pairwise/pct5": -0.8653877661321029, "rho_curated/additive/additive": 0.9999981041919243, "rho_random/additive/additive": 0.9999925774202633, "rho_curated/pairwise/additive": 0.9999767038470664, "rho_random/pairwise/additive": 0.9999514179751154, "rho_curated/additive_GE/additive": 0.9999870561274818, "rho_random/additive_GE/additive": 0.9999647425657731, "rho_curated/pairwise_GE/additive": 0.9997790618471414, "rho_random/pairwise_GE/additive": 0.9996072973871309, "rho_curated/additive/additive_pairwise": 0.9421045079506225, "rho_random/additive/additive_pairwise": 0.9109442337219851, "rho_curated/pairwise/additive_pairwise": 0.9999696675507825, "rho_random/pairwise/additive_pairwise": 0.9999403054228033, "rho_curated/additive_GE/additive_pairwise": 0.9420663235397008, "rho_random/additive_GE/additive_pairwise": 0.9229659303425806, "rho_curated/pairwise_GE/additive_pairwise": 0.9995818698952246, "rho_random/pairwise_GE/additive_pairwise": 0.9994421712309227, "rho_curated/additive/nonlin_additive": 0.996326921580548, "rho_random/additive/nonlin_additive": 0.9967062935233069, "rho_curated/pairwise/nonlin_additive": 0.9991799977511018, "rho_random/pairwise/nonlin_additive": 0.9956625994387345, "rho_curated/additive_GE/nonlin_additive": 0.9999856181194224, "rho_random/additive_GE/nonlin_additive": 0.9999846111971399, "rho_curated/pairwise_GE/nonlin_additive": 0.9994841550192674, "rho_random/pairwise_GE/nonlin_additive": 0.9995349069641404, "rho_curated/additive/nonlin_additive_pairwise": NaN, "rho_random/additive/nonlin_additive_pairwise": NaN, "rho_curated/pairwise/nonlin_additive_pairwise": NaN, "rho_random/pairwise/nonlin_additive_pairwise": NaN, "rho_curated/additive_GE/nonlin_additive_pairwise": NaN, "rho_random/additive_GE/nonlin_additive_pairwise": NaN, "rho_curated/pairwise_GE/nonlin_additive_pairwise": NaN, "rho_random/pairwise_GE/nonlin_additive_pairwise": NaN, "rho_curated_mean": 0.9898699989516904, "rho_random_mean": 0.9853914239324914, "_wandb": {"runtime": 540}}