{"potts/n_edges": 145, "potts/edge_density": 0.7631578947368421, "potts/J_mean_abs": 2.843156337738037, "potts/J_std": 2.277693271636963, "_timestamp": 1773576014.9642532, "_runtime": 533.0427532196045, "_step": 21, "gt_scores/additive/std": 1.426379881017352, "gt_scores/additive/min": -10.008467674255371, "gt_scores/additive/pct5": -7.166622185707093, "gt_scores/additive_pairwise/std": 56.48419686121852, "gt_scores/additive_pairwise/min": -393.84173583984375, "gt_scores/additive_pairwise/pct5": -276.93178100585936, "gt_scores/nonlin_additive/std": 0.13946177757028871, "gt_scores/nonlin_additive/min": -0.8313426784103302, "gt_scores/nonlin_additive/pct5": -0.8034810610065, "gt_scores/nonlin_additive_pairwise/std": 5.235954972484216e-11, "gt_scores/nonlin_additive_pairwise/min": -0.8358896588447285, "gt_scores/nonlin_additive_pairwise/pct5": -0.8358896588447285, "rho_curated/additive/additive": 0.9999975753519028, "rho_random/additive/additive": 0.9999921148615235, "rho_curated/pairwise/additive": 0.9999469699098724, "rho_random/pairwise/additive": 0.9998879501417147, "rho_curated/additive_GE/additive": 0.9999914041596555, "rho_random/additive_GE/additive": 0.9999742875919249, "rho_curated/pairwise_GE/additive": 0.9989252372849065, "rho_random/pairwise_GE/additive": 0.9983077965274059, "rho_curated/additive/additive_pairwise": 0.9760237444723744, "rho_random/additive/additive_pairwise": 0.9612705812762528, "rho_curated/pairwise/additive_pairwise": 0.9999351206774033, "rho_random/pairwise/additive_pairwise": 0.9998732363001729, "rho_curated/additive_GE/additive_pairwise": 0.9762008418948911, "rho_random/additive_GE/additive_pairwise": 0.9651397997260973, "rho_curated/pairwise_GE/additive_pairwise": 0.9988078691683145, "rho_random/pairwise_GE/additive_pairwise": 0.9979629005006859, "rho_curated/additive/nonlin_additive": 0.9960046979999959, "rho_random/additive/nonlin_additive": 0.9949362466365345, "rho_curated/pairwise/nonlin_additive": 0.9984776532269964, "rho_random/pairwise/nonlin_additive": 0.9952375016499223, "rho_curated/additive_GE/nonlin_additive": 0.9999869532154773, "rho_random/additive_GE/nonlin_additive": 0.9999840688693867, "rho_curated/pairwise_GE/nonlin_additive": 0.9992291531611477, "rho_random/pairwise_GE/nonlin_additive": 0.9992703916853724, "rho_curated/additive/nonlin_additive_pairwise": NaN, "rho_random/additive/nonlin_additive_pairwise": NaN, "rho_curated/pairwise/nonlin_additive_pairwise": NaN, "rho_random/pairwise/nonlin_additive_pairwise": NaN, "rho_curated/additive_GE/nonlin_additive_pairwise": NaN, "rho_random/additive_GE/nonlin_additive_pairwise": NaN, "rho_curated/pairwise_GE/nonlin_additive_pairwise": NaN, "rho_random/pairwise_GE/nonlin_additive_pairwise": NaN, "rho_curated_mean": 0.9952939350435783, "rho_random_mean": 0.9926530729805828, "_wandb": {"runtime": 532}}