{"potts/n_edges": 345, "potts/edge_density": 0.7931034482758621, "potts/J_mean_abs": 4.674129009246826, "potts/J_std": 4.2360382080078125, "_timestamp": 1773679842.4681554, "_runtime": 387.7071063518524, "_step": 21, "gt_scores/additive/std": 1.3026329914510024, "gt_scores/additive/min": -9.520788192749023, "gt_scores/additive/pct5": -6.589263129234314, "gt_scores/additive_pairwise/std": 132.72208146252672, "gt_scores/additive_pairwise/min": -984.2481079101562, "gt_scores/additive_pairwise/pct5": -560.4557312011718, "gt_scores/nonlin_additive/std": 0.13748413835948767, "gt_scores/nonlin_additive/min": -0.8383537187280119, "gt_scores/nonlin_additive/pct5": -0.8091688078450335, "gt_scores/nonlin_additive_pairwise/std": 4.166806356518051e-12, "gt_scores/nonlin_additive_pairwise/min": -0.8419067452138076, "gt_scores/nonlin_additive_pairwise/pct5": -0.8419067452138076, "rho_curated/additive/additive": 0.9999966701678669, "rho_random/additive/additive": 0.9999914183135512, "rho_curated/pairwise/additive": 0.999270774610796, "rho_random/pairwise/additive": 0.9986057756654576, "rho_curated/additive_GE/additive": 0.9999757597590294, "rho_random/additive_GE/additive": 0.9999417210028811, "rho_curated/pairwise_GE/additive": 0.9592112207415121, "rho_random/pairwise_GE/additive": 0.9295100640951147, "rho_curated/additive/additive_pairwise": 0.9798480671044718, "rho_random/additive/additive_pairwise": 0.9673940196774454, "rho_curated/pairwise/additive_pairwise": 0.9910083286716858, "rho_random/pairwise/additive_pairwise": 0.986010578010578, "rho_curated/additive_GE/additive_pairwise": 0.9800530551691646, "rho_random/additive_GE/additive_pairwise": 0.967649826611883, "rho_curated/pairwise_GE/additive_pairwise": 0.9582384578635337, "rho_random/pairwise_GE/additive_pairwise": 0.9398713407723968, "rho_curated/additive/nonlin_additive": 0.9956119976002691, "rho_random/additive/nonlin_additive": 0.9951547015858394, "rho_curated/pairwise/nonlin_additive": 0.9886303953532156, "rho_random/pairwise/nonlin_additive": 0.9802495490332571, "rho_curated/additive_GE/nonlin_additive": 0.9999823864232951, "rho_random/additive_GE/nonlin_additive": 0.9999789175648033, "rho_curated/pairwise_GE/nonlin_additive": 0.9812996230430872, "rho_random/pairwise_GE/nonlin_additive": 0.9789568367718453, "rho_curated/additive/nonlin_additive_pairwise": NaN, "rho_random/additive/nonlin_additive_pairwise": NaN, "rho_curated/pairwise/nonlin_additive_pairwise": NaN, "rho_random/pairwise/nonlin_additive_pairwise": NaN, "rho_curated/additive_GE/nonlin_additive_pairwise": NaN, "rho_random/additive_GE/nonlin_additive_pairwise": NaN, "rho_curated/pairwise_GE/nonlin_additive_pairwise": NaN, "rho_random/pairwise_GE/nonlin_additive_pairwise": NaN, "rho_curated_mean": 0.9860938947089939, "rho_random_mean": 0.978609562425421, "_wandb": {"runtime": 387}}