{"potts/n_edges": 77, "potts/edge_density": 0.7333333333333333, "potts/J_mean_abs": 2.7313997745513916, "potts/J_std": 2.146641731262207, "_timestamp": 1773432487.3243725, "_runtime": 534.2670395374298, "_step": 21, "gt_scores/additive/std": 0.9557475539592777, "gt_scores/additive/min": -7.033940315246582, "gt_scores/additive/pct5": -5.159853672981262, "gt_scores/additive_pairwise/std": 27.639399965401402, "gt_scores/additive_pairwise/min": -229.0680694580078, "gt_scores/additive_pairwise/pct5": -196.83099060058595, "gt_scores/nonlin_additive/std": 0.1307311439252841, "gt_scores/nonlin_additive/min": -0.8613129322410867, "gt_scores/nonlin_additive/pct5": -0.8371371284084792, "gt_scores/nonlin_additive_pairwise/std": 1.1102230246251565e-16, "gt_scores/nonlin_additive_pairwise/min": -0.8653877661321029, "gt_scores/nonlin_additive_pairwise/pct5": -0.8653877661321029, "rho_curated/additive/additive": 0.999998973111959, "rho_random/additive/additive": 0.9999961809961697, "rho_curated/pairwise/additive": 0.9999750762630025, "rho_random/pairwise/additive": 0.9999386286648985, "rho_curated/additive_GE/additive": 0.9999823969112952, "rho_random/additive_GE/additive": 0.9999609339252161, "rho_curated/pairwise_GE/additive": 0.9997625831824862, "rho_random/pairwise_GE/additive": 0.9996088393780916, "rho_curated/additive/additive_pairwise": 0.9173454744359004, "rho_random/additive/additive_pairwise": 0.8760657733808049, "rho_curated/pairwise/additive_pairwise": 0.9999630062065183, "rho_random/pairwise/additive_pairwise": 0.9999349696260675, "rho_curated/additive_GE/additive_pairwise": 0.9173835788353775, "rho_random/additive_GE/additive_pairwise": 0.8832002757041627, "rho_curated/pairwise_GE/additive_pairwise": 0.9995721341988751, "rho_random/pairwise_GE/additive_pairwise": 0.9994336034006086, "rho_curated/additive/nonlin_additive": 0.9966013753197288, "rho_random/additive/nonlin_additive": 0.9973947260367192, "rho_curated/pairwise/nonlin_additive": 0.9992640750345453, "rho_random/pairwise/nonlin_additive": 0.9965411541154863, "rho_curated/additive_GE/nonlin_additive": 0.9999880249595205, "rho_random/additive_GE/nonlin_additive": 0.9999860023850679, "rho_curated/pairwise_GE/nonlin_additive": 0.999659336738341, "rho_random/pairwise_GE/nonlin_additive": 0.9996963448373969, "rho_curated/additive/nonlin_additive_pairwise": NaN, "rho_random/additive/nonlin_additive_pairwise": NaN, "rho_curated/pairwise/nonlin_additive_pairwise": NaN, "rho_random/pairwise/nonlin_additive_pairwise": NaN, "rho_curated/additive_GE/nonlin_additive_pairwise": NaN, "rho_random/additive_GE/nonlin_additive_pairwise": NaN, "rho_curated/pairwise_GE/nonlin_additive_pairwise": NaN, "rho_random/pairwise_GE/nonlin_additive_pairwise": NaN, "rho_curated_mean": 0.9857913362664625, "rho_random_mean": 0.9793131193708907, "_wandb": {"runtime": 533}}