{"potts/n_edges": 266, "potts/edge_density": 0.8866666666666667, "potts/J_mean_abs": 2.5939748287200928, "potts/J_std": 4.455463409423828, "_timestamp": 1773517538.215113, "_runtime": 531.4779508113861, "_step": 21, "gt_scores/additive/std": 0.7492329016432834, "gt_scores/additive/min": -4.66650915145874, "gt_scores/additive/pct5": -2.6229147791862486, "gt_scores/additive_pairwise/std": 20.69993268113093, "gt_scores/additive_pairwise/min": -175.23300170898438, "gt_scores/additive_pairwise/pct5": -61.55834293365478, "gt_scores/nonlin_additive/std": 0.17995759944495146, "gt_scores/nonlin_additive/min": -0.6884593942849767, "gt_scores/nonlin_additive/pct5": -0.629153418661205, "gt_scores/nonlin_additive_pairwise/std": 0.18579514856715262, "gt_scores/nonlin_additive_pairwise/min": -0.692890275690353, "gt_scores/nonlin_additive_pairwise/pct5": -0.692890275690353, "rho_curated/additive/additive": 0.9999979658317653, "rho_random/additive/additive": 0.9999927821600512, "rho_curated/pairwise/additive": 0.9994406271833902, "rho_random/pairwise/additive": 0.9992510875096589, "rho_curated/additive_GE/additive": 0.9999894147987773, "rho_random/additive_GE/additive": 0.9999757384940661, "rho_curated/pairwise_GE/additive": 0.9900527571070536, "rho_random/pairwise_GE/additive": 0.9871669675385635, "rho_curated/additive/additive_pairwise": 0.7089402084273803, "rho_random/additive/additive_pairwise": 0.8729930971599663, "rho_curated/pairwise/additive_pairwise": 0.8098585999364841, "rho_random/pairwise/additive_pairwise": 0.8966359340572905, "rho_curated/additive_GE/additive_pairwise": 0.6680700815245884, "rho_random/additive_GE/additive_pairwise": 0.8781374349979576, "rho_curated/pairwise_GE/additive_pairwise": 0.860159069233129, "rho_random/pairwise_GE/additive_pairwise": 0.9383451504864035, "rho_curated/additive/nonlin_additive": 0.9981184296136394, "rho_random/additive/nonlin_additive": 0.9973046776664881, "rho_curated/pairwise/nonlin_additive": 0.9952948215456305, "rho_random/pairwise/nonlin_additive": 0.9925398169741658, "rho_curated/additive_GE/nonlin_additive": 0.9999918691817097, "rho_random/additive_GE/nonlin_additive": 0.9999833382245679, "rho_curated/pairwise_GE/nonlin_additive": 0.9963922368550742, "rho_random/pairwise_GE/nonlin_additive": 0.9944531562016403, "rho_curated/additive/nonlin_additive_pairwise": 0.6279345912670007, "rho_random/additive/nonlin_additive_pairwise": 0.7978231671908859, "rho_curated/pairwise/nonlin_additive_pairwise": 0.6664577247402037, "rho_random/pairwise/nonlin_additive_pairwise": 0.7945734441896947, "rho_curated/additive_GE/nonlin_additive_pairwise": 0.47141144992046474, "rho_random/additive_GE/nonlin_additive_pairwise": 0.7319558930282122, "rho_curated/pairwise_GE/nonlin_additive_pairwise": 0.701124879872609, "rho_random/pairwise_GE/nonlin_additive_pairwise": 0.8017251611188669, "rho_curated_mean": 0.8433271704399312, "rho_random_mean": 0.917678552937405, "_wandb": {"runtime": 531}}