{"potts/n_edges": 3338, "potts/edge_density": 0.6743434343434344, "potts/J_mean_abs": 2.8347461223602295, "potts/J_std": 5.568599224090576, "_timestamp": 1773710812.7180114, "_runtime": 589.979745388031, "_step": 21, "gt_scores/additive/std": 1.341045468676588, "gt_scores/additive/min": -9.052918434143066, "gt_scores/additive/pct5": -5.564203548431396, "gt_scores/additive_pairwise/std": 52.72458146105184, "gt_scores/additive_pairwise/min": -487.602783203125, "gt_scores/additive_pairwise/pct5": -169.9650032043457, "gt_scores/nonlin_additive/std": 0.16349607627610277, "gt_scores/nonlin_additive/min": -0.7629609142948688, "gt_scores/nonlin_additive/pct5": -0.7174741370844288, "gt_scores/nonlin_additive_pairwise/std": 0.04790151946008221, "gt_scores/nonlin_additive_pairwise/min": -0.766793603552254, "gt_scores/nonlin_additive_pairwise/pct5": -0.766793603552254, "rho_curated/additive/additive": 0.9999931044157241, "rho_random/additive/additive": 0.9999807231400473, "rho_curated/pairwise/additive": 0.999561049774421, "rho_random/pairwise/additive": 0.9995735087710506, "rho_curated/additive_GE/additive": 0.9999625681585012, "rho_random/additive_GE/additive": 0.9999278240967513, "rho_curated/pairwise_GE/additive": 0.9984562328181753, "rho_random/pairwise_GE/additive": 0.9976592498408623, "rho_curated/additive/additive_pairwise": 0.8154341138085053, "rho_random/additive/additive_pairwise": 0.8423272207180005, "rho_curated/pairwise/additive_pairwise": 0.7923730388499385, "rho_random/pairwise/additive_pairwise": 0.8372873303084509, "rho_curated/additive_GE/additive_pairwise": 0.807065055482602, "rho_random/additive_GE/additive_pairwise": 0.8579961501567772, "rho_curated/pairwise_GE/additive_pairwise": 0.8172006554400261, "rho_random/pairwise_GE/additive_pairwise": 0.8746874481949156, "rho_curated/additive/nonlin_additive": 0.9938859066831426, "rho_random/additive/nonlin_additive": 0.9930686953752903, "rho_curated/pairwise/nonlin_additive": 0.9959479190136251, "rho_random/pairwise/nonlin_additive": 0.9947947919310564, "rho_curated/additive_GE/nonlin_additive": 0.9999670369106797, "rho_random/additive_GE/nonlin_additive": 0.9999502499530525, "rho_curated/pairwise_GE/nonlin_additive": 0.9977638366304459, "rho_random/pairwise_GE/nonlin_additive": 0.997687715569575, "rho_curated/additive/nonlin_additive_pairwise": 0.058476955392050466, "rho_random/additive/nonlin_additive_pairwise": 0.4838768119503205, "rho_curated/pairwise/nonlin_additive_pairwise": 0.06550365885271511, "rho_random/pairwise/nonlin_additive_pairwise": 0.5144993963398061, "rho_curated/additive_GE/nonlin_additive_pairwise": 0.09265261562159853, "rho_random/additive_GE/nonlin_additive_pairwise": 0.5015795557711278, "rho_curated/pairwise_GE/nonlin_additive_pairwise": 0.09555914672804473, "rho_random/pairwise_GE/nonlin_additive_pairwise": 0.4969344866409962, "rho_curated_mean": 0.7206126809112622, "rho_random_mean": 0.83698944742238, "_wandb": {"runtime": 589}}