{"potts/n_edges": 78, "potts/edge_density": 0.7428571428571429, "potts/J_mean_abs": 3.913428783416748, "potts/J_std": 3.235778570175171, "_timestamp": 1773367543.6942077, "_runtime": 527.1247937679291, "_step": 21, "gt_scores/additive/std": 0.7770162874764199, "gt_scores/additive/min": -5.525506973266602, "gt_scores/additive/pct5": -4.092422103881836, "gt_scores/additive_pairwise/std": 44.27518506177673, "gt_scores/additive_pairwise/min": -407.3663330078125, "gt_scores/additive_pairwise/pct5": -334.23052978515625, "gt_scores/nonlin_additive/std": 0.13179785214960515, "gt_scores/nonlin_additive/min": -0.851066460422529, "gt_scores/nonlin_additive/pct5": -0.8261551473383105, "gt_scores/nonlin_additive_pairwise/std": 2.220446049250313e-16, "gt_scores/nonlin_additive_pairwise/min": -0.8558889585984598, "gt_scores/nonlin_additive_pairwise/pct5": -0.8558889585984598, "rho_curated/additive/additive": 0.9999986067999443, "rho_random/additive/additive": 0.9999950658262761, "rho_curated/pairwise/additive": 0.9999747066629876, "rho_random/pairwise/additive": 0.9999412336384427, "rho_curated/additive_GE/additive": 0.9999906383196253, "rho_random/additive_GE/additive": 0.9999739010052051, "rho_curated/pairwise_GE/additive": 0.9995390487575508, "rho_random/pairwise_GE/additive": 0.9992094844261002, "rho_curated/additive/additive_pairwise": 0.9342924406069666, "rho_random/additive/additive_pairwise": 0.8934553390693721, "rho_curated/pairwise/additive_pairwise": 0.9999679113507142, "rho_random/pairwise/additive_pairwise": 0.9999358490974205, "rho_curated/additive_GE/additive_pairwise": 0.934089356557247, "rho_random/additive_GE/additive_pairwise": 0.8886472579936331, "rho_curated/pairwise_GE/additive_pairwise": 0.9996107746324217, "rho_random/pairwise_GE/additive_pairwise": 0.9994352923812312, "rho_curated/additive/nonlin_additive": 0.9963767078786335, "rho_random/additive/nonlin_additive": 0.9971439985047296, "rho_curated/pairwise/nonlin_additive": 0.999282128507199, "rho_random/pairwise/nonlin_additive": 0.9965456220426281, "rho_curated/additive_GE/nonlin_additive": 0.9999916970796673, "rho_random/additive_GE/nonlin_additive": 0.9999902117265158, "rho_curated/pairwise_GE/nonlin_additive": 0.9996397095615623, "rho_random/pairwise_GE/nonlin_additive": 0.9996930713632063, "rho_curated/additive/nonlin_additive_pairwise": NaN, "rho_random/additive/nonlin_additive_pairwise": NaN, "rho_curated/pairwise/nonlin_additive_pairwise": NaN, "rho_random/pairwise/nonlin_additive_pairwise": NaN, "rho_curated/additive_GE/nonlin_additive_pairwise": NaN, "rho_random/additive_GE/nonlin_additive_pairwise": NaN, "rho_curated/pairwise_GE/nonlin_additive_pairwise": NaN, "rho_random/pairwise_GE/nonlin_additive_pairwise": NaN, "rho_curated_mean": 0.9885628105595431, "rho_random_mean": 0.9811638605895633, "_wandb": {"runtime": 526}}