{"potts/n_edges": 343, "potts/edge_density": 0.7885057471264367, "potts/J_mean_abs": 3.7802906036376953, "potts/J_std": 3.048497438430786, "_timestamp": 1773515532.950508, "_runtime": 513.0296840667725, "_step": 21, "gt_scores/additive/std": 1.3026329914510024, "gt_scores/additive/min": -9.520788192749023, "gt_scores/additive/pct5": -6.589263129234314, "gt_scores/additive_pairwise/std": 103.47559533183622, "gt_scores/additive_pairwise/min": -653.94091796875, "gt_scores/additive_pairwise/pct5": -445.7984649658203, "gt_scores/nonlin_additive/std": 0.13748413835948767, "gt_scores/nonlin_additive/min": -0.8383537187280119, "gt_scores/nonlin_additive/pct5": -0.8091688078450335, "gt_scores/nonlin_additive_pairwise/std": 3.348844711801616e-07, "gt_scores/nonlin_additive_pairwise/min": -0.8419067452138076, "gt_scores/nonlin_additive_pairwise/pct5": -0.8419067452138076, "rho_curated/additive/additive": 0.9999976837119071, "rho_random/additive/additive": 0.9999934815795043, "rho_curated/pairwise/additive": 0.9992179522646994, "rho_random/pairwise/additive": 0.9985880368050459, "rho_curated/additive_GE/additive": NaN, "rho_random/additive_GE/additive": NaN, "rho_curated/pairwise_GE/additive": 0.9648319416724337, "rho_random/pairwise_GE/additive": 0.9482718683250656, "rho_curated/additive/additive_pairwise": 0.9829837132393484, "rho_random/additive/additive_pairwise": 0.9639111241836662, "rho_curated/pairwise/additive_pairwise": 0.9925113187724526, "rho_random/pairwise/additive_pairwise": 0.9854640197752399, "rho_curated/additive_GE/additive_pairwise": 0.9832233315529332, "rho_random/additive_GE/additive_pairwise": 0.9696758447752979, "rho_curated/pairwise_GE/additive_pairwise": 0.9563893121025259, "rho_random/pairwise_GE/additive_pairwise": 0.9356641918966349, "rho_curated/additive/nonlin_additive": 0.9964998063794044, "rho_random/additive/nonlin_additive": 0.996053053353513, "rho_curated/pairwise/nonlin_additive": 0.9884953973627116, "rho_random/pairwise/nonlin_additive": 0.9812819575773679, "rho_curated/additive_GE/nonlin_additive": 0.9999810827192407, "rho_random/additive_GE/nonlin_additive": 0.9999773519893279, "rho_curated/pairwise_GE/nonlin_additive": 0.9807248639132938, "rho_random/pairwise_GE/nonlin_additive": 0.9771298237225329, "rho_curated/additive/nonlin_additive_pairwise": NaN, "rho_random/additive/nonlin_additive_pairwise": NaN, "rho_curated/pairwise/nonlin_additive_pairwise": NaN, "rho_random/pairwise/nonlin_additive_pairwise": NaN, "rho_curated/additive_GE/nonlin_additive_pairwise": NaN, "rho_random/additive_GE/nonlin_additive_pairwise": NaN, "rho_curated/pairwise_GE/nonlin_additive_pairwise": NaN, "rho_random/pairwise_GE/nonlin_additive_pairwise": NaN, "rho_curated_mean": 0.9858960366991774, "rho_random_mean": 0.977819159453018, "_wandb": {"runtime": 512}}