{"potts/n_edges": 249, "potts/edge_density": 0.83, "potts/J_mean_abs": 0.7446562051773071, "potts/J_std": 1.3374295234680176, "_timestamp": 1773388953.07273, "_runtime": 545.2468681335449, "_step": 21, "gt_scores/additive/std": 1.1692382790629163, "gt_scores/additive/min": -8.865388870239258, "gt_scores/additive/pct5": -6.260699653625488, "gt_scores/additive_pairwise/std": 23.62705677282395, "gt_scores/additive_pairwise/min": -186.84042358398438, "gt_scores/additive_pairwise/pct5": -101.18316459655762, "gt_scores/nonlin_additive/std": 0.1299774051589443, "gt_scores/nonlin_additive/min": -0.8570875160669313, "gt_scores/nonlin_additive/pct5": -0.8319475404672109, "gt_scores/nonlin_additive_pairwise/std": 0.001064940538006879, "gt_scores/nonlin_additive_pairwise/min": -0.8602126915025169, "gt_scores/nonlin_additive_pairwise/pct5": -0.8602126915025169, "rho_curated/additive/additive": 0.9999978264639131, "rho_random/additive/additive": 0.999992770499507, "rho_curated/pairwise/additive": 0.9997792079351525, "rho_random/pairwise/additive": 0.9995585697650555, "rho_curated/additive_GE/additive": 0.9999455451498193, "rho_random/additive_GE/additive": 0.9998864180972071, "rho_curated/pairwise_GE/additive": 0.9821626856376514, "rho_random/pairwise_GE/additive": 0.9681049781198986, "rho_curated/additive/additive_pairwise": 0.9375135390560425, "rho_random/additive/additive_pairwise": 0.9111181357410835, "rho_curated/pairwise/additive_pairwise": 0.9956371577130673, "rho_random/pairwise/additive_pairwise": 0.9922347057853652, "rho_curated/additive_GE/additive_pairwise": 0.9348840254402354, "rho_random/additive_GE/additive_pairwise": 0.9184450430519866, "rho_curated/pairwise_GE/additive_pairwise": 0.9732337668454963, "rho_random/pairwise_GE/additive_pairwise": 0.9507155118202473, "rho_curated/additive/nonlin_additive": 0.9955947715274736, "rho_random/additive/nonlin_additive": 0.9960713023279303, "rho_curated/pairwise/nonlin_additive": 0.9945498332054702, "rho_random/pairwise/nonlin_additive": 0.9876346769074599, "rho_curated/additive_GE/nonlin_additive": 0.9999852947914102, "rho_random/additive_GE/nonlin_additive": 0.9999855886326507, "rho_curated/pairwise_GE/nonlin_additive": 0.9883909902788037, "rho_random/pairwise_GE/nonlin_additive": 0.9876091059248269, "rho_curated/additive/nonlin_additive_pairwise": 0.39189673007706527, "rho_random/additive/nonlin_additive_pairwise": 0.29371916515222585, "rho_curated/pairwise/nonlin_additive_pairwise": 0.2850682338858725, "rho_random/pairwise/nonlin_additive_pairwise": 0.2004109736022361, "rho_curated/additive_GE/nonlin_additive_pairwise": NaN, "rho_random/additive_GE/nonlin_additive_pairwise": NaN, "rho_curated/pairwise_GE/nonlin_additive_pairwise": 0.36298708256317525, "rho_random/pairwise_GE/nonlin_additive_pairwise": 0.2416821562194654, "rho_curated_mean": 0.8561084460380431, "rho_random_mean": 0.8298112734431431, "_wandb": {"runtime": 544}}