{"potts/n_edges": 4657, "potts/edge_density": 0.9408080808080808, "potts/J_mean_abs": 2.9175360202789307, "potts/J_std": 2.306857109069824, "_timestamp": 1773452617.9138145, "_runtime": 603.0487306118011, "_step": 21, "gt_scores/additive/std": 1.4613880390458585, "gt_scores/additive/min": -11.255273818969727, "gt_scores/additive/pct5": -6.664780235290527, "gt_scores/additive_pairwise/std": 126.2580367037815, "gt_scores/additive_pairwise/min": -1034.938720703125, "gt_scores/additive_pairwise/pct5": -485.86890716552733, "gt_scores/nonlin_additive/std": 0.15053504055955275, "gt_scores/nonlin_additive/min": -0.8019886617597319, "gt_scores/nonlin_additive/pct5": -0.7627513127923603, "gt_scores/nonlin_additive_pairwise/std": 4.8430634073053525e-05, "gt_scores/nonlin_additive_pairwise/min": -0.8038375591019028, "gt_scores/nonlin_additive_pairwise/pct5": -0.8038375591019028, "rho_curated/additive/additive": 0.9999944225437765, "rho_random/additive/additive": 0.9999868913644527, "rho_curated/pairwise/additive": 0.9994236569689184, "rho_random/pairwise/additive": 0.9994710638767897, "rho_curated/additive_GE/additive": 0.9999410837176419, "rho_random/additive_GE/additive": 0.9998809995110188, "rho_curated/pairwise_GE/additive": 0.9983485016138606, "rho_random/pairwise_GE/additive": 0.997059337898646, "rho_curated/additive/additive_pairwise": 0.9849839040142749, "rho_random/additive/additive_pairwise": 0.9771823944825409, "rho_curated/pairwise/additive_pairwise": 0.978384448909303, "rho_random/pairwise/additive_pairwise": 0.9703344795556551, "rho_curated/additive_GE/additive_pairwise": 0.9870337899601069, "rho_random/additive_GE/additive_pairwise": 0.9778619839049161, "rho_curated/pairwise_GE/additive_pairwise": 0.9805358721155665, "rho_random/pairwise_GE/additive_pairwise": 0.9728945932786829, "rho_curated/additive/nonlin_additive": 0.9916703555708141, "rho_random/additive/nonlin_additive": 0.9910327346485249, "rho_curated/pairwise/nonlin_additive": 0.990921045924406, "rho_random/pairwise/nonlin_additive": 0.9909243236051068, "rho_curated/additive_GE/nonlin_additive": 0.9999578815343152, "rho_random/additive_GE/nonlin_additive": 0.9999381508382593, "rho_curated/pairwise_GE/nonlin_additive": 0.995685311771309, "rho_random/pairwise_GE/nonlin_additive": 0.9957224931975444, "rho_curated/additive/nonlin_additive_pairwise": NaN, "rho_random/additive/nonlin_additive_pairwise": 0.07752356456724799, "rho_curated/pairwise/nonlin_additive_pairwise": NaN, "rho_random/pairwise/nonlin_additive_pairwise": 0.08013027447177157, "rho_curated/additive_GE/nonlin_additive_pairwise": NaN, "rho_random/additive_GE/nonlin_additive_pairwise": NaN, "rho_curated/pairwise_GE/nonlin_additive_pairwise": NaN, "rho_random/pairwise_GE/nonlin_additive_pairwise": NaN, "rho_curated_mean": 0.9922400228870245, "rho_random_mean": 0.8592816632286541, "_wandb": {"runtime": 602}}