{"potts/n_edges": 82, "potts/edge_density": 0.780952380952381, "potts/J_mean_abs": 4.209991455078125, "potts/J_std": 4.008921146392822, "_timestamp": 1773671286.1753972, "_runtime": 484.2970840930939, "_step": 21, "gt_scores/additive/std": 0.7770162874764199, "gt_scores/additive/min": -5.525506973266602, "gt_scores/additive/pct5": -4.092422103881836, "gt_scores/additive_pairwise/std": 51.65442823973098, "gt_scores/additive_pairwise/min": -463.4130859375, "gt_scores/additive_pairwise/pct5": -369.3979827880859, "gt_scores/nonlin_additive/std": 0.13179785214960515, "gt_scores/nonlin_additive/min": -0.851066460422529, "gt_scores/nonlin_additive/pct5": -0.8261551473383105, "gt_scores/nonlin_additive_pairwise/std": 2.220446049250313e-16, "gt_scores/nonlin_additive_pairwise/min": -0.8558889585984598, "gt_scores/nonlin_additive_pairwise/pct5": -0.8558889585984598, "rho_curated/additive/additive": 0.9999979092639163, "rho_random/additive/additive": 0.9999928532828567, "rho_curated/pairwise/additive": 0.999974268662969, "rho_random/pairwise/additive": 0.9999434457621381, "rho_curated/additive_GE/additive": 0.9999798430231911, "rho_random/additive_GE/additive": 0.999947411692718, "rho_curated/pairwise_GE/additive": 0.9967059864279234, "rho_random/pairwise_GE/additive": 0.9940161169173217, "rho_curated/additive/additive_pairwise": 0.9276159509989008, "rho_random/additive/additive_pairwise": 0.8724862425048285, "rho_curated/pairwise/additive_pairwise": 0.9999717611428699, "rho_random/pairwise/additive_pairwise": 0.9999384713479385, "rho_curated/additive_GE/additive_pairwise": 0.9270506011425222, "rho_random/additive_GE/additive_pairwise": 0.875063949534792, "rho_curated/pairwise_GE/additive_pairwise": 0.9996532377861213, "rho_random/pairwise_GE/additive_pairwise": 0.9995534827266974, "rho_curated/additive/nonlin_additive": 0.996869017738385, "rho_random/additive/nonlin_additive": 0.9970784209139605, "rho_curated/pairwise/nonlin_additive": 0.9993979176398302, "rho_random/pairwise/nonlin_additive": 0.9966056701141666, "rho_curated/additive_GE/nonlin_additive": 0.9999867766954684, "rho_random/additive_GE/nonlin_additive": 0.9999845620449446, "rho_curated/pairwise_GE/nonlin_additive": 0.9997196329487451, "rho_random/pairwise_GE/nonlin_additive": 0.999674424759271, "rho_curated/additive/nonlin_additive_pairwise": NaN, "rho_random/additive/nonlin_additive_pairwise": NaN, "rho_curated/pairwise/nonlin_additive_pairwise": NaN, "rho_random/pairwise/nonlin_additive_pairwise": NaN, "rho_curated/additive_GE/nonlin_additive_pairwise": NaN, "rho_random/additive_GE/nonlin_additive_pairwise": NaN, "rho_curated/pairwise_GE/nonlin_additive_pairwise": NaN, "rho_random/pairwise_GE/nonlin_additive_pairwise": NaN, "rho_curated_mean": 0.9872435752892369, "rho_random_mean": 0.9778570876334696, "_wandb": {"runtime": 483}}