{"potts/n_edges": 287, "potts/edge_density": 0.6597701149425287, "potts/J_mean_abs": 3.366891384124756, "potts/J_std": 2.5788893699645996, "_timestamp": 1773703328.355884, "_runtime": 385.69711208343506, "_step": 21, "gt_scores/additive/std": 1.1925536417782636, "gt_scores/additive/min": -9.211626052856445, "gt_scores/additive/pct5": -6.01135892868042, "gt_scores/additive_pairwise/std": 81.03973874856675, "gt_scores/additive_pairwise/min": -530.0892944335938, "gt_scores/additive_pairwise/pct5": -342.976708984375, "gt_scores/nonlin_additive/std": 0.1394448448352391, "gt_scores/nonlin_additive/min": -0.8371870805299297, "gt_scores/nonlin_additive/pct5": -0.8067663836145071, "gt_scores/nonlin_additive_pairwise/std": 3.212155200792408e-09, "gt_scores/nonlin_additive_pairwise/min": -0.8394933305681229, "gt_scores/nonlin_additive_pairwise/pct5": -0.8394933305681229, "rho_curated/additive/additive": 0.9999972751358911, "rho_random/additive/additive": 0.9999897416629254, "rho_curated/pairwise/additive": 0.9992058023841942, "rho_random/pairwise/additive": 0.9987010368552042, "rho_curated/additive_GE/additive": 0.9999816595832657, "rho_random/additive_GE/additive": 0.9999593172613681, "rho_curated/pairwise_GE/additive": 0.9698510302413177, "rho_random/pairwise_GE/additive": 0.937148216038223, "rho_curated/additive/additive_pairwise": 0.980227830376164, "rho_random/additive/additive_pairwise": 0.9658072781547069, "rho_curated/pairwise/additive_pairwise": 0.9908882270270916, "rho_random/pairwise/additive_pairwise": 0.9858343475192667, "rho_curated/additive_GE/additive_pairwise": 0.9803346032124401, "rho_random/additive_GE/additive_pairwise": 0.9708375819523846, "rho_curated/pairwise_GE/additive_pairwise": 0.9585265341700754, "rho_random/pairwise_GE/additive_pairwise": 0.9392259667470245, "rho_curated/additive/nonlin_additive": 0.9967653572941485, "rho_random/additive/nonlin_additive": 0.9967870145611575, "rho_curated/pairwise/nonlin_additive": 0.9890562400649365, "rho_random/pairwise/nonlin_additive": 0.9818333469336223, "rho_curated/additive_GE/nonlin_additive": 0.9999803934392129, "rho_random/additive_GE/nonlin_additive": 0.9999727539237382, "rho_curated/pairwise_GE/nonlin_additive": 0.981273898040709, "rho_random/pairwise_GE/nonlin_additive": 0.9770847863426467, "rho_curated/additive/nonlin_additive_pairwise": NaN, "rho_random/additive/nonlin_additive_pairwise": NaN, "rho_curated/pairwise/nonlin_additive_pairwise": NaN, "rho_random/pairwise/nonlin_additive_pairwise": NaN, "rho_curated/additive_GE/nonlin_additive_pairwise": NaN, "rho_random/additive_GE/nonlin_additive_pairwise": NaN, "rho_curated/pairwise_GE/nonlin_additive_pairwise": NaN, "rho_random/pairwise_GE/nonlin_additive_pairwise": NaN, "rho_curated_mean": 0.9871740709141205, "rho_random_mean": 0.9794317823293559, "_wandb": {"runtime": 385}}