{"potts/n_edges": 80, "potts/edge_density": 0.7619047619047619, "potts/J_mean_abs": 3.540093421936035, "potts/J_std": 3.1771745681762695, "_timestamp": 1773580789.2547657, "_runtime": 560.9799137115479, "_step": 21, "gt_scores/additive/std": 0.9557475539592777, "gt_scores/additive/min": -7.033940315246582, "gt_scores/additive/pct5": -5.159853672981262, "gt_scores/additive_pairwise/std": 42.37802594538562, "gt_scores/additive_pairwise/min": -363.5583801269531, "gt_scores/additive_pairwise/pct5": -300.79058227539065, "gt_scores/nonlin_additive/std": 0.1307311439252841, "gt_scores/nonlin_additive/min": -0.8613129322410867, "gt_scores/nonlin_additive/pct5": -0.8371371284084792, "gt_scores/nonlin_additive_pairwise/std": 1.1102230246251565e-16, "gt_scores/nonlin_additive_pairwise/min": -0.8653877661321029, "gt_scores/nonlin_additive_pairwise/pct5": -0.8653877661321029, "rho_curated/additive/additive": 0.999998054727922, "rho_random/additive/additive": 0.9999929788579148, "rho_curated/pairwise/additive": 0.9999769009830733, "rho_random/pairwise/additive": 0.9999488118080289, "rho_curated/additive_GE/additive": 0.9999883198475314, "rho_random/additive_GE/additive": 0.9999753119408034, "rho_curated/pairwise_GE/additive": 0.999768746766711, "rho_random/pairwise_GE/additive": 0.9996212097019277, "rho_curated/additive/additive_pairwise": 0.9410001421237577, "rho_random/additive/additive_pairwise": 0.9027281747797357, "rho_curated/pairwise/additive_pairwise": 0.9999729792149168, "rho_random/pairwise/additive_pairwise": 0.9999504085786993, "rho_curated/additive_GE/additive_pairwise": 0.9412177898793008, "rho_random/additive_GE/additive_pairwise": 0.9042327377732113, "rho_curated/pairwise_GE/additive_pairwise": 0.999582552887272, "rho_random/pairwise_GE/additive_pairwise": 0.9994184173291307, "rho_curated/additive/nonlin_additive": 0.996770861430602, "rho_random/additive/nonlin_additive": 0.997212259553097, "rho_curated/pairwise/nonlin_additive": 0.9992210528248233, "rho_random/pairwise/nonlin_additive": 0.9979288767910237, "rho_curated/additive_GE/nonlin_additive": 0.9999868148794708, "rho_random/additive_GE/nonlin_additive": 0.9999837873482936, "rho_curated/pairwise_GE/nonlin_additive": 0.9995692746947401, "rho_random/pairwise_GE/nonlin_additive": 0.9995963782599832, "rho_curated/additive/nonlin_additive_pairwise": NaN, "rho_random/additive/nonlin_additive_pairwise": NaN, "rho_curated/pairwise/nonlin_additive_pairwise": NaN, "rho_random/pairwise/nonlin_additive_pairwise": NaN, "rho_curated/additive_GE/nonlin_additive_pairwise": NaN, "rho_random/additive_GE/nonlin_additive_pairwise": NaN, "rho_curated/pairwise_GE/nonlin_additive_pairwise": NaN, "rho_random/pairwise_GE/nonlin_additive_pairwise": NaN, "rho_curated_mean": 0.9897544575216769, "rho_random_mean": 0.983382446060154, "_wandb": {"runtime": 560}}