{"potts/n_edges": 75, "potts/edge_density": 0.7142857142857143, "potts/J_mean_abs": 3.7942566871643066, "potts/J_std": 3.267132520675659, "_timestamp": 1773535830.3697045, "_runtime": 633.4834334850311, "_step": 21, "gt_scores/additive/std": 0.7478419753922801, "gt_scores/additive/min": -4.990938663482666, "gt_scores/additive/pct5": -3.301434588432312, "gt_scores/additive_pairwise/std": 48.960833993796676, "gt_scores/additive_pairwise/min": -329.55303955078125, "gt_scores/additive_pairwise/pct5": -211.87102355957032, "gt_scores/nonlin_additive/std": 0.15626632297714066, "gt_scores/nonlin_additive/min": -0.7844779057526228, "gt_scores/nonlin_additive/pct5": -0.7458549698064931, "gt_scores/nonlin_additive_pairwise/std": 5.901915356540646e-07, "gt_scores/nonlin_additive_pairwise/min": -0.7891859569495114, "gt_scores/nonlin_additive_pairwise/pct5": -0.7891859569495114, "rho_curated/additive/additive": 0.9999982186239285, "rho_random/additive/additive": 0.9999933084522142, "rho_curated/pairwise/additive": 0.9999752093910026, "rho_random/pairwise/additive": 0.9999385985661876, "rho_curated/additive_GE/additive": NaN, "rho_random/additive_GE/additive": NaN, "rho_curated/pairwise_GE/additive": 0.997406083615683, "rho_random/pairwise_GE/additive": 0.9957874269730547, "rho_curated/additive/additive_pairwise": 0.9688078900220698, "rho_random/additive/additive_pairwise": 0.9509073659924877, "rho_curated/pairwise/additive_pairwise": 0.9999734361029368, "rho_random/pairwise/additive_pairwise": 0.9999457240890375, "rho_curated/additive_GE/additive_pairwise": 0.9692423052554776, "rho_random/additive_GE/additive_pairwise": 0.9474357226888562, "rho_curated/pairwise_GE/additive_pairwise": 0.9996115345204335, "rho_random/pairwise_GE/additive_pairwise": 0.9993641040084876, "rho_curated/additive/nonlin_additive": 0.9978353876652596, "rho_random/additive/nonlin_additive": 0.9967999784524285, "rho_curated/pairwise/nonlin_additive": 0.9995436706057248, "rho_random/pairwise/nonlin_additive": 0.999002994008994, "rho_curated/additive_GE/nonlin_additive": 0.9999916072476633, "rho_random/additive_GE/nonlin_additive": 0.9999868422034028, "rho_curated/pairwise_GE/nonlin_additive": 0.9998055791362093, "rho_random/pairwise_GE/nonlin_additive": 0.999712176917265, "rho_curated/additive/nonlin_additive_pairwise": NaN, "rho_random/additive/nonlin_additive_pairwise": 0.0072597389295207355, "rho_curated/pairwise/nonlin_additive_pairwise": NaN, "rho_random/pairwise/nonlin_additive_pairwise": 0.0117827414135304, "rho_curated/additive_GE/nonlin_additive_pairwise": NaN, "rho_random/additive_GE/nonlin_additive_pairwise": NaN, "rho_curated/pairwise_GE/nonlin_additive_pairwise": NaN, "rho_random/pairwise_GE/nonlin_additive_pairwise": -0.0025265498386151976, "rho_curated_mean": 0.9938355383805809, "rho_random_mean": 0.7789564409183466, "_wandb": {"runtime": 633}}