{"potts/n_edges": 229, "potts/edge_density": 0.7633333333333333, "potts/J_mean_abs": 2.193800926208496, "potts/J_std": 1.7511482238769531, "_timestamp": 1773562337.4343264, "_runtime": 526.0650265216827, "_step": 21, "gt_scores/additive/std": 1.4607008917297066, "gt_scores/additive/min": -10.880603790283203, "gt_scores/additive/pct5": -7.648485493659973, "gt_scores/additive_pairwise/std": 55.736428906492776, "gt_scores/additive_pairwise/min": -391.4462890625, "gt_scores/additive_pairwise/pct5": -249.4571319580078, "gt_scores/nonlin_additive/std": 0.1329364744996366, "gt_scores/nonlin_additive/min": -0.8491222741790089, "gt_scores/nonlin_additive/pct5": -0.8226467537292117, "gt_scores/nonlin_additive_pairwise/std": 4.0512662247317e-06, "gt_scores/nonlin_additive_pairwise/min": -0.8524745773399738, "gt_scores/nonlin_additive_pairwise/pct5": -0.8524745773399738, "rho_curated/additive/additive": 0.9999976252239049, "rho_random/additive/additive": 0.999992103976859, "rho_curated/pairwise/additive": 0.9997158631246343, "rho_random/pairwise/additive": 0.9994263963736676, "rho_curated/additive_GE/additive": 0.999969742214789, "rho_random/additive_GE/additive": 0.9999326374028271, "rho_curated/pairwise_GE/additive": 0.9749201765008069, "rho_random/pairwise_GE/additive": 0.9603885433442416, "rho_curated/additive/additive_pairwise": 0.9819257923330316, "rho_random/additive/additive_pairwise": 0.9706929685725337, "rho_curated/pairwise/additive_pairwise": 0.9992686856987122, "rho_random/pairwise/additive_pairwise": 0.9987789722627963, "rho_curated/additive_GE/additive_pairwise": 0.982111830068473, "rho_random/additive_GE/additive_pairwise": 0.969396853933998, "rho_curated/pairwise_GE/additive_pairwise": 0.9745524744048774, "rho_random/pairwise_GE/additive_pairwise": 0.9606547501966954, "rho_curated/additive/nonlin_additive": 0.996994216911408, "rho_random/additive/nonlin_additive": 0.9970201673625411, "rho_curated/pairwise/nonlin_additive": 0.9944011035913722, "rho_random/pairwise/nonlin_additive": 0.9873489394636757, "rho_curated/additive_GE/nonlin_additive": 0.9999857567434293, "rho_random/additive_GE/nonlin_additive": 0.9999833764414078, "rho_curated/pairwise_GE/nonlin_additive": 0.9886404013607982, "rho_random/pairwise_GE/nonlin_additive": 0.9870346257788888, "rho_curated/additive/nonlin_additive_pairwise": NaN, "rho_random/additive/nonlin_additive_pairwise": 0.05429444815815309, "rho_curated/pairwise/nonlin_additive_pairwise": NaN, "rho_random/pairwise/nonlin_additive_pairwise": 0.0532429741746703, "rho_curated/additive_GE/nonlin_additive_pairwise": NaN, "rho_random/additive_GE/nonlin_additive_pairwise": NaN, "rho_curated/pairwise_GE/nonlin_additive_pairwise": NaN, "rho_random/pairwise_GE/nonlin_additive_pairwise": 0.0255694306870337, "rho_curated_mean": 0.9910403056813532, "rho_random_mean": 0.7975838125419994, "_wandb": {"runtime": 525}}