{"potts/n_edges": 170, "potts/edge_density": 0.8947368421052632, "potts/J_mean_abs": 3.9241979122161865, "potts/J_std": 3.344355821609497, "_timestamp": 1773433842.2998521, "_runtime": 505.07361221313477, "_step": 21, "gt_scores/additive/std": 1.2097035595556864, "gt_scores/additive/min": -8.994394302368164, "gt_scores/additive/pct5": -6.638693571090698, "gt_scores/additive_pairwise/std": 96.40877206663963, "gt_scores/additive_pairwise/min": -703.7296752929688, "gt_scores/additive_pairwise/pct5": -477.9282852172852, "gt_scores/nonlin_additive/std": 0.12780147869164835, "gt_scores/nonlin_additive/min": -0.8633649983358815, "gt_scores/nonlin_additive/pct5": -0.8409005929909275, "gt_scores/nonlin_additive_pairwise/std": 1.1102230246251565e-16, "gt_scores/nonlin_additive_pairwise/min": -0.8672038070001775, "gt_scores/nonlin_additive_pairwise/pct5": -0.8672038070001775, "rho_curated/additive/additive": 0.9999977025999081, "rho_random/additive/additive": 0.9999921577681957, "rho_curated/pairwise/additive": 0.9999436819097459, "rho_random/pairwise/additive": 0.9998618645436259, "rho_curated/additive_GE/additive": 0.9999823356632924, "rho_random/additive_GE/additive": 0.9999557433184686, "rho_curated/pairwise_GE/additive": 0.9992561656662464, "rho_random/pairwise_GE/additive": 0.9986877266877267, "rho_curated/additive/additive_pairwise": 0.9803592066703681, "rho_random/additive/additive_pairwise": 0.9664360247128804, "rho_curated/pairwise/additive_pairwise": 0.9999406434616243, "rho_random/pairwise/additive_pairwise": 0.9998835509261574, "rho_curated/additive_GE/additive_pairwise": 0.9803267153730685, "rho_random/additive_GE/additive_pairwise": 0.9659158727255213, "rho_curated/pairwise_GE/additive_pairwise": 0.9992950045077834, "rho_random/pairwise_GE/additive_pairwise": 0.9986503602565265, "rho_curated/additive/nonlin_additive": 0.9963064092119016, "rho_random/additive/nonlin_additive": 0.9965106784349986, "rho_curated/pairwise/nonlin_additive": 0.9982879509073536, "rho_random/pairwise/nonlin_additive": 0.995414609342753, "rho_curated/additive_GE/nonlin_additive": 0.9999925121916996, "rho_random/additive_GE/nonlin_additive": 0.9999886384316863, "rho_curated/pairwise_GE/nonlin_additive": 0.9975906202953356, "rho_random/pairwise_GE/nonlin_additive": 0.9975689551891852, "rho_curated/additive/nonlin_additive_pairwise": NaN, "rho_random/additive/nonlin_additive_pairwise": NaN, "rho_curated/pairwise/nonlin_additive_pairwise": NaN, "rho_random/pairwise/nonlin_additive_pairwise": NaN, "rho_curated/additive_GE/nonlin_additive_pairwise": NaN, "rho_random/additive_GE/nonlin_additive_pairwise": NaN, "rho_curated/pairwise_GE/nonlin_additive_pairwise": NaN, "rho_random/pairwise_GE/nonlin_additive_pairwise": NaN, "rho_curated_mean": 0.9959399123715275, "rho_random_mean": 0.9932388485281439, "_wandb": {"runtime": 504}}