{"potts/n_edges": 3683, "potts/edge_density": 0.7440404040404041, "potts/J_mean_abs": 3.3176093101501465, "potts/J_std": 2.7296297550201416, "_timestamp": 1773454832.0518107, "_runtime": 579.1171138286591, "_step": 21, "gt_scores/additive/std": 1.4613880390458585, "gt_scores/additive/min": -11.255273818969727, "gt_scores/additive/pct5": -6.664780235290527, "gt_scores/additive_pairwise/std": 117.03552887624996, "gt_scores/additive_pairwise/min": -926.65185546875, "gt_scores/additive_pairwise/pct5": -442.4097015380859, "gt_scores/nonlin_additive/std": 0.15053504055955275, "gt_scores/nonlin_additive/min": -0.8019886617597319, "gt_scores/nonlin_additive/pct5": -0.7627513127923603, "gt_scores/nonlin_additive_pairwise/std": 0.001520614480695214, "gt_scores/nonlin_additive_pairwise/min": -0.8038375591019028, "gt_scores/nonlin_additive_pairwise/pct5": -0.8038375591019028, "rho_curated/additive/additive": 0.9999930028717197, "rho_random/additive/additive": 0.999983878837336, "rho_curated/pairwise/additive": 0.9993538530861076, "rho_random/pairwise/additive": 0.99936571477543, "rho_curated/additive_GE/additive": 0.9999684954867382, "rho_random/additive_GE/additive": 0.9999289082026054, "rho_curated/pairwise_GE/additive": 0.9982639006743477, "rho_random/pairwise_GE/additive": 0.9974239409212716, "rho_curated/additive/additive_pairwise": 0.9790857071709264, "rho_random/additive/additive_pairwise": 0.9721198281752436, "rho_curated/pairwise/additive_pairwise": 0.973846214833221, "rho_random/pairwise/additive_pairwise": 0.9600681183266812, "rho_curated/additive_GE/additive_pairwise": 0.9805213592443869, "rho_random/additive_GE/additive_pairwise": 0.9649827227131345, "rho_curated/pairwise_GE/additive_pairwise": 0.9726545139141803, "rho_random/pairwise_GE/additive_pairwise": 0.9575190694520627, "rho_curated/additive/nonlin_additive": 0.9926268474088968, "rho_random/additive/nonlin_additive": 0.9922212439161594, "rho_curated/pairwise/nonlin_additive": 0.9913992861675588, "rho_random/pairwise/nonlin_additive": 0.9903932536844693, "rho_curated/additive_GE/nonlin_additive": 0.9999603795744124, "rho_random/additive_GE/nonlin_additive": 0.9999506571717331, "rho_curated/pairwise_GE/nonlin_additive": 0.9961988458637716, "rho_random/pairwise_GE/nonlin_additive": 0.9962198767401235, "rho_curated/additive/nonlin_additive_pairwise": NaN, "rho_random/additive/nonlin_additive_pairwise": 0.05359334919199182, "rho_curated/pairwise/nonlin_additive_pairwise": NaN, "rho_random/pairwise/nonlin_additive_pairwise": 0.02363632496757822, "rho_curated/additive_GE/nonlin_additive_pairwise": NaN, "rho_random/additive_GE/nonlin_additive_pairwise": -0.004161356437183071, "rho_curated/pairwise_GE/nonlin_additive_pairwise": NaN, "rho_random/pairwise_GE/nonlin_additive_pairwise": 0.058985729207318476, "rho_curated_mean": 0.9903227005246888, "rho_random_mean": 0.7476394537403722, "_wandb": {"runtime": 578}}