{"potts/n_edges": 375, "potts/edge_density": 0.8620689655172413, "potts/J_mean_abs": 4.0288472175598145, "potts/J_std": 3.3121917247772217, "_timestamp": 1773551924.19489, "_runtime": 405.38974690437317, "_step": 21, "gt_scores/additive/std": 1.3026329914510024, "gt_scores/additive/min": -9.520788192749023, "gt_scores/additive/pct5": -6.589263129234314, "gt_scores/additive_pairwise/std": 119.84587164562288, "gt_scores/additive_pairwise/min": -787.1055908203125, "gt_scores/additive_pairwise/pct5": -513.9155487060547, "gt_scores/nonlin_additive/std": 0.13748413835948767, "gt_scores/nonlin_additive/min": -0.8383537187280119, "gt_scores/nonlin_additive/pct5": -0.8091688078450335, "gt_scores/nonlin_additive_pairwise/std": 5.425165388762012e-09, "gt_scores/nonlin_additive_pairwise/min": -0.8419067452138076, "gt_scores/nonlin_additive_pairwise/pct5": -0.8419067452138076, "rho_curated/additive/additive": 0.9999973076558922, "rho_random/additive/additive": 0.9999903256587332, "rho_curated/pairwise/additive": 0.9992186383766893, "rho_random/pairwise/additive": 0.9986993659142842, "rho_curated/additive_GE/additive": 0.9999561403822437, "rho_random/additive_GE/additive": 0.9999022780407496, "rho_curated/pairwise_GE/additive": 0.9654420746871949, "rho_random/pairwise_GE/additive": 0.9531211300548127, "rho_curated/additive/additive_pairwise": 0.9834177468239137, "rho_random/additive/additive_pairwise": 0.9688879549590693, "rho_curated/pairwise/additive_pairwise": 0.992703750131975, "rho_random/pairwise/additive_pairwise": 0.986172606841678, "rho_curated/additive_GE/additive_pairwise": 0.9835654949586198, "rho_random/additive_GE/additive_pairwise": 0.9731308516175566, "rho_curated/pairwise_GE/additive_pairwise": 0.9547012284717005, "rho_random/pairwise_GE/additive_pairwise": 0.9379676999069259, "rho_curated/additive/nonlin_additive": 0.9960195756964008, "rho_random/additive/nonlin_additive": 0.9960111602490664, "rho_curated/pairwise/nonlin_additive": 0.9890523478165173, "rho_random/pairwise/nonlin_additive": 0.9822332543476707, "rho_curated/additive_GE/nonlin_additive": 0.9999838156713514, "rho_random/additive_GE/nonlin_additive": 0.9999789983091337, "rho_curated/pairwise_GE/nonlin_additive": 0.9800810465378077, "rho_random/pairwise_GE/nonlin_additive": 0.9757421987176897, "rho_curated/additive/nonlin_additive_pairwise": NaN, "rho_random/additive/nonlin_additive_pairwise": NaN, "rho_curated/pairwise/nonlin_additive_pairwise": NaN, "rho_random/pairwise/nonlin_additive_pairwise": NaN, "rho_curated/additive_GE/nonlin_additive_pairwise": NaN, "rho_random/additive_GE/nonlin_additive_pairwise": NaN, "rho_curated/pairwise_GE/nonlin_additive_pairwise": NaN, "rho_random/pairwise_GE/nonlin_additive_pairwise": NaN, "rho_curated_mean": 0.9870115972675256, "rho_random_mean": 0.9809864853847808, "_wandb": {"runtime": 405}}