{"potts/n_edges": 88, "potts/edge_density": 0.8380952380952381, "potts/J_mean_abs": 4.4430975914001465, "potts/J_std": 4.08343505859375, "_timestamp": 1773486878.2251208, "_runtime": 531.1593797206879, "_step": 21, "gt_scores/additive/std": 0.9557475539592777, "gt_scores/additive/min": -7.033940315246582, "gt_scores/additive/pct5": -5.159853672981262, "gt_scores/additive_pairwise/std": 57.1050932116728, "gt_scores/additive_pairwise/min": -478.0116271972656, "gt_scores/additive_pairwise/pct5": -408.7094390869141, "gt_scores/nonlin_additive/std": 0.1307311439252841, "gt_scores/nonlin_additive/min": -0.8613129322410867, "gt_scores/nonlin_additive/pct5": -0.8371371284084792, "gt_scores/nonlin_additive_pairwise/std": 1.1102230246251565e-16, "gt_scores/nonlin_additive_pairwise/min": -0.8653877661321029, "gt_scores/nonlin_additive_pairwise/pct5": -0.8653877661321029, "rho_curated/additive/additive": 0.9999985851759432, "rho_random/additive/additive": 0.9999956177547067, "rho_curated/pairwise/additive": 0.9999743417429723, "rho_random/pairwise/additive": 0.9999366352208768, "rho_curated/additive_GE/additive": 0.9999813360152514, "rho_random/additive_GE/additive": 0.9999597235881044, "rho_curated/pairwise_GE/additive": 0.9997427908856991, "rho_random/pairwise_GE/additive": 0.9994910935051704, "rho_curated/additive/additive_pairwise": 0.9416992279221744, "rho_random/additive/additive_pairwise": 0.9066947451645812, "rho_curated/pairwise/additive_pairwise": 0.9999677781747051, "rho_random/pairwise/additive_pairwise": 0.999935455826392, "rho_curated/additive_GE/additive_pairwise": NaN, "rho_random/additive_GE/additive_pairwise": NaN, "rho_curated/pairwise_GE/additive_pairwise": 0.9995928587756265, "rho_random/pairwise_GE/additive_pairwise": 0.9994639763668015, "rho_curated/additive/nonlin_additive": 0.9968125431444252, "rho_random/additive/nonlin_additive": 0.9975915315881034, "rho_curated/pairwise/nonlin_additive": 0.9991374664614572, "rho_random/pairwise/nonlin_additive": 0.9966612715435055, "rho_curated/additive_GE/nonlin_additive": 0.999986631591465, "rho_random/additive_GE/nonlin_additive": 0.9999847655069004, "rho_curated/pairwise_GE/nonlin_additive": 0.9995839921673497, "rho_random/pairwise_GE/nonlin_additive": 0.9995734158821851, "rho_curated/additive/nonlin_additive_pairwise": NaN, "rho_random/additive/nonlin_additive_pairwise": NaN, "rho_curated/pairwise/nonlin_additive_pairwise": NaN, "rho_random/pairwise/nonlin_additive_pairwise": NaN, "rho_curated/additive_GE/nonlin_additive_pairwise": NaN, "rho_random/additive_GE/nonlin_additive_pairwise": NaN, "rho_curated/pairwise_GE/nonlin_additive_pairwise": NaN, "rho_random/pairwise_GE/nonlin_additive_pairwise": NaN, "rho_curated_mean": 0.9942252320051882, "rho_random_mean": 0.9908443847224843, "_wandb": {"runtime": 530}}