{"potts/n_edges": 287, "potts/edge_density": 0.6597701149425287, "potts/J_mean_abs": 1.351850152015686, "potts/J_std": 3.2533791065216064, "_timestamp": 1773453727.617557, "_runtime": 545.9555630683899, "_step": 21, "gt_scores/additive/std": 1.0729940944949605, "gt_scores/additive/min": -6.946595668792725, "gt_scores/additive/pct5": -4.709865760803223, "gt_scores/additive_pairwise/std": 23.308153948268572, "gt_scores/additive_pairwise/min": -216.09747314453125, "gt_scores/additive_pairwise/pct5": -72.38220481872558, "gt_scores/nonlin_additive/std": 0.1581717190045135, "gt_scores/nonlin_additive/min": -0.7826526964144471, "gt_scores/nonlin_additive/pct5": -0.7441898438970552, "gt_scores/nonlin_additive_pairwise/std": 0.04129632816487468, "gt_scores/nonlin_additive_pairwise/min": -0.7883677805180209, "gt_scores/nonlin_additive_pairwise/pct5": -0.7883677805180209, "rho_curated/additive/additive": 0.9999970890638835, "rho_random/additive/additive": 0.9999924577479198, "rho_curated/pairwise/additive": 0.9991293412371527, "rho_random/pairwise/additive": 0.99864054052007, "rho_curated/additive_GE/additive": 0.9999556713982258, "rho_random/additive_GE/additive": 0.9999041669411884, "rho_curated/pairwise_GE/additive": 0.9719256106763506, "rho_random/pairwise_GE/additive": 0.9638620845042688, "rho_curated/additive/additive_pairwise": 0.6631216409912185, "rho_random/additive/additive_pairwise": 0.8347051349676837, "rho_curated/pairwise/additive_pairwise": 0.8067683211824989, "rho_random/pairwise/additive_pairwise": 0.8440508724372687, "rho_curated/additive_GE/additive_pairwise": 0.4876983631745722, "rho_random/additive_GE/additive_pairwise": 0.854457276936463, "rho_curated/pairwise_GE/additive_pairwise": 0.7386404401456286, "rho_random/pairwise_GE/additive_pairwise": 0.9155839185893089, "rho_curated/additive/nonlin_additive": 0.9980901649553774, "rho_random/additive/nonlin_additive": 0.9976240085809045, "rho_curated/pairwise/nonlin_additive": 0.9917605495420263, "rho_random/pairwise/nonlin_additive": 0.9869473528034816, "rho_curated/additive_GE/nonlin_additive": 0.999983771079349, "rho_random/additive_GE/nonlin_additive": 0.9999753542654902, "rho_curated/pairwise_GE/nonlin_additive": 0.9875570218536833, "rho_random/pairwise_GE/nonlin_additive": 0.9829564983350513, "rho_curated/additive/nonlin_additive_pairwise": 0.21831277768408106, "rho_random/additive/nonlin_additive_pairwise": 0.6448920938586502, "rho_curated/pairwise/nonlin_additive_pairwise": 0.2189222646541903, "rho_random/pairwise/nonlin_additive_pairwise": 0.4933083855132073, "rho_curated/additive_GE/nonlin_additive_pairwise": 0.24404646411762515, "rho_random/additive_GE/nonlin_additive_pairwise": 0.725849394525837, "rho_curated/pairwise_GE/nonlin_additive_pairwise": 0.28238246061694205, "rho_random/pairwise_GE/nonlin_additive_pairwise": 0.7233528744293908, "rho_curated_mean": 0.7255182470233004, "rho_random_mean": 0.8728814009347616, "_wandb": {"runtime": 545}}