{"potts/n_edges": 72, "potts/edge_density": 0.6857142857142857, "potts/J_mean_abs": 3.5089757442474365, "potts/J_std": 3.0251219272613525, "_timestamp": 1773625284.2566462, "_runtime": 517.316486120224, "_step": 21, "gt_scores/additive/std": 0.9354941049529601, "gt_scores/additive/min": -6.730696678161621, "gt_scores/additive/pct5": -5.088986277580261, "gt_scores/additive_pairwise/std": 38.51802901266565, "gt_scores/additive_pairwise/min": -355.21612548828125, "gt_scores/additive_pairwise/pct5": -284.5270309448242, "gt_scores/nonlin_additive/std": 0.12695859792178035, "gt_scores/nonlin_additive/min": -0.8594803927815321, "gt_scores/nonlin_additive/pct5": -0.8373509757801759, "gt_scores/nonlin_additive_pairwise/std": 1.1102230246251565e-16, "gt_scores/nonlin_additive_pairwise/min": -0.8642349522941661, "gt_scores/nonlin_additive_pairwise/pct5": -0.8642349522941661, "rho_curated/additive/additive": 0.9999978271119123, "rho_random/additive/additive": 0.9999927061387073, "rho_curated/pairwise/additive": 0.9999779832391135, "rho_random/pairwise/additive": 0.9999559050849713, "rho_curated/additive_GE/additive": 0.9999715443988537, "rho_random/additive_GE/additive": 0.9999135183959749, "rho_curated/pairwise_GE/additive": 0.9997604226543421, "rho_random/pairwise_GE/additive": 0.9996131524068642, "rho_curated/additive/additive_pairwise": 0.9342992569208165, "rho_random/additive/additive_pairwise": 0.8893038544255124, "rho_curated/pairwise/additive_pairwise": 0.9999676926387059, "rho_random/pairwise/additive_pairwise": 0.9999423690439438, "rho_curated/additive_GE/additive_pairwise": 0.9341629966946194, "rho_random/additive_GE/additive_pairwise": 0.8885843153892147, "rho_curated/pairwise_GE/additive_pairwise": 0.9996004853040098, "rho_random/pairwise_GE/additive_pairwise": 0.9994323269816868, "rho_curated/additive/nonlin_additive": 0.9957978557172921, "rho_random/additive/nonlin_additive": 0.994655925026847, "rho_curated/pairwise/nonlin_additive": 0.9992025940156445, "rho_random/pairwise/nonlin_additive": 0.9974117406961145, "rho_curated/additive_GE/nonlin_additive": 0.9999900002075938, "rho_random/additive_GE/nonlin_additive": 0.9999889454488736, "rho_curated/pairwise_GE/nonlin_additive": 0.9993539226857691, "rho_random/pairwise_GE/nonlin_additive": 0.9994282774613801, "rho_curated/additive/nonlin_additive_pairwise": NaN, "rho_random/additive/nonlin_additive_pairwise": NaN, "rho_curated/pairwise/nonlin_additive_pairwise": NaN, "rho_random/pairwise/nonlin_additive_pairwise": NaN, "rho_curated/additive_GE/nonlin_additive_pairwise": NaN, "rho_random/additive_GE/nonlin_additive_pairwise": NaN, "rho_curated/pairwise_GE/nonlin_additive_pairwise": NaN, "rho_random/pairwise_GE/nonlin_additive_pairwise": NaN, "rho_curated_mean": 0.9885068817990561, "rho_random_mean": 0.9806852530416742, "_wandb": {"runtime": 516}}