{"potts/n_edges": 270, "potts/edge_density": 0.9, "potts/J_mean_abs": 2.5164363384246826, "potts/J_std": 2.0980911254882812, "_timestamp": 1773519044.0053294, "_runtime": 411.67112946510315, "_step": 21, "gt_scores/additive/std": 1.1398200883094438, "gt_scores/additive/min": -9.020009994506836, "gt_scores/additive/pct5": -6.03385751247406, "gt_scores/additive_pairwise/std": 70.69492985781356, "gt_scores/additive_pairwise/min": -470.0568542480469, "gt_scores/additive_pairwise/pct5": -318.4446090698242, "gt_scores/nonlin_additive/std": 0.13291535666614748, "gt_scores/nonlin_additive/min": -0.8512857583768847, "gt_scores/nonlin_additive/pct5": -0.8249976913530378, "gt_scores/nonlin_additive_pairwise/std": 1.4848990746332439e-09, "gt_scores/nonlin_additive_pairwise/min": -0.853410595172368, "gt_scores/nonlin_additive_pairwise/pct5": -0.853410595172368, "rho_curated/additive/additive": 0.9999968137838723, "rho_random/additive/additive": 0.999991175675473, "rho_curated/pairwise/additive": 0.9997613417344305, "rho_random/pairwise/additive": 0.999554695576251, "rho_curated/additive_GE/additive": 0.999968854190751, "rho_random/additive_GE/additive": 0.9999287215349403, "rho_curated/pairwise_GE/additive": 0.9807811693103241, "rho_random/pairwise_GE/additive": 0.9676703694232612, "rho_curated/additive/additive_pairwise": 0.98192188426714, "rho_random/additive/additive_pairwise": 0.9708576378076884, "rho_curated/pairwise/additive_pairwise": 0.9993630901584778, "rho_random/pairwise/additive_pairwise": 0.9988079582588599, "rho_curated/additive_GE/additive_pairwise": 0.9821798864602018, "rho_random/additive_GE/additive_pairwise": 0.9696807816807818, "rho_curated/pairwise_GE/additive_pairwise": 0.979078058681114, "rho_random/pairwise_GE/additive_pairwise": 0.9703058306549788, "rho_curated/additive/nonlin_additive": 0.9963894444871446, "rho_random/additive/nonlin_additive": 0.9967029239076584, "rho_curated/pairwise/nonlin_additive": 0.994250446584914, "rho_random/pairwise/nonlin_additive": 0.9858668764581168, "rho_curated/additive_GE/nonlin_additive": 0.9999894401195766, "rho_random/additive_GE/nonlin_additive": 0.9999838396011884, "rho_curated/pairwise_GE/nonlin_additive": 0.9904572759533748, "rho_random/pairwise_GE/nonlin_additive": 0.988751974801048, "rho_curated/additive/nonlin_additive_pairwise": NaN, "rho_random/additive/nonlin_additive_pairwise": NaN, "rho_curated/pairwise/nonlin_additive_pairwise": NaN, "rho_random/pairwise/nonlin_additive_pairwise": NaN, "rho_curated/additive_GE/nonlin_additive_pairwise": NaN, "rho_random/additive_GE/nonlin_additive_pairwise": NaN, "rho_curated/pairwise_GE/nonlin_additive_pairwise": NaN, "rho_random/pairwise_GE/nonlin_additive_pairwise": NaN, "rho_curated_mean": 0.9920114754776103, "rho_random_mean": 0.9873418987816871, "_wandb": {"runtime": 411}}