{"potts/n_edges": 502, "potts/edge_density": 0.8436974789915966, "potts/J_mean_abs": 2.5799508094787598, "potts/J_std": 2.0519251823425293, "_timestamp": 1773533572.4493382, "_runtime": 504.66413021087646, "_step": 21, "gt_scores/additive/std": 1.2980668102345851, "gt_scores/additive/min": -10.26136302947998, "gt_scores/additive/pct5": -6.319049310684204, "gt_scores/additive_pairwise/std": 88.35995720706748, "gt_scores/additive_pairwise/min": -629.2488403320312, "gt_scores/additive_pairwise/pct5": -369.448046875, "gt_scores/nonlin_additive/std": 0.14330294331091115, "gt_scores/nonlin_additive/min": -0.8247283449624246, "gt_scores/nonlin_additive/pct5": -0.7911553785664509, "gt_scores/nonlin_additive_pairwise/std": 0.00024423254218182145, "gt_scores/nonlin_additive_pairwise/min": -0.8264821477501916, "gt_scores/nonlin_additive_pairwise/pct5": -0.8264821477501916, "rho_curated/additive/additive": 0.9999966873038673, "rho_random/additive/additive": 0.9999912636791767, "rho_curated/pairwise/additive": 0.9989578561183141, "rho_random/pairwise/additive": 0.9983397561384542, "rho_curated/additive_GE/additive": 0.9999586887023454, "rho_random/additive_GE/additive": 0.9999094890222853, "rho_curated/pairwise_GE/additive": 0.9585647814586135, "rho_random/pairwise_GE/additive": 0.9233423080795956, "rho_curated/additive/additive_pairwise": 0.987000323231701, "rho_random/additive/additive_pairwise": 0.9788860841759013, "rho_curated/pairwise/additive_pairwise": 0.98687949942655, "rho_random/pairwise/additive_pairwise": 0.9784978439382104, "rho_curated/additive_GE/additive_pairwise": 0.9873298974119795, "rho_random/additive_GE/additive_pairwise": 0.9791400220741656, "rho_curated/pairwise_GE/additive_pairwise": 0.9464449304699413, "rho_random/pairwise_GE/additive_pairwise": 0.9230968651216265, "rho_curated/additive/nonlin_additive": 0.9967723410547386, "rho_random/additive/nonlin_additive": 0.996658632204345, "rho_curated/pairwise/nonlin_additive": 0.9873585854783433, "rho_random/pairwise/nonlin_additive": 0.9812281702535978, "rho_curated/additive_GE/nonlin_additive": 0.9999837460953482, "rho_random/additive_GE/nonlin_additive": 0.999977727977728, "rho_curated/pairwise_GE/nonlin_additive": 0.9790566133382644, "rho_random/pairwise_GE/nonlin_additive": 0.9752339622959472, "rho_curated/additive/nonlin_additive_pairwise": NaN, "rho_random/additive/nonlin_additive_pairwise": NaN, "rho_curated/pairwise/nonlin_additive_pairwise": NaN, "rho_random/pairwise/nonlin_additive_pairwise": 0.07540104347971731, "rho_curated/additive_GE/nonlin_additive_pairwise": NaN, "rho_random/additive_GE/nonlin_additive_pairwise": NaN, "rho_curated/pairwise_GE/nonlin_additive_pairwise": NaN, "rho_random/pairwise_GE/nonlin_additive_pairwise": 0.03470150273266734, "rho_curated_mean": 0.9856919958408338, "rho_random_mean": 0.8460289050838156, "_wandb": {"runtime": 504}}