{"potts/n_edges": 70, "potts/edge_density": 0.6666666666666666, "potts/J_mean_abs": 3.3448479175567627, "potts/J_std": 2.8961362838745117, "_timestamp": 1773524259.2879183, "_runtime": 527.2058222293854, "_step": 21, "gt_scores/additive/std": 0.9557475539592777, "gt_scores/additive/min": -7.033940315246582, "gt_scores/additive/pct5": -5.159853672981262, "gt_scores/additive_pairwise/std": 37.46936609976122, "gt_scores/additive_pairwise/min": -319.899169921875, "gt_scores/additive_pairwise/pct5": -265.6099426269531, "gt_scores/nonlin_additive/std": 0.1307311439252841, "gt_scores/nonlin_additive/min": -0.8613129322410867, "gt_scores/nonlin_additive/pct5": -0.8371371284084792, "gt_scores/nonlin_additive_pairwise/std": 1.1102230246251565e-16, "gt_scores/nonlin_additive_pairwise/min": -0.8653877661321029, "gt_scores/nonlin_additive_pairwise/pct5": -0.8653877661321029, "rho_curated/additive/additive": 0.9999985101999402, "rho_random/additive/additive": 0.9999953607091188, "rho_curated/pairwise/additive": 0.9999775854151018, "rho_random/pairwise/additive": 0.9999488099243333, "rho_curated/additive_GE/additive": 0.9999695425587805, "rho_random/additive_GE/additive": 0.9999389945926794, "rho_curated/pairwise_GE/additive": 0.9997660718226372, "rho_random/pairwise_GE/additive": 0.9995187976273758, "rho_curated/additive/additive_pairwise": 0.9463345956242318, "rho_random/additive/additive_pairwise": 0.8934662248865869, "rho_curated/pairwise/additive_pairwise": 0.9999698226147908, "rho_random/pairwise/additive_pairwise": 0.9999365799365799, "rho_curated/additive_GE/additive_pairwise": 0.9465234763265218, "rho_random/additive_GE/additive_pairwise": 0.9048734300296764, "rho_curated/pairwise_GE/additive_pairwise": 0.9995246899889533, "rho_random/pairwise_GE/additive_pairwise": 0.9991969332974274, "rho_curated/additive/nonlin_additive": 0.9959529107017282, "rho_random/additive/nonlin_additive": 0.9968491960746605, "rho_curated/pairwise/nonlin_additive": 0.9990979706918105, "rho_random/pairwise/nonlin_additive": 0.9977361368946615, "rho_curated/additive_GE/nonlin_additive": 0.9999938411437533, "rho_random/additive_GE/nonlin_additive": 0.999992435852718, "rho_curated/pairwise_GE/nonlin_additive": 0.9996413730256207, "rho_random/pairwise_GE/nonlin_additive": 0.9996203845006727, "rho_curated/additive/nonlin_additive_pairwise": NaN, "rho_random/additive/nonlin_additive_pairwise": NaN, "rho_curated/pairwise/nonlin_additive_pairwise": NaN, "rho_random/pairwise/nonlin_additive_pairwise": NaN, "rho_curated/additive_GE/nonlin_additive_pairwise": NaN, "rho_random/additive_GE/nonlin_additive_pairwise": NaN, "rho_curated/pairwise_GE/nonlin_additive_pairwise": NaN, "rho_random/pairwise_GE/nonlin_additive_pairwise": NaN, "rho_curated_mean": 0.9905625325094892, "rho_random_mean": 0.9825894403605409, "_wandb": {"runtime": 526}}