{"potts/n_edges": 94, "potts/edge_density": 0.31333333333333335, "potts/J_mean_abs": 0.6377763152122498, "potts/J_std": 0.5597835183143616, "_timestamp": 1773510919.2963097, "_runtime": 399.66687273979187, "_step": 21, "gt_scores/additive/std": 0.6676039999817215, "gt_scores/additive/min": -4.087254047393799, "gt_scores/additive/pct5": -2.0393558144569397, "gt_scores/additive_pairwise/std": 1.1489665839830212, "gt_scores/additive_pairwise/min": -9.796154022216797, "gt_scores/additive_pairwise/pct5": -3.323772394657135, "gt_scores/nonlin_additive/std": 0.18754184861222123, "gt_scores/nonlin_additive/min": -0.629496582942021, "gt_scores/nonlin_additive/pct5": -0.5580032467690561, "gt_scores/nonlin_additive_pairwise/std": 0.21772201147801826, "gt_scores/nonlin_additive_pairwise/min": -0.6332692364500828, "gt_scores/nonlin_additive_pairwise/pct5": -0.6215234962523017, "rho_curated/additive/additive": 0.9999963582801213, "rho_random/additive/additive": 0.9999863991823764, "rho_curated/pairwise/additive": 0.9985782239242792, "rho_random/pairwise/additive": 0.9990145214971274, "rho_curated/additive_GE/additive": 0.9998981251511786, "rho_random/additive_GE/additive": 0.9997772638065613, "rho_curated/pairwise_GE/additive": 0.9891975881193379, "rho_random/pairwise_GE/additive": 0.9873919470811682, "rho_curated/additive/additive_pairwise": 0.8216257600460591, "rho_random/additive/additive_pairwise": 0.8479932906919083, "rho_curated/pairwise/additive_pairwise": 0.8752068861805209, "rho_random/pairwise/additive_pairwise": 0.8980699078158395, "rho_curated/additive_GE/additive_pairwise": 0.7368965642396341, "rho_random/additive_GE/additive_pairwise": 0.8346271194699025, "rho_curated/pairwise_GE/additive_pairwise": 0.8782110062714891, "rho_random/pairwise_GE/additive_pairwise": 0.8999657079839533, "rho_curated/additive/nonlin_additive": 0.9961721747527413, "rho_random/additive/nonlin_additive": 0.993633700213474, "rho_curated/pairwise/nonlin_additive": 0.9933596708860619, "rho_random/pairwise/nonlin_additive": 0.9901749317081556, "rho_curated/additive_GE/nonlin_additive": 0.9973120371479334, "rho_random/additive_GE/nonlin_additive": 0.995852875348329, "rho_curated/pairwise_GE/nonlin_additive": 0.9941404617985728, "rho_random/pairwise_GE/nonlin_additive": 0.9920315218381242, "rho_curated/additive/nonlin_additive_pairwise": 0.8969362944761291, "rho_random/additive/nonlin_additive_pairwise": 0.8782812786860074, "rho_curated/pairwise/nonlin_additive_pairwise": 0.9196475688270028, "rho_random/pairwise/nonlin_additive_pairwise": 0.8982676724668281, "rho_curated/additive_GE/nonlin_additive_pairwise": 0.9077880735378785, "rho_random/additive_GE/nonlin_additive_pairwise": 0.8462357604876188, "rho_curated/pairwise_GE/nonlin_additive_pairwise": 0.9273850932033055, "rho_random/pairwise_GE/nonlin_additive_pairwise": 0.8871148947610861, "rho_curated_mean": 0.9332719929276403, "rho_random_mean": 0.9342761745649037, "_wandb": {"runtime": 399}}