{"potts/n_edges": 157, "potts/edge_density": 0.8263157894736842, "potts/J_mean_abs": 2.342034101486206, "potts/J_std": 1.9737733602523804, "_timestamp": 1773569510.2868378, "_runtime": 513.751898765564, "_step": 21, "gt_scores/additive/std": 1.210202704410808, "gt_scores/additive/min": -8.911455154418945, "gt_scores/additive/pct5": -6.663809275627136, "gt_scores/additive_pairwise/std": 50.715679741123395, "gt_scores/additive_pairwise/min": -344.7480773925781, "gt_scores/additive_pairwise/pct5": -249.66877212524415, "gt_scores/nonlin_additive/std": 0.125785236402486, "gt_scores/nonlin_additive/min": -0.8664681453126024, "gt_scores/nonlin_additive/pct5": -0.8440971430509998, "gt_scores/nonlin_additive_pairwise/std": 7.771001090890322e-09, "gt_scores/nonlin_additive_pairwise/min": -0.8707194432537088, "gt_scores/nonlin_additive_pairwise/pct5": -0.8707194432537088, "rho_curated/additive/additive": 0.9999968817278749, "rho_random/additive/additive": 0.999992394086031, "rho_curated/pairwise/additive": 0.9999486718699468, "rho_random/pairwise/additive": 0.9998940824592125, "rho_curated/additive_GE/additive": 0.999983208471328, "rho_random/additive_GE/additive": 0.999964234699936, "rho_curated/pairwise_GE/additive": 0.9993513928460402, "rho_random/pairwise_GE/additive": 0.9989561459530145, "rho_curated/additive/additive_pairwise": 0.9766910237225224, "rho_random/additive/additive_pairwise": 0.9573801421400144, "rho_curated/pairwise/additive_pairwise": 0.9999412178776443, "rho_random/pairwise/additive_pairwise": 0.9998837136038029, "rho_curated/additive_GE/additive_pairwise": 0.9766398177044716, "rho_random/additive_GE/additive_pairwise": 0.9587147867177905, "rho_curated/pairwise_GE/additive_pairwise": 0.9990860434594198, "rho_random/pairwise_GE/additive_pairwise": 0.9985042965394002, "rho_curated/additive/nonlin_additive": 0.9943299924050636, "rho_random/additive/nonlin_additive": 0.9952401237953283, "rho_curated/pairwise/nonlin_additive": 0.9981956099438243, "rho_random/pairwise/nonlin_additive": 0.9931108090876731, "rho_curated/additive_GE/nonlin_additive": 0.9999886391435447, "rho_random/additive_GE/nonlin_additive": 0.9999867334904144, "rho_curated/pairwise_GE/nonlin_additive": 0.9978563464822024, "rho_random/pairwise_GE/nonlin_additive": 0.997955658304484, "rho_curated/additive/nonlin_additive_pairwise": NaN, "rho_random/additive/nonlin_additive_pairwise": NaN, "rho_curated/pairwise/nonlin_additive_pairwise": NaN, "rho_random/pairwise/nonlin_additive_pairwise": NaN, "rho_curated/additive_GE/nonlin_additive_pairwise": NaN, "rho_random/additive_GE/nonlin_additive_pairwise": NaN, "rho_curated/pairwise_GE/nonlin_additive_pairwise": NaN, "rho_random/pairwise_GE/nonlin_additive_pairwise": NaN, "rho_curated_mean": 0.9951674038044902, "rho_random_mean": 0.9916319267397585, "_wandb": {"runtime": 513}}