{"potts/n_edges": 281, "potts/edge_density": 0.9366666666666666, "potts/J_mean_abs": 3.0841729640960693, "potts/J_std": 2.4280030727386475, "_timestamp": 1773682494.6633668, "_runtime": 535.4574477672577, "_step": 21, "gt_scores/additive/std": 1.1692382790629163, "gt_scores/additive/min": -8.865388870239258, "gt_scores/additive/pct5": -6.260699653625488, "gt_scores/additive_pairwise/std": 89.1783268331975, "gt_scores/additive_pairwise/min": -625.4541015625, "gt_scores/additive_pairwise/pct5": -400.0665802001953, "gt_scores/nonlin_additive/std": 0.1299774051589443, "gt_scores/nonlin_additive/min": -0.8570875160669313, "gt_scores/nonlin_additive/pct5": -0.8319475404672109, "gt_scores/nonlin_additive_pairwise/std": 1.2286793629861373e-07, "gt_scores/nonlin_additive_pairwise/min": -0.8602126915025169, "gt_scores/nonlin_additive_pairwise/pct5": -0.8602126915025169, "rho_curated/additive/additive": 0.9999973448078936, "rho_random/additive/additive": 0.999992302819358, "rho_curated/pairwise/additive": 0.9997334817893329, "rho_random/pairwise/additive": 0.9994422522782783, "rho_curated/additive_GE/additive": 0.9999584855423385, "rho_random/additive_GE/additive": 0.9999042543772909, "rho_curated/pairwise_GE/additive": 0.9825333909493356, "rho_random/pairwise_GE/additive": 0.9682999277301856, "rho_curated/additive/additive_pairwise": 0.9836813575552542, "rho_random/additive/additive_pairwise": 0.971000481867414, "rho_curated/pairwise/additive_pairwise": 0.9995060872042316, "rho_random/pairwise/additive_pairwise": 0.9991564271066506, "rho_curated/additive_GE/additive_pairwise": 0.9839105961564238, "rho_random/additive_GE/additive_pairwise": 0.9716962008798676, "rho_curated/pairwise_GE/additive_pairwise": 0.9765451830618073, "rho_random/pairwise_GE/additive_pairwise": 0.962502487382915, "rho_curated/additive/nonlin_additive": 0.9961863973992726, "rho_random/additive/nonlin_additive": 0.9967970547573086, "rho_curated/pairwise/nonlin_additive": 0.9938726034346099, "rho_random/pairwise/nonlin_additive": 0.9865442082358035, "rho_curated/additive_GE/nonlin_additive": 0.9999866071834629, "rho_random/additive_GE/nonlin_additive": 0.9999845443073333, "rho_curated/pairwise_GE/nonlin_additive": 0.9898343081208842, "rho_random/pairwise_GE/nonlin_additive": 0.9893005654106205, "rho_curated/additive/nonlin_additive_pairwise": NaN, "rho_random/additive/nonlin_additive_pairwise": NaN, "rho_curated/pairwise/nonlin_additive_pairwise": NaN, "rho_random/pairwise/nonlin_additive_pairwise": NaN, "rho_curated/additive_GE/nonlin_additive_pairwise": NaN, "rho_random/additive_GE/nonlin_additive_pairwise": NaN, "rho_curated/pairwise_GE/nonlin_additive_pairwise": NaN, "rho_random/pairwise_GE/nonlin_additive_pairwise": NaN, "rho_curated_mean": 0.9921454869337372, "rho_random_mean": 0.9870517255960854, "_wandb": {"runtime": 535}}