{"potts/n_edges": 110, "potts/edge_density": 0.36666666666666664, "potts/J_mean_abs": 5.865658760070801, "potts/J_std": 8.833535194396973, "_timestamp": 1773560082.1954272, "_runtime": 523.0060381889343, "_step": 21, "gt_scores/additive/std": 1.3248437107940993, "gt_scores/additive/min": -8.832763671875, "gt_scores/additive/pct5": -6.012066531181335, "gt_scores/additive_pairwise/std": 57.960003478683525, "gt_scores/additive_pairwise/min": -415.133544921875, "gt_scores/additive_pairwise/pct5": -197.9430389404297, "gt_scores/nonlin_additive/std": 0.15375831462288475, "gt_scores/nonlin_additive/min": -0.7960807527928047, "gt_scores/nonlin_additive/pct5": -0.7598627144532697, "gt_scores/nonlin_additive_pairwise/std": 0.03139486799992979, "gt_scores/nonlin_additive_pairwise/min": -0.8011811168353298, "gt_scores/nonlin_additive_pairwise/pct5": -0.8011811168353298, "rho_curated/additive/additive": 0.999997776831911, "rho_random/additive/additive": 0.9999920273975399, "rho_curated/pairwise/additive": 0.9997178472527005, "rho_random/pairwise/additive": 0.9995260082539025, "rho_curated/additive_GE/additive": 0.9999858188554324, "rho_random/additive_GE/additive": 0.9999670647531557, "rho_curated/pairwise_GE/additive": 0.9781799982301527, "rho_random/pairwise_GE/additive": 0.9673324421610755, "rho_curated/additive/additive_pairwise": 0.8363711903229205, "rho_random/additive/additive_pairwise": 0.8399342737615118, "rho_curated/pairwise/additive_pairwise": 0.9825572185334516, "rho_random/pairwise/additive_pairwise": 0.9705675051395635, "rho_curated/additive_GE/additive_pairwise": 0.7966182262389667, "rho_random/additive_GE/additive_pairwise": 0.8503375523468352, "rho_curated/pairwise_GE/additive_pairwise": 0.9680000557744664, "rho_random/pairwise_GE/additive_pairwise": 0.9514577366569976, "rho_curated/additive/nonlin_additive": 0.9981888892714688, "rho_random/additive/nonlin_additive": 0.9978032497758419, "rho_curated/pairwise/nonlin_additive": 0.9956905760034163, "rho_random/pairwise/nonlin_additive": 0.991987570094576, "rho_curated/additive_GE/nonlin_additive": 0.9999804672872173, "rho_random/additive_GE/nonlin_additive": 0.999969141993119, "rho_curated/pairwise_GE/nonlin_additive": 0.992263700705991, "rho_random/pairwise_GE/nonlin_additive": 0.9877883723802862, "rho_curated/additive/nonlin_additive_pairwise": 0.1379073866972969, "rho_random/additive/nonlin_additive_pairwise": 0.4401585788767196, "rho_curated/pairwise/nonlin_additive_pairwise": 0.10176339815483318, "rho_random/pairwise/nonlin_additive_pairwise": 0.4100392513024093, "rho_curated/additive_GE/nonlin_additive_pairwise": NaN, "rho_random/additive_GE/nonlin_additive_pairwise": NaN, "rho_curated/pairwise_GE/nonlin_additive_pairwise": 0.18239659267098488, "rho_random/pairwise_GE/nonlin_additive_pairwise": 0.44170819778124665, "rho_curated_mean": 0.7979746095220807, "rho_random_mean": 0.8565712648449854, "_wandb": {"runtime": 522}}