{"potts/n_edges": 71, "potts/edge_density": 0.6761904761904762, "potts/J_mean_abs": 4.158636569976807, "potts/J_std": 3.513869285583496, "_timestamp": 1773507817.7084532, "_runtime": 529.2179911136627, "_step": 21, "gt_scores/additive/std": 0.7770162874764199, "gt_scores/additive/min": -5.525506973266602, "gt_scores/additive/pct5": -4.092422103881836, "gt_scores/additive_pairwise/std": 37.143965308335666, "gt_scores/additive_pairwise/min": -340.21868896484375, "gt_scores/additive_pairwise/pct5": -256.90257568359374, "gt_scores/nonlin_additive/std": 0.13179785214960515, "gt_scores/nonlin_additive/min": -0.851066460422529, "gt_scores/nonlin_additive/pct5": -0.8261551473383105, "gt_scores/nonlin_additive_pairwise/std": 2.220446049250313e-16, "gt_scores/nonlin_additive_pairwise/min": -0.8558889585984598, "gt_scores/nonlin_additive_pairwise/pct5": -0.8558889585984598, "rho_curated/additive/additive": 0.9999986387439453, "rho_random/additive/additive": 0.9999952043334842, "rho_curated/pairwise/additive": 0.9999760026150373, "rho_random/pairwise/additive": 0.9999453276716282, "rho_curated/additive_GE/additive": 0.9999910551276409, "rho_random/additive_GE/additive": 0.999975746747123, "rho_curated/pairwise_GE/additive": 0.9995372949814364, "rho_random/pairwise_GE/additive": 0.9992310428697173, "rho_curated/additive/additive_pairwise": 0.9066085124313751, "rho_random/additive/additive_pairwise": 0.8510158003212671, "rho_curated/pairwise/additive_pairwise": 0.9999672388226888, "rho_random/pairwise/additive_pairwise": 0.9999415427047643, "rho_curated/additive_GE/additive_pairwise": NaN, "rho_random/additive_GE/additive_pairwise": NaN, "rho_curated/pairwise_GE/additive_pairwise": 0.9995672051746571, "rho_random/pairwise_GE/additive_pairwise": 0.9993275062616767, "rho_curated/additive/nonlin_additive": 0.996661653937745, "rho_random/additive/nonlin_additive": 0.9970237020273801, "rho_curated/pairwise/nonlin_additive": 0.9992611494103043, "rho_random/pairwise/nonlin_additive": 0.9975930737409032, "rho_curated/additive_GE/nonlin_additive": 0.9999906011916221, "rho_random/additive_GE/nonlin_additive": 0.9999856431204495, "rho_curated/pairwise_GE/nonlin_additive": 0.999734258093313, "rho_random/pairwise_GE/nonlin_additive": 0.9997446283733998, "rho_curated/additive/nonlin_additive_pairwise": NaN, "rho_random/additive/nonlin_additive_pairwise": NaN, "rho_curated/pairwise/nonlin_additive_pairwise": NaN, "rho_random/pairwise/nonlin_additive_pairwise": NaN, "rho_curated/additive_GE/nonlin_additive_pairwise": NaN, "rho_random/additive_GE/nonlin_additive_pairwise": NaN, "rho_curated/pairwise_GE/nonlin_additive_pairwise": NaN, "rho_random/pairwise_GE/nonlin_additive_pairwise": NaN, "rho_curated_mean": 0.9910266918663422, "rho_random_mean": 0.9857981107428903, "_wandb": {"runtime": 528}}