{"potts/n_edges": 71, "potts/edge_density": 0.6761904761904762, "potts/J_mean_abs": 2.953007221221924, "potts/J_std": 2.597487211227417, "_timestamp": 1773441654.7264192, "_runtime": 548.5475952625275, "_step": 21, "gt_scores/additive/std": 0.9354941049529601, "gt_scores/additive/min": -6.730696678161621, "gt_scores/additive/pct5": -5.088986277580261, "gt_scores/additive_pairwise/std": 27.789995807994636, "gt_scores/additive_pairwise/min": -239.78701782226562, "gt_scores/additive_pairwise/pct5": -198.1836814880371, "gt_scores/nonlin_additive/std": 0.12695859792178035, "gt_scores/nonlin_additive/min": -0.8594803927815321, "gt_scores/nonlin_additive/pct5": -0.8373509757801759, "gt_scores/nonlin_additive_pairwise/std": 1.1102230246251565e-16, "gt_scores/nonlin_additive_pairwise/min": -0.8642349522941661, "gt_scores/nonlin_additive_pairwise/pct5": -0.8642349522941661, "rho_curated/additive/additive": 0.9999979894479188, "rho_random/additive/additive": 0.9999945859012112, "rho_curated/pairwise/additive": 0.9999779294791112, "rho_random/pairwise/additive": 0.9999561999562001, "rho_curated/additive_GE/additive": NaN, "rho_random/additive_GE/additive": NaN, "rho_curated/pairwise_GE/additive": 0.9997507351499635, "rho_random/pairwise_GE/additive": 0.9995431741751826, "rho_curated/additive/additive_pairwise": 0.9116869705406425, "rho_random/additive/additive_pairwise": 0.8503518321611452, "rho_curated/pairwise/additive_pairwise": 0.9999681581187241, "rho_random/pairwise/additive_pairwise": 0.9999372799653359, "rho_curated/additive_GE/additive_pairwise": 0.9105306158904882, "rho_random/additive_GE/additive_pairwise": 0.8479324827375938, "rho_curated/pairwise_GE/additive_pairwise": 0.9996788792911321, "rho_random/pairwise_GE/additive_pairwise": 0.9995075225553163, "rho_curated/additive/nonlin_additive": 0.9959863691982989, "rho_random/additive/nonlin_additive": 0.994917671282931, "rho_curated/pairwise/nonlin_additive": 0.9991957319596171, "rho_random/pairwise/nonlin_additive": 0.9978621582363009, "rho_curated/additive_GE/nonlin_additive": 0.9999900881676009, "rho_random/additive_GE/nonlin_additive": 0.9999895308237988, "rho_curated/pairwise_GE/nonlin_additive": 0.9995787734630399, "rho_random/pairwise_GE/nonlin_additive": 0.9996242640671499, "rho_curated/additive/nonlin_additive_pairwise": NaN, "rho_random/additive/nonlin_additive_pairwise": NaN, "rho_curated/pairwise/nonlin_additive_pairwise": NaN, "rho_random/pairwise/nonlin_additive_pairwise": NaN, "rho_curated/additive_GE/nonlin_additive_pairwise": NaN, "rho_random/additive_GE/nonlin_additive_pairwise": NaN, "rho_curated/pairwise_GE/nonlin_additive_pairwise": NaN, "rho_random/pairwise_GE/nonlin_additive_pairwise": NaN, "rho_curated_mean": 0.9833038400642309, "rho_random_mean": 0.971783336532924, "_wandb": {"runtime": 548}}