{"potts/n_edges": 108, "potts/edge_density": 0.5684210526315789, "potts/J_mean_abs": 2.54618763923645, "potts/J_std": 2.1674835681915283, "_timestamp": 1773374196.6074626, "_runtime": 467.3473856449127, "_step": 21, "gt_scores/additive/std": 1.210202704410808, "gt_scores/additive/min": -8.911455154418945, "gt_scores/additive/pct5": -6.663809275627136, "gt_scores/additive_pairwise/std": 37.65186377622294, "gt_scores/additive_pairwise/min": -266.90728759765625, "gt_scores/additive_pairwise/pct5": -179.26326522827148, "gt_scores/nonlin_additive/std": 0.125785236402486, "gt_scores/nonlin_additive/min": -0.8664681453126024, "gt_scores/nonlin_additive/pct5": -0.8440971430509998, "gt_scores/nonlin_additive_pairwise/std": 2.7550101984181797e-09, "gt_scores/nonlin_additive_pairwise/min": -0.8707194432537088, "gt_scores/nonlin_additive_pairwise/pct5": -0.8707194432537088, "rho_curated/additive/additive": 0.9999974726078988, "rho_random/additive/additive": 0.99999243693811, "rho_curated/pairwise/additive": 0.9999462897018503, "rho_random/pairwise/additive": 0.9999002105536083, "rho_curated/additive_GE/additive": 0.9999813610232534, "rho_random/additive_GE/additive": 0.9999574162795731, "rho_curated/pairwise_GE/additive": 0.999105231196166, "rho_random/pairwise_GE/additive": 0.9986905706584234, "rho_curated/additive/additive_pairwise": 0.9617573524524583, "rho_random/additive/additive_pairwise": 0.9327604119303561, "rho_curated/pairwise/additive_pairwise": 0.9999338728933547, "rho_random/pairwise/additive_pairwise": 0.9998504495696415, "rho_curated/additive_GE/additive_pairwise": 0.9618196031020352, "rho_random/additive_GE/additive_pairwise": 0.9308961286479231, "rho_curated/pairwise_GE/additive_pairwise": 0.9921136886281688, "rho_random/pairwise_GE/additive_pairwise": 0.9880064817832687, "rho_curated/additive/nonlin_additive": 0.9954280391047923, "rho_random/additive/nonlin_additive": 0.9959652370862168, "rho_curated/pairwise/nonlin_additive": 0.9978774661709965, "rho_random/pairwise/nonlin_additive": 0.9941795149704354, "rho_curated/additive_GE/nonlin_additive": 0.9999879891035187, "rho_random/additive_GE/nonlin_additive": 0.9999855755949667, "rho_curated/pairwise_GE/nonlin_additive": 0.9981381034693901, "rho_random/pairwise_GE/nonlin_additive": 0.9982744582609673, "rho_curated/additive/nonlin_additive_pairwise": NaN, "rho_random/additive/nonlin_additive_pairwise": NaN, "rho_curated/pairwise/nonlin_additive_pairwise": NaN, "rho_random/pairwise/nonlin_additive_pairwise": NaN, "rho_curated/additive_GE/nonlin_additive_pairwise": NaN, "rho_random/additive_GE/nonlin_additive_pairwise": NaN, "rho_curated/pairwise_GE/nonlin_additive_pairwise": NaN, "rho_random/pairwise_GE/nonlin_additive_pairwise": NaN, "rho_curated_mean": 0.9921738724544902, "rho_random_mean": 0.9865382410227909, "_wandb": {"runtime": 466}}