{"potts/n_edges": 413, "potts/edge_density": 0.6941176470588235, "potts/J_mean_abs": 3.1532480716705322, "potts/J_std": 2.57214093208313, "_timestamp": 1773481977.94743, "_runtime": 513.7803709506989, "_step": 21, "gt_scores/additive/std": 1.2980668102345851, "gt_scores/additive/min": -10.26136302947998, "gt_scores/additive/pct5": -6.319049310684204, "gt_scores/additive_pairwise/std": 85.10293796612139, "gt_scores/additive_pairwise/min": -605.5726318359375, "gt_scores/additive_pairwise/pct5": -348.2125564575195, "gt_scores/nonlin_additive/std": 0.14330294331091115, "gt_scores/nonlin_additive/min": -0.8247283449624246, "gt_scores/nonlin_additive/pct5": -0.7911553785664509, "gt_scores/nonlin_additive_pairwise/std": 5.941734227540713e-06, "gt_scores/nonlin_additive_pairwise/min": -0.8264821477501916, "gt_scores/nonlin_additive_pairwise/pct5": -0.8264821477501916, "rho_curated/additive/additive": 0.9999973297598929, "rho_random/additive/additive": 0.999989774760982, "rho_curated/pairwise/additive": 0.9989404359815411, "rho_random/pairwise/additive": 0.9983496662279057, "rho_curated/additive_GE/additive": 0.9999794446951764, "rho_random/additive_GE/additive": 0.999957316576217, "rho_curated/pairwise_GE/additive": 0.9627421066181073, "rho_random/pairwise_GE/additive": 0.9367918127535265, "rho_curated/additive/additive_pairwise": 0.9803612275664488, "rho_random/additive/additive_pairwise": 0.9688348344126402, "rho_curated/pairwise/additive_pairwise": 0.9854200818808031, "rho_random/pairwise/additive_pairwise": 0.9769753414097698, "rho_curated/additive_GE/additive_pairwise": 0.9804190109287604, "rho_random/additive_GE/additive_pairwise": 0.9668157855501479, "rho_curated/pairwise_GE/additive_pairwise": 0.9507577490291281, "rho_random/pairwise_GE/additive_pairwise": 0.9388379937364231, "rho_curated/additive/nonlin_additive": 0.9962480360978314, "rho_random/additive/nonlin_additive": 0.9960314280976108, "rho_curated/pairwise/nonlin_additive": 0.9872491918413557, "rho_random/pairwise/nonlin_additive": 0.9820384298036595, "rho_curated/additive_GE/nonlin_additive": 0.9999873926314947, "rho_random/additive_GE/nonlin_additive": 0.9999819781939954, "rho_curated/pairwise_GE/nonlin_additive": 0.9773605111658772, "rho_random/pairwise_GE/nonlin_additive": 0.9754395267997004, "rho_curated/additive/nonlin_additive_pairwise": NaN, "rho_random/additive/nonlin_additive_pairwise": NaN, "rho_curated/pairwise/nonlin_additive_pairwise": NaN, "rho_random/pairwise/nonlin_additive_pairwise": 0.09036390179361145, "rho_curated/additive_GE/nonlin_additive_pairwise": NaN, "rho_random/additive_GE/nonlin_additive_pairwise": NaN, "rho_curated/pairwise_GE/nonlin_additive_pairwise": NaN, "rho_random/pairwise_GE/nonlin_additive_pairwise": 0.07729570737904591, "rho_curated_mean": 0.9849552098497014, "rho_random_mean": 0.8505502498210884, "_wandb": {"runtime": 513}}