{"potts/n_edges": 166, "potts/edge_density": 0.8736842105263158, "potts/J_mean_abs": 4.189125061035156, "potts/J_std": 3.3253238201141357, "_timestamp": 1773646882.7859468, "_runtime": 502.4999158382416, "_step": 21, "gt_scores/additive/std": 1.210202704410808, "gt_scores/additive/min": -8.911455154418945, "gt_scores/additive/pct5": -6.663809275627136, "gt_scores/additive_pairwise/std": 100.79153491790667, "gt_scores/additive_pairwise/min": -690.1004028320312, "gt_scores/additive_pairwise/pct5": -502.5079574584961, "gt_scores/nonlin_additive/std": 0.125785236402486, "gt_scores/nonlin_additive/min": -0.8664681453126024, "gt_scores/nonlin_additive/pct5": -0.8440971430509998, "gt_scores/nonlin_additive_pairwise/std": 0.0, "gt_scores/nonlin_additive_pairwise/min": -0.8707194432537088, "gt_scores/nonlin_additive_pairwise/pct5": -0.8707194432537088, "rho_curated/additive/additive": 0.9999972543278899, "rho_random/additive/additive": 0.9999924736460483, "rho_curated/pairwise/additive": 0.9999504391580164, "rho_random/pairwise/additive": 0.9998930425139604, "rho_curated/additive_GE/additive": NaN, "rho_random/additive_GE/additive": NaN, "rho_curated/pairwise_GE/additive": 0.9991165743406418, "rho_random/pairwise_GE/additive": 0.9985685206310753, "rho_curated/additive/additive_pairwise": 0.9821005136840204, "rho_random/additive/additive_pairwise": 0.9648074971561899, "rho_curated/pairwise/additive_pairwise": 0.9999425141417003, "rho_random/pairwise/additive_pairwise": 0.9998854791547626, "rho_curated/additive_GE/additive_pairwise": 0.9820325765933029, "rho_random/additive_GE/additive_pairwise": 0.9717278781848102, "rho_curated/pairwise_GE/additive_pairwise": 0.9990253344250132, "rho_random/pairwise_GE/additive_pairwise": 0.9984415767640337, "rho_curated/additive/nonlin_additive": 0.9948341137692407, "rho_random/additive/nonlin_additive": 0.9949792600851747, "rho_curated/pairwise/nonlin_additive": 0.9981264790210143, "rho_random/pairwise/nonlin_additive": 0.9940943408821239, "rho_curated/additive_GE/nonlin_additive": 0.9999854968954197, "rho_random/additive_GE/nonlin_additive": 0.9999841470526468, "rho_curated/pairwise_GE/nonlin_additive": 0.9980795594749059, "rho_random/pairwise_GE/nonlin_additive": 0.9982213748857354, "rho_curated/additive/nonlin_additive_pairwise": NaN, "rho_random/additive/nonlin_additive_pairwise": NaN, "rho_curated/pairwise/nonlin_additive_pairwise": NaN, "rho_random/pairwise/nonlin_additive_pairwise": NaN, "rho_curated/additive_GE/nonlin_additive_pairwise": NaN, "rho_random/additive_GE/nonlin_additive_pairwise": NaN, "rho_curated/pairwise_GE/nonlin_additive_pairwise": NaN, "rho_random/pairwise_GE/nonlin_additive_pairwise": NaN, "rho_curated_mean": 0.9957446232573787, "rho_random_mean": 0.9927814173596873, "_wandb": {"runtime": 501}}