{"potts/n_edges": 178, "potts/edge_density": 0.9368421052631579, "potts/J_mean_abs": 3.087358236312866, "potts/J_std": 2.535674571990967, "_timestamp": 1773656233.779155, "_runtime": 610.9568068981171, "_step": 21, "gt_scores/additive/std": 1.3328169946638528, "gt_scores/additive/min": -8.54687213897705, "gt_scores/additive/pct5": -5.66396427154541, "gt_scores/additive_pairwise/std": 58.84942922814203, "gt_scores/additive_pairwise/min": -417.685302734375, "gt_scores/additive_pairwise/pct5": -232.10129470825194, "gt_scores/nonlin_additive/std": 0.16085671890946024, "gt_scores/nonlin_additive/min": -0.7713287382205405, "gt_scores/nonlin_additive/pct5": -0.7296449659409056, "gt_scores/nonlin_additive_pairwise/std": 0.002165912269145828, "gt_scores/nonlin_additive_pairwise/min": -0.7770133472475471, "gt_scores/nonlin_additive_pairwise/pct5": -0.7770133472475471, "rho_curated/additive/additive": 0.9999979179279167, "rho_random/additive/additive": 0.999993854595, "rho_curated/pairwise/additive": 0.999936213349441, "rho_random/pairwise/additive": 0.9998677861259646, "rho_curated/additive_GE/additive": 0.9999689793027556, "rho_random/additive_GE/additive": 0.9999290861545388, "rho_curated/pairwise_GE/additive": 0.9928348978243641, "rho_random/pairwise_GE/additive": 0.9875148271818307, "rho_curated/additive/additive_pairwise": 0.9781703143502886, "rho_random/additive/additive_pairwise": 0.968883937364296, "rho_curated/pairwise/additive_pairwise": 0.999933915013355, "rho_random/pairwise/additive_pairwise": 0.9998692408016926, "rho_curated/additive_GE/additive_pairwise": 0.9782550184891571, "rho_random/additive_GE/additive_pairwise": 0.9690735930735931, "rho_curated/pairwise_GE/additive_pairwise": 0.9978061460881407, "rho_random/pairwise_GE/additive_pairwise": 0.9973669198671504, "rho_curated/additive/nonlin_additive": 0.9974414866170453, "rho_random/additive/nonlin_additive": 0.9964040340226584, "rho_curated/pairwise/nonlin_additive": 0.9988347680090832, "rho_random/pairwise/nonlin_additive": 0.9981822733944147, "rho_curated/additive_GE/nonlin_additive": 0.9999938934877544, "rho_random/additive_GE/nonlin_additive": 0.9999902947783157, "rho_curated/pairwise_GE/nonlin_additive": 0.999063642794276, "rho_random/pairwise_GE/nonlin_additive": 0.9987570018003948, "rho_curated/additive/nonlin_additive_pairwise": NaN, "rho_random/additive/nonlin_additive_pairwise": 0.162198922089692, "rho_curated/pairwise/nonlin_additive_pairwise": NaN, "rho_random/pairwise/nonlin_additive_pairwise": 0.17595508868598883, "rho_curated/additive_GE/nonlin_additive_pairwise": NaN, "rho_random/additive_GE/nonlin_additive_pairwise": 0.03658380475583534, "rho_curated/pairwise_GE/nonlin_additive_pairwise": NaN, "rho_random/pairwise_GE/nonlin_additive_pairwise": 0.1862013519756926, "rho_curated_mean": 0.9951864327711314, "rho_random_mean": 0.7797982510416912, "_wandb": {"runtime": 610}}