{"potts/n_edges": 562, "potts/edge_density": 0.9445378151260504, "potts/J_mean_abs": 3.1729536056518555, "potts/J_std": 6.992196083068848, "_timestamp": 1773389456.6684568, "_runtime": 487.4143416881561, "_step": 21, "gt_scores/additive/std": 1.2980668102345851, "gt_scores/additive/min": -10.26136302947998, "gt_scores/additive/pct5": -6.319049310684204, "gt_scores/additive_pairwise/std": 109.64300146771802, "gt_scores/additive_pairwise/min": -780.4051513671875, "gt_scores/additive_pairwise/pct5": -427.5657424926758, "gt_scores/nonlin_additive/std": 0.14330294331091115, "gt_scores/nonlin_additive/min": -0.8247283449624246, "gt_scores/nonlin_additive/pct5": -0.7911553785664509, "gt_scores/nonlin_additive_pairwise/std": 0.0014504446005118169, "gt_scores/nonlin_additive_pairwise/min": -0.8264821477501916, "gt_scores/nonlin_additive_pairwise/pct5": -0.8264821477501916, "rho_curated/additive/additive": 0.9999967055438681, "rho_random/additive/additive": 0.999989428249242, "rho_curated/pairwise/additive": 0.9989005204039679, "rho_random/pairwise/additive": 0.9982017778894742, "rho_curated/additive_GE/additive": 0.9999736279349449, "rho_random/additive_GE/additive": 0.9999446032282353, "rho_curated/pairwise_GE/additive": 0.9627945451819958, "rho_random/pairwise_GE/additive": 0.9429794291424649, "rho_curated/additive/additive_pairwise": 0.8696687401036216, "rho_random/additive/additive_pairwise": 0.894473061742447, "rho_curated/pairwise/additive_pairwise": 0.9165110513864384, "rho_random/pairwise/additive_pairwise": 0.8986187633157129, "rho_curated/additive_GE/additive_pairwise": 0.8287035237401408, "rho_random/additive_GE/additive_pairwise": 0.8987931845494601, "rho_curated/pairwise_GE/additive_pairwise": 0.8889166630606685, "rho_random/pairwise_GE/additive_pairwise": 0.8852478658452896, "rho_curated/additive/nonlin_additive": 0.9964526938257673, "rho_random/additive/nonlin_additive": 0.9962252830263141, "rho_curated/pairwise/nonlin_additive": 0.9872531601442908, "rho_random/pairwise/nonlin_additive": 0.9819849863377222, "rho_curated/additive_GE/nonlin_additive": 0.9999863218234515, "rho_random/additive_GE/nonlin_additive": 0.999979211497534, "rho_curated/pairwise_GE/nonlin_additive": 0.9785452863312369, "rho_random/pairwise_GE/nonlin_additive": 0.9714990154250984, "rho_curated/additive/nonlin_additive_pairwise": NaN, "rho_random/additive/nonlin_additive_pairwise": 0.09115754726979618, "rho_curated/pairwise/nonlin_additive_pairwise": NaN, "rho_random/pairwise/nonlin_additive_pairwise": 0.05775659064881566, "rho_curated/additive_GE/nonlin_additive_pairwise": NaN, "rho_random/additive_GE/nonlin_additive_pairwise": 0.03547086882304061, "rho_curated/pairwise_GE/nonlin_additive_pairwise": NaN, "rho_random/pairwise_GE/nonlin_additive_pairwise": -0.025335633301663576, "rho_curated_mean": 0.9523085699566994, "rho_random_mean": 0.7266866239805615, "_wandb": {"runtime": 487}}