{"potts/n_edges": 155, "potts/edge_density": 0.3563218390804598, "potts/J_mean_abs": 6.196225643157959, "potts/J_std": 19.98546600341797, "_timestamp": 1773544395.1106784, "_runtime": 508.17640948295593, "_step": 21, "gt_scores/additive/std": 1.3026329914510024, "gt_scores/additive/min": -9.520788192749023, "gt_scores/additive/pct5": -6.589263129234314, "gt_scores/additive_pairwise/std": 127.09968868128917, "gt_scores/additive_pairwise/min": -1128.591064453125, "gt_scores/additive_pairwise/pct5": -377.1288131713867, "gt_scores/nonlin_additive/std": 0.13748413835948767, "gt_scores/nonlin_additive/min": -0.8383537187280119, "gt_scores/nonlin_additive/pct5": -0.8091688078450335, "gt_scores/nonlin_additive_pairwise/std": 0.009550072674852111, "gt_scores/nonlin_additive_pairwise/min": -0.8419067452138076, "gt_scores/nonlin_additive_pairwise/pct5": -0.8419067452138076, "rho_curated/additive/additive": 0.9999965667278625, "rho_random/additive/additive": 0.9999901122380239, "rho_curated/pairwise/additive": 0.9991638802865151, "rho_random/pairwise/additive": 0.998656500480971, "rho_curated/additive_GE/additive": 0.9999601554624052, "rho_random/additive_GE/additive": 0.9999095040099019, "rho_curated/pairwise_GE/additive": 0.9675272461307518, "rho_random/pairwise_GE/additive": 0.9517441707391461, "rho_curated/additive/additive_pairwise": 0.633460530903456, "rho_random/additive/additive_pairwise": 0.7395180235248277, "rho_curated/pairwise/additive_pairwise": 0.8099655154214555, "rho_random/pairwise/additive_pairwise": 0.7133548731457708, "rho_curated/additive_GE/additive_pairwise": 0.1972782110940981, "rho_random/additive_GE/additive_pairwise": 0.8103497515239756, "rho_curated/pairwise_GE/additive_pairwise": 0.661305701360456, "rho_random/pairwise_GE/additive_pairwise": 0.8468768435936008, "rho_curated/additive/nonlin_additive": 0.996162952158426, "rho_random/additive/nonlin_additive": 0.9958971467486297, "rho_curated/pairwise/nonlin_additive": 0.9889552486616799, "rho_random/pairwise/nonlin_additive": 0.9805068862251693, "rho_curated/additive_GE/nonlin_additive": 0.9999789257911551, "rho_random/additive_GE/nonlin_additive": 0.9999713322682556, "rho_curated/pairwise_GE/nonlin_additive": 0.9815956543433846, "rho_random/pairwise_GE/nonlin_additive": 0.9752296440127972, "rho_curated/additive/nonlin_additive_pairwise": NaN, "rho_random/additive/nonlin_additive_pairwise": 0.09998225611974787, "rho_curated/pairwise/nonlin_additive_pairwise": NaN, "rho_random/pairwise/nonlin_additive_pairwise": 0.12428854667771386, "rho_curated/additive_GE/nonlin_additive_pairwise": NaN, "rho_random/additive_GE/nonlin_additive_pairwise": -0.024201838179131893, "rho_curated/pairwise_GE/nonlin_additive_pairwise": NaN, "rho_random/pairwise_GE/nonlin_additive_pairwise": 0.08134245571357193, "rho_curated_mean": 0.8529458823618038, "rho_random_mean": 0.7058385130526856, "_wandb": {"runtime": 507}}