{"potts/n_edges": 135, "potts/edge_density": 0.7105263157894737, "potts/J_mean_abs": 3.8463664054870605, "potts/J_std": 3.201380491256714, "_timestamp": 1773580210.3688476, "_runtime": 455.7714376449585, "_step": 21, "gt_scores/additive/std": 1.426379881017352, "gt_scores/additive/min": -10.008467674255371, "gt_scores/additive/pct5": -7.166622185707093, "gt_scores/additive_pairwise/std": 71.70928411090475, "gt_scores/additive_pairwise/min": -493.79730224609375, "gt_scores/additive_pairwise/pct5": -350.2554214477539, "gt_scores/nonlin_additive/std": 0.13946177757028871, "gt_scores/nonlin_additive/min": -0.8313426784103302, "gt_scores/nonlin_additive/pct5": -0.8034810610065, "gt_scores/nonlin_additive_pairwise/std": 4.621359698980166e-14, "gt_scores/nonlin_additive_pairwise/min": -0.8358896588447285, "gt_scores/nonlin_additive_pairwise/pct5": -0.8358896588447285, "rho_curated/additive/additive": 0.9999978844239151, "rho_random/additive/additive": 0.999994129865031, "rho_curated/pairwise/additive": 0.9999460000218361, "rho_random/pairwise/additive": 0.9998762303562072, "rho_curated/additive_GE/additive": 0.9999877736315103, "rho_random/additive_GE/additive": 0.9999629722396153, "rho_curated/pairwise_GE/additive": 0.9991648280945128, "rho_random/pairwise_GE/additive": 0.9987623243463584, "rho_curated/additive/additive_pairwise": 0.9732629231753085, "rho_random/additive/additive_pairwise": 0.9535175941686462, "rho_curated/pairwise/additive_pairwise": 0.9999373559174911, "rho_random/pairwise/additive_pairwise": 0.9998728773680504, "rho_curated/additive_GE/additive_pairwise": 0.9729513699961073, "rho_random/additive_GE/additive_pairwise": 0.9534264697696556, "rho_curated/pairwise_GE/additive_pairwise": 0.9903275009881713, "rho_random/pairwise_GE/additive_pairwise": 0.982987936124553, "rho_curated/additive/nonlin_additive": 0.9967114069719828, "rho_random/additive/nonlin_additive": 0.9957233835355882, "rho_curated/pairwise/nonlin_additive": 0.9985101706122639, "rho_random/pairwise/nonlin_additive": 0.9971973960144973, "rho_curated/additive_GE/nonlin_additive": 0.9999834428073364, "rho_random/additive_GE/nonlin_additive": 0.9999758826960927, "rho_curated/pairwise_GE/nonlin_additive": 0.9984821497951404, "rho_random/pairwise_GE/nonlin_additive": 0.9985480629603848, "rho_curated/additive/nonlin_additive_pairwise": NaN, "rho_random/additive/nonlin_additive_pairwise": NaN, "rho_curated/pairwise/nonlin_additive_pairwise": NaN, "rho_random/pairwise/nonlin_additive_pairwise": NaN, "rho_curated/additive_GE/nonlin_additive_pairwise": NaN, "rho_random/additive_GE/nonlin_additive_pairwise": NaN, "rho_curated/pairwise_GE/nonlin_additive_pairwise": NaN, "rho_random/pairwise_GE/nonlin_additive_pairwise": NaN, "rho_curated_mean": 0.9941052338696313, "rho_random_mean": 0.9899871049537236, "_wandb": {"runtime": 455}}