{"potts/n_edges": 2909, "potts/edge_density": 0.9205696202531646, "potts/J_mean_abs": 4.233025074005127, "potts/J_std": 3.4574294090270996, "_timestamp": 1773485431.9706385, "_runtime": 568.7549633979797, "_step": 21, "gt_scores/additive/std": 1.497112104825569, "gt_scores/additive/min": -13.01795768737793, "gt_scores/additive/pct5": -6.25950858592987, "gt_scores/additive_pairwise/std": 91.57274750614057, "gt_scores/additive_pairwise/min": -650.0055541992188, "gt_scores/additive_pairwise/pct5": -322.5901626586914, "gt_scores/nonlin_additive/std": 0.16254647909860126, "gt_scores/nonlin_additive/min": -0.7687478410583604, "gt_scores/nonlin_additive/pct5": -0.7208141282310386, "gt_scores/nonlin_additive_pairwise/std": 0.025045584516109828, "gt_scores/nonlin_additive_pairwise/min": -0.7693056228832517, "gt_scores/nonlin_additive_pairwise/pct5": -0.7693056228832517, "rho_curated/additive/additive": 0.9999945510877816, "rho_random/additive/additive": 0.9999861196357269, "rho_curated/pairwise/additive": 0.9993807156151839, "rho_random/pairwise/additive": 0.9995166845305608, "rho_curated/additive_GE/additive": 0.9999620498544819, "rho_random/additive_GE/additive": 0.9999174199842721, "rho_curated/pairwise_GE/additive": 0.9974092869923092, "rho_random/pairwise_GE/additive": 0.9959039276518129, "rho_curated/additive/additive_pairwise": 0.9698291892557196, "rho_random/additive/additive_pairwise": 0.9522201748051073, "rho_curated/pairwise/additive_pairwise": 0.9615452138288857, "rho_random/pairwise/additive_pairwise": 0.9508504686435695, "rho_curated/additive_GE/additive_pairwise": 0.9709359980680451, "rho_random/additive_GE/additive_pairwise": 0.9557373463427112, "rho_curated/pairwise_GE/additive_pairwise": 0.9558919460415608, "rho_random/pairwise_GE/additive_pairwise": 0.9451386341542678, "rho_curated/additive/nonlin_additive": 0.9951669927504478, "rho_random/additive/nonlin_additive": 0.9937814284682918, "rho_curated/pairwise/nonlin_additive": 0.9943982290396604, "rho_random/pairwise/nonlin_additive": 0.993178806444223, "rho_curated/additive_GE/nonlin_additive": 0.999970395254815, "rho_random/additive_GE/nonlin_additive": 0.9999560723303312, "rho_curated/pairwise_GE/nonlin_additive": 0.9968065390401084, "rho_random/pairwise_GE/nonlin_additive": 0.996354709088877, "rho_curated/additive/nonlin_additive_pairwise": 0.11465946594659465, "rho_random/additive/nonlin_additive_pairwise": 0.3453421887786385, "rho_curated/pairwise/nonlin_additive_pairwise": 0.04874887488748875, "rho_random/pairwise/nonlin_additive_pairwise": 0.2762228546460308, "rho_curated/additive_GE/nonlin_additive_pairwise": 0.15333379338140835, "rho_random/additive_GE/nonlin_additive_pairwise": 0.1955651204827507, "rho_curated/pairwise_GE/nonlin_additive_pairwise": -0.001830188509424707, "rho_random/pairwise_GE/nonlin_additive_pairwise": 0.29620546271015386, "rho_curated_mean": 0.7597626907834416, "rho_random_mean": 0.8059923386685828, "_wandb": {"runtime": 568}}