{"potts/n_edges": 271, "potts/edge_density": 0.9033333333333333, "potts/J_mean_abs": 3.214589834213257, "potts/J_std": 2.5656867027282715, "_timestamp": 1773446173.6427124, "_runtime": 535.8248043060303, "_step": 21, "gt_scores/additive/std": 1.0845397655127298, "gt_scores/additive/min": -7.869518280029297, "gt_scores/additive/pct5": -4.928722500801086, "gt_scores/additive_pairwise/std": 69.65503670677683, "gt_scores/additive_pairwise/min": -502.3721923828125, "gt_scores/additive_pairwise/pct5": -266.0445388793945, "gt_scores/nonlin_additive/std": 0.1521633644541054, "gt_scores/nonlin_additive/min": -0.7983750201741924, "gt_scores/nonlin_additive/pct5": -0.7601459147927325, "gt_scores/nonlin_additive_pairwise/std": 0.009513603305209091, "gt_scores/nonlin_additive_pairwise/min": -0.8012119156418135, "gt_scores/nonlin_additive_pairwise/pct5": -0.8012119156418135, "rho_curated/additive/additive": 0.9999982397439294, "rho_random/additive/additive": 0.9999937290407408, "rho_curated/pairwise/additive": 0.9997495801499712, "rho_random/pairwise/additive": 0.9994880775695586, "rho_curated/additive_GE/additive": 0.9999854218234168, "rho_random/additive_GE/additive": 0.9999644199644202, "rho_curated/pairwise_GE/additive": 0.9817038399157144, "rho_random/pairwise_GE/additive": 0.9739007312501882, "rho_curated/additive/additive_pairwise": 0.9826293169371726, "rho_random/additive/additive_pairwise": 0.9724498522943943, "rho_curated/pairwise/additive_pairwise": 0.9990884422355375, "rho_random/pairwise/additive_pairwise": 0.998432261748317, "rho_curated/additive_GE/additive_pairwise": 0.9828039760801589, "rho_random/additive_GE/additive_pairwise": 0.9686792218991898, "rho_curated/pairwise_GE/additive_pairwise": 0.9767942190952119, "rho_random/pairwise_GE/additive_pairwise": 0.9743382748552065, "rho_curated/additive/nonlin_additive": 0.9979274544530484, "rho_random/additive/nonlin_additive": 0.9972554934257578, "rho_curated/pairwise/nonlin_additive": 0.9961753815189235, "rho_random/pairwise/nonlin_additive": 0.9927578494703715, "rho_curated/additive_GE/nonlin_additive": 0.999990209007608, "rho_random/additive_GE/nonlin_additive": 0.9999855036219196, "rho_curated/pairwise_GE/nonlin_additive": 0.9920952557634309, "rho_random/pairwise_GE/nonlin_additive": 0.9893242398945844, "rho_curated/additive/nonlin_additive_pairwise": NaN, "rho_random/additive/nonlin_additive_pairwise": 0.15289889830431275, "rho_curated/pairwise/nonlin_additive_pairwise": NaN, "rho_random/pairwise/nonlin_additive_pairwise": 0.15663512710854416, "rho_curated/additive_GE/nonlin_additive_pairwise": NaN, "rho_random/additive_GE/nonlin_additive_pairwise": 0.05073475430306257, "rho_curated/pairwise_GE/nonlin_additive_pairwise": NaN, "rho_random/pairwise_GE/nonlin_additive_pairwise": 0.16216278853741825, "rho_curated_mean": 0.9924117780603438, "rho_random_mean": 0.7743125764554991, "_wandb": {"runtime": 535}}