{"potts/n_edges": 84, "potts/edge_density": 0.8, "potts/J_mean_abs": 4.520334243774414, "potts/J_std": 4.271841526031494, "_timestamp": 1773375835.420762, "_runtime": 526.9274981021881, "_step": 21, "gt_scores/additive/std": 0.7770162874764199, "gt_scores/additive/min": -5.525506973266602, "gt_scores/additive/pct5": -4.092422103881836, "gt_scores/additive_pairwise/std": 52.5424512643276, "gt_scores/additive_pairwise/min": -447.8809509277344, "gt_scores/additive_pairwise/pct5": -362.54107055664065, "gt_scores/nonlin_additive/std": 0.13179785214960515, "gt_scores/nonlin_additive/min": -0.851066460422529, "gt_scores/nonlin_additive/pct5": -0.8261551473383105, "gt_scores/nonlin_additive_pairwise/std": 2.220446049250313e-16, "gt_scores/nonlin_additive_pairwise/min": -0.8558889585984598, "gt_scores/nonlin_additive_pairwise/pct5": -0.8558889585984598, "rho_curated/additive/additive": 0.9999981439599256, "rho_random/additive/additive": 0.9999943135907287, "rho_curated/pairwise/additive": 0.999976384239052, "rho_random/pairwise/additive": 0.9999462581067043, "rho_curated/additive_GE/additive": 0.999986382543454, "rho_random/additive_GE/additive": 0.9999675468534067, "rho_curated/pairwise_GE/additive": 0.9993440536696991, "rho_random/pairwise_GE/additive": 0.9989779583780541, "rho_curated/additive/additive_pairwise": 0.918631159989341, "rho_random/additive/additive_pairwise": 0.8618406566418816, "rho_curated/pairwise/additive_pairwise": 0.999974390918975, "rho_random/pairwise/additive_pairwise": 0.9999365776999019, "rho_curated/additive_GE/additive_pairwise": 0.9172746298230146, "rho_random/additive_GE/additive_pairwise": 0.8788427111882606, "rho_curated/pairwise_GE/additive_pairwise": 0.9995845154393608, "rho_random/pairwise_GE/additive_pairwise": 0.9993978272259111, "rho_curated/additive/nonlin_additive": 0.9965410515091441, "rho_random/additive/nonlin_additive": 0.9969682547492092, "rho_curated/pairwise/nonlin_additive": 0.9993122809084087, "rho_random/pairwise/nonlin_additive": 0.9982652813569909, "rho_curated/additive_GE/nonlin_additive": 0.9999940328797609, "rho_random/additive_GE/nonlin_additive": 0.9999908781540542, "rho_curated/pairwise_GE/nonlin_additive": 0.9997280582690768, "rho_random/pairwise_GE/nonlin_additive": 0.9997155915183127, "rho_curated/additive/nonlin_additive_pairwise": NaN, "rho_random/additive/nonlin_additive_pairwise": NaN, "rho_curated/pairwise/nonlin_additive_pairwise": NaN, "rho_random/pairwise/nonlin_additive_pairwise": NaN, "rho_curated/additive_GE/nonlin_additive_pairwise": NaN, "rho_random/additive_GE/nonlin_additive_pairwise": NaN, "rho_curated/pairwise_GE/nonlin_additive_pairwise": NaN, "rho_random/pairwise_GE/nonlin_additive_pairwise": NaN, "rho_curated_mean": 0.9858620903457677, "rho_random_mean": 0.977820321288618, "_wandb": {"runtime": 526}}