{"potts/n_edges": 93, "potts/edge_density": 0.8857142857142857, "potts/J_mean_abs": 3.411717653274536, "potts/J_std": 2.687225341796875, "_timestamp": 1773571699.1039622, "_runtime": 521.9573142528534, "_step": 21, "gt_scores/additive/std": 0.9557475539592777, "gt_scores/additive/min": -7.033940315246582, "gt_scores/additive/pct5": -5.159853672981262, "gt_scores/additive_pairwise/std": 40.15464714173352, "gt_scores/additive_pairwise/min": -342.697021484375, "gt_scores/additive_pairwise/pct5": -282.68658447265625, "gt_scores/nonlin_additive/std": 0.1307311439252841, "gt_scores/nonlin_additive/min": -0.8613129322410867, "gt_scores/nonlin_additive/pct5": -0.8371371284084792, "gt_scores/nonlin_additive_pairwise/std": 1.1102230246251565e-16, "gt_scores/nonlin_additive_pairwise/min": -0.8653877661321029, "gt_scores/nonlin_additive_pairwise/pct5": -0.8653877661321029, "rho_curated/additive/additive": 0.9999986237439451, "rho_random/additive/additive": 0.9999954074135691, "rho_curated/pairwise/additive": 0.9999777475111084, "rho_random/pairwise/additive": 0.9999513945086026, "rho_curated/additive_GE/additive": 0.999986438703457, "rho_random/additive_GE/additive": 0.9999678672106523, "rho_curated/pairwise_GE/additive": 0.9997887829515413, "rho_random/pairwise_GE/additive": 0.9996022168000406, "rho_curated/additive/additive_pairwise": 0.9335673043410978, "rho_random/additive/additive_pairwise": 0.907469125338394, "rho_curated/pairwise/additive_pairwise": 0.9999687005907463, "rho_random/pairwise/additive_pairwise": 0.9999435509202027, "rho_curated/additive_GE/additive_pairwise": 0.9332245702377775, "rho_random/additive_GE/additive_pairwise": 0.8949070609270454, "rho_curated/pairwise_GE/additive_pairwise": 0.9995254073729933, "rho_random/pairwise_GE/additive_pairwise": 0.9993921883050172, "rho_curated/additive/nonlin_additive": 0.9965506727497786, "rho_random/additive/nonlin_additive": 0.9968654577274878, "rho_curated/pairwise/nonlin_additive": 0.9992397520655537, "rho_random/pairwise/nonlin_additive": 0.9957242220946178, "rho_curated/additive_GE/nonlin_additive": 0.9999936579757462, "rho_random/additive_GE/nonlin_additive": 0.9999931369222685, "rho_curated/pairwise_GE/nonlin_additive": 0.9995874928554699, "rho_random/pairwise_GE/nonlin_additive": 0.9996712938818129, "rho_curated/additive/nonlin_additive_pairwise": NaN, "rho_random/additive/nonlin_additive_pairwise": NaN, "rho_curated/pairwise/nonlin_additive_pairwise": NaN, "rho_random/pairwise/nonlin_additive_pairwise": NaN, "rho_curated/additive_GE/nonlin_additive_pairwise": NaN, "rho_random/additive_GE/nonlin_additive_pairwise": NaN, "rho_curated/pairwise_GE/nonlin_additive_pairwise": NaN, "rho_random/pairwise_GE/nonlin_additive_pairwise": NaN, "rho_curated_mean": 0.9884507625916014, "rho_random_mean": 0.9827902435041426, "_wandb": {"runtime": 521}}