{"potts/n_edges": 146, "potts/edge_density": 0.7684210526315789, "potts/J_mean_abs": 2.8435170650482178, "potts/J_std": 2.274512529373169, "_timestamp": 1773498917.3240926, "_runtime": 461.22202467918396, "_step": 21, "gt_scores/additive/std": 1.210202704410808, "gt_scores/additive/min": -8.911455154418945, "gt_scores/additive/pct5": -6.663809275627136, "gt_scores/additive_pairwise/std": 58.857949046976955, "gt_scores/additive_pairwise/min": -412.3597717285156, "gt_scores/additive_pairwise/pct5": -292.4208190917969, "gt_scores/nonlin_additive/std": 0.125785236402486, "gt_scores/nonlin_additive/min": -0.8664681453126024, "gt_scores/nonlin_additive/pct5": -0.8440971430509998, "gt_scores/nonlin_additive_pairwise/std": 6.528668721454958e-13, "gt_scores/nonlin_additive_pairwise/min": -0.8707194432537088, "gt_scores/nonlin_additive_pairwise/pct5": -0.8707194432537088, "rho_curated/additive/additive": 0.9999973727678948, "rho_random/additive/additive": 0.9999921003820124, "rho_curated/pairwise/additive": 0.9999393885735754, "rho_random/pairwise/additive": 0.9998825907845971, "rho_curated/additive_GE/additive": 0.9999842456553687, "rho_random/additive_GE/additive": 0.9999630186659555, "rho_curated/pairwise_GE/additive": 0.9991592558463097, "rho_random/pairwise_GE/additive": 0.9986019210148133, "rho_curated/additive/additive_pairwise": 0.9775255010679413, "rho_random/additive/additive_pairwise": 0.9614244331592876, "rho_curated/pairwise/additive_pairwise": 0.9999415905496623, "rho_random/pairwise/additive_pairwise": 0.9998823599794684, "rho_curated/additive_GE/additive_pairwise": 0.9775664266130418, "rho_random/additive_GE/additive_pairwise": 0.9627338026344473, "rho_curated/pairwise_GE/additive_pairwise": 0.9910010989831801, "rho_random/pairwise_GE/additive_pairwise": 0.9859846741292682, "rho_curated/additive/nonlin_additive": 0.9951914799511974, "rho_random/additive/nonlin_additive": 0.9957386597594653, "rho_curated/pairwise/nonlin_additive": 0.9978487718178475, "rho_random/pairwise/nonlin_additive": 0.9927869457125998, "rho_curated/additive_GE/nonlin_additive": NaN, "rho_random/additive_GE/nonlin_additive": NaN, "rho_curated/pairwise_GE/nonlin_additive": 0.9976635974103194, "rho_random/pairwise_GE/nonlin_additive": 0.9978433954864973, "rho_curated/additive/nonlin_additive_pairwise": NaN, "rho_random/additive/nonlin_additive_pairwise": NaN, "rho_curated/pairwise/nonlin_additive_pairwise": NaN, "rho_random/pairwise/nonlin_additive_pairwise": NaN, "rho_curated/additive_GE/nonlin_additive_pairwise": NaN, "rho_random/additive_GE/nonlin_additive_pairwise": NaN, "rho_curated/pairwise_GE/nonlin_additive_pairwise": NaN, "rho_random/pairwise_GE/nonlin_additive_pairwise": NaN, "rho_curated_mean": 0.9941653390214854, "rho_random_mean": 0.9904394456098558, "_wandb": {"runtime": 460}}