{"potts/n_edges": 79, "potts/edge_density": 0.7523809523809524, "potts/J_mean_abs": 3.1728084087371826, "potts/J_std": 2.728363275527954, "_timestamp": 1773656730.342363, "_runtime": 480.3287811279297, "_step": 21, "gt_scores/additive/std": 0.7770162874764199, "gt_scores/additive/min": -5.525506973266602, "gt_scores/additive/pct5": -4.092422103881836, "gt_scores/additive_pairwise/std": 36.804686230143744, "gt_scores/additive_pairwise/min": -316.7597961425781, "gt_scores/additive_pairwise/pct5": -277.6458938598633, "gt_scores/nonlin_additive/std": 0.13179785214960515, "gt_scores/nonlin_additive/min": -0.851066460422529, "gt_scores/nonlin_additive/pct5": -0.8261551473383105, "gt_scores/nonlin_additive_pairwise/std": 2.220446049250313e-16, "gt_scores/nonlin_additive_pairwise/min": -0.8558889585984598, "gt_scores/nonlin_additive_pairwise/pct5": -0.8558889585984598, "rho_curated/additive/additive": 0.9999982194399286, "rho_random/additive/additive": 0.9999948771667134, "rho_curated/pairwise/additive": 0.9999733085909286, "rho_random/pairwise/additive": 0.9999347933497037, "rho_curated/additive_GE/additive": NaN, "rho_random/additive_GE/additive": NaN, "rho_curated/pairwise_GE/additive": 0.9937489821412092, "rho_random/pairwise_GE/additive": 0.9925043449837516, "rho_curated/additive/additive_pairwise": 0.9324225482087928, "rho_random/additive/additive_pairwise": 0.8902604399031832, "rho_curated/pairwise/additive_pairwise": 0.9999656232386225, "rho_random/pairwise/additive_pairwise": 0.9999345520661225, "rho_curated/additive_GE/additive_pairwise": 0.932125795540887, "rho_random/additive_GE/additive_pairwise": 0.8930508614909618, "rho_curated/pairwise_GE/additive_pairwise": 0.9996206953688188, "rho_random/pairwise_GE/additive_pairwise": 0.9994807969327524, "rho_curated/additive/nonlin_additive": 0.9971041513159576, "rho_random/additive/nonlin_additive": 0.9971856557627538, "rho_curated/pairwise/nonlin_additive": 0.999354707462157, "rho_random/pairwise/nonlin_additive": 0.9979303228317967, "rho_curated/additive_GE/nonlin_additive": 0.9999917169276682, "rho_random/additive_GE/nonlin_additive": 0.9999893922042812, "rho_curated/pairwise_GE/nonlin_additive": 0.9997313494372476, "rho_random/pairwise_GE/nonlin_additive": 0.9997565140931965, "rho_curated/additive/nonlin_additive_pairwise": NaN, "rho_random/additive/nonlin_additive_pairwise": NaN, "rho_curated/pairwise/nonlin_additive_pairwise": NaN, "rho_random/pairwise/nonlin_additive_pairwise": NaN, "rho_curated/additive_GE/nonlin_additive_pairwise": NaN, "rho_random/additive_GE/nonlin_additive_pairwise": NaN, "rho_curated/pairwise_GE/nonlin_additive_pairwise": NaN, "rho_random/pairwise_GE/nonlin_additive_pairwise": NaN, "rho_curated_mean": 0.986730645242929, "rho_random_mean": 0.9790929591622923, "_wandb": {"runtime": 479}}