{"potts/n_edges": 88, "potts/edge_density": 0.8380952380952381, "potts/J_mean_abs": 2.610586166381836, "potts/J_std": 2.1055445671081543, "_timestamp": 1773534109.1205194, "_runtime": 522.1545913219452, "_step": 21, "gt_scores/additive/std": 0.7770162874764199, "gt_scores/additive/min": -5.525506973266602, "gt_scores/additive/pct5": -4.092422103881836, "gt_scores/additive_pairwise/std": 28.387673539114967, "gt_scores/additive_pairwise/min": -256.0028991699219, "gt_scores/additive_pairwise/pct5": -213.4652000427246, "gt_scores/nonlin_additive/std": 0.13179785214960515, "gt_scores/nonlin_additive/min": -0.851066460422529, "gt_scores/nonlin_additive/pct5": -0.8261551473383105, "gt_scores/nonlin_additive_pairwise/std": 2.220446049250313e-16, "gt_scores/nonlin_additive_pairwise/min": -0.8558889585984598, "gt_scores/nonlin_additive_pairwise/pct5": -0.8558889585984598, "rho_curated/additive/additive": 0.9999981045999239, "rho_random/additive/additive": 0.9999936919929392, "rho_curated/pairwise/additive": 0.999975841815032, "rho_random/pairwise/additive": 0.9999448781822773, "rho_curated/additive_GE/additive": 0.9999913538556532, "rho_random/additive_GE/additive": 0.9999783797845709, "rho_curated/pairwise_GE/additive": 0.9997633878545183, "rho_random/pairwise_GE/additive": 0.9996472400769613, "rho_curated/additive/additive_pairwise": 0.9263390871042599, "rho_random/additive/additive_pairwise": 0.8930765426701569, "rho_curated/pairwise/additive_pairwise": 0.9999698279907896, "rho_random/pairwise/additive_pairwise": 0.9999449754171128, "rho_curated/additive_GE/additive_pairwise": 0.9257585957947803, "rho_random/additive_GE/additive_pairwise": 0.8806132514436956, "rho_curated/pairwise_GE/additive_pairwise": 0.9996061343522267, "rho_random/pairwise_GE/additive_pairwise": 0.9993721196206408, "rho_curated/additive/nonlin_additive": 0.9965497552777418, "rho_random/additive/nonlin_additive": 0.99663176892135, "rho_curated/pairwise/nonlin_additive": 0.9993705780147779, "rho_random/pairwise/nonlin_additive": 0.9965339339896304, "rho_curated/additive_GE/nonlin_additive": 0.9999946788157869, "rho_random/additive_GE/nonlin_additive": 0.9999926323642433, "rho_curated/pairwise_GE/nonlin_additive": 0.9997331766773017, "rho_random/pairwise_GE/nonlin_additive": 0.9997489812642276, "rho_curated/additive/nonlin_additive_pairwise": NaN, "rho_random/additive/nonlin_additive_pairwise": NaN, "rho_curated/pairwise/nonlin_additive_pairwise": NaN, "rho_random/pairwise/nonlin_additive_pairwise": NaN, "rho_curated/additive_GE/nonlin_additive_pairwise": NaN, "rho_random/additive_GE/nonlin_additive_pairwise": NaN, "rho_curated/pairwise_GE/nonlin_additive_pairwise": NaN, "rho_random/pairwise_GE/nonlin_additive_pairwise": NaN, "rho_curated_mean": 0.9872542101793994, "rho_random_mean": 0.9804565329773172, "_wandb": {"runtime": 521}}