{"potts/n_edges": 323, "potts/edge_density": 0.7425287356321839, "potts/J_mean_abs": 4.244067668914795, "potts/J_std": 3.469351053237915, "_timestamp": 1773434367.3696218, "_runtime": 509.34730863571167, "_step": 21, "gt_scores/additive/std": 1.3145519307288893, "gt_scores/additive/min": -9.543702125549316, "gt_scores/additive/pct5": -6.543755149841308, "gt_scores/additive_pairwise/std": 115.16731150596985, "gt_scores/additive_pairwise/min": -826.8510131835938, "gt_scores/additive_pairwise/pct5": -492.6197219848633, "gt_scores/nonlin_additive/std": 0.1415948963973883, "gt_scores/nonlin_additive/min": -0.8305795334928087, "gt_scores/nonlin_additive/pct5": -0.8006284573354645, "gt_scores/nonlin_additive_pairwise/std": 9.070806115827002e-08, "gt_scores/nonlin_additive_pairwise/min": -0.8341020215334246, "gt_scores/nonlin_additive_pairwise/pct5": -0.8341020215334246, "rho_curated/additive/additive": 0.9999976994319081, "rho_random/additive/additive": 0.9999934252733451, "rho_curated/pairwise/additive": 0.9992130578485034, "rho_random/pairwise/additive": 0.9986210186846003, "rho_curated/additive_GE/additive": 0.9999445767497802, "rho_random/additive_GE/additive": 0.9998829620139709, "rho_curated/pairwise_GE/additive": 0.9674214286400752, "rho_random/pairwise_GE/additive": 0.9522871426296398, "rho_curated/additive/additive_pairwise": 0.9820963538337057, "rho_random/additive/additive_pairwise": 0.9718663297740622, "rho_curated/pairwise/additive_pairwise": 0.9917628583421189, "rho_random/pairwise/additive_pairwise": 0.9856319014114309, "rho_curated/additive_GE/additive_pairwise": 0.9819774878533691, "rho_random/additive_GE/additive_pairwise": 0.9686161022560509, "rho_curated/pairwise_GE/additive_pairwise": 0.9545626639403255, "rho_random/pairwise_GE/additive_pairwise": 0.9387482740845023, "rho_curated/additive/nonlin_additive": 0.996423537016684, "rho_random/additive/nonlin_additive": 0.9958949814651479, "rho_curated/pairwise/nonlin_additive": 0.9886464076247665, "rho_random/pairwise/nonlin_additive": 0.9805535028528096, "rho_curated/additive_GE/nonlin_additive": 0.9999810119192379, "rho_random/additive_GE/nonlin_additive": 0.9999788994980037, "rho_curated/pairwise_GE/nonlin_additive": 0.9796809193857737, "rho_random/pairwise_GE/nonlin_additive": 0.9754616100137166, "rho_curated/additive/nonlin_additive_pairwise": NaN, "rho_random/additive/nonlin_additive_pairwise": NaN, "rho_curated/pairwise/nonlin_additive_pairwise": NaN, "rho_random/pairwise/nonlin_additive_pairwise": 0.11212097951171732, "rho_curated/additive_GE/nonlin_additive_pairwise": NaN, "rho_random/additive_GE/nonlin_additive_pairwise": NaN, "rho_curated/pairwise_GE/nonlin_additive_pairwise": NaN, "rho_random/pairwise_GE/nonlin_additive_pairwise": NaN, "rho_curated_mean": 0.9868090002155205, "rho_random_mean": 0.9138197791899229, "_wandb": {"runtime": 508}}