{"potts/n_edges": 95, "potts/edge_density": 0.5, "potts/J_mean_abs": 2.2906267642974854, "potts/J_std": 1.7888097763061523, "_timestamp": 1773588189.1845915, "_runtime": 599.118649482727, "_step": 21, "gt_scores/additive/std": 0.8416520447125477, "gt_scores/additive/min": -5.415915012359619, "gt_scores/additive/pct5": -2.852137875556946, "gt_scores/additive_pairwise/std": 8.13621820536421, "gt_scores/additive_pairwise/min": -59.44730758666992, "gt_scores/additive_pairwise/pct5": -24.16008996963501, "gt_scores/nonlin_additive/std": 0.18076374954465554, "gt_scores/nonlin_additive/min": -0.6833518995651368, "gt_scores/nonlin_additive/pct5": -0.6179303920289554, "gt_scores/nonlin_additive_pairwise/std": 0.21673202689716747, "gt_scores/nonlin_additive_pairwise/min": -0.6868592335185216, "gt_scores/nonlin_additive_pairwise/pct5": -0.6868592335177727, "rho_curated/additive/additive": 0.9999977736150497, "rho_random/additive/additive": 0.9999932277822903, "rho_curated/pairwise/additive": 0.9999014534117503, "rho_random/pairwise/additive": 0.9998396077514178, "rho_curated/additive_GE/additive": NaN, "rho_random/additive_GE/additive": NaN, "rho_curated/pairwise_GE/additive": 0.9929427411475582, "rho_random/pairwise_GE/additive": 0.9934211874900061, "rho_curated/additive/additive_pairwise": 0.8866138638767608, "rho_random/additive/additive_pairwise": 0.8197750152758843, "rho_curated/pairwise/additive_pairwise": 0.9993289125936776, "rho_random/pairwise/additive_pairwise": 0.9986176566215358, "rho_curated/additive_GE/additive_pairwise": 0.8849223539790936, "rho_random/additive_GE/additive_pairwise": 0.8353681793216475, "rho_curated/pairwise_GE/additive_pairwise": 0.9939238429016007, "rho_random/pairwise_GE/additive_pairwise": 0.9910291054953795, "rho_curated/additive/nonlin_additive": 0.9978322570738338, "rho_random/additive/nonlin_additive": 0.996773612982824, "rho_curated/pairwise/nonlin_additive": 0.9984310092960794, "rho_random/pairwise/nonlin_additive": 0.9974694344689703, "rho_curated/additive_GE/nonlin_additive": 0.9999895753960407, "rho_random/additive_GE/nonlin_additive": 0.9999808984302252, "rho_curated/pairwise_GE/nonlin_additive": 0.9974283854161536, "rho_random/pairwise_GE/nonlin_additive": 0.9964575490898647, "rho_curated/additive/nonlin_additive_pairwise": 0.6754163603920968, "rho_random/additive/nonlin_additive_pairwise": 0.8208298374001617, "rho_curated/pairwise/nonlin_additive_pairwise": 0.7422732870570308, "rho_random/pairwise/nonlin_additive_pairwise": 0.8163303870959137, "rho_curated/additive_GE/nonlin_additive_pairwise": 0.5337240377233735, "rho_random/additive_GE/nonlin_additive_pairwise": 0.8110902407379573, "rho_curated/pairwise_GE/nonlin_additive_pairwise": 0.7759743270443412, "rho_random/pairwise_GE/nonlin_additive_pairwise": 0.8983972659869974, "rho_curated_mean": 0.8985800120616295, "rho_random_mean": 0.9316915470620716, "_wandb": {"runtime": 598}}