{"potts/n_edges": 318, "potts/edge_density": 0.7310344827586207, "potts/J_mean_abs": 3.023103952407837, "potts/J_std": 2.4741692543029785, "_timestamp": 1773398156.7621791, "_runtime": 514.4805090427399, "_step": 21, "gt_scores/additive/std": 1.3145519307288893, "gt_scores/additive/min": -9.543702125549316, "gt_scores/additive/pct5": -6.543755149841308, "gt_scores/additive_pairwise/std": 75.4800391595719, "gt_scores/additive_pairwise/min": -529.2229614257812, "gt_scores/additive_pairwise/pct5": -321.71045379638673, "gt_scores/nonlin_additive/std": 0.1415948963973883, "gt_scores/nonlin_additive/min": -0.8305795334928087, "gt_scores/nonlin_additive/pct5": -0.8006284573354645, "gt_scores/nonlin_additive_pairwise/std": 7.65233491982521e-05, "gt_scores/nonlin_additive_pairwise/min": -0.8341020215334246, "gt_scores/nonlin_additive_pairwise/pct5": -0.8341020215334246, "rho_curated/additive/additive": 0.9999968632238745, "rho_random/additive/additive": 0.9999925062927632, "rho_curated/pairwise/additive": 0.9991824963672609, "rho_random/pairwise/additive": 0.9987532496641723, "rho_curated/additive_GE/additive": 0.9999771377430846, "rho_random/additive_GE/additive": 0.9999521546699138, "rho_curated/pairwise_GE/additive": 0.96969511315435, "rho_random/pairwise_GE/additive": 0.9558065396285114, "rho_curated/additive/additive_pairwise": 0.9787254040130161, "rho_random/additive/additive_pairwise": 0.9667451226150059, "rho_curated/pairwise/additive_pairwise": 0.9906324077532962, "rho_random/pairwise/additive_pairwise": 0.9823073666146498, "rho_curated/additive_GE/additive_pairwise": 0.978715968916128, "rho_random/additive_GE/additive_pairwise": 0.9655717629766793, "rho_curated/pairwise_GE/additive_pairwise": 0.9513042310670007, "rho_random/pairwise_GE/additive_pairwise": 0.9367692161528853, "rho_curated/additive/nonlin_additive": 0.996833272497027, "rho_random/additive/nonlin_additive": 0.9964815259257748, "rho_curated/pairwise/nonlin_additive": 0.9885805938626757, "rho_random/pairwise/nonlin_additive": 0.9812252353291055, "rho_curated/additive_GE/nonlin_additive": 0.9999763071750505, "rho_random/additive_GE/nonlin_additive": 0.999973810098382, "rho_curated/pairwise_GE/nonlin_additive": 0.9808527925856522, "rho_random/pairwise_GE/nonlin_additive": 0.9788597415562088, "rho_curated/additive/nonlin_additive_pairwise": NaN, "rho_random/additive/nonlin_additive_pairwise": NaN, "rho_curated/pairwise/nonlin_additive_pairwise": NaN, "rho_random/pairwise/nonlin_additive_pairwise": 0.49926847071285524, "rho_curated/additive_GE/nonlin_additive_pairwise": NaN, "rho_random/additive_GE/nonlin_additive_pairwise": NaN, "rho_curated/pairwise_GE/nonlin_additive_pairwise": NaN, "rho_random/pairwise_GE/nonlin_additive_pairwise": NaN, "rho_curated_mean": 0.986206049029868, "rho_random_mean": 0.9432082078643776, "_wandb": {"runtime": 514}}