{"potts/n_edges": 175, "potts/edge_density": 0.5833333333333334, "potts/J_mean_abs": 2.994009256362915, "potts/J_std": 2.4322376251220703, "_timestamp": 1773683660.605693, "_runtime": 531.6469950675964, "_step": 21, "gt_scores/additive/std": 1.1398200883094438, "gt_scores/additive/min": -9.020009994506836, "gt_scores/additive/pct5": -6.03385751247406, "gt_scores/additive_pairwise/std": 61.154152472151935, "gt_scores/additive_pairwise/min": -394.8406066894531, "gt_scores/additive_pairwise/pct5": -268.34528198242185, "gt_scores/nonlin_additive/std": 0.13291535666614748, "gt_scores/nonlin_additive/min": -0.8512857583768847, "gt_scores/nonlin_additive/pct5": -0.8249976913530378, "gt_scores/nonlin_additive_pairwise/std": 1.1575425081478538e-05, "gt_scores/nonlin_additive_pairwise/min": -0.853410595172368, "gt_scores/nonlin_additive_pairwise/pct5": -0.853410595172368, "rho_curated/additive/additive": 0.9999971428478854, "rho_random/additive/additive": 0.9999906091323457, "rho_curated/pairwise/additive": 0.9997203393407935, "rho_random/pairwise/additive": 0.9994482923181855, "rho_curated/additive_GE/additive": 0.9999621333984826, "rho_random/additive_GE/additive": 0.9999282930024452, "rho_curated/pairwise_GE/additive": 0.9835094720427957, "rho_random/pairwise_GE/additive": 0.968163055790111, "rho_curated/additive/additive_pairwise": 0.9768446503441188, "rho_random/additive/additive_pairwise": 0.9638655018361086, "rho_curated/pairwise/additive_pairwise": 0.9992501787939891, "rho_random/pairwise/additive_pairwise": 0.9987161273979174, "rho_curated/additive_GE/additive_pairwise": 0.9769594582132726, "rho_random/additive_GE/additive_pairwise": 0.9593033319732357, "rho_curated/pairwise_GE/additive_pairwise": 0.9793030484191287, "rho_random/pairwise_GE/additive_pairwise": 0.967154845279219, "rho_curated/additive/nonlin_additive": 0.9965687255264197, "rho_random/additive/nonlin_additive": 0.9971843054917051, "rho_curated/pairwise/nonlin_additive": 0.9952226008486749, "rho_random/pairwise/nonlin_additive": 0.9851776703037988, "rho_curated/additive_GE/nonlin_additive": 0.9999861683914457, "rho_random/additive_GE/nonlin_additive": 0.9999832360389237, "rho_curated/pairwise_GE/nonlin_additive": 0.9896068239915246, "rho_random/pairwise_GE/nonlin_additive": 0.9866717668292154, "rho_curated/additive/nonlin_additive_pairwise": NaN, "rho_random/additive/nonlin_additive_pairwise": 0.07628885206081715, "rho_curated/pairwise/nonlin_additive_pairwise": NaN, "rho_random/pairwise/nonlin_additive_pairwise": -0.01912168047746021, "rho_curated/additive_GE/nonlin_additive_pairwise": NaN, "rho_random/additive_GE/nonlin_additive_pairwise": NaN, "rho_curated/pairwise_GE/nonlin_additive_pairwise": NaN, "rho_random/pairwise_GE/nonlin_additive_pairwise": NaN, "rho_curated_mean": 0.9914108951798776, "rho_random_mean": 0.8487681576411834, "_wandb": {"runtime": 531}}