{"potts/n_edges": 239, "potts/edge_density": 0.7966666666666666, "potts/J_mean_abs": 3.4742844104766846, "potts/J_std": 3.0920984745025635, "_timestamp": 1773700214.362904, "_runtime": 402.73630118370056, "_step": 21, "gt_scores/additive/std": 1.1398200883094438, "gt_scores/additive/min": -9.020009994506836, "gt_scores/additive/pct5": -6.03385751247406, "gt_scores/additive_pairwise/std": 95.2562206790897, "gt_scores/additive_pairwise/min": -699.1319580078125, "gt_scores/additive_pairwise/pct5": -427.44303131103516, "gt_scores/nonlin_additive/std": 0.13291535666614748, "gt_scores/nonlin_additive/min": -0.8512857583768847, "gt_scores/nonlin_additive/pct5": -0.8249976913530378, "gt_scores/nonlin_additive_pairwise/std": 2.2570318382118325e-11, "gt_scores/nonlin_additive_pairwise/min": -0.853410595172368, "gt_scores/nonlin_additive_pairwise/pct5": -0.853410595172368, "rho_curated/additive/additive": 0.9999976911999077, "rho_random/additive/additive": 0.9999912881173775, "rho_curated/pairwise/additive": 0.9997678225027019, "rho_random/pairwise/additive": 0.9996077109453927, "rho_curated/additive_GE/additive": 0.9999863565274532, "rho_random/additive_GE/additive": 0.999968680966405, "rho_curated/pairwise_GE/additive": 0.9827023695312647, "rho_random/pairwise_GE/additive": 0.9660240842044447, "rho_curated/additive/additive_pairwise": 0.9803189660598141, "rho_random/additive/additive_pairwise": 0.9667609591851253, "rho_curated/pairwise/additive_pairwise": 0.9993289925171277, "rho_random/pairwise/additive_pairwise": 0.9989078466443736, "rho_curated/additive_GE/additive_pairwise": NaN, "rho_random/additive_GE/additive_pairwise": NaN, "rho_curated/pairwise_GE/additive_pairwise": 0.978306329339212, "rho_random/pairwise_GE/additive_pairwise": 0.9682769446122739, "rho_curated/additive/nonlin_additive": 0.9965205868044893, "rho_random/additive/nonlin_additive": 0.9970689483958056, "rho_curated/pairwise/nonlin_additive": 0.9943946229673813, "rho_random/pairwise/nonlin_additive": 0.9875756724438856, "rho_curated/additive_GE/nonlin_additive": 0.9999890577995615, "rho_random/additive_GE/nonlin_additive": 0.999984672161246, "rho_curated/pairwise_GE/nonlin_additive": 0.9892305153287034, "rho_random/pairwise_GE/nonlin_additive": 0.9866156308638575, "rho_curated/additive/nonlin_additive_pairwise": NaN, "rho_random/additive/nonlin_additive_pairwise": NaN, "rho_curated/pairwise/nonlin_additive_pairwise": NaN, "rho_random/pairwise/nonlin_additive_pairwise": NaN, "rho_curated/additive_GE/nonlin_additive_pairwise": NaN, "rho_random/additive_GE/nonlin_additive_pairwise": NaN, "rho_curated/pairwise_GE/nonlin_additive_pairwise": NaN, "rho_random/pairwise_GE/nonlin_additive_pairwise": NaN, "rho_curated_mean": 0.9927766645979651, "rho_random_mean": 0.9882529489581987, "_wandb": {"runtime": 402}}