{"potts/n_edges": 309, "potts/edge_density": 0.7103448275862069, "potts/J_mean_abs": 0.7629489898681641, "potts/J_std": 0.7076281309127808, "_timestamp": 1773495607.1037107, "_runtime": 524.9004597663879, "_step": 21, "gt_scores/additive/std": 1.170066235861912, "gt_scores/additive/min": -8.504539489746094, "gt_scores/additive/pct5": -5.08946385383606, "gt_scores/additive_pairwise/std": 11.790157895201524, "gt_scores/additive_pairwise/min": -95.29568481445312, "gt_scores/additive_pairwise/pct5": -43.685661697387694, "gt_scores/nonlin_additive/std": 0.15818688959616178, "gt_scores/nonlin_additive/min": -0.7819405808126558, "gt_scores/nonlin_additive/pct5": -0.739590085936338, "gt_scores/nonlin_additive_pairwise/std": 0.04756558505979637, "gt_scores/nonlin_additive_pairwise/min": -0.7844718337635869, "gt_scores/nonlin_additive_pairwise/pct5": -0.7844718337635866, "rho_curated/additive/additive": 0.9999966679118663, "rho_random/additive/additive": 0.9999901370033378, "rho_curated/pairwise/additive": 0.9992043074721338, "rho_random/pairwise/additive": 0.9987757222741951, "rho_curated/additive_GE/additive": 0.9999621493584839, "rho_random/additive_GE/additive": 0.9999248730587684, "rho_curated/pairwise_GE/additive": 0.9748579308651102, "rho_random/pairwise_GE/additive": 0.9638662154727091, "rho_curated/additive/additive_pairwise": 0.959173578302943, "rho_random/additive/additive_pairwise": 0.9356374267149297, "rho_curated/pairwise/additive_pairwise": 0.982410401408416, "rho_random/pairwise/additive_pairwise": 0.9756898088567849, "rho_curated/additive_GE/additive_pairwise": 0.9597738746539896, "rho_random/additive_GE/additive_pairwise": 0.943574293770886, "rho_curated/pairwise_GE/additive_pairwise": 0.957462644657485, "rho_random/pairwise_GE/additive_pairwise": 0.9515446432132855, "rho_curated/additive/nonlin_additive": 0.9982517761620291, "rho_random/additive/nonlin_additive": 0.9976318287512012, "rho_curated/pairwise/nonlin_additive": 0.9919115911242695, "rho_random/pairwise/nonlin_additive": 0.9871890379788227, "rho_curated/additive_GE/nonlin_additive": 0.999986250375449, "rho_random/additive_GE/nonlin_additive": 0.9999792356421361, "rho_curated/pairwise_GE/nonlin_additive": 0.9851236714285899, "rho_random/pairwise_GE/nonlin_additive": 0.9810828960602049, "rho_curated/additive/nonlin_additive_pairwise": 0.37101642257494105, "rho_random/additive/nonlin_additive_pairwise": 0.8344312203016504, "rho_curated/pairwise/nonlin_additive_pairwise": 0.3191810399803351, "rho_random/pairwise/nonlin_additive_pairwise": 0.593977403164657, "rho_curated/additive_GE/nonlin_additive_pairwise": 0.36880714486687205, "rho_random/additive_GE/nonlin_additive_pairwise": 0.8605915941957345, "rho_curated/pairwise_GE/nonlin_additive_pairwise": 0.42260831920903635, "rho_random/pairwise_GE/nonlin_additive_pairwise": 0.8548829313783427, "rho_curated_mean": 0.8306079856469968, "rho_random_mean": 0.929923079239853, "_wandb": {"runtime": 524}}