{"potts/n_edges": 1516, "potts/edge_density": 0.8564971751412429, "potts/J_mean_abs": 3.170410394668579, "potts/J_std": 2.593187093734741, "_timestamp": 1773426065.7622182, "_runtime": 562.9683232307434, "_step": 21, "gt_scores/additive/std": 1.5378494799327518, "gt_scores/additive/min": -10.391035079956055, "gt_scores/additive/pct5": -7.101400303840637, "gt_scores/additive_pairwise/std": 124.35715683715814, "gt_scores/additive_pairwise/min": -885.0947875976562, "gt_scores/additive_pairwise/pct5": -491.624983215332, "gt_scores/nonlin_additive/std": 0.14945225373834564, "gt_scores/nonlin_additive/min": -0.8018450392779615, "gt_scores/nonlin_additive/pct5": -0.767099911032629, "gt_scores/nonlin_additive_pairwise/std": 0.0008133058744283568, "gt_scores/nonlin_additive_pairwise/min": -0.8066738208869829, "gt_scores/nonlin_additive_pairwise/pct5": -0.8066738208869829, "rho_curated/additive/additive": 0.9999947458477896, "rho_random/additive/additive": 0.9999852649984774, "rho_curated/pairwise/additive": 0.9989636330865206, "rho_random/pairwise/additive": 0.9988071702034754, "rho_curated/additive_GE/additive": 0.9999600346464004, "rho_random/additive_GE/additive": 0.9999281833211496, "rho_curated/pairwise_GE/additive": 0.9953043820760626, "rho_random/pairwise_GE/additive": 0.9923327300726819, "rho_curated/additive/additive_pairwise": 0.9859828538713141, "rho_random/additive/additive_pairwise": 0.9763529940643578, "rho_curated/pairwise/additive_pairwise": 0.9797772940786065, "rho_random/pairwise/additive_pairwise": 0.9753231517433364, "rho_curated/additive_GE/additive_pairwise": 0.9866154943766197, "rho_random/additive_GE/additive_pairwise": 0.9798292638354014, "rho_curated/pairwise_GE/additive_pairwise": 0.966945412381023, "rho_random/pairwise_GE/additive_pairwise": 0.9559823791727597, "rho_curated/additive/nonlin_additive": 0.995308327028108, "rho_random/additive/nonlin_additive": 0.9950663355321124, "rho_curated/pairwise/nonlin_additive": 0.9896678190344647, "rho_random/pairwise/nonlin_additive": 0.9875600151938817, "rho_curated/additive_GE/nonlin_additive": 0.9999707204548282, "rho_random/additive_GE/nonlin_additive": 0.9999632507735431, "rho_curated/pairwise_GE/nonlin_additive": 0.9923807927028662, "rho_random/pairwise_GE/nonlin_additive": 0.991986889420646, "rho_curated/additive/nonlin_additive_pairwise": NaN, "rho_random/additive/nonlin_additive_pairwise": NaN, "rho_curated/pairwise/nonlin_additive_pairwise": NaN, "rho_random/pairwise/nonlin_additive_pairwise": 0.04924428337118197, "rho_curated/additive_GE/nonlin_additive_pairwise": NaN, "rho_random/additive_GE/nonlin_additive_pairwise": NaN, "rho_curated/pairwise_GE/nonlin_additive_pairwise": NaN, "rho_random/pairwise_GE/nonlin_additive_pairwise": NaN, "rho_curated_mean": 0.99090595913205, "rho_random_mean": 0.9155663009002312, "_wandb": {"runtime": 562}}