{"potts/n_edges": 156, "potts/edge_density": 0.8210526315789474, "potts/J_mean_abs": 1.2190055847167969, "potts/J_std": 0.9642168879508972, "_timestamp": 1773600136.1253693, "_runtime": 642.9480214118958, "_step": 21, "gt_scores/additive/std": 1.210202704410808, "gt_scores/additive/min": -8.911455154418945, "gt_scores/additive/pct5": -6.663809275627136, "gt_scores/additive_pairwise/std": 24.763421333978425, "gt_scores/additive_pairwise/min": -171.22018432617188, "gt_scores/additive_pairwise/pct5": -124.05595474243164, "gt_scores/nonlin_additive/std": 0.125785236402486, "gt_scores/nonlin_additive/min": -0.8664681453126024, "gt_scores/nonlin_additive/pct5": -0.8440971430509998, "gt_scores/nonlin_additive_pairwise/std": 3.245176159790863e-05, "gt_scores/nonlin_additive_pairwise/min": -0.8707194432537088, "gt_scores/nonlin_additive_pairwise/pct5": -0.8707194432537088, "rho_curated/additive/additive": 0.9999981918639276, "rho_random/additive/additive": 0.9999945597551788, "rho_curated/pairwise/additive": 0.9999463817658539, "rho_random/pairwise/additive": 0.9998948675945801, "rho_curated/additive_GE/additive": 0.9999810169352402, "rho_random/additive_GE/additive": 0.9999491308083, "rho_curated/pairwise_GE/additive": 0.9988417579375035, "rho_random/pairwise_GE/additive": 0.9978051968373932, "rho_curated/additive/additive_pairwise": 0.9757528536775322, "rho_random/additive/additive_pairwise": 0.9543451698267404, "rho_curated/pairwise/additive_pairwise": 0.9999377019255067, "rho_random/pairwise/additive_pairwise": 0.9998609534756676, "rho_curated/additive_GE/additive_pairwise": 0.9756331854007426, "rho_random/additive_GE/additive_pairwise": 0.9539110776582961, "rho_curated/pairwise_GE/additive_pairwise": 0.999151950198017, "rho_random/pairwise_GE/additive_pairwise": 0.9986734037112789, "rho_curated/additive/nonlin_additive": 0.9951995734235223, "rho_random/additive/nonlin_additive": 0.9959953728556804, "rho_curated/pairwise/nonlin_additive": 0.9977866431113596, "rho_random/pairwise/nonlin_additive": 0.992348808026105, "rho_curated/additive_GE/nonlin_additive": 0.9999913695516546, "rho_random/additive_GE/nonlin_additive": 0.9999885540729015, "rho_curated/pairwise_GE/nonlin_additive": 0.9990191989927445, "rho_random/pairwise_GE/nonlin_additive": 0.9989325712703786, "rho_curated/additive/nonlin_additive_pairwise": NaN, "rho_random/additive/nonlin_additive_pairwise": 0.0542052066920696, "rho_curated/pairwise/nonlin_additive_pairwise": NaN, "rho_random/pairwise/nonlin_additive_pairwise": 0.10078764612889939, "rho_curated/additive_GE/nonlin_additive_pairwise": NaN, "rho_random/additive_GE/nonlin_additive_pairwise": -0.003306745764009384, "rho_curated/pairwise_GE/nonlin_additive_pairwise": NaN, "rho_random/pairwise_GE/nonlin_additive_pairwise": -0.15449641640424314, "rho_curated_mean": 0.995103318731967, "rho_random_mean": 0.7430555847840761, "_wandb": {"runtime": 642}}