{"potts/n_edges": 261, "potts/edge_density": 0.87, "potts/J_mean_abs": 3.0607199668884277, "potts/J_std": 2.4212841987609863, "_timestamp": 1773383552.7064478, "_runtime": 536.6464757919312, "_step": 21, "gt_scores/additive/std": 1.0845397655127298, "gt_scores/additive/min": -7.869518280029297, "gt_scores/additive/pct5": -4.928722500801086, "gt_scores/additive_pairwise/std": 66.97942090674013, "gt_scores/additive_pairwise/min": -497.0435485839844, "gt_scores/additive_pairwise/pct5": -255.53584976196288, "gt_scores/nonlin_additive/std": 0.1521633644541054, "gt_scores/nonlin_additive/min": -0.7983750201741924, "gt_scores/nonlin_additive/pct5": -0.7601459147927325, "gt_scores/nonlin_additive_pairwise/std": 0.00950633813975655, "gt_scores/nonlin_additive_pairwise/min": -0.8012119156418135, "gt_scores/nonlin_additive_pairwise/pct5": -0.8012119156418135, "rho_curated/additive/additive": 0.9999972737678907, "rho_random/additive/additive": 0.9999912599026166, "rho_curated/pairwise/additive": 0.9997049680841844, "rho_random/pairwise/additive": 0.9996024277955863, "rho_curated/additive_GE/additive": 0.999983999559358, "rho_random/additive_GE/additive": 0.9999605776094208, "rho_curated/pairwise_GE/additive": 0.979039652415071, "rho_random/pairwise_GE/additive": 0.9727031039097687, "rho_curated/additive/additive_pairwise": 0.9832962204906462, "rho_random/additive/additive_pairwise": 0.9715283922432133, "rho_curated/pairwise/additive_pairwise": 0.9987364396453968, "rho_random/pairwise/additive_pairwise": 0.9980000433091762, "rho_curated/additive_GE/additive_pairwise": 0.9835011682352547, "rho_random/additive_GE/additive_pairwise": 0.9721946695177979, "rho_curated/pairwise_GE/additive_pairwise": 0.979063623928535, "rho_random/pairwise_GE/additive_pairwise": 0.976170414667256, "rho_curated/additive/nonlin_additive": 0.9980495142818401, "rho_random/additive/nonlin_additive": 0.9976546491926754, "rho_curated/pairwise/nonlin_additive": 0.9964500058497446, "rho_random/pairwise/nonlin_additive": 0.9938204579746172, "rho_curated/additive_GE/nonlin_additive": 0.9999850701994024, "rho_random/additive_GE/nonlin_additive": 0.9999778252495097, "rho_curated/pairwise_GE/nonlin_additive": 0.991487397538883, "rho_random/pairwise_GE/nonlin_additive": 0.9879937453944846, "rho_curated/additive/nonlin_additive_pairwise": NaN, "rho_random/additive/nonlin_additive_pairwise": 0.16357424072599516, "rho_curated/pairwise/nonlin_additive_pairwise": NaN, "rho_random/pairwise/nonlin_additive_pairwise": 0.135809870505364, "rho_curated/additive_GE/nonlin_additive_pairwise": NaN, "rho_random/additive_GE/nonlin_additive_pairwise": -0.0026352013400922155, "rho_curated/pairwise_GE/nonlin_additive_pairwise": NaN, "rho_random/pairwise_GE/nonlin_additive_pairwise": -0.12242102714352246, "rho_curated_mean": 0.9924412778330173, "rho_random_mean": 0.7527453405946167, "_wandb": {"runtime": 535}}