{"potts/n_edges": 211, "potts/edge_density": 0.7033333333333334, "potts/J_mean_abs": 3.5102500915527344, "potts/J_std": 2.9348490238189697, "_timestamp": 1773428582.245666, "_runtime": 531.0242929458618, "_step": 21, "gt_scores/additive/std": 1.4607008917297066, "gt_scores/additive/min": -10.880603790283203, "gt_scores/additive/pct5": -7.648485493659973, "gt_scores/additive_pairwise/std": 80.2976407608413, "gt_scores/additive_pairwise/min": -533.70947265625, "gt_scores/additive_pairwise/pct5": -353.6678207397461, "gt_scores/nonlin_additive/std": 0.1329364744996366, "gt_scores/nonlin_additive/min": -0.8491222741790089, "gt_scores/nonlin_additive/pct5": -0.8226467537292117, "gt_scores/nonlin_additive_pairwise/std": 6.592512540864169e-07, "gt_scores/nonlin_additive_pairwise/min": -0.8524745773399738, "gt_scores/nonlin_additive_pairwise/pct5": -0.8524745773399738, "rho_curated/additive/additive": 0.9999974651678984, "rho_random/additive/additive": 0.9999924435586549, "rho_curated/pairwise/additive": 0.9997353907013967, "rho_random/pairwise/additive": 0.9995405915405915, "rho_curated/additive_GE/additive": 0.9999411820456419, "rho_random/additive_GE/additive": 0.9998640116552306, "rho_curated/pairwise_GE/additive": 0.9808050557423597, "rho_random/pairwise_GE/additive": 0.9694137467062636, "rho_curated/additive/additive_pairwise": 0.9762671479466857, "rho_random/additive/additive_pairwise": 0.9624414549923327, "rho_curated/pairwise/additive_pairwise": 0.9993705865348234, "rho_random/pairwise/additive_pairwise": 0.9988349576912278, "rho_curated/additive_GE/additive_pairwise": NaN, "rho_random/additive_GE/additive_pairwise": NaN, "rho_curated/pairwise_GE/additive_pairwise": 0.9773483936859356, "rho_random/pairwise_GE/additive_pairwise": 0.9653471011056514, "rho_curated/additive/nonlin_additive": 0.9973901640556064, "rho_random/additive/nonlin_additive": 0.9978381465018294, "rho_curated/pairwise/nonlin_additive": 0.9944742976428393, "rho_random/pairwise/nonlin_additive": 0.9876046857149489, "rho_curated/additive_GE/nonlin_additive": 0.9999909087036362, "rho_random/additive_GE/nonlin_additive": 0.9999870438047925, "rho_curated/pairwise_GE/nonlin_additive": 0.9880815521941179, "rho_random/pairwise_GE/nonlin_additive": 0.9863747521793418, "rho_curated/additive/nonlin_additive_pairwise": NaN, "rho_random/additive/nonlin_additive_pairwise": NaN, "rho_curated/pairwise/nonlin_additive_pairwise": NaN, "rho_random/pairwise/nonlin_additive_pairwise": 0.0774532291762163, "rho_curated/additive_GE/nonlin_additive_pairwise": NaN, "rho_random/additive_GE/nonlin_additive_pairwise": NaN, "rho_curated/pairwise_GE/nonlin_additive_pairwise": NaN, "rho_random/pairwise_GE/nonlin_additive_pairwise": -0.08649367830137901, "rho_curated_mean": 0.992127467674631, "rho_random_mean": 0.8352460374096695, "_wandb": {"runtime": 530}}