{"potts/n_edges": 275, "potts/edge_density": 0.9166666666666666, "potts/J_mean_abs": 3.561363458633423, "potts/J_std": 2.975837469100952, "_timestamp": 1773403413.937889, "_runtime": 419.52254819869995, "_step": 21, "gt_scores/additive/std": 1.1398200883094438, "gt_scores/additive/min": -9.020009994506836, "gt_scores/additive/pct5": -6.03385751247406, "gt_scores/additive_pairwise/std": 107.06814610582575, "gt_scores/additive_pairwise/min": -853.6802368164062, "gt_scores/additive_pairwise/pct5": -476.1580535888672, "gt_scores/nonlin_additive/std": 0.13291535666614748, "gt_scores/nonlin_additive/min": -0.8512857583768847, "gt_scores/nonlin_additive/pct5": -0.8249976913530378, "gt_scores/nonlin_additive_pairwise/std": 4.7102773760513254e-18, "gt_scores/nonlin_additive_pairwise/min": -0.853410595172368, "gt_scores/nonlin_additive_pairwise/pct5": -0.853410595172368, "rho_curated/additive/additive": 0.9999974088638961, "rho_random/additive/additive": 0.9999907572820057, "rho_curated/pairwise/additive": 0.9997553476861903, "rho_random/pairwise/additive": 0.999558571579605, "rho_curated/additive_GE/additive": NaN, "rho_random/additive_GE/additive": NaN, "rho_curated/pairwise_GE/additive": 0.98388209250651, "rho_random/pairwise_GE/additive": 0.9725419623295597, "rho_curated/additive/additive_pairwise": 0.9839347020690025, "rho_random/additive/additive_pairwise": 0.9729378242051108, "rho_curated/pairwise/additive_pairwise": 0.9994511905380475, "rho_random/pairwise/additive_pairwise": 0.9989485179167981, "rho_curated/additive_GE/additive_pairwise": 0.9841110810992992, "rho_random/additive_GE/additive_pairwise": 0.9746005514282994, "rho_curated/pairwise_GE/additive_pairwise": 0.9778592698983708, "rho_random/pairwise_GE/additive_pairwise": 0.9713192615933244, "rho_curated/additive/nonlin_additive": 0.9963971636074542, "rho_random/additive/nonlin_additive": 0.9969960950990385, "rho_curated/pairwise/nonlin_additive": 0.9945949118071478, "rho_random/pairwise/nonlin_additive": 0.9855671591038094, "rho_curated/additive_GE/nonlin_additive": NaN, "rho_random/additive_GE/nonlin_additive": NaN, "rho_curated/pairwise_GE/nonlin_additive": 0.9881569073485711, "rho_random/pairwise_GE/nonlin_additive": 0.98639919127125, "rho_curated/additive/nonlin_additive_pairwise": NaN, "rho_random/additive/nonlin_additive_pairwise": NaN, "rho_curated/pairwise/nonlin_additive_pairwise": NaN, "rho_random/pairwise/nonlin_additive_pairwise": NaN, "rho_curated/additive_GE/nonlin_additive_pairwise": NaN, "rho_random/additive_GE/nonlin_additive_pairwise": NaN, "rho_curated/pairwise_GE/nonlin_additive_pairwise": NaN, "rho_random/pairwise_GE/nonlin_additive_pairwise": NaN, "rho_curated_mean": 0.9908140075424491, "rho_random_mean": 0.98588598918088, "_wandb": {"runtime": 419}}