{"potts/n_edges": 242, "potts/edge_density": 0.40672268907563025, "potts/J_mean_abs": 1.3157154321670532, "potts/J_std": 1.0478044748306274, "_timestamp": 1773681381.159032, "_runtime": 506.6783380508423, "_step": 21, "gt_scores/additive/std": 0.7269377254557157, "gt_scores/additive/min": -4.199977874755859, "gt_scores/additive/pct5": -2.4397993326187133, "gt_scores/additive_pairwise/std": 5.251069390206773, "gt_scores/additive_pairwise/min": -44.202571868896484, "gt_scores/additive_pairwise/pct5": -15.967109155654907, "gt_scores/nonlin_additive/std": 0.18264785264021724, "gt_scores/nonlin_additive/min": -0.6738283375162321, "gt_scores/nonlin_additive/pct5": -0.6112868549059727, "gt_scores/nonlin_additive_pairwise/std": 0.22180492391985, "gt_scores/nonlin_additive_pairwise/min": -0.6803756476356105, "gt_scores/nonlin_additive_pairwise/pct5": -0.6803756470206074, "rho_curated/additive/additive": 0.999996441854705, "rho_random/additive/additive": 0.9999908567557911, "rho_curated/pairwise/additive": 0.9988551665694487, "rho_random/pairwise/additive": 0.999036972626635, "rho_curated/additive_GE/additive": 0.9999728787418433, "rho_random/additive_GE/additive": 0.999946481018425, "rho_curated/pairwise_GE/additive": 0.9879536529568818, "rho_random/pairwise_GE/additive": 0.9869085514249543, "rho_curated/additive/additive_pairwise": 0.8711633081500411, "rho_random/additive/additive_pairwise": 0.867688939456544, "rho_curated/pairwise/additive_pairwise": 0.8958922277549385, "rho_random/pairwise/additive_pairwise": 0.911084500538135, "rho_curated/additive_GE/additive_pairwise": 0.8666008062818349, "rho_random/additive_GE/additive_pairwise": 0.8547125646245438, "rho_curated/pairwise_GE/additive_pairwise": 0.8912215887384102, "rho_random/pairwise_GE/additive_pairwise": 0.8814612598127044, "rho_curated/additive/nonlin_additive": 0.9974578748417114, "rho_random/additive/nonlin_additive": 0.9966473922093363, "rho_curated/pairwise/nonlin_additive": 0.9939917014973361, "rho_random/pairwise/nonlin_additive": 0.9918186704317306, "rho_curated/additive_GE/nonlin_additive": 0.9999862439345849, "rho_random/additive_GE/nonlin_additive": 0.9999746325873397, "rho_curated/pairwise_GE/nonlin_additive": 0.9950142165677008, "rho_random/pairwise_GE/nonlin_additive": 0.9927369204967149, "rho_curated/additive/nonlin_additive_pairwise": 0.6841336344547425, "rho_random/additive/nonlin_additive_pairwise": 0.8475995795969486, "rho_curated/pairwise/nonlin_additive_pairwise": 0.7138558316202415, "rho_random/pairwise/nonlin_additive_pairwise": 0.8655312546960159, "rho_curated/additive_GE/nonlin_additive_pairwise": 0.6360047677919259, "rho_random/additive_GE/nonlin_additive_pairwise": 0.8431640553639032, "rho_curated/pairwise_GE/nonlin_additive_pairwise": 0.733713720223689, "rho_random/pairwise_GE/nonlin_additive_pairwise": 0.8820639367193689, "rho_curated_mean": 0.8916133788737522, "rho_random_mean": 0.9325229105224432, "_wandb": {"runtime": 506}}