{"potts/n_edges": 88, "potts/edge_density": 0.8380952380952381, "potts/J_mean_abs": 3.2093818187713623, "potts/J_std": 2.5095012187957764, "_timestamp": 1773636799.8258276, "_runtime": 503.3194897174835, "_step": 21, "gt_scores/additive/std": 0.9354941049529601, "gt_scores/additive/min": -6.730696678161621, "gt_scores/additive/pct5": -5.088986277580261, "gt_scores/additive_pairwise/std": 38.41368037337409, "gt_scores/additive_pairwise/min": -345.0225830078125, "gt_scores/additive_pairwise/pct5": -286.61917266845705, "gt_scores/nonlin_additive/std": 0.12695859792178035, "gt_scores/nonlin_additive/min": -0.8594803927815321, "gt_scores/nonlin_additive/pct5": -0.8373509757801759, "gt_scores/nonlin_additive_pairwise/std": 1.1102230246251565e-16, "gt_scores/nonlin_additive_pairwise/min": -0.8642349522941661, "gt_scores/nonlin_additive_pairwise/pct5": -0.8642349522941661, "rho_curated/additive/additive": 0.99999801037592, "rho_random/additive/additive": 0.9999930646074696, "rho_curated/pairwise/additive": 0.9999768485670688, "rho_random/pairwise/additive": 0.9999520697503701, "rho_curated/additive_GE/additive": 0.9997878433514731, "rho_random/additive_GE/additive": 0.9996148282561989, "rho_curated/pairwise_GE/additive": 0.9997396187575349, "rho_random/pairwise_GE/additive": 0.9996139869672788, "rho_curated/additive/additive_pairwise": 0.9399636582356644, "rho_random/additive/additive_pairwise": 0.8978379931171593, "rho_curated/pairwise/additive_pairwise": 0.9999685853427418, "rho_random/pairwise/additive_pairwise": 0.9999320810377758, "rho_curated/additive_GE/additive_pairwise": 0.9397374110680501, "rho_random/additive_GE/additive_pairwise": 0.902079156445953, "rho_curated/pairwise_GE/additive_pairwise": 0.9997136486925459, "rho_random/pairwise_GE/additive_pairwise": 0.9995206374511572, "rho_curated/additive/nonlin_additive": 0.9960422964476022, "rho_random/additive/nonlin_additive": 0.9943297603679626, "rho_curated/pairwise/nonlin_additive": 0.9991291971887706, "rho_random/pairwise/nonlin_additive": 0.996833242389497, "rho_curated/additive_GE/nonlin_additive": 0.9999911233836404, "rho_random/additive_GE/nonlin_additive": 0.9999904894536934, "rho_curated/pairwise_GE/nonlin_additive": 0.9989468301813677, "rho_random/pairwise_GE/nonlin_additive": 0.9993360762692787, "rho_curated/additive/nonlin_additive_pairwise": NaN, "rho_random/additive/nonlin_additive_pairwise": NaN, "rho_curated/pairwise/nonlin_additive_pairwise": NaN, "rho_random/pairwise/nonlin_additive_pairwise": NaN, "rho_curated/additive_GE/nonlin_additive_pairwise": NaN, "rho_random/additive_GE/nonlin_additive_pairwise": NaN, "rho_curated/pairwise_GE/nonlin_additive_pairwise": NaN, "rho_random/pairwise_GE/nonlin_additive_pairwise": NaN, "rho_curated_mean": 0.9894162559660317, "rho_random_mean": 0.9824194488428163, "_wandb": {"runtime": 503}}