{"potts/n_edges": 94, "potts/edge_density": 0.8952380952380953, "potts/J_mean_abs": 2.600738525390625, "potts/J_std": 2.0518455505371094, "_timestamp": 1773481447.9053578, "_runtime": 535.0663657188416, "_step": 21, "gt_scores/additive/std": 0.9557475539592777, "gt_scores/additive/min": -7.033940315246582, "gt_scores/additive/pct5": -5.159853672981262, "gt_scores/additive_pairwise/std": 33.12344678603535, "gt_scores/additive_pairwise/min": -303.8395080566406, "gt_scores/additive_pairwise/pct5": -246.16517639160156, "gt_scores/nonlin_additive/std": 0.1307311439252841, "gt_scores/nonlin_additive/min": -0.8613129322410867, "gt_scores/nonlin_additive/pct5": -0.8371371284084792, "gt_scores/nonlin_additive_pairwise/std": 1.1102230246251565e-16, "gt_scores/nonlin_additive_pairwise/min": -0.8653877661321029, "gt_scores/nonlin_additive_pairwise/pct5": -0.8653877661321029, "rho_curated/additive/additive": 0.9999981472239257, "rho_random/additive/additive": 0.9999947275693332, "rho_curated/pairwise/additive": 0.9999732043349254, "rho_random/pairwise/additive": 0.9999458683315976, "rho_curated/additive_GE/additive": NaN, "rho_random/additive_GE/additive": NaN, "rho_curated/pairwise_GE/additive": 0.9997755861429966, "rho_random/pairwise_GE/additive": 0.999583808183805, "rho_curated/additive/additive_pairwise": 0.9432288118716149, "rho_random/additive/additive_pairwise": 0.9079759643265614, "rho_curated/pairwise/additive_pairwise": 0.9999656939666229, "rho_random/pairwise/additive_pairwise": 0.9999404957422275, "rho_curated/additive_GE/additive_pairwise": 0.9434692263612718, "rho_random/additive_GE/additive_pairwise": 0.9053673131603085, "rho_curated/pairwise_GE/additive_pairwise": 0.9995682258466564, "rho_random/pairwise_GE/additive_pairwise": 0.999423032108008, "rho_curated/additive/nonlin_additive": 0.9961440842933933, "rho_random/additive/nonlin_additive": 0.996800238360726, "rho_curated/pairwise/nonlin_additive": 0.9991840993513444, "rho_random/pairwise/nonlin_additive": 0.9960246671743676, "rho_curated/additive_GE/nonlin_additive": 0.9999932080477282, "rho_random/additive_GE/nonlin_additive": 0.9999908881793425, "rho_curated/pairwise_GE/nonlin_additive": 0.9994410319376009, "rho_random/pairwise_GE/nonlin_additive": 0.9994497810646078, "rho_curated/additive/nonlin_additive_pairwise": NaN, "rho_random/additive/nonlin_additive_pairwise": NaN, "rho_curated/pairwise/nonlin_additive_pairwise": NaN, "rho_random/pairwise/nonlin_additive_pairwise": NaN, "rho_curated/additive_GE/nonlin_additive_pairwise": NaN, "rho_random/additive_GE/nonlin_additive_pairwise": NaN, "rho_curated/pairwise_GE/nonlin_additive_pairwise": NaN, "rho_random/pairwise_GE/nonlin_additive_pairwise": NaN, "rho_curated_mean": 0.9891583017616437, "rho_random_mean": 0.9822269803818986, "_wandb": {"runtime": 534}}