{"potts/n_edges": 82, "potts/edge_density": 0.43157894736842106, "potts/J_mean_abs": 3.158785820007324, "potts/J_std": 2.4945435523986816, "_timestamp": 1773356490.9120257, "_runtime": 618.9070208072662, "_step": 21, "gt_scores/additive/std": 1.1679848925803606, "gt_scores/additive/min": -7.822732448577881, "gt_scores/additive/pct5": -5.290616750717163, "gt_scores/additive_pairwise/std": 31.92896709491254, "gt_scores/additive_pairwise/min": -230.84182739257812, "gt_scores/additive_pairwise/pct5": -121.07775535583497, "gt_scores/nonlin_additive/std": 0.15481317080016796, "gt_scores/nonlin_additive/min": -0.7984893206648476, "gt_scores/nonlin_additive/pct5": -0.7612731900288069, "gt_scores/nonlin_additive_pairwise/std": 0.01875652856073246, "gt_scores/nonlin_additive_pairwise/min": -0.8035095018786592, "gt_scores/nonlin_additive_pairwise/pct5": -0.8035095018786592, "rho_curated/additive/additive": 0.9999978472959138, "rho_random/additive/additive": 0.9999936692684211, "rho_curated/pairwise/additive": 0.9999437747897497, "rho_random/pairwise/additive": 0.9998757888964782, "rho_curated/additive_GE/additive": 0.9999706285348244, "rho_random/additive_GE/additive": 0.9999325858925054, "rho_curated/pairwise_GE/additive": 0.998892479251699, "rho_random/pairwise_GE/additive": 0.9983538317910788, "rho_curated/additive/additive_pairwise": 0.9609236428209456, "rho_random/additive/additive_pairwise": 0.9263429639975813, "rho_curated/pairwise/additive_pairwise": 0.9999230741889191, "rho_random/pairwise/additive_pairwise": 0.9998571554408867, "rho_curated/additive_GE/additive_pairwise": 0.961097180203887, "rho_random/additive_GE/additive_pairwise": 0.927700361054466, "rho_curated/pairwise_GE/additive_pairwise": 0.993407704216308, "rho_random/pairwise_GE/additive_pairwise": 0.9901749913551683, "rho_curated/additive/nonlin_additive": 0.9972211969445811, "rho_random/additive/nonlin_additive": 0.996867360424653, "rho_curated/pairwise/nonlin_additive": 0.9985775470629655, "rho_random/pairwise/nonlin_additive": 0.9972768753793068, "rho_curated/additive_GE/nonlin_additive": 0.9999880895435226, "rho_random/additive_GE/nonlin_additive": 0.9999859609205607, "rho_curated/pairwise_GE/nonlin_additive": 0.9992082671362549, "rho_random/pairwise_GE/nonlin_additive": 0.9990405659436801, "rho_curated/additive/nonlin_additive_pairwise": 0.15258498178361277, "rho_random/additive/nonlin_additive_pairwise": 0.3876314218240955, "rho_curated/pairwise/nonlin_additive_pairwise": 0.11394360787142381, "rho_random/pairwise/nonlin_additive_pairwise": 0.33654132510097534, "rho_curated/additive_GE/nonlin_additive_pairwise": 0.08034232754917651, "rho_random/additive_GE/nonlin_additive_pairwise": 0.4735446148420421, "rho_curated/pairwise_GE/nonlin_additive_pairwise": 0.13508487013405446, "rho_random/pairwise_GE/nonlin_additive_pairwise": 0.42104408271879806, "rho_curated_mean": 0.77444420120799, "rho_random_mean": 0.8408852221781686, "_wandb": {"runtime": 618}}