{"potts/n_edges": 162, "potts/edge_density": 0.8526315789473684, "potts/J_mean_abs": 2.425668716430664, "potts/J_std": 2.0482821464538574, "_timestamp": 1773617727.6354127, "_runtime": 619.4820876121521, "_step": 21, "gt_scores/additive/std": 1.210202704410808, "gt_scores/additive/min": -8.911455154418945, "gt_scores/additive/pct5": -6.663809275627136, "gt_scores/additive_pairwise/std": 48.65179284579757, "gt_scores/additive_pairwise/min": -333.9850158691406, "gt_scores/additive_pairwise/pct5": -237.45295104980468, "gt_scores/nonlin_additive/std": 0.125785236402486, "gt_scores/nonlin_additive/min": -0.8664681453126024, "gt_scores/nonlin_additive/pct5": -0.8440971430509998, "gt_scores/nonlin_additive_pairwise/std": 1.0592985831062178e-09, "gt_scores/nonlin_additive_pairwise/min": -0.8707194432537088, "gt_scores/nonlin_additive_pairwise/pct5": -0.8707194432537088, "rho_curated/additive/additive": 0.9999982396239294, "rho_random/additive/additive": 0.9999946889248883, "rho_curated/pairwise/additive": 0.9999449391497948, "rho_random/pairwise/additive": 0.9998905722718093, "rho_curated/additive_GE/additive": 0.9999867208714679, "rho_random/additive_GE/additive": 0.9999690125920767, "rho_curated/pairwise_GE/additive": 0.9987167452685775, "rho_random/pairwise_GE/additive": 0.9979428343643014, "rho_curated/additive/additive_pairwise": 0.9705369963473585, "rho_random/additive/additive_pairwise": 0.9574492436226801, "rho_curated/pairwise/additive_pairwise": 0.999940276381611, "rho_random/pairwise/additive_pairwise": 0.9998685863231949, "rho_curated/additive_GE/additive_pairwise": 0.9704009717819077, "rho_random/additive_GE/additive_pairwise": 0.9535677546993884, "rho_curated/pairwise_GE/additive_pairwise": 0.9988995122119803, "rho_random/pairwise_GE/additive_pairwise": 0.9983672152618428, "rho_curated/additive/nonlin_additive": 0.9946277575603368, "rho_random/additive/nonlin_additive": 0.995656156794726, "rho_curated/pairwise/nonlin_additive": 0.9982013335359238, "rho_random/pairwise/nonlin_additive": 0.9935454764166917, "rho_curated/additive_GE/nonlin_additive": 0.9999899964395986, "rho_random/additive_GE/nonlin_additive": 0.9999880465912192, "rho_curated/pairwise_GE/nonlin_additive": 0.9989895728394861, "rho_random/pairwise_GE/nonlin_additive": 0.9989949506207999, "rho_curated/additive/nonlin_additive_pairwise": NaN, "rho_random/additive/nonlin_additive_pairwise": NaN, "rho_curated/pairwise/nonlin_additive_pairwise": NaN, "rho_random/pairwise/nonlin_additive_pairwise": NaN, "rho_curated/additive_GE/nonlin_additive_pairwise": NaN, "rho_random/additive_GE/nonlin_additive_pairwise": NaN, "rho_curated/pairwise_GE/nonlin_additive_pairwise": NaN, "rho_random/pairwise_GE/nonlin_additive_pairwise": NaN, "rho_curated_mean": 0.9941860885009977, "rho_random_mean": 0.991269544873635, "_wandb": {"runtime": 619}}