{"potts/n_edges": 187, "potts/edge_density": 0.4298850574712644, "potts/J_mean_abs": 1.2641403675079346, "potts/J_std": 0.9815081357955933, "_timestamp": 1773529801.8390157, "_runtime": 516.8504366874695, "_step": 21, "gt_scores/additive/std": 1.1925536417782636, "gt_scores/additive/min": -9.211626052856445, "gt_scores/additive/pct5": -6.01135892868042, "gt_scores/additive_pairwise/std": 19.745407008320047, "gt_scores/additive_pairwise/min": -130.40744018554688, "gt_scores/additive_pairwise/pct5": -83.27333755493164, "gt_scores/nonlin_additive/std": 0.1394448448352391, "gt_scores/nonlin_additive/min": -0.8371870805299297, "gt_scores/nonlin_additive/pct5": -0.8067663836145071, "gt_scores/nonlin_additive_pairwise/std": 0.0038655291223414667, "gt_scores/nonlin_additive_pairwise/min": -0.8394933305681229, "gt_scores/nonlin_additive_pairwise/pct5": -0.8394933305681229, "rho_curated/additive/additive": 0.99999800423192, "rho_random/additive/additive": 0.9999942785472439, "rho_curated/pairwise/additive": 0.9992067875362334, "rho_random/pairwise/additive": 0.9985325444108936, "rho_curated/additive_GE/additive": 0.9999657725186267, "rho_random/additive_GE/additive": 0.9999206183038518, "rho_curated/pairwise_GE/additive": 0.963144505178242, "rho_random/pairwise_GE/additive": 0.9416754176386896, "rho_curated/additive/additive_pairwise": 0.9666079461827148, "rho_random/additive/additive_pairwise": 0.9437402688153695, "rho_curated/pairwise/additive_pairwise": 0.9879025561555212, "rho_random/pairwise/additive_pairwise": 0.9793061141266134, "rho_curated/additive_GE/additive_pairwise": 0.9666367697998693, "rho_random/additive_GE/additive_pairwise": 0.9470657790305994, "rho_curated/pairwise_GE/additive_pairwise": 0.9521787295888536, "rho_random/pairwise_GE/additive_pairwise": 0.9275750983471376, "rho_curated/additive/nonlin_additive": 0.9964461804655059, "rho_random/additive/nonlin_additive": 0.9967570893256209, "rho_curated/pairwise/nonlin_additive": 0.9885721739428869, "rho_random/pairwise/nonlin_additive": 0.9814893123272616, "rho_curated/additive_GE/nonlin_additive": 0.9999857587114294, "rho_random/additive_GE/nonlin_additive": 0.9999764731498885, "rho_curated/pairwise_GE/nonlin_additive": 0.9817981500314892, "rho_random/pairwise_GE/nonlin_additive": 0.9771349490784467, "rho_curated/additive/nonlin_additive_pairwise": 0.04595902286294127, "rho_random/additive/nonlin_additive_pairwise": 0.34388166865417436, "rho_curated/pairwise/nonlin_additive_pairwise": 0.14578093272056303, "rho_random/pairwise/nonlin_additive_pairwise": 0.32726723845654687, "rho_curated/additive_GE/nonlin_additive_pairwise": 0.01683792648423548, "rho_random/additive_GE/nonlin_additive_pairwise": 0.22336340741694655, "rho_curated/pairwise_GE/nonlin_additive_pairwise": 0.14473706410992665, "rho_random/pairwise_GE/nonlin_additive_pairwise": 0.4161723799233361, "rho_curated_mean": 0.75973489253256, "rho_random_mean": 0.8127407898470388, "_wandb": {"runtime": 516}}