{"potts/n_edges": 248, "potts/edge_density": 0.8266666666666667, "potts/J_mean_abs": 3.4245893955230713, "potts/J_std": 2.807675361633301, "_timestamp": 1773644184.2114062, "_runtime": 541.9736602306366, "_step": 21, "gt_scores/additive/std": 1.3248437107940993, "gt_scores/additive/min": -8.832763671875, "gt_scores/additive/pct5": -6.012066531181335, "gt_scores/additive_pairwise/std": 71.82442827608618, "gt_scores/additive_pairwise/min": -524.9403686523438, "gt_scores/additive_pairwise/pct5": -272.0665740966797, "gt_scores/nonlin_additive/std": 0.15375831462288475, "gt_scores/nonlin_additive/min": -0.7960807527928047, "gt_scores/nonlin_additive/pct5": -0.7598627144532697, "gt_scores/nonlin_additive_pairwise/std": 0.004800150667124486, "gt_scores/nonlin_additive_pairwise/min": -0.8011811168353298, "gt_scores/nonlin_additive_pairwise/pct5": -0.8011811168353298, "rho_curated/additive/additive": 0.9999977359359092, "rho_random/additive/additive": 0.9999919888776693, "rho_curated/pairwise/additive": 0.9997548207421809, "rho_random/pairwise/additive": 0.9995783085261126, "rho_curated/additive_GE/additive": 0.9999717875668699, "rho_random/additive_GE/additive": 0.9999371739723326, "rho_curated/pairwise_GE/additive": 0.9829421717564588, "rho_random/pairwise_GE/additive": 0.9730863064136498, "rho_curated/additive/additive_pairwise": 0.9797458075653462, "rho_random/additive/additive_pairwise": 0.9683081726986624, "rho_curated/pairwise/additive_pairwise": 0.9990585474502516, "rho_random/pairwise/additive_pairwise": 0.9983950720514918, "rho_curated/additive_GE/additive_pairwise": 0.9798791284817165, "rho_random/additive_GE/additive_pairwise": 0.9691270804051285, "rho_curated/pairwise_GE/additive_pairwise": 0.9800420540252032, "rho_random/pairwise_GE/additive_pairwise": 0.972534367867206, "rho_curated/additive/nonlin_additive": 0.9984786272430355, "rho_random/additive/nonlin_additive": 0.9983102442417473, "rho_curated/pairwise/nonlin_additive": 0.9961311351890598, "rho_random/pairwise/nonlin_additive": 0.991541800842802, "rho_curated/additive_GE/nonlin_additive": 0.9999906873996268, "rho_random/additive_GE/nonlin_additive": 0.9999841470526468, "rho_curated/pairwise_GE/nonlin_additive": 0.9923170156283121, "rho_random/pairwise_GE/nonlin_additive": 0.9881285431498195, "rho_curated/additive/nonlin_additive_pairwise": NaN, "rho_random/additive/nonlin_additive_pairwise": 0.23740057017683222, "rho_curated/pairwise/nonlin_additive_pairwise": NaN, "rho_random/pairwise/nonlin_additive_pairwise": 0.20946914627013077, "rho_curated/additive_GE/nonlin_additive_pairwise": NaN, "rho_random/additive_GE/nonlin_additive_pairwise": NaN, "rho_curated/pairwise_GE/nonlin_additive_pairwise": NaN, "rho_random/pairwise_GE/nonlin_additive_pairwise": 0.16254101665480197, "rho_curated_mean": 0.9923591265819977, "rho_random_mean": 0.8312222626134022, "_wandb": {"runtime": 541}}