{"potts/n_edges": 2504, "potts/edge_density": 0.7924050632911392, "potts/J_mean_abs": 3.980381727218628, "potts/J_std": 3.1155049800872803, "_timestamp": 1773583230.0882163, "_runtime": 603.4181973934174, "_step": 21, "gt_scores/additive/std": 1.497112104825569, "gt_scores/additive/min": -13.01795768737793, "gt_scores/additive/pct5": -6.25950858592987, "gt_scores/additive_pairwise/std": 97.82706571158423, "gt_scores/additive_pairwise/min": -765.8876342773438, "gt_scores/additive_pairwise/pct5": -347.712890625, "gt_scores/nonlin_additive/std": 0.16254647909860126, "gt_scores/nonlin_additive/min": -0.7687478410583604, "gt_scores/nonlin_additive/pct5": -0.7208141282310386, "gt_scores/nonlin_additive_pairwise/std": 0.019942988905228876, "gt_scores/nonlin_additive_pairwise/min": -0.7693056228832517, "gt_scores/nonlin_additive_pairwise/pct5": -0.7693056228832517, "rho_curated/additive/additive": 0.9999940781197629, "rho_random/additive/additive": 0.99998331998332, "rho_curated/pairwise/additive": 0.999343228453729, "rho_random/pairwise/additive": 0.999356038842242, "rho_curated/additive_GE/additive": 0.9999539901741594, "rho_random/additive_GE/additive": 0.9999032315923497, "rho_curated/pairwise_GE/additive": 0.9972170596566157, "rho_random/pairwise_GE/additive": 0.9959326146919163, "rho_curated/additive/additive_pairwise": 0.9764518870163801, "rho_random/additive/additive_pairwise": 0.9707913360175549, "rho_curated/pairwise/additive_pairwise": 0.9656941925372976, "rho_random/pairwise/additive_pairwise": 0.962547576693314, "rho_curated/additive_GE/additive_pairwise": 0.9784183069351784, "rho_random/additive_GE/additive_pairwise": 0.9688885402260566, "rho_curated/pairwise_GE/additive_pairwise": 0.965371033148348, "rho_random/pairwise_GE/additive_pairwise": 0.9605008240774284, "rho_curated/additive/nonlin_additive": 0.9952468655698745, "rho_random/additive/nonlin_additive": 0.9941919377608894, "rho_curated/pairwise/nonlin_additive": 0.994435128609405, "rho_random/pairwise/nonlin_additive": 0.9937158411658571, "rho_curated/additive_GE/nonlin_additive": 0.9999697011507879, "rho_random/additive_GE/nonlin_additive": 0.999957677639937, "rho_curated/pairwise_GE/nonlin_additive": 0.9933929745517188, "rho_random/pairwise_GE/nonlin_additive": 0.993044997044997, "rho_curated/additive/nonlin_additive_pairwise": 0.1684281296856474, "rho_random/additive/nonlin_additive_pairwise": 0.35155989609723054, "rho_curated/pairwise/nonlin_additive_pairwise": 0.14518163810478077, "rho_random/pairwise/nonlin_additive_pairwise": 0.2643850246644007, "rho_curated/additive_GE/nonlin_additive_pairwise": 0.01825458025390986, "rho_random/additive_GE/nonlin_additive_pairwise": 0.23718614576689837, "rho_curated/pairwise_GE/nonlin_additive_pairwise": 0.16199981126193644, "rho_random/pairwise_GE/nonlin_additive_pairwise": 0.2466587863084646, "rho_curated_mean": 0.7724595378268457, "rho_random_mean": 0.8086627367858036, "_wandb": {"runtime": 603}}