{"potts/n_edges": 334, "potts/edge_density": 0.767816091954023, "potts/J_mean_abs": 3.103754997253418, "potts/J_std": 2.4652326107025146, "_timestamp": 1773507272.161943, "_runtime": 539.1436479091644, "_step": 21, "gt_scores/additive/std": 1.074608035002341, "gt_scores/additive/min": -6.989950656890869, "gt_scores/additive/pct5": -4.36672306060791, "gt_scores/additive_pairwise/std": 45.536652419106304, "gt_scores/additive_pairwise/min": -285.98236083984375, "gt_scores/additive_pairwise/pct5": -161.32940902709962, "gt_scores/nonlin_additive/std": 0.16546829470393207, "gt_scores/nonlin_additive/min": -0.7554618415266655, "gt_scores/nonlin_additive/pct5": -0.7085149860262349, "gt_scores/nonlin_additive_pairwise/std": 0.05128773916485866, "gt_scores/nonlin_additive_pairwise/min": -0.7601830034897071, "gt_scores/nonlin_additive_pairwise/pct5": -0.7601830034897071, "rho_curated/additive/additive": 0.9999974559758981, "rho_random/additive/additive": 0.9999905589836497, "rho_curated/pairwise/additive": 0.9991527660780293, "rho_random/pairwise/additive": 0.9987468831170602, "rho_curated/additive_GE/additive": 0.9999383877975282, "rho_random/additive_GE/additive": 0.999893257810663, "rho_curated/pairwise_GE/additive": 0.971493551734269, "rho_random/pairwise_GE/additive": 0.9587793899756305, "rho_curated/additive/additive_pairwise": 0.9718766083617142, "rho_random/additive/additive_pairwise": 0.9572572164156211, "rho_curated/pairwise/additive_pairwise": 0.9842671818103097, "rho_random/pairwise/additive_pairwise": 0.9755488346439974, "rho_curated/additive_GE/additive_pairwise": 0.9722395123762477, "rho_random/additive_GE/additive_pairwise": 0.960167996462331, "rho_curated/pairwise_GE/additive_pairwise": 0.9646296621283376, "rho_random/pairwise_GE/additive_pairwise": 0.9635049505090589, "rho_curated/additive/nonlin_additive": 0.9974702802337184, "rho_random/additive/nonlin_additive": 0.9966253837556319, "rho_curated/pairwise/nonlin_additive": 0.992730433690077, "rho_random/pairwise/nonlin_additive": 0.9897398167205809, "rho_curated/additive_GE/nonlin_additive": 0.9999902450316057, "rho_random/additive_GE/nonlin_additive": 0.9999850219666233, "rho_curated/pairwise_GE/nonlin_additive": 0.9890091954998835, "rho_random/pairwise_GE/nonlin_additive": 0.9842642963948701, "rho_curated/additive/nonlin_additive_pairwise": 0.1487304194760062, "rho_random/additive/nonlin_additive_pairwise": 0.44064637256568506, "rho_curated/pairwise/nonlin_additive_pairwise": 0.16076837648459025, "rho_random/pairwise/nonlin_additive_pairwise": 0.4101810249873653, "rho_curated/additive_GE/nonlin_additive_pairwise": 0.10967504383429892, "rho_random/additive_GE/nonlin_additive_pairwise": 0.4289561698480274, "rho_curated/pairwise_GE/nonlin_additive_pairwise": 0.14942746948347754, "rho_random/pairwise_GE/nonlin_additive_pairwise": 0.47584821383617903, "rho_curated_mean": 0.7757122868747495, "rho_random_mean": 0.846258461749561, "_wandb": {"runtime": 538}}