{"potts/n_edges": 188, "potts/edge_density": 0.31596638655462184, "potts/J_mean_abs": 2.436826467514038, "potts/J_std": 1.9591064453125, "_timestamp": 1773413867.8252385, "_runtime": 481.53632736206055, "_step": 21, "gt_scores/additive/std": 0.7818605886926625, "gt_scores/additive/min": -5.0639238357543945, "gt_scores/additive/pct5": -2.6261610984802246, "gt_scores/additive_pairwise/std": 6.068358075848683, "gt_scores/additive_pairwise/min": -51.906436920166016, "gt_scores/additive_pairwise/pct5": -18.14530830383301, "gt_scores/nonlin_additive/std": 0.18253181632562618, "gt_scores/nonlin_additive/min": -0.6764460862485413, "gt_scores/nonlin_additive/pct5": -0.6109772938500013, "gt_scores/nonlin_additive_pairwise/std": 0.2364099641189956, "gt_scores/nonlin_additive_pairwise/min": -0.6797008911617691, "gt_scores/nonlin_additive_pairwise/pct5": -0.679700890984873, "rho_curated/additive/additive": 0.9999968893590431, "rho_random/additive/additive": 0.9999902445804657, "rho_curated/pairwise/additive": 0.9987871975368384, "rho_random/pairwise/additive": 0.9988175955744137, "rho_curated/additive_GE/additive": 0.9999586694429653, "rho_random/additive_GE/additive": 0.9999150708666064, "rho_curated/pairwise_GE/additive": 0.9856803465637024, "rho_random/pairwise_GE/additive": 0.9859823363384592, "rho_curated/additive/additive_pairwise": 0.7737842226047076, "rho_random/additive/additive_pairwise": 0.7894691710616566, "rho_curated/pairwise/additive_pairwise": 0.8285689442825231, "rho_random/pairwise/additive_pairwise": 0.8460015348712957, "rho_curated/additive_GE/additive_pairwise": 0.7595267057692099, "rho_random/additive_GE/additive_pairwise": 0.8017084352528903, "rho_curated/pairwise_GE/additive_pairwise": 0.8401458754295792, "rho_random/pairwise_GE/additive_pairwise": 0.8554393572506672, "rho_curated/additive/nonlin_additive": 0.997539477969458, "rho_random/additive/nonlin_additive": 0.9963547561287784, "rho_curated/pairwise/nonlin_additive": 0.9948420660647943, "rho_random/pairwise/nonlin_additive": 0.9929506782801756, "rho_curated/additive_GE/nonlin_additive": 0.9999875346092454, "rho_random/additive_GE/nonlin_additive": 0.9999763803739871, "rho_curated/pairwise_GE/nonlin_additive": 0.9938364758088056, "rho_random/pairwise_GE/nonlin_additive": 0.992383594991036, "rho_curated/additive/nonlin_additive_pairwise": 0.7125619888433034, "rho_random/additive/nonlin_additive_pairwise": 0.7801351064875122, "rho_curated/pairwise/nonlin_additive_pairwise": 0.7471497043116399, "rho_random/pairwise/nonlin_additive_pairwise": 0.7946142273482705, "rho_curated/additive_GE/nonlin_additive_pairwise": 0.652246947271124, "rho_random/additive_GE/nonlin_additive_pairwise": 0.7825158703481805, "rho_curated/pairwise_GE/nonlin_additive_pairwise": 0.7564479973988789, "rho_random/pairwise_GE/nonlin_additive_pairwise": 0.8282851376873345, "rho_curated_mean": 0.8775663152041137, "rho_random_mean": 0.9027837185901081, "_wandb": {"runtime": 480}}