{"potts/n_edges": 1396, "potts/edge_density": 0.4417721518987342, "potts/J_mean_abs": 5.455512046813965, "potts/J_std": 10.899626731872559, "_timestamp": 1773651541.997081, "_runtime": 566.3720679283142, "_step": 21, "gt_scores/additive/std": 0.7768177002109673, "gt_scores/additive/min": -4.892550468444824, "gt_scores/additive/pct5": -2.5993709206581115, "gt_scores/additive_pairwise/std": 27.31434611696795, "gt_scores/additive_pairwise/min": -540.2315063476562, "gt_scores/additive_pairwise/pct5": -63.01074104309082, "gt_scores/nonlin_additive/std": 0.1812321701220541, "gt_scores/nonlin_additive/min": -0.6744239190069402, "gt_scores/nonlin_additive/pct5": -0.609166153762522, "gt_scores/nonlin_additive_pairwise/std": 0.2268083200797168, "gt_scores/nonlin_additive_pairwise/min": -0.6782875249846971, "gt_scores/nonlin_additive_pairwise/pct5": -0.6782875249846971, "rho_curated/additive/additive": 0.9999939474134757, "rho_random/additive/additive": 0.9999849646519576, "rho_curated/pairwise/additive": 0.9996173193817762, "rho_random/pairwise/additive": 0.999778311395, "rho_curated/additive_GE/additive": 0.9999519503236678, "rho_random/additive_GE/additive": 0.999905266598799, "rho_curated/pairwise_GE/additive": 0.992971043819427, "rho_random/pairwise_GE/additive": 0.9905013283675863, "rho_curated/additive/additive_pairwise": 0.5698770786998423, "rho_random/additive/additive_pairwise": 0.7707979939069826, "rho_curated/pairwise/additive_pairwise": 0.5740278673019582, "rho_random/pairwise/additive_pairwise": 0.7087129507497633, "rho_curated/additive_GE/additive_pairwise": 0.5791588633821467, "rho_random/additive_GE/additive_pairwise": 0.7750090361320368, "rho_curated/pairwise_GE/additive_pairwise": 0.6159451522186788, "rho_random/pairwise_GE/additive_pairwise": 0.7797761875745474, "rho_curated/additive/nonlin_additive": 0.9957787272704546, "rho_random/additive/nonlin_additive": 0.9950598915800665, "rho_curated/pairwise/nonlin_additive": 0.9969477026683633, "rho_random/pairwise/nonlin_additive": 0.9962081766581524, "rho_curated/additive_GE/nonlin_additive": 0.9998325615749928, "rho_random/additive_GE/nonlin_additive": 0.9997151523248783, "rho_curated/pairwise_GE/nonlin_additive": 0.9951904561259286, "rho_random/pairwise_GE/nonlin_additive": 0.9942383397709825, "rho_curated/additive/nonlin_additive_pairwise": 0.6180544421926316, "rho_random/additive/nonlin_additive_pairwise": 0.6839997851220202, "rho_curated/pairwise/nonlin_additive_pairwise": 0.6050006398475207, "rho_random/pairwise/nonlin_additive_pairwise": 0.7162800584389794, "rho_curated/additive_GE/nonlin_additive_pairwise": 0.2556835163848362, "rho_random/additive_GE/nonlin_additive_pairwise": 0.37189483451420946, "rho_curated/pairwise_GE/nonlin_additive_pairwise": 0.5025013053071135, "rho_random/pairwise_GE/nonlin_additive_pairwise": 0.6489177879758666, "rho_curated_mean": 0.7687832858695509, "rho_random_mean": 0.8394237541101142, "_wandb": {"runtime": 566}}