{"potts/n_edges": 255, "potts/edge_density": 0.85, "potts/J_mean_abs": 2.501847505569458, "potts/J_std": 1.9866859912872314, "_timestamp": 1773635332.2118921, "_runtime": 527.4653780460358, "_step": 21, "gt_scores/additive/std": 1.4607008917297066, "gt_scores/additive/min": -10.880603790283203, "gt_scores/additive/pct5": -7.648485493659973, "gt_scores/additive_pairwise/std": 74.77877586629688, "gt_scores/additive_pairwise/min": -503.5777282714844, "gt_scores/additive_pairwise/pct5": -337.0310989379883, "gt_scores/nonlin_additive/std": 0.1329364744996366, "gt_scores/nonlin_additive/min": -0.8491222741790089, "gt_scores/nonlin_additive/pct5": -0.8226467537292117, "gt_scores/nonlin_additive_pairwise/std": 3.2950210144146e-07, "gt_scores/nonlin_additive_pairwise/min": -0.8524745773399738, "gt_scores/nonlin_additive_pairwise/pct5": -0.8524745773399738, "rho_curated/additive/additive": 0.9999970310798812, "rho_random/additive/additive": 0.9999907493959341, "rho_curated/pairwise/additive": 0.9997554902222137, "rho_random/pairwise/additive": 0.9995834979083363, "rho_curated/additive_GE/additive": 0.9999610314384396, "rho_random/additive_GE/additive": 0.9999102978016138, "rho_curated/pairwise_GE/additive": 0.9807861096145223, "rho_random/pairwise_GE/additive": 0.9663998109239627, "rho_curated/additive/additive_pairwise": 0.9867711661338943, "rho_random/additive/additive_pairwise": 0.978722149192302, "rho_curated/pairwise/additive_pairwise": 0.9994317404092149, "rho_random/pairwise/additive_pairwise": 0.9989535396290042, "rho_curated/additive_GE/additive_pairwise": 0.986995691710267, "rho_random/additive_GE/additive_pairwise": 0.978257464108623, "rho_curated/pairwise_GE/additive_pairwise": 0.9784891096260157, "rho_random/pairwise_GE/additive_pairwise": 0.9687617201958911, "rho_curated/additive/nonlin_additive": 0.9974228253448512, "rho_random/additive/nonlin_additive": 0.9974138042458413, "rho_curated/pairwise/nonlin_additive": 0.9945519845655566, "rho_random/pairwise/nonlin_additive": 0.9878147622682513, "rho_curated/additive_GE/nonlin_additive": 0.9999879907115188, "rho_random/additive_GE/nonlin_additive": 0.9999878161992569, "rho_curated/pairwise_GE/nonlin_additive": 0.9902124517757934, "rho_random/pairwise_GE/nonlin_additive": 0.9879853503899446, "rho_curated/additive/nonlin_additive_pairwise": NaN, "rho_random/additive/nonlin_additive_pairwise": NaN, "rho_curated/pairwise/nonlin_additive_pairwise": NaN, "rho_random/pairwise/nonlin_additive_pairwise": 0.06123436602439059, "rho_curated/additive_GE/nonlin_additive_pairwise": NaN, "rho_random/additive_GE/nonlin_additive_pairwise": NaN, "rho_curated/pairwise_GE/nonlin_additive_pairwise": NaN, "rho_random/pairwise_GE/nonlin_additive_pairwise": NaN, "rho_curated_mean": 0.9928635518860139, "rho_random_mean": 0.9173088714064116, "_wandb": {"runtime": 527}}