{"potts/n_edges": 161, "potts/edge_density": 0.8473684210526315, "potts/J_mean_abs": 3.5280723571777344, "potts/J_std": 3.0205702781677246, "_timestamp": 1773397066.4335477, "_runtime": 509.1168828010559, "_step": 21, "gt_scores/additive/std": 1.210202704410808, "gt_scores/additive/min": -8.911455154418945, "gt_scores/additive/pct5": -6.663809275627136, "gt_scores/additive_pairwise/std": 86.47498640194642, "gt_scores/additive_pairwise/min": -610.8799438476562, "gt_scores/additive_pairwise/pct5": -429.5593795776367, "gt_scores/nonlin_additive/std": 0.125785236402486, "gt_scores/nonlin_additive/min": -0.8664681453126024, "gt_scores/nonlin_additive/pct5": -0.8440971430509998, "gt_scores/nonlin_additive_pairwise/std": 1.570092458683775e-18, "gt_scores/nonlin_additive_pairwise/min": -0.8707194432537088, "gt_scores/nonlin_additive_pairwise/pct5": -0.8707194432537088, "rho_curated/additive/additive": 0.9999968960558757, "rho_random/additive/additive": 0.9999884511299304, "rho_curated/pairwise/additive": 0.9999431877497262, "rho_random/pairwise/additive": 0.9998718364753926, "rho_curated/additive_GE/additive": 0.9999857380474294, "rho_random/additive_GE/additive": 0.9999677259047631, "rho_curated/pairwise_GE/additive": 0.9991838811432966, "rho_random/pairwise_GE/additive": 0.9983984381366812, "rho_curated/additive/additive_pairwise": 0.9807771199577007, "rho_random/additive/additive_pairwise": 0.970360918162942, "rho_curated/pairwise/additive_pairwise": 0.9999380087895188, "rho_random/pairwise/additive_pairwise": 0.9998745146645406, "rho_curated/additive_GE/additive_pairwise": 0.9808026869431861, "rho_random/additive_GE/additive_pairwise": 0.9660172419133445, "rho_curated/pairwise_GE/additive_pairwise": 0.9917948506794003, "rho_random/pairwise_GE/additive_pairwise": 0.9868234759252723, "rho_curated/additive/nonlin_additive": 0.994567936429805, "rho_random/additive/nonlin_additive": 0.9951380299899942, "rho_curated/pairwise/nonlin_additive": 0.998115557748351, "rho_random/pairwise/nonlin_additive": 0.9943351201520371, "rho_curated/additive_GE/nonlin_additive": 0.9999905678316208, "rho_random/additive_GE/nonlin_additive": 0.9999881946614669, "rho_curated/pairwise_GE/nonlin_additive": 0.9986626694023784, "rho_random/pairwise_GE/nonlin_additive": 0.9986682227305823, "rho_curated/additive/nonlin_additive_pairwise": NaN, "rho_random/additive/nonlin_additive_pairwise": NaN, "rho_curated/pairwise/nonlin_additive_pairwise": NaN, "rho_random/pairwise/nonlin_additive_pairwise": NaN, "rho_curated/additive_GE/nonlin_additive_pairwise": NaN, "rho_random/additive_GE/nonlin_additive_pairwise": NaN, "rho_curated/pairwise_GE/nonlin_additive_pairwise": NaN, "rho_random/pairwise_GE/nonlin_additive_pairwise": NaN, "rho_curated_mean": 0.9953132583981907, "rho_random_mean": 0.992452680820579, "_wandb": {"runtime": 508}}