{"potts/n_edges": 204, "potts/edge_density": 0.68, "potts/J_mean_abs": 1.5469231605529785, "potts/J_std": 1.2351582050323486, "_timestamp": 1773444492.4084523, "_runtime": 530.341979265213, "_step": 21, "gt_scores/additive/std": 1.1398200883094438, "gt_scores/additive/min": -9.020009994506836, "gt_scores/additive/pct5": -6.03385751247406, "gt_scores/additive_pairwise/std": 29.82397499169191, "gt_scores/additive_pairwise/min": -200.7498016357422, "gt_scores/additive_pairwise/pct5": -132.66083679199218, "gt_scores/nonlin_additive/std": 0.13291535666614748, "gt_scores/nonlin_additive/min": -0.8512857583768847, "gt_scores/nonlin_additive/pct5": -0.8249976913530378, "gt_scores/nonlin_additive_pairwise/std": 0.0001323074488698078, "gt_scores/nonlin_additive_pairwise/min": -0.853410595172368, "gt_scores/nonlin_additive_pairwise/pct5": -0.853410595172368, "rho_curated/additive/additive": 0.9999984831759393, "rho_random/additive/additive": 0.9999953981981592, "rho_curated/pairwise/additive": 0.9997182199487086, "rho_random/pairwise/additive": 0.9995185420823617, "rho_curated/additive_GE/additive": 0.99997705086308, "rho_random/additive_GE/additive": 0.9999466935619992, "rho_curated/pairwise_GE/additive": 0.9801122454350579, "rho_random/pairwise_GE/additive": 0.9596627475902584, "rho_curated/additive/additive_pairwise": 0.9727688713967941, "rho_random/additive/additive_pairwise": 0.9561167295460844, "rho_curated/pairwise/additive_pairwise": 0.9990386896095016, "rho_random/pairwise/additive_pairwise": 0.998325667107689, "rho_curated/additive_GE/additive_pairwise": 0.9728235017116358, "rho_random/additive_GE/additive_pairwise": 0.948658988571031, "rho_curated/pairwise_GE/additive_pairwise": 0.9786504045594543, "rho_random/pairwise_GE/additive_pairwise": 0.9669951226158744, "rho_curated/additive/nonlin_additive": 0.996539976093516, "rho_random/additive/nonlin_additive": 0.997023737643976, "rho_curated/pairwise/nonlin_additive": 0.9936200086084943, "rho_random/pairwise/nonlin_additive": 0.987781452085171, "rho_curated/additive_GE/nonlin_additive": 0.9999797344711872, "rho_random/additive_GE/nonlin_additive": 0.9999763573986868, "rho_curated/pairwise_GE/nonlin_additive": 0.989672039362386, "rho_random/pairwise_GE/nonlin_additive": 0.9854439331494396, "rho_curated/additive/nonlin_additive_pairwise": NaN, "rho_random/additive/nonlin_additive_pairwise": 0.12523097658514143, "rho_curated/pairwise/nonlin_additive_pairwise": NaN, "rho_random/pairwise/nonlin_additive_pairwise": 0.08071446351643889, "rho_curated/additive_GE/nonlin_additive_pairwise": NaN, "rho_random/additive_GE/nonlin_additive_pairwise": NaN, "rho_curated/pairwise_GE/nonlin_additive_pairwise": NaN, "rho_random/pairwise_GE/nonlin_additive_pairwise": 0.11777586243112141, "rho_curated_mean": 0.9902416021029796, "rho_random_mean": 0.8082111114722289, "_wandb": {"runtime": 529}}