{"potts/n_edges": 266, "potts/edge_density": 0.8866666666666667, "potts/J_mean_abs": 3.775559663772583, "potts/J_std": 2.997518301010132, "_timestamp": 1773624249.2101736, "_runtime": 413.9862186908722, "_step": 21, "gt_scores/additive/std": 1.4607008917297066, "gt_scores/additive/min": -10.880603790283203, "gt_scores/additive/pct5": -7.648485493659973, "gt_scores/additive_pairwise/std": 101.78318699027255, "gt_scores/additive_pairwise/min": -668.3326416015625, "gt_scores/additive_pairwise/pct5": -457.1370147705078, "gt_scores/nonlin_additive/std": 0.1329364744996366, "gt_scores/nonlin_additive/min": -0.8491222741790089, "gt_scores/nonlin_additive/pct5": -0.8226467537292117, "gt_scores/nonlin_additive_pairwise/std": 3.683512280844095e-09, "gt_scores/nonlin_additive_pairwise/min": -0.8524745773399738, "gt_scores/nonlin_additive_pairwise/pct5": -0.8524745773399738, "rho_curated/additive/additive": 0.9999972113678882, "rho_random/additive/additive": 0.9999918894238482, "rho_curated/pairwise/additive": 0.9997479226858986, "rho_random/pairwise/additive": 0.9995183058298378, "rho_curated/additive_GE/additive": 0.9999725901029016, "rho_random/additive_GE/additive": 0.9999297299081239, "rho_curated/pairwise_GE/additive": 0.9786327198962834, "rho_random/pairwise_GE/additive": 0.9639696265982284, "rho_curated/additive/additive_pairwise": 0.9826745635621511, "rho_random/additive/additive_pairwise": 0.9683513348299205, "rho_curated/pairwise/additive_pairwise": 0.9994166870326396, "rho_random/pairwise/additive_pairwise": 0.9990097837970504, "rho_curated/additive_GE/additive_pairwise": 0.982858094353501, "rho_random/additive_GE/additive_pairwise": 0.9686353081849874, "rho_curated/pairwise_GE/additive_pairwise": 0.9766968627307561, "rho_random/pairwise_GE/additive_pairwise": 0.9643098004227844, "rho_curated/additive/nonlin_additive": 0.9969627358702907, "rho_random/additive/nonlin_additive": 0.9971128745285317, "rho_curated/pairwise/nonlin_additive": 0.9940579810501766, "rho_random/pairwise/nonlin_additive": 0.9871898395302308, "rho_curated/additive_GE/nonlin_additive": 0.9999900376476009, "rho_random/additive_GE/nonlin_additive": 0.9999874064280235, "rho_curated/pairwise_GE/nonlin_additive": 0.9892539355138995, "rho_random/pairwise_GE/nonlin_additive": 0.9879544231372829, "rho_curated/additive/nonlin_additive_pairwise": NaN, "rho_random/additive/nonlin_additive_pairwise": NaN, "rho_curated/pairwise/nonlin_additive_pairwise": NaN, "rho_random/pairwise/nonlin_additive_pairwise": NaN, "rho_curated/additive_GE/nonlin_additive_pairwise": NaN, "rho_random/additive_GE/nonlin_additive_pairwise": NaN, "rho_curated/pairwise_GE/nonlin_additive_pairwise": NaN, "rho_random/pairwise_GE/nonlin_additive_pairwise": NaN, "rho_curated_mean": 0.9916884451511655, "rho_random_mean": 0.9863300268849041, "_wandb": {"runtime": 413}}