{"potts/n_edges": 195, "potts/edge_density": 0.4482758620689655, "potts/J_mean_abs": 6.3057050704956055, "potts/J_std": 9.428543090820312, "_timestamp": 1773456407.5012288, "_runtime": 513.2874069213867, "_step": 21, "gt_scores/additive/std": 1.171527274585528, "gt_scores/additive/min": -8.120271682739258, "gt_scores/additive/pct5": -5.117099380493164, "gt_scores/additive_pairwise/std": 67.86122482090826, "gt_scores/additive_pairwise/min": -597.7705688476562, "gt_scores/additive_pairwise/pct5": -234.3291923522949, "gt_scores/nonlin_additive/std": 0.15758704638940746, "gt_scores/nonlin_additive/min": -0.7858942776032621, "gt_scores/nonlin_additive/pct5": -0.7441416081595725, "gt_scores/nonlin_additive_pairwise/std": 0.04132543614583862, "gt_scores/nonlin_additive_pairwise/min": -0.7895450085969645, "gt_scores/nonlin_additive_pairwise/pct5": -0.7895450085969645, "rho_curated/additive/additive": 0.9999969226958769, "rho_random/additive/additive": 0.9999902514474367, "rho_curated/pairwise/additive": 0.9991376950614871, "rho_random/pairwise/additive": 0.9986209948143998, "rho_curated/additive_GE/additive": 0.9999682643667288, "rho_random/additive_GE/additive": 0.9999446996015211, "rho_curated/pairwise_GE/additive": 0.972080631025885, "rho_random/pairwise_GE/additive": 0.9623713221654845, "rho_curated/additive/additive_pairwise": 0.8537561858552276, "rho_random/additive/additive_pairwise": 0.855069533901302, "rho_curated/pairwise/additive_pairwise": 0.9165716111168621, "rho_random/pairwise/additive_pairwise": 0.8882160464224115, "rho_curated/additive_GE/additive_pairwise": NaN, "rho_random/additive_GE/additive_pairwise": NaN, "rho_curated/pairwise_GE/additive_pairwise": 0.9197399124916702, "rho_random/pairwise_GE/additive_pairwise": 0.8985676175299545, "rho_curated/additive/nonlin_additive": 0.9971382472291177, "rho_random/additive/nonlin_additive": 0.9966787505864022, "rho_curated/pairwise/nonlin_additive": 0.9918244776725866, "rho_random/pairwise/nonlin_additive": 0.9881208822399269, "rho_curated/additive_GE/nonlin_additive": 0.9999857986234305, "rho_random/additive_GE/nonlin_additive": 0.9999771791072363, "rho_curated/pairwise_GE/nonlin_additive": 0.9863606590531168, "rho_random/pairwise_GE/nonlin_additive": 0.9815366647826529, "rho_curated/additive/nonlin_additive_pairwise": 0.17055758329576412, "rho_random/additive/nonlin_additive_pairwise": 0.4085703369202326, "rho_curated/pairwise/nonlin_additive_pairwise": 0.234149228218673, "rho_random/pairwise/nonlin_additive_pairwise": 0.390256262534022, "rho_curated/additive_GE/nonlin_additive_pairwise": 0.168914178614488, "rho_random/additive_GE/nonlin_additive_pairwise": 0.2745190120118393, "rho_curated/pairwise_GE/nonlin_additive_pairwise": 0.15626750021778435, "rho_random/pairwise_GE/nonlin_additive_pairwise": 0.3693448284442494, "rho_curated_mean": 0.7577632597025801, "rho_random_mean": 0.800785625500605, "_wandb": {"runtime": 512}}