{"potts/n_edges": 425, "potts/edge_density": 0.7142857142857143, "potts/J_mean_abs": 2.772395372390747, "potts/J_std": 2.576155424118042, "_timestamp": 1773518615.1963794, "_runtime": 492.00288343429565, "_step": 21, "gt_scores/additive/std": 1.2131658817929183, "gt_scores/additive/min": -9.223040580749512, "gt_scores/additive/pct5": -5.876311326026917, "gt_scores/additive_pairwise/std": 73.92866903926522, "gt_scores/additive_pairwise/min": -617.9486083984375, "gt_scores/additive_pairwise/pct5": -307.54970703125, "gt_scores/nonlin_additive/std": 0.1429851728070397, "gt_scores/nonlin_additive/min": -0.8260453358601673, "gt_scores/nonlin_additive/pct5": -0.7918037243495972, "gt_scores/nonlin_additive_pairwise/std": 1.6294516585435707e-05, "gt_scores/nonlin_additive_pairwise/min": -0.8284503980057596, "gt_scores/nonlin_additive_pairwise/pct5": -0.8284503980057596, "rho_curated/additive/additive": 0.9999971479598854, "rho_random/additive/additive": 0.9999910153717305, "rho_curated/pairwise/additive": 0.9989426090855267, "rho_random/pairwise/additive": 0.9983954225519279, "rho_curated/additive_GE/additive": 0.9999704630308136, "rho_random/additive_GE/additive": 0.9999366647364493, "rho_curated/pairwise_GE/additive": 0.9629845859949415, "rho_random/pairwise_GE/additive": 0.942613516286477, "rho_curated/additive/additive_pairwise": 0.9753993445827932, "rho_random/additive/additive_pairwise": 0.9572796630221139, "rho_curated/pairwise/additive_pairwise": 0.9814050239668621, "rho_random/pairwise/additive_pairwise": 0.9719871465056389, "rho_curated/additive_GE/additive_pairwise": 0.9756102644878253, "rho_random/additive_GE/additive_pairwise": 0.9527744422382641, "rho_curated/pairwise_GE/additive_pairwise": 0.9409735360615248, "rho_random/pairwise_GE/additive_pairwise": 0.916375741543002, "rho_curated/additive/nonlin_additive": 0.9967235096205472, "rho_random/additive/nonlin_additive": 0.9957650357865354, "rho_curated/pairwise/nonlin_additive": 0.986783414150385, "rho_random/pairwise/nonlin_additive": 0.9790347085695977, "rho_curated/additive_GE/nonlin_additive": 0.9999903063276115, "rho_random/additive_GE/nonlin_additive": 0.9999871188547437, "rho_curated/pairwise_GE/nonlin_additive": 0.9773272961714593, "rho_random/pairwise_GE/nonlin_additive": 0.9746333750429391, "rho_curated/additive/nonlin_additive_pairwise": NaN, "rho_random/additive/nonlin_additive_pairwise": 0.036327241108609895, "rho_curated/pairwise/nonlin_additive_pairwise": NaN, "rho_random/pairwise/nonlin_additive_pairwise": NaN, "rho_curated/additive_GE/nonlin_additive_pairwise": NaN, "rho_random/additive_GE/nonlin_additive_pairwise": NaN, "rho_curated/pairwise_GE/nonlin_additive_pairwise": NaN, "rho_random/pairwise_GE/nonlin_additive_pairwise": -0.037414841186449874, "rho_curated_mean": 0.9830089584533478, "rho_random_mean": 0.8348347321736843, "_wandb": {"runtime": 491}}