{"potts/n_edges": 232, "potts/edge_density": 0.5333333333333333, "potts/J_mean_abs": 3.0610220432281494, "potts/J_std": 2.5071778297424316, "_timestamp": 1773402978.8136933, "_runtime": 547.0698812007904, "_step": 21, "gt_scores/additive/std": 1.170066235861912, "gt_scores/additive/min": -8.504539489746094, "gt_scores/additive/pct5": -5.08946385383606, "gt_scores/additive_pairwise/std": 33.35692903587523, "gt_scores/additive_pairwise/min": -211.99295043945312, "gt_scores/additive_pairwise/pct5": -122.43199882507324, "gt_scores/nonlin_additive/std": 0.15818688959616178, "gt_scores/nonlin_additive/min": -0.7819405808126558, "gt_scores/nonlin_additive/pct5": -0.739590085936338, "gt_scores/nonlin_additive_pairwise/std": 0.04031761107746603, "gt_scores/nonlin_additive_pairwise/min": -0.7844718337635869, "gt_scores/nonlin_additive_pairwise/pct5": -0.7844718337635869, "rho_curated/additive/additive": 0.9999973100798922, "rho_random/additive/additive": 0.9999921787705291, "rho_curated/pairwise/additive": 0.9990910571796422, "rho_random/pairwise/additive": 0.9986408804645436, "rho_curated/additive_GE/additive": 0.9999750979350025, "rho_random/additive_GE/additive": 0.999948833787631, "rho_curated/pairwise_GE/additive": 0.9714510828260431, "rho_random/pairwise_GE/additive": 0.9573440055356454, "rho_curated/additive/additive_pairwise": 0.9456467208952597, "rho_random/additive/additive_pairwise": 0.9136474607626031, "rho_curated/pairwise/additive_pairwise": 0.9790418917846696, "rho_random/pairwise/additive_pairwise": 0.9686387211851526, "rho_curated/additive_GE/additive_pairwise": 0.9460470784725883, "rho_random/additive_GE/additive_pairwise": 0.9271727858857433, "rho_curated/pairwise_GE/additive_pairwise": 0.9544502473369166, "rho_random/pairwise_GE/additive_pairwise": 0.9368286579756973, "rho_curated/additive/nonlin_additive": 0.9972150491044681, "rho_random/additive/nonlin_additive": 0.9960632338091417, "rho_curated/pairwise/nonlin_additive": 0.9909411374529933, "rho_random/pairwise/nonlin_additive": 0.9850655053315448, "rho_curated/additive_GE/nonlin_additive": 0.9999764044710544, "rho_random/additive_GE/nonlin_additive": 0.9999683767165768, "rho_curated/pairwise_GE/nonlin_additive": 0.9876556993930428, "rho_random/pairwise_GE/nonlin_additive": 0.9850413858998261, "rho_curated/additive/nonlin_additive_pairwise": 0.05099394412444141, "rho_random/additive/nonlin_additive_pairwise": 0.4884455117288767, "rho_curated/pairwise/nonlin_additive_pairwise": 0.05703789163649141, "rho_random/pairwise/nonlin_additive_pairwise": 0.40336596003955166, "rho_curated/additive_GE/nonlin_additive_pairwise": 0.0787173530037957, "rho_random/additive_GE/nonlin_additive_pairwise": 0.3845175644387184, "rho_curated/pairwise_GE/nonlin_additive_pairwise": 0.11473607703230447, "rho_random/pairwise_GE/nonlin_additive_pairwise": 0.435264372515716, "rho_curated_mean": 0.7545608776705378, "rho_random_mean": 0.8362465896779685, "_wandb": {"runtime": 546}}