{"potts/n_edges": 54, "potts/edge_density": 0.28421052631578947, "potts/J_mean_abs": 5.208163738250732, "potts/J_std": 9.281917572021484, "_timestamp": 1773533050.1951864, "_runtime": 608.4101884365082, "_step": 21, "gt_scores/additive/std": 1.1523767070841298, "gt_scores/additive/min": -7.738286018371582, "gt_scores/additive/pct5": -5.224474596977234, "gt_scores/additive_pairwise/std": 39.558592470036615, "gt_scores/additive_pairwise/min": -333.26953125, "gt_scores/additive_pairwise/pct5": -119.42432403564453, "gt_scores/nonlin_additive/std": 0.15566557923492758, "gt_scores/nonlin_additive/min": -0.7982763601893211, "gt_scores/nonlin_additive/pct5": -0.7612027655341534, "gt_scores/nonlin_additive_pairwise/std": 0.04298324019059884, "gt_scores/nonlin_additive_pairwise/min": -0.8032006105826088, "gt_scores/nonlin_additive_pairwise/pct5": -0.8032006105826088, "rho_curated/additive/additive": 0.9999976830399071, "rho_random/additive/additive": 0.999993293437142, "rho_curated/pairwise/additive": 0.999943770253748, "rho_random/pairwise/additive": 0.9998845054040263, "rho_curated/additive_GE/additive": 0.9999853442554136, "rho_random/additive_GE/additive": 0.9999637794942149, "rho_curated/pairwise_GE/additive": 0.9931489501497937, "rho_random/pairwise_GE/additive": 0.9888692644582324, "rho_curated/additive/additive_pairwise": 0.7397921006209491, "rho_random/additive/additive_pairwise": 0.7695186375186376, "rho_curated/pairwise/additive_pairwise": 0.9999219952928758, "rho_random/pairwise/additive_pairwise": 0.9996543685641495, "rho_curated/additive_GE/additive_pairwise": 0.43456713285954446, "rho_random/additive_GE/additive_pairwise": 0.836883914870169, "rho_curated/pairwise_GE/additive_pairwise": 0.9081866332800406, "rho_random/pairwise_GE/additive_pairwise": 0.9891913791046059, "rho_curated/additive/nonlin_additive": 0.9971721080623412, "rho_random/additive/nonlin_additive": 0.9968660651659532, "rho_curated/pairwise/nonlin_additive": 0.9986958975714917, "rho_random/pairwise/nonlin_additive": 0.9975804087878997, "rho_curated/additive_GE/nonlin_additive": 0.9999881030075217, "rho_random/additive_GE/nonlin_additive": 0.9999820455002373, "rho_curated/pairwise_GE/nonlin_additive": 0.9992389192653741, "rho_random/pairwise_GE/nonlin_additive": 0.9990411416403588, "rho_curated/additive/nonlin_additive_pairwise": 0.10966439368744123, "rho_random/additive/nonlin_additive_pairwise": 0.49294919141760446, "rho_curated/pairwise/nonlin_additive_pairwise": 0.13700097797524405, "rho_random/pairwise/nonlin_additive_pairwise": 0.41215204873070244, "rho_curated/additive_GE/nonlin_additive_pairwise": 0.13541704745493255, "rho_random/additive_GE/nonlin_additive_pairwise": 0.49657179377398036, "rho_curated/pairwise_GE/nonlin_additive_pairwise": 0.13061215816299881, "rho_random/pairwise_GE/nonlin_additive_pairwise": 0.507556071640276, "rho_curated_mean": 0.7239583259337261, "rho_random_mean": 0.8429161193442619, "_wandb": {"runtime": 608}}