{"potts/n_edges": 279, "potts/edge_density": 0.93, "potts/J_mean_abs": 2.7808847427368164, "potts/J_std": 2.175069570541382, "_timestamp": 1773462926.658154, "_runtime": 568.952919960022, "_step": 21, "gt_scores/additive/std": 1.0845397655127298, "gt_scores/additive/min": -7.869518280029297, "gt_scores/additive/pct5": -4.928722500801086, "gt_scores/additive_pairwise/std": 60.15313309129734, "gt_scores/additive_pairwise/min": -463.168212890625, "gt_scores/additive_pairwise/pct5": -230.50637664794922, "gt_scores/nonlin_additive/std": 0.1521633644541054, "gt_scores/nonlin_additive/min": -0.7983750201741924, "gt_scores/nonlin_additive/pct5": -0.7601459147927325, "gt_scores/nonlin_additive_pairwise/std": 0.0027807640314424843, "gt_scores/nonlin_additive_pairwise/min": -0.8012119156418135, "gt_scores/nonlin_additive_pairwise/pct5": -0.8012119156418135, "rho_curated/additive/additive": 0.9999973389518934, "rho_random/additive/additive": 0.9999924519214587, "rho_curated/pairwise/additive": 0.999700369347986, "rho_random/pairwise/additive": 0.9995065763048605, "rho_curated/additive_GE/additive": 0.99996408577456, "rho_random/additive_GE/additive": 0.9999238155730894, "rho_curated/pairwise_GE/additive": 0.9778151080939423, "rho_random/pairwise_GE/additive": 0.9664499527361601, "rho_curated/additive/additive_pairwise": 0.9821007212107401, "rho_random/additive/additive_pairwise": 0.9739082669198401, "rho_curated/pairwise/additive_pairwise": 0.999013729848502, "rho_random/pairwise/additive_pairwise": 0.9985638570931278, "rho_curated/additive_GE/additive_pairwise": 0.9825522190696699, "rho_random/additive_GE/additive_pairwise": 0.9749624431507289, "rho_curated/pairwise_GE/additive_pairwise": 0.9772237800884046, "rho_random/pairwise_GE/additive_pairwise": 0.9690000129985693, "rho_curated/additive/nonlin_additive": 0.9976172217286887, "rho_random/additive/nonlin_additive": 0.9972402730609532, "rho_curated/pairwise/nonlin_additive": 0.9955164864766594, "rho_random/pairwise/nonlin_additive": 0.9914010820705729, "rho_curated/additive_GE/nonlin_additive": 0.9999826671033065, "rho_random/additive_GE/nonlin_additive": 0.9999757855464119, "rho_curated/pairwise_GE/nonlin_additive": 0.9931408331333039, "rho_random/pairwise_GE/nonlin_additive": 0.991190210986618, "rho_curated/additive/nonlin_additive_pairwise": NaN, "rho_random/additive/nonlin_additive_pairwise": 0.14778812568860836, "rho_curated/pairwise/nonlin_additive_pairwise": NaN, "rho_random/pairwise/nonlin_additive_pairwise": 0.11302079148458628, "rho_curated/additive_GE/nonlin_additive_pairwise": NaN, "rho_random/additive_GE/nonlin_additive_pairwise": 0.010467621440290288, "rho_curated/pairwise_GE/nonlin_additive_pairwise": NaN, "rho_random/pairwise_GE/nonlin_additive_pairwise": 0.19265338322352185, "rho_curated_mean": 0.9920520467356382, "rho_random_mean": 0.7703777906374624, "_wandb": {"runtime": 568}}