{"potts/n_edges": 244, "potts/edge_density": 0.8133333333333334, "potts/J_mean_abs": 3.8408734798431396, "potts/J_std": 3.181999921798706, "_timestamp": 1773521397.618923, "_runtime": 599.5577750205994, "_step": 21, "gt_scores/additive/std": 1.4607008917297066, "gt_scores/additive/min": -10.880603790283203, "gt_scores/additive/pct5": -7.648485493659973, "gt_scores/additive_pairwise/std": 91.36773593095639, "gt_scores/additive_pairwise/min": -637.6552124023438, "gt_scores/additive_pairwise/pct5": -406.2535095214844, "gt_scores/nonlin_additive/std": 0.1329364744996366, "gt_scores/nonlin_additive/min": -0.8491222741790089, "gt_scores/nonlin_additive/pct5": -0.8226467537292117, "gt_scores/nonlin_additive_pairwise/std": 1.3349402866838047e-08, "gt_scores/nonlin_additive_pairwise/min": -0.8524745773399738, "gt_scores/nonlin_additive_pairwise/pct5": -0.8524745773399738, "rho_curated/additive/additive": 0.9999976262319049, "rho_random/additive/additive": 0.9999917655734046, "rho_curated/pairwise/additive": 0.9997520114940567, "rho_random/pairwise/additive": 0.9995538225717013, "rho_curated/additive_GE/additive": 0.9999711746068444, "rho_random/additive_GE/additive": 0.9999324784528434, "rho_curated/pairwise_GE/additive": 0.9848171774232296, "rho_random/pairwise_GE/additive": 0.9731732881712891, "rho_curated/additive/additive_pairwise": 0.9758849003142387, "rho_random/additive/additive_pairwise": 0.9624987935795637, "rho_curated/pairwise/additive_pairwise": 0.9994366590414256, "rho_random/pairwise/additive_pairwise": 0.9990994962898768, "rho_curated/additive_GE/additive_pairwise": 0.9758725130251633, "rho_random/additive_GE/additive_pairwise": 0.9623439111166059, "rho_curated/pairwise_GE/additive_pairwise": 0.9790176810871966, "rho_random/pairwise_GE/additive_pairwise": 0.9678332306133143, "rho_curated/additive/nonlin_additive": 0.9972309677527735, "rho_random/additive/nonlin_additive": 0.9973118319284765, "rho_curated/pairwise/nonlin_additive": 0.9943282969967235, "rho_random/pairwise/nonlin_additive": 0.9891292999754377, "rho_curated/additive_GE/nonlin_additive": 0.9999907724316304, "rho_random/additive_GE/nonlin_additive": 0.9999873050794386, "rho_curated/pairwise_GE/nonlin_additive": 0.9895429435492157, "rho_random/pairwise_GE/nonlin_additive": 0.9860950781336993, "rho_curated/additive/nonlin_additive_pairwise": NaN, "rho_random/additive/nonlin_additive_pairwise": NaN, "rho_curated/pairwise/nonlin_additive_pairwise": NaN, "rho_random/pairwise/nonlin_additive_pairwise": NaN, "rho_curated/additive_GE/nonlin_additive_pairwise": NaN, "rho_random/additive_GE/nonlin_additive_pairwise": NaN, "rho_curated/pairwise_GE/nonlin_additive_pairwise": NaN, "rho_random/pairwise_GE/nonlin_additive_pairwise": NaN, "rho_curated_mean": 0.9913202269962001, "rho_random_mean": 0.9864125251238042, "_wandb": {"runtime": 599}}