{"potts/n_edges": 1519, "potts/edge_density": 0.8581920903954803, "potts/J_mean_abs": 2.619253635406494, "potts/J_std": 2.131824254989624, "_timestamp": 1773501951.689089, "_runtime": 595.3760051727295, "_step": 21, "gt_scores/additive/std": 1.3633645805803485, "gt_scores/additive/min": -9.40889835357666, "gt_scores/additive/pct5": -6.215056300163269, "gt_scores/additive_pairwise/std": 100.75764806135426, "gt_scores/additive_pairwise/min": -796.7731323242188, "gt_scores/additive_pairwise/pct5": -392.6238037109375, "gt_scores/nonlin_additive/std": 0.15173912896701205, "gt_scores/nonlin_additive/min": -0.7978490636737724, "gt_scores/nonlin_additive/pct5": -0.7612221365114886, "gt_scores/nonlin_additive_pairwise/std": 0.0004581921029520804, "gt_scores/nonlin_additive_pairwise/min": -0.8019071509953049, "gt_scores/nonlin_additive_pairwise/pct5": -0.8019071509953049, "rho_curated/additive/additive": 0.9999952457918099, "rho_random/additive/additive": 0.9999875352271477, "rho_curated/pairwise/additive": 0.9988957987158056, "rho_random/pairwise/additive": 0.9988681432341159, "rho_curated/additive_GE/additive": 0.9999628425505128, "rho_random/additive_GE/additive": 0.9999148507085305, "rho_curated/pairwise_GE/additive": 0.9943432843255956, "rho_random/pairwise_GE/additive": 0.9912928579598421, "rho_curated/additive/additive_pairwise": 0.9848343975206478, "rho_random/additive/additive_pairwise": 0.9757184582505506, "rho_curated/pairwise/additive_pairwise": 0.9779594165978478, "rho_random/pairwise/additive_pairwise": 0.9691735471512082, "rho_curated/additive_GE/additive_pairwise": 0.9852881536104668, "rho_random/additive_GE/additive_pairwise": 0.9775232484101464, "rho_curated/pairwise_GE/additive_pairwise": 0.9667099088675974, "rho_random/pairwise_GE/additive_pairwise": 0.9609458735659056, "rho_curated/additive/nonlin_additive": 0.9946413547133968, "rho_random/additive/nonlin_additive": 0.9942737450352459, "rho_curated/pairwise/nonlin_additive": 0.9891563898852145, "rho_random/pairwise/nonlin_additive": 0.9878770338386101, "rho_curated/additive_GE/nonlin_additive": 0.9999694612467754, "rho_random/additive_GE/nonlin_additive": 0.9999569504657047, "rho_curated/pairwise_GE/nonlin_additive": 0.9943166702442576, "rho_random/pairwise_GE/nonlin_additive": 0.9934325109348173, "rho_curated/additive/nonlin_additive_pairwise": NaN, "rho_random/additive/nonlin_additive_pairwise": 0.03149992169951298, "rho_curated/pairwise/nonlin_additive_pairwise": NaN, "rho_random/pairwise/nonlin_additive_pairwise": 0.11388017968599422, "rho_curated/additive_GE/nonlin_additive_pairwise": NaN, "rho_random/additive_GE/nonlin_additive_pairwise": NaN, "rho_curated/pairwise_GE/nonlin_additive_pairwise": NaN, "rho_random/pairwise_GE/nonlin_additive_pairwise": 0.0630927203399938, "rho_curated_mean": 0.9905060770058274, "rho_random_mean": 0.803829171767155, "_wandb": {"runtime": 595}}