{"potts/n_edges": 3370, "potts/edge_density": 0.6808080808080809, "potts/J_mean_abs": 4.049188137054443, "potts/J_std": 3.2941064834594727, "_timestamp": 1773393791.6268067, "_runtime": 663.1807997226715, "_step": 21, "gt_scores/additive/std": 1.0455151101865825, "gt_scores/additive/min": -6.912661552429199, "gt_scores/additive/pct5": -3.8034348487854004, "gt_scores/additive_pairwise/std": 33.839794907610624, "gt_scores/additive_pairwise/min": -288.0238952636719, "gt_scores/additive_pairwise/pct5": -102.47384757995606, "gt_scores/nonlin_additive/std": 0.17463517494040423, "gt_scores/nonlin_additive/min": -0.7096131411500891, "gt_scores/nonlin_additive/pct5": -0.6516084008902254, "gt_scores/nonlin_additive_pairwise/std": 0.13790892782215453, "gt_scores/nonlin_additive_pairwise/min": -0.7129412544459468, "gt_scores/nonlin_additive_pairwise/pct5": -0.7129412544459468, "rho_curated/additive/additive": 0.999992775639693, "rho_random/additive/additive": 0.9999854471247027, "rho_curated/pairwise/additive": 0.9996371898005908, "rho_random/pairwise/additive": 0.9997098580657701, "rho_curated/additive_GE/additive": 0.99988381995506, "rho_random/additive_GE/additive": 0.9997765951662081, "rho_curated/pairwise_GE/additive": 0.9976325315635056, "rho_random/pairwise_GE/additive": 0.9968054410625498, "rho_curated/additive/additive_pairwise": 0.9115738652688324, "rho_random/additive/additive_pairwise": 0.8970714492816515, "rho_curated/pairwise/additive_pairwise": 0.9013541369077981, "rho_random/pairwise/additive_pairwise": 0.8975926736065846, "rho_curated/additive_GE/additive_pairwise": 0.9197300723914235, "rho_random/additive_GE/additive_pairwise": 0.8964240572307951, "rho_curated/pairwise_GE/additive_pairwise": 0.9075273095126539, "rho_random/pairwise_GE/additive_pairwise": 0.8909470472208695, "rho_curated/additive/nonlin_additive": 0.9946011787302456, "rho_random/additive/nonlin_additive": 0.9932198975419845, "rho_curated/pairwise/nonlin_additive": 0.9970867620033195, "rho_random/pairwise/nonlin_additive": 0.9954406408427077, "rho_curated/additive_GE/nonlin_additive": 0.999960282374191, "rho_random/additive_GE/nonlin_additive": 0.9999386685152187, "rho_curated/pairwise_GE/nonlin_additive": 0.9986187065531567, "rho_random/pairwise_GE/nonlin_additive": 0.9982975048116999, "rho_curated/additive/nonlin_additive_pairwise": 0.34190692701432185, "rho_random/additive/nonlin_additive_pairwise": 0.6750985707685632, "rho_curated/pairwise/nonlin_additive_pairwise": 0.3523636210556383, "rho_random/pairwise/nonlin_additive_pairwise": 0.6951597802256614, "rho_curated/additive_GE/nonlin_additive_pairwise": 0.3008257602667778, "rho_random/additive_GE/nonlin_additive_pairwise": 0.606765103674515, "rho_curated/pairwise_GE/nonlin_additive_pairwise": 0.29095058683917135, "rho_random/pairwise_GE/nonlin_additive_pairwise": 0.6215481138373219, "rho_curated_mean": 0.8071028453672737, "rho_random_mean": 0.8852363030610503, "_wandb": {"runtime": 662}}