{"potts/n_edges": 254, "potts/edge_density": 0.8466666666666667, "potts/J_mean_abs": 3.995509624481201, "potts/J_std": 3.365706443786621, "_timestamp": 1773612198.7975237, "_runtime": 568.4632997512817, "_step": 21, "gt_scores/additive/std": 0.8888263591256315, "gt_scores/additive/min": -5.7149505615234375, "gt_scores/additive/pct5": -3.4052237391471865, "gt_scores/additive_pairwise/std": 37.20323167820061, "gt_scores/additive_pairwise/min": -278.53619384765625, "gt_scores/additive_pairwise/pct5": -120.15982780456542, "gt_scores/nonlin_additive/std": 0.17102473702154303, "gt_scores/nonlin_additive/min": -0.7311254726604233, "gt_scores/nonlin_additive/pct5": -0.6786969175475521, "gt_scores/nonlin_additive_pairwise/std": 0.099491136034149, "gt_scores/nonlin_additive_pairwise/min": -0.7355923565591136, "gt_scores/nonlin_additive_pairwise/pct5": -0.7355923565591136, "rho_curated/additive/additive": 0.9999973204718886, "rho_random/additive/additive": 0.9999901617032406, "rho_curated/pairwise/additive": 0.9996343008727665, "rho_random/pairwise/additive": 0.9995222776349905, "rho_curated/additive_GE/additive": 0.9999795485671491, "rho_random/additive_GE/additive": 0.999961918608395, "rho_curated/pairwise_GE/additive": 0.9853376977499311, "rho_random/pairwise_GE/additive": 0.9811279177007141, "rho_curated/additive/additive_pairwise": 0.9470068687206437, "rho_random/additive/additive_pairwise": 0.9342880683823449, "rho_curated/pairwise/additive_pairwise": 0.9941387428771277, "rho_random/pairwise/additive_pairwise": 0.9919773158701191, "rho_curated/additive_GE/additive_pairwise": 0.9487428344407925, "rho_random/additive_GE/additive_pairwise": 0.9242925206377219, "rho_curated/pairwise_GE/additive_pairwise": 0.980502144649746, "rho_random/pairwise_GE/additive_pairwise": 0.9799667559501828, "rho_curated/additive/nonlin_additive": 0.9985155918704961, "rho_random/additive/nonlin_additive": 0.9976423824120195, "rho_curated/pairwise/nonlin_additive": 0.9964033778412883, "rho_random/pairwise/nonlin_additive": 0.9945009918038905, "rho_curated/additive_GE/nonlin_additive": 0.9999874652794468, "rho_random/additive_GE/nonlin_additive": 0.9999758031982776, "rho_curated/pairwise_GE/nonlin_additive": 0.9946811549012899, "rho_random/pairwise_GE/nonlin_additive": 0.9922881091354934, "rho_curated/additive/nonlin_additive_pairwise": 0.24769485693767943, "rho_random/additive/nonlin_additive_pairwise": 0.6205494843293751, "rho_curated/pairwise/nonlin_additive_pairwise": 0.23063622618133017, "rho_random/pairwise/nonlin_additive_pairwise": 0.6237719507538007, "rho_curated/additive_GE/nonlin_additive_pairwise": 0.239220579660412, "rho_random/additive_GE/nonlin_additive_pairwise": 0.6200490116298246, "rho_curated/pairwise_GE/nonlin_additive_pairwise": 0.21370105951009885, "rho_random/pairwise_GE/nonlin_additive_pairwise": 0.624457215034332, "rho_curated_mean": 0.7985112356582554, "rho_random_mean": 0.8927726177990452, "_wandb": {"runtime": 568}}