{"potts/n_edges": 100, "potts/edge_density": 0.9523809523809523, "potts/J_mean_abs": 4.371560096740723, "potts/J_std": 4.054202079772949, "_timestamp": 1773688921.8390756, "_runtime": 683.1644904613495, "_step": 21, "gt_scores/additive/std": 0.9086341193915439, "gt_scores/additive/min": -5.885261058807373, "gt_scores/additive/pct5": -4.087509632110596, "gt_scores/additive_pairwise/std": 71.28390207379165, "gt_scores/additive_pairwise/min": -475.3279113769531, "gt_scores/additive_pairwise/pct5": -304.0634994506836, "gt_scores/nonlin_additive/std": 0.15546503153337984, "gt_scores/nonlin_additive/min": -0.7906516977346099, "gt_scores/nonlin_additive/pct5": -0.7548789649667715, "gt_scores/nonlin_additive_pairwise/std": 2.8931261320743905e-07, "gt_scores/nonlin_additive_pairwise/min": -0.7966420048824534, "gt_scores/nonlin_additive_pairwise/pct5": -0.7966420048824534, "rho_curated/additive/additive": 0.9999972549038891, "rho_random/additive/additive": 0.9999914259887174, "rho_curated/pairwise/additive": 0.9999785170951329, "rho_random/pairwise/additive": 0.9999541055274023, "rho_curated/additive_GE/additive": 0.9999749641349905, "rho_random/additive_GE/additive": 0.9999450128525785, "rho_curated/pairwise_GE/additive": 0.9996998288918995, "rho_random/pairwise_GE/additive": 0.999392850675115, "rho_curated/additive/additive_pairwise": 0.9727350656207482, "rho_random/additive/additive_pairwise": 0.9555136774123656, "rho_curated/pairwise/additive_pairwise": 0.9999742671989705, "rho_random/pairwise/additive_pairwise": 0.9999482296624789, "rho_curated/additive_GE/additive_pairwise": NaN, "rho_random/additive_GE/additive_pairwise": NaN, "rho_curated/pairwise_GE/additive_pairwise": 0.9991222710288699, "rho_random/pairwise_GE/additive_pairwise": 0.9986786071590866, "rho_curated/additive/nonlin_additive": 0.9967007956560727, "rho_random/additive/nonlin_additive": 0.9955470632627702, "rho_curated/pairwise/nonlin_additive": 0.9995390453489975, "rho_random/pairwise/nonlin_additive": 0.9986251631250166, "rho_curated/additive_GE/nonlin_additive": 0.999990101967592, "rho_random/additive_GE/nonlin_additive": 0.9999848640793412, "rho_curated/pairwise_GE/nonlin_additive": 0.9997628996942257, "rho_random/pairwise_GE/nonlin_additive": 0.999656356272733, "rho_curated/additive/nonlin_additive_pairwise": NaN, "rho_random/additive/nonlin_additive_pairwise": 0.0745383915925606, "rho_curated/pairwise/nonlin_additive_pairwise": NaN, "rho_random/pairwise/nonlin_additive_pairwise": -0.0035822560086408366, "rho_curated/additive_GE/nonlin_additive_pairwise": NaN, "rho_random/additive_GE/nonlin_additive_pairwise": NaN, "rho_curated/pairwise_GE/nonlin_additive_pairwise": NaN, "rho_random/pairwise_GE/nonlin_additive_pairwise": -0.0013696978843057614, "rho_curated_mean": 0.997043182867399, "rho_random_mean": 0.7869159852655158, "_wandb": {"runtime": 682}}