{"potts/n_edges": 94, "potts/edge_density": 0.8952380952380953, "potts/J_mean_abs": 3.4917972087860107, "potts/J_std": 2.907120943069458, "_timestamp": 1773665672.4380991, "_runtime": 528.5396032333374, "_step": 21, "gt_scores/additive/std": 0.7770162874764199, "gt_scores/additive/min": -5.525506973266602, "gt_scores/additive/pct5": -4.092422103881836, "gt_scores/additive_pairwise/std": 45.5338804670374, "gt_scores/additive_pairwise/min": -420.2338562011719, "gt_scores/additive_pairwise/pct5": -343.13452606201173, "gt_scores/nonlin_additive/std": 0.13179785214960515, "gt_scores/nonlin_additive/min": -0.851066460422529, "gt_scores/nonlin_additive/pct5": -0.8261551473383105, "gt_scores/nonlin_additive_pairwise/std": 2.220446049250313e-16, "gt_scores/nonlin_additive_pairwise/min": -0.8558889585984598, "gt_scores/nonlin_additive_pairwise/pct5": -0.8558889585984598, "rho_curated/additive/additive": 0.9999980289039209, "rho_random/additive/additive": 0.9999934077452529, "rho_curated/pairwise/additive": 0.9999737159909468, "rho_random/pairwise/additive": 0.9999406922348754, "rho_curated/additive_GE/additive": 0.9999915586236613, "rho_random/additive_GE/additive": 0.9999779129128535, "rho_curated/pairwise_GE/additive": 0.9995449459657539, "rho_random/pairwise_GE/additive": 0.9992106422066692, "rho_curated/additive/additive_pairwise": 0.9445926203090453, "rho_random/additive/additive_pairwise": 0.9133575637084523, "rho_curated/pairwise/additive_pairwise": 0.999968234798728, "rho_random/pairwise/additive_pairwise": 0.9999419285576903, "rho_curated/additive_GE/additive_pairwise": 0.9447289426158518, "rho_random/additive_GE/additive_pairwise": 0.9150366627215945, "rho_curated/pairwise_GE/additive_pairwise": 0.999629642473159, "rho_random/pairwise_GE/additive_pairwise": 0.9994680785239075, "rho_curated/additive/nonlin_additive": 0.9958440613367652, "rho_random/additive/nonlin_additive": 0.9965265946768342, "rho_curated/pairwise/nonlin_additive": 0.9993508749019104, "rho_random/pairwise/nonlin_additive": 0.9976022304084209, "rho_curated/additive_GE/nonlin_additive": NaN, "rho_random/additive_GE/nonlin_additive": NaN, "rho_curated/pairwise_GE/nonlin_additive": 0.9995945942876865, "rho_random/pairwise_GE/nonlin_additive": 0.9995358837880106, "rho_curated/additive/nonlin_additive_pairwise": NaN, "rho_random/additive/nonlin_additive_pairwise": NaN, "rho_curated/pairwise/nonlin_additive_pairwise": NaN, "rho_random/pairwise/nonlin_additive_pairwise": NaN, "rho_curated/additive_GE/nonlin_additive_pairwise": NaN, "rho_random/additive_GE/nonlin_additive_pairwise": NaN, "rho_curated/pairwise_GE/nonlin_additive_pairwise": NaN, "rho_random/pairwise_GE/nonlin_additive_pairwise": NaN, "rho_curated_mean": 0.9893833836552208, "rho_random_mean": 0.9836901452258693, "_wandb": {"runtime": 528}}