{"potts/n_edges": 98, "potts/edge_density": 0.9333333333333333, "potts/J_mean_abs": 2.2758731842041016, "potts/J_std": 1.7895851135253906, "_timestamp": 1773585398.4203267, "_runtime": 652.4463467597961, "_step": 21, "gt_scores/additive/std": 0.8641406634079339, "gt_scores/additive/min": -5.3870134353637695, "gt_scores/additive/pct5": -3.507247936725616, "gt_scores/additive_pairwise/std": 29.081780267755466, "gt_scores/additive_pairwise/min": -188.52037048339844, "gt_scores/additive_pairwise/pct5": -109.67845802307129, "gt_scores/nonlin_additive/std": 0.16792670638935217, "gt_scores/nonlin_additive/min": -0.7564364036535516, "gt_scores/nonlin_additive/pct5": -0.7101068352745145, "gt_scores/nonlin_additive_pairwise/std": 0.023067574050935426, "gt_scores/nonlin_additive_pairwise/min": -0.762701954243916, "gt_scores/nonlin_additive_pairwise/pct5": -0.762701954243916, "rho_curated/additive/additive": 0.9999978081039118, "rho_random/additive/additive": 0.9999935249761617, "rho_curated/pairwise/additive": 0.9999777646711053, "rho_random/pairwise/additive": 0.9999514926942744, "rho_curated/additive_GE/additive": 0.9999746731589814, "rho_random/additive_GE/additive": 0.999944339698331, "rho_curated/pairwise_GE/additive": 0.9995793589430736, "rho_random/pairwise_GE/additive": 0.9993501901605438, "rho_curated/additive/additive_pairwise": 0.9734778691298416, "rho_random/additive/additive_pairwise": 0.9632743992139827, "rho_curated/pairwise/additive_pairwise": 0.9999722588788889, "rho_random/pairwise/additive_pairwise": 0.9999416685689123, "rho_curated/additive_GE/additive_pairwise": 0.973588898798288, "rho_random/additive_GE/additive_pairwise": 0.9601849806852291, "rho_curated/pairwise_GE/additive_pairwise": 0.9991318602532743, "rho_random/pairwise_GE/additive_pairwise": 0.9988943687640278, "rho_curated/additive/nonlin_additive": 0.9989110424834485, "rho_random/additive/nonlin_additive": 0.9985367985864654, "rho_curated/pairwise/nonlin_additive": 0.9995885053431649, "rho_random/pairwise/nonlin_additive": 0.9993152094216624, "rho_curated/additive_GE/nonlin_additive": 0.9999917757996638, "rho_random/additive_GE/nonlin_additive": 0.9999862769804413, "rho_curated/pairwise_GE/nonlin_additive": 0.9998798015870854, "rho_random/pairwise_GE/nonlin_additive": 0.9997981750752051, "rho_curated/additive/nonlin_additive_pairwise": 0.19963530467188811, "rho_random/additive/nonlin_additive_pairwise": 0.3597327742780055, "rho_curated/pairwise/nonlin_additive_pairwise": 0.08542439805484968, "rho_random/pairwise/nonlin_additive_pairwise": 0.34907242095293967, "rho_curated/additive_GE/nonlin_additive_pairwise": 0.026769158713615147, "rho_random/additive_GE/nonlin_additive_pairwise": -0.0074567264241308185, "rho_curated/pairwise_GE/nonlin_additive_pairwise": 0.147809557165991, "rho_random/pairwise_GE/nonlin_additive_pairwise": 0.31177103492984864, "rho_curated_mean": 0.7752318772348169, "rho_random_mean": 0.8082681830351188, "_wandb": {"runtime": 652}}