{"potts/n_edges": 431, "potts/edge_density": 0.525609756097561, "potts/J_mean_abs": 5.495804786682129, "potts/J_std": 9.370587348937988, "_timestamp": 1773607894.8586576, "_runtime": 449.1032946109772, "_step": 21, "gt_scores/additive/std": 0.5191447703223094, "gt_scores/additive/min": -3.598719596862793, "gt_scores/additive/pct5": -1.5382518947124482, "gt_scores/additive_pairwise/std": 11.755705203361341, "gt_scores/additive_pairwise/min": -194.65003967285156, "gt_scores/additive_pairwise/pct5": -22.928930377960203, "gt_scores/nonlin_additive/std": 0.18461969452448954, "gt_scores/nonlin_additive/min": -0.6301924118060259, "gt_scores/nonlin_additive/pct5": -0.5504161644280583, "gt_scores/nonlin_additive_pairwise/std": 0.2570048239213476, "gt_scores/nonlin_additive_pairwise/min": -0.631864864906417, "gt_scores/nonlin_additive_pairwise/pct5": -0.631864864906417, "rho_curated/additive/additive": 0.9999964628033104, "rho_random/additive/additive": 0.9999888504764611, "rho_curated/pairwise/additive": 0.9991783549844475, "rho_random/pairwise/additive": 0.9993578326768401, "rho_curated/additive_GE/additive": 0.9998888958108291, "rho_random/additive_GE/additive": 0.9997630552899779, "rho_curated/pairwise_GE/additive": 0.989214377857072, "rho_random/pairwise_GE/additive": 0.9876693042204573, "rho_curated/additive/additive_pairwise": 0.46836773827977585, "rho_random/additive/additive_pairwise": 0.5423568656068527, "rho_curated/pairwise/additive_pairwise": 0.5565734461543401, "rho_random/pairwise/additive_pairwise": 0.5641062882870337, "rho_curated/additive_GE/additive_pairwise": 0.46934540190159885, "rho_random/additive_GE/additive_pairwise": 0.683211872709429, "rho_curated/pairwise_GE/additive_pairwise": 0.5808609985413757, "rho_random/pairwise_GE/additive_pairwise": 0.6701174140254604, "rho_curated/additive/nonlin_additive": 0.9931306790918327, "rho_random/additive/nonlin_additive": 0.9902340162865655, "rho_curated/pairwise/nonlin_additive": 0.9933776268618274, "rho_random/pairwise/nonlin_additive": 0.9908647688103298, "rho_curated/additive_GE/nonlin_additive": 0.9983093796093181, "rho_random/additive_GE/nonlin_additive": 0.9959942137126196, "rho_curated/pairwise_GE/nonlin_additive": 0.9954224673132818, "rho_random/pairwise_GE/nonlin_additive": 0.9933227985887009, "rho_curated/additive/nonlin_additive_pairwise": 0.7545980795164724, "rho_random/additive/nonlin_additive_pairwise": 0.6514908649494945, "rho_curated/pairwise/nonlin_additive_pairwise": 0.7543016096775237, "rho_random/pairwise/nonlin_additive_pairwise": 0.687243264924229, "rho_curated/additive_GE/nonlin_additive_pairwise": 0.6858654876674555, "rho_random/additive_GE/nonlin_additive_pairwise": 0.6608023111525232, "rho_curated/pairwise_GE/nonlin_additive_pairwise": 0.7858949343131354, "rho_random/pairwise_GE/nonlin_additive_pairwise": 0.6909401331958149, "rho_curated_mean": 0.8140203712739749, "rho_random_mean": 0.8192164909320494, "_wandb": {"runtime": 448}}