{"potts/n_edges": 618, "potts/edge_density": 0.7536585365853659, "potts/J_mean_abs": 3.08158278465271, "potts/J_std": 2.467618942260742, "_timestamp": 1773480897.734351, "_runtime": 504.48231291770935, "_step": 21, "gt_scores/additive/std": 1.4141204252484063, "gt_scores/additive/min": -10.380922317504883, "gt_scores/additive/pct5": -6.623820447921753, "gt_scores/additive_pairwise/std": 99.484936186055, "gt_scores/additive_pairwise/min": -753.8866577148438, "gt_scores/additive_pairwise/pct5": -403.9374176025391, "gt_scores/nonlin_additive/std": 0.14875548528076443, "gt_scores/nonlin_additive/min": -0.8106068374500198, "gt_scores/nonlin_additive/pct5": -0.7746956196886492, "gt_scores/nonlin_additive_pairwise/std": 0.0007356208921328057, "gt_scores/nonlin_additive_pairwise/min": -0.8134260444472015, "gt_scores/nonlin_additive_pairwise/pct5": -0.8134260444472015, "rho_curated/additive/additive": 0.9999973009358919, "rho_random/additive/additive": 0.9999912834067349, "rho_curated/pairwise/additive": 0.9988888970595027, "rho_random/pairwise/additive": 0.998607226032759, "rho_curated/additive_GE/additive": 0.9999578581823114, "rho_random/additive_GE/additive": 0.9999100714524257, "rho_curated/pairwise_GE/additive": 0.9669368279615056, "rho_random/pairwise_GE/additive": 0.9518160076966541, "rho_curated/additive/additive_pairwise": 0.9851013396913386, "rho_random/additive/additive_pairwise": 0.9739041004954151, "rho_curated/pairwise/additive_pairwise": 0.981786973398605, "rho_random/pairwise/additive_pairwise": 0.974079534124148, "rho_curated/additive_GE/additive_pairwise": 0.9853365643247588, "rho_random/additive_GE/additive_pairwise": 0.9752332173347441, "rho_curated/pairwise_GE/additive_pairwise": 0.9415609817076344, "rho_random/pairwise_GE/additive_pairwise": 0.9313125349798695, "rho_curated/additive/nonlin_additive": 0.9965934841195759, "rho_random/additive/nonlin_additive": 0.9961321470464097, "rho_curated/pairwise/nonlin_additive": 0.9890052240556815, "rho_random/pairwise/nonlin_additive": 0.9842018180850598, "rho_curated/additive_GE/nonlin_additive": 0.9999819017432754, "rho_random/additive_GE/nonlin_additive": 0.9999746343796655, "rho_curated/pairwise_GE/nonlin_additive": 0.984182552022543, "rho_random/pairwise_GE/nonlin_additive": 0.9802108120784544, "rho_curated/additive/nonlin_additive_pairwise": NaN, "rho_random/additive/nonlin_additive_pairwise": 0.07749491481248051, "rho_curated/pairwise/nonlin_additive_pairwise": NaN, "rho_random/pairwise/nonlin_additive_pairwise": 0.04909365280742492, "rho_curated/additive_GE/nonlin_additive_pairwise": NaN, "rho_random/additive_GE/nonlin_additive_pairwise": -0.0009881422924901187, "rho_curated/pairwise_GE/nonlin_additive_pairwise": NaN, "rho_random/pairwise_GE/nonlin_additive_pairwise": 0.029750884592129382, "rho_curated_mean": 0.9857774921002188, "rho_random_mean": 0.7450452935644928, "_wandb": {"runtime": 504}}