{"potts/n_edges": 80, "potts/edge_density": 0.7619047619047619, "potts/J_mean_abs": 1.8451392650604248, "potts/J_std": 1.405230164527893, "_timestamp": 1773709038.6256313, "_runtime": 522.7796332836151, "_step": 21, "gt_scores/additive/std": 0.9354941049529601, "gt_scores/additive/min": -6.730696678161621, "gt_scores/additive/pct5": -5.088986277580261, "gt_scores/additive_pairwise/std": 21.171996245183873, "gt_scores/additive_pairwise/min": -188.75274658203125, "gt_scores/additive_pairwise/pct5": -164.0851272583008, "gt_scores/nonlin_additive/std": 0.12695859792178035, "gt_scores/nonlin_additive/min": -0.8594803927815321, "gt_scores/nonlin_additive/pct5": -0.8373509757801759, "gt_scores/nonlin_additive_pairwise/std": 1.1102230246251565e-16, "gt_scores/nonlin_additive_pairwise/min": -0.8642349522941661, "gt_scores/nonlin_additive_pairwise/pct5": -0.8642349522941661, "rho_curated/additive/additive": 0.9999978677439143, "rho_random/additive/additive": 0.9999935393780064, "rho_curated/pairwise/additive": 0.9999775950870986, "rho_random/pairwise/additive": 0.9999513674933337, "rho_curated/additive_GE/additive": NaN, "rho_random/additive_GE/additive": NaN, "rho_curated/pairwise_GE/additive": 0.9997664479266132, "rho_random/pairwise_GE/additive": 0.999555258226093, "rho_curated/additive/additive_pairwise": 0.9444356684854261, "rho_random/additive/additive_pairwise": 0.9048792641919098, "rho_curated/pairwise/additive_pairwise": 0.9999671525186791, "rho_random/pairwise/additive_pairwise": 0.9999406825781182, "rho_curated/additive_GE/additive_pairwise": 0.9447840170500602, "rho_random/additive_GE/additive_pairwise": 0.9111354621101108, "rho_curated/pairwise_GE/additive_pairwise": 0.9995829179512769, "rho_random/pairwise_GE/additive_pairwise": 0.9994475357723077, "rho_curated/additive/nonlin_additive": 0.9957327743868531, "rho_random/additive/nonlin_additive": 0.9957788099377358, "rho_curated/pairwise/nonlin_additive": 0.9992088921439379, "rho_random/pairwise/nonlin_additive": 0.996534263879315, "rho_curated/additive_GE/nonlin_additive": 0.9999913512156494, "rho_random/additive_GE/nonlin_additive": 0.9999905739382409, "rho_curated/pairwise_GE/nonlin_additive": 0.9994868062992012, "rho_random/pairwise_GE/nonlin_additive": 0.9994855711878635, "rho_curated/additive/nonlin_additive_pairwise": NaN, "rho_random/additive/nonlin_additive_pairwise": NaN, "rho_curated/pairwise/nonlin_additive_pairwise": NaN, "rho_random/pairwise/nonlin_additive_pairwise": NaN, "rho_curated/additive_GE/nonlin_additive_pairwise": NaN, "rho_random/additive_GE/nonlin_additive_pairwise": NaN, "rho_curated/pairwise_GE/nonlin_additive_pairwise": NaN, "rho_random/pairwise_GE/nonlin_additive_pairwise": NaN, "rho_curated_mean": 0.9893574082553372, "rho_random_mean": 0.9824265753357305, "_wandb": {"runtime": 522}}