{"potts/n_edges": 626, "potts/edge_density": 0.7634146341463415, "potts/J_mean_abs": 4.040410995483398, "potts/J_std": 3.5832667350769043, "_timestamp": 1773632060.3394349, "_runtime": 548.7003757953644, "_step": 21, "gt_scores/additive/std": 1.062510067725266, "gt_scores/additive/min": -7.742640972137451, "gt_scores/additive/pct5": -4.695591640472412, "gt_scores/additive_pairwise/std": 86.67153456385148, "gt_scores/additive_pairwise/min": -742.800048828125, "gt_scores/additive_pairwise/pct5": -311.95204772949216, "gt_scores/nonlin_additive/std": 0.15767762452538944, "gt_scores/nonlin_additive/min": -0.7881036966592035, "gt_scores/nonlin_additive/pct5": -0.7471726568394033, "gt_scores/nonlin_additive_pairwise/std": 0.017818674683561284, "gt_scores/nonlin_additive_pairwise/min": -0.7906818995560067, "gt_scores/nonlin_additive_pairwise/pct5": -0.7906818995560067, "rho_curated/additive/additive": 0.9999971356478854, "rho_random/additive/additive": 0.9999905835055944, "rho_curated/pairwise/additive": 0.9988300515291177, "rho_random/pairwise/additive": 0.9987412098872491, "rho_curated/additive_GE/additive": 0.9999729385829143, "rho_random/additive_GE/additive": 0.9999405741810719, "rho_curated/pairwise_GE/additive": 0.9743509434429598, "rho_random/pairwise_GE/additive": 0.9631110529132547, "rho_curated/additive/additive_pairwise": 0.9746338424967449, "rho_random/additive/additive_pairwise": 0.9596032525139142, "rho_curated/pairwise/additive_pairwise": 0.9704671376012678, "rho_random/pairwise/additive_pairwise": 0.9598780798078331, "rho_curated/additive_GE/additive_pairwise": 0.975275479737239, "rho_random/additive_GE/additive_pairwise": 0.9607158461066276, "rho_curated/pairwise_GE/additive_pairwise": 0.9454099371763974, "rho_random/pairwise_GE/additive_pairwise": 0.9470075299527954, "rho_curated/additive/nonlin_additive": 0.9967167453165909, "rho_random/additive/nonlin_additive": 0.995513092250567, "rho_curated/pairwise/nonlin_additive": 0.991335676037427, "rho_random/pairwise/nonlin_additive": 0.9865753941571636, "rho_curated/additive_GE/nonlin_additive": 0.9999683125827319, "rho_random/additive_GE/nonlin_additive": 0.9999567806659106, "rho_curated/pairwise_GE/nonlin_additive": 0.9872785589625317, "rho_random/pairwise_GE/nonlin_additive": 0.9842644339674621, "rho_curated/additive/nonlin_additive_pairwise": NaN, "rho_random/additive/nonlin_additive_pairwise": 0.24189943673662936, "rho_curated/pairwise/nonlin_additive_pairwise": NaN, "rho_random/pairwise/nonlin_additive_pairwise": 0.1894721508063316, "rho_curated/additive_GE/nonlin_additive_pairwise": NaN, "rho_random/additive_GE/nonlin_additive_pairwise": 0.16250265836492986, "rho_curated/pairwise_GE/nonlin_additive_pairwise": NaN, "rho_random/pairwise_GE/nonlin_additive_pairwise": 0.21522023757001482, "rho_curated_mean": 0.9845197299261507, "rho_random_mean": 0.7852745195867094, "_wandb": {"runtime": 548}}