{"potts/n_edges": 1338, "potts/edge_density": 0.7559322033898305, "potts/J_mean_abs": 3.201051950454712, "potts/J_std": 2.5068440437316895, "_timestamp": 1773669138.2408693, "_runtime": 575.8946573734283, "_step": 21, "gt_scores/additive/std": 1.3633645805803485, "gt_scores/additive/min": -9.40889835357666, "gt_scores/additive/pct5": -6.215056300163269, "gt_scores/additive_pairwise/std": 92.68929042147597, "gt_scores/additive_pairwise/min": -682.2504272460938, "gt_scores/additive_pairwise/pct5": -360.3210479736328, "gt_scores/nonlin_additive/std": 0.15173912896701205, "gt_scores/nonlin_additive/min": -0.7978490636737724, "gt_scores/nonlin_additive/pct5": -0.7612221365114886, "gt_scores/nonlin_additive_pairwise/std": 0.0014490480255819275, "gt_scores/nonlin_additive_pairwise/min": -0.8019071509953049, "gt_scores/nonlin_additive_pairwise/pct5": -0.8019071509953049, "rho_curated/additive/additive": 0.9999959527118379, "rho_random/additive/additive": 0.9999900902156613, "rho_curated/pairwise/additive": 0.9989527906781115, "rho_random/pairwise/additive": 0.9990073640949102, "rho_curated/additive_GE/additive": 0.9999174779886972, "rho_random/additive_GE/additive": 0.9998059763697147, "rho_curated/pairwise_GE/additive": 0.9947017008199409, "rho_random/pairwise_GE/additive": 0.9925712559765199, "rho_curated/additive/additive_pairwise": 0.9782562435452062, "rho_random/additive/additive_pairwise": 0.9658649979724789, "rho_curated/pairwise/additive_pairwise": 0.9727430500850677, "rho_random/pairwise/additive_pairwise": 0.963368194128064, "rho_curated/additive_GE/additive_pairwise": 0.9787103686108819, "rho_random/additive_GE/additive_pairwise": 0.9654579548578858, "rho_curated/pairwise_GE/additive_pairwise": 0.9589048774312638, "rho_random/pairwise_GE/additive_pairwise": 0.9480938195802762, "rho_curated/additive/nonlin_additive": 0.9946300360008148, "rho_random/additive/nonlin_additive": 0.993317544204934, "rho_curated/pairwise/nonlin_additive": 0.9907786356069241, "rho_random/pairwise/nonlin_additive": 0.986682356526578, "rho_curated/additive_GE/nonlin_additive": 0.9999661398866442, "rho_random/additive_GE/nonlin_additive": 0.9999544003333675, "rho_curated/pairwise_GE/nonlin_additive": 0.9930125477038313, "rho_random/pairwise_GE/nonlin_additive": 0.9925910791560537, "rho_curated/additive/nonlin_additive_pairwise": NaN, "rho_random/additive/nonlin_additive_pairwise": 0.09488827540500329, "rho_curated/pairwise/nonlin_additive_pairwise": NaN, "rho_random/pairwise/nonlin_additive_pairwise": 0.10362860756145516, "rho_curated/additive_GE/nonlin_additive_pairwise": NaN, "rho_random/additive_GE/nonlin_additive_pairwise": 0.04936907870874003, "rho_curated/pairwise_GE/nonlin_additive_pairwise": NaN, "rho_random/pairwise_GE/nonlin_additive_pairwise": 0.0775217782721837, "rho_curated_mean": 0.9883808184224353, "rho_random_mean": 0.7582570483352391, "_wandb": {"runtime": 575}}