{"potts/n_edges": 645, "potts/edge_density": 0.3644067796610169, "potts/J_mean_abs": 4.200872898101807, "potts/J_std": 3.9511260986328125, "_timestamp": 1773470493.7115467, "_runtime": 555.6425087451935, "_step": 21, "gt_scores/additive/std": 1.482028523614475, "gt_scores/additive/min": -10.639902114868164, "gt_scores/additive/pct5": -6.9830321073532104, "gt_scores/additive_pairwise/std": 63.55881432834992, "gt_scores/additive_pairwise/min": -455.1701965332031, "gt_scores/additive_pairwise/pct5": -240.9177391052246, "gt_scores/nonlin_additive/std": 0.14799074225652126, "gt_scores/nonlin_additive/min": -0.8130102544838738, "gt_scores/nonlin_additive/pct5": -0.7779583307733601, "gt_scores/nonlin_additive_pairwise/std": 0.01092908788050415, "gt_scores/nonlin_additive_pairwise/min": -0.8163878109156041, "gt_scores/nonlin_additive_pairwise/pct5": -0.8163878109156041, "rho_curated/additive/additive": 0.999995853399834, "rho_random/additive/additive": 0.9999882945332336, "rho_curated/pairwise/additive": 0.9989355236133444, "rho_random/pairwise/additive": 0.9989585894172642, "rho_curated/additive_GE/additive": 0.9999588262703493, "rho_random/additive_GE/additive": 0.9999152950698318, "rho_curated/pairwise_GE/additive": 0.9948252142328843, "rho_random/pairwise_GE/additive": 0.9917434247434035, "rho_curated/additive/additive_pairwise": 0.9405960788078431, "rho_random/additive/additive_pairwise": 0.9045700828380108, "rho_curated/pairwise/additive_pairwise": 0.9443087068510116, "rho_random/pairwise/additive_pairwise": 0.9171105700226344, "rho_curated/additive_GE/additive_pairwise": 0.9417486534845482, "rho_random/additive_GE/additive_pairwise": 0.9064765896403271, "rho_curated/pairwise_GE/additive_pairwise": 0.9209607911744315, "rho_random/pairwise_GE/additive_pairwise": 0.8864250565415743, "rho_curated/additive/nonlin_additive": 0.9943071676358767, "rho_random/additive/nonlin_additive": 0.9940309596464831, "rho_curated/pairwise/nonlin_additive": 0.9905695243665547, "rho_random/pairwise/nonlin_additive": 0.9894798285770239, "rho_curated/additive_GE/nonlin_additive": 0.9999696924627864, "rho_random/additive_GE/nonlin_additive": 0.9999647094116179, "rho_curated/pairwise_GE/nonlin_additive": 0.9932499393218356, "rho_random/pairwise_GE/nonlin_additive": 0.993148820162848, "rho_curated/additive/nonlin_additive_pairwise": 0.530111584484119, "rho_random/additive/nonlin_additive_pairwise": 0.18717019046256095, "rho_curated/pairwise/nonlin_additive_pairwise": 0.46939780744549847, "rho_random/pairwise/nonlin_additive_pairwise": 0.23351939251627268, "rho_curated/additive_GE/nonlin_additive_pairwise": 0.18811228323072154, "rho_random/additive_GE/nonlin_additive_pairwise": 0.0729154676536472, "rho_curated/pairwise_GE/nonlin_additive_pairwise": 0.4884348467807005, "rho_random/pairwise_GE/nonlin_additive_pairwise": 0.2135654076405403, "rho_curated_mean": 0.8372176558476463, "rho_random_mean": 0.7680614174298296, "_wandb": {"runtime": 555}}