{"potts/n_edges": 281, "potts/edge_density": 0.9366666666666666, "potts/J_mean_abs": 3.7167341709136963, "potts/J_std": 6.641664028167725, "_timestamp": 1773429676.2589467, "_runtime": 540.8331537246704, "_step": 21, "gt_scores/additive/std": 0.8888263591256315, "gt_scores/additive/min": -5.7149505615234375, "gt_scores/additive/pct5": -3.4052237391471865, "gt_scores/additive_pairwise/std": 43.388373484845296, "gt_scores/additive_pairwise/min": -412.72576904296875, "gt_scores/additive_pairwise/pct5": -136.9274673461914, "gt_scores/nonlin_additive/std": 0.17102473702154303, "gt_scores/nonlin_additive/min": -0.7311254726604233, "gt_scores/nonlin_additive/pct5": -0.6786969175475521, "gt_scores/nonlin_additive_pairwise/std": 0.09901286350481862, "gt_scores/nonlin_additive_pairwise/min": -0.7355923565591136, "gt_scores/nonlin_additive_pairwise/pct5": -0.7355923565591136, "rho_curated/additive/additive": 0.9999973398158886, "rho_random/additive/additive": 0.9999912204190106, "rho_curated/pairwise/additive": 0.9996560376736223, "rho_random/pairwise/additive": 0.9994510246389944, "rho_curated/additive_GE/additive": 0.9999861798634223, "rho_random/additive_GE/additive": 0.9999693750797148, "rho_curated/pairwise_GE/additive": 0.9818675276896275, "rho_random/pairwise_GE/additive": 0.9781511509983222, "rho_curated/additive/additive_pairwise": 0.8047143849698278, "rho_random/additive/additive_pairwise": 0.8799278898937032, "rho_curated/pairwise/additive_pairwise": 0.9172378232735676, "rho_random/pairwise/additive_pairwise": 0.9212597447146545, "rho_curated/additive_GE/additive_pairwise": 0.7606025343051191, "rho_random/additive_GE/additive_pairwise": 0.8855131363198405, "rho_curated/pairwise_GE/additive_pairwise": 0.9561958017935243, "rho_random/pairwise_GE/additive_pairwise": 0.9641923727334546, "rho_curated/additive/nonlin_additive": 0.998037065929474, "rho_random/additive/nonlin_additive": 0.996795534063968, "rho_curated/pairwise/nonlin_additive": 0.9960001878076883, "rho_random/pairwise/nonlin_additive": 0.9941372169745527, "rho_curated/additive_GE/nonlin_additive": 0.9999874539514471, "rho_random/additive_GE/nonlin_additive": 0.9999766919065838, "rho_curated/pairwise_GE/nonlin_additive": 0.9944313103785322, "rho_random/pairwise_GE/nonlin_additive": 0.9915630874144051, "rho_curated/additive/nonlin_additive_pairwise": 0.30740991119882555, "rho_random/additive/nonlin_additive_pairwise": 0.6276469886856743, "rho_curated/pairwise/nonlin_additive_pairwise": 0.27374394612542485, "rho_random/pairwise/nonlin_additive_pairwise": 0.594377345379681, "rho_curated/additive_GE/nonlin_additive_pairwise": 0.2650159065140802, "rho_random/additive_GE/nonlin_additive_pairwise": 0.6350589309486242, "rho_curated/pairwise_GE/nonlin_additive_pairwise": 0.27846483836029867, "rho_random/pairwise_GE/nonlin_additive_pairwise": 0.6556455950132871, "rho_curated_mean": 0.7833342656031481, "rho_random_mean": 0.8827285815740294, "_wandb": {"runtime": 540}}