{"potts/n_edges": 89, "potts/edge_density": 0.8476190476190476, "potts/J_mean_abs": 3.2552576065063477, "potts/J_std": 2.994032859802246, "_timestamp": 1773352535.8613212, "_runtime": 530.2508041858673, "_step": 21, "gt_scores/additive/std": 0.9557475539592777, "gt_scores/additive/min": -7.033940315246582, "gt_scores/additive/pct5": -5.159853672981262, "gt_scores/additive_pairwise/std": 42.65428927761249, "gt_scores/additive_pairwise/min": -375.127685546875, "gt_scores/additive_pairwise/pct5": -312.66096649169924, "gt_scores/nonlin_additive/std": 0.1307311439252841, "gt_scores/nonlin_additive/min": -0.8613129322410867, "gt_scores/nonlin_additive/pct5": -0.8371371284084792, "gt_scores/nonlin_additive_pairwise/std": 1.1102230246251565e-16, "gt_scores/nonlin_additive_pairwise/min": -0.8653877661321029, "gt_scores/nonlin_additive_pairwise/pct5": -0.8653877661321029, "rho_curated/additive/additive": 0.9999984110559363, "rho_random/additive/additive": 0.9999937984559983, "rho_curated/pairwise/additive": 0.9999725063668965, "rho_random/pairwise/additive": 0.9999422022042542, "rho_curated/additive_GE/additive": 0.9999912217836479, "rho_random/additive_GE/additive": 0.9999820856426701, "rho_curated/pairwise_GE/additive": 0.9997166041726301, "rho_random/pairwise_GE/additive": 0.9995511483869615, "rho_curated/additive/additive_pairwise": 0.9411983172582876, "rho_random/additive/additive_pairwise": 0.8924231656419912, "rho_curated/pairwise/additive_pairwise": 0.9999679109427118, "rho_random/pairwise/additive_pairwise": 0.999938929100427, "rho_curated/additive_GE/additive_pairwise": 0.9408104161358933, "rho_random/additive_GE/additive_pairwise": 0.9085385218726442, "rho_curated/pairwise_GE/additive_pairwise": 0.9997033404040908, "rho_random/pairwise_GE/additive_pairwise": 0.9995289037623112, "rho_curated/additive/nonlin_additive": 0.9966272006167644, "rho_random/additive/nonlin_additive": 0.9975498455385179, "rho_curated/pairwise/nonlin_additive": 0.999139678925546, "rho_random/pairwise/nonlin_additive": 0.9973822053032568, "rho_curated/additive_GE/nonlin_additive": NaN, "rho_random/additive_GE/nonlin_additive": NaN, "rho_curated/pairwise_GE/nonlin_additive": 0.9995506767580162, "rho_random/pairwise_GE/nonlin_additive": 0.9996860471353979, "rho_curated/additive/nonlin_additive_pairwise": NaN, "rho_random/additive/nonlin_additive_pairwise": NaN, "rho_curated/pairwise/nonlin_additive_pairwise": NaN, "rho_random/pairwise/nonlin_additive_pairwise": NaN, "rho_curated/additive_GE/nonlin_additive_pairwise": NaN, "rho_random/additive_GE/nonlin_additive_pairwise": NaN, "rho_curated/pairwise_GE/nonlin_additive_pairwise": NaN, "rho_random/pairwise_GE/nonlin_additive_pairwise": NaN, "rho_curated_mean": 0.9887887531291292, "rho_random_mean": 0.9813197139131301, "_wandb": {"runtime": 529}}