{"potts/n_edges": 121, "potts/edge_density": 0.6368421052631579, "potts/J_mean_abs": 3.1610829830169678, "potts/J_std": 2.575263023376465, "_timestamp": 1773677847.6129646, "_runtime": 461.21069073677063, "_step": 21, "gt_scores/additive/std": 1.210202704410808, "gt_scores/additive/min": -8.911455154418945, "gt_scores/additive/pct5": -6.663809275627136, "gt_scores/additive_pairwise/std": 57.822213661907085, "gt_scores/additive_pairwise/min": -404.64837646484375, "gt_scores/additive_pairwise/pct5": -283.69898223876953, "gt_scores/nonlin_additive/std": 0.125785236402486, "gt_scores/nonlin_additive/min": -0.8664681453126024, "gt_scores/nonlin_additive/pct5": -0.8440971430509998, "gt_scores/nonlin_additive_pairwise/std": 2.4273126692095152e-14, "gt_scores/nonlin_additive_pairwise/min": -0.8707194432537088, "gt_scores/nonlin_additive_pairwise/pct5": -0.8707194432537088, "rho_curated/additive/additive": 0.9999975105279002, "rho_random/additive/additive": 0.9999920916237222, "rho_curated/pairwise/additive": 0.9999457834218312, "rho_random/pairwise/additive": 0.9998951318951319, "rho_curated/additive_GE/additive": 0.9999859508794379, "rho_random/additive_GE/additive": 0.999964397328555, "rho_curated/pairwise_GE/additive": 0.9991221972768879, "rho_random/pairwise_GE/additive": 0.9985645223165951, "rho_curated/additive/additive_pairwise": 0.9754762334584608, "rho_random/additive/additive_pairwise": 0.956787573532398, "rho_curated/pairwise/additive_pairwise": 0.9999380229255178, "rho_random/pairwise/additive_pairwise": 0.9998738629739425, "rho_curated/additive_GE/additive_pairwise": 0.9754641957042124, "rho_random/additive_GE/additive_pairwise": 0.9588341351560095, "rho_curated/pairwise_GE/additive_pairwise": 0.9873019594434688, "rho_random/pairwise_GE/additive_pairwise": 0.9800509795671536, "rho_curated/additive/nonlin_additive": 0.9950047683675914, "rho_random/additive/nonlin_additive": 0.9960722275996002, "rho_curated/pairwise/nonlin_additive": 0.9980299317931026, "rho_random/pairwise/nonlin_additive": 0.9929926564510491, "rho_curated/additive_GE/nonlin_additive": 0.9999851155834018, "rho_random/additive_GE/nonlin_additive": 0.9999826654190191, "rho_curated/pairwise_GE/nonlin_additive": 0.9987561855261579, "rho_random/pairwise_GE/nonlin_additive": 0.9988353978677682, "rho_curated/additive/nonlin_additive_pairwise": NaN, "rho_random/additive/nonlin_additive_pairwise": NaN, "rho_curated/pairwise/nonlin_additive_pairwise": NaN, "rho_random/pairwise/nonlin_additive_pairwise": NaN, "rho_curated/additive_GE/nonlin_additive_pairwise": NaN, "rho_random/additive_GE/nonlin_additive_pairwise": NaN, "rho_curated/pairwise_GE/nonlin_additive_pairwise": NaN, "rho_random/pairwise_GE/nonlin_additive_pairwise": NaN, "rho_curated_mean": 0.9940839879089975, "rho_random_mean": 0.9901538034775786, "_wandb": {"runtime": 460}}