{"potts/n_edges": 176, "potts/edge_density": 0.9263157894736842, "potts/J_mean_abs": 2.91469669342041, "potts/J_std": 2.37711763381958, "_timestamp": 1773604616.6827815, "_runtime": 526.5522704124451, "_step": 21, "gt_scores/additive/std": 1.426379881017352, "gt_scores/additive/min": -10.008467674255371, "gt_scores/additive/pct5": -7.166622185707093, "gt_scores/additive_pairwise/std": 74.29102758906298, "gt_scores/additive_pairwise/min": -509.63568115234375, "gt_scores/additive_pairwise/pct5": -369.8628631591797, "gt_scores/nonlin_additive/std": 0.13946177757028871, "gt_scores/nonlin_additive/min": -0.8313426784103302, "gt_scores/nonlin_additive/pct5": -0.8034810610065, "gt_scores/nonlin_additive_pairwise/std": 5.219246174220635e-15, "gt_scores/nonlin_additive_pairwise/min": -0.8358896588447285, "gt_scores/nonlin_additive_pairwise/pct5": -0.8358896588447285, "rho_curated/additive/additive": 0.9999973455278938, "rho_random/additive/additive": 0.9999909596947064, "rho_curated/pairwise/additive": 0.9999487934059516, "rho_random/pairwise/additive": 0.9998853555620539, "rho_curated/additive_GE/additive": 0.9999882724235307, "rho_random/additive_GE/additive": 0.9999687320624226, "rho_curated/pairwise_GE/additive": 0.9990562543702275, "rho_random/pairwise_GE/additive": 0.9984462299371305, "rho_curated/additive/additive_pairwise": 0.9824797045059267, "rho_random/additive/additive_pairwise": 0.972697540653322, "rho_curated/pairwise/additive_pairwise": 0.999935474461419, "rho_random/pairwise/additive_pairwise": 0.9998692374539749, "rho_curated/additive_GE/additive_pairwise": 0.9824413754256549, "rho_random/additive_GE/additive_pairwise": 0.968928731483986, "rho_curated/pairwise_GE/additive_pairwise": 0.9990619892424343, "rho_random/pairwise_GE/additive_pairwise": 0.9983179933440453, "rho_curated/additive/nonlin_additive": 0.9964825302429634, "rho_random/additive/nonlin_additive": 0.9950831491989964, "rho_curated/pairwise/nonlin_additive": 0.9986500852418735, "rho_random/pairwise/nonlin_additive": 0.995152012259145, "rho_curated/additive_GE/nonlin_additive": 0.9999899403035961, "rho_random/additive_GE/nonlin_additive": 0.9999854973729654, "rho_curated/pairwise_GE/nonlin_additive": 0.9987264860289982, "rho_random/pairwise_GE/nonlin_additive": 0.9986772599342275, "rho_curated/additive/nonlin_additive_pairwise": NaN, "rho_random/additive/nonlin_additive_pairwise": NaN, "rho_curated/pairwise/nonlin_additive_pairwise": NaN, "rho_random/pairwise/nonlin_additive_pairwise": NaN, "rho_curated/additive_GE/nonlin_additive_pairwise": NaN, "rho_random/additive_GE/nonlin_additive_pairwise": NaN, "rho_curated/pairwise_GE/nonlin_additive_pairwise": NaN, "rho_random/pairwise_GE/nonlin_additive_pairwise": NaN, "rho_curated_mean": 0.9963965209317057, "rho_random_mean": 0.9939168915797479, "_wandb": {"runtime": 526}}