{"potts/n_edges": 371, "potts/edge_density": 0.8528735632183908, "potts/J_mean_abs": 2.794224262237549, "potts/J_std": 2.319796562194824, "_timestamp": 1773459143.899431, "_runtime": 514.1171569824219, "_step": 21, "gt_scores/additive/std": 1.3145519307288893, "gt_scores/additive/min": -9.543702125549316, "gt_scores/additive/pct5": -6.543755149841308, "gt_scores/additive_pairwise/std": 74.99386145365109, "gt_scores/additive_pairwise/min": -560.1832275390625, "gt_scores/additive_pairwise/pct5": -324.4665557861328, "gt_scores/nonlin_additive/std": 0.1415948963973883, "gt_scores/nonlin_additive/min": -0.8305795334928087, "gt_scores/nonlin_additive/pct5": -0.8006284573354645, "gt_scores/nonlin_additive_pairwise/std": 5.232559798985314e-05, "gt_scores/nonlin_additive_pairwise/min": -0.8341020215334246, "gt_scores/nonlin_additive_pairwise/pct5": -0.8341020215334246, "rho_curated/additive/additive": 0.9999974223998966, "rho_random/additive/additive": 0.9999922978772843, "rho_curated/pairwise/additive": 0.9991970508798432, "rho_random/pairwise/additive": 0.9987038119648113, "rho_curated/additive_GE/additive": 0.9999796659751852, "rho_random/additive_GE/additive": 0.9999573797341046, "rho_curated/pairwise_GE/additive": 0.9647131295219845, "rho_random/pairwise_GE/additive": 0.9414011203899683, "rho_curated/additive/additive_pairwise": 0.9791658757171349, "rho_random/additive/additive_pairwise": 0.9621740284388014, "rho_curated/pairwise/additive_pairwise": 0.9908707844261742, "rho_random/pairwise/additive_pairwise": 0.9850667609925922, "rho_curated/additive_GE/additive_pairwise": 0.9792249077035005, "rho_random/additive_GE/additive_pairwise": 0.9656863553764679, "rho_curated/pairwise_GE/additive_pairwise": 0.9547130785703495, "rho_random/pairwise_GE/additive_pairwise": 0.9439242421580297, "rho_curated/additive/nonlin_additive": 0.9970159029762781, "rho_random/additive/nonlin_additive": 0.9967623515845917, "rho_curated/pairwise/nonlin_additive": 0.9890759116899879, "rho_random/pairwise/nonlin_additive": 0.9829523643816642, "rho_curated/additive_GE/nonlin_additive": 0.9999788399191517, "rho_random/additive_GE/nonlin_additive": 0.9999687159750152, "rho_curated/pairwise_GE/nonlin_additive": 0.9808545765763452, "rho_random/pairwise_GE/nonlin_additive": 0.9750771586933157, "rho_curated/additive/nonlin_additive_pairwise": NaN, "rho_random/additive/nonlin_additive_pairwise": NaN, "rho_curated/pairwise/nonlin_additive_pairwise": NaN, "rho_random/pairwise/nonlin_additive_pairwise": 0.05330023278458606, "rho_curated/additive_GE/nonlin_additive_pairwise": NaN, "rho_random/additive_GE/nonlin_additive_pairwise": NaN, "rho_curated/pairwise_GE/nonlin_additive_pairwise": NaN, "rho_random/pairwise_GE/nonlin_additive_pairwise": 0.0464323619091661, "rho_curated_mean": 0.9862322621963192, "rho_random_mean": 0.8465285130185999, "_wandb": {"runtime": 513}}