{"potts/n_edges": 182, "potts/edge_density": 0.9578947368421052, "potts/J_mean_abs": 4.03959321975708, "potts/J_std": 3.8604469299316406, "_timestamp": 1773498438.0620108, "_runtime": 486.56479477882385, "_step": 21, "gt_scores/additive/std": 1.426379881017352, "gt_scores/additive/min": -10.008467674255371, "gt_scores/additive/pct5": -7.166622185707093, "gt_scores/additive_pairwise/std": 96.10370365276167, "gt_scores/additive_pairwise/min": -658.6061401367188, "gt_scores/additive_pairwise/pct5": -470.8663757324219, "gt_scores/nonlin_additive/std": 0.13946177757028871, "gt_scores/nonlin_additive/min": -0.8313426784103302, "gt_scores/nonlin_additive/pct5": -0.8034810610065, "gt_scores/nonlin_additive_pairwise/std": 1.8841109504205302e-17, "gt_scores/nonlin_additive_pairwise/min": -0.8358896588447285, "gt_scores/nonlin_additive_pairwise/pct5": -0.8358896588447285, "rho_curated/additive/additive": 0.9999977422719096, "rho_random/additive/additive": 0.9999926497077462, "rho_curated/pairwise/additive": 0.99994300268572, "rho_random/pairwise/additive": 0.9998872075954963, "rho_curated/additive_GE/additive": 0.999984073359362, "rho_random/additive_GE/additive": 0.9999575576979771, "rho_curated/pairwise_GE/additive": 0.9987227247488475, "rho_random/pairwise_GE/additive": 0.9979792751244825, "rho_curated/additive/additive_pairwise": 0.9727693813968146, "rho_random/additive/additive_pairwise": 0.9546074338554703, "rho_curated/pairwise/additive_pairwise": 0.9999445039097787, "rho_random/pairwise/additive_pairwise": 0.9998799123289438, "rho_curated/additive_GE/additive_pairwise": 0.9727695915421302, "rho_random/additive_GE/additive_pairwise": 0.9580653154504373, "rho_curated/pairwise_GE/additive_pairwise": 0.9924743307624314, "rho_random/pairwise_GE/additive_pairwise": 0.9897968528895138, "rho_curated/additive/nonlin_additive": 0.9966610991782838, "rho_random/additive/nonlin_additive": 0.9961594345296028, "rho_curated/pairwise/nonlin_additive": 0.9983901075114884, "rho_random/pairwise/nonlin_additive": 0.9961660459961441, "rho_curated/additive_GE/nonlin_additive": 0.999983792367351, "rho_random/additive_GE/nonlin_additive": 0.9999773500235346, "rho_curated/pairwise_GE/nonlin_additive": 0.999162235590389, "rho_random/pairwise_GE/nonlin_additive": 0.9990966847717138, "rho_curated/additive/nonlin_additive_pairwise": NaN, "rho_random/additive/nonlin_additive_pairwise": NaN, "rho_curated/pairwise/nonlin_additive_pairwise": NaN, "rho_random/pairwise/nonlin_additive_pairwise": NaN, "rho_curated/additive_GE/nonlin_additive_pairwise": NaN, "rho_random/additive_GE/nonlin_additive_pairwise": NaN, "rho_curated/pairwise_GE/nonlin_additive_pairwise": NaN, "rho_random/pairwise_GE/nonlin_additive_pairwise": NaN, "rho_curated_mean": 0.9942335487770421, "rho_random_mean": 0.9909638099975885, "_wandb": {"runtime": 486}}