{"potts/n_edges": 78, "potts/edge_density": 0.7428571428571429, "potts/J_mean_abs": 3.5965702533721924, "potts/J_std": 2.980175256729126, "_timestamp": 1773549309.1572354, "_runtime": 556.234527349472, "_step": 21, "gt_scores/additive/std": 0.7770162874764199, "gt_scores/additive/min": -5.525506973266602, "gt_scores/additive/pct5": -4.092422103881836, "gt_scores/additive_pairwise/std": 37.39130889762315, "gt_scores/additive_pairwise/min": -336.6187744140625, "gt_scores/additive_pairwise/pct5": -275.8899856567383, "gt_scores/nonlin_additive/std": 0.13179785214960515, "gt_scores/nonlin_additive/min": -0.851066460422529, "gt_scores/nonlin_additive/pct5": -0.8261551473383105, "gt_scores/nonlin_additive_pairwise/std": 2.220446049250313e-16, "gt_scores/nonlin_additive_pairwise/min": -0.8558889585984598, "gt_scores/nonlin_additive_pairwise/pct5": -0.8558889585984598, "rho_curated/additive/additive": 0.9999977886879117, "rho_random/additive/additive": 0.9999936219214236, "rho_curated/pairwise/additive": 0.9999789873271586, "rho_random/pairwise/additive": 0.9999517614676214, "rho_curated/additive_GE/additive": 0.9999916975116677, "rho_random/additive_GE/additive": 0.9999815643587081, "rho_curated/pairwise_GE/additive": 0.999602026080062, "rho_random/pairwise_GE/additive": 0.999293919766503, "rho_curated/additive/additive_pairwise": 0.9252255163840477, "rho_random/additive/additive_pairwise": 0.8755942660777244, "rho_curated/pairwise/additive_pairwise": 0.9999698952627942, "rho_random/pairwise/additive_pairwise": 0.9999303767273229, "rho_curated/additive_GE/additive_pairwise": 0.9245893561123347, "rho_random/additive_GE/additive_pairwise": 0.8825286695736346, "rho_curated/pairwise_GE/additive_pairwise": 0.9996237591129233, "rho_random/pairwise_GE/additive_pairwise": 0.9994666143659315, "rho_curated/additive/nonlin_additive": 0.996988766679406, "rho_random/additive/nonlin_additive": 0.9972401974299506, "rho_curated/pairwise/nonlin_additive": 0.9993607067183822, "rho_random/pairwise/nonlin_additive": 0.9973115830079743, "rho_curated/additive_GE/nonlin_additive": 0.9999848504793918, "rho_random/additive_GE/nonlin_additive": 0.9999829370084726, "rho_curated/pairwise_GE/nonlin_additive": 0.9995870364954615, "rho_random/pairwise_GE/nonlin_additive": 0.9995820616820783, "rho_curated/additive/nonlin_additive_pairwise": NaN, "rho_random/additive/nonlin_additive_pairwise": NaN, "rho_curated/pairwise/nonlin_additive_pairwise": NaN, "rho_random/pairwise/nonlin_additive_pairwise": NaN, "rho_curated/additive_GE/nonlin_additive_pairwise": NaN, "rho_random/additive_GE/nonlin_additive_pairwise": NaN, "rho_curated/pairwise_GE/nonlin_additive_pairwise": NaN, "rho_random/pairwise_GE/nonlin_additive_pairwise": NaN, "rho_curated_mean": 0.9870750322376284, "rho_random_mean": 0.9792381311156121, "_wandb": {"runtime": 555}}