{"potts/n_edges": 245, "potts/edge_density": 0.8166666666666667, "potts/J_mean_abs": 2.5373008251190186, "potts/J_std": 2.125643730163574, "_timestamp": 1773391059.2015727, "_runtime": 551.0304975509644, "_step": 21, "gt_scores/additive/std": 1.0558350651310102, "gt_scores/additive/min": -6.844762802124023, "gt_scores/additive/pct5": -4.71688940525055, "gt_scores/additive_pairwise/std": 38.88196213234043, "gt_scores/additive_pairwise/min": -333.89959716796875, "gt_scores/additive_pairwise/pct5": -146.55650100708007, "gt_scores/nonlin_additive/std": 0.15669553213052334, "gt_scores/nonlin_additive/min": -0.7903161719451305, "gt_scores/nonlin_additive/pct5": -0.7533312902383124, "gt_scores/nonlin_additive_pairwise/std": 0.015399024652536045, "gt_scores/nonlin_additive_pairwise/min": -0.796258321306294, "gt_scores/nonlin_additive_pairwise/pct5": -0.796258321306294, "rho_curated/additive/additive": 0.9999976469199058, "rho_random/additive/additive": 0.9999918654889813, "rho_curated/pairwise/additive": 0.9997127941964978, "rho_random/pairwise/additive": 0.9995345174724133, "rho_curated/additive_GE/additive": 0.9997348622453816, "rho_random/additive_GE/additive": 0.9995371189224814, "rho_curated/pairwise_GE/additive": 0.9814879740190746, "rho_random/pairwise_GE/additive": 0.9716525882927234, "rho_curated/additive/additive_pairwise": 0.9655191186527645, "rho_random/additive/additive_pairwise": 0.9520792347575575, "rho_curated/pairwise/additive_pairwise": 0.9982239801289166, "rho_random/pairwise/additive_pairwise": 0.9973285679628751, "rho_curated/additive_GE/additive_pairwise": 0.9656781647143028, "rho_random/additive_GE/additive_pairwise": 0.9463326250942523, "rho_curated/pairwise_GE/additive_pairwise": 0.980032880289315, "rho_random/pairwise_GE/additive_pairwise": 0.9742702811463231, "rho_curated/additive/nonlin_additive": 0.9977105288601464, "rho_random/additive/nonlin_additive": 0.997424519971151, "rho_curated/pairwise/nonlin_additive": 0.9962096346561125, "rho_random/pairwise/nonlin_additive": 0.9923665267080303, "rho_curated/additive_GE/nonlin_additive": 0.9999873663754938, "rho_random/additive_GE/nonlin_additive": 0.9999817752785808, "rho_curated/pairwise_GE/nonlin_additive": 0.9924696365542433, "rho_random/pairwise_GE/nonlin_additive": 0.9909791776675293, "rho_curated/additive/nonlin_additive_pairwise": 0.08888963896817068, "rho_random/additive/nonlin_additive_pairwise": 0.3091650100067399, "rho_curated/pairwise/nonlin_additive_pairwise": 0.24410383427907112, "rho_random/pairwise/nonlin_additive_pairwise": 0.327357291975431, "rho_curated/additive_GE/nonlin_additive_pairwise": 0.12193549599734321, "rho_random/additive_GE/nonlin_additive_pairwise": 0.2433668845764466, "rho_curated/pairwise_GE/nonlin_additive_pairwise": 0.0459524885650063, "rho_random/pairwise_GE/nonlin_additive_pairwise": 0.3001059760497356, "rho_curated_mean": 0.7736028778388591, "rho_random_mean": 0.8125921225857032, "_wandb": {"runtime": 550}}