{"potts/n_edges": 162, "potts/edge_density": 0.8526315789473684, "potts/J_mean_abs": 2.2605698108673096, "potts/J_std": 1.9373289346694946, "_timestamp": 1773586456.958552, "_runtime": 493.85310196876526, "_step": 21, "gt_scores/additive/std": 1.210202704410808, "gt_scores/additive/min": -8.911455154418945, "gt_scores/additive/pct5": -6.663809275627136, "gt_scores/additive_pairwise/std": 53.2175270466148, "gt_scores/additive_pairwise/min": -362.90087890625, "gt_scores/additive_pairwise/pct5": -263.36866760253906, "gt_scores/nonlin_additive/std": 0.125785236402486, "gt_scores/nonlin_additive/min": -0.8664681453126024, "gt_scores/nonlin_additive/pct5": -0.8440971430509998, "gt_scores/nonlin_additive_pairwise/std": 3.1598029292063097e-13, "gt_scores/nonlin_additive_pairwise/min": -0.8707194432537088, "gt_scores/nonlin_additive_pairwise/pct5": -0.8707194432537088, "rho_curated/additive/additive": 0.9999977478639099, "rho_random/additive/additive": 0.9999927649154112, "rho_curated/pairwise/additive": 0.9999460266618397, "rho_random/pairwise/additive": 0.9998951641501225, "rho_curated/additive_GE/additive": 0.9999793219831727, "rho_random/additive_GE/additive": 0.99995683824739, "rho_curated/pairwise_GE/additive": 0.9994094685283362, "rho_random/pairwise_GE/additive": 0.9988096862836428, "rho_curated/additive/additive_pairwise": 0.9788600974883745, "rho_random/additive/additive_pairwise": 0.9656099336863363, "rho_curated/pairwise/additive_pairwise": 0.9999410619496395, "rho_random/pairwise/additive_pairwise": 0.9998792135644398, "rho_curated/additive_GE/additive_pairwise": 0.9790051474717021, "rho_random/additive_GE/additive_pairwise": 0.9609776252211203, "rho_curated/pairwise_GE/additive_pairwise": 0.9993177145566922, "rho_random/pairwise_GE/additive_pairwise": 0.9987654378193439, "rho_curated/additive/nonlin_additive": 0.9951186991800451, "rho_random/additive/nonlin_additive": 0.9959049609881618, "rho_curated/pairwise/nonlin_additive": 0.9981600415820927, "rho_random/pairwise/nonlin_additive": 0.9930988083065402, "rho_curated/additive_GE/nonlin_additive": 0.9999831791913236, "rho_random/additive_GE/nonlin_additive": 0.9999820695585447, "rho_curated/pairwise_GE/nonlin_additive": 0.9974736488506428, "rho_random/pairwise_GE/nonlin_additive": 0.9973581821784688, "rho_curated/additive/nonlin_additive_pairwise": NaN, "rho_random/additive/nonlin_additive_pairwise": NaN, "rho_curated/pairwise/nonlin_additive_pairwise": NaN, "rho_random/pairwise/nonlin_additive_pairwise": NaN, "rho_curated/additive_GE/nonlin_additive_pairwise": NaN, "rho_random/additive_GE/nonlin_additive_pairwise": NaN, "rho_curated/pairwise_GE/nonlin_additive_pairwise": NaN, "rho_random/pairwise_GE/nonlin_additive_pairwise": NaN, "rho_curated_mean": 0.9955993462756476, "rho_random_mean": 0.9925192237432934, "_wandb": {"runtime": 493}}