{"potts/n_edges": 146, "potts/edge_density": 0.7684210526315789, "potts/J_mean_abs": 2.511054515838623, "potts/J_std": 2.0942611694335938, "_timestamp": 1773376850.0769348, "_runtime": 456.818452835083, "_step": 21, "gt_scores/additive/std": 1.210202704410808, "gt_scores/additive/min": -8.911455154418945, "gt_scores/additive/pct5": -6.663809275627136, "gt_scores/additive_pairwise/std": 44.01566955349845, "gt_scores/additive_pairwise/min": -326.0746154785156, "gt_scores/additive_pairwise/pct5": -214.6128303527832, "gt_scores/nonlin_additive/std": 0.125785236402486, "gt_scores/nonlin_additive/min": -0.8664681453126024, "gt_scores/nonlin_additive/pct5": -0.8440971430509998, "gt_scores/nonlin_additive_pairwise/std": 4.495017462029267e-09, "gt_scores/nonlin_additive_pairwise/min": -0.8707194432537088, "gt_scores/nonlin_additive_pairwise/pct5": -0.8707194432537088, "rho_curated/additive/additive": 0.9999980564559223, "rho_random/additive/additive": 0.9999938445227026, "rho_curated/pairwise/additive": 0.9999424710616974, "rho_random/pairwise/additive": 0.9998953480790684, "rho_curated/additive_GE/additive": 0.999981807063271, "rho_random/additive_GE/additive": 0.9999589576783522, "rho_curated/pairwise_GE/additive": 0.9991773005350724, "rho_random/pairwise_GE/additive": 0.9984860129170215, "rho_curated/additive/additive_pairwise": 0.9671318619053304, "rho_random/additive/additive_pairwise": 0.9465817730204802, "rho_curated/pairwise/additive_pairwise": 0.9999434763257349, "rho_random/pairwise/additive_pairwise": 0.9998797178071493, "rho_curated/additive_GE/additive_pairwise": 0.9671631091385839, "rho_random/additive_GE/additive_pairwise": 0.9440275826729116, "rho_curated/pairwise_GE/additive_pairwise": 0.9907551005335383, "rho_random/pairwise_GE/additive_pairwise": 0.9847155149361149, "rho_curated/additive/nonlin_additive": 0.9949947636309497, "rho_random/additive/nonlin_additive": 0.9952436043257684, "rho_curated/pairwise/nonlin_additive": 0.9980698379145618, "rho_random/pairwise/nonlin_additive": 0.9932348028320033, "rho_curated/additive_GE/nonlin_additive": 0.9999867638314689, "rho_random/additive_GE/nonlin_additive": 0.9999855292177217, "rho_curated/pairwise_GE/nonlin_additive": 0.9973161260683876, "rho_random/pairwise_GE/nonlin_additive": 0.9973902169152741, "rho_curated/additive/nonlin_additive_pairwise": NaN, "rho_random/additive/nonlin_additive_pairwise": NaN, "rho_curated/pairwise/nonlin_additive_pairwise": NaN, "rho_random/pairwise/nonlin_additive_pairwise": NaN, "rho_curated/additive_GE/nonlin_additive_pairwise": NaN, "rho_random/additive_GE/nonlin_additive_pairwise": NaN, "rho_curated/pairwise_GE/nonlin_additive_pairwise": NaN, "rho_random/pairwise_GE/nonlin_additive_pairwise": NaN, "rho_curated_mean": 0.9928717228720433, "rho_random_mean": 0.9882827420770472, "_wandb": {"runtime": 456}}