{"potts/n_edges": 1473, "potts/edge_density": 0.8322033898305085, "potts/J_mean_abs": 4.143343448638916, "potts/J_std": 3.400785446166992, "_timestamp": 1773703888.0796998, "_runtime": 541.2814707756042, "_step": 21, "gt_scores/additive/std": 1.482028523614475, "gt_scores/additive/min": -10.639902114868164, "gt_scores/additive/pct5": -6.9830321073532104, "gt_scores/additive_pairwise/std": 144.29360798610315, "gt_scores/additive_pairwise/min": -1080.9188232421875, "gt_scores/additive_pairwise/pct5": -572.1410888671875, "gt_scores/nonlin_additive/std": 0.14799074225652126, "gt_scores/nonlin_additive/min": -0.8130102544838738, "gt_scores/nonlin_additive/pct5": -0.7779583307733601, "gt_scores/nonlin_additive_pairwise/std": 8.534072390396405e-06, "gt_scores/nonlin_additive_pairwise/min": -0.8163878109156041, "gt_scores/nonlin_additive_pairwise/pct5": -0.8163878109156041, "rho_curated/additive/additive": 0.9999954858638191, "rho_random/additive/additive": 0.9999856640365192, "rho_curated/pairwise/additive": 0.9988954522277123, "rho_random/pairwise/additive": 0.9988796884603367, "rho_curated/additive_GE/additive": 0.9999653704706123, "rho_random/additive_GE/additive": 0.9999409750431794, "rho_curated/pairwise_GE/additive": 0.9924491626572418, "rho_random/pairwise_GE/additive": 0.9885487976472535, "rho_curated/additive/additive_pairwise": 0.9820476615050446, "rho_random/additive/additive_pairwise": 0.9704672037279388, "rho_curated/pairwise/additive_pairwise": 0.9757577589651467, "rho_random/pairwise/additive_pairwise": 0.9685271619964078, "rho_curated/additive_GE/additive_pairwise": 0.9827853798225887, "rho_random/additive_GE/additive_pairwise": 0.9728485971605979, "rho_curated/pairwise_GE/additive_pairwise": 0.963143037028837, "rho_random/pairwise_GE/additive_pairwise": 0.954261154762723, "rho_curated/additive/nonlin_additive": 0.9957478839016092, "rho_random/additive/nonlin_additive": 0.9952896476527702, "rho_curated/pairwise/nonlin_additive": 0.9908623058018343, "rho_random/pairwise/nonlin_additive": 0.9903024455089429, "rho_curated/additive_GE/nonlin_additive": 0.9999732935429299, "rho_random/additive_GE/nonlin_additive": 0.9999625048380347, "rho_curated/pairwise_GE/nonlin_additive": 0.9920904436430483, "rho_random/pairwise_GE/nonlin_additive": 0.9917769522897403, "rho_curated/additive/nonlin_additive_pairwise": NaN, "rho_random/additive/nonlin_additive_pairwise": 0.11896129158745157, "rho_curated/pairwise/nonlin_additive_pairwise": NaN, "rho_random/pairwise/nonlin_additive_pairwise": 0.07359825187843022, "rho_curated/additive_GE/nonlin_additive_pairwise": NaN, "rho_random/additive_GE/nonlin_additive_pairwise": -0.0025170919161277205, "rho_curated/pairwise_GE/nonlin_additive_pairwise": NaN, "rho_random/pairwise_GE/nonlin_additive_pairwise": 0.0788657370030525, "rho_curated_mean": 0.9894761029525353, "rho_random_mean": 0.7562311863548282, "_wandb": {"runtime": 540}}