{"potts/n_edges": 79, "potts/edge_density": 0.7523809523809524, "potts/J_mean_abs": 4.286022663116455, "potts/J_std": 3.7858200073242188, "_timestamp": 1773401426.0977712, "_runtime": 522.6127052307129, "_step": 21, "gt_scores/additive/std": 0.9557475539592777, "gt_scores/additive/min": -7.033940315246582, "gt_scores/additive/pct5": -5.159853672981262, "gt_scores/additive_pairwise/std": 51.30294775788199, "gt_scores/additive_pairwise/min": -436.87908935546875, "gt_scores/additive_pairwise/pct5": -346.8548156738281, "gt_scores/nonlin_additive/std": 0.1307311439252841, "gt_scores/nonlin_additive/min": -0.8613129322410867, "gt_scores/nonlin_additive/pct5": -0.8371371284084792, "gt_scores/nonlin_additive_pairwise/std": 1.1102230246251565e-16, "gt_scores/nonlin_additive_pairwise/min": -0.8653877661321029, "gt_scores/nonlin_additive_pairwise/pct5": -0.8653877661321029, "rho_curated/additive/additive": 0.999998796831952, "rho_random/additive/additive": 0.9999957670654357, "rho_curated/pairwise/additive": 0.9999777561271093, "rho_random/pairwise/additive": 0.9999568066798452, "rho_curated/additive_GE/additive": NaN, "rho_random/additive_GE/additive": NaN, "rho_curated/pairwise_GE/additive": 0.9997571055902728, "rho_random/pairwise_GE/additive": 0.9994926495178417, "rho_curated/additive/additive_pairwise": 0.9459262505358588, "rho_random/additive/additive_pairwise": 0.907573582024067, "rho_curated/pairwise/additive_pairwise": 0.999969689918782, "rho_random/pairwise/additive_pairwise": 0.9999439245494851, "rho_curated/additive_GE/additive_pairwise": 0.9463455305222319, "rho_random/additive_GE/additive_pairwise": 0.9100511692926789, "rho_curated/pairwise_GE/additive_pairwise": 0.9995866680473875, "rho_random/pairwise_GE/additive_pairwise": 0.9992794135344573, "rho_curated/additive/nonlin_additive": 0.9963533756294352, "rho_random/additive/nonlin_additive": 0.9966380305640982, "rho_curated/pairwise/nonlin_additive": 0.9991478987098137, "rho_random/pairwise/nonlin_additive": 0.997552328483811, "rho_curated/additive_GE/nonlin_additive": 0.9999878493995125, "rho_random/additive_GE/nonlin_additive": 0.999986289619484, "rho_curated/pairwise_GE/nonlin_additive": 0.9993346618212747, "rho_random/pairwise_GE/nonlin_additive": 0.9994851696010608, "rho_curated/additive/nonlin_additive_pairwise": NaN, "rho_random/additive/nonlin_additive_pairwise": NaN, "rho_curated/pairwise/nonlin_additive_pairwise": NaN, "rho_random/pairwise/nonlin_additive_pairwise": NaN, "rho_curated/additive_GE/nonlin_additive_pairwise": NaN, "rho_random/additive_GE/nonlin_additive_pairwise": NaN, "rho_curated/pairwise_GE/nonlin_additive_pairwise": NaN, "rho_random/pairwise_GE/nonlin_additive_pairwise": NaN, "rho_curated_mean": 0.9896714166485118, "rho_random_mean": 0.9827231937211149, "_wandb": {"runtime": 522}}