{"potts/n_edges": 175, "potts/edge_density": 0.9210526315789473, "potts/J_mean_abs": 3.4387290477752686, "potts/J_std": 3.02321457862854, "_timestamp": 1773379382.4581864, "_runtime": 550.5247373580933, "_step": 17, "gt_scores/additive/std": 1.2097035595556864, "gt_scores/additive/min": -8.994394302368164, "gt_scores/additive/pct5": -6.638693571090698, "gt_scores/additive_pairwise/std": 71.44886273799334, "gt_scores/additive_pairwise/min": -525.2471313476562, "gt_scores/additive_pairwise/pct5": -349.84533843994143, "gt_scores/nonlin_additive/std": 0.12780147869164835, "gt_scores/nonlin_additive/min": -0.8633649983358815, "gt_scores/nonlin_additive/pct5": -0.8409005929909275, "gt_scores/nonlin_additive_pairwise/std": 6.459377956072125e-08, "gt_scores/nonlin_additive_pairwise/min": -0.8672038070001775, "gt_scores/nonlin_additive_pairwise/pct5": -0.8672038070001775, "rho_curated/additive/additive": 0.9999984116799364, "rho_random/additive/additive": 0.9999951727981331, "rho_curated/pairwise/additive": 0.9999511202540448, "rho_random/pairwise/additive": 0.9998878552646128, "rho_curated/additive_GE/additive": 0.9999857961994316, "rho_random/additive_GE/additive": 0.999959987016982, "rho_curated/pairwise_GE/additive": 0.9992378374654952, "rho_random/pairwise_GE/additive": 0.9987400364141273, "rho_curated/additive/additive_pairwise": 0.9696277164723798, "rho_random/additive/additive_pairwise": 0.9539014698032808, "rho_curated/pairwise/additive_pairwise": 0.9999396003495838, "rho_random/pairwise/additive_pairwise": 0.9998814631215798, "rho_curated/additive_GE/additive_pairwise": 0.969673899386228, "rho_random/additive_GE/additive_pairwise": 0.9505589001392359, "rho_curated/pairwise_GE/additive_pairwise": 0.9992344689213604, "rho_random/pairwise_GE/additive_pairwise": 0.9987822235430397, "rho_curated/additive/nonlin_additive": 0.9955174383403746, "rho_random/additive/nonlin_additive": 0.9956480868078376, "rho_curated/pairwise/nonlin_additive": 0.9982901824995664, "rho_random/pairwise/nonlin_additive": 0.9948988616174245, "rho_curated/additive_GE/nonlin_additive": 0.9999882053435274, "rho_random/additive_GE/nonlin_additive": 0.9999866689924968, "rho_curated/pairwise_GE/nonlin_additive": 0.9981602018543639, "rho_random/pairwise_GE/nonlin_additive": 0.9982864984046789, "rho_curated/additive/nonlin_additive_pairwise": NaN, "rho_random/additive/nonlin_additive_pairwise": NaN, "_wandb": {"runtime": 550}}