{"potts/n_edges": 77, "potts/edge_density": 0.4052631578947368, "potts/J_mean_abs": 1.19782292842865, "potts/J_std": 0.9204003214836121, "_timestamp": 1773345884.7886693, "_runtime": 604.3463513851166, "_step": 21, "gt_scores/additive/std": 1.09571472831973, "gt_scores/additive/min": -7.58047342300415, "gt_scores/additive/pct5": -4.522053813934326, "gt_scores/additive_pairwise/std": 8.084858067407762, "gt_scores/additive_pairwise/min": -58.233116149902344, "gt_scores/additive_pairwise/pct5": -29.168613147735595, "gt_scores/nonlin_additive/std": 0.16596682447917804, "gt_scores/nonlin_additive/min": -0.7613775443984369, "gt_scores/nonlin_additive/pct5": -0.7148006817771, "gt_scores/nonlin_additive_pairwise/std": 0.08617602537875341, "gt_scores/nonlin_additive_pairwise/min": -0.7645809578356353, "gt_scores/nonlin_additive_pairwise/pct5": -0.7645809578267142, "rho_curated/additive/additive": 0.999998150799924, "rho_random/additive/additive": 0.9999937359937361, "rho_curated/pairwise/additive": 0.9999320430372067, "rho_random/pairwise/additive": 0.9998760516337586, "rho_curated/additive_GE/additive": 0.9999903970956049, "rho_random/additive_GE/additive": 0.999973229159052, "rho_curated/pairwise_GE/additive": 0.9927724882867468, "rho_random/pairwise_GE/additive": 0.9904578549916487, "rho_curated/additive/additive_pairwise": 0.9375636503890475, "rho_random/additive/additive_pairwise": 0.9032186108238475, "rho_curated/pairwise/additive_pairwise": 0.9999127231325049, "rho_random/pairwise/additive_pairwise": 0.9998329627472968, "rho_curated/additive_GE/additive_pairwise": 0.9377068349707783, "rho_random/additive_GE/additive_pairwise": 0.9112763818507841, "rho_curated/pairwise_GE/additive_pairwise": 0.9934334623610235, "rho_random/pairwise_GE/additive_pairwise": 0.9912332359248435, "rho_curated/additive/nonlin_additive": 0.9977033414317793, "rho_random/additive/nonlin_additive": 0.9969052143005931, "rho_curated/pairwise/nonlin_additive": 0.9987734502365831, "rho_random/pairwise/nonlin_additive": 0.9979208498893266, "rho_curated/additive_GE/nonlin_additive": 0.9999921639276718, "rho_random/additive_GE/nonlin_additive": 0.9999841217809263, "rho_curated/pairwise_GE/nonlin_additive": 0.9993782766139374, "rho_random/pairwise_GE/nonlin_additive": 0.9990901557290475, "rho_curated/additive/nonlin_additive_pairwise": 0.4408943276284669, "rho_random/additive/nonlin_additive_pairwise": 0.8773099094184057, "rho_curated/pairwise/nonlin_additive_pairwise": 0.4613469480286052, "rho_random/pairwise/nonlin_additive_pairwise": 0.7240976808986966, "rho_curated/additive_GE/nonlin_additive_pairwise": 0.4405662253293914, "rho_random/additive_GE/nonlin_additive_pairwise": 0.8905747030087037, "rho_curated/pairwise_GE/nonlin_additive_pairwise": 0.5213093455971015, "rho_random/pairwise_GE/nonlin_additive_pairwise": 0.9086108504782505, "rho_curated_mean": 0.8575796143041483, "rho_random_mean": 0.9493972217893074, "_wandb": {"runtime": 604}}