{"potts/n_edges": 2873, "potts/edge_density": 0.9091772151898734, "potts/J_mean_abs": 4.2870097160339355, "potts/J_std": 3.9536726474761963, "_timestamp": 1773497934.7802608, "_runtime": 600.1306178569794, "_step": 21, "gt_scores/additive/std": 1.3814914085051473, "gt_scores/additive/min": -9.466797828674316, "gt_scores/additive/pct5": -6.490896606445313, "gt_scores/additive_pairwise/std": 188.5984911626813, "gt_scores/additive_pairwise/min": -1813.94677734375, "gt_scores/additive_pairwise/pct5": -730.4331939697265, "gt_scores/nonlin_additive/std": 0.14876511773902834, "gt_scores/nonlin_additive/min": -0.8068553432424589, "gt_scores/nonlin_additive/pct5": -0.7736731425807715, "gt_scores/nonlin_additive_pairwise/std": 0.0001356072789335738, "gt_scores/nonlin_additive_pairwise/min": -0.8113804096118155, "gt_scores/nonlin_additive_pairwise/pct5": -0.8113804096118155, "rho_curated/additive/additive": 0.9999954624638184, "rho_random/additive/additive": 0.9999880413170769, "rho_curated/pairwise/additive": 0.9992308595371606, "rho_random/pairwise/additive": 0.9993370717902332, "rho_curated/additive_GE/additive": 0.9999510400220405, "rho_random/additive_GE/additive": 0.999877757080894, "rho_curated/pairwise_GE/additive": 0.9973010575239128, "rho_random/pairwise_GE/additive": 0.9956175602525054, "rho_curated/additive/additive_pairwise": 0.9827300324359578, "rho_random/additive/additive_pairwise": 0.9700267343752539, "rho_curated/pairwise/additive_pairwise": 0.9762860569468731, "rho_random/pairwise/additive_pairwise": 0.9683588041226204, "rho_curated/additive_GE/additive_pairwise": 0.9834790275867645, "rho_random/additive_GE/additive_pairwise": 0.9759372331094668, "rho_curated/pairwise_GE/additive_pairwise": 0.9759475982527492, "rho_random/pairwise_GE/additive_pairwise": 0.9694515584959305, "rho_curated/additive/nonlin_additive": 0.9928234149047644, "rho_random/additive/nonlin_additive": 0.9930918760855273, "rho_curated/pairwise/nonlin_additive": 0.9919078245403128, "rho_random/pairwise/nonlin_additive": 0.9916215033398811, "rho_curated/additive_GE/nonlin_additive": 0.9999660313826404, "rho_random/additive_GE/nonlin_additive": 0.9999583611588199, "rho_curated/pairwise_GE/nonlin_additive": 0.9957256683248215, "rho_random/pairwise_GE/nonlin_additive": 0.9959461146798868, "rho_curated/additive/nonlin_additive_pairwise": NaN, "rho_random/additive/nonlin_additive_pairwise": 0.05332016189681519, "rho_curated/pairwise/nonlin_additive_pairwise": NaN, "rho_random/pairwise/nonlin_additive_pairwise": 0.07958732685856236, "rho_curated/additive_GE/nonlin_additive_pairwise": NaN, "rho_random/additive_GE/nonlin_additive_pairwise": NaN, "rho_curated/pairwise_GE/nonlin_additive_pairwise": NaN, "rho_random/pairwise_GE/nonlin_additive_pairwise": NaN, "rho_curated_mean": 0.991278672826818, "rho_random_mean": 0.8565800074688195, "_wandb": {"runtime": 599}}