{"potts/n_edges": 325, "potts/edge_density": 0.7471264367816092, "potts/J_mean_abs": 3.1463708877563477, "potts/J_std": 2.4075212478637695, "_timestamp": 1773361416.2836647, "_runtime": 509.1340765953064, "_step": 21, "gt_scores/additive/std": 1.1925536417782636, "gt_scores/additive/min": -9.211626052856445, "gt_scores/additive/pct5": -6.01135892868042, "gt_scores/additive_pairwise/std": 70.94176048928833, "gt_scores/additive_pairwise/min": -484.0160217285156, "gt_scores/additive_pairwise/pct5": -300.6441375732422, "gt_scores/nonlin_additive/std": 0.1394448448352391, "gt_scores/nonlin_additive/min": -0.8371870805299297, "gt_scores/nonlin_additive/pct5": -0.8067663836145071, "gt_scores/nonlin_additive_pairwise/std": 8.171887451898352e-08, "gt_scores/nonlin_additive_pairwise/min": -0.8394933305681229, "gt_scores/nonlin_additive_pairwise/pct5": -0.8394933305681229, "rho_curated/additive/additive": 0.9999973456718938, "rho_random/additive/additive": 0.9999925717017077, "rho_curated/pairwise/additive": 0.9991597420383292, "rho_random/pairwise/additive": 0.9985139218218934, "rho_curated/additive_GE/additive": 0.99997177854287, "rho_random/additive_GE/additive": 0.9999380021303866, "rho_curated/pairwise_GE/additive": 0.9673687730451848, "rho_random/pairwise_GE/additive": 0.9503336883978166, "rho_curated/additive/additive_pairwise": 0.9767046366916263, "rho_random/additive/additive_pairwise": 0.9626683983748954, "rho_curated/pairwise/additive_pairwise": 0.9902774590670981, "rho_random/pairwise/additive_pairwise": 0.9832276454146793, "rho_curated/additive_GE/additive_pairwise": 0.9766587960657916, "rho_random/additive_GE/additive_pairwise": 0.961954971585885, "rho_curated/pairwise_GE/additive_pairwise": 0.9520552103930578, "rho_random/pairwise_GE/additive_pairwise": 0.9367946501409232, "rho_curated/additive/nonlin_additive": 0.9963948039514463, "rho_random/additive/nonlin_additive": 0.9960434808847721, "rho_curated/pairwise/nonlin_additive": 0.9894684785542338, "rho_random/pairwise/nonlin_additive": 0.9804699490201177, "rho_curated/additive_GE/nonlin_additive": 0.9999800546552015, "rho_random/additive_GE/nonlin_additive": 0.9999714443385567, "rho_curated/pairwise_GE/nonlin_additive": 0.9823869311346319, "rho_random/pairwise_GE/nonlin_additive": 0.9774578161996225, "rho_curated/additive/nonlin_additive_pairwise": NaN, "rho_random/additive/nonlin_additive_pairwise": NaN, "rho_curated/pairwise/nonlin_additive_pairwise": NaN, "rho_random/pairwise/nonlin_additive_pairwise": NaN, "rho_curated/additive_GE/nonlin_additive_pairwise": NaN, "rho_random/additive_GE/nonlin_additive_pairwise": NaN, "rho_curated/pairwise_GE/nonlin_additive_pairwise": NaN, "rho_random/pairwise_GE/nonlin_additive_pairwise": NaN, "rho_curated_mean": 0.9858686674842806, "rho_random_mean": 0.9789472116676047, "_wandb": {"runtime": 508}}