{"potts/n_edges": 54, "potts/edge_density": 0.5142857142857142, "potts/J_mean_abs": 3.79642653465271, "potts/J_std": 4.881570339202881, "_timestamp": 1773346424.8539584, "_runtime": 524.0796973705292, "_step": 21, "gt_scores/additive/std": 0.9557475539592777, "gt_scores/additive/min": -7.033940315246582, "gt_scores/additive/pct5": -5.159853672981262, "gt_scores/additive_pairwise/std": 34.21854209464535, "gt_scores/additive_pairwise/min": -258.06732177734375, "gt_scores/additive_pairwise/pct5": -193.59942169189452, "gt_scores/nonlin_additive/std": 0.1307311439252841, "gt_scores/nonlin_additive/min": -0.8613129322410867, "gt_scores/nonlin_additive/pct5": -0.8371371284084792, "gt_scores/nonlin_additive_pairwise/std": 1.1102230246251565e-16, "gt_scores/nonlin_additive_pairwise/min": -0.8653877661321029, "gt_scores/nonlin_additive_pairwise/pct5": -0.8653877661321029, "rho_curated/additive/additive": 0.9999980165439203, "rho_random/additive/additive": 0.9999933531763993, "rho_curated/pairwise/additive": 0.9999767077350656, "rho_random/pairwise/additive": 0.9999463313286632, "rho_curated/additive_GE/additive": 0.9999522167660818, "rho_random/additive_GE/additive": 0.9998997243273952, "rho_curated/pairwise_GE/additive": 0.9997659176466086, "rho_random/pairwise_GE/additive": 0.9995464015502312, "rho_curated/additive/additive_pairwise": 0.8519710929446328, "rho_random/additive/additive_pairwise": 0.7749697601226387, "rho_curated/pairwise/additive_pairwise": 0.9999698659107924, "rho_random/pairwise/additive_pairwise": 0.9999298362242597, "rho_curated/additive_GE/additive_pairwise": 0.8503208733264657, "rho_random/additive_GE/additive_pairwise": 0.7821154537927574, "rho_curated/pairwise_GE/additive_pairwise": 0.9983177413884674, "rho_random/pairwise_GE/additive_pairwise": 0.9967967237096326, "rho_curated/additive/nonlin_additive": 0.9961901741834244, "rho_random/additive/nonlin_additive": 0.9968859698766278, "rho_curated/pairwise/nonlin_additive": 0.9991440621416393, "rho_random/pairwise/nonlin_additive": 0.996464995486776, "rho_curated/additive_GE/nonlin_additive": 0.9999903221916111, "rho_random/additive_GE/nonlin_additive": 0.9999899265204119, "rho_curated/pairwise_GE/nonlin_additive": 0.9996238873928833, "rho_random/pairwise_GE/nonlin_additive": 0.9996770197478073, "rho_curated/additive/nonlin_additive_pairwise": NaN, "rho_random/additive/nonlin_additive_pairwise": NaN, "rho_curated/pairwise/nonlin_additive_pairwise": NaN, "rho_random/pairwise/nonlin_additive_pairwise": NaN, "rho_curated/additive_GE/nonlin_additive_pairwise": NaN, "rho_random/additive_GE/nonlin_additive_pairwise": NaN, "rho_curated/pairwise_GE/nonlin_additive_pairwise": NaN, "rho_random/pairwise_GE/nonlin_additive_pairwise": NaN, "rho_curated_mean": 0.9746017398476324, "rho_random_mean": 0.9621846246553, "_wandb": {"runtime": 523}}