{"potts/n_edges": 85, "potts/edge_density": 0.8095238095238095, "potts/J_mean_abs": 3.643416404724121, "potts/J_std": 2.9390227794647217, "_timestamp": 1773589292.6561315, "_runtime": 530.829327583313, "_step": 21, "gt_scores/additive/std": 0.7770162874764199, "gt_scores/additive/min": -5.525506973266602, "gt_scores/additive/pct5": -4.092422103881836, "gt_scores/additive_pairwise/std": 43.134535196887384, "gt_scores/additive_pairwise/min": -387.2437744140625, "gt_scores/additive_pairwise/pct5": -327.75086517333983, "gt_scores/nonlin_additive/std": 0.13179785214960515, "gt_scores/nonlin_additive/min": -0.851066460422529, "gt_scores/nonlin_additive/pct5": -0.8261551473383105, "gt_scores/nonlin_additive_pairwise/std": 2.220446049250313e-16, "gt_scores/nonlin_additive_pairwise/min": -0.8558889585984598, "gt_scores/nonlin_additive_pairwise/pct5": -0.8558889585984598, "rho_curated/additive/additive": 0.9999971975438878, "rho_random/additive/additive": 0.9999913255358102, "rho_curated/pairwise/additive": 0.9999773817990949, "rho_random/pairwise/additive": 0.9999466199666599, "rho_curated/additive_GE/additive": 0.9999887900075515, "rho_random/additive_GE/additive": 0.9999703697949177, "rho_curated/pairwise_GE/additive": 0.9994210949448022, "rho_random/pairwise_GE/additive": 0.9990327461755877, "rho_curated/additive/additive_pairwise": 0.9408862366057748, "rho_random/additive/additive_pairwise": 0.8901816369684196, "rho_curated/pairwise/additive_pairwise": 0.9999675068786957, "rho_random/pairwise/additive_pairwise": 0.9999443621250661, "rho_curated/additive_GE/additive_pairwise": 0.9408214879631785, "rho_random/additive_GE/additive_pairwise": 0.8935794624537138, "rho_curated/pairwise_GE/additive_pairwise": 0.9996409603216041, "rho_random/pairwise_GE/additive_pairwise": 0.9995147471563113, "rho_curated/additive/nonlin_additive": 0.9962359500811669, "rho_random/additive/nonlin_additive": 0.9970029733597563, "rho_curated/pairwise/nonlin_additive": 0.9993107733483649, "rho_random/pairwise/nonlin_additive": 0.9977292384440638, "rho_curated/additive_GE/nonlin_additive": 0.999988698927547, "rho_random/additive_GE/nonlin_additive": 0.9999857634312279, "rho_curated/pairwise_GE/nonlin_additive": 0.9997304172531909, "rho_random/pairwise_GE/nonlin_additive": 0.9997021340445291, "rho_curated/additive/nonlin_additive_pairwise": NaN, "rho_random/additive/nonlin_additive_pairwise": NaN, "rho_curated/pairwise/nonlin_additive_pairwise": NaN, "rho_random/pairwise/nonlin_additive_pairwise": NaN, "rho_curated/additive_GE/nonlin_additive_pairwise": NaN, "rho_random/additive_GE/nonlin_additive_pairwise": NaN, "rho_curated/pairwise_GE/nonlin_additive_pairwise": NaN, "rho_random/pairwise_GE/nonlin_additive_pairwise": NaN, "rho_curated_mean": 0.9896638746395716, "rho_random_mean": 0.9813817816213386, "_wandb": {"runtime": 530}}