{"potts/n_edges": 160, "potts/edge_density": 0.8421052631578947, "potts/J_mean_abs": 4.104833126068115, "potts/J_std": 3.5212368965148926, "_timestamp": 1773559540.5774152, "_runtime": 612.8073542118073, "_step": 21, "gt_scores/additive/std": 1.1679848925803606, "gt_scores/additive/min": -7.822732448577881, "gt_scores/additive/pct5": -5.290616750717163, "gt_scores/additive_pairwise/std": 75.39975476794307, "gt_scores/additive_pairwise/min": -521.9507446289062, "gt_scores/additive_pairwise/pct5": -291.42404022216795, "gt_scores/nonlin_additive/std": 0.15481317080016796, "gt_scores/nonlin_additive/min": -0.7984893206648476, "gt_scores/nonlin_additive/pct5": -0.7612731900288069, "gt_scores/nonlin_additive_pairwise/std": 0.0024852530668137427, "gt_scores/nonlin_additive_pairwise/min": -0.8035095018786592, "gt_scores/nonlin_additive_pairwise/pct5": -0.8035095018786592, "rho_curated/additive/additive": 0.9999979500159176, "rho_random/additive/additive": 0.9999927216941632, "rho_curated/pairwise/additive": 0.9999402414616082, "rho_random/pairwise/additive": 0.99988402398204, "rho_curated/additive_GE/additive": 0.9999687389667489, "rho_random/additive_GE/additive": 0.999937334743833, "rho_curated/pairwise_GE/additive": 0.9988725005948458, "rho_random/pairwise_GE/additive": 0.9983295105910445, "rho_curated/additive/additive_pairwise": 0.9769335806442359, "rho_random/additive/additive_pairwise": 0.9651451784385295, "rho_curated/pairwise/additive_pairwise": 0.9999337752853494, "rho_random/pairwise/additive_pairwise": 0.9998598422775875, "rho_curated/additive_GE/additive_pairwise": 0.9771175649407026, "rho_random/additive_GE/additive_pairwise": 0.9644816474951331, "rho_curated/pairwise_GE/additive_pairwise": 0.9937605963421242, "rho_random/pairwise_GE/additive_pairwise": 0.9918167405230744, "rho_curated/additive/nonlin_additive": 0.9978144781443169, "rho_random/additive/nonlin_additive": 0.9973010978363, "rho_curated/pairwise/nonlin_additive": 0.9988044616720351, "rho_random/pairwise/nonlin_additive": 0.9973414280330153, "rho_curated/additive_GE/nonlin_additive": 0.9999741762629639, "rho_random/additive_GE/nonlin_additive": 0.9999651042529923, "rho_curated/pairwise_GE/nonlin_additive": 0.9991128428444284, "rho_random/pairwise_GE/nonlin_additive": 0.9989277934944106, "rho_curated/additive/nonlin_additive_pairwise": NaN, "rho_random/additive/nonlin_additive_pairwise": 0.14175202325155808, "rho_curated/pairwise/nonlin_additive_pairwise": NaN, "rho_random/pairwise/nonlin_additive_pairwise": 0.004276836050535409, "rho_curated/additive_GE/nonlin_additive_pairwise": NaN, "rho_random/additive_GE/nonlin_additive_pairwise": NaN, "rho_curated/pairwise_GE/nonlin_additive_pairwise": NaN, "rho_random/pairwise_GE/nonlin_additive_pairwise": 0.04736025744646303, "rho_curated_mean": 0.9951859089312731, "rho_random_mean": 0.8070914360073785, "_wandb": {"runtime": 612}}