{"potts/n_edges": 89, "potts/edge_density": 0.8476190476190476, "potts/J_mean_abs": 1.5669535398483276, "potts/J_std": 1.2531243562698364, "_timestamp": 1773353608.1319993, "_runtime": 526.8599212169647, "_step": 21, "gt_scores/additive/std": 0.9557475539592777, "gt_scores/additive/min": -7.033940315246582, "gt_scores/additive/pct5": -5.159853672981262, "gt_scores/additive_pairwise/std": 19.392326912062252, "gt_scores/additive_pairwise/min": -166.59494018554688, "gt_scores/additive_pairwise/pct5": -145.17700424194337, "gt_scores/nonlin_additive/std": 0.1307311439252841, "gt_scores/nonlin_additive/min": -0.8613129322410867, "gt_scores/nonlin_additive/pct5": -0.8371371284084792, "gt_scores/nonlin_additive_pairwise/std": 1.1102230246251565e-16, "gt_scores/nonlin_additive_pairwise/min": -0.8653877661321029, "gt_scores/nonlin_additive_pairwise/pct5": -0.8653877661321029, "rho_curated/additive/additive": 0.9999975152799006, "rho_random/additive/additive": 0.9999914113828188, "rho_curated/pairwise/additive": 0.9999746829509867, "rho_random/pairwise/additive": 0.9999417173180439, "rho_curated/additive_GE/additive": 0.9999883281035328, "rho_random/additive_GE/additive": 0.9999638683251023, "rho_curated/pairwise_GE/additive": 0.9997504987020139, "rho_random/pairwise_GE/additive": 0.9994730067499262, "rho_curated/additive/additive_pairwise": 0.9415918271582713, "rho_random/additive/additive_pairwise": 0.9123030815454612, "rho_curated/pairwise/additive_pairwise": 0.9999643393585718, "rho_random/pairwise/additive_pairwise": 0.9999341176447235, "rho_curated/additive_GE/additive_pairwise": 0.9415552452782097, "rho_random/additive_GE/additive_pairwise": 0.915196438870009, "rho_curated/pairwise_GE/additive_pairwise": 0.9995730945588828, "rho_random/pairwise_GE/additive_pairwise": 0.9994636207909056, "rho_curated/additive/nonlin_additive": 0.9958470310976817, "rho_random/additive/nonlin_additive": 0.9961337668197447, "rho_curated/pairwise/nonlin_additive": 0.9991388212854909, "rho_random/pairwise/nonlin_additive": 0.996373031819608, "rho_curated/additive_GE/nonlin_additive": 0.9999910150236395, "rho_random/additive_GE/nonlin_additive": 0.9999881686036515, "rho_curated/pairwise_GE/nonlin_additive": 0.9996260099530223, "rho_random/pairwise_GE/nonlin_additive": 0.9996741203489653, "rho_curated/additive/nonlin_additive_pairwise": NaN, "rho_random/additive/nonlin_additive_pairwise": NaN, "rho_curated/pairwise/nonlin_additive_pairwise": NaN, "rho_random/pairwise/nonlin_additive_pairwise": NaN, "rho_curated/additive_GE/nonlin_additive_pairwise": NaN, "rho_random/additive_GE/nonlin_additive_pairwise": NaN, "rho_curated/pairwise_GE/nonlin_additive_pairwise": NaN, "rho_random/pairwise_GE/nonlin_additive_pairwise": NaN, "rho_curated_mean": 0.9897498673958504, "rho_random_mean": 0.9848696958515801, "_wandb": {"runtime": 526}}