{"potts/n_edges": 74, "potts/edge_density": 0.7047619047619048, "potts/J_mean_abs": 3.1993393898010254, "potts/J_std": 2.515538215637207, "_timestamp": 1773543869.648366, "_runtime": 537.9866368770599, "_step": 21, "gt_scores/additive/std": 0.9354941049529601, "gt_scores/additive/min": -6.730696678161621, "gt_scores/additive/pct5": -5.088986277580261, "gt_scores/additive_pairwise/std": 34.307075555873155, "gt_scores/additive_pairwise/min": -306.7314758300781, "gt_scores/additive_pairwise/pct5": -259.1245422363281, "gt_scores/nonlin_additive/std": 0.12695859792178035, "gt_scores/nonlin_additive/min": -0.8594803927815321, "gt_scores/nonlin_additive/pct5": -0.8373509757801759, "gt_scores/nonlin_additive_pairwise/std": 1.1102230246251565e-16, "gt_scores/nonlin_additive_pairwise/min": -0.8642349522941661, "gt_scores/nonlin_additive_pairwise/pct5": -0.8642349522941661, "rho_curated/additive/additive": 0.9999985695999423, "rho_random/additive/additive": 0.9999949456960259, "rho_curated/pairwise/additive": 0.9999732258869201, "rho_random/pairwise/additive": 0.9999434082355403, "rho_curated/additive_GE/additive": 0.9999696342147759, "rho_random/additive_GE/additive": 0.9999439423149424, "rho_curated/pairwise_GE/additive": 0.9996616717223776, "rho_random/pairwise_GE/additive": 0.9993614805633323, "rho_curated/additive/additive_pairwise": 0.940878990816322, "rho_random/additive/additive_pairwise": 0.9061052971271342, "rho_curated/pairwise/additive_pairwise": 0.999967637390704, "rho_random/pairwise/additive_pairwise": 0.999937901735721, "rho_curated/additive_GE/additive_pairwise": NaN, "rho_random/additive_GE/additive_pairwise": NaN, "rho_curated/pairwise_GE/additive_pairwise": 0.9995615964464429, "rho_random/pairwise_GE/additive_pairwise": 0.9993243225912262, "rho_curated/additive/nonlin_additive": 0.9961769347484166, "rho_random/additive/nonlin_additive": 0.9950895709982808, "rho_curated/pairwise/nonlin_additive": 0.9989918433109722, "rho_random/pairwise/nonlin_additive": 0.9975627279326476, "rho_curated/additive_GE/nonlin_additive": 0.9999949078957926, "rho_random/additive_GE/nonlin_additive": 0.9999931903045649, "rho_curated/pairwise_GE/nonlin_additive": 0.9995205405564994, "rho_random/pairwise_GE/nonlin_additive": 0.9996516128051677, "rho_curated/additive/nonlin_additive_pairwise": NaN, "rho_random/additive/nonlin_additive_pairwise": NaN, "rho_curated/pairwise/nonlin_additive_pairwise": NaN, "rho_random/pairwise/nonlin_additive_pairwise": NaN, "rho_curated/additive_GE/nonlin_additive_pairwise": NaN, "rho_random/additive_GE/nonlin_additive_pairwise": NaN, "rho_curated/pairwise_GE/nonlin_additive_pairwise": NaN, "rho_random/pairwise_GE/nonlin_additive_pairwise": NaN, "rho_curated_mean": 0.9940632320535605, "rho_random_mean": 0.9906280363913258, "_wandb": {"runtime": 537}}