{"potts/n_edges": 68, "potts/edge_density": 0.6476190476190476, "potts/J_mean_abs": 5.7560625076293945, "potts/J_std": 7.989221096038818, "_timestamp": 1773376375.721796, "_runtime": 524.9169299602509, "_step": 21, "gt_scores/additive/std": 0.9557475539592777, "gt_scores/additive/min": -7.033940315246582, "gt_scores/additive/pct5": -5.159853672981262, "gt_scores/additive_pairwise/std": 72.06624494383253, "gt_scores/additive_pairwise/min": -550.5882568359375, "gt_scores/additive_pairwise/pct5": -414.63819122314453, "gt_scores/nonlin_additive/std": 0.1307311439252841, "gt_scores/nonlin_additive/min": -0.8613129322410867, "gt_scores/nonlin_additive/pct5": -0.8371371284084792, "gt_scores/nonlin_additive_pairwise/std": 1.1102230246251565e-16, "gt_scores/nonlin_additive_pairwise/min": -0.8653877661321029, "gt_scores/nonlin_additive_pairwise/pct5": -0.8653877661321029, "rho_curated/additive/additive": 0.9999979723599187, "rho_random/additive/additive": 0.9999941097574541, "rho_curated/pairwise/additive": 0.9999775744231014, "rho_random/pairwise/additive": 0.9999537531308552, "rho_curated/additive_GE/additive": 0.999988073271522, "rho_random/additive_GE/additive": 0.9999691641495326, "rho_curated/pairwise_GE/additive": 0.9997715958308421, "rho_random/pairwise_GE/additive": 0.9995922737184078, "rho_curated/additive/additive_pairwise": 0.8871829391351947, "rho_random/additive/additive_pairwise": 0.7775729868305332, "rho_curated/pairwise/additive_pairwise": 0.9999689495907572, "rho_random/pairwise/additive_pairwise": 0.9999362867522331, "rho_curated/additive_GE/additive_pairwise": 0.885458304756834, "rho_random/additive_GE/additive_pairwise": 0.7921159900673691, "rho_curated/pairwise_GE/additive_pairwise": 0.9996796620991864, "rho_random/pairwise_GE/additive_pairwise": 0.999412926060694, "rho_curated/additive/nonlin_additive": 0.9966002579034391, "rho_random/additive/nonlin_additive": 0.997024860415541, "rho_curated/pairwise/nonlin_additive": 0.9991680262626212, "rho_random/pairwise/nonlin_additive": 0.9973525712006786, "rho_curated/additive_GE/nonlin_additive": 0.9999877821035098, "rho_random/additive_GE/nonlin_additive": 0.9999851043920468, "rho_curated/pairwise_GE/nonlin_additive": 0.9995348076693366, "rho_random/pairwise_GE/nonlin_additive": 0.9996311584195225, "rho_curated/additive/nonlin_additive_pairwise": NaN, "rho_random/additive/nonlin_additive_pairwise": NaN, "rho_curated/pairwise/nonlin_additive_pairwise": NaN, "rho_random/pairwise/nonlin_additive_pairwise": NaN, "rho_curated/additive_GE/nonlin_additive_pairwise": NaN, "rho_random/additive_GE/nonlin_additive_pairwise": NaN, "rho_curated/pairwise_GE/nonlin_additive_pairwise": NaN, "rho_random/pairwise_GE/nonlin_additive_pairwise": NaN, "rho_curated_mean": 0.9806096621171886, "rho_random_mean": 0.9635450987412391, "_wandb": {"runtime": 524}}