{"potts/n_edges": 62, "potts/edge_density": 0.3263157894736842, "potts/J_mean_abs": 1.8047270774841309, "potts/J_std": 1.558161973953247, "_timestamp": 1773497317.5589228, "_runtime": 624.8992097377777, "_step": 21, "gt_scores/additive/std": 1.1679848925803606, "gt_scores/additive/min": -7.822732448577881, "gt_scores/additive/pct5": -5.290616750717163, "gt_scores/additive_pairwise/std": 14.217215292754036, "gt_scores/additive_pairwise/min": -116.58392333984375, "gt_scores/additive_pairwise/pct5": -53.91677722930908, "gt_scores/nonlin_additive/std": 0.15481317080016796, "gt_scores/nonlin_additive/min": -0.7984893206648476, "gt_scores/nonlin_additive/pct5": -0.7612731900288069, "gt_scores/nonlin_additive_pairwise/std": 0.04235932803838505, "gt_scores/nonlin_additive_pairwise/min": -0.8035095018786592, "gt_scores/nonlin_additive_pairwise/pct5": -0.8035095018786592, "rho_curated/additive/additive": 0.9999974896718995, "rho_random/additive/additive": 0.9999917118809085, "rho_curated/pairwise/additive": 0.9999300999492009, "rho_random/pairwise/additive": 0.999872466997055, "rho_curated/additive_GE/additive": 0.9999415214776595, "rho_random/additive_GE/additive": 0.9998743610071323, "rho_curated/pairwise_GE/additive": 0.998622627056872, "rho_random/pairwise_GE/additive": 0.9982451730807348, "rho_curated/additive/additive_pairwise": 0.9434292856158137, "rho_random/additive/additive_pairwise": 0.9230329104536585, "rho_curated/pairwise/additive_pairwise": 0.9999247413009877, "rho_random/pairwise/additive_pairwise": 0.9998505550726778, "rho_curated/additive_GE/additive_pairwise": 0.9425129354323784, "rho_random/additive_GE/additive_pairwise": 0.9141834040730165, "rho_curated/pairwise_GE/additive_pairwise": 0.9936674376265455, "rho_random/pairwise_GE/additive_pairwise": 0.9915426880176561, "rho_curated/additive/nonlin_additive": 0.9973948343116682, "rho_random/additive/nonlin_additive": 0.9966779806445261, "rho_curated/pairwise/nonlin_additive": 0.9986934762116451, "rho_random/pairwise/nonlin_additive": 0.9975073001941834, "rho_curated/additive_GE/nonlin_additive": 0.9999877084955069, "rho_random/additive_GE/nonlin_additive": 0.9999831960490656, "rho_curated/pairwise_GE/nonlin_additive": 0.9981113187723619, "rho_random/pairwise_GE/nonlin_additive": 0.9980074878750517, "rho_curated/additive/nonlin_additive_pairwise": 0.2622840074508365, "rho_random/additive/nonlin_additive_pairwise": 0.7352502000639753, "rho_curated/pairwise/nonlin_additive_pairwise": 0.22452327956069412, "rho_random/pairwise/nonlin_additive_pairwise": 0.5727282742674533, "rho_curated/additive_GE/nonlin_additive_pairwise": 0.2488091172806241, "rho_random/additive_GE/nonlin_additive_pairwise": 0.7519301998780832, "rho_curated/pairwise_GE/nonlin_additive_pairwise": 0.30935316084130676, "rho_random/pairwise_GE/nonlin_additive_pairwise": 0.7666980050119815, "rho_curated_mean": 0.8073239400660001, "rho_random_mean": 0.9153359946604475, "_wandb": {"runtime": 624}}