{"potts/n_edges": 520, "potts/edge_density": 0.8739495798319328, "potts/J_mean_abs": 3.96840500831604, "potts/J_std": 3.235065460205078, "_timestamp": 1773382996.6096175, "_runtime": 506.64393949508667, "_step": 21, "gt_scores/additive/std": 1.1528579720739938, "gt_scores/additive/min": -7.998189926147461, "gt_scores/additive/pct5": -4.932051467895508, "gt_scores/additive_pairwise/std": 90.22196229662326, "gt_scores/additive_pairwise/min": -700.2484741210938, "gt_scores/additive_pairwise/pct5": -329.05598602294924, "gt_scores/nonlin_additive/std": 0.16041102297053694, "gt_scores/nonlin_additive/min": -0.774008956831814, "gt_scores/nonlin_additive/pct5": -0.7311924216093711, "gt_scores/nonlin_additive_pairwise/std": 0.019361876931880954, "gt_scores/nonlin_additive_pairwise/min": -0.7773865618694825, "gt_scores/nonlin_additive_pairwise/pct5": -0.7773865618694825, "rho_curated/additive/additive": 0.9999970093118802, "rho_random/additive/additive": 0.9999914075846686, "rho_curated/pairwise/additive": 0.998863204146528, "rho_random/pairwise/additive": 0.99857449895748, "rho_curated/additive_GE/additive": 0.999977778879111, "rho_random/additive_GE/additive": 0.9999501253135938, "rho_curated/pairwise_GE/additive": 0.9718796139545096, "rho_random/pairwise_GE/additive": 0.9597867641257218, "rho_curated/additive/additive_pairwise": 0.9805651914786077, "rho_random/additive/additive_pairwise": 0.9714439801817512, "rho_curated/pairwise/additive_pairwise": 0.9813491704210714, "rho_random/pairwise/additive_pairwise": 0.9750396007261843, "rho_curated/additive_GE/additive_pairwise": 0.9815019809240791, "rho_random/additive_GE/additive_pairwise": 0.9715439232934702, "rho_curated/pairwise_GE/additive_pairwise": 0.9526038030641519, "rho_random/pairwise_GE/additive_pairwise": 0.9480107140702226, "rho_curated/additive/nonlin_additive": 0.9977009816118737, "rho_random/additive/nonlin_additive": 0.9973430705549566, "rho_curated/pairwise/nonlin_additive": 0.9904845543069253, "rho_random/pairwise/nonlin_additive": 0.9845801156468266, "rho_curated/additive_GE/nonlin_additive": 0.9999777307111077, "rho_random/additive_GE/nonlin_additive": 0.9999609654668407, "rho_curated/pairwise_GE/nonlin_additive": 0.98481797167999, "rho_random/pairwise_GE/nonlin_additive": 0.9799219693205384, "rho_curated/additive/nonlin_additive_pairwise": NaN, "rho_random/additive/nonlin_additive_pairwise": 0.18382062744557454, "rho_curated/pairwise/nonlin_additive_pairwise": NaN, "rho_random/pairwise/nonlin_additive_pairwise": 0.21406531408838284, "rho_curated/additive_GE/nonlin_additive_pairwise": NaN, "rho_random/additive_GE/nonlin_additive_pairwise": NaN, "rho_curated/pairwise_GE/nonlin_additive_pairwise": NaN, "rho_random/pairwise_GE/nonlin_additive_pairwise": 0.19460241078833462, "rho_curated_mean": 0.9866432492074863, "rho_random_mean": 0.8252423658376365, "_wandb": {"runtime": 506}}