{"potts/n_edges": 130, "potts/edge_density": 0.6842105263157895, "potts/J_mean_abs": 2.9432480335235596, "potts/J_std": 2.545825481414795, "_timestamp": 1773516989.7066467, "_runtime": 477.1262686252594, "_step": 21, "gt_scores/additive/std": 1.210202704410808, "gt_scores/additive/min": -8.911455154418945, "gt_scores/additive/pct5": -6.663809275627136, "gt_scores/additive_pairwise/std": 53.421251047375726, "gt_scores/additive_pairwise/min": -404.2322082519531, "gt_scores/additive_pairwise/pct5": -262.38057403564454, "gt_scores/nonlin_additive/std": 0.125785236402486, "gt_scores/nonlin_additive/min": -0.8664681453126024, "gt_scores/nonlin_additive/pct5": -0.8440971430509998, "gt_scores/nonlin_additive_pairwise/std": 3.6649163320885854e-11, "gt_scores/nonlin_additive_pairwise/min": -0.8707194432537088, "gt_scores/nonlin_additive_pairwise/pct5": -0.8707194432537088, "rho_curated/additive/additive": 0.9999976882479074, "rho_random/additive/additive": 0.9999929235850271, "rho_curated/pairwise/additive": 0.999950764838027, "rho_random/pairwise/additive": 0.999884067434419, "rho_curated/additive_GE/additive": 0.9999830664393214, "rho_random/additive_GE/additive": 0.999962338047517, "rho_curated/pairwise_GE/additive": 0.998962943830468, "rho_random/pairwise_GE/additive": 0.9984602209920124, "rho_curated/additive/additive_pairwise": 0.9699292061164466, "rho_random/additive/additive_pairwise": 0.953587790609299, "rho_curated/pairwise/additive_pairwise": 0.9999432116057272, "rho_random/pairwise/additive_pairwise": 0.9998760502034924, "rho_curated/additive_GE/additive_pairwise": 0.9694425492155019, "rho_random/additive_GE/additive_pairwise": 0.9599497579340945, "rho_curated/pairwise_GE/additive_pairwise": 0.9936494514256734, "rho_random/pairwise_GE/additive_pairwise": 0.9881084460821548, "rho_curated/additive/nonlin_additive": 0.9936782081782178, "rho_random/additive/nonlin_additive": 0.9950890806815746, "rho_curated/pairwise/nonlin_additive": 0.9982828039871885, "rho_random/pairwise/nonlin_additive": 0.9943809300354297, "rho_curated/additive_GE/nonlin_additive": 0.99998377153535, "rho_random/additive_GE/nonlin_additive": 0.9999819686832696, "rho_curated/pairwise_GE/nonlin_additive": 0.9988667952905902, "rho_random/pairwise_GE/nonlin_additive": 0.9988128398639541, "rho_curated/additive/nonlin_additive_pairwise": NaN, "rho_random/additive/nonlin_additive_pairwise": NaN, "rho_curated/pairwise/nonlin_additive_pairwise": NaN, "rho_random/pairwise/nonlin_additive_pairwise": NaN, "rho_curated/additive_GE/nonlin_additive_pairwise": NaN, "rho_random/additive_GE/nonlin_additive_pairwise": NaN, "rho_curated/pairwise_GE/nonlin_additive_pairwise": NaN, "rho_random/pairwise_GE/nonlin_additive_pairwise": NaN, "rho_curated_mean": 0.9935558717258681, "rho_random_mean": 0.9906738678460202, "_wandb": {"runtime": 476}}