{"potts/n_edges": 102, "potts/edge_density": 0.5368421052631579, "potts/J_mean_abs": 1.9289613962173462, "potts/J_std": 1.5249277353286743, "_timestamp": 1773644801.3591585, "_runtime": 598.7720215320587, "_step": 21, "gt_scores/additive/std": 1.0887752723320927, "gt_scores/additive/min": -7.641550540924072, "gt_scores/additive/pct5": -4.537456130981445, "gt_scores/additive_pairwise/std": 19.420134499544407, "gt_scores/additive_pairwise/min": -125.39352416992188, "gt_scores/additive_pairwise/pct5": -69.48048629760743, "gt_scores/nonlin_additive/std": 0.1643405783567728, "gt_scores/nonlin_additive/min": -0.7673148850770545, "gt_scores/nonlin_additive/pct5": -0.7209217462355877, "gt_scores/nonlin_additive_pairwise/std": 0.051138357168838716, "gt_scores/nonlin_additive_pairwise/min": -0.770308034964665, "gt_scores/nonlin_additive_pairwise/pct5": -0.770308034964665, "rho_curated/additive/additive": 0.9999976070319039, "rho_random/additive/additive": 0.9999921987632352, "rho_curated/pairwise/additive": 0.999938213173521, "rho_random/pairwise/additive": 0.9998842963439762, "rho_curated/additive_GE/additive": NaN, "rho_random/additive_GE/additive": NaN, "rho_curated/pairwise_GE/additive": 0.9962938134111299, "rho_random/pairwise_GE/additive": 0.995342781948166, "rho_curated/additive/additive_pairwise": 0.9636262129895564, "rho_random/additive/additive_pairwise": 0.9442324407893029, "rho_curated/pairwise/additive_pairwise": 0.9999056789882225, "rho_random/pairwise/additive_pairwise": 0.9997923239381044, "rho_curated/additive_GE/additive_pairwise": 0.9639103978666834, "rho_random/additive_GE/additive_pairwise": 0.9472050116623486, "rho_curated/pairwise_GE/additive_pairwise": 0.9941581641099059, "rho_random/pairwise_GE/additive_pairwise": 0.9922871328602996, "rho_curated/additive/nonlin_additive": 0.9978160589518037, "rho_random/additive/nonlin_additive": 0.9971735627229514, "rho_curated/pairwise/nonlin_additive": 0.9989306792848678, "rho_random/pairwise/nonlin_additive": 0.9982163487536827, "rho_curated/additive_GE/nonlin_additive": 0.9999928765837126, "rho_random/additive_GE/nonlin_additive": 0.9999846419565859, "rho_curated/pairwise_GE/nonlin_additive": 0.9986870650190414, "rho_random/pairwise_GE/nonlin_additive": 0.9981396765895366, "rho_curated/additive/nonlin_additive_pairwise": 0.14593859885466157, "rho_random/additive/nonlin_additive_pairwise": 0.6774071216036748, "rho_curated/pairwise/nonlin_additive_pairwise": 0.19118720345597912, "rho_random/pairwise/nonlin_additive_pairwise": 0.6240675599990018, "rho_curated/additive_GE/nonlin_additive_pairwise": 0.1960005475969049, "rho_random/additive_GE/nonlin_additive_pairwise": 0.6466570481448688, "rho_curated/pairwise_GE/nonlin_additive_pairwise": 0.23298441584835264, "rho_random/pairwise_GE/nonlin_additive_pairwise": 0.6986306032674213, "rho_curated_mean": 0.778624502211083, "rho_random_mean": 0.9012675166228771, "_wandb": {"runtime": 598}}