{"potts/n_edges": 269, "potts/edge_density": 0.8966666666666666, "potts/J_mean_abs": 3.74402117729187, "potts/J_std": 3.3703596591949463, "_timestamp": 1773623815.400734, "_runtime": 438.0161099433899, "_step": 21, "gt_scores/additive/std": 1.1398200883094438, "gt_scores/additive/min": -9.020009994506836, "gt_scores/additive/pct5": -6.03385751247406, "gt_scores/additive_pairwise/std": 107.6847369456918, "gt_scores/additive_pairwise/min": -822.3706665039062, "gt_scores/additive_pairwise/pct5": -478.06078643798827, "gt_scores/nonlin_additive/std": 0.13291535666614748, "gt_scores/nonlin_additive/min": -0.8512857583768847, "gt_scores/nonlin_additive/pct5": -0.8249976913530378, "gt_scores/nonlin_additive_pairwise/std": 4.79851778208711e-14, "gt_scores/nonlin_additive_pairwise/min": -0.853410595172368, "gt_scores/nonlin_additive_pairwise/pct5": -0.853410595172368, "rho_curated/additive/additive": 0.9999976178799046, "rho_random/additive/additive": 0.999992548002229, "rho_curated/pairwise/additive": 0.9997628704385035, "rho_random/pairwise/additive": 0.9995586121193771, "rho_curated/additive_GE/additive": 0.9999854588074174, "rho_random/additive_GE/additive": 0.9999637372474319, "rho_curated/pairwise_GE/additive": 0.9911243673565487, "rho_random/pairwise_GE/additive": 0.9859902220919389, "rho_curated/additive/additive_pairwise": 0.9803250735555864, "rho_random/additive/additive_pairwise": 0.9675165961152276, "rho_curated/pairwise/additive_pairwise": 0.9992359345053823, "rho_random/pairwise/additive_pairwise": 0.9988365313790846, "rho_curated/additive_GE/additive_pairwise": 0.9804969446664736, "rho_random/additive_GE/additive_pairwise": 0.9659406571408947, "rho_curated/pairwise_GE/additive_pairwise": 0.9758453308886537, "rho_random/pairwise_GE/additive_pairwise": 0.9618487848487363, "rho_curated/additive/nonlin_additive": 0.9968072224158291, "rho_random/additive/nonlin_additive": 0.9973876333876336, "rho_curated/pairwise/nonlin_additive": 0.9950721039705294, "rho_random/pairwise/nonlin_additive": 0.9877167761332867, "rho_curated/additive_GE/nonlin_additive": 0.9999889930955579, "rho_random/additive_GE/nonlin_additive": 0.9999835761870332, "rho_curated/pairwise_GE/nonlin_additive": 0.9897923939912057, "rho_random/pairwise_GE/nonlin_additive": 0.9875829344261774, "rho_curated/additive/nonlin_additive_pairwise": NaN, "rho_random/additive/nonlin_additive_pairwise": NaN, "rho_curated/pairwise/nonlin_additive_pairwise": NaN, "rho_random/pairwise/nonlin_additive_pairwise": NaN, "rho_curated/additive_GE/nonlin_additive_pairwise": NaN, "rho_random/additive_GE/nonlin_additive_pairwise": NaN, "rho_curated/pairwise_GE/nonlin_additive_pairwise": NaN, "rho_random/pairwise_GE/nonlin_additive_pairwise": NaN, "rho_curated_mean": 0.9923695259642993, "rho_random_mean": 0.9876932174232541, "_wandb": {"runtime": 437}}