{"potts/n_edges": 46, "potts/edge_density": 0.4380952380952381, "potts/J_mean_abs": 3.83317232131958, "potts/J_std": 3.507936954498291, "_timestamp": 1773585945.936622, "_runtime": 532.8679699897766, "_step": 21, "gt_scores/additive/std": 0.7770162874764199, "gt_scores/additive/min": -5.525506973266602, "gt_scores/additive/pct5": -4.092422103881836, "gt_scores/additive_pairwise/std": 31.217946746879647, "gt_scores/additive_pairwise/min": -261.23748779296875, "gt_scores/additive_pairwise/pct5": -200.52080612182618, "gt_scores/nonlin_additive/std": 0.13179785214960515, "gt_scores/nonlin_additive/min": -0.851066460422529, "gt_scores/nonlin_additive/pct5": -0.8261551473383105, "gt_scores/nonlin_additive_pairwise/std": 2.220446049250313e-16, "gt_scores/nonlin_additive_pairwise/min": -0.8558889585984598, "gt_scores/nonlin_additive_pairwise/pct5": -0.8558889585984598, "rho_curated/additive/additive": 0.999998231559929, "rho_random/additive/additive": 0.999993803362482, "rho_curated/pairwise/additive": 0.99997810499112, "rho_random/pairwise/additive": 0.9999554752878905, "rho_curated/additive_GE/additive": 0.9999902940156106, "rho_random/additive_GE/additive": 0.99997639640316, "rho_curated/pairwise_GE/additive": 0.9995294390370986, "rho_random/pairwise_GE/additive": 0.9992858088442916, "rho_curated/additive/additive_pairwise": 0.9163918134516594, "rho_random/additive/additive_pairwise": 0.855458752328802, "rho_curated/pairwise/additive_pairwise": 0.9999694768707756, "rho_random/pairwise/additive_pairwise": 0.999932426878397, "rho_curated/additive_GE/additive_pairwise": 0.9160267767669943, "rho_random/additive_GE/additive_pairwise": 0.839830907830908, "rho_curated/pairwise_GE/additive_pairwise": 0.9995354621493405, "rho_random/pairwise_GE/additive_pairwise": 0.9992817536727997, "rho_curated/additive/nonlin_additive": 0.996771229494152, "rho_random/additive/nonlin_additive": 0.9971478171978198, "rho_curated/pairwise/nonlin_additive": 0.9993377464453986, "rho_random/pairwise/nonlin_additive": 0.9975227897945731, "rho_curated/additive_GE/nonlin_additive": 0.9999851323114027, "rho_random/additive_GE/nonlin_additive": 0.9999787313327894, "rho_curated/pairwise_GE/nonlin_additive": 0.9997361995493912, "rho_random/pairwise_GE/nonlin_additive": 0.9997454496040017, "rho_curated/additive/nonlin_additive_pairwise": NaN, "rho_random/additive/nonlin_additive_pairwise": NaN, "rho_curated/pairwise/nonlin_additive_pairwise": NaN, "rho_random/pairwise/nonlin_additive_pairwise": NaN, "rho_curated/additive_GE/nonlin_additive_pairwise": NaN, "rho_random/additive_GE/nonlin_additive_pairwise": NaN, "rho_curated/pairwise_GE/nonlin_additive_pairwise": NaN, "rho_random/pairwise_GE/nonlin_additive_pairwise": NaN, "rho_curated_mean": 0.9856041588869061, "rho_random_mean": 0.9740091760448261, "_wandb": {"runtime": 532}}