{"potts/n_edges": 152, "potts/edge_density": 0.8, "potts/J_mean_abs": 3.437563896179199, "potts/J_std": 3.0244715213775635, "_timestamp": 1773488987.4699237, "_runtime": 510.4637677669525, "_step": 21, "gt_scores/additive/std": 1.210202704410808, "gt_scores/additive/min": -8.911455154418945, "gt_scores/additive/pct5": -6.663809275627136, "gt_scores/additive_pairwise/std": 75.5364729086941, "gt_scores/additive_pairwise/min": -502.9197692871094, "gt_scores/additive_pairwise/pct5": -373.11442108154296, "gt_scores/nonlin_additive/std": 0.125785236402486, "gt_scores/nonlin_additive/min": -0.8664681453126024, "gt_scores/nonlin_additive/pct5": -0.8440971430509998, "gt_scores/nonlin_additive_pairwise/std": 9.814346419486263e-16, "gt_scores/nonlin_additive_pairwise/min": -0.8707194432537088, "gt_scores/nonlin_additive_pairwise/pct5": -0.8707194432537088, "rho_curated/additive/additive": 0.9999974911598993, "rho_random/additive/additive": 0.9999922646058466, "rho_curated/pairwise/additive": 0.9999453663498119, "rho_random/pairwise/additive": 0.9998877094626215, "rho_curated/additive_GE/additive": 0.9999687768627494, "rho_random/additive_GE/additive": 0.9999245209339696, "rho_curated/pairwise_GE/additive": 0.9990522745220454, "rho_random/pairwise_GE/additive": 0.9983731119209172, "rho_curated/additive/additive_pairwise": 0.9775163892030367, "rho_random/additive/additive_pairwise": 0.9607137487919651, "rho_curated/pairwise/additive_pairwise": 0.9999476792059059, "rho_random/pairwise/additive_pairwise": 0.9998887579696626, "rho_curated/additive_GE/additive_pairwise": 0.9774511366575044, "rho_random/additive_GE/additive_pairwise": 0.9631937002898824, "rho_curated/pairwise_GE/additive_pairwise": 0.9989263789170036, "rho_random/pairwise_GE/additive_pairwise": 0.9983050054027063, "rho_curated/additive/nonlin_additive": 0.9945734307982862, "rho_random/additive/nonlin_additive": 0.9950493511373697, "rho_curated/pairwise/nonlin_additive": 0.9979538412540062, "rho_random/pairwise/nonlin_additive": 0.993295041037837, "rho_curated/additive_GE/nonlin_additive": 0.9999859568794371, "rho_random/additive_GE/nonlin_additive": 0.9999837084295893, "rho_curated/pairwise_GE/nonlin_additive": 0.9984439272496826, "rho_random/pairwise_GE/nonlin_additive": 0.9985130820065075, "rho_curated/additive/nonlin_additive_pairwise": NaN, "rho_random/additive/nonlin_additive_pairwise": NaN, "rho_curated/pairwise/nonlin_additive_pairwise": NaN, "rho_random/pairwise/nonlin_additive_pairwise": NaN, "rho_curated/additive_GE/nonlin_additive_pairwise": NaN, "rho_random/additive_GE/nonlin_additive_pairwise": NaN, "rho_curated/pairwise_GE/nonlin_additive_pairwise": NaN, "rho_random/pairwise_GE/nonlin_additive_pairwise": NaN, "rho_curated_mean": 0.9953135540882808, "rho_random_mean": 0.9922600001657397, "_wandb": {"runtime": 510}}