{"potts/n_edges": 94, "potts/edge_density": 0.8952380952380953, "potts/J_mean_abs": 2.1311633586883545, "potts/J_std": 1.6891169548034668, "_timestamp": 1773706535.8916276, "_runtime": 525.3172764778137, "_step": 21, "gt_scores/additive/std": 0.9557475539592777, "gt_scores/additive/min": -7.033940315246582, "gt_scores/additive/pct5": -5.159853672981262, "gt_scores/additive_pairwise/std": 27.049906519830934, "gt_scores/additive_pairwise/min": -247.83375549316406, "gt_scores/additive_pairwise/pct5": -200.11572036743163, "gt_scores/nonlin_additive/std": 0.1307311439252841, "gt_scores/nonlin_additive/min": -0.8613129322410867, "gt_scores/nonlin_additive/pct5": -0.8371371284084792, "gt_scores/nonlin_additive_pairwise/std": 1.1102230246251565e-16, "gt_scores/nonlin_additive_pairwise/min": -0.8653877661321029, "gt_scores/nonlin_additive_pairwise/pct5": -0.8653877661321029, "rho_curated/additive/additive": 0.9999986837919471, "rho_random/additive/additive": 0.9999953883809861, "rho_curated/pairwise/additive": 0.9999752901030099, "rho_random/pairwise/additive": 0.9999453587381145, "rho_curated/additive_GE/additive": 0.9999681576147247, "rho_random/additive_GE/additive": 0.9999321754315373, "rho_curated/pairwise_GE/additive": 0.9997551828781898, "rho_random/pairwise_GE/additive": 0.9995630709885652, "rho_curated/additive/additive_pairwise": 0.9423210572486894, "rho_random/additive/additive_pairwise": 0.9055325987467119, "rho_curated/pairwise/additive_pairwise": 0.9999681440307225, "rho_random/pairwise/additive_pairwise": 0.9999511010406513, "rho_curated/additive_GE/additive_pairwise": 0.94227916361224, "rho_random/additive_GE/additive_pairwise": 0.9068886571089912, "rho_curated/pairwise_GE/additive_pairwise": 0.9996016307280174, "rho_random/pairwise_GE/additive_pairwise": 0.9994083009749819, "rho_curated/additive/nonlin_additive": 0.9960062510159625, "rho_random/additive/nonlin_additive": 0.9965714376622449, "rho_curated/pairwise/nonlin_additive": 0.999182131183246, "rho_random/pairwise/nonlin_additive": 0.9967961183577122, "rho_curated/additive_GE/nonlin_additive": 0.9999895570235812, "rho_random/additive_GE/nonlin_additive": 0.9999873061070665, "rho_curated/pairwise_GE/nonlin_additive": 0.9993819927752202, "rho_random/pairwise_GE/nonlin_additive": 0.9995893096093136, "rho_curated/additive/nonlin_additive_pairwise": NaN, "rho_random/additive/nonlin_additive_pairwise": NaN, "rho_curated/pairwise/nonlin_additive_pairwise": NaN, "rho_random/pairwise/nonlin_additive_pairwise": NaN, "rho_curated/additive_GE/nonlin_additive_pairwise": NaN, "rho_random/additive_GE/nonlin_additive_pairwise": NaN, "rho_curated/pairwise_GE/nonlin_additive_pairwise": NaN, "rho_random/pairwise_GE/nonlin_additive_pairwise": NaN, "rho_curated_mean": 0.9898689368337958, "rho_random_mean": 0.983680068595573, "_wandb": {"runtime": 524}}