{"potts/n_edges": 73, "potts/edge_density": 0.6952380952380952, "potts/J_mean_abs": 2.812387466430664, "potts/J_std": 2.1755778789520264, "_timestamp": 1773551503.1814075, "_runtime": 529.6031334400177, "_step": 21, "gt_scores/additive/std": 0.9557475539592777, "gt_scores/additive/min": -7.033940315246582, "gt_scores/additive/pct5": -5.159853672981262, "gt_scores/additive_pairwise/std": 31.39443605252719, "gt_scores/additive_pairwise/min": -270.8611145019531, "gt_scores/additive_pairwise/pct5": -227.7039680480957, "gt_scores/nonlin_additive/std": 0.1307311439252841, "gt_scores/nonlin_additive/min": -0.8613129322410867, "gt_scores/nonlin_additive/pct5": -0.8371371284084792, "gt_scores/nonlin_additive_pairwise/std": 1.1102230246251565e-16, "gt_scores/nonlin_additive_pairwise/min": -0.8653877661321029, "gt_scores/nonlin_additive_pairwise/pct5": -0.8653877661321029, "rho_curated/additive/additive": 0.9999985321119413, "rho_random/additive/additive": 0.9999949594059359, "rho_curated/pairwise/additive": 0.9999783524791332, "rho_random/pairwise/additive": 0.9999511870324294, "rho_curated/additive_GE/additive": 0.9999673460306924, "rho_random/additive_GE/additive": 0.9999228379154056, "rho_curated/pairwise_GE/additive": 0.9997534384861259, "rho_random/pairwise_GE/additive": 0.9995934383095731, "rho_curated/additive/additive_pairwise": 0.940501015614329, "rho_random/additive/additive_pairwise": 0.9016513856703054, "rho_curated/pairwise/additive_pairwise": 0.9999697119027858, "rho_random/pairwise/additive_pairwise": 0.9999532595807272, "rho_curated/additive_GE/additive_pairwise": 0.9410799575772998, "rho_random/additive_GE/additive_pairwise": 0.906164523236983, "rho_curated/pairwise_GE/additive_pairwise": 0.9994943878997029, "rho_random/pairwise_GE/additive_pairwise": 0.9994515296413757, "rho_curated/additive/nonlin_additive": 0.9966281944327233, "rho_random/additive/nonlin_additive": 0.9970947737914448, "rho_curated/pairwise/nonlin_additive": 0.9990531958339917, "rho_random/pairwise/nonlin_additive": 0.9966534578633478, "rho_curated/additive_GE/nonlin_additive": 0.9999946884397874, "rho_random/additive_GE/nonlin_additive": 0.999993517174318, "rho_curated/pairwise_GE/nonlin_additive": 0.9991502867338893, "rho_random/pairwise_GE/nonlin_additive": 0.9992625932642989, "rho_curated/additive/nonlin_additive_pairwise": NaN, "rho_random/additive/nonlin_additive_pairwise": NaN, "rho_curated/pairwise/nonlin_additive_pairwise": NaN, "rho_random/pairwise/nonlin_additive_pairwise": NaN, "rho_curated/additive_GE/nonlin_additive_pairwise": NaN, "rho_random/additive_GE/nonlin_additive_pairwise": NaN, "rho_curated/pairwise_GE/nonlin_additive_pairwise": NaN, "rho_random/pairwise_GE/nonlin_additive_pairwise": NaN, "rho_curated_mean": 0.989630758961867, "rho_random_mean": 0.9833072885738453, "_wandb": {"runtime": 529}}