{"potts/n_edges": 71, "potts/edge_density": 0.6761904761904762, "potts/J_mean_abs": 4.086894512176514, "potts/J_std": 3.2205708026885986, "_timestamp": 1773574792.889277, "_runtime": 539.0490720272064, "_step": 21, "gt_scores/additive/std": 0.9354941049529601, "gt_scores/additive/min": -6.730696678161621, "gt_scores/additive/pct5": -5.088986277580261, "gt_scores/additive_pairwise/std": 40.42888526119614, "gt_scores/additive_pairwise/min": -376.5413818359375, "gt_scores/additive_pairwise/pct5": -308.1072036743164, "gt_scores/nonlin_additive/std": 0.12695859792178035, "gt_scores/nonlin_additive/min": -0.8594803927815321, "gt_scores/nonlin_additive/pct5": -0.8373509757801759, "gt_scores/nonlin_additive_pairwise/std": 1.1102230246251565e-16, "gt_scores/nonlin_additive_pairwise/min": -0.8642349522941661, "gt_scores/nonlin_additive_pairwise/pct5": -0.8642349522941661, "rho_curated/additive/additive": 0.999998358519934, "rho_random/additive/additive": 0.9999942555975272, "rho_curated/pairwise/additive": 0.9999754326150132, "rho_random/pairwise/additive": 0.9999391575944682, "rho_curated/additive_GE/additive": 0.9999851779114046, "rho_random/additive_GE/additive": 0.9999617207028955, "rho_curated/pairwise_GE/additive": 0.9996983939798851, "rho_random/pairwise_GE/additive": 0.9994325025957933, "rho_curated/additive/additive_pairwise": 0.9287347220768372, "rho_random/additive/additive_pairwise": 0.880109641735807, "rho_curated/pairwise/additive_pairwise": 0.9999710082148382, "rho_random/pairwise/additive_pairwise": 0.999955148151263, "rho_curated/additive_GE/additive_pairwise": 0.9296839220412314, "rho_random/additive_GE/additive_pairwise": 0.888937033516028, "rho_curated/pairwise_GE/additive_pairwise": 0.9995963695678158, "rho_random/pairwise_GE/additive_pairwise": 0.9994577878896346, "rho_curated/additive/nonlin_additive": 0.996320358586695, "rho_random/additive/nonlin_additive": 0.9954012206579341, "rho_curated/pairwise/nonlin_additive": 0.9991151442521387, "rho_random/pairwise/nonlin_additive": 0.9967459945726482, "rho_curated/additive_GE/nonlin_additive": 0.9999883763675285, "rho_random/additive_GE/nonlin_additive": 0.9999877315666789, "rho_curated/pairwise_GE/nonlin_additive": 0.9996257442248322, "rho_random/pairwise_GE/nonlin_additive": 0.9996625752041284, "rho_curated/additive/nonlin_additive_pairwise": NaN, "rho_random/additive/nonlin_additive_pairwise": NaN, "rho_curated/pairwise/nonlin_additive_pairwise": NaN, "rho_random/pairwise/nonlin_additive_pairwise": NaN, "rho_curated/additive_GE/nonlin_additive_pairwise": NaN, "rho_random/additive_GE/nonlin_additive_pairwise": NaN, "rho_curated/pairwise_GE/nonlin_additive_pairwise": NaN, "rho_random/pairwise_GE/nonlin_additive_pairwise": NaN, "rho_curated_mean": 0.9877244173631796, "rho_random_mean": 0.9799653974820672, "_wandb": {"runtime": 538}}