{"potts/n_edges": 254, "potts/edge_density": 0.8466666666666667, "potts/J_mean_abs": 2.9789462089538574, "potts/J_std": 2.353884696960449, "_timestamp": 1773400886.1647987, "_runtime": 447.9156198501587, "_step": 21, "gt_scores/additive/std": 1.1398200883094438, "gt_scores/additive/min": -9.020009994506836, "gt_scores/additive/pct5": -6.03385751247406, "gt_scores/additive_pairwise/std": 84.82673993083931, "gt_scores/additive_pairwise/min": -597.188232421875, "gt_scores/additive_pairwise/pct5": -380.98902740478513, "gt_scores/nonlin_additive/std": 0.13291535666614748, "gt_scores/nonlin_additive/min": -0.8512857583768847, "gt_scores/nonlin_additive/pct5": -0.8249976913530378, "gt_scores/nonlin_additive_pairwise/std": 1.0670628132575566e-11, "gt_scores/nonlin_additive_pairwise/min": -0.853410595172368, "gt_scores/nonlin_additive_pairwise/pct5": -0.853410595172368, "rho_curated/additive/additive": 0.9999973106318925, "rho_random/additive/additive": 0.9999895632942813, "rho_curated/pairwise/additive": 0.9997404607976123, "rho_random/pairwise/additive": 0.9995658942982507, "rho_curated/additive_GE/additive": 0.9999654202706151, "rho_random/additive_GE/additive": 0.999921357956288, "rho_curated/pairwise_GE/additive": 0.982826163408222, "rho_random/pairwise_GE/additive": 0.9699573860037598, "rho_curated/additive/additive_pairwise": 0.9850884835391814, "rho_random/additive/additive_pairwise": 0.9733663469723041, "rho_curated/pairwise/additive_pairwise": 0.9994368774174749, "rho_random/pairwise/additive_pairwise": 0.9989219917257685, "rho_curated/additive_GE/additive_pairwise": 0.9854121971841378, "rho_random/additive_GE/additive_pairwise": 0.9750007788301581, "rho_curated/pairwise_GE/additive_pairwise": 0.9808987194919486, "rho_random/pairwise_GE/additive_pairwise": 0.9701629678360122, "rho_curated/additive/nonlin_additive": 0.9960200953446126, "rho_random/additive/nonlin_additive": 0.9966185279833047, "rho_curated/pairwise/nonlin_additive": 0.9935688848382923, "rho_random/pairwise/nonlin_additive": 0.9864160119146136, "rho_curated/additive_GE/nonlin_additive": 0.999984642207384, "rho_random/additive_GE/nonlin_additive": 0.9999810413865557, "rho_curated/pairwise_GE/nonlin_additive": 0.9895977543669114, "rho_random/pairwise_GE/nonlin_additive": 0.9881057282370949, "rho_curated/additive/nonlin_additive_pairwise": NaN, "rho_random/additive/nonlin_additive_pairwise": NaN, "rho_curated/pairwise/nonlin_additive_pairwise": NaN, "rho_random/pairwise/nonlin_additive_pairwise": NaN, "rho_curated/additive_GE/nonlin_additive_pairwise": NaN, "rho_random/additive_GE/nonlin_additive_pairwise": NaN, "rho_curated/pairwise_GE/nonlin_additive_pairwise": NaN, "rho_random/pairwise_GE/nonlin_additive_pairwise": NaN, "rho_curated_mean": 0.9927114174581905, "rho_random_mean": 0.9881672997031993, "_wandb": {"runtime": 447}}