{"potts/n_edges": 366, "potts/edge_density": 0.8413793103448276, "potts/J_mean_abs": 4.070888519287109, "potts/J_std": 3.319230318069458, "_timestamp": 1773491208.3699896, "_runtime": 391.7433805465698, "_step": 21, "gt_scores/additive/std": 1.3026329914510024, "gt_scores/additive/min": -9.520788192749023, "gt_scores/additive/pct5": -6.589263129234314, "gt_scores/additive_pairwise/std": 120.14013074126674, "gt_scores/additive_pairwise/min": -837.6986083984375, "gt_scores/additive_pairwise/pct5": -514.4858612060547, "gt_scores/nonlin_additive/std": 0.13748413835948767, "gt_scores/nonlin_additive/min": -0.8383537187280119, "gt_scores/nonlin_additive/pct5": -0.8091688078450335, "gt_scores/nonlin_additive_pairwise/std": 2.0208631367232606e-12, "gt_scores/nonlin_additive_pairwise/min": -0.8419067452138076, "gt_scores/nonlin_additive_pairwise/pct5": -0.8419067452138076, "rho_curated/additive/additive": 0.9999976613919062, "rho_random/additive/additive": 0.9999921238389102, "rho_curated/pairwise/additive": 0.9992850407393672, "rho_random/pairwise/additive": 0.9987735559287919, "rho_curated/additive_GE/additive": 0.9999782223031277, "rho_random/additive_GE/additive": 0.9999520844865742, "rho_curated/pairwise_GE/additive": 0.9681405232665622, "rho_random/pairwise_GE/additive": 0.9440395699505848, "rho_curated/additive/additive_pairwise": 0.982827683591871, "rho_random/additive/additive_pairwise": 0.971813536131412, "rho_curated/pairwise/additive_pairwise": 0.9921554391976528, "rho_random/pairwise/additive_pairwise": 0.9847340733614482, "rho_curated/additive_GE/additive_pairwise": 0.9830566612642333, "rho_random/additive_GE/additive_pairwise": 0.9701759607296014, "rho_curated/pairwise_GE/additive_pairwise": 0.9564473611678037, "rho_random/pairwise_GE/additive_pairwise": 0.9394729392206391, "rho_curated/additive/nonlin_additive": 0.9955370858212693, "rho_random/additive/nonlin_additive": 0.9946033632821472, "rho_curated/pairwise/nonlin_additive": 0.9893076645797935, "rho_random/pairwise/nonlin_additive": 0.9811290296888138, "rho_curated/additive_GE/nonlin_additive": 0.9999899172155965, "rho_random/additive_GE/nonlin_additive": 0.9999873396096995, "rho_curated/pairwise_GE/nonlin_additive": 0.980800260159089, "rho_random/pairwise_GE/nonlin_additive": 0.9769668622441531, "rho_curated/additive/nonlin_additive_pairwise": NaN, "rho_random/additive/nonlin_additive_pairwise": NaN, "rho_curated/pairwise/nonlin_additive_pairwise": NaN, "rho_random/pairwise/nonlin_additive_pairwise": NaN, "rho_curated/additive_GE/nonlin_additive_pairwise": NaN, "rho_random/additive_GE/nonlin_additive_pairwise": NaN, "rho_curated/pairwise_GE/nonlin_additive_pairwise": NaN, "rho_random/pairwise_GE/nonlin_additive_pairwise": NaN, "rho_curated_mean": 0.9872936267248561, "rho_random_mean": 0.9801367032060645, "_wandb": {"runtime": 391}}