{"potts/n_edges": 94, "potts/edge_density": 0.8952380952380953, "potts/J_mean_abs": 2.9234018325805664, "potts/J_std": 2.272059917449951, "_timestamp": 1773371439.633386, "_runtime": 687.0429408550262, "_step": 21, "gt_scores/additive/std": 0.8641406634079339, "gt_scores/additive/min": -5.3870134353637695, "gt_scores/additive/pct5": -3.507247936725616, "gt_scores/additive_pairwise/std": 40.663309865963896, "gt_scores/additive_pairwise/min": -265.2701110839844, "gt_scores/additive_pairwise/pct5": -153.8662353515625, "gt_scores/nonlin_additive/std": 0.16792670638935217, "gt_scores/nonlin_additive/min": -0.7564364036535516, "gt_scores/nonlin_additive/pct5": -0.7101068352745145, "gt_scores/nonlin_additive_pairwise/std": 0.021120196659832724, "gt_scores/nonlin_additive_pairwise/min": -0.762701954243916, "gt_scores/nonlin_additive_pairwise/pct5": -0.762701954243916, "rho_curated/additive/additive": 0.9999984023919352, "rho_random/additive/additive": 0.9999953226342126, "rho_curated/pairwise/additive": 0.9999797971591788, "rho_random/pairwise/additive": 0.9999589843309952, "rho_curated/additive_GE/additive": 0.9999925081596956, "rho_random/additive_GE/additive": 0.9999829352179449, "rho_curated/pairwise_GE/additive": 0.999536798061183, "rho_random/pairwise_GE/additive": 0.9992204472515092, "rho_curated/additive/additive_pairwise": 0.9791415292051606, "rho_random/additive/additive_pairwise": 0.9686056643209947, "rho_curated/pairwise/additive_pairwise": 0.9999759339270368, "rho_random/pairwise/additive_pairwise": 0.9999538865813808, "rho_curated/additive_GE/additive_pairwise": 0.9792016711915676, "rho_random/additive_GE/additive_pairwise": 0.9660398482581758, "rho_curated/pairwise_GE/additive_pairwise": 0.9995888192155525, "rho_random/pairwise_GE/additive_pairwise": 0.9994715952212376, "rho_curated/additive/nonlin_additive": 0.9991748082302991, "rho_random/additive/nonlin_additive": 0.9987813034884567, "rho_curated/pairwise/nonlin_additive": 0.9995897021032434, "rho_random/pairwise/nonlin_additive": 0.9991944322099503, "rho_curated/additive_GE/nonlin_additive": 0.999994813623788, "rho_random/additive_GE/nonlin_additive": 0.9999911181008513, "rho_curated/pairwise_GE/nonlin_additive": 0.999844528641643, "rho_random/pairwise_GE/nonlin_additive": 0.9997506997816541, "rho_curated/additive/nonlin_additive_pairwise": 0.45006583598877203, "rho_random/additive/nonlin_additive_pairwise": 0.21770860866120142, "rho_curated/pairwise/nonlin_additive_pairwise": 0.5697159552483273, "rho_random/pairwise/nonlin_additive_pairwise": 0.2788339294584018, "rho_curated/additive_GE/nonlin_additive_pairwise": -0.19301191443551932, "rho_random/additive_GE/nonlin_additive_pairwise": -0.020874198890429775, "rho_curated/pairwise_GE/nonlin_additive_pairwise": 0.546907425033108, "rho_random/pairwise_GE/nonlin_additive_pairwise": 0.272796341177601, "rho_curated_mean": 0.8331060383590607, "rho_random_mean": 0.7924631823627587, "_wandb": {"runtime": 686}}