{"potts/n_edges": 69, "potts/edge_density": 0.3631578947368421, "potts/J_mean_abs": 2.5941872596740723, "potts/J_std": 8.261824607849121, "_timestamp": 1773615848.0086675, "_runtime": 578.1286635398865, "_step": 21, "gt_scores/additive/std": 1.0887752723320927, "gt_scores/additive/min": -7.641550540924072, "gt_scores/additive/pct5": -4.537456130981445, "gt_scores/additive_pairwise/std": 28.76633125325018, "gt_scores/additive_pairwise/min": -261.9497375488281, "gt_scores/additive_pairwise/pct5": -58.265732765197754, "gt_scores/nonlin_additive/std": 0.1643405783567728, "gt_scores/nonlin_additive/min": -0.7673148850770545, "gt_scores/nonlin_additive/pct5": -0.7209217462355877, "gt_scores/nonlin_additive_pairwise/std": 0.09082521927501537, "gt_scores/nonlin_additive_pairwise/min": -0.770308034964665, "gt_scores/nonlin_additive_pairwise/pct5": -0.770308034964665, "rho_curated/additive/additive": 0.9999975406239009, "rho_random/additive/additive": 0.9999921731303565, "rho_curated/pairwise/additive": 0.9999425940136899, "rho_random/pairwise/additive": 0.999884833028359, "rho_curated/additive_GE/additive": 0.9999894938555771, "rho_random/additive_GE/additive": 0.9999726771723767, "rho_curated/pairwise_GE/additive": 0.9909607873080452, "rho_random/pairwise_GE/additive": 0.9879215083539808, "rho_curated/additive/additive_pairwise": 0.7255362915074934, "rho_random/additive/additive_pairwise": 0.7107312526863049, "rho_curated/pairwise/additive_pairwise": 0.9202446642940326, "rho_random/pairwise/additive_pairwise": 0.7043984667114657, "rho_curated/additive_GE/additive_pairwise": 0.32693375126522356, "rho_random/additive_GE/additive_pairwise": 0.8181859836949988, "rho_curated/pairwise_GE/additive_pairwise": 0.856335912756718, "rho_random/pairwise_GE/additive_pairwise": 0.9938699001855901, "rho_curated/additive/nonlin_additive": 0.9975559149252982, "rho_random/additive/nonlin_additive": 0.9969147759600432, "rho_curated/pairwise/nonlin_additive": 0.9989694080383806, "rho_random/pairwise/nonlin_additive": 0.9978961359727114, "rho_curated/additive_GE/nonlin_additive": 0.9999877254635041, "rho_random/additive_GE/nonlin_additive": 0.9999822145142331, "rho_curated/pairwise_GE/nonlin_additive": 0.998795060295253, "rho_random/pairwise_GE/nonlin_additive": 0.9984721129323898, "rho_curated/additive/nonlin_additive_pairwise": 0.39374633407883725, "rho_random/additive/nonlin_additive_pairwise": 0.7502586785242796, "rho_curated/pairwise/nonlin_additive_pairwise": 0.40875096209812695, "rho_random/pairwise/nonlin_additive_pairwise": 0.6037227364975775, "rho_curated/additive_GE/nonlin_additive_pairwise": 0.3841533376442678, "rho_random/additive_GE/nonlin_additive_pairwise": 0.7478558239585937, "rho_curated/pairwise_GE/nonlin_additive_pairwise": 0.45916181613268775, "rho_random/pairwise_GE/nonlin_additive_pairwise": 0.7884681680274241, "rho_curated_mean": 0.7788163496438147, "rho_random_mean": 0.8811579650844179, "_wandb": {"runtime": 577}}