{"potts/n_edges": 157, "potts/edge_density": 0.36091954022988504, "potts/J_mean_abs": 1.7087602615356445, "potts/J_std": 1.4387706518173218, "_timestamp": 1773469349.1982932, "_runtime": 557.6363091468811, "_step": 21, "gt_scores/additive/std": 1.074608035002341, "gt_scores/additive/min": -6.989950656890869, "gt_scores/additive/pct5": -4.36672306060791, "gt_scores/additive_pairwise/std": 13.357007999578029, "gt_scores/additive_pairwise/min": -90.776123046875, "gt_scores/additive_pairwise/pct5": -45.41665210723877, "gt_scores/nonlin_additive/std": 0.16546829470393207, "gt_scores/nonlin_additive/min": -0.7554618415266655, "gt_scores/nonlin_additive/pct5": -0.7085149860262349, "gt_scores/nonlin_additive_pairwise/std": 0.09659060600469745, "gt_scores/nonlin_additive_pairwise/min": -0.7601830034897071, "gt_scores/nonlin_additive_pairwise/pct5": -0.7601830034897071, "rho_curated/additive/additive": 0.999997354695894, "rho_random/additive/additive": 0.9999933308306403, "rho_curated/pairwise/additive": 0.9991176351405996, "rho_random/pairwise/additive": 0.998840559354194, "rho_curated/additive_GE/additive": 0.9999691758627635, "rho_random/additive_GE/additive": 0.9999302670396818, "rho_curated/pairwise_GE/additive": 0.9754746848800445, "rho_random/pairwise_GE/additive": 0.9734160474031374, "rho_curated/additive/additive_pairwise": 0.9314040134225143, "rho_random/additive/additive_pairwise": 0.9039339001444605, "rho_curated/pairwise/additive_pairwise": 0.9725443569817741, "rho_random/pairwise/additive_pairwise": 0.9598194100956462, "rho_curated/additive_GE/additive_pairwise": NaN, "rho_random/additive_GE/additive_pairwise": NaN, "rho_curated/pairwise_GE/additive_pairwise": 0.9553875549882901, "rho_random/pairwise_GE/additive_pairwise": 0.9387950824963738, "rho_curated/additive/nonlin_additive": 0.9975362989082693, "rho_random/additive/nonlin_additive": 0.9963539240267101, "rho_curated/pairwise/nonlin_additive": 0.9932024821009997, "rho_random/pairwise/nonlin_additive": 0.9876988594555867, "rho_curated/additive_GE/nonlin_additive": 0.9999830523753144, "rho_random/additive_GE/nonlin_additive": 0.9999724548474244, "rho_curated/pairwise_GE/nonlin_additive": 0.9893886701464533, "rho_random/pairwise_GE/nonlin_additive": 0.9843156489639517, "rho_curated/additive/nonlin_additive_pairwise": 0.3337757809534329, "rho_random/additive/nonlin_additive_pairwise": 0.8322849624291525, "rho_curated/pairwise/nonlin_additive_pairwise": 0.3243898848198524, "rho_random/pairwise/nonlin_additive_pairwise": 0.6864138551144232, "rho_curated/additive_GE/nonlin_additive_pairwise": 0.32925803035612383, "rho_random/additive_GE/nonlin_additive_pairwise": 0.8032706566253227, "rho_curated/pairwise_GE/nonlin_additive_pairwise": 0.3762022677917842, "rho_random/pairwise_GE/nonlin_additive_pairwise": 0.8412710432158661, "rho_curated_mean": 0.8118420828949409, "rho_random_mean": 0.9270873334695048, "_wandb": {"runtime": 557}}