{"potts/n_edges": 95, "potts/edge_density": 0.9047619047619048, "potts/J_mean_abs": 2.5872843265533447, "potts/J_std": 2.042299270629883, "_timestamp": 1773453162.8480558, "_runtime": 526.1750209331512, "_step": 21, "gt_scores/additive/std": 0.9557475539592777, "gt_scores/additive/min": -7.033940315246582, "gt_scores/additive/pct5": -5.159853672981262, "gt_scores/additive_pairwise/std": 32.2717563838434, "gt_scores/additive_pairwise/min": -274.4591064453125, "gt_scores/additive_pairwise/pct5": -233.88043594360352, "gt_scores/nonlin_additive/std": 0.1307311439252841, "gt_scores/nonlin_additive/min": -0.8613129322410867, "gt_scores/nonlin_additive/pct5": -0.8371371284084792, "gt_scores/nonlin_additive_pairwise/std": 1.1102230246251565e-16, "gt_scores/nonlin_additive_pairwise/min": -0.8653877661321029, "gt_scores/nonlin_additive_pairwise/pct5": -0.8653877661321029, "rho_curated/additive/additive": 0.9999975936399037, "rho_random/additive/additive": 0.9999913744236096, "rho_curated/pairwise/additive": 0.9999748494629934, "rho_random/pairwise/additive": 0.9999339583020292, "rho_curated/additive_GE/additive": 0.9999864631834573, "rho_random/additive_GE/additive": 0.999968077802865, "rho_curated/pairwise_GE/additive": 0.9995368513894519, "rho_random/pairwise_GE/additive": 0.9990930322354064, "rho_curated/additive/additive_pairwise": 0.9421827568845351, "rho_random/additive/additive_pairwise": 0.9084130892220575, "rho_curated/pairwise/additive_pairwise": 0.9999684665667364, "rho_random/pairwise/additive_pairwise": 0.9999445702551234, "rho_curated/additive_GE/additive_pairwise": 0.9418408314882374, "rho_random/additive_GE/additive_pairwise": 0.9103486602443153, "rho_curated/pairwise_GE/additive_pairwise": 0.9997114825724386, "rho_random/pairwise_GE/additive_pairwise": 0.9996259668432272, "rho_curated/additive/nonlin_additive": 0.9954382449370918, "rho_random/additive/nonlin_additive": 0.996400913068299, "rho_curated/pairwise/nonlin_additive": 0.9992424954096271, "rho_random/pairwise/nonlin_additive": 0.9967803691025046, "rho_curated/additive_GE/nonlin_additive": 0.9999906066876232, "rho_random/additive_GE/nonlin_additive": 0.9999855029664522, "rho_curated/pairwise_GE/nonlin_additive": 0.9995673527506318, "rho_random/pairwise_GE/nonlin_additive": 0.9995949345902219, "rho_curated/additive/nonlin_additive_pairwise": NaN, "rho_random/additive/nonlin_additive_pairwise": NaN, "rho_curated/pairwise/nonlin_additive_pairwise": NaN, "rho_random/pairwise/nonlin_additive_pairwise": NaN, "rho_curated/additive_GE/nonlin_additive_pairwise": NaN, "rho_random/additive_GE/nonlin_additive_pairwise": NaN, "rho_curated/pairwise_GE/nonlin_additive_pairwise": NaN, "rho_random/pairwise_GE/nonlin_additive_pairwise": NaN, "rho_curated_mean": 0.9897864995810606, "rho_random_mean": 0.9841733707546759, "_wandb": {"runtime": 525}}