{"potts/n_edges": 73, "potts/edge_density": 0.6952380952380952, "potts/J_mean_abs": 2.9482171535491943, "potts/J_std": 2.2012500762939453, "_timestamp": 1773355856.5548148, "_runtime": 637.7050998210907, "_step": 21, "gt_scores/additive/std": 0.9153219739721773, "gt_scores/additive/min": -6.102260112762451, "gt_scores/additive/pct5": -4.102987623214721, "gt_scores/additive_pairwise/std": 36.87529146928954, "gt_scores/additive_pairwise/min": -233.73936462402344, "gt_scores/additive_pairwise/pct5": -158.04189987182616, "gt_scores/nonlin_additive/std": 0.15664702317102136, "gt_scores/nonlin_additive/min": -0.7942014928090024, "gt_scores/nonlin_additive/pct5": -0.7561757150458371, "gt_scores/nonlin_additive_pairwise/std": 8.549798665357091e-05, "gt_scores/nonlin_additive_pairwise/min": -0.7992418339748336, "gt_scores/nonlin_additive_pairwise/pct5": -0.7992418339748336, "rho_curated/additive/additive": 0.9999982161519286, "rho_random/additive/additive": 0.9999941432817154, "rho_curated/pairwise/additive": 0.9999783710311344, "rho_random/pairwise/additive": 0.9999439325573146, "rho_curated/additive_GE/additive": 0.999991530639661, "rho_random/additive_GE/additive": 0.9999771460450813, "rho_curated/pairwise_GE/additive": 0.9997391584135601, "rho_random/pairwise_GE/additive": 0.9995721395721396, "rho_curated/additive/additive_pairwise": 0.9737899972555998, "rho_random/additive/additive_pairwise": 0.9582652686519556, "rho_curated/pairwise/additive_pairwise": 0.9999747782789905, "rho_random/pairwise/additive_pairwise": 0.9999338276424125, "rho_curated/additive_GE/additive_pairwise": 0.9743857966062022, "rho_random/additive_GE/additive_pairwise": 0.9616110292575436, "rho_curated/pairwise_GE/additive_pairwise": 0.9990614827464592, "rho_random/pairwise_GE/additive_pairwise": 0.9986842738100222, "rho_curated/additive/nonlin_additive": 0.9984905953951893, "rho_random/additive/nonlin_additive": 0.9981319926036671, "rho_curated/pairwise/nonlin_additive": 0.9996234716648665, "rho_random/pairwise/nonlin_additive": 0.998902463487856, "rho_curated/additive_GE/nonlin_additive": 0.9999926496637049, "rho_random/additive_GE/nonlin_additive": 0.9999886582741444, "rho_curated/pairwise_GE/nonlin_additive": 0.9997472990218497, "rho_random/pairwise_GE/nonlin_additive": 0.9996866275145572, "rho_curated/additive/nonlin_additive_pairwise": NaN, "rho_random/additive/nonlin_additive_pairwise": 0.0609122072455876, "rho_curated/pairwise/nonlin_additive_pairwise": NaN, "rho_random/pairwise/nonlin_additive_pairwise": 0.08654336354421223, "rho_curated/additive_GE/nonlin_additive_pairwise": NaN, "rho_random/additive_GE/nonlin_additive_pairwise": NaN, "rho_curated/pairwise_GE/nonlin_additive_pairwise": NaN, "rho_random/pairwise_GE/nonlin_additive_pairwise": -0.018698582500576946, "rho_curated_mean": 0.9953977789057622, "rho_random_mean": 0.8028965660658421, "_wandb": {"runtime": 637}}