{"potts/n_edges": 177, "potts/edge_density": 0.9315789473684211, "potts/J_mean_abs": 3.4692630767822266, "potts/J_std": 2.9736850261688232, "_timestamp": 1773442848.126331, "_runtime": 588.9971961975098, "_step": 21, "gt_scores/additive/std": 1.1523767070841298, "gt_scores/additive/min": -7.738286018371582, "gt_scores/additive/pct5": -5.224474596977234, "gt_scores/additive_pairwise/std": 63.962765005737374, "gt_scores/additive_pairwise/min": -442.52423095703125, "gt_scores/additive_pairwise/pct5": -251.89346313476562, "gt_scores/nonlin_additive/std": 0.15566557923492758, "gt_scores/nonlin_additive/min": -0.7982763601893211, "gt_scores/nonlin_additive/pct5": -0.7612027655341534, "gt_scores/nonlin_additive_pairwise/std": 0.0038807069550649376, "gt_scores/nonlin_additive_pairwise/min": -0.8032006105826088, "gt_scores/nonlin_additive_pairwise/pct5": -0.8032006105826088, "rho_curated/additive/additive": 0.9999980346399215, "rho_random/additive/additive": 0.9999949221459694, "rho_curated/pairwise/additive": 0.9999347780533895, "rho_random/pairwise/additive": 0.9998707647205326, "rho_curated/additive_GE/additive": 0.9999786030151435, "rho_random/additive_GE/additive": 0.9999563061772536, "rho_curated/pairwise_GE/additive": 0.9896573498257978, "rho_random/pairwise_GE/additive": 0.9815807109516702, "rho_curated/additive/additive_pairwise": 0.9759076337883051, "rho_random/additive/additive_pairwise": 0.9623956392356156, "rho_curated/pairwise/additive_pairwise": 0.9999348125413923, "rho_random/pairwise/additive_pairwise": 0.9998594450578537, "rho_curated/additive_GE/additive_pairwise": 0.9757213785636896, "rho_random/additive_GE/additive_pairwise": 0.9625068067486899, "rho_curated/pairwise_GE/additive_pairwise": 0.9930150025924325, "rho_random/pairwise_GE/additive_pairwise": 0.9893683353330909, "rho_curated/additive/nonlin_additive": 0.9977517224616912, "rho_random/additive/nonlin_additive": 0.9971274389815173, "rho_curated/pairwise/nonlin_additive": 0.9990614435063452, "rho_random/pairwise/nonlin_additive": 0.9977773846260161, "rho_curated/additive_GE/nonlin_additive": NaN, "rho_random/additive_GE/nonlin_additive": NaN, "rho_curated/pairwise_GE/nonlin_additive": 0.9994673769066185, "rho_random/pairwise_GE/nonlin_additive": 0.9992770420714723, "rho_curated/additive/nonlin_additive_pairwise": NaN, "rho_random/additive/nonlin_additive_pairwise": 0.1337297161767785, "rho_curated/pairwise/nonlin_additive_pairwise": NaN, "rho_random/pairwise/nonlin_additive_pairwise": 0.08486831990905633, "rho_curated/additive_GE/nonlin_additive_pairwise": NaN, "rho_random/additive_GE/nonlin_additive_pairwise": NaN, "rho_curated/pairwise_GE/nonlin_additive_pairwise": NaN, "rho_random/pairwise_GE/nonlin_additive_pairwise": -0.1527680423945078, "rho_curated_mean": 0.9936752850813388, "rho_random_mean": 0.7825389135529291, "_wandb": {"runtime": 588}}