{"potts/n_edges": 2927, "potts/edge_density": 0.9262658227848102, "potts/J_mean_abs": 3.7270121574401855, "potts/J_std": 3.4625699520111084, "_timestamp": 1773678316.3570185, "_runtime": 451.67832255363464, "_step": 21, "gt_scores/additive/std": 0.5437768692466661, "gt_scores/additive/min": -3.497912883758545, "gt_scores/additive/pct5": -1.6543538987636566, "gt_scores/additive_pairwise/std": 10.0088268993869, "gt_scores/additive_pairwise/min": -102.64315032958984, "gt_scores/additive_pairwise/pct5": -26.13391056060791, "gt_scores/nonlin_additive/std": 0.1847697259798291, "gt_scores/nonlin_additive/min": -0.6260808968168, "gt_scores/nonlin_additive/pct5": -0.5540035873440907, "gt_scores/nonlin_additive_pairwise/std": 0.26750464166724475, "gt_scores/nonlin_additive_pairwise/min": -0.628797741197658, "gt_scores/nonlin_additive_pairwise/pct5": -0.628797741197658, "rho_curated/additive/additive": 0.9999910814491121, "rho_random/additive/additive": 0.9999644963763293, "rho_curated/pairwise/additive": 0.99973419530547, "rho_random/pairwise/additive": 0.9997696956996404, "rho_curated/additive_GE/additive": 0.9997287092372197, "rho_random/additive_GE/additive": 0.9994685856700394, "rho_curated/pairwise_GE/additive": 0.9921138089113996, "rho_random/pairwise_GE/additive": 0.9872292417245855, "rho_curated/additive/additive_pairwise": 0.7629487823752118, "rho_random/additive/additive_pairwise": 0.7341188443729773, "rho_curated/pairwise/additive_pairwise": 0.7818601139906939, "rho_random/pairwise/additive_pairwise": 0.794264204246479, "rho_curated/additive_GE/additive_pairwise": 0.7527928083980391, "rho_random/additive_GE/additive_pairwise": 0.7565896684015304, "rho_curated/pairwise_GE/additive_pairwise": 0.7666894850347061, "rho_random/pairwise_GE/additive_pairwise": 0.7889608709876521, "rho_curated/additive/nonlin_additive": 0.991376745871024, "rho_random/additive/nonlin_additive": 0.9902174783810942, "rho_curated/pairwise/nonlin_additive": 0.9950290978109969, "rho_random/pairwise/nonlin_additive": 0.9942941391192824, "rho_curated/additive_GE/nonlin_additive": 0.9972785101512677, "rho_random/additive_GE/nonlin_additive": 0.9974230983130912, "rho_curated/pairwise_GE/nonlin_additive": 0.9945261397379057, "rho_random/pairwise_GE/nonlin_additive": 0.9931081334749051, "rho_curated/additive/nonlin_additive_pairwise": 0.6222250324006845, "rho_random/additive/nonlin_additive_pairwise": 0.6550102786223911, "rho_curated/pairwise/nonlin_additive_pairwise": 0.6586189763322806, "rho_random/pairwise/nonlin_additive_pairwise": 0.7007358658939534, "rho_curated/additive_GE/nonlin_additive_pairwise": 0.48974684417615655, "rho_random/additive_GE/nonlin_additive_pairwise": 0.6186193309275259, "rho_curated/pairwise_GE/nonlin_additive_pairwise": 0.6788230668822001, "rho_random/pairwise_GE/nonlin_additive_pairwise": 0.7679021465209632, "rho_curated_mean": 0.842717712379023, "rho_random_mean": 0.8611047549207775, "_wandb": {"runtime": 451}}