{"potts/n_edges": 239, "potts/edge_density": 0.7966666666666666, "potts/J_mean_abs": 3.0676255226135254, "potts/J_std": 2.497241973876953, "_timestamp": 1773473164.8681278, "_runtime": 403.7174437046051, "_step": 21, "gt_scores/additive/std": 1.1692382790629163, "gt_scores/additive/min": -8.865388870239258, "gt_scores/additive/pct5": -6.260699653625488, "gt_scores/additive_pairwise/std": 80.36683268328551, "gt_scores/additive_pairwise/min": -567.2313232421875, "gt_scores/additive_pairwise/pct5": -359.41483917236326, "gt_scores/nonlin_additive/std": 0.1299774051589443, "gt_scores/nonlin_additive/min": -0.8570875160669313, "gt_scores/nonlin_additive/pct5": -0.8319475404672109, "gt_scores/nonlin_additive_pairwise/std": 1.2318902681142864e-09, "gt_scores/nonlin_additive_pairwise/min": -0.8602126915025169, "gt_scores/nonlin_additive_pairwise/pct5": -0.8602126915025169, "rho_curated/additive/additive": 0.9999980410719215, "rho_random/additive/additive": 0.9999924569860031, "rho_curated/pairwise/additive": 0.9997392445975696, "rho_random/pairwise/additive": 0.9995274875274874, "rho_curated/additive_GE/additive": 0.9999776158231034, "rho_random/additive_GE/additive": 0.9999490562306094, "rho_curated/pairwise_GE/additive": 0.982241802553672, "rho_random/pairwise_GE/additive": 0.9690859561422721, "rho_curated/additive/additive_pairwise": 0.9823684504138919, "rho_random/additive/additive_pairwise": 0.9735440234313293, "rho_curated/pairwise/additive_pairwise": 0.9995144119885415, "rho_random/pairwise/additive_pairwise": 0.9991948806447465, "rho_curated/additive_GE/additive_pairwise": 0.9826116805356327, "rho_random/additive_GE/additive_pairwise": 0.9719362891013532, "rho_curated/pairwise_GE/additive_pairwise": 0.9751084136677391, "rho_random/pairwise_GE/additive_pairwise": 0.9591429606091956, "rho_curated/additive/nonlin_additive": 0.9965473985015646, "rho_random/additive/nonlin_additive": 0.997073609396908, "rho_curated/pairwise/nonlin_additive": 0.9934881029953678, "rho_random/pairwise/nonlin_additive": 0.984226884343185, "rho_curated/additive_GE/nonlin_additive": 0.9999813468872535, "rho_random/additive_GE/nonlin_additive": 0.9999778704059961, "rho_curated/pairwise_GE/nonlin_additive": 0.9912709222108368, "rho_random/pairwise_GE/nonlin_additive": 0.990102037727874, "rho_curated/additive/nonlin_additive_pairwise": NaN, "rho_random/additive/nonlin_additive_pairwise": NaN, "rho_curated/pairwise/nonlin_additive_pairwise": NaN, "rho_random/pairwise/nonlin_additive_pairwise": NaN, "rho_curated/additive_GE/nonlin_additive_pairwise": NaN, "rho_random/additive_GE/nonlin_additive_pairwise": NaN, "rho_curated/pairwise_GE/nonlin_additive_pairwise": NaN, "rho_random/pairwise_GE/nonlin_additive_pairwise": NaN, "rho_curated_mean": 0.9919039526039245, "rho_random_mean": 0.9869794593789133, "_wandb": {"runtime": 403}}