{"potts/n_edges": 99, "potts/edge_density": 0.9428571428571428, "potts/J_mean_abs": 2.9302008152008057, "potts/J_std": 2.36374831199646, "_timestamp": 1773561796.3635788, "_runtime": 647.0887198448181, "_step": 21, "gt_scores/additive/std": 0.7478419753922801, "gt_scores/additive/min": -4.990938663482666, "gt_scores/additive/pct5": -3.301434588432312, "gt_scores/additive_pairwise/std": 45.7154255907911, "gt_scores/additive_pairwise/min": -306.58441162109375, "gt_scores/additive_pairwise/pct5": -199.23861389160157, "gt_scores/nonlin_additive/std": 0.15626632297714066, "gt_scores/nonlin_additive/min": -0.7844779057526228, "gt_scores/nonlin_additive/pct5": -0.7458549698064931, "gt_scores/nonlin_additive_pairwise/std": 3.191283613403527e-08, "gt_scores/nonlin_additive_pairwise/min": -0.7891859569495114, "gt_scores/nonlin_additive_pairwise/pct5": -0.7891859569495114, "rho_curated/additive/additive": 0.9999980866239235, "rho_random/additive/additive": 0.999992290504296, "rho_curated/pairwise/additive": 0.9999755477670214, "rho_random/pairwise/additive": 0.9999444477680824, "rho_curated/additive_GE/additive": 0.9999913869996553, "rho_random/additive_GE/additive": 0.9999739154723594, "rho_curated/pairwise_GE/additive": 0.999165348510574, "rho_random/pairwise_GE/additive": 0.9983721853026484, "rho_curated/additive/additive_pairwise": 0.9745883261823132, "rho_random/additive/additive_pairwise": 0.9611339412883246, "rho_curated/pairwise/additive_pairwise": 0.9999749758949985, "rho_random/pairwise/additive_pairwise": 0.9999479926166929, "rho_curated/additive_GE/additive_pairwise": 0.9743795982465691, "rho_random/additive_GE/additive_pairwise": 0.9584211189347439, "rho_curated/pairwise_GE/additive_pairwise": 0.9994918639396624, "rho_random/pairwise_GE/additive_pairwise": 0.9992759777182243, "rho_curated/additive/nonlin_additive": 0.9978711204986915, "rho_random/additive/nonlin_additive": 0.9969381146603886, "rho_curated/pairwise/nonlin_additive": 0.9995611113824128, "rho_random/pairwise/nonlin_additive": 0.9992167942952181, "rho_curated/additive_GE/nonlin_additive": 0.9999957944078313, "rho_random/additive_GE/nonlin_additive": 0.9999916229488061, "rho_curated/pairwise_GE/nonlin_additive": 0.99987622001904, "rho_random/pairwise_GE/nonlin_additive": 0.9998193898873875, "rho_curated/additive/nonlin_additive_pairwise": NaN, "rho_random/additive/nonlin_additive_pairwise": NaN, "rho_curated/pairwise/nonlin_additive_pairwise": NaN, "rho_random/pairwise/nonlin_additive_pairwise": NaN, "rho_curated/additive_GE/nonlin_additive_pairwise": NaN, "rho_random/additive_GE/nonlin_additive_pairwise": NaN, "rho_curated/pairwise_GE/nonlin_additive_pairwise": NaN, "rho_random/pairwise_GE/nonlin_additive_pairwise": NaN, "rho_curated_mean": 0.9954057817060576, "rho_random_mean": 0.9927523159497643, "_wandb": {"runtime": 646}}