{"potts/n_edges": 94, "potts/edge_density": 0.8952380952380953, "potts/J_mean_abs": 3.6174466609954834, "potts/J_std": 3.3804235458374023, "_timestamp": 1773365786.9799714, "_runtime": 538.2259085178375, "_step": 21, "gt_scores/additive/std": 0.9557475539592777, "gt_scores/additive/min": -7.033940315246582, "gt_scores/additive/pct5": -5.159853672981262, "gt_scores/additive_pairwise/std": 46.84926541736256, "gt_scores/additive_pairwise/min": -418.0198974609375, "gt_scores/additive_pairwise/pct5": -326.93532409667966, "gt_scores/nonlin_additive/std": 0.1307311439252841, "gt_scores/nonlin_additive/min": -0.8613129322410867, "gt_scores/nonlin_additive/pct5": -0.8371371284084792, "gt_scores/nonlin_additive_pairwise/std": 1.1102230246251565e-16, "gt_scores/nonlin_additive_pairwise/min": -0.8653877661321029, "gt_scores/nonlin_additive_pairwise/pct5": -0.8653877661321029, "rho_curated/additive/additive": 0.9999985147119405, "rho_random/additive/additive": 0.9999946772684009, "rho_curated/pairwise/additive": 0.9999738827429521, "rho_random/pairwise/additive": 0.9999453006290705, "rho_curated/additive_GE/additive": 0.9999809930312358, "rho_random/additive_GE/additive": 0.999962684666883, "rho_curated/pairwise_GE/additive": 0.9997589378703171, "rho_random/pairwise_GE/additive": 0.9996022604298985, "rho_curated/additive/additive_pairwise": 0.9353888373293506, "rho_random/additive/additive_pairwise": 0.886497266670053, "rho_curated/pairwise/additive_pairwise": 0.9999684595347352, "rho_random/pairwise/additive_pairwise": 0.9999442231844573, "rho_curated/additive_GE/additive_pairwise": NaN, "rho_random/additive_GE/additive_pairwise": NaN, "rho_curated/pairwise_GE/additive_pairwise": 0.9996058070882132, "rho_random/pairwise_GE/additive_pairwise": 0.9993350052176255, "rho_curated/additive/nonlin_additive": 0.9966087845038631, "rho_random/additive/nonlin_additive": 0.9967755768262742, "rho_curated/pairwise/nonlin_additive": 0.9991910494155838, "rho_random/pairwise/nonlin_additive": 0.9973952599959787, "rho_curated/additive_GE/nonlin_additive": 0.9999864555994578, "rho_random/additive_GE/nonlin_additive": 0.9999871756744926, "rho_curated/pairwise_GE/nonlin_additive": 0.9994254050569749, "rho_random/pairwise_GE/nonlin_additive": 0.9995001684390412, "rho_curated/additive/nonlin_additive_pairwise": NaN, "rho_random/additive/nonlin_additive_pairwise": NaN, "rho_curated/pairwise/nonlin_additive_pairwise": NaN, "rho_random/pairwise/nonlin_additive_pairwise": NaN, "rho_curated/additive_GE/nonlin_additive_pairwise": NaN, "rho_random/additive_GE/nonlin_additive_pairwise": NaN, "rho_curated/pairwise_GE/nonlin_additive_pairwise": NaN, "rho_random/pairwise_GE/nonlin_additive_pairwise": NaN, "rho_curated_mean": 0.9936261024440569, "rho_random_mean": 0.9889945090001979, "_wandb": {"runtime": 537}}