{"potts/n_edges": 200, "potts/edge_density": 0.6666666666666666, "potts/J_mean_abs": 4.435557842254639, "potts/J_std": 3.959365129470825, "_timestamp": 1773525888.4871836, "_runtime": 414.0341784954071, "_step": 21, "gt_scores/additive/std": 1.1398200883094438, "gt_scores/additive/min": -9.020009994506836, "gt_scores/additive/pct5": -6.03385751247406, "gt_scores/additive_pairwise/std": 92.38929159029522, "gt_scores/additive_pairwise/min": -637.5315551757812, "gt_scores/additive_pairwise/pct5": -404.6975463867187, "gt_scores/nonlin_additive/std": 0.13291535666614748, "gt_scores/nonlin_additive/min": -0.8512857583768847, "gt_scores/nonlin_additive/pct5": -0.8249976913530378, "gt_scores/nonlin_additive_pairwise/std": 6.420951960696913e-10, "gt_scores/nonlin_additive_pairwise/min": -0.853410595172368, "gt_scores/nonlin_additive_pairwise/pct5": -0.853410595172368, "rho_curated/additive/additive": 0.9999975336399013, "rho_random/additive/additive": 0.9999932802874412, "rho_curated/pairwise/additive": 0.9997622891344745, "rho_random/pairwise/additive": 0.9995337161919265, "rho_curated/additive_GE/additive": 0.9999812488232479, "rho_random/additive_GE/additive": 0.9999560754078209, "rho_curated/pairwise_GE/additive": 0.9841875655503641, "rho_random/pairwise_GE/additive": 0.975213512677671, "rho_curated/additive/additive_pairwise": 0.969531866827081, "rho_random/additive/additive_pairwise": 0.9546393164644363, "rho_curated/pairwise/additive_pairwise": 0.999064390250486, "rho_random/pairwise/additive_pairwise": 0.9983495716980394, "rho_curated/additive_GE/additive_pairwise": 0.970021239638691, "rho_random/additive_GE/additive_pairwise": 0.9487596050899473, "rho_curated/pairwise_GE/additive_pairwise": 0.9775554513656795, "rho_random/pairwise_GE/additive_pairwise": 0.9636974962971178, "rho_curated/additive/nonlin_additive": 0.9961309444129591, "rho_random/additive/nonlin_additive": 0.996990204020108, "rho_curated/pairwise/nonlin_additive": 0.9948086958240988, "rho_random/pairwise/nonlin_additive": 0.98767277518869, "rho_curated/additive_GE/nonlin_additive": 0.9999935370157411, "rho_random/additive_GE/nonlin_additive": 0.9999899298765996, "rho_curated/pairwise_GE/nonlin_additive": 0.9893149472123415, "rho_random/pairwise_GE/nonlin_additive": 0.9863261982401911, "rho_curated/additive/nonlin_additive_pairwise": NaN, "rho_random/additive/nonlin_additive_pairwise": NaN, "rho_curated/pairwise/nonlin_additive_pairwise": NaN, "rho_random/pairwise/nonlin_additive_pairwise": NaN, "rho_curated/additive_GE/nonlin_additive_pairwise": NaN, "rho_random/additive_GE/nonlin_additive_pairwise": NaN, "rho_curated/pairwise_GE/nonlin_additive_pairwise": NaN, "rho_random/pairwise_GE/nonlin_additive_pairwise": NaN, "rho_curated_mean": 0.9900291424745888, "rho_random_mean": 0.9842601401199991, "_wandb": {"runtime": 413}}