{"potts/n_edges": 367, "potts/edge_density": 0.8436781609195402, "potts/J_mean_abs": 4.423287868499756, "potts/J_std": 3.9660003185272217, "_timestamp": 1773578599.3305278, "_runtime": 387.88952469825745, "_step": 21, "gt_scores/additive/std": 1.3026329914510024, "gt_scores/additive/min": -9.520788192749023, "gt_scores/additive/pct5": -6.589263129234314, "gt_scores/additive_pairwise/std": 132.29852237012696, "gt_scores/additive_pairwise/min": -918.0484619140625, "gt_scores/additive_pairwise/pct5": -567.9912048339844, "gt_scores/nonlin_additive/std": 0.13748413835948767, "gt_scores/nonlin_additive/min": -0.8383537187280119, "gt_scores/nonlin_additive/pct5": -0.8091688078450335, "gt_scores/nonlin_additive_pairwise/std": 1.678296488768674e-12, "gt_scores/nonlin_additive_pairwise/min": -0.8419067452138076, "gt_scores/nonlin_additive_pairwise/pct5": -0.8419067452138076, "rho_curated/additive/additive": 0.9999970076798799, "rho_random/additive/additive": 0.9999922814617973, "rho_curated/pairwise/additive": 0.9992473691138406, "rho_random/pairwise/additive": 0.9988505714921606, "rho_curated/additive_GE/additive": 0.9999719245348749, "rho_random/additive_GE/additive": 0.99993905985248, "rho_curated/pairwise_GE/additive": 0.960898074658046, "rho_random/pairwise_GE/additive": 0.9360682796854408, "rho_curated/additive/additive_pairwise": 0.9814611991624479, "rho_random/additive/additive_pairwise": 0.966337967649608, "rho_curated/pairwise/additive_pairwise": 0.9915521563816806, "rho_random/pairwise/additive_pairwise": 0.985655506347139, "rho_curated/additive_GE/additive_pairwise": 0.9816572711062908, "rho_random/additive_GE/additive_pairwise": 0.9711862909356458, "rho_curated/pairwise_GE/additive_pairwise": 0.9513097861552229, "rho_random/pairwise_GE/additive_pairwise": 0.9275870347430292, "rho_curated/additive/nonlin_additive": 0.9963470845816204, "rho_random/additive/nonlin_additive": 0.9962473144176156, "rho_curated/pairwise/nonlin_additive": 0.9888225858238305, "rho_random/pairwise/nonlin_additive": 0.9807938232952882, "rho_curated/additive_GE/nonlin_additive": 0.9999815964632632, "rho_random/additive_GE/nonlin_additive": 0.99997448704614, "rho_curated/pairwise_GE/nonlin_additive": 0.9763569028600065, "rho_random/pairwise_GE/nonlin_additive": 0.969962519884955, "rho_curated/additive/nonlin_additive_pairwise": NaN, "rho_random/additive/nonlin_additive_pairwise": NaN, "rho_curated/pairwise/nonlin_additive_pairwise": NaN, "rho_random/pairwise/nonlin_additive_pairwise": NaN, "rho_curated/additive_GE/nonlin_additive_pairwise": NaN, "rho_random/additive_GE/nonlin_additive_pairwise": NaN, "rho_curated/pairwise_GE/nonlin_additive_pairwise": NaN, "rho_random/pairwise_GE/nonlin_additive_pairwise": NaN, "rho_curated_mean": 0.9856335798767503, "rho_random_mean": 0.9777162614009417, "_wandb": {"runtime": 387}}