{"potts/n_edges": 136, "potts/edge_density": 0.7157894736842105, "potts/J_mean_abs": 2.9066548347473145, "potts/J_std": 2.2857892513275146, "_timestamp": 1773419272.655255, "_runtime": 495.8563380241394, "_step": 21, "gt_scores/additive/std": 1.2097035595556864, "gt_scores/additive/min": -8.994394302368164, "gt_scores/additive/pct5": -6.638693571090698, "gt_scores/additive_pairwise/std": 56.57070781547315, "gt_scores/additive_pairwise/min": -402.7286071777344, "gt_scores/additive_pairwise/pct5": -280.3285934448242, "gt_scores/nonlin_additive/std": 0.12780147869164835, "gt_scores/nonlin_additive/min": -0.8633649983358815, "gt_scores/nonlin_additive/pct5": -0.8409005929909275, "gt_scores/nonlin_additive_pairwise/std": 1.85589195074462e-13, "gt_scores/nonlin_additive_pairwise/min": -0.8672038070001775, "gt_scores/nonlin_additive_pairwise/pct5": -0.8672038070001775, "rho_curated/additive/additive": 0.9999978354639133, "rho_random/additive/additive": 0.999993040875381, "rho_curated/pairwise/additive": 0.9999394054455718, "rho_random/pairwise/additive": 0.9998649726199368, "rho_curated/additive_GE/additive": NaN, "rho_random/additive_GE/additive": NaN, "rho_curated/pairwise_GE/additive": 0.9991740463029618, "rho_random/pairwise_GE/additive": 0.9985180737106486, "rho_curated/additive/additive_pairwise": 0.9764917549785416, "rho_random/additive/additive_pairwise": 0.9581110810451031, "rho_curated/pairwise/additive_pairwise": 0.9999387089895482, "rho_random/pairwise/additive_pairwise": 0.9998725807341771, "rho_curated/additive_GE/additive_pairwise": 0.9765894278550152, "rho_random/additive_GE/additive_pairwise": 0.9627300979432216, "rho_curated/pairwise_GE/additive_pairwise": 0.9912592484421601, "rho_random/pairwise_GE/additive_pairwise": 0.987406624636136, "rho_curated/additive/nonlin_additive": 0.996752296518014, "rho_random/additive/nonlin_additive": 0.9964800712536183, "rho_curated/pairwise/nonlin_additive": 0.9984280673291226, "rho_random/pairwise/nonlin_additive": 0.9918330315777617, "rho_curated/additive_GE/nonlin_additive": 0.9999816246152619, "rho_random/additive_GE/nonlin_additive": 0.9999791793326657, "rho_curated/pairwise_GE/nonlin_additive": 0.998944582653758, "rho_random/pairwise_GE/nonlin_additive": 0.9989239644622481, "rho_curated/additive/nonlin_additive_pairwise": NaN, "rho_random/additive/nonlin_additive_pairwise": NaN, "rho_curated/pairwise/nonlin_additive_pairwise": NaN, "rho_random/pairwise/nonlin_additive_pairwise": NaN, "rho_curated/additive_GE/nonlin_additive_pairwise": NaN, "rho_random/additive_GE/nonlin_additive_pairwise": NaN, "rho_curated/pairwise_GE/nonlin_additive_pairwise": NaN, "rho_random/pairwise_GE/nonlin_additive_pairwise": NaN, "rho_curated_mean": 0.9943179089630789, "rho_random_mean": 0.9903375198355363, "_wandb": {"runtime": 495}}