{"potts/n_edges": 162, "potts/edge_density": 0.8526315789473684, "potts/J_mean_abs": 0.43583598732948303, "potts/J_std": 0.3731342852115631, "_timestamp": 1773625912.5433013, "_runtime": 610.7483222484589, "_step": 21, "gt_scores/additive/std": 1.210202704410808, "gt_scores/additive/min": -8.911455154418945, "gt_scores/additive/pct5": -6.663809275627136, "gt_scores/additive_pairwise/std": 10.632151863043068, "gt_scores/additive_pairwise/min": -74.42611694335938, "gt_scores/additive_pairwise/pct5": -54.23050880432129, "gt_scores/nonlin_additive/std": 0.125785236402486, "gt_scores/nonlin_additive/min": -0.8664681453126024, "gt_scores/nonlin_additive/pct5": -0.8440971430509998, "gt_scores/nonlin_additive_pairwise/std": 0.00028979052350872346, "gt_scores/nonlin_additive_pairwise/min": -0.8707194432537088, "gt_scores/nonlin_additive_pairwise/pct5": -0.8707194432537088, "rho_curated/additive/additive": 0.9999967396478694, "rho_random/additive/additive": 0.9999924785802776, "rho_curated/pairwise/additive": 0.9999467946378691, "rho_random/pairwise/additive": 0.9998665161428417, "rho_curated/additive_GE/additive": 0.9999644871745786, "rho_random/additive_GE/additive": 0.9999218379170827, "rho_curated/pairwise_GE/additive": 0.9991970110158611, "rho_random/pairwise_GE/additive": 0.9988081691591908, "rho_curated/additive/additive_pairwise": 0.980054202754168, "rho_random/additive/additive_pairwise": 0.9638342035492359, "rho_curated/pairwise/additive_pairwise": 0.9999369287894757, "rho_random/pairwise/additive_pairwise": 0.9998813204417412, "rho_curated/additive_GE/additive_pairwise": 0.980236925609477, "rho_random/additive_GE/additive_pairwise": 0.9679161560801798, "rho_curated/pairwise_GE/additive_pairwise": 0.9939042931321715, "rho_random/pairwise_GE/additive_pairwise": 0.9912481385190623, "rho_curated/additive/nonlin_additive": 0.994376174718237, "rho_random/additive/nonlin_additive": 0.9957711060081234, "rho_curated/pairwise/nonlin_additive": 0.9979205220526711, "rho_random/pairwise/nonlin_additive": 0.9936532035467106, "rho_curated/additive_GE/nonlin_additive": 0.9999918990876754, "rho_random/additive_GE/nonlin_additive": 0.9999892884674658, "rho_curated/pairwise_GE/nonlin_additive": 0.9984492126737452, "rho_random/pairwise_GE/nonlin_additive": 0.9983558985693555, "rho_curated/additive/nonlin_additive_pairwise": 0.11564446595548436, "rho_random/additive/nonlin_additive_pairwise": 0.3993641403959627, "rho_curated/pairwise/nonlin_additive_pairwise": 0.10026527316319848, "rho_random/pairwise/nonlin_additive_pairwise": 0.32229508367692955, "rho_curated/additive_GE/nonlin_additive_pairwise": NaN, "rho_random/additive_GE/nonlin_additive_pairwise": NaN, "rho_curated/pairwise_GE/nonlin_additive_pairwise": 0.3130853928533464, "rho_random/pairwise_GE/nonlin_additive_pairwise": 0.5003709488428547, "rho_curated_mean": 0.8315313548843886, "rho_random_mean": 0.8754178993264676, "_wandb": {"runtime": 610}}