{"potts/n_edges": 222, "potts/edge_density": 0.74, "potts/J_mean_abs": 2.6968414783477783, "potts/J_std": 2.290130138397217, "_timestamp": 1773410769.0700364, "_runtime": 539.7887303829193, "_step": 21, "gt_scores/additive/std": 1.1398200883094438, "gt_scores/additive/min": -9.020009994506836, "gt_scores/additive/pct5": -6.03385751247406, "gt_scores/additive_pairwise/std": 63.97084028753651, "gt_scores/additive_pairwise/min": -494.41229248046875, "gt_scores/additive_pairwise/pct5": -282.3383087158203, "gt_scores/nonlin_additive/std": 0.13291535666614748, "gt_scores/nonlin_additive/min": -0.8512857583768847, "gt_scores/nonlin_additive/pct5": -0.8249976913530378, "gt_scores/nonlin_additive_pairwise/std": 1.122221564540888e-05, "gt_scores/nonlin_additive_pairwise/min": -0.853410595172368, "gt_scores/nonlin_additive_pairwise/pct5": -0.853410595172368, "rho_curated/additive/additive": 0.999997646943906, "rho_random/additive/additive": 0.9999926407474987, "rho_curated/pairwise/additive": 0.9997365032694476, "rho_random/pairwise/additive": 0.999471320346202, "rho_curated/additive_GE/additive": 0.9999730838309214, "rho_random/additive_GE/additive": 0.9999386683569824, "rho_curated/pairwise_GE/additive": 0.9819717732620058, "rho_random/pairwise_GE/additive": 0.971140959863415, "rho_curated/additive/additive_pairwise": 0.9779604131493588, "rho_random/additive/additive_pairwise": 0.9626064278653735, "rho_curated/pairwise/additive_pairwise": 0.9992879193234997, "rho_random/pairwise/additive_pairwise": 0.9987275117388613, "rho_curated/additive_GE/additive_pairwise": 0.9780280259285937, "rho_random/additive_GE/additive_pairwise": 0.9606199870359847, "rho_curated/pairwise_GE/additive_pairwise": 0.9781772325895179, "rho_random/pairwise_GE/additive_pairwise": 0.964348107734513, "rho_curated/additive/nonlin_additive": 0.9957690507502542, "rho_random/additive/nonlin_additive": 0.9964120613388358, "rho_curated/pairwise/nonlin_additive": 0.9945685600460905, "rho_random/pairwise/nonlin_additive": 0.9870484632210499, "rho_curated/additive_GE/nonlin_additive": 0.999978082479121, "rho_random/additive_GE/nonlin_additive": 0.99997167997168, "rho_curated/pairwise_GE/nonlin_additive": 0.9914469166412607, "rho_random/pairwise_GE/nonlin_additive": 0.9899869558183177, "rho_curated/additive/nonlin_additive_pairwise": NaN, "rho_random/additive/nonlin_additive_pairwise": NaN, "rho_curated/pairwise/nonlin_additive_pairwise": NaN, "rho_random/pairwise/nonlin_additive_pairwise": 0.05275100527541523, "rho_curated/additive_GE/nonlin_additive_pairwise": NaN, "rho_random/additive_GE/nonlin_additive_pairwise": NaN, "rho_curated/pairwise_GE/nonlin_additive_pairwise": NaN, "rho_random/pairwise_GE/nonlin_additive_pairwise": 0.023159043760723915, "rho_curated_mean": 0.9914079340178313, "rho_random_mean": 0.8504410595053465, "_wandb": {"runtime": 539}}