{"potts/n_edges": 243, "potts/edge_density": 0.81, "potts/J_mean_abs": 3.0860166549682617, "potts/J_std": 2.3960306644439697, "_timestamp": 1773523716.4491413, "_runtime": 560.1703531742096, "_step": 21, "gt_scores/additive/std": 1.1692382790629163, "gt_scores/additive/min": -8.865388870239258, "gt_scores/additive/pct5": -6.260699653625488, "gt_scores/additive_pairwise/std": 86.64177204343095, "gt_scores/additive_pairwise/min": -594.9918212890625, "gt_scores/additive_pairwise/pct5": -383.65904998779297, "gt_scores/nonlin_additive/std": 0.1299774051589443, "gt_scores/nonlin_additive/min": -0.8570875160669313, "gt_scores/nonlin_additive/pct5": -0.8319475404672109, "gt_scores/nonlin_additive_pairwise/std": 1.2186175922404065e-06, "gt_scores/nonlin_additive_pairwise/min": -0.8602126915025169, "gt_scores/nonlin_additive_pairwise/pct5": -0.8602126915025169, "rho_curated/additive/additive": 0.9999981646239263, "rho_random/additive/additive": 0.9999941587761466, "rho_curated/pairwise/additive": 0.9997496810699812, "rho_random/pairwise/additive": 0.9995280294913242, "rho_curated/additive_GE/additive": 0.9999822072632873, "rho_random/additive_GE/additive": 0.9999542415326983, "rho_curated/pairwise_GE/additive": 0.9869369290525366, "rho_random/pairwise_GE/additive": 0.9779714755662953, "rho_curated/additive/additive_pairwise": 0.9858009766550166, "rho_random/additive/additive_pairwise": 0.9763822433676224, "rho_curated/pairwise/additive_pairwise": 0.9992993541719574, "rho_random/pairwise/additive_pairwise": 0.9988267801861115, "rho_curated/additive_GE/additive_pairwise": 0.9859111097557682, "rho_random/additive_GE/additive_pairwise": 0.9782540503624289, "rho_curated/pairwise_GE/additive_pairwise": 0.9768361433517779, "rho_random/pairwise_GE/additive_pairwise": 0.9637458110116214, "rho_curated/additive/nonlin_additive": 0.9957668634142682, "rho_random/additive/nonlin_additive": 0.9963907807670423, "rho_curated/pairwise/nonlin_additive": 0.9932427227370604, "rho_random/pairwise/nonlin_additive": 0.9848472972268035, "rho_curated/additive_GE/nonlin_additive": 0.9999788038471495, "rho_random/additive_GE/nonlin_additive": 0.9999778503218478, "rho_curated/pairwise_GE/nonlin_additive": 0.9901529909327018, "rho_random/pairwise_GE/nonlin_additive": 0.9898076778515821, "rho_curated/additive/nonlin_additive_pairwise": NaN, "rho_random/additive/nonlin_additive_pairwise": NaN, "rho_curated/pairwise/nonlin_additive_pairwise": NaN, "rho_random/pairwise/nonlin_additive_pairwise": NaN, "rho_curated/additive_GE/nonlin_additive_pairwise": NaN, "rho_random/additive_GE/nonlin_additive_pairwise": NaN, "rho_curated/pairwise_GE/nonlin_additive_pairwise": NaN, "rho_random/pairwise_GE/nonlin_additive_pairwise": NaN, "rho_curated_mean": 0.9928046622396192, "rho_random_mean": 0.988806699705127, "_wandb": {"runtime": 559}}