{"potts/n_edges": 142, "potts/edge_density": 0.7473684210526316, "potts/J_mean_abs": 3.7698073387145996, "potts/J_std": 3.1721770763397217, "_timestamp": 1773513245.5198681, "_runtime": 523.9481492042542, "_step": 21, "gt_scores/additive/std": 1.426379881017352, "gt_scores/additive/min": -10.008467674255371, "gt_scores/additive/pct5": -7.166622185707093, "gt_scores/additive_pairwise/std": 74.48236848798929, "gt_scores/additive_pairwise/min": -516.138427734375, "gt_scores/additive_pairwise/pct5": -370.301774597168, "gt_scores/nonlin_additive/std": 0.13946177757028871, "gt_scores/nonlin_additive/min": -0.8313426784103302, "gt_scores/nonlin_additive/pct5": -0.8034810610065, "gt_scores/nonlin_additive_pairwise/std": 2.1026741380443395e-11, "gt_scores/nonlin_additive_pairwise/min": -0.8358896588447285, "gt_scores/nonlin_additive_pairwise/pct5": -0.8358896588447285, "rho_curated/additive/additive": 0.9999973929038957, "rho_random/additive/additive": 0.9999925456870038, "rho_curated/pairwise/additive": 0.9999514419500575, "rho_random/pairwise/additive": 0.9999061958226357, "rho_curated/additive_GE/additive": 0.9999597625343895, "rho_random/additive_GE/additive": 0.9999176943261209, "rho_curated/pairwise_GE/additive": 0.9987965664158625, "rho_random/pairwise_GE/additive": 0.9977570478904667, "rho_curated/additive/additive_pairwise": 0.974005868455611, "rho_random/additive/additive_pairwise": 0.956090843017479, "rho_curated/pairwise/additive_pairwise": 0.9999411024856398, "rho_random/pairwise/additive_pairwise": 0.9998808049167974, "rho_curated/additive_GE/additive_pairwise": 0.9741408362505305, "rho_random/additive_GE/additive_pairwise": 0.9520952997930057, "rho_curated/pairwise_GE/additive_pairwise": 0.9991463603818135, "rho_random/pairwise_GE/additive_pairwise": 0.998366524469446, "rho_curated/additive/nonlin_additive": 0.9969137883724037, "rho_random/additive/nonlin_additive": 0.9959865403358519, "rho_curated/pairwise/nonlin_additive": 0.9985342238692635, "rho_random/pairwise/nonlin_additive": 0.9966321282970136, "rho_curated/additive_GE/nonlin_additive": 0.9999776494951043, "rho_random/additive_GE/nonlin_additive": 0.999972885415101, "rho_curated/pairwise_GE/nonlin_additive": 0.9991024587880337, "rho_random/pairwise_GE/nonlin_additive": 0.999087659391313, "rho_curated/additive/nonlin_additive_pairwise": NaN, "rho_random/additive/nonlin_additive_pairwise": NaN, "rho_curated/pairwise/nonlin_additive_pairwise": NaN, "rho_random/pairwise/nonlin_additive_pairwise": NaN, "rho_curated/additive_GE/nonlin_additive_pairwise": NaN, "rho_random/additive_GE/nonlin_additive_pairwise": NaN, "rho_curated/pairwise_GE/nonlin_additive_pairwise": NaN, "rho_random/pairwise_GE/nonlin_additive_pairwise": NaN, "rho_curated_mean": 0.9950389543252172, "rho_random_mean": 0.9913071807801862, "_wandb": {"runtime": 523}}