{"potts/n_edges": 564, "potts/edge_density": 0.9478991596638655, "potts/J_mean_abs": 3.6510531902313232, "potts/J_std": 2.9055752754211426, "_timestamp": 1773672356.5474665, "_runtime": 505.022034406662, "_step": 21, "gt_scores/additive/std": 1.1528579720739938, "gt_scores/additive/min": -7.998189926147461, "gt_scores/additive/pct5": -4.932051467895508, "gt_scores/additive_pairwise/std": 86.85008336743468, "gt_scores/additive_pairwise/min": -623.7715454101562, "gt_scores/additive_pairwise/pct5": -320.1649795532226, "gt_scores/nonlin_additive/std": 0.16041102297053694, "gt_scores/nonlin_additive/min": -0.774008956831814, "gt_scores/nonlin_additive/pct5": -0.7311924216093711, "gt_scores/nonlin_additive_pairwise/std": 0.018502925254834147, "gt_scores/nonlin_additive_pairwise/min": -0.7773865618694825, "gt_scores/nonlin_additive_pairwise/pct5": -0.7773865618694825, "rho_curated/additive/additive": 0.9999971027198838, "rho_random/additive/additive": 0.9999917176341732, "rho_curated/pairwise/additive": 0.9987803320472132, "rho_random/pairwise/additive": 0.9987667410660608, "rho_curated/additive_GE/additive": 0.9999809633672372, "rho_random/additive_GE/additive": 0.9999480645856981, "rho_curated/pairwise_GE/additive": 0.9680812811872511, "rho_random/pairwise_GE/additive": 0.9540066475291148, "rho_curated/additive/additive_pairwise": 0.9825467982601963, "rho_random/additive/additive_pairwise": 0.9704872952956644, "rho_curated/pairwise/additive_pairwise": 0.9826693337219413, "rho_random/pairwise/additive_pairwise": 0.9773652817203172, "rho_curated/additive_GE/additive_pairwise": 0.9828169171198518, "rho_random/additive_GE/additive_pairwise": 0.972956977017097, "rho_curated/pairwise_GE/additive_pairwise": 0.9488670820365473, "rho_random/pairwise_GE/additive_pairwise": 0.9466716810042676, "rho_curated/additive/nonlin_additive": 0.9977704273906565, "rho_random/additive/nonlin_additive": 0.9974588046683854, "rho_curated/pairwise/nonlin_additive": 0.9905956059584702, "rho_random/pairwise/nonlin_additive": 0.9881422677270131, "rho_curated/additive_GE/nonlin_additive": 0.9999807923672299, "rho_random/additive_GE/nonlin_additive": 0.9999687424410069, "rho_curated/pairwise_GE/nonlin_additive": 0.9846079670628411, "rho_random/pairwise_GE/nonlin_additive": 0.982178938955132, "rho_curated/additive/nonlin_additive_pairwise": NaN, "rho_random/additive/nonlin_additive_pairwise": 0.16509930271425827, "rho_curated/pairwise/nonlin_additive_pairwise": NaN, "rho_random/pairwise/nonlin_additive_pairwise": 0.15824846469804368, "rho_curated/additive_GE/nonlin_additive_pairwise": NaN, "rho_random/additive_GE/nonlin_additive_pairwise": 0.12074484172647533, "rho_curated/pairwise_GE/nonlin_additive_pairwise": NaN, "rho_random/pairwise_GE/nonlin_additive_pairwise": 0.22627874558983294, "rho_curated_mean": 0.9863912169366099, "rho_random_mean": 0.7786446571482838, "_wandb": {"runtime": 504}}