{"potts/n_edges": 360, "potts/edge_density": 0.8275862068965517, "potts/J_mean_abs": 3.955728769302368, "potts/J_std": 3.2348687648773193, "_timestamp": 1773449851.731554, "_runtime": 417.1582980155945, "_step": 16, "gt_scores/additive/std": 1.3145519307288893, "gt_scores/additive/min": -9.543702125549316, "gt_scores/additive/pct5": -6.543755149841308, "gt_scores/additive_pairwise/std": 112.44602329736168, "gt_scores/additive_pairwise/min": -787.0132446289062, "gt_scores/additive_pairwise/pct5": -482.31836700439453, "gt_scores/nonlin_additive/std": 0.1415948963973883, "gt_scores/nonlin_additive/min": -0.8305795334928087, "gt_scores/nonlin_additive/pct5": -0.8006284573354645, "gt_scores/nonlin_additive_pairwise/std": 0.00038919035496166844, "gt_scores/nonlin_additive_pairwise/min": -0.8341020215334246, "gt_scores/nonlin_additive_pairwise/pct5": -0.8341020215334246, "rho_curated/additive/additive": 0.9999974112158962, "rho_random/additive/additive": 0.9999919653697653, "rho_curated/pairwise/additive": 0.9992945395797308, "rho_random/pairwise/additive": 0.998858966725189, "rho_curated/additive_GE/additive": 0.9999742904309705, "rho_random/additive_GE/additive": 0.9999515133157175, "rho_curated/pairwise_GE/additive": 0.9619873771229337, "rho_random/pairwise_GE/additive": 0.941157077160862, "rho_curated/additive/additive_pairwise": 0.9826820813704519, "rho_random/additive/additive_pairwise": 0.9656792611406898, "rho_curated/pairwise/additive_pairwise": 0.9918716406742804, "rho_random/pairwise/additive_pairwise": 0.9845072812239861, "rho_curated/additive_GE/additive_pairwise": 0.9824706399691426, "rho_random/additive_GE/additive_pairwise": 0.970357543916662, "rho_curated/pairwise_GE/additive_pairwise": 0.9578196664617498, "rho_random/pairwise_GE/additive_pairwise": 0.9386067736586562, "rho_curated/additive/nonlin_additive": 0.9974389781373132, "rho_random/additive/nonlin_additive": 0.9974450699001596, "rho_curated/pairwise/nonlin_additive": 0.9894001324307334, "rho_random/pairwise/nonlin_additive": 0.9834330304359953, "rho_curated/additive_GE/nonlin_additive": 0.9999731002229202, "rho_random/additive_GE/nonlin_additive": 0.9999720508245007, "rho_curated/pairwise_GE/nonlin_additive": 0.9781998531408548, "rho_random/pairwise_GE/nonlin_additive": 0.9741299311547202, "_wandb": {"runtime": 416}}