{"potts/n_edges": 149, "potts/edge_density": 0.7842105263157895, "potts/J_mean_abs": 2.3950629234313965, "potts/J_std": 1.9216792583465576, "_timestamp": 1773567740.0929816, "_runtime": 562.9628686904907, "_step": 21, "gt_scores/additive/std": 1.3328169946638528, "gt_scores/additive/min": -8.54687213897705, "gt_scores/additive/pct5": -5.66396427154541, "gt_scores/additive_pairwise/std": 41.81872067294544, "gt_scores/additive_pairwise/min": -279.9400939941406, "gt_scores/additive_pairwise/pct5": -164.22538375854492, "gt_scores/nonlin_additive/std": 0.16085671890946024, "gt_scores/nonlin_additive/min": -0.7713287382205405, "gt_scores/nonlin_additive/pct5": -0.7296449659409056, "gt_scores/nonlin_additive_pairwise/std": 0.010468121462641167, "gt_scores/nonlin_additive_pairwise/min": -0.7770133472475471, "gt_scores/nonlin_additive_pairwise/pct5": -0.7770133472475471, "rho_curated/additive/additive": 0.9999975429999016, "rho_random/additive/additive": 0.9999925869944126, "rho_curated/pairwise/additive": 0.9999418788376684, "rho_random/pairwise/additive": 0.9998814950920341, "rho_curated/additive_GE/additive": 0.9999772355190861, "rho_random/additive_GE/additive": 0.9999377349062181, "rho_curated/pairwise_GE/additive": 0.9936250116722356, "rho_random/pairwise_GE/additive": 0.9906328509947991, "rho_curated/additive/additive_pairwise": 0.9777092564022305, "rho_random/additive/additive_pairwise": 0.9641435700342557, "rho_curated/pairwise/additive_pairwise": 0.9999190614127528, "rho_random/pairwise/additive_pairwise": 0.9998622571672329, "rho_curated/additive_GE/additive_pairwise": 0.9776351657603333, "rho_random/additive_GE/additive_pairwise": 0.9685541845606676, "rho_curated/pairwise_GE/additive_pairwise": 0.9935908924551742, "rho_random/pairwise_GE/additive_pairwise": 0.99170914040676, "rho_curated/additive/nonlin_additive": 0.9976823371630152, "rho_random/additive/nonlin_additive": 0.9962774050315958, "rho_curated/pairwise/nonlin_additive": 0.9989213150366715, "rho_random/pairwise/nonlin_additive": 0.9982249845283813, "rho_curated/additive_GE/nonlin_additive": 0.9999922226316874, "rho_random/additive_GE/nonlin_additive": 0.9999882249881897, "rho_curated/pairwise_GE/nonlin_additive": 0.9970193920243466, "rho_random/pairwise_GE/nonlin_additive": 0.9964971257137644, "rho_curated/additive/nonlin_additive_pairwise": 0.26298214760933647, "rho_random/additive/nonlin_additive_pairwise": 0.30118278068709187, "rho_curated/pairwise/nonlin_additive_pairwise": 0.28876425497814207, "rho_random/pairwise/nonlin_additive_pairwise": 0.25707141552922014, "rho_curated/additive_GE/nonlin_additive_pairwise": -0.10066751014859063, "rho_random/additive_GE/nonlin_additive_pairwise": -0.07550908271852327, "rho_curated/pairwise_GE/nonlin_additive_pairwise": 0.3161890616674223, "rho_random/pairwise_GE/nonlin_additive_pairwise": 0.31693896892334633, "rho_curated_mean": 0.7939549541263384, "rho_random_mean": 0.7940866026774653, "_wandb": {"runtime": 562}}