{"potts/n_edges": 157, "potts/edge_density": 0.8263157894736842, "potts/J_mean_abs": 2.7458207607269287, "potts/J_std": 2.2162060737609863, "_timestamp": 1773708491.2075825, "_runtime": 632.8179683685303, "_step": 21, "gt_scores/additive/std": 1.1679848925803606, "gt_scores/additive/min": -7.822732448577881, "gt_scores/additive/pct5": -5.290616750717163, "gt_scores/additive_pairwise/std": 50.016333433679996, "gt_scores/additive_pairwise/min": -371.736083984375, "gt_scores/additive_pairwise/pct5": -199.22758026123046, "gt_scores/nonlin_additive/std": 0.15481317080016796, "gt_scores/nonlin_additive/min": -0.7984893206648476, "gt_scores/nonlin_additive/pct5": -0.7612731900288069, "gt_scores/nonlin_additive_pairwise/std": 0.002448182398428645, "gt_scores/nonlin_additive_pairwise/min": -0.8035095018786592, "gt_scores/nonlin_additive_pairwise/pct5": -0.8035095018786592, "rho_curated/additive/additive": 0.9999978146559124, "rho_random/additive/additive": 0.9999936569757388, "rho_curated/pairwise/additive": 0.9999360503174387, "rho_random/pairwise/additive": 0.9998641935290745, "rho_curated/additive_GE/additive": 0.9999104540764181, "rho_random/additive_GE/additive": 0.9998407921966175, "rho_curated/pairwise_GE/additive": 0.9986796909231241, "rho_random/pairwise_GE/additive": 0.9981621611921012, "rho_curated/additive/additive_pairwise": 0.9785339120373563, "rho_random/additive/additive_pairwise": 0.964643232775339, "rho_curated/pairwise/additive_pairwise": 0.999928431037137, "rho_random/pairwise/additive_pairwise": 0.9998603954008134, "rho_curated/additive_GE/additive_pairwise": 0.9789224127248963, "rho_random/additive_GE/additive_pairwise": 0.9660583586422138, "rho_curated/pairwise_GE/additive_pairwise": 0.9930688685785884, "rho_random/pairwise_GE/additive_pairwise": 0.9924578854298877, "rho_curated/additive/nonlin_additive": 0.997258726562086, "rho_random/additive/nonlin_additive": 0.9970218221241599, "rho_curated/pairwise/nonlin_additive": 0.9984731047708512, "rho_random/pairwise/nonlin_additive": 0.99740773631377, "rho_curated/additive_GE/nonlin_additive": 0.9999883131035322, "rho_random/additive_GE/nonlin_additive": 0.9999823812898655, "rho_curated/pairwise_GE/nonlin_additive": 0.9987509757259792, "rho_random/pairwise_GE/nonlin_additive": 0.998482473213075, "rho_curated/additive/nonlin_additive_pairwise": NaN, "rho_random/additive/nonlin_additive_pairwise": 0.20667426990119142, "rho_curated/pairwise/nonlin_additive_pairwise": NaN, "rho_random/pairwise/nonlin_additive_pairwise": 0.17207986925648944, "rho_curated/additive_GE/nonlin_additive_pairwise": NaN, "rho_random/additive_GE/nonlin_additive_pairwise": 0.09238568381510211, "rho_curated/pairwise_GE/nonlin_additive_pairwise": NaN, "rho_random/pairwise_GE/nonlin_additive_pairwise": 0.16801302646262395, "rho_curated_mean": 0.9952873962094433, "rho_random_mean": 0.784557996157379, "_wandb": {"runtime": 632}}