{"potts/n_edges": 1242, "potts/edge_density": 0.3930379746835443, "potts/J_mean_abs": 2.850337028503418, "potts/J_std": 13.45686149597168, "_timestamp": 1773445066.493593, "_runtime": 558.0045580863953, "_step": 21, "gt_scores/additive/std": 1.3587272530349885, "gt_scores/additive/min": -9.990260124206543, "gt_scores/additive/pct5": -5.3637744903564455, "gt_scores/additive_pairwise/std": 48.07020587684224, "gt_scores/additive_pairwise/min": -1369.981689453125, "gt_scores/additive_pairwise/pct5": -83.29092636108398, "gt_scores/nonlin_additive/std": 0.16863274551993102, "gt_scores/nonlin_additive/min": -0.7410525465099015, "gt_scores/nonlin_additive/pct5": -0.6900782733398289, "gt_scores/nonlin_additive_pairwise/std": 0.1073537623824934, "gt_scores/nonlin_additive_pairwise/min": -0.7429009938302663, "gt_scores/nonlin_additive_pairwise/pct5": -0.7429009938302663, "rho_curated/additive/additive": 0.99999375675975, "rho_random/additive/additive": 0.9999860972227632, "rho_curated/pairwise/additive": 0.9993329589492864, "rho_random/pairwise/additive": 0.9994269562413886, "rho_curated/additive_GE/additive": 0.9999596003423811, "rho_random/additive_GE/additive": 0.9999098897585559, "rho_curated/pairwise_GE/additive": 0.9920319242728947, "rho_random/pairwise_GE/additive": 0.9878639910347677, "rho_curated/additive/additive_pairwise": 0.6675911769596915, "rho_random/additive/additive_pairwise": 0.726899121876144, "rho_curated/pairwise/additive_pairwise": 0.6226253373498425, "rho_random/pairwise/additive_pairwise": 0.6469628183392991, "rho_curated/additive_GE/additive_pairwise": 0.7660854164058026, "rho_random/additive_GE/additive_pairwise": 0.8367975760337664, "rho_curated/pairwise_GE/additive_pairwise": 0.7840657591574478, "rho_random/pairwise_GE/additive_pairwise": 0.8371995207370162, "rho_curated/additive/nonlin_additive": 0.9947868643908492, "rho_random/additive/nonlin_additive": 0.9935207955175813, "rho_curated/pairwise/nonlin_additive": 0.9954943739793424, "rho_random/pairwise/nonlin_additive": 0.9951144588333017, "rho_curated/additive_GE/nonlin_additive": 0.999232025769189, "rho_random/additive_GE/nonlin_additive": 0.9990172781053969, "rho_curated/pairwise_GE/nonlin_additive": 0.9972630111382577, "rho_random/pairwise_GE/nonlin_additive": 0.996496498346963, "rho_curated/additive/nonlin_additive_pairwise": 0.3062598024926175, "rho_random/additive/nonlin_additive_pairwise": 0.7299428753465158, "rho_curated/pairwise/nonlin_additive_pairwise": 0.34090300607664376, "rho_random/pairwise/nonlin_additive_pairwise": 0.6956549910494924, "rho_curated/additive_GE/nonlin_additive_pairwise": 0.3287170793996671, "rho_random/additive_GE/nonlin_additive_pairwise": 0.7189431093048654, "rho_curated/pairwise_GE/nonlin_additive_pairwise": 0.3426211051106556, "rho_random/pairwise_GE/nonlin_additive_pairwise": 0.761748196854691, "rho_curated_mean": 0.758560199909645, "rho_random_mean": 0.8703427609126568, "_wandb": {"runtime": 557}}