{"potts/n_edges": 255, "potts/edge_density": 0.85, "potts/J_mean_abs": 2.7988579273223877, "potts/J_std": 2.227971315383911, "_timestamp": 1773399327.5890136, "_runtime": 550.2521085739136, "_step": 21, "gt_scores/additive/std": 1.4607008917297066, "gt_scores/additive/min": -10.880603790283203, "gt_scores/additive/pct5": -7.648485493659973, "gt_scores/additive_pairwise/std": 81.80086397642496, "gt_scores/additive_pairwise/min": -554.6549682617188, "gt_scores/additive_pairwise/pct5": -368.50394744873046, "gt_scores/nonlin_additive/std": 0.1329364744996366, "gt_scores/nonlin_additive/min": -0.8491222741790089, "gt_scores/nonlin_additive/pct5": -0.8226467537292117, "gt_scores/nonlin_additive_pairwise/std": 8.141172796724563e-08, "gt_scores/nonlin_additive_pairwise/min": -0.8524745773399738, "gt_scores/nonlin_additive_pairwise/pct5": -0.8524745773399738, "rho_curated/additive/additive": 0.9999971801918868, "rho_random/additive/additive": 0.999991533110274, "rho_curated/pairwise/additive": 0.9997446578457738, "rho_random/pairwise/additive": 0.999464838158007, "rho_curated/additive_GE/additive": 0.9999830975673228, "rho_random/additive_GE/additive": 0.9999612130615014, "rho_curated/pairwise_GE/additive": 0.9852194129510028, "rho_random/pairwise_GE/additive": 0.9723056423129107, "rho_curated/additive/additive_pairwise": 0.9852766247300048, "rho_random/additive/additive_pairwise": 0.977972402968109, "rho_curated/pairwise/additive_pairwise": 0.9994260301130276, "rho_random/pairwise/additive_pairwise": 0.9989361261560448, "rho_curated/additive_GE/additive_pairwise": 0.9854375078488011, "rho_random/additive_GE/additive_pairwise": 0.9788617122616827, "rho_curated/pairwise_GE/additive_pairwise": 0.9813401956207121, "rho_random/pairwise_GE/additive_pairwise": 0.9724589108453391, "rho_curated/additive/nonlin_additive": 0.9969581610378153, "rho_random/additive/nonlin_additive": 0.996936876536564, "rho_curated/pairwise/nonlin_additive": 0.9947609605896841, "rho_random/pairwise/nonlin_additive": 0.9883472467518118, "rho_curated/additive_GE/nonlin_additive": 0.9999817215992661, "rho_random/additive_GE/nonlin_additive": 0.9999797208779245, "rho_curated/pairwise_GE/nonlin_additive": 0.9884992409391415, "rho_random/pairwise_GE/nonlin_additive": 0.9875566529549115, "rho_curated/additive/nonlin_additive_pairwise": NaN, "rho_random/additive/nonlin_additive_pairwise": NaN, "rho_curated/pairwise/nonlin_additive_pairwise": NaN, "rho_random/pairwise/nonlin_additive_pairwise": NaN, "rho_curated/additive_GE/nonlin_additive_pairwise": NaN, "rho_random/additive_GE/nonlin_additive_pairwise": NaN, "rho_curated/pairwise_GE/nonlin_additive_pairwise": NaN, "rho_random/pairwise_GE/nonlin_additive_pairwise": NaN, "rho_curated_mean": 0.9930520659195365, "rho_random_mean": 0.9893977396662565, "_wandb": {"runtime": 549}}