{"potts/n_edges": 82, "potts/edge_density": 0.780952380952381, "potts/J_mean_abs": 3.338468074798584, "potts/J_std": 3.0720603466033936, "_timestamp": 1773558223.7402058, "_runtime": 523.7977607250214, "_step": 21, "gt_scores/additive/std": 0.9557475539592777, "gt_scores/additive/min": -7.033940315246582, "gt_scores/additive/pct5": -5.159853672981262, "gt_scores/additive_pairwise/std": 40.33167640399088, "gt_scores/additive_pairwise/min": -328.7427673339844, "gt_scores/additive_pairwise/pct5": -280.50854339599607, "gt_scores/nonlin_additive/std": 0.1307311439252841, "gt_scores/nonlin_additive/min": -0.8613129322410867, "gt_scores/nonlin_additive/pct5": -0.8371371284084792, "gt_scores/nonlin_additive_pairwise/std": 1.1102230246251565e-16, "gt_scores/nonlin_additive_pairwise/min": -0.8653877661321029, "gt_scores/nonlin_additive_pairwise/pct5": -0.8653877661321029, "rho_curated/additive/additive": 0.9999987894639514, "rho_random/additive/additive": 0.9999961224473107, "rho_curated/pairwise/additive": 0.9999752973990103, "rho_random/pairwise/additive": 0.9999510804694511, "rho_curated/additive_GE/additive": 0.999980517855219, "rho_random/additive_GE/additive": 0.9999519770408118, "rho_curated/pairwise_GE/additive": 0.9997060920762084, "rho_random/pairwise_GE/additive": 0.9995153012703074, "rho_curated/additive/additive_pairwise": 0.9365363834808861, "rho_random/additive/additive_pairwise": 0.8859488072499874, "rho_curated/pairwise/additive_pairwise": 0.999966121454643, "rho_random/pairwise/additive_pairwise": 0.9999381141036229, "rho_curated/additive_GE/additive_pairwise": 0.9364766588800171, "rho_random/additive_GE/additive_pairwise": 0.8953179286196403, "rho_curated/pairwise_GE/additive_pairwise": 0.999623276520904, "rho_random/pairwise_GE/additive_pairwise": 0.9994734625768343, "rho_curated/additive/nonlin_additive": 0.9962309417609663, "rho_random/additive/nonlin_additive": 0.9971951937217753, "rho_curated/pairwise/nonlin_additive": 0.9991571462702048, "rho_random/pairwise/nonlin_additive": 0.9973626508262696, "rho_curated/additive_GE/nonlin_additive": 0.9999814746152575, "rho_random/additive_GE/nonlin_additive": 0.9999832153723381, "rho_curated/pairwise_GE/nonlin_additive": 0.99965857334631, "rho_random/pairwise_GE/nonlin_additive": 0.999650185475707, "rho_curated/additive/nonlin_additive_pairwise": NaN, "rho_random/additive/nonlin_additive_pairwise": NaN, "rho_curated/pairwise/nonlin_additive_pairwise": NaN, "rho_random/pairwise/nonlin_additive_pairwise": NaN, "rho_curated/additive_GE/nonlin_additive_pairwise": NaN, "rho_random/additive_GE/nonlin_additive_pairwise": NaN, "rho_curated/pairwise_GE/nonlin_additive_pairwise": NaN, "rho_random/pairwise_GE/nonlin_additive_pairwise": NaN, "rho_curated_mean": 0.9889409394269647, "rho_random_mean": 0.9811903365978382, "_wandb": {"runtime": 523}}