{"potts/n_edges": 94, "potts/edge_density": 0.8952380952380953, "potts/J_mean_abs": 3.34912109375, "potts/J_std": 2.606221914291382, "_timestamp": 1773568980.2917547, "_runtime": 701.571371793747, "_step": 21, "gt_scores/additive/std": 0.9153219739721773, "gt_scores/additive/min": -6.102260112762451, "gt_scores/additive/pct5": -4.102987623214721, "gt_scores/additive_pairwise/std": 54.24378115852743, "gt_scores/additive_pairwise/min": -367.325927734375, "gt_scores/additive_pairwise/pct5": -234.380135345459, "gt_scores/nonlin_additive/std": 0.15664702317102136, "gt_scores/nonlin_additive/min": -0.7942014928090024, "gt_scores/nonlin_additive/pct5": -0.7561757150458371, "gt_scores/nonlin_additive_pairwise/std": 2.597862381985603e-05, "gt_scores/nonlin_additive_pairwise/min": -0.7992418339748336, "gt_scores/nonlin_additive_pairwise/pct5": -0.7992418339748336, "rho_curated/additive/additive": 0.9999977336799094, "rho_random/additive/additive": 0.9999933797856373, "rho_curated/pairwise/additive": 0.9999795803191824, "rho_random/pairwise/additive": 0.9999517090476766, "rho_curated/additive_GE/additive": 0.9999887765195503, "rho_random/additive_GE/additive": 0.9999717659022251, "rho_curated/pairwise_GE/additive": 0.9997853530873988, "rho_random/pairwise_GE/additive": 0.999653506694111, "rho_curated/additive/additive_pairwise": 0.9805119667706076, "rho_random/additive/additive_pairwise": 0.9674244181383534, "rho_curated/pairwise/additive_pairwise": 0.9999778964551144, "rho_random/pairwise/additive_pairwise": 0.9999478660413801, "rho_curated/additive_GE/additive_pairwise": 0.9806160017837096, "rho_random/additive_GE/additive_pairwise": 0.9690931122573554, "rho_curated/pairwise_GE/additive_pairwise": 0.9987886360714582, "rho_random/pairwise_GE/additive_pairwise": 0.9986525594356263, "rho_curated/additive/nonlin_additive": 0.9983806077831078, "rho_random/additive/nonlin_additive": 0.9979415313858059, "rho_curated/pairwise/nonlin_additive": 0.9996430244176696, "rho_random/pairwise/nonlin_additive": 0.998780535261027, "rho_curated/additive_GE/nonlin_additive": NaN, "rho_random/additive_GE/nonlin_additive": NaN, "rho_curated/pairwise_GE/nonlin_additive": 0.9990914110115473, "rho_random/pairwise_GE/nonlin_additive": 0.9990763918143455, "rho_curated/additive/nonlin_additive_pairwise": NaN, "rho_random/additive/nonlin_additive_pairwise": 0.06702295262060767, "rho_curated/pairwise/nonlin_additive_pairwise": NaN, "rho_random/pairwise/nonlin_additive_pairwise": NaN, "rho_curated/additive_GE/nonlin_additive_pairwise": NaN, "rho_random/additive_GE/nonlin_additive_pairwise": NaN, "rho_curated/pairwise_GE/nonlin_additive_pairwise": NaN, "rho_random/pairwise_GE/nonlin_additive_pairwise": NaN, "rho_curated_mean": 0.9960691807181142, "rho_random_mean": 0.9164591440320126, "_wandb": {"runtime": 701}}