{"potts/n_edges": 89, "potts/edge_density": 0.8476190476190476, "potts/J_mean_abs": 4.084176540374756, "potts/J_std": 3.338261842727661, "_timestamp": 1773521945.812111, "_runtime": 531.3171257972717, "_step": 21, "gt_scores/additive/std": 0.7770162874764199, "gt_scores/additive/min": -5.525506973266602, "gt_scores/additive/pct5": -4.092422103881836, "gt_scores/additive_pairwise/std": 50.30971251033916, "gt_scores/additive_pairwise/min": -451.1617126464844, "gt_scores/additive_pairwise/pct5": -381.1426177978516, "gt_scores/nonlin_additive/std": 0.13179785214960515, "gt_scores/nonlin_additive/min": -0.851066460422529, "gt_scores/nonlin_additive/pct5": -0.8261551473383105, "gt_scores/nonlin_additive_pairwise/std": 2.220446049250313e-16, "gt_scores/nonlin_additive_pairwise/min": -0.8558889585984598, "gt_scores/nonlin_additive_pairwise/pct5": -0.8558889585984598, "rho_curated/additive/additive": 0.999998476695939, "rho_random/additive/additive": 0.9999947632466987, "rho_curated/pairwise/additive": 0.9999774032070956, "rho_random/pairwise/additive": 0.9999454636722113, "rho_curated/additive_GE/additive": 0.999979153839165, "rho_random/additive_GE/additive": 0.9999459195108968, "rho_curated/pairwise_GE/additive": 0.9996166647606572, "rho_random/pairwise_GE/additive": 0.9992906710284665, "rho_curated/additive/additive_pairwise": 0.9414665813716392, "rho_random/additive/additive_pairwise": 0.895397981946293, "rho_curated/pairwise/additive_pairwise": 0.9999696234867822, "rho_random/pairwise/additive_pairwise": 0.9999536966998416, "rho_curated/additive_GE/additive_pairwise": 0.941473849579931, "rho_random/additive_GE/additive_pairwise": 0.8959153795251202, "rho_curated/pairwise_GE/additive_pairwise": 0.9996309524891938, "rho_random/pairwise_GE/additive_pairwise": 0.9993632488525473, "rho_curated/additive/nonlin_additive": 0.995620572367982, "rho_random/additive/nonlin_additive": 0.9961750510030629, "rho_curated/pairwise/nonlin_additive": 0.9993037500600331, "rho_random/pairwise/nonlin_additive": 0.9978194833728997, "rho_curated/additive_GE/nonlin_additive": 0.9999913564476526, "rho_random/additive_GE/nonlin_additive": 0.999988906682001, "rho_curated/pairwise_GE/nonlin_additive": 0.9995927481356222, "rho_random/pairwise_GE/nonlin_additive": 0.999641370785145, "rho_curated/additive/nonlin_additive_pairwise": NaN, "rho_random/additive/nonlin_additive_pairwise": NaN, "rho_curated/pairwise/nonlin_additive_pairwise": NaN, "rho_random/pairwise/nonlin_additive_pairwise": NaN, "rho_curated/additive_GE/nonlin_additive_pairwise": NaN, "rho_random/additive_GE/nonlin_additive_pairwise": NaN, "rho_curated/pairwise_GE/nonlin_additive_pairwise": NaN, "rho_random/pairwise_GE/nonlin_additive_pairwise": NaN, "rho_curated_mean": 0.9897184277034744, "rho_random_mean": 0.981952661360432, "_wandb": {"runtime": 531}}