{"potts/n_edges": 353, "potts/edge_density": 0.8114942528735632, "potts/J_mean_abs": 3.982243061065674, "potts/J_std": 3.2902796268463135, "_timestamp": 1773581325.9874997, "_runtime": 522.5254096984863, "_step": 21, "gt_scores/additive/std": 1.170066235861912, "gt_scores/additive/min": -8.504539489746094, "gt_scores/additive/pct5": -5.08946385383606, "gt_scores/additive_pairwise/std": 78.13475580047694, "gt_scores/additive_pairwise/min": -614.6770629882812, "gt_scores/additive_pairwise/pct5": -283.99951629638673, "gt_scores/nonlin_additive/std": 0.15818688959616178, "gt_scores/nonlin_additive/min": -0.7819405808126558, "gt_scores/nonlin_additive/pct5": -0.739590085936338, "gt_scores/nonlin_additive_pairwise/std": 0.01446323530848211, "gt_scores/nonlin_additive_pairwise/min": -0.7844718337635869, "gt_scores/nonlin_additive_pairwise/pct5": -0.7844718337635869, "rho_curated/additive/additive": 0.9999965936558636, "rho_random/additive/additive": 0.9999915131723383, "rho_curated/pairwise/additive": 0.9992200742967843, "rho_random/pairwise/additive": 0.998905774211039, "rho_curated/additive_GE/additive": 0.9999742155989673, "rho_random/additive_GE/additive": 0.9999348563222659, "rho_curated/pairwise_GE/additive": 0.9706300441372017, "rho_random/pairwise_GE/additive": 0.9540688959921275, "rho_curated/additive/additive_pairwise": 0.9748377214969051, "rho_random/additive/additive_pairwise": 0.9589331570394368, "rho_curated/pairwise/additive_pairwise": 0.9885569790380045, "rho_random/pairwise/additive_pairwise": 0.9815506423912748, "rho_curated/additive_GE/additive_pairwise": 0.974917704788708, "rho_random/additive_GE/additive_pairwise": 0.9606518293182139, "rho_curated/pairwise_GE/additive_pairwise": 0.9604578751863148, "rho_random/pairwise_GE/additive_pairwise": 0.9455824693178224, "rho_curated/additive/nonlin_additive": 0.997756173526139, "rho_random/additive/nonlin_additive": 0.9973550270508599, "rho_curated/pairwise/nonlin_additive": 0.9915146040601767, "rho_random/pairwise/nonlin_additive": 0.9871450579180082, "rho_curated/additive_GE/nonlin_additive": 0.9999801987032069, "rho_random/additive_GE/nonlin_additive": 0.9999683658485238, "rho_curated/pairwise_GE/nonlin_additive": 0.9868019863834457, "rho_random/pairwise_GE/nonlin_additive": 0.9823451557018594, "rho_curated/additive/nonlin_additive_pairwise": NaN, "rho_random/additive/nonlin_additive_pairwise": 0.22721597247504136, "rho_curated/pairwise/nonlin_additive_pairwise": NaN, "rho_random/pairwise/nonlin_additive_pairwise": 0.21305137059196572, "rho_curated/additive_GE/nonlin_additive_pairwise": NaN, "rho_random/additive_GE/nonlin_additive_pairwise": NaN, "rho_curated/pairwise_GE/nonlin_additive_pairwise": NaN, "rho_random/pairwise_GE/nonlin_additive_pairwise": 0.22112482198071198, "rho_curated_mean": 0.9870536809059764, "rho_random_mean": 0.8285216606220993, "_wandb": {"runtime": 522}}