{"potts/n_edges": 380, "potts/edge_density": 0.8735632183908046, "potts/J_mean_abs": 2.3741815090179443, "potts/J_std": 1.8837790489196777, "_timestamp": 1773613117.085786, "_runtime": 387.78765201568604, "_step": 21, "gt_scores/additive/std": 1.1925536417782636, "gt_scores/additive/min": -9.211626052856445, "gt_scores/additive/pct5": -6.01135892868042, "gt_scores/additive_pairwise/std": 67.27914615406104, "gt_scores/additive_pairwise/min": -473.0006103515625, "gt_scores/additive_pairwise/pct5": -287.18225555419923, "gt_scores/nonlin_additive/std": 0.1394448448352391, "gt_scores/nonlin_additive/min": -0.8371870805299297, "gt_scores/nonlin_additive/pct5": -0.8067663836145071, "gt_scores/nonlin_additive_pairwise/std": 4.766231182732382e-09, "gt_scores/nonlin_additive_pairwise/min": -0.8394933305681229, "gt_scores/nonlin_additive_pairwise/pct5": -0.8394933305681229, "rho_curated/additive/additive": 0.9999974496638977, "rho_random/additive/additive": 0.9999918819760447, "rho_curated/pairwise/additive": 0.9991904999356198, "rho_random/pairwise/additive": 0.9986446627679177, "rho_curated/additive_GE/additive": 0.9999723167908907, "rho_random/additive_GE/additive": 0.9999388714513304, "rho_curated/pairwise_GE/additive": 0.9652174002638612, "rho_random/pairwise_GE/additive": 0.9395485792921275, "rho_curated/additive/additive_pairwise": 0.9820925950992742, "rho_random/additive/additive_pairwise": 0.9712268432365919, "rho_curated/pairwise/additive_pairwise": 0.9915087033001443, "rho_random/pairwise/additive_pairwise": 0.9846685068121769, "rho_curated/additive_GE/additive_pairwise": 0.9823734969665169, "rho_random/additive_GE/additive_pairwise": 0.9704186710009005, "rho_curated/pairwise_GE/additive_pairwise": 0.9591915702127246, "rho_random/pairwise_GE/additive_pairwise": 0.9464779018583099, "rho_curated/additive/nonlin_additive": 0.996995455599746, "rho_random/additive/nonlin_additive": 0.9968324368941686, "rho_curated/pairwise/nonlin_additive": 0.9888097741438536, "rho_random/pairwise/nonlin_additive": 0.9810035841608432, "rho_curated/additive_GE/nonlin_additive": 0.999976778655071, "rho_random/additive_GE/nonlin_additive": 0.9999725274100394, "rho_curated/pairwise_GE/nonlin_additive": 0.98226578690578, "rho_random/pairwise_GE/nonlin_additive": 0.978365780880815, "rho_curated/additive/nonlin_additive_pairwise": NaN, "rho_random/additive/nonlin_additive_pairwise": NaN, "rho_curated/pairwise/nonlin_additive_pairwise": NaN, "rho_random/pairwise/nonlin_additive_pairwise": NaN, "rho_curated/additive_GE/nonlin_additive_pairwise": NaN, "rho_random/additive_GE/nonlin_additive_pairwise": NaN, "rho_curated/pairwise_GE/nonlin_additive_pairwise": NaN, "rho_random/pairwise_GE/nonlin_additive_pairwise": NaN, "rho_curated_mean": 0.9872993189614482, "rho_random_mean": 0.9805908539784388, "_wandb": {"runtime": 387}}