{"potts/n_edges": 513, "potts/edge_density": 0.8621848739495799, "potts/J_mean_abs": 1.835391640663147, "potts/J_std": 1.5017421245574951, "_timestamp": 1773344680.8129342, "_runtime": 530.3627052307129, "_step": 21, "gt_scores/additive/std": 0.7818605886926625, "gt_scores/additive/min": -5.0639238357543945, "gt_scores/additive/pct5": -2.6261610984802246, "gt_scores/additive_pairwise/std": 11.657318171801755, "gt_scores/additive_pairwise/min": -113.70421600341797, "gt_scores/additive_pairwise/pct5": -35.02031574249268, "gt_scores/nonlin_additive/std": 0.18253181632562618, "gt_scores/nonlin_additive/min": -0.6764460862485413, "gt_scores/nonlin_additive/pct5": -0.6109772938500013, "gt_scores/nonlin_additive_pairwise/std": 0.19532315755371887, "gt_scores/nonlin_additive_pairwise/min": -0.6797008911617691, "gt_scores/nonlin_additive_pairwise/pct5": -0.6797008911617691, "rho_curated/additive/additive": 0.9999970119990974, "rho_random/additive/additive": 0.9999915152051855, "rho_curated/pairwise/additive": 0.9987991081234597, "rho_random/pairwise/additive": 0.9990037301583818, "rho_curated/additive_GE/additive": 0.999953673409652, "rho_random/additive_GE/additive": 0.9999007893104568, "rho_curated/pairwise_GE/additive": 0.9861287670809457, "rho_random/pairwise_GE/additive": 0.9844557542132271, "rho_curated/additive/additive_pairwise": 0.9283906545868887, "rho_random/additive/additive_pairwise": 0.9085222185625053, "rho_curated/pairwise/additive_pairwise": 0.9146901283038044, "rho_random/pairwise/additive_pairwise": 0.9312497167361008, "rho_curated/additive_GE/additive_pairwise": 0.9296770935006858, "rho_random/additive_GE/additive_pairwise": 0.9137573840022493, "rho_curated/pairwise_GE/additive_pairwise": 0.9132811248084358, "rho_random/pairwise_GE/additive_pairwise": 0.9153990243674276, "rho_curated/additive/nonlin_additive": 0.9976774661956581, "rho_random/additive/nonlin_additive": 0.9971134597582756, "rho_curated/pairwise/nonlin_additive": 0.9945115009955584, "rho_random/pairwise/nonlin_additive": 0.9930806091336609, "rho_curated/additive_GE/nonlin_additive": 0.9997903003198818, "rho_random/additive_GE/nonlin_additive": 0.999682839791109, "rho_curated/pairwise_GE/nonlin_additive": 0.9953290647425301, "rho_random/pairwise_GE/nonlin_additive": 0.9941383477742561, "rho_curated/additive/nonlin_additive_pairwise": 0.6380641949472168, "rho_random/additive/nonlin_additive_pairwise": 0.8700752378038392, "rho_curated/pairwise/nonlin_additive_pairwise": 0.6563627711249211, "rho_random/pairwise/nonlin_additive_pairwise": 0.8728757454491746, "rho_curated/additive_GE/nonlin_additive_pairwise": 0.6203474354135542, "rho_random/additive_GE/nonlin_additive_pairwise": 0.8886813205230824, "rho_curated/pairwise_GE/nonlin_additive_pairwise": 0.6923141847793917, "rho_random/pairwise_GE/nonlin_additive_pairwise": 0.8888596021074141, "rho_curated_mean": 0.8915821550207301, "rho_random_mean": 0.9472992059310217, "_wandb": {"runtime": 530}}