{"potts/n_edges": 88, "potts/edge_density": 0.8380952380952381, "potts/J_mean_abs": 3.3860912322998047, "potts/J_std": 2.8634119033813477, "_timestamp": 1773528683.6611195, "_runtime": 520.0469753742218, "_step": 21, "gt_scores/additive/std": 0.9354941049529601, "gt_scores/additive/min": -6.730696678161621, "gt_scores/additive/pct5": -5.088986277580261, "gt_scores/additive_pairwise/std": 37.833272377909644, "gt_scores/additive_pairwise/min": -340.9449462890625, "gt_scores/additive_pairwise/pct5": -277.45813903808596, "gt_scores/nonlin_additive/std": 0.12695859792178035, "gt_scores/nonlin_additive/min": -0.8594803927815321, "gt_scores/nonlin_additive/pct5": -0.8373509757801759, "gt_scores/nonlin_additive_pairwise/std": 1.1102230246251565e-16, "gt_scores/nonlin_additive_pairwise/min": -0.8642349522941661, "gt_scores/nonlin_additive_pairwise/pct5": -0.8642349522941661, "rho_curated/additive/additive": 0.9999978605439136, "rho_random/additive/additive": 0.9999941818776855, "rho_curated/pairwise/additive": 0.9999785113111322, "rho_random/pairwise/additive": 0.9999527876767947, "rho_curated/additive_GE/additive": 0.999992915775714, "rho_random/additive_GE/additive": 0.999982872408277, "rho_curated/pairwise_GE/additive": 0.9997299769970955, "rho_random/pairwise_GE/additive": 0.9994830263309852, "rho_curated/additive/additive_pairwise": 0.9301032505224526, "rho_random/additive/additive_pairwise": 0.8892708724679521, "rho_curated/pairwise/additive_pairwise": 0.9999672140066878, "rho_random/pairwise/additive_pairwise": 0.9999382818029873, "rho_curated/additive_GE/additive_pairwise": 0.9299989856349195, "rho_random/additive_GE/additive_pairwise": 0.8797556598101238, "rho_curated/pairwise_GE/additive_pairwise": 0.9995473128938491, "rho_random/pairwise_GE/additive_pairwise": 0.999292860864839, "rho_curated/additive/nonlin_additive": 0.9956009371731869, "rho_random/additive/nonlin_additive": 0.9941966881218689, "rho_curated/pairwise/nonlin_additive": 0.9991523715416271, "rho_random/pairwise/nonlin_additive": 0.9963278733958034, "rho_curated/additive_GE/nonlin_additive": 0.999993622503741, "rho_random/additive_GE/nonlin_additive": 0.9999923462879945, "rho_curated/pairwise_GE/nonlin_additive": 0.9995398930293639, "rho_random/pairwise_GE/nonlin_additive": 0.999645390994897, "rho_curated/additive/nonlin_additive_pairwise": NaN, "rho_random/additive/nonlin_additive_pairwise": NaN, "rho_curated/pairwise/nonlin_additive_pairwise": NaN, "rho_random/pairwise/nonlin_additive_pairwise": NaN, "rho_curated/additive_GE/nonlin_additive_pairwise": NaN, "rho_random/additive_GE/nonlin_additive_pairwise": NaN, "rho_curated/pairwise_GE/nonlin_additive_pairwise": NaN, "rho_random/pairwise_GE/nonlin_additive_pairwise": NaN, "rho_curated_mean": 0.9878002376611402, "rho_random_mean": 0.9798194035033507, "_wandb": {"runtime": 519}}