{"potts/n_edges": 276, "potts/edge_density": 0.92, "potts/J_mean_abs": 3.4973955154418945, "potts/J_std": 2.7575767040252686, "_timestamp": 1773401847.3452427, "_runtime": 401.62217378616333, "_step": 21, "gt_scores/additive/std": 1.1398200883094438, "gt_scores/additive/min": -9.020009994506836, "gt_scores/additive/pct5": -6.03385751247406, "gt_scores/additive_pairwise/std": 111.74516344573124, "gt_scores/additive_pairwise/min": -815.6143188476562, "gt_scores/additive_pairwise/pct5": -501.1776779174805, "gt_scores/nonlin_additive/std": 0.13291535666614748, "gt_scores/nonlin_additive/min": -0.8512857583768847, "gt_scores/nonlin_additive/pct5": -0.8249976913530378, "gt_scores/nonlin_additive_pairwise/std": 8.82801701565283e-12, "gt_scores/nonlin_additive_pairwise/min": -0.853410595172368, "gt_scores/nonlin_additive_pairwise/pct5": -0.853410595172368, "rho_curated/additive/additive": 0.9999976905999076, "rho_random/additive/additive": 0.999992963412959, "rho_curated/pairwise/additive": 0.9997586274543276, "rho_random/pairwise/additive": 0.999483393832065, "rho_curated/additive_GE/additive": 0.999979718943188, "rho_random/additive_GE/additive": 0.9999515169175075, "rho_curated/pairwise_GE/additive": 0.9796714862813958, "rho_random/pairwise_GE/additive": 0.9644629305717943, "rho_curated/additive/additive_pairwise": 0.9881217738205859, "rho_random/additive/additive_pairwise": 0.9812795169427878, "rho_curated/pairwise/additive_pairwise": 0.9991711093508245, "rho_random/pairwise/additive_pairwise": 0.9986794501602414, "rho_curated/additive_GE/additive_pairwise": 0.9881178261084279, "rho_random/additive_GE/additive_pairwise": 0.9784225327229148, "rho_curated/pairwise_GE/additive_pairwise": 0.9816131947920865, "rho_random/pairwise_GE/additive_pairwise": 0.9741859901679157, "rho_curated/additive/nonlin_additive": 0.9960530524576485, "rho_random/additive/nonlin_additive": 0.9971033116597576, "rho_curated/pairwise/nonlin_additive": 0.9939755066300082, "rho_random/pairwise/nonlin_additive": 0.9858275735014822, "rho_curated/additive_GE/nonlin_additive": 0.9999795533671788, "rho_random/additive_GE/nonlin_additive": 0.9999719537942043, "rho_curated/pairwise_GE/nonlin_additive": 0.9900845598977167, "rho_random/pairwise_GE/nonlin_additive": 0.9904639151379759, "rho_curated/additive/nonlin_additive_pairwise": NaN, "rho_random/additive/nonlin_additive_pairwise": NaN, "rho_curated/pairwise/nonlin_additive_pairwise": NaN, "rho_random/pairwise/nonlin_additive_pairwise": NaN, "rho_curated/additive_GE/nonlin_additive_pairwise": NaN, "rho_random/additive_GE/nonlin_additive_pairwise": NaN, "rho_curated/pairwise_GE/nonlin_additive_pairwise": NaN, "rho_random/pairwise_GE/nonlin_additive_pairwise": NaN, "rho_curated_mean": 0.9930436749752748, "rho_random_mean": 0.9891520874018004, "_wandb": {"runtime": 401}}