{"potts/n_edges": 89, "potts/edge_density": 0.8476190476190476, "potts/J_mean_abs": 3.832021713256836, "potts/J_std": 3.0868632793426514, "_timestamp": 1773610530.9166803, "_runtime": 513.7699594497681, "_step": 21, "gt_scores/additive/std": 0.9557475539592777, "gt_scores/additive/min": -7.033940315246582, "gt_scores/additive/pct5": -5.159853672981262, "gt_scores/additive_pairwise/std": 48.187528427970534, "gt_scores/additive_pairwise/min": -408.6104431152344, "gt_scores/additive_pairwise/pct5": -360.9232116699219, "gt_scores/nonlin_additive/std": 0.1307311439252841, "gt_scores/nonlin_additive/min": -0.8613129322410867, "gt_scores/nonlin_additive/pct5": -0.8371371284084792, "gt_scores/nonlin_additive_pairwise/std": 1.1102230246251565e-16, "gt_scores/nonlin_additive_pairwise/min": -0.8653877661321029, "gt_scores/nonlin_additive_pairwise/pct5": -0.8653877661321029, "rho_curated/additive/additive": 0.9999983409759334, "rho_random/additive/additive": 0.9999942855910705, "rho_curated/pairwise/additive": 0.9999760245750396, "rho_random/pairwise/additive": 0.9999397956045102, "rho_curated/additive_GE/additive": 0.9999826455033057, "rho_random/additive_GE/additive": 0.9999587609970674, "rho_curated/pairwise_GE/additive": 0.9997477939738996, "rho_random/pairwise_GE/additive": 0.9995318570950874, "rho_curated/additive/additive_pairwise": 0.9443051129441945, "rho_random/additive/additive_pairwise": 0.9133759577298773, "rho_curated/pairwise/additive_pairwise": 0.9999698912067935, "rho_random/pairwise/additive_pairwise": 0.9999496612372563, "rho_curated/additive_GE/additive_pairwise": 0.9441914047062985, "rho_random/additive_GE/additive_pairwise": 0.9124716497537368, "rho_curated/pairwise_GE/additive_pairwise": 0.999661409450432, "rho_random/pairwise_GE/additive_pairwise": 0.9994908326419524, "rho_curated/additive/nonlin_additive": 0.9964663949700623, "rho_random/additive/nonlin_additive": 0.9969825188837376, "rho_curated/pairwise/nonlin_additive": 0.9992870198274123, "rho_random/pairwise/nonlin_additive": 0.9959191984916334, "rho_curated/additive_GE/nonlin_additive": 0.9999676668387013, "rho_random/additive_GE/nonlin_additive": 0.9999702747899372, "rho_curated/pairwise_GE/nonlin_additive": 0.9995062369401784, "rho_random/pairwise_GE/nonlin_additive": 0.9996271753120185, "rho_curated/additive/nonlin_additive_pairwise": NaN, "rho_random/additive/nonlin_additive_pairwise": NaN, "rho_curated/pairwise/nonlin_additive_pairwise": NaN, "rho_random/pairwise/nonlin_additive_pairwise": NaN, "rho_curated/additive_GE/nonlin_additive_pairwise": NaN, "rho_random/additive_GE/nonlin_additive_pairwise": NaN, "rho_curated/pairwise_GE/nonlin_additive_pairwise": NaN, "rho_random/pairwise_GE/nonlin_additive_pairwise": NaN, "rho_curated_mean": 0.9902549951593541, "rho_random_mean": 0.9847676640106572, "_wandb": {"runtime": 513}}