{"potts/n_edges": 98, "potts/edge_density": 0.9333333333333333, "potts/J_mean_abs": 3.3119325637817383, "potts/J_std": 2.6085009574890137, "_timestamp": 1773468774.1004436, "_runtime": 548.6726896762848, "_step": 21, "gt_scores/additive/std": 0.9354941049529601, "gt_scores/additive/min": -6.730696678161621, "gt_scores/additive/pct5": -5.088986277580261, "gt_scores/additive_pairwise/std": 44.66001937753423, "gt_scores/additive_pairwise/min": -417.4049377441406, "gt_scores/additive_pairwise/pct5": -349.74845428466796, "gt_scores/nonlin_additive/std": 0.12695859792178035, "gt_scores/nonlin_additive/min": -0.8594803927815321, "gt_scores/nonlin_additive/pct5": -0.8373509757801759, "gt_scores/nonlin_additive_pairwise/std": 1.1102230246251565e-16, "gt_scores/nonlin_additive_pairwise/min": -0.8642349522941661, "gt_scores/nonlin_additive_pairwise/pct5": -0.8642349522941661, "rho_curated/additive/additive": 0.9999985673199423, "rho_random/additive/additive": 0.9999950467290494, "rho_curated/pairwise/additive": 0.9999739985909525, "rho_random/pairwise/additive": 0.9999465054716682, "rho_curated/additive_GE/additive": 0.9997499192939309, "rho_random/additive_GE/additive": 0.9995648019349159, "rho_curated/pairwise_GE/additive": 0.9996705624987119, "rho_random/pairwise_GE/additive": 0.999445408578802, "rho_curated/additive/additive_pairwise": 0.953338620092425, "rho_random/additive/additive_pairwise": 0.9110534671708175, "rho_curated/pairwise/additive_pairwise": 0.9999697222227876, "rho_random/pairwise/additive_pairwise": 0.9999339417456247, "rho_curated/additive_GE/additive_pairwise": 0.9532835451302206, "rho_random/additive_GE/additive_pairwise": 0.9166280382957042, "rho_curated/pairwise_GE/additive_pairwise": 0.9995571912222557, "rho_random/pairwise_GE/additive_pairwise": 0.9993979499058949, "rho_curated/additive/nonlin_additive": 0.9959366381231249, "rho_random/additive/nonlin_additive": 0.9949064643097915, "rho_curated/pairwise/nonlin_additive": 0.9991337875727903, "rho_random/pairwise/nonlin_additive": 0.9954232520268811, "rho_curated/additive_GE/nonlin_additive": 0.9999870806794748, "rho_random/additive_GE/nonlin_additive": 0.9999871320034766, "rho_curated/pairwise_GE/nonlin_additive": 0.9996321592570568, "rho_random/pairwise_GE/nonlin_additive": 0.9997378516556013, "rho_curated/additive/nonlin_additive_pairwise": NaN, "rho_random/additive/nonlin_additive_pairwise": NaN, "rho_curated/pairwise/nonlin_additive_pairwise": NaN, "rho_random/pairwise/nonlin_additive_pairwise": NaN, "rho_curated/additive_GE/nonlin_additive_pairwise": NaN, "rho_random/additive_GE/nonlin_additive_pairwise": NaN, "rho_curated/pairwise_GE/nonlin_additive_pairwise": NaN, "rho_random/pairwise_GE/nonlin_additive_pairwise": NaN, "rho_curated_mean": 0.9916859826669727, "rho_random_mean": 0.9846683216523521, "_wandb": {"runtime": 548}}