{"potts/n_edges": 95, "potts/edge_density": 0.9047619047619048, "potts/J_mean_abs": 3.8736138343811035, "potts/J_std": 3.026362657546997, "_timestamp": 1773556463.005107, "_runtime": 644.2937588691711, "_step": 21, "gt_scores/additive/std": 0.8641406634079339, "gt_scores/additive/min": -5.3870134353637695, "gt_scores/additive/pct5": -3.507247936725616, "gt_scores/additive_pairwise/std": 46.13247703277878, "gt_scores/additive_pairwise/min": -291.1960144042969, "gt_scores/additive_pairwise/pct5": -173.37913131713867, "gt_scores/nonlin_additive/std": 0.16792670638935217, "gt_scores/nonlin_additive/min": -0.7564364036535516, "gt_scores/nonlin_additive/pct5": -0.7101068352745145, "gt_scores/nonlin_additive_pairwise/std": 0.022965804482549593, "gt_scores/nonlin_additive_pairwise/min": -0.762701954243916, "gt_scores/nonlin_additive_pairwise/pct5": -0.762701954243916, "rho_curated/additive/additive": 0.9999984949359392, "rho_random/additive/additive": 0.9999946047809082, "rho_curated/pairwise/additive": 0.99997548731101, "rho_random/pairwise/additive": 0.9999558878118405, "rho_curated/additive_GE/additive": 0.9999915914556605, "rho_random/additive_GE/additive": 0.9999739359019605, "rho_curated/pairwise_GE/additive": 0.9994212825286151, "rho_random/pairwise_GE/additive": 0.9992391898173778, "rho_curated/additive/additive_pairwise": 0.9691840029898807, "rho_random/additive/additive_pairwise": 0.9561373289994957, "rho_curated/pairwise/additive_pairwise": 0.9999709950628364, "rho_random/pairwise/additive_pairwise": 0.9999412500891594, "rho_curated/additive_GE/additive_pairwise": 0.9696639763211027, "rho_random/additive_GE/additive_pairwise": 0.9518444456480526, "rho_curated/pairwise_GE/additive_pairwise": 0.9995625635744501, "rho_random/pairwise_GE/additive_pairwise": 0.9993872828448667, "rho_curated/additive/nonlin_additive": 0.9990558534732145, "rho_random/additive/nonlin_additive": 0.9986535500427716, "rho_curated/pairwise/nonlin_additive": 0.9995908785112031, "rho_random/pairwise/nonlin_additive": 0.9992973516236061, "rho_curated/additive_GE/nonlin_additive": 0.9999916060716555, "rho_random/additive_GE/nonlin_additive": 0.9999883437083392, "rho_curated/pairwise_GE/nonlin_additive": 0.9997864554072275, "rho_random/pairwise_GE/nonlin_additive": 0.9996911358457147, "rho_curated/additive/nonlin_additive_pairwise": 0.4282409431135131, "rho_random/additive/nonlin_additive_pairwise": 0.17622703466518783, "rho_curated/pairwise/nonlin_additive_pairwise": 0.4556621795570667, "rho_random/pairwise/nonlin_additive_pairwise": 0.22001115496939885, "rho_curated/additive_GE/nonlin_additive_pairwise": 0.04691670467454376, "rho_random/additive_GE/nonlin_additive_pairwise": 0.03803361907632794, "rho_curated/pairwise_GE/nonlin_additive_pairwise": 0.4690675127466219, "rho_random/pairwise_GE/nonlin_additive_pairwise": 0.21148839402327466, "rho_curated_mean": 0.8335050329834088, "rho_random_mean": 0.7843665318655176, "_wandb": {"runtime": 644}}