{"potts/n_edges": 86, "potts/edge_density": 0.819047619047619, "potts/J_mean_abs": 3.3173987865448, "potts/J_std": 2.7898831367492676, "_timestamp": 1773597145.5041754, "_runtime": 488.9593884944916, "_step": 21, "gt_scores/additive/std": 0.9354941049529601, "gt_scores/additive/min": -6.730696678161621, "gt_scores/additive/pct5": -5.088986277580261, "gt_scores/additive_pairwise/std": 36.4921639097597, "gt_scores/additive_pairwise/min": -330.8729248046875, "gt_scores/additive_pairwise/pct5": -275.1505981445313, "gt_scores/nonlin_additive/std": 0.12695859792178035, "gt_scores/nonlin_additive/min": -0.8594803927815321, "gt_scores/nonlin_additive/pct5": -0.8373509757801759, "gt_scores/nonlin_additive_pairwise/std": 1.1102230246251565e-16, "gt_scores/nonlin_additive_pairwise/min": -0.8642349522941661, "gt_scores/nonlin_additive_pairwise/pct5": -0.8642349522941661, "rho_curated/additive/additive": 0.9999977765439103, "rho_random/additive/additive": 0.9999927633184182, "rho_curated/pairwise/additive": 0.999975629199017, "rho_random/pairwise/additive": 0.9999342955727915, "rho_curated/additive_GE/additive": NaN, "rho_random/additive_GE/additive": NaN, "rho_curated/pairwise_GE/additive": 0.9956454333682497, "rho_random/pairwise_GE/additive": 0.9917781960217752, "rho_curated/additive/additive_pairwise": 0.9279120502323714, "rho_random/additive/additive_pairwise": 0.8808263496591514, "rho_curated/pairwise/additive_pairwise": 0.9999681993987227, "rho_random/pairwise/additive_pairwise": 0.9999436132729546, "rho_curated/additive_GE/additive_pairwise": 0.9280083030299655, "rho_random/additive_GE/additive_pairwise": 0.874452661803185, "rho_curated/pairwise_GE/additive_pairwise": 0.9995512047340053, "rho_random/pairwise_GE/additive_pairwise": 0.9992788457696625, "rho_curated/additive/nonlin_additive": 0.9962168510470396, "rho_random/additive/nonlin_additive": 0.9951574809527417, "rho_curated/pairwise/nonlin_additive": 0.9991428733253036, "rho_random/pairwise/nonlin_additive": 0.9980134251966751, "rho_curated/additive_GE/nonlin_additive": 0.9999916071036611, "rho_random/additive_GE/nonlin_additive": 0.999988863867399, "rho_curated/pairwise_GE/nonlin_additive": 0.9994990245317565, "rho_random/pairwise_GE/nonlin_additive": 0.9995302874449863, "rho_curated/additive/nonlin_additive_pairwise": NaN, "rho_random/additive/nonlin_additive_pairwise": NaN, "rho_curated/pairwise/nonlin_additive_pairwise": NaN, "rho_random/pairwise/nonlin_additive_pairwise": NaN, "rho_curated/additive_GE/nonlin_additive_pairwise": NaN, "rho_random/additive_GE/nonlin_additive_pairwise": NaN, "rho_curated/pairwise_GE/nonlin_additive_pairwise": NaN, "rho_random/pairwise_GE/nonlin_additive_pairwise": NaN, "rho_curated_mean": 0.9859917229558183, "rho_random_mean": 0.9762633438981582, "_wandb": {"runtime": 488}}