{"potts/n_edges": 75, "potts/edge_density": 0.7142857142857143, "potts/J_mean_abs": 2.2593119144439697, "potts/J_std": 1.94587242603302, "_timestamp": 1773560591.5080047, "_runtime": 492.49112367630005, "_step": 21, "gt_scores/additive/std": 0.7770162874764199, "gt_scores/additive/min": -5.525506973266602, "gt_scores/additive/pct5": -4.092422103881836, "gt_scores/additive_pairwise/std": 24.06436788443783, "gt_scores/additive_pairwise/min": -212.16619873046875, "gt_scores/additive_pairwise/pct5": -181.3752639770508, "gt_scores/nonlin_additive/std": 0.13179785214960515, "gt_scores/nonlin_additive/min": -0.851066460422529, "gt_scores/nonlin_additive/pct5": -0.8261551473383105, "gt_scores/nonlin_additive_pairwise/std": 2.220446049250313e-16, "gt_scores/nonlin_additive_pairwise/min": -0.8558889585984598, "gt_scores/nonlin_additive_pairwise/pct5": -0.8558889585984598, "rho_curated/additive/additive": 0.9999980197119207, "rho_random/additive/additive": 0.9999932138913648, "rho_curated/pairwise/additive": 0.9999765219990588, "rho_random/pairwise/additive": 0.9999426339375385, "rho_curated/additive_GE/additive": 0.9999821317832831, "rho_random/additive_GE/additive": 0.9999562554578091, "rho_curated/pairwise_GE/additive": 0.9984680518585015, "rho_random/pairwise_GE/additive": 0.9971974063079445, "rho_curated/additive/additive_pairwise": 0.9237088108868594, "rho_random/additive/additive_pairwise": 0.8700604980810805, "rho_curated/pairwise/additive_pairwise": 0.9999710807428426, "rho_random/pairwise/additive_pairwise": 0.9999435787312387, "rho_curated/additive_GE/additive_pairwise": 0.9228054225565114, "rho_random/additive_GE/additive_pairwise": 0.8825377533691994, "rho_curated/pairwise_GE/additive_pairwise": 0.9996005514960125, "rho_random/pairwise_GE/additive_pairwise": 0.9994859618861862, "rho_curated/additive/nonlin_additive": 0.9971915929433942, "rho_random/additive/nonlin_additive": 0.9975866190611697, "rho_curated/pairwise/nonlin_additive": 0.9993186077406626, "rho_random/pairwise/nonlin_additive": 0.9975190983291385, "rho_curated/additive_GE/nonlin_additive": 0.999991379919654, "rho_random/additive_GE/nonlin_additive": 0.9999887456494312, "rho_curated/pairwise_GE/nonlin_additive": 0.9997074569802561, "rho_random/pairwise_GE/nonlin_additive": 0.99967764007264, "rho_curated/additive/nonlin_additive_pairwise": NaN, "rho_random/additive/nonlin_additive_pairwise": NaN, "rho_curated/pairwise/nonlin_additive_pairwise": NaN, "rho_random/pairwise/nonlin_additive_pairwise": NaN, "rho_curated/additive_GE/nonlin_additive_pairwise": NaN, "rho_random/additive_GE/nonlin_additive_pairwise": NaN, "rho_curated/pairwise_GE/nonlin_additive_pairwise": NaN, "rho_random/pairwise_GE/nonlin_additive_pairwise": NaN, "rho_curated_mean": 0.9867266357182464, "rho_random_mean": 0.9786574503978951, "_wandb": {"runtime": 492}}