{"potts/n_edges": 100, "potts/edge_density": 0.9523809523809523, "potts/J_mean_abs": 3.535921335220337, "potts/J_std": 3.2427163124084473, "_timestamp": 1773575462.8072126, "_runtime": 652.6891615390778, "_step": 21, "gt_scores/additive/std": 0.9086341193915439, "gt_scores/additive/min": -5.885261058807373, "gt_scores/additive/pct5": -4.087509632110596, "gt_scores/additive_pairwise/std": 52.62713363809944, "gt_scores/additive_pairwise/min": -341.81658935546875, "gt_scores/additive_pairwise/pct5": -223.00213165283202, "gt_scores/nonlin_additive/std": 0.15546503153337984, "gt_scores/nonlin_additive/min": -0.7906516977346099, "gt_scores/nonlin_additive/pct5": -0.7548789649667715, "gt_scores/nonlin_additive_pairwise/std": 2.4931141593343227e-05, "gt_scores/nonlin_additive_pairwise/min": -0.7966420048824534, "gt_scores/nonlin_additive_pairwise/pct5": -0.7966420048824534, "rho_curated/additive/additive": 0.9999982100079277, "rho_random/additive/additive": 0.9999940781593284, "rho_curated/pairwise/additive": 0.9999786986791382, "rho_random/pairwise/additive": 0.999959503584968, "rho_curated/additive_GE/additive": 0.9999925089276966, "rho_random/additive_GE/additive": 0.9999783320274847, "rho_curated/pairwise_GE/additive": 0.9996766797869198, "rho_random/pairwise_GE/additive": 0.9996057624535866, "rho_curated/additive/additive_pairwise": 0.9663798545647735, "rho_random/additive/additive_pairwise": 0.9457512076126463, "rho_curated/pairwise/additive_pairwise": 0.9999711879988463, "rho_random/pairwise/additive_pairwise": 0.9999367540931821, "rho_curated/additive_GE/additive_pairwise": 0.9665992212471672, "rho_random/additive_GE/additive_pairwise": 0.9515068329395148, "rho_curated/pairwise_GE/additive_pairwise": 0.9996209236808189, "rho_random/pairwise_GE/additive_pairwise": 0.9993331516872372, "rho_curated/additive/nonlin_additive": 0.9975699416525232, "rho_random/additive/nonlin_additive": 0.995682859554089, "rho_curated/pairwise/nonlin_additive": 0.9995540078377535, "rho_random/pairwise/nonlin_additive": 0.9991676122691923, "rho_curated/additive_GE/nonlin_additive": NaN, "rho_random/additive_GE/nonlin_additive": NaN, "rho_curated/pairwise_GE/nonlin_additive": 0.9998595600582543, "rho_random/pairwise_GE/nonlin_additive": 0.9997757721409319, "rho_curated/additive/nonlin_additive_pairwise": NaN, "rho_random/additive/nonlin_additive_pairwise": NaN, "rho_curated/pairwise/nonlin_additive_pairwise": NaN, "rho_random/pairwise/nonlin_additive_pairwise": 0.13340295955547732, "rho_curated/additive_GE/nonlin_additive_pairwise": NaN, "rho_random/additive_GE/nonlin_additive_pairwise": NaN, "rho_curated/pairwise_GE/nonlin_additive_pairwise": NaN, "rho_random/pairwise_GE/nonlin_additive_pairwise": 0.039989086979346875, "rho_curated_mean": 0.9935637085856199, "rho_random_mean": 0.8510833779274604, "_wandb": {"runtime": 652}}