{"potts/n_edges": 452, "potts/edge_density": 0.7596638655462185, "potts/J_mean_abs": 2.300934314727783, "potts/J_std": 1.8453253507614136, "_timestamp": 1773639389.658557, "_runtime": 500.9069118499756, "_step": 21, "gt_scores/additive/std": 1.2980668102345851, "gt_scores/additive/min": -10.26136302947998, "gt_scores/additive/pct5": -6.319049310684204, "gt_scores/additive_pairwise/std": 64.69701674709984, "gt_scores/additive_pairwise/min": -502.0079345703125, "gt_scores/additive_pairwise/pct5": -268.765283203125, "gt_scores/nonlin_additive/std": 0.14330294331091115, "gt_scores/nonlin_additive/min": -0.8247283449624246, "gt_scores/nonlin_additive/pct5": -0.7911553785664509, "gt_scores/nonlin_additive_pairwise/std": 0.005683053270772716, "gt_scores/nonlin_additive_pairwise/min": -0.8264821477501916, "gt_scores/nonlin_additive_pairwise/pct5": -0.8264821477501916, "rho_curated/additive/additive": 0.9999969465278777, "rho_random/additive/additive": 0.9999909243079077, "rho_curated/pairwise/additive": 0.9989711731428468, "rho_random/pairwise/additive": 0.998423425061978, "rho_curated/additive_GE/additive": 0.9999597361583892, "rho_random/additive_GE/additive": 0.9999022217792255, "rho_curated/pairwise_GE/additive": 0.9621106618444263, "rho_random/pairwise_GE/additive": 0.9343664835499151, "rho_curated/additive/additive_pairwise": 0.9815032165872406, "rho_random/additive/additive_pairwise": 0.9707904728978646, "rho_curated/pairwise/additive_pairwise": 0.9850768541939997, "rho_random/pairwise/additive_pairwise": 0.9796300493024366, "rho_curated/additive_GE/additive_pairwise": 0.9820275189518067, "rho_random/additive_GE/additive_pairwise": 0.9697902517138305, "rho_curated/pairwise_GE/additive_pairwise": 0.9424484347831747, "rho_random/pairwise_GE/additive_pairwise": 0.9347605334932962, "rho_curated/additive/nonlin_additive": 0.9969969836555912, "rho_random/additive/nonlin_additive": 0.9969437428567864, "rho_curated/pairwise/nonlin_additive": 0.9870676214423946, "rho_random/pairwise/nonlin_additive": 0.9811129165999785, "rho_curated/additive_GE/nonlin_additive": 0.9999771734790863, "rho_random/additive_GE/nonlin_additive": 0.999973957872091, "rho_curated/pairwise_GE/nonlin_additive": 0.9779497346124016, "rho_random/pairwise_GE/nonlin_additive": 0.9739954184136947, "rho_curated/additive/nonlin_additive_pairwise": NaN, "rho_random/additive/nonlin_additive_pairwise": 0.10132158910758815, "rho_curated/pairwise/nonlin_additive_pairwise": NaN, "rho_random/pairwise/nonlin_additive_pairwise": 0.13774202866028992, "rho_curated/additive_GE/nonlin_additive_pairwise": NaN, "rho_random/additive_GE/nonlin_additive_pairwise": 0.02264046187813781, "rho_curated/pairwise_GE/nonlin_additive_pairwise": NaN, "rho_random/pairwise_GE/nonlin_additive_pairwise": -0.09073721445414035, "rho_curated_mean": 0.9845071712816029, "rho_random_mean": 0.744415453940055, "_wandb": {"runtime": 500}}