{"potts/n_edges": 87, "potts/edge_density": 0.8285714285714286, "potts/J_mean_abs": 3.5087263584136963, "potts/J_std": 2.9921112060546875, "_timestamp": 1773412368.4601703, "_runtime": 535.3417801856995, "_step": 21, "gt_scores/additive/std": 0.9354941049529601, "gt_scores/additive/min": -6.730696678161621, "gt_scores/additive/pct5": -5.088986277580261, "gt_scores/additive_pairwise/std": 37.79758836284655, "gt_scores/additive_pairwise/min": -335.5476989746094, "gt_scores/additive_pairwise/pct5": -278.27632904052734, "gt_scores/nonlin_additive/std": 0.12695859792178035, "gt_scores/nonlin_additive/min": -0.8594803927815321, "gt_scores/nonlin_additive/pct5": -0.8373509757801759, "gt_scores/nonlin_additive_pairwise/std": 1.1102230246251565e-16, "gt_scores/nonlin_additive_pairwise/min": -0.8642349522941661, "gt_scores/nonlin_additive_pairwise/pct5": -0.8642349522941661, "rho_curated/additive/additive": 0.9999982133439281, "rho_random/additive/additive": 0.9999940984595793, "rho_curated/pairwise/additive": 0.999976329351047, "rho_random/pairwise/additive": 0.9999429161239815, "rho_curated/additive_GE/additive": 0.9999832975593284, "rho_random/additive_GE/additive": 0.9999560239076626, "rho_curated/pairwise_GE/additive": 0.999700778331945, "rho_random/pairwise_GE/additive": 0.9994559313657841, "rho_curated/additive/additive_pairwise": 0.9297258554222881, "rho_random/additive/additive_pairwise": 0.8849358856687101, "rho_curated/pairwise/additive_pairwise": 0.9999661080626429, "rho_random/pairwise/additive_pairwise": 0.9999306965018674, "rho_curated/additive_GE/additive_pairwise": 0.9292106631713296, "rho_random/additive_GE/additive_pairwise": 0.8685039105189452, "rho_curated/pairwise_GE/additive_pairwise": 0.9995804837751994, "rho_random/pairwise_GE/additive_pairwise": 0.999370305099823, "rho_curated/additive/nonlin_additive": 0.9949148806813001, "rho_random/additive/nonlin_additive": 0.9944523484249949, "rho_curated/pairwise/nonlin_additive": 0.9992197304483397, "rho_random/pairwise/nonlin_additive": 0.9955014102762308, "rho_curated/additive_GE/nonlin_additive": 0.9999888566315479, "rho_random/additive_GE/nonlin_additive": 0.9999865927280449, "rho_curated/pairwise_GE/nonlin_additive": 0.9996152736723986, "rho_random/pairwise_GE/nonlin_additive": 0.9996648170393503, "rho_curated/additive/nonlin_additive_pairwise": NaN, "rho_random/additive/nonlin_additive_pairwise": NaN, "rho_curated/pairwise/nonlin_additive_pairwise": NaN, "rho_random/pairwise/nonlin_additive_pairwise": NaN, "rho_curated/additive_GE/nonlin_additive_pairwise": NaN, "rho_random/additive_GE/nonlin_additive_pairwise": NaN, "rho_curated/pairwise_GE/nonlin_additive_pairwise": NaN, "rho_random/pairwise_GE/nonlin_additive_pairwise": NaN, "rho_curated_mean": 0.9876567058709412, "rho_random_mean": 0.9784745780095813, "_wandb": {"runtime": 534}}