{"potts/n_edges": 132, "potts/edge_density": 0.6947368421052632, "potts/J_mean_abs": 4.110864639282227, "potts/J_std": 3.667865514755249, "_timestamp": 1773537002.4966493, "_runtime": 522.1916992664337, "_step": 21, "gt_scores/additive/std": 1.210202704410808, "gt_scores/additive/min": -8.911455154418945, "gt_scores/additive/pct5": -6.663809275627136, "gt_scores/additive_pairwise/std": 74.21560608347595, "gt_scores/additive_pairwise/min": -530.7182006835938, "gt_scores/additive_pairwise/pct5": -361.9703201293945, "gt_scores/nonlin_additive/std": 0.125785236402486, "gt_scores/nonlin_additive/min": -0.8664681453126024, "gt_scores/nonlin_additive/pct5": -0.8440971430509998, "gt_scores/nonlin_additive_pairwise/std": 1.3550061658264255e-15, "gt_scores/nonlin_additive_pairwise/min": -0.8707194432537088, "gt_scores/nonlin_additive_pairwise/pct5": -0.8707194432537088, "rho_curated/additive/additive": 0.9999980212479207, "rho_random/additive/additive": 0.9999926268574272, "rho_curated/pairwise/additive": 0.9999363131414509, "rho_random/pairwise/additive": 0.9998810213033196, "rho_curated/additive_GE/additive": 0.9999855512554218, "rho_random/additive_GE/additive": 0.9999670380032752, "rho_curated/pairwise_GE/additive": 0.998997605855784, "rho_random/pairwise_GE/additive": 0.9983803197251155, "rho_curated/additive/additive_pairwise": 0.9685120140989693, "rho_random/additive/additive_pairwise": 0.9512003450288332, "rho_curated/pairwise/additive_pairwise": 0.9999427754297069, "rho_random/pairwise/additive_pairwise": 0.9998884229542913, "rho_curated/additive_GE/additive_pairwise": NaN, "rho_random/additive_GE/additive_pairwise": NaN, "rho_curated/pairwise_GE/additive_pairwise": 0.9985272657649493, "rho_random/pairwise_GE/additive_pairwise": 0.9976404385752436, "rho_curated/additive/nonlin_additive": 0.994794169799392, "rho_random/additive/nonlin_additive": 0.9957549089579149, "rho_curated/pairwise/nonlin_additive": 0.9980308589850927, "rho_random/pairwise/nonlin_additive": 0.993525121153281, "rho_curated/additive_GE/nonlin_additive": 0.9999827030073063, "rho_random/additive_GE/nonlin_additive": 0.9999792972917292, "rho_curated/pairwise_GE/nonlin_additive": 0.9985450833177333, "rho_random/pairwise_GE/nonlin_additive": 0.9987257930339194, "rho_curated/additive/nonlin_additive_pairwise": NaN, "rho_random/additive/nonlin_additive_pairwise": NaN, "rho_curated/pairwise/nonlin_additive_pairwise": NaN, "rho_random/pairwise/nonlin_additive_pairwise": NaN, "rho_curated/additive_GE/nonlin_additive_pairwise": NaN, "rho_random/additive_GE/nonlin_additive_pairwise": NaN, "rho_curated/pairwise_GE/nonlin_additive_pairwise": NaN, "rho_random/pairwise_GE/nonlin_additive_pairwise": NaN, "rho_curated_mean": 0.996113851082157, "rho_random_mean": 0.9940850302622137, "_wandb": {"runtime": 521}}