{"potts/n_edges": 411, "potts/edge_density": 0.6907563025210084, "potts/J_mean_abs": 0.7926242351531982, "potts/J_std": 0.6522492170333862, "_timestamp": 1773595017.4661252, "_runtime": 505.8793592453003, "_step": 21, "gt_scores/additive/std": 0.9518833387201442, "gt_scores/additive/min": -5.904265403747559, "gt_scores/additive/pct5": -3.487765085697174, "gt_scores/additive_pairwise/std": 7.209373576259707, "gt_scores/additive_pairwise/min": -60.84104537963867, "gt_scores/additive_pairwise/pct5": -23.15092191696167, "gt_scores/nonlin_additive/std": 0.17597088232818234, "gt_scores/nonlin_additive/min": -0.7101353827933979, "gt_scores/nonlin_additive/pct5": -0.6547276534172101, "gt_scores/nonlin_additive_pairwise/std": 0.1453962015120109, "gt_scores/nonlin_additive_pairwise/min": -0.7151920240789392, "gt_scores/nonlin_additive_pairwise/pct5": -0.715192024010182, "rho_curated/additive/additive": 0.9999969941678575, "rho_random/additive/additive": 0.9999923361750113, "rho_curated/pairwise/additive": 0.9989002599238548, "rho_random/pairwise/additive": 0.998740633561378, "rho_curated/additive_GE/additive": 0.9999859069353316, "rho_random/additive_GE/additive": 0.9999677775140802, "rho_curated/pairwise_GE/additive": 0.9795744312305208, "rho_random/pairwise_GE/additive": 0.9718681900772772, "rho_curated/additive/additive_pairwise": 0.9455672830267722, "rho_random/additive/additive_pairwise": 0.9389014520240611, "rho_curated/pairwise/additive_pairwise": 0.9508922307281534, "rho_random/pairwise/additive_pairwise": 0.9503137971817045, "rho_curated/additive_GE/additive_pairwise": 0.946097348872013, "rho_random/additive_GE/additive_pairwise": 0.9392564882248055, "rho_curated/pairwise_GE/additive_pairwise": 0.9418144174203873, "rho_random/pairwise_GE/additive_pairwise": 0.9403719257754923, "rho_curated/additive/nonlin_additive": 0.998044898698733, "rho_random/additive/nonlin_additive": 0.9973838017365855, "rho_curated/pairwise/nonlin_additive": 0.9940995467019466, "rho_random/pairwise/nonlin_additive": 0.991233173220708, "rho_curated/additive_GE/nonlin_additive": 0.9999858569190935, "rho_random/additive_GE/nonlin_additive": 0.9999755619749757, "rho_curated/pairwise_GE/nonlin_additive": 0.9929720221177037, "rho_random/pairwise_GE/nonlin_additive": 0.9895685678836467, "rho_curated/additive/nonlin_additive_pairwise": 0.6550235243930435, "rho_random/additive/nonlin_additive_pairwise": 0.9148281600010625, "rho_curated/pairwise/nonlin_additive_pairwise": 0.6880707528803222, "rho_random/pairwise/nonlin_additive_pairwise": 0.884245869535738, "rho_curated/additive_GE/nonlin_additive_pairwise": 0.6638738394179096, "rho_random/additive_GE/nonlin_additive_pairwise": 0.929692301859346, "rho_curated/pairwise_GE/nonlin_additive_pairwise": 0.7050571135782964, "rho_random/pairwise_GE/nonlin_additive_pairwise": 0.921415897027934, "rho_curated_mean": 0.9037472766882462, "rho_random_mean": 0.9604847458608629, "_wandb": {"runtime": 505}}