{"potts/n_edges": 149, "potts/edge_density": 0.7842105263157895, "potts/J_mean_abs": 3.300083875656128, "potts/J_std": 3.251330614089966, "_timestamp": 1773622105.67854, "_runtime": 536.5367789268494, "_step": 21, "gt_scores/additive/std": 1.2097035595556864, "gt_scores/additive/min": -8.994394302368164, "gt_scores/additive/pct5": -6.638693571090698, "gt_scores/additive_pairwise/std": 73.13246797044768, "gt_scores/additive_pairwise/min": -501.0316162109375, "gt_scores/additive_pairwise/pct5": -355.2145431518555, "gt_scores/nonlin_additive/std": 0.12780147869164835, "gt_scores/nonlin_additive/min": -0.8633649983358815, "gt_scores/nonlin_additive/pct5": -0.8409005929909275, "gt_scores/nonlin_additive_pairwise/std": 1.585212962171567e-13, "gt_scores/nonlin_additive_pairwise/min": -0.8672038070001775, "gt_scores/nonlin_additive_pairwise/pct5": -0.8672038070001775, "rho_curated/additive/additive": 0.9999973371998935, "rho_random/additive/additive": 0.9999930062049163, "rho_curated/pairwise/additive": 0.9999529271421137, "rho_random/pairwise/additive": 0.9999011654487602, "rho_curated/additive_GE/additive": 0.9999843101673713, "rho_random/additive_GE/additive": 0.9999645610455173, "rho_curated/pairwise_GE/additive": 0.999229285545153, "rho_random/pairwise_GE/additive": 0.9985483007017649, "rho_curated/additive/additive_pairwise": 0.9698477211939087, "rho_random/additive/additive_pairwise": 0.9463097711152495, "rho_curated/pairwise/additive_pairwise": 0.9999312817332463, "rho_random/pairwise/additive_pairwise": 0.9998664863119263, "rho_curated/additive_GE/additive_pairwise": 0.9697268525316208, "rho_random/additive_GE/additive_pairwise": 0.9564675513295993, "rho_curated/pairwise_GE/additive_pairwise": 0.992117138532307, "rho_random/pairwise_GE/additive_pairwise": 0.987426707212607, "rho_curated/additive/nonlin_additive": 0.996291054251464, "rho_random/additive/nonlin_additive": 0.9964620503425996, "rho_curated/pairwise/nonlin_additive": 0.9983754692150186, "rho_random/pairwise/nonlin_additive": 0.9940026333200278, "rho_curated/additive_GE/nonlin_additive": 0.9999895857515831, "rho_random/additive_GE/nonlin_additive": 0.9999887653916589, "rho_curated/pairwise_GE/nonlin_additive": 0.9976951771156412, "rho_random/pairwise_GE/nonlin_additive": 0.9973572594410793, "rho_curated/additive/nonlin_additive_pairwise": NaN, "rho_random/additive/nonlin_additive_pairwise": NaN, "rho_curated/pairwise/nonlin_additive_pairwise": NaN, "rho_random/pairwise/nonlin_additive_pairwise": NaN, "rho_curated/additive_GE/nonlin_additive_pairwise": NaN, "rho_random/additive_GE/nonlin_additive_pairwise": NaN, "rho_curated/pairwise_GE/nonlin_additive_pairwise": NaN, "rho_random/pairwise_GE/nonlin_additive_pairwise": NaN, "rho_curated_mean": 0.9935948450316102, "rho_random_mean": 0.9896906881554756, "_wandb": {"runtime": 536}}