{"potts/n_edges": 228, "potts/edge_density": 0.76, "potts/J_mean_abs": 3.9088289737701416, "potts/J_std": 3.2965281009674072, "_timestamp": 1773505845.9046803, "_runtime": 571.0830192565918, "_step": 21, "gt_scores/additive/std": 1.4607008917297066, "gt_scores/additive/min": -10.880603790283203, "gt_scores/additive/pct5": -7.648485493659973, "gt_scores/additive_pairwise/std": 93.36235517425483, "gt_scores/additive_pairwise/min": -656.1324462890625, "gt_scores/additive_pairwise/pct5": -415.67649841308594, "gt_scores/nonlin_additive/std": 0.1329364744996366, "gt_scores/nonlin_additive/min": -0.8491222741790089, "gt_scores/nonlin_additive/pct5": -0.8226467537292117, "gt_scores/nonlin_additive_pairwise/std": 9.619447237134718e-08, "gt_scores/nonlin_additive_pairwise/min": -0.8524745773399738, "gt_scores/nonlin_additive_pairwise/pct5": -0.8524745773399738, "rho_curated/additive/additive": 0.9999977173359086, "rho_random/additive/additive": 0.9999929558002576, "rho_curated/pairwise/additive": 0.9997887794235361, "rho_random/pairwise/additive": 0.999619096951624, "rho_curated/additive_GE/additive": NaN, "rho_random/additive_GE/additive": NaN, "rho_curated/pairwise_GE/additive": 0.9892894167065485, "rho_random/pairwise_GE/additive": 0.9799457115941834, "rho_curated/additive/additive_pairwise": 0.9766027702715493, "rho_random/additive/additive_pairwise": 0.9607752599923564, "rho_curated/pairwise/additive_pairwise": 0.9992824626352469, "rho_random/pairwise/additive_pairwise": 0.9988526008375858, "rho_curated/additive_GE/additive_pairwise": 0.9767487623477183, "rho_random/additive_GE/additive_pairwise": 0.9632015937833782, "rho_curated/pairwise_GE/additive_pairwise": 0.9789291503646603, "rho_random/pairwise_GE/additive_pairwise": 0.9705605952102648, "rho_curated/additive/nonlin_additive": 0.9971667257263972, "rho_random/additive/nonlin_additive": 0.9976803145813511, "rho_curated/pairwise/nonlin_additive": 0.9942467872814573, "rho_random/pairwise/nonlin_additive": 0.98805451497348, "rho_curated/additive_GE/nonlin_additive": 0.9999871652794861, "rho_random/additive_GE/nonlin_additive": 0.9999860152621242, "rho_curated/pairwise_GE/nonlin_additive": 0.9903639908538658, "rho_random/pairwise_GE/nonlin_additive": 0.9897519400465057, "rho_curated/additive/nonlin_additive_pairwise": NaN, "rho_random/additive/nonlin_additive_pairwise": NaN, "rho_curated/pairwise/nonlin_additive_pairwise": NaN, "rho_random/pairwise/nonlin_additive_pairwise": NaN, "rho_curated/additive_GE/nonlin_additive_pairwise": NaN, "rho_random/additive_GE/nonlin_additive_pairwise": NaN, "rho_curated/pairwise_GE/nonlin_additive_pairwise": NaN, "rho_random/pairwise_GE/nonlin_additive_pairwise": NaN, "rho_curated_mean": 0.9911276116569429, "rho_random_mean": 0.9862200544575557, "_wandb": {"runtime": 570}}