{"potts/n_edges": 238, "potts/edge_density": 0.7933333333333333, "potts/J_mean_abs": 3.647874355316162, "potts/J_std": 2.85870361328125, "_timestamp": 1773494528.8773646, "_runtime": 403.98256754875183, "_step": 21, "gt_scores/additive/std": 1.1398200883094438, "gt_scores/additive/min": -9.020009994506836, "gt_scores/additive/pct5": -6.03385751247406, "gt_scores/additive_pairwise/std": 84.60559655972779, "gt_scores/additive_pairwise/min": -558.8418579101562, "gt_scores/additive_pairwise/pct5": -374.87371826171875, "gt_scores/nonlin_additive/std": 0.13291535666614748, "gt_scores/nonlin_additive/min": -0.8512857583768847, "gt_scores/nonlin_additive/pct5": -0.8249976913530378, "gt_scores/nonlin_additive_pairwise/std": 3.1246588078988804e-12, "gt_scores/nonlin_additive_pairwise/min": -0.853410595172368, "gt_scores/nonlin_additive_pairwise/pct5": -0.853410595172368, "rho_curated/additive/additive": 0.9999974815598992, "rho_random/additive/additive": 0.9999912148046545, "rho_curated/pairwise/additive": 0.9997523890380777, "rho_random/pairwise/additive": 0.9995070794070314, "rho_curated/additive_GE/additive": 0.9999788680471527, "rho_random/additive_GE/additive": 0.999952155952156, "rho_curated/pairwise_GE/additive": 0.9801224713545137, "rho_random/pairwise_GE/additive": 0.9669562632618407, "rho_curated/additive/additive_pairwise": 0.9787309871311979, "rho_random/additive/additive_pairwise": 0.9626301490738213, "rho_curated/pairwise/additive_pairwise": 0.999470189082757, "rho_random/pairwise/additive_pairwise": 0.9989252482044381, "rho_curated/additive_GE/additive_pairwise": 0.978672956808871, "rho_random/additive_GE/additive_pairwise": 0.9676988739064973, "rho_curated/pairwise_GE/additive_pairwise": 0.9774417091435029, "rho_random/pairwise_GE/additive_pairwise": 0.9661630543478535, "rho_curated/additive/nonlin_additive": 0.996927433932876, "rho_random/additive/nonlin_additive": 0.997258323707795, "rho_curated/pairwise/nonlin_additive": 0.9936389392570995, "rho_random/pairwise/nonlin_additive": 0.9857373977982146, "rho_curated/additive_GE/nonlin_additive": 0.9999787671031499, "rho_random/additive_GE/nonlin_additive": 0.9999766916345858, "rho_curated/pairwise_GE/nonlin_additive": 0.9891660318138612, "rho_random/pairwise_GE/nonlin_additive": 0.9878920079869794, "rho_curated/additive/nonlin_additive_pairwise": NaN, "rho_random/additive/nonlin_additive_pairwise": NaN, "rho_curated/pairwise/nonlin_additive_pairwise": NaN, "rho_random/pairwise/nonlin_additive_pairwise": NaN, "rho_curated/additive_GE/nonlin_additive_pairwise": NaN, "rho_random/additive_GE/nonlin_additive_pairwise": NaN, "rho_curated/pairwise_GE/nonlin_additive_pairwise": NaN, "rho_random/pairwise_GE/nonlin_additive_pairwise": NaN, "rho_curated_mean": 0.9911565186894132, "rho_random_mean": 0.9860573716738222, "_wandb": {"runtime": 403}}