{"potts/n_edges": 539, "potts/edge_density": 0.9058823529411765, "potts/J_mean_abs": 4.186639308929443, "potts/J_std": 3.8089609146118164, "_timestamp": 1773648796.7237144, "_runtime": 386.888551235199, "_step": 21, "gt_scores/additive/std": 1.3842610764793362, "gt_scores/additive/min": -11.451440811157227, "gt_scores/additive/pct5": -7.0325216293334964, "gt_scores/additive_pairwise/std": 157.01831634953922, "gt_scores/additive_pairwise/min": -1118.7652587890625, "gt_scores/additive_pairwise/pct5": -659.7691467285156, "gt_scores/nonlin_additive/std": 0.13690464032538527, "gt_scores/nonlin_additive/min": -0.8426039102770062, "gt_scores/nonlin_additive/pct5": -0.8114426650877217, "gt_scores/nonlin_additive_pairwise/std": 1.5935473526578282e-10, "gt_scores/nonlin_additive_pairwise/min": -0.8439837195431337, "gt_scores/nonlin_additive_pairwise/pct5": -0.8439837195431337, "rho_curated/additive/additive": 0.9999970696238826, "rho_random/additive/additive": 0.9999897161094575, "rho_curated/pairwise/additive": 0.9989225495007726, "rho_random/pairwise/additive": 0.9983931329499326, "rho_curated/additive_GE/additive": 0.9999363501974493, "rho_random/additive_GE/additive": 0.9998729874134926, "rho_curated/pairwise_GE/additive": 0.9617484221213467, "rho_random/pairwise_GE/additive": 0.9469995393045781, "rho_curated/additive/additive_pairwise": 0.9849030243241208, "rho_random/additive/additive_pairwise": 0.9758337536482989, "rho_curated/pairwise/additive_pairwise": 0.9861548834781951, "rho_random/pairwise/additive_pairwise": 0.9799131649474726, "rho_curated/additive_GE/additive_pairwise": 0.9851094886523795, "rho_random/additive_GE/additive_pairwise": 0.9782066286014449, "rho_curated/pairwise_GE/additive_pairwise": 0.9493944202361332, "rho_random/pairwise_GE/additive_pairwise": 0.9286453925052325, "rho_curated/additive/nonlin_additive": 0.9961108961561558, "rho_random/additive/nonlin_additive": 0.9963350459650883, "rho_curated/pairwise/nonlin_additive": 0.9867368183168359, "rho_random/pairwise/nonlin_additive": 0.9817429057429058, "rho_curated/additive_GE/nonlin_additive": 0.999977617431102, "rho_random/additive_GE/nonlin_additive": 0.9999702459598716, "rho_curated/pairwise_GE/nonlin_additive": 0.9777595197727795, "rho_random/pairwise_GE/nonlin_additive": 0.9724572547934137, "rho_curated/additive/nonlin_additive_pairwise": NaN, "rho_random/additive/nonlin_additive_pairwise": NaN, "rho_curated/pairwise/nonlin_additive_pairwise": NaN, "rho_random/pairwise/nonlin_additive_pairwise": NaN, "rho_curated/additive_GE/nonlin_additive_pairwise": NaN, "rho_random/additive_GE/nonlin_additive_pairwise": NaN, "rho_curated/pairwise_GE/nonlin_additive_pairwise": NaN, "rho_random/pairwise_GE/nonlin_additive_pairwise": NaN, "rho_curated_mean": 0.9855625883175959, "rho_random_mean": 0.9798633139950991, "_wandb": {"runtime": 386}}