{"potts/n_edges": 146, "potts/edge_density": 0.7684210526315789, "potts/J_mean_abs": 2.145115852355957, "potts/J_std": 1.7942426204681396, "_timestamp": 1773593245.4197407, "_runtime": 628.7170777320862, "_step": 21, "gt_scores/additive/std": 1.210202704410808, "gt_scores/additive/min": -8.911455154418945, "gt_scores/additive/pct5": -6.663809275627136, "gt_scores/additive_pairwise/std": 37.26633445039484, "gt_scores/additive_pairwise/min": -279.45025634765625, "gt_scores/additive_pairwise/pct5": -181.2497573852539, "gt_scores/nonlin_additive/std": 0.125785236402486, "gt_scores/nonlin_additive/min": -0.8664681453126024, "gt_scores/nonlin_additive/pct5": -0.8440971430509998, "gt_scores/nonlin_additive_pairwise/std": 6.349791496007791e-08, "gt_scores/nonlin_additive_pairwise/min": -0.8707194432537088, "gt_scores/nonlin_additive_pairwise/pct5": -0.8707194432537088, "rho_curated/additive/additive": 0.9999981135999244, "rho_random/additive/additive": 0.9999929726036838, "rho_curated/pairwise/additive": 0.9999420397816802, "rho_random/pairwise/additive": 0.9998644703547572, "rho_curated/additive_GE/additive": 0.9999827935353115, "rho_random/additive_GE/additive": 0.9999611674154224, "rho_curated/pairwise_GE/additive": 0.999144489509718, "rho_random/pairwise_GE/additive": 0.9984411034462684, "rho_curated/additive/additive_pairwise": 0.966440783656826, "rho_random/additive/additive_pairwise": 0.9425103526572287, "rho_curated/pairwise/additive_pairwise": 0.9999323280612928, "rho_random/pairwise/additive_pairwise": 0.9998641287650262, "rho_curated/additive_GE/additive_pairwise": 0.965912934834063, "rho_random/additive_GE/additive_pairwise": 0.9412987704909457, "rho_curated/pairwise_GE/additive_pairwise": 0.9987895067675221, "rho_random/pairwise_GE/additive_pairwise": 0.997947135876888, "rho_curated/additive/nonlin_additive": 0.9946676913541957, "rho_random/additive/nonlin_additive": 0.9954583792998967, "rho_curated/pairwise/nonlin_additive": 0.9978510237859377, "rho_random/pairwise/nonlin_additive": 0.9941956559262481, "rho_curated/additive_GE/nonlin_additive": 0.9999887317115491, "rho_random/additive_GE/nonlin_additive": 0.9999857689348847, "rho_curated/pairwise_GE/nonlin_additive": 0.9980196409767855, "rho_random/pairwise_GE/nonlin_additive": 0.9980918485132247, "rho_curated/additive/nonlin_additive_pairwise": NaN, "rho_random/additive/nonlin_additive_pairwise": NaN, "rho_curated/pairwise/nonlin_additive_pairwise": NaN, "rho_random/pairwise/nonlin_additive_pairwise": 0.17888122228108622, "rho_curated/additive_GE/nonlin_additive_pairwise": NaN, "rho_random/additive_GE/nonlin_additive_pairwise": NaN, "rho_curated/pairwise_GE/nonlin_additive_pairwise": NaN, "rho_random/pairwise_GE/nonlin_additive_pairwise": NaN, "rho_curated_mean": 0.9933891731312338, "rho_random_mean": 0.9266533058896586, "_wandb": {"runtime": 628}}