{"potts/n_edges": 170, "potts/edge_density": 0.8947368421052632, "potts/J_mean_abs": 2.4965693950653076, "potts/J_std": 2.0082616806030273, "_timestamp": 1773606843.2260647, "_runtime": 568.4287946224213, "_step": 21, "gt_scores/additive/std": 1.3328169946638528, "gt_scores/additive/min": -8.54687213897705, "gt_scores/additive/pct5": -5.66396427154541, "gt_scores/additive_pairwise/std": 45.99831719293452, "gt_scores/additive_pairwise/min": -316.8655700683594, "gt_scores/additive_pairwise/pct5": -182.0686134338379, "gt_scores/nonlin_additive/std": 0.16085671890946024, "gt_scores/nonlin_additive/min": -0.7713287382205405, "gt_scores/nonlin_additive/pct5": -0.7296449659409056, "gt_scores/nonlin_additive_pairwise/std": 0.009858556835480283, "gt_scores/nonlin_additive_pairwise/min": -0.7770133472475471, "gt_scores/nonlin_additive_pairwise/pct5": -0.7770133472475471, "rho_curated/additive/additive": 0.9999974248238968, "rho_random/additive/additive": 0.9999916640372996, "rho_curated/pairwise/additive": 0.9999365848694559, "rho_random/pairwise/additive": 0.9998818736106309, "rho_curated/additive_GE/additive": NaN, "rho_random/additive_GE/additive": NaN, "rho_curated/pairwise_GE/additive": 0.9906665732655431, "rho_random/pairwise_GE/additive": 0.985874070193508, "rho_curated/additive/additive_pairwise": 0.9785315975007487, "rho_random/additive/additive_pairwise": 0.9628336370596081, "rho_curated/pairwise/additive_pairwise": 0.9999251417410019, "rho_random/pairwise/additive_pairwise": 0.9998450177757797, "rho_curated/additive_GE/additive_pairwise": 0.9789507370460293, "rho_random/additive_GE/additive_pairwise": 0.9635790643633243, "rho_curated/pairwise_GE/additive_pairwise": 0.9934571311619709, "rho_random/pairwise_GE/additive_pairwise": 0.9917797963744316, "rho_curated/additive/nonlin_additive": 0.9972977936676526, "rho_random/additive/nonlin_additive": 0.9957745235887289, "rho_curated/pairwise/nonlin_additive": 0.9988444831376686, "rho_random/pairwise/nonlin_additive": 0.9983381553329332, "rho_curated/additive_GE/nonlin_additive": 0.9999841894233655, "rho_random/additive_GE/nonlin_additive": 0.999977747022536, "rho_curated/pairwise_GE/nonlin_additive": 0.9972175300323006, "rho_random/pairwise_GE/nonlin_additive": 0.9964965196620366, "rho_curated/additive/nonlin_additive_pairwise": 0.5887171085932765, "rho_random/additive/nonlin_additive_pairwise": 0.25650411553441793, "rho_curated/pairwise/nonlin_additive_pairwise": 0.5349813644746236, "rho_random/pairwise/nonlin_additive_pairwise": 0.22303436117362413, "rho_curated/additive_GE/nonlin_additive_pairwise": NaN, "rho_random/additive_GE/nonlin_additive_pairwise": NaN, "rho_curated/pairwise_GE/nonlin_additive_pairwise": 0.6542065801855028, "rho_random/pairwise_GE/nonlin_additive_pairwise": 0.29060040043064694, "rho_curated_mean": 0.9080510171373598, "rho_random_mean": 0.8331793532971075, "_wandb": {"runtime": 568}}