{"potts/n_edges": 85, "potts/edge_density": 0.8095238095238095, "potts/J_mean_abs": 3.4769394397735596, "potts/J_std": 2.742264747619629, "_timestamp": 1773366996.765597, "_runtime": 674.4958469867706, "_step": 21, "gt_scores/additive/std": 0.9153219739721773, "gt_scores/additive/min": -6.102260112762451, "gt_scores/additive/pct5": -4.102987623214721, "gt_scores/additive_pairwise/std": 48.407026443725954, "gt_scores/additive_pairwise/min": -327.7040710449219, "gt_scores/additive_pairwise/pct5": -209.495442199707, "gt_scores/nonlin_additive/std": 0.15664702317102136, "gt_scores/nonlin_additive/min": -0.7942014928090024, "gt_scores/nonlin_additive/pct5": -0.7561757150458371, "gt_scores/nonlin_additive_pairwise/std": 3.66499675460194e-05, "gt_scores/nonlin_additive_pairwise/min": -0.7992418339748336, "gt_scores/nonlin_additive_pairwise/pct5": -0.7992418339748336, "rho_curated/additive/additive": 0.9999980880399235, "rho_random/additive/additive": 0.9999936663113239, "rho_curated/pairwise/additive": 0.9999766714470664, "rho_random/pairwise/additive": 0.9999525792177718, "rho_curated/additive_GE/additive": 0.9999798030151917, "rho_random/additive_GE/additive": 0.999943221555956, "rho_curated/pairwise_GE/additive": 0.9997841931433572, "rho_random/pairwise_GE/additive": 0.9996220918936307, "rho_curated/additive/additive_pairwise": 0.9741226626362854, "rho_random/additive/additive_pairwise": 0.9541040613139027, "rho_curated/pairwise/additive_pairwise": 0.9999771797670866, "rho_random/pairwise/additive_pairwise": 0.9999444036123097, "rho_curated/additive_GE/additive_pairwise": 0.9742738738743375, "rho_random/additive_GE/additive_pairwise": 0.9611312243349015, "rho_curated/pairwise_GE/additive_pairwise": 0.9979926449836577, "rho_random/pairwise_GE/additive_pairwise": 0.9977391331479104, "rho_curated/additive/nonlin_additive": 0.998686767347313, "rho_random/additive/nonlin_additive": 0.9982705763454797, "rho_curated/pairwise/nonlin_additive": 0.9995830540552721, "rho_random/pairwise/nonlin_additive": 0.9990192169569296, "rho_curated/additive_GE/nonlin_additive": 0.9999946637677858, "rho_random/additive_GE/nonlin_additive": 0.9999893180609949, "rho_curated/pairwise_GE/nonlin_additive": 0.9998283334171087, "rho_random/pairwise_GE/nonlin_additive": 0.9997675094045371, "rho_curated/additive/nonlin_additive_pairwise": NaN, "rho_random/additive/nonlin_additive_pairwise": NaN, "rho_curated/pairwise/nonlin_additive_pairwise": NaN, "rho_random/pairwise/nonlin_additive_pairwise": NaN, "rho_curated/additive_GE/nonlin_additive_pairwise": NaN, "rho_random/additive_GE/nonlin_additive_pairwise": NaN, "rho_curated/pairwise_GE/nonlin_additive_pairwise": NaN, "rho_random/pairwise_GE/nonlin_additive_pairwise": NaN, "rho_curated_mean": 0.9953498279578654, "rho_random_mean": 0.992456416846304, "_wandb": {"runtime": 674}}