{"potts/n_edges": 157, "potts/edge_density": 0.36091954022988504, "potts/J_mean_abs": 1.391485571861267, "potts/J_std": 1.129189133644104, "_timestamp": 1773392004.7442157, "_runtime": 503.9115397930145, "_step": 21, "gt_scores/additive/std": 0.9840544994781497, "gt_scores/additive/min": -6.60841178894043, "gt_scores/additive/pct5": -4.015690493583679, "gt_scores/additive_pairwise/std": 9.894647529356215, "gt_scores/additive_pairwise/min": -67.62421417236328, "gt_scores/additive_pairwise/pct5": -33.41432132720947, "gt_scores/nonlin_additive/std": 0.16708482524378082, "gt_scores/nonlin_additive/min": -0.7547590419002032, "gt_scores/nonlin_additive/pct5": -0.7081499601109438, "gt_scores/nonlin_additive_pairwise/std": 0.09995956958272749, "gt_scores/nonlin_additive_pairwise/min": -0.7585522794893246, "gt_scores/nonlin_additive_pairwise/pct5": -0.7585522794893189, "rho_curated/additive/additive": 0.999996984687879, "rho_random/additive/additive": 0.9999916033154698, "rho_curated/pairwise/additive": 0.9991669154464966, "rho_random/pairwise/additive": 0.9987252717902444, "rho_curated/additive_GE/additive": 0.9999799382551938, "rho_random/additive_GE/additive": 0.9999509343556149, "rho_curated/pairwise_GE/additive": 0.972694447363914, "rho_random/pairwise_GE/additive": 0.9607609120402905, "rho_curated/additive/additive_pairwise": 0.9256222920835364, "rho_random/additive/additive_pairwise": 0.902267730656508, "rho_curated/pairwise/additive_pairwise": 0.9724993850819954, "rho_random/pairwise/additive_pairwise": 0.9637195689815606, "rho_curated/additive_GE/additive_pairwise": NaN, "rho_random/additive_GE/additive_pairwise": NaN, "rho_curated/pairwise_GE/additive_pairwise": 0.9534622101111376, "rho_random/pairwise_GE/additive_pairwise": 0.9302132681751998, "rho_curated/additive/nonlin_additive": 0.9977866421509344, "rho_random/additive/nonlin_additive": 0.9976320861004337, "rho_curated/pairwise/nonlin_additive": 0.9930885825375527, "rho_random/pairwise/nonlin_additive": 0.9894955802669501, "rho_curated/additive_GE/nonlin_additive": 0.9999899845355968, "rho_random/additive_GE/nonlin_additive": 0.9999827428872002, "rho_curated/pairwise_GE/nonlin_additive": 0.988890968904706, "rho_random/pairwise_GE/nonlin_additive": 0.9855504458396894, "rho_curated/additive/nonlin_additive_pairwise": 0.41598444329255346, "rho_random/additive/nonlin_additive_pairwise": 0.8425517605488742, "rho_curated/pairwise/nonlin_additive_pairwise": 0.4331646402857906, "rho_random/pairwise/nonlin_additive_pairwise": 0.715778259039129, "rho_curated/additive_GE/nonlin_additive_pairwise": 0.40810288961057845, "rho_random/additive_GE/nonlin_additive_pairwise": 0.83035069886634, "rho_curated/pairwise_GE/nonlin_additive_pairwise": 0.46499598920514656, "rho_random/pairwise_GE/nonlin_additive_pairwise": 0.8634020371504748, "rho_curated_mean": 0.835028420903534, "rho_random_mean": 0.9320248600009318, "_wandb": {"runtime": 503}}