{"potts/n_edges": 136, "potts/edge_density": 0.7157894736842105, "potts/J_mean_abs": 3.4135379791259766, "potts/J_std": 2.849578380584717, "_timestamp": 1773595556.8664308, "_runtime": 520.7263748645782, "_step": 21, "gt_scores/additive/std": 1.426379881017352, "gt_scores/additive/min": -10.008467674255371, "gt_scores/additive/pct5": -7.166622185707093, "gt_scores/additive_pairwise/std": 59.7361869386908, "gt_scores/additive_pairwise/min": -402.28900146484375, "gt_scores/additive_pairwise/pct5": -292.67443695068357, "gt_scores/nonlin_additive/std": 0.13946177757028871, "gt_scores/nonlin_additive/min": -0.8313426784103302, "gt_scores/nonlin_additive/pct5": -0.8034810610065, "gt_scores/nonlin_additive_pairwise/std": 2.1226906752250238e-10, "gt_scores/nonlin_additive_pairwise/min": -0.8358896588447285, "gt_scores/nonlin_additive_pairwise/pct5": -0.8358896588447285, "rho_curated/additive/additive": 0.9999980488479219, "rho_random/additive/additive": 0.9999935317726552, "rho_curated/pairwise/additive": 0.9999401352856011, "rho_random/pairwise/additive": 0.9998836613804379, "rho_curated/additive_GE/additive": 0.9999840569673604, "rho_random/additive_GE/additive": 0.9999665738446288, "rho_curated/pairwise_GE/additive": 0.9991333308532708, "rho_random/pairwise_GE/additive": 0.9984408336191901, "rho_curated/additive/additive_pairwise": 0.9692700700668027, "rho_random/additive/additive_pairwise": 0.9501584997596744, "rho_curated/pairwise/additive_pairwise": 0.9999425631016997, "rho_random/pairwise/additive_pairwise": 0.9998897910113994, "rho_curated/additive_GE/additive_pairwise": 0.9693440895257636, "rho_random/additive_GE/additive_pairwise": 0.9474407207905855, "rho_curated/pairwise_GE/additive_pairwise": 0.9989658509986338, "rho_random/pairwise_GE/additive_pairwise": 0.9983629511886407, "rho_curated/additive/nonlin_additive": 0.995985774311142, "rho_random/additive/nonlin_additive": 0.9951623346713167, "rho_curated/pairwise/nonlin_additive": 0.9985099911162924, "rho_random/pairwise/nonlin_additive": 0.9966541294670229, "rho_curated/additive_GE/nonlin_additive": 0.9999897028235879, "rho_random/additive_GE/nonlin_additive": 0.9999874666261558, "rho_curated/pairwise_GE/nonlin_additive": 0.9990895949074966, "rho_random/pairwise_GE/nonlin_additive": 0.9990333378787455, "rho_curated/additive/nonlin_additive_pairwise": NaN, "rho_random/additive/nonlin_additive_pairwise": NaN, "rho_curated/pairwise/nonlin_additive_pairwise": NaN, "rho_random/pairwise/nonlin_additive_pairwise": NaN, "rho_curated/additive_GE/nonlin_additive_pairwise": NaN, "rho_random/additive_GE/nonlin_additive_pairwise": NaN, "rho_curated/pairwise_GE/nonlin_additive_pairwise": NaN, "rho_random/pairwise_GE/nonlin_additive_pairwise": NaN, "rho_curated_mean": 0.994179434067131, "rho_random_mean": 0.9904144860008711, "_wandb": {"runtime": 520}}