{"potts/n_edges": 96, "potts/edge_density": 0.9142857142857143, "potts/J_mean_abs": 2.270857572555542, "potts/J_std": 1.7711166143417358, "_timestamp": 1773359822.6417568, "_runtime": 518.8400027751923, "_step": 21, "gt_scores/additive/std": 0.9557475539592777, "gt_scores/additive/min": -7.033940315246582, "gt_scores/additive/pct5": -5.159853672981262, "gt_scores/additive_pairwise/std": 27.652006136072544, "gt_scores/additive_pairwise/min": -239.35972595214844, "gt_scores/additive_pairwise/pct5": -194.59704055786133, "gt_scores/nonlin_additive/std": 0.1307311439252841, "gt_scores/nonlin_additive/min": -0.8613129322410867, "gt_scores/nonlin_additive/pct5": -0.8371371284084792, "gt_scores/nonlin_additive_pairwise/std": 1.1102230246251565e-16, "gt_scores/nonlin_additive_pairwise/min": -0.8653877661321029, "gt_scores/nonlin_additive_pairwise/pct5": -0.8653877661321029, "rho_curated/additive/additive": 0.9999985624719425, "rho_random/additive/additive": 0.9999947238667838, "rho_curated/pairwise/additive": 0.999976865559074, "rho_random/pairwise/additive": 0.9999552035132876, "rho_curated/additive_GE/additive": 0.9999850187913998, "rho_random/additive_GE/additive": 0.999965368095233, "rho_curated/pairwise_GE/additive": 0.9997233001969189, "rho_random/pairwise_GE/additive": 0.999511079866376, "rho_curated/additive/additive_pairwise": 0.945098840756048, "rho_random/additive/additive_pairwise": 0.9018600915705872, "rho_curated/pairwise/additive_pairwise": 0.9999645961825796, "rho_random/pairwise/additive_pairwise": 0.999931114879235, "rho_curated/additive_GE/additive_pairwise": 0.9449947340065485, "rho_random/additive_GE/additive_pairwise": 0.9082318746391851, "rho_curated/pairwise_GE/additive_pairwise": 0.9995786730950964, "rho_random/pairwise_GE/additive_pairwise": 0.9993301118630195, "rho_curated/additive/nonlin_additive": 0.9958236506805449, "rho_random/additive/nonlin_additive": 0.99666458119535, "rho_curated/pairwise/nonlin_additive": 0.9991239954528756, "rho_random/pairwise/nonlin_additive": 0.9968120412426258, "rho_curated/additive_GE/nonlin_additive": 0.9999854733514177, "rho_random/additive_GE/nonlin_additive": 0.999983377595046, "rho_curated/pairwise_GE/nonlin_additive": 0.9993636015024983, "rho_random/pairwise_GE/nonlin_additive": 0.9993825153393372, "rho_curated/additive/nonlin_additive_pairwise": NaN, "rho_random/additive/nonlin_additive_pairwise": NaN, "rho_curated/pairwise/nonlin_additive_pairwise": NaN, "rho_random/pairwise/nonlin_additive_pairwise": NaN, "rho_curated/additive_GE/nonlin_additive_pairwise": NaN, "rho_random/additive_GE/nonlin_additive_pairwise": NaN, "rho_curated/pairwise_GE/nonlin_additive_pairwise": NaN, "rho_random/pairwise_GE/nonlin_additive_pairwise": NaN, "rho_curated_mean": 0.9903014426705786, "rho_random_mean": 0.983468506972172, "_wandb": {"runtime": 518}}