{"potts/n_edges": 2181, "potts/edge_density": 0.6901898734177215, "potts/J_mean_abs": 3.967832088470459, "potts/J_std": 3.2339413166046143, "_timestamp": 1773529267.1376386, "_runtime": 568.6257095336914, "_step": 21, "gt_scores/additive/std": 1.7425627716340433, "gt_scores/additive/min": -13.187027931213379, "gt_scores/additive/pct5": -8.117160367965699, "gt_scores/additive_pairwise/std": 121.29223182812764, "gt_scores/additive_pairwise/min": -901.9172973632812, "gt_scores/additive_pairwise/pct5": -469.7355926513672, "gt_scores/nonlin_additive/std": 0.14955072976137943, "gt_scores/nonlin_additive/min": -0.8083376938669797, "gt_scores/nonlin_additive/pct5": -0.7715522343925328, "gt_scores/nonlin_additive_pairwise/std": 3.505520863897858e-05, "gt_scores/nonlin_additive_pairwise/min": -0.8105443801125422, "gt_scores/nonlin_additive_pairwise/pct5": -0.8105443801125422, "rho_curated/additive/additive": 0.9999951147758042, "rho_random/additive/additive": 0.999988167481325, "rho_curated/pairwise/additive": 0.9992429905057015, "rho_random/pairwise/additive": 0.9992558659075255, "rho_curated/additive_GE/additive": 0.999958448654334, "rho_random/additive_GE/additive": 0.9998986337876377, "rho_curated/pairwise_GE/additive": 0.9974881146835245, "rho_random/pairwise_GE/additive": 0.996283581732631, "rho_curated/additive/additive_pairwise": 0.97624325440973, "rho_random/additive/additive_pairwise": 0.96539781595625, "rho_curated/pairwise/additive_pairwise": 0.9717008048520321, "rho_random/pairwise/additive_pairwise": 0.9594655111993414, "rho_curated/additive_GE/additive_pairwise": 0.9768547322656338, "rho_random/additive_GE/additive_pairwise": 0.964011622114765, "rho_curated/pairwise_GE/additive_pairwise": 0.9695289672931585, "rho_random/pairwise_GE/additive_pairwise": 0.9605225999602167, "rho_curated/additive/nonlin_additive": 0.9942675232345634, "rho_random/additive/nonlin_additive": 0.9937790422984348, "rho_curated/pairwise/nonlin_additive": 0.9922441315852067, "rho_random/pairwise/nonlin_additive": 0.9931371901523631, "rho_curated/additive_GE/nonlin_additive": 0.9999615333504605, "rho_random/additive_GE/nonlin_additive": 0.9999541624704659, "rho_curated/pairwise_GE/nonlin_additive": 0.9945997866870843, "rho_random/pairwise_GE/nonlin_additive": 0.9945582997894163, "rho_curated/additive/nonlin_additive_pairwise": NaN, "rho_random/additive/nonlin_additive_pairwise": 0.08869753760146927, "rho_curated/pairwise/nonlin_additive_pairwise": NaN, "rho_random/pairwise/nonlin_additive_pairwise": 0.0611698255026896, "rho_curated/additive_GE/nonlin_additive_pairwise": NaN, "rho_random/additive_GE/nonlin_additive_pairwise": -0.027359888278974058, "rho_curated/pairwise_GE/nonlin_additive_pairwise": NaN, "rho_random/pairwise_GE/nonlin_additive_pairwise": -0.01740657851657519, "rho_curated_mean": 0.989340450191436, "rho_random_mean": 0.7457095868224364, "_wandb": {"runtime": 568}}