{"potts/n_edges": 131, "potts/edge_density": 0.6894736842105263, "potts/J_mean_abs": 4.1043596267700195, "potts/J_std": 3.167175054550171, "_timestamp": 1773554073.5296342, "_runtime": 633.6512303352356, "_step": 21, "gt_scores/additive/std": 1.1523767070841298, "gt_scores/additive/min": -7.738286018371582, "gt_scores/additive/pct5": -5.224474596977234, "gt_scores/additive_pairwise/std": 64.2188556983668, "gt_scores/additive_pairwise/min": -427.439697265625, "gt_scores/additive_pairwise/pct5": -251.8198287963867, "gt_scores/nonlin_additive/std": 0.15566557923492758, "gt_scores/nonlin_additive/min": -0.7982763601893211, "gt_scores/nonlin_additive/pct5": -0.7612027655341534, "gt_scores/nonlin_additive_pairwise/std": 0.0023289691696864404, "gt_scores/nonlin_additive_pairwise/min": -0.8032006105826088, "gt_scores/nonlin_additive_pairwise/pct5": -0.8032006105826088, "rho_curated/additive/additive": 0.9999980383119215, "rho_random/additive/additive": 0.9999931048518947, "rho_curated/pairwise/additive": 0.9999465315018534, "rho_random/pairwise/additive": 0.9999019944559542, "rho_curated/additive_GE/additive": 0.9999848491113923, "rho_random/additive_GE/additive": 0.9999623799623799, "rho_curated/pairwise_GE/additive": 0.9920542406012163, "rho_random/pairwise_GE/additive": 0.9873374572828404, "rho_curated/additive/additive_pairwise": 0.976033904080206, "rho_random/additive/additive_pairwise": 0.962205764944247, "rho_curated/pairwise/additive_pairwise": 0.9999284755091373, "rho_random/pairwise/additive_pairwise": 0.999871181561045, "rho_curated/additive_GE/additive_pairwise": 0.9759767611584939, "rho_random/additive_GE/additive_pairwise": 0.961969571942915, "rho_curated/pairwise_GE/additive_pairwise": 0.9936200856246503, "rho_random/pairwise_GE/additive_pairwise": 0.9902947637015772, "rho_curated/additive/nonlin_additive": 0.997859764274031, "rho_random/additive/nonlin_additive": 0.997265758187862, "rho_curated/pairwise/nonlin_additive": 0.9987793455989982, "rho_random/pairwise/nonlin_additive": 0.9973367666199123, "rho_curated/additive_GE/nonlin_additive": 0.9999926163277038, "rho_random/additive_GE/nonlin_additive": 0.9999903008462866, "rho_curated/pairwise_GE/nonlin_additive": 0.9991190999326371, "rho_random/pairwise_GE/nonlin_additive": 0.9986872984734207, "rho_curated/additive/nonlin_additive_pairwise": NaN, "rho_random/additive/nonlin_additive_pairwise": 0.07870139286314776, "rho_curated/pairwise/nonlin_additive_pairwise": NaN, "rho_random/pairwise/nonlin_additive_pairwise": 0.17810836145739506, "rho_curated/additive_GE/nonlin_additive_pairwise": NaN, "rho_random/additive_GE/nonlin_additive_pairwise": NaN, "rho_curated/pairwise_GE/nonlin_additive_pairwise": NaN, "rho_random/pairwise_GE/nonlin_additive_pairwise": 0.1719971724113206, "rho_curated_mean": 0.9944411426693535, "rho_random_mean": 0.8215748846374799, "_wandb": {"runtime": 633}}