{"potts/n_edges": 1579, "potts/edge_density": 0.892090395480226, "potts/J_mean_abs": 5.128142833709717, "potts/J_std": 10.101364135742188, "_timestamp": 1773634789.9432447, "_runtime": 571.4480187892914, "_step": 21, "gt_scores/additive/std": 1.482028523614475, "gt_scores/additive/min": -10.639902114868164, "gt_scores/additive/pct5": -6.9830321073532104, "gt_scores/additive_pairwise/std": 218.02724825168784, "gt_scores/additive_pairwise/min": -1512.2457275390625, "gt_scores/additive_pairwise/pct5": -837.8275817871094, "gt_scores/nonlin_additive/std": 0.14799074225652126, "gt_scores/nonlin_additive/min": -0.8130102544838738, "gt_scores/nonlin_additive/pct5": -0.7779583307733601, "gt_scores/nonlin_additive_pairwise/std": 0.004593029818781055, "gt_scores/nonlin_additive_pairwise/min": -0.8163878109156041, "gt_scores/nonlin_additive_pairwise/pct5": -0.8163878109156041, "rho_curated/additive/additive": 0.9999945705757822, "rho_random/additive/additive": 0.9999852062404018, "rho_curated/pairwise/additive": 0.999011793648448, "rho_random/pairwise/additive": 0.9990221798291297, "rho_curated/additive_GE/additive": 0.9999683715747342, "rho_random/additive_GE/additive": 0.999931737248132, "rho_curated/pairwise_GE/additive": 0.9951779568146553, "rho_random/pairwise_GE/additive": 0.992320409651897, "rho_curated/additive/additive_pairwise": 0.911767352342694, "rho_random/additive/additive_pairwise": 0.9295660260527869, "rho_curated/pairwise/additive_pairwise": 0.9107807223789463, "rho_random/pairwise/additive_pairwise": 0.9066707429153025, "rho_curated/additive_GE/additive_pairwise": 0.902256569845571, "rho_random/additive_GE/additive_pairwise": 0.9197360238187537, "rho_curated/pairwise_GE/additive_pairwise": 0.9065402643576104, "rho_random/pairwise_GE/additive_pairwise": 0.9105699924785078, "rho_curated/additive/nonlin_additive": 0.994919370220409, "rho_random/additive/nonlin_additive": 0.9949056895555246, "rho_curated/pairwise/nonlin_additive": 0.9904731864664701, "rho_random/pairwise/nonlin_additive": 0.9904792118494385, "rho_curated/additive_GE/nonlin_additive": 0.9999517319180669, "rho_random/additive_GE/nonlin_additive": 0.9999461757554932, "rho_curated/pairwise_GE/nonlin_additive": 0.9930974074113994, "rho_random/pairwise_GE/nonlin_additive": 0.9933722696738627, "rho_curated/additive/nonlin_additive_pairwise": NaN, "rho_random/additive/nonlin_additive_pairwise": 0.07758997885443139, "rho_curated/pairwise/nonlin_additive_pairwise": NaN, "rho_random/pairwise/nonlin_additive_pairwise": 0.07126512725760703, "rho_curated/additive_GE/nonlin_additive_pairwise": NaN, "rho_random/additive_GE/nonlin_additive_pairwise": NaN, "rho_curated/pairwise_GE/nonlin_additive_pairwise": NaN, "rho_random/pairwise_GE/nonlin_additive_pairwise": NaN, "rho_curated_mean": 0.9669949414628989, "rho_random_mean": 0.8418114836558049, "_wandb": {"runtime": 571}}