{"potts/n_edges": 180, "potts/edge_density": 0.9473684210526315, "potts/J_mean_abs": 3.2816333770751953, "potts/J_std": 2.512317180633545, "_timestamp": 1773430309.3846824, "_runtime": 615.7564663887024, "_step": 21, "gt_scores/additive/std": 1.1523767070841298, "gt_scores/additive/min": -7.738286018371582, "gt_scores/additive/pct5": -5.224474596977234, "gt_scores/additive_pairwise/std": 66.41808350183746, "gt_scores/additive_pairwise/min": -446.28704833984375, "gt_scores/additive_pairwise/pct5": -263.0084686279297, "gt_scores/nonlin_additive/std": 0.15566557923492758, "gt_scores/nonlin_additive/min": -0.7982763601893211, "gt_scores/nonlin_additive/pct5": -0.7612027655341534, "gt_scores/nonlin_additive_pairwise/std": 0.009927137000924234, "gt_scores/nonlin_additive_pairwise/min": -0.8032006105826088, "gt_scores/nonlin_additive_pairwise/pct5": -0.8032006105826088, "rho_curated/additive/additive": 0.9999977424399094, "rho_random/additive/additive": 0.9999932128990896, "rho_curated/pairwise/additive": 0.9999383907735253, "rho_random/pairwise/additive": 0.9998681364068588, "rho_curated/additive_GE/additive": 0.9999812987672492, "rho_random/additive_GE/additive": 0.9999595498684191, "rho_curated/pairwise_GE/additive": 0.998689278371351, "rho_random/pairwise_GE/additive": 0.9976716369784995, "rho_curated/additive/additive_pairwise": 0.9831736277665413, "rho_random/additive/additive_pairwise": 0.9734138202891227, "rho_curated/pairwise/additive_pairwise": 0.9999324613572954, "rho_random/pairwise/additive_pairwise": 0.9998643019935872, "rho_curated/additive_GE/additive_pairwise": NaN, "rho_random/additive_GE/additive_pairwise": NaN, "rho_curated/pairwise_GE/additive_pairwise": 0.9943324150850248, "rho_random/pairwise_GE/additive_pairwise": 0.9917418352835521, "rho_curated/additive/nonlin_additive": 0.9975902016150296, "rho_random/additive/nonlin_additive": 0.9974320066129543, "rho_curated/pairwise/nonlin_additive": 0.9990023478958064, "rho_random/pairwise/nonlin_additive": 0.9970077234312786, "rho_curated/additive_GE/nonlin_additive": 0.9999887034155452, "rho_random/additive_GE/nonlin_additive": 0.9999855850151577, "rho_curated/pairwise_GE/nonlin_additive": 0.9984795171147793, "rho_random/pairwise_GE/nonlin_additive": 0.9977932291014213, "rho_curated/additive/nonlin_additive_pairwise": NaN, "rho_random/additive/nonlin_additive_pairwise": 0.1371815886412104, "rho_curated/pairwise/nonlin_additive_pairwise": NaN, "rho_random/pairwise/nonlin_additive_pairwise": 0.10814019123015897, "rho_curated/additive_GE/nonlin_additive_pairwise": NaN, "rho_random/additive_GE/nonlin_additive_pairwise": NaN, "rho_curated/pairwise_GE/nonlin_additive_pairwise": NaN, "rho_random/pairwise_GE/nonlin_additive_pairwise": 0.06067658414981014, "rho_curated_mean": 0.9973732713274597, "rho_random_mean": 0.8043378144215086, "_wandb": {"runtime": 615}}