{"potts/n_edges": 132, "potts/edge_density": 0.6947368421052632, "potts/J_mean_abs": 3.868804931640625, "potts/J_std": 3.1014254093170166, "_timestamp": 1773664562.3489912, "_runtime": 453.74635124206543, "_step": 21, "gt_scores/additive/std": 1.426379881017352, "gt_scores/additive/min": -10.008467674255371, "gt_scores/additive/pct5": -7.166622185707093, "gt_scores/additive_pairwise/std": 67.79396067281714, "gt_scores/additive_pairwise/min": -450.72235107421875, "gt_scores/additive_pairwise/pct5": -333.68273162841797, "gt_scores/nonlin_additive/std": 0.13946177757028871, "gt_scores/nonlin_additive/min": -0.8313426784103302, "gt_scores/nonlin_additive/pct5": -0.8034810610065, "gt_scores/nonlin_additive_pairwise/std": 3.025209993556332e-09, "gt_scores/nonlin_additive_pairwise/min": -0.8358896588447285, "gt_scores/nonlin_additive_pairwise/pct5": -0.8358896588447285, "rho_curated/additive/additive": 0.9999976718559069, "rho_random/additive/additive": 0.999994139617011, "rho_curated/pairwise/additive": 0.9999453420618112, "rho_random/pairwise/additive": 0.9998890774638958, "rho_curated/additive_GE/additive": 0.9999765678630621, "rho_random/additive_GE/additive": 0.9999411680906811, "rho_curated/pairwise_GE/additive": 0.998668623346713, "rho_random/pairwise_GE/additive": 0.9977785367704646, "rho_curated/additive/additive_pairwise": 0.97232900353316, "rho_random/additive/additive_pairwise": 0.9540748788606931, "rho_curated/pairwise/additive_pairwise": 0.9999473997018948, "rho_random/pairwise/additive_pairwise": 0.9998905429420692, "rho_curated/additive_GE/additive_pairwise": 0.9725534482288204, "rho_random/additive_GE/additive_pairwise": 0.951300908181675, "rho_curated/pairwise_GE/additive_pairwise": 0.9908299044569762, "rho_random/pairwise_GE/additive_pairwise": 0.9857730021224398, "rho_curated/additive/nonlin_additive": 0.9965528742218668, "rho_random/additive/nonlin_additive": 0.9961365722771162, "rho_curated/pairwise/nonlin_additive": 0.9987314079971954, "rho_random/pairwise/nonlin_additive": 0.9967951494113199, "rho_curated/additive_GE/nonlin_additive": 0.9999913257276525, "rho_random/additive_GE/nonlin_additive": 0.9999870845749367, "rho_curated/pairwise_GE/nonlin_additive": 0.9982383165054479, "rho_random/pairwise_GE/nonlin_additive": 0.9980264748951587, "rho_curated/additive/nonlin_additive_pairwise": NaN, "rho_random/additive/nonlin_additive_pairwise": NaN, "rho_curated/pairwise/nonlin_additive_pairwise": NaN, "rho_random/pairwise/nonlin_additive_pairwise": NaN, "rho_curated/additive_GE/nonlin_additive_pairwise": NaN, "rho_random/additive_GE/nonlin_additive_pairwise": NaN, "rho_curated/pairwise_GE/nonlin_additive_pairwise": NaN, "rho_random/pairwise_GE/nonlin_additive_pairwise": NaN, "rho_curated_mean": 0.9939801571250423, "rho_random_mean": 0.9899656279339549, "_wandb": {"runtime": 453}}