{"potts/n_edges": 525, "potts/edge_density": 0.8823529411764706, "potts/J_mean_abs": 2.629577159881592, "potts/J_std": 2.0731277465820312, "_timestamp": 1773543312.6101344, "_runtime": 480.4445204734802, "_step": 19, "gt_scores/additive/std": 1.2131658817929183, "gt_scores/additive/min": -9.223040580749512, "gt_scores/additive/pct5": -5.876311326026917, "gt_scores/additive_pairwise/std": 89.15837240508752, "gt_scores/additive_pairwise/min": -736.6737670898438, "gt_scores/additive_pairwise/pct5": -370.8692794799805, "gt_scores/nonlin_additive/std": 0.1429851728070397, "gt_scores/nonlin_additive/min": -0.8260453358601673, "gt_scores/nonlin_additive/pct5": -0.7918037243495972, "gt_scores/nonlin_additive_pairwise/std": 1.5702861644268983e-08, "gt_scores/nonlin_additive_pairwise/min": -0.8284503980057596, "gt_scores/nonlin_additive_pairwise/pct5": -0.8284503980057596, "rho_curated/additive/additive": 0.9999970521518818, "rho_random/additive/additive": 0.9999901529488574, "rho_curated/pairwise/additive": 0.9988945341317285, "rho_random/pairwise/additive": 0.9984502421153407, "rho_curated/additive_GE/additive": 0.9999661935746452, "rho_random/additive_GE/additive": 0.9999169991645538, "rho_curated/pairwise_GE/additive": 0.9676903722900642, "rho_random/pairwise_GE/additive": 0.9464075065723255, "rho_curated/additive/additive_pairwise": 0.986373800157644, "rho_random/additive/additive_pairwise": 0.9778304400590017, "rho_curated/pairwise/additive_pairwise": 0.9868143632076253, "rho_random/pairwise/additive_pairwise": 0.9806960346031836, "rho_curated/additive_GE/additive_pairwise": 0.9867275091228707, "rho_random/additive_GE/additive_pairwise": 0.9768984567209726, "rho_curated/pairwise_GE/additive_pairwise": 0.9478576725265526, "rho_random/pairwise_GE/additive_pairwise": 0.9263970218477422, "rho_curated/additive/nonlin_additive": 0.9965650863823562, "rho_random/additive/nonlin_additive": 0.9964377979215321, "rho_curated/pairwise/nonlin_additive": 0.9867929080944482, "rho_random/pairwise/nonlin_additive": 0.9812376596681448, "rho_curated/additive_GE/nonlin_additive": 0.9999717717748668, "rho_random/additive_GE/nonlin_additive": 0.9999655537518797, "rho_curated/pairwise_GE/nonlin_additive": 0.9773936611170336, "rho_random/pairwise_GE/nonlin_additive": 0.971447822221778, "rho_curated/additive/nonlin_additive_pairwise": NaN, "rho_random/additive/nonlin_additive_pairwise": NaN, "rho_curated/pairwise/nonlin_additive_pairwise": NaN, "rho_random/pairwise/nonlin_additive_pairwise": NaN, "rho_curated/additive_GE/nonlin_additive_pairwise": NaN, "rho_random/additive_GE/nonlin_additive_pairwise": NaN, "_wandb": {"runtime": 480}}