{"potts/n_edges": 4073, "potts/edge_density": 0.8228282828282828, "potts/J_mean_abs": 2.3717663288116455, "potts/J_std": 1.8573962450027466, "_timestamp": 1773699317.2408273, "_runtime": 606.67857837677, "_step": 21, "gt_scores/additive/std": 1.548016152433425, "gt_scores/additive/min": -10.725912094116211, "gt_scores/additive/pct5": -7.248498010635376, "gt_scores/additive_pairwise/std": 92.62024379287912, "gt_scores/additive_pairwise/min": -592.599365234375, "gt_scores/additive_pairwise/pct5": -360.3637298583984, "gt_scores/nonlin_additive/std": 0.14873364894103946, "gt_scores/nonlin_additive/min": -0.8042684792371236, "gt_scores/nonlin_additive/pct5": -0.7707998275121297, "gt_scores/nonlin_additive_pairwise/std": 0.005914286558223676, "gt_scores/nonlin_additive_pairwise/min": -0.8083823086239633, "gt_scores/nonlin_additive_pairwise/pct5": -0.8083823086239633, "rho_curated/additive/additive": 0.9999937187197486, "rho_random/additive/additive": 0.9999844117541266, "rho_curated/pairwise/additive": 0.9994239199129568, "rho_random/pairwise/additive": 0.9994712346158475, "rho_curated/additive_GE/additive": 0.9999571761502861, "rho_random/additive_GE/additive": 0.9999185484674405, "rho_curated/pairwise_GE/additive": 0.99834700137388, "rho_random/pairwise_GE/additive": 0.9975912889687271, "rho_curated/additive/additive_pairwise": 0.9841042032277867, "rho_random/additive/additive_pairwise": 0.9754644195214699, "rho_curated/pairwise/additive_pairwise": 0.9772748731859042, "rho_random/pairwise/additive_pairwise": 0.9639278779449226, "rho_curated/additive_GE/additive_pairwise": 0.9849313707245317, "rho_random/additive_GE/additive_pairwise": 0.9758359577842263, "rho_curated/pairwise_GE/additive_pairwise": 0.9797837558623801, "rho_random/pairwise_GE/additive_pairwise": 0.969936612853902, "rho_curated/additive/nonlin_additive": 0.9933115531799805, "rho_random/additive/nonlin_additive": 0.9930942936834358, "rho_curated/pairwise/nonlin_additive": 0.9917015808192664, "rho_random/pairwise/nonlin_additive": 0.9908293216253545, "rho_curated/additive_GE/nonlin_additive": 0.999957411470292, "rho_random/additive_GE/nonlin_additive": 0.9999515314188162, "rho_curated/pairwise_GE/nonlin_additive": 0.9970014201039127, "rho_random/pairwise_GE/nonlin_additive": 0.9969375656621607, "rho_curated/additive/nonlin_additive_pairwise": NaN, "rho_random/additive/nonlin_additive_pairwise": 0.16453651230064556, "rho_curated/pairwise/nonlin_additive_pairwise": NaN, "rho_random/pairwise/nonlin_additive_pairwise": 0.12431904701313203, "rho_curated/additive_GE/nonlin_additive_pairwise": NaN, "rho_random/additive_GE/nonlin_additive_pairwise": 0.017970166025517254, "rho_curated/pairwise_GE/nonlin_additive_pairwise": NaN, "rho_random/pairwise_GE/nonlin_additive_pairwise": 0.1334752997969062, "rho_curated_mean": 0.9921489987275772, "rho_random_mean": 0.7689527555897894, "_wandb": {"runtime": 606}}