{"potts/n_edges": 200, "potts/edge_density": 0.6666666666666666, "potts/J_mean_abs": 1.5174522399902344, "potts/J_std": 1.2165223360061646, "_timestamp": 1773357588.0033762, "_runtime": 541.8377301692963, "_step": 21, "gt_scores/additive/std": 1.0558350651310102, "gt_scores/additive/min": -6.844762802124023, "gt_scores/additive/pct5": -4.71688940525055, "gt_scores/additive_pairwise/std": 22.01972227392341, "gt_scores/additive_pairwise/min": -158.88294982910156, "gt_scores/additive_pairwise/pct5": -83.27114028930664, "gt_scores/nonlin_additive/std": 0.15669553213052334, "gt_scores/nonlin_additive/min": -0.7903161719451305, "gt_scores/nonlin_additive/pct5": -0.7533312902383124, "gt_scores/nonlin_additive_pairwise/std": 0.022346040492845907, "gt_scores/nonlin_additive_pairwise/min": -0.796258321306294, "gt_scores/nonlin_additive_pairwise/pct5": -0.796258321306294, "rho_curated/additive/additive": 0.9999972284558891, "rho_random/additive/additive": 0.9999914418045649, "rho_curated/pairwise/additive": 0.999723790828945, "rho_random/pairwise/additive": 0.9995803362602995, "rho_curated/additive_GE/additive": 0.9999814254392568, "rho_random/additive_GE/additive": 0.9999613489135886, "rho_curated/pairwise_GE/additive": 0.9810594850343793, "rho_random/pairwise_GE/additive": 0.9742591377176932, "rho_curated/additive/additive_pairwise": 0.96719867824716, "rho_random/additive/additive_pairwise": 0.949569055967773, "rho_curated/pairwise/additive_pairwise": 0.9988620869704562, "rho_random/pairwise/additive_pairwise": 0.9981774015053215, "rho_curated/additive_GE/additive_pairwise": 0.9672189657576118, "rho_random/additive_GE/additive_pairwise": 0.9523110268580173, "rho_curated/pairwise_GE/additive_pairwise": 0.9789298269001819, "rho_random/pairwise_GE/additive_pairwise": 0.9713685072067658, "rho_curated/additive/nonlin_additive": 0.9977893614234153, "rho_random/additive/nonlin_additive": 0.9977509627848714, "rho_curated/pairwise/nonlin_additive": 0.9964943786835228, "rho_random/pairwise/nonlin_additive": 0.9929187420518003, "rho_curated/additive_GE/nonlin_additive": 0.9999872505754885, "rho_random/additive_GE/nonlin_additive": 0.9999809324518191, "rho_curated/pairwise_GE/nonlin_additive": 0.9920071601119026, "rho_random/pairwise_GE/nonlin_additive": 0.9888102786262323, "rho_curated/additive/nonlin_additive_pairwise": 0.082424164780897, "rho_random/additive/nonlin_additive_pairwise": 0.4685867158022339, "rho_curated/pairwise/nonlin_additive_pairwise": 0.07398657995527794, "rho_random/pairwise/nonlin_additive_pairwise": 0.5097876751486176, "rho_curated/additive_GE/nonlin_additive_pairwise": 0.11632751675772374, "rho_random/additive_GE/nonlin_additive_pairwise": 0.5390038026224356, "rho_curated/pairwise_GE/nonlin_additive_pairwise": 0.10329704450666373, "rho_random/pairwise_GE/nonlin_additive_pairwise": 0.5340564455160923, "rho_curated_mean": 0.7659553090267983, "rho_random_mean": 0.867257113202383, "_wandb": {"runtime": 541}}