{"potts/n_edges": 733, "potts/edge_density": 0.41412429378531074, "potts/J_mean_abs": 1.7580997943878174, "potts/J_std": 1.6056838035583496, "_timestamp": 1773567158.901503, "_runtime": 537.367201089859, "_step": 21, "gt_scores/additive/std": 1.291376038088227, "gt_scores/additive/min": -8.626249313354492, "gt_scores/additive/pct5": -5.459906196594238, "gt_scores/additive_pairwise/std": 18.460353417455504, "gt_scores/additive_pairwise/min": -152.00498962402344, "gt_scores/additive_pairwise/pct5": -64.1592628479004, "gt_scores/nonlin_additive/std": 0.16140727750638562, "gt_scores/nonlin_additive/min": -0.7685429378776033, "gt_scores/nonlin_additive/pct5": -0.7255423153378536, "gt_scores/nonlin_additive_pairwise/std": 0.060161612423591075, "gt_scores/nonlin_additive_pairwise/min": -0.7727965687908109, "gt_scores/nonlin_additive_pairwise/pct5": -0.7727965687908109, "rho_curated/additive/additive": 0.9999959359598374, "rho_random/additive/additive": 0.9999871542025892, "rho_curated/pairwise/additive": 0.9991105615723584, "rho_random/pairwise/additive": 0.9992002697072533, "rho_curated/additive_GE/additive": 0.9999559018702338, "rho_random/additive_GE/additive": 0.999899787563114, "rho_curated/pairwise_GE/additive": 0.9876787486585583, "rho_random/pairwise_GE/additive": 0.9834651976766554, "rho_curated/additive/additive_pairwise": 0.9199665932207429, "rho_random/additive/additive_pairwise": 0.8850985748372997, "rho_curated/pairwise/additive_pairwise": 0.9140636105584197, "rho_random/pairwise/additive_pairwise": 0.8979021819021821, "rho_curated/additive_GE/additive_pairwise": 0.9205013568741462, "rho_random/additive_GE/additive_pairwise": 0.8875334518619914, "rho_curated/pairwise_GE/additive_pairwise": 0.9030515861974102, "rho_random/pairwise_GE/additive_pairwise": 0.8838806478556047, "rho_curated/additive/nonlin_additive": 0.9961222199087028, "rho_random/additive/nonlin_additive": 0.995247263857588, "rho_curated/pairwise/nonlin_additive": 0.9940236350328019, "rho_random/pairwise/nonlin_additive": 0.9920292651580312, "rho_curated/additive_GE/nonlin_additive": 0.9999390737895602, "rho_random/additive_GE/nonlin_additive": 0.9999327103325223, "rho_curated/pairwise_GE/nonlin_additive": 0.994618480840481, "rho_random/pairwise_GE/nonlin_additive": 0.993358602519697, "rho_curated/additive/nonlin_additive_pairwise": 0.2318603817429531, "rho_random/additive/nonlin_additive_pairwise": 0.7129140961191048, "rho_curated/pairwise/nonlin_additive_pairwise": 0.21410879561747073, "rho_random/pairwise/nonlin_additive_pairwise": 0.70033566033145, "rho_curated/additive_GE/nonlin_additive_pairwise": 0.22057518976543478, "rho_random/additive_GE/nonlin_additive_pairwise": 0.7290823714186739, "rho_curated/pairwise_GE/nonlin_additive_pairwise": 0.25313749304813304, "rho_random/pairwise_GE/nonlin_additive_pairwise": 0.752097770956266, "rho_curated_mean": 0.7842943477910778, "rho_random_mean": 0.9007478128937514, "_wandb": {"runtime": 537}}