{"potts/n_edges": 157, "potts/edge_density": 0.8263157894736842, "potts/J_mean_abs": 2.9396650791168213, "potts/J_std": 2.4663333892822266, "_timestamp": 1773428034.2539706, "_runtime": 510.0555787086487, "_step": 21, "gt_scores/additive/std": 1.210202704410808, "gt_scores/additive/min": -8.911455154418945, "gt_scores/additive/pct5": -6.663809275627136, "gt_scores/additive_pairwise/std": 57.76923340191068, "gt_scores/additive_pairwise/min": -404.22393798828125, "gt_scores/additive_pairwise/pct5": -283.1290481567383, "gt_scores/nonlin_additive/std": 0.125785236402486, "gt_scores/nonlin_additive/min": -0.8664681453126024, "gt_scores/nonlin_additive/pct5": -0.8440971430509998, "gt_scores/nonlin_additive_pairwise/std": 2.145109296846898e-10, "gt_scores/nonlin_additive_pairwise/min": -0.8707194432537088, "gt_scores/nonlin_additive_pairwise/pct5": -0.8707194432537088, "rho_curated/additive/additive": 0.9999977646879104, "rho_random/additive/additive": 0.9999928311220482, "rho_curated/pairwise/additive": 0.9999504498620143, "rho_random/pairwise/additive": 0.99990872515289, "rho_curated/additive_GE/additive": 0.9999529207581135, "rho_random/additive_GE/additive": 0.9999063752436997, "rho_curated/pairwise_GE/additive": 0.9988469786337961, "rho_random/pairwise_GE/additive": 0.9982775974406509, "rho_curated/additive/additive_pairwise": 0.9713469951331922, "rho_random/additive/additive_pairwise": 0.9511797003124559, "rho_curated/pairwise/additive_pairwise": 0.9999388541655527, "rho_random/pairwise/additive_pairwise": 0.9998743396863795, "rho_curated/additive_GE/additive_pairwise": 0.9714779749944344, "rho_random/additive_GE/additive_pairwise": 0.9513754073262957, "rho_curated/pairwise_GE/additive_pairwise": 0.9987859139193201, "rho_random/pairwise_GE/additive_pairwise": 0.9980995822776808, "rho_curated/additive/nonlin_additive": 0.9943683470943285, "rho_random/additive/nonlin_additive": 0.9950949771645818, "rho_curated/pairwise/nonlin_additive": 0.9981405763813999, "rho_random/pairwise/nonlin_additive": 0.9928533015440284, "rho_curated/additive_GE/nonlin_additive": 0.9999902342556081, "rho_random/additive_GE/nonlin_additive": 0.9999865854846731, "rho_curated/pairwise_GE/nonlin_additive": 0.9975238019406548, "rho_random/pairwise_GE/nonlin_additive": 0.9975064435154226, "rho_curated/additive/nonlin_additive_pairwise": NaN, "rho_random/additive/nonlin_additive_pairwise": NaN, "rho_curated/pairwise/nonlin_additive_pairwise": NaN, "rho_random/pairwise/nonlin_additive_pairwise": NaN, "rho_curated/additive_GE/nonlin_additive_pairwise": NaN, "rho_random/additive_GE/nonlin_additive_pairwise": NaN, "rho_curated/pairwise_GE/nonlin_additive_pairwise": NaN, "rho_random/pairwise_GE/nonlin_additive_pairwise": NaN, "rho_curated_mean": 0.9941934009855271, "rho_random_mean": 0.9903379888559006, "_wandb": {"runtime": 509}}