{"potts/n_edges": 158, "potts/edge_density": 0.8315789473684211, "potts/J_mean_abs": 4.457645893096924, "potts/J_std": 3.7190794944763184, "_timestamp": 1773385098.134625, "_runtime": 555.7926640510559, "_step": 21, "gt_scores/additive/std": 1.426379881017352, "gt_scores/additive/min": -10.008467674255371, "gt_scores/additive/pct5": -7.166622185707093, "gt_scores/additive_pairwise/std": 90.35715110548034, "gt_scores/additive_pairwise/min": -646.8504028320312, "gt_scores/additive_pairwise/pct5": -440.1827102661133, "gt_scores/nonlin_additive/std": 0.13946177757028871, "gt_scores/nonlin_additive/min": -0.8313426784103302, "gt_scores/nonlin_additive/pct5": -0.8034810610065, "gt_scores/nonlin_additive_pairwise/std": 7.866304243010305e-16, "gt_scores/nonlin_additive_pairwise/min": -0.8358896588447285, "gt_scores/nonlin_additive_pairwise/pct5": -0.8358896588447285, "rho_curated/additive/additive": 0.9999972149438883, "rho_random/additive/additive": 0.9999914365292053, "rho_curated/pairwise/additive": 0.9999365887574589, "rho_random/pairwise/additive": 0.9998818064036036, "rho_curated/additive_GE/additive": NaN, "rho_random/additive_GE/additive": NaN, "rho_curated/pairwise_GE/additive": 0.999023972952865, "rho_random/pairwise_GE/additive": 0.997954353549563, "rho_curated/additive/additive_pairwise": 0.973861380961828, "rho_random/additive/additive_pairwise": 0.9594755402570001, "rho_curated/pairwise/additive_pairwise": 0.999937860277513, "rho_random/pairwise/additive_pairwise": 0.9998732891278262, "rho_curated/additive_GE/additive_pairwise": 0.9737271960924572, "rho_random/additive_GE/additive_pairwise": 0.9572198813434648, "rho_curated/pairwise_GE/additive_pairwise": 0.9992673085306574, "rho_random/pairwise_GE/additive_pairwise": 0.9987959657018831, "rho_curated/additive/nonlin_additive": 0.9968367303452413, "rho_random/additive/nonlin_additive": 0.9964390936845927, "rho_curated/pairwise/nonlin_additive": 0.9984361757053344, "rho_random/pairwise/nonlin_additive": 0.9969968633271611, "rho_curated/additive_GE/nonlin_additive": 0.9999658940066333, "rho_random/additive_GE/nonlin_additive": 0.9999641075643648, "rho_curated/pairwise_GE/nonlin_additive": 0.9986976740277818, "rho_random/pairwise_GE/nonlin_additive": 0.9988078734233511, "rho_curated/additive/nonlin_additive_pairwise": NaN, "rho_random/additive/nonlin_additive_pairwise": NaN, "rho_curated/pairwise/nonlin_additive_pairwise": NaN, "rho_random/pairwise/nonlin_additive_pairwise": NaN, "rho_curated/additive_GE/nonlin_additive_pairwise": NaN, "rho_random/additive_GE/nonlin_additive_pairwise": NaN, "rho_curated/pairwise_GE/nonlin_additive_pairwise": NaN, "rho_random/pairwise_GE/nonlin_additive_pairwise": NaN, "rho_curated_mean": 0.9945170906001507, "rho_random_mean": 0.9914000191738197, "_wandb": {"runtime": 555}}