{"potts/n_edges": 157, "potts/edge_density": 0.5233333333333333, "potts/J_mean_abs": 1.4287514686584473, "potts/J_std": 1.1176939010620117, "_timestamp": 1773678884.2444773, "_runtime": 551.8224222660065, "_step": 21, "gt_scores/additive/std": 1.4607008917297066, "gt_scores/additive/min": -10.880603790283203, "gt_scores/additive/pct5": -7.648485493659973, "gt_scores/additive_pairwise/std": 23.502598926504376, "gt_scores/additive_pairwise/min": -179.663818359375, "gt_scores/additive_pairwise/pct5": -103.11296234130859, "gt_scores/nonlin_additive/std": 0.1329364744996366, "gt_scores/nonlin_additive/min": -0.8491222741790089, "gt_scores/nonlin_additive/pct5": -0.8226467537292117, "gt_scores/nonlin_additive_pairwise/std": 0.003617062212350109, "gt_scores/nonlin_additive_pairwise/min": -0.8524745773399738, "gt_scores/nonlin_additive_pairwise/pct5": -0.8524745773399738, "rho_curated/additive/additive": 0.9999976730799068, "rho_random/additive/additive": 0.9999923639914529, "rho_curated/pairwise/additive": 0.9997520869260655, "rho_random/pairwise/additive": 0.9994023077307627, "rho_curated/additive_GE/additive": 0.9999752910390103, "rho_random/additive_GE/additive": 0.9999386585897856, "rho_curated/pairwise_GE/additive": 0.9846771829216162, "rho_random/pairwise_GE/additive": 0.9745358396484133, "rho_curated/additive/additive_pairwise": 0.9693605678042166, "rho_random/additive/additive_pairwise": 0.9552362741359282, "rho_curated/pairwise/additive_pairwise": 0.9990565296981933, "rho_random/pairwise/additive_pairwise": 0.9982793885985013, "rho_curated/additive_GE/additive_pairwise": 0.9693094295854308, "rho_random/additive_GE/additive_pairwise": 0.9519489218800233, "rho_curated/pairwise_GE/additive_pairwise": 0.9782834193222942, "rho_random/pairwise_GE/additive_pairwise": 0.9695358971218243, "rho_curated/additive/nonlin_additive": 0.9973874418074351, "rho_random/additive/nonlin_additive": 0.9975837360300873, "rho_curated/pairwise/nonlin_additive": 0.9946726179786493, "rho_random/pairwise/nonlin_additive": 0.9859340499659973, "rho_curated/additive_GE/nonlin_additive": 0.9999878909675155, "rho_random/additive_GE/nonlin_additive": 0.9999838205001146, "rho_curated/pairwise_GE/nonlin_additive": 0.989194314735254, "rho_random/pairwise_GE/nonlin_additive": 0.9885077127334697, "rho_curated/additive/nonlin_additive_pairwise": 0.17865476063488792, "rho_random/additive/nonlin_additive_pairwise": 0.28819494336423324, "rho_curated/pairwise/nonlin_additive_pairwise": 0.12258812137851921, "rho_random/pairwise/nonlin_additive_pairwise": 0.27819301039571814, "rho_curated/additive_GE/nonlin_additive_pairwise": 0.1267027811549107, "rho_random/additive_GE/nonlin_additive_pairwise": 0.2874919961443849, "rho_curated/pairwise_GE/nonlin_additive_pairwise": 0.11960689742989127, "rho_random/pairwise_GE/nonlin_additive_pairwise": 0.2745376546963834, "rho_curated_mean": 0.7768254379039872, "rho_random_mean": 0.8093310359704425, "_wandb": {"runtime": 551}}