{"potts/n_edges": 541, "potts/edge_density": 0.9092436974789916, "potts/J_mean_abs": 6.411892890930176, "potts/J_std": 14.038737297058105, "_timestamp": 1773702925.250549, "_runtime": 441.54394006729126, "_step": 21, "gt_scores/additive/std": 0.5546509103971542, "gt_scores/additive/min": -3.425483465194702, "gt_scores/additive/pct5": -1.6573405861854553, "gt_scores/additive_pairwise/std": 20.251578770871685, "gt_scores/additive_pairwise/min": -273.7667541503906, "gt_scores/additive_pairwise/pct5": -48.47733783721924, "gt_scores/nonlin_additive/std": 0.18576888954290133, "gt_scores/nonlin_additive/min": -0.6237209724062012, "gt_scores/nonlin_additive/pct5": -0.5490617402996325, "gt_scores/nonlin_additive_pairwise/std": 0.2699128558024805, "gt_scores/nonlin_additive_pairwise/min": -0.6272063881064724, "gt_scores/nonlin_additive_pairwise/pct5": -0.6272063881064724, "rho_curated/additive/additive": 0.9999955037854761, "rho_random/additive/additive": 0.9999787371876021, "rho_curated/pairwise/additive": 0.9989407765782066, "rho_random/pairwise/additive": 0.9992752274896598, "rho_curated/additive_GE/additive": 0.9998771981011814, "rho_random/additive_GE/additive": 0.9997637731137515, "rho_curated/pairwise_GE/additive": 0.9923613559116427, "rho_random/pairwise_GE/additive": 0.993135712656394, "rho_curated/additive/additive_pairwise": 0.6532542017967942, "rho_random/additive/additive_pairwise": 0.7217230967150713, "rho_curated/pairwise/additive_pairwise": 0.6944779994519876, "rho_random/pairwise/additive_pairwise": 0.7382981666510389, "rho_curated/additive_GE/additive_pairwise": 0.6519552339296678, "rho_random/additive_GE/additive_pairwise": 0.7853900341266871, "rho_curated/pairwise_GE/additive_pairwise": 0.6752030486269243, "rho_random/pairwise_GE/additive_pairwise": 0.7032511366101906, "rho_curated/additive/nonlin_additive": 0.993044726926508, "rho_random/additive/nonlin_additive": 0.9918248693361634, "rho_curated/pairwise/nonlin_additive": 0.9924636170388158, "rho_random/pairwise/nonlin_additive": 0.990961767716101, "rho_curated/additive_GE/nonlin_additive": 0.9976366712936945, "rho_random/additive_GE/nonlin_additive": 0.9969323575641083, "rho_curated/pairwise_GE/nonlin_additive": 0.9959012577025962, "rho_random/pairwise_GE/nonlin_additive": 0.9945865992139582, "rho_curated/additive/nonlin_additive_pairwise": 0.5913875001488227, "rho_random/additive/nonlin_additive_pairwise": 0.5853876936347009, "rho_curated/pairwise/nonlin_additive_pairwise": 0.6687829885955837, "rho_random/pairwise/nonlin_additive_pairwise": 0.6144385380070572, "rho_curated/additive_GE/nonlin_additive_pairwise": 0.5294977679864705, "rho_random/additive_GE/nonlin_additive_pairwise": 0.6228986923218117, "rho_curated/pairwise_GE/nonlin_additive_pairwise": 0.7059770284164513, "rho_random/pairwise_GE/nonlin_additive_pairwise": 0.7105542973001995, "rho_curated_mean": 0.8212973047681764, "rho_random_mean": 0.8405250437277809, "_wandb": {"runtime": 441}}