{"potts/n_edges": 85, "potts/edge_density": 0.8095238095238095, "potts/J_mean_abs": 4.062004089355469, "potts/J_std": 3.406801462173462, "_timestamp": 1773496673.7950258, "_runtime": 490.7170379161835, "_step": 21, "gt_scores/additive/std": 0.7770162874764199, "gt_scores/additive/min": -5.525506973266602, "gt_scores/additive/pct5": -4.092422103881836, "gt_scores/additive_pairwise/std": 43.666611180995616, "gt_scores/additive_pairwise/min": -384.4117126464844, "gt_scores/additive_pairwise/pct5": -317.7701354980469, "gt_scores/nonlin_additive/std": 0.13179785214960515, "gt_scores/nonlin_additive/min": -0.851066460422529, "gt_scores/nonlin_additive/pct5": -0.8261551473383105, "gt_scores/nonlin_additive_pairwise/std": 2.220446049250313e-16, "gt_scores/nonlin_additive_pairwise/min": -0.8558889585984598, "gt_scores/nonlin_additive_pairwise/pct5": -0.8558889585984598, "rho_curated/additive/additive": 0.9999975893199033, "rho_random/additive/additive": 0.9999930169877075, "rho_curated/pairwise/additive": 0.9999747445829879, "rho_random/pairwise/additive": 0.9999422793639652, "rho_curated/additive_GE/additive": 0.999992342055693, "rho_random/additive_GE/additive": 0.9999770264378107, "rho_curated/pairwise_GE/additive": 0.9967083149319376, "rho_random/pairwise_GE/additive": 0.9946360106958908, "rho_curated/additive/additive_pairwise": 0.917955162252361, "rho_random/additive/additive_pairwise": 0.866200255454755, "rho_curated/pairwise/additive_pairwise": 0.9999675221906975, "rho_random/pairwise/additive_pairwise": 0.9999442294505086, "rho_curated/additive_GE/additive_pairwise": NaN, "rho_random/additive_GE/additive_pairwise": NaN, "rho_curated/pairwise_GE/additive_pairwise": 0.9996212557688047, "rho_random/pairwise_GE/additive_pairwise": 0.9993903149619668, "rho_curated/additive/nonlin_additive": 0.9963573154456807, "rho_random/additive/nonlin_additive": 0.9972368005719581, "rho_curated/pairwise/nonlin_additive": 0.9991921081035875, "rho_random/pairwise/nonlin_additive": 0.9973214897338942, "rho_curated/additive_GE/nonlin_additive": 0.9999887170475475, "rho_random/additive_GE/nonlin_additive": 0.9999844549005708, "rho_curated/pairwise_GE/nonlin_additive": 0.9995161508605763, "rho_random/pairwise_GE/nonlin_additive": 0.9996038613491128, "rho_curated/additive/nonlin_additive_pairwise": NaN, "rho_random/additive/nonlin_additive_pairwise": NaN, "rho_curated/pairwise/nonlin_additive_pairwise": NaN, "rho_random/pairwise/nonlin_additive_pairwise": NaN, "rho_curated/additive_GE/nonlin_additive_pairwise": NaN, "rho_random/additive_GE/nonlin_additive_pairwise": NaN, "rho_curated/pairwise_GE/nonlin_additive_pairwise": NaN, "rho_random/pairwise_GE/nonlin_additive_pairwise": NaN, "rho_curated_mean": 0.9917519293236161, "rho_random_mean": 0.9867481581734673, "_wandb": {"runtime": 490}}