{"potts/n_edges": 161, "potts/edge_density": 0.8473684210526315, "potts/J_mean_abs": 3.6005783081054688, "potts/J_std": 2.800523519515991, "_timestamp": 1773598248.3956027, "_runtime": 521.8978807926178, "_step": 21, "gt_scores/additive/std": 1.2097035595556864, "gt_scores/additive/min": -8.994394302368164, "gt_scores/additive/pct5": -6.638693571090698, "gt_scores/additive_pairwise/std": 88.4192914265459, "gt_scores/additive_pairwise/min": -572.4231567382812, "gt_scores/additive_pairwise/pct5": -435.79989471435545, "gt_scores/nonlin_additive/std": 0.12780147869164835, "gt_scores/nonlin_additive/min": -0.8633649983358815, "gt_scores/nonlin_additive/pct5": -0.8409005929909275, "gt_scores/nonlin_additive_pairwise/std": 1.1104450470300608e-16, "gt_scores/nonlin_additive_pairwise/min": -0.8672038070001775, "gt_scores/nonlin_additive_pairwise/pct5": -0.8672038070001775, "rho_curated/additive/additive": 0.9999972694718907, "rho_random/additive/additive": 0.9999915510335454, "rho_curated/pairwise/additive": 0.9999465318378611, "rho_random/pairwise/additive": 0.9998797913313497, "rho_curated/additive_GE/additive": 0.9999604665984178, "rho_random/additive_GE/additive": 0.9999093903575075, "rho_curated/pairwise_GE/additive": 0.9993004719719851, "rho_random/pairwise_GE/additive": 0.9988375818682758, "rho_curated/additive/additive_pairwise": 0.9836742245629688, "rho_random/additive/additive_pairwise": 0.974908267559627, "rho_curated/pairwise/additive_pairwise": 0.9999438921257529, "rho_random/pairwise/additive_pairwise": 0.9998888985938016, "rho_curated/additive_GE/additive_pairwise": 0.9838746993786011, "rho_random/additive_GE/additive_pairwise": 0.9718537247868939, "rho_curated/pairwise_GE/additive_pairwise": 0.9987738759749257, "rho_random/pairwise_GE/additive_pairwise": 0.9982049444361902, "rho_curated/additive/nonlin_additive": 0.9961144314519245, "rho_random/additive/nonlin_additive": 0.99600211227625, "rho_curated/pairwise/nonlin_additive": 0.9981620759423064, "rho_random/pairwise/nonlin_additive": 0.9937599991453152, "rho_curated/additive_GE/nonlin_additive": 0.9999839552073563, "rho_random/additive_GE/nonlin_additive": 0.9999789241042625, "rho_curated/pairwise_GE/nonlin_additive": 0.9990321194892151, "rho_random/pairwise_GE/nonlin_additive": 0.9990277251842662, "rho_curated/additive/nonlin_additive_pairwise": NaN, "rho_random/additive/nonlin_additive_pairwise": NaN, "rho_curated/pairwise/nonlin_additive_pairwise": NaN, "rho_random/pairwise/nonlin_additive_pairwise": NaN, "rho_curated/additive_GE/nonlin_additive_pairwise": NaN, "rho_random/additive_GE/nonlin_additive_pairwise": NaN, "rho_curated/pairwise_GE/nonlin_additive_pairwise": NaN, "rho_random/pairwise_GE/nonlin_additive_pairwise": NaN, "rho_curated_mean": 0.996563667834434, "rho_random_mean": 0.9943535758897736, "_wandb": {"runtime": 521}}