{"potts/n_edges": 72, "potts/edge_density": 0.6857142857142857, "potts/J_mean_abs": 3.209990978240967, "potts/J_std": 2.5289247035980225, "_timestamp": 1773547603.810843, "_runtime": 532.9966909885406, "_step": 21, "gt_scores/additive/std": 0.9557475539592777, "gt_scores/additive/min": -7.033940315246582, "gt_scores/additive/pct5": -5.159853672981262, "gt_scores/additive_pairwise/std": 34.17656510494307, "gt_scores/additive_pairwise/min": -296.0895690917969, "gt_scores/additive_pairwise/pct5": -240.73701171875, "gt_scores/nonlin_additive/std": 0.1307311439252841, "gt_scores/nonlin_additive/min": -0.8613129322410867, "gt_scores/nonlin_additive/pct5": -0.8371371284084792, "gt_scores/nonlin_additive_pairwise/std": 1.1102230246251565e-16, "gt_scores/nonlin_additive_pairwise/min": -0.8653877661321029, "gt_scores/nonlin_additive_pairwise/pct5": -0.8653877661321029, "rho_curated/additive/additive": 0.9999984093039362, "rho_random/additive/additive": 0.9999940839624424, "rho_curated/pairwise/additive": 0.9999765628230619, "rho_random/pairwise/additive": 0.9999525841392728, "rho_curated/additive_GE/additive": 0.9999869906074792, "rho_random/additive_GE/additive": 0.9999651141462522, "rho_curated/pairwise_GE/additive": 0.9998017318640599, "rho_random/pairwise_GE/additive": 0.9996421964147528, "rho_curated/additive/additive_pairwise": 0.9352174002120316, "rho_random/additive/additive_pairwise": 0.8945103702821542, "rho_curated/pairwise/additive_pairwise": 0.9999651740306035, "rho_random/pairwise/additive_pairwise": 0.9999469537974311, "rho_curated/additive_GE/additive_pairwise": 0.9351558182704515, "rho_random/additive_GE/additive_pairwise": 0.8986565226235116, "rho_curated/pairwise_GE/additive_pairwise": 0.9996557220021957, "rho_random/pairwise_GE/additive_pairwise": 0.9994448200964102, "rho_curated/additive/nonlin_additive": 0.9952188994242969, "rho_random/additive/nonlin_additive": 0.9960360658968095, "rho_curated/pairwise/nonlin_additive": 0.99920069074397, "rho_random/pairwise/nonlin_additive": 0.9970760689235637, "rho_curated/additive_GE/nonlin_additive": 0.9999679112787133, "rho_random/additive_GE/nonlin_additive": 0.9999718727125385, "rho_curated/pairwise_GE/nonlin_additive": 0.9995844577433581, "rho_random/pairwise_GE/nonlin_additive": 0.9995717432349438, "rho_curated/additive/nonlin_additive_pairwise": NaN, "rho_random/additive/nonlin_additive_pairwise": NaN, "rho_curated/pairwise/nonlin_additive_pairwise": NaN, "rho_random/pairwise/nonlin_additive_pairwise": NaN, "rho_curated/additive_GE/nonlin_additive_pairwise": NaN, "rho_random/additive_GE/nonlin_additive_pairwise": NaN, "rho_curated/pairwise_GE/nonlin_additive_pairwise": NaN, "rho_random/pairwise_GE/nonlin_additive_pairwise": NaN, "rho_curated_mean": 0.9886441473586798, "rho_random_mean": 0.9820640330191736, "_wandb": {"runtime": 532}}