{"potts/n_edges": 70, "potts/edge_density": 0.6666666666666666, "potts/J_mean_abs": 4.062272071838379, "potts/J_std": 3.5481395721435547, "_timestamp": 1773605164.239327, "_runtime": 529.2971479892731, "_step": 21, "gt_scores/additive/std": 0.9557475539592777, "gt_scores/additive/min": -7.033940315246582, "gt_scores/additive/pct5": -5.159853672981262, "gt_scores/additive_pairwise/std": 43.60583340338287, "gt_scores/additive_pairwise/min": -369.4061279296875, "gt_scores/additive_pairwise/pct5": -299.7059295654297, "gt_scores/nonlin_additive/std": 0.1307311439252841, "gt_scores/nonlin_additive/min": -0.8613129322410867, "gt_scores/nonlin_additive/pct5": -0.8371371284084792, "gt_scores/nonlin_additive_pairwise/std": 1.1102230246251565e-16, "gt_scores/nonlin_additive_pairwise/min": -0.8653877661321029, "gt_scores/nonlin_additive_pairwise/pct5": -0.8653877661321029, "rho_curated/additive/additive": 0.9999983124399322, "rho_random/additive/additive": 0.999994248384868, "rho_curated/pairwise/additive": 0.9999730983269208, "rho_random/pairwise/additive": 0.999935940866126, "rho_curated/additive_GE/additive": 0.9999751154310006, "rho_random/additive_GE/additive": 0.9999494726915407, "rho_curated/pairwise_GE/additive": 0.9997400134375695, "rho_random/pairwise_GE/additive": 0.9995558991087506, "rho_curated/additive/additive_pairwise": 0.9386435947267985, "rho_random/additive/additive_pairwise": 0.9056352399128944, "rho_curated/pairwise/additive_pairwise": 0.9999697412307881, "rho_random/pairwise/additive_pairwise": 0.9999450654440565, "rho_curated/additive_GE/additive_pairwise": 0.9378896955546439, "rho_random/additive_GE/additive_pairwise": 0.8970627120815825, "rho_curated/pairwise_GE/additive_pairwise": 0.9997059507882096, "rho_random/pairwise_GE/additive_pairwise": 0.9995714826122684, "rho_curated/additive/nonlin_additive": 0.9958951178113121, "rho_random/additive/nonlin_additive": 0.9965124992382074, "rho_curated/pairwise/nonlin_additive": 0.9991283208050702, "rho_random/pairwise/nonlin_additive": 0.9962366917222942, "rho_curated/additive_GE/nonlin_additive": 0.9999885878795423, "rho_random/additive_GE/nonlin_additive": 0.999984855102203, "rho_curated/pairwise_GE/nonlin_additive": 0.9996773906190723, "rho_random/pairwise_GE/nonlin_additive": 0.9996779691314307, "rho_curated/additive/nonlin_additive_pairwise": NaN, "rho_random/additive/nonlin_additive_pairwise": NaN, "rho_curated/pairwise/nonlin_additive_pairwise": NaN, "rho_random/pairwise/nonlin_additive_pairwise": NaN, "rho_curated/additive_GE/nonlin_additive_pairwise": NaN, "rho_random/additive_GE/nonlin_additive_pairwise": NaN, "rho_curated/pairwise_GE/nonlin_additive_pairwise": NaN, "rho_random/pairwise_GE/nonlin_additive_pairwise": NaN, "rho_curated_mean": 0.9892154115875718, "rho_random_mean": 0.9828385063580187, "_wandb": {"runtime": 529}}