{"potts/n_edges": 328, "potts/edge_density": 0.7540229885057471, "potts/J_mean_abs": 4.432175636291504, "potts/J_std": 3.595475912094116, "_timestamp": 1773451999.189492, "_runtime": 520.4956650733948, "_step": 21, "gt_scores/additive/std": 1.171527274585528, "gt_scores/additive/min": -8.120271682739258, "gt_scores/additive/pct5": -5.117099380493164, "gt_scores/additive_pairwise/std": 81.74706501705683, "gt_scores/additive_pairwise/min": -559.4927368164062, "gt_scores/additive_pairwise/pct5": -304.335710144043, "gt_scores/nonlin_additive/std": 0.15758704638940746, "gt_scores/nonlin_additive/min": -0.7858942776032621, "gt_scores/nonlin_additive/pct5": -0.7441416081595725, "gt_scores/nonlin_additive_pairwise/std": 0.01726005400878423, "gt_scores/nonlin_additive_pairwise/min": -0.7895450085969645, "gt_scores/nonlin_additive_pairwise/pct5": -0.7895450085969645, "rho_curated/additive/additive": 0.999997103391884, "rho_random/additive/additive": 0.9999921670849705, "rho_curated/pairwise/additive": 0.9991863351674142, "rho_random/pairwise/additive": 0.9986671118016206, "rho_curated/additive_GE/additive": 0.999969195926767, "rho_random/additive_GE/additive": 0.9999368178956637, "rho_curated/pairwise_GE/additive": 0.9758684984267397, "rho_random/pairwise_GE/additive": 0.9609962874537445, "rho_curated/additive/additive_pairwise": 0.9755906549978688, "rho_random/additive/additive_pairwise": 0.9598402530464846, "rho_curated/pairwise/additive_pairwise": 0.9868429580330871, "rho_random/pairwise/additive_pairwise": 0.9776999849551654, "rho_curated/additive_GE/additive_pairwise": 0.9762124216553553, "rho_random/additive_GE/additive_pairwise": 0.9605702570549937, "rho_curated/pairwise_GE/additive_pairwise": 0.9625219710501803, "rho_random/pairwise_GE/additive_pairwise": 0.9495159276680015, "rho_curated/additive/nonlin_additive": 0.9973686955985585, "rho_random/additive/nonlin_additive": 0.9964514473184993, "rho_curated/pairwise/nonlin_additive": 0.9916020199832745, "rho_random/pairwise/nonlin_additive": 0.9872802448830408, "rho_curated/additive_GE/nonlin_additive": 0.9999804882872175, "rho_random/additive_GE/nonlin_additive": 0.9999719453945373, "rho_curated/pairwise_GE/nonlin_additive": 0.9864142426079174, "rho_random/pairwise_GE/nonlin_additive": 0.9821501370918807, "rho_curated/additive/nonlin_additive_pairwise": NaN, "rho_random/additive/nonlin_additive_pairwise": 0.17334114104551387, "rho_curated/pairwise/nonlin_additive_pairwise": NaN, "rho_random/pairwise/nonlin_additive_pairwise": 0.1919470572954226, "rho_curated/additive_GE/nonlin_additive_pairwise": NaN, "rho_random/additive_GE/nonlin_additive_pairwise": NaN, "rho_curated/pairwise_GE/nonlin_additive_pairwise": NaN, "rho_random/pairwise_GE/nonlin_additive_pairwise": 0.16677816773842857, "rho_curated_mean": 0.987629548760522, "rho_random_mean": 0.8203425965151977, "_wandb": {"runtime": 520}}