{"potts/n_edges": 242, "potts/edge_density": 0.8066666666666666, "potts/J_mean_abs": 4.537545680999756, "potts/J_std": 3.925938844680786, "_timestamp": 1773474287.10989, "_runtime": 540.9841408729553, "_step": 21, "gt_scores/additive/std": 0.973874217187291, "gt_scores/additive/min": -6.494874954223633, "gt_scores/additive/pct5": -3.951054644584656, "gt_scores/additive_pairwise/std": 55.92383511752034, "gt_scores/additive_pairwise/min": -485.61004638671875, "gt_scores/additive_pairwise/pct5": -192.59147720336912, "gt_scores/nonlin_additive/std": 0.16641086809669703, "gt_scores/nonlin_additive/min": -0.7609431941072671, "gt_scores/nonlin_additive/pct5": -0.7117288173801535, "gt_scores/nonlin_additive_pairwise/std": 0.043731588704465016, "gt_scores/nonlin_additive_pairwise/min": -0.7650602756848139, "gt_scores/nonlin_additive_pairwise/pct5": -0.7650602756848139, "rho_curated/additive/additive": 0.9999977388879091, "rho_random/additive/additive": 0.9999935032093011, "rho_curated/pairwise/additive": 0.9997154260125691, "rho_random/pairwise/additive": 0.9995628861223641, "rho_curated/additive_GE/additive": 0.9999765076230552, "rho_random/additive_GE/additive": 0.9999481650529822, "rho_curated/pairwise_GE/additive": 0.9813355699538393, "rho_random/pairwise_GE/additive": 0.9749179462557387, "rho_curated/additive/additive_pairwise": 0.9595117328444691, "rho_random/additive/additive_pairwise": 0.9403956438692165, "rho_curated/pairwise/additive_pairwise": 0.9963599998222252, "rho_random/pairwise/additive_pairwise": 0.9948167218193869, "rho_curated/additive_GE/additive_pairwise": 0.9595145296836096, "rho_random/additive_GE/additive_pairwise": 0.9396923631740727, "rho_curated/pairwise_GE/additive_pairwise": 0.9810808213232327, "rho_random/pairwise_GE/additive_pairwise": 0.9751829749593814, "rho_curated/additive/nonlin_additive": 0.9984195962397218, "rho_random/additive/nonlin_additive": 0.9978450665188471, "rho_curated/pairwise/nonlin_additive": 0.9962100050940352, "rho_random/pairwise/nonlin_additive": 0.9931026422242722, "rho_curated/additive_GE/nonlin_additive": 0.9999882111995206, "rho_random/additive_GE/nonlin_additive": 0.9999832512365193, "rho_curated/pairwise_GE/nonlin_additive": 0.9928063233237641, "rho_random/pairwise_GE/nonlin_additive": 0.9896262925401947, "rho_curated/additive/nonlin_additive_pairwise": 0.15307990499450935, "rho_random/additive/nonlin_additive_pairwise": 0.346801443564164, "rho_curated/pairwise/nonlin_additive_pairwise": 0.1958733264237918, "rho_random/pairwise/nonlin_additive_pairwise": 0.33868436831495796, "rho_curated/additive_GE/nonlin_additive_pairwise": 0.1360282324172804, "rho_random/additive_GE/nonlin_additive_pairwise": 0.42450635625193067, "rho_curated/pairwise_GE/nonlin_additive_pairwise": 0.20855869759954934, "rho_random/pairwise_GE/nonlin_additive_pairwise": 0.341588453373898, "rho_curated_mean": 0.7849035389651926, "rho_random_mean": 0.8285405049054517, "_wandb": {"runtime": 540}}