{"potts/n_edges": 72, "potts/edge_density": 0.6857142857142857, "potts/J_mean_abs": 3.382524013519287, "potts/J_std": 2.664850950241089, "_timestamp": 1773384095.4251618, "_runtime": 528.2344417572021, "_step": 21, "gt_scores/additive/std": 0.9557475539592777, "gt_scores/additive/min": -7.033940315246582, "gt_scores/additive/pct5": -5.159853672981262, "gt_scores/additive_pairwise/std": 36.004145932915605, "gt_scores/additive_pairwise/min": -311.86737060546875, "gt_scores/additive_pairwise/pct5": -253.41917419433594, "gt_scores/nonlin_additive/std": 0.1307311439252841, "gt_scores/nonlin_additive/min": -0.8613129322410867, "gt_scores/nonlin_additive/pct5": -0.8371371284084792, "gt_scores/nonlin_additive_pairwise/std": 1.1102230246251565e-16, "gt_scores/nonlin_additive_pairwise/min": -0.8653877661321029, "gt_scores/nonlin_additive_pairwise/pct5": -0.8653877661321029, "rho_curated/additive/additive": 0.9999984181839366, "rho_random/additive/additive": 0.9999948108302179, "rho_curated/pairwise/additive": 0.9999769960710794, "rho_random/pairwise/additive": 0.9999549573229454, "rho_curated/additive_GE/additive": 0.9999579372143156, "rho_random/additive_GE/additive": 0.9999126177277883, "rho_curated/pairwise_GE/additive": 0.9997323907492892, "rho_random/pairwise_GE/additive": 0.9994664958739738, "rho_curated/additive/additive_pairwise": 0.9324598693943946, "rho_random/additive/additive_pairwise": 0.8928967849702159, "rho_curated/pairwise/additive_pairwise": 0.9999669815426784, "rho_random/pairwise/additive_pairwise": 0.9999375041788962, "rho_curated/additive_GE/additive_pairwise": NaN, "rho_random/additive_GE/additive_pairwise": NaN, "rho_curated/pairwise_GE/additive_pairwise": 0.9996602459303854, "rho_random/pairwise_GE/additive_pairwise": 0.9995743721717539, "rho_curated/additive/nonlin_additive": 0.9962861886832693, "rho_random/additive/nonlin_additive": 0.9972650659600184, "rho_curated/pairwise/nonlin_additive": 0.9991485986459236, "rho_random/pairwise/nonlin_additive": 0.9969441217465169, "rho_curated/additive_GE/nonlin_additive": 0.9999897513755897, "rho_random/additive_GE/nonlin_additive": 0.9999885186343795, "rho_curated/pairwise_GE/nonlin_additive": 0.9995559057822256, "rho_random/pairwise_GE/nonlin_additive": 0.999573546410031, "rho_curated/additive/nonlin_additive_pairwise": NaN, "rho_random/additive/nonlin_additive_pairwise": NaN, "rho_curated/pairwise/nonlin_additive_pairwise": NaN, "rho_random/pairwise/nonlin_additive_pairwise": NaN, "rho_curated/additive_GE/nonlin_additive_pairwise": NaN, "rho_random/additive_GE/nonlin_additive_pairwise": NaN, "rho_curated/pairwise_GE/nonlin_additive_pairwise": NaN, "rho_random/pairwise_GE/nonlin_additive_pairwise": NaN, "rho_curated_mean": 0.9933393894157352, "rho_random_mean": 0.9895917087115216, "_wandb": {"runtime": 527}}