{"potts/n_edges": 459, "potts/edge_density": 0.5597560975609757, "potts/J_mean_abs": 3.2798211574554443, "potts/J_std": 2.5410826206207275, "_timestamp": 1773465415.988419, "_runtime": 430.59335112571716, "_step": 21, "gt_scores/additive/std": 0.5191447703223094, "gt_scores/additive/min": -3.598719596862793, "gt_scores/additive/pct5": -1.5382518947124482, "gt_scores/additive_pairwise/std": 5.646182400954195, "gt_scores/additive_pairwise/min": -55.35456466674805, "gt_scores/additive_pairwise/pct5": -14.790597534179685, "gt_scores/nonlin_additive/std": 0.18461969452448954, "gt_scores/nonlin_additive/min": -0.6301924118060259, "gt_scores/nonlin_additive/pct5": -0.5504161644280583, "gt_scores/nonlin_additive_pairwise/std": 0.2575556438572253, "gt_scores/nonlin_additive_pairwise/min": -0.631864864906417, "gt_scores/nonlin_additive_pairwise/pct5": -0.6318648649056897, "rho_curated/additive/additive": 0.9999966038526067, "rho_random/additive/additive": 0.9999857619725523, "rho_curated/pairwise/additive": 0.9991764469943478, "rho_random/pairwise/additive": 0.9995900917480665, "rho_curated/additive_GE/additive": 0.9998176838643555, "rho_random/additive_GE/additive": 0.99959224019824, "rho_curated/pairwise_GE/additive": 0.9918676177269456, "rho_random/pairwise_GE/additive": 0.9911693118571548, "rho_curated/additive/additive_pairwise": 0.7104998141143747, "rho_random/additive/additive_pairwise": 0.7046301309171809, "rho_curated/pairwise/additive_pairwise": 0.7620079130296689, "rho_random/pairwise/additive_pairwise": 0.7547035702482584, "rho_curated/additive_GE/additive_pairwise": 0.7174920189776596, "rho_random/additive_GE/additive_pairwise": 0.6985398886249364, "rho_curated/pairwise_GE/additive_pairwise": 0.6846709068763601, "rho_random/pairwise_GE/additive_pairwise": 0.7322734750876534, "rho_curated/additive/nonlin_additive": 0.9926888077988938, "rho_random/additive/nonlin_additive": 0.9898060482294954, "rho_curated/pairwise/nonlin_additive": 0.9939147456566345, "rho_random/pairwise/nonlin_additive": 0.9915197450858441, "rho_curated/additive_GE/nonlin_additive": 0.9986173104212522, "rho_random/additive_GE/nonlin_additive": 0.9982465974685666, "rho_curated/pairwise_GE/nonlin_additive": 0.9960425347963211, "rho_random/pairwise_GE/nonlin_additive": 0.9934447476167102, "rho_curated/additive/nonlin_additive_pairwise": 0.6155655565556555, "rho_random/additive/nonlin_additive_pairwise": 0.6604900276317707, "rho_curated/pairwise/nonlin_additive_pairwise": 0.672991299129913, "rho_random/pairwise/nonlin_additive_pairwise": 0.7300556526601953, "rho_curated/additive_GE/nonlin_additive_pairwise": 0.4427602760276027, "rho_random/additive_GE/nonlin_additive_pairwise": 0.4374499366629474, "rho_curated/pairwise_GE/nonlin_additive_pairwise": 0.6973897389738972, "rho_random/pairwise_GE/nonlin_additive_pairwise": 0.7047166156201825, "rho_curated_mean": 0.8297187046747806, "rho_random_mean": 0.8366383651018596, "_wandb": {"runtime": 430}}