{"potts/n_edges": 312, "potts/edge_density": 0.5243697478991597, "potts/J_mean_abs": 3.937450647354126, "potts/J_std": 3.250812292098999, "_timestamp": 1773504741.2307808, "_runtime": 531.2893829345703, "_step": 21, "gt_scores/additive/std": 1.1528579720739938, "gt_scores/additive/min": -7.998189926147461, "gt_scores/additive/pct5": -4.932051467895508, "gt_scores/additive_pairwise/std": 46.74924150579799, "gt_scores/additive_pairwise/min": -319.76507568359375, "gt_scores/additive_pairwise/pct5": -168.13313903808594, "gt_scores/nonlin_additive/std": 0.16041102297053694, "gt_scores/nonlin_additive/min": -0.774008956831814, "gt_scores/nonlin_additive/pct5": -0.7311924216093711, "gt_scores/nonlin_additive_pairwise/std": 0.036087162601085396, "gt_scores/nonlin_additive_pairwise/min": -0.7773865618694825, "gt_scores/nonlin_additive_pairwise/pct5": -0.7773865618694825, "rho_curated/additive/additive": 0.9999967020158679, "rho_random/additive/additive": 0.9999892482972169, "rho_curated/pairwise/additive": 0.9989025567561021, "rho_random/pairwise/additive": 0.9984833993455403, "rho_curated/additive_GE/additive": 0.9999732578309284, "rho_random/additive_GE/additive": 0.9999345219333612, "rho_curated/pairwise_GE/additive": 0.9679545969406457, "rho_random/pairwise_GE/additive": 0.9485496052678634, "rho_curated/additive/additive_pairwise": 0.9494809326328123, "rho_random/additive/additive_pairwise": 0.9143215434748605, "rho_curated/pairwise/additive_pairwise": 0.9670468620170835, "rho_random/pairwise/additive_pairwise": 0.9453135207835833, "rho_curated/additive_GE/additive_pairwise": 0.9511125848193301, "rho_random/additive_GE/additive_pairwise": 0.9259455620063958, "rho_curated/pairwise_GE/additive_pairwise": 0.9316210814568431, "rho_random/pairwise_GE/additive_pairwise": 0.9095132763037023, "rho_curated/additive/nonlin_additive": 0.9973844348953147, "rho_random/additive/nonlin_additive": 0.9971612753746788, "rho_curated/pairwise/nonlin_additive": 0.991093703995748, "rho_random/pairwise/nonlin_additive": 0.9871746120007354, "rho_curated/additive_GE/nonlin_additive": 0.9999889539035575, "rho_random/additive_GE/nonlin_additive": 0.9999827418386154, "rho_curated/pairwise_GE/nonlin_additive": 0.9861778022304485, "rho_random/pairwise_GE/nonlin_additive": 0.9822155688622753, "rho_curated/additive/nonlin_additive_pairwise": 0.05804201693932351, "rho_random/additive/nonlin_additive_pairwise": 0.33287938923794286, "rho_curated/pairwise/nonlin_additive_pairwise": 0.04354140170985204, "rho_random/pairwise/nonlin_additive_pairwise": 0.338474010651469, "rho_curated/additive_GE/nonlin_additive_pairwise": -0.038875375288034905, "rho_random/additive_GE/nonlin_additive_pairwise": -0.12975269807988327, "rho_curated/pairwise_GE/nonlin_additive_pairwise": 0.0858572906685061, "rho_random/pairwise_GE/nonlin_additive_pairwise": 0.3609134449449325, "rho_curated_mean": 0.7430811752202705, "rho_random_mean": 0.7819436888902056, "_wandb": {"runtime": 530}}