{"potts/n_edges": 236, "potts/edge_density": 0.7866666666666666, "potts/J_mean_abs": 3.371368169784546, "potts/J_std": 2.644871234893799, "_timestamp": 1773641516.6688166, "_runtime": 534.6472616195679, "_step": 21, "gt_scores/additive/std": 1.4607008917297066, "gt_scores/additive/min": -10.880603790283203, "gt_scores/additive/pct5": -7.648485493659973, "gt_scores/additive_pairwise/std": 94.28824121135551, "gt_scores/additive_pairwise/min": -675.1646728515625, "gt_scores/additive_pairwise/pct5": -424.3334259033203, "gt_scores/nonlin_additive/std": 0.1329364744996366, "gt_scores/nonlin_additive/min": -0.8491222741790089, "gt_scores/nonlin_additive/pct5": -0.8226467537292117, "gt_scores/nonlin_additive_pairwise/std": 7.008739408166672e-05, "gt_scores/nonlin_additive_pairwise/min": -0.8524745773399738, "gt_scores/nonlin_additive_pairwise/pct5": -0.8524745773399738, "rho_curated/additive/additive": 0.9999979452879177, "rho_random/additive/additive": 0.9999930984377204, "rho_curated/pairwise/additive": 0.9997656213906081, "rho_random/pairwise/additive": 0.9995540892481866, "rho_curated/additive_GE/additive": 0.9999713281828525, "rho_random/additive_GE/additive": 0.9999315906297179, "rho_curated/pairwise_GE/additive": 0.9838808083860717, "rho_random/pairwise_GE/additive": 0.9721220274165661, "rho_curated/additive/additive_pairwise": 0.9859072908282915, "rho_random/additive/additive_pairwise": 0.9753824165479422, "rho_curated/pairwise/additive_pairwise": 0.9995608399184334, "rho_random/pairwise/additive_pairwise": 0.9992763484321368, "rho_curated/additive_GE/additive_pairwise": 0.9858771867387486, "rho_random/additive_GE/additive_pairwise": 0.976356074344473, "rho_curated/pairwise_GE/additive_pairwise": 0.9782468095053504, "rho_random/pairwise_GE/additive_pairwise": 0.9725452435056283, "rho_curated/additive/nonlin_additive": 0.9973551471178884, "rho_random/additive/nonlin_additive": 0.9977225453033246, "rho_curated/pairwise/nonlin_additive": 0.9949759465266762, "rho_random/pairwise/nonlin_additive": 0.9883785820611994, "rho_curated/additive_GE/nonlin_additive": 0.9999868964794741, "rho_random/additive_GE/nonlin_additive": 0.9999808654027825, "rho_curated/pairwise_GE/nonlin_additive": 0.9900868449862843, "rho_random/pairwise_GE/nonlin_additive": 0.9882079586464091, "rho_curated/additive/nonlin_additive_pairwise": NaN, "rho_random/additive/nonlin_additive_pairwise": NaN, "rho_curated/pairwise/nonlin_additive_pairwise": NaN, "rho_random/pairwise/nonlin_additive_pairwise": -0.00173330618206889, "rho_curated/additive_GE/nonlin_additive_pairwise": NaN, "rho_random/additive_GE/nonlin_additive_pairwise": NaN, "rho_curated/pairwise_GE/nonlin_additive_pairwise": NaN, "rho_random/pairwise_GE/nonlin_additive_pairwise": 0.0027661789235446143, "rho_curated_mean": 0.992967722112383, "rho_random_mean": 0.8478916937655401, "_wandb": {"runtime": 534}}