{"potts/n_edges": 218, "potts/edge_density": 0.5011494252873563, "potts/J_mean_abs": 1.6103692054748535, "potts/J_std": 1.2994780540466309, "_timestamp": 1773655608.5745535, "_runtime": 521.4042844772339, "_step": 21, "gt_scores/additive/std": 1.1925536417782636, "gt_scores/additive/min": -9.211626052856445, "gt_scores/additive/pct5": -6.01135892868042, "gt_scores/additive_pairwise/std": 26.081868610739225, "gt_scores/additive_pairwise/min": -171.73585510253906, "gt_scores/additive_pairwise/pct5": -109.41278266906738, "gt_scores/nonlin_additive/std": 0.1394448448352391, "gt_scores/nonlin_additive/min": -0.8371870805299297, "gt_scores/nonlin_additive/pct5": -0.8067663836145071, "gt_scores/nonlin_additive_pairwise/std": 0.00043827511095257695, "gt_scores/nonlin_additive_pairwise/min": -0.8394933305681229, "gt_scores/nonlin_additive_pairwise/pct5": -0.8394933305681229, "rho_curated/additive/additive": 0.999997949007918, "rho_random/additive/additive": 0.9999923812116003, "rho_curated/pairwise/additive": 0.9992350079373638, "rho_random/pairwise/additive": 0.9984927876916119, "rho_curated/additive_GE/additive": 0.9999762764070504, "rho_random/additive_GE/additive": 0.9999462588841345, "rho_curated/pairwise_GE/additive": 0.9709401955708182, "rho_random/pairwise_GE/additive": 0.9482830801120755, "rho_curated/additive/additive_pairwise": 0.9652388943038871, "rho_random/additive/additive_pairwise": 0.9379731917287125, "rho_curated/pairwise/additive_pairwise": 0.9883666215903857, "rho_random/pairwise/additive_pairwise": 0.9792674417270388, "rho_curated/additive_GE/additive_pairwise": 0.9648473120162051, "rho_random/additive_GE/additive_pairwise": 0.9417790359351377, "rho_curated/pairwise_GE/additive_pairwise": 0.9543572973742919, "rho_random/pairwise_GE/additive_pairwise": 0.9360453856418935, "rho_curated/additive/nonlin_additive": 0.9964188076485803, "rho_random/additive/nonlin_additive": 0.9960131384006075, "rho_curated/pairwise/nonlin_additive": 0.9884679523784413, "rho_random/pairwise/nonlin_additive": 0.9818569676541417, "rho_curated/additive_GE/nonlin_additive": 0.9999870706234816, "rho_random/additive_GE/nonlin_additive": 0.9999795337938757, "rho_curated/pairwise_GE/nonlin_additive": 0.981645854064953, "rho_random/pairwise_GE/nonlin_additive": 0.9782416695452396, "rho_curated/additive/nonlin_additive_pairwise": 0.14627631103751024, "rho_random/additive/nonlin_additive_pairwise": 0.27946311370713345, "rho_curated/pairwise/nonlin_additive_pairwise": 0.17044246804251126, "rho_random/pairwise/nonlin_additive_pairwise": 0.24756568878225527, "rho_curated/additive_GE/nonlin_additive_pairwise": NaN, "rho_random/additive_GE/nonlin_additive_pairwise": NaN, "rho_curated/pairwise_GE/nonlin_additive_pairwise": 0.141936117340549, "rho_random/pairwise_GE/nonlin_additive_pairwise": 0.27291822807920785, "rho_curated_mean": 0.8178756090229297, "rho_random_mean": 0.833187860192978, "_wandb": {"runtime": 521}}