{"potts/n_edges": 87, "potts/edge_density": 0.8285714285714286, "potts/J_mean_abs": 2.6494593620300293, "potts/J_std": 2.3635575771331787, "_timestamp": 1773378391.1206436, "_runtime": 550.5196685791016, "_step": 21, "gt_scores/additive/std": 0.9557475539592777, "gt_scores/additive/min": -7.033940315246582, "gt_scores/additive/pct5": -5.159853672981262, "gt_scores/additive_pairwise/std": 29.864755267601332, "gt_scores/additive_pairwise/min": -263.056884765625, "gt_scores/additive_pairwise/pct5": -200.83252334594727, "gt_scores/nonlin_additive/std": 0.1307311439252841, "gt_scores/nonlin_additive/min": -0.8613129322410867, "gt_scores/nonlin_additive/pct5": -0.8371371284084792, "gt_scores/nonlin_additive_pairwise/std": 1.1102230246251565e-16, "gt_scores/nonlin_additive_pairwise/min": -0.8653877661321029, "gt_scores/nonlin_additive_pairwise/pct5": -0.8653877661321029, "rho_curated/additive/additive": 0.9999983600319342, "rho_random/additive/additive": 0.9999936690684706, "rho_curated/pairwise/additive": 0.9999757575270287, "rho_random/pairwise/additive": 0.9999465553467546, "rho_curated/additive_GE/additive": NaN, "rho_random/additive_GE/additive": NaN, "rho_curated/pairwise_GE/additive": 0.9997425850136785, "rho_random/pairwise_GE/additive": 0.999483976841511, "rho_curated/additive/additive_pairwise": 0.933639524900803, "rho_random/additive/additive_pairwise": 0.9008186288461694, "rho_curated/pairwise/additive_pairwise": 0.9999660997106423, "rho_random/pairwise/additive_pairwise": 0.9999256693785696, "rho_curated/additive_GE/additive_pairwise": 0.9331748133813698, "rho_random/additive_GE/additive_pairwise": 0.8980159022150143, "rho_curated/pairwise_GE/additive_pairwise": 0.9996723349948617, "rho_random/pairwise_GE/additive_pairwise": 0.9994313862674777, "rho_curated/additive/nonlin_additive": 0.9964286379287172, "rho_random/additive/nonlin_additive": 0.9971207431484183, "rho_curated/pairwise/nonlin_additive": 0.9992920417315799, "rho_random/pairwise/nonlin_additive": 0.9964209950384135, "rho_curated/additive_GE/nonlin_additive": 0.9999912752796503, "rho_random/additive_GE/nonlin_additive": 0.9999916767839192, "rho_curated/pairwise_GE/nonlin_additive": 0.999695596923802, "rho_random/pairwise_GE/nonlin_additive": 0.9997269921355625, "rho_curated/additive/nonlin_additive_pairwise": NaN, "rho_random/additive/nonlin_additive_pairwise": NaN, "rho_curated/pairwise/nonlin_additive_pairwise": NaN, "rho_random/pairwise/nonlin_additive_pairwise": NaN, "rho_curated/additive_GE/nonlin_additive_pairwise": NaN, "rho_random/additive_GE/nonlin_additive_pairwise": NaN, "rho_curated/pairwise_GE/nonlin_additive_pairwise": NaN, "rho_random/pairwise_GE/nonlin_additive_pairwise": NaN, "rho_curated_mean": 0.9874160934021879, "rho_random_mean": 0.9809887450063891, "_wandb": {"runtime": 550}}