{"potts/n_edges": 78, "potts/edge_density": 0.7428571428571429, "potts/J_mean_abs": 2.8637585639953613, "potts/J_std": 2.3949663639068604, "_timestamp": 1773467616.9861672, "_runtime": 522.4662222862244, "_step": 21, "gt_scores/additive/std": 0.9557475539592777, "gt_scores/additive/min": -7.033940315246582, "gt_scores/additive/pct5": -5.159853672981262, "gt_scores/additive_pairwise/std": 29.803423785025046, "gt_scores/additive_pairwise/min": -251.12269592285156, "gt_scores/additive_pairwise/pct5": -206.5637535095215, "gt_scores/nonlin_additive/std": 0.1307311439252841, "gt_scores/nonlin_additive/min": -0.8613129322410867, "gt_scores/nonlin_additive/pct5": -0.8371371284084792, "gt_scores/nonlin_additive_pairwise/std": 1.1102230246251565e-16, "gt_scores/nonlin_additive_pairwise/min": -0.8653877661321029, "gt_scores/nonlin_additive_pairwise/pct5": -0.8653877661321029, "rho_curated/additive/additive": 0.9999985928079436, "rho_random/additive/additive": 0.9999965757546013, "rho_curated/pairwise/additive": 0.9999752225430054, "rho_random/pairwise/additive": 0.9999500401722169, "rho_curated/additive_GE/additive": NaN, "rho_random/additive_GE/additive": NaN, "rho_curated/pairwise_GE/additive": 0.9997241125009378, "rho_random/pairwise_GE/additive": 0.9994727124770978, "rho_curated/additive/additive_pairwise": 0.9307097103130624, "rho_random/additive/additive_pairwise": 0.8918225712534223, "rho_curated/pairwise/additive_pairwise": 0.9999740907029623, "rho_random/pairwise/additive_pairwise": 0.9999450051483357, "rho_curated/additive_GE/additive_pairwise": NaN, "rho_random/additive_GE/additive_pairwise": NaN, "rho_curated/pairwise_GE/additive_pairwise": 0.9997064492922509, "rho_random/pairwise_GE/additive_pairwise": 0.9995557553074019, "rho_curated/additive/nonlin_additive": 0.9964414587534878, "rho_random/additive/nonlin_additive": 0.9972094468670688, "rho_curated/pairwise/nonlin_additive": 0.9992009787919816, "rho_random/pairwise/nonlin_additive": 0.9951060780384964, "rho_curated/additive_GE/nonlin_additive": 0.9999910975596432, "rho_random/additive_GE/nonlin_additive": 0.9999897172882104, "rho_curated/pairwise_GE/nonlin_additive": 0.9996392141775514, "rho_random/pairwise_GE/nonlin_additive": 0.9996384293367745, "rho_curated/additive/nonlin_additive_pairwise": NaN, "rho_random/additive/nonlin_additive_pairwise": NaN, "rho_curated/pairwise/nonlin_additive_pairwise": NaN, "rho_random/pairwise/nonlin_additive_pairwise": NaN, "rho_curated/additive_GE/nonlin_additive_pairwise": NaN, "rho_random/additive_GE/nonlin_additive_pairwise": NaN, "rho_curated/pairwise_GE/nonlin_additive_pairwise": NaN, "rho_random/pairwise_GE/nonlin_additive_pairwise": NaN, "rho_curated_mean": 0.9925360927442828, "rho_random_mean": 0.9882686331643628, "_wandb": {"runtime": 522}}