{"potts/n_edges": 244, "potts/edge_density": 0.2975609756097561, "potts/J_mean_abs": 1.9707530736923218, "potts/J_std": 1.5493969917297363, "_timestamp": 1773437188.7263665, "_runtime": 480.83558344841003, "_step": 21, "gt_scores/additive/std": 1.0175808138093851, "gt_scores/additive/min": -6.929576873779297, "gt_scores/additive/pct5": -3.6183809638023376, "gt_scores/additive_pairwise/std": 9.550922481378754, "gt_scores/additive_pairwise/min": -87.47858428955078, "gt_scores/additive_pairwise/pct5": -29.745055294036867, "gt_scores/nonlin_additive/std": 0.17731058371697414, "gt_scores/nonlin_additive/min": -0.7023235454560188, "gt_scores/nonlin_additive/pct5": -0.6410799093596609, "gt_scores/nonlin_additive_pairwise/std": 0.1790853261266878, "gt_scores/nonlin_additive_pairwise/min": -0.7049516427214213, "gt_scores/nonlin_additive_pairwise/pct5": -0.704951642720939, "rho_curated/additive/additive": 0.9999967758158428, "rho_random/additive/additive": 0.9999902371089552, "rho_curated/pairwise/additive": 0.9988802004813448, "rho_random/pairwise/additive": 0.9989007231113478, "rho_curated/additive_GE/additive": 0.999968664134469, "rho_random/additive_GE/additive": 0.9999379450676471, "rho_curated/pairwise_GE/additive": 0.9829133241332134, "rho_random/pairwise_GE/additive": 0.9776629404307229, "rho_curated/additive/additive_pairwise": 0.8790091290673273, "rho_random/additive/additive_pairwise": 0.8651815036578868, "rho_curated/pairwise/additive_pairwise": 0.9067012760216594, "rho_random/pairwise/additive_pairwise": 0.8926396715033705, "rho_curated/additive_GE/additive_pairwise": 0.8801432779014593, "rho_random/additive_GE/additive_pairwise": 0.8768088567418143, "rho_curated/pairwise_GE/additive_pairwise": 0.8972030880769853, "rho_random/pairwise_GE/additive_pairwise": 0.8724885676595802, "rho_curated/additive/nonlin_additive": 0.997797355315401, "rho_random/additive/nonlin_additive": 0.9974485350248498, "rho_curated/pairwise/nonlin_additive": 0.9937664254340987, "rho_random/pairwise/nonlin_additive": 0.991712261185436, "rho_curated/additive_GE/nonlin_additive": 0.9999868796551625, "rho_random/additive_GE/nonlin_additive": 0.999974096800296, "rho_curated/pairwise_GE/nonlin_additive": 0.9924207787085672, "rho_random/pairwise_GE/nonlin_additive": 0.9888509240481255, "rho_curated/additive/nonlin_additive_pairwise": 0.5760925581580799, "rho_random/additive/nonlin_additive_pairwise": 0.8258746635054631, "rho_curated/pairwise/nonlin_additive_pairwise": 0.6060408442088484, "rho_random/pairwise/nonlin_additive_pairwise": 0.8399449028379324, "rho_curated/additive_GE/nonlin_additive_pairwise": 0.541215962013239, "rho_random/additive_GE/nonlin_additive_pairwise": 0.8432840283920862, "rho_curated/pairwise_GE/nonlin_additive_pairwise": 0.5926252278633818, "rho_random/pairwise_GE/nonlin_additive_pairwise": 0.8443910557935941, "rho_curated_mean": 0.8652976104368175, "rho_random_mean": 0.9259431820543192, "_wandb": {"runtime": 480}}