{"potts/n_edges": 300, "potts/edge_density": 0.36585365853658536, "potts/J_mean_abs": 3.495936393737793, "potts/J_std": 5.229042053222656, "_timestamp": 1773675063.0622315, "_runtime": 490.40630054473877, "_step": 21, "gt_scores/additive/std": 1.2182631728018556, "gt_scores/additive/min": -7.999075889587402, "gt_scores/additive/pct5": -5.24344220161438, "gt_scores/additive_pairwise/std": 41.773747897825935, "gt_scores/additive_pairwise/min": -321.76806640625, "gt_scores/additive_pairwise/pct5": -142.4725112915039, "gt_scores/nonlin_additive/std": 0.16098235818498738, "gt_scores/nonlin_additive/min": -0.7720137260233342, "gt_scores/nonlin_additive/pct5": -0.7319484747538197, "gt_scores/nonlin_additive_pairwise/std": 0.04775752955363467, "gt_scores/nonlin_additive_pairwise/min": -0.7768907610912195, "gt_scores/nonlin_additive_pairwise/pct5": -0.7768907610912195, "rho_curated/additive/additive": 0.9999965065358599, "rho_random/additive/additive": 0.9999903088336184, "rho_curated/pairwise/additive": 0.9987716964627498, "rho_random/pairwise/additive": 0.9985066852807841, "rho_curated/additive_GE/additive": 0.9999683164707304, "rho_random/additive_GE/additive": 0.9999320131370678, "rho_curated/pairwise_GE/additive": 0.9733142019392871, "rho_random/pairwise_GE/additive": 0.9597958924390882, "rho_curated/additive/additive_pairwise": 0.8523066106407197, "rho_random/additive/additive_pairwise": 0.8383084268862799, "rho_curated/pairwise/additive_pairwise": 0.8790363977534557, "rho_random/pairwise/additive_pairwise": 0.878882683470746, "rho_curated/additive_GE/additive_pairwise": 0.8431541375341653, "rho_random/additive_GE/additive_pairwise": 0.8548625281382889, "rho_curated/pairwise_GE/additive_pairwise": 0.8737686704707467, "rho_random/pairwise_GE/additive_pairwise": 0.8545282228916647, "rho_curated/additive/nonlin_additive": 0.9969222972365962, "rho_random/additive/nonlin_additive": 0.9961625367681587, "rho_curated/pairwise/nonlin_additive": 0.9913752018543871, "rho_random/pairwise/nonlin_additive": 0.988509736710187, "rho_curated/additive_GE/nonlin_additive": 0.999976566423061, "rho_random/additive_GE/nonlin_additive": 0.9999640794805457, "rho_curated/pairwise_GE/nonlin_additive": 0.9868714925942293, "rho_random/pairwise_GE/nonlin_additive": 0.9827450676917446, "rho_curated/additive/nonlin_additive_pairwise": 0.1595545076266607, "rho_random/additive/nonlin_additive_pairwise": 0.46506524096815516, "rho_curated/pairwise/nonlin_additive_pairwise": 0.16561246923532974, "rho_random/pairwise/nonlin_additive_pairwise": 0.4867625601342166, "rho_curated/additive_GE/nonlin_additive_pairwise": 0.12867019855863182, "rho_random/additive_GE/nonlin_additive_pairwise": 0.46846854148270517, "rho_curated/pairwise_GE/nonlin_additive_pairwise": 0.13121868645424264, "rho_random/pairwise_GE/nonlin_additive_pairwise": 0.5241134188099326, "rho_curated_mean": 0.7487823723619284, "rho_random_mean": 0.8310373714451991, "_wandb": {"runtime": 490}}