{"potts/n_edges": 95, "potts/edge_density": 0.9047619047619048, "potts/J_mean_abs": 4.126104831695557, "potts/J_std": 3.353208541870117, "_timestamp": 1773690481.982569, "_runtime": 527.6490828990936, "_step": 21, "gt_scores/additive/std": 0.7478419753922801, "gt_scores/additive/min": -4.990938663482666, "gt_scores/additive/pct5": -3.301434588432312, "gt_scores/additive_pairwise/std": 66.4843761265392, "gt_scores/additive_pairwise/min": -452.4561462402344, "gt_scores/additive_pairwise/pct5": -285.84684295654296, "gt_scores/nonlin_additive/std": 0.15626632297714066, "gt_scores/nonlin_additive/min": -0.7844779057526228, "gt_scores/nonlin_additive/pct5": -0.7458549698064931, "gt_scores/nonlin_additive_pairwise/std": 4.768664601753189e-09, "gt_scores/nonlin_additive_pairwise/min": -0.7891859569495114, "gt_scores/nonlin_additive_pairwise/pct5": -0.7891859569495114, "rho_curated/additive/additive": 0.9999980308719212, "rho_random/additive/additive": 0.9999934096111651, "rho_curated/pairwise/additive": 0.9999752371590077, "rho_random/pairwise/additive": 0.999943902338836, "rho_curated/additive_GE/additive": 0.9999785548231407, "rho_random/additive_GE/additive": 0.9999519888339808, "rho_curated/pairwise_GE/additive": 0.9996622290744729, "rho_random/pairwise_GE/additive": 0.9994134233330988, "rho_curated/additive/additive_pairwise": 0.9765287853234615, "rho_random/additive/additive_pairwise": 0.9633657853155138, "rho_curated/pairwise/additive_pairwise": 0.9999780692791215, "rho_random/pairwise/additive_pairwise": 0.9999452738421731, "rho_curated/additive_GE/additive_pairwise": NaN, "rho_random/additive_GE/additive_pairwise": NaN, "rho_curated/pairwise_GE/additive_pairwise": 0.9996565844422387, "rho_random/pairwise_GE/additive_pairwise": 0.9995620749356529, "rho_curated/additive/nonlin_additive": 0.998176200254829, "rho_random/additive/nonlin_additive": 0.9980235192828201, "rho_curated/pairwise/nonlin_additive": 0.9995701148147428, "rho_random/pairwise/nonlin_additive": 0.9988992740603895, "rho_curated/additive_GE/nonlin_additive": NaN, "rho_random/additive_GE/nonlin_additive": NaN, "rho_curated/pairwise_GE/nonlin_additive": 0.9997954028717868, "rho_random/pairwise_GE/nonlin_additive": 0.9997339129353965, "rho_curated/additive/nonlin_additive_pairwise": NaN, "rho_random/additive/nonlin_additive_pairwise": NaN, "rho_curated/pairwise/nonlin_additive_pairwise": NaN, "rho_random/pairwise/nonlin_additive_pairwise": NaN, "rho_curated/additive_GE/nonlin_additive_pairwise": NaN, "rho_random/additive_GE/nonlin_additive_pairwise": NaN, "rho_curated/pairwise_GE/nonlin_additive_pairwise": NaN, "rho_random/pairwise_GE/nonlin_additive_pairwise": NaN, "rho_curated_mean": 0.9973319208914722, "rho_random_mean": 0.9958832564489025, "_wandb": {"runtime": 527}}