{"potts/n_edges": 78, "potts/edge_density": 0.7428571428571429, "potts/J_mean_abs": 2.263705015182495, "potts/J_std": 1.9622063636779785, "_timestamp": 1773659058.8132098, "_runtime": 662.5876977443695, "_step": 21, "gt_scores/additive/std": 0.5433313912296246, "gt_scores/additive/min": -3.5346574783325195, "gt_scores/additive/pct5": -1.7854540646076202, "gt_scores/additive_pairwise/std": 10.374047282623945, "gt_scores/additive_pairwise/min": -74.30850219726562, "gt_scores/additive_pairwise/pct5": -30.696675395965578, "gt_scores/nonlin_additive/std": 0.1831123825954025, "gt_scores/nonlin_additive/min": -0.6716183141258335, "gt_scores/nonlin_additive/pct5": -0.6027227281202393, "gt_scores/nonlin_additive_pairwise/std": 0.19117468062492163, "gt_scores/nonlin_additive_pairwise/min": -0.674709938027459, "gt_scores/nonlin_additive_pairwise/pct5": -0.674709938027459, "rho_curated/additive/additive": 0.9999978535827762, "rho_random/additive/additive": 0.9999934854950113, "rho_curated/pairwise/additive": 0.9999582868453425, "rho_random/pairwise/additive": 0.9999284233892856, "rho_curated/additive_GE/additive": 0.9999790376186817, "rho_random/additive_GE/additive": 0.9999528209342542, "rho_curated/pairwise_GE/additive": 0.9983818315519454, "rho_random/pairwise_GE/additive": 0.9987981288526848, "rho_curated/additive/additive_pairwise": 0.896114544522943, "rho_random/additive/additive_pairwise": 0.880497453304177, "rho_curated/pairwise/additive_pairwise": 0.9999349943166229, "rho_random/pairwise/additive_pairwise": 0.9998487802457092, "rho_curated/additive_GE/additive_pairwise": 0.8944586233274474, "rho_random/additive_GE/additive_pairwise": 0.8707014644876234, "rho_curated/pairwise_GE/additive_pairwise": 0.9979837482073002, "rho_random/pairwise_GE/additive_pairwise": 0.997219640212208, "rho_curated/additive/nonlin_additive": 0.9979929653512022, "rho_random/additive/nonlin_additive": 0.9974310544640276, "rho_curated/pairwise/nonlin_additive": 0.9994669953884423, "rho_random/pairwise/nonlin_additive": 0.9994024338097244, "rho_curated/additive_GE/nonlin_additive": 0.9999884097646518, "rho_random/additive_GE/nonlin_additive": 0.9999757039997342, "rho_curated/pairwise_GE/nonlin_additive": 0.9996263455898603, "rho_random/pairwise_GE/nonlin_additive": 0.9994200187334805, "rho_curated/additive/nonlin_additive_pairwise": 0.5655563151732923, "rho_random/additive/nonlin_additive_pairwise": 0.7702705279006026, "rho_curated/pairwise/nonlin_additive_pairwise": 0.6225032881243738, "rho_random/pairwise/nonlin_additive_pairwise": 0.7866642228239819, "rho_curated/additive_GE/nonlin_additive_pairwise": 0.4811910236291222, "rho_random/additive_GE/nonlin_additive_pairwise": 0.7936507093828462, "rho_curated/pairwise_GE/nonlin_additive_pairwise": 0.6827791976492357, "rho_random/pairwise_GE/nonlin_additive_pairwise": 0.864310553037179, "rho_curated_mean": 0.8834945912902025, "rho_random_mean": 0.9348790888170331, "_wandb": {"runtime": 661}}