{"potts/n_edges": 3822, "potts/edge_density": 0.7721212121212121, "potts/J_mean_abs": 5.645138263702393, "potts/J_std": 10.534682273864746, "_timestamp": 1773358080.7800035, "_runtime": 473.0573515892029, "_step": 21, "gt_scores/additive/std": 0.6064965922975785, "gt_scores/additive/min": -4.702960968017578, "gt_scores/additive/pct5": -1.795983749628067, "gt_scores/additive_pairwise/std": 16.441042984895937, "gt_scores/additive_pairwise/min": -332.5166320800781, "gt_scores/additive_pairwise/pct5": -31.838063430786132, "gt_scores/nonlin_additive/std": 0.18303382566322113, "gt_scores/nonlin_additive/min": -0.6249744584994674, "gt_scores/nonlin_additive/pct5": -0.5460670030116966, "gt_scores/nonlin_additive_pairwise/std": 0.26380672744037525, "gt_scores/nonlin_additive_pairwise/min": -0.625690874196531, "gt_scores/nonlin_additive_pairwise/pct5": -0.625690874196531, "rho_curated/additive/additive": 0.999989606455662, "rho_random/additive/additive": 0.9999622112874976, "rho_curated/pairwise/additive": 0.9997700921506634, "rho_random/pairwise/additive": 0.9997499230930705, "rho_curated/additive_GE/additive": 0.9998512957361394, "rho_random/additive_GE/additive": 0.9996653577206694, "rho_curated/pairwise_GE/additive": 0.9975201529524328, "rho_random/pairwise_GE/additive": 0.9962970098356171, "rho_curated/additive/additive_pairwise": 0.20773563986889032, "rho_random/additive/additive_pairwise": 0.2554234956638679, "rho_curated/pairwise/additive_pairwise": 0.4660326105366483, "rho_random/pairwise/additive_pairwise": 0.6134552981727919, "rho_curated/additive_GE/additive_pairwise": 0.5422158685015482, "rho_random/additive_GE/additive_pairwise": 0.6730740420151549, "rho_curated/pairwise_GE/additive_pairwise": 0.5310874918292018, "rho_random/pairwise_GE/additive_pairwise": 0.7218235250355444, "rho_curated/additive/nonlin_additive": 0.9809440414800571, "rho_random/additive/nonlin_additive": 0.9784033161928913, "rho_curated/pairwise/nonlin_additive": 0.9937003084971731, "rho_random/pairwise/nonlin_additive": 0.992441667102177, "rho_curated/additive_GE/nonlin_additive": 0.9971015166911477, "rho_random/additive_GE/nonlin_additive": 0.9970108665747371, "rho_curated/pairwise_GE/nonlin_additive": 0.9979594097045356, "rho_random/pairwise_GE/nonlin_additive": 0.9970363880764821, "rho_curated/additive/nonlin_additive_pairwise": 0.6139628922962077, "rho_random/additive/nonlin_additive_pairwise": 0.558876345018766, "rho_curated/pairwise/nonlin_additive_pairwise": 0.6629176102942718, "rho_random/pairwise/nonlin_additive_pairwise": 0.6710865216802581, "rho_curated/additive_GE/nonlin_additive_pairwise": 0.4308649906271954, "rho_random/additive_GE/nonlin_additive_pairwise": 0.5045174557256314, "rho_curated/pairwise_GE/nonlin_additive_pairwise": 0.30667628572640576, "rho_random/pairwise_GE/nonlin_additive_pairwise": 0.3932901021446558, "rho_curated_mean": 0.7330206133342613, "rho_random_mean": 0.7720070953337382, "_wandb": {"runtime": 472}}