{"potts/n_edges": 415, "potts/edge_density": 0.9540229885057471, "potts/J_mean_abs": 4.129915714263916, "potts/J_std": 3.3689231872558594, "_timestamp": 1773686227.1365776, "_runtime": 503.6842665672302, "_step": 21, "gt_scores/additive/std": 1.3145519307288893, "gt_scores/additive/min": -9.543702125549316, "gt_scores/additive/pct5": -6.543755149841308, "gt_scores/additive_pairwise/std": 145.79633351856714, "gt_scores/additive_pairwise/min": -1088.2554931640625, "gt_scores/additive_pairwise/pct5": -629.9283142089844, "gt_scores/nonlin_additive/std": 0.1415948963973883, "gt_scores/nonlin_additive/min": -0.8305795334928087, "gt_scores/nonlin_additive/pct5": -0.8006284573354645, "gt_scores/nonlin_additive_pairwise/std": 5.998646119313182e-08, "gt_scores/nonlin_additive_pairwise/min": -0.8341020215334246, "gt_scores/nonlin_additive_pairwise/pct5": -0.8341020215334246, "rho_curated/additive/additive": 0.999997446639898, "rho_random/additive/additive": 0.999993025990975, "rho_curated/pairwise/additive": 0.9991708917668157, "rho_random/pairwise/additive": 0.9984080015115003, "rho_curated/additive_GE/additive": 0.9999858899434346, "rho_random/additive_GE/additive": 0.9999649928096973, "rho_curated/pairwise_GE/additive": 0.9663992641583579, "rho_random/pairwise_GE/additive": 0.9449818176011184, "rho_curated/additive/additive_pairwise": 0.9872307519686172, "rho_random/additive/additive_pairwise": 0.9788555786705649, "rho_curated/pairwise/additive_pairwise": 0.9934260104087249, "rho_random/pairwise/additive_pairwise": 0.9901221468516176, "rho_curated/additive_GE/additive_pairwise": 0.9876748546104027, "rho_random/additive_GE/additive_pairwise": 0.9788041733593168, "rho_curated/pairwise_GE/additive_pairwise": 0.9599034366412506, "rho_random/pairwise_GE/additive_pairwise": 0.9473331269140242, "rho_curated/additive/nonlin_additive": 0.9972225001447668, "rho_random/additive/nonlin_additive": 0.997299085806308, "rho_curated/pairwise/nonlin_additive": 0.9887864957511907, "rho_random/pairwise/nonlin_additive": 0.9836712274496299, "rho_curated/additive_GE/nonlin_additive": 0.9999881553035254, "rho_random/additive_GE/nonlin_additive": 0.9999874176018396, "rho_curated/pairwise_GE/nonlin_additive": 0.9798990672994803, "rho_random/pairwise_GE/nonlin_additive": 0.9758598113144911, "rho_curated/additive/nonlin_additive_pairwise": NaN, "rho_random/additive/nonlin_additive_pairwise": NaN, "rho_curated/pairwise/nonlin_additive_pairwise": NaN, "rho_random/pairwise/nonlin_additive_pairwise": NaN, "rho_curated/additive_GE/nonlin_additive_pairwise": NaN, "rho_random/additive_GE/nonlin_additive_pairwise": NaN, "rho_curated/pairwise_GE/nonlin_additive_pairwise": NaN, "rho_random/pairwise_GE/nonlin_additive_pairwise": NaN, "rho_curated_mean": 0.9883070637197054, "rho_random_mean": 0.9829400338234237, "_wandb": {"runtime": 503}}