{"potts/n_edges": 96, "potts/edge_density": 0.9142857142857143, "potts/J_mean_abs": 3.176286220550537, "potts/J_std": 2.4861583709716797, "_timestamp": 1773530903.6605103, "_runtime": 538.9923372268677, "_step": 21, "gt_scores/additive/std": 0.9557475539592777, "gt_scores/additive/min": -7.033940315246582, "gt_scores/additive/pct5": -5.159853672981262, "gt_scores/additive_pairwise/std": 42.76693473646956, "gt_scores/additive_pairwise/min": -371.1313781738281, "gt_scores/additive_pairwise/pct5": -318.74986877441404, "gt_scores/nonlin_additive/std": 0.1307311439252841, "gt_scores/nonlin_additive/min": -0.8613129322410867, "gt_scores/nonlin_additive/pct5": -0.8371371284084792, "gt_scores/nonlin_additive_pairwise/std": 1.1102230246251565e-16, "gt_scores/nonlin_additive_pairwise/min": -0.8653877661321029, "gt_scores/nonlin_additive_pairwise/pct5": -0.8653877661321029, "rho_curated/additive/additive": 0.9999983118399322, "rho_random/additive/additive": 0.9999948399948401, "rho_curated/pairwise/additive": 0.9999770111670803, "rho_random/pairwise/additive": 0.9999475484736671, "rho_curated/additive_GE/additive": 0.9999903279756129, "rho_random/additive_GE/additive": 0.9999757837403686, "rho_curated/pairwise_GE/additive": 0.9996841759473595, "rho_random/pairwise_GE/additive": 0.9994636906318324, "rho_curated/additive/additive_pairwise": 0.9513287159159806, "rho_random/additive/additive_pairwise": 0.9185202008694081, "rho_curated/pairwise/additive_pairwise": 0.999968906582754, "rho_random/pairwise/additive_pairwise": 0.9999403746485804, "rho_curated/additive_GE/additive_pairwise": 0.9511101408968855, "rho_random/additive_GE/additive_pairwise": 0.9207291820878996, "rho_curated/pairwise_GE/additive_pairwise": 0.9996231270249072, "rho_random/pairwise_GE/additive_pairwise": 0.9994532029017251, "rho_curated/additive/nonlin_additive": 0.9959735299183616, "rho_random/additive/nonlin_additive": 0.9967368376324133, "rho_curated/pairwise/nonlin_additive": 0.9990732835947981, "rho_random/pairwise/nonlin_additive": 0.9965465729703387, "rho_curated/additive_GE/nonlin_additive": 0.9999898115435911, "rho_random/additive_GE/nonlin_additive": 0.9999874327029743, "rho_curated/pairwise_GE/nonlin_additive": 0.9994191259606815, "rho_random/pairwise_GE/nonlin_additive": 0.9994725882075607, "rho_curated/additive/nonlin_additive_pairwise": NaN, "rho_random/additive/nonlin_additive_pairwise": NaN, "rho_curated/pairwise/nonlin_additive_pairwise": NaN, "rho_random/pairwise/nonlin_additive_pairwise": NaN, "rho_curated/additive_GE/nonlin_additive_pairwise": NaN, "rho_random/additive_GE/nonlin_additive_pairwise": NaN, "rho_curated/pairwise_GE/nonlin_additive_pairwise": NaN, "rho_random/pairwise_GE/nonlin_additive_pairwise": NaN, "rho_curated_mean": 0.9913447056973287, "rho_random_mean": 0.9858973545718005, "_wandb": {"runtime": 538}}