{"potts/n_edges": 291, "potts/edge_density": 0.6689655172413793, "potts/J_mean_abs": 1.7712059020996094, "potts/J_std": 1.4790472984313965, "_timestamp": 1773344134.9963968, "_runtime": 502.7712187767029, "_step": 21, "gt_scores/additive/std": 1.3145519307288893, "gt_scores/additive/min": -9.543702125549316, "gt_scores/additive/pct5": -6.543755149841308, "gt_scores/additive_pairwise/std": 36.66985710131844, "gt_scores/additive_pairwise/min": -255.38790893554688, "gt_scores/additive_pairwise/pct5": -156.59088363647462, "gt_scores/nonlin_additive/std": 0.1415948963973883, "gt_scores/nonlin_additive/min": -0.8305795334928087, "gt_scores/nonlin_additive/pct5": -0.8006284573354645, "gt_scores/nonlin_additive_pairwise/std": 0.002427319012439002, "gt_scores/nonlin_additive_pairwise/min": -0.8341020215334246, "gt_scores/nonlin_additive_pairwise/pct5": -0.8341020215334246, "rho_curated/additive/additive": 0.9999971761598869, "rho_random/additive/additive": 0.9999899538282653, "rho_curated/pairwise/additive": 0.9992251010489855, "rho_random/pairwise/additive": 0.9986751962871246, "rho_curated/additive_GE/additive": 0.9999652207586079, "rho_random/additive_GE/additive": 0.9999287529630777, "rho_curated/pairwise_GE/additive": 0.9636042356624223, "rho_random/pairwise_GE/additive": 0.9456899915667653, "rho_curated/additive/additive_pairwise": 0.9712611258177553, "rho_random/additive/additive_pairwise": 0.9529491358773503, "rho_curated/pairwise/additive_pairwise": 0.9874774756027985, "rho_random/pairwise/additive_pairwise": 0.9786480670591703, "rho_curated/additive_GE/additive_pairwise": 0.9713617380210949, "rho_random/additive_GE/additive_pairwise": 0.9513627320110172, "rho_curated/pairwise_GE/additive_pairwise": 0.9526686182096088, "rho_random/pairwise_GE/additive_pairwise": 0.9316913813645158, "rho_curated/additive/nonlin_additive": 0.9968222702008145, "rho_random/additive/nonlin_additive": 0.9967249456211666, "rho_curated/pairwise/nonlin_additive": 0.9887296170686439, "rho_random/pairwise/nonlin_additive": 0.9830157580623086, "rho_curated/additive_GE/nonlin_additive": 0.9999903334956126, "rho_random/additive_GE/nonlin_additive": 0.9999851614265578, "rho_curated/pairwise_GE/nonlin_additive": 0.9804360424325027, "rho_random/pairwise_GE/nonlin_additive": 0.9775154492517969, "rho_curated/additive/nonlin_additive_pairwise": NaN, "rho_random/additive/nonlin_additive_pairwise": 0.16738034744837, "rho_curated/pairwise/nonlin_additive_pairwise": NaN, "rho_random/pairwise/nonlin_additive_pairwise": 0.18578960574809317, "rho_curated/additive_GE/nonlin_additive_pairwise": NaN, "rho_random/additive_GE/nonlin_additive_pairwise": 0.011313687660353953, "rho_curated/pairwise_GE/nonlin_additive_pairwise": NaN, "rho_random/pairwise_GE/nonlin_additive_pairwise": 0.11367686704811936, "rho_curated_mean": 0.9842949128732278, "rho_random_mean": 0.7621460645765032, "_wandb": {"runtime": 502}}