{"potts/n_edges": 439, "potts/edge_density": 0.7378151260504202, "potts/J_mean_abs": 1.2073158025741577, "potts/J_std": 0.9460806846618652, "_timestamp": 1773451462.4411824, "_runtime": 518.6794984340668, "_step": 21, "gt_scores/additive/std": 0.7269377254557157, "gt_scores/additive/min": -4.199977874755859, "gt_scores/additive/pct5": -2.4397993326187133, "gt_scores/additive_pairwise/std": 7.85687325876495, "gt_scores/additive_pairwise/min": -70.0259780883789, "gt_scores/additive_pairwise/pct5": -23.71830711364746, "gt_scores/nonlin_additive/std": 0.18264785264021724, "gt_scores/nonlin_additive/min": -0.6738283375162321, "gt_scores/nonlin_additive/pct5": -0.6112868549059727, "gt_scores/nonlin_additive_pairwise/std": 0.20296707363947317, "gt_scores/nonlin_additive_pairwise/min": -0.6803756476356105, "gt_scores/nonlin_additive_pairwise/pct5": -0.6803756476355962, "rho_curated/additive/additive": 0.999996178166441, "rho_random/additive/additive": 0.9999906682961566, "rho_curated/pairwise/additive": 0.998806963265382, "rho_random/pairwise/additive": 0.9988147251800081, "rho_curated/additive_GE/additive": 0.9999605662314364, "rho_random/additive_GE/additive": 0.9999136330990682, "rho_curated/pairwise_GE/additive": 0.9870320140801714, "rho_random/pairwise_GE/additive": 0.9839435382160426, "rho_curated/additive/additive_pairwise": 0.935619091137971, "rho_random/additive/additive_pairwise": 0.9147458485020409, "rho_curated/pairwise/additive_pairwise": 0.927327827772296, "rho_random/pairwise/additive_pairwise": 0.9404263726533568, "rho_curated/additive_GE/additive_pairwise": 0.9389294528934061, "rho_random/additive_GE/additive_pairwise": 0.9214888043449295, "rho_curated/pairwise_GE/additive_pairwise": 0.9238502905079747, "rho_random/pairwise_GE/additive_pairwise": 0.9231264582302151, "rho_curated/additive/nonlin_additive": 0.997724386315167, "rho_random/additive/nonlin_additive": 0.996815194975538, "rho_curated/pairwise/nonlin_additive": 0.994228712093227, "rho_random/pairwise/nonlin_additive": 0.9917774145168521, "rho_curated/additive_GE/nonlin_additive": 0.9999726772779814, "rho_random/additive_GE/nonlin_additive": 0.9999604040069856, "rho_curated/pairwise_GE/nonlin_additive": 0.9945070088377623, "rho_random/pairwise_GE/nonlin_additive": 0.9919106671086914, "rho_curated/additive/nonlin_additive_pairwise": 0.66944712729849, "rho_random/additive/nonlin_additive_pairwise": 0.8837096368489, "rho_curated/pairwise/nonlin_additive_pairwise": 0.7194435033530435, "rho_random/pairwise/nonlin_additive_pairwise": 0.9021789075686574, "rho_curated/additive_GE/nonlin_additive_pairwise": 0.6822661628150054, "rho_random/additive_GE/nonlin_additive_pairwise": 0.9078378482606947, "rho_curated/pairwise_GE/nonlin_additive_pairwise": 0.7395935407528286, "rho_random/pairwise_GE/nonlin_additive_pairwise": 0.9126337876303874, "rho_curated_mean": 0.9067940939249115, "rho_random_mean": 0.9543296193399078, "_wandb": {"runtime": 518}}