{"potts/n_edges": 275, "potts/edge_density": 0.9166666666666666, "potts/J_mean_abs": 2.661548614501953, "potts/J_std": 2.1918065547943115, "_timestamp": 1773516496.2049446, "_runtime": 406.40256452560425, "_step": 21, "gt_scores/additive/std": 1.4607008917297066, "gt_scores/additive/min": -10.880603790283203, "gt_scores/additive/pct5": -7.648485493659973, "gt_scores/additive_pairwise/std": 75.75839328743014, "gt_scores/additive_pairwise/min": -536.7549438476562, "gt_scores/additive_pairwise/pct5": -340.3274917602539, "gt_scores/nonlin_additive/std": 0.1329364744996366, "gt_scores/nonlin_additive/min": -0.8491222741790089, "gt_scores/nonlin_additive/pct5": -0.8226467537292117, "gt_scores/nonlin_additive_pairwise/std": 1.1243127246072598e-10, "gt_scores/nonlin_additive_pairwise/min": -0.8524745773399738, "gt_scores/nonlin_additive_pairwise/pct5": -0.8524745773399738, "rho_curated/additive/additive": 0.9999973440158936, "rho_random/additive/additive": 0.9999906328466581, "rho_curated/pairwise/additive": 0.9997666357266598, "rho_random/pairwise/additive": 0.999636831959966, "rho_curated/additive_GE/additive": 0.9999350211013946, "rho_random/additive_GE/additive": 0.9998532749956301, "rho_curated/pairwise_GE/additive": 0.9802540275536873, "rho_random/pairwise_GE/additive": 0.9651017009450618, "rho_curated/additive/additive_pairwise": 0.9822746393785601, "rho_random/additive/additive_pairwise": 0.9684342904310894, "rho_curated/pairwise/additive_pairwise": 0.9993540853101479, "rho_random/pairwise/additive_pairwise": 0.9989874750999856, "rho_curated/additive_GE/additive_pairwise": 0.9822974297314724, "rho_random/additive_GE/additive_pairwise": 0.968178763595818, "rho_curated/pairwise_GE/additive_pairwise": 0.9745518184380726, "rho_random/pairwise_GE/additive_pairwise": 0.9668057006771147, "rho_curated/additive/nonlin_additive": 0.9968456993136764, "rho_random/additive/nonlin_additive": 0.9970775213416269, "rho_curated/pairwise/nonlin_additive": 0.994307965204182, "rho_random/pairwise/nonlin_additive": 0.9880458231635305, "rho_curated/additive_GE/nonlin_additive": 0.9999915302796606, "rho_random/additive_GE/nonlin_additive": 0.9999868545750202, "rho_curated/pairwise_GE/nonlin_additive": 0.9888045272156435, "rho_random/pairwise_GE/nonlin_additive": 0.9880284970136429, "rho_curated/additive/nonlin_additive_pairwise": NaN, "rho_random/additive/nonlin_additive_pairwise": NaN, "rho_curated/pairwise/nonlin_additive_pairwise": NaN, "rho_random/pairwise/nonlin_additive_pairwise": NaN, "rho_curated/additive_GE/nonlin_additive_pairwise": NaN, "rho_random/additive_GE/nonlin_additive_pairwise": NaN, "rho_curated/pairwise_GE/nonlin_additive_pairwise": NaN, "rho_random/pairwise_GE/nonlin_additive_pairwise": NaN, "rho_curated_mean": 0.9915317269390874, "rho_random_mean": 0.9866772805537619, "_wandb": {"runtime": 406}}