{"potts/n_edges": 77, "potts/edge_density": 0.7333333333333333, "potts/J_mean_abs": 3.712489604949951, "potts/J_std": 2.834146022796631, "_timestamp": 1773421254.547542, "_runtime": 512.9256820678711, "_step": 21, "gt_scores/additive/std": 0.9557475539592777, "gt_scores/additive/min": -7.033940315246582, "gt_scores/additive/pct5": -5.159853672981262, "gt_scores/additive_pairwise/std": 38.88461437414465, "gt_scores/additive_pairwise/min": -333.90435791015625, "gt_scores/additive_pairwise/pct5": -281.96174774169924, "gt_scores/nonlin_additive/std": 0.1307311439252841, "gt_scores/nonlin_additive/min": -0.8613129322410867, "gt_scores/nonlin_additive/pct5": -0.8371371284084792, "gt_scores/nonlin_additive_pairwise/std": 1.1102230246251565e-16, "gt_scores/nonlin_additive_pairwise/min": -0.8653877661321029, "gt_scores/nonlin_additive_pairwise/pct5": -0.8653877661321029, "rho_curated/additive/additive": 0.999998673663947, "rho_random/additive/additive": 0.9999950956067826, "rho_curated/pairwise/additive": 0.9999738222629523, "rho_random/pairwise/additive": 0.9999343411079937, "rho_curated/additive_GE/additive": 0.999986451879457, "rho_random/additive_GE/additive": 0.9999690360043252, "rho_curated/pairwise_GE/additive": 0.9997609769104219, "rho_random/pairwise_GE/additive": 0.9995637339323212, "rho_curated/additive/additive_pairwise": 0.9305088963753524, "rho_random/additive/additive_pairwise": 0.8958616017008282, "rho_curated/pairwise/additive_pairwise": 0.9999696283347823, "rho_random/pairwise/additive_pairwise": 0.9999497132402942, "rho_curated/additive_GE/additive_pairwise": 0.9309109899881489, "rho_random/additive_GE/additive_pairwise": 0.9055249373432747, "rho_curated/pairwise_GE/additive_pairwise": 0.9995180023646508, "rho_random/pairwise_GE/additive_pairwise": 0.9994209999284742, "rho_curated/additive/nonlin_additive": 0.9959452181015168, "rho_random/additive/nonlin_additive": 0.996328025937983, "rho_curated/pairwise/nonlin_additive": 0.9990193514166799, "rho_random/pairwise/nonlin_additive": 0.9976647749105061, "rho_curated/additive_GE/nonlin_additive": 0.9999883414715319, "rho_random/additive_GE/nonlin_additive": 0.9999860563927896, "rho_curated/pairwise_GE/nonlin_additive": 0.9991763275749938, "rho_random/pairwise_GE/nonlin_additive": 0.9993321812073885, "rho_curated/additive/nonlin_additive_pairwise": NaN, "rho_random/additive/nonlin_additive_pairwise": NaN, "rho_curated/pairwise/nonlin_additive_pairwise": NaN, "rho_random/pairwise/nonlin_additive_pairwise": NaN, "rho_curated/additive_GE/nonlin_additive_pairwise": NaN, "rho_random/additive_GE/nonlin_additive_pairwise": NaN, "rho_curated/pairwise_GE/nonlin_additive_pairwise": NaN, "rho_random/pairwise_GE/nonlin_additive_pairwise": NaN, "rho_curated_mean": 0.9878963900287028, "rho_random_mean": 0.9827942081094134, "_wandb": {"runtime": 512}}