{"potts/n_edges": 64, "potts/edge_density": 0.6095238095238096, "potts/J_mean_abs": 4.125007629394531, "potts/J_std": 3.09842848777771, "_timestamp": 1773671835.5237422, "_runtime": 532.0690362453461, "_step": 21, "gt_scores/additive/std": 0.9557475539592777, "gt_scores/additive/min": -7.033940315246582, "gt_scores/additive/pct5": -5.159853672981262, "gt_scores/additive_pairwise/std": 37.800284261147645, "gt_scores/additive_pairwise/min": -326.41229248046875, "gt_scores/additive_pairwise/pct5": -264.1734100341797, "gt_scores/nonlin_additive/std": 0.1307311439252841, "gt_scores/nonlin_additive/min": -0.8613129322410867, "gt_scores/nonlin_additive/pct5": -0.8371371284084792, "gt_scores/nonlin_additive_pairwise/std": 1.1102230246251565e-16, "gt_scores/nonlin_additive_pairwise/min": -0.8653877661321029, "gt_scores/nonlin_additive_pairwise/pct5": -0.8653877661321029, "rho_curated/additive/additive": 0.999998079903923, "rho_random/additive/additive": 0.9999941458893762, "rho_curated/pairwise/additive": 0.9999765231030596, "rho_random/pairwise/additive": 0.9999444507892173, "rho_curated/additive_GE/additive": 0.9999777456151075, "rho_random/additive_GE/additive": 0.999943856533949, "rho_curated/pairwise_GE/additive": 0.9997562294462374, "rho_random/pairwise_GE/additive": 0.9995805933868549, "rho_curated/additive/additive_pairwise": 0.9278979316112649, "rho_random/additive/additive_pairwise": 0.8758601778294055, "rho_curated/pairwise/additive_pairwise": 0.999969913286793, "rho_random/pairwise/additive_pairwise": 0.9999462184335484, "rho_curated/additive_GE/additive_pairwise": 0.9285370793329076, "rho_random/additive_GE/additive_pairwise": 0.868259697399383, "rho_curated/pairwise_GE/additive_pairwise": 0.9996712466428026, "rho_random/pairwise_GE/additive_pairwise": 0.999504841338813, "rho_curated/additive/nonlin_additive": 0.9963424347009951, "rho_random/additive/nonlin_additive": 0.9968816710858904, "rho_curated/pairwise/nonlin_additive": 0.9992183572165841, "rho_random/pairwise/nonlin_additive": 0.9974172778915885, "rho_curated/additive_GE/nonlin_additive": 0.999990331119611, "rho_random/additive_GE/nonlin_additive": 0.9999883756831014, "rho_curated/pairwise_GE/nonlin_additive": 0.9993763959749661, "rho_random/pairwise_GE/nonlin_additive": 0.9994248463153109, "rho_curated/additive/nonlin_additive_pairwise": NaN, "rho_random/additive/nonlin_additive_pairwise": NaN, "rho_curated/pairwise/nonlin_additive_pairwise": NaN, "rho_random/pairwise/nonlin_additive_pairwise": NaN, "rho_curated/additive_GE/nonlin_additive_pairwise": NaN, "rho_random/additive_GE/nonlin_additive_pairwise": NaN, "rho_curated/pairwise_GE/nonlin_additive_pairwise": NaN, "rho_random/pairwise_GE/nonlin_additive_pairwise": NaN, "rho_curated_mean": 0.9875593556628544, "rho_random_mean": 0.9780621793813699, "_wandb": {"runtime": 531}}