{"potts/n_edges": 89, "potts/edge_density": 0.8476190476190476, "potts/J_mean_abs": 3.4878437519073486, "potts/J_std": 2.9316155910491943, "_timestamp": 1773418730.8690941, "_runtime": 549.5128152370453, "_step": 21, "gt_scores/additive/std": 0.9354941049529601, "gt_scores/additive/min": -6.730696678161621, "gt_scores/additive/pct5": -5.088986277580261, "gt_scores/additive_pairwise/std": 43.14510392992037, "gt_scores/additive_pairwise/min": -388.908203125, "gt_scores/additive_pairwise/pct5": -331.17752838134766, "gt_scores/nonlin_additive/std": 0.12695859792178035, "gt_scores/nonlin_additive/min": -0.8594803927815321, "gt_scores/nonlin_additive/pct5": -0.8373509757801759, "gt_scores/nonlin_additive_pairwise/std": 1.1102230246251565e-16, "gt_scores/nonlin_additive_pairwise/min": -0.8642349522941661, "gt_scores/nonlin_additive_pairwise/pct5": -0.8642349522941661, "rho_curated/additive/additive": 0.9999976389039047, "rho_random/additive/additive": 0.9999932718900113, "rho_curated/pairwise/additive": 0.9999754809990103, "rho_random/pairwise/additive": 0.9999358255277067, "rho_curated/additive_GE/additive": 0.9999806898872202, "rho_random/additive_GE/additive": 0.999955863411773, "rho_curated/pairwise_GE/additive": 0.9997522377420002, "rho_random/pairwise_GE/additive": 0.9995544613235509, "rho_curated/additive/additive_pairwise": 0.9380135345771031, "rho_random/additive/additive_pairwise": 0.910056404196274, "rho_curated/pairwise/additive_pairwise": 0.9999682570467266, "rho_random/pairwise/additive_pairwise": 0.9999305006370875, "rho_curated/additive_GE/additive_pairwise": 0.938385207740451, "rho_random/additive_GE/additive_pairwise": 0.9110977580214383, "rho_curated/pairwise_GE/additive_pairwise": 0.9995409879816176, "rho_random/pairwise_GE/additive_pairwise": 0.9993801434490602, "rho_curated/additive/nonlin_additive": 0.9951267674757843, "rho_random/additive/nonlin_additive": 0.9940005111253665, "rho_curated/pairwise/nonlin_additive": 0.9990528542418643, "rho_random/pairwise/nonlin_additive": 0.9973161376585178, "rho_curated/additive_GE/nonlin_additive": 0.9999747225989811, "rho_random/additive_GE/nonlin_additive": 0.9999772965944599, "rho_curated/pairwise_GE/nonlin_additive": 0.9994687359546093, "rho_random/pairwise_GE/nonlin_additive": 0.9995707388834486, "rho_curated/additive/nonlin_additive_pairwise": NaN, "rho_random/additive/nonlin_additive_pairwise": NaN, "rho_curated/pairwise/nonlin_additive_pairwise": NaN, "rho_random/pairwise/nonlin_additive_pairwise": NaN, "rho_curated/additive_GE/nonlin_additive_pairwise": NaN, "rho_random/additive_GE/nonlin_additive_pairwise": NaN, "rho_curated/pairwise_GE/nonlin_additive_pairwise": NaN, "rho_random/pairwise_GE/nonlin_additive_pairwise": NaN, "rho_curated_mean": 0.9891030929291061, "rho_random_mean": 0.9842307427265579, "_wandb": {"runtime": 549}}