{"potts/n_edges": 145, "potts/edge_density": 0.7631578947368421, "potts/J_mean_abs": 3.950465202331543, "potts/J_std": 3.180811882019043, "_timestamp": 1773568264.1506689, "_runtime": 505.06012988090515, "_step": 21, "gt_scores/additive/std": 1.210202704410808, "gt_scores/additive/min": -8.911455154418945, "gt_scores/additive/pct5": -6.663809275627136, "gt_scores/additive_pairwise/std": 78.28427252395078, "gt_scores/additive_pairwise/min": -558.8678588867188, "gt_scores/additive_pairwise/pct5": -382.29028472900393, "gt_scores/nonlin_additive/std": 0.125785236402486, "gt_scores/nonlin_additive/min": -0.8664681453126024, "gt_scores/nonlin_additive/pct5": -0.8440971430509998, "gt_scores/nonlin_additive_pairwise/std": 3.79841744204524e-15, "gt_scores/nonlin_additive_pairwise/min": -0.8707194432537088, "gt_scores/nonlin_additive_pairwise/pct5": -0.8707194432537088, "rho_curated/additive/additive": 0.9999981456879256, "rho_random/additive/additive": 0.9999937590105882, "rho_curated/pairwise/additive": 0.9999473625018906, "rho_random/pairwise/additive": 0.9998919526281019, "rho_curated/additive_GE/additive": 0.9999851526874045, "rho_random/additive_GE/additive": 0.9999680414584672, "rho_curated/pairwise_GE/additive": 0.999054927794129, "rho_random/pairwise_GE/additive": 0.9982970921294275, "rho_curated/additive/additive_pairwise": 0.9751182808361342, "rho_random/additive/additive_pairwise": 0.9612542162091844, "rho_curated/pairwise/additive_pairwise": 0.9999387841815469, "rho_random/pairwise/additive_pairwise": 0.9998772396377488, "rho_curated/additive_GE/additive_pairwise": 0.9755061484270703, "rho_random/additive_GE/additive_pairwise": 0.9620533439250873, "rho_curated/pairwise_GE/additive_pairwise": 0.9990008251439852, "rho_random/pairwise_GE/additive_pairwise": 0.9984615065385265, "rho_curated/additive/nonlin_additive": 0.9942010244159017, "rho_random/additive/nonlin_additive": 0.9946474516347589, "rho_curated/pairwise/nonlin_additive": 0.9981693548066862, "rho_random/pairwise/nonlin_additive": 0.9923558684729903, "rho_curated/additive_GE/nonlin_additive": 0.9999858333274325, "rho_random/additive_GE/nonlin_additive": 0.9999829901277731, "rho_curated/pairwise_GE/nonlin_additive": 0.9975733480948173, "rho_random/pairwise_GE/nonlin_additive": 0.9979387739020146, "rho_curated/additive/nonlin_additive_pairwise": NaN, "rho_random/additive/nonlin_additive_pairwise": NaN, "rho_curated/pairwise/nonlin_additive_pairwise": NaN, "rho_random/pairwise/nonlin_additive_pairwise": NaN, "rho_curated/additive_GE/nonlin_additive_pairwise": NaN, "rho_random/additive_GE/nonlin_additive_pairwise": NaN, "rho_curated/pairwise_GE/nonlin_additive_pairwise": NaN, "rho_random/pairwise_GE/nonlin_additive_pairwise": NaN, "rho_curated_mean": 0.9948732656587437, "rho_random_mean": 0.9920601863062224, "_wandb": {"runtime": 504}}