{"potts/n_edges": 2773, "potts/edge_density": 0.8775316455696203, "potts/J_mean_abs": 3.846487283706665, "potts/J_std": 3.0171585083007812, "_timestamp": 1773388388.730188, "_runtime": 552.3574597835541, "_step": 21, "gt_scores/additive/std": 1.3814914085051473, "gt_scores/additive/min": -9.466797828674316, "gt_scores/additive/pct5": -6.490896606445313, "gt_scores/additive_pairwise/std": 154.34552819026277, "gt_scores/additive_pairwise/min": -1444.2032470703125, "gt_scores/additive_pairwise/pct5": -589.5060394287109, "gt_scores/nonlin_additive/std": 0.14876511773902834, "gt_scores/nonlin_additive/min": -0.8068553432424589, "gt_scores/nonlin_additive/pct5": -0.7736731425807715, "gt_scores/nonlin_additive_pairwise/std": 0.001639180338609466, "gt_scores/nonlin_additive_pairwise/min": -0.8113804096118155, "gt_scores/nonlin_additive_pairwise/pct5": -0.8113804096118155, "rho_curated/additive/additive": 0.9999942927277712, "rho_random/additive/additive": 0.9999857892670324, "rho_curated/pairwise/additive": 0.9992681181227071, "rho_random/pairwise/additive": 0.9993191313762988, "rho_curated/additive_GE/additive": 0.9999308405892272, "rho_random/additive_GE/additive": 0.999860480045271, "rho_curated/pairwise_GE/additive": 0.9964862914033672, "rho_random/pairwise_GE/additive": 0.9941574509284427, "rho_curated/additive/additive_pairwise": 0.9847525853573714, "rho_random/additive/additive_pairwise": 0.9761678414454715, "rho_curated/pairwise/additive_pairwise": 0.9783867113179122, "rho_random/pairwise/additive_pairwise": 0.9709127494572176, "rho_curated/additive_GE/additive_pairwise": 0.9856826072819296, "rho_random/additive_GE/additive_pairwise": 0.9777395605682057, "rho_curated/pairwise_GE/additive_pairwise": 0.9762540632644529, "rho_random/pairwise_GE/additive_pairwise": 0.9693294371101929, "rho_curated/additive/nonlin_additive": 0.9938360315608494, "rho_random/additive/nonlin_additive": 0.9929080232721603, "rho_curated/pairwise/nonlin_additive": 0.9919620301971309, "rho_random/pairwise/nonlin_additive": 0.9897413484492246, "rho_curated/additive_GE/nonlin_additive": 0.9999686036787411, "rho_random/additive_GE/nonlin_additive": 0.9999642747447236, "rho_curated/pairwise_GE/nonlin_additive": 0.9954068634956131, "rho_random/pairwise_GE/nonlin_additive": 0.9947493264273437, "rho_curated/additive/nonlin_additive_pairwise": NaN, "rho_random/additive/nonlin_additive_pairwise": 0.05513813628001175, "rho_curated/pairwise/nonlin_additive_pairwise": NaN, "rho_random/pairwise/nonlin_additive_pairwise": 0.03685776266889476, "rho_curated/additive_GE/nonlin_additive_pairwise": NaN, "rho_random/additive_GE/nonlin_additive_pairwise": NaN, "rho_curated/pairwise_GE/nonlin_additive_pairwise": NaN, "rho_random/pairwise_GE/nonlin_additive_pairwise": 0.04142360777605176, "rho_curated_mean": 0.9918274199164229, "rho_random_mean": 0.7998836613211029, "_wandb": {"runtime": 552}}