{"potts/n_edges": 2570, "potts/edge_density": 0.8132911392405063, "potts/J_mean_abs": 3.575437545776367, "potts/J_std": 10.451873779296875, "_timestamp": 1773387820.596533, "_runtime": 540.5175490379333, "_step": 21, "gt_scores/additive/std": 0.9927793854138932, "gt_scores/additive/min": -7.397954940795898, "gt_scores/additive/pct5": -3.2912432312965394, "gt_scores/additive_pairwise/std": 29.318102650849454, "gt_scores/additive_pairwise/min": -1208.36474609375, "gt_scores/additive_pairwise/pct5": -67.80031318664551, "gt_scores/nonlin_additive/std": 0.17960920407002734, "gt_scores/nonlin_additive/min": -0.6743968036719857, "gt_scores/nonlin_additive/pct5": -0.605268046533213, "gt_scores/nonlin_additive_pairwise/std": 0.20845476292837395, "gt_scores/nonlin_additive_pairwise/min": -0.6756041553337795, "gt_scores/nonlin_additive_pairwise/pct5": -0.6756041553337795, "rho_curated/additive/additive": 0.9999933216383418, "rho_random/additive/additive": 0.9999816574555194, "rho_curated/pairwise/additive": 0.9995664761558248, "rho_random/pairwise/additive": 0.9997024672654824, "rho_curated/additive_GE/additive": 0.9999443590821234, "rho_random/additive_GE/additive": 0.9998865746608302, "rho_curated/pairwise_GE/additive": 0.992208559551701, "rho_random/pairwise_GE/additive": 0.989240274625166, "rho_curated/additive/additive_pairwise": 0.5717163411516544, "rho_random/additive/additive_pairwise": 0.7050324839979573, "rho_curated/pairwise/additive_pairwise": 0.7012468945914659, "rho_random/pairwise/additive_pairwise": 0.8381307424736392, "rho_curated/additive_GE/additive_pairwise": 0.7013741566613719, "rho_random/additive_GE/additive_pairwise": 0.863014842249344, "rho_curated/pairwise_GE/additive_pairwise": 0.7126964040988147, "rho_random/pairwise_GE/additive_pairwise": 0.8534747496094918, "rho_curated/additive/nonlin_additive": 0.994074896914141, "rho_random/additive/nonlin_additive": 0.9917171482142654, "rho_curated/pairwise/nonlin_additive": 0.996776494142899, "rho_random/pairwise/nonlin_additive": 0.9954063873954063, "rho_curated/additive_GE/nonlin_additive": 0.9994987495258153, "rho_random/additive_GE/nonlin_additive": 0.9993111208532136, "rho_curated/pairwise_GE/nonlin_additive": 0.9978146168450692, "rho_random/pairwise_GE/nonlin_additive": 0.997225938460951, "rho_curated/additive/nonlin_additive_pairwise": 0.5981064890364395, "rho_random/additive/nonlin_additive_pairwise": 0.7989740564621612, "rho_curated/pairwise/nonlin_additive_pairwise": 0.5978037076410827, "rho_random/pairwise/nonlin_additive_pairwise": 0.8058378533209742, "rho_curated/additive_GE/nonlin_additive_pairwise": 0.5651928772876549, "rho_random/additive_GE/nonlin_additive_pairwise": 0.8056427574021072, "rho_curated/pairwise_GE/nonlin_additive_pairwise": 0.5921341731677052, "rho_random/pairwise_GE/nonlin_additive_pairwise": 0.7731149608649609, "rho_curated_mean": 0.8137592823432565, "rho_random_mean": 0.9009808759569669, "_wandb": {"runtime": 539}}