{"potts/n_edges": 1970, "potts/edge_density": 0.397979797979798, "potts/J_mean_abs": 1.8749362230300903, "potts/J_std": 1.5452829599380493, "_timestamp": 1773390490.320722, "_runtime": 581.6948800086975, "_step": 21, "gt_scores/additive/std": 0.8010849147708755, "gt_scores/additive/min": -4.989753723144531, "gt_scores/additive/pct5": -2.6788434267044066, "gt_scores/additive_pairwise/std": 5.968626782345113, "gt_scores/additive_pairwise/min": -67.42147064208984, "gt_scores/additive_pairwise/pct5": -17.34639482498169, "gt_scores/nonlin_additive/std": 0.18100068273254472, "gt_scores/nonlin_additive/min": -0.671683788923291, "gt_scores/nonlin_additive/pct5": -0.6072530900455996, "gt_scores/nonlin_additive_pairwise/std": 0.23175855138513862, "gt_scores/nonlin_additive_pairwise/min": -0.6757770436438884, "gt_scores/nonlin_additive_pairwise/pct5": -0.6757770428218187, "rho_curated/additive/additive": 0.9999935650216449, "rho_random/additive/additive": 0.9999812151762851, "rho_curated/pairwise/additive": 0.9997471919699784, "rho_random/pairwise/additive": 0.9998406907044706, "rho_curated/additive_GE/additive": 0.9998408402928216, "rho_random/additive_GE/additive": 0.9997118614161399, "rho_curated/pairwise_GE/additive": 0.995211600322563, "rho_random/pairwise_GE/additive": 0.9938293834075146, "rho_curated/additive/additive_pairwise": 0.7733094668150164, "rho_random/additive/additive_pairwise": 0.802086728559341, "rho_curated/pairwise/additive_pairwise": 0.7948478050312071, "rho_random/pairwise/additive_pairwise": 0.8160790952622701, "rho_curated/additive_GE/additive_pairwise": 0.7754355280896426, "rho_random/additive_GE/additive_pairwise": 0.7818538196946377, "rho_curated/pairwise_GE/additive_pairwise": 0.7929293874180251, "rho_random/pairwise_GE/additive_pairwise": 0.8141226392847642, "rho_curated/additive/nonlin_additive": 0.9950104425847418, "rho_random/additive/nonlin_additive": 0.9933898859293578, "rho_curated/pairwise/nonlin_additive": 0.9969708318086827, "rho_random/pairwise/nonlin_additive": 0.9957603273591281, "rho_curated/additive_GE/nonlin_additive": 0.9989187614994445, "rho_random/additive_GE/nonlin_additive": 0.9985838803097861, "rho_curated/pairwise_GE/nonlin_additive": 0.9990580336459048, "rho_random/pairwise_GE/nonlin_additive": 0.9986523312303381, "rho_curated/additive/nonlin_additive_pairwise": 0.6635189437744166, "rho_random/additive/nonlin_additive_pairwise": 0.7681318232329848, "rho_curated/pairwise/nonlin_additive_pairwise": 0.6701233658466392, "rho_random/pairwise/nonlin_additive_pairwise": 0.8138565193021194, "rho_curated/additive_GE/nonlin_additive_pairwise": 0.6276861617176113, "rho_random/additive_GE/nonlin_additive_pairwise": 0.781538734820547, "rho_curated/pairwise_GE/nonlin_additive_pairwise": 0.5437547713093329, "rho_random/pairwise_GE/nonlin_additive_pairwise": 0.7313738021712284, "rho_curated_mean": 0.8516472935717296, "rho_random_mean": 0.893049546116307, "_wandb": {"runtime": 581}}