{"potts/n_edges": 4218, "potts/edge_density": 0.8521212121212122, "potts/J_mean_abs": 1.8252917528152466, "potts/J_std": 1.7061481475830078, "_timestamp": 1773674556.7368739, "_runtime": 603.9257488250732, "_step": 21, "gt_scores/additive/std": 1.0455151101865825, "gt_scores/additive/min": -6.912661552429199, "gt_scores/additive/pct5": -3.8034348487854004, "gt_scores/additive_pairwise/std": 20.837218301912884, "gt_scores/additive_pairwise/min": -177.83193969726562, "gt_scores/additive_pairwise/pct5": -65.5310905456543, "gt_scores/nonlin_additive/std": 0.17463517494040423, "gt_scores/nonlin_additive/min": -0.7096131411500891, "gt_scores/nonlin_additive/pct5": -0.6516084008902254, "gt_scores/nonlin_additive_pairwise/std": 0.1284445457034864, "gt_scores/nonlin_additive_pairwise/min": -0.7129412544459468, "gt_scores/nonlin_additive_pairwise/pct5": -0.7129412544459468, "rho_curated/additive/additive": 0.9999936343357291, "rho_random/additive/additive": 0.9999817281912898, "rho_curated/pairwise/additive": 0.9996288613921924, "rho_random/pairwise/additive": 0.9997473317080778, "rho_curated/additive_GE/additive": 0.9999723924148254, "rho_random/additive_GE/additive": 0.9999441256705924, "rho_curated/pairwise_GE/additive": 0.997874133477557, "rho_random/pairwise_GE/additive": 0.9966649373924823, "rho_curated/additive/additive_pairwise": 0.9305035608904745, "rho_random/additive/additive_pairwise": 0.9197772461163076, "rho_curated/pairwise/additive_pairwise": 0.925429617391395, "rho_random/pairwise/additive_pairwise": 0.9330646243811893, "rho_curated/additive_GE/additive_pairwise": 0.9392499829045414, "rho_random/additive_GE/additive_pairwise": 0.924499814432414, "rho_curated/pairwise_GE/additive_pairwise": 0.9302647124489148, "rho_random/pairwise_GE/additive_pairwise": 0.9288247172308065, "rho_curated/additive/nonlin_additive": 0.994781583910215, "rho_random/additive/nonlin_additive": 0.9927587070300162, "rho_curated/pairwise/nonlin_additive": 0.9966313810652476, "rho_random/pairwise/nonlin_additive": 0.9948950813105452, "rho_curated/additive_GE/nonlin_additive": 0.9999354292931072, "rho_random/additive_GE/nonlin_additive": 0.9999082768234705, "rho_curated/pairwise_GE/nonlin_additive": 0.9978135313581512, "rho_random/pairwise_GE/nonlin_additive": 0.996911680827533, "rho_curated/additive/nonlin_additive_pairwise": 0.43343000985310054, "rho_random/additive/nonlin_additive_pairwise": 0.7766889772742906, "rho_curated/pairwise/nonlin_additive_pairwise": 0.4512681003570646, "rho_random/pairwise/nonlin_additive_pairwise": 0.8003479075417435, "rho_curated/additive_GE/nonlin_additive_pairwise": 0.44458229631817847, "rho_random/additive_GE/nonlin_additive_pairwise": 0.81240032263716, "rho_curated/pairwise_GE/nonlin_additive_pairwise": 0.41574421256006305, "rho_random/pairwise_GE/nonlin_additive_pairwise": 0.7808474192254559, "rho_curated_mean": 0.8410689649981723, "rho_random_mean": 0.928578931112086, "_wandb": {"runtime": 603}}