{"potts/n_edges": 346, "potts/edge_density": 0.7954022988505747, "potts/J_mean_abs": 4.553158760070801, "potts/J_std": 4.368048191070557, "_timestamp": 1773506255.1703703, "_runtime": 394.3390953540802, "_step": 17, "gt_scores/additive/std": 1.3145519307288893, "gt_scores/additive/min": -9.543702125549316, "gt_scores/additive/pct5": -6.543755149841308, "gt_scores/additive_pairwise/std": 129.74403599332993, "gt_scores/additive_pairwise/min": -909.1336059570312, "gt_scores/additive_pairwise/pct5": -557.330288696289, "gt_scores/nonlin_additive/std": 0.1415948963973883, "gt_scores/nonlin_additive/min": -0.8305795334928087, "gt_scores/nonlin_additive/pct5": -0.8006284573354645, "gt_scores/nonlin_additive_pairwise/std": 9.256639592937588e-05, "gt_scores/nonlin_additive_pairwise/min": -0.8341020215334246, "gt_scores/nonlin_additive_pairwise/pct5": -0.8341020215334246, "rho_curated/additive/additive": 0.9999969146798762, "rho_random/additive/additive": 0.9999908639943689, "rho_curated/pairwise/additive": 0.9992661485865578, "rho_random/pairwise/additive": 0.998740152007526, "rho_curated/additive_GE/additive": 0.9999712036468467, "rho_random/additive_GE/additive": 0.9999407153318055, "rho_curated/pairwise_GE/additive": 0.9642444527512037, "rho_random/pairwise_GE/additive": 0.9463435558392044, "rho_curated/additive/additive_pairwise": 0.9784008804629983, "rho_random/additive/additive_pairwise": 0.9663793984020602, "rho_curated/pairwise/additive_pairwise": 0.9891242311567081, "rho_random/pairwise/additive_pairwise": 0.9815017510008, "rho_curated/additive_GE/additive_pairwise": 0.977897483923369, "rho_random/additive_GE/additive_pairwise": 0.9652079742387262, "rho_curated/pairwise_GE/additive_pairwise": 0.9569338264283196, "rho_random/pairwise_GE/additive_pairwise": 0.9318510916082015, "rho_curated/additive/nonlin_additive": 0.9968204107526639, "rho_random/additive/nonlin_additive": 0.9961632390172586, "rho_curated/pairwise/nonlin_additive": 0.9888107277361605, "rho_random/pairwise/nonlin_additive": 0.9840361828595415, "rho_curated/additive_GE/nonlin_additive": 0.9999800477672005, "rho_random/additive_GE/nonlin_additive": 0.9999763561235071, "rho_curated/pairwise_GE/nonlin_additive": 0.979894720442824, "rho_random/pairwise_GE/nonlin_additive": 0.979341048912352, "rho_curated/additive/nonlin_additive_pairwise": NaN, "rho_random/additive/nonlin_additive_pairwise": NaN, "_wandb": {"runtime": 393}}