{"potts/n_edges": 78, "potts/edge_density": 0.7428571428571429, "potts/J_mean_abs": 4.286200523376465, "potts/J_std": 3.5370705127716064, "_timestamp": 1773370736.157766, "_runtime": 499.71398520469666, "_step": 16, "gt_scores/additive/std": 0.7478419753922801, "gt_scores/additive/min": -4.990938663482666, "gt_scores/additive/pct5": -3.301434588432312, "gt_scores/additive_pairwise/std": 54.35512372718742, "gt_scores/additive_pairwise/min": -350.0294494628906, "gt_scores/additive_pairwise/pct5": -232.50063018798826, "gt_scores/nonlin_additive/std": 0.15626632297714066, "gt_scores/nonlin_additive/min": -0.7844779057526228, "gt_scores/nonlin_additive/pct5": -0.7458549698064931, "gt_scores/nonlin_additive_pairwise/std": 9.622225575976488e-05, "gt_scores/nonlin_additive_pairwise/min": -0.7891859569495114, "gt_scores/nonlin_additive_pairwise/pct5": -0.7891859569495114, "rho_curated/additive/additive": 0.999998227815929, "rho_random/additive/additive": 0.9999937619087491, "rho_curated/pairwise/additive": 0.9999756157350229, "rho_random/pairwise/additive": 0.9999499268633719, "rho_curated/additive_GE/additive": 0.9999866128714628, "rho_random/additive_GE/additive": 0.9999647377283439, "rho_curated/pairwise_GE/additive": 0.9997309441252183, "rho_random/pairwise_GE/additive": 0.9995629363499091, "rho_curated/additive/additive_pairwise": 0.9677479530923699, "rho_random/additive/additive_pairwise": 0.9386956892837667, "rho_curated/pairwise/additive_pairwise": 0.9999741246629643, "rho_random/pairwise/additive_pairwise": 0.999940234159298, "rho_curated/additive_GE/additive_pairwise": NaN, "rho_random/additive_GE/additive_pairwise": NaN, "rho_curated/pairwise_GE/additive_pairwise": 0.9976831503792705, "rho_random/pairwise_GE/additive_pairwise": 0.9962882387223936, "rho_curated/additive/nonlin_additive": 0.9980822439710137, "rho_random/additive/nonlin_additive": 0.997787231711581, "rho_curated/pairwise/nonlin_additive": 0.9995836653352766, "rho_random/pairwise/nonlin_additive": 0.9989999328625182, "rho_curated/additive_GE/nonlin_additive": 0.9999945271837805, "rho_random/additive_GE/nonlin_additive": 0.9999903884143562, "rho_curated/pairwise_GE/nonlin_additive": 0.9998404430255909, "rho_random/pairwise_GE/nonlin_additive": 0.9997992490129401, "_wandb": {"runtime": 499}}