{"potts/n_edges": 4199, "potts/edge_density": 0.8482828282828283, "potts/J_mean_abs": 3.0810787677764893, "potts/J_std": 2.8218069076538086, "_timestamp": 1773471082.7770023, "_runtime": 568.8448164463043, "_step": 21, "gt_scores/additive/std": 0.8510301341439526, "gt_scores/additive/min": -6.580769062042236, "gt_scores/additive/pct5": -2.8242337703704834, "gt_scores/additive_pairwise/std": 23.11978842090117, "gt_scores/additive_pairwise/min": -278.25421142578125, "gt_scores/additive_pairwise/pct5": -67.64232292175294, "gt_scores/nonlin_additive/std": 0.18221758958996143, "gt_scores/nonlin_additive/min": -0.6729923839973921, "gt_scores/nonlin_additive/pct5": -0.604290170449432, "gt_scores/nonlin_additive_pairwise/std": 0.1968235461707652, "gt_scores/nonlin_additive_pairwise/min": -0.6738972260928187, "gt_scores/nonlin_additive_pairwise/pct5": -0.6738972260928187, "rho_curated/additive/additive": 0.9999902851569672, "rho_random/additive/additive": 0.9999791128480665, "rho_curated/pairwise/additive": 0.999592085215594, "rho_random/pairwise/additive": 0.9995854675534581, "rho_curated/additive_GE/additive": 0.9998535563219245, "rho_random/additive_GE/additive": 0.9997362236281453, "rho_curated/pairwise_GE/additive": 0.9943836724074657, "rho_random/pairwise_GE/additive": 0.9927703740234616, "rho_curated/additive/additive_pairwise": 0.9026597720791164, "rho_random/additive/additive_pairwise": 0.9050330382440204, "rho_curated/pairwise/additive_pairwise": 0.9014108807733067, "rho_random/pairwise/additive_pairwise": 0.9204318147466415, "rho_curated/additive_GE/additive_pairwise": 0.9133486410760314, "rho_random/additive_GE/additive_pairwise": 0.9148812675703409, "rho_curated/pairwise_GE/additive_pairwise": 0.9019511874031204, "rho_random/pairwise_GE/additive_pairwise": 0.9192667136991011, "rho_curated/additive/nonlin_additive": 0.9951157630727734, "rho_random/additive/nonlin_additive": 0.9942582003045919, "rho_curated/pairwise/nonlin_additive": 0.9971084134672422, "rho_random/pairwise/nonlin_additive": 0.9962446271216318, "rho_curated/additive_GE/nonlin_additive": 0.9996228281047816, "rho_random/additive_GE/nonlin_additive": 0.9994537392157361, "rho_curated/pairwise_GE/nonlin_additive": 0.9987095937932868, "rho_random/pairwise_GE/nonlin_additive": 0.9982232836260261, "rho_curated/additive/nonlin_additive_pairwise": 0.5533805696578391, "rho_random/additive/nonlin_additive_pairwise": 0.7933441645825873, "rho_curated/pairwise/nonlin_additive_pairwise": 0.5529732722312535, "rho_random/pairwise/nonlin_additive_pairwise": 0.8108781421172516, "rho_curated/additive_GE/nonlin_additive_pairwise": 0.5136025184627021, "rho_random/additive_GE/nonlin_additive_pairwise": 0.7790792957163203, "rho_curated/pairwise_GE/nonlin_additive_pairwise": 0.5362076612670338, "rho_random/pairwise_GE/nonlin_additive_pairwise": 0.8007838112729301, "rho_curated_mean": 0.8599944187806524, "rho_random_mean": 0.9264968297668944, "_wandb": {"runtime": 568}}