{"potts/n_edges": 79, "potts/edge_density": 0.7523809523809524, "potts/J_mean_abs": 3.2653045654296875, "potts/J_std": 2.8352713584899902, "_timestamp": 1773478377.829957, "_runtime": 523.2318460941315, "_step": 21, "gt_scores/additive/std": 0.7770162874764199, "gt_scores/additive/min": -5.525506973266602, "gt_scores/additive/pct5": -4.092422103881836, "gt_scores/additive_pairwise/std": 34.770340220813914, "gt_scores/additive_pairwise/min": -311.3713684082031, "gt_scores/additive_pairwise/pct5": -255.139070892334, "gt_scores/nonlin_additive/std": 0.13179785214960515, "gt_scores/nonlin_additive/min": -0.851066460422529, "gt_scores/nonlin_additive/pct5": -0.8261551473383105, "gt_scores/nonlin_additive_pairwise/std": 2.220446049250313e-16, "gt_scores/nonlin_additive_pairwise/min": -0.8558889585984598, "gt_scores/nonlin_additive_pairwise/pct5": -0.8558889585984598, "rho_curated/additive/additive": 0.9999987203679487, "rho_random/additive/additive": 0.9999958334469918, "rho_curated/pairwise/additive": 0.9999760397910371, "rho_random/pairwise/additive": 0.9999434484198012, "rho_curated/additive_GE/additive": 0.9999948211357921, "rho_random/additive_GE/additive": 0.9999859118008644, "rho_curated/pairwise_GE/additive": 0.9997617334384294, "rho_random/pairwise_GE/additive": 0.9994289815589084, "rho_curated/additive/additive_pairwise": 0.9168959764318501, "rho_random/additive/additive_pairwise": 0.8512932027486332, "rho_curated/pairwise/additive_pairwise": 0.9999695156307775, "rho_random/pairwise/additive_pairwise": 0.9999421728652473, "rho_curated/additive_GE/additive_pairwise": 0.9168926461877273, "rho_random/additive_GE/additive_pairwise": 0.8782166009382758, "rho_curated/pairwise_GE/additive_pairwise": 0.9995567507982486, "rho_random/pairwise_GE/additive_pairwise": 0.9993954083974278, "rho_curated/additive/nonlin_additive": 0.9965097054440532, "rho_random/additive/nonlin_additive": 0.9968767735267934, "rho_curated/pairwise/nonlin_additive": 0.9994266839930124, "rho_random/pairwise/nonlin_additive": 0.9965155398223037, "rho_curated/additive_GE/nonlin_additive": 0.9999913037676512, "rho_random/additive_GE/nonlin_additive": 0.9999893280899508, "rho_curated/pairwise_GE/nonlin_additive": 0.999683126859272, "rho_random/pairwise_GE/nonlin_additive": 0.999669520760834, "rho_curated/additive/nonlin_additive_pairwise": NaN, "rho_random/additive/nonlin_additive_pairwise": NaN, "rho_curated/pairwise/nonlin_additive_pairwise": NaN, "rho_random/pairwise/nonlin_additive_pairwise": NaN, "rho_curated/additive_GE/nonlin_additive_pairwise": NaN, "rho_random/additive_GE/nonlin_additive_pairwise": NaN, "rho_curated/pairwise_GE/nonlin_additive_pairwise": NaN, "rho_random/pairwise_GE/nonlin_additive_pairwise": NaN, "rho_curated_mean": 0.9857214186538167, "rho_random_mean": 0.9767710601980025, "_wandb": {"runtime": 522}}