{"potts/n_edges": 103, "potts/edge_density": 0.5421052631578948, "potts/J_mean_abs": 2.958904504776001, "potts/J_std": 2.3751351833343506, "_timestamp": 1773699795.2891402, "_runtime": 459.7111933231354, "_step": 21, "gt_scores/additive/std": 1.426379881017352, "gt_scores/additive/min": -10.008467674255371, "gt_scores/additive/pct5": -7.166622185707093, "gt_scores/additive_pairwise/std": 48.22634787258523, "gt_scores/additive_pairwise/min": -342.4660949707031, "gt_scores/additive_pairwise/pct5": -231.80100173950194, "gt_scores/nonlin_additive/std": 0.13946177757028871, "gt_scores/nonlin_additive/min": -0.8313426784103302, "gt_scores/nonlin_additive/pct5": -0.8034810610065, "gt_scores/nonlin_additive_pairwise/std": 4.674865320331928e-09, "gt_scores/nonlin_additive_pairwise/min": -0.8358896588447285, "gt_scores/nonlin_additive_pairwise/pct5": -0.8358896588447285, "rho_curated/additive/additive": 0.9999976164879045, "rho_random/additive/additive": 0.9999928639014408, "rho_curated/pairwise/additive": 0.9999416221336608, "rho_random/pairwise/additive": 0.9998802749107579, "rho_curated/additive_GE/additive": 0.9999831575193252, "rho_random/additive_GE/additive": 0.9999613533577497, "rho_curated/pairwise_GE/additive": 0.9989762264869998, "rho_random/pairwise_GE/additive": 0.9983707929571077, "rho_curated/additive/additive_pairwise": 0.9754780561379454, "rho_random/additive/additive_pairwise": 0.9529716277160376, "rho_curated/pairwise/additive_pairwise": 0.9999387462135485, "rho_random/pairwise/additive_pairwise": 0.9998825848872898, "rho_curated/additive_GE/additive_pairwise": 0.975593309422561, "rho_random/additive_GE/additive_pairwise": 0.957624131281776, "rho_curated/pairwise_GE/additive_pairwise": 0.9925614178382782, "rho_random/pairwise_GE/additive_pairwise": 0.9867838055538519, "rho_curated/additive/nonlin_additive": 0.9967155190122267, "rho_random/additive/nonlin_additive": 0.9961402130415182, "rho_curated/pairwise/nonlin_additive": 0.9984944568037059, "rho_random/pairwise/nonlin_additive": 0.996947693309475, "rho_curated/additive_GE/nonlin_additive": 0.9999902598156097, "rho_random/additive_GE/nonlin_additive": 0.9999853683710865, "rho_curated/pairwise_GE/nonlin_additive": 0.9972345539052492, "rho_random/pairwise_GE/nonlin_additive": 0.9973036270634742, "rho_curated/additive/nonlin_additive_pairwise": NaN, "rho_random/additive/nonlin_additive_pairwise": NaN, "rho_curated/pairwise/nonlin_additive_pairwise": NaN, "rho_random/pairwise/nonlin_additive_pairwise": NaN, "rho_curated/additive_GE/nonlin_additive_pairwise": NaN, "rho_random/additive_GE/nonlin_additive_pairwise": NaN, "rho_curated/pairwise_GE/nonlin_additive_pairwise": NaN, "rho_random/pairwise_GE/nonlin_additive_pairwise": NaN, "rho_curated_mean": 0.9945754118147511, "rho_random_mean": 0.990487028029297, "_wandb": {"runtime": 459}}