{"potts/n_edges": 180, "potts/edge_density": 0.9473684210526315, "potts/J_mean_abs": 3.763324022293091, "potts/J_std": 3.2332513332366943, "_timestamp": 1773608485.4212265, "_runtime": 576.1177453994751, "_step": 21, "gt_scores/additive/std": 1.2097035595556864, "gt_scores/additive/min": -8.994394302368164, "gt_scores/additive/pct5": -6.638693571090698, "gt_scores/additive_pairwise/std": 100.66310321405462, "gt_scores/additive_pairwise/min": -743.0933837890625, "gt_scores/additive_pairwise/pct5": -499.78050689697267, "gt_scores/nonlin_additive/std": 0.12780147869164835, "gt_scores/nonlin_additive/min": -0.8633649983358815, "gt_scores/nonlin_additive/pct5": -0.8409005929909275, "gt_scores/nonlin_additive_pairwise/std": 1.1118871120311873e-16, "gt_scores/nonlin_additive_pairwise/min": -0.8672038070001775, "gt_scores/nonlin_additive_pairwise/pct5": -0.8672038070001775, "rho_curated/additive/additive": 0.9999975049839, "rho_random/additive/additive": 0.9999906974932988, "rho_curated/pairwise/additive": 0.999947355205893, "rho_random/pairwise/additive": 0.9998829700075995, "rho_curated/additive_GE/additive": 0.9999697999347918, "rho_random/additive_GE/additive": 0.9999360737933237, "rho_curated/pairwise_GE/additive": 0.9993048927241621, "rho_random/pairwise_GE/additive": 0.998768831179954, "rho_curated/additive/additive_pairwise": 0.9821424945092712, "rho_random/additive/additive_pairwise": 0.9716297187220329, "rho_curated/pairwise/additive_pairwise": 0.9999378546615126, "rho_random/pairwise/additive_pairwise": 0.9998730234877473, "rho_curated/additive_GE/additive_pairwise": 0.9820539268012958, "rho_random/additive_GE/additive_pairwise": 0.9696197783742526, "rho_curated/pairwise_GE/additive_pairwise": 0.9989225400927725, "rho_random/pairwise_GE/additive_pairwise": 0.9981859060554815, "rho_curated/additive/nonlin_additive": 0.9965599403499847, "rho_random/additive/nonlin_additive": 0.9973633081609967, "rho_curated/pairwise/nonlin_additive": 0.9978581605941722, "rho_random/pairwise/nonlin_additive": 0.9935883618863246, "rho_curated/additive_GE/nonlin_additive": 0.9999851973274063, "rho_random/additive_GE/nonlin_additive": 0.9999832699620138, "rho_curated/pairwise_GE/nonlin_additive": 0.9990566859621768, "rho_random/pairwise_GE/nonlin_additive": 0.9991012970451534, "rho_curated/additive/nonlin_additive_pairwise": NaN, "rho_random/additive/nonlin_additive_pairwise": NaN, "rho_curated/pairwise/nonlin_additive_pairwise": NaN, "rho_random/pairwise/nonlin_additive_pairwise": NaN, "rho_curated/additive_GE/nonlin_additive_pairwise": NaN, "rho_random/additive_GE/nonlin_additive_pairwise": NaN, "rho_curated/pairwise_GE/nonlin_additive_pairwise": NaN, "rho_random/pairwise_GE/nonlin_additive_pairwise": NaN, "rho_curated_mean": 0.9963113627622783, "rho_random_mean": 0.993993603014015, "_wandb": {"runtime": 575}}