{"potts/n_edges": 208, "potts/edge_density": 0.6933333333333334, "potts/J_mean_abs": 4.276465892791748, "potts/J_std": 3.9563777446746826, "_timestamp": 1773668027.2734475, "_runtime": 543.7510266304016, "_step": 21, "gt_scores/additive/std": 1.3248437107940993, "gt_scores/additive/min": -8.832763671875, "gt_scores/additive/pct5": -6.012066531181335, "gt_scores/additive_pairwise/std": 77.63725718029505, "gt_scores/additive_pairwise/min": -699.2664794921875, "gt_scores/additive_pairwise/pct5": -291.11590270996095, "gt_scores/nonlin_additive/std": 0.15375831462288475, "gt_scores/nonlin_additive/min": -0.7960807527928047, "gt_scores/nonlin_additive/pct5": -0.7598627144532697, "gt_scores/nonlin_additive_pairwise/std": 0.010178949340245236, "gt_scores/nonlin_additive_pairwise/min": -0.8011811168353298, "gt_scores/nonlin_additive_pairwise/pct5": -0.8011811168353298, "rho_curated/additive/additive": 0.9999970196558807, "rho_random/additive/additive": 0.9999885562875687, "rho_curated/pairwise/additive": 0.999739931045585, "rho_random/pairwise/additive": 0.9994683983298759, "rho_curated/additive_GE/additive": 0.9999657165746271, "rho_random/additive_GE/additive": 0.9999288815994013, "rho_curated/pairwise_GE/additive": 0.9818090715679262, "rho_random/pairwise_GE/additive": 0.9736874904456977, "rho_curated/additive/additive_pairwise": 0.9704956430264097, "rho_random/additive/additive_pairwise": 0.9538916090035013, "rho_curated/pairwise/additive_pairwise": 0.9985615810383597, "rho_random/pairwise/additive_pairwise": 0.9977953138182929, "rho_curated/additive_GE/additive_pairwise": 0.9704242674802609, "rho_random/additive_GE/additive_pairwise": 0.9541379892145229, "rho_curated/pairwise_GE/additive_pairwise": 0.9774310868881604, "rho_random/pairwise_GE/additive_pairwise": 0.9735030889451406, "rho_curated/additive/nonlin_additive": 0.9979815035589212, "rho_random/additive/nonlin_additive": 0.9974957504807926, "rho_curated/pairwise/nonlin_additive": 0.9964993882997234, "rho_random/pairwise/nonlin_additive": 0.993171307355855, "rho_curated/additive_GE/nonlin_additive": 0.9999872760154894, "rho_random/additive_GE/nonlin_additive": 0.999980595444138, "rho_curated/pairwise_GE/nonlin_additive": 0.9925324387000432, "rho_random/pairwise_GE/nonlin_additive": 0.9892018578619463, "rho_curated/additive/nonlin_additive_pairwise": NaN, "rho_random/additive/nonlin_additive_pairwise": 0.17548703450441006, "rho_curated/pairwise/nonlin_additive_pairwise": NaN, "rho_random/pairwise/nonlin_additive_pairwise": 0.22745793078035184, "rho_curated/additive_GE/nonlin_additive_pairwise": NaN, "rho_random/additive_GE/nonlin_additive_pairwise": NaN, "rho_curated/pairwise_GE/nonlin_additive_pairwise": NaN, "rho_random/pairwise_GE/nonlin_additive_pairwise": 0.22574863098972958, "rho_curated_mean": 0.9904520769876154, "rho_random_mean": 0.8307296290040816, "_wandb": {"runtime": 543}}