{"potts/n_edges": 256, "potts/edge_density": 0.8533333333333334, "potts/J_mean_abs": 4.098963260650635, "potts/J_std": 3.7375612258911133, "_timestamp": 1773641945.3973875, "_runtime": 412.3962285518646, "_step": 21, "gt_scores/additive/std": 1.4607008917297066, "gt_scores/additive/min": -10.880603790283203, "gt_scores/additive/pct5": -7.648485493659973, "gt_scores/additive_pairwise/std": 120.5332690390282, "gt_scores/additive_pairwise/min": -857.009033203125, "gt_scores/additive_pairwise/pct5": -536.8746337890625, "gt_scores/nonlin_additive/std": 0.1329364744996366, "gt_scores/nonlin_additive/min": -0.8491222741790089, "gt_scores/nonlin_additive/pct5": -0.8226467537292117, "gt_scores/nonlin_additive_pairwise/std": 4.696900319724225e-11, "gt_scores/nonlin_additive_pairwise/min": -0.8524745773399738, "gt_scores/nonlin_additive_pairwise/pct5": -0.8524745773399738, "rho_curated/additive/additive": 0.9999975436239016, "rho_random/additive/additive": 0.9999916003593016, "rho_curated/pairwise/additive": 0.9997659703266386, "rho_random/pairwise/additive": 0.9995410584683537, "rho_curated/additive_GE/additive": 0.9999363862694552, "rho_random/additive_GE/additive": 0.9998748309740559, "rho_curated/pairwise_GE/additive": 0.9844863705550826, "rho_random/pairwise_GE/additive": 0.9687773740790087, "rho_curated/additive/additive_pairwise": 0.9821213544444252, "rho_random/additive/additive_pairwise": 0.9688703796375954, "rho_curated/pairwise/additive_pairwise": 0.999401421711985, "rho_random/pairwise/additive_pairwise": 0.9988710161305154, "rho_curated/additive_GE/additive_pairwise": 0.9821375427095016, "rho_random/additive_GE/additive_pairwise": 0.9667691729960061, "rho_curated/pairwise_GE/additive_pairwise": 0.9767391203250065, "rho_random/pairwise_GE/additive_pairwise": 0.9669526449028072, "rho_curated/additive/nonlin_additive": 0.9964380999292676, "rho_random/additive/nonlin_additive": 0.9965915461161576, "rho_curated/pairwise/nonlin_additive": 0.9943550254620654, "rho_random/pairwise/nonlin_additive": 0.9884216854044171, "rho_curated/additive_GE/nonlin_additive": 0.9999824065112956, "rho_random/additive_GE/nonlin_additive": 0.9999775384293259, "rho_curated/pairwise_GE/nonlin_additive": 0.9890329019602635, "rho_random/pairwise_GE/nonlin_additive": 0.9892740796909131, "rho_curated/additive/nonlin_additive_pairwise": NaN, "rho_random/additive/nonlin_additive_pairwise": NaN, "rho_curated/pairwise/nonlin_additive_pairwise": NaN, "rho_random/pairwise/nonlin_additive_pairwise": NaN, "rho_curated/additive_GE/nonlin_additive_pairwise": NaN, "rho_random/additive_GE/nonlin_additive_pairwise": NaN, "rho_curated/pairwise_GE/nonlin_additive_pairwise": NaN, "rho_random/pairwise_GE/nonlin_additive_pairwise": NaN, "rho_curated_mean": 0.9920328453190739, "rho_random_mean": 0.9869927439323715, "_wandb": {"runtime": 412}}