{"potts/n_edges": 1623, "potts/edge_density": 0.9169491525423729, "potts/J_mean_abs": 4.219653606414795, "potts/J_std": 3.4523801803588867, "_timestamp": 1773520780.5286982, "_runtime": 558.6190812587738, "_step": 21, "gt_scores/additive/std": 1.1832354436262664, "gt_scores/additive/min": -8.542335510253906, "gt_scores/additive/pct5": -4.846619439125061, "gt_scores/additive_pairwise/std": 115.90885152982284, "gt_scores/additive_pairwise/min": -823.5036010742188, "gt_scores/additive_pairwise/pct5": -418.7696807861328, "gt_scores/nonlin_additive/std": 0.16402120129453077, "gt_scores/nonlin_additive/min": -0.7585703320830396, "gt_scores/nonlin_additive/pct5": -0.7106111572045939, "gt_scores/nonlin_additive_pairwise/std": 0.01900746470856268, "gt_scores/nonlin_additive_pairwise/min": -0.7608949327241471, "gt_scores/nonlin_additive_pairwise/pct5": -0.7608949327241471, "rho_curated/additive/additive": 0.9999958094798324, "rho_random/additive/additive": 0.9999884756220362, "rho_curated/pairwise/additive": 0.9990973602758728, "rho_random/pairwise/additive": 0.9991740024445039, "rho_curated/additive_GE/additive": 0.9999633764545341, "rho_random/additive_GE/additive": 0.9999182227641737, "rho_curated/pairwise_GE/additive": 0.9911566466616293, "rho_random/pairwise_GE/additive": 0.987563048712642, "rho_curated/additive/additive_pairwise": 0.9809461868613901, "rho_random/additive/additive_pairwise": 0.972758476956854, "rho_curated/pairwise/additive_pairwise": 0.9693169573792053, "rho_random/pairwise/additive_pairwise": 0.9633891897097965, "rho_curated/additive_GE/additive_pairwise": 0.9824511412180454, "rho_random/additive_GE/additive_pairwise": 0.976201115281307, "rho_curated/pairwise_GE/additive_pairwise": 0.9646115747907642, "rho_random/pairwise_GE/additive_pairwise": 0.9603582757339914, "rho_curated/additive/nonlin_additive": 0.9962888500189305, "rho_random/additive/nonlin_additive": 0.9953214561552507, "rho_curated/pairwise/nonlin_additive": 0.9934839493622633, "rho_random/pairwise/nonlin_additive": 0.9905310545310547, "rho_curated/additive_GE/nonlin_additive": 0.999975779463026, "rho_random/additive_GE/nonlin_additive": 0.9999604078614039, "rho_curated/pairwise_GE/nonlin_additive": 0.9941300573000754, "rho_random/pairwise_GE/nonlin_additive": 0.9941509734800636, "rho_curated/additive/nonlin_additive_pairwise": NaN, "rho_random/additive/nonlin_additive_pairwise": 0.20634687372953195, "rho_curated/pairwise/nonlin_additive_pairwise": NaN, "rho_random/pairwise/nonlin_additive_pairwise": 0.18575077424408082, "rho_curated/additive_GE/nonlin_additive_pairwise": NaN, "rho_random/additive_GE/nonlin_additive_pairwise": NaN, "rho_curated/pairwise_GE/nonlin_additive_pairwise": NaN, "rho_random/pairwise_GE/nonlin_additive_pairwise": -0.19817071948166917, "rho_curated_mean": 0.9892848074387975, "rho_random_mean": 0.8022161085163346, "_wandb": {"runtime": 558}}