{"potts/n_edges": 273, "potts/edge_density": 0.6275862068965518, "potts/J_mean_abs": 4.541534900665283, "potts/J_std": 4.178785800933838, "_timestamp": 1773431411.6297202, "_runtime": 515.2631251811981, "_step": 21, "gt_scores/additive/std": 1.1925536417782636, "gt_scores/additive/min": -9.211626052856445, "gt_scores/additive/pct5": -6.01135892868042, "gt_scores/additive_pairwise/std": 107.72108437768843, "gt_scores/additive_pairwise/min": -719.1885986328125, "gt_scores/additive_pairwise/pct5": -452.87132873535154, "gt_scores/nonlin_additive/std": 0.1394448448352391, "gt_scores/nonlin_additive/min": -0.8371870805299297, "gt_scores/nonlin_additive/pct5": -0.8067663836145071, "gt_scores/nonlin_additive_pairwise/std": 1.828850743841995e-08, "gt_scores/nonlin_additive_pairwise/min": -0.8394933305681229, "gt_scores/nonlin_additive_pairwise/pct5": -0.8394933305681229, "rho_curated/additive/additive": 0.999997555527902, "rho_random/additive/additive": 0.999993161833687, "rho_curated/pairwise/additive": 0.9992273146169999, "rho_random/pairwise/additive": 0.9988365652031411, "rho_curated/additive_GE/additive": 0.9999793769191726, "rho_random/additive_GE/additive": 0.9999494846885745, "rho_curated/pairwise_GE/additive": 0.9622517533593522, "rho_random/pairwise_GE/additive": 0.9454116337986476, "rho_curated/additive/additive_pairwise": 0.9745323696052947, "rho_random/additive/additive_pairwise": 0.9601385505951247, "rho_curated/pairwise/additive_pairwise": 0.9887575922614943, "rho_random/pairwise/additive_pairwise": 0.9811815751542442, "rho_curated/additive_GE/additive_pairwise": 0.9742907311870121, "rho_random/additive_GE/additive_pairwise": 0.9619937225299932, "rho_curated/pairwise_GE/additive_pairwise": 0.9583167940586708, "rho_random/pairwise_GE/additive_pairwise": 0.9424258248055725, "rho_curated/additive/nonlin_additive": 0.9966487717938705, "rho_random/additive/nonlin_additive": 0.9963375214238179, "rho_curated/pairwise/nonlin_additive": 0.9882764398107763, "rho_random/pairwise/nonlin_additive": 0.9812732221256705, "rho_curated/additive_GE/nonlin_additive": 0.9999823702712938, "rho_random/additive_GE/nonlin_additive": 0.9999810601915053, "rho_curated/pairwise_GE/nonlin_additive": 0.9805536823016806, "rho_random/pairwise_GE/nonlin_additive": 0.9771975918397997, "rho_curated/additive/nonlin_additive_pairwise": NaN, "rho_random/additive/nonlin_additive_pairwise": NaN, "rho_curated/pairwise/nonlin_additive_pairwise": NaN, "rho_random/pairwise/nonlin_additive_pairwise": NaN, "rho_curated/additive_GE/nonlin_additive_pairwise": NaN, "rho_random/additive_GE/nonlin_additive_pairwise": NaN, "rho_curated/pairwise_GE/nonlin_additive_pairwise": NaN, "rho_random/pairwise_GE/nonlin_additive_pairwise": NaN, "rho_curated_mean": 0.9852345626427934, "rho_random_mean": 0.978726659515815, "_wandb": {"runtime": 514}}