{"potts/n_edges": 82, "potts/edge_density": 0.780952380952381, "potts/J_mean_abs": 2.2296342849731445, "potts/J_std": 1.7312421798706055, "_timestamp": 1773377395.3716824, "_runtime": 526.769695520401, "_step": 21, "gt_scores/additive/std": 0.9557475539592777, "gt_scores/additive/min": -7.033940315246582, "gt_scores/additive/pct5": -5.159853672981262, "gt_scores/additive_pairwise/std": 24.67361076163876, "gt_scores/additive_pairwise/min": -209.36251831054688, "gt_scores/additive_pairwise/pct5": -179.24278564453124, "gt_scores/nonlin_additive/std": 0.1307311439252841, "gt_scores/nonlin_additive/min": -0.8613129322410867, "gt_scores/nonlin_additive/pct5": -0.8371371284084792, "gt_scores/nonlin_additive_pairwise/std": 1.1102230246251565e-16, "gt_scores/nonlin_additive_pairwise/min": -0.8653877661321029, "gt_scores/nonlin_additive_pairwise/pct5": -0.8653877661321029, "rho_curated/additive/additive": 0.9999986546559461, "rho_random/additive/additive": 0.999995084640524, "rho_curated/pairwise/additive": 0.9999719368948774, "rho_random/pairwise/additive": 0.9999442203924321, "rho_curated/additive_GE/additive": 0.9999860872234432, "rho_random/additive_GE/additive": 0.9999664422943001, "rho_curated/pairwise_GE/additive": 0.9997721844308819, "rho_random/pairwise_GE/additive": 0.9995729317708586, "rho_curated/additive/additive_pairwise": 0.9344146269831408, "rho_random/additive/additive_pairwise": 0.9035087350194718, "rho_curated/pairwise/additive_pairwise": 0.9999617267904645, "rho_random/pairwise/additive_pairwise": 0.9999372605123658, "rho_curated/additive_GE/additive_pairwise": 0.933810730939721, "rho_random/additive_GE/additive_pairwise": 0.8871391311150829, "rho_curated/pairwise_GE/additive_pairwise": 0.9995491406139115, "rho_random/pairwise_GE/additive_pairwise": 0.9992799706590139, "rho_curated/additive/nonlin_additive": 0.9962004169757431, "rho_random/additive/nonlin_additive": 0.9967394114123792, "rho_curated/pairwise/nonlin_additive": 0.9992658512986339, "rho_random/pairwise/nonlin_additive": 0.9971820090198259, "rho_curated/additive_GE/nonlin_additive": NaN, "rho_random/additive_GE/nonlin_additive": NaN, "rho_curated/pairwise_GE/nonlin_additive": 0.9996147373205617, "rho_random/pairwise_GE/nonlin_additive": 0.9996572664454696, "rho_curated/additive/nonlin_additive_pairwise": NaN, "rho_random/additive/nonlin_additive_pairwise": NaN, "rho_curated/pairwise/nonlin_additive_pairwise": NaN, "rho_random/pairwise/nonlin_additive_pairwise": NaN, "rho_curated/additive_GE/nonlin_additive_pairwise": NaN, "rho_random/additive_GE/nonlin_additive_pairwise": NaN, "rho_curated/pairwise_GE/nonlin_additive_pairwise": NaN, "rho_random/pairwise_GE/nonlin_additive_pairwise": NaN, "rho_curated_mean": 0.9875041903752113, "rho_random_mean": 0.9802656784801567, "_wandb": {"runtime": 526}}