{"potts/n_edges": 2866, "potts/edge_density": 0.9069620253164556, "potts/J_mean_abs": 1.599173903465271, "potts/J_std": 1.300420880317688, "_timestamp": 1773709638.3920581, "_runtime": 583.8527731895447, "_step": 21, "gt_scores/additive/std": 1.5568376386992655, "gt_scores/additive/min": -11.396342277526855, "gt_scores/additive/pct5": -7.418794846534729, "gt_scores/additive_pairwise/std": 69.1301058424147, "gt_scores/additive_pairwise/min": -600.26513671875, "gt_scores/additive_pairwise/pct5": -267.3604736328125, "gt_scores/nonlin_additive/std": 0.146525459861713, "gt_scores/nonlin_additive/min": -0.8127376912579128, "gt_scores/nonlin_additive/pct5": -0.7793280167230962, "gt_scores/nonlin_additive_pairwise/std": 0.0058993741280281555, "gt_scores/nonlin_additive_pairwise/min": -0.8156584652741159, "gt_scores/nonlin_additive_pairwise/pct5": -0.8156584652741159, "rho_curated/additive/additive": 0.9999956701118268, "rho_random/additive/additive": 0.9999870133718788, "rho_curated/pairwise/additive": 0.9992595475543464, "rho_random/pairwise/additive": 0.9992583789067987, "rho_curated/additive_GE/additive": 0.9999639610945575, "rho_random/additive_GE/additive": 0.9999170968381663, "rho_curated/pairwise_GE/additive": 0.9978699475946958, "rho_random/pairwise_GE/additive": 0.9966983163314377, "rho_curated/additive/additive_pairwise": 0.9852102755280562, "rho_random/additive/additive_pairwise": 0.9780615321488505, "rho_curated/pairwise/additive_pairwise": 0.9789348140758759, "rho_random/pairwise/additive_pairwise": 0.9719437453643321, "rho_curated/additive_GE/additive_pairwise": 0.9867429640214004, "rho_random/additive_GE/additive_pairwise": 0.9785466995572963, "rho_curated/pairwise_GE/additive_pairwise": 0.9774302359206677, "rho_random/pairwise_GE/additive_pairwise": 0.9739055006417955, "rho_curated/additive/nonlin_additive": 0.9927381440768289, "rho_random/additive/nonlin_additive": 0.9931422779128816, "rho_curated/pairwise/nonlin_additive": 0.9912798202103559, "rho_random/pairwise/nonlin_additive": 0.9896724807155011, "rho_curated/additive_GE/nonlin_additive": 0.9999634804945359, "rho_random/additive_GE/nonlin_additive": 0.9999448216933998, "rho_curated/pairwise_GE/nonlin_additive": 0.994264462874028, "rho_random/pairwise_GE/nonlin_additive": 0.9947199204393006, "rho_curated/additive/nonlin_additive_pairwise": NaN, "rho_random/additive/nonlin_additive_pairwise": 0.18305450460738473, "rho_curated/pairwise/nonlin_additive_pairwise": NaN, "rho_random/pairwise/nonlin_additive_pairwise": 0.1308676121617326, "rho_curated/additive_GE/nonlin_additive_pairwise": NaN, "rho_random/additive_GE/nonlin_additive_pairwise": 0.07416705955129708, "rho_curated/pairwise_GE/nonlin_additive_pairwise": NaN, "rho_random/pairwise_GE/nonlin_additive_pairwise": 0.16074858069479295, "rho_curated_mean": 0.9919711102964314, "rho_random_mean": 0.7765397213085529, "_wandb": {"runtime": 583}}