{"potts/n_edges": 58, "potts/edge_density": 0.5523809523809524, "potts/J_mean_abs": 1.0364351272583008, "potts/J_std": 0.7715283036231995, "_timestamp": 1773666336.149113, "_runtime": 645.8065588474274, "_step": 21, "gt_scores/additive/std": 0.9557475539592777, "gt_scores/additive/min": -7.033940315246582, "gt_scores/additive/pct5": -5.159853672981262, "gt_scores/additive_pairwise/std": 8.130095746764175, "gt_scores/additive_pairwise/min": -66.717041015625, "gt_scores/additive_pairwise/pct5": -56.59038162231445, "gt_scores/nonlin_additive/std": 0.1307311439252841, "gt_scores/nonlin_additive/min": -0.8613129322410867, "gt_scores/nonlin_additive/pct5": -0.8371371284084792, "gt_scores/nonlin_additive_pairwise/std": 3.15465625638206e-08, "gt_scores/nonlin_additive_pairwise/min": -0.8653877661321029, "gt_scores/nonlin_additive_pairwise/pct5": -0.8653877661321029, "rho_curated/additive/additive": 0.9999980884479235, "rho_random/additive/additive": 0.9999935255993243, "rho_curated/pairwise/additive": 0.9999775333111011, "rho_random/pairwise/additive": 0.9999542783558146, "rho_curated/additive_GE/additive": 0.9999852595594094, "rho_random/additive_GE/additive": 0.999959532681561, "rho_curated/pairwise_GE/additive": 0.9997223347728932, "rho_random/pairwise_GE/additive": 0.9995114056978339, "rho_curated/additive/additive_pairwise": 0.9112575905943034, "rho_random/additive/additive_pairwise": 0.8679739063331877, "rho_curated/pairwise/additive_pairwise": 0.9999696495747852, "rho_random/pairwise/additive_pairwise": 0.9999377596358876, "rho_curated/additive_GE/additive_pairwise": 0.9109004191416017, "rho_random/additive_GE/additive_pairwise": 0.8696131252917847, "rho_curated/pairwise_GE/additive_pairwise": 0.9996748124909691, "rho_random/pairwise_GE/additive_pairwise": 0.9995256275484439, "rho_curated/additive/nonlin_additive": 0.9965012659875468, "rho_random/additive/nonlin_additive": 0.9969985642752404, "rho_curated/pairwise/nonlin_additive": 0.999214531088506, "rho_random/pairwise/nonlin_additive": 0.9958589177670552, "rho_curated/additive_GE/nonlin_additive": 0.9999913703436543, "rho_random/additive_GE/nonlin_additive": 0.9999911010155073, "rho_curated/pairwise_GE/nonlin_additive": 0.9995620581344508, "rho_random/pairwise_GE/nonlin_additive": 0.9996207385428942, "rho_curated/additive/nonlin_additive_pairwise": NaN, "rho_random/additive/nonlin_additive_pairwise": NaN, "rho_curated/pairwise/nonlin_additive_pairwise": NaN, "rho_random/pairwise/nonlin_additive_pairwise": NaN, "rho_curated/additive_GE/nonlin_additive_pairwise": NaN, "rho_random/additive_GE/nonlin_additive_pairwise": NaN, "rho_curated/pairwise_GE/nonlin_additive_pairwise": NaN, "rho_random/pairwise_GE/nonlin_additive_pairwise": NaN, "rho_curated_mean": 0.9847295761205954, "rho_random_mean": 0.9774115402287112, "_wandb": {"runtime": 645}}