{"potts/n_edges": 346, "potts/edge_density": 0.7954022988505747, "potts/J_mean_abs": 3.4235198497772217, "potts/J_std": 2.6799211502075195, "_timestamp": 1773596636.4284651, "_runtime": 515.6343200206757, "_step": 21, "gt_scores/additive/std": 1.3145519307288893, "gt_scores/additive/min": -9.543702125549316, "gt_scores/additive/pct5": -6.543755149841308, "gt_scores/additive_pairwise/std": 91.63975746556514, "gt_scores/additive_pairwise/min": -642.0556030273438, "gt_scores/additive_pairwise/pct5": -390.7285720825195, "gt_scores/nonlin_additive/std": 0.1415948963973883, "gt_scores/nonlin_additive/min": -0.8305795334928087, "gt_scores/nonlin_additive/pct5": -0.8006284573354645, "gt_scores/nonlin_additive_pairwise/std": 5.894190873778397e-05, "gt_scores/nonlin_additive_pairwise/min": -0.8341020215334246, "gt_scores/nonlin_additive_pairwise/pct5": -0.8341020215334246, "rho_curated/additive/additive": 0.9999977032959079, "rho_random/additive/additive": 0.9999934820851304, "rho_curated/pairwise/additive": 0.9992426652817065, "rho_random/pairwise/additive": 0.998852283391912, "rho_curated/additive_GE/additive": 0.9999780541831217, "rho_random/additive_GE/additive": 0.9999510560297625, "rho_curated/pairwise_GE/additive": 0.9647329991013198, "rho_random/pairwise_GE/additive": 0.9439720826246528, "rho_curated/additive/additive_pairwise": 0.9822600436331245, "rho_random/additive/additive_pairwise": 0.9694700059607303, "rho_curated/pairwise/additive_pairwise": 0.9913760617026283, "rho_random/pairwise/additive_pairwise": 0.98442340389624, "rho_curated/additive_GE/additive_pairwise": 0.9826865587626311, "rho_random/additive_GE/additive_pairwise": 0.9663096922484363, "rho_curated/pairwise_GE/additive_pairwise": 0.9568831011532543, "rho_random/pairwise_GE/additive_pairwise": 0.9449377131819263, "rho_curated/additive/nonlin_additive": 0.9970193920967042, "rho_random/additive/nonlin_additive": 0.9968183337955216, "rho_curated/pairwise/nonlin_additive": 0.9892352454171515, "rho_random/pairwise/nonlin_additive": 0.9837257249794595, "rho_curated/additive_GE/nonlin_additive": 0.9999827631273102, "rho_random/additive_GE/nonlin_additive": 0.999978529983903, "rho_curated/pairwise_GE/nonlin_additive": 0.9796314805602817, "rho_random/pairwise_GE/nonlin_additive": 0.978128110170296, "rho_curated/additive/nonlin_additive_pairwise": NaN, "rho_random/additive/nonlin_additive_pairwise": 0.05177438507392812, "rho_curated/pairwise/nonlin_additive_pairwise": NaN, "rho_random/pairwise/nonlin_additive_pairwise": NaN, "rho_curated/additive_GE/nonlin_additive_pairwise": NaN, "rho_random/additive_GE/nonlin_additive_pairwise": NaN, "rho_curated/pairwise_GE/nonlin_additive_pairwise": NaN, "rho_random/pairwise_GE/nonlin_additive_pairwise": NaN, "rho_curated_mean": 0.9869188390262617, "rho_random_mean": 0.9091026771862999, "_wandb": {"runtime": 515}}