{"potts/n_edges": 381, "potts/edge_density": 0.8758620689655172, "potts/J_mean_abs": 2.8643746376037598, "potts/J_std": 2.217527151107788, "_timestamp": 1773397622.310682, "_runtime": 537.8757801055908, "_step": 21, "gt_scores/additive/std": 1.3145519307288893, "gt_scores/additive/min": -9.543702125549316, "gt_scores/additive/pct5": -6.543755149841308, "gt_scores/additive_pairwise/std": 85.17090057959467, "gt_scores/additive_pairwise/min": -650.8853149414062, "gt_scores/additive_pairwise/pct5": -370.2508010864258, "gt_scores/nonlin_additive/std": 0.1415948963973883, "gt_scores/nonlin_additive/min": -0.8305795334928087, "gt_scores/nonlin_additive/pct5": -0.8006284573354645, "gt_scores/nonlin_additive_pairwise/std": 0.00012235407054198008, "gt_scores/nonlin_additive_pairwise/min": -0.8341020215334246, "gt_scores/nonlin_additive_pairwise/pct5": -0.8341020215334246, "rho_curated/additive/additive": 0.9999971639438864, "rho_random/additive/additive": 0.999991305979653, "rho_curated/pairwise/additive": 0.9993024705000987, "rho_random/pairwise/additive": 0.998962092509892, "rho_curated/additive_GE/additive": NaN, "rho_random/additive_GE/additive": NaN, "rho_curated/pairwise_GE/additive": 0.9690355585926792, "rho_random/pairwise_GE/additive": 0.9384759336990104, "rho_curated/additive/additive_pairwise": 0.9846155266562518, "rho_random/additive/additive_pairwise": 0.9751894061817786, "rho_curated/pairwise/additive_pairwise": 0.9923751022550039, "rho_random/pairwise/additive_pairwise": 0.9879448031438144, "rho_curated/additive_GE/additive_pairwise": 0.9848288397687895, "rho_random/additive_GE/additive_pairwise": 0.9713654388252083, "rho_curated/pairwise_GE/additive_pairwise": 0.9560585948252892, "rho_random/pairwise_GE/additive_pairwise": 0.9348781883505951, "rho_curated/additive/nonlin_additive": 0.9968908518355596, "rho_random/additive/nonlin_additive": 0.996787263277612, "rho_curated/pairwise/nonlin_additive": 0.9886090991923637, "rho_random/pairwise/nonlin_additive": 0.9831284403059083, "rho_curated/additive_GE/nonlin_additive": 0.9999878715995141, "rho_random/additive_GE/nonlin_additive": 0.9999842158811095, "rho_curated/pairwise_GE/nonlin_additive": 0.9795960054878401, "rho_random/pairwise_GE/nonlin_additive": 0.9767023199845525, "rho_curated/additive/nonlin_additive_pairwise": NaN, "rho_random/additive/nonlin_additive_pairwise": NaN, "rho_curated/pairwise/nonlin_additive_pairwise": NaN, "rho_random/pairwise/nonlin_additive_pairwise": 0.008008288066560528, "rho_curated/additive_GE/nonlin_additive_pairwise": NaN, "rho_random/additive_GE/nonlin_additive_pairwise": NaN, "rho_curated/pairwise_GE/nonlin_additive_pairwise": NaN, "rho_random/pairwise_GE/nonlin_additive_pairwise": -0.00010439247009627813, "rho_curated_mean": 0.9864815531506614, "rho_random_mean": 0.8285625618258153, "_wandb": {"runtime": 537}}