{"potts/n_edges": 1645, "potts/edge_density": 0.9293785310734464, "potts/J_mean_abs": 4.020773410797119, "potts/J_std": 3.1562724113464355, "_timestamp": 1773387261.4827745, "_runtime": 445.92175340652466, "_step": 21, "gt_scores/additive/std": 0.5530327014004941, "gt_scores/additive/min": -3.4911489486694336, "gt_scores/additive/pct5": -1.6387670993804933, "gt_scores/additive_pairwise/std": 11.195465619466429, "gt_scores/additive_pairwise/min": -155.14476013183594, "gt_scores/additive_pairwise/pct5": -28.83900032043457, "gt_scores/nonlin_additive/std": 0.18346100006354588, "gt_scores/nonlin_additive/min": -0.6161878352586517, "gt_scores/nonlin_additive/pct5": -0.5416682427851132, "gt_scores/nonlin_additive_pairwise/std": 0.2706798714139646, "gt_scores/nonlin_additive_pairwise/min": -0.6191263952411931, "gt_scores/nonlin_additive_pairwise/pct5": -0.6191263952411931, "rho_curated/additive/additive": 0.9999922388252227, "rho_random/additive/additive": 0.9999592410791359, "rho_curated/pairwise/additive": 0.999437625165835, "rho_random/pairwise/additive": 0.9996298245944293, "rho_curated/additive_GE/additive": 0.9998325629637457, "rho_random/additive_GE/additive": 0.9996980027896581, "rho_curated/pairwise_GE/additive": 0.9942817550297335, "rho_random/pairwise_GE/additive": 0.99400898570174, "rho_curated/additive/additive_pairwise": 0.8447508731267274, "rho_random/additive/additive_pairwise": 0.7923893904679937, "rho_curated/pairwise/additive_pairwise": 0.8579921888813776, "rho_random/pairwise/additive_pairwise": 0.7947461186446895, "rho_curated/additive_GE/additive_pairwise": 0.8451899188869662, "rho_random/additive_GE/additive_pairwise": 0.8144701543887498, "rho_curated/pairwise_GE/additive_pairwise": 0.8143987029893662, "rho_random/pairwise_GE/additive_pairwise": 0.7938874223067488, "rho_curated/additive/nonlin_additive": 0.990108151708733, "rho_random/additive/nonlin_additive": 0.9900371790778671, "rho_curated/pairwise/nonlin_additive": 0.9926667977811521, "rho_random/pairwise/nonlin_additive": 0.9923789154687896, "rho_curated/additive_GE/nonlin_additive": 0.9969514952899807, "rho_random/additive_GE/nonlin_additive": 0.9970553430470447, "rho_curated/pairwise_GE/nonlin_additive": 0.9954876904994482, "rho_random/pairwise_GE/nonlin_additive": 0.9942317562992429, "rho_curated/additive/nonlin_additive_pairwise": 0.606567230782652, "rho_random/additive/nonlin_additive_pairwise": 0.6725962969732071, "rho_curated/pairwise/nonlin_additive_pairwise": 0.6240597252109258, "rho_random/pairwise/nonlin_additive_pairwise": 0.7022827151369129, "rho_curated/additive_GE/nonlin_additive_pairwise": 0.47991759160912845, "rho_random/additive_GE/nonlin_additive_pairwise": 0.7076961156275934, "rho_curated/pairwise_GE/nonlin_additive_pairwise": 0.6372550754034623, "rho_random/pairwise_GE/nonlin_additive_pairwise": 0.7717882016567675, "rho_curated_mean": 0.8549306015096536, "rho_random_mean": 0.8760534789537857, "_wandb": {"runtime": 445}}