{"potts/n_edges": 135, "potts/edge_density": 0.7105263157894737, "potts/J_mean_abs": 3.585831880569458, "potts/J_std": 2.968791961669922, "_timestamp": 1773439985.3592134, "_runtime": 503.78303146362305, "_step": 21, "gt_scores/additive/std": 1.426379881017352, "gt_scores/additive/min": -10.008467674255371, "gt_scores/additive/pct5": -7.166622185707093, "gt_scores/additive_pairwise/std": 72.35931620761268, "gt_scores/additive_pairwise/min": -484.7325744628906, "gt_scores/additive_pairwise/pct5": -356.4128387451172, "gt_scores/nonlin_additive/std": 0.13946177757028871, "gt_scores/nonlin_additive/min": -0.8313426784103302, "gt_scores/nonlin_additive/pct5": -0.8034810610065, "gt_scores/nonlin_additive_pairwise/std": 4.507036640679705e-14, "gt_scores/nonlin_additive_pairwise/min": -0.8358896588447285, "gt_scores/nonlin_additive_pairwise/pct5": -0.8358896588447285, "rho_curated/additive/additive": 0.9999978433839136, "rho_random/additive/additive": 0.999992978330191, "rho_curated/pairwise/additive": 0.9999384842295349, "rho_random/pairwise/additive": 0.9998629572079878, "rho_curated/additive_GE/additive": 0.9999786159511425, "rho_random/additive_GE/additive": 0.9999571431390322, "rho_curated/pairwise_GE/additive": 0.9991101348283198, "rho_random/pairwise_GE/additive": 0.9985526617167946, "rho_curated/additive/additive_pairwise": 0.9781428642777146, "rho_random/additive/additive_pairwise": 0.9614767094809692, "rho_curated/pairwise/additive_pairwise": 0.9999393396615706, "rho_random/pairwise/additive_pairwise": 0.9998685406586046, "rho_curated/additive_GE/additive_pairwise": 0.9782844032018126, "rho_random/additive_GE/additive_pairwise": 0.9617002928605741, "rho_curated/pairwise_GE/additive_pairwise": 0.999050877530035, "rho_random/pairwise_GE/additive_pairwise": 0.9984674323492251, "rho_curated/additive/nonlin_additive": 0.9967868017993949, "rho_random/additive/nonlin_additive": 0.9958089631994484, "rho_curated/pairwise/nonlin_additive": 0.9983382262054492, "rho_random/pairwise/nonlin_additive": 0.9963990924060797, "rho_curated/additive_GE/nonlin_additive": 0.9999894901835794, "rho_random/additive_GE/nonlin_additive": 0.9999868006213537, "rho_curated/pairwise_GE/nonlin_additive": 0.9976210310807841, "rho_random/pairwise_GE/nonlin_additive": 0.9977116860253031, "rho_curated/additive/nonlin_additive_pairwise": NaN, "rho_random/additive/nonlin_additive_pairwise": NaN, "rho_curated/pairwise/nonlin_additive_pairwise": NaN, "rho_random/pairwise/nonlin_additive_pairwise": NaN, "rho_curated/additive_GE/nonlin_additive_pairwise": NaN, "rho_random/additive_GE/nonlin_additive_pairwise": NaN, "rho_curated/pairwise_GE/nonlin_additive_pairwise": NaN, "rho_random/pairwise_GE/nonlin_additive_pairwise": NaN, "rho_curated_mean": 0.9955981760277711, "rho_random_mean": 0.9924821048329636, "_wandb": {"runtime": 503}}