{"potts/n_edges": 235, "potts/edge_density": 0.7833333333333333, "potts/J_mean_abs": 3.063750982284546, "potts/J_std": 2.5278842449188232, "_timestamp": 1773448392.8010228, "_runtime": 539.672810792923, "_step": 21, "gt_scores/additive/std": 0.973874217187291, "gt_scores/additive/min": -6.494874954223633, "gt_scores/additive/pct5": -3.951054644584656, "gt_scores/additive_pairwise/std": 45.89175475482618, "gt_scores/additive_pairwise/min": -369.12322998046875, "gt_scores/additive_pairwise/pct5": -160.61636962890626, "gt_scores/nonlin_additive/std": 0.16641086809669703, "gt_scores/nonlin_additive/min": -0.7609431941072671, "gt_scores/nonlin_additive/pct5": -0.7117288173801535, "gt_scores/nonlin_additive_pairwise/std": 0.03234340153260828, "gt_scores/nonlin_additive_pairwise/min": -0.7650602756848139, "gt_scores/nonlin_additive_pairwise/pct5": -0.7650602756848139, "rho_curated/additive/additive": 0.9999973005278917, "rho_random/additive/additive": 0.9999921948850199, "rho_curated/pairwise/additive": 0.9996548929701377, "rho_random/pairwise/additive": 0.9994611484730184, "rho_curated/additive_GE/additive": 0.9999814282712537, "rho_random/additive_GE/additive": 0.9999602741738985, "rho_curated/pairwise_GE/additive": 0.9824222398375148, "rho_random/pairwise_GE/additive": 0.9742618184210347, "rho_curated/additive/additive_pairwise": 0.9739782756532575, "rho_random/additive/additive_pairwise": 0.9620816753431737, "rho_curated/pairwise/additive_pairwise": 0.9981601060463601, "rho_random/pairwise/additive_pairwise": 0.9974508312965672, "rho_curated/additive_GE/additive_pairwise": 0.9743620896452531, "rho_random/additive_GE/additive_pairwise": 0.9583415335831443, "rho_curated/pairwise_GE/additive_pairwise": 0.980422690775498, "rho_random/pairwise_GE/additive_pairwise": 0.9794995449707735, "rho_curated/additive/nonlin_additive": 0.9985092755556556, "rho_random/additive/nonlin_additive": 0.9982672022098994, "rho_curated/pairwise/nonlin_additive": 0.9961314900034027, "rho_random/pairwise/nonlin_additive": 0.9938402495821392, "rho_curated/additive_GE/nonlin_additive": 0.9999869110234696, "rho_random/additive_GE/nonlin_additive": 0.9999771871706568, "rho_curated/pairwise_GE/nonlin_additive": 0.9941909656767107, "rho_random/pairwise_GE/nonlin_additive": 0.991457971561722, "rho_curated/additive/nonlin_additive_pairwise": -0.0251065106510651, "rho_random/additive/nonlin_additive_pairwise": 0.3916048814446762, "rho_curated/pairwise/nonlin_additive_pairwise": 0.037143714371437146, "rho_random/pairwise/nonlin_additive_pairwise": 0.368531161803589, "rho_curated/additive_GE/nonlin_additive_pairwise": -0.13201161621206892, "rho_random/additive_GE/nonlin_additive_pairwise": -0.0545098735039006, "rho_curated/pairwise_GE/nonlin_additive_pairwise": -0.08439243924392438, "rho_random/pairwise_GE/nonlin_additive_pairwise": 0.3873496601478751, "rho_curated_mean": 0.7308394258906741, "rho_random_mean": 0.8092229663477054, "_wandb": {"runtime": 539}}