{"potts/n_edges": 166, "potts/edge_density": 0.8736842105263158, "potts/J_mean_abs": 2.7068939208984375, "potts/J_std": 2.173007011413574, "_timestamp": 1773522515.4978497, "_runtime": 548.275144815445, "_step": 21, "gt_scores/additive/std": 1.426379881017352, "gt_scores/additive/min": -10.008467674255371, "gt_scores/additive/pct5": -7.166622185707093, "gt_scores/additive_pairwise/std": 63.30882757168054, "gt_scores/additive_pairwise/min": -459.1704406738281, "gt_scores/additive_pairwise/pct5": -313.0089706420898, "gt_scores/nonlin_additive/std": 0.13946177757028871, "gt_scores/nonlin_additive/min": -0.8313426784103302, "gt_scores/nonlin_additive/pct5": -0.8034810610065, "gt_scores/nonlin_additive_pairwise/std": 1.9671793025715366e-09, "gt_scores/nonlin_additive_pairwise/min": -0.8358896588447285, "gt_scores/nonlin_additive_pairwise/pct5": -0.8358896588447285, "rho_curated/additive/additive": 0.9999966972398675, "rho_random/additive/additive": 0.9999904631474277, "rho_curated/pairwise/additive": 0.9999443551097729, "rho_random/pairwise/additive": 0.9999033040360259, "rho_curated/additive_GE/additive": 0.9999827717193104, "rho_random/additive_GE/additive": 0.9999640003681782, "rho_curated/pairwise_GE/additive": 0.9990370583294822, "rho_random/pairwise_GE/additive": 0.9982058353969742, "rho_curated/additive/additive_pairwise": 0.9800952560273325, "rho_random/additive/additive_pairwise": 0.9718923443419738, "rho_curated/pairwise/additive_pairwise": 0.9999378991095145, "rho_random/pairwise/additive_pairwise": 0.9998735616113599, "rho_curated/additive_GE/additive_pairwise": 0.980138949996128, "rho_random/additive_GE/additive_pairwise": 0.9677571846712787, "rho_curated/pairwise_GE/additive_pairwise": 0.9990803205151466, "rho_random/pairwise_GE/additive_pairwise": 0.9986176575492887, "rho_curated/additive/nonlin_additive": 0.9956870540753787, "rho_random/additive/nonlin_additive": 0.994810791265752, "rho_curated/pairwise/nonlin_additive": 0.9983006340439441, "rho_random/pairwise/nonlin_additive": 0.9956084785512291, "rho_curated/additive_GE/nonlin_additive": 0.9999876087995039, "rho_random/additive_GE/nonlin_additive": 0.9999854464902848, "rho_curated/pairwise_GE/nonlin_additive": 0.9983961049917675, "rho_random/pairwise_GE/nonlin_additive": 0.9984712447568697, "rho_curated/additive/nonlin_additive_pairwise": NaN, "rho_random/additive/nonlin_additive_pairwise": NaN, "rho_curated/pairwise/nonlin_additive_pairwise": NaN, "rho_random/pairwise/nonlin_additive_pairwise": NaN, "rho_curated/additive_GE/nonlin_additive_pairwise": NaN, "rho_random/additive_GE/nonlin_additive_pairwise": NaN, "rho_curated/pairwise_GE/nonlin_additive_pairwise": NaN, "rho_random/pairwise_GE/nonlin_additive_pairwise": NaN, "rho_curated_mean": 0.9958820591630958, "rho_random_mean": 0.9937566926822203, "_wandb": {"runtime": 547}}