{"potts/n_edges": 69, "potts/edge_density": 0.6571428571428571, "potts/J_mean_abs": 3.8799569606781006, "potts/J_std": 3.2512125968933105, "_timestamp": 1773603456.081816, "_runtime": 653.8278799057007, "_step": 21, "gt_scores/additive/std": 0.9086341193915439, "gt_scores/additive/min": -5.885261058807373, "gt_scores/additive/pct5": -4.087509632110596, "gt_scores/additive_pairwise/std": 48.1328242757171, "gt_scores/additive_pairwise/min": -293.55816650390625, "gt_scores/additive_pairwise/pct5": -205.9681640625, "gt_scores/nonlin_additive/std": 0.15546503153337984, "gt_scores/nonlin_additive/min": -0.7906516977346099, "gt_scores/nonlin_additive/pct5": -0.7548789649667715, "gt_scores/nonlin_additive_pairwise/std": 0.0012222418882421812, "gt_scores/nonlin_additive_pairwise/min": -0.7966420048824534, "gt_scores/nonlin_additive_pairwise/pct5": -0.7966420048824534, "rho_curated/additive/additive": 0.9999983722959344, "rho_random/additive/additive": 0.9999947156568234, "rho_curated/pairwise/additive": 0.9999745105589732, "rho_random/pairwise/additive": 0.9999521381930554, "rho_curated/additive_GE/additive": 0.999982747599305, "rho_random/additive_GE/additive": 0.9999627018260745, "rho_curated/pairwise_GE/additive": 0.9996889947394704, "rho_random/pairwise_GE/additive": 0.9995211557039564, "rho_curated/additive/additive_pairwise": 0.9678144391910325, "rho_random/additive/additive_pairwise": 0.9514674150975452, "rho_curated/pairwise/additive_pairwise": 0.9999718993588732, "rho_random/pairwise/additive_pairwise": 0.9999402469092595, "rho_curated/additive_GE/additive_pairwise": 0.9680596470816194, "rho_random/additive_GE/additive_pairwise": 0.9523557290101224, "rho_curated/pairwise_GE/additive_pairwise": 0.9995098073963806, "rho_random/pairwise_GE/additive_pairwise": 0.9993140989552949, "rho_curated/additive/nonlin_additive": 0.9975414238664706, "rho_random/additive/nonlin_additive": 0.9961129080151548, "rho_curated/pairwise/nonlin_additive": 0.9996219763203891, "rho_random/pairwise/nonlin_additive": 0.9987882540045451, "rho_curated/additive_GE/nonlin_additive": NaN, "rho_random/additive_GE/nonlin_additive": NaN, "rho_curated/pairwise_GE/nonlin_additive": 0.9997953330315286, "rho_random/pairwise_GE/nonlin_additive": 0.9997275410741, "rho_curated/additive/nonlin_additive_pairwise": NaN, "rho_random/additive/nonlin_additive_pairwise": 0.06214810239439584, "rho_curated/pairwise/nonlin_additive_pairwise": NaN, "rho_random/pairwise/nonlin_additive_pairwise": 0.1270080280059199, "rho_curated/additive_GE/nonlin_additive_pairwise": NaN, "rho_random/additive_GE/nonlin_additive_pairwise": NaN, "rho_curated/pairwise_GE/nonlin_additive_pairwise": NaN, "rho_random/pairwise_GE/nonlin_additive_pairwise": 0.014473470981331595, "rho_curated_mean": 0.9938144683127252, "rho_random_mean": 0.7929118932733984, "_wandb": {"runtime": 653}}