{"potts/n_edges": 154, "potts/edge_density": 0.8105263157894737, "potts/J_mean_abs": 3.1693801879882812, "potts/J_std": 2.6832096576690674, "_timestamp": 1773484848.888595, "_runtime": 505.0941250324249, "_step": 21, "gt_scores/additive/std": 1.210202704410808, "gt_scores/additive/min": -8.911455154418945, "gt_scores/additive/pct5": -6.663809275627136, "gt_scores/additive_pairwise/std": 66.305499762496, "gt_scores/additive_pairwise/min": -462.8817443847656, "gt_scores/additive_pairwise/pct5": -326.9781158447266, "gt_scores/nonlin_additive/std": 0.125785236402486, "gt_scores/nonlin_additive/min": -0.8664681453126024, "gt_scores/nonlin_additive/pct5": -0.8440971430509998, "gt_scores/nonlin_additive_pairwise/std": 4.931099988016397e-13, "gt_scores/nonlin_additive_pairwise/min": -0.8707194432537088, "gt_scores/nonlin_additive_pairwise/pct5": -0.8707194432537088, "rho_curated/additive/additive": 0.9999972237038889, "rho_random/additive/additive": 0.9999913114695131, "rho_curated/pairwise/additive": 0.999938378269535, "rho_random/pairwise/additive": 0.9998692796946106, "rho_curated/additive_GE/additive": 0.9999659477186371, "rho_random/additive_GE/additive": 0.9999309722611232, "rho_curated/pairwise_GE/additive": 0.999084973299377, "rho_random/pairwise_GE/additive": 0.9982877503065334, "rho_curated/additive/additive_pairwise": 0.9752152569680154, "rho_random/additive/additive_pairwise": 0.9576159820463168, "rho_curated/pairwise/additive_pairwise": 0.9999440216777583, "rho_random/pairwise/additive_pairwise": 0.9998786276267885, "rho_curated/additive_GE/additive_pairwise": 0.9750741246977688, "rho_random/additive_GE/additive_pairwise": 0.9558823772232014, "rho_curated/pairwise_GE/additive_pairwise": 0.9991385951814613, "rho_random/pairwise_GE/additive_pairwise": 0.9985724458307302, "rho_curated/additive/nonlin_additive": 0.9949471423972795, "rho_random/additive/nonlin_additive": 0.9955752435488222, "rho_curated/pairwise/nonlin_additive": 0.9980605502263291, "rho_random/pairwise/nonlin_additive": 0.9923815158012633, "rho_curated/additive_GE/nonlin_additive": 0.9999890007995597, "rho_random/additive_GE/nonlin_additive": 0.9999885807974657, "rho_curated/pairwise_GE/nonlin_additive": 0.9983830260231271, "rho_random/pairwise_GE/nonlin_additive": 0.9983560550826897, "rho_curated/additive/nonlin_additive_pairwise": NaN, "rho_random/additive/nonlin_additive_pairwise": NaN, "rho_curated/pairwise/nonlin_additive_pairwise": NaN, "rho_random/pairwise/nonlin_additive_pairwise": NaN, "rho_curated/additive_GE/nonlin_additive_pairwise": NaN, "rho_random/additive_GE/nonlin_additive_pairwise": NaN, "rho_curated/pairwise_GE/nonlin_additive_pairwise": NaN, "rho_random/pairwise_GE/nonlin_additive_pairwise": NaN, "rho_curated_mean": 0.9949781867468946, "rho_random_mean": 0.9913608451407548, "_wandb": {"runtime": 504}}