{"potts/n_edges": 678, "potts/edge_density": 0.8268292682926829, "potts/J_mean_abs": 3.1222727298736572, "potts/J_std": 2.563807249069214, "_timestamp": 1773570719.3886716, "_runtime": 525.8777256011963, "_step": 21, "gt_scores/additive/std": 1.3716052166180124, "gt_scores/additive/min": -9.657029151916504, "gt_scores/additive/pct5": -6.695575809478759, "gt_scores/additive_pairwise/std": 110.43034886115696, "gt_scores/additive_pairwise/min": -766.9942626953125, "gt_scores/additive_pairwise/pct5": -442.16146392822264, "gt_scores/nonlin_additive/std": 0.1440377317855033, "gt_scores/nonlin_additive/min": -0.8210666984264194, "gt_scores/nonlin_additive/pct5": -0.790616199558326, "gt_scores/nonlin_additive_pairwise/std": 1.2607162446764024e-05, "gt_scores/nonlin_additive_pairwise/min": -0.8251824253573227, "gt_scores/nonlin_additive_pairwise/pct5": -0.8251824253573227, "rho_curated/additive/additive": 0.9999973679198944, "rho_random/additive/additive": 0.9999925095596744, "rho_curated/pairwise/additive": 0.9988774772829913, "rho_random/pairwise/additive": 0.9982529831755554, "rho_curated/additive_GE/additive": 0.9999658078706273, "rho_random/additive_GE/additive": 0.999931371931372, "rho_curated/pairwise_GE/additive": 0.9810567141119957, "rho_random/pairwise_GE/additive": 0.9722830659500369, "rho_curated/additive/additive_pairwise": 0.9858295152488404, "rho_random/additive/additive_pairwise": 0.9755865790501751, "rho_curated/pairwise/additive_pairwise": 0.983414730119793, "rho_random/pairwise/additive_pairwise": 0.9758565107801935, "rho_curated/additive_GE/additive_pairwise": 0.9862650967382743, "rho_random/additive_GE/additive_pairwise": 0.9778235724859106, "rho_curated/pairwise_GE/additive_pairwise": 0.9428639654718158, "rho_random/pairwise_GE/additive_pairwise": 0.9276168280502701, "rho_curated/additive/nonlin_additive": 0.9955253659005852, "rho_random/additive/nonlin_additive": 0.9949024283694307, "rho_curated/pairwise/nonlin_additive": 0.9869855313584841, "rho_random/pairwise/nonlin_additive": 0.9833560327404116, "rho_curated/additive_GE/nonlin_additive": 0.9999845300313807, "rho_random/additive_GE/nonlin_additive": 0.9999771345359371, "rho_curated/pairwise_GE/nonlin_additive": 0.983676035266258, "rho_random/pairwise_GE/nonlin_additive": 0.9810387185712002, "rho_curated/additive/nonlin_additive_pairwise": NaN, "rho_random/additive/nonlin_additive_pairwise": 0.07143055736419447, "rho_curated/pairwise/nonlin_additive_pairwise": NaN, "rho_random/pairwise/nonlin_additive_pairwise": 0.10739249552206662, "rho_curated/additive_GE/nonlin_additive_pairwise": NaN, "rho_random/additive_GE/nonlin_additive_pairwise": NaN, "rho_curated/pairwise_GE/nonlin_additive_pairwise": NaN, "rho_random/pairwise_GE/nonlin_additive_pairwise": 0.09777518190411477, "rho_curated_mean": 0.9870368447767451, "rho_random_mean": 0.8042143979993698, "_wandb": {"runtime": 525}}