{"potts/n_edges": 215, "potts/edge_density": 0.7166666666666667, "potts/J_mean_abs": 3.8879287242889404, "potts/J_std": 3.081932783126831, "_timestamp": 1773408211.2993271, "_runtime": 430.7684922218323, "_step": 16, "gt_scores/additive/std": 1.4607008917297066, "gt_scores/additive/min": -10.880603790283203, "gt_scores/additive/pct5": -7.648485493659973, "gt_scores/additive_pairwise/std": 91.15274104209738, "gt_scores/additive_pairwise/min": -617.6143798828125, "gt_scores/additive_pairwise/pct5": -403.49965515136716, "gt_scores/nonlin_additive/std": 0.1329364744996366, "gt_scores/nonlin_additive/min": -0.8491222741790089, "gt_scores/nonlin_additive/pct5": -0.8226467537292117, "gt_scores/nonlin_additive_pairwise/std": 9.817024974639182e-07, "gt_scores/nonlin_additive_pairwise/min": -0.8524745773399738, "gt_scores/nonlin_additive_pairwise/pct5": -0.8524745773399738, "rho_curated/additive/additive": 0.9999974442878978, "rho_random/additive/additive": 0.9999926339164814, "rho_curated/pairwise/additive": 0.9997317146932558, "rho_random/pairwise/additive": 0.9995153790677916, "rho_curated/additive_GE/additive": 0.9999345493573791, "rho_random/additive_GE/additive": 0.999847011847012, "rho_curated/pairwise_GE/additive": 0.9818740407460917, "rho_random/pairwise_GE/additive": 0.9735035501886549, "rho_curated/additive/additive_pairwise": 0.9801108426594792, "rho_random/additive/additive_pairwise": 0.965866617485489, "rho_curated/pairwise/additive_pairwise": 0.9994587886743126, "rho_random/pairwise/additive_pairwise": 0.9991090333524926, "rho_curated/additive_GE/additive_pairwise": 0.9800815324663054, "rho_random/additive_GE/additive_pairwise": 0.9638994588233082, "rho_curated/pairwise_GE/additive_pairwise": 0.9819930521184256, "rho_random/pairwise_GE/additive_pairwise": 0.9727825621212394, "rho_curated/additive/nonlin_additive": 0.9967216781324738, "rho_random/additive/nonlin_additive": 0.996487717942149, "rho_curated/pairwise/nonlin_additive": 0.994390902438963, "rho_random/pairwise/nonlin_additive": 0.9881914326545499, "rho_curated/additive_GE/nonlin_additive": 0.9999895190555798, "rho_random/additive_GE/nonlin_additive": 0.9999869792405958, "rho_curated/pairwise_GE/nonlin_additive": 0.9898058758225226, "rho_random/pairwise_GE/nonlin_additive": 0.9879881869726698, "_wandb": {"runtime": 430}}