{"potts/n_edges": 325, "potts/edge_density": 0.7471264367816092, "potts/J_mean_abs": 3.56917405128479, "potts/J_std": 2.9368555545806885, "_timestamp": 1773661904.6264272, "_runtime": 377.3528482913971, "_step": 21, "gt_scores/additive/std": 1.1925536417782636, "gt_scores/additive/min": -9.211626052856445, "gt_scores/additive/pct5": -6.01135892868042, "gt_scores/additive_pairwise/std": 101.97682090639906, "gt_scores/additive_pairwise/min": -654.7514038085938, "gt_scores/additive_pairwise/pct5": -433.2624008178711, "gt_scores/nonlin_additive/std": 0.1394448448352391, "gt_scores/nonlin_additive/min": -0.8371870805299297, "gt_scores/nonlin_additive/pct5": -0.8067663836145071, "gt_scores/nonlin_additive_pairwise/std": 1.5855841955198446e-12, "gt_scores/nonlin_additive_pairwise/min": -0.8394933305681229, "gt_scores/nonlin_additive_pairwise/pct5": -0.8394933305681229, "rho_curated/additive/additive": 0.9999974697758985, "rho_random/additive/additive": 0.9999915412945629, "rho_curated/pairwise/additive": 0.9992416732175939, "rho_random/pairwise/additive": 0.9986312487938258, "rho_curated/additive_GE/additive": 0.9999752240790064, "rho_random/additive_GE/additive": 0.9999388415845691, "rho_curated/pairwise_GE/additive": 0.9725883826782193, "rho_random/pairwise_GE/additive": 0.9518008245154279, "rho_curated/additive/additive_pairwise": 0.9832688824971494, "rho_random/additive/additive_pairwise": 0.9738028218949532, "rho_curated/pairwise/additive_pairwise": 0.9922256449124661, "rho_random/pairwise/additive_pairwise": 0.9888545838965657, "rho_curated/additive_GE/additive_pairwise": 0.9834269295846795, "rho_random/additive_GE/additive_pairwise": 0.9692520173574793, "rho_curated/pairwise_GE/additive_pairwise": 0.9626359991596467, "rho_random/pairwise_GE/additive_pairwise": 0.9494159787104208, "rho_curated/additive/nonlin_additive": 0.9965093967799571, "rho_random/additive/nonlin_additive": 0.996383846032293, "rho_curated/pairwise/nonlin_additive": 0.9889151425475416, "rho_random/pairwise/nonlin_additive": 0.9804386685771769, "rho_curated/additive_GE/nonlin_additive": 0.9999866789194655, "rho_random/additive_GE/nonlin_additive": 0.9999807174256437, "rho_curated/pairwise_GE/nonlin_additive": 0.9822576706090294, "rho_random/pairwise_GE/nonlin_additive": 0.9788698141890879, "rho_curated/additive/nonlin_additive_pairwise": NaN, "rho_random/additive/nonlin_additive_pairwise": NaN, "rho_curated/pairwise/nonlin_additive_pairwise": NaN, "rho_random/pairwise/nonlin_additive_pairwise": NaN, "rho_curated/additive_GE/nonlin_additive_pairwise": NaN, "rho_random/additive_GE/nonlin_additive_pairwise": NaN, "rho_curated/pairwise_GE/nonlin_additive_pairwise": NaN, "rho_random/pairwise_GE/nonlin_additive_pairwise": NaN, "rho_curated_mean": 0.9884190912300547, "rho_random_mean": 0.9822800753560005, "_wandb": {"runtime": 377}}