{"potts/n_edges": 1460, "potts/edge_density": 0.8248587570621468, "potts/J_mean_abs": 3.329202175140381, "potts/J_std": 2.7299892902374268, "_timestamp": 1773508426.5372581, "_runtime": 592.69225025177, "_step": 21, "gt_scores/additive/std": 1.482028523614475, "gt_scores/additive/min": -10.639902114868164, "gt_scores/additive/pct5": -6.9830321073532104, "gt_scores/additive_pairwise/std": 97.28368103047754, "gt_scores/additive_pairwise/min": -714.3541870117188, "gt_scores/additive_pairwise/pct5": -382.44165954589846, "gt_scores/nonlin_additive/std": 0.14799074225652126, "gt_scores/nonlin_additive/min": -0.8130102544838738, "gt_scores/nonlin_additive/pct5": -0.7779583307733601, "gt_scores/nonlin_additive_pairwise/std": 0.00045112623533396986, "gt_scores/nonlin_additive_pairwise/min": -0.8163878109156041, "gt_scores/nonlin_additive_pairwise/pct5": -0.8163878109156041, "rho_curated/additive/additive": 0.9999956624078263, "rho_random/additive/additive": 0.9999873080023923, "rho_curated/pairwise/additive": 0.9989685794387184, "rho_random/pairwise/additive": 0.9989684362385357, "rho_curated/additive_GE/additive": 0.9999643332145715, "rho_random/additive_GE/additive": 0.9999252132050491, "rho_curated/pairwise_GE/additive": 0.9948465137778605, "rho_random/pairwise_GE/additive": 0.9928467397150998, "rho_curated/additive/additive_pairwise": 0.976286430914888, "rho_random/additive/additive_pairwise": 0.9630879962627734, "rho_curated/pairwise/additive_pairwise": 0.9723779077591161, "rho_random/pairwise/additive_pairwise": 0.9607186731064384, "rho_curated/additive_GE/additive_pairwise": 0.9776270176650805, "rho_random/additive_GE/additive_pairwise": 0.96352542521917, "rho_curated/pairwise_GE/additive_pairwise": 0.9607975130239004, "rho_random/pairwise_GE/additive_pairwise": 0.9438763280275906, "rho_curated/additive/nonlin_additive": 0.99444650268986, "rho_random/additive/nonlin_additive": 0.9948576533005246, "rho_curated/pairwise/nonlin_additive": 0.9905630375498421, "rho_random/pairwise/nonlin_additive": 0.9888330838844708, "rho_curated/additive_GE/nonlin_additive": 0.9999759846390394, "rho_random/additive_GE/nonlin_additive": 0.9999653572281186, "rho_curated/pairwise_GE/nonlin_additive": 0.9922997043558034, "rho_random/pairwise_GE/nonlin_additive": 0.9919729941175455, "rho_curated/additive/nonlin_additive_pairwise": NaN, "rho_random/additive/nonlin_additive_pairwise": 0.1118538489632293, "rho_curated/pairwise/nonlin_additive_pairwise": NaN, "rho_random/pairwise/nonlin_additive_pairwise": 0.12569349226701856, "rho_curated/additive_GE/nonlin_additive_pairwise": NaN, "rho_random/additive_GE/nonlin_additive_pairwise": 0.047885729195509014, "rho_curated/pairwise_GE/nonlin_additive_pairwise": NaN, "rho_random/pairwise_GE/nonlin_additive_pairwise": 0.06682562912886279, "rho_curated_mean": 0.9881790989530422, "rho_random_mean": 0.7594264942413955, "_wandb": {"runtime": 592}}