{"potts/n_edges": 96, "potts/edge_density": 0.9142857142857143, "potts/J_mean_abs": 3.3855903148651123, "potts/J_std": 2.6398744583129883, "_timestamp": 1773402413.0242074, "_runtime": 548.549994468689, "_step": 21, "gt_scores/additive/std": 0.9557475539592777, "gt_scores/additive/min": -7.033940315246582, "gt_scores/additive/pct5": -5.159853672981262, "gt_scores/additive_pairwise/std": 40.70498873266835, "gt_scores/additive_pairwise/min": -361.1164245605469, "gt_scores/additive_pairwise/pct5": -298.87095947265624, "gt_scores/nonlin_additive/std": 0.1307311439252841, "gt_scores/nonlin_additive/min": -0.8613129322410867, "gt_scores/nonlin_additive/pct5": -0.8371371284084792, "gt_scores/nonlin_additive_pairwise/std": 1.1102230246251565e-16, "gt_scores/nonlin_additive_pairwise/min": -0.8653877661321029, "gt_scores/nonlin_additive_pairwise/pct5": -0.8653877661321029, "rho_curated/additive/additive": 0.999998704935948, "rho_random/additive/additive": 0.9999954587092025, "rho_curated/pairwise/additive": 0.9999758061030296, "rho_random/pairwise/additive": 0.9999435599368273, "rho_curated/additive_GE/additive": 0.9999908295996323, "rho_random/additive_GE/additive": 0.9999739995164021, "rho_curated/pairwise_GE/additive": 0.9997463954938192, "rho_random/pairwise_GE/additive": 0.999624618349081, "rho_curated/additive/additive_pairwise": 0.9334705336428379, "rho_random/additive/additive_pairwise": 0.8857711758716575, "rho_curated/pairwise/additive_pairwise": 0.9999669517106764, "rho_random/pairwise/additive_pairwise": 0.9999365387426957, "rho_curated/additive_GE/additive_pairwise": 0.9344438458578871, "rho_random/additive_GE/additive_pairwise": 0.8915361933415353, "rho_curated/pairwise_GE/additive_pairwise": 0.9995566415502231, "rho_random/pairwise_GE/additive_pairwise": 0.9993450196951842, "rho_curated/additive/nonlin_additive": 0.9955868916306285, "rho_random/additive/nonlin_additive": 0.9966120180702773, "rho_curated/pairwise/nonlin_additive": 0.9991265831089585, "rho_random/pairwise/nonlin_additive": 0.9960271461477115, "rho_curated/additive_GE/nonlin_additive": NaN, "rho_random/additive_GE/nonlin_additive": NaN, "rho_curated/pairwise_GE/nonlin_additive": 0.9996667387226217, "rho_random/pairwise_GE/nonlin_additive": 0.9996348381748533, "rho_curated/additive/nonlin_additive_pairwise": NaN, "rho_random/additive/nonlin_additive_pairwise": NaN, "rho_curated/pairwise/nonlin_additive_pairwise": NaN, "rho_random/pairwise/nonlin_additive_pairwise": NaN, "rho_curated/additive_GE/nonlin_additive_pairwise": NaN, "rho_random/additive_GE/nonlin_additive_pairwise": NaN, "rho_curated/pairwise_GE/nonlin_additive_pairwise": NaN, "rho_random/pairwise_GE/nonlin_additive_pairwise": NaN, "rho_curated_mean": 0.9874118111232967, "rho_random_mean": 0.9789455060504935, "_wandb": {"runtime": 548}}