{"potts/n_edges": 737, "potts/edge_density": 0.8987804878048781, "potts/J_mean_abs": 3.4855241775512695, "potts/J_std": 2.7184524536132812, "_timestamp": 1773421781.5906906, "_runtime": 510.9926896095276, "_step": 21, "gt_scores/additive/std": 1.1860614228345705, "gt_scores/additive/min": -9.174449920654297, "gt_scores/additive/pct5": -5.963141226768494, "gt_scores/additive_pairwise/std": 131.49033695458616, "gt_scores/additive_pairwise/min": -957.0009765625, "gt_scores/additive_pairwise/pct5": -538.9719177246094, "gt_scores/nonlin_additive/std": 0.13932092218207864, "gt_scores/nonlin_additive/min": -0.8387769497608178, "gt_scores/nonlin_additive/pct5": -0.8075601255595296, "gt_scores/nonlin_additive_pairwise/std": 0.005289865035702188, "gt_scores/nonlin_additive_pairwise/min": -0.8410853302405211, "gt_scores/nonlin_additive_pairwise/pct5": -0.8410853302405211, "rho_curated/additive/additive": 0.9999969918398797, "rho_random/additive/additive": 0.9999903158233139, "rho_curated/pairwise/additive": 0.998911878908449, "rho_random/pairwise/additive": 0.998468939389813, "rho_curated/additive_GE/additive": 0.999979516863179, "rho_random/additive_GE/additive": 0.9999531547699677, "rho_curated/pairwise_GE/additive": 0.9688321699605387, "rho_random/pairwise_GE/additive": 0.9470239425067519, "rho_curated/additive/additive_pairwise": 0.9883391708450073, "rho_random/additive/additive_pairwise": 0.9799530304634823, "rho_curated/pairwise/additive_pairwise": 0.9842406754412487, "rho_random/pairwise/additive_pairwise": 0.9801148880623702, "rho_curated/additive_GE/additive_pairwise": 0.9886146053923109, "rho_random/additive_GE/additive_pairwise": 0.9830706342553718, "rho_curated/pairwise_GE/additive_pairwise": 0.9535339939722447, "rho_random/pairwise_GE/additive_pairwise": 0.9438564650447077, "rho_curated/additive/nonlin_additive": 0.9960518627777902, "rho_random/additive/nonlin_additive": 0.9959738112455783, "rho_curated/pairwise/nonlin_additive": 0.9870591833294357, "rho_random/pairwise/nonlin_additive": 0.9808622443662094, "rho_curated/additive_GE/nonlin_additive": 0.9999752301030086, "rho_random/additive_GE/nonlin_additive": 0.9999698875342805, "rho_curated/pairwise_GE/nonlin_additive": 0.9821206735643979, "rho_random/pairwise_GE/nonlin_additive": 0.977406501654118, "rho_curated/additive/nonlin_additive_pairwise": NaN, "rho_random/additive/nonlin_additive_pairwise": NaN, "rho_curated/pairwise/nonlin_additive_pairwise": NaN, "rho_random/pairwise/nonlin_additive_pairwise": NaN, "rho_curated/additive_GE/nonlin_additive_pairwise": NaN, "rho_random/additive_GE/nonlin_additive_pairwise": NaN, "rho_curated/pairwise_GE/nonlin_additive_pairwise": NaN, "rho_random/pairwise_GE/nonlin_additive_pairwise": 0.01648066045335975, "rho_curated_mean": 0.9873046627497907, "rho_random_mean": 0.907932651966871, "_wandb": {"runtime": 510}}