{"potts/n_edges": 85, "potts/edge_density": 0.8095238095238095, "potts/J_mean_abs": 3.1370797157287598, "potts/J_std": 2.5325467586517334, "_timestamp": 1773548736.8010058, "_runtime": 533.8550508022308, "_step": 21, "gt_scores/additive/std": 0.7770162874764199, "gt_scores/additive/min": -5.525506973266602, "gt_scores/additive/pct5": -4.092422103881836, "gt_scores/additive_pairwise/std": 34.219117398558964, "gt_scores/additive_pairwise/min": -297.01953125, "gt_scores/additive_pairwise/pct5": -256.2013916015625, "gt_scores/nonlin_additive/std": 0.13179785214960515, "gt_scores/nonlin_additive/min": -0.851066460422529, "gt_scores/nonlin_additive/pct5": -0.8261551473383105, "gt_scores/nonlin_additive_pairwise/std": 2.220446049250313e-16, "gt_scores/nonlin_additive_pairwise/min": -0.8558889585984598, "gt_scores/nonlin_additive_pairwise/pct5": -0.8558889585984598, "rho_curated/additive/additive": 0.9999977659599105, "rho_random/additive/additive": 0.9999923628680604, "rho_curated/pairwise/additive": 0.999977538231101, "rho_random/pairwise/additive": 0.9999491174035073, "rho_curated/additive_GE/additive": 0.9999879671915178, "rho_random/additive_GE/additive": 0.9999703814420109, "rho_curated/pairwise_GE/additive": 0.9996307372092207, "rho_random/pairwise_GE/additive": 0.9994179654291855, "rho_curated/additive/additive_pairwise": 0.9311639883279512, "rho_random/additive/additive_pairwise": 0.885135471779728, "rho_curated/pairwise/additive_pairwise": 0.9999664377746558, "rho_random/pairwise/additive_pairwise": 0.9999239167029319, "rho_curated/additive_GE/additive_pairwise": 0.930907947485685, "rho_random/additive_GE/additive_pairwise": 0.8800195206733356, "rho_curated/pairwise_GE/additive_pairwise": 0.9995548103741391, "rho_random/pairwise_GE/additive_pairwise": 0.9994119642114915, "rho_curated/additive/nonlin_additive": 0.9967245409962743, "rho_random/additive/nonlin_additive": 0.9973583547413623, "rho_curated/pairwise/nonlin_additive": 0.9993144773404311, "rho_random/pairwise/nonlin_additive": 0.9972789005988375, "rho_curated/additive_GE/nonlin_additive": 0.9999903208956106, "rho_random/additive_GE/nonlin_additive": 0.9999883029882861, "rho_curated/pairwise_GE/nonlin_additive": 0.9996351345133355, "rho_random/pairwise_GE/nonlin_additive": 0.9996215262710582, "rho_curated/additive/nonlin_additive_pairwise": NaN, "rho_random/additive/nonlin_additive_pairwise": NaN, "rho_curated/pairwise/nonlin_additive_pairwise": NaN, "rho_random/pairwise/nonlin_additive_pairwise": NaN, "rho_curated/additive_GE/nonlin_additive_pairwise": NaN, "rho_random/additive_GE/nonlin_additive_pairwise": NaN, "rho_curated/pairwise_GE/nonlin_additive_pairwise": NaN, "rho_random/pairwise_GE/nonlin_additive_pairwise": NaN, "rho_curated_mean": 0.9880709721916526, "rho_random_mean": 0.979838982092483, "_wandb": {"runtime": 533}}