{"potts/n_edges": 163, "potts/edge_density": 0.8578947368421053, "potts/J_mean_abs": 2.4571218490600586, "potts/J_std": 1.9427682161331177, "_timestamp": 1773514420.148455, "_runtime": 622.7382318973541, "_step": 21, "gt_scores/additive/std": 1.1679848925803606, "gt_scores/additive/min": -7.822732448577881, "gt_scores/additive/pct5": -5.290616750717163, "gt_scores/additive_pairwise/std": 48.50406480586392, "gt_scores/additive_pairwise/min": -342.0942687988281, "gt_scores/additive_pairwise/pct5": -190.33890838623046, "gt_scores/nonlin_additive/std": 0.15481317080016796, "gt_scores/nonlin_additive/min": -0.7984893206648476, "gt_scores/nonlin_additive/pct5": -0.7612731900288069, "gt_scores/nonlin_additive_pairwise/std": 0.001204431113841172, "gt_scores/nonlin_additive_pairwise/min": -0.8035095018786592, "gt_scores/nonlin_additive_pairwise/pct5": -0.8035095018786592, "rho_curated/additive/additive": 0.9999982909359316, "rho_random/additive/additive": 0.9999940659786533, "rho_curated/pairwise/additive": 0.9999390871575592, "rho_random/pairwise/additive": 0.9998823888683592, "rho_curated/additive_GE/additive": 0.999977470191098, "rho_random/additive_GE/additive": 0.9999519660944269, "rho_curated/pairwise_GE/additive": 0.9988952117237819, "rho_random/pairwise_GE/additive": 0.9981626640743093, "rho_curated/additive/additive_pairwise": 0.9827945120629548, "rho_random/additive/additive_pairwise": 0.9699087839678494, "rho_curated/pairwise/additive_pairwise": 0.9999319243092754, "rho_random/pairwise/additive_pairwise": 0.9998805873239099, "rho_curated/additive_GE/additive_pairwise": 0.9828237448077132, "rho_random/additive_GE/additive_pairwise": 0.9738014109568858, "rho_curated/pairwise_GE/additive_pairwise": 0.9937310747089422, "rho_random/pairwise_GE/additive_pairwise": 0.9930410904873117, "rho_curated/additive/nonlin_additive": 0.9973505143498298, "rho_random/additive/nonlin_additive": 0.9968158693580541, "rho_curated/pairwise/nonlin_additive": 0.9987471340697952, "rho_random/pairwise/nonlin_additive": 0.9976494820276407, "rho_curated/additive_GE/nonlin_additive": 0.9999886136555443, "rho_random/additive_GE/nonlin_additive": 0.9999874357980376, "rho_curated/pairwise_GE/nonlin_additive": 0.9994716664988288, "rho_random/pairwise_GE/nonlin_additive": 0.9992818374493534, "rho_curated/additive/nonlin_additive_pairwise": NaN, "rho_random/additive/nonlin_additive_pairwise": 0.21151954136378892, "rho_curated/pairwise/nonlin_additive_pairwise": NaN, "rho_random/pairwise/nonlin_additive_pairwise": 0.1825942878225814, "rho_curated/additive_GE/nonlin_additive_pairwise": NaN, "rho_random/additive_GE/nonlin_additive_pairwise": NaN, "rho_curated/pairwise_GE/nonlin_additive_pairwise": NaN, "rho_random/pairwise_GE/nonlin_additive_pairwise": 0.19216415743898121, "rho_curated_mean": 0.9961374370392712, "rho_random_mean": 0.8343090379340096, "_wandb": {"runtime": 622}}