{"potts/n_edges": 142, "potts/edge_density": 0.7473684210526316, "potts/J_mean_abs": 4.3283281326293945, "potts/J_std": 3.609692096710205, "_timestamp": 1773629305.572537, "_runtime": 588.0495238304138, "_step": 21, "gt_scores/additive/std": 1.3328169946638528, "gt_scores/additive/min": -8.54687213897705, "gt_scores/additive/pct5": -5.66396427154541, "gt_scores/additive_pairwise/std": 71.99070171925034, "gt_scores/additive_pairwise/min": -513.1477661132812, "gt_scores/additive_pairwise/pct5": -281.9381622314453, "gt_scores/nonlin_additive/std": 0.16085671890946024, "gt_scores/nonlin_additive/min": -0.7713287382205405, "gt_scores/nonlin_additive/pct5": -0.7296449659409056, "gt_scores/nonlin_additive_pairwise/std": 0.009642655454200068, "gt_scores/nonlin_additive_pairwise/min": -0.7770133472475471, "gt_scores/nonlin_additive_pairwise/pct5": -0.7770133472475471, "rho_curated/additive/additive": 0.9999977449839096, "rho_random/additive/additive": 0.9999921546424329, "rho_curated/pairwise/additive": 0.9999374150774921, "rho_random/pairwise/additive": 0.9998832809779784, "rho_curated/additive_GE/additive": 0.9999677801907079, "rho_random/additive_GE/additive": 0.9999345248336048, "rho_curated/pairwise_GE/additive": 0.9922278331127402, "rho_random/pairwise_GE/additive": 0.9870364316393949, "rho_curated/additive/additive_pairwise": 0.9756600287052328, "rho_random/additive/additive_pairwise": 0.9598940673810495, "rho_curated/pairwise/additive_pairwise": 0.9999317247252675, "rho_random/pairwise/additive_pairwise": 0.9998482946569318, "rho_curated/additive_GE/additive_pairwise": 0.9759715468691319, "rho_random/additive_GE/additive_pairwise": 0.9612284097952237, "rho_curated/pairwise_GE/additive_pairwise": 0.998357260246251, "rho_random/pairwise_GE/additive_pairwise": 0.997648381935752, "rho_curated/additive/nonlin_additive": 0.9980507660976563, "rho_random/additive/nonlin_additive": 0.9973364704918544, "rho_curated/pairwise/nonlin_additive": 0.9990303919210065, "rho_random/pairwise/nonlin_additive": 0.9983304496528707, "rho_curated/additive_GE/nonlin_additive": 0.999995364999814, "rho_random/additive_GE/nonlin_additive": 0.9999916751403827, "rho_curated/pairwise_GE/nonlin_additive": 0.9976035812797981, "rho_random/pairwise_GE/nonlin_additive": 0.997182974728807, "rho_curated/additive/nonlin_additive_pairwise": NaN, "rho_random/additive/nonlin_additive_pairwise": 0.14723113694028273, "rho_curated/pairwise/nonlin_additive_pairwise": NaN, "rho_random/pairwise/nonlin_additive_pairwise": 0.13112552044110884, "rho_curated/additive_GE/nonlin_additive_pairwise": NaN, "rho_random/additive_GE/nonlin_additive_pairwise": NaN, "rho_curated/pairwise_GE/nonlin_additive_pairwise": NaN, "rho_random/pairwise_GE/nonlin_additive_pairwise": 0.13405013447995304, "rho_curated_mean": 0.9947276198507505, "rho_random_mean": 0.8207142605158418, "_wandb": {"runtime": 587}}