{"potts/n_edges": 379, "potts/edge_density": 0.871264367816092, "potts/J_mean_abs": 3.267038583755493, "potts/J_std": 2.6888389587402344, "_timestamp": 1773531888.1694765, "_runtime": 428.92727041244507, "_step": 18, "gt_scores/additive/std": 1.3145519307288893, "gt_scores/additive/min": -9.543702125549316, "gt_scores/additive/pct5": -6.543755149841308, "gt_scores/additive_pairwise/std": 107.03067158938775, "gt_scores/additive_pairwise/min": -762.455078125, "gt_scores/additive_pairwise/pct5": -460.36432495117185, "gt_scores/nonlin_additive/std": 0.1415948963973883, "gt_scores/nonlin_additive/min": -0.8305795334928087, "gt_scores/nonlin_additive/pct5": -0.8006284573354645, "gt_scores/nonlin_additive_pairwise/std": 1.784472486363854e-05, "gt_scores/nonlin_additive_pairwise/min": -0.8341020215334246, "gt_scores/nonlin_additive_pairwise/pct5": -0.8341020215334246, "rho_curated/additive/additive": 0.999996911055876, "rho_random/additive/additive": 0.9999911630756066, "rho_curated/pairwise/additive": 0.9991999105759579, "rho_random/pairwise/additive": 0.9986273987145623, "rho_curated/additive_GE/additive": 0.9999815616152615, "rho_random/additive_GE/additive": 0.9999544481415296, "rho_curated/pairwise_GE/additive": 0.9699370184745946, "rho_random/pairwise_GE/additive": 0.9468442147070423, "rho_curated/additive/additive_pairwise": 0.9861628137011843, "rho_random/additive/additive_pairwise": 0.9749434331735333, "rho_curated/pairwise/additive_pairwise": 0.9928283406404453, "rho_random/pairwise/additive_pairwise": 0.98768057092608, "rho_curated/additive_GE/additive_pairwise": 0.9863638640619002, "rho_random/additive_GE/additive_pairwise": 0.979735152671408, "rho_curated/pairwise_GE/additive_pairwise": 0.9584578773213182, "rho_random/pairwise_GE/additive_pairwise": 0.941029566912238, "rho_curated/additive/nonlin_additive": 0.996005632559842, "rho_random/additive/nonlin_additive": 0.9954101814121454, "rho_curated/pairwise/nonlin_additive": 0.9895481086611717, "rho_random/pairwise/nonlin_additive": 0.9829186962806399, "rho_curated/additive_GE/nonlin_additive": 0.9999905209356207, "rho_random/additive_GE/nonlin_additive": 0.9999875542263602, "rho_curated/pairwise_GE/nonlin_additive": 0.978588090669982, "rho_random/pairwise_GE/nonlin_additive": 0.9753288454890444, "rho_curated/additive/nonlin_additive_pairwise": NaN, "rho_random/additive/nonlin_additive_pairwise": NaN, "rho_curated/pairwise/nonlin_additive_pairwise": NaN, "rho_random/pairwise/nonlin_additive_pairwise": NaN, "_wandb": {"runtime": 428}}