{"potts/n_edges": 1664, "potts/edge_density": 0.9401129943502825, "potts/J_mean_abs": 3.1390533447265625, "potts/J_std": 2.4684736728668213, "_timestamp": 1773490799.8626404, "_runtime": 559.1607184410095, "_step": 21, "gt_scores/additive/std": 1.482028523614475, "gt_scores/additive/min": -10.639902114868164, "gt_scores/additive/pct5": -6.9830321073532104, "gt_scores/additive_pairwise/std": 129.93724265414716, "gt_scores/additive_pairwise/min": -906.3439331054688, "gt_scores/additive_pairwise/pct5": -513.9920501708984, "gt_scores/nonlin_additive/std": 0.14799074225652126, "gt_scores/nonlin_additive/min": -0.8130102544838738, "gt_scores/nonlin_additive/pct5": -0.7779583307733601, "gt_scores/nonlin_additive_pairwise/std": 6.666169741349972e-05, "gt_scores/nonlin_additive_pairwise/min": -0.8163878109156041, "gt_scores/nonlin_additive_pairwise/pct5": -0.8163878109156041, "rho_curated/additive/additive": 0.9999963531518541, "rho_random/additive/additive": 0.9999892906977874, "rho_curated/pairwise/additive": 0.9989590647583128, "rho_random/pairwise/additive": 0.9989348267291324, "rho_curated/additive_GE/additive": 0.9999438126617513, "rho_random/additive_GE/additive": 0.9998954295371371, "rho_curated/pairwise_GE/additive": 0.9951141206523304, "rho_random/pairwise_GE/additive": 0.992090284127531, "rho_curated/additive/additive_pairwise": 0.9878132857039464, "rho_random/additive/additive_pairwise": 0.9790128930050366, "rho_curated/pairwise/additive_pairwise": 0.9803889164616739, "rho_random/pairwise/additive_pairwise": 0.9741641492072057, "rho_curated/additive_GE/additive_pairwise": 0.9882517757540709, "rho_random/additive_GE/additive_pairwise": 0.981754563863858, "rho_curated/pairwise_GE/additive_pairwise": 0.9689741259342204, "rho_random/pairwise_GE/additive_pairwise": 0.9636357089265493, "rho_curated/additive/nonlin_additive": 0.9947410389573889, "rho_random/additive/nonlin_additive": 0.9950390890505996, "rho_curated/pairwise/nonlin_additive": 0.9909304203965638, "rho_random/pairwise/nonlin_additive": 0.9914044766167199, "rho_curated/additive_GE/nonlin_additive": 0.9999717637108677, "rho_random/additive_GE/nonlin_additive": 0.9999678448040908, "rho_curated/pairwise_GE/nonlin_additive": 0.9910111067193657, "rho_random/pairwise_GE/nonlin_additive": 0.9903957208364629, "rho_curated/additive/nonlin_additive_pairwise": NaN, "rho_random/additive/nonlin_additive_pairwise": 0.07465646065947086, "rho_curated/pairwise/nonlin_additive_pairwise": NaN, "rho_random/pairwise/nonlin_additive_pairwise": 0.074002365248625, "rho_curated/additive_GE/nonlin_additive_pairwise": NaN, "rho_random/additive_GE/nonlin_additive_pairwise": 0.029593422237957585, "rho_curated/pairwise_GE/nonlin_additive_pairwise": NaN, "rho_random/pairwise_GE/nonlin_additive_pairwise": 0.07451770320766721, "rho_curated_mean": 0.9913413154051957, "rho_random_mean": 0.7574408892972394, "_wandb": {"runtime": 558}}