{"potts/n_edges": 86, "potts/edge_density": 0.819047619047619, "potts/J_mean_abs": 3.40962290763855, "potts/J_std": 3.217794895172119, "_timestamp": 1773539796.6433332, "_runtime": 519.4893081188202, "_step": 21, "gt_scores/additive/std": 0.9354941049529601, "gt_scores/additive/min": -6.730696678161621, "gt_scores/additive/pct5": -5.088986277580261, "gt_scores/additive_pairwise/std": 43.028203189417326, "gt_scores/additive_pairwise/min": -393.18048095703125, "gt_scores/additive_pairwise/pct5": -324.77032470703125, "gt_scores/nonlin_additive/std": 0.12695859792178035, "gt_scores/nonlin_additive/min": -0.8594803927815321, "gt_scores/nonlin_additive/pct5": -0.8373509757801759, "gt_scores/nonlin_additive_pairwise/std": 1.1102230246251565e-16, "gt_scores/nonlin_additive_pairwise/min": -0.8642349522941661, "gt_scores/nonlin_additive_pairwise/pct5": -0.8642349522941661, "rho_curated/additive/additive": 0.9999981784479265, "rho_random/additive/additive": 0.9999940816320492, "rho_curated/pairwise/additive": 0.9999740640629526, "rho_random/pairwise/additive": 0.9999419409480537, "rho_curated/additive_GE/additive": 0.9999884154635323, "rho_random/additive_GE/additive": 0.9999714366963055, "rho_curated/pairwise_GE/additive": 0.9996961020757347, "rho_random/pairwise_GE/additive": 0.999406012776209, "rho_curated/additive/additive_pairwise": 0.9317111201708058, "rho_random/additive/additive_pairwise": 0.8871010075695389, "rho_curated/pairwise/additive_pairwise": 0.9999697193427871, "rho_random/pairwise/additive_pairwise": 0.9999401411321945, "rho_curated/additive_GE/additive_pairwise": 0.9318454240321814, "rho_random/additive_GE/additive_pairwise": 0.9038697940306091, "rho_curated/pairwise_GE/additive_pairwise": 0.9995295594451711, "rho_random/pairwise_GE/additive_pairwise": 0.9992605185578289, "rho_curated/additive/nonlin_additive": 0.9959839287571404, "rho_random/additive/nonlin_additive": 0.9949122882952744, "rho_curated/pairwise/nonlin_additive": 0.999073065410411, "rho_random/pairwise/nonlin_additive": 0.9977951379512477, "rho_curated/additive_GE/nonlin_additive": 0.9999831799833174, "rho_random/additive_GE/nonlin_additive": 0.9999801932859487, "rho_curated/pairwise_GE/nonlin_additive": 0.9995746836227525, "rho_random/pairwise_GE/nonlin_additive": 0.9996295298103649, "rho_curated/additive/nonlin_additive_pairwise": NaN, "rho_random/additive/nonlin_additive_pairwise": NaN, "rho_curated/pairwise/nonlin_additive_pairwise": NaN, "rho_random/pairwise/nonlin_additive_pairwise": NaN, "rho_curated/additive_GE/nonlin_additive_pairwise": NaN, "rho_random/additive_GE/nonlin_additive_pairwise": NaN, "rho_curated/pairwise_GE/nonlin_additive_pairwise": NaN, "rho_random/pairwise_GE/nonlin_additive_pairwise": NaN, "rho_curated_mean": 0.9881106200678927, "rho_random_mean": 0.9818168402238019, "_wandb": {"runtime": 519}}