{"potts/n_edges": 493, "potts/edge_density": 0.8285714285714286, "potts/J_mean_abs": 3.535808563232422, "potts/J_std": 2.866997480392456, "_timestamp": 1773407244.9819672, "_runtime": 508.4760272502899, "_step": 21, "gt_scores/additive/std": 1.2980668102345851, "gt_scores/additive/min": -10.26136302947998, "gt_scores/additive/pct5": -6.319049310684204, "gt_scores/additive_pairwise/std": 118.88001757584675, "gt_scores/additive_pairwise/min": -873.8474731445312, "gt_scores/additive_pairwise/pct5": -494.32059478759766, "gt_scores/nonlin_additive/std": 0.14330294331091115, "gt_scores/nonlin_additive/min": -0.8247283449624246, "gt_scores/nonlin_additive/pct5": -0.7911553785664509, "gt_scores/nonlin_additive_pairwise/std": 0.0013331312844372543, "gt_scores/nonlin_additive_pairwise/min": -0.8264821477501916, "gt_scores/nonlin_additive_pairwise/pct5": -0.8264821477501916, "rho_curated/additive/additive": 0.9999965726078628, "rho_random/additive/additive": 0.9999903921716812, "rho_curated/pairwise/additive": 0.998848492985912, "rho_random/pairwise/additive": 0.9982215665301726, "rho_curated/additive_GE/additive": 0.999981609015264, "rho_random/additive_GE/additive": 0.9999547061135695, "rho_curated/pairwise_GE/additive": 0.9663845226625741, "rho_random/pairwise_GE/additive": 0.942633737434794, "rho_curated/additive/additive_pairwise": 0.9860649803385991, "rho_random/additive/additive_pairwise": 0.9780960706872288, "rho_curated/pairwise/additive_pairwise": 0.9871306926289188, "rho_random/pairwise/additive_pairwise": 0.9825538491116623, "rho_curated/additive_GE/additive_pairwise": 0.9864125920561776, "rho_random/additive_GE/additive_pairwise": 0.9796718515504635, "rho_curated/pairwise_GE/additive_pairwise": 0.9410213710394395, "rho_random/pairwise_GE/additive_pairwise": 0.9276203445776067, "rho_curated/additive/nonlin_additive": 0.9965680671824756, "rho_random/additive/nonlin_additive": 0.9963296601850196, "rho_curated/pairwise/nonlin_additive": 0.9873845897424752, "rho_random/pairwise/nonlin_additive": 0.9786802045531909, "rho_curated/additive_GE/nonlin_additive": 0.9999820497032806, "rho_random/additive_GE/nonlin_additive": 0.999980737877987, "rho_curated/pairwise_GE/nonlin_additive": 0.9784193936307038, "rho_random/pairwise_GE/nonlin_additive": 0.9726425266254264, "rho_curated/additive/nonlin_additive_pairwise": NaN, "rho_random/additive/nonlin_additive_pairwise": NaN, "rho_curated/pairwise/nonlin_additive_pairwise": NaN, "rho_random/pairwise/nonlin_additive_pairwise": 0.07183813866131292, "rho_curated/additive_GE/nonlin_additive_pairwise": NaN, "rho_random/additive_GE/nonlin_additive_pairwise": NaN, "rho_curated/pairwise_GE/nonlin_additive_pairwise": NaN, "rho_random/pairwise_GE/nonlin_additive_pairwise": 0.03861998731087759, "rho_curated_mean": 0.985682911132807, "rho_random_mean": 0.8476309838136424, "_wandb": {"runtime": 508}}