{"potts/n_edges": 71, "potts/edge_density": 0.6761904761904762, "potts/J_mean_abs": 4.333212375640869, "potts/J_std": 3.914684534072876, "_timestamp": 1773380449.293672, "_runtime": 519.620481967926, "_step": 21, "gt_scores/additive/std": 0.7770162874764199, "gt_scores/additive/min": -5.525506973266602, "gt_scores/additive/pct5": -4.092422103881836, "gt_scores/additive_pairwise/std": 45.71351079754462, "gt_scores/additive_pairwise/min": -413.8584289550781, "gt_scores/additive_pairwise/pct5": -334.33371887207034, "gt_scores/nonlin_additive/std": 0.13179785214960515, "gt_scores/nonlin_additive/min": -0.851066460422529, "gt_scores/nonlin_additive/pct5": -0.8261551473383105, "gt_scores/nonlin_additive_pairwise/std": 2.220446049250313e-16, "gt_scores/nonlin_additive_pairwise/min": -0.8558889585984598, "gt_scores/nonlin_additive_pairwise/pct5": -0.8558889585984598, "rho_curated/additive/additive": 0.999998521983941, "rho_random/additive/additive": 0.9999933701024899, "rho_curated/pairwise/additive": 0.9999762748470501, "rho_random/pairwise/additive": 0.9999402883472389, "rho_curated/additive_GE/additive": NaN, "rho_random/additive_GE/additive": NaN, "rho_curated/pairwise_GE/additive": 0.9994775901550788, "rho_random/pairwise_GE/additive": 0.999191348357869, "rho_curated/additive/additive_pairwise": 0.9153405328915895, "rho_random/additive/additive_pairwise": 0.8677555422291274, "rho_curated/pairwise/additive_pairwise": 0.9999702201028053, "rho_random/pairwise/additive_pairwise": 0.99994512806034, "rho_curated/additive_GE/additive_pairwise": 0.916214421454566, "rho_random/additive_GE/additive_pairwise": 0.8633576584867504, "rho_curated/pairwise_GE/additive_pairwise": 0.9995348318373486, "rho_random/pairwise_GE/additive_pairwise": 0.9993515774299716, "rho_curated/additive/nonlin_additive": 0.9962281761204028, "rho_random/additive/nonlin_additive": 0.9965572338323762, "rho_curated/pairwise/nonlin_additive": 0.9992719268747549, "rho_random/pairwise/nonlin_additive": 0.9980493638958546, "rho_curated/additive_GE/nonlin_additive": 0.9999836173833421, "rho_random/additive_GE/nonlin_additive": 0.9999802128271765, "rho_curated/pairwise_GE/nonlin_additive": 0.9997082710602747, "rho_random/pairwise_GE/nonlin_additive": 0.9997417396375675, "rho_curated/additive/nonlin_additive_pairwise": NaN, "rho_random/additive/nonlin_additive_pairwise": NaN, "rho_curated/pairwise/nonlin_additive_pairwise": NaN, "rho_random/pairwise/nonlin_additive_pairwise": NaN, "rho_curated/additive_GE/nonlin_additive_pairwise": NaN, "rho_random/additive_GE/nonlin_additive_pairwise": NaN, "rho_curated/pairwise_GE/nonlin_additive_pairwise": NaN, "rho_random/pairwise_GE/nonlin_additive_pairwise": NaN, "rho_curated_mean": 0.9841549440646505, "rho_random_mean": 0.9748966784733419, "_wandb": {"runtime": 518}}