{"potts/n_edges": 225, "potts/edge_density": 0.75, "potts/J_mean_abs": 4.119569778442383, "potts/J_std": 3.278862714767456, "_timestamp": 1773566014.917319, "_runtime": 422.58260202407837, "_step": 21, "gt_scores/additive/std": 1.1398200883094438, "gt_scores/additive/min": -9.020009994506836, "gt_scores/additive/pct5": -6.03385751247406, "gt_scores/additive_pairwise/std": 108.72607292541058, "gt_scores/additive_pairwise/min": -760.0715942382812, "gt_scores/additive_pairwise/pct5": -486.8381118774414, "gt_scores/nonlin_additive/std": 0.13291535666614748, "gt_scores/nonlin_additive/min": -0.8512857583768847, "gt_scores/nonlin_additive/pct5": -0.8249976913530378, "gt_scores/nonlin_additive_pairwise/std": 1.305669207097734e-11, "gt_scores/nonlin_additive_pairwise/min": -0.853410595172368, "gt_scores/nonlin_additive_pairwise/pct5": -0.853410595172368, "rho_curated/additive/additive": 0.9999978690639147, "rho_random/additive/additive": 0.9999933539424412, "rho_curated/pairwise/additive": 0.9997593711183576, "rho_random/pairwise/additive": 0.9995461175866687, "rho_curated/additive_GE/additive": 0.9999734627909379, "rho_random/additive_GE/additive": 0.999942829790597, "rho_curated/pairwise_GE/additive": 0.9876195641524854, "rho_random/pairwise_GE/additive": 0.976958864117007, "rho_curated/additive/additive_pairwise": 0.9838758600910342, "rho_random/additive/additive_pairwise": 0.9714660669192081, "rho_curated/pairwise/additive_pairwise": 0.9994532119141283, "rho_random/pairwise/additive_pairwise": 0.9989783787222837, "rho_curated/additive_GE/additive_pairwise": 0.9840477212407602, "rho_random/additive_GE/additive_pairwise": 0.973622143903406, "rho_curated/pairwise_GE/additive_pairwise": 0.9815253967650157, "rho_random/pairwise_GE/additive_pairwise": 0.9702096473486287, "rho_curated/additive/nonlin_additive": 0.9961569856620027, "rho_random/additive/nonlin_additive": 0.9967454657355965, "rho_curated/pairwise/nonlin_additive": 0.9951668159664404, "rho_random/pairwise/nonlin_additive": 0.9870973049752373, "rho_curated/additive_GE/nonlin_additive": 0.999988894263555, "rho_random/additive_GE/nonlin_additive": 0.9999846447919792, "rho_curated/pairwise_GE/nonlin_additive": 0.9889905242470923, "rho_random/pairwise_GE/nonlin_additive": 0.9879696321282598, "rho_curated/additive/nonlin_additive_pairwise": NaN, "rho_random/additive/nonlin_additive_pairwise": NaN, "rho_curated/pairwise/nonlin_additive_pairwise": NaN, "rho_random/pairwise/nonlin_additive_pairwise": NaN, "rho_curated/additive_GE/nonlin_additive_pairwise": NaN, "rho_random/additive_GE/nonlin_additive_pairwise": NaN, "rho_curated/pairwise_GE/nonlin_additive_pairwise": NaN, "rho_random/pairwise_GE/nonlin_additive_pairwise": NaN, "rho_curated_mean": 0.9930463064396439, "rho_random_mean": 0.9885428708301095, "_wandb": {"runtime": 422}}