{"potts/n_edges": 87, "potts/edge_density": 0.8285714285714286, "potts/J_mean_abs": 3.686037063598633, "potts/J_std": 3.027468204498291, "_timestamp": 1773366304.3405197, "_runtime": 497.5526876449585, "_step": 21, "gt_scores/additive/std": 0.7770162874764199, "gt_scores/additive/min": -5.525506973266602, "gt_scores/additive/pct5": -4.092422103881836, "gt_scores/additive_pairwise/std": 44.867851480063464, "gt_scores/additive_pairwise/min": -418.62762451171875, "gt_scores/additive_pairwise/pct5": -345.8591842651367, "gt_scores/nonlin_additive/std": 0.13179785214960515, "gt_scores/nonlin_additive/min": -0.851066460422529, "gt_scores/nonlin_additive/pct5": -0.8261551473383105, "gt_scores/nonlin_additive_pairwise/std": 2.220446049250313e-16, "gt_scores/nonlin_additive_pairwise/min": -0.8558889585984598, "gt_scores/nonlin_additive_pairwise/pct5": -0.8558889585984598, "rho_curated/additive/additive": 0.9999984025599361, "rho_random/additive/additive": 0.999994745324258, "rho_curated/pairwise/additive": 0.9999771077190817, "rho_random/pairwise/additive": 0.9999326043472376, "rho_curated/additive_GE/additive": 0.9999815340392592, "rho_random/additive_GE/additive": 0.9999497508967052, "rho_curated/pairwise_GE/additive": 0.9966403827852122, "rho_random/pairwise_GE/additive": 0.9939678496803098, "rho_curated/additive/additive_pairwise": 0.9399726710237036, "rho_random/additive/additive_pairwise": 0.9030064986877845, "rho_curated/pairwise/additive_pairwise": 0.9999646623265855, "rho_random/pairwise/additive_pairwise": 0.9999368682175276, "rho_curated/additive_GE/additive_pairwise": 0.9398215865056422, "rho_random/additive_GE/additive_pairwise": 0.8988526135625676, "rho_curated/pairwise_GE/additive_pairwise": 0.9995997026399691, "rho_random/pairwise_GE/additive_pairwise": 0.9994857221951409, "rho_curated/additive/nonlin_additive": 0.9958414010089575, "rho_random/additive/nonlin_additive": 0.9963220536750355, "rho_curated/pairwise/nonlin_additive": 0.9993304163411203, "rho_random/pairwise/nonlin_additive": 0.9975022613581143, "rho_curated/additive_GE/nonlin_additive": 0.9999813467432509, "rho_random/additive_GE/nonlin_additive": 0.9999790625093878, "rho_curated/pairwise_GE/nonlin_additive": 0.9996757902029928, "rho_random/pairwise_GE/nonlin_additive": 0.9997097066379697, "rho_curated/additive/nonlin_additive_pairwise": NaN, "rho_random/additive/nonlin_additive_pairwise": NaN, "rho_curated/pairwise/nonlin_additive_pairwise": NaN, "rho_random/pairwise/nonlin_additive_pairwise": NaN, "rho_curated/additive_GE/nonlin_additive_pairwise": NaN, "rho_random/additive_GE/nonlin_additive_pairwise": NaN, "rho_curated/pairwise_GE/nonlin_additive_pairwise": NaN, "rho_random/pairwise_GE/nonlin_additive_pairwise": NaN, "rho_curated_mean": 0.989232083657976, "rho_random_mean": 0.9823866447576698, "_wandb": {"runtime": 497}}