{"potts/n_edges": 277, "potts/edge_density": 0.9233333333333333, "potts/J_mean_abs": 2.0423803329467773, "potts/J_std": 1.5974949598312378, "_timestamp": 1773475231.4796076, "_runtime": 410.12202858924866, "_step": 21, "gt_scores/additive/std": 1.1692382790629163, "gt_scores/additive/min": -8.865388870239258, "gt_scores/additive/pct5": -6.260699653625488, "gt_scores/additive_pairwise/std": 66.20707491647832, "gt_scores/additive_pairwise/min": -492.8897399902344, "gt_scores/additive_pairwise/pct5": -296.8749481201172, "gt_scores/nonlin_additive/std": 0.1299774051589443, "gt_scores/nonlin_additive/min": -0.8570875160669313, "gt_scores/nonlin_additive/pct5": -0.8319475404672109, "gt_scores/nonlin_additive_pairwise/std": 3.469437378699529e-10, "gt_scores/nonlin_additive_pairwise/min": -0.8602126915025169, "gt_scores/nonlin_additive_pairwise/pct5": -0.8602126915025169, "rho_curated/additive/additive": 0.9999966589358664, "rho_random/additive/additive": 0.9999901255331091, "rho_curated/pairwise/additive": 0.9997547124541769, "rho_random/pairwise/additive": 0.9995489113433226, "rho_curated/additive_GE/additive": 0.9999814715912575, "rho_random/additive_GE/additive": 0.9999588652547886, "rho_curated/pairwise_GE/additive": 0.98246653635382, "rho_random/pairwise_GE/additive": 0.9709444425798733, "rho_curated/additive/additive_pairwise": 0.9880472790418909, "rho_random/additive/additive_pairwise": 0.9822762160958552, "rho_curated/pairwise/additive_pairwise": 0.9993530923580924, "rho_random/pairwise/additive_pairwise": 0.9990060684312995, "rho_curated/additive_GE/additive_pairwise": 0.9880703856668153, "rho_random/additive_GE/additive_pairwise": 0.9817930116409538, "rho_curated/pairwise_GE/additive_pairwise": 0.9767132484902944, "rho_random/pairwise_GE/additive_pairwise": 0.9659291614364255, "rho_curated/additive/nonlin_additive": 0.9964357195370864, "rho_random/additive/nonlin_additive": 0.9967858005720465, "rho_curated/pairwise/nonlin_additive": 0.994367199990012, "rho_random/pairwise/nonlin_additive": 0.9847159857419502, "rho_curated/additive_GE/nonlin_additive": 0.9999798029671906, "rho_random/additive_GE/nonlin_additive": 0.9999803173799177, "rho_curated/pairwise_GE/nonlin_additive": 0.9901045435712316, "rho_random/pairwise_GE/nonlin_additive": 0.989650186967486, "rho_curated/additive/nonlin_additive_pairwise": NaN, "rho_random/additive/nonlin_additive_pairwise": NaN, "rho_curated/pairwise/nonlin_additive_pairwise": NaN, "rho_random/pairwise/nonlin_additive_pairwise": NaN, "rho_curated/additive_GE/nonlin_additive_pairwise": NaN, "rho_random/additive_GE/nonlin_additive_pairwise": NaN, "rho_curated/pairwise_GE/nonlin_additive_pairwise": NaN, "rho_random/pairwise_GE/nonlin_additive_pairwise": NaN, "rho_curated_mean": 0.9929392209131446, "rho_random_mean": 0.9892149244147522, "_wandb": {"runtime": 409}}