{"potts/n_edges": 1460, "potts/edge_density": 0.8248587570621468, "potts/J_mean_abs": 2.5061070919036865, "potts/J_std": 1.9619745016098022, "_timestamp": 1773467075.5512254, "_runtime": 545.773116350174, "_step": 21, "gt_scores/additive/std": 1.5378494799327518, "gt_scores/additive/min": -10.391035079956055, "gt_scores/additive/pct5": -7.101400303840637, "gt_scores/additive_pairwise/std": 95.56386153173173, "gt_scores/additive_pairwise/min": -727.43408203125, "gt_scores/additive_pairwise/pct5": -379.78957519531247, "gt_scores/nonlin_additive/std": 0.14945225373834564, "gt_scores/nonlin_additive/min": -0.8018450392779615, "gt_scores/nonlin_additive/pct5": -0.767099911032629, "gt_scores/nonlin_additive_pairwise/std": 0.0008862718967994333, "gt_scores/nonlin_additive_pairwise/min": -0.8066738208869829, "gt_scores/nonlin_additive_pairwise/pct5": -0.8066738208869829, "rho_curated/additive/additive": 0.9999951158798044, "rho_random/additive/additive": 0.9999885782489252, "rho_curated/pairwise/additive": 0.9990108030003849, "rho_random/pairwise/additive": 0.9990267932601672, "rho_curated/additive_GE/additive": 0.9999689300067549, "rho_random/additive_GE/additive": 0.9999431777003841, "rho_curated/pairwise_GE/additive": 0.9899351573491648, "rho_random/pairwise_GE/additive": 0.9827050805460824, "rho_curated/additive/additive_pairwise": 0.9859775332631012, "rho_random/additive/additive_pairwise": 0.9782988058822302, "rho_curated/pairwise/additive_pairwise": 0.9799739052535144, "rho_random/pairwise/additive_pairwise": 0.9745105461953854, "rho_curated/additive_GE/additive_pairwise": 0.9868387917052359, "rho_random/additive_GE/additive_pairwise": 0.9766491260474923, "rho_curated/pairwise_GE/additive_pairwise": 0.9656886907770773, "rho_random/pairwise_GE/additive_pairwise": 0.9549139471193054, "rho_curated/additive/nonlin_additive": 0.9958294929764789, "rho_random/additive/nonlin_additive": 0.994750987538652, "rho_curated/pairwise/nonlin_additive": 0.990509386003009, "rho_random/pairwise/nonlin_additive": 0.9874235545815583, "rho_curated/additive_GE/nonlin_additive": 0.9999729537509149, "rho_random/additive_GE/nonlin_additive": 0.9999732297702337, "rho_curated/pairwise_GE/nonlin_additive": 0.9925800075659537, "rho_random/pairwise_GE/nonlin_additive": 0.9927546621406235, "rho_curated/additive/nonlin_additive_pairwise": NaN, "rho_random/additive/nonlin_additive_pairwise": 0.08703529010504182, "rho_curated/pairwise/nonlin_additive_pairwise": NaN, "rho_random/pairwise/nonlin_additive_pairwise": 0.04819835082180032, "rho_curated/additive_GE/nonlin_additive_pairwise": NaN, "rho_random/additive_GE/nonlin_additive_pairwise": 0.0009042801157759658, "rho_curated/pairwise_GE/nonlin_additive_pairwise": NaN, "rho_random/pairwise_GE/nonlin_additive_pairwise": 0.042434030940968474, "rho_curated_mean": 0.9905233972942828, "rho_random_mean": 0.7512194025634141, "_wandb": {"runtime": 545}}