{"potts/n_edges": 152, "potts/edge_density": 0.8, "potts/J_mean_abs": 3.2957162857055664, "potts/J_std": 2.714188814163208, "_timestamp": 1773570177.8448472, "_runtime": 651.6411311626434, "_step": 21, "gt_scores/additive/std": 1.3328169946638528, "gt_scores/additive/min": -8.54687213897705, "gt_scores/additive/pct5": -5.66396427154541, "gt_scores/additive_pairwise/std": 58.60099556962905, "gt_scores/additive_pairwise/min": -421.137939453125, "gt_scores/additive_pairwise/pct5": -229.72334671020508, "gt_scores/nonlin_additive/std": 0.16085671890946024, "gt_scores/nonlin_additive/min": -0.7713287382205405, "gt_scores/nonlin_additive/pct5": -0.7296449659409056, "gt_scores/nonlin_additive_pairwise/std": 0.012634350387693826, "gt_scores/nonlin_additive_pairwise/min": -0.7770133472475471, "gt_scores/nonlin_additive_pairwise/pct5": -0.7770133472475471, "rho_curated/additive/additive": 0.9999977208879085, "rho_random/additive/additive": 0.9999930915123355, "rho_curated/pairwise/additive": 0.9999422908696847, "rho_random/pairwise/additive": 0.9998851296702557, "rho_curated/additive_GE/additive": 0.9999803357672101, "rho_random/additive_GE/additive": 0.9999549841120022, "rho_curated/pairwise_GE/additive": 0.9934585571695573, "rho_random/pairwise_GE/additive": 0.9900790563233421, "rho_curated/additive/additive_pairwise": 0.9780064887106761, "rho_random/additive/additive_pairwise": 0.9656728882536334, "rho_curated/pairwise/additive_pairwise": 0.999931265413249, "rho_random/pairwise/additive_pairwise": 0.999869231009942, "rho_curated/additive_GE/additive_pairwise": 0.9782623580734511, "rho_random/additive_GE/additive_pairwise": 0.964727987743506, "rho_curated/pairwise_GE/additive_pairwise": 0.9978407012415246, "rho_random/pairwise_GE/additive_pairwise": 0.9970258339567526, "rho_curated/additive/nonlin_additive": 0.9971635464700653, "rho_random/additive/nonlin_additive": 0.9952109922834347, "rho_curated/pairwise/nonlin_additive": 0.9988842908591841, "rho_random/pairwise/nonlin_additive": 0.9983670085275634, "rho_curated/additive_GE/nonlin_additive": 0.9999868806634731, "rho_random/additive_GE/nonlin_additive": 0.9999813210391673, "rho_curated/pairwise_GE/nonlin_additive": 0.9993012733799504, "rho_random/pairwise_GE/nonlin_additive": 0.9992147797078995, "rho_curated/additive/nonlin_additive_pairwise": NaN, "rho_random/additive/nonlin_additive_pairwise": 0.15283243982717679, "rho_curated/pairwise/nonlin_additive_pairwise": NaN, "rho_random/pairwise/nonlin_additive_pairwise": 0.1572228269512695, "rho_curated/additive_GE/nonlin_additive_pairwise": NaN, "rho_random/additive_GE/nonlin_additive_pairwise": 0.026173771359649704, "rho_curated/pairwise_GE/nonlin_additive_pairwise": NaN, "rho_random/pairwise_GE/nonlin_additive_pairwise": 0.21420181830173943, "rho_curated_mean": 0.995229642458828, "rho_random_mean": 0.7787758225362293, "_wandb": {"runtime": 651}}