{"potts/n_edges": 139, "potts/edge_density": 0.4633333333333333, "potts/J_mean_abs": 4.028563976287842, "potts/J_std": 3.198638677597046, "_timestamp": 1773577681.799767, "_runtime": 544.5913290977478, "_step": 21, "gt_scores/additive/std": 0.9856776034967586, "gt_scores/additive/min": -7.001737594604492, "gt_scores/additive/pct5": -4.19795868396759, "gt_scores/additive_pairwise/std": 34.29807035902015, "gt_scores/additive_pairwise/min": -244.90724182128906, "gt_scores/additive_pairwise/pct5": -117.1592399597168, "gt_scores/nonlin_additive/std": 0.16099641152637403, "gt_scores/nonlin_additive/min": -0.7700831862263411, "gt_scores/nonlin_additive/pct5": -0.7269753451331042, "gt_scores/nonlin_additive_pairwise/std": 0.06483915553672338, "gt_scores/nonlin_additive_pairwise/min": -0.7728733268123963, "gt_scores/nonlin_additive_pairwise/pct5": -0.7728733268123963, "rho_curated/additive/additive": 0.9999976409199056, "rho_random/additive/additive": 0.9999922867813913, "rho_curated/pairwise/additive": 0.9997066387002586, "rho_random/pairwise/additive": 0.9995482046307785, "rho_curated/additive_GE/additive": 0.9999417633016663, "rho_random/additive_GE/additive": 0.999884184106209, "rho_curated/pairwise_GE/additive": 0.9817444490937779, "rho_random/pairwise_GE/additive": 0.9754713416122784, "rho_curated/additive/additive_pairwise": 0.9467198266982358, "rho_random/additive/additive_pairwise": 0.9134215547407968, "rho_curated/pairwise/additive_pairwise": 0.9968866277633158, "rho_random/pairwise/additive_pairwise": 0.9953965354530125, "rho_curated/additive_GE/additive_pairwise": 0.9477973784028838, "rho_random/additive_GE/additive_pairwise": 0.9212291281831163, "rho_curated/pairwise_GE/additive_pairwise": 0.9810116665186439, "rho_random/pairwise_GE/additive_pairwise": 0.9701911101625413, "rho_curated/additive/nonlin_additive": 0.998132202733064, "rho_random/additive/nonlin_additive": 0.9974015059720018, "rho_curated/pairwise/nonlin_additive": 0.9960267956885951, "rho_random/pairwise/nonlin_additive": 0.9927815156010582, "rho_curated/additive_GE/nonlin_additive": NaN, "rho_random/additive_GE/nonlin_additive": NaN, "rho_curated/pairwise_GE/nonlin_additive": 0.9932650580499559, "rho_random/pairwise_GE/nonlin_additive": 0.9912997070148044, "rho_curated/additive/nonlin_additive_pairwise": 0.12849736842244647, "rho_random/additive/nonlin_additive_pairwise": 0.5697532917868703, "rho_curated/pairwise/nonlin_additive_pairwise": 0.11164442757032264, "rho_random/pairwise/nonlin_additive_pairwise": 0.46614486486118684, "rho_curated/additive_GE/nonlin_additive_pairwise": 0.11270129507069929, "rho_random/additive_GE/nonlin_additive_pairwise": 0.5306362571761054, "rho_curated/pairwise_GE/nonlin_additive_pairwise": 0.13891987471017234, "rho_random/pairwise_GE/nonlin_additive_pairwise": 0.5530443469637417, "rho_curated_mean": 0.7555328675762627, "rho_random_mean": 0.858413055669726, "_wandb": {"runtime": 544}}