{"potts/n_edges": 1664, "potts/edge_density": 0.9401129943502825, "potts/J_mean_abs": 3.8759946823120117, "potts/J_std": 3.173220634460449, "_timestamp": 1773405625.4032369, "_runtime": 575.125118970871, "_step": 21, "gt_scores/additive/std": 1.3340984823309705, "gt_scores/additive/min": -9.362010955810547, "gt_scores/additive/pct5": -5.5176349401474, "gt_scores/additive_pairwise/std": 110.06816141422195, "gt_scores/additive_pairwise/min": -802.3660278320312, "gt_scores/additive_pairwise/pct5": -393.21494445800784, "gt_scores/nonlin_additive/std": 0.16251816317624962, "gt_scores/nonlin_additive/min": -0.7604760693167422, "gt_scores/nonlin_additive/pct5": -0.7143106960595582, "gt_scores/nonlin_additive_pairwise/std": 0.01693446203801319, "gt_scores/nonlin_additive_pairwise/min": -0.7633583097961529, "gt_scores/nonlin_additive_pairwise/pct5": -0.7633583097961529, "rho_curated/additive/additive": 0.999995284071811, "rho_random/additive/additive": 0.9999891002187409, "rho_curated/pairwise/additive": 0.9990051835681836, "rho_random/pairwise/additive": 0.9991184585541578, "rho_curated/additive_GE/additive": 0.9999628534465133, "rho_random/additive_GE/additive": 0.9999286211429076, "rho_curated/pairwise_GE/additive": 0.9934428497452419, "rho_random/pairwise_GE/additive": 0.9909636981980849, "rho_curated/additive/additive_pairwise": 0.9816911294183268, "rho_random/additive/additive_pairwise": 0.9722609776663942, "rho_curated/pairwise/additive_pairwise": 0.9686772481055866, "rho_random/pairwise/additive_pairwise": 0.9638924941644554, "rho_curated/additive_GE/additive_pairwise": 0.9831825306628976, "rho_random/additive_GE/additive_pairwise": 0.9736315355254178, "rho_curated/pairwise_GE/additive_pairwise": 0.9619170883948557, "rho_random/pairwise_GE/additive_pairwise": 0.9654669952984429, "rho_curated/additive/nonlin_additive": 0.9965255096366866, "rho_random/additive/nonlin_additive": 0.9957080853150084, "rho_curated/pairwise/nonlin_additive": 0.9931757642465392, "rho_random/pairwise/nonlin_additive": 0.9918106326419135, "rho_curated/additive_GE/nonlin_additive": 0.9999719456308763, "rho_random/additive_GE/nonlin_additive": 0.999957957355979, "rho_curated/pairwise_GE/nonlin_additive": 0.9957244853406715, "rho_random/pairwise_GE/nonlin_additive": 0.9946443665354224, "rho_curated/additive/nonlin_additive_pairwise": NaN, "rho_random/additive/nonlin_additive_pairwise": 0.18668177785732337, "rho_curated/pairwise/nonlin_additive_pairwise": NaN, "rho_random/pairwise/nonlin_additive_pairwise": 0.2266437686258585, "rho_curated/additive_GE/nonlin_additive_pairwise": NaN, "rho_random/additive_GE/nonlin_additive_pairwise": 0.13717856867352088, "rho_curated/pairwise_GE/nonlin_additive_pairwise": NaN, "rho_random/pairwise_GE/nonlin_additive_pairwise": 0.19796772987588693, "rho_curated_mean": 0.9894393226890159, "rho_random_mean": 0.7872402979780947, "_wandb": {"runtime": 574}}