{"potts/n_edges": 95, "potts/edge_density": 0.9047619047619048, "potts/J_mean_abs": 2.437718152999878, "potts/J_std": 2.1768460273742676, "_timestamp": 1773670206.9427223, "_runtime": 510.16004943847656, "_step": 21, "gt_scores/additive/std": 0.7770162874764199, "gt_scores/additive/min": -5.525506973266602, "gt_scores/additive/pct5": -4.092422103881836, "gt_scores/additive_pairwise/std": 32.73619437648613, "gt_scores/additive_pairwise/min": -314.44500732421875, "gt_scores/additive_pairwise/pct5": -234.76517791748046, "gt_scores/nonlin_additive/std": 0.13179785214960515, "gt_scores/nonlin_additive/min": -0.851066460422529, "gt_scores/nonlin_additive/pct5": -0.8261551473383105, "gt_scores/nonlin_additive_pairwise/std": 2.220446049250313e-16, "gt_scores/nonlin_additive_pairwise/min": -0.8558889585984598, "gt_scores/nonlin_additive_pairwise/pct5": -0.8558889585984598, "rho_curated/additive/additive": 0.9999978213039127, "rho_random/additive/additive": 0.999992366600912, "rho_curated/pairwise/additive": 0.9999755140710176, "rho_random/pairwise/additive": 0.9999400307952812, "rho_curated/additive_GE/additive": 0.9999892768475704, "rho_random/additive_GE/additive": 0.9999697287123973, "rho_curated/pairwise_GE/additive": 0.9994302932331433, "rho_random/pairwise_GE/additive": 0.9992151310256455, "rho_curated/additive/additive_pairwise": 0.9407299206409293, "rho_random/additive/additive_pairwise": 0.9058646148328627, "rho_curated/pairwise/additive_pairwise": 0.9999720338548798, "rho_random/pairwise/additive_pairwise": 0.9999437587229352, "rho_curated/additive_GE/additive_pairwise": 0.9406700241039531, "rho_random/additive_GE/additive_pairwise": 0.9004138064626028, "rho_curated/pairwise_GE/additive_pairwise": 0.9996454983858027, "rho_random/pairwise_GE/additive_pairwise": 0.9994236307083413, "rho_curated/additive/nonlin_additive": 0.9961004231319233, "rho_random/additive/nonlin_additive": 0.9966157655007455, "rho_curated/pairwise/nonlin_additive": 0.9993024577320649, "rho_random/pairwise/nonlin_additive": 0.9981351839652535, "rho_curated/additive_GE/nonlin_additive": 0.9999863483194528, "rho_random/additive_GE/nonlin_additive": 0.9999844741718222, "rho_curated/pairwise_GE/nonlin_additive": 0.9995808839752052, "rho_random/pairwise_GE/nonlin_additive": 0.9996373845521304, "rho_curated/additive/nonlin_additive_pairwise": NaN, "rho_random/additive/nonlin_additive_pairwise": NaN, "rho_curated/pairwise/nonlin_additive_pairwise": NaN, "rho_random/pairwise/nonlin_additive_pairwise": NaN, "rho_curated/additive_GE/nonlin_additive_pairwise": NaN, "rho_random/additive_GE/nonlin_additive_pairwise": NaN, "rho_curated/pairwise_GE/nonlin_additive_pairwise": NaN, "rho_random/pairwise_GE/nonlin_additive_pairwise": NaN, "rho_curated_mean": 0.989615041299988, "rho_random_mean": 0.9832613230042441, "_wandb": {"runtime": 509}}