{"potts/n_edges": 93, "potts/edge_density": 0.8857142857142857, "potts/J_mean_abs": 3.635629653930664, "potts/J_std": 3.3627877235412598, "_timestamp": 1773555801.9492788, "_runtime": 517.8244798183441, "_step": 21, "gt_scores/additive/std": 0.9557475539592777, "gt_scores/additive/min": -7.033940315246582, "gt_scores/additive/pct5": -5.159853672981262, "gt_scores/additive_pairwise/std": 50.27070109338736, "gt_scores/additive_pairwise/min": -425.37506103515625, "gt_scores/additive_pairwise/pct5": -347.43284301757814, "gt_scores/nonlin_additive/std": 0.1307311439252841, "gt_scores/nonlin_additive/min": -0.8613129322410867, "gt_scores/nonlin_additive/pct5": -0.8371371284084792, "gt_scores/nonlin_additive_pairwise/std": 1.1102230246251565e-16, "gt_scores/nonlin_additive_pairwise/min": -0.8653877661321029, "gt_scores/nonlin_additive_pairwise/pct5": -0.8653877661321029, "rho_curated/additive/additive": 0.9999972660398907, "rho_random/additive/additive": 0.9999910030089671, "rho_curated/pairwise/additive": 0.9999775544071017, "rho_random/pairwise/additive": 0.9999506696588227, "rho_curated/additive_GE/additive": 0.9999891226955637, "rho_random/additive_GE/additive": 0.999972825337632, "rho_curated/pairwise_GE/additive": 0.9997032272681149, "rho_random/pairwise_GE/additive": 0.9995087029221462, "rho_curated/additive/additive_pairwise": 0.9466275357531012, "rho_random/additive/additive_pairwise": 0.9067628072679405, "rho_curated/pairwise/additive_pairwise": 0.9999723106228908, "rho_random/pairwise/additive_pairwise": 0.9999493351142755, "rho_curated/additive_GE/additive_pairwise": 0.9470212578530359, "rho_random/additive_GE/additive_pairwise": 0.8992206915836116, "rho_curated/pairwise_GE/additive_pairwise": 0.9997141264125582, "rho_random/pairwise_GE/additive_pairwise": 0.9996203137564271, "rho_curated/additive/nonlin_additive": 0.9960218908085893, "rho_random/additive/nonlin_additive": 0.9970662234200034, "rho_curated/pairwise/nonlin_additive": 0.9992016459200276, "rho_random/pairwise/nonlin_additive": 0.9957671702666269, "rho_curated/additive_GE/nonlin_additive": 0.9999888571355539, "rho_random/additive_GE/nonlin_additive": 0.9999882728437419, "rho_curated/pairwise_GE/nonlin_additive": 0.9995736176869346, "rho_random/pairwise_GE/nonlin_additive": 0.9996016871260961, "rho_curated/additive/nonlin_additive_pairwise": NaN, "rho_random/additive/nonlin_additive_pairwise": NaN, "rho_curated/pairwise/nonlin_additive_pairwise": NaN, "rho_random/pairwise/nonlin_additive_pairwise": NaN, "rho_curated/additive_GE/nonlin_additive_pairwise": NaN, "rho_random/additive_GE/nonlin_additive_pairwise": NaN, "rho_curated/pairwise_GE/nonlin_additive_pairwise": NaN, "rho_random/pairwise_GE/nonlin_additive_pairwise": NaN, "rho_curated_mean": 0.9906490343836135, "rho_random_mean": 0.9831166418588576, "_wandb": {"runtime": 517}}