{"potts/n_edges": 125, "potts/edge_density": 0.6578947368421053, "potts/J_mean_abs": 3.420302391052246, "potts/J_std": 3.289759635925293, "_timestamp": 1773474803.9959693, "_runtime": 502.453732252121, "_step": 21, "gt_scores/additive/std": 1.426379881017352, "gt_scores/additive/min": -10.008467674255371, "gt_scores/additive/pct5": -7.166622185707093, "gt_scores/additive_pairwise/std": 57.72620939905681, "gt_scores/additive_pairwise/min": -400.31744384765625, "gt_scores/additive_pairwise/pct5": -276.1228820800781, "gt_scores/nonlin_additive/std": 0.13946177757028871, "gt_scores/nonlin_additive/min": -0.8313426784103302, "gt_scores/nonlin_additive/pct5": -0.8034810610065, "gt_scores/nonlin_additive_pairwise/std": 1.3993679506289359e-09, "gt_scores/nonlin_additive_pairwise/min": -0.8358896588447285, "gt_scores/nonlin_additive_pairwise/pct5": -0.8358896588447285, "rho_curated/additive/additive": 0.9999973932638958, "rho_random/additive/additive": 0.9999918554746311, "rho_curated/pairwise/additive": 0.9999422579416889, "rho_random/pairwise/additive": 0.9998811950313992, "rho_curated/additive_GE/additive": 0.9999856537354258, "rho_random/additive_GE/additive": 0.9999649781470522, "rho_curated/pairwise_GE/additive": 0.9986903338915819, "rho_random/pairwise_GE/additive": 0.9978719543839522, "rho_curated/additive/additive_pairwise": 0.9615451952741163, "rho_random/additive/additive_pairwise": 0.9429397441285815, "rho_curated/pairwise/additive_pairwise": 0.999935176189401, "rho_random/pairwise/additive_pairwise": 0.9998810748818434, "rho_curated/additive_GE/additive_pairwise": 0.9617380674898497, "rho_random/additive_GE/additive_pairwise": 0.9410551658931998, "rho_curated/pairwise_GE/additive_pairwise": 0.998980566887125, "rho_random/pairwise_GE/additive_pairwise": 0.9984073130616172, "rho_curated/additive/nonlin_additive": 0.9963621078622223, "rho_random/additive/nonlin_additive": 0.9953446306033052, "rho_curated/pairwise/nonlin_additive": 0.9983133939324547, "rho_random/pairwise/nonlin_additive": 0.996673809117715, "rho_curated/additive_GE/nonlin_additive": 0.9999898440635927, "rho_random/additive_GE/nonlin_additive": 0.999984916878355, "rho_curated/pairwise_GE/nonlin_additive": 0.9972035621040753, "rho_random/pairwise_GE/nonlin_additive": 0.9970794041452503, "rho_curated/additive/nonlin_additive_pairwise": NaN, "rho_random/additive/nonlin_additive_pairwise": NaN, "rho_curated/pairwise/nonlin_additive_pairwise": NaN, "rho_random/pairwise/nonlin_additive_pairwise": NaN, "rho_curated/additive_GE/nonlin_additive_pairwise": NaN, "rho_random/additive_GE/nonlin_additive_pairwise": NaN, "rho_curated/pairwise_GE/nonlin_additive_pairwise": NaN, "rho_random/pairwise_GE/nonlin_additive_pairwise": NaN, "rho_curated_mean": 0.9927236293862859, "rho_random_mean": 0.989089670145575, "_wandb": {"runtime": 502}}