{"potts/n_edges": 96, "potts/edge_density": 0.9142857142857143, "potts/J_mean_abs": 3.841623544692993, "potts/J_std": 3.0119645595550537, "_timestamp": 1773364685.0664256, "_runtime": 550.2089025974274, "_step": 21, "gt_scores/additive/std": 0.9153219739721773, "gt_scores/additive/min": -6.102260112762451, "gt_scores/additive/pct5": -4.102987623214721, "gt_scores/additive_pairwise/std": 62.826042941322065, "gt_scores/additive_pairwise/min": -446.3796081542969, "gt_scores/additive_pairwise/pct5": -271.10497283935547, "gt_scores/nonlin_additive/std": 0.15664702317102136, "gt_scores/nonlin_additive/min": -0.7942014928090024, "gt_scores/nonlin_additive/pct5": -0.7561757150458371, "gt_scores/nonlin_additive_pairwise/std": 1.0214749556974705e-09, "gt_scores/nonlin_additive_pairwise/min": -0.7992418339748336, "gt_scores/nonlin_additive_pairwise/pct5": -0.7992418339748336, "rho_curated/additive/additive": 0.9999984121599366, "rho_random/additive/additive": 0.9999948304542026, "rho_curated/pairwise/additive": 0.9999751722150051, "rho_random/pairwise/additive": 0.999952637773583, "rho_curated/additive_GE/additive": 0.9999853646794136, "rho_random/additive_GE/additive": 0.9999677191467528, "rho_curated/pairwise_GE/additive": 0.9997805821032129, "rho_random/pairwise_GE/additive": 0.9995992677262001, "rho_curated/additive/additive_pairwise": 0.9796719381769259, "rho_random/additive/additive_pairwise": 0.9686066771652588, "rho_curated/pairwise/additive_pairwise": 0.9999744352229756, "rho_random/pairwise/additive_pairwise": 0.9999438682228864, "rho_curated/additive_GE/additive_pairwise": 0.9797630411255501, "rho_random/additive_GE/additive_pairwise": 0.9685166666661871, "rho_curated/pairwise_GE/additive_pairwise": 0.9996431839697102, "rho_random/pairwise_GE/additive_pairwise": 0.9994346660919748, "rho_curated/additive/nonlin_additive": 0.9984716598986095, "rho_random/additive/nonlin_additive": 0.998035998565111, "rho_curated/pairwise/nonlin_additive": 0.9996040569121054, "rho_random/pairwise/nonlin_additive": 0.9993099404936656, "rho_curated/additive_GE/nonlin_additive": NaN, "rho_random/additive_GE/nonlin_additive": NaN, "rho_curated/pairwise_GE/nonlin_additive": 0.9997225379088484, "rho_random/pairwise_GE/nonlin_additive": 0.9996264940863996, "rho_curated/additive/nonlin_additive_pairwise": NaN, "rho_random/additive/nonlin_additive_pairwise": NaN, "rho_curated/pairwise/nonlin_additive_pairwise": NaN, "rho_random/pairwise/nonlin_additive_pairwise": NaN, "rho_curated/additive_GE/nonlin_additive_pairwise": NaN, "rho_random/additive_GE/nonlin_additive_pairwise": NaN, "rho_curated/pairwise_GE/nonlin_additive_pairwise": NaN, "rho_random/pairwise_GE/nonlin_additive_pairwise": NaN, "rho_curated_mean": 0.9960536713065721, "rho_random_mean": 0.9939080696720203, "_wandb": {"runtime": 549}}