{"potts/n_edges": 75, "potts/edge_density": 0.7142857142857143, "potts/J_mean_abs": 4.15606164932251, "potts/J_std": 3.5783402919769287, "_timestamp": 1773563863.6902876, "_runtime": 518.9239745140076, "_step": 21, "gt_scores/additive/std": 0.7770162874764199, "gt_scores/additive/min": -5.525506973266602, "gt_scores/additive/pct5": -4.092422103881836, "gt_scores/additive_pairwise/std": 44.03731477516576, "gt_scores/additive_pairwise/min": -386.6268615722656, "gt_scores/additive_pairwise/pct5": -330.6172103881836, "gt_scores/nonlin_additive/std": 0.13179785214960515, "gt_scores/nonlin_additive/min": -0.851066460422529, "gt_scores/nonlin_additive/pct5": -0.8261551473383105, "gt_scores/nonlin_additive_pairwise/std": 2.220446049250313e-16, "gt_scores/nonlin_additive_pairwise/min": -0.8558889585984598, "gt_scores/nonlin_additive_pairwise/pct5": -0.8558889585984598, "rho_curated/additive/additive": 0.9999973365758933, "rho_random/additive/additive": 0.9999917460020352, "rho_curated/pairwise/additive": 0.9999760095510389, "rho_random/pairwise/additive": 0.9999436675533141, "rho_curated/additive_GE/additive": 0.9999873661114939, "rho_random/additive_GE/additive": 0.9999742256371864, "rho_curated/pairwise_GE/additive": 0.9997391753575482, "rho_random/pairwise_GE/additive": 0.999536604722905, "rho_curated/additive/additive_pairwise": 0.9229875138721073, "rho_random/additive/additive_pairwise": 0.8671924001102971, "rho_curated/pairwise/additive_pairwise": 0.9999583741583328, "rho_random/pairwise/additive_pairwise": 0.999932033467553, "rho_curated/additive_GE/additive_pairwise": 0.922727538595247, "rho_random/additive_GE/additive_pairwise": 0.8726281303177759, "rho_curated/pairwise_GE/additive_pairwise": 0.9996260915770346, "rho_random/pairwise_GE/additive_pairwise": 0.9994692324437805, "rho_curated/additive/nonlin_additive": 0.9959642505101823, "rho_random/additive/nonlin_additive": 0.9969484409919931, "rho_curated/pairwise/nonlin_additive": 0.9993553267341666, "rho_random/pairwise/nonlin_additive": 0.996877343485369, "rho_curated/additive_GE/nonlin_additive": 0.999977255775089, "rho_random/additive_GE/nonlin_additive": 0.9999787561713278, "rho_curated/pairwise_GE/nonlin_additive": 0.9997241337649386, "rho_random/pairwise_GE/nonlin_additive": 0.9997214282723264, "rho_curated/additive/nonlin_additive_pairwise": NaN, "rho_random/additive/nonlin_additive_pairwise": NaN, "rho_curated/pairwise/nonlin_additive_pairwise": NaN, "rho_random/pairwise/nonlin_additive_pairwise": NaN, "rho_curated/additive_GE/nonlin_additive_pairwise": NaN, "rho_random/additive_GE/nonlin_additive_pairwise": NaN, "rho_curated/pairwise_GE/nonlin_additive_pairwise": NaN, "rho_random/pairwise_GE/nonlin_additive_pairwise": NaN, "rho_curated_mean": 0.9866683643819227, "rho_random_mean": 0.9776828340979886, "_wandb": {"runtime": 518}}