{"potts/n_edges": 140, "potts/edge_density": 0.7368421052631579, "potts/J_mean_abs": 3.65478515625, "potts/J_std": 3.223223924636841, "_timestamp": 1773510503.836907, "_runtime": 509.00971388816833, "_step": 21, "gt_scores/additive/std": 1.2097035595556864, "gt_scores/additive/min": -8.994394302368164, "gt_scores/additive/pct5": -6.638693571090698, "gt_scores/additive_pairwise/std": 75.18626176561402, "gt_scores/additive_pairwise/min": -512.7587280273438, "gt_scores/additive_pairwise/pct5": -367.34288482666017, "gt_scores/nonlin_additive/std": 0.12780147869164835, "gt_scores/nonlin_additive/min": -0.8633649983358815, "gt_scores/nonlin_additive/pct5": -0.8409005929909275, "gt_scores/nonlin_additive_pairwise/std": 8.109811852128769e-13, "gt_scores/nonlin_additive_pairwise/min": -0.8672038070001775, "gt_scores/nonlin_additive_pairwise/pct5": -0.8672038070001775, "rho_curated/additive/additive": 0.9999978741519148, "rho_random/additive/additive": 0.9999930347522725, "rho_curated/pairwise/additive": 0.9999490617979613, "rho_random/pairwise/additive": 0.9998775112284832, "rho_curated/additive_GE/additive": 0.9999858070234318, "rho_random/additive_GE/additive": 0.9999678290845768, "rho_curated/pairwise_GE/additive": 0.9992075814802464, "rho_random/pairwise_GE/additive": 0.9984994557734613, "rho_curated/additive/additive_pairwise": 0.972007362310279, "rho_random/additive/additive_pairwise": 0.9501706991757796, "rho_curated/pairwise/additive_pairwise": 0.999942676213703, "rho_random/pairwise/additive_pairwise": 0.9998811940935608, "rho_curated/additive_GE/additive_pairwise": 0.9722913064423221, "rho_random/additive_GE/additive_pairwise": 0.9578614703283936, "rho_curated/pairwise_GE/additive_pairwise": 0.9984883980034631, "rho_random/pairwise_GE/additive_pairwise": 0.9976979863199907, "rho_curated/additive/nonlin_additive": 0.9968366969611643, "rho_random/additive/nonlin_additive": 0.9969524985298924, "rho_curated/pairwise/nonlin_additive": 0.9980869998112964, "rho_random/pairwise/nonlin_additive": 0.9919399951417421, "rho_curated/additive_GE/nonlin_additive": 0.9999883529435332, "rho_random/additive_GE/nonlin_additive": 0.9999845756315987, "rho_curated/pairwise_GE/nonlin_additive": 0.9979863021193072, "rho_random/pairwise_GE/nonlin_additive": 0.9980326302279117, "rho_curated/additive/nonlin_additive_pairwise": NaN, "rho_random/additive/nonlin_additive_pairwise": NaN, "rho_curated/pairwise/nonlin_additive_pairwise": NaN, "rho_random/pairwise/nonlin_additive_pairwise": NaN, "rho_curated/additive_GE/nonlin_additive_pairwise": NaN, "rho_random/additive_GE/nonlin_additive_pairwise": NaN, "rho_curated/pairwise_GE/nonlin_additive_pairwise": NaN, "rho_random/pairwise_GE/nonlin_additive_pairwise": NaN, "rho_curated_mean": 0.9945640349382185, "rho_random_mean": 0.9909049066906386, "_wandb": {"runtime": 508}}