{"potts/n_edges": 264, "potts/edge_density": 0.6068965517241379, "potts/J_mean_abs": 1.8502668142318726, "potts/J_std": 1.5356777906417847, "_timestamp": 1773359283.8899581, "_runtime": 546.4012651443481, "_step": 21, "gt_scores/additive/std": 1.1925536417782636, "gt_scores/additive/min": -9.211626052856445, "gt_scores/additive/pct5": -6.01135892868042, "gt_scores/additive_pairwise/std": 34.578171552853284, "gt_scores/additive_pairwise/min": -218.93438720703125, "gt_scores/additive_pairwise/pct5": -146.47138900756835, "gt_scores/nonlin_additive/std": 0.1394448448352391, "gt_scores/nonlin_additive/min": -0.8371870805299297, "gt_scores/nonlin_additive/pct5": -0.8067663836145071, "gt_scores/nonlin_additive_pairwise/std": 0.004498457494187525, "gt_scores/nonlin_additive_pairwise/min": -0.8394933305681229, "gt_scores/nonlin_additive_pairwise/pct5": -0.8394933305681229, "rho_curated/additive/additive": 0.9999975034479001, "rho_random/additive/additive": 0.9999908337417788, "rho_curated/pairwise/additive": 0.9992435093137403, "rho_random/pairwise/additive": 0.9986261618496084, "rho_curated/additive_GE/additive": 0.999971739638869, "rho_random/additive_GE/additive": 0.9999309477526781, "rho_curated/pairwise_GE/additive": 0.9693099764276625, "rho_random/pairwise_GE/additive": 0.945954243727798, "rho_curated/additive/additive_pairwise": 0.9686749562742465, "rho_random/additive/additive_pairwise": 0.9442347175186188, "rho_curated/pairwise/additive_pairwise": 0.9880403424407526, "rho_random/pairwise/additive_pairwise": 0.979247250132393, "rho_curated/additive_GE/additive_pairwise": 0.9686036198698842, "rho_random/additive_GE/additive_pairwise": 0.9417773278852458, "rho_curated/pairwise_GE/additive_pairwise": 0.9552151201424552, "rho_random/pairwise_GE/additive_pairwise": 0.9312211267812289, "rho_curated/additive/nonlin_additive": 0.996586990271234, "rho_random/additive/nonlin_additive": 0.9970266578203123, "rho_curated/pairwise/nonlin_additive": 0.988737880220434, "rho_random/pairwise/nonlin_additive": 0.9816171527234226, "rho_curated/additive_GE/nonlin_additive": 0.9999773105430911, "rho_random/additive_GE/nonlin_additive": 0.9999725065876057, "rho_curated/pairwise_GE/nonlin_additive": 0.9822762664101997, "rho_random/pairwise_GE/nonlin_additive": 0.97741382505567, "rho_curated/additive/nonlin_additive_pairwise": NaN, "rho_random/additive/nonlin_additive_pairwise": 0.14894471637597823, "rho_curated/pairwise/nonlin_additive_pairwise": NaN, "rho_random/pairwise/nonlin_additive_pairwise": 0.15202599247268692, "rho_curated/additive_GE/nonlin_additive_pairwise": NaN, "rho_random/additive_GE/nonlin_additive_pairwise": -0.012223796003738562, "rho_curated/pairwise_GE/nonlin_additive_pairwise": NaN, "rho_random/pairwise_GE/nonlin_additive_pairwise": 0.056257521766666437, "rho_curated_mean": 0.9847196012500391, "rho_random_mean": 0.7526260741367472, "_wandb": {"runtime": 546}}