{"potts/n_edges": 778, "potts/edge_density": 0.43954802259887005, "potts/J_mean_abs": 0.8015116453170776, "potts/J_std": 0.6268311738967896, "_timestamp": 1773459666.574345, "_runtime": 506.81596207618713, "_step": 21, "gt_scores/additive/std": 0.8677011589079184, "gt_scores/additive/min": -5.733847141265869, "gt_scores/additive/pct5": -2.8687899589538572, "gt_scores/additive_pairwise/std": 3.2764500992271834, "gt_scores/additive_pairwise/min": -27.863548278808594, "gt_scores/additive_pairwise/pct5": -9.955222034454346, "gt_scores/nonlin_additive/std": 0.1810117943831977, "gt_scores/nonlin_additive/min": -0.66886929731742, "gt_scores/nonlin_additive/pct5": -0.6018801400779139, "gt_scores/nonlin_additive_pairwise/std": 0.22213019273872783, "gt_scores/nonlin_additive_pairwise/min": -0.6716215995613601, "gt_scores/nonlin_additive_pairwise/pct5": -0.6716003163017398, "rho_curated/additive/additive": 0.9999951505341155, "rho_random/additive/additive": 0.999984122445855, "rho_curated/pairwise/additive": 0.9993019710019749, "rho_random/pairwise/additive": 0.9996496288180042, "rho_curated/additive_GE/additive": 0.9999659158104677, "rho_random/additive_GE/additive": 0.999919205011971, "rho_curated/pairwise_GE/additive": 0.9908643359524716, "rho_random/pairwise_GE/additive": 0.9903572221586983, "rho_curated/additive/additive_pairwise": 0.8835939658168667, "rho_random/additive/additive_pairwise": 0.8711402314449884, "rho_curated/pairwise/additive_pairwise": 0.8880517611977612, "rho_random/pairwise/additive_pairwise": 0.9017868043045851, "rho_curated/additive_GE/additive_pairwise": 0.8767367500614588, "rho_random/additive_GE/additive_pairwise": 0.8849779248123284, "rho_curated/pairwise_GE/additive_pairwise": 0.8743404558430244, "rho_random/pairwise_GE/additive_pairwise": 0.8912689230105325, "rho_curated/additive/nonlin_additive": 0.9956179883578439, "rho_random/additive/nonlin_additive": 0.9939591141996555, "rho_curated/pairwise/nonlin_additive": 0.996027987589491, "rho_random/pairwise/nonlin_additive": 0.9956240189539144, "rho_curated/additive_GE/nonlin_additive": 0.9999029114752169, "rho_random/additive_GE/nonlin_additive": 0.999847585118201, "rho_curated/pairwise_GE/nonlin_additive": 0.9955080396901865, "rho_random/pairwise_GE/nonlin_additive": 0.9941197368862523, "rho_curated/additive/nonlin_additive_pairwise": 0.7796060230183116, "rho_random/additive/nonlin_additive_pairwise": 0.868678738318307, "rho_curated/pairwise/nonlin_additive_pairwise": 0.7940122191866109, "rho_random/pairwise/nonlin_additive_pairwise": 0.8875787200580276, "rho_curated/additive_GE/nonlin_additive_pairwise": 0.7696375062238034, "rho_random/additive_GE/nonlin_additive_pairwise": 0.875152554292653, "rho_curated/pairwise_GE/nonlin_additive_pairwise": 0.8075345181332727, "rho_random/pairwise_GE/nonlin_additive_pairwise": 0.8869244224992398, "rho_curated_mean": 0.9156685937433049, "rho_random_mean": 0.9400605595208258, "_wandb": {"runtime": 506}}