{"potts/n_edges": 86, "potts/edge_density": 0.819047619047619, "potts/J_mean_abs": 1.2291275262832642, "potts/J_std": 0.9468035697937012, "_timestamp": 1773542319.4519434, "_runtime": 531.8995633125305, "_step": 21, "gt_scores/additive/std": 0.9354941049529601, "gt_scores/additive/min": -6.730696678161621, "gt_scores/additive/pct5": -5.088986277580261, "gt_scores/additive_pairwise/std": 13.750728429765445, "gt_scores/additive_pairwise/min": -123.38174438476562, "gt_scores/additive_pairwise/pct5": -105.16105232238769, "gt_scores/nonlin_additive/std": 0.12695859792178035, "gt_scores/nonlin_additive/min": -0.8594803927815321, "gt_scores/nonlin_additive/pct5": -0.8373509757801759, "gt_scores/nonlin_additive_pairwise/std": 5.291347099244897e-13, "gt_scores/nonlin_additive_pairwise/min": -0.8642349522941661, "gt_scores/nonlin_additive_pairwise/pct5": -0.8642349522941661, "rho_curated/additive/additive": 0.9999978005679111, "rho_random/additive/additive": 0.9999934661666358, "rho_curated/pairwise/additive": 0.9999766041990544, "rho_random/pairwise/additive": 0.9999479910342588, "rho_curated/additive_GE/additive": 0.9999877311275048, "rho_random/additive_GE/additive": 0.9999718231543894, "rho_curated/pairwise_GE/additive": 0.9997419018535706, "rho_random/pairwise_GE/additive": 0.9994587159011581, "rho_curated/additive/additive_pairwise": 0.9370849734613593, "rho_random/additive/additive_pairwise": 0.8887608638679957, "rho_curated/pairwise/additive_pairwise": 0.9999693689187725, "rho_random/pairwise/additive_pairwise": 0.9999314572220599, "rho_curated/additive_GE/additive_pairwise": 0.9374031166806132, "rho_random/additive_GE/additive_pairwise": 0.8875219102913513, "rho_curated/pairwise_GE/additive_pairwise": 0.9996381396975085, "rho_random/pairwise_GE/additive_pairwise": 0.9994856004006826, "rho_curated/additive/nonlin_additive": 0.9956072976788161, "rho_random/additive/nonlin_additive": 0.9949582135406371, "rho_curated/pairwise/nonlin_additive": 0.999170094318525, "rho_random/pairwise/nonlin_additive": 0.9977788380615988, "rho_curated/additive_GE/nonlin_additive": 0.9999918817356728, "rho_random/additive_GE/nonlin_additive": 0.9999920393859505, "rho_curated/pairwise_GE/nonlin_additive": 0.9995820239031206, "rho_random/pairwise_GE/nonlin_additive": 0.9996125124615514, "rho_curated/additive/nonlin_additive_pairwise": NaN, "rho_random/additive/nonlin_additive_pairwise": NaN, "rho_curated/pairwise/nonlin_additive_pairwise": NaN, "rho_random/pairwise/nonlin_additive_pairwise": NaN, "rho_curated/additive_GE/nonlin_additive_pairwise": NaN, "rho_random/additive_GE/nonlin_additive_pairwise": NaN, "rho_curated/pairwise_GE/nonlin_additive_pairwise": NaN, "rho_random/pairwise_GE/nonlin_additive_pairwise": NaN, "rho_curated_mean": 0.9890125778452026, "rho_random_mean": 0.9806177859573558, "_wandb": {"runtime": 531}}