{"potts/n_edges": 108, "potts/edge_density": 0.5684210526315789, "potts/J_mean_abs": 3.4571964740753174, "potts/J_std": 2.921515464782715, "_timestamp": 1773348699.645141, "_runtime": 469.50386786460876, "_step": 21, "gt_scores/additive/std": 1.210202704410808, "gt_scores/additive/min": -8.911455154418945, "gt_scores/additive/pct5": -6.663809275627136, "gt_scores/additive_pairwise/std": 47.320243344290915, "gt_scores/additive_pairwise/min": -318.90728759765625, "gt_scores/additive_pairwise/pct5": -223.37665328979492, "gt_scores/nonlin_additive/std": 0.125785236402486, "gt_scores/nonlin_additive/min": -0.8664681453126024, "gt_scores/nonlin_additive/pct5": -0.8440971430509998, "gt_scores/nonlin_additive_pairwise/std": 4.739152290612302e-10, "gt_scores/nonlin_additive_pairwise/min": -0.8707194432537088, "gt_scores/nonlin_additive_pairwise/pct5": -0.8707194432537088, "rho_curated/additive/additive": 0.9999979249599168, "rho_random/additive/additive": 0.9999944823200936, "rho_curated/pairwise/additive": 0.9999459691578374, "rho_random/pairwise/additive": 0.9998967681646342, "rho_curated/additive_GE/additive": NaN, "rho_random/additive_GE/additive": NaN, "rho_curated/pairwise_GE/additive": 0.9990764707230366, "rho_random/pairwise_GE/additive": 0.9987179787179788, "rho_curated/additive/additive_pairwise": 0.9572559042561842, "rho_random/additive/additive_pairwise": 0.9209421082892412, "rho_curated/pairwise/additive_pairwise": 0.9999324926532962, "rho_random/pairwise/additive_pairwise": 0.9998557060710178, "rho_curated/additive_GE/additive_pairwise": 0.9576816732262512, "rho_random/additive_GE/additive_pairwise": 0.9286756322449502, "rho_curated/pairwise_GE/additive_pairwise": 0.9926279309371171, "rho_random/pairwise_GE/additive_pairwise": 0.989530628976629, "rho_curated/additive/nonlin_additive": 0.9952149865844845, "rho_random/additive/nonlin_additive": 0.9960613513823813, "rho_curated/pairwise/nonlin_additive": 0.9980186440166504, "rho_random/pairwise/nonlin_additive": 0.9947085167436442, "rho_curated/additive_GE/nonlin_additive": 0.999990994815639, "rho_random/additive_GE/nonlin_additive": 0.9999878124556703, "rho_curated/pairwise_GE/nonlin_additive": 0.9987159087485745, "rho_random/pairwise_GE/nonlin_additive": 0.998702673480564, "rho_curated/additive/nonlin_additive_pairwise": NaN, "rho_random/additive/nonlin_additive_pairwise": NaN, "rho_curated/pairwise/nonlin_additive_pairwise": NaN, "rho_random/pairwise/nonlin_additive_pairwise": NaN, "rho_curated/additive_GE/nonlin_additive_pairwise": NaN, "rho_random/additive_GE/nonlin_additive_pairwise": NaN, "rho_curated/pairwise_GE/nonlin_additive_pairwise": NaN, "rho_random/pairwise_GE/nonlin_additive_pairwise": NaN, "rho_curated_mean": 0.9907689909162714, "rho_random_mean": 0.9842794235315275, "_wandb": {"runtime": 469}}