{"potts/n_edges": 238, "potts/edge_density": 0.7933333333333333, "potts/J_mean_abs": 2.8425097465515137, "potts/J_std": 2.372969627380371, "_timestamp": 1773650406.7012541, "_runtime": 532.6426901817322, "_step": 21, "gt_scores/additive/std": 1.4607008917297066, "gt_scores/additive/min": -10.880603790283203, "gt_scores/additive/pct5": -7.648485493659973, "gt_scores/additive_pairwise/std": 72.35870258104973, "gt_scores/additive_pairwise/min": -511.8523254394531, "gt_scores/additive_pairwise/pct5": -322.99579467773435, "gt_scores/nonlin_additive/std": 0.1329364744996366, "gt_scores/nonlin_additive/min": -0.8491222741790089, "gt_scores/nonlin_additive/pct5": -0.8226467537292117, "gt_scores/nonlin_additive_pairwise/std": 2.5934708545928373e-07, "gt_scores/nonlin_additive_pairwise/min": -0.8524745773399738, "gt_scores/nonlin_additive_pairwise/pct5": -0.8524745773399738, "rho_curated/additive/additive": 0.9999974144318965, "rho_random/additive/additive": 0.999991069225538, "rho_curated/pairwise/additive": 0.9997524090540905, "rho_random/pairwise/additive": 0.9994694018540423, "rho_curated/additive_GE/additive": 0.9999665331026597, "rho_random/additive_GE/additive": 0.9999172857582952, "rho_curated/pairwise_GE/additive": 0.9833009005152343, "rho_random/pairwise_GE/additive": 0.973636733003736, "rho_curated/additive/additive_pairwise": 0.9792684430812449, "rho_random/additive/additive_pairwise": 0.9658985406856783, "rho_curated/pairwise/additive_pairwise": 0.9991818981912365, "rho_random/pairwise/additive_pairwise": 0.9985554959383893, "rho_curated/additive_GE/additive_pairwise": 0.9794368469354997, "rho_random/additive_GE/additive_pairwise": 0.9670672090458837, "rho_curated/pairwise_GE/additive_pairwise": 0.9795814348208071, "rho_random/pairwise_GE/additive_pairwise": 0.972223320971551, "rho_curated/additive/nonlin_additive": 0.9968143297044968, "rho_random/additive/nonlin_additive": 0.9968317183998586, "rho_curated/pairwise/nonlin_additive": 0.9951234572767044, "rho_random/pairwise/nonlin_additive": 0.9882858686926127, "rho_curated/additive_GE/nonlin_additive": 0.9999880469435215, "rho_random/additive_GE/nonlin_additive": 0.9999854269752806, "rho_curated/pairwise_GE/nonlin_additive": 0.9896767630663273, "rho_random/pairwise_GE/nonlin_additive": 0.9896528834992956, "rho_curated/additive/nonlin_additive_pairwise": NaN, "rho_random/additive/nonlin_additive_pairwise": NaN, "rho_curated/pairwise/nonlin_additive_pairwise": NaN, "rho_random/pairwise/nonlin_additive_pairwise": NaN, "rho_curated/additive_GE/nonlin_additive_pairwise": NaN, "rho_random/additive_GE/nonlin_additive_pairwise": NaN, "rho_curated/pairwise_GE/nonlin_additive_pairwise": NaN, "rho_random/pairwise_GE/nonlin_additive_pairwise": NaN, "rho_curated_mean": 0.9918407064269766, "rho_random_mean": 0.9876262461708468, "_wandb": {"runtime": 532}}