{"potts/n_edges": 144, "potts/edge_density": 0.7578947368421053, "potts/J_mean_abs": 2.208625078201294, "potts/J_std": 1.7732468843460083, "_timestamp": 1773519687.8923118, "_runtime": 627.7015767097473, "_step": 21, "gt_scores/additive/std": 1.112745089612462, "gt_scores/additive/min": -6.402132511138916, "gt_scores/additive/pct5": -4.05882933139801, "gt_scores/additive_pairwise/std": 20.316819055560277, "gt_scores/additive_pairwise/min": -149.75686645507812, "gt_scores/additive_pairwise/pct5": -66.28014755249023, "gt_scores/nonlin_additive/std": 0.17651970494882727, "gt_scores/nonlin_additive/min": -0.7025442434716214, "gt_scores/nonlin_additive/pct5": -0.650225736828544, "gt_scores/nonlin_additive_pairwise/std": 0.10637245156620999, "gt_scores/nonlin_additive_pairwise/min": -0.7102594727384771, "gt_scores/nonlin_additive_pairwise/pct5": -0.7102594727384771, "rho_curated/additive/additive": 0.9999974223518316, "rho_random/additive/additive": 0.9999927475308716, "rho_curated/pairwise/additive": 0.9999280455952917, "rho_random/pairwise/additive": 0.999873198689865, "rho_curated/additive_GE/additive": 0.9999797781506765, "rho_random/additive_GE/additive": 0.9999584082260959, "rho_curated/pairwise_GE/additive": 0.996009137730934, "rho_random/pairwise_GE/additive": 0.9968220526063664, "rho_curated/additive/additive_pairwise": 0.9588749031021652, "rho_random/additive/additive_pairwise": 0.9459356552944533, "rho_curated/pairwise/additive_pairwise": 0.999889841051562, "rho_random/pairwise/additive_pairwise": 0.9998329472227477, "rho_curated/additive_GE/additive_pairwise": 0.9594376049667958, "rho_random/additive_GE/additive_pairwise": 0.944009836038021, "rho_curated/pairwise_GE/additive_pairwise": 0.99413694330793, "rho_random/pairwise_GE/additive_pairwise": 0.9929262627014058, "rho_curated/additive/nonlin_additive": 0.9977784783508694, "rho_random/additive/nonlin_additive": 0.9969685159954736, "rho_curated/pairwise/nonlin_additive": 0.9988217345840803, "rho_random/pairwise/nonlin_additive": 0.9985321022915219, "rho_curated/additive_GE/nonlin_additive": 0.9999891134788208, "rho_random/additive_GE/nonlin_additive": 0.9999839309143498, "rho_curated/pairwise_GE/nonlin_additive": 0.9972201893782704, "rho_random/pairwise_GE/nonlin_additive": 0.996747529006661, "rho_curated/additive/nonlin_additive_pairwise": 0.39857576363928643, "rho_random/additive/nonlin_additive_pairwise": 0.8348524207616668, "rho_curated/pairwise/nonlin_additive_pairwise": 0.4051216248728791, "rho_random/pairwise/nonlin_additive_pairwise": 0.7099767574115751, "rho_curated/additive_GE/nonlin_additive_pairwise": 0.2741194799158379, "rho_random/additive_GE/nonlin_additive_pairwise": 0.794738922877668, "rho_curated/pairwise_GE/nonlin_additive_pairwise": 0.4612372220054186, "rho_random/pairwise_GE/nonlin_additive_pairwise": 0.8260205666225106, "rho_curated_mean": 0.8400698301551657, "rho_random_mean": 0.9398232408869533, "_wandb": {"runtime": 626}}