{"potts/n_edges": 79, "potts/edge_density": 0.7523809523809524, "potts/J_mean_abs": 3.467617988586426, "potts/J_std": 2.881636142730713, "_timestamp": 1773602251.810687, "_runtime": 488.6047739982605, "_step": 21, "gt_scores/additive/std": 0.7770162874764199, "gt_scores/additive/min": -5.525506973266602, "gt_scores/additive/pct5": -4.092422103881836, "gt_scores/additive_pairwise/std": 36.36787341783845, "gt_scores/additive_pairwise/min": -329.1186218261719, "gt_scores/additive_pairwise/pct5": -269.00178680419924, "gt_scores/nonlin_additive/std": 0.13179785214960515, "gt_scores/nonlin_additive/min": -0.851066460422529, "gt_scores/nonlin_additive/pct5": -0.8261551473383105, "gt_scores/nonlin_additive_pairwise/std": 2.220446049250313e-16, "gt_scores/nonlin_additive_pairwise/min": -0.8558889585984598, "gt_scores/nonlin_additive_pairwise/pct5": -0.8558889585984598, "rho_curated/additive/additive": 0.9999983769519349, "rho_random/additive/additive": 0.9999943288331931, "rho_curated/pairwise/additive": 0.9999764986230578, "rho_random/pairwise/additive": 0.999949512494323, "rho_curated/additive_GE/additive": 0.9999887497115485, "rho_random/additive_GE/additive": 0.9999680803047535, "rho_curated/pairwise_GE/additive": 0.9974038003038403, "rho_random/pairwise_GE/additive": 0.994175041127244, "rho_curated/additive/additive_pairwise": 0.92594141946877, "rho_random/additive/additive_pairwise": 0.8676283919911567, "rho_curated/pairwise/additive_pairwise": 0.9999690458307611, "rho_random/pairwise/additive_pairwise": 0.9999313474150124, "rho_curated/additive_GE/additive_pairwise": 0.9258175826798015, "rho_random/additive_GE/additive_pairwise": 0.8814387625935184, "rho_curated/pairwise_GE/additive_pairwise": 0.999588597863534, "rho_random/pairwise_GE/additive_pairwise": 0.9992930661269809, "rho_curated/additive/nonlin_additive": 0.9969487035256555, "rho_random/additive/nonlin_additive": 0.9973347107719944, "rho_curated/pairwise/nonlin_additive": 0.9992542248580795, "rho_random/pairwise/nonlin_additive": 0.998327512658457, "rho_curated/additive_GE/nonlin_additive": 0.9999898148075919, "rho_random/additive_GE/nonlin_additive": 0.9999881657377265, "rho_curated/pairwise_GE/nonlin_additive": 0.9997041821081317, "rho_random/pairwise_GE/nonlin_additive": 0.9996979637710017, "rho_curated/additive/nonlin_additive_pairwise": NaN, "rho_random/additive/nonlin_additive_pairwise": NaN, "rho_curated/pairwise/nonlin_additive_pairwise": NaN, "rho_random/pairwise/nonlin_additive_pairwise": NaN, "rho_curated/additive_GE/nonlin_additive_pairwise": NaN, "rho_random/additive_GE/nonlin_additive_pairwise": NaN, "rho_curated/pairwise_GE/nonlin_additive_pairwise": NaN, "rho_random/pairwise_GE/nonlin_additive_pairwise": NaN, "rho_curated_mean": 0.9870484163943923, "rho_random_mean": 0.9781439069854468, "_wandb": {"runtime": 488}}