{"potts/n_edges": 1489, "potts/edge_density": 0.47120253164556963, "potts/J_mean_abs": 3.4284021854400635, "potts/J_std": 3.089061975479126, "_timestamp": 1773606259.0139334, "_runtime": 534.2125813961029, "_step": 21, "gt_scores/additive/std": 1.048546517105296, "gt_scores/additive/min": -7.088540077209473, "gt_scores/additive/pct5": -3.86446008682251, "gt_scores/additive_pairwise/std": 20.38787039527583, "gt_scores/additive_pairwise/min": -162.56793212890625, "gt_scores/additive_pairwise/pct5": -62.50479698181152, "gt_scores/nonlin_additive/std": 0.17593631980704363, "gt_scores/nonlin_additive/min": -0.7166003682381561, "gt_scores/nonlin_additive/pct5": -0.6590951218238397, "gt_scores/nonlin_additive_pairwise/std": 0.1636753528629428, "gt_scores/nonlin_additive_pairwise/min": -0.719564969966174, "gt_scores/nonlin_additive_pairwise/pct5": -0.719564969966174, "rho_curated/additive/additive": 0.9999941629117588, "rho_random/additive/additive": 0.9999849691662381, "rho_curated/pairwise/additive": 0.9995145597799184, "rho_random/pairwise/additive": 0.9996338561479946, "rho_curated/additive_GE/additive": 0.9999607772303785, "rho_random/additive_GE/additive": 0.9999245429782869, "rho_curated/pairwise_GE/additive": 0.9942109209763786, "rho_random/pairwise_GE/additive": 0.9902704248015636, "rho_curated/additive/additive_pairwise": 0.859839704569588, "rho_random/additive/additive_pairwise": 0.8526173999590123, "rho_curated/pairwise/additive_pairwise": 0.8569140217005607, "rho_random/pairwise/additive_pairwise": 0.8610369839815936, "rho_curated/additive_GE/additive_pairwise": 0.8656007090288027, "rho_random/additive_GE/additive_pairwise": 0.8600335952988067, "rho_curated/pairwise_GE/additive_pairwise": 0.8530450087138002, "rho_random/pairwise_GE/additive_pairwise": 0.851826032139562, "rho_curated/additive/nonlin_additive": 0.9963864393445833, "rho_random/additive/nonlin_additive": 0.9954196601964912, "rho_curated/pairwise/nonlin_additive": 0.996639271005018, "rho_random/pairwise/nonlin_additive": 0.9954379274066889, "rho_curated/additive_GE/nonlin_additive": 0.9999674463024212, "rho_random/additive_GE/nonlin_additive": 0.9999450662227188, "rho_curated/pairwise_GE/nonlin_additive": 0.9980049625352966, "rho_random/pairwise_GE/nonlin_additive": 0.9974934825555971, "rho_curated/additive/nonlin_additive_pairwise": 0.4824961499905473, "rho_random/additive/nonlin_additive_pairwise": 0.7183164340930615, "rho_curated/pairwise/nonlin_additive_pairwise": 0.4711507186950212, "rho_random/pairwise/nonlin_additive_pairwise": 0.7607662947836994, "rho_curated/additive_GE/nonlin_additive_pairwise": 0.41402610581844423, "rho_random/additive_GE/nonlin_additive_pairwise": 0.7171883794591257, "rho_curated/pairwise_GE/nonlin_additive_pairwise": 0.4170122468770112, "rho_random/pairwise_GE/nonlin_additive_pairwise": 0.7247306407748267, "rho_curated_mean": 0.8252977003424705, "rho_random_mean": 0.8952891056228292, "_wandb": {"runtime": 533}}