{"potts/n_edges": 461, "potts/edge_density": 0.7747899159663866, "potts/J_mean_abs": 1.4585367441177368, "potts/J_std": 2.892404317855835, "_timestamp": 1773475742.9597745, "_runtime": 493.66104555130005, "_step": 21, "gt_scores/additive/std": 1.3842610764793362, "gt_scores/additive/min": -11.451440811157227, "gt_scores/additive/pct5": -7.0325216293334964, "gt_scores/additive_pairwise/std": 45.39291819926243, "gt_scores/additive_pairwise/min": -349.73175048828125, "gt_scores/additive_pairwise/pct5": -180.8593879699707, "gt_scores/nonlin_additive/std": 0.13690464032538527, "gt_scores/nonlin_additive/min": -0.8426039102770062, "gt_scores/nonlin_additive/pct5": -0.8114426650877217, "gt_scores/nonlin_additive_pairwise/std": 0.0017274259671942887, "gt_scores/nonlin_additive_pairwise/min": -0.8439837195431337, "gt_scores/nonlin_additive_pairwise/pct5": -0.8439837195431337, "rho_curated/additive/additive": 0.999997102023884, "rho_random/additive/additive": 0.9999911657146493, "rho_curated/pairwise/additive": 0.9989632116465036, "rho_random/pairwise/additive": 0.9984053947495023, "rho_curated/additive_GE/additive": 0.9999803078552113, "rho_random/additive_GE/additive": 0.9999535372298515, "rho_curated/pairwise_GE/additive": 0.9625360990596455, "rho_random/pairwise_GE/additive": 0.9400935970036552, "rho_curated/additive/additive_pairwise": 0.8970882479795298, "rho_random/additive/additive_pairwise": 0.9103923556858561, "rho_curated/pairwise/additive_pairwise": 0.9218124186767437, "rho_random/pairwise/additive_pairwise": 0.9116342925149086, "rho_curated/additive_GE/additive_pairwise": 0.8583461268824454, "rho_random/additive_GE/additive_pairwise": 0.8912704205949907, "rho_curated/pairwise_GE/additive_pairwise": 0.9004489190051781, "rho_random/pairwise_GE/additive_pairwise": 0.8752725839866374, "rho_curated/additive/nonlin_additive": 0.9960055217995498, "rho_random/additive/nonlin_additive": 0.9960754580065292, "rho_curated/pairwise/nonlin_additive": 0.9878196805504486, "rho_random/pairwise/nonlin_additive": 0.9837005058562855, "rho_curated/additive_GE/nonlin_additive": 0.9999769442790761, "rho_random/additive_GE/nonlin_additive": 0.9999734540905563, "rho_curated/pairwise_GE/nonlin_additive": 0.9783211432427644, "rho_random/pairwise_GE/nonlin_additive": 0.9728489028958792, "rho_curated/additive/nonlin_additive_pairwise": 0.6761681495142263, "rho_random/additive/nonlin_additive_pairwise": 0.22495611631184456, "rho_curated/pairwise/nonlin_additive_pairwise": 0.7063996058251082, "rho_random/pairwise/nonlin_additive_pairwise": 0.2194874647550168, "rho_curated/additive_GE/nonlin_additive_pairwise": 0.5295172399920336, "rho_random/additive_GE/nonlin_additive_pairwise": 0.1717126686451421, "rho_curated/pairwise_GE/nonlin_additive_pairwise": 0.607623943275976, "rho_random/pairwise_GE/nonlin_additive_pairwise": 0.22938636802609758, "rho_curated_mean": 0.8763127913505202, "rho_random_mean": 0.7703221428792126, "_wandb": {"runtime": 493}}