{"potts/n_edges": 72, "potts/edge_density": 0.6857142857142857, "potts/J_mean_abs": 2.4670000076293945, "potts/J_std": 1.8410547971725464, "_timestamp": 1773350289.7426386, "_runtime": 521.2004826068878, "_step": 21, "gt_scores/additive/std": 0.9557475539592777, "gt_scores/additive/min": -7.033940315246582, "gt_scores/additive/pct5": -5.159853672981262, "gt_scores/additive_pairwise/std": 24.026363644055817, "gt_scores/additive_pairwise/min": -211.7587432861328, "gt_scores/additive_pairwise/pct5": -171.3752098083496, "gt_scores/nonlin_additive/std": 0.1307311439252841, "gt_scores/nonlin_additive/min": -0.8613129322410867, "gt_scores/nonlin_additive/pct5": -0.8371371284084792, "gt_scores/nonlin_additive_pairwise/std": 1.1102230246251565e-16, "gt_scores/nonlin_additive_pairwise/min": -0.8653877661321029, "gt_scores/nonlin_additive_pairwise/pct5": -0.8653877661321029, "rho_curated/additive/additive": 0.9999980984319237, "rho_random/additive/additive": 0.9999946234189377, "rho_curated/pairwise/additive": 0.9999798461191914, "rho_random/pairwise/additive": 0.9999574033070096, "rho_curated/additive_GE/additive": 0.9999931359037246, "rho_random/additive_GE/additive": 0.9999847898111058, "rho_curated/pairwise_GE/additive": 0.9997631262064965, "rho_random/pairwise_GE/additive": 0.9995558121851573, "rho_curated/additive/additive_pairwise": 0.9241253925319107, "rho_random/additive/additive_pairwise": 0.8852229678186775, "rho_curated/pairwise/additive_pairwise": 0.9999670460546763, "rho_random/pairwise/additive_pairwise": 0.9999350298258441, "rho_curated/additive_GE/additive_pairwise": 0.9235614025856144, "rho_random/additive_GE/additive_pairwise": 0.882586750961897, "rho_curated/pairwise_GE/additive_pairwise": 0.9996015087359648, "rho_random/pairwise_GE/additive_pairwise": 0.9993860230461105, "rho_curated/additive/nonlin_additive": 0.9962981668430383, "rho_random/additive/nonlin_additive": 0.9968505383244642, "rho_curated/pairwise/nonlin_additive": 0.9990893118273321, "rho_random/pairwise/nonlin_additive": 0.9976214332683542, "rho_curated/additive_GE/nonlin_additive": 0.9999864837274562, "rho_random/additive_GE/nonlin_additive": 0.9999857527807771, "rho_curated/pairwise_GE/nonlin_additive": 0.9996260362569519, "rho_random/pairwise_GE/nonlin_additive": 0.9996897298514188, "rho_curated/additive/nonlin_additive_pairwise": NaN, "rho_random/additive/nonlin_additive_pairwise": NaN, "rho_curated/pairwise/nonlin_additive_pairwise": NaN, "rho_random/pairwise/nonlin_additive_pairwise": NaN, "rho_curated/additive_GE/nonlin_additive_pairwise": NaN, "rho_random/additive_GE/nonlin_additive_pairwise": NaN, "rho_curated/pairwise_GE/nonlin_additive_pairwise": NaN, "rho_random/pairwise_GE/nonlin_additive_pairwise": NaN, "rho_curated_mean": 0.9868324629353568, "rho_random_mean": 0.9800642378833127, "_wandb": {"runtime": 520}}