{"potts/n_edges": 105, "potts/edge_density": 0.5526315789473685, "potts/J_mean_abs": 2.161221504211426, "potts/J_std": 1.6968820095062256, "_timestamp": 1773373173.4266808, "_runtime": 640.7236196994781, "_step": 21, "gt_scores/additive/std": 1.210202704410808, "gt_scores/additive/min": -8.911455154418945, "gt_scores/additive/pct5": -6.663809275627136, "gt_scores/additive_pairwise/std": 27.553883249943862, "gt_scores/additive_pairwise/min": -193.4403076171875, "gt_scores/additive_pairwise/pct5": -130.98538970947266, "gt_scores/nonlin_additive/std": 0.125785236402486, "gt_scores/nonlin_additive/min": -0.8664681453126024, "gt_scores/nonlin_additive/pct5": -0.8440971430509998, "gt_scores/nonlin_additive_pairwise/std": 1.3527718325015366e-06, "gt_scores/nonlin_additive_pairwise/min": -0.8707194432537088, "gt_scores/nonlin_additive_pairwise/pct5": -0.8707194432537088, "rho_curated/additive/additive": 0.9999976931919076, "rho_random/additive/additive": 0.9999929558002576, "rho_curated/pairwise/additive": 0.999941784301666, "rho_random/pairwise/additive": 0.9998855317172372, "rho_curated/additive_GE/additive": NaN, "rho_random/additive_GE/additive": NaN, "rho_curated/pairwise_GE/additive": 0.9988947431957101, "rho_random/pairwise_GE/additive": 0.9980611261584316, "rho_curated/additive/additive_pairwise": 0.9566946389377071, "rho_random/additive/additive_pairwise": 0.9272408533088341, "rho_curated/pairwise/additive_pairwise": 0.9999334197493351, "rho_random/pairwise/additive_pairwise": 0.9998593023742723, "rho_curated/additive_GE/additive_pairwise": 0.9564798075851035, "rho_random/additive_GE/additive_pairwise": 0.9368998143543311, "rho_curated/pairwise_GE/additive_pairwise": 0.9922330378489489, "rho_random/pairwise_GE/additive_pairwise": 0.9869124654671616, "rho_curated/additive/nonlin_additive": 0.994796259983351, "rho_random/additive/nonlin_additive": 0.9950407656875415, "rho_curated/pairwise/nonlin_additive": 0.9981835651592557, "rho_random/pairwise/nonlin_additive": 0.9932312094111089, "rho_curated/additive_GE/nonlin_additive": 0.9999863505034531, "rho_random/additive_GE/nonlin_additive": 0.9999834893074304, "rho_curated/pairwise_GE/nonlin_additive": 0.9987809575111506, "rho_random/pairwise_GE/nonlin_additive": 0.9988866559710662, "rho_curated/additive/nonlin_additive_pairwise": NaN, "rho_random/additive/nonlin_additive_pairwise": 0.10407201704236299, "rho_curated/pairwise/nonlin_additive_pairwise": NaN, "rho_random/pairwise/nonlin_additive_pairwise": 0.09338892408553422, "rho_curated/additive_GE/nonlin_additive_pairwise": NaN, "rho_random/additive_GE/nonlin_additive_pairwise": NaN, "rho_curated/pairwise_GE/nonlin_additive_pairwise": NaN, "rho_random/pairwise_GE/nonlin_additive_pairwise": 0.10516171751164738, "rho_curated_mean": 0.9905383870879626, "rho_random_mean": 0.7956154877283727, "_wandb": {"runtime": 640}}