{"potts/n_edges": 79, "potts/edge_density": 0.7523809523809524, "potts/J_mean_abs": 6.5484724044799805, "potts/J_std": 9.106965065002441, "_timestamp": 1773499954.0330834, "_runtime": 519.2578673362732, "_step": 21, "gt_scores/additive/std": 0.9557475539592777, "gt_scores/additive/min": -7.033940315246582, "gt_scores/additive/pct5": -5.159853672981262, "gt_scores/additive_pairwise/std": 93.46958698890671, "gt_scores/additive_pairwise/min": -717.85888671875, "gt_scores/additive_pairwise/pct5": -570.8918975830078, "gt_scores/nonlin_additive/std": 0.1307311439252841, "gt_scores/nonlin_additive/min": -0.8613129322410867, "gt_scores/nonlin_additive/pct5": -0.8371371284084792, "gt_scores/nonlin_additive_pairwise/std": 1.1102230246251565e-16, "gt_scores/nonlin_additive_pairwise/min": -0.8653877661321029, "gt_scores/nonlin_additive_pairwise/pct5": -0.8653877661321029, "rho_curated/additive/additive": 0.99999850710394, "rho_random/additive/additive": 0.9999942389637712, "rho_curated/pairwise/additive": 0.9999769147830743, "rho_random/pairwise/additive": 0.9999445205859865, "rho_curated/additive_GE/additive": 0.9999853620154129, "rho_random/additive_GE/additive": 0.9999692775984932, "rho_curated/pairwise_GE/additive": 0.9996687582026947, "rho_random/pairwise_GE/additive": 0.9994282616714033, "rho_curated/additive/additive_pairwise": 0.8994157816782172, "rho_random/additive/additive_pairwise": 0.8437618253079948, "rho_curated/pairwise/additive_pairwise": 0.9999688792707545, "rho_random/pairwise/additive_pairwise": 0.9999350502687435, "rho_curated/additive_GE/additive_pairwise": 0.8973489144810293, "rho_random/additive_GE/additive_pairwise": 0.8131019001257366, "rho_curated/pairwise_GE/additive_pairwise": 0.9996517553540619, "rho_random/pairwise_GE/additive_pairwise": 0.9994777486218333, "rho_curated/additive/nonlin_additive": 0.9964629908579253, "rho_random/additive/nonlin_additive": 0.9972337312855798, "rho_curated/pairwise/nonlin_additive": 0.9991094010041623, "rho_random/pairwise/nonlin_additive": 0.9972237329197989, "rho_curated/additive_GE/nonlin_additive": 0.9999880974395211, "rho_random/additive_GE/nonlin_additive": 0.9999861715720713, "rho_curated/pairwise_GE/nonlin_additive": 0.999590296535543, "rho_random/pairwise_GE/nonlin_additive": 0.9996075387567291, "rho_curated/additive/nonlin_additive_pairwise": NaN, "rho_random/additive/nonlin_additive_pairwise": NaN, "rho_curated/pairwise/nonlin_additive_pairwise": NaN, "rho_random/pairwise/nonlin_additive_pairwise": NaN, "rho_curated/additive_GE/nonlin_additive_pairwise": NaN, "rho_random/additive_GE/nonlin_additive_pairwise": NaN, "rho_curated/pairwise_GE/nonlin_additive_pairwise": NaN, "rho_random/pairwise_GE/nonlin_additive_pairwise": NaN, "rho_curated_mean": 0.9825971382271946, "rho_random_mean": 0.9708053331398451, "_wandb": {"runtime": 518}}