{"potts/n_edges": 250, "potts/edge_density": 0.8333333333333334, "potts/J_mean_abs": 3.2772624492645264, "potts/J_std": 2.6027934551239014, "_timestamp": 1773455258.4046004, "_runtime": 409.4519193172455, "_step": 21, "gt_scores/additive/std": 1.4607008917297066, "gt_scores/additive/min": -10.880603790283203, "gt_scores/additive/pct5": -7.648485493659973, "gt_scores/additive_pairwise/std": 94.31682528429155, "gt_scores/additive_pairwise/min": -662.3519287109375, "gt_scores/additive_pairwise/pct5": -421.1586441040039, "gt_scores/nonlin_additive/std": 0.1329364744996366, "gt_scores/nonlin_additive/min": -0.8491222741790089, "gt_scores/nonlin_additive/pct5": -0.8226467537292117, "gt_scores/nonlin_additive_pairwise/std": 1.1685527553931894e-09, "gt_scores/nonlin_additive_pairwise/min": -0.8524745773399738, "gt_scores/nonlin_additive_pairwise/pct5": -0.8524745773399738, "rho_curated/additive/additive": 0.9999974928398997, "rho_random/additive/additive": 0.9999911822021567, "rho_curated/pairwise/additive": 0.999763268046525, "rho_random/pairwise/additive": 0.9995143063806156, "rho_curated/additive_GE/additive": 0.9999763437750517, "rho_random/additive_GE/additive": 0.9999465009347147, "rho_curated/pairwise_GE/additive": 0.9782969461548362, "rho_random/pairwise_GE/additive": 0.9606088812194259, "rho_curated/additive/additive_pairwise": 0.9852649110265962, "rho_random/additive/additive_pairwise": 0.9755278400874507, "rho_curated/pairwise/additive_pairwise": 0.9996527833461113, "rho_random/pairwise/additive_pairwise": 0.9994254645970247, "rho_curated/additive_GE/additive_pairwise": 0.9851568644615619, "rho_random/additive_GE/additive_pairwise": 0.9774193970437677, "rho_curated/pairwise_GE/additive_pairwise": 0.9772808668992345, "rho_random/pairwise_GE/additive_pairwise": 0.9704179046454752, "rho_curated/additive/nonlin_additive": 0.9958161872084468, "rho_random/additive/nonlin_additive": 0.9963051582828293, "rho_curated/pairwise/nonlin_additive": 0.9942225430564858, "rho_random/pairwise/nonlin_additive": 0.9872543167936351, "rho_curated/additive_GE/nonlin_additive": 0.9999725509349, "rho_random/additive_GE/nonlin_additive": 0.9999710266472396, "rho_curated/pairwise_GE/nonlin_additive": 0.9905773343266412, "rho_random/pairwise_GE/nonlin_additive": 0.9893055403472794, "rho_curated/additive/nonlin_additive_pairwise": NaN, "rho_random/additive/nonlin_additive_pairwise": NaN, "rho_curated/pairwise/nonlin_additive_pairwise": NaN, "rho_random/pairwise/nonlin_additive_pairwise": NaN, "rho_curated/additive_GE/nonlin_additive_pairwise": NaN, "rho_random/additive_GE/nonlin_additive_pairwise": NaN, "rho_curated/pairwise_GE/nonlin_additive_pairwise": NaN, "rho_random/pairwise_GE/nonlin_additive_pairwise": NaN, "rho_curated_mean": 0.9921648410063574, "rho_random_mean": 0.9879739599318013, "_wandb": {"runtime": 408}}