{"potts/n_edges": 155, "potts/edge_density": 0.8157894736842105, "potts/J_mean_abs": 4.2975053787231445, "potts/J_std": 3.5838189125061035, "_timestamp": 1773630860.4758031, "_runtime": 463.8132290840149, "_step": 21, "gt_scores/additive/std": 1.426379881017352, "gt_scores/additive/min": -10.008467674255371, "gt_scores/additive/pct5": -7.166622185707093, "gt_scores/additive_pairwise/std": 99.04890840639641, "gt_scores/additive_pairwise/min": -674.1954956054688, "gt_scores/additive_pairwise/pct5": -490.89112396240233, "gt_scores/nonlin_additive/std": 0.13946177757028871, "gt_scores/nonlin_additive/min": -0.8313426784103302, "gt_scores/nonlin_additive/pct5": -0.8034810610065, "gt_scores/nonlin_additive_pairwise/std": 0.0, "gt_scores/nonlin_additive_pairwise/min": -0.8358896588447285, "gt_scores/nonlin_additive_pairwise/pct5": -0.8358896588447285, "rho_curated/additive/additive": 0.9999976536639058, "rho_random/additive/additive": 0.9999916075100084, "rho_curated/pairwise/additive": 0.9999481316779251, "rho_random/pairwise/additive": 0.9998883355815421, "rho_curated/additive_GE/additive": 0.9999697228467888, "rho_random/additive_GE/additive": 0.9999325330055701, "rho_curated/pairwise_GE/additive": 0.9989769850790794, "rho_random/pairwise_GE/additive": 0.9979194263333052, "rho_curated/additive/additive_pairwise": 0.9796990286589866, "rho_random/additive/additive_pairwise": 0.9638061050375887, "rho_curated/pairwise/additive_pairwise": 0.9999400986135997, "rho_random/pairwise/additive_pairwise": 0.9998932699037484, "rho_curated/additive_GE/additive_pairwise": 0.9796022034626195, "rho_random/additive_GE/additive_pairwise": 0.9658400160606805, "rho_curated/pairwise_GE/additive_pairwise": 0.9922186619919994, "rho_random/pairwise_GE/additive_pairwise": 0.9855959857879844, "rho_curated/additive/nonlin_additive": 0.9965856255831792, "rho_random/additive/nonlin_additive": 0.9960008202353382, "rho_curated/pairwise/nonlin_additive": 0.9987556691901373, "rho_random/pairwise/nonlin_additive": 0.9950858092991088, "rho_curated/additive_GE/nonlin_additive": 0.9999829977753192, "rho_random/additive_GE/nonlin_additive": 0.9999799268687, "rho_curated/pairwise_GE/nonlin_additive": 0.9984014275438655, "rho_random/pairwise_GE/nonlin_additive": 0.998458740157806, "rho_curated/additive/nonlin_additive_pairwise": NaN, "rho_random/additive/nonlin_additive_pairwise": NaN, "rho_curated/pairwise/nonlin_additive_pairwise": NaN, "rho_random/pairwise/nonlin_additive_pairwise": NaN, "rho_curated/additive_GE/nonlin_additive_pairwise": NaN, "rho_random/additive_GE/nonlin_additive_pairwise": NaN, "rho_curated/pairwise_GE/nonlin_additive_pairwise": NaN, "rho_random/pairwise_GE/nonlin_additive_pairwise": NaN, "rho_curated_mean": 0.9953398505072837, "rho_random_mean": 0.9918660479817819, "_wandb": {"runtime": 463}}