{"potts/n_edges": 75, "potts/edge_density": 0.7142857142857143, "potts/J_mean_abs": 5.12352180480957, "potts/J_std": 4.759794235229492, "_timestamp": 1773532424.9944255, "_runtime": 522.6648225784302, "_step": 21, "gt_scores/additive/std": 0.7770162874764199, "gt_scores/additive/min": -5.525506973266602, "gt_scores/additive/pct5": -4.092422103881836, "gt_scores/additive_pairwise/std": 55.76238609278951, "gt_scores/additive_pairwise/min": -467.0028991699219, "gt_scores/additive_pairwise/pct5": -397.040022277832, "gt_scores/nonlin_additive/std": 0.13179785214960515, "gt_scores/nonlin_additive/min": -0.851066460422529, "gt_scores/nonlin_additive/pct5": -0.8261551473383105, "gt_scores/nonlin_additive_pairwise/std": 2.220446049250313e-16, "gt_scores/nonlin_additive_pairwise/min": -0.8558889585984598, "gt_scores/nonlin_additive_pairwise/pct5": -0.8558889585984598, "rho_curated/additive/additive": 0.9999979326159172, "rho_random/additive/additive": 0.9999930260453507, "rho_curated/pairwise/additive": 0.9999775123350996, "rho_random/pairwise/additive": 0.9999496303018383, "rho_curated/additive_GE/additive": 0.9999804978632194, "rho_random/additive_GE/additive": 0.9999474872690405, "rho_curated/pairwise_GE/additive": 0.9996112177684394, "rho_random/pairwise_GE/additive": 0.9992652565193825, "rho_curated/additive/additive_pairwise": 0.9162977574658661, "rho_random/additive/additive_pairwise": 0.8761685334191172, "rho_curated/pairwise/additive_pairwise": 0.999970662518823, "rho_random/pairwise/additive_pairwise": 0.9999455082998018, "rho_curated/additive_GE/additive_pairwise": 0.9142245216944535, "rho_random/additive_GE/additive_pairwise": 0.868324633450382, "rho_curated/pairwise_GE/additive_pairwise": 0.9996233326328882, "rho_random/pairwise_GE/additive_pairwise": 0.9994526225614393, "rho_curated/additive/nonlin_additive": 0.9965719356703839, "rho_random/additive/nonlin_additive": 0.9973254406832684, "rho_curated/pairwise/nonlin_additive": 0.9993134143564708, "rho_random/pairwise/nonlin_additive": 0.9976789934607277, "rho_curated/additive_GE/nonlin_additive": 0.9999948372637932, "rho_random/additive_GE/nonlin_additive": 0.9999927954096057, "rho_curated/pairwise_GE/nonlin_additive": 0.9996780815791001, "rho_random/pairwise_GE/nonlin_additive": 0.9996997567355824, "rho_curated/additive/nonlin_additive_pairwise": NaN, "rho_random/additive/nonlin_additive_pairwise": NaN, "rho_curated/pairwise/nonlin_additive_pairwise": NaN, "rho_random/pairwise/nonlin_additive_pairwise": NaN, "rho_curated/additive_GE/nonlin_additive_pairwise": NaN, "rho_random/additive_GE/nonlin_additive_pairwise": NaN, "rho_curated/pairwise_GE/nonlin_additive_pairwise": NaN, "rho_random/pairwise_GE/nonlin_additive_pairwise": NaN, "rho_curated_mean": 0.9854368086470379, "rho_random_mean": 0.9781453070129613, "_wandb": {"runtime": 522}}