{"potts/n_edges": 89, "potts/edge_density": 0.8476190476190476, "potts/J_mean_abs": 2.7330172061920166, "potts/J_std": 2.2350010871887207, "_timestamp": 1773518105.8287997, "_runtime": 548.5242817401886, "_step": 21, "gt_scores/additive/std": 0.7770162874764199, "gt_scores/additive/min": -5.525506973266602, "gt_scores/additive/pct5": -4.092422103881836, "gt_scores/additive_pairwise/std": 31.383837933067458, "gt_scores/additive_pairwise/min": -278.8578186035156, "gt_scores/additive_pairwise/pct5": -226.34704513549804, "gt_scores/nonlin_additive/std": 0.13179785214960515, "gt_scores/nonlin_additive/min": -0.851066460422529, "gt_scores/nonlin_additive/pct5": -0.8261551473383105, "gt_scores/nonlin_additive_pairwise/std": 2.220446049250313e-16, "gt_scores/nonlin_additive_pairwise/min": -0.8558889585984598, "gt_scores/nonlin_additive_pairwise/pct5": -0.8558889585984598, "rho_curated/additive/additive": 0.9999977235279087, "rho_random/additive/additive": 0.9999912948796341, "rho_curated/pairwise/additive": 0.9999779817031176, "rho_random/pairwise/additive": 0.9999491165068757, "rho_curated/additive_GE/additive": 0.9999947845837908, "rho_random/additive_GE/additive": 0.9999871586999124, "rho_curated/pairwise_GE/additive": 0.9997326014212848, "rho_random/pairwise_GE/additive": 0.9995458398236863, "rho_curated/additive/additive_pairwise": 0.9376160300236581, "rho_random/additive/additive_pairwise": 0.8835070008547932, "rho_curated/pairwise/additive_pairwise": 0.9999662224466475, "rho_random/pairwise/additive_pairwise": 0.9999466028878585, "rho_curated/additive_GE/additive_pairwise": 0.9372134366600168, "rho_random/additive_GE/additive_pairwise": 0.8917163029764401, "rho_curated/pairwise_GE/additive_pairwise": 0.999587140175446, "rho_random/pairwise_GE/additive_pairwise": 0.9993763288907794, "rho_curated/additive/nonlin_additive": 0.9965321656046209, "rho_random/additive/nonlin_additive": 0.9969968582810481, "rho_curated/pairwise/nonlin_additive": 0.9993289507330453, "rho_random/pairwise/nonlin_additive": 0.9963554459690712, "rho_curated/additive_GE/nonlin_additive": 0.9999825214232976, "rho_random/additive_GE/nonlin_additive": 0.9999805761984044, "rho_curated/pairwise_GE/nonlin_additive": 0.9996943754437164, "rho_random/pairwise_GE/nonlin_additive": 0.999708307284056, "rho_curated/additive/nonlin_additive_pairwise": NaN, "rho_random/additive/nonlin_additive_pairwise": NaN, "rho_curated/pairwise/nonlin_additive_pairwise": NaN, "rho_random/pairwise/nonlin_additive_pairwise": NaN, "rho_curated/additive_GE/nonlin_additive_pairwise": NaN, "rho_random/additive_GE/nonlin_additive_pairwise": NaN, "rho_curated/pairwise_GE/nonlin_additive_pairwise": NaN, "rho_random/pairwise_GE/nonlin_additive_pairwise": NaN, "rho_curated_mean": 0.9891353278122125, "rho_random_mean": 0.9805884027710464, "_wandb": {"runtime": 548}}