{"potts/n_edges": 141, "potts/edge_density": 0.7421052631578947, "potts/J_mean_abs": 2.774095058441162, "potts/J_std": 2.223034143447876, "_timestamp": 1773613608.83224, "_runtime": 471.9931380748749, "_step": 21, "gt_scores/additive/std": 1.426379881017352, "gt_scores/additive/min": -10.008467674255371, "gt_scores/additive/pct5": -7.166622185707093, "gt_scores/additive_pairwise/std": 55.940901017571306, "gt_scores/additive_pairwise/min": -393.2873229980469, "gt_scores/additive_pairwise/pct5": -272.35757598876955, "gt_scores/nonlin_additive/std": 0.13946177757028871, "gt_scores/nonlin_additive/min": -0.8313426784103302, "gt_scores/nonlin_additive/pct5": -0.8034810610065, "gt_scores/nonlin_additive_pairwise/std": 1.9022847478108172e-11, "gt_scores/nonlin_additive_pairwise/min": -0.8358896588447285, "gt_scores/nonlin_additive_pairwise/pct5": -0.8358896588447285, "rho_curated/additive/additive": 0.9999976917039076, "rho_random/additive/additive": 0.999992250455401, "rho_curated/pairwise/additive": 0.9999491855899638, "rho_random/pairwise/additive": 0.9999039786504691, "rho_curated/additive_GE/additive": NaN, "rho_random/additive_GE/additive": NaN, "rho_curated/pairwise_GE/additive": 0.9989342985573464, "rho_random/pairwise_GE/additive": 0.9979526312058253, "rho_curated/additive/additive_pairwise": 0.9771628246214167, "rho_random/additive/additive_pairwise": 0.9610751076397797, "rho_curated/pairwise/additive_pairwise": 0.9999335726293382, "rho_random/pairwise/additive_pairwise": 0.999854463713358, "rho_curated/additive_GE/additive_pairwise": 0.977155553198222, "rho_random/additive_GE/additive_pairwise": 0.9635107858180237, "rho_curated/pairwise_GE/additive_pairwise": 0.9922228845529153, "rho_random/pairwise_GE/additive_pairwise": 0.9877193241607938, "rho_curated/additive/nonlin_additive": 0.996626416824733, "rho_random/additive/nonlin_additive": 0.9949229776959242, "rho_curated/pairwise/nonlin_additive": 0.9984977182598367, "rho_random/pairwise/nonlin_additive": 0.9964804952493841, "rho_curated/additive_GE/nonlin_additive": 0.9999858498874336, "rho_random/additive_GE/nonlin_additive": 0.9999839474161591, "rho_curated/pairwise_GE/nonlin_additive": 0.9968801187951299, "rho_random/pairwise_GE/nonlin_additive": 0.9965565986809007, "rho_curated/additive/nonlin_additive_pairwise": NaN, "rho_random/additive/nonlin_additive_pairwise": NaN, "rho_curated/pairwise/nonlin_additive_pairwise": NaN, "rho_random/pairwise/nonlin_additive_pairwise": NaN, "rho_curated/additive_GE/nonlin_additive_pairwise": NaN, "rho_random/additive_GE/nonlin_additive_pairwise": NaN, "rho_curated/pairwise_GE/nonlin_additive_pairwise": NaN, "rho_random/pairwise_GE/nonlin_additive_pairwise": NaN, "rho_curated_mean": 0.9943041922382038, "rho_random_mean": 0.9907229600623654, "_wandb": {"runtime": 471}}