{"potts/n_edges": 346, "potts/edge_density": 0.7954022988505747, "potts/J_mean_abs": 3.0418288707733154, "potts/J_std": 2.462639093399048, "_timestamp": 1773626434.1932187, "_runtime": 506.70226860046387, "_step": 21, "gt_scores/additive/std": 1.3145519307288893, "gt_scores/additive/min": -9.543702125549316, "gt_scores/additive/pct5": -6.543755149841308, "gt_scores/additive_pairwise/std": 90.34885498893266, "gt_scores/additive_pairwise/min": -621.0426025390625, "gt_scores/additive_pairwise/pct5": -387.9794357299805, "gt_scores/nonlin_additive/std": 0.1415948963973883, "gt_scores/nonlin_additive/min": -0.8305795334928087, "gt_scores/nonlin_additive/pct5": -0.8006284573354645, "gt_scores/nonlin_additive_pairwise/std": 0.00013983070540327176, "gt_scores/nonlin_additive_pairwise/min": -0.8341020215334246, "gt_scores/nonlin_additive_pairwise/pct5": -0.8341020215334246, "rho_curated/additive/additive": 0.9999972991358916, "rho_random/additive/additive": 0.9999923926075052, "rho_curated/pairwise/additive": 0.9991864919354205, "rho_random/pairwise/additive": 0.9987703069396902, "rho_curated/additive_GE/additive": 0.999979037415161, "rho_random/additive_GE/additive": 0.9999493412879377, "rho_curated/pairwise_GE/additive": 0.9688107140556801, "rho_random/pairwise_GE/additive": 0.9506979668172734, "rho_curated/additive/additive_pairwise": 0.9847113577717206, "rho_random/additive/additive_pairwise": 0.9686701427917264, "rho_curated/pairwise/additive_pairwise": 0.992584842390682, "rho_random/pairwise/additive_pairwise": 0.98812837940985, "rho_curated/additive_GE/additive_pairwise": 0.9849113551077301, "rho_random/additive_GE/additive_pairwise": 0.9762499440706363, "rho_curated/pairwise_GE/additive_pairwise": 0.9564099135343045, "rho_random/pairwise_GE/additive_pairwise": 0.9355273217979687, "rho_curated/additive/nonlin_additive": 0.9975982734878159, "rho_random/additive/nonlin_additive": 0.9973590068370651, "rho_curated/pairwise/nonlin_additive": 0.9887770347097347, "rho_random/pairwise/nonlin_additive": 0.98226228518619, "rho_curated/additive_GE/nonlin_additive": 0.9999841566393658, "rho_random/additive_GE/nonlin_additive": 0.9999837981802471, "rho_curated/pairwise_GE/nonlin_additive": 0.978975266462506, "rho_random/pairwise_GE/nonlin_additive": 0.97612686700897, "rho_curated/additive/nonlin_additive_pairwise": NaN, "rho_random/additive/nonlin_additive_pairwise": NaN, "rho_curated/pairwise/nonlin_additive_pairwise": NaN, "rho_random/pairwise/nonlin_additive_pairwise": NaN, "rho_curated/additive_GE/nonlin_additive_pairwise": NaN, "rho_random/additive_GE/nonlin_additive_pairwise": NaN, "rho_curated/pairwise_GE/nonlin_additive_pairwise": NaN, "rho_random/pairwise_GE/nonlin_additive_pairwise": NaN, "rho_curated_mean": 0.9876604785538343, "rho_random_mean": 0.9811431460779217, "_wandb": {"runtime": 506}}