{"potts/n_edges": 160, "potts/edge_density": 0.5333333333333333, "potts/J_mean_abs": 3.9223837852478027, "potts/J_std": 3.164069890975952, "_timestamp": 1773386798.1196277, "_runtime": 538.7296776771545, "_step": 21, "gt_scores/additive/std": 1.1398200883094438, "gt_scores/additive/min": -9.020009994506836, "gt_scores/additive/pct5": -6.03385751247406, "gt_scores/additive_pairwise/std": 68.88338173575184, "gt_scores/additive_pairwise/min": -505.47076416015625, "gt_scores/additive_pairwise/pct5": -300.82010345458986, "gt_scores/nonlin_additive/std": 0.13291535666614748, "gt_scores/nonlin_additive/min": -0.8512857583768847, "gt_scores/nonlin_additive/pct5": -0.8249976913530378, "gt_scores/nonlin_additive_pairwise/std": 8.211241173133007e-06, "gt_scores/nonlin_additive_pairwise/min": -0.853410595172368, "gt_scores/nonlin_additive_pairwise/pct5": -0.853410595172368, "rho_curated/additive/additive": 0.9999967272638689, "rho_random/additive/additive": 0.9999903774592741, "rho_curated/pairwise/additive": 0.9997772788150858, "rho_random/pairwise/additive": 0.999585381814521, "rho_curated/additive_GE/additive": 0.9999698155587905, "rho_random/additive_GE/additive": 0.9999335713032943, "rho_curated/pairwise_GE/additive": 0.9849185834523815, "rho_random/pairwise_GE/additive": 0.9737945807287117, "rho_curated/additive/additive_pairwise": 0.9715356640847435, "rho_random/additive/additive_pairwise": 0.951008706304144, "rho_curated/pairwise/additive_pairwise": 0.9994892033235193, "rho_random/pairwise/additive_pairwise": 0.9990945332866671, "rho_curated/additive_GE/additive_pairwise": 0.971500651969974, "rho_random/additive_GE/additive_pairwise": 0.9613276600003163, "rho_curated/pairwise_GE/additive_pairwise": 0.9759014624983233, "rho_random/pairwise_GE/additive_pairwise": 0.960103703751617, "rho_curated/additive/nonlin_additive": 0.9969213034445568, "rho_random/additive/nonlin_additive": 0.9974169095348538, "rho_curated/pairwise/nonlin_additive": 0.9943965198797263, "rho_random/pairwise/nonlin_additive": 0.9875469155469156, "rho_curated/additive_GE/nonlin_additive": 0.9999835670313423, "rho_random/additive_GE/nonlin_additive": 0.9999817125846211, "rho_curated/pairwise_GE/nonlin_additive": 0.9903587273176548, "rho_random/pairwise_GE/nonlin_additive": 0.989414012196513, "rho_curated/additive/nonlin_additive_pairwise": NaN, "rho_random/additive/nonlin_additive_pairwise": NaN, "rho_curated/pairwise/nonlin_additive_pairwise": NaN, "rho_random/pairwise/nonlin_additive_pairwise": NaN, "rho_curated/additive_GE/nonlin_additive_pairwise": NaN, "rho_random/additive_GE/nonlin_additive_pairwise": NaN, "rho_curated/pairwise_GE/nonlin_additive_pairwise": NaN, "rho_random/pairwise_GE/nonlin_additive_pairwise": 0.0033751053136900815, "rho_curated_mean": 0.9903957920533307, "rho_random_mean": 0.9094287053711644, "_wandb": {"runtime": 538}}