{"potts/n_edges": 701, "potts/edge_density": 0.8548780487804878, "potts/J_mean_abs": 2.8837475776672363, "potts/J_std": 7.880239486694336, "_timestamp": 1773509981.1098604, "_runtime": 521.2883553504944, "_step": 21, "gt_scores/additive/std": 1.2182631728018556, "gt_scores/additive/min": -7.999075889587402, "gt_scores/additive/pct5": -5.24344220161438, "gt_scores/additive_pairwise/std": 66.79446991271556, "gt_scores/additive_pairwise/min": -677.7470703125, "gt_scores/additive_pairwise/pct5": -206.55328674316405, "gt_scores/nonlin_additive/std": 0.16098235818498738, "gt_scores/nonlin_additive/min": -0.7720137260233342, "gt_scores/nonlin_additive/pct5": -0.7319484747538197, "gt_scores/nonlin_additive_pairwise/std": 0.02719303095015194, "gt_scores/nonlin_additive_pairwise/min": -0.7768907610912195, "gt_scores/nonlin_additive_pairwise/pct5": -0.7768907610912195, "rho_curated/additive/additive": 0.9999965052158601, "rho_random/additive/additive": 0.9999887320314723, "rho_curated/pairwise/additive": 0.9987491739979668, "rho_random/pairwise/additive": 0.9985739305335029, "rho_curated/additive_GE/additive": 0.9999673252466929, "rho_random/additive_GE/additive": 0.9999323838447414, "rho_curated/pairwise_GE/additive": 0.9741020707314613, "rho_random/pairwise_GE/additive": 0.9631772202056139, "rho_curated/additive/additive_pairwise": 0.7614977969875835, "rho_random/additive/additive_pairwise": 0.8666341368127576, "rho_curated/pairwise/additive_pairwise": 0.7710097103733415, "rho_random/pairwise/additive_pairwise": 0.7819961633267593, "rho_curated/additive_GE/additive_pairwise": 0.7028256276816391, "rho_random/additive_GE/additive_pairwise": 0.8833692091441556, "rho_curated/pairwise_GE/additive_pairwise": 0.7983048766498575, "rho_random/pairwise_GE/additive_pairwise": 0.8759569672722557, "rho_curated/additive/nonlin_additive": 0.9967672843263033, "rho_random/additive/nonlin_additive": 0.9958799400603007, "rho_curated/pairwise/nonlin_additive": 0.991196951327033, "rho_random/pairwise/nonlin_additive": 0.9862670698356782, "rho_curated/additive_GE/nonlin_additive": 0.9999879820955178, "rho_random/additive_GE/nonlin_additive": 0.9999796976308357, "rho_curated/pairwise_GE/nonlin_additive": 0.989071720738082, "rho_random/pairwise_GE/nonlin_additive": 0.9853243830469223, "rho_curated/additive/nonlin_additive_pairwise": 0.11474347434743472, "rho_random/additive/nonlin_additive_pairwise": 0.3734057318649094, "rho_curated/pairwise/nonlin_additive_pairwise": 0.17724572457245721, "rho_random/pairwise/nonlin_additive_pairwise": 0.39315584637142137, "rho_curated/additive_GE/nonlin_additive_pairwise": 0.017341890266741496, "rho_random/additive_GE/nonlin_additive_pairwise": 0.3193406336191804, "rho_curated/pairwise_GE/nonlin_additive_pairwise": 0.21455874323064492, "rho_random/pairwise_GE/nonlin_additive_pairwise": 0.39539047094722773, "rho_curated_mean": 0.7192104286117886, "rho_random_mean": 0.8011482822842334, "_wandb": {"runtime": 521}}