{"potts/n_edges": 72, "potts/edge_density": 0.6857142857142857, "potts/J_mean_abs": 2.981712579727173, "potts/J_std": 2.5251893997192383, "_timestamp": 1773414448.0528045, "_runtime": 553.8511824607849, "_step": 21, "gt_scores/additive/std": 0.9557475539592777, "gt_scores/additive/min": -7.033940315246582, "gt_scores/additive/pct5": -5.159853672981262, "gt_scores/additive_pairwise/std": 32.567105412469765, "gt_scores/additive_pairwise/min": -271.28485107421875, "gt_scores/additive_pairwise/pct5": -221.18245468139648, "gt_scores/nonlin_additive/std": 0.1307311439252841, "gt_scores/nonlin_additive/min": -0.8613129322410867, "gt_scores/nonlin_additive/pct5": -0.8371371284084792, "gt_scores/nonlin_additive_pairwise/std": 1.1102230246251565e-16, "gt_scores/nonlin_additive_pairwise/min": -0.8653877661321029, "gt_scores/nonlin_additive_pairwise/pct5": -0.8653877661321029, "rho_curated/additive/additive": 0.999998453367938, "rho_random/additive/additive": 0.9999949451615545, "rho_curated/pairwise/additive": 0.9999745366949797, "rho_random/pairwise/additive": 0.999940733511339, "rho_curated/additive_GE/additive": 0.9999939394957571, "rho_random/additive_GE/additive": 0.999983539654692, "rho_curated/pairwise_GE/additive": 0.9997298930691763, "rho_random/pairwise_GE/additive": 0.9995575922598808, "rho_curated/additive/additive_pairwise": 0.9433636976931886, "rho_random/additive/additive_pairwise": 0.9120897987811132, "rho_curated/pairwise/additive_pairwise": 0.9999728560709137, "rho_random/pairwise/additive_pairwise": 0.9999471446958623, "rho_curated/additive_GE/additive_pairwise": 0.943754622284835, "rho_random/additive_GE/additive_pairwise": 0.9139036307772365, "rho_curated/pairwise_GE/additive_pairwise": 0.9995905452956023, "rho_random/pairwise_GE/additive_pairwise": 0.9993418166954697, "rho_curated/additive/nonlin_additive": 0.9961422266931337, "rho_random/additive/nonlin_additive": 0.996902236183992, "rho_curated/pairwise/nonlin_additive": 0.9991711513987068, "rho_random/pairwise/nonlin_additive": 0.9955459662190318, "rho_curated/additive_GE/nonlin_additive": 0.9999933069997311, "rho_random/additive_GE/nonlin_additive": 0.999990934115126, "rho_curated/pairwise_GE/nonlin_additive": 0.9996050969521375, "rho_random/pairwise_GE/nonlin_additive": 0.9995500339559124, "rho_curated/additive/nonlin_additive_pairwise": NaN, "rho_random/additive/nonlin_additive_pairwise": NaN, "rho_curated/pairwise/nonlin_additive_pairwise": NaN, "rho_random/pairwise/nonlin_additive_pairwise": NaN, "rho_curated/additive_GE/nonlin_additive_pairwise": NaN, "rho_random/additive_GE/nonlin_additive_pairwise": NaN, "rho_curated/pairwise_GE/nonlin_additive_pairwise": NaN, "rho_random/pairwise_GE/nonlin_additive_pairwise": NaN, "rho_curated_mean": 0.9901075271680084, "rho_random_mean": 0.9847290310009341, "_wandb": {"runtime": 553}}