{"potts/n_edges": 393, "potts/edge_density": 0.903448275862069, "potts/J_mean_abs": 3.1222646236419678, "potts/J_std": 2.4201769828796387, "_timestamp": 1773553425.245574, "_runtime": 510.3719129562378, "_step": 21, "gt_scores/additive/std": 1.3145519307288893, "gt_scores/additive/min": -9.543702125549316, "gt_scores/additive/pct5": -6.543755149841308, "gt_scores/additive_pairwise/std": 100.2503645823963, "gt_scores/additive_pairwise/min": -723.873779296875, "gt_scores/additive_pairwise/pct5": -431.70704650878906, "gt_scores/nonlin_additive/std": 0.1415948963973883, "gt_scores/nonlin_additive/min": -0.8305795334928087, "gt_scores/nonlin_additive/pct5": -0.8006284573354645, "gt_scores/nonlin_additive_pairwise/std": 1.9126892608659844e-06, "gt_scores/nonlin_additive_pairwise/min": -0.8341020215334246, "gt_scores/nonlin_additive_pairwise/pct5": -0.8341020215334246, "rho_curated/additive/additive": 0.9999969910238796, "rho_random/additive/additive": 0.9999911195393026, "rho_curated/pairwise/additive": 0.9992482776099131, "rho_random/pairwise/additive": 0.9986615148456308, "rho_curated/additive_GE/additive": 0.9999774787110975, "rho_random/additive_GE/additive": 0.9999558314951488, "rho_curated/pairwise_GE/additive": 0.9666129164637154, "rho_random/pairwise_GE/additive": 0.9458581070682762, "rho_curated/additive/additive_pairwise": 0.9864150624006023, "rho_random/additive/additive_pairwise": 0.9785369346058623, "rho_curated/pairwise/additive_pairwise": 0.9928427221137087, "rho_random/pairwise/additive_pairwise": 0.9868651093448251, "rho_curated/additive_GE/additive_pairwise": 0.9865029962921198, "rho_random/additive_GE/additive_pairwise": 0.9769733420559404, "rho_curated/pairwise_GE/additive_pairwise": 0.9544863527943618, "rho_random/pairwise_GE/additive_pairwise": 0.9284585337130791, "rho_curated/additive/nonlin_additive": 0.9962931604917263, "rho_random/additive/nonlin_additive": 0.9958106376294998, "rho_curated/pairwise/nonlin_additive": 0.9894236360646916, "rho_random/pairwise/nonlin_additive": 0.9827363177551146, "rho_curated/additive_GE/nonlin_additive": 0.9999717272068684, "rho_random/additive_GE/nonlin_additive": 0.9999665471320964, "rho_curated/pairwise_GE/nonlin_additive": 0.9795130944840321, "rho_random/pairwise_GE/nonlin_additive": 0.9783665802876645, "rho_curated/additive/nonlin_additive_pairwise": NaN, "rho_random/additive/nonlin_additive_pairwise": -0.00467897561316439, "rho_curated/pairwise/nonlin_additive_pairwise": NaN, "rho_random/pairwise/nonlin_additive_pairwise": NaN, "rho_curated/additive_GE/nonlin_additive_pairwise": NaN, "rho_random/additive_GE/nonlin_additive_pairwise": NaN, "rho_curated/pairwise_GE/nonlin_additive_pairwise": NaN, "rho_random/pairwise_GE/nonlin_additive_pairwise": NaN, "rho_curated_mean": 0.9876070346380597, "rho_random_mean": 0.9051924307584058, "_wandb": {"runtime": 510}}