{"potts/n_edges": 74, "potts/edge_density": 0.7047619047619048, "potts/J_mean_abs": 3.3798000812530518, "potts/J_std": 3.1511483192443848, "_timestamp": 1773658380.4677956, "_runtime": 504.3329236507416, "_step": 21, "gt_scores/additive/std": 0.7770162874764199, "gt_scores/additive/min": -5.525506973266602, "gt_scores/additive/pct5": -4.092422103881836, "gt_scores/additive_pairwise/std": 37.300603291085785, "gt_scores/additive_pairwise/min": -330.1711120605469, "gt_scores/additive_pairwise/pct5": -268.76221618652346, "gt_scores/nonlin_additive/std": 0.13179785214960515, "gt_scores/nonlin_additive/min": -0.851066460422529, "gt_scores/nonlin_additive/pct5": -0.8261551473383105, "gt_scores/nonlin_additive_pairwise/std": 2.220446049250313e-16, "gt_scores/nonlin_additive_pairwise/min": -0.8558889585984598, "gt_scores/nonlin_additive_pairwise/pct5": -0.8558889585984598, "rho_curated/additive/additive": 0.9999980780799229, "rho_random/additive/additive": 0.9999940894536405, "rho_curated/pairwise/additive": 0.9999782424631286, "rho_random/pairwise/additive": 0.9999496594785087, "rho_curated/additive_GE/additive": 0.9999885027995394, "rho_random/additive_GE/additive": 0.9999715934720566, "rho_curated/pairwise_GE/additive": 0.9983350308933211, "rho_random/pairwise_GE/additive": 0.9969993680603775, "rho_curated/additive/additive_pairwise": 0.9218648806887199, "rho_random/additive/additive_pairwise": 0.8783148331261282, "rho_curated/pairwise/additive_pairwise": 0.99996625695865, "rho_random/pairwise/additive_pairwise": 0.9999400672181372, "rho_curated/additive_GE/additive_pairwise": 0.9220876024256343, "rho_random/additive_GE/additive_pairwise": 0.8689711643567993, "rho_curated/pairwise_GE/additive_pairwise": 0.9996624661704906, "rho_random/pairwise_GE/additive_pairwise": 0.9995549942412956, "rho_curated/additive/nonlin_additive": 0.9964291424316232, "rho_random/additive/nonlin_additive": 0.9967288258348455, "rho_curated/pairwise/nonlin_additive": 0.9993731198307141, "rho_random/pairwise/nonlin_additive": 0.9978592118975567, "rho_curated/additive_GE/nonlin_additive": 0.9999931265197227, "rho_random/additive_GE/nonlin_additive": 0.9999907455905401, "rho_curated/pairwise_GE/nonlin_additive": 0.9996380135293902, "rho_random/pairwise_GE/nonlin_additive": 0.9996562035171777, "rho_curated/additive/nonlin_additive_pairwise": NaN, "rho_random/additive/nonlin_additive_pairwise": NaN, "rho_curated/pairwise/nonlin_additive_pairwise": NaN, "rho_random/pairwise/nonlin_additive_pairwise": NaN, "rho_curated/additive_GE/nonlin_additive_pairwise": NaN, "rho_random/additive_GE/nonlin_additive_pairwise": NaN, "rho_curated/pairwise_GE/nonlin_additive_pairwise": NaN, "rho_random/pairwise_GE/nonlin_additive_pairwise": NaN, "rho_curated_mean": 0.9864428718992381, "rho_random_mean": 0.9781608963539221, "_wandb": {"runtime": 504}}