{"potts/n_edges": 2362, "potts/edge_density": 0.7474683544303797, "potts/J_mean_abs": 3.351925849914551, "potts/J_std": 2.715019464492798, "_timestamp": 1773494103.16957, "_runtime": 584.2519550323486, "_step": 21, "gt_scores/additive/std": 1.3814914085051473, "gt_scores/additive/min": -9.466797828674316, "gt_scores/additive/pct5": -6.490896606445313, "gt_scores/additive_pairwise/std": 92.77816926773384, "gt_scores/additive_pairwise/min": -928.2276000976562, "gt_scores/additive_pairwise/pct5": -352.87300872802734, "gt_scores/nonlin_additive/std": 0.14876511773902834, "gt_scores/nonlin_additive/min": -0.8068553432424589, "gt_scores/nonlin_additive/pct5": -0.7736731425807715, "gt_scores/nonlin_additive_pairwise/std": 0.00042721871440542483, "gt_scores/nonlin_additive_pairwise/min": -0.8113804096118155, "gt_scores/nonlin_additive_pairwise/pct5": -0.8113804096118155, "rho_curated/additive/additive": 0.999994901655796, "rho_random/additive/additive": 0.9999869907379777, "rho_curated/pairwise/additive": 0.9992394422014866, "rho_random/pairwise/additive": 0.999237435778113, "rho_curated/additive_GE/additive": 0.9999444451817754, "rho_random/additive_GE/additive": 0.999898801889156, "rho_curated/pairwise_GE/additive": 0.9976430296016082, "rho_random/pairwise_GE/additive": 0.9968526613663442, "rho_curated/additive/additive_pairwise": 0.9716637098745482, "rho_random/additive/additive_pairwise": 0.9557932602705252, "rho_curated/pairwise/additive_pairwise": 0.9663846217825781, "rho_random/pairwise/additive_pairwise": 0.9503286001116299, "rho_curated/additive_GE/additive_pairwise": 0.9729504805080716, "rho_random/additive_GE/additive_pairwise": 0.9582105906843694, "rho_curated/pairwise_GE/additive_pairwise": 0.9621770331981737, "rho_random/pairwise_GE/additive_pairwise": 0.9499630160092262, "rho_curated/additive/nonlin_additive": 0.9939519980774995, "rho_random/additive/nonlin_additive": 0.9935345497035655, "rho_curated/pairwise/nonlin_additive": 0.9925150387960626, "rho_random/pairwise/nonlin_additive": 0.9911678338865706, "rho_curated/additive_GE/nonlin_additive": 0.9999633974785332, "rho_random/additive_GE/nonlin_additive": 0.9999576456232869, "rho_curated/pairwise_GE/nonlin_additive": 0.9957613267339445, "rho_random/pairwise_GE/nonlin_additive": 0.9957605120214171, "rho_curated/additive/nonlin_additive_pairwise": NaN, "rho_random/additive/nonlin_additive_pairwise": 0.10872416387703156, "rho_curated/pairwise/nonlin_additive_pairwise": NaN, "rho_random/pairwise/nonlin_additive_pairwise": 0.07432682097834745, "rho_curated/additive_GE/nonlin_additive_pairwise": NaN, "rho_random/additive_GE/nonlin_additive_pairwise": 0.058557430779680515, "rho_curated/pairwise_GE/nonlin_additive_pairwise": NaN, "rho_random/pairwise_GE/nonlin_additive_pairwise": 0.030983251687483608, "rho_curated_mean": 0.9876824520908398, "rho_random_mean": 0.7539552228377954, "_wandb": {"runtime": 583}}