{"potts/n_edges": 90, "potts/edge_density": 0.8571428571428571, "potts/J_mean_abs": 3.0868752002716064, "potts/J_std": 2.370997905731201, "_timestamp": 1773601226.5898383, "_runtime": 547.7640161514282, "_step": 21, "gt_scores/additive/std": 0.9354941049529601, "gt_scores/additive/min": -6.730696678161621, "gt_scores/additive/pct5": -5.088986277580261, "gt_scores/additive_pairwise/std": 37.28307113364944, "gt_scores/additive_pairwise/min": -329.41314697265625, "gt_scores/additive_pairwise/pct5": -285.92611541748045, "gt_scores/nonlin_additive/std": 0.12695859792178035, "gt_scores/nonlin_additive/min": -0.8594803927815321, "gt_scores/nonlin_additive/pct5": -0.8373509757801759, "gt_scores/nonlin_additive_pairwise/std": 1.1102230246251565e-16, "gt_scores/nonlin_additive_pairwise/min": -0.8642349522941661, "gt_scores/nonlin_additive_pairwise/pct5": -0.8642349522941661, "rho_curated/additive/additive": 0.9999980461599214, "rho_random/additive/additive": 0.9999939303410138, "rho_curated/pairwise/additive": 0.9999742055909626, "rho_random/pairwise/additive": 0.9999395677250327, "rho_curated/additive_GE/additive": 0.9999898120235903, "rho_random/additive_GE/additive": 0.9999696750838238, "rho_curated/pairwise_GE/additive": 0.9996952817077307, "rho_random/pairwise_GE/additive": 0.9994518528463563, "rho_curated/additive/additive_pairwise": 0.9385991255540708, "rho_random/additive/additive_pairwise": 0.8827533366309639, "rho_curated/pairwise/additive_pairwise": 0.9999644527105739, "rho_random/pairwise/additive_pairwise": 0.9999288800703541, "rho_curated/additive_GE/additive_pairwise": NaN, "rho_random/additive_GE/additive_pairwise": NaN, "rho_curated/pairwise_GE/additive_pairwise": 0.9996063198242341, "rho_random/pairwise_GE/additive_pairwise": 0.9994314248411541, "rho_curated/additive/nonlin_additive": 0.9952879932409188, "rho_random/additive/nonlin_additive": 0.9936908053314237, "rho_curated/pairwise/nonlin_additive": 0.9990790775306769, "rho_random/pairwise/nonlin_additive": 0.9977499824407913, "rho_curated/additive_GE/nonlin_additive": 0.9999923738316916, "rho_random/additive_GE/nonlin_additive": 0.9999898403559334, "rho_curated/pairwise_GE/nonlin_additive": 0.9995785329829493, "rho_random/pairwise_GE/nonlin_additive": 0.9995541095594763, "rho_curated/additive/nonlin_additive_pairwise": NaN, "rho_random/additive/nonlin_additive_pairwise": NaN, "rho_curated/pairwise/nonlin_additive_pairwise": NaN, "rho_random/pairwise/nonlin_additive_pairwise": NaN, "rho_curated/additive_GE/nonlin_additive_pairwise": NaN, "rho_random/additive_GE/nonlin_additive_pairwise": NaN, "rho_curated/pairwise_GE/nonlin_additive_pairwise": NaN, "rho_random/pairwise_GE/nonlin_additive_pairwise": NaN, "rho_curated_mean": 0.9937968382870291, "rho_random_mean": 0.9884048550205748, "_wandb": {"runtime": 547}}