{"potts/n_edges": 75, "potts/edge_density": 0.7142857142857143, "potts/J_mean_abs": 3.1345512866973877, "potts/J_std": 2.7119133472442627, "_timestamp": 1773555266.927633, "_runtime": 528.2290070056915, "_step": 21, "gt_scores/additive/std": 0.7770162874764199, "gt_scores/additive/min": -5.525506973266602, "gt_scores/additive/pct5": -4.092422103881836, "gt_scores/additive_pairwise/std": 31.74718095666295, "gt_scores/additive_pairwise/min": -278.7968444824219, "gt_scores/additive_pairwise/pct5": -235.06740036010743, "gt_scores/nonlin_additive/std": 0.13179785214960515, "gt_scores/nonlin_additive/min": -0.851066460422529, "gt_scores/nonlin_additive/pct5": -0.8261551473383105, "gt_scores/nonlin_additive_pairwise/std": 2.220446049250313e-16, "gt_scores/nonlin_additive_pairwise/min": -0.8558889585984598, "gt_scores/nonlin_additive_pairwise/pct5": -0.8558889585984598, "rho_curated/additive/additive": 0.9999986611119464, "rho_random/additive/additive": 0.9999952949538657, "rho_curated/pairwise/additive": 0.9999780055591176, "rho_random/pairwise/additive": 0.9999425278844117, "rho_curated/additive_GE/additive": 0.9999934248877361, "rho_random/additive_GE/additive": 0.9999795949082289, "rho_curated/pairwise_GE/additive": 0.9996429665776846, "rho_random/pairwise_GE/additive": 0.9994215819025436, "rho_curated/additive/additive_pairwise": 0.9165339685953429, "rho_random/additive/additive_pairwise": 0.8622563687290797, "rho_curated/pairwise/additive_pairwise": 0.9999725805989014, "rho_random/pairwise/additive_pairwise": 0.9999505662922054, "rho_curated/additive_GE/additive_pairwise": 0.9163824791052787, "rho_random/additive_GE/additive_pairwise": 0.8655764883174673, "rho_curated/pairwise_GE/additive_pairwise": 0.9996566119702314, "rho_random/pairwise_GE/additive_pairwise": 0.9995296066519623, "rho_curated/additive/nonlin_additive": 0.9960202746722379, "rho_random/additive/nonlin_additive": 0.9956353578963457, "rho_curated/pairwise/nonlin_additive": 0.9994016990799817, "rho_random/pairwise/nonlin_additive": 0.9965387059098274, "rho_curated/additive_GE/nonlin_additive": 0.9999957769598306, "rho_random/additive_GE/nonlin_additive": 0.99999411999412, "rho_curated/pairwise_GE/nonlin_additive": 0.999683315331287, "rho_random/pairwise_GE/nonlin_additive": 0.9996996968590482, "rho_curated/additive/nonlin_additive_pairwise": NaN, "rho_random/additive/nonlin_additive_pairwise": NaN, "rho_curated/pairwise/nonlin_additive_pairwise": NaN, "rho_random/pairwise/nonlin_additive_pairwise": NaN, "rho_curated/additive_GE/nonlin_additive_pairwise": NaN, "rho_random/additive_GE/nonlin_additive_pairwise": NaN, "rho_curated/pairwise_GE/nonlin_additive_pairwise": NaN, "rho_random/pairwise_GE/nonlin_additive_pairwise": NaN, "rho_curated_mean": 0.9856049803707981, "rho_random_mean": 0.9765433258582589, "_wandb": {"runtime": 527}}