{"potts/n_edges": 168, "potts/edge_density": 0.8842105263157894, "potts/J_mean_abs": 4.134756565093994, "potts/J_std": 3.442089796066284, "_timestamp": 1773554720.022132, "_runtime": 633.0290310382843, "_step": 21, "gt_scores/additive/std": 1.3328169946638528, "gt_scores/additive/min": -8.54687213897705, "gt_scores/additive/pct5": -5.66396427154541, "gt_scores/additive_pairwise/std": 73.0391606861679, "gt_scores/additive_pairwise/min": -527.4340209960938, "gt_scores/additive_pairwise/pct5": -287.2914016723633, "gt_scores/nonlin_additive/std": 0.16085671890946024, "gt_scores/nonlin_additive/min": -0.7713287382205405, "gt_scores/nonlin_additive/pct5": -0.7296449659409056, "gt_scores/nonlin_additive_pairwise/std": 0.008714485165336738, "gt_scores/nonlin_additive_pairwise/min": -0.7770133472475471, "gt_scores/nonlin_additive_pairwise/pct5": -0.7770133472475471, "rho_curated/additive/additive": 0.9999980005599197, "rho_random/additive/additive": 0.9999929653253656, "rho_curated/pairwise/additive": 0.9999361820774441, "rho_random/pairwise/additive": 0.9998706714910557, "rho_curated/additive_GE/additive": 0.9999767892630702, "rho_random/additive_GE/additive": 0.9999422623589529, "rho_curated/pairwise_GE/additive": 0.9927708227903124, "rho_random/pairwise_GE/additive": 0.9880488525738722, "rho_curated/additive/additive_pairwise": 0.9748050333995967, "rho_random/additive/additive_pairwise": 0.9629390120562433, "rho_curated/pairwise/additive_pairwise": 0.9999339344533558, "rho_random/pairwise/additive_pairwise": 0.9998774871435973, "rho_curated/additive_GE/additive_pairwise": 0.9749947545345901, "rho_random/additive_GE/additive_pairwise": 0.9612204047339957, "rho_curated/pairwise_GE/additive_pairwise": 0.9980719894907872, "rho_random/pairwise_GE/additive_pairwise": 0.9975901434030507, "rho_curated/additive/nonlin_additive": 0.9973184916524823, "rho_random/additive/nonlin_additive": 0.9961122725932342, "rho_curated/pairwise/nonlin_additive": 0.9989009110759309, "rho_random/pairwise/nonlin_additive": 0.9982482305954404, "rho_curated/additive_GE/nonlin_additive": 0.9999833451033313, "rho_random/additive_GE/nonlin_additive": 0.9999748533331325, "rho_curated/pairwise_GE/nonlin_additive": 0.9989475461497502, "rho_random/pairwise_GE/nonlin_additive": 0.9989519127069056, "rho_curated/additive/nonlin_additive_pairwise": NaN, "rho_random/additive/nonlin_additive_pairwise": 0.18108421498445676, "rho_curated/pairwise/nonlin_additive_pairwise": NaN, "rho_random/pairwise/nonlin_additive_pairwise": 0.14854846367965588, "rho_curated/additive_GE/nonlin_additive_pairwise": NaN, "rho_random/additive_GE/nonlin_additive_pairwise": 0.01647852880529269, "rho_curated/pairwise_GE/nonlin_additive_pairwise": NaN, "rho_random/pairwise_GE/nonlin_additive_pairwise": 0.07315454692455195, "rho_curated_mean": 0.9946364833792142, "rho_random_mean": 0.7701271764193003, "_wandb": {"runtime": 632}}