{"potts/n_edges": 97, "potts/edge_density": 0.9238095238095239, "potts/J_mean_abs": 3.960472822189331, "potts/J_std": 3.2778453826904297, "_timestamp": 1773370221.2998316, "_runtime": 527.7782506942749, "_step": 21, "gt_scores/additive/std": 0.9354941049529601, "gt_scores/additive/min": -6.730696678161621, "gt_scores/additive/pct5": -5.088986277580261, "gt_scores/additive_pairwise/std": 47.9948636889079, "gt_scores/additive_pairwise/min": -430.29156494140625, "gt_scores/additive_pairwise/pct5": -370.3260223388672, "gt_scores/nonlin_additive/std": 0.12695859792178035, "gt_scores/nonlin_additive/min": -0.8594803927815321, "gt_scores/nonlin_additive/pct5": -0.8373509757801759, "gt_scores/nonlin_additive_pairwise/std": 1.1102230246251565e-16, "gt_scores/nonlin_additive_pairwise/min": -0.8642349522941661, "gt_scores/nonlin_additive_pairwise/pct5": -0.8642349522941661, "rho_curated/additive/additive": 0.9999982208079284, "rho_random/additive/additive": 0.9999935320069291, "rho_curated/pairwise/additive": 0.9999791870311621, "rho_random/pairwise/additive": 0.9999492334011773, "rho_curated/additive_GE/additive": 0.9999771826950812, "rho_random/additive_GE/additive": 0.9999335946320574, "rho_curated/pairwise_GE/additive": 0.999694718715708, "rho_random/pairwise_GE/additive": 0.9994809392076539, "rho_curated/additive/additive_pairwise": 0.9342134145077999, "rho_random/additive/additive_pairwise": 0.8834838165683684, "rho_curated/pairwise/additive_pairwise": 0.9999641134465637, "rho_random/pairwise/additive_pairwise": 0.9999336398110181, "rho_curated/additive_GE/additive_pairwise": 0.9346924279861297, "rho_random/additive_GE/additive_pairwise": 0.8939627817131381, "rho_curated/pairwise_GE/additive_pairwise": 0.9994439515617312, "rho_random/pairwise_GE/additive_pairwise": 0.9993326571655254, "rho_curated/additive/nonlin_additive": 0.9968896561055707, "rho_random/additive/nonlin_additive": 0.9962365771795596, "rho_curated/pairwise/nonlin_additive": 0.9991312416767493, "rho_random/pairwise/nonlin_additive": 0.9966823999593203, "rho_curated/additive_GE/nonlin_additive": 0.9999897159995821, "rho_random/additive_GE/nonlin_additive": 0.9999895191617981, "rho_curated/pairwise_GE/nonlin_additive": 0.9996516355218646, "rho_random/pairwise_GE/nonlin_additive": 0.9996867278090317, "rho_curated/additive/nonlin_additive_pairwise": NaN, "rho_random/additive/nonlin_additive_pairwise": NaN, "rho_curated/pairwise/nonlin_additive_pairwise": NaN, "rho_random/pairwise/nonlin_additive_pairwise": NaN, "rho_curated/additive_GE/nonlin_additive_pairwise": NaN, "rho_random/additive_GE/nonlin_additive_pairwise": NaN, "rho_curated/pairwise_GE/nonlin_additive_pairwise": NaN, "rho_random/pairwise_GE/nonlin_additive_pairwise": NaN, "rho_curated_mean": 0.988635455504656, "rho_random_mean": 0.9807221182179647, "_wandb": {"runtime": 527}}