{"potts/n_edges": 220, "potts/edge_density": 0.7333333333333333, "potts/J_mean_abs": 3.0511879920959473, "potts/J_std": 2.3770432472229004, "_timestamp": 1773643100.4505613, "_runtime": 599.2653133869171, "_step": 21, "gt_scores/additive/std": 1.3248437107940993, "gt_scores/additive/min": -8.832763671875, "gt_scores/additive/pct5": -6.012066531181335, "gt_scores/additive_pairwise/std": 50.09590647687718, "gt_scores/additive_pairwise/min": -409.14141845703125, "gt_scores/additive_pairwise/pct5": -189.30197219848634, "gt_scores/nonlin_additive/std": 0.15375831462288475, "gt_scores/nonlin_additive/min": -0.7960807527928047, "gt_scores/nonlin_additive/pct5": -0.7598627144532697, "gt_scores/nonlin_additive_pairwise/std": 0.00864140226404401, "gt_scores/nonlin_additive_pairwise/min": -0.8011811168353298, "gt_scores/nonlin_additive_pairwise/pct5": -0.8011811168353298, "rho_curated/additive/additive": 0.9999980181759206, "rho_random/additive/additive": 0.9999940093841502, "rho_curated/pairwise/additive": 0.9997627253105033, "rho_random/pairwise/additive": 0.9995237943677661, "rho_curated/additive_GE/additive": 0.9999710569828416, "rho_random/additive_GE/additive": 0.9999343596066308, "rho_curated/pairwise_GE/additive": 0.9811374436614977, "rho_random/pairwise_GE/additive": 0.9697379050752963, "rho_curated/additive/additive_pairwise": 0.9727075899629938, "rho_random/additive/additive_pairwise": 0.9522636141984433, "rho_curated/pairwise/additive_pairwise": 0.9987941145037357, "rho_random/pairwise/additive_pairwise": 0.9983034772304714, "rho_curated/additive_GE/additive_pairwise": 0.9728324452380378, "rho_random/additive_GE/additive_pairwise": 0.9572087730110151, "rho_curated/pairwise_GE/additive_pairwise": 0.9776246733193759, "rho_random/pairwise_GE/additive_pairwise": 0.9731572772368327, "rho_curated/additive/nonlin_additive": 0.9980402080414673, "rho_random/additive/nonlin_additive": 0.9979349338382562, "rho_curated/pairwise/nonlin_additive": 0.9959111204363468, "rho_random/pairwise/nonlin_additive": 0.9922960069040637, "rho_curated/additive_GE/nonlin_additive": 0.9999781073431224, "rho_random/additive_GE/nonlin_additive": 0.9999689855617756, "rho_curated/pairwise_GE/nonlin_additive": 0.9916785573545431, "rho_random/pairwise_GE/nonlin_additive": 0.9894296585477195, "rho_curated/additive/nonlin_additive_pairwise": 0.11423023774930428, "rho_random/additive/nonlin_additive_pairwise": 0.2885841099986825, "rho_curated/pairwise/nonlin_additive_pairwise": 0.12944107869382154, "rho_random/pairwise/nonlin_additive_pairwise": 0.33778508767199344, "rho_curated/additive_GE/nonlin_additive_pairwise": -0.04321163720414475, "rho_random/additive_GE/nonlin_additive_pairwise": 0.20579027090321086, "rho_curated/pairwise_GE/nonlin_additive_pairwise": 0.15939742835256812, "rho_random/pairwise_GE/nonlin_additive_pairwise": 0.31986345512772274, "rho_curated_mean": 0.7655183229951209, "rho_random_mean": 0.8113609824165019, "_wandb": {"runtime": 598}}