{"potts/n_edges": 171, "potts/edge_density": 0.9, "potts/J_mean_abs": 3.806072473526001, "potts/J_std": 2.9333457946777344, "_timestamp": 1773637848.0942073, "_runtime": 507.547696352005, "_step": 21, "gt_scores/additive/std": 1.2097035595556864, "gt_scores/additive/min": -8.994394302368164, "gt_scores/additive/pct5": -6.638693571090698, "gt_scores/additive_pairwise/std": 91.69754755638185, "gt_scores/additive_pairwise/min": -689.7146606445312, "gt_scores/additive_pairwise/pct5": -455.13743896484374, "gt_scores/nonlin_additive/std": 0.12780147869164835, "gt_scores/nonlin_additive/min": -0.8633649983358815, "gt_scores/nonlin_additive/pct5": -0.8409005929909275, "gt_scores/nonlin_additive_pairwise/std": 3.3158330576972437e-16, "gt_scores/nonlin_additive_pairwise/min": -0.8672038070001775, "gt_scores/nonlin_additive_pairwise/pct5": -0.8672038070001775, "rho_curated/additive/additive": 0.9999974049038959, "rho_random/additive/additive": 0.9999910496383613, "rho_curated/pairwise/additive": 0.9999447646697878, "rho_random/pairwise/additive": 0.9998734643038121, "rho_curated/additive_GE/additive": 0.9999787351351482, "rho_random/additive_GE/additive": 0.9999455315897419, "rho_curated/pairwise_GE/additive": 0.9990960546517986, "rho_random/pairwise_GE/additive": 0.9983085180398383, "rho_curated/additive/additive_pairwise": 0.9828206163595876, "rho_random/additive/additive_pairwise": 0.96842941874793, "rho_curated/pairwise/additive_pairwise": 0.9999370576214778, "rho_random/pairwise/additive_pairwise": 0.9998810840069841, "rho_curated/additive_GE/additive_pairwise": 0.982757015133453, "rho_random/additive_GE/additive_pairwise": 0.9726149598903113, "rho_curated/pairwise_GE/additive_pairwise": 0.9989332385012785, "rho_random/pairwise_GE/additive_pairwise": 0.9983992088818714, "rho_curated/additive/nonlin_additive": 0.99695423478195, "rho_random/additive/nonlin_additive": 0.9969041948572777, "rho_curated/pairwise/nonlin_additive": 0.9982959561077567, "rho_random/pairwise/nonlin_additive": 0.9948614338464414, "rho_curated/additive_GE/nonlin_additive": 0.9999863258554519, "rho_random/additive_GE/nonlin_additive": 0.9999816380266074, "rho_curated/pairwise_GE/nonlin_additive": 0.9977595468462206, "rho_random/pairwise_GE/nonlin_additive": 0.998031736758432, "rho_curated/additive/nonlin_additive_pairwise": NaN, "rho_random/additive/nonlin_additive_pairwise": NaN, "rho_curated/pairwise/nonlin_additive_pairwise": NaN, "rho_random/pairwise/nonlin_additive_pairwise": NaN, "rho_curated/additive_GE/nonlin_additive_pairwise": NaN, "rho_random/additive_GE/nonlin_additive_pairwise": NaN, "rho_curated/pairwise_GE/nonlin_additive_pairwise": NaN, "rho_random/pairwise_GE/nonlin_additive_pairwise": NaN, "rho_curated_mean": 0.9963717458806506, "rho_random_mean": 0.9939351865489674, "_wandb": {"runtime": 507}}