{"potts/n_edges": 396, "potts/edge_density": 0.6655462184873949, "potts/J_mean_abs": 3.009840965270996, "potts/J_std": 2.377645969390869, "_timestamp": 1773692487.5872276, "_runtime": 506.83319449424744, "_step": 21, "gt_scores/additive/std": 1.2980668102345851, "gt_scores/additive/min": -10.26136302947998, "gt_scores/additive/pct5": -6.319049310684204, "gt_scores/additive_pairwise/std": 83.94026144167421, "gt_scores/additive_pairwise/min": -654.53369140625, "gt_scores/additive_pairwise/pct5": -347.5362075805664, "gt_scores/nonlin_additive/std": 0.14330294331091115, "gt_scores/nonlin_additive/min": -0.8247283449624246, "gt_scores/nonlin_additive/pct5": -0.7911553785664509, "gt_scores/nonlin_additive_pairwise/std": 0.0005114310532802649, "gt_scores/nonlin_additive_pairwise/min": -0.8264821477501916, "gt_scores/nonlin_additive_pairwise/pct5": -0.8264821477501916, "rho_curated/additive/additive": 0.999997158495886, "rho_random/additive/additive": 0.9999898132327192, "rho_curated/pairwise/additive": 0.9989306349331225, "rho_random/pairwise/additive": 0.9983200793263352, "rho_curated/additive_GE/additive": 0.9999761747190458, "rho_random/additive_GE/additive": 0.9999442247203447, "rho_curated/pairwise_GE/additive": 0.9654761942869049, "rho_random/pairwise_GE/additive": 0.9385151145359575, "rho_curated/additive/additive_pairwise": 0.9826794317215146, "rho_random/additive/additive_pairwise": 0.9727501998641064, "rho_curated/pairwise/additive_pairwise": 0.98521212463213, "rho_random/pairwise/additive_pairwise": 0.9784911467536896, "rho_curated/additive_GE/additive_pairwise": 0.9828300370799652, "rho_random/additive_GE/additive_pairwise": 0.9740012251191569, "rho_curated/pairwise_GE/additive_pairwise": 0.9390876659060448, "rho_random/pairwise_GE/additive_pairwise": 0.9235609356290161, "rho_curated/additive/nonlin_additive": 0.9962693920185071, "rho_random/additive/nonlin_additive": 0.9965558082859008, "rho_curated/pairwise/nonlin_additive": 0.9874757806984299, "rho_random/pairwise/nonlin_additive": 0.9804121057670441, "rho_curated/additive_GE/nonlin_additive": 0.9999729236069137, "rho_random/additive_GE/nonlin_additive": 0.9999624015509362, "rho_curated/pairwise_GE/nonlin_additive": 0.977709126802225, "rho_random/pairwise_GE/nonlin_additive": 0.9728134371982662, "rho_curated/additive/nonlin_additive_pairwise": NaN, "rho_random/additive/nonlin_additive_pairwise": 0.053013204365511005, "rho_curated/pairwise/nonlin_additive_pairwise": NaN, "rho_random/pairwise/nonlin_additive_pairwise": 0.05524327286826053, "rho_curated/additive_GE/nonlin_additive_pairwise": NaN, "rho_random/additive_GE/nonlin_additive_pairwise": NaN, "rho_curated/pairwise_GE/nonlin_additive_pairwise": NaN, "rho_random/pairwise_GE/nonlin_additive_pairwise": NaN, "rho_curated_mean": 0.9846347204083906, "rho_random_mean": 0.8459694978012317, "_wandb": {"runtime": 506}}