{"potts/n_edges": 481, "potts/edge_density": 0.8084033613445378, "potts/J_mean_abs": 3.166358470916748, "potts/J_std": 2.4635794162750244, "_timestamp": 1773355200.1898484, "_runtime": 386.6677134037018, "_step": 17, "gt_scores/additive/std": 1.2131658817929183, "gt_scores/additive/min": -9.223040580749512, "gt_scores/additive/pct5": -5.876311326026917, "gt_scores/additive_pairwise/std": 104.03481630835235, "gt_scores/additive_pairwise/min": -851.7962036132812, "gt_scores/additive_pairwise/pct5": -436.3446517944336, "gt_scores/nonlin_additive/std": 0.1429851728070397, "gt_scores/nonlin_additive/min": -0.8260453358601673, "gt_scores/nonlin_additive/pct5": -0.7918037243495972, "gt_scores/nonlin_additive_pairwise/std": 1.3996310656793309e-08, "gt_scores/nonlin_additive_pairwise/min": -0.8284503980057596, "gt_scores/nonlin_additive_pairwise/pct5": -0.8284503980057596, "rho_curated/additive/additive": 0.9999970636478825, "rho_random/additive/additive": 0.9999914992592506, "rho_curated/pairwise/additive": 0.9989147800525393, "rho_random/pairwise/additive": 0.9983525752902206, "rho_curated/additive_GE/additive": 0.9999840110073598, "rho_random/additive_GE/additive": 0.9999519165904945, "rho_curated/pairwise_GE/additive": 0.9650690730810865, "rho_random/pairwise_GE/additive": 0.9420938731527126, "rho_curated/additive/additive_pairwise": 0.9867606592221088, "rho_random/additive/additive_pairwise": 0.9818043389262565, "rho_curated/pairwise/additive_pairwise": 0.9875749251344005, "rho_random/pairwise/additive_pairwise": 0.9802890469841221, "rho_curated/additive_GE/additive_pairwise": 0.9866801555145667, "rho_random/additive_GE/additive_pairwise": 0.97620940306062, "rho_curated/pairwise_GE/additive_pairwise": 0.9546785668591425, "rho_random/pairwise_GE/additive_pairwise": 0.939719050935936, "rho_curated/additive/nonlin_additive": 0.9957807235351278, "rho_random/additive/nonlin_additive": 0.9949416653294821, "rho_curated/pairwise/nonlin_additive": 0.9875683509344356, "rho_random/pairwise/nonlin_additive": 0.9825455417346804, "rho_curated/additive_GE/nonlin_additive": 0.9999777565351087, "rho_random/additive_GE/nonlin_additive": 0.9999692106917921, "rho_curated/pairwise_GE/nonlin_additive": 0.9787571985412682, "rho_random/pairwise_GE/nonlin_additive": 0.972238068686812, "rho_curated/additive/nonlin_additive_pairwise": NaN, "rho_random/additive/nonlin_additive_pairwise": NaN, "_wandb": {"runtime": 386}}