{"potts/n_edges": 2993, "potts/edge_density": 0.9471518987341773, "potts/J_mean_abs": 3.7480099201202393, "potts/J_std": 2.9416286945343018, "_timestamp": 1773487996.0965564, "_runtime": 573.8340375423431, "_step": 21, "gt_scores/additive/std": 1.3814914085051473, "gt_scores/additive/min": -9.466797828674316, "gt_scores/additive/pct5": -6.490896606445313, "gt_scores/additive_pairwise/std": 161.76406579089732, "gt_scores/additive_pairwise/min": -1425.0394287109375, "gt_scores/additive_pairwise/pct5": -621.7541046142578, "gt_scores/nonlin_additive/std": 0.14876511773902834, "gt_scores/nonlin_additive/min": -0.8068553432424589, "gt_scores/nonlin_additive/pct5": -0.7736731425807715, "gt_scores/nonlin_additive_pairwise/std": 3.0748949397558824e-05, "gt_scores/nonlin_additive_pairwise/min": -0.8113804096118155, "gt_scores/nonlin_additive_pairwise/pct5": -0.8113804096118155, "rho_curated/additive/additive": 0.999994363119774, "rho_random/additive/additive": 0.999984327675256, "rho_curated/pairwise/additive": 0.9992550614741665, "rho_random/pairwise/additive": 0.999394376697265, "rho_curated/additive_GE/additive": 0.9999587719343487, "rho_random/additive_GE/additive": 0.9999211012167555, "rho_curated/pairwise_GE/additive": 0.9972367153452032, "rho_random/pairwise_GE/additive": 0.9949309509145363, "rho_curated/additive/additive_pairwise": 0.9865524193014513, "rho_random/additive/additive_pairwise": 0.9788216535768395, "rho_curated/pairwise/additive_pairwise": 0.9794649584981056, "rho_random/pairwise/additive_pairwise": 0.9735358700392465, "rho_curated/additive_GE/additive_pairwise": 0.9875132819959321, "rho_random/additive_GE/additive_pairwise": 0.9790648066622153, "rho_curated/pairwise_GE/additive_pairwise": 0.9780742826888665, "rho_random/pairwise_GE/additive_pairwise": 0.9736237768742698, "rho_curated/additive/nonlin_additive": 0.9939347095566607, "rho_random/additive/nonlin_additive": 0.9935572842019763, "rho_curated/pairwise/nonlin_additive": 0.992489763890509, "rho_random/pairwise/nonlin_additive": 0.9909137219462261, "rho_curated/additive_GE/nonlin_additive": 0.9999579167183106, "rho_random/additive_GE/nonlin_additive": 0.9999421385573347, "rho_curated/pairwise_GE/nonlin_additive": 0.9931630674535382, "rho_random/pairwise_GE/nonlin_additive": 0.9926322509518323, "rho_curated/additive/nonlin_additive_pairwise": NaN, "rho_random/additive/nonlin_additive_pairwise": 0.07137059949873603, "rho_curated/pairwise/nonlin_additive_pairwise": NaN, "rho_random/pairwise/nonlin_additive_pairwise": 0.050903796137432955, "rho_curated/additive_GE/nonlin_additive_pairwise": NaN, "rho_random/additive_GE/nonlin_additive_pairwise": NaN, "rho_curated/pairwise_GE/nonlin_additive_pairwise": NaN, "rho_random/pairwise_GE/nonlin_additive_pairwise": NaN, "rho_curated_mean": 0.9922996093314055, "rho_random_mean": 0.8570426182107089, "_wandb": {"runtime": 573}}