{"potts/n_edges": 116, "potts/edge_density": 0.6105263157894737, "potts/J_mean_abs": 1.310479760169983, "potts/J_std": 1.3046051263809204, "_timestamp": 1773468208.964839, "_runtime": 574.159646987915, "_step": 21, "gt_scores/additive/std": 1.3328169946638528, "gt_scores/additive/min": -8.54687213897705, "gt_scores/additive/pct5": -5.66396427154541, "gt_scores/additive_pairwise/std": 16.18440019862534, "gt_scores/additive_pairwise/min": -110.2098617553711, "gt_scores/additive_pairwise/pct5": -61.87079200744629, "gt_scores/nonlin_additive/std": 0.16085671890946024, "gt_scores/nonlin_additive/min": -0.7713287382205405, "gt_scores/nonlin_additive/pct5": -0.7296449659409056, "gt_scores/nonlin_additive_pairwise/std": 0.026507148407406353, "gt_scores/nonlin_additive_pairwise/min": -0.7770133472475471, "gt_scores/nonlin_additive_pairwise/pct5": -0.7770133472475471, "rho_curated/additive/additive": 0.999997978815919, "rho_random/additive/additive": 0.9999934199721149, "rho_curated/pairwise/additive": 0.9999392297895691, "rho_random/pairwise/additive": 0.9998865698595489, "rho_curated/additive_GE/additive": NaN, "rho_random/additive_GE/additive": NaN, "rho_curated/pairwise_GE/additive": 0.9926427712175343, "rho_random/pairwise_GE/additive": 0.9885181358791416, "rho_curated/additive/additive_pairwise": 0.9523035435847077, "rho_random/additive/additive_pairwise": 0.9334900138453202, "rho_curated/pairwise/additive_pairwise": 0.9999206428688239, "rho_random/pairwise/additive_pairwise": 0.9998468637355236, "rho_curated/additive_GE/additive_pairwise": 0.9514089678848602, "rho_random/additive_GE/additive_pairwise": 0.9311217929838085, "rho_curated/pairwise_GE/additive_pairwise": 0.9940835327233412, "rho_random/pairwise_GE/additive_pairwise": 0.9913991798346228, "rho_curated/additive/nonlin_additive": 0.9977312468608687, "rho_random/additive/nonlin_additive": 0.996861882551642, "rho_curated/pairwise/nonlin_additive": 0.998892533299542, "rho_random/pairwise/nonlin_additive": 0.9981716652218643, "rho_curated/additive_GE/nonlin_additive": 0.999964508870576, "rho_random/additive_GE/nonlin_additive": 0.9999589371735716, "rho_curated/pairwise_GE/nonlin_additive": 0.9983546548539098, "rho_random/pairwise_GE/nonlin_additive": 0.9982599386238025, "rho_curated/additive/nonlin_additive_pairwise": 0.24889756632088245, "rho_random/additive/nonlin_additive_pairwise": 0.7338426341410441, "rho_curated/pairwise/nonlin_additive_pairwise": 0.22883364836200373, "rho_random/pairwise/nonlin_additive_pairwise": 0.6353953355738752, "rho_curated/additive_GE/nonlin_additive_pairwise": 0.3026688297839067, "rho_random/additive_GE/nonlin_additive_pairwise": 0.8004855297068589, "rho_curated/pairwise_GE/nonlin_additive_pairwise": 0.3420805478104337, "rho_random/pairwise_GE/nonlin_additive_pairwise": 0.754987072380687, "rho_curated_mean": 0.8005146802031254, "rho_random_mean": 0.9174812647655616, "_wandb": {"runtime": 573}}