{"potts/n_edges": 280, "potts/edge_density": 0.9333333333333333, "potts/J_mean_abs": 0.6783027052879333, "potts/J_std": 0.6147998571395874, "_timestamp": 1773354155.3945832, "_runtime": 531.3804252147675, "_step": 21, "gt_scores/additive/std": 1.4607008917297066, "gt_scores/additive/min": -10.880603790283203, "gt_scores/additive/pct5": -7.648485493659973, "gt_scores/additive_pairwise/std": 23.12343508843431, "gt_scores/additive_pairwise/min": -172.42662048339844, "gt_scores/additive_pairwise/pct5": -105.71103477478027, "gt_scores/nonlin_additive/std": 0.1329364744996366, "gt_scores/nonlin_additive/min": -0.8491222741790089, "gt_scores/nonlin_additive/pct5": -0.8226467537292117, "gt_scores/nonlin_additive_pairwise/std": 0.0009963699352925387, "gt_scores/nonlin_additive_pairwise/min": -0.8524745773399738, "gt_scores/nonlin_additive_pairwise/pct5": -0.8524745773399738, "rho_curated/additive/additive": 0.9999978021759117, "rho_random/additive/additive": 0.999992741933441, "rho_curated/pairwise/additive": 0.9997396093975718, "rho_random/pairwise/additive": 0.9995888657698855, "rho_curated/additive_GE/additive": 0.9999503139500078, "rho_random/additive_GE/additive": 0.9998803817267657, "rho_curated/pairwise_GE/additive": 0.9806840490099713, "rho_random/pairwise_GE/additive": 0.9632239212301419, "rho_curated/additive/additive_pairwise": 0.9850271062490842, "rho_random/additive/additive_pairwise": 0.9784553289188466, "rho_curated/pairwise/additive_pairwise": 0.9994519344180641, "rho_random/pairwise/additive_pairwise": 0.9991324831324832, "rho_curated/additive_GE/additive_pairwise": 0.9848776869943815, "rho_random/additive_GE/additive_pairwise": 0.979788969729286, "rho_curated/pairwise_GE/additive_pairwise": 0.9768315996481518, "rho_random/pairwise_GE/additive_pairwise": 0.9654884989036799, "rho_curated/additive/nonlin_additive": 0.996817516064395, "rho_random/additive/nonlin_additive": 0.9968632938965445, "rho_curated/pairwise/nonlin_additive": 0.9940415218492319, "rho_random/pairwise/nonlin_additive": 0.9877409424335296, "rho_curated/additive_GE/nonlin_additive": 0.9999761719350455, "rho_random/additive_GE/nonlin_additive": 0.9999702715688443, "rho_curated/pairwise_GE/nonlin_additive": 0.9904799981705144, "rho_random/pairwise_GE/nonlin_additive": 0.9894140043697606, "rho_curated/additive/nonlin_additive_pairwise": 0.33983555913709995, "rho_random/additive/nonlin_additive_pairwise": 0.27305071329248465, "rho_curated/pairwise/nonlin_additive_pairwise": 0.2898064283899177, "rho_random/pairwise/nonlin_additive_pairwise": 0.2721262811351737, "rho_curated/additive_GE/nonlin_additive_pairwise": 0.13316771869921626, "rho_random/additive_GE/nonlin_additive_pairwise": 0.17789874520458712, "rho_curated/pairwise_GE/nonlin_additive_pairwise": 0.23970321713835066, "rho_random/pairwise_GE/nonlin_additive_pairwise": 0.21982222294856316, "rho_curated_mean": 0.8068992645766822, "rho_random_mean": 0.800152354137126, "_wandb": {"runtime": 530}}