{"potts/n_edges": 2739, "potts/edge_density": 0.8667721518987341, "potts/J_mean_abs": 1.9463030099868774, "potts/J_std": 1.5204246044158936, "_timestamp": 1773670786.1060789, "_runtime": 563.1159029006958, "_step": 21, "gt_scores/additive/std": 1.3814914085051473, "gt_scores/additive/min": -9.466797828674316, "gt_scores/additive/pct5": -6.490896606445313, "gt_scores/additive_pairwise/std": 81.3318181450196, "gt_scores/additive_pairwise/min": -756.8297729492188, "gt_scores/additive_pairwise/pct5": -314.8483688354492, "gt_scores/nonlin_additive/std": 0.14876511773902834, "gt_scores/nonlin_additive/min": -0.8068553432424589, "gt_scores/nonlin_additive/pct5": -0.7736731425807715, "gt_scores/nonlin_additive_pairwise/std": 0.001465997102725989, "gt_scores/nonlin_additive_pairwise/min": -0.8113804096118155, "gt_scores/nonlin_additive_pairwise/pct5": -0.8113804096118155, "rho_curated/additive/additive": 0.9999933547597336, "rho_random/additive/additive": 0.9999853133408803, "rho_curated/pairwise/additive": 0.9992449272817606, "rho_random/pairwise/additive": 0.9992242612300308, "rho_curated/additive_GE/additive": 0.9999595100303784, "rho_random/additive_GE/additive": 0.9999134730423161, "rho_curated/pairwise_GE/additive": 0.9965249357247473, "rho_random/pairwise_GE/additive": 0.9951837703851124, "rho_curated/additive/additive_pairwise": 0.9861436151890792, "rho_random/additive/additive_pairwise": 0.9788349477127437, "rho_curated/pairwise/additive_pairwise": 0.9802351605279833, "rho_random/pairwise/additive_pairwise": 0.9717619363272451, "rho_curated/additive_GE/additive_pairwise": 0.9870867964825422, "rho_random/additive_GE/additive_pairwise": 0.9798710897558546, "rho_curated/pairwise_GE/additive_pairwise": 0.9802366016075666, "rho_random/pairwise_GE/additive_pairwise": 0.9667958118731441, "rho_curated/additive/nonlin_additive": 0.9939729875183407, "rho_random/additive/nonlin_additive": 0.9942434532487338, "rho_curated/pairwise/nonlin_additive": 0.9926275905925729, "rho_random/pairwise/nonlin_additive": 0.9913194929211424, "rho_curated/additive_GE/nonlin_additive": 0.9999611233824421, "rho_random/additive_GE/nonlin_additive": 0.9999432664148052, "rho_curated/pairwise_GE/nonlin_additive": 0.9952945264033292, "rho_random/pairwise_GE/nonlin_additive": 0.9958152143265051, "rho_curated/additive/nonlin_additive_pairwise": NaN, "rho_random/additive/nonlin_additive_pairwise": 0.10954781948621549, "rho_curated/pairwise/nonlin_additive_pairwise": NaN, "rho_random/pairwise/nonlin_additive_pairwise": 0.10817926603856724, "rho_curated/additive_GE/nonlin_additive_pairwise": NaN, "rho_random/additive_GE/nonlin_additive_pairwise": 0.025272123203308138, "rho_curated/pairwise_GE/nonlin_additive_pairwise": NaN, "rho_random/pairwise_GE/nonlin_additive_pairwise": 0.08597791878721826, "rho_curated_mean": 0.9926067607917064, "rho_random_mean": 0.7626168223808639, "_wandb": {"runtime": 562}}