{"potts/n_edges": 64, "potts/edge_density": 0.6095238095238096, "potts/J_mean_abs": 2.90031099319458, "potts/J_std": 2.2981300354003906, "_timestamp": 1773614169.2285419, "_runtime": 543.4674417972565, "_step": 21, "gt_scores/additive/std": 0.9354941049529601, "gt_scores/additive/min": -6.730696678161621, "gt_scores/additive/pct5": -5.088986277580261, "gt_scores/additive_pairwise/std": 27.093030493250293, "gt_scores/additive_pairwise/min": -240.70587158203125, "gt_scores/additive_pairwise/pct5": -199.3548324584961, "gt_scores/nonlin_additive/std": 0.12695859792178035, "gt_scores/nonlin_additive/min": -0.8594803927815321, "gt_scores/nonlin_additive/pct5": -0.8373509757801759, "gt_scores/nonlin_additive_pairwise/std": 1.1102230246251565e-16, "gt_scores/nonlin_additive_pairwise/min": -0.8642349522941661, "gt_scores/nonlin_additive_pairwise/pct5": -0.8642349522941661, "rho_curated/additive/additive": 0.999998114535924, "rho_random/additive/additive": 0.9999943549926986, "rho_curated/pairwise/additive": 0.9999771632790811, "rho_random/pairwise/additive": 0.9999499949051861, "rho_curated/additive_GE/additive": 0.999986430447454, "rho_random/additive_GE/additive": 0.9999665331710004, "rho_curated/pairwise_GE/additive": 0.9997137297884873, "rho_random/pairwise_GE/additive": 0.9994032945428641, "rho_curated/additive/additive_pairwise": 0.9241826228196655, "rho_random/additive/additive_pairwise": 0.8660254243736042, "rho_curated/pairwise/additive_pairwise": 0.9999686061987435, "rho_random/pairwise/additive_pairwise": 0.9999402882079121, "rho_curated/additive_GE/additive_pairwise": 0.9245635573407317, "rho_random/additive_GE/additive_pairwise": 0.8780855388642155, "rho_curated/pairwise_GE/additive_pairwise": 0.9995274230850516, "rho_random/pairwise_GE/additive_pairwise": 0.9994044031904995, "rho_curated/additive/nonlin_additive": 0.9959564582121234, "rho_random/additive/nonlin_additive": 0.9948903452550745, "rho_curated/pairwise/nonlin_additive": 0.9990704645543278, "rho_random/pairwise/nonlin_additive": 0.9973475670919479, "rho_curated/additive_GE/nonlin_additive": 0.9999847155993805, "rho_random/additive_GE/nonlin_additive": 0.9999845706200173, "rho_curated/pairwise_GE/nonlin_additive": 0.9996215201046518, "rho_random/pairwise_GE/nonlin_additive": 0.9995877160303364, "rho_curated/additive/nonlin_additive_pairwise": NaN, "rho_random/additive/nonlin_additive_pairwise": NaN, "rho_curated/pairwise/nonlin_additive_pairwise": NaN, "rho_random/pairwise/nonlin_additive_pairwise": NaN, "rho_curated/additive_GE/nonlin_additive_pairwise": NaN, "rho_random/additive_GE/nonlin_additive_pairwise": NaN, "rho_curated/pairwise_GE/nonlin_additive_pairwise": NaN, "rho_random/pairwise_GE/nonlin_additive_pairwise": NaN, "rho_curated_mean": 0.9868792338304685, "rho_random_mean": 0.9778816692704465, "_wandb": {"runtime": 543}}