{"potts/n_edges": 112, "potts/edge_density": 0.5894736842105263, "potts/J_mean_abs": 1.655552625656128, "potts/J_std": 2.191673755645752, "_timestamp": 1773471672.8614728, "_runtime": 572.9139068126678, "_step": 21, "gt_scores/additive/std": 0.9709342353751574, "gt_scores/additive/min": -6.149374485015869, "gt_scores/additive/pct5": -3.684435498714447, "gt_scores/additive_pairwise/std": 13.08941618101127, "gt_scores/additive_pairwise/min": -106.82124328613281, "gt_scores/additive_pairwise/pct5": -42.65055847167969, "gt_scores/nonlin_additive/std": 0.17405130517591352, "gt_scores/nonlin_additive/min": -0.7259990430309518, "gt_scores/nonlin_additive/pct5": -0.6732595410994268, "gt_scores/nonlin_additive_pairwise/std": 0.12144780678477479, "gt_scores/nonlin_additive_pairwise/min": -0.730796822826956, "gt_scores/nonlin_additive_pairwise/pct5": -0.730796822826956, "rho_curated/additive/additive": 0.9999980907518755, "rho_random/additive/additive": 0.9999940376079153, "rho_curated/pairwise/additive": 0.9999235200110028, "rho_random/pairwise/additive": 0.9998664631014863, "rho_curated/additive_GE/additive": 0.9999804621507231, "rho_random/additive_GE/additive": 0.9999558255619926, "rho_curated/pairwise_GE/additive": 0.993615458598962, "rho_random/pairwise_GE/additive": 0.9919202858167608, "rho_curated/additive/additive_pairwise": 0.8597001769236009, "rho_random/additive/additive_pairwise": 0.8771777676047173, "rho_curated/pairwise/additive_pairwise": 0.9998587346983088, "rho_random/pairwise/additive_pairwise": 0.9997043159925211, "rho_curated/additive_GE/additive_pairwise": 0.8316888877950821, "rho_random/additive_GE/additive_pairwise": 0.8855800930632659, "rho_curated/pairwise_GE/additive_pairwise": 0.9952579124086095, "rho_random/pairwise_GE/additive_pairwise": 0.993362381068822, "rho_curated/additive/nonlin_additive": 0.9987193123827757, "rho_random/additive/nonlin_additive": 0.998055638669458, "rho_curated/pairwise/nonlin_additive": 0.9989231882136143, "rho_random/pairwise/nonlin_additive": 0.9982730125472226, "rho_curated/additive_GE/nonlin_additive": 0.9999927789269166, "rho_random/additive_GE/nonlin_additive": 0.999987650648695, "rho_curated/pairwise_GE/nonlin_additive": 0.9981457132803646, "rho_random/pairwise_GE/nonlin_additive": 0.997288029350382, "rho_curated/additive/nonlin_additive_pairwise": 0.5646754711699054, "rho_random/additive/nonlin_additive_pairwise": 0.8243940131108537, "rho_curated/pairwise/nonlin_additive_pairwise": 0.5874946264452499, "rho_random/pairwise/nonlin_additive_pairwise": 0.713170669352677, "rho_curated/additive_GE/nonlin_additive_pairwise": 0.5535474103000297, "rho_random/additive_GE/nonlin_additive_pairwise": 0.8448547132042902, "rho_curated/pairwise_GE/nonlin_additive_pairwise": 0.6107855453151289, "rho_random/pairwise_GE/nonlin_additive_pairwise": 0.8543963887815389, "rho_curated_mean": 0.8745192055857594, "rho_random_mean": 0.9361238303426624, "_wandb": {"runtime": 572}}