{"potts/n_edges": 58, "potts/edge_density": 0.5523809523809524, "potts/J_mean_abs": 2.9159278869628906, "potts/J_std": 2.1848061084747314, "_timestamp": 1773349202.7879658, "_runtime": 484.8649628162384, "_step": 21, "gt_scores/additive/std": 0.9557475539592777, "gt_scores/additive/min": -7.033940315246582, "gt_scores/additive/pct5": -5.159853672981262, "gt_scores/additive_pairwise/std": 21.664639333401272, "gt_scores/additive_pairwise/min": -172.94895935058594, "gt_scores/additive_pairwise/pct5": -146.51623153686523, "gt_scores/nonlin_additive/std": 0.1307311439252841, "gt_scores/nonlin_additive/min": -0.8613129322410867, "gt_scores/nonlin_additive/pct5": -0.8371371284084792, "gt_scores/nonlin_additive_pairwise/std": 1.111110848057422e-16, "gt_scores/nonlin_additive_pairwise/min": -0.8653877661321029, "gt_scores/nonlin_additive_pairwise/pct5": -0.8653877661321029, "rho_curated/additive/additive": 0.9999981585279264, "rho_random/additive/additive": 0.9999943153101472, "rho_curated/pairwise/additive": 0.9999755356710196, "rho_random/pairwise/additive": 0.9999472682622503, "rho_curated/additive_GE/additive": 0.9999768135750698, "rho_random/additive_GE/additive": 0.9999487243373434, "rho_curated/pairwise_GE/additive": 0.9996777200190935, "rho_random/pairwise_GE/additive": 0.9994106168048149, "rho_curated/additive/additive_pairwise": 0.9032838979290349, "rho_random/additive/additive_pairwise": 0.8532616809164412, "rho_curated/pairwise/additive_pairwise": 0.9999693005667714, "rho_random/pairwise/additive_pairwise": 0.9999438133828754, "rho_curated/additive_GE/additive_pairwise": 0.9021986628305577, "rho_random/additive_GE/additive_pairwise": 0.8665776359640186, "rho_curated/pairwise_GE/additive_pairwise": 0.9954935484273094, "rho_random/pairwise_GE/additive_pairwise": 0.99228667141242, "rho_curated/additive/nonlin_additive": 0.9967798544703442, "rho_random/additive/nonlin_additive": 0.9976977158333936, "rho_curated/pairwise/nonlin_additive": 0.9991762107669298, "rho_random/pairwise/nonlin_additive": 0.9973888706535956, "rho_curated/additive_GE/nonlin_additive": 0.9999917650956689, "rho_random/additive_GE/nonlin_additive": 0.9999901776697999, "rho_curated/pairwise_GE/nonlin_additive": 0.999587037215422, "rho_random/pairwise_GE/nonlin_additive": 0.9996193303528038, "rho_curated/additive/nonlin_additive_pairwise": NaN, "rho_random/additive/nonlin_additive_pairwise": NaN, "rho_curated/pairwise/nonlin_additive_pairwise": NaN, "rho_random/pairwise/nonlin_additive_pairwise": NaN, "rho_curated/additive_GE/nonlin_additive_pairwise": NaN, "rho_random/additive_GE/nonlin_additive_pairwise": NaN, "rho_curated/pairwise_GE/nonlin_additive_pairwise": NaN, "rho_random/pairwise_GE/nonlin_additive_pairwise": NaN, "rho_curated_mean": 0.9830090420912622, "rho_random_mean": 0.9755055684083253, "_wandb": {"runtime": 484}}