{"potts/n_edges": 249, "potts/edge_density": 0.83, "potts/J_mean_abs": 4.726861476898193, "potts/J_std": 4.1630473136901855, "_timestamp": 1773540223.3375256, "_runtime": 408.6986255645752, "_step": 21, "gt_scores/additive/std": 1.1398200883094438, "gt_scores/additive/min": -9.020009994506836, "gt_scores/additive/pct5": -6.03385751247406, "gt_scores/additive_pairwise/std": 134.60409784807848, "gt_scores/additive_pairwise/min": -1002.77294921875, "gt_scores/additive_pairwise/pct5": -601.2853424072266, "gt_scores/nonlin_additive/std": 0.13291535666614748, "gt_scores/nonlin_additive/min": -0.8512857583768847, "gt_scores/nonlin_additive/pct5": -0.8249976913530378, "gt_scores/nonlin_additive_pairwise/std": 9.15343438460069e-13, "gt_scores/nonlin_additive_pairwise/min": -0.853410595172368, "gt_scores/nonlin_additive_pairwise/pct5": -0.853410595172368, "rho_curated/additive/additive": 0.9999976885599076, "rho_random/additive/additive": 0.9999917376438591, "rho_curated/pairwise/additive": 0.9997039239881429, "rho_random/pairwise/additive": 0.999405673592787, "rho_curated/additive_GE/additive": 0.9999377101815039, "rho_random/additive_GE/additive": 0.9998622158803232, "rho_curated/pairwise_GE/additive": 0.9871799536862751, "rho_random/pairwise_GE/additive": 0.9796207491488638, "rho_curated/additive/additive_pairwise": 0.9813226396924573, "rho_random/additive/additive_pairwise": 0.9706792351182648, "rho_curated/pairwise/additive_pairwise": 0.9994226125849044, "rho_random/pairwise/additive_pairwise": 0.9989536553424412, "rho_curated/additive_GE/additive_pairwise": 0.9816436466888646, "rho_random/additive_GE/additive_pairwise": 0.9719197425901445, "rho_curated/pairwise_GE/additive_pairwise": 0.9788013892875468, "rho_random/pairwise_GE/additive_pairwise": 0.9678497054329036, "rho_curated/additive/nonlin_additive": 0.9965327249250593, "rho_random/additive/nonlin_additive": 0.9967234922742142, "rho_curated/pairwise/nonlin_additive": 0.994560710054167, "rho_random/pairwise/nonlin_additive": 0.9864093477534924, "rho_curated/additive_GE/nonlin_additive": 0.9999869053354746, "rho_random/additive_GE/nonlin_additive": 0.9999826581085176, "rho_curated/pairwise_GE/nonlin_additive": 0.9886403327450679, "rho_random/pairwise_GE/nonlin_additive": 0.9855078955838483, "rho_curated/additive/nonlin_additive_pairwise": NaN, "rho_random/additive/nonlin_additive_pairwise": NaN, "rho_curated/pairwise/nonlin_additive_pairwise": NaN, "rho_random/pairwise/nonlin_additive_pairwise": NaN, "rho_curated/additive_GE/nonlin_additive_pairwise": NaN, "rho_random/additive_GE/nonlin_additive_pairwise": NaN, "rho_curated/pairwise_GE/nonlin_additive_pairwise": NaN, "rho_random/pairwise_GE/nonlin_additive_pairwise": NaN, "rho_curated_mean": 0.9923108531441142, "rho_random_mean": 0.9880755090391383, "_wandb": {"runtime": 408}}