{"potts/n_edges": 373, "potts/edge_density": 0.4548780487804878, "potts/J_mean_abs": 1.910940170288086, "potts/J_std": 2.8137683868408203, "_timestamp": 1773549769.9490771, "_runtime": 441.9510462284088, "_step": 21, "gt_scores/additive/std": 0.5761665892439098, "gt_scores/additive/min": -3.6746580600738525, "gt_scores/additive/pct5": -1.7371988594532013, "gt_scores/additive_pairwise/std": 3.705866056189205, "gt_scores/additive_pairwise/min": -62.951751708984375, "gt_scores/additive_pairwise/pct5": -8.429564285278321, "gt_scores/nonlin_additive/std": 0.1837893057425889, "gt_scores/nonlin_additive/min": -0.6249823312498186, "gt_scores/nonlin_additive/pct5": -0.5514289031383234, "gt_scores/nonlin_additive_pairwise/std": 0.24250730807376253, "gt_scores/nonlin_additive_pairwise/min": -0.6278402262052903, "gt_scores/nonlin_additive_pairwise/pct5": -0.6278394793993602, "rho_curated/additive/additive": 0.9999945223047487, "rho_random/additive/additive": 0.9999643777616268, "rho_curated/pairwise/additive": 0.9992628415292001, "rho_random/pairwise/additive": 0.9995612098257208, "rho_curated/additive_GE/additive": 0.9997795021517066, "rho_random/additive_GE/additive": 0.9996612763688361, "rho_curated/pairwise_GE/additive": 0.9929043909897964, "rho_random/pairwise_GE/additive": 0.9924352726789617, "rho_curated/additive/additive_pairwise": 0.5475149101053162, "rho_random/additive/additive_pairwise": 0.6864278247521803, "rho_curated/pairwise/additive_pairwise": 0.6028027553639196, "rho_random/pairwise/additive_pairwise": 0.6960178475736959, "rho_curated/additive_GE/additive_pairwise": 0.5105458660364202, "rho_random/additive_GE/additive_pairwise": 0.7179146823159485, "rho_curated/pairwise_GE/additive_pairwise": 0.6024433579048752, "rho_random/pairwise_GE/additive_pairwise": 0.7069601233534292, "rho_curated/additive/nonlin_additive": 0.9926519844052321, "rho_random/additive/nonlin_additive": 0.9915111790036942, "rho_curated/pairwise/nonlin_additive": 0.993632032806369, "rho_random/pairwise/nonlin_additive": 0.9916183850588314, "rho_curated/additive_GE/nonlin_additive": 0.9963819965508747, "rho_random/additive_GE/nonlin_additive": 0.996146595351287, "rho_curated/pairwise_GE/nonlin_additive": 0.9958814617207529, "rho_random/pairwise_GE/nonlin_additive": 0.9929467564692777, "rho_curated/additive/nonlin_additive_pairwise": 0.769004726586584, "rho_random/additive/nonlin_additive_pairwise": 0.6909262169229412, "rho_curated/pairwise/nonlin_additive_pairwise": 0.7832019062807852, "rho_random/pairwise/nonlin_additive_pairwise": 0.7400974185594622, "rho_curated/additive_GE/nonlin_additive_pairwise": 0.7448735393643687, "rho_random/additive_GE/nonlin_additive_pairwise": 0.7363996998538321, "rho_curated/pairwise_GE/nonlin_additive_pairwise": 0.8229957892446088, "rho_random/pairwise_GE/nonlin_additive_pairwise": 0.7810704557269038, "rho_curated_mean": 0.8346169739590974, "rho_random_mean": 0.8574787075985393, "_wandb": {"runtime": 441}}