{"potts/n_edges": 162, "potts/edge_density": 0.8526315789473684, "potts/J_mean_abs": 4.368823051452637, "potts/J_std": 3.9588377475738525, "_timestamp": 1773668541.823101, "_runtime": 495.6236741542816, "_step": 21, "gt_scores/additive/std": 1.210202704410808, "gt_scores/additive/min": -8.911455154418945, "gt_scores/additive/pct5": -6.663809275627136, "gt_scores/additive_pairwise/std": 95.37814104057401, "gt_scores/additive_pairwise/min": -655.563720703125, "gt_scores/additive_pairwise/pct5": -464.8096633911133, "gt_scores/nonlin_additive/std": 0.125785236402486, "gt_scores/nonlin_additive/min": -0.8664681453126024, "gt_scores/nonlin_additive/pct5": -0.8440971430509998, "gt_scores/nonlin_additive_pairwise/std": 0.0, "gt_scores/nonlin_additive_pairwise/min": -0.8707194432537088, "gt_scores/nonlin_additive_pairwise/pct5": -0.8707194432537088, "rho_curated/additive/additive": 0.9999981951039277, "rho_random/additive/additive": 0.9999933159933161, "rho_curated/pairwise/additive": 0.9999384859815393, "rho_random/pairwise/additive": 0.999882257657413, "rho_curated/additive_GE/additive": 0.9999808121912324, "rho_random/additive_GE/additive": 0.9999568127558527, "rho_curated/pairwise_GE/additive": 0.9990590365462937, "rho_random/pairwise_GE/additive": 0.9984031491950663, "rho_curated/additive/additive_pairwise": 0.9716706922634283, "rho_random/additive/additive_pairwise": 0.9574078715887868, "rho_curated/pairwise/additive_pairwise": 0.9999331468453257, "rho_random/pairwise/additive_pairwise": 0.9998601699923079, "rho_curated/additive_GE/additive_pairwise": NaN, "rho_random/additive_GE/additive_pairwise": NaN, "rho_curated/pairwise_GE/additive_pairwise": 0.9989042038521418, "rho_random/pairwise_GE/additive_pairwise": 0.998427541334489, "rho_curated/additive/nonlin_additive": 0.9952642679944571, "rho_random/additive/nonlin_additive": 0.9958773479821521, "rho_curated/pairwise/nonlin_additive": 0.9980853828833234, "rho_random/pairwise/nonlin_additive": 0.992548913000942, "rho_curated/additive_GE/nonlin_additive": 0.9999897646715898, "rho_random/additive_GE/nonlin_additive": 0.9999866372536553, "rho_curated/pairwise_GE/nonlin_additive": 0.9975237689648914, "rho_random/pairwise_GE/nonlin_additive": 0.9976116976518827, "rho_curated/additive/nonlin_additive_pairwise": NaN, "rho_random/additive/nonlin_additive_pairwise": NaN, "rho_curated/pairwise/nonlin_additive_pairwise": NaN, "rho_random/pairwise/nonlin_additive_pairwise": NaN, "rho_curated/additive_GE/nonlin_additive_pairwise": NaN, "rho_random/additive_GE/nonlin_additive_pairwise": NaN, "rho_curated/pairwise_GE/nonlin_additive_pairwise": NaN, "rho_random/pairwise_GE/nonlin_additive_pairwise": NaN, "rho_curated_mean": 0.9963952506634682, "rho_random_mean": 0.9945414285823513, "_wandb": {"runtime": 495}}