{"potts/n_edges": 248, "potts/edge_density": 0.8266666666666667, "potts/J_mean_abs": 2.4710707664489746, "potts/J_std": 2.04225492477417, "_timestamp": 1773598804.645826, "_runtime": 538.2716021537781, "_step": 21, "gt_scores/additive/std": 1.4607008917297066, "gt_scores/additive/min": -10.880603790283203, "gt_scores/additive/pct5": -7.648485493659973, "gt_scores/additive_pairwise/std": 63.5914918474108, "gt_scores/additive_pairwise/min": -452.3021545410156, "gt_scores/additive_pairwise/pct5": -286.74740142822264, "gt_scores/nonlin_additive/std": 0.1329364744996366, "gt_scores/nonlin_additive/min": -0.8491222741790089, "gt_scores/nonlin_additive/pct5": -0.8226467537292117, "gt_scores/nonlin_additive_pairwise/std": 9.382996819820488e-08, "gt_scores/nonlin_additive_pairwise/min": -0.8524745773399738, "gt_scores/nonlin_additive_pairwise/pct5": -0.8524745773399738, "rho_curated/additive/additive": 0.9999978870399152, "rho_random/additive/additive": 0.9999939450977771, "rho_curated/pairwise/additive": 0.9997431219417001, "rho_random/pairwise/additive": 0.9994915942820358, "rho_curated/additive_GE/additive": 0.9999606544224233, "rho_random/additive_GE/additive": 0.9999125119187482, "rho_curated/pairwise_GE/additive": 0.978901426426538, "rho_random/pairwise_GE/additive": 0.9617511937277233, "rho_curated/additive/additive_pairwise": 0.9800467305938692, "rho_random/additive/additive_pairwise": 0.9702675597883185, "rho_curated/pairwise/additive_pairwise": 0.9994978369398893, "rho_random/pairwise/additive_pairwise": 0.9991603675452243, "rho_curated/additive_GE/additive_pairwise": 0.9801395313721513, "rho_random/additive_GE/additive_pairwise": 0.9713293403911415, "rho_curated/pairwise_GE/additive_pairwise": 0.9784909064591202, "rho_random/pairwise_GE/additive_pairwise": 0.9703131093163747, "rho_curated/additive/nonlin_additive": 0.9967991296158117, "rho_random/additive/nonlin_additive": 0.9969499102581894, "rho_curated/pairwise/nonlin_additive": 0.993748100813774, "rho_random/pairwise/nonlin_additive": 0.985281428840647, "rho_curated/additive_GE/nonlin_additive": 0.9999858569674339, "rho_random/additive_GE/nonlin_additive": 0.9999809173402515, "rho_curated/pairwise_GE/nonlin_additive": 0.9887711402863069, "rho_random/pairwise_GE/nonlin_additive": 0.9898523396492537, "rho_curated/additive/nonlin_additive_pairwise": NaN, "rho_random/additive/nonlin_additive_pairwise": NaN, "rho_curated/pairwise/nonlin_additive_pairwise": NaN, "rho_random/pairwise/nonlin_additive_pairwise": NaN, "rho_curated/additive_GE/nonlin_additive_pairwise": NaN, "rho_random/additive_GE/nonlin_additive_pairwise": NaN, "rho_curated/pairwise_GE/nonlin_additive_pairwise": NaN, "rho_random/pairwise_GE/nonlin_additive_pairwise": NaN, "rho_curated_mean": 0.9913401935732445, "rho_random_mean": 0.987023684846307, "_wandb": {"runtime": 537}}