{"potts/n_edges": 144, "potts/edge_density": 0.48, "potts/J_mean_abs": 3.9482576847076416, "potts/J_std": 3.232056140899658, "_timestamp": 1773500500.409758, "_runtime": 530.4744551181793, "_step": 21, "gt_scores/additive/std": 1.3248437107940993, "gt_scores/additive/min": -8.832763671875, "gt_scores/additive/pct5": -6.012066531181335, "gt_scores/additive_pairwise/std": 43.45153529639947, "gt_scores/additive_pairwise/min": -292.9806823730469, "gt_scores/additive_pairwise/pct5": -161.49754257202147, "gt_scores/nonlin_additive/std": 0.15375831462288475, "gt_scores/nonlin_additive/min": -0.7960807527928047, "gt_scores/nonlin_additive/pct5": -0.7598627144532697, "gt_scores/nonlin_additive_pairwise/std": 0.025467872829669013, "gt_scores/nonlin_additive_pairwise/min": -0.8011811168353298, "gt_scores/nonlin_additive_pairwise/pct5": -0.8011811168353298, "rho_curated/additive/additive": 0.9999978711039146, "rho_random/additive/additive": 0.9999922763924951, "rho_curated/pairwise/additive": 0.9996667146506446, "rho_random/pairwise/additive": 0.9994696585144186, "rho_curated/additive_GE/additive": 0.9999822307592879, "rho_random/additive_GE/additive": 0.9999570683426232, "rho_curated/pairwise_GE/additive": 0.9866661369220053, "rho_random/pairwise_GE/additive": 0.9797769859988339, "rho_curated/additive/additive_pairwise": 0.9511117385517763, "rho_random/additive/additive_pairwise": 0.9294631909941841, "rho_curated/pairwise/additive_pairwise": 0.9986842228673374, "rho_random/pairwise/additive_pairwise": 0.9978148149137545, "rho_curated/additive_GE/additive_pairwise": 0.9517330567481638, "rho_random/additive_GE/additive_pairwise": 0.9247780176651657, "rho_curated/pairwise_GE/additive_pairwise": 0.9801979755269687, "rho_random/pairwise_GE/additive_pairwise": 0.9716693007591211, "rho_curated/additive/nonlin_additive": 0.9979607093103307, "rho_random/additive/nonlin_additive": 0.9976324354745576, "rho_curated/pairwise/nonlin_additive": 0.9960095138401892, "rho_random/pairwise/nonlin_additive": 0.9920935231803567, "rho_curated/additive_GE/nonlin_additive": 0.9999862925914513, "rho_random/additive_GE/nonlin_additive": 0.9999792882119782, "rho_curated/pairwise_GE/nonlin_additive": 0.9925094901640202, "rho_random/pairwise_GE/nonlin_additive": 0.9883167672611366, "rho_curated/additive/nonlin_additive_pairwise": -0.01064764751482664, "rho_random/additive/nonlin_additive_pairwise": 0.2989893221450067, "rho_curated/pairwise/nonlin_additive_pairwise": -0.010303488516931624, "rho_random/pairwise/nonlin_additive_pairwise": 0.3360747843137342, "rho_curated/additive_GE/nonlin_additive_pairwise": -0.007007098481715318, "rho_random/additive_GE/nonlin_additive_pairwise": 0.43964856538785213, "rho_curated/pairwise_GE/nonlin_additive_pairwise": 0.022115349413765747, "rho_random/pairwise_GE/nonlin_additive_pairwise": 0.40812961392362235, "rho_curated_mean": 0.7405414417460239, "rho_random_mean": 0.8289866008424276, "_wandb": {"runtime": 530}}