{"potts/n_edges": 82, "potts/edge_density": 0.780952380952381, "potts/J_mean_abs": 3.483297824859619, "potts/J_std": 2.6997923851013184, "_timestamp": 1773630378.9439492, "_runtime": 516.7589461803436, "_step": 21, "gt_scores/additive/std": 0.9557475539592777, "gt_scores/additive/min": -7.033940315246582, "gt_scores/additive/pct5": -5.159853672981262, "gt_scores/additive_pairwise/std": 39.028606486641884, "gt_scores/additive_pairwise/min": -332.5731201171875, "gt_scores/additive_pairwise/pct5": -284.8329147338867, "gt_scores/nonlin_additive/std": 0.1307311439252841, "gt_scores/nonlin_additive/min": -0.8613129322410867, "gt_scores/nonlin_additive/pct5": -0.8371371284084792, "gt_scores/nonlin_additive_pairwise/std": 1.1102230246251565e-16, "gt_scores/nonlin_additive_pairwise/min": -0.8653877661321029, "gt_scores/nonlin_additive_pairwise/pct5": -0.8653877661321029, "rho_curated/additive/additive": 0.9999979468959179, "rho_random/additive/additive": 0.9999931482278409, "rho_curated/pairwise/additive": 0.9999767210790672, "rho_random/pairwise/additive": 0.9999425525531842, "rho_curated/additive_GE/additive": 0.9999916501596654, "rho_random/additive_GE/additive": 0.9999797361201758, "rho_curated/pairwise_GE/additive": 0.9997079914362846, "rho_random/pairwise_GE/additive": 0.9995180019779598, "rho_curated/additive/additive_pairwise": 0.9331765170678346, "rho_random/additive/additive_pairwise": 0.8921869173569882, "rho_curated/pairwise/additive_pairwise": 0.9999665955266598, "rho_random/pairwise/additive_pairwise": 0.9999491825203287, "rho_curated/additive_GE/additive_pairwise": 0.9328846017953302, "rho_random/additive_GE/additive_pairwise": 0.9084285246609841, "rho_curated/pairwise_GE/additive_pairwise": 0.9995143005325137, "rho_random/pairwise_GE/additive_pairwise": 0.9993513179137352, "rho_curated/additive/nonlin_additive": 0.996421911304447, "rho_random/additive/nonlin_additive": 0.9973106885904754, "rho_curated/pairwise/nonlin_additive": 0.9992307845131577, "rho_random/pairwise/nonlin_additive": 0.996125492469897, "rho_curated/additive_GE/nonlin_additive": 0.9999923439036932, "rho_random/additive_GE/nonlin_additive": 0.999988702331111, "rho_curated/pairwise_GE/nonlin_additive": 0.9995729292948559, "rho_random/pairwise_GE/nonlin_additive": 0.9996390778428577, "rho_curated/additive/nonlin_additive_pairwise": NaN, "rho_random/additive/nonlin_additive_pairwise": NaN, "rho_curated/pairwise/nonlin_additive_pairwise": NaN, "rho_random/pairwise/nonlin_additive_pairwise": NaN, "rho_curated/additive_GE/nonlin_additive_pairwise": NaN, "rho_random/additive_GE/nonlin_additive_pairwise": NaN, "rho_curated/pairwise_GE/nonlin_additive_pairwise": NaN, "rho_random/pairwise_GE/nonlin_additive_pairwise": NaN, "rho_curated_mean": 0.988369524459119, "rho_random_mean": 0.9827011118804615, "_wandb": {"runtime": 516}}