{"potts/n_edges": 69, "potts/edge_density": 0.6571428571428571, "potts/J_mean_abs": 4.274139881134033, "potts/J_std": 3.3765997886657715, "_timestamp": 1773707836.5922332, "_runtime": 691.9777772426605, "_step": 21, "gt_scores/additive/std": 0.8585679836310052, "gt_scores/additive/min": -5.308662414550781, "gt_scores/additive/pct5": -3.522884654998779, "gt_scores/additive_pairwise/std": 37.65384902630507, "gt_scores/additive_pairwise/min": -266.3939514160156, "gt_scores/additive_pairwise/pct5": -138.40701446533203, "gt_scores/nonlin_additive/std": 0.1653544469639066, "gt_scores/nonlin_additive/min": -0.7544436006595712, "gt_scores/nonlin_additive/pct5": -0.711007353530966, "gt_scores/nonlin_additive_pairwise/std": 0.031103323461987492, "gt_scores/nonlin_additive_pairwise/min": -0.7609713320242051, "gt_scores/nonlin_additive_pairwise/pct5": -0.7609713320242051, "rho_curated/additive/additive": 0.9999975888398965, "rho_random/additive/additive": 0.9999913647719036, "rho_curated/pairwise/additive": 0.999977439399034, "rho_random/pairwise/additive": 0.999952662670719, "rho_curated/additive_GE/additive": 0.9999873318394574, "rho_random/additive_GE/additive": 0.9999716699380452, "rho_curated/pairwise_GE/additive": 0.9994146244949411, "rho_random/pairwise_GE/additive": 0.9991072987997147, "rho_curated/additive/additive_pairwise": 0.9577795704301696, "rho_random/additive/additive_pairwise": 0.9282551021889254, "rho_curated/pairwise/additive_pairwise": 0.9999678107667107, "rho_random/pairwise/additive_pairwise": 0.999925667955972, "rho_curated/additive_GE/additive_pairwise": 0.957934167828357, "rho_random/additive_GE/additive_pairwise": 0.9309716297106208, "rho_curated/pairwise_GE/additive_pairwise": 0.9994682754667309, "rho_random/pairwise_GE/additive_pairwise": 0.9992259550887835, "rho_curated/additive/nonlin_additive": 0.9977891637704778, "rho_random/additive/nonlin_additive": 0.9964867900521662, "rho_curated/pairwise/nonlin_additive": 0.9996022285134544, "rho_random/pairwise/nonlin_additive": 0.9992650211548988, "rho_curated/additive_GE/nonlin_additive": 0.9999898640074252, "rho_random/additive_GE/nonlin_additive": 0.9999855774076288, "rho_curated/pairwise_GE/nonlin_additive": 0.9998557516638242, "rho_random/pairwise_GE/nonlin_additive": 0.9997891943859202, "rho_curated/additive/nonlin_additive_pairwise": 0.11365136513651364, "rho_random/additive/nonlin_additive_pairwise": 0.25495069607259296, "rho_curated/pairwise/nonlin_additive_pairwise": -0.015757575757575755, "rho_random/pairwise/nonlin_additive_pairwise": 0.3103447477954348, "rho_curated/additive_GE/nonlin_additive_pairwise": NaN, "rho_random/additive_GE/nonlin_additive_pairwise": NaN, "rho_curated/pairwise_GE/nonlin_additive_pairwise": 0.21111311131113109, "rho_random/pairwise_GE/nonlin_additive_pairwise": 0.3219060730413751, "rho_curated_mean": 0.8147180478473698, "rho_random_mean": 0.8493419634023135, "_wandb": {"runtime": 691}}