{"potts/n_edges": 172, "potts/edge_density": 0.9052631578947369, "potts/J_mean_abs": 2.2254655361175537, "potts/J_std": 1.7879419326782227, "_timestamp": 1773639958.2986042, "_runtime": 549.961076259613, "_step": 21, "gt_scores/additive/std": 1.2097035595556864, "gt_scores/additive/min": -8.994394302368164, "gt_scores/additive/pct5": -6.638693571090698, "gt_scores/additive_pairwise/std": 51.63025688851428, "gt_scores/additive_pairwise/min": -370.7300109863281, "gt_scores/additive_pairwise/pct5": -254.91258544921874, "gt_scores/nonlin_additive/std": 0.12780147869164835, "gt_scores/nonlin_additive/min": -0.8633649983358815, "gt_scores/nonlin_additive/pct5": -0.8409005929909275, "gt_scores/nonlin_additive_pairwise/std": 1.6811312161719105e-11, "gt_scores/nonlin_additive_pairwise/min": -0.8672038070001775, "gt_scores/nonlin_additive_pairwise/pct5": -0.8672038070001775, "rho_curated/additive/additive": 0.9999976793199069, "rho_random/additive/additive": 0.9999927307361715, "rho_curated/pairwise/additive": 0.9999489735979539, "rho_random/pairwise/additive": 0.9998848730930302, "rho_curated/additive_GE/additive": 0.9999714861988575, "rho_random/additive_GE/additive": 0.9999290602170146, "rho_curated/pairwise_GE/additive": 0.9990287486650565, "rho_random/pairwise_GE/additive": 0.9982143040564527, "rho_curated/additive/additive_pairwise": 0.9794097362238953, "rho_random/additive/additive_pairwise": 0.9633415329198334, "rho_curated/pairwise/additive_pairwise": 0.9999382569015288, "rho_random/pairwise/additive_pairwise": 0.9998678506654773, "rho_curated/additive_GE/additive_pairwise": 0.9794743222904803, "rho_random/additive_GE/additive_pairwise": 0.9685209109222107, "rho_curated/pairwise_GE/additive_pairwise": 0.9986925536996081, "rho_random/pairwise_GE/additive_pairwise": 0.9978476718375796, "rho_curated/additive/nonlin_additive": 0.9967636034222332, "rho_random/additive/nonlin_additive": 0.9971603864048384, "rho_curated/pairwise/nonlin_additive": 0.9980446807056932, "rho_random/pairwise/nonlin_additive": 0.9942673015795703, "rho_curated/additive_GE/nonlin_additive": 0.9999883494395326, "rho_random/additive_GE/nonlin_additive": 0.9999858901118476, "rho_curated/pairwise_GE/nonlin_additive": 0.9990831705392386, "rho_random/pairwise_GE/nonlin_additive": 0.9991396968061801, "rho_curated/additive/nonlin_additive_pairwise": NaN, "rho_random/additive/nonlin_additive_pairwise": NaN, "rho_curated/pairwise/nonlin_additive_pairwise": NaN, "rho_random/pairwise/nonlin_additive_pairwise": NaN, "rho_curated/additive_GE/nonlin_additive_pairwise": NaN, "rho_random/additive_GE/nonlin_additive_pairwise": NaN, "rho_curated/pairwise_GE/nonlin_additive_pairwise": NaN, "rho_random/pairwise_GE/nonlin_additive_pairwise": NaN, "rho_curated_mean": 0.995861796750332, "rho_random_mean": 0.993179350779184, "_wandb": {"runtime": 549}}