{"potts/n_edges": 574, "potts/edge_density": 0.7, "potts/J_mean_abs": 3.2898716926574707, "potts/J_std": 3.046664237976074, "_timestamp": 1773654664.8828773, "_runtime": 506.5810432434082, "_step": 21, "gt_scores/additive/std": 1.4141204252484063, "gt_scores/additive/min": -10.380922317504883, "gt_scores/additive/pct5": -6.623820447921753, "gt_scores/additive_pairwise/std": 99.12531252153697, "gt_scores/additive_pairwise/min": -746.6214599609375, "gt_scores/additive_pairwise/pct5": -402.30570831298826, "gt_scores/nonlin_additive/std": 0.14875548528076443, "gt_scores/nonlin_additive/min": -0.8106068374500198, "gt_scores/nonlin_additive/pct5": -0.7746956196886492, "gt_scores/nonlin_additive_pairwise/std": 0.0006128387439233354, "gt_scores/nonlin_additive_pairwise/min": -0.8134260444472015, "gt_scores/nonlin_additive_pairwise/pct5": -0.8134260444472015, "rho_curated/additive/additive": 0.9999967830398712, "rho_random/additive/additive": 0.9999903774592741, "rho_curated/pairwise/additive": 0.9988960224918144, "rho_random/pairwise/additive": 0.9983574216647835, "rho_curated/additive_GE/additive": 0.9999711123268438, "rho_random/additive_GE/additive": 0.9999356901924776, "rho_curated/pairwise_GE/additive": 0.9727072455149796, "rho_random/pairwise_GE/additive": 0.9541688992569499, "rho_curated/additive/additive_pairwise": 0.9785949882232858, "rho_random/additive/additive_pairwise": 0.9643887861920559, "rho_curated/pairwise/additive_pairwise": 0.9785378396129985, "rho_random/pairwise/additive_pairwise": 0.964668281379958, "rho_curated/additive_GE/additive_pairwise": 0.9787194520117568, "rho_random/additive_GE/additive_pairwise": 0.9628810151750506, "rho_curated/pairwise_GE/additive_pairwise": 0.9426727608241589, "rho_random/pairwise_GE/additive_pairwise": 0.9356895748773687, "rho_curated/additive/nonlin_additive": 0.9960048311520017, "rho_random/additive/nonlin_additive": 0.9954245751965798, "rho_curated/pairwise/nonlin_additive": 0.9888083295595274, "rho_random/pairwise/nonlin_additive": 0.9829868378487963, "rho_curated/additive_GE/nonlin_additive": 0.9999832041273277, "rho_random/additive_GE/nonlin_additive": 0.9999773444047979, "rho_curated/pairwise_GE/nonlin_additive": 0.9837292331876074, "rho_random/pairwise_GE/nonlin_additive": 0.9808499235362443, "rho_curated/additive/nonlin_additive_pairwise": NaN, "rho_random/additive/nonlin_additive_pairwise": 0.07518552171691673, "rho_curated/pairwise/nonlin_additive_pairwise": NaN, "rho_random/pairwise/nonlin_additive_pairwise": 0.06811238171793876, "rho_curated/additive_GE/nonlin_additive_pairwise": NaN, "rho_random/additive_GE/nonlin_additive_pairwise": NaN, "rho_curated/pairwise_GE/nonlin_additive_pairwise": NaN, "rho_random/pairwise_GE/nonlin_additive_pairwise": 0.012092501093604819, "rho_curated_mean": 0.9848851501726811, "rho_random_mean": 0.7929806087808531, "_wandb": {"runtime": 506}}