{"potts/n_edges": 84, "potts/edge_density": 0.8, "potts/J_mean_abs": 3.9056859016418457, "potts/J_std": 3.2580416202545166, "_timestamp": 1773599475.3692722, "_runtime": 653.8932361602783, "_step": 21, "gt_scores/additive/std": 0.7478419753922801, "gt_scores/additive/min": -4.990938663482666, "gt_scores/additive/pct5": -3.301434588432312, "gt_scores/additive_pairwise/std": 50.67217855762955, "gt_scores/additive_pairwise/min": -313.87005615234375, "gt_scores/additive_pairwise/pct5": -216.3954719543457, "gt_scores/nonlin_additive/std": 0.15626632297714066, "gt_scores/nonlin_additive/min": -0.7844779057526228, "gt_scores/nonlin_additive/pct5": -0.7458549698064931, "gt_scores/nonlin_additive_pairwise/std": 5.409155475015039e-07, "gt_scores/nonlin_additive_pairwise/min": -0.7891859569495114, "gt_scores/nonlin_additive_pairwise/pct5": -0.7891859569495114, "rho_curated/additive/additive": 0.9999975105999002, "rho_random/additive/additive": 0.9999908002994276, "rho_curated/pairwise/additive": 0.9999774075030932, "rho_random/pairwise/additive": 0.9999459821308629, "rho_curated/additive_GE/additive": 0.9999792006871653, "rho_random/additive_GE/additive": 0.9999503265094062, "rho_curated/pairwise_GE/additive": 0.9997221783648538, "rho_random/pairwise_GE/additive": 0.9995155525706843, "rho_curated/additive/additive_pairwise": 0.9666439862409589, "rho_random/additive/additive_pairwise": 0.945770226976344, "rho_curated/pairwise/additive_pairwise": 0.9999751810470054, "rho_random/pairwise/additive_pairwise": 0.9999531134968607, "rho_curated/additive_GE/additive_pairwise": 0.9665507782516227, "rho_random/additive_GE/additive_pairwise": 0.9541082547624791, "rho_curated/pairwise_GE/additive_pairwise": 0.9993247028769395, "rho_random/pairwise_GE/additive_pairwise": 0.9990134624136987, "rho_curated/additive/nonlin_additive": 0.9985600060861929, "rho_random/additive/nonlin_additive": 0.9983497756199752, "rho_curated/pairwise/nonlin_additive": 0.9995734378548555, "rho_random/pairwise/nonlin_additive": 0.9992200210630201, "rho_curated/additive_GE/nonlin_additive": NaN, "rho_random/additive_GE/nonlin_additive": NaN, "rho_curated/pairwise_GE/nonlin_additive": 0.9998065057522323, "rho_random/pairwise_GE/nonlin_additive": 0.9997406156709775, "rho_curated/additive/nonlin_additive_pairwise": NaN, "rho_random/additive/nonlin_additive_pairwise": NaN, "rho_curated/pairwise/nonlin_additive_pairwise": NaN, "rho_random/pairwise/nonlin_additive_pairwise": 0.0701213580419779, "rho_curated/additive_GE/nonlin_additive_pairwise": NaN, "rho_random/additive_GE/nonlin_additive_pairwise": NaN, "rho_curated/pairwise_GE/nonlin_additive_pairwise": NaN, "rho_random/pairwise_GE/nonlin_additive_pairwise": NaN, "rho_curated_mean": 0.9936464450240746, "rho_random_mean": 0.9138066241296431, "_wandb": {"runtime": 653}}