{"potts/n_edges": 180, "potts/edge_density": 0.9473684210526315, "potts/J_mean_abs": 2.7572193145751953, "potts/J_std": 2.2373085021972656, "_timestamp": 1773654142.8120859, "_runtime": 525.2460429668427, "_step": 21, "gt_scores/additive/std": 1.426379881017352, "gt_scores/additive/min": -10.008467674255371, "gt_scores/additive/pct5": -7.166622185707093, "gt_scores/additive_pairwise/std": 74.7640744865529, "gt_scores/additive_pairwise/min": -524.0611572265625, "gt_scores/additive_pairwise/pct5": -371.1667770385742, "gt_scores/nonlin_additive/std": 0.13946177757028871, "gt_scores/nonlin_additive/min": -0.8313426784103302, "gt_scores/nonlin_additive/pct5": -0.8034810610065, "gt_scores/nonlin_additive_pairwise/std": 1.5903726850536855e-16, "gt_scores/nonlin_additive_pairwise/min": -0.8358896588447285, "gt_scores/nonlin_additive_pairwise/pct5": -0.8358896588447285, "rho_curated/additive/additive": 0.9999971380958856, "rho_random/additive/additive": 0.9999915224361413, "rho_curated/pairwise/additive": 0.9999435114377377, "rho_random/pairwise/additive": 0.9998815223555185, "rho_curated/additive_GE/additive": 0.9999843016233717, "rho_random/additive_GE/additive": 0.9999635865629061, "rho_curated/pairwise_GE/additive": 0.9990455527217533, "rho_random/pairwise_GE/additive": 0.9983276451361558, "rho_curated/additive/additive_pairwise": 0.9839415952532784, "rho_random/additive/additive_pairwise": 0.9735099448523973, "rho_curated/pairwise/additive_pairwise": 0.9999437779817485, "rho_random/pairwise/additive_pairwise": 0.9998795122164404, "rho_curated/additive_GE/additive_pairwise": 0.9843234789234344, "rho_random/additive_GE/additive_pairwise": 0.9747887499099506, "rho_curated/pairwise_GE/additive_pairwise": 0.9989836689113224, "rho_random/pairwise_GE/additive_pairwise": 0.9983715497888497, "rho_curated/additive/nonlin_additive": 0.9967510592938865, "rho_random/additive/nonlin_additive": 0.9961114954602607, "rho_curated/pairwise/nonlin_additive": 0.998392981103565, "rho_random/pairwise/nonlin_additive": 0.9958136038388634, "rho_curated/additive_GE/nonlin_additive": 0.9999905788236221, "rho_random/additive_GE/nonlin_additive": 0.999988264817924, "rho_curated/pairwise_GE/nonlin_additive": 0.9987819655832203, "rho_random/pairwise_GE/nonlin_additive": 0.9988153052996985, "rho_curated/additive/nonlin_additive_pairwise": NaN, "rho_random/additive/nonlin_additive_pairwise": NaN, "rho_curated/pairwise/nonlin_additive_pairwise": NaN, "rho_random/pairwise/nonlin_additive_pairwise": NaN, "rho_curated/additive_GE/nonlin_additive_pairwise": NaN, "rho_random/additive_GE/nonlin_additive_pairwise": NaN, "rho_curated/pairwise_GE/nonlin_additive_pairwise": NaN, "rho_random/pairwise_GE/nonlin_additive_pairwise": NaN, "rho_curated_mean": 0.9966733008127355, "rho_random_mean": 0.9946202252229255, "_wandb": {"runtime": 524}}