{"potts/n_edges": 87, "potts/edge_density": 0.8285714285714286, "potts/J_mean_abs": 2.552645206451416, "potts/J_std": 2.0638279914855957, "_timestamp": 1773710189.8256707, "_runtime": 533.6677207946777, "_step": 21, "gt_scores/additive/std": 0.9557475539592777, "gt_scores/additive/min": -7.033940315246582, "gt_scores/additive/pct5": -5.159853672981262, "gt_scores/additive_pairwise/std": 28.199477253422682, "gt_scores/additive_pairwise/min": -242.87399291992188, "gt_scores/additive_pairwise/pct5": -206.74286193847655, "gt_scores/nonlin_additive/std": 0.1307311439252841, "gt_scores/nonlin_additive/min": -0.8613129322410867, "gt_scores/nonlin_additive/pct5": -0.8371371284084792, "gt_scores/nonlin_additive_pairwise/std": 1.1102230246251565e-16, "gt_scores/nonlin_additive_pairwise/min": -0.8653877661321029, "gt_scores/nonlin_additive_pairwise/pct5": -0.8653877661321029, "rho_curated/additive/additive": 0.9999982462959297, "rho_random/additive/additive": 0.9999945726239896, "rho_curated/pairwise/additive": 0.9999763179510506, "rho_random/pairwise/additive": 0.9999412056023289, "rho_curated/additive_GE/additive": 0.9999823748072938, "rho_random/additive_GE/additive": 0.9999478759624786, "rho_curated/pairwise_GE/additive": 0.9997429993976955, "rho_random/pairwise_GE/additive": 0.9995637061186099, "rho_curated/additive/additive_pairwise": 0.9237352442700881, "rho_random/additive/additive_pairwise": 0.8809893662065349, "rho_curated/pairwise/additive_pairwise": 0.9999663611426504, "rho_random/pairwise/additive_pairwise": 0.9999384501451355, "rho_curated/additive_GE/additive_pairwise": 0.9239724947916012, "rho_random/additive_GE/additive_pairwise": 0.8744367661936666, "rho_curated/pairwise_GE/additive_pairwise": 0.9995695771427315, "rho_random/pairwise_GE/additive_pairwise": 0.9993688271209087, "rho_curated/additive/nonlin_additive": 0.9963035379956093, "rho_random/additive/nonlin_additive": 0.9965440559558175, "rho_curated/pairwise/nonlin_additive": 0.9992276223209566, "rho_random/pairwise/nonlin_additive": 0.9979531789470385, "rho_curated/additive_GE/nonlin_additive": 0.9999742123829624, "rho_random/additive_GE/nonlin_additive": 0.9999798308180768, "rho_curated/pairwise_GE/nonlin_additive": 0.9995746449349348, "rho_random/pairwise_GE/nonlin_additive": 0.999624128650527, "rho_curated/additive/nonlin_additive_pairwise": NaN, "rho_random/additive/nonlin_additive_pairwise": NaN, "rho_curated/pairwise/nonlin_additive_pairwise": NaN, "rho_random/pairwise/nonlin_additive_pairwise": NaN, "rho_curated/additive_GE/nonlin_additive_pairwise": NaN, "rho_random/additive_GE/nonlin_additive_pairwise": NaN, "rho_curated/pairwise_GE/nonlin_additive_pairwise": NaN, "rho_random/pairwise_GE/nonlin_additive_pairwise": NaN, "rho_curated_mean": 0.9868353027861253, "rho_random_mean": 0.9790234970287596, "_wandb": {"runtime": 533}}