{"potts/n_edges": 324, "potts/edge_density": 0.7448275862068966, "potts/J_mean_abs": 4.211239814758301, "potts/J_std": 3.3377599716186523, "_timestamp": 1773464965.086275, "_runtime": 397.5996069908142, "_step": 16, "gt_scores/additive/std": 1.3026329914510024, "gt_scores/additive/min": -9.520788192749023, "gt_scores/additive/pct5": -6.589263129234314, "gt_scores/additive_pairwise/std": 117.67496071056928, "gt_scores/additive_pairwise/min": -770.437744140625, "gt_scores/additive_pairwise/pct5": -505.7368865966797, "gt_scores/nonlin_additive/std": 0.13748413835948767, "gt_scores/nonlin_additive/min": -0.8383537187280119, "gt_scores/nonlin_additive/pct5": -0.8091688078450335, "gt_scores/nonlin_additive_pairwise/std": 1.0408015351976034e-07, "gt_scores/nonlin_additive_pairwise/min": -0.8419067452138076, "gt_scores/nonlin_additive_pairwise/pct5": -0.8419067452138076, "rho_curated/additive/additive": 0.9999972331118894, "rho_random/additive/additive": 0.9999930691252785, "rho_curated/pairwise/additive": 0.9992378268574947, "rho_random/pairwise/additive": 0.9987858468995913, "rho_curated/additive_GE/additive": 0.9999717075508672, "rho_random/additive_GE/additive": 0.999933881951869, "rho_curated/pairwise_GE/additive": 0.9673731174061416, "rho_random/pairwise_GE/additive": 0.9524823246525486, "rho_curated/additive/additive_pairwise": 0.9845016659956946, "rho_random/additive/additive_pairwise": 0.9718706368174405, "rho_curated/pairwise/additive_pairwise": 0.9928368268494729, "rho_random/pairwise/additive_pairwise": 0.9882166691392211, "rho_curated/additive_GE/additive_pairwise": 0.9845819117261663, "rho_random/additive_GE/additive_pairwise": 0.9706277538382255, "rho_curated/pairwise_GE/additive_pairwise": 0.9555829706073187, "rho_random/pairwise_GE/additive_pairwise": 0.933775262236184, "rho_curated/additive/nonlin_additive": 0.995756362214051, "rho_random/additive/nonlin_additive": 0.9955517560406968, "rho_curated/pairwise/nonlin_additive": 0.9886710274502974, "rho_random/pairwise/nonlin_additive": 0.9789019311630256, "rho_curated/additive_GE/nonlin_additive": 0.9999692116227662, "rho_random/additive_GE/nonlin_additive": 0.9999661162964001, "rho_curated/pairwise_GE/nonlin_additive": 0.9829212397244397, "rho_random/pairwise_GE/nonlin_additive": 0.9795338857560902, "_wandb": {"runtime": 397}}