{"potts/n_edges": 68, "potts/edge_density": 0.6476190476190476, "potts/J_mean_abs": 4.451134204864502, "potts/J_std": 3.7741048336029053, "_timestamp": 1773443944.2188654, "_runtime": 519.5838873386383, "_step": 21, "gt_scores/additive/std": 0.9557475539592777, "gt_scores/additive/min": -7.033940315246582, "gt_scores/additive/pct5": -5.159853672981262, "gt_scores/additive_pairwise/std": 47.829964121014065, "gt_scores/additive_pairwise/min": -419.2501525878906, "gt_scores/additive_pairwise/pct5": -339.39391326904297, "gt_scores/nonlin_additive/std": 0.1307311439252841, "gt_scores/nonlin_additive/min": -0.8613129322410867, "gt_scores/nonlin_additive/pct5": -0.8371371284084792, "gt_scores/nonlin_additive_pairwise/std": 1.1102230246251565e-16, "gt_scores/nonlin_additive_pairwise/min": -0.8653877661321029, "gt_scores/nonlin_additive_pairwise/pct5": -0.8653877661321029, "rho_curated/additive/additive": 0.9999980540319219, "rho_random/additive/additive": 0.9999923844697185, "rho_curated/pairwise/additive": 0.9999781507831237, "rho_random/pairwise/additive": 0.9999489308948226, "rho_curated/additive_GE/additive": 0.999985988799438, "rho_random/additive_GE/additive": 0.9999642505559445, "rho_curated/pairwise_GE/additive": 0.9996775916670725, "rho_random/pairwise_GE/additive": 0.9994131308339476, "rho_curated/additive/additive_pairwise": 0.9399219849642282, "rho_random/additive/additive_pairwise": 0.9035451887796454, "rho_curated/pairwise/additive_pairwise": 0.9999685979907389, "rho_random/pairwise/additive_pairwise": 0.9999330916488586, "rho_curated/additive_GE/additive_pairwise": 0.939016572586027, "rho_random/additive_GE/additive_pairwise": 0.8995013053518425, "rho_curated/pairwise_GE/additive_pairwise": 0.9995148405805123, "rho_random/pairwise_GE/additive_pairwise": 0.9992694473730553, "rho_curated/additive/nonlin_additive": 0.9965709679905096, "rho_random/additive/nonlin_additive": 0.9969309906157395, "rho_curated/pairwise/nonlin_additive": 0.9990481096818559, "rho_random/pairwise/nonlin_additive": 0.9976206339625253, "rho_curated/additive_GE/nonlin_additive": 0.9999920685756821, "rho_random/additive_GE/nonlin_additive": 0.999989665857504, "rho_curated/pairwise_GE/nonlin_additive": 0.9995825510152518, "rho_random/pairwise_GE/nonlin_additive": 0.9995942733492831, "rho_curated/additive/nonlin_additive_pairwise": NaN, "rho_random/additive/nonlin_additive_pairwise": NaN, "rho_curated/pairwise/nonlin_additive_pairwise": NaN, "rho_random/pairwise/nonlin_additive_pairwise": NaN, "rho_curated/additive_GE/nonlin_additive_pairwise": NaN, "rho_random/additive_GE/nonlin_additive_pairwise": NaN, "rho_curated/pairwise_GE/nonlin_additive_pairwise": NaN, "rho_random/pairwise_GE/nonlin_additive_pairwise": NaN, "rho_curated_mean": 0.9894379565555301, "rho_random_mean": 0.9829752744744072, "_wandb": {"runtime": 519}}