{"potts/n_edges": 175, "potts/edge_density": 0.9210526315789473, "potts/J_mean_abs": 3.6737945079803467, "potts/J_std": 2.8350725173950195, "_timestamp": 1773638341.5156448, "_runtime": 476.16180968284607, "_step": 21, "gt_scores/additive/std": 1.2097035595556864, "gt_scores/additive/min": -8.994394302368164, "gt_scores/additive/pct5": -6.638693571090698, "gt_scores/additive_pairwise/std": 97.43501691577018, "gt_scores/additive_pairwise/min": -701.2725219726562, "gt_scores/additive_pairwise/pct5": -484.5967559814453, "gt_scores/nonlin_additive/std": 0.12780147869164835, "gt_scores/nonlin_additive/min": -0.8633649983358815, "gt_scores/nonlin_additive/pct5": -0.8409005929909275, "gt_scores/nonlin_additive_pairwise/std": 1.1102230246251565e-16, "gt_scores/nonlin_additive_pairwise/min": -0.8672038070001775, "gt_scores/nonlin_additive_pairwise/pct5": -0.8672038070001775, "rho_curated/additive/additive": 0.9999975088479004, "rho_random/additive/additive": 0.9999921034549591, "rho_curated/pairwise/additive": 0.9999444497657768, "rho_random/pairwise/additive": 0.9998766974334176, "rho_curated/additive_GE/additive": 0.9999844862793791, "rho_random/additive_GE/additive": 0.9999610198599512, "rho_curated/pairwise_GE/additive": 0.9993981865838988, "rho_random/pairwise_GE/additive": 0.9989546510360574, "rho_curated/additive/additive_pairwise": 0.9855635851811576, "rho_random/additive/additive_pairwise": 0.9778065556733981, "rho_curated/pairwise/additive_pairwise": 0.999940860829629, "rho_random/pairwise/additive_pairwise": 0.9998578713145729, "rho_curated/additive_GE/additive_pairwise": 0.9855928659023316, "rho_random/additive_GE/additive_pairwise": 0.9776594193696926, "rho_curated/pairwise_GE/additive_pairwise": 0.989409836543631, "rho_random/pairwise_GE/additive_pairwise": 0.983385287389853, "rho_curated/additive/nonlin_additive": 0.996668829242753, "rho_random/additive/nonlin_additive": 0.9968920794968407, "rho_curated/pairwise/nonlin_additive": 0.9982199299847546, "rho_random/pairwise/nonlin_additive": 0.9942941110748004, "rho_curated/additive_GE/nonlin_additive": 0.9999888992315559, "rho_random/additive_GE/nonlin_additive": 0.9999852055906144, "rho_curated/pairwise_GE/nonlin_additive": 0.998848916297929, "rho_random/pairwise_GE/nonlin_additive": 0.9986284039550571, "rho_curated/additive/nonlin_additive_pairwise": NaN, "rho_random/additive/nonlin_additive_pairwise": NaN, "rho_curated/pairwise/nonlin_additive_pairwise": NaN, "rho_random/pairwise/nonlin_additive_pairwise": NaN, "rho_curated/additive_GE/nonlin_additive_pairwise": NaN, "rho_random/additive_GE/nonlin_additive_pairwise": NaN, "rho_curated/pairwise_GE/nonlin_additive_pairwise": NaN, "rho_random/pairwise_GE/nonlin_additive_pairwise": NaN, "rho_curated_mean": 0.9961298628908913, "rho_random_mean": 0.9939411171374345, "_wandb": {"runtime": 475}}