{"potts/n_edges": 369, "potts/edge_density": 0.8482758620689655, "potts/J_mean_abs": 3.7335314750671387, "potts/J_std": 3.0517330169677734, "_timestamp": 1773381945.6108298, "_runtime": 509.3416197299957, "_step": 21, "gt_scores/additive/std": 1.3026329914510024, "gt_scores/additive/min": -9.520788192749023, "gt_scores/additive/pct5": -6.589263129234314, "gt_scores/additive_pairwise/std": 108.93073850647284, "gt_scores/additive_pairwise/min": -769.6546020507812, "gt_scores/additive_pairwise/pct5": -472.6760345458984, "gt_scores/nonlin_additive/std": 0.13748413835948767, "gt_scores/nonlin_additive/min": -0.8383537187280119, "gt_scores/nonlin_additive/pct5": -0.8091688078450335, "gt_scores/nonlin_additive_pairwise/std": 1.2384170638889688e-07, "gt_scores/nonlin_additive_pairwise/min": -0.8419067452138076, "gt_scores/nonlin_additive_pairwise/pct5": -0.8419067452138076, "rho_curated/additive/additive": 0.9999971048078841, "rho_random/additive/additive": 0.9999902001392076, "rho_curated/pairwise/additive": 0.9992014579040198, "rho_random/pairwise/additive": 0.9987993767767951, "rho_curated/additive_GE/additive": 0.9999629752465171, "rho_random/additive_GE/additive": 0.9999190518033264, "rho_curated/pairwise_GE/additive": 0.9639086178577462, "rho_random/pairwise_GE/additive": 0.9385312297808026, "rho_curated/additive/additive_pairwise": 0.9832432173053265, "rho_random/additive/additive_pairwise": 0.9733200739526774, "rho_curated/pairwise/additive_pairwise": 0.9917010867318443, "rho_random/pairwise/additive_pairwise": 0.9843575550688541, "rho_curated/additive_GE/additive_pairwise": 0.9832370598642755, "rho_random/additive_GE/additive_pairwise": 0.9699384114491207, "rho_curated/pairwise_GE/additive_pairwise": 0.959450829144087, "rho_random/pairwise_GE/additive_pairwise": 0.9349074935572435, "rho_curated/additive/nonlin_additive": 0.9949683068941284, "rho_random/additive/nonlin_additive": 0.9951313286919475, "rho_curated/pairwise/nonlin_additive": 0.9881284614439989, "rho_random/pairwise/nonlin_additive": 0.9793683571750338, "rho_curated/additive_GE/nonlin_additive": 0.9999854643994175, "rho_random/additive_GE/nonlin_additive": 0.9999792610746967, "rho_curated/pairwise_GE/nonlin_additive": 0.980943867547468, "rho_random/pairwise_GE/nonlin_additive": 0.9745592776333039, "rho_curated/additive/nonlin_additive_pairwise": NaN, "rho_random/additive/nonlin_additive_pairwise": NaN, "rho_curated/pairwise/nonlin_additive_pairwise": NaN, "rho_random/pairwise/nonlin_additive_pairwise": NaN, "rho_curated/additive_GE/nonlin_additive_pairwise": NaN, "rho_random/additive_GE/nonlin_additive_pairwise": NaN, "rho_curated/pairwise_GE/nonlin_additive_pairwise": NaN, "rho_random/pairwise_GE/nonlin_additive_pairwise": NaN, "rho_curated_mean": 0.9870607040955593, "rho_random_mean": 0.9790668014252507, "_wandb": {"runtime": 508}}