{"potts/n_edges": 126, "potts/edge_density": 0.6631578947368421, "potts/J_mean_abs": 3.196457624435425, "potts/J_std": 2.83951997756958, "_timestamp": 1773410213.950101, "_runtime": 466.76108479499817, "_step": 21, "gt_scores/additive/std": 1.210202704410808, "gt_scores/additive/min": -8.911455154418945, "gt_scores/additive/pct5": -6.663809275627136, "gt_scores/additive_pairwise/std": 55.42938795793735, "gt_scores/additive_pairwise/min": -359.8590393066406, "gt_scores/additive_pairwise/pct5": -270.41522216796875, "gt_scores/nonlin_additive/std": 0.125785236402486, "gt_scores/nonlin_additive/min": -0.8664681453126024, "gt_scores/nonlin_additive/pct5": -0.8440971430509998, "gt_scores/nonlin_additive_pairwise/std": 1.8602940219220304e-11, "gt_scores/nonlin_additive_pairwise/min": -0.8707194432537088, "gt_scores/nonlin_additive_pairwise/pct5": -0.8707194432537088, "rho_curated/additive/additive": 0.9999979344399172, "rho_random/additive/additive": 0.9999939435115398, "rho_curated/pairwise/additive": 0.99994662990186, "rho_random/pairwise/additive": 0.9999009926944129, "rho_curated/additive_GE/additive": 0.9999814601672561, "rho_random/additive_GE/additive": 0.9999576838277159, "rho_curated/pairwise_GE/additive": 0.999224602040891, "rho_random/pairwise_GE/additive": 0.9987804919147604, "rho_curated/additive/additive_pairwise": 0.9660969646814376, "rho_random/additive/additive_pairwise": 0.9486458034950689, "rho_curated/pairwise/additive_pairwise": 0.9999351262454035, "rho_random/pairwise/additive_pairwise": 0.9998615352223221, "rho_curated/additive_GE/additive_pairwise": 0.9662013121520524, "rho_random/additive_GE/additive_pairwise": 0.9426084785113726, "rho_curated/pairwise_GE/additive_pairwise": 0.9905063963242559, "rho_random/pairwise_GE/additive_pairwise": 0.982731712316867, "rho_curated/additive/nonlin_additive": 0.9949731003426829, "rho_random/additive/nonlin_additive": 0.9962258790360142, "rho_curated/pairwise/nonlin_additive": 0.9979349983253505, "rho_random/pairwise/nonlin_additive": 0.9932530277099356, "rho_curated/additive_GE/nonlin_additive": 0.9999856906474273, "rho_random/additive_GE/nonlin_additive": 0.9999850663624009, "rho_curated/pairwise_GE/nonlin_additive": 0.9983526670299882, "rho_random/pairwise_GE/nonlin_additive": 0.9985418227456292, "rho_curated/additive/nonlin_additive_pairwise": NaN, "rho_random/additive/nonlin_additive_pairwise": NaN, "rho_curated/pairwise/nonlin_additive_pairwise": NaN, "rho_random/pairwise/nonlin_additive_pairwise": NaN, "rho_curated/additive_GE/nonlin_additive_pairwise": NaN, "rho_random/additive_GE/nonlin_additive_pairwise": NaN, "rho_curated/pairwise_GE/nonlin_additive_pairwise": NaN, "rho_random/pairwise_GE/nonlin_additive_pairwise": NaN, "rho_curated_mean": 0.9927614068582101, "rho_random_mean": 0.9883738697790032, "_wandb": {"runtime": 466}}