{"potts/n_edges": 764, "potts/edge_density": 0.9317073170731708, "potts/J_mean_abs": 2.445362091064453, "potts/J_std": 1.9474939107894897, "_timestamp": 1773579138.5699222, "_runtime": 519.4896352291107, "_step": 21, "gt_scores/additive/std": 1.0175808138093851, "gt_scores/additive/min": -6.929576873779297, "gt_scores/additive/pct5": -3.6183809638023376, "gt_scores/additive_pairwise/std": 29.149019122209936, "gt_scores/additive_pairwise/min": -254.10287475585938, "gt_scores/additive_pairwise/pct5": -91.12251663208008, "gt_scores/nonlin_additive/std": 0.17731058371697414, "gt_scores/nonlin_additive/min": -0.7023235454560188, "gt_scores/nonlin_additive/pct5": -0.6410799093596609, "gt_scores/nonlin_additive_pairwise/std": 0.10532263657276157, "gt_scores/nonlin_additive_pairwise/min": -0.7049516427214213, "gt_scores/nonlin_additive_pairwise/pct5": -0.7049516427214213, "rho_curated/additive/additive": 0.9999962232158132, "rho_random/additive/additive": 0.9999888980960353, "rho_curated/pairwise/additive": 0.9988797446245699, "rho_random/pairwise/additive": 0.9988985437510837, "rho_curated/additive_GE/additive": 0.9999770565268654, "rho_random/additive_GE/additive": 0.9999508169384869, "rho_curated/pairwise_GE/additive": 0.9848130289289132, "rho_random/pairwise_GE/additive": 0.9809882649774412, "rho_curated/additive/additive_pairwise": 0.9594762626881328, "rho_random/additive/additive_pairwise": 0.9531696277686418, "rho_curated/pairwise/additive_pairwise": 0.9443340963560279, "rho_random/pairwise/additive_pairwise": 0.9517871848147852, "rho_curated/additive_GE/additive_pairwise": 0.9623752452203008, "rho_random/additive_GE/additive_pairwise": 0.9497175092386629, "rho_curated/pairwise_GE/additive_pairwise": 0.9441284418557742, "rho_random/pairwise_GE/additive_pairwise": 0.9391416889175059, "rho_curated/additive/nonlin_additive": 0.9975736005512669, "rho_random/additive/nonlin_additive": 0.996945887943596, "rho_curated/pairwise/nonlin_additive": 0.993968946664942, "rho_random/pairwise/nonlin_additive": 0.9911965842890458, "rho_curated/additive_GE/nonlin_additive": 0.9999696920535924, "rho_random/additive_GE/nonlin_additive": 0.9999557501087941, "rho_curated/pairwise_GE/nonlin_additive": 0.9925902283954277, "rho_random/pairwise_GE/nonlin_additive": 0.9904102763366174, "rho_curated/additive/nonlin_additive_pairwise": 0.36008817943408916, "rho_random/additive/nonlin_additive_pairwise": 0.7571060945564476, "rho_curated/pairwise/nonlin_additive_pairwise": 0.33793471061036845, "rho_random/pairwise/nonlin_additive_pairwise": 0.7399451239007385, "rho_curated/additive_GE/nonlin_additive_pairwise": 0.3676621937757236, "rho_random/additive_GE/nonlin_additive_pairwise": 0.771465093034989, "rho_curated/pairwise_GE/nonlin_additive_pairwise": 0.3585499678043018, "rho_random/pairwise_GE/nonlin_additive_pairwise": 0.7352584724041725, "rho_curated_mean": 0.8251448511691318, "rho_random_mean": 0.9222453635673152, "_wandb": {"runtime": 519}}