{"potts/n_edges": 537, "potts/edge_density": 0.9025210084033614, "potts/J_mean_abs": 3.1657867431640625, "potts/J_std": 2.4558768272399902, "_timestamp": 1773423804.3638217, "_runtime": 384.88007378578186, "_step": 16, "gt_scores/additive/std": 1.2131658817929183, "gt_scores/additive/min": -9.223040580749512, "gt_scores/additive/pct5": -5.876311326026917, "gt_scores/additive_pairwise/std": 113.77679320220497, "gt_scores/additive_pairwise/min": -940.54296875, "gt_scores/additive_pairwise/pct5": -478.49549560546876, "gt_scores/nonlin_additive/std": 0.1429851728070397, "gt_scores/nonlin_additive/min": -0.8260453358601673, "gt_scores/nonlin_additive/pct5": -0.7918037243495972, "gt_scores/nonlin_additive_pairwise/std": 2.3853214419446233e-08, "gt_scores/nonlin_additive_pairwise/min": -0.8284503980057596, "gt_scores/nonlin_additive_pairwise/pct5": -0.8284503980057596, "rho_curated/additive/additive": 0.9999971719358864, "rho_random/additive/additive": 0.9999921328983026, "rho_curated/pairwise/additive": 0.9988370449614258, "rho_random/pairwise/additive": 0.9983091870014468, "rho_curated/additive_GE/additive": 0.9999744863909776, "rho_random/additive_GE/additive": 0.9999423210640016, "rho_curated/pairwise_GE/additive": 0.9618360129817767, "rho_random/pairwise_GE/additive": 0.9389010474816462, "rho_curated/additive/additive_pairwise": 0.9881263427250536, "rho_random/additive/additive_pairwise": 0.9813811784185369, "rho_curated/pairwise/additive_pairwise": 0.9883829866630406, "rho_random/pairwise/additive_pairwise": 0.9833859692896688, "rho_curated/additive_GE/additive_pairwise": 0.9880125871359279, "rho_random/additive_GE/additive_pairwise": 0.9812778446528758, "rho_curated/pairwise_GE/additive_pairwise": 0.9519776564539537, "rho_random/pairwise_GE/additive_pairwise": 0.9425166232517067, "rho_curated/additive/nonlin_additive": 0.9968989252196595, "rho_random/additive/nonlin_additive": 0.9962290511206682, "rho_curated/pairwise/nonlin_additive": 0.9871304587006008, "rho_random/pairwise/nonlin_additive": 0.9805737105513717, "rho_curated/additive_GE/nonlin_additive": 0.9999793991911744, "rho_random/additive_GE/nonlin_additive": 0.999973229505671, "rho_curated/pairwise_GE/nonlin_additive": 0.9800746118985062, "rho_random/pairwise_GE/nonlin_additive": 0.9787908981217193, "_wandb": {"runtime": 384}}