{"potts/n_edges": 244, "potts/edge_density": 0.8133333333333334, "potts/J_mean_abs": 2.7432448863983154, "potts/J_std": 2.1593103408813477, "_timestamp": 1773565574.1149557, "_runtime": 425.28437066078186, "_step": 21, "gt_scores/additive/std": 1.1692382790629163, "gt_scores/additive/min": -8.865388870239258, "gt_scores/additive/pct5": -6.260699653625488, "gt_scores/additive_pairwise/std": 78.91102975557796, "gt_scores/additive_pairwise/min": -551.2042846679688, "gt_scores/additive_pairwise/pct5": -350.6988296508789, "gt_scores/nonlin_additive/std": 0.1299774051589443, "gt_scores/nonlin_additive/min": -0.8570875160669313, "gt_scores/nonlin_additive/pct5": -0.8319475404672109, "gt_scores/nonlin_additive_pairwise/std": 5.8345770621160575e-09, "gt_scores/nonlin_additive_pairwise/min": -0.8602126915025169, "gt_scores/nonlin_additive_pairwise/pct5": -0.8602126915025169, "rho_curated/additive/additive": 0.9999981880239276, "rho_random/additive/additive": 0.9999942082762376, "rho_curated/pairwise/additive": 0.9997378447014948, "rho_random/pairwise/additive": 0.9995083198836487, "rho_curated/additive_GE/additive": 0.9999751833990056, "rho_random/additive_GE/additive": 0.9999441056910569, "rho_curated/pairwise_GE/additive": 0.9831300036603905, "rho_random/pairwise_GE/additive": 0.973453716627741, "rho_curated/additive/additive_pairwise": 0.9856376597204722, "rho_random/additive/additive_pairwise": 0.9769209794029697, "rho_curated/pairwise/additive_pairwise": 0.9995218511488283, "rho_random/pairwise/additive_pairwise": 0.9991549691225965, "rho_curated/additive_GE/additive_pairwise": 0.9858559882335608, "rho_random/additive_GE/additive_pairwise": 0.9761972347602627, "rho_curated/pairwise_GE/additive_pairwise": 0.9802425244482785, "rho_random/pairwise_GE/additive_pairwise": 0.9691178260340421, "rho_curated/additive/nonlin_additive": 0.9956149454723875, "rho_random/additive/nonlin_additive": 0.9954211790844022, "rho_curated/pairwise/nonlin_additive": 0.9937924651512515, "rho_random/pairwise/nonlin_additive": 0.985444821165266, "rho_curated/additive_GE/nonlin_additive": 0.9999732191189263, "rho_random/additive_GE/nonlin_additive": 0.9999671162046658, "rho_curated/pairwise_GE/nonlin_additive": 0.9908489499452992, "rho_random/pairwise_GE/nonlin_additive": 0.989872798787763, "rho_curated/additive/nonlin_additive_pairwise": NaN, "rho_random/additive/nonlin_additive_pairwise": NaN, "rho_curated/pairwise/nonlin_additive_pairwise": NaN, "rho_random/pairwise/nonlin_additive_pairwise": NaN, "rho_curated/additive_GE/nonlin_additive_pairwise": NaN, "rho_random/additive_GE/nonlin_additive_pairwise": NaN, "rho_curated/pairwise_GE/nonlin_additive_pairwise": NaN, "rho_random/pairwise_GE/nonlin_additive_pairwise": NaN, "rho_curated_mean": 0.9928607352519853, "rho_random_mean": 0.9887497729200544, "_wandb": {"runtime": 424}}