{"potts/n_edges": 136, "potts/edge_density": 0.7157894736842105, "potts/J_mean_abs": 2.6755592823028564, "potts/J_std": 2.3573009967803955, "_timestamp": 1773403902.0665908, "_runtime": 467.8203728199005, "_step": 21, "gt_scores/additive/std": 1.210202704410808, "gt_scores/additive/min": -8.911455154418945, "gt_scores/additive/pct5": -6.663809275627136, "gt_scores/additive_pairwise/std": 51.121073884558484, "gt_scores/additive_pairwise/min": -358.35540771484375, "gt_scores/additive_pairwise/pct5": -252.63101806640626, "gt_scores/nonlin_additive/std": 0.125785236402486, "gt_scores/nonlin_additive/min": -0.8664681453126024, "gt_scores/nonlin_additive/pct5": -0.8440971430509998, "gt_scores/nonlin_additive_pairwise/std": 4.6915306399246015e-11, "gt_scores/nonlin_additive_pairwise/min": -0.8707194432537088, "gt_scores/nonlin_additive_pairwise/pct5": -0.8707194432537088, "rho_curated/additive/additive": 0.9999983972559358, "rho_random/additive/additive": 0.9999945175438596, "rho_curated/pairwise/additive": 0.9999397564695858, "rho_random/pairwise/additive": 0.9998863178596025, "rho_curated/additive_GE/additive": 0.9999821403272852, "rho_random/additive_GE/additive": 0.9999560947439105, "rho_curated/pairwise_GE/additive": 0.9990428134336667, "rho_random/pairwise_GE/additive": 0.9984666958600559, "rho_curated/additive/additive_pairwise": 0.971379948238511, "rho_random/additive/additive_pairwise": 0.9524873460594842, "rho_curated/pairwise/additive_pairwise": 0.9999394866135779, "rho_random/pairwise/additive_pairwise": 0.9998856903987695, "rho_curated/additive_GE/additive_pairwise": 0.971602638774061, "rho_random/additive_GE/additive_pairwise": 0.9494482057085181, "rho_curated/pairwise_GE/additive_pairwise": 0.9905467613251897, "rho_random/pairwise_GE/additive_pairwise": 0.984680781593396, "rho_curated/additive/nonlin_additive": 0.9943367047489245, "rho_random/additive/nonlin_additive": 0.9945859736902947, "rho_curated/pairwise/nonlin_additive": 0.9980708590427416, "rho_random/pairwise/nonlin_additive": 0.9934505750384758, "rho_curated/additive_GE/nonlin_additive": 0.9999811887752462, "rho_random/additive_GE/nonlin_additive": 0.9999816017970357, "rho_curated/pairwise_GE/nonlin_additive": 0.9976980947477582, "rho_random/pairwise_GE/nonlin_additive": 0.9977593865517285, "rho_curated/additive/nonlin_additive_pairwise": NaN, "rho_random/additive/nonlin_additive_pairwise": NaN, "rho_curated/pairwise/nonlin_additive_pairwise": NaN, "rho_random/pairwise/nonlin_additive_pairwise": NaN, "rho_curated/additive_GE/nonlin_additive_pairwise": NaN, "rho_random/additive_GE/nonlin_additive_pairwise": NaN, "rho_curated/pairwise_GE/nonlin_additive_pairwise": NaN, "rho_random/pairwise_GE/nonlin_additive_pairwise": NaN, "rho_curated_mean": 0.9935432324793735, "rho_random_mean": 0.9892152655704276, "_wandb": {"runtime": 467}}