{"potts/n_edges": 126, "potts/edge_density": 0.6631578947368421, "potts/J_mean_abs": 3.663046360015869, "potts/J_std": 3.225895881652832, "_timestamp": 1773666862.448395, "_runtime": 508.19424700737, "_step": 21, "gt_scores/additive/std": 1.210202704410808, "gt_scores/additive/min": -8.911455154418945, "gt_scores/additive/pct5": -6.663809275627136, "gt_scores/additive_pairwise/std": 70.08446509277003, "gt_scores/additive_pairwise/min": -464.6213073730469, "gt_scores/additive_pairwise/pct5": -341.8666137695312, "gt_scores/nonlin_additive/std": 0.125785236402486, "gt_scores/nonlin_additive/min": -0.8664681453126024, "gt_scores/nonlin_additive/pct5": -0.8440971430509998, "gt_scores/nonlin_additive_pairwise/std": 1.549149051932075e-16, "gt_scores/nonlin_additive_pairwise/min": -0.8707194432537088, "gt_scores/nonlin_additive_pairwise/pct5": -0.8707194432537088, "rho_curated/additive/additive": 0.9999981521919262, "rho_random/additive/additive": 0.999993744185424, "rho_curated/pairwise/additive": 0.999937689397506, "rho_random/pairwise/additive": 0.9998776304153235, "rho_curated/additive_GE/additive": 0.9999792866551707, "rho_random/additive_GE/additive": 0.9999522343271117, "rho_curated/pairwise_GE/additive": 0.9991204427087543, "rho_random/pairwise_GE/additive": 0.998596848851866, "rho_curated/additive/additive_pairwise": 0.9736860246668094, "rho_random/additive/additive_pairwise": 0.9547119443945431, "rho_curated/pairwise/additive_pairwise": 0.9999386958855447, "rho_random/pairwise/additive_pairwise": 0.9998718796637973, "rho_curated/additive_GE/additive_pairwise": 0.9735097683704834, "rho_random/additive_GE/additive_pairwise": 0.953721481642045, "rho_curated/pairwise_GE/additive_pairwise": 0.998467906274716, "rho_random/pairwise_GE/additive_pairwise": 0.9977612426154998, "rho_curated/additive/nonlin_additive": 0.9944551712258076, "rho_random/additive/nonlin_additive": 0.9952158916241151, "rho_curated/pairwise/nonlin_additive": 0.9981534621499615, "rho_random/pairwise/nonlin_additive": 0.9928506700239477, "rho_curated/additive_GE/nonlin_additive": 0.9999823441832918, "rho_random/additive_GE/nonlin_additive": 0.9999820443665286, "rho_curated/pairwise_GE/nonlin_additive": 0.9976023648880371, "rho_random/pairwise_GE/nonlin_additive": 0.9977269387185144, "rho_curated/additive/nonlin_additive_pairwise": NaN, "rho_random/additive/nonlin_additive_pairwise": NaN, "rho_curated/pairwise/nonlin_additive_pairwise": NaN, "rho_random/pairwise/nonlin_additive_pairwise": NaN, "rho_curated/additive_GE/nonlin_additive_pairwise": NaN, "rho_random/additive_GE/nonlin_additive_pairwise": NaN, "rho_curated/pairwise_GE/nonlin_additive_pairwise": NaN, "rho_random/pairwise_GE/nonlin_additive_pairwise": NaN, "rho_curated_mean": 0.9945692757165007, "rho_random_mean": 0.9908552125690598, "_wandb": {"runtime": 507}}