{"potts/n_edges": 281, "potts/edge_density": 0.9366666666666666, "potts/J_mean_abs": 3.687486410140991, "potts/J_std": 3.092151641845703, "_timestamp": 1773378817.1048098, "_runtime": 409.21398878097534, "_step": 21, "gt_scores/additive/std": 1.1692382790629163, "gt_scores/additive/min": -8.865388870239258, "gt_scores/additive/pct5": -6.260699653625488, "gt_scores/additive_pairwise/std": 105.65577410166419, "gt_scores/additive_pairwise/min": -692.0618896484375, "gt_scores/additive_pairwise/pct5": -467.21925354003906, "gt_scores/nonlin_additive/std": 0.1299774051589443, "gt_scores/nonlin_additive/min": -0.8570875160669313, "gt_scores/nonlin_additive/pct5": -0.8319475404672109, "gt_scores/nonlin_additive_pairwise/std": 4.067281490675148e-11, "gt_scores/nonlin_additive_pairwise/min": -0.8602126915025169, "gt_scores/nonlin_additive_pairwise/pct5": -0.8602126915025169, "rho_curated/additive/additive": 0.9999975670479025, "rho_random/additive/additive": 0.9999922657786885, "rho_curated/pairwise/additive": 0.999746184341835, "rho_random/pairwise/additive": 0.9995004421857384, "rho_curated/additive_GE/additive": 0.9999807368792285, "rho_random/additive_GE/additive": 0.9999492808729767, "rho_curated/pairwise_GE/additive": 0.9822184318563105, "rho_random/pairwise_GE/additive": 0.9683461814591432, "rho_curated/additive/additive_pairwise": 0.9819357664209971, "rho_random/additive/additive_pairwise": 0.9674418784353342, "rho_curated/pairwise/additive_pairwise": 0.999408012808292, "rho_random/pairwise/additive_pairwise": 0.9986540605517046, "rho_curated/additive_GE/additive_pairwise": 0.9819975735519029, "rho_random/additive_GE/additive_pairwise": 0.9642674868135199, "rho_curated/pairwise_GE/additive_pairwise": 0.9776014114155189, "rho_random/pairwise_GE/additive_pairwise": 0.963666570991904, "rho_curated/additive/nonlin_additive": 0.9961533444778569, "rho_random/additive/nonlin_additive": 0.9960336473887732, "rho_curated/pairwise/nonlin_additive": 0.9930671490741868, "rho_random/pairwise/nonlin_additive": 0.9826118948575244, "rho_curated/additive_GE/nonlin_additive": 0.9999803233592109, "rho_random/additive_GE/nonlin_additive": 0.9999754181205734, "rho_curated/pairwise_GE/nonlin_additive": 0.9910550579937728, "rho_random/pairwise_GE/nonlin_additive": 0.989160925509558, "rho_curated/additive/nonlin_additive_pairwise": NaN, "rho_random/additive/nonlin_additive_pairwise": NaN, "rho_curated/pairwise/nonlin_additive_pairwise": NaN, "rho_random/pairwise/nonlin_additive_pairwise": NaN, "rho_curated/additive_GE/nonlin_additive_pairwise": NaN, "rho_random/additive_GE/nonlin_additive_pairwise": NaN, "rho_curated/pairwise_GE/nonlin_additive_pairwise": NaN, "rho_random/pairwise_GE/nonlin_additive_pairwise": NaN, "rho_curated_mean": 0.9919284632689179, "rho_random_mean": 0.9858000044137866, "_wandb": {"runtime": 408}}