{"potts/n_edges": 348, "potts/edge_density": 0.8, "potts/J_mean_abs": 3.801684617996216, "potts/J_std": 3.1573386192321777, "_timestamp": 1773609480.5017016, "_runtime": 379.7835326194763, "_step": 21, "gt_scores/additive/std": 1.1925536417782636, "gt_scores/additive/min": -9.211626052856445, "gt_scores/additive/pct5": -6.01135892868042, "gt_scores/additive_pairwise/std": 105.49667912967001, "gt_scores/additive_pairwise/min": -752.6842651367188, "gt_scores/additive_pairwise/pct5": -448.3479751586914, "gt_scores/nonlin_additive/std": 0.1394448448352391, "gt_scores/nonlin_additive/min": -0.8371870805299297, "gt_scores/nonlin_additive/pct5": -0.8067663836145071, "gt_scores/nonlin_additive_pairwise/std": 7.520920321672637e-14, "gt_scores/nonlin_additive_pairwise/min": -0.8394933305681229, "gt_scores/nonlin_additive_pairwise/pct5": -0.8394933305681229, "rho_curated/additive/additive": 0.9999971719598868, "rho_random/additive/additive": 0.9999917207407085, "rho_curated/pairwise/additive": 0.9992083492163338, "rho_random/pairwise/additive": 0.998633852535849, "rho_curated/additive_GE/additive": 0.9999597835823911, "rho_random/additive_GE/additive": 0.999906600656668, "rho_curated/pairwise_GE/additive": 0.9691825698785631, "rho_random/pairwise_GE/additive": 0.9509575882196655, "rho_curated/additive/additive_pairwise": 0.9820154853521877, "rho_random/additive/additive_pairwise": 0.9716365485483978, "rho_curated/pairwise/additive_pairwise": 0.9920559207940463, "rho_random/pairwise/additive_pairwise": 0.9877988222084092, "rho_curated/additive_GE/additive_pairwise": 0.9824528387136925, "rho_random/additive_GE/additive_pairwise": 0.9721860341812292, "rho_curated/pairwise_GE/additive_pairwise": 0.9601534523331817, "rho_random/pairwise_GE/additive_pairwise": 0.9468406931791881, "rho_curated/additive/nonlin_additive": 0.99714585110156, "rho_random/additive/nonlin_additive": 0.9967583985853107, "rho_curated/pairwise/nonlin_additive": 0.9882932802743264, "rho_random/pairwise/nonlin_additive": 0.9791008693365434, "rho_curated/additive_GE/nonlin_additive": 0.9999864609274577, "rho_random/additive_GE/nonlin_additive": 0.9999813240651564, "rho_curated/pairwise_GE/nonlin_additive": 0.9807136916031591, "rho_random/pairwise_GE/nonlin_additive": 0.9770709555819446, "rho_curated/additive/nonlin_additive_pairwise": NaN, "rho_random/additive/nonlin_additive_pairwise": NaN, "rho_curated/pairwise/nonlin_additive_pairwise": NaN, "rho_random/pairwise/nonlin_additive_pairwise": NaN, "rho_curated/additive_GE/nonlin_additive_pairwise": NaN, "rho_random/additive_GE/nonlin_additive_pairwise": NaN, "rho_curated/pairwise_GE/nonlin_additive_pairwise": NaN, "rho_random/pairwise_GE/nonlin_additive_pairwise": NaN, "rho_curated_mean": 0.987597071311399, "rho_random_mean": 0.9817386173199226, "_wandb": {"runtime": 379}}