{"potts/n_edges": 65, "potts/edge_density": 0.6190476190476191, "potts/J_mean_abs": 2.460681200027466, "potts/J_std": 1.8625001907348633, "_timestamp": 1773460208.3972478, "_runtime": 523.9949767589569, "_step": 21, "gt_scores/additive/std": 0.9557475539592777, "gt_scores/additive/min": -7.033940315246582, "gt_scores/additive/pct5": -5.159853672981262, "gt_scores/additive_pairwise/std": 25.062171588636946, "gt_scores/additive_pairwise/min": -212.0280303955078, "gt_scores/additive_pairwise/pct5": -172.14448928833008, "gt_scores/nonlin_additive/std": 0.1307311439252841, "gt_scores/nonlin_additive/min": -0.8613129322410867, "gt_scores/nonlin_additive/pct5": -0.8371371284084792, "gt_scores/nonlin_additive_pairwise/std": 1.1102230246251565e-16, "gt_scores/nonlin_additive_pairwise/min": -0.8653877661321029, "gt_scores/nonlin_additive_pairwise/pct5": -0.8653877661321029, "rho_curated/additive/additive": 0.9999985909599434, "rho_random/additive/additive": 0.9999943974458703, "rho_curated/pairwise/additive": 0.999974482958978, "rho_random/pairwise/additive": 0.9999475703311204, "rho_curated/additive_GE/additive": 0.9999741652229647, "rho_random/additive_GE/additive": 0.9999395433310821, "rho_curated/pairwise_GE/additive": 0.9997212105168348, "rho_random/pairwise_GE/additive": 0.9995706401172553, "rho_curated/additive/additive_pairwise": 0.9434504880553052, "rho_random/additive/additive_pairwise": 0.9002308053289905, "rho_curated/pairwise/additive_pairwise": 0.9999729135029141, "rho_random/pairwise/additive_pairwise": 0.9999492886990934, "rho_curated/additive_GE/additive_pairwise": 0.9441715650121829, "rho_random/additive_GE/additive_pairwise": 0.9091349043972444, "rho_curated/pairwise_GE/additive_pairwise": 0.9996516013220224, "rho_random/pairwise_GE/additive_pairwise": 0.9994942703422756, "rho_curated/additive/nonlin_additive": 0.9960268104481189, "rho_random/additive/nonlin_additive": 0.997074577510934, "rho_curated/pairwise/nonlin_additive": 0.9991765730468457, "rho_random/pairwise/nonlin_additive": 0.9964181205997228, "rho_curated/additive_GE/nonlin_additive": 0.9999922150236864, "rho_random/additive_GE/nonlin_additive": 0.9999905371388929, "rho_curated/pairwise_GE/nonlin_additive": 0.9995918202475651, "rho_random/pairwise_GE/nonlin_additive": 0.9996138388760974, "rho_curated/additive/nonlin_additive_pairwise": NaN, "rho_random/additive/nonlin_additive_pairwise": NaN, "rho_curated/pairwise/nonlin_additive_pairwise": NaN, "rho_random/pairwise/nonlin_additive_pairwise": NaN, "rho_curated/additive_GE/nonlin_additive_pairwise": NaN, "rho_random/additive_GE/nonlin_additive_pairwise": NaN, "rho_curated/pairwise_GE/nonlin_additive_pairwise": NaN, "rho_random/pairwise_GE/nonlin_additive_pairwise": NaN, "rho_curated_mean": 0.9901418696931135, "rho_random_mean": 0.9834465411765482, "_wandb": {"runtime": 523}}