{"potts/n_edges": 152, "potts/edge_density": 0.8, "potts/J_mean_abs": 2.2108917236328125, "potts/J_std": 1.9549564123153687, "_timestamp": 1773584731.9717867, "_runtime": 505.4954867362976, "_step": 21, "gt_scores/additive/std": 1.426379881017352, "gt_scores/additive/min": -10.008467674255371, "gt_scores/additive/pct5": -7.166622185707093, "gt_scores/additive_pairwise/std": 49.199887736500784, "gt_scores/additive_pairwise/min": -328.2237854003906, "gt_scores/additive_pairwise/pct5": -241.00479583740236, "gt_scores/nonlin_additive/std": 0.13946177757028871, "gt_scores/nonlin_additive/min": -0.8313426784103302, "gt_scores/nonlin_additive/pct5": -0.8034810610065, "gt_scores/nonlin_additive_pairwise/std": 1.0647271532299914e-09, "gt_scores/nonlin_additive_pairwise/min": -0.8358896588447285, "gt_scores/nonlin_additive_pairwise/pct5": -0.8358896588447285, "rho_curated/additive/additive": 0.9999972854798913, "rho_random/additive/additive": 0.9999925219893592, "rho_curated/pairwise/additive": 0.9999508683020325, "rho_random/pairwise/additive": 0.9998981827141021, "rho_curated/additive_GE/additive": 0.999975365655014, "rho_random/additive_GE/additive": 0.9999409954473679, "rho_curated/pairwise_GE/additive": 0.9990696076827619, "rho_random/pairwise_GE/additive": 0.9982750234069416, "rho_curated/additive/additive_pairwise": 0.976390706669362, "rho_random/additive/additive_pairwise": 0.9653452476551764, "rho_curated/pairwise/additive_pairwise": 0.9999409928056355, "rho_random/pairwise/additive_pairwise": 0.9998872442234371, "rho_curated/additive_GE/additive_pairwise": 0.976280082912357, "rho_random/additive_GE/additive_pairwise": 0.9598861163064675, "rho_curated/pairwise_GE/additive_pairwise": 0.9991288314290486, "rho_random/pairwise_GE/additive_pairwise": 0.9984907642514841, "rho_curated/additive/nonlin_additive": 0.996398376087503, "rho_random/additive/nonlin_additive": 0.9948791153509107, "rho_curated/pairwise/nonlin_additive": 0.9983933383675022, "rho_random/pairwise/nonlin_additive": 0.9969713370091995, "rho_curated/additive_GE/nonlin_additive": 0.9999828323193108, "rho_random/additive_GE/nonlin_additive": 0.9999813806115772, "rho_curated/pairwise_GE/nonlin_additive": 0.9972551598738112, "rho_random/pairwise_GE/nonlin_additive": 0.997335463720233, "rho_curated/additive/nonlin_additive_pairwise": NaN, "rho_random/additive/nonlin_additive_pairwise": NaN, "rho_curated/pairwise/nonlin_additive_pairwise": NaN, "rho_random/pairwise/nonlin_additive_pairwise": NaN, "rho_curated/additive_GE/nonlin_additive_pairwise": NaN, "rho_random/additive_GE/nonlin_additive_pairwise": NaN, "rho_curated/pairwise_GE/nonlin_additive_pairwise": NaN, "rho_random/pairwise_GE/nonlin_additive_pairwise": NaN, "rho_curated_mean": 0.995230287298686, "rho_random_mean": 0.9925736160571881, "_wandb": {"runtime": 504}}