{"potts/n_edges": 1923, "potts/edge_density": 0.6085443037974684, "potts/J_mean_abs": 3.954925775527954, "potts/J_std": 3.1109657287597656, "_timestamp": 1773664090.3670418, "_runtime": 567.9018757343292, "_step": 21, "gt_scores/additive/std": 1.7425627716340433, "gt_scores/additive/min": -13.187027931213379, "gt_scores/additive/pct5": -8.117160367965699, "gt_scores/additive_pairwise/std": 120.78993677936998, "gt_scores/additive_pairwise/min": -801.243408203125, "gt_scores/additive_pairwise/pct5": -470.69939575195315, "gt_scores/nonlin_additive/std": 0.14955072976137943, "gt_scores/nonlin_additive/min": -0.8083376938669797, "gt_scores/nonlin_additive/pct5": -0.7715522343925328, "gt_scores/nonlin_additive_pairwise/std": 1.6625104934912492e-05, "gt_scores/nonlin_additive_pairwise/min": -0.8105443801125422, "gt_scores/nonlin_additive_pairwise/pct5": -0.8105443801125422, "rho_curated/additive/additive": 0.9999945215437808, "rho_random/additive/additive": 0.9999863053661792, "rho_curated/pairwise/additive": 0.9992592261703513, "rho_random/pairwise/additive": 0.9993610189721766, "rho_curated/additive_GE/additive": 0.999952904246115, "rho_random/additive_GE/additive": 0.9999023857119518, "rho_curated/pairwise_GE/additive": 0.9973240141247679, "rho_random/pairwise_GE/additive": 0.9958274991853631, "rho_curated/additive/additive_pairwise": 0.9785175254596701, "rho_random/additive/additive_pairwise": 0.9638816429428747, "rho_curated/pairwise/additive_pairwise": 0.9740262790398047, "rho_random/pairwise/additive_pairwise": 0.9641109741971958, "rho_curated/additive_GE/additive_pairwise": 0.9788899707460789, "rho_random/additive_GE/additive_pairwise": 0.9665195232534721, "rho_curated/pairwise_GE/additive_pairwise": 0.9680987740184198, "rho_random/pairwise_GE/additive_pairwise": 0.9606578058583627, "rho_curated/additive/nonlin_additive": 0.9938305427609258, "rho_random/additive/nonlin_additive": 0.9934899827005869, "rho_curated/pairwise/nonlin_additive": 0.9916745863147836, "rho_random/pairwise/nonlin_additive": 0.9911294665195625, "rho_curated/additive_GE/nonlin_additive": 0.99995305479812, "rho_random/additive_GE/nonlin_additive": 0.9999373370114654, "rho_curated/pairwise_GE/nonlin_additive": 0.9952892200513429, "rho_random/pairwise_GE/nonlin_additive": 0.9947475142083466, "rho_curated/additive/nonlin_additive_pairwise": NaN, "rho_random/additive/nonlin_additive_pairwise": 0.10584507688339201, "rho_curated/pairwise/nonlin_additive_pairwise": NaN, "rho_random/pairwise/nonlin_additive_pairwise": 0.11656742669999548, "rho_curated/additive_GE/nonlin_additive_pairwise": NaN, "rho_random/additive_GE/nonlin_additive_pairwise": NaN, "rho_curated/pairwise_GE/nonlin_additive_pairwise": NaN, "rho_random/pairwise_GE/nonlin_additive_pairwise": 0.04322508548613127, "rho_curated_mean": 0.9897342182728465, "rho_random_mean": 0.8063459363331371, "_wandb": {"runtime": 567}}