{"potts/n_edges": 392, "potts/edge_density": 0.9011494252873563, "potts/J_mean_abs": 3.6756935119628906, "potts/J_std": 2.963625431060791, "_timestamp": 1773384528.1906576, "_runtime": 414.4866876602173, "_step": 16, "gt_scores/additive/std": 1.3026329914510024, "gt_scores/additive/min": -9.520788192749023, "gt_scores/additive/pct5": -6.589263129234314, "gt_scores/additive_pairwise/std": 117.30792050339642, "gt_scores/additive_pairwise/min": -813.7181396484375, "gt_scores/additive_pairwise/pct5": -506.0615829467773, "gt_scores/nonlin_additive/std": 0.13748413835948767, "gt_scores/nonlin_additive/min": -0.8383537187280119, "gt_scores/nonlin_additive/pct5": -0.8091688078450335, "gt_scores/nonlin_additive_pairwise/std": 2.8130867154651288e-08, "gt_scores/nonlin_additive_pairwise/min": -0.8419067452138076, "gt_scores/nonlin_additive_pairwise/pct5": -0.8419067452138076, "rho_curated/additive/additive": 0.9999973576718942, "rho_random/additive/additive": 0.9999908096834111, "rho_curated/pairwise/additive": 0.999207952232261, "rho_random/pairwise/additive": 0.9987389792705662, "rho_curated/additive_GE/additive": 0.9999660192626393, "rho_random/additive_GE/additive": 0.9999184114701906, "rho_curated/pairwise_GE/additive": 0.9574019002690091, "rho_random/pairwise_GE/additive": 0.9313264848014345, "rho_curated/additive/additive_pairwise": 0.9860715287618583, "rho_random/additive/additive_pairwise": 0.9765225495495913, "rho_curated/pairwise/additive_pairwise": 0.9928989565877879, "rho_random/pairwise/additive_pairwise": 0.9883519224111139, "rho_curated/additive_GE/additive_pairwise": 0.9862045665995205, "rho_random/additive_GE/additive_pairwise": 0.9774212144804585, "rho_curated/pairwise_GE/additive_pairwise": 0.9611512310131168, "rho_random/pairwise_GE/additive_pairwise": 0.9442681750837422, "rho_curated/additive/nonlin_additive": 0.9963503592138394, "rho_random/additive/nonlin_additive": 0.9959603188453143, "rho_curated/pairwise/nonlin_additive": 0.9887838248385454, "rho_random/pairwise/nonlin_additive": 0.9798708334918792, "rho_curated/additive_GE/nonlin_additive": 0.9999868341034724, "rho_random/additive_GE/nonlin_additive": 0.9999840052218715, "rho_curated/pairwise_GE/nonlin_additive": 0.9806148290956628, "rho_random/pairwise_GE/nonlin_additive": 0.9768446906883675, "_wandb": {"runtime": 414}}