{"potts/n_edges": 407, "potts/edge_density": 0.9356321839080459, "potts/J_mean_abs": 3.020740509033203, "potts/J_std": 2.5231404304504395, "_timestamp": 1773632580.024111, "_runtime": 502.92233514785767, "_step": 21, "gt_scores/additive/std": 1.3145519307288893, "gt_scores/additive/min": -9.543702125549316, "gt_scores/additive/pct5": -6.543755149841308, "gt_scores/additive_pairwise/std": 84.18661998026826, "gt_scores/additive_pairwise/min": -584.6723022460938, "gt_scores/additive_pairwise/pct5": -359.6710464477539, "gt_scores/nonlin_additive/std": 0.1415948963973883, "gt_scores/nonlin_additive/min": -0.8305795334928087, "gt_scores/nonlin_additive/pct5": -0.8006284573354645, "gt_scores/nonlin_additive_pairwise/std": 1.2037181010564963e-05, "gt_scores/nonlin_additive_pairwise/min": -0.8341020215334246, "gt_scores/nonlin_additive_pairwise/pct5": -0.8341020215334246, "rho_curated/additive/additive": 0.9999970921598837, "rho_random/additive/additive": 0.9999903193072317, "rho_curated/pairwise/additive": 0.9992588166583173, "rho_random/pairwise/additive": 0.9988138077957714, "rho_curated/additive_GE/additive": 0.9999791755591664, "rho_random/additive_GE/additive": 0.9999533257500388, "rho_curated/pairwise_GE/additive": 0.9614582158395537, "rho_random/pairwise_GE/additive": 0.9410972550467902, "rho_curated/additive/additive_pairwise": 0.9805778153831124, "rho_random/additive/additive_pairwise": 0.9618065253955468, "rho_curated/pairwise/additive_pairwise": 0.9909980611837065, "rho_random/pairwise/additive_pairwise": 0.9838378391923758, "rho_curated/additive_GE/additive_pairwise": 0.980840397977156, "rho_random/additive_GE/additive_pairwise": 0.9634274326161758, "rho_curated/pairwise_GE/additive_pairwise": 0.9552805048352201, "rho_random/pairwise_GE/additive_pairwise": 0.9340159379680834, "rho_curated/additive/nonlin_additive": 0.9965949934077181, "rho_random/additive/nonlin_additive": 0.9957525586714228, "rho_curated/pairwise/nonlin_additive": 0.9880558327133734, "rho_random/pairwise/nonlin_additive": 0.9836134521909976, "rho_curated/additive_GE/nonlin_additive": 0.9999823483352932, "rho_random/additive_GE/nonlin_additive": 0.9999786002680968, "rho_curated/pairwise_GE/nonlin_additive": 0.9784890645785302, "rho_random/pairwise_GE/nonlin_additive": 0.9731207481633306, "rho_curated/additive/nonlin_additive_pairwise": NaN, "rho_random/additive/nonlin_additive_pairwise": 0.06649231857479757, "rho_curated/pairwise/nonlin_additive_pairwise": NaN, "rho_random/pairwise/nonlin_additive_pairwise": NaN, "rho_curated/additive_GE/nonlin_additive_pairwise": NaN, "rho_random/additive_GE/nonlin_additive_pairwise": NaN, "rho_curated/pairwise_GE/nonlin_additive_pairwise": NaN, "rho_random/pairwise_GE/nonlin_additive_pairwise": 0.039920256830945126, "rho_curated_mean": 0.9859593598859194, "rho_random_mean": 0.8458443126979717, "_wandb": {"runtime": 502}}