{"potts/n_edges": 83, "potts/edge_density": 0.7904761904761904, "potts/J_mean_abs": 3.0445377826690674, "potts/J_std": 2.363273859024048, "_timestamp": 1773535183.0171492, "_runtime": 531.2506902217865, "_step": 21, "gt_scores/additive/std": 0.9557475539592777, "gt_scores/additive/min": -7.033940315246582, "gt_scores/additive/pct5": -5.159853672981262, "gt_scores/additive_pairwise/std": 34.538445926362456, "gt_scores/additive_pairwise/min": -311.7966003417969, "gt_scores/additive_pairwise/pct5": -259.90785522460936, "gt_scores/nonlin_additive/std": 0.1307311439252841, "gt_scores/nonlin_additive/min": -0.8613129322410867, "gt_scores/nonlin_additive/pct5": -0.8371371284084792, "gt_scores/nonlin_additive_pairwise/std": 1.1102230246251565e-16, "gt_scores/nonlin_additive_pairwise/min": -0.8653877661321029, "gt_scores/nonlin_additive_pairwise/pct5": -0.8653877661321029, "rho_curated/additive/additive": 0.9999983977359358, "rho_random/additive/additive": 0.9999951296763738, "rho_curated/pairwise/additive": 0.9999743613029738, "rho_random/pairwise/additive": 0.9999398156027466, "rho_curated/additive_GE/additive": 0.9999885484235411, "rho_random/additive_GE/additive": 0.999969024986989, "rho_curated/pairwise_GE/additive": 0.9998091013763596, "rho_random/pairwise_GE/additive": 0.9996300077834062, "rho_curated/additive/additive_pairwise": 0.9362904388630304, "rho_random/additive/additive_pairwise": 0.9020287377293366, "rho_curated/pairwise/additive_pairwise": 0.9999694023267723, "rho_random/pairwise/additive_pairwise": 0.999945903007788, "rho_curated/additive_GE/additive_pairwise": 0.9357275856278482, "rho_random/additive_GE/additive_pairwise": 0.9066027107676001, "rho_curated/pairwise_GE/additive_pairwise": 0.999566425462605, "rho_random/pairwise_GE/additive_pairwise": 0.9994138764936968, "rho_curated/additive/nonlin_additive": 0.9962140677922902, "rho_random/additive/nonlin_additive": 0.9969663052282257, "rho_curated/pairwise/nonlin_additive": 0.9992097034163312, "rho_random/pairwise/nonlin_additive": 0.9964243527253686, "rho_curated/additive_GE/nonlin_additive": 0.9999821218232839, "rho_random/additive_GE/nonlin_additive": 0.9999788152394562, "rho_curated/pairwise_GE/nonlin_additive": 0.9995890553515129, "rho_random/pairwise_GE/nonlin_additive": 0.99964162577125, "rho_curated/additive/nonlin_additive_pairwise": NaN, "rho_random/additive/nonlin_additive_pairwise": NaN, "rho_curated/pairwise/nonlin_additive_pairwise": NaN, "rho_random/pairwise/nonlin_additive_pairwise": NaN, "rho_curated/additive_GE/nonlin_additive_pairwise": NaN, "rho_random/additive_GE/nonlin_additive_pairwise": NaN, "rho_curated/pairwise_GE/nonlin_additive_pairwise": NaN, "rho_random/pairwise_GE/nonlin_additive_pairwise": NaN, "rho_curated_mean": 0.988859934125207, "rho_random_mean": 0.9833780254176866, "_wandb": {"runtime": 530}}