{"potts/n_edges": 97, "potts/edge_density": 0.9238095238095239, "potts/J_mean_abs": 3.6560251712799072, "potts/J_std": 3.0042765140533447, "_timestamp": 1773685179.102071, "_runtime": 517.3007180690765, "_step": 21, "gt_scores/additive/std": 0.9354941049529601, "gt_scores/additive/min": -6.730696678161621, "gt_scores/additive/pct5": -5.088986277580261, "gt_scores/additive_pairwise/std": 46.6455912136016, "gt_scores/additive_pairwise/min": -416.3808288574219, "gt_scores/additive_pairwise/pct5": -361.3648086547852, "gt_scores/nonlin_additive/std": 0.12695859792178035, "gt_scores/nonlin_additive/min": -0.8594803927815321, "gt_scores/nonlin_additive/pct5": -0.8373509757801759, "gt_scores/nonlin_additive_pairwise/std": 1.1102230246251565e-16, "gt_scores/nonlin_additive_pairwise/min": -0.8642349522941661, "gt_scores/nonlin_additive_pairwise/pct5": -0.8642349522941661, "rho_curated/additive/additive": 0.999998186823927, "rho_random/additive/additive": 0.9999928743880355, "rho_curated/pairwise/additive": 0.9999790814551561, "rho_random/pairwise/additive": 0.9999533465495393, "rho_curated/additive_GE/additive": 0.9999905617596192, "rho_random/additive_GE/additive": 0.9999773579837432, "rho_curated/pairwise_GE/additive": 0.9997049880521004, "rho_random/pairwise_GE/additive": 0.9994353389667441, "rho_curated/additive/additive_pairwise": 0.9424316594009766, "rho_random/additive/additive_pairwise": 0.9051079945402374, "rho_curated/pairwise/additive_pairwise": 0.9999691053507636, "rho_random/pairwise/additive_pairwise": 0.9999436951982039, "rho_curated/additive_GE/additive_pairwise": 0.9423927940675642, "rho_random/additive_GE/additive_pairwise": 0.8935785799486523, "rho_curated/pairwise_GE/additive_pairwise": 0.9995509691980174, "rho_random/pairwise_GE/additive_pairwise": 0.999327460615422, "rho_curated/additive/nonlin_additive": 0.9953141559784293, "rho_random/additive/nonlin_additive": 0.9941094959744651, "rho_curated/pairwise/nonlin_additive": 0.9990280891927038, "rho_random/pairwise/nonlin_additive": 0.9970363442877085, "rho_curated/additive_GE/nonlin_additive": 0.999987324327487, "rho_random/additive_GE/nonlin_additive": 0.9999857188737061, "rho_curated/pairwise_GE/nonlin_additive": 0.9996025550879305, "rho_random/pairwise_GE/nonlin_additive": 0.9996922624587908, "rho_curated/additive/nonlin_additive_pairwise": NaN, "rho_random/additive/nonlin_additive_pairwise": NaN, "rho_curated/pairwise/nonlin_additive_pairwise": NaN, "rho_random/pairwise/nonlin_additive_pairwise": NaN, "rho_curated/additive_GE/nonlin_additive_pairwise": NaN, "rho_random/additive_GE/nonlin_additive_pairwise": NaN, "rho_curated/pairwise_GE/nonlin_additive_pairwise": NaN, "rho_random/pairwise_GE/nonlin_additive_pairwise": NaN, "rho_curated_mean": 0.9898291225578896, "rho_random_mean": 0.9823450391487708, "_wandb": {"runtime": 516}}