{"potts/n_edges": 90, "potts/edge_density": 0.8571428571428571, "potts/J_mean_abs": 4.08112907409668, "potts/J_std": 3.1749539375305176, "_timestamp": 1773605706.0043626, "_runtime": 526.4149005413055, "_step": 21, "gt_scores/additive/std": 0.9557475539592777, "gt_scores/additive/min": -7.033940315246582, "gt_scores/additive/pct5": -5.159853672981262, "gt_scores/additive_pairwise/std": 52.20322087543787, "gt_scores/additive_pairwise/min": -454.41473388671875, "gt_scores/additive_pairwise/pct5": -388.3669204711914, "gt_scores/nonlin_additive/std": 0.1307311439252841, "gt_scores/nonlin_additive/min": -0.8613129322410867, "gt_scores/nonlin_additive/pct5": -0.8371371284084792, "gt_scores/nonlin_additive_pairwise/std": 1.1102230246251565e-16, "gt_scores/nonlin_additive_pairwise/min": -0.8653877661321029, "gt_scores/nonlin_additive_pairwise/pct5": -0.8653877661321029, "rho_curated/additive/additive": 0.9999984609999383, "rho_random/additive/additive": 0.9999942427849505, "rho_curated/pairwise/additive": 0.9999743080469687, "rho_random/pairwise/additive": 0.9999449255691789, "rho_curated/additive_GE/additive": 0.9999757497030272, "rho_random/additive_GE/additive": 0.9999492262607691, "rho_curated/pairwise_GE/additive": 0.999734723357357, "rho_random/pairwise_GE/additive": 0.9995334938922859, "rho_curated/additive/additive_pairwise": 0.9473531787328635, "rho_random/additive/additive_pairwise": 0.918683383901866, "rho_curated/pairwise/additive_pairwise": 0.999969993518797, "rho_random/pairwise/additive_pairwise": 0.999956385511147, "rho_curated/additive_GE/additive_pairwise": 0.9476191735022528, "rho_random/additive_GE/additive_pairwise": 0.915698400372784, "rho_curated/pairwise_GE/additive_pairwise": 0.9995310390452078, "rho_random/pairwise_GE/additive_pairwise": 0.9994394897877132, "rho_curated/additive/nonlin_additive": 0.9961271612446218, "rho_random/additive/nonlin_additive": 0.9969578985014156, "rho_curated/pairwise/nonlin_additive": 0.9990124659363802, "rho_random/pairwise/nonlin_additive": 0.9971547259610944, "rho_curated/additive_GE/nonlin_additive": 0.9999904303356165, "rho_random/additive_GE/nonlin_additive": 0.9999887493757008, "rho_curated/pairwise_GE/nonlin_additive": 0.9995583798222929, "rho_random/pairwise_GE/nonlin_additive": 0.9996292594796049, "rho_curated/additive/nonlin_additive_pairwise": NaN, "rho_random/additive/nonlin_additive_pairwise": NaN, "rho_curated/pairwise/nonlin_additive_pairwise": NaN, "rho_random/pairwise/nonlin_additive_pairwise": NaN, "rho_curated/additive_GE/nonlin_additive_pairwise": NaN, "rho_random/additive_GE/nonlin_additive_pairwise": NaN, "rho_curated/pairwise_GE/nonlin_additive_pairwise": NaN, "rho_random/pairwise_GE/nonlin_additive_pairwise": NaN, "rho_curated_mean": 0.9907370886871103, "rho_random_mean": 0.9855775151165425, "_wandb": {"runtime": 526}}