{"potts/n_edges": 169, "potts/edge_density": 0.8894736842105263, "potts/J_mean_abs": 3.5105857849121094, "potts/J_std": 2.849128484725952, "_timestamp": 1773601745.7208612, "_runtime": 502.233980178833, "_step": 21, "gt_scores/additive/std": 1.426379881017352, "gt_scores/additive/min": -10.008467674255371, "gt_scores/additive/pct5": -7.166622185707093, "gt_scores/additive_pairwise/std": 89.46899882161549, "gt_scores/additive_pairwise/min": -608.84033203125, "gt_scores/additive_pairwise/pct5": -441.195849609375, "gt_scores/nonlin_additive/std": 0.13946177757028871, "gt_scores/nonlin_additive/min": -0.8313426784103302, "gt_scores/nonlin_additive/pct5": -0.8034810610065, "gt_scores/nonlin_additive_pairwise/std": 1.570092458683775e-18, "gt_scores/nonlin_additive_pairwise/min": -0.8358896588447285, "gt_scores/nonlin_additive_pairwise/pct5": -0.8358896588447285, "rho_curated/additive/additive": 0.9999976307919053, "rho_random/additive/additive": 0.9999914455963442, "rho_curated/pairwise/additive": 0.9999459157098366, "rho_random/pairwise/additive": 0.9998851610772889, "rho_curated/additive_GE/additive": 0.9999813840872549, "rho_random/additive_GE/additive": 0.9999533597343135, "rho_curated/pairwise_GE/additive": 0.9989121209724064, "rho_random/pairwise_GE/additive": 0.9981242727584935, "rho_curated/additive/additive_pairwise": 0.9829631040301152, "rho_random/additive/additive_pairwise": 0.9727500946958026, "rho_curated/pairwise/additive_pairwise": 0.9999379324455171, "rho_random/pairwise/additive_pairwise": 0.9998763426401731, "rho_curated/additive_GE/additive_pairwise": 0.9828881701955267, "rho_random/additive_GE/additive_pairwise": 0.9719916349214943, "rho_curated/pairwise_GE/additive_pairwise": 0.9920724888821385, "rho_random/pairwise_GE/additive_pairwise": 0.9871918364263086, "rho_curated/additive/nonlin_additive": 0.9966444551774563, "rho_random/additive/nonlin_additive": 0.9960082555181525, "rho_curated/pairwise/nonlin_additive": 0.9984733397307872, "rho_random/pairwise/nonlin_additive": 0.9965304079618535, "rho_curated/additive_GE/nonlin_additive": 0.9999920624076815, "rho_random/additive_GE/nonlin_additive": 0.9999890517323989, "rho_curated/pairwise_GE/nonlin_additive": 0.9982726529466989, "rho_random/pairwise_GE/nonlin_additive": 0.9983029912979003, "rho_curated/additive/nonlin_additive_pairwise": NaN, "rho_random/additive/nonlin_additive_pairwise": NaN, "rho_curated/pairwise/nonlin_additive_pairwise": NaN, "rho_random/pairwise/nonlin_additive_pairwise": NaN, "rho_curated/additive_GE/nonlin_additive_pairwise": NaN, "rho_random/additive_GE/nonlin_additive_pairwise": NaN, "rho_curated/pairwise_GE/nonlin_additive_pairwise": NaN, "rho_random/pairwise_GE/nonlin_additive_pairwise": NaN, "rho_curated_mean": 0.9958401047814437, "rho_random_mean": 0.9933829045300437, "_wandb": {"runtime": 501}}