{"potts/n_edges": 354, "potts/edge_density": 0.8137931034482758, "potts/J_mean_abs": 4.402087688446045, "potts/J_std": 3.910952091217041, "_timestamp": 1773583628.902905, "_runtime": 380.8212900161743, "_step": 21, "gt_scores/additive/std": 1.1925536417782636, "gt_scores/additive/min": -9.211626052856445, "gt_scores/additive/pct5": -6.01135892868042, "gt_scores/additive_pairwise/std": 132.862197763262, "gt_scores/additive_pairwise/min": -899.865478515625, "gt_scores/additive_pairwise/pct5": -562.4765899658203, "gt_scores/nonlin_additive/std": 0.1394448448352391, "gt_scores/nonlin_additive/min": -0.8371870805299297, "gt_scores/nonlin_additive/pct5": -0.8067663836145071, "gt_scores/nonlin_additive_pairwise/std": 1.8799772738480364e-13, "gt_scores/nonlin_additive_pairwise/min": -0.8394933305681229, "gt_scores/nonlin_additive_pairwise/pct5": -0.8394933305681229, "rho_curated/additive/additive": 0.9999978899199153, "rho_random/additive/additive": 0.9999939296923479, "rho_curated/pairwise/additive": 0.9992237745929508, "rho_random/pairwise/additive": 0.9986786681091617, "rho_curated/additive_GE/additive": 0.999976010751039, "rho_random/additive_GE/additive": 0.9999466662242492, "rho_curated/pairwise_GE/additive": 0.9739325494347996, "rho_random/pairwise_GE/additive": 0.9535759048657014, "rho_curated/additive/additive_pairwise": 0.9816286430411456, "rho_random/additive/additive_pairwise": 0.9675636768869059, "rho_curated/pairwise/additive_pairwise": 0.9914870156274804, "rho_random/pairwise/additive_pairwise": 0.9856965766004413, "rho_curated/additive_GE/additive_pairwise": 0.9821523637660943, "rho_random/additive_GE/additive_pairwise": 0.9716517390677357, "rho_curated/pairwise_GE/additive_pairwise": 0.9534021097909661, "rho_random/pairwise_GE/additive_pairwise": 0.9413832740984516, "rho_curated/additive/nonlin_additive": 0.9968533192900572, "rho_random/additive/nonlin_additive": 0.9969711519981022, "rho_curated/pairwise/nonlin_additive": 0.9885728297183646, "rho_random/pairwise/nonlin_additive": 0.9802327870472803, "rho_curated/additive_GE/nonlin_additive": 0.9999837635193504, "rho_random/additive_GE/nonlin_additive": 0.9999776801718917, "rho_curated/pairwise_GE/nonlin_additive": 0.9808748697545357, "rho_random/pairwise_GE/nonlin_additive": 0.975646072306194, "rho_curated/additive/nonlin_additive_pairwise": NaN, "rho_random/additive/nonlin_additive_pairwise": NaN, "rho_curated/pairwise/nonlin_additive_pairwise": NaN, "rho_random/pairwise/nonlin_additive_pairwise": NaN, "rho_curated/additive_GE/nonlin_additive_pairwise": NaN, "rho_random/additive_GE/nonlin_additive_pairwise": NaN, "rho_curated/pairwise_GE/nonlin_additive_pairwise": NaN, "rho_random/pairwise_GE/nonlin_additive_pairwise": NaN, "rho_curated_mean": 0.9873404282672249, "rho_random_mean": 0.9809431772557052, "_wandb": {"runtime": 380}}