{"potts/n_edges": 277, "potts/edge_density": 0.9233333333333333, "potts/J_mean_abs": 2.486495018005371, "potts/J_std": 1.9344669580459595, "_timestamp": 1773501342.5966568, "_runtime": 419.2905979156494, "_step": 21, "gt_scores/additive/std": 1.1692382790629163, "gt_scores/additive/min": -8.865388870239258, "gt_scores/additive/pct5": -6.260699653625488, "gt_scores/additive_pairwise/std": 68.44836374655131, "gt_scores/additive_pairwise/min": -507.7965087890625, "gt_scores/additive_pairwise/pct5": -306.1722686767578, "gt_scores/nonlin_additive/std": 0.1299774051589443, "gt_scores/nonlin_additive/min": -0.8570875160669313, "gt_scores/nonlin_additive/pct5": -0.8319475404672109, "gt_scores/nonlin_additive_pairwise/std": 5.8650476852368324e-12, "gt_scores/nonlin_additive_pairwise/min": -0.8602126915025169, "gt_scores/nonlin_additive_pairwise/pct5": -0.8602126915025169, "rho_curated/additive/additive": 0.9999978685119145, "rho_random/additive/additive": 0.9999917167402268, "rho_curated/pairwise/additive": 0.9997314080212433, "rho_random/pairwise/additive": 0.9995048376047895, "rho_curated/additive_GE/additive": 0.9999403452856124, "rho_random/additive_GE/additive": 0.9998884729138634, "rho_curated/pairwise_GE/additive": 0.9861647490619257, "rho_random/pairwise_GE/additive": 0.9771871861038056, "rho_curated/additive/additive_pairwise": 0.9823732978869317, "rho_random/additive/additive_pairwise": 0.9685980490258466, "rho_curated/pairwise/additive_pairwise": 0.9994865403314368, "rho_random/pairwise/additive_pairwise": 0.9990179050899607, "rho_curated/additive_GE/additive_pairwise": 0.9826024983996824, "rho_random/additive_GE/additive_pairwise": 0.9744159092008609, "rho_curated/pairwise_GE/additive_pairwise": 0.976603703608148, "rho_random/pairwise_GE/additive_pairwise": 0.9622587169328044, "rho_curated/additive/nonlin_additive": 0.9956002605435879, "rho_random/additive/nonlin_additive": 0.9958609471194642, "rho_curated/pairwise/nonlin_additive": 0.9936650412982975, "rho_random/pairwise/nonlin_additive": 0.9836682627847432, "rho_curated/additive_GE/nonlin_additive": 0.9999822638312883, "rho_random/additive_GE/nonlin_additive": 0.9999753401335381, "rho_curated/pairwise_GE/nonlin_additive": 0.9898619723455054, "rho_random/pairwise_GE/nonlin_additive": 0.9888864995160234, "rho_curated/additive/nonlin_additive_pairwise": NaN, "rho_random/additive/nonlin_additive_pairwise": NaN, "rho_curated/pairwise/nonlin_additive_pairwise": NaN, "rho_random/pairwise/nonlin_additive_pairwise": NaN, "rho_curated/additive_GE/nonlin_additive_pairwise": NaN, "rho_random/additive_GE/nonlin_additive_pairwise": NaN, "rho_curated/pairwise_GE/nonlin_additive_pairwise": NaN, "rho_random/pairwise_GE/nonlin_additive_pairwise": NaN, "rho_curated_mean": 0.9921674957604645, "rho_random_mean": 0.9874378202638273, "_wandb": {"runtime": 418}}