{"potts/n_edges": 192, "potts/edge_density": 0.64, "potts/J_mean_abs": 1.3530148267745972, "potts/J_std": 1.0928046703338623, "_timestamp": 1773430878.2765214, "_runtime": 549.6668684482574, "_step": 21, "gt_scores/additive/std": 1.1398200883094438, "gt_scores/additive/min": -9.020009994506836, "gt_scores/additive/pct5": -6.03385751247406, "gt_scores/additive_pairwise/std": 25.797437363757123, "gt_scores/additive_pairwise/min": -174.44525146484375, "gt_scores/additive_pairwise/pct5": -114.32226371765137, "gt_scores/nonlin_additive/std": 0.13291535666614748, "gt_scores/nonlin_additive/min": -0.8512857583768847, "gt_scores/nonlin_additive/pct5": -0.8249976913530378, "gt_scores/nonlin_additive_pairwise/std": 0.00027292434203918757, "gt_scores/nonlin_additive_pairwise/min": -0.853410595172368, "gt_scores/nonlin_additive_pairwise/pct5": -0.853410595172368, "rho_curated/additive/additive": 0.9999963637838541, "rho_random/additive/additive": 0.9999881551824386, "rho_curated/pairwise/additive": 0.999753237942106, "rho_random/pairwise/additive": 0.999589417054206, "rho_curated/additive_GE/additive": 0.9999660924866413, "rho_random/additive_GE/additive": 0.999928407928408, "rho_curated/pairwise_GE/additive": 0.9827475982766617, "rho_random/pairwise_GE/additive": 0.973117237321069, "rho_curated/additive/additive_pairwise": 0.9735507098748544, "rho_random/additive/additive_pairwise": 0.9550567522431995, "rho_curated/pairwise/additive_pairwise": 0.9991108110283684, "rho_random/pairwise/additive_pairwise": 0.9984785205044393, "rho_curated/additive_GE/additive_pairwise": 0.9735777122045718, "rho_random/additive_GE/additive_pairwise": 0.9570666168238718, "rho_curated/pairwise_GE/additive_pairwise": 0.9820952586429507, "rho_random/pairwise_GE/additive_pairwise": 0.9731717859296818, "rho_curated/additive/nonlin_additive": 0.9964222340088035, "rho_random/additive/nonlin_additive": 0.9972024523689251, "rho_curated/pairwise/nonlin_additive": 0.9943942695436363, "rho_random/pairwise/nonlin_additive": 0.9874812662938119, "rho_curated/additive_GE/nonlin_additive": 0.9999843765033747, "rho_random/additive_GE/nonlin_additive": 0.9999783107112307, "rho_curated/pairwise_GE/nonlin_additive": 0.990732777532866, "rho_random/pairwise_GE/nonlin_additive": 0.9895728617634035, "rho_curated/additive/nonlin_additive_pairwise": NaN, "rho_random/additive/nonlin_additive_pairwise": 0.12071144391376905, "rho_curated/pairwise/nonlin_additive_pairwise": NaN, "rho_random/pairwise/nonlin_additive_pairwise": 0.09588619399238477, "rho_curated/additive_GE/nonlin_additive_pairwise": NaN, "rho_random/additive_GE/nonlin_additive_pairwise": 0.12157128714708637, "rho_curated/pairwise_GE/nonlin_additive_pairwise": NaN, "rho_random/pairwise_GE/nonlin_additive_pairwise": 0.10031399481948393, "rho_curated_mean": 0.991027620152391, "rho_random_mean": 0.7668196689998381, "_wandb": {"runtime": 549}}