{"potts/n_edges": 2279, "potts/edge_density": 0.7212025316455696, "potts/J_mean_abs": 2.570719003677368, "potts/J_std": 2.0293161869049072, "_timestamp": 1773436115.9718359, "_runtime": 561.8776428699493, "_step": 21, "gt_scores/additive/std": 1.497112104825569, "gt_scores/additive/min": -13.01795768737793, "gt_scores/additive/pct5": -6.25950858592987, "gt_scores/additive_pairwise/std": 44.097356081791595, "gt_scores/additive_pairwise/min": -308.7194519042969, "gt_scores/additive_pairwise/pct5": -154.7040237426758, "gt_scores/nonlin_additive/std": 0.16254647909860126, "gt_scores/nonlin_additive/min": -0.7687478410583604, "gt_scores/nonlin_additive/pct5": -0.7208141282310386, "gt_scores/nonlin_additive_pairwise/std": 0.04043366949488118, "gt_scores/nonlin_additive_pairwise/min": -0.7693056228832517, "gt_scores/nonlin_additive_pairwise/pct5": -0.7693056228832517, "rho_curated/additive/additive": 0.9999957931838312, "rho_random/additive/additive": 0.9999896557039109, "rho_curated/pairwise/additive": 0.999292801667712, "rho_random/pairwise/additive": 0.9994034300965706, "rho_curated/additive_GE/additive": 0.9999564028702551, "rho_random/additive_GE/additive": 0.9999177241303083, "rho_curated/pairwise_GE/additive": 0.9962509333299474, "rho_random/pairwise_GE/additive": 0.9944056931662576, "rho_curated/additive/additive_pairwise": 0.9600705823439484, "rho_random/additive/additive_pairwise": 0.9428500014613942, "rho_curated/pairwise/additive_pairwise": 0.9528254141998844, "rho_random/pairwise/additive_pairwise": 0.9395465545347, "rho_curated/additive_GE/additive_pairwise": 0.9629374912037209, "rho_random/additive_GE/additive_pairwise": 0.9484797425082039, "rho_curated/pairwise_GE/additive_pairwise": 0.9510474677515492, "rho_random/pairwise_GE/additive_pairwise": 0.9372400605529438, "rho_curated/additive/nonlin_additive": 0.9954653323461781, "rho_random/additive/nonlin_additive": 0.9945109024243686, "rho_curated/pairwise/nonlin_additive": 0.9943661083259685, "rho_random/pairwise/nonlin_additive": 0.9923634683634686, "rho_curated/additive_GE/nonlin_additive": 0.9999600879503997, "rho_random/additive_GE/nonlin_additive": 0.9999431353600992, "rho_curated/pairwise_GE/nonlin_additive": 0.9960091864319844, "rho_random/pairwise_GE/nonlin_additive": 0.9957317311233728, "rho_curated/additive/nonlin_additive_pairwise": 0.10495829430544165, "rho_random/additive/nonlin_additive_pairwise": 0.5204794679157967, "rho_curated/pairwise/nonlin_additive_pairwise": 0.06101200892892806, "rho_random/pairwise/nonlin_additive_pairwise": 0.5031703884516309, "rho_curated/additive_GE/nonlin_additive_pairwise": 0.13821860063533004, "rho_random/additive_GE/nonlin_additive_pairwise": 0.5035470455903066, "rho_curated/pairwise_GE/nonlin_additive_pairwise": 0.09013246687092392, "rho_random/pairwise_GE/nonlin_additive_pairwise": 0.5440685039513069, "rho_curated_mean": 0.7626561857716252, "rho_random_mean": 0.863477969083415, "_wandb": {"runtime": 561}}