{"potts/n_edges": 157, "potts/edge_density": 0.8263157894736842, "potts/J_mean_abs": 2.361311197280884, "potts/J_std": 1.8999838829040527, "_timestamp": 1773579740.5144792, "_runtime": 586.5327432155609, "_step": 21, "gt_scores/additive/std": 1.0887752723320927, "gt_scores/additive/min": -7.641550540924072, "gt_scores/additive/pct5": -4.537456130981445, "gt_scores/additive_pairwise/std": 34.24823130444407, "gt_scores/additive_pairwise/min": -227.1138916015625, "gt_scores/additive_pairwise/pct5": -124.37101821899414, "gt_scores/nonlin_additive/std": 0.1643405783567728, "gt_scores/nonlin_additive/min": -0.7673148850770545, "gt_scores/nonlin_additive/pct5": -0.7209217462355877, "gt_scores/nonlin_additive_pairwise/std": 0.03127114091597536, "gt_scores/nonlin_additive_pairwise/min": -0.770308034964665, "gt_scores/nonlin_additive_pairwise/pct5": -0.770308034964665, "rho_curated/additive/additive": 0.9999974781518988, "rho_random/additive/additive": 0.999992734440551, "rho_curated/pairwise/additive": 0.9999322377492781, "rho_random/pairwise/additive": 0.999874443431969, "rho_curated/additive_GE/additive": 0.9999703232548081, "rho_random/additive_GE/additive": 0.9999410793067164, "rho_curated/pairwise_GE/additive": 0.9930143857675695, "rho_random/pairwise_GE/additive": 0.9907637365436921, "rho_curated/additive/additive_pairwise": 0.9756158027748765, "rho_random/additive/additive_pairwise": 0.9580591562131754, "rho_curated/pairwise/additive_pairwise": 0.9999191318527574, "rho_random/pairwise/additive_pairwise": 0.9998452893777267, "rho_curated/additive_GE/additive_pairwise": 0.9760732158160573, "rho_random/additive_GE/additive_pairwise": 0.9584289908345249, "rho_curated/pairwise_GE/additive_pairwise": 0.9953722423185565, "rho_random/pairwise_GE/additive_pairwise": 0.9953927386012695, "rho_curated/additive/nonlin_additive": 0.9979548306528189, "rho_random/additive/nonlin_additive": 0.9974078251764378, "rho_curated/pairwise/nonlin_additive": 0.9988543881294056, "rho_random/pairwise/nonlin_additive": 0.9974255290907997, "rho_curated/additive_GE/nonlin_additive": 0.9999942579997664, "rho_random/additive_GE/nonlin_additive": 0.9999903544251045, "rho_curated/pairwise_GE/nonlin_additive": 0.9976022689104795, "rho_random/pairwise_GE/nonlin_additive": 0.9965601227733417, "rho_curated/additive/nonlin_additive_pairwise": 0.2519849708330471, "rho_random/additive/nonlin_additive_pairwise": 0.46100995071224526, "rho_curated/pairwise/nonlin_additive_pairwise": 0.20699225174303884, "rho_random/pairwise/nonlin_additive_pairwise": 0.4129969747781386, "rho_curated/additive_GE/nonlin_additive_pairwise": 0.19217245680860126, "rho_random/additive_GE/nonlin_additive_pairwise": 0.4678537781995285, "rho_curated/pairwise_GE/nonlin_additive_pairwise": 0.2876898937565906, "rho_random/pairwise_GE/nonlin_additive_pairwise": 0.4535517957860017, "rho_curated_mean": 0.8045712585324719, "rho_random_mean": 0.8555684062307014, "_wandb": {"runtime": 586}}