{"potts/n_edges": 72, "potts/edge_density": 0.6857142857142857, "potts/J_mean_abs": 1.2035611867904663, "potts/J_std": 0.9584805965423584, "_timestamp": 1773372516.872827, "_runtime": 521.5138919353485, "_step": 21, "gt_scores/additive/std": 0.9557475539592777, "gt_scores/additive/min": -7.033940315246582, "gt_scores/additive/pct5": -5.159853672981262, "gt_scores/additive_pairwise/std": 12.011510939964632, "gt_scores/additive_pairwise/min": -102.48168182373047, "gt_scores/additive_pairwise/pct5": -85.37740592956543, "gt_scores/nonlin_additive/std": 0.1307311439252841, "gt_scores/nonlin_additive/min": -0.8613129322410867, "gt_scores/nonlin_additive/pct5": -0.8371371284084792, "gt_scores/nonlin_additive_pairwise/std": 2.194050966051968e-12, "gt_scores/nonlin_additive_pairwise/min": -0.8653877661321029, "gt_scores/nonlin_additive_pairwise/pct5": -0.8653877661321029, "rho_curated/additive/additive": 0.9999984098319363, "rho_random/additive/additive": 0.9999942529741614, "rho_curated/pairwise/additive": 0.9999755239350199, "rho_random/pairwise/additive": 0.9999434494177348, "rho_curated/additive_GE/additive": 0.9999732869669284, "rho_random/additive_GE/additive": 0.9999386508617298, "rho_curated/pairwise_GE/additive": 0.999814420280559, "rho_random/pairwise_GE/additive": 0.999692943820425, "rho_curated/additive/additive_pairwise": 0.9210789715913708, "rho_random/additive/additive_pairwise": 0.8793345925216818, "rho_curated/pairwise/additive_pairwise": 0.9999684886707352, "rho_random/pairwise/additive_pairwise": 0.999938904954054, "rho_curated/additive_GE/additive_pairwise": 0.9205913428358422, "rho_random/additive_GE/additive_pairwise": 0.8784359375612419, "rho_curated/pairwise_GE/additive_pairwise": 0.9996066711842481, "rho_random/pairwise_GE/additive_pairwise": 0.9993639495044084, "rho_curated/additive/nonlin_additive": 0.99570672898796, "rho_random/additive/nonlin_additive": 0.9965544512144232, "rho_curated/pairwise/nonlin_additive": 0.9990742341868806, "rho_random/pairwise/nonlin_additive": 0.9975013760205486, "rho_curated/additive_GE/nonlin_additive": 0.9999872626954895, "rho_random/additive_GE/nonlin_additive": 0.999986403720306, "rho_curated/pairwise_GE/nonlin_additive": 0.999610309176403, "rho_random/pairwise_GE/nonlin_additive": 0.9996634282902721, "rho_curated/additive/nonlin_additive_pairwise": NaN, "rho_random/additive/nonlin_additive_pairwise": NaN, "rho_curated/pairwise/nonlin_additive_pairwise": NaN, "rho_random/pairwise/nonlin_additive_pairwise": NaN, "rho_curated/additive_GE/nonlin_additive_pairwise": NaN, "rho_random/additive_GE/nonlin_additive_pairwise": NaN, "rho_curated/pairwise_GE/nonlin_additive_pairwise": NaN, "rho_random/pairwise_GE/nonlin_additive_pairwise": NaN, "rho_curated_mean": 0.9862821375286143, "rho_random_mean": 0.979195695071749, "_wandb": {"runtime": 521}}