{"potts/n_edges": 219, "potts/edge_density": 0.73, "potts/J_mean_abs": 3.2084028720855713, "potts/J_std": 2.5670902729034424, "_timestamp": 1773488460.3932316, "_runtime": 447.2608106136322, "_step": 17, "gt_scores/additive/std": 1.1692382790629163, "gt_scores/additive/min": -8.865388870239258, "gt_scores/additive/pct5": -6.260699653625488, "gt_scores/additive_pairwise/std": 78.37272998826438, "gt_scores/additive_pairwise/min": -529.195068359375, "gt_scores/additive_pairwise/pct5": -346.01924591064454, "gt_scores/nonlin_additive/std": 0.1299774051589443, "gt_scores/nonlin_additive/min": -0.8570875160669313, "gt_scores/nonlin_additive/pct5": -0.8319475404672109, "gt_scores/nonlin_additive_pairwise/std": 6.010234125931216e-06, "gt_scores/nonlin_additive_pairwise/min": -0.8602126915025169, "gt_scores/nonlin_additive_pairwise/pct5": -0.8602126915025169, "rho_curated/additive/additive": 0.9999980638719225, "rho_random/additive/additive": 0.999993278142654, "rho_curated/pairwise/additive": 0.9997442585817702, "rho_random/pairwise/additive": 0.9995825727744289, "rho_curated/additive_GE/additive": 0.999982417791295, "rho_random/additive_GE/additive": 0.9999610630080157, "rho_curated/pairwise_GE/additive": 0.9895154175883651, "rho_random/pairwise_GE/additive": 0.9803229523181461, "rho_curated/additive/additive_pairwise": 0.9812342331186671, "rho_random/additive/additive_pairwise": 0.9665134664236524, "rho_curated/pairwise/additive_pairwise": 0.9994315968892366, "rho_random/pairwise/additive_pairwise": 0.9989812383687477, "rho_curated/additive_GE/additive_pairwise": 0.9815241047960772, "rho_random/additive_GE/additive_pairwise": 0.9699195277939172, "rho_curated/pairwise_GE/additive_pairwise": 0.9784763014249855, "rho_random/pairwise_GE/additive_pairwise": 0.9677175768421643, "rho_curated/additive/nonlin_additive": 0.9954981446674935, "rho_random/additive/nonlin_additive": 0.9961823457181214, "rho_curated/pairwise/nonlin_additive": 0.9939150164998705, "rho_random/pairwise/nonlin_additive": 0.9841031387372915, "rho_curated/additive_GE/nonlin_additive": 0.9999856406074241, "rho_random/additive_GE/nonlin_additive": 0.9999825182113511, "rho_curated/pairwise_GE/nonlin_additive": 0.9897070930912956, "rho_random/pairwise_GE/nonlin_additive": 0.9890390980474023, "rho_curated/additive/nonlin_additive_pairwise": NaN, "rho_random/additive/nonlin_additive_pairwise": NaN, "_wandb": {"runtime": 447}}