{"potts/n_edges": 193, "potts/edge_density": 0.6433333333333333, "potts/J_mean_abs": 3.795914649963379, "potts/J_std": 3.05267071723938, "_timestamp": 1773711542.0772123, "_runtime": 152.21872735023499, "_step": 8, "gt_scores/additive/std": 1.1398200883094438, "gt_scores/additive/min": -9.020009994506836, "gt_scores/additive/pct5": -6.03385751247406, "gt_scores/additive_pairwise/std": 84.64106090231468, "gt_scores/additive_pairwise/min": -552.9276123046875, "gt_scores/additive_pairwise/pct5": -373.6764373779297, "gt_scores/nonlin_additive/std": 0.13291535666614748, "gt_scores/nonlin_additive/min": -0.8512857583768847, "gt_scores/nonlin_additive/pct5": -0.8249976913530378, "gt_scores/nonlin_additive_pairwise/std": 8.346087197963497e-10, "gt_scores/nonlin_additive_pairwise/min": -0.853410595172368, "gt_scores/nonlin_additive_pairwise/pct5": -0.853410595172368, "rho_curated/additive/additive": 0.999997651095906, "rho_random/additive/additive": 0.9999920677854672, "rho_curated/pairwise/additive": 0.999765954438627, "rho_random/pairwise/additive": 0.9995780712701218, "rho_curated/additive_GE/additive": 0.9999720555748802, "rho_random/additive_GE/additive": 0.9999334599954642, "rho_curated/pairwise_GE/additive": 0.9856107994237414, "rho_random/pairwise_GE/additive": 0.977859141481408}