{"potts/n_edges": 96, "potts/edge_density": 0.9142857142857143, "potts/J_mean_abs": 4.009218692779541, "potts/J_std": 3.597461462020874, "_timestamp": 1773374734.0791655, "_runtime": 519.3269083499908, "_step": 21, "gt_scores/additive/std": 0.9557475539592777, "gt_scores/additive/min": -7.033940315246582, "gt_scores/additive/pct5": -5.159853672981262, "gt_scores/additive_pairwise/std": 54.77918304172186, "gt_scores/additive_pairwise/min": -472.93927001953125, "gt_scores/additive_pairwise/pct5": -395.82826843261716, "gt_scores/nonlin_additive/std": 0.1307311439252841, "gt_scores/nonlin_additive/min": -0.8613129322410867, "gt_scores/nonlin_additive/pct5": -0.8371371284084792, "gt_scores/nonlin_additive_pairwise/std": 1.1102230246251565e-16, "gt_scores/nonlin_additive_pairwise/min": -0.8653877661321029, "gt_scores/nonlin_additive_pairwise/pct5": -0.8653877661321029, "rho_curated/additive/additive": 0.9999985502319418, "rho_random/additive/additive": 0.9999954474342503, "rho_curated/pairwise/additive": 0.9999786312391418, "rho_random/pairwise/additive": 0.9999468055741596, "rho_curated/additive_GE/additive": 0.9999801642152034, "rho_random/additive_GE/additive": 0.9999583579612283, "rho_curated/pairwise_GE/additive": 0.9997599737343644, "rho_random/pairwise_GE/additive": 0.9995244951768316, "rho_curated/additive/additive_pairwise": 0.9418001818904198, "rho_random/additive/additive_pairwise": 0.9057290524231113, "rho_curated/pairwise/additive_pairwise": 0.9999656187986229, "rho_random/pairwise/additive_pairwise": 0.9999404291031294, "rho_curated/additive_GE/additive_pairwise": 0.9417951141716139, "rho_random/additive_GE/additive_pairwise": 0.9160749568447109, "rho_curated/pairwise_GE/additive_pairwise": 0.9997040270921325, "rho_random/pairwise_GE/additive_pairwise": 0.9995478649815281, "rho_curated/additive/nonlin_additive": 0.9954877443626436, "rho_random/additive/nonlin_additive": 0.995984100033747, "rho_curated/pairwise/nonlin_additive": 0.999381687279134, "rho_random/pairwise/nonlin_additive": 0.9959953392364185, "rho_curated/additive_GE/nonlin_additive": 0.9999886006715419, "rho_random/additive_GE/nonlin_additive": 0.9999887696197147, "rho_curated/pairwise_GE/nonlin_additive": 0.9993290227810161, "rho_random/pairwise_GE/nonlin_additive": 0.9993251467183115, "rho_curated/additive/nonlin_additive_pairwise": NaN, "rho_random/additive/nonlin_additive_pairwise": NaN, "rho_curated/pairwise/nonlin_additive_pairwise": NaN, "rho_random/pairwise/nonlin_additive_pairwise": NaN, "rho_curated/additive_GE/nonlin_additive_pairwise": NaN, "rho_random/additive_GE/nonlin_additive_pairwise": NaN, "rho_curated/pairwise_GE/nonlin_additive_pairwise": NaN, "rho_random/pairwise_GE/nonlin_additive_pairwise": NaN, "rho_curated_mean": 0.9897641097056479, "rho_random_mean": 0.9843342304255951, "_wandb": {"runtime": 518}}