{"potts/n_edges": 160, "potts/edge_density": 0.8421052631578947, "potts/J_mean_abs": 2.706756830215454, "potts/J_std": 2.1679880619049072, "_timestamp": 1773502556.8719158, "_runtime": 589.1099758148193, "_step": 21, "gt_scores/additive/std": 1.3328169946638528, "gt_scores/additive/min": -8.54687213897705, "gt_scores/additive/pct5": -5.66396427154541, "gt_scores/additive_pairwise/std": 51.44906388909024, "gt_scores/additive_pairwise/min": -371.4382019042969, "gt_scores/additive_pairwise/pct5": -202.25523223876954, "gt_scores/nonlin_additive/std": 0.16085671890946024, "gt_scores/nonlin_additive/min": -0.7713287382205405, "gt_scores/nonlin_additive/pct5": -0.7296449659409056, "gt_scores/nonlin_additive_pairwise/std": 0.009043607085185921, "gt_scores/nonlin_additive_pairwise/min": -0.7770133472475471, "gt_scores/nonlin_additive_pairwise/pct5": -0.7770133472475471, "rho_curated/additive/additive": 0.9999973301438929, "rho_random/additive/additive": 0.9999926420010605, "rho_curated/pairwise/additive": 0.9999411614536434, "rho_random/pairwise/additive": 0.9998816979010913, "rho_curated/additive_GE/additive": 0.9999847078713874, "rho_random/additive_GE/additive": 0.9999655793760428, "rho_curated/pairwise_GE/additive": 0.9915214770844519, "rho_random/pairwise_GE/additive": 0.9845499590378425, "rho_curated/additive/additive_pairwise": 0.9802254837285448, "rho_random/additive/additive_pairwise": 0.9675044247911658, "rho_curated/pairwise/additive_pairwise": 0.9999292599491671, "rho_random/pairwise/additive_pairwise": 0.9998743126727849, "rho_curated/additive_GE/additive_pairwise": NaN, "rho_random/additive_GE/additive_pairwise": NaN, "rho_curated/pairwise_GE/additive_pairwise": 0.9928996021874729, "rho_random/pairwise_GE/additive_pairwise": 0.9913909420207327, "rho_curated/additive/nonlin_additive": 0.9976442482252045, "rho_random/additive/nonlin_additive": 0.9967465588303912, "rho_curated/pairwise/nonlin_additive": 0.998876466594789, "rho_random/pairwise/nonlin_additive": 0.9978884901183112, "rho_curated/additive_GE/nonlin_additive": 0.9999918728316729, "rho_random/additive_GE/nonlin_additive": 0.9999874154739331, "rho_curated/pairwise_GE/nonlin_additive": 0.999367757030528, "rho_random/pairwise_GE/nonlin_additive": 0.9992404661036403, "rho_curated/additive/nonlin_additive_pairwise": NaN, "rho_random/additive/nonlin_additive_pairwise": 0.16126318601987075, "rho_curated/pairwise/nonlin_additive_pairwise": NaN, "rho_random/pairwise/nonlin_additive_pairwise": 0.2180496791112486, "rho_curated/additive_GE/nonlin_additive_pairwise": NaN, "rho_random/additive_GE/nonlin_additive_pairwise": 0.032403519956081574, "rho_curated/pairwise_GE/nonlin_additive_pairwise": NaN, "rho_random/pairwise_GE/nonlin_additive_pairwise": 0.025175878545556335, "rho_curated_mean": 0.9963981242818868, "rho_random_mean": 0.7582609834639836, "_wandb": {"runtime": 588}}