{"potts/n_edges": 178, "potts/edge_density": 0.9368421052631579, "potts/J_mean_abs": 3.4731714725494385, "potts/J_std": 2.8676083087921143, "_timestamp": 1773431935.0249205, "_runtime": 507.5870523452759, "_step": 21, "gt_scores/additive/std": 1.426379881017352, "gt_scores/additive/min": -10.008467674255371, "gt_scores/additive/pct5": -7.166622185707093, "gt_scores/additive_pairwise/std": 80.7513561972593, "gt_scores/additive_pairwise/min": -587.2576293945312, "gt_scores/additive_pairwise/pct5": -398.542578125, "gt_scores/nonlin_additive/std": 0.13946177757028871, "gt_scores/nonlin_additive/min": -0.8313426784103302, "gt_scores/nonlin_additive/pct5": -0.8034810610065, "gt_scores/nonlin_additive_pairwise/std": 1.975144093415757e-14, "gt_scores/nonlin_additive_pairwise/min": -0.8358896588447285, "gt_scores/nonlin_additive_pairwise/pct5": -0.8358896588447285, "rho_curated/additive/additive": 0.9999979617279181, "rho_random/additive/additive": 0.9999940599824716, "rho_curated/pairwise/additive": 0.9999514051340513, "rho_random/pairwise/additive": 0.9999110294021561, "rho_curated/additive_GE/additive": NaN, "rho_random/additive_GE/additive": NaN, "rho_curated/pairwise_GE/additive": 0.9992956008837564, "rho_random/pairwise_GE/additive": 0.9986788239820186, "rho_curated/additive/additive_pairwise": 0.9772670894575924, "rho_random/additive/additive_pairwise": 0.9620539303778598, "rho_curated/pairwise/additive_pairwise": 0.9999406822216246, "rho_random/pairwise/additive_pairwise": 0.999855627855628, "rho_curated/additive_GE/additive_pairwise": 0.9769102389633015, "rho_random/additive_GE/additive_pairwise": 0.9646370835549751, "rho_curated/pairwise_GE/additive_pairwise": 0.9988990420999091, "rho_random/pairwise_GE/additive_pairwise": 0.9981115316763224, "rho_curated/additive/nonlin_additive": 0.9964869837553951, "rho_random/additive/nonlin_additive": 0.9957376841909299, "rho_curated/pairwise/nonlin_additive": 0.9986674360906336, "rho_random/pairwise/nonlin_additive": 0.9965571212635547, "rho_curated/additive_GE/nonlin_additive": NaN, "rho_random/additive_GE/nonlin_additive": NaN, "rho_curated/pairwise_GE/nonlin_additive": 0.9964390001452184, "rho_random/pairwise_GE/nonlin_additive": 0.9963399650601232, "rho_curated/additive/nonlin_additive_pairwise": NaN, "rho_random/additive/nonlin_additive_pairwise": NaN, "rho_curated/pairwise/nonlin_additive_pairwise": NaN, "rho_random/pairwise/nonlin_additive_pairwise": NaN, "rho_curated/additive_GE/nonlin_additive_pairwise": NaN, "rho_random/additive_GE/nonlin_additive_pairwise": NaN, "rho_curated/pairwise_GE/nonlin_additive_pairwise": NaN, "rho_random/pairwise_GE/nonlin_additive_pairwise": NaN, "rho_curated_mean": 0.99438554404794, "rho_random_mean": 0.9911876857346039, "_wandb": {"runtime": 507}}