{"potts/n_edges": 146, "potts/edge_density": 0.7684210526315789, "potts/J_mean_abs": 3.5560302734375, "potts/J_std": 2.864015579223633, "_timestamp": 1773607428.3522549, "_runtime": 568.409661769867, "_step": 21, "gt_scores/additive/std": 1.2097035595556864, "gt_scores/additive/min": -8.994394302368164, "gt_scores/additive/pct5": -6.638693571090698, "gt_scores/additive_pairwise/std": 72.29905118594189, "gt_scores/additive_pairwise/min": -516.27734375, "gt_scores/additive_pairwise/pct5": -356.038801574707, "gt_scores/nonlin_additive/std": 0.12780147869164835, "gt_scores/nonlin_additive/min": -0.8633649983358815, "gt_scores/nonlin_additive/pct5": -0.8409005929909275, "gt_scores/nonlin_additive_pairwise/std": 4.245721469748052e-11, "gt_scores/nonlin_additive_pairwise/min": -0.8672038070001775, "gt_scores/nonlin_additive_pairwise/pct5": -0.8672038070001775, "rho_curated/additive/additive": 0.9999979111599163, "rho_random/additive/additive": 0.9999928901353042, "rho_curated/pairwise/additive": 0.9999427484537031, "rho_random/pairwise/additive": 0.9998727278727279, "rho_curated/additive_GE/additive": 0.9999751064070026, "rho_random/additive_GE/additive": 0.9999444681004076, "rho_curated/pairwise_GE/additive": 0.9993172202526069, "rho_random/pairwise_GE/additive": 0.9986391213356726, "rho_curated/additive/additive_pairwise": 0.9765383445964074, "rho_random/additive/additive_pairwise": 0.9594455291975944, "rho_curated/pairwise/additive_pairwise": 0.9999440810537632, "rho_random/pairwise/additive_pairwise": 0.9998934059444273, "rho_curated/additive_GE/additive_pairwise": 0.9764869819777864, "rho_random/additive_GE/additive_pairwise": 0.9625049911135612, "rho_curated/pairwise_GE/additive_pairwise": 0.999039648865563, "rho_random/pairwise_GE/additive_pairwise": 0.9986317845116109, "rho_curated/additive/nonlin_additive": 0.9966287717049893, "rho_random/additive/nonlin_additive": 0.9967004374775897, "rho_curated/pairwise/nonlin_additive": 0.9981295537330027, "rho_random/pairwise/nonlin_additive": 0.9950532837101778, "rho_curated/additive_GE/nonlin_additive": 0.9999846664713843, "rho_random/additive_GE/nonlin_additive": 0.9999806163055369, "rho_curated/pairwise_GE/nonlin_additive": 0.9984879154594443, "rho_random/pairwise_GE/nonlin_additive": 0.9984376337184424, "rho_curated/additive/nonlin_additive_pairwise": NaN, "rho_random/additive/nonlin_additive_pairwise": NaN, "rho_curated/pairwise/nonlin_additive_pairwise": NaN, "rho_random/pairwise/nonlin_additive_pairwise": NaN, "rho_curated/additive_GE/nonlin_additive_pairwise": NaN, "rho_random/additive_GE/nonlin_additive_pairwise": NaN, "rho_curated/pairwise_GE/nonlin_additive_pairwise": NaN, "rho_random/pairwise_GE/nonlin_additive_pairwise": NaN, "rho_curated_mean": 0.9953727458446308, "rho_random_mean": 0.9924247407852543, "_wandb": {"runtime": 567}}