{"potts/n_edges": 573, "potts/edge_density": 0.698780487804878, "potts/J_mean_abs": 0.8047020435333252, "potts/J_std": 0.7316950559616089, "_timestamp": 1773407766.1835682, "_runtime": 502.71903014183044, "_step": 21, "gt_scores/additive/std": 1.1183819539131576, "gt_scores/additive/min": -7.187188148498535, "gt_scores/additive/pct5": -4.39950704574585, "gt_scores/additive_pairwise/std": 9.670000924686747, "gt_scores/additive_pairwise/min": -69.04894256591797, "gt_scores/additive_pairwise/pct5": -33.602815818786624, "gt_scores/nonlin_additive/std": 0.16911949257224632, "gt_scores/nonlin_additive/min": -0.7441354771887245, "gt_scores/nonlin_additive/pct5": -0.6937834168609607, "gt_scores/nonlin_additive_pairwise/std": 0.09952368770344881, "gt_scores/nonlin_additive_pairwise/min": -0.7489396639171794, "gt_scores/nonlin_additive_pairwise/pct5": -0.7489396639169127, "rho_curated/additive/additive": 0.999996484815859, "rho_random/additive/additive": 0.99998835956578, "rho_curated/pairwise/additive": 0.9989248715248917, "rho_random/pairwise/additive": 0.9989266582217602, "rho_curated/additive_GE/additive": 0.9999651526226029, "rho_random/additive_GE/additive": 0.9999211919455253, "rho_curated/pairwise_GE/additive": 0.9753333254257811, "rho_random/pairwise_GE/additive": 0.9693463486741823, "rho_curated/additive/additive_pairwise": 0.9483191984490469, "rho_random/additive/additive_pairwise": 0.9362188831005808, "rho_curated/pairwise/additive_pairwise": 0.9504016026696832, "rho_random/pairwise/additive_pairwise": 0.9385736613440663, "rho_curated/additive_GE/additive_pairwise": 0.9479910223171444, "rho_random/additive_GE/additive_pairwise": 0.9295919739092947, "rho_curated/pairwise_GE/additive_pairwise": 0.9330620738856633, "rho_random/pairwise_GE/additive_pairwise": 0.9181966747481162, "rho_curated/additive/nonlin_additive": 0.9974289344483551, "rho_random/additive/nonlin_additive": 0.9969837600363368, "rho_curated/pairwise/nonlin_additive": 0.9930627331441785, "rho_random/pairwise/nonlin_additive": 0.990011808388385, "rho_curated/additive_GE/nonlin_additive": 0.9999686907027372, "rho_random/additive_GE/nonlin_additive": 0.9999565214011117, "rho_curated/pairwise_GE/nonlin_additive": 0.9906001751970741, "rho_random/pairwise_GE/nonlin_additive": 0.9882524856736425, "rho_curated/additive/nonlin_additive_pairwise": 0.5065085641916163, "rho_random/additive/nonlin_additive_pairwise": 0.8802676422756367, "rho_curated/pairwise/nonlin_additive_pairwise": 0.4943863280069872, "rho_random/pairwise/nonlin_additive_pairwise": 0.8216840852180497, "rho_curated/additive_GE/nonlin_additive_pairwise": 0.5252992784886781, "rho_random/additive_GE/nonlin_additive_pairwise": 0.8960474396343222, "rho_curated/pairwise_GE/nonlin_additive_pairwise": 0.5718557822275538, "rho_random/pairwise_GE/nonlin_additive_pairwise": 0.9136979410026559, "rho_curated_mean": 0.8645690136323658, "rho_random_mean": 0.9486040896962153, "_wandb": {"runtime": 502}}